/**
 * generated by fontconvert.py
 * name: lexenddeca_9_italic
 * size: 9
 * mode: 2-bit  compressed: true
 * Command used: fontconvert.py lexenddeca_9_italic 9 ../builtinFonts/source/LexicaUltralegible/LexicaUltralegible-Italic.ttf --2bit --compress --pnum --darken-aa
 */
#pragma once
#include "EpdFontData.h"

static const uint8_t lexenddeca_9_italicBitmaps[9496] = {
    0x7D, 0x56, 0x3D, 0x8C, 0x24, 0x47, 0x15, 0xFE, 0xBA, 0x8B, 0xBB, 0x0E, 0xEA, 0x76, 0xCB, 0xC1,
    0x19, 0x2C, 0x60, 0xA7, 0x63, 0xE4, 0xF9, 0x59, 0x90, 0x25, 0x5A, 0xA2, 0x77, 0xA6, 0xC1, 0x21,
    0x12, 0xBA, 0xC0, 0x4B, 0xCA, 0xC5, 0x24, 0x77, 0xC1, 0x08, 0x0D, 0x66, 0xB8, 0x6D, 0x89, 0xC0,
    0x29, 0x01, 0x12, 0x81, 0x25, 0xB4, 0xC1, 0x05, 0x68, 0x1D, 0xCC, 0x08, 0x75, 0xB0, 0x16, 0x73,
    0x37, 0xE5, 0x73, 0x70, 0x01, 0x81, 0xFB, 0x20, 0xB8, 0xC0, 0x12, 0xB4, 0x7D, 0x08, 0xCC, 0x6D,
    0x70, 0x85, 0x68, 0xC9, 0xC3, 0x32, 0x3B, 0xCD, 0xF7, 0xBA, 0x67, 0x67, 0xD7, 0x7B, 0x88, 0x99,
    0xEA, 0xD9, 0xD9, 0x9A, 0xAA, 0x57, 0xEF, 0xBD, 0xEF, 0x7B, 0xDF, 0x2B, 0x65, 0x95, 0x0D, 0x52,
    0x9D, 0x68, 0x18, 0x6C, 0xE3, 0x06, 0xDF, 0x40, 0x84, 0x19, 0x46, 0xF8, 0x89, 0xFD, 0x16, 0xDF,
    0xDF, 0xB4, 0x70, 0x05, 0x8A, 0x02, 0x9F, 0xE4, 0xBD, 0x6A, 0xF5, 0xB5, 0x93, 0xCF, 0xFC, 0x0F,
    0x2D, 0x87, 0xFA, 0xD0, 0x1E, 0x54, 0xCB, 0xAF, 0x7C, 0xFC, 0x2B, 0xF5, 0x4E, 0x12, 0x7C, 0x1F,
    0x5A, 0x03, 0x81, 0x0C, 0xAF, 0x4A, 0xF5, 0x0B, 0x67, 0x6E, 0xDC, 0x6F, 0xDD, 0x80, 0x79, 0x0D,
    0x7A, 0x29, 0x33, 0xF8, 0xB6, 0xC3, 0x5D, 0x77, 0xF3, 0xD0, 0xED, 0x3D, 0x71, 0x61, 0x95, 0x07,
    0x2B, 0x78, 0x16, 0x5E, 0x02, 0x5D, 0x7A, 0x05, 0xFA, 0x33, 0x65, 0x31, 0xDC, 0xA2, 0x81, 0xE9,
    0x56, 0x0B, 0xF8, 0xE9, 0x38, 0x06, 0x7A, 0x6E, 0x0A, 0x78, 0xDF, 0xFD, 0xE3, 0x19, 0xA0, 0xFE,
    0x30, 0x01, 0xCC, 0xB6, 0x4A, 0xB1, 0xF3, 0x75, 0x7E, 0xC4, 0x3B, 0x41, 0x02, 0x67, 0x26, 0xF0,
    0x72, 0xB5, 0x00, 0x0E, 0x2C, 0x4E, 0x9D, 0x9F, 0x4F, 0x7D, 0xEB, 0xBC, 0xBF, 0x5B, 0x6F, 0x05,
    0xB3, 0xDC, 0xD9, 0x0B, 0xE3, 0xCC, 0x94, 0x4E, 0xB9, 0x69, 0xE0, 0xEE, 0xCD, 0x17, 0xE1, 0x62,
    0x6F, 0xB8, 0xBB, 0xBB, 0x8B, 0x29, 0x77, 0xA4, 0x12, 0x63, 0x1B, 0x31, 0x23, 0x1C, 0x62, 0x5A,
    0xBF, 0x87, 0xFC, 0x1E, 0x73, 0x4E, 0x59, 0xFA, 0xC4, 0x40, 0xE1, 0xD6, 0xEF, 0x82, 0xEB, 0xAD,
    0xEC, 0x68, 0xF1, 0x77, 0xC7, 0xAC, 0xF8, 0xE9, 0x77, 0x52, 0x53, 0x1A, 0xFB, 0x0D, 0x8B, 0x94,
    0xDB, 0xD6, 0x23, 0xC3, 0x41, 0xE5, 0x5E, 0x7D, 0xFF, 0xD6, 0xC5, 0xCC, 0x10, 0x71, 0x1C, 0xEF,
    0x1E, 0xD2, 0xB9, 0xF2, 0xD5, 0x5B, 0xED, 0xBD, 0x98, 0xA6, 0x41, 0xA7, 0x0D, 0xD0, 0x91, 0xD4,
    0xF2, 0x4C, 0x9E, 0xB2, 0x99, 0x6B, 0xD7, 0x73, 0xB4, 0xEF, 0x55, 0x89, 0x3E, 0x29, 0xC2, 0xC4,
    0x0D, 0x6C, 0xF6, 0xB6, 0xCD, 0x32, 0x97, 0xB9, 0x69, 0xE6, 0xA2, 0xA9, 0x6B, 0x3B, 0xB7, 0x5D,
    0x8C, 0xB5, 0x1D, 0x4C, 0xA0, 0x19, 0xF2, 0xDD, 0xEB, 0xEE, 0xC0, 0x7D, 0x99, 0xDE, 0xF9, 0x44,
    0x4E, 0x3C, 0x0C, 0x6A, 0xEC, 0x68, 0xAA, 0x57, 0x78, 0xA7, 0x4B, 0x65, 0x63, 0x2F, 0xE1, 0x41,
    0x71, 0x3D, 0x1C, 0x54, 0x8E, 0x10, 0xC4, 0x33, 0xC8, 0x31, 0x38, 0x3A, 0xA4, 0xAF, 0x82, 0xD0,
    0x89, 0xDB, 0x96, 0x23, 0x1D, 0x82, 0x02, 0x55, 0x82, 0x3B, 0x56, 0x96, 0x79, 0xC5, 0x1B, 0x5E,
    0x11, 0x2B, 0xDB, 0x9B, 0xA4, 0x01, 0x13, 0x8F, 0x12, 0xCA, 0xC1, 0x38, 0xC4, 0x05, 0xFE, 0x99,
    0xAB, 0x47, 0xD6, 0xD0, 0xB4, 0xB2, 0xF3, 0x6A, 0xF9, 0xE3, 0xC9, 0x67, 0x20, 0x5C, 0x46, 0x86,
    0xAA, 0x16, 0xC1, 0xD1, 0x21, 0xFF, 0xDB, 0x06, 0x5A, 0x15, 0x7A, 0x13, 0xFB, 0x1A, 0x43, 0xF3,
    0x73, 0x8E, 0xDB, 0xBE, 0x1D, 0x07, 0x76, 0x30, 0x6F, 0x48, 0xC0, 0xE0, 0x6C, 0x0B, 0x09, 0x7D,
    0xFA, 0xD9, 0x0A, 0xF3, 0x49, 0xB2, 0x50, 0xD6, 0x9D, 0x8F, 0x63, 0x9D, 0x72, 0x99, 0x59, 0x20,
    0xAC, 0x16, 0x5F, 0x3D, 0x2A, 0xE1, 0x39, 0xC9, 0x8F, 0x49, 0xC4, 0xF3, 0x58, 0x1C, 0xF1, 0xCF,
    0x27, 0xBA, 0xF5, 0x04, 0xE6, 0x89, 0x3A, 0xB1, 0x41, 0x92, 0x6B, 0xE4, 0xEA, 0xD7, 0x56, 0x55,
    0x69, 0xF8, 0x6E, 0x41, 0x90, 0x22, 0xB8, 0x11, 0x5C, 0xEC, 0x17, 0x74, 0x83, 0x24, 0xF3, 0x49,
    0x87, 0x17, 0x76, 0xCF, 0x2B, 0x9A, 0xF9, 0xC8, 0x2F, 0xFA, 0x3F, 0xB2, 0x86, 0xF1, 0xDE, 0x93,
    0x84, 0x78, 0x75, 0x6E, 0x4C, 0x8A, 0x20, 0x35, 0xB4, 0x85, 0xF5, 0x2B, 0xAE, 0xDF, 0xAC, 0x88,
    0x4B, 0x73, 0xCD, 0x6C, 0x1B, 0xBB, 0x20, 0xAA, 0xB8, 0x2D, 0x59, 0x9B, 0xA7, 0xBA, 0xC4, 0x41,
    0x6D, 0x8A, 0x29, 0xA2, 0x43, 0xD0, 0x05, 0xEA, 0x9F, 0xAB, 0xAA, 0xD8, 0xDF, 0x5F, 0x6F, 0x6D,
    0xBE, 0xDF, 0x06, 0x1E, 0x0A, 0x3A, 0x20, 0x3F, 0x11, 0xE6, 0xD0, 0x39, 0xD7, 0x87, 0x4E, 0x26,
    0xB9, 0x81, 0x8E, 0x32, 0xE3, 0xCC, 0xEC, 0x2B, 0x0C, 0x91, 0x01, 0x2F, 0xC5, 0x2D, 0x5D, 0x73,
    0x83, 0xAF, 0x1D, 0x60, 0xC0, 0xCC, 0x4A, 0xCC, 0x05, 0xF4, 0xF3, 0x25, 0xBF, 0x1A, 0x44, 0xBD,
    0x67, 0xE9, 0xF4, 0xF4, 0x53, 0xFB, 0xEC, 0x83, 0x0F, 0xEC, 0xB3, 0x5F, 0x3C, 0xB2, 0xCF, 0x3E,
    0x7E, 0x9A, 0xFE, 0xEE, 0xAC, 0xC2, 0x1B, 0xB7, 0x6E, 0x4A, 0x86, 0xB8, 0x8E, 0x68, 0x56, 0x96,
    0xC5, 0xC3, 0x3D, 0x35, 0x86, 0x1D, 0xC2, 0x98, 0x31, 0x0B, 0x5E, 0x31, 0x22, 0x8A, 0xFA, 0xF9,
    0xCC, 0x54, 0xCB, 0x0E, 0xC8, 0xCD, 0x4E, 0x89, 0xAE, 0xAA, 0x0A, 0x5A, 0xD6, 0xC9, 0x9E, 0x41,
    0xC7, 0x20, 0x0E, 0xBD, 0xB2, 0x57, 0x15, 0xDD, 0x1F, 0x96, 0x31, 0x66, 0x31, 0xC6, 0x23, 0x94,
    0x0F, 0xDF, 0x2B, 0x2A, 0xA6, 0x6D, 0x9E, 0x07, 0xA7, 0x8B, 0x90, 0xEC, 0x06, 0xD5, 0xA1, 0xE1,
    0xCF, 0x66, 0x24, 0x33, 0xCF, 0x0D, 0x26, 0x56, 0xAF, 0x70, 0x6E, 0xAD, 0x4F, 0x4E, 0x72, 0xD0,
    0xDF, 0x2E, 0x4C, 0x07, 0x86, 0x67, 0x31, 0x8B, 0x23, 0xAF, 0x7C, 0x38, 0xC9, 0xAB, 0x33, 0x2E,
    0x3B, 0xD3, 0xCF, 0x7F, 0xDB, 0xC4, 0xC9, 0xC1, 0xC0, 0x7B, 0x55, 0xDA, 0xDD, 0x5F, 0xF3, 0x96,
    0xF6, 0x1F, 0x1E, 0xA5, 0x55, 0x45, 0x6C, 0x97, 0x2F, 0x2D, 0x73, 0xDD, 0xFD, 0x5B, 0x9B, 0x65,
    0xC7, 0xB5, 0x03, 0xCC, 0xCE, 0x55, 0xDF, 0xC2, 0xA5, 0xBB, 0x36, 0x66, 0xD8, 0x25, 0x8E, 0x67,
    0xDE, 0x62, 0x30, 0x99, 0xEA, 0xB3, 0xBB, 0x2A, 0x55, 0x56, 0xCB, 0x93, 0x10, 0x74, 0x26, 0x59,
    0xCA, 0x26, 0x3C, 0x9A, 0xD0, 0x66, 0x45, 0x78, 0xA5, 0xD0, 0x3B, 0x35, 0xD4, 0x23, 0x3E, 0x59,
    0x5D, 0xF6, 0x23, 0x04, 0xD5, 0xF5, 0x7F, 0xC3, 0x79, 0x85, 0x9F, 0xD7, 0xE5, 0x56, 0x8B, 0xA5,
    0xC1, 0x9D, 0x5F, 0x56, 0x45, 0x7D, 0x54, 0x76, 0x91, 0x03, 0x8A, 0x19, 0x89, 0x4F, 0x14, 0x95,
    0x8D, 0x82, 0x34, 0x36, 0x89, 0x70, 0x7F, 0x01, 0x95, 0xF6, 0xA0, 0xD3, 0x19, 0xF4, 0xF7, 0x08,
    0x85, 0x26, 0x8D, 0x09, 0x68, 0xB8, 0x64, 0x20, 0xF2, 0xFC, 0x06, 0x60, 0xDA, 0x11, 0x07, 0x29,
    0x88, 0x0C, 0x32, 0xBF, 0x11, 0x20, 0x2A, 0x9D, 0x4E, 0xB1, 0x09, 0x9B, 0xF8, 0x77, 0x6B, 0xA9,
    0xB8, 0x9A, 0x1D, 0x87, 0x95, 0x76, 0xDE, 0x99, 0x76, 0x6A, 0x69, 0xB2, 0x60, 0x66, 0x86, 0x66,
    0xD4, 0x8A, 0x5A, 0xC7, 0xDD, 0x28, 0xCE, 0x3A, 0xF1, 0xB1, 0x8B, 0x63, 0xE7, 0xE2, 0xFE, 0x93,
    0x62, 0xD4, 0x7B, 0x94, 0x67, 0xBD, 0x37, 0xAD, 0x0B, 0x19, 0x01, 0x0B, 0x4E, 0xCB, 0x53, 0x32,
    0x07, 0x11, 0x63, 0x89, 0x29, 0x71, 0xC4, 0xBD, 0xBB, 0x2D, 0xF0, 0x33, 0x07, 0x9A, 0x39, 0x08,
    0xD8, 0x00, 0xD4, 0x92, 0xEE, 0x2C, 0x19, 0xFA, 0xA2, 0x49, 0xEF, 0x32, 0x14, 0xC2, 0x84, 0xC7,
    0xC2, 0xA7, 0xCD, 0x10, 0x62, 0x8D, 0x05, 0xFA, 0xFC, 0x02, 0x7A, 0xAC, 0x89, 0xD4, 0xBA, 0xB6,
    0x20, 0x91, 0x3A, 0x6F, 0x5D, 0x78, 0x9D, 0x9D, 0x83, 0x05, 0x9A, 0x43, 0x98, 0xF4, 0x39, 0x6F,
    0xF8, 0x83, 0xE1, 0xF4, 0xFA, 0xE1, 0x46, 0x17, 0x76, 0x50, 0x52, 0x34, 0xC6, 0x7E, 0xC9, 0xD2,
    0x58, 0x40, 0xAF, 0xFA, 0xDC, 0xB4, 0x55, 0xD7, 0xC3, 0x4B, 0x5C, 0x95, 0x23, 0xBA, 0x3F, 0x47,
    0xDC, 0x05, 0xE3, 0x18, 0xE9, 0x34, 0xA3, 0xA2, 0xF8, 0x05, 0x45, 0xCE, 0x9C, 0xB8, 0x10, 0xD3,
    0x56, 0xCD, 0x19, 0xD6, 0xAA, 0xB4, 0x21, 0x2D, 0x30, 0xDD, 0xA4, 0x42, 0xC0, 0xF5, 0x26, 0xD2,
    0x86, 0x44, 0xCC, 0x4E, 0xEF, 0xFF, 0x2F, 0x00, 0x6B, 0x81, 0xBE, 0x40, 0x80, 0xE9, 0xE1, 0xD3,
    0xB9, 0x42, 0x91, 0xE3, 0x9A, 0x26, 0x94, 0x16, 0x7E, 0x0A, 0x6A, 0x25, 0xEB, 0xED, 0x80, 0xE7,
    0x84, 0x67, 0x12, 0x2D, 0xB9, 0x78, 0x1C, 0xD7, 0x72, 0xC4, 0xE2, 0x6E, 0xEB, 0x94, 0xFE, 0xEE,
    0x74, 0xD1, 0x8A, 0xB1, 0x9D, 0xD5, 0xC9, 0xA3, 0xF8, 0x58, 0x66, 0x39, 0x17, 0xB7, 0xF3, 0x2E,
    0x46, 0x26, 0xA7, 0xDD, 0x56, 0x4E, 0xA3, 0x71, 0xCE, 0xAC, 0x46, 0x4F, 0xF8, 0x31, 0xFD, 0x53,
    0x4E, 0xFD, 0x7D, 0x6A, 0xD1, 0xB7, 0x7F, 0x49, 0x30, 0xB0, 0x2F, 0x28, 0x07, 0xC9, 0x4A, 0x34,
    0x81, 0xE4, 0xE9, 0x83, 0xC8, 0x90, 0x96, 0xA4, 0x0C, 0x65, 0xAC, 0xEC, 0x31, 0xCB, 0x33, 0xCE,
    0x32, 0x94, 0x90, 0xB5, 0x1F, 0x52, 0x83, 0x06, 0xFC, 0xFB, 0x39, 0x63, 0xF9, 0x84, 0xC7, 0xA5,
    0x0E, 0x3D, 0x7A, 0x35, 0x6B, 0x14, 0x2E, 0x46, 0xD9, 0xF1, 0x8B, 0x56, 0x60, 0x59, 0xA3, 0x7A,
    0x0F, 0xC1, 0x42, 0xC4, 0x7E, 0x13, 0x79, 0xC3, 0x3D, 0x9F, 0x0C, 0xF3, 0x8E, 0x26, 0xB4, 0x41,
    0xD3, 0xDC, 0x28, 0x32, 0x0C, 0xBD, 0xFE, 0x77, 0xCC, 0x8E, 0x55, 0x42, 0xDA, 0x4A, 0x73, 0xD2,
    0xD1, 0x7D, 0x86, 0x4E, 0x7F, 0x2A, 0xFF, 0x1F, 0xFE, 0x17, 0xDA, 0xD2, 0x36, 0x35, 0xAC, 0x5D,
    0x1F, 0xDA, 0x4F, 0x0E, 0xAC, 0x34, 0xDB, 0x1D, 0xCE, 0x6A, 0x48, 0x2D, 0x32, 0xDB, 0xC2, 0xF7,
    0x61, 0xAD, 0xAE, 0x15, 0x26, 0x97, 0x16, 0x37, 0x1D, 0x7A, 0xDD, 0x88, 0x5F, 0xB7, 0x8C, 0xC4,
    0xC1, 0xA7, 0x97, 0x4B, 0xE8, 0x1F, 0x88, 0xB0, 0x74, 0x94, 0x68, 0x26, 0xB9, 0xB4, 0xDA, 0x7F,
    0xEB, 0x95, 0x61, 0x5B, 0xB4, 0x7E, 0x92, 0x6C, 0xB1, 0x6E, 0x54, 0x7A, 0xBD, 0x4A, 0x07, 0xEF,
    0x26, 0x4E, 0x88, 0x84, 0x55, 0x85, 0xC1, 0x47, 0xD2, 0x6A, 0xD7, 0x0D, 0x6B, 0x2E, 0x2D, 0x21,
    0xF4, 0xF3, 0x36, 0x5B, 0x5D, 0x33, 0x94, 0x74, 0xA9, 0xF9, 0x04, 0x9F, 0x2E, 0xD7, 0x0D, 0xA3,
    0xE3, 0x27, 0x1B, 0xB6, 0x72, 0x8C, 0xAE, 0xA3, 0x69, 0x4E, 0x75, 0xA3, 0x66, 0x7F, 0x9F, 0xAA,
    0x05, 0x2F, 0x20, 0x6E, 0x4F, 0x71, 0x6F, 0x3E, 0xF4, 0x2D, 0x19, 0xC7, 0x31, 0x32, 0xEC, 0x61,
    0xA9, 0xF9, 0x3C, 0xF1, 0xAB, 0xBA, 0xEB, 0xF8, 0x39, 0x8D, 0x1F, 0x54, 0xC5, 0xFB, 0xFB, 0x89,
    0x18, 0xF1, 0xD0, 0x88, 0x01, 0x5F, 0x4B, 0xF5, 0x57, 0x51, 0x91, 0x81, 0xEB, 0x1D, 0x4A, 0x76,
    0x5A, 0x24, 0x54, 0x73, 0x25, 0xE1, 0x91, 0x55, 0x5B, 0x9D, 0x2C, 0x4C, 0xB2, 0x30, 0xC8, 0x5A,
    0x98, 0x76, 0xE0, 0x5A, 0xC4, 0xD6, 0x2F, 0xF4, 0x8B, 0xDC, 0x5F, 0x09, 0x32, 0x5F, 0x52, 0x69,
    0x3F, 0x84, 0x39, 0x93, 0xDB, 0xD3, 0xA5, 0xA0, 0x12, 0x73, 0xC2, 0xA0, 0xE8, 0xB9, 0x74, 0x68,
    0x8E, 0x48, 0xA5, 0xC3, 0x20, 0x99, 0x6A, 0x6E, 0x16, 0x82, 0xE4, 0x72, 0xEC, 0x20, 0xE9, 0x5D,
    0xC1, 0x23, 0xAA, 0xBB, 0x76, 0xA3, 0x30, 0xCD, 0xAB, 0x51, 0x98, 0xE8, 0x3C, 0xFA, 0x69, 0x5D,
    0x17, 0xC5, 0x45, 0x5D, 0xDC, 0x49, 0x89, 0xD2, 0xA5, 0x83, 0x03, 0xBB, 0x1D, 0x62, 0x67, 0x8C,
    0xAE, 0x13, 0xAA, 0x0D, 0x0A, 0x44, 0x04, 0x33, 0xC2, 0x34, 0x16, 0xC7, 0x5F, 0x26, 0x80, 0x60,
    0xFA, 0x80, 0x2D, 0x73, 0x6B, 0xAE, 0x9D, 0x79, 0xB1, 0x5A, 0x84, 0xCA, 0xC5, 0x1D, 0x3A, 0x2C,
    0x1E, 0xC7, 0x74, 0x39, 0xA2, 0xCF, 0x43, 0x3A, 0x3D, 0x25, 0x74, 0xF4, 0xBC, 0xD8, 0xFA, 0xFF,
    0x81, 0xAD, 0xD1, 0xE2, 0x85, 0x27, 0x1F, 0x7A, 0x79, 0xE6, 0xE7, 0x02, 0x43, 0x7D, 0x95, 0x10,
    0xD5, 0xBD, 0x63, 0xD5, 0x7F, 0x5C, 0x60, 0x33, 0xCD, 0xCA, 0x42, 0x64, 0xE4, 0xB3, 0xEC, 0x79,
    0xAE, 0x7B, 0x62, 0xE3, 0xB9, 0x84, 0x18, 0xD5, 0x21, 0xAA, 0xE5, 0xD4, 0x4C, 0x8A, 0x06, 0xCB,
    0xD1, 0x1A, 0xCB, 0xB4, 0xC6, 0x92, 0x47, 0x37, 0x41, 0x96, 0x08, 0xDC, 0xD6, 0xD8, 0xB0, 0xBB,
    0x74, 0xBE, 0xC0, 0x4C, 0x1E, 0xC2, 0xA3, 0xA2, 0x6B, 0x92, 0xB2, 0x90, 0x49, 0x7A, 0x20, 0xCB,
    0xE9, 0xFA, 0xBD, 0x07, 0x08, 0x79, 0x65, 0x49, 0xA5, 0x08, 0x1A, 0x90, 0x2F, 0x72, 0xD0, 0x4F,
    0x7A, 0xC9, 0x36, 0x8A, 0x96, 0x97, 0xB7, 0x7D, 0xDB, 0x3E, 0x0F, 0x89, 0x2A, 0x4C, 0xEF, 0xFA,
    0x73, 0x84, 0x27, 0x88, 0x38, 0xA3, 0x13, 0x6A, 0x59, 0x4C, 0x5A, 0xB0, 0x2C, 0x32, 0xEC, 0x38,
    0x11, 0x0A, 0x56, 0x38, 0x9D, 0x89, 0x28, 0xE0, 0xD1, 0x20, 0x48, 0xA3, 0x01, 0x63, 0xFA, 0x3D,
    0xD5, 0xE8, 0x29, 0x6D, 0x3E, 0x8E, 0x30, 0x78, 0x67, 0x8A, 0x41, 0xE0, 0xD8, 0xCB, 0x2D, 0xDA,
    0x75, 0x0D, 0xC7, 0x28, 0x4A, 0xFC, 0x2B, 0xC7, 0x41, 0x4A, 0x9D, 0x60, 0xCE, 0xBD, 0x0A, 0xEA,
    0x71, 0x62, 0xDE, 0x14, 0x66, 0x4A, 0xE9, 0xA4, 0xF5, 0xD5, 0x8B, 0x77, 0xF9, 0xC7, 0xA9, 0xFF,
    0x11, 0xBC, 0x3F, 0xCB, 0xC5, 0x43, 0xF4, 0xA4, 0x56, 0xC1, 0xD7, 0xAD, 0xDC, 0x3A, 0x82, 0xCA,
    0xF9, 0xEF, 0x51, 0xAA, 0xEB, 0x6B, 0xC9, 0x58, 0x2E, 0x4C, 0xCD, 0xD7, 0xFE, 0x11, 0x4B, 0x7D,
    0xC3, 0x63, 0xE9, 0x86, 0x2D, 0x4A, 0xE1, 0xF8, 0x12, 0xC8, 0xF7, 0xB8, 0x7D, 0x78, 0xE5, 0x45,
    0xFB, 0xB3, 0xCD, 0x82, 0x11, 0xF6, 0xB8, 0x65, 0x73, 0x89, 0xED, 0x25, 0xFD, 0x9A, 0xA2, 0x7F,
    0xB3, 0x6F, 0xF3, 0xDA, 0x72, 0x0D, 0xFF, 0x05, 0xA5, 0x57, 0xCF, 0x8F, 0x1C, 0x47, 0x15, 0xFE,
    0xBA, 0x6B, 0xBD, 0x0D, 0x34, 0x3B, 0x35, 0x87, 0xF0, 0x43, 0xB2, 0x67, 0x3A, 0x07, 0x1F, 0x2C,
    0x31, 0x3D, 0x8D, 0xA2, 0x45, 0x1A, 0x85, 0x9E, 0xED, 0x86, 0x2B, 0x12, 0xCA, 0xC1, 0xCB, 0x85,
    0x0B, 0x57, 0x50, 0x84, 0x57, 0x68, 0x90, 0x26, 0xC4, 0x30, 0xA5, 0xF8, 0x0F, 0x88, 0x85, 0xE4,
    0x53, 0x38, 0x6C, 0x38, 0x81, 0x2F, 0xDB, 0x42, 0x2D, 0xB1, 0x11, 0x83, 0xA7, 0xC8, 0x4A, 0xF8,
    0xC0, 0x21, 0xED, 0x5C, 0x2D, 0x91, 0x22, 0x2B, 0x73, 0xF0, 0x1E, 0x5C, 0x90, 0x09, 0x1A, 0xD6,
    0xE3, 0x69, 0xDE, 0xEB, 0x9E, 0x5D, 0x27, 0x24, 0xDE, 0x1F, 0x72, 0x4F, 0x75, 0xAB, 0xA7, 0xFB,
    0x7D, 0xAF, 0x5E, 0xBD, 0xF7, 0xBE, 0x57, 0xAF, 0xFD, 0x54, 0x2A, 0x1F, 0xC0, 0x17, 0xF0, 0x65,
    0x74, 0x10, 0xA3, 0x87, 0x21, 0x72, 0x58, 0xFA, 0xE1, 0x05, 0xE0, 0x32, 0xDC, 0x05, 0xE4, 0x44,
    0xF5, 0x7F, 0x96, 0xC6, 0xDB, 0xC8, 0x0B, 0xE4, 0x9A, 0xC7, 0x6B, 0x7F, 0x45, 0x42, 0xCF, 0x67,
    0x10, 0x80, 0x4B, 0xE0, 0x91, 0x71, 0x0F, 0xE7, 0x42, 0x5F, 0x11, 0x0A, 0x42, 0x23, 0x2A, 0xF5,
    0xD7, 0x1E, 0xA4, 0x6E, 0x01, 0x57, 0x83, 0x9E, 0x34, 0xE8, 0xFD, 0xA1, 0x7E, 0x67, 0xA2, 0x9B,
    0xC0, 0xCB, 0x0B, 0x23, 0x77, 0x74, 0xE8, 0xEA, 0x18, 0x05, 0x8D, 0x8E, 0xAB, 0xE5, 0x0F, 0x75,
    0x54, 0x16, 0x2F, 0x36, 0x9B, 0x12, 0xFC, 0xEB, 0xC3, 0x4F, 0x49, 0xED, 0x1B, 0x06, 0xE2, 0xAE,
    0x86, 0xFB, 0x88, 0x94, 0xCF, 0xC1, 0x1A, 0xC1, 0x16, 0xF1, 0x99, 0x94, 0x29, 0xBE, 0xFA, 0x80,
    0xE6, 0x2D, 0x80, 0x41, 0x75, 0xD0, 0xF3, 0xA3, 0xBB, 0xC0, 0x62, 0x63, 0x8C, 0xAC, 0x49, 0x4B,
    0xC0, 0xAF, 0x20, 0x3E, 0xD0, 0xD2, 0xB5, 0x0D, 0x58, 0x49, 0xE3, 0x5D, 0xE3, 0x96, 0x0A, 0xD7,
    0x81, 0x10, 0x3F, 0x0A, 0x71, 0x67, 0x8E, 0xC8, 0x10, 0x2E, 0xCF, 0x07, 0x39, 0xE3, 0x9D, 0xD2,
    0xC0, 0xFF, 0xE7, 0x18, 0x6D, 0xB2, 0xA1, 0x37, 0xBA, 0xA1, 0xB6, 0x0E, 0xEF, 0xE9, 0xB7, 0x0B,
    0xE8, 0x0F, 0x35, 0x8A, 0xB7, 0xE9, 0xCC, 0x3E, 0xBE, 0xA7, 0xD7, 0x47, 0x7B, 0x3A, 0xBC, 0x20,
    0xE1, 0xDF, 0xFB, 0x33, 0xC9, 0x93, 0x29, 0x17, 0x80, 0x40, 0x5F, 0x2E, 0xBE, 0x54, 0xFC, 0xA2,
    0xF8, 0x83, 0x1E, 0x69, 0xE7, 0x43, 0x43, 0x46, 0x4B, 0x5A, 0x44, 0x8C, 0x38, 0x46, 0xD8, 0x01,
    0xDD, 0xFB, 0xDF, 0x63, 0xF5, 0x93, 0xD2, 0x6E, 0x6E, 0xDA, 0xCA, 0xFE, 0x7A, 0x98, 0xCF, 0x4C,
    0x5A, 0xEE, 0xA9, 0xAD, 0xFF, 0xFC, 0x43, 0x6F, 0xFF, 0xCB, 0x68, 0x53, 0xEA, 0x62, 0xFB, 0x71,
    0x5A, 0x64, 0xFF, 0xFE, 0x8B, 0x5E, 0xDF, 0xDE, 0xD7, 0x21, 0xEA, 0x49, 0xDD, 0xE5, 0xA4, 0xA4,
    0xCF, 0x6C, 0xA6, 0xE4, 0x16, 0xFD, 0xB2, 0xD9, 0xCA, 0xBE, 0x65, 0x22, 0xED, 0x54, 0x1A, 0x0D,
    0x1C, 0x83, 0xB2, 0xD4, 0x3F, 0x78, 0x90, 0xD6, 0x7F, 0xE9, 0xF8, 0xC9, 0x6D, 0x45, 0x4F, 0xA4,
    0xE9, 0x6C, 0x61, 0x0B, 0xC6, 0x53, 0x7D, 0x94, 0xA6, 0xFE, 0xE7, 0x15, 0xB0, 0xDF, 0xB4, 0x91,
    0x5E, 0xE9, 0xE6, 0x42, 0xF5, 0x3C, 0x35, 0xF0, 0x91, 0xC9, 0xCA, 0x57, 0x0D, 0x98, 0xB6, 0x5B,
    0x74, 0x85, 0x4E, 0x76, 0x6C, 0xF2, 0xB1, 0xED, 0x81, 0x72, 0x82, 0x3D, 0xEA, 0x95, 0x26, 0x38,
    0x28, 0x92, 0x3D, 0x35, 0xF9, 0x1B, 0x78, 0xBC, 0x89, 0xE4, 0xFB, 0xF0, 0x5B, 0x90, 0x1D, 0x34,
    0x68, 0xC4, 0x68, 0xF5, 0xD0, 0x19, 0x20, 0xCE, 0xD0, 0xB3, 0x18, 0x58, 0x64, 0xD3, 0x0C, 0x94,
    0x56, 0x01, 0x2E, 0xA6, 0x23, 0xAC, 0xA0, 0x35, 0xEF, 0x74, 0x7A, 0xEB, 0x5B, 0x81, 0xEE, 0xD9,
    0xAD, 0x6C, 0x60, 0x22, 0x25, 0x1B, 0xF0, 0x25, 0xC4, 0x0D, 0xE5, 0xEE, 0x69, 0xB1, 0xC7, 0x9E,
    0x0B, 0xFB, 0xD8, 0xDD, 0xA5, 0x25, 0xAE, 0x20, 0xA1, 0x5C, 0xBC, 0x88, 0x0C, 0x3E, 0x2D, 0xA9,
    0x41, 0x49, 0xB5, 0x46, 0x49, 0x7A, 0xA9, 0xE5, 0xA9, 0x4B, 0xB1, 0x4C, 0x61, 0xBF, 0x0D, 0xA7,
    0xB8, 0x0F, 0xB1, 0xF7, 0x41, 0x2A, 0xFD, 0x52, 0xB7, 0x28, 0xC7, 0xAE, 0xD0, 0x44, 0x1E, 0x5D,
    0x13, 0xB2, 0xF5, 0x22, 0x79, 0xD8, 0x27, 0x4C, 0xC3, 0x4B, 0xB1, 0x26, 0x09, 0x17, 0x8F, 0xD2,
    0x4B, 0x83, 0x7D, 0x0D, 0x2B, 0x94, 0xD0, 0x1E, 0xBC, 0xF4, 0x12, 0x21, 0x0C, 0x62, 0x51, 0xA2,
    0xE9, 0x6C, 0xB2, 0x9B, 0x20, 0x8D, 0x50, 0xDD, 0xCC, 0x4F, 0x91, 0x35, 0xE0, 0x51, 0x6E, 0xBA,
    0x86, 0x16, 0x9C, 0x19, 0xFC, 0x7C, 0x5F, 0x67, 0xC9, 0xDD, 0xEF, 0xDA, 0x0B, 0xD2, 0xB7, 0x88,
    0x5B, 0x06, 0x83, 0xD7, 0x0C, 0x6C, 0x39, 0x75, 0xB5, 0xAB, 0x45, 0xEA, 0x2A, 0x0A, 0x0D, 0xC8,
    0x22, 0xBF, 0x52, 0xD2, 0x02, 0x59, 0x8D, 0x5D, 0x78, 0x06, 0x51, 0x75, 0x3B, 0x14, 0x7A, 0x63,
    0x87, 0x89, 0x02, 0x8A, 0x10, 0xC9, 0x10, 0x1D, 0xA0, 0x58, 0x52, 0x50, 0xE4, 0x2D, 0xA4, 0x45,
    0x48, 0x5A, 0x89, 0x6F, 0x43, 0xC7, 0x90, 0x6C, 0xEC, 0x3F, 0x1C, 0xCB, 0x72, 0x1E, 0x72, 0x06,
    0x85, 0x53, 0x74, 0x41, 0x8E, 0x60, 0x35, 0x55, 0x24, 0xCF, 0x8E, 0x72, 0x48, 0xE6, 0xD5, 0xF3,
    0x41, 0x2A, 0x17, 0xDC, 0x07, 0xDA, 0x13, 0xE2, 0xFD, 0xCA, 0x31, 0x94, 0xB1, 0x0C, 0x66, 0x34,
    0xC3, 0x09, 0x4F, 0x39, 0x36, 0x24, 0x96, 0xC7, 0x20, 0x15, 0x20, 0x1D, 0xC4, 0xA7, 0x3E, 0xD9,
    0x18, 0xE2, 0x48, 0x4D, 0xBB, 0x8D, 0x76, 0xEB, 0xDC, 0xB3, 0x0B, 0x0B, 0x6F, 0x17, 0xFE, 0x15,
    0x88, 0x1E, 0xBC, 0x0A, 0x42, 0x5C, 0xEE, 0x5B, 0x8C, 0x19, 0xE5, 0x7E, 0x02, 0xD5, 0x7F, 0x8A,
    0x12, 0x25, 0xD5, 0x02, 0xB2, 0xE3, 0x36, 0x98, 0x0B, 0xAC, 0xE5, 0x75, 0xBE, 0x3A, 0x1F, 0xF1,
    0xD5, 0xBB, 0xCB, 0x57, 0x4A, 0x0F, 0xAA, 0x13, 0x7D, 0x79, 0x8B, 0x04, 0x67, 0x12, 0x15, 0x86,
    0x1F, 0xDF, 0xFA, 0x29, 0x5D, 0xBB, 0x88, 0x6E, 0x6F, 0x53, 0xB8, 0x12, 0xE6, 0xD5, 0xA4, 0xF0,
    0x0E, 0x67, 0x01, 0x13, 0x97, 0xB3, 0xDD, 0x7E, 0x6A, 0xA4, 0x63, 0xC7, 0x26, 0x3B, 0xDA, 0x5F,
    0x54, 0x66, 0x52, 0x72, 0x15, 0x55, 0x75, 0xEC, 0x80, 0x8B, 0xDB, 0x6A, 0x65, 0x7E, 0xF9, 0xC4,
    0x7F, 0xF8, 0x3B, 0x4A, 0x1F, 0x4E, 0x07, 0x2A, 0x0B, 0x5C, 0xB3, 0x54, 0x77, 0x93, 0x83, 0x57,
    0x2B, 0xBC, 0x53, 0xF1, 0x10, 0x78, 0x85, 0xA3, 0xE3, 0xA9, 0xA5, 0x7B, 0xCE, 0x88, 0xF2, 0x35,
    0xBB, 0xE2, 0x5C, 0x10, 0xAE, 0x89, 0x39, 0xEA, 0xE2, 0x78, 0x76, 0x54, 0xEA, 0x50, 0x51, 0xC0,
    0x8B, 0x4C, 0xF5, 0xD5, 0xFF, 0xC2, 0x3A, 0xC6, 0x2D, 0x84, 0xE6, 0x9F, 0xA7, 0xFC, 0x54, 0xE2,
    0xDA, 0x4D, 0xAA, 0x58, 0x6E, 0xA5, 0x22, 0x5E, 0x46, 0xD8, 0x2B, 0x41, 0x92, 0x04, 0x22, 0x9E,
    0x52, 0x49, 0x26, 0xD6, 0xD5, 0x83, 0x96, 0x58, 0x4F, 0x77, 0xED, 0x26, 0x55, 0x1C, 0xE0, 0x97,
    0x70, 0xEF, 0xA7, 0xE7, 0x83, 0x80, 0x4B, 0x03, 0x8D, 0x73, 0xA1, 0xDC, 0x72, 0x0A, 0xF1, 0x90,
    0x02, 0xA5, 0xA9, 0xB2, 0x68, 0x5F, 0x79, 0x4A, 0x28, 0x9F, 0xCE, 0xC9, 0xDC, 0x53, 0xC1, 0x55,
    0x5E, 0x84, 0xA4, 0x7A, 0xDB, 0xA5, 0x7C, 0x1D, 0x63, 0x63, 0xC7, 0xD2, 0x3E, 0xB6, 0xB4, 0x8A,
    0xB3, 0xBF, 0xBB, 0x00, 0x9A, 0x2F, 0xD4, 0x1E, 0xB3, 0x84, 0xE6, 0x73, 0xEA, 0x29, 0xD9, 0x23,
    0x5C, 0x4C, 0xB8, 0x50, 0xA2, 0xDB, 0xA0, 0x2A, 0x25, 0xDB, 0x88, 0xFD, 0x10, 0xB1, 0x37, 0x26,
    0x86, 0xCF, 0x91, 0xBB, 0x73, 0xF2, 0xD5, 0xAC, 0x62, 0x6B, 0xA7, 0xF2, 0x4E, 0x7D, 0x4C, 0x8C,
    0x77, 0x38, 0x0F, 0x38, 0x5F, 0x83, 0x5D, 0xCE, 0xE8, 0xE3, 0xC1, 0x6C, 0xB8, 0xCE, 0x29, 0x55,
    0x50, 0x4A, 0xD1, 0x94, 0xBC, 0x2C, 0xA1, 0xCE, 0x87, 0x72, 0x68, 0xD1, 0x05, 0xD7, 0xDA, 0xF3,
    0xCD, 0x45, 0x1B, 0xE8, 0xAB, 0xF8, 0xD3, 0x0C, 0x69, 0xF3, 0x7C, 0xA8, 0xE1, 0xF0, 0x38, 0x99,
    0xCE, 0x8E, 0x5A, 0xF7, 0x10, 0x07, 0x08, 0xC6, 0xCC, 0x19, 0x62, 0x8E, 0x1C, 0xA3, 0x1F, 0x60,
    0x50, 0xD7, 0xCA, 0x68, 0xB6, 0xED, 0x2C, 0x26, 0xDA, 0xD3, 0x92, 0x62, 0x92, 0xE8, 0x2E, 0xF6,
    0x75, 0x2C, 0x6E, 0xE8, 0x98, 0x8A, 0x7D, 0xDC, 0x13, 0x2A, 0x36, 0x7E, 0x9A, 0xD0, 0x9B, 0x88,
    0xB6, 0xEC, 0xD1, 0xC1, 0x14, 0xBF, 0xA6, 0xCD, 0x9B, 0x1D, 0x55, 0x25, 0xDE, 0x1A, 0x8E, 0x0F,
    0x8E, 0x67, 0x97, 0xCE, 0x90, 0xA2, 0xCA, 0x55, 0x88, 0xB6, 0x5E, 0xCA, 0xE7, 0x98, 0x58, 0x1D,
    0xD3, 0x96, 0x35, 0x24, 0xC7, 0xD6, 0xDD, 0xCC, 0x94, 0x4A, 0xD1, 0x88, 0x74, 0x04, 0x4F, 0x18,
    0x95, 0xD6, 0xFD, 0x83, 0x9F, 0x3E, 0x9F, 0x1E, 0xEE, 0x7D, 0x02, 0xE2, 0xDA, 0xD0, 0x3E, 0xA7,
    0x3D, 0xDC, 0xDA, 0x90, 0x8E, 0xEC, 0x39, 0xF5, 0x38, 0xD5, 0x92, 0xC2, 0xA5, 0x8A, 0xAA, 0x0B,
    0x99, 0x86, 0xAE, 0x69, 0x7B, 0xBC, 0xB7, 0xFA, 0x7D, 0x78, 0x33, 0x0E, 0xC3, 0x31, 0x75, 0xFC,
    0x8A, 0x3A, 0x35, 0x81, 0x28, 0x28, 0xB2, 0x2C, 0xE4, 0xED, 0x69, 0x1B, 0xBB, 0x1D, 0xE4, 0xF1,
    0xAA, 0x4D, 0x4A, 0xDD, 0xBF, 0x0A, 0x8A, 0x79, 0x56, 0xF7, 0x5E, 0x93, 0x42, 0x1C, 0x12, 0x19,
    0x88, 0x07, 0x3D, 0xB9, 0x6A, 0x1B, 0x91, 0x0E, 0x7D, 0xDB, 0x81, 0x25, 0x73, 0x7A, 0x98, 0x0E,
    0x1D, 0x9B, 0x5F, 0x2B, 0xEC, 0x9D, 0xCA, 0xB5, 0x24, 0x3D, 0xA8, 0x0A, 0x24, 0xAA, 0xF6, 0x71,
    0x27, 0x5D, 0xE3, 0xC6, 0x50, 0xAD, 0x96, 0x2A, 0x79, 0x2B, 0xE5, 0x06, 0x23, 0xC0, 0xA2, 0x44,
    0xF2, 0x5E, 0x65, 0x30, 0x4D, 0x4F, 0xE5, 0xE8, 0xEB, 0x67, 0x10, 0x8E, 0xE0, 0xEC, 0xAB, 0xD3,
    0xC5, 0x48, 0xA0, 0x34, 0xCE, 0xEF, 0xD3, 0x53, 0x25, 0xDD, 0x77, 0xB9, 0xEB, 0x38, 0x8B, 0x42,
    0xEA, 0x2A, 0xF0, 0x7A, 0x8A, 0xDF, 0x2A, 0xFC, 0x51, 0xF1, 0xFD, 0xCA, 0x69, 0x9A, 0x17, 0x81,
    0x95, 0x3B, 0x8B, 0xF1, 0x17, 0x45, 0xD1, 0xE6, 0x4A, 0x14, 0x94, 0xE5, 0x62, 0xF4, 0xD6, 0xAD,
    0xAB, 0x96, 0x7B, 0x97, 0x48, 0x37, 0xEF, 0x1C, 0x1E, 0x4E, 0x93, 0x62, 0xA2, 0x59, 0xCB, 0x23,
    0x6A, 0x87, 0xD3, 0xF8, 0xA8, 0xC5, 0xA2, 0x31, 0x5C, 0x45, 0x32, 0x81, 0x3F, 0xE3, 0xAA, 0x4F,
    0xC9, 0x15, 0xA5, 0x47, 0x3E, 0x1D, 0x1E, 0xB9, 0xA9, 0x64, 0x54, 0xDF, 0x2D, 0x62, 0xC7, 0x8C,
    0x4A, 0xF3, 0xCE, 0x66, 0xCA, 0x28, 0x67, 0x89, 0xE2, 0xC2, 0xE0, 0x69, 0x2E, 0x42, 0x9F, 0x16,
    0xEE, 0x7D, 0x42, 0xF8, 0xFA, 0xB1, 0x30, 0xB5, 0x29, 0xD5, 0x6E, 0x79, 0xB2, 0x4E, 0xF7, 0x7D,
    0xED, 0xBE, 0x5F, 0x9C, 0x2A, 0xD6, 0xA1, 0x5C, 0xE5, 0xDD, 0x30, 0x49, 0xA3, 0x2A, 0x7F, 0x1B,
    0xD4, 0x10, 0x75, 0xAA, 0xCC, 0xA5, 0x16, 0xD2, 0x8A, 0xE2, 0x59, 0xEF, 0x7C, 0xCD, 0x65, 0xEC,
    0xF3, 0xDE, 0x50, 0x4F, 0x9F, 0x3F, 0x43, 0xDF, 0x93, 0x9B, 0xD8, 0xD1, 0x68, 0x17, 0x68, 0x5A,
    0x6F, 0x6E, 0xA3, 0x1D, 0x1B, 0x0B, 0x9B, 0xBB, 0x36, 0x73, 0x4D, 0x26, 0xF4, 0xD0, 0xD3, 0x51,
    0xBD, 0x40, 0x3A, 0x4A, 0xEB, 0xFC, 0x98, 0xB3, 0x61, 0x6D, 0x92, 0xCA, 0x03, 0x1D, 0xB8, 0xD5,
    0xF7, 0x87, 0xE0, 0x41, 0x75, 0x66, 0xE0, 0xA5, 0x99, 0xCF, 0x5D, 0xEF, 0xFF, 0x3B, 0x79, 0x19,
    0x1A, 0x1D, 0x3B, 0xC5, 0xC0, 0x29, 0x72, 0xB7, 0xC8, 0x49, 0xAD, 0xAF, 0x3E, 0xDF, 0xC9, 0x27,
    0x0B, 0x1F, 0x3B, 0xF9, 0x64, 0x31, 0xFE, 0x20, 0xB0, 0x4F, 0x13, 0xF7, 0xD9, 0x92, 0x4F, 0xC3,
    0x71, 0xB2, 0x42, 0x5A, 0xCB, 0xB8, 0xA2, 0x62, 0x9D, 0xC3, 0xE5, 0xF4, 0x2B, 0x9B, 0xAF, 0x60,
    0xBD, 0x7A, 0x38, 0xAC, 0x0B, 0xF9, 0x6F, 0xC4, 0xE3, 0xA9, 0xFF, 0x1D, 0x2B, 0xBD, 0xDD, 0x56,
    0x6B, 0x18, 0x6E, 0xE5, 0x5D, 0x6D, 0x03, 0xD7, 0x44, 0x8F, 0xF4, 0x4B, 0x54, 0xBF, 0x8B, 0x8A,
    0xFA, 0x97, 0x59, 0x90, 0xBF, 0x08, 0x1C, 0xFE, 0x5C, 0xEB, 0x1C, 0xF9, 0x8D, 0xB6, 0xC4, 0xA1,
    0xC4, 0xC6, 0x04, 0xC1, 0x01, 0x6D, 0x96, 0xD5, 0x06, 0x7C, 0xE5, 0x0C, 0x92, 0x1B, 0x4B, 0x0E,
    0x9F, 0x2C, 0x26, 0xF6, 0x96, 0xCC, 0x3C, 0x45, 0x1B, 0x35, 0xC6, 0xA2, 0x58, 0x36, 0x60, 0x2A,
    0x16, 0x8A, 0xF6, 0x6B, 0x4B, 0x40, 0xF7, 0xAE, 0x72, 0xDF, 0x83, 0xF3, 0xF7, 0xEA, 0xDB, 0x71,
    0xB6, 0xEC, 0x19, 0xBE, 0xA1, 0x99, 0xB9, 0x4E, 0xFD, 0x55, 0x4A, 0xE3, 0x91, 0x16, 0x8F, 0xAD,
    0xA7, 0x73, 0x1F, 0xA4, 0xAF, 0x1E, 0xD3, 0xC0, 0xB1, 0xDD, 0x03, 0x1D, 0x4F, 0x78, 0x93, 0xE9,
    0x55, 0x64, 0x44, 0x9E, 0xF1, 0x38, 0xB3, 0xFE, 0xFF, 0x01, 0xA5, 0x58, 0x4D, 0x6B, 0x23, 0xD9,
    0x15, 0x3D, 0x55, 0xD5, 0x76, 0x25, 0xBC, 0xB4, 0x5F, 0x2F, 0x66, 0x20, 0x8B, 0xB1, 0x6A, 0x93,
    0x45, 0x3E, 0x54, 0xD2, 0x2C, 0xB2, 0xA8, 0x86, 0xB2, 0xAB, 0x32, 0xBF, 0x60, 0x16, 0xF1, 0x26,
    0x0C, 0x21, 0xEB, 0x2C, 0xD2, 0x4D, 0x30, 0x83, 0x08, 0xEE, 0x76, 0x91, 0x4D, 0x56, 0x21, 0x5E,
    0xCC, 0x2E, 0xD0, 0x0C, 0x64, 0x16, 0x19, 0x37, 0x8C, 0x44, 0x22, 0x12, 0x87, 0x71, 0xB7, 0x0A,
    0x66, 0x31, 0xBB, 0x74, 0x85, 0x10, 0x9A, 0x40, 0x48, 0x8A, 0xCC, 0xC0, 0x04, 0xF7, 0xA2, 0x0B,
    0xA2, 0x10, 0xC5, 0x23, 0xAB, 0x72, 0xEE, 0xAB, 0x92, 0xFC, 0x31, 0x6E, 0x4B, 0x72, 0xCB, 0xAF,
    0x84, 0x24, 0xBF, 0x3A, 0xF7, 0xE3, 0xDD, 0x7B, 0xEE, 0xBD, 0x05, 0x00, 0x7A, 0x82, 0x95, 0xEF,
    0xA2, 0x7A, 0x39, 0x39, 0x54, 0x01, 0x5D, 0xC0, 0x2F, 0x10, 0xF6, 0x51, 0x74, 0xAC, 0xBC, 0xE3,
    0xA4, 0xA1, 0x3A, 0x3A, 0xD4, 0xE5, 0xD8, 0xC7, 0x46, 0x08, 0x7F, 0x88, 0x16, 0xCA, 0x14, 0xFB,
    0x09, 0xB7, 0xDB, 0x13, 0xE8, 0x6E, 0x7C, 0xD3, 0x49, 0xE0, 0x24, 0xAB, 0x65, 0x12, 0xFD, 0x32,
    0x2E, 0x34, 0x0A, 0x0F, 0x93, 0x12, 0xD1, 0x13, 0x22, 0x7F, 0x1F, 0xEE, 0x18, 0x88, 0x97, 0x40,
    0xE6, 0x8B, 0xE0, 0xAF, 0x60, 0x3E, 0xF8, 0x0C, 0xB0, 0xD9, 0x43, 0x60, 0x00, 0xB3, 0x40, 0x00,
    0xCB, 0xB1, 0xDE, 0x3F, 0x3C, 0x03, 0xF8, 0x6D, 0x60, 0x04, 0x1C, 0x5E, 0x85, 0xF6, 0x47, 0x60,
    0xBB, 0xDA, 0x05, 0xD1, 0xD6, 0x26, 0x72, 0x5C, 0x3B, 0x64, 0x90, 0xB9, 0xC7, 0x23, 0x0F, 0x61,
    0x08, 0x74, 0x80, 0xE2, 0xDC, 0x8A, 0x0F, 0xAD, 0x22, 0xEA, 0xA6, 0x6A, 0x42, 0x5D, 0x21, 0xB7,
    0x34, 0x80, 0xAF, 0x4D, 0x35, 0x7F, 0x9E, 0xFA, 0x76, 0x5C, 0xDD, 0xD5, 0x37, 0xAB, 0xB3, 0x8A,
    0x68, 0x00, 0x3D, 0x32, 0x9B, 0x75, 0x8A, 0x4E, 0xB1, 0x9C, 0x88, 0x4D, 0x58, 0x9F, 0x25, 0xF3,
    0xC1, 0x61, 0x34, 0x51, 0x58, 0x0E, 0x3C, 0x34, 0x6B, 0x2E, 0xF8, 0x06, 0x1D, 0x9E, 0x2C, 0x85,
    0x2C, 0x3A, 0xDF, 0x5B, 0x00, 0x99, 0x21, 0xA1, 0x33, 0xF1, 0x0C, 0x0F, 0xB6, 0xCC, 0xD5, 0xD1,
    0x58, 0xC5, 0x9B, 0x1A, 0x9A, 0xAB, 0x01, 0xDD, 0x82, 0xF6, 0xA1, 0x79, 0xA0, 0x21, 0xC2, 0x8E,
    0x35, 0x7C, 0xDC, 0xCD, 0xCA, 0x13, 0x6E, 0x0C, 0x32, 0xE0, 0xED, 0x14, 0xF8, 0x2D, 0x9C, 0x11,
    0x15, 0xEB, 0x16, 0xD8, 0x60, 0x50, 0x84, 0x4E, 0x86, 0x6D, 0x3B, 0x45, 0xDF, 0xA9, 0xAE, 0x0E,
    0x35, 0x8E, 0x06, 0x09, 0xF4, 0x7F, 0x79, 0xA6, 0xE5, 0x08, 0xD6, 0xF1, 0x00, 0x76, 0xA6, 0x13,
    0x27, 0xAD, 0xFE, 0x5C, 0x5E, 0xD1, 0xD8, 0x49, 0xBD, 0x77, 0x9C, 0x54, 0x43, 0x25, 0x14, 0xC9,
    0xBF, 0x7B, 0xF0, 0x1E, 0x0E, 0xD1, 0x2E, 0x25, 0x0E, 0x02, 0x78, 0x25, 0x56, 0x86, 0x14, 0x42,
    0x19, 0x14, 0x41, 0x09, 0x14, 0x40, 0x6C, 0x2E, 0xA2, 0x13, 0xDC, 0x60, 0x03, 0xD1, 0x10, 0xAF,
    0xBE, 0x59, 0x27, 0x52, 0x79, 0xA2, 0x8E, 0x7E, 0xCD, 0x93, 0xD0, 0x90, 0xE5, 0x81, 0x58, 0x49,
    0x6B, 0xAB, 0x76, 0x34, 0x1D, 0xF0, 0x78, 0x3F, 0x29, 0x19, 0xE9, 0x65, 0x56, 0x67, 0x52, 0x29,
    0xEE, 0xD9, 0xB0, 0xB3, 0xD0, 0xCA, 0x77, 0xCB, 0xFC, 0x0F, 0x5B, 0xB1, 0xB8, 0xC7, 0x12, 0xF7,
    0x28, 0x71, 0x7C, 0x1F, 0x5E, 0x0E, 0x6B, 0x19, 0xE4, 0x2A, 0x93, 0x5E, 0xC5, 0x7C, 0x70, 0xBE,
    0xDC, 0x04, 0x6E, 0xBC, 0x9C, 0xE6, 0xEB, 0x80, 0x3F, 0x1F, 0xBC, 0x46, 0xC3, 0x14, 0xCD, 0x40,
    0x35, 0xF1, 0x05, 0xB4, 0x6F, 0x48, 0x80, 0x73, 0xBD, 0x10, 0xAD, 0x2B, 0x68, 0x3C, 0x56, 0x49,
    0xE0, 0xE2, 0x42, 0xBC, 0x2C, 0xA6, 0xF0, 0xBF, 0x33, 0x11, 0x31, 0xD7, 0x1B, 0x6E, 0x06, 0xBF,
    0x3F, 0x8D, 0xF1, 0xFC, 0x62, 0x8C, 0x7B, 0xE3, 0x62, 0x65, 0x87, 0x0C, 0x36, 0xC4, 0xC1, 0xA1,
    0x35, 0x8A, 0xBA, 0x3D, 0x75, 0x72, 0x17, 0x6A, 0x9A, 0xCD, 0x65, 0xD3, 0x79, 0x36, 0xD2, 0xF1,
    0x48, 0xA3, 0xDF, 0x40, 0xCF, 0x47, 0xD1, 0x40, 0xA1, 0xED, 0x5C, 0x3D, 0xCF, 0xEC, 0x09, 0x55,
    0x4F, 0x6F, 0x38, 0xC9, 0xA6, 0x07, 0x7D, 0x02, 0x8B, 0xCE, 0xF6, 0x3B, 0xC2, 0x5E, 0x56, 0xBC,
    0x84, 0xA0, 0xDB, 0x3D, 0xB4, 0x33, 0x09, 0x83, 0xA5, 0x04, 0x89, 0x8F, 0x8C, 0xE3, 0x96, 0x33,
    0x0A, 0x35, 0x0B, 0x2E, 0x25, 0x6B, 0x41, 0x70, 0xC0, 0x62, 0x84, 0x66, 0xA2, 0x97, 0x9E, 0x52,
    0x2D, 0xB3, 0x12, 0xEE, 0x9E, 0xC8, 0x75, 0xB1, 0xB4, 0x5C, 0x72, 0x36, 0x1A, 0x3B, 0x53, 0x24,
    0x1A, 0xEB, 0xA4, 0x4A, 0xAE, 0xD8, 0x65, 0x42, 0xAB, 0x58, 0x52, 0xDA, 0xDB, 0xEF, 0x32, 0x32,
    0x4A, 0x46, 0x5F, 0x83, 0x81, 0xE1, 0xF3, 0x0A, 0xA9, 0x63, 0x48, 0x1E, 0x0A, 0xA9, 0x68, 0x07,
    0xE4, 0x8D, 0x56, 0xA7, 0xBE, 0xDF, 0x35, 0x14, 0x2A, 0x01, 0x35, 0x88, 0xF5, 0xB3, 0xD4, 0xB3,
    0xC9, 0x5C, 0x69, 0xE8, 0xC8, 0x0A, 0x9C, 0x64, 0xDB, 0x8D, 0x7B, 0x8A, 0xCA, 0x40, 0xF8, 0xA3,
    0x7D, 0xF4, 0x30, 0x8F, 0xCA, 0x92, 0xDF, 0xCE, 0x88, 0xA2, 0x98, 0xD6, 0xD6, 0x1D, 0x6C, 0x5C,
    0x22, 0x8A, 0x26, 0xB7, 0x4B, 0xA8, 0x77, 0xE0, 0xEE, 0xA6, 0xEA, 0xF3, 0x5C, 0x27, 0x52, 0x87,
    0xD6, 0x90, 0xAF, 0x5B, 0x59, 0xF3, 0x8C, 0x0C, 0xF1, 0xC7, 0x7F, 0x52, 0xB7, 0x9B, 0x5A, 0x26,
    0xEB, 0xDD, 0x12, 0xAB, 0xFF, 0x13, 0x87, 0x5A, 0xB9, 0xF8, 0x49, 0xCE, 0xD3, 0x2C, 0x26, 0x6E,
    0x15, 0xF9, 0x77, 0xF6, 0x50, 0xD2, 0x07, 0xD8, 0x1D, 0x7F, 0x8F, 0x14, 0x14, 0xC5, 0x6D, 0x43,
    0x63, 0x6B, 0x4C, 0xD3, 0xA6, 0x11, 0x1F, 0x54, 0xA9, 0x92, 0x58, 0x5B, 0x53, 0x13, 0x17, 0x43,
    0x8C, 0x86, 0xDF, 0x7C, 0xF7, 0x72, 0x3C, 0xFB, 0x69, 0x82, 0x12, 0x55, 0xAD, 0x5E, 0x10, 0x6C,
    0xA3, 0xEF, 0xE5, 0xD6, 0xA5, 0x60, 0x6E, 0xC9, 0xFB, 0x0B, 0x2B, 0xB7, 0xB3, 0x9A, 0x95, 0x13,
    0xF1, 0xE4, 0x9D, 0xBD, 0x32, 0x0F, 0x58, 0x98, 0xA5, 0x2E, 0x63, 0x08, 0x93, 0x96, 0x3A, 0x53,
    0x15, 0x73, 0x27, 0x6E, 0xAC, 0x0C, 0xCE, 0x4D, 0xF4, 0xA6, 0x7B, 0x6A, 0x3B, 0x5F, 0x8C, 0x76,
    0xB9, 0x6C, 0xEA, 0xCC, 0x1B, 0xA8, 0x6F, 0xC1, 0x37, 0x9A, 0xE0, 0xA4, 0x12, 0x8B, 0x8C, 0x1F,
    0x6A, 0x2F, 0x21, 0x6A, 0xE2, 0x54, 0x8C, 0x69, 0x40, 0x7D, 0x27, 0x63, 0x2D, 0xB2, 0xF2, 0x90,
    0x70, 0xC7, 0x23, 0x1A, 0x15, 0x91, 0x86, 0xD2, 0x9E, 0x93, 0x17, 0x76, 0x5A, 0x57, 0xF4, 0xE8,
    0x8D, 0xB4, 0xCD, 0x5A, 0x22, 0x2B, 0x59, 0x73, 0xE3, 0x75, 0x85, 0xA6, 0x46, 0xC8, 0xB5, 0x86,
    0x60, 0x5D, 0x74, 0x5C, 0x1D, 0x4B, 0xE6, 0x03, 0x5F, 0x92, 0xF3, 0xE2, 0x39, 0x7F, 0x92, 0xCE,
    0x02, 0x57, 0xB2, 0xC6, 0xD8, 0x59, 0x9C, 0x5E, 0x54, 0x48, 0x9C, 0x2A, 0x4A, 0xC8, 0x15, 0x50,
    0x8F, 0x90, 0x59, 0x43, 0xBE, 0xAA, 0xE8, 0xDB, 0x8B, 0xF1, 0x1B, 0x83, 0x50, 0xF1, 0x6A, 0x30,
    0x2D, 0xB0, 0x3D, 0x73, 0x77, 0x7E, 0x7A, 0x26, 0x77, 0xCC, 0x81, 0x39, 0x49, 0x9B, 0x65, 0xEE,
    0x10, 0xEA, 0x0D, 0x16, 0x4D, 0x52, 0x97, 0x8E, 0x08, 0xC1, 0x36, 0xAD, 0x2D, 0xD7, 0x03, 0xD6,
    0x1A, 0x1E, 0x57, 0x48, 0x19, 0x1D, 0x29, 0xA0, 0xCC, 0xAB, 0x02, 0xB5, 0x5D, 0x54, 0x01, 0xB5,
    0x2A, 0x2A, 0xB9, 0x98, 0x27, 0x6E, 0xBA, 0xE6, 0x61, 0x7D, 0x07, 0xAD, 0x02, 0x51, 0x8A, 0x28,
    0x47, 0x50, 0x60, 0x3B, 0x40, 0x2F, 0x94, 0xBC, 0x35, 0x19, 0x29, 0xEC, 0x4D, 0x58, 0xF2, 0xF3,
    0x0D, 0x60, 0xCD, 0x4D, 0x1B, 0x1E, 0xFC, 0x33, 0xFB, 0xC9, 0xA0, 0xFD, 0xD9, 0x7E, 0xEE, 0xD8,
    0x31, 0xC2, 0xEA, 0x6C, 0x16, 0x81, 0x33, 0x86, 0xE7, 0xFF, 0x5B, 0xB8, 0xAC, 0x88, 0xDC, 0xC2,
    0x81, 0x28, 0x27, 0x6A, 0xA9, 0x2F, 0x9C, 0xF2, 0x36, 0x1E, 0xE1, 0xFE, 0xC2, 0x50, 0x46, 0x68,
    0xB5, 0xB9, 0x52, 0xD8, 0xCA, 0xEC, 0x0B, 0x61, 0x27, 0xE0, 0xED, 0xD8, 0xA3, 0x27, 0xBE, 0xC2,
    0x10, 0x6C, 0xE2, 0xC0, 0xDC, 0x74, 0x57, 0x25, 0xB9, 0x8A, 0xD9, 0x49, 0xC4, 0x57, 0xC0, 0xBB,
    0x6F, 0xA9, 0x40, 0xBF, 0xAE, 0x6F, 0xCD, 0xD7, 0x6F, 0x0D, 0x2D, 0xCF, 0x84, 0xCF, 0x05, 0x80,
    0x53, 0x1D, 0xB6, 0x9B, 0xE3, 0xB0, 0x73, 0x0A, 0x30, 0xCB, 0x3E, 0xF7, 0xA7, 0x50, 0x1F, 0x40,
    0x0F, 0x41, 0x0D, 0x19, 0x29, 0x0F, 0x4C, 0xB9, 0x26, 0x46, 0xC4, 0x90, 0x2D, 0xF3, 0x99, 0x19,
    0xB7, 0x74, 0xDA, 0xC6, 0xB8, 0xD6, 0xE1, 0x3E, 0x18, 0x0B, 0x62, 0xAD, 0x78, 0x7F, 0xE6, 0x7E,
    0x9A, 0x55, 0x90, 0x4A, 0xE5, 0x1A, 0x92, 0xE3, 0x02, 0xE6, 0x12, 0xA3, 0xB9, 0xE1, 0x6B, 0xB4,
    0xD6, 0x34, 0x7C, 0x76, 0x68, 0xA1, 0x22, 0xC7, 0xB9, 0x87, 0x0C, 0x99, 0x31, 0x43, 0x66, 0xCC,
    0xD4, 0x1B, 0xA1, 0xE6, 0xF6, 0xAF, 0xCA, 0xFD, 0x37, 0xAF, 0x66, 0xD1, 0xEB, 0xA0, 0xBF, 0x20,
    0x20, 0xAF, 0x96, 0x24, 0xA6, 0xC4, 0xE2, 0x63, 0xC6, 0xED, 0xBA, 0x70, 0x09, 0x5D, 0xE2, 0x0C,
    0xF9, 0x21, 0xB9, 0xBE, 0x99, 0xBF, 0xCB, 0xAA, 0xB1, 0xE5, 0x6A, 0xC9, 0x9C, 0x2F, 0x5E, 0xAF,
    0xD6, 0x8F, 0xC7, 0x18, 0x3C, 0x06, 0xAB, 0x1A, 0x7F, 0xCD, 0xD7, 0xAC, 0xAC, 0xC1, 0x3B, 0x9C,
    0xEA, 0x8E, 0x24, 0xB8, 0x9E, 0x2B, 0x98, 0xEB, 0xAB, 0xCC, 0x51, 0x95, 0xCD, 0x33, 0x9F, 0xEB,
    0x03, 0xF0, 0xB4, 0x2F, 0x34, 0xAB, 0xA6, 0x6A, 0x8F, 0x3D, 0x99, 0x99, 0xBC, 0x03, 0xA1, 0xA6,
    0xD9, 0x92, 0x61, 0x6D, 0x47, 0x7A, 0xF9, 0x4C, 0xA6, 0x84, 0x59, 0xB3, 0x5A, 0xF7, 0xF2, 0x69,
    0x68, 0x65, 0xDB, 0x56, 0xD6, 0xB7, 0x33, 0xE9, 0x84, 0x55, 0x32, 0x6D, 0x56, 0x3B, 0xB3, 0x66,
    0x75, 0x51, 0xE4, 0xB3, 0xCD, 0xEA, 0xD5, 0xE0, 0xCE, 0x5B, 0xD0, 0x3B, 0x72, 0xF7, 0x52, 0x9A,
    0xBF, 0xD6, 0xC3, 0x66, 0x8E, 0x4F, 0x16, 0x50, 0x7E, 0xF0, 0xCF, 0xB2, 0x74, 0x8F, 0xCB, 0xA3,
    0xF7, 0x3D, 0x44, 0xE4, 0x59, 0x21, 0xD7, 0x03, 0x89, 0x63, 0x82, 0x96, 0x24, 0x78, 0xBD, 0x15,
    0x17, 0xCC, 0x3A, 0x7E, 0xF5, 0xE5, 0x8D, 0xF9, 0x74, 0x68, 0xD1, 0x9F, 0x51, 0x77, 0xB2, 0xBF,
    0xA7, 0x26, 0x51, 0xC9, 0xDE, 0x84, 0x28, 0xFA, 0xF9, 0x60, 0x00, 0xDF, 0x29, 0x54, 0xCC, 0x1E,
    0xD3, 0x4D, 0xB6, 0xAD, 0xB2, 0x8C, 0xFB, 0xF6, 0x5F, 0xB6, 0xCC, 0x40, 0xC2, 0x89, 0x24, 0xBF,
    0x81, 0xE8, 0xF1, 0x64, 0x4C, 0x81, 0x6D, 0x49, 0xB2, 0x37, 0x85, 0xA2, 0xDD, 0x64, 0xDA, 0x7F,
    0x57, 0xE3, 0xCF, 0x86, 0x9C, 0x38, 0x42, 0xCF, 0x1A, 0xB5, 0xCB, 0xBC, 0x75, 0x0F, 0x61, 0x4B,
    0x6A, 0x08, 0x15, 0x25, 0x46, 0x41, 0x5A, 0x7E, 0x8D, 0x6C, 0xB0, 0xC7, 0xB0, 0xDB, 0xD1, 0xEC,
    0xB7, 0xFC, 0x19, 0x89, 0xF4, 0xA4, 0x86, 0x2D, 0x08, 0x31, 0xED, 0xC2, 0x48, 0xCC, 0xF5, 0x58,
    0xF7, 0x94, 0x13, 0x49, 0x62, 0x15, 0x67, 0x6A, 0x78, 0x72, 0xCA, 0xF1, 0x12, 0xE4, 0x10, 0xE3,
    0x69, 0xFA, 0x41, 0xA5, 0xAC, 0xB4, 0xE1, 0xE9, 0xF9, 0xB1, 0x6D, 0x8E, 0x50, 0xF7, 0x01, 0xAC,
    0xA1, 0x81, 0xDA, 0x91, 0xC1, 0xCF, 0x9B, 0xD2, 0x52, 0x55, 0xB8, 0xB6, 0xA7, 0x55, 0x4B, 0x52,
    0x92, 0x0D, 0xD9, 0x74, 0x0E, 0xB7, 0xCA, 0x44, 0x3F, 0xE3, 0xB4, 0xDE, 0x6B, 0x98, 0x06, 0x5F,
    0x0D, 0xE5, 0x17, 0x99, 0xFF, 0x51, 0xBC, 0x82, 0x82, 0x35, 0xA3, 0xDD, 0xCD, 0xDC, 0x89, 0xA1,
    0xAE, 0x86, 0xC1, 0xFA, 0x81, 0x19, 0x84, 0x47, 0x52, 0x24, 0x83, 0x15, 0xF9, 0x41, 0x22, 0xF2,
    0x91, 0x98, 0xD1, 0xD3, 0xB8, 0xFF, 0x08, 0xDE, 0xD0, 0xCC, 0xE1, 0x1E, 0x4B, 0x5C, 0xBE, 0x9C,
    0x88, 0x43, 0xB8, 0xBF, 0x98, 0x0F, 0xBE, 0x10, 0x5A, 0x29, 0x4D, 0x8D, 0x3D, 0x92, 0x81, 0xE6,
    0x6A, 0x34, 0x37, 0x15, 0x37, 0x4B, 0xA9, 0xB9, 0x5D, 0xCC, 0x1A, 0xE6, 0x05, 0x15, 0x76, 0x9E,
    0x98, 0x47, 0x1B, 0xF3, 0x14, 0x1E, 0x94, 0xE3, 0x1F, 0x1E, 0xBF, 0x37, 0x9B, 0xE0, 0x5F, 0xD4,
    0xC7, 0x51, 0x78, 0x3B, 0x36, 0x55, 0xA2, 0x20, 0xF5, 0xE6, 0x7A, 0xAC, 0xFE, 0x75, 0xAE, 0x2A,
    0xEE, 0xA9, 0x4C, 0xC7, 0xED, 0x78, 0x13, 0x16, 0x9B, 0x9A, 0x41, 0xDD, 0x1D, 0x2E, 0x88, 0x4D,
    0xCA, 0x50, 0xF6, 0xCF, 0x9D, 0xBF, 0x39, 0x49, 0x54, 0xB4, 0xDF, 0x3D, 0x5B, 0xBF, 0x37, 0x09,
    0x79, 0x01, 0x84, 0xE1, 0xCB, 0xA6, 0xC5, 0xFD, 0xF4, 0x22, 0x88, 0x2D, 0x83, 0xFD, 0x0C, 0xA0,
    0xCC, 0x7E, 0x14, 0x4F, 0x01, 0x8C, 0xD3, 0xEE, 0xB3, 0x84, 0x7E, 0xCE, 0xB3, 0x8F, 0xAB, 0xAF,
    0xB2, 0xA7, 0xC5, 0xCB, 0xBF, 0xD0, 0xA8, 0x1F, 0x98, 0x66, 0xBD, 0x43, 0x39, 0x7D, 0xD3, 0xFF,
    0x0C, 0x9D, 0x1C, 0xBB, 0xF4, 0xAE, 0x77, 0x52, 0x4D, 0x2A, 0x65, 0x6E, 0xBD, 0x2F, 0x08, 0xEC,
    0xDB, 0x1B, 0xA6, 0x6F, 0x6F, 0x4E, 0xC9, 0x96, 0xA4, 0xDD, 0xD1, 0xD8, 0x1C, 0xC0, 0x7B, 0x56,
    0x1D, 0xD3, 0x2E, 0xD5, 0x9D, 0x11, 0xED, 0xF5, 0x24, 0x5A, 0xD3, 0xE7, 0x6D, 0x73, 0xC4, 0x71,
    0x3C, 0x94, 0xF9, 0x10, 0x2B, 0x78, 0x19, 0xE3, 0x66, 0x0F, 0xE0, 0x16, 0x30, 0x8E, 0x51, 0x89,
    0x16, 0x25, 0xFA, 0x79, 0xF5, 0xD9, 0x7A, 0x39, 0xC9, 0x8C, 0xAB, 0x0F, 0x63, 0xFC, 0x2A, 0xC1,
    0xEF, 0x4D, 0x8C, 0xDD, 0x98, 0xA7, 0x82, 0xFB, 0x75, 0x08, 0xEF, 0xE3, 0x76, 0xF6, 0x52, 0xFE,
    0x45, 0x33, 0xC7, 0x4F, 0x32, 0x7C, 0x36, 0xFF, 0x44, 0xAF, 0x42, 0xEF, 0x9D, 0x41, 0x1F, 0x91,
    0xBB, 0x04, 0x5D, 0x9D, 0x98, 0x1E, 0xD9, 0xE4, 0x2C, 0x5B, 0xED, 0x2B, 0xD1, 0xFF, 0x0A, 0xDC,
    0x9D, 0x3E, 0x85, 0xB4, 0x85, 0x02, 0xF5, 0xE9, 0x3C, 0x2B, 0x83, 0x81, 0x93, 0x09, 0x8D, 0x66,
    0x2D, 0xD6, 0x8F, 0x8C, 0x72, 0x1B, 0x19, 0x85, 0x86, 0x19, 0x6B, 0x50, 0xF0, 0x27, 0xBE, 0xF5,
    0xFE, 0x9C, 0x21, 0xCC, 0xC9, 0xDF, 0x9B, 0xE9, 0x3F, 0xE8, 0xBC, 0xF4, 0xB9, 0x0C, 0x6D, 0x13,
    0x71, 0xE9, 0x58, 0x9E, 0xAB, 0x08, 0x03, 0x08, 0xC7, 0x77, 0x2A, 0xB6, 0x0B, 0x3C, 0x0A, 0x8F,
    0xDC, 0x24, 0x88, 0x34, 0x82, 0x0F, 0x69, 0xCB, 0x53, 0xE6, 0xC8, 0xC7, 0x01, 0xA2, 0x9F, 0xF5,
    0x10, 0xB9, 0x05, 0x5A, 0x4C, 0xA9, 0xA6, 0xD4, 0xAA, 0x56, 0xFD, 0xD4, 0xD1, 0xCC, 0x56, 0x9C,
    0xEA, 0x87, 0xBE, 0x9D, 0x37, 0xDC, 0x54, 0x73, 0xD2, 0xDD, 0x80, 0x6B, 0xA8, 0x6B, 0x96, 0xC8,
    0x55, 0xE3, 0x2A, 0x76, 0x06, 0x85, 0xE9, 0x85, 0xD9, 0xD1, 0xB0, 0x97, 0x29, 0x9C, 0x8F, 0x52,
    0xFB, 0xE3, 0xC4, 0x7E, 0x02, 0xEB, 0xEF, 0xA6, 0xF9, 0x18, 0xD5, 0x24, 0xF0, 0xAD, 0xD4, 0x10,
    0x09, 0x77, 0x72, 0xC3, 0x47, 0xE9, 0x72, 0x52, 0x4C, 0x97, 0x1A, 0x9E, 0xEB, 0x52, 0x6D, 0x36,
    0xC6, 0xD6, 0x7E, 0x97, 0x40, 0x6D, 0xCC, 0xBC, 0xA8, 0xEA, 0xAF, 0xF4, 0xA5, 0xD4, 0x1D, 0x37,
    0x33, 0xF3, 0x12, 0xA2, 0xFD, 0xF7, 0x78, 0x40, 0xF2, 0x30, 0xD6, 0x20, 0x7E, 0xB9, 0x9A, 0x1A,
    0x0B, 0xFB, 0x61, 0x2E, 0x64, 0xEB, 0xC9, 0x7E, 0x96, 0xC1, 0xEA, 0xE3, 0xE6, 0x3E, 0xB7, 0xD6,
    0x32, 0xF2, 0x97, 0x97, 0xA8, 0xEB, 0x62, 0x3A, 0x47, 0x9C, 0x6A, 0x9D, 0xEB, 0x4D, 0xAF, 0x25,
    0xEA, 0xED, 0x5C, 0x00, 0x17, 0xB0, 0x6C, 0xEC, 0x7C, 0x2A, 0x53, 0x72, 0x35, 0x1D, 0xAF, 0x31,
    0xB8, 0x7D, 0xC3, 0xBB, 0x01, 0x43, 0xFA, 0xFF, 0xB5, 0x56, 0xBF, 0x8F, 0x1B, 0x45, 0x14, 0xFE,
    0x76, 0x27, 0xB9, 0x05, 0x8D, 0xE2, 0x49, 0x41, 0x41, 0x73, 0xDE, 0x96, 0xC2, 0x3F, 0x24, 0x2A,
    0x17, 0xE3, 0xF3, 0x02, 0x7F, 0x00, 0x14, 0xFC, 0x15, 0x48, 0xA0, 0x14, 0x2E, 0x56, 0xCA, 0xE9,
    0x6E, 0xC5, 0x95, 0x34, 0x11, 0x52, 0xAA, 0x50, 0x44, 0x28, 0x95, 0x29, 0xEC, 0xC2, 0x12, 0x57,
    0x38, 0xE7, 0x81, 0x26, 0x05, 0x05, 0xDB, 0xD3, 0xAC, 0x44, 0x83, 0xEE, 0x8A, 0x1B, 0x09, 0x4B,
    0xB1, 0x0E, 0x9F, 0x87, 0xEF, 0x8D, 0x7D, 0x81, 0x0E, 0x09, 0xC1, 0x7A, 0xDF, 0xEC, 0xD8, 0x9E,
    0xF9, 0xE6, 0xCD, 0xF7, 0xBE, 0xF7, 0x66, 0x01, 0xBC, 0x0B, 0xC0, 0xD2, 0x4A, 0xF4, 0x83, 0x4F,
    0x6F, 0x96, 0x85, 0x76, 0x06, 0x06, 0xBA, 0x1A, 0x22, 0xAB, 0x2C, 0x54, 0x55, 0xF2, 0x59, 0x42,
    0x17, 0x25, 0x7F, 0xB5, 0xE8, 0xE1, 0x08, 0x0B, 0x98, 0x2B, 0x8F, 0x34, 0x14, 0x9C, 0xA6, 0x69,
    0x06, 0x49, 0xD8, 0xC0, 0x5C, 0xD7, 0xE8, 0xA5, 0x35, 0x6C, 0xD2, 0x60, 0x8C, 0x06, 0xF3, 0xA4,
    0xC6, 0x5C, 0x39, 0x1C, 0xEB, 0x0A, 0xA3, 0x25, 0x47, 0xAD, 0x21, 0xD7, 0x5B, 0xB4, 0x0E, 0x6D,
    0xC0, 0x35, 0x1A, 0x1A, 0x64, 0xB5, 0x36, 0xAD, 0x4B, 0xEB, 0xB0, 0x67, 0xD9, 0xB3, 0xEC, 0xD9,
    0xF8, 0x29, 0x31, 0x4C, 0x3C, 0x5D, 0xAB, 0xA1, 0x83, 0x4C, 0xCF, 0xE2, 0x7A, 0xAD, 0xE4, 0x16,
    0x87, 0x69, 0x83, 0x4E, 0xEA, 0x60, 0xD5, 0x9D, 0x55, 0x18, 0x64, 0x85, 0x00, 0x63, 0x78, 0x0A,
    0xE4, 0xBF, 0xC4, 0xF5, 0x60, 0x86, 0xF1, 0x91, 0xF9, 0xF8, 0x48, 0x2A, 0xEC, 0x2F, 0x15, 0x1A,
    0x15, 0x42, 0xA5, 0x2F, 0x37, 0xE9, 0x64, 0x5A, 0xE8, 0xE2, 0x08, 0xDC, 0x9A, 0x38, 0x83, 0x75,
    0x7C, 0xA8, 0x26, 0xBA, 0x65, 0x2A, 0xEE, 0xD9, 0x60, 0x84, 0xE8, 0xE0, 0x46, 0xC8, 0xEA, 0xA6,
    0x5E, 0x1E, 0x56, 0x3B, 0xD2, 0x96, 0xAC, 0xFA, 0x04, 0xBB, 0x98, 0xD6, 0x27, 0x93, 0x17, 0x08,
    0xB7, 0x58, 0x86, 0x95, 0x40, 0xE3, 0x75, 0x4D, 0x64, 0x4E, 0x8D, 0xC0, 0x82, 0xA3, 0x03, 0xB7,
    0x6B, 0x0E, 0xBE, 0x73, 0x11, 0xB5, 0x10, 0xD0, 0x61, 0xC4, 0x3C, 0x8F, 0x90, 0x4D, 0x44, 0xAC,
    0x04, 0xB0, 0xB7, 0xC7, 0x13, 0xB8, 0x10, 0x22, 0x57, 0xC7, 0xC0, 0x58, 0xD5, 0xC0, 0x8C, 0x7E,
    0x6F, 0x7C, 0xB8, 0x35, 0x53, 0x3F, 0x59, 0x0C, 0xE9, 0xA2, 0xB7, 0xAA, 0x56, 0x6E, 0x9C, 0x3A,
    0x53, 0x90, 0xEC, 0xA1, 0x30, 0xBE, 0x42, 0x69, 0xCE, 0x6A, 0x72, 0xFE, 0xD5, 0xE5, 0x13, 0xF3,
    0xFA, 0x63, 0x6E, 0x93, 0x7B, 0x36, 0x84, 0x46, 0x5B, 0x33, 0x64, 0x5D, 0x23, 0x11, 0x8F, 0x4D,
    0x5B, 0xE2, 0xDE, 0x65, 0x73, 0x2E, 0x11, 0x99, 0x5B, 0x24, 0xC4, 0xA3, 0x47, 0x9E, 0xB1, 0x4E,
    0xEB, 0x65, 0xF8, 0xE9, 0xDA, 0x85, 0xF0, 0xE3, 0x16, 0xFB, 0x90, 0x0D, 0x09, 0x24, 0x2E, 0x42,
    0x60, 0x08, 0x30, 0xA3, 0x79, 0x62, 0x78, 0x3A, 0xDC, 0x74, 0x90, 0xD4, 0x16, 0xA9, 0xA3, 0x64,
    0x5C, 0x49, 0xBB, 0x98, 0x9C, 0x55, 0x21, 0xBC, 0x2A, 0xA2, 0x44, 0x92, 0xA5, 0xF8, 0x4D, 0x88,
    0x06, 0x89, 0xCF, 0x8A, 0x46, 0xC7, 0xF9, 0x46, 0xB9, 0x96, 0x72, 0x87, 0xAA, 0xEA, 0x64, 0x85,
    0xD5, 0xE2, 0x13, 0x63, 0x37, 0x6E, 0xE1, 0xE5, 0x21, 0x4E, 0x3A, 0xC2, 0xF0, 0x01, 0x23, 0xD1,
    0x40, 0x79, 0x46, 0xB7, 0xD4, 0xD2, 0xCE, 0xF5, 0x3C, 0xAB, 0xE0, 0xCD, 0x80, 0x1E, 0x78, 0x63,
    0xE3, 0xFA, 0xDC, 0x4F, 0xD2, 0xF4, 0x5A, 0x06, 0x69, 0xDD, 0x35, 0x6D, 0xAE, 0x6C, 0xF5, 0xE7,
    0xD2, 0x66, 0x8B, 0x01, 0x85, 0xAB, 0x36, 0x96, 0xCC, 0xA4, 0x1B, 0x2A, 0xD0, 0x27, 0xEB, 0xBD,
    0x06, 0x1B, 0x11, 0x82, 0x17, 0x5C, 0x1F, 0x61, 0x23, 0x2A, 0x41, 0x3F, 0x74, 0xC4, 0x54, 0x8E,
    0x90, 0xAA, 0xEA, 0xB6, 0x4C, 0x56, 0x75, 0x0C, 0x29, 0xB3, 0xBA, 0x4B, 0xE7, 0xB2, 0x85, 0x01,
    0xD1, 0x5A, 0x20, 0x58, 0x5B, 0xB0, 0x84, 0x91, 0x98, 0x39, 0x07, 0x02, 0x6A, 0xFC, 0x1D, 0x4B,
    0x47, 0xFB, 0x67, 0xBC, 0x1E, 0x2C, 0x8B, 0xB1, 0xB9, 0x72, 0xB3, 0x3C, 0x75, 0xBE, 0x4B, 0xA3,
    0x50, 0x1B, 0xAB, 0x7E, 0xA8, 0x07, 0xEA, 0x4B, 0x37, 0xCE, 0x3E, 0x72, 0x33, 0x4D, 0x1F, 0x8C,
    0xDA, 0x73, 0x3A, 0x05, 0xD2, 0x5B, 0x62, 0x91, 0x4F, 0xB5, 0xE2, 0xEC, 0xBD, 0x56, 0x19, 0x66,
    0x68, 0xBF, 0x5B, 0xA3, 0x2B, 0xD2, 0x9B, 0x43, 0x42, 0x94, 0x34, 0xC2, 0xB3, 0x85, 0xBE, 0x64,
    0x42, 0x32, 0x01, 0xBB, 0xD4, 0x93, 0x24, 0xCF, 0x8A, 0xAA, 0xC3, 0x6B, 0x17, 0x1D, 0x41, 0xBA,
    0x85, 0x99, 0x16, 0x0F, 0xB8, 0x82, 0xAA, 0x0E, 0x42, 0x35, 0x7A, 0x56, 0x78, 0xC6, 0x37, 0xC7,
    0x36, 0x60, 0xF4, 0x33, 0x43, 0x2A, 0xB0, 0x6F, 0x52, 0x22, 0xEA, 0xBE, 0x17, 0x73, 0xF1, 0x2E,
    0x0F, 0x25, 0x03, 0x6D, 0x94, 0xE8, 0x9C, 0x3D, 0xCF, 0xD6, 0xF3, 0xB3, 0xA2, 0x4B, 0xA7, 0xA1,
    0x42, 0x4E, 0x6F, 0x65, 0xA9, 0x98, 0x62, 0x2D, 0x34, 0xED, 0xA4, 0x66, 0x4A, 0x76, 0xE8, 0x95,
    0x72, 0x03, 0x55, 0x31, 0x4C, 0xA5, 0xC1, 0xD1, 0x12, 0xF9, 0x15, 0x3D, 0xA7, 0xA8, 0x6A, 0xA4,
    0x52, 0x34, 0xB0, 0x6C, 0xB2, 0x9B, 0x75, 0x0E, 0x6B, 0xA5, 0xEE, 0x10, 0x8F, 0x1E, 0x6D, 0xFC,
    0xFD, 0x63, 0x0F, 0xBB, 0xC2, 0xF9, 0x22, 0x59, 0x8F, 0xA6, 0x33, 0x7D, 0xFB, 0x08, 0xD6, 0xEF,
    0x9D, 0x0B, 0x1D, 0x75, 0xB5, 0x36, 0xC5, 0xDA, 0x60, 0xDE, 0xC6, 0xAC, 0x2B, 0xAA, 0xF3, 0x26,
    0x6D, 0xF4, 0x75, 0x9D, 0x6E, 0x1D, 0x49, 0xB8, 0xA7, 0xAA, 0xA3, 0x1C, 0xE6, 0x16, 0x49, 0xB1,
    0x03, 0xDF, 0xE4, 0x18, 0x5A, 0xE4, 0xA5, 0x70, 0xB6, 0xBB, 0x5B, 0x5E, 0xB8, 0xB3, 0x8B, 0xC4,
    0x8F, 0xA6, 0x4E, 0xAF, 0x91, 0x38, 0xE1, 0x95, 0x99, 0x2C, 0x0C, 0x5D, 0xBB, 0x21, 0x95, 0x9B,
    0xD4, 0xE3, 0xA4, 0x9E, 0xA7, 0x35, 0x73, 0xA8, 0xD4, 0xD5, 0xE8, 0x02, 0x7A, 0x05, 0x16, 0x14,
    0x53, 0x20, 0x73, 0xFF, 0x77, 0xB9, 0x60, 0x84, 0x2F, 0x25, 0x41, 0xFE, 0x93, 0x72, 0x21, 0x94,
    0x8D, 0xA5, 0xF9, 0x57, 0xE5, 0x42, 0x22, 0xC9, 0x95, 0x18, 0x6A, 0xD1, 0x9E, 0x47, 0x76, 0x0E,
    0xFD, 0x1E, 0xD4, 0x40, 0x4A, 0x28, 0x89, 0xCC, 0xBD, 0xA8, 0x66, 0x41, 0x21, 0x94, 0x69, 0x53,
    0x4A, 0xBA, 0x5D, 0x2E, 0x28, 0xBF, 0xA1, 0x10, 0xDE, 0x8D, 0xDA, 0x2B, 0x40, 0xF7, 0x74, 0x0C,
    0x34, 0x79, 0x78, 0x5C, 0xE0, 0xDB, 0x0A, 0xDF, 0x57, 0xD2, 0xBF, 0xF7, 0x4F, 0x7A, 0x84, 0xCC,
    0x96, 0xEC, 0x6C, 0xE2, 0xE2, 0x4E, 0xDA, 0x83, 0x37, 0xF2, 0x24, 0x53, 0x72, 0xE8, 0xE8, 0xCB,
    0x09, 0xFB, 0xFD, 0xF8, 0xE7, 0x63, 0x69, 0x93, 0xDF, 0xA5, 0xCD, 0x5E, 0x49, 0x4B, 0xE2, 0x58,
    0x27, 0x87, 0xE6, 0x29, 0x07, 0xAE, 0xCD, 0x6E, 0x8E, 0xFC, 0xFC, 0xF4, 0x0B, 0xB6, 0x3D, 0xF4,
    0x27, 0xCF, 0xC9, 0xE0, 0x28, 0xF8, 0xFD, 0x51, 0x14, 0xAB, 0x1F, 0xED, 0x09, 0x76, 0xD9, 0x92,
    0x7B, 0x33, 0xDD, 0x2E, 0xDE, 0x56, 0xB5, 0x54, 0x12, 0x93, 0x87, 0xB0, 0x3D, 0x7D, 0xF6, 0xF4,
    0x53, 0x4F, 0x0D, 0xF8, 0xBE, 0x7B, 0x78, 0x71, 0x73, 0xB3, 0x1A, 0xD5, 0x4B, 0x27, 0x3B, 0xD9,
    0x25, 0x7F, 0xF3, 0x97, 0x73, 0xFD, 0xF5, 0xF3, 0x64, 0xBB, 0x74, 0x19, 0xB9, 0xA5, 0x00, 0x5C,
    0x0F, 0xBF, 0x32, 0x0D, 0xCE, 0x9C, 0x65, 0x8D, 0xB3, 0x4C, 0x06, 0xDB, 0xE8, 0x62, 0xC4, 0x7F,
    0xFA, 0x38, 0xC6, 0xE9, 0xD5, 0x0A, 0x5F, 0x07, 0x91, 0xF6, 0x27, 0x2C, 0x44, 0xB2, 0xCF, 0xDD,
    0x26, 0x97, 0xDF, 0xA8, 0x3F, 0x56, 0xFA, 0x03, 0x6F, 0xB2, 0xF3, 0xC3, 0xC3, 0xB2, 0xFB, 0x68,
    0xDE, 0x73, 0x3E, 0x4F, 0x9B, 0xFE, 0xB5, 0x7B, 0x7F, 0xCB, 0x43, 0xB6, 0xE2, 0xB9, 0x9B, 0x63,
    0xC6, 0x92, 0x9B, 0x43, 0xC4, 0xC9, 0x5F, 0x62, 0x61, 0xF0, 0xEF, 0x48, 0xDD, 0xF6, 0xFD, 0x69,
    0x9D, 0x6D, 0xEF, 0x0A, 0xDC, 0x4C, 0x38, 0xA4, 0x6E, 0x13, 0x8E, 0x5C, 0xCB, 0x01, 0x3C, 0xB8,
    0x2F, 0x0E, 0xE7, 0xAC, 0xC0, 0x2F, 0x45, 0x60, 0x2C, 0xDE, 0x27, 0x2F, 0x91, 0xAF, 0x22, 0xAD,
    0x05, 0xA3, 0x21, 0x11, 0xEB, 0xED, 0xBC, 0x08, 0x9B, 0xCF, 0x6E, 0x5E, 0xC4, 0xB4, 0x94, 0x9B,
    0x38, 0x3C, 0xD6, 0x95, 0xDB, 0xDF, 0x59, 0x1C, 0x69, 0xB0, 0x4B, 0x79, 0xB9, 0x39, 0x8B, 0xE7,
    0xD3, 0x43, 0x7E, 0x7F, 0xCE, 0xE1, 0x8D, 0xD9, 0xE8, 0xDF, 0x94, 0xE3, 0xA7, 0xCA, 0x8A, 0x78,
    0xBC, 0x3F, 0xD1, 0xB5, 0x8C, 0x6B, 0x91, 0xEC, 0x63, 0x19, 0x66, 0xEC, 0xEE, 0x38, 0xDE, 0x9F,
    0xC5, 0xAA, 0x52, 0x4E, 0x8B, 0x15, 0x59, 0xC5, 0x17, 0x82, 0x42, 0xB2, 0x29, 0x9F, 0x4C, 0x79,
    0xE8, 0x87, 0xBF, 0xBD, 0x10, 0xEC, 0x0A, 0xD1, 0x9C, 0xE6, 0xD9, 0x6B, 0x1F, 0xF3, 0xED, 0x61,
    0x5F, 0x4C, 0x98, 0xA2, 0xFB, 0xF3, 0x64, 0x59, 0xB0, 0xD6, 0xB2, 0xD4, 0xB2, 0xD2, 0xDA, 0xBB,
    0x1A, 0x34, 0xCE, 0x8A, 0x99, 0x66, 0xB5, 0xC0, 0x9F, 0x01, 0x6F, 0x00, 0x90, 0xFF, 0x50, 0xB0,
    0x3C, 0x02, 0x00, 0x0F, 0x40, 0x3D, 0x00, 0x01, 0x80, 0x0B, 0xE0, 0x3D, 0x78, 0x00, 0x00, 0x1F,
    0x9E, 0x3E, 0xFC, 0x10, 0x10, 0x00, 0x00, 0xFF, 0xD0, 0x55, 0x40, 0x00, 0x00, 0xB5, 0xE0, 0x3F,
    0xC0, 0x04, 0x00, 0x00, 0xF0, 0xB0, 0x00, 0x00, 0x78, 0x78, 0x38, 0x74, 0x00, 0xFC, 0x7C, 0x2C,
    0x34, 0x00, 0x00, 0x3F, 0x00, 0xBB, 0x40, 0xE7, 0x40, 0x7F, 0x00, 0x04, 0x00, 0x0A, 0x34, 0x2E,
    0xF4, 0x7A, 0xD0, 0x60, 0xA0, 0x3F, 0xC0, 0x1F, 0x00, 0x00, 0xD0, 0x01, 0xD0, 0x03, 0xC0, 0xFF,
    0x80, 0x55, 0x00, 0x38, 0x7C, 0x3C, 0x00, 0x0B, 0x0B, 0x1F, 0x3C, 0x10, 0x01, 0x00, 0x0A, 0x00,
    0x0F, 0x80, 0x0B, 0x80, 0x3F, 0x40, 0x04, 0x00, 0x04, 0x74, 0xF4, 0xBC, 0x00, 0xAD, 0x58, 0x3D,
    0x6F, 0xDB, 0x56, 0x14, 0x3D, 0x8F, 0x54, 0x44, 0xBB, 0x44, 0x4C, 0x0F, 0x19, 0x0C, 0x04, 0x96,
    0x3C, 0x78, 0x28, 0x50, 0xD9, 0xCE, 0x90, 0x41, 0x03, 0x65, 0x11, 0x1D, 0xDA, 0xB1, 0x5E, 0xBC,
    0x16, 0x9E, 0x8B, 0x00, 0x5D, 0x3C, 0x68, 0x30, 0x6A, 0xFE, 0x84, 0xEC, 0x05, 0x8A, 0x8E, 0x49,
    0x33, 0xC4, 0x83, 0x06, 0x17, 0x35, 0x6A, 0xA2, 0x1D, 0x0A, 0x14, 0x05, 0xC2, 0xCE, 0x29, 0x5A,
    0x02, 0xDD, 0x92, 0xC1, 0x44, 0x2B, 0x14, 0x4A, 0x6A, 0x89, 0x3D, 0xF7, 0x3D, 0x4A, 0xA2, 0xEB,
    0x26, 0x22, 0xAD, 0x52, 0xA2, 0x3E, 0x28, 0xF2, 0x9D, 0x73, 0xEF, 0x3B, 0xF7, 0xBC, 0x4B, 0xC1,
    0x4E, 0xE0, 0xA6, 0xF0, 0x52, 0x6C, 0xA5, 0xF0, 0xFB, 0x48, 0x7B, 0x2A, 0xE9, 0xD9, 0x91, 0xEF,
    0xBE, 0x38, 0xF3, 0xB2, 0xCB, 0x2D, 0x74, 0x7C, 0x6C, 0x0D, 0xB0, 0x0D, 0x6E, 0x27, 0xC0, 0x00,
    0x48, 0x61, 0x8D, 0xE1, 0x3D, 0x0D, 0x6E, 0xDB, 0x21, 0xEC, 0xB0, 0x9E, 0x85, 0xDD, 0xCF, 0x83,
    0xD4, 0x43, 0xDA, 0xC4, 0x38, 0x43, 0xF7, 0x99, 0x9C, 0xE8, 0x02, 0x5E, 0x00, 0x0F, 0x66, 0xBB,
    0x04, 0x8E, 0x80, 0x16, 0xB0, 0x21, 0xDF, 0xCA, 0xC3, 0x71, 0x08, 0x37, 0x82, 0x1D, 0xE0, 0x1D,
    0xF9, 0x36, 0x17, 0xF4, 0x0E, 0xF7, 0x1E, 0xA0, 0x12, 0xA8, 0x94, 0x17, 0xB7, 0x30, 0xDD, 0x08,
    0x29, 0x98, 0x02, 0x2A, 0xA8, 0x02, 0x4B, 0x5C, 0x9E, 0xD9, 0x03, 0x91, 0x41, 0x68, 0x10, 0x1B,
    0x04, 0x07, 0xD1, 0x61, 0xE0, 0xC9, 0xBE, 0x93, 0x53, 0xDE, 0x81, 0xFA, 0x3D, 0x2C, 0x41, 0xC1,
    0x8A, 0xF8, 0x22, 0xF0, 0x07, 0x8B, 0xC3, 0x7F, 0xA9, 0xD3, 0xDD, 0x96, 0xBC, 0x3D, 0x09, 0xCC,
    0x38, 0x73, 0x33, 0x20, 0x99, 0x27, 0x85, 0x7A, 0xCC, 0x2C, 0x44, 0x50, 0x7F, 0x30, 0x7F, 0x67,
    0xC0, 0xF2, 0xD2, 0x02, 0x34, 0x20, 0xC9, 0x54, 0x3C, 0xF3, 0xBE, 0x44, 0x56, 0x36, 0x11, 0x82,
    0xF6, 0x57, 0x04, 0xF7, 0x3C, 0x44, 0xED, 0x16, 0x26, 0xC3, 0xFC, 0x1F, 0x6C, 0x3E, 0xEB, 0xE1,
    0x65, 0x8A, 0x20, 0xCF, 0x48, 0x59, 0x42, 0x04, 0xF7, 0x1E, 0xCC, 0x66, 0xA3, 0xA2, 0xDC, 0xCB,
    0x87, 0x5D, 0xD0, 0xFD, 0x8A, 0x96, 0xCF, 0x81, 0xD6, 0xF1, 0xC7, 0x70, 0x58, 0x03, 0x41, 0x05,
    0x74, 0x4E, 0x9F, 0x13, 0x61, 0x79, 0xA2, 0xA0, 0x2C, 0xD2, 0xEA, 0x9E, 0x47, 0x80, 0xC7, 0x15,
    0xE7, 0x7E, 0x4F, 0x83, 0x36, 0x60, 0x0F, 0xAB, 0x81, 0x72, 0x8A, 0x7D, 0x60, 0xA9, 0x00, 0x5A,
    0x2B, 0x29, 0xBB, 0x5D, 0xC9, 0x91, 0x84, 0xBC, 0x96, 0xC7, 0x5B, 0x15, 0x9A, 0x1B, 0xE3, 0xAD,
    0x53, 0x13, 0x31, 0xA7, 0xBF, 0x5A, 0xD4, 0x57, 0xD4, 0x56, 0x33, 0xDF, 0x49, 0x41, 0x73, 0x40,
    0xB0, 0x90, 0xDA, 0xB2, 0x01, 0xF6, 0x83, 0x6A, 0x6C, 0x6E, 0x30, 0xD9, 0x45, 0xA9, 0x55, 0x09,
    0x7B, 0xAA, 0x36, 0x3B, 0x1B, 0xB9, 0x2F, 0x1E, 0xB9, 0xFA, 0x33, 0x9F, 0x4D, 0xCE, 0x46, 0x16,
    0x6E, 0xEF, 0xCB, 0x6C, 0xFA, 0xDA, 0x13, 0xBF, 0xFD, 0x2A, 0xCC, 0x32, 0x49, 0xAB, 0xA3, 0x2D,
    0xD5, 0x09, 0x61, 0x65, 0xF0, 0x2E, 0xA2, 0x8E, 0x15, 0xFB, 0x2A, 0x39, 0xCE, 0x92, 0xAF, 0xF7,
    0x03, 0x66, 0xA4, 0xA7, 0xD0, 0x3D, 0x87, 0x3B, 0x9C, 0x0C, 0x1E, 0xC2, 0x35, 0xD1, 0xDB, 0xA9,
    0xAE, 0x5F, 0x5A, 0x9B, 0x94, 0x41, 0x79, 0x38, 0x3D, 0x44, 0x24, 0xBA, 0xAC, 0xEB, 0x88, 0xE6,
    0x81, 0xA2, 0xFB, 0x00, 0xDF, 0x0C, 0x11, 0xEC, 0x55, 0x42, 0x51, 0x59, 0xAA, 0x1E, 0x07, 0xC5,
    0xF1, 0xDB, 0x85, 0xF1, 0x8F, 0x0A, 0xE3, 0xF3, 0x24, 0x8B, 0x05, 0xE2, 0xEA, 0x2C, 0xC0, 0x4F,
    0x67, 0x16, 0x9D, 0x8D, 0x28, 0x82, 0x47, 0x3A, 0x5E, 0xCF, 0x98, 0xBF, 0x20, 0x0A, 0x24, 0x88,
    0x29, 0x88, 0x7A, 0x27, 0xAC, 0xE0, 0xC2, 0x00, 0xDB, 0xF9, 0xD9, 0x9B, 0x13, 0x33, 0x02, 0xFE,
    0x34, 0xE2, 0x25, 0x13, 0xA1, 0x02, 0x72, 0x01, 0x83, 0x05, 0xD9, 0x80, 0x74, 0xD0, 0x87, 0x0E,
    0x58, 0x18, 0xE5, 0x94, 0x56, 0x4C, 0xAE, 0xDD, 0xEF, 0x82, 0xC5, 0xF9, 0xDC, 0xCB, 0x17, 0x0C,
    0xDC, 0xC6, 0x93, 0x10, 0x28, 0x97, 0x72, 0xC3, 0xFB, 0xAE, 0xA1, 0xE1, 0xFC, 0x04, 0x6C, 0x93,
    0xC6, 0xC6, 0xC6, 0x02, 0x34, 0xB8, 0x0D, 0x27, 0x4B, 0xFE, 0xA1, 0x8C, 0xAE, 0x93, 0x32, 0x9F,
    0x89, 0xF7, 0x1B, 0x76, 0x47, 0x58, 0x5D, 0xCD, 0xDD, 0x80, 0x3C, 0x34, 0x8D, 0x0A, 0x72, 0xE3,
    0xEA, 0xF0, 0xF7, 0xA0, 0xB8, 0x3A, 0x94, 0x82, 0xA6, 0x16, 0x3A, 0xE9, 0x34, 0xEF, 0x55, 0x2B,
    0xA9, 0x7C, 0x80, 0x57, 0x4A, 0x8A, 0x57, 0xDD, 0x0D, 0xE4, 0x90, 0xF6, 0x5B, 0x27, 0x43, 0xFD,
    0x95, 0x18, 0x00, 0xB5, 0x62, 0x69, 0x0B, 0x34, 0x4F, 0x47, 0x9F, 0x4F, 0x26, 0x9F, 0x3E, 0x04,
    0x25, 0x24, 0x95, 0xC8, 0x42, 0x4C, 0xA4, 0x0C, 0xBB, 0xC1, 0x0E, 0x7F, 0xF0, 0x28, 0xA0, 0x75,
    0x26, 0xDA, 0xE7, 0xA3, 0xCD, 0x61, 0x38, 0x4A, 0xAA, 0x12, 0x2B, 0xB6, 0x23, 0x79, 0x38, 0xA1,
    0x1B, 0x78, 0xBC, 0x56, 0x2E, 0x6D, 0x69, 0x6F, 0xA3, 0x02, 0x07, 0x3A, 0xD7, 0xB1, 0xAB, 0xCF,
    0xB0, 0x43, 0x27, 0x70, 0xF3, 0x71, 0x24, 0xC6, 0x8E, 0x4C, 0xDA, 0x79, 0xE2, 0xBC, 0xBE, 0x6C,
    0x8A, 0x3F, 0x35, 0x4F, 0xC5, 0xBE, 0xA6, 0x4F, 0xF1, 0xB1, 0x23, 0x95, 0x76, 0x9F, 0xC6, 0xEE,
    0x18, 0xA6, 0xE1, 0xB1, 0x35, 0x5B, 0xF1, 0xAA, 0x8B, 0x68, 0xCB, 0x8A, 0x7C, 0x15, 0x1F, 0xAA,
    0xB8, 0x6F, 0xC5, 0x7D, 0x3B, 0xEA, 0xB9, 0xE1, 0x34, 0x76, 0xA6, 0xEB, 0x9A, 0x9D, 0xD0, 0xF4,
    0xF4, 0xAC, 0x95, 0x86, 0xFB, 0xB7, 0x9D, 0xCC, 0x03, 0x65, 0xA9, 0x93, 0x9B, 0xFA, 0x48, 0xC2,
    0x65, 0x70, 0x27, 0xB3, 0x96, 0xEC, 0x3C, 0x01, 0x31, 0x39, 0xBF, 0x92, 0x93, 0x26, 0x08, 0xCB,
    0xDC, 0x17, 0xF7, 0x2D, 0xEE, 0x3E, 0xBD, 0x23, 0x05, 0xD1, 0x61, 0xE0, 0x89, 0xAB, 0x2B, 0x60,
    0xED, 0x7A, 0xB9, 0x8F, 0x4D, 0xB9, 0x93, 0x0B, 0xCB, 0x3D, 0x06, 0xD9, 0x80, 0x74, 0x40, 0x3E,
    0x20, 0xA1, 0x42, 0xB9, 0xD7, 0x4C, 0x15, 0xA9, 0x0F, 0x99, 0x8F, 0x9F, 0xAF, 0x94, 0xFC, 0xCD,
    0x38, 0xFD, 0x57, 0xC9, 0xCF, 0x4B, 0x8B, 0xF8, 0x6C, 0x5E, 0xC8, 0x52, 0xF2, 0xBF, 0x00, 0x0D,
    0xD2, 0xD8, 0x3C, 0x58, 0x80, 0x86, 0x29, 0xF9, 0x33, 0x4D, 0xE6, 0x64, 0x56, 0x11, 0x73, 0x99,
    0x78, 0xCF, 0xB1, 0x3B, 0x9E, 0x95, 0x3C, 0x79, 0x18, 0x1A, 0xE5, 0x25, 0xF1, 0xA6, 0x92, 0x7F,
    0x3B, 0xB4, 0x0A, 0x44, 0x12, 0x53, 0x45, 0x54, 0x17, 0x7C, 0xF9, 0x18, 0x0B, 0xCA, 0xAF, 0xE5,
    0x76, 0x99, 0xAC, 0x4D, 0x7D, 0x73, 0x27, 0x4B, 0xAD, 0xD7, 0xE7, 0x81, 0x1B, 0x49, 0x09, 0xBA,
    0x61, 0x87, 0x15, 0xEF, 0x53, 0x68, 0x3D, 0xBE, 0xF7, 0x78, 0x51, 0x8F, 0x47, 0x7D, 0xB6, 0x08,
    0xBB, 0xCC, 0xAD, 0xC7, 0xC6, 0xD7, 0xCA, 0x02, 0xA3, 0xC3, 0x46, 0x5D, 0x0B, 0x49, 0xD1, 0xA0,
    0xBD, 0x8B, 0x04, 0xDB, 0xF9, 0x3A, 0x73, 0xC8, 0x35, 0xBA, 0xAF, 0x8C, 0xF0, 0x8E, 0x72, 0xE1,
    0x79, 0x42, 0x43, 0x99, 0xC9, 0x26, 0xF5, 0xC5, 0xB0, 0x25, 0x63, 0xED, 0x8A, 0xD8, 0x93, 0x9B,
    0x40, 0x59, 0x12, 0x44, 0xAA, 0xB8, 0x77, 0x73, 0xFC, 0xDC, 0x05, 0xF4, 0xFA, 0x2D, 0x79, 0xA8,
    0xBB, 0x39, 0x97, 0x4B, 0x72, 0x89, 0xCB, 0x71, 0xA1, 0xE8, 0xB0, 0x3D, 0xBE, 0x83, 0xD5, 0xDA,
    0x42, 0x3C, 0xD8, 0x76, 0x40, 0x3D, 0xFE, 0xA0, 0x90, 0x8B, 0x52, 0xF8, 0x8B, 0xE5, 0x3F, 0x6F,
    0x16, 0xB5, 0x89, 0xA7, 0xF9, 0xA2, 0x52, 0x31, 0x7E, 0x27, 0xC8, 0x53, 0xA8, 0x17, 0x75, 0x8F,
    0x08, 0x1E, 0x6B, 0xBA, 0xA1, 0x1B, 0x5F, 0x59, 0x46, 0x7A, 0xDC, 0x4F, 0xB9, 0xF7, 0xF9, 0x29,
    0xE5, 0x6B, 0xCA, 0xC7, 0xC0, 0x96, 0x1E, 0x26, 0x44, 0x73, 0x94, 0xAF, 0x93, 0x85, 0x29, 0x58,
    0x41, 0xD2, 0x50, 0x71, 0xCB, 0x8A, 0x5A, 0xEC, 0x6D, 0xED, 0xA8, 0x6D, 0x87, 0x6D, 0x92, 0xF7,
    0xB0, 0x7B, 0x8E, 0xE6, 0xCB, 0x6B, 0xEB, 0x9E, 0xD4, 0x0F, 0xAC, 0xC4, 0xB8, 0xB3, 0x65, 0x8E,
    0xDD, 0x94, 0x85, 0xFC, 0x41, 0x10, 0x4A, 0x17, 0xB6, 0x6C, 0x3A, 0xA9, 0xB7, 0xF3, 0x10, 0x93,
    0xE9, 0x4B, 0x03, 0xB8, 0x94, 0xCB, 0xB0, 0xCD, 0xAC, 0x27, 0xDC, 0x35, 0x7E, 0x43, 0xE3, 0x7B,
    0xFC, 0x61, 0xC2, 0xC1, 0x2C, 0xAA, 0xC2, 0xA4, 0x43, 0xAF, 0xDB, 0xC9, 0xE8, 0x75, 0x59, 0xA1,
    0xE9, 0x7B, 0xD7, 0xD1, 0xCC, 0x57, 0xD4, 0x08, 0xEB, 0x8C, 0xA7, 0x25, 0xD6, 0x6F, 0x4F, 0xF6,
    0x10, 0x6D, 0xA6, 0xB9, 0x2D, 0xFF, 0x21, 0x1C, 0xD3, 0x69, 0x9F, 0xCF, 0x9C, 0x9F, 0xD7, 0x2F,
    0x86, 0x1F, 0xE7, 0x0A, 0xD8, 0xAC, 0x88, 0xAF, 0x37, 0x91, 0xCD, 0x29, 0xF4, 0xDD, 0x3C, 0x1E,
    0x0A, 0x07, 0x9F, 0xF8, 0xA9, 0xA8, 0xAF, 0x3C, 0x87, 0x60, 0x9A, 0x7C, 0xC9, 0xBE, 0xCE, 0xC7,
    0xF2, 0x0D, 0xB8, 0x34, 0xBF, 0xE0, 0x7D, 0xE3, 0xA8, 0x46, 0xF3, 0x2F, 0xF2, 0x08, 0x2A, 0xE5,
    0x42, 0x77, 0x5D, 0xBC, 0x2B, 0x79, 0xFC, 0x7E, 0x8E, 0x3F, 0x26, 0xFE, 0xE0, 0x0D, 0xF8, 0x41,
    0x11, 0x7F, 0xB1, 0x39, 0x80, 0xFE, 0x9F, 0x07, 0x56, 0x6A, 0xDE, 0x59, 0x53, 0x95, 0xE3, 0x77,
    0x31, 0xAB, 0x42, 0xB9, 0x2F, 0x49, 0xF4, 0xAC, 0xEA, 0x3B, 0x09, 0x02, 0xFA, 0x18, 0x6C, 0x59,
    0x49, 0xC3, 0x89, 0x3C, 0x72, 0xA3, 0x31, 0x0C, 0xA5, 0x67, 0x9A, 0x76, 0x85, 0xAE, 0xA9, 0x26,
    0xAE, 0xB5, 0xEB, 0xC0, 0x2D, 0x53, 0x8F, 0xC4, 0x49, 0xED, 0x28, 0xB5, 0xBF, 0x8F, 0xAC, 0x1F,
    0x42, 0xEB, 0x19, 0xD4, 0xAF, 0xDA, 0x73, 0x87, 0x79, 0x53, 0xF9, 0x5E, 0x24, 0x6B, 0x7E, 0xD9,
    0x91, 0xF5, 0xC0, 0x5D, 0xFD, 0x3A, 0x77, 0xE4, 0x9D, 0x1F, 0xD1, 0x35, 0xDD, 0xF2, 0xB5, 0x8A,
    0x2C, 0x0F, 0x27, 0xB7, 0xCA, 0x56, 0xE1, 0x0E, 0xB3, 0x5C, 0x38, 0x62, 0xC2, 0xAF, 0x12, 0xFB,
    0x22, 0x56, 0xAA, 0x22, 0xDC, 0xF1, 0x10, 0x9F, 0xEC, 0x95, 0x07, 0xFA, 0x07, 0x3D, 0x8F, 0x3F,
    0x4E, 0xC3, 0x30, 0x14, 0xC6, 0xBF, 0xC4, 0x43, 0xA5, 0xBA, 0x49, 0xA6, 0x2C, 0xA8, 0x0D, 0x17,
    0x48, 0x94, 0x8E, 0x1E, 0x9C, 0x34, 0xDC, 0x80, 0x25, 0x1C, 0x02, 0x31, 0x04, 0x29, 0x03, 0x43,
    0xA5, 0xF6, 0x28, 0x3D, 0x00, 0x82, 0x0C, 0x19, 0x10, 0x8A, 0xC0, 0x37, 0x80, 0x23, 0x58, 0x42,
    0x2C, 0x2C, 0x78, 0xE8, 0xE0, 0xA1, 0x28, 0x3C, 0x97, 0x3F, 0xF2, 0xB3, 0x9E, 0xF5, 0xE9, 0x7B,
    0xDF, 0xFB, 0x19, 0xD8, 0xE8, 0xB8, 0x02, 0xB0, 0x19, 0xAB, 0xB8, 0x06, 0x8E, 0xAF, 0x71, 0x1F,
    0xD7, 0xF5, 0xF9, 0x74, 0x26, 0xA4, 0x4C, 0xF2, 0x20, 0x5D, 0x66, 0xE5, 0x5C, 0x34, 0x53, 0x31,
    0x6B, 0x84, 0x2E, 0x8C, 0x34, 0x59, 0xBF, 0xB2, 0x41, 0x93, 0xEE, 0x96, 0x2A, 0x33, 0xA5, 0x9D,
    0x77, 0x42, 0x5F, 0x2B, 0xB4, 0x40, 0x07, 0x18, 0x3C, 0x8F, 0xEA, 0xF2, 0x63, 0xEB, 0x2B, 0x50,
    0x31, 0xAA, 0x2D, 0x58, 0x85, 0x09, 0xC0, 0x81, 0x88, 0xC2, 0x17, 0x40, 0x0A, 0x48, 0xE4, 0xA3,
    0x39, 0x79, 0xDC, 0xB9, 0x91, 0xBF, 0xA9, 0x8B, 0xF7, 0xEA, 0x7F, 0x8A, 0xEB, 0xDC, 0xAE, 0x0E,
    0xEE, 0xE4, 0x96, 0xEB, 0xAE, 0x15, 0x76, 0x58, 0xF7, 0x37, 0x92, 0x1B, 0x4F, 0x53, 0x46, 0x39,
    0x90, 0x05, 0x68, 0x17, 0xDC, 0xE1, 0x36, 0x41, 0xE2, 0x5A, 0xB1, 0x96, 0xAE, 0x9D, 0xEE, 0x3B,
    0xD7, 0xBC, 0xB3, 0xB7, 0xAF, 0x89, 0x05, 0xD8, 0xCB, 0x7D, 0x74, 0x47, 0xCB, 0x43, 0x76, 0x4B,
    0xE6, 0x64, 0xC1, 0x06, 0x42, 0x91, 0x21, 0xBB, 0x22, 0x96, 0x8E, 0x7F, 0x46, 0x4F, 0xF0, 0x5E,
    0xFD, 0x03, 0x39, 0x3D, 0xCD, 0x54, 0x84, 0x82, 0xC8, 0x32, 0xE2, 0xE4, 0x15, 0x5D, 0x62, 0xF7,
    0x95, 0x53, 0x33, 0x3C, 0x50, 0x64, 0x0F, 0xE8, 0x23, 0x5B, 0x85, 0xD0, 0xFD, 0x80, 0xC0, 0xBD,
    0x1F, 0x81, 0x82, 0x7F, 0x05, 0x7C, 0x03, 0x63, 0xD8, 0xC1, 0xF4, 0x81, 0x7B, 0x83, 0xCE, 0x86,
    0xFD, 0x7F, 0x18, 0x2E, 0x30, 0x1E, 0x00, 0x00, 0x1D, 0x8B, 0xB1, 0x0D, 0xC2, 0x30, 0x14, 0x05,
    0x2F, 0x7C, 0x24, 0x77, 0xB8, 0xA2, 0x24, 0x9E, 0x80, 0x0D, 0x22, 0xC5, 0x23, 0xD0, 0x50, 0x67,
    0x12, 0x84, 0x97, 0x60, 0x8E, 0x64, 0x82, 0xE0, 0x11, 0x18, 0xC1, 0x7D, 0x0A, 0x5C, 0x50, 0x44,
    0x51, 0x12, 0xE3, 0xE4, 0x49, 0xD7, 0x9C, 0xEE, 0xC1, 0x09, 0x54, 0xF2, 0x14, 0x0F, 0x58, 0x2B,
    0x64, 0x98, 0xD1, 0x76, 0x44, 0xF3, 0xE3, 0x42, 0xC7, 0x95, 0xB8, 0x53, 0x4A, 0x40, 0x7F, 0x03,
    0xB2, 0x7C, 0xD8, 0xF6, 0x4C, 0x91, 0xF3, 0xFD, 0x06, 0x66, 0x81, 0xBE, 0xB5, 0x87, 0x20, 0x4E,
    0x79, 0xA8, 0x93, 0xC3, 0xBC, 0xC8, 0x7F, 0x78, 0x8F, 0xD0, 0xE4, 0x44, 0xDB, 0x23, 0xCA, 0x97,
    0xC8, 0x34, 0x67, 0x19, 0xF8, 0x03, 0x8D, 0x90, 0xA1, 0x4E, 0x03, 0x41, 0x10, 0x86, 0xBF, 0xBB,
    0x0D, 0x5C, 0xC2, 0x25, 0xD4, 0xD4, 0x21, 0x6A, 0x50, 0x25, 0xA4, 0x2F, 0x50, 0xCA, 0x7A, 0x04,
    0xBC, 0x01, 0x06, 0x85, 0xC1, 0x54, 0x20, 0x80, 0xDB, 0x47, 0xB8, 0x47, 0xA8, 0x3E, 0xD3, 0x93,
    0x08, 0x92, 0x1D, 0x9E, 0x80, 0x3A, 0x1C, 0xB9, 0x04, 0x14, 0x98, 0x13, 0x47, 0x52, 0x5A, 0xCA,
    0xB2, 0x7B, 0x05, 0x87, 0x60, 0xF7, 0xCF, 0x64, 0x33, 0xF3, 0xFF, 0xB3, 0xF3, 0xCF, 0x96, 0xA6,
    0x33, 0x87, 0x1B, 0xA2, 0x53, 0x7A, 0xCE, 0x5C, 0xF7, 0xA4, 0x49, 0xA4, 0x56, 0x3F, 0xB8, 0x4D,
    0xCD, 0xE8, 0x82, 0xCE, 0x27, 0x68, 0xCE, 0x8B, 0xDC, 0xBA, 0xAA, 0xE4, 0xBF, 0x00, 0x8A, 0xC2,
    0x38, 0x27, 0x0D, 0x0C, 0xA1, 0x03, 0xA9, 0x41, 0xCD, 0xA0, 0x86, 0x86, 0xA8, 0x42, 0x49, 0x48,
    0xEE, 0xC3, 0x25, 0x2C, 0x5A, 0x66, 0xBF, 0x98, 0x64, 0xCE, 0x97, 0xFD, 0xD9, 0x0D, 0xBC, 0x58,
    0x48, 0x4C, 0x20, 0x79, 0xFD, 0x18, 0x5A, 0x49, 0xAA, 0xD9, 0x6E, 0x13, 0xA5, 0x8F, 0x07, 0x5D,
    0x38, 0x09, 0x85, 0x68, 0x16, 0xC8, 0x6A, 0x0D, 0x13, 0x54, 0x89, 0xCE, 0x52, 0xF6, 0x8E, 0x51,
    0x0F, 0xC4, 0x4F, 0xB0, 0x02, 0xEF, 0xE2, 0x0A, 0xBA, 0x6C, 0x70, 0x46, 0xF6, 0xEC, 0xA8, 0xED,
    0x91, 0xAE, 0x46, 0xCA, 0x2C, 0x96, 0x53, 0x7D, 0x78, 0xBF, 0x6A, 0xBF, 0x8D, 0xE6, 0xEA, 0x2E,
    0xD1, 0x7F, 0xDF, 0x65, 0x68, 0xE2, 0xD5, 0x64, 0x6F, 0x52, 0xDA, 0xC0, 0xCE, 0x1E, 0xE5, 0xDD,
    0xE9, 0x56, 0xE7, 0xAD, 0x49, 0x7F, 0x5A, 0x85, 0xF1, 0x87, 0x61, 0x74, 0xFF, 0x18, 0xBC, 0x4E,
    0xD6, 0xFE, 0xC2, 0xF6, 0x76, 0x24, 0x76, 0xC6, 0xE6, 0xA1, 0xC5, 0xC0, 0xBB, 0xB7, 0xC2, 0xA6,
    0xAC, 0xD7, 0xE3, 0xF5, 0x1F, 0x60, 0xBD, 0x07, 0x6B, 0xE8, 0x49, 0xF2, 0x85, 0xCB, 0x79, 0xF9,
    0x5D, 0xDE, 0x37, 0x55, 0x8F, 0xB1, 0x0D, 0x83, 0x30, 0x14, 0x44, 0x3F, 0xFC, 0xC2, 0x85, 0x25,
    0x98, 0x20, 0x9E, 0x00, 0x44, 0xEB, 0xC2, 0x92, 0x51, 0x66, 0xA2, 0xA0, 0x34, 0x9B, 0xA4, 0xA7,
    0x61, 0x84, 0x3F, 0x02, 0x23, 0xB8, 0xA0, 0x88, 0x52, 0xFD, 0x22, 0x45, 0x90, 0x90, 0xC8, 0x45,
    0x69, 0x92, 0xF6, 0xF4, 0x74, 0xF7, 0x8E, 0x88, 0xE8, 0x88, 0xBC, 0xED, 0x2C, 0xD9, 0x4C, 0x6B,
    0x3C, 0x8F, 0x6E, 0xBE, 0xD7, 0x2C, 0x15, 0x27, 0x67, 0x52, 0x6B, 0xFB, 0xC6, 0x52, 0xA8, 0xC9,
    0x57, 0x34, 0x3A, 0x90, 0xCA, 0x9B, 0xB2, 0x90, 0x49, 0x14, 0x4F, 0xE9, 0x66, 0xF9, 0x21, 0xE9,
    0x8F, 0xFC, 0xD4, 0x12, 0x6F, 0x03, 0xCB, 0x62, 0x92, 0x46, 0xD5, 0xEE, 0x96, 0xEB, 0x62, 0xAD,
    0x4A, 0x71, 0x2C, 0x2D, 0x4B, 0xC3, 0x29, 0x98, 0xDE, 0xDB, 0x75, 0x34, 0x19, 0x02, 0x01, 0x06,
    0x81, 0x45, 0xC9, 0x4C, 0x19, 0xD5, 0xA7, 0x76, 0xF3, 0x43, 0x51, 0xAE, 0x68, 0xCF, 0x0E, 0x62,
    0xAD, 0xBD, 0x4A, 0x63, 0x59, 0x02, 0x42, 0x8F, 0x70, 0xC4, 0xE6, 0x77, 0x25, 0x62, 0x66, 0xBF,
    0x40, 0xBF, 0x01, 0x16, 0x70, 0x20, 0xE0, 0x81, 0x07, 0x36, 0x00, 0x5B, 0x80, 0x29, 0x5E, 0x28,
    0xE4, 0x72, 0x80, 0x80, 0xAF, 0xCA, 0xE7, 0xE8, 0x8A, 0xD7, 0x1B, 0x7B, 0xB5, 0xFA, 0x02, 0xFB,
    0x02, 0xB6, 0x16, 0xA1, 0x16, 0xA1, 0x46, 0xA7, 0x46, 0xA7, 0xA6, 0xA6, 0x16, 0xA1, 0x0E, 0xA1,
    0x05, 0x5C, 0x17, 0xD8, 0x5F, 0xAD, 0x06, 0x00,
};

static const EpdGlyph lexenddeca_9_italicGlyphs[] = {
    { 0, 0, 0, 0, 0, 0, 0 }, // U+0000
    { 0, 0, 0, 0, 0, 0, 0 }, // U+0001
    { 0, 0, 0, 0, 0, 0, 0 }, // U+0002
    { 0, 0, 0, 0, 0, 0, 0 }, // U+0003
    { 0, 0, 0, 0, 0, 0, 0 }, // U+0004
    { 0, 0, 0, 0, 0, 0, 0 }, // U+0005
    { 0, 0, 0, 0, 0, 0, 0 }, // U+0006
    { 0, 0, 0, 0, 0, 0, 0 }, // U+0007
    { 0, 0, 0, 0, 0, 0, 0 }, // U+0008
    { 0, 0, 0, 0, 0, 0, 0 }, // U+0009
    { 0, 0, 0, 0, 0, 0, 0 }, // U+000A
    { 0, 0, 0, 0, 0, 0, 0 }, // U+000B
    { 0, 0, 0, 0, 0, 0, 0 }, // U+000C
    { 0, 0, 0, 0, 0, 0, 0 }, // U+000D
    { 0, 0, 0, 0, 0, 0, 0 }, // U+000E
    { 0, 0, 0, 0, 0, 0, 0 }, // U+000F
    { 0, 0, 0, 0, 0, 0, 0 }, // U+0010
    { 0, 0, 0, 0, 0, 0, 0 }, // U+0011
    { 0, 0, 0, 0, 0, 0, 0 }, // U+0012
    { 0, 0, 0, 0, 0, 0, 0 }, // U+0013
    { 0, 0, 0, 0, 0, 0, 0 }, // U+0014
    { 0, 0, 0, 0, 0, 0, 0 }, // U+0015
    { 0, 0, 0, 0, 0, 0, 0 }, // U+0016
    { 0, 0, 0, 0, 0, 0, 0 }, // U+0017
    { 0, 0, 0, 0, 0, 0, 0 }, // U+0018
    { 0, 0, 0, 0, 0, 0, 0 }, // U+0019
    { 0, 0, 0, 0, 0, 0, 0 }, // U+001A
    { 0, 0, 0, 0, 0, 0, 0 }, // U+001B
    { 0, 0, 0, 0, 0, 0, 0 }, // U+001C
    { 0, 0, 0, 0, 0, 0, 0 }, // U+001D
    { 0, 0, 0, 0, 0, 0, 0 }, // U+001E
    { 0, 0, 0, 0, 0, 0, 0 }, // U+001F
    { 0, 0, 84, 0, 0, 0, 0 }, // U+0020
    { 6, 13, 85, 0, 13, 20, 0 }, // !
    { 5, 4, 100, 1, 13, 5, 20 }, // "
    { 12, 13, 190, 0, 13, 39, 25 }, // #
    { 11, 17, 183, 0, 15, 47, 64 }, // $
    { 17, 13, 300, 1, 13, 56, 111 }, // %
    { 12, 13, 207, 0, 13, 39, 167 }, // &
    { 3, 4, 58, 1, 13, 3, 206 }, // '
    { 7, 16, 90, 0, 13, 28, 209 }, // (
    { 6, 16, 91, -1, 13, 24, 237 }, // )
    { 7, 7, 132, 1, 14, 13, 261 }, // *
    { 11, 10, 186, 0, 10, 28, 274 }, // +
    { 4, 5, 63, -1, 2, 5, 302 }, // ,
    { 7, 3, 112, 0, 7, 6, 307 }, // -
    { 4, 3, 62, -1, 3, 3, 313 }, // .
    { 10, 13, 111, -1, 13, 33, 316 }, // /
    { 11, 13, 196, 1, 13, 36, 349 }, // 0
    { 7, 13, 121, 1, 13, 23, 385 }, // 1
    { 12, 13, 169, -1, 13, 39, 408 }, // 2
    { 11, 13, 174, 0, 13, 36, 447 }, // 3
    { 11, 13, 191, 0, 13, 36, 483 }, // 4
    { 11, 13, 172, 0, 13, 36, 519 }, // 5
    { 10, 13, 181, 1, 13, 33, 555 }, // 6
    { 11, 13, 161, 0, 13, 36, 588 }, // 7
    { 11, 13, 185, 0, 13, 36, 624 }, // 8
    { 10, 13, 180, 1, 13, 33, 660 }, // 9
    { 5, 10, 62, -1, 10, 13, 693 }, // :
    { 5, 13, 63, -1, 10, 17, 706 }, // ;
    { 10, 10, 184, 0, 10, 25, 723 }, // <
    { 10, 7, 197, 1, 9, 18, 748 }, // =
    { 10, 10, 184, 1, 10, 25, 766 }, // >
    { 9, 13, 158, 1, 13, 30, 791 }, // ?
    { 13, 13, 235, 1, 13, 43, 821 }, // @
    { 12, 13, 188, -1, 13, 39, 864 }, // A
    { 12, 13, 187, 0, 13, 39, 903 }, // B
    { 12, 13, 198, 1, 13, 39, 942 }, // C
    { 12, 13, 202, 0, 13, 39, 981 }, // D
    { 12, 13, 169, 0, 13, 39, 1020 }, // E
    { 12, 13, 164, 0, 13, 39, 1059 }, // F
    { 12, 13, 214, 1, 13, 39, 1098 }, // G
    { 14, 13, 208, 0, 13, 46, 1137 }, // H
    { 8, 13, 124, 0, 13, 26, 1183 }, // I
    { 11, 13, 153, -1, 13, 36, 1209 }, // J
    { 13, 13, 187, 0, 13, 43, 1245 }, // K
    { 10, 13, 162, 0, 13, 33, 1288 }, // L
    { 16, 13, 247, 0, 13, 52, 1321 }, // M
    { 14, 13, 208, 0, 13, 46, 1373 }, // N
    { 12, 13, 218, 1, 13, 39, 1419 }, // O
    { 12, 13, 179, 0, 13, 39, 1458 }, // P
    { 13, 15, 224, 1, 13, 49, 1497 }, // Q
    { 12, 13, 183, 0, 13, 39, 1546 }, // R
    { 11, 13, 183, 0, 13, 36, 1585 }, // S
    { 11, 13, 167, 1, 13, 36, 1621 }, // T
    { 13, 13, 208, 1, 13, 43, 1657 }, // U
    { 12, 13, 178, 1, 13, 39, 1700 }, // V
    { 17, 13, 253, 1, 13, 56, 1739 }, // W
    { 14, 13, 187, -1, 13, 46, 1795 }, // X
    { 12, 13, 179, 1, 13, 39, 1841 }, // Y
    { 13, 13, 184, -1, 13, 43, 1880 }, // Z
    { 8, 16, 95, -1, 13, 32, 1923 }, // [
    { 8, 13, 156, 1, 13, 26, 1955 }, // <backslash>
    { 8, 16, 95, -2, 13, 32, 1981 }, // ]
    { 10, 7, 166, 0, 13, 18, 2013 }, // ^
    { 8, 3, 124, -1, 1, 6, 2031 }, // _
    { 4, 3, 82, 2, 14, 3, 2037 }, // `
    { 9, 10, 156, 0, 10, 23, 2040 }, // a
    { 10, 13, 166, 0, 13, 33, 2063 }, // b
    { 10, 10, 148, 0, 10, 25, 2096 }, // c
    { 11, 13, 166, 0, 13, 36, 2121 }, // d
    { 10, 10, 163, 0, 10, 25, 2157 }, // e
    { 8, 15, 96, 0, 15, 30, 2182 }, // f
    { 11, 15, 166, -1, 10, 42, 2212 }, // g
    { 10, 13, 164, 0, 13, 33, 2254 }, // h
    { 6, 14, 81, 0, 14, 21, 2287 }, // i
    { 9, 18, 77, -3, 15, 41, 2308 }, // j
    { 10, 13, 146, 0, 13, 33, 2349 }, // k
    { 5, 13, 78, 0, 13, 17, 2382 }, // l
    { 15, 10, 254, 0, 10, 38, 2399 }, // m
    { 10, 10, 165, 0, 10, 25, 2437 }, // n
    { 10, 10, 164, 0, 10, 25, 2462 }, // o
    { 11, 13, 167, -1, 10, 36, 2487 }, // p
    { 11, 13, 166, 0, 10, 36, 2523 }, // q
    { 8, 10, 106, 0, 10, 20, 2559 }, // r
    { 9, 10, 144, 0, 10, 23, 2579 }, // s
    { 7, 13, 97, 0, 13, 23, 2602 }, // t
    { 10, 10, 162, 0, 10, 25, 2625 }, // u
    { 10, 10, 133, 0, 10, 25, 2650 }, // v
    { 14, 10, 197, 0, 10, 35, 2675 }, // w
    { 12, 10, 139, -2, 10, 30, 2710 }, // x
    { 11, 13, 130, -2, 10, 36, 2740 }, // y
    { 10, 10, 140, -1, 10, 25, 2776 }, // z
    { 7, 16, 97, 0, 13, 28, 2801 }, // {
    { 3, 16, 87, 1, 13, 12, 2829 }, // |
    { 8, 16, 97, -2, 13, 32, 2841 }, // }
    { 10, 4, 162, 0, 7, 10, 2873 }, // ~
    { 0, 0, 0, 0, 0, 0, 2883 }, // U+007F
    { 0, 0, 0, 0, 0, 0, 0 }, // U+0080
    { 0, 0, 0, 0, 0, 0, 0 }, // U+0081
    { 0, 0, 0, 0, 0, 0, 0 }, // U+0082
    { 0, 0, 0, 0, 0, 0, 0 }, // U+0083
    { 0, 0, 0, 0, 0, 0, 0 }, // U+0084
    { 0, 0, 0, 0, 0, 0, 0 }, // U+0085
    { 0, 0, 0, 0, 0, 0, 0 }, // U+0086
    { 0, 0, 0, 0, 0, 0, 0 }, // U+0087
    { 0, 0, 0, 0, 0, 0, 0 }, // U+0088
    { 0, 0, 0, 0, 0, 0, 0 }, // U+0089
    { 0, 0, 0, 0, 0, 0, 0 }, // U+008A
    { 0, 0, 0, 0, 0, 0, 0 }, // U+008B
    { 0, 0, 0, 0, 0, 0, 0 }, // U+008C
    { 0, 0, 0, 0, 0, 0, 0 }, // U+008D
    { 0, 0, 0, 0, 0, 0, 0 }, // U+008E
    { 0, 0, 0, 0, 0, 0, 0 }, // U+008F
    { 0, 0, 0, 0, 0, 0, 0 }, // U+0090
    { 0, 0, 0, 0, 0, 0, 0 }, // U+0091
    { 0, 0, 0, 0, 0, 0, 0 }, // U+0092
    { 0, 0, 0, 0, 0, 0, 0 }, // U+0093
    { 0, 0, 0, 0, 0, 0, 0 }, // U+0094
    { 0, 0, 0, 0, 0, 0, 0 }, // U+0095
    { 0, 0, 0, 0, 0, 0, 0 }, // U+0096
    { 0, 0, 0, 0, 0, 0, 0 }, // U+0097
    { 0, 0, 0, 0, 0, 0, 0 }, // U+0098
    { 0, 0, 0, 0, 0, 0, 0 }, // U+0099
    { 0, 0, 0, 0, 0, 0, 0 }, // U+009A
    { 0, 0, 0, 0, 0, 0, 0 }, // U+009B
    { 0, 0, 0, 0, 0, 0, 0 }, // U+009C
    { 0, 0, 0, 0, 0, 0, 0 }, // U+009D
    { 0, 0, 0, 0, 0, 0, 0 }, // U+009E
    { 0, 0, 0, 0, 0, 0, 0 }, // U+009F
    { 0, 0, 84, 0, 0, 0, 0 }, // U+00A0
    { 5, 13, 85, 0, 10, 17, 0 }, // U+00A1
    { 9, 14, 148, 0, 12, 32, 17 }, // U+00A2
    { 12, 13, 175, 0, 13, 39, 49 }, // U+00A3
    { 10, 10, 200, 1, 11, 25, 88 }, // U+00A4
    { 13, 13, 179, 0, 13, 43, 113 }, // U+00A5
    { 3, 16, 87, 1, 13, 12, 156 }, // U+00A6
    { 12, 16, 158, -1, 13, 48, 168 }, // U+00A7
    { 7, 3, 128, 2, 15, 6, 216 }, // U+00A8
    { 14, 15, 244, 1, 14, 53, 222 }, // U+00A9
    { 6, 6, 109, 1, 14, 9, 275 }, // U+00AA
    { 10, 8, 169, 0, 9, 20, 284 }, // U+00AB
    { 10, 7, 200, 1, 9, 18, 304 }, // U+00AC
    { 0, 0, 0, 0, 0, 0, 322 }, // U+00AD
    { 14, 15, 244, 1, 14, 53, 322 }, // U+00AE
    { 6, 3, 115, 2, 14, 5, 375 }, // U+00AF
    { 6, 7, 107, 1, 14, 11, 380 }, // U+00B0
    { 10, 10, 196, 1, 10, 25, 391 }, // U+00B1
    { 7, 7, 115, 1, 15, 13, 416 }, // U+00B2
    { 7, 7, 118, 1, 15, 13, 429 }, // U+00B3
    { 4, 3, 81, 2, 14, 3, 442 }, // U+00B4
    { 11, 13, 166, -1, 10, 36, 445 }, // U+00B5
    { 10, 16, 157, 1, 13, 40, 481 }, // U+00B6
    { 3, 3, 70, 1, 7, 3, 521 }, // U+00B7
    { 5, 6, 88, -1, 1, 8, 524 }, // U+00B8
    { 4, 7, 77, 2, 15, 7, 532 }, // U+00B9
    { 6, 5, 115, 1, 13, 8, 539 }, // U+00BA
    { 10, 8, 166, 0, 9, 20, 547 }, // U+00BB
    { 13, 14, 247, 1, 14, 46, 567 }, // U+00BC
    { 13, 14, 241, 1, 13, 46, 613 }, // U+00BD
    { 15, 15, 272, 1, 15, 57, 659 }, // U+00BE
    { 9, 13, 158, -1, 10, 30, 716 }, // U+00BF
    { 12, 18, 188, -1, 18, 54, 746 }, // U+00C0
    { 12, 18, 188, -1, 18, 54, 800 }, // U+00C1
    { 12, 17, 188, -1, 17, 51, 854 }, // U+00C2
    { 13, 18, 188, -1, 18, 59, 905 }, // U+00C3
    { 12, 18, 188, -1, 18, 54, 964 }, // U+00C4
    { 12, 18, 188, -1, 18, 54, 1018 }, // U+00C5
    { 21, 13, 296, -1, 13, 69, 1072 }, // U+00C6
    { 12, 16, 198, 1, 13, 48, 1141 }, // U+00C7
    { 12, 18, 169, 0, 18, 54, 1189 }, // U+00C8
    { 12, 18, 169, 0, 18, 54, 1243 }, // U+00C9
    { 12, 17, 169, 0, 17, 51, 1297 }, // U+00CA
    { 12, 18, 169, 0, 18, 54, 1348 }, // U+00CB
    { 8, 18, 124, 0, 18, 36, 1402 }, // U+00CC
    { 9, 18, 124, 0, 18, 41, 1438 }, // U+00CD
    { 9, 17, 124, 0, 17, 39, 1479 }, // U+00CE
    { 9, 18, 124, 0, 18, 41, 1518 }, // U+00CF
    { 13, 13, 213, 0, 13, 43, 1559 }, // U+00D0
    { 14, 18, 208, 0, 18, 63, 1602 }, // U+00D1
    { 12, 18, 218, 1, 18, 54, 1665 }, // U+00D2
    { 12, 18, 218, 1, 18, 54, 1719 }, // U+00D3
    { 12, 18, 218, 1, 18, 54, 1773 }, // U+00D4
    { 12, 18, 218, 1, 18, 54, 1827 }, // U+00D5
    { 12, 18, 218, 1, 18, 54, 1881 }, // U+00D6
    { 9, 10, 178, 1, 10, 23, 1935 }, // U+00D7
    { 14, 13, 217, 0, 13, 46, 1958 }, // U+00D8
    { 13, 18, 208, 1, 18, 59, 2004 }, // U+00D9
    { 13, 18, 208, 1, 18, 59, 2063 }, // U+00DA
    { 13, 18, 208, 1, 18, 59, 2122 }, // U+00DB
    { 13, 18, 208, 1, 18, 59, 2181 }, // U+00DC
    { 12, 18, 179, 1, 18, 54, 2240 }, // U+00DD
    { 11, 13, 175, 0, 13, 36, 2294 }, // U+00DE
    { 11, 13, 181, 0, 13, 36, 2330 }, // U+00DF
    { 9, 15, 156, 0, 15, 34, 2366 }, // U+00E0
    { 9, 15, 156, 0, 15, 34, 2400 }, // U+00E1
    { 10, 13, 156, 0, 13, 33, 2434 }, // U+00E2
    { 10, 14, 156, 0, 14, 35, 2467 }, // U+00E3
    { 10, 13, 156, 0, 13, 33, 2502 }, // U+00E4
    { 9, 17, 156, 0, 17, 39, 2535 }, // U+00E5
    { 16, 10, 261, 0, 10, 40, 2574 }, // U+00E6
    { 10, 13, 148, 0, 10, 33, 2614 }, // U+00E7
    { 10, 15, 163, 0, 15, 38, 2647 }, // U+00E8
    { 10, 15, 163, 0, 15, 38, 2685 }, // U+00E9
    { 10, 13, 163, 0, 13, 33, 2723 }, // U+00EA
    { 10, 13, 163, 0, 13, 33, 2756 }, // U+00EB
    { 5, 14, 74, 0, 14, 18, 2789 }, // U+00EC
    { 6, 14, 74, 0, 14, 21, 2807 }, // U+00ED
    { 7, 13, 74, 0, 13, 23, 2828 }, // U+00EE
    { 7, 13, 74, 0, 13, 23, 2851 }, // U+00EF
    { 10, 13, 171, 0, 13, 33, 2874 }, // U+00F0
    { 11, 14, 165, 0, 14, 39, 2907 }, // U+00F1
    { 10, 15, 164, 0, 15, 38, 2946 }, // U+00F2
    { 10, 15, 164, 0, 15, 38, 2984 }, // U+00F3
    { 10, 13, 164, 0, 13, 33, 3022 }, // U+00F4
    { 10, 14, 164, 0, 14, 35, 3055 }, // U+00F5
    { 10, 13, 164, 0, 13, 33, 3090 }, // U+00F6
    { 11, 10, 186, 0, 10, 28, 3123 }, // U+00F7
    { 12, 11, 164, -1, 11, 33, 3151 }, // U+00F8
    { 10, 14, 162, 0, 14, 35, 3184 }, // U+00F9
    { 10, 14, 162, 0, 14, 35, 3219 }, // U+00FA
    { 10, 13, 162, 0, 13, 33, 3254 }, // U+00FB
    { 10, 13, 162, 0, 13, 33, 3287 }, // U+00FC
    { 11, 17, 130, -2, 14, 47, 3320 }, // U+00FD
    { 11, 16, 167, -1, 13, 44, 3367 }, // U+00FE
    { 11, 16, 130, -2, 13, 44, 3411 }, // U+00FF
    { 12, 18, 188, -1, 18, 54, 0 }, // U+0100
    { 10, 13, 156, 0, 13, 33, 54 }, // U+0101
    { 12, 17, 188, -1, 17, 51, 87 }, // U+0102
    { 10, 14, 156, 0, 14, 35, 138 }, // U+0103
    { 12, 16, 188, -1, 13, 48, 173 }, // U+0104
    { 9, 13, 156, 0, 10, 30, 221 }, // U+0105
    { 12, 18, 198, 1, 18, 54, 251 }, // U+0106
    { 10, 15, 148, 0, 15, 38, 305 }, // U+0107
    { 12, 18, 198, 1, 18, 54, 343 }, // U+0108
    { 10, 13, 148, 0, 13, 33, 397 }, // U+0109
    { 12, 18, 198, 1, 18, 54, 430 }, // U+010A
    { 10, 13, 148, 0, 13, 33, 484 }, // U+010B
    { 12, 17, 198, 1, 17, 51, 517 }, // U+010C
    { 10, 13, 148, 0, 13, 33, 568 }, // U+010D
    { 12, 17, 202, 0, 17, 51, 601 }, // U+010E
    { 14, 13, 178, 0, 13, 46, 652 }, // U+010F
    { 14, 13, 219, 0, 13, 46, 698 }, // U+0110
    { 12, 13, 181, 0, 13, 39, 744 }, // U+0111
    { 12, 18, 169, 0, 18, 54, 783 }, // U+0112
    { 10, 13, 163, 0, 13, 33, 837 }, // U+0113
    { 12, 17, 169, 0, 17, 51, 870 }, // U+0114
    { 10, 14, 163, 0, 14, 35, 921 }, // U+0115
    { 12, 18, 169, 0, 18, 54, 956 }, // U+0116
    { 10, 13, 163, 0, 13, 33, 1010 }, // U+0117
    { 12, 16, 169, 0, 13, 48, 1043 }, // U+0118
    { 10, 13, 163, 0, 10, 33, 1091 }, // U+0119
    { 12, 17, 169, 0, 17, 51, 1124 }, // U+011A
    { 10, 13, 163, 0, 13, 33, 1175 }, // U+011B
    { 12, 17, 214, 1, 17, 51, 1208 }, // U+011C
    { 11, 18, 166, -1, 13, 50, 1259 }, // U+011D
    { 12, 17, 214, 1, 17, 51, 1309 }, // U+011E
    { 11, 18, 166, -1, 13, 50, 1360 }, // U+011F
    { 12, 18, 214, 1, 18, 54, 1410 }, // U+0120
    { 11, 18, 166, -1, 13, 50, 1464 }, // U+0121
    { 12, 19, 214, 1, 13, 57, 1514 }, // U+0122
    { 11, 21, 166, -1, 16, 58, 1571 }, // U+0123
    { 14, 17, 208, 0, 17, 60, 1629 }, // U+0124
    { 10, 17, 164, 0, 17, 43, 1689 }, // U+0125
    { 15, 13, 213, 0, 13, 49, 1732 }, // U+0126
    { 10, 13, 174, 0, 13, 33, 1781 }, // U+0127
    { 10, 18, 124, 0, 18, 45, 1814 }, // U+0128
    { 7, 14, 74, 0, 14, 25, 1859 }, // U+0129
    { 9, 18, 124, 0, 18, 41, 1884 }, // U+012A
    { 7, 13, 74, 0, 13, 23, 1925 }, // U+012B
    { 9, 17, 124, 0, 17, 39, 1948 }, // U+012C
    { 7, 13, 74, 0, 13, 23, 1987 }, // U+012D
    { 8, 16, 124, 0, 13, 32, 2010 }, // U+012E
    { 7, 18, 81, -1, 15, 32, 2042 }, // U+012F
    { 8, 18, 124, 0, 18, 36, 2074 }, // U+0130
    { 5, 10, 74, 0, 10, 13, 2110 }, // U+0131
    { 18, 13, 277, 0, 13, 59, 2123 }, // U+0132
    { 11, 18, 158, 0, 15, 50, 2182 }, // U+0133
    { 14, 18, 153, -1, 18, 63, 2232 }, // U+0134
    { 10, 16, 77, -3, 13, 40, 2295 }, // U+0135
    { 13, 19, 187, 0, 13, 62, 2335 }, // U+0136
    { 10, 19, 146, 0, 13, 48, 2397 }, // U+0137
    { 10, 10, 146, 0, 10, 25, 2445 }, // U+0138
    { 10, 18, 162, 0, 18, 45, 2470 }, // U+0139
    { 7, 18, 78, 0, 18, 32, 2515 }, // U+013A
    { 10, 19, 162, 0, 13, 48, 2547 }, // U+013B
    { 6, 19, 78, -1, 13, 29, 2595 }, // U+013C
    { 11, 13, 162, 0, 13, 36, 2624 }, // U+013D
    { 7, 13, 78, 0, 13, 23, 2660 }, // U+013E
    { 10, 13, 162, 0, 13, 33, 2683 }, // U+013F
    { 7, 13, 111, 0, 13, 23, 2716 }, // U+0140
    { 10, 13, 172, 0, 13, 33, 2739 }, // U+0141
    { 6, 13, 82, 0, 13, 20, 2772 }, // U+0142
    { 14, 18, 208, 0, 18, 63, 2792 }, // U+0143
    { 10, 14, 165, 0, 14, 35, 2855 }, // U+0144
    { 14, 19, 208, 0, 13, 67, 2890 }, // U+0145
    { 10, 15, 165, 0, 10, 38, 2957 }, // U+0146
    { 14, 17, 208, 0, 17, 60, 2995 }, // U+0147
    { 10, 13, 165, 0, 13, 33, 3055 }, // U+0148
    { 12, 13, 223, 1, 13, 39, 3088 }, // U+0149
    { 14, 16, 208, 0, 13, 56, 3127 }, // U+014A
    { 10, 13, 165, 0, 10, 33, 3183 }, // U+014B
    { 12, 18, 218, 1, 18, 54, 3216 }, // U+014C
    { 10, 13, 164, 0, 13, 33, 3270 }, // U+014D
    { 12, 17, 218, 1, 17, 51, 3303 }, // U+014E
    { 10, 14, 164, 0, 14, 35, 3354 }, // U+014F
    { 12, 18, 218, 1, 18, 54, 3389 }, // U+0150
    { 10, 14, 164, 0, 14, 35, 3443 }, // U+0151
    { 20, 13, 321, 1, 13, 65, 3478 }, // U+0152
    { 17, 10, 273, 0, 10, 43, 3543 }, // U+0153
    { 12, 18, 183, 0, 18, 54, 3586 }, // U+0154
    { 8, 14, 106, 0, 14, 28, 3640 }, // U+0155
    { 12, 19, 183, 0, 13, 57, 3668 }, // U+0156
    { 10, 16, 106, -2, 10, 40, 3725 }, // U+0157
    { 12, 17, 183, 0, 17, 51, 3765 }, // U+0158
    { 9, 13, 106, 0, 13, 30, 3816 }, // U+0159
    { 11, 18, 183, 0, 18, 50, 3846 }, // U+015A
    { 9, 15, 144, 0, 15, 34, 3896 }, // U+015B
    { 11, 18, 183, 0, 18, 50, 3930 }, // U+015C
    { 9, 13, 144, 0, 13, 30, 3980 }, // U+015D
    { 11, 16, 183, 0, 13, 44, 4010 }, // U+015E
    { 9, 13, 144, 0, 10, 30, 4054 }, // U+015F
    { 11, 17, 183, 0, 17, 47, 4084 }, // U+0160
    { 9, 13, 144, 0, 13, 30, 4131 }, // U+0161
    { 11, 16, 167, 1, 13, 44, 4161 }, // U+0162
    { 8, 16, 97, -1, 13, 32, 4205 }, // U+0163
    { 11, 17, 167, 1, 17, 47, 4237 }, // U+0164
    { 8, 15, 97, 0, 15, 30, 4284 }, // U+0165
    { 11, 13, 167, 1, 13, 36, 4314 }, // U+0166
    { 7, 13, 97, 0, 13, 23, 4350 }, // U+0167
    { 13, 18, 208, 1, 18, 59, 4373 }, // U+0168
    { 10, 14, 162, 0, 14, 35, 4432 }, // U+0169
    { 13, 18, 208, 1, 18, 59, 4467 }, // U+016A
    { 10, 13, 162, 0, 13, 33, 4526 }, // U+016B
    { 13, 17, 208, 1, 17, 56, 4559 }, // U+016C
    { 10, 14, 162, 0, 14, 35, 4615 }, // U+016D
    { 13, 20, 208, 1, 20, 65, 4650 }, // U+016E
    { 10, 17, 162, 0, 17, 43, 4715 }, // U+016F
    { 13, 18, 208, 1, 18, 59, 4758 }, // U+0170
    { 10, 14, 162, 0, 14, 35, 4817 }, // U+0171
    { 13, 16, 208, 1, 13, 52, 4852 }, // U+0172
    { 10, 13, 162, 0, 10, 33, 4904 }, // U+0173
    { 17, 17, 253, 1, 17, 73, 4937 }, // U+0174
    { 14, 13, 197, 0, 13, 46, 5010 }, // U+0175
    { 12, 17, 179, 1, 17, 51, 5056 }, // U+0176
    { 11, 16, 130, -2, 13, 44, 5107 }, // U+0177
    { 12, 18, 179, 1, 18, 54, 5151 }, // U+0178
    { 13, 18, 184, -1, 18, 59, 5205 }, // U+0179
    { 10, 14, 140, -1, 14, 35, 5264 }, // U+017A
    { 13, 18, 184, -1, 18, 59, 5299 }, // U+017B
    { 10, 13, 140, -1, 13, 33, 5358 }, // U+017C
    { 13, 17, 184, -1, 17, 56, 5391 }, // U+017D
    { 11, 13, 140, -1, 13, 36, 5447 }, // U+017E
    { 8, 15, 96, 0, 15, 30, 5483 }, // U+017F
    { 15, 16, 218, 0, 16, 60, 0 }, // U+01A0
    { 13, 12, 171, 0, 12, 39, 60 }, // U+01A1
    { 16, 16, 213, 0, 16, 64, 99 }, // U+01AF
    { 13, 12, 169, 0, 12, 39, 163 }, // U+01B0
    { 25, 17, 386, 0, 17, 107, 202 }, // U+01C4
    { 22, 13, 342, 0, 13, 72, 309 }, // U+01C5
    { 20, 13, 307, 0, 13, 65, 381 }, // U+01C6
    { 20, 13, 315, 0, 13, 65, 446 }, // U+01C7
    { 16, 18, 240, 0, 15, 72, 511 }, // U+01C8
    { 10, 18, 155, 0, 15, 45, 583 }, // U+01C9
    { 23, 13, 361, 0, 13, 75, 628 }, // U+01CA
    { 19, 18, 285, 0, 15, 86, 703 }, // U+01CB
    { 16, 18, 242, 0, 15, 72, 789 }, // U+01CC
    { 13, 17, 188, -1, 17, 56, 861 }, // U+01CD
    { 10, 13, 156, 0, 13, 33, 917 }, // U+01CE
    { 13, 17, 208, 1, 17, 56, 950 }, // U+01D3
    { 10, 13, 162, 0, 13, 33, 1006 }, // U+01D4
    { 12, 17, 214, 1, 17, 51, 1039 }, // U+01E6
    { 11, 18, 166, -1, 13, 50, 1090 }, // U+01E7
    { 12, 16, 218, 1, 13, 48, 1140 }, // U+01EA
    { 10, 13, 164, 0, 10, 33, 1188 }, // U+01EB
    { 25, 13, 386, 0, 13, 82, 1221 }, // U+01F1
    { 22, 13, 342, 0, 13, 72, 1303 }, // U+01F2
    { 20, 13, 307, 0, 13, 65, 1375 }, // U+01F3
    { 12, 21, 188, -1, 21, 63, 1440 }, // U+01FA
    { 10, 20, 156, 0, 20, 50, 1503 }, // U+01FB
    { 21, 18, 296, -1, 18, 95, 1553 }, // U+01FC
    { 16, 15, 261, 0, 15, 60, 1648 }, // U+01FD
    { 14, 18, 217, 0, 18, 63, 1708 }, // U+01FE
    { 12, 15, 164, -1, 15, 45, 1771 }, // U+01FF
    { 11, 19, 183, 0, 13, 53, 1816 }, // U+0218
    { 9, 16, 144, 0, 10, 36, 1869 }, // U+0219
    { 11, 19, 167, 1, 13, 53, 1905 }, // U+021A
    { 8, 19, 97, -1, 13, 38, 1958 }, // U+021B
    { 14, 17, 208, 0, 17, 60, 1996 }, // U+021E
    { 10, 17, 164, 0, 17, 43, 2056 }, // U+021F
    { 3, 3, 1, 2, 14, 3, 0 }, // U+0300
    { 5, 3, 1, 1, 14, 4, 3 }, // U+0301
    { 7, 3, 1, 1, 14, 6, 7 }, // U+0302
    { 8, 4, 1, 1, 15, 8, 13 }, // U+0303
    { 6, 3, 1, 2, 14, 5, 21 }, // U+0304
    { 6, 4, 1, 2, 14, 6, 26 }, // U+0306
    { 3, 3, 1, 2, 15, 3, 32 }, // U+0307
    { 7, 3, 1, 1, 15, 6, 35 }, // U+0308
    { 4, 5, 47, 1, 16, 5, 41 }, // U+0309
    { 5, 6, 1, 2, 16, 8, 46 }, // U+030A
    { 7, 3, 1, 1, 14, 6, 54 }, // U+030B
    { 7, 3, 1, 2, 14, 6, 60 }, // U+030C
    { 6, 5, 97, 0, 13, 8, 66 }, // U+031B
    { 4, 3, 61, -1, -1, 3, 74 }, // U+0323
    { 4, 6, 0, -2, 0, 6, 77 }, // U+0326
    { 5, 6, 0, -2, 1, 8, 83 }, // U+0327
    { 4, 5, 1, -1, 1, 5, 91 }, // U+0328
    { 0, 0, 0, 0, 0, 0, 96 }, // U+034F
    { 12, 17, 188, -1, 13, 51, 0 }, // U+1EA0
    { 9, 14, 156, 0, 10, 32, 51 }, // U+1EA1
    { 12, 19, 188, -1, 19, 57, 83 }, // U+1EA2
    { 9, 16, 156, 0, 16, 36, 140 }, // U+1EA3
    { 15, 20, 188, -1, 20, 75, 176 }, // U+1EA4
    { 12, 17, 156, 0, 17, 51, 251 }, // U+1EA5
    { 15, 19, 188, -1, 19, 72, 302 }, // U+1EA6
    { 12, 17, 156, 0, 17, 51, 374 }, // U+1EA7
    { 14, 21, 188, -1, 21, 74, 425 }, // U+1EA8
    { 11, 18, 156, 0, 18, 50, 499 }, // U+1EA9
    { 13, 22, 188, -1, 22, 72, 549 }, // U+1EAA
    { 11, 19, 156, 0, 19, 53, 621 }, // U+1EAB
    { 12, 21, 188, -1, 17, 63, 674 }, // U+1EAC
    { 10, 17, 156, 0, 13, 43, 737 }, // U+1EAD
    { 12, 21, 188, -1, 21, 63, 780 }, // U+1EAE
    { 10, 18, 156, 0, 18, 45, 843 }, // U+1EAF
    { 12, 21, 188, -1, 21, 63, 888 }, // U+1EB0
    { 10, 18, 156, 0, 18, 45, 951 }, // U+1EB1
    { 12, 23, 188, -1, 23, 69, 996 }, // U+1EB2
    { 10, 20, 156, 0, 20, 50, 1065 }, // U+1EB3
    { 13, 22, 188, -1, 22, 72, 1115 }, // U+1EB4
    { 11, 18, 156, 0, 18, 50, 1187 }, // U+1EB5
    { 12, 21, 188, -1, 17, 63, 1237 }, // U+1EB6
    { 10, 18, 156, 0, 14, 45, 1300 }, // U+1EB7
    { 12, 17, 169, 0, 13, 51, 1345 }, // U+1EB8
    { 10, 14, 163, 0, 10, 35, 1396 }, // U+1EB9
    { 12, 19, 169, 0, 19, 57, 1431 }, // U+1EBA
    { 10, 16, 163, 0, 16, 40, 1488 }, // U+1EBB
    { 12, 18, 169, 0, 18, 54, 1528 }, // U+1EBC
    { 10, 14, 163, 0, 14, 35, 1582 }, // U+1EBD
    { 14, 20, 169, 0, 20, 70, 1617 }, // U+1EBE
    { 13, 17, 163, 0, 17, 56, 1687 }, // U+1EBF
    { 13, 19, 169, 0, 19, 62, 1743 }, // U+1EC0
    { 12, 17, 163, 0, 17, 51, 1805 }, // U+1EC1
    { 13, 21, 169, 0, 21, 69, 1856 }, // U+1EC2
    { 11, 18, 163, 0, 18, 50, 1925 }, // U+1EC3
    { 12, 22, 169, 0, 22, 66, 1975 }, // U+1EC4
    { 11, 19, 163, 0, 19, 53, 2041 }, // U+1EC5
    { 12, 21, 169, 0, 17, 63, 2094 }, // U+1EC6
    { 10, 17, 163, 0, 13, 43, 2157 }, // U+1EC7
    { 9, 19, 124, 0, 19, 43, 2200 }, // U+1EC8
    { 6, 16, 74, 0, 16, 24, 2243 }, // U+1EC9
    { 8, 17, 124, 0, 13, 34, 2267 }, // U+1ECA
    { 7, 18, 81, -1, 14, 32, 2301 }, // U+1ECB
    { 12, 17, 218, 1, 13, 51, 2333 }, // U+1ECC
    { 10, 14, 164, 0, 10, 35, 2384 }, // U+1ECD
    { 12, 19, 218, 1, 19, 57, 2419 }, // U+1ECE
    { 10, 16, 164, 0, 16, 40, 2476 }, // U+1ECF
    { 14, 20, 218, 1, 20, 70, 2516 }, // U+1ED0
    { 13, 17, 164, 0, 17, 56, 2586 }, // U+1ED1
    { 13, 20, 218, 1, 20, 65, 2642 }, // U+1ED2
    { 12, 17, 164, 0, 17, 51, 2707 }, // U+1ED3
    { 13, 21, 218, 1, 21, 69, 2758 }, // U+1ED4
    { 11, 18, 164, 0, 18, 50, 2827 }, // U+1ED5
    { 12, 22, 218, 1, 22, 66, 2877 }, // U+1ED6
    { 11, 19, 164, 0, 19, 53, 2943 }, // U+1ED7
    { 12, 22, 218, 1, 18, 66, 2996 }, // U+1ED8
    { 10, 17, 164, 0, 13, 43, 3062 }, // U+1ED9
    { 15, 18, 218, 0, 18, 68, 3105 }, // U+1EDA
    { 13, 13, 171, 0, 13, 43, 3173 }, // U+1EDB
    { 15, 18, 218, 0, 18, 68, 3216 }, // U+1EDC
    { 13, 13, 171, 0, 13, 43, 3284 }, // U+1EDD
    { 15, 19, 218, 0, 19, 72, 3327 }, // U+1EDE
    { 13, 16, 171, 0, 16, 52, 3399 }, // U+1EDF
    { 15, 18, 218, 0, 18, 68, 3451 }, // U+1EE0
    { 13, 14, 171, 0, 14, 46, 3519 }, // U+1EE1
    { 15, 20, 218, 0, 16, 75, 3565 }, // U+1EE2
    { 13, 16, 171, 0, 12, 52, 3640 }, // U+1EE3
    { 13, 17, 208, 1, 13, 56, 3692 }, // U+1EE4
    { 10, 14, 162, 0, 10, 35, 3748 }, // U+1EE5
    { 13, 19, 208, 1, 19, 62, 3783 }, // U+1EE6
    { 10, 16, 162, 0, 16, 40, 3845 }, // U+1EE7
    { 16, 18, 213, 0, 18, 72, 3885 }, // U+1EE8
    { 13, 14, 169, 0, 14, 46, 3957 }, // U+1EE9
    { 16, 18, 213, 0, 18, 72, 4003 }, // U+1EEA
    { 13, 14, 169, 0, 14, 46, 4075 }, // U+1EEB
    { 16, 19, 213, 0, 19, 76, 4121 }, // U+1EEC
    { 13, 16, 169, 0, 16, 52, 4197 }, // U+1EED
    { 16, 18, 213, 0, 18, 72, 4249 }, // U+1EEE
    { 13, 14, 169, 0, 14, 46, 4321 }, // U+1EEF
    { 16, 20, 213, 0, 16, 80, 4367 }, // U+1EF0
    { 13, 16, 169, 0, 12, 52, 4447 }, // U+1EF1
    { 12, 18, 179, 1, 18, 54, 4499 }, // U+1EF2
    { 11, 17, 130, -2, 14, 47, 4553 }, // U+1EF3
    { 12, 17, 179, 1, 13, 51, 4600 }, // U+1EF4
    { 11, 14, 130, -2, 10, 39, 4651 }, // U+1EF5
    { 12, 19, 179, 1, 19, 57, 4690 }, // U+1EF6
    { 11, 19, 130, -2, 16, 53, 4747 }, // U+1EF7
    { 12, 18, 179, 1, 18, 54, 4800 }, // U+1EF8
    { 11, 17, 130, -2, 14, 47, 4854 }, // U+1EF9
    { 0, 0, 0, 0, 0, 0, 0 }, // U+200B
    { 0, 0, 0, 0, 0, 0, 0 }, // U+200C
    { 0, 0, 0, 0, 0, 0, 0 }, // U+200D
    { 0, 0, 0, 0, 0, 0, 0 }, // U+200E
    { 0, 0, 0, 0, 0, 0, 0 }, // U+200F
    { 6, 3, 100, 0, 7, 5, 0 }, // U+2010
    { 9, 3, 149, 0, 7, 7, 5 }, // U+2013
    { 15, 3, 245, 0, 7, 12, 12 }, // U+2014
    { 4, 5, 71, 1, 13, 5, 24 }, // U+2018
    { 4, 5, 71, 1, 13, 5, 29 }, // U+2019
    { 4, 5, 72, -1, 2, 5, 34 }, // U+201A
    { 7, 5, 118, 1, 13, 9, 39 }, // U+201C
    { 7, 5, 118, 1, 13, 9, 48 }, // U+201D
    { 7, 5, 118, -1, 2, 9, 57 }, // U+201E
    { 10, 13, 162, 1, 13, 33, 66 }, // U+2020
    { 11, 13, 162, 0, 13, 36, 99 }, // U+2021
    { 8, 7, 134, 0, 9, 14, 135 }, // U+2022
    { 12, 3, 210, 0, 3, 9, 149 }, // U+2026
    { 0, 0, 0, 0, 0, 0, 158 }, // U+202A
    { 0, 0, 0, 0, 0, 0, 158 }, // U+202B
    { 0, 0, 0, 0, 0, 0, 158 }, // U+202C
    { 0, 0, 0, 0, 0, 0, 158 }, // U+202D
    { 0, 0, 0, 0, 0, 0, 158 }, // U+202E
    { 25, 13, 422, 1, 13, 82, 158 }, // U+2030
    { 7, 8, 106, 0, 9, 14, 240 }, // U+2039
    { 6, 8, 104, 0, 9, 12, 254 }, // U+203A
    { 11, 13, 133, -1, 13, 36, 266 }, // U+2044
    { 0, 0, 0, 0, 0, 0, 302 }, // U+2060
    { 0, 0, 0, 0, 0, 0, 302 }, // U+2061
    { 0, 0, 0, 0, 0, 0, 302 }, // U+2062
    { 0, 0, 0, 0, 0, 0, 302 }, // U+2063
    { 0, 0, 0, 0, 0, 0, 302 }, // U+2064
    { 0, 0, 0, 0, 0, 0, 302 }, // U+2066
    { 0, 0, 0, 0, 0, 0, 302 }, // U+2067
    { 0, 0, 0, 0, 0, 0, 302 }, // U+2068
    { 0, 0, 0, 0, 0, 0, 302 }, // U+2069
    { 0, 0, 0, 0, 0, 0, 302 }, // U+206A
    { 0, 0, 0, 0, 0, 0, 302 }, // U+206B
    { 0, 0, 0, 0, 0, 0, 302 }, // U+206C
    { 0, 0, 0, 0, 0, 0, 302 }, // U+206D
    { 0, 0, 0, 0, 0, 0, 302 }, // U+206E
    { 0, 0, 0, 0, 0, 0, 302 }, // U+206F
    { 7, 7, 119, 1, 15, 13, 0 }, // U+2074
    { 13, 16, 181, -1, 13, 52, 0 }, // U+20AB
    { 13, 13, 209, 0, 13, 43, 52 }, // U+20AC
    { 9, 14, 178, 1, 13, 32, 0 }, // U+2202
    { 10, 17, 228, 2, 13, 43, 32 }, // U+220F
    { 10, 16, 229, 2, 13, 40, 75 }, // U+2211
    { 11, 3, 186, 0, 6, 9, 115 }, // U+2212
    { 11, 13, 133, -1, 13, 36, 124 }, // U+2215
    { 4, 3, 71, 0, 6, 3, 160 }, // U+2219
    { 10, 17, 154, 0, 13, 43, 163 }, // U+221A
    { 13, 7, 234, 1, 8, 23, 206 }, // U+221E
    { 7, 17, 92, -1, 13, 30, 229 }, // U+222B
    { 9, 7, 181, 1, 8, 16, 259 }, // U+2248
    { 10, 10, 197, 1, 10, 25, 275 }, // U+2260
    { 9, 10, 195, 1, 10, 23, 300 }, // U+2264
    { 9, 10, 206, 2, 10, 23, 323 }, // U+2265
    { 12, 15, 176, 0, 15, 45, 0 }, // U+FB00
    { 11, 14, 158, 0, 14, 39, 45 }, // U+FB01
    { 11, 15, 174, 0, 15, 42, 84 }, // U+FB02
    { 16, 14, 238, 0, 14, 56, 126 }, // U+FB03
    { 16, 15, 253, 0, 15, 60, 182 }, // U+FB04
    { 8, 13, 157, 1, 13, 26, 0 }, // U+FFFD
};

static const EpdUnicodeInterval lexenddeca_9_italicIntervals[] = {
    { 0x0, 0x17F, 0x0 },
    { 0x1A0, 0x1A1, 0x180 },
    { 0x1AF, 0x1B0, 0x182 },
    { 0x1C4, 0x1CE, 0x184 },
    { 0x1D3, 0x1D4, 0x18F },
    { 0x1E6, 0x1E7, 0x191 },
    { 0x1EA, 0x1EB, 0x193 },
    { 0x1F1, 0x1F3, 0x195 },
    { 0x1FA, 0x1FF, 0x198 },
    { 0x218, 0x21B, 0x19E },
    { 0x21E, 0x21F, 0x1A2 },
    { 0x300, 0x304, 0x1A4 },
    { 0x306, 0x30C, 0x1A9 },
    { 0x31B, 0x31B, 0x1B0 },
    { 0x323, 0x323, 0x1B1 },
    { 0x326, 0x328, 0x1B2 },
    { 0x34F, 0x34F, 0x1B5 },
    { 0x1EA0, 0x1EF9, 0x1B6 },
    { 0x200B, 0x2010, 0x210 },
    { 0x2013, 0x2014, 0x216 },
    { 0x2018, 0x201A, 0x218 },
    { 0x201C, 0x201E, 0x21B },
    { 0x2020, 0x2022, 0x21E },
    { 0x2026, 0x2026, 0x221 },
    { 0x202A, 0x202E, 0x222 },
    { 0x2030, 0x2030, 0x227 },
    { 0x2039, 0x203A, 0x228 },
    { 0x2044, 0x2044, 0x22A },
    { 0x2060, 0x2064, 0x22B },
    { 0x2066, 0x206F, 0x230 },
    { 0x2074, 0x2074, 0x23A },
    { 0x20AB, 0x20AC, 0x23B },
    { 0x2202, 0x2202, 0x23D },
    { 0x220F, 0x220F, 0x23E },
    { 0x2211, 0x2212, 0x23F },
    { 0x2215, 0x2215, 0x241 },
    { 0x2219, 0x221A, 0x242 },
    { 0x221E, 0x221E, 0x244 },
    { 0x222B, 0x222B, 0x245 },
    { 0x2248, 0x2248, 0x246 },
    { 0x2260, 0x2260, 0x247 },
    { 0x2264, 0x2265, 0x248 },
    { 0xFB00, 0xFB04, 0x24A },
    { 0xFFFD, 0xFFFD, 0x24F },
};

static const EpdFontGroup lexenddeca_9_italicGroups[] = {
    { 0, 1912, 3221, 128, 0 },
    { 1912, 1762, 3919, 128, 128 },
    { 3674, 2158, 6179, 128, 256 },
    { 5832, 1265, 2284, 36, 384 },
    { 7097, 116, 111, 18, 420 },
    { 7213, 1408, 5412, 90, 438 },
    { 8621, 266, 335, 42, 528 },
    { 8887, 17, 14, 1, 570 },
    { 8904, 110, 116, 2, 571 },
    { 9014, 269, 416, 13, 573 },
    { 9283, 184, 248, 5, 586 },
    { 9467, 29, 26, 1, 591 },
};

static const EpdKernClassEntry lexenddeca_9_italicKernLeftClasses[] = {
    { 0x0028, 1 }, // (
    { 0x002C, 2 }, // ,
    { 0x002D, 3 }, // -
    { 0x002E, 2 }, // .
    { 0x002F, 4 }, // /
    { 0x0030, 5 }, // 0
    { 0x0031, 6 }, // 1
    { 0x0032, 7 }, // 2
    { 0x0034, 8 }, // 4
    { 0x0035, 9 }, // 5
    { 0x0036, 10 }, // 6
    { 0x0037, 11 }, // 7
    { 0x0038, 12 }, // 8
    { 0x0039, 13 }, // 9
    { 0x0041, 14 }, // A
    { 0x0042, 15 }, // B
    { 0x0043, 16 }, // C
    { 0x0044, 17 }, // D
    { 0x0045, 18 }, // E
    { 0x0046, 19 }, // F
    { 0x0047, 20 }, // G
    { 0x0049, 21 }, // I
    { 0x004A, 22 }, // J
    { 0x004B, 23 }, // K
    { 0x004C, 24 }, // L
    { 0x004F, 17 }, // O
    { 0x0050, 25 }, // P
    { 0x0051, 26 }, // Q
    { 0x0052, 27 }, // R
    { 0x0053, 28 }, // S
    { 0x0054, 29 }, // T
    { 0x0055, 30 }, // U
    { 0x0056, 31 }, // V
    { 0x0057, 32 }, // W
    { 0x0058, 33 }, // X
    { 0x0059, 34 }, // Y
    { 0x005A, 35 }, // Z
    { 0x0061, 36 }, // a
    { 0x0062, 37 }, // b
    { 0x0063, 38 }, // c
    { 0x0065, 39 }, // e
    { 0x0066, 40 }, // f
    { 0x0067, 41 }, // g
    { 0x0068, 42 }, // h
    { 0x006A, 43 }, // j
    { 0x006B, 44 }, // k
    { 0x006C, 45 }, // l
    { 0x006D, 42 }, // m
    { 0x006E, 42 }, // n
    { 0x006F, 37 }, // o
    { 0x0070, 37 }, // p
    { 0x0071, 46 }, // q
    { 0x0072, 47 }, // r
    { 0x0073, 48 }, // s
    { 0x0074, 49 }, // t
    { 0x0075, 50 }, // u
    { 0x0076, 51 }, // v
    { 0x0077, 52 }, // w
    { 0x0078, 53 }, // x
    { 0x0079, 51 }, // y
    { 0x007A, 54 }, // z
    { 0x00C0, 14 }, // U+00C0
    { 0x00C1, 14 }, // U+00C1
    { 0x00C2, 14 }, // U+00C2
    { 0x00C3, 14 }, // U+00C3
    { 0x00C4, 14 }, // U+00C4
    { 0x00C5, 14 }, // U+00C5
    { 0x00C6, 18 }, // U+00C6
    { 0x00C7, 16 }, // U+00C7
    { 0x00C8, 18 }, // U+00C8
    { 0x00C9, 18 }, // U+00C9
    { 0x00CA, 18 }, // U+00CA
    { 0x00CB, 18 }, // U+00CB
    { 0x00CC, 21 }, // U+00CC
    { 0x00CD, 21 }, // U+00CD
    { 0x00CE, 21 }, // U+00CE
    { 0x00CF, 21 }, // U+00CF
    { 0x00D0, 17 }, // U+00D0
    { 0x00D2, 17 }, // U+00D2
    { 0x00D3, 17 }, // U+00D3
    { 0x00D4, 17 }, // U+00D4
    { 0x00D5, 17 }, // U+00D5
    { 0x00D6, 17 }, // U+00D6
    { 0x00D8, 17 }, // U+00D8
    { 0x00D9, 30 }, // U+00D9
    { 0x00DA, 30 }, // U+00DA
    { 0x00DB, 30 }, // U+00DB
    { 0x00DC, 30 }, // U+00DC
    { 0x00DD, 34 }, // U+00DD
    { 0x00E0, 42 }, // U+00E0
    { 0x00E1, 42 }, // U+00E1
    { 0x00E2, 42 }, // U+00E2
    { 0x00E3, 42 }, // U+00E3
    { 0x00E4, 42 }, // U+00E4
    { 0x00E5, 42 }, // U+00E5
    { 0x00E6, 39 }, // U+00E6
    { 0x00E7, 38 }, // U+00E7
    { 0x00E8, 39 }, // U+00E8
    { 0x00E9, 39 }, // U+00E9
    { 0x00EA, 39 }, // U+00EA
    { 0x00EB, 39 }, // U+00EB
    { 0x00F0, 17 }, // U+00F0
    { 0x00F1, 42 }, // U+00F1
    { 0x00F2, 37 }, // U+00F2
    { 0x00F3, 37 }, // U+00F3
    { 0x00F4, 37 }, // U+00F4
    { 0x00F5, 37 }, // U+00F5
    { 0x00F6, 37 }, // U+00F6
    { 0x00F8, 37 }, // U+00F8
    { 0x00F9, 50 }, // U+00F9
    { 0x00FA, 50 }, // U+00FA
    { 0x00FB, 50 }, // U+00FB
    { 0x00FC, 50 }, // U+00FC
    { 0x00FD, 51 }, // U+00FD
    { 0x00FE, 37 }, // U+00FE
    { 0x00FF, 51 }, // U+00FF
    { 0x0100, 14 }, // U+0100
    { 0x0101, 42 }, // U+0101
    { 0x0102, 14 }, // U+0102
    { 0x0103, 42 }, // U+0103
    { 0x0104, 14 }, // U+0104
    { 0x0105, 42 }, // U+0105
    { 0x0106, 16 }, // U+0106
    { 0x0107, 38 }, // U+0107
    { 0x0108, 16 }, // U+0108
    { 0x0109, 38 }, // U+0109
    { 0x010A, 16 }, // U+010A
    { 0x010B, 38 }, // U+010B
    { 0x010C, 16 }, // U+010C
    { 0x010D, 38 }, // U+010D
    { 0x010E, 17 }, // U+010E
    { 0x010F, 55 }, // U+010F
    { 0x0111, 40 }, // U+0111
    { 0x0112, 18 }, // U+0112
    { 0x0113, 39 }, // U+0113
    { 0x0114, 18 }, // U+0114
    { 0x0115, 39 }, // U+0115
    { 0x0116, 18 }, // U+0116
    { 0x0117, 39 }, // U+0117
    { 0x0118, 18 }, // U+0118
    { 0x0119, 39 }, // U+0119
    { 0x011A, 18 }, // U+011A
    { 0x011B, 39 }, // U+011B
    { 0x011C, 20 }, // U+011C
    { 0x011D, 41 }, // U+011D
    { 0x011E, 20 }, // U+011E
    { 0x011F, 41 }, // U+011F
    { 0x0120, 20 }, // U+0120
    { 0x0121, 41 }, // U+0121
    { 0x0122, 20 }, // U+0122
    { 0x0123, 41 }, // U+0123
    { 0x0125, 42 }, // U+0125
    { 0x0127, 42 }, // U+0127
    { 0x0128, 21 }, // U+0128
    { 0x012A, 21 }, // U+012A
    { 0x012C, 21 }, // U+012C
    { 0x012E, 21 }, // U+012E
    { 0x0130, 21 }, // U+0130
    { 0x0132, 22 }, // U+0132
    { 0x0133, 43 }, // U+0133
    { 0x0134, 22 }, // U+0134
    { 0x0135, 43 }, // U+0135
    { 0x0136, 23 }, // U+0136
    { 0x0137, 44 }, // U+0137
    { 0x0138, 44 }, // U+0138
    { 0x0139, 24 }, // U+0139
    { 0x013A, 56 }, // U+013A
    { 0x013B, 24 }, // U+013B
    { 0x013C, 56 }, // U+013C
    { 0x013E, 55 }, // U+013E
    { 0x013F, 24 }, // U+013F
    { 0x0140, 57 }, // U+0140
    { 0x0141, 24 }, // U+0141
    { 0x0142, 56 }, // U+0142
    { 0x0144, 42 }, // U+0144
    { 0x0146, 42 }, // U+0146
    { 0x0148, 42 }, // U+0148
    { 0x014C, 17 }, // U+014C
    { 0x014D, 37 }, // U+014D
    { 0x014E, 17 }, // U+014E
    { 0x014F, 37 }, // U+014F
    { 0x0150, 17 }, // U+0150
    { 0x0151, 37 }, // U+0151
    { 0x0152, 18 }, // U+0152
    { 0x0153, 39 }, // U+0153
    { 0x0154, 27 }, // U+0154
    { 0x0155, 47 }, // U+0155
    { 0x0156, 27 }, // U+0156
    { 0x0157, 47 }, // U+0157
    { 0x0158, 27 }, // U+0158
    { 0x0159, 47 }, // U+0159
    { 0x015A, 28 }, // U+015A
    { 0x015B, 48 }, // U+015B
    { 0x015C, 28 }, // U+015C
    { 0x015D, 48 }, // U+015D
    { 0x015E, 28 }, // U+015E
    { 0x015F, 48 }, // U+015F
    { 0x0160, 28 }, // U+0160
    { 0x0161, 48 }, // U+0161
    { 0x0162, 29 }, // U+0162
    { 0x0163, 49 }, // U+0163
    { 0x0164, 29 }, // U+0164
    { 0x0165, 55 }, // U+0165
    { 0x0166, 29 }, // U+0166
    { 0x0167, 49 }, // U+0167
    { 0x0168, 30 }, // U+0168
    { 0x0169, 50 }, // U+0169
    { 0x016A, 30 }, // U+016A
    { 0x016B, 50 }, // U+016B
    { 0x016C, 30 }, // U+016C
    { 0x016D, 50 }, // U+016D
    { 0x016E, 30 }, // U+016E
    { 0x016F, 50 }, // U+016F
    { 0x0170, 30 }, // U+0170
    { 0x0171, 50 }, // U+0171
    { 0x0172, 30 }, // U+0172
    { 0x0173, 50 }, // U+0173
    { 0x0176, 34 }, // U+0176
    { 0x0177, 51 }, // U+0177
    { 0x0178, 34 }, // U+0178
    { 0x0179, 35 }, // U+0179
    { 0x017A, 54 }, // U+017A
    { 0x017B, 35 }, // U+017B
    { 0x017C, 54 }, // U+017C
    { 0x017D, 35 }, // U+017D
    { 0x017E, 54 }, // U+017E
    { 0x017F, 40 }, // U+017F
    { 0x01A0, 58 }, // U+01A0
    { 0x01A1, 59 }, // U+01A1
    { 0x01AF, 60 }, // U+01AF
    { 0x01B0, 61 }, // U+01B0
    { 0x01C4, 35 }, // U+01C4
    { 0x01C5, 54 }, // U+01C5
    { 0x01C6, 54 }, // U+01C6
    { 0x01C7, 22 }, // U+01C7
    { 0x01C8, 43 }, // U+01C8
    { 0x01C9, 43 }, // U+01C9
    { 0x01CA, 22 }, // U+01CA
    { 0x01CB, 43 }, // U+01CB
    { 0x01CC, 43 }, // U+01CC
    { 0x01CD, 14 }, // U+01CD
    { 0x01CE, 42 }, // U+01CE
    { 0x01D3, 30 }, // U+01D3
    { 0x01D4, 50 }, // U+01D4
    { 0x01E6, 20 }, // U+01E6
    { 0x01E7, 41 }, // U+01E7
    { 0x01EA, 17 }, // U+01EA
    { 0x01EB, 37 }, // U+01EB
    { 0x01F1, 35 }, // U+01F1
    { 0x01F2, 54 }, // U+01F2
    { 0x01F3, 54 }, // U+01F3
    { 0x01FA, 14 }, // U+01FA
    { 0x01FB, 42 }, // U+01FB
    { 0x01FC, 18 }, // U+01FC
    { 0x01FD, 39 }, // U+01FD
    { 0x01FE, 17 }, // U+01FE
    { 0x01FF, 37 }, // U+01FF
    { 0x0218, 28 }, // U+0218
    { 0x0219, 48 }, // U+0219
    { 0x021A, 29 }, // U+021A
    { 0x021B, 49 }, // U+021B
    { 0x021F, 42 }, // U+021F
    { 0x1EA0, 14 }, // U+1EA0
    { 0x1EA1, 42 }, // U+1EA1
    { 0x1EA2, 14 }, // U+1EA2
    { 0x1EA4, 14 }, // U+1EA4
    { 0x1EA5, 42 }, // U+1EA5
    { 0x1EA6, 14 }, // U+1EA6
    { 0x1EA7, 42 }, // U+1EA7
    { 0x1EA8, 14 }, // U+1EA8
    { 0x1EA9, 42 }, // U+1EA9
    { 0x1EAA, 14 }, // U+1EAA
    { 0x1EAB, 42 }, // U+1EAB
    { 0x1EAC, 14 }, // U+1EAC
    { 0x1EAD, 42 }, // U+1EAD
    { 0x1EAE, 14 }, // U+1EAE
    { 0x1EAF, 42 }, // U+1EAF
    { 0x1EB0, 14 }, // U+1EB0
    { 0x1EB1, 42 }, // U+1EB1
    { 0x1EB2, 14 }, // U+1EB2
    { 0x1EB3, 42 }, // U+1EB3
    { 0x1EB4, 14 }, // U+1EB4
    { 0x1EB5, 42 }, // U+1EB5
    { 0x1EB6, 14 }, // U+1EB6
    { 0x1EB7, 42 }, // U+1EB7
    { 0x1EB8, 18 }, // U+1EB8
    { 0x1EB9, 39 }, // U+1EB9
    { 0x1EBA, 18 }, // U+1EBA
    { 0x1EBB, 39 }, // U+1EBB
    { 0x1EBC, 18 }, // U+1EBC
    { 0x1EBD, 39 }, // U+1EBD
    { 0x1EBE, 18 }, // U+1EBE
    { 0x1EC0, 18 }, // U+1EC0
    { 0x1EC2, 18 }, // U+1EC2
    { 0x1EC4, 18 }, // U+1EC4
    { 0x1EC6, 18 }, // U+1EC6
    { 0x1EC7, 39 }, // U+1EC7
    { 0x1EC8, 21 }, // U+1EC8
    { 0x1ECA, 21 }, // U+1ECA
    { 0x1ECC, 17 }, // U+1ECC
    { 0x1ECD, 37 }, // U+1ECD
    { 0x1ECE, 17 }, // U+1ECE
    { 0x1ECF, 37 }, // U+1ECF
    { 0x1ED0, 17 }, // U+1ED0
    { 0x1ED2, 17 }, // U+1ED2
    { 0x1ED4, 17 }, // U+1ED4
    { 0x1ED6, 17 }, // U+1ED6
    { 0x1ED7, 37 }, // U+1ED7
    { 0x1ED8, 17 }, // U+1ED8
    { 0x1ED9, 37 }, // U+1ED9
    { 0x1EDA, 58 }, // U+1EDA
    { 0x1EDB, 59 }, // U+1EDB
    { 0x1EDC, 58 }, // U+1EDC
    { 0x1EDD, 59 }, // U+1EDD
    { 0x1EDE, 58 }, // U+1EDE
    { 0x1EDF, 59 }, // U+1EDF
    { 0x1EE0, 58 }, // U+1EE0
    { 0x1EE1, 59 }, // U+1EE1
    { 0x1EE2, 58 }, // U+1EE2
    { 0x1EE3, 59 }, // U+1EE3
    { 0x1EE8, 60 }, // U+1EE8
    { 0x1EE9, 61 }, // U+1EE9
    { 0x1EEA, 60 }, // U+1EEA
    { 0x1EEB, 61 }, // U+1EEB
    { 0x1EEC, 60 }, // U+1EEC
    { 0x1EED, 61 }, // U+1EED
    { 0x1EEE, 60 }, // U+1EEE
    { 0x1EEF, 61 }, // U+1EEF
    { 0x1EF0, 60 }, // U+1EF0
    { 0x1EF1, 61 }, // U+1EF1
    { 0x1EF2, 34 }, // U+1EF2
    { 0x1EF3, 51 }, // U+1EF3
    { 0x1EF4, 34 }, // U+1EF4
    { 0x1EF5, 51 }, // U+1EF5
    { 0x1EF6, 34 }, // U+1EF6
    { 0x1EF7, 51 }, // U+1EF7
    { 0x1EF8, 34 }, // U+1EF8
    { 0x1EF9, 51 }, // U+1EF9
    { 0x2013, 3 }, // U+2013
    { 0x2014, 3 }, // U+2014
    { 0x2019, 62 }, // U+2019
    { 0x201A, 2 }, // U+201A
    { 0x201D, 62 }, // U+201D
    { 0x201E, 2 }, // U+201E
    { 0x2026, 2 }, // U+2026
    { 0x20AB, 40 }, // U+20AB
    { 0xFB00, 40 }, // U+FB00
    { 0xFB02, 56 }, // U+FB02
    { 0xFB04, 56 }, // U+FB04
};

static const EpdKernClassEntry lexenddeca_9_italicKernRightClasses[] = {
    { 0x0025, 1 }, // %
    { 0x0029, 2 }, // )
    { 0x002C, 3 }, // ,
    { 0x002D, 4 }, // -
    { 0x002E, 3 }, // .
    { 0x002F, 5 }, // /
    { 0x0030, 6 }, // 0
    { 0x0031, 7 }, // 1
    { 0x0032, 8 }, // 2
    { 0x0034, 9 }, // 4
    { 0x0037, 10 }, // 7
    { 0x0038, 11 }, // 8
    { 0x0039, 12 }, // 9
    { 0x0041, 13 }, // A
    { 0x0043, 14 }, // C
    { 0x0047, 14 }, // G
    { 0x0049, 15 }, // I
    { 0x004A, 16 }, // J
    { 0x004F, 14 }, // O
    { 0x0051, 14 }, // Q
    { 0x0053, 17 }, // S
    { 0x0054, 18 }, // T
    { 0x0055, 19 }, // U
    { 0x0056, 20 }, // V
    { 0x0057, 21 }, // W
    { 0x0058, 22 }, // X
    { 0x0059, 23 }, // Y
    { 0x005A, 24 }, // Z
    { 0x0061, 25 }, // a
    { 0x0063, 26 }, // c
    { 0x0064, 26 }, // d
    { 0x0065, 26 }, // e
    { 0x0066, 27 }, // f
    { 0x0067, 28 }, // g
    { 0x0068, 29 }, // h
    { 0x0069, 30 }, // i
    { 0x006A, 31 }, // j
    { 0x006B, 29 }, // k
    { 0x006C, 32 }, // l
    { 0x006D, 33 }, // m
    { 0x006E, 33 }, // n
    { 0x006F, 26 }, // o
    { 0x0070, 34 }, // p
    { 0x0071, 26 }, // q
    { 0x0072, 33 }, // r
    { 0x0073, 35 }, // s
    { 0x0074, 36 }, // t
    { 0x0075, 37 }, // u
    { 0x0076, 38 }, // v
    { 0x0077, 39 }, // w
    { 0x0078, 40 }, // x
    { 0x0079, 38 }, // y
    { 0x007A, 41 }, // z
    { 0x00B0, 42 }, // U+00B0
    { 0x00C0, 13 }, // U+00C0
    { 0x00C1, 13 }, // U+00C1
    { 0x00C2, 13 }, // U+00C2
    { 0x00C3, 13 }, // U+00C3
    { 0x00C4, 13 }, // U+00C4
    { 0x00C5, 13 }, // U+00C5
    { 0x00C6, 43 }, // U+00C6
    { 0x00C7, 14 }, // U+00C7
    { 0x00CC, 15 }, // U+00CC
    { 0x00CD, 15 }, // U+00CD
    { 0x00CE, 15 }, // U+00CE
    { 0x00CF, 15 }, // U+00CF
    { 0x00D2, 14 }, // U+00D2
    { 0x00D3, 14 }, // U+00D3
    { 0x00D4, 14 }, // U+00D4
    { 0x00D5, 14 }, // U+00D5
    { 0x00D6, 14 }, // U+00D6
    { 0x00D8, 14 }, // U+00D8
    { 0x00D9, 19 }, // U+00D9
    { 0x00DA, 19 }, // U+00DA
    { 0x00DB, 19 }, // U+00DB
    { 0x00DC, 19 }, // U+00DC
    { 0x00DD, 44 }, // U+00DD
    { 0x00E0, 25 }, // U+00E0
    { 0x00E1, 25 }, // U+00E1
    { 0x00E2, 25 }, // U+00E2
    { 0x00E3, 25 }, // U+00E3
    { 0x00E4, 25 }, // U+00E4
    { 0x00E5, 25 }, // U+00E5
    { 0x00E6, 25 }, // U+00E6
    { 0x00E7, 26 }, // U+00E7
    { 0x00E8, 26 }, // U+00E8
    { 0x00E9, 26 }, // U+00E9
    { 0x00EA, 26 }, // U+00EA
    { 0x00EB, 26 }, // U+00EB
    { 0x00EC, 30 }, // U+00EC
    { 0x00ED, 30 }, // U+00ED
    { 0x00EE, 30 }, // U+00EE
    { 0x00EF, 30 }, // U+00EF
    { 0x00F0, 26 }, // U+00F0
    { 0x00F1, 33 }, // U+00F1
    { 0x00F2, 26 }, // U+00F2
    { 0x00F3, 26 }, // U+00F3
    { 0x00F4, 26 }, // U+00F4
    { 0x00F5, 26 }, // U+00F5
    { 0x00F6, 26 }, // U+00F6
    { 0x00F8, 26 }, // U+00F8
    { 0x00F9, 37 }, // U+00F9
    { 0x00FA, 37 }, // U+00FA
    { 0x00FB, 37 }, // U+00FB
    { 0x00FC, 37 }, // U+00FC
    { 0x00FD, 38 }, // U+00FD
    { 0x00FF, 38 }, // U+00FF
    { 0x0100, 13 }, // U+0100
    { 0x0101, 25 }, // U+0101
    { 0x0102, 13 }, // U+0102
    { 0x0103, 25 }, // U+0103
    { 0x0104, 13 }, // U+0104
    { 0x0105, 25 }, // U+0105
    { 0x0106, 14 }, // U+0106
    { 0x0107, 26 }, // U+0107
    { 0x0108, 14 }, // U+0108
    { 0x0109, 26 }, // U+0109
    { 0x010A, 14 }, // U+010A
    { 0x010B, 26 }, // U+010B
    { 0x010C, 14 }, // U+010C
    { 0x010D, 26 }, // U+010D
    { 0x010F, 26 }, // U+010F
    { 0x0111, 26 }, // U+0111
    { 0x0113, 26 }, // U+0113
    { 0x0115, 26 }, // U+0115
    { 0x0117, 26 }, // U+0117
    { 0x0119, 26 }, // U+0119
    { 0x011B, 26 }, // U+011B
    { 0x011C, 14 }, // U+011C
    { 0x011D, 28 }, // U+011D
    { 0x011E, 14 }, // U+011E
    { 0x011F, 28 }, // U+011F
    { 0x0120, 14 }, // U+0120
    { 0x0121, 28 }, // U+0121
    { 0x0122, 14 }, // U+0122
    { 0x0123, 28 }, // U+0123
    { 0x0125, 29 }, // U+0125
    { 0x0127, 29 }, // U+0127
    { 0x0128, 15 }, // U+0128
    { 0x0129, 30 }, // U+0129
    { 0x012A, 15 }, // U+012A
    { 0x012B, 30 }, // U+012B
    { 0x012C, 15 }, // U+012C
    { 0x012D, 30 }, // U+012D
    { 0x012E, 15 }, // U+012E
    { 0x012F, 30 }, // U+012F
    { 0x0130, 15 }, // U+0130
    { 0x0131, 30 }, // U+0131
    { 0x0132, 15 }, // U+0132
    { 0x0133, 30 }, // U+0133
    { 0x0134, 16 }, // U+0134
    { 0x0135, 31 }, // U+0135
    { 0x0137, 29 }, // U+0137
    { 0x0138, 29 }, // U+0138
    { 0x013A, 32 }, // U+013A
    { 0x013C, 32 }, // U+013C
    { 0x013E, 32 }, // U+013E
    { 0x0140, 32 }, // U+0140
    { 0x0142, 32 }, // U+0142
    { 0x0144, 33 }, // U+0144
    { 0x0146, 33 }, // U+0146
    { 0x0148, 33 }, // U+0148
    { 0x014C, 14 }, // U+014C
    { 0x014D, 26 }, // U+014D
    { 0x014E, 14 }, // U+014E
    { 0x014F, 26 }, // U+014F
    { 0x0150, 14 }, // U+0150
    { 0x0151, 26 }, // U+0151
    { 0x0152, 14 }, // U+0152
    { 0x0153, 26 }, // U+0153
    { 0x0155, 33 }, // U+0155
    { 0x0157, 33 }, // U+0157
    { 0x0159, 33 }, // U+0159
    { 0x015A, 17 }, // U+015A
    { 0x015B, 35 }, // U+015B
    { 0x015C, 17 }, // U+015C
    { 0x015D, 35 }, // U+015D
    { 0x015E, 17 }, // U+015E
    { 0x015F, 35 }, // U+015F
    { 0x0160, 17 }, // U+0160
    { 0x0161, 35 }, // U+0161
    { 0x0162, 45 }, // U+0162
    { 0x0163, 36 }, // U+0163
    { 0x0164, 45 }, // U+0164
    { 0x0165, 36 }, // U+0165
    { 0x0166, 45 }, // U+0166
    { 0x0167, 36 }, // U+0167
    { 0x0168, 19 }, // U+0168
    { 0x0169, 37 }, // U+0169
    { 0x016A, 19 }, // U+016A
    { 0x016B, 37 }, // U+016B
    { 0x016C, 19 }, // U+016C
    { 0x016D, 37 }, // U+016D
    { 0x016E, 19 }, // U+016E
    { 0x016F, 37 }, // U+016F
    { 0x0170, 19 }, // U+0170
    { 0x0171, 37 }, // U+0171
    { 0x0172, 19 }, // U+0172
    { 0x0173, 37 }, // U+0173
    { 0x0176, 44 }, // U+0176
    { 0x0177, 38 }, // U+0177
    { 0x0178, 44 }, // U+0178
    { 0x0179, 24 }, // U+0179
    { 0x017A, 41 }, // U+017A
    { 0x017B, 24 }, // U+017B
    { 0x017C, 41 }, // U+017C
    { 0x017D, 24 }, // U+017D
    { 0x017E, 41 }, // U+017E
    { 0x017F, 27 }, // U+017F
    { 0x01A0, 14 }, // U+01A0
    { 0x01A1, 26 }, // U+01A1
    { 0x01C6, 26 }, // U+01C6
    { 0x01C9, 32 }, // U+01C9
    { 0x01CC, 33 }, // U+01CC
    { 0x01CD, 13 }, // U+01CD
    { 0x01CE, 25 }, // U+01CE
    { 0x01D3, 19 }, // U+01D3
    { 0x01D4, 37 }, // U+01D4
    { 0x01E6, 14 }, // U+01E6
    { 0x01E7, 28 }, // U+01E7
    { 0x01EA, 14 }, // U+01EA
    { 0x01EB, 26 }, // U+01EB
    { 0x01F3, 26 }, // U+01F3
    { 0x01FA, 13 }, // U+01FA
    { 0x01FB, 25 }, // U+01FB
    { 0x01FC, 43 }, // U+01FC
    { 0x01FD, 25 }, // U+01FD
    { 0x01FE, 14 }, // U+01FE
    { 0x01FF, 26 }, // U+01FF
    { 0x0218, 17 }, // U+0218
    { 0x0219, 35 }, // U+0219
    { 0x021A, 45 }, // U+021A
    { 0x021B, 36 }, // U+021B
    { 0x021F, 29 }, // U+021F
    { 0x1EA0, 13 }, // U+1EA0
    { 0x1EA1, 25 }, // U+1EA1
    { 0x1EA2, 13 }, // U+1EA2
    { 0x1EA3, 25 }, // U+1EA3
    { 0x1EA4, 13 }, // U+1EA4
    { 0x1EA5, 25 }, // U+1EA5
    { 0x1EA6, 13 }, // U+1EA6
    { 0x1EA7, 25 }, // U+1EA7
    { 0x1EA8, 13 }, // U+1EA8
    { 0x1EA9, 25 }, // U+1EA9
    { 0x1EAA, 13 }, // U+1EAA
    { 0x1EAB, 25 }, // U+1EAB
    { 0x1EAC, 13 }, // U+1EAC
    { 0x1EAD, 25 }, // U+1EAD
    { 0x1EAE, 13 }, // U+1EAE
    { 0x1EAF, 25 }, // U+1EAF
    { 0x1EB0, 13 }, // U+1EB0
    { 0x1EB1, 25 }, // U+1EB1
    { 0x1EB2, 13 }, // U+1EB2
    { 0x1EB3, 25 }, // U+1EB3
    { 0x1EB4, 13 }, // U+1EB4
    { 0x1EB5, 25 }, // U+1EB5
    { 0x1EB6, 13 }, // U+1EB6
    { 0x1EB7, 25 }, // U+1EB7
    { 0x1EB9, 26 }, // U+1EB9
    { 0x1EBB, 26 }, // U+1EBB
    { 0x1EBD, 26 }, // U+1EBD
    { 0x1EBF, 26 }, // U+1EBF
    { 0x1EC1, 26 }, // U+1EC1
    { 0x1EC3, 26 }, // U+1EC3
    { 0x1EC5, 26 }, // U+1EC5
    { 0x1EC7, 26 }, // U+1EC7
    { 0x1EC8, 15 }, // U+1EC8
    { 0x1EC9, 30 }, // U+1EC9
    { 0x1ECA, 15 }, // U+1ECA
    { 0x1ECB, 30 }, // U+1ECB
    { 0x1ECC, 14 }, // U+1ECC
    { 0x1ECD, 26 }, // U+1ECD
    { 0x1ECE, 14 }, // U+1ECE
    { 0x1ECF, 26 }, // U+1ECF
    { 0x1ED0, 14 }, // U+1ED0
    { 0x1ED1, 26 }, // U+1ED1
    { 0x1ED2, 14 }, // U+1ED2
    { 0x1ED3, 26 }, // U+1ED3
    { 0x1ED4, 14 }, // U+1ED4
    { 0x1ED5, 26 }, // U+1ED5
    { 0x1ED6, 14 }, // U+1ED6
    { 0x1ED7, 26 }, // U+1ED7
    { 0x1ED8, 14 }, // U+1ED8
    { 0x1ED9, 26 }, // U+1ED9
    { 0x1EDA, 14 }, // U+1EDA
    { 0x1EDB, 26 }, // U+1EDB
    { 0x1EDC, 14 }, // U+1EDC
    { 0x1EDD, 26 }, // U+1EDD
    { 0x1EDE, 14 }, // U+1EDE
    { 0x1EDF, 26 }, // U+1EDF
    { 0x1EE0, 14 }, // U+1EE0
    { 0x1EE1, 26 }, // U+1EE1
    { 0x1EE2, 14 }, // U+1EE2
    { 0x1EE3, 26 }, // U+1EE3
    { 0x1EE4, 19 }, // U+1EE4
    { 0x1EE5, 37 }, // U+1EE5
    { 0x1EE6, 19 }, // U+1EE6
    { 0x1EE7, 37 }, // U+1EE7
    { 0x1EE8, 19 }, // U+1EE8
    { 0x1EE9, 37 }, // U+1EE9
    { 0x1EEA, 19 }, // U+1EEA
    { 0x1EEB, 37 }, // U+1EEB
    { 0x1EEC, 19 }, // U+1EEC
    { 0x1EED, 37 }, // U+1EED
    { 0x1EEE, 19 }, // U+1EEE
    { 0x1EEF, 37 }, // U+1EEF
    { 0x1EF0, 19 }, // U+1EF0
    { 0x1EF1, 37 }, // U+1EF1
    { 0x1EF2, 44 }, // U+1EF2
    { 0x1EF3, 38 }, // U+1EF3
    { 0x1EF4, 44 }, // U+1EF4
    { 0x1EF5, 38 }, // U+1EF5
    { 0x1EF6, 44 }, // U+1EF6
    { 0x1EF7, 38 }, // U+1EF7
    { 0x1EF8, 44 }, // U+1EF8
    { 0x1EF9, 38 }, // U+1EF9
    { 0x2013, 4 }, // U+2013
    { 0x2014, 4 }, // U+2014
    { 0x2019, 46 }, // U+2019
    { 0x201A, 3 }, // U+201A
    { 0x201D, 46 }, // U+201D
    { 0x201E, 3 }, // U+201E
    { 0x2026, 3 }, // U+2026
    { 0x2030, 1 }, // U+2030
    { 0x20AB, 26 }, // U+20AB
    { 0x2202, 26 }, // U+2202
    { 0xFB00, 27 }, // U+FB00
    { 0xFB01, 27 }, // U+FB01
    { 0xFB02, 27 }, // U+FB02
    { 0xFB03, 27 }, // U+FB03
    { 0xFB04, 27 }, // U+FB04
};

static const int8_t lexenddeca_9_italicKernMatrix[] = {
       0,    0,    0,    0,    0,    0,    0,    0,    0,    9,    0,    0,    0,    0,    0,    0,    0,    0,    0,    0,    0,    0,    0,    0,    0,    0,    0,    0,    0,    0,    0,    0,    0,    0,    0,    0,    0,    0,    0,    0,    0,    0,    0,    0,    0,    0,
       0,    0,    0,    0,    0,    0,    0,    0,    0,    0,    0,    0,    0,    0,    0,    0,    0,    0,    0,    0,    0,    0,    0,    0,    0,    0,    0,   -6,    0,    0,    0,    0,    0,    0,    0,    0,    0,    0,    0,    0,    0,    0,    0,    0,    0,    0,
       0,    0,    0,    0,    0,    0,  -14,   -9,    9,  -16,    0,    0,    0,    0,    0,    0,    0,    0,    0,    0,    0,    0,    0,    0,    0,    0,    0,    0,    0,    0,    0,    0,    0,    0,    0,    0,    0,    0,    0,    0,    0,    0,    0,    0,    0,    0,
       0,    0,    0,    0,  -23,    0,    0,    0,    0,    0,    0,    0,    0,    0,    0,    0,    0,    0,    0,    0,    0,    0,    0,    0,    0,    0,    0,    0,    0,    0,    0,    0,    0,    0,    0,    0,    0,    0,    0,    0,    0,    0,    0,    0,    0,    0,
       0,    0,    0,    0,    0,    0,    0,   -6,    0,    0,    0,    0,    0,    0,    0,    0,    0,    0,    0,    0,    0,    0,    0,    0,    0,    0,    0,    0,    0,    0,    0,    0,    0,    0,    0,    0,    0,    0,    0,    0,    0,    0,    0,    0,    0,    0,
       0,    5,    0,    0,    0,    0,    0,    0,    0,    0,    0,    0,    0,    0,    0,    0,    0,    0,    0,    0,    0,    0,    0,    0,    0,    0,    0,    0,    0,    0,    0,    0,    0,    0,    0,    0,    0,    0,    0,    0,    0,    0,    0,    0,    0,    0,
       0,    0,    0,    0,    0,    0,    0,    0,   -2,    0,    0,    0,    0,    0,    0,    0,    0,    0,    0,    0,    0,    0,    0,    0,    0,    0,    0,    0,    0,    0,    0,    0,    0,    0,    0,    0,    0,    0,    0,    0,    0,    0,    0,    0,    0,    0,
     -14,    0,    0,    0,    0,    0,    0,    0,    0,    0,    0,   -7,    0,    0,    0,    0,    0,    0,    0,    0,    0,    0,    0,    0,    0,    0,    0,    0,    0,    0,    0,    0,    0,    0,    0,    0,    0,    0,    0,    0,    0,  -23,    0,    0,    0,    0,
       0,    0,    0,    0,    0,    0,    0,    0,    0,    0,    0,   -5,    0,    0,    0,    0,    0,    0,    0,    0,    0,    0,    0,    0,    0,    0,    0,    0,    0,    0,    0,    0,    0,    0,    0,    0,    0,    0,    0,    0,    0,    0,    0,    0,    0,    0,
     -10,    0,    0,    0,    0,    0,   -7,   -6,    0,    0,    0,    0,    0,    0,    0,    0,    0,    0,    0,    0,    0,    0,    0,    0,    0,    0,    0,    0,    0,    0,    0,    0,    0,    0,    0,    0,    0,    0,    0,    0,    0,    0,    0,    0,    0,    0,
       9,    0,    0,  -16,    0,    0,    8,    0,  -14,   11,  -14,    0,    0,    0,    0,    0,    0,    0,    0,    0,    0,    0,    0,    0,    0,    0,    0,    0,    0,    0,    0,    0,    0,    0,    0,    0,    0,    0,    0,    0,    0,    0,    0,    0,    0,    0,
     -17,    0,    0,    0,    0,  -12,   -8,    0,    0,   -6,    0,  -15,    0,    0,    0,    0,    0,    0,    0,    0,    0,    0,    0,    0,    0,    0,    0,    0,    0,    0,    0,    0,    0,    0,    0,    0,    0,    0,    0,    0,    0,   -8,    0,    0,    0,    0,
       0,    0,    0,    0,    0,    0,    0,    0,   -7,   -6,   -7,    0,    0,    0,    0,    0,    0,    0,    0,    0,    0,    0,    0,    0,    0,    0,    0,    0,    0,    0,    0,    0,    0,    0,    0,    0,    0,    0,    0,    0,    0,    0,    0,    0,    0,    0,
       0,    0,    0,    0,    0,    0,    0,    0,    0,    0,    0,    0,    6,  -11,    0,    0,    0,  -20,   -8,  -20,  -14,    0,  -20,    0,    0,    0,    0,    0,    0,    0,    0,   -6,    0,    0,    0,   -8,   -7,  -12,  -13,    6,    0,    0,    0,  -20,  -20,    0,
       0,    0,    0,    0,    0,    0,    0,    0,    0,    0,    0,    0,   -6,    0,    0,    0,    0,    0,    0,   -6,    0,   -6,   -8,    0,   -4,    0,    0,    0,    0,    0,    0,    0,    0,    0,    0,    0,    0,    0,    0,    0,    0,    0,  -13,   -8,    0,    0,
       0,    0,    0,    0,    0,    0,    0,    0,    0,    0,    0,    0,    0,   -6,    0,    0,    0,    0,    0,    0,    0,    0,   -7,    0,    0,    0,    0,    0,    0,    0,    0,    0,    0,    0,    0,    0,    0,    0,    0,    0,    0,    0,  -13,   -7,    0,    0,
       0,    0,    0,    0,    0,    0,    0,    0,    0,    0,    0,    0,  -11,    0,   -8,    0,    0,  -11,    0,   -8,   -6,   -6,  -14,   -6,   -8,    0,    0,    0,    0,    0,    0,    0,    0,    0,    0,    0,    0,    0,    0,    0,   -6,    0,  -21,  -14,  -11,    0,
       0,    0,    0,    0,    0,    0,    0,    0,    0,    0,    0,    0,    0,   -6,    0,    0,    0,    0,    0,    5,    5,    0,    0,    0,    0,    0,    0,    0,    0,    0,    0,    0,    0,    0,    0,    0,    0,    0,    0,    0,    0,    0,    0,    0,    0,    0,
       0,    0,    0,    0,    0,    0,    0,    0,    0,    0,    0,    0,  -11,    0,    0,  -10,    0,    7,    0,    0,    0,    0,    0,    0,   -7,    0,    0,    0,    0,    0,    0,    0,    0,    0,    0,    0,    0,    0,    0,    0,    0,    0,  -34,    0,    7,    0,
       0,    0,    0,    0,    0,    0,    0,    0,    0,    0,    0,    0,    0,    0,    0,    0,    0,   -6,    0,   -8,    0,    0,  -14,    0,    0,    0,    0,    0,    0,    0,    0,    0,    0,    0,    0,    0,    0,    0,    0,    0,    0,    0,    0,  -14,   -6,    0,
       0,    0,    0,    0,    0,    0,    0,    0,    0,    0,    0,    0,    0,   -8,    0,    0,    0,    0,    0,    0,    0,    0,    0,    0,    0,    0,   -6,    0,    0,    0,    0,    0,    0,    0,    0,   -8,    0,    0,    0,    0,    0,    0,   -8,    0,    0,    0,
       0,    0,    0,    0,    0,    0,    0,    0,    0,    0,    0,    0,   -8,    0,    0,    0,    0,    0,    0,    0,    0,    0,    0,    0,    0,    0,    0,    0,    0,    0,    0,    0,    0,    0,    0,    0,    0,    0,    0,    0,    0,    0,    0,    0,    0,    0,
       0,    0,    0,    0,    0,    0,    0,    0,    0,    0,    0,    0,    0,  -14,    0,    0,    0,    0,    0,    0,    0,    0,    0,    0,    0,   -6,    0,    0,    0,    0,    0,    0,    0,    0,    0,    0,  -13,  -15,  -15,    0,    0,    0,    0,    0,    0,    0,
       0,    0,    0,    0,    0,    0,    0,    0,    0,    0,    0,    0,    8,  -11,    0,    8,    0,  -31,   -6,  -20,  -11,    8,  -26,    0,    0,    0,    0,    0,    0,   -6,    0,    0,    0,    0,    0,    0,    0,  -11,  -14,    8,    0,    0,    0,  -26,  -31,    0,
       0,    0,    0,    0,    0,    0,    0,    0,    0,    0,    0,    0,  -25,    0,    0,  -20,    0,    0,    0,    0,    0,   -9,   -6,   -6,   -8,    0,    0,    0,    0,    0,    0,    0,    0,    0,   -6,    0,    0,    0,    0,    0,    0,    0,  -44,   -6,    0,    0,
       0,    0,    0,    0,    0,    0,    0,    0,    0,    0,    0,    0,    8,    0,    0,    0,    0,    0,   -2,    0,    0,    6,  -11,    0,    0,    0,    0,    0,    0,    0,    0,    0,    0,    0,    0,    0,    0,    0,    0,    6,    6,    0,    0,  -11,    0,    0,
       0,    0,    0,    0,    0,    0,    0,    0,    0,    0,    0,    0,    5,   -6,    0,    0,    0,    0,    0,    0,    0,    0,   -5,    0,    0,    0,    0,   -6,    0,    0,    0,    0,    0,    0,    0,    0,   -6,    0,    0,    0,    0,    0,    0,   -5,    0,    0,
       0,    0,    0,    0,    0,    0,    0,    0,    0,    0,    0,    0,    0,    0,    0,    0,    0,    0,    0,    0,   -6,    0,   -4,    0,    0,    0,    0,    0,    0,    0,    0,    0,    0,    0,    0,    0,    0,    0,    0,    0,    0,    0,   -8,   -4,    0,    0,
       0,    0,    0,    0,    0,    0,    0,    0,    0,    0,    0,    0,  -20,  -11,    0,  -31,    0,    7,    0,   11,    8,    0,    6,    0,  -25,  -26,    6,  -23,    0,    0,    0,    0,  -20,  -20,  -17,    0,  -20,   -3,   -6,   -3,   -9,    0,  -38,    6,    7,    0,
       0,    0,    0,    0,    0,    0,    0,    0,    0,    0,    0,    0,   -8,    0,    0,    0,    0,    0,    0,    0,    0,    0,    0,    0,    0,    0,    0,    0,    0,    0,    0,    0,    0,    0,    0,    0,    0,    0,    0,    0,    0,    0,  -27,    0,    0,    0,
       0,    0,    0,    0,    0,    0,    0,    0,    0,    0,    0,    0,  -20,   -8,    0,  -11,    0,   11,    0,    6,    6,    0,    6,    0,  -11,  -14,    0,  -11,    0,    0,    0,    0,   -6,   -6,   -6,    0,    0,    0,    0,    0,    0,    0,  -28,    6,   11,    0,
       0,    0,    0,    0,    0,    0,    0,    0,    0,    0,    0,    0,  -14,   -6,    0,   -8,    0,    8,    0,    6,    6,    0,    0,    0,   -8,   -7,    0,   -8,    0,    0,    0,    0,    0,    0,    0,    0,    0,    0,    0,    0,    0,    0,  -26,    0,    8,    0,
       0,    0,    0,    0,    0,    0,    0,    0,    0,    0,    0,    0,    0,   -8,    0,    0,    0,    0,    0,    0,    0,    0,    0,    0,   -6,   -6,    0,   -6,    0,    0,    0,    0,    0,    0,    0,    0,   -8,   -6,    0,    0,    0,    0,    0,    0,    0,    0,
       0,    0,    0,    0,    0,    0,    0,    0,    0,    0,    0,    0,  -20,  -14,    0,  -17,    0,    6,    0,    6,    0,    0,    0,    0,  -23,  -26,    0,  -26,    0,    0,    0,    0,  -13,  -13,  -17,    0,  -11,    0,    0,   -6,   -6,    0,  -49,    0,    6,    0,
       0,    0,    0,    0,    0,    0,    0,    0,    0,    0,    0,    0,    0,   -8,    0,    0,    0,    0,    0,    0,    0,    0,    0,    0,    0,    0,    0,   -8,    0,    0,    0,    0,    0,    0,    0,   -8,    0,    0,    0,    0,    0,    0,    0,    0,    0,    0,
       0,    0,    0,    0,    0,    0,    0,    0,    0,    0,    0,    0,    0,    0,    0,    0,    0,  -25,    0,    0,    0,    0,  -17,    0,    0,    0,    0,    0,    0,    0,    0,    0,    0,    0,    0,    0,    0,    0,    0,    0,    0,    0,    0,    0,    0,    0,
       0,    0,    0,    0,    0,    0,    0,    0,    0,    0,    0,    0,    0,    0,    0,    0,    0,  -26,    0,  -14,   -7,   -6,  -26,    0,    0,    0,    0,    0,    0,    0,    0,    0,    0,    0,    0,    0,    0,    0,    0,    0,    0,    0,  -12,  -26,  -26,    0,
       0,    0,    0,    0,    0,    0,    0,    0,    0,    0,    0,    0,    0,    0,    0,    0,    0,  -14,    0,    0,   -8,    0,  -23,    0,    0,    0,    0,    0,    0,    0,    0,    0,    0,    0,    0,    0,    0,    0,    0,    0,    0,    0,   -4,  -23,  -14,    0,
       0,    0,    0,    0,    0,    0,    0,    0,    0,    0,    0,    0,    0,    0,    0,    0,    0,  -20,    0,  -11,   -8,   -6,  -23,    0,    0,    0,    0,    0,    0,    0,    0,    0,    0,    0,    0,    0,    0,    0,    0,    0,    0,    0,   -9,  -23,  -20,    0,
       0,    0,    0,    0,    0,    0,    0,    0,    0,    0,    0,    0,    0,    0,    0,    0,    0,    8,    0,    0,    6,    0,    0,    0,   -9,   -6,    0,    0,    0,    0,    0,    0,    0,    0,    0,    0,    0,    0,    0,    0,    0,    0,  -25,    0,    8,    0,
       0,    0,    0,    0,    0,    0,    0,    0,    0,    0,    0,    0,    0,    0,    0,    0,    0,  -20,    0,    0,    0,    0,  -14,    0,    0,    0,    0,    0,    0,    0,    0,    0,    0,    0,    0,    0,    0,    0,    0,    0,    0,    0,    0,  -14,  -20,    0,
       0,    0,    0,    0,    0,    0,    0,    0,    0,    0,    0,    0,    0,    0,    0,    0,    0,  -24,    0,   -7,   -8,    0,  -20,    0,    0,   -3,    0,   -4,    0,    0,    0,    0,    0,    0,    0,   -4,    0,    0,    0,    0,    0,    0,   -6,  -20,  -24,    0,
       0,    0,    0,    0,    0,    0,    0,    0,    0,    0,    0,    0,    0,    0,    0,    0,    0,    0,    0,    0,    0,    0,    0,    0,    0,    0,    0,    0,    0,    0,    7,    0,    0,    0,    0,    0,    0,    0,    0,    0,    0,    0,    0,    0,    0,    0,
       0,    0,    0,    0,    0,    0,    0,    0,    0,    0,    0,    0,    8,   -6,    0,    0,    0,    0,    0,    0,    0,    0,    0,    0,    0,   -4,    0,    0,    0,    0,    0,    0,    0,    0,    0,   -4,    0,    0,    0,    0,    0,    0,    0,    0,    0,    0,
       0,    0,   10,    0,    0,    0,    0,    0,    0,    0,    0,    0,    0,    0,    0,    0,    0,    0,    0,    0,    0,    6,    0,    0,    0,    0,    0,    0,    0,   -6,    0,    0,    0,    6,    0,    0,    0,    4,    0,    0,    0,    0,    4,    0,    0,    0,
       0,    0,    0,    0,    0,    0,    0,    0,    0,    0,    0,    0,    0,    0,    0,    0,    0,  -14,    0,    0,    0,    0,   -8,    0,    0,    0,    0,    0,    0,    0,    0,    0,    0,    0,    0,    0,    0,    0,    0,    0,    0,    0,    0,   -8,  -14,    0,
       0,    0,    0,    0,    0,    0,    0,    0,    0,    0,    0,    0,    0,    0,    0,  -24,    0,   -4,    0,    0,    8,    0,    0,    0,   -4,    0,    6,    0,    0,    0,    0,    0,    0,    0,    0,    5,    0,    8,    7,    6,    0,    0,  -36,    0,   -4,    0,
       0,    0,    0,    0,    0,    0,    0,    0,    0,    0,    0,    0,    0,    0,    0,    6,    0,  -17,    0,   -6,    0,    0,  -17,    0,    0,    0,    0,    0,    0,    0,    0,    0,    0,    0,    0,    0,    0,    0,    0,    0,    0,    0,   -2,  -17,  -17,    0,
       0,    0,    0,    0,    0,    0,    0,    0,    0,    0,    0,    0,    7,    0,    0,    0,    0,    0,    0,    0,    0,    0,   -8,    0,    0,    0,    0,    0,    0,    0,    0,    0,    0,    0,    0,    0,    0,    0,    0,    0,    0,    0,    0,   -8,    0,    0,
       0,    0,    0,    0,    0,    0,    0,    0,    0,    0,    0,    0,    0,    0,    0,    0,    0,  -24,    0,    0,    0,    0,  -12,    0,    0,    0,    0,    0,    0,    0,    0,    0,    0,    0,    0,    0,    0,    0,    0,    0,    0,    0,   -8,  -12,  -24,    0,
       0,    0,    0,    0,    0,    0,    0,    0,    0,    0,    0,    0,  -17,    0,    0,    0,    0,   -3,    0,    0,    0,   -6,    0,   -6,   -6,    0,    6,    0,    0,    0,    0,    0,    0,    0,    6,    0,    0,    3,    3,    0,    0,    0,  -30,    0,   -3,    0,
       0,    0,    0,    0,    0,    0,    0,    0,    0,    0,    0,    0,    0,    0,    0,    0,    0,   -6,    0,    0,    0,    0,    0,    0,    0,    0,    4,    0,    0,    0,    0,    0,    0,    0,    0,    0,    0,    3,    3,    0,    0,    0,  -30,    0,   -6,    0,
       0,    0,    0,    0,    0,    0,    0,    0,    0,    0,    0,    0,    6,    0,    0,    0,    0,   -3,    0,    0,    0,    0,   -6,    0,    0,    0,    0,    0,    0,    0,    0,    0,    0,    0,    0,    0,    0,    0,    0,    0,    0,    0,    0,   -6,   -3,    0,
       0,    0,    0,    0,    0,    0,    0,    0,    0,    0,    0,    0,    0,    0,    0,    0,    0,    0,    0,    0,    0,    0,   -6,    0,    0,    0,    0,    0,    0,    0,    0,    0,    0,    0,    0,    0,    0,    0,    0,    0,    0,    0,    0,   -6,    0,    0,
       0,    0,   10,    0,    0,    0,    0,    0,    0,    0,    0,    0,    0,    8,   12,    0,    9,   30,   12,   28,   28,   24,   27,   16,    0,    0,   15,    0,   12,    6,   12,   12,    9,    9,    0,   12,    0,   20,   16,   16,   12,    0,    4,   27,   30,   16,
       0,    0,   10,    0,    0,    0,    0,    0,    0,    0,    0,    0,    0,    0,    0,    0,    0,    0,    0,    0,    0,    6,    0,    0,    0,    0,    0,    0,    0,   -6,    0,    0,    0,    0,    0,    0,    0,    4,    0,    0,    0,    0,    4,    0,    0,    0,
       0,    0,    0,    0,    0,    0,    0,    0,    0,    0,    0,    0,    0,    0,    0,    0,    0,  -15,    0,    0,    0,    0,    0,    0,    0,    0,    0,    0,    0,    0,    0,    0,    0,    0,    0,    0,    0,    0,    0,    0,    0,    0,    0,    0,    0,    0,
       0,    0,  -20,    0,    0,    0,    0,    0,    0,    0,    0,    0,   -8,    0,    0,    0,    0,   12,    0,    8,    8,    4,    4,    0,    0,    0,    0,    0,    0,    0,    0,    0,    0,    0,    0,    0,    0,    0,    0,    0,    0,    0,  -16,    4,   12,    0,
       0,    0,  -20,    0,    0,    0,    0,    0,    0,    0,    0,    0,   -8,    0,    0,    0,    8,    8,    0,    8,    8,    0,    0,    0,    0,    0,    0,    0,    4,    4,    0,    4,    0,    0,    0,    8,    0,   12,   12,    8,    0,    0,  -12,    0,    8,    0,
       0,    0,  -20,    0,    0,    0,    0,    0,    0,    0,    0,    0,  -16,    0,    0,   -4,    0,   16,    0,   12,   12,    4,    8,    0,   -8,   -4,    0,   -4,    0,    0,    0,    0,    0,    0,    0,    0,   -4,    0,    0,    0,   -4,    0,  -20,    8,   16,    0,
       0,    0,  -12,    0,    0,    0,    0,    0,    0,    0,    0,    0,   -8,    0,    0,   -8,    8,   12,    0,   12,   12,    0,    0,    0,   -4,   -4,    8,   -4,    0,    0,    0,    0,    0,    0,   -4,    8,    0,   12,   12,   12,    0,    0,  -12,    0,   12,    0,
       0,    0,    0,    0,    0,    0,    0,    0,    0,    0,    0,    0,    0,    0,    0,    0,    0,    0,    0,    0,    0,    0,    0,    0,    0,    0,    0,    0,    0,    0,    0,    0,    0,    0,   -8,    0,    0,    0,    0,    0,    0,    0,    0,    0,    0,    0,
};

static const EpdLigaturePair lexenddeca_9_italicLigaturePairs[] = {
    { 0x00660066, 0xFB00 }, // f f -> U+FB00
    { 0x00660069, 0xFB01 }, // f i -> U+FB01
    { 0x0066006C, 0xFB02 }, // f l -> U+FB02
    { 0xFB000069, 0xFB03 }, // U+FB00 i -> U+FB03
    { 0xFB00006C, 0xFB04 }, // U+FB00 l -> U+FB04
};

static constexpr EpdFontData lexenddeca_9_italic = {
    lexenddeca_9_italicBitmaps,
    lexenddeca_9_italicGlyphs,
    lexenddeca_9_italicIntervals,
    44,
    23,
    18,
    -6,
    true,
    lexenddeca_9_italicGroups,
    12,
    nullptr,
    lexenddeca_9_italicKernLeftClasses,
    lexenddeca_9_italicKernRightClasses,
    lexenddeca_9_italicKernMatrix,
    349,
    331,
    62,
    46,
    lexenddeca_9_italicLigaturePairs,
    5,
};
