/**
 * generated by fontconvert.py
 * name: lexenddeca_8_regular
 * size: 8
 * mode: 2-bit  compressed: true
 * Command used: fontconvert.py lexenddeca_8_regular 8 ../builtinFonts/source/LexicaUltralegible/LexicaUltralegible-Regular.ttf --2bit --compress --pnum --darken-aa
 */
#pragma once
#include "EpdFontData.h"

static const uint8_t lexenddeca_8_regularBitmaps[7480] = {
    0x7D, 0x56, 0xCD, 0x6F, 0xDC, 0x44, 0x14, 0xFF, 0xD9, 0xAE, 0xE4, 0x83, 0x89, 0x87, 0x03, 0xA8,
    0x87, 0x36, 0x71, 0x0F, 0x1C, 0xBD, 0xEB, 0x80, 0x82, 0x30, 0x95, 0xE3, 0x35, 0xA7, 0x1E, 0xDB,
    0x43, 0x97, 0xDE, 0xE8, 0x3F, 0x50, 0xB5, 0x39, 0xEC, 0x21, 0x42, 0x49, 0x63, 0x95, 0x1B, 0x15,
    0x12, 0x12, 0xC7, 0x4A, 0xC0, 0x15, 0x81, 0x84, 0x85, 0x16, 0x11, 0xCA, 0x36, 0x19, 0x91, 0x03,
    0x07, 0xBE, 0x7C, 0xA9, 0x38, 0x44, 0x94, 0x47, 0x72, 0xE8, 0x21, 0x55, 0x19, 0x81, 0x57, 0x5D,
    0xC0, 0xF1, 0xF0, 0x66, 0xDD, 0x24, 0x6D, 0x2A, 0x31, 0xEF, 0xAD, 0xF5, 0xFC, 0x66, 0x9E, 0xE7,
    0xCD, 0xFB, 0xF8, 0xCD, 0x16, 0x45, 0x3B, 0x00, 0xA5, 0x1E, 0xF2, 0xB0, 0xB6, 0x72, 0x66, 0x7B,
    0x2B, 0xEB, 0xE9, 0xEA, 0xE4, 0xF6, 0x05, 0xE7, 0x26, 0x0C, 0x9F, 0xC7, 0x9A, 0x56, 0xA7, 0xDE,
    0xCA, 0xBC, 0x19, 0x88, 0xD3, 0xC0, 0x19, 0x60, 0x00, 0x4F, 0xA3, 0xFB, 0x9A, 0x8C, 0xE7, 0x91,
    0xCC, 0x23, 0x2A, 0xE0, 0x35, 0xC0, 0x9A, 0xC4, 0x2B, 0x25, 0xE6, 0x29, 0x79, 0xB9, 0x0C, 0xBE,
    0x91, 0xAE, 0x06, 0xE6, 0xCD, 0xE2, 0x28, 0xF7, 0x71, 0x9B, 0x42, 0xDE, 0x61, 0x09, 0x54, 0x10,
    0xC6, 0x7F, 0x4A, 0xF4, 0xBE, 0x03, 0xE0, 0x47, 0x25, 0xC2, 0xAF, 0x15, 0x96, 0x28, 0x06, 0xA9,
    0xD8, 0x96, 0xB7, 0x95, 0x83, 0x48, 0x7A, 0x13, 0x04, 0xAB, 0x08, 0x7D, 0xCC, 0x9C, 0x86, 0x57,
    0xA0, 0x47, 0xE5, 0xF0, 0xEF, 0x52, 0xF5, 0x24, 0x89, 0x5C, 0x09, 0x79, 0x7D, 0x53, 0x05, 0xD5,
    0x3A, 0xF1, 0x78, 0x2E, 0x5E, 0x28, 0x94, 0x11, 0x54, 0x31, 0x88, 0x4F, 0xFB, 0x21, 0xD8, 0x3B,
    0x78, 0x70, 0x33, 0x27, 0x6F, 0xC9, 0xCD, 0x3C, 0xD6, 0xCC, 0x20, 0xC4, 0x02, 0x7C, 0x7C, 0xF8,
    0xFE, 0x66, 0xDE, 0xCB, 0x5E, 0xCE, 0x6D, 0xD9, 0x92, 0xD6, 0x97, 0xEE, 0xB6, 0x12, 0x3B, 0x56,
    0x02, 0x5A, 0xF6, 0x33, 0xF6, 0x11, 0x05, 0xC8, 0x92, 0x8E, 0x74, 0xF2, 0x03, 0xE3, 0x98, 0x4F,
    0xCB, 0x07, 0x9C, 0x20, 0xBD, 0x86, 0x15, 0x37, 0xD3, 0x8E, 0xDC, 0xBB, 0x21, 0x77, 0xBF, 0x95,
    0xF4, 0xA7, 0xA4, 0xB7, 0xA5, 0x8A, 0xE4, 0x40, 0x64, 0x3C, 0xC5, 0x0B, 0x9C, 0x3C, 0xC8, 0x75,
    0x7E, 0x29, 0x77, 0x8E, 0x91, 0xA8, 0xD2, 0x51, 0x31, 0xC7, 0x3E, 0xCC, 0x22, 0xC1, 0xD0, 0x2E,
    0xBD, 0xAC, 0x83, 0xBF, 0xFB, 0x5A, 0x07, 0xD5, 0xF5, 0x51, 0xE1, 0xB3, 0x7E, 0xC5, 0xA9, 0xAC,
    0x3B, 0xC6, 0x7B, 0x25, 0xAE, 0xDF, 0x09, 0x2A, 0x5E, 0x85, 0x11, 0xAC, 0x1A, 0xCE, 0x67, 0x10,
    0x21, 0x66, 0xD9, 0x07, 0x0E, 0x5F, 0x08, 0xCD, 0x3E, 0xAE, 0x66, 0xEC, 0x12, 0x73, 0xA4, 0xD1,
    0xE9, 0x1B, 0x31, 0x06, 0x7A, 0xB5, 0xF1, 0xED, 0x05, 0x2F, 0x63, 0x0F, 0x98, 0x63, 0x2F, 0xEB,
    0x4E, 0xFD, 0xF1, 0xAA, 0xF4, 0xCE, 0xE0, 0x84, 0xC2, 0x5E, 0xB5, 0xBF, 0xAA, 0x04, 0x79, 0xE4,
    0x15, 0x22, 0xBD, 0x23, 0x2A, 0xAD, 0xFB, 0x97, 0x79, 0xD7, 0x84, 0x6D, 0x0B, 0x28, 0xBB, 0x74,
    0xA4, 0x97, 0x09, 0x74, 0x79, 0xFB, 0xEE, 0x28, 0xF1, 0x63, 0xBF, 0x93, 0x04, 0x93, 0xD5, 0xEB,
    0xC6, 0xA2, 0xF5, 0x47, 0xA8, 0x74, 0xD4, 0xDA, 0x2B, 0xB1, 0x92, 0x06, 0xB5, 0x35, 0x9C, 0x5A,
    0xE5, 0x1C, 0x2D, 0x33, 0x94, 0x3A, 0x14, 0x38, 0x90, 0x36, 0xD6, 0xDC, 0xC9, 0x5A, 0x56, 0x61,
    0x33, 0xF3, 0x2A, 0xAC, 0xC1, 0xE5, 0xD0, 0xEA, 0x7E, 0xBF, 0x7D, 0xE6, 0xD8, 0x47, 0x54, 0x5A,
    0xFB, 0x08, 0xAC, 0x26, 0xA0, 0x7D, 0x94, 0xEC, 0x66, 0xF7, 0x6A, 0x6C, 0xF2, 0x66, 0xFC, 0x51,
    0xB6, 0xB4, 0x72, 0x80, 0xA3, 0x2F, 0x6D, 0x9D, 0x89, 0x5B, 0x2A, 0xC1, 0xFA, 0x97, 0x3A, 0xFC,
    0xEB, 0x0F, 0xFF, 0xBE, 0xE7, 0xEF, 0x79, 0xFE, 0xA3, 0xCB, 0x57, 0xBE, 0xFA, 0x77, 0x92, 0x80,
    0xA7, 0x60, 0x73, 0xC5, 0x55, 0x40, 0x0D, 0xFB, 0x01, 0x9C, 0xF7, 0xE0, 0x9E, 0x87, 0xC7, 0x19,
    0x73, 0xB3, 0x39, 0x47, 0x46, 0x5A, 0x2E, 0xBE, 0x49, 0x83, 0x69, 0x36, 0xF5, 0x04, 0xE3, 0xAB,
    0x20, 0x01, 0xF2, 0x40, 0x73, 0xD0, 0xFB, 0x18, 0x5F, 0x06, 0xB9, 0x19, 0x39, 0x39, 0x3F, 0xC7,
    0xD7, 0xC0, 0x0B, 0x5C, 0x76, 0xEA, 0xF3, 0x9C, 0x0B, 0xD0, 0xF4, 0x01, 0x40, 0x53, 0x66, 0x81,
    0x5F, 0x97, 0x6D, 0xC9, 0x53, 0xBC, 0x40, 0x57, 0x18, 0x6F, 0xF0, 0x47, 0xD8, 0x50, 0x1A, 0xB6,
    0xA7, 0xDC, 0xCA, 0x5E, 0xC6, 0x53, 0xBC, 0x40, 0x37, 0xE3, 0x8B, 0x04, 0x43, 0x5A, 0x8D, 0x2F,
    0xB4, 0xD2, 0xF8, 0xA2, 0x6E, 0x74, 0x7D, 0xA8, 0x3F, 0x94, 0x0C, 0xB9, 0x0D, 0xEF, 0x2B, 0x63,
    0xAB, 0x3C, 0xDA, 0xB7, 0xA7, 0xD4, 0x8B, 0x8A, 0x93, 0xB2, 0x0C, 0x15, 0x7D, 0xAA, 0xDC, 0x66,
    0xFE, 0xF1, 0x46, 0x07, 0xCC, 0x25, 0x30, 0xBE, 0x24, 0x8F, 0x2B, 0xE5, 0x6A, 0x16, 0xE2, 0x69,
    0x5A, 0xCD, 0xB4, 0x3C, 0xA6, 0x0A, 0x29, 0x54, 0xC9, 0xC6, 0x30, 0x22, 0x13, 0x8D, 0x45, 0xD0,
    0x10, 0x3B, 0x84, 0xFB, 0x12, 0x3A, 0x87, 0x2E, 0x4D, 0xB0, 0x68, 0x79, 0xAA, 0xE7, 0x59, 0x37,
    0x3F, 0xF2, 0xF2, 0x88, 0xFE, 0xF9, 0x44, 0x37, 0x35, 0x6A, 0xE6, 0x7D, 0xAB, 0x7E, 0x68, 0x3F,
    0xF8, 0xC3, 0x79, 0x70, 0xFF, 0xDC, 0x95, 0xDD, 0x9B, 0xE1, 0xEE, 0xCF, 0xE1, 0xEF, 0xF7, 0x42,
    0xAA, 0xA7, 0xBC, 0x1E, 0x4E, 0x6C, 0x59, 0xDB, 0xB2, 0xB1, 0xE5, 0x9E, 0x2D, 0x77, 0x6F, 0xC8,
    0x1D, 0xEE, 0x95, 0x1D, 0x49, 0x5F, 0x48, 0x4A, 0x25, 0x45, 0xDC, 0xC7, 0x1C, 0x31, 0xC9, 0x67,
    0x0F, 0x6E, 0xC9, 0xC4, 0xA2, 0x02, 0x85, 0xC2, 0x02, 0x21, 0x66, 0x66, 0x81, 0x5F, 0x59, 0xC9,
    0x53, 0xBC, 0x40, 0x4F, 0xC6, 0x1B, 0x64, 0xEA, 0x4E, 0x50, 0x97, 0x23, 0x97, 0x3D, 0x11, 0xB7,
    0xA7, 0x6C, 0x9F, 0x8F, 0x29, 0x89, 0x55, 0x34, 0x28, 0x3C, 0x95, 0xD8, 0x2A, 0xB8, 0x55, 0xBB,
    0xCD, 0x1C, 0x70, 0xC2, 0xA4, 0x7E, 0xE3, 0x20, 0xF5, 0xFC, 0xEC, 0x9A, 0x5C, 0x3F, 0x2A, 0x19,
    0x6B, 0x40, 0x2B, 0xA0, 0x8E, 0x51, 0xB6, 0xA9, 0x4F, 0xAC, 0x8C, 0xDB, 0x28, 0x05, 0xC4, 0x3E,
    0xB0, 0x99, 0xC3, 0x66, 0x3C, 0xA0, 0xC4, 0x2A, 0xA3, 0xD6, 0x0D, 0x2D, 0x2F, 0xDD, 0xCD, 0x6C,
    0x89, 0xFF, 0xE1, 0x63, 0x19, 0x39, 0x64, 0xE5, 0xC8, 0xC2, 0xC9, 0xB9, 0x3B, 0x45, 0x0D, 0x65,
    0xD1, 0xC0, 0x96, 0x89, 0xC3, 0x9C, 0x77, 0xBC, 0xCC, 0x17, 0x10, 0x3E, 0xBC, 0x59, 0x38, 0x23,
    0x38, 0x13, 0xD8, 0x95, 0x29, 0x02, 0x25, 0xA0, 0x86, 0xC1, 0x1B, 0xB4, 0x1C, 0xDD, 0x28, 0x93,
    0xDE, 0x96, 0x4C, 0xCE, 0x6E, 0xC9, 0xF0, 0xD5, 0xAD, 0x7C, 0x76, 0xE9, 0x97, 0xCC, 0x2F, 0xF6,
    0x20, 0x68, 0x13, 0x9E, 0xF9, 0xC9, 0x94, 0xDB, 0x24, 0xC1, 0xB2, 0xA5, 0x3A, 0x8E, 0x14, 0x5E,
    0xE6, 0x7E, 0x04, 0xA7, 0x06, 0x26, 0xB0, 0x18, 0x87, 0xF6, 0xE1, 0x9D, 0x47, 0xE0, 0xE6, 0x89,
    0x53, 0xAE, 0x83, 0x9B, 0x68, 0x38, 0xC7, 0x1F, 0xB6, 0xA5, 0xF3, 0x4E, 0x6E, 0x7F, 0x0F, 0x34,
    0x06, 0x5D, 0x0C, 0x6E, 0x3C, 0xC1, 0x5A, 0x83, 0x31, 0x01, 0x1D, 0xAE, 0x78, 0xE3, 0x06, 0x9F,
    0xC8, 0xCD, 0x19, 0x90, 0x0C, 0xC0, 0xB0, 0x62, 0xDC, 0xCF, 0x38, 0x08, 0xCD, 0x98, 0x8E, 0xC6,
    0xB8, 0x29, 0x18, 0x17, 0x63, 0x1C, 0xC0, 0x2E, 0xE3, 0x9C, 0xB4, 0x38, 0x0E, 0x28, 0x7A, 0xF9,
    0xC9, 0x67, 0x10, 0xB0, 0xA5, 0x93, 0x79, 0x2F, 0x07, 0x47, 0x57, 0xC1, 0x51, 0xF0, 0x12, 0xF8,
    0xA7, 0x0D, 0xCC, 0xC7, 0x1E, 0x43, 0x87, 0x56, 0xFD, 0x0B, 0x67, 0xE2, 0xD9, 0x80, 0x16, 0xD7,
    0xCF, 0x24, 0x58, 0x89, 0xEA, 0x2A, 0xA4, 0xE4, 0x9F, 0xBA, 0xF7, 0x6B, 0x9B, 0xF1, 0x3D, 0x6A,
    0x46, 0x2A, 0xA4, 0x19, 0xF2, 0x69, 0x46, 0x85, 0xCD, 0x68, 0x9B, 0x4B, 0x82, 0x31, 0x89, 0xB1,
    0x8D, 0x4C, 0xD0, 0x4E, 0xA4, 0xA3, 0x80, 0x60, 0x90, 0xD4, 0x0F, 0xEE, 0xA5, 0x1B, 0xAA, 0xCB,
    0xEB, 0x98, 0x54, 0x37, 0xDD, 0x08, 0x7E, 0x33, 0xE8, 0x55, 0xF8, 0xE4, 0x69, 0x3D, 0xEE, 0x2B,
    0xA4, 0x23, 0xC1, 0x81, 0x16, 0xB2, 0x3B, 0xED, 0x98, 0x67, 0x3B, 0x27, 0xF8, 0xE9, 0x98, 0xFD,
    0x3D, 0xCC, 0xC4, 0x49, 0x54, 0x59, 0x8F, 0xAB, 0x6F, 0x4F, 0x35, 0xEB, 0x2A, 0xA1, 0xF0, 0x88,
    0x12, 0x46, 0xEB, 0x7A, 0x25, 0x6C, 0x87, 0x81, 0x2E, 0x03, 0x85, 0x07, 0xB7, 0xCC, 0x93, 0x74,
    0x4A, 0xF6, 0x0E, 0x4A, 0xB8, 0xD8, 0x29, 0xEF, 0xE7, 0x1A, 0x1A, 0x8F, 0xF2, 0x9D, 0x92, 0x14,
    0xC5, 0x47, 0x81, 0xAD, 0x46, 0xDB, 0xBB, 0x93, 0x46, 0x8F, 0xD4, 0xCA, 0x1C, 0xC5, 0xFE, 0x31,
    0xDE, 0x7E, 0x66, 0xF7, 0x16, 0x9B, 0x5B, 0xAC, 0x56, 0x82, 0x4F, 0xA7, 0xB6, 0x8F, 0xC5, 0x6A,
    0x8F, 0xDA, 0x4D, 0xF9, 0x24, 0xE9, 0x06, 0x54, 0x17, 0xE4, 0x3F, 0x66, 0x96, 0x59, 0xC3, 0x7A,
    0x0E, 0x1C, 0xC4, 0xC7, 0x70, 0xD5, 0x76, 0xDE, 0x98, 0x78, 0x3E, 0xD1, 0xF3, 0xE6, 0xFB, 0x31,
    0xD2, 0x8C, 0xAF, 0x93, 0xCE, 0x4B, 0x7E, 0xBA, 0xEA, 0x55, 0x61, 0xA8, 0x57, 0xA7, 0x67, 0xED,
    0x0A, 0xF6, 0xFB, 0x88, 0x96, 0xC7, 0x93, 0xDE, 0xB2, 0x9A, 0x2D, 0x92, 0x85, 0x38, 0x1E, 0x84,
    0xC5, 0x2C, 0x89, 0x92, 0xDB, 0x3C, 0xA7, 0x61, 0x52, 0x4C, 0xE2, 0xA5, 0x7A, 0xB0, 0xF0, 0x43,
    0x71, 0xF6, 0x47, 0x15, 0xBD, 0x4B, 0xC1, 0xB9, 0x52, 0x70, 0xCD, 0x72, 0x67, 0x74, 0x92, 0x78,
    0x4E, 0x79, 0x7C, 0xFF, 0x08, 0x62, 0xBB, 0x84, 0x8D, 0xFD, 0x05, 0x8E, 0x67, 0x18, 0xCF, 0x2C,
    0xF9, 0x85, 0x47, 0x4E, 0x69, 0xEE, 0xE1, 0x53, 0x59, 0x6A, 0xCA, 0x43, 0x59, 0x7C, 0xE3, 0x08,
    0xCE, 0xD0, 0x00, 0xE3, 0x0B, 0x5A, 0x45, 0x58, 0xE4, 0xEA, 0x6B, 0x69, 0xC0, 0x7E, 0x0E, 0x0F,
    0xDF, 0x16, 0x11, 0x81, 0x9E, 0x1E, 0x23, 0xBE, 0xDC, 0xFC, 0xC7, 0x24, 0x60, 0x3E, 0x73, 0xF0,
    0xD6, 0x35, 0xAD, 0x00, 0x44, 0x1F, 0x64, 0xAF, 0xF3, 0xFF, 0x95, 0x13, 0xF8, 0x0F, 0x95, 0x56,
    0x41, 0x6C, 0x1C, 0x35, 0x14, 0x7D, 0x33, 0x5E, 0x32, 0x94, 0x49, 0xC6, 0x5B, 0x09, 0xA4, 0x4A,
    0xA4, 0x3B, 0x41, 0xEA, 0x81, 0xC3, 0x24, 0x5B, 0xA4, 0x50, 0x4D, 0x61, 0x76, 0x67, 0x7A, 0xEA,
    0x91, 0x1C, 0xBA, 0xED, 0xB1, 0xE5, 0x0C, 0x82, 0x20, 0xE5, 0x10, 0xA4, 0x6C, 0x33, 0x82, 0x63,
    0x45, 0xB8, 0xC1, 0xA1, 0x48, 0xF4, 0x88, 0x54, 0xA1, 0x8E, 0x4A, 0xA8, 0x52, 0xB4, 0x4D, 0x0C,
    0x3D, 0x70, 0xA8, 0xA0, 0x53, 0x2A, 0x2E, 0x94, 0xA8, 0x26, 0x39, 0x70, 0x48, 0x41, 0x56, 0xB3,
    0x11, 0x4B, 0x9A, 0xAC, 0xF9, 0xDE, 0x4D, 0x69, 0xB6, 0x5D, 0x55, 0xA9, 0xFF, 0x5F, 0xAF, 0xED,
    0xFF, 0xBF, 0x3D, 0xFF, 0xFB, 0xF9, 0xDB, 0x4A, 0x01, 0xD9, 0x4E, 0x61, 0xF0, 0x65, 0xBC, 0xB0,
    0x5E, 0x5C, 0x85, 0xA1, 0xF5, 0xE2, 0x6C, 0xC3, 0x97, 0x0C, 0x0C, 0x6E, 0x0B, 0xD5, 0xF7, 0x11,
    0x0E, 0x20, 0x02, 0x02, 0x40, 0x6F, 0xC1, 0x9F, 0x80, 0x0B, 0xC3, 0x43, 0xC0, 0xEC, 0x1A, 0xBE,
    0x5D, 0x4A, 0x00, 0xBC, 0xF9, 0x20, 0xF5, 0xDF, 0x47, 0xE4, 0x24, 0x21, 0x4B, 0xA9, 0x2E, 0xF9,
    0x88, 0x75, 0x52, 0x4C, 0x92, 0x08, 0xF3, 0x25, 0x28, 0x6E, 0x0B, 0xF6, 0x71, 0x6A, 0xDF, 0x00,
    0xDA, 0x40, 0x03, 0xAE, 0x16, 0x08, 0x4D, 0x6D, 0xD5, 0x13, 0x6A, 0xC8, 0x4E, 0xA1, 0x49, 0xBA,
    0x0D, 0x5F, 0x7E, 0xB8, 0x90, 0x15, 0x23, 0x94, 0xD3, 0xAB, 0x2D, 0x39, 0xA6, 0xDC, 0x19, 0xEE,
    0x5F, 0xB3, 0x9B, 0x88, 0x26, 0x83, 0x3A, 0x7D, 0x13, 0x70, 0x4B, 0xC0, 0x14, 0x5B, 0xA7, 0xFC,
    0x33, 0x15, 0xB5, 0xA3, 0x2B, 0x6B, 0xA5, 0x75, 0xC1, 0x57, 0x53, 0x97, 0xF8, 0xFE, 0x6D, 0x9E,
    0x69, 0x2F, 0x42, 0xE4, 0x1F, 0x6B, 0x32, 0x5A, 0xE5, 0x45, 0xF8, 0xC9, 0x7E, 0x51, 0x16, 0xAF,
    0x89, 0x58, 0xB0, 0x1B, 0x70, 0x3D, 0x94, 0x48, 0x38, 0x65, 0x98, 0x1A, 0xD4, 0x65, 0x37, 0xCC,
    0xD7, 0x6B, 0x9D, 0xD6, 0x4E, 0xA5, 0x60, 0x0F, 0xD9, 0xDA, 0xB5, 0x00, 0xA2, 0x2B, 0xBA, 0x74,
    0xFF, 0xCE, 0xA7, 0x2B, 0x3F, 0x9E, 0x5B, 0xD1, 0xEE, 0xFD, 0x65, 0x7E, 0xF9, 0x86, 0x57, 0x39,
    0x36, 0xF3, 0xFF, 0x02, 0x64, 0x2D, 0x6A, 0x34, 0x49, 0x8C, 0x7F, 0xC4, 0x8A, 0x58, 0x17, 0xB3,
    0x49, 0x81, 0xA6, 0x30, 0xA4, 0xF5, 0xA9, 0x5F, 0xCD, 0x7F, 0xAD, 0xA6, 0x75, 0x9C, 0xBE, 0x22,
    0x6C, 0xE1, 0x92, 0xB7, 0x5A, 0xC4, 0xE9, 0x7E, 0xC1, 0x53, 0x5B, 0xBC, 0x2D, 0xE2, 0xA4, 0xE0,
    0x85, 0x72, 0x17, 0xA9, 0xE9, 0xCD, 0x6D, 0xFD, 0x9E, 0x84, 0x21, 0xAE, 0xE3, 0xBB, 0xB3, 0x73,
    0x4B, 0x73, 0xB3, 0x73, 0xF1, 0x1C, 0x9F, 0x63, 0x8F, 0x11, 0x94, 0xC2, 0x60, 0x39, 0x2E, 0x34,
    0x06, 0x4D, 0xF1, 0x71, 0x44, 0x1C, 0x16, 0xAF, 0x0B, 0x3F, 0xD9, 0xED, 0xD9, 0x6E, 0x8F, 0x4B,
    0x98, 0x5E, 0x84, 0x2A, 0xD9, 0xB9, 0xC7, 0x52, 0x8F, 0xC3, 0x2B, 0x95, 0xBC, 0xA8, 0x8A, 0xF9,
    0xBF, 0xAD, 0x95, 0x9F, 0xD9, 0x75, 0xED, 0x76, 0xC7, 0x70, 0x78, 0x11, 0xB2, 0x64, 0x09, 0xA3,
    0xE3, 0xC2, 0x1B, 0xAA, 0x78, 0xD1, 0x4D, 0x64, 0x2E, 0xA4, 0xC7, 0x44, 0xE8, 0xA4, 0x17, 0x38,
    0x74, 0x01, 0x35, 0x13, 0x9C, 0xB2, 0x38, 0x88, 0x23, 0x32, 0x82, 0x95, 0x67, 0xE0, 0xDF, 0xE7,
    0x18, 0xB8, 0x2D, 0xF0, 0xC1, 0x9A, 0x93, 0xC6, 0xCB, 0x3C, 0x45, 0x14, 0xA7, 0xC8, 0xBE, 0x49,
    0x21, 0xB5, 0x60, 0x82, 0xA5, 0xAE, 0x89, 0x07, 0xB5, 0x00, 0x8B, 0xBC, 0x76, 0xD3, 0x31, 0xCC,
    0x1B, 0x07, 0x83, 0xAB, 0x0B, 0x65, 0x69, 0x25, 0x34, 0x05, 0x70, 0xA6, 0xB3, 0xA5, 0x4D, 0x60,
    0x0B, 0xF6, 0x3D, 0xB0, 0x4F, 0xE0, 0xBC, 0x05, 0xD7, 0x05, 0x27, 0x24, 0x31, 0x51, 0xD6, 0xA2,
    0x72, 0x52, 0x4E, 0x19, 0x8F, 0x33, 0x3C, 0x0F, 0x83, 0xC4, 0xAE, 0xBE, 0x82, 0xD5, 0x02, 0xDB,
    0x02, 0xFB, 0x02, 0x8E, 0x07, 0x4E, 0x1E, 0x38, 0xC9, 0x28, 0x4B, 0x63, 0x2D, 0x8E, 0x9E, 0xA4,
    0xEF, 0x92, 0x8A, 0x34, 0xCE, 0xC0, 0xA6, 0x39, 0xF7, 0xED, 0x79, 0x7E, 0x80, 0xFD, 0x09, 0xE7,
    0x6C, 0xAF, 0xFE, 0x4F, 0x60, 0x5D, 0x7D, 0x96, 0xEE, 0xD6, 0xCF, 0xBA, 0xFA, 0xC7, 0xB1, 0x53,
    0xB6, 0x0C, 0x5B, 0x7F, 0x81, 0xDD, 0x04, 0x3B, 0x07, 0xE7, 0x78, 0xE2, 0xB2, 0x94, 0x33, 0xE1,
    0xEB, 0x7C, 0xB4, 0x46, 0xB1, 0x52, 0xD3, 0xE4, 0x38, 0x95, 0x3A, 0x41, 0xA6, 0xC3, 0x8B, 0x1D,
    0xD6, 0xB0, 0xD6, 0x12, 0x76, 0x5D, 0x10, 0x3B, 0xC7, 0x72, 0x4E, 0xA7, 0x45, 0xAB, 0x52, 0x6D,
    0x9E, 0x76, 0x2D, 0x34, 0x27, 0x6E, 0x49, 0x13, 0x1E, 0xB7, 0x29, 0xE8, 0xAC, 0x45, 0xB6, 0x6E,
    0x48, 0x55, 0xC9, 0x54, 0x51, 0x4C, 0xCB, 0x65, 0x95, 0x13, 0xB0, 0x24, 0x75, 0x99, 0x26, 0xA9,
    0x5B, 0x9B, 0x26, 0x21, 0x2A, 0x35, 0x0A, 0x51, 0xAC, 0x53, 0x67, 0x1B, 0xE5, 0x4B, 0x69, 0x68,
    0x8B, 0xCC, 0x84, 0x8A, 0x42, 0x6E, 0x58, 0x75, 0x78, 0xDA, 0x16, 0xE5, 0x4B, 0xC2, 0x69, 0x1B,
    0x1F, 0xAD, 0x05, 0x58, 0x8A, 0xE2, 0xCA, 0x61, 0x13, 0x8C, 0x75, 0x7B, 0xE3, 0x44, 0x17, 0x7F,
    0x5A, 0x6D, 0x4C, 0x74, 0x5B, 0x1B, 0x27, 0x74, 0x1B, 0x89, 0x95, 0xDB, 0x06, 0xEC, 0xDB, 0x7D,
    0xE5, 0xDB, 0x76, 0xC2, 0xF3, 0x03, 0x67, 0x9E, 0x62, 0x8F, 0xE1, 0x71, 0xE3, 0x3C, 0xC9, 0x6B,
    0x4F, 0xC8, 0x6B, 0xBA, 0x5D, 0xC4, 0x94, 0xD9, 0x5B, 0x3A, 0x1E, 0xF5, 0x24, 0x40, 0x2F, 0xD5,
    0x13, 0x4A, 0x15, 0x70, 0x93, 0xA7, 0xC9, 0x6D, 0xF8, 0xF9, 0xA1, 0x0B, 0x74, 0x0C, 0x95, 0x3F,
    0xE1, 0xA2, 0x97, 0xFC, 0x89, 0x58, 0x3D, 0xCC, 0x1B, 0x5A, 0x9C, 0x4E, 0x3C, 0xF4, 0xD2, 0x69,
    0xB2, 0x2F, 0xB7, 0x31, 0xFA, 0x8E, 0x08, 0xA0, 0x02, 0x64, 0x01, 0x42, 0x2D, 0xC2, 0x7A, 0x12,
    0x06, 0x18, 0xEF, 0x74, 0x15, 0x89, 0x48, 0x81, 0x8A, 0xF3, 0x1B, 0xBC, 0x6B, 0x28, 0x00, 0x2D,
    0x5B, 0x6C, 0xD9, 0xA2, 0x6D, 0x8B, 0x35, 0x5B, 0xAC, 0x7E, 0x24, 0x56, 0x7E, 0x10, 0x72, 0x45,
    0xC8, 0xCB, 0x42, 0x56, 0x85, 0x2C, 0x0B, 0xC9, 0x85, 0x74, 0xE9, 0xC0, 0x77, 0x42, 0x3E, 0xD2,
    0x31, 0x6C, 0xC3, 0x3F, 0x2F, 0x22, 0x4B, 0x12, 0x68, 0x14, 0xC6, 0x25, 0x42, 0x62, 0x6A, 0x50,
    0x97, 0x06, 0x49, 0x64, 0x36, 0x63, 0xF0, 0x11, 0xB8, 0xF7, 0xA4, 0xBF, 0x0B, 0xDC, 0x7B, 0xD2,
    0x27, 0x35, 0x42, 0xDB, 0x89, 0x67, 0xD1, 0x77, 0x76, 0xB0, 0xBD, 0x37, 0xFD, 0xD0, 0x1B, 0xAB,
    0xB8, 0x4D, 0x26, 0xDD, 0xE6, 0x58, 0x25, 0xE4, 0xC6, 0x6A, 0xC4, 0xBF, 0x28, 0x23, 0x5B, 0x65,
    0x4E, 0xA6, 0x06, 0xA7, 0xE4, 0x78, 0x28, 0xF3, 0x70, 0x3D, 0x1D, 0x7F, 0x80, 0x6C, 0xC6, 0x92,
    0xF1, 0x79, 0xF1, 0x79, 0x1B, 0xB4, 0x82, 0xC9, 0x0D, 0xA9, 0x59, 0x45, 0xDA, 0xA2, 0x2F, 0x2B,
    0x26, 0x32, 0x96, 0xD2, 0x45, 0xC4, 0x09, 0xF4, 0x84, 0xA3, 0xEC, 0x59, 0xF4, 0x53, 0x38, 0x4D,
    0xEC, 0x3B, 0xB0, 0x67, 0x7D, 0xBA, 0xD9, 0x86, 0x77, 0xBC, 0xDE, 0x93, 0x3E, 0xA1, 0xE1, 0x20,
    0x70, 0xC8, 0xE8, 0x47, 0xC8, 0x4A, 0x90, 0x8F, 0x5D, 0x77, 0x94, 0xF4, 0x77, 0xF3, 0x0E, 0xFA,
    0x9B, 0x1B, 0x33, 0xD2, 0x23, 0x1A, 0xD5, 0xAD, 0x8D, 0xC4, 0x8C, 0x94, 0x9B, 0x8B, 0x0D, 0x65,
    0x46, 0x66, 0x56, 0x9A, 0xB2, 0x2E, 0xB9, 0x74, 0xE9, 0xB7, 0xF8, 0x47, 0x73, 0xD0, 0x9C, 0x4C,
    0x9A, 0xDB, 0x97, 0x95, 0x85, 0x91, 0x08, 0x33, 0xE5, 0xAD, 0x66, 0x20, 0xA3, 0x8D, 0xAD, 0x78,
    0x19, 0xB9, 0x2D, 0x9E, 0x94, 0x6C, 0x92, 0xC4, 0x15, 0x81, 0xEA, 0x37, 0x4E, 0x89, 0xBB, 0xF9,
    0x52, 0xD2, 0x4F, 0x32, 0x3E, 0x59, 0x2C, 0xF6, 0x19, 0xFF, 0x9A, 0xB2, 0x4A, 0x5E, 0x52, 0xA3,
    0x8A, 0x4B, 0x8B, 0xA4, 0x47, 0x17, 0x8A, 0xC3, 0x78, 0x97, 0xA4, 0x83, 0x32, 0xF8, 0xB7, 0x11,
    0x2F, 0xFB, 0x2B, 0x6D, 0x54, 0x96, 0x2E, 0xA6, 0x23, 0x55, 0xC2, 0x7A, 0x80, 0xBC, 0xAC, 0xB5,
    0xFC, 0xAE, 0x5E, 0x4B, 0x64, 0x05, 0xD8, 0x7C, 0x70, 0x5E, 0xC4, 0xBF, 0xB4, 0xC1, 0x65, 0xB5,
    0xA1, 0x0A, 0x8A, 0x3C, 0xA4, 0xFC, 0x5A, 0xA8, 0x36, 0x7C, 0xC5, 0xF2, 0x01, 0xE9, 0x88, 0x17,
    0xE0, 0x24, 0x16, 0xED, 0x22, 0x57, 0xD5, 0x46, 0xE6, 0x49, 0x57, 0xEB, 0x8D, 0x9A, 0x42, 0xB5,
    0xC1, 0x9B, 0x98, 0x84, 0xEC, 0x95, 0x98, 0x4C, 0x6E, 0x24, 0x2C, 0x2F, 0x4D, 0xF5, 0xB3, 0x18,
    0x1E, 0x2F, 0x14, 0xFB, 0x8D, 0x17, 0xA7, 0x02, 0x54, 0x4B, 0x5E, 0xB7, 0x58, 0xB4, 0xA0, 0x47,
    0xE1, 0xAA, 0x52, 0x8E, 0xEC, 0x4D, 0x00, 0x3C, 0x25, 0x34, 0x53, 0xED, 0xA4, 0xAC, 0x87, 0x6E,
    0x89, 0xA4, 0x73, 0xB3, 0xFB, 0x8F, 0x25, 0x14, 0xD2, 0xFD, 0x7D, 0xA0, 0x85, 0x7B, 0xF0, 0xFC,
    0xB5, 0xFA, 0xAC, 0x32, 0x5B, 0xE5, 0x2A, 0xEF, 0x2C, 0xB9, 0xE6, 0xBF, 0xFA, 0x46, 0xB3, 0x88,
    0x3B, 0xAA, 0xBD, 0xA0, 0x22, 0x19, 0x3C, 0x22, 0xCF, 0x38, 0x9B, 0x74, 0x3F, 0x51, 0x71, 0x63,
    0x61, 0x6A, 0xFA, 0x44, 0xD5, 0x71, 0xB6, 0xAF, 0xC4, 0x11, 0x07, 0xA7, 0xFA, 0x5A, 0xC0, 0x6F,
    0x3D, 0x37, 0xD1, 0x4F, 0xF2, 0x28, 0x0C, 0xBD, 0xE3, 0xDD, 0xDB, 0xD7, 0xBC, 0x73, 0x6A, 0xE6,
    0x22, 0xE9, 0xF4, 0xF8, 0x26, 0x69, 0x55, 0xD5, 0xDD, 0xD5, 0x73, 0x9B, 0xBC, 0xC1, 0xCF, 0x36,
    0xBE, 0x54, 0x05, 0xDA, 0x41, 0xE3, 0xDB, 0xEE, 0x07, 0x89, 0x9C, 0xDE, 0x68, 0xC5, 0xD3, 0x26,
    0xF9, 0xD3, 0xB3, 0xA8, 0x47, 0xA2, 0xC2, 0xE6, 0x42, 0xFC, 0x15, 0x4F, 0x8E, 0xE6, 0xFD, 0x2C,
    0xBA, 0x70, 0xEA, 0x33, 0x53, 0x11, 0xCA, 0xA2, 0xD5, 0x33, 0x6F, 0x3C, 0x88, 0xA2, 0x20, 0x1C,
    0x9A, 0xF4, 0x32, 0x57, 0xB2, 0xDC, 0xBC, 0x13, 0x5E, 0x4E, 0xAA, 0x3B, 0x87, 0x63, 0x4D, 0xB6,
    0x1B, 0x2A, 0x90, 0x43, 0x74, 0x18, 0x86, 0x54, 0xD0, 0x6E, 0xAC, 0xC9, 0xEE, 0xF8, 0xD0, 0x70,
    0x81, 0x0E, 0x5B, 0xC8, 0x23, 0x6F, 0x78, 0xD8, 0x0B, 0x78, 0xE8, 0x4E, 0x32, 0xC5, 0xA4, 0x9D,
    0x9B, 0x57, 0x45, 0x19, 0xFF, 0x01, 0x8D, 0x57, 0x4F, 0x68, 0x24, 0x59, 0x19, 0xFF, 0x55, 0xBD,
    0x8D, 0x35, 0xB3, 0xE5, 0x54, 0xE5, 0xB0, 0x03, 0x03, 0x3B, 0x93, 0xCE, 0x61, 0x84, 0x20, 0x95,
    0xB4, 0x48, 0x94, 0x62, 0xA8, 0x54, 0x97, 0x78, 0x58, 0xC4, 0x83, 0x7D, 0x48, 0xBB, 0x37, 0xCD,
    0x51, 0x10, 0x76, 0x1B, 0x0C, 0xD8, 0x60, 0x9A, 0x2D, 0x56, 0x50, 0x51, 0x56, 0x06, 0xAF, 0x73,
    0xF1, 0xA8, 0x2E, 0x38, 0x85, 0x44, 0x68, 0xA4, 0x4D, 0x1E, 0x3B, 0x37, 0x77, 0xD5, 0x3A, 0x28,
    0x1E, 0x96, 0xD5, 0xB7, 0x13, 0x70, 0x61, 0xE3, 0xAE, 0xEF, 0xD0, 0xCD, 0x96, 0x43, 0xA7, 0xCB,
    0xEF, 0xAB, 0xEA, 0xA4, 0xFF, 0x67, 0xBB, 0xDE, 0x4B, 0x52, 0x79, 0xEF, 0xFB, 0x7E, 0xEF, 0xF7,
    0xDE, 0xFB, 0xFE, 0x15, 0x00, 0x91, 0xC3, 0x68, 0x80, 0x9F, 0x2E, 0x30, 0x80, 0xF1, 0x11, 0xC4,
    0x5F, 0x21, 0x7E, 0x06, 0x5B, 0xC4, 0xAE, 0x90, 0x8E, 0x29, 0xAB, 0xB9, 0xDA, 0x6B, 0xE8, 0x16,
    0x8E, 0x13, 0xF8, 0x35, 0x7D, 0xBB, 0x0E, 0x54, 0x54, 0xBB, 0xB3, 0x19, 0xE0, 0xA8, 0x3A, 0xE8,
    0x79, 0x2A, 0x78, 0x36, 0xA8, 0xBD, 0x67, 0xAE, 0x41, 0xBC, 0x01, 0x63, 0x50, 0xE0, 0xF4, 0x18,
    0xC7, 0xFC, 0x0F, 0x8F, 0x58, 0xDF, 0x80, 0x6D, 0xC3, 0xB5, 0xA2, 0x0D, 0x41, 0x38, 0x72, 0xEF,
    0x9B, 0xEA, 0x10, 0x5A, 0x23, 0x21, 0x0C, 0x6D, 0x80, 0x91, 0xF6, 0x26, 0x90, 0xFA, 0x84, 0x54,
    0xB2, 0xC0, 0xC7, 0x30, 0x89, 0xC5, 0xDB, 0xB0, 0xBE, 0x1A, 0xDB, 0x42, 0xBA, 0x66, 0x5A, 0xC9,
    0xF5, 0x76, 0x43, 0x07, 0x68, 0x1D, 0x22, 0x00, 0x03, 0xD0, 0x2A, 0xDD, 0x69, 0x75, 0x22, 0xF2,
    0x06, 0x76, 0xD1, 0xC1, 0x1E, 0xEE, 0x02, 0x3E, 0x50, 0x67, 0x36, 0xD6, 0x10, 0xD5, 0xC7, 0xD2,
    0x37, 0x24, 0xE9, 0x68, 0x40, 0x15, 0x5D, 0x17, 0x10, 0x2D, 0x23, 0xAD, 0x3E, 0x92, 0x24, 0x80,
    0x26, 0x94, 0x11, 0x01, 0xAE, 0x0E, 0xBB, 0xC9, 0x73, 0x9A, 0x24, 0x34, 0xF4, 0x73, 0x61, 0xB7,
    0xA2, 0x09, 0x43, 0x64, 0xF8, 0xCC, 0x8D, 0x02, 0xE9, 0x82, 0x90, 0x62, 0xDF, 0x5C, 0x84, 0x44,
    0xC7, 0xF4, 0x38, 0x26, 0x01, 0x4B, 0xDE, 0xA3, 0x7F, 0x5D, 0x15, 0x76, 0xF5, 0x24, 0x8E, 0x62,
    0xFD, 0x26, 0xCA, 0xE7, 0x92, 0x51, 0x7A, 0x0D, 0x23, 0x11, 0x95, 0xC7, 0x13, 0x76, 0xF4, 0xBA,
    0x2A, 0x71, 0xD6, 0xC3, 0x4E, 0x45, 0x11, 0x13, 0xE2, 0x33, 0xDA, 0xD9, 0x0A, 0x7C, 0xEE, 0x25,
    0x42, 0x2E, 0xE2, 0x73, 0xE3, 0x3E, 0x6D, 0x16, 0x3C, 0x07, 0xE4, 0x3D, 0xF4, 0x4F, 0xA0, 0xEC,
    0x48, 0x09, 0xC9, 0xDD, 0x2C, 0x7A, 0xF9, 0x6E, 0x47, 0x34, 0x45, 0x02, 0x70, 0x9A, 0x70, 0x7E,
    0x09, 0x27, 0xAD, 0xFC, 0x13, 0xE1, 0x09, 0xF4, 0x0E, 0x94, 0x33, 0xEA, 0xF4, 0x4E, 0x23, 0x95,
    0x7F, 0xA1, 0x3A, 0xC4, 0xF6, 0x77, 0xA5, 0x07, 0xED, 0x21, 0xF1, 0xE0, 0xE7, 0xD2, 0x6F, 0x47,
    0xBE, 0x87, 0xDD, 0xE2, 0x5F, 0x4D, 0x53, 0x24, 0x00, 0x87, 0xD6, 0x93, 0xF8, 0x56, 0x74, 0x0D,
    0x0E, 0x50, 0x9A, 0x59, 0x3E, 0xEC, 0xEF, 0xF3, 0xDE, 0x15, 0x72, 0xDD, 0xAF, 0x97, 0x6F, 0xFD,
    0xFD, 0x7C, 0xE8, 0x0E, 0xD6, 0xF6, 0x47, 0x77, 0xF5, 0xBC, 0x16, 0x79, 0xDE, 0x6F, 0x24, 0x08,
    0x5F, 0xB1, 0xB3, 0x17, 0x36, 0xBD, 0xC4, 0x4D, 0x97, 0xEB, 0x91, 0x4E, 0x0F, 0x97, 0xB7, 0xEC,
    0x28, 0x3B, 0xCF, 0xE9, 0x34, 0x10, 0x76, 0x69, 0x94, 0xCE, 0xBB, 0x38, 0x89, 0x8B, 0x85, 0x9A,
    0x17, 0x06, 0x9D, 0x53, 0x21, 0x60, 0xF7, 0x10, 0xFE, 0x11, 0x89, 0x0D, 0x2D, 0xA2, 0x3C, 0x8F,
    0xFB, 0x0D, 0x3E, 0xEC, 0xF0, 0x15, 0xB8, 0x19, 0x98, 0xC7, 0x48, 0xB7, 0x77, 0xA5, 0xDB, 0xC8,
    0x73, 0x32, 0x44, 0xB2, 0xC8, 0xF1, 0x9A, 0xFD, 0x86, 0x86, 0xEF, 0x55, 0x32, 0x11, 0xDB, 0x91,
    0x50, 0x77, 0x36, 0x1D, 0x65, 0xC5, 0xCB, 0x39, 0x6F, 0x1C, 0x8A, 0x74, 0x21, 0xE3, 0x03, 0x98,
    0xE4, 0x64, 0x37, 0x97, 0xD8, 0x53, 0x4D, 0xEB, 0xDB, 0x3A, 0x01, 0x79, 0xAD, 0xAE, 0xBE, 0xA9,
    0xAD, 0xE1, 0x17, 0x4A, 0xBB, 0xAC, 0xFC, 0x25, 0x3C, 0xD1, 0x3B, 0xCA, 0xE1, 0xA6, 0x77, 0xC2,
    0x13, 0xBA, 0x84, 0x5B, 0x7E, 0x50, 0xED, 0x19, 0x11, 0x21, 0x09, 0x72, 0xBB, 0xF5, 0x55, 0xF1,
    0xF8, 0xA4, 0x8D, 0x11, 0x9E, 0x1E, 0xE1, 0xED, 0x4D, 0xE0, 0x4D, 0xDA, 0xBB, 0x18, 0xA2, 0xF2,
    0x28, 0x0D, 0xA0, 0x27, 0xF0, 0x32, 0x7D, 0xBB, 0x45, 0xF1, 0x24, 0x40, 0x56, 0x7D, 0x94, 0x59,
    0xF9, 0xD6, 0xC8, 0xDE, 0x17, 0xF0, 0x0B, 0x0A, 0x3C, 0xE6, 0xF4, 0xE6, 0xA7, 0x70, 0x62, 0xF6,
    0x87, 0x64, 0xFB, 0x30, 0x74, 0xB9, 0xB0, 0xA1, 0x44, 0x2A, 0x62, 0x53, 0x5E, 0xB7, 0x71, 0xC4,
    0xB0, 0x7A, 0xB8, 0x79, 0x87, 0xE5, 0x47, 0x96, 0x7F, 0xD9, 0xF3, 0x5C, 0xF6, 0x5F, 0x96, 0x33,
    0x83, 0x74, 0xE2, 0xB5, 0x18, 0x07, 0x31, 0xCB, 0x3B, 0x57, 0xFD, 0x14, 0xEE, 0xF9, 0x28, 0x5C,
    0xCE, 0xF4, 0xC2, 0xF8, 0x93, 0x3C, 0xCF, 0xDB, 0x8D, 0x3E, 0xBD, 0x54, 0x8B, 0x30, 0x56, 0x0E,
    0x4E, 0x74, 0xF6, 0x89, 0x76, 0x04, 0x8F, 0x3D, 0x1A, 0x3B, 0x56, 0xEC, 0x89, 0xD9, 0x4E, 0x66,
    0xD6, 0xFC, 0xBE, 0x62, 0xD7, 0xA8, 0xD4, 0x6D, 0x4C, 0xB7, 0x4A, 0xBD, 0xA6, 0xC3, 0xE6, 0x0F,
    0x34, 0x22, 0x37, 0xB6, 0x62, 0x31, 0xD5, 0x18, 0xBA, 0x11, 0xF1, 0xEF, 0x76, 0xE4, 0x61, 0xBA,
    0xB5, 0xA3, 0x5C, 0x96, 0xB3, 0x21, 0x36, 0x68, 0x1F, 0x93, 0x6D, 0xF3, 0xC0, 0xD7, 0xAE, 0x34,
    0x96, 0xAE, 0xE7, 0xEB, 0x0A, 0xCD, 0xCE, 0xAF, 0xB7, 0x6C, 0x9D, 0xC2, 0x0B, 0xB0, 0xBB, 0x0B,
    0x64, 0xAD, 0xAD, 0xF2, 0xD1, 0xBD, 0x0E, 0x38, 0x52, 0x63, 0x39, 0xBB, 0x70, 0xC3, 0x29, 0x9F,
    0x5C, 0x9A, 0x24, 0xC2, 0xC7, 0xB9, 0xE4, 0x87, 0x8F, 0x9A, 0x2E, 0xA0, 0xFD, 0xF5, 0xF3, 0x28,
    0x7F, 0x6B, 0x88, 0xE0, 0x6E, 0x50, 0x20, 0x0F, 0xBC, 0x23, 0x6F, 0xFA, 0x81, 0x67, 0x74, 0x45,
    0x0F, 0x74, 0xE1, 0xAF, 0x01, 0xBF, 0x28, 0x0C, 0xD5, 0x5B, 0xDC, 0x15, 0x45, 0xAD, 0x00, 0x27,
    0xC7, 0xA8, 0x2A, 0x8A, 0xEB, 0x77, 0xC9, 0xF2, 0x44, 0x3C, 0xDF, 0x5E, 0x8C, 0x38, 0x76, 0xC6,
    0x8A, 0x22, 0x59, 0x0B, 0xEF, 0x6B, 0x9C, 0x49, 0xFC, 0x57, 0x22, 0x57, 0x9C, 0xE7, 0x54, 0x00,
    0x1E, 0x77, 0x39, 0xB2, 0xD2, 0x3A, 0x6C, 0x89, 0x0A, 0x66, 0x4A, 0x68, 0x85, 0xB9, 0x95, 0xED,
    0xF8, 0xFD, 0xF4, 0x83, 0xF8, 0x63, 0xE4, 0xF8, 0x24, 0x7E, 0x9A, 0x2A, 0x4D, 0x3A, 0xB0, 0x68,
    0x25, 0x2B, 0x76, 0x59, 0x26, 0x79, 0x4A, 0xB3, 0xF9, 0x78, 0xD6, 0xBF, 0x41, 0xF9, 0xEF, 0x60,
    0xAC, 0x3D, 0xD5, 0x9E, 0xFD, 0x3A, 0xCF, 0xD7, 0x0F, 0x1F, 0x42, 0x5D, 0x3D, 0xBA, 0xB3, 0x44,
    0x6E, 0xC8, 0xBB, 0x31, 0xA5, 0x90, 0x36, 0x1D, 0x81, 0x7F, 0xF5, 0xEC, 0x55, 0x71, 0xD7, 0xD9,
    0x20, 0xDA, 0xA9, 0x92, 0xD4, 0xE6, 0xB4, 0x3E, 0xF8, 0xF0, 0xA3, 0x11, 0x72, 0xAF, 0x3B, 0x31,
    0xA7, 0xA9, 0x5D, 0x31, 0x18, 0x8F, 0x9F, 0xC9, 0xB3, 0x11, 0x46, 0x8F, 0xF2, 0xFA, 0xD8, 0x5D,
    0xB6, 0x38, 0x12, 0xBB, 0x31, 0x99, 0x1D, 0x7E, 0x7B, 0x39, 0xE8, 0xFE, 0xE6, 0xA1, 0x9B, 0x2B,
    0xE6, 0xF0, 0x20, 0xCC, 0x5A, 0x05, 0x93, 0x17, 0x8A, 0x2C, 0xFE, 0x90, 0xCF, 0x2A, 0x33, 0xE5,
    0xC0, 0x94, 0x43, 0x53, 0x9E, 0x9B, 0xF2, 0xEC, 0x75, 0xF9, 0xF4, 0x2D, 0xA9, 0x9E, 0x4A, 0xF5,
    0x3B, 0xA9, 0x42, 0xA9, 0xAA, 0x52, 0xB9, 0x94, 0xA9, 0x24, 0x65, 0xC5, 0xE2, 0x9C, 0xDF, 0xD5,
    0xC3, 0x8E, 0x0E, 0x94, 0x37, 0x6E, 0x2B, 0x69, 0xCF, 0xDD, 0xCF, 0x3C, 0xCE, 0xE4, 0xCD, 0x3C,
    0x4F, 0x99, 0xB8, 0x3B, 0x0A, 0x35, 0xAB, 0xE0, 0x6F, 0x6B, 0x8E, 0xF3, 0xF3, 0x98, 0xEA, 0x32,
    0x73, 0x9F, 0xBD, 0x2A, 0xC5, 0x33, 0xDA, 0x80, 0x16, 0x71, 0x32, 0xD3, 0x57, 0xE2, 0x4F, 0xEC,
    0x89, 0xB7, 0x1B, 0x2F, 0xA0, 0xED, 0xE1, 0x08, 0x19, 0x26, 0x6A, 0x3D, 0x8B, 0x43, 0xB2, 0x0C,
    0x0C, 0x95, 0x20, 0xD1, 0xD8, 0x55, 0xF0, 0xA9, 0xD3, 0x0B, 0xFD, 0x4B, 0x83, 0x95, 0xA2, 0x04,
    0xA9, 0xEA, 0xB5, 0x7A, 0x99, 0x7A, 0xB4, 0xAB, 0x5D, 0x65, 0xF3, 0x6F, 0x4A, 0x3D, 0xDA, 0xFC,
    0x1A, 0xCC, 0x8B, 0x71, 0xAA, 0xF8, 0x54, 0x1C, 0xC6, 0xB8, 0x2C, 0xAE, 0xA6, 0x91, 0xF0, 0xBD,
    0x18, 0xE7, 0x30, 0x7E, 0xB2, 0x2A, 0x92, 0xF9, 0x8E, 0x75, 0xB4, 0xB6, 0xB9, 0x08, 0xC9, 0xBA,
    0x38, 0x1D, 0x56, 0x1F, 0xF7, 0xF7, 0x7D, 0x93, 0x8B, 0x4B, 0x5D, 0x34, 0x85, 0x53, 0x32, 0xCA,
    0xDF, 0xD7, 0xF9, 0x9D, 0xC7, 0x78, 0x8E, 0x65, 0x58, 0xD6, 0xD5, 0xAF, 0xC5, 0xE1, 0xC9, 0x87,
    0x4A, 0xBB, 0x71, 0xA2, 0x5D, 0x5A, 0xCE, 0xCE, 0x33, 0xED, 0x36, 0xEA, 0xDA, 0x8D, 0xA8, 0x08,
    0xF9, 0xB7, 0x72, 0xF5, 0x69, 0x4C, 0xE6, 0x64, 0xA4, 0x30, 0xCB, 0xC2, 0x20, 0x2B, 0x4A, 0x24,
    0x97, 0x3C, 0xBD, 0xF8, 0xBD, 0xC3, 0x23, 0x9F, 0xA4, 0x64, 0xF8, 0x50, 0x47, 0x50, 0xDB, 0x3C,
    0x68, 0x50, 0x64, 0xE4, 0x98, 0xF3, 0x6E, 0x3C, 0x1C, 0xAD, 0x7F, 0xD9, 0x56, 0xD1, 0xE6, 0xDB,
    0x89, 0xF9, 0x0E, 0xC9, 0x82, 0xED, 0x62, 0xCD, 0x2F, 0xAA, 0x5A, 0x1C, 0x90, 0xB3, 0xFB, 0x57,
    0x8D, 0xDD, 0xC1, 0xA3, 0x11, 0x0A, 0x9B, 0xB8, 0x73, 0x00, 0x87, 0xC2, 0x52, 0xBC, 0x2A, 0xBB,
    0xBD, 0x94, 0xB6, 0x86, 0x2F, 0xCF, 0x63, 0x7E, 0x16, 0x5C, 0x50, 0x1F, 0x8C, 0x0B, 0xCA, 0xC0,
    0x88, 0x7C, 0xCE, 0x08, 0x70, 0xE9, 0x96, 0xE9, 0x18, 0xC8, 0x1F, 0x28, 0x90, 0x4D, 0x96, 0xCA,
    0x94, 0x33, 0x8B, 0x3B, 0xF0, 0x11, 0x46, 0x76, 0x86, 0xED, 0xFB, 0x4E, 0xD8, 0xB6, 0xA7, 0x4B,
    0x92, 0x15, 0x90, 0x44, 0xEA, 0x1C, 0x2E, 0xC2, 0x99, 0xD5, 0xFD, 0xDF, 0x22, 0x16, 0x9D, 0xE2,
    0x73, 0xA5, 0xB7, 0x40, 0x5D, 0xA4, 0x26, 0x39, 0x11, 0xD1, 0x20, 0x32, 0xAB, 0x6F, 0xCB, 0xBD,
    0xAA, 0xB3, 0xA6, 0xD1, 0xA8, 0x06, 0x78, 0xF9, 0xEF, 0x94, 0x77, 0x70, 0x5D, 0xA7, 0x98, 0x41,
    0xB5, 0x74, 0x4A, 0x39, 0x85, 0x5D, 0x2D, 0x47, 0x7B, 0x22, 0x8B, 0xED, 0xC0, 0xA5, 0xE8, 0xF6,
    0x22, 0xFD, 0xBD, 0xB9, 0x05, 0xFB, 0xB8, 0x58, 0x96, 0x6E, 0x6C, 0x05, 0x58, 0x48, 0x43, 0xEE,
    0x44, 0x8B, 0xF0, 0x66, 0xB4, 0xDD, 0x01, 0xAC, 0xBF, 0xCD, 0x6A, 0x7B, 0x5E, 0xDE, 0xE6, 0xEE,
    0xED, 0xB0, 0x6D, 0x91, 0xC8, 0x5A, 0x7D, 0x41, 0x89, 0x73, 0xD5, 0xB5, 0x90, 0x14, 0x68, 0xC2,
    0x57, 0x59, 0x92, 0x4A, 0x09, 0xB5, 0x0E, 0xE5, 0x4F, 0xB4, 0x56, 0x3F, 0xAB, 0xB5, 0x46, 0x38,
    0xFB, 0xAB, 0xE2, 0x94, 0x55, 0xFC, 0x1C, 0xCE, 0x77, 0xA8, 0xD8, 0xA2, 0x03, 0x2E, 0x0B, 0xEA,
    0x55, 0x70, 0x7C, 0xC5, 0xA5, 0xC6, 0x42, 0x3E, 0x42, 0xC3, 0xEE, 0xC0, 0x6E, 0xF1, 0x0B, 0x01,
    0xAE, 0x82, 0x46, 0x9B, 0x90, 0x9F, 0x57, 0x9F, 0x53, 0x5C, 0xDC, 0xA8, 0xAD, 0x71, 0xD3, 0xFE,
    0x71, 0xA7, 0xF6, 0x2B, 0xFC, 0x09, 0xE2, 0x3D, 0x98, 0xF7, 0x57, 0xE5, 0x66, 0xAE, 0xDB, 0xCD,
    0x5B, 0xE9, 0x82, 0x5D, 0xB6, 0xAE, 0xD1, 0xD6, 0x85, 0x76, 0x25, 0x2B, 0xDC, 0x3D, 0x65, 0xE3,
    0x99, 0x26, 0xF2, 0x87, 0x8C, 0x88, 0x24, 0x64, 0xDD, 0x1D, 0xAC, 0x11, 0x8F, 0x2A, 0xB9, 0xDB,
    0x41, 0x91, 0x05, 0x41, 0xB1, 0x4A, 0x1F, 0x57, 0xBE, 0xA2, 0x5A, 0xD5, 0xD7, 0xD3, 0xA0, 0xF6,
    0x44, 0x06, 0x0F, 0x9E, 0x48, 0xEF, 0x4B, 0x4F, 0xE2, 0x7B, 0xCD, 0x7F, 0x44, 0x4E, 0x72, 0x4E,
    0x1F, 0x7A, 0xA7, 0xB0, 0xF9, 0x47, 0x86, 0x14, 0x48, 0x02, 0xF6, 0x13, 0xF3, 0xE7, 0xC5, 0x5E,
    0x8E, 0x83, 0x24, 0xF3, 0x9B, 0x83, 0xC3, 0xDD, 0x77, 0x92, 0x07, 0x7F, 0xD6, 0xD5, 0x9F, 0xAA,
    0xCA, 0x4B, 0x29, 0xD5, 0x4B, 0xD4, 0x41, 0x9B, 0xBD, 0x80, 0xF1, 0x23, 0x16, 0x0B, 0x70, 0xBC,
    0x41, 0x8B, 0x50, 0x5D, 0xF0, 0xC3, 0xD8, 0x7C, 0x1B, 0x18, 0x16, 0x6E, 0xE6, 0x4F, 0x75, 0x91,
    0xDE, 0x22, 0xBF, 0x4D, 0x9C, 0x5D, 0x2F, 0x08, 0x3C, 0xFF, 0x56, 0xD3, 0x49, 0x6C, 0xAE, 0xB3,
    0x25, 0x97, 0x42, 0x61, 0x11, 0xC7, 0x5E, 0x1A, 0x15, 0xFE, 0x54, 0xF2, 0x6F, 0x18, 0x8A, 0x96,
    0x10, 0x3F, 0x8E, 0xE9, 0x73, 0x7E, 0x21, 0x1A, 0xE7, 0x11, 0x85, 0xF2, 0x83, 0x81, 0x3E, 0x96,
    0x1A, 0xDF, 0x06, 0xB6, 0xB9, 0x86, 0xA7, 0x00, 0xCA, 0x09, 0x2D, 0x26, 0x73, 0xE7, 0x6A, 0x8C,
    0x06, 0xFA, 0x0D, 0xFA, 0xE4, 0x92, 0x88, 0x84, 0xB4, 0x58, 0x56, 0x37, 0xB4, 0x41, 0xD5, 0xBD,
    0x4B, 0xB3, 0x87, 0xE8, 0xD7, 0x73, 0x4E, 0xC4, 0x86, 0x1C, 0xAD, 0x3C, 0x8B, 0x94, 0x8E, 0x90,
    0xB6, 0x27, 0x90, 0x2C, 0x18, 0x33, 0x38, 0xAD, 0x02, 0xE7, 0xCE, 0xE4, 0xA7, 0xF1, 0x0A, 0x8C,
    0x1E, 0xA4, 0xEE, 0x12, 0x3E, 0xB6, 0x74, 0x23, 0xAE, 0xA5, 0x4F, 0xE6, 0xAA, 0xEB, 0xFF, 0x03,
    0xA5, 0x54, 0xBF, 0x6F, 0x1C, 0x45, 0x14, 0xFE, 0xE6, 0x46, 0xB0, 0x89, 0xD6, 0xEC, 0xA4, 0x41,
    0x42, 0x22, 0xBE, 0x75, 0x41, 0x41, 0xB1, 0xBE, 0xA3, 0x70, 0xB1, 0x88, 0xBD, 0xDD, 0xF5, 0x5F,
    0x40, 0xC3, 0xE1, 0x12, 0xFF, 0x01, 0x48, 0xB8, 0x70, 0x71, 0x85, 0x0F, 0xAD, 0xD2, 0x22, 0xA4,
    0x74, 0x14, 0x2E, 0x48, 0x8B, 0x5C, 0xB0, 0x8A, 0xAE, 0x30, 0xD2, 0x71, 0x9E, 0x9C, 0x8B, 0x74,
    0x68, 0x85, 0x94, 0x0A, 0x25, 0x79, 0xB2, 0xCB, 0x8B, 0xD0, 0x08, 0xEE, 0xA4, 0xC3, 0x3E, 0xDF,
    0xF0, 0x66, 0x1D, 0x22, 0xE3, 0x84, 0x08, 0xC1, 0xEC, 0x7B, 0x9F, 0x76, 0xEE, 0xE6, 0xBD, 0x7D,
    0x3F, 0xBE, 0x37, 0x40, 0x00, 0xAC, 0x7A, 0x76, 0x11, 0xEE, 0x57, 0x89, 0x30, 0x25, 0x4A, 0x83,
    0x0D, 0x42, 0xCC, 0xC2, 0x2F, 0xBC, 0x4D, 0x04, 0x85, 0xFB, 0xDA, 0x5B, 0x02, 0xB8, 0x0B, 0x41,
    0xCA, 0xEA, 0xF4, 0x47, 0x94, 0x0A, 0x46, 0x81, 0x7C, 0x87, 0xFC, 0x9E, 0x0E, 0xA1, 0x0C, 0x1F,
    0x88, 0x80, 0x84, 0x1A, 0x73, 0x6A, 0xE8, 0x97, 0xC5, 0x48, 0x5D, 0xCA, 0x22, 0xFD, 0x02, 0x6A,
    0x01, 0x88, 0x02, 0x52, 0x53, 0x56, 0x50, 0x02, 0x8A, 0xAF, 0x48, 0x0F, 0xB3, 0x39, 0xB2, 0x1E,
    0xBB, 0xC2, 0xF6, 0x5D, 0x86, 0x4C, 0x33, 0x28, 0xD4, 0xCB, 0x4E, 0xA5, 0x5D, 0xCC, 0x46, 0xA2,
    0xBB, 0x47, 0x7E, 0x8E, 0x01, 0x49, 0x2D, 0x88, 0x41, 0x3A, 0xE7, 0x3E, 0x18, 0x9A, 0xE0, 0x6D,
    0xE2, 0xA0, 0xE4, 0xD0, 0x36, 0x09, 0xB3, 0x91, 0x7C, 0xD4, 0x75, 0x66, 0xD6, 0x4E, 0x71, 0xCE,
    0x5B, 0xBC, 0x0F, 0x67, 0xCB, 0x47, 0x8E, 0xAD, 0x26, 0xF9, 0x60, 0xCB, 0xD9, 0x7A, 0x39, 0x43,
    0xF0, 0x77, 0xDB, 0xAA, 0xB6, 0xCD, 0x9D, 0xAD, 0x46, 0x20, 0x9F, 0x71, 0x91, 0xEE, 0xB9, 0x42,
    0x85, 0x4F, 0x94, 0x4D, 0x47, 0x6F, 0x7C, 0x66, 0x5A, 0x58, 0xA5, 0x80, 0xAB, 0x14, 0xC0, 0x50,
    0xC0, 0xC9, 0xB5, 0xBC, 0x3C, 0x3D, 0x52, 0xDD, 0xF0, 0xA9, 0xB2, 0xC4, 0x75, 0x78, 0xBD, 0x12,
    0xAB, 0x49, 0xEC, 0xC5, 0x68, 0x60, 0x97, 0x6D, 0xFE, 0x89, 0xEB, 0xCD, 0x82, 0x5A, 0xE2, 0x97,
    0xE5, 0xEC, 0xBB, 0xD8, 0xDA, 0x18, 0x88, 0x21, 0x06, 0x90, 0x84, 0x1D, 0xDA, 0x61, 0x1F, 0xA0,
    0xF2, 0xEA, 0x33, 0x2D, 0x87, 0xDC, 0xAC, 0x37, 0x8D, 0xAA, 0xE6, 0x0D, 0x0D, 0x5A, 0x38, 0x58,
    0x3A, 0x98, 0x38, 0x38, 0xBD, 0xC3, 0x70, 0x32, 0x66, 0xA0, 0xDF, 0x1C, 0xDC, 0x77, 0x90, 0x3E,
    0x64, 0x68, 0x3F, 0xDC, 0xAC, 0x48, 0x1D, 0x4F, 0x34, 0xF9, 0xDA, 0x72, 0x95, 0x85, 0x9E, 0x37,
    0x1E, 0x68, 0x67, 0xFE, 0x2B, 0xEB, 0xA4, 0x31, 0xD6, 0xA7, 0x77, 0xC6, 0xFA, 0x64, 0x3C, 0xD6,
    0xCE, 0x9E, 0xEE, 0xB3, 0xA6, 0xAC, 0x6D, 0x56, 0xC5, 0xEA, 0xB3, 0x4F, 0xF0, 0x41, 0xBC, 0xCB,
    0x9A, 0x71, 0x69, 0x6F, 0xD7, 0xE2, 0xD6, 0x2F, 0x26, 0x5A, 0x1E, 0x46, 0x26, 0x89, 0x28, 0xBA,
    0x2E, 0x8E, 0x29, 0x62, 0x08, 0x39, 0x6D, 0xDC, 0x44, 0xE3, 0x19, 0x60, 0x6A, 0x83, 0x29, 0xB0,
    0x70, 0x5B, 0xF9, 0x35, 0xBC, 0x8F, 0xE1, 0xFB, 0x50, 0x5E, 0xDE, 0x94, 0xBA, 0x6D, 0x75, 0xE7,
    0x53, 0xDA, 0x85, 0x31, 0x28, 0xD7, 0x8D, 0x57, 0x70, 0x17, 0xA8, 0x73, 0xB8, 0x96, 0x60, 0xAF,
    0xBD, 0x98, 0x46, 0x94, 0xCC, 0x16, 0xD9, 0xE3, 0x9B, 0xEF, 0xC0, 0x63, 0xF3, 0xC2, 0xB9, 0x79,
    0x25, 0xFB, 0xAE, 0x11, 0xB0, 0x53, 0xD5, 0x34, 0x88, 0xAF, 0x3C, 0xBD, 0xD9, 0x3C, 0xEB, 0xB9,
    0x78, 0x98, 0x9E, 0xDB, 0xCE, 0x0F, 0x53, 0xBE, 0xFD, 0xBD, 0x8E, 0x45, 0x55, 0xD6, 0x01, 0xBA,
    0xEE, 0x64, 0xC6, 0xBC, 0xCD, 0x23, 0x62, 0x7A, 0x30, 0xED, 0x03, 0xE3, 0x2D, 0x3F, 0x58, 0x35,
    0x1E, 0xE7, 0x1D, 0xFE, 0x94, 0x8E, 0x4C, 0xCB, 0x04, 0xC4, 0x8F, 0x69, 0x75, 0x46, 0xE1, 0x13,
    0xBC, 0x15, 0x27, 0xED, 0xA9, 0xC8, 0xD9, 0x07, 0x0F, 0xCF, 0x3F, 0xCD, 0x55, 0xFB, 0x72, 0xAE,
    0xCA, 0x3A, 0x75, 0x37, 0x42, 0xE9, 0xB0, 0x0C, 0x8C, 0x22, 0x9F, 0x7C, 0xA3, 0x3A, 0xFD, 0x70,
    0x2A, 0x0B, 0x3F, 0x97, 0xD5, 0xFF, 0x24, 0x3E, 0x1C, 0xF1, 0xF1, 0x9F, 0x88, 0xCF, 0x66, 0xCF,
    0xF5, 0xDF, 0x10, 0x1F, 0x5E, 0x7D, 0xF4, 0x06, 0xD0, 0xE7, 0x69, 0xAD, 0x65, 0x54, 0x8B, 0x85,
    0x98, 0xE4, 0xF2, 0xB8, 0x90, 0xC7, 0xDA, 0xDB, 0xAC, 0xF8, 0xDE, 0x50, 0xD6, 0x34, 0xBB, 0x83,
    0x04, 0x71, 0x8C, 0x04, 0xA5, 0x20, 0xC1, 0xA1, 0xF9, 0x55, 0xD3, 0xAC, 0x73, 0xF2, 0x82, 0xDB,
    0xFB, 0xE1, 0xE1, 0xAD, 0xDB, 0xF8, 0x9C, 0xDB, 0xBB, 0x42, 0xD1, 0x1F, 0xC3, 0xEC, 0x31, 0xC7,
    0xC0, 0x27, 0xD0, 0xA8, 0x1C, 0xE0, 0xAF, 0x75, 0x64, 0x0B, 0x88, 0x8B, 0x2E, 0x20, 0xE7, 0xBC,
    0xF3, 0x79, 0x42, 0xD0, 0x74, 0x90, 0x64, 0xDC, 0xC2, 0xB2, 0xF3, 0x09, 0xDF, 0x56, 0xBC, 0x95,
    0x96, 0xFF, 0xF5, 0xBB, 0x7C, 0xA7, 0x34, 0xD1, 0xE9, 0xF2, 0xF7, 0x32, 0x36, 0x93, 0xF9, 0xE5,
    0xB5, 0x72, 0xE3, 0xD2, 0x53, 0x78, 0xB2, 0x44, 0xE7, 0xE8, 0xA0, 0x58, 0x4B, 0x99, 0xCA, 0x11,
    0xAA, 0xD0, 0x5A, 0xFA, 0xA1, 0xDF, 0xCD, 0x29, 0x05, 0xCE, 0xCE, 0xF7, 0x75, 0xF6, 0x33, 0xB7,
    0x69, 0x85, 0x3D, 0xBF, 0xA0, 0xC6, 0x5A, 0x78, 0x40, 0x49, 0xC3, 0x94, 0x5E, 0x69, 0x56, 0x76,
    0x69, 0x23, 0xA6, 0x2A, 0xFE, 0xBD, 0xD8, 0x38, 0x47, 0xB9, 0x27, 0x28, 0xDB, 0xD7, 0xDF, 0xF0,
    0xF9, 0x1D, 0xD4, 0x79, 0xA9, 0xB3, 0x74, 0x68, 0x52, 0xF3, 0xF4, 0xF4, 0xAB, 0x33, 0x35, 0x54,
    0x5F, 0x0E, 0xBF, 0x35, 0xDE, 0x05, 0x13, 0xAB, 0x48, 0x44, 0xCE, 0xD1, 0xF1, 0x07, 0xD4, 0x05,
    0xA7, 0x52, 0xD4, 0xC9, 0x51, 0x22, 0xAA, 0xE7, 0xA4, 0xB8, 0x05, 0xEC, 0x02, 0x3D, 0x88, 0x7A,
    0x36, 0x1C, 0x35, 0x62, 0xA4, 0xB9, 0x3F, 0xC7, 0xFA, 0x7B, 0x41, 0xDA, 0xF7, 0xA7, 0xC8, 0x45,
    0x25, 0xB8, 0x6B, 0x5C, 0x5D, 0xAB, 0xB7, 0x1E, 0xE5, 0x1C, 0xF8, 0x6B, 0xA4, 0x9E, 0x8B, 0x9A,
    0x69, 0x06, 0xD2, 0x55, 0x11, 0x51, 0x64, 0xFB, 0x91, 0x5B, 0x2D, 0x85, 0xC0, 0x57, 0x2D, 0xB8,
    0x11, 0x1A, 0xA0, 0x41, 0xAF, 0x18, 0x21, 0xFE, 0xC2, 0x6C, 0xEB, 0xFA, 0x38, 0x6D, 0x17, 0xF8,
    0xA8, 0x40, 0x58, 0xBB, 0x0E, 0x5E, 0xC8, 0x11, 0xD4, 0xA4, 0x50, 0x52, 0x33, 0x35, 0xAE, 0xC9,
    0x9F, 0x73, 0xF8, 0x60, 0xC2, 0x62, 0x53, 0x20, 0xCF, 0xB0, 0xFD, 0x00, 0x03, 0x83, 0x5D, 0x41,
    0xF9, 0x03, 0x06, 0x20, 0xF8, 0x7F, 0x20, 0xD4, 0xE1, 0x51, 0x43, 0xBD, 0x03, 0x0B, 0x03, 0xC3,
    0x05, 0x20, 0xF7, 0x22, 0x50, 0x8A, 0x61, 0x8F, 0x9E, 0x8C, 0x00, 0x43, 0xED, 0xFF, 0xFF, 0xFB,
    0x18, 0x58, 0x1C, 0xAC, 0x0E, 0x7C, 0x77, 0xD8, 0x7E, 0x40, 0x9E, 0x81, 0xC1, 0x81, 0xE1, 0x01,
    0xD3, 0x85, 0xFD, 0x07, 0x44, 0x18, 0x18, 0x3E, 0x7C, 0x90, 0xE1, 0xD3, 0xAB, 0x61, 0x60, 0xE0,
    0xD1, 0xB7, 0x67, 0x29, 0xF8, 0xB2, 0x87, 0x01, 0x00, 0x95, 0x57, 0x3D, 0x8F, 0xE3, 0x54, 0x14,
    0x3D, 0xF6, 0xDB, 0x95, 0x41, 0x66, 0xEC, 0x14, 0x5B, 0x20, 0x31, 0x49, 0xB6, 0xA0, 0x98, 0xC2,
    0x33, 0x43, 0x91, 0x22, 0x20, 0x4F, 0xC6, 0x1D, 0x12, 0x12, 0x4B, 0x8A, 0x99, 0xAD, 0x16, 0x69,
    0xF6, 0x17, 0x90, 0x62, 0x8A, 0x48, 0xCC, 0x22, 0xA3, 0xED, 0x40, 0x8B, 0xE8, 0x17, 0xD0, 0x96,
    0x34, 0x68, 0x5D, 0xA4, 0x98, 0x62, 0x90, 0x9E, 0x68, 0xB6, 0x40, 0x08, 0x4B, 0xD4, 0x48, 0x4F,
    0xA2, 0xA0, 0x01, 0x64, 0x89, 0x58, 0x8A, 0x50, 0x66, 0xCC, 0xBD, 0xEF, 0x65, 0x32, 0xCE, 0xAE,
    0x93, 0x38, 0xF6, 0x53, 0xE4, 0x8F, 0xE7, 0x73, 0xCF, 0x3D, 0xF7, 0xBC, 0x8F, 0x20, 0x83, 0x35,
    0x81, 0x98, 0x42, 0x7C, 0x03, 0xC7, 0x83, 0xEF, 0xC3, 0x73, 0xA2, 0x5D, 0x11, 0x1F, 0x16, 0xF2,
    0xDD, 0xFB, 0x69, 0x02, 0x95, 0x21, 0x83, 0x39, 0x32, 0x6E, 0x6D, 0x75, 0x70, 0x7E, 0x37, 0xC4,
    0xD9, 0xFE, 0x74, 0x1C, 0xA8, 0xF0, 0xBF, 0xE9, 0xE1, 0xEF, 0x80, 0x90, 0x42, 0x9A, 0x2E, 0x17,
    0xC0, 0x1E, 0x10, 0x5C, 0x5F, 0x5F, 0x02, 0xFF, 0xC0, 0xFE, 0x15, 0xE2, 0x45, 0x24, 0x1E, 0x4B,
    0xD7, 0x96, 0xBE, 0xA5, 0xFC, 0x22, 0xDB, 0x3D, 0x4E, 0x42, 0x74, 0x87, 0x08, 0x01, 0x57, 0xDA,
    0x0A, 0xA9, 0x1D, 0xA3, 0x12, 0xB8, 0xC1, 0x11, 0x1F, 0x4A, 0x7B, 0x0A, 0xFB, 0xF5, 0x19, 0x05,
    0x26, 0xFB, 0x17, 0xC4, 0xB7, 0x2F, 0x93, 0x3D, 0xB8, 0x9F, 0x8E, 0x90, 0x31, 0x59, 0x0B, 0xBE,
    0x41, 0x0E, 0xB2, 0x4A, 0x54, 0x11, 0xC3, 0x4A, 0x31, 0xE9, 0x8B, 0xEF, 0x34, 0xE4, 0x18, 0x20,
    0x78, 0x82, 0x7C, 0x02, 0xE7, 0x23, 0xB8, 0x2E, 0x7C, 0x27, 0x6A, 0x09, 0xB9, 0xCF, 0x90, 0xEA,
    0x94, 0x21, 0x13, 0x0C, 0xD0, 0xC5, 0xB6, 0x23, 0x77, 0xAB, 0x01, 0xE9, 0xB0, 0xE9, 0xCD, 0x39,
    0x1A, 0x03, 0x4C, 0x23, 0xFB, 0x0B, 0x0D, 0x7B, 0xCE, 0xB0, 0xD6, 0xDF, 0x10, 0x94, 0xFD, 0x97,
    0x70, 0xDE, 0x8F, 0x7D, 0x21, 0x3D, 0x86, 0x55, 0x07, 0xC7, 0x59, 0x17, 0xE3, 0x11, 0xCE, 0xA8,
    0x57, 0x48, 0x72, 0x79, 0x08, 0xDC, 0x38, 0x50, 0x15, 0xD0, 0x3F, 0x50, 0x0F, 0xF1, 0x07, 0x9C,
    0xCF, 0x34, 0xE2, 0x09, 0x2C, 0x22, 0xFA, 0xC1, 0x22, 0xE9, 0x5F, 0x20, 0x0C, 0x69, 0x11, 0x97,
    0x49, 0x27, 0x44, 0x1A, 0xED, 0xCE, 0x7B, 0xBA, 0x74, 0x4B, 0x95, 0xE8, 0xC3, 0x9E, 0x2C, 0x2A,
    0x5B, 0xDB, 0x06, 0xAE, 0xDC, 0x4D, 0xB0, 0xCA, 0x0C, 0xDB, 0x20, 0xCD, 0x88, 0xB3, 0x7D, 0x1B,
    0xE2, 0x63, 0x8E, 0x53, 0x37, 0x48, 0x84, 0x94, 0x2A, 0x44, 0x47, 0x3B, 0xB3, 0xF0, 0x72, 0x88,
    0x9C, 0x42, 0xD8, 0x04, 0x4F, 0x6A, 0xDD, 0xD5, 0xD0, 0x4F, 0x58, 0x94, 0x9A, 0x65, 0x7C, 0x8D,
    0xA4, 0x76, 0x60, 0xA0, 0x51, 0x09, 0x7D, 0x63, 0xE1, 0x2D, 0x60, 0x47, 0x17, 0xF6, 0x45, 0x84,
    0xAB, 0x4D, 0xED, 0x6C, 0x45, 0xCB, 0xD9, 0x73, 0x49, 0xFF, 0x9C, 0x95, 0x94, 0x7A, 0x88, 0xAF,
    0x74, 0x02, 0x8D, 0x0D, 0x4A, 0xDA, 0x58, 0xA5, 0xCD, 0xA6, 0x6A, 0x97, 0x4A, 0xBA, 0x8A, 0xB3,
    0x29, 0x6A, 0x31, 0xCD, 0x8F, 0x14, 0xF8, 0x2C, 0x54, 0x1E, 0x99, 0xAB, 0xFC, 0xA8, 0xD0, 0x05,
    0xF0, 0xF9, 0xCC, 0x7A, 0x17, 0x89, 0xA7, 0xDC, 0xA2, 0xC8, 0x8F, 0x33, 0xF4, 0x2E, 0xFC, 0xF1,
    0xCD, 0xDC, 0xE0, 0x90, 0x32, 0x16, 0x63, 0xD0, 0xBB, 0x19, 0xC6, 0x38, 0xEF, 0xCF, 0x30, 0x8E,
    0x8B, 0xC2, 0xF4, 0x20, 0xED, 0xA8, 0xF6, 0x55, 0x38, 0xED, 0x21, 0x67, 0x5E, 0x5C, 0xCD, 0x19,
    0x64, 0xF3, 0xAF, 0x8F, 0x0A, 0xAA, 0x50, 0x7B, 0x7A, 0xBB, 0x5F, 0xFE, 0x92, 0x93, 0xD3, 0x5F,
    0xB2, 0xC8, 0x91, 0x7D, 0x0F, 0x7E, 0x8A, 0x37, 0x4F, 0x98, 0x09, 0xF5, 0xCE, 0x8F, 0xD8, 0x41,
    0xA6, 0x51, 0xCF, 0xBC, 0x7F, 0x73, 0x4B, 0xAF, 0x18, 0x8E, 0xBE, 0x72, 0x22, 0xF2, 0x0B, 0x97,
    0x2B, 0x45, 0xEB, 0x54, 0xA7, 0xC8, 0x88, 0x48, 0x3C, 0x28, 0x97, 0xD2, 0x98, 0x89, 0x46, 0x4F,
    0x98, 0x1E, 0xD9, 0xDD, 0x83, 0xFB, 0x13, 0x76, 0xB3, 0xDA, 0x21, 0xC8, 0x5F, 0x4D, 0x72, 0xCC,
    0x52, 0xFC, 0xFC, 0xB8, 0x84, 0xCF, 0x75, 0xA1, 0xCE, 0xB1, 0xE5, 0xC0, 0x97, 0xD8, 0x79, 0xA6,
    0xA3, 0x5C, 0xBE, 0x12, 0x25, 0x5A, 0x8C, 0x72, 0xC9, 0xDD, 0xF6, 0xA8, 0x32, 0x2E, 0xD5, 0x5E,
    0xB6, 0x06, 0x4B, 0xA4, 0xDD, 0xE1, 0x79, 0xC2, 0x8E, 0xFC, 0x74, 0xE7, 0x04, 0x2B, 0x24, 0xF6,
    0x1F, 0xEC, 0x4D, 0x8C, 0x20, 0xCC, 0xF7, 0x55, 0x24, 0x9B, 0xA8, 0xDD, 0x79, 0xB6, 0xDE, 0x26,
    0xCB, 0xBE, 0xBF, 0x31, 0x4B, 0x8F, 0x92, 0x65, 0xED, 0x0B, 0xF9, 0x28, 0x0A, 0xB0, 0x78, 0x3E,
    0x8A, 0x0A, 0x89, 0x5E, 0xDB, 0x43, 0xAF, 0xE5, 0x99, 0x63, 0x69, 0x2F, 0x3D, 0xC1, 0xD2, 0x49,
    0x03, 0x73, 0x7A, 0x16, 0x98, 0x83, 0xEF, 0x9C, 0x2B, 0xB4, 0x9F, 0xCA, 0xD0, 0x52, 0x34, 0xA6,
    0x32, 0x74, 0x14, 0xBA, 0xD4, 0xE8, 0x82, 0x6E, 0xE9, 0x21, 0xBD, 0x72, 0xAE, 0xCA, 0xC3, 0x42,
    0x53, 0xCD, 0xFC, 0xCC, 0x57, 0x2E, 0xFF, 0x12, 0xD5, 0xAC, 0xBC, 0xE6, 0x91, 0x26, 0x67, 0x1C,
    0x08, 0xEF, 0x68, 0x9F, 0xD7, 0xC2, 0x16, 0xCA, 0x62, 0x83, 0xC6, 0xD5, 0xD8, 0x03, 0x2E, 0xE0,
    0xC3, 0x78, 0xBE, 0xEC, 0xD5, 0xC2, 0xD4, 0x3E, 0x37, 0x8E, 0x75, 0x24, 0x9A, 0x25, 0x47, 0x65,
    0x3E, 0x37, 0x32, 0x95, 0xB9, 0x60, 0x47, 0x71, 0x02, 0x0B, 0xCB, 0x60, 0xAD, 0x10, 0x3B, 0x7A,
    0x69, 0x27, 0xC7, 0x4A, 0xB4, 0x46, 0xEB, 0xF0, 0x75, 0x96, 0xA0, 0x34, 0x1B, 0x99, 0x35, 0x89,
    0xC4, 0x87, 0x3A, 0xCA, 0x25, 0xF6, 0x9F, 0xC7, 0x5D, 0x5B, 0x9A, 0xD9, 0x47, 0x21, 0x51, 0x1C,
    0x8E, 0xE6, 0x36, 0x45, 0x0F, 0xE9, 0x95, 0x33, 0x73, 0x6C, 0xDB, 0x38, 0xB6, 0x39, 0xA8, 0x16,
    0x08, 0xE2, 0x37, 0xB8, 0xA5, 0x55, 0x51, 0xDC, 0xAB, 0x2F, 0x3D, 0xB9, 0x78, 0x6C, 0x44, 0x6A,
    0x9E, 0x56, 0xA2, 0xD3, 0x9A, 0xB5, 0x91, 0xF0, 0x25, 0xA3, 0x10, 0xE6, 0x68, 0xA5, 0x5D, 0xDE,
    0xD0, 0x46, 0x39, 0xA1, 0x2A, 0x35, 0x9D, 0x62, 0xDA, 0x7E, 0x9A, 0x86, 0x56, 0xB6, 0x0A, 0x5B,
    0x3B, 0xC1, 0x8A, 0xBE, 0x06, 0x2F, 0x34, 0xB2, 0xF7, 0x23, 0x92, 0x92, 0xD6, 0xC9, 0xB5, 0xD6,
    0xD7, 0x2B, 0x62, 0x5D, 0x58, 0x4F, 0x4F, 0x6E, 0x6B, 0x61, 0x17, 0xCC, 0x5D, 0x1B, 0xDC, 0xF8,
    0x8F, 0xA6, 0x72, 0xA4, 0x14, 0x82, 0xD8, 0xA7, 0xAB, 0x43, 0x38, 0x05, 0xAC, 0xA3, 0xAD, 0x9A,
    0xE0, 0xFE, 0x03, 0xEC, 0x4D, 0xA2, 0xC6, 0x1A, 0xDA, 0x1B, 0x50, 0x9D, 0x97, 0x0E, 0x58, 0xAF,
    0x06, 0x95, 0xD0, 0x0C, 0x7A, 0x65, 0xCB, 0xCA, 0x96, 0x09, 0x99, 0x88, 0xB8, 0xF7, 0x09, 0xFC,
    0xE9, 0x62, 0xFF, 0x6E, 0xE9, 0x1C, 0xE6, 0x93, 0xC3, 0xE1, 0xF5, 0x5C, 0x38, 0x1F, 0x25, 0xCC,
    0x22, 0xAE, 0x8F, 0xED, 0xC7, 0x8E, 0xE4, 0x6D, 0x52, 0x05, 0x72, 0x07, 0xBC, 0x53, 0x88, 0x69,
    0xA4, 0x86, 0xCA, 0x9E, 0xAC, 0xC7, 0x8A, 0x78, 0x1E, 0x10, 0x9F, 0xC7, 0xC4, 0x55, 0x1D, 0xC6,
    0x2A, 0x24, 0xCC, 0x9B, 0xC6, 0x5B, 0xD5, 0x73, 0x1C, 0x7E, 0xCF, 0x1B, 0x27, 0xCE, 0xA5, 0x36,
    0xEC, 0x2D, 0x33, 0x57, 0x58, 0xD5, 0xB0, 0x6A, 0x88, 0x7C, 0x02, 0x23, 0x43, 0x29, 0xFF, 0xDA,
    0x9C, 0x59, 0x00, 0xB6, 0xD9, 0x32, 0xDA, 0x65, 0x7C, 0x26, 0xD3, 0xAF, 0x8B, 0xDC, 0x1B, 0xE0,
    0x53, 0x15, 0x35, 0xD6, 0x60, 0x6E, 0xC0, 0x73, 0xEE, 0x01, 0xD4, 0x90, 0x42, 0x9B, 0x42, 0xBB,
    0x22, 0xD6, 0x82, 0xBC, 0x6D, 0x96, 0xB0, 0x51, 0x8B, 0x9C, 0x68, 0x4B, 0xF1, 0x38, 0xB6, 0x7F,
    0x06, 0x6F, 0x47, 0x2F, 0xF4, 0xE6, 0xBA, 0xD4, 0x6E, 0xF1, 0xAC, 0x4C, 0xDF, 0x24, 0x5E, 0x27,
    0x08, 0xC3, 0xA0, 0xBB, 0x35, 0xF0, 0x12, 0x57, 0x89, 0x94, 0xA6, 0x9D, 0xF8, 0xAD, 0xA8, 0x87,
    0x11, 0x54, 0x68, 0xCB, 0x96, 0x88, 0x7D, 0x97, 0xB7, 0x9C, 0x34, 0xC1, 0xF1, 0xC8, 0x4E, 0x16,
    0x5B, 0x69, 0x2F, 0x98, 0x34, 0x4F, 0x83, 0x6E, 0x18, 0x74, 0xB6, 0x13, 0x2F, 0x73, 0x15, 0x59,
    0x8D, 0x70, 0xF6, 0xEF, 0xF4, 0x42, 0xF3, 0xD7, 0xEE, 0x4C, 0x6F, 0x91, 0xB7, 0x0D, 0xB9, 0xA1,
    0x26, 0x97, 0xD2, 0x86, 0x78, 0x19, 0xB9, 0xF9, 0xFF, 0x23, 0x13, 0xA4, 0xEB, 0x44, 0x81, 0x8B,
    0x26, 0x6D, 0x47, 0x9B, 0x70, 0x03, 0x38, 0x21, 0xC4, 0x98, 0x3B, 0x90, 0x09, 0xC8, 0x88, 0x54,
    0xD4, 0xFD, 0x48, 0xCB, 0xF5, 0x6F, 0x2C, 0x9E, 0xF3, 0xAA, 0x56, 0x27, 0x7F, 0xBD, 0x35, 0x69,
    0x24, 0x5E, 0xB7, 0x19, 0x06, 0x41, 0xB8, 0xD5, 0xA1, 0xEC, 0x33, 0x9D, 0xBD, 0xE4, 0xEC, 0xFF,
    0x07, 0x55, 0x8E, 0x31, 0x0A, 0xC2, 0x30, 0x14, 0x86, 0x7F, 0xCD, 0x58, 0xEC, 0x0D, 0xEC, 0x09,
    0x0A, 0xD1, 0xCD, 0x41, 0xA8, 0x87, 0x30, 0x78, 0x8D, 0xE2, 0x09, 0x72, 0x14, 0xC1, 0x0B, 0x74,
    0xB5, 0x4B, 0xDF, 0xE6, 0x5A, 0x11, 0x27, 0x97, 0xEC, 0x2E, 0xC1, 0x22, 0x2E, 0xD2, 0xE7, 0x4B,
    0x4B, 0x10, 0xDF, 0x4F, 0xFE, 0xFF, 0xCF, 0x97, 0xE1, 0x05, 0x6C, 0x00, 0xFE, 0x98, 0x2D, 0x24,
    0x98, 0x8D, 0x31, 0x8B, 0x83, 0x97, 0x29, 0xDB, 0x70, 0x96, 0x74, 0xDC, 0x74, 0x34, 0x6A, 0x6F,
    0xAF, 0x88, 0xA9, 0x6C, 0x10, 0xF3, 0xEE, 0x36, 0xB6, 0x7F, 0xFD, 0x78, 0x6C, 0xDA, 0x36, 0x8E,
    0x3D, 0xFB, 0xC6, 0x69, 0x2B, 0x8B, 0xC2, 0x02, 0x2F, 0x35, 0x95, 0x5E, 0xBB, 0x7C, 0x20, 0xA5,
    0xB8, 0xAB, 0x9C, 0xF8, 0xEB, 0x49, 0xE2, 0xC5, 0x19, 0x61, 0x52, 0x7D, 0xE9, 0x81, 0xFC, 0xF4,
    0xBE, 0x5B, 0x94, 0xAE, 0x98, 0x12, 0x9C, 0x2F, 0x14, 0x4D, 0xA9, 0xEE, 0x1E, 0x56, 0x41, 0x53,
    0x0F, 0x45, 0x09, 0x32, 0xAC, 0x45, 0x19, 0x12, 0xB9, 0xC5, 0x8C, 0x1C, 0x93, 0x56, 0x3E, 0x2C,
    0x08, 0x73, 0x60, 0x05, 0x54, 0x03, 0xA0, 0x00, 0x66, 0x08, 0xEF, 0x15, 0xF0, 0x05, 0x63, 0x3A,
    0xC0, 0x7E, 0x80, 0xF7, 0x80, 0xC5, 0x01, 0xFB, 0x0F, 0x0C, 0x07, 0x00, 0x63, 0xE0, 0x63, 0x60,
    0xF8, 0x7F, 0x80, 0x21, 0xCE, 0x41, 0xFE, 0x1E, 0x83, 0xDD, 0x3E, 0x86, 0x0F, 0x7A, 0x0C, 0x0F,
    0xF8, 0xA0, 0x08, 0xC8, 0x06, 0x8A, 0xC8, 0xDF, 0x67, 0x00, 0x82, 0xFF, 0xFF, 0x19, 0x42, 0x43,
    0x19, 0x18, 0xF6, 0x1F, 0x60, 0x7E, 0xF6, 0x81, 0xDD, 0xC1, 0x84, 0x9F, 0x81, 0xC1, 0xFE, 0x1F,
    0x83, 0x7C, 0x08, 0x83, 0xFD, 0x17, 0x06, 0xF9, 0x00, 0x06, 0x6E, 0x06, 0x06, 0xE6, 0x06, 0x0B,
    0xA6, 0x5F, 0x1F, 0x18, 0xF6, 0x37, 0x00, 0x00, 0x85, 0x8F, 0x31, 0x4E, 0xC3, 0x30, 0x18, 0x85,
    0x3F, 0xDB, 0x02, 0x0F, 0x56, 0x6B, 0x16, 0x26, 0x44, 0x7B, 0x02, 0x5A, 0x86, 0x0E, 0x41, 0x4A,
    0x54, 0xDF, 0x80, 0xA9, 0x4C, 0x9C, 0x81, 0x99, 0x2D, 0x39, 0x03, 0x17, 0xE0, 0x02, 0x0C, 0x1D,
    0x3A, 0x74, 0x8B, 0x8F, 0x10, 0x71, 0x04, 0xC4, 0x8A, 0x94, 0x81, 0x21, 0x48, 0x4D, 0x8D, 0xDD,
    0x06, 0x16, 0x06, 0xEC, 0x27, 0xEB, 0xC9, 0xFF, 0x67, 0xBD, 0xE7, 0x13, 0xB0, 0x1D, 0x3C, 0x80,
    0x71, 0x26, 0xF8, 0x89, 0xF5, 0xB9, 0xF2, 0x99, 0x4C, 0x8A, 0x66, 0x62, 0x9D, 0xE9, 0x39, 0xAE,
    0x65, 0xF0, 0x37, 0x77, 0x7E, 0x21, 0xFF, 0xD1, 0xB5, 0xF0, 0x47, 0xB8, 0x58, 0x39, 0x0B, 0xBA,
    0x42, 0x36, 0xD0, 0x42, 0x06, 0x6B, 0x44, 0x83, 0xAA, 0x88, 0xF7, 0xF9, 0x81, 0x39, 0x5F, 0xB9,
    0x78, 0x0E, 0x01, 0xF2, 0x67, 0x76, 0x05, 0x8F, 0xE9, 0x89, 0xF4, 0x68, 0x37, 0xC0, 0x9B, 0x08,
    0xE4, 0x39, 0xC2, 0xA1, 0x7C, 0xC2, 0x94, 0x43, 0xC7, 0xCE, 0xA4, 0xF1, 0x98, 0xE5, 0x08, 0x7D,
    0x8F, 0x7A, 0x41, 0xEE, 0xA0, 0x3B, 0xE8, 0x0C, 0xFB, 0xBA, 0x2B, 0xEA, 0xE7, 0xC5, 0xCC, 0x64,
    0xE5, 0xED, 0xF4, 0x2D, 0x7D, 0x43, 0xB5, 0x66, 0x3D, 0xE6, 0xEF, 0xFE, 0x60, 0xCB, 0xF4, 0xA9,
    0x2A, 0x6A, 0x17, 0xA1, 0x5F, 0x93, 0xBA, 0xDB, 0xD4, 0x32, 0x86, 0x8B, 0x36, 0x99, 0x98, 0x75,
    0x39, 0x94, 0x65, 0xAE, 0xFB, 0xBD, 0xEB, 0xB9, 0xE8, 0x28, 0x39, 0x0D, 0x01, 0x3E, 0xA9, 0x1B,
    0xB1, 0xA7, 0x9C, 0xBF, 0x7F, 0x51, 0x11, 0xC2, 0x37, 0x63, 0x60, 0x60, 0xE0, 0xEF, 0x3F, 0xA0,
    0xAB, 0xE7, 0xA0, 0xA3, 0xC3, 0x00, 0x44, 0xFF, 0xFF, 0x1F, 0xA8, 0xAD, 0x85, 0xB2, 0xD1, 0x10,
    0xF7, 0x73, 0x7E, 0x6F, 0x3E, 0x06, 0x3E, 0x86, 0xFD, 0xFF, 0xE5, 0xE3, 0xF9, 0xB8, 0x91, 0x21,
    0x03, 0xD0, 0x8C, 0x03, 0x0C, 0x7A, 0x7E, 0x0C, 0x3A, 0x7C, 0x20, 0xF4, 0xFF, 0x1C, 0x43, 0x2D,
    0x8C, 0x8D, 0x40, 0xFC, 0x0E, 0x3A, 0xDC, 0x07, 0xB8, 0x2F, 0x7F, 0x3D, 0xC0, 0xEF, 0x3D, 0xE9,
    0x00, 0x48, 0x0F, 0x08, 0xEF, 0xFF, 0xFF, 0x9F, 0x41, 0x3E, 0x3E, 0x1C, 0xC8, 0x66, 0xC2, 0x89,
    0x41, 0x00, 0xE8, 0x44, 0x06, 0x5D, 0x3D, 0x6F, 0xA0, 0x33, 0xB8, 0xC1, 0xF8, 0xFF, 0xFF, 0xD3,
    0x0C, 0xB5, 0xB5, 0x08, 0x3E, 0x1A, 0x6E, 0xD0, 0xD1, 0x61, 0x3E, 0x00, 0x00, 0x5B, 0xB5, 0x6A,
    0x02, 0xFB, 0x04, 0xB6, 0x16, 0xA1, 0x46, 0xA1, 0x46, 0xA7, 0xC6, 0xA6, 0x46, 0xA7, 0x0E, 0xA5,
    0x16, 0xB6, 0x05, 0xEC, 0xBB, 0x56, 0x03, 0x00,
};

static const EpdGlyph lexenddeca_8_regularGlyphs[] = {
    { 0, 0, 0, 0, 0, 0, 0 }, // U+0000
    { 0, 0, 0, 0, 0, 0, 0 }, // U+0001
    { 0, 0, 0, 0, 0, 0, 0 }, // U+0002
    { 0, 0, 0, 0, 0, 0, 0 }, // U+0003
    { 0, 0, 0, 0, 0, 0, 0 }, // U+0004
    { 0, 0, 0, 0, 0, 0, 0 }, // U+0005
    { 0, 0, 0, 0, 0, 0, 0 }, // U+0006
    { 0, 0, 0, 0, 0, 0, 0 }, // U+0007
    { 0, 0, 0, 0, 0, 0, 0 }, // U+0008
    { 0, 0, 0, 0, 0, 0, 0 }, // U+0009
    { 0, 0, 0, 0, 0, 0, 0 }, // U+000A
    { 0, 0, 0, 0, 0, 0, 0 }, // U+000B
    { 0, 0, 0, 0, 0, 0, 0 }, // U+000C
    { 0, 0, 0, 0, 0, 0, 0 }, // U+000D
    { 0, 0, 0, 0, 0, 0, 0 }, // U+000E
    { 0, 0, 0, 0, 0, 0, 0 }, // U+000F
    { 0, 0, 0, 0, 0, 0, 0 }, // U+0010
    { 0, 0, 0, 0, 0, 0, 0 }, // U+0011
    { 0, 0, 0, 0, 0, 0, 0 }, // U+0012
    { 0, 0, 0, 0, 0, 0, 0 }, // U+0013
    { 0, 0, 0, 0, 0, 0, 0 }, // U+0014
    { 0, 0, 0, 0, 0, 0, 0 }, // U+0015
    { 0, 0, 0, 0, 0, 0, 0 }, // U+0016
    { 0, 0, 0, 0, 0, 0, 0 }, // U+0017
    { 0, 0, 0, 0, 0, 0, 0 }, // U+0018
    { 0, 0, 0, 0, 0, 0, 0 }, // U+0019
    { 0, 0, 0, 0, 0, 0, 0 }, // U+001A
    { 0, 0, 0, 0, 0, 0, 0 }, // U+001B
    { 0, 0, 0, 0, 0, 0, 0 }, // U+001C
    { 0, 0, 0, 0, 0, 0, 0 }, // U+001D
    { 0, 0, 0, 0, 0, 0, 0 }, // U+001E
    { 0, 0, 0, 0, 0, 0, 0 }, // U+001F
    { 0, 0, 75, 0, 0, 0, 0 }, // U+0020
    { 3, 12, 75, 1, 12, 9, 0 }, // !
    { 4, 4, 80, 1, 12, 4, 9 }, // "
    { 11, 12, 175, 0, 12, 33, 13 }, // #
    { 10, 16, 158, 0, 14, 40, 46 }, // $
    { 15, 12, 247, 1, 12, 45, 86 }, // %
    { 11, 12, 188, 1, 12, 33, 131 }, // &
    { 2, 4, 43, 1, 12, 2, 164 }, // '
    { 4, 15, 80, 1, 12, 15, 166 }, // (
    { 5, 15, 80, 0, 12, 19, 181 }, // )
    { 6, 5, 116, 1, 12, 8, 200 }, // *
    { 8, 9, 161, 1, 9, 18, 208 }, // +
    { 3, 4, 55, 1, 2, 3, 226 }, // ,
    { 5, 3, 98, 1, 6, 4, 229 }, // -
    { 3, 3, 55, 1, 3, 3, 233 }, // .
    { 7, 12, 101, 0, 12, 21, 236 }, // /
    { 9, 12, 173, 1, 12, 27, 257 }, // 0
    { 5, 12, 107, 1, 12, 15, 284 }, // 1
    { 8, 12, 146, 1, 12, 24, 299 }, // 2
    { 8, 12, 153, 1, 12, 24, 323 }, // 3
    { 9, 12, 164, 1, 12, 27, 347 }, // 4
    { 9, 12, 156, 0, 12, 27, 374 }, // 5
    { 8, 12, 160, 1, 12, 24, 401 }, // 6
    { 8, 12, 136, 1, 12, 24, 425 }, // 7
    { 8, 12, 164, 1, 12, 24, 449 }, // 8
    { 8, 12, 160, 1, 12, 24, 473 }, // 9
    { 3, 9, 55, 1, 9, 7, 497 }, // :
    { 3, 11, 55, 1, 9, 9, 504 }, // ;
    { 8, 9, 148, 1, 9, 18, 513 }, // <
    { 8, 6, 161, 1, 7, 12, 531 }, // =
    { 8, 9, 148, 1, 9, 18, 543 }, // >
    { 8, 12, 139, 0, 12, 24, 561 }, // ?
    { 12, 12, 208, 1, 12, 36, 585 }, // @
    { 11, 12, 167, 0, 12, 33, 621 }, // A
    { 9, 12, 165, 1, 12, 27, 654 }, // B
    { 10, 12, 175, 1, 12, 30, 681 }, // C
    { 9, 12, 180, 1, 12, 27, 711 }, // D
    { 8, 12, 151, 1, 12, 24, 738 }, // E
    { 8, 12, 146, 1, 12, 24, 762 }, // F
    { 10, 12, 189, 1, 12, 30, 786 }, // G
    { 9, 12, 184, 1, 12, 27, 816 }, // H
    { 5, 12, 110, 1, 12, 15, 843 }, // I
    { 7, 12, 136, 1, 12, 21, 858 }, // J
    { 9, 12, 167, 1, 12, 27, 879 }, // K
    { 8, 12, 144, 1, 12, 24, 906 }, // L
    { 11, 12, 219, 1, 12, 33, 930 }, // M
    { 9, 12, 184, 1, 12, 27, 963 }, // N
    { 11, 12, 194, 1, 12, 33, 990 }, // O
    { 8, 12, 160, 1, 12, 24, 1023 }, // P
    { 12, 13, 201, 1, 12, 39, 1047 }, // Q
    { 9, 12, 165, 1, 12, 27, 1086 }, // R
    { 10, 12, 159, 0, 12, 30, 1113 }, // S
    { 9, 12, 149, 1, 12, 27, 1143 }, // T
    { 9, 12, 184, 1, 12, 27, 1170 }, // U
    { 10, 12, 157, 0, 12, 30, 1197 }, // V
    { 14, 12, 224, 0, 12, 42, 1227 }, // W
    { 11, 12, 166, 0, 12, 33, 1269 }, // X
    { 11, 12, 159, -1, 12, 33, 1302 }, // Y
    { 9, 12, 162, 1, 12, 27, 1335 }, // Z
    { 4, 15, 84, 1, 12, 15, 1362 }, // [
    { 7, 12, 101, 0, 12, 21, 1377 }, // <backslash>
    { 5, 15, 84, 0, 12, 19, 1398 }, // ]
    { 9, 7, 147, 0, 13, 16, 1417 }, // ^
    { 6, 3, 106, 1, 1, 5, 1433 }, // _
    { 4, 3, 71, 0, 13, 3, 1438 }, // `
    { 8, 9, 140, 1, 9, 18, 1441 }, // a
    { 8, 12, 151, 1, 12, 24, 1459 }, // b
    { 8, 9, 133, 1, 9, 18, 1483 }, // c
    { 8, 12, 150, 1, 12, 24, 1501 }, // d
    { 8, 9, 144, 1, 9, 18, 1525 }, // e
    { 5, 14, 83, 1, 14, 18, 1543 }, // f
    { 8, 13, 149, 1, 9, 26, 1561 }, // g
    { 7, 12, 146, 1, 12, 21, 1587 }, // h
    { 3, 13, 74, 1, 13, 10, 1608 }, // i
    { 5, 16, 68, -2, 13, 20, 1618 }, // j
    { 7, 12, 131, 1, 12, 21, 1638 }, // k
    { 3, 12, 64, 1, 12, 9, 1659 }, // l
    { 12, 9, 224, 1, 9, 27, 1668 }, // m
    { 7, 9, 146, 1, 9, 16, 1695 }, // n
    { 8, 9, 147, 1, 9, 18, 1711 }, // o
    { 8, 12, 151, 1, 9, 24, 1729 }, // p
    { 10, 12, 154, 1, 9, 30, 1753 }, // q
    { 5, 9, 91, 1, 9, 12, 1783 }, // r
    { 8, 9, 126, 0, 9, 18, 1795 }, // s
    { 4, 11, 86, 1, 11, 11, 1813 }, // t
    { 7, 9, 143, 1, 9, 16, 1824 }, // u
    { 8, 9, 118, 0, 9, 18, 1840 }, // v
    { 11, 9, 174, 0, 9, 25, 1858 }, // w
    { 8, 9, 123, 0, 9, 18, 1883 }, // x
    { 8, 12, 114, 0, 9, 24, 1901 }, // y
    { 6, 9, 123, 1, 9, 14, 1925 }, // z
    { 5, 15, 85, 1, 12, 19, 1939 }, // {
    { 2, 15, 62, 1, 12, 8, 1958 }, // |
    { 5, 15, 85, 0, 12, 19, 1966 }, // }
    { 9, 4, 148, 0, 7, 9, 1985 }, // ~
    { 0, 0, 0, 0, 0, 0, 1994 }, // U+007F
    { 0, 0, 0, 0, 0, 0, 0 }, // U+0080
    { 0, 0, 0, 0, 0, 0, 0 }, // U+0081
    { 0, 0, 0, 0, 0, 0, 0 }, // U+0082
    { 0, 0, 0, 0, 0, 0, 0 }, // U+0083
    { 0, 0, 0, 0, 0, 0, 0 }, // U+0084
    { 0, 0, 0, 0, 0, 0, 0 }, // U+0085
    { 0, 0, 0, 0, 0, 0, 0 }, // U+0086
    { 0, 0, 0, 0, 0, 0, 0 }, // U+0087
    { 0, 0, 0, 0, 0, 0, 0 }, // U+0088
    { 0, 0, 0, 0, 0, 0, 0 }, // U+0089
    { 0, 0, 0, 0, 0, 0, 0 }, // U+008A
    { 0, 0, 0, 0, 0, 0, 0 }, // U+008B
    { 0, 0, 0, 0, 0, 0, 0 }, // U+008C
    { 0, 0, 0, 0, 0, 0, 0 }, // U+008D
    { 0, 0, 0, 0, 0, 0, 0 }, // U+008E
    { 0, 0, 0, 0, 0, 0, 0 }, // U+008F
    { 0, 0, 0, 0, 0, 0, 0 }, // U+0090
    { 0, 0, 0, 0, 0, 0, 0 }, // U+0091
    { 0, 0, 0, 0, 0, 0, 0 }, // U+0092
    { 0, 0, 0, 0, 0, 0, 0 }, // U+0093
    { 0, 0, 0, 0, 0, 0, 0 }, // U+0094
    { 0, 0, 0, 0, 0, 0, 0 }, // U+0095
    { 0, 0, 0, 0, 0, 0, 0 }, // U+0096
    { 0, 0, 0, 0, 0, 0, 0 }, // U+0097
    { 0, 0, 0, 0, 0, 0, 0 }, // U+0098
    { 0, 0, 0, 0, 0, 0, 0 }, // U+0099
    { 0, 0, 0, 0, 0, 0, 0 }, // U+009A
    { 0, 0, 0, 0, 0, 0, 0 }, // U+009B
    { 0, 0, 0, 0, 0, 0, 0 }, // U+009C
    { 0, 0, 0, 0, 0, 0, 0 }, // U+009D
    { 0, 0, 0, 0, 0, 0, 0 }, // U+009E
    { 0, 0, 0, 0, 0, 0, 0 }, // U+009F
    { 0, 0, 75, 0, 0, 0, 0 }, // U+00A0
    { 3, 12, 75, 1, 9, 9, 0 }, // U+00A1
    { 7, 12, 133, 1, 10, 21, 9 }, // U+00A2
    { 9, 12, 156, 1, 12, 27, 30 }, // U+00A3
    { 9, 9, 155, 0, 10, 21, 57 }, // U+00A4
    { 11, 12, 159, -1, 12, 33, 78 }, // U+00A5
    { 2, 15, 62, 1, 12, 8, 111 }, // U+00A6
    { 8, 15, 141, 1, 12, 30, 119 }, // U+00A7
    { 5, 3, 113, 1, 13, 4, 149 }, // U+00A8
    { 12, 14, 213, 1, 13, 42, 153 }, // U+00A9
    { 6, 5, 99, 0, 12, 8, 195 }, // U+00AA
    { 9, 8, 150, 0, 9, 18, 203 }, // U+00AB
    { 9, 7, 161, 1, 8, 16, 221 }, // U+00AC
    { 0, 0, 0, 0, 0, 0, 237 }, // U+00AD
    { 12, 14, 213, 1, 13, 42, 237 }, // U+00AE
    { 5, 3, 102, 1, 13, 4, 279 }, // U+00AF
    { 5, 7, 94, 1, 13, 9, 283 }, // U+00B0
    { 8, 9, 154, 1, 9, 18, 292 }, // U+00B1
    { 6, 6, 102, 1, 13, 9, 310 }, // U+00B2
    { 5, 6, 102, 0, 13, 8, 319 }, // U+00B3
    { 4, 3, 71, 0, 13, 3, 327 }, // U+00B4
    { 8, 12, 148, 1, 9, 24, 330 }, // U+00B5
    { 8, 15, 136, 0, 12, 30, 354 }, // U+00B6
    { 3, 3, 63, 1, 6, 3, 384 }, // U+00B7
    { 4, 5, 78, 0, 1, 5, 387 }, // U+00B8
    { 3, 6, 68, 0, 13, 5, 392 }, // U+00B9
    { 5, 5, 102, 0, 12, 7, 397 }, // U+00BA
    { 9, 8, 150, 0, 9, 18, 404 }, // U+00BB
    { 12, 12, 220, 0, 12, 36, 422 }, // U+00BC
    { 12, 13, 217, 0, 12, 39, 458 }, // U+00BD
    { 13, 13, 232, 0, 13, 43, 497 }, // U+00BE
    { 8, 12, 139, 1, 9, 24, 540 }, // U+00BF
    { 11, 16, 167, 0, 16, 44, 564 }, // U+00C0
    { 11, 16, 167, 0, 16, 44, 608 }, // U+00C1
    { 11, 16, 167, 0, 16, 44, 652 }, // U+00C2
    { 11, 16, 167, 0, 16, 44, 696 }, // U+00C3
    { 11, 16, 167, 0, 16, 44, 740 }, // U+00C4
    { 12, 16, 167, -1, 16, 48, 784 }, // U+00C5
    { 17, 12, 266, -1, 12, 51, 832 }, // U+00C6
    { 10, 15, 175, 1, 12, 38, 883 }, // U+00C7
    { 8, 16, 151, 1, 16, 32, 921 }, // U+00C8
    { 8, 16, 151, 1, 16, 32, 953 }, // U+00C9
    { 8, 16, 151, 1, 16, 32, 985 }, // U+00CA
    { 8, 16, 151, 1, 16, 32, 1017 }, // U+00CB
    { 5, 16, 110, 1, 16, 20, 1049 }, // U+00CC
    { 5, 16, 110, 1, 16, 20, 1069 }, // U+00CD
    { 7, 16, 110, 0, 16, 28, 1089 }, // U+00CE
    { 5, 16, 110, 1, 16, 20, 1117 }, // U+00CF
    { 11, 12, 190, 1, 12, 33, 1137 }, // U+00D0
    { 9, 16, 184, 1, 16, 36, 1170 }, // U+00D1
    { 11, 16, 194, 1, 16, 44, 1206 }, // U+00D2
    { 11, 16, 194, 1, 16, 44, 1250 }, // U+00D3
    { 11, 16, 194, 1, 16, 44, 1294 }, // U+00D4
    { 11, 16, 194, 1, 16, 44, 1338 }, // U+00D5
    { 11, 16, 194, 1, 16, 44, 1382 }, // U+00D6
    { 8, 9, 141, 0, 9, 18, 1426 }, // U+00D7
    { 11, 12, 194, 1, 12, 33, 1444 }, // U+00D8
    { 9, 16, 184, 1, 16, 36, 1477 }, // U+00D9
    { 9, 16, 184, 1, 16, 36, 1513 }, // U+00DA
    { 9, 16, 184, 1, 16, 36, 1549 }, // U+00DB
    { 9, 16, 184, 1, 16, 36, 1585 }, // U+00DC
    { 11, 16, 159, -1, 16, 44, 1621 }, // U+00DD
    { 8, 12, 154, 1, 12, 24, 1665 }, // U+00DE
    { 8, 12, 159, 1, 12, 24, 1689 }, // U+00DF
    { 8, 13, 140, 1, 13, 26, 1713 }, // U+00E0
    { 8, 13, 140, 1, 13, 26, 1739 }, // U+00E1
    { 8, 12, 140, 1, 12, 24, 1765 }, // U+00E2
    { 8, 13, 140, 1, 13, 26, 1789 }, // U+00E3
    { 8, 12, 140, 1, 12, 24, 1815 }, // U+00E4
    { 8, 15, 140, 1, 15, 30, 1839 }, // U+00E5
    { 14, 9, 233, 1, 9, 32, 1869 }, // U+00E6
    { 8, 12, 133, 1, 9, 24, 1901 }, // U+00E7
    { 8, 13, 144, 1, 13, 26, 1925 }, // U+00E8
    { 8, 13, 144, 1, 13, 26, 1951 }, // U+00E9
    { 8, 12, 144, 1, 12, 24, 1977 }, // U+00EA
    { 8, 12, 144, 1, 12, 24, 2001 }, // U+00EB
    { 4, 13, 73, 0, 13, 13, 2025 }, // U+00EC
    { 5, 13, 73, 0, 13, 17, 2038 }, // U+00ED
    { 7, 12, 73, -1, 12, 21, 2055 }, // U+00EE
    { 5, 12, 73, 0, 12, 15, 2076 }, // U+00EF
    { 8, 13, 151, 1, 13, 26, 2091 }, // U+00F0
    { 7, 12, 146, 1, 12, 21, 2117 }, // U+00F1
    { 8, 13, 147, 1, 13, 26, 2138 }, // U+00F2
    { 8, 13, 147, 1, 13, 26, 2164 }, // U+00F3
    { 8, 12, 147, 1, 12, 24, 2190 }, // U+00F4
    { 8, 13, 147, 1, 13, 26, 2214 }, // U+00F5
    { 8, 12, 147, 1, 12, 24, 2240 }, // U+00F6
    { 8, 9, 161, 1, 9, 18, 2264 }, // U+00F7
    { 8, 10, 147, 1, 10, 20, 2282 }, // U+00F8
    { 7, 13, 143, 1, 13, 23, 2302 }, // U+00F9
    { 7, 13, 143, 1, 13, 23, 2325 }, // U+00FA
    { 7, 12, 143, 1, 12, 21, 2348 }, // U+00FB
    { 7, 12, 143, 1, 12, 21, 2369 }, // U+00FC
    { 8, 16, 114, 0, 13, 32, 2390 }, // U+00FD
    { 8, 15, 151, 1, 12, 30, 2422 }, // U+00FE
    { 8, 15, 114, -1, 12, 30, 2452 }, // U+00FF
    { 11, 16, 167, 0, 16, 44, 0 }, // U+0100
    { 8, 12, 140, 1, 12, 24, 44 }, // U+0101
    { 11, 16, 167, 0, 16, 44, 68 }, // U+0102
    { 8, 13, 140, 1, 13, 26, 112 }, // U+0103
    { 11, 15, 167, 0, 12, 42, 138 }, // U+0104
    { 8, 12, 140, 1, 9, 24, 180 }, // U+0105
    { 10, 16, 175, 1, 16, 40, 204 }, // U+0106
    { 8, 13, 133, 1, 13, 26, 244 }, // U+0107
    { 10, 16, 175, 1, 16, 40, 270 }, // U+0108
    { 8, 12, 133, 1, 12, 24, 310 }, // U+0109
    { 10, 16, 175, 1, 16, 40, 334 }, // U+010A
    { 7, 12, 133, 1, 12, 21, 374 }, // U+010B
    { 10, 16, 175, 1, 16, 40, 395 }, // U+010C
    { 8, 12, 133, 1, 12, 24, 435 }, // U+010D
    { 9, 16, 180, 1, 16, 36, 459 }, // U+010E
    { 10, 12, 153, 1, 12, 30, 495 }, // U+010F
    { 11, 12, 190, 1, 12, 33, 525 }, // U+0110
    { 9, 12, 161, 1, 12, 27, 558 }, // U+0111
    { 8, 16, 151, 1, 16, 32, 585 }, // U+0112
    { 8, 12, 144, 1, 12, 24, 617 }, // U+0113
    { 8, 16, 151, 1, 16, 32, 641 }, // U+0114
    { 8, 13, 144, 1, 13, 26, 673 }, // U+0115
    { 8, 16, 151, 1, 16, 32, 699 }, // U+0116
    { 9, 12, 144, 1, 12, 27, 731 }, // U+0117
    { 8, 15, 151, 1, 12, 30, 758 }, // U+0118
    { 8, 12, 144, 1, 9, 24, 788 }, // U+0119
    { 8, 16, 151, 1, 16, 32, 812 }, // U+011A
    { 8, 12, 144, 1, 12, 24, 844 }, // U+011B
    { 10, 16, 189, 1, 16, 40, 868 }, // U+011C
    { 8, 16, 149, 1, 12, 32, 908 }, // U+011D
    { 10, 16, 189, 1, 16, 40, 940 }, // U+011E
    { 8, 16, 149, 1, 12, 32, 980 }, // U+011F
    { 11, 16, 189, 1, 16, 44, 1012 }, // U+0120
    { 8, 16, 149, 1, 12, 32, 1056 }, // U+0121
    { 10, 17, 189, 1, 12, 43, 1088 }, // U+0122
    { 8, 19, 149, 1, 15, 38, 1131 }, // U+0123
    { 9, 16, 184, 1, 16, 36, 1169 }, // U+0124
    { 9, 16, 146, -1, 16, 36, 1205 }, // U+0125
    { 12, 12, 189, 1, 12, 36, 1241 }, // U+0126
    { 9, 12, 155, 1, 12, 27, 1277 }, // U+0127
    { 6, 16, 110, 0, 16, 24, 1304 }, // U+0128
    { 6, 12, 73, -1, 12, 18, 1328 }, // U+0129
    { 5, 16, 110, 1, 16, 20, 1346 }, // U+012A
    { 5, 12, 73, 0, 12, 15, 1366 }, // U+012B
    { 7, 16, 110, 0, 16, 28, 1381 }, // U+012C
    { 6, 12, 73, -1, 12, 18, 1409 }, // U+012D
    { 5, 15, 110, 1, 12, 19, 1427 }, // U+012E
    { 3, 16, 74, 1, 13, 12, 1446 }, // U+012F
    { 5, 16, 110, 1, 16, 20, 1458 }, // U+0130
    { 4, 9, 73, 0, 9, 9, 1478 }, // U+0131
    { 13, 12, 246, 1, 12, 39, 1487 }, // U+0132
    { 7, 16, 142, 1, 13, 28, 1526 }, // U+0133
    { 9, 16, 136, 1, 16, 36, 1554 }, // U+0134
    { 7, 15, 68, -2, 12, 27, 1590 }, // U+0135
    { 10, 18, 167, 1, 12, 45, 1617 }, // U+0136
    { 8, 18, 131, 1, 12, 36, 1662 }, // U+0137
    { 7, 9, 131, 1, 9, 16, 1698 }, // U+0138
    { 8, 16, 144, 1, 16, 32, 1714 }, // U+0139
    { 3, 16, 64, 1, 16, 12, 1746 }, // U+013A
    { 8, 18, 144, 1, 12, 36, 1758 }, // U+013B
    { 4, 18, 64, 0, 12, 18, 1794 }, // U+013C
    { 8, 12, 144, 1, 12, 24, 1812 }, // U+013D
    { 4, 12, 64, 1, 12, 12, 1836 }, // U+013E
    { 8, 12, 144, 1, 12, 24, 1848 }, // U+013F
    { 5, 12, 99, 1, 12, 15, 1872 }, // U+0140
    { 10, 12, 153, 0, 12, 30, 1887 }, // U+0141
    { 4, 12, 63, 0, 12, 12, 1917 }, // U+0142
    { 9, 16, 184, 1, 16, 36, 1929 }, // U+0143
    { 7, 13, 146, 1, 13, 23, 1965 }, // U+0144
    { 9, 18, 184, 1, 12, 41, 1988 }, // U+0145
    { 7, 15, 146, 1, 9, 27, 2029 }, // U+0146
    { 9, 16, 184, 1, 16, 36, 2056 }, // U+0147
    { 7, 12, 146, 1, 12, 21, 2092 }, // U+0148
    { 10, 12, 188, 1, 12, 30, 2113 }, // U+0149
    { 9, 15, 184, 1, 12, 34, 2143 }, // U+014A
    { 7, 12, 146, 1, 9, 21, 2177 }, // U+014B
    { 11, 16, 194, 1, 16, 44, 2198 }, // U+014C
    { 8, 12, 147, 1, 12, 24, 2242 }, // U+014D
    { 11, 16, 194, 1, 16, 44, 2266 }, // U+014E
    { 8, 13, 147, 1, 13, 26, 2310 }, // U+014F
    { 11, 16, 194, 1, 16, 44, 2336 }, // U+0150
    { 8, 13, 147, 1, 13, 26, 2380 }, // U+0151
    { 16, 12, 281, 1, 12, 48, 2406 }, // U+0152
    { 15, 9, 247, 1, 9, 34, 2454 }, // U+0153
    { 9, 16, 165, 1, 16, 36, 2488 }, // U+0154
    { 5, 13, 91, 1, 13, 17, 2524 }, // U+0155
    { 9, 18, 165, 1, 12, 41, 2541 }, // U+0156
    { 6, 15, 91, 0, 9, 23, 2582 }, // U+0157
    { 9, 16, 165, 1, 16, 36, 2605 }, // U+0158
    { 6, 12, 91, 0, 12, 18, 2641 }, // U+0159
    { 10, 16, 159, 0, 16, 40, 2659 }, // U+015A
    { 8, 13, 126, 0, 13, 26, 2699 }, // U+015B
    { 10, 16, 159, 0, 16, 40, 2725 }, // U+015C
    { 8, 12, 126, 0, 12, 24, 2765 }, // U+015D
    { 10, 15, 159, 0, 12, 38, 2789 }, // U+015E
    { 8, 12, 126, 0, 9, 24, 2827 }, // U+015F
    { 10, 16, 159, 0, 16, 40, 2851 }, // U+0160
    { 8, 12, 126, 0, 12, 24, 2891 }, // U+0161
    { 9, 15, 149, 1, 12, 34, 2915 }, // U+0162
    { 5, 15, 86, 1, 12, 19, 2949 }, // U+0163
    { 9, 16, 149, 1, 16, 36, 2968 }, // U+0164
    { 5, 13, 86, 1, 13, 17, 3004 }, // U+0165
    { 9, 12, 149, 1, 12, 27, 3021 }, // U+0166
    { 4, 11, 86, 1, 11, 11, 3048 }, // U+0167
    { 9, 16, 184, 1, 16, 36, 3059 }, // U+0168
    { 7, 12, 143, 1, 12, 21, 3095 }, // U+0169
    { 9, 16, 184, 1, 16, 36, 3116 }, // U+016A
    { 7, 12, 143, 1, 12, 21, 3152 }, // U+016B
    { 9, 16, 184, 1, 16, 36, 3173 }, // U+016C
    { 7, 12, 143, 1, 12, 21, 3209 }, // U+016D
    { 9, 18, 184, 1, 18, 41, 3230 }, // U+016E
    { 7, 15, 143, 1, 15, 27, 3271 }, // U+016F
    { 9, 16, 184, 1, 16, 36, 3298 }, // U+0170
    { 7, 13, 143, 1, 13, 23, 3334 }, // U+0171
    { 9, 15, 184, 1, 12, 34, 3357 }, // U+0172
    { 7, 12, 143, 1, 9, 21, 3391 }, // U+0173
    { 14, 16, 224, 0, 16, 56, 3412 }, // U+0174
    { 11, 12, 174, 0, 12, 33, 3468 }, // U+0175
    { 11, 16, 159, -1, 16, 44, 3501 }, // U+0176
    { 8, 15, 114, 0, 12, 30, 3545 }, // U+0177
    { 11, 16, 159, -1, 16, 44, 3575 }, // U+0178
    { 9, 16, 162, 1, 16, 36, 3619 }, // U+0179
    { 6, 13, 123, 1, 13, 20, 3655 }, // U+017A
    { 9, 16, 162, 1, 16, 36, 3675 }, // U+017B
    { 6, 12, 123, 1, 12, 18, 3711 }, // U+017C
    { 9, 16, 162, 1, 16, 36, 3729 }, // U+017D
    { 6, 12, 123, 1, 12, 18, 3765 }, // U+017E
    { 5, 14, 83, 0, 14, 18, 3783 }, // U+017F
    { 12, 14, 194, 1, 14, 42, 0 }, // U+01A0
    { 10, 11, 152, 1, 11, 28, 42 }, // U+01A1
    { 11, 14, 189, 1, 14, 39, 70 }, // U+01AF
    { 9, 11, 150, 1, 11, 25, 109 }, // U+01B0
    { 20, 16, 341, 1, 16, 80, 134 }, // U+01C4
    { 17, 12, 302, 1, 12, 51, 214 }, // U+01C5
    { 16, 12, 273, 1, 12, 48, 265 }, // U+01C6
    { 15, 12, 280, 1, 12, 45, 313 }, // U+01C7
    { 11, 16, 212, 1, 13, 44, 358 }, // U+01C8
    { 6, 16, 132, 1, 13, 24, 402 }, // U+01C9
    { 18, 12, 320, 1, 12, 54, 426 }, // U+01CA
    { 13, 16, 252, 1, 13, 52, 480 }, // U+01CB
    { 11, 16, 213, 1, 13, 44, 532 }, // U+01CC
    { 11, 16, 167, 0, 16, 44, 576 }, // U+01CD
    { 8, 12, 140, 1, 12, 24, 620 }, // U+01CE
    { 9, 16, 184, 1, 16, 36, 644 }, // U+01D3
    { 7, 12, 143, 1, 12, 21, 680 }, // U+01D4
    { 10, 16, 189, 1, 16, 40, 701 }, // U+01E6
    { 8, 16, 149, 1, 12, 32, 741 }, // U+01E7
    { 11, 15, 194, 1, 12, 42, 773 }, // U+01EA
    { 8, 12, 147, 1, 9, 24, 815 }, // U+01EB
    { 20, 12, 341, 1, 12, 60, 839 }, // U+01F1
    { 17, 12, 302, 1, 12, 51, 899 }, // U+01F2
    { 16, 12, 273, 1, 12, 48, 950 }, // U+01F3
    { 12, 18, 167, -1, 18, 54, 998 }, // U+01FA
    { 8, 18, 140, 1, 18, 36, 1052 }, // U+01FB
    { 17, 16, 266, -1, 16, 68, 1088 }, // U+01FC
    { 14, 13, 233, 1, 13, 46, 1156 }, // U+01FD
    { 11, 16, 194, 1, 16, 44, 1202 }, // U+01FE
    { 8, 13, 147, 1, 13, 26, 1246 }, // U+01FF
    { 10, 17, 159, 0, 12, 43, 1272 }, // U+0218
    { 8, 14, 126, 0, 9, 28, 1315 }, // U+0219
    { 9, 18, 149, 1, 12, 41, 1343 }, // U+021A
    { 4, 17, 86, 1, 11, 17, 1384 }, // U+021B
    { 9, 16, 184, 1, 16, 36, 1401 }, // U+021E
    { 9, 16, 146, -1, 16, 36, 1437 }, // U+021F
    { 3, 3, 43, 0, 13, 3, 0 }, // U+0300
    { 3, 3, 43, 0, 13, 3, 3 }, // U+0301
    { 6, 2, 86, 0, 12, 3, 6 }, // U+0302
    { 6, 4, 88, -1, 13, 6, 9 }, // U+0303
    { 5, 3, 74, 0, 13, 4, 15 }, // U+0304
    { 5, 3, 78, 0, 12, 4, 19 }, // U+0306
    { 2, 3, 29, 0, 13, 2, 23 }, // U+0307
    { 5, 3, 85, 0, 13, 4, 25 }, // U+0308
    { 4, 5, 42, -1, 14, 5, 29 }, // U+0309
    { 4, 6, 58, 0, 15, 6, 34 }, // U+030A
    { 6, 3, 82, 0, 13, 5, 40 }, // U+030B
    { 6, 2, 86, 0, 12, 3, 45 }, // U+030C
    { 6, 5, 86, -1, 12, 8, 48 }, // U+031B
    { 3, 3, 55, 1, -1, 3, 56 }, // U+0323
    { 4, 5, 0, 0, -1, 5, 59 }, // U+0326
    { 4, 5, 0, -1, 1, 5, 64 }, // U+0327
    { 3, 4, 42, 0, 0, 3, 69 }, // U+0328
    { 0, 0, 0, 0, 0, 0, 72 }, // U+034F
    { 11, 16, 167, 0, 12, 44, 0 }, // U+1EA0
    { 8, 13, 140, 1, 9, 26, 44 }, // U+1EA1
    { 12, 17, 167, 0, 17, 51, 70 }, // U+1EA2
    { 8, 15, 140, 1, 15, 30, 121 }, // U+1EA3
    { 11, 18, 167, 0, 18, 50, 151 }, // U+1EA4
    { 8, 16, 140, 1, 16, 32, 201 }, // U+1EA5
    { 11, 17, 167, 0, 17, 47, 233 }, // U+1EA6
    { 8, 15, 140, 1, 15, 30, 280 }, // U+1EA7
    { 11, 19, 167, 0, 19, 53, 310 }, // U+1EA8
    { 8, 17, 140, 1, 17, 34, 363 }, // U+1EA9
    { 11, 20, 167, 0, 20, 55, 397 }, // U+1EAA
    { 8, 17, 140, 1, 17, 34, 452 }, // U+1EAB
    { 11, 20, 167, 0, 16, 55, 486 }, // U+1EAC
    { 8, 16, 140, 1, 12, 32, 541 }, // U+1EAD
    { 11, 19, 167, 0, 19, 53, 573 }, // U+1EAE
    { 8, 17, 140, 1, 17, 34, 626 }, // U+1EAF
    { 11, 19, 167, 0, 19, 53, 660 }, // U+1EB0
    { 8, 17, 140, 1, 17, 34, 713 }, // U+1EB1
    { 12, 21, 167, 0, 21, 63, 747 }, // U+1EB2
    { 8, 18, 140, 1, 18, 36, 810 }, // U+1EB3
    { 11, 20, 167, 0, 20, 55, 846 }, // U+1EB4
    { 8, 17, 140, 1, 17, 34, 901 }, // U+1EB5
    { 11, 20, 167, 0, 16, 55, 935 }, // U+1EB6
    { 8, 17, 140, 1, 13, 34, 990 }, // U+1EB7
    { 8, 16, 151, 1, 12, 32, 1024 }, // U+1EB8
    { 8, 13, 144, 1, 9, 26, 1056 }, // U+1EB9
    { 8, 17, 151, 1, 17, 34, 1082 }, // U+1EBA
    { 8, 15, 144, 1, 15, 30, 1116 }, // U+1EBB
    { 8, 16, 151, 1, 16, 32, 1146 }, // U+1EBC
    { 8, 13, 144, 1, 13, 26, 1178 }, // U+1EBD
    { 9, 18, 151, 1, 18, 41, 1204 }, // U+1EBE
    { 9, 16, 144, 1, 16, 36, 1245 }, // U+1EBF
    { 9, 17, 151, 1, 17, 39, 1281 }, // U+1EC0
    { 9, 15, 144, 1, 15, 34, 1320 }, // U+1EC1
    { 9, 19, 151, 1, 19, 43, 1354 }, // U+1EC2
    { 8, 17, 144, 1, 17, 34, 1397 }, // U+1EC3
    { 8, 20, 151, 1, 20, 40, 1431 }, // U+1EC4
    { 8, 17, 144, 1, 17, 34, 1471 }, // U+1EC5
    { 8, 20, 151, 1, 16, 40, 1505 }, // U+1EC6
    { 8, 16, 144, 1, 12, 32, 1545 }, // U+1EC7
    { 5, 17, 110, 1, 17, 22, 1577 }, // U+1EC8
    { 4, 14, 73, 0, 14, 14, 1599 }, // U+1EC9
    { 5, 16, 110, 1, 12, 20, 1613 }, // U+1ECA
    { 4, 17, 74, 1, 13, 17, 1633 }, // U+1ECB
    { 11, 16, 194, 1, 12, 44, 1650 }, // U+1ECC
    { 8, 13, 147, 1, 9, 26, 1694 }, // U+1ECD
    { 11, 18, 194, 1, 18, 50, 1720 }, // U+1ECE
    { 8, 15, 147, 1, 15, 30, 1770 }, // U+1ECF
    { 11, 18, 194, 1, 18, 50, 1800 }, // U+1ED0
    { 9, 16, 147, 1, 16, 36, 1850 }, // U+1ED1
    { 11, 17, 194, 1, 17, 47, 1886 }, // U+1ED2
    { 9, 15, 147, 1, 15, 34, 1933 }, // U+1ED3
    { 10, 19, 194, 1, 19, 48, 1967 }, // U+1ED4
    { 8, 17, 147, 1, 17, 34, 2015 }, // U+1ED5
    { 11, 20, 194, 1, 20, 55, 2049 }, // U+1ED6
    { 8, 17, 147, 1, 17, 34, 2104 }, // U+1ED7
    { 11, 20, 194, 1, 16, 55, 2138 }, // U+1ED8
    { 8, 16, 147, 1, 12, 32, 2193 }, // U+1ED9
    { 12, 16, 194, 1, 16, 48, 2225 }, // U+1EDA
    { 10, 13, 152, 1, 13, 33, 2273 }, // U+1EDB
    { 12, 16, 194, 1, 16, 48, 2306 }, // U+1EDC
    { 10, 13, 152, 1, 13, 33, 2354 }, // U+1EDD
    { 12, 18, 194, 1, 18, 54, 2387 }, // U+1EDE
    { 10, 15, 152, 1, 15, 38, 2441 }, // U+1EDF
    { 12, 16, 194, 1, 16, 48, 2479 }, // U+1EE0
    { 10, 12, 152, 1, 12, 30, 2527 }, // U+1EE1
    { 12, 18, 194, 1, 14, 54, 2557 }, // U+1EE2
    { 10, 15, 152, 1, 11, 38, 2611 }, // U+1EE3
    { 9, 16, 184, 1, 12, 36, 2649 }, // U+1EE4
    { 7, 13, 143, 1, 9, 23, 2685 }, // U+1EE5
    { 9, 18, 184, 1, 18, 41, 2708 }, // U+1EE6
    { 7, 14, 143, 1, 14, 25, 2749 }, // U+1EE7
    { 11, 16, 189, 1, 16, 44, 2774 }, // U+1EE8
    { 9, 13, 150, 1, 13, 30, 2818 }, // U+1EE9
    { 11, 16, 189, 1, 16, 44, 2848 }, // U+1EEA
    { 9, 13, 150, 1, 13, 30, 2892 }, // U+1EEB
    { 11, 18, 189, 1, 18, 50, 2922 }, // U+1EEC
    { 9, 14, 150, 1, 14, 32, 2972 }, // U+1EED
    { 11, 16, 189, 1, 16, 44, 3004 }, // U+1EEE
    { 9, 12, 150, 1, 12, 27, 3048 }, // U+1EEF
    { 11, 18, 189, 1, 14, 50, 3075 }, // U+1EF0
    { 9, 15, 150, 1, 11, 34, 3125 }, // U+1EF1
    { 11, 16, 159, -1, 16, 44, 3159 }, // U+1EF2
    { 8, 16, 114, 0, 13, 32, 3203 }, // U+1EF3
    { 10, 16, 159, 0, 12, 40, 3235 }, // U+1EF4
    { 8, 13, 114, 0, 9, 26, 3275 }, // U+1EF5
    { 11, 17, 159, -1, 17, 47, 3301 }, // U+1EF6
    { 9, 17, 114, -1, 14, 39, 3348 }, // U+1EF7
    { 11, 16, 159, -1, 16, 44, 3387 }, // U+1EF8
    { 8, 15, 114, 0, 12, 30, 3431 }, // U+1EF9
    { 0, 0, 0, 0, 0, 0, 0 }, // U+200B
    { 0, 0, 0, 0, 0, 0, 0 }, // U+200C
    { 0, 0, 0, 0, 0, 0, 0 }, // U+200D
    { 0, 0, 0, 0, 0, 0, 0 }, // U+200E
    { 0, 0, 0, 0, 0, 0, 0 }, // U+200F
    { 4, 3, 87, 1, 6, 3, 0 }, // U+2010
    { 7, 3, 128, 1, 6, 6, 3 }, // U+2013
    { 12, 3, 213, 1, 6, 9, 9 }, // U+2014
    { 3, 4, 63, 1, 12, 3, 18 }, // U+2018
    { 3, 4, 63, 1, 12, 3, 21 }, // U+2019
    { 3, 4, 63, 1, 2, 3, 24 }, // U+201A
    { 5, 4, 106, 1, 12, 5, 27 }, // U+201C
    { 5, 4, 106, 1, 12, 5, 32 }, // U+201D
    { 5, 4, 106, 1, 2, 5, 37 }, // U+201E
    { 8, 12, 144, 1, 12, 24, 42 }, // U+2020
    { 8, 12, 144, 1, 12, 24, 66 }, // U+2021
    { 6, 6, 117, 1, 8, 9, 90 }, // U+2022
    { 10, 3, 186, 1, 3, 8, 99 }, // U+2026
    { 0, 0, 0, 0, 0, 0, 107 }, // U+202A
    { 0, 0, 0, 0, 0, 0, 107 }, // U+202B
    { 0, 0, 0, 0, 0, 0, 107 }, // U+202C
    { 0, 0, 0, 0, 0, 0, 107 }, // U+202D
    { 0, 0, 0, 0, 0, 0, 107 }, // U+202E
    { 21, 12, 354, 1, 12, 63, 107 }, // U+2030
    { 5, 8, 94, 0, 9, 10, 170 }, // U+2039
    { 5, 8, 94, 0, 9, 10, 180 }, // U+203A
    { 10, 12, 156, 0, 12, 30, 190 }, // U+2044
    { 0, 0, 0, 0, 0, 0, 220 }, // U+2060
    { 0, 0, 0, 0, 0, 0, 220 }, // U+2061
    { 0, 0, 0, 0, 0, 0, 220 }, // U+2062
    { 0, 0, 0, 0, 0, 0, 220 }, // U+2063
    { 0, 0, 0, 0, 0, 0, 220 }, // U+2064
    { 0, 0, 0, 0, 0, 0, 220 }, // U+2066
    { 0, 0, 0, 0, 0, 0, 220 }, // U+2067
    { 0, 0, 0, 0, 0, 0, 220 }, // U+2068
    { 0, 0, 0, 0, 0, 0, 220 }, // U+2069
    { 0, 0, 0, 0, 0, 0, 220 }, // U+206A
    { 0, 0, 0, 0, 0, 0, 220 }, // U+206B
    { 0, 0, 0, 0, 0, 0, 220 }, // U+206C
    { 0, 0, 0, 0, 0, 0, 220 }, // U+206D
    { 0, 0, 0, 0, 0, 0, 220 }, // U+206E
    { 0, 0, 0, 0, 0, 0, 220 }, // U+206F
    { 7, 6, 110, 0, 13, 11, 0 }, // U+2074
    { 9, 15, 161, 1, 12, 34, 0 }, // U+20AB
    { 11, 12, 177, 0, 12, 33, 34 }, // U+20AC
    { 9, 13, 155, 0, 12, 30, 0 }, // U+2202
    { 9, 15, 156, 0, 12, 34, 30 }, // U+220F
    { 9, 15, 157, 0, 12, 34, 64 }, // U+2211
    { 10, 2, 161, 0, 5, 5, 98 }, // U+2212
    { 10, 12, 160, 0, 12, 30, 103 }, // U+2215
    { 4, 3, 63, 0, 6, 3, 133 }, // U+2219
    { 9, 15, 155, 0, 12, 34, 136 }, // U+221A
    { 12, 6, 206, 0, 7, 18, 170 }, // U+221E
    { 6, 14, 122, 1, 11, 21, 188 }, // U+222B
    { 9, 6, 155, 0, 7, 14, 209 }, // U+2248
    { 10, 9, 161, 0, 8, 23, 223 }, // U+2260
    { 8, 9, 154, 1, 9, 18, 246 }, // U+2264
    { 8, 9, 154, 1, 9, 18, 264 }, // U+2265
    { 9, 14, 153, 1, 14, 32, 0 }, // U+FB00
    { 8, 13, 141, 0, 13, 26, 32 }, // U+FB01
    { 9, 14, 147, 1, 14, 32, 58 }, // U+FB02
    { 13, 13, 211, 0, 13, 43, 90 }, // U+FB03
    { 14, 14, 217, 1, 14, 49, 133 }, // U+FB04
    { 8, 12, 140, 0, 12, 24, 0 }, // U+FFFD
};

static const EpdUnicodeInterval lexenddeca_8_regularIntervals[] = {
    { 0x0, 0x17F, 0x0 },
    { 0x1A0, 0x1A1, 0x180 },
    { 0x1AF, 0x1B0, 0x182 },
    { 0x1C4, 0x1CE, 0x184 },
    { 0x1D3, 0x1D4, 0x18F },
    { 0x1E6, 0x1E7, 0x191 },
    { 0x1EA, 0x1EB, 0x193 },
    { 0x1F1, 0x1F3, 0x195 },
    { 0x1FA, 0x1FF, 0x198 },
    { 0x218, 0x21B, 0x19E },
    { 0x21E, 0x21F, 0x1A2 },
    { 0x300, 0x304, 0x1A4 },
    { 0x306, 0x30C, 0x1A9 },
    { 0x31B, 0x31B, 0x1B0 },
    { 0x323, 0x323, 0x1B1 },
    { 0x326, 0x328, 0x1B2 },
    { 0x34F, 0x34F, 0x1B5 },
    { 0x1EA0, 0x1EF9, 0x1B6 },
    { 0x200B, 0x2010, 0x210 },
    { 0x2013, 0x2014, 0x216 },
    { 0x2018, 0x201A, 0x218 },
    { 0x201C, 0x201E, 0x21B },
    { 0x2020, 0x2022, 0x21E },
    { 0x2026, 0x2026, 0x221 },
    { 0x202A, 0x202E, 0x222 },
    { 0x2030, 0x2030, 0x227 },
    { 0x2039, 0x203A, 0x228 },
    { 0x2044, 0x2044, 0x22A },
    { 0x2060, 0x2064, 0x22B },
    { 0x2066, 0x206F, 0x230 },
    { 0x2074, 0x2074, 0x23A },
    { 0x20AB, 0x20AC, 0x23B },
    { 0x2202, 0x2202, 0x23D },
    { 0x220F, 0x220F, 0x23E },
    { 0x2211, 0x2212, 0x23F },
    { 0x2215, 0x2215, 0x241 },
    { 0x2219, 0x221A, 0x242 },
    { 0x221E, 0x221E, 0x244 },
    { 0x222B, 0x222B, 0x245 },
    { 0x2248, 0x2248, 0x246 },
    { 0x2260, 0x2260, 0x247 },
    { 0x2264, 0x2265, 0x248 },
    { 0xFB00, 0xFB04, 0x24A },
    { 0xFFFD, 0xFFFD, 0x24F },
};

static const EpdFontGroup lexenddeca_8_regularGroups[] = {
    { 0, 1406, 2321, 128, 0 },
    { 1406, 1416, 2767, 128, 128 },
    { 2822, 1818, 4472, 128, 256 },
    { 4640, 897, 1641, 36, 384 },
    { 5537, 88, 87, 18, 420 },
    { 5625, 1224, 3812, 90, 438 },
    { 6849, 173, 263, 42, 528 },
    { 7022, 14, 12, 1, 570 },
    { 7036, 76, 81, 2, 571 },
    { 7112, 225, 346, 13, 573 },
    { 7337, 116, 218, 5, 586 },
    { 7453, 27, 24, 1, 591 },
};

static const EpdKernClassEntry lexenddeca_8_regularKernLeftClasses[] = {
    { 0x0028, 1 }, // (
    { 0x002C, 2 }, // ,
    { 0x002D, 3 }, // -
    { 0x002E, 2 }, // .
    { 0x002F, 4 }, // /
    { 0x0030, 5 }, // 0
    { 0x0031, 6 }, // 1
    { 0x0032, 7 }, // 2
    { 0x0034, 8 }, // 4
    { 0x0035, 9 }, // 5
    { 0x0036, 10 }, // 6
    { 0x0037, 11 }, // 7
    { 0x0038, 12 }, // 8
    { 0x0039, 13 }, // 9
    { 0x0041, 14 }, // A
    { 0x0042, 15 }, // B
    { 0x0043, 16 }, // C
    { 0x0044, 17 }, // D
    { 0x0045, 18 }, // E
    { 0x0046, 19 }, // F
    { 0x0047, 20 }, // G
    { 0x0049, 21 }, // I
    { 0x004A, 22 }, // J
    { 0x004B, 23 }, // K
    { 0x004C, 24 }, // L
    { 0x004F, 17 }, // O
    { 0x0050, 25 }, // P
    { 0x0051, 26 }, // Q
    { 0x0052, 27 }, // R
    { 0x0053, 28 }, // S
    { 0x0054, 29 }, // T
    { 0x0055, 30 }, // U
    { 0x0056, 31 }, // V
    { 0x0057, 32 }, // W
    { 0x0058, 33 }, // X
    { 0x0059, 34 }, // Y
    { 0x005A, 35 }, // Z
    { 0x0061, 36 }, // a
    { 0x0062, 37 }, // b
    { 0x0063, 38 }, // c
    { 0x0065, 39 }, // e
    { 0x0066, 40 }, // f
    { 0x0067, 41 }, // g
    { 0x0068, 42 }, // h
    { 0x006A, 43 }, // j
    { 0x006B, 44 }, // k
    { 0x006C, 45 }, // l
    { 0x006D, 42 }, // m
    { 0x006E, 42 }, // n
    { 0x006F, 37 }, // o
    { 0x0070, 37 }, // p
    { 0x0071, 46 }, // q
    { 0x0072, 47 }, // r
    { 0x0073, 48 }, // s
    { 0x0074, 49 }, // t
    { 0x0075, 50 }, // u
    { 0x0076, 51 }, // v
    { 0x0077, 52 }, // w
    { 0x0078, 53 }, // x
    { 0x0079, 51 }, // y
    { 0x007A, 54 }, // z
    { 0x00C0, 14 }, // U+00C0
    { 0x00C1, 14 }, // U+00C1
    { 0x00C2, 14 }, // U+00C2
    { 0x00C3, 14 }, // U+00C3
    { 0x00C4, 14 }, // U+00C4
    { 0x00C5, 14 }, // U+00C5
    { 0x00C6, 18 }, // U+00C6
    { 0x00C7, 16 }, // U+00C7
    { 0x00C8, 18 }, // U+00C8
    { 0x00C9, 18 }, // U+00C9
    { 0x00CA, 18 }, // U+00CA
    { 0x00CB, 18 }, // U+00CB
    { 0x00CC, 21 }, // U+00CC
    { 0x00CD, 21 }, // U+00CD
    { 0x00CE, 21 }, // U+00CE
    { 0x00CF, 21 }, // U+00CF
    { 0x00D0, 17 }, // U+00D0
    { 0x00D2, 17 }, // U+00D2
    { 0x00D3, 17 }, // U+00D3
    { 0x00D4, 17 }, // U+00D4
    { 0x00D5, 17 }, // U+00D5
    { 0x00D6, 17 }, // U+00D6
    { 0x00D8, 17 }, // U+00D8
    { 0x00D9, 30 }, // U+00D9
    { 0x00DA, 30 }, // U+00DA
    { 0x00DB, 30 }, // U+00DB
    { 0x00DC, 30 }, // U+00DC
    { 0x00DD, 34 }, // U+00DD
    { 0x00E0, 42 }, // U+00E0
    { 0x00E1, 42 }, // U+00E1
    { 0x00E2, 42 }, // U+00E2
    { 0x00E3, 42 }, // U+00E3
    { 0x00E4, 42 }, // U+00E4
    { 0x00E5, 42 }, // U+00E5
    { 0x00E6, 39 }, // U+00E6
    { 0x00E7, 38 }, // U+00E7
    { 0x00E8, 39 }, // U+00E8
    { 0x00E9, 39 }, // U+00E9
    { 0x00EA, 39 }, // U+00EA
    { 0x00EB, 39 }, // U+00EB
    { 0x00F0, 17 }, // U+00F0
    { 0x00F1, 42 }, // U+00F1
    { 0x00F2, 37 }, // U+00F2
    { 0x00F3, 37 }, // U+00F3
    { 0x00F4, 37 }, // U+00F4
    { 0x00F5, 37 }, // U+00F5
    { 0x00F6, 37 }, // U+00F6
    { 0x00F8, 37 }, // U+00F8
    { 0x00F9, 50 }, // U+00F9
    { 0x00FA, 50 }, // U+00FA
    { 0x00FB, 50 }, // U+00FB
    { 0x00FC, 50 }, // U+00FC
    { 0x00FD, 51 }, // U+00FD
    { 0x00FE, 37 }, // U+00FE
    { 0x00FF, 51 }, // U+00FF
    { 0x0100, 14 }, // U+0100
    { 0x0101, 42 }, // U+0101
    { 0x0102, 14 }, // U+0102
    { 0x0103, 42 }, // U+0103
    { 0x0104, 14 }, // U+0104
    { 0x0105, 42 }, // U+0105
    { 0x0106, 16 }, // U+0106
    { 0x0107, 38 }, // U+0107
    { 0x0108, 16 }, // U+0108
    { 0x0109, 38 }, // U+0109
    { 0x010A, 16 }, // U+010A
    { 0x010B, 38 }, // U+010B
    { 0x010C, 16 }, // U+010C
    { 0x010D, 38 }, // U+010D
    { 0x010E, 17 }, // U+010E
    { 0x010F, 55 }, // U+010F
    { 0x0111, 40 }, // U+0111
    { 0x0112, 18 }, // U+0112
    { 0x0113, 39 }, // U+0113
    { 0x0114, 18 }, // U+0114
    { 0x0115, 39 }, // U+0115
    { 0x0116, 18 }, // U+0116
    { 0x0117, 39 }, // U+0117
    { 0x0118, 18 }, // U+0118
    { 0x0119, 39 }, // U+0119
    { 0x011A, 18 }, // U+011A
    { 0x011B, 39 }, // U+011B
    { 0x011C, 20 }, // U+011C
    { 0x011D, 41 }, // U+011D
    { 0x011E, 20 }, // U+011E
    { 0x011F, 41 }, // U+011F
    { 0x0120, 20 }, // U+0120
    { 0x0121, 41 }, // U+0121
    { 0x0122, 20 }, // U+0122
    { 0x0123, 41 }, // U+0123
    { 0x0125, 42 }, // U+0125
    { 0x0127, 42 }, // U+0127
    { 0x0128, 21 }, // U+0128
    { 0x012A, 21 }, // U+012A
    { 0x012C, 21 }, // U+012C
    { 0x012E, 21 }, // U+012E
    { 0x0130, 21 }, // U+0130
    { 0x0132, 22 }, // U+0132
    { 0x0133, 43 }, // U+0133
    { 0x0134, 22 }, // U+0134
    { 0x0135, 43 }, // U+0135
    { 0x0136, 23 }, // U+0136
    { 0x0137, 44 }, // U+0137
    { 0x0138, 44 }, // U+0138
    { 0x0139, 24 }, // U+0139
    { 0x013A, 56 }, // U+013A
    { 0x013B, 24 }, // U+013B
    { 0x013C, 56 }, // U+013C
    { 0x013E, 55 }, // U+013E
    { 0x013F, 24 }, // U+013F
    { 0x0140, 57 }, // U+0140
    { 0x0141, 24 }, // U+0141
    { 0x0142, 56 }, // U+0142
    { 0x0144, 42 }, // U+0144
    { 0x0146, 42 }, // U+0146
    { 0x0148, 42 }, // U+0148
    { 0x0149, 42 }, // U+0149
    { 0x014B, 42 }, // U+014B
    { 0x014C, 17 }, // U+014C
    { 0x014D, 37 }, // U+014D
    { 0x014E, 17 }, // U+014E
    { 0x014F, 37 }, // U+014F
    { 0x0150, 17 }, // U+0150
    { 0x0151, 37 }, // U+0151
    { 0x0152, 18 }, // U+0152
    { 0x0153, 39 }, // U+0153
    { 0x0154, 27 }, // U+0154
    { 0x0155, 47 }, // U+0155
    { 0x0156, 27 }, // U+0156
    { 0x0157, 47 }, // U+0157
    { 0x0158, 27 }, // U+0158
    { 0x0159, 47 }, // U+0159
    { 0x015A, 28 }, // U+015A
    { 0x015B, 48 }, // U+015B
    { 0x015C, 28 }, // U+015C
    { 0x015D, 48 }, // U+015D
    { 0x015E, 28 }, // U+015E
    { 0x015F, 48 }, // U+015F
    { 0x0160, 28 }, // U+0160
    { 0x0161, 48 }, // U+0161
    { 0x0162, 29 }, // U+0162
    { 0x0163, 49 }, // U+0163
    { 0x0164, 29 }, // U+0164
    { 0x0165, 55 }, // U+0165
    { 0x0166, 29 }, // U+0166
    { 0x0168, 30 }, // U+0168
    { 0x0169, 50 }, // U+0169
    { 0x016A, 30 }, // U+016A
    { 0x016B, 50 }, // U+016B
    { 0x016C, 30 }, // U+016C
    { 0x016D, 50 }, // U+016D
    { 0x016E, 30 }, // U+016E
    { 0x016F, 50 }, // U+016F
    { 0x0170, 30 }, // U+0170
    { 0x0171, 50 }, // U+0171
    { 0x0172, 30 }, // U+0172
    { 0x0173, 50 }, // U+0173
    { 0x0176, 34 }, // U+0176
    { 0x0177, 51 }, // U+0177
    { 0x0178, 34 }, // U+0178
    { 0x0179, 35 }, // U+0179
    { 0x017A, 54 }, // U+017A
    { 0x017B, 35 }, // U+017B
    { 0x017C, 54 }, // U+017C
    { 0x017D, 35 }, // U+017D
    { 0x017E, 54 }, // U+017E
    { 0x017F, 40 }, // U+017F
    { 0x01A0, 58 }, // U+01A0
    { 0x01A1, 59 }, // U+01A1
    { 0x01AF, 60 }, // U+01AF
    { 0x01B0, 61 }, // U+01B0
    { 0x01C4, 35 }, // U+01C4
    { 0x01C5, 54 }, // U+01C5
    { 0x01C6, 54 }, // U+01C6
    { 0x01C7, 22 }, // U+01C7
    { 0x01C8, 43 }, // U+01C8
    { 0x01C9, 43 }, // U+01C9
    { 0x01CA, 22 }, // U+01CA
    { 0x01CB, 43 }, // U+01CB
    { 0x01CC, 43 }, // U+01CC
    { 0x01CD, 14 }, // U+01CD
    { 0x01CE, 42 }, // U+01CE
    { 0x01D3, 30 }, // U+01D3
    { 0x01D4, 50 }, // U+01D4
    { 0x01E6, 20 }, // U+01E6
    { 0x01E7, 41 }, // U+01E7
    { 0x01EA, 17 }, // U+01EA
    { 0x01EB, 37 }, // U+01EB
    { 0x01F1, 35 }, // U+01F1
    { 0x01F2, 54 }, // U+01F2
    { 0x01F3, 54 }, // U+01F3
    { 0x01FA, 14 }, // U+01FA
    { 0x01FB, 42 }, // U+01FB
    { 0x01FC, 18 }, // U+01FC
    { 0x01FD, 39 }, // U+01FD
    { 0x01FE, 17 }, // U+01FE
    { 0x01FF, 37 }, // U+01FF
    { 0x0218, 28 }, // U+0218
    { 0x0219, 48 }, // U+0219
    { 0x021A, 29 }, // U+021A
    { 0x021B, 49 }, // U+021B
    { 0x021F, 42 }, // U+021F
    { 0x1EA0, 14 }, // U+1EA0
    { 0x1EA1, 42 }, // U+1EA1
    { 0x1EA2, 14 }, // U+1EA2
    { 0x1EA3, 42 }, // U+1EA3
    { 0x1EA4, 14 }, // U+1EA4
    { 0x1EA5, 42 }, // U+1EA5
    { 0x1EA6, 14 }, // U+1EA6
    { 0x1EA7, 42 }, // U+1EA7
    { 0x1EA8, 14 }, // U+1EA8
    { 0x1EA9, 42 }, // U+1EA9
    { 0x1EAA, 14 }, // U+1EAA
    { 0x1EAB, 42 }, // U+1EAB
    { 0x1EAC, 14 }, // U+1EAC
    { 0x1EAD, 42 }, // U+1EAD
    { 0x1EAE, 14 }, // U+1EAE
    { 0x1EAF, 42 }, // U+1EAF
    { 0x1EB0, 14 }, // U+1EB0
    { 0x1EB1, 42 }, // U+1EB1
    { 0x1EB2, 14 }, // U+1EB2
    { 0x1EB3, 42 }, // U+1EB3
    { 0x1EB4, 14 }, // U+1EB4
    { 0x1EB5, 42 }, // U+1EB5
    { 0x1EB6, 14 }, // U+1EB6
    { 0x1EB7, 42 }, // U+1EB7
    { 0x1EB8, 18 }, // U+1EB8
    { 0x1EB9, 39 }, // U+1EB9
    { 0x1EBA, 18 }, // U+1EBA
    { 0x1EBB, 39 }, // U+1EBB
    { 0x1EBC, 18 }, // U+1EBC
    { 0x1EBD, 39 }, // U+1EBD
    { 0x1EBE, 18 }, // U+1EBE
    { 0x1EC0, 18 }, // U+1EC0
    { 0x1EC2, 18 }, // U+1EC2
    { 0x1EC4, 18 }, // U+1EC4
    { 0x1EC6, 18 }, // U+1EC6
    { 0x1EC7, 39 }, // U+1EC7
    { 0x1EC8, 21 }, // U+1EC8
    { 0x1ECA, 21 }, // U+1ECA
    { 0x1ECC, 17 }, // U+1ECC
    { 0x1ECD, 37 }, // U+1ECD
    { 0x1ECE, 17 }, // U+1ECE
    { 0x1ECF, 37 }, // U+1ECF
    { 0x1ED0, 17 }, // U+1ED0
    { 0x1ED2, 17 }, // U+1ED2
    { 0x1ED4, 17 }, // U+1ED4
    { 0x1ED6, 17 }, // U+1ED6
    { 0x1ED7, 37 }, // U+1ED7
    { 0x1ED8, 17 }, // U+1ED8
    { 0x1ED9, 37 }, // U+1ED9
    { 0x1EDA, 58 }, // U+1EDA
    { 0x1EDB, 59 }, // U+1EDB
    { 0x1EDC, 58 }, // U+1EDC
    { 0x1EDD, 59 }, // U+1EDD
    { 0x1EDE, 58 }, // U+1EDE
    { 0x1EDF, 59 }, // U+1EDF
    { 0x1EE0, 58 }, // U+1EE0
    { 0x1EE1, 59 }, // U+1EE1
    { 0x1EE2, 58 }, // U+1EE2
    { 0x1EE3, 59 }, // U+1EE3
    { 0x1EE8, 60 }, // U+1EE8
    { 0x1EE9, 61 }, // U+1EE9
    { 0x1EEA, 60 }, // U+1EEA
    { 0x1EEB, 61 }, // U+1EEB
    { 0x1EEC, 60 }, // U+1EEC
    { 0x1EED, 61 }, // U+1EED
    { 0x1EEE, 60 }, // U+1EEE
    { 0x1EEF, 61 }, // U+1EEF
    { 0x1EF0, 60 }, // U+1EF0
    { 0x1EF1, 61 }, // U+1EF1
    { 0x1EF2, 34 }, // U+1EF2
    { 0x1EF3, 51 }, // U+1EF3
    { 0x1EF4, 34 }, // U+1EF4
    { 0x1EF5, 51 }, // U+1EF5
    { 0x1EF6, 34 }, // U+1EF6
    { 0x1EF7, 51 }, // U+1EF7
    { 0x1EF8, 34 }, // U+1EF8
    { 0x1EF9, 51 }, // U+1EF9
    { 0x2013, 3 }, // U+2013
    { 0x2014, 3 }, // U+2014
    { 0x2019, 62 }, // U+2019
    { 0x201A, 2 }, // U+201A
    { 0x201D, 62 }, // U+201D
    { 0x201E, 2 }, // U+201E
    { 0x2026, 2 }, // U+2026
    { 0x20AB, 40 }, // U+20AB
    { 0xFB00, 40 }, // U+FB00
    { 0xFB02, 56 }, // U+FB02
    { 0xFB04, 56 }, // U+FB04
};

static const EpdKernClassEntry lexenddeca_8_regularKernRightClasses[] = {
    { 0x0025, 1 }, // %
    { 0x0029, 2 }, // )
    { 0x002C, 3 }, // ,
    { 0x002D, 4 }, // -
    { 0x002E, 3 }, // .
    { 0x002F, 5 }, // /
    { 0x0031, 6 }, // 1
    { 0x0032, 7 }, // 2
    { 0x0034, 8 }, // 4
    { 0x0035, 9 }, // 5
    { 0x0037, 10 }, // 7
    { 0x0038, 11 }, // 8
    { 0x0039, 12 }, // 9
    { 0x0041, 13 }, // A
    { 0x0043, 14 }, // C
    { 0x0047, 14 }, // G
    { 0x0049, 15 }, // I
    { 0x004A, 16 }, // J
    { 0x004F, 14 }, // O
    { 0x0051, 14 }, // Q
    { 0x0053, 17 }, // S
    { 0x0054, 18 }, // T
    { 0x0055, 19 }, // U
    { 0x0056, 20 }, // V
    { 0x0057, 21 }, // W
    { 0x0058, 22 }, // X
    { 0x0059, 23 }, // Y
    { 0x005A, 24 }, // Z
    { 0x0061, 25 }, // a
    { 0x0063, 26 }, // c
    { 0x0064, 26 }, // d
    { 0x0065, 26 }, // e
    { 0x0066, 27 }, // f
    { 0x0067, 28 }, // g
    { 0x0068, 29 }, // h
    { 0x0069, 30 }, // i
    { 0x006A, 31 }, // j
    { 0x006B, 29 }, // k
    { 0x006C, 32 }, // l
    { 0x006D, 33 }, // m
    { 0x006E, 33 }, // n
    { 0x006F, 26 }, // o
    { 0x0070, 34 }, // p
    { 0x0071, 26 }, // q
    { 0x0072, 33 }, // r
    { 0x0073, 35 }, // s
    { 0x0074, 36 }, // t
    { 0x0075, 37 }, // u
    { 0x0076, 38 }, // v
    { 0x0077, 39 }, // w
    { 0x0078, 40 }, // x
    { 0x0079, 38 }, // y
    { 0x007A, 41 }, // z
    { 0x00B0, 42 }, // U+00B0
    { 0x00C0, 13 }, // U+00C0
    { 0x00C1, 13 }, // U+00C1
    { 0x00C2, 13 }, // U+00C2
    { 0x00C3, 13 }, // U+00C3
    { 0x00C4, 13 }, // U+00C4
    { 0x00C5, 13 }, // U+00C5
    { 0x00C6, 43 }, // U+00C6
    { 0x00C7, 14 }, // U+00C7
    { 0x00CC, 15 }, // U+00CC
    { 0x00CD, 15 }, // U+00CD
    { 0x00CE, 15 }, // U+00CE
    { 0x00CF, 15 }, // U+00CF
    { 0x00D2, 14 }, // U+00D2
    { 0x00D3, 14 }, // U+00D3
    { 0x00D4, 14 }, // U+00D4
    { 0x00D5, 14 }, // U+00D5
    { 0x00D6, 14 }, // U+00D6
    { 0x00D8, 14 }, // U+00D8
    { 0x00D9, 19 }, // U+00D9
    { 0x00DA, 19 }, // U+00DA
    { 0x00DB, 19 }, // U+00DB
    { 0x00DC, 19 }, // U+00DC
    { 0x00DD, 23 }, // U+00DD
    { 0x00E0, 25 }, // U+00E0
    { 0x00E1, 25 }, // U+00E1
    { 0x00E2, 25 }, // U+00E2
    { 0x00E3, 25 }, // U+00E3
    { 0x00E4, 25 }, // U+00E4
    { 0x00E5, 25 }, // U+00E5
    { 0x00E6, 25 }, // U+00E6
    { 0x00E7, 26 }, // U+00E7
    { 0x00E8, 26 }, // U+00E8
    { 0x00E9, 26 }, // U+00E9
    { 0x00EA, 26 }, // U+00EA
    { 0x00EB, 26 }, // U+00EB
    { 0x00EC, 30 }, // U+00EC
    { 0x00ED, 30 }, // U+00ED
    { 0x00EE, 30 }, // U+00EE
    { 0x00EF, 30 }, // U+00EF
    { 0x00F0, 26 }, // U+00F0
    { 0x00F1, 33 }, // U+00F1
    { 0x00F2, 26 }, // U+00F2
    { 0x00F3, 26 }, // U+00F3
    { 0x00F4, 26 }, // U+00F4
    { 0x00F5, 26 }, // U+00F5
    { 0x00F6, 26 }, // U+00F6
    { 0x00F8, 26 }, // U+00F8
    { 0x00F9, 37 }, // U+00F9
    { 0x00FA, 37 }, // U+00FA
    { 0x00FB, 37 }, // U+00FB
    { 0x00FC, 37 }, // U+00FC
    { 0x00FD, 38 }, // U+00FD
    { 0x00FF, 38 }, // U+00FF
    { 0x0100, 13 }, // U+0100
    { 0x0101, 25 }, // U+0101
    { 0x0102, 13 }, // U+0102
    { 0x0103, 25 }, // U+0103
    { 0x0104, 13 }, // U+0104
    { 0x0105, 25 }, // U+0105
    { 0x0106, 14 }, // U+0106
    { 0x0107, 26 }, // U+0107
    { 0x0108, 14 }, // U+0108
    { 0x0109, 26 }, // U+0109
    { 0x010A, 14 }, // U+010A
    { 0x010B, 26 }, // U+010B
    { 0x010C, 14 }, // U+010C
    { 0x010D, 26 }, // U+010D
    { 0x010F, 26 }, // U+010F
    { 0x0111, 26 }, // U+0111
    { 0x0113, 26 }, // U+0113
    { 0x0115, 26 }, // U+0115
    { 0x0117, 26 }, // U+0117
    { 0x0119, 26 }, // U+0119
    { 0x011B, 26 }, // U+011B
    { 0x011C, 14 }, // U+011C
    { 0x011D, 28 }, // U+011D
    { 0x011E, 14 }, // U+011E
    { 0x011F, 28 }, // U+011F
    { 0x0120, 14 }, // U+0120
    { 0x0121, 28 }, // U+0121
    { 0x0122, 14 }, // U+0122
    { 0x0123, 28 }, // U+0123
    { 0x0125, 29 }, // U+0125
    { 0x0127, 29 }, // U+0127
    { 0x0128, 15 }, // U+0128
    { 0x0129, 30 }, // U+0129
    { 0x012A, 15 }, // U+012A
    { 0x012B, 30 }, // U+012B
    { 0x012C, 15 }, // U+012C
    { 0x012D, 30 }, // U+012D
    { 0x012E, 15 }, // U+012E
    { 0x012F, 30 }, // U+012F
    { 0x0130, 15 }, // U+0130
    { 0x0131, 30 }, // U+0131
    { 0x0132, 15 }, // U+0132
    { 0x0133, 30 }, // U+0133
    { 0x0134, 16 }, // U+0134
    { 0x0135, 31 }, // U+0135
    { 0x0137, 29 }, // U+0137
    { 0x0138, 29 }, // U+0138
    { 0x013A, 32 }, // U+013A
    { 0x013C, 32 }, // U+013C
    { 0x013E, 32 }, // U+013E
    { 0x0140, 32 }, // U+0140
    { 0x0142, 32 }, // U+0142
    { 0x0144, 33 }, // U+0144
    { 0x0146, 33 }, // U+0146
    { 0x0148, 33 }, // U+0148
    { 0x014B, 33 }, // U+014B
    { 0x014C, 14 }, // U+014C
    { 0x014D, 26 }, // U+014D
    { 0x014E, 14 }, // U+014E
    { 0x014F, 26 }, // U+014F
    { 0x0150, 14 }, // U+0150
    { 0x0151, 26 }, // U+0151
    { 0x0152, 14 }, // U+0152
    { 0x0153, 26 }, // U+0153
    { 0x0155, 33 }, // U+0155
    { 0x0157, 33 }, // U+0157
    { 0x0159, 33 }, // U+0159
    { 0x015A, 17 }, // U+015A
    { 0x015B, 35 }, // U+015B
    { 0x015C, 17 }, // U+015C
    { 0x015D, 35 }, // U+015D
    { 0x015E, 17 }, // U+015E
    { 0x015F, 35 }, // U+015F
    { 0x0160, 17 }, // U+0160
    { 0x0161, 35 }, // U+0161
    { 0x0162, 44 }, // U+0162
    { 0x0163, 36 }, // U+0163
    { 0x0164, 44 }, // U+0164
    { 0x0165, 36 }, // U+0165
    { 0x0166, 44 }, // U+0166
    { 0x0167, 36 }, // U+0167
    { 0x0168, 19 }, // U+0168
    { 0x0169, 37 }, // U+0169
    { 0x016A, 19 }, // U+016A
    { 0x016B, 37 }, // U+016B
    { 0x016C, 19 }, // U+016C
    { 0x016D, 37 }, // U+016D
    { 0x016E, 19 }, // U+016E
    { 0x016F, 37 }, // U+016F
    { 0x0170, 19 }, // U+0170
    { 0x0171, 37 }, // U+0171
    { 0x0172, 19 }, // U+0172
    { 0x0173, 37 }, // U+0173
    { 0x0176, 23 }, // U+0176
    { 0x0177, 38 }, // U+0177
    { 0x0178, 23 }, // U+0178
    { 0x0179, 24 }, // U+0179
    { 0x017A, 41 }, // U+017A
    { 0x017B, 24 }, // U+017B
    { 0x017C, 41 }, // U+017C
    { 0x017D, 24 }, // U+017D
    { 0x017E, 41 }, // U+017E
    { 0x017F, 27 }, // U+017F
    { 0x01A0, 14 }, // U+01A0
    { 0x01A1, 26 }, // U+01A1
    { 0x01C6, 26 }, // U+01C6
    { 0x01C9, 32 }, // U+01C9
    { 0x01CC, 33 }, // U+01CC
    { 0x01CD, 13 }, // U+01CD
    { 0x01CE, 25 }, // U+01CE
    { 0x01D3, 19 }, // U+01D3
    { 0x01D4, 37 }, // U+01D4
    { 0x01E6, 14 }, // U+01E6
    { 0x01E7, 28 }, // U+01E7
    { 0x01EA, 14 }, // U+01EA
    { 0x01EB, 26 }, // U+01EB
    { 0x01F3, 26 }, // U+01F3
    { 0x01FA, 13 }, // U+01FA
    { 0x01FB, 25 }, // U+01FB
    { 0x01FC, 43 }, // U+01FC
    { 0x01FD, 25 }, // U+01FD
    { 0x01FE, 14 }, // U+01FE
    { 0x01FF, 26 }, // U+01FF
    { 0x0218, 17 }, // U+0218
    { 0x0219, 35 }, // U+0219
    { 0x021A, 44 }, // U+021A
    { 0x021B, 36 }, // U+021B
    { 0x021F, 29 }, // U+021F
    { 0x1EA0, 13 }, // U+1EA0
    { 0x1EA1, 25 }, // U+1EA1
    { 0x1EA2, 13 }, // U+1EA2
    { 0x1EA3, 25 }, // U+1EA3
    { 0x1EA4, 13 }, // U+1EA4
    { 0x1EA5, 25 }, // U+1EA5
    { 0x1EA6, 13 }, // U+1EA6
    { 0x1EA7, 25 }, // U+1EA7
    { 0x1EA8, 13 }, // U+1EA8
    { 0x1EA9, 25 }, // U+1EA9
    { 0x1EAA, 13 }, // U+1EAA
    { 0x1EAB, 25 }, // U+1EAB
    { 0x1EAC, 13 }, // U+1EAC
    { 0x1EAD, 25 }, // U+1EAD
    { 0x1EAE, 13 }, // U+1EAE
    { 0x1EAF, 25 }, // U+1EAF
    { 0x1EB0, 13 }, // U+1EB0
    { 0x1EB1, 25 }, // U+1EB1
    { 0x1EB2, 13 }, // U+1EB2
    { 0x1EB3, 25 }, // U+1EB3
    { 0x1EB4, 13 }, // U+1EB4
    { 0x1EB5, 25 }, // U+1EB5
    { 0x1EB6, 13 }, // U+1EB6
    { 0x1EB7, 25 }, // U+1EB7
    { 0x1EB9, 26 }, // U+1EB9
    { 0x1EBB, 26 }, // U+1EBB
    { 0x1EBD, 26 }, // U+1EBD
    { 0x1EBF, 26 }, // U+1EBF
    { 0x1EC1, 26 }, // U+1EC1
    { 0x1EC3, 26 }, // U+1EC3
    { 0x1EC5, 26 }, // U+1EC5
    { 0x1EC7, 26 }, // U+1EC7
    { 0x1EC8, 15 }, // U+1EC8
    { 0x1EC9, 30 }, // U+1EC9
    { 0x1ECA, 15 }, // U+1ECA
    { 0x1ECB, 30 }, // U+1ECB
    { 0x1ECC, 14 }, // U+1ECC
    { 0x1ECD, 26 }, // U+1ECD
    { 0x1ECE, 14 }, // U+1ECE
    { 0x1ECF, 26 }, // U+1ECF
    { 0x1ED0, 14 }, // U+1ED0
    { 0x1ED1, 26 }, // U+1ED1
    { 0x1ED2, 14 }, // U+1ED2
    { 0x1ED3, 26 }, // U+1ED3
    { 0x1ED4, 14 }, // U+1ED4
    { 0x1ED5, 26 }, // U+1ED5
    { 0x1ED6, 14 }, // U+1ED6
    { 0x1ED7, 26 }, // U+1ED7
    { 0x1ED8, 14 }, // U+1ED8
    { 0x1ED9, 26 }, // U+1ED9
    { 0x1EDA, 14 }, // U+1EDA
    { 0x1EDB, 26 }, // U+1EDB
    { 0x1EDC, 14 }, // U+1EDC
    { 0x1EDD, 26 }, // U+1EDD
    { 0x1EDE, 14 }, // U+1EDE
    { 0x1EDF, 26 }, // U+1EDF
    { 0x1EE0, 14 }, // U+1EE0
    { 0x1EE1, 26 }, // U+1EE1
    { 0x1EE2, 14 }, // U+1EE2
    { 0x1EE3, 26 }, // U+1EE3
    { 0x1EE4, 19 }, // U+1EE4
    { 0x1EE5, 37 }, // U+1EE5
    { 0x1EE6, 19 }, // U+1EE6
    { 0x1EE7, 37 }, // U+1EE7
    { 0x1EE8, 19 }, // U+1EE8
    { 0x1EE9, 37 }, // U+1EE9
    { 0x1EEA, 19 }, // U+1EEA
    { 0x1EEB, 37 }, // U+1EEB
    { 0x1EEC, 19 }, // U+1EEC
    { 0x1EED, 37 }, // U+1EED
    { 0x1EEE, 19 }, // U+1EEE
    { 0x1EEF, 37 }, // U+1EEF
    { 0x1EF0, 19 }, // U+1EF0
    { 0x1EF1, 37 }, // U+1EF1
    { 0x1EF2, 23 }, // U+1EF2
    { 0x1EF3, 38 }, // U+1EF3
    { 0x1EF4, 23 }, // U+1EF4
    { 0x1EF5, 38 }, // U+1EF5
    { 0x1EF6, 23 }, // U+1EF6
    { 0x1EF7, 38 }, // U+1EF7
    { 0x1EF8, 23 }, // U+1EF8
    { 0x1EF9, 38 }, // U+1EF9
    { 0x2013, 4 }, // U+2013
    { 0x2014, 4 }, // U+2014
    { 0x2019, 45 }, // U+2019
    { 0x201A, 3 }, // U+201A
    { 0x201D, 45 }, // U+201D
    { 0x201E, 3 }, // U+201E
    { 0x2026, 3 }, // U+2026
    { 0x2030, 1 }, // U+2030
    { 0x20AB, 26 }, // U+20AB
    { 0x2202, 26 }, // U+2202
    { 0xFB00, 27 }, // U+FB00
    { 0xFB03, 27 }, // U+FB03
    { 0xFB04, 27 }, // U+FB04
};

static const int8_t lexenddeca_8_regularKernMatrix[] = {
       0,    0,    0,    0,    0,    0,    0,    0,    0,    8,    0,    0,    0,    0,    0,    0,    0,    0,    0,    0,    0,    0,    0,    0,    0,    0,    0,    0,    0,    0,    0,    0,    0,    0,    0,    0,    0,    0,    0,    0,    0,    0,    0,    0,    0,
       0,    0,    0,    0,    0,    0,    0,    0,    0,    0,    0,    0,    0,    0,    0,    0,    0,    0,    0,    0,    0,    0,    0,    0,    0,    0,    0,   -6,    0,    0,    0,    0,    0,    0,    0,    0,    0,    0,    0,    0,    0,    0,    0,    0,    0,
       0,    0,    0,    0,    0,  -13,   -8,    8,    0,  -15,    0,    0,    0,    0,    0,    0,    0,    0,    0,    0,    0,    0,    0,    0,    0,    0,    0,    0,    0,    0,    0,    0,    0,    0,    0,    0,    0,    0,    0,    0,    0,    0,    0,    0,    0,
       0,    0,    0,    0,  -25,    0,    0,    0,    0,    0,    0,    0,    0,    0,    0,    0,    0,    0,    0,    0,    0,    0,    0,    0,    0,    0,    0,    0,    0,    0,    0,    0,    0,    0,    0,    0,    0,    0,    0,    0,    0,    0,    0,    0,    0,
       0,    0,    0,    0,    0,    0,   -5,    0,    0,    0,    0,    0,    0,    0,    0,    0,    0,    0,    0,    0,    0,    0,    0,    0,    0,    0,    0,    0,    0,    0,    0,    0,    0,    0,    0,    0,    0,    0,    0,    0,    0,    0,    0,    0,    0,
       0,    4,    0,    0,    0,    0,    0,    0,    0,    0,    0,    0,    0,    0,    0,    0,    0,    0,    0,    0,    0,    0,    0,    0,    0,    0,    0,    0,    0,    0,    0,    0,    0,    0,    0,    0,    0,    0,    0,    0,    0,    0,    0,    0,    0,
       0,    0,    0,    0,    0,    0,    0,   -2,    0,    0,    0,    0,    0,    0,    0,    0,    0,    0,    0,    0,    0,    0,    0,    0,    0,    0,    0,    0,    0,    0,    0,    0,    0,    0,    0,    0,    0,    0,    0,    0,    0,    0,    0,    0,    0,
       0,    0,    0,    0,    0,    0,    0,    0,   -5,    0,    0,   -6,    0,    0,    0,    0,    0,    0,    0,    0,    0,    0,    0,    0,    0,    0,    0,    0,    0,    0,    0,    0,    0,    0,    0,    0,    0,    0,    0,    0,    0,  -20,    0,    0,    0,
       0,    0,    0,    0,    0,    0,    0,    0,    0,    0,    0,   -4,    0,    0,    0,    0,    0,    0,    0,    0,    0,    0,    0,    0,    0,    0,    0,    0,    0,    0,    0,    0,    0,    0,    0,    0,    0,    0,    0,    0,    0,    0,    0,    0,    0,
       0,    0,    0,    0,    0,   -6,   -5,    0,    0,    0,    0,    0,    0,    0,    0,    0,    0,    0,    0,    0,    0,    0,    0,    0,    0,    0,    0,    0,    0,    0,    0,    0,    0,    0,    0,    0,    0,    0,    0,    0,    0,    0,    0,    0,    0,
       8,    0,    0,  -15,    0,    7,    0,  -13,    0,   10,  -13,    0,    0,    0,    0,    0,    0,    0,    0,    0,    0,    0,    0,    0,    0,    0,    0,    0,    0,    0,    0,    0,    0,    0,    0,    0,    0,    0,    0,    0,    0,    0,    0,    0,    0,
      -9,    0,    0,    0,    0,   -7,    0,    0,    0,   -5,    0,   -6,    0,    0,    0,    0,    0,    0,    0,    0,    0,    0,    0,    0,    0,    0,    0,    0,    0,    0,    0,    0,    0,    0,    0,    0,    0,    0,    0,    0,    0,   -7,    0,    0,    0,
       0,    0,    0,    0,    0,    0,    0,   -6,    0,   -5,   -6,    0,    0,    0,    0,    0,    0,    0,    0,    0,    0,    0,    0,    0,    0,    0,    0,    0,    0,    0,    0,    0,    0,    0,    0,    0,    0,    0,    0,    0,    0,    0,    0,    0,    0,
       0,    0,    0,    0,    0,    0,    0,    0,    0,    0,    0,    0,    5,  -10,    0,    0,    0,  -18,   -7,  -18,  -13,    0,  -18,    0,    0,    0,    0,    0,    0,    0,    0,   -6,    0,    0,    0,   -7,   -6,  -11,  -12,    5,    0,    0,    0,  -18,    0,
       0,    0,    0,    0,    0,    0,    0,    0,    0,    0,    0,    0,   -5,    0,    0,    0,    0,    0,    0,   -5,    0,   -5,   -7,    0,   -4,    0,    0,    0,    0,    0,    0,    0,    0,    0,    0,    0,    0,    0,    0,    0,    0,    0,  -11,    0,    0,
       0,    0,    0,    0,    0,    0,    0,    0,    0,    0,    0,    0,    0,   -5,    0,    0,    0,    0,    0,    0,    0,    0,   -6,    0,    0,    0,    0,    0,    0,    0,    0,    0,    0,    0,    0,    0,    0,    0,    0,    0,    0,    0,  -11,    0,    0,
       0,    0,    0,    0,    0,    0,    0,    0,    0,    0,    0,    0,  -10,    0,   -7,    0,    0,  -10,    0,   -7,   -5,   -5,  -13,   -5,   -7,    0,    0,    0,    0,    0,    0,    0,    0,    0,    0,    0,    0,    0,    0,    0,   -5,    0,  -19,  -10,    0,
       0,    0,    0,    0,    0,    0,    0,    0,    0,    0,    0,    0,    0,   -5,    0,    0,    0,    0,    0,    5,    5,    0,    0,    0,    0,    0,    0,    0,    0,    0,    0,    0,    0,    0,    0,    0,    0,    0,    0,    0,    0,    0,    0,    0,    0,
       0,    0,    0,    0,    0,    0,    0,    0,    0,    0,    0,    0,  -10,    0,    0,   -9,    0,    6,    0,    0,    0,    0,    0,    0,   -6,    0,    0,    0,    0,    0,    0,    0,    0,    0,    0,    0,    0,    0,    0,    0,    0,    0,  -30,    6,    0,
       0,    0,    0,    0,    0,    0,    0,    0,    0,    0,    0,    0,    0,    0,    0,    0,    0,   -5,    0,   -7,    0,    0,  -13,    0,    0,    0,    0,    0,    0,    0,    0,    0,    0,    0,    0,    0,    0,    0,    0,    0,    0,    0,    0,   -5,    0,
       0,    0,    0,    0,    0,    0,    0,    0,    0,    0,    0,    0,    0,   -7,    0,    0,    0,    0,    0,    0,    0,    0,    0,    0,    0,    0,   -6,    0,    0,    0,    0,    0,    0,    0,    0,   -7,    0,    0,    0,    0,    0,    0,   -7,    0,    0,
       0,    0,    0,    0,    0,    0,    0,    0,    0,    0,    0,    0,   -7,    0,    0,    0,    0,    0,    0,    0,    0,    0,    0,    0,    0,    0,    0,    0,    0,    0,    0,    0,    0,    0,    0,    0,    0,    0,    0,    0,    0,    0,    0,    0,    0,
       0,    0,    0,    0,    0,    0,    0,    0,    0,    0,    0,    0,    0,  -13,    0,    0,    0,    0,    0,    0,    0,    0,    0,    0,    0,   -5,    0,    0,    0,    0,    0,    0,    0,    0,    0,    0,  -11,  -13,  -13,    0,    0,    0,    0,    0,    0,
       0,    0,    0,    0,    0,    0,    0,    0,    0,    0,    0,    0,    7,  -10,    0,    7,    0,  -28,   -6,  -18,  -10,    7,  -23,    0,    0,    0,    0,    0,    0,   -5,    0,    0,    0,    0,    0,    0,    0,  -10,  -13,    7,    0,    0,    0,  -28,    0,
       0,    0,    0,    0,    0,    0,    0,    0,    0,    0,    0,    0,  -22,    0,    0,  -18,    0,    0,    0,    0,    0,   -8,   -5,   -5,   -7,    0,    0,    0,    0,    0,    0,    0,    0,    0,   -5,    0,    0,    0,    0,    0,    0,    0,  -39,    0,    0,
       0,    0,    0,    0,    0,    0,    0,    0,    0,    0,    0,    0,    7,    0,    0,    0,    0,    0,   -2,    0,    0,    5,  -10,    0,    0,    0,    0,    0,    0,    0,    0,    0,    0,    0,    0,    0,    0,    0,    0,    5,    5,    0,    0,    0,    0,
       0,    0,    0,    0,    0,    0,    0,    0,    0,    0,    0,    0,    5,   -6,    0,    0,    0,    0,    0,    0,    0,    0,   -4,    0,    0,    0,    0,   -5,    0,    0,    0,    0,    0,    0,    0,    0,   -5,    0,    0,    0,    0,    0,    0,    0,    0,
       0,    0,    0,    0,    0,    0,    0,    0,    0,    0,    0,    0,    0,    0,    0,    0,    0,    0,    0,    0,   -5,    0,   -4,    0,    0,    0,    0,    0,    0,    0,    0,    0,    0,    0,    0,    0,    0,    0,    0,    0,    0,    0,   -7,    0,    0,
       0,    0,    0,    0,    0,    0,    0,    0,    0,    0,    0,    0,  -18,  -10,    0,  -28,    0,    6,    0,   10,    7,    0,    5,    0,  -22,  -23,    5,  -21,    0,    0,    0,    0,  -20,  -20,  -15,    0,  -21,   -3,   -3,   -5,  -16,    0,  -33,    6,    0,
       0,    0,    0,    0,    0,    0,    0,    0,    0,    0,    0,    0,   -7,    0,    0,    0,    0,    0,    0,    0,    0,    0,    0,    0,    0,    0,    0,    0,    0,    0,    0,    0,    0,    0,    0,    0,    0,    0,    0,    0,    0,    0,  -24,    0,    0,
       0,    0,    0,    0,    0,    0,    0,    0,    0,    0,    0,    0,  -18,   -7,    0,  -10,    0,   10,    0,    5,    5,    0,    5,    0,  -10,  -13,    0,  -10,    0,    0,    0,    0,   -5,   -5,   -5,    0,    0,    0,    0,    0,    0,    0,  -25,   10,    0,
       0,    0,    0,    0,    0,    0,    0,    0,    0,    0,    0,    0,  -13,   -5,    0,   -7,    0,    7,    0,    5,    5,    0,    0,    0,   -7,   -6,    0,   -7,    0,    0,    0,    0,    0,    0,    0,    0,    0,    0,    0,    0,    0,    0,  -23,    7,    0,
       0,    0,    0,    0,    0,    0,    0,    0,    0,    0,    0,    0,    0,   -7,    0,    0,    0,    0,    0,    0,    0,    0,    0,    0,   -5,   -5,    0,   -5,    0,    0,    0,    0,    0,    0,    0,    0,   -7,   -5,    0,    0,    0,    0,    0,    0,    0,
       0,    0,    0,    0,    0,    0,    0,    0,    0,    0,    0,    0,  -18,  -13,    0,  -15,    0,    5,    0,    5,    0,    0,    0,    0,  -20,  -23,    0,  -23,    0,    0,    0,    0,  -12,  -12,  -15,    0,  -10,    0,    0,   -5,   -5,    0,  -43,    5,    0,
       0,    0,    0,    0,    0,    0,    0,    0,    0,    0,    0,    0,    0,   -7,    0,    0,    0,    0,    0,    0,    0,    0,    0,    0,    0,    0,    0,   -7,    0,    0,    0,    0,    0,    0,    0,   -7,    0,    0,    0,    0,    0,    0,    0,    0,    0,
       0,    0,    0,    0,    0,    0,    0,    0,    0,    0,    0,    0,    0,    0,    0,    0,    0,  -22,    0,    0,    0,    0,  -15,    0,    0,    0,    0,    0,    0,    0,    0,    0,    0,    0,    0,    0,    0,    0,    0,    0,    0,    0,    0,  -22,    0,
       0,    0,    0,    0,    0,    0,    0,    0,    0,    0,    0,    0,    0,    0,    0,    0,    0,  -23,    0,  -13,   -6,   -5,  -23,    0,    0,    0,    0,    0,    0,    0,    0,    0,    0,    0,    0,    0,    0,    0,    0,    0,    0,    0,  -11,  -23,    0,
       0,    0,    0,    0,    0,    0,    0,    0,    0,    0,    0,    0,    0,    0,    0,    0,    0,  -18,    0,    0,   -7,    0,  -20,    0,    0,    0,    0,    0,    0,    0,    0,    0,    0,    0,    0,    0,    0,    0,    0,    0,    0,    0,   -3,  -18,    0,
       0,    0,    0,    0,    0,    0,    0,    0,    0,    0,    0,    0,    0,    0,    0,    0,    0,  -18,    0,  -10,   -7,   -5,  -20,    0,    0,    0,    0,    0,    0,    0,    0,    0,    0,    0,    0,    0,    0,    0,    0,    0,    0,    0,   -8,  -18,    0,
       0,    0,    0,    0,    0,    0,    0,    0,    0,    0,    0,    0,    0,    0,    0,    0,    0,    7,    0,    0,    5,    0,    0,    0,   -8,   -6,    0,    0,    0,    0,    0,    0,    0,    0,    0,    0,    0,    0,    0,    0,    0,    0,  -22,    7,    0,
       0,    0,    0,    0,    0,    0,    0,    0,    0,    0,    0,    0,    0,    0,    0,    0,    0,  -20,    0,    0,    0,    0,  -13,    0,    0,    0,    0,    0,    0,    0,    0,    0,    0,    0,    0,    0,    0,    0,    0,    0,    0,    0,    0,  -20,    0,
       0,    0,    0,    0,    0,    0,    0,    0,    0,    0,    0,    0,    0,    0,    0,    0,    0,  -26,    0,   -6,   -7,    0,  -18,    0,    0,   -3,    0,   -4,    0,    0,    0,    0,    0,    0,    0,   -3,    0,    0,    0,    0,    0,    0,   -5,  -26,    0,
       0,    0,    0,    0,    0,    0,    0,    0,    0,    0,    0,    0,    0,    0,    0,    0,    0,    0,    0,    0,    0,    0,    0,    0,    0,    0,    0,    0,    0,    0,    6,    0,    0,    0,    0,    0,    0,    0,    0,    0,    0,    0,    0,    0,    0,
       0,    0,    0,    0,    0,    0,    0,    0,    0,    0,    0,    0,    7,   -5,    0,    0,    0,    0,    0,    0,    0,    0,    0,    0,    0,   -4,    0,    0,    0,    0,    0,    0,    0,    0,    0,   -3,    0,    0,    0,    0,    0,    0,    0,    0,    0,
       0,    0,    9,    0,    0,    0,    0,    0,    0,    0,    0,    0,    0,    0,    0,    0,    0,    0,    0,    0,    0,    5,    0,    0,    0,    0,    0,    0,    0,   -5,    0,    0,    0,    6,    0,    0,    0,    3,    0,    0,    0,    0,    3,    0,    0,
       0,    0,    0,    0,    0,    0,    0,    0,    0,    0,    0,    0,    0,    0,    0,    0,    0,  -13,    0,    0,    0,    0,   -7,    0,    0,    0,    0,    0,    0,    0,    0,    0,    0,    0,    0,    0,    0,    0,    0,    0,    0,    0,    0,  -13,    0,
       0,    0,    0,    0,    0,    0,    0,    0,    0,    0,    0,    0,    0,    0,    0,  -21,    0,   -3,    0,    0,    7,    0,    0,    0,   -4,    0,    5,    0,    0,    0,    0,    0,    0,    0,    0,    4,    0,    7,    6,    6,    0,    0,  -32,   -3,    0,
       0,    0,    0,    0,    0,    0,    0,    0,    0,    0,    0,    0,    0,    0,    0,    6,    0,  -15,    0,   -5,    0,    0,  -15,    0,    0,    0,    0,    0,    0,    0,    0,    0,    0,    0,    0,    0,    0,    0,    0,    0,    0,    0,   -2,  -15,    0,
       0,    0,    0,    0,    0,    0,    0,    0,    0,    0,    0,    0,    6,    0,    0,    0,    0,    0,    0,    0,    0,    0,   -7,    0,    0,    0,    0,    0,    0,    0,    0,    0,    0,    0,    0,    0,    0,    0,    0,    0,    0,    0,    0,    0,    0,
       0,    0,    0,    0,    0,    0,    0,    0,    0,    0,    0,    0,    0,    0,    0,    0,    0,  -21,    0,    0,    0,    0,  -10,    0,    0,    0,    0,    0,    0,    0,    0,    0,    0,    0,    0,    0,    0,    0,    0,    0,    0,    0,   -7,  -21,    0,
       0,    0,    0,    0,    0,    0,    0,    0,    0,    0,    0,    0,  -11,    0,    0,    0,    0,   -3,    0,    0,    0,   -5,    0,   -5,   -5,    0,    6,    0,    0,    0,    0,    0,    0,    0,    6,    0,    0,    3,    3,    0,    0,    0,  -27,   -3,    0,
       0,    0,    0,    0,    0,    0,    0,    0,    0,    0,    0,    0,  -12,    0,    0,    0,    0,   -3,    0,    0,    0,    0,    0,    0,    0,    0,    3,    0,    0,    0,    0,    0,    0,    0,    0,    0,    0,    3,    3,    0,    0,    0,  -27,   -3,    0,
       0,    0,    0,    0,    0,    0,    0,    0,    0,    0,    0,    0,    5,    0,    0,    0,    0,    0,    0,    0,    0,    0,   -5,    0,    0,    0,    0,    0,    0,    0,    0,    0,    0,    0,    0,    0,    0,    0,    0,    0,    0,    0,    0,    0,    0,
       0,    0,    0,    0,    0,    0,    0,    0,    0,    0,    0,    0,    0,    0,    0,    0,    0,   -8,    0,    0,    0,    0,   -5,    0,    0,    0,    0,    0,    0,    0,    0,    0,    0,    0,    0,    0,    0,    0,    0,    0,    0,    0,    0,   -8,    0,
       0,    0,    9,    0,    0,    0,    0,    0,    0,    0,    0,    0,    0,    7,   11,    0,    8,   27,   11,   25,   25,   21,   24,   14,    0,    0,   13,    0,   11,    5,   11,   11,    8,    8,    0,   11,    0,   18,   14,   14,   11,    0,    3,   27,   14,
       0,    0,    9,    0,    0,    0,    0,    0,    0,    0,    0,    0,    0,    0,    0,    0,    0,    0,    0,    0,    0,    5,    0,    0,    0,    0,    0,    0,    0,   -5,    0,    0,    0,    0,    0,    0,    0,    3,    0,    0,    0,    0,    3,    0,    0,
       0,    0,    0,    0,    0,    0,    0,    0,    0,    0,    0,    0,    0,    0,    0,    0,    0,  -13,    0,    0,    0,    0,    0,    0,    0,    0,    0,    0,    0,    0,    0,    0,    0,    0,    0,    0,    0,    0,    0,    0,    0,    0,    0,    0,    0,
       0,    0,  -18,    0,    0,    0,    0,    0,    0,    0,    0,    0,   -7,    0,    0,    0,    0,   11,    0,    7,    7,    3,    3,    0,    0,    0,    0,    0,    0,    0,    0,    0,    0,    0,    0,    0,    0,    0,    0,    0,    0,    0,  -14,   11,    0,
       0,    0,  -18,    0,    0,    0,    0,    0,    0,    0,    0,    0,   -7,    0,    0,    0,    7,    7,    0,    7,    7,    0,    0,    0,    0,    0,    0,    0,    3,    3,    0,    3,    0,    0,    0,    7,    0,   11,   11,    7,    0,    0,  -11,    7,    0,
       0,    0,  -18,    0,    0,    0,    0,    0,    0,    0,    0,    0,  -14,    0,    0,   -3,    0,   14,    0,   11,   11,    3,    7,    0,   -7,   -3,    0,   -4,    0,    0,    0,    0,    0,    0,    0,    0,   -3,    0,    0,    0,   -3,    0,  -18,   14,    0,
       0,    0,  -11,    0,    0,    0,    0,    0,    0,    0,    0,    0,   -7,    0,    0,   -7,    7,   11,    0,   11,   11,    0,    0,    0,   -3,   -3,    7,   -3,    0,    0,    0,    0,    0,    0,   -3,    7,    0,   11,   11,   11,    0,    0,  -11,   11,    0,
       0,    0,    0,    0,    0,    0,    0,    0,    0,    0,    0,    0,    0,    0,    0,    0,    0,    0,    0,    0,    0,    0,    0,    0,    0,    0,    0,    0,    0,    0,    0,    0,    0,    0,   -7,    0,    0,    0,    0,    0,    0,    0,    0,    0,    0,
};

static const EpdLigaturePair lexenddeca_8_regularLigaturePairs[] = {
    { 0x00660066, 0xFB00 }, // f f -> U+FB00
    { 0x00660069, 0xFB01 }, // f i -> U+FB01
    { 0x0066006C, 0xFB02 }, // f l -> U+FB02
    { 0xFB000069, 0xFB03 }, // U+FB00 i -> U+FB03
    { 0xFB00006C, 0xFB04 }, // U+FB00 l -> U+FB04
};

static constexpr EpdFontData lexenddeca_8_regular = {
    lexenddeca_8_regularBitmaps,
    lexenddeca_8_regularGlyphs,
    lexenddeca_8_regularIntervals,
    44,
    21,
    16,
    -5,
    true,
    lexenddeca_8_regularGroups,
    12,
    nullptr,
    lexenddeca_8_regularKernLeftClasses,
    lexenddeca_8_regularKernRightClasses,
    lexenddeca_8_regularKernMatrix,
    351,
    330,
    62,
    45,
    lexenddeca_8_regularLigaturePairs,
    5,
};
