/**
 * generated by fontconvert.py
 * name: lexenddeca_12_italic
 * size: 12
 * mode: 2-bit  compressed: true
 * Command used: fontconvert.py lexenddeca_12_italic 12 ../builtinFonts/source/LexicaUltralegible/LexicaUltralegible-Italic.ttf --2bit --compress --pnum --darken-aa
 */
#pragma once
#include "EpdFontData.h"

static const uint8_t lexenddeca_12_italicBitmaps[12977] = {
    0x85, 0x58, 0x3D, 0xAF, 0xDC, 0xC6, 0x15, 0xBD, 0x24, 0x05, 0x33, 0x01, 0x03, 0x8F, 0x8B, 0x14,
    0x06, 0x82, 0x84, 0x2E, 0x52, 0x06, 0x3B, 0x29, 0x5C, 0xB8, 0xD8, 0x25, 0x69, 0xA7, 0x50, 0xE9,
    0xFC, 0x8F, 0x14, 0x51, 0xE1, 0x22, 0xC5, 0xEA, 0x91, 0x8E, 0x4A, 0x35, 0xFA, 0x27, 0x56, 0xA1,
    0x62, 0x61, 0x50, 0xDE, 0xB1, 0x54, 0xA4, 0x50, 0x21, 0xA6, 0x48, 0x95, 0x42, 0x84, 0x6D, 0xC0,
    0xA5, 0x07, 0x36, 0xE1, 0x30, 0x10, 0x77, 0x27, 0xE7, 0x5C, 0x92, 0xEF, 0x43, 0x52, 0xEC, 0x7D,
    0x1C, 0xBE, 0x5D, 0x92, 0x73, 0xE7, 0xCC, 0xBD, 0xE7, 0x7E, 0x51, 0x46, 0x19, 0xC5, 0x47, 0x3E,
    0xF6, 0x49, 0x9F, 0x74, 0x89, 0x4B, 0x5C, 0xDA, 0x64, 0x92, 0x09, 0x3F, 0x85, 0xD4, 0x18, 0x8F,
    0x3C, 0xFF, 0x1E, 0xFA, 0x3B, 0xFE, 0x4E, 0x2F, 0x79, 0xEA, 0x64, 0x83, 0x51, 0x64, 0x8D, 0xEC,
    0x4C, 0x63, 0x42, 0x38, 0x61, 0x4C, 0xB2, 0x37, 0x22, 0xFB, 0x5C, 0xE4, 0xC0, 0x61, 0x45, 0xC6,
    0x8D, 0x94, 0x21, 0x8C, 0x18, 0x83, 0xF8, 0xAD, 0x44, 0x3A, 0xF6, 0x12, 0xF7, 0x2D, 0xE4, 0xFE,
    0x1E, 0xE3, 0x7D, 0x8C, 0x3F, 0x8A, 0xD8, 0x93, 0x44, 0x21, 0xB8, 0xD4, 0xBF, 0xF4, 0xC6, 0xFD,
    0xB3, 0x31, 0xCE, 0x89, 0xF9, 0xD2, 0x49, 0xFA, 0xD2, 0x49, 0x1C, 0x7A, 0xDC, 0x3F, 0x8B, 0xA4,
    0x47, 0x27, 0x59, 0xD6, 0xCB, 0xDB, 0x89, 0xFF, 0xE5, 0xDB, 0x49, 0x5F, 0xFE, 0x2A, 0xED, 0xF2,
    0xC9, 0xBA, 0x34, 0x04, 0x91, 0xE3, 0x70, 0x29, 0x2A, 0x3D, 0x49, 0xD2, 0x89, 0x0D, 0x55, 0xE6,
    0xE4, 0x6E, 0xE6, 0x00, 0x64, 0x48, 0xDC, 0x4E, 0xC4, 0x27, 0x6E, 0xE4, 0xF9, 0x4B, 0x2F, 0x32,
    0xE5, 0xF7, 0x3A, 0x91, 0xF2, 0x6C, 0x1A, 0x91, 0x6C, 0xB0, 0xC9, 0x09, 0x53, 0xB7, 0x79, 0xC0,
    0xAF, 0xB1, 0xC0, 0xAE, 0x62, 0x7F, 0x88, 0x3B, 0x49, 0x9C, 0xC7, 0xD9, 0x34, 0x98, 0x2E, 0x56,
    0x5A, 0xE3, 0x64, 0x8F, 0xCD, 0x40, 0x9C, 0x64, 0x10, 0x94, 0x02, 0x91, 0x0D, 0xD0, 0x40, 0xDA,
    0x49, 0x9B, 0xF4, 0x18, 0xB8, 0x0F, 0x79, 0x25, 0xAE, 0xD7, 0x5E, 0x92, 0xD0, 0xED, 0xF2, 0xA7,
    0xBE, 0x2D, 0x64, 0x1A, 0x5A, 0xA9, 0xFB, 0x83, 0x58, 0xD7, 0x62, 0x5C, 0xC4, 0xC1, 0x97, 0xE1,
    0xC7, 0x31, 0x0B, 0xD5, 0xF4, 0xE8, 0xD1, 0xA3, 0x87, 0x77, 0xEE, 0x08, 0x54, 0x06, 0x78, 0x07,
    0x28, 0x86, 0xC0, 0xB1, 0xBC, 0xA9, 0x04, 0xA8, 0x37, 0x7A, 0x79, 0xAB, 0xC7, 0x7E, 0x3D, 0xB6,
    0xEB, 0x81, 0xBB, 0x78, 0xC6, 0xC8, 0xCD, 0x1F, 0x3C, 0x2A, 0x1E, 0x30, 0xCB, 0xFC, 0xC5, 0xE8,
    0x2D, 0xAB, 0xB2, 0x30, 0x7F, 0x5C, 0x56, 0x81, 0x6E, 0x72, 0x9D, 0x8A, 0x4F, 0xFF, 0x7E, 0x57,
    0xFE, 0x2B, 0x0B, 0xA6, 0xDF, 0xF9, 0x5F, 0x3F, 0x14, 0x7D, 0xF2, 0x4D, 0x23, 0x84, 0xD0, 0x70,
    0xBC, 0xE9, 0xDE, 0x5B, 0x62, 0x5C, 0xEE, 0xB2, 0xC6, 0xC8, 0x6F, 0x21, 0xB4, 0x0C, 0x4D, 0x19,
    0x2A, 0x2B, 0x25, 0xD7, 0xE5, 0x52, 0x8A, 0xB3, 0x10, 0x45, 0x00, 0xF5, 0x41, 0xBF, 0x02, 0xED,
    0xE2, 0x72, 0xA3, 0xE8, 0x54, 0x0A, 0x09, 0x81, 0xCB, 0x31, 0x8C, 0x9D, 0xBE, 0x72, 0x4B, 0xF2,
    0x13, 0x97, 0x6F, 0x92, 0xC1, 0x74, 0x99, 0x4F, 0xBC, 0x19, 0x63, 0x6F, 0xB7, 0x91, 0x2F, 0x0A,
    0xF1, 0x3B, 0x03, 0x3E, 0x99, 0x4F, 0xFD, 0x1E, 0x76, 0xDD, 0x27, 0x5F, 0x81, 0x5B, 0x3F, 0x74,
    0x3B, 0x79, 0xE9, 0x0A, 0x29, 0x1B, 0xDB, 0x1C, 0xC5, 0x84, 0x11, 0x0C, 0x82, 0xB1, 0x7F, 0x17,
    0x3D, 0x3E, 0x4E, 0x60, 0x68, 0x0B, 0x1D, 0x0C, 0xD7, 0x99, 0x9E, 0x12, 0x37, 0x90, 0x4B, 0x1A,
    0x2A, 0x40, 0xF7, 0x72, 0x4A, 0x06, 0x28, 0x69, 0x94, 0x07, 0x32, 0x09, 0x35, 0xA6, 0x90, 0x13,
    0x3F, 0xEF, 0xC4, 0x56, 0x22, 0x40, 0x93, 0xE2, 0xA7, 0x6D, 0x24, 0xC2, 0x13, 0x39, 0x10, 0x83,
    0xDF, 0xAE, 0xC6, 0x58, 0x78, 0xDC, 0x24, 0x1E, 0xDA, 0x70, 0x49, 0x1F, 0x51, 0xD7, 0xBA, 0xD5,
    0xBF, 0x36, 0x92, 0x93, 0x31, 0x14, 0x59, 0xCB, 0xBC, 0x3F, 0xD3, 0xFC, 0x01, 0xA3, 0x80, 0x99,
    0x6C, 0x53, 0x03, 0xE9, 0x84, 0xB9, 0x10, 0x26, 0x60, 0x93, 0x18, 0x4A, 0xC5, 0x5C, 0x38, 0x40,
    0xF2, 0x2D, 0x28, 0x71, 0xBF, 0x91, 0x02, 0x73, 0x46, 0x83, 0xBB, 0x39, 0x66, 0x51, 0xBB, 0x1B,
    0xC1, 0x9A, 0xE3, 0x91, 0xBE, 0xA5, 0x9A, 0x6D, 0xAF, 0xE0, 0x06, 0xEC, 0x23, 0x84, 0x9E, 0xDA,
    0xE4, 0xEA, 0x1C, 0xD9, 0x67, 0xBD, 0xAE, 0x61, 0xBA, 0x23, 0xFC, 0x3A, 0xAF, 0x56, 0x0C, 0x0B,
    0x8E, 0x6A, 0x07, 0x6B, 0xD9, 0xEA, 0xF1, 0xA2, 0x31, 0xAA, 0x7F, 0xA4, 0x1C, 0x81, 0xD6, 0x9B,
    0xD5, 0x86, 0x1B, 0xDB, 0x4B, 0x01, 0x19, 0x65, 0xF7, 0x05, 0x76, 0x61, 0xB1, 0xAA, 0xA9, 0xDA,
    0x65, 0xEC, 0x61, 0x2F, 0x68, 0x5D, 0xCA, 0x0A, 0x6B, 0x00, 0x12, 0x65, 0x20, 0x26, 0x78, 0x0E,
    0x28, 0x8C, 0x7B, 0x82, 0x94, 0x12, 0x52, 0x2E, 0x30, 0xA6, 0x45, 0xA5, 0xDD, 0xD5, 0xE5, 0xC7,
    0x33, 0xFC, 0xF5, 0x72, 0xDE, 0xCC, 0x97, 0xD5, 0xDB, 0xE8, 0x77, 0x63, 0x5E, 0x45, 0x3E, 0x6B,
    0xE2, 0x0E, 0xA3, 0x37, 0x55, 0x34, 0xE0, 0x2E, 0xB0, 0x24, 0xC0, 0x68, 0xBA, 0xDC, 0x59, 0x49,
    0x61, 0xF9, 0x44, 0x47, 0x01, 0x5B, 0xD9, 0xC6, 0x56, 0x26, 0x9C, 0xE7, 0xF8, 0x71, 0xEC, 0x61,
    0xDE, 0x09, 0x32, 0x2F, 0x80, 0x31, 0x57, 0xDC, 0x07, 0x8C, 0x11, 0xBB, 0x9A, 0xE8, 0xDC, 0xE0,
    0x59, 0xF9, 0x11, 0xEE, 0x03, 0xAA, 0xB2, 0x85, 0x8B, 0x17, 0x57, 0x30, 0x09, 0x11, 0x6C, 0xF1,
    0xB4, 0xCC, 0xF5, 0xCF, 0x1C, 0x19, 0x81, 0x7A, 0x52, 0xC5, 0x5F, 0x7E, 0x22, 0xF5, 0x07, 0xE8,
    0x4D, 0xFD, 0x01, 0xBF, 0xA9, 0x4E, 0x07, 0xF3, 0x36, 0x62, 0x67, 0xED, 0x5A, 0x18, 0xA9, 0x84,
    0x0D, 0xCA, 0x7E, 0x26, 0x9E, 0x5E, 0x50, 0xB5, 0x5B, 0xAC, 0x15, 0x3B, 0x58, 0x55, 0xC7, 0x75,
    0xA9, 0xEB, 0xB5, 0x46, 0x29, 0x08, 0x98, 0xD9, 0x69, 0xDE, 0x19, 0x43, 0x0E, 0x26, 0x23, 0xCC,
    0x64, 0x67, 0x5E, 0xC0, 0xEF, 0x8E, 0xD2, 0x1C, 0xEC, 0x00, 0x73, 0xB4, 0xB2, 0x7F, 0x6F, 0x76,
    0xFE, 0xCC, 0x4B, 0xDD, 0x80, 0xB4, 0xD8, 0x07, 0x9C, 0x0C, 0x41, 0x22, 0x52, 0xC1, 0x56, 0xB1,
    0xA8, 0xB3, 0x12, 0xC1, 0x11, 0xD6, 0x4B, 0xC6, 0xE8, 0x0B, 0x6E, 0x3B, 0xAF, 0xF2, 0x28, 0x3C,
    0x75, 0x5B, 0x13, 0x9E, 0x74, 0x1F, 0x94, 0xB7, 0x5D, 0xFF, 0xC9, 0x36, 0x6B, 0xFA, 0x4F, 0x0E,
    0xA6, 0xEA, 0x3F, 0x19, 0x4C, 0xDC, 0x7D, 0xD0, 0xD6, 0xB7, 0xDD, 0xB6, 0x7E, 0x19, 0xAA, 0x8D,
    0xFD, 0xFB, 0x49, 0xE9, 0x04, 0xC6, 0x44, 0x15, 0xA9, 0x03, 0xF0, 0xBF, 0x39, 0x53, 0x3E, 0xC9,
    0x2C, 0x39, 0xF4, 0x28, 0x25, 0x4F, 0x8F, 0x79, 0x1A, 0x18, 0x03, 0xFC, 0x40, 0x6F, 0x1F, 0x49,
    0xC1, 0x51, 0xD4, 0x0E, 0x50, 0x67, 0x4B, 0x26, 0xEF, 0x29, 0xE0, 0x44, 0xE3, 0x9E, 0x61, 0x57,
    0x5C, 0x05, 0x96, 0x92, 0xDE, 0x57, 0x92, 0x14, 0x56, 0xBD, 0x2C, 0x06, 0xF3, 0x63, 0x1F, 0x4D,
    0x1A, 0x7D, 0x11, 0x85, 0xB1, 0xA5, 0x09, 0x5E, 0x47, 0xC6, 0x61, 0xE7, 0xA1, 0x33, 0x55, 0xE6,
    0x73, 0x89, 0x07, 0x3C, 0x0D, 0xAE, 0xC4, 0xBE, 0xC0, 0x82, 0x3B, 0xC9, 0x3B, 0x78, 0x4D, 0x75,
    0x04, 0xCB, 0x75, 0xB7, 0x75, 0xF0, 0xF1, 0x29, 0x9E, 0x90, 0x57, 0x18, 0xBD, 0xDF, 0x29, 0x97,
    0x98, 0xB3, 0xFA, 0x53, 0x3B, 0x93, 0x40, 0xFF, 0x83, 0xA0, 0x55, 0x09, 0xDD, 0xD9, 0xCE, 0xBA,
    0x0C, 0xAC, 0x8B, 0xC2, 0x37, 0xC4, 0x51, 0x01, 0x07, 0xA2, 0xC9, 0x5B, 0xC4, 0x71, 0x01, 0x1C,
    0x25, 0x70, 0x58, 0x78, 0x8C, 0x35, 0x1C, 0x30, 0x35, 0xC2, 0x70, 0x89, 0x58, 0x56, 0x40, 0xC1,
    0x6D, 0x29, 0xD1, 0x58, 0x20, 0x7C, 0xEC, 0xA4, 0x46, 0xC4, 0x80, 0xB5, 0xC2, 0x03, 0xCA, 0x98,
    0x62, 0x0E, 0x3F, 0xFB, 0x3E, 0x63, 0x06, 0x63, 0xA0, 0x7A, 0x1D, 0x94, 0xA0, 0x5E, 0x5B, 0xCD,
    0xF1, 0x90, 0x46, 0x2A, 0x97, 0x68, 0x4A, 0x9C, 0xD8, 0x0B, 0x79, 0xB1, 0xCA, 0x18, 0xDF, 0x2C,
    0x43, 0xF5, 0xE1, 0xFE, 0x9F, 0x8C, 0x75, 0xAF, 0xAA, 0x8F, 0xE3, 0x4F, 0xE9, 0x23, 0x9C, 0x30,
    0x26, 0xE8, 0xA3, 0xC5, 0xF3, 0xD3, 0x5D, 0xEC, 0x05, 0xFA, 0x18, 0xA0, 0x0F, 0x9F, 0x85, 0xC9,
    0x23, 0x7A, 0xF9, 0x08, 0xD4, 0xE9, 0x00, 0x22, 0x75, 0x38, 0x31, 0x04, 0xC2, 0x70, 0x09, 0xB3,
    0xA8, 0xE6, 0x35, 0x4D, 0x3B, 0x80, 0x12, 0x96, 0x53, 0xA5, 0xDE, 0x28, 0x77, 0x09, 0xA9, 0x25,
    0xA6, 0x96, 0xA0, 0x26, 0xAE, 0x38, 0x62, 0x49, 0x08, 0x6B, 0x99, 0x2C, 0x62, 0xEC, 0x0B, 0x9C,
    0xB4, 0x0A, 0xB9, 0x50, 0x40, 0x4A, 0x12, 0x3A, 0x9D, 0x66, 0x34, 0x3C, 0x03, 0x37, 0xC5, 0x62,
    0x58, 0xEA, 0x78, 0x06, 0x4C, 0x99, 0xFD, 0xF6, 0x35, 0x4D, 0x2C, 0x99, 0x85, 0x9A, 0xB0, 0x8B,
    0x26, 0x0A, 0x79, 0x17, 0x63, 0x8F, 0xBF, 0x2D, 0x56, 0x2E, 0x93, 0x01, 0x51, 0xA0, 0x57, 0x9F,
    0xC4, 0xF2, 0x65, 0x45, 0x82, 0x41, 0x7E, 0x4A, 0xF1, 0x70, 0xE1, 0x04, 0xD1, 0x53, 0xD2, 0x27,
    0x50, 0x41, 0xF6, 0x8C, 0x21, 0x2D, 0xA8, 0x7E, 0xF9, 0xED, 0x47, 0xAC, 0x97, 0x77, 0x2B, 0x8D,
    0xCB, 0x19, 0xAA, 0x26, 0x5E, 0xAC, 0xB8, 0xE7, 0xF2, 0x2D, 0xF1, 0x44, 0x4B, 0xFE, 0x8B, 0x7F,
    0x06, 0xDE, 0x4F, 0x1B, 0x1B, 0x4E, 0x0A, 0xFA, 0xC3, 0x47, 0x78, 0x4E, 0x70, 0x7C, 0x57, 0xA5,
    0x7A, 0x36, 0x41, 0xD2, 0xE7, 0x4D, 0x7E, 0x21, 0xD9, 0xF3, 0xA6, 0xC4, 0xD2, 0xCF, 0xDC, 0x1E,
    0xC1, 0xEE, 0xBE, 0x1B, 0x11, 0xA2, 0x6F, 0x3F, 0xF1, 0x08, 0x71, 0xC9, 0xD3, 0x7E, 0x14, 0x9B,
    0x3C, 0x73, 0xD8, 0x5D, 0xF2, 0xE2, 0x53, 0x2F, 0x45, 0x12, 0x00, 0x66, 0x97, 0x9C, 0xA0, 0xB1,
    0x7D, 0xAC, 0xDE, 0x14, 0x0F, 0x80, 0x15, 0x9D, 0x69, 0xCA, 0x40, 0x53, 0x06, 0x9A, 0xF2, 0x3B,
    0x94, 0x65, 0xC9, 0xBF, 0x11, 0xD5, 0xD2, 0xA7, 0xA0, 0x52, 0xF6, 0x94, 0x79, 0xE8, 0x89, 0xB7,
    0x82, 0xEC, 0x5B, 0x02, 0xF2, 0x40, 0x53, 0xB6, 0xCC, 0x22, 0x7B, 0x9A, 0x72, 0x47, 0x53, 0x16,
    0x23, 0x70, 0xE7, 0x34, 0xA5, 0xF1, 0xD8, 0xBE, 0xF1, 0x97, 0x11, 0x06, 0x36, 0x3B, 0x41, 0xB1,
    0xA0, 0x59, 0xC1, 0x2D, 0x33, 0x9D, 0x69, 0xFE, 0xD0, 0x44, 0xA2, 0x19, 0x85, 0xD2, 0x2E, 0x95,
    0xD9, 0x92, 0x24, 0x77, 0x49, 0x8D, 0x92, 0x86, 0xCD, 0x3B, 0x8B, 0xE8, 0xC7, 0xC2, 0x4F, 0x8E,
    0xDF, 0xC8, 0x1A, 0x0C, 0xE0, 0x84, 0x0A, 0x7F, 0x5A, 0x82, 0x41, 0x0B, 0x9D, 0x4E, 0x06, 0x45,
    0xA5, 0x06, 0x03, 0x38, 0xDB, 0xCF, 0x92, 0x1F, 0x1A, 0x1E, 0x5E, 0x05, 0x86, 0x09, 0x79, 0x75,
    0x03, 0x18, 0x4F, 0x08, 0x2C, 0x6D, 0x3C, 0x12, 0xD8, 0x79, 0x07, 0x60, 0x25, 0x81, 0x19, 0x05,
    0xE6, 0x09, 0x6C, 0x62, 0x49, 0xCA, 0x3C, 0xCF, 0xDA, 0x4C, 0xE4, 0xD6, 0xAB, 0x10, 0xDB, 0x6B,
    0x10, 0x47, 0xE3, 0xB2, 0x25, 0x66, 0xFD, 0x17, 0xE6, 0xF1, 0x62, 0x61, 0x8E, 0x12, 0x5B, 0x2D,
    0xE6, 0xBC, 0x04, 0x88, 0x96, 0x19, 0x56, 0xAB, 0x8B, 0x58, 0xAB, 0x64, 0x3C, 0xEF, 0xA2, 0x07,
    0x4A, 0x15, 0x52, 0x47, 0x53, 0x07, 0x78, 0x54, 0x23, 0xDA, 0x46, 0x47, 0x92, 0x88, 0x55, 0x47,
    0x7F, 0x0B, 0xA3, 0x44, 0xF4, 0xCC, 0x97, 0x78, 0xC5, 0x2A, 0xF9, 0xB2, 0x1A, 0x5F, 0x93, 0x7F,
    0x7E, 0xC3, 0x15, 0xAE, 0xCA, 0xB4, 0x35, 0xF0, 0x2D, 0x05, 0x45, 0xB4, 0x52, 0x96, 0xB9, 0xBC,
    0x5B, 0x5D, 0x99, 0x51, 0x8E, 0x52, 0xCA, 0x4B, 0x57, 0xA6, 0xFD, 0x59, 0x27, 0x2F, 0xAE, 0x3C,
    0x5E, 0xBA, 0xB2, 0x9F, 0x5D, 0x59, 0x7D, 0xE0, 0xAE, 0x46, 0xF3, 0x4F, 0x8F, 0xC8, 0x39, 0x74,
    0xD5, 0x94, 0xFE, 0x03, 0x27, 0x43, 0xA1, 0x9C, 0xF8, 0x16, 0x42, 0x41, 0x17, 0x47, 0x41, 0x3B,
    0x52, 0x48, 0x15, 0x31, 0x82, 0xAB, 0x50, 0x0C, 0x56, 0x66, 0x54, 0xCD, 0x01, 0xDA, 0x60, 0x09,
    0x43, 0x63, 0x30, 0x7B, 0x90, 0x57, 0x2A, 0x03, 0x65, 0x54, 0x33, 0x49, 0xC0, 0x5C, 0x9E, 0x61,
    0x1E, 0x50, 0xF7, 0x31, 0xB4, 0xFD, 0x02, 0xBF, 0xDB, 0xEC, 0x39, 0x03, 0x8A, 0xF9, 0x18, 0x92,
    0xDA, 0xDC, 0xA0, 0x22, 0x69, 0x0B, 0x03, 0x69, 0xED, 0xD6, 0xD0, 0x43, 0x0F, 0x86, 0xC8, 0xBD,
    0x01, 0xEA, 0x0B, 0x4F, 0xC9, 0x75, 0x67, 0xA0, 0x80, 0xDA, 0x19, 0x4D, 0xD5, 0x5C, 0xA3, 0x54,
    0xC5, 0xE2, 0x1F, 0x08, 0x92, 0xB3, 0x06, 0x34, 0x0E, 0xF3, 0x33, 0x57, 0x52, 0x2F, 0xD8, 0x48,
    0xFC, 0x03, 0x1E, 0x65, 0x62, 0xA6, 0x7B, 0xF2, 0x24, 0x34, 0xCC, 0xCA, 0xAD, 0xFC, 0x19, 0x2C,
    0x53, 0xD3, 0xE7, 0xA7, 0x39, 0x5E, 0x8D, 0x14, 0xD7, 0x32, 0xF5, 0xD2, 0xD2, 0xF1, 0xB0, 0x47,
    0x95, 0xC4, 0x44, 0xC7, 0x14, 0x97, 0x03, 0xB6, 0xF9, 0x08, 0x66, 0xBA, 0x87, 0x58, 0xF4, 0xDC,
    0xD1, 0xC7, 0x85, 0x6D, 0x4A, 0x3C, 0x5E, 0xD9, 0xE1, 0xD5, 0xF0, 0xA1, 0x05, 0x02, 0xEB, 0x74,
    0x7E, 0x67, 0x71, 0x21, 0x1A, 0x07, 0x89, 0x69, 0xC6, 0xCD, 0x4B, 0x4C, 0xC8, 0xC9, 0xB8, 0x26,
    0xE5, 0xB2, 0x79, 0xED, 0x92, 0xD5, 0xD9, 0x2C, 0xDA, 0x6A, 0xAD, 0xDC, 0xD0, 0xCC, 0x1C, 0x3D,
    0xDA, 0x13, 0xB2, 0xC0, 0x6B, 0xB0, 0xED, 0x97, 0x48, 0x8B, 0xAA, 0x72, 0xAE, 0x22, 0xE6, 0x3E,
    0x63, 0x6E, 0x35, 0x2E, 0xDB, 0x96, 0x79, 0x5E, 0xAB, 0xDF, 0x8B, 0xB9, 0x41, 0xA9, 0x08, 0x13,
    0xB3, 0x30, 0x9D, 0x7B, 0xF0, 0xEC, 0x7A, 0x48, 0xB6, 0x9D, 0xD2, 0xCF, 0x28, 0x21, 0x21, 0x71,
    0x9E, 0x19, 0xAF, 0x6B, 0x24, 0x54, 0xF1, 0xD5, 0x32, 0xF3, 0x1A, 0xC5, 0xB5, 0xD6, 0x68, 0xC5,
    0x36, 0xCF, 0xE3, 0x92, 0xAC, 0xFA, 0x24, 0x79, 0xD1, 0x64, 0xFF, 0x70, 0xE6, 0x4F, 0xBD, 0x65,
    0xDB, 0x89, 0x00, 0xB8, 0x45, 0x45, 0x8C, 0xE3, 0xBD, 0xC3, 0x36, 0x47, 0x95, 0x94, 0x84, 0x29,
    0xEB, 0x2E, 0xD2, 0x39, 0x4E, 0xFF, 0xE5, 0x84, 0x04, 0x56, 0x56, 0xDB, 0x56, 0xDA, 0x31, 0x1A,
    0xA7, 0x6C, 0xAC, 0xCF, 0x43, 0x3E, 0x0C, 0xF1, 0xD2, 0x91, 0xAC, 0x55, 0x7C, 0xFA, 0x1C, 0x35,
    0x14, 0x02, 0x89, 0x61, 0xC4, 0x73, 0xEC, 0x1A, 0x50, 0xE7, 0x01, 0xDD, 0x06, 0xA3, 0x58, 0x6A,
    0x79, 0x5A, 0xAF, 0x76, 0x93, 0x7C, 0xCE, 0x96, 0x97, 0xCE, 0x58, 0x63, 0xB7, 0xA0, 0x79, 0x06,
    0x5F, 0xCC, 0xAB, 0x5F, 0xC8, 0xF5, 0x8C, 0xBA, 0x8E, 0x9D, 0xBC, 0x23, 0xE5, 0x87, 0xE0, 0x43,
    0x60, 0xE7, 0x48, 0x33, 0x51, 0x39, 0xD1, 0x55, 0x9A, 0x38, 0xDE, 0xEB, 0x92, 0xF0, 0x1F, 0x67,
    0xBA, 0x1A, 0x75, 0xAE, 0xC5, 0x3A, 0x79, 0xB3, 0xD3, 0x88, 0x64, 0x64, 0xAF, 0xF5, 0x6C, 0x01,
    0x19, 0x17, 0xA8, 0x61, 0xE7, 0x6A, 0x21, 0x39, 0xD3, 0x00, 0x48, 0xC5, 0xC4, 0xDA, 0x59, 0x26,
    0xDD, 0x86, 0x35, 0xF1, 0xD2, 0xA7, 0x34, 0x57, 0xEB, 0x92, 0x15, 0xED, 0x65, 0xBD, 0x2E, 0x08,
    0xAB, 0x80, 0x3C, 0x2E, 0x96, 0x46, 0xD5, 0x8D, 0xE3, 0x86, 0xA5, 0xDF, 0x64, 0x05, 0xB1, 0xFD,
    0x43, 0xE4, 0x5C, 0x8F, 0x4A, 0xC0, 0xA3, 0x9B, 0xEA, 0x4D, 0x93, 0xA0, 0xF6, 0x4A, 0x1C, 0x7A,
    0x15, 0x68, 0x27, 0xC5, 0x7F, 0x76, 0x58, 0x79, 0x95, 0xF5, 0xB5, 0x56, 0xEB, 0x72, 0xFC, 0x4C,
    0x03, 0xCD, 0x2D, 0xF6, 0x8A, 0xD1, 0xB8, 0x54, 0xDD, 0x8D, 0xBC, 0xA6, 0xED, 0x67, 0x93, 0x06,
    0x79, 0x83, 0x0A, 0x0E, 0xDA, 0xC6, 0xCA, 0x86, 0x3B, 0x11, 0xAB, 0x99, 0x62, 0xA3, 0xE1, 0x61,
    0x8B, 0x3F, 0x66, 0x6E, 0x56, 0x8C, 0xA3, 0x36, 0xD1, 0xDA, 0xBD, 0x31, 0x59, 0xBA, 0x23, 0xFB,
    0x3A, 0x9D, 0xB3, 0x51, 0xFD, 0xF0, 0xC9, 0xC3, 0x12, 0xD0, 0xD8, 0xB9, 0x0D, 0x57, 0xA5, 0xF5,
    0xD5, 0x1E, 0x6F, 0x32, 0xCD, 0xAE, 0xF5, 0xC6, 0xCC, 0xB4, 0x96, 0xE9, 0x1B, 0x1C, 0x0B, 0xEE,
    0x75, 0xB0, 0x70, 0xDB, 0x0C, 0x66, 0x37, 0xF7, 0x10, 0x16, 0x3E, 0x46, 0xB1, 0x83, 0xE8, 0x9F,
    0x4F, 0xFA, 0x66, 0x43, 0x4A, 0x04, 0x82, 0x02, 0x02, 0xB7, 0x7C, 0x87, 0xC0, 0xA8, 0x4F, 0xE7,
    0xD7, 0xB2, 0x25, 0x5E, 0x5B, 0x50, 0xB7, 0x42, 0xB5, 0x97, 0x50, 0x6B, 0x57, 0xBA, 0xF4, 0xFE,
    0x98, 0x0F, 0xD9, 0xF1, 0x7C, 0x3C, 0x81, 0x72, 0x7D, 0xC1, 0xAE, 0x02, 0xE5, 0x24, 0x36, 0xA4,
    0x0F, 0xEA, 0xB3, 0xFA, 0xB8, 0xCE, 0xD0, 0xFD, 0xED, 0xD9, 0xE1, 0x6A, 0x93, 0xAB, 0x7D, 0x6E,
    0x7A, 0xFF, 0x86, 0x0E, 0xAB, 0x9B, 0x3A, 0xB4, 0x8B, 0x0E, 0x77, 0x37, 0x74, 0x48, 0x47, 0x22,
    0x63, 0x4D, 0xC7, 0x38, 0x64, 0x2A, 0x32, 0x7B, 0x8B, 0xB1, 0x9F, 0x07, 0x58, 0x37, 0xCF, 0x2B,
    0x3F, 0x9C, 0x94, 0xB1, 0x31, 0x6B, 0xA5, 0xAF, 0xE9, 0x73, 0xE8, 0x7C, 0xE1, 0x54, 0xEC, 0x93,
    0x12, 0xD4, 0x7F, 0xAC, 0x01, 0xD1, 0xAB, 0x79, 0xF0, 0xA1, 0x67, 0x15, 0xC8, 0x68, 0x99, 0xFB,
    0xB2, 0xDA, 0xA0, 0x44, 0x2B, 0xF2, 0x41, 0xD9, 0xB7, 0x5D, 0x98, 0x78, 0xD0, 0x06, 0xE7, 0x89,
    0x9B, 0x59, 0x7E, 0x74, 0xB6, 0x52, 0x96, 0xA3, 0x2B, 0x25, 0xC3, 0xAF, 0xB3, 0xFC, 0xAE, 0x76,
    0x6A, 0xCA, 0xF2, 0xD3, 0xDA, 0xF1, 0x4E, 0x7F, 0xD6, 0x46, 0x08, 0x7D, 0x69, 0x7A, 0xBF, 0xCF,
    0x8E, 0x9D, 0xD1, 0xD0, 0x0A, 0xB2, 0xBE, 0xC9, 0x84, 0x9C, 0x01, 0xBA, 0x01, 0xB9, 0x65, 0x2D,
    0xAE, 0xA1, 0x87, 0x4D, 0x99, 0x63, 0x7B, 0x24, 0xC3, 0xDF, 0x64, 0xB8, 0x48, 0xBC, 0x0D, 0x3D,
    0x4A, 0xC0, 0xD9, 0x38, 0x7C, 0x6F, 0xF0, 0xAA, 0x71, 0x5A, 0xF8, 0x49, 0x09, 0x76, 0xDB, 0x8D,
    0x6C, 0x70, 0x0D, 0x17, 0x71, 0x15, 0x97, 0xC1, 0xAF, 0x41, 0x06, 0x50, 0x70, 0x48, 0xFC, 0x68,
    0xFC, 0x31, 0xF4, 0xF6, 0xFB, 0x0E, 0x59, 0x07, 0xC6, 0x38, 0xC4, 0x1E, 0x69, 0x7F, 0x6F, 0xD0,
    0x4C, 0xC9, 0xB6, 0x94, 0xED, 0x5E, 0x76, 0xA3, 0x6C, 0x90, 0xD5, 0x7A, 0xF6, 0x86, 0x48, 0x69,
    0x43, 0x0A, 0xB7, 0x19, 0xE8, 0xAF, 0x38, 0xED, 0x64, 0x2C, 0xFA, 0x56, 0x0E, 0xBB, 0x7E, 0x90,
    0xC3, 0xA3, 0xAF, 0x10, 0x81, 0xFD, 0xD7, 0xBD, 0x7C, 0xDE, 0x7F, 0x8B, 0xF8, 0xE8, 0xD8, 0xB7,
    0x34, 0x81, 0x99, 0xE8, 0x2C, 0x9A, 0x21, 0x81, 0x69, 0x64, 0xC0, 0x88, 0x07, 0x19, 0xD1, 0x3C,
    0xEF, 0xD1, 0xBF, 0x16, 0x17, 0x33, 0x01, 0xCD, 0xD2, 0xBF, 0xF2, 0x6D, 0xC2, 0x17, 0x30, 0xD6,
    0x30, 0xA0, 0xBD, 0x6E, 0x35, 0x80, 0x5C, 0x60, 0x43, 0x89, 0x9A, 0x0B, 0xA6, 0x82, 0xDB, 0xC6,
    0xA8, 0x6A, 0x22, 0xB4, 0x49, 0x82, 0x2C, 0x2C, 0x1E, 0x02, 0xBF, 0xC7, 0xDC, 0x1F, 0xD8, 0x3E,
    0x63, 0x3E, 0xB2, 0xB5, 0xBE, 0xB9, 0x58, 0x5E, 0xD6, 0xD0, 0xC9, 0xEA, 0x7E, 0x4E, 0x74, 0x70,
    0x6A, 0x18, 0x2E, 0x2C, 0x0D, 0xFB, 0xB5, 0x9E, 0x79, 0xF9, 0x19, 0xAF, 0x2F, 0x4F, 0xB4, 0x86,
    0x1D, 0x45, 0x9B, 0x2F, 0xE4, 0x99, 0x6B, 0xA1, 0x26, 0x5E, 0xCB, 0xF7, 0x8C, 0x7D, 0x1E, 0x5F,
    0x11, 0x5C, 0xBE, 0xD1, 0xB2, 0x37, 0x03, 0x7E, 0xE9, 0x38, 0xF5, 0xF0, 0xA6, 0x8F, 0xD4, 0x15,
    0x65, 0xBE, 0xEE, 0xC3, 0x56, 0xE1, 0xE0, 0x28, 0x56, 0x02, 0x0C, 0x37, 0xD6, 0xAD, 0x1D, 0xB7,
    0x67, 0xC6, 0xAC, 0x42, 0x84, 0x94, 0x2D, 0xFA, 0xEA, 0xFF, 0x01, 0xBD, 0x59, 0xBF, 0x8F, 0xDC,
    0xC6, 0x15, 0x7E, 0xE4, 0xC8, 0xA2, 0xAC, 0x71, 0x6E, 0x04, 0xE3, 0x82, 0x08, 0xB1, 0x75, 0x54,
    0xE1, 0x42, 0x01, 0x4E, 0x3B, 0x2E, 0x5C, 0xA8, 0xE0, 0x92, 0x3C, 0xA7, 0x70, 0x91, 0x22, 0x02,
    0x82, 0x54, 0x69, 0x53, 0x18, 0x30, 0x12, 0x38, 0xC0, 0x15, 0x02, 0xBC, 0xA7, 0xA5, 0x7D, 0xA5,
    0x9B, 0xFB, 0x0F, 0xAC, 0xD6, 0x9D, 0x0A, 0x17, 0x07, 0x83, 0x77, 0x3B, 0x77, 0x57, 0xA6, 0x08,
    0x93, 0x26, 0x45, 0x8A, 0x10, 0x89, 0x80, 0x14, 0x06, 0xA2, 0x81, 0x45, 0xC0, 0x34, 0xC0, 0xDD,
    0xC9, 0xF7, 0x86, 0x5C, 0x69, 0x2D, 0xC9, 0x89, 0xB5, 0xD0, 0x85, 0x7B, 0x33, 0xDC, 0x25, 0x39,
    0xEF, 0xD7, 0xBC, 0xF7, 0xBD, 0xF7, 0x78, 0xA2, 0x16, 0x56, 0xD4, 0x84, 0x43, 0xE4, 0x92, 0x14,
    0x3E, 0x31, 0x8D, 0x68, 0x8C, 0xCF, 0x84, 0x4A, 0x6A, 0xF1, 0x21, 0x51, 0xF0, 0xDF, 0xCC, 0x0A,
    0x37, 0x57, 0x7F, 0xCC, 0xE2, 0x8D, 0x0B, 0xE9, 0x06, 0x25, 0xAF, 0xD1, 0xE4, 0x4D, 0x9A, 0x6C,
    0xD3, 0xE4, 0x16, 0x8D, 0xDF, 0xB9, 0x92, 0xFD, 0xA1, 0x8D, 0x9D, 0x0D, 0x5D, 0x4E, 0x20, 0x55,
    0x11, 0x49, 0x57, 0x50, 0xE6, 0x2C, 0x2D, 0x82, 0x96, 0x1A, 0xFA, 0x2D, 0x59, 0xD0, 0x6F, 0x30,
    0x40, 0x4D, 0x39, 0x87, 0xB1, 0x20, 0xD0, 0xEF, 0x47, 0x89, 0x81, 0xFB, 0x02, 0xCB, 0xD4, 0x3C,
    0xA0, 0xA9, 0x73, 0xF9, 0xAE, 0x5C, 0xD0, 0x15, 0x0A, 0xE8, 0xCE, 0xEC, 0x53, 0xD2, 0x6E, 0x4E,
    0xAA, 0x28, 0x21, 0xD4, 0x88, 0x12, 0x88, 0xB7, 0x1C, 0xFC, 0x9B, 0xAF, 0xF3, 0x7D, 0x7E, 0x8E,
    0x9F, 0xD7, 0x44, 0x47, 0x31, 0x05, 0xAD, 0x2A, 0x84, 0x95, 0x46, 0x99, 0xC8, 0x68, 0xD0, 0x3D,
    0x22, 0x61, 0x5B, 0x0A, 0x1E, 0x81, 0x89, 0x33, 0x18, 0x39, 0x44, 0xEB, 0xE8, 0xC7, 0x47, 0xB7,
    0x89, 0x3A, 0xA2, 0x19, 0xC4, 0x74, 0x18, 0x01, 0xE4, 0x0B, 0xF1, 0xC8, 0xE1, 0x70, 0xB0, 0x49,
    0x56, 0x7E, 0x4C, 0x6B, 0x0A, 0xB1, 0x2A, 0xAA, 0x26, 0x24, 0x41, 0x84, 0x87, 0xC0, 0xD3, 0x6F,
    0x40, 0x91, 0x52, 0x17, 0x61, 0x2D, 0x6B, 0x51, 0x85, 0x16, 0x4A, 0x58, 0xD1, 0x04, 0x36, 0x58,
    0x44, 0x15, 0x34, 0xC9, 0x49, 0x41, 0xE3, 0xB0, 0xD7, 0xFC, 0x12, 0x46, 0x06, 0x0E, 0xB1, 0xAB,
    0x28, 0x72, 0x44, 0x77, 0x36, 0xA8, 0xD3, 0x74, 0xA8, 0x7A, 0x6B, 0x41, 0x8E, 0x86, 0xC2, 0x36,
    0x98, 0x33, 0xE9, 0x38, 0x57, 0xE1, 0x22, 0x32, 0x37, 0x95, 0xFB, 0xA4, 0x4A, 0xB4, 0x30, 0xF6,
    0xD6, 0x18, 0x36, 0xDA, 0x4D, 0x88, 0xEE, 0xFB, 0xC9, 0xFF, 0xC4, 0x8D, 0xC2, 0xE2, 0x91, 0xD3,
    0x0A, 0x0F, 0x0B, 0xE3, 0x97, 0x81, 0xC0, 0x51, 0x4F, 0xCA, 0x13, 0x8D, 0x3A, 0xF5, 0x7B, 0xDA,
    0x92, 0x8B, 0x64, 0x3C, 0x2E, 0x75, 0x49, 0x5D, 0x06, 0x99, 0x4B, 0x92, 0x27, 0x0D, 0xC5, 0x3F,
    0xAF, 0x29, 0x55, 0x86, 0x25, 0xA0, 0x32, 0x26, 0x1A, 0xAB, 0x82, 0x74, 0x64, 0x48, 0xE1, 0xBA,
    0x3C, 0xB1, 0xB0, 0x90, 0xAB, 0x78, 0xF4, 0xFB, 0xF2, 0x9C, 0xF1, 0x3C, 0x99, 0x95, 0xF3, 0x32,
    0x9F, 0x56, 0x89, 0x62, 0x99, 0x79, 0xDA, 0x55, 0xCE, 0xDC, 0xDF, 0x55, 0x0B, 0xC8, 0xAC, 0x52,
    0xC8, 0xAC, 0x54, 0x0E, 0x99, 0x05, 0x64, 0x7E, 0x25, 0xF8, 0xD5, 0x73, 0x65, 0xCE, 0x1C, 0xFF,
    0xC5, 0x55, 0xD6, 0x34, 0x89, 0x4D, 0x9A, 0x24, 0x6B, 0xE2, 0x0A, 0x5B, 0x4D, 0xAB, 0x03, 0x3E,
    0x52, 0xCC, 0x30, 0x9E, 0xBE, 0xCE, 0xC7, 0xF2, 0x5E, 0xB8, 0x20, 0xF9, 0x59, 0x7E, 0x39, 0x2A,
    0x48, 0x16, 0x70, 0x17, 0x38, 0x34, 0x3C, 0x10, 0x0C, 0xB3, 0xCF, 0x69, 0x86, 0x5B, 0xED, 0xE8,
    0xEE, 0xE6, 0x06, 0xDD, 0xC4, 0x66, 0x95, 0x94, 0x7C, 0x98, 0x1C, 0x95, 0xBA, 0xA6, 0x42, 0x54,
    0xCA, 0xA4, 0x14, 0xD8, 0xD0, 0x86, 0x75, 0x58, 0x0B, 0x6C, 0x29, 0x3E, 0x46, 0xC0, 0x8F, 0x22,
    0xC8, 0x2A, 0x0B, 0x55, 0xA8, 0x9C, 0x3F, 0x31, 0xA9, 0x3C, 0xA3, 0xB8, 0x70, 0xF0, 0xBE, 0x87,
    0x55, 0xBA, 0x50, 0x26, 0x59, 0x71, 0x66, 0xEF, 0x3A, 0x33, 0x67, 0x84, 0x73, 0x46, 0xCD, 0x35,
    0xE9, 0x6E, 0x44, 0x59, 0x37, 0xC6, 0x48, 0x28, 0x6B, 0x27, 0x94, 0x35, 0x87, 0x14, 0xC3, 0x23,
    0x43, 0x0B, 0xEB, 0xD5, 0x96, 0xC4, 0x9F, 0x31, 0x4E, 0x6B, 0x12, 0x67, 0x70, 0x8C, 0x33, 0x43,
    0x72, 0x1F, 0xFB, 0xF0, 0x1E, 0x06, 0x04, 0x8F, 0x55, 0x4E, 0x1A, 0xD2, 0x8F, 0xB0, 0x47, 0x93,
    0xE3, 0x49, 0x48, 0x97, 0x29, 0x36, 0x41, 0xF5, 0xBA, 0x99, 0xE6, 0x21, 0x84, 0xCA, 0xCC, 0x4F,
    0x8A, 0x68, 0x88, 0xDB, 0x2D, 0xBA, 0x09, 0xBE, 0xB1, 0x1D, 0x97, 0x5F, 0xC0, 0x70, 0x36, 0x39,
    0x6E, 0x74, 0xC5, 0x5B, 0x29, 0x2A, 0x66, 0x05, 0xE1, 0x9A, 0x94, 0x7D, 0xD5, 0xEF, 0x77, 0x80,
    0xEF, 0xA2, 0xEE, 0x48, 0x9D, 0x5A, 0xD2, 0xB2, 0x42, 0xD4, 0x14, 0x14, 0x18, 0x84, 0x61, 0x64,
    0xC2, 0x9A, 0x32, 0x50, 0xA6, 0x08, 0xBA, 0x92, 0xCC, 0xB1, 0x46, 0xB1, 0x66, 0x8A, 0x63, 0x74,
    0x83, 0x91, 0x62, 0x4B, 0x22, 0xAA, 0xB6, 0x15, 0xCD, 0x88, 0xD2, 0xF0, 0xDF, 0x20, 0x17, 0xFD,
    0x0E, 0x26, 0xBB, 0x96, 0x80, 0xD1, 0xDD, 0xE3, 0x5C, 0x1A, 0xC4, 0x6F, 0x4C, 0xBF, 0x3E, 0x62,
    0x83, 0x7F, 0x41, 0x9B, 0x44, 0xB7, 0x41, 0x34, 0x80, 0x47, 0x19, 0x78, 0x0D, 0x88, 0x62, 0x3F,
    0x72, 0x4D, 0x3E, 0x88, 0x31, 0x31, 0x20, 0x70, 0xD4, 0x6D, 0x89, 0xB3, 0x39, 0xDD, 0x54, 0xBF,
    0xFC, 0x8C, 0x2E, 0xE8, 0x57, 0x65, 0x0E, 0x8E, 0x92, 0xF7, 0x4B, 0xC1, 0x40, 0x78, 0x10, 0x04,
    0x6A, 0x62, 0xC3, 0x53, 0x4A, 0xD3, 0x39, 0x6E, 0x22, 0xE6, 0x65, 0x4B, 0x17, 0x73, 0x3D, 0x07,
    0x5C, 0x25, 0x8C, 0x57, 0x50, 0xBE, 0x24, 0xD1, 0x82, 0x51, 0xD4, 0xB2, 0x8B, 0x26, 0x60, 0x74,
    0x3F, 0x89, 0xE9, 0xDE, 0xAC, 0x4D, 0x84, 0xD5, 0x75, 0x2B, 0x2D, 0xAC, 0x30, 0x82, 0x95, 0xCD,
    0x97, 0x15, 0xA9, 0x4F, 0xFE, 0x62, 0xE0, 0xEF, 0x5F, 0x3D, 0xA0, 0x89, 0x82, 0xE3, 0x35, 0xAF,
    0xFC, 0xA6, 0x02, 0x23, 0x99, 0x07, 0x39, 0x50, 0x84, 0x19, 0x87, 0x6D, 0x0F, 0x58, 0x44, 0x39,
    0x7B, 0xBB, 0xC0, 0x6E, 0x18, 0x9A, 0x92, 0x80, 0xC9, 0x60, 0x1F, 0xDE, 0xEB, 0xCD, 0x09, 0x8D,
    0xD3, 0xA0, 0xD3, 0xCE, 0x46, 0x88, 0x73, 0x44, 0x37, 0x79, 0x1F, 0xC3, 0x0E, 0xF0, 0x04, 0xB7,
    0x5B, 0x3D, 0x54, 0xED, 0xB7, 0x06, 0x53, 0xC6, 0xD3, 0x91, 0xC7, 0x43, 0x06, 0x3D, 0xB8, 0x00,
    0xB4, 0x63, 0x2B, 0x14, 0x98, 0x34, 0xFB, 0x4F, 0xCA, 0x53, 0xC9, 0x36, 0x77, 0x50, 0x13, 0x4E,
    0xB4, 0x00, 0xEA, 0xE0, 0x2A, 0x04, 0xC8, 0x48, 0x03, 0xBC, 0x98, 0xBF, 0x66, 0xAA, 0x4F, 0x78,
    0xB6, 0xD4, 0x07, 0xE6, 0xB9, 0xB3, 0x3C, 0x60, 0xDD, 0xD8, 0x30, 0x7A, 0x0F, 0xD3, 0xFB, 0x3F,
    0x3D, 0x7F, 0x96, 0x1A, 0xD1, 0x80, 0x68, 0x82, 0x3D, 0xED, 0xF1, 0xF9, 0x73, 0xDB, 0xDD, 0xC0,
    0xC4, 0xA0, 0x48, 0x87, 0x31, 0x3D, 0x73, 0x9C, 0x0B, 0xCB, 0xC8, 0x13, 0x65, 0x9B, 0xDE, 0x64,
    0x14, 0xD9, 0xE6, 0xE9, 0x47, 0x3C, 0x29, 0xCF, 0x88, 0xEF, 0x4E, 0xF9, 0xDB, 0x02, 0x53, 0xF0,
    0xED, 0x92, 0x9B, 0xAC, 0x98, 0x9B, 0xF9, 0x0E, 0xB7, 0x0E, 0xDC, 0x82, 0xFF, 0xB5, 0x83, 0x10,
    0xC7, 0xB1, 0xB7, 0xF0, 0x23, 0xA0, 0xD0, 0x3B, 0xB9, 0x57, 0xA7, 0x67, 0x81, 0x5B, 0x8F, 0xFC,
    0x49, 0x9E, 0xF9, 0xB2, 0x40, 0x0B, 0xFF, 0x7C, 0x29, 0xF9, 0x14, 0x58, 0x4E, 0x7C, 0x20, 0xAD,
    0xD8, 0xBF, 0x63, 0x86, 0x60, 0x8F, 0xB8, 0xB9, 0xF7, 0x41, 0xA6, 0x2F, 0x7C, 0x78, 0x78, 0xBE,
    0xB8, 0x8B, 0xAF, 0x7C, 0xF2, 0xC0, 0x3E, 0x45, 0x81, 0x30, 0x0F, 0x3B, 0x59, 0x23, 0xE6, 0x0A,
    0xBA, 0x92, 0x0D, 0xBE, 0xBB, 0x44, 0x4D, 0x1E, 0xDD, 0x70, 0x46, 0x3E, 0x00, 0xBE, 0x8A, 0x5A,
    0x57, 0xDA, 0x30, 0xDF, 0xC0, 0x3D, 0x20, 0x7A, 0x87, 0x51, 0x95, 0x49, 0x23, 0xA3, 0xCE, 0x71,
    0x46, 0xAC, 0x72, 0x5C, 0x42, 0xA6, 0x25, 0xE6, 0xFA, 0x03, 0x06, 0xE8, 0x42, 0x1E, 0xD6, 0x0B,
    0xE3, 0xC3, 0x22, 0x1A, 0x32, 0xB6, 0xE2, 0x5A, 0x02, 0x59, 0x1C, 0x40, 0xE2, 0xC3, 0x94, 0x05,
    0x66, 0x39, 0xD2, 0x41, 0x16, 0x68, 0x02, 0x57, 0x73, 0x03, 0x71, 0x5E, 0x05, 0x5C, 0xEC, 0x23,
    0xEC, 0x25, 0xD2, 0xBE, 0xCA, 0x8A, 0x00, 0x56, 0xFE, 0x65, 0xE8, 0xF2, 0xCE, 0xC1, 0x4B, 0xA5,
    0x2D, 0x77, 0x80, 0x93, 0x67, 0xD6, 0x9F, 0x57, 0x8E, 0x97, 0x42, 0xFB, 0x3A, 0x31, 0x64, 0xFB,
    0x7C, 0xD0, 0x1F, 0xA1, 0x6B, 0x43, 0x80, 0xA7, 0xF6, 0x17, 0x53, 0xFF, 0xB4, 0x77, 0x79, 0x46,
    0xA3, 0x96, 0xB7, 0x05, 0xEC, 0x50, 0x23, 0x81, 0x21, 0xF8, 0x21, 0xE7, 0x3A, 0xDE, 0xB5, 0x4D,
    0x7E, 0x22, 0xF4, 0x99, 0x78, 0x6D, 0x22, 0x41, 0xC1, 0xB1, 0xB1, 0x57, 0xD2, 0xBD, 0x9F, 0xAD,
    0x4F, 0xC4, 0x6E, 0x73, 0x12, 0xB4, 0x4F, 0x36, 0x77, 0x1D, 0x22, 0x53, 0x77, 0xC0, 0xE0, 0x04,
    0xBF, 0xED, 0x02, 0xE7, 0x43, 0x20, 0xE7, 0xAC, 0x65, 0xF0, 0xA8, 0xEC, 0xA7, 0xCC, 0xA1, 0x72,
    0x98, 0x3A, 0x5F, 0x8C, 0x02, 0x1D, 0xA0, 0x36, 0xF2, 0x18, 0x72, 0x0F, 0xBE, 0xD3, 0x1E, 0xA6,
    0xA0, 0x43, 0x09, 0x04, 0x48, 0xD1, 0xCE, 0xD7, 0xA5, 0x0F, 0x58, 0x92, 0x63, 0xE5, 0xB7, 0x0C,
    0xFB, 0x74, 0xD2, 0xAD, 0xEE, 0xE2, 0x02, 0x9C, 0x43, 0xC7, 0x39, 0xDA, 0x81, 0xB2, 0x78, 0x58,
    0x28, 0x23, 0xFE, 0x66, 0x54, 0x81, 0xA2, 0x41, 0xE5, 0x08, 0xD7, 0x98, 0xF3, 0x39, 0x28, 0x7F,
    0x6C, 0x33, 0x70, 0x81, 0x76, 0x31, 0x95, 0x63, 0xB0, 0x9A, 0x94, 0xD8, 0xD1, 0x71, 0x09, 0xA5,
    0xD2, 0x16, 0x6A, 0xC5, 0x2D, 0x82, 0x0E, 0x06, 0x2C, 0x3D, 0xC2, 0x04, 0x9C, 0x36, 0x7C, 0x0C,
    0xF5, 0x41, 0x74, 0xE3, 0x3B, 0x88, 0x37, 0x94, 0x79, 0x50, 0x7E, 0x0E, 0x49, 0x11, 0xBB, 0x29,
    0x0B, 0xAE, 0xD9, 0x43, 0x62, 0xEF, 0x0B, 0x39, 0xD7, 0x06, 0x79, 0xC9, 0x3F, 0xCB, 0x01, 0x8B,
    0x32, 0x9E, 0xF6, 0xF0, 0x41, 0x3C, 0x73, 0xC5, 0x89, 0x62, 0x4E, 0x73, 0xC1, 0xC8, 0xBE, 0x3F,
    0xF3, 0x0A, 0x7A, 0x9E, 0x11, 0x4F, 0x71, 0xFE, 0x7F, 0x62, 0xF9, 0xAA, 0x87, 0x39, 0x50, 0x0E,
    0xBF, 0x41, 0x00, 0x84, 0xC5, 0xBD, 0x73, 0x67, 0x19, 0xCE, 0xB7, 0xA1, 0x24, 0xFB, 0x86, 0x8A,
    0xEC, 0xB9, 0x73, 0x43, 0x2F, 0x40, 0xBE, 0xB2, 0x87, 0x7B, 0xD8, 0x67, 0x12, 0xD7, 0x79, 0xB0,
    0x7C, 0x8D, 0xAE, 0x66, 0xB4, 0x17, 0x9F, 0xB4, 0xD1, 0x37, 0x75, 0x80, 0xC6, 0x6A, 0x06, 0x9F,
    0x2D, 0xF0, 0x5D, 0x9D, 0xB4, 0x19, 0x1D, 0xBD, 0x89, 0x5D, 0x0D, 0x5D, 0xFD, 0x21, 0x1C, 0x7B,
    0x51, 0x03, 0xEE, 0x66, 0x05, 0x4A, 0x2A, 0x5D, 0x20, 0xD9, 0xCD, 0x10, 0x0B, 0xE2, 0xAF, 0xF0,
    0x58, 0xF5, 0x5E, 0xA5, 0x29, 0xE1, 0x1E, 0xCD, 0xA2, 0x92, 0xE5, 0x0E, 0x26, 0x43, 0x1D, 0x6B,
    0xF4, 0xA4, 0x8F, 0x88, 0x8C, 0x93, 0x08, 0xA2, 0xA3, 0x91, 0x0D, 0x7D, 0x89, 0x52, 0x9A, 0x6E,
    0x4F, 0xBF, 0xA5, 0x1E, 0xF2, 0x87, 0x5A, 0xC7, 0xEB, 0xF9, 0xD6, 0xAA, 0x9E, 0xF0, 0x29, 0x44,
    0x02, 0xBA, 0x0A, 0xC6, 0x17, 0x1F, 0x63, 0x1C, 0x09, 0xC4, 0x91, 0x40, 0x1C, 0x09, 0x70, 0xFC,
    0x8C, 0x63, 0x3A, 0xE5, 0x58, 0x1D, 0xF3, 0x34, 0x61, 0xDF, 0x2F, 0x39, 0xB6, 0x4B, 0x0E, 0xED,
    0x3D, 0x9F, 0xB9, 0x3E, 0x06, 0x3C, 0x73, 0x5F, 0x89, 0xED, 0xEB, 0x5B, 0x63, 0xD3, 0xA7, 0xB4,
    0x1E, 0x15, 0xD1, 0xCF, 0x9E, 0x3F, 0xCB, 0xAB, 0x34, 0xA4, 0x3B, 0xF1, 0x15, 0xF8, 0xAE, 0xE4,
    0x89, 0x73, 0x63, 0x29, 0x39, 0x2A, 0xD5, 0x3E, 0x8C, 0xAA, 0xDE, 0xAD, 0x9F, 0x76, 0xA0, 0x73,
    0xD2, 0xF2, 0x7A, 0x5F, 0xBB, 0x72, 0x5E, 0x92, 0x4F, 0x2A, 0x66, 0x4E, 0x10, 0x13, 0xD4, 0x45,
    0x5C, 0xBE, 0x70, 0xE1, 0x12, 0xA3, 0x20, 0x50, 0xEF, 0x02, 0x57, 0xF7, 0x6B, 0x8A, 0xFE, 0x64,
    0x50, 0xBB, 0xC0, 0x2C, 0x20, 0x12, 0x0E, 0x4B, 0xC5, 0x73, 0xD2, 0x1A, 0x23, 0xDA, 0xE3, 0x74,
    0x87, 0x52, 0x07, 0x55, 0x4C, 0x15, 0x99, 0x37, 0xAC, 0x2C, 0x84, 0x55, 0x45, 0x68, 0x55, 0x8E,
    0x33, 0xEE, 0xC6, 0xA4, 0x0D, 0x63, 0x2F, 0x43, 0x2F, 0xE7, 0x82, 0x65, 0x23, 0x77, 0xD8, 0x87,
    0x4D, 0x0E, 0x88, 0xAF, 0x69, 0x8E, 0x86, 0xD0, 0x52, 0xC3, 0xDD, 0x3D, 0x1A, 0xC1, 0x5A, 0x9E,
    0xBA, 0x5C, 0xED, 0x3B, 0x6E, 0x04, 0x4D, 0x4F, 0x03, 0x1D, 0x06, 0x06, 0xF7, 0x54, 0x63, 0x54,
    0x66, 0x09, 0x68, 0xA2, 0xAF, 0x40, 0x6F, 0xFF, 0xC0, 0x17, 0xE9, 0x23, 0x9F, 0x33, 0xA3, 0x21,
    0xE3, 0xD1, 0xAC, 0x16, 0xAE, 0x93, 0xD5, 0xDD, 0xA8, 0x4F, 0x34, 0x1F, 0xCC, 0xA5, 0xEB, 0xB2,
    0x3C, 0x29, 0xA9, 0x6C, 0x83, 0xB6, 0x93, 0xED, 0x74, 0xD1, 0xC4, 0x4D, 0xE3, 0x57, 0x8E, 0x39,
    0xF8, 0x44, 0xFD, 0x62, 0x0B, 0x59, 0xED, 0x18, 0x25, 0xD4, 0xFB, 0x97, 0x97, 0xCB, 0xA0, 0x3D,
    0xA2, 0xBE, 0xBA, 0x4B, 0x7E, 0x25, 0x8F, 0x0F, 0xD0, 0x40, 0xE1, 0x1A, 0x56, 0xC3, 0xDA, 0x25,
    0x61, 0x3D, 0x81, 0x00, 0x81, 0x02, 0x79, 0xDE, 0x48, 0x5B, 0xD4, 0x97, 0x75, 0xEB, 0xD3, 0xB8,
    0xA3, 0xFA, 0x52, 0xFA, 0xCE, 0xC6, 0xFA, 0x34, 0x04, 0x76, 0xBD, 0xA3, 0x8D, 0x6B, 0xFC, 0x27,
    0x3B, 0xAF, 0xDA, 0x0F, 0xB6, 0xC3, 0xAC, 0xD6, 0x2D, 0x38, 0xCE, 0xB1, 0xFB, 0xB2, 0x9A, 0xD6,
    0x3A, 0xBF, 0x08, 0x3E, 0xEC, 0x1B, 0x19, 0x37, 0x94, 0xA8, 0x69, 0x9C, 0x41, 0x05, 0x8B, 0x79,
    0x7A, 0x30, 0xF1, 0xC5, 0x27, 0x97, 0x9E, 0x6D, 0xC0, 0x65, 0x71, 0x27, 0x1F, 0x16, 0x25, 0xB6,
    0xFE, 0x17, 0xAE, 0x45, 0xBA, 0x0C, 0x18, 0x3D, 0xFD, 0x0B, 0x20, 0x48, 0x5B, 0xC3, 0x1F, 0xF3,
    0x4B, 0xB4, 0x5A, 0xBE, 0x2E, 0xC7, 0x98, 0xAE, 0x50, 0xB6, 0xD3, 0xA2, 0x9C, 0x02, 0xD0, 0xC2,
    0x78, 0xA1, 0xF1, 0x0A, 0xC0, 0x02, 0x43, 0xEB, 0x70, 0x69, 0x68, 0x0F, 0xD5, 0x50, 0xBA, 0x2E,
    0x8F, 0x69, 0xE3, 0x7D, 0x54, 0x01, 0x0F, 0x91, 0xC3, 0x8B, 0xD4, 0xD7, 0x0D, 0x90, 0x0B, 0xA5,
    0xF3, 0x13, 0xDA, 0x90, 0x1B, 0x00, 0xCD, 0xED, 0x6A, 0xE8, 0xCB, 0xEE, 0x4B, 0x03, 0x1C, 0x41,
    0xEA, 0xB0, 0x7E, 0x21, 0x5A, 0xE9, 0xD3, 0xB4, 0xF8, 0x0D, 0x55, 0x8C, 0xEE, 0xEA, 0xC6, 0xE5,
    0xF5, 0xE5, 0x49, 0xB0, 0xDB, 0x25, 0x70, 0xE1, 0x96, 0x5C, 0x9B, 0xC6, 0x75, 0x44, 0xDF, 0x18,
    0xA1, 0x72, 0x91, 0x97, 0x9B, 0x59, 0xFF, 0xBA, 0xC5, 0xBF, 0x8F, 0x4C, 0x71, 0x3D, 0xC1, 0x9A,
    0x43, 0x46, 0x8B, 0x4D, 0x2A, 0xC3, 0xA6, 0xAF, 0x1F, 0xBF, 0xFF, 0x29, 0x60, 0x83, 0x3A, 0xA6,
    0x1B, 0x17, 0xA9, 0xEF, 0xD8, 0x74, 0x3D, 0x14, 0x6E, 0x30, 0x3B, 0x02, 0x91, 0x5F, 0x09, 0x15,
    0xBC, 0x0D, 0xCA, 0x6F, 0xC8, 0xC8, 0xDB, 0x24, 0x51, 0xF9, 0x9E, 0x2A, 0x12, 0xF9, 0x02, 0x4B,
    0x48, 0xFD, 0x23, 0x47, 0x1B, 0xD4, 0x43, 0xB5, 0xF8, 0x7B, 0x41, 0x01, 0x9E, 0x9C, 0xED, 0x9B,
    0xC8, 0x3D, 0x32, 0xAA, 0x9A, 0x01, 0xBD, 0xB4, 0x49, 0x80, 0x62, 0xA8, 0xB7, 0x0C, 0xF4, 0x2C,
    0x38, 0xB5, 0x8D, 0xB9, 0x23, 0xDB, 0xE9, 0x06, 0x2F, 0x81, 0xE5, 0xB4, 0xAB, 0xFA, 0x06, 0x77,
    0x80, 0xDA, 0x4F, 0x3B, 0x9F, 0x65, 0x55, 0x03, 0x9C, 0x35, 0xFE, 0x85, 0x13, 0x5B, 0x90, 0xB4,
    0x4F, 0xD5, 0x1A, 0x3A, 0xA6, 0xDE, 0x4E, 0x13, 0x4A, 0x7C, 0x7F, 0xD9, 0x32, 0x56, 0x7D, 0xAF,
    0x67, 0x59, 0xEF, 0xB5, 0xAA, 0x62, 0x14, 0x55, 0x39, 0xA7, 0xFD, 0xC4, 0xCB, 0xE1, 0x07, 0xB2,
    0x7E, 0x4F, 0x2F, 0x7B, 0x2C, 0x4F, 0xFE, 0x5F, 0x3C, 0x6B, 0x0D, 0x5A, 0xCF, 0x78, 0xD6, 0x1A,
    0x34, 0x34, 0x17, 0x17, 0x4F, 0xEC, 0xB3, 0x16, 0x8D, 0x67, 0xBC, 0x73, 0x0D, 0x1A, 0xA3, 0x95,
    0xCE, 0x68, 0xE5, 0x60, 0x04, 0xE1, 0xF1, 0xF8, 0xC2, 0xF2, 0xB9, 0xE1, 0x85, 0x24, 0xC5, 0xDD,
    0xDB, 0x5C, 0x7B, 0x85, 0x0D, 0x7A, 0x80, 0x2A, 0x46, 0xEB, 0xFC, 0x51, 0xAD, 0x76, 0xFE, 0x59,
    0xC7, 0xD1, 0x7E, 0x1D, 0x6F, 0x89, 0x2A, 0xDE, 0x95, 0xF0, 0x15, 0x78, 0x71, 0x35, 0xF5, 0x2F,
    0xA6, 0xDF, 0x9E, 0x55, 0x3E, 0x31, 0x36, 0x3E, 0x48, 0xB6, 0x96, 0x44, 0x48, 0x8F, 0x68, 0x04,
    0x0F, 0x87, 0x8B, 0xC3, 0xC7, 0x27, 0x54, 0xC2, 0xCB, 0x1B, 0x6A, 0x9A, 0xC0, 0x36, 0xC2, 0xB6,
    0xCA, 0xCE, 0x5C, 0xAD, 0xBF, 0xC6, 0xCA, 0xFB, 0x0C, 0x92, 0xD0, 0xF4, 0xC2, 0x8B, 0xAC, 0x42,
    0x6E, 0x3E, 0x6E, 0x82, 0x83, 0xB7, 0x7E, 0xF8, 0x92, 0xB0, 0x9E, 0x08, 0x5B, 0x06, 0xD5, 0xAD,
    0x17, 0x91, 0x2D, 0x1C, 0x3C, 0x34, 0xA5, 0xE5, 0xDB, 0x35, 0x5F, 0x5D, 0x55, 0xFC, 0x2F, 0x08,
    0x7E, 0xF3, 0xC8, 0x89, 0x39, 0x46, 0xEA, 0xC6, 0x7D, 0x0B, 0xE7, 0xB3, 0x08, 0xF6, 0xAF, 0x81,
    0xF8, 0x8F, 0xE0, 0x84, 0x33, 0xE3, 0x9B, 0x66, 0x9A, 0x0E, 0xB8, 0x51, 0xF6, 0x29, 0x7E, 0xCA,
    0xB7, 0x8A, 0x95, 0x9C, 0xDD, 0xF6, 0x75, 0x61, 0xF0, 0x68, 0x81, 0x4D, 0x73, 0x45, 0xD8, 0xA1,
    0xD8, 0x04, 0x75, 0x81, 0x19, 0x1C, 0x90, 0xFE, 0x91, 0xFA, 0x0B, 0x51, 0xE3, 0x6A, 0x85, 0xE0,
    0x32, 0xB1, 0xCD, 0x72, 0x8D, 0x66, 0x2E, 0xD5, 0xCD, 0xB3, 0xE9, 0x7F, 0x84, 0x60, 0xCE, 0x00,
    0x34, 0xD7, 0x44, 0xF1, 0xB2, 0xE4, 0xFC, 0x0F, 0xBD, 0x5A, 0x3D, 0x8F, 0xDC, 0xD6, 0x15, 0xBD,
    0x24, 0x1D, 0xD1, 0x10, 0x81, 0xD0, 0x08, 0x5C, 0xC4, 0x81, 0x21, 0xA6, 0x70, 0xE1, 0xC2, 0x5E,
    0xB6, 0x2E, 0x66, 0x86, 0xB4, 0x52, 0xA6, 0x50, 0x7E, 0x42, 0x0A, 0x77, 0x29, 0xE2, 0xC2, 0x85,
    0x03, 0xCC, 0x6A, 0xE8, 0xA8, 0x4C, 0xA3, 0x9F, 0xE0, 0x22, 0xBD, 0x5D, 0xA8, 0x18, 0x04, 0x94,
    0xC9, 0x48, 0x4D, 0x00, 0x17, 0x22, 0xE2, 0x22, 0x45, 0x0A, 0x31, 0xB2, 0x01, 0x37, 0x01, 0xF4,
    0x2C, 0x33, 0x36, 0x9D, 0x70, 0xF7, 0xE5, 0x9C, 0xFB, 0x38, 0x5F, 0xAB, 0x95, 0x25, 0xED, 0xCE,
    0x6A, 0x04, 0x72, 0xB5, 0x5C, 0xF2, 0xDE, 0xF3, 0xEE, 0xBB, 0x1F, 0xE7, 0x5E, 0x8E, 0x48, 0x66,
    0x45, 0xDC, 0xE9, 0xC4, 0x27, 0x6E, 0x71, 0x4A, 0x0C, 0xFF, 0xCA, 0xD3, 0x6D, 0x9E, 0x3A, 0x9C,
    0x02, 0xD3, 0x89, 0x84, 0x75, 0x8F, 0x3B, 0x0A, 0x9C, 0x52, 0x29, 0x45, 0x66, 0x3C, 0x95, 0x32,
    0x17, 0xB1, 0xF6, 0x48, 0x02, 0x6B, 0x8F, 0x25, 0x6C, 0x70, 0x35, 0xAE, 0x25, 0x93, 0x34, 0xC7,
    0x29, 0xE3, 0x9D, 0xAA, 0x67, 0x5B, 0x57, 0xD5, 0xE2, 0xE6, 0x41, 0xA2, 0xE6, 0xBA, 0x84, 0xB8,
    0x9D, 0x82, 0xE4, 0x77, 0x47, 0x12, 0xE1, 0x5A, 0x96, 0x4F, 0x20, 0xB1, 0x94, 0xDE, 0xEB, 0x65,
    0x88, 0x7A, 0x59, 0x1C, 0x77, 0x92, 0x74, 0x50, 0x2D, 0x93, 0x18, 0xA7, 0xF4, 0x18, 0xA7, 0xA8,
    0x7B, 0x21, 0x88, 0xA1, 0xFD, 0x7C, 0x88, 0xF7, 0x07, 0x4C, 0xD6, 0xC0, 0x44, 0xFE, 0xC0, 0x13,
    0x25, 0xFB, 0xB4, 0x85, 0x1C, 0x11, 0x1C, 0xB0, 0x01, 0x9A, 0x22, 0x9B, 0x01, 0x17, 0x60, 0x01,
    0x15, 0x40, 0x01, 0x13, 0x20, 0x01, 0x51, 0x02, 0xBD, 0x51, 0x21, 0x57, 0x80, 0xA7, 0x95, 0xB8,
    0x01, 0x86, 0x5A, 0x28, 0x5B, 0x45, 0xBE, 0xB1, 0x59, 0x67, 0x64, 0x0B, 0x59, 0x58, 0xE3, 0x1F,
    0xF9, 0x43, 0xD4, 0xCA, 0x3C, 0x2E, 0xE4, 0x15, 0xE8, 0x95, 0x29, 0x0E, 0x40, 0x23, 0x46, 0x3D,
    0x86, 0xF1, 0xE7, 0x6D, 0x91, 0x3C, 0x93, 0xA0, 0x4D, 0x9B, 0xB4, 0x8E, 0xAC, 0x15, 0xCF, 0x7E,
    0x85, 0xAB, 0xAF, 0xBA, 0xBB, 0x61, 0x0F, 0x09, 0x9A, 0x8D, 0xEC, 0x45, 0x2B, 0x3E, 0xD6, 0x16,
    0xB5, 0x99, 0x24, 0xF9, 0xCB, 0xB2, 0x2D, 0x77, 0x75, 0x4C, 0xE5, 0x15, 0xC9, 0xDE, 0xED, 0x25,
    0xB6, 0x06, 0x36, 0xC8, 0x71, 0xE5, 0xE7, 0x34, 0x7E, 0x2E, 0xC1, 0xD7, 0xB5, 0x5C, 0x7E, 0xF7,
    0xE6, 0x5E, 0x71, 0x06, 0xD8, 0x8A, 0x14, 0x7F, 0x7D, 0xEF, 0xB5, 0x73, 0xE0, 0x7B, 0xCB, 0xF9,
    0x82, 0x4C, 0x76, 0xA3, 0x68, 0x2F, 0xF8, 0xB0, 0x3D, 0x01, 0x36, 0xDA, 0xAF, 0xCF, 0x8E, 0xCF,
    0x2F, 0x3E, 0x86, 0xED, 0xB0, 0x09, 0x76, 0xFF, 0xFB, 0x3C, 0x85, 0xEF, 0xC4, 0x3D, 0x75, 0x9C,
    0x1D, 0x5F, 0x78, 0xC7, 0x40, 0x18, 0x04, 0x1C, 0xAE, 0xA1, 0x79, 0xD6, 0xE6, 0xBE, 0x05, 0x36,
    0x73, 0x69, 0xC0, 0xF2, 0xAF, 0xC3, 0x85, 0xB2, 0xB0, 0x96, 0x34, 0xC2, 0x11, 0xF3, 0x28, 0x70,
    0x20, 0x52, 0x13, 0x18, 0x1E, 0x08, 0xCA, 0x0C, 0x8E, 0x36, 0x93, 0xD0, 0x4C, 0x65, 0x51, 0x2F,
    0x10, 0x36, 0x95, 0x55, 0x37, 0x31, 0xD8, 0x5D, 0xEF, 0x11, 0x56, 0xEE, 0x7F, 0x4B, 0x3B, 0x7E,
    0x0D, 0x37, 0xBA, 0xD1, 0x40, 0xE9, 0xF7, 0x35, 0xFC, 0x7F, 0x01, 0x39, 0x92, 0x16, 0xD8, 0xB9,
    0xA4, 0x00, 0x28, 0x88, 0x9B, 0x4B, 0x4C, 0x88, 0x09, 0x4F, 0x33, 0x02, 0xBD, 0x8E, 0x98, 0xBB,
    0x8A, 0xE0, 0x8A, 0x11, 0xE2, 0x12, 0x1C, 0x73, 0x7F, 0x2D, 0x81, 0x5A, 0xDB, 0x89, 0x07, 0xC3,
    0x89, 0x6F, 0xB0, 0x44, 0xF8, 0x50, 0xC2, 0x4D, 0x8A, 0x73, 0xC0, 0x8C, 0xF3, 0xCA, 0x16, 0x71,
    0x6E, 0x79, 0x22, 0x52, 0x84, 0x37, 0x6E, 0x81, 0xF0, 0x29, 0xE5, 0x0E, 0xB8, 0x10, 0x74, 0xB8,
    0xF0, 0x7B, 0x2C, 0xC8, 0x6A, 0x46, 0x6C, 0x75, 0xC1, 0x06, 0x66, 0xB3, 0x38, 0x8E, 0x35, 0x5C,
    0xAA, 0x1B, 0x35, 0x41, 0x12, 0x23, 0x21, 0x12, 0x21, 0x00, 0x2A, 0x3E, 0xC2, 0x23, 0x3A, 0x82,
    0x23, 0x36, 0x42, 0x53, 0x64, 0x01, 0xCC, 0x19, 0x8E, 0xD2, 0x36, 0x56, 0x1C, 0x7C, 0x1E, 0xC6,
    0x39, 0x11, 0x03, 0x11, 0x56, 0x94, 0x88, 0x71, 0x6F, 0xDD, 0xB3, 0x40, 0x46, 0x60, 0x9A, 0x03,
    0xB2, 0xD1, 0x8F, 0xB9, 0x63, 0x0B, 0xC0, 0xA9, 0x1C, 0xC2, 0x7C, 0x27, 0x6F, 0x2F, 0x3A, 0xA8,
    0x3A, 0x86, 0xFD, 0x52, 0x3C, 0x17, 0x03, 0x5B, 0x54, 0x63, 0x25, 0xB0, 0xBA, 0x2D, 0x36, 0x3B,
    0x8C, 0xC7, 0xF2, 0x12, 0xF2, 0x3B, 0x2C, 0x09, 0xF6, 0x0A, 0xFE, 0xCA, 0xAD, 0x86, 0xF6, 0x6A,
    0xBF, 0xD8, 0x52, 0x60, 0x8B, 0x86, 0xF3, 0x61, 0xD3, 0xA8, 0x9D, 0x8D, 0x51, 0xBC, 0x47, 0x6C,
    0x5E, 0xEB, 0xB2, 0x8B, 0xD7, 0x9E, 0x19, 0xDB, 0xDE, 0x70, 0x84, 0x85, 0x2B, 0x98, 0xA1, 0x51,
    0x1C, 0x74, 0xB3, 0xB8, 0x7D, 0x36, 0x1C, 0x81, 0x85, 0xB2, 0x0F, 0xD5, 0x43, 0x45, 0xFE, 0x8B,
    0xE3, 0x33, 0x1C, 0xC1, 0xDF, 0x4F, 0x8B, 0xD8, 0x3D, 0xEC, 0x67, 0xE2, 0xF6, 0xD3, 0x6F, 0xCE,
    0xB1, 0x9F, 0x97, 0x78, 0xA5, 0x16, 0xEF, 0x3B, 0xA3, 0x99, 0x6F, 0x3B, 0xDB, 0x55, 0x3F, 0x96,
    0xED, 0xEC, 0x11, 0x8E, 0x01, 0xDA, 0x4B, 0x64, 0xBB, 0xE1, 0x10, 0x19, 0x05, 0xA1, 0xDD, 0x21,
    0xDB, 0x19, 0x94, 0x52, 0xE3, 0xD9, 0xD6, 0x68, 0x0E, 0x0C, 0x1F, 0xE6, 0xF2, 0x8B, 0x31, 0xDD,
    0xA5, 0xED, 0xA7, 0x78, 0xCC, 0xE0, 0x2E, 0x13, 0xD6, 0x51, 0x1B, 0x17, 0x41, 0x83, 0x24, 0x50,
    0xC7, 0x48, 0xDB, 0x09, 0x56, 0x1F, 0xA3, 0xDC, 0xC6, 0x45, 0x92, 0x47, 0xED, 0x82, 0xD5, 0x1C,
    0xEE, 0xFF, 0x89, 0xAE, 0xFA, 0x25, 0xF8, 0x5C, 0x86, 0xCA, 0x98, 0x58, 0xE3, 0x30, 0x7B, 0xC5,
    0x1B, 0xC8, 0x27, 0xD8, 0x20, 0xC6, 0x6F, 0x96, 0xEF, 0x15, 0x73, 0xFC, 0xAB, 0x06, 0x79, 0xA1,
    0x18, 0x99, 0xC2, 0xFE, 0x30, 0xCB, 0x4F, 0xC7, 0x9D, 0x4C, 0x1E, 0xAF, 0x7A, 0xE7, 0xB6, 0xF3,
    0x72, 0xAC, 0x3B, 0x1F, 0xEC, 0x17, 0xF3, 0x5E, 0xB0, 0x8D, 0x29, 0xE3, 0xED, 0xF1, 0xC0, 0x83,
    0xBE, 0x86, 0x78, 0x32, 0x4A, 0x51, 0x86, 0x87, 0xE3, 0x97, 0x7B, 0xB6, 0xF7, 0x25, 0x95, 0x46,
    0x1E, 0xF0, 0x03, 0x54, 0xF8, 0x37, 0xDF, 0xDB, 0xCE, 0xF4, 0x08, 0x94, 0x06, 0xA1, 0x17, 0xD6,
    0x38, 0x45, 0x35, 0x8B, 0x51, 0xCD, 0x62, 0x54, 0x20, 0x04, 0xE3, 0x1C, 0x31, 0x88, 0xF0, 0xB1,
    0x90, 0xEE, 0x4E, 0x39, 0x6B, 0x1E, 0x83, 0x97, 0xA5, 0x93, 0x91, 0x58, 0x32, 0x14, 0x07, 0xDA,
    0xA1, 0xC7, 0x12, 0x20, 0xAC, 0x64, 0x65, 0x23, 0x57, 0xF0, 0xE0, 0x35, 0xD1, 0xFD, 0x8D, 0xC7,
    0xF3, 0xC3, 0x3F, 0xF9, 0x63, 0x88, 0x93, 0x9F, 0x84, 0x9F, 0x83, 0x14, 0x53, 0x6E, 0x87, 0x6A,
    0x87, 0x05, 0xA1, 0xF0, 0x51, 0x9F, 0x30, 0x68, 0x67, 0x72, 0x00, 0xB1, 0x33, 0x2C, 0x66, 0x02,
    0xC9, 0x13, 0x65, 0xB7, 0x3D, 0xB7, 0xB7, 0x47, 0x96, 0x50, 0xD4, 0x09, 0x20, 0x0D, 0x29, 0x4F,
    0x27, 0x51, 0x6F, 0x00, 0x8F, 0x25, 0x54, 0x51, 0x4F, 0x9F, 0x80, 0x9A, 0x36, 0x5F, 0x8A, 0xE6,
    0x01, 0x32, 0x0B, 0x8F, 0x20, 0x1F, 0x1D, 0xD3, 0xA6, 0x45, 0x30, 0x40, 0x2E, 0xAC, 0xCF, 0x7F,
    0x11, 0x8E, 0xB8, 0x88, 0x58, 0x9D, 0x0B, 0x40, 0x3D, 0x01, 0x14, 0xB2, 0x16, 0xBF, 0x66, 0x7D,
    0x47, 0x0A, 0x3A, 0xDA, 0x2C, 0xD8, 0xF6, 0x38, 0x3A, 0xE7, 0xEE, 0xB3, 0xAD, 0xC4, 0xB5, 0xA2,
    0x48, 0xBD, 0x3B, 0x54, 0xA7, 0x71, 0x69, 0x7F, 0x95, 0x03, 0x2B, 0x18, 0x10, 0xE9, 0x0F, 0xA5,
    0xAA, 0xA9, 0xEC, 0x68, 0x43, 0xB4, 0x03, 0x69, 0xCB, 0x3B, 0x70, 0x03, 0x0C, 0x88, 0xD5, 0x82,
    0x96, 0x63, 0x91, 0x58, 0x62, 0xAC, 0x7E, 0x74, 0xE0, 0x54, 0xE0, 0x59, 0xBB, 0x83, 0x82, 0x20,
    0x52, 0x71, 0x0C, 0x9F, 0x00, 0xB4, 0x5D, 0xA0, 0xE6, 0x9E, 0xBA, 0xA1, 0x1A, 0x9A, 0x9D, 0x58,
    0xF7, 0x68, 0x75, 0x5C, 0xE9, 0xF3, 0x8B, 0xBA, 0x82, 0x93, 0xB9, 0x7D, 0x39, 0x50, 0xF2, 0xC0,
    0xDD, 0x58, 0xF2, 0xC9, 0xE5, 0x81, 0x64, 0x03, 0x1B, 0x82, 0xB3, 0xEA, 0x58, 0x1E, 0x64, 0x03,
    0x9B, 0x9C, 0x27, 0xEB, 0x38, 0x83, 0xD0, 0x2B, 0x1A, 0xFA, 0xA8, 0xEE, 0x0B, 0xD1, 0x32, 0x82,
    0x6E, 0x25, 0xAC, 0xB7, 0x6A, 0x8D, 0x66, 0xB3, 0x99, 0x06, 0xE2, 0x44, 0xA3, 0x6E, 0xA9, 0xFB,
    0x6F, 0x94, 0x48, 0x19, 0x7A, 0x67, 0x50, 0xC8, 0xEB, 0xFA, 0xC7, 0x45, 0xA1, 0x19, 0x95, 0x46,
    0xAE, 0x79, 0xF5, 0xAC, 0xEB, 0xFC, 0xD1, 0xF5, 0x01, 0x83, 0x3A, 0x48, 0xA9, 0x2E, 0x32, 0xE8,
    0xEE, 0xF5, 0x7A, 0xEE, 0x28, 0x1B, 0xD2, 0xCA, 0xD5, 0x19, 0x32, 0x5D, 0x4F, 0xD4, 0x13, 0x14,
    0x5D, 0x26, 0x62, 0xD0, 0xD2, 0xF5, 0x0D, 0x9D, 0x32, 0x40, 0x8A, 0x00, 0x49, 0x6C, 0xA2, 0xFA,
    0x33, 0x68, 0x66, 0xC3, 0x09, 0xE5, 0xA8, 0x0B, 0x1E, 0xFE, 0x8A, 0x24, 0x52, 0xF0, 0xE7, 0x76,
    0xBE, 0x5D, 0xD4, 0x13, 0xA9, 0x50, 0x0E, 0xE3, 0x02, 0x45, 0x30, 0x07, 0xAD, 0x86, 0xCA, 0x04,
    0x66, 0x38, 0x80, 0xE8, 0x19, 0x04, 0x4F, 0xA1, 0x70, 0x02, 0x75, 0x73, 0x78, 0xDA, 0x12, 0x56,
    0xE8, 0xB5, 0x22, 0x17, 0xEA, 0xCC, 0xB1, 0x75, 0xEC, 0x7D, 0xEC, 0x0B, 0x7C, 0x3A, 0x0B, 0xA3,
    0x5D, 0x5E, 0xBB, 0x54, 0x6C, 0xEB, 0xA0, 0x43, 0xAB, 0x47, 0xBB, 0x5E, 0x4E, 0xB7, 0x82, 0x62,
    0xB4, 0x7B, 0x54, 0x61, 0x5A, 0xDB, 0x5D, 0x6F, 0xAA, 0xA7, 0x19, 0xBB, 0xB6, 0x19, 0xB7, 0x66,
    0xCE, 0x5D, 0x40, 0x46, 0xCD, 0xC0, 0x7B, 0x91, 0xCD, 0xC8, 0x46, 0xB4, 0x69, 0xF2, 0x70, 0x2D,
    0xFE, 0x84, 0xAA, 0xDC, 0x72, 0xD6, 0xD9, 0x64, 0x24, 0x0D, 0x08, 0x09, 0x15, 0x1A, 0xCB, 0x86,
    0x34, 0xAC, 0xE2, 0x6E, 0xB2, 0x69, 0x51, 0x90, 0x43, 0xA4, 0x02, 0x3C, 0xD2, 0x14, 0xFC, 0x3F,
    0xCB, 0x7D, 0x03, 0xC9, 0xBE, 0x09, 0xB9, 0x7B, 0x09, 0x76, 0xBC, 0xA9, 0xD8, 0x61, 0x40, 0x59,
    0xF4, 0x79, 0xCB, 0x15, 0x2B, 0x1F, 0xE1, 0xFF, 0xC0, 0x0F, 0x24, 0x69, 0x56, 0xBD, 0x77, 0xE6,
    0x3C, 0x21, 0xA5, 0x02, 0x2C, 0x68, 0x4E, 0x0C, 0xA5, 0x5B, 0xB3, 0xAC, 0xC8, 0xE1, 0xE6, 0x34,
    0x5F, 0xD9, 0xE3, 0xB1, 0x5C, 0x58, 0x67, 0x78, 0x12, 0x54, 0xE7, 0x06, 0x2A, 0xEF, 0x35, 0x38,
    0x2E, 0x1C, 0x38, 0x81, 0xF2, 0x14, 0xA6, 0xCD, 0x80, 0x64, 0x16, 0x73, 0x88, 0x51, 0xCB, 0x1C,
    0xCB, 0x2C, 0x61, 0xD6, 0xDE, 0x73, 0x15, 0x45, 0x3E, 0xC5, 0x71, 0xCB, 0x1D, 0xBC, 0x44, 0x9B,
    0x9E, 0x4D, 0x56, 0x31, 0xF6, 0xF5, 0x85, 0x33, 0xD5, 0xA6, 0x40, 0x38, 0xAC, 0xA7, 0xD1, 0xB3,
    0xF1, 0xF6, 0xA7, 0x53, 0x49, 0xBD, 0x3F, 0x75, 0x39, 0x6F, 0xAC, 0x04, 0xFE, 0x76, 0x16, 0xAB,
    0x77, 0xB2, 0x58, 0xBA, 0x0A, 0x2D, 0x17, 0xA2, 0xE8, 0xB7, 0x48, 0xCB, 0xF6, 0x01, 0x84, 0x9F,
    0x8F, 0xC7, 0x52, 0xFB, 0xA9, 0x93, 0xA5, 0x4E, 0x98, 0x6A, 0x12, 0x67, 0x5C, 0x96, 0x08, 0xAF,
    0x4E, 0x0C, 0x9A, 0x34, 0x13, 0xB4, 0x41, 0x13, 0x30, 0xF7, 0x0F, 0x01, 0xA9, 0x65, 0x11, 0xD4,
    0x3E, 0xAA, 0xC0, 0x0C, 0x48, 0x3C, 0x94, 0x4C, 0xFC, 0x66, 0xC2, 0x3C, 0x68, 0x23, 0x20, 0x79,
    0xF9, 0xB9, 0x91, 0xF8, 0xDF, 0x34, 0xFE, 0x97, 0x75, 0xF0, 0x8F, 0x3C, 0xB8, 0x27, 0xE1, 0xDF,
    0xF6, 0x60, 0x00, 0x14, 0xAF, 0x3F, 0x92, 0x28, 0x77, 0x3F, 0xAE, 0xF6, 0x54, 0xBB, 0x5F, 0x2B,
    0xE2, 0xB8, 0x4E, 0x98, 0x3D, 0x4E, 0x51, 0xBB, 0x6E, 0xE5, 0x7B, 0x47, 0x4F, 0x3C, 0xF3, 0x2A,
    0xC4, 0xA0, 0x0A, 0xFF, 0x0F, 0x82, 0x58, 0xE4, 0x8D, 0xDE, 0xA9, 0x71, 0x74, 0xED, 0xE4, 0xEA,
    0xC1, 0xB9, 0x33, 0x36, 0xBE, 0xDB, 0xF6, 0xFC, 0x77, 0xD4, 0x27, 0x75, 0x95, 0x3F, 0x1C, 0xD3,
    0xE1, 0x4C, 0xB2, 0x46, 0xC9, 0x89, 0xD2, 0x9E, 0x7E, 0x95, 0x34, 0xE2, 0xED, 0x3C, 0x02, 0x32,
    0x01, 0x96, 0x62, 0xC9, 0x52, 0x2C, 0x59, 0xCA, 0xC3, 0x02, 0x49, 0xEF, 0x9F, 0x28, 0xC7, 0xE1,
    0xDD, 0x1A, 0xF5, 0xFE, 0x6E, 0x8B, 0x62, 0x7C, 0xC7, 0x80, 0x44, 0x7C, 0x64, 0x58, 0xEF, 0x3B,
    0xD6, 0xFB, 0x92, 0xF5, 0x7E, 0xCE, 0x7A, 0x3F, 0x65, 0xBD, 0x9F, 0xF5, 0x6C, 0xA4, 0x59, 0xEF,
    0x63, 0x66, 0xD3, 0x98, 0x3A, 0x7E, 0x32, 0x5A, 0xEA, 0xB6, 0x0B, 0x9D, 0xF1, 0x13, 0xFE, 0x69,
    0x87, 0x95, 0xE4, 0xBB, 0xAC, 0x24, 0x1D, 0x59, 0xC9, 0x74, 0x87, 0x95, 0x5C, 0x10, 0xC0, 0x75,
    0xDA, 0x78, 0x7B, 0x7D, 0x62, 0x02, 0x51, 0xDA, 0x78, 0x16, 0x98, 0x3B, 0xFE, 0x3F, 0x26, 0x20,
    0x57, 0x14, 0xFA, 0xC3, 0xD5, 0xA0, 0xF1, 0x05, 0x18, 0x1E, 0xAE, 0x26, 0x21, 0x5C, 0xCA, 0xBB,
    0x79, 0x66, 0x83, 0xDF, 0xDA, 0x64, 0x3D, 0xCD, 0x80, 0xEF, 0xBF, 0x9D, 0xB6, 0xEF, 0xCF, 0x50,
    0x4F, 0xB3, 0x9A, 0x9A, 0xB7, 0x39, 0x63, 0x09, 0xAF, 0xED, 0xB1, 0xDA, 0x0E, 0x7B, 0x0C, 0x2F,
    0xF4, 0xE0, 0x87, 0x3E, 0x3D, 0xB1, 0xBD, 0xA0, 0x4D, 0xF3, 0xD7, 0x35, 0x8F, 0x61, 0x81, 0x12,
    0xFB, 0x94, 0x05, 0x9E, 0xE4, 0xB9, 0xE5, 0xB8, 0x55, 0x9D, 0xDB, 0xA3, 0xD4, 0x68, 0x57, 0x0A,
    0x3E, 0xDA, 0xB9, 0x59, 0xCD, 0xC9, 0x0F, 0x7B, 0x13, 0x36, 0x27, 0xA8, 0xC2, 0x28, 0x60, 0x68,
    0x4F, 0x66, 0xDC, 0xC3, 0x94, 0xF1, 0x4F, 0xF1, 0x40, 0x3E, 0xE7, 0xA9, 0xE4, 0xAF, 0xE5, 0xBA,
    0x68, 0x95, 0xA4, 0xF1, 0x87, 0x8C, 0x6C, 0x37, 0x87, 0x6A, 0xD2, 0x46, 0x31, 0x42, 0xD4, 0x57,
    0x72, 0xCA, 0xF0, 0xC6, 0xE8, 0x78, 0x2E, 0x6E, 0x32, 0x22, 0xCF, 0xA9, 0x62, 0x82, 0x63, 0xEE,
    0x0E, 0x68, 0x70, 0xDB, 0x94, 0xBD, 0x3B, 0x28, 0x89, 0xF6, 0x59, 0xA9, 0xD9, 0x9C, 0x8A, 0xFF,
    0x2F, 0x22, 0xD6, 0xF1, 0x52, 0x96, 0x5F, 0x38, 0xEC, 0xC7, 0xE6, 0x3A, 0x67, 0x80, 0x2D, 0x57,
    0x74, 0x2C, 0xCB, 0xB4, 0x77, 0xC4, 0x94, 0xFB, 0x65, 0x73, 0xE1, 0xB0, 0xE5, 0x41, 0xAD, 0x43,
    0xEA, 0xF8, 0x7E, 0x21, 0x07, 0xD3, 0xF3, 0xC1, 0x8F, 0xEC, 0x47, 0x68, 0x89, 0x00, 0xF1, 0x3B,
    0x0B, 0xAE, 0x7A, 0xE4, 0x73, 0x7A, 0x06, 0x98, 0xF4, 0xC5, 0xA4, 0x50, 0x4F, 0x22, 0xD4, 0x5A,
    0xF3, 0x3C, 0x2E, 0x10, 0x5A, 0x82, 0xFB, 0xC7, 0x1F, 0x83, 0x8C, 0x44, 0x54, 0xCB, 0x07, 0x2E,
    0x5E, 0x77, 0x39, 0xE7, 0x48, 0x0B, 0x0A, 0xEB, 0xA0, 0xA0, 0xA9, 0x1D, 0xD4, 0x10, 0xB6, 0xB2,
    0xC7, 0xA0, 0xD4, 0x1D, 0x7F, 0xC8, 0xA2, 0x8D, 0x8E, 0x01, 0x60, 0xA8, 0x6C, 0x1D, 0x35, 0x59,
    0x1F, 0x35, 0x00, 0x8C, 0x2A, 0xC9, 0x77, 0x10, 0x9E, 0x99, 0xB0, 0x1D, 0x33, 0xF3, 0xD5, 0x59,
    0x45, 0xA6, 0x39, 0x21, 0x80, 0x64, 0x4B, 0x76, 0xD5, 0xB6, 0x08, 0x0C, 0xFB, 0xC0, 0x52, 0x42,
    0xBE, 0xA0, 0xAF, 0x78, 0x8E, 0x79, 0x4B, 0x92, 0xBB, 0x94, 0xB7, 0x9E, 0x15, 0x15, 0x6E, 0xBA,
    0xEB, 0xB3, 0xE9, 0x2B, 0x51, 0xC8, 0x4A, 0x72, 0x18, 0xD4, 0xB1, 0x3E, 0xAE, 0x23, 0x03, 0xF9,
    0x75, 0x6C, 0x7F, 0x90, 0x04, 0x36, 0x4E, 0x75, 0xC4, 0x3A, 0xE8, 0xBB, 0x91, 0x29, 0xFE, 0x47,
    0x8D, 0xA5, 0xD6, 0xE7, 0x42, 0x67, 0xAE, 0x35, 0x9B, 0xA5, 0x31, 0xFF, 0xB4, 0x51, 0xD5, 0x80,
    0xCE, 0xC6, 0x6C, 0x21, 0x4F, 0xA9, 0xBF, 0x8E, 0xDE, 0xEF, 0x47, 0x39, 0x3E, 0x6F, 0x8E, 0x44,
    0x94, 0xC7, 0x72, 0x4C, 0x15, 0x57, 0x52, 0xEC, 0x3C, 0x63, 0x6E, 0x9C, 0xE3, 0xCC, 0xB6, 0x66,
    0xE9, 0xFD, 0x26, 0x19, 0x78, 0x5B, 0xF5, 0x5F, 0xB9, 0xEF, 0x48, 0xDA, 0x82, 0x91, 0xF7, 0xCE,
    0x74, 0x3D, 0x77, 0xC7, 0x21, 0xDB, 0xED, 0xBD, 0x1A, 0xCE, 0xFF, 0xA6, 0x93, 0xAA, 0x76, 0x55,
    0xE8, 0x19, 0x4D, 0x86, 0x1B, 0x73, 0xB7, 0x87, 0x87, 0x63, 0xE1, 0x19, 0x3F, 0x60, 0xA2, 0x80,
    0x53, 0x87, 0x06, 0xAA, 0x6B, 0xEF, 0xA6, 0x72, 0x86, 0xDA, 0x8D, 0x1A, 0xD5, 0x61, 0x17, 0xF0,
    0x28, 0xAF, 0x22, 0x9B, 0x20, 0x3D, 0x6E, 0x5F, 0xC2, 0x91, 0x49, 0xD8, 0x24, 0xE3, 0x1B, 0x04,
    0xA9, 0x68, 0x8F, 0xDF, 0xD0, 0x1C, 0x61, 0x2B, 0xAB, 0xB6, 0xC6, 0xB7, 0x05, 0xA2, 0x20, 0xE5,
    0x40, 0x5F, 0xDC, 0xDB, 0x05, 0x1F, 0xA4, 0x84, 0xFC, 0xA4, 0xFB, 0x50, 0xBA, 0xEB, 0x81, 0x49,
    0x6D, 0xAB, 0x2D, 0xC4, 0x7A, 0x3C, 0x51, 0xEC, 0x8C, 0x27, 0xF6, 0x01, 0x0A, 0x0F, 0x7C, 0x66,
    0x3C, 0x1D, 0xB1, 0x3C, 0x2B, 0x9C, 0x7D, 0xA8, 0x7D, 0x9D, 0xE1, 0x59, 0xB8, 0x79, 0xAD, 0x7D,
    0x06, 0xD5, 0x99, 0x6D, 0x23, 0xA8, 0x46, 0xD6, 0xE9, 0xB9, 0x63, 0xD4, 0x75, 0xD9, 0xBF, 0x29,
    0x21, 0x2C, 0xE2, 0x31, 0xD4, 0x7F, 0xBB, 0xDF, 0xAD, 0xEA, 0x4A, 0x3A, 0xF6, 0xE5, 0xE7, 0xD8,
    0x24, 0xB0, 0xC6, 0x3E, 0xE3, 0xDB, 0x12, 0xD5, 0x57, 0x38, 0x27, 0x4A, 0x65, 0x77, 0x92, 0x32,
    0x97, 0x53, 0xD8, 0xE9, 0xD6, 0x24, 0xA5, 0x70, 0x83, 0x6B, 0x25, 0x09, 0xAC, 0xA4, 0x8D, 0x6C,
    0x3C, 0x34, 0xA2, 0xC3, 0xD7, 0xAE, 0xF7, 0x1F, 0xDB, 0xF6, 0x5D, 0x62, 0x8C, 0x32, 0x82, 0x74,
    0x17, 0xEA, 0x6A, 0xBD, 0x56, 0x7E, 0xD6, 0x68, 0xAE, 0x9A, 0x01, 0x47, 0x3C, 0x6C, 0x02, 0x50,
    0x4B, 0xE5, 0xF9, 0xA1, 0xF2, 0x9D, 0x2C, 0x89, 0x79, 0x1D, 0x7C, 0x91, 0x07, 0x9F, 0x13, 0x41,
    0x85, 0xF6, 0x7D, 0x78, 0x62, 0x47, 0x00, 0x51, 0x95, 0xB2, 0xF3, 0x5D, 0xE5, 0xBB, 0x4D, 0x47,
    0x88, 0x92, 0x10, 0x91, 0x30, 0x3C, 0x4D, 0xF9, 0xCA, 0x08, 0xA9, 0x65, 0xCD, 0x5F, 0x1B, 0x01,
    0x10, 0xAA, 0x5D, 0x08, 0xE0, 0x22, 0xA4, 0x38, 0x41, 0xF7, 0x81, 0x9B, 0x97, 0xC9, 0x95, 0x68,
    0xBB, 0x38, 0x86, 0xCD, 0x6A, 0x66, 0x18, 0x6D, 0xBF, 0xC0, 0xDA, 0x4C, 0xDF, 0xE6, 0xEB, 0xE9,
    0x5B, 0xBF, 0x9E, 0x19, 0x1A, 0x37, 0x33, 0xD4, 0x96, 0xF9, 0x50, 0xDF, 0x58, 0x7F, 0x54, 0x21,
    0x28, 0x38, 0xBF, 0x72, 0x6F, 0xA5, 0xAC, 0xE5, 0x2C, 0xC3, 0xCD, 0xBF, 0x24, 0x3D, 0x90, 0x83,
    0x99, 0x4C, 0xD1, 0xAB, 0x81, 0x2E, 0xA1, 0x5B, 0x5B, 0x4A, 0xDF, 0x49, 0x07, 0x6A, 0xD7, 0x05,
    0xA6, 0x8F, 0x4D, 0x85, 0x4A, 0xF2, 0xA8, 0xD1, 0x95, 0x63, 0xE9, 0xED, 0x49, 0xAA, 0x74, 0x41,
    0x00, 0x75, 0xAB, 0x9E, 0x0B, 0xA0, 0x9F, 0x23, 0x19, 0x06, 0x77, 0xD8, 0xC5, 0xB1, 0x6F, 0xD2,
    0x77, 0x23, 0x17, 0x8F, 0x32, 0x6B, 0x9F, 0x0F, 0xA5, 0x2B, 0x27, 0xFA, 0x9E, 0xE1, 0x0B, 0xA0,
    0xF4, 0xEF, 0xD6, 0xE3, 0xAF, 0x3A, 0x5D, 0xBB, 0x60, 0xBC, 0xBC, 0x64, 0xE4, 0x9D, 0x0F, 0xE4,
    0x9D, 0x5B, 0xFC, 0x8F, 0x4E, 0x8D, 0x9E, 0x19, 0xF8, 0x84, 0x2F, 0x9E, 0x4A, 0x16, 0xED, 0xEF,
    0x0D, 0xE7, 0xCC, 0xC5, 0x85, 0xC3, 0x8D, 0x40, 0xE9, 0x17, 0x64, 0x8D, 0xFF, 0x31, 0xCF, 0x65,
    0xE4, 0x3D, 0xA1, 0x29, 0x80, 0x26, 0x21, 0x1A, 0x5F, 0xD1, 0xB0, 0x3C, 0xEA, 0xBB, 0x30, 0xE6,
    0x77, 0x9D, 0x98, 0x3D, 0x15, 0x4F, 0x5B, 0x1D, 0x37, 0xE9, 0x03, 0x1D, 0x7E, 0xBE, 0xB3, 0x1E,
    0x7E, 0x5E, 0x72, 0x19, 0x8E, 0xB6, 0xE7, 0x6B, 0x31, 0x4E, 0x41, 0xFE, 0xBC, 0x1B, 0x52, 0x03,
    0x7C, 0x21, 0x2E, 0x10, 0x01, 0xC0, 0xCA, 0x33, 0xB8, 0x2E, 0xBA, 0xA9, 0xDB, 0xA0, 0x18, 0xF7,
    0xF1, 0x7B, 0x19, 0xDD, 0xE3, 0x4B, 0x81, 0xF8, 0x1A, 0xF2, 0x4C, 0x99, 0xC4, 0x28, 0xD6, 0xE5,
    0x2C, 0x06, 0xDE, 0x72, 0x12, 0x73, 0x56, 0xB6, 0x8C, 0xB9, 0x40, 0x13, 0x63, 0x71, 0xD7, 0x4D,
    0x8C, 0x14, 0xB5, 0x68, 0x98, 0x5C, 0x17, 0x75, 0xDC, 0x91, 0x06, 0x31, 0xD7, 0x64, 0x5A, 0x57,
    0xC4, 0xE7, 0x8A, 0x12, 0x86, 0xC9, 0x9B, 0x97, 0x47, 0xCD, 0x5D, 0xD8, 0xA0, 0x29, 0xE3, 0x2B,
    0x3E, 0x9C, 0xA6, 0xD2, 0xCF, 0xDA, 0x52, 0x96, 0xD3, 0xB6, 0x93, 0xE5, 0xAD, 0x07, 0x46, 0x96,
    0xE6, 0xCB, 0x56, 0xFE, 0xD2, 0x82, 0x54, 0x2F, 0x6A, 0x7E, 0x5D, 0xA1, 0xE0, 0x1B, 0x69, 0xD1,
    0xE1, 0xEF, 0xC0, 0x2C, 0xAA, 0x76, 0x61, 0xCE, 0x84, 0x8E, 0x43, 0xFC, 0xF2, 0xF1, 0x9B, 0xEB,
    0x25, 0xC1, 0xB6, 0xDD, 0x1C, 0xC4, 0x82, 0xDC, 0x95, 0xDF, 0x9C, 0x49, 0xB0, 0x9C, 0xF8, 0x2A,
    0x52, 0xEC, 0x8D, 0x56, 0xC2, 0x7B, 0xA8, 0x99, 0x10, 0x15, 0xD0, 0xD4, 0xFD, 0xE3, 0x53, 0xFB,
    0xD5, 0x40, 0x46, 0x93, 0x6D, 0xF4, 0x50, 0xE4, 0x35, 0x3F, 0x77, 0x43, 0xCA, 0x00, 0x7D, 0x27,
    0x3A, 0xCD, 0x36, 0x2E, 0x7C, 0x93, 0x60, 0x0B, 0xB1, 0x66, 0x83, 0x15, 0x1B, 0x08, 0x79, 0x04,
    0x01, 0xDF, 0xB6, 0x9A, 0xD2, 0xF9, 0x75, 0x15, 0x8D, 0xAE, 0xF1, 0x2D, 0x01, 0xF3, 0x34, 0x09,
    0x71, 0x45, 0x0F, 0x6E, 0xDF, 0x12, 0x5F, 0x9F, 0xDB, 0xFD, 0xBE, 0xC8, 0x7E, 0xF0, 0xBA, 0xF9,
    0x4B, 0xB7, 0xEA, 0x5D, 0x77, 0x67, 0xC5, 0x15, 0x18, 0x00, 0x12, 0xB1, 0xE6, 0x2A, 0x6D, 0xE3,
    0x48, 0x12, 0x02, 0xFD, 0x9A, 0x52, 0xB3, 0xBA, 0x74, 0xBC, 0x72, 0x37, 0xFD, 0xE6, 0x12, 0xD9,
    0xC8, 0x89, 0x4B, 0x3A, 0xE5, 0x41, 0xB1, 0x32, 0x1C, 0x47, 0x3D, 0x79, 0xFE, 0x12, 0x40, 0x4D,
    0xA0, 0xDF, 0x96, 0xC8, 0x9C, 0x19, 0x03, 0xE3, 0x28, 0xC7, 0xF8, 0xAB, 0x6F, 0x1C, 0xE4, 0x54,
    0xE7, 0x5A, 0x3D, 0xB0, 0x51, 0x43, 0x94, 0xAF, 0xA6, 0xCA, 0xD1, 0x0B, 0x40, 0x3E, 0x56, 0x4F,
    0x69, 0xCF, 0x81, 0xB8, 0xBB, 0x7D, 0xEA, 0xC8, 0xE5, 0x62, 0x10, 0x9F, 0x18, 0xB9, 0x9C, 0x09,
    0x31, 0xF8, 0x13, 0x3C, 0x74, 0x18, 0xC9, 0x02, 0x90, 0x67, 0x4F, 0x1E, 0xE1, 0x1E, 0xAC, 0xDE,
    0xB2, 0xFC, 0x1F, 0xCD, 0x57, 0xBD, 0xAE, 0xDC, 0x44, 0x18, 0xFD, 0x6C, 0x87, 0x58, 0xC1, 0x22,
    0xA6, 0xA0, 0x0D, 0xD3, 0x50, 0x50, 0x84, 0x3B, 0x79, 0x80, 0xDD, 0xB5, 0x43, 0x43, 0x41, 0xC3,
    0x43, 0x50, 0x20, 0xD1, 0x50, 0xA4, 0x88, 0xC4, 0xDE, 0xBB, 0x8E, 0x52, 0x50, 0xD0, 0xDC, 0x47,
    0xC8, 0x1B, 0x40, 0x41, 0x11, 0x21, 0x47, 0xB6, 0x92, 0x82, 0x82, 0xC6, 0x1D, 0x05, 0x8D, 0x11,
    0x0D, 0x12, 0x45, 0x46, 0x60, 0x81, 0x23, 0x79, 0x77, 0x38, 0xE7, 0x9B, 0xB9, 0x9B, 0x7B, 0x11,
    0xA2, 0x40, 0x42, 0xE0, 0xDD, 0x19, 0x7B, 0x67, 0x67, 0xE6, 0x3B, 0x73, 0xBE, 0x5F, 0x8B, 0x88,
    0x94, 0x68, 0x72, 0xC2, 0xEE, 0x54, 0x52, 0xEF, 0x67, 0xB1, 0xDE, 0x8F, 0x72, 0x90, 0x4E, 0x32,
    0x27, 0xB6, 0x2E, 0x7A, 0x29, 0x9B, 0xB2, 0x91, 0xB2, 0xB7, 0x22, 0x45, 0x5F, 0xB1, 0xDB, 0x60,
    0x55, 0xBF, 0x46, 0xD7, 0xA0, 0x33, 0x35, 0x7E, 0x56, 0xF8, 0xC8, 0x13, 0x4C, 0x4F, 0x66, 0x29,
    0x47, 0x33, 0x4A, 0xE6, 0x7D, 0x2D, 0xD2, 0xCD, 0xDC, 0x57, 0x5E, 0x95, 0x0B, 0x39, 0x98, 0x6A,
    0xFD, 0x42, 0x39, 0xA3, 0x14, 0x63, 0x25, 0x61, 0xEF, 0x0A, 0xDB, 0xC9, 0x1A, 0x1B, 0xCB, 0x96,
    0x4F, 0xE8, 0x1A, 0x74, 0x46, 0x30, 0xC6, 0xBD, 0xEF, 0x2E, 0x98, 0xE7, 0x9D, 0x60, 0x59, 0xAD,
    0xFB, 0xC9, 0xDB, 0xEC, 0x56, 0xC7, 0x6E, 0xE2, 0x1E, 0x43, 0x59, 0x63, 0xBE, 0xE1, 0x10, 0x90,
    0x6E, 0x09, 0xA8, 0xE5, 0xF2, 0x39, 0x74, 0x40, 0x3A, 0x61, 0x34, 0x71, 0x18, 0x4D, 0x9D, 0x2C,
    0x3C, 0xDD, 0x2C, 0xD9, 0x88, 0xA7, 0xBC, 0x47, 0x87, 0x2D, 0x76, 0x0F, 0x3A, 0x48, 0x03, 0x3C,
    0xC9, 0xFD, 0x20, 0x17, 0xBB, 0xB3, 0xCD, 0x27, 0x52, 0xB9, 0x8D, 0x6C, 0xEA, 0x35, 0x7E, 0x86,
    0xCF, 0x16, 0x9F, 0xC7, 0xF8, 0xCC, 0xF8, 0x4C, 0x32, 0x61, 0xDF, 0x09, 0x3B, 0x2E, 0xA5, 0x93,
    0xEE, 0x30, 0x8A, 0xFD, 0x61, 0x0C, 0x48, 0x65, 0x6A, 0xE3, 0xC3, 0xEE, 0x62, 0xC4, 0xC4, 0x43,
    0x5C, 0xB9, 0x12, 0xF2, 0xE5, 0xBD, 0xEF, 0x41, 0x8D, 0xE3, 0x43, 0x93, 0xBA, 0xEB, 0x0B, 0x97,
    0x11, 0xE3, 0x19, 0x26, 0x00, 0xF1, 0xC0, 0x43, 0xE5, 0x8E, 0x80, 0x71, 0xC4, 0x72, 0x20, 0x63,
    0x78, 0xA8, 0x6A, 0xB2, 0x86, 0x87, 0x3D, 0xF9, 0xC4, 0x43, 0x36, 0xE1, 0xA1, 0x26, 0xAD, 0x38,
    0x86, 0x21, 0xEB, 0x98, 0xC2, 0x09, 0x2D, 0xF4, 0x4A, 0x65, 0x25, 0x73, 0x36, 0xAB, 0x36, 0x72,
    0x57, 0x12, 0xD6, 0x5A, 0x76, 0x7D, 0xD5, 0x50, 0x9A, 0x3F, 0xA0, 0x01, 0x41, 0xE7, 0xCF, 0xD1,
    0xA0, 0x25, 0x05, 0x66, 0x4D, 0xA3, 0xB8, 0x72, 0xA8, 0x8E, 0xB0, 0x92, 0xF3, 0x88, 0x4A, 0x14,
    0x14, 0x94, 0xDD, 0x13, 0x13, 0xEE, 0x4D, 0x84, 0x14, 0x11, 0x2D, 0x11, 0x90, 0x8B, 0x78, 0xFA,
    0x08, 0x27, 0xA2, 0x59, 0x22, 0x18, 0x17, 0xB1, 0xF4, 0x11, 0x4A, 0x44, 0xD2, 0xC1, 0x1A, 0x03,
    0x90, 0x89, 0xA2, 0x5C, 0xF1, 0x0D, 0xC0, 0x26, 0x2E, 0xF1, 0xF8, 0x01, 0x1D, 0x7E, 0x48, 0xF1,
    0xCA, 0x6A, 0xF7, 0x70, 0x00, 0xBC, 0xCC, 0xFF, 0xDE, 0x03, 0x72, 0x39, 0xEC, 0x7A, 0x35, 0x57,
    0x4B, 0xCB, 0xDA, 0x88, 0x69, 0x20, 0x67, 0x0D, 0x00, 0x10, 0x03, 0xD3, 0x0A, 0x16, 0x66, 0x88,
    0x61, 0x8B, 0x7F, 0x17, 0x8A, 0x3C, 0x23, 0x82, 0xEA, 0xDD, 0x3D, 0x01, 0x94, 0x7E, 0x31, 0x90,
    0x9D, 0x1D, 0x56, 0xD6, 0xEF, 0x25, 0x51, 0xC9, 0x13, 0xA4, 0x51, 0xB2, 0xDE, 0x52, 0xA7, 0x42,
    0xB3, 0x31, 0x1B, 0xF4, 0x86, 0x93, 0x43, 0x2B, 0x7D, 0xC1, 0x5B, 0xD1, 0x73, 0x0B, 0x88, 0x28,
    0xC9, 0x26, 0x8C, 0x9B, 0xBA, 0x2E, 0x6B, 0xA3, 0x7A, 0xE7, 0x99, 0x13, 0x74, 0x15, 0x4F, 0xCB,
    0x0F, 0xBE, 0xA7, 0x34, 0x4C, 0x0B, 0x0B, 0x07, 0xEB, 0xA5, 0xF2, 0xEE, 0x53, 0xDF, 0x04, 0x3B,
    0xD1, 0xBE, 0xAA, 0x09, 0xC1, 0x88, 0x8A, 0x8E, 0x7D, 0x38, 0x34, 0xC5, 0x6F, 0x69, 0x0B, 0x20,
    0x92, 0xC2, 0x67, 0x9E, 0x0C, 0xB6, 0x48, 0xD1, 0xCA, 0x37, 0x6C, 0xD2, 0xE8, 0x12, 0xAB, 0x4B,
    0x2A, 0x5D, 0x02, 0xA9, 0x19, 0x9D, 0x8D, 0x0B, 0x21, 0x13, 0x0B, 0x21, 0x52, 0xD1, 0x8A, 0x82,
    0xE5, 0x64, 0x3C, 0x1E, 0x14, 0x81, 0xBA, 0x2F, 0x25, 0x94, 0x43, 0xEA, 0xF2, 0x3E, 0x1D, 0x83,
    0x54, 0x6C, 0x80, 0x51, 0x03, 0xA9, 0x16, 0xD2, 0x36, 0x58, 0x08, 0x7A, 0xE1, 0x13, 0x06, 0x78,
    0x2C, 0x7C, 0x62, 0xA3, 0xFE, 0x36, 0x61, 0x04, 0x8C, 0x03, 0xC5, 0xEE, 0x29, 0xA4, 0x3F, 0x8B,
    0x0B, 0x21, 0x31, 0x83, 0x49, 0xE5, 0x90, 0x90, 0x1C, 0xB8, 0x1D, 0x68, 0xF5, 0x14, 0x92, 0xF2,
    0xCE, 0x7F, 0xC7, 0xEC, 0x79, 0x53, 0xEA, 0xFD, 0x7B, 0xF2, 0x98, 0x0F, 0xF9, 0xB3, 0x1E, 0xD8,
    0x8A, 0xBE, 0x78, 0x36, 0x1A, 0x25, 0xF7, 0xA9, 0xB3, 0xCA, 0xEE, 0x03, 0xC7, 0x10, 0x52, 0x97,
    0xF5, 0xBC, 0x21, 0x47, 0x46, 0xDA, 0x53, 0x1E, 0xC0, 0xCA, 0xB6, 0xBD, 0xA1, 0x31, 0x69, 0xBD,
    0xAC, 0x95, 0xE9, 0x0A, 0x13, 0x5A, 0x86, 0x87, 0xD9, 0xA6, 0x33, 0xAD, 0xC0, 0x91, 0xEC, 0x16,
    0xF7, 0x2C, 0xB2, 0x1D, 0xCE, 0xAD, 0xF6, 0x48, 0x54, 0x56, 0x02, 0x28, 0x49, 0x9F, 0x2B, 0xB9,
    0xD9, 0xCF, 0x84, 0x24, 0xD9, 0x77, 0x40, 0xD4, 0x8A, 0x02, 0x9A, 0x45, 0xF1, 0x80, 0x70, 0xC2,
    0x01, 0xE3, 0x8D, 0xAB, 0x12, 0x12, 0x3F, 0x6D, 0x52, 0x32, 0xDF, 0xAE, 0x41, 0x3A, 0xA1, 0xA8,
    0xDF, 0xAE, 0x5B, 0x1C, 0x7E, 0x23, 0x76, 0xCE, 0x7B, 0xC5, 0x11, 0x82, 0x9D, 0xC3, 0xF9, 0x88,
    0x22, 0x50, 0x1F, 0x55, 0x4E, 0x4D, 0xF1, 0xC7, 0x3E, 0xE0, 0x9A, 0xC2, 0x60, 0xD4, 0xCE, 0x25,
    0x4D, 0x5D, 0xBD, 0xF2, 0xCF, 0x17, 0x10, 0x5E, 0x78, 0xCF, 0x7D, 0x27, 0xCB, 0x6D, 0x15, 0x24,
    0xE8, 0x01, 0x46, 0x03, 0x05, 0xD1, 0x10, 0x0C, 0x10, 0x02, 0x05, 0x00, 0x82, 0x18, 0xE0, 0x5B,
    0xC9, 0x1A, 0xF0, 0xB6, 0xB2, 0x02, 0xBA, 0x56, 0xB6, 0x00, 0x37, 0xCB, 0x63, 0x35, 0x65, 0x09,
    0x46, 0x11, 0xCC, 0xC1, 0x6B, 0xAF, 0xE6, 0xB0, 0xE6, 0x48, 0xB9, 0x1C, 0xCD, 0xF0, 0x78, 0x69,
    0x24, 0x31, 0x34, 0xD0, 0x8A, 0xDD, 0x13, 0x76, 0x13, 0xBA, 0xCC, 0x4D, 0x34, 0x97, 0x99, 0x3B,
    0xCE, 0xDC, 0xB0, 0xA5, 0xE1, 0xB7, 0x34, 0xDB, 0xAD, 0x20, 0xD4, 0xED, 0x99, 0x2C, 0x0E, 0x50,
    0x33, 0x46, 0xC1, 0x71, 0x85, 0x2C, 0x12, 0xF2, 0x09, 0x04, 0x6D, 0xF0, 0x4C, 0xB1, 0xE9, 0x79,
    0x90, 0xD1, 0x31, 0xB3, 0x2C, 0x52, 0x0C, 0x67, 0x92, 0xD3, 0x94, 0xD9, 0x3E, 0xDE, 0xE3, 0xD4,
    0x0B, 0x1C, 0x65, 0x85, 0x1D, 0x5B, 0x99, 0x91, 0x82, 0x96, 0x62, 0x96, 0xDD, 0x01, 0xA7, 0x9E,
    0x20, 0xFA, 0x7A, 0xF3, 0x88, 0xFA, 0xA3, 0xB3, 0xEA, 0x31, 0xDE, 0xBA, 0xC2, 0xDA, 0x00, 0x82,
    0x0A, 0x86, 0x25, 0x0D, 0x5C, 0x21, 0x19, 0xD5, 0x8C, 0x1A, 0x8C, 0x0B, 0x7F, 0x4A, 0x24, 0x6B,
    0x76, 0x2F, 0x73, 0x48, 0x4B, 0x06, 0x4E, 0x15, 0xF3, 0x83, 0x0E, 0x41, 0x12, 0x27, 0x41, 0xE6,
    0x20, 0x0B, 0x73, 0x2B, 0xD5, 0x18, 0xD2, 0x1E, 0xBC, 0xFE, 0x44, 0x4E, 0x36, 0xB2, 0x46, 0xEA,
    0x40, 0xD6, 0xD8, 0x4A, 0x8B, 0x9C, 0x81, 0x84, 0x81, 0x8C, 0x81, 0x84, 0x31, 0x97, 0xAE, 0xF3,
    0xA3, 0xFD, 0x05, 0x5E, 0x70, 0xFE, 0x91, 0xC8, 0x6F, 0x0C, 0x43, 0xA0, 0xFD, 0xC6, 0x4B, 0x80,
    0x05, 0xEC, 0xB3, 0xF3, 0x2E, 0xDD, 0xA7, 0x4B, 0x31, 0xCA, 0x16, 0x00, 0x5F, 0xAF, 0x34, 0x62,
    0x13, 0x1A, 0x91, 0xF9, 0x3D, 0xDA, 0x02, 0x7D, 0xB4, 0xA0, 0x74, 0x39, 0x45, 0x38, 0xAD, 0x90,
    0x00, 0xEC, 0x60, 0x1D, 0x58, 0x41, 0xAC, 0x1C, 0x61, 0x92, 0x9F, 0x0D, 0xA0, 0x0D, 0xB3, 0xBF,
    0x8A, 0xA6, 0x3E, 0x7E, 0x89, 0x65, 0x0E, 0xB3, 0xE0, 0xD4, 0xC5, 0x58, 0x36, 0x19, 0x92, 0x67,
    0xD6, 0x97, 0xF0, 0x4F, 0x03, 0x4D, 0x95, 0x52, 0x20, 0x2B, 0x9B, 0xBA, 0x18, 0x77, 0x54, 0x0D,
    0x58, 0xFF, 0x42, 0x99, 0xBE, 0x06, 0x6B, 0xA9, 0xC0, 0xAE, 0x81, 0xEB, 0x68, 0x90, 0x22, 0x36,
    0x04, 0x91, 0x49, 0xD2, 0x3D, 0xD2, 0x13, 0xE0, 0x6D, 0x42, 0xB8, 0xAF, 0x78, 0x6C, 0x16, 0x09,
    0xF5, 0x96, 0x5D, 0xCB, 0x9F, 0xED, 0x65, 0xCD, 0x6F, 0x41, 0x1B, 0xA8, 0xAC, 0xB4, 0xC4, 0x18,
    0x6C, 0x8F, 0x9D, 0x18, 0x0E, 0x3C, 0xB5, 0x7C, 0x9B, 0x08, 0xEF, 0xAB, 0xB2, 0x1B, 0x8D, 0x7F,
    0x4C, 0x06, 0x0E, 0x40, 0xF6, 0x88, 0x42, 0x15, 0x0D, 0xB9, 0xA6, 0x98, 0x15, 0xDA, 0x36, 0xB4,
    0x9A, 0x51, 0x87, 0x7E, 0xCE, 0x4A, 0xA1, 0x54, 0x70, 0x35, 0x43, 0xA0, 0x86, 0x9B, 0xEC, 0x27,
    0xCD, 0x9D, 0xFF, 0xF3, 0x04, 0xCB, 0xD0, 0xCE, 0x51, 0x0D, 0xF1, 0x0A, 0xEB, 0x3F, 0x49, 0xB0,
    0xA1, 0x14, 0x09, 0xB7, 0x90, 0x6A, 0xFE, 0xF5, 0x04, 0x4B, 0x13, 0x3F, 0xC6, 0x19, 0xAD, 0x95,
    0x1E, 0x1D, 0x7D, 0x53, 0x03, 0x0A, 0x91, 0xBD, 0xC3, 0x22, 0xEC, 0x36, 0xBB, 0xD7, 0xD8, 0x95,
    0x1A, 0x64, 0xC6, 0x60, 0x18, 0x22, 0x07, 0x74, 0xC9, 0x8B, 0x8B, 0x48, 0x53, 0x0C, 0x8C, 0x34,
    0xFD, 0x95, 0x48, 0xB3, 0xD0, 0x6B, 0xFF, 0x3E, 0xD2, 0x48, 0x52, 0x6B, 0x6E, 0xE2, 0x98, 0x7A,
    0x56, 0xBC, 0x54, 0xD5, 0x38, 0xC3, 0xCD, 0x5B, 0xA1, 0x15, 0xCB, 0x91, 0x9A, 0x7F, 0x14, 0x8D,
    0x78, 0xBD, 0x22, 0x97, 0xA3, 0xFD, 0x59, 0x2C, 0x14, 0xFF, 0xA2, 0x2A, 0xF4, 0xF4, 0xBE, 0x00,
    0x1A, 0x28, 0xC2, 0x8C, 0x2A, 0x08, 0x3F, 0x84, 0x4A, 0xE0, 0x57, 0xBD, 0x21, 0x11, 0x29, 0x87,
    0xEA, 0xAD, 0xD2, 0x32, 0x09, 0x40, 0x8D, 0x1A, 0xC6, 0xF3, 0x41, 0xE3, 0xB8, 0xF1, 0x3E, 0x98,
    0x9F, 0x1A, 0xDB, 0xAC, 0x27, 0x0E, 0x35, 0x81, 0x32, 0x81, 0x7F, 0x2B, 0xD1, 0x1B, 0x06, 0xDE,
    0x50, 0x01, 0xCA, 0x41, 0x32, 0x5F, 0x54, 0x1A, 0x57, 0xAE, 0x6E, 0xB4, 0x33, 0x3D, 0x12, 0xB8,
    0x8A, 0x61, 0x37, 0xDA, 0xFA, 0x3A, 0x0E, 0x4C, 0x71, 0x15, 0x5C, 0x27, 0xE9, 0xE8, 0x66, 0x10,
    0x88, 0x7E, 0x77, 0xCE, 0x6D, 0x16, 0x55, 0xEC, 0x9C, 0xF0, 0x14, 0x4B, 0xF1, 0x1C, 0x09, 0x74,
    0xE7, 0xDF, 0x87, 0xE9, 0x99, 0x39, 0x09, 0xD9, 0xF7, 0x1E, 0x45, 0x4D, 0x21, 0x1C, 0xC7, 0xD7,
    0x85, 0xE3, 0x95, 0xFA, 0xF1, 0x13, 0xC4, 0x56, 0x14, 0xD5, 0x5D, 0xDD, 0x35, 0xC8, 0xDE, 0xB6,
    0x81, 0x61, 0x74, 0x28, 0xB4, 0x98, 0x8C, 0xEB, 0xF2, 0x3D, 0xE4, 0xEA, 0x55, 0x0E, 0x6B, 0x44,
    0x2C, 0xAB, 0x32, 0x94, 0x61, 0x15, 0x2D, 0xD0, 0xC2, 0x02, 0x6B, 0x24, 0x23, 0x75, 0x89, 0x05,
    0xD4, 0x17, 0x93, 0x7C, 0x0D, 0x40, 0xF2, 0xC1, 0xEE, 0x85, 0xEE, 0x1A, 0x13, 0x1C, 0x79, 0x78,
    0xFC, 0x52, 0x98, 0x59, 0xEE, 0x68, 0xB4, 0x9D, 0xCA, 0x3E, 0x1F, 0x0C, 0xA8, 0xFB, 0x74, 0x2C,
    0xEF, 0xFE, 0x38, 0x9A, 0xFC, 0xE1, 0x68, 0xDE, 0xCC, 0x06, 0x73, 0x0F, 0x05, 0x1E, 0x46, 0xE1,
    0x01, 0xFA, 0xA2, 0x70, 0xA7, 0x03, 0x5E, 0xBB, 0xA7, 0xEF, 0xF6, 0xB9, 0x2B, 0xE0, 0x5F, 0xC9,
    0x39, 0x77, 0xA5, 0x99, 0x43, 0x20, 0xC6, 0xF1, 0xFF, 0x8E, 0xA1, 0xAD, 0xD3, 0x22, 0x8A, 0x9C,
    0x5F, 0x43, 0x03, 0x4D, 0xD8, 0xDD, 0xF6, 0xAA, 0xA8, 0x2E, 0x6A, 0xFE, 0x56, 0x7C, 0x49, 0xBA,
    0x19, 0x5E, 0x3A, 0x12, 0x7D, 0xE1, 0x69, 0x10, 0xCF, 0x6C, 0xC2, 0xF2, 0xC6, 0x6A, 0x02, 0x4E,
    0x71, 0x84, 0x02, 0xFF, 0x4C, 0xF7, 0x65, 0x82, 0x53, 0x59, 0x3F, 0xE6, 0x21, 0x7C, 0x8C, 0xEA,
    0xBE, 0x88, 0x7D, 0x83, 0x46, 0x02, 0xBC, 0xC8, 0xA1, 0x85, 0x62, 0x90, 0xCD, 0x84, 0xF8, 0xA4,
    0x2D, 0x5A, 0x6A, 0xCC, 0x1F, 0x54, 0x0F, 0x2D, 0x42, 0x2D, 0x50, 0x85, 0xAA, 0x27, 0x45, 0xF2,
    0x9B, 0x10, 0x45, 0xD3, 0x50, 0xB8, 0xE9, 0x32, 0xE6, 0x9E, 0x15, 0x57, 0x17, 0xBE, 0x2F, 0x01,
    0x67, 0xA2, 0x58, 0x2C, 0xC4, 0x3A, 0x58, 0x14, 0x6C, 0x05, 0x0B, 0x10, 0xAC, 0x30, 0x1D, 0xBE,
    0x92, 0x2D, 0xD1, 0xC3, 0xF3, 0x86, 0x5F, 0x13, 0x24, 0x26, 0xAE, 0xBD, 0x78, 0x23, 0xBA, 0xF2,
    0x36, 0x04, 0x1B, 0xC8, 0x50, 0x69, 0x62, 0x39, 0xBA, 0xA2, 0xC7, 0x76, 0xD0, 0x32, 0x0E, 0xD4,
    0x60, 0xBF, 0x98, 0xA6, 0x4B, 0xFA, 0x44, 0xE8, 0x62, 0x9A, 0x3E, 0x0D, 0xA1, 0xEE, 0x22, 0x4D,
    0x2F, 0xC7, 0x34, 0x3D, 0x85, 0x34, 0x7D, 0xCC, 0x7E, 0xF3, 0x25, 0xA3, 0xE2, 0x39, 0x2F, 0x57,
    0xB3, 0xDF, 0x2E, 0x5A, 0x3A, 0xB1, 0x70, 0x42, 0xD9, 0xA4, 0x45, 0x13, 0x4B, 0x26, 0xAB, 0x89,
    0xEC, 0x44, 0xB3, 0x4B, 0x78, 0xEB, 0x5B, 0x69, 0xD9, 0x82, 0x22, 0x49, 0xFE, 0x00, 0x0D, 0xCC,
    0xB1, 0x09, 0x03, 0x21, 0x14, 0x06, 0xE0, 0x3F, 0x86, 0x60, 0x21, 0x44, 0xC8, 0x02, 0x2E, 0x90,
    0xC3, 0x05, 0xF4, 0x7C, 0x23, 0x64, 0x98, 0x94, 0x07, 0xBA, 0x51, 0xDA, 0x2B, 0x02, 0xBE, 0x11,
    0x0C, 0x57, 0xA6, 0x71, 0x04, 0xD3, 0x5D, 0x71, 0x60, 0xE4, 0xEB, 0xBF, 0x47, 0x7B, 0x4F, 0x27,
    0x92, 0x6C, 0x92, 0x87, 0x68, 0xD0, 0x07, 0x66, 0x03, 0xFD, 0x29, 0xA1, 0x97, 0x35, 0x52, 0xE8,
    0xB1, 0x37, 0x97, 0x77, 0x5B, 0xEE, 0xB3, 0x7F, 0x5E, 0x71, 0x58, 0xAC, 0x06, 0x33, 0x22, 0xA9,
    0xA4, 0x30, 0xC1, 0x52, 0xE6, 0x5F, 0x6D, 0x35, 0xB3, 0x25, 0xB1, 0xB1, 0xFC, 0xB2, 0x7E, 0x91,
    0x5F, 0xC6, 0x41, 0x63, 0x3A, 0x57, 0xC0, 0x0D, 0x4B, 0xDF, 0x7B, 0xF5, 0xD1, 0x03, 0x8A, 0x64,
    0x92, 0xC9, 0x60, 0x81, 0x80, 0x82, 0x2E, 0xA8, 0xB7, 0x12, 0x12, 0xA0, 0xC9, 0x21, 0x70, 0xE0,
    0x0B, 0xFE, 0xC5, 0x59, 0xB1, 0x6E, 0xDB, 0x56, 0x14, 0xBD, 0x22, 0xDB, 0x12, 0xB1, 0x80, 0xB0,
    0xA3, 0xD1, 0xC1, 0xCC, 0xD0, 0x21, 0x83, 0x63, 0xAE, 0x1D, 0x24, 0x91, 0xC9, 0x9A, 0x25, 0x1F,
    0x91, 0xA1, 0x40, 0xD6, 0x0E, 0x1E, 0xE4, 0x88, 0x69, 0x7E, 0xC0, 0x9F, 0x90, 0x4F, 0xF0, 0xD0,
    0x21, 0x83, 0x52, 0xA9, 0xE8, 0x07, 0x94, 0xF9, 0x03, 0xB6, 0x28, 0xD0, 0x95, 0x70, 0x09, 0x94,
    0x40, 0x69, 0xB1, 0xE7, 0xDC, 0xF7, 0x48, 0x51, 0x89, 0x1D, 0x38, 0x32, 0xA5, 0xD2, 0xE6, 0x03,
    0x25, 0x8A, 0xF7, 0x9D, 0xF3, 0xEE, 0x7D, 0xE7, 0xDD, 0xFB, 0x28, 0xE2, 0x67, 0x22, 0x12, 0xE4,
    0x68, 0x22, 0x36, 0xEF, 0xD8, 0x14, 0x68, 0xDC, 0xBC, 0x10, 0xF1, 0x96, 0xA5, 0x88, 0x9F, 0xA0,
    0x09, 0x65, 0x2E, 0x32, 0x61, 0x33, 0x97, 0xA9, 0x48, 0x5D, 0x5F, 0x89, 0x5B, 0xD7, 0x2B, 0xF1,
    0x52, 0x7C, 0xEB, 0x2F, 0x25, 0x92, 0x30, 0x46, 0x13, 0xF1, 0x97, 0x9D, 0x63, 0x98, 0xA0, 0xC1,
    0x6D, 0x7B, 0xB5, 0xC8, 0xDC, 0xBA, 0x1A, 0xA6, 0x2F, 0x3D, 0x3C, 0x84, 0xFF, 0x17, 0x57, 0xC3,
    0xBA, 0x8A, 0xE2, 0xD1, 0x5C, 0xE6, 0xE5, 0xA0, 0xAC, 0x86, 0xE5, 0x6C, 0x55, 0x04, 0x45, 0x61,
    0x1E, 0x75, 0x53, 0xF1, 0x72, 0xB6, 0x38, 0x00, 0x40, 0x06, 0x57, 0xBC, 0x3A, 0x61, 0x73, 0xCC,
    0xE6, 0xA7, 0x6E, 0x3F, 0xBB, 0xA1, 0x51, 0xC9, 0x60, 0xA5, 0x5D, 0x3E, 0x12, 0x39, 0xB5, 0x1D,
    0xDD, 0x9E, 0x82, 0x63, 0x80, 0x69, 0x3B, 0x61, 0x73, 0xCE, 0xAF, 0x3D, 0xBD, 0x17, 0x9E, 0xB1,
    0xFD, 0xFE, 0x1B, 0xF9, 0xE0, 0x50, 0x1A, 0x86, 0x87, 0x21, 0x62, 0x98, 0x28, 0x15, 0xC3, 0xC5,
    0x90, 0x31, 0x6C, 0x0C, 0x1D, 0xC3, 0xC7, 0x10, 0x52, 0x46, 0x86, 0x92, 0xE1, 0x64, 0x48, 0x19,
    0x56, 0x6B, 0xEF, 0xDC, 0xB7, 0x90, 0x60, 0x63, 0x70, 0xAE, 0xDF, 0x38, 0xE8, 0x20, 0x78, 0x07,
    0x48, 0x07, 0x0D, 0x4D, 0x58, 0xA9, 0x04, 0x44, 0x45, 0x99, 0xF2, 0x7C, 0x71, 0x25, 0x20, 0x2B,
    0x60, 0x8B, 0xCE, 0xE6, 0x02, 0xBE, 0x02, 0xC2, 0x02, 0xC6, 0xD2, 0x78, 0x4D, 0xE1, 0xF3, 0xF2,
    0x7C, 0x44, 0xAA, 0x87, 0x96, 0xE9, 0x07, 0x44, 0x77, 0xE2, 0x2C, 0x67, 0xA9, 0x31, 0xA3, 0x4C,
    0x84, 0xE7, 0xA9, 0xB8, 0x30, 0x37, 0x99, 0xAC, 0xFB, 0xDD, 0x8E, 0x94, 0x9B, 0xB7, 0x6E, 0xD3,
    0x98, 0x23, 0xD0, 0x4B, 0x74, 0x14, 0x54, 0xF8, 0x70, 0x16, 0xEE, 0x9E, 0xD9, 0x10, 0xCC, 0xFC,
    0x86, 0x15, 0x4E, 0x27, 0xA5, 0xAD, 0x7E, 0x5C, 0x36, 0xCC, 0x60, 0x25, 0xAC, 0x01, 0x7B, 0x14,
    0x26, 0x5D, 0x26, 0xCA, 0x7A, 0x5F, 0x14, 0x89, 0x22, 0xAC, 0x73, 0x19, 0x05, 0x1B, 0x18, 0x7A,
    0x8A, 0xCA, 0xF3, 0xC6, 0x7F, 0x7B, 0x8B, 0xC5, 0x9B, 0xF4, 0xAF, 0xA7, 0x59, 0x66, 0xE5, 0x91,
    0xFA, 0x68, 0x05, 0xD2, 0x88, 0x8D, 0x1F, 0x37, 0x52, 0x53, 0x6C, 0x70, 0x1C, 0x51, 0x84, 0xC2,
    0x15, 0x51, 0x14, 0x7B, 0x98, 0x88, 0x16, 0x49, 0x64, 0x85, 0xBB, 0x73, 0x44, 0x35, 0x20, 0x94,
    0x77, 0x9C, 0x90, 0x6B, 0xAA, 0x1E, 0x07, 0x76, 0x90, 0xFD, 0x7F, 0x5C, 0x1D, 0xEB, 0x58, 0x17,
    0x40, 0x06, 0xF9, 0x0E, 0xB8, 0x1A, 0x6F, 0xCE, 0xE2, 0x36, 0x94, 0xF8, 0xF1, 0x51, 0x63, 0xF2,
    0xEB, 0x01, 0x09, 0x07, 0x24, 0x7C, 0xB5, 0x27, 0xE7, 0xD2, 0xA9, 0xB3, 0xC4, 0xA0, 0xF1, 0x62,
    0x03, 0xE8, 0x61, 0xCF, 0xA4, 0x87, 0x59, 0x76, 0xBD, 0x26, 0x19, 0xDF, 0xEE, 0x89, 0xEA, 0x30,
    0xBB, 0x30, 0x9A, 0x14, 0x2E, 0xFB, 0xF7, 0xEB, 0x7E, 0x67, 0xE4, 0x4D, 0x72, 0xD4, 0x4F, 0x88,
    0x7E, 0x24, 0x47, 0x83, 0xBA, 0xAE, 0x1C, 0x9E, 0xFC, 0x9C, 0xD9, 0x7B, 0x4B, 0xBB, 0x8E, 0x01,
    0xA9, 0x0F, 0x7B, 0x9C, 0xBF, 0x1A, 0xB8, 0x36, 0xA6, 0xD8, 0xDB, 0x98, 0xB1, 0x55, 0xD7, 0xB2,
    0xC0, 0xD9, 0x5D, 0x01, 0xB8, 0x8C, 0xEB, 0xEC, 0x9A, 0x15, 0xC0, 0xB7, 0x12, 0x3F, 0x0D, 0xF1,
    0xAC, 0x9F, 0x4C, 0x60, 0x31, 0xAA, 0xEB, 0x25, 0x9E, 0x49, 0x98, 0xFB, 0x4C, 0xAD, 0x8D, 0x28,
    0x9E, 0xA3, 0x8F, 0x42, 0x9C, 0x7A, 0x1D, 0x3D, 0x8A, 0xC3, 0xE2, 0x41, 0xCF, 0xB8, 0x11, 0xDA,
    0x7C, 0x81, 0x73, 0x57, 0xD5, 0x44, 0x8F, 0x7E, 0xB0, 0x33, 0x1F, 0xAB, 0xED, 0x74, 0x3D, 0xA2,
    0xBB, 0xD7, 0x63, 0xBC, 0x0D, 0x07, 0xB7, 0x3C, 0xC5, 0x87, 0x52, 0x8E, 0x86, 0x59, 0xAF, 0x38,
    0xC3, 0x7A, 0x89, 0x8B, 0xE4, 0x73, 0xB0, 0x4D, 0xAE, 0x19, 0xDF, 0x67, 0x62, 0xFD, 0x83, 0xE8,
    0x93, 0x43, 0xF6, 0xB8, 0x40, 0xCF, 0xEE, 0x5F, 0x80, 0x72, 0xF0, 0xF8, 0xBC, 0x13, 0x7E, 0x04,
    0x2D, 0x8E, 0x36, 0xB9, 0xF5, 0x89, 0x59, 0xBF, 0x54, 0xC8, 0x09, 0x5D, 0xB1, 0x2B, 0x78, 0xE3,
    0x93, 0x40, 0x2C, 0x7E, 0x25, 0x60, 0xD4, 0x70, 0x2C, 0x96, 0x43, 0x1B, 0x28, 0x1E, 0x71, 0x04,
    0xFC, 0xBD, 0xA6, 0xD5, 0x6F, 0x9A, 0xD8, 0x61, 0x78, 0x06, 0x3F, 0x53, 0xA1, 0x0E, 0x3A, 0x14,
    0x95, 0xA3, 0x92, 0x54, 0x96, 0x42, 0x9A, 0x42, 0x9E, 0x34, 0x9A, 0x28, 0x4B, 0xD3, 0x68, 0x47,
    0x24, 0xAB, 0x6C, 0x5B, 0xBA, 0xC7, 0x0D, 0xA6, 0x43, 0x4E, 0xA2, 0xC5, 0x93, 0x64, 0x9F, 0x54,
    0x33, 0x9B, 0x06, 0x96, 0x36, 0xAA, 0x1E, 0x89, 0x43, 0x39, 0x08, 0xEF, 0x16, 0x60, 0x22, 0x2F,
    0x75, 0xFE, 0xB7, 0x05, 0x0B, 0x9B, 0x68, 0x44, 0x1A, 0x8C, 0xA9, 0x5F, 0xB3, 0xDD, 0x33, 0xD3,
    0xC9, 0x49, 0x56, 0x6F, 0xC5, 0x14, 0x5B, 0x4C, 0x74, 0x33, 0xF5, 0x21, 0x5D, 0xD8, 0x78, 0x70,
    0x2B, 0x76, 0xAB, 0xFB, 0xFA, 0x90, 0xFB, 0x63, 0x47, 0xEB, 0x22, 0x43, 0xAE, 0xC3, 0xAD, 0x97,
    0x29, 0xE5, 0x15, 0x17, 0x12, 0x60, 0xD5, 0x38, 0x0E, 0x36, 0x57, 0x8D, 0x5E, 0x78, 0x1C, 0x9A,
    0xA9, 0xC5, 0x70, 0xEB, 0x44, 0xDB, 0xCE, 0xE4, 0xB6, 0x17, 0xCC, 0xD7, 0xC8, 0x2F, 0xEC, 0xBA,
    0x95, 0x86, 0xEF, 0x77, 0x26, 0x98, 0xF9, 0x5D, 0x5D, 0x3A, 0x78, 0x26, 0x14, 0x53, 0x56, 0xD3,
    0x90, 0x2E, 0x6E, 0x0C, 0xF4, 0x92, 0x70, 0x80, 0x0C, 0x06, 0xF0, 0x3C, 0xE8, 0x2D, 0x56, 0x02,
    0x5E, 0x4E, 0x01, 0x2B, 0x23, 0xD4, 0x64, 0x18, 0x89, 0xD9, 0x72, 0x91, 0xF8, 0x89, 0x1F, 0xFB,
    0x40, 0x76, 0x82, 0xE7, 0xC7, 0xB8, 0x31, 0x45, 0x28, 0x95, 0xDB, 0x18, 0x36, 0x47, 0x48, 0x26,
    0x3A, 0x68, 0x41, 0x7B, 0xA5, 0x62, 0x53, 0xE9, 0x9A, 0x59, 0x6A, 0x92, 0x9D, 0xAB, 0x85, 0xCC,
    0x3E, 0x8E, 0xA5, 0x04, 0x03, 0x0F, 0x55, 0xF0, 0x93, 0x8E, 0x11, 0x5B, 0xC4, 0x71, 0x34, 0x16,
    0x88, 0x0C, 0xE7, 0x6A, 0x00, 0x0B, 0x19, 0xD7, 0xE9, 0x04, 0x77, 0x22, 0xDA, 0x67, 0x9D, 0x1E,
    0x4F, 0xD9, 0xCC, 0xF9, 0x71, 0x6E, 0x17, 0xF8, 0x88, 0xCD, 0x19, 0x45, 0x0D, 0x0B, 0x30, 0x51,
    0x06, 0x69, 0x98, 0xC2, 0x12, 0xFD, 0xB5, 0xF8, 0x73, 0x23, 0xBE, 0x54, 0xB0, 0xAE, 0xDA, 0xAB,
    0x19, 0xFA, 0xA1, 0xEB, 0xD3, 0x88, 0xAE, 0x8A, 0xD9, 0xD7, 0x08, 0xE7, 0xD4, 0x9C, 0xE8, 0x2A,
    0xC4, 0x40, 0x4C, 0x24, 0x7A, 0x8C, 0xD0, 0x20, 0xA6, 0x3A, 0x5E, 0x87, 0x80, 0x75, 0x95, 0xA3,
    0x13, 0x43, 0x93, 0x05, 0x2D, 0x3E, 0x35, 0x24, 0x34, 0xD9, 0x76, 0x35, 0xED, 0x6E, 0x73, 0x8A,
    0x9D, 0x10, 0xFB, 0xD4, 0x0A, 0xBA, 0x1D, 0xB7, 0x0B, 0x1B, 0xDE, 0x3A, 0x2F, 0xEE, 0x31, 0xA4,
    0x23, 0x00, 0x77, 0xFE, 0x06, 0x23, 0x27, 0x79, 0xB3, 0x91, 0x25, 0xED, 0xC6, 0x55, 0xAE, 0x26,
    0x5F, 0x49, 0xA3, 0x80, 0xCF, 0x3F, 0xB5, 0x4A, 0x71, 0xFC, 0x55, 0x44, 0x53, 0xED, 0x14, 0xD3,
    0x57, 0x31, 0x90, 0xA7, 0x4C, 0x6D, 0x13, 0x0B, 0xA9, 0x2A, 0x57, 0x25, 0xAB, 0x6C, 0x5B, 0xBA,
    0xF7, 0x9B, 0x2A, 0xE9, 0x1E, 0xDD, 0x15, 0xBD, 0x4A, 0xC4, 0xF9, 0x67, 0x6F, 0x54, 0x6F, 0xB1,
    0x4A, 0x6D, 0xE5, 0x44, 0x5D, 0x3F, 0x58, 0x7E, 0x98, 0xFC, 0x75, 0xC8, 0x91, 0x63, 0x35, 0xB4,
    0x60, 0x2E, 0xF7, 0x47, 0xCE, 0xA8, 0x7C, 0xB6, 0x53, 0x66, 0xD4, 0x2F, 0xCD, 0xD8, 0x0B, 0xBB,
    0x1B, 0x64, 0x52, 0xDE, 0x8F, 0x94, 0x72, 0x1B, 0x76, 0x2F, 0x87, 0xAA, 0xE5, 0x30, 0xF8, 0xBE,
    0xDA, 0x98, 0xDB, 0x6A, 0x94, 0xC1, 0x2A, 0xFF, 0x52, 0xDA, 0xDF, 0xE7, 0x3B, 0xF7, 0xE0, 0xAD,
    0x57, 0xB1, 0x6D, 0x78, 0xDE, 0x6B, 0xE8, 0xEC, 0x31, 0x20, 0x6F, 0x90, 0xC9, 0x5E, 0xF8, 0x5C,
    0x27, 0x9B, 0xF2, 0xA0, 0xD9, 0xB6, 0xD6, 0x15, 0xEF, 0xC0, 0x64, 0x55, 0xBA, 0x79, 0x7D, 0xC6,
    0xE4, 0xA9, 0x44, 0xEE, 0x8D, 0x02, 0x77, 0x85, 0x94, 0x0B, 0x0F, 0x85, 0x31, 0x34, 0x09, 0xCB,
    0x17, 0x16, 0x8E, 0x25, 0x2B, 0xCF, 0x65, 0xC4, 0x46, 0x37, 0x6F, 0xC7, 0x94, 0x8C, 0x31, 0xB3,
    0x5B, 0xCE, 0x72, 0x0E, 0xC3, 0x3B, 0xFC, 0x1C, 0x45, 0x98, 0x9F, 0x05, 0xAC, 0xD6, 0x88, 0x60,
    0x51, 0xB6, 0xC6, 0x29, 0x9B, 0x4E, 0xEA, 0xDB, 0xA5, 0x27, 0x34, 0x99, 0x5A, 0x86, 0x71, 0x8C,
    0xC4, 0x74, 0x10, 0x51, 0xD1, 0xC7, 0xD4, 0xC0, 0x29, 0xAF, 0xAC, 0x96, 0x04, 0x37, 0xC9, 0x88,
    0xD2, 0x78, 0xDB, 0x26, 0x6C, 0xFE, 0xEE, 0x79, 0x1C, 0xB5, 0xBB, 0x3B, 0x4E, 0xD2, 0x1F, 0x0F,
    0xDD, 0xCD, 0xD4, 0xF4, 0xD2, 0x38, 0x5E, 0x77, 0xF3, 0x73, 0x6A, 0x64, 0x7C, 0xD4, 0x92, 0xA9,
    0x48, 0x26, 0xED, 0xD5, 0x29, 0x1A, 0x6A, 0x75, 0x9B, 0x56, 0x6B, 0xE9, 0xF0, 0xDC, 0xB7, 0x59,
    0xF0, 0xDD, 0x69, 0x2D, 0x9E, 0x36, 0x92, 0xF1, 0x4B, 0xE5, 0xB7, 0x59, 0xF6, 0x9A, 0x4C, 0xAF,
    0x9E, 0x61, 0xB5, 0x88, 0xA9, 0x19, 0xB7, 0x6C, 0x7A, 0xA1, 0x20, 0x7B, 0x98, 0x1A, 0xED, 0x11,
    0x98, 0x8A, 0xAE, 0xB9, 0xB2, 0xD2, 0xDA, 0x27, 0x99, 0xB5, 0x18, 0x98, 0x98, 0xD3, 0x2B, 0xD4,
    0xC5, 0x3E, 0x79, 0x04, 0x34, 0x14, 0x8A, 0xB1, 0xCB, 0x25, 0x5D, 0x0D, 0x85, 0x8C, 0xC9, 0x88,
    0x73, 0x77, 0x42, 0xC9, 0x18, 0xB3, 0x99, 0x32, 0xDD, 0x9A, 0x33, 0x5F, 0x99, 0x53, 0x41, 0xCE,
    0x74, 0x4F, 0xE7, 0x15, 0x72, 0xFF, 0x90, 0x59, 0x81, 0x57, 0x6F, 0xEE, 0x79, 0xEA, 0xEB, 0xB1,
    0xAA, 0xB9, 0x0A, 0x24, 0x3C, 0x91, 0x13, 0xE4, 0xC0, 0x48, 0x82, 0x91, 0x05, 0x4F, 0x65, 0x8E,
    0x3C, 0xB8, 0x90, 0xA2, 0x18, 0xE4, 0x85, 0x9B, 0x97, 0x7E, 0xBE, 0xA8, 0xB3, 0xF0, 0x32, 0xB5,
    0x83, 0xCF, 0x81, 0x35, 0x59, 0x89, 0xEE, 0xBD, 0xEB, 0x66, 0x97, 0xDB, 0x36, 0x7E, 0xB7, 0x9B,
    0xDD, 0xD0, 0xC0, 0x30, 0x79, 0xA5, 0x8A, 0xCC, 0x85, 0xBE, 0xD9, 0x90, 0xCF, 0xA1, 0x60, 0x40,
    0x2E, 0xD5, 0x7F, 0x0F, 0x99, 0x53, 0x69, 0x9E, 0xA8, 0x4D, 0x41, 0x7C, 0x29, 0xF0, 0x8D, 0x89,
    0x6F, 0xF4, 0x21, 0xBE, 0x06, 0x64, 0xD1, 0x01, 0x59, 0x11, 0x4C, 0x49, 0xA4, 0x15, 0x13, 0xF9,
    0x8A, 0x14, 0x67, 0xAF, 0x16, 0xDC, 0x28, 0xAB, 0x08, 0x37, 0xB5, 0x79, 0x24, 0xD3, 0xC8, 0x61,
    0x72, 0x28, 0x5F, 0x68, 0x4F, 0xF3, 0x13, 0x89, 0x0A, 0x2C, 0x0A, 0x29, 0x8B, 0x0E, 0xF3, 0x37,
    0xC5, 0xDF, 0x5C, 0xCB, 0x8F, 0x12, 0x1D, 0x00, 0xB5, 0x00, 0xB6, 0x54, 0xC8, 0xA3, 0x17, 0xAB,
    0x4C, 0xC2, 0xDF, 0xB3, 0x66, 0x8C, 0x53, 0xF3, 0x42, 0x09, 0xD0, 0xBF, 0xDD, 0x3D, 0xF4, 0x07,
    0x36, 0x6F, 0x99, 0xAA, 0xCC, 0x8E, 0x6C, 0x6F, 0x25, 0xE0, 0xE7, 0x13, 0x99, 0xC4, 0x9B, 0xF0,
    0xDF, 0x7E, 0x1A, 0xFE, 0x0D, 0xD1, 0xB2, 0xE6, 0x50, 0x92, 0x43, 0x0E, 0x0E, 0x51, 0xDC, 0x27,
    0x07, 0x4E, 0x2A, 0xAF, 0xD9, 0x26, 0xA0, 0x2B, 0xB2, 0x63, 0xDB, 0xE3, 0xDC, 0xF0, 0x88, 0x92,
    0xCF, 0xE2, 0xE1, 0x16, 0x3F, 0xD8, 0xED, 0x9D, 0xA3, 0x61, 0x7A, 0x7C, 0x0D, 0xFA, 0xE4, 0x63,
    0xF4, 0xD5, 0xD6, 0xE8, 0x21, 0xD5, 0xDC, 0x60, 0xED, 0x20, 0x2E, 0x81, 0x38, 0x1B, 0xCB, 0xF8,
    0xF6, 0x81, 0xD3, 0x6C, 0xB8, 0xEF, 0x3E, 0xD2, 0x6F, 0xD0, 0x17, 0xDB, 0xED, 0x1D, 0x62, 0xA7,
    0x95, 0x1E, 0x9D, 0xBA, 0x2A, 0x3E, 0x0F, 0x3A, 0x1B, 0x08, 0x1D, 0xD1, 0x01, 0xD8, 0x62, 0x2A,
    0x5E, 0xC6, 0x4D, 0x6D, 0x4A, 0x7C, 0x00, 0x8D, 0xF7, 0x9F, 0x14, 0xE2, 0xBF, 0xCE, 0xC4, 0xFB,
    0x6D, 0x89, 0xD1, 0x84, 0x0B, 0x21, 0x25, 0x2C, 0x2F, 0x74, 0xEF, 0xE2, 0x9A, 0x3D, 0x10, 0xF9,
    0xD2, 0x66, 0x14, 0xFC, 0xA2, 0xF3, 0xB6, 0xC8, 0x4D, 0xDD, 0xDC, 0xCD, 0xBC, 0xA5, 0x93, 0xF9,
    0x89, 0x93, 0x07, 0x18, 0x1B, 0x8C, 0x54, 0x8E, 0x0C, 0x2A, 0x87, 0xB1, 0x4B, 0x18, 0x62, 0x69,
    0xC8, 0xCA, 0x82, 0xBB, 0x99, 0x33, 0x8B, 0x6D, 0x6E, 0x0A, 0xE1, 0x19, 0x6F, 0x25, 0x3D, 0xE1,
    0x5B, 0xEF, 0x15, 0xE8, 0xDA, 0x14, 0xDE, 0x01, 0xDB, 0x57, 0xC4, 0x86, 0x42, 0x68, 0xF1, 0x3A,
    0x37, 0x5C, 0xB5, 0xD3, 0xCA, 0xBA, 0xEB, 0x74, 0xE3, 0x2D, 0x55, 0x3F, 0xD8, 0x27, 0xF6, 0xFD,
    0x14, 0x0B, 0xB2, 0x61, 0xF7, 0xE5, 0x54, 0x2F, 0xE3, 0x2B, 0xB3, 0xA7, 0x9A, 0xE0, 0x20, 0xBF,
    0xE9, 0x17, 0x37, 0x57, 0xED, 0xA8, 0x5E, 0xF6, 0x89, 0xF5, 0x3F, 0x5D, 0x50, 0xB1, 0x6E, 0xC2,
    0x30, 0x10, 0x7D, 0xC1, 0x03, 0x42, 0x96, 0xEA, 0x95, 0xA5, 0xF2, 0xD2, 0xB1, 0x22, 0x0B, 0x43,
    0x87, 0x04, 0x47, 0xFD, 0x12, 0x3E, 0x82, 0x91, 0x8A, 0x7C, 0x12, 0x23, 0x83, 0xA1, 0x46, 0xFC,
    0x40, 0xF6, 0x2E, 0xD9, 0xBB, 0x64, 0xC8, 0x90, 0x01, 0xB8, 0x3E, 0x63, 0xA8, 0xD4, 0x2A, 0x7E,
    0x56, 0xEE, 0xDD, 0xDD, 0xF3, 0xBD, 0x73, 0x57, 0x77, 0x11, 0xE9, 0x6E, 0xE7, 0x71, 0x69, 0x3C,
    0xE1, 0x15, 0x05, 0x0E, 0xFC, 0xA6, 0xB0, 0x70, 0x95, 0xBB, 0x31, 0x73, 0x2C, 0x31, 0x81, 0x63,
    0x6C, 0xF1, 0xCC, 0xFC, 0x16, 0x9A, 0xA5, 0xCC, 0x14, 0x28, 0xD6, 0x38, 0xB0, 0x7C, 0x8F, 0xE9,
    0x0B, 0xF2, 0x19, 0xDC, 0x06, 0xCE, 0xDD, 0x53, 0xAB, 0x15, 0x96, 0xEC, 0x9B, 0x44, 0x86, 0xBC,
    0x65, 0x2F, 0x9B, 0xDF, 0xB0, 0xDD, 0x02, 0xE3, 0x00, 0xE8, 0x1A, 0x30, 0x15, 0x01, 0x38, 0x91,
    0x7A, 0x23, 0x52, 0xA1, 0x04, 0xA8, 0x9F, 0xB0, 0x26, 0x76, 0x44, 0x4F, 0x74, 0x09, 0x19, 0x31,
    0x6A, 0x01, 0xD5, 0xE0, 0x6F, 0xA0, 0x02, 0x8C, 0x48, 0x6B, 0x45, 0x9A, 0x87, 0xE6, 0x2F, 0x2C,
    0x40, 0x6D, 0x7C, 0x12, 0xFF, 0x75, 0x75, 0x0F, 0x77, 0x65, 0x16, 0x7C, 0x3F, 0x1D, 0xFE, 0x93,
    0x21, 0xEF, 0x75, 0xDD, 0x5F, 0xCC, 0xF1, 0xEC, 0x4D, 0xDD, 0xEB, 0x01, 0x8A, 0x0F, 0x71, 0x4C,
    0x68, 0x0E, 0x8E, 0xBD, 0x09, 0x14, 0xA5, 0x82, 0x0A, 0x71, 0x60, 0x74, 0xAA, 0xF1, 0x29, 0x3E,
    0xC6, 0x41, 0xF1, 0x61, 0x4E, 0x71, 0x40, 0xE4, 0x12, 0x3D, 0xD2, 0xED, 0x60, 0xC7, 0x17, 0x6C,
    0xC8, 0x95, 0xB9, 0xBC, 0x0B, 0x1F, 0x1E, 0x4A, 0x7D, 0x62, 0x4F, 0xD6, 0xED, 0xD4, 0x57, 0x5D,
    0x72, 0xFC, 0x7E, 0xF4, 0x5D, 0xCD, 0x60, 0xEA, 0x14, 0xE7, 0x48, 0xF9, 0x02, 0xA9, 0x7E, 0x40,
    0xEA, 0x3F, 0xAB, 0x4E, 0x07, 0x5B, 0x2D, 0x70, 0x86, 0x47, 0x2C, 0x33, 0x95, 0x0E, 0x3A, 0xA8,
    0x66, 0xD4, 0xD1, 0x8E, 0x87, 0xCF, 0x7A, 0xD5, 0x9A, 0x90, 0x63, 0x8F, 0x64, 0x90, 0xFC, 0x6D,
    0xD7, 0x71, 0x27, 0xB3, 0xBB, 0x77, 0xD2, 0xD1, 0xCD, 0x83, 0x5E, 0x90, 0xF2, 0x69, 0xBD, 0x91,
    0x8E, 0x06, 0xE3, 0xD6, 0xA2, 0xB1, 0x1F, 0x63, 0x60, 0x3F, 0xC0, 0x20, 0x7F, 0x80, 0xC1, 0xBE,
    0x81, 0xE1, 0x77, 0x03, 0xF3, 0x6D, 0x07, 0x7E, 0x7F, 0x06, 0x7D, 0x7E, 0x06, 0xFB, 0xFF, 0x17,
    0x44, 0xF3, 0x1C, 0x18, 0x74, 0x18, 0x00, 0x35, 0x8E, 0xB1, 0x0D, 0xC3, 0x30, 0x0C, 0x04, 0x2F,
    0x61, 0xE1, 0x42, 0x85, 0x47, 0xD0, 0x08, 0x5E, 0x20, 0x48, 0xBC, 0x59, 0xB4, 0x81, 0x27, 0x0A,
    0xA4, 0x11, 0x34, 0x82, 0x46, 0x50, 0xA1, 0x22, 0x85, 0x1D, 0x86, 0x74, 0x10, 0x16, 0x07, 0xFE,
    0x13, 0x7C, 0x3C, 0x70, 0x03, 0xB2, 0x16, 0x47, 0xB2, 0x75, 0xC0, 0xD2, 0x3A, 0xE8, 0xD1, 0x91,
    0x11, 0x3B, 0xA1, 0x84, 0xC6, 0x9C, 0x26, 0xC3, 0x2A, 0x85, 0xC8, 0x89, 0xC9, 0x31, 0x27, 0xF3,
    0xA2, 0xA1, 0xE6, 0x15, 0x51, 0xB5, 0x77, 0xDD, 0xF8, 0xCD, 0x53, 0x2D, 0x33, 0x3B, 0x2C, 0xF9,
    0x0D, 0xC1, 0xCF, 0x8F, 0x1A, 0x0B, 0x2F, 0x24, 0x61, 0x0E, 0x8B, 0x7E, 0xCC, 0xD2, 0x1D, 0xA4,
    0x99, 0x94, 0x8A, 0xCB, 0x7F, 0x93, 0x53, 0x8A, 0x35, 0xE1, 0x3A, 0xB8, 0xC3, 0x71, 0xD9, 0x3D,
    0xB5, 0x7B, 0xD4, 0xCA, 0x17, 0x9D, 0x52, 0x3B, 0x72, 0x83, 0x30, 0x10, 0x7D, 0x86, 0x19, 0x53,
    0x50, 0xE8, 0x00, 0x14, 0x6A, 0x52, 0x87, 0x0B, 0xD8, 0x16, 0x39, 0x51, 0xDA, 0x14, 0x76, 0xCC,
    0x11, 0x72, 0x97, 0xA4, 0x48, 0xE1, 0x31, 0x3A, 0x02, 0x33, 0xB9, 0x00, 0x45, 0x0E, 0x40, 0x41,
    0xA1, 0x99, 0x60, 0x36, 0x6F, 0x25, 0x7B, 0x92, 0x32, 0x13, 0x8D, 0x1E, 0x88, 0xB7, 0xBB, 0x6F,
    0x3F, 0xC2, 0x04, 0x18, 0x69, 0x51, 0x8D, 0x40, 0x58, 0x2D, 0x7B, 0x23, 0x8B, 0x7B, 0x90, 0x3D,
    0x5C, 0x40, 0x3D, 0xC1, 0x8E, 0x30, 0x7C, 0xF2, 0x7C, 0xC2, 0xD6, 0x61, 0x36, 0x32, 0x66, 0xD2,
    0x4A, 0x5C, 0x34, 0xFD, 0x6F, 0x33, 0x16, 0x8A, 0x19, 0xC0, 0x8E, 0xB0, 0x0D, 0x50, 0x7A, 0x20,
    0x67, 0x09, 0x08, 0xC4, 0x81, 0xA8, 0x09, 0xD3, 0xA6, 0xF7, 0x21, 0xF1, 0x6A, 0x57, 0x3F, 0xF5,
    0xD7, 0x38, 0x8D, 0xBF, 0x69, 0x21, 0x9D, 0xB5, 0x34, 0x06, 0xE1, 0x0D, 0x58, 0xD1, 0x3B, 0xEF,
    0x7F, 0x44, 0x36, 0x49, 0x24, 0x23, 0x5D, 0x50, 0xC4, 0x50, 0xE4, 0x9E, 0xD4, 0x9E, 0x98, 0xE8,
    0x39, 0x24, 0x6D, 0x73, 0xAD, 0xE9, 0x34, 0xCF, 0x48, 0x4B, 0xD9, 0xB2, 0x4D, 0x3A, 0x1A, 0xA4,
    0x1E, 0xF6, 0x5A, 0xA0, 0x7A, 0x6E, 0xAF, 0xDA, 0x1B, 0xB8, 0x9E, 0x63, 0x1B, 0xDE, 0x81, 0x91,
    0x79, 0x02, 0x45, 0x4F, 0xCC, 0xB5, 0x23, 0x6A, 0xC2, 0x32, 0x81, 0xE9, 0x63, 0x6E, 0x3B, 0x15,
    0x17, 0x1C, 0xC5, 0x49, 0x13, 0xEC, 0xA5, 0xF4, 0x63, 0x3E, 0xE6, 0x3E, 0x9E, 0x8E, 0x4B, 0x2D,
    0x4D, 0xB4, 0xE2, 0xD8, 0xE2, 0xCB, 0x67, 0x1F, 0x6D, 0xEE, 0xF1, 0xF7, 0xFD, 0xEA, 0xC1, 0xEE,
    0xCF, 0xA9, 0x6E, 0x1B, 0x0C, 0x93, 0x08, 0x9E, 0x8A, 0x10, 0xBF, 0x33, 0xD6, 0x5E, 0x5F, 0x0C,
    0x9E, 0x3B, 0xC1, 0xDD, 0x5A, 0x39, 0xED, 0xC6, 0x69, 0xAF, 0x70, 0x22, 0xBD, 0x22, 0x8D, 0x20,
    0xD1, 0x37, 0xEE, 0xF7, 0xD4, 0xA9, 0x02, 0x74, 0xB0, 0xB2, 0x96, 0xA1, 0x9B, 0xB0, 0xF0, 0x23,
    0x20, 0x93, 0x4F, 0x54, 0xBC, 0x81, 0x47, 0xCE, 0x3C, 0xFD, 0x19, 0x9C, 0x14, 0x4D, 0x32, 0xA1,
    0xA0, 0x64, 0xB5, 0xC4, 0x90, 0xA5, 0x94, 0x17, 0x3A, 0xB2, 0xB5, 0x26, 0xDE, 0x14, 0xD7, 0x37,
    0x95, 0x90, 0xB1, 0x6D, 0xC3, 0x30, 0x10, 0x45, 0xBF, 0xC4, 0x42, 0x85, 0x8A, 0x1B, 0x41, 0x1B,
    0x58, 0x0B, 0xD0, 0x12, 0x07, 0x33, 0x20, 0x8E, 0xE5, 0xC2, 0x40, 0x0E, 0x49, 0x91, 0x96, 0x40,
    0x16, 0xF0, 0x08, 0x2C, 0x54, 0xA8, 0x50, 0xC2, 0xFC, 0x3B, 0x67, 0x81, 0x14, 0x24, 0x20, 0x0A,
    0x78, 0xEF, 0xDD, 0x61, 0x2E, 0x0D, 0xDB, 0x47, 0xC3, 0x11, 0x0A, 0xEA, 0xA8, 0x5D, 0x95, 0xBC,
    0xB6, 0x76, 0xF2, 0xF0, 0x65, 0x42, 0xD0, 0x19, 0x83, 0x2E, 0x18, 0xF3, 0x15, 0x92, 0x23, 0x24,
    0xDD, 0x20, 0x78, 0x60, 0xC2, 0x81, 0x0B, 0x76, 0x2C, 0xA8, 0x88, 0x5D, 0x05, 0xE6, 0xAF, 0x82,
    0xED, 0xB3, 0xBE, 0x38, 0x80, 0x3D, 0x91, 0x91, 0x78, 0xF0, 0x3F, 0x4E, 0x01, 0xDE, 0xDE, 0xC9,
    0xE9, 0x9F, 0xA8, 0xA1, 0x74, 0x35, 0xE8, 0xDA, 0x06, 0x9E, 0x51, 0x43, 0x91, 0x1C, 0x54, 0xD2,
    0xA0, 0x42, 0xCE, 0x44, 0xCE, 0x4C, 0xCE, 0x42, 0xCE, 0x95, 0x9C, 0x48, 0xCE, 0x8D, 0x9C, 0x4D,
    0x23, 0x56, 0x25, 0xA7, 0x4D, 0xB0, 0xC9, 0xD6, 0x04, 0x9F, 0xC4, 0xA6, 0xB3, 0x2E, 0xC9, 0x5E,
    0xD6, 0xCE, 0xBF, 0xDB, 0xFE, 0xDD, 0xBD, 0x6F, 0xF7, 0xC2, 0x6A, 0x8D, 0x2C, 0x61, 0x65, 0x5F,
    0xAD, 0x33, 0x3C, 0xAD, 0x94, 0x63, 0xB1, 0x35, 0xA8, 0xD5, 0x0E, 0x6A, 0xBD, 0xC4, 0xC5, 0x17,
    0xCE, 0x76, 0xE8, 0x2E, 0x7E, 0xD0, 0x25, 0xC9, 0x7E, 0x8A, 0xBB, 0x26, 0xB3, 0x9C, 0x17, 0xBB,
    0x8F, 0xC5, 0x5D, 0xD1, 0x5D, 0xD1, 0x5D, 0x0F, 0xDF, 0xC7, 0xDD, 0x37, 0xB2, 0xFB, 0x4E, 0xAA,
    0xB9, 0x68, 0xA7, 0x8B, 0x76, 0xBA, 0x78, 0xD3, 0xD5, 0xFF, 0x98, 0xAB, 0xFB, 0xC6, 0x2F, 0xDB,
    0xFF, 0xFF, 0xCF, 0x05, 0x06, 0x99, 0x07, 0x0C, 0x3A, 0x27, 0x18, 0xE6, 0x9C, 0x60, 0xE8, 0x39,
    0xC4, 0xC4, 0x73, 0xD0, 0x89, 0xE7, 0x40, 0x07, 0xCF, 0x01, 0x13, 0x9E, 0x03, 0x06, 0x60, 0x46,
    0x2B, 0x0F, 0x50, 0xF0, 0x28, 0x63, 0x0F, 0x50, 0x16, 0xA8, 0x0C, 0x88, 0xFE, 0xFF, 0xFF, 0x03,
    0x00,
};

static const EpdGlyph lexenddeca_12_italicGlyphs[] = {
    { 0, 0, 0, 0, 0, 0, 0 }, // U+0000
    { 0, 0, 0, 0, 0, 0, 0 }, // U+0001
    { 0, 0, 0, 0, 0, 0, 0 }, // U+0002
    { 0, 0, 0, 0, 0, 0, 0 }, // U+0003
    { 0, 0, 0, 0, 0, 0, 0 }, // U+0004
    { 0, 0, 0, 0, 0, 0, 0 }, // U+0005
    { 0, 0, 0, 0, 0, 0, 0 }, // U+0006
    { 0, 0, 0, 0, 0, 0, 0 }, // U+0007
    { 0, 0, 0, 0, 0, 0, 0 }, // U+0008
    { 0, 0, 0, 0, 0, 0, 0 }, // U+0009
    { 0, 0, 0, 0, 0, 0, 0 }, // U+000A
    { 0, 0, 0, 0, 0, 0, 0 }, // U+000B
    { 0, 0, 0, 0, 0, 0, 0 }, // U+000C
    { 0, 0, 0, 0, 0, 0, 0 }, // U+000D
    { 0, 0, 0, 0, 0, 0, 0 }, // U+000E
    { 0, 0, 0, 0, 0, 0, 0 }, // U+000F
    { 0, 0, 0, 0, 0, 0, 0 }, // U+0010
    { 0, 0, 0, 0, 0, 0, 0 }, // U+0011
    { 0, 0, 0, 0, 0, 0, 0 }, // U+0012
    { 0, 0, 0, 0, 0, 0, 0 }, // U+0013
    { 0, 0, 0, 0, 0, 0, 0 }, // U+0014
    { 0, 0, 0, 0, 0, 0, 0 }, // U+0015
    { 0, 0, 0, 0, 0, 0, 0 }, // U+0016
    { 0, 0, 0, 0, 0, 0, 0 }, // U+0017
    { 0, 0, 0, 0, 0, 0, 0 }, // U+0018
    { 0, 0, 0, 0, 0, 0, 0 }, // U+0019
    { 0, 0, 0, 0, 0, 0, 0 }, // U+001A
    { 0, 0, 0, 0, 0, 0, 0 }, // U+001B
    { 0, 0, 0, 0, 0, 0, 0 }, // U+001C
    { 0, 0, 0, 0, 0, 0, 0 }, // U+001D
    { 0, 0, 0, 0, 0, 0, 0 }, // U+001E
    { 0, 0, 0, 0, 0, 0, 0 }, // U+001F
    { 0, 0, 112, 0, 0, 0, 0 }, // U+0020
    { 7, 17, 114, 0, 17, 30, 0 }, // !
    { 6, 6, 134, 2, 17, 9, 30 }, // "
    { 16, 17, 254, 0, 17, 68, 39 }, // #
    { 15, 22, 244, 0, 20, 83, 107 }, // $
    { 22, 17, 400, 2, 17, 94, 190 }, // %
    { 16, 17, 276, 0, 17, 68, 284 }, // &
    { 3, 6, 77, 2, 17, 5, 352 }, // '
    { 9, 21, 120, 0, 17, 48, 357 }, // (
    { 9, 21, 121, -2, 17, 48, 405 }, // )
    { 8, 9, 176, 2, 18, 18, 453 }, // *
    { 13, 13, 248, 1, 13, 43, 471 }, // +
    { 5, 7, 84, -2, 4, 9, 514 }, // ,
    { 9, 2, 149, 0, 7, 5, 523 }, // -
    { 5, 3, 83, -1, 3, 4, 528 }, // .
    { 13, 17, 148, -2, 17, 56, 532 }, // /
    { 15, 17, 262, 1, 17, 64, 588 }, // 0
    { 8, 17, 161, 2, 17, 34, 652 }, // 1
    { 15, 17, 226, -1, 17, 64, 686 }, // 2
    { 14, 17, 232, 0, 17, 60, 750 }, // 3
    { 15, 17, 254, 0, 17, 64, 810 }, // 4
    { 15, 17, 230, 0, 17, 64, 874 }, // 5
    { 13, 17, 242, 1, 17, 56, 938 }, // 6
    { 15, 17, 215, 0, 17, 64, 994 }, // 7
    { 14, 17, 247, 0, 17, 60, 1058 }, // 8
    { 13, 17, 240, 2, 17, 56, 1118 }, // 9
    { 6, 13, 83, -1, 13, 20, 1174 }, // :
    { 8, 16, 84, -2, 13, 32, 1194 }, // ;
    { 13, 13, 245, 0, 13, 43, 1226 }, // <
    { 13, 7, 263, 1, 10, 23, 1269 }, // =
    { 12, 13, 245, 2, 13, 39, 1292 }, // >
    { 12, 17, 211, 2, 17, 51, 1331 }, // ?
    { 18, 17, 314, 1, 17, 77, 1382 }, // @
    { 17, 17, 251, -2, 17, 73, 1459 }, // A
    { 16, 17, 250, 0, 17, 68, 1532 }, // B
    { 16, 17, 264, 1, 17, 68, 1600 }, // C
    { 16, 17, 270, 0, 17, 68, 1668 }, // D
    { 16, 17, 226, 0, 17, 68, 1736 }, // E
    { 15, 17, 218, 0, 17, 64, 1804 }, // F
    { 16, 17, 285, 1, 17, 68, 1868 }, // G
    { 18, 17, 278, 0, 17, 77, 1936 }, // H
    { 11, 17, 166, 0, 17, 47, 2013 }, // I
    { 14, 17, 204, -1, 17, 60, 2060 }, // J
    { 17, 17, 249, 0, 17, 73, 2120 }, // K
    { 13, 17, 216, 0, 17, 56, 2193 }, // L
    { 21, 17, 330, 0, 17, 90, 2249 }, // M
    { 18, 17, 277, 0, 17, 77, 2339 }, // N
    { 17, 17, 291, 1, 17, 73, 2416 }, // O
    { 16, 17, 239, 0, 17, 68, 2489 }, // P
    { 17, 19, 299, 1, 17, 81, 2557 }, // Q
    { 16, 17, 244, 0, 17, 68, 2638 }, // R
    { 15, 17, 244, 0, 17, 64, 2706 }, // S
    { 15, 17, 223, 1, 17, 64, 2770 }, // T
    { 17, 17, 277, 1, 17, 73, 2834 }, // U
    { 15, 17, 237, 2, 17, 64, 2907 }, // V
    { 21, 17, 338, 2, 17, 90, 2971 }, // W
    { 20, 17, 250, -2, 17, 85, 3061 }, // X
    { 15, 17, 239, 2, 17, 64, 3146 }, // Y
    { 17, 17, 245, -1, 17, 73, 3210 }, // Z
    { 11, 21, 127, -1, 17, 58, 3283 }, // [
    { 10, 17, 208, 2, 17, 43, 3341 }, // <backslash>
    { 10, 21, 127, -2, 17, 53, 3384 }, // ]
    { 12, 9, 221, 1, 17, 27, 3437 }, // ^
    { 10, 2, 165, -1, 0, 5, 3464 }, // _
    { 4, 4, 109, 3, 19, 4, 3469 }, // `
    { 12, 13, 208, 0, 13, 39, 3473 }, // a
    { 13, 17, 222, 0, 17, 56, 3512 }, // b
    { 13, 13, 198, 0, 13, 43, 3568 }, // c
    { 15, 17, 222, 0, 17, 64, 3611 }, // d
    { 13, 13, 217, 0, 13, 43, 3675 }, // e
    { 10, 18, 128, 0, 18, 45, 3718 }, // f
    { 15, 18, 222, -1, 13, 68, 3763 }, // g
    { 13, 17, 219, 0, 17, 56, 3831 }, // h
    { 7, 18, 108, 1, 18, 32, 3887 }, // i
    { 11, 23, 103, -4, 19, 64, 3919 }, // j
    { 13, 17, 195, 0, 17, 56, 3983 }, // k
    { 6, 17, 104, 0, 17, 26, 4039 }, // l
    { 20, 13, 338, 0, 13, 65, 4065 }, // m
    { 13, 13, 220, 0, 13, 43, 4130 }, // n
    { 13, 13, 219, 0, 13, 43, 4173 }, // o
    { 14, 17, 222, -1, 13, 60, 4216 }, // p
    { 14, 17, 222, 0, 13, 60, 4276 }, // q
    { 10, 13, 141, 0, 13, 33, 4336 }, // r
    { 11, 13, 192, 0, 13, 36, 4369 }, // s
    { 8, 16, 130, 1, 16, 32, 4405 }, // t
    { 12, 13, 216, 1, 13, 39, 4437 }, // u
    { 12, 13, 178, 1, 13, 39, 4476 }, // v
    { 17, 13, 263, 1, 13, 56, 4515 }, // w
    { 15, 13, 185, -2, 13, 49, 4571 }, // x
    { 14, 17, 174, -2, 13, 60, 4620 }, // y
    { 13, 13, 187, -1, 13, 43, 4680 }, // z
    { 10, 21, 129, 0, 17, 53, 4723 }, // {
    { 3, 21, 116, 2, 17, 16, 4776 }, // |
    { 10, 21, 129, -2, 17, 53, 4792 }, // }
    { 13, 3, 216, 0, 8, 10, 4845 }, // ~
    { 0, 0, 0, 0, 0, 0, 4855 }, // U+007F
    { 0, 0, 0, 0, 0, 0, 0 }, // U+0080
    { 0, 0, 0, 0, 0, 0, 0 }, // U+0081
    { 0, 0, 0, 0, 0, 0, 0 }, // U+0082
    { 0, 0, 0, 0, 0, 0, 0 }, // U+0083
    { 0, 0, 0, 0, 0, 0, 0 }, // U+0084
    { 0, 0, 0, 0, 0, 0, 0 }, // U+0085
    { 0, 0, 0, 0, 0, 0, 0 }, // U+0086
    { 0, 0, 0, 0, 0, 0, 0 }, // U+0087
    { 0, 0, 0, 0, 0, 0, 0 }, // U+0088
    { 0, 0, 0, 0, 0, 0, 0 }, // U+0089
    { 0, 0, 0, 0, 0, 0, 0 }, // U+008A
    { 0, 0, 0, 0, 0, 0, 0 }, // U+008B
    { 0, 0, 0, 0, 0, 0, 0 }, // U+008C
    { 0, 0, 0, 0, 0, 0, 0 }, // U+008D
    { 0, 0, 0, 0, 0, 0, 0 }, // U+008E
    { 0, 0, 0, 0, 0, 0, 0 }, // U+008F
    { 0, 0, 0, 0, 0, 0, 0 }, // U+0090
    { 0, 0, 0, 0, 0, 0, 0 }, // U+0091
    { 0, 0, 0, 0, 0, 0, 0 }, // U+0092
    { 0, 0, 0, 0, 0, 0, 0 }, // U+0093
    { 0, 0, 0, 0, 0, 0, 0 }, // U+0094
    { 0, 0, 0, 0, 0, 0, 0 }, // U+0095
    { 0, 0, 0, 0, 0, 0, 0 }, // U+0096
    { 0, 0, 0, 0, 0, 0, 0 }, // U+0097
    { 0, 0, 0, 0, 0, 0, 0 }, // U+0098
    { 0, 0, 0, 0, 0, 0, 0 }, // U+0099
    { 0, 0, 0, 0, 0, 0, 0 }, // U+009A
    { 0, 0, 0, 0, 0, 0, 0 }, // U+009B
    { 0, 0, 0, 0, 0, 0, 0 }, // U+009C
    { 0, 0, 0, 0, 0, 0, 0 }, // U+009D
    { 0, 0, 0, 0, 0, 0, 0 }, // U+009E
    { 0, 0, 0, 0, 0, 0, 0 }, // U+009F
    { 0, 0, 112, 0, 0, 0, 0 }, // U+00A0
    { 7, 17, 113, 0, 13, 30, 0 }, // U+00A1
    { 12, 17, 197, 0, 15, 51, 30 }, // U+00A2
    { 15, 17, 234, 0, 17, 64, 81 }, // U+00A3
    { 13, 13, 266, 2, 15, 43, 145 }, // U+00A4
    { 16, 17, 239, 1, 17, 68, 188 }, // U+00A5
    { 3, 21, 116, 2, 17, 16, 256 }, // U+00A6
    { 16, 21, 210, -2, 17, 84, 272 }, // U+00A7
    { 9, 3, 171, 3, 18, 7, 356 }, // U+00A8
    { 19, 18, 326, 1, 18, 86, 363 }, // U+00A9
    { 8, 7, 145, 1, 17, 14, 449 }, // U+00AA
    { 13, 11, 225, 1, 12, 36, 463 }, // U+00AB
    { 14, 8, 267, 1, 10, 28, 499 }, // U+00AC
    { 0, 0, 0, 0, 0, 0, 527 }, // U+00AD
    { 19, 18, 326, 1, 18, 86, 527 }, // U+00AE
    { 9, 2, 153, 2, 18, 5, 613 }, // U+00AF
    { 7, 7, 143, 2, 18, 13, 618 }, // U+00B0
    { 13, 13, 261, 1, 13, 43, 631 }, // U+00B1
    { 9, 10, 154, 1, 20, 23, 674 }, // U+00B2
    { 8, 10, 158, 2, 20, 20, 697 }, // U+00B3
    { 6, 4, 108, 2, 19, 6, 717 }, // U+00B4
    { 14, 17, 222, -1, 13, 60, 723 }, // U+00B5
    { 14, 21, 209, 1, 17, 74, 783 }, // U+00B6
    { 4, 3, 94, 1, 8, 3, 857 }, // U+00B7
    { 6, 6, 118, -1, 1, 9, 860 }, // U+00B8
    { 6, 10, 103, 2, 20, 15, 869 }, // U+00B9
    { 8, 8, 153, 2, 18, 16, 884 }, // U+00BA
    { 13, 11, 222, 0, 12, 36, 900 }, // U+00BB
    { 17, 18, 330, 2, 18, 77, 936 }, // U+00BC
    { 17, 17, 321, 2, 17, 73, 1013 }, // U+00BD
    { 19, 18, 362, 2, 18, 86, 1086 }, // U+00BE
    { 12, 17, 211, -1, 13, 51, 1172 }, // U+00BF
    { 17, 23, 251, -2, 23, 98, 1223 }, // U+00C0
    { 17, 23, 251, -2, 23, 98, 1321 }, // U+00C1
    { 17, 23, 251, -2, 23, 98, 1419 }, // U+00C2
    { 17, 22, 251, -2, 22, 94, 1517 }, // U+00C3
    { 17, 23, 251, -2, 23, 98, 1611 }, // U+00C4
    { 17, 22, 251, -2, 22, 94, 1709 }, // U+00C5
    { 28, 17, 395, -2, 17, 119, 1803 }, // U+00C6
    { 16, 21, 264, 1, 17, 84, 1922 }, // U+00C7
    { 16, 23, 226, 0, 23, 92, 2006 }, // U+00C8
    { 16, 23, 226, 0, 23, 92, 2098 }, // U+00C9
    { 16, 23, 226, 0, 23, 92, 2190 }, // U+00CA
    { 16, 23, 226, 0, 23, 92, 2282 }, // U+00CB
    { 11, 23, 166, 0, 23, 64, 2374 }, // U+00CC
    { 11, 23, 166, 0, 23, 64, 2438 }, // U+00CD
    { 12, 23, 166, 0, 23, 69, 2502 }, // U+00CE
    { 12, 23, 166, 0, 23, 69, 2571 }, // U+00CF
    { 17, 17, 284, 0, 17, 73, 2640 }, // U+00D0
    { 18, 22, 277, 0, 22, 99, 2713 }, // U+00D1
    { 17, 23, 291, 1, 23, 98, 2812 }, // U+00D2
    { 17, 23, 291, 1, 23, 98, 2910 }, // U+00D3
    { 17, 23, 291, 1, 23, 98, 3008 }, // U+00D4
    { 17, 22, 291, 1, 22, 94, 3106 }, // U+00D5
    { 17, 23, 291, 1, 23, 98, 3200 }, // U+00D6
    { 12, 11, 237, 1, 12, 33, 3298 }, // U+00D7
    { 19, 17, 290, 0, 17, 81, 3331 }, // U+00D8
    { 17, 23, 277, 1, 23, 98, 3412 }, // U+00D9
    { 17, 23, 277, 1, 23, 98, 3510 }, // U+00DA
    { 17, 23, 277, 1, 23, 98, 3608 }, // U+00DB
    { 17, 23, 277, 1, 23, 98, 3706 }, // U+00DC
    { 15, 23, 239, 2, 23, 87, 3804 }, // U+00DD
    { 15, 17, 233, 0, 17, 64, 3891 }, // U+00DE
    { 15, 17, 242, 0, 17, 64, 3955 }, // U+00DF
    { 12, 19, 208, 0, 19, 57, 4019 }, // U+00E0
    { 12, 19, 208, 0, 19, 57, 4076 }, // U+00E1
    { 13, 17, 208, 0, 17, 56, 4133 }, // U+00E2
    { 13, 17, 208, 0, 17, 56, 4189 }, // U+00E3
    { 13, 17, 208, 0, 17, 56, 4245 }, // U+00E4
    { 12, 20, 208, 0, 20, 60, 4301 }, // U+00E5
    { 21, 13, 348, 0, 13, 69, 4361 }, // U+00E6
    { 13, 17, 198, 0, 13, 56, 4430 }, // U+00E7
    { 13, 19, 217, 0, 19, 62, 4486 }, // U+00E8
    { 13, 19, 217, 0, 19, 62, 4548 }, // U+00E9
    { 13, 17, 217, 0, 17, 56, 4610 }, // U+00EA
    { 13, 17, 217, 0, 17, 56, 4666 }, // U+00EB
    { 5, 19, 99, 1, 19, 24, 4722 }, // U+00EC
    { 7, 19, 99, 1, 19, 34, 4746 }, // U+00ED
    { 9, 17, 99, 0, 17, 39, 4780 }, // U+00EE
    { 9, 17, 99, 0, 17, 39, 4819 }, // U+00EF
    { 14, 17, 228, 0, 17, 60, 4858 }, // U+00F0
    { 14, 17, 220, 0, 17, 60, 4918 }, // U+00F1
    { 13, 19, 219, 0, 19, 62, 4978 }, // U+00F2
    { 13, 19, 219, 0, 19, 62, 5040 }, // U+00F3
    { 13, 17, 219, 0, 17, 56, 5102 }, // U+00F4
    { 14, 17, 219, 0, 17, 60, 5158 }, // U+00F5
    { 13, 17, 219, 0, 17, 56, 5218 }, // U+00F6
    { 13, 13, 248, 1, 13, 43, 5274 }, // U+00F7
    { 15, 14, 219, -1, 14, 53, 5317 }, // U+00F8
    { 12, 19, 216, 1, 19, 57, 5370 }, // U+00F9
    { 12, 18, 216, 1, 18, 54, 5427 }, // U+00FA
    { 12, 17, 216, 1, 17, 51, 5481 }, // U+00FB
    { 12, 17, 216, 1, 17, 51, 5532 }, // U+00FC
    { 14, 23, 174, -2, 19, 81, 5583 }, // U+00FD
    { 14, 21, 223, -1, 17, 74, 5664 }, // U+00FE
    { 14, 21, 174, -2, 17, 74, 5738 }, // U+00FF
    { 17, 22, 251, -2, 22, 94, 0 }, // U+0100
    { 13, 17, 208, 0, 17, 56, 94 }, // U+0101
    { 17, 22, 251, -2, 22, 94, 150 }, // U+0102
    { 13, 17, 208, 0, 17, 56, 244 }, // U+0103
    { 17, 21, 251, -2, 17, 90, 300 }, // U+0104
    { 12, 17, 208, 0, 13, 51, 390 }, // U+0105
    { 16, 23, 264, 1, 23, 92, 441 }, // U+0106
    { 13, 19, 198, 0, 19, 62, 533 }, // U+0107
    { 16, 23, 264, 1, 23, 92, 595 }, // U+0108
    { 13, 17, 198, 0, 17, 56, 687 }, // U+0109
    { 16, 23, 264, 1, 23, 92, 743 }, // U+010A
    { 13, 17, 198, 0, 17, 56, 835 }, // U+010B
    { 16, 23, 264, 1, 23, 92, 891 }, // U+010C
    { 13, 17, 198, 0, 17, 56, 983 }, // U+010D
    { 16, 22, 270, 0, 22, 88, 1039 }, // U+010E
    { 18, 17, 238, 0, 17, 77, 1127 }, // U+010F
    { 17, 17, 292, 1, 17, 73, 1204 }, // U+0110
    { 16, 17, 241, 0, 17, 68, 1277 }, // U+0111
    { 16, 22, 226, 0, 22, 88, 1345 }, // U+0112
    { 13, 17, 217, 0, 17, 56, 1433 }, // U+0113
    { 16, 22, 226, 0, 22, 88, 1489 }, // U+0114
    { 13, 17, 217, 0, 17, 56, 1577 }, // U+0115
    { 16, 22, 226, 0, 22, 88, 1633 }, // U+0116
    { 13, 17, 217, 0, 17, 56, 1721 }, // U+0117
    { 16, 21, 226, 0, 17, 84, 1777 }, // U+0118
    { 13, 17, 217, 0, 13, 56, 1861 }, // U+0119
    { 16, 22, 226, 0, 22, 88, 1917 }, // U+011A
    { 14, 17, 217, 0, 17, 60, 2005 }, // U+011B
    { 16, 23, 285, 1, 23, 92, 2065 }, // U+011C
    { 15, 22, 222, -1, 17, 83, 2157 }, // U+011D
    { 16, 23, 285, 1, 23, 92, 2240 }, // U+011E
    { 15, 22, 222, -1, 17, 83, 2332 }, // U+011F
    { 16, 23, 285, 1, 23, 92, 2415 }, // U+0120
    { 15, 22, 222, -1, 17, 83, 2507 }, // U+0121
    { 16, 23, 285, 1, 17, 92, 2590 }, // U+0122
    { 15, 24, 222, -1, 19, 90, 2682 }, // U+0123
    { 18, 23, 278, 0, 23, 104, 2772 }, // U+0124
    { 13, 23, 219, 0, 23, 75, 2876 }, // U+0125
    { 20, 17, 284, 0, 17, 85, 2951 }, // U+0126
    { 14, 17, 232, 0, 17, 60, 3036 }, // U+0127
    { 13, 22, 166, 0, 22, 72, 3096 }, // U+0128
    { 10, 17, 99, 0, 17, 43, 3168 }, // U+0129
    { 12, 22, 166, 0, 22, 66, 3211 }, // U+012A
    { 8, 17, 99, 1, 17, 34, 3277 }, // U+012B
    { 12, 22, 166, 0, 22, 66, 3311 }, // U+012C
    { 8, 17, 99, 1, 17, 34, 3377 }, // U+012D
    { 11, 21, 166, 0, 17, 58, 3411 }, // U+012E
    { 10, 23, 108, -2, 19, 58, 3469 }, // U+012F
    { 11, 22, 166, 0, 22, 61, 3527 }, // U+0130
    { 5, 13, 99, 1, 13, 17, 3588 }, // U+0131
    { 24, 17, 369, 0, 17, 102, 3605 }, // U+0132
    { 13, 23, 211, 1, 19, 75, 3707 }, // U+0133
    { 18, 23, 204, -1, 23, 104, 3782 }, // U+0134
    { 13, 21, 103, -4, 17, 69, 3886 }, // U+0135
    { 17, 23, 249, 0, 17, 98, 3955 }, // U+0136
    { 13, 23, 195, 0, 17, 75, 4053 }, // U+0137
    { 13, 13, 195, 0, 13, 43, 4128 }, // U+0138
    { 13, 23, 216, 0, 23, 75, 4171 }, // U+0139
    { 9, 23, 104, 0, 23, 52, 4246 }, // U+013A
    { 13, 23, 216, 0, 17, 75, 4298 }, // U+013B
    { 8, 23, 104, -2, 17, 46, 4373 }, // U+013C
    { 14, 17, 216, 0, 17, 60, 4419 }, // U+013D
    { 10, 17, 104, 0, 17, 43, 4479 }, // U+013E
    { 13, 17, 216, 0, 17, 56, 4522 }, // U+013F
    { 9, 17, 148, 0, 17, 39, 4578 }, // U+0140
    { 13, 17, 229, 0, 17, 56, 4617 }, // U+0141
    { 8, 17, 109, 0, 17, 34, 4673 }, // U+0142
    { 18, 23, 277, 0, 23, 104, 4707 }, // U+0143
    { 13, 19, 220, 0, 19, 62, 4811 }, // U+0144
    { 18, 23, 277, 0, 17, 104, 4873 }, // U+0145
    { 13, 19, 220, 0, 13, 62, 4977 }, // U+0146
    { 18, 22, 277, 0, 22, 99, 5039 }, // U+0147
    { 14, 17, 220, 0, 17, 60, 5138 }, // U+0148
    { 16, 17, 297, 2, 17, 68, 5198 }, // U+0149
    { 18, 21, 277, 0, 17, 95, 5266 }, // U+014A
    { 13, 17, 220, 0, 13, 56, 5361 }, // U+014B
    { 17, 22, 291, 1, 22, 94, 5417 }, // U+014C
    { 13, 17, 219, 0, 17, 56, 5511 }, // U+014D
    { 17, 23, 291, 1, 23, 98, 5567 }, // U+014E
    { 13, 17, 219, 0, 17, 56, 5665 }, // U+014F
    { 17, 23, 291, 1, 23, 98, 5721 }, // U+0150
    { 14, 19, 219, 0, 19, 67, 5819 }, // U+0151
    { 27, 17, 428, 1, 17, 115, 5886 }, // U+0152
    { 22, 13, 364, 0, 13, 72, 6001 }, // U+0153
    { 16, 23, 244, 0, 23, 92, 6073 }, // U+0154
    { 10, 19, 141, 0, 19, 48, 6165 }, // U+0155
    { 16, 23, 244, 0, 17, 92, 6213 }, // U+0156
    { 13, 19, 141, -3, 13, 62, 6305 }, // U+0157
    { 16, 22, 244, 0, 22, 88, 6367 }, // U+0158
    { 12, 17, 141, 0, 17, 51, 6455 }, // U+0159
    { 15, 23, 244, 0, 23, 87, 6506 }, // U+015A
    { 11, 19, 192, 0, 19, 53, 6593 }, // U+015B
    { 15, 23, 244, 0, 23, 87, 6646 }, // U+015C
    { 11, 17, 192, 0, 17, 47, 6733 }, // U+015D
    { 15, 21, 244, 0, 17, 79, 6780 }, // U+015E
    { 11, 17, 192, 0, 13, 47, 6859 }, // U+015F
    { 15, 23, 244, 0, 23, 87, 6906 }, // U+0160
    { 12, 17, 192, 0, 17, 51, 6993 }, // U+0161
    { 15, 22, 223, 1, 17, 83, 7044 }, // U+0162
    { 10, 21, 130, -1, 16, 53, 7127 }, // U+0163
    { 15, 22, 223, 1, 22, 83, 7180 }, // U+0164
    { 10, 19, 130, 1, 19, 48, 7263 }, // U+0165
    { 15, 17, 223, 1, 17, 64, 7311 }, // U+0166
    { 9, 16, 130, 0, 16, 36, 7375 }, // U+0167
    { 17, 22, 277, 1, 22, 94, 7411 }, // U+0168
    { 12, 17, 216, 1, 17, 51, 7505 }, // U+0169
    { 17, 22, 277, 1, 22, 94, 7556 }, // U+016A
    { 12, 17, 216, 1, 17, 51, 7650 }, // U+016B
    { 17, 23, 277, 1, 23, 98, 7701 }, // U+016C
    { 12, 17, 216, 1, 17, 51, 7799 }, // U+016D
    { 17, 25, 277, 1, 25, 107, 7850 }, // U+016E
    { 12, 20, 216, 1, 20, 60, 7957 }, // U+016F
    { 17, 23, 277, 1, 23, 98, 8017 }, // U+0170
    { 12, 19, 216, 1, 19, 57, 8115 }, // U+0171
    { 17, 21, 277, 1, 17, 90, 8172 }, // U+0172
    { 12, 17, 216, 1, 13, 51, 8262 }, // U+0173
    { 21, 23, 338, 2, 23, 121, 8313 }, // U+0174
    { 17, 17, 263, 1, 17, 73, 8434 }, // U+0175
    { 15, 23, 239, 2, 23, 87, 8507 }, // U+0176
    { 14, 21, 174, -2, 17, 74, 8594 }, // U+0177
    { 15, 23, 239, 2, 23, 87, 8668 }, // U+0178
    { 17, 23, 245, -1, 23, 98, 8755 }, // U+0179
    { 13, 19, 187, -1, 19, 62, 8853 }, // U+017A
    { 17, 22, 245, -1, 22, 94, 8915 }, // U+017B
    { 13, 17, 187, -1, 17, 56, 9009 }, // U+017C
    { 17, 22, 245, -1, 22, 94, 9065 }, // U+017D
    { 14, 17, 187, -1, 17, 60, 9159 }, // U+017E
    { 10, 18, 128, 0, 18, 45, 9219 }, // U+017F
    { 20, 20, 291, 0, 20, 100, 0 }, // U+01A0
    { 17, 16, 228, 0, 16, 68, 100 }, // U+01A1
    { 20, 21, 284, 1, 21, 105, 168 }, // U+01AF
    { 16, 16, 226, 1, 16, 64, 273 }, // U+01B0
    { 33, 22, 515, 0, 22, 182, 337 }, // U+01C4
    { 30, 17, 456, 0, 17, 128, 519 }, // U+01C5
    { 27, 17, 409, 0, 17, 115, 647 }, // U+01C6
    { 27, 17, 420, 0, 17, 115, 762 }, // U+01C7
    { 21, 23, 320, 0, 19, 121, 877 }, // U+01C8
    { 14, 23, 207, 0, 19, 81, 998 }, // U+01C9
    { 31, 17, 481, 0, 17, 132, 1079 }, // U+01CA
    { 25, 23, 380, 0, 19, 144, 1211 }, // U+01CB
    { 21, 23, 323, 0, 19, 121, 1355 }, // U+01CC
    { 17, 22, 251, -2, 22, 94, 1476 }, // U+01CD
    { 13, 17, 208, 0, 17, 56, 1570 }, // U+01CE
    { 17, 23, 277, 1, 23, 98, 1626 }, // U+01D3
    { 12, 17, 216, 1, 17, 51, 1724 }, // U+01D4
    { 16, 23, 285, 1, 23, 92, 1775 }, // U+01E6
    { 15, 22, 222, -1, 17, 83, 1867 }, // U+01E7
    { 17, 21, 291, 1, 17, 90, 1950 }, // U+01EA
    { 13, 17, 219, 0, 13, 56, 2040 }, // U+01EB
    { 33, 17, 515, 0, 17, 141, 2096 }, // U+01F1
    { 29, 17, 456, 0, 17, 124, 2237 }, // U+01F2
    { 26, 17, 409, 0, 17, 111, 2361 }, // U+01F3
    { 17, 27, 251, -2, 27, 115, 2472 }, // U+01FA
    { 13, 26, 208, 0, 26, 85, 2587 }, // U+01FB
    { 28, 23, 395, -2, 23, 161, 2672 }, // U+01FC
    { 21, 19, 348, 0, 19, 100, 2833 }, // U+01FD
    { 19, 23, 290, 0, 23, 110, 2933 }, // U+01FE
    { 15, 19, 219, -1, 19, 72, 3043 }, // U+01FF
    { 15, 23, 244, 0, 17, 87, 3115 }, // U+0218
    { 11, 19, 192, 0, 13, 53, 3202 }, // U+0219
    { 15, 23, 223, 1, 17, 87, 3255 }, // U+021A
    { 10, 22, 130, -1, 16, 55, 3342 }, // U+021B
    { 18, 22, 278, 0, 22, 99, 3397 }, // U+021E
    { 13, 22, 219, 0, 22, 72, 3496 }, // U+021F
    { 4, 4, 2, 3, 19, 4, 0 }, // U+0300
    { 6, 4, 2, 2, 19, 6, 4 }, // U+0301
    { 9, 3, 2, 2, 18, 7, 10 }, // U+0302
    { 10, 3, 2, 2, 18, 8, 17 }, // U+0303
    { 8, 2, 2, 2, 18, 4, 25 }, // U+0304
    { 8, 3, 2, 3, 18, 6, 29 }, // U+0306
    { 4, 3, 2, 2, 18, 3, 35 }, // U+0307
    { 9, 3, 2, 2, 18, 7, 38 }, // U+0308
    { 5, 5, 63, 1, 20, 7, 45 }, // U+0309
    { 6, 6, 2, 3, 20, 9, 52 }, // U+030A
    { 9, 4, 2, 1, 19, 9, 61 }, // U+030B
    { 9, 3, 2, 2, 18, 7, 70 }, // U+030C
    { 8, 5, 130, 0, 16, 10, 77 }, // U+031B
    { 4, 3, 82, -1, -2, 3, 87 }, // U+0323
    { 5, 6, 0, -2, 0, 8, 90 }, // U+0326
    { 6, 6, 0, -2, 1, 9, 98 }, // U+0327
    { 6, 6, 2, -2, 1, 9, 107 }, // U+0328
    { 0, 0, 0, 0, 0, 0, 116 }, // U+034F
    { 17, 22, 251, -2, 17, 94, 0 }, // U+1EA0
    { 12, 18, 208, 0, 13, 54, 94 }, // U+1EA1
    { 17, 24, 251, -2, 24, 102, 148 }, // U+1EA2
    { 12, 20, 208, 0, 20, 60, 250 }, // U+1EA3
    { 21, 26, 251, -2, 26, 137, 310 }, // U+1EA4
    { 16, 22, 208, 0, 22, 88, 447 }, // U+1EA5
    { 20, 25, 251, -2, 25, 125, 535 }, // U+1EA6
    { 15, 22, 208, 0, 22, 83, 660 }, // U+1EA7
    { 19, 26, 251, -2, 26, 124, 743 }, // U+1EA8
    { 14, 23, 208, 0, 23, 81, 867 }, // U+1EA9
    { 18, 27, 251, -2, 27, 122, 948 }, // U+1EAA
    { 14, 23, 208, 0, 23, 81, 1070 }, // U+1EAB
    { 17, 28, 251, -2, 23, 119, 1151 }, // U+1EAC
    { 13, 22, 208, 0, 17, 72, 1270 }, // U+1EAD
    { 17, 28, 251, -2, 28, 119, 1342 }, // U+1EAE
    { 13, 24, 208, 0, 24, 78, 1461 }, // U+1EAF
    { 17, 28, 251, -2, 28, 119, 1539 }, // U+1EB0
    { 13, 24, 208, 0, 24, 78, 1658 }, // U+1EB1
    { 17, 29, 251, -2, 29, 124, 1736 }, // U+1EB2
    { 13, 25, 208, 0, 25, 82, 1860 }, // U+1EB3
    { 18, 27, 251, -2, 27, 122, 1942 }, // U+1EB4
    { 14, 23, 208, 0, 23, 81, 2064 }, // U+1EB5
    { 17, 27, 251, -2, 22, 115, 2145 }, // U+1EB6
    { 13, 22, 208, 0, 17, 72, 2260 }, // U+1EB7
    { 16, 22, 226, 0, 17, 88, 2332 }, // U+1EB8
    { 13, 18, 217, 0, 13, 59, 2420 }, // U+1EB9
    { 16, 24, 226, 0, 24, 96, 2479 }, // U+1EBA
    { 13, 20, 217, 0, 20, 65, 2575 }, // U+1EBB
    { 16, 22, 226, 0, 22, 88, 2640 }, // U+1EBC
    { 14, 17, 217, 0, 17, 60, 2728 }, // U+1EBD
    { 18, 26, 226, 0, 26, 117, 2788 }, // U+1EBE
    { 17, 22, 217, 0, 22, 94, 2905 }, // U+1EBF
    { 17, 25, 226, 0, 25, 107, 2999 }, // U+1EC0
    { 16, 22, 217, 0, 22, 88, 3106 }, // U+1EC1
    { 17, 26, 226, 0, 26, 111, 3194 }, // U+1EC2
    { 15, 23, 217, 0, 23, 87, 3305 }, // U+1EC3
    { 16, 27, 226, 0, 27, 108, 3392 }, // U+1EC4
    { 15, 23, 217, 0, 23, 87, 3500 }, // U+1EC5
    { 16, 28, 226, 0, 23, 112, 3587 }, // U+1EC6
    { 13, 22, 217, 0, 17, 72, 3699 }, // U+1EC7
    { 11, 24, 166, 0, 24, 66, 3771 }, // U+1EC8
    { 7, 19, 99, 1, 19, 34, 3837 }, // U+1EC9
    { 11, 22, 166, 0, 17, 61, 3871 }, // U+1ECA
    { 9, 23, 108, -1, 18, 52, 3932 }, // U+1ECB
    { 17, 22, 291, 1, 17, 94, 3984 }, // U+1ECC
    { 13, 18, 219, 0, 13, 59, 4078 }, // U+1ECD
    { 17, 24, 291, 1, 24, 102, 4137 }, // U+1ECE
    { 13, 20, 219, 0, 20, 65, 4239 }, // U+1ECF
    { 19, 26, 291, 1, 26, 124, 4304 }, // U+1ED0
    { 17, 22, 219, 0, 22, 94, 4428 }, // U+1ED1
    { 18, 25, 291, 1, 25, 113, 4522 }, // U+1ED2
    { 16, 22, 219, 0, 22, 88, 4635 }, // U+1ED3
    { 17, 26, 291, 1, 26, 111, 4723 }, // U+1ED4
    { 15, 23, 219, 0, 23, 87, 4834 }, // U+1ED5
    { 17, 28, 291, 1, 28, 119, 4921 }, // U+1ED6
    { 15, 23, 219, 0, 23, 87, 5040 }, // U+1ED7
    { 17, 28, 291, 1, 23, 119, 5127 }, // U+1ED8
    { 13, 22, 219, 0, 17, 72, 5246 }, // U+1ED9
    { 20, 23, 291, 0, 23, 115, 5318 }, // U+1EDA
    { 17, 17, 228, 0, 17, 73, 5433 }, // U+1EDB
    { 20, 23, 291, 0, 23, 115, 5506 }, // U+1EDC
    { 17, 17, 228, 0, 17, 73, 5621 }, // U+1EDD
    { 20, 24, 291, 0, 24, 120, 5694 }, // U+1EDE
    { 17, 19, 228, 0, 19, 81, 5814 }, // U+1EDF
    { 20, 22, 291, 0, 22, 110, 5895 }, // U+1EE0
    { 17, 17, 228, 0, 17, 73, 6005 }, // U+1EE1
    { 20, 25, 291, 0, 20, 125, 6078 }, // U+1EE2
    { 17, 21, 228, 0, 16, 90, 6203 }, // U+1EE3
    { 17, 22, 277, 1, 17, 94, 6293 }, // U+1EE4
    { 12, 18, 216, 1, 13, 54, 6387 }, // U+1EE5
    { 17, 24, 277, 1, 24, 102, 6441 }, // U+1EE6
    { 12, 20, 216, 1, 20, 60, 6543 }, // U+1EE7
    { 20, 23, 284, 1, 23, 115, 6603 }, // U+1EE8
    { 16, 18, 226, 1, 18, 72, 6718 }, // U+1EE9
    { 20, 23, 284, 1, 23, 115, 6790 }, // U+1EEA
    { 16, 19, 226, 1, 19, 76, 6905 }, // U+1EEB
    { 20, 24, 284, 1, 24, 120, 6981 }, // U+1EEC
    { 16, 20, 226, 1, 20, 80, 7101 }, // U+1EED
    { 20, 22, 284, 1, 22, 110, 7181 }, // U+1EEE
    { 16, 17, 226, 1, 17, 68, 7291 }, // U+1EEF
    { 20, 26, 284, 1, 21, 130, 7359 }, // U+1EF0
    { 16, 21, 226, 1, 16, 84, 7489 }, // U+1EF1
    { 15, 23, 239, 2, 23, 87, 7573 }, // U+1EF2
    { 14, 23, 174, -2, 19, 81, 7660 }, // U+1EF3
    { 15, 22, 239, 2, 17, 83, 7741 }, // U+1EF4
    { 14, 18, 174, -2, 13, 63, 7824 }, // U+1EF5
    { 15, 24, 239, 2, 24, 90, 7887 }, // U+1EF6
    { 14, 24, 174, -2, 20, 84, 7977 }, // U+1EF7
    { 15, 22, 239, 2, 22, 83, 8061 }, // U+1EF8
    { 14, 21, 174, -2, 17, 74, 8144 }, // U+1EF9
    { 0, 0, 0, 0, 0, 0, 0 }, // U+200B
    { 0, 0, 0, 0, 0, 0, 0 }, // U+200C
    { 0, 0, 0, 0, 0, 0, 0 }, // U+200D
    { 0, 0, 0, 0, 0, 0, 0 }, // U+200E
    { 0, 0, 0, 0, 0, 0, 0 }, // U+200F
    { 8, 2, 133, 0, 7, 4, 0 }, // U+2010
    { 10, 2, 199, 1, 7, 5, 4 }, // U+2013
    { 18, 2, 327, 1, 7, 9, 9 }, // U+2014
    { 5, 7, 95, 2, 17, 9, 18 }, // U+2018
    { 5, 7, 95, 2, 17, 9, 27 }, // U+2019
    { 5, 7, 96, -1, 4, 9, 36 }, // U+201A
    { 9, 7, 158, 2, 17, 16, 45 }, // U+201C
    { 9, 7, 158, 2, 17, 16, 61 }, // U+201D
    { 9, 7, 158, -1, 4, 16, 77 }, // U+201E
    { 13, 17, 216, 1, 17, 56, 93 }, // U+2020
    { 14, 17, 216, 0, 17, 60, 149 }, // U+2021
    { 9, 9, 178, 1, 11, 21, 209 }, // U+2022
    { 15, 3, 280, 0, 3, 12, 230 }, // U+2026
    { 0, 0, 0, 0, 0, 0, 242 }, // U+202A
    { 0, 0, 0, 0, 0, 0, 242 }, // U+202B
    { 0, 0, 0, 0, 0, 0, 242 }, // U+202C
    { 0, 0, 0, 0, 0, 0, 242 }, // U+202D
    { 0, 0, 0, 0, 0, 0, 242 }, // U+202E
    { 32, 17, 562, 2, 17, 136, 242 }, // U+2030
    { 8, 11, 142, 1, 12, 22, 378 }, // U+2039
    { 8, 11, 139, 0, 12, 22, 400 }, // U+203A
    { 15, 17, 178, -2, 17, 64, 422 }, // U+2044
    { 0, 0, 0, 0, 0, 0, 486 }, // U+2060
    { 0, 0, 0, 0, 0, 0, 486 }, // U+2061
    { 0, 0, 0, 0, 0, 0, 486 }, // U+2062
    { 0, 0, 0, 0, 0, 0, 486 }, // U+2063
    { 0, 0, 0, 0, 0, 0, 486 }, // U+2064
    { 0, 0, 0, 0, 0, 0, 486 }, // U+2066
    { 0, 0, 0, 0, 0, 0, 486 }, // U+2067
    { 0, 0, 0, 0, 0, 0, 486 }, // U+2068
    { 0, 0, 0, 0, 0, 0, 486 }, // U+2069
    { 0, 0, 0, 0, 0, 0, 486 }, // U+206A
    { 0, 0, 0, 0, 0, 0, 486 }, // U+206B
    { 0, 0, 0, 0, 0, 0, 486 }, // U+206C
    { 0, 0, 0, 0, 0, 0, 486 }, // U+206D
    { 0, 0, 0, 0, 0, 0, 486 }, // U+206E
    { 0, 0, 0, 0, 0, 0, 486 }, // U+206F
    { 10, 10, 159, 1, 20, 25, 0 }, // U+2074
    { 17, 20, 241, -1, 17, 85, 0 }, // U+20AB
    { 18, 17, 279, 0, 17, 77, 85 }, // U+20AC
    { 12, 17, 238, 1, 17, 51, 0 }, // U+2202
    { 12, 21, 304, 3, 17, 63, 51 }, // U+220F
    { 13, 22, 305, 3, 17, 72, 114 }, // U+2211
    { 13, 2, 248, 1, 7, 7, 186 }, // U+2212
    { 15, 17, 178, -2, 17, 64, 193 }, // U+2215
    { 4, 4, 95, 1, 8, 4, 257 }, // U+2219
    { 13, 22, 205, 0, 18, 72, 261 }, // U+221A
    { 17, 7, 312, 1, 10, 30, 333 }, // U+221E
    { 9, 21, 122, -1, 17, 48, 363 }, // U+222B
    { 13, 9, 242, 1, 11, 30, 411 }, // U+2248
    { 14, 13, 263, 1, 13, 46, 441 }, // U+2260
    { 12, 13, 260, 1, 13, 39, 487 }, // U+2264
    { 12, 13, 274, 2, 13, 39, 526 }, // U+2265
    { 16, 18, 234, 0, 18, 72, 0 }, // U+FB00
    { 14, 18, 211, 0, 18, 63, 72 }, // U+FB01
    { 14, 18, 232, 0, 18, 63, 135 }, // U+FB02
    { 21, 18, 317, 0, 18, 95, 198 }, // U+FB03
    { 21, 18, 338, 0, 18, 95, 293 }, // U+FB04
    { 11, 18, 209, 1, 18, 50, 0 }, // U+FFFD
};

static const EpdUnicodeInterval lexenddeca_12_italicIntervals[] = {
    { 0x0, 0x17F, 0x0 },
    { 0x1A0, 0x1A1, 0x180 },
    { 0x1AF, 0x1B0, 0x182 },
    { 0x1C4, 0x1CE, 0x184 },
    { 0x1D3, 0x1D4, 0x18F },
    { 0x1E6, 0x1E7, 0x191 },
    { 0x1EA, 0x1EB, 0x193 },
    { 0x1F1, 0x1F3, 0x195 },
    { 0x1FA, 0x1FF, 0x198 },
    { 0x218, 0x21B, 0x19E },
    { 0x21E, 0x21F, 0x1A2 },
    { 0x300, 0x304, 0x1A4 },
    { 0x306, 0x30C, 0x1A9 },
    { 0x31B, 0x31B, 0x1B0 },
    { 0x323, 0x323, 0x1B1 },
    { 0x326, 0x328, 0x1B2 },
    { 0x34F, 0x34F, 0x1B5 },
    { 0x1EA0, 0x1EF9, 0x1B6 },
    { 0x200B, 0x2010, 0x210 },
    { 0x2013, 0x2014, 0x216 },
    { 0x2018, 0x201A, 0x218 },
    { 0x201C, 0x201E, 0x21B },
    { 0x2020, 0x2022, 0x21E },
    { 0x2026, 0x2026, 0x221 },
    { 0x202A, 0x202E, 0x222 },
    { 0x2030, 0x2030, 0x227 },
    { 0x2039, 0x203A, 0x228 },
    { 0x2044, 0x2044, 0x22A },
    { 0x2060, 0x2064, 0x22B },
    { 0x2066, 0x206F, 0x230 },
    { 0x2074, 0x2074, 0x23A },
    { 0x20AB, 0x20AC, 0x23B },
    { 0x2202, 0x2202, 0x23D },
    { 0x220F, 0x220F, 0x23E },
    { 0x2211, 0x2212, 0x23F },
    { 0x2215, 0x2215, 0x241 },
    { 0x2219, 0x221A, 0x242 },
    { 0x221E, 0x221E, 0x244 },
    { 0x222B, 0x222B, 0x245 },
    { 0x2248, 0x2248, 0x246 },
    { 0x2260, 0x2260, 0x247 },
    { 0x2264, 0x2265, 0x248 },
    { 0xFB00, 0xFB04, 0x24A },
    { 0xFFFD, 0xFFFD, 0x24F },
};

static const EpdFontGroup lexenddeca_12_italicGroups[] = {
    { 0, 2699, 5392, 128, 0 },
    { 2699, 2445, 6511, 128, 128 },
    { 5144, 3019, 10285, 128, 256 },
    { 8163, 1771, 3901, 36, 384 },
    { 9934, 132, 144, 18, 420 },
    { 10066, 1833, 9036, 90, 438 },
    { 11899, 316, 548, 42, 528 },
    { 12215, 32, 30, 1, 570 },
    { 12247, 126, 185, 2, 571 },
    { 12373, 315, 634, 13, 573 },
    { 12688, 239, 432, 5, 586 },
    { 12927, 50, 54, 1, 591 },
};

static const EpdKernClassEntry lexenddeca_12_italicKernLeftClasses[] = {
    { 0x0028, 1 }, // (
    { 0x002C, 2 }, // ,
    { 0x002D, 3 }, // -
    { 0x002E, 2 }, // .
    { 0x002F, 4 }, // /
    { 0x0030, 5 }, // 0
    { 0x0031, 6 }, // 1
    { 0x0032, 7 }, // 2
    { 0x0034, 8 }, // 4
    { 0x0035, 9 }, // 5
    { 0x0036, 10 }, // 6
    { 0x0037, 11 }, // 7
    { 0x0038, 12 }, // 8
    { 0x0039, 13 }, // 9
    { 0x0041, 14 }, // A
    { 0x0042, 15 }, // B
    { 0x0043, 16 }, // C
    { 0x0044, 17 }, // D
    { 0x0045, 18 }, // E
    { 0x0046, 19 }, // F
    { 0x0047, 20 }, // G
    { 0x0049, 21 }, // I
    { 0x004A, 22 }, // J
    { 0x004B, 23 }, // K
    { 0x004C, 24 }, // L
    { 0x004F, 17 }, // O
    { 0x0050, 25 }, // P
    { 0x0051, 26 }, // Q
    { 0x0052, 27 }, // R
    { 0x0053, 28 }, // S
    { 0x0054, 29 }, // T
    { 0x0055, 30 }, // U
    { 0x0056, 31 }, // V
    { 0x0057, 32 }, // W
    { 0x0058, 33 }, // X
    { 0x0059, 34 }, // Y
    { 0x005A, 35 }, // Z
    { 0x0061, 36 }, // a
    { 0x0062, 37 }, // b
    { 0x0063, 38 }, // c
    { 0x0065, 39 }, // e
    { 0x0066, 40 }, // f
    { 0x0067, 41 }, // g
    { 0x0068, 42 }, // h
    { 0x006A, 43 }, // j
    { 0x006B, 44 }, // k
    { 0x006C, 45 }, // l
    { 0x006D, 42 }, // m
    { 0x006E, 42 }, // n
    { 0x006F, 37 }, // o
    { 0x0070, 37 }, // p
    { 0x0071, 46 }, // q
    { 0x0072, 47 }, // r
    { 0x0073, 48 }, // s
    { 0x0074, 49 }, // t
    { 0x0075, 50 }, // u
    { 0x0076, 51 }, // v
    { 0x0077, 52 }, // w
    { 0x0078, 53 }, // x
    { 0x0079, 51 }, // y
    { 0x007A, 54 }, // z
    { 0x00C0, 14 }, // U+00C0
    { 0x00C1, 14 }, // U+00C1
    { 0x00C2, 14 }, // U+00C2
    { 0x00C3, 14 }, // U+00C3
    { 0x00C4, 14 }, // U+00C4
    { 0x00C5, 14 }, // U+00C5
    { 0x00C6, 18 }, // U+00C6
    { 0x00C7, 16 }, // U+00C7
    { 0x00C8, 18 }, // U+00C8
    { 0x00C9, 18 }, // U+00C9
    { 0x00CA, 18 }, // U+00CA
    { 0x00CB, 18 }, // U+00CB
    { 0x00CC, 21 }, // U+00CC
    { 0x00CD, 21 }, // U+00CD
    { 0x00CE, 21 }, // U+00CE
    { 0x00CF, 21 }, // U+00CF
    { 0x00D0, 17 }, // U+00D0
    { 0x00D2, 17 }, // U+00D2
    { 0x00D3, 17 }, // U+00D3
    { 0x00D4, 17 }, // U+00D4
    { 0x00D5, 17 }, // U+00D5
    { 0x00D6, 17 }, // U+00D6
    { 0x00D8, 17 }, // U+00D8
    { 0x00D9, 30 }, // U+00D9
    { 0x00DA, 30 }, // U+00DA
    { 0x00DB, 30 }, // U+00DB
    { 0x00DC, 30 }, // U+00DC
    { 0x00DD, 34 }, // U+00DD
    { 0x00E0, 42 }, // U+00E0
    { 0x00E1, 42 }, // U+00E1
    { 0x00E2, 42 }, // U+00E2
    { 0x00E3, 42 }, // U+00E3
    { 0x00E4, 42 }, // U+00E4
    { 0x00E5, 42 }, // U+00E5
    { 0x00E6, 39 }, // U+00E6
    { 0x00E7, 38 }, // U+00E7
    { 0x00E8, 39 }, // U+00E8
    { 0x00E9, 39 }, // U+00E9
    { 0x00EA, 39 }, // U+00EA
    { 0x00EB, 39 }, // U+00EB
    { 0x00F0, 17 }, // U+00F0
    { 0x00F1, 42 }, // U+00F1
    { 0x00F2, 37 }, // U+00F2
    { 0x00F3, 37 }, // U+00F3
    { 0x00F4, 37 }, // U+00F4
    { 0x00F5, 37 }, // U+00F5
    { 0x00F6, 37 }, // U+00F6
    { 0x00F8, 37 }, // U+00F8
    { 0x00F9, 50 }, // U+00F9
    { 0x00FA, 50 }, // U+00FA
    { 0x00FB, 50 }, // U+00FB
    { 0x00FC, 50 }, // U+00FC
    { 0x00FD, 51 }, // U+00FD
    { 0x00FE, 37 }, // U+00FE
    { 0x00FF, 51 }, // U+00FF
    { 0x0100, 14 }, // U+0100
    { 0x0101, 42 }, // U+0101
    { 0x0102, 14 }, // U+0102
    { 0x0103, 42 }, // U+0103
    { 0x0104, 14 }, // U+0104
    { 0x0105, 42 }, // U+0105
    { 0x0106, 16 }, // U+0106
    { 0x0107, 38 }, // U+0107
    { 0x0108, 16 }, // U+0108
    { 0x0109, 38 }, // U+0109
    { 0x010A, 16 }, // U+010A
    { 0x010B, 38 }, // U+010B
    { 0x010C, 16 }, // U+010C
    { 0x010D, 38 }, // U+010D
    { 0x010E, 17 }, // U+010E
    { 0x010F, 55 }, // U+010F
    { 0x0111, 40 }, // U+0111
    { 0x0112, 18 }, // U+0112
    { 0x0113, 39 }, // U+0113
    { 0x0114, 18 }, // U+0114
    { 0x0115, 39 }, // U+0115
    { 0x0116, 18 }, // U+0116
    { 0x0117, 39 }, // U+0117
    { 0x0118, 18 }, // U+0118
    { 0x0119, 39 }, // U+0119
    { 0x011A, 18 }, // U+011A
    { 0x011B, 39 }, // U+011B
    { 0x011C, 20 }, // U+011C
    { 0x011D, 41 }, // U+011D
    { 0x011E, 20 }, // U+011E
    { 0x011F, 41 }, // U+011F
    { 0x0120, 20 }, // U+0120
    { 0x0121, 41 }, // U+0121
    { 0x0122, 20 }, // U+0122
    { 0x0123, 41 }, // U+0123
    { 0x0125, 42 }, // U+0125
    { 0x0127, 42 }, // U+0127
    { 0x0128, 21 }, // U+0128
    { 0x012A, 21 }, // U+012A
    { 0x012C, 21 }, // U+012C
    { 0x012E, 21 }, // U+012E
    { 0x0130, 21 }, // U+0130
    { 0x0132, 22 }, // U+0132
    { 0x0133, 43 }, // U+0133
    { 0x0134, 22 }, // U+0134
    { 0x0135, 43 }, // U+0135
    { 0x0136, 23 }, // U+0136
    { 0x0137, 44 }, // U+0137
    { 0x0138, 44 }, // U+0138
    { 0x0139, 24 }, // U+0139
    { 0x013A, 56 }, // U+013A
    { 0x013B, 24 }, // U+013B
    { 0x013C, 56 }, // U+013C
    { 0x013E, 55 }, // U+013E
    { 0x013F, 24 }, // U+013F
    { 0x0140, 57 }, // U+0140
    { 0x0141, 24 }, // U+0141
    { 0x0142, 56 }, // U+0142
    { 0x0144, 42 }, // U+0144
    { 0x0146, 42 }, // U+0146
    { 0x0148, 42 }, // U+0148
    { 0x014C, 17 }, // U+014C
    { 0x014D, 37 }, // U+014D
    { 0x014E, 17 }, // U+014E
    { 0x014F, 37 }, // U+014F
    { 0x0150, 17 }, // U+0150
    { 0x0151, 37 }, // U+0151
    { 0x0152, 18 }, // U+0152
    { 0x0153, 39 }, // U+0153
    { 0x0154, 27 }, // U+0154
    { 0x0155, 47 }, // U+0155
    { 0x0156, 27 }, // U+0156
    { 0x0157, 47 }, // U+0157
    { 0x0158, 27 }, // U+0158
    { 0x0159, 47 }, // U+0159
    { 0x015A, 28 }, // U+015A
    { 0x015B, 48 }, // U+015B
    { 0x015C, 28 }, // U+015C
    { 0x015D, 48 }, // U+015D
    { 0x015E, 28 }, // U+015E
    { 0x015F, 48 }, // U+015F
    { 0x0160, 28 }, // U+0160
    { 0x0161, 48 }, // U+0161
    { 0x0162, 29 }, // U+0162
    { 0x0163, 49 }, // U+0163
    { 0x0164, 29 }, // U+0164
    { 0x0165, 55 }, // U+0165
    { 0x0166, 29 }, // U+0166
    { 0x0167, 49 }, // U+0167
    { 0x0168, 30 }, // U+0168
    { 0x0169, 50 }, // U+0169
    { 0x016A, 30 }, // U+016A
    { 0x016B, 50 }, // U+016B
    { 0x016C, 30 }, // U+016C
    { 0x016D, 50 }, // U+016D
    { 0x016E, 30 }, // U+016E
    { 0x016F, 50 }, // U+016F
    { 0x0170, 30 }, // U+0170
    { 0x0171, 50 }, // U+0171
    { 0x0172, 30 }, // U+0172
    { 0x0173, 50 }, // U+0173
    { 0x0176, 34 }, // U+0176
    { 0x0177, 51 }, // U+0177
    { 0x0178, 34 }, // U+0178
    { 0x0179, 35 }, // U+0179
    { 0x017A, 54 }, // U+017A
    { 0x017B, 35 }, // U+017B
    { 0x017C, 54 }, // U+017C
    { 0x017D, 35 }, // U+017D
    { 0x017E, 54 }, // U+017E
    { 0x017F, 40 }, // U+017F
    { 0x01A0, 58 }, // U+01A0
    { 0x01A1, 59 }, // U+01A1
    { 0x01AF, 60 }, // U+01AF
    { 0x01B0, 61 }, // U+01B0
    { 0x01C4, 35 }, // U+01C4
    { 0x01C5, 54 }, // U+01C5
    { 0x01C6, 54 }, // U+01C6
    { 0x01C7, 22 }, // U+01C7
    { 0x01C8, 43 }, // U+01C8
    { 0x01C9, 43 }, // U+01C9
    { 0x01CA, 22 }, // U+01CA
    { 0x01CB, 43 }, // U+01CB
    { 0x01CC, 43 }, // U+01CC
    { 0x01CD, 14 }, // U+01CD
    { 0x01CE, 42 }, // U+01CE
    { 0x01D3, 30 }, // U+01D3
    { 0x01D4, 50 }, // U+01D4
    { 0x01E6, 20 }, // U+01E6
    { 0x01E7, 41 }, // U+01E7
    { 0x01EA, 17 }, // U+01EA
    { 0x01EB, 37 }, // U+01EB
    { 0x01F1, 35 }, // U+01F1
    { 0x01F2, 54 }, // U+01F2
    { 0x01F3, 54 }, // U+01F3
    { 0x01FA, 14 }, // U+01FA
    { 0x01FB, 42 }, // U+01FB
    { 0x01FC, 18 }, // U+01FC
    { 0x01FD, 39 }, // U+01FD
    { 0x01FE, 17 }, // U+01FE
    { 0x01FF, 37 }, // U+01FF
    { 0x0218, 28 }, // U+0218
    { 0x0219, 48 }, // U+0219
    { 0x021A, 29 }, // U+021A
    { 0x021B, 49 }, // U+021B
    { 0x021F, 42 }, // U+021F
    { 0x1EA0, 14 }, // U+1EA0
    { 0x1EA1, 42 }, // U+1EA1
    { 0x1EA2, 14 }, // U+1EA2
    { 0x1EA4, 14 }, // U+1EA4
    { 0x1EA5, 42 }, // U+1EA5
    { 0x1EA6, 14 }, // U+1EA6
    { 0x1EA7, 42 }, // U+1EA7
    { 0x1EA8, 14 }, // U+1EA8
    { 0x1EA9, 42 }, // U+1EA9
    { 0x1EAA, 14 }, // U+1EAA
    { 0x1EAB, 42 }, // U+1EAB
    { 0x1EAC, 14 }, // U+1EAC
    { 0x1EAD, 42 }, // U+1EAD
    { 0x1EAE, 14 }, // U+1EAE
    { 0x1EAF, 42 }, // U+1EAF
    { 0x1EB0, 14 }, // U+1EB0
    { 0x1EB1, 42 }, // U+1EB1
    { 0x1EB2, 14 }, // U+1EB2
    { 0x1EB3, 42 }, // U+1EB3
    { 0x1EB4, 14 }, // U+1EB4
    { 0x1EB5, 42 }, // U+1EB5
    { 0x1EB6, 14 }, // U+1EB6
    { 0x1EB7, 42 }, // U+1EB7
    { 0x1EB8, 18 }, // U+1EB8
    { 0x1EB9, 39 }, // U+1EB9
    { 0x1EBA, 18 }, // U+1EBA
    { 0x1EBB, 39 }, // U+1EBB
    { 0x1EBC, 18 }, // U+1EBC
    { 0x1EBD, 39 }, // U+1EBD
    { 0x1EBE, 18 }, // U+1EBE
    { 0x1EC0, 18 }, // U+1EC0
    { 0x1EC2, 18 }, // U+1EC2
    { 0x1EC4, 18 }, // U+1EC4
    { 0x1EC6, 18 }, // U+1EC6
    { 0x1EC7, 39 }, // U+1EC7
    { 0x1EC8, 21 }, // U+1EC8
    { 0x1ECA, 21 }, // U+1ECA
    { 0x1ECC, 17 }, // U+1ECC
    { 0x1ECD, 37 }, // U+1ECD
    { 0x1ECE, 17 }, // U+1ECE
    { 0x1ECF, 37 }, // U+1ECF
    { 0x1ED0, 17 }, // U+1ED0
    { 0x1ED2, 17 }, // U+1ED2
    { 0x1ED4, 17 }, // U+1ED4
    { 0x1ED6, 17 }, // U+1ED6
    { 0x1ED7, 37 }, // U+1ED7
    { 0x1ED8, 17 }, // U+1ED8
    { 0x1ED9, 37 }, // U+1ED9
    { 0x1EDA, 58 }, // U+1EDA
    { 0x1EDB, 59 }, // U+1EDB
    { 0x1EDC, 58 }, // U+1EDC
    { 0x1EDD, 59 }, // U+1EDD
    { 0x1EDE, 58 }, // U+1EDE
    { 0x1EDF, 59 }, // U+1EDF
    { 0x1EE0, 58 }, // U+1EE0
    { 0x1EE1, 59 }, // U+1EE1
    { 0x1EE2, 58 }, // U+1EE2
    { 0x1EE3, 59 }, // U+1EE3
    { 0x1EE8, 60 }, // U+1EE8
    { 0x1EE9, 61 }, // U+1EE9
    { 0x1EEA, 60 }, // U+1EEA
    { 0x1EEB, 61 }, // U+1EEB
    { 0x1EEC, 60 }, // U+1EEC
    { 0x1EED, 61 }, // U+1EED
    { 0x1EEE, 60 }, // U+1EEE
    { 0x1EEF, 61 }, // U+1EEF
    { 0x1EF0, 60 }, // U+1EF0
    { 0x1EF1, 61 }, // U+1EF1
    { 0x1EF2, 34 }, // U+1EF2
    { 0x1EF3, 51 }, // U+1EF3
    { 0x1EF4, 34 }, // U+1EF4
    { 0x1EF5, 51 }, // U+1EF5
    { 0x1EF6, 34 }, // U+1EF6
    { 0x1EF7, 51 }, // U+1EF7
    { 0x1EF8, 34 }, // U+1EF8
    { 0x1EF9, 51 }, // U+1EF9
    { 0x2013, 3 }, // U+2013
    { 0x2014, 3 }, // U+2014
    { 0x2019, 62 }, // U+2019
    { 0x201A, 2 }, // U+201A
    { 0x201D, 62 }, // U+201D
    { 0x201E, 2 }, // U+201E
    { 0x2026, 2 }, // U+2026
    { 0x20AB, 40 }, // U+20AB
    { 0xFB00, 40 }, // U+FB00
    { 0xFB02, 56 }, // U+FB02
    { 0xFB04, 56 }, // U+FB04
};

static const EpdKernClassEntry lexenddeca_12_italicKernRightClasses[] = {
    { 0x0025, 1 }, // %
    { 0x0029, 2 }, // )
    { 0x002C, 3 }, // ,
    { 0x002D, 4 }, // -
    { 0x002E, 3 }, // .
    { 0x002F, 5 }, // /
    { 0x0030, 6 }, // 0
    { 0x0031, 7 }, // 1
    { 0x0032, 8 }, // 2
    { 0x0034, 9 }, // 4
    { 0x0037, 10 }, // 7
    { 0x0038, 11 }, // 8
    { 0x0039, 12 }, // 9
    { 0x0041, 13 }, // A
    { 0x0043, 14 }, // C
    { 0x0047, 14 }, // G
    { 0x0049, 15 }, // I
    { 0x004A, 16 }, // J
    { 0x004F, 14 }, // O
    { 0x0051, 14 }, // Q
    { 0x0053, 17 }, // S
    { 0x0054, 18 }, // T
    { 0x0055, 19 }, // U
    { 0x0056, 20 }, // V
    { 0x0057, 21 }, // W
    { 0x0058, 22 }, // X
    { 0x0059, 23 }, // Y
    { 0x005A, 24 }, // Z
    { 0x0061, 25 }, // a
    { 0x0063, 26 }, // c
    { 0x0064, 26 }, // d
    { 0x0065, 26 }, // e
    { 0x0066, 27 }, // f
    { 0x0067, 28 }, // g
    { 0x0068, 29 }, // h
    { 0x0069, 30 }, // i
    { 0x006A, 31 }, // j
    { 0x006B, 29 }, // k
    { 0x006C, 32 }, // l
    { 0x006D, 33 }, // m
    { 0x006E, 33 }, // n
    { 0x006F, 26 }, // o
    { 0x0070, 34 }, // p
    { 0x0071, 26 }, // q
    { 0x0072, 33 }, // r
    { 0x0073, 35 }, // s
    { 0x0074, 36 }, // t
    { 0x0075, 37 }, // u
    { 0x0076, 38 }, // v
    { 0x0077, 39 }, // w
    { 0x0078, 40 }, // x
    { 0x0079, 38 }, // y
    { 0x007A, 41 }, // z
    { 0x00B0, 42 }, // U+00B0
    { 0x00C0, 13 }, // U+00C0
    { 0x00C1, 13 }, // U+00C1
    { 0x00C2, 13 }, // U+00C2
    { 0x00C3, 13 }, // U+00C3
    { 0x00C4, 13 }, // U+00C4
    { 0x00C5, 13 }, // U+00C5
    { 0x00C6, 43 }, // U+00C6
    { 0x00C7, 14 }, // U+00C7
    { 0x00CC, 15 }, // U+00CC
    { 0x00CD, 15 }, // U+00CD
    { 0x00CE, 15 }, // U+00CE
    { 0x00CF, 15 }, // U+00CF
    { 0x00D2, 14 }, // U+00D2
    { 0x00D3, 14 }, // U+00D3
    { 0x00D4, 14 }, // U+00D4
    { 0x00D5, 14 }, // U+00D5
    { 0x00D6, 14 }, // U+00D6
    { 0x00D8, 14 }, // U+00D8
    { 0x00D9, 19 }, // U+00D9
    { 0x00DA, 19 }, // U+00DA
    { 0x00DB, 19 }, // U+00DB
    { 0x00DC, 19 }, // U+00DC
    { 0x00DD, 44 }, // U+00DD
    { 0x00E0, 25 }, // U+00E0
    { 0x00E1, 25 }, // U+00E1
    { 0x00E2, 25 }, // U+00E2
    { 0x00E3, 25 }, // U+00E3
    { 0x00E4, 25 }, // U+00E4
    { 0x00E5, 25 }, // U+00E5
    { 0x00E6, 25 }, // U+00E6
    { 0x00E7, 26 }, // U+00E7
    { 0x00E8, 26 }, // U+00E8
    { 0x00E9, 26 }, // U+00E9
    { 0x00EA, 26 }, // U+00EA
    { 0x00EB, 26 }, // U+00EB
    { 0x00EC, 30 }, // U+00EC
    { 0x00ED, 30 }, // U+00ED
    { 0x00EE, 30 }, // U+00EE
    { 0x00EF, 30 }, // U+00EF
    { 0x00F0, 26 }, // U+00F0
    { 0x00F1, 33 }, // U+00F1
    { 0x00F2, 26 }, // U+00F2
    { 0x00F3, 26 }, // U+00F3
    { 0x00F4, 26 }, // U+00F4
    { 0x00F5, 26 }, // U+00F5
    { 0x00F6, 26 }, // U+00F6
    { 0x00F8, 26 }, // U+00F8
    { 0x00F9, 37 }, // U+00F9
    { 0x00FA, 37 }, // U+00FA
    { 0x00FB, 37 }, // U+00FB
    { 0x00FC, 37 }, // U+00FC
    { 0x00FD, 38 }, // U+00FD
    { 0x00FF, 38 }, // U+00FF
    { 0x0100, 13 }, // U+0100
    { 0x0101, 25 }, // U+0101
    { 0x0102, 13 }, // U+0102
    { 0x0103, 25 }, // U+0103
    { 0x0104, 13 }, // U+0104
    { 0x0105, 25 }, // U+0105
    { 0x0106, 14 }, // U+0106
    { 0x0107, 26 }, // U+0107
    { 0x0108, 14 }, // U+0108
    { 0x0109, 26 }, // U+0109
    { 0x010A, 14 }, // U+010A
    { 0x010B, 26 }, // U+010B
    { 0x010C, 14 }, // U+010C
    { 0x010D, 26 }, // U+010D
    { 0x010F, 26 }, // U+010F
    { 0x0111, 26 }, // U+0111
    { 0x0113, 26 }, // U+0113
    { 0x0115, 26 }, // U+0115
    { 0x0117, 26 }, // U+0117
    { 0x0119, 26 }, // U+0119
    { 0x011B, 26 }, // U+011B
    { 0x011C, 14 }, // U+011C
    { 0x011D, 28 }, // U+011D
    { 0x011E, 14 }, // U+011E
    { 0x011F, 28 }, // U+011F
    { 0x0120, 14 }, // U+0120
    { 0x0121, 28 }, // U+0121
    { 0x0122, 14 }, // U+0122
    { 0x0123, 28 }, // U+0123
    { 0x0125, 29 }, // U+0125
    { 0x0127, 29 }, // U+0127
    { 0x0128, 15 }, // U+0128
    { 0x0129, 30 }, // U+0129
    { 0x012A, 15 }, // U+012A
    { 0x012B, 30 }, // U+012B
    { 0x012C, 15 }, // U+012C
    { 0x012D, 30 }, // U+012D
    { 0x012E, 15 }, // U+012E
    { 0x012F, 30 }, // U+012F
    { 0x0130, 15 }, // U+0130
    { 0x0131, 30 }, // U+0131
    { 0x0132, 15 }, // U+0132
    { 0x0133, 30 }, // U+0133
    { 0x0134, 16 }, // U+0134
    { 0x0135, 31 }, // U+0135
    { 0x0137, 29 }, // U+0137
    { 0x0138, 29 }, // U+0138
    { 0x013A, 32 }, // U+013A
    { 0x013C, 32 }, // U+013C
    { 0x013E, 32 }, // U+013E
    { 0x0140, 32 }, // U+0140
    { 0x0142, 32 }, // U+0142
    { 0x0144, 33 }, // U+0144
    { 0x0146, 33 }, // U+0146
    { 0x0148, 33 }, // U+0148
    { 0x014C, 14 }, // U+014C
    { 0x014D, 26 }, // U+014D
    { 0x014E, 14 }, // U+014E
    { 0x014F, 26 }, // U+014F
    { 0x0150, 14 }, // U+0150
    { 0x0151, 26 }, // U+0151
    { 0x0152, 14 }, // U+0152
    { 0x0153, 26 }, // U+0153
    { 0x0155, 33 }, // U+0155
    { 0x0157, 33 }, // U+0157
    { 0x0159, 33 }, // U+0159
    { 0x015A, 17 }, // U+015A
    { 0x015B, 35 }, // U+015B
    { 0x015C, 17 }, // U+015C
    { 0x015D, 35 }, // U+015D
    { 0x015E, 17 }, // U+015E
    { 0x015F, 35 }, // U+015F
    { 0x0160, 17 }, // U+0160
    { 0x0161, 35 }, // U+0161
    { 0x0162, 45 }, // U+0162
    { 0x0163, 36 }, // U+0163
    { 0x0164, 45 }, // U+0164
    { 0x0165, 36 }, // U+0165
    { 0x0166, 45 }, // U+0166
    { 0x0167, 36 }, // U+0167
    { 0x0168, 19 }, // U+0168
    { 0x0169, 37 }, // U+0169
    { 0x016A, 19 }, // U+016A
    { 0x016B, 37 }, // U+016B
    { 0x016C, 19 }, // U+016C
    { 0x016D, 37 }, // U+016D
    { 0x016E, 19 }, // U+016E
    { 0x016F, 37 }, // U+016F
    { 0x0170, 19 }, // U+0170
    { 0x0171, 37 }, // U+0171
    { 0x0172, 19 }, // U+0172
    { 0x0173, 37 }, // U+0173
    { 0x0176, 44 }, // U+0176
    { 0x0177, 38 }, // U+0177
    { 0x0178, 44 }, // U+0178
    { 0x0179, 24 }, // U+0179
    { 0x017A, 41 }, // U+017A
    { 0x017B, 24 }, // U+017B
    { 0x017C, 41 }, // U+017C
    { 0x017D, 24 }, // U+017D
    { 0x017E, 41 }, // U+017E
    { 0x017F, 27 }, // U+017F
    { 0x01A0, 14 }, // U+01A0
    { 0x01A1, 26 }, // U+01A1
    { 0x01C6, 26 }, // U+01C6
    { 0x01C9, 32 }, // U+01C9
    { 0x01CC, 33 }, // U+01CC
    { 0x01CD, 13 }, // U+01CD
    { 0x01CE, 25 }, // U+01CE
    { 0x01D3, 19 }, // U+01D3
    { 0x01D4, 37 }, // U+01D4
    { 0x01E6, 14 }, // U+01E6
    { 0x01E7, 28 }, // U+01E7
    { 0x01EA, 14 }, // U+01EA
    { 0x01EB, 26 }, // U+01EB
    { 0x01F3, 26 }, // U+01F3
    { 0x01FA, 13 }, // U+01FA
    { 0x01FB, 25 }, // U+01FB
    { 0x01FC, 43 }, // U+01FC
    { 0x01FD, 25 }, // U+01FD
    { 0x01FE, 14 }, // U+01FE
    { 0x01FF, 26 }, // U+01FF
    { 0x0218, 17 }, // U+0218
    { 0x0219, 35 }, // U+0219
    { 0x021A, 45 }, // U+021A
    { 0x021B, 36 }, // U+021B
    { 0x021F, 29 }, // U+021F
    { 0x1EA0, 13 }, // U+1EA0
    { 0x1EA1, 25 }, // U+1EA1
    { 0x1EA2, 13 }, // U+1EA2
    { 0x1EA3, 25 }, // U+1EA3
    { 0x1EA4, 13 }, // U+1EA4
    { 0x1EA5, 25 }, // U+1EA5
    { 0x1EA6, 13 }, // U+1EA6
    { 0x1EA7, 25 }, // U+1EA7
    { 0x1EA8, 13 }, // U+1EA8
    { 0x1EA9, 25 }, // U+1EA9
    { 0x1EAA, 13 }, // U+1EAA
    { 0x1EAB, 25 }, // U+1EAB
    { 0x1EAC, 13 }, // U+1EAC
    { 0x1EAD, 25 }, // U+1EAD
    { 0x1EAE, 13 }, // U+1EAE
    { 0x1EAF, 25 }, // U+1EAF
    { 0x1EB0, 13 }, // U+1EB0
    { 0x1EB1, 25 }, // U+1EB1
    { 0x1EB2, 13 }, // U+1EB2
    { 0x1EB3, 25 }, // U+1EB3
    { 0x1EB4, 13 }, // U+1EB4
    { 0x1EB5, 25 }, // U+1EB5
    { 0x1EB6, 13 }, // U+1EB6
    { 0x1EB7, 25 }, // U+1EB7
    { 0x1EB9, 26 }, // U+1EB9
    { 0x1EBB, 26 }, // U+1EBB
    { 0x1EBD, 26 }, // U+1EBD
    { 0x1EBF, 26 }, // U+1EBF
    { 0x1EC1, 26 }, // U+1EC1
    { 0x1EC3, 26 }, // U+1EC3
    { 0x1EC5, 26 }, // U+1EC5
    { 0x1EC7, 26 }, // U+1EC7
    { 0x1EC8, 15 }, // U+1EC8
    { 0x1EC9, 30 }, // U+1EC9
    { 0x1ECA, 15 }, // U+1ECA
    { 0x1ECB, 30 }, // U+1ECB
    { 0x1ECC, 14 }, // U+1ECC
    { 0x1ECD, 26 }, // U+1ECD
    { 0x1ECE, 14 }, // U+1ECE
    { 0x1ECF, 26 }, // U+1ECF
    { 0x1ED0, 14 }, // U+1ED0
    { 0x1ED1, 26 }, // U+1ED1
    { 0x1ED2, 14 }, // U+1ED2
    { 0x1ED3, 26 }, // U+1ED3
    { 0x1ED4, 14 }, // U+1ED4
    { 0x1ED5, 26 }, // U+1ED5
    { 0x1ED6, 14 }, // U+1ED6
    { 0x1ED7, 26 }, // U+1ED7
    { 0x1ED8, 14 }, // U+1ED8
    { 0x1ED9, 26 }, // U+1ED9
    { 0x1EDA, 14 }, // U+1EDA
    { 0x1EDB, 26 }, // U+1EDB
    { 0x1EDC, 14 }, // U+1EDC
    { 0x1EDD, 26 }, // U+1EDD
    { 0x1EDE, 14 }, // U+1EDE
    { 0x1EDF, 26 }, // U+1EDF
    { 0x1EE0, 14 }, // U+1EE0
    { 0x1EE1, 26 }, // U+1EE1
    { 0x1EE2, 14 }, // U+1EE2
    { 0x1EE3, 26 }, // U+1EE3
    { 0x1EE4, 19 }, // U+1EE4
    { 0x1EE5, 37 }, // U+1EE5
    { 0x1EE6, 19 }, // U+1EE6
    { 0x1EE7, 37 }, // U+1EE7
    { 0x1EE8, 19 }, // U+1EE8
    { 0x1EE9, 37 }, // U+1EE9
    { 0x1EEA, 19 }, // U+1EEA
    { 0x1EEB, 37 }, // U+1EEB
    { 0x1EEC, 19 }, // U+1EEC
    { 0x1EED, 37 }, // U+1EED
    { 0x1EEE, 19 }, // U+1EEE
    { 0x1EEF, 37 }, // U+1EEF
    { 0x1EF0, 19 }, // U+1EF0
    { 0x1EF1, 37 }, // U+1EF1
    { 0x1EF2, 44 }, // U+1EF2
    { 0x1EF3, 38 }, // U+1EF3
    { 0x1EF4, 44 }, // U+1EF4
    { 0x1EF5, 38 }, // U+1EF5
    { 0x1EF6, 44 }, // U+1EF6
    { 0x1EF7, 38 }, // U+1EF7
    { 0x1EF8, 44 }, // U+1EF8
    { 0x1EF9, 38 }, // U+1EF9
    { 0x2013, 4 }, // U+2013
    { 0x2014, 4 }, // U+2014
    { 0x2019, 46 }, // U+2019
    { 0x201A, 3 }, // U+201A
    { 0x201D, 46 }, // U+201D
    { 0x201E, 3 }, // U+201E
    { 0x2026, 3 }, // U+2026
    { 0x2030, 1 }, // U+2030
    { 0x20AB, 26 }, // U+20AB
    { 0x2202, 26 }, // U+2202
    { 0xFB00, 27 }, // U+FB00
    { 0xFB01, 27 }, // U+FB01
    { 0xFB02, 27 }, // U+FB02
    { 0xFB03, 27 }, // U+FB03
    { 0xFB04, 27 }, // U+FB04
};

static const int8_t lexenddeca_12_italicKernMatrix[] = {
       0,    0,    0,    0,    0,    0,    0,    0,    0,   12,    0,    0,    0,    0,    0,    0,    0,    0,    0,    0,    0,    0,    0,    0,    0,    0,    0,    0,    0,    0,    0,    0,    0,    0,    0,    0,    0,    0,    0,    0,    0,    0,    0,    0,    0,    0,
       0,    0,    0,    0,    0,    0,    0,    0,    0,    0,    0,    0,    0,    0,    0,    0,    0,    0,    0,    0,    0,    0,    0,    0,    0,    0,    0,   -8,    0,    0,    0,    0,    0,    0,    0,    0,    0,    0,    0,    0,    0,    0,    0,    0,    0,    0,
       0,    0,    0,    0,    0,    0,  -19,  -12,   12,  -22,    0,    0,    0,    0,    0,    0,    0,    0,    0,    0,    0,    0,    0,    0,    0,    0,    0,    0,    0,    0,    0,    0,    0,    0,    0,    0,    0,    0,    0,    0,    0,    0,    0,    0,    0,    0,
       0,    0,    0,    0,  -31,    0,    0,    0,    0,    0,    0,    0,    0,    0,    0,    0,    0,    0,    0,    0,    0,    0,    0,    0,    0,    0,    0,    0,    0,    0,    0,    0,    0,    0,    0,    0,    0,    0,    0,    0,    0,    0,    0,    0,    0,    0,
       0,    0,    0,    0,    0,    0,    0,   -8,    0,    0,    0,    0,    0,    0,    0,    0,    0,    0,    0,    0,    0,    0,    0,    0,    0,    0,    0,    0,    0,    0,    0,    0,    0,    0,    0,    0,    0,    0,    0,    0,    0,    0,    0,    0,    0,    0,
       0,    6,    0,    0,    0,    0,    0,    0,    0,    0,    0,    0,    0,    0,    0,    0,    0,    0,    0,    0,    0,    0,    0,    0,    0,    0,    0,    0,    0,    0,    0,    0,    0,    0,    0,    0,    0,    0,    0,    0,    0,    0,    0,    0,    0,    0,
       0,    0,    0,    0,    0,    0,    0,    0,   -3,    0,    0,    0,    0,    0,    0,    0,    0,    0,    0,    0,    0,    0,    0,    0,    0,    0,    0,    0,    0,    0,    0,    0,    0,    0,    0,    0,    0,    0,    0,    0,    0,    0,    0,    0,    0,    0,
     -19,    0,    0,    0,    0,    0,    0,    0,    0,    0,    0,   -9,    0,    0,    0,    0,    0,    0,    0,    0,    0,    0,    0,    0,    0,    0,    0,    0,    0,    0,    0,    0,    0,    0,    0,    0,    0,    0,    0,    0,    0,  -30,    0,    0,    0,    0,
       0,    0,    0,    0,    0,    0,    0,    0,    0,    0,    0,   -6,    0,    0,    0,    0,    0,    0,    0,    0,    0,    0,    0,    0,    0,    0,    0,    0,    0,    0,    0,    0,    0,    0,    0,    0,    0,    0,    0,    0,    0,    0,    0,    0,    0,    0,
     -13,    0,    0,    0,    0,    0,   -9,   -8,    0,    0,    0,    0,    0,    0,    0,    0,    0,    0,    0,    0,    0,    0,    0,    0,    0,    0,    0,    0,    0,    0,    0,    0,    0,    0,    0,    0,    0,    0,    0,    0,    0,    0,    0,    0,    0,    0,
      12,    0,    0,  -22,    0,    0,   11,    0,  -19,   14,  -19,    0,    0,    0,    0,    0,    0,    0,    0,    0,    0,    0,    0,    0,    0,    0,    0,    0,    0,    0,    0,    0,    0,    0,    0,    0,    0,    0,    0,    0,    0,    0,    0,    0,    0,    0,
     -23,    0,    0,    0,    0,  -16,  -11,    0,    0,   -8,    0,  -20,    0,    0,    0,    0,    0,    0,    0,    0,    0,    0,    0,    0,    0,    0,    0,    0,    0,    0,    0,    0,    0,    0,    0,    0,    0,    0,    0,    0,    0,  -11,    0,    0,    0,    0,
       0,    0,    0,    0,    0,    0,    0,    0,   -9,   -8,   -9,    0,    0,    0,    0,    0,    0,    0,    0,    0,    0,    0,    0,    0,    0,    0,    0,    0,    0,    0,    0,    0,    0,    0,    0,    0,    0,    0,    0,    0,    0,    0,    0,    0,    0,    0,
       0,    0,    0,    0,    0,    0,    0,    0,    0,    0,    0,    0,    8,  -15,    0,    0,    0,  -26,  -11,  -27,  -19,    0,  -26,    0,    0,    0,    0,    0,    0,    0,    0,   -8,    0,    0,    0,  -11,  -10,  -16,  -18,    8,    0,    0,    0,  -26,  -26,    0,
       0,    0,    0,    0,    0,    0,    0,    0,    0,    0,    0,    0,   -8,    0,    0,    0,    0,    0,    0,   -8,    0,   -8,  -11,    0,   -6,    0,    0,    0,    0,    0,    0,    0,    0,    0,    0,    0,    0,    0,    0,    0,    0,    0,  -17,  -11,    0,    0,
       0,    0,    0,    0,    0,    0,    0,    0,    0,    0,    0,    0,    0,   -8,    0,    0,    0,    0,    0,    0,    0,    0,   -9,    0,    0,    0,    0,    0,    0,    0,    0,    0,    0,    0,    0,    0,    0,    0,    0,    0,    0,    0,  -17,   -9,    0,    0,
       0,    0,    0,    0,    0,    0,    0,    0,    0,    0,    0,    0,  -15,    0,  -11,    0,    0,  -15,    0,  -11,   -8,   -8,  -19,   -8,  -11,    0,    0,    0,    0,    0,    0,    0,    0,    0,    0,    0,    0,    0,    0,    0,   -8,    0,  -28,  -19,  -15,    0,
       0,    0,    0,    0,    0,    0,    0,    0,    0,    0,    0,    0,    0,   -8,    0,    0,    0,    0,    0,    7,    7,    0,    0,    0,    0,    0,    0,    0,    0,    0,    0,    0,    0,    0,    0,    0,    0,    0,    0,    0,    0,    0,    0,    0,    0,    0,
       0,    0,    0,    0,    0,    0,    0,    0,    0,    0,    0,    0,  -15,    0,    0,  -13,    0,    9,    0,    0,    0,    0,    0,    0,   -9,    0,    0,    0,    0,    0,    0,    0,    0,    0,    0,    0,    0,    0,    0,    0,    0,    0,  -46,    0,    9,    0,
       0,    0,    0,    0,    0,    0,    0,    0,    0,    0,    0,    0,    0,    0,    0,    0,    0,   -8,    0,  -11,    0,    0,  -19,    0,    0,    0,    0,    0,    0,    0,    0,    0,    0,    0,    0,    0,    0,    0,    0,    0,    0,    0,    0,  -19,   -8,    0,
       0,    0,    0,    0,    0,    0,    0,    0,    0,    0,    0,    0,    0,  -11,    0,    0,    0,    0,    0,    0,    0,    0,    0,    0,    0,    0,   -8,    0,    0,    0,    0,    0,    0,    0,    0,  -11,    0,    0,    0,    0,    0,    0,  -11,    0,    0,    0,
       0,    0,    0,    0,    0,    0,    0,    0,    0,    0,    0,    0,  -11,    0,    0,    0,    0,    0,    0,    0,    0,    0,    0,    0,    0,    0,    0,    0,    0,    0,    0,    0,    0,    0,    0,    0,    0,    0,    0,    0,    0,    0,    0,    0,    0,    0,
       0,    0,    0,    0,    0,    0,    0,    0,    0,    0,    0,    0,    0,  -19,    0,    0,    0,    0,    0,    0,    0,    0,    0,    0,    0,   -8,    0,    0,    0,    0,    0,    0,    0,    0,    0,    0,  -17,  -20,  -20,    0,    0,    0,    0,    0,    0,    0,
       0,    0,    0,    0,    0,    0,    0,    0,    0,    0,    0,    0,   11,  -15,    0,   11,    0,  -42,   -8,  -26,  -15,   11,  -34,    0,    0,    0,    0,    0,    0,   -8,    0,    0,    0,    0,    0,    0,    0,  -15,  -19,   11,    0,    0,    0,  -34,  -42,    0,
       0,    0,    0,    0,    0,    0,    0,    0,    0,    0,    0,    0,  -33,    0,    0,  -27,    0,    0,    0,    0,    0,  -12,   -8,   -8,  -11,    0,    0,    0,    0,    0,    0,    0,    0,    0,   -8,    0,    0,    0,    0,    0,    0,    0,  -59,   -8,    0,    0,
       0,    0,    0,    0,    0,    0,    0,    0,    0,    0,    0,    0,   11,    0,    0,    0,    0,    0,   -2,    0,    0,    8,  -15,    0,    0,    0,    0,    0,    0,    0,    0,    0,    0,    0,    0,    0,    0,    0,    0,    8,    8,    0,    0,  -15,    0,    0,
       0,    0,    0,    0,    0,    0,    0,    0,    0,    0,    0,    0,    7,   -8,    0,    0,    0,    0,    0,    0,    0,    0,   -6,    0,    0,    0,    0,   -8,    0,    0,    0,    0,    0,    0,    0,    0,   -8,    0,    0,    0,    0,    0,    0,   -6,    0,    0,
       0,    0,    0,    0,    0,    0,    0,    0,    0,    0,    0,    0,    0,    0,    0,    0,    0,    0,    0,    0,   -8,    0,   -6,    0,    0,    0,    0,    0,    0,    0,    0,    0,    0,    0,    0,    0,    0,    0,    0,    0,    0,    0,  -11,   -6,    0,    0,
       0,    0,    0,    0,    0,    0,    0,    0,    0,    0,    0,    0,  -26,  -15,    0,  -42,    0,    9,    0,   15,   11,    0,    8,    0,  -34,  -34,    8,  -31,    0,    0,    0,    0,  -26,  -26,  -23,    0,  -27,   -4,   -8,   -4,  -12,    0,  -50,    8,    9,    0,
       0,    0,    0,    0,    0,    0,    0,    0,    0,    0,    0,    0,  -11,    0,    0,    0,    0,    0,    0,    0,    0,    0,    0,    0,    0,    0,    0,    0,    0,    0,    0,    0,    0,    0,    0,    0,    0,    0,    0,    0,    0,    0,  -36,    0,    0,    0,
       0,    0,    0,    0,    0,    0,    0,    0,    0,    0,    0,    0,  -27,  -11,    0,  -15,    0,   15,    0,    8,    8,    0,    8,    0,  -15,  -19,    0,  -14,    0,    0,    0,    0,   -8,   -8,   -8,    0,    0,    0,    0,    0,    0,    0,  -38,    8,   15,    0,
       0,    0,    0,    0,    0,    0,    0,    0,    0,    0,    0,    0,  -19,   -8,    0,  -11,    0,   11,    0,    8,    8,    0,    0,    0,  -11,   -9,    0,  -11,    0,    0,    0,    0,    0,    0,    0,    0,    0,    0,    0,    0,    0,    0,  -35,    0,   11,    0,
       0,    0,    0,    0,    0,    0,    0,    0,    0,    0,    0,    0,    0,  -11,    0,    0,    0,    0,    0,    0,    0,    0,    0,    0,   -8,   -8,    0,   -8,    0,    0,    0,    0,    0,    0,    0,    0,  -11,   -8,    0,    0,    0,    0,    0,    0,    0,    0,
       0,    0,    0,    0,    0,    0,    0,    0,    0,    0,    0,    0,  -26,  -19,    0,  -23,    0,    8,    0,    8,    0,    0,    0,    0,  -30,  -34,    0,  -34,    0,    0,    0,    0,  -18,  -18,  -23,    0,  -15,    0,    0,   -8,   -8,    0,  -65,    0,    8,    0,
       0,    0,    0,    0,    0,    0,    0,    0,    0,    0,    0,    0,    0,  -11,    0,    0,    0,    0,    0,    0,    0,    0,    0,    0,    0,    0,    0,  -11,    0,    0,    0,    0,    0,    0,    0,  -11,    0,    0,    0,    0,    0,    0,    0,    0,    0,    0,
       0,    0,    0,    0,    0,    0,    0,    0,    0,    0,    0,    0,    0,    0,    0,    0,    0,  -34,    0,    0,    0,    0,  -22,    0,    0,    0,    0,    0,    0,    0,    0,    0,    0,    0,    0,    0,    0,    0,    0,    0,    0,    0,    0,    0,    0,    0,
       0,    0,    0,    0,    0,    0,    0,    0,    0,    0,    0,    0,    0,    0,    0,    0,    0,  -34,    0,  -19,   -9,   -8,  -34,    0,    0,    0,    0,    0,    0,    0,    0,    0,    0,    0,    0,    0,    0,    0,    0,    0,    0,    0,  -16,  -34,  -34,    0,
       0,    0,    0,    0,    0,    0,    0,    0,    0,    0,    0,    0,    0,    0,    0,    0,    0,  -19,    0,    0,  -11,    0,  -30,    0,    0,    0,    0,    0,    0,    0,    0,    0,    0,    0,    0,    0,    0,    0,    0,    0,    0,    0,   -5,  -30,  -19,    0,
       0,    0,    0,    0,    0,    0,    0,    0,    0,    0,    0,    0,    0,    0,    0,    0,    0,  -26,    0,  -15,  -11,   -8,  -30,    0,    0,    0,    0,    0,    0,    0,    0,    0,    0,    0,    0,    0,    0,    0,    0,    0,    0,    0,  -12,  -30,  -26,    0,
       0,    0,    0,    0,    0,    0,    0,    0,    0,    0,    0,    0,    0,    0,    0,    0,    0,   11,    0,    0,    8,    0,    0,    0,  -12,   -8,    0,    0,    0,    0,    0,    0,    0,    0,    0,    0,    0,    0,    0,    0,    0,    0,  -33,    0,   11,    0,
       0,    0,    0,    0,    0,    0,    0,    0,    0,    0,    0,    0,    0,    0,    0,    0,    0,  -26,    0,    0,    0,    0,  -19,    0,    0,    0,    0,    0,    0,    0,    0,    0,    0,    0,    0,    0,    0,    0,    0,    0,    0,    0,    0,  -19,  -26,    0,
       0,    0,    0,    0,    0,    0,    0,    0,    0,    0,    0,    0,    0,    0,    0,    0,    0,  -32,    0,   -9,  -11,    0,  -26,    0,    0,   -4,    0,   -6,    0,    0,    0,    0,    0,    0,    0,   -5,    0,    0,    0,    0,    0,    0,   -8,  -26,  -32,    0,
       0,    0,    0,    0,    0,    0,    0,    0,    0,    0,    0,    0,    0,    0,    0,    0,    0,    0,    0,    0,    0,    0,    0,    0,    0,    0,    0,    0,    0,    0,   10,    0,    0,    0,    0,    0,    0,    0,    0,    0,    0,    0,    0,    0,    0,    0,
       0,    0,    0,    0,    0,    0,    0,    0,    0,    0,    0,    0,   11,   -8,    0,    0,    0,    0,    0,    0,    0,    0,    0,    0,    0,   -6,    0,    0,    0,    0,    0,    0,    0,    0,    0,   -5,    0,    0,    0,    0,    0,    0,    0,    0,    0,    0,
       0,    0,   14,    0,    0,    0,    0,    0,    0,    0,    0,    0,    0,    0,    0,    0,    0,    0,    0,    0,    0,    8,    0,    0,    0,    0,    0,    0,    0,   -8,    0,    0,    0,    8,    0,    0,    0,    5,    0,    0,    0,    0,    5,    0,    0,    0,
       0,    0,    0,    0,    0,    0,    0,    0,    0,    0,    0,    0,    0,    0,    0,    0,    0,  -19,    0,    0,    0,    0,  -11,    0,    0,    0,    0,    0,    0,    0,    0,    0,    0,    0,    0,    0,    0,    0,    0,    0,    0,    0,    0,  -11,  -19,    0,
       0,    0,    0,    0,    0,    0,    0,    0,    0,    0,    0,    0,    0,    0,    0,  -32,    0,   -5,    0,    0,   11,    0,    0,    0,   -6,    0,    8,    0,    0,    0,    0,    0,    0,    0,    0,    6,    0,   10,   10,    8,    0,    0,  -48,    0,   -5,    0,
       0,    0,    0,    0,    0,    0,    0,    0,    0,    0,    0,    0,    0,    0,    0,    8,    0,  -23,    0,   -8,    0,    0,  -22,    0,    0,    0,    0,    0,    0,    0,    0,    0,    0,    0,    0,    0,    0,    0,    0,    0,    0,    0,   -3,  -22,  -23,    0,
       0,    0,    0,    0,    0,    0,    0,    0,    0,    0,    0,    0,   10,    0,    0,    0,    0,    0,    0,    0,    0,    0,  -11,    0,    0,    0,    0,    0,    0,    0,    0,    0,    0,    0,    0,    0,    0,    0,    0,    0,    0,    0,    0,  -11,    0,    0,
       0,    0,    0,    0,    0,    0,    0,    0,    0,    0,    0,    0,    0,    0,    0,    0,    0,  -32,    0,    0,    0,    0,  -16,    0,    0,    0,    0,    0,    0,    0,    0,    0,    0,    0,    0,    0,    0,    0,    0,    0,    0,    0,  -11,  -16,  -32,    0,
       0,    0,    0,    0,    0,    0,    0,    0,    0,    0,    0,    0,  -22,    0,    0,    0,    0,   -4,    0,    0,    0,   -8,    0,   -8,   -8,    0,    8,    0,    0,    0,    0,    0,    0,    0,    8,    0,    0,    4,    4,    0,    0,    0,  -40,    0,   -4,    0,
       0,    0,    0,    0,    0,    0,    0,    0,    0,    0,    0,    0,    0,    0,    0,    0,    0,   -8,    0,    0,    0,    0,    0,    0,    0,    0,    5,    0,    0,    0,    0,    0,    0,    0,    0,    0,    0,    4,    4,    0,    0,    0,  -40,    0,   -8,    0,
       0,    0,    0,    0,    0,    0,    0,    0,    0,    0,    0,    0,    8,    0,    0,    0,    0,   -4,    0,    0,    0,    0,   -8,    0,    0,    0,    0,    0,    0,    0,    0,    0,    0,    0,    0,    0,    0,    0,    0,    0,    0,    0,    0,   -8,   -4,    0,
       0,    0,    0,    0,    0,    0,    0,    0,    0,    0,    0,    0,    0,    0,    0,    0,    0,    0,    0,    0,    0,    0,   -8,    0,    0,    0,    0,    0,    0,    0,    0,    0,    0,    0,    0,    0,    0,    0,    0,    0,    0,    0,    0,   -8,    0,    0,
       0,    0,   14,    0,    0,    0,    0,    0,    0,    0,    0,    0,    0,   11,   16,    0,   12,   40,   16,   37,   37,   32,   36,   22,    0,    0,   20,    0,   16,    8,   16,   16,   12,   12,    0,   16,    0,   27,   21,   21,   16,    0,    5,   36,   40,   21,
       0,    0,   14,    0,    0,    0,    0,    0,    0,    0,    0,    0,    0,    0,    0,    0,    0,    0,    0,    0,    0,    8,    0,    0,    0,    0,    0,    0,    0,   -8,    0,    0,    0,    0,    0,    0,    0,    5,    0,    0,    0,    0,    5,    0,    0,    0,
       0,    0,    0,    0,    0,    0,    0,    0,    0,    0,    0,    0,    0,    0,    0,    0,    0,  -20,    0,    0,    0,    0,    0,    0,    0,    0,    0,    0,    0,    0,    0,    0,    0,    0,    0,    0,    0,    0,    0,    0,    0,    0,    0,    0,    0,    0,
       0,    0,  -27,    0,    0,    0,    0,    0,    0,    0,    0,    0,  -11,    0,    0,    0,    0,   16,    0,   11,   11,    5,    5,    0,    0,    0,    0,    0,    0,    0,    0,    0,    0,    0,    0,    0,    0,    0,    0,    0,    0,    0,  -21,    5,   16,    0,
       0,    0,  -27,    0,    0,    0,    0,    0,    0,    0,    0,    0,  -11,    0,    0,    0,   11,   11,    0,   11,   11,    0,    0,    0,    0,    0,    0,    0,    5,    5,    0,    5,    0,    0,    0,   10,    0,   16,   16,   11,    0,    0,  -16,    0,   11,    0,
       0,    0,  -27,    0,    0,    0,    0,    0,    0,    0,    0,    0,  -21,    0,    0,   -5,    0,   21,    0,   16,   16,    5,   11,    0,  -11,   -5,    0,   -6,    0,    0,    0,    0,    0,    0,    0,    0,   -5,    0,    0,    0,   -5,    0,  -27,   11,   21,    0,
       0,    0,  -16,    0,    0,    0,    0,    0,    0,    0,    0,    0,  -11,    0,    0,  -11,   11,   16,    0,   16,   16,    0,    0,    0,   -5,   -5,   11,   -5,    0,    0,    0,    0,    0,    0,   -5,   11,    0,   16,   16,   16,    0,    0,  -16,    0,   16,    0,
       0,    0,    0,    0,    0,    0,    0,    0,    0,    0,    0,    0,    0,    0,    0,    0,    0,    0,    0,    0,    0,    0,    0,    0,    0,    0,    0,    0,    0,    0,    0,    0,    0,    0,  -11,    0,    0,    0,    0,    0,    0,    0,    0,    0,    0,    0,
};

static const EpdLigaturePair lexenddeca_12_italicLigaturePairs[] = {
    { 0x00660066, 0xFB00 }, // f f -> U+FB00
    { 0x00660069, 0xFB01 }, // f i -> U+FB01
    { 0x0066006C, 0xFB02 }, // f l -> U+FB02
    { 0xFB000069, 0xFB03 }, // U+FB00 i -> U+FB03
    { 0xFB00006C, 0xFB04 }, // U+FB00 l -> U+FB04
};

static constexpr EpdFontData lexenddeca_12_italic = {
    lexenddeca_12_italicBitmaps,
    lexenddeca_12_italicGlyphs,
    lexenddeca_12_italicIntervals,
    44,
    31,
    24,
    -8,
    true,
    lexenddeca_12_italicGroups,
    12,
    nullptr,
    lexenddeca_12_italicKernLeftClasses,
    lexenddeca_12_italicKernRightClasses,
    lexenddeca_12_italicKernMatrix,
    349,
    331,
    62,
    46,
    lexenddeca_12_italicLigaturePairs,
    5,
};
