/**
 * generated by fontconvert.py
 * name: lexenddeca_8_italic
 * size: 8
 * mode: 2-bit  compressed: true
 * Command used: fontconvert.py lexenddeca_8_italic 8 ../builtinFonts/source/LexicaUltralegible/LexicaUltralegible-Italic.ttf --2bit --compress --pnum --darken-aa
 */
#pragma once
#include "EpdFontData.h"

static const uint8_t lexenddeca_8_italicBitmaps[8354] = {
    0x75, 0x56, 0xCF, 0x8F, 0x1C, 0x47, 0x15, 0xFE, 0xBA, 0xCB, 0xA1, 0x8D, 0x9A, 0xED, 0xE2, 0x10,
    0xCB, 0x07, 0xEF, 0xEC, 0x1C, 0xB8, 0xF6, 0x6C, 0xE7, 0x30, 0x51, 0x1A, 0xDC, 0x33, 0x53, 0x4A,
    0x0E, 0x39, 0x20, 0xE4, 0x3D, 0x64, 0xC2, 0xC1, 0x28, 0xE6, 0x0F, 0x40, 0xDE, 0x91, 0x68, 0x14,
    0x0B, 0x76, 0xB3, 0x05, 0x1C, 0x38, 0x98, 0x03, 0x67, 0xF6, 0x60, 0xCE, 0x08, 0x69, 0x1B, 0xED,
    0x10, 0xAD, 0x61, 0xED, 0x29, 0x79, 0x0F, 0x39, 0x80, 0xA0, 0x25, 0x73, 0x33, 0x42, 0xAD, 0x04,
    0x12, 0x09, 0x5B, 0x4A, 0x45, 0x19, 0x60, 0x94, 0xCC, 0x4E, 0xF3, 0x55, 0xEF, 0x78, 0x77, 0x9D,
    0x84, 0xEE, 0xB7, 0xB3, 0xFD, 0xA3, 0xBA, 0xEA, 0xBD, 0xEF, 0xBD, 0xEF, 0x7B, 0x25, 0x54, 0x80,
    0x10, 0x12, 0x11, 0x56, 0xF0, 0x15, 0xAC, 0xE2, 0x02, 0x80, 0x03, 0xE4, 0xD8, 0x57, 0xDF, 0x87,
    0x3B, 0xBD, 0x23, 0x4D, 0xF3, 0x8F, 0xD4, 0xA0, 0x9E, 0x5E, 0x7E, 0xB4, 0x21, 0x6E, 0xC3, 0xD9,
    0x35, 0xEC, 0xD4, 0xD5, 0x95, 0x37, 0x54, 0xB8, 0x02, 0xB9, 0x0A, 0x5C, 0x04, 0xBF, 0xF5, 0x17,
    0x90, 0x13, 0xD3, 0x79, 0x51, 0xC7, 0x2F, 0xA0, 0x3D, 0x42, 0x30, 0x03, 0x26, 0x0A, 0x0F, 0x0D,
    0x1E, 0x98, 0xF4, 0xC8, 0x0C, 0x3E, 0x54, 0xE1, 0x31, 0x84, 0x82, 0x0F, 0xC8, 0x52, 0xA2, 0x6F,
    0x57, 0x51, 0xA4, 0x29, 0x8A, 0xAE, 0xC5, 0xF8, 0xB7, 0x25, 0x06, 0x0F, 0x35, 0xBC, 0x50, 0x56,
    0x68, 0xF5, 0xC6, 0x48, 0x47, 0x7C, 0x51, 0xA4, 0x5E, 0xF9, 0x0D, 0x2B, 0x4C, 0xDB, 0x70, 0x1E,
    0xF1, 0xD8, 0x88, 0x9F, 0x18, 0xF1, 0x8E, 0xF2, 0xE7, 0x90, 0xD3, 0x51, 0x96, 0xD9, 0xA2, 0x5D,
    0x5A, 0x69, 0x68, 0xDB, 0x93, 0x2A, 0xA9, 0x6C, 0x31, 0x1A, 0x8D, 0x50, 0x0A, 0x1D, 0x32, 0x92,
    0x18, 0x29, 0xBA, 0x18, 0xA1, 0x58, 0x9E, 0x23, 0xDE, 0x65, 0x10, 0xDA, 0x37, 0x9E, 0x81, 0x41,
    0x89, 0xD2, 0xE3, 0x95, 0x6F, 0x84, 0x0E, 0x94, 0x44, 0x8B, 0xA3, 0x0B, 0x08, 0xBC, 0x84, 0x76,
    0x95, 0xE0, 0x6B, 0x8A, 0x00, 0x54, 0x67, 0xB6, 0x53, 0x9B, 0x4B, 0xFF, 0x56, 0xA7, 0xB7, 0xCF,
    0x67, 0xD9, 0x0B, 0xBF, 0x02, 0x76, 0xAA, 0x4B, 0x0A, 0x59, 0x46, 0xE4, 0xB8, 0x1C, 0xD7, 0xE3,
    0x02, 0xB0, 0xF0, 0x4A, 0x08, 0x83, 0xE0, 0xE9, 0xB3, 0x14, 0x9C, 0x17, 0xFE, 0x31, 0xE4, 0x9E,
    0x1A, 0x08, 0xB3, 0xF3, 0xB2, 0xD9, 0x7F, 0x60, 0x3E, 0x7A, 0x60, 0xEC, 0xBB, 0xC6, 0xEE, 0x1B,
    0x7B, 0x55, 0x17, 0x09, 0xFA, 0xF7, 0xD0, 0xB6, 0x40, 0x19, 0x98, 0x89, 0xB9, 0x4C, 0x87, 0xC4,
    0xB9, 0x74, 0x10, 0xD8, 0x89, 0xF6, 0xDF, 0xB7, 0x42, 0x17, 0xCD, 0x4C, 0x5C, 0xA0, 0x42, 0x60,
    0xD0, 0x76, 0x19, 0x0A, 0x08, 0xD9, 0x50, 0xD1, 0x3B, 0x07, 0xFB, 0x1D, 0xBD, 0xCA, 0x85, 0x69,
    0xA1, 0xF2, 0x8E, 0x81, 0x4D, 0x20, 0x50, 0x5F, 0x15, 0x3A, 0x0F, 0x55, 0x7F, 0x13, 0x21, 0x13,
    0xC1, 0x57, 0xD2, 0x20, 0x31, 0xD8, 0xD7, 0xFE, 0x43, 0x15, 0xBC, 0x8A, 0xB5, 0x10, 0xA9, 0xC4,
    0xA4, 0xAE, 0x86, 0x37, 0x95, 0x5B, 0x28, 0x46, 0x50, 0x97, 0xE1, 0x50, 0x45, 0x2E, 0x93, 0x48,
    0xE6, 0xE0, 0x87, 0xCF, 0x87, 0xCA, 0xCD, 0x13, 0xA8, 0x42, 0x3A, 0x3F, 0xE5, 0xF4, 0x24, 0x16,
    0x42, 0xC9, 0xFA, 0xC0, 0x1F, 0x66, 0x58, 0x6C, 0xC3, 0x4A, 0x54, 0x8D, 0xD9, 0x08, 0x6F, 0x1D,
    0x12, 0x41, 0x24, 0x75, 0x79, 0xE9, 0xDB, 0x44, 0x41, 0x33, 0x0A, 0xF4, 0x80, 0x5B, 0xCE, 0x71,
    0xBF, 0x5C, 0x3E, 0xE8, 0xC0, 0x7D, 0x4E, 0x27, 0xC5, 0x87, 0x08, 0x85, 0x8A, 0x84, 0x0A, 0xAF,
    0x21, 0x58, 0x60, 0xFD, 0x86, 0x4E, 0x85, 0xC9, 0x1B, 0x3B, 0xF1, 0x39, 0x98, 0xA3, 0xCD, 0xB5,
    0x02, 0x35, 0x62, 0xFC, 0x2E, 0x16, 0xF4, 0xD6, 0xD1, 0x9E, 0x03, 0x74, 0xA3, 0x81, 0x81, 0xB3,
    0x11, 0x29, 0x97, 0xAE, 0xE5, 0x91, 0x21, 0xFB, 0x82, 0x27, 0xAE, 0x10, 0x78, 0x78, 0x1A, 0x89,
    0xA6, 0xFF, 0x89, 0xC6, 0x16, 0xDC, 0xAF, 0x4F, 0x58, 0x12, 0x96, 0xA3, 0xE6, 0xCB, 0xBA, 0x56,
    0xC3, 0x21, 0x4E, 0x2F, 0x7E, 0x01, 0xDC, 0x83, 0x8B, 0xC5, 0x5B, 0xC0, 0xCD, 0x77, 0x1F, 0x61,
    0xC5, 0x1F, 0x30, 0xF1, 0xE1, 0xAC, 0x7F, 0x73, 0xE4, 0xD2, 0xB3, 0xE5, 0x57, 0x21, 0xD1, 0xFA,
    0xF2, 0x72, 0x15, 0xBF, 0x56, 0x72, 0xB7, 0xCA, 0x90, 0x16, 0x93, 0xEF, 0xBC, 0xFB, 0xF8, 0x5B,
    0x47, 0xAF, 0x46, 0x7F, 0x0C, 0x57, 0x1E, 0xDD, 0x88, 0xF7, 0xFF, 0x3B, 0x4D, 0x95, 0x6A, 0xFF,
    0x92, 0x03, 0xF8, 0x71, 0x93, 0x85, 0xBE, 0xC1, 0x0F, 0x0D, 0x3E, 0x2A, 0xBD, 0xB2, 0x12, 0xA6,
    0x0A, 0xB5, 0x95, 0xB5, 0x5D, 0x1F, 0xDA, 0x0C, 0xE3, 0x31, 0xF2, 0xB0, 0x36, 0xF2, 0x75, 0xDB,
    0xC0, 0x69, 0x5B, 0x7E, 0x99, 0xD4, 0xBA, 0x77, 0xBD, 0xCC, 0xBC, 0x2A, 0xF5, 0x2A, 0x22, 0x73,
    0x77, 0x53, 0xD7, 0xCC, 0xEF, 0x4E, 0x29, 0xDE, 0x9F, 0x4A, 0x95, 0xAE, 0x35, 0x60, 0x66, 0x4D,
    0xA5, 0xA5, 0xCD, 0x45, 0x8F, 0xA9, 0xD8, 0x35, 0x62, 0x81, 0xB0, 0xD6, 0xF2, 0x3A, 0xE7, 0x19,
    0x47, 0x48, 0x5B, 0xC8, 0xC8, 0x88, 0xCC, 0xD9, 0x38, 0x85, 0xCD, 0x45, 0x79, 0x77, 0x4F, 0xD5,
    0x33, 0x8E, 0xB1, 0x72, 0xB8, 0x21, 0x9B, 0x72, 0x6D, 0x11, 0x8C, 0x05, 0x7A, 0xAF, 0x2D, 0x67,
    0x63, 0x7E, 0xEF, 0x0E, 0x89, 0xC6, 0xE7, 0xC6, 0xD4, 0xA6, 0x37, 0x3C, 0x1B, 0xD3, 0x14, 0x25,
    0xAB, 0xB4, 0x14, 0xFF, 0xA2, 0x3F, 0xD9, 0x99, 0x3F, 0x72, 0x9E, 0x3E, 0x77, 0x2B, 0xC3, 0xAD,
    0x1E, 0xA6, 0x72, 0xD7, 0x8A, 0xE3, 0x11, 0x69, 0x49, 0xA6, 0x49, 0xC4, 0x11, 0x38, 0x2C, 0x4B,
    0xEA, 0x59, 0x6F, 0x38, 0xCE, 0xA8, 0x00, 0xF4, 0x07, 0xB6, 0x40, 0x65, 0xBD, 0x52, 0xCE, 0xBF,
    0xF4, 0x0F, 0x92, 0xD2, 0x9D, 0x24, 0xA6, 0x63, 0x81, 0xC4, 0x0D, 0x55, 0x1B, 0xC7, 0x3B, 0x52,
    0xCB, 0x6F, 0x2A, 0xDC, 0x99, 0x66, 0x59, 0x32, 0xD3, 0x5D, 0x09, 0x42, 0xD0, 0x3F, 0x84, 0xB4,
    0xBC, 0x3B, 0x94, 0x7E, 0x25, 0x43, 0x1D, 0xAD, 0xA3, 0x75, 0x80, 0xC4, 0x62, 0x70, 0x80, 0x5E,
    0xE6, 0x06, 0xE4, 0x12, 0x45, 0xA0, 0x29, 0x24, 0x24, 0xAB, 0x6C, 0xEC, 0x24, 0x96, 0xF8, 0x1C,
    0x7A, 0x8C, 0xE5, 0xF7, 0xBF, 0x6E, 0xE2, 0x2D, 0x85, 0xA5, 0x3C, 0x55, 0x3C, 0xCB, 0xA8, 0xEA,
    0x9B, 0x96, 0xBD, 0x6A, 0x62, 0xFB, 0xB1, 0xC9, 0x8A, 0xF7, 0x74, 0xB6, 0xFF, 0x8E, 0x4A, 0xDF,
    0xBC, 0x8D, 0x7C, 0x87, 0x33, 0xF6, 0x99, 0xA3, 0x2C, 0x62, 0x4A, 0x23, 0x59, 0xB6, 0xA4, 0x8D,
    0xA3, 0x22, 0x6B, 0xE5, 0x59, 0x9C, 0xA6, 0x59, 0x96, 0x67, 0xAB, 0x45, 0x1A, 0xD9, 0x5C, 0xDA,
    0x22, 0xAC, 0xAC, 0x28, 0x5D, 0xBE, 0x3E, 0x99, 0x35, 0xF8, 0xB4, 0x32, 0x44, 0xB4, 0x14, 0xAD,
    0x14, 0x31, 0xEB, 0xA6, 0x43, 0x02, 0xED, 0x96, 0x4F, 0xF3, 0x55, 0x2D, 0xF3, 0x0E, 0xDB, 0x09,
    0xCA, 0x41, 0xAD, 0x7A, 0x1B, 0xCF, 0xE2, 0xDC, 0xCC, 0x13, 0xBA, 0x79, 0xD6, 0x96, 0xF3, 0x5C,
    0x6C, 0xA5, 0xED, 0x38, 0x0B, 0xE7, 0x1D, 0x7A, 0xBD, 0x3B, 0x15, 0x0B, 0x96, 0x36, 0xC9, 0xFC,
    0x7F, 0x66, 0x3B, 0x70, 0x15, 0x90, 0xAF, 0x81, 0x74, 0xB6, 0x81, 0x76, 0xBA, 0xB1, 0x6B, 0x3A,
    0x9E, 0x26, 0x0E, 0x6D, 0xD5, 0xA8, 0x04, 0xE5, 0x9A, 0xF0, 0xFA, 0x86, 0x4C, 0x1C, 0xEC, 0x39,
    0xB9, 0x9E, 0xD4, 0xE5, 0xEB, 0xFF, 0x54, 0x5F, 0x84, 0xFD, 0x19, 0x92, 0x4D, 0x69, 0xE5, 0x9F,
    0x49, 0xA5, 0xF5, 0x0D, 0x01, 0xB7, 0xA1, 0xBA, 0x3F, 0x41, 0x32, 0xC3, 0x98, 0xAF, 0xFC, 0xF2,
    0x96, 0x30, 0x69, 0xA8, 0x28, 0x3B, 0x0C, 0x9B, 0xDA, 0x19, 0x17, 0x88, 0x2D, 0xA8, 0xEE, 0xED,
    0x46, 0x19, 0x9C, 0x57, 0xE3, 0xB6, 0x57, 0x8D, 0x29, 0x95, 0xE3, 0xAB, 0x14, 0x82, 0xFD, 0x6F,
    0xAA, 0xFC, 0xBD, 0x6B, 0xF8, 0xC1, 0xD1, 0x1B, 0x78, 0xF3, 0x68, 0x0B, 0x3F, 0x7A, 0xE5, 0x00,
    0x03, 0x61, 0xD1, 0xE7, 0x5F, 0x26, 0x9C, 0xD2, 0x4A, 0x56, 0x05, 0x05, 0xC6, 0x4E, 0x81, 0xB7,
    0x29, 0xCE, 0x03, 0x16, 0x4A, 0xC2, 0xE0, 0x07, 0x8E, 0xC7, 0x94, 0x3C, 0x36, 0x14, 0xF9, 0x8A,
    0xC1, 0x3A, 0x45, 0xF3, 0x90, 0xF0, 0xD1, 0x37, 0xC6, 0x95, 0x85, 0x2A, 0x5E, 0x73, 0xD8, 0xB9,
    0x9A, 0x69, 0x44, 0xE9, 0x7C, 0x38, 0xA2, 0x5E, 0x78, 0xC3, 0x6D, 0x60, 0x06, 0x51, 0x39, 0xB6,
    0x72, 0xBA, 0x2D, 0x78, 0x76, 0xA9, 0x36, 0xFD, 0xE1, 0x06, 0xBB, 0x9E, 0x3F, 0x17, 0x7F, 0xFD,
    0xAC, 0x4E, 0xC7, 0x2C, 0xA3, 0x14, 0x5F, 0xC7, 0x8E, 0xCA, 0xF9, 0x3F, 0xE6, 0x33, 0xC9, 0xB7,
    0x1C, 0xE5, 0x1A, 0x4E, 0xC5, 0xF4, 0xE5, 0x54, 0xBC, 0xEF, 0x2D, 0x87, 0x9D, 0x74, 0x26, 0xCB,
    0xE7, 0xA5, 0x6B, 0x42, 0x97, 0xCD, 0x40, 0x43, 0x3B, 0x4D, 0x63, 0x60, 0x61, 0x8A, 0x28, 0x76,
    0x24, 0x49, 0x43, 0xC7, 0xAB, 0xF9, 0xA5, 0x0D, 0x65, 0xBB, 0xC1, 0xAC, 0x7D, 0xF3, 0xA2, 0xC4,
    0xCD, 0x64, 0x31, 0x6E, 0xD9, 0xEC, 0x93, 0xF9, 0xE0, 0x37, 0xE1, 0x53, 0xF0, 0xD7, 0x28, 0x68,
    0x7B, 0x88, 0x03, 0x95, 0x0A, 0xEA, 0xA7, 0xCE, 0x03, 0x75, 0x20, 0x71, 0x7F, 0x1B, 0x1F, 0x4C,
    0x9F, 0xEA, 0xE7, 0x85, 0x65, 0xFD, 0xD0, 0xC6, 0x17, 0x1C, 0x59, 0x28, 0x6B, 0xEC, 0x37, 0xF0,
    0x5C, 0xA2, 0x83, 0x8F, 0x4D, 0x7B, 0x53, 0x67, 0x52, 0x51, 0x5D, 0x8B, 0xD0, 0xA5, 0x80, 0x7A,
    0xD1, 0xBF, 0x8F, 0xF6, 0xDF, 0xCF, 0xE4, 0x37, 0x17, 0x7A, 0x52, 0xEB, 0xDF, 0x0D, 0x9D, 0x8C,
    0x3A, 0xAE, 0x11, 0x6D, 0xF8, 0xAC, 0x6A, 0x17, 0xFF, 0xA0, 0x6A, 0xAB, 0xB3, 0xF8, 0x5D, 0x60,
    0xDE, 0x71, 0x11, 0x3C, 0xAA, 0xA4, 0x28, 0x5B, 0xBE, 0x89, 0x1B, 0x6B, 0x09, 0xCD, 0xFE, 0x27,
    0x3E, 0x75, 0x6A, 0xED, 0x14, 0x7C, 0x06, 0x0F, 0x38, 0x0B, 0x60, 0x81, 0xE4, 0x0E, 0x3A, 0x01,
    0xB2, 0xD0, 0xC5, 0xEC, 0xB8, 0x1A, 0xA1, 0x58, 0x01, 0x77, 0x07, 0x0E, 0x3E, 0x34, 0xF9, 0x6C,
    0x3F, 0x03, 0x73, 0xD7, 0xB1, 0x77, 0xBD, 0xD1, 0xF7, 0xF3, 0x60, 0x56, 0x5E, 0xE9, 0xC4, 0xE3,
    0x8A, 0x9E, 0x2C, 0xBB, 0xB2, 0x63, 0xB9, 0x74, 0x2C, 0x63, 0x95, 0xB1, 0x36, 0x68, 0xDB, 0x25,
    0x0A, 0x8B, 0x82, 0x95, 0xC0, 0x46, 0x11, 0x45, 0xAD, 0x38, 0xCE, 0xD2, 0xBC, 0x38, 0xD8, 0x5A,
    0x3D, 0x1E, 0xE8, 0x64, 0xEF, 0x03, 0xD3, 0x09, 0x7F, 0xCC, 0x02, 0x61, 0xFD, 0x4B, 0xDF, 0x74,
    0x23, 0xB6, 0x1D, 0xFA, 0x5E, 0x10, 0x5C, 0x1B, 0x87, 0x58, 0x3D, 0x75, 0x34, 0x70, 0x8E, 0x76,
    0xCF, 0x39, 0xEA, 0xA0, 0xDA, 0x3C, 0x81, 0x4A, 0x15, 0xEC, 0x96, 0x21, 0xD8, 0x21, 0x1C, 0x54,
    0x6C, 0x53, 0x3B, 0x2A, 0x7C, 0x6C, 0x42, 0xAF, 0x8C, 0x50, 0xD1, 0x56, 0xBC, 0xB2, 0x2D, 0x4C,
    0x72, 0x47, 0xF5, 0x8E, 0x1D, 0xB3, 0x19, 0x09, 0x41, 0x0D, 0xFE, 0xF3, 0xB9, 0x24, 0xAC, 0x35,
    0xFB, 0x82, 0x27, 0x8D, 0x46, 0xAD, 0xB3, 0x8C, 0xCD, 0xEA, 0x34, 0x29, 0xD7, 0x97, 0xD1, 0x17,
    0x4D, 0xC0, 0xD2, 0xF6, 0x0F, 0xBB, 0xE8, 0x23, 0xB4, 0xD8, 0xFA, 0x6E, 0x76, 0xEF, 0x20, 0xA9,
    0x9C, 0x64, 0x0E, 0xCA, 0x36, 0x9B, 0x52, 0x6B, 0x89, 0x54, 0x8F, 0xD8, 0xAD, 0x0A, 0x1D, 0x0B,
    0x75, 0xE2, 0x34, 0xA9, 0x97, 0x47, 0x18, 0x75, 0xD0, 0x9B, 0x23, 0x79, 0xE2, 0xC0, 0xEE, 0xB6,
    0x9A, 0xC6, 0x90, 0x23, 0xB3, 0xE8, 0x94, 0x6E, 0x83, 0x40, 0x29, 0x60, 0x66, 0xF2, 0x2C, 0xEA,
    0x6E, 0xC5, 0xDD, 0x27, 0xE9, 0x8B, 0x7F, 0x2A, 0x5E, 0xFA, 0x79, 0x75, 0x35, 0x32, 0x03, 0x69,
    0x7A, 0x94, 0x30, 0x49, 0xDE, 0x59, 0xEF, 0x61, 0x89, 0x4F, 0x15, 0xDE, 0x72, 0xEC, 0xC0, 0x1C,
    0xE2, 0xCF, 0x90, 0x21, 0x3A, 0x4E, 0xB4, 0xAD, 0x78, 0xB9, 0x14, 0x3F, 0x35, 0xE2, 0xB6, 0x12,
    0x7F, 0x81, 0xFF, 0x37, 0x70, 0xB7, 0x46, 0xFA, 0xB8, 0x9D, 0x8B, 0xC1, 0x15, 0xED, 0xA8, 0xC9,
    0x06, 0xF7, 0xDC, 0x75, 0x8D, 0xB5, 0xE5, 0xC6, 0x40, 0x9C, 0x30, 0xEB, 0x35, 0xEC, 0x1C, 0x9F,
    0x56, 0x95, 0x6C, 0xB6, 0x70, 0xDC, 0x05, 0x9E, 0x56, 0x15, 0xA5, 0x9C, 0xFB, 0xC1, 0x67, 0x0E,
    0x6F, 0xCA, 0xA7, 0x29, 0x8B, 0xFB, 0x64, 0x8B, 0x47, 0xF1, 0x69, 0x76, 0x74, 0x6C, 0x1D, 0x57,
    0x88, 0x8A, 0x2B, 0x9B, 0x9F, 0xE1, 0xED, 0xDA, 0x5D, 0xFC, 0x0F, 0x95, 0x56, 0x4D, 0x8C, 0x14,
    0x45, 0x14, 0xFE, 0xBA, 0x6B, 0xA1, 0x71, 0x6B, 0xB7, 0x6B, 0x0F, 0x12, 0x49, 0x9C, 0x1F, 0x62,
    0x38, 0x70, 0xE8, 0xA5, 0x3D, 0x4C, 0x62, 0x83, 0xB5, 0x3B, 0x85, 0xF1, 0x64, 0xFC, 0xD9, 0x83,
    0x13, 0x0F, 0x6A, 0x00, 0x4F, 0x9E, 0x76, 0x07, 0x33, 0x44, 0x62, 0x30, 0x5B, 0xEA, 0x91, 0xF8,
    0x13, 0x0F, 0x5E, 0x38, 0x88, 0x31, 0xDE, 0x4C, 0x68, 0xC9, 0x1A, 0x35, 0x21, 0x4C, 0x45, 0x0E,
    0x1C, 0x4C, 0xB4, 0x09, 0x2A, 0x89, 0xF8, 0xD3, 0x88, 0xC1, 0x44, 0x54, 0x8A, 0xB8, 0xC6, 0xC9,
    0x32, 0xBB, 0xED, 0xAB, 0x9E, 0x0D, 0x62, 0x64, 0x77, 0xC7, 0xDE, 0x4A, 0x4D, 0x6D, 0xD7, 0xD7,
    0xAF, 0x5E, 0xBD, 0xF7, 0xBE, 0xF7, 0x9E, 0x80, 0x00, 0x30, 0x82, 0x0A, 0x22, 0x24, 0x68, 0xA0,
    0x83, 0x14, 0x16, 0x39, 0x30, 0x81, 0xFD, 0x41, 0xBF, 0x76, 0x4D, 0x9A, 0x8E, 0xF9, 0xC0, 0x9C,
    0xD4, 0x27, 0x1F, 0x6C, 0x9E, 0xAA, 0xDB, 0x00, 0x1E, 0xD0, 0xD5, 0xEC, 0x4A, 0xCE, 0xD5, 0x0C,
    0x07, 0x02, 0x85, 0x66, 0x81, 0xE0, 0x4B, 0x30, 0x0D, 0xA6, 0x10, 0x02, 0xF3, 0xBF, 0xE0, 0xBD,
    0x2E, 0x49, 0xC4, 0xFD, 0x37, 0xD4, 0xAE, 0x39, 0x24, 0x01, 0x1A, 0x4C, 0xD1, 0xBC, 0xAB, 0x4E,
    0x48, 0x35, 0xA1, 0x50, 0x85, 0x0C, 0x61, 0x85, 0x9F, 0xF1, 0x40, 0xB3, 0xD7, 0xC1, 0xFA, 0xF0,
    0x17, 0x11, 0x17, 0xF0, 0x33, 0x34, 0x57, 0x70, 0x17, 0x89, 0x32, 0x48, 0xCB, 0x87, 0x84, 0xAC,
    0x2E, 0x62, 0x83, 0xA5, 0x52, 0x29, 0x0B, 0xAF, 0x0F, 0xBE, 0x4F, 0x8D, 0x33, 0x53, 0xF5, 0x8D,
    0x60, 0x26, 0xB8, 0x06, 0xF4, 0x40, 0x9A, 0x4F, 0x24, 0xF8, 0xC4, 0x22, 0xCE, 0xE8, 0x23, 0xEB,
    0x26, 0xC0, 0x2F, 0xB4, 0x78, 0xCB, 0xCA, 0xD3, 0xC9, 0x73, 0x57, 0x1F, 0x7E, 0x57, 0x8F, 0x9E,
    0x57, 0xFC, 0xBC, 0x0E, 0x7E, 0xBC, 0x30, 0xDA, 0x2E, 0xC6, 0x13, 0x48, 0xB1, 0xD7, 0xB2, 0x42,
    0xE3, 0x4E, 0xC4, 0xEA, 0x1E, 0x13, 0xEB, 0xCB, 0xBA, 0xAB, 0xD8, 0x59, 0xCD, 0x1F, 0x43, 0x4D,
    0x42, 0x2E, 0x20, 0x49, 0x11, 0x35, 0x30, 0x2E, 0x21, 0xAA, 0x4E, 0x56, 0x51, 0xE8, 0xD6, 0x13,
    0xBA, 0xBC, 0x65, 0x39, 0xBC, 0x5B, 0x0E, 0x40, 0x72, 0xB0, 0x18, 0x7B, 0xE7, 0xC2, 0x43, 0xE7,
    0xCE, 0x1C, 0x3D, 0x57, 0x04, 0x97, 0xBE, 0x1B, 0x3D, 0x78, 0xF6, 0x91, 0x64, 0xEF, 0x91, 0x9B,
    0x07, 0x00, 0x4D, 0xBB, 0x55, 0x01, 0x31, 0x9E, 0x37, 0xC7, 0xCD, 0x49, 0xD3, 0xA4, 0x35, 0x33,
    0xEE, 0xAF, 0x28, 0x9E, 0xF8, 0xCA, 0xFD, 0xB6, 0x5A, 0x45, 0x11, 0xD8, 0x3B, 0x1A, 0xB8, 0xD7,
    0xCB, 0x38, 0xA1, 0xEB, 0x66, 0x22, 0xE3, 0xC6, 0x33, 0x07, 0x08, 0xEB, 0x09, 0x19, 0x20, 0xE7,
    0xC8, 0x84, 0x67, 0x42, 0xDF, 0x84, 0x74, 0x71, 0xA6, 0x23, 0xAE, 0xE2, 0x79, 0xDD, 0xBC, 0x6C,
    0x1A, 0x20, 0x97, 0xA1, 0x0D, 0xF0, 0x42, 0x35, 0x7F, 0x40, 0xF7, 0x55, 0x14, 0x15, 0x14, 0x11,
    0xBA, 0x12, 0xBB, 0x12, 0x84, 0x0D, 0x54, 0xDB, 0x88, 0xE8, 0x2A, 0x16, 0x49, 0x8E, 0x24, 0xC3,
    0x21, 0x83, 0x93, 0x06, 0x90, 0x12, 0x63, 0xF1, 0x3C, 0x9A, 0xE1, 0x78, 0x25, 0xDA, 0x19, 0xAB,
    0x83, 0x26, 0x75, 0x7A, 0xA1, 0x4A, 0xD7, 0xAD, 0x80, 0x87, 0x60, 0x47, 0x11, 0xBC, 0x0E, 0x11,
    0x41, 0x1E, 0xC6, 0x82, 0xC5, 0x26, 0xCC, 0x4C, 0x23, 0xAB, 0x32, 0x33, 0xC6, 0x51, 0x09, 0x11,
    0xC9, 0x91, 0x9D, 0x6D, 0x89, 0xBC, 0xCF, 0xCE, 0x7C, 0x1C, 0xF0, 0xC3, 0x61, 0x7D, 0x39, 0x42,
    0x7B, 0x07, 0xF6, 0x8F, 0x22, 0x9F, 0xF6, 0x49, 0x3D, 0x35, 0x26, 0x50, 0x89, 0x10, 0xED, 0xEE,
    0xED, 0xF8, 0xE3, 0x61, 0xCF, 0x8C, 0x31, 0xBD, 0x53, 0x20, 0xAD, 0x30, 0x9D, 0x88, 0xDE, 0xC4,
    0xA6, 0x19, 0x67, 0xBA, 0xBA, 0xA9, 0x60, 0x77, 0x96, 0x00, 0x26, 0x85, 0x78, 0x29, 0xC3, 0xE6,
    0x33, 0x06, 0xCF, 0x7C, 0xE6, 0xAB, 0xE6, 0x6B, 0x42, 0x8D, 0xC8, 0x18, 0xE8, 0x7C, 0x04, 0x5C,
    0xBA, 0x08, 0xFF, 0x4C, 0xA1, 0x99, 0x0A, 0xB1, 0x19, 0x5B, 0x80, 0xC9, 0x72, 0xD0, 0xB3, 0xC3,
    0x39, 0x9C, 0x62, 0x21, 0xC8, 0xC8, 0xA8, 0x6E, 0xD9, 0xE1, 0x98, 0x7A, 0x11, 0x62, 0x11, 0x0E,
    0x46, 0x41, 0xE8, 0x97, 0x30, 0x6E, 0x20, 0x0C, 0xA6, 0x0D, 0x5E, 0x30, 0xB8, 0x9E, 0x79, 0x59,
    0xCE, 0x4C, 0xCE, 0xB5, 0x15, 0x85, 0xDD, 0xD5, 0x22, 0xB7, 0x2D, 0x2C, 0x50, 0xB0, 0x53, 0x98,
    0x7B, 0x39, 0x7C, 0x35, 0x2C, 0xDE, 0xD3, 0xE0, 0x39, 0xB6, 0x6D, 0x1F, 0x5A, 0x3E, 0xDD, 0xF5,
    0x29, 0xEC, 0xE9, 0xD1, 0x39, 0xC3, 0xE2, 0x65, 0x39, 0x0F, 0x2F, 0x9F, 0x60, 0x61, 0x8E, 0xB1,
    0xE3, 0x0E, 0xBC, 0x31, 0x9E, 0xFE, 0xA3, 0x80, 0x6C, 0x91, 0x17, 0x1C, 0x4B, 0xFD, 0xEF, 0x69,
    0x0A, 0x9E, 0xA6, 0xA9, 0x16, 0xAF, 0xD0, 0xD1, 0x53, 0x8F, 0x93, 0x5D, 0x25, 0xC5, 0x67, 0x41,
    0xA4, 0x12, 0xAD, 0x05, 0x67, 0xF1, 0x4F, 0x5A, 0xF8, 0x98, 0x08, 0x40, 0xD4, 0xCE, 0xD8, 0x95,
    0x45, 0xA1, 0x92, 0x1A, 0x01, 0xCB, 0x91, 0x94, 0x83, 0x16, 0x53, 0xC8, 0xC5, 0x31, 0xC3, 0x56,
    0x9C, 0x53, 0x7C, 0x0B, 0x46, 0x4C, 0xDD, 0x5E, 0xEE, 0x6D, 0x29, 0x15, 0x2C, 0xAC, 0x68, 0xCD,
    0x88, 0xD2, 0x33, 0xC4, 0x26, 0x3A, 0x88, 0x8E, 0x19, 0x7C, 0x4E, 0x0A, 0x91, 0x78, 0x27, 0xDC,
    0x53, 0x08, 0xF4, 0xFF, 0xC0, 0x6F, 0xA2, 0x5B, 0x68, 0x1C, 0xD0, 0xC3, 0xE2, 0xE9, 0xB9, 0x6E,
    0x56, 0xED, 0x3A, 0x04, 0xDE, 0x83, 0x6F, 0xF0, 0x06, 0xD9, 0xA0, 0xBF, 0xF9, 0x27, 0xBF, 0x24,
    0x2B, 0xD3, 0x81, 0xE2, 0x94, 0x2C, 0x05, 0xF6, 0xA9, 0xC2, 0x90, 0xA6, 0x12, 0xFB, 0xD7, 0xD9,
    0xDF, 0xEE, 0xF5, 0xFD, 0x3B, 0xD6, 0xD9, 0x77, 0x34, 0xC3, 0xDA, 0xFB, 0xAC, 0xC8, 0xD8, 0xD7,
    0x8B, 0x81, 0x92, 0x1C, 0x91, 0x40, 0xB5, 0x6B, 0xA3, 0xDA, 0x4C, 0x44, 0xA9, 0x33, 0xC2, 0x61,
    0xE9, 0xD9, 0xA9, 0x39, 0xD3, 0x5C, 0x2E, 0xEF, 0x12, 0x3F, 0x8B, 0x3D, 0x8B, 0x14, 0x5C, 0xDC,
    0x84, 0x22, 0xAB, 0x0A, 0x1B, 0x85, 0xA9, 0xAC, 0x76, 0x64, 0x94, 0x24, 0x52, 0x76, 0x64, 0x25,
    0x4D, 0x42, 0xDB, 0x11, 0x36, 0xE5, 0xB9, 0x65, 0x19, 0xC6, 0x6E, 0x21, 0x07, 0x39, 0x73, 0xA9,
    0x27, 0x94, 0xAC, 0x39, 0xD6, 0x87, 0x34, 0x12, 0x54, 0x13, 0xA2, 0x36, 0xE4, 0x24, 0x65, 0xE7,
    0x63, 0x99, 0x73, 0x26, 0x65, 0x5C, 0xCA, 0xCA, 0xC3, 0xE3, 0xC9, 0x87, 0x22, 0xC3, 0xCE, 0xFD,
    0x43, 0xCB, 0x27, 0x1F, 0xF6, 0xB0, 0x55, 0xFD, 0x0F, 0x7C, 0xD2, 0x5E, 0x25, 0xC7, 0x50, 0xF8,
    0xB4, 0x22, 0x8F, 0x08, 0xCB, 0x8D, 0xB0, 0xF2, 0x70, 0x1A, 0xB9, 0xAF, 0xCE, 0x83, 0x2D, 0x2D,
    0x83, 0xBE, 0x43, 0x0D, 0xBF, 0x41, 0xB2, 0x47, 0x21, 0xC7, 0x43, 0x24, 0x8D, 0x2A, 0x65, 0xC7,
    0x08, 0x4D, 0x7A, 0x3F, 0x45, 0x31, 0x3C, 0x7F, 0x2C, 0xC3, 0x2B, 0x4E, 0xC0, 0xF1, 0x32, 0xB9,
    0xBA, 0x1C, 0xEE, 0xCA, 0xA3, 0x44, 0x47, 0x22, 0x4D, 0x60, 0x3B, 0xB0, 0x29, 0x72, 0xEB, 0x65,
    0xD6, 0x37, 0x96, 0x19, 0xCB, 0xD5, 0xE9, 0x2E, 0x62, 0xA2, 0x0C, 0xD5, 0x40, 0x8A, 0xAB, 0x6D,
    0x43, 0xE3, 0x29, 0xDE, 0xE7, 0x81, 0x37, 0xD5, 0xB0, 0x78, 0xB2, 0xF1, 0xF9, 0xD5, 0x28, 0x1E,
    0x0A, 0x3F, 0x52, 0xA6, 0xCC, 0x32, 0x5B, 0x11, 0x26, 0x61, 0x46, 0x72, 0x15, 0xD5, 0x9C, 0xBD,
    0x84, 0x05, 0xCF, 0x1C, 0xE5, 0xA8, 0x84, 0x53, 0x21, 0x17, 0xE5, 0x18, 0x2C, 0x42, 0x97, 0x25,
    0x54, 0xED, 0x49, 0x13, 0xF9, 0x99, 0xA4, 0xC1, 0x0D, 0xD5, 0xF8, 0x43, 0x8A, 0x1A, 0x03, 0x32,
    0x0D, 0xD5, 0x42, 0xC5, 0x7E, 0xCE, 0x04, 0xF2, 0x10, 0x59, 0x25, 0x30, 0x51, 0x13, 0xF2, 0x6E,
    0x93, 0xF8, 0x6E, 0xB4, 0x99, 0x49, 0xE7, 0x94, 0x5D, 0x86, 0x67, 0x28, 0x74, 0xE8, 0xD4, 0xA0,
    0x57, 0x9F, 0xDD, 0x22, 0x30, 0x1B, 0xAF, 0x2C, 0x54, 0xAD, 0x5C, 0xEA, 0x37, 0xDF, 0x27, 0xE1,
    0x72, 0x8D, 0x9D, 0x23, 0xF0, 0xBF, 0x70, 0x8A, 0x06, 0x3D, 0xD4, 0x67, 0x41, 0x9B, 0x98, 0x75,
    0xDC, 0x5C, 0xA8, 0xBA, 0x8C, 0xB4, 0xD4, 0x07, 0x41, 0xE0, 0x32, 0x93, 0xF6, 0x1E, 0xDF, 0x00,
    0x46, 0xE5, 0xCB, 0xF3, 0x36, 0x16, 0x75, 0x0A, 0xBF, 0xE3, 0x1B, 0x9A, 0x6F, 0xA3, 0x4C, 0xD0,
    0xEB, 0x6A, 0x31, 0x77, 0x35, 0xDB, 0x26, 0x94, 0x25, 0x93, 0xA4, 0xF5, 0xA2, 0xB0, 0xA7, 0x67,
    0x5B, 0x33, 0x76, 0x1A, 0x58, 0xBA, 0x71, 0x4C, 0x37, 0x5F, 0x5E, 0x41, 0xD0, 0x47, 0xFD, 0x04,
    0xE4, 0x88, 0x4B, 0x1A, 0x69, 0x39, 0x16, 0x46, 0x30, 0x7D, 0x0A, 0xF5, 0x9C, 0xE2, 0x0B, 0x77,
    0x6B, 0x57, 0x9B, 0x60, 0x1C, 0x89, 0x06, 0x0E, 0x58, 0xC5, 0x07, 0xAA, 0xC3, 0x74, 0xB7, 0xD0,
    0x1F, 0xB6, 0x5C, 0x68, 0x11, 0xDE, 0x95, 0xAD, 0xD1, 0x7F, 0xFC, 0xB4, 0x1E, 0x8C, 0x4C, 0x74,
    0x71, 0x03, 0x0C, 0x3B, 0xAB, 0x06, 0xDD, 0xC9, 0x3A, 0x98, 0x09, 0x39, 0x8E, 0x66, 0xDD, 0x15,
    0x7F, 0x99, 0x34, 0xA0, 0x7D, 0xC3, 0x1D, 0x13, 0x51, 0x27, 0xE7, 0x8C, 0x97, 0x8D, 0xA0, 0x2C,
    0x5B, 0x41, 0xA1, 0xA9, 0x63, 0xB8, 0xCD, 0xFB, 0x34, 0xA7, 0x36, 0xEE, 0x36, 0xEF, 0xB1, 0xA4,
    0x5C, 0x34, 0xDF, 0xAF, 0xA8, 0x43, 0xE2, 0x7F, 0x99, 0xE9, 0x39, 0xD3, 0xE1, 0x26, 0x0D, 0x74,
    0xCA, 0x55, 0x2A, 0xCA, 0xA3, 0xA9, 0x7D, 0xFB, 0xD3, 0xB0, 0x13, 0x9A, 0x14, 0xAC, 0xAC, 0x20,
    0x7E, 0x1B, 0x93, 0x01, 0x69, 0x88, 0x84, 0xA3, 0x41, 0x46, 0x0E, 0x91, 0x8E, 0xC3, 0x56, 0xFE,
    0x63, 0xB4, 0xB9, 0xC1, 0x2D, 0x54, 0x1A, 0xA8, 0x94, 0xA3, 0x3D, 0x10, 0x95, 0xFF, 0xC7, 0x68,
    0x6B, 0xC1, 0x6E, 0x35, 0xDA, 0x5A, 0x98, 0xB2, 0x99, 0x5B, 0x8D, 0xAB, 0xB5, 0x61, 0xFF, 0xB2,
    0xED, 0x5A, 0xA2, 0xEC, 0x80, 0x25, 0x65, 0x72, 0x2B, 0xCC, 0xD6, 0x56, 0x99, 0xDD, 0x6E, 0xBE,
    0x5C, 0x69, 0x07, 0x57, 0x8D, 0x08, 0xB2, 0x6A, 0x35, 0x8B, 0x0E, 0x66, 0x93, 0x9F, 0x9A, 0x98,
    0x99, 0xF8, 0x04, 0xEE, 0xEB, 0x39, 0xCE, 0x80, 0xCC, 0x5D, 0x26, 0x4F, 0xEA, 0x95, 0x22, 0xA6,
    0x06, 0x96, 0x49, 0x04, 0x3A, 0x21, 0xDA, 0x93, 0x98, 0xEA, 0x23, 0xFE, 0xB5, 0x64, 0xA7, 0x5C,
    0xBD, 0xF5, 0x7A, 0xB0, 0x53, 0xF0, 0x3F, 0xDF, 0x00, 0x73, 0x93, 0x26, 0xEB, 0xC9, 0x81, 0x72,
    0x0D, 0x79, 0x59, 0xAB, 0x02, 0x65, 0xD9, 0x03, 0x19, 0x7B, 0xC5, 0xB0, 0xA3, 0x8A, 0x7D, 0x01,
    0xFF, 0x5B, 0xF8, 0x7D, 0x78, 0xE5, 0xD5, 0x48, 0x79, 0x0A, 0xF8, 0x26, 0x5C, 0xD5, 0x24, 0x38,
    0x75, 0xC8, 0x41, 0x17, 0xFC, 0xAA, 0xE1, 0xDE, 0x20, 0x53, 0xE4, 0xA1, 0x97, 0xD5, 0xE9, 0xA6,
    0x6F, 0xAB, 0xA9, 0x65, 0x57, 0x67, 0x07, 0x4D, 0x2B, 0x75, 0x29, 0x4E, 0xFE, 0x70, 0x92, 0xFF,
    0x06, 0x95, 0x58, 0x4D, 0x6C, 0x24, 0x47, 0x19, 0x7D, 0xDD, 0xE5, 0xDD, 0x5E, 0xD4, 0xEB, 0xAE,
    0x3D, 0x00, 0x5A, 0x09, 0x8F, 0x3B, 0x87, 0x3D, 0xE4, 0x30, 0xF6, 0xE4, 0x30, 0x40, 0x4B, 0xDB,
    0x33, 0x53, 0x10, 0x89, 0x03, 0x39, 0xE0, 0xC3, 0x0E, 0x97, 0x48, 0xC4, 0x77, 0x56, 0x9B, 0x91,
    0xD2, 0x49, 0x2C, 0xF0, 0xC6, 0x2D, 0x71, 0x04, 0xA1, 0x05, 0x89, 0xD3, 0x1E, 0x40, 0xE2, 0x16,
    0x45, 0x72, 0xA3, 0x0C, 0xD2, 0x84, 0x38, 0x71, 0xA1, 0x3D, 0x70, 0x20, 0x24, 0x7D, 0x82, 0xC3,
    0x22, 0x68, 0x69, 0x43, 0x0E, 0x6C, 0x80, 0x42, 0x58, 0x62, 0x62, 0xC6, 0x6E, 0xBE, 0xAF, 0x7A,
    0xFC, 0x13, 0xAF, 0x3D, 0xD3, 0x99, 0xA9, 0xB1, 0x7B, 0xD4, 0xFD, 0xBD, 0xFA, 0xFE, 0xEA, 0xD5,
    0xAB, 0x01, 0x80, 0x70, 0x0F, 0x97, 0xD6, 0xE8, 0x3F, 0x7C, 0x0D, 0xA9, 0xD1, 0xD5, 0xF8, 0x9E,
    0xC6, 0xBF, 0x73, 0x27, 0x2F, 0x84, 0x2E, 0xFC, 0xD4, 0xC8, 0xD2, 0xAC, 0xF6, 0x4D, 0x8C, 0xE1,
    0x10, 0x89, 0x5B, 0xC2, 0xE9, 0xF3, 0xB3, 0xDE, 0x18, 0xE1, 0x1D, 0x5C, 0x91, 0xC0, 0x1D, 0xB4,
    0x0E, 0x31, 0x6C, 0x80, 0x9E, 0xD8, 0x9F, 0xA0, 0xF7, 0x06, 0x70, 0xE5, 0xF3, 0x58, 0x1C, 0xC0,
    0x2F, 0xEA, 0x62, 0xFE, 0x1E, 0x38, 0x00, 0xAE, 0xCD, 0xC4, 0xAC, 0x81, 0x03, 0x14, 0x70, 0x0B,
    0x38, 0xC6, 0x1B, 0x87, 0x77, 0x08, 0xE5, 0x4E, 0xEB, 0x70, 0xD8, 0x30, 0xF1, 0xFE, 0x84, 0xEC,
    0x0B, 0xA7, 0xC0, 0x1E, 0x90, 0x43, 0x68, 0x5C, 0x66, 0xBF, 0xB0, 0x95, 0x8B, 0x8F, 0xF6, 0xA4,
    0x8A, 0x96, 0x81, 0xD8, 0x8E, 0xC8, 0x0E, 0xBA, 0xE8, 0xA0, 0x90, 0xF7, 0xB5, 0x38, 0x04, 0x16,
    0xED, 0xF7, 0x75, 0x1B, 0xEF, 0x04, 0xE1, 0x36, 0xE2, 0x05, 0x9E, 0x26, 0xB3, 0x63, 0xB8, 0x80,
    0xEE, 0x0E, 0x42, 0x8A, 0xD2, 0xA5, 0x1C, 0x6A, 0xDC, 0xB8, 0x57, 0x17, 0x76, 0x04, 0xF1, 0xFE,
    0x3C, 0x4C, 0xBE, 0xAD, 0x80, 0xDA, 0xAE, 0x26, 0x9C, 0xC0, 0x39, 0x98, 0x37, 0xD6, 0xD9, 0xCF,
    0xDA, 0xE1, 0xBB, 0x7F, 0x05, 0xC6, 0xF3, 0x30, 0xD7, 0xEF, 0xE1, 0x66, 0x8A, 0x65, 0x5B, 0xEA,
    0x32, 0x95, 0xCF, 0x1B, 0x89, 0x61, 0x80, 0xA8, 0x81, 0xB8, 0x89, 0x28, 0xE6, 0x31, 0x8C, 0x60,
    0x12, 0x91, 0xBF, 0xB5, 0xAD, 0x4A, 0x46, 0xFB, 0x13, 0x9C, 0x3F, 0xC0, 0x7D, 0xCF, 0xFB, 0x8F,
    0x0E, 0x5F, 0x4C, 0x63, 0xA9, 0x12, 0x1F, 0x19, 0x0D, 0x6B, 0xD6, 0x7D, 0x17, 0xE1, 0x5F, 0xE0,
    0x96, 0x85, 0xF8, 0xE3, 0x44, 0xA4, 0x1D, 0x2F, 0x0D, 0x7C, 0x15, 0xF4, 0xF6, 0x82, 0x70, 0x6D,
    0x39, 0x40, 0x33, 0x40, 0x4C, 0x1D, 0xB1, 0xFA, 0xDD, 0xBC, 0x47, 0xF1, 0x52, 0x29, 0x7B, 0x63,
    0x7C, 0x31, 0x3F, 0xC2, 0x49, 0x13, 0x5F, 0x9D, 0xC1, 0xE1, 0xD7, 0xAE, 0xC6, 0x17, 0x94, 0xF5,
    0xCD, 0xC8, 0xFE, 0x1A, 0x75, 0x56, 0x00, 0x34, 0xC0, 0xDD, 0xD5, 0xB9, 0x35, 0x8D, 0x9A, 0x82,
    0x7A, 0xAB, 0x8F, 0xB2, 0xA4, 0x79, 0x81, 0xFE, 0xA9, 0x78, 0x3D, 0x95, 0x88, 0x74, 0xB7, 0x4C,
    0x7F, 0xDD, 0xC7, 0x00, 0x1C, 0xAF, 0xA4, 0x0E, 0x5A, 0x4F, 0xF1, 0xB2, 0x46, 0xAF, 0x2E, 0xA6,
    0xF3, 0x3B, 0x85, 0x43, 0xDB, 0xDB, 0x33, 0x30, 0x61, 0x21, 0x80, 0x9A, 0x98, 0xFC, 0xE5, 0xDA,
    0x1C, 0x3F, 0x6B, 0xE1, 0xB4, 0xC1, 0x6B, 0x62, 0x07, 0xE2, 0x09, 0x1C, 0x2A, 0x71, 0xB4, 0x84,
    0x70, 0x0C, 0x91, 0xC2, 0xA3, 0x89, 0xF4, 0x99, 0x42, 0xD7, 0x08, 0xFC, 0xA1, 0xC2, 0xE6, 0xBC,
    0x64, 0x3A, 0x0A, 0xB2, 0xC0, 0xF5, 0xA7, 0x6C, 0xA5, 0x72, 0xF1, 0x77, 0x6A, 0xC8, 0xF8, 0xA4,
    0x21, 0xE5, 0x24, 0xBA, 0xB4, 0x11, 0x63, 0xA3, 0x83, 0x3D, 0x79, 0xDF, 0x88, 0x83, 0x01, 0x42,
    0xE0, 0x4D, 0x72, 0x05, 0xCE, 0x41, 0xE6, 0x3D, 0x2C, 0xA4, 0xC8, 0x1B, 0xAE, 0x6E, 0xDA, 0xD1,
    0x10, 0xA9, 0xDC, 0x56, 0xE2, 0x7F, 0xE4, 0x1C, 0x3A, 0xAB, 0xEC, 0xB9, 0x83, 0x23, 0x22, 0x92,
    0x45, 0x5D, 0xFC, 0x5F, 0xD9, 0xCA, 0x2E, 0xD4, 0xC6, 0xA7, 0x17, 0x25, 0xA8, 0x7A, 0xD5, 0xC1,
    0xA7, 0x7C, 0x2D, 0xE0, 0x33, 0xF8, 0x5F, 0x07, 0x53, 0x31, 0xED, 0x11, 0xBB, 0x09, 0x3D, 0x75,
    0x04, 0x5E, 0xCA, 0x13, 0x5D, 0xB5, 0xA3, 0xFE, 0x5C, 0xA7, 0x48, 0xCC, 0x47, 0x20, 0xD1, 0x90,
    0x76, 0xC5, 0x2D, 0x23, 0x6E, 0x95, 0xE3, 0x4E, 0x7F, 0x18, 0x23, 0xE3, 0x85, 0x0C, 0x93, 0xA1,
    0x30, 0x4E, 0xEE, 0x52, 0xE9, 0x72, 0x66, 0x14, 0xFB, 0x3C, 0xAA, 0x66, 0x58, 0x3E, 0x44, 0xEB,
    0xE7, 0x58, 0xF1, 0x10, 0xFB, 0x88, 0x7C, 0x24, 0x12, 0x59, 0x80, 0x6C, 0x11, 0x66, 0x89, 0xC8,
    0x4C, 0x82, 0x16, 0x33, 0x7A, 0x65, 0x99, 0x86, 0xFD, 0xD7, 0xE8, 0xE9, 0x18, 0x61, 0x39, 0xC1,
    0x4A, 0x7F, 0x44, 0x57, 0x09, 0x7D, 0x32, 0xEA, 0x1F, 0x43, 0x57, 0x86, 0xAE, 0x28, 0x1C, 0x85,
    0xDE, 0x04, 0xFE, 0x1A, 0xE4, 0x2E, 0xE4, 0xE3, 0x54, 0x0A, 0x76, 0xBB, 0x29, 0x52, 0x6A, 0x24,
    0x42, 0x6E, 0x4B, 0x0C, 0xEC, 0x92, 0x11, 0x8F, 0xE0, 0x6F, 0x61, 0x61, 0x01, 0x72, 0x82, 0xCB,
    0x1F, 0xC2, 0xD5, 0x9C, 0x07, 0x1E, 0x29, 0xD3, 0x67, 0xE5, 0x18, 0x8D, 0x17, 0x14, 0x4A, 0xDA,
    0x3D, 0x9E, 0x79, 0xDB, 0x28, 0xD5, 0xA3, 0x36, 0x0A, 0x88, 0xDA, 0x97, 0xD0, 0xA4, 0x59, 0x23,
    0x5E, 0x05, 0x10, 0x87, 0xCE, 0x2D, 0x7A, 0x70, 0x72, 0xF9, 0x43, 0x57, 0x0B, 0x7E, 0xA7, 0x9E,
    0xF2, 0xC9, 0x50, 0x92, 0x65, 0xA9, 0x7B, 0x05, 0x73, 0xC8, 0x93, 0x76, 0xAE, 0x2B, 0x7E, 0xEC,
    0x4C, 0x2E, 0xB6, 0x8B, 0x4C, 0x4B, 0x9F, 0x67, 0x77, 0xD1, 0xF3, 0x6D, 0x5A, 0x8E, 0x3B, 0x5C,
    0x4E, 0xC3, 0xA1, 0x49, 0xED, 0xD1, 0x7D, 0xA1, 0x3C, 0xF0, 0x13, 0x01, 0x55, 0x73, 0x40, 0xF7,
    0x47, 0x7C, 0x2B, 0xB3, 0xF7, 0x2F, 0xF2, 0x36, 0x0C, 0x16, 0x97, 0x9A, 0x71, 0xD4, 0xA6, 0x94,
    0x34, 0x28, 0x27, 0x54, 0x71, 0xC4, 0xA2, 0xFA, 0x44, 0x94, 0x97, 0x84, 0x12, 0x43, 0x4C, 0x09,
    0x23, 0x85, 0xA2, 0xCF, 0xD7, 0x8A, 0x17, 0x9E, 0x7D, 0xAC, 0xCB, 0xDF, 0x1E, 0x42, 0xFC, 0x40,
    0x8B, 0x07, 0xD3, 0x2E, 0xEA, 0xF9, 0x08, 0x6D, 0x1B, 0x2C, 0x06, 0x58, 0x5A, 0x44, 0x73, 0x69,
    0xCA, 0xE7, 0xED, 0x88, 0x69, 0xE3, 0xB2, 0xE1, 0xE2, 0x03, 0x4F, 0x81, 0xC2, 0x77, 0x3F, 0x67,
    0x2D, 0xA8, 0x09, 0xF3, 0x27, 0xF3, 0x4F, 0x85, 0xA2, 0x2D, 0x86, 0x97, 0x3B, 0xC5, 0xB4, 0x0A,
    0x3C, 0xB2, 0xCB, 0xC5, 0x82, 0x30, 0x0F, 0x50, 0x20, 0x86, 0x4D, 0x4F, 0x5B, 0x7F, 0x29, 0xC5,
    0x2E, 0xF7, 0xD4, 0x8E, 0x74, 0x0B, 0xE9, 0xA7, 0xC1, 0x2A, 0x1A, 0x23, 0xB4, 0x0C, 0x7A, 0x23,
    0x74, 0x62, 0x46, 0xE3, 0xB6, 0xF2, 0x52, 0x63, 0x1B, 0xBE, 0x32, 0x91, 0x98, 0xB6, 0x61, 0x50,
    0x71, 0x12, 0xB5, 0x6E, 0x8C, 0x26, 0x99, 0x68, 0x1E, 0x77, 0x73, 0x64, 0xD4, 0x54, 0x09, 0xAB,
    0x09, 0xEA, 0x74, 0x61, 0x9F, 0x5C, 0xB5, 0x26, 0x33, 0x9E, 0xA4, 0xE0, 0xC8, 0x37, 0x47, 0x9D,
    0x34, 0xF8, 0x31, 0xE1, 0x35, 0x4F, 0xED, 0x99, 0x44, 0x78, 0xBF, 0x79, 0xDD, 0xB2, 0xE9, 0x35,
    0xA7, 0xA0, 0x45, 0xC1, 0x8B, 0x87, 0xDE, 0x0D, 0x7A, 0xA8, 0x2A, 0x77, 0x42, 0x41, 0x8E, 0x88,
    0x0A, 0xEB, 0x60, 0x9C, 0xF1, 0xCE, 0xE5, 0xFA, 0xDB, 0xDA, 0x56, 0x1D, 0xC0, 0xA0, 0xB4, 0x5E,
    0x89, 0x43, 0xAE, 0xD2, 0x15, 0x77, 0x82, 0xEF, 0x68, 0xAA, 0xA2, 0x14, 0xB3, 0x40, 0xFD, 0x67,
    0x82, 0x2C, 0xD0, 0xF3, 0x1D, 0x8A, 0x11, 0xC7, 0x4F, 0xD8, 0x9E, 0x04, 0x63, 0x62, 0x73, 0x62,
    0x4B, 0xE5, 0x9D, 0x56, 0xF8, 0x2A, 0xE4, 0x88, 0x95, 0xD9, 0x6B, 0x56, 0xC3, 0x55, 0x0E, 0x74,
    0x5F, 0x57, 0xBD, 0x32, 0x3D, 0xF2, 0x3A, 0x48, 0x5B, 0x6A, 0x87, 0xFA, 0x9A, 0x3B, 0x7F, 0x83,
    0xD4, 0x05, 0xB0, 0x66, 0x8B, 0x5D, 0xA9, 0xC3, 0x40, 0xE6, 0x0D, 0x69, 0x9A, 0x41, 0x16, 0x37,
    0x92, 0xB8, 0x19, 0x45, 0x71, 0x9C, 0xC4, 0x4B, 0x59, 0x14, 0x98, 0x44, 0x9A, 0xCC, 0x2F, 0x8C,
    0xC8, 0x39, 0x2B, 0xD2, 0xE2, 0x02, 0x4B, 0xC7, 0x04, 0xE3, 0xA1, 0xA2, 0x81, 0x63, 0x82, 0xA9,
    0x05, 0x45, 0x74, 0xA8, 0xB9, 0x67, 0xA4, 0x9A, 0x83, 0xC6, 0x34, 0x6A, 0x07, 0x45, 0xC4, 0x1B,
    0x54, 0x50, 0x30, 0xAD, 0xD6, 0x74, 0xF8, 0xF1, 0x74, 0xEB, 0x9B, 0x81, 0x9F, 0xD9, 0xF6, 0xE7,
    0xF1, 0xB0, 0x70, 0x3E, 0xD9, 0x73, 0x8B, 0xB6, 0xAB, 0xDB, 0x42, 0x0F, 0x44, 0x9A, 0xD1, 0xAA,
    0xF4, 0x50, 0xF8, 0xC8, 0x6B, 0xCD, 0x45, 0xC1, 0xD0, 0xEE, 0x1C, 0xAA, 0x59, 0xB1, 0x50, 0x0C,
    0x1B, 0x70, 0x2D, 0xA9, 0xF0, 0x42, 0xAA, 0xC4, 0x3E, 0x09, 0xC0, 0xFD, 0xB1, 0xDD, 0x5B, 0x1A,
    0x31, 0x02, 0x1A, 0x11, 0x1A, 0x91, 0xED, 0x82, 0x15, 0xA2, 0x86, 0xFB, 0x39, 0x0B, 0xC0, 0xD3,
    0x82, 0xE8, 0xC5, 0x6A, 0x0F, 0x57, 0x99, 0xC7, 0x3A, 0x6B, 0x20, 0xED, 0xA2, 0x2E, 0x6C, 0x72,
    0xE8, 0x9F, 0x83, 0x9A, 0x98, 0x9F, 0x12, 0x44, 0x17, 0x61, 0x8A, 0xDB, 0x08, 0xCC, 0x89, 0xF8,
    0x9D, 0x87, 0x89, 0xAF, 0x68, 0xCE, 0x39, 0xE6, 0xB9, 0xBA, 0xF5, 0xA8, 0x1C, 0x8B, 0xFD, 0xF2,
    0x67, 0x6B, 0x92, 0x36, 0x01, 0x92, 0x32, 0x21, 0x77, 0x95, 0x6D, 0x2D, 0x59, 0x52, 0x7B, 0x2E,
    0xF7, 0xE9, 0x8F, 0xED, 0x60, 0xAB, 0x82, 0x99, 0xD8, 0xEF, 0x1F, 0xF4, 0x69, 0x6F, 0xE8, 0x95,
    0x4A, 0x8C, 0x5B, 0x79, 0xB8, 0xBD, 0x6F, 0x62, 0x4F, 0x47, 0x24, 0x64, 0xA2, 0xCC, 0x2B, 0xC7,
    0x99, 0xDF, 0x5F, 0xCB, 0xA8, 0x93, 0xBA, 0xBB, 0x1F, 0xE5, 0xB2, 0x28, 0x15, 0x93, 0x85, 0xAF,
    0x70, 0xE5, 0x58, 0x0B, 0x17, 0x12, 0x26, 0x80, 0x21, 0xD1, 0xBA, 0xE2, 0xE5, 0x04, 0xD2, 0x19,
    0x31, 0x85, 0x26, 0xCB, 0xAC, 0x52, 0x0D, 0xB5, 0xD3, 0x35, 0x0C, 0x69, 0x21, 0x60, 0x69, 0xAF,
    0x95, 0xAF, 0x4E, 0xB7, 0x86, 0x8C, 0xDE, 0xA6, 0x9E, 0x75, 0x45, 0x7E, 0xE9, 0x94, 0xFC, 0x9C,
    0x0F, 0x94, 0x7B, 0xC0, 0xC7, 0x9F, 0x8A, 0x7C, 0x85, 0xDD, 0xFC, 0xAA, 0x25, 0xBE, 0x60, 0x0F,
    0x32, 0x0D, 0x6E, 0x02, 0xFB, 0x22, 0x09, 0xFB, 0x29, 0xC9, 0x3E, 0x67, 0x22, 0x7F, 0x53, 0x14,
    0xE7, 0x39, 0xC9, 0x73, 0x10, 0xFA, 0x75, 0xCB, 0x54, 0x87, 0x94, 0x2B, 0xBD, 0xE2, 0xA4, 0x94,
    0xBE, 0x90, 0xA6, 0x26, 0xA1, 0xBF, 0xAB, 0xD8, 0x15, 0x57, 0x47, 0x42, 0xF7, 0xB6, 0x95, 0x4F,
    0xE4, 0xF0, 0x34, 0x86, 0x20, 0xB7, 0xA5, 0xE9, 0xEE, 0xB4, 0xD1, 0x85, 0x6F, 0xB0, 0xB9, 0x1E,
    0xBF, 0x33, 0x6A, 0x15, 0x9C, 0xB2, 0x2D, 0xE0, 0xA7, 0xAA, 0x26, 0x92, 0x63, 0xFC, 0xDB, 0xE7,
    0xE1, 0xD4, 0xB1, 0xA5, 0x0C, 0xD1, 0x4A, 0xF0, 0xF2, 0x73, 0xCC, 0xFD, 0xD4, 0x4F, 0x5B, 0xC0,
    0x4F, 0x52, 0x76, 0xA6, 0x76, 0x58, 0xDE, 0x6D, 0xC7, 0x9C, 0xE7, 0xCC, 0x6E, 0x99, 0x7F, 0xFB,
    0x6F, 0xEA, 0xBC, 0x3D, 0xF1, 0x84, 0x76, 0xA9, 0x06, 0x34, 0xE1, 0x5D, 0x9A, 0x29, 0x75, 0xB4,
    0xAB, 0xE5, 0x9E, 0x97, 0x1F, 0xED, 0xE5, 0x01, 0x71, 0x94, 0xD4, 0x21, 0xDD, 0xEF, 0xC0, 0xFD,
    0x06, 0x9C, 0x7F, 0xD0, 0xA1, 0xCB, 0xCA, 0xCC, 0x1A, 0xB0, 0xB4, 0x3D, 0x3C, 0xED, 0x0D, 0x7C,
    0xF4, 0xF2, 0x50, 0x55, 0xEC, 0xCD, 0x75, 0xEB, 0x90, 0x12, 0x39, 0x63, 0xDD, 0xA2, 0x83, 0xC2,
    0xBD, 0xB3, 0xD6, 0x3C, 0x7F, 0x65, 0x59, 0xEA, 0xBB, 0xC7, 0x96, 0xDC, 0x62, 0x24, 0xA1, 0x2C,
    0x1D, 0x58, 0x25, 0x90, 0x9C, 0x11, 0x84, 0xC6, 0xD5, 0xB4, 0x25, 0x1B, 0x5F, 0xBD, 0xBB, 0x8B,
    0x96, 0x3D, 0x36, 0x8A, 0x52, 0xB1, 0xAA, 0xA2, 0xDE, 0x61, 0xE5, 0xA6, 0x2A, 0x62, 0x8A, 0x24,
    0x92, 0x00, 0x83, 0x15, 0x74, 0x26, 0x68, 0x7D, 0x6C, 0xFB, 0xF1, 0xB3, 0xC0, 0x8A, 0xA3, 0xDF,
    0x1F, 0x66, 0x61, 0x52, 0x05, 0x77, 0x55, 0xA5, 0xB4, 0xEB, 0x60, 0x1E, 0xFF, 0xFE, 0x30, 0xC7,
    0x4F, 0x2A, 0xD5, 0xAB, 0x0A, 0x2F, 0x29, 0xCE, 0xC6, 0x42, 0xDD, 0x24, 0xB0, 0xA0, 0xFB, 0x27,
    0xF0, 0xBE, 0xBD, 0x98, 0xED, 0x76, 0x33, 0xC7, 0xDB, 0xD3, 0xD3, 0x44, 0x2D, 0xF0, 0x97, 0x52,
    0xE7, 0x5F, 0x53, 0x92, 0x9C, 0x01, 0x3B, 0x13, 0x2A, 0x7D, 0xC7, 0x42, 0xF9, 0x96, 0x21, 0x88,
    0xCA, 0x2E, 0xC4, 0x79, 0x03, 0xF8, 0x05, 0x9F, 0x32, 0xF8, 0xC0, 0xC8, 0x2A, 0x87, 0xE5, 0x5F,
    0x25, 0xFE, 0x2D, 0x4B, 0x0C, 0x43, 0xA7, 0x18, 0xF6, 0x84, 0x1E, 0xDE, 0x14, 0x3A, 0x79, 0xF3,
    0x39, 0x95, 0x3C, 0xFA, 0x16, 0x5E, 0x7E, 0xF0, 0x1D, 0xBC, 0xFA, 0x60, 0x13, 0xDF, 0x7F, 0x76,
    0x84, 0x9E, 0x30, 0xE8, 0xD2, 0x27, 0xE6, 0x3D, 0x98, 0xC4, 0xCD, 0x2F, 0x39, 0xCE, 0x24, 0x0E,
    0xDA, 0x9B, 0xCD, 0xF6, 0xC7, 0xD1, 0x97, 0xDF, 0xCB, 0xBE, 0xFA, 0xA3, 0xE2, 0x66, 0xA0, 0x7B,
    0x52, 0x77, 0x88, 0xEA, 0xE5, 0x91, 0xB2, 0xFC, 0x26, 0xE3, 0x93, 0xD3, 0xB4, 0xD8, 0x62, 0x5F,
    0x35, 0x97, 0x99, 0xFF, 0x49, 0x48, 0xFA, 0x39, 0x6F, 0xC6, 0xA7, 0xDB, 0x96, 0xA9, 0xFC, 0x15,
    0x6D, 0x7F, 0x33, 0x31, 0xE2, 0xEB, 0x39, 0x2B, 0xD9, 0x1F, 0x2A, 0xF1, 0x01, 0xDC, 0x3F, 0xC3,
    0x9D, 0x80, 0x17, 0xA8, 0xE1, 0x9D, 0x9F, 0xA4, 0x65, 0xAF, 0x3A, 0xB5, 0x3D, 0x37, 0x4D, 0x5C,
    0x2D, 0x70, 0x6A, 0x0D, 0x0A, 0x9D, 0xC3, 0xA6, 0xFE, 0x3B, 0x74, 0xFA, 0x77, 0xF9, 0x77, 0x11,
    0x22, 0x45, 0x5F, 0x73, 0x4F, 0x6C, 0x32, 0xBE, 0x67, 0x45, 0x68, 0xB7, 0xBF, 0xB6, 0x55, 0x16,
    0x2C, 0x6D, 0xFC, 0x4A, 0x39, 0x10, 0xC1, 0xEA, 0x4B, 0xCF, 0x5B, 0xB2, 0xDD, 0x60, 0x1F, 0x2A,
    0xAD, 0xDA, 0xBD, 0x85, 0xAD, 0x83, 0xCA, 0x8F, 0xA9, 0xDC, 0xAE, 0x05, 0xDB, 0x9C, 0x9E, 0x1E,
    0x67, 0x61, 0x5E, 0xBF, 0xC1, 0x31, 0x58, 0xD8, 0x5A, 0x98, 0xFF, 0x4D, 0xAD, 0x22, 0x9B, 0xED,
    0xA7, 0x4B, 0x42, 0x83, 0x4F, 0x21, 0x3D, 0xBA, 0x7F, 0xFA, 0x1C, 0x33, 0xC0, 0xFF, 0x01, 0xAD,
    0x55, 0x41, 0x8B, 0x23, 0x45, 0x14, 0xFE, 0x3A, 0xB5, 0x6B, 0x2F, 0xF4, 0x4E, 0x97, 0x07, 0x17,
    0x06, 0x4C, 0x27, 0x7B, 0xD8, 0x63, 0x67, 0xFA, 0x12, 0xB0, 0x0F, 0x9D, 0xA4, 0xC1, 0xBB, 0xCC,
    0xC1, 0xE8, 0x61, 0x10, 0xF6, 0x17, 0xCC, 0x8E, 0xD0, 0xE0, 0x20, 0x03, 0xD3, 0xAE, 0xBF, 0xC0,
    0xF3, 0x1C, 0xD6, 0xB3, 0x08, 0xC9, 0x21, 0xE0, 0xAC, 0x8E, 0x93, 0xC2, 0x8B, 0xD7, 0x06, 0x6F,
    0x2A, 0x6B, 0x7B, 0x58, 0x0F, 0xAE, 0x4A, 0xAD, 0x8C, 0x1A, 0x66, 0x67, 0xD2, 0x7E, 0xAF, 0x92,
    0x51, 0xF0, 0xA0, 0x28, 0x86, 0xAA, 0x4A, 0x27, 0xBC, 0xF7, 0xBD, 0x57, 0xDF, 0xFB, 0xDE, 0x6B,
    0x00, 0x06, 0x68, 0x19, 0xCC, 0x9B, 0x5C, 0x7D, 0xB7, 0x80, 0x46, 0x86, 0x1E, 0x62, 0x77, 0xEE,
    0xF3, 0x7B, 0xE6, 0x76, 0xC6, 0xE7, 0x02, 0x99, 0x67, 0x91, 0x1C, 0x19, 0xF8, 0x97, 0xE0, 0xE7,
    0x05, 0x20, 0x6D, 0x35, 0x56, 0x4F, 0xF2, 0xCC, 0xCF, 0x0B, 0x55, 0x4E, 0xB9, 0x02, 0xCC, 0x34,
    0x86, 0x27, 0xD0, 0xB5, 0x58, 0xD4, 0x02, 0x1C, 0x22, 0x29, 0x43, 0x02, 0x44, 0xDC, 0x31, 0x52,
    0x9E, 0x04, 0xC2, 0x94, 0x4F, 0xB2, 0x2D, 0x77, 0x8D, 0x4C, 0x19, 0x8C, 0x26, 0x25, 0x02, 0x07,
    0xBC, 0x49, 0xE0, 0xB6, 0xB2, 0xB1, 0x5F, 0x66, 0x01, 0x52, 0x2E, 0x8D, 0x7E, 0x88, 0x22, 0x42,
    0x7A, 0x80, 0xE4, 0x6B, 0xB1, 0xC0, 0xFD, 0x52, 0xCE, 0x4F, 0xDC, 0x73, 0x86, 0xD5, 0x27, 0x68,
    0xCA, 0x84, 0xE9, 0xEC, 0xD8, 0x5B, 0xAF, 0xD7, 0x9A, 0x39, 0x07, 0x0C, 0x9D, 0x22, 0x71, 0x81,
    0x0F, 0x24, 0x34, 0xB3, 0xCF, 0x90, 0x32, 0x54, 0xC6, 0x2C, 0x73, 0x09, 0x3E, 0x00, 0x0A, 0x55,
    0x9D, 0x01, 0x0F, 0x27, 0x2F, 0xFF, 0x32, 0x46, 0xB3, 0x50, 0x4D, 0x23, 0x38, 0xC1, 0x31, 0x61,
    0x5A, 0x95, 0xA0, 0x80, 0x20, 0x87, 0x17, 0xC4, 0xB8, 0x75, 0x22, 0xD9, 0x5B, 0x87, 0x20, 0x00,
    0xAB, 0x1F, 0x74, 0xB7, 0xE2, 0xFD, 0x78, 0x5B, 0x9C, 0x79, 0xE1, 0xEA, 0x23, 0x03, 0xCF, 0xF4,
    0x1C, 0xA5, 0xF0, 0x7F, 0xFB, 0xBC, 0x31, 0xDD, 0x7B, 0xEF, 0xEC, 0x98, 0x4C, 0xE7, 0x1A, 0x45,
    0x20, 0x37, 0x0F, 0x78, 0xE9, 0xA9, 0x66, 0x1A, 0xD3, 0x50, 0x03, 0x83, 0xD3, 0xE1, 0x18, 0xDD,
    0x47, 0xA3, 0x25, 0x02, 0x61, 0x8C, 0xFF, 0x78, 0x8C, 0xEB, 0x78, 0x83, 0x32, 0x91, 0x1C, 0x31,
    0x8F, 0x92, 0xB7, 0xF4, 0x73, 0x1E, 0xA4, 0x03, 0x7D, 0x42, 0x21, 0x0D, 0x59, 0x32, 0x52, 0xDD,
    0x34, 0xDA, 0x42, 0xBC, 0x02, 0x78, 0xE2, 0x0E, 0xD9, 0x21, 0x3D, 0x22, 0xEE, 0x18, 0x3E, 0x43,
    0x4A, 0x58, 0xC9, 0x97, 0x24, 0x72, 0x7F, 0xFC, 0x41, 0x44, 0xA7, 0x78, 0xC5, 0x9C, 0x77, 0x4C,
    0x48, 0x2B, 0x51, 0x02, 0x25, 0x21, 0xB9, 0xA2, 0x00, 0xB1, 0x46, 0xCC, 0x9A, 0x6D, 0xB0, 0x0E,
    0x28, 0x62, 0x4C, 0x33, 0x1C, 0xA7, 0x38, 0xE8, 0x03, 0x7B, 0x78, 0xCE, 0x42, 0x57, 0x8E, 0xDB,
    0x80, 0x0F, 0x11, 0x71, 0xB5, 0x8D, 0xE9, 0x16, 0xD2, 0xA8, 0x83, 0xA8, 0x70, 0xEA, 0x49, 0x53,
    0x51, 0x50, 0x26, 0x85, 0xCE, 0xDA, 0x52, 0xE6, 0x34, 0x7C, 0x6A, 0x0A, 0x14, 0xFA, 0x67, 0xC3,
    0xBB, 0x07, 0xDF, 0xFE, 0x5A, 0xC3, 0xAA, 0x6A, 0xEE, 0x8A, 0xA8, 0x05, 0x4C, 0x3B, 0x2C, 0x07,
    0x25, 0x48, 0x6D, 0x01, 0x8A, 0x05, 0x27, 0x13, 0x98, 0x54, 0x50, 0xFA, 0x04, 0xB1, 0x7B, 0xC4,
    0xB0, 0x53, 0x42, 0xD4, 0x56, 0x10, 0x9C, 0xCA, 0x2A, 0xEE, 0x17, 0x49, 0x36, 0x46, 0xF9, 0x5A,
    0x74, 0x5E, 0xBD, 0x96, 0x04, 0xDA, 0x4B, 0x65, 0x92, 0x07, 0xAA, 0xEC, 0xF9, 0x8A, 0x2A, 0xF5,
    0xA9, 0xA6, 0x80, 0xEC, 0x69, 0x52, 0x1F, 0x62, 0xBA, 0xB1, 0x01, 0xDB, 0x6E, 0xD3, 0x8A, 0x41,
    0xBD, 0x13, 0xF2, 0x4B, 0x1E, 0x36, 0xEF, 0x30, 0x09, 0xB2, 0xE1, 0x04, 0x65, 0xA0, 0x0D, 0x86,
    0x06, 0x6F, 0x1B, 0x3C, 0xAD, 0xBC, 0xAA, 0x56, 0xA6, 0x0E, 0x4A, 0xAB, 0x1B, 0xBB, 0x35, 0x66,
    0xE9, 0x67, 0x33, 0x14, 0xAD, 0x6F, 0x80, 0x63, 0xB1, 0xF5, 0x17, 0xE8, 0xEE, 0xE2, 0x06, 0xB9,
    0xDF, 0x45, 0xB2, 0xC4, 0x2C, 0x12, 0x71, 0x9C, 0x5F, 0x60, 0xF4, 0x21, 0xF0, 0x5E, 0x89, 0x43,
    0xA7, 0x6A, 0x89, 0xC4, 0x1B, 0x91, 0xA3, 0x29, 0xC5, 0x53, 0x80, 0x37, 0xA9, 0xAD, 0x57, 0xD9,
    0x96, 0xB1, 0xCA, 0xD8, 0x20, 0x3F, 0x9D, 0x23, 0x59, 0xE0, 0x0F, 0xCC, 0x36, 0xEB, 0x27, 0x69,
    0xAF, 0x7B, 0xA0, 0x08, 0xB1, 0xD7, 0xC3, 0xE0, 0x02, 0xC9, 0x0F, 0x57, 0x79, 0xFA, 0x8E, 0xC1,
    0x79, 0xA5, 0xBE, 0x3F, 0xD3, 0x79, 0xD6, 0x71, 0x15, 0xE5, 0x4A, 0xF5, 0x45, 0x7A, 0x7D, 0x9F,
    0x3D, 0x3B, 0xC0, 0x99, 0x3E, 0xB2, 0xEA, 0x72, 0x0F, 0x6F, 0x19, 0x6C, 0x89, 0xAD, 0x77, 0x39,
    0xF5, 0xBF, 0xAA, 0xB5, 0xAA, 0xA2, 0x96, 0x89, 0xDD, 0x8A, 0x54, 0xC9, 0x16, 0x56, 0xCF, 0x44,
    0x5A, 0x83, 0x2D, 0x74, 0x17, 0xF0, 0x68, 0x77, 0x58, 0xA9, 0xF3, 0x85, 0xC3, 0x8C, 0x32, 0x84,
    0x5C, 0x29, 0x22, 0x16, 0x95, 0xE5, 0x18, 0xC0, 0xEA, 0x23, 0xA3, 0x96, 0xC2, 0xB4, 0x10, 0x7D,
    0x06, 0xFF, 0x02, 0xDD, 0x09, 0xDC, 0x10, 0xC8, 0xA7, 0x7E, 0x4E, 0x81, 0x4F, 0x35, 0x06, 0x07,
    0xE8, 0x32, 0xC1, 0x5C, 0x14, 0xA5, 0xCB, 0xFF, 0xB3, 0x39, 0x89, 0xB7, 0x63, 0x45, 0x37, 0xFF,
    0xA1, 0x39, 0x85, 0x01, 0xA9, 0xED, 0xBF, 0x6E, 0x4E, 0xE0, 0x79, 0x48, 0xC0, 0x72, 0x2D, 0x8C,
    0xB0, 0xC6, 0xCD, 0xF7, 0x45, 0x1E, 0xFF, 0xA4, 0x10, 0x61, 0x33, 0xC8, 0x71, 0xC3, 0xC9, 0x91,
    0x22, 0xFB, 0x09, 0xF8, 0xD2, 0x3D, 0xFC, 0xBD, 0x66, 0x80, 0xEB, 0x72, 0x74, 0xE4, 0xB8, 0x7D,
    0xA5, 0x66, 0xE2, 0x52, 0xE5, 0xE3, 0x6D, 0x96, 0x5C, 0xEE, 0xF0, 0x48, 0x30, 0xDE, 0x10, 0x2B,
    0x7A, 0xB3, 0x30, 0xAF, 0x42, 0x00, 0xA0, 0x9A, 0x05, 0x4D, 0xC7, 0x4C, 0xB6, 0x87, 0x87, 0x63,
    0x4A, 0x89, 0xB4, 0x49, 0xE7, 0xBA, 0x6A, 0xB5, 0x5C, 0x8F, 0x30, 0xF4, 0xBC, 0xD4, 0xF7, 0x9E,
    0x54, 0x9B, 0x3A, 0x67, 0x3F, 0x63, 0xDA, 0x6D, 0x1A, 0x7B, 0xBA, 0x3B, 0xDE, 0xB6, 0x43, 0xE0,
    0xFC, 0xD9, 0x51, 0x39, 0xBA, 0xBF, 0x5C, 0xCF, 0x6F, 0x52, 0xD6, 0x5A, 0x87, 0x3F, 0xFC, 0x02,
    0xEA, 0xFC, 0x12, 0x54, 0x05, 0xF3, 0xFA, 0x91, 0x43, 0xFB, 0x15, 0x8E, 0x08, 0x56, 0xA0, 0xCF,
    0xC9, 0x5C, 0xC5, 0x6C, 0xBF, 0x0C, 0x14, 0x07, 0x0E, 0x8F, 0x2A, 0xBC, 0x2B, 0xEE, 0xAD, 0xF2,
    0xCF, 0x9B, 0x2F, 0xF7, 0xFC, 0x27, 0x46, 0xFB, 0x55, 0x14, 0x55, 0xF1, 0x9B, 0x55, 0xEF, 0x33,
    0x93, 0xB0, 0x31, 0x27, 0x78, 0x89, 0x72, 0x5F, 0x82, 0x7A, 0xEA, 0x79, 0x9C, 0x55, 0xE8, 0xE6,
    0x08, 0x98, 0xFC, 0x3C, 0x97, 0x0E, 0x6C, 0x19, 0x16, 0x73, 0x34, 0xC9, 0xE5, 0xA5, 0x90, 0xCB,
    0x5B, 0x8A, 0x45, 0x0B, 0x56, 0x23, 0xC3, 0x0E, 0x4F, 0xFA, 0x18, 0xCA, 0xE0, 0x3A, 0xB8, 0x9B,
    0x7D, 0x7A, 0x9C, 0xD4, 0x1E, 0xE7, 0x1C, 0xE5, 0x2B, 0xCD, 0xD0, 0x54, 0xAF, 0x3D, 0xCE, 0xBD,
    0x4A, 0xAC, 0xD5, 0x6A, 0x95, 0x22, 0xC3, 0xC0, 0x0D, 0x46, 0xED, 0x26, 0xDC, 0x35, 0xE0, 0xA6,
    0xEB, 0x7A, 0xD7, 0x66, 0x1C, 0x9D, 0x2D, 0xA3, 0xCF, 0xFC, 0x4A, 0x95, 0x7E, 0xCE, 0xA1, 0x46,
    0x0B, 0xEA, 0xC1, 0x5C, 0xC3, 0x06, 0xD5, 0xB9, 0x2F, 0x06, 0x77, 0xEE, 0xA2, 0x53, 0xC9, 0x5D,
    0xA4, 0x47, 0xA8, 0x8B, 0x68, 0x35, 0x1E, 0x3B, 0xC8, 0x92, 0x66, 0x31, 0x18, 0xCF, 0xFE, 0xD2,
    0xCF, 0x9B, 0xB7, 0x45, 0x1E, 0xAB, 0x54, 0x83, 0xAB, 0x98, 0x9D, 0x25, 0x92, 0x07, 0xE8, 0x71,
    0x1C, 0xBB, 0x77, 0x5A, 0x21, 0x33, 0x88, 0x23, 0x88, 0x13, 0x08, 0xBF, 0x03, 0x73, 0x78, 0x60,
    0xC0, 0xC8, 0x67, 0xC1, 0xDD, 0x60, 0xFB, 0x80, 0x81, 0x41, 0x5F, 0xC3, 0xEC, 0x0B, 0x03, 0x10,
    0xD8, 0x3F, 0x10, 0x75, 0x78, 0xD4, 0xB0, 0x9F, 0x81, 0x85, 0x81, 0xC1, 0x02, 0xC8, 0xDD, 0xF0,
    0x01, 0x48, 0xFC, 0xA8, 0x30, 0x61, 0x60, 0xA8, 0x79, 0x77, 0x6B, 0x2F, 0x90, 0x2D, 0xFB, 0xA0,
    0x1C, 0xA8, 0x9E, 0xDF, 0x81, 0x81, 0x81, 0xE9, 0x00, 0x73, 0xC3, 0x7F, 0x86, 0x10, 0x06, 0x06,
    0x1B, 0x1B, 0x2E, 0x6E, 0x3E, 0x1B, 0x06, 0x06, 0x15, 0xDB, 0x3F, 0x02, 0x2A, 0x5B, 0xF6, 0x30,
    0x00, 0x00, 0xA5, 0x97, 0xC1, 0x6B, 0x1B, 0x47, 0x14, 0xC6, 0xBF, 0xDD, 0x89, 0xB3, 0x6E, 0xB7,
    0xD6, 0xA6, 0xE0, 0x82, 0x21, 0x52, 0xEC, 0x63, 0xA0, 0x8A, 0xD5, 0x83, 0x0F, 0x7B, 0x58, 0x5B,
    0x43, 0x29, 0xB4, 0xA7, 0xE2, 0x43, 0x7C, 0x6E, 0xFB, 0x0F, 0xB8, 0x3E, 0x08, 0x1A, 0x4A, 0x82,
    0x17, 0x72, 0x29, 0x84, 0x42, 0xEF, 0xB9, 0xA4, 0xF7, 0x82, 0x75, 0x50, 0xA1, 0x85, 0xB4, 0xDE,
    0x5B, 0xA1, 0x85, 0x66, 0xEF, 0x0D, 0x64, 0x0F, 0xA1, 0x97, 0xF4, 0x30, 0x6D, 0x4D, 0x11, 0x46,
    0xB1, 0xFA, 0xBD, 0xD9, 0x95, 0x62, 0x12, 0xCB, 0x9A, 0x75, 0xD6, 0x5A, 0x69, 0x65, 0xCD, 0xBE,
    0xDF, 0xBE, 0x37, 0xDF, 0x7B, 0xF3, 0x06, 0x61, 0x86, 0x28, 0xC3, 0x56, 0x86, 0x2F, 0x33, 0xFC,
    0x9D, 0x7B, 0x79, 0xA1, 0xB2, 0x22, 0x4C, 0x4D, 0x34, 0x36, 0xEB, 0x3B, 0x26, 0xC1, 0x60, 0x80,
    0x1E, 0xEC, 0xE1, 0x15, 0x40, 0x81, 0x60, 0xB8, 0xBA, 0xBB, 0x18, 0x61, 0xB7, 0x73, 0x32, 0x68,
    0x99, 0xE4, 0x78, 0xD4, 0xFD, 0x0E, 0x68, 0x20, 0x2A, 0x87, 0xC0, 0x37, 0x40, 0x1F, 0xC8, 0xE5,
    0xDA, 0xCD, 0xF0, 0x16, 0x56, 0x79, 0xFF, 0x0A, 0xCE, 0x34, 0x8C, 0x14, 0x50, 0x19, 0xBC, 0x7B,
    0xB4, 0x46, 0xFA, 0xCA, 0x5A, 0x49, 0xA1, 0x65, 0x31, 0x2D, 0xB6, 0xC5, 0x38, 0xAD, 0x83, 0xE6,
    0x39, 0xB2, 0x00, 0x01, 0x20, 0x01, 0x44, 0x80, 0x0C, 0x94, 0x90, 0x2B, 0xC0, 0x2D, 0x79, 0x78,
    0x1E, 0xB7, 0xE1, 0x3F, 0x92, 0xCF, 0x60, 0x88, 0xD5, 0x5D, 0x10, 0x88, 0x5D, 0x74, 0x4E, 0x30,
    0x68, 0x81, 0xCF, 0x74, 0x3C, 0x82, 0xC5, 0x5E, 0x12, 0x08, 0x3D, 0xBE, 0xAB, 0x5F, 0x8B, 0xEB,
    0xA7, 0xF0, 0x38, 0xEC, 0x81, 0x40, 0x9F, 0xCC, 0x85, 0xF2, 0xE8, 0x08, 0xD6, 0xFB, 0x18, 0xE1,
    0x53, 0xAC, 0xEC, 0xB9, 0xC7, 0x10, 0x41, 0x06, 0x9F, 0x31, 0xCF, 0xA0, 0x52, 0x37, 0x07, 0x69,
    0xF9, 0x57, 0xB4, 0x7E, 0xB2, 0xD3, 0x6A, 0x7D, 0xAC, 0x85, 0x1B, 0xE6, 0xFE, 0x13, 0xCE, 0x0A,
    0x5C, 0xE3, 0xE9, 0xA5, 0x16, 0xB1, 0x56, 0x03, 0x31, 0x91, 0x9B, 0xA3, 0x3B, 0x0D, 0x4C, 0x25,
    0x18, 0x03, 0x46, 0x84, 0xB3, 0xB8, 0x8C, 0xA5, 0x3D, 0x3B, 0x7D, 0x6E, 0xD0, 0x00, 0x68, 0x4D,
    0x54, 0xFC, 0x1B, 0xF0, 0x5C, 0x54, 0x73, 0x1E, 0x94, 0xE3, 0x95, 0x16, 0xD7, 0x2A, 0x90, 0xB3,
    0xE6, 0x1F, 0x00, 0x0C, 0xF6, 0xB2, 0x05, 0xFD, 0x62, 0x41, 0xF3, 0x85, 0x71, 0x64, 0x05, 0xBC,
    0x01, 0x6C, 0xCB, 0xB7, 0x56, 0x0F, 0x51, 0x51, 0x23, 0x98, 0x34, 0x1B, 0x68, 0x28, 0xE0, 0x0D,
    0x67, 0xEF, 0xC4, 0xF8, 0xEF, 0x68, 0x8D, 0xAA, 0x88, 0xD4, 0x25, 0x9E, 0x52, 0x88, 0x13, 0xAE,
    0xEE, 0x64, 0x9D, 0x52, 0x88, 0xA3, 0x3B, 0x53, 0x85, 0x84, 0x63, 0x13, 0xED, 0x6C, 0x47, 0xF6,
    0x3F, 0x9C, 0x70, 0x8E, 0xDC, 0xBC, 0xC9, 0x94, 0x15, 0xDD, 0xD0, 0xEE, 0x8F, 0x3B, 0x18, 0x8F,
    0x2B, 0xA7, 0xA3, 0x32, 0x72, 0x23, 0xAC, 0x1E, 0x20, 0x09, 0x74, 0x4F, 0xA5, 0x87, 0xE3, 0xF4,
    0xFB, 0x1D, 0x99, 0xBD, 0xAD, 0x87, 0x88, 0x8E, 0x5E, 0x8C, 0xA9, 0x8E, 0x30, 0xC5, 0xE5, 0x4C,
    0x54, 0xE1, 0x4E, 0x59, 0x07, 0xAE, 0x02, 0x6F, 0x32, 0x02, 0x56, 0x06, 0xE7, 0xB2, 0x70, 0xA7,
    0x8F, 0x67, 0x39, 0xB4, 0xAB, 0x71, 0x7F, 0x9C, 0x7A, 0x37, 0xE7, 0x9A, 0xF5, 0xC4, 0x83, 0x85,
    0x04, 0xDD, 0x14, 0x9F, 0xA5, 0xCE, 0x4F, 0xCE, 0x0A, 0x99, 0xD8, 0x52, 0x6F, 0x33, 0xF4, 0x8F,
    0xB9, 0x94, 0x35, 0x31, 0xB0, 0xD0, 0xAC, 0x49, 0xC9, 0x6C, 0x2E, 0xBF, 0xF7, 0xA2, 0x7E, 0x9E,
    0x1F, 0x1F, 0xFC, 0x20, 0x4F, 0xB3, 0xB0, 0x81, 0xCE, 0x37, 0xF8, 0x36, 0xAD, 0x31, 0x0B, 0xAA,
    0x80, 0x67, 0xA4, 0x50, 0xB3, 0x5C, 0x3B, 0xB9, 0x43, 0x5B, 0x31, 0xBE, 0x30, 0x72, 0xB1, 0xC0,
    0x6B, 0x5D, 0x0F, 0xF7, 0xB0, 0xF0, 0x98, 0x1D, 0x80, 0x6B, 0xF4, 0x88, 0xA8, 0x17, 0xB7, 0x53,
    0xCA, 0x74, 0x73, 0xE7, 0xB4, 0x8C, 0x13, 0x1A, 0xBE, 0xCE, 0xEF, 0xA3, 0xCB, 0x4F, 0xFD, 0x4C,
    0xC9, 0x5F, 0x1A, 0xE8, 0x90, 0xBF, 0x47, 0xF8, 0x44, 0x8F, 0x33, 0x59, 0x91, 0xBD, 0x9C, 0x4B,
    0x1B, 0xBA, 0x76, 0xE9, 0x5E, 0x42, 0x13, 0x6D, 0xDE, 0x14, 0xB3, 0x3C, 0xCD, 0xBE, 0x47, 0xCC,
    0x26, 0x92, 0xAE, 0x36, 0x66, 0x51, 0x16, 0x70, 0x84, 0xD2, 0x01, 0x64, 0x8C, 0xD8, 0xA8, 0x7E,
    0x07, 0xF6, 0x73, 0x75, 0x3C, 0x8C, 0x74, 0x72, 0x0D, 0xAD, 0x04, 0x0D, 0xBE, 0x62, 0xB4, 0x62,
    0xB4, 0xF9, 0xEB, 0x0D, 0x98, 0xE8, 0x7E, 0xAE, 0x4E, 0x6C, 0xEA, 0xE7, 0xF0, 0x8B, 0x89, 0x5B,
    0x9F, 0x97, 0x6E, 0xE9, 0x7E, 0xA0, 0xFB, 0x21, 0xF6, 0x22, 0xEB, 0x56, 0xF1, 0x4A, 0x76, 0xFA,
    0x93, 0x49, 0x96, 0xAE, 0xC2, 0x15, 0x74, 0x46, 0x82, 0xCE, 0xC4, 0xF9, 0xF4, 0x33, 0xE4, 0x92,
    0xF0, 0x11, 0xA9, 0x5C, 0x0D, 0xAE, 0x7F, 0x5A, 0x72, 0xF7, 0x73, 0x90, 0x04, 0xA2, 0x40, 0x16,
    0xBD, 0x6C, 0xD8, 0x93, 0x38, 0x9E, 0x6D, 0xEB, 0x37, 0x89, 0x20, 0x12, 0x25, 0x93, 0xA4, 0x36,
    0xD8, 0x41, 0xBC, 0x34, 0x7B, 0x33, 0xB9, 0x8B, 0x65, 0x79, 0xF3, 0x3E, 0x7C, 0x4D, 0xEE, 0x59,
    0xD9, 0x36, 0x3B, 0xB6, 0xC0, 0x26, 0x68, 0x98, 0x73, 0xC7, 0x6E, 0xA5, 0xDD, 0xAF, 0x11, 0x52,
    0x95, 0x57, 0xA5, 0xFB, 0xA5, 0x6C, 0x3B, 0x87, 0x15, 0x7D, 0x6D, 0xD7, 0xA2, 0x2B, 0xB6, 0xCA,
    0xE6, 0xF5, 0x70, 0xB3, 0xB2, 0x6D, 0x16, 0x8E, 0x0D, 0x11, 0xC3, 0x58, 0x46, 0xB1, 0xA6, 0x1A,
    0x1D, 0xDD, 0x39, 0x25, 0xCB, 0xED, 0x72, 0x19, 0xF3, 0x25, 0xF8, 0xD4, 0xCF, 0xE1, 0x58, 0xAB,
    0x3F, 0x39, 0x67, 0x76, 0x6E, 0xDA, 0xF6, 0xFD, 0x16, 0x3F, 0x07, 0xF6, 0x4C, 0x78, 0xDD, 0x43,
    0x42, 0x11, 0x77, 0xEE, 0x67, 0x08, 0x9E, 0x97, 0xD3, 0x9E, 0xB0, 0x93, 0x88, 0x7D, 0x96, 0x85,
    0x03, 0x5D, 0x66, 0x77, 0x9F, 0xAF, 0x10, 0x83, 0x29, 0xEF, 0x52, 0x39, 0xEE, 0xC2, 0x0C, 0xDE,
    0xD5, 0x9F, 0xC7, 0xA8, 0xF2, 0xCB, 0x26, 0x18, 0xF2, 0xB4, 0xE2, 0xA4, 0xB5, 0x38, 0xD3, 0x64,
    0x5B, 0x72, 0xA1, 0x75, 0x87, 0xC0, 0x3B, 0xFA, 0x42, 0x1E, 0x79, 0xFF, 0x65, 0xEA, 0xE0, 0x03,
    0x6F, 0x1E, 0xE3, 0x62, 0xD1, 0x2A, 0xE5, 0x30, 0xD1, 0x03, 0x6C, 0xA3, 0x37, 0x07, 0x34, 0x95,
    0x43, 0x1B, 0x71, 0x82, 0x5E, 0x82, 0x7E, 0x0C, 0xD3, 0x83, 0xE9, 0xA3, 0x30, 0x5E, 0x6E, 0xFC,
    0xCC, 0xA8, 0xCC, 0x84, 0xFA, 0xE7, 0x43, 0x74, 0x86, 0x28, 0x77, 0x26, 0xE5, 0xF8, 0xA6, 0x4A,
    0xDB, 0x8A, 0x66, 0x11, 0x87, 0x88, 0x23, 0xF4, 0x1A, 0xD8, 0xBB, 0x81, 0xCD, 0x11, 0x3A, 0x7F,
    0xBD, 0x52, 0xFC, 0xA4, 0x91, 0x49, 0xA5, 0x05, 0x5C, 0xA8, 0x01, 0x92, 0x0C, 0x5F, 0x95, 0x0C,
    0x97, 0xFD, 0xD9, 0x1C, 0x5C, 0x6E, 0x77, 0x6A, 0xB8, 0x2C, 0x3D, 0xBB, 0x9F, 0x35, 0xD0, 0x49,
    0x1B, 0x76, 0x25, 0x49, 0x04, 0xC6, 0x77, 0x86, 0x89, 0xED, 0x42, 0x6C, 0x4F, 0xC3, 0xB3, 0x40,
    0xC2, 0xF1, 0xDD, 0x03, 0x6E, 0x0D, 0x26, 0x42, 0x66, 0x97, 0xC0, 0xBA, 0x17, 0x37, 0x95, 0x69,
    0x07, 0x3A, 0x09, 0x2B, 0xCC, 0x46, 0x03, 0x3D, 0x56, 0xAC, 0xDB, 0xE8, 0x3C, 0x86, 0xAC, 0x4B,
    0x5C, 0x6E, 0xC4, 0x8B, 0x8B, 0x61, 0xB4, 0xDD, 0x90, 0x99, 0x95, 0x09, 0x26, 0x3D, 0x1B, 0x63,
    0xAB, 0x54, 0x56, 0xA6, 0xA6, 0xE8, 0xC0, 0xD3, 0x13, 0x9C, 0xAE, 0x85, 0xB3, 0xFB, 0x5B, 0x29,
    0x92, 0x6F, 0x2D, 0x3B, 0x10, 0xF7, 0x99, 0x3C, 0x6F, 0x6B, 0x06, 0xD2, 0xAB, 0xED, 0x98, 0xFF,
    0x4F, 0x1A, 0x1C, 0x4A, 0x4F, 0xD6, 0x54, 0x47, 0xED, 0x20, 0x9F, 0xC5, 0xB8, 0x58, 0xD0, 0xAA,
    0xA5, 0x4D, 0x4D, 0x8A, 0x28, 0x5C, 0xC2, 0x37, 0x91, 0x5F, 0x19, 0x71, 0xBB, 0x6D, 0xA1, 0xD2,
    0x62, 0x95, 0x25, 0xA1, 0x6E, 0x5F, 0x93, 0x5A, 0x1A, 0x19, 0x29, 0xE5, 0x54, 0x25, 0xF7, 0x26,
    0xE1, 0x74, 0xFC, 0x9A, 0xDD, 0xE6, 0x34, 0x6D, 0x11, 0xD5, 0x46, 0xBD, 0x9F, 0xAB, 0xBB, 0x99,
    0xBA, 0xA7, 0xD5, 0x23, 0xF8, 0x8F, 0xE1, 0x8F, 0x6C, 0x85, 0x31, 0x62, 0xF3, 0x6A, 0xCA, 0x06,
    0xC4, 0xCD, 0x66, 0xD5, 0xD6, 0xC8, 0xEB, 0x7C, 0x9B, 0xEF, 0x7E, 0x85, 0xEE, 0x7A, 0x45, 0xAF,
    0x96, 0xB7, 0xA6, 0xF3, 0x93, 0x97, 0x5B, 0x17, 0xBF, 0xDA, 0x00, 0xB8, 0x3C, 0xBC, 0xA8, 0xEC,
    0x5F, 0x1D, 0xEC, 0x3B, 0x23, 0xEE, 0xEC, 0xE1, 0x59, 0xC1, 0x90, 0xBA, 0x18, 0xFF, 0x1F, 0x3D,
    0x8E, 0x31, 0x4A, 0xC4, 0x50, 0x10, 0x86, 0xBF, 0x90, 0x62, 0x8B, 0xAC, 0x3E, 0x8B, 0x0D, 0x56,
    0x71, 0xB7, 0x4C, 0x11, 0x50, 0x21, 0x48, 0xC0, 0x97, 0xCD, 0x9E, 0x61, 0x71, 0xF1, 0x1A, 0xC1,
    0xCA, 0x42, 0xC8, 0x3B, 0x82, 0x47, 0xF0, 0x08, 0x59, 0xD0, 0x7A, 0xE7, 0x08, 0x0F, 0xC4, 0x3E,
    0x9D, 0x85, 0x4D, 0x0A, 0x2D, 0x25, 0x4E, 0x82, 0xFA, 0x86, 0xF7, 0x0F, 0xFC, 0xCC, 0x3F, 0xF3,
    0x41, 0x23, 0x31, 0xD0, 0x7C, 0xC7, 0x37, 0x8C, 0x7D, 0x18, 0x24, 0xDE, 0xED, 0x98, 0xA7, 0xF9,
    0xC3, 0xCA, 0xDA, 0xEC, 0xE2, 0x64, 0x61, 0xB3, 0xA2, 0x9E, 0x3F, 0xA5, 0x72, 0x25, 0x8D, 0x5F,
    0xB9, 0xB2, 0x2B, 0xFB, 0xD4, 0x5F, 0xCA, 0x96, 0xC5, 0xE3, 0xBA, 0xCF, 0xBA, 0x42, 0xEE, 0x1C,
    0x1D, 0x78, 0x02, 0x61, 0x18, 0xB8, 0x7D, 0x23, 0x74, 0x84, 0x1B, 0x66, 0x10, 0x81, 0x81, 0x63,
    0x38, 0xD2, 0xCD, 0x05, 0xE4, 0x50, 0x53, 0xE9, 0x81, 0xAF, 0xCD, 0x7F, 0xE4, 0x30, 0x70, 0xFA,
    0x17, 0x31, 0x52, 0xF5, 0xD5, 0xA7, 0x56, 0x6F, 0xBC, 0x26, 0xFA, 0xE9, 0x2D, 0x45, 0x77, 0xB0,
    0xEE, 0x13, 0xD5, 0x36, 0x2F, 0x46, 0x2D, 0x5A, 0xD5, 0xFB, 0xFD, 0x38, 0x73, 0xFE, 0xEA, 0x54,
    0x83, 0x68, 0xE9, 0x0F, 0x90, 0x94, 0x2F, 0xEF, 0x82, 0xAD, 0xAF, 0x9D, 0xA7, 0x9D, 0xD4, 0x97,
    0xFB, 0x0F, 0x09, 0xC5, 0xF8, 0x86, 0x50, 0xA2, 0xCD, 0x19, 0x56, 0x39, 0x32, 0xE5, 0x31, 0x24,
    0xFA, 0x23, 0x3D, 0x3C, 0x73, 0x46, 0xDD, 0x67, 0x46, 0x18, 0xC5, 0x50, 0xE6, 0x64, 0x82, 0x6D,
    0x09, 0xFC, 0xAF, 0xA1, 0xF8, 0x76, 0x34, 0xF8, 0x01, 0x63, 0x78, 0xC0, 0xFC, 0x80, 0xF7, 0x80,
    0xE9, 0x81, 0xFD, 0x1F, 0x98, 0x1B, 0x00, 0x01, 0x51, 0x00, 0xAE, 0xFF, 0x00, 0x00, 0x34, 0x00,
    0x0F, 0xFE, 0x00, 0x05, 0xB4, 0x01, 0xFC, 0xF0, 0x07, 0xDB, 0xE0, 0x0F, 0x03, 0xE0, 0x1D, 0x02,
    0xD0, 0x2C, 0x02, 0xC0, 0x2C, 0x03, 0xC0, 0x2D, 0x03, 0x80, 0x0F, 0xAF, 0x80, 0x07, 0xF7, 0x80,
    0x00, 0x00, 0x00, 0x7F, 0xFF, 0xC0, 0x15, 0x55, 0x40, 0x00, 0x2F, 0xF0, 0x00, 0xF9, 0xBC, 0x03,
    0xC0, 0x0D, 0x0B, 0x40, 0x00, 0x3F, 0xFE, 0x00, 0x1F, 0x54, 0x00, 0xBF, 0xF0, 0x00, 0x5F, 0x40,
    0x00, 0x0F, 0x00, 0x00, 0x0B, 0x40, 0x74, 0x03, 0xE6, 0xE0, 0x00, 0xFF, 0x40, 0x6D, 0x8F, 0x31,
    0x4E, 0xC3, 0x40, 0x10, 0x45, 0x9F, 0xBD, 0x82, 0x95, 0x58, 0xC1, 0xD2, 0x83, 0xF0, 0x05, 0x22,
    0xA7, 0xA1, 0x48, 0xE1, 0x48, 0x7B, 0x03, 0x2A, 0x57, 0xDC, 0x81, 0x8A, 0x82, 0x22, 0xC2, 0x3E,
    0x03, 0x17, 0xE0, 0x0A, 0x29, 0xE9, 0xBC, 0x47, 0xB0, 0x38, 0x01, 0x42, 0xD0, 0x53, 0x80, 0xE4,
    0x48, 0x38, 0xCB, 0x8C, 0x83, 0x52, 0x20, 0x66, 0xA6, 0xF8, 0xDA, 0xFF, 0xF7, 0xCF, 0x9F, 0x03,
    0xF0, 0x03, 0xDC, 0x80, 0x0B, 0x2E, 0xC5, 0xD2, 0xC7, 0xCA, 0xC4, 0x45, 0xAE, 0x23, 0xA0, 0xF4,
    0xC1, 0x8D, 0x4C, 0x95, 0xD2, 0xFB, 0x75, 0x6F, 0xFF, 0xEF, 0x89, 0xE6, 0xAB, 0xA6, 0x82, 0x0B,
    0x75, 0xC2, 0x44, 0x78, 0x21, 0x8F, 0xD8, 0xC0, 0x09, 0xFA, 0xBE, 0x9E, 0x34, 0x75, 0x4D, 0x93,
    0xE2, 0xCE, 0x51, 0x69, 0x13, 0xF0, 0x30, 0x83, 0x5B, 0xD5, 0xCB, 0x2F, 0xF1, 0xDA, 0xEB, 0xA9,
    0x2A, 0x32, 0xF1, 0x6A, 0xD5, 0xC5, 0xA1, 0xE3, 0x27, 0xFA, 0x98, 0xFB, 0x73, 0xDC, 0x0C, 0xB3,
    0xC2, 0x0C, 0x64, 0x92, 0xFF, 0x13, 0x4E, 0x29, 0x9E, 0xBF, 0x97, 0xDD, 0xE3, 0x65, 0xE9, 0x16,
    0xCD, 0x55, 0xF1, 0xAA, 0xB9, 0xF3, 0x0F, 0xBB, 0x76, 0xFC, 0xED, 0x23, 0x36, 0x3C, 0x51, 0x3C,
    0xB4, 0xCB, 0x2E, 0x88, 0x68, 0x0F, 0x76, 0x9B, 0x53, 0x0A, 0x59, 0x8F, 0x8D, 0x0A, 0x24, 0xD8,
    0xDD, 0x6F, 0x58, 0xE6, 0x76, 0xDC, 0x86, 0x91, 0xB3, 0x81, 0x86, 0x43, 0x39, 0x45, 0x76, 0x76,
    0x7D, 0xB6, 0xA5, 0x99, 0xBF, 0x6D, 0x68, 0x45, 0xFD, 0x03, 0x6D, 0x8E, 0xB1, 0x0D, 0xC2, 0x30,
    0x14, 0x05, 0x5F, 0xF2, 0x0B, 0x17, 0x96, 0xED, 0x05, 0x82, 0xBC, 0x80, 0xCB, 0x14, 0x2E, 0x2C,
    0x39, 0x88, 0x05, 0x90, 0x28, 0x28, 0xBD, 0x42, 0x46, 0xF0, 0x68, 0x1E, 0x21, 0x84, 0x05, 0x82,
    0x58, 0x20, 0x82, 0x26, 0x54, 0xE6, 0x47, 0xB4, 0xF4, 0xF7, 0xEE, 0x1E, 0x80, 0x76, 0xDD, 0x68,
    0x9E, 0x04, 0x65, 0x49, 0x43, 0xAC, 0xAB, 0x4D, 0x67, 0x65, 0xD0, 0x69, 0x38, 0x85, 0xD0, 0xC1,
    0x3B, 0xF4, 0x01, 0xA3, 0x47, 0xF3, 0x2E, 0x74, 0x2F, 0x02, 0x90, 0x40, 0xAC, 0xB0, 0x09, 0x7F,
    0x31, 0xEC, 0x42, 0xD0, 0xAD, 0x88, 0xB6, 0x48, 0x2A, 0xF1, 0x99, 0xED, 0x69, 0x50, 0x02, 0x9D,
    0x84, 0x33, 0x08, 0x1A, 0x5E, 0xA3, 0x37, 0xC3, 0x68, 0x72, 0xB3, 0x7E, 0x26, 0x9A, 0x1F, 0x0B,
    0x97, 0xC1, 0x69, 0x96, 0xD6, 0x6C, 0xD3, 0x35, 0x2B, 0xC3, 0xB4, 0x66, 0x9C, 0xFD, 0x81, 0x03,
    0xDE, 0xF1, 0x22, 0x1C, 0x58, 0xEE, 0xF0, 0xD3, 0x6F, 0xE0, 0xC3, 0xFB, 0x6E, 0x91, 0x74, 0x9C,
    0x62, 0x7D, 0x15, 0x9B, 0x2E, 0x45, 0x19, 0xCA, 0x9D, 0xA6, 0xEC, 0x94, 0x18, 0x02, 0xE7, 0xBC,
    0x93, 0xBC, 0xE3, 0x94, 0x97, 0xE5, 0x0B, 0x5B, 0xB5, 0x6A, 0x02, 0xFB, 0x04, 0xB6, 0x16, 0xA1,
    0x46, 0xA1, 0x46, 0xA7, 0xC6, 0xA6, 0x46, 0xA7, 0x0E, 0xA5, 0x16, 0xB6, 0x05, 0xEC, 0xBB, 0x56,
    0x03, 0x00,
};

static const EpdGlyph lexenddeca_8_italicGlyphs[] = {
    { 0, 0, 0, 0, 0, 0, 0 }, // U+0000
    { 0, 0, 0, 0, 0, 0, 0 }, // U+0001
    { 0, 0, 0, 0, 0, 0, 0 }, // U+0002
    { 0, 0, 0, 0, 0, 0, 0 }, // U+0003
    { 0, 0, 0, 0, 0, 0, 0 }, // U+0004
    { 0, 0, 0, 0, 0, 0, 0 }, // U+0005
    { 0, 0, 0, 0, 0, 0, 0 }, // U+0006
    { 0, 0, 0, 0, 0, 0, 0 }, // U+0007
    { 0, 0, 0, 0, 0, 0, 0 }, // U+0008
    { 0, 0, 0, 0, 0, 0, 0 }, // U+0009
    { 0, 0, 0, 0, 0, 0, 0 }, // U+000A
    { 0, 0, 0, 0, 0, 0, 0 }, // U+000B
    { 0, 0, 0, 0, 0, 0, 0 }, // U+000C
    { 0, 0, 0, 0, 0, 0, 0 }, // U+000D
    { 0, 0, 0, 0, 0, 0, 0 }, // U+000E
    { 0, 0, 0, 0, 0, 0, 0 }, // U+000F
    { 0, 0, 0, 0, 0, 0, 0 }, // U+0010
    { 0, 0, 0, 0, 0, 0, 0 }, // U+0011
    { 0, 0, 0, 0, 0, 0, 0 }, // U+0012
    { 0, 0, 0, 0, 0, 0, 0 }, // U+0013
    { 0, 0, 0, 0, 0, 0, 0 }, // U+0014
    { 0, 0, 0, 0, 0, 0, 0 }, // U+0015
    { 0, 0, 0, 0, 0, 0, 0 }, // U+0016
    { 0, 0, 0, 0, 0, 0, 0 }, // U+0017
    { 0, 0, 0, 0, 0, 0, 0 }, // U+0018
    { 0, 0, 0, 0, 0, 0, 0 }, // U+0019
    { 0, 0, 0, 0, 0, 0, 0 }, // U+001A
    { 0, 0, 0, 0, 0, 0, 0 }, // U+001B
    { 0, 0, 0, 0, 0, 0, 0 }, // U+001C
    { 0, 0, 0, 0, 0, 0, 0 }, // U+001D
    { 0, 0, 0, 0, 0, 0, 0 }, // U+001E
    { 0, 0, 0, 0, 0, 0, 0 }, // U+001F
    { 0, 0, 75, 0, 0, 0, 0 }, // U+0020
    { 5, 12, 76, 0, 12, 15, 0 }, // !
    { 5, 4, 89, 1, 12, 5, 15 }, // "
    { 11, 12, 169, 0, 12, 33, 20 }, // #
    { 10, 16, 163, 0, 14, 40, 53 }, // $
    { 15, 12, 267, 1, 12, 45, 93 }, // %
    { 11, 12, 184, 0, 12, 33, 138 }, // &
    { 2, 4, 51, 1, 12, 2, 171 }, // '
    { 6, 15, 80, 0, 12, 23, 173 }, // (
    { 6, 15, 81, -1, 12, 23, 196 }, // )
    { 6, 6, 117, 1, 12, 9, 219 }, // *
    { 9, 9, 165, 0, 9, 21, 228 }, // +
    { 3, 5, 56, -1, 3, 4, 249 }, // ,
    { 6, 3, 99, 0, 6, 5, 253 }, // -
    { 4, 3, 55, -1, 3, 3, 258 }, // .
    { 9, 12, 99, -1, 12, 27, 261 }, // /
    { 10, 12, 174, 1, 12, 30, 288 }, // 0
    { 6, 12, 108, 1, 12, 18, 318 }, // 1
    { 11, 12, 151, -1, 12, 33, 336 }, // 2
    { 9, 12, 155, 0, 12, 27, 369 }, // 3
    { 10, 12, 170, 0, 12, 30, 396 }, // 4
    { 10, 12, 153, 0, 12, 30, 426 }, // 5
    { 9, 12, 161, 1, 12, 27, 456 }, // 6
    { 10, 12, 143, 0, 12, 30, 483 }, // 7
    { 9, 12, 165, 0, 12, 27, 513 }, // 8
    { 9, 12, 160, 1, 12, 27, 540 }, // 9
    { 5, 9, 55, -1, 9, 12, 567 }, // :
    { 5, 12, 56, -1, 9, 15, 579 }, // ;
    { 9, 9, 164, 0, 9, 21, 594 }, // <
    { 9, 6, 176, 1, 7, 14, 615 }, // =
    { 9, 9, 164, 1, 9, 21, 629 }, // >
    { 8, 12, 141, 1, 12, 24, 650 }, // ?
    { 12, 12, 209, 1, 12, 36, 674 }, // @
    { 11, 12, 167, -1, 12, 33, 710 }, // A
    { 11, 12, 167, 0, 12, 33, 743 }, // B
    { 11, 12, 176, 0, 12, 33, 776 }, // C
    { 11, 12, 180, 0, 12, 33, 809 }, // D
    { 11, 12, 151, 0, 12, 33, 842 }, // E
    { 10, 12, 146, 0, 12, 30, 875 }, // F
    { 11, 12, 190, 0, 12, 33, 905 }, // G
    { 12, 12, 185, 0, 12, 36, 938 }, // H
    { 8, 12, 110, 0, 12, 24, 974 }, // I
    { 10, 12, 136, -1, 12, 30, 998 }, // J
    { 12, 12, 166, 0, 12, 36, 1028 }, // K
    { 9, 12, 144, 0, 12, 27, 1064 }, // L
    { 14, 12, 220, 0, 12, 42, 1091 }, // M
    { 12, 12, 185, 0, 12, 36, 1133 }, // N
    { 12, 12, 194, 0, 12, 36, 1169 }, // O
    { 11, 12, 159, 0, 12, 33, 1205 }, // P
    { 12, 14, 200, 0, 12, 42, 1238 }, // Q
    { 11, 12, 163, 0, 12, 33, 1280 }, // R
    { 10, 12, 162, 0, 12, 30, 1313 }, // S
    { 10, 12, 149, 1, 12, 30, 1343 }, // T
    { 11, 12, 185, 1, 12, 33, 1373 }, // U
    { 11, 12, 158, 1, 12, 33, 1406 }, // V
    { 15, 12, 225, 1, 12, 45, 1439 }, // W
    { 13, 12, 166, -1, 12, 39, 1484 }, // X
    { 11, 12, 160, 1, 12, 33, 1523 }, // Y
    { 12, 12, 164, -1, 12, 36, 1556 }, // Z
    { 8, 15, 85, -1, 12, 30, 1592 }, // [
    { 7, 12, 138, 1, 12, 21, 1622 }, // <backslash>
    { 8, 15, 85, -2, 12, 30, 1643 }, // ]
    { 9, 7, 147, 0, 13, 16, 1673 }, // ^
    { 7, 3, 110, -1, 1, 6, 1689 }, // _
    { 3, 3, 73, 2, 13, 3, 1695 }, // `
    { 8, 9, 139, 0, 9, 18, 1698 }, // a
    { 9, 12, 148, 0, 12, 27, 1716 }, // b
    { 9, 9, 132, 0, 9, 21, 1743 }, // c
    { 10, 12, 148, 0, 12, 30, 1764 }, // d
    { 9, 9, 145, 0, 9, 21, 1794 }, // e
    { 7, 14, 85, 0, 14, 25, 1815 }, // f
    { 10, 13, 148, -1, 9, 33, 1840 }, // g
    { 9, 12, 146, 0, 12, 27, 1873 }, // h
    { 5, 13, 72, 0, 13, 17, 1900 }, // i
    { 8, 16, 69, -3, 13, 32, 1917 }, // j
    { 9, 12, 130, 0, 12, 27, 1949 }, // k
    { 4, 12, 69, 0, 12, 12, 1976 }, // l
    { 14, 9, 226, 0, 9, 32, 1988 }, // m
    { 9, 9, 147, 0, 9, 21, 2020 }, // n
    { 9, 9, 146, 0, 9, 21, 2041 }, // o
    { 10, 12, 148, -1, 9, 30, 2062 }, // p
    { 10, 12, 148, 0, 9, 30, 2092 }, // q
    { 7, 9, 94, 0, 9, 16, 2122 }, // r
    { 8, 9, 128, 0, 9, 18, 2138 }, // s
    { 6, 11, 86, 0, 11, 17, 2156 }, // t
    { 9, 9, 144, 0, 9, 21, 2173 }, // u
    { 9, 9, 118, 0, 9, 21, 2194 }, // v
    { 12, 9, 176, 0, 9, 27, 2215 }, // w
    { 11, 9, 123, -2, 9, 25, 2242 }, // x
    { 10, 12, 116, -2, 9, 30, 2267 }, // y
    { 9, 9, 125, -1, 9, 21, 2297 }, // z
    { 7, 15, 86, 0, 12, 27, 2318 }, // {
    { 2, 15, 77, 1, 12, 8, 2345 }, // |
    { 7, 15, 86, -2, 12, 27, 2353 }, // }
    { 9, 4, 144, 0, 7, 9, 2380 }, // ~
    { 0, 0, 0, 0, 0, 0, 2389 }, // U+007F
    { 0, 0, 0, 0, 0, 0, 0 }, // U+0080
    { 0, 0, 0, 0, 0, 0, 0 }, // U+0081
    { 0, 0, 0, 0, 0, 0, 0 }, // U+0082
    { 0, 0, 0, 0, 0, 0, 0 }, // U+0083
    { 0, 0, 0, 0, 0, 0, 0 }, // U+0084
    { 0, 0, 0, 0, 0, 0, 0 }, // U+0085
    { 0, 0, 0, 0, 0, 0, 0 }, // U+0086
    { 0, 0, 0, 0, 0, 0, 0 }, // U+0087
    { 0, 0, 0, 0, 0, 0, 0 }, // U+0088
    { 0, 0, 0, 0, 0, 0, 0 }, // U+0089
    { 0, 0, 0, 0, 0, 0, 0 }, // U+008A
    { 0, 0, 0, 0, 0, 0, 0 }, // U+008B
    { 0, 0, 0, 0, 0, 0, 0 }, // U+008C
    { 0, 0, 0, 0, 0, 0, 0 }, // U+008D
    { 0, 0, 0, 0, 0, 0, 0 }, // U+008E
    { 0, 0, 0, 0, 0, 0, 0 }, // U+008F
    { 0, 0, 0, 0, 0, 0, 0 }, // U+0090
    { 0, 0, 0, 0, 0, 0, 0 }, // U+0091
    { 0, 0, 0, 0, 0, 0, 0 }, // U+0092
    { 0, 0, 0, 0, 0, 0, 0 }, // U+0093
    { 0, 0, 0, 0, 0, 0, 0 }, // U+0094
    { 0, 0, 0, 0, 0, 0, 0 }, // U+0095
    { 0, 0, 0, 0, 0, 0, 0 }, // U+0096
    { 0, 0, 0, 0, 0, 0, 0 }, // U+0097
    { 0, 0, 0, 0, 0, 0, 0 }, // U+0098
    { 0, 0, 0, 0, 0, 0, 0 }, // U+0099
    { 0, 0, 0, 0, 0, 0, 0 }, // U+009A
    { 0, 0, 0, 0, 0, 0, 0 }, // U+009B
    { 0, 0, 0, 0, 0, 0, 0 }, // U+009C
    { 0, 0, 0, 0, 0, 0, 0 }, // U+009D
    { 0, 0, 0, 0, 0, 0, 0 }, // U+009E
    { 0, 0, 0, 0, 0, 0, 0 }, // U+009F
    { 0, 0, 75, 0, 0, 0, 0 }, // U+00A0
    { 5, 12, 75, 0, 9, 15, 0 }, // U+00A1
    { 8, 13, 131, 0, 11, 26, 15 }, // U+00A2
    { 10, 12, 156, 0, 12, 30, 41 }, // U+00A3
    { 9, 9, 178, 1, 10, 21, 71 }, // U+00A4
    { 12, 12, 160, 0, 12, 36, 92 }, // U+00A5
    { 2, 15, 77, 1, 12, 8, 128 }, // U+00A6
    { 10, 15, 140, -1, 12, 38, 136 }, // U+00A7
    { 6, 3, 114, 2, 13, 5, 174 }, // U+00A8
    { 12, 14, 217, 1, 13, 42, 179 }, // U+00A9
    { 5, 5, 97, 1, 12, 7, 221 }, // U+00AA
    { 9, 8, 150, 0, 9, 18, 228 }, // U+00AB
    { 9, 7, 178, 1, 8, 16, 246 }, // U+00AC
    { 0, 0, 0, 0, 0, 0, 262 }, // U+00AD
    { 12, 14, 217, 1, 13, 42, 262 }, // U+00AE
    { 6, 3, 102, 1, 13, 5, 304 }, // U+00AF
    { 5, 7, 95, 1, 13, 9, 309 }, // U+00B0
    { 8, 9, 174, 1, 9, 18, 318 }, // U+00B1
    { 7, 6, 102, 0, 13, 11, 336 }, // U+00B2
    { 6, 6, 105, 1, 13, 9, 347 }, // U+00B3
    { 4, 3, 72, 1, 13, 3, 356 }, // U+00B4
    { 10, 12, 148, -1, 9, 30, 359 }, // U+00B5
    { 9, 15, 139, 1, 12, 34, 389 }, // U+00B6
    { 4, 3, 63, 0, 6, 3, 423 }, // U+00B7
    { 4, 5, 78, -1, 1, 5, 426 }, // U+00B8
    { 4, 6, 69, 1, 13, 6, 431 }, // U+00B9
    { 6, 5, 102, 1, 12, 8, 437 }, // U+00BA
    { 9, 8, 148, 0, 9, 18, 445 }, // U+00BB
    { 12, 13, 220, 1, 13, 39, 463 }, // U+00BC
    { 12, 13, 214, 1, 12, 39, 502 }, // U+00BD
    { 13, 14, 242, 1, 14, 46, 541 }, // U+00BE
    { 9, 12, 141, -1, 9, 27, 587 }, // U+00BF
    { 11, 16, 167, -1, 16, 44, 614 }, // U+00C0
    { 11, 16, 167, -1, 16, 44, 658 }, // U+00C1
    { 11, 16, 167, -1, 16, 44, 702 }, // U+00C2
    { 11, 16, 167, -1, 16, 44, 746 }, // U+00C3
    { 11, 16, 167, -1, 16, 44, 790 }, // U+00C4
    { 11, 16, 167, -1, 16, 44, 834 }, // U+00C5
    { 19, 12, 263, -1, 12, 57, 878 }, // U+00C6
    { 11, 15, 176, 0, 12, 42, 935 }, // U+00C7
    { 11, 16, 151, 0, 16, 44, 977 }, // U+00C8
    { 11, 16, 151, 0, 16, 44, 1021 }, // U+00C9
    { 11, 16, 151, 0, 16, 44, 1065 }, // U+00CA
    { 11, 16, 151, 0, 16, 44, 1109 }, // U+00CB
    { 8, 16, 110, 0, 16, 32, 1153 }, // U+00CC
    { 8, 16, 110, 0, 16, 32, 1185 }, // U+00CD
    { 8, 16, 110, 0, 16, 32, 1217 }, // U+00CE
    { 8, 16, 110, 0, 16, 32, 1249 }, // U+00CF
    { 12, 12, 189, 0, 12, 36, 1281 }, // U+00D0
    { 12, 16, 185, 0, 16, 48, 1317 }, // U+00D1
    { 12, 16, 194, 0, 16, 48, 1365 }, // U+00D2
    { 12, 16, 194, 0, 16, 48, 1413 }, // U+00D3
    { 12, 16, 194, 0, 16, 48, 1461 }, // U+00D4
    { 12, 16, 194, 0, 16, 48, 1509 }, // U+00D5
    { 12, 16, 194, 0, 16, 48, 1557 }, // U+00D6
    { 8, 9, 158, 1, 9, 18, 1605 }, // U+00D7
    { 13, 12, 193, 0, 12, 39, 1623 }, // U+00D8
    { 11, 16, 185, 1, 16, 44, 1662 }, // U+00D9
    { 11, 16, 185, 1, 16, 44, 1706 }, // U+00DA
    { 11, 16, 185, 1, 16, 44, 1750 }, // U+00DB
    { 11, 16, 185, 1, 16, 44, 1794 }, // U+00DC
    { 11, 16, 160, 1, 16, 44, 1838 }, // U+00DD
    { 10, 12, 156, 0, 12, 30, 1882 }, // U+00DE
    { 10, 12, 161, 0, 12, 30, 1912 }, // U+00DF
    { 8, 13, 139, 0, 13, 26, 1942 }, // U+00E0
    { 8, 13, 139, 0, 13, 26, 1968 }, // U+00E1
    { 9, 12, 139, 0, 12, 27, 1994 }, // U+00E2
    { 9, 13, 139, 0, 13, 30, 2021 }, // U+00E3
    { 9, 12, 139, 0, 12, 27, 2051 }, // U+00E4
    { 8, 15, 139, 0, 15, 30, 2078 }, // U+00E5
    { 14, 9, 232, 0, 9, 32, 2108 }, // U+00E6
    { 9, 12, 132, 0, 9, 27, 2140 }, // U+00E7
    { 9, 13, 145, 0, 13, 30, 2167 }, // U+00E8
    { 9, 13, 145, 0, 13, 30, 2197 }, // U+00E9
    { 9, 12, 145, 0, 12, 27, 2227 }, // U+00EA
    { 9, 12, 145, 0, 12, 27, 2254 }, // U+00EB
    { 4, 13, 66, 0, 13, 13, 2281 }, // U+00EC
    { 6, 13, 66, 0, 13, 20, 2294 }, // U+00ED
    { 6, 12, 66, 0, 12, 18, 2314 }, // U+00EE
    { 6, 12, 66, 0, 12, 18, 2332 }, // U+00EF
    { 9, 12, 152, 0, 12, 27, 2350 }, // U+00F0
    { 9, 12, 147, 0, 12, 27, 2377 }, // U+00F1
    { 9, 13, 146, 0, 13, 30, 2404 }, // U+00F2
    { 9, 13, 146, 0, 13, 30, 2434 }, // U+00F3
    { 9, 12, 146, 0, 12, 27, 2464 }, // U+00F4
    { 9, 13, 146, 0, 13, 30, 2491 }, // U+00F5
    { 9, 12, 146, 0, 12, 27, 2521 }, // U+00F6
    { 10, 9, 165, 0, 9, 23, 2548 }, // U+00F7
    { 10, 10, 146, -1, 10, 25, 2571 }, // U+00F8
    { 9, 13, 144, 0, 13, 30, 2596 }, // U+00F9
    { 9, 13, 144, 0, 13, 30, 2626 }, // U+00FA
    { 9, 12, 144, 0, 12, 27, 2656 }, // U+00FB
    { 9, 12, 144, 0, 12, 27, 2683 }, // U+00FC
    { 10, 16, 116, -2, 13, 40, 2710 }, // U+00FD
    { 10, 15, 149, -1, 12, 38, 2750 }, // U+00FE
    { 10, 15, 116, -2, 12, 38, 2788 }, // U+00FF
    { 11, 16, 167, -1, 16, 44, 0 }, // U+0100
    { 9, 12, 139, 0, 12, 27, 44 }, // U+0101
    { 11, 16, 167, -1, 16, 44, 71 }, // U+0102
    { 9, 12, 139, 0, 12, 27, 115 }, // U+0103
    { 11, 15, 167, -1, 12, 42, 142 }, // U+0104
    { 8, 12, 139, 0, 9, 24, 184 }, // U+0105
    { 11, 16, 176, 0, 16, 44, 208 }, // U+0106
    { 9, 13, 132, 0, 13, 30, 252 }, // U+0107
    { 11, 16, 176, 0, 16, 44, 282 }, // U+0108
    { 9, 12, 132, 0, 12, 27, 326 }, // U+0109
    { 11, 16, 176, 0, 16, 44, 353 }, // U+010A
    { 9, 12, 132, 0, 12, 27, 397 }, // U+010B
    { 11, 16, 176, 0, 16, 44, 424 }, // U+010C
    { 9, 12, 132, 0, 12, 27, 468 }, // U+010D
    { 11, 16, 180, 0, 16, 44, 495 }, // U+010E
    { 12, 12, 158, 0, 12, 36, 539 }, // U+010F
    { 12, 12, 195, 0, 12, 36, 575 }, // U+0110
    { 11, 12, 161, 0, 12, 33, 611 }, // U+0111
    { 11, 16, 151, 0, 16, 44, 644 }, // U+0112
    { 9, 12, 145, 0, 12, 27, 688 }, // U+0113
    { 11, 16, 151, 0, 16, 44, 715 }, // U+0114
    { 9, 12, 145, 0, 12, 27, 759 }, // U+0115
    { 11, 16, 151, 0, 16, 44, 786 }, // U+0116
    { 9, 12, 145, 0, 12, 27, 830 }, // U+0117
    { 11, 15, 151, 0, 12, 42, 857 }, // U+0118
    { 9, 12, 145, 0, 9, 27, 899 }, // U+0119
    { 11, 16, 151, 0, 16, 44, 926 }, // U+011A
    { 9, 12, 145, 0, 12, 27, 970 }, // U+011B
    { 11, 16, 190, 0, 16, 44, 997 }, // U+011C
    { 10, 16, 148, -1, 12, 40, 1041 }, // U+011D
    { 11, 16, 190, 0, 16, 44, 1081 }, // U+011E
    { 10, 16, 148, -1, 12, 40, 1125 }, // U+011F
    { 11, 16, 190, 0, 16, 44, 1165 }, // U+0120
    { 10, 16, 148, -1, 12, 40, 1209 }, // U+0121
    { 11, 17, 190, 0, 12, 47, 1249 }, // U+0122
    { 10, 19, 148, -1, 15, 48, 1296 }, // U+0123
    { 12, 16, 185, 0, 16, 48, 1344 }, // U+0124
    { 9, 16, 146, 0, 16, 36, 1392 }, // U+0125
    { 13, 12, 189, 0, 12, 39, 1428 }, // U+0126
    { 9, 12, 155, 0, 12, 27, 1467 }, // U+0127
    { 9, 16, 110, 0, 16, 36, 1494 }, // U+0128
    { 7, 12, 66, 0, 12, 21, 1530 }, // U+0129
    { 8, 16, 110, 0, 16, 32, 1551 }, // U+012A
    { 6, 12, 66, 0, 12, 18, 1583 }, // U+012B
    { 8, 16, 110, 0, 16, 32, 1601 }, // U+012C
    { 6, 12, 66, 0, 12, 18, 1633 }, // U+012D
    { 8, 15, 110, 0, 12, 30, 1651 }, // U+012E
    { 6, 16, 72, -1, 13, 24, 1681 }, // U+012F
    { 8, 16, 110, 0, 16, 32, 1705 }, // U+0130
    { 4, 9, 66, 0, 9, 9, 1737 }, // U+0131
    { 16, 12, 246, 0, 12, 48, 1746 }, // U+0132
    { 10, 16, 141, 0, 13, 40, 1794 }, // U+0133
    { 12, 16, 136, -1, 16, 48, 1834 }, // U+0134
    { 9, 15, 69, -3, 12, 34, 1882 }, // U+0135
    { 12, 17, 166, 0, 12, 51, 1916 }, // U+0136
    { 9, 17, 130, 0, 12, 39, 1967 }, // U+0137
    { 9, 9, 130, 0, 9, 21, 2006 }, // U+0138
    { 9, 16, 144, 0, 16, 36, 2027 }, // U+0139
    { 6, 16, 69, 0, 16, 24, 2063 }, // U+013A
    { 9, 17, 144, 0, 12, 39, 2087 }, // U+013B
    { 5, 17, 69, -1, 12, 22, 2126 }, // U+013C
    { 9, 12, 144, 0, 12, 27, 2148 }, // U+013D
    { 7, 12, 69, 0, 12, 21, 2175 }, // U+013E
    { 9, 12, 144, 0, 12, 27, 2196 }, // U+013F
    { 6, 12, 99, 0, 12, 18, 2223 }, // U+0140
    { 9, 12, 153, 0, 12, 27, 2241 }, // U+0141
    { 5, 12, 73, 0, 12, 15, 2268 }, // U+0142
    { 12, 16, 185, 0, 16, 48, 2283 }, // U+0143
    { 9, 13, 147, 0, 13, 30, 2331 }, // U+0144
    { 12, 17, 185, 0, 12, 51, 2361 }, // U+0145
    { 9, 13, 147, 0, 9, 30, 2412 }, // U+0146
    { 12, 16, 185, 0, 16, 48, 2442 }, // U+0147
    { 9, 12, 147, 0, 12, 27, 2490 }, // U+0148
    { 11, 12, 198, 1, 12, 33, 2517 }, // U+0149
    { 12, 15, 185, 0, 12, 45, 2550 }, // U+014A
    { 9, 12, 147, 0, 9, 27, 2595 }, // U+014B
    { 12, 16, 194, 0, 16, 48, 2622 }, // U+014C
    { 9, 12, 146, 0, 12, 27, 2670 }, // U+014D
    { 12, 16, 194, 0, 16, 48, 2697 }, // U+014E
    { 9, 12, 146, 0, 12, 27, 2745 }, // U+014F
    { 12, 16, 194, 0, 16, 48, 2772 }, // U+0150
    { 9, 13, 146, 0, 13, 30, 2820 }, // U+0151
    { 19, 12, 285, 0, 12, 57, 2850 }, // U+0152
    { 15, 9, 243, 0, 9, 34, 2907 }, // U+0153
    { 11, 16, 163, 0, 16, 44, 2941 }, // U+0154
    { 7, 13, 94, 0, 13, 23, 2985 }, // U+0155
    { 11, 17, 163, 0, 12, 47, 3008 }, // U+0156
    { 9, 14, 94, -2, 9, 32, 3055 }, // U+0157
    { 11, 16, 163, 0, 16, 44, 3087 }, // U+0158
    { 8, 12, 94, 0, 12, 24, 3131 }, // U+0159
    { 10, 16, 162, 0, 16, 40, 3155 }, // U+015A
    { 8, 13, 128, 0, 13, 26, 3195 }, // U+015B
    { 10, 16, 162, 0, 16, 40, 3221 }, // U+015C
    { 8, 12, 128, 0, 12, 24, 3261 }, // U+015D
    { 10, 15, 162, 0, 12, 38, 3285 }, // U+015E
    { 8, 12, 128, 0, 9, 24, 3323 }, // U+015F
    { 10, 16, 162, 0, 16, 40, 3347 }, // U+0160
    { 8, 12, 128, 0, 12, 24, 3387 }, // U+0161
    { 10, 15, 149, 1, 12, 38, 3411 }, // U+0162
    { 7, 15, 86, -1, 12, 27, 3449 }, // U+0163
    { 10, 16, 149, 1, 16, 40, 3476 }, // U+0164
    { 8, 13, 86, 0, 13, 26, 3516 }, // U+0165
    { 10, 12, 149, 1, 12, 30, 3542 }, // U+0166
    { 6, 11, 86, 0, 11, 17, 3572 }, // U+0167
    { 11, 16, 185, 1, 16, 44, 3589 }, // U+0168
    { 9, 13, 144, 0, 13, 30, 3633 }, // U+0169
    { 11, 16, 185, 1, 16, 44, 3663 }, // U+016A
    { 9, 12, 144, 0, 12, 27, 3707 }, // U+016B
    { 11, 16, 185, 1, 16, 44, 3734 }, // U+016C
    { 9, 12, 144, 0, 12, 27, 3778 }, // U+016D
    { 11, 18, 185, 1, 18, 50, 3805 }, // U+016E
    { 9, 15, 144, 0, 15, 34, 3855 }, // U+016F
    { 11, 16, 185, 1, 16, 44, 3889 }, // U+0170
    { 9, 13, 144, 0, 13, 30, 3933 }, // U+0171
    { 11, 15, 185, 1, 12, 42, 3963 }, // U+0172
    { 9, 12, 144, 0, 9, 27, 4005 }, // U+0173
    { 15, 16, 225, 1, 16, 60, 4032 }, // U+0174
    { 12, 12, 176, 0, 12, 36, 4092 }, // U+0175
    { 11, 16, 160, 1, 16, 44, 4128 }, // U+0176
    { 10, 15, 116, -2, 12, 38, 4172 }, // U+0177
    { 11, 16, 160, 1, 16, 44, 4210 }, // U+0178
    { 12, 16, 164, -1, 16, 48, 4254 }, // U+0179
    { 9, 13, 125, -1, 13, 30, 4302 }, // U+017A
    { 12, 16, 164, -1, 16, 48, 4332 }, // U+017B
    { 9, 12, 125, -1, 12, 27, 4380 }, // U+017C
    { 12, 16, 164, -1, 16, 48, 4407 }, // U+017D
    { 10, 12, 125, -1, 12, 30, 4455 }, // U+017E
    { 7, 14, 85, 0, 14, 25, 4485 }, // U+017F
    { 14, 14, 194, 0, 14, 49, 0 }, // U+01A0
    { 11, 11, 152, 0, 11, 31, 49 }, // U+01A1
    { 14, 14, 189, 0, 14, 49, 80 }, // U+01AF
    { 11, 11, 150, 0, 11, 31, 129 }, // U+01B0
    { 22, 16, 343, 0, 16, 88, 160 }, // U+01C4
    { 20, 12, 304, 0, 12, 60, 248 }, // U+01C5
    { 18, 12, 273, 0, 12, 54, 308 }, // U+01C6
    { 18, 12, 280, 0, 12, 54, 362 }, // U+01C7
    { 14, 16, 213, 0, 13, 56, 416 }, // U+01C8
    { 9, 16, 138, 0, 13, 36, 472 }, // U+01C9
    { 21, 12, 321, 0, 12, 63, 508 }, // U+01CA
    { 17, 16, 254, 0, 13, 68, 571 }, // U+01CB
    { 14, 16, 216, 0, 13, 56, 639 }, // U+01CC
    { 11, 16, 167, -1, 16, 44, 695 }, // U+01CD
    { 9, 12, 139, 0, 12, 27, 739 }, // U+01CE
    { 11, 16, 185, 1, 16, 44, 766 }, // U+01D3
    { 9, 12, 144, 0, 12, 27, 810 }, // U+01D4
    { 11, 16, 190, 0, 16, 44, 837 }, // U+01E6
    { 10, 16, 148, -1, 12, 40, 881 }, // U+01E7
    { 12, 15, 194, 0, 12, 45, 921 }, // U+01EA
    { 9, 12, 146, 0, 9, 27, 966 }, // U+01EB
    { 22, 12, 343, 0, 12, 66, 993 }, // U+01F1
    { 20, 12, 304, 0, 12, 60, 1059 }, // U+01F2
    { 18, 12, 273, 0, 12, 54, 1119 }, // U+01F3
    { 11, 19, 167, -1, 19, 53, 1173 }, // U+01FA
    { 9, 18, 139, 0, 18, 41, 1226 }, // U+01FB
    { 19, 16, 263, -1, 16, 76, 1267 }, // U+01FC
    { 14, 13, 232, 0, 13, 46, 1343 }, // U+01FD
    { 13, 16, 193, 0, 16, 52, 1389 }, // U+01FE
    { 10, 13, 146, -1, 13, 33, 1441 }, // U+01FF
    { 10, 17, 162, 0, 12, 43, 1474 }, // U+0218
    { 8, 14, 128, 0, 9, 28, 1517 }, // U+0219
    { 10, 17, 149, 1, 12, 43, 1545 }, // U+021A
    { 7, 16, 86, -1, 11, 28, 1588 }, // U+021B
    { 12, 16, 185, 0, 16, 48, 1616 }, // U+021E
    { 9, 16, 146, 0, 16, 36, 1664 }, // U+021F
    { 3, 3, 1, 2, 13, 3, 0 }, // U+0300
    { 4, 3, 1, 1, 13, 3, 3 }, // U+0301
    { 6, 2, 1, 1, 12, 3, 6 }, // U+0302
    { 7, 4, 1, 1, 13, 7, 9 }, // U+0303
    { 6, 3, 1, 1, 13, 5, 16 }, // U+0304
    { 5, 3, 1, 2, 12, 4, 21 }, // U+0306
    { 3, 3, 1, 1, 13, 3, 25 }, // U+0307
    { 6, 3, 1, 1, 13, 5, 28 }, // U+0308
    { 3, 5, 42, 1, 14, 4, 33 }, // U+0309
    { 4, 6, 1, 2, 15, 6, 37 }, // U+030A
    { 6, 3, 1, 1, 13, 5, 43 }, // U+030B
    { 7, 2, 1, 1, 12, 4, 48 }, // U+030C
    { 5, 5, 86, 0, 12, 7, 52 }, // U+031B
    { 3, 3, 55, -1, -1, 3, 59 }, // U+0323
    { 4, 5, 0, -2, 0, 5, 62 }, // U+0326
    { 4, 5, 0, -1, 1, 5, 67 }, // U+0327
    { 4, 4, 1, -1, 0, 4, 72 }, // U+0328
    { 0, 0, 0, 0, 0, 0, 76 }, // U+034F
    { 11, 16, 167, -1, 12, 44, 0 }, // U+1EA0
    { 8, 13, 139, 0, 9, 26, 44 }, // U+1EA1
    { 11, 17, 167, -1, 17, 47, 70 }, // U+1EA2
    { 8, 15, 139, 0, 15, 30, 117 }, // U+1EA3
    { 14, 18, 167, -1, 18, 63, 147 }, // U+1EA4
    { 11, 16, 139, 0, 16, 44, 210 }, // U+1EA5
    { 13, 18, 167, -1, 18, 59, 254 }, // U+1EA6
    { 10, 15, 139, 0, 15, 38, 313 }, // U+1EA7
    { 12, 19, 167, -1, 19, 57, 351 }, // U+1EA8
    { 10, 17, 139, 0, 17, 43, 408 }, // U+1EA9
    { 12, 20, 167, -1, 20, 60, 451 }, // U+1EAA
    { 10, 17, 139, 0, 17, 43, 511 }, // U+1EAB
    { 11, 20, 167, -1, 16, 55, 554 }, // U+1EAC
    { 9, 16, 139, 0, 12, 36, 609 }, // U+1EAD
    { 11, 19, 167, -1, 19, 53, 645 }, // U+1EAE
    { 9, 16, 139, 0, 16, 36, 698 }, // U+1EAF
    { 11, 19, 167, -1, 19, 53, 734 }, // U+1EB0
    { 9, 16, 139, 0, 16, 36, 787 }, // U+1EB1
    { 11, 21, 167, -1, 21, 58, 823 }, // U+1EB2
    { 9, 18, 139, 0, 18, 41, 881 }, // U+1EB3
    { 12, 20, 167, -1, 20, 60, 922 }, // U+1EB4
    { 10, 17, 139, 0, 17, 43, 982 }, // U+1EB5
    { 11, 20, 167, -1, 16, 55, 1025 }, // U+1EB6
    { 9, 16, 139, 0, 12, 36, 1080 }, // U+1EB7
    { 11, 16, 151, 0, 12, 44, 1116 }, // U+1EB8
    { 9, 13, 145, 0, 9, 30, 1160 }, // U+1EB9
    { 11, 17, 151, 0, 17, 47, 1190 }, // U+1EBA
    { 9, 15, 145, 0, 15, 34, 1237 }, // U+1EBB
    { 11, 16, 151, 0, 16, 44, 1271 }, // U+1EBC
    { 9, 13, 145, 0, 13, 30, 1315 }, // U+1EBD
    { 12, 18, 151, 0, 18, 54, 1345 }, // U+1EBE
    { 12, 16, 145, 0, 16, 48, 1399 }, // U+1EBF
    { 12, 18, 151, 0, 18, 54, 1447 }, // U+1EC0
    { 11, 15, 145, 0, 15, 42, 1501 }, // U+1EC1
    { 11, 19, 151, 0, 19, 53, 1543 }, // U+1EC2
    { 10, 17, 145, 0, 17, 43, 1596 }, // U+1EC3
    { 11, 20, 151, 0, 20, 55, 1639 }, // U+1EC4
    { 10, 17, 145, 0, 17, 43, 1694 }, // U+1EC5
    { 11, 20, 151, 0, 16, 55, 1737 }, // U+1EC6
    { 9, 16, 145, 0, 12, 36, 1792 }, // U+1EC7
    { 8, 17, 110, 0, 17, 34, 1828 }, // U+1EC8
    { 6, 14, 66, 0, 14, 21, 1862 }, // U+1EC9
    { 8, 16, 110, 0, 12, 32, 1883 }, // U+1ECA
    { 6, 17, 72, -1, 13, 26, 1915 }, // U+1ECB
    { 12, 16, 194, 0, 12, 48, 1941 }, // U+1ECC
    { 9, 13, 146, 0, 9, 30, 1989 }, // U+1ECD
    { 12, 18, 194, 0, 18, 54, 2019 }, // U+1ECE
    { 9, 15, 146, 0, 15, 34, 2073 }, // U+1ECF
    { 13, 18, 194, 0, 18, 59, 2107 }, // U+1ED0
    { 12, 16, 146, 0, 16, 48, 2166 }, // U+1ED1
    { 13, 18, 194, 0, 18, 59, 2214 }, // U+1ED2
    { 11, 15, 146, 0, 15, 42, 2273 }, // U+1ED3
    { 12, 19, 194, 0, 19, 57, 2315 }, // U+1ED4
    { 10, 17, 146, 0, 17, 43, 2372 }, // U+1ED5
    { 12, 20, 194, 0, 20, 60, 2415 }, // U+1ED6
    { 10, 17, 146, 0, 17, 43, 2475 }, // U+1ED7
    { 12, 20, 194, 0, 16, 60, 2518 }, // U+1ED8
    { 9, 16, 146, 0, 12, 36, 2578 }, // U+1ED9
    { 14, 16, 194, 0, 16, 56, 2614 }, // U+1EDA
    { 11, 12, 152, 0, 12, 33, 2670 }, // U+1EDB
    { 14, 16, 194, 0, 16, 56, 2703 }, // U+1EDC
    { 11, 12, 152, 0, 12, 33, 2759 }, // U+1EDD
    { 14, 17, 194, 0, 17, 60, 2792 }, // U+1EDE
    { 11, 14, 152, 0, 14, 39, 2852 }, // U+1EDF
    { 14, 16, 194, 0, 16, 56, 2891 }, // U+1EE0
    { 11, 12, 152, 0, 12, 33, 2947 }, // U+1EE1
    { 14, 18, 194, 0, 14, 63, 2980 }, // U+1EE2
    { 11, 15, 152, 0, 11, 42, 3043 }, // U+1EE3
    { 11, 16, 185, 1, 12, 44, 3085 }, // U+1EE4
    { 9, 13, 144, 0, 9, 30, 3129 }, // U+1EE5
    { 11, 18, 185, 1, 18, 50, 3159 }, // U+1EE6
    { 9, 15, 144, 0, 15, 34, 3209 }, // U+1EE7
    { 14, 16, 189, 0, 16, 56, 3243 }, // U+1EE8
    { 11, 13, 150, 0, 13, 36, 3299 }, // U+1EE9
    { 14, 16, 189, 0, 16, 56, 3335 }, // U+1EEA
    { 11, 13, 150, 0, 13, 36, 3391 }, // U+1EEB
    { 14, 18, 189, 0, 18, 63, 3427 }, // U+1EEC
    { 11, 14, 150, 0, 14, 39, 3490 }, // U+1EED
    { 14, 16, 189, 0, 16, 56, 3529 }, // U+1EEE
    { 11, 12, 150, 0, 12, 33, 3585 }, // U+1EEF
    { 14, 18, 189, 0, 14, 63, 3618 }, // U+1EF0
    { 11, 15, 150, 0, 11, 42, 3681 }, // U+1EF1
    { 11, 16, 160, 1, 16, 44, 3723 }, // U+1EF2
    { 10, 16, 116, -2, 13, 40, 3767 }, // U+1EF3
    { 11, 16, 160, 1, 12, 44, 3807 }, // U+1EF4
    { 10, 13, 116, -2, 9, 33, 3851 }, // U+1EF5
    { 11, 17, 160, 1, 17, 47, 3884 }, // U+1EF6
    { 10, 17, 116, -2, 14, 43, 3931 }, // U+1EF7
    { 11, 16, 160, 1, 16, 44, 3974 }, // U+1EF8
    { 10, 15, 116, -2, 12, 38, 4018 }, // U+1EF9
    { 0, 0, 0, 0, 0, 0, 0 }, // U+200B
    { 0, 0, 0, 0, 0, 0, 0 }, // U+200C
    { 0, 0, 0, 0, 0, 0, 0 }, // U+200D
    { 0, 0, 0, 0, 0, 0, 0 }, // U+200E
    { 0, 0, 0, 0, 0, 0, 0 }, // U+200F
    { 6, 3, 89, 0, 6, 5, 0 }, // U+2010
    { 8, 3, 133, 0, 6, 6, 5 }, // U+2013
    { 13, 3, 218, 0, 6, 10, 11 }, // U+2014
    { 4, 5, 63, 1, 12, 5, 21 }, // U+2018
    { 4, 5, 63, 1, 12, 5, 26 }, // U+2019
    { 4, 5, 64, -1, 3, 5, 31 }, // U+201A
    { 6, 5, 105, 1, 12, 8, 36 }, // U+201C
    { 6, 5, 105, 1, 12, 8, 44 }, // U+201D
    { 6, 5, 105, -1, 3, 8, 52 }, // U+201E
    { 9, 12, 144, 1, 12, 27, 60 }, // U+2020
    { 10, 12, 144, 0, 12, 30, 87 }, // U+2021
    { 7, 6, 119, 0, 8, 11, 117 }, // U+2022
    { 10, 3, 186, 0, 3, 8, 128 }, // U+2026
    { 0, 0, 0, 0, 0, 0, 136 }, // U+202A
    { 0, 0, 0, 0, 0, 0, 136 }, // U+202B
    { 0, 0, 0, 0, 0, 0, 136 }, // U+202C
    { 0, 0, 0, 0, 0, 0, 136 }, // U+202D
    { 0, 0, 0, 0, 0, 0, 136 }, // U+202E
    { 22, 12, 375, 1, 12, 66, 136 }, // U+2030
    { 6, 8, 95, 0, 9, 12, 202 }, // U+2039
    { 5, 8, 93, 0, 9, 10, 214 }, // U+203A
    { 10, 12, 118, -1, 12, 30, 224 }, // U+2044
    { 0, 0, 0, 0, 0, 0, 254 }, // U+2060
    { 0, 0, 0, 0, 0, 0, 254 }, // U+2061
    { 0, 0, 0, 0, 0, 0, 254 }, // U+2062
    { 0, 0, 0, 0, 0, 0, 254 }, // U+2063
    { 0, 0, 0, 0, 0, 0, 254 }, // U+2064
    { 0, 0, 0, 0, 0, 0, 254 }, // U+2066
    { 0, 0, 0, 0, 0, 0, 254 }, // U+2067
    { 0, 0, 0, 0, 0, 0, 254 }, // U+2068
    { 0, 0, 0, 0, 0, 0, 254 }, // U+2069
    { 0, 0, 0, 0, 0, 0, 254 }, // U+206A
    { 0, 0, 0, 0, 0, 0, 254 }, // U+206B
    { 0, 0, 0, 0, 0, 0, 254 }, // U+206C
    { 0, 0, 0, 0, 0, 0, 254 }, // U+206D
    { 0, 0, 0, 0, 0, 0, 254 }, // U+206E
    { 0, 0, 0, 0, 0, 0, 254 }, // U+206F
    { 6, 6, 106, 1, 13, 9, 0 }, // U+2074
    { 12, 15, 161, -1, 12, 45, 0 }, // U+20AB
    { 12, 12, 186, 0, 12, 36, 45 }, // U+20AC
    { 9, 13, 159, 0, 12, 30, 0 }, // U+2202
    { 8, 15, 203, 2, 12, 30, 30 }, // U+220F
    { 9, 15, 204, 2, 12, 34, 60 }, // U+2211
    { 9, 2, 165, 0, 5, 5, 94 }, // U+2212
    { 10, 12, 118, -1, 12, 30, 99 }, // U+2215
    { 3, 3, 63, 0, 6, 3, 129 }, // U+2219
    { 9, 15, 137, 0, 12, 34, 132 }, // U+221A
    { 12, 6, 208, 0, 7, 18, 166 }, // U+221E
    { 6, 14, 82, -1, 11, 21, 184 }, // U+222B
    { 9, 6, 161, 0, 7, 14, 205 }, // U+2248
    { 9, 9, 176, 1, 8, 21, 219 }, // U+2260
    { 8, 9, 174, 1, 9, 18, 240 }, // U+2264
    { 8, 9, 183, 2, 9, 18, 258 }, // U+2265
    { 11, 14, 156, 0, 14, 39, 0 }, // U+FB00
    { 10, 13, 141, 0, 13, 33, 39 }, // U+FB01
    { 10, 14, 154, 0, 14, 35, 72 }, // U+FB02
    { 14, 13, 212, 0, 13, 46, 107 }, // U+FB03
    { 14, 14, 225, 0, 14, 49, 153 }, // U+FB04
    { 8, 12, 140, 0, 12, 24, 0 }, // U+FFFD
};

static const EpdUnicodeInterval lexenddeca_8_italicIntervals[] = {
    { 0x0, 0x17F, 0x0 },
    { 0x1A0, 0x1A1, 0x180 },
    { 0x1AF, 0x1B0, 0x182 },
    { 0x1C4, 0x1CE, 0x184 },
    { 0x1D3, 0x1D4, 0x18F },
    { 0x1E6, 0x1E7, 0x191 },
    { 0x1EA, 0x1EB, 0x193 },
    { 0x1F1, 0x1F3, 0x195 },
    { 0x1FA, 0x1FF, 0x198 },
    { 0x218, 0x21B, 0x19E },
    { 0x21E, 0x21F, 0x1A2 },
    { 0x300, 0x304, 0x1A4 },
    { 0x306, 0x30C, 0x1A9 },
    { 0x31B, 0x31B, 0x1B0 },
    { 0x323, 0x323, 0x1B1 },
    { 0x326, 0x328, 0x1B2 },
    { 0x34F, 0x34F, 0x1B5 },
    { 0x1EA0, 0x1EF9, 0x1B6 },
    { 0x200B, 0x2010, 0x210 },
    { 0x2013, 0x2014, 0x216 },
    { 0x2018, 0x201A, 0x218 },
    { 0x201C, 0x201E, 0x21B },
    { 0x2020, 0x2022, 0x21E },
    { 0x2026, 0x2026, 0x221 },
    { 0x202A, 0x202E, 0x222 },
    { 0x2030, 0x2030, 0x227 },
    { 0x2039, 0x203A, 0x228 },
    { 0x2044, 0x2044, 0x22A },
    { 0x2060, 0x2064, 0x22B },
    { 0x2066, 0x206F, 0x230 },
    { 0x2074, 0x2074, 0x23A },
    { 0x20AB, 0x20AC, 0x23B },
    { 0x2202, 0x2202, 0x23D },
    { 0x220F, 0x220F, 0x23E },
    { 0x2211, 0x2212, 0x23F },
    { 0x2215, 0x2215, 0x241 },
    { 0x2219, 0x221A, 0x242 },
    { 0x221E, 0x221E, 0x244 },
    { 0x222B, 0x222B, 0x245 },
    { 0x2248, 0x2248, 0x246 },
    { 0x2260, 0x2260, 0x247 },
    { 0x2264, 0x2265, 0x248 },
    { 0xFB00, 0xFB04, 0x24A },
    { 0xFFFD, 0xFFFD, 0x24F },
};

static const EpdFontGroup lexenddeca_8_italicGroups[] = {
    { 0, 1739, 2786, 128, 0 },
    { 1739, 1526, 3241, 128, 128 },
    { 3265, 1966, 5183, 128, 256 },
    { 5231, 1086, 1923, 36, 384 },
    { 6317, 85, 87, 18, 420 },
    { 6402, 1197, 4569, 90, 438 },
    { 7599, 234, 302, 42, 528 },
    { 7833, 14, 12, 1, 570 },
    { 7847, 86, 81, 2, 571 },
    { 7933, 221, 331, 13, 573 },
    { 8154, 173, 231, 5, 586 },
    { 8327, 27, 24, 1, 591 },
};

static const EpdKernClassEntry lexenddeca_8_italicKernLeftClasses[] = {
    { 0x0028, 1 }, // (
    { 0x002C, 2 }, // ,
    { 0x002D, 3 }, // -
    { 0x002E, 2 }, // .
    { 0x002F, 4 }, // /
    { 0x0030, 5 }, // 0
    { 0x0031, 6 }, // 1
    { 0x0032, 7 }, // 2
    { 0x0034, 8 }, // 4
    { 0x0035, 9 }, // 5
    { 0x0036, 10 }, // 6
    { 0x0037, 11 }, // 7
    { 0x0038, 12 }, // 8
    { 0x0039, 13 }, // 9
    { 0x0041, 14 }, // A
    { 0x0042, 15 }, // B
    { 0x0043, 16 }, // C
    { 0x0044, 17 }, // D
    { 0x0045, 18 }, // E
    { 0x0046, 19 }, // F
    { 0x0047, 20 }, // G
    { 0x0049, 21 }, // I
    { 0x004A, 22 }, // J
    { 0x004B, 23 }, // K
    { 0x004C, 24 }, // L
    { 0x004F, 17 }, // O
    { 0x0050, 25 }, // P
    { 0x0051, 26 }, // Q
    { 0x0052, 27 }, // R
    { 0x0053, 28 }, // S
    { 0x0054, 29 }, // T
    { 0x0055, 30 }, // U
    { 0x0056, 31 }, // V
    { 0x0057, 32 }, // W
    { 0x0058, 33 }, // X
    { 0x0059, 34 }, // Y
    { 0x005A, 35 }, // Z
    { 0x0061, 36 }, // a
    { 0x0062, 37 }, // b
    { 0x0063, 38 }, // c
    { 0x0065, 39 }, // e
    { 0x0066, 40 }, // f
    { 0x0067, 41 }, // g
    { 0x0068, 42 }, // h
    { 0x006A, 43 }, // j
    { 0x006B, 44 }, // k
    { 0x006C, 45 }, // l
    { 0x006D, 42 }, // m
    { 0x006E, 42 }, // n
    { 0x006F, 37 }, // o
    { 0x0070, 37 }, // p
    { 0x0071, 46 }, // q
    { 0x0072, 47 }, // r
    { 0x0073, 48 }, // s
    { 0x0074, 49 }, // t
    { 0x0075, 50 }, // u
    { 0x0076, 51 }, // v
    { 0x0077, 52 }, // w
    { 0x0078, 53 }, // x
    { 0x0079, 51 }, // y
    { 0x007A, 54 }, // z
    { 0x00C0, 14 }, // U+00C0
    { 0x00C1, 14 }, // U+00C1
    { 0x00C2, 14 }, // U+00C2
    { 0x00C3, 14 }, // U+00C3
    { 0x00C4, 14 }, // U+00C4
    { 0x00C5, 14 }, // U+00C5
    { 0x00C6, 18 }, // U+00C6
    { 0x00C7, 16 }, // U+00C7
    { 0x00C8, 18 }, // U+00C8
    { 0x00C9, 18 }, // U+00C9
    { 0x00CA, 18 }, // U+00CA
    { 0x00CB, 18 }, // U+00CB
    { 0x00CC, 21 }, // U+00CC
    { 0x00CD, 21 }, // U+00CD
    { 0x00CE, 21 }, // U+00CE
    { 0x00CF, 21 }, // U+00CF
    { 0x00D0, 17 }, // U+00D0
    { 0x00D2, 17 }, // U+00D2
    { 0x00D3, 17 }, // U+00D3
    { 0x00D4, 17 }, // U+00D4
    { 0x00D5, 17 }, // U+00D5
    { 0x00D6, 17 }, // U+00D6
    { 0x00D8, 17 }, // U+00D8
    { 0x00D9, 30 }, // U+00D9
    { 0x00DA, 30 }, // U+00DA
    { 0x00DB, 30 }, // U+00DB
    { 0x00DC, 30 }, // U+00DC
    { 0x00DD, 34 }, // U+00DD
    { 0x00E0, 42 }, // U+00E0
    { 0x00E1, 42 }, // U+00E1
    { 0x00E2, 42 }, // U+00E2
    { 0x00E3, 42 }, // U+00E3
    { 0x00E4, 42 }, // U+00E4
    { 0x00E5, 42 }, // U+00E5
    { 0x00E6, 39 }, // U+00E6
    { 0x00E7, 38 }, // U+00E7
    { 0x00E8, 39 }, // U+00E8
    { 0x00E9, 39 }, // U+00E9
    { 0x00EA, 39 }, // U+00EA
    { 0x00EB, 39 }, // U+00EB
    { 0x00F0, 17 }, // U+00F0
    { 0x00F1, 42 }, // U+00F1
    { 0x00F2, 37 }, // U+00F2
    { 0x00F3, 37 }, // U+00F3
    { 0x00F4, 37 }, // U+00F4
    { 0x00F5, 37 }, // U+00F5
    { 0x00F6, 37 }, // U+00F6
    { 0x00F8, 37 }, // U+00F8
    { 0x00F9, 50 }, // U+00F9
    { 0x00FA, 50 }, // U+00FA
    { 0x00FB, 50 }, // U+00FB
    { 0x00FC, 50 }, // U+00FC
    { 0x00FD, 51 }, // U+00FD
    { 0x00FE, 37 }, // U+00FE
    { 0x00FF, 51 }, // U+00FF
    { 0x0100, 14 }, // U+0100
    { 0x0101, 42 }, // U+0101
    { 0x0102, 14 }, // U+0102
    { 0x0103, 42 }, // U+0103
    { 0x0104, 14 }, // U+0104
    { 0x0105, 42 }, // U+0105
    { 0x0106, 16 }, // U+0106
    { 0x0107, 38 }, // U+0107
    { 0x0108, 16 }, // U+0108
    { 0x0109, 38 }, // U+0109
    { 0x010A, 16 }, // U+010A
    { 0x010B, 38 }, // U+010B
    { 0x010C, 16 }, // U+010C
    { 0x010D, 38 }, // U+010D
    { 0x010E, 17 }, // U+010E
    { 0x010F, 55 }, // U+010F
    { 0x0111, 40 }, // U+0111
    { 0x0112, 18 }, // U+0112
    { 0x0113, 39 }, // U+0113
    { 0x0114, 18 }, // U+0114
    { 0x0115, 39 }, // U+0115
    { 0x0116, 18 }, // U+0116
    { 0x0117, 39 }, // U+0117
    { 0x0118, 18 }, // U+0118
    { 0x0119, 39 }, // U+0119
    { 0x011A, 18 }, // U+011A
    { 0x011B, 39 }, // U+011B
    { 0x011C, 20 }, // U+011C
    { 0x011D, 41 }, // U+011D
    { 0x011E, 20 }, // U+011E
    { 0x011F, 41 }, // U+011F
    { 0x0120, 20 }, // U+0120
    { 0x0121, 41 }, // U+0121
    { 0x0122, 20 }, // U+0122
    { 0x0123, 41 }, // U+0123
    { 0x0125, 42 }, // U+0125
    { 0x0127, 42 }, // U+0127
    { 0x0128, 21 }, // U+0128
    { 0x012A, 21 }, // U+012A
    { 0x012C, 21 }, // U+012C
    { 0x012E, 21 }, // U+012E
    { 0x0130, 21 }, // U+0130
    { 0x0132, 22 }, // U+0132
    { 0x0133, 43 }, // U+0133
    { 0x0134, 22 }, // U+0134
    { 0x0135, 43 }, // U+0135
    { 0x0136, 23 }, // U+0136
    { 0x0137, 44 }, // U+0137
    { 0x0138, 44 }, // U+0138
    { 0x0139, 24 }, // U+0139
    { 0x013A, 56 }, // U+013A
    { 0x013B, 24 }, // U+013B
    { 0x013C, 56 }, // U+013C
    { 0x013E, 55 }, // U+013E
    { 0x013F, 24 }, // U+013F
    { 0x0140, 57 }, // U+0140
    { 0x0141, 24 }, // U+0141
    { 0x0142, 56 }, // U+0142
    { 0x0144, 42 }, // U+0144
    { 0x0146, 42 }, // U+0146
    { 0x0148, 42 }, // U+0148
    { 0x014C, 17 }, // U+014C
    { 0x014D, 37 }, // U+014D
    { 0x014E, 17 }, // U+014E
    { 0x014F, 37 }, // U+014F
    { 0x0150, 17 }, // U+0150
    { 0x0151, 37 }, // U+0151
    { 0x0152, 18 }, // U+0152
    { 0x0153, 39 }, // U+0153
    { 0x0154, 27 }, // U+0154
    { 0x0155, 47 }, // U+0155
    { 0x0156, 27 }, // U+0156
    { 0x0157, 47 }, // U+0157
    { 0x0158, 27 }, // U+0158
    { 0x0159, 47 }, // U+0159
    { 0x015A, 28 }, // U+015A
    { 0x015B, 48 }, // U+015B
    { 0x015C, 28 }, // U+015C
    { 0x015D, 48 }, // U+015D
    { 0x015E, 28 }, // U+015E
    { 0x015F, 48 }, // U+015F
    { 0x0160, 28 }, // U+0160
    { 0x0161, 48 }, // U+0161
    { 0x0162, 29 }, // U+0162
    { 0x0163, 49 }, // U+0163
    { 0x0164, 29 }, // U+0164
    { 0x0165, 55 }, // U+0165
    { 0x0166, 29 }, // U+0166
    { 0x0167, 49 }, // U+0167
    { 0x0168, 30 }, // U+0168
    { 0x0169, 50 }, // U+0169
    { 0x016A, 30 }, // U+016A
    { 0x016B, 50 }, // U+016B
    { 0x016C, 30 }, // U+016C
    { 0x016D, 50 }, // U+016D
    { 0x016E, 30 }, // U+016E
    { 0x016F, 50 }, // U+016F
    { 0x0170, 30 }, // U+0170
    { 0x0171, 50 }, // U+0171
    { 0x0172, 30 }, // U+0172
    { 0x0173, 50 }, // U+0173
    { 0x0176, 34 }, // U+0176
    { 0x0177, 51 }, // U+0177
    { 0x0178, 34 }, // U+0178
    { 0x0179, 35 }, // U+0179
    { 0x017A, 54 }, // U+017A
    { 0x017B, 35 }, // U+017B
    { 0x017C, 54 }, // U+017C
    { 0x017D, 35 }, // U+017D
    { 0x017E, 54 }, // U+017E
    { 0x017F, 40 }, // U+017F
    { 0x01A0, 58 }, // U+01A0
    { 0x01A1, 59 }, // U+01A1
    { 0x01AF, 60 }, // U+01AF
    { 0x01B0, 61 }, // U+01B0
    { 0x01C4, 35 }, // U+01C4
    { 0x01C5, 54 }, // U+01C5
    { 0x01C6, 54 }, // U+01C6
    { 0x01C7, 22 }, // U+01C7
    { 0x01C8, 43 }, // U+01C8
    { 0x01C9, 43 }, // U+01C9
    { 0x01CA, 22 }, // U+01CA
    { 0x01CB, 43 }, // U+01CB
    { 0x01CC, 43 }, // U+01CC
    { 0x01CD, 14 }, // U+01CD
    { 0x01CE, 42 }, // U+01CE
    { 0x01D3, 30 }, // U+01D3
    { 0x01D4, 50 }, // U+01D4
    { 0x01E6, 20 }, // U+01E6
    { 0x01E7, 41 }, // U+01E7
    { 0x01EA, 17 }, // U+01EA
    { 0x01EB, 37 }, // U+01EB
    { 0x01F1, 35 }, // U+01F1
    { 0x01F2, 54 }, // U+01F2
    { 0x01F3, 54 }, // U+01F3
    { 0x01FA, 14 }, // U+01FA
    { 0x01FB, 42 }, // U+01FB
    { 0x01FC, 18 }, // U+01FC
    { 0x01FD, 39 }, // U+01FD
    { 0x01FE, 17 }, // U+01FE
    { 0x01FF, 37 }, // U+01FF
    { 0x0218, 28 }, // U+0218
    { 0x0219, 48 }, // U+0219
    { 0x021A, 29 }, // U+021A
    { 0x021B, 49 }, // U+021B
    { 0x021F, 42 }, // U+021F
    { 0x1EA0, 14 }, // U+1EA0
    { 0x1EA1, 42 }, // U+1EA1
    { 0x1EA2, 14 }, // U+1EA2
    { 0x1EA4, 14 }, // U+1EA4
    { 0x1EA5, 42 }, // U+1EA5
    { 0x1EA6, 14 }, // U+1EA6
    { 0x1EA7, 42 }, // U+1EA7
    { 0x1EA8, 14 }, // U+1EA8
    { 0x1EA9, 42 }, // U+1EA9
    { 0x1EAA, 14 }, // U+1EAA
    { 0x1EAB, 42 }, // U+1EAB
    { 0x1EAC, 14 }, // U+1EAC
    { 0x1EAD, 42 }, // U+1EAD
    { 0x1EAE, 14 }, // U+1EAE
    { 0x1EAF, 42 }, // U+1EAF
    { 0x1EB0, 14 }, // U+1EB0
    { 0x1EB1, 42 }, // U+1EB1
    { 0x1EB2, 14 }, // U+1EB2
    { 0x1EB3, 42 }, // U+1EB3
    { 0x1EB4, 14 }, // U+1EB4
    { 0x1EB5, 42 }, // U+1EB5
    { 0x1EB6, 14 }, // U+1EB6
    { 0x1EB7, 42 }, // U+1EB7
    { 0x1EB8, 18 }, // U+1EB8
    { 0x1EB9, 39 }, // U+1EB9
    { 0x1EBA, 18 }, // U+1EBA
    { 0x1EBB, 39 }, // U+1EBB
    { 0x1EBC, 18 }, // U+1EBC
    { 0x1EBD, 39 }, // U+1EBD
    { 0x1EBE, 18 }, // U+1EBE
    { 0x1EC0, 18 }, // U+1EC0
    { 0x1EC2, 18 }, // U+1EC2
    { 0x1EC4, 18 }, // U+1EC4
    { 0x1EC6, 18 }, // U+1EC6
    { 0x1EC7, 39 }, // U+1EC7
    { 0x1EC8, 21 }, // U+1EC8
    { 0x1ECA, 21 }, // U+1ECA
    { 0x1ECC, 17 }, // U+1ECC
    { 0x1ECD, 37 }, // U+1ECD
    { 0x1ECE, 17 }, // U+1ECE
    { 0x1ECF, 37 }, // U+1ECF
    { 0x1ED0, 17 }, // U+1ED0
    { 0x1ED2, 17 }, // U+1ED2
    { 0x1ED4, 17 }, // U+1ED4
    { 0x1ED6, 17 }, // U+1ED6
    { 0x1ED7, 37 }, // U+1ED7
    { 0x1ED8, 17 }, // U+1ED8
    { 0x1ED9, 37 }, // U+1ED9
    { 0x1EDA, 58 }, // U+1EDA
    { 0x1EDB, 59 }, // U+1EDB
    { 0x1EDC, 58 }, // U+1EDC
    { 0x1EDD, 59 }, // U+1EDD
    { 0x1EDE, 58 }, // U+1EDE
    { 0x1EDF, 59 }, // U+1EDF
    { 0x1EE0, 58 }, // U+1EE0
    { 0x1EE1, 59 }, // U+1EE1
    { 0x1EE2, 58 }, // U+1EE2
    { 0x1EE3, 59 }, // U+1EE3
    { 0x1EE8, 60 }, // U+1EE8
    { 0x1EE9, 61 }, // U+1EE9
    { 0x1EEA, 60 }, // U+1EEA
    { 0x1EEB, 61 }, // U+1EEB
    { 0x1EEC, 60 }, // U+1EEC
    { 0x1EED, 61 }, // U+1EED
    { 0x1EEE, 60 }, // U+1EEE
    { 0x1EEF, 61 }, // U+1EEF
    { 0x1EF0, 60 }, // U+1EF0
    { 0x1EF1, 61 }, // U+1EF1
    { 0x1EF2, 34 }, // U+1EF2
    { 0x1EF3, 51 }, // U+1EF3
    { 0x1EF4, 34 }, // U+1EF4
    { 0x1EF5, 51 }, // U+1EF5
    { 0x1EF6, 34 }, // U+1EF6
    { 0x1EF7, 51 }, // U+1EF7
    { 0x1EF8, 34 }, // U+1EF8
    { 0x1EF9, 51 }, // U+1EF9
    { 0x2013, 3 }, // U+2013
    { 0x2014, 3 }, // U+2014
    { 0x2019, 62 }, // U+2019
    { 0x201A, 2 }, // U+201A
    { 0x201D, 62 }, // U+201D
    { 0x201E, 2 }, // U+201E
    { 0x2026, 2 }, // U+2026
    { 0x20AB, 40 }, // U+20AB
    { 0xFB00, 40 }, // U+FB00
    { 0xFB02, 56 }, // U+FB02
    { 0xFB04, 56 }, // U+FB04
};

static const EpdKernClassEntry lexenddeca_8_italicKernRightClasses[] = {
    { 0x0025, 1 }, // %
    { 0x0029, 2 }, // )
    { 0x002C, 3 }, // ,
    { 0x002D, 4 }, // -
    { 0x002E, 3 }, // .
    { 0x002F, 5 }, // /
    { 0x0030, 6 }, // 0
    { 0x0031, 7 }, // 1
    { 0x0032, 8 }, // 2
    { 0x0034, 9 }, // 4
    { 0x0037, 10 }, // 7
    { 0x0038, 11 }, // 8
    { 0x0039, 12 }, // 9
    { 0x0041, 13 }, // A
    { 0x0043, 14 }, // C
    { 0x0047, 14 }, // G
    { 0x0049, 15 }, // I
    { 0x004A, 16 }, // J
    { 0x004F, 14 }, // O
    { 0x0051, 14 }, // Q
    { 0x0053, 17 }, // S
    { 0x0054, 18 }, // T
    { 0x0055, 19 }, // U
    { 0x0056, 20 }, // V
    { 0x0057, 21 }, // W
    { 0x0058, 22 }, // X
    { 0x0059, 23 }, // Y
    { 0x005A, 24 }, // Z
    { 0x0061, 25 }, // a
    { 0x0063, 26 }, // c
    { 0x0064, 26 }, // d
    { 0x0065, 26 }, // e
    { 0x0066, 27 }, // f
    { 0x0067, 28 }, // g
    { 0x0068, 29 }, // h
    { 0x0069, 30 }, // i
    { 0x006A, 31 }, // j
    { 0x006B, 29 }, // k
    { 0x006C, 32 }, // l
    { 0x006D, 33 }, // m
    { 0x006E, 33 }, // n
    { 0x006F, 26 }, // o
    { 0x0070, 34 }, // p
    { 0x0071, 26 }, // q
    { 0x0072, 33 }, // r
    { 0x0073, 35 }, // s
    { 0x0074, 36 }, // t
    { 0x0075, 37 }, // u
    { 0x0076, 38 }, // v
    { 0x0077, 39 }, // w
    { 0x0078, 40 }, // x
    { 0x0079, 38 }, // y
    { 0x007A, 41 }, // z
    { 0x00B0, 42 }, // U+00B0
    { 0x00C0, 13 }, // U+00C0
    { 0x00C1, 13 }, // U+00C1
    { 0x00C2, 13 }, // U+00C2
    { 0x00C3, 13 }, // U+00C3
    { 0x00C4, 13 }, // U+00C4
    { 0x00C5, 13 }, // U+00C5
    { 0x00C6, 43 }, // U+00C6
    { 0x00C7, 14 }, // U+00C7
    { 0x00CC, 15 }, // U+00CC
    { 0x00CD, 15 }, // U+00CD
    { 0x00CE, 15 }, // U+00CE
    { 0x00CF, 15 }, // U+00CF
    { 0x00D2, 14 }, // U+00D2
    { 0x00D3, 14 }, // U+00D3
    { 0x00D4, 14 }, // U+00D4
    { 0x00D5, 14 }, // U+00D5
    { 0x00D6, 14 }, // U+00D6
    { 0x00D8, 14 }, // U+00D8
    { 0x00D9, 19 }, // U+00D9
    { 0x00DA, 19 }, // U+00DA
    { 0x00DB, 19 }, // U+00DB
    { 0x00DC, 19 }, // U+00DC
    { 0x00DD, 44 }, // U+00DD
    { 0x00E0, 25 }, // U+00E0
    { 0x00E1, 25 }, // U+00E1
    { 0x00E2, 25 }, // U+00E2
    { 0x00E3, 25 }, // U+00E3
    { 0x00E4, 25 }, // U+00E4
    { 0x00E5, 25 }, // U+00E5
    { 0x00E6, 25 }, // U+00E6
    { 0x00E7, 26 }, // U+00E7
    { 0x00E8, 26 }, // U+00E8
    { 0x00E9, 26 }, // U+00E9
    { 0x00EA, 26 }, // U+00EA
    { 0x00EB, 26 }, // U+00EB
    { 0x00EC, 30 }, // U+00EC
    { 0x00ED, 30 }, // U+00ED
    { 0x00EE, 30 }, // U+00EE
    { 0x00EF, 30 }, // U+00EF
    { 0x00F0, 26 }, // U+00F0
    { 0x00F1, 33 }, // U+00F1
    { 0x00F2, 26 }, // U+00F2
    { 0x00F3, 26 }, // U+00F3
    { 0x00F4, 26 }, // U+00F4
    { 0x00F5, 26 }, // U+00F5
    { 0x00F6, 26 }, // U+00F6
    { 0x00F8, 26 }, // U+00F8
    { 0x00F9, 37 }, // U+00F9
    { 0x00FA, 37 }, // U+00FA
    { 0x00FB, 37 }, // U+00FB
    { 0x00FC, 37 }, // U+00FC
    { 0x00FD, 38 }, // U+00FD
    { 0x00FF, 38 }, // U+00FF
    { 0x0100, 13 }, // U+0100
    { 0x0101, 25 }, // U+0101
    { 0x0102, 13 }, // U+0102
    { 0x0103, 25 }, // U+0103
    { 0x0104, 13 }, // U+0104
    { 0x0105, 25 }, // U+0105
    { 0x0106, 14 }, // U+0106
    { 0x0107, 26 }, // U+0107
    { 0x0108, 14 }, // U+0108
    { 0x0109, 26 }, // U+0109
    { 0x010A, 14 }, // U+010A
    { 0x010B, 26 }, // U+010B
    { 0x010C, 14 }, // U+010C
    { 0x010D, 26 }, // U+010D
    { 0x010F, 26 }, // U+010F
    { 0x0111, 26 }, // U+0111
    { 0x0113, 26 }, // U+0113
    { 0x0115, 26 }, // U+0115
    { 0x0117, 26 }, // U+0117
    { 0x0119, 26 }, // U+0119
    { 0x011B, 26 }, // U+011B
    { 0x011C, 14 }, // U+011C
    { 0x011D, 28 }, // U+011D
    { 0x011E, 14 }, // U+011E
    { 0x011F, 28 }, // U+011F
    { 0x0120, 14 }, // U+0120
    { 0x0121, 28 }, // U+0121
    { 0x0122, 14 }, // U+0122
    { 0x0123, 28 }, // U+0123
    { 0x0125, 29 }, // U+0125
    { 0x0127, 29 }, // U+0127
    { 0x0128, 15 }, // U+0128
    { 0x0129, 30 }, // U+0129
    { 0x012A, 15 }, // U+012A
    { 0x012B, 30 }, // U+012B
    { 0x012C, 15 }, // U+012C
    { 0x012D, 30 }, // U+012D
    { 0x012E, 15 }, // U+012E
    { 0x012F, 30 }, // U+012F
    { 0x0130, 15 }, // U+0130
    { 0x0131, 30 }, // U+0131
    { 0x0132, 15 }, // U+0132
    { 0x0133, 30 }, // U+0133
    { 0x0134, 16 }, // U+0134
    { 0x0135, 31 }, // U+0135
    { 0x0137, 29 }, // U+0137
    { 0x0138, 29 }, // U+0138
    { 0x013A, 32 }, // U+013A
    { 0x013C, 32 }, // U+013C
    { 0x013E, 32 }, // U+013E
    { 0x0140, 32 }, // U+0140
    { 0x0142, 32 }, // U+0142
    { 0x0144, 33 }, // U+0144
    { 0x0146, 33 }, // U+0146
    { 0x0148, 33 }, // U+0148
    { 0x014C, 14 }, // U+014C
    { 0x014D, 26 }, // U+014D
    { 0x014E, 14 }, // U+014E
    { 0x014F, 26 }, // U+014F
    { 0x0150, 14 }, // U+0150
    { 0x0151, 26 }, // U+0151
    { 0x0152, 14 }, // U+0152
    { 0x0153, 26 }, // U+0153
    { 0x0155, 33 }, // U+0155
    { 0x0157, 33 }, // U+0157
    { 0x0159, 33 }, // U+0159
    { 0x015A, 17 }, // U+015A
    { 0x015B, 35 }, // U+015B
    { 0x015C, 17 }, // U+015C
    { 0x015D, 35 }, // U+015D
    { 0x015E, 17 }, // U+015E
    { 0x015F, 35 }, // U+015F
    { 0x0160, 17 }, // U+0160
    { 0x0161, 35 }, // U+0161
    { 0x0162, 45 }, // U+0162
    { 0x0163, 36 }, // U+0163
    { 0x0164, 45 }, // U+0164
    { 0x0165, 36 }, // U+0165
    { 0x0166, 45 }, // U+0166
    { 0x0167, 36 }, // U+0167
    { 0x0168, 19 }, // U+0168
    { 0x0169, 37 }, // U+0169
    { 0x016A, 19 }, // U+016A
    { 0x016B, 37 }, // U+016B
    { 0x016C, 19 }, // U+016C
    { 0x016D, 37 }, // U+016D
    { 0x016E, 19 }, // U+016E
    { 0x016F, 37 }, // U+016F
    { 0x0170, 19 }, // U+0170
    { 0x0171, 37 }, // U+0171
    { 0x0172, 19 }, // U+0172
    { 0x0173, 37 }, // U+0173
    { 0x0176, 44 }, // U+0176
    { 0x0177, 38 }, // U+0177
    { 0x0178, 44 }, // U+0178
    { 0x0179, 24 }, // U+0179
    { 0x017A, 41 }, // U+017A
    { 0x017B, 24 }, // U+017B
    { 0x017C, 41 }, // U+017C
    { 0x017D, 24 }, // U+017D
    { 0x017E, 41 }, // U+017E
    { 0x017F, 27 }, // U+017F
    { 0x01A0, 14 }, // U+01A0
    { 0x01A1, 26 }, // U+01A1
    { 0x01C6, 26 }, // U+01C6
    { 0x01C9, 32 }, // U+01C9
    { 0x01CC, 33 }, // U+01CC
    { 0x01CD, 13 }, // U+01CD
    { 0x01CE, 25 }, // U+01CE
    { 0x01D3, 19 }, // U+01D3
    { 0x01D4, 37 }, // U+01D4
    { 0x01E6, 14 }, // U+01E6
    { 0x01E7, 28 }, // U+01E7
    { 0x01EA, 14 }, // U+01EA
    { 0x01EB, 26 }, // U+01EB
    { 0x01F3, 26 }, // U+01F3
    { 0x01FA, 13 }, // U+01FA
    { 0x01FB, 25 }, // U+01FB
    { 0x01FC, 43 }, // U+01FC
    { 0x01FD, 25 }, // U+01FD
    { 0x01FE, 14 }, // U+01FE
    { 0x01FF, 26 }, // U+01FF
    { 0x0218, 17 }, // U+0218
    { 0x0219, 35 }, // U+0219
    { 0x021A, 45 }, // U+021A
    { 0x021B, 36 }, // U+021B
    { 0x021F, 29 }, // U+021F
    { 0x1EA0, 13 }, // U+1EA0
    { 0x1EA1, 25 }, // U+1EA1
    { 0x1EA2, 13 }, // U+1EA2
    { 0x1EA3, 25 }, // U+1EA3
    { 0x1EA4, 13 }, // U+1EA4
    { 0x1EA5, 25 }, // U+1EA5
    { 0x1EA6, 13 }, // U+1EA6
    { 0x1EA7, 25 }, // U+1EA7
    { 0x1EA8, 13 }, // U+1EA8
    { 0x1EA9, 25 }, // U+1EA9
    { 0x1EAA, 13 }, // U+1EAA
    { 0x1EAB, 25 }, // U+1EAB
    { 0x1EAC, 13 }, // U+1EAC
    { 0x1EAD, 25 }, // U+1EAD
    { 0x1EAE, 13 }, // U+1EAE
    { 0x1EAF, 25 }, // U+1EAF
    { 0x1EB0, 13 }, // U+1EB0
    { 0x1EB1, 25 }, // U+1EB1
    { 0x1EB2, 13 }, // U+1EB2
    { 0x1EB3, 25 }, // U+1EB3
    { 0x1EB4, 13 }, // U+1EB4
    { 0x1EB5, 25 }, // U+1EB5
    { 0x1EB6, 13 }, // U+1EB6
    { 0x1EB7, 25 }, // U+1EB7
    { 0x1EB9, 26 }, // U+1EB9
    { 0x1EBB, 26 }, // U+1EBB
    { 0x1EBD, 26 }, // U+1EBD
    { 0x1EBF, 26 }, // U+1EBF
    { 0x1EC1, 26 }, // U+1EC1
    { 0x1EC3, 26 }, // U+1EC3
    { 0x1EC5, 26 }, // U+1EC5
    { 0x1EC7, 26 }, // U+1EC7
    { 0x1EC8, 15 }, // U+1EC8
    { 0x1EC9, 30 }, // U+1EC9
    { 0x1ECA, 15 }, // U+1ECA
    { 0x1ECB, 30 }, // U+1ECB
    { 0x1ECC, 14 }, // U+1ECC
    { 0x1ECD, 26 }, // U+1ECD
    { 0x1ECE, 14 }, // U+1ECE
    { 0x1ECF, 26 }, // U+1ECF
    { 0x1ED0, 14 }, // U+1ED0
    { 0x1ED1, 26 }, // U+1ED1
    { 0x1ED2, 14 }, // U+1ED2
    { 0x1ED3, 26 }, // U+1ED3
    { 0x1ED4, 14 }, // U+1ED4
    { 0x1ED5, 26 }, // U+1ED5
    { 0x1ED6, 14 }, // U+1ED6
    { 0x1ED7, 26 }, // U+1ED7
    { 0x1ED8, 14 }, // U+1ED8
    { 0x1ED9, 26 }, // U+1ED9
    { 0x1EDA, 14 }, // U+1EDA
    { 0x1EDB, 26 }, // U+1EDB
    { 0x1EDC, 14 }, // U+1EDC
    { 0x1EDD, 26 }, // U+1EDD
    { 0x1EDE, 14 }, // U+1EDE
    { 0x1EDF, 26 }, // U+1EDF
    { 0x1EE0, 14 }, // U+1EE0
    { 0x1EE1, 26 }, // U+1EE1
    { 0x1EE2, 14 }, // U+1EE2
    { 0x1EE3, 26 }, // U+1EE3
    { 0x1EE4, 19 }, // U+1EE4
    { 0x1EE5, 37 }, // U+1EE5
    { 0x1EE6, 19 }, // U+1EE6
    { 0x1EE7, 37 }, // U+1EE7
    { 0x1EE8, 19 }, // U+1EE8
    { 0x1EE9, 37 }, // U+1EE9
    { 0x1EEA, 19 }, // U+1EEA
    { 0x1EEB, 37 }, // U+1EEB
    { 0x1EEC, 19 }, // U+1EEC
    { 0x1EED, 37 }, // U+1EED
    { 0x1EEE, 19 }, // U+1EEE
    { 0x1EEF, 37 }, // U+1EEF
    { 0x1EF0, 19 }, // U+1EF0
    { 0x1EF1, 37 }, // U+1EF1
    { 0x1EF2, 44 }, // U+1EF2
    { 0x1EF3, 38 }, // U+1EF3
    { 0x1EF4, 44 }, // U+1EF4
    { 0x1EF5, 38 }, // U+1EF5
    { 0x1EF6, 44 }, // U+1EF6
    { 0x1EF7, 38 }, // U+1EF7
    { 0x1EF8, 44 }, // U+1EF8
    { 0x1EF9, 38 }, // U+1EF9
    { 0x2013, 4 }, // U+2013
    { 0x2014, 4 }, // U+2014
    { 0x2019, 46 }, // U+2019
    { 0x201A, 3 }, // U+201A
    { 0x201D, 46 }, // U+201D
    { 0x201E, 3 }, // U+201E
    { 0x2026, 3 }, // U+2026
    { 0x2030, 1 }, // U+2030
    { 0x20AB, 26 }, // U+20AB
    { 0x2202, 26 }, // U+2202
    { 0xFB00, 27 }, // U+FB00
    { 0xFB01, 27 }, // U+FB01
    { 0xFB02, 27 }, // U+FB02
    { 0xFB03, 27 }, // U+FB03
    { 0xFB04, 27 }, // U+FB04
};

static const int8_t lexenddeca_8_italicKernMatrix[] = {
       0,    0,    0,    0,    0,    0,    0,    0,    0,    8,    0,    0,    0,    0,    0,    0,    0,    0,    0,    0,    0,    0,    0,    0,    0,    0,    0,    0,    0,    0,    0,    0,    0,    0,    0,    0,    0,    0,    0,    0,    0,    0,    0,    0,    0,    0,
       0,    0,    0,    0,    0,    0,    0,    0,    0,    0,    0,    0,    0,    0,    0,    0,    0,    0,    0,    0,    0,    0,    0,    0,    0,    0,    0,   -6,    0,    0,    0,    0,    0,    0,    0,    0,    0,    0,    0,    0,    0,    0,    0,    0,    0,    0,
       0,    0,    0,    0,    0,    0,  -13,   -8,    8,  -15,    0,    0,    0,    0,    0,    0,    0,    0,    0,    0,    0,    0,    0,    0,    0,    0,    0,    0,    0,    0,    0,    0,    0,    0,    0,    0,    0,    0,    0,    0,    0,    0,    0,    0,    0,    0,
       0,    0,    0,    0,  -21,    0,    0,    0,    0,    0,    0,    0,    0,    0,    0,    0,    0,    0,    0,    0,    0,    0,    0,    0,    0,    0,    0,    0,    0,    0,    0,    0,    0,    0,    0,    0,    0,    0,    0,    0,    0,    0,    0,    0,    0,    0,
       0,    0,    0,    0,    0,    0,    0,   -5,    0,    0,    0,    0,    0,    0,    0,    0,    0,    0,    0,    0,    0,    0,    0,    0,    0,    0,    0,    0,    0,    0,    0,    0,    0,    0,    0,    0,    0,    0,    0,    0,    0,    0,    0,    0,    0,    0,
       0,    4,    0,    0,    0,    0,    0,    0,    0,    0,    0,    0,    0,    0,    0,    0,    0,    0,    0,    0,    0,    0,    0,    0,    0,    0,    0,    0,    0,    0,    0,    0,    0,    0,    0,    0,    0,    0,    0,    0,    0,    0,    0,    0,    0,    0,
       0,    0,    0,    0,    0,    0,    0,    0,   -2,    0,    0,    0,    0,    0,    0,    0,    0,    0,    0,    0,    0,    0,    0,    0,    0,    0,    0,    0,    0,    0,    0,    0,    0,    0,    0,    0,    0,    0,    0,    0,    0,    0,    0,    0,    0,    0,
     -13,    0,    0,    0,    0,    0,    0,    0,    0,    0,    0,   -6,    0,    0,    0,    0,    0,    0,    0,    0,    0,    0,    0,    0,    0,    0,    0,    0,    0,    0,    0,    0,    0,    0,    0,    0,    0,    0,    0,    0,    0,  -20,    0,    0,    0,    0,
       0,    0,    0,    0,    0,    0,    0,    0,    0,    0,    0,   -4,    0,    0,    0,    0,    0,    0,    0,    0,    0,    0,    0,    0,    0,    0,    0,    0,    0,    0,    0,    0,    0,    0,    0,    0,    0,    0,    0,    0,    0,    0,    0,    0,    0,    0,
      -9,    0,    0,    0,    0,    0,   -6,   -5,    0,    0,    0,    0,    0,    0,    0,    0,    0,    0,    0,    0,    0,    0,    0,    0,    0,    0,    0,    0,    0,    0,    0,    0,    0,    0,    0,    0,    0,    0,    0,    0,    0,    0,    0,    0,    0,    0,
       8,    0,    0,  -15,    0,    0,    7,    0,  -13,   10,  -13,    0,    0,    0,    0,    0,    0,    0,    0,    0,    0,    0,    0,    0,    0,    0,    0,    0,    0,    0,    0,    0,    0,    0,    0,    0,    0,    0,    0,    0,    0,    0,    0,    0,    0,    0,
     -15,    0,    0,    0,    0,  -11,   -7,    0,    0,   -5,    0,  -13,    0,    0,    0,    0,    0,    0,    0,    0,    0,    0,    0,    0,    0,    0,    0,    0,    0,    0,    0,    0,    0,    0,    0,    0,    0,    0,    0,    0,    0,   -7,    0,    0,    0,    0,
       0,    0,    0,    0,    0,    0,    0,    0,   -6,   -5,   -6,    0,    0,    0,    0,    0,    0,    0,    0,    0,    0,    0,    0,    0,    0,    0,    0,    0,    0,    0,    0,    0,    0,    0,    0,    0,    0,    0,    0,    0,    0,    0,    0,    0,    0,    0,
       0,    0,    0,    0,    0,    0,    0,    0,    0,    0,    0,    0,    5,  -10,    0,    0,    0,  -18,   -7,  -18,  -13,    0,  -18,    0,    0,    0,    0,    0,    0,    0,    0,   -6,    0,    0,    0,   -7,   -6,  -11,  -12,    5,    0,    0,    0,  -18,  -18,    0,
       0,    0,    0,    0,    0,    0,    0,    0,    0,    0,    0,    0,   -5,    0,    0,    0,    0,    0,    0,   -5,    0,   -5,   -7,    0,   -4,    0,    0,    0,    0,    0,    0,    0,    0,    0,    0,    0,    0,    0,    0,    0,    0,    0,  -11,   -7,    0,    0,
       0,    0,    0,    0,    0,    0,    0,    0,    0,    0,    0,    0,    0,   -5,    0,    0,    0,    0,    0,    0,    0,    0,   -6,    0,    0,    0,    0,    0,    0,    0,    0,    0,    0,    0,    0,    0,    0,    0,    0,    0,    0,    0,  -11,   -6,    0,    0,
       0,    0,    0,    0,    0,    0,    0,    0,    0,    0,    0,    0,  -10,    0,   -7,    0,    0,  -10,    0,   -7,   -5,   -5,  -13,   -5,   -7,    0,    0,    0,    0,    0,    0,    0,    0,    0,    0,    0,    0,    0,    0,    0,   -5,    0,  -19,  -13,  -10,    0,
       0,    0,    0,    0,    0,    0,    0,    0,    0,    0,    0,    0,    0,   -5,    0,    0,    0,    0,    0,    5,    5,    0,    0,    0,    0,    0,    0,    0,    0,    0,    0,    0,    0,    0,    0,    0,    0,    0,    0,    0,    0,    0,    0,    0,    0,    0,
       0,    0,    0,    0,    0,    0,    0,    0,    0,    0,    0,    0,  -10,    0,    0,   -9,    0,    6,    0,    0,    0,    0,    0,    0,   -6,    0,    0,    0,    0,    0,    0,    0,    0,    0,    0,    0,    0,    0,    0,    0,    0,    0,  -30,    0,    6,    0,
       0,    0,    0,    0,    0,    0,    0,    0,    0,    0,    0,    0,    0,    0,    0,    0,    0,   -5,    0,   -7,    0,    0,  -13,    0,    0,    0,    0,    0,    0,    0,    0,    0,    0,    0,    0,    0,    0,    0,    0,    0,    0,    0,    0,  -13,   -5,    0,
       0,    0,    0,    0,    0,    0,    0,    0,    0,    0,    0,    0,    0,   -7,    0,    0,    0,    0,    0,    0,    0,    0,    0,    0,    0,    0,   -6,    0,    0,    0,    0,    0,    0,    0,    0,   -7,    0,    0,    0,    0,    0,    0,   -7,    0,    0,    0,
       0,    0,    0,    0,    0,    0,    0,    0,    0,    0,    0,    0,   -7,    0,    0,    0,    0,    0,    0,    0,    0,    0,    0,    0,    0,    0,    0,    0,    0,    0,    0,    0,    0,    0,    0,    0,    0,    0,    0,    0,    0,    0,    0,    0,    0,    0,
       0,    0,    0,    0,    0,    0,    0,    0,    0,    0,    0,    0,    0,  -13,    0,    0,    0,    0,    0,    0,    0,    0,    0,    0,    0,   -5,    0,    0,    0,    0,    0,    0,    0,    0,    0,    0,  -11,  -13,  -13,    0,    0,    0,    0,    0,    0,    0,
       0,    0,    0,    0,    0,    0,    0,    0,    0,    0,    0,    0,    7,  -10,    0,    7,    0,  -28,   -6,  -18,  -10,    7,  -23,    0,    0,    0,    0,    0,    0,   -5,    0,    0,    0,    0,    0,    0,    0,  -10,  -13,    7,    0,    0,    0,  -23,  -28,    0,
       0,    0,    0,    0,    0,    0,    0,    0,    0,    0,    0,    0,  -22,    0,    0,  -18,    0,    0,    0,    0,    0,   -8,   -5,   -5,   -7,    0,    0,    0,    0,    0,    0,    0,    0,    0,   -5,    0,    0,    0,    0,    0,    0,    0,  -39,   -5,    0,    0,
       0,    0,    0,    0,    0,    0,    0,    0,    0,    0,    0,    0,    7,    0,    0,    0,    0,    0,   -2,    0,    0,    5,  -10,    0,    0,    0,    0,    0,    0,    0,    0,    0,    0,    0,    0,    0,    0,    0,    0,    5,    5,    0,    0,  -10,    0,    0,
       0,    0,    0,    0,    0,    0,    0,    0,    0,    0,    0,    0,    5,   -6,    0,    0,    0,    0,    0,    0,    0,    0,   -4,    0,    0,    0,    0,   -5,    0,    0,    0,    0,    0,    0,    0,    0,   -5,    0,    0,    0,    0,    0,    0,   -4,    0,    0,
       0,    0,    0,    0,    0,    0,    0,    0,    0,    0,    0,    0,    0,    0,    0,    0,    0,    0,    0,    0,   -5,    0,   -4,    0,    0,    0,    0,    0,    0,    0,    0,    0,    0,    0,    0,    0,    0,    0,    0,    0,    0,    0,   -7,   -4,    0,    0,
       0,    0,    0,    0,    0,    0,    0,    0,    0,    0,    0,    0,  -18,  -10,    0,  -28,    0,    6,    0,   10,    7,    0,    5,    0,  -22,  -23,    5,  -21,    0,    0,    0,    0,  -18,  -18,  -15,    0,  -18,   -3,   -5,   -3,   -8,    0,  -33,    5,    6,    0,
       0,    0,    0,    0,    0,    0,    0,    0,    0,    0,    0,    0,   -7,    0,    0,    0,    0,    0,    0,    0,    0,    0,    0,    0,    0,    0,    0,    0,    0,    0,    0,    0,    0,    0,    0,    0,    0,    0,    0,    0,    0,    0,  -24,    0,    0,    0,
       0,    0,    0,    0,    0,    0,    0,    0,    0,    0,    0,    0,  -18,   -7,    0,  -10,    0,   10,    0,    5,    5,    0,    5,    0,  -10,  -13,    0,  -10,    0,    0,    0,    0,   -5,   -5,   -5,    0,    0,    0,    0,    0,    0,    0,  -25,    5,   10,    0,
       0,    0,    0,    0,    0,    0,    0,    0,    0,    0,    0,    0,  -13,   -5,    0,   -7,    0,    7,    0,    5,    5,    0,    0,    0,   -7,   -6,    0,   -7,    0,    0,    0,    0,    0,    0,    0,    0,    0,    0,    0,    0,    0,    0,  -23,    0,    7,    0,
       0,    0,    0,    0,    0,    0,    0,    0,    0,    0,    0,    0,    0,   -7,    0,    0,    0,    0,    0,    0,    0,    0,    0,    0,   -5,   -5,    0,   -5,    0,    0,    0,    0,    0,    0,    0,    0,   -7,   -5,    0,    0,    0,    0,    0,    0,    0,    0,
       0,    0,    0,    0,    0,    0,    0,    0,    0,    0,    0,    0,  -18,  -13,    0,  -15,    0,    5,    0,    5,    0,    0,    0,    0,  -20,  -23,    0,  -23,    0,    0,    0,    0,  -12,  -12,  -15,    0,  -10,    0,    0,   -5,   -5,    0,  -43,    0,    5,    0,
       0,    0,    0,    0,    0,    0,    0,    0,    0,    0,    0,    0,    0,   -7,    0,    0,    0,    0,    0,    0,    0,    0,    0,    0,    0,    0,    0,   -7,    0,    0,    0,    0,    0,    0,    0,   -7,    0,    0,    0,    0,    0,    0,    0,    0,    0,    0,
       0,    0,    0,    0,    0,    0,    0,    0,    0,    0,    0,    0,    0,    0,    0,    0,    0,  -22,    0,    0,    0,    0,  -15,    0,    0,    0,    0,    0,    0,    0,    0,    0,    0,    0,    0,    0,    0,    0,    0,    0,    0,    0,    0,    0,    0,    0,
       0,    0,    0,    0,    0,    0,    0,    0,    0,    0,    0,    0,    0,    0,    0,    0,    0,  -23,    0,  -13,   -6,   -5,  -23,    0,    0,    0,    0,    0,    0,    0,    0,    0,    0,    0,    0,    0,    0,    0,    0,    0,    0,    0,  -11,  -23,  -23,    0,
       0,    0,    0,    0,    0,    0,    0,    0,    0,    0,    0,    0,    0,    0,    0,    0,    0,  -13,    0,    0,   -7,    0,  -20,    0,    0,    0,    0,    0,    0,    0,    0,    0,    0,    0,    0,    0,    0,    0,    0,    0,    0,    0,   -3,  -20,  -13,    0,
       0,    0,    0,    0,    0,    0,    0,    0,    0,    0,    0,    0,    0,    0,    0,    0,    0,  -18,    0,  -10,   -7,   -5,  -20,    0,    0,    0,    0,    0,    0,    0,    0,    0,    0,    0,    0,    0,    0,    0,    0,    0,    0,    0,   -8,  -20,  -18,    0,
       0,    0,    0,    0,    0,    0,    0,    0,    0,    0,    0,    0,    0,    0,    0,    0,    0,    7,    0,    0,    5,    0,    0,    0,   -8,   -6,    0,    0,    0,    0,    0,    0,    0,    0,    0,    0,    0,    0,    0,    0,    0,    0,  -22,    0,    7,    0,
       0,    0,    0,    0,    0,    0,    0,    0,    0,    0,    0,    0,    0,    0,    0,    0,    0,  -18,    0,    0,    0,    0,  -13,    0,    0,    0,    0,    0,    0,    0,    0,    0,    0,    0,    0,    0,    0,    0,    0,    0,    0,    0,    0,  -13,  -18,    0,
       0,    0,    0,    0,    0,    0,    0,    0,    0,    0,    0,    0,    0,    0,    0,    0,    0,  -21,    0,   -6,   -7,    0,  -18,    0,    0,   -3,    0,   -4,    0,    0,    0,    0,    0,    0,    0,   -3,    0,    0,    0,    0,    0,    0,   -5,  -18,  -21,    0,
       0,    0,    0,    0,    0,    0,    0,    0,    0,    0,    0,    0,    0,    0,    0,    0,    0,    0,    0,    0,    0,    0,    0,    0,    0,    0,    0,    0,    0,    0,    6,    0,    0,    0,    0,    0,    0,    0,    0,    0,    0,    0,    0,    0,    0,    0,
       0,    0,    0,    0,    0,    0,    0,    0,    0,    0,    0,    0,    7,   -5,    0,    0,    0,    0,    0,    0,    0,    0,    0,    0,    0,   -4,    0,    0,    0,    0,    0,    0,    0,    0,    0,   -3,    0,    0,    0,    0,    0,    0,    0,    0,    0,    0,
       0,    0,    9,    0,    0,    0,    0,    0,    0,    0,    0,    0,    0,    0,    0,    0,    0,    0,    0,    0,    0,    5,    0,    0,    0,    0,    0,    0,    0,   -5,    0,    0,    0,    6,    0,    0,    0,    3,    0,    0,    0,    0,    3,    0,    0,    0,
       0,    0,    0,    0,    0,    0,    0,    0,    0,    0,    0,    0,    0,    0,    0,    0,    0,  -13,    0,    0,    0,    0,   -7,    0,    0,    0,    0,    0,    0,    0,    0,    0,    0,    0,    0,    0,    0,    0,    0,    0,    0,    0,    0,   -7,  -13,    0,
       0,    0,    0,    0,    0,    0,    0,    0,    0,    0,    0,    0,    0,    0,    0,  -21,    0,   -3,    0,    0,    7,    0,    0,    0,   -4,    0,    5,    0,    0,    0,    0,    0,    0,    0,    0,    4,    0,    7,    6,    6,    0,    0,  -32,    0,   -3,    0,
       0,    0,    0,    0,    0,    0,    0,    0,    0,    0,    0,    0,    0,    0,    0,    6,    0,  -15,    0,   -5,    0,    0,  -15,    0,    0,    0,    0,    0,    0,    0,    0,    0,    0,    0,    0,    0,    0,    0,    0,    0,    0,    0,   -2,  -15,  -15,    0,
       0,    0,    0,    0,    0,    0,    0,    0,    0,    0,    0,    0,    6,    0,    0,    0,    0,    0,    0,    0,    0,    0,   -7,    0,    0,    0,    0,    0,    0,    0,    0,    0,    0,    0,    0,    0,    0,    0,    0,    0,    0,    0,    0,   -7,    0,    0,
       0,    0,    0,    0,    0,    0,    0,    0,    0,    0,    0,    0,    0,    0,    0,    0,    0,  -21,    0,    0,    0,    0,  -10,    0,    0,    0,    0,    0,    0,    0,    0,    0,    0,    0,    0,    0,    0,    0,    0,    0,    0,    0,   -7,  -10,  -21,    0,
       0,    0,    0,    0,    0,    0,    0,    0,    0,    0,    0,    0,  -15,    0,    0,    0,    0,   -3,    0,    0,    0,   -5,    0,   -5,   -5,    0,    6,    0,    0,    0,    0,    0,    0,    0,    6,    0,    0,    3,    3,    0,    0,    0,  -27,    0,   -3,    0,
       0,    0,    0,    0,    0,    0,    0,    0,    0,    0,    0,    0,    0,    0,    0,    0,    0,   -5,    0,    0,    0,    0,    0,    0,    0,    0,    3,    0,    0,    0,    0,    0,    0,    0,    0,    0,    0,    3,    3,    0,    0,    0,  -27,    0,   -5,    0,
       0,    0,    0,    0,    0,    0,    0,    0,    0,    0,    0,    0,    5,    0,    0,    0,    0,   -3,    0,    0,    0,    0,   -5,    0,    0,    0,    0,    0,    0,    0,    0,    0,    0,    0,    0,    0,    0,    0,    0,    0,    0,    0,    0,   -5,   -3,    0,
       0,    0,    0,    0,    0,    0,    0,    0,    0,    0,    0,    0,    0,    0,    0,    0,    0,    0,    0,    0,    0,    0,   -5,    0,    0,    0,    0,    0,    0,    0,    0,    0,    0,    0,    0,    0,    0,    0,    0,    0,    0,    0,    0,   -5,    0,    0,
       0,    0,    9,    0,    0,    0,    0,    0,    0,    0,    0,    0,    0,    7,   11,    0,    8,   27,   11,   25,   25,   21,   24,   14,    0,    0,   13,    0,   11,    5,   11,   11,    8,    8,    0,   11,    0,   18,   14,   14,   11,    0,    3,   24,   27,   14,
       0,    0,    9,    0,    0,    0,    0,    0,    0,    0,    0,    0,    0,    0,    0,    0,    0,    0,    0,    0,    0,    5,    0,    0,    0,    0,    0,    0,    0,   -5,    0,    0,    0,    0,    0,    0,    0,    3,    0,    0,    0,    0,    3,    0,    0,    0,
       0,    0,    0,    0,    0,    0,    0,    0,    0,    0,    0,    0,    0,    0,    0,    0,    0,  -13,    0,    0,    0,    0,    0,    0,    0,    0,    0,    0,    0,    0,    0,    0,    0,    0,    0,    0,    0,    0,    0,    0,    0,    0,    0,    0,    0,    0,
       0,    0,  -18,    0,    0,    0,    0,    0,    0,    0,    0,    0,   -7,    0,    0,    0,    0,   11,    0,    7,    7,    3,    3,    0,    0,    0,    0,    0,    0,    0,    0,    0,    0,    0,    0,    0,    0,    0,    0,    0,    0,    0,  -14,    3,   11,    0,
       0,    0,  -18,    0,    0,    0,    0,    0,    0,    0,    0,    0,   -7,    0,    0,    0,    7,    7,    0,    7,    7,    0,    0,    0,    0,    0,    0,    0,    3,    3,    0,    3,    0,    0,    0,    7,    0,   11,   11,    7,    0,    0,  -11,    0,    7,    0,
       0,    0,  -18,    0,    0,    0,    0,    0,    0,    0,    0,    0,  -14,    0,    0,   -3,    0,   14,    0,   11,   11,    3,    7,    0,   -7,   -3,    0,   -4,    0,    0,    0,    0,    0,    0,    0,    0,   -3,    0,    0,    0,   -3,    0,  -18,    7,   14,    0,
       0,    0,  -11,    0,    0,    0,    0,    0,    0,    0,    0,    0,   -7,    0,    0,   -7,    7,   11,    0,   11,   11,    0,    0,    0,   -3,   -3,    7,   -3,    0,    0,    0,    0,    0,    0,   -3,    7,    0,   11,   11,   11,    0,    0,  -11,    0,   11,    0,
       0,    0,    0,    0,    0,    0,    0,    0,    0,    0,    0,    0,    0,    0,    0,    0,    0,    0,    0,    0,    0,    0,    0,    0,    0,    0,    0,    0,    0,    0,    0,    0,    0,    0,   -7,    0,    0,    0,    0,    0,    0,    0,    0,    0,    0,    0,
};

static const EpdLigaturePair lexenddeca_8_italicLigaturePairs[] = {
    { 0x00660066, 0xFB00 }, // f f -> U+FB00
    { 0x00660069, 0xFB01 }, // f i -> U+FB01
    { 0x0066006C, 0xFB02 }, // f l -> U+FB02
    { 0xFB000069, 0xFB03 }, // U+FB00 i -> U+FB03
    { 0xFB00006C, 0xFB04 }, // U+FB00 l -> U+FB04
};

static constexpr EpdFontData lexenddeca_8_italic = {
    lexenddeca_8_italicBitmaps,
    lexenddeca_8_italicGlyphs,
    lexenddeca_8_italicIntervals,
    44,
    21,
    16,
    -5,
    true,
    lexenddeca_8_italicGroups,
    12,
    nullptr,
    lexenddeca_8_italicKernLeftClasses,
    lexenddeca_8_italicKernRightClasses,
    lexenddeca_8_italicKernMatrix,
    349,
    331,
    62,
    46,
    lexenddeca_8_italicLigaturePairs,
    5,
};
