/**
 * generated by fontconvert.py
 * name: lexenddeca_14_bolditalic
 * size: 14
 * mode: 2-bit  compressed: true
 * Command used: fontconvert.py lexenddeca_14_bolditalic 14 ../builtinFonts/source/LexicaUltralegible/LexicaUltralegible-BoldItalic.ttf --2bit --compress --pnum --darken-aa
 */
#pragma once
#include "EpdFontData.h"

static const uint8_t lexenddeca_14_bolditalicBitmaps[17401] = {
    0x95, 0x59, 0x3D, 0x90, 0xE4, 0x46, 0x15, 0xEE, 0x19, 0xB9, 0x6E, 0xAA, 0x4E, 0x81, 0x1C, 0xDA,
    0x77, 0x81, 0x88, 0xED, 0x32, 0x4A, 0x09, 0x6C, 0xF7, 0x14, 0x04, 0x04, 0x04, 0x47, 0x42, 0x4C,
    0x42, 0x82, 0x09, 0x2E, 0x21, 0x04, 0x4B, 0xD8, 0x01, 0x01, 0x01, 0x97, 0x11, 0xE2, 0xC0, 0x81,
    0x3D, 0x0E, 0x36, 0x21, 0x70, 0x60, 0xD3, 0xF2, 0x5D, 0xE0, 0x80, 0x00, 0x41, 0x4A, 0x60, 0x51,
    0x45, 0x15, 0xD4, 0x5D, 0xB0, 0x3A, 0x4A, 0xC5, 0xC9, 0x7B, 0x92, 0x1E, 0xDF, 0xF7, 0xB5, 0x34,
    0xB3, 0x7B, 0x5E, 0xFF, 0xED, 0x8E, 0x7A, 0x66, 0x47, 0xAD, 0xEE, 0xD7, 0xEF, 0xE7, 0x7B, 0xDF,
    0x7B, 0xEB, 0x42, 0xE7, 0x8C, 0xAF, 0x8D, 0xB5, 0x5B, 0x6B, 0xB6, 0x56, 0x27, 0x7C, 0x55, 0x89,
    0x39, 0xBE, 0x26, 0x97, 0x8C, 0x2E, 0x19, 0x1C, 0x7E, 0xD2, 0xC6, 0x15, 0xBD, 0xF3, 0x03, 0x5F,
    0xF8, 0x80, 0x3F, 0xFD, 0x5F, 0x86, 0xE5, 0xF5, 0x29, 0x5E, 0x3D, 0x5F, 0x0F, 0x7A, 0x97, 0xF5,
    0x19, 0xE6, 0x67, 0x5D, 0xD6, 0x6B, 0xEC, 0x9C, 0xCB, 0x39, 0x66, 0x86, 0x9F, 0x36, 0xD7, 0x58,
    0x70, 0x6C, 0x34, 0xD6, 0xCE, 0xD7, 0xBE, 0x71, 0x1C, 0x6B, 0xE7, 0x4A, 0x8D, 0xA1, 0x2E, 0x6B,
    0x57, 0xF2, 0x6E, 0x15, 0x38, 0xEE, 0x35, 0x3A, 0xD3, 0xE8, 0xF0, 0xC1, 0xB9, 0xCD, 0x32, 0xE2,
    0xDD, 0x6D, 0x6D, 0x6B, 0x14, 0x70, 0x5B, 0x51, 0x4A, 0x3C, 0xEF, 0x32, 0x7C, 0xBA, 0x6D, 0x2D,
    0xE6, 0xDA, 0x8C, 0x63, 0x60, 0x9D, 0xCC, 0x82, 0xB5, 0xD9, 0xF8, 0x7A, 0xD8, 0x67, 0xC3, 0x6B,
    0xCF, 0xBB, 0x6C, 0x7A, 0x15, 0xB3, 0x6C, 0xC4, 0x7C, 0xDC, 0xC4, 0x0A, 0x06, 0x91, 0x4B, 0xD3,
    0x62, 0x10, 0x69, 0xFB, 0x94, 0xC3, 0x3F, 0xAD, 0x4E, 0x1F, 0x34, 0x56, 0x87, 0x27, 0xB5, 0xD5,
    0xDE, 0x1E, 0x59, 0x45, 0xE9, 0xB9, 0x1E, 0x26, 0xDF, 0xC5, 0x63, 0x2E, 0xE3, 0xB6, 0x05, 0x87,
    0xD0, 0x52, 0x4B, 0x3B, 0xAC, 0xA8, 0xA3, 0xCE, 0xAE, 0x80, 0x7A, 0x9E, 0x9A, 0x2B, 0x2B, 0xE7,
    0xAB, 0x40, 0x59, 0x4B, 0x57, 0x6E, 0x27, 0xBC, 0xED, 0x6D, 0x87, 0xC7, 0xFD, 0xA3, 0x99, 0x9A,
    0xF1, 0x36, 0x16, 0xF5, 0x2D, 0x3C, 0xD0, 0x95, 0x6F, 0x59, 0xB7, 0xB5, 0xCA, 0x24, 0xD4, 0x76,
    0xF4, 0x86, 0xB9, 0xBB, 0xA1, 0xBC, 0x6F, 0x54, 0xA2, 0x16, 0xF0, 0xB5, 0xCE, 0x8C, 0x05, 0x36,
    0x33, 0xB5, 0x10, 0x1E, 0x8D, 0x34, 0x8E, 0x87, 0x34, 0x69, 0xEF, 0x72, 0x1C, 0x37, 0x83, 0x10,
    0xB6, 0x97, 0x30, 0x0E, 0x9F, 0x46, 0x6A, 0x82, 0x67, 0x72, 0xC5, 0x05, 0xBF, 0xF6, 0x2D, 0xA4,
    0xA1, 0xA2, 0x39, 0x36, 0x81, 0xDF, 0x3C, 0xD6, 0x5D, 0xEE, 0x85, 0x99, 0xB4, 0xB2, 0xB7, 0xA6,
    0xAC, 0xA0, 0x83, 0xCA, 0xF8, 0xE8, 0x7D, 0x9C, 0x63, 0x2C, 0x9F, 0x62, 0x93, 0xAE, 0x80, 0x93,
    0xF8, 0x2E, 0x33, 0x1C, 0xAB, 0xDB, 0x61, 0x35, 0x3F, 0x07, 0x68, 0xA0, 0x90, 0x05, 0xA1, 0x43,
    0x78, 0xD1, 0xC6, 0x86, 0x62, 0x90, 0xED, 0xCA, 0xAA, 0xAC, 0x3C, 0x7F, 0xF7, 0x2E, 0x1D, 0x5D,
    0x0E, 0xA7, 0x69, 0x9D, 0xD5, 0x30, 0x52, 0x32, 0xF3, 0x0B, 0xB8, 0x47, 0xC1, 0xC5, 0x20, 0x04,
    0x0C, 0x8E, 0x27, 0x9E, 0x7D, 0x95, 0x74, 0x0A, 0xDE, 0xC5, 0xB4, 0x1C, 0xEA, 0xEC, 0xF9, 0x14,
    0x1F, 0x38, 0xFE, 0xB1, 0xD3, 0xD1, 0xE9, 0x9D, 0x33, 0x5F, 0xDB, 0x59, 0xCE, 0xAA, 0xCF, 0xF8,
    0x12, 0x77, 0xB3, 0xE3, 0x36, 0x2D, 0x57, 0x94, 0x3F, 0xEF, 0xF4, 0x1D, 0xBE, 0x70, 0x3F, 0x73,
    0xEE, 0x23, 0xF7, 0xBD, 0xD1, 0x85, 0xE9, 0x9E, 0xB7, 0x36, 0xB5, 0x2E, 0x9F, 0x9C, 0x9F, 0xDC,
    0x2B, 0xDE, 0xB9, 0x57, 0x68, 0x4D, 0x97, 0xB7, 0xD7, 0x5E, 0x38, 0xED, 0xB8, 0x5E, 0x87, 0xB3,
    0x8B, 0xF7, 0xAE, 0x9B, 0x93, 0xF4, 0xD9, 0x98, 0xCD, 0xD9, 0x94, 0x8D, 0xC9, 0x90, 0x74, 0x59,
    0x93, 0xD7, 0xDE, 0xBD, 0x74, 0x78, 0x17, 0x66, 0x2A, 0xAD, 0x0B, 0xD8, 0xAA, 0xF6, 0x5D, 0xC0,
    0xAF, 0xC7, 0x27, 0xEC, 0x44, 0xC3, 0x24, 0xB4, 0xC2, 0x4E, 0xE6, 0xA2, 0x0D, 0x20, 0x35, 0x0D,
    0xC4, 0x9B, 0xB5, 0x3C, 0xDD, 0xF1, 0x5C, 0x4E, 0x4A, 0xB8, 0x34, 0xA3, 0x5C, 0x67, 0x6C, 0x9F,
    0x99, 0xD1, 0x3B, 0x29, 0x8B, 0xD1, 0xA4, 0xB8, 0xB5, 0x7B, 0xF4, 0xED, 0x81, 0xAE, 0x3D, 0xC3,
    0x45, 0xCF, 0x6D, 0x9F, 0x21, 0x6E, 0xEA, 0x02, 0xEE, 0x04, 0xB7, 0xAE, 0x43, 0xED, 0xCF, 0x9B,
    0xB2, 0x29, 0xFF, 0xD1, 0x95, 0x4D, 0x78, 0xD0, 0x87, 0x3A, 0xDC, 0x1F, 0x31, 0xD4, 0x13, 0x6F,
    0x05, 0xDD, 0xB7, 0xAA, 0x44, 0xB4, 0xD2, 0xFE, 0x33, 0x0D, 0x3F, 0xD2, 0x37, 0x3A, 0x06, 0x02,
    0x83, 0xF5, 0x73, 0x0A, 0x3F, 0xC0, 0x36, 0x9B, 0xD0, 0xE9, 0x88, 0x2D, 0x62, 0xFB, 0x60, 0xB2,
    0xA4, 0x51, 0xF5, 0x38, 0x23, 0x44, 0xDC, 0xDA, 0x62, 0xA3, 0xDD, 0x24, 0x27, 0x58, 0x6D, 0x84,
    0x50, 0x9A, 0x5D, 0x5C, 0x2B, 0xE7, 0xAA, 0x58, 0x7F, 0xC0, 0xD9, 0x70, 0x73, 0xBB, 0xCF, 0x74,
    0x1E, 0x0E, 0xF9, 0xB0, 0x1E, 0x0A, 0x1E, 0x88, 0xD9, 0x70, 0xE1, 0x9C, 0x27, 0xC6, 0x5C, 0x1C,
    0x89, 0xF8, 0x31, 0x53, 0x11, 0x04, 0x1B, 0x7B, 0x78, 0xD8, 0xD3, 0x2F, 0x2B, 0x4F, 0xE8, 0xF0,
    0xC2, 0x8C, 0x94, 0x60, 0x50, 0xC2, 0xCF, 0xB7, 0xFC, 0x73, 0x67, 0x1F, 0x58, 0x0D, 0x7D, 0x63,
    0xCB, 0xEF, 0x48, 0x83, 0x14, 0x12, 0x80, 0xC1, 0x79, 0x13, 0x23, 0xA1, 0x5B, 0xC0, 0xE1, 0xA6,
    0xCD, 0x8A, 0x0C, 0x85, 0x93, 0xBB, 0x41, 0x27, 0x0A, 0x4D, 0x3A, 0xBB, 0x92, 0x3A, 0xF0, 0x94,
    0x36, 0x3D, 0xE9, 0x00, 0x1B, 0x74, 0x34, 0x57, 0x47, 0x89, 0x24, 0x88, 0xF6, 0x6C, 0xF0, 0x15,
    0xE6, 0xEC, 0x74, 0xC0, 0x11, 0x43, 0xD9, 0x51, 0x25, 0x9F, 0xD8, 0x3E, 0x21, 0x6E, 0x65, 0x13,
    0x16, 0xA5, 0x90, 0x03, 0x87, 0x8E, 0xA8, 0xD7, 0xBD, 0x71, 0x38, 0x9B, 0xEF, 0x2D, 0x07, 0x97,
    0x86, 0x34, 0x20, 0x8E, 0x5C, 0xE0, 0x2A, 0x8C, 0xB9, 0x0D, 0x0F, 0xB8, 0xB5, 0xC3, 0x81, 0xFE,
    0xBE, 0x38, 0x4F, 0x3A, 0xFC, 0x5C, 0x01, 0xDF, 0x50, 0x91, 0x03, 0x63, 0x93, 0xC1, 0x47, 0x35,
    0x55, 0xC9, 0x72, 0x84, 0x78, 0x0E, 0xE0, 0x3B, 0x35, 0x3C, 0x45, 0x5B, 0x4A, 0xEB, 0xBB, 0x78,
    0x0E, 0xAD, 0x05, 0xF1, 0x4A, 0xEB, 0xB1, 0xC3, 0x98, 0xD8, 0xD9, 0x90, 0x8D, 0x1B, 0x6D, 0xED,
    0x1F, 0xBF, 0x4B, 0x39, 0x2B, 0x48, 0x08, 0x1B, 0xDB, 0x60, 0x7D, 0x81, 0xD3, 0xA4, 0xF0, 0x92,
    0x9D, 0xAE, 0x50, 0xA7, 0x63, 0xD9, 0xE4, 0xA3, 0x9F, 0xAD, 0xC7, 0x92, 0xED, 0x8E, 0xC0, 0x0A,
    0xF3, 0x10, 0xF7, 0x1B, 0x0E, 0x35, 0xD1, 0xB3, 0xBE, 0x75, 0xF8, 0x80, 0xCA, 0x96, 0x2C, 0x19,
    0xB7, 0x2B, 0xC6, 0xCB, 0x96, 0xDD, 0x52, 0x8C, 0x67, 0x6E, 0x96, 0x57, 0x6E, 0xEE, 0xAE, 0xB9,
    0x89, 0x3B, 0x7B, 0xE2, 0x58, 0x4B, 0x0D, 0x41, 0x56, 0x3B, 0x1F, 0xDC, 0x66, 0x06, 0x42, 0x6C,
    0x27, 0x0E, 0x33, 0x11, 0xD7, 0xCE, 0x3A, 0xE6, 0x83, 0x96, 0x47, 0x25, 0x5C, 0xC2, 0xD2, 0x7E,
    0x48, 0xA9, 0x08, 0x58, 0x21, 0x40, 0xA1, 0xFB, 0x40, 0x88, 0x0A, 0x10, 0x9C, 0x7A, 0x99, 0xA8,
    0xBF, 0x81, 0xF6, 0xE5, 0xA2, 0x74, 0x03, 0x2A, 0xD2, 0x98, 0x1B, 0x0D, 0x30, 0x18, 0x86, 0xA2,
    0x4B, 0x47, 0xDF, 0x24, 0xA3, 0xAF, 0xD7, 0x0B, 0x7F, 0xF7, 0x45, 0x5F, 0xE8, 0xBE, 0xE6, 0x55,
    0xEE, 0x65, 0x8B, 0x66, 0x44, 0xBE, 0x94, 0xA4, 0x38, 0x00, 0x11, 0x3A, 0xA5, 0xB3, 0x0E, 0xBB,
    0x39, 0x03, 0xDC, 0xEF, 0xE6, 0xAD, 0xD2, 0x2B, 0x26, 0x55, 0x65, 0x6B, 0x1D, 0x7C, 0xA0, 0x2D,
    0x2A, 0xF7, 0x67, 0xB8, 0x4D, 0xA5, 0x54, 0x0C, 0xD1, 0xF8, 0xE7, 0xE5, 0x9F, 0xB4, 0x65, 0x40,
    0xF8, 0x91, 0x2F, 0x7C, 0x48, 0x3B, 0x66, 0xE3, 0x0C, 0x90, 0xE9, 0xDC, 0x9B, 0x9A, 0xF0, 0x22,
    0x1C, 0x11, 0x7B, 0x14, 0x80, 0x46, 0xB8, 0x30, 0x82, 0x3F, 0xB5, 0x19, 0xA1, 0xD0, 0x30, 0x77,
    0xC3, 0x8A, 0x15, 0xCE, 0x3F, 0xD1, 0x2F, 0xDB, 0xE8, 0xF1, 0x3C, 0xDF, 0x8E, 0x67, 0xFC, 0xAE,
    0xDC, 0x18, 0x76, 0x5A, 0xAF, 0x97, 0x0E, 0x87, 0xF7, 0xF9, 0x1D, 0xDF, 0x2F, 0x7F, 0xFF, 0x0E,
    0xBE, 0xE3, 0x03, 0xD2, 0x36, 0xD6, 0xBB, 0x0B, 0x5D, 0x6D, 0xE8, 0x7A, 0xA9, 0x32, 0x29, 0x94,
    0x0E, 0xE7, 0x0B, 0xCC, 0xF7, 0xB3, 0xE3, 0xD7, 0xDC, 0x85, 0x76, 0x1F, 0xD6, 0x23, 0x30, 0x7F,
    0xEE, 0x16, 0x37, 0x85, 0x11, 0xE6, 0x33, 0xC3, 0x19, 0x4E, 0x6E, 0x5A, 0x28, 0x9C, 0xC7, 0x35,
    0x8A, 0xB4, 0x55, 0xCB, 0xAF, 0x98, 0xE3, 0x7F, 0xB2, 0x2E, 0x22, 0xCD, 0xA5, 0xD3, 0x1A, 0xA3,
    0x1A, 0xF4, 0x67, 0x54, 0xE9, 0x0D, 0x3E, 0xE2, 0x21, 0xC1, 0x66, 0x86, 0x71, 0x77, 0xF0, 0xF2,
    0x8E, 0xCC, 0x60, 0x2C, 0xE0, 0x97, 0xBF, 0x7E, 0x15, 0xC9, 0xFA, 0xF5, 0x8F, 0x72, 0x1B, 0xF2,
    0x0F, 0xFD, 0xDB, 0x7D, 0xD6, 0xBF, 0x09, 0xB0, 0xEE, 0x3F, 0x4E, 0xBB, 0xBC, 0xB7, 0xBB, 0xDD,
    0xEB, 0x1F, 0x02, 0xA9, 0x3F, 0xFA, 0x55, 0x39, 0xDB, 0xF0, 0x5A, 0xD1, 0x87, 0x46, 0x39, 0x3E,
    0x6B, 0x22, 0xCE, 0xFE, 0x72, 0xF1, 0x32, 0x81, 0x0A, 0xC4, 0xAD, 0x15, 0x34, 0xE2, 0x1D, 0xF4,
    0xD2, 0xE8, 0x87, 0xD8, 0x97, 0x9E, 0x19, 0x34, 0xDA, 0x67, 0x1D, 0x27, 0xFE, 0x54, 0xD0, 0x20,
    0x5E, 0x34, 0x31, 0xA4, 0x8B, 0x91, 0xBE, 0xE1, 0x7B, 0x8E, 0xA1, 0x23, 0x78, 0x33, 0xB1, 0x88,
    0xB0, 0x4C, 0x54, 0x0E, 0x24, 0xCF, 0xEC, 0xF0, 0x01, 0x93, 0x30, 0xB5, 0xE2, 0x7B, 0x8E, 0xA1,
    0x93, 0x86, 0x18, 0xFF, 0x1C, 0x7A, 0x3D, 0xB3, 0xB1, 0x87, 0x61, 0x22, 0x9A, 0xCC, 0xB8, 0x97,
    0x12, 0x52, 0x90, 0x7E, 0xF0, 0xDC, 0xC0, 0x55, 0x90, 0xE0, 0xE0, 0x8F, 0x0C, 0x41, 0xE0, 0xF7,
    0xC1, 0x48, 0xCF, 0xFC, 0x00, 0xB7, 0x29, 0x06, 0xB8, 0x65, 0xD1, 0x23, 0xF6, 0xCA, 0xCE, 0x5F,
    0x7C, 0x60, 0x2D, 0x11, 0xA8, 0x2E, 0xB9, 0x6D, 0x90, 0xDB, 0xCB, 0x2F, 0x14, 0x01, 0x9E, 0x96,
    0x32, 0x44, 0x05, 0x4E, 0x9B, 0x32, 0x6A, 0x16, 0x6C, 0x8E, 0xB0, 0x7C, 0x4C, 0x38, 0xD7, 0x0E,
    0x83, 0x7B, 0xC1, 0x15, 0x93, 0x2B, 0xDB, 0x0C, 0x14, 0xAA, 0x4D, 0x16, 0xC1, 0x27, 0x9A, 0xF6,
    0x1E, 0xCF, 0xC1, 0x25, 0xF4, 0x25, 0x47, 0xD2, 0x88, 0x87, 0x46, 0xF7, 0xC1, 0x59, 0x78, 0xD0,
    0x5D, 0x4C, 0x1B, 0x31, 0xBB, 0x1B, 0xBD, 0x14, 0x01, 0x04, 0x1B, 0xEB, 0x88, 0x57, 0x46, 0x04,
    0x15, 0xC4, 0xC1, 0x87, 0x85, 0xA5, 0x76, 0x84, 0x62, 0x7F, 0x11, 0x48, 0x31, 0x95, 0x04, 0x4A,
    0x6A, 0x0B, 0x47, 0xBB, 0x70, 0x71, 0x47, 0x7A, 0x26, 0xE4, 0x88, 0xFA, 0xC3, 0xB0, 0x3D, 0xE6,
    0xE2, 0xD3, 0xB0, 0x5B, 0x40, 0xBE, 0x25, 0x8E, 0x69, 0xA8, 0x2F, 0x25, 0xA4, 0xE2, 0x74, 0x72,
    0xEE, 0xA0, 0x81, 0xD1, 0x41, 0xFD, 0x09, 0x2D, 0xA8, 0x35, 0xAE, 0xC0, 0x81, 0x7B, 0x74, 0x5F,
    0xB2, 0x07, 0xB4, 0x1A, 0x59, 0xEA, 0x32, 0x5C, 0xBF, 0x87, 0x86, 0x76, 0x4D, 0xFD, 0x41, 0xD9,
    0x1D, 0x36, 0xDA, 0xCB, 0x48, 0x62, 0x93, 0x8C, 0x18, 0x98, 0x89, 0x4A, 0x82, 0x9D, 0x1C, 0x0D,
    0xB5, 0xE4, 0x91, 0xB8, 0x18, 0x6C, 0xB5, 0x41, 0xCE, 0xF0, 0x5D, 0x42, 0x71, 0x41, 0xE4, 0x38,
    0xA6, 0x1A, 0xA9, 0x5A, 0x8C, 0x29, 0x61, 0x51, 0x5A, 0x9C, 0x88, 0x2E, 0xB4, 0xD9, 0x28, 0x09,
    0x15, 0xDF, 0x4F, 0x7A, 0x86, 0x66, 0x12, 0x91, 0x0C, 0xB3, 0x39, 0x92, 0xDB, 0xC1, 0xBA, 0x44,
    0xA9, 0xD0, 0xF0, 0x7C, 0x04, 0x2D, 0xB7, 0x8E, 0x4C, 0x3D, 0xC0, 0xD6, 0x9D, 0xB8, 0x7B, 0xAA,
    0x31, 0x3B, 0x8E, 0x33, 0x37, 0x02, 0x1F, 0x20, 0x86, 0xC9, 0x6E, 0x19, 0xA9, 0xE6, 0x32, 0xE6,
    0xE2, 0x6A, 0xF8, 0xB2, 0x14, 0x11, 0x0C, 0xDA, 0x10, 0xEA, 0x25, 0xAE, 0x50, 0xAD, 0xBD, 0x3B,
    0x03, 0x0C, 0x31, 0x6A, 0xB2, 0xF5, 0x1A, 0x62, 0x96, 0x24, 0x3D, 0xF2, 0xEB, 0x45, 0xF8, 0x68,
    0xA3, 0xB6, 0x20, 0xE7, 0x2D, 0xFB, 0x8F, 0x23, 0xB7, 0x06, 0xF1, 0xD6, 0x52, 0x5F, 0xF4, 0xD7,
    0x52, 0x8E, 0xBF, 0x72, 0xAB, 0x13, 0x3D, 0xD8, 0xD0, 0x72, 0xDB, 0xAB, 0x96, 0x23, 0xF5, 0xAC,
    0xA0, 0xB1, 0x50, 0x67, 0x64, 0x13, 0xA4, 0xBF, 0x17, 0x74, 0x3A, 0x22, 0x1E, 0xCE, 0xB7, 0xC7,
    0x7C, 0x79, 0x37, 0x54, 0x01, 0x08, 0x44, 0x08, 0x52, 0x39, 0x00, 0xC7, 0x8D, 0xFD, 0x06, 0xD3,
    0xB6, 0xF6, 0x43, 0xE5, 0x03, 0x30, 0x2B, 0x8C, 0xC8, 0xC4, 0x8C, 0xFC, 0x56, 0xFE, 0x50, 0x2D,
    0x85, 0x49, 0x74, 0xB8, 0xE8, 0x7B, 0x18, 0x29, 0x60, 0x3E, 0xD2, 0x92, 0x45, 0x27, 0xE8, 0xE8,
    0x88, 0xDA, 0xB4, 0x26, 0x0F, 0x4A, 0x0B, 0x94, 0xDC, 0x47, 0x1C, 0xBA, 0x8D, 0xB2, 0x2F, 0xD7,
    0x46, 0x55, 0xCE, 0x5E, 0x62, 0xEB, 0x5A, 0x10, 0x9F, 0x68, 0x79, 0x45, 0x7D, 0x43, 0xF4, 0x38,
    0xBF, 0xB8, 0x13, 0x2F, 0x78, 0xF4, 0x18, 0x22, 0x00, 0xE0, 0x59, 0xBD, 0xED, 0x88, 0x3B, 0x44,
    0x27, 0x7A, 0x35, 0x02, 0x19, 0x7E, 0x4D, 0xF7, 0x97, 0x5B, 0x95, 0x0C, 0x72, 0x54, 0x2C, 0xA1,
    0x49, 0x66, 0xBE, 0x91, 0x1B, 0x24, 0xA0, 0x08, 0xA0, 0x07, 0x09, 0x18, 0x43, 0x36, 0x96, 0x77,
    0x7A, 0x78, 0xF9, 0xE8, 0xEF, 0x3C, 0x06, 0x13, 0x1D, 0x7C, 0xF9, 0x77, 0xAC, 0xD0, 0xFB, 0xF0,
    0xC0, 0x70, 0x2A, 0x6F, 0x3F, 0xA0, 0x33, 0x7A, 0x4B, 0xE8, 0x8D, 0x7E, 0x82, 0x73, 0xF8, 0xD6,
    0x8F, 0xB0, 0x32, 0x18, 0x28, 0xCF, 0x1C, 0x6A, 0xBC, 0x31, 0x9D, 0x0F, 0x94, 0x97, 0x0C, 0xA7,
    0xE3, 0x58, 0x40, 0x10, 0x3E, 0x21, 0x39, 0x5A, 0x79, 0x37, 0xB2, 0x09, 0x73, 0x3A, 0x84, 0xA8,
    0x29, 0x03, 0xCA, 0x27, 0x66, 0xE8, 0x86, 0x5B, 0x17, 0xDC, 0x79, 0xCC, 0xFE, 0x0B, 0x2F, 0x1C,
    0xB2, 0x27, 0xDC, 0x3E, 0x7D, 0xCA, 0xDD, 0x77, 0x5A, 0x23, 0xA1, 0x7F, 0xB4, 0xCC, 0x3E, 0xD4,
    0xE9, 0x48, 0x1A, 0x4D, 0xA7, 0xAB, 0x45, 0x36, 0xC1, 0x56, 0x2F, 0xC7, 0xDB, 0xA4, 0x78, 0x23,
    0x40, 0x35, 0xE0, 0x4D, 0x3B, 0xFA, 0x7A, 0x4D, 0x72, 0x62, 0x60, 0x42, 0x1C, 0xA9, 0xCB, 0xD0,
    0x50, 0x9B, 0x71, 0x04, 0xE3, 0x5E, 0xC7, 0x8D, 0x46, 0xA0, 0x99, 0x57, 0xA0, 0x82, 0x5E, 0x2C,
    0xF1, 0xD6, 0x2B, 0x03, 0x34, 0xB1, 0x7A, 0x5D, 0xD3, 0x0C, 0xB9, 0xEC, 0x11, 0x4B, 0xAE, 0xE2,
    0xFD, 0xEE, 0x38, 0x64, 0x13, 0x6C, 0x9A, 0x8F, 0xA9, 0x1D, 0x6C, 0x88, 0x78, 0xBF, 0x00, 0x4A,
    0xAF, 0xB8, 0x58, 0x2A, 0x8B, 0x2F, 0xC5, 0x92, 0x8D, 0xF8, 0x5F, 0xAE, 0xBD, 0x83, 0x49, 0x8E,
    0x0B, 0x9C, 0x3C, 0x65, 0xC1, 0x80, 0x65, 0x89, 0xC5, 0xCA, 0x41, 0xFB, 0x92, 0xCE, 0x5B, 0xA1,
    0xCC, 0x64, 0xC5, 0xDA, 0x68, 0xAC, 0x53, 0xB8, 0x17, 0x42, 0xE0, 0x6D, 0x55, 0x15, 0xFF, 0x36,
    0x9E, 0x9D, 0x89, 0x04, 0xE8, 0x02, 0x3D, 0x0E, 0x09, 0x56, 0x2B, 0xEC, 0x2C, 0x42, 0xA8, 0xB5,
    0xE2, 0xE1, 0x74, 0x35, 0xFB, 0xC3, 0xAC, 0x9D, 0x15, 0x89, 0xEE, 0x9D, 0x35, 0xB1, 0xE3, 0xE4,
    0x3A, 0xAD, 0x4A, 0xAE, 0x81, 0xA7, 0x1D, 0x57, 0xAE, 0x1C, 0xB3, 0x5B, 0x4C, 0x71, 0x38, 0x6D,
    0x39, 0x12, 0x54, 0xFA, 0x95, 0x65, 0xC2, 0x27, 0xE7, 0x40, 0x76, 0x84, 0x03, 0x16, 0x1D, 0x21,
    0xA4, 0x13, 0x9A, 0x10, 0xDC, 0x5A, 0xD1, 0x5E, 0x44, 0x42, 0x2C, 0x4C, 0xD2, 0xD8, 0x20, 0x98,
    0x62, 0x83, 0x20, 0x45, 0x4D, 0xC0, 0xA2, 0x83, 0x0D, 0x02, 0xF7, 0x7C, 0x24, 0x98, 0x19, 0x67,
    0x28, 0x0E, 0x93, 0x53, 0x83, 0xE0, 0x86, 0x22, 0x32, 0x8F, 0xA5, 0x59, 0x9D, 0x72, 0x29, 0xB6,
    0x50, 0x50, 0x24, 0x9D, 0xD9, 0x3E, 0x5F, 0x1A, 0x0E, 0x4B, 0x83, 0xA0, 0x58, 0x79, 0x7D, 0x7F,
    0x22, 0xF7, 0x91, 0x68, 0x45, 0xD2, 0x32, 0x5E, 0x19, 0xAE, 0x85, 0xFB, 0xAF, 0x86, 0xA4, 0x4A,
    0x90, 0xB4, 0x61, 0x2D, 0xB1, 0x16, 0x58, 0x4B, 0x8E, 0xE4, 0x0E, 0x89, 0xF0, 0x15, 0x1F, 0x38,
    0xAE, 0x25, 0xD7, 0x31, 0x47, 0x4A, 0x39, 0x4A, 0x96, 0xDD, 0xE9, 0x85, 0xAD, 0xE0, 0x15, 0x65,
    0x1B, 0xF1, 0x9D, 0x84, 0xDB, 0x93, 0x9A, 0x45, 0xBE, 0x4C, 0x5D, 0xF4, 0x6B, 0xCA, 0x09, 0x2C,
    0x67, 0x08, 0xCA, 0x3D, 0x3C, 0x08, 0x04, 0x02, 0xC0, 0xD3, 0x30, 0x5E, 0x6A, 0xE9, 0x99, 0x59,
    0x25, 0xEA, 0xBE, 0xE8, 0x0A, 0x16, 0xE2, 0xAA, 0xDE, 0x69, 0x99, 0x8E, 0x19, 0xF4, 0x7F, 0x90,
    0x9C, 0x81, 0x07, 0x15, 0x4F, 0xC7, 0x46, 0x8C, 0x28, 0x55, 0xB7, 0xD4, 0x73, 0x22, 0x54, 0xC2,
    0xD5, 0xB2, 0x45, 0xCC, 0x13, 0x5E, 0x51, 0x88, 0xC6, 0xB7, 0x92, 0xA9, 0x3A, 0xD4, 0xAC, 0x4F,
    0x1C, 0xDF, 0x88, 0xC0, 0xF7, 0x8D, 0x64, 0x2A, 0x3C, 0x98, 0x09, 0x8F, 0xE5, 0xA7, 0x9F, 0x8F,
    0x3C, 0xCC, 0x5F, 0x1F, 0x8F, 0x3C, 0x0D, 0xDE, 0x88, 0x88, 0xE7, 0x7F, 0x53, 0xF9, 0x65, 0x9F,
    0xCC, 0x08, 0xA5, 0x12, 0x10, 0x2C, 0x4E, 0xB0, 0xA1, 0x04, 0xDE, 0x18, 0xE8, 0xCE, 0x4F, 0x1B,
    0x9A, 0xCE, 0x8F, 0xAA, 0xE2, 0x3C, 0x1C, 0x8F, 0x04, 0x12, 0xD0, 0x42, 0x8D, 0xE3, 0x18, 0x79,
    0xA4, 0xF3, 0x9E, 0xE2, 0xCE, 0xE2, 0xBE, 0x89, 0x25, 0xB1, 0x32, 0xF9, 0x3D, 0xD3, 0xC3, 0x12,
    0xB1, 0x4A, 0x50, 0x47, 0x0A, 0x08, 0x2F, 0x50, 0x74, 0xE5, 0x16, 0x8B, 0xC4, 0x79, 0xF1, 0x70,
    0xA7, 0x2C, 0x22, 0x42, 0x1B, 0x51, 0x1E, 0xDB, 0xAB, 0x73, 0x63, 0x74, 0x5E, 0x2C, 0xD9, 0x92,
    0xAC, 0xA7, 0x44, 0x4C, 0xAE, 0x41, 0x3E, 0x44, 0x62, 0x4D, 0xF4, 0x0E, 0x0C, 0x23, 0x59, 0x4C,
    0x99, 0x92, 0xE1, 0x3D, 0x6C, 0x99, 0x73, 0x46, 0x16, 0x6F, 0xE9, 0x48, 0x22, 0x0C, 0xC4, 0x53,
    0x46, 0x09, 0x5A, 0x4B, 0xC4, 0x34, 0x6E, 0x16, 0x77, 0x0E, 0xA7, 0xDC, 0xB7, 0x8C, 0xF2, 0xB2,
    0xE8, 0x66, 0xD1, 0xC5, 0x2E, 0x8F, 0x72, 0x35, 0xB9, 0x01, 0x54, 0x12, 0xBB, 0x3E, 0xFE, 0xD2,
    0x28, 0x01, 0xD7, 0x55, 0x55, 0x86, 0x53, 0xF0, 0x6F, 0xFD, 0x75, 0x2E, 0x42, 0x5B, 0x28, 0x4C,
    0xFC, 0x71, 0x14, 0x89, 0xAF, 0x97, 0x0B, 0x29, 0xEE, 0x21, 0x9E, 0x24, 0x5B, 0x74, 0xC7, 0x8B,
    0xB5, 0x0E, 0x9B, 0x6B, 0xC9, 0x78, 0xBA, 0x58, 0xF3, 0xA5, 0x6A, 0x41, 0x9E, 0x2E, 0xB6, 0x68,
    0x0A, 0x35, 0x1B, 0x71, 0x3D, 0xDC, 0xC7, 0xE5, 0x60, 0xB8, 0x60, 0x11, 0x07, 0x09, 0x88, 0xC4,
    0x48, 0x51, 0xF4, 0x31, 0xF6, 0x53, 0x92, 0x39, 0xA6, 0x7D, 0xE5, 0x7F, 0x6A, 0x81, 0x58, 0xA9,
    0x8E, 0xA5, 0x3A, 0x9B, 0x31, 0x6D, 0x6A, 0xE2, 0x74, 0x9A, 0xCC, 0xB6, 0x0E, 0xD1, 0x23, 0x87,
    0xDE, 0x69, 0xFE, 0x5B, 0x7A, 0x88, 0x0D, 0x4E, 0x2E, 0xB0, 0xFF, 0x5A, 0xE1, 0xD3, 0x67, 0x84,
    0x97, 0xE0, 0xAD, 0xBB, 0x19, 0xE2, 0x72, 0xAB, 0x2A, 0xDC, 0xCD, 0x2A, 0xCA, 0xA1, 0xDA, 0x92,
    0xBC, 0x42, 0xD5, 0x83, 0xDB, 0x8D, 0x80, 0xEC, 0x3E, 0xD4, 0x39, 0xC2, 0xD2, 0x23, 0x6F, 0x96,
    0x75, 0xD6, 0x1F, 0xC0, 0xFB, 0x96, 0x2E, 0xAA, 0xAE, 0x17, 0x50, 0x2D, 0x96, 0x95, 0x6F, 0x58,
    0x3C, 0x92, 0xBA, 0x29, 0x87, 0xB3, 0xE2, 0x9F, 0xDC, 0x9F, 0x78, 0x0C, 0x1C, 0xE7, 0x86, 0x4D,
    0xFC, 0x2E, 0x9F, 0xFF, 0x88, 0x30, 0xCA, 0x46, 0x94, 0x41, 0x03, 0xF8, 0x4D, 0xCF, 0x0E, 0x00,
    0x9B, 0x1F, 0x29, 0x0A, 0xA5, 0x98, 0x39, 0xAE, 0x21, 0x49, 0x5B, 0x2B, 0x94, 0xC7, 0x62, 0xFF,
    0x15, 0xFC, 0xEF, 0x11, 0x39, 0xAE, 0xB3, 0xC8, 0x94, 0x32, 0x36, 0x0A, 0xA1, 0x65, 0x8A, 0x48,
    0xE2, 0x04, 0x36, 0x51, 0xF9, 0x51, 0x9D, 0x90, 0xB3, 0x39, 0xF2, 0xD8, 0xF2, 0x33, 0x98, 0x3F,
    0xBC, 0xC5, 0x05, 0x6F, 0x2B, 0x19, 0xB0, 0xA3, 0x00, 0x9C, 0x3F, 0x43, 0x95, 0xBD, 0xBB, 0x77,
    0x89, 0xD2, 0x69, 0xE3, 0x48, 0x73, 0x5E, 0x21, 0xFF, 0x6A, 0xBC, 0x72, 0x1E, 0x4B, 0xDF, 0xD6,
    0x5D, 0x49, 0x75, 0xEA, 0xA9, 0xA9, 0x29, 0x86, 0x47, 0xEF, 0x76, 0x6C, 0x49, 0x8E, 0x44, 0x7E,
    0x23, 0x70, 0x87, 0x05, 0xB4, 0xCA, 0x46, 0xA8, 0x02, 0x15, 0x80, 0xB6, 0xA1, 0x3A, 0x88, 0x8D,
    0x22, 0x4A, 0xDD, 0x00, 0x85, 0x02, 0x2A, 0xC2, 0x58, 0x0D, 0xE5, 0x76, 0xDE, 0x2F, 0xD5, 0x5C,
    0x3E, 0xEF, 0x37, 0x51, 0xBE, 0x41, 0xF2, 0x75, 0xC9, 0x54, 0xD6, 0xDB, 0x99, 0x45, 0x00, 0x2B,
    0x0C, 0x75, 0x0C, 0x25, 0xE3, 0x73, 0x90, 0x2F, 0x50, 0x3E, 0x56, 0x63, 0x90, 0xEF, 0x5F, 0x10,
    0xE5, 0x0D, 0x7A, 0x4A, 0x85, 0x35, 0xA3, 0x1B, 0x2E, 0x07, 0xA2, 0x22, 0xC9, 0x51, 0x57, 0x9E,
    0xFA, 0x0B, 0x7B, 0x57, 0x4D, 0x9E, 0xF4, 0x12, 0x57, 0xD3, 0xD6, 0xDD, 0x25, 0xBA, 0xDB, 0xC6,
    0x23, 0xEA, 0x84, 0xB7, 0x27, 0xDC, 0x0A, 0x56, 0xB6, 0xCC, 0xB4, 0x0D, 0xBB, 0x7E, 0xE0, 0x25,
    0x00, 0x32, 0xF0, 0x00, 0xE8, 0xBB, 0xA3, 0xBE, 0x31, 0xEC, 0x09, 0x6E, 0x91, 0x40, 0x16, 0x63,
    0x4E, 0x26, 0x07, 0xBD, 0xA5, 0xA6, 0x46, 0xD9, 0x23, 0x6C, 0xF3, 0xE2, 0xDA, 0x83, 0xBA, 0xC1,
    0xE9, 0xE5, 0x45, 0x2C, 0x05, 0xD9, 0xA9, 0x9B, 0x69, 0xEC, 0x76, 0xA5, 0x0E, 0xD7, 0x3A, 0x00,
    0x80, 0x38, 0x59, 0x1A, 0xE6, 0xAC, 0xE3, 0x1E, 0xA1, 0x6E, 0xB3, 0x2D, 0xE9, 0xD7, 0x86, 0xEC,
    0x8B, 0xF9, 0x1C, 0xB4, 0x00, 0xC4, 0x84, 0x9B, 0x77, 0xE2, 0x7B, 0x64, 0x7B, 0xAC, 0x83, 0xE9,
    0x6D, 0xB1, 0x07, 0x18, 0x6A, 0x9D, 0x54, 0x15, 0x00, 0xB8, 0x07, 0x46, 0x55, 0xE1, 0x11, 0x55,
    0x3D, 0x5F, 0xD5, 0x4B, 0x6A, 0x2F, 0x26, 0x5F, 0xD2, 0x5E, 0xCC, 0xFB, 0xC8, 0x7A, 0xD2, 0x76,
    0xA9, 0x0D, 0x96, 0x1A, 0x21, 0x6D, 0x4F, 0xED, 0x94, 0x50, 0x5F, 0x71, 0xA6, 0x8D, 0x88, 0x7B,
    0x3C, 0xC6, 0x91, 0x2B, 0x4F, 0x51, 0xF7, 0xE9, 0x17, 0x4B, 0x8D, 0x9B, 0x40, 0xD8, 0x82, 0xAD,
    0x15, 0x25, 0xCB, 0xAF, 0xD4, 0xC8, 0x86, 0xD4, 0x18, 0x10, 0x9D, 0xCC, 0x39, 0x0A, 0xFC, 0x29,
    0xF4, 0x48, 0x23, 0xB1, 0x54, 0x58, 0x92, 0x20, 0xDD, 0x96, 0x46, 0xE0, 0xF1, 0xE8, 0x14, 0x83,
    0xD2, 0xB0, 0x92, 0x32, 0xF5, 0xDF, 0xE4, 0x43, 0xCC, 0x89, 0xCF, 0x34, 0x53, 0xD3, 0xAB, 0xA7,
    0x5D, 0xB2, 0x79, 0x4B, 0x4C, 0x5B, 0x9A, 0xB0, 0x17, 0x84, 0x7D, 0xD4, 0x85, 0xA8, 0xEA, 0xB6,
    0x73, 0x3E, 0xB0, 0xAA, 0x86, 0x6F, 0x7A, 0xB5, 0xA9, 0x4C, 0xBE, 0xFB, 0x08, 0xCE, 0xDA, 0xD2,
    0x40, 0xE0, 0xA9, 0x19, 0xE2, 0xBE, 0xA2, 0x11, 0xB6, 0x6A, 0x14, 0x0E, 0x8A, 0x08, 0x18, 0x6A,
    0x96, 0xEF, 0xE8, 0x0D, 0xC6, 0x1A, 0xE5, 0x44, 0x29, 0xCD, 0x79, 0xCD, 0x5C, 0xD3, 0x46, 0xDA,
    0xE6, 0x04, 0x01, 0x55, 0xF4, 0x80, 0xE9, 0xE4, 0x01, 0xDB, 0x6F, 0xE6, 0x01, 0x45, 0x0C, 0x31,
    0xB8, 0xE6, 0x80, 0x50, 0x1D, 0x49, 0xE8, 0x4A, 0xD6, 0x17, 0x88, 0x53, 0xD3, 0xC5, 0x26, 0x64,
    0x86, 0xFC, 0x5E, 0x8C, 0xF0, 0x52, 0xC2, 0x13, 0xD9, 0x20, 0x9E, 0x21, 0xFF, 0xFE, 0x1D, 0x09,
    0x79, 0x88, 0xFD, 0x12, 0xF0, 0xBF, 0x0B, 0xFD, 0xA7, 0x45, 0x4E, 0xEF, 0xB9, 0x2B, 0xB6, 0x26,
    0x4D, 0xD9, 0x31, 0x97, 0xB2, 0xFC, 0x6D, 0x33, 0xE1, 0x14, 0xC5, 0x55, 0x2D, 0x9E, 0x3F, 0x51,
    0x81, 0x11, 0x9A, 0xCB, 0x50, 0xF2, 0x0C, 0x75, 0xBE, 0xDB, 0xB1, 0x7B, 0x38, 0x5D, 0x41, 0x93,
    0x9E, 0x68, 0xD2, 0x5E, 0x45, 0x93, 0xEA, 0x5A, 0x34, 0xE9, 0x97, 0x26, 0xEC, 0xBC, 0x70, 0xBE,
    0x1F, 0x33, 0xE3, 0x29, 0xED, 0x35, 0x0B, 0xD5, 0x84, 0xD3, 0x6C, 0xC7, 0x02, 0x4B, 0xB0, 0xA0,
    0x66, 0x34, 0x99, 0x50, 0x3B, 0x9B, 0xBE, 0xA6, 0xF2, 0x6D, 0x16, 0x01, 0x4B, 0xD1, 0xDC, 0x26,
    0x55, 0x0F, 0x28, 0xF4, 0x59, 0x77, 0x43, 0xCF, 0xEE, 0x62, 0x59, 0x5F, 0xB9, 0xDB, 0xA6, 0x2C,
    0x72, 0x1B, 0x96, 0xF3, 0x17, 0xA1, 0x5B, 0x1A, 0xB8, 0xB5, 0x3A, 0xC2, 0x6B, 0x1F, 0x1F, 0x7C,
    0x1E, 0xA5, 0x33, 0x10, 0xE9, 0x65, 0x7B, 0xEF, 0x4A, 0xA0, 0x0D, 0xAB, 0xEB, 0xCD, 0x98, 0x53,
    0x43, 0x5E, 0x48, 0x9B, 0x7E, 0xF3, 0x28, 0x87, 0x4F, 0x37, 0x2C, 0x9D, 0x5B, 0x04, 0x78, 0x78,
    0x0A, 0x41, 0xCA, 0x25, 0xF3, 0xB7, 0x08, 0x0F, 0xB6, 0x17, 0xE0, 0x30, 0x84, 0x0D, 0x38, 0x1D,
    0x72, 0x1A, 0xC2, 0x01, 0x95, 0x5C, 0xF9, 0x09, 0x2C, 0x88, 0x8A, 0xD1, 0x7F, 0x8A, 0x15, 0x3F,
    0xC3, 0x5A, 0xE7, 0xE4, 0x0D, 0x9D, 0x12, 0x2E, 0x15, 0x46, 0x06, 0x44, 0xC2, 0x84, 0x9A, 0x04,
    0x74, 0xDF, 0xBE, 0x8F, 0x0A, 0xA5, 0x42, 0x69, 0xF9, 0x16, 0x2C, 0xFB, 0x43, 0x63, 0x8D, 0xF2,
    0x23, 0xFB, 0x2D, 0xCC, 0x71, 0xE7, 0xFC, 0x0E, 0x4C, 0x71, 0xF7, 0xFC, 0x0E, 0x50, 0xB1, 0xBC,
    0x8B, 0x74, 0x66, 0xA1, 0x20, 0xF9, 0x9D, 0x99, 0x65, 0xC3, 0x58, 0x30, 0x31, 0x8E, 0x24, 0x2B,
    0xA1, 0xD7, 0xD8, 0x15, 0xD4, 0x47, 0x1B, 0x7B, 0xD6, 0x2D, 0x82, 0x18, 0x19, 0xB6, 0xC7, 0x09,
    0xD5, 0x48, 0x8D, 0x75, 0xC2, 0xD2, 0xB7, 0xE4, 0x3F, 0x55, 0xD7, 0x86, 0x35, 0xA1, 0x27, 0xD6,
    0x8B, 0xEC, 0x96, 0xF2, 0xDF, 0x76, 0xF6, 0x36, 0x48, 0xF9, 0x0C, 0xE5, 0x90, 0xD1, 0xEE, 0x93,
    0x58, 0x75, 0x62, 0xE1, 0xAD, 0xE9, 0x1F, 0x65, 0x70, 0xCF, 0x8D, 0xA9, 0x7D, 0xC2, 0x3A, 0xC1,
    0x68, 0x61, 0xE6, 0x5A, 0x17, 0x82, 0x3A, 0xDC, 0xE4, 0x11, 0x84, 0x16, 0x6F, 0x22, 0x8D, 0x1C,
    0xC6, 0x63, 0x75, 0x87, 0x19, 0xB7, 0x38, 0xC3, 0xEB, 0x5F, 0x7E, 0xF3, 0xDA, 0x9F, 0x8B, 0x2D,
    0xBD, 0xB5, 0xA4, 0x6A, 0xDC, 0xE1, 0x8C, 0x93, 0xC4, 0xC3, 0x4C, 0x3C, 0x51, 0xFF, 0xF3, 0xA8,
    0x22, 0x3F, 0xDD, 0x44, 0x2E, 0xDE, 0x70, 0xC2, 0xE1, 0xFD, 0x58, 0xE7, 0x2A, 0x29, 0xC7, 0x0E,
    0xD3, 0x46, 0x0A, 0x66, 0x16, 0x00, 0x44, 0x5D, 0x9C, 0x92, 0x4E, 0x58, 0x93, 0x71, 0xA5, 0xFF,
    0x5A, 0xF1, 0x00, 0xD4, 0x94, 0xF2, 0x52, 0x1F, 0x3F, 0x1F, 0x31, 0xF4, 0x52, 0xFE, 0x52, 0x0E,
    0x43, 0x8A, 0xCF, 0x45, 0x9A, 0x22, 0x58, 0x96, 0xF5, 0xB7, 0xFD, 0x8D, 0x31, 0x60, 0xF1, 0x4C,
    0xB7, 0x45, 0xD6, 0x22, 0xCF, 0xDA, 0xAC, 0x50, 0x3E, 0x2F, 0x97, 0x2D, 0x86, 0x81, 0xB8, 0xEC,
    0x27, 0xA7, 0xF6, 0x4C, 0x2A, 0x3D, 0xA5, 0xD1, 0x9B, 0x98, 0x56, 0x28, 0x13, 0xAB, 0x8F, 0x19,
    0x7F, 0xDE, 0xD9, 0x36, 0xE9, 0x9C, 0xC0, 0x1F, 0xCE, 0x09, 0x33, 0x6D, 0x80, 0x26, 0x3E, 0x06,
    0x87, 0x7B, 0x0E, 0xB7, 0xFE, 0x0F, 0xCD, 0x5A, 0xBF, 0xAF, 0xDF, 0xD4, 0x15, 0xBF, 0xB6, 0xA3,
    0x18, 0xF0, 0x70, 0xBB, 0x54, 0xA2, 0x41, 0xAA, 0x3B, 0x74, 0xA8, 0x22, 0x55, 0x5E, 0xBA, 0x54,
    0x82, 0xD8, 0x4A, 0x86, 0x0E, 0x1D, 0xD2, 0xBD, 0x03, 0x19, 0x18, 0xAA, 0x0C, 0x7D, 0xFF, 0x00,
    0xC1, 0x26, 0x48, 0x5D, 0x18, 0xC8, 0xD6, 0x31, 0x0C, 0x1D, 0x92, 0xD7, 0xE1, 0x2D, 0x1D, 0x18,
    0x1A, 0x6C, 0x9A, 0x81, 0x21, 0x03, 0x6E, 0x91, 0xDA, 0x11, 0x43, 0x18, 0xAA, 0x30, 0x70, 0x0B,
    0xAE, 0x30, 0xC9, 0xB5, 0x4F, 0x3F, 0x9F, 0x73, 0xFD, 0xFD, 0xBE, 0xEF, 0x7B, 0x10, 0x24, 0x9A,
    0x04, 0xDE, 0x37, 0xBE, 0x27, 0xFE, 0xDA, 0xF7, 0x7B, 0xCE, 0xB9, 0xE7, 0x9E, 0xDF, 0xF7, 0x99,
    0xA2, 0x32, 0x6D, 0x6F, 0x64, 0xE0, 0x85, 0x9B, 0xA2, 0x31, 0xF8, 0x2C, 0x26, 0x5A, 0x4C, 0xA2,
    0x57, 0xBA, 0x18, 0x3B, 0xF3, 0x2A, 0x66, 0x53, 0xFA, 0xF5, 0xAA, 0x27, 0xD3, 0x8E, 0x98, 0xF7,
    0x16, 0xC6, 0x64, 0x4C, 0x21, 0x55, 0x24, 0x32, 0x64, 0x22, 0x63, 0x2E, 0x32, 0x95, 0x5F, 0xBC,
    0xDF, 0xD4, 0x77, 0x3B, 0xD3, 0xBE, 0xDB, 0x19, 0xB9, 0x83, 0xF1, 0x7A, 0x63, 0xE4, 0x8D, 0xCA,
    0xC8, 0x7B, 0xCF, 0x9A, 0x56, 0xA4, 0x2F, 0x45, 0x3A, 0xCC, 0x33, 0xB1, 0x00, 0xC7, 0xF3, 0x40,
    0xF1, 0x32, 0xC6, 0x4B, 0x18, 0xB1, 0x28, 0x32, 0xA9, 0x38, 0x0D, 0x1C, 0xDD, 0x17, 0x17, 0x4B,
    0x55, 0xF4, 0x89, 0x98, 0x53, 0x78, 0xA9, 0x33, 0x2A, 0x63, 0x22, 0x69, 0x74, 0x5A, 0x6F, 0x88,
    0xC9, 0x90, 0x6D, 0x00, 0xDC, 0x18, 0xBE, 0x48, 0x38, 0xCF, 0x2E, 0xCD, 0x29, 0x20, 0x59, 0x6E,
    0x19, 0x11, 0x59, 0x88, 0x6E, 0x31, 0xBF, 0x24, 0xBD, 0xA7, 0x8C, 0xF9, 0xC9, 0xB9, 0x62, 0xF2,
    0xF8, 0xF9, 0x68, 0x81, 0xC2, 0x2E, 0xED, 0x90, 0x3B, 0xEB, 0x8A, 0x2E, 0xC3, 0x48, 0xF5, 0x7F,
    0x7E, 0xE7, 0x73, 0xAC, 0xA7, 0xE7, 0x3C, 0xCE, 0xE7, 0xEF, 0xDA, 0xC1, 0x58, 0x31, 0xA5, 0x53,
    0x21, 0x38, 0x4A, 0xA0, 0x98, 0x22, 0xF0, 0x69, 0x7D, 0x02, 0x36, 0xAC, 0xC7, 0x4B, 0x93, 0xCE,
    0x85, 0x07, 0x0F, 0x4B, 0x3D, 0x92, 0x59, 0xBC, 0x04, 0xB7, 0xA2, 0xAC, 0x91, 0x2D, 0x23, 0xB3,
    0x51, 0xD6, 0x9D, 0x21, 0xEF, 0x78, 0x6B, 0x6A, 0x02, 0xD3, 0xEA, 0x6D, 0x58, 0xCD, 0x3A, 0x9F,
    0x40, 0x57, 0x6A, 0xEA, 0xE6, 0xF8, 0x3F, 0x73, 0xE4, 0xF3, 0x75, 0xEF, 0xF3, 0xA5, 0x22, 0xCD,
    0x01, 0xE2, 0xC0, 0xAA, 0x53, 0x39, 0x18, 0x4C, 0xE6, 0x29, 0x18, 0x32, 0x90, 0x11, 0xAD, 0x25,
    0x13, 0x2D, 0x18, 0x02, 0x9B, 0x52, 0x25, 0xB3, 0x95, 0x2E, 0xC3, 0x42, 0xFA, 0x4C, 0x8C, 0xF4,
    0xA9, 0xF4, 0x6D, 0x97, 0x60, 0x03, 0x1A, 0x0A, 0x90, 0x2C, 0x63, 0x67, 0xD2, 0xC0, 0x18, 0xA5,
    0x5D, 0xF7, 0x26, 0x6D, 0x20, 0xF2, 0xF6, 0x01, 0x66, 0xD4, 0x61, 0x86, 0xE7, 0x8A, 0xAF, 0xE1,
    0x2E, 0x71, 0xE5, 0x9D, 0xB1, 0xBC, 0x33, 0x15, 0x17, 0xDC, 0xCA, 0xA1, 0xEE, 0x74, 0xD8, 0x59,
    0xEC, 0x51, 0x01, 0xAE, 0x46, 0x13, 0x4F, 0x26, 0xEB, 0xEA, 0x6B, 0x57, 0x8C, 0x3D, 0x2F, 0x53,
    0x61, 0x8A, 0x4C, 0x66, 0x5B, 0xBD, 0x60, 0xDD, 0xAD, 0xAC, 0x7B, 0x3E, 0xEF, 0x4C, 0xAA, 0x30,
    0xD9, 0x81, 0x69, 0x87, 0xB7, 0x6F, 0x65, 0x1D, 0x66, 0x2E, 0xB6, 0xB2, 0x17, 0xF8, 0x2B, 0x60,
    0xE8, 0xAF, 0xAC, 0xD8, 0x80, 0x79, 0x6F, 0xD8, 0x50, 0x51, 0x8A, 0x50, 0x19, 0xAC, 0x2A, 0xFE,
    0x75, 0x1F, 0x1D, 0x60, 0x23, 0xBB, 0xFA, 0x62, 0xD7, 0x16, 0x5D, 0x0D, 0x06, 0x3E, 0x68, 0x4C,
    0x39, 0x62, 0x21, 0xF2, 0x3E, 0x56, 0x2E, 0x17, 0x67, 0x93, 0x2D, 0xC5, 0x84, 0xDD, 0xC4, 0x36,
    0xB4, 0x1F, 0x71, 0xCD, 0xB7, 0xB1, 0xA2, 0xFA, 0x43, 0xDC, 0x95, 0x0E, 0x8B, 0xCE, 0xA7, 0x9A,
    0xBB, 0x8C, 0x3D, 0x4F, 0x97, 0x7C, 0x32, 0xFB, 0xFB, 0xFB, 0x37, 0x20, 0x15, 0xBF, 0x19, 0xD8,
    0xEF, 0x6F, 0x18, 0xDF, 0x28, 0x80, 0xF7, 0x64, 0x80, 0x00, 0x2E, 0x8A, 0x87, 0x00, 0xEC, 0xDF,
    0x17, 0x0A, 0xA0, 0x7B, 0x1B, 0x02, 0xC0, 0x3D, 0x04, 0x60, 0xC5, 0x27, 0x84, 0x03, 0xE1, 0x9D,
    0x81, 0x02, 0xB8, 0x3D, 0x42, 0x00, 0xB6, 0xF3, 0x10, 0xC0, 0xC5, 0xAE, 0xA6, 0x00, 0x8C, 0x79,
    0xB8, 0x00, 0x2E, 0xEF, 0x37, 0xAD, 0xF4, 0x50, 0x28, 0x5C, 0x31, 0xAC, 0x58, 0xAA, 0x12, 0x62,
    0xC8, 0x86, 0xBF, 0x26, 0x0E, 0x57, 0x9D, 0xB9, 0x52, 0xFA, 0x5C, 0x9A, 0x04, 0x4A, 0x61, 0xDD,
    0x76, 0x9C, 0x3D, 0xB8, 0x7F, 0x13, 0x7B, 0xBA, 0x6C, 0xC6, 0xF6, 0xDD, 0xFA, 0x39, 0xBB, 0xBF,
    0x7F, 0xE4, 0x7D, 0x44, 0xA5, 0x71, 0xF6, 0x5F, 0x93, 0xB9, 0x00, 0x55, 0x73, 0x26, 0xEF, 0x4D,
    0x5B, 0x41, 0xDB, 0xEA, 0xFB, 0x4D, 0x20, 0x0D, 0x35, 0xC6, 0x84, 0x0C, 0x13, 0xC0, 0x68, 0xAD,
    0x7E, 0x66, 0xCF, 0x45, 0x89, 0x2B, 0xAE, 0xBB, 0x02, 0xBA, 0xB6, 0x18, 0x73, 0x29, 0xF6, 0x99,
    0x2F, 0xC6, 0xB6, 0x81, 0x1D, 0xE7, 0x23, 0x94, 0xBF, 0x70, 0x58, 0x4D, 0xE9, 0x22, 0x70, 0x0C,
    0x1F, 0x60, 0xCA, 0x01, 0xA0, 0xA6, 0x23, 0x80, 0x5A, 0x2E, 0x78, 0x9F, 0xCE, 0x86, 0xFA, 0x1A,
    0x03, 0xF3, 0x9C, 0x48, 0x65, 0xA5, 0x95, 0x01, 0xF6, 0x2C, 0x2E, 0xC7, 0x9E, 0x10, 0x6B, 0x3D,
    0x94, 0xB4, 0xA9, 0x43, 0x50, 0x6F, 0xBD, 0x04, 0x14, 0x76, 0x81, 0x59, 0x40, 0xE3, 0x2F, 0x60,
    0x66, 0x3A, 0x94, 0x92, 0xF5, 0xF5, 0x62, 0xBB, 0x96, 0x63, 0xB6, 0x5D, 0xED, 0xF3, 0xA6, 0xF4,
    0x45, 0x95, 0x4D, 0x25, 0xC4, 0x5A, 0x1A, 0xE8, 0x33, 0xC6, 0x2B, 0x18, 0xB7, 0x4C, 0x3A, 0x78,
    0x93, 0xF5, 0xDE, 0x60, 0x0B, 0x8C, 0x7D, 0x67, 0x32, 0xF6, 0x6F, 0xA3, 0xC9, 0x5F, 0x73, 0x86,
    0xBA, 0x5E, 0x26, 0x18, 0xE9, 0x60, 0xCA, 0x8C, 0x7E, 0xB4, 0xED, 0xC5, 0x89, 0x6B, 0x7B, 0x78,
    0xD4, 0x2A, 0x1A, 0x92, 0x8F, 0x4F, 0x2F, 0xE6, 0x5C, 0x31, 0x17, 0xA3, 0xF1, 0xC5, 0x54, 0x8E,
    0xB5, 0x4B, 0x5C, 0xEA, 0xB2, 0xC1, 0xF6, 0xB6, 0xCB, 0x3B, 0xCC, 0xF9, 0x01, 0x2C, 0xB5, 0xC1,
    0x56, 0x97, 0xAF, 0x3B, 0xE0, 0x29, 0x53, 0x57, 0x5E, 0x1F, 0xA0, 0xB3, 0x14, 0x8E, 0xBC, 0x46,
    0x40, 0x95, 0x54, 0x6D, 0x54, 0xA0, 0xDA, 0x78, 0x08, 0xF4, 0x19, 0xA7, 0x24, 0x62, 0xC1, 0xD8,
    0x5C, 0x8E, 0x41, 0xC1, 0xCD, 0xEF, 0x4C, 0x7C, 0xC3, 0x44, 0xDE, 0xA4, 0x13, 0xBD, 0x16, 0x36,
    0xB1, 0xC4, 0x0D, 0x70, 0x8C, 0xD8, 0x22, 0x2C, 0x08, 0x9E, 0x1E, 0x90, 0x6A, 0x0A, 0x66, 0xA0,
    0x30, 0xD9, 0x90, 0x43, 0x56, 0xB6, 0x2F, 0xE1, 0x06, 0x21, 0x0C, 0x53, 0xB8, 0x67, 0x5E, 0x85,
    0xFB, 0x74, 0xD0, 0xE4, 0x98, 0x9E, 0xCE, 0x65, 0x1F, 0x60, 0x6D, 0x7D, 0x71, 0x11, 0x28, 0xA0,
    0x5A, 0x93, 0x81, 0xB3, 0x90, 0x11, 0xAA, 0x05, 0xC9, 0x83, 0x84, 0x29, 0x2B, 0xEA, 0x49, 0x69,
    0xCC, 0x0D, 0xD2, 0x2D, 0xBE, 0x42, 0x37, 0xD9, 0xA1, 0x9B, 0x2A, 0xDD, 0x4C, 0xE9, 0x5A, 0xD0,
    0x3D, 0x45, 0xBA, 0xEF, 0x08, 0xE9, 0xA6, 0xE2, 0x41, 0x37, 0xFD, 0x87, 0xA7, 0x05, 0x45, 0xFA,
    0x7B, 0xFC, 0xB2, 0xE8, 0x31, 0x0F, 0x74, 0x89, 0x42, 0x88, 0x19, 0x74, 0x4B, 0x19, 0x70, 0x53,
    0x63, 0xF3, 0xE1, 0x90, 0xA5, 0x67, 0x7C, 0x28, 0x20, 0x46, 0x6A, 0x60, 0x7E, 0x1D, 0x3A, 0x64,
    0xA2, 0x40, 0x26, 0x1F, 0x48, 0x06, 0x12, 0x1E, 0xE0, 0x54, 0x3B, 0x70, 0x02, 0x2D, 0x05, 0x9A,
    0x53, 0x30, 0x34, 0x68, 0xC5, 0xDE, 0x6D, 0x1F, 0xDD, 0x28, 0xE5, 0x0D, 0x97, 0xF9, 0x6C, 0xCE,
    0x87, 0x82, 0x2B, 0xE9, 0x18, 0xE1, 0x24, 0x7E, 0xE0, 0x40, 0x26, 0x7B, 0x1F, 0x0C, 0x4C, 0x25,
    0x9C, 0xA5, 0x85, 0xC9, 0x78, 0x70, 0x52, 0x03, 0xC2, 0xCF, 0x5A, 0x48, 0x1D, 0xA8, 0x3A, 0xCA,
    0x8C, 0x8A, 0x46, 0x23, 0xC1, 0x4A, 0x37, 0x80, 0x5F, 0xF5, 0x85, 0x7E, 0x7E, 0x58, 0xAD, 0x7E,
    0x3D, 0xA1, 0xFF, 0xAD, 0x85, 0x37, 0x64, 0x8D, 0xFB, 0x54, 0xD2, 0x2F, 0xB7, 0x4E, 0x01, 0x4C,
    0xB9, 0x5D, 0x0E, 0x84, 0x11, 0xC2, 0xE3, 0x2D, 0xFC, 0x74, 0x04, 0x23, 0xE4, 0x47, 0x1D, 0x7F,
    0xA2, 0x96, 0x18, 0x5C, 0x4B, 0x3C, 0xEB, 0xF3, 0xD6, 0x1C, 0xFB, 0x24, 0xEA, 0xAA, 0x83, 0xC3,
    0xB6, 0xEA, 0xB1, 0x0B, 0x8D, 0x36, 0xA5, 0x28, 0x09, 0x85, 0xF2, 0x81, 0xE3, 0xC4, 0x17, 0x1D,
    0x27, 0x5A, 0x6E, 0xC2, 0x6C, 0x19, 0x7F, 0x3D, 0x34, 0x08, 0x0A, 0x42, 0xD8, 0x3A, 0x06, 0x0D,
    0xF5, 0x71, 0x30, 0x18, 0x2C, 0x3F, 0xD5, 0x70, 0x6A, 0x65, 0xFF, 0xCF, 0x0B, 0x77, 0x17, 0xF6,
    0x08, 0x4D, 0xA2, 0x55, 0xBA, 0x10, 0x77, 0x8D, 0xF9, 0xA9, 0x09, 0x09, 0x04, 0x99, 0x50, 0x68,
    0x95, 0xD1, 0xB2, 0x3F, 0x29, 0x1C, 0xC6, 0xDC, 0x05, 0x93, 0xAB, 0x10, 0xDB, 0x49, 0xD9, 0x5C,
    0xF4, 0x41, 0xD9, 0x9C, 0x14, 0x19, 0x2A, 0x9B, 0x0B, 0x5D, 0xBB, 0xD5, 0x64, 0xA0, 0xF8, 0x83,
    0x9C, 0x10, 0xE9, 0x25, 0x08, 0x57, 0x40, 0x34, 0xCA, 0x16, 0x86, 0x27, 0x27, 0x42, 0x6E, 0x9A,
    0x17, 0xC5, 0x8A, 0x3F, 0xD1, 0x78, 0x9B, 0x7E, 0xA8, 0xFB, 0xDB, 0x2B, 0x7C, 0xE0, 0xF4, 0xED,
    0xB0, 0xE5, 0x30, 0xF0, 0x96, 0x7F, 0x95, 0xB7, 0x4F, 0x95, 0xB7, 0xEB, 0xC7, 0x78, 0xCB, 0x3D,
    0xE1, 0xFF, 0xBD, 0xA7, 0xB0, 0x63, 0x59, 0x83, 0xCF, 0x7A, 0x23, 0xEB, 0x0D, 0x31, 0x68, 0x9E,
    0xA7, 0x19, 0x99, 0xD9, 0x72, 0x63, 0x42, 0x02, 0x17, 0x44, 0x2A, 0xC1, 0x7E, 0x32, 0xA5, 0x43,
    0x91, 0xCE, 0xA2, 0xB9, 0xA4, 0xA9, 0x47, 0xCD, 0x40, 0xE0, 0x22, 0x06, 0xB9, 0x77, 0x43, 0x05,
    0xFF, 0x8E, 0xA8, 0x8A, 0x5B, 0x09, 0x39, 0x27, 0xFD, 0x88, 0x98, 0x0D, 0xC5, 0x80, 0xEE, 0xDE,
    0x01, 0x63, 0x25, 0x13, 0x82, 0x4C, 0x6F, 0x8A, 0x59, 0xA7, 0x0F, 0xB4, 0x08, 0xDE, 0x68, 0xAC,
    0x5C, 0x94, 0xDE, 0xC0, 0xDF, 0xC3, 0xD1, 0x2F, 0x2D, 0x02, 0x6D, 0x97, 0x4D, 0xC8, 0x0F, 0xE3,
    0x4A, 0x8D, 0x3A, 0x57, 0x1F, 0x37, 0x6E, 0xFD, 0xDE, 0xD7, 0x81, 0xC9, 0x3C, 0x4B, 0xE4, 0x75,
    0x6F, 0xE5, 0x13, 0xB8, 0x6A, 0x5D, 0xA9, 0x72, 0xFE, 0x1C, 0x69, 0x24, 0x5C, 0xBF, 0xE6, 0xA5,
    0xD1, 0xDB, 0x64, 0x8C, 0xA0, 0xE4, 0xD7, 0x33, 0xD7, 0xF8, 0xF5, 0x59, 0x5D, 0xA0, 0x1A, 0x2A,
    0xE5, 0x53, 0xEA, 0xAE, 0xB9, 0x5D, 0x5D, 0x53, 0x71, 0xE8, 0x0E, 0x70, 0x33, 0x22, 0x02, 0x2D,
    0x11, 0x82, 0xB2, 0x6E, 0x41, 0xCA, 0x35, 0xEA, 0x5A, 0xEC, 0x0A, 0x3A, 0x73, 0xB8, 0x84, 0xE2,
    0x70, 0x09, 0x14, 0x90, 0x02, 0xEE, 0x52, 0x28, 0x1B, 0x36, 0x2E, 0xC3, 0x76, 0x1B, 0x37, 0xA6,
    0x55, 0x86, 0xFF, 0xEE, 0xD9, 0x78, 0x69, 0xE3, 0xF0, 0x2D, 0x71, 0xD7, 0x9F, 0xF6, 0x70, 0x12,
    0xA9, 0xFB, 0xAE, 0xD9, 0xB8, 0x42, 0xBF, 0x24, 0x4C, 0x13, 0x14, 0x5C, 0x51, 0xB9, 0x7C, 0x97,
    0x1C, 0x70, 0x37, 0x18, 0x54, 0xA9, 0x09, 0x29, 0x7E, 0x14, 0xCD, 0x3B, 0xA5, 0x10, 0x6C, 0x41,
    0xD3, 0x12, 0xD8, 0xFF, 0x81, 0xBC, 0xA9, 0xBA, 0x65, 0x37, 0x83, 0x46, 0x0C, 0xD4, 0x85, 0x0B,
    0xD8, 0x75, 0x0C, 0xA1, 0x02, 0x63, 0x5E, 0x08, 0x1E, 0xCE, 0xC8, 0xBF, 0x0D, 0xA3, 0x3C, 0x63,
    0x7C, 0xAD, 0x66, 0x65, 0x2E, 0x81, 0xA0, 0x0F, 0x4A, 0x4A, 0xBE, 0x76, 0x6A, 0xAF, 0xC7, 0x4E,
    0xEB, 0xB4, 0x59, 0x95, 0x3C, 0xA2, 0xFD, 0x67, 0x0B, 0x5D, 0x61, 0x7F, 0xC4, 0xF3, 0xEB, 0x3C,
    0xD2, 0x54, 0xA2, 0x4A, 0x75, 0x2D, 0xEB, 0x0E, 0x01, 0x25, 0x98, 0x6B, 0xB5, 0x71, 0xCC, 0x14,
    0xB7, 0xD5, 0x66, 0xBB, 0xA9, 0x2F, 0xC9, 0x82, 0xF2, 0xA0, 0x4C, 0xAC, 0x5C, 0x64, 0xDD, 0x64,
    0xF2, 0xBB, 0xB3, 0x0E, 0xDB, 0x4D, 0x4F, 0x6C, 0xB9, 0xB5, 0x7C, 0xA9, 0x2E, 0x97, 0x7E, 0x40,
    0x74, 0x39, 0x72, 0x8F, 0xAC, 0xB0, 0x56, 0x60, 0xE1, 0x9B, 0xB0, 0x41, 0x50, 0xC5, 0x7A, 0x83,
    0xAF, 0xD0, 0x82, 0x57, 0xA5, 0x81, 0x1A, 0xE0, 0x49, 0xAB, 0x70, 0x6F, 0xB9, 0x89, 0x57, 0x20,
    0x9F, 0x2A, 0xB4, 0x0B, 0xB5, 0x07, 0xCE, 0x17, 0xD9, 0x1B, 0xB0, 0x15, 0xC8, 0xA0, 0xD4, 0x75,
    0x41, 0xFD, 0xD4, 0x81, 0x31, 0xEB, 0xAF, 0x76, 0xA2, 0xD4, 0x6E, 0x7C, 0xFD, 0xD5, 0x72, 0x34,
    0x84, 0x61, 0x3A, 0x96, 0xC4, 0xEC, 0xCB, 0x11, 0x16, 0x8E, 0x09, 0x18, 0x0B, 0x11, 0x56, 0x22,
    0x09, 0x21, 0x4A, 0x11, 0xA9, 0x58, 0x8B, 0xB4, 0x5D, 0x8B, 0x62, 0xA4, 0xEC, 0x58, 0x8D, 0x60,
    0xB7, 0x1A, 0xEB, 0x8B, 0xFF, 0xA0, 0x1E, 0xF1, 0xF6, 0x33, 0x70, 0x35, 0xD9, 0x2F, 0x04, 0x82,
    0xC9, 0x1E, 0x08, 0x70, 0xA4, 0x8A, 0x23, 0xA1, 0x0C, 0x50, 0xCD, 0x78, 0xC0, 0x88, 0xB2, 0xE8,
    0x48, 0x81, 0xA5, 0x34, 0x45, 0x6D, 0x55, 0xBD, 0x72, 0x75, 0xF6, 0xC1, 0xD3, 0xA5, 0x61, 0x07,
    0x6E, 0x1C, 0xCF, 0xF0, 0xF6, 0xB8, 0x98, 0x6C, 0xD3, 0x49, 0xA0, 0xDC, 0x96, 0x96, 0xE9, 0x3F,
    0x4A, 0xF7, 0x26, 0xA5, 0xC4, 0x3A, 0x96, 0xFA, 0x28, 0xEF, 0x18, 0xA8, 0x7A, 0xAA, 0x6E, 0xDB,
    0x73, 0x5B, 0x02, 0x44, 0x0A, 0xBC, 0x81, 0x91, 0x42, 0xD4, 0x50, 0xF0, 0xD5, 0x90, 0x7C, 0xBE,
    0x68, 0xC2, 0x0E, 0x6F, 0x3D, 0x6A, 0x64, 0xD2, 0xDD, 0x59, 0x34, 0xF4, 0x84, 0x58, 0x14, 0xED,
    0xB0, 0xA5, 0x7A, 0xC6, 0x25, 0xE0, 0x73, 0xF3, 0xC4, 0x70, 0x58, 0x28, 0x9B, 0x1A, 0x5B, 0x33,
    0x8D, 0xA4, 0xE5, 0x47, 0x54, 0xEC, 0xFD, 0xEA, 0xE6, 0x09, 0xE1, 0x30, 0x1B, 0x7E, 0xAC, 0x21,
    0x9C, 0xA1, 0xED, 0x95, 0x3D, 0xBE, 0xF0, 0xE9, 0x78, 0x42, 0x78, 0xCB, 0xAF, 0xAA, 0xC4, 0x6E,
    0xFB, 0x2D, 0x0C, 0x4F, 0xBE, 0x7F, 0xDE, 0x52, 0xFC, 0xCB, 0x51, 0x2C, 0x97, 0xAE, 0x76, 0x48,
    0x7F, 0xBA, 0x4C, 0x5B, 0x88, 0x24, 0x41, 0x44, 0x74, 0x03, 0xC2, 0x2C, 0xAB, 0x2B, 0xC7, 0x76,
    0x40, 0x89, 0xDA, 0x65, 0x95, 0x3D, 0xCA, 0xB5, 0x9C, 0xEF, 0x34, 0x51, 0xDB, 0xB8, 0x85, 0x95,
    0x6B, 0x20, 0x22, 0xD7, 0x39, 0xB8, 0xA6, 0x6B, 0xEA, 0xF2, 0x29, 0xF2, 0xE4, 0x3A, 0x75, 0x02,
    0x7E, 0x8B, 0x8E, 0x3C, 0xB6, 0xE4, 0xF7, 0x33, 0x4F, 0xF8, 0x00, 0x6E, 0x00, 0xDE, 0xA8, 0x63,
    0x8E, 0x27, 0xF4, 0x3A, 0xC5, 0x96, 0x6B, 0xA7, 0x88, 0x3B, 0xF3, 0xB6, 0x72, 0xFD, 0x8B, 0xE7,
    0x82, 0x44, 0x5F, 0xD8, 0x29, 0xD1, 0x82, 0xA9, 0x14, 0x6A, 0xDF, 0xA7, 0xDF, 0x3C, 0x2A, 0xD5,
    0x98, 0x92, 0xAB, 0xD4, 0xED, 0x31, 0x4A, 0xE2, 0x42, 0xF1, 0x0F, 0x98, 0xCD, 0xAC, 0xA4, 0xC0,
    0x1B, 0x6E, 0x08, 0xBD, 0x7A, 0x3B, 0x4F, 0x6F, 0x07, 0x08, 0xE9, 0xE2, 0x06, 0x52, 0xC4, 0x8D,
    0x36, 0x02, 0xD6, 0x0B, 0xAE, 0x17, 0x1E, 0x18, 0x50, 0x3B, 0x06, 0x31, 0x21, 0x6B, 0x4A, 0x4A,
    0x68, 0xD6, 0xCD, 0x1B, 0x35, 0xC5, 0x0B, 0x1E, 0x31, 0x0B, 0x6C, 0x29, 0xD4, 0xE8, 0x10, 0x87,
    0xBC, 0xE7, 0x4F, 0x27, 0x86, 0x43, 0x8D, 0xC5, 0xA9, 0x06, 0xC3, 0x22, 0xB4, 0x21, 0x2F, 0x42,
    0xB8, 0xF1, 0x8D, 0xF8, 0xCD, 0x13, 0xC2, 0xE1, 0x2D, 0xCD, 0x83, 0xA4, 0x18, 0xB6, 0xF0, 0xD6,
    0x91, 0xCC, 0xE8, 0x7B, 0x95, 0xDE, 0x25, 0xA5, 0xAF, 0x32, 0xD4, 0x74, 0x21, 0xA4, 0x58, 0x21,
    0xAB, 0xDE, 0xF9, 0x1C, 0x6B, 0x70, 0x0B, 0x49, 0xC7, 0xB0, 0x42, 0xEB, 0x61, 0xD8, 0xF8, 0x65,
    0x68, 0x70, 0x33, 0x41, 0x4F, 0x84, 0xBD, 0x8A, 0x38, 0x14, 0x0A, 0xA1, 0x7A, 0x09, 0xA5, 0x45,
    0x1B, 0xAA, 0x7D, 0x77, 0x08, 0xD7, 0x06, 0xB7, 0xAA, 0xFC, 0x5A, 0xF8, 0x1C, 0xC2, 0xD0, 0xE0,
    0x36, 0x87, 0x1D, 0x6F, 0xD1, 0xF4, 0xE7, 0xDE, 0x35, 0xED, 0x4A, 0x37, 0x74, 0x02, 0x8E, 0x60,
    0x82, 0x84, 0x6A, 0xCF, 0xB3, 0x08, 0xAF, 0x52, 0xA2, 0x60, 0x00, 0xA2, 0x76, 0x5C, 0x9B, 0x7E,
    0x30, 0xBB, 0x62, 0x4D, 0x16, 0x87, 0xDD, 0x7C, 0xE7, 0xB0, 0xE9, 0x17, 0xB1, 0x9E, 0xB1, 0xEB,
    0xA9, 0x81, 0x83, 0x68, 0x10, 0x70, 0x61, 0xF2, 0x58, 0x60, 0x65, 0xA7, 0x84, 0x01, 0x3A, 0x59,
    0x9E, 0x41, 0x89, 0x32, 0x17, 0xC8, 0x40, 0x7C, 0x41, 0x6F, 0x50, 0xCA, 0x00, 0x1A, 0xE2, 0x2C,
    0x37, 0x20, 0xA7, 0xFC, 0x0B, 0xCA, 0x9E, 0xBD, 0x7F, 0x80, 0x4F, 0xE0, 0x1E, 0x06, 0x30, 0x59,
    0xF7, 0x3C, 0x61, 0xE8, 0x68, 0xEC, 0x9A, 0x52, 0xB0, 0x81, 0x36, 0xAE, 0x15, 0xC2, 0x4E, 0xD8,
    0x66, 0xD3, 0xBD, 0xE5, 0x81, 0x86, 0xF8, 0x44, 0x0E, 0x66, 0xF3, 0x17, 0xB6, 0x47, 0x92, 0xD9,
    0x9C, 0x96, 0x99, 0xCF, 0xF2, 0xE5, 0xBA, 0x2F, 0x41, 0xAE, 0xED, 0x8B, 0xA9, 0xBD, 0x2F, 0x23,
    0x32, 0x1D, 0x47, 0x46, 0x33, 0xD9, 0xE3, 0x6A, 0x56, 0x84, 0x5A, 0x82, 0x62, 0x4D, 0x97, 0x1F,
    0x13, 0xDE, 0x67, 0x36, 0x4E, 0x49, 0xCB, 0xE6, 0xFC, 0xBF, 0x20, 0x71, 0xB6, 0xB9, 0xBC, 0xAB,
    0x13, 0x7A, 0x56, 0xC0, 0xC2, 0x38, 0x0E, 0xD5, 0x2E, 0x28, 0x04, 0x12, 0xA4, 0x41, 0x22, 0xE1,
    0x05, 0xC9, 0x18, 0xD2, 0x31, 0x24, 0x64, 0x48, 0x89, 0x39, 0xBB, 0x0B, 0xC2, 0x0E, 0xC4, 0xD2,
    0x2F, 0x0B, 0xED, 0x4E, 0x83, 0xE2, 0x6F, 0xFD, 0x13, 0xA2, 0xC1, 0x9E, 0x6C, 0x71, 0xD7, 0xEB,
    0xE0, 0xFD, 0x63, 0x91, 0x12, 0x5B, 0x96, 0xD0, 0x9B, 0x94, 0x54, 0x6E, 0x87, 0xC1, 0x7B, 0x3E,
    0xE3, 0xBB, 0x47, 0xC5, 0x9F, 0x21, 0x93, 0x64, 0x69, 0x81, 0x08, 0x42, 0x17, 0xA1, 0x7D, 0x01,
    0x20, 0x91, 0xFB, 0xC0, 0xFF, 0x33, 0x04, 0x47, 0x7A, 0x93, 0x44, 0xBB, 0xF0, 0x7B, 0x7C, 0xE7,
    0x52, 0x9D, 0xE2, 0x0A, 0xFD, 0x6F, 0x28, 0x9D, 0xE6, 0xFD, 0xC0, 0xEC, 0xCD, 0x6F, 0x28, 0x14,
    0xF9, 0x64, 0xD1, 0x72, 0x09, 0x62, 0x2B, 0x64, 0xAA, 0x85, 0xCC, 0x22, 0xA7, 0x06, 0x9F, 0xCF,
    0xC1, 0x1D, 0x88, 0x56, 0xE1, 0x30, 0x9B, 0x03, 0x5F, 0x8E, 0xE9, 0xB5, 0x9D, 0x0C, 0x5D, 0xEB,
    0x5A, 0xFD, 0xBF, 0xFB, 0x39, 0xF1, 0xF0, 0x9C, 0xAE, 0xB1, 0xD0, 0x6D, 0x6D, 0x9A, 0xA8, 0xB9,
    0x33, 0x8A, 0xF2, 0x70, 0xA9, 0xA1, 0x9F, 0x30, 0xA7, 0xFF, 0xB4, 0x66, 0xAC, 0xF9, 0xA6, 0x1A,
    0x9B, 0x8E, 0xAA, 0x7C, 0xBE, 0xE8, 0xB9, 0x20, 0xE8, 0x4D, 0x4A, 0xCF, 0x25, 0x73, 0xDD, 0xC5,
    0x0B, 0xCB, 0x38, 0xB2, 0xA7, 0xE7, 0x27, 0x4A, 0xF3, 0x14, 0xE8, 0xB5, 0x7A, 0x2E, 0x68, 0x35,
    0xA8, 0x7F, 0xBC, 0xE6, 0x99, 0xE9, 0x5A, 0x57, 0x50, 0x43, 0x77, 0x92, 0xB7, 0x5C, 0x1E, 0x01,
    0xEF, 0xD3, 0xC1, 0x23, 0x70, 0x03, 0x8B, 0xCF, 0xBD, 0xB9, 0xBC, 0x93, 0x15, 0x3E, 0x0A, 0x5E,
    0x7B, 0x75, 0xD4, 0x7C, 0x89, 0x23, 0xBF, 0x3A, 0x3E, 0x0E, 0x19, 0xA0, 0xD0, 0xCD, 0x06, 0xED,
    0x7D, 0xFB, 0xB5, 0xA3, 0x1A, 0xA2, 0x5F, 0xC9, 0xAB, 0x39, 0xCB, 0xE2, 0x68, 0x0D, 0x24, 0x3C,
    0xA7, 0x9D, 0x0F, 0x23, 0x07, 0xBC, 0x04, 0xA4, 0xA6, 0xF5, 0xDF, 0x25, 0x6D, 0xFE, 0x7B, 0x7E,
    0xDF, 0x94, 0xAE, 0xDF, 0x0E, 0xC3, 0xE9, 0x50, 0x93, 0xB2, 0x24, 0x65, 0x45, 0x5A, 0x0E, 0x87,
    0xBD, 0x66, 0x06, 0xE2, 0x52, 0x47, 0x63, 0x80, 0x4B, 0xF5, 0x23, 0xD9, 0x0C, 0x36, 0xF8, 0x67,
    0xF3, 0xD0, 0x2A, 0x11, 0x55, 0x66, 0xFE, 0xD9, 0x8C, 0x2B, 0xDB, 0x94, 0x98, 0xDF, 0x8E, 0xAD,
    0xB8, 0x7A, 0x0A, 0xFC, 0x5C, 0x81, 0x1E, 0x4E, 0xEB, 0x49, 0x26, 0x13, 0x41, 0x6F, 0xA2, 0xBB,
    0x0B, 0x03, 0x08, 0x1C, 0xB4, 0x24, 0x90, 0x30, 0xA3, 0x43, 0x09, 0x41, 0xD7, 0x7D, 0xAE, 0xCA,
    0x2C, 0x55, 0xB6, 0xB0, 0x5A, 0x64, 0x85, 0x86, 0x88, 0x31, 0xD6, 0xF7, 0x61, 0x40, 0x2A, 0xF2,
    0x85, 0x1D, 0x34, 0x06, 0xA0, 0x0B, 0x03, 0x93, 0x44, 0xC8, 0xFD, 0x9F, 0xB2, 0x13, 0x1E, 0x63,
    0x1E, 0xFC, 0x25, 0xC0, 0xA4, 0x89, 0x69, 0x95, 0xC2, 0x56, 0x61, 0x53, 0xC8, 0x04, 0xED, 0x1C,
    0x11, 0x19, 0x8F, 0x1A, 0x11, 0x4A, 0xC0, 0xDE, 0x1A, 0x4A, 0x10, 0x27, 0xC0, 0x79, 0xC9, 0x46,
    0xA1, 0xBA, 0xAC, 0xBA, 0xA7, 0xDF, 0xEA, 0x28, 0x03, 0x5B, 0x3D, 0xDC, 0x64, 0x8A, 0x65, 0x73,
    0x94, 0x3E, 0xE5, 0xD2, 0x42, 0x5D, 0xD2, 0xA5, 0xEE, 0x59, 0x65, 0x82, 0xB6, 0x8E, 0x74, 0x66,
    0x64, 0x02, 0xEF, 0x1E, 0xBC, 0xD3, 0x87, 0xF4, 0x5C, 0x55, 0xA4, 0xE1, 0x3E, 0xA6, 0x60, 0x57,
    0x01, 0xB7, 0x47, 0x4D, 0xE6, 0x91, 0xF0, 0xFE, 0x28, 0xE4, 0x0A, 0x29, 0xA4, 0x42, 0xBF, 0xBA,
    0x5B, 0x48, 0x3D, 0x0A, 0xDE, 0xEC, 0xCB, 0xDF, 0xD3, 0x75, 0x9B, 0xF9, 0xC5, 0xE9, 0xB1, 0xE0,
    0xCB, 0xCF, 0x23, 0x14, 0xBC, 0xEB, 0x75, 0xEC, 0x16, 0x2D, 0x8F, 0x82, 0x93, 0x39, 0xDC, 0xA6,
    0xAB, 0x11, 0xF4, 0xF6, 0x6B, 0x8E, 0x7F, 0xD7, 0x0C, 0xFA, 0xD8, 0xBC, 0x4D, 0xE0, 0xF9, 0x63,
    0xA7, 0x27, 0xFB, 0x4C, 0x68, 0x0C, 0xF5, 0xC6, 0xD8, 0x19, 0xD1, 0x22, 0x9F, 0x0A, 0x9E, 0x72,
    0x82, 0x7A, 0xF9, 0xF9, 0xC4, 0x82, 0xA2, 0x27, 0x38, 0x0F, 0xE5, 0xF1, 0x2C, 0x46, 0x96, 0x56,
    0x8F, 0x7E, 0x34, 0xC0, 0xF5, 0xE6, 0xE5, 0xBD, 0x6D, 0x83, 0x42, 0x3B, 0x04, 0x7A, 0xA6, 0xA4,
    0xFD, 0x81, 0x64, 0xFA, 0x4A, 0x77, 0x20, 0xF3, 0x87, 0x1A, 0x99, 0x7C, 0xB3, 0x46, 0x4E, 0x6B,
    0x24, 0x1D, 0x78, 0x1E, 0xF8, 0x00, 0x66, 0xB4, 0x09, 0xA7, 0x03, 0x8C, 0x4B, 0x13, 0x28, 0xAD,
    0xF6, 0xD3, 0x6D, 0x4F, 0x49, 0xEB, 0x97, 0x9B, 0x4F, 0x8C, 0xDA, 0xD3, 0x9B, 0x02, 0x24, 0xA1,
    0x49, 0xD3, 0x3D, 0x1F, 0xF1, 0xCF, 0x8F, 0x97, 0x1A, 0x3D, 0x76, 0x28, 0x71, 0x15, 0xD8, 0xAB,
    0xE3, 0x93, 0x5A, 0x96, 0x39, 0xA7, 0x49, 0xEE, 0xA6, 0xFB, 0xA9, 0x2D, 0xBA, 0x33, 0xCD, 0xA6,
    0x0F, 0xA5, 0x4D, 0x21, 0xFC, 0x1C, 0xB4, 0xA8, 0x25, 0xF0, 0x29, 0x91, 0x70, 0x9E, 0x64, 0x2C,
    0xA2, 0xE9, 0x38, 0x43, 0x12, 0xC2, 0xBF, 0x11, 0x69, 0x19, 0x9F, 0x6B, 0x3A, 0xA6, 0x92, 0x98,
    0xF4, 0xD4, 0x50, 0x1B, 0xE6, 0xC5, 0x26, 0xE5, 0x3D, 0xC3, 0x19, 0x25, 0xA3, 0x7D, 0xB9, 0x6C,
    0xDA, 0xF3, 0xBB, 0xAD, 0xC0, 0xA3, 0x59, 0x71, 0x7B, 0x67, 0xD1, 0xEE, 0x9B, 0xFE, 0x99, 0x47,
    0x1F, 0x85, 0xBF, 0xB8, 0x69, 0x94, 0x21, 0x46, 0x2A, 0x2E, 0x99, 0xED, 0xAF, 0x94, 0xF5, 0x40,
    0xC6, 0xC6, 0x95, 0x25, 0x93, 0xAC, 0x75, 0x1B, 0x3D, 0x5E, 0xC8, 0xBF, 0xD0, 0xF6, 0x18, 0xB2,
    0xFB, 0xF2, 0x61, 0x24, 0xE0, 0x95, 0xCE, 0x51, 0x85, 0xC0, 0x92, 0x02, 0xFD, 0xBA, 0xD3, 0x86,
    0x7B, 0xF2, 0xCB, 0xFF, 0x1F, 0xCD, 0x5B, 0xBF, 0x73, 0xDC, 0xC6, 0x15, 0xDE, 0xC3, 0x39, 0xBC,
    0x98, 0x28, 0xE0, 0xC6, 0x19, 0x5B, 0x2A, 0x90, 0xC2, 0x15, 0x93, 0x0C, 0xFE, 0x03, 0x03, 0x8E,
    0x0B, 0x17, 0x29, 0xE4, 0x99, 0xA4, 0x73, 0x91, 0xD4, 0x4E, 0xC1, 0x26, 0x45, 0x8A, 0x8C, 0x01,
    0x3B, 0x45, 0x5A, 0x16, 0xE9, 0xA3, 0xC2, 0x85, 0x44, 0x17, 0x6C, 0x5C, 0x26, 0x5E, 0x24, 0x2E,
    0x54, 0xB8, 0x10, 0x3C, 0x1A, 0xD7, 0xC1, 0xD8, 0x29, 0x32, 0x56, 0x21, 0x38, 0x83, 0xC4, 0x10,
    0x05, 0x60, 0xF3, 0xBE, 0xEF, 0x2D, 0x70, 0x77, 0x14, 0xC5, 0xC8, 0x11, 0x45, 0x52, 0x3A, 0x3C,
    0x1E, 0x41, 0xDC, 0xEE, 0xFB, 0xDE, 0xBE, 0x7D, 0x3F, 0xF7, 0x8C, 0x59, 0x3A, 0x67, 0x8C, 0xD0,
    0x51, 0xE8, 0x8A, 0x74, 0xE7, 0xF0, 0x96, 0x99, 0xFE, 0x2D, 0x5D, 0xC9, 0xFB, 0xA0, 0x91, 0xAB,
    0x84, 0x26, 0xAE, 0x16, 0x9A, 0xBA, 0x46, 0xA8, 0x25, 0x75, 0x7F, 0x6F, 0xF0, 0xE0, 0x2F, 0x1B,
    0x3C, 0x18, 0xB5, 0xF2, 0xE0, 0x10, 0x75, 0xF2, 0x60, 0x1F, 0xF5, 0xF2, 0x60, 0x0B, 0x6A, 0x9B,
    0x50, 0xA8, 0x73, 0xAE, 0xC7, 0x7C, 0x6E, 0x90, 0x07, 0x9D, 0xCC, 0x15, 0xB9, 0xC3, 0x8F, 0x46,
    0x79, 0x50, 0x6E, 0xCA, 0x83, 0xA0, 0xB6, 0x01, 0x95, 0x3F, 0xF4, 0xF3, 0xB5, 0x7B, 0xF8, 0x21,
    0x59, 0x09, 0x5D, 0x81, 0x09, 0x03, 0x19, 0x64, 0xE9, 0x8E, 0x06, 0xF3, 0xF1, 0x52, 0x98, 0x5D,
    0x0E, 0x66, 0xC7, 0x0D, 0xB8, 0x17, 0x8F, 0x7F, 0xEA, 0xD3, 0x3A, 0xEA, 0x6D, 0x95, 0x74, 0xF6,
    0xD8, 0xB5, 0xB9, 0x73, 0x4D, 0x2A, 0x57, 0xE8, 0xF6, 0x85, 0xB1, 0x9D, 0x83, 0xBD, 0x4C, 0x86,
    0x68, 0xF2, 0x19, 0xAB, 0x71, 0x1D, 0xE8, 0x0F, 0xB2, 0xCB, 0xC6, 0x9A, 0x94, 0xCE, 0x44, 0x8F,
    0x7A, 0x79, 0xAC, 0x33, 0x0B, 0x4E, 0x6B, 0x9E, 0x1D, 0xEF, 0x25, 0x61, 0x91, 0x91, 0x06, 0xD0,
    0x18, 0x73, 0x99, 0xE4, 0x73, 0x52, 0x4A, 0x3B, 0x1C, 0x26, 0x44, 0xED, 0x77, 0x43, 0xF4, 0xA0,
    0x09, 0xC7, 0x44, 0x58, 0x94, 0xCF, 0x06, 0x3D, 0x1E, 0x7F, 0xDB, 0x04, 0x80, 0x62, 0x09, 0xB0,
    0x9C, 0x26, 0xCB, 0x05, 0xE3, 0xC2, 0xC9, 0x62, 0x06, 0x6B, 0xE5, 0xC5, 0x3F, 0x3B, 0x62, 0x5E,
    0xF9, 0x80, 0xC8, 0xA6, 0x33, 0x6E, 0xB4, 0x83, 0x88, 0x26, 0xEC, 0x42, 0x67, 0x82, 0x0C, 0x08,
    0x4D, 0x0C, 0x35, 0x10, 0x10, 0x42, 0x9A, 0x27, 0x91, 0xCE, 0xBC, 0x62, 0x92, 0xC1, 0xE4, 0x75,
    0xE4, 0xEE, 0xBB, 0x1A, 0x92, 0x28, 0x0C, 0xA4, 0x61, 0x62, 0x77, 0x20, 0x7F, 0x0F, 0xE4, 0xA1,
    0x10, 0x92, 0x93, 0x9F, 0xB9, 0x70, 0x74, 0x7B, 0x3D, 0xFD, 0xF5, 0x31, 0x93, 0x27, 0x6B, 0x11,
    0x5B, 0x1B, 0xB9, 0xA3, 0x3E, 0x6D, 0x57, 0x07, 0xB9, 0x67, 0x1E, 0x6B, 0x23, 0xE3, 0xE8, 0xCF,
    0xF2, 0x27, 0x46, 0x20, 0x57, 0xC2, 0x64, 0x11, 0x89, 0x80, 0x89, 0xD0, 0x98, 0xBF, 0x50, 0x2B,
    0x33, 0xCC, 0x23, 0x0F, 0xD9, 0xCF, 0x1A, 0xB3, 0xB8, 0xBD, 0xF8, 0xF0, 0xA2, 0xE1, 0xBD, 0x88,
    0x79, 0x0A, 0x59, 0xFA, 0xDA, 0x24, 0x5F, 0xF5, 0xE6, 0x30, 0xBB, 0x7D, 0x4E, 0xF0, 0xC0, 0x5A,
    0x30, 0x4C, 0x84, 0xBF, 0x5E, 0x2C, 0xB2, 0xF7, 0xB0, 0x0B, 0xFC, 0xF5, 0xDE, 0x39, 0x2D, 0xDA,
    0xED, 0x40, 0xC4, 0x93, 0xDE, 0xE8, 0xFC, 0xA2, 0xAD, 0xA0, 0xFD, 0x8B, 0xF6, 0xA2, 0xA1, 0xED,
    0x65, 0x87, 0xF2, 0xEE, 0x0E, 0x37, 0x9D, 0x3C, 0x1E, 0x80, 0x67, 0xAA, 0xD3, 0x36, 0x4A, 0xC0,
    0xC4, 0x9E, 0x6E, 0x0D, 0x80, 0x1A, 0x20, 0x35, 0x80, 0xAA, 0xBB, 0x8B, 0xD6, 0x83, 0x9F, 0xD4,
    0x77, 0x82, 0x97, 0x80, 0xC1, 0x77, 0x61, 0x00, 0x79, 0x5A, 0x49, 0x0B, 0x33, 0xE1, 0x4D, 0x4C,
    0x48, 0x3B, 0x10, 0x6C, 0x43, 0xC6, 0x4C, 0x1D, 0x29, 0xA5, 0x27, 0x3B, 0x5B, 0x76, 0xEB, 0xD7,
    0x62, 0x56, 0x02, 0x31, 0x7E, 0x23, 0x6C, 0xC7, 0xCA, 0x81, 0xE2, 0xA5, 0xBF, 0x82, 0x66, 0x62,
    0x35, 0xE4, 0x7D, 0xD4, 0x6F, 0xD1, 0x70, 0x84, 0x80, 0xE4, 0x4D, 0xD2, 0x42, 0x0C, 0x69, 0xB3,
    0x90, 0xD1, 0xD2, 0x63, 0x2B, 0x4C, 0x0A, 0x63, 0x32, 0x7B, 0x0E, 0x40, 0x62, 0x69, 0x8E, 0x75,
    0xE6, 0xF4, 0x1B, 0x0A, 0xEC, 0x2B, 0x0A, 0xF5, 0x1E, 0xF8, 0xCA, 0x3F, 0xA3, 0x15, 0xBC, 0x5B,
    0x9A, 0xFD, 0xDA, 0xDD, 0x2D, 0x02, 0xD7, 0x0B, 0x57, 0xB2, 0x22, 0xB2, 0xD5, 0x62, 0x67, 0x1D,
    0x44, 0x0C, 0x14, 0x79, 0x05, 0x9B, 0x66, 0x4B, 0x98, 0x29, 0x57, 0x8A, 0xA1, 0x12, 0xBA, 0x82,
    0x3D, 0x2C, 0xB1, 0x4A, 0xAE, 0x4A, 0x60, 0x21, 0x47, 0xE0, 0xE2, 0x42, 0xCA, 0x67, 0x1F, 0xB4,
    0x93, 0x2D, 0x95, 0x5B, 0x0F, 0x0D, 0x59, 0xA9, 0xC0, 0x0A, 0xFE, 0x6C, 0xBF, 0xB6, 0x1C, 0x08,
    0x43, 0xBB, 0x52, 0x96, 0x64, 0x81, 0x97, 0xBC, 0x11, 0x6D, 0x2B, 0x21, 0x52, 0xD2, 0x37, 0x5C,
    0x29, 0x1F, 0x92, 0xFB, 0xFB, 0xEE, 0x50, 0x9E, 0x09, 0x67, 0xD4, 0xA4, 0xF1, 0x00, 0x6A, 0x3B,
    0x13, 0x8F, 0x47, 0xD8, 0x8F, 0x94, 0xA7, 0xCE, 0x9E, 0xBA, 0x51, 0x7D, 0x59, 0x32, 0x29, 0x49,
    0x8E, 0x15, 0xB2, 0xD0, 0x89, 0x97, 0xED, 0x3F, 0x74, 0x51, 0x93, 0x06, 0x13, 0x0E, 0x32, 0x2E,
    0xD0, 0xC6, 0xA3, 0x80, 0x25, 0x56, 0x42, 0x25, 0x52, 0x02, 0x25, 0x4E, 0xC2, 0x24, 0x4A, 0x59,
    0xF4, 0x4E, 0x67, 0x21, 0x44, 0x8F, 0x30, 0xA7, 0x19, 0x06, 0x3E, 0x07, 0xFD, 0x78, 0xF7, 0xB0,
    0x98, 0x56, 0x5A, 0xE6, 0xA5, 0xB7, 0x80, 0xE3, 0x58, 0x80, 0x00, 0xA3, 0x3A, 0x88, 0x35, 0x59,
    0x41, 0x09, 0xB8, 0x0D, 0x22, 0x4F, 0x4A, 0xB3, 0xD6, 0xFE, 0x64, 0xAD, 0xFD, 0x58, 0x53, 0x92,
    0x1C, 0xC4, 0x62, 0x74, 0x06, 0x06, 0xB1, 0xF0, 0x93, 0xC8, 0x4A, 0x5F, 0x3B, 0xBC, 0xC9, 0x79,
    0xE3, 0x31, 0x5B, 0xE8, 0xB6, 0xED, 0xB8, 0x6D, 0x9B, 0xE5, 0x90, 0x97, 0xC1, 0x88, 0x0F, 0x80,
    0x1B, 0xF0, 0xA1, 0x5B, 0xF7, 0x05, 0x01, 0x64, 0xB1, 0x6D, 0x4B, 0x99, 0x54, 0x34, 0x10, 0xB2,
    0xB9, 0x15, 0xC8, 0x20, 0x63, 0x48, 0xA9, 0x55, 0x50, 0x65, 0x61, 0x78, 0xF1, 0x47, 0x73, 0x71,
    0x88, 0xD2, 0x62, 0x30, 0xC9, 0x7D, 0x84, 0x3C, 0x8D, 0xDF, 0xAE, 0xE6, 0xD9, 0x51, 0xD1, 0xF0,
    0x2C, 0xFB, 0x89, 0x6C, 0xDB, 0xA1, 0x8B, 0x40, 0x65, 0x5E, 0xDF, 0x30, 0xB1, 0xAF, 0x9B, 0x73,
    0x41, 0x75, 0x21, 0x7C, 0xA7, 0xB5, 0x67, 0x7A, 0xE1, 0x5E, 0xC2, 0x3B, 0x3C, 0x09, 0xCB, 0x18,
    0x8F, 0xC6, 0x3C, 0x15, 0xE3, 0xB2, 0x35, 0xDA, 0xFD, 0x42, 0xC6, 0xAD, 0x62, 0xD9, 0x69, 0x08,
    0xEE, 0x60, 0x4A, 0xB1, 0x0C, 0xAB, 0x21, 0x63, 0x7C, 0xB6, 0xA0, 0x55, 0x1D, 0x43, 0xEE, 0x5D,
    0xD1, 0xB9, 0x08, 0xF3, 0x2E, 0x2F, 0x7C, 0x89, 0xD4, 0x55, 0xDC, 0x1B, 0x30, 0xCC, 0x13, 0x5C,
    0x85, 0xAC, 0x96, 0x59, 0x78, 0x57, 0xD1, 0x79, 0x57, 0x21, 0xC0, 0x0D, 0x90, 0xEB, 0x28, 0x33,
    0x8F, 0x93, 0xBF, 0x78, 0xC1, 0x70, 0xE1, 0x30, 0x5B, 0x09, 0x86, 0x8C, 0xD7, 0x48, 0xEF, 0x68,
    0x75, 0x96, 0x88, 0x0E, 0x23, 0xA7, 0x4D, 0x3E, 0x34, 0xB7, 0x4E, 0x78, 0x0C, 0x0B, 0x7B, 0x16,
    0x02, 0x1A, 0x46, 0x81, 0xC5, 0x1D, 0x2D, 0xBC, 0x82, 0xB8, 0x4A, 0x58, 0xC3, 0xC0, 0x28, 0x46,
    0x05, 0x29, 0xBE, 0x6B, 0x71, 0x78, 0x08, 0xB6, 0x00, 0xB1, 0x59, 0x39, 0x35, 0x6C, 0xA0, 0xF0,
    0x25, 0x42, 0xC5, 0x97, 0xA4, 0xEA, 0x36, 0xE4, 0x0D, 0xF6, 0xD9, 0x7D, 0xD7, 0x33, 0x9E, 0x45,
    0xD8, 0xED, 0xBE, 0x6D, 0x11, 0xA9, 0x2E, 0x9B, 0x69, 0xF2, 0x08, 0x6B, 0x63, 0xE5, 0xE6, 0x72,
    0x1C, 0x60, 0x52, 0xF3, 0x6C, 0xD3, 0x75, 0x0E, 0x71, 0x23, 0xB8, 0xF3, 0x5A, 0xC2, 0x56, 0x57,
    0xAD, 0xDC, 0x03, 0xD1, 0xCE, 0x41, 0x96, 0x33, 0x6E, 0x05, 0xB9, 0x98, 0x5F, 0x57, 0xC8, 0x7C,
    0x2E, 0x83, 0x67, 0x22, 0x47, 0x12, 0x2A, 0xC7, 0x4E, 0xEC, 0x95, 0x08, 0x2A, 0x84, 0xA0, 0x02,
    0x27, 0x1B, 0xDD, 0xBC, 0x4A, 0xF6, 0x25, 0xE4, 0xDE, 0xC1, 0xE3, 0xF9, 0xB1, 0x06, 0x04, 0xA5,
    0x3C, 0x37, 0x42, 0xED, 0xE8, 0x58, 0x73, 0xC4, 0xBC, 0x26, 0xBD, 0x0F, 0x09, 0xC5, 0xBC, 0xC5,
    0x78, 0xF0, 0x2A, 0xC8, 0x69, 0xB7, 0xD8, 0x93, 0x91, 0x1B, 0x0B, 0xBD, 0x19, 0xC0, 0x30, 0x78,
    0x7C, 0x39, 0xBB, 0x70, 0x11, 0x99, 0x3F, 0x1B, 0x6E, 0xD3, 0x35, 0xD5, 0x3B, 0x57, 0x41, 0x95,
    0x62, 0x68, 0x79, 0x5A, 0x4E, 0x24, 0x2E, 0xCC, 0xA5, 0x68, 0xD1, 0xA5, 0xEE, 0xA4, 0x80, 0x2C,
    0x84, 0xB4, 0x6B, 0xCB, 0x6E, 0x4D, 0x63, 0x3E, 0x61, 0x37, 0x45, 0xB2, 0x62, 0x88, 0x06, 0x33,
    0xC1, 0xED, 0x66, 0xCD, 0x24, 0xB8, 0x17, 0x2F, 0x5E, 0x66, 0x12, 0x5E, 0x93, 0xBF, 0x8C, 0x7B,
    0x8E, 0x19, 0xF4, 0x23, 0x66, 0xCD, 0x1F, 0xF4, 0x27, 0x02, 0xDB, 0x12, 0x32, 0x01, 0xAD, 0x41,
    0xF3, 0x7A, 0x81, 0x34, 0xB7, 0xD2, 0xB0, 0x6E, 0xC9, 0x58, 0x8F, 0xB4, 0x10, 0xBA, 0x80, 0x27,
    0x80, 0xE9, 0x0D, 0x49, 0xA3, 0x99, 0x8E, 0x10, 0xA7, 0xE4, 0xCE, 0xB2, 0x02, 0x21, 0x03, 0xDB,
    0x08, 0x26, 0xD6, 0x53, 0xB9, 0x29, 0x63, 0xCB, 0x4D, 0x49, 0x72, 0x05, 0xA3, 0xE5, 0x84, 0x26,
    0x28, 0x26, 0x21, 0x5A, 0xE4, 0xC5, 0xA3, 0xCC, 0x11, 0xB7, 0xE9, 0x96, 0x86, 0x6D, 0x47, 0xF1,
    0x9A, 0x1E, 0x3B, 0x5A, 0x5F, 0x19, 0x12, 0x29, 0x83, 0x92, 0x95, 0x2C, 0x60, 0x16, 0x3A, 0xB1,
    0xC9, 0x91, 0xF8, 0x18, 0x49, 0x41, 0x10, 0x94, 0x77, 0xC2, 0x6E, 0xDC, 0x42, 0x82, 0xCD, 0x12,
    0xAB, 0x2E, 0xCC, 0xA5, 0xA8, 0x06, 0x20, 0x43, 0x17, 0x46, 0x10, 0x85, 0x96, 0x28, 0x17, 0x78,
    0xE0, 0x05, 0xEE, 0x01, 0x4E, 0x17, 0x93, 0x22, 0x32, 0x75, 0xAD, 0x07, 0x3E, 0x12, 0x38, 0x32,
    0xA4, 0xD3, 0x80, 0xD3, 0x77, 0x24, 0x0A, 0xBC, 0x39, 0x09, 0x3C, 0x27, 0x70, 0x38, 0x92, 0x09,
    0xB8, 0xCA, 0xDB, 0xBC, 0x5B, 0x78, 0x80, 0x2F, 0xBB, 0x2F, 0xA8, 0xD6, 0x9E, 0x78, 0x80, 0x32,
    0x9E, 0x88, 0x64, 0x3C, 0x01, 0xD0, 0x63, 0x5B, 0x03, 0x04, 0x36, 0x0F, 0x90, 0xD8, 0xC2, 0x4D,
    0x6C, 0x54, 0x2B, 0x5F, 0x8C, 0x79, 0x18, 0x67, 0x88, 0xB6, 0x33, 0x93, 0x86, 0xC3, 0xA6, 0x88,
    0x73, 0x6C, 0x27, 0x4B, 0xEF, 0x0E, 0x03, 0x78, 0xE4, 0x24, 0x8C, 0x64, 0x32, 0x14, 0xAD, 0x09,
    0xB4, 0x9A, 0x23, 0x25, 0x27, 0x72, 0xB8, 0xDA, 0x07, 0x15, 0xEB, 0x85, 0xBA, 0xE6, 0xFE, 0x09,
    0x1C, 0x03, 0x48, 0xEF, 0x47, 0x5F, 0xC9, 0xDC, 0x88, 0x21, 0xD2, 0x77, 0xC6, 0x79, 0xDA, 0x84,
    0xC9, 0x0E, 0xAE, 0xC2, 0xEC, 0x09, 0x57, 0x40, 0xBD, 0x9C, 0xAE, 0x51, 0xCB, 0x30, 0x60, 0x23,
    0x9A, 0xAE, 0x4E, 0x59, 0x20, 0x07, 0xE1, 0x29, 0xD5, 0x35, 0xCC, 0x04, 0x18, 0x40, 0x01, 0x10,
    0x4F, 0xFA, 0x70, 0x3A, 0x5D, 0xB5, 0xB2, 0xEE, 0x93, 0x62, 0xF0, 0x0D, 0xB6, 0xC1, 0x35, 0x86,
    0x0A, 0xDD, 0x20, 0xA3, 0xCB, 0x4B, 0xC7, 0x4F, 0x90, 0xDA, 0xC8, 0xAB, 0x10, 0x5E, 0x83, 0x8D,
    0x44, 0x4F, 0xD8, 0x94, 0x89, 0x22, 0x7D, 0x75, 0x98, 0x04, 0x73, 0x5C, 0x2B, 0xDE, 0x35, 0x51,
    0x35, 0x92, 0xBF, 0x00, 0x46, 0xEB, 0x55, 0xF3, 0x3C, 0x78, 0x84, 0x03, 0x8B, 0xEA, 0x91, 0xE2,
    0xD8, 0x9C, 0xE6, 0x99, 0x64, 0x7B, 0xCE, 0x3C, 0x62, 0x2E, 0xD4, 0xB7, 0xD2, 0x2F, 0xB4, 0x90,
    0x46, 0xE5, 0x93, 0x18, 0x11, 0x52, 0xA3, 0xEC, 0xA6, 0x78, 0x51, 0xD2, 0xFC, 0x08, 0xAF, 0x7A,
    0x57, 0xF6, 0x8A, 0x0C, 0xE6, 0xF4, 0x25, 0x09, 0xE6, 0x29, 0x02, 0x87, 0x11, 0x11, 0xEB, 0xF4,
    0x36, 0x6A, 0xA0, 0xE4, 0x3A, 0x01, 0xE7, 0x85, 0x5E, 0xC9, 0xB6, 0x72, 0x9F, 0x23, 0x98, 0xEF,
    0xA6, 0x05, 0xAA, 0xFB, 0xA3, 0x6E, 0xAE, 0x70, 0xD0, 0xFD, 0x25, 0x4F, 0x70, 0x8B, 0x21, 0x21,
    0xF6, 0x7B, 0x4B, 0x03, 0xDD, 0x56, 0x7F, 0xC2, 0x80, 0x74, 0xBA, 0xBF, 0x62, 0x1F, 0xF6, 0x26,
    0x7E, 0xAB, 0x71, 0xCB, 0xE5, 0x95, 0xFE, 0xB4, 0xA5, 0x8F, 0xF0, 0x61, 0xB0, 0xCD, 0x0F, 0x61,
    0xBF, 0x6C, 0x19, 0xB6, 0x6A, 0xB4, 0x63, 0x98, 0x06, 0x61, 0x3E, 0x42, 0x91, 0x52, 0x00, 0x84,
    0x8E, 0xE9, 0xAF, 0x58, 0x0D, 0x71, 0x0D, 0x60, 0x2B, 0xC7, 0x46, 0x8C, 0xAA, 0x50, 0x6C, 0x53,
    0x83, 0x22, 0x44, 0x9B, 0x76, 0xFA, 0x8E, 0xF7, 0x36, 0x37, 0xA9, 0x05, 0x62, 0x62, 0x26, 0x6A,
    0x57, 0x04, 0x92, 0xDA, 0x67, 0x4B, 0x47, 0xF8, 0x44, 0x4F, 0xFC, 0x42, 0xC2, 0x7E, 0x05, 0x01,
    0x50, 0x10, 0x94, 0x03, 0x25, 0x11, 0x41, 0x16, 0xF1, 0x64, 0x31, 0xAE, 0xC1, 0x35, 0x31, 0x57,
    0x80, 0x6E, 0x9A, 0x54, 0x2D, 0xD1, 0x82, 0xEE, 0x34, 0xA4, 0x71, 0x48, 0xD5, 0xD0, 0xC7, 0x15,
    0x0A, 0xA1, 0x3B, 0x37, 0x4F, 0x84, 0x41, 0x84, 0xBE, 0x45, 0x73, 0x8D, 0x0F, 0x2A, 0x33, 0x39,
    0x8A, 0x89, 0x16, 0xC6, 0x3B, 0x0C, 0x35, 0xA8, 0xBE, 0xBA, 0xEB, 0x29, 0x0A, 0x3F, 0x05, 0x54,
    0xD1, 0x6A, 0x25, 0xA4, 0x4C, 0x3A, 0x56, 0x86, 0x34, 0xBE, 0x40, 0x2A, 0xE3, 0xD4, 0xD7, 0x68,
    0x49, 0x6F, 0x85, 0x49, 0x12, 0x96, 0x7F, 0xB8, 0x7D, 0xC4, 0x49, 0xED, 0xDE, 0xDC, 0x2D, 0x36,
    0x9D, 0xD4, 0x93, 0x3D, 0xD5, 0x9C, 0xE8, 0x8C, 0x53, 0x75, 0x99, 0x0B, 0x1F, 0x3E, 0xC1, 0xBC,
    0xEE, 0xDA, 0x06, 0x82, 0xA7, 0x88, 0x64, 0xB8, 0x54, 0x4B, 0xFD, 0x25, 0x3C, 0x38, 0x52, 0x48,
    0x2C, 0x6F, 0xDE, 0xCB, 0x04, 0xEF, 0x33, 0xCD, 0x7E, 0x4B, 0x9E, 0x59, 0xBA, 0x84, 0x9B, 0x9B,
    0x5E, 0x14, 0x2B, 0x8C, 0x50, 0xA6, 0x60, 0xBC, 0x54, 0x18, 0xCD, 0xA5, 0x34, 0xAD, 0x12, 0x0A,
    0xA1, 0xC5, 0x7D, 0xCC, 0x5A, 0x2F, 0xAB, 0xE4, 0x0D, 0xEA, 0x7B, 0x0C, 0x34, 0x44, 0x9F, 0x16,
    0xF4, 0x82, 0x80, 0x61, 0x4B, 0x2F, 0x59, 0xAE, 0x0F, 0xA5, 0x1B, 0x35, 0x1B, 0x01, 0x50, 0xBB,
    0x0E, 0x80, 0x36, 0x52, 0xFD, 0x33, 0xA4, 0xB0, 0x40, 0x89, 0x6F, 0x05, 0x57, 0x1A, 0x0F, 0x22,
    0x05, 0x49, 0x4C, 0xC2, 0x51, 0x20, 0x31, 0xB1, 0x82, 0x99, 0xD4, 0x6A, 0x5C, 0x8C, 0x5F, 0x13,
    0x96, 0x84, 0x3A, 0xBA, 0x49, 0x61, 0x22, 0xAD, 0x11, 0xE2, 0x54, 0xC2, 0xB3, 0x2E, 0x16, 0xFF,
    0xED, 0x72, 0xED, 0x31, 0x51, 0x32, 0x13, 0x44, 0x3A, 0xAB, 0x61, 0xDD, 0x0C, 0x39, 0xC7, 0x29,
    0x11, 0xBE, 0xA5, 0x99, 0x26, 0xC0, 0x28, 0xDE, 0xB4, 0x5B, 0xD1, 0xD3, 0x74, 0x41, 0x7C, 0xD8,
    0x80, 0x5B, 0xB6, 0xD6, 0xDB, 0xBC, 0x2D, 0xAB, 0xD3, 0x69, 0x4E, 0x9B, 0xFA, 0x70, 0x16, 0x97,
    0xE4, 0xB3, 0xBD, 0x56, 0xD9, 0x7E, 0x85, 0x36, 0x81, 0xC6, 0x50, 0x53, 0x6C, 0x19, 0x6C, 0x1B,
    0x9A, 0x70, 0xDB, 0xD0, 0xA4, 0xFA, 0xAA, 0xB1, 0x74, 0xDE, 0x70, 0x1E, 0x1B, 0x64, 0xC7, 0x23,
    0xE2, 0xDB, 0xF3, 0x67, 0x10, 0xCA, 0xEB, 0xA5, 0x9F, 0xF8, 0x0B, 0xD5, 0xF5, 0x49, 0xF2, 0xC9,
    0x36, 0x3B, 0xF6, 0x2C, 0x3B, 0x0E, 0x18, 0xEE, 0x66, 0x84, 0xA6, 0x8F, 0x04, 0xC4, 0x50, 0xB3,
    0xC5, 0x4D, 0x04, 0xD1, 0xCB, 0x1E, 0x2F, 0x09, 0xB9, 0xF3, 0xC2, 0x0B, 0xF9, 0x75, 0x90, 0x1C,
    0xC4, 0x02, 0x06, 0x02, 0xE1, 0x0C, 0x95, 0xC5, 0xA0, 0xD9, 0xDC, 0x5D, 0xA3, 0x6F, 0xD4, 0x3C,
    0x16, 0xBC, 0x3C, 0x56, 0x46, 0xE8, 0x95, 0x00, 0x95, 0x56, 0x37, 0x25, 0xA4, 0x94, 0x91, 0x52,
    0xD1, 0x96, 0x34, 0x5B, 0x0D, 0xB9, 0x70, 0x07, 0x0E, 0xBB, 0xB3, 0x5D, 0x45, 0xB5, 0x51, 0x54,
    0x3F, 0x46, 0x04, 0xA5, 0xB5, 0x71, 0x88, 0xFD, 0x6C, 0xB9, 0xAF, 0x64, 0xDF, 0x89, 0xAD, 0x1C,
    0xD0, 0xAB, 0xC2, 0x25, 0xFF, 0xBB, 0x55, 0x73, 0x96, 0xDC, 0x83, 0x53, 0x1C, 0xF8, 0xEC, 0xCE,
    0xBA, 0x34, 0x8B, 0x5B, 0xE4, 0x0F, 0x4E, 0x34, 0x97, 0x57, 0x29, 0x3A, 0x9C, 0x9D, 0xC9, 0xDF,
    0xE9, 0x51, 0xDD, 0x6B, 0x42, 0xBE, 0xA4, 0xF3, 0x6A, 0x10, 0x16, 0xD6, 0xF8, 0x50, 0xA6, 0xBD,
    0xC6, 0x90, 0xF6, 0x08, 0xBF, 0xA5, 0xCE, 0x78, 0xF2, 0x73, 0x37, 0x8B, 0xDD, 0xB1, 0x8B, 0xE0,
    0x49, 0x16, 0xB1, 0x90, 0x7D, 0x52, 0x2F, 0xEF, 0x18, 0x54, 0x86, 0xC7, 0x00, 0xFD, 0xB3, 0x5A,
    0xF2, 0x1A, 0xB1, 0x6E, 0xF9, 0x80, 0xF0, 0xFF, 0x86, 0xEA, 0xC2, 0x78, 0x10, 0x39, 0x89, 0xC2,
    0xCB, 0x40, 0x8D, 0xF8, 0x6B, 0x5C, 0xFC, 0x61, 0x32, 0xD9, 0x9E, 0x67, 0x93, 0x56, 0x27, 0x12,
    0x98, 0x0E, 0x7F, 0x40, 0x41, 0xB5, 0x01, 0x4D, 0x24, 0x77, 0x42, 0x3C, 0x1C, 0x20, 0xE5, 0xAB,
    0x99, 0x04, 0x56, 0x42, 0x33, 0x54, 0x87, 0xAD, 0x38, 0x34, 0xB1, 0xDF, 0xE2, 0xD1, 0xC2, 0x3E,
    0xAD, 0x90, 0x2F, 0x24, 0xDF, 0x20, 0xA8, 0x8E, 0xFE, 0x85, 0x80, 0x3A, 0xFA, 0x16, 0x29, 0x43,
    0xF8, 0x08, 0x39, 0xC3, 0x8A, 0x63, 0x2C, 0xE1, 0xFD, 0x45, 0x35, 0x7B, 0x5A, 0xC7, 0x1E, 0x4A,
    0x0F, 0x85, 0x29, 0x51, 0xC1, 0x96, 0x7F, 0xDF, 0xA7, 0x19, 0x9A, 0xF2, 0x76, 0xF2, 0x18, 0x35,
    0x1B, 0x9C, 0x05, 0x63, 0xCC, 0x30, 0x5E, 0xF3, 0x94, 0x0C, 0x61, 0x7C, 0xA1, 0x79, 0xCA, 0xB0,
    0xCE, 0x53, 0x82, 0xA7, 0xCC, 0x53, 0x2E, 0x0D, 0x25, 0xFF, 0xD1, 0x15, 0xAF, 0x68, 0x7F, 0x83,
    0x0D, 0xAA, 0x69, 0x71, 0x5E, 0x3D, 0x17, 0xC8, 0x4F, 0x69, 0xEA, 0x59, 0xC5, 0x29, 0xB1, 0x3D,
    0x78, 0x8B, 0xA5, 0x4E, 0x93, 0x64, 0x57, 0x43, 0x49, 0x96, 0x5D, 0x22, 0x9B, 0x68, 0xC4, 0xB6,
    0xC9, 0xFB, 0xA9, 0xD9, 0xBB, 0x93, 0x9D, 0xBB, 0xB0, 0xE8, 0x7A, 0x55, 0x4E, 0xDE, 0x6A, 0x2A,
    0x4D, 0x3D, 0x75, 0x28, 0x7A, 0xBC, 0xE1, 0x2C, 0xF3, 0x01, 0xC7, 0xB0, 0xE1, 0x11, 0x69, 0x41,
    0x8A, 0xED, 0xB9, 0x42, 0xDF, 0x04, 0x46, 0x05, 0xCD, 0x31, 0x24, 0xD2, 0x9A, 0x68, 0x6A, 0xA6,
    0xA9, 0x3C, 0x28, 0x13, 0xCA, 0x85, 0x66, 0x9B, 0x97, 0xA8, 0x97, 0x34, 0x5E, 0x3B, 0x88, 0x97,
    0x7C, 0x21, 0x36, 0xD2, 0xE3, 0x02, 0xE3, 0xFF, 0x16, 0xEC, 0xE2, 0x14, 0xC1, 0x2E, 0x21, 0xD8,
    0xD5, 0x63, 0x49, 0xB4, 0xCE, 0xC3, 0x69, 0x22, 0x0D, 0xA2, 0x4A, 0xAD, 0xA2, 0x1B, 0x9F, 0x7B,
    0x46, 0x74, 0x8A, 0x31, 0x69, 0xE2, 0x4E, 0xB6, 0x0D, 0xF7, 0xB7, 0x4A, 0x57, 0x03, 0x4B, 0x57,
    0xE0, 0xAA, 0x92, 0xC8, 0x64, 0x85, 0x82, 0x4A, 0x19, 0xE1, 0x66, 0x15, 0x6B, 0x47, 0x0E, 0x7D,
    0xBF, 0x0A, 0xB6, 0x58, 0xA9, 0xD8, 0xF1, 0x89, 0x2E, 0x48, 0x97, 0x92, 0x46, 0xB3, 0xE6, 0x25,
    0x1C, 0xF8, 0xD2, 0x55, 0x4B, 0x8C, 0xEC, 0x62, 0xA9, 0x21, 0xAE, 0x3D, 0x53, 0x27, 0xFB, 0x4B,
    0x89, 0xF6, 0x2C, 0x42, 0xD6, 0x38, 0x6C, 0x8F, 0xD8, 0x2F, 0xAF, 0xB0, 0x2A, 0x22, 0x28, 0x5E,
    0xAB, 0x01, 0x2D, 0x33, 0xF1, 0x23, 0x7D, 0x7E, 0xCC, 0xC3, 0x18, 0xA8, 0x88, 0x64, 0x5A, 0x18,
    0x45, 0x7B, 0xC7, 0xB0, 0xC1, 0x63, 0xD8, 0xE2, 0x31, 0x5B, 0x4D, 0x9E, 0x4B, 0xC5, 0x9A, 0x66,
    0xA7, 0x77, 0x9E, 0x9E, 0x09, 0xAF, 0xF9, 0x1D, 0xCE, 0x66, 0x2C, 0x46, 0xEC, 0x57, 0x89, 0x07,
    0x64, 0xCA, 0xF8, 0xDF, 0xD8, 0xC4, 0x7B, 0x1F, 0xDC, 0xBA, 0x1A, 0xA8, 0xCD, 0x6B, 0x81, 0xCC,
    0x3B, 0x44, 0xB5, 0xE8, 0xB9, 0x38, 0x59, 0xE0, 0x30, 0xE9, 0xBD, 0xAD, 0xDA, 0x4E, 0x32, 0xB5,
    0x3D, 0x42, 0x6D, 0x7D, 0xDA, 0x5E, 0x03, 0x7E, 0x48, 0x61, 0x6E, 0x96, 0x82, 0x70, 0xE7, 0xA3,
    0x59, 0x2A, 0xA2, 0x40, 0x39, 0xB1, 0xD1, 0x34, 0x88, 0x59, 0x90, 0x17, 0x47, 0x3E, 0xBE, 0xE9,
    0xFC, 0x50, 0xDF, 0x92, 0x19, 0xB4, 0x61, 0x68, 0x48, 0x00, 0x17, 0x6F, 0x96, 0x32, 0x0E, 0x9F,
    0x0D, 0x01, 0x9A, 0xBB, 0x72, 0xF0, 0xD6, 0x98, 0xD0, 0x1B, 0x7F, 0x26, 0xC0, 0x1E, 0x1F, 0x6A,
    0xB8, 0x31, 0x85, 0x08, 0x0A, 0x4B, 0xDF, 0x0C, 0x7C, 0xB3, 0xE0, 0x2A, 0x52, 0x18, 0x85, 0x9E,
    0x15, 0xD0, 0xA6, 0x3C, 0x44, 0xC2, 0x37, 0x90, 0x0A, 0x9B, 0xF0, 0x4B, 0xE5, 0x42, 0x47, 0xD3,
    0x37, 0xD7, 0xDD, 0x3D, 0x72, 0x6A, 0x76, 0x5C, 0x71, 0x1D, 0x05, 0x2F, 0xD7, 0xCA, 0xAF, 0x0B,
    0xFE, 0x59, 0x2C, 0x99, 0x7C, 0xF0, 0xA8, 0x87, 0x19, 0x68, 0x96, 0x48, 0x84, 0xD0, 0x2E, 0x46,
    0xDD, 0x55, 0xA6, 0x4E, 0xFD, 0x0F, 0x3E, 0xDB, 0xC3, 0x78, 0x65, 0xDA, 0x49, 0x2F, 0x5E, 0x90,
    0x48, 0xC5, 0xBA, 0x63, 0x57, 0xB0, 0x36, 0xC8, 0xE6, 0xF3, 0x11, 0x58, 0xB5, 0x9D, 0x46, 0xAD,
    0x06, 0x4B, 0xA1, 0x2D, 0x97, 0x74, 0xCA, 0x7E, 0x96, 0xFD, 0x76, 0x23, 0x8C, 0x67, 0x32, 0x84,
    0x2D, 0x70, 0xB1, 0x70, 0x5F, 0x5B, 0x1A, 0xF7, 0x41, 0xCC, 0x4F, 0x08, 0xC2, 0x77, 0x51, 0x8F,
    0xC5, 0xE9, 0x11, 0x4A, 0xB5, 0x08, 0xA0, 0xA0, 0x8E, 0xA3, 0xD8, 0x33, 0x5B, 0x4B, 0x04, 0xCB,
    0x4A, 0x00, 0x2A, 0xA9, 0x4D, 0xE4, 0x97, 0x11, 0x1C, 0xCA, 0x5A, 0x8A, 0xB0, 0x34, 0xBC, 0x22,
    0x17, 0x51, 0xA5, 0x01, 0x12, 0x52, 0x95, 0xB5, 0x32, 0x04, 0x7D, 0x22, 0x38, 0x51, 0xC2, 0x45,
    0x31, 0xD1, 0xF1, 0x24, 0x53, 0x34, 0x98, 0xA7, 0x8A, 0x6E, 0x2F, 0x86, 0xF7, 0x39, 0xD1, 0x64,
    0x72, 0xC5, 0x34, 0x93, 0x84, 0x49, 0xE6, 0x7A, 0x53, 0x87, 0x8D, 0x35, 0xD1, 0xB7, 0xA3, 0xEF,
    0x9F, 0xF7, 0xAC, 0x29, 0xA5, 0xED, 0x13, 0x42, 0x72, 0x3D, 0xEB, 0xB2, 0xF0, 0x25, 0x30, 0xFE,
    0xFB, 0x58, 0x17, 0x66, 0x31, 0xE8, 0x85, 0x80, 0x26, 0x9D, 0x13, 0xDD, 0x11, 0xA2, 0x48, 0xED,
    0xDC, 0xCA, 0x6C, 0x2E, 0x7A, 0x05, 0x47, 0xF8, 0x75, 0x8B, 0x06, 0x68, 0xA6, 0xFA, 0x73, 0xF0,
    0xEC, 0xAB, 0xE7, 0xDB, 0xD6, 0x73, 0x1D, 0x82, 0x2E, 0xED, 0xDA, 0x96, 0xE9, 0x0E, 0x35, 0xCE,
    0x1F, 0xB8, 0x9B, 0x44, 0xB9, 0x3F, 0x72, 0xF4, 0x7E, 0x99, 0x3C, 0xFA, 0x12, 0x27, 0x52, 0xCF,
    0xC7, 0x82, 0xC2, 0x92, 0x39, 0x60, 0x8E, 0xAD, 0xBB, 0xC3, 0xD2, 0x02, 0x4F, 0x09, 0x89, 0xE9,
    0x0A, 0x81, 0xC0, 0x36, 0x3C, 0x0A, 0x72, 0xE4, 0x32, 0xB6, 0x2C, 0xF4, 0xE1, 0x7D, 0x2E, 0x1F,
    0xDA, 0x28, 0x91, 0x67, 0x10, 0xAB, 0xB2, 0x61, 0x46, 0x73, 0xCE, 0x5C, 0xC1, 0x86, 0x8A, 0xA8,
    0xDA, 0xA8, 0xD9, 0xE1, 0xAC, 0x7A, 0xA0, 0x50, 0x9E, 0xBD, 0x8E, 0x6D, 0x9D, 0x37, 0xD7, 0xCB,
    0xB8, 0x4D, 0x8F, 0x6D, 0x13, 0x6B, 0xFF, 0x5A, 0xC2, 0x80, 0xE1, 0xF1, 0xE2, 0x4C, 0x9F, 0x67,
    0x66, 0xF7, 0xE6, 0x16, 0xBE, 0x0B, 0x81, 0x87, 0x6E, 0x8B, 0xAC, 0x5A, 0x08, 0xCB, 0xF8, 0x55,
    0xB7, 0xD5, 0x0D, 0x7E, 0x16, 0x78, 0x17, 0xC1, 0x7B, 0x98, 0x4D, 0xDB, 0xEE, 0x7B, 0xD0, 0xB9,
    0x97, 0x7A, 0xDF, 0x39, 0x36, 0x7B, 0xC5, 0xFF, 0xC7, 0x7D, 0x38, 0x71, 0xFF, 0x63, 0x1F, 0x92,
    0x5E, 0x6F, 0xB8, 0x4E, 0x3C, 0x34, 0x80, 0xC3, 0x77, 0x3B, 0x37, 0xAF, 0x1D, 0xC8, 0xF6, 0xE6,
    0x46, 0x1D, 0xA7, 0xE4, 0x33, 0xBA, 0x70, 0x9D, 0xDC, 0x93, 0x65, 0x32, 0xC9, 0x67, 0xBD, 0x1F,
    0x4B, 0x3B, 0xD3, 0xDB, 0xDD, 0x31, 0x41, 0x4F, 0xF8, 0xEA, 0xE0, 0x21, 0x00, 0x03, 0x09, 0x28,
    0x07, 0x3C, 0x14, 0x41, 0x21, 0xA8, 0x14, 0x44, 0x0C, 0x06, 0x72, 0xC0, 0x61, 0xAE, 0x06, 0x95,
    0x25, 0x1E, 0x38, 0x40, 0x7D, 0x64, 0x60, 0x8D, 0xC9, 0x75, 0x70, 0x9A, 0x2D, 0x48, 0x93, 0xD3,
    0x59, 0x9D, 0x5A, 0xB1, 0x38, 0xED, 0xE0, 0xC3, 0x4C, 0xB4, 0xDD, 0x52, 0xAD, 0xCF, 0xB4, 0xCD,
    0xC5, 0x36, 0x88, 0xEF, 0xB7, 0x34, 0x63, 0x20, 0x47, 0xEC, 0xD7, 0x96, 0x90, 0xD0, 0x7C, 0xA8,
    0x34, 0x59, 0xDB, 0x87, 0x50, 0x13, 0x75, 0xE4, 0xE9, 0x66, 0xD7, 0x7D, 0xBD, 0x65, 0x28, 0xA7,
    0x32, 0xC3, 0x5C, 0x6A, 0x40, 0xE5, 0x9C, 0xBE, 0xB6, 0x61, 0x73, 0x31, 0xA8, 0xB4, 0xD3, 0x19,
    0x7C, 0xA2, 0xA7, 0x21, 0x24, 0x4A, 0x31, 0xD7, 0x0E, 0x68, 0x9C, 0xC5, 0xEA, 0x04, 0x5C, 0x51,
    0x46, 0xE5, 0xC9, 0xE6, 0x8A, 0x5E, 0x08, 0x7E, 0x63, 0x5A, 0xCD, 0x4C, 0x61, 0x3D, 0xC5, 0x7E,
    0xDB, 0x3B, 0x62, 0xAE, 0xEF, 0xA2, 0xFE, 0x24, 0xF3, 0x8F, 0x73, 0x31, 0xFF, 0x47, 0xEE, 0xD6,
    0xE3, 0x9D, 0x90, 0x6E, 0xC3, 0x98, 0x8E, 0x05, 0xBB, 0x28, 0xD0, 0xA3, 0x15, 0x3F, 0x7B, 0x26,
    0xEF, 0x73, 0x2D, 0x37, 0x38, 0x1A, 0x0F, 0x54, 0x5D, 0xB8, 0xEE, 0xDC, 0x07, 0x4F, 0xCD, 0xFB,
    0x53, 0xAC, 0xCE, 0xC4, 0xBF, 0x62, 0xF8, 0x70, 0x6B, 0x75, 0x56, 0x7E, 0x75, 0x90, 0xFA, 0xFE,
    0x06, 0x03, 0xFF, 0x07, 0x4B, 0xF4, 0x10, 0x11, 0xD9, 0xB2, 0x49, 0xB6, 0x4B, 0x26, 0x01, 0x3B,
    0xB9, 0x4B, 0x67, 0xE6, 0x92, 0x1C, 0x8F, 0x2B, 0x02, 0xCD, 0x92, 0x9D, 0xDC, 0x70, 0xF0, 0x1D,
    0x0A, 0x6D, 0x6A, 0xCC, 0xC7, 0x15, 0xE9, 0xBD, 0x78, 0x6E, 0xB1, 0x59, 0xBF, 0x58, 0x31, 0x05,
    0x65, 0xFD, 0x14, 0xB5, 0x9B, 0x74, 0x3C, 0x72, 0x2C, 0xAD, 0x92, 0x3F, 0x06, 0x85, 0x6C, 0xE1,
    0x9B, 0xF0, 0xE1, 0xBE, 0x6F, 0x73, 0x7E, 0xF2, 0xCE, 0xE6, 0x71, 0xD9, 0xF0, 0xE9, 0xFB, 0xB6,
    0x92, 0xEA, 0x56, 0x62, 0xEE, 0x6D, 0x2D, 0x6E, 0xDF, 0x3E, 0x12, 0xD0, 0x38, 0x66, 0x8D, 0x31,
    0x45, 0x6C, 0x23, 0x7D, 0xF9, 0xDE, 0xE1, 0x81, 0xF1, 0x07, 0xFB, 0x8C, 0x55, 0x21, 0x4F, 0x11,
    0xC6, 0x65, 0xE3, 0xF7, 0x75, 0x67, 0x9E, 0xB5, 0x94, 0xBB, 0x53, 0x66, 0x76, 0xBE, 0xF8, 0xFB,
    0x15, 0x63, 0xA6, 0x23, 0x3D, 0x2F, 0x5F, 0x4E, 0x5A, 0x7A, 0x15, 0xF0, 0x33, 0x8B, 0x8C, 0xEF,
    0xF7, 0x3E, 0x87, 0xDC, 0x4E, 0x21, 0xCF, 0x55, 0x08, 0x3C, 0x8A, 0xE1, 0xCF, 0xEE, 0x6B, 0xCE,
    0xF0, 0x1E, 0x4F, 0xAF, 0x28, 0xD5, 0x3B, 0xFA, 0xD7, 0x55, 0x77, 0xE9, 0x62, 0xA1, 0xC9, 0x5E,
    0x6A, 0xA3, 0x06, 0x61, 0xD2, 0xA7, 0xCD, 0x44, 0xD4, 0x2F, 0x95, 0x93, 0x55, 0x3F, 0x6F, 0x29,
    0x05, 0x4D, 0xCC, 0x22, 0x1E, 0x8E, 0xAB, 0x24, 0xDF, 0x40, 0x28, 0x16, 0xEE, 0xD0, 0xDC, 0xDE,
    0x3D, 0xB8, 0x1A, 0x0A, 0x63, 0x5E, 0x59, 0xC8, 0x7A, 0x7D, 0x12, 0x8A, 0xD7, 0xC1, 0xB7, 0x28,
    0xC2, 0x1E, 0x67, 0x80, 0xBF, 0x1C, 0x9F, 0x8F, 0xD6, 0x9C, 0x81, 0x72, 0xF5, 0xDD, 0x51, 0x2A,
    0xC4, 0x2D, 0x94, 0x2C, 0xBF, 0x25, 0xFE, 0x00, 0x30, 0xAC, 0x40, 0xE0, 0xD4, 0xF4, 0xD7, 0xF3,
    0x51, 0x1D, 0xE3, 0x7E, 0xB1, 0xFE, 0x72, 0x8F, 0x9E, 0x76, 0x78, 0x76, 0x80, 0x92, 0x52, 0x84,
    0x03, 0x16, 0x9C, 0x87, 0x2F, 0xA9, 0xF0, 0x61, 0x97, 0xF9, 0xEF, 0xD7, 0x78, 0xCF, 0xA9, 0xC5,
    0xF6, 0xC5, 0x38, 0x7F, 0x77, 0x07, 0xDB, 0xE4, 0x01, 0x95, 0xC4, 0x2D, 0xBB, 0xC7, 0x0E, 0xA4,
    0xA1, 0x5C, 0x90, 0xD7, 0x16, 0x05, 0x03, 0x76, 0x89, 0xF5, 0x47, 0x8E, 0xE3, 0x9D, 0xB6, 0x44,
    0x7D, 0xDF, 0xE0, 0x87, 0x08, 0xCC, 0xFE, 0xCD, 0xA1, 0x1F, 0x6C, 0x3F, 0x1D, 0x91, 0x6E, 0xE7,
    0x77, 0x1E, 0xF6, 0xD0, 0x80, 0xBB, 0xDF, 0xF4, 0x90, 0x8F, 0xFC, 0x40, 0xAB, 0xF1, 0xC1, 0xE7,
    0xA8, 0x5E, 0xE4, 0xEE, 0xAF, 0xA8, 0x93, 0xE6, 0xEE, 0x7D, 0x3D, 0x04, 0xBF, 0xD0, 0x63, 0x24,
    0xA8, 0xFC, 0x99, 0x54, 0x12, 0x76, 0x24, 0x67, 0x3D, 0x2B, 0x0B, 0x69, 0x47, 0x4F, 0x87, 0x53,
    0x52, 0x34, 0xEC, 0x21, 0xDD, 0x5B, 0xCE, 0xEF, 0x63, 0x30, 0xFC, 0x38, 0x79, 0x90, 0xC8, 0xA0,
    0x75, 0x2D, 0x0C, 0xFD, 0x14, 0x7D, 0x6C, 0xF7, 0xA6, 0xFB, 0xC0, 0x19, 0xF7, 0x96, 0xFB, 0xBD,
    0xD0, 0x9F, 0xB9, 0x3F, 0x0C, 0xC6, 0xDD, 0x78, 0x70, 0x43, 0x00, 0xEC, 0x3F, 0xB8, 0xD1, 0x1A,
    0x97, 0xEF, 0xEF, 0x4B, 0xC4, 0x68, 0x13, 0xAC, 0xDC, 0x88, 0x28, 0xC0, 0xF6, 0x09, 0xDA, 0xEB,
    0x3D, 0xDA, 0xAC, 0xB6, 0x25, 0x6D, 0xD0, 0x42, 0xB1, 0x75, 0xC2, 0x60, 0x71, 0xC7, 0xCC, 0xE7,
    0xBC, 0xB4, 0xEE, 0x11, 0x3E, 0xE2, 0xA1, 0xC7, 0xCA, 0x9D, 0x90, 0x19, 0x12, 0x3B, 0x6A, 0x06,
    0x0F, 0x07, 0x39, 0xE8, 0x0D, 0xEA, 0x07, 0x92, 0x34, 0xE2, 0xF8, 0x7E, 0x2F, 0x7F, 0x44, 0x73,
    0x99, 0x6D, 0x5C, 0x4B, 0xEB, 0x48, 0x17, 0xA6, 0x2A, 0xC2, 0x6F, 0xB9, 0xF1, 0xA4, 0xD4, 0x53,
    0x36, 0xC0, 0x95, 0x9D, 0xE2, 0xB4, 0x06, 0x76, 0x9F, 0x6E, 0xE4, 0x48, 0x5A, 0xFB, 0x94, 0xE5,
    0xAA, 0x03, 0xC7, 0x63, 0xFD, 0x3C, 0xD8, 0xCF, 0x83, 0x4F, 0x70, 0x1B, 0x8E, 0x0D, 0x72, 0x7C,
    0x25, 0xCB, 0xDA, 0xDA, 0xFB, 0xD3, 0x9C, 0xCD, 0x7B, 0x36, 0x81, 0xE0, 0x58, 0xD2, 0x7E, 0x6E,
    0x22, 0xD5, 0xE8, 0xF1, 0xCF, 0x6D, 0xA2, 0x71, 0xFA, 0x16, 0x88, 0x89, 0x4A, 0xE6, 0xF2, 0x5F,
    0xF5, 0x33, 0xD5, 0x3B, 0x57, 0x42, 0x3A, 0xE8, 0xB9, 0xE2, 0xD7, 0x7E, 0xDD, 0xE2, 0xD0, 0x73,
    0x53, 0xF9, 0x89, 0x02, 0x67, 0xCC, 0xF4, 0x3F, 0x61, 0xD5, 0x2B, 0xDD, 0xA0, 0x08, 0x6E, 0xE7,
    0xF9, 0x03, 0x55, 0x81, 0xFF, 0xE3, 0x36, 0x86, 0x6F, 0x39, 0x3C, 0x8D, 0x92, 0xA7, 0x44, 0xC0,
    0xF3, 0x83, 0xE8, 0x40, 0x1B, 0x9E, 0x9E, 0x1E, 0xCD, 0x76, 0x13, 0x9A, 0xDF, 0xD0, 0xA8, 0xE7,
    0xEA, 0x44, 0x65, 0x0E, 0x8F, 0x30, 0x22, 0xE7, 0x71, 0x94, 0x18, 0x7D, 0x09, 0x0E, 0xC8, 0x8C,
    0xFE, 0xA4, 0x6B, 0xA8, 0xDF, 0x12, 0x38, 0xBC, 0xAD, 0x45, 0xCB, 0x75, 0x4B, 0xD4, 0x4C, 0x27,
    0x68, 0xF2, 0x8D, 0x8E, 0x42, 0x62, 0xAE, 0x88, 0x24, 0xA8, 0xC9, 0xEC, 0xB1, 0x91, 0xAC, 0xEA,
    0xE7, 0x25, 0x84, 0xA8, 0x62, 0x11, 0x8F, 0x3B, 0xD9, 0x68, 0x91, 0x2F, 0xBD, 0x22, 0x42, 0x58,
    0x76, 0xD8, 0x6C, 0xE3, 0x7C, 0x82, 0x86, 0x92, 0x08, 0xB2, 0xE7, 0x20, 0x84, 0x77, 0x33, 0x3E,
    0x8B, 0xDD, 0x8C, 0x6F, 0x15, 0xB9, 0x6A, 0x23, 0x13, 0x51, 0x0B, 0x90, 0xCB, 0xF5, 0xEB, 0xB3,
    0x32, 0xA9, 0x8D, 0x92, 0x14, 0xCA, 0x92, 0x50, 0xA7, 0xFF, 0x02, 0xDD, 0x58, 0xBD, 0xAE, 0xE4,
    0x48, 0x19, 0x2D, 0xB7, 0xA5, 0x31, 0xE0, 0xC0, 0xA4, 0xCC, 0x04, 0x26, 0x5C, 0x4D, 0xE2, 0x84,
    0xBC, 0xAC, 0x79, 0x02, 0xDE, 0x80, 0x7C, 0x09, 0xEE, 0x0B, 0x20, 0xDC, 0xC0, 0x0B, 0x6C, 0x46,
    0xC8, 0x04, 0x04, 0xB3, 0x77, 0x83, 0x49, 0x08, 0x17, 0xEC, 0x15, 0x21, 0x89, 0x25, 0x1E, 0x00,
    0x23, 0xB2, 0x99, 0x60, 0xCC, 0xE2, 0xD5, 0x58, 0xF7, 0xDA, 0x2E, 0xCE, 0x39, 0x5F, 0x55, 0xDF,
    0xB9, 0xBD, 0x02, 0x56, 0x88, 0x00, 0x68, 0xDD, 0xFE, 0xAA, 0x6E, 0x77, 0xB5, 0xEB, 0x3B, 0xDF,
    0xEF, 0xA9, 0x72, 0x0E, 0x2F, 0x3F, 0x50, 0xBA, 0xEE, 0x4C, 0x99, 0x85, 0xD6, 0xB9, 0x9B, 0x10,
    0x82, 0x73, 0x25, 0xE4, 0x86, 0xAF, 0x31, 0x4C, 0xCE, 0x85, 0xA3, 0xC7, 0x57, 0x79, 0x18, 0x8B,
    0x30, 0xB8, 0x22, 0x60, 0xE1, 0xE0, 0xAA, 0x1D, 0x9F, 0x8F, 0xAE, 0xDE, 0x34, 0x34, 0x8B, 0x73,
    0xFD, 0xE8, 0xFC, 0x7C, 0x19, 0xB0, 0xE4, 0x61, 0xC8, 0xC2, 0x99, 0x43, 0x8E, 0x27, 0xFB, 0x15,
    0x0F, 0x77, 0xAE, 0x3E, 0x9C, 0xC7, 0x4F, 0xAB, 0xF0, 0x36, 0x60, 0x55, 0x8E, 0x7D, 0xA8, 0x49,
    0x08, 0x07, 0x15, 0x29, 0xB9, 0x29, 0x5F, 0x27, 0x2C, 0x71, 0x39, 0x45, 0xBD, 0xBA, 0x26, 0x84,
    0x39, 0xA3, 0x42, 0x54, 0xAE, 0xAD, 0x43, 0xBF, 0xE1, 0x99, 0xC5, 0xE1, 0xBA, 0x31, 0x3F, 0x5C,
    0x3F, 0x40, 0x04, 0x13, 0xC5, 0x0E, 0x51, 0x6D, 0x10, 0xCD, 0xE6, 0xBA, 0x3B, 0x6C, 0x00, 0x1C,
    0x23, 0xF6, 0x02, 0x88, 0x2C, 0x2C, 0xF6, 0xE8, 0xAF, 0x41, 0x3F, 0x11, 0x57, 0xA0, 0x8E, 0xA7,
    0xB0, 0x73, 0xC8, 0xF1, 0x43, 0x3C, 0x9E, 0x4A, 0x97, 0xF8, 0x00, 0x9A, 0xE1, 0x99, 0x98, 0x69,
    0xD8, 0x34, 0xE0, 0x8F, 0x9A, 0x71, 0x80, 0x05, 0x30, 0x23, 0x4A, 0xDA, 0x02, 0x03, 0xD1, 0xC7,
    0xA1, 0x9B, 0xF8, 0xC7, 0x37, 0x51, 0xFA, 0xF9, 0x04, 0x73, 0x38, 0x7F, 0xBC, 0x0E, 0x04, 0x16,
    0xB0, 0x9B, 0x0C, 0x2E, 0xC5, 0xFA, 0xA3, 0x8D, 0xFA, 0x85, 0x24, 0x8A, 0xA3, 0xDC, 0xB2, 0xB0,
    0x55, 0xDB, 0x29, 0xAC, 0xD5, 0x0A, 0x2F, 0xD4, 0x0B, 0x74, 0x6A, 0x66, 0x68, 0x04, 0xFC, 0x3B,
    0x04, 0xB4, 0xF1, 0x13, 0x94, 0xE8, 0x46, 0x88, 0x7E, 0x6C, 0x56, 0xD7, 0x4F, 0x7E, 0x71, 0xFD,
    0x3D, 0x10, 0x74, 0xC1, 0xF0, 0x4F, 0xAE, 0x3C, 0x7C, 0x34, 0x2B, 0x36, 0xFF, 0xC5, 0x91, 0xA6,
    0xD5, 0xBB, 0x39, 0x4D, 0xF3, 0x70, 0x4E, 0x53, 0xB7, 0xB9, 0x7F, 0xF4, 0x0A, 0x01, 0x38, 0xF1,
    0x58, 0x2C, 0x96, 0xE8, 0xE9, 0x0E, 0x4E, 0x67, 0x0A, 0x5A, 0xF1, 0x0D, 0x62, 0x47, 0x53, 0xD8,
    0xB4, 0xE2, 0x46, 0x70, 0x95, 0x0C, 0x0A, 0x8F, 0x86, 0x39, 0x4D, 0x4B, 0x18, 0x23, 0x37, 0xFB,
    0x36, 0x78, 0x17, 0x34, 0x7A, 0xCB, 0xA5, 0xB4, 0xAE, 0xDC, 0x30, 0xCB, 0xC8, 0x98, 0x72, 0x29,
    0xA7, 0x88, 0x3D, 0x2E, 0x75, 0xD5, 0xCA, 0xE7, 0xF6, 0x0A, 0x8C, 0xC5, 0x35, 0x9B, 0x96, 0xC2,
    0x24, 0xAE, 0x5F, 0xB5, 0x94, 0x36, 0x09, 0xB3, 0x96, 0x2A, 0x86, 0x07, 0xAA, 0x3B, 0x6A, 0x2A,
    0x75, 0x07, 0xEA, 0xBF, 0x48, 0xC7, 0x01, 0x1F, 0xDC, 0xB9, 0x38, 0xB5, 0x57, 0x39, 0xF7, 0x83,
    0xA1, 0x64, 0x24, 0x18, 0x48, 0x58, 0xD4, 0x19, 0x46, 0xF7, 0xD4, 0x45, 0x88, 0x8A, 0xD0, 0x88,
    0x90, 0xC6, 0x83, 0x7A, 0x8C, 0xCF, 0x41, 0xF8, 0x4E, 0xFC, 0x99, 0xE0, 0x31, 0xB8, 0x5B, 0x05,
    0xD2, 0x8B, 0xDB, 0x3E, 0x28, 0x96, 0xA0, 0x58, 0xBF, 0x47, 0x6C, 0xD4, 0xDD, 0x66, 0x15, 0xD3,
    0x0A, 0xB1, 0x05, 0xBF, 0x86, 0x14, 0x57, 0xD4, 0x02, 0x01, 0xE5, 0xD7, 0x82, 0x39, 0xE1, 0x91,
    0x00, 0x80, 0x85, 0x10, 0xF1, 0x77, 0x3D, 0x51, 0xDD, 0xFE, 0xFA, 0x02, 0x6A, 0xBD, 0x60, 0x5A,
    0x2E, 0x90, 0xA2, 0x67, 0x9F, 0x7C, 0xF2, 0xFC, 0x13, 0xD3, 0x71, 0x91, 0x87, 0xF9, 0x98, 0x5D,
    0xB6, 0x99, 0x5C, 0xAF, 0x35, 0x1E, 0x29, 0x2C, 0xDF, 0x77, 0xC9, 0x08, 0xBD, 0x4D, 0x6E, 0xE6,
    0xF0, 0x05, 0x31, 0xC1, 0x12, 0xE1, 0xE7, 0x9C, 0x30, 0xF9, 0x5E, 0x10, 0x1B, 0x12, 0x30, 0x64,
    0x00, 0xD4, 0xD2, 0xD6, 0xF8, 0xE1, 0xCE, 0x44, 0x24, 0x9C, 0xC5, 0x92, 0x91, 0x8E, 0x80, 0x2D,
    0x76, 0x81, 0x41, 0x52, 0x02, 0x0B, 0x6B, 0x05, 0x12, 0x33, 0x57, 0x4D, 0x19, 0x9B, 0xAD, 0x96,
    0x61, 0x8F, 0xB0, 0xFA, 0x08, 0x64, 0x15, 0x8E, 0x3A, 0xBC, 0x5B, 0x7A, 0xC2, 0x28, 0x42, 0xB5,
    0x18, 0x0A, 0xF3, 0x0D, 0x72, 0xE9, 0x6A, 0xD2, 0x4D, 0x99, 0xC5, 0x6C, 0x3F, 0x9E, 0x82, 0x32,
    0x47, 0xE6, 0x7F, 0x3C, 0xA1, 0x1B, 0x94, 0xE3, 0xE7, 0xE2, 0x30, 0x9F, 0xB5, 0xE5, 0x1E, 0x5D,
    0x56, 0x6D, 0x8F, 0x27, 0x07, 0x63, 0xCB, 0x29, 0x1A, 0x99, 0xCE, 0x59, 0x8B, 0x58, 0x64, 0x42,
    0x77, 0x2C, 0x28, 0x56, 0xD0, 0xE8, 0x0E, 0x54, 0xC7, 0x3E, 0x16, 0x96, 0xCD, 0xC7, 0x78, 0x02,
    0x1C, 0xFA, 0x15, 0x08, 0x4E, 0x97, 0x22, 0xD3, 0x58, 0x36, 0xA3, 0x26, 0x52, 0xDF, 0x60, 0x05,
    0x20, 0xFE, 0xD7, 0x9C, 0xA3, 0xEE, 0x51, 0x73, 0x4B, 0x0F, 0x0D, 0x8C, 0xA0, 0x43, 0xDA, 0x14,
    0x36, 0x50, 0xDF, 0xC2, 0xEA, 0x4D, 0x69, 0x03, 0xAB, 0xCF, 0xAA, 0x4C, 0xA0, 0x9E, 0xD5, 0x22,
    0x2D, 0x6B, 0xAB, 0x37, 0x4D, 0x54, 0x2C, 0x0E, 0x93, 0xB4, 0x83, 0x8B, 0xA9, 0x5B, 0xF4, 0xAB,
    0x99, 0xEF, 0xC7, 0xA6, 0x40, 0x88, 0x86, 0xB2, 0x40, 0x8E, 0xCA, 0xD7, 0xCA, 0xA3, 0x09, 0x1A,
    0x75, 0x33, 0xF4, 0xF1, 0x13, 0xD4, 0xA8, 0x59, 0x5B, 0xA5, 0x82, 0x44, 0x38, 0x57, 0xA8, 0x4C,
    0x6D, 0x05, 0xC0, 0xEE, 0xC3, 0xA2, 0x64, 0x95, 0x89, 0x45, 0xA9, 0x4C, 0x45, 0x69, 0x80, 0xA2,
    0xF0, 0x3D, 0xE2, 0xF3, 0xAE, 0x66, 0x9D, 0x60, 0xAE, 0x1E, 0x2C, 0x96, 0xBB, 0x8A, 0x52, 0x37,
    0x3A, 0xF7, 0x9C, 0x3A, 0x75, 0x0A, 0x09, 0xEA, 0xC3, 0xC8, 0xA7, 0x10, 0x4A, 0x05, 0x4F, 0x3D,
    0xA7, 0x19, 0x7E, 0x0D, 0xD8, 0x59, 0x38, 0x0C, 0xEE, 0x82, 0x64, 0x63, 0x2C, 0x73, 0x6B, 0xCE,
    0xC6, 0x38, 0x6B, 0x7B, 0x95, 0xDB, 0xFC, 0xE8, 0x07, 0xCE, 0xBA, 0xA9, 0xD8, 0xFD, 0x60, 0x1E,
    0x28, 0x61, 0x0F, 0x6E, 0xC5, 0x78, 0x6C, 0xFE, 0x4A, 0x07, 0x70, 0x56, 0x7D, 0xA9, 0x9D, 0xCF,
    0xD5, 0x5A, 0xBD, 0x0F, 0xEA, 0x0A, 0xF5, 0x82, 0x80, 0x77, 0x2F, 0x4F, 0xC4, 0x56, 0x84, 0xA3,
    0x91, 0x29, 0x20, 0x76, 0x44, 0xFD, 0x2E, 0xF3, 0x6C, 0xCD, 0xC1, 0x4E, 0x34, 0xB1, 0x44, 0x33,
    0x56, 0x91, 0x41, 0x01, 0x21, 0xCE, 0xC2, 0x82, 0xBF, 0x95, 0x89, 0x9E, 0xEA, 0x4A, 0x2C, 0xBF,
    0xF0, 0x94, 0x70, 0xA1, 0x15, 0x0A, 0x15, 0xFF, 0x27, 0xA6, 0x72, 0x4A, 0x88, 0x12, 0x1E, 0x43,
    0x83, 0x74, 0x12, 0x16, 0xB6, 0x37, 0x22, 0x41, 0x1C, 0x0B, 0x47, 0x38, 0x0B, 0xC5, 0xCF, 0xE0,
    0x01, 0x62, 0x78, 0x81, 0x20, 0x5E, 0x81, 0x20, 0xD7, 0xF8, 0x3E, 0xD0, 0x5F, 0x4B, 0x79, 0xCF,
    0x51, 0xBA, 0xD3, 0x21, 0xD4, 0x5C, 0xDD, 0xE2, 0xC4, 0x86, 0x12, 0xB5, 0x5E, 0x4D, 0xE7, 0x6A,
    0x31, 0x8D, 0xEB, 0x58, 0x35, 0xBC, 0x8D, 0x4F, 0x63, 0x33, 0xF6, 0x28, 0xA0, 0x36, 0x5A, 0x93,
    0xF0, 0xFB, 0x63, 0x58, 0x8D, 0x85, 0x8D, 0x5F, 0x3F, 0xFC, 0xAF, 0x9C, 0x1E, 0xF7, 0x8E, 0xD3,
    0x81, 0x68, 0x65, 0x79, 0x00, 0x30, 0x26, 0x28, 0x70, 0xA1, 0x34, 0x80, 0x04, 0x9C, 0x01, 0x06,
    0x35, 0x93, 0x58, 0xF6, 0x4C, 0x50, 0x50, 0xD4, 0x85, 0xE4, 0x64, 0x40, 0x72, 0xC3, 0x91, 0x1F,
    0xEA, 0x78, 0x85, 0x50, 0xA0, 0xF1, 0x55, 0xD6, 0xFA, 0x88, 0x61, 0xD4, 0xC0, 0x48, 0x8B, 0x08,
    0x0C, 0x40, 0xD4, 0x3F, 0xAA, 0x1F, 0xB5, 0x37, 0xE5, 0x55, 0xE8, 0x61, 0x6C, 0xC5, 0xBD, 0x15,
    0xC2, 0xE6, 0x7C, 0xD5, 0xED, 0x72, 0x65, 0x4A, 0x21, 0x59, 0xE9, 0x19, 0x8D, 0x1E, 0xE8, 0x55,
    0x5C, 0x7B, 0xC9, 0xF0, 0x27, 0x71, 0x98, 0x1F, 0xCD, 0x4E, 0x25, 0x0B, 0x0B, 0x77, 0x46, 0x6D,
    0x43, 0xED, 0x9C, 0x5F, 0x28, 0x7B, 0x36, 0x69, 0x27, 0x56, 0x45, 0xD4, 0x3B, 0x16, 0x92, 0xEC,
    0x54, 0xE1, 0xF6, 0x33, 0xC0, 0x52, 0xF9, 0x47, 0xC7, 0x86, 0xEC, 0x8D, 0x26, 0x3D, 0x3D, 0x7F,
    0xDC, 0xBA, 0xEA, 0x2F, 0xCC, 0x7E, 0xE5, 0xA3, 0xF6, 0xFF, 0xE9, 0x23, 0xCD, 0x4A, 0x4B, 0x95,
    0x99, 0xD1, 0xC2, 0x07, 0xBC, 0x06, 0xA6, 0xDF, 0xA8, 0xD4, 0xA1, 0xE8, 0xBA, 0x27, 0xD8, 0x43,
    0x5F, 0xD4, 0xC7, 0xAF, 0x22, 0x3D, 0x30, 0x66, 0x70, 0x87, 0xE7, 0x25, 0x52, 0x30, 0xE3, 0x21,
    0x37, 0x44, 0xF0, 0xEA, 0xF4, 0x8A, 0x68, 0x64, 0xB8, 0x46, 0x26, 0xAA, 0xAC, 0x42, 0xCE, 0x57,
    0xFE, 0x63, 0x7B, 0x6F, 0x55, 0xE6, 0x63, 0x1B, 0x37, 0x86, 0x64, 0x04, 0xC9, 0xF8, 0x91, 0xD1,
    0x23, 0x63, 0x47, 0xD6, 0xC4, 0x8C, 0x1B, 0x19, 0x35, 0x32, 0x4A, 0x64, 0x7F, 0x20, 0x44, 0x7E,
    0x8A, 0xB4, 0x88, 0xAC, 0x68, 0x88, 0xA4, 0xC8, 0x38, 0x51, 0xA4, 0x44, 0xC6, 0x88, 0x9E, 0xB7,
    0xB7, 0xF8, 0xFC, 0x8F, 0x2C, 0x83, 0x41, 0x09, 0x42, 0x1D, 0x7F, 0xFB, 0xC8, 0x1C, 0x2A, 0x45,
    0x1B, 0x1B, 0x32, 0x48, 0x92, 0xFB, 0x67, 0x24, 0x69, 0xFD, 0x97, 0x24, 0xE9, 0xE3, 0xEC, 0x53,
    0xFA, 0xF8, 0x0F, 0x9B, 0xBC, 0x3E, 0xC5, 0xEA, 0x8C, 0xD7, 0x7A, 0xCD, 0x86, 0xA4, 0x5E, 0xA9,
    0x26, 0xE5, 0xC5, 0x99, 0x41, 0x96, 0x69, 0x92, 0xA1, 0x14, 0xD1, 0x3D, 0xB9, 0xD8, 0x59, 0x6A,
    0xFD, 0xD2, 0x2F, 0xD9, 0xED, 0x6D, 0x2A, 0x53, 0x48, 0xCA, 0x20, 0xA6, 0x42, 0x49, 0x43, 0x42,
    0xB2, 0xA8, 0x98, 0xCD, 0x76, 0x12, 0x64, 0xF2, 0xE3, 0x4D, 0xB1, 0xB2, 0x92, 0x9D, 0xBE, 0x87,
    0x41, 0x9A, 0xE3, 0xE2, 0x94, 0x6A, 0x42, 0xFC, 0xE6, 0xF7, 0x47, 0x2A, 0xDA, 0xA2, 0xB4, 0xDF,
    0x4E, 0x9A, 0x3D, 0xDB, 0xE1, 0xCE, 0x3E, 0x74, 0x13, 0xA9, 0x08, 0xA8, 0xFB, 0x3B, 0x54, 0x38,
    0xE4, 0xD6, 0x00, 0xC6, 0x84, 0x26, 0x86, 0x22, 0x7C, 0x66, 0x1B, 0x6D, 0x49, 0x06, 0xA4, 0x91,
    0x63, 0x43, 0xA6, 0xED, 0xD9, 0xBB, 0x15, 0x3D, 0x6F, 0xA1, 0xF9, 0xF7, 0xA4, 0x3E, 0x4C, 0xF6,
    0x84, 0xCB, 0xC1, 0xA6, 0x27, 0xA7, 0x86, 0x57, 0x33, 0x6B, 0x32, 0xCB, 0xAD, 0x1B, 0xDA, 0xA0,
    0x48, 0x36, 0xD8, 0xED, 0xC0, 0x80, 0xDF, 0x23, 0xB3, 0xCF, 0x76, 0x5C, 0xD0, 0x69, 0x61, 0xB0,
    0xC3, 0x82, 0x9D, 0x15, 0xEC, 0xA8, 0x60, 0x1D, 0xF5, 0x22, 0xF1, 0x13, 0x65, 0x41, 0x2B, 0xE8,
    0x80, 0x4A, 0x5A, 0x51, 0x05, 0xE3, 0x02, 0x74, 0x4F, 0x26, 0xAE, 0x89, 0x10, 0x5D, 0xAC, 0x59,
    0x53, 0x35, 0x59, 0xA3, 0xFA, 0x4A, 0x32, 0xB8, 0x8B, 0xAB, 0xF0, 0xE3, 0xCC, 0x0E, 0x0B, 0x2B,
    0xCF, 0x0A, 0x7E, 0x29, 0x8F, 0x6E, 0x62, 0x01, 0x45, 0xF1, 0xB9, 0xBC, 0xCB, 0x8D, 0x65, 0xBF,
    0xFF, 0xAA, 0x5F, 0xE8, 0x7D, 0xEC, 0x74, 0x3E, 0xB1, 0xEF, 0x20, 0xBA, 0x78, 0xEA, 0xC8, 0xF7,
    0xD6, 0xF2, 0x5F, 0xEF, 0xFF, 0x63, 0xDA, 0x2B, 0x6C, 0x91, 0xDC, 0xA7, 0x33, 0xC0, 0x85, 0x3E,
    0xFE, 0x4F, 0x91, 0x5D, 0x9F, 0x72, 0xE3, 0x72, 0xD6, 0xF1, 0x63, 0x9C, 0xFC, 0x97, 0x52, 0xDB,
    0x4B, 0xCA, 0x7A, 0xE3, 0x62, 0xE7, 0x4B, 0x04, 0x57, 0xCB, 0x75, 0xB1, 0xD1, 0x61, 0xD5, 0xBC,
    0x9E, 0xDF, 0xF3, 0xDB, 0x62, 0xA4, 0xE3, 0xF2, 0x3F, 0x4B, 0xEA, 0xF3, 0x53, 0xAC, 0x56, 0x0F,
    0xFD, 0xAA, 0xFE, 0xA6, 0xFD, 0xAA, 0x66, 0xFF, 0xFC, 0x37, 0xFB, 0x95, 0x73, 0xDF, 0x92, 0x82,
    0x8A, 0x97, 0x94, 0x9B, 0xD5, 0xE3, 0xEE, 0xD1, 0xB7, 0xDC, 0x75, 0x8C, 0x25, 0xBC, 0xFC, 0x7D,
    0x12, 0x85, 0x5D, 0x01, 0x8C, 0x71, 0xC9, 0x7F, 0xBC, 0xB9, 0xE9, 0xF5, 0xFD, 0x38, 0x66, 0xE9,
    0x60, 0x5B, 0xA4, 0x49, 0xBD, 0x5C, 0x07, 0xC8, 0xF5, 0xAB, 0x4E, 0x87, 0xC3, 0x2E, 0x4D, 0xD2,
    0x71, 0x91, 0xB6, 0xB1, 0x76, 0x99, 0xCE, 0x5A, 0x3E, 0x4D, 0x42, 0xE4, 0x4D, 0x79, 0x88, 0xC4,
    0xA9, 0x0C, 0xF1, 0x7A, 0xA3, 0xD9, 0xED, 0xCC, 0xEF, 0xBA, 0x45, 0x1D, 0x83, 0x65, 0x34, 0xBC,
    0x79, 0x25, 0x9A, 0xF1, 0x85, 0x9D, 0x05, 0xAA, 0x10, 0x39, 0xB9, 0x4F, 0x93, 0x10, 0x27, 0x79,
    0x78, 0xF3, 0x5A, 0x81, 0x53, 0xE1, 0x14, 0xA3, 0x49, 0x63, 0x25, 0x72, 0x22, 0xD9, 0xAC, 0x42,
    0xDA, 0xED, 0x73, 0xCB, 0xD8, 0x3D, 0xF6, 0x46, 0x23, 0x65, 0xA6, 0xDA, 0xF3, 0xF6, 0x6B, 0x08,
    0x4B, 0xF0, 0x4B, 0x9E, 0x72, 0xD0, 0x6E, 0x74, 0x0D, 0x62, 0x99, 0xFD, 0x3A, 0xDC, 0xE1, 0x69,
    0x1F, 0xA1, 0x3E, 0x35, 0x93, 0x9D, 0x8D, 0x66, 0xDD, 0x0F, 0x05, 0x76, 0x2E, 0x0E, 0x8D, 0x86,
    0xC9, 0xCF, 0x6A, 0x12, 0x70, 0xC1, 0xE6, 0x7E, 0x48, 0x27, 0x84, 0xB7, 0x87, 0x6C, 0x05, 0x98,
    0x4D, 0x58, 0x3B, 0x5E, 0xA4, 0x90, 0xDF, 0x69, 0xDF, 0x4C, 0x4A, 0x14, 0xEB, 0x83, 0xE9, 0xCD,
    0xEE, 0x9F, 0x5E, 0xEB, 0x74, 0x13, 0x5E, 0x0C, 0xB1, 0xEC, 0x7B, 0xAB, 0xB5, 0xEC, 0x2A, 0xEC,
    0xAC, 0xEA, 0x2A, 0xB5, 0xEE, 0x78, 0x3A, 0x74, 0x95, 0x35, 0xDB, 0xD8, 0x55, 0x8A, 0x39, 0xA0,
    0x9F, 0x34, 0x03, 0x3B, 0x49, 0xCF, 0x7E, 0xF2, 0x25, 0xAF, 0x80, 0xFC, 0x3D, 0xAF, 0x5B, 0xBC,
    0x0A, 0x95, 0x57, 0xFD, 0x6A, 0x8E, 0xD4, 0x59, 0x67, 0xAB, 0x92, 0xEE, 0x77, 0x72, 0xCC, 0x0F,
    0x9E, 0x45, 0x8F, 0x7D, 0x9E, 0x0C, 0x27, 0xB3, 0xC9, 0x68, 0x1F, 0x98, 0x2C, 0x6B, 0x61, 0xAD,
    0x5F, 0xAA, 0x94, 0x0E, 0xAC, 0x7B, 0x8E, 0xF4, 0x15, 0x19, 0x04, 0xAD, 0xEA, 0xB5, 0x61, 0x67,
    0x45, 0x5F, 0xF1, 0x7F, 0x5B, 0xB9, 0xE9, 0x48, 0xF1, 0x82, 0x9D, 0x95, 0x0A, 0xF3, 0x9C, 0x50,
    0x07, 0x8B, 0xD0, 0xD1, 0xFD, 0xE4, 0xE6, 0x78, 0xB0, 0xBE, 0x2E, 0x17, 0x76, 0x85, 0x13, 0xEC,
    0xF4, 0x59, 0xD0, 0x99, 0x09, 0x07, 0x2B, 0xF7, 0x5D, 0x23, 0x62, 0xE2, 0x20, 0x25, 0x43, 0x2D,
    0x4F, 0x7D, 0x88, 0x59, 0xC0, 0x18, 0xAC, 0x29, 0xD0, 0x62, 0x4B, 0xD6, 0xA4, 0x9E, 0x07, 0x63,
    0x0F, 0xC7, 0xB5, 0xEA, 0xE3, 0xB6, 0xF8, 0xE6, 0x72, 0xAD, 0x53, 0x8C, 0x29, 0x2B, 0xCB, 0x8B,
    0x68, 0xF8, 0x59, 0xB8, 0xE0, 0xEB, 0xA4, 0xC5, 0x48, 0x46, 0x53, 0x1D, 0xFD, 0x52, 0xCD, 0x4F,
    0xA4, 0x41, 0x61, 0x04, 0xE4, 0xEC, 0x9E, 0x31, 0xBE, 0xBB, 0xF9, 0x19, 0x68, 0x04, 0xCA, 0xF2,
    0x8C, 0x6D, 0xA6, 0x42, 0xED, 0x24, 0x1E, 0x07, 0x9A, 0xE8, 0xD0, 0x66, 0x30, 0x3E, 0x82, 0x8C,
    0x4E, 0x99, 0xC6, 0x68, 0x59, 0x69, 0x71, 0x36, 0xDB, 0x30, 0x77, 0x8A, 0x5E, 0x1D, 0xC9, 0x75,
    0x1C, 0x37, 0xA2, 0x71, 0x11, 0x22, 0x4C, 0x3A, 0x46, 0xA8, 0xA6, 0x3F, 0x08, 0x5E, 0xA5, 0xF1,
    0x0C, 0x1D, 0x49, 0xB1, 0x89, 0xB3, 0xCE, 0xF7, 0x09, 0xC4, 0x47, 0xA9, 0x0C, 0xB9, 0x3E, 0x89,
    0xD3, 0xF1, 0x61, 0xAA, 0x9B, 0x5B, 0x75, 0x45, 0x37, 0xC9, 0xAE, 0xBC, 0x1C, 0xC4, 0xDB, 0x7D,
    0x27, 0xBC, 0xD1, 0xD3, 0x78, 0x17, 0x7A, 0xB2, 0x93, 0x78, 0x3A, 0x8A, 0xB3, 0x55, 0x63, 0xED,
    0x4B, 0xBC, 0x67, 0xD5, 0xAC, 0x2C, 0x5D, 0x53, 0xBE, 0xB4, 0x78, 0x16, 0x65, 0x60, 0x1F, 0x5F,
    0xD2, 0xB5, 0xE2, 0xC3, 0x55, 0x5B, 0xF5, 0x6E, 0x79, 0xB8, 0x60, 0xBB, 0xBE, 0x5B, 0xB3, 0x4B,
    0x52, 0x4A, 0x51, 0x61, 0xBB, 0xD4, 0xB0, 0x1B, 0x0D, 0xBB, 0xC5, 0x88, 0xF2, 0x9C, 0x8B, 0x7E,
    0x2B, 0xF9, 0x54, 0x4E, 0x82, 0x12, 0xDE, 0xA4, 0xE8, 0xB7, 0x5D, 0x5B, 0xD8, 0x9D, 0x85, 0x5D,
    0x58, 0x98, 0x24, 0xFD, 0x9E, 0xF8, 0x21, 0x0E, 0xDA, 0xE4, 0x0B, 0xDA, 0xB0, 0x98, 0xF1, 0x9F,
    0x9D, 0x7E, 0x98, 0xFC, 0xAE, 0x7E, 0x7C, 0xF6, 0xE9, 0xAF, 0xAC, 0xDB, 0x8A, 0x00, 0x50, 0xE0,
    0x69, 0x8C, 0x54, 0x13, 0x0C, 0xFF, 0x96, 0x67, 0xB7, 0x78, 0x19, 0xF0, 0x8D, 0x18, 0x78, 0xBC,
    0x11, 0xF8, 0x3B, 0x1D, 0x8F, 0x21, 0x72, 0x03, 0x31, 0x0C, 0x45, 0xFF, 0xDA, 0x33, 0xC9, 0x4C,
    0x0D, 0x4C, 0xCB, 0xC2, 0x43, 0x74, 0x04, 0xF9, 0x28, 0x8B, 0x43, 0x72, 0x83, 0xAC, 0x79, 0x41,
    0xAF, 0x10, 0xBC, 0x97, 0xB0, 0x79, 0xC9, 0x82, 0xCE, 0x94, 0xFA, 0x08, 0x06, 0x3B, 0x99, 0x05,
    0xDA, 0x28, 0x4A, 0xA5, 0x07, 0xBE, 0x04, 0xF4, 0xBF, 0x3E, 0xC1, 0x98, 0x32, 0x2F, 0xA1, 0x63,
    0x74, 0x12, 0x84, 0xD6, 0x92, 0x71, 0x00, 0x40, 0x0B, 0xA0, 0x2B, 0xC2, 0x53, 0xC0, 0xAD, 0xE0,
    0x5D, 0x61, 0xBF, 0x26, 0x52, 0x05, 0x07, 0xC1, 0x65, 0xCE, 0x45, 0x17, 0xD5, 0x6A, 0xF0, 0x20,
    0xFC, 0xB7, 0x45, 0xED, 0x4E, 0x13, 0xD9, 0xB5, 0x29, 0x13, 0xD8, 0xB7, 0xE9, 0xBB, 0x1B, 0x26,
    0x00, 0x5E, 0x59, 0x9C, 0x78, 0x09, 0xFD, 0xB8, 0x81, 0x9E, 0x60, 0xC5, 0xED, 0x94, 0x0D, 0x13,
    0x36, 0xDA, 0x12, 0xE3, 0x01, 0x4E, 0xA8, 0x06, 0x29, 0x95, 0x1E, 0x9A, 0xCA, 0xD7, 0x86, 0xF3,
    0x30, 0x83, 0x7E, 0x04, 0x51, 0x1B, 0xBC, 0x26, 0x40, 0x2C, 0x84, 0xBB, 0xC3, 0xB2, 0xC6, 0x3E,
    0x97, 0xF6, 0xEF, 0x9E, 0x74, 0x43, 0xAC, 0xDC, 0xDF, 0x1D, 0x2B, 0x46, 0x2F, 0xC3, 0x3E, 0xEC,
    0x47, 0x61, 0xB3, 0x45, 0xF2, 0x35, 0xDE, 0x3F, 0x04, 0xC2, 0x32, 0x35, 0x7B, 0x6E, 0xE1, 0x5F,
    0xDE, 0xA3, 0xBC, 0x00, 0xD5, 0x9A, 0xBD, 0x96, 0xE4, 0x46, 0x15, 0xC7, 0xAB, 0xD5, 0xB3, 0xA3,
    0xB3, 0xA3, 0x40, 0x1C, 0xE0, 0x18, 0xBC, 0x81, 0x45, 0x40, 0xB4, 0x81, 0xF5, 0x04, 0xD0, 0xC2,
    0x04, 0x0E, 0x9C, 0xF0, 0x06, 0x4E, 0x1C, 0xF8, 0x38, 0x99, 0x84, 0x94, 0x55, 0x1F, 0xF3, 0x02,
    0xFB, 0x06, 0x4C, 0xB0, 0xC1, 0x7E, 0x04, 0x93, 0x10, 0x82, 0x25, 0x13, 0x10, 0x2B, 0x32, 0xA1,
    0x75, 0x0C, 0x01, 0x07, 0x02, 0xE4, 0x43, 0x2F, 0xD6, 0xEE, 0x4A, 0x2A, 0xEE, 0xFF, 0x7F, 0xAB,
    0xD4, 0x52, 0xCF, 0xAC, 0xBD, 0x30, 0xDB, 0x33, 0xBD, 0x7D, 0xA6, 0xAF, 0x3E, 0x46, 0x5D, 0x75,
    0xEB, 0x57, 0xB7, 0x6E, 0xDD, 0xBA, 0x25, 0x63, 0x96, 0xB6, 0x34, 0xC6, 0x84, 0x94, 0xB1, 0xAD,
    0x44, 0xA6, 0xB6, 0x16, 0xB9, 0xB2, 0x8D, 0xC8, 0x82, 0xD2, 0x7E, 0x29, 0x72, 0x69, 0x3F, 0x6C,
    0xF0, 0x60, 0xBC, 0x91, 0x07, 0xFB, 0xB8, 0x95, 0x07, 0xBB, 0xB8, 0x93, 0x07, 0x37, 0x90, 0x45,
    0x13, 0x89, 0xB4, 0xD6, 0x76, 0xF2, 0xA0, 0xB5, 0xBD, 0x3C, 0x68, 0xED, 0x20, 0x25, 0x3E, 0x7E,
    0x32, 0xC8, 0x83, 0x72, 0x53, 0x1E, 0x84, 0x2C, 0x1A, 0xC8, 0xF9, 0xA7, 0x83, 0xD0, 0xBB, 0x53,
    0xA9, 0xF7, 0x23, 0xBB, 0x86, 0x1A, 0x81, 0x14, 0xBD, 0xB4, 0xE7, 0xBD, 0xF9, 0xFD, 0x72, 0x90,
    0x07, 0x7A, 0x73, 0x6C, 0x7B, 0xDC, 0x4B, 0x86, 0xDF, 0x75, 0xAB, 0x3A, 0xEE, 0x8A, 0x2A, 0x6D,
    0x8B, 0xE7, 0x76, 0x93, 0x5B, 0xDB, 0xAC, 0xE4, 0x1B, 0xD9, 0xD3, 0x66, 0xAC, 0x20, 0x47, 0x23,
    0xD6, 0x66, 0x81, 0x56, 0xCA, 0x91, 0xD7, 0xD2, 0x8A, 0x16, 0x32, 0x1D, 0x20, 0x6F, 0x51, 0x9A,
    0x9E, 0xB5, 0x6F, 0x76, 0xF4, 0xBB, 0x49, 0x46, 0x2B, 0x29, 0x30, 0x97, 0x9F, 0x2D, 0xF1, 0x95,
    0x02, 0xE3, 0x7A, 0x54, 0xEB, 0xAA, 0x64, 0x16, 0x6B, 0x1E, 0x42, 0xBD, 0x4A, 0x70, 0x08, 0xB2,
    0x1C, 0xCD, 0x4B, 0xBE, 0x26, 0x8E, 0x82, 0x80, 0x96, 0x03, 0x2F, 0x92, 0xCD, 0x6A, 0x6D, 0xCC,
    0xA5, 0x64, 0x1C, 0x1A, 0xC7, 0xC6, 0xC1, 0x71, 0x74, 0x1C, 0x1E, 0xE5, 0xE3, 0x00, 0x39, 0x42,
    0x0E, 0x91, 0x63, 0xE4, 0x20, 0x39, 0x4A, 0x8A, 0xC9, 0x71, 0x72, 0xA0, 0x1C, 0x29, 0x87, 0xCA,
    0xB1, 0x9A, 0xC2, 0x8A, 0xA9, 0xE0, 0x8A, 0xBA, 0x50, 0x23, 0x00, 0x31, 0x27, 0xC7, 0x67, 0x30,
    0x01, 0x5C, 0x07, 0xD4, 0x25, 0xF9, 0x1A, 0x15, 0xDC, 0x5D, 0x7F, 0xB2, 0xD3, 0x18, 0xF0, 0x74,
    0xFA, 0x06, 0xAE, 0xF6, 0x73, 0x18, 0x04, 0xB9, 0x92, 0xAC, 0x01, 0x5B, 0xFF, 0x5F, 0xF0, 0x95,
    0xDA, 0x6A, 0x76, 0xAD, 0x30, 0x16, 0x29, 0x94, 0xA5, 0x26, 0x8B, 0x12, 0x56, 0x94, 0x5B, 0x2B,
    0x5C, 0xE8, 0x71, 0x49, 0x9B, 0x0E, 0xDE, 0x53, 0xA4, 0x75, 0xA1, 0x98, 0xEF, 0x64, 0x5B, 0xCC,
    0xCD, 0xA1, 0x63, 0x0E, 0x39, 0x0C, 0x50, 0x7E, 0x24, 0xA5, 0xDF, 0x0A, 0x00, 0xA1, 0xFC, 0x58,
    0x06, 0x17, 0xDB, 0x2B, 0x57, 0x79, 0x65, 0x2F, 0x60, 0x85, 0x7A, 0x81, 0x5A, 0x3E, 0x98, 0x2A,
    0x52, 0x10, 0x05, 0x50, 0xFE, 0x83, 0x38, 0x49, 0x93, 0x30, 0xC9, 0x92, 0x28, 0x49, 0x72, 0x36,
    0x9C, 0xD9, 0xC2, 0x6C, 0x02, 0xC6, 0xA4, 0xD4, 0xA9, 0x26, 0xBA, 0xA2, 0xFD, 0xA3, 0x79, 0x83,
    0x70, 0x26, 0x28, 0x73, 0x85, 0x1F, 0x7F, 0x1F, 0x06, 0xB6, 0x90, 0xB3, 0xF8, 0x97, 0x30, 0xA3,
    0xCF, 0x33, 0xB5, 0xD7, 0xF8, 0xF9, 0xB5, 0x30, 0x2D, 0xFE, 0xB1, 0xA1, 0x65, 0xC3, 0x8D, 0x35,
    0x45, 0x39, 0xDE, 0x5F, 0x64, 0x6A, 0xAA, 0xA3, 0x43, 0x08, 0xFB, 0xE1, 0x52, 0xB0, 0x37, 0xE9,
    0x25, 0x17, 0xF6, 0x49, 0x8D, 0x07, 0x6B, 0x13, 0x7F, 0xAE, 0x96, 0xE1, 0x3F, 0xB1, 0x71, 0x83,
    0xFF, 0x7A, 0x58, 0x06, 0xD9, 0xE8, 0x4B, 0x95, 0x96, 0xDA, 0xE1, 0x61, 0xD1, 0x7A, 0xA5, 0x79,
    0xD7, 0x9C, 0xCC, 0xC8, 0x25, 0x4F, 0xBB, 0x0B, 0x3E, 0x73, 0x2F, 0x23, 0x9B, 0x73, 0x33, 0x0A,
    0xE6, 0x6C, 0xCD, 0x33, 0x37, 0x5F, 0x4B, 0xFB, 0xB3, 0x89, 0x83, 0x5F, 0x7B, 0x9F, 0x6C, 0x4E,
    0xCE, 0xC6, 0x5F, 0x1F, 0xDF, 0xBF, 0x2B, 0xCF, 0x44, 0x4D, 0xCE, 0xD6, 0xD0, 0x05, 0x58, 0xCE,
    0x62, 0x6F, 0x65, 0x37, 0x8F, 0xFE, 0xC7, 0xBE, 0x7D, 0x0B, 0xCB, 0x71, 0x34, 0x8E, 0x2B, 0xFF,
    0x49, 0x4B, 0xF9, 0x47, 0xFC, 0xA2, 0x43, 0xA5, 0x2D, 0x1E, 0xAB, 0xF6, 0x86, 0xFB, 0x0F, 0x2C,
    0x52, 0xA3, 0x1E, 0x3B, 0xC1, 0x7A, 0xB2, 0x7E, 0x23, 0x58, 0xDE, 0x17, 0xB3, 0x6C, 0xDD, 0x74,
    0x8A, 0xEB, 0xC9, 0xF0, 0x02, 0x44, 0x30, 0x04, 0xC2, 0x29, 0xC1, 0xD7, 0x11, 0x48, 0x6A, 0x3F,
    0x86, 0x76, 0x12, 0x68, 0xAC, 0xB2, 0x31, 0x70, 0xD4, 0x61, 0xF3, 0x32, 0x6A, 0xC7, 0x37, 0x4F,
    0x8D, 0x73, 0x54, 0x8C, 0xB3, 0x23, 0x36, 0x04, 0x22, 0xE8, 0x5E, 0x66, 0x81, 0x9B, 0xFD, 0x5A,
    0xA0, 0x9B, 0x76, 0xBE, 0x60, 0x33, 0xD1, 0xE4, 0xB0, 0x2E, 0xD6, 0x6F, 0x02, 0x45, 0x9D, 0x70,
    0xDE, 0xAF, 0xF0, 0x60, 0x65, 0xE2, 0x3F, 0xCD, 0x26, 0x9C, 0x2D, 0xC0, 0x68, 0xCF, 0x00, 0x0F,
    0xDA, 0xD5, 0xBD, 0xEA, 0x2C, 0xB3, 0xCF, 0xC1, 0x7A, 0xD9, 0xAA, 0x8F, 0x7A, 0xB3, 0x09, 0x68,
    0xCD, 0x02, 0x22, 0x40, 0xFF, 0x51, 0xA7, 0xAD, 0x08, 0x95, 0x33, 0xE2, 0x09, 0x27, 0x4A, 0xC3,
    0x38, 0x2F, 0x61, 0xE8, 0xB7, 0x71, 0x0B, 0x33, 0xF4, 0x87, 0x55, 0x91, 0x43, 0x14, 0x56, 0xFB,
    0xC1, 0x7F, 0xE8, 0x1B, 0x18, 0x4B, 0xB1, 0x69, 0x3C, 0xE3, 0xBD, 0x64, 0xC8, 0xA4, 0xEE, 0x5A,
    0xAA, 0x69, 0x63, 0x7B, 0xDE, 0xAD, 0x9A, 0x65, 0x9F, 0x97, 0xC1, 0x80, 0xDF, 0x43, 0x39, 0xA8,
    0x05, 0x8D, 0x6D, 0x79, 0x24, 0x9D, 0x5F, 0x54, 0x52, 0x43, 0x29, 0x3A, 0x88, 0x71, 0xFC, 0x6D,
    0x5B, 0x78, 0xAF, 0xBA, 0xFA, 0xAF, 0xF2, 0x74, 0x8D, 0x91, 0x8A, 0x16, 0x69, 0xE5, 0x03, 0xE3,
    0x7C, 0xAA, 0xD3, 0xB5, 0x11, 0xC8, 0xC5, 0xD0, 0x8A, 0x8D, 0xAE, 0x5A, 0xB1, 0xC6, 0x8C, 0xB7,
    0xBD, 0x7B, 0xF5, 0xE6, 0xE7, 0x55, 0x8B, 0xA6, 0xB4, 0x12, 0xAB, 0xE6, 0xF5, 0x35, 0xB7, 0x2E,
    0x7A, 0x76, 0x8A, 0x7B, 0xE6, 0xB3, 0x0F, 0xDB, 0x6D, 0x8B, 0xEC, 0xD5, 0x5A, 0xF4, 0xD3, 0x49,
    0xFA, 0x01, 0x00, 0x3F, 0x82, 0x36, 0x41, 0xBF, 0xAA, 0x30, 0x6E, 0x61, 0x31, 0xF9, 0xBF, 0x2A,
    0xF4, 0x6E, 0xD4, 0xCC, 0x07, 0x97, 0x2E, 0x31, 0x74, 0xBD, 0xC1, 0xF1, 0xC9, 0x26, 0xAB, 0x19,
    0x5C, 0x32, 0xE8, 0x42, 0xB7, 0x2A, 0x85, 0x13, 0x88, 0xBD, 0x14, 0x13, 0x61, 0xDB, 0xB5, 0xF1,
    0xDA, 0x7A, 0x6D, 0xBE, 0x36, 0xDD, 0x49, 0x12, 0x98, 0x74, 0xF0, 0x6C, 0xB5, 0xBD, 0xF6, 0x8A,
    0xDF, 0xE6, 0x6A, 0xBB, 0x50, 0xB7, 0x83, 0x32, 0xD2, 0xAF, 0x50, 0xF6, 0x27, 0xD9, 0xA3, 0x1D,
    0xB7, 0x90, 0x40, 0xC5, 0x05, 0x75, 0x00, 0x35, 0x68, 0x72, 0x0E, 0x87, 0xD3, 0xC0, 0x13, 0x82,
    0x9D, 0xAF, 0x6B, 0xD2, 0x38, 0xAD, 0x87, 0x14, 0x0D, 0x39, 0x52, 0xB7, 0x92, 0xAD, 0xA0, 0xF1,
    0x7B, 0xFB, 0xF8, 0xF9, 0x76, 0xF8, 0xFD, 0x04, 0x1A, 0x06, 0x3D, 0x16, 0xAC, 0xB1, 0x7D, 0xEF,
    0x6C, 0x24, 0x19, 0x1E, 0x0C, 0xC9, 0x48, 0x17, 0xAF, 0x10, 0xF2, 0x83, 0x23, 0xC4, 0x34, 0xF9,
    0xFA, 0x63, 0xA9, 0x19, 0x85, 0xBE, 0xD8, 0x80, 0x66, 0xBF, 0x4B, 0x8E, 0xE0, 0xC8, 0x8D, 0xD8,
    0x48, 0x8D, 0xD0, 0x8A, 0xD9, 0x00, 0x50, 0x60, 0xE4, 0x45, 0x5C, 0xA4, 0x45, 0x58, 0x33, 0x57,
    0xE2, 0x95, 0x74, 0x09, 0x1F, 0x84, 0x9E, 0x3D, 0x87, 0xAC, 0xFD, 0x60, 0xED, 0x81, 0x0D, 0x87,
    0x03, 0x2C, 0x9D, 0x2F, 0x99, 0x11, 0xC1, 0xBC, 0x13, 0x82, 0x93, 0x2C, 0x99, 0x97, 0x5C, 0xAC,
    0x7C, 0xD3, 0x5E, 0x03, 0xB5, 0x68, 0x28, 0x54, 0x4F, 0x91, 0x9F, 0x45, 0x5B, 0x5F, 0x60, 0xBE,
    0x47, 0x4F, 0xDC, 0x6B, 0x72, 0x81, 0x53, 0xC0, 0x97, 0x07, 0x46, 0x90, 0x83, 0xE5, 0x49, 0x85,
    0xC2, 0xCA, 0xDD, 0x08, 0xC6, 0xBC, 0x63, 0xDC, 0x08, 0xBE, 0x1E, 0x96, 0x1F, 0x79, 0x58, 0x64,
    0x05, 0x63, 0xDB, 0x21, 0x75, 0x20, 0x73, 0xB6, 0xB9, 0xAD, 0x97, 0x70, 0x6B, 0xE9, 0xBF, 0xBB,
    0x99, 0x4B, 0xBB, 0xAA, 0xFB, 0x7F, 0xE9, 0x7C, 0x0E, 0x8D, 0x61, 0xE9, 0x3F, 0x70, 0xE9, 0xDF,
    0x68, 0x3B, 0xD9, 0xE5, 0x02, 0xB7, 0x10, 0xFC, 0x56, 0x82, 0xC3, 0x73, 0x7B, 0xC6, 0xE0, 0x3E,
    0xF6, 0xDF, 0x56, 0x13, 0x4B, 0x69, 0xE3, 0x8A, 0xC0, 0xB7, 0x76, 0x73, 0x72, 0xC9, 0xEC, 0xE8,
    0x1D, 0xFB, 0x77, 0xA1, 0xD0, 0xCB, 0xB7, 0x63, 0x51, 0x78, 0x56, 0x6A, 0x92, 0x8A, 0xA4, 0x1E,
    0x5F, 0x4D, 0x6A, 0xCB, 0x15, 0xFE, 0xD6, 0x77, 0x6D, 0x16, 0x58, 0xE8, 0x85, 0xBF, 0x01, 0x6B,
    0x57, 0xA9, 0x2E, 0xD6, 0xBF, 0x16, 0x55, 0xA1, 0xA6, 0xD7, 0xAD, 0x91, 0xFB, 0xD0, 0x13, 0xE1,
    0xE7, 0xAE, 0x18, 0x1A, 0x87, 0x44, 0x13, 0x50, 0x98, 0x15, 0xFB, 0xC8, 0xE2, 0x7F, 0xD3, 0xD6,
    0xF7, 0xB6, 0xD4, 0x2E, 0x3D, 0x2D, 0x92, 0xBD, 0x7C, 0x3A, 0x64, 0x1C, 0x63, 0x9A, 0xC2, 0xC5,
    0xC0, 0x94, 0x5E, 0x94, 0x72, 0x2A, 0x59, 0xF4, 0x85, 0x16, 0xC1, 0x64, 0x8C, 0x9B, 0x15, 0x94,
    0xB1, 0x15, 0xAC, 0x4A, 0xBA, 0xB3, 0xF1, 0x52, 0x6A, 0xF7, 0x72, 0x41, 0xB9, 0xB4, 0xD9, 0x4A,
    0x70, 0x5A, 0x09, 0x79, 0x40, 0x37, 0xB6, 0xFF, 0xB4, 0x1B, 0xC6, 0xD0, 0x15, 0xEC, 0x7A, 0x60,
    0xA4, 0x5B, 0xEF, 0xCC, 0x8C, 0x6A, 0xFC, 0x3A, 0xAA, 0xA7, 0x52, 0xEF, 0xA7, 0x1A, 0x3B, 0x89,
    0x8A, 0x6D, 0x62, 0x0B, 0x31, 0xB5, 0x70, 0xC8, 0xAB, 0xE5, 0x50, 0x94, 0xCB, 0xC1, 0xF2, 0x1B,
    0xF6, 0xA2, 0x63, 0x67, 0xCB, 0xB4, 0xCB, 0x9F, 0x33, 0x2A, 0xAE, 0xC4, 0xD4, 0xE4, 0x37, 0x9B,
    0x4B, 0x4C, 0x2D, 0x53, 0x53, 0x9B, 0x0E, 0x6E, 0x0D, 0xA7, 0x8A, 0x8D, 0x9F, 0x09, 0x7C, 0xBD,
    0x49, 0xB5, 0xA3, 0xE6, 0x4D, 0x92, 0x2A, 0xE4, 0x0C, 0x0D, 0x82, 0xD7, 0x87, 0x7A, 0x13, 0xE5,
    0xAE, 0xCA, 0x27, 0xD2, 0x35, 0xA8, 0xC6, 0x35, 0x3A, 0xFC, 0x53, 0x04, 0x23, 0xA2, 0xE6, 0x9F,
    0xCF, 0xA8, 0x85, 0x3A, 0xD7, 0xBF, 0xB2, 0x4F, 0x1E, 0x5F, 0x88, 0x6B, 0x3C, 0x19, 0x87, 0xC6,
    0xB1, 0x51, 0x38, 0x8E, 0x8E, 0x51, 0x3C, 0x46, 0xF9, 0x18, 0x05, 0x64, 0x94, 0x90, 0x51, 0x44,
    0x46, 0xE9, 0x4C, 0x0E, 0x0B, 0x3D, 0xA0, 0xCF, 0x94, 0x93, 0x03, 0xE5, 0x48, 0x79, 0x54, 0x8E,
    0xD5, 0x04, 0x56, 0xAA, 0x0D, 0xC9, 0xE8, 0xF3, 0x8D, 0xCF, 0x02, 0xBC, 0x7D, 0x72, 0x1F, 0x77,
    0xD7, 0x74, 0x9C, 0x78, 0x34, 0x65, 0x83, 0x2E, 0xB6, 0x27, 0x1D, 0xC6, 0x38, 0x2D, 0x62, 0x9C,
    0x06, 0xAA, 0x18, 0xBF, 0xE1, 0x80, 0x30, 0x1C, 0x41, 0x1F, 0xD8, 0x42, 0x4D, 0x95, 0xC8, 0x6B,
    0x81, 0x30, 0x64, 0x8A, 0x58, 0xE6, 0xB9, 0x33, 0x11, 0xC6, 0xB2, 0x1A, 0xF5, 0x79, 0x5B, 0x0C,
    0x35, 0x03, 0x0F, 0x4E, 0xB7, 0xB1, 0x9B, 0x60, 0xF2, 0xDF, 0x32, 0x7F, 0x5E, 0x8B, 0x16, 0x09,
    0x42, 0x1F, 0x99, 0xD3, 0xFB, 0x43, 0xB1, 0x3B, 0x66, 0x1F, 0xB9, 0xA0, 0x42, 0x7E, 0xF7, 0x08,
    0xB6, 0x97, 0xFF, 0xE2, 0x81, 0x40, 0xAD, 0x9C, 0xB2, 0x3B, 0xBA, 0x82, 0x1C, 0xC1, 0x91, 0x1B,
    0xB1, 0x91, 0x1A, 0xA1, 0x91, 0x99, 0x55, 0x21, 0xC4, 0x08, 0x8C, 0xBC, 0x88, 0x8B, 0xB4, 0x08,
    0x6B, 0x6B, 0x97, 0x5A, 0x76, 0xAC, 0x8B, 0xE7, 0xA3, 0x42, 0xBB, 0x96, 0x07, 0xCB, 0x7A, 0x65,
    0x5E, 0xFA, 0x15, 0xEE, 0x7D, 0xD3, 0xAA, 0xE1, 0xF6, 0x07, 0x6E, 0x98, 0x97, 0x44, 0x71, 0xEF,
    0x82, 0xA9, 0x65, 0x14, 0x57, 0xFB, 0xC8, 0x63, 0x7F, 0x4C, 0x17, 0x03, 0xCC, 0x2F, 0xD2, 0x18,
    0xEA, 0x2F, 0x30, 0xCC, 0x5B, 0xE6, 0x87, 0xDB, 0xAA, 0xDE, 0x35, 0xDB, 0x7D, 0x44, 0xDD, 0x37,
    0x24, 0xD9, 0x8B, 0x60, 0x6F, 0xD2, 0x11, 0x4A, 0x14, 0x57, 0x6A, 0xA8, 0x93, 0x7C, 0x3A, 0x0B,
    0x63, 0x54, 0x7D, 0xCB, 0x28, 0xEE, 0x1A, 0x58, 0xAA, 0x97, 0xD1, 0x94, 0xBD, 0x7A, 0xC8, 0xD5,
    0x57, 0x97, 0xFB, 0x93, 0x83, 0x9F, 0x60, 0xCD, 0xDB, 0xEA, 0x18, 0xE1, 0x16, 0xE1, 0x14, 0xA7,
    0x4D, 0xD8, 0xDF, 0xE4, 0xEB, 0xF6, 0x87, 0xC3, 0x76, 0xBB, 0x29, 0xE8, 0x36, 0xAD, 0x8D, 0x79,
    0xE4, 0x67, 0xA3, 0x7C, 0xAD, 0x94, 0x85, 0xE0, 0x29, 0x03, 0xFA, 0x48, 0x97, 0xC5, 0x88, 0x66,
    0x6B, 0x25, 0x99, 0x29, 0xCA, 0xF2, 0xFF, 0x1C, 0xCA, 0x6B, 0x1D, 0xCA, 0xE6, 0x92, 0xA1, 0xAC,
    0x79, 0x5A, 0xDD, 0x94, 0x99, 0x0F, 0xE5, 0xA0, 0xF6, 0x4E, 0x9C, 0x01, 0x36, 0x37, 0x6F, 0x1E,
    0x32, 0xAF, 0xBC, 0x74, 0xF1, 0x77, 0x2A, 0xFD, 0x8D, 0xC0, 0x1D, 0xE4, 0x6C, 0x76, 0x35, 0x53,
    0xD3, 0xBC, 0x83, 0x9F, 0xF2, 0xE3, 0x19, 0x37, 0xF3, 0xF0, 0xB0, 0x51, 0xC5, 0xE3, 0x66, 0x75,
    0x8A, 0x6B, 0x66, 0x73, 0x16, 0x0F, 0xF6, 0x86, 0x6A, 0x1E, 0xD3, 0xB9, 0xA0, 0xCE, 0x45, 0x75,
    0xE3, 0x7B, 0x1F, 0xE5, 0x61, 0x1B, 0x97, 0x7A, 0x61, 0x4E, 0x20, 0x8D, 0x47, 0xC6, 0x4E, 0x4F,
    0x3F, 0xDD, 0x17, 0xB6, 0xA8, 0xE6, 0x12, 0x38, 0xED, 0x99, 0x38, 0xBD, 0x77, 0x4A, 0x7D, 0xBA,
    0x70, 0xE3, 0x63, 0xC2, 0x83, 0x04, 0x95, 0x3C, 0xFD, 0x0D, 0x56, 0x60, 0x52, 0x51, 0x7F, 0xFA,
    0xF4, 0xA1, 0x27, 0x13, 0x91, 0xCC, 0x66, 0x24, 0xB3, 0xBE, 0xB2, 0x41, 0xBD, 0x01, 0xD6, 0x32,
    0xF7, 0xF3, 0xCE, 0xB9, 0xEF, 0x1C, 0xC6, 0x0C, 0xC3, 0xDE, 0x07, 0x1F, 0x1D, 0xBC, 0x4B, 0x53,
    0xF8, 0xAC, 0x05, 0xEF, 0x05, 0xC0, 0x92, 0x2D, 0x91, 0x06, 0x70, 0x6B, 0x55, 0xA9, 0x49, 0xA4,
    0x44, 0x7A, 0x52, 0x87, 0x14, 0x2E, 0x27, 0x90, 0x7E, 0xE9, 0x2A, 0xFA, 0x89, 0x14, 0x6E, 0x72,
    0x22, 0x68, 0xE4, 0x44, 0xE4, 0xF8, 0x27, 0x63, 0x5C, 0xD6, 0xD3, 0x22, 0xC9, 0x2F, 0x80, 0x1C,
    0xCE, 0x81, 0x8D, 0x93, 0x6C, 0x64, 0xA9, 0x54, 0x31, 0x64, 0xBB, 0x69, 0x58, 0xDD, 0xC4, 0x24,
    0xBD, 0xBC, 0xD9, 0x9E, 0x27, 0x6B, 0xAE, 0x14, 0x44, 0xC1, 0xB8, 0x13, 0xFD, 0xE2, 0x56, 0x14,
    0x4B, 0x36, 0x22, 0xD2, 0x46, 0x94, 0x13, 0x28, 0xB2, 0x4E, 0xC7, 0xAE, 0x10, 0x77, 0xA9, 0xF2,
    0x4A, 0x96, 0xD5, 0xBA, 0x55, 0x55, 0xCB, 0x92, 0xBC, 0x78, 0x21, 0x3C, 0xFC, 0x7E, 0x95, 0x84,
    0x17, 0xC3, 0xAA, 0xDE, 0xE5, 0x11, 0x8C, 0x3C, 0x02, 0x6B, 0x76, 0x56, 0xA0, 0x3E, 0xFF, 0x55,
    0x8E, 0xCE, 0xD2, 0xC9, 0x7B, 0x73, 0xD5, 0x6F, 0x98, 0x1F, 0x9D, 0xAA, 0xBE, 0xE3, 0xD1, 0x7A,
    0x83, 0x8A, 0xCB, 0xE9, 0x66, 0xDF, 0x6B, 0xA5, 0x17, 0x4D, 0xDE, 0x74, 0x72, 0xEB, 0x52, 0x13,
    0x68, 0xC8, 0x17, 0x3C, 0xB8, 0x30, 0x2A, 0xC9, 0x86, 0x4C, 0x02, 0x51, 0x9F, 0x74, 0x1A, 0x87,
    0xC7, 0xF1, 0x71, 0x80, 0x1C, 0x21, 0x87, 0xC8, 0x31, 0x72, 0x90, 0x1C, 0x25, 0x07, 0xC8, 0x1F,
    0x72, 0x52, 0x72, 0xA4, 0x88, 0x4A, 0x2A, 0x55, 0x56, 0x0E, 0x96, 0xA7, 0x35, 0xE2, 0x0A, 0xFC,
    0xDB, 0x62, 0x9A, 0x78, 0xA1, 0x03, 0x7D, 0x64, 0xC6, 0x2D, 0xE8, 0x70, 0x00, 0xAA, 0x0E, 0xA8,
    0x5A, 0xA0, 0xAA, 0xBE, 0x0D, 0x55, 0xF7, 0x9D, 0xA8, 0x7E, 0xE6, 0x72, 0x04, 0x66, 0x1A, 0x43,
    0xA5, 0x1A, 0x2E, 0x1C, 0x9F, 0x1D, 0x36, 0xAA, 0xF9, 0x1A, 0x53, 0x99, 0x2D, 0x1E, 0xEE, 0x0D,
    0xD5, 0x6C, 0xC4, 0xCD, 0xDF, 0xA6, 0x1B, 0x0F, 0xF7, 0x46, 0x62, 0xA5, 0x12, 0x5B, 0x5F, 0x42,
    0x6C, 0xB3, 0x37, 0x62, 0xE5, 0x77, 0x19, 0xD7, 0x98, 0x10, 0xD2, 0x00, 0x01, 0x4B, 0x48, 0x8D,
    0x12, 0x92, 0xF5, 0x4B, 0xB1, 0xD5, 0x57, 0xC3, 0x96, 0x66, 0xBF, 0x66, 0xC9, 0xFF, 0xC1, 0xC0,
    0x0F, 0x9E, 0x51, 0x9F, 0x65, 0x93, 0x56, 0xBB, 0x01, 0xC2, 0x14, 0x54, 0xA7, 0xA0, 0xEA, 0x57,
    0x05, 0xD5, 0xBE, 0x76, 0xD3, 0x7A, 0x76, 0x0F, 0x01, 0xC2, 0x80, 0x00, 0xA1, 0x7D, 0x3C, 0x27,
    0xD3, 0x83, 0x4C, 0x07, 0x32, 0xCD, 0x95, 0x0D, 0xEA, 0xB0, 0x5D, 0xD1, 0x25, 0x93, 0x9F, 0x9B,
    0xF1, 0xDC, 0xF4, 0xE7, 0xAF, 0x92, 0xF1, 0x5D, 0x94, 0x3D, 0x0F, 0xBE, 0x6F, 0x99, 0x10, 0xF5,
    0x6D, 0x42, 0x4D, 0x6F, 0xEB, 0x42, 0x27, 0x64, 0xF4, 0xB2, 0xD8, 0x4D, 0x41, 0x14, 0xD8, 0xEF,
    0x20, 0x15, 0x04, 0x2C, 0x48, 0x8D, 0x26, 0x2D, 0xF2, 0x52, 0x71, 0x87, 0xAC, 0x4E, 0xD4, 0x21,
    0x6B, 0x14, 0xF6, 0x2B, 0xE6, 0xD6, 0x0A, 0x7D, 0xBF, 0x59, 0x53, 0x32, 0xDC, 0x9C, 0x61, 0x85,
    0x45, 0x37, 0xD9, 0x39, 0x6A, 0x26, 0x99, 0xE0, 0x6A, 0x4C, 0x83, 0x4C, 0xE5, 0x42, 0xB7, 0x62,
    0xB9, 0x6C, 0x65, 0xF4, 0xA4, 0x73, 0x11, 0x8B, 0xBA, 0xEB, 0x50, 0x93, 0x0B, 0xDE, 0x0A, 0xA9,
    0xA5, 0x4D, 0xB6, 0x0C, 0xAC, 0xF4, 0xCF, 0xC2, 0xA2, 0xDF, 0x2D, 0xBA, 0xDB, 0x32, 0x47, 0x88,
    0x17, 0x36, 0x0A, 0x0C, 0xDF, 0x02, 0xE5, 0xE6, 0xEC, 0x41, 0xBE, 0xD1, 0xD5, 0xFB, 0xF4, 0x10,
    0xE7, 0x0C, 0x10, 0xBB, 0xC3, 0x5E, 0x06, 0xA3, 0xD5, 0xC0, 0x57, 0x6F, 0x6F, 0xB2, 0xE5, 0xAF,
    0xFC, 0x8A, 0xCB, 0x9E, 0x28, 0x7C, 0x20, 0xF1, 0xCA, 0x90, 0x48, 0x0C, 0xB3, 0xC1, 0xAB, 0xE7,
    0x9A, 0x31, 0xE0, 0xB6, 0x8D, 0x6B, 0x08, 0xEB, 0xFE, 0x51, 0xB7, 0x5D, 0xF0, 0x45, 0xF5, 0x81,
    0xD8, 0x8C, 0x86, 0xE0, 0x93, 0xD7, 0xD0, 0xD0, 0x99, 0x41, 0x3B, 0x7D, 0x39, 0xF6, 0x1A, 0x0C,
    0xC7, 0x07, 0x69, 0xCF, 0x92, 0x0C, 0x3B, 0x47, 0xFC, 0x65, 0xD4, 0x1F, 0xCA, 0xB0, 0x1A, 0xC6,
    0xD7, 0xCB, 0xBE, 0x98, 0x6E, 0xCE, 0x5E, 0x07, 0x98, 0xFF, 0x02, 0x6D, 0x52, 0x31, 0x92, 0xDD,
    0x20, 0x0C, 0x95, 0xED, 0xC2, 0x85, 0x0B, 0xFA, 0xDF, 0xD0, 0x6F, 0xC3, 0x11, 0xE0, 0x3C, 0xB9,
    0x04, 0x4C, 0x4E, 0x92, 0x36, 0x4E, 0xB1, 0x47, 0x80, 0xC9, 0x09, 0x38, 0x82, 0xFB, 0x6D, 0x28,
    0x5C, 0x78, 0x36, 0x60, 0xE5, 0x09, 0xFB, 0xEF, 0x26, 0x33, 0x0B, 0xE6, 0x8D, 0xCC, 0x13, 0x12,
    0x7A, 0xE8, 0x65, 0x0D, 0x96, 0xB3, 0xE7, 0x14, 0x39, 0xAD, 0xEB, 0xEA, 0x98, 0x39, 0x3C, 0xD7,
    0x2A, 0xE3, 0x07, 0xCB, 0xD8, 0xFF, 0x45, 0x6A, 0xC3, 0x31, 0x95, 0x65, 0x53, 0xD9, 0x16, 0x7B,
    0x60, 0xEE, 0x2A, 0x4F, 0xBB, 0xAA, 0xEA, 0xC4, 0xAC, 0x93, 0x70, 0x59, 0x27, 0x4B, 0x7D, 0xAF,
    0x61, 0xF6, 0x3D, 0x95, 0x75, 0xB0, 0x44, 0x6D, 0x2A, 0xC3, 0xA1, 0xD2, 0x54, 0x74, 0x58, 0x36,
    0x4B, 0x2A, 0x47, 0x32, 0x85, 0x93, 0x7D, 0xBF, 0xD7, 0xCE, 0x49, 0x65, 0x8F, 0xB3, 0x3A, 0xA9,
    0xEA, 0x8B, 0x3A, 0xE3, 0xB5, 0xAA, 0xDF, 0xA6, 0x43, 0xE3, 0x9C, 0x09, 0x4B, 0xB6, 0xA4, 0x53,
    0x23, 0x3B, 0x54, 0xF8, 0x99, 0x20, 0x9C, 0x6E, 0x5C, 0x64, 0x75, 0xBF, 0xDD, 0x88, 0x9F, 0x53,
    0xE2, 0x17, 0x2A, 0xFC, 0x0E, 0xA2, 0x91, 0x89, 0x68, 0x3A, 0x05, 0x9A, 0x40, 0x05, 0xCC, 0x00,
    0x8B, 0x8A, 0x2E, 0xF0, 0x02, 0xDF, 0x5E, 0xDF, 0x7F, 0x12, 0xE9, 0x02, 0xD6, 0x08, 0xD8, 0x4D,
    0x20, 0x0B, 0x24, 0x80, 0x17, 0x88, 0x02, 0x1C, 0x04, 0x9C, 0x00, 0xDD, 0xD1, 0xBF, 0x64, 0x06,
    0x80, 0x42, 0xE4, 0xD4, 0x41, 0x0B, 0x3C, 0x7E, 0x9D, 0xAB, 0xEB, 0xC9, 0x69, 0x01, 0xBC, 0xBC,
    0x9E, 0xEB, 0x95, 0x3C, 0x32, 0x9F, 0x04, 0xA3, 0x7D, 0x9D, 0x5C, 0xA2, 0xCF, 0x8D, 0x0C, 0xCB,
    0x93, 0x45, 0x2E, 0xDC, 0x3F, 0x18, 0xF8, 0xC5, 0x26, 0x28, 0x68, 0x9C, 0x4C, 0xC0, 0xAB, 0x94,
    0x98, 0xED, 0x1E, 0x0B, 0xA8, 0x0B, 0xFB, 0xCE, 0xC5, 0x52, 0xDC, 0x68, 0x3A, 0xFA, 0x75, 0x67,
    0xAE, 0xA4, 0x4A, 0x37, 0x15, 0x32, 0x9B, 0xDC, 0x4D, 0xFB, 0x07, 0x5A, 0x84, 0xCB, 0x0C, 0x91,
    0xAE, 0xCA, 0xC8, 0x93, 0x1F, 0xDB, 0x6D, 0x3A, 0x9E, 0xAF, 0x00, 0x64, 0xDF, 0xCE, 0x3B, 0x00,
    0x34, 0xAC, 0x26, 0x3D, 0x88, 0x1E, 0x0E, 0xC1, 0x8A, 0xFF, 0xCE, 0x65, 0x40, 0xAB, 0x8C, 0x68,
    0x25, 0xC5, 0x75, 0x91, 0x9A, 0x68, 0xAC, 0x96, 0x1B, 0x24, 0x90, 0xD4, 0x87, 0xFF, 0xCD, 0x76,
    0x13, 0x99, 0x54, 0x41, 0x12, 0x1B, 0xBC, 0x93, 0x32, 0x19, 0xA6, 0x13, 0x13, 0x49, 0x86, 0xD3,
    0x06, 0xEE, 0x32, 0xC6, 0xB7, 0x2A, 0xB7, 0x92, 0x57, 0xB3, 0x7C, 0x18, 0x5C, 0x9B, 0x96, 0x9D,
    0x34, 0x6F, 0xC8, 0x84, 0x00, 0x28, 0x88, 0xDD, 0x28, 0xBA, 0x6B, 0x38, 0x14, 0xE2, 0x34, 0x31,
    0x29, 0x34, 0xC8, 0x2E, 0x7F, 0x66, 0x27, 0x55, 0x69, 0x69, 0x70, 0xC2, 0x75, 0xE0, 0xE7, 0xE0,
    0x40, 0x31, 0x7F, 0x72, 0xE6, 0x80, 0x28, 0x03, 0xA7, 0x99, 0xEF, 0x00, 0x18, 0x7A, 0x7B, 0xCA,
    0xDE, 0x5F, 0xF1, 0xA3, 0x67, 0x7A, 0xB9, 0x5D, 0x29, 0x1B, 0x9E, 0x8F, 0xDF, 0xC9, 0xE3, 0x3F,
    0xD2, 0x7F, 0x90, 0xBD, 0xD1, 0x3E, 0xC9, 0xF4, 0x24, 0xFF, 0x02, 0x63, 0x60, 0xFF, 0xC1, 0x20,
    0xFF, 0x85, 0xA1, 0xFE, 0x03, 0xE3, 0xFF, 0x0F, 0xEC, 0xBF, 0x3F, 0xC8, 0x9F, 0x7E, 0x60, 0xFF,
    0xFE, 0xC7, 0xFE, 0xFF, 0x7F, 0xFE, 0xFF, 0x07, 0x8A, 0x1F, 0x60, 0xD0, 0x6F, 0x00, 0x00, 0x35,
    0x8F, 0xB1, 0x0D, 0x83, 0x40, 0x14, 0x43, 0x0D, 0x51, 0x74, 0xC5, 0x15, 0x19, 0x81, 0x36, 0x1D,
    0x23, 0xC0, 0x46, 0x19, 0x01, 0x36, 0xCA, 0x08, 0x87, 0x94, 0x05, 0x18, 0x81, 0x3E, 0x0D, 0x05,
    0x05, 0x51, 0x00, 0xC7, 0x3E, 0x85, 0x5F, 0x3C, 0xE9, 0xFE, 0xF9, 0xDB, 0xFF, 0x03, 0x88, 0x1B,
    0x54, 0x37, 0xB3, 0x22, 0x7B, 0xA0, 0x26, 0x5B, 0xE0, 0xFA, 0xF8, 0xB8, 0x5F, 0xCF, 0x56, 0x34,
    0x62, 0x62, 0x37, 0xA1, 0x24, 0x39, 0x22, 0xF0, 0xC9, 0x41, 0x23, 0xA5, 0x58, 0x2D, 0x10, 0x25,
    0xD3, 0xA8, 0x64, 0x1A, 0x6D, 0xE6, 0x82, 0x10, 0x2F, 0xE6, 0x12, 0xC5, 0xFA, 0x48, 0x87, 0x22,
    0x48, 0x31, 0xF0, 0xBB, 0x03, 0x05, 0x5F, 0x3B, 0xFE, 0x95, 0xE4, 0x79, 0xF2, 0xAC, 0xC0, 0x49,
    0xEC, 0x3C, 0xE0, 0xC8, 0x1E, 0x91, 0x6F, 0x87, 0x6D, 0x48, 0x83, 0x63, 0xEE, 0xFA, 0xB4, 0x22,
    0x92, 0x4B, 0xDE, 0xDB, 0x0F, 0xAF, 0x2D, 0xE7, 0x36, 0x5F, 0x62, 0xFB, 0x86, 0xAB, 0xCD, 0x7C,
    0x94, 0x38, 0x14, 0xA3, 0x38, 0x05, 0x79, 0x76, 0x47, 0xDA, 0xF3, 0xA1, 0x6B, 0xB6, 0x18, 0xBD,
    0x85, 0x1A, 0x3F, 0xAD, 0x52, 0x31, 0x6E, 0xDC, 0x30, 0x10, 0x1C, 0xDD, 0xC1, 0xB9, 0xD8, 0x2A,
    0xD4, 0xBB, 0xD1, 0x07, 0x02, 0xE8, 0x07, 0xA6, 0x52, 0xFB, 0x27, 0x89, 0x81, 0x7B, 0x82, 0xF4,
    0x84, 0x3C, 0x22, 0x45, 0x72, 0x6F, 0xB0, 0x41, 0x21, 0xAD, 0x0B, 0x0B, 0x79, 0x81, 0x8A, 0x7B,
    0x80, 0x8B, 0x2B, 0x74, 0x00, 0xC5, 0xCD, 0x0C, 0x75, 0x02, 0x0E, 0x72, 0x1B, 0x02, 0x4B, 0x89,
    0xBB, 0xB3, 0xB3, 0xCB, 0x59, 0xC2, 0xFF, 0x00, 0x7C, 0xA4, 0x59, 0x87, 0xEF, 0xF6, 0x0E, 0x54,
    0x27, 0x60, 0x17, 0x80, 0x6D, 0xC0, 0xFD, 0xD7, 0x69, 0x63, 0x21, 0xE6, 0x66, 0xB1, 0xA2, 0xB9,
    0xB1, 0x8A, 0xCD, 0x90, 0xC7, 0xA6, 0xDB, 0x4E, 0xB4, 0xC0, 0xFF, 0xE0, 0xCE, 0xFB, 0xB1, 0x34,
    0x7B, 0x27, 0xA6, 0xCB, 0x8C, 0x3C, 0x37, 0x35, 0xBE, 0x1D, 0x0E, 0xBF, 0xED, 0x7A, 0x01, 0xFF,
    0xD5, 0x3C, 0x10, 0x3D, 0x69, 0xAF, 0xAD, 0x51, 0xE7, 0x23, 0x90, 0xB3, 0x85, 0xAD, 0xD5, 0x44,
    0x75, 0x80, 0xA3, 0xB3, 0x0C, 0x8B, 0x73, 0xFE, 0xEA, 0x2C, 0x30, 0xE3, 0xC2, 0xC9, 0xA5, 0x3C,
    0xB9, 0xD6, 0x9C, 0x5C, 0xE1, 0xDA, 0x00, 0xDC, 0x51, 0x2D, 0x38, 0x52, 0xA3, 0x61, 0x0D, 0x90,
    0x53, 0x3A, 0x91, 0x99, 0xA2, 0xA1, 0x18, 0x96, 0x20, 0x3B, 0x44, 0x16, 0x97, 0x60, 0x41, 0x6E,
    0x94, 0xFD, 0x12, 0x54, 0xD2, 0x66, 0x52, 0x70, 0x5C, 0x82, 0x55, 0x62, 0x6C, 0xF5, 0xD7, 0x5A,
    0x6F, 0x83, 0x0D, 0xBE, 0xBB, 0xE7, 0x09, 0xBB, 0x04, 0x49, 0x9B, 0x2A, 0x94, 0x09, 0xAC, 0xCD,
    0xA5, 0x5A, 0xE2, 0x6C, 0x52, 0xC1, 0x44, 0xDC, 0x5E, 0xD8, 0xB3, 0xD4, 0x57, 0xE4, 0x5C, 0xB7,
    0x13, 0x6F, 0xC5, 0x26, 0xBC, 0x3D, 0x6A, 0x7B, 0x23, 0x93, 0x7B, 0x23, 0x93, 0xD3, 0xA4, 0x4B,
    0x6D, 0x85, 0x91, 0x69, 0x67, 0xBD, 0x14, 0x22, 0xC9, 0x46, 0x1B, 0x0E, 0xBA, 0x9C, 0xAE, 0x15,
    0x33, 0x6B, 0x9D, 0xBD, 0xDA, 0xC9, 0x27, 0x11, 0x1E, 0xED, 0xEF, 0x14, 0x37, 0x86, 0x68, 0xB9,
    0xFD, 0x49, 0x33, 0x08, 0x29, 0x2A, 0x5C, 0x3F, 0xA7, 0xE8, 0x66, 0x05, 0xEB, 0x57, 0x14, 0xD7,
    0x51, 0x07, 0x57, 0xCF, 0x5A, 0xF9, 0xB5, 0xB5, 0x1F, 0xAD, 0x59, 0x9B, 0x72, 0x81, 0x07, 0xD2,
    0x34, 0x54, 0xD3, 0x51, 0xCC, 0x72, 0xB8, 0x74, 0xD6, 0xDF, 0xC2, 0xC5, 0xB2, 0x63, 0x0F, 0x1D,
    0xDB, 0xE8, 0x5E, 0x72, 0xC3, 0x67, 0xFC, 0x42, 0x79, 0x2A, 0xDA, 0xE6, 0xE2, 0xB3, 0xBD, 0xD5,
    0x5F, 0x92, 0xD2, 0x5A, 0x77, 0x3F, 0x67, 0xE9, 0x5C, 0xFF, 0x61, 0xAE, 0x7C, 0x27, 0x6B, 0x5F,
    0x79, 0x9A, 0x35, 0x4E, 0xC2, 0x02, 0x4F, 0xC0, 0x3E, 0x60, 0x6F, 0xC1, 0xA7, 0x78, 0xAC, 0xED,
    0xAC, 0xC7, 0x78, 0xD6, 0x9B, 0x09, 0x99, 0x27, 0x47, 0xE6, 0xD9, 0x5D, 0xF6, 0xBC, 0xE6, 0x39,
    0x6A, 0x24, 0x47, 0x61, 0x8F, 0xAA, 0x31, 0x7E, 0xB2, 0x19, 0xAB, 0x1C, 0x9D, 0xC5, 0x21, 0xAE,
    0xB3, 0x70, 0xAB, 0xDC, 0x7F, 0x4D, 0x91, 0x21, 0x72, 0xC3, 0x30, 0x10, 0x45, 0x7F, 0x62, 0x10,
    0x60, 0x60, 0x56, 0xEA, 0x23, 0xF8, 0x08, 0xF2, 0x4C, 0x60, 0x41, 0xEF, 0x91, 0x1E, 0x42, 0xEE,
    0xF4, 0x00, 0xBD, 0x42, 0x41, 0x51, 0x49, 0x8F, 0x60, 0xCF, 0xF4, 0x02, 0x3E, 0x82, 0x61, 0xA7,
    0x48, 0x40, 0x20, 0x40, 0xF1, 0xF6, 0xEF, 0x4A, 0xEA, 0x24, 0xE0, 0x0B, 0x44, 0xBB, 0xEF, 0xF9,
    0x0B, 0xB8, 0x8C, 0x0F, 0xEF, 0xE8, 0xE4, 0x45, 0x22, 0x9C, 0x9C, 0x25, 0x60, 0x96, 0x8E, 0x29,
    0x4B, 0x97, 0x00, 0x99, 0xFA, 0x88, 0x83, 0x8C, 0x43, 0xE0, 0x9F, 0xFC, 0x2D, 0x39, 0xBD, 0xE6,
    0xF4, 0x2C, 0x9F, 0xF2, 0x8B, 0x53, 0xC2, 0xBC, 0xA0, 0x4D, 0x9C, 0x00, 0x47, 0x64, 0x42, 0x77,
    0x85, 0x8C, 0xE8, 0xE2, 0x51, 0x80, 0x3E, 0x68, 0x0E, 0xA1, 0x61, 0xBA, 0xD0, 0xEC, 0xCC, 0xED,
    0x74, 0x63, 0xAE, 0x9C, 0x80, 0x5F, 0x34, 0x81, 0xCB, 0x39, 0x52, 0xE1, 0x2D, 0x11, 0xF2, 0x74,
    0x53, 0x01, 0xDD, 0xD6, 0x44, 0x5D, 0xA6, 0x74, 0x18, 0x3C, 0x68, 0x6C, 0x8A, 0xDE, 0x94, 0xBC,
    0x1A, 0xD8, 0xB8, 0x86, 0x35, 0xAA, 0x41, 0x8D, 0x69, 0x48, 0x23, 0x1A, 0xD0, 0x78, 0x05, 0x77,
    0xE1, 0xC2, 0x4E, 0x57, 0x3B, 0x79, 0x4C, 0x95, 0x56, 0x76, 0x90, 0xD6, 0x47, 0x27, 0x69, 0x20,
    0x2D, 0xB9, 0xE0, 0x19, 0xA4, 0x7D, 0x70, 0x07, 0x6F, 0xEA, 0x8E, 0x79, 0xC9, 0xD7, 0xAF, 0x7A,
    0x3D, 0x1E, 0x58, 0x10, 0x69, 0xEC, 0xE7, 0x68, 0x34, 0xF9, 0x71, 0x5B, 0xC3, 0x99, 0xF5, 0x28,
    0x57, 0xBF, 0x60, 0x8E, 0xB0, 0x7E, 0x3D, 0x72, 0xC3, 0xAC, 0xC8, 0x3A, 0xE6, 0x69, 0x2D, 0xF3,
    0x34, 0xB2, 0x2F, 0x4D, 0xA3, 0x74, 0x9D, 0x3F, 0x58, 0x64, 0xFF, 0x3F, 0xAD, 0x71, 0x49, 0xB0,
    0xCE, 0xBF, 0x52, 0x6E, 0x9D, 0x93, 0x6D, 0x91, 0x31, 0x7D, 0x6E, 0xB0, 0x16, 0xB8, 0xC1, 0x8A,
    0xE0, 0xD9, 0x67, 0xB1, 0x52, 0xC7, 0x96, 0x1B, 0xF1, 0x6B, 0x2E, 0x85, 0xEF, 0x66, 0xBD, 0x50,
    0xC3, 0xE7, 0x26, 0x91, 0x7D, 0x51, 0x7C, 0x4D, 0xE4, 0xDE, 0x77, 0xAA, 0x4D, 0x19, 0x8D, 0xB2,
    0x87, 0xFA, 0xED, 0xAA, 0xF7, 0x5D, 0xCF, 0xE2, 0xFB, 0xBA, 0x67, 0xDF, 0xB6, 0xF8, 0xB6, 0xD5,
    0x37, 0xA1, 0x3E, 0x99, 0xF9, 0xAA, 0xF7, 0xBD, 0xEF, 0x50, 0x7D, 0x43, 0x79, 0xC1, 0x7D, 0xCC,
    0x8F, 0x28, 0x93, 0xF9, 0x3A, 0x19, 0xCD, 0xB7, 0x15, 0xFC, 0x01, 0x15, 0xCB, 0xB1, 0x09, 0x80,
    0x30, 0x14, 0x06, 0xE1, 0x1F, 0x05, 0xAB, 0x0C, 0x60, 0x29, 0x68, 0x2B, 0x58, 0x5B, 0xB9, 0x8B,
    0x8B, 0x64, 0x84, 0x8C, 0x74, 0xC6, 0x46, 0xC1, 0xC2, 0xD2, 0xD2, 0x11, 0xB2, 0xC1, 0xF3, 0x09,
    0xF7, 0x95, 0x67, 0x66, 0xF1, 0x56, 0x45, 0x71, 0x8F, 0x02, 0x97, 0x5A, 0xB2, 0x26, 0xF2, 0x92,
    0x80, 0x08, 0xAB, 0x60, 0x76, 0xC1, 0x8D, 0xAE, 0x77, 0x5B, 0xFC, 0x63, 0x57, 0xC7, 0xA9, 0x81,
    0xC3, 0xBF, 0xA2, 0x86, 0x57, 0x35, 0x66, 0xC6, 0x07,
};

static const EpdGlyph lexenddeca_14_bolditalicGlyphs[] = {
    { 0, 0, 0, 0, 0, 0, 0 }, // U+0000
    { 0, 0, 0, 0, 0, 0, 0 }, // U+0001
    { 0, 0, 0, 0, 0, 0, 0 }, // U+0002
    { 0, 0, 0, 0, 0, 0, 0 }, // U+0003
    { 0, 0, 0, 0, 0, 0, 0 }, // U+0004
    { 0, 0, 0, 0, 0, 0, 0 }, // U+0005
    { 0, 0, 0, 0, 0, 0, 0 }, // U+0006
    { 0, 0, 0, 0, 0, 0, 0 }, // U+0007
    { 0, 0, 0, 0, 0, 0, 0 }, // U+0008
    { 0, 0, 0, 0, 0, 0, 0 }, // U+0009
    { 0, 0, 0, 0, 0, 0, 0 }, // U+000A
    { 0, 0, 0, 0, 0, 0, 0 }, // U+000B
    { 0, 0, 0, 0, 0, 0, 0 }, // U+000C
    { 0, 0, 0, 0, 0, 0, 0 }, // U+000D
    { 0, 0, 0, 0, 0, 0, 0 }, // U+000E
    { 0, 0, 0, 0, 0, 0, 0 }, // U+000F
    { 0, 0, 0, 0, 0, 0, 0 }, // U+0010
    { 0, 0, 0, 0, 0, 0, 0 }, // U+0011
    { 0, 0, 0, 0, 0, 0, 0 }, // U+0012
    { 0, 0, 0, 0, 0, 0, 0 }, // U+0013
    { 0, 0, 0, 0, 0, 0, 0 }, // U+0014
    { 0, 0, 0, 0, 0, 0, 0 }, // U+0015
    { 0, 0, 0, 0, 0, 0, 0 }, // U+0016
    { 0, 0, 0, 0, 0, 0, 0 }, // U+0017
    { 0, 0, 0, 0, 0, 0, 0 }, // U+0018
    { 0, 0, 0, 0, 0, 0, 0 }, // U+0019
    { 0, 0, 0, 0, 0, 0, 0 }, // U+001A
    { 0, 0, 0, 0, 0, 0, 0 }, // U+001B
    { 0, 0, 0, 0, 0, 0, 0 }, // U+001C
    { 0, 0, 0, 0, 0, 0, 0 }, // U+001D
    { 0, 0, 0, 0, 0, 0, 0 }, // U+001E
    { 0, 0, 0, 0, 0, 0, 0 }, // U+001F
    { 0, 0, 149, 0, 0, 0, 0 }, // U+0020
    { 11, 20, 139, -1, 20, 55, 0 }, // !
    { 11, 7, 207, 2, 20, 20, 55 }, // "
    { 22, 20, 350, 0, 20, 110, 75 }, // #
    { 18, 25, 300, 0, 23, 113, 185 }, // $
    { 28, 20, 487, 1, 20, 140, 298 }, // %
    { 21, 21, 319, -1, 21, 111, 438 }, // &
    { 5, 7, 120, 2, 20, 9, 549 }, // '
    { 12, 25, 176, 0, 20, 75, 558 }, // (
    { 12, 25, 176, -2, 20, 75, 633 }, // )
    { 10, 11, 207, 2, 20, 28, 708 }, // *
    { 16, 15, 301, 1, 15, 60, 736 }, // +
    { 8, 10, 132, -2, 5, 20, 796 }, // ,
    { 11, 4, 175, 0, 9, 11, 816 }, // -
    { 7, 6, 115, -1, 6, 11, 827 }, // .
    { 17, 20, 206, -2, 20, 85, 838 }, // /
    { 18, 20, 308, 1, 20, 90, 923 }, // 0
    { 11, 20, 212, 2, 20, 55, 1013 }, // 1
    { 19, 20, 274, -2, 20, 95, 1068 }, // 2
    { 17, 20, 289, 0, 20, 85, 1163 }, // 3
    { 19, 20, 302, -1, 20, 95, 1248 }, // 4
    { 18, 20, 288, 0, 20, 90, 1343 }, // 5
    { 16, 20, 294, 1, 20, 80, 1433 }, // 6
    { 18, 20, 262, 0, 20, 90, 1513 }, // 7
    { 17, 20, 291, 0, 20, 85, 1603 }, // 8
    { 16, 20, 269, 1, 20, 80, 1688 }, // 9
    { 8, 15, 115, -1, 15, 30, 1768 }, // :
    { 9, 20, 115, -2, 15, 45, 1798 }, // ;
    { 16, 16, 299, 0, 15, 64, 1843 }, // <
    { 16, 9, 320, 1, 12, 36, 1907 }, // =
    { 15, 16, 298, 2, 15, 60, 1943 }, // >
    { 17, 20, 296, 2, 20, 85, 2003 }, // ?
    { 20, 20, 351, 1, 20, 100, 2088 }, // @
    { 21, 20, 326, -2, 20, 105, 2188 }, // A
    { 20, 20, 300, -1, 20, 100, 2293 }, // B
    { 20, 20, 314, 0, 20, 100, 2393 }, // C
    { 21, 20, 322, -1, 20, 105, 2493 }, // D
    { 20, 20, 272, -1, 20, 100, 2598 }, // E
    { 19, 20, 254, -1, 20, 95, 2698 }, // F
    { 21, 20, 342, 0, 20, 105, 2793 }, // G
    { 22, 20, 324, -1, 20, 110, 2898 }, // H
    { 15, 20, 214, -1, 20, 75, 3008 }, // I
    { 19, 20, 264, -1, 20, 95, 3083 }, // J
    { 22, 20, 307, -1, 20, 110, 3178 }, // K
    { 16, 20, 253, -1, 20, 80, 3288 }, // L
    { 27, 20, 400, -1, 20, 135, 3368 }, // M
    { 23, 20, 334, -1, 20, 115, 3503 }, // N
    { 22, 20, 356, 0, 20, 110, 3618 }, // O
    { 20, 20, 293, -1, 20, 100, 3728 }, // P
    { 21, 23, 361, 1, 20, 121, 3828 }, // Q
    { 20, 20, 301, -1, 20, 100, 3949 }, // R
    { 18, 20, 300, 0, 20, 90, 4049 }, // S
    { 19, 20, 288, 1, 20, 95, 4139 }, // T
    { 21, 20, 317, 0, 20, 105, 4234 }, // U
    { 20, 20, 309, 2, 20, 100, 4339 }, // V
    { 26, 20, 415, 2, 20, 130, 4439 }, // W
    { 25, 20, 330, -2, 20, 125, 4569 }, // X
    { 21, 20, 327, 2, 20, 105, 4694 }, // Y
    { 22, 20, 295, -2, 20, 110, 4799 }, // Z
    { 14, 25, 159, -2, 20, 88, 4909 }, // [
    { 13, 20, 273, 2, 20, 65, 4997 }, // <backslash>
    { 14, 25, 160, -3, 20, 88, 5062 }, // ]
    { 15, 11, 275, 1, 20, 42, 5150 }, // ^
    { 13, 4, 213, -1, 0, 13, 5192 }, // _
    { 7, 5, 147, 3, 22, 9, 5205 }, // `
    { 16, 15, 254, -1, 15, 60, 5214 }, // a
    { 18, 20, 276, -1, 20, 90, 5274 }, // b
    { 15, 15, 248, 0, 15, 57, 5364 }, // c
    { 18, 20, 276, 0, 20, 90, 5421 }, // d
    { 16, 15, 265, 0, 15, 60, 5511 }, // e
    { 13, 22, 177, 0, 22, 72, 5571 }, // f
    { 18, 21, 277, -1, 15, 95, 5643 }, // g
    { 17, 20, 271, -1, 20, 85, 5738 }, // h
    { 11, 22, 158, 0, 22, 61, 5823 }, // i
    { 15, 27, 123, -6, 22, 102, 5884 }, // j
    { 19, 20, 262, -1, 20, 95, 5986 }, // k
    { 9, 20, 148, 0, 20, 45, 6081 }, // l
    { 26, 15, 418, -1, 15, 98, 6126 }, // m
    { 17, 15, 270, -1, 15, 64, 6224 }, // n
    { 16, 15, 269, 0, 15, 60, 6288 }, // o
    { 19, 20, 275, -2, 15, 95, 6348 }, // p
    { 18, 20, 281, 0, 15, 90, 6443 }, // q
    { 13, 15, 182, -1, 15, 49, 6533 }, // r
    { 15, 15, 240, -1, 15, 57, 6582 }, // s
    { 12, 18, 182, 0, 18, 54, 6639 }, // t
    { 17, 15, 270, 0, 15, 64, 6693 }, // u
    { 16, 15, 249, 1, 15, 60, 6757 }, // v
    { 22, 15, 339, 1, 15, 83, 6817 }, // w
    { 20, 15, 250, -3, 15, 75, 6900 }, // x
    { 19, 20, 246, -2, 15, 95, 6975 }, // y
    { 18, 15, 246, -2, 15, 68, 7070 }, // z
    { 13, 25, 174, -1, 20, 82, 7138 }, // {
    { 5, 25, 140, 1, 20, 32, 7220 }, // |
    { 14, 25, 174, -3, 20, 88, 7252 }, // }
    { 15, 8, 249, 0, 12, 30, 7340 }, // ~
    { 0, 0, 0, 0, 0, 0, 7370 }, // U+007F
    { 0, 0, 0, 0, 0, 0, 0 }, // U+0080
    { 0, 0, 0, 0, 0, 0, 0 }, // U+0081
    { 0, 0, 0, 0, 0, 0, 0 }, // U+0082
    { 0, 0, 0, 0, 0, 0, 0 }, // U+0083
    { 0, 0, 0, 0, 0, 0, 0 }, // U+0084
    { 0, 0, 0, 0, 0, 0, 0 }, // U+0085
    { 0, 0, 0, 0, 0, 0, 0 }, // U+0086
    { 0, 0, 0, 0, 0, 0, 0 }, // U+0087
    { 0, 0, 0, 0, 0, 0, 0 }, // U+0088
    { 0, 0, 0, 0, 0, 0, 0 }, // U+0089
    { 0, 0, 0, 0, 0, 0, 0 }, // U+008A
    { 0, 0, 0, 0, 0, 0, 0 }, // U+008B
    { 0, 0, 0, 0, 0, 0, 0 }, // U+008C
    { 0, 0, 0, 0, 0, 0, 0 }, // U+008D
    { 0, 0, 0, 0, 0, 0, 0 }, // U+008E
    { 0, 0, 0, 0, 0, 0, 0 }, // U+008F
    { 0, 0, 0, 0, 0, 0, 0 }, // U+0090
    { 0, 0, 0, 0, 0, 0, 0 }, // U+0091
    { 0, 0, 0, 0, 0, 0, 0 }, // U+0092
    { 0, 0, 0, 0, 0, 0, 0 }, // U+0093
    { 0, 0, 0, 0, 0, 0, 0 }, // U+0094
    { 0, 0, 0, 0, 0, 0, 0 }, // U+0095
    { 0, 0, 0, 0, 0, 0, 0 }, // U+0096
    { 0, 0, 0, 0, 0, 0, 0 }, // U+0097
    { 0, 0, 0, 0, 0, 0, 0 }, // U+0098
    { 0, 0, 0, 0, 0, 0, 0 }, // U+0099
    { 0, 0, 0, 0, 0, 0, 0 }, // U+009A
    { 0, 0, 0, 0, 0, 0, 0 }, // U+009B
    { 0, 0, 0, 0, 0, 0, 0 }, // U+009C
    { 0, 0, 0, 0, 0, 0, 0 }, // U+009D
    { 0, 0, 0, 0, 0, 0, 0 }, // U+009E
    { 0, 0, 0, 0, 0, 0, 0 }, // U+009F
    { 0, 0, 149, 0, 0, 0, 0 }, // U+00A0
    { 10, 20, 139, -2, 15, 50, 0 }, // U+00A1
    { 15, 20, 248, 0, 17, 75, 50 }, // U+00A2
    { 19, 20, 288, 0, 20, 95, 125 }, // U+00A3
    { 15, 15, 316, 2, 17, 57, 220 }, // U+00A4
    { 21, 20, 327, 2, 20, 105, 277 }, // U+00A5
    { 5, 25, 131, 1, 20, 32, 382 }, // U+00A6
    { 19, 25, 263, -2, 20, 119, 414 }, // U+00A7
    { 11, 4, 212, 3, 21, 11, 533 }, // U+00A8
    { 21, 21, 380, 1, 21, 111, 544 }, // U+00A9
    { 10, 9, 184, 2, 21, 23, 655 }, // U+00AA
    { 18, 12, 310, 1, 13, 54, 678 }, // U+00AB
    { 16, 11, 325, 2, 13, 44, 732 }, // U+00AC
    { 0, 0, 0, 0, 0, 0, 776 }, // U+00AD
    { 21, 21, 380, 1, 21, 111, 776 }, // U+00AE
    { 10, 4, 189, 3, 21, 10, 887 }, // U+00AF
    { 10, 10, 192, 2, 20, 25, 897 }, // U+00B0
    { 16, 15, 327, 1, 15, 60, 922 }, // U+00B1
    { 11, 11, 190, 2, 23, 31, 982 }, // U+00B2
    { 11, 11, 198, 2, 23, 31, 1013 }, // U+00B3
    { 7, 5, 149, 3, 22, 9, 1044 }, // U+00B4
    { 19, 20, 280, -2, 15, 95, 1053 }, // U+00B5
    { 16, 25, 247, 1, 20, 100, 1148 }, // U+00B6
    { 6, 6, 142, 1, 10, 9, 1248 }, // U+00B7
    { 8, 7, 150, -2, 1, 14, 1257 }, // U+00B8
    { 7, 11, 137, 3, 23, 20, 1271 }, // U+00B9
    { 10, 9, 192, 2, 21, 23, 1291 }, // U+00BA
    { 19, 12, 311, -1, 13, 57, 1314 }, // U+00BB
    { 23, 20, 434, 2, 20, 115, 1371 }, // U+00BC
    { 23, 20, 429, 2, 20, 115, 1486 }, // U+00BD
    { 24, 20, 447, 2, 20, 120, 1601 }, // U+00BE
    { 17, 20, 296, -1, 15, 85, 1721 }, // U+00BF
    { 21, 27, 326, -2, 27, 142, 1806 }, // U+00C0
    { 21, 27, 326, -2, 27, 142, 1948 }, // U+00C1
    { 21, 27, 326, -2, 27, 142, 2090 }, // U+00C2
    { 22, 26, 326, -2, 26, 143, 2232 }, // U+00C3
    { 21, 26, 326, -2, 26, 137, 2375 }, // U+00C4
    { 21, 26, 326, -2, 26, 137, 2512 }, // U+00C5
    { 34, 20, 474, -2, 20, 170, 2649 }, // U+00C6
    { 20, 26, 314, 0, 20, 130, 2819 }, // U+00C7
    { 20, 27, 272, -1, 27, 135, 2949 }, // U+00C8
    { 20, 27, 272, -1, 27, 135, 3084 }, // U+00C9
    { 20, 27, 272, -1, 27, 135, 3219 }, // U+00CA
    { 20, 26, 272, -1, 26, 130, 3354 }, // U+00CB
    { 15, 27, 214, -1, 27, 102, 3484 }, // U+00CC
    { 15, 27, 214, -1, 27, 102, 3586 }, // U+00CD
    { 17, 27, 214, -1, 27, 115, 3688 }, // U+00CE
    { 16, 26, 214, -1, 26, 104, 3803 }, // U+00CF
    { 21, 20, 344, 0, 20, 105, 3907 }, // U+00D0
    { 23, 26, 334, -1, 26, 150, 4012 }, // U+00D1
    { 22, 27, 356, 0, 27, 149, 4162 }, // U+00D2
    { 22, 27, 356, 0, 27, 149, 4311 }, // U+00D3
    { 22, 27, 356, 0, 27, 149, 4460 }, // U+00D4
    { 22, 26, 356, 0, 26, 143, 4609 }, // U+00D5
    { 22, 26, 356, 0, 26, 143, 4752 }, // U+00D6
    { 14, 14, 288, 1, 14, 49, 4895 }, // U+00D7
    { 22, 21, 355, 0, 21, 116, 4944 }, // U+00D8
    { 21, 27, 317, 0, 27, 142, 5060 }, // U+00D9
    { 21, 27, 317, 0, 27, 142, 5202 }, // U+00DA
    { 21, 27, 317, 0, 27, 142, 5344 }, // U+00DB
    { 21, 26, 317, 0, 26, 137, 5486 }, // U+00DC
    { 21, 27, 327, 2, 27, 142, 5623 }, // U+00DD
    { 19, 20, 291, -1, 20, 95, 5765 }, // U+00DE
    { 19, 20, 295, -1, 20, 95, 5860 }, // U+00DF
    { 16, 22, 254, -1, 22, 88, 5955 }, // U+00E0
    { 16, 22, 254, -1, 22, 88, 6043 }, // U+00E1
    { 17, 22, 254, -1, 22, 94, 6131 }, // U+00E2
    { 17, 20, 254, -1, 20, 85, 6225 }, // U+00E3
    { 16, 21, 254, -1, 21, 84, 6310 }, // U+00E4
    { 16, 24, 254, -1, 24, 96, 6394 }, // U+00E5
    { 26, 15, 414, -1, 15, 98, 6490 }, // U+00E6
    { 15, 21, 248, 0, 15, 79, 6588 }, // U+00E7
    { 16, 22, 265, 0, 22, 88, 6667 }, // U+00E8
    { 16, 22, 265, 0, 22, 88, 6755 }, // U+00E9
    { 16, 22, 265, 0, 22, 88, 6843 }, // U+00EA
    { 16, 21, 265, 0, 21, 84, 6931 }, // U+00EB
    { 10, 22, 152, 0, 22, 55, 7015 }, // U+00EC
    { 12, 22, 152, 0, 22, 66, 7070 }, // U+00ED
    { 13, 22, 152, 0, 22, 72, 7136 }, // U+00EE
    { 12, 21, 152, 0, 21, 63, 7208 }, // U+00EF
    { 16, 22, 271, 0, 22, 88, 7271 }, // U+00F0
    { 18, 20, 270, -1, 20, 90, 7359 }, // U+00F1
    { 16, 22, 269, 0, 22, 88, 7449 }, // U+00F2
    { 16, 22, 269, 0, 22, 88, 7537 }, // U+00F3
    { 16, 22, 269, 0, 22, 88, 7625 }, // U+00F4
    { 16, 20, 269, 0, 20, 80, 7713 }, // U+00F5
    { 16, 21, 269, 0, 21, 84, 7793 }, // U+00F6
    { 16, 15, 301, 1, 15, 60, 7877 }, // U+00F7
    { 18, 17, 269, -1, 16, 77, 7937 }, // U+00F8
    { 17, 22, 270, 0, 22, 94, 8014 }, // U+00F9
    { 17, 22, 270, 0, 22, 94, 8108 }, // U+00FA
    { 17, 22, 270, 0, 22, 94, 8202 }, // U+00FB
    { 17, 21, 270, 0, 21, 90, 8296 }, // U+00FC
    { 19, 26, 246, -2, 21, 124, 8386 }, // U+00FD
    { 19, 25, 275, -2, 20, 119, 8510 }, // U+00FE
    { 19, 26, 246, -2, 21, 124, 8629 }, // U+00FF
    { 21, 25, 326, -2, 25, 132, 0 }, // U+0100
    { 16, 20, 254, -1, 20, 80, 132 }, // U+0101
    { 21, 26, 326, -2, 26, 137, 212 }, // U+0102
    { 16, 21, 254, -1, 21, 84, 349 }, // U+0103
    { 21, 25, 326, -2, 20, 132, 433 }, // U+0104
    { 16, 20, 254, -1, 15, 80, 565 }, // U+0105
    { 20, 27, 314, 0, 27, 135, 645 }, // U+0106
    { 15, 22, 248, 0, 22, 83, 780 }, // U+0107
    { 20, 27, 314, 0, 27, 135, 863 }, // U+0108
    { 16, 22, 248, 0, 22, 88, 998 }, // U+0109
    { 20, 26, 314, 0, 26, 130, 1086 }, // U+010A
    { 15, 21, 248, 0, 21, 79, 1216 }, // U+010B
    { 20, 27, 314, 0, 27, 135, 1295 }, // U+010C
    { 17, 22, 248, 0, 22, 94, 1430 }, // U+010D
    { 21, 26, 322, -1, 26, 137, 1524 }, // U+010E
    { 23, 20, 304, 0, 20, 115, 1661 }, // U+010F
    { 21, 20, 348, 0, 20, 105, 1776 }, // U+0110
    { 20, 21, 298, 0, 21, 105, 1881 }, // U+0111
    { 20, 25, 272, -1, 25, 125, 1986 }, // U+0112
    { 16, 20, 265, 0, 20, 80, 2111 }, // U+0113
    { 20, 26, 272, -1, 26, 130, 2191 }, // U+0114
    { 16, 21, 265, 0, 21, 84, 2321 }, // U+0115
    { 20, 26, 272, -1, 26, 130, 2405 }, // U+0116
    { 16, 21, 265, 0, 21, 84, 2535 }, // U+0117
    { 20, 25, 272, -1, 20, 125, 2619 }, // U+0118
    { 16, 20, 265, 0, 15, 80, 2744 }, // U+0119
    { 20, 26, 272, -1, 26, 130, 2824 }, // U+011A
    { 17, 22, 265, 0, 22, 94, 2954 }, // U+011B
    { 21, 27, 342, 0, 27, 142, 3048 }, // U+011C
    { 18, 28, 277, -1, 22, 126, 3190 }, // U+011D
    { 21, 26, 342, 0, 26, 137, 3316 }, // U+011E
    { 18, 27, 277, -1, 21, 122, 3453 }, // U+011F
    { 21, 26, 342, 0, 26, 137, 3575 }, // U+0120
    { 18, 27, 277, -1, 21, 122, 3712 }, // U+0121
    { 21, 28, 342, 0, 20, 147, 3834 }, // U+0122
    { 18, 28, 277, -1, 22, 126, 3981 }, // U+0123
    { 22, 27, 324, -1, 27, 149, 4107 }, // U+0124
    { 17, 27, 271, -1, 27, 115, 4256 }, // U+0125
    { 23, 20, 345, 0, 20, 115, 4371 }, // U+0126
    { 17, 21, 301, 1, 21, 90, 4486 }, // U+0127
    { 17, 26, 214, -1, 26, 111, 4576 }, // U+0128
    { 13, 20, 152, 0, 20, 65, 4687 }, // U+0129
    { 16, 25, 214, -1, 25, 100, 4752 }, // U+012A
    { 12, 20, 152, 0, 20, 60, 4852 }, // U+012B
    { 16, 26, 214, -1, 26, 104, 4912 }, // U+012C
    { 13, 21, 152, 0, 21, 69, 5016 }, // U+012D
    { 15, 25, 214, -1, 20, 94, 5085 }, // U+012E
    { 12, 27, 158, -1, 22, 81, 5179 }, // U+012F
    { 15, 26, 214, -1, 26, 98, 5260 }, // U+0130
    { 10, 15, 152, 0, 15, 38, 5358 }, // U+0131
    { 32, 20, 478, -1, 20, 160, 5396 }, // U+0132
    { 19, 27, 281, 0, 22, 129, 5556 }, // U+0133
    { 23, 27, 264, -1, 27, 156, 5685 }, // U+0134
    { 18, 26, 123, -6, 21, 117, 5841 }, // U+0135
    { 22, 28, 307, -1, 20, 154, 5958 }, // U+0136
    { 19, 28, 262, -1, 20, 133, 6112 }, // U+0137
    { 19, 15, 262, -1, 15, 72, 6245 }, // U+0138
    { 16, 27, 253, -1, 27, 108, 6317 }, // U+0139
    { 11, 27, 148, 0, 27, 75, 6425 }, // U+013A
    { 16, 28, 253, -1, 20, 112, 6500 }, // U+013B
    { 11, 28, 148, -2, 20, 77, 6612 }, // U+013C
    { 17, 20, 253, -1, 20, 85, 6689 }, // U+013D
    { 13, 20, 161, 0, 20, 65, 6774 }, // U+013E
    { 16, 20, 253, -1, 20, 80, 6839 }, // U+013F
    { 14, 20, 226, 0, 20, 70, 6919 }, // U+0140
    { 17, 20, 278, -1, 20, 85, 6989 }, // U+0141
    { 12, 20, 160, -1, 20, 60, 7074 }, // U+0142
    { 23, 27, 334, -1, 27, 156, 7134 }, // U+0143
    { 17, 22, 270, -1, 22, 94, 7290 }, // U+0144
    { 23, 28, 334, -1, 20, 161, 7384 }, // U+0145
    { 17, 23, 270, -1, 15, 98, 7545 }, // U+0146
    { 23, 26, 334, -1, 26, 150, 7643 }, // U+0147
    { 19, 21, 270, -1, 21, 100, 7793 }, // U+0148
    { 21, 20, 391, 2, 20, 105, 7893 }, // U+0149
    { 23, 25, 334, -1, 20, 144, 7998 }, // U+014A
    { 17, 20, 270, -1, 15, 85, 8142 }, // U+014B
    { 22, 26, 356, 0, 26, 143, 8227 }, // U+014C
    { 16, 20, 269, 0, 20, 80, 8370 }, // U+014D
    { 22, 26, 356, 0, 26, 143, 8450 }, // U+014E
    { 16, 21, 269, 0, 21, 84, 8593 }, // U+014F
    { 22, 27, 356, 0, 27, 149, 8677 }, // U+0150
    { 18, 22, 269, 0, 22, 99, 8826 }, // U+0151
    { 34, 20, 511, 0, 20, 170, 8925 }, // U+0152
    { 28, 15, 437, -1, 15, 105, 9095 }, // U+0153
    { 20, 27, 301, -1, 27, 135, 9200 }, // U+0154
    { 14, 22, 182, -1, 22, 77, 9335 }, // U+0155
    { 20, 28, 301, -1, 20, 140, 9412 }, // U+0156
    { 16, 23, 182, -4, 15, 92, 9552 }, // U+0157
    { 20, 26, 301, -1, 26, 130, 9644 }, // U+0158
    { 16, 21, 182, -1, 21, 84, 9774 }, // U+0159
    { 18, 27, 300, 0, 27, 122, 9858 }, // U+015A
    { 15, 22, 240, -1, 22, 83, 9980 }, // U+015B
    { 18, 27, 300, 0, 27, 122, 10063 }, // U+015C
    { 16, 22, 240, -1, 22, 88, 10185 }, // U+015D
    { 18, 26, 300, 0, 20, 117, 10273 }, // U+015E
    { 15, 21, 240, -1, 15, 79, 10390 }, // U+015F
    { 19, 27, 300, 0, 27, 129, 10469 }, // U+0160
    { 17, 22, 240, -1, 22, 94, 10598 }, // U+0161
    { 19, 26, 288, 1, 20, 124, 10692 }, // U+0162
    { 13, 24, 182, -1, 18, 78, 10816 }, // U+0163
    { 19, 26, 288, 1, 26, 124, 10894 }, // U+0164
    { 15, 22, 185, 0, 22, 83, 11018 }, // U+0165
    { 19, 20, 288, 1, 20, 95, 11101 }, // U+0166
    { 13, 18, 182, -1, 18, 59, 11196 }, // U+0167
    { 21, 26, 317, 0, 26, 137, 11255 }, // U+0168
    { 17, 20, 270, 0, 20, 85, 11392 }, // U+0169
    { 21, 26, 317, 0, 26, 137, 11477 }, // U+016A
    { 17, 20, 270, 0, 20, 85, 11614 }, // U+016B
    { 21, 26, 317, 0, 26, 137, 11699 }, // U+016C
    { 17, 21, 270, 0, 21, 90, 11836 }, // U+016D
    { 21, 29, 317, 0, 29, 153, 11926 }, // U+016E
    { 17, 24, 270, 0, 24, 102, 12079 }, // U+016F
    { 21, 27, 317, 0, 27, 142, 12181 }, // U+0170
    { 18, 22, 270, 0, 22, 99, 12323 }, // U+0171
    { 21, 25, 317, 0, 20, 132, 12422 }, // U+0172
    { 17, 20, 270, 0, 15, 85, 12554 }, // U+0173
    { 26, 27, 415, 2, 27, 176, 12639 }, // U+0174
    { 22, 21, 339, 1, 21, 116, 12815 }, // U+0175
    { 21, 27, 327, 2, 27, 142, 12931 }, // U+0176
    { 19, 26, 246, -2, 21, 124, 13073 }, // U+0177
    { 21, 26, 327, 2, 26, 137, 13197 }, // U+0178
    { 22, 27, 295, -2, 27, 149, 13334 }, // U+0179
    { 18, 22, 246, -2, 22, 99, 13483 }, // U+017A
    { 22, 26, 295, -2, 26, 143, 13582 }, // U+017B
    { 18, 21, 246, -2, 21, 95, 13725 }, // U+017C
    { 22, 26, 295, -2, 26, 143, 13820 }, // U+017D
    { 19, 21, 246, -2, 21, 100, 13963 }, // U+017E
    { 13, 22, 177, 0, 22, 72, 14063 }, // U+017F
    { 25, 23, 357, 0, 23, 144, 0 }, // U+01A0
    { 20, 18, 277, 0, 18, 90, 144 }, // U+01A1
    { 25, 23, 322, 0, 23, 144, 234 }, // U+01AF
    { 20, 18, 275, 0, 18, 90, 378 }, // U+01B0
    { 41, 26, 617, -1, 26, 267, 468 }, // U+01C4
    { 38, 21, 569, -1, 21, 200, 735 }, // U+01C5
    { 34, 22, 523, 0, 22, 187, 935 }, // U+01C6
    { 34, 20, 518, -1, 20, 170, 1122 }, // U+01C7
    { 26, 27, 376, -1, 22, 176, 1292 }, // U+01C8
    { 18, 27, 271, 0, 22, 122, 1468 }, // U+01C9
    { 40, 20, 598, -1, 20, 200, 1590 }, // U+01CA
    { 31, 27, 456, -1, 22, 210, 1790 }, // U+01CB
    { 27, 27, 393, -1, 22, 183, 2000 }, // U+01CC
    { 22, 26, 326, -2, 26, 143, 2183 }, // U+01CD
    { 17, 22, 254, -1, 22, 94, 2326 }, // U+01CE
    { 21, 27, 317, 0, 27, 142, 2420 }, // U+01D3
    { 17, 22, 270, 0, 22, 94, 2562 }, // U+01D4
    { 21, 27, 342, 0, 27, 142, 2656 }, // U+01E6
    { 18, 28, 277, -1, 22, 126, 2798 }, // U+01E7
    { 22, 25, 356, 0, 20, 138, 2924 }, // U+01EA
    { 16, 20, 269, 0, 15, 80, 3062 }, // U+01EB
    { 41, 20, 617, -1, 20, 205, 3142 }, // U+01F1
    { 37, 20, 569, -1, 20, 185, 3347 }, // U+01F2
    { 33, 20, 523, 0, 20, 165, 3532 }, // U+01F3
    { 21, 33, 326, -2, 33, 174, 3697 }, // U+01FA
    { 17, 31, 254, -1, 31, 132, 3871 }, // U+01FB
    { 34, 27, 474, -2, 27, 230, 4003 }, // U+01FC
    { 26, 22, 414, -1, 22, 143, 4233 }, // U+01FD
    { 22, 27, 355, 0, 27, 149, 4376 }, // U+01FE
    { 18, 23, 269, -1, 22, 104, 4525 }, // U+01FF
    { 18, 28, 300, 0, 20, 126, 4629 }, // U+0218
    { 15, 23, 240, -1, 15, 87, 4755 }, // U+0219
    { 19, 28, 288, 1, 20, 133, 4842 }, // U+021A
    { 13, 26, 182, -1, 18, 85, 4975 }, // U+021B
    { 22, 26, 324, -1, 26, 143, 5060 }, // U+021E
    { 17, 26, 271, -1, 26, 111, 5203 }, // U+021F
    { 7, 5, 0, 3, 22, 9, 0 }, // U+0300
    { 7, 5, 0, 3, 22, 9, 9 }, // U+0301
    { 13, 5, 0, 2, 22, 17, 18 }, // U+0302
    { 13, 4, 0, 2, 21, 13, 35 }, // U+0303
    { 10, 4, 0, 3, 21, 10, 48 }, // U+0304
    { 12, 4, 0, 2, 21, 12, 58 }, // U+0306
    { 5, 4, 0, 3, 21, 5, 70 }, // U+0307
    { 11, 4, 0, 2, 21, 11, 75 }, // U+0308
    { 8, 6, 73, 0, 23, 12, 86 }, // U+0309
    { 9, 8, 0, 3, 24, 18, 98 }, // U+030A
    { 13, 5, 0, 2, 22, 17, 116 }, // U+030B
    { 13, 5, 0, 3, 22, 17, 133 }, // U+030C
    { 11, 7, 151, 0, 20, 20, 150 }, // U+031B
    { 7, 5, 96, -2, -2, 9, 170 }, // U+0323
    { 8, 7, 0, -3, -1, 14, 179 }, // U+0326
    { 8, 7, 0, -2, 1, 14, 193 }, // U+0327
    { 8, 5, 0, -2, 0, 10, 207 }, // U+0328
    { 0, 0, 0, 0, 0, 0, 217 }, // U+034F
    { 21, 27, 326, -2, 20, 142, 0 }, // U+1EA0
    { 16, 22, 254, -1, 15, 88, 142 }, // U+1EA1
    { 21, 27, 326, -2, 27, 142, 230 }, // U+1EA2
    { 16, 23, 254, -1, 23, 92, 372 }, // U+1EA3
    { 27, 30, 326, -2, 30, 203, 464 }, // U+1EA4
    { 22, 26, 254, -1, 26, 143, 667 }, // U+1EA5
    { 25, 29, 326, -2, 29, 182, 810 }, // U+1EA6
    { 20, 25, 254, -1, 25, 125, 992 }, // U+1EA7
    { 26, 30, 326, -2, 30, 195, 1117 }, // U+1EA8
    { 20, 26, 254, -1, 26, 130, 1312 }, // U+1EA9
    { 23, 32, 326, -2, 32, 184, 1442 }, // U+1EAA
    { 18, 28, 254, -1, 28, 126, 1626 }, // U+1EAB
    { 21, 34, 326, -2, 27, 179, 1752 }, // U+1EAC
    { 17, 29, 254, -1, 22, 124, 1931 }, // U+1EAD
    { 21, 32, 326, -2, 32, 168, 2055 }, // U+1EAE
    { 17, 28, 254, -1, 28, 119, 2223 }, // U+1EAF
    { 21, 32, 326, -2, 32, 168, 2342 }, // U+1EB0
    { 16, 28, 254, -1, 28, 112, 2510 }, // U+1EB1
    { 21, 33, 326, -2, 33, 174, 2622 }, // U+1EB2
    { 17, 28, 254, -1, 28, 119, 2796 }, // U+1EB3
    { 23, 31, 326, -2, 31, 179, 2915 }, // U+1EB4
    { 18, 27, 254, -1, 27, 122, 3094 }, // U+1EB5
    { 21, 33, 326, -2, 26, 174, 3216 }, // U+1EB6
    { 16, 28, 254, -1, 21, 112, 3390 }, // U+1EB7
    { 20, 27, 272, -1, 20, 135, 3502 }, // U+1EB8
    { 16, 22, 265, 0, 15, 88, 3637 }, // U+1EB9
    { 20, 27, 272, -1, 27, 135, 3725 }, // U+1EBA
    { 16, 23, 265, 0, 23, 92, 3860 }, // U+1EBB
    { 20, 26, 272, -1, 26, 130, 3952 }, // U+1EBC
    { 16, 20, 265, 0, 20, 80, 4082 }, // U+1EBD
    { 24, 30, 272, -1, 30, 180, 4162 }, // U+1EBE
    { 21, 26, 265, 0, 26, 137, 4342 }, // U+1EBF
    { 23, 29, 272, -1, 29, 167, 4479 }, // U+1EC0
    { 20, 25, 265, 0, 25, 125, 4646 }, // U+1EC1
    { 23, 30, 272, -1, 30, 173, 4771 }, // U+1EC2
    { 20, 26, 265, 0, 26, 130, 4944 }, // U+1EC3
    { 21, 32, 272, -1, 32, 168, 5074 }, // U+1EC4
    { 18, 28, 265, 0, 28, 126, 5242 }, // U+1EC5
    { 20, 34, 272, -1, 27, 170, 5368 }, // U+1EC6
    { 16, 29, 265, 0, 22, 116, 5538 }, // U+1EC7
    { 15, 27, 214, -1, 27, 102, 5654 }, // U+1EC8
    { 12, 22, 152, 0, 22, 66, 5756 }, // U+1EC9
    { 15, 27, 214, -1, 20, 102, 5822 }, // U+1ECA
    { 11, 29, 158, 0, 22, 80, 5924 }, // U+1ECB
    { 22, 27, 356, 0, 20, 149, 6004 }, // U+1ECC
    { 16, 22, 269, 0, 15, 88, 6153 }, // U+1ECD
    { 22, 28, 356, 0, 28, 154, 6241 }, // U+1ECE
    { 16, 23, 269, 0, 23, 92, 6395 }, // U+1ECF
    { 26, 30, 356, 0, 30, 195, 6487 }, // U+1ED0
    { 21, 26, 269, 0, 26, 137, 6682 }, // U+1ED1
    { 24, 29, 356, 0, 29, 174, 6819 }, // U+1ED2
    { 19, 25, 269, 0, 25, 119, 6993 }, // U+1ED3
    { 25, 30, 356, 0, 30, 188, 7112 }, // U+1ED4
    { 20, 26, 269, 0, 26, 130, 7300 }, // U+1ED5
    { 22, 32, 356, 0, 32, 176, 7430 }, // U+1ED6
    { 18, 28, 269, 0, 28, 126, 7606 }, // U+1ED7
    { 22, 34, 356, 0, 27, 187, 7732 }, // U+1ED8
    { 16, 29, 269, 0, 22, 116, 7919 }, // U+1ED9
    { 25, 27, 357, 0, 27, 169, 8035 }, // U+1EDA
    { 20, 22, 277, 0, 22, 110, 8204 }, // U+1EDB
    { 25, 27, 357, 0, 27, 169, 8314 }, // U+1EDC
    { 20, 22, 277, 0, 22, 110, 8483 }, // U+1EDD
    { 25, 28, 357, 0, 28, 175, 8593 }, // U+1EDE
    { 20, 23, 277, 0, 23, 115, 8768 }, // U+1EDF
    { 25, 26, 357, 0, 26, 163, 8883 }, // U+1EE0
    { 20, 20, 277, 0, 20, 100, 9046 }, // U+1EE1
    { 25, 30, 357, 0, 23, 188, 9146 }, // U+1EE2
    { 20, 25, 277, 0, 18, 125, 9334 }, // U+1EE3
    { 21, 27, 317, 0, 20, 142, 9459 }, // U+1EE4
    { 17, 22, 270, 0, 15, 94, 9601 }, // U+1EE5
    { 21, 28, 317, 0, 28, 147, 9695 }, // U+1EE6
    { 17, 23, 270, 0, 23, 98, 9842 }, // U+1EE7
    { 25, 27, 322, 0, 27, 169, 9940 }, // U+1EE8
    { 20, 22, 275, 0, 22, 110, 10109 }, // U+1EE9
    { 25, 27, 322, 0, 27, 169, 10219 }, // U+1EEA
    { 20, 22, 275, 0, 22, 110, 10388 }, // U+1EEB
    { 25, 28, 322, 0, 28, 175, 10498 }, // U+1EEC
    { 20, 23, 275, 0, 23, 115, 10673 }, // U+1EED
    { 25, 26, 322, 0, 26, 163, 10788 }, // U+1EEE
    { 20, 20, 275, 0, 20, 100, 10951 }, // U+1EEF
    { 25, 30, 322, 0, 23, 188, 11051 }, // U+1EF0
    { 20, 25, 275, 0, 18, 125, 11239 }, // U+1EF1
    { 21, 27, 327, 2, 27, 142, 11364 }, // U+1EF2
    { 19, 26, 246, -2, 21, 124, 11506 }, // U+1EF3
    { 21, 27, 327, 2, 20, 142, 11630 }, // U+1EF4
    { 19, 22, 246, -2, 15, 105, 11772 }, // U+1EF5
    { 21, 27, 327, 2, 27, 142, 11877 }, // U+1EF6
    { 19, 27, 246, -2, 22, 129, 12019 }, // U+1EF7
    { 21, 26, 327, 2, 26, 137, 12148 }, // U+1EF8
    { 19, 25, 246, -2, 20, 119, 12285 }, // U+1EF9
    { 0, 0, 0, 0, 0, 0, 0 }, // U+200B
    { 0, 0, 0, 0, 0, 0, 0 }, // U+200C
    { 0, 0, 0, 0, 0, 0, 0 }, // U+200D
    { 0, 0, 0, 0, 0, 0, 0 }, // U+200E
    { 0, 0, 0, 0, 0, 0, 0 }, // U+200F
    { 10, 4, 157, 0, 9, 10, 0 }, // U+2010
    { 13, 4, 250, 1, 9, 13, 10 }, // U+2013
    { 23, 4, 406, 1, 9, 23, 23 }, // U+2014
    { 8, 10, 131, 1, 20, 20, 46 }, // U+2018
    { 8, 10, 132, 1, 20, 20, 66 }, // U+2019
    { 8, 10, 132, -2, 5, 20, 86 }, // U+201A
    { 15, 10, 236, 1, 20, 38, 106 }, // U+201C
    { 15, 10, 236, 1, 20, 38, 144 }, // U+201D
    { 14, 10, 236, -2, 5, 35, 182 }, // U+201E
    { 17, 20, 277, 1, 20, 85, 217 }, // U+2020
    { 18, 20, 278, 0, 20, 90, 302 }, // U+2021
    { 10, 10, 208, 1, 13, 25, 392 }, // U+2022
    { 22, 6, 377, -1, 6, 33, 417 }, // U+2026
    { 0, 0, 0, 0, 0, 0, 450 }, // U+202A
    { 0, 0, 0, 0, 0, 0, 450 }, // U+202B
    { 0, 0, 0, 0, 0, 0, 450 }, // U+202C
    { 0, 0, 0, 0, 0, 0, 450 }, // U+202D
    { 0, 0, 0, 0, 0, 0, 450 }, // U+202E
    { 41, 20, 687, 1, 20, 205, 450 }, // U+2030
    { 12, 12, 187, 0, 13, 36, 655 }, // U+2039
    { 12, 12, 188, -1, 13, 36, 691 }, // U+203A
    { 18, 20, 225, -2, 20, 90, 727 }, // U+2044
    { 0, 0, 0, 0, 0, 0, 817 }, // U+2060
    { 0, 0, 0, 0, 0, 0, 817 }, // U+2061
    { 0, 0, 0, 0, 0, 0, 817 }, // U+2062
    { 0, 0, 0, 0, 0, 0, 817 }, // U+2063
    { 0, 0, 0, 0, 0, 0, 817 }, // U+2064
    { 0, 0, 0, 0, 0, 0, 817 }, // U+2066
    { 0, 0, 0, 0, 0, 0, 817 }, // U+2067
    { 0, 0, 0, 0, 0, 0, 817 }, // U+2068
    { 0, 0, 0, 0, 0, 0, 817 }, // U+2069
    { 0, 0, 0, 0, 0, 0, 817 }, // U+206A
    { 0, 0, 0, 0, 0, 0, 817 }, // U+206B
    { 0, 0, 0, 0, 0, 0, 817 }, // U+206C
    { 0, 0, 0, 0, 0, 0, 817 }, // U+206D
    { 0, 0, 0, 0, 0, 0, 817 }, // U+206E
    { 0, 0, 0, 0, 0, 0, 817 }, // U+206F
    { 11, 11, 202, 2, 23, 31, 0 }, // U+2074
    { 21, 25, 298, -1, 21, 132, 0 }, // U+20AB
    { 22, 20, 329, -1, 20, 110, 132 }, // U+20AC
    { 16, 21, 277, 0, 20, 84, 0 }, // U+2202
    { 16, 25, 369, 3, 20, 100, 84 }, // U+220F
    { 16, 25, 370, 3, 20, 100, 184 }, // U+2211
    { 15, 4, 301, 1, 9, 15, 284 }, // U+2212
    { 18, 20, 225, -2, 20, 90, 299 }, // U+2215
    { 6, 6, 131, 1, 10, 9, 389 }, // U+2219
    { 19, 25, 287, 0, 20, 119, 398 }, // U+221A
    { 20, 11, 353, 1, 13, 55, 517 }, // U+221E
    { 13, 26, 161, -2, 20, 85, 572 }, // U+222B
    { 14, 12, 260, 1, 13, 42, 657 }, // U+2248
    { 15, 15, 309, 2, 15, 57, 699 }, // U+2260
    { 15, 15, 316, 2, 15, 57, 756 }, // U+2264
    { 15, 15, 328, 2, 15, 57, 813 }, // U+2265
    { 23, 22, 333, 0, 22, 127, 0 }, // U+FB00
    { 20, 22, 300, 0, 22, 110, 127 }, // U+FB01
    { 20, 22, 325, 0, 22, 110, 237 }, // U+FB02
    { 30, 22, 456, 0, 22, 165, 347 }, // U+FB03
    { 29, 22, 481, 0, 22, 160, 512 }, // U+FB04
    { 13, 21, 316, 4, 21, 69, 0 }, // U+FFFD
};

static const EpdUnicodeInterval lexenddeca_14_bolditalicIntervals[] = {
    { 0x0, 0x17F, 0x0 },
    { 0x1A0, 0x1A1, 0x180 },
    { 0x1AF, 0x1B0, 0x182 },
    { 0x1C4, 0x1CE, 0x184 },
    { 0x1D3, 0x1D4, 0x18F },
    { 0x1E6, 0x1E7, 0x191 },
    { 0x1EA, 0x1EB, 0x193 },
    { 0x1F1, 0x1F3, 0x195 },
    { 0x1FA, 0x1FF, 0x198 },
    { 0x218, 0x21B, 0x19E },
    { 0x21E, 0x21F, 0x1A2 },
    { 0x300, 0x304, 0x1A4 },
    { 0x306, 0x30C, 0x1A9 },
    { 0x31B, 0x31B, 0x1B0 },
    { 0x323, 0x323, 0x1B1 },
    { 0x326, 0x328, 0x1B2 },
    { 0x34F, 0x34F, 0x1B5 },
    { 0x1EA0, 0x1EF9, 0x1B6 },
    { 0x200B, 0x2010, 0x210 },
    { 0x2013, 0x2014, 0x216 },
    { 0x2018, 0x201A, 0x218 },
    { 0x201C, 0x201E, 0x21B },
    { 0x2020, 0x2022, 0x21E },
    { 0x2026, 0x2026, 0x221 },
    { 0x202A, 0x202E, 0x222 },
    { 0x2030, 0x2030, 0x227 },
    { 0x2039, 0x203A, 0x228 },
    { 0x2044, 0x2044, 0x22A },
    { 0x2060, 0x2064, 0x22B },
    { 0x2066, 0x206F, 0x230 },
    { 0x2074, 0x2074, 0x23A },
    { 0x20AB, 0x20AC, 0x23B },
    { 0x2202, 0x2202, 0x23D },
    { 0x220F, 0x220F, 0x23E },
    { 0x2211, 0x2212, 0x23F },
    { 0x2215, 0x2215, 0x241 },
    { 0x2219, 0x221A, 0x242 },
    { 0x221E, 0x221E, 0x244 },
    { 0x222B, 0x222B, 0x245 },
    { 0x2248, 0x2248, 0x246 },
    { 0x2260, 0x2260, 0x247 },
    { 0x2264, 0x2265, 0x248 },
    { 0xFB00, 0xFB04, 0x24A },
    { 0xFFFD, 0xFFFD, 0x24F },
};

static const EpdFontGroup lexenddeca_14_bolditalicGroups[] = {
    { 0, 3702, 8013, 128, 0 },
    { 3702, 3151, 9444, 128, 128 },
    { 6853, 4166, 15284, 128, 256 },
    { 11019, 2232, 5764, 36, 384 },
    { 13251, 193, 245, 18, 420 },
    { 13444, 2471, 13332, 90, 438 },
    { 15915, 448, 890, 42, 528 },
    { 16363, 36, 33, 1, 570 },
    { 16399, 164, 270, 2, 571 },
    { 16563, 418, 924, 13, 573 },
    { 16981, 342, 704, 5, 586 },
    { 17323, 78, 84, 1, 591 },
};

static const EpdKernClassEntry lexenddeca_14_bolditalicKernLeftClasses[] = {
    { 0x0028, 1 }, // (
    { 0x002C, 2 }, // ,
    { 0x002D, 3 }, // -
    { 0x002E, 2 }, // .
    { 0x002F, 4 }, // /
    { 0x0031, 5 }, // 1
    { 0x0032, 6 }, // 2
    { 0x0034, 7 }, // 4
    { 0x0035, 8 }, // 5
    { 0x0036, 9 }, // 6
    { 0x0037, 10 }, // 7
    { 0x0038, 11 }, // 8
    { 0x0039, 12 }, // 9
    { 0x0041, 13 }, // A
    { 0x0042, 14 }, // B
    { 0x0043, 15 }, // C
    { 0x0044, 16 }, // D
    { 0x0045, 17 }, // E
    { 0x0046, 18 }, // F
    { 0x0047, 19 }, // G
    { 0x0049, 20 }, // I
    { 0x004A, 21 }, // J
    { 0x004B, 22 }, // K
    { 0x004C, 23 }, // L
    { 0x004F, 16 }, // O
    { 0x0050, 24 }, // P
    { 0x0051, 25 }, // Q
    { 0x0052, 26 }, // R
    { 0x0053, 27 }, // S
    { 0x0054, 28 }, // T
    { 0x0055, 29 }, // U
    { 0x0056, 30 }, // V
    { 0x0057, 31 }, // W
    { 0x0058, 32 }, // X
    { 0x0059, 33 }, // Y
    { 0x005A, 34 }, // Z
    { 0x0061, 35 }, // a
    { 0x0062, 36 }, // b
    { 0x0063, 37 }, // c
    { 0x0064, 38 }, // d
    { 0x0065, 39 }, // e
    { 0x0066, 40 }, // f
    { 0x0067, 41 }, // g
    { 0x0068, 42 }, // h
    { 0x006A, 43 }, // j
    { 0x006B, 44 }, // k
    { 0x006C, 45 }, // l
    { 0x006D, 42 }, // m
    { 0x006E, 42 }, // n
    { 0x006F, 36 }, // o
    { 0x0070, 36 }, // p
    { 0x0071, 46 }, // q
    { 0x0072, 47 }, // r
    { 0x0073, 48 }, // s
    { 0x0074, 49 }, // t
    { 0x0075, 50 }, // u
    { 0x0076, 51 }, // v
    { 0x0077, 52 }, // w
    { 0x0078, 53 }, // x
    { 0x0079, 51 }, // y
    { 0x007A, 54 }, // z
    { 0x00C0, 13 }, // U+00C0
    { 0x00C1, 13 }, // U+00C1
    { 0x00C2, 13 }, // U+00C2
    { 0x00C3, 13 }, // U+00C3
    { 0x00C4, 13 }, // U+00C4
    { 0x00C5, 13 }, // U+00C5
    { 0x00C6, 17 }, // U+00C6
    { 0x00C7, 15 }, // U+00C7
    { 0x00C8, 17 }, // U+00C8
    { 0x00C9, 17 }, // U+00C9
    { 0x00CA, 17 }, // U+00CA
    { 0x00CB, 17 }, // U+00CB
    { 0x00CC, 20 }, // U+00CC
    { 0x00CD, 20 }, // U+00CD
    { 0x00CE, 20 }, // U+00CE
    { 0x00CF, 20 }, // U+00CF
    { 0x00D0, 16 }, // U+00D0
    { 0x00D2, 16 }, // U+00D2
    { 0x00D3, 16 }, // U+00D3
    { 0x00D4, 16 }, // U+00D4
    { 0x00D5, 16 }, // U+00D5
    { 0x00D6, 16 }, // U+00D6
    { 0x00D8, 16 }, // U+00D8
    { 0x00D9, 29 }, // U+00D9
    { 0x00DA, 29 }, // U+00DA
    { 0x00DB, 29 }, // U+00DB
    { 0x00DC, 29 }, // U+00DC
    { 0x00DD, 33 }, // U+00DD
    { 0x00E0, 42 }, // U+00E0
    { 0x00E1, 42 }, // U+00E1
    { 0x00E2, 42 }, // U+00E2
    { 0x00E3, 42 }, // U+00E3
    { 0x00E4, 42 }, // U+00E4
    { 0x00E5, 42 }, // U+00E5
    { 0x00E6, 39 }, // U+00E6
    { 0x00E7, 37 }, // U+00E7
    { 0x00E8, 39 }, // U+00E8
    { 0x00E9, 39 }, // U+00E9
    { 0x00EA, 39 }, // U+00EA
    { 0x00EB, 39 }, // U+00EB
    { 0x00F0, 16 }, // U+00F0
    { 0x00F1, 42 }, // U+00F1
    { 0x00F2, 36 }, // U+00F2
    { 0x00F3, 36 }, // U+00F3
    { 0x00F4, 36 }, // U+00F4
    { 0x00F5, 36 }, // U+00F5
    { 0x00F6, 36 }, // U+00F6
    { 0x00F8, 36 }, // U+00F8
    { 0x00F9, 50 }, // U+00F9
    { 0x00FA, 50 }, // U+00FA
    { 0x00FB, 50 }, // U+00FB
    { 0x00FC, 50 }, // U+00FC
    { 0x00FD, 51 }, // U+00FD
    { 0x00FF, 51 }, // U+00FF
    { 0x0100, 13 }, // U+0100
    { 0x0101, 42 }, // U+0101
    { 0x0102, 13 }, // U+0102
    { 0x0103, 42 }, // U+0103
    { 0x0104, 13 }, // U+0104
    { 0x0105, 55 }, // U+0105
    { 0x0106, 15 }, // U+0106
    { 0x0107, 37 }, // U+0107
    { 0x0108, 15 }, // U+0108
    { 0x0109, 37 }, // U+0109
    { 0x010A, 15 }, // U+010A
    { 0x010B, 37 }, // U+010B
    { 0x010C, 15 }, // U+010C
    { 0x010D, 37 }, // U+010D
    { 0x010E, 16 }, // U+010E
    { 0x010F, 56 }, // U+010F
    { 0x0111, 40 }, // U+0111
    { 0x0112, 17 }, // U+0112
    { 0x0113, 39 }, // U+0113
    { 0x0114, 17 }, // U+0114
    { 0x0115, 39 }, // U+0115
    { 0x0116, 17 }, // U+0116
    { 0x0117, 39 }, // U+0117
    { 0x0118, 17 }, // U+0118
    { 0x0119, 39 }, // U+0119
    { 0x011A, 17 }, // U+011A
    { 0x011B, 39 }, // U+011B
    { 0x011C, 19 }, // U+011C
    { 0x011D, 41 }, // U+011D
    { 0x011E, 19 }, // U+011E
    { 0x011F, 41 }, // U+011F
    { 0x0120, 19 }, // U+0120
    { 0x0121, 41 }, // U+0121
    { 0x0122, 19 }, // U+0122
    { 0x0123, 41 }, // U+0123
    { 0x0125, 42 }, // U+0125
    { 0x0127, 42 }, // U+0127
    { 0x0128, 20 }, // U+0128
    { 0x012A, 20 }, // U+012A
    { 0x012C, 20 }, // U+012C
    { 0x012E, 20 }, // U+012E
    { 0x0130, 20 }, // U+0130
    { 0x0132, 21 }, // U+0132
    { 0x0133, 43 }, // U+0133
    { 0x0134, 21 }, // U+0134
    { 0x0135, 43 }, // U+0135
    { 0x0136, 22 }, // U+0136
    { 0x0137, 44 }, // U+0137
    { 0x0138, 44 }, // U+0138
    { 0x0139, 23 }, // U+0139
    { 0x013A, 57 }, // U+013A
    { 0x013B, 23 }, // U+013B
    { 0x013C, 57 }, // U+013C
    { 0x013E, 56 }, // U+013E
    { 0x013F, 23 }, // U+013F
    { 0x0141, 23 }, // U+0141
    { 0x0142, 57 }, // U+0142
    { 0x0144, 42 }, // U+0144
    { 0x0146, 42 }, // U+0146
    { 0x0148, 42 }, // U+0148
    { 0x0149, 42 }, // U+0149
    { 0x014B, 42 }, // U+014B
    { 0x014C, 16 }, // U+014C
    { 0x014D, 36 }, // U+014D
    { 0x014E, 16 }, // U+014E
    { 0x014F, 36 }, // U+014F
    { 0x0150, 16 }, // U+0150
    { 0x0151, 36 }, // U+0151
    { 0x0152, 17 }, // U+0152
    { 0x0153, 39 }, // U+0153
    { 0x0154, 26 }, // U+0154
    { 0x0155, 47 }, // U+0155
    { 0x0156, 26 }, // U+0156
    { 0x0157, 47 }, // U+0157
    { 0x0158, 26 }, // U+0158
    { 0x0159, 47 }, // U+0159
    { 0x015A, 27 }, // U+015A
    { 0x015B, 48 }, // U+015B
    { 0x015C, 27 }, // U+015C
    { 0x015D, 48 }, // U+015D
    { 0x015E, 27 }, // U+015E
    { 0x015F, 48 }, // U+015F
    { 0x0160, 27 }, // U+0160
    { 0x0161, 48 }, // U+0161
    { 0x0162, 28 }, // U+0162
    { 0x0163, 49 }, // U+0163
    { 0x0164, 28 }, // U+0164
    { 0x0165, 56 }, // U+0165
    { 0x0166, 28 }, // U+0166
    { 0x0167, 49 }, // U+0167
    { 0x0168, 29 }, // U+0168
    { 0x0169, 50 }, // U+0169
    { 0x016A, 29 }, // U+016A
    { 0x016B, 50 }, // U+016B
    { 0x016C, 29 }, // U+016C
    { 0x016D, 50 }, // U+016D
    { 0x016E, 29 }, // U+016E
    { 0x016F, 50 }, // U+016F
    { 0x0170, 29 }, // U+0170
    { 0x0171, 50 }, // U+0171
    { 0x0172, 29 }, // U+0172
    { 0x0173, 50 }, // U+0173
    { 0x0176, 33 }, // U+0176
    { 0x0177, 51 }, // U+0177
    { 0x0178, 33 }, // U+0178
    { 0x0179, 34 }, // U+0179
    { 0x017A, 54 }, // U+017A
    { 0x017B, 34 }, // U+017B
    { 0x017C, 54 }, // U+017C
    { 0x017D, 34 }, // U+017D
    { 0x017E, 54 }, // U+017E
    { 0x017F, 40 }, // U+017F
    { 0x01A0, 58 }, // U+01A0
    { 0x01A1, 59 }, // U+01A1
    { 0x01AF, 60 }, // U+01AF
    { 0x01B0, 61 }, // U+01B0
    { 0x01C4, 34 }, // U+01C4
    { 0x01C5, 54 }, // U+01C5
    { 0x01C6, 54 }, // U+01C6
    { 0x01C7, 21 }, // U+01C7
    { 0x01C8, 43 }, // U+01C8
    { 0x01C9, 43 }, // U+01C9
    { 0x01CA, 21 }, // U+01CA
    { 0x01CB, 43 }, // U+01CB
    { 0x01CC, 43 }, // U+01CC
    { 0x01CD, 13 }, // U+01CD
    { 0x01CE, 42 }, // U+01CE
    { 0x01D3, 29 }, // U+01D3
    { 0x01D4, 50 }, // U+01D4
    { 0x01E6, 19 }, // U+01E6
    { 0x01E7, 41 }, // U+01E7
    { 0x01EA, 16 }, // U+01EA
    { 0x01EB, 36 }, // U+01EB
    { 0x01F1, 34 }, // U+01F1
    { 0x01F2, 54 }, // U+01F2
    { 0x01F3, 54 }, // U+01F3
    { 0x01FB, 42 }, // U+01FB
    { 0x01FC, 17 }, // U+01FC
    { 0x01FD, 39 }, // U+01FD
    { 0x01FE, 16 }, // U+01FE
    { 0x01FF, 36 }, // U+01FF
    { 0x0218, 27 }, // U+0218
    { 0x0219, 48 }, // U+0219
    { 0x021A, 28 }, // U+021A
    { 0x021B, 49 }, // U+021B
    { 0x021F, 42 }, // U+021F
    { 0x1EA0, 13 }, // U+1EA0
    { 0x1EA1, 42 }, // U+1EA1
    { 0x1EA2, 13 }, // U+1EA2
    { 0x1EA3, 42 }, // U+1EA3
    { 0x1EA4, 13 }, // U+1EA4
    { 0x1EA5, 42 }, // U+1EA5
    { 0x1EA6, 13 }, // U+1EA6
    { 0x1EA7, 42 }, // U+1EA7
    { 0x1EA8, 13 }, // U+1EA8
    { 0x1EA9, 42 }, // U+1EA9
    { 0x1EAA, 13 }, // U+1EAA
    { 0x1EAB, 42 }, // U+1EAB
    { 0x1EAC, 13 }, // U+1EAC
    { 0x1EAD, 42 }, // U+1EAD
    { 0x1EAE, 13 }, // U+1EAE
    { 0x1EAF, 42 }, // U+1EAF
    { 0x1EB0, 13 }, // U+1EB0
    { 0x1EB1, 42 }, // U+1EB1
    { 0x1EB2, 13 }, // U+1EB2
    { 0x1EB3, 42 }, // U+1EB3
    { 0x1EB4, 13 }, // U+1EB4
    { 0x1EB5, 42 }, // U+1EB5
    { 0x1EB6, 13 }, // U+1EB6
    { 0x1EB7, 42 }, // U+1EB7
    { 0x1EB8, 17 }, // U+1EB8
    { 0x1EB9, 39 }, // U+1EB9
    { 0x1EBA, 17 }, // U+1EBA
    { 0x1EBB, 39 }, // U+1EBB
    { 0x1EBC, 17 }, // U+1EBC
    { 0x1EBD, 39 }, // U+1EBD
    { 0x1EBE, 17 }, // U+1EBE
    { 0x1EC0, 17 }, // U+1EC0
    { 0x1EC2, 17 }, // U+1EC2
    { 0x1EC4, 17 }, // U+1EC4
    { 0x1EC6, 17 }, // U+1EC6
    { 0x1EC7, 39 }, // U+1EC7
    { 0x1EC8, 20 }, // U+1EC8
    { 0x1ECA, 20 }, // U+1ECA
    { 0x1ECC, 16 }, // U+1ECC
    { 0x1ECD, 36 }, // U+1ECD
    { 0x1ECE, 16 }, // U+1ECE
    { 0x1ECF, 36 }, // U+1ECF
    { 0x1ED0, 16 }, // U+1ED0
    { 0x1ED2, 16 }, // U+1ED2
    { 0x1ED4, 16 }, // U+1ED4
    { 0x1ED6, 16 }, // U+1ED6
    { 0x1ED7, 36 }, // U+1ED7
    { 0x1ED8, 16 }, // U+1ED8
    { 0x1ED9, 36 }, // U+1ED9
    { 0x1EDA, 58 }, // U+1EDA
    { 0x1EDB, 59 }, // U+1EDB
    { 0x1EDC, 58 }, // U+1EDC
    { 0x1EDD, 59 }, // U+1EDD
    { 0x1EDE, 58 }, // U+1EDE
    { 0x1EDF, 59 }, // U+1EDF
    { 0x1EE0, 58 }, // U+1EE0
    { 0x1EE1, 59 }, // U+1EE1
    { 0x1EE2, 58 }, // U+1EE2
    { 0x1EE3, 59 }, // U+1EE3
    { 0x1EE8, 60 }, // U+1EE8
    { 0x1EE9, 61 }, // U+1EE9
    { 0x1EEA, 60 }, // U+1EEA
    { 0x1EEB, 61 }, // U+1EEB
    { 0x1EEC, 60 }, // U+1EEC
    { 0x1EED, 61 }, // U+1EED
    { 0x1EEE, 60 }, // U+1EEE
    { 0x1EEF, 61 }, // U+1EEF
    { 0x1EF0, 60 }, // U+1EF0
    { 0x1EF1, 61 }, // U+1EF1
    { 0x1EF2, 33 }, // U+1EF2
    { 0x1EF3, 51 }, // U+1EF3
    { 0x1EF4, 33 }, // U+1EF4
    { 0x1EF5, 51 }, // U+1EF5
    { 0x1EF6, 33 }, // U+1EF6
    { 0x1EF7, 51 }, // U+1EF7
    { 0x1EF8, 33 }, // U+1EF8
    { 0x1EF9, 51 }, // U+1EF9
    { 0x2013, 3 }, // U+2013
    { 0x2014, 3 }, // U+2014
    { 0x2019, 62 }, // U+2019
    { 0x201A, 2 }, // U+201A
    { 0x201D, 62 }, // U+201D
    { 0x201E, 2 }, // U+201E
    { 0x2026, 2 }, // U+2026
    { 0x20AB, 40 }, // U+20AB
    { 0xFB00, 40 }, // U+FB00
    { 0xFB02, 57 }, // U+FB02
    { 0xFB04, 57 }, // U+FB04
};

static const EpdKernClassEntry lexenddeca_14_bolditalicKernRightClasses[] = {
    { 0x0025, 1 }, // %
    { 0x0029, 2 }, // )
    { 0x002C, 3 }, // ,
    { 0x002D, 4 }, // -
    { 0x002E, 3 }, // .
    { 0x002F, 5 }, // /
    { 0x0031, 6 }, // 1
    { 0x0032, 7 }, // 2
    { 0x0034, 8 }, // 4
    { 0x0037, 9 }, // 7
    { 0x0038, 10 }, // 8
    { 0x0039, 11 }, // 9
    { 0x0041, 12 }, // A
    { 0x0043, 13 }, // C
    { 0x0047, 13 }, // G
    { 0x0049, 14 }, // I
    { 0x004A, 15 }, // J
    { 0x004F, 13 }, // O
    { 0x0051, 13 }, // Q
    { 0x0053, 16 }, // S
    { 0x0054, 17 }, // T
    { 0x0055, 18 }, // U
    { 0x0056, 19 }, // V
    { 0x0057, 20 }, // W
    { 0x0058, 21 }, // X
    { 0x0059, 22 }, // Y
    { 0x005A, 23 }, // Z
    { 0x0061, 24 }, // a
    { 0x0063, 25 }, // c
    { 0x0064, 25 }, // d
    { 0x0065, 25 }, // e
    { 0x0066, 26 }, // f
    { 0x0067, 27 }, // g
    { 0x0068, 28 }, // h
    { 0x0069, 29 }, // i
    { 0x006A, 30 }, // j
    { 0x006B, 28 }, // k
    { 0x006C, 31 }, // l
    { 0x006D, 32 }, // m
    { 0x006E, 32 }, // n
    { 0x006F, 25 }, // o
    { 0x0070, 33 }, // p
    { 0x0071, 25 }, // q
    { 0x0072, 32 }, // r
    { 0x0073, 34 }, // s
    { 0x0074, 35 }, // t
    { 0x0075, 36 }, // u
    { 0x0076, 37 }, // v
    { 0x0077, 38 }, // w
    { 0x0078, 39 }, // x
    { 0x0079, 37 }, // y
    { 0x007A, 40 }, // z
    { 0x00B0, 41 }, // U+00B0
    { 0x00C0, 12 }, // U+00C0
    { 0x00C1, 12 }, // U+00C1
    { 0x00C2, 12 }, // U+00C2
    { 0x00C3, 12 }, // U+00C3
    { 0x00C4, 12 }, // U+00C4
    { 0x00C5, 12 }, // U+00C5
    { 0x00C6, 42 }, // U+00C6
    { 0x00C7, 13 }, // U+00C7
    { 0x00CC, 14 }, // U+00CC
    { 0x00CD, 14 }, // U+00CD
    { 0x00CE, 14 }, // U+00CE
    { 0x00CF, 14 }, // U+00CF
    { 0x00D2, 13 }, // U+00D2
    { 0x00D3, 13 }, // U+00D3
    { 0x00D4, 13 }, // U+00D4
    { 0x00D5, 13 }, // U+00D5
    { 0x00D6, 13 }, // U+00D6
    { 0x00D8, 13 }, // U+00D8
    { 0x00D9, 18 }, // U+00D9
    { 0x00DA, 18 }, // U+00DA
    { 0x00DB, 18 }, // U+00DB
    { 0x00DC, 18 }, // U+00DC
    { 0x00DD, 43 }, // U+00DD
    { 0x00E0, 24 }, // U+00E0
    { 0x00E1, 24 }, // U+00E1
    { 0x00E2, 24 }, // U+00E2
    { 0x00E3, 24 }, // U+00E3
    { 0x00E4, 24 }, // U+00E4
    { 0x00E5, 24 }, // U+00E5
    { 0x00E6, 24 }, // U+00E6
    { 0x00E7, 25 }, // U+00E7
    { 0x00E8, 25 }, // U+00E8
    { 0x00E9, 25 }, // U+00E9
    { 0x00EA, 25 }, // U+00EA
    { 0x00EB, 25 }, // U+00EB
    { 0x00EC, 29 }, // U+00EC
    { 0x00ED, 29 }, // U+00ED
    { 0x00EE, 29 }, // U+00EE
    { 0x00EF, 29 }, // U+00EF
    { 0x00F0, 25 }, // U+00F0
    { 0x00F1, 32 }, // U+00F1
    { 0x00F2, 25 }, // U+00F2
    { 0x00F3, 25 }, // U+00F3
    { 0x00F4, 25 }, // U+00F4
    { 0x00F5, 25 }, // U+00F5
    { 0x00F6, 25 }, // U+00F6
    { 0x00F8, 25 }, // U+00F8
    { 0x00F9, 36 }, // U+00F9
    { 0x00FA, 36 }, // U+00FA
    { 0x00FB, 36 }, // U+00FB
    { 0x00FC, 36 }, // U+00FC
    { 0x00FD, 37 }, // U+00FD
    { 0x00FF, 37 }, // U+00FF
    { 0x0100, 12 }, // U+0100
    { 0x0101, 24 }, // U+0101
    { 0x0102, 12 }, // U+0102
    { 0x0103, 24 }, // U+0103
    { 0x0104, 12 }, // U+0104
    { 0x0105, 24 }, // U+0105
    { 0x0106, 13 }, // U+0106
    { 0x0107, 25 }, // U+0107
    { 0x0108, 13 }, // U+0108
    { 0x0109, 25 }, // U+0109
    { 0x010A, 13 }, // U+010A
    { 0x010B, 25 }, // U+010B
    { 0x010C, 13 }, // U+010C
    { 0x010D, 25 }, // U+010D
    { 0x010F, 25 }, // U+010F
    { 0x0111, 25 }, // U+0111
    { 0x0113, 25 }, // U+0113
    { 0x0115, 25 }, // U+0115
    { 0x0117, 25 }, // U+0117
    { 0x0119, 25 }, // U+0119
    { 0x011B, 25 }, // U+011B
    { 0x011C, 13 }, // U+011C
    { 0x011D, 27 }, // U+011D
    { 0x011E, 13 }, // U+011E
    { 0x011F, 27 }, // U+011F
    { 0x0120, 13 }, // U+0120
    { 0x0121, 27 }, // U+0121
    { 0x0122, 13 }, // U+0122
    { 0x0123, 27 }, // U+0123
    { 0x0125, 28 }, // U+0125
    { 0x0127, 28 }, // U+0127
    { 0x0128, 14 }, // U+0128
    { 0x0129, 29 }, // U+0129
    { 0x012A, 14 }, // U+012A
    { 0x012B, 29 }, // U+012B
    { 0x012C, 14 }, // U+012C
    { 0x012D, 29 }, // U+012D
    { 0x012E, 14 }, // U+012E
    { 0x012F, 29 }, // U+012F
    { 0x0130, 14 }, // U+0130
    { 0x0131, 29 }, // U+0131
    { 0x0132, 14 }, // U+0132
    { 0x0133, 29 }, // U+0133
    { 0x0134, 15 }, // U+0134
    { 0x0135, 44 }, // U+0135
    { 0x0137, 28 }, // U+0137
    { 0x0138, 28 }, // U+0138
    { 0x013A, 31 }, // U+013A
    { 0x013C, 31 }, // U+013C
    { 0x013E, 31 }, // U+013E
    { 0x0140, 31 }, // U+0140
    { 0x0142, 31 }, // U+0142
    { 0x0144, 32 }, // U+0144
    { 0x0146, 32 }, // U+0146
    { 0x0148, 32 }, // U+0148
    { 0x014B, 32 }, // U+014B
    { 0x014C, 13 }, // U+014C
    { 0x014D, 25 }, // U+014D
    { 0x014E, 13 }, // U+014E
    { 0x014F, 25 }, // U+014F
    { 0x0150, 13 }, // U+0150
    { 0x0151, 25 }, // U+0151
    { 0x0152, 13 }, // U+0152
    { 0x0153, 25 }, // U+0153
    { 0x0155, 32 }, // U+0155
    { 0x0157, 32 }, // U+0157
    { 0x0159, 32 }, // U+0159
    { 0x015A, 16 }, // U+015A
    { 0x015B, 34 }, // U+015B
    { 0x015C, 16 }, // U+015C
    { 0x015D, 34 }, // U+015D
    { 0x015E, 16 }, // U+015E
    { 0x015F, 34 }, // U+015F
    { 0x0160, 16 }, // U+0160
    { 0x0161, 34 }, // U+0161
    { 0x0162, 45 }, // U+0162
    { 0x0163, 35 }, // U+0163
    { 0x0164, 45 }, // U+0164
    { 0x0165, 35 }, // U+0165
    { 0x0166, 45 }, // U+0166
    { 0x0167, 35 }, // U+0167
    { 0x0168, 18 }, // U+0168
    { 0x0169, 36 }, // U+0169
    { 0x016A, 18 }, // U+016A
    { 0x016B, 36 }, // U+016B
    { 0x016C, 18 }, // U+016C
    { 0x016D, 36 }, // U+016D
    { 0x016E, 18 }, // U+016E
    { 0x016F, 36 }, // U+016F
    { 0x0170, 18 }, // U+0170
    { 0x0171, 36 }, // U+0171
    { 0x0172, 18 }, // U+0172
    { 0x0173, 36 }, // U+0173
    { 0x0176, 43 }, // U+0176
    { 0x0177, 37 }, // U+0177
    { 0x0178, 43 }, // U+0178
    { 0x0179, 23 }, // U+0179
    { 0x017A, 40 }, // U+017A
    { 0x017B, 23 }, // U+017B
    { 0x017C, 40 }, // U+017C
    { 0x017D, 23 }, // U+017D
    { 0x017E, 40 }, // U+017E
    { 0x017F, 26 }, // U+017F
    { 0x01A0, 13 }, // U+01A0
    { 0x01A1, 25 }, // U+01A1
    { 0x01C9, 31 }, // U+01C9
    { 0x01CC, 32 }, // U+01CC
    { 0x01CD, 12 }, // U+01CD
    { 0x01CE, 24 }, // U+01CE
    { 0x01D3, 18 }, // U+01D3
    { 0x01D4, 36 }, // U+01D4
    { 0x01E6, 13 }, // U+01E6
    { 0x01E7, 27 }, // U+01E7
    { 0x01EA, 13 }, // U+01EA
    { 0x01EB, 25 }, // U+01EB
    { 0x01FA, 12 }, // U+01FA
    { 0x01FB, 24 }, // U+01FB
    { 0x01FC, 42 }, // U+01FC
    { 0x01FD, 24 }, // U+01FD
    { 0x01FE, 13 }, // U+01FE
    { 0x01FF, 25 }, // U+01FF
    { 0x0218, 16 }, // U+0218
    { 0x0219, 34 }, // U+0219
    { 0x021A, 45 }, // U+021A
    { 0x021B, 35 }, // U+021B
    { 0x021F, 28 }, // U+021F
    { 0x1EA0, 12 }, // U+1EA0
    { 0x1EA1, 24 }, // U+1EA1
    { 0x1EA2, 12 }, // U+1EA2
    { 0x1EA3, 24 }, // U+1EA3
    { 0x1EA4, 12 }, // U+1EA4
    { 0x1EA5, 24 }, // U+1EA5
    { 0x1EA6, 12 }, // U+1EA6
    { 0x1EA7, 24 }, // U+1EA7
    { 0x1EA8, 12 }, // U+1EA8
    { 0x1EA9, 24 }, // U+1EA9
    { 0x1EAA, 12 }, // U+1EAA
    { 0x1EAB, 24 }, // U+1EAB
    { 0x1EAC, 12 }, // U+1EAC
    { 0x1EAD, 24 }, // U+1EAD
    { 0x1EAE, 12 }, // U+1EAE
    { 0x1EAF, 24 }, // U+1EAF
    { 0x1EB0, 12 }, // U+1EB0
    { 0x1EB1, 24 }, // U+1EB1
    { 0x1EB2, 12 }, // U+1EB2
    { 0x1EB3, 24 }, // U+1EB3
    { 0x1EB4, 12 }, // U+1EB4
    { 0x1EB5, 24 }, // U+1EB5
    { 0x1EB6, 12 }, // U+1EB6
    { 0x1EB7, 24 }, // U+1EB7
    { 0x1EB9, 25 }, // U+1EB9
    { 0x1EBB, 25 }, // U+1EBB
    { 0x1EBD, 25 }, // U+1EBD
    { 0x1EBF, 25 }, // U+1EBF
    { 0x1EC1, 25 }, // U+1EC1
    { 0x1EC3, 25 }, // U+1EC3
    { 0x1EC5, 25 }, // U+1EC5
    { 0x1EC7, 25 }, // U+1EC7
    { 0x1EC8, 14 }, // U+1EC8
    { 0x1EC9, 29 }, // U+1EC9
    { 0x1ECA, 14 }, // U+1ECA
    { 0x1ECB, 29 }, // U+1ECB
    { 0x1ECC, 13 }, // U+1ECC
    { 0x1ECD, 25 }, // U+1ECD
    { 0x1ECE, 13 }, // U+1ECE
    { 0x1ECF, 25 }, // U+1ECF
    { 0x1ED0, 13 }, // U+1ED0
    { 0x1ED1, 25 }, // U+1ED1
    { 0x1ED2, 13 }, // U+1ED2
    { 0x1ED3, 25 }, // U+1ED3
    { 0x1ED4, 13 }, // U+1ED4
    { 0x1ED5, 25 }, // U+1ED5
    { 0x1ED6, 13 }, // U+1ED6
    { 0x1ED7, 25 }, // U+1ED7
    { 0x1ED8, 13 }, // U+1ED8
    { 0x1ED9, 25 }, // U+1ED9
    { 0x1EDA, 13 }, // U+1EDA
    { 0x1EDB, 25 }, // U+1EDB
    { 0x1EDC, 13 }, // U+1EDC
    { 0x1EDD, 25 }, // U+1EDD
    { 0x1EDE, 13 }, // U+1EDE
    { 0x1EDF, 25 }, // U+1EDF
    { 0x1EE0, 13 }, // U+1EE0
    { 0x1EE1, 25 }, // U+1EE1
    { 0x1EE2, 13 }, // U+1EE2
    { 0x1EE3, 25 }, // U+1EE3
    { 0x1EE4, 18 }, // U+1EE4
    { 0x1EE5, 36 }, // U+1EE5
    { 0x1EE6, 18 }, // U+1EE6
    { 0x1EE7, 36 }, // U+1EE7
    { 0x1EE8, 18 }, // U+1EE8
    { 0x1EE9, 36 }, // U+1EE9
    { 0x1EEA, 18 }, // U+1EEA
    { 0x1EEB, 36 }, // U+1EEB
    { 0x1EEC, 18 }, // U+1EEC
    { 0x1EED, 36 }, // U+1EED
    { 0x1EEE, 18 }, // U+1EEE
    { 0x1EEF, 36 }, // U+1EEF
    { 0x1EF0, 18 }, // U+1EF0
    { 0x1EF1, 36 }, // U+1EF1
    { 0x1EF2, 43 }, // U+1EF2
    { 0x1EF3, 37 }, // U+1EF3
    { 0x1EF4, 43 }, // U+1EF4
    { 0x1EF5, 37 }, // U+1EF5
    { 0x1EF6, 43 }, // U+1EF6
    { 0x1EF7, 37 }, // U+1EF7
    { 0x1EF8, 43 }, // U+1EF8
    { 0x1EF9, 37 }, // U+1EF9
    { 0x2013, 4 }, // U+2013
    { 0x2014, 4 }, // U+2014
    { 0x2019, 46 }, // U+2019
    { 0x201A, 3 }, // U+201A
    { 0x201D, 46 }, // U+201D
    { 0x201E, 3 }, // U+201E
    { 0x2026, 3 }, // U+2026
    { 0x2030, 1 }, // U+2030
    { 0x20AB, 25 }, // U+20AB
    { 0x2202, 25 }, // U+2202
    { 0xFB00, 26 }, // U+FB00
    { 0xFB01, 26 }, // U+FB01
    { 0xFB02, 26 }, // U+FB02
    { 0xFB03, 26 }, // U+FB03
    { 0xFB04, 26 }, // U+FB04
};

static const int8_t lexenddeca_14_bolditalicKernMatrix[] = {
       0,    0,    0,    0,    0,    0,    0,    0,   14,    0,    0,    0,    0,    0,    0,    0,    0,    0,    0,    0,    0,    0,    0,    0,    0,    0,    0,    0,    0,    0,    0,    0,    0,    0,    0,    0,    0,    0,    0,    0,    0,    0,    0,    0,    0,    0,
       0,    0,    0,    0,    0,    0,    0,    0,    0,    0,    0,    0,    0,    0,    0,    0,    0,    0,    0,    0,    0,    0,    0,    0,    0,    0,  -10,    0,    0,    0,    0,    0,    0,    0,    0,    0,    0,    0,    0,    0,    0,    0,    0,    0,    0,    0,
       0,    0,    0,    0,    0,  -22,  -14,   14,  -26,    0,    0,    0,    0,    0,    0,    0,    0,    0,    0,    0,    0,    0,    0,    0,    0,    0,    0,    0,    0,    0,    0,    0,    0,    0,    0,    0,    0,    0,    0,    0,    0,    0,    0,    0,    0,    0,
       0,    0,    0,    0,  -56,    0,    0,    0,    0,    0,    0,    0,    0,    0,    0,    0,    0,    0,    0,    0,    0,    0,    0,    0,    0,    0,    0,    0,    0,    0,    0,    0,    0,    0,    0,    0,    0,    0,    0,    0,    0,    0,    0,    0,    0,    0,
       0,    7,    0,    0,    0,    0,    0,    0,    0,    0,    0,    0,    0,    0,    0,    0,    0,    0,    0,    0,    0,    0,    0,    0,    0,    0,    0,    0,    0,    0,    0,    0,    0,    0,    0,    0,    0,    0,    0,    0,    0,    0,    0,    0,    0,    0,
       0,    0,    0,    0,    0,    0,    0,   -4,    0,    0,    0,    0,    0,    0,    0,    0,    0,    0,    0,    0,    0,    0,    0,    0,    0,    0,    0,    0,    0,    0,    0,    0,    0,    0,    0,    0,    0,    0,    0,    0,    0,    0,    0,    0,    0,    0,
     -11,    0,    0,    0,    0,    0,    0,    9,    0,    0,  -10,    0,    0,    0,    0,    0,    0,    0,    0,    0,    0,    0,    0,    0,    0,    0,    0,    0,    0,    0,    0,    0,    0,    0,    0,    0,    0,    0,    0,    0,  -35,    0,    0,    0,    0,    0,
      -4,    0,    0,    0,    0,    0,    0,    0,    0,    0,  -13,    0,    0,    0,    0,    0,    0,    0,    0,    0,    0,    0,    0,    0,    0,    0,    0,    0,    0,    0,    0,    0,    0,    0,    0,    0,    0,    0,    0,    0,    0,    0,    0,    0,    0,    0,
     -18,    0,    0,    0,    0,  -11,   -9,    0,    0,    0,    0,    0,    0,    0,    0,    0,    0,    0,    0,    0,    0,    0,    0,    0,    0,    0,    0,    0,    0,    0,    0,    0,    0,    0,    0,    0,    0,    0,    0,    0,    0,    0,    0,    0,    0,    0,
      14,    0,    0,  -26,    0,    0,    0,  -17,   17,  -13,    0,    0,    0,    0,    0,    0,    0,    0,    0,    0,    0,    0,    0,    0,    0,    0,    0,    0,    0,    0,    0,    0,    0,    0,    0,    0,    0,    0,    0,    0,    0,    0,    0,    0,    0,    0,
     -28,    0,    0,    0,    0,  -13,    0,    0,   -9,    0,  -11,    0,    0,    0,    0,    0,    0,    0,    0,    0,    0,    0,    0,    0,    0,    0,    0,    0,    0,    0,    0,    0,    0,    0,    0,    0,    0,    0,    0,    0,  -13,    0,    0,    0,    0,    0,
       0,    0,    0,    0,    0,    0,    0,  -11,   -9,  -11,    0,    0,    0,    0,    0,    0,    0,    0,    0,    0,    0,    0,    0,    0,    0,    0,    0,    0,    0,    0,    0,    0,    0,    0,    0,    0,    0,    0,    0,    0,    0,    0,    0,    0,    0,    0,
       0,    0,    0,    0,    0,    0,    0,    0,    0,    0,    0,    9,  -17,    0,    0,    0,  -31,  -13,  -31,  -22,    0,  -31,    0,    0,    0,    0,    0,    0,    0,    0,  -10,    0,    0,    0,  -13,  -11,  -19,  -21,    9,    0,    0,    0,  -31,    0,  -31,    0,
       0,    0,    0,    0,    0,    0,    0,    0,    0,    0,    0,   -9,    0,    0,    0,    0,    0,    0,   -9,    0,   -9,  -13,    0,   -7,    0,    0,    0,    0,    0,    0,    0,    0,    0,    0,    0,    0,    0,    0,    0,    0,    0,  -20,  -13,    0,    0,    0,
       0,    0,    0,    0,    0,    0,    0,    0,    0,    0,    0,    0,   -9,    0,    0,    0,    0,    0,    0,    0,    0,  -11,    0,    0,    0,    0,    0,    0,    0,    0,    0,    0,    0,    0,    0,    0,    0,    0,    0,    0,    0,  -20,  -11,    0,    0,    0,
       0,    0,    0,    0,    0,    0,    0,    0,    0,    0,    0,  -18,    0,  -13,    0,    0,  -18,    0,  -13,   -9,   -9,  -22,   -9,  -13,    0,    0,    0,    0,    0,    0,    0,    0,    0,    0,    0,    0,    0,    0,    0,   -9,    0,  -33,  -22,    0,  -18,    0,
       0,    0,    0,    0,    0,    0,    0,    0,    0,    0,    0,    0,   -9,    0,    0,    0,    0,    0,    8,    8,    0,    0,    0,    0,    0,    0,    0,    0,    0,    0,    0,    0,    0,    0,    0,    0,    0,    0,    0,    0,    0,    0,    0,    0,    0,    0,
       0,    0,    0,    0,    0,    0,    0,    0,    0,    0,    0,  -18,    0,    0,  -15,    0,   11,    0,    0,    0,    0,    0,    0,  -10,    0,    0,    0,    0,    0,    0,    0,    0,    0,    0,    0,    0,    0,    0,    0,    0,    0,  -53,    0,    0,   11,    0,
       0,    0,    0,    0,    0,    0,    0,    0,    0,    0,    0,    0,    0,    0,    0,    0,   -9,    0,  -13,    0,    0,  -22,    0,    0,    0,    0,    0,    0,    0,    0,    0,    0,    0,    0,    0,    0,    0,    0,    0,    0,    0,    0,  -22,    0,   -9,    0,
       0,    0,    0,    0,    0,    0,    0,    0,    0,    0,    0,    0,  -13,    0,    0,    0,    0,    0,    0,    0,    0,    0,    0,    0,    0,  -10,    0,    0,    0,    0,    0,    0,    0,    0,  -13,    0,    0,    0,    0,    0,    0,  -13,    0,    0,    0,    0,
       0,    0,    0,    0,    0,    0,    0,    0,    0,    0,    0,  -13,    0,    0,    0,    0,    0,    0,    0,    0,    0,    0,    0,    0,    0,    0,    0,    0,    0,    0,    0,    0,    0,    0,    0,    0,    0,    0,    0,    0,    0,    0,    0,    0,    0,    0,
       0,    0,    0,    0,    0,    0,    0,    0,    0,    0,    0,    0,  -22,    0,    0,    0,    0,    0,    0,    0,    0,    0,    0,    0,   -9,    0,    0,    0,    0,    0,    0,    0,    0,    0,    0,  -20,  -23,  -23,    0,    0,    0,    0,    0,    0,    0,    0,
       0,    0,    0,    0,    0,    0,    0,    0,    0,    0,    0,   13,  -17,    0,   13,    0,  -49,  -10,  -31,  -18,   13,  -40,    0,    0,    0,    0,    0,    0,   -9,    0,    0,    0,    0,    0,    0,    0,  -18,  -22,   13,    0,    0,    0,  -40,    0,  -49,    0,
       0,    0,    0,    0,    0,    0,    0,    0,    0,    0,    0,  -38,    0,    0,  -31,    0,    0,    0,    0,    0,  -14,   -9,   -9,  -13,    0,    0,    0,    0,    0,    0,    0,    0,    0,   -9,    0,    0,    0,    0,    0,    0,    0,  -69,   -9,    0,    0,    0,
       0,    0,    0,    0,    0,    0,    0,    0,    0,    0,    0,   13,    0,    0,    0,    0,    0,   -3,    0,    0,    9,  -18,    0,    0,    0,    0,    0,    0,    0,    0,    0,    0,    0,    0,    0,    0,    0,    0,    9,    9,    0,    0,  -18,    0,    0,    0,
       0,    0,    0,    0,    0,    0,    0,    0,    0,    0,    0,    8,  -10,    0,    0,    0,    0,    0,    0,    0,    0,   -7,    0,    0,    0,    0,   -9,    0,    0,    0,    0,    0,    0,    0,    0,   -9,    0,    0,    0,    0,    0,    0,   -7,    0,    0,    0,
       0,    0,    0,    0,    0,    0,    0,    0,    0,    0,    0,    0,    0,    0,    0,    0,    0,    0,    0,   -9,    0,   -7,    0,    0,    0,    0,    0,    0,    0,    0,    0,    0,    0,    0,    0,    0,    0,    0,    0,    0,    0,  -13,   -7,    0,    0,    0,
       0,    0,    0,    0,    0,    0,    0,    0,    0,    0,    0,  -31,  -18,    0,  -49,    0,   10,    0,   18,   13,    0,    9,    0,  -39,  -40,    9,  -37,    0,    0,    0,    0,  -31,  -31,  -22,    0,  -27,   -5,   -5,   -9,  -14,    0,  -58,    9,    0,   10,    0,
       0,    0,    0,    0,    0,    0,    0,    0,    0,    0,    0,  -13,    0,    0,    0,    0,    0,    0,    0,    0,    0,    0,    0,    0,    0,    0,    0,    0,    0,    0,    0,    0,    0,    0,    0,    0,    0,    0,    0,    0,    0,  -42,    0,    0,    0,    0,
       0,    0,    0,    0,    0,    0,    0,    0,    0,    0,    0,  -31,  -13,    0,  -18,    0,   18,    0,    9,    9,    0,    9,    0,  -18,  -22,    0,  -17,    0,    0,    0,    0,   -9,   -9,   -9,    0,    0,    0,    0,    0,    0,    0,  -44,    9,    0,   18,    0,
       0,    0,    0,    0,    0,    0,    0,    0,    0,    0,    0,  -22,   -9,    0,  -13,    0,   13,    0,    9,    9,    0,    0,    0,  -13,  -11,    0,  -13,    0,    0,    0,    0,    0,    0,    0,    0,    0,    0,    0,    0,    0,    0,  -41,    0,    0,   13,    0,
       0,    0,    0,    0,    0,    0,    0,    0,    0,    0,    0,    0,  -13,    0,    0,    0,    0,    0,    0,    0,    0,    0,    0,   -9,   -9,    0,   -9,    0,    0,    0,    0,    0,    0,    0,    0,  -13,   -9,    0,    0,    0,    0,    0,    0,    0,    0,    0,
       0,    0,    0,    0,    0,    0,    0,    0,    0,    0,    0,  -31,  -22,    0,  -27,    0,    9,    0,    9,    0,    0,    0,    0,  -35,  -40,    0,  -40,    0,    0,    0,    0,  -21,  -21,  -27,    0,  -18,    0,    0,   -9,   -9,    0,  -76,    0,    0,    9,    0,
       0,    0,    0,    0,    0,    0,    0,    0,    0,    0,    0,    0,  -13,    0,    0,    0,    0,    0,    0,    0,    0,    0,    0,    0,    0,    0,  -13,    0,    0,    0,    0,    0,    0,    0,  -13,    0,    0,    0,    0,    0,    0,    0,    0,    0,    0,    0,
       0,    0,    0,    0,    0,    0,    0,    0,    0,    0,    0,    0,    0,    0,    0,    0,  -39,    0,    0,    0,    0,  -26,    0,    0,    0,    0,    0,    0,    0,    0,    0,    0,    0,    0,    0,    0,    0,    0,    0,    0,    0,    0,    0,    0,    0,    0,
       0,    0,    0,    0,    0,    0,    0,    0,    0,    0,    0,    0,    0,    0,    0,    0,  -40,    0,  -22,  -11,   -9,  -40,    0,    0,    0,    0,    0,    0,    0,    0,    0,    0,    0,    0,    0,    0,    0,    0,    0,    0,    0,  -19,  -40,    0,  -40,    0,
       0,    0,    0,    0,    0,    0,    0,    0,    0,    0,    0,    0,    0,    0,    0,    0,  -27,    0,    0,  -13,    0,  -35,    0,    0,    0,    0,    0,    0,    0,    0,    0,    0,    0,    0,    0,    0,    0,    0,    0,    0,    0,   -6,  -35,    0,  -27,    0,
       0,    0,    0,    0,    0,    0,    0,    0,    0,    0,    0,    0,    0,    0,    0,    0,    0,    0,    0,    0,    0,    0,    0,    0,    0,    0,    0,    0,    0,    8,    0,    0,    0,    0,    0,    0,    0,    0,    0,    0,    0,    0,    0,    0,    0,    0,
       0,    0,    0,    0,    0,    0,    0,    0,    0,    0,    0,    0,    0,    0,    0,    0,  -31,    0,  -18,  -13,   -9,  -35,    0,    0,    0,    0,    0,    0,    0,    0,    0,    0,    0,    0,    0,    0,    0,    0,    0,    0,    0,  -14,  -35,    0,  -31,    0,
       0,    0,    0,    0,    0,    0,    0,    0,    0,    0,    0,    0,    0,    0,    0,    0,   13,    0,    0,    9,    0,    0,    0,  -14,  -10,    0,    0,    0,    0,    0,    0,    0,    0,    0,    0,    0,    0,    0,    0,    0,    0,  -38,    0,    0,   13,    0,
       0,    0,    0,    0,    0,    0,    0,    0,    0,    0,    0,    0,    0,    0,    0,    0,    0,    0,    0,    0,    0,  -22,    0,    0,    0,    0,    0,    0,    0,    0,    0,    0,    0,    0,    0,    0,    0,    0,    0,    0,    0,    0,  -22,    0,    0,    0,
       0,    0,    0,    0,    0,    0,    0,    0,    0,    0,    0,    0,    0,    0,    0,    0,  -32,    0,  -14,  -13,    0,  -31,    0,    0,   -5,    0,   -7,    0,    0,    0,    0,    0,    0,    0,   -6,    0,    0,    0,    0,    0,    0,   -9,  -31,    0,  -32,    0,
       0,    0,    0,    0,    0,    0,    0,    0,    0,    0,    0,    0,    0,    0,    0,    0,    0,    0,    0,    0,    0,    0,    0,    0,    0,    0,    0,    0,    0,   11,    0,    0,    0,    0,    0,    0,    0,    0,    0,    0,    0,    0,    0,   11,    0,    0,
       0,    0,    0,    0,    0,    0,    0,    0,    0,    0,    0,   13,   -9,    0,    0,    0,    0,    0,    0,    0,    0,    0,    0,    0,   -7,    0,    0,    0,    0,    0,    0,    0,    0,    0,   -6,    0,    0,    0,    0,    0,    0,    0,    0,    0,    0,    0,
       0,    0,   16,    0,    0,    0,    0,    0,    0,    0,    0,    0,    0,    0,    0,    0,    0,    0,    0,    0,    9,    0,    0,    0,    0,    0,    0,    0,   -9,    0,    0,    0,    6,    0,    0,    0,    6,    0,    0,    0,    0,    6,    0,    0,    0,    0,
       0,    0,    0,    0,    0,    0,    0,    0,    0,    0,    0,    0,    0,    0,    0,    0,  -22,    0,    0,    0,    0,  -13,    0,    0,    0,    0,    0,    0,    0,    0,    0,    0,    0,    0,    0,    0,    0,    0,    0,    0,    0,    0,  -13,    0,  -22,    0,
       0,    0,    0,    0,    0,    0,    0,    0,    0,    0,    0,    0,    0,    0,  -37,    0,   -9,    0,    0,   13,    0,    0,    0,   -7,    0,    9,    0,    0,    0,    0,    0,    0,    0,    0,    7,    0,   12,   11,   10,    0,    0,  -56,    0,    0,   -9,    0,
       0,    0,    0,    0,    0,    0,    0,    0,    0,    0,    0,    0,    0,    0,   10,    0,  -22,    0,   -9,    0,    0,  -26,    0,    0,    0,    0,    0,    0,    0,    0,    0,    0,    0,    0,    0,    0,    0,    0,    0,    0,    0,   -3,  -26,    0,  -22,    0,
       0,    0,    0,    0,    0,    0,    0,    0,    0,    0,    0,   11,    0,    0,    0,    0,    0,    0,    0,    0,    0,  -13,    0,    0,    0,    0,    0,    0,    0,    0,    0,    0,    0,    0,    0,    0,    0,    0,    0,    0,    0,    0,  -13,    0,    0,    0,
       0,    0,    0,    0,    0,    0,    0,    0,    0,    0,    0,    0,    0,    0,    0,    0,  -30,    0,    0,    0,    0,  -18,    0,    0,    0,    0,    0,    0,    0,    0,    0,    0,    0,    0,    0,    0,    0,    0,    0,    0,    0,  -13,  -18,    0,  -30,    0,
       0,    0,    0,    0,    0,    0,    0,    0,    0,    0,    0,  -26,    0,    0,    0,    0,   -5,    0,    0,    0,   -9,    0,   -9,   -9,    0,   10,    0,    0,    0,    0,    0,    0,    0,   10,    0,    0,    5,    5,    0,    0,    0,  -47,    0,    0,   -5,    0,
       0,    0,    0,    0,    0,    0,    0,    0,    0,    0,    0,    0,    0,    0,    0,    0,   -5,    0,    0,    0,    0,    0,    0,    0,    0,    6,    0,    0,    0,    0,    0,    0,    0,    0,    0,    0,    5,    5,    0,    0,    0,  -47,    0,    0,   -5,    0,
       0,    0,    0,    0,    0,    0,    0,    0,    0,    0,    0,    9,    0,    0,    0,    0,    0,    0,    0,    0,    0,   -9,    0,    0,    0,    0,    0,    0,    0,    0,    0,    0,    0,    0,    0,    0,    0,    0,    0,    0,    0,    0,   -9,    0,    0,    0,
       0,    0,    0,    0,    0,    0,    0,    0,    0,    0,    0,    0,    0,    0,    0,    0,    0,    0,    0,    0,    0,   -9,    0,    0,    0,    0,    0,    0,    0,    0,    0,    0,    0,    0,    0,    0,    0,    0,    0,    0,    0,    0,   -9,    0,    0,    0,
       0,    0,    0,    0,    0,    0,    0,    0,    0,    0,    0,    0,    0,    0,    0,    0,  -32,    0,  -14,  -13,    0,  -31,    0,    0,   -5,    0,   -7,    0,    0,   26,    0,    0,    0,    0,   -6,    0,    0,    0,    0,    0,    0,   -9,  -31,    0,  -32,    0,
       0,    0,   16,    0,    0,    0,    0,    0,    0,    0,    0,    0,   13,   19,    0,   14,   47,   19,   43,   43,   37,   42,   25,    0,    0,   23,    0,   19,    9,   19,   19,   14,   14,    0,   19,    0,   31,   25,   25,   19,    0,    6,   42,   19,   47,   25,
       0,    0,   16,    0,    0,    0,    0,    0,    0,    0,    0,    0,    0,    0,    0,    0,    0,    0,    0,    0,    9,    0,    0,    0,    0,    0,    0,    0,   -9,    0,    0,    0,    0,    0,    0,    0,    6,    0,    0,    0,    0,    6,    0,    0,    0,    0,
       0,    0,  -31,    0,    0,    0,    0,    0,    0,    0,    0,  -13,    0,    0,    0,    0,   19,    0,   13,   13,    6,    6,    0,    0,    0,    0,    0,    0,    0,    0,    0,    0,    0,    0,    0,    0,    0,    0,    0,    0,    0,  -25,    6,    0,   19,    0,
       0,    0,  -31,    0,    0,    0,    0,    0,    0,    0,    0,  -13,    0,    0,    0,   13,   13,    0,   13,   13,    0,    0,    0,    0,    0,    0,    0,    6,    6,    0,    6,    0,    0,    0,   12,    0,   19,   19,   13,    0,    0,  -19,    0,    0,   13,    0,
       0,    0,  -31,    0,    0,    0,    0,    0,    0,    0,    0,  -25,    0,    0,   -6,    0,   25,    0,   19,   19,    6,   13,    0,  -13,   -6,    0,   -7,    0,    0,    0,    0,    0,    0,    0,    0,   -6,    0,    0,    0,   -6,    0,  -31,   13,    0,   25,    0,
       0,    0,  -19,    0,    0,    0,    0,    0,    0,    0,    0,  -13,    0,    0,  -13,   13,   19,    0,   19,   19,    0,    0,    0,   -6,   -6,   13,   -6,    0,    0,    0,    0,    0,    0,   -6,   13,    0,   19,   19,   19,    0,    0,  -19,    0,    0,   19,    0,
       0,    0,    0,    0,    0,    0,    0,    0,    0,    0,    0,    0,    0,    0,    0,    0,    0,    0,    0,    0,    0,    0,    0,    0,    0,    0,    0,    0,    0,    0,    0,    0,    0,  -13,    0,    0,    0,    0,    0,    0,    0,    0,    0,    0,    0,    0,
};

static const EpdLigaturePair lexenddeca_14_bolditalicLigaturePairs[] = {
    { 0x00660066, 0xFB00 }, // f f -> U+FB00
    { 0x00660069, 0xFB01 }, // f i -> U+FB01
    { 0x0066006C, 0xFB02 }, // f l -> U+FB02
    { 0xFB000069, 0xFB03 }, // U+FB00 i -> U+FB03
    { 0xFB00006C, 0xFB04 }, // U+FB00 l -> U+FB04
};

static constexpr EpdFontData lexenddeca_14_bolditalic = {
    lexenddeca_14_bolditalicBitmaps,
    lexenddeca_14_bolditalicGlyphs,
    lexenddeca_14_bolditalicIntervals,
    44,
    36,
    28,
    -9,
    true,
    lexenddeca_14_bolditalicGroups,
    12,
    nullptr,
    lexenddeca_14_bolditalicKernLeftClasses,
    lexenddeca_14_bolditalicKernRightClasses,
    lexenddeca_14_bolditalicKernMatrix,
    349,
    329,
    62,
    46,
    lexenddeca_14_bolditalicLigaturePairs,
    5,
};
