/**
 * generated by fontconvert.py
 * name: lexenddeca_14_regular
 * size: 14
 * mode: 2-bit  compressed: true
 * Command used: fontconvert.py lexenddeca_14_regular 14 ../builtinFonts/source/LexicaUltralegible/LexicaUltralegible-Regular.ttf --2bit --compress --pnum --darken-aa
 */
#pragma once
#include "EpdFontData.h"

static const uint8_t lexenddeca_14_regularBitmaps[13884] = {
    0x95, 0x58, 0xBF, 0x93, 0xE4, 0x46, 0x15, 0x7E, 0x23, 0xD9, 0x37, 0x65, 0x2B, 0xE8, 0x84, 0xAB,
    0xA2, 0xCA, 0x14, 0x22, 0x20, 0xB6, 0x12, 0x02, 0xA8, 0xF2, 0xAA, 0x05, 0x17, 0x38, 0x70, 0x80,
    0x03, 0xC6, 0x0E, 0x2E, 0xB8, 0x94, 0x6C, 0xF9, 0x03, 0x76, 0x47, 0x2A, 0x2E, 0x24, 0x30, 0x09,
    0x76, 0x40, 0xE0, 0xDC, 0x01, 0x38, 0x24, 0x98, 0x59, 0x89, 0x22, 0x70, 0xE0, 0xE0, 0x04, 0x78,
    0x21, 0x70, 0x70, 0x2A, 0xB8, 0x4D, 0x20, 0x38, 0x95, 0xAD, 0xF3, 0x69, 0x8F, 0xD6, 0x34, 0xDF,
    0xF7, 0xA4, 0xD9, 0x9D, 0x3B, 0xCF, 0xDE, 0xED, 0xCD, 0xCC, 0x6B, 0xCD, 0x4C, 0x3F, 0xBD, 0x7E,
    0xFD, 0xFA, 0xFD, 0xF8, 0x9E, 0x9C, 0xDB, 0x7D, 0x89, 0x1C, 0x7B, 0x7F, 0xDC, 0x3E, 0xF5, 0x92,
    0x78, 0xD6, 0x8A, 0x24, 0x01, 0x87, 0x10, 0x83, 0x0D, 0x1B, 0x91, 0x14, 0x83, 0xF5, 0xDE, 0x57,
    0x3A, 0xBC, 0xBA, 0xBE, 0x7D, 0x2A, 0xB2, 0x8A, 0xAA, 0x69, 0x70, 0x06, 0x43, 0x6F, 0x0A, 0xB9,
    0x79, 0x7E, 0xE7, 0x77, 0x02, 0x0E, 0x3F, 0x0E, 0xB3, 0x36, 0x11, 0x09, 0x38, 0x84, 0xAD, 0xC5,
    0xD0, 0xA4, 0xD3, 0x20, 0x52, 0x80, 0x70, 0xD3, 0xEB, 0x0F, 0x64, 0xE6, 0x7D, 0x11, 0x79, 0xDF,
    0xC6, 0xCD, 0x67, 0xBD, 0x95, 0xEA, 0x01, 0x48, 0x94, 0x8A, 0x4A, 0xE2, 0xF3, 0x4A, 0x22, 0x3F,
    0xF2, 0xC8, 0x0D, 0x0F, 0x6D, 0x3E, 0x87, 0xCE, 0xD5, 0x00, 0x5A, 0x82, 0x52, 0x4B, 0x2A, 0x2A,
    0x67, 0x9E, 0x7C, 0xD9, 0x87, 0xDE, 0x37, 0x92, 0xF8, 0x4C, 0xE5, 0x2A, 0x15, 0x12, 0x7A, 0x91,
    0x18, 0x1F, 0xCC, 0x60, 0xD5, 0xFC, 0xF7, 0x9D, 0xAC, 0xA0, 0xAD, 0x38, 0xEE, 0x10, 0x17, 0xEE,
    0xCC, 0x8D, 0xDA, 0xE3, 0x02, 0x46, 0xC9, 0xDF, 0xEE, 0x0E, 0x70, 0x49, 0x7C, 0x83, 0x75, 0x64,
    0xEE, 0x7F, 0xDA, 0x26, 0xE0, 0x91, 0xF0, 0xAF, 0x1E, 0x6B, 0x8A, 0xF9, 0xCB, 0x79, 0x89, 0x4B,
    0x1C, 0xD5, 0x31, 0xF4, 0x3F, 0x30, 0x95, 0x19, 0x37, 0x8F, 0xCB, 0xAC, 0xD5, 0x4B, 0x58, 0xEB,
    0x9C, 0xA9, 0x42, 0x72, 0x26, 0x50, 0x1C, 0xF7, 0x41, 0x22, 0xA5, 0x24, 0x14, 0x01, 0xEB, 0x49,
    0x38, 0x1C, 0xD6, 0xB0, 0xC8, 0xBC, 0xC1, 0x10, 0x72, 0x98, 0xD7, 0x32, 0x53, 0x2D, 0x4E, 0x28,
    0xBE, 0xEC, 0x05, 0x9B, 0x6E, 0xA3, 0x2A, 0xF9, 0x3B, 0xFE, 0xCC, 0xC5, 0x9B, 0xC2, 0x89, 0xBD,
    0x9F, 0x39, 0x31, 0x1E, 0x7A, 0x86, 0x1B, 0x0C, 0x33, 0x2F, 0x27, 0x50, 0xAF, 0xB0, 0xA7, 0xA5,
    0x6F, 0x8C, 0xF7, 0x6F, 0x77, 0x81, 0xEF, 0x82, 0x61, 0x3A, 0xC2, 0xB0, 0x99, 0x57, 0xA6, 0x88,
    0x61, 0xC6, 0x54, 0x8E, 0xB0, 0x65, 0xF7, 0xCC, 0x7B, 0x25, 0x4B, 0xCC, 0x25, 0x62, 0x0A, 0x28,
    0x5A, 0xE3, 0xA4, 0x7B, 0x93, 0x45, 0x55, 0xD8, 0xE0, 0x5B, 0xA7, 0xD3, 0x47, 0x60, 0x48, 0x2F,
    0xDE, 0x4B, 0x39, 0x56, 0x21, 0x7D, 0xD0, 0x42, 0xE1, 0xDA, 0x54, 0x31, 0xAD, 0xD9, 0xF2, 0xF3,
    0xA3, 0xAF, 0xAA, 0xDC, 0x57, 0xD1, 0x46, 0x42, 0x68, 0xF7, 0x07, 0x31, 0x86, 0x67, 0x2B, 0xDC,
    0xCA, 0x1E, 0x5A, 0xDC, 0x39, 0x7D, 0x17, 0x6E, 0xD1, 0x92, 0xAE, 0xE2, 0x81, 0x3F, 0xA6, 0x6F,
    0xFD, 0xF8, 0xD3, 0xC5, 0x22, 0x83, 0xA5, 0xF0, 0xA1, 0x7F, 0x0A, 0xB4, 0x82, 0x6A, 0x30, 0x15,
    0x0C, 0x05, 0x1E, 0x38, 0x1A, 0x5C, 0x0A, 0x0E, 0x85, 0x19, 0x9C, 0x67, 0x2F, 0xB3, 0x0E, 0x46,
    0xE4, 0x3C, 0x9C, 0x11, 0xF3, 0x71, 0xC6, 0xF9, 0x54, 0x27, 0x25, 0xEF, 0xE1, 0x05, 0xBE, 0x30,
    0x8F, 0x0E, 0x9B, 0xA4, 0x0A, 0x3B, 0xDB, 0x88, 0x2B, 0xB1, 0xC9, 0xC1, 0xC9, 0xB1, 0x2B, 0x25,
    0x75, 0x36, 0x4B, 0x61, 0xE5, 0xD4, 0xCD, 0xDB, 0xD4, 0x05, 0x7D, 0xEA, 0x64, 0x58, 0xC2, 0xDA,
    0xEB, 0xB5, 0xC4, 0xCE, 0x4A, 0xE4, 0x92, 0x22, 0xEC, 0xCC, 0xF9, 0x61, 0x43, 0x19, 0x94, 0x05,
    0xC9, 0xF9, 0x6D, 0xAF, 0xDE, 0x6D, 0x9F, 0xFB, 0xC6, 0x29, 0xCE, 0xC1, 0x14, 0x9F, 0x95, 0x95,
    0xCD, 0x4C, 0x9D, 0xCA, 0xBC, 0x79, 0x85, 0x2A, 0x2A, 0x45, 0xD3, 0x86, 0x13, 0x78, 0xEB, 0x89,
    0xE0, 0xF0, 0xE1, 0x6B, 0x8C, 0x37, 0xFC, 0xB5, 0x01, 0x47, 0x07, 0x1F, 0xC3, 0xD7, 0x72, 0xB1,
    0xB8, 0xB4, 0x17, 0xE4, 0x21, 0x4A, 0x32, 0x95, 0x27, 0x51, 0x73, 0x70, 0x29, 0xAB, 0xC6, 0x26,
    0x61, 0x11, 0xDC, 0x48, 0x7A, 0xB5, 0xA4, 0x6C, 0xCE, 0xB5, 0xA4, 0xEF, 0x82, 0xD6, 0x1A, 0x7E,
    0x51, 0x93, 0xE0, 0xDE, 0x88, 0x61, 0x09, 0x03, 0xA8, 0xFD, 0x04, 0xE1, 0x11, 0x78, 0xFA, 0x39,
    0x6E, 0x81, 0xEB, 0x59, 0xFC, 0xB7, 0x06, 0x21, 0x0E, 0xF5, 0x0E, 0xAC, 0x14, 0x67, 0x74, 0x22,
    0x2B, 0xC3, 0x22, 0x5F, 0xF8, 0xE9, 0x35, 0xDE, 0xFB, 0x34, 0x31, 0x82, 0x49, 0xE6, 0x74, 0x91,
    0xE1, 0x7C, 0xC4, 0x64, 0x13, 0x25, 0x3D, 0xC2, 0xCF, 0x67, 0xC9, 0xF9, 0x61, 0x9D, 0x14, 0xF3,
    0x76, 0x26, 0x01, 0x16, 0x9F, 0xC1, 0x90, 0xA2, 0xF4, 0x1A, 0xBE, 0x5B, 0xFC, 0xC7, 0x39, 0x9C,
    0x51, 0x0D, 0x3B, 0x67, 0x1A, 0x01, 0xE3, 0xB9, 0x89, 0x39, 0xCB, 0xAB, 0x44, 0x5E, 0xCF, 0x18,
    0x95, 0x47, 0xA0, 0x3F, 0xE5, 0x9D, 0x3C, 0x61, 0x7E, 0x39, 0x2B, 0x0B, 0xCC, 0xD6, 0x0E, 0x76,
    0x45, 0x4C, 0xB4, 0x5B, 0x5A, 0x81, 0x8E, 0xF0, 0x9F, 0x85, 0x7D, 0x61, 0x2B, 0x64, 0x16, 0xD8,
    0xA4, 0x6C, 0x98, 0x8F, 0x2A, 0xD2, 0x62, 0x71, 0x07, 0xF6, 0x61, 0xF8, 0x52, 0x6F, 0xA6, 0x22,
    0x3A, 0x09, 0xEC, 0x4F, 0xB5, 0x68, 0x32, 0x9A, 0xD3, 0xEC, 0xB0, 0x2C, 0xC7, 0x69, 0x1E, 0x51,
    0xB8, 0x65, 0x61, 0x4A, 0x80, 0xCC, 0xD0, 0xC3, 0xE9, 0x1F, 0xE1, 0x8C, 0x8B, 0x24, 0x63, 0x30,
    0x91, 0xF8, 0xDD, 0x34, 0xE5, 0x38, 0x87, 0xBD, 0xD8, 0xB3, 0xC3, 0xBA, 0x54, 0xDD, 0x66, 0x3D,
    0x44, 0x4C, 0x34, 0xEB, 0x4F, 0x68, 0xE1, 0xB3, 0x43, 0xC6, 0x6E, 0x31, 0xE3, 0x7E, 0x21, 0x6F,
    0x8E, 0x64, 0x01, 0x9D, 0x33, 0xEA, 0xBE, 0x7E, 0x66, 0x5F, 0x4E, 0xCF, 0xF1, 0x62, 0x5F, 0x15,
    0x7D, 0x4B, 0xCA, 0xCD, 0xA5, 0xEE, 0xF4, 0x1F, 0x75, 0xA9, 0x51, 0xEF, 0x31, 0x6E, 0xF4, 0xC5,
    0xAF, 0x3B, 0x3F, 0xB7, 0x21, 0x86, 0x6F, 0x3F, 0x18, 0xF7, 0x93, 0xB7, 0x4C, 0x25, 0xA3, 0x87,
    0x65, 0x82, 0x5C, 0x49, 0xBF, 0x10, 0x0F, 0x43, 0xC4, 0x58, 0x60, 0xC6, 0x3F, 0x38, 0x21, 0x25,
    0xF7, 0x0E, 0x92, 0x5F, 0x6D, 0xBD, 0x72, 0x01, 0x0F, 0xDD, 0x8A, 0x5D, 0xEC, 0x78, 0x6B, 0x31,
    0xEA, 0xA5, 0x32, 0x98, 0xF6, 0x02, 0xCA, 0xA0, 0x30, 0x95, 0x61, 0xC6, 0x35, 0x29, 0x13, 0x9E,
    0xC8, 0xBF, 0x39, 0xCD, 0x59, 0xB0, 0x63, 0xBD, 0x07, 0xC2, 0x53, 0x83, 0xB7, 0x16, 0xF0, 0xBF,
    0xEA, 0xE8, 0x32, 0x3D, 0x14, 0x0C, 0x3F, 0x91, 0x61, 0x54, 0xC3, 0x16, 0xE3, 0xE9, 0xAC, 0x26,
    0xBA, 0xD8, 0x9F, 0x4C, 0x1B, 0x98, 0xBE, 0xCF, 0x29, 0x3D, 0x87, 0xC4, 0x60, 0xB3, 0x40, 0x00,
    0x20, 0x4B, 0xB4, 0xC8, 0x10, 0xD2, 0x1F, 0x60, 0x67, 0x47, 0x47, 0xC8, 0xB4, 0x6F, 0x76, 0xF1,
    0x3F, 0xDB, 0xB8, 0xB5, 0x61, 0x6B, 0x2E, 0x06, 0xFD, 0x99, 0x76, 0xF6, 0xE3, 0xF3, 0xD5, 0x11,
    0xCE, 0xA8, 0x3F, 0x08, 0xFB, 0xA4, 0xE6, 0x6D, 0xE3, 0xE9, 0x43, 0xD4, 0xA7, 0x14, 0xDA, 0x52,
    0xFC, 0x6F, 0xF1, 0x9B, 0xBB, 0x0D, 0x99, 0xE0, 0xE7, 0xDC, 0x87, 0xE1, 0xDA, 0xE6, 0x63, 0xB0,
    0x27, 0x54, 0xDC, 0x32, 0xDE, 0x53, 0xE4, 0x7B, 0x59, 0xD1, 0xDE, 0x0E, 0xC9, 0x0C, 0x11, 0xD0,
    0x33, 0xA9, 0xF1, 0x5C, 0x65, 0xCD, 0x54, 0xB1, 0xA1, 0xBF, 0xC0, 0xA5, 0xFF, 0xF3, 0xC9, 0x1F,
    0x33, 0xE4, 0x05, 0x83, 0xE0, 0x1B, 0x87, 0xA8, 0x59, 0xF3, 0x9C, 0xA0, 0x04, 0xBD, 0xB8, 0x18,
    0x16, 0x87, 0xF4, 0xFA, 0xF6, 0x69, 0xEF, 0x98, 0x37, 0xF8, 0x9F, 0x1E, 0x9E, 0xD1, 0xCB, 0x1D,
    0xF6, 0xE8, 0xE0, 0x16, 0xBB, 0x1E, 0x07, 0xBE, 0x6E, 0x58, 0xDC, 0x69, 0xC7, 0x48, 0x18, 0x58,
    0x15, 0x33, 0x16, 0x56, 0x1C, 0xFE, 0x70, 0x1B, 0xCE, 0x5A, 0x4B, 0x29, 0x36, 0x93, 0x37, 0xD5,
    0xA6, 0xA3, 0x41, 0xDD, 0x73, 0x07, 0x65, 0x51, 0x66, 0xCB, 0x84, 0x1B, 0x53, 0x80, 0x8A, 0x52,
    0xA1, 0x48, 0x46, 0xF0, 0x25, 0x9C, 0x25, 0x75, 0x1A, 0x16, 0x25, 0x75, 0xA6, 0x3E, 0x04, 0x1D,
    0x6B, 0x10, 0x32, 0xAD, 0xD8, 0x2B, 0x28, 0x9D, 0x78, 0x1C, 0xEF, 0xE1, 0xBD, 0x23, 0xA2, 0x78,
    0x70, 0x11, 0xC5, 0x03, 0xEA, 0x83, 0x9B, 0xF4, 0xD8, 0xA5, 0x01, 0xEE, 0x38, 0xDA, 0xA9, 0x97,
    0x7D, 0xF3, 0x23, 0xCF, 0x22, 0xDB, 0xCA, 0xA1, 0x3D, 0x47, 0x9B, 0x2E, 0xAE, 0xE2, 0x95, 0x2D,
    0xCF, 0x55, 0xF2, 0x76, 0x69, 0xAF, 0x4D, 0x45, 0x4B, 0xE8, 0x3E, 0x9B, 0xDE, 0xE4, 0x2E, 0x72,
    0x1E, 0x97, 0x0E, 0x38, 0xEE, 0x15, 0x87, 0xE5, 0x74, 0xF0, 0x71, 0x05, 0x9B, 0xE6, 0x55, 0x34,
    0xDC, 0xF6, 0x15, 0x84, 0x7E, 0x5D, 0xC1, 0xA6, 0xB7, 0xAA, 0xE7, 0xD8, 0x4D, 0x09, 0x3A, 0xE7,
    0xDB, 0x4C, 0xFD, 0x22, 0x5E, 0x12, 0xF9, 0xDE, 0x7F, 0x14, 0xB6, 0x57, 0xBF, 0xDF, 0x7F, 0x74,
    0x91, 0xF5, 0x5F, 0xFC, 0xF9, 0x0E, 0xA5, 0xF2, 0xB3, 0x91, 0x65, 0xFE, 0xA1, 0x4B, 0x7C, 0x37,
    0xA7, 0xED, 0x42, 0xF8, 0x9F, 0x41, 0x46, 0xB3, 0xF8, 0x0E, 0x14, 0x83, 0x78, 0x71, 0x88, 0x61,
    0x87, 0x32, 0xE7, 0xF2, 0x4C, 0x1C, 0x73, 0x00, 0x73, 0x0F, 0xD0, 0x91, 0xFF, 0x00, 0xD9, 0x1A,
    0xA9, 0xD6, 0xCD, 0x08, 0x55, 0x4A, 0x19, 0xEF, 0x61, 0xA6, 0xA7, 0x4F, 0x53, 0x8E, 0x0C, 0xD7,
    0x39, 0x8B, 0x17, 0xD1, 0xE6, 0x93, 0x4F, 0x8A, 0x0B, 0x3F, 0xA8, 0x58, 0x6C, 0x2A, 0x86, 0x61,
    0xCD, 0x30, 0x6C, 0x38, 0x00, 0x09, 0x97, 0x9B, 0x0E, 0x45, 0xD1, 0xF5, 0x1C, 0x9C, 0x2C, 0xAD,
    0x5B, 0x8B, 0xB3, 0x2E, 0xE5, 0x60, 0x51, 0xB7, 0x5C, 0xF2, 0xB3, 0xD6, 0x3A, 0x73, 0x97, 0xC3,
    0x67, 0x8D, 0x75, 0xD1, 0x97, 0x95, 0x75, 0xE1, 0x43, 0x0E, 0x80, 0x66, 0x0E, 0xA5, 0xD5, 0x72,
    0xB7, 0x18, 0x36, 0xB0, 0x73, 0x06, 0x02, 0xAC, 0xC5, 0x0A, 0x16, 0xB2, 0x2D, 0x45, 0x3B, 0x9A,
    0xEA, 0x04, 0x04, 0xC4, 0x00, 0xA8, 0x01, 0x31, 0xB8, 0x17, 0x49, 0xDE, 0xA1, 0x38, 0x38, 0x2E,
    0xC0, 0x95, 0x24, 0xA7, 0x39, 0x73, 0xD6, 0x93, 0x91, 0x58, 0x5B, 0x20, 0x7B, 0xF2, 0xB5, 0x0E,
    0x29, 0xE7, 0xF6, 0x40, 0x5F, 0xCB, 0x19, 0x88, 0x71, 0x95, 0x4E, 0x8E, 0xC4, 0x02, 0xA2, 0xB9,
    0xE1, 0x8A, 0x61, 0x2D, 0x5A, 0x4F, 0xE8, 0x6B, 0xBC, 0x4D, 0x05, 0xA8, 0x28, 0x15, 0xAA, 0xE2,
    0xF9, 0x65, 0x8A, 0x5F, 0xE6, 0x94, 0x6F, 0x55, 0xA4, 0x31, 0xEF, 0x94, 0x53, 0xDE, 0xE9, 0xAF,
    0x17, 0x1F, 0x93, 0x7C, 0x5D, 0x6A, 0x54, 0x7B, 0xD4, 0x9B, 0xD5, 0x18, 0x89, 0x72, 0xA5, 0xB0,
    0x46, 0x35, 0xBC, 0x18, 0x7F, 0xA8, 0xE3, 0x5A, 0x47, 0x7F, 0x8B, 0x63, 0xF2, 0x6F, 0xA6, 0xCD,
    0x08, 0x27, 0x05, 0xF4, 0x40, 0x93, 0xA2, 0x96, 0x54, 0x2A, 0xAD, 0xA1, 0x64, 0xE8, 0x02, 0xC5,
    0x1F, 0x11, 0xFE, 0xFB, 0x22, 0xD7, 0xB2, 0xF0, 0x3D, 0xB9, 0xCC, 0xA0, 0xE5, 0x9E, 0x0C, 0x4A,
    0x4A, 0xEA, 0x31, 0xDA, 0x07, 0x19, 0x00, 0x13, 0xD4, 0x43, 0xC3, 0x7E, 0xD7, 0x13, 0x11, 0xAF,
    0xF1, 0x94, 0x5D, 0xE1, 0xA2, 0xF9, 0xA0, 0x6E, 0x03, 0x7C, 0xD8, 0xDA, 0x8C, 0x38, 0xE6, 0x12,
    0x11, 0x11, 0xF0, 0x1B, 0x54, 0x86, 0x80, 0x6E, 0xFD, 0x06, 0xF3, 0x61, 0xEC, 0xC6, 0xD2, 0xA5,
    0xB9, 0x20, 0xC5, 0x5E, 0x97, 0x28, 0x60, 0xCE, 0x9C, 0xDF, 0x66, 0xE7, 0x02, 0xBD, 0x37, 0xB2,
    0x8D, 0x5A, 0xE0, 0xE4, 0xC5, 0x55, 0xF8, 0xF8, 0x65, 0xE8, 0x3A, 0xD1, 0xFF, 0x4C, 0xD6, 0xDD,
    0xD2, 0x31, 0x9C, 0x03, 0x4E, 0x19, 0xB8, 0xE4, 0xEC, 0x90, 0xB8, 0xAE, 0x26, 0xD6, 0x38, 0x61,
    0x4A, 0xCA, 0x09, 0x31, 0x34, 0xD6, 0x81, 0x34, 0x72, 0x1E, 0xDB, 0xC9, 0xB8, 0x16, 0x80, 0x13,
    0x8D, 0x1A, 0xF4, 0xEC, 0x6A, 0x5A, 0x14, 0x9F, 0x90, 0x55, 0x8E, 0x70, 0x4A, 0x5B, 0x9B, 0x35,
    0x87, 0x25, 0x01, 0xAF, 0x55, 0xFB, 0xF0, 0x50, 0x62, 0x6D, 0xAA, 0x68, 0x97, 0x48, 0xDB, 0xAD,
    0x8E, 0x68, 0x18, 0x46, 0xB7, 0x10, 0x6C, 0x5A, 0x85, 0xD1, 0xA6, 0xD7, 0x5E, 0x05, 0x97, 0x35,
    0xD0, 0x72, 0xCC, 0x36, 0x04, 0x10, 0xEB, 0x08, 0x17, 0x80, 0xF6, 0x83, 0x19, 0x2F, 0x07, 0x29,
    0xD6, 0x34, 0xF5, 0x5B, 0xEC, 0x56, 0xA3, 0x66, 0xC5, 0x0B, 0x70, 0xA0, 0x99, 0xF3, 0xD2, 0x9B,
    0x77, 0xD8, 0x60, 0x75, 0xE6, 0x83, 0x4A, 0x82, 0xF3, 0x36, 0xBA, 0x47, 0x84, 0xDD, 0xCE, 0x79,
    0xF1, 0x4D, 0xF8, 0xB0, 0x20, 0x44, 0x09, 0x15, 0xDB, 0x54, 0x04, 0xC2, 0x62, 0x91, 0x68, 0x45,
    0xA1, 0xC5, 0x66, 0xF2, 0xCA, 0x98, 0x9D, 0x28, 0x74, 0x02, 0x88, 0xEB, 0xB1, 0xDC, 0xCC, 0x11,
    0x05, 0x96, 0x84, 0x30, 0xF6, 0x63, 0x9A, 0x99, 0x37, 0x47, 0xAC, 0xF9, 0xE1, 0x05, 0x04, 0xD0,
    0xEA, 0x9F, 0x20, 0xD6, 0x25, 0x87, 0x43, 0xCA, 0x06, 0x9A, 0x04, 0xCC, 0x78, 0xB8, 0x6E, 0xE8,
    0xA2, 0xD8, 0x17, 0x52, 0x39, 0x2D, 0x69, 0x1A, 0xAC, 0x61, 0x6A, 0xF6, 0x2C, 0x55, 0x44, 0x27,
    0x86, 0xEE, 0x4B, 0x09, 0x34, 0x90, 0xD0, 0x8D, 0xC0, 0x60, 0xDA, 0x81, 0x2B, 0x26, 0xA5, 0xCE,
    0x0A, 0xC3, 0x42, 0xAE, 0x16, 0xB8, 0x17, 0x17, 0xE8, 0xED, 0x80, 0x14, 0xEF, 0x48, 0x37, 0x17,
    0xEF, 0x8D, 0x01, 0x45, 0x25, 0xA8, 0x03, 0x36, 0x25, 0x33, 0x68, 0x0C, 0x1F, 0x57, 0x50, 0xC6,
    0xFE, 0x03, 0xD9, 0x58, 0x7B, 0x10, 0x37, 0x82, 0xAC, 0xB8, 0x19, 0x39, 0xFD, 0x62, 0xF1, 0x0B,
    0x16, 0x14, 0xA5, 0xD6, 0xB7, 0xC3, 0xBB, 0x4E, 0xAE, 0xF3, 0x1E, 0xDE, 0x25, 0xF7, 0x4A, 0xA1,
    0x36, 0xB0, 0x5B, 0x4C, 0x60, 0xC3, 0x28, 0xD7, 0xBE, 0x97, 0x8D, 0x1B, 0xDB, 0x80, 0x95, 0x02,
    0x35, 0xAB, 0x1C, 0x86, 0xDD, 0x33, 0x1B, 0x3D, 0x70, 0xF0, 0x19, 0x44, 0x57, 0xBA, 0xD2, 0xDD,
    0xBC, 0xDE, 0x62, 0xE0, 0x23, 0xB7, 0xBC, 0x2E, 0xE3, 0x5E, 0x6C, 0x3D, 0x02, 0xCE, 0x27, 0xDD,
    0x18, 0xE1, 0xCD, 0xB1, 0x16, 0x56, 0xA0, 0x74, 0xC5, 0xD8, 0x4B, 0x2C, 0xA3, 0xDB, 0xC2, 0xAE,
    0x1C, 0x93, 0x4A, 0x8A, 0x96, 0x85, 0x70, 0x37, 0x42, 0x02, 0x48, 0x4E, 0xD9, 0xE1, 0xD1, 0x5F,
    0xB5, 0x9D, 0x29, 0xE4, 0xD0, 0xB3, 0x79, 0xAA, 0x2C, 0x4E, 0x0B, 0xD9, 0x16, 0x49, 0x20, 0x01,
    0xD9, 0xCA, 0xBF, 0xC7, 0x87, 0x22, 0x0F, 0x31, 0xF7, 0x4E, 0xB5, 0x37, 0xED, 0x21, 0x21, 0x6D,
    0x90, 0xB0, 0xFD, 0xE9, 0x86, 0xA5, 0x80, 0x8E, 0xCB, 0x72, 0x56, 0xED, 0xA1, 0x82, 0xF3, 0xE4,
    0x7B, 0x02, 0xFE, 0x16, 0xF7, 0xB1, 0x29, 0x88, 0xF0, 0x1D, 0x50, 0x18, 0x33, 0x31, 0x42, 0x60,
    0x7F, 0x5A, 0x5D, 0x6B, 0xD2, 0xF9, 0xBE, 0xF2, 0x91, 0x7F, 0x46, 0xDC, 0x3D, 0x35, 0x80, 0xBB,
    0x34, 0xF3, 0x77, 0x11, 0xCC, 0x8F, 0x5B, 0xF0, 0xA1, 0xBD, 0x8B, 0x51, 0x01, 0x98, 0xC8, 0xBE,
    0x05, 0x25, 0xF5, 0x7F, 0xCE, 0x93, 0x2F, 0xF2, 0xFF, 0xC3, 0x7D, 0x7F, 0x6B, 0x77, 0x75, 0x49,
    0xB5, 0xC0, 0xCC, 0x01, 0xC3, 0xDE, 0x6F, 0xE0, 0x10, 0x4A, 0x5B, 0x5D, 0x56, 0xAA, 0xCB, 0x6B,
    0xE4, 0xCB, 0xB6, 0xCD, 0x57, 0xE0, 0xE7, 0x3E, 0x3A, 0x8B, 0x2A, 0x3E, 0x22, 0x61, 0x82, 0xBB,
    0x73, 0x6A, 0xAA, 0xFD, 0xEF, 0xC0, 0xDF, 0xAA, 0x8C, 0xFF, 0x6F, 0x05, 0xEB, 0x57, 0x0C, 0x93,
    0xF5, 0x7E, 0x4B, 0x61, 0x75, 0xA3, 0xF3, 0xE4, 0x33, 0xB0, 0x7E, 0xE0, 0x7F, 0x7E, 0x91, 0xF7,
    0x00, 0x45, 0x8B, 0x58, 0x2D, 0x81, 0x52, 0x56, 0x6A, 0x29, 0x79, 0xEA, 0x93, 0x37, 0x38, 0x0F,
    0xFF, 0x8F, 0xCD, 0x46, 0x72, 0xB7, 0x05, 0x2B, 0x57, 0x7D, 0xE6, 0xB5, 0x41, 0x3F, 0x30, 0xA7,
    0x39, 0x91, 0x22, 0x4A, 0x64, 0x83, 0xAB, 0x34, 0x87, 0x07, 0x03, 0xA3, 0xCA, 0xD8, 0x65, 0xBD,
    0xD0, 0x51, 0x6F, 0xB8, 0xB2, 0x63, 0x11, 0xDA, 0x77, 0x9E, 0x7C, 0x30, 0x05, 0x6F, 0x44, 0x8C,
    0x3A, 0xB8, 0x1F, 0xE0, 0x81, 0x0C, 0xAC, 0x66, 0x38, 0x41, 0xE2, 0x39, 0x7F, 0xC2, 0xCC, 0x9C,
    0x69, 0x52, 0x75, 0xC8, 0x28, 0x2E, 0xE8, 0x26, 0xA1, 0xF9, 0x75, 0xC2, 0x51, 0x00, 0x4C, 0x8A,
    0x36, 0xAF, 0x93, 0x4E, 0xBE, 0xF1, 0x3D, 0xCE, 0xC7, 0x7F, 0x88, 0x56, 0x1A, 0x11, 0x5F, 0x16,
    0x49, 0x41, 0x19, 0x31, 0x1F, 0x36, 0xA9, 0x8F, 0x5A, 0xB5, 0xF5, 0xCB, 0x8D, 0xF0, 0xDA, 0x6F,
    0xAE, 0x6D, 0xDC, 0xD1, 0xA5, 0xB6, 0x9D, 0xDE, 0xFE, 0x9E, 0x77, 0xB7, 0xEF, 0x4D, 0x76, 0xFA,
    0x79, 0x86, 0xC7, 0x93, 0x97, 0x0C, 0x2B, 0x86, 0x21, 0xC3, 0x71, 0x9F, 0xD9, 0x67, 0xFE, 0xD7,
    0xEC, 0x48, 0x1F, 0xB7, 0xD4, 0x86, 0xA5, 0x27, 0x56, 0x7C, 0xD1, 0x6A, 0x4D, 0x1B, 0xBB, 0xB4,
    0xDD, 0x61, 0x3E, 0xCD, 0x2A, 0x9F, 0xDE, 0xA1, 0xF7, 0x32, 0xC0, 0xA6, 0xC8, 0x9B, 0x86, 0x4D,
    0x41, 0xD9, 0x95, 0xBA, 0x4F, 0xBB, 0x7C, 0xB2, 0xF1, 0x0F, 0x3C, 0x0E, 0x61, 0xDF, 0xD1, 0x04,
    0x0A, 0x3D, 0x61, 0x16, 0x68, 0x6A, 0xE5, 0x27, 0x23, 0x92, 0x60, 0xEA, 0x41, 0x6B, 0x1E, 0xF0,
    0xE4, 0x6F, 0x68, 0x59, 0x29, 0x5E, 0xC1, 0x8E, 0x2C, 0x8B, 0xE0, 0xD6, 0xC5, 0x91, 0xB0, 0x6E,
    0x14, 0xE6, 0x39, 0xC1, 0x15, 0x55, 0xD1, 0xD9, 0xDC, 0x53, 0xC6, 0xF3, 0x0F, 0x04, 0x99, 0xD3,
    0x97, 0x1F, 0x79, 0xEB, 0xF3, 0xC8, 0x25, 0x63, 0x94, 0xC5, 0x59, 0x8A, 0xA4, 0x6C, 0xF5, 0x69,
    0x21, 0x92, 0x67, 0xC1, 0xB8, 0xEB, 0x25, 0xFA, 0x33, 0x12, 0xEA, 0xBF, 0x50, 0x5F, 0xBF, 0x46,
    0x6C, 0x3F, 0x46, 0x70, 0x70, 0x83, 0x50, 0x53, 0x8B, 0x87, 0x9D, 0x7C, 0x78, 0xC5, 0x7D, 0x1E,
    0xCF, 0x36, 0xD2, 0xA7, 0xA1, 0x0F, 0xD0, 0x4E, 0xDF, 0x0F, 0xDB, 0x24, 0xBC, 0x77, 0xAB, 0x89,
    0xDF, 0xF9, 0xCD, 0xDD, 0xDA, 0x7C, 0xF0, 0xF6, 0xE7, 0x95, 0xB9, 0x17, 0xDE, 0xAB, 0xE6, 0xF7,
    0xC3, 0xFB, 0x45, 0xB8, 0x41, 0xF9, 0x0D, 0x07, 0x14, 0xDF, 0x80, 0x88, 0x79, 0x46, 0x4F, 0x45,
    0x65, 0x58, 0x29, 0xB8, 0xB0, 0x9A, 0xAD, 0x4F, 0x46, 0xEF, 0x78, 0xDC, 0x8E, 0x8F, 0x0B, 0xF2,
    0x4A, 0x0B, 0x34, 0x51, 0xDF, 0x0C, 0xB1, 0x11, 0x7E, 0xD5, 0x01, 0x81, 0x10, 0x1C, 0xA8, 0xB2,
    0xC5, 0xA0, 0x09, 0x22, 0xAA, 0x13, 0x3E, 0x2F, 0x29, 0xF8, 0xA0, 0x33, 0xCE, 0xF8, 0x3C, 0x6B,
    0x5E, 0x5B, 0xAD, 0x03, 0x01, 0x6B, 0x92, 0xF6, 0xC7, 0x04, 0x1D, 0x2C, 0xB2, 0xED, 0x58, 0x2F,
    0x92, 0x9D, 0x87, 0x0D, 0xB1, 0xC8, 0xAB, 0x27, 0x23, 0x42, 0x31, 0x1D, 0x01, 0x25, 0x0B, 0xC5,
    0x62, 0xA1, 0x3E, 0x80, 0x9A, 0x8C, 0x62, 0x96, 0x8A, 0x5C, 0xFC, 0x2A, 0xF8, 0x6B, 0xD8, 0xD6,
    0x93, 0xC0, 0x45, 0xCE, 0x7C, 0xB1, 0x73, 0x0C, 0x54, 0x02, 0x50, 0x74, 0x40, 0xAC, 0x25, 0x99,
    0xFE, 0xBA, 0x9C, 0xFB, 0xC2, 0xB8, 0xD0, 0x5D, 0xF9, 0x2A, 0x8B, 0xB2, 0x7E, 0xA3, 0x09, 0xF9,
    0xDE, 0xE9, 0xCA, 0x00, 0x0F, 0x4E, 0x64, 0x43, 0x98, 0xB5, 0xF3, 0x6E, 0xDE, 0x68, 0xCA, 0xBA,
    0x2C, 0x4C, 0x37, 0xAB, 0xAD, 0xFF, 0xA8, 0x5D, 0x1F, 0xFA, 0xFA, 0x97, 0x33, 0x9F, 0xFD, 0x1F,
    0xBD, 0x59, 0x3F, 0x8C, 0x1C, 0x57, 0x19, 0xFF, 0x76, 0x06, 0x7B, 0x82, 0x27, 0xD2, 0x4B, 0x24,
    0x50, 0x00, 0x2B, 0x9E, 0x14, 0x14, 0x48, 0x90, 0x9B, 0x1A, 0xC9, 0xDE, 0x19, 0x91, 0x22, 0x85,
    0x0B, 0xBB, 0x59, 0x5B, 0x8A, 0x0B, 0xA7, 0x84, 0x06, 0x37, 0x14, 0x46, 0xF2, 0xED, 0x4C, 0x14,
    0x51, 0x51, 0x90, 0x06, 0xA5, 0xA0, 0x20, 0x45, 0x2A, 0x10, 0x72, 0xE3, 0xC2, 0xC5, 0xEE, 0xCD,
    0xE0, 0x14, 0x29, 0x28, 0x3C, 0x08, 0x19, 0x4A, 0x06, 0x12, 0x53, 0x20, 0x21, 0x8F, 0xC4, 0x1E,
    0x1E, 0x93, 0xD9, 0x79, 0xFC, 0x7E, 0xDF, 0x9B, 0xBD, 0xDB, 0xF3, 0xDD, 0x86, 0xB3, 0x65, 0x7B,
    0x6E, 0xBF, 0x37, 0x7B, 0x33, 0xEF, 0x7D, 0xFF, 0xFF, 0xBD, 0xB7, 0xDB, 0xD6, 0x6E, 0x8B, 0x74,
    0x07, 0x2E, 0x79, 0x59, 0x44, 0xA1, 0xA8, 0x25, 0xB4, 0x9D, 0xC4, 0xFF, 0x2A, 0x24, 0x79, 0x79,
    0x4B, 0xE6, 0x78, 0xD6, 0x1D, 0x01, 0x7C, 0xCE, 0xF7, 0x9C, 0xC7, 0xF9, 0x23, 0x5B, 0xC9, 0x1E,
    0x0E, 0xC5, 0xD3, 0x4A, 0x60, 0x6D, 0x6A, 0x76, 0xAF, 0x95, 0x71, 0x1E, 0xD4, 0xB1, 0x8C, 0xD2,
    0x18, 0x8F, 0x4D, 0x0E, 0x28, 0x45, 0x2C, 0xD6, 0x10, 0xBC, 0x05, 0x1E, 0xB6, 0xFB, 0x30, 0x6A,
    0x44, 0xFC, 0x5A, 0x24, 0x04, 0xBA, 0xC4, 0xFE, 0xB2, 0xB2, 0xD6, 0x36, 0xD7, 0x4F, 0xDA, 0xEA,
    0x15, 0x91, 0x57, 0x6E, 0xC4, 0xCD, 0x22, 0xB6, 0xB6, 0x0E, 0x77, 0xB3, 0xDC, 0x94, 0xA6, 0x4A,
    0xC4, 0x6F, 0xD6, 0x21, 0x06, 0xE0, 0x79, 0xC9, 0xF7, 0x9C, 0xC7, 0xF9, 0x5C, 0xB7, 0x23, 0x12,
    0xE7, 0x09, 0xF0, 0x49, 0x54, 0xCA, 0x5C, 0x4C, 0x25, 0x1D, 0x66, 0x82, 0xB2, 0xB7, 0xF0, 0x41,
    0xAE, 0x0B, 0xC1, 0xCF, 0x0E, 0x99, 0x4A, 0x30, 0x49, 0xA2, 0x9E, 0x6C, 0x76, 0x18, 0x7C, 0xF0,
    0xE3, 0x83, 0xBE, 0x78, 0xBF, 0xFD, 0xEF, 0x47, 0xF8, 0xDA, 0x88, 0x1B, 0xF4, 0x99, 0x0E, 0xFB,
    0xCF, 0xF6, 0x15, 0xE9, 0xAE, 0xBD, 0xFF, 0xA9, 0x98, 0xD0, 0xB6, 0x12, 0xDD, 0x5B, 0x4A, 0x2C,
    0xDF, 0x97, 0x38, 0x15, 0xB2, 0x21, 0xA1, 0x22, 0xCF, 0x25, 0x7A, 0xB0, 0x90, 0xA9, 0x67, 0xC1,
    0x52, 0x52, 0x76, 0xE0, 0x0D, 0xAC, 0xD5, 0x45, 0xEA, 0xD7, 0x49, 0x1D, 0x56, 0x61, 0x1F, 0xE7,
    0x62, 0x97, 0x58, 0x40, 0xCD, 0xE0, 0x2E, 0x99, 0x9C, 0x84, 0x18, 0xFC, 0x8B, 0xEE, 0xF7, 0x83,
    0xE2, 0x6B, 0xB9, 0x15, 0xE4, 0x6D, 0x58, 0x62, 0x84, 0xCA, 0xA1, 0xB7, 0x0C, 0x4B, 0xBC, 0x7E,
    0x52, 0xE4, 0x21, 0x6C, 0x59, 0x47, 0x39, 0xE4, 0x1C, 0x7B, 0x36, 0x9F, 0xDD, 0x30, 0xB6, 0x39,
    0x77, 0x3B, 0xFE, 0x7D, 0xB3, 0x05, 0x75, 0x89, 0x39, 0x6A, 0xC0, 0xDB, 0xC5, 0x96, 0xCE, 0xC3,
    0x8A, 0x72, 0xA6, 0x6B, 0x15, 0x8B, 0xE2, 0x53, 0xCC, 0x8E, 0x86, 0xC4, 0xCD, 0x74, 0x26, 0x67,
    0x4F, 0x77, 0x3B, 0xB3, 0xE6, 0x6C, 0xDF, 0x65, 0xBF, 0x93, 0x1D, 0xCC, 0xEB, 0x4C, 0x49, 0x53,
    0x84, 0xF5, 0x0E, 0x8C, 0x0C, 0x89, 0xA0, 0x99, 0x69, 0xD0, 0xE8, 0x9D, 0xFF, 0x87, 0xF5, 0x54,
    0x4D, 0xC5, 0x79, 0x9C, 0x3F, 0x99, 0x4C, 0x2E, 0xC2, 0xC0, 0x1D, 0x81, 0x3A, 0xDB, 0x08, 0x47,
    0x89, 0xF5, 0xB3, 0x8B, 0x10, 0xCB, 0xD8, 0x8A, 0x62, 0x2D, 0xCE, 0xDD, 0x36, 0x77, 0xDA, 0x2D,
    0x58, 0xBF, 0x35, 0x8D, 0xF9, 0x0B, 0x07, 0xDB, 0x70, 0x48, 0x31, 0xDC, 0xCD, 0xCD, 0x6D, 0xF3,
    0x69, 0x05, 0xB1, 0xEE, 0x40, 0x2C, 0x93, 0xB7, 0x9B, 0xC5, 0x9A, 0x4C, 0xC0, 0x8A, 0x85, 0xBE,
    0x17, 0xD9, 0xB2, 0x8D, 0x89, 0x61, 0x99, 0x25, 0x9D, 0x81, 0x04, 0x22, 0xEB, 0x30, 0xC9, 0x94,
    0xF1, 0x86, 0xF0, 0xF8, 0x3B, 0x5E, 0x83, 0x60, 0xFA, 0xDE, 0xB4, 0x32, 0xDE, 0x91, 0xEB, 0x06,
    0xDA, 0x15, 0xD9, 0x12, 0xB9, 0x21, 0x5E, 0x23, 0x70, 0xB9, 0x31, 0x83, 0x80, 0x1F, 0x18, 0x77,
    0xBA, 0x23, 0x3F, 0xC1, 0xDB, 0x48, 0xBC, 0xA5, 0xF8, 0x10, 0x39, 0xE6, 0xE4, 0x5B, 0x11, 0x9F,
    0x47, 0x0B, 0xF1, 0xE1, 0xD3, 0x31, 0xD6, 0x41, 0xA1, 0xC7, 0x84, 0x02, 0x00, 0xDC, 0x1F, 0xDA,
    0xD4, 0xDA, 0x9B, 0xF5, 0x17, 0x4B, 0x53, 0xAF, 0x85, 0xD8, 0x9E, 0x5E, 0x47, 0x88, 0x11, 0x03,
    0x88, 0xED, 0xD5, 0x32, 0xB1, 0xA6, 0xCC, 0x00, 0xC5, 0x00, 0xFC, 0xCE, 0x67, 0x06, 0xE0, 0x03,
    0x24, 0x03, 0x24, 0x4F, 0x0E, 0xDB, 0xC8, 0x35, 0xA7, 0xE4, 0x75, 0x49, 0x2A, 0x69, 0x5E, 0x6D,
    0xB2, 0xD2, 0x2F, 0xA3, 0xB2, 0x28, 0x5F, 0xC3, 0x7D, 0xFD, 0xEF, 0xE4, 0x07, 0x92, 0x74, 0x32,
    0x1B, 0xCB, 0x22, 0x92, 0xC6, 0xF0, 0xD3, 0xC6, 0x92, 0x2C, 0x29, 0x3C, 0x7D, 0x27, 0x7E, 0xAF,
    0x85, 0xFF, 0x2C, 0xD5, 0x77, 0xBC, 0x16, 0xD6, 0xEB, 0x10, 0xC3, 0x53, 0xBC, 0xC0, 0x9D, 0xFF,
    0xF3, 0x39, 0xDF, 0x73, 0x1E, 0xE7, 0xFB, 0xA5, 0x8C, 0xB8, 0x82, 0x91, 0x59, 0x94, 0xCC, 0x25,
    0x78, 0x82, 0x65, 0x18, 0x61, 0x20, 0x8C, 0x1D, 0xC7, 0x11, 0x23, 0xB0, 0xD4, 0x80, 0x2E, 0x19,
    0xFD, 0x7E, 0x19, 0x23, 0x45, 0xF9, 0xE5, 0x18, 0x51, 0x26, 0xAA, 0x40, 0x26, 0x88, 0xBB, 0xCC,
    0x47, 0xE6, 0x02, 0xB3, 0xD6, 0xD8, 0xD0, 0x32, 0x33, 0x8C, 0x53, 0xD8, 0x8D, 0x58, 0x30, 0xC2,
    0x98, 0xB0, 0x55, 0x50, 0x71, 0xF4, 0x95, 0x22, 0x70, 0x05, 0x25, 0xE9, 0x9A, 0x35, 0x8A, 0x37,
    0x74, 0x5C, 0xA3, 0xC8, 0x15, 0xA0, 0x9B, 0x7F, 0x4C, 0xBA, 0x70, 0x54, 0xBF, 0xDC, 0xDE, 0x22,
    0x17, 0xED, 0x4B, 0x18, 0x3D, 0x87, 0xA5, 0x62, 0xB6, 0x00, 0x96, 0x29, 0xE9, 0x92, 0xDD, 0x6D,
    0x25, 0xD4, 0x4A, 0x3C, 0x49, 0x31, 0x25, 0xB1, 0xC4, 0x82, 0x31, 0x84, 0xFB, 0xFE, 0x08, 0x5F,
    0x52, 0xB0, 0x74, 0x9B, 0xEA, 0x80, 0x2B, 0x31, 0x4A, 0xFC, 0x5E, 0x95, 0xB0, 0x74, 0xAE, 0x99,
    0xCE, 0x35, 0xFF, 0x02, 0xCD, 0xBB, 0xE6, 0x7D, 0x4C, 0x99, 0x25, 0xE7, 0x2B, 0x1A, 0x39, 0xCA,
    0x93, 0x32, 0x6C, 0x13, 0x72, 0x2C, 0x48, 0x57, 0xD4, 0x9D, 0x7F, 0x97, 0x92, 0x98, 0x0B, 0x90,
    0xA1, 0x24, 0x57, 0x71, 0x9A, 0xC0, 0xD1, 0xC7, 0xC2, 0xB1, 0xA3, 0x2A, 0x54, 0x6A, 0xE8, 0x14,
    0xC9, 0x2C, 0x29, 0x1D, 0xF0, 0xFB, 0xEA, 0xD2, 0x2C, 0x9F, 0x33, 0xED, 0xA2, 0x10, 0x88, 0xBA,
    0x74, 0x54, 0xBB, 0xE8, 0x98, 0xED, 0x39, 0xA0, 0x49, 0x51, 0x66, 0xD2, 0xE2, 0x3D, 0x2B, 0xB1,
    0x1D, 0x42, 0xDC, 0xE8, 0xE2, 0x52, 0x5C, 0x0D, 0x10, 0x59, 0xC8, 0xFA, 0xE5, 0x69, 0x52, 0x66,
    0x1A, 0x0C, 0x34, 0x47, 0x3F, 0xE0, 0xF0, 0x6B, 0x90, 0x8D, 0x2F, 0x90, 0x07, 0xA6, 0xF1, 0x71,
    0x80, 0x75, 0x33, 0x4D, 0xC8, 0x60, 0x11, 0x2A, 0x6B, 0xA9, 0x4B, 0xA6, 0x7B, 0x24, 0x7E, 0xD4,
    0x23, 0x28, 0x84, 0x01, 0x6E, 0xFE, 0xF9, 0x9B, 0x9B, 0x29, 0x75, 0x5B, 0x32, 0xE9, 0x71, 0x60,
    0xCA, 0x72, 0xC9, 0xBD, 0x5C, 0xB1, 0xC0, 0x72, 0x45, 0xBB, 0xAD, 0x5F, 0x24, 0x8E, 0x64, 0xCD,
    0xD4, 0xCD, 0xE1, 0x01, 0xE4, 0x0B, 0xA1, 0x2B, 0x31, 0x7F, 0x00, 0xF7, 0xD1, 0x5B, 0x20, 0x1E,
    0x13, 0x49, 0x32, 0x5A, 0xD0, 0x58, 0x1D, 0xC5, 0xEC, 0x68, 0xB0, 0x29, 0x0B, 0x5D, 0xC2, 0xA2,
    0x61, 0x75, 0xC8, 0x43, 0x70, 0x40, 0xAF, 0x0B, 0x2B, 0xF8, 0x65, 0x50, 0x27, 0xA9, 0x4B, 0x8C,
    0x98, 0x45, 0x3B, 0x3B, 0x01, 0xA3, 0x9B, 0x40, 0x3F, 0x66, 0x25, 0xDC, 0xAC, 0x03, 0xBB, 0xA7,
    0x03, 0xF3, 0x0C, 0x74, 0x30, 0x57, 0x1D, 0x44, 0xF7, 0x29, 0x02, 0xCB, 0xDB, 0x3C, 0x2B, 0x37,
    0x10, 0x27, 0xDD, 0xD0, 0x19, 0x00, 0x4C, 0x46, 0xFB, 0x06, 0xA0, 0xE1, 0xE6, 0x8E, 0xF8, 0x82,
    0x92, 0x3F, 0x46, 0xDC, 0xA2, 0x68, 0x0D, 0xC4, 0x73, 0x48, 0xBE, 0x4F, 0x3C, 0x18, 0x0C, 0xF0,
    0xE6, 0x08, 0x08, 0xC6, 0xF4, 0x2F, 0xFD, 0xF6, 0xD8, 0xE5, 0xF5, 0x2B, 0xDD, 0x07, 0xF0, 0x76,
    0x70, 0x40, 0x47, 0xA3, 0x01, 0xA2, 0x9F, 0x43, 0x4D, 0xF1, 0xDB, 0x74, 0x32, 0x12, 0x9F, 0x92,
    0xF8, 0x6C, 0x65, 0x00, 0xE8, 0x60, 0x4E, 0xDC, 0x83, 0x01, 0xC8, 0x46, 0x6A, 0x06, 0x03, 0x98,
    0x12, 0x6C, 0x84, 0x15, 0x0C, 0x10, 0xD0, 0x00, 0x5A, 0xD0, 0x57, 0x84, 0x42, 0x4B, 0xF4, 0xE7,
    0x69, 0x5F, 0xBA, 0x85, 0x39, 0x9F, 0xAF, 0x0C, 0x6F, 0x57, 0x3A, 0x30, 0x7B, 0x1C, 0xC4, 0xBF,
    0x60, 0xCB, 0x12, 0xAC, 0x38, 0x98, 0x93, 0x83, 0x81, 0x78, 0x47, 0x1D, 0x4C, 0x1D, 0x07, 0xAA,
    0x03, 0x1A, 0x20, 0x57, 0x0E, 0x62, 0x25, 0x4E, 0xF1, 0x95, 0xF8, 0x8E, 0xB8, 0x8E, 0x48, 0x2D,
    0x04, 0xA9, 0xDC, 0x2D, 0xD9, 0x9D, 0x4C, 0x70, 0xB3, 0xCA, 0x9B, 0xF7, 0x50, 0x6F, 0xC1, 0x67,
    0x7A, 0x33, 0x9F, 0xE8, 0x2D, 0x7E, 0x4B, 0x6F, 0x53, 0x7F, 0x77, 0x02, 0xB5, 0x74, 0x10, 0x13,
    0xD1, 0xDF, 0xE8, 0x2D, 0xAC, 0x55, 0x26, 0xA3, 0x79, 0x07, 0x66, 0x55, 0x2C, 0x85, 0xDE, 0x46,
    0x8F, 0x26, 0x97, 0x5D, 0x13, 0xC3, 0x77, 0xC8, 0xA9, 0x58, 0x3E, 0x89, 0x4B, 0xD5, 0x52, 0x22,
    0x4E, 0x59, 0xA7, 0xA9, 0x03, 0x8B, 0x06, 0x26, 0xE8, 0x2F, 0xF7, 0x9C, 0x93, 0xA4, 0xD0, 0x95,
    0x49, 0xC7, 0x32, 0x04, 0xB3, 0x46, 0xF3, 0xE6, 0x81, 0x49, 0x47, 0x13, 0xAA, 0x70, 0x59, 0xAE,
    0x08, 0x82, 0xFE, 0x52, 0xCF, 0xEA, 0xD3, 0x52, 0x42, 0xA0, 0x1F, 0x55, 0x2B, 0xBF, 0xD2, 0x0C,
    0xF0, 0x95, 0x2D, 0x71, 0xFD, 0x11, 0x1D, 0x80, 0x91, 0xA4, 0x74, 0xE2, 0x7D, 0x2F, 0x00, 0x5F,
    0x25, 0x61, 0x39, 0x99, 0xA4, 0x47, 0x35, 0x0C, 0xCB, 0xC9, 0x45, 0x65, 0x99, 0xB0, 0xA9, 0xA9,
    0xE0, 0xDA, 0x15, 0x1E, 0x91, 0xA1, 0x95, 0x63, 0x0C, 0x3D, 0x4F, 0x3A, 0x4C, 0x80, 0xB8, 0xF9,
    0x0F, 0x5D, 0x3F, 0xF4, 0xBC, 0xE8, 0x04, 0xF9, 0x75, 0x74, 0x18, 0x33, 0xE1, 0x7D, 0xFD, 0x3A,
    0x1E, 0x9D, 0x85, 0xC2, 0x71, 0xE8, 0x9C, 0x15, 0xD6, 0x5D, 0x97, 0xAA, 0xD9, 0x38, 0x5D, 0xDE,
    0x85, 0xCF, 0x6D, 0xFC, 0xBB, 0xBC, 0xAB, 0xCD, 0xD5, 0xF7, 0x90, 0x18, 0xDB, 0x27, 0x5B, 0x03,
    0x1F, 0x08, 0xD0, 0x0C, 0xFC, 0x35, 0xCD, 0x82, 0x21, 0x1F, 0xA1, 0xE8, 0xE1, 0xF3, 0xF5, 0x65,
    0xEA, 0x42, 0xFC, 0x38, 0x1F, 0x4C, 0x76, 0xAB, 0xF6, 0xBB, 0xE5, 0xD5, 0xE5, 0x9E, 0xBF, 0xB6,
    0x9B, 0xBA, 0x48, 0x38, 0xCE, 0x07, 0x93, 0xDD, 0x2A, 0x04, 0x49, 0xCE, 0x48, 0x41, 0x8A, 0xDB,
    0x7D, 0xC7, 0xF2, 0x55, 0xCC, 0x48, 0xD3, 0xA8, 0xA3, 0x04, 0x6E, 0x93, 0x31, 0x6A, 0x2F, 0xEF,
    0x5E, 0x94, 0x96, 0x51, 0xE7, 0x06, 0x7A, 0x5B, 0xAB, 0x2F, 0x56, 0x53, 0x74, 0xB2, 0x2E, 0x03,
    0x02, 0x45, 0xA5, 0x48, 0x89, 0x5E, 0xB2, 0x0F, 0x4B, 0xED, 0x35, 0x76, 0x8B, 0x7D, 0x5B, 0xA6,
    0x64, 0x1B, 0x50, 0x69, 0xAA, 0x4E, 0x7A, 0xD4, 0x17, 0xEC, 0x3E, 0x92, 0x6E, 0x07, 0x80, 0x0D,
    0x42, 0x87, 0x2D, 0x0F, 0xDA, 0xEC, 0xA4, 0x43, 0x66, 0xE9, 0x50, 0x5B, 0xBA, 0x51, 0x8B, 0x16,
    0xAB, 0x03, 0xA0, 0xA3, 0x95, 0x24, 0x43, 0xFD, 0xB5, 0x0E, 0x7C, 0x6E, 0xC3, 0xAC, 0x9C, 0xD0,
    0xF0, 0x4B, 0x57, 0xD5, 0xCF, 0xD3, 0x84, 0xF2, 0xF1, 0x01, 0xFF, 0x89, 0x40, 0x74, 0x44, 0xE7,
    0x08, 0xFA, 0x2B, 0x4B, 0xE6, 0x82, 0x8C, 0x41, 0x1D, 0xA1, 0x63, 0xC2, 0x9A, 0x19, 0x93, 0x18,
    0x1B, 0xAB, 0x66, 0xE3, 0x30, 0x1F, 0xF2, 0x1C, 0xD8, 0xE2, 0x32, 0x45, 0xA0, 0xA8, 0x14, 0xA9,
    0xA2, 0x07, 0xE1, 0x3D, 0x3E, 0x92, 0xBD, 0x14, 0xF3, 0xD1, 0x0B, 0x67, 0xC3, 0x63, 0x15, 0x0E,
    0x59, 0x04, 0xE2, 0xAB, 0x30, 0xC0, 0x0F, 0xBD, 0x0F, 0x5E, 0x34, 0x07, 0xF1, 0x3F, 0x1A, 0xEE,
    0x79, 0x10, 0x28, 0x8F, 0x8A, 0xFC, 0x50, 0x21, 0x7C, 0x11, 0x1C, 0xBC, 0xE9, 0x55, 0x43, 0x41,
    0xD7, 0x6F, 0x2F, 0x9E, 0x83, 0x97, 0xE0, 0x0C, 0x63, 0x14, 0x8D, 0x24, 0x4F, 0x52, 0x53, 0xF7,
    0xE2, 0x7F, 0x01, 0xAB, 0x50, 0x23, 0x6C, 0x4B, 0xE0, 0xF8, 0xFE, 0x17, 0x0B, 0x31, 0x35, 0xDA,
    0x5B, 0xBC, 0x1F, 0xA3, 0xE5, 0xFD, 0x06, 0x76, 0xC7, 0xAC, 0x28, 0xD8, 0x34, 0xDB, 0x87, 0x25,
    0x90, 0xA1, 0xCC, 0x03, 0x2D, 0x0B, 0x56, 0x01, 0xBE, 0xB0, 0x15, 0x9F, 0x89, 0xFF, 0x29, 0xF8,
    0x32, 0xE4, 0xE1, 0x2C, 0x07, 0x44, 0x5E, 0xE7, 0x21, 0xE8, 0xBA, 0x00, 0x6D, 0x73, 0x17, 0x81,
    0xAF, 0xD9, 0x59, 0xF0, 0x95, 0x31, 0x41, 0x63, 0xCF, 0x12, 0x95, 0x11, 0xF9, 0x8A, 0xC9, 0xD7,
    0x4F, 0x19, 0xB8, 0x6F, 0xC4, 0xD4, 0xCC, 0xB7, 0x87, 0xCE, 0x30, 0x19, 0xA2, 0xC5, 0xDB, 0x37,
    0x10, 0x64, 0x4B, 0x9E, 0x00, 0xC6, 0x6B, 0xB0, 0x0D, 0x95, 0x20, 0x74, 0xBD, 0x2E, 0xBE, 0x7F,
    0xAD, 0x41, 0x9B, 0x54, 0x49, 0x41, 0x07, 0xFC, 0xDA, 0x40, 0xAC, 0x73, 0x35, 0xEA, 0xE4, 0x73,
    0xA4, 0xA5, 0xA7, 0x2E, 0xEC, 0x5B, 0xA6, 0x32, 0xFA, 0xE8, 0x5B, 0xCF, 0x8D, 0xCE, 0xA8, 0x3E,
    0x83, 0xFC, 0x12, 0xEB, 0x7D, 0xFD, 0x7A, 0xF6, 0xBA, 0x0B, 0x99, 0x47, 0xA2, 0xBD, 0x64, 0xD2,
    0xAE, 0x53, 0x63, 0x3F, 0x52, 0x71, 0x13, 0x53, 0x42, 0x6C, 0x9E, 0x1F, 0xB1, 0x4B, 0xD7, 0x02,
    0xDB, 0x31, 0xFA, 0xA7, 0xDA, 0xC8, 0x53, 0x23, 0xDA, 0xDE, 0x85, 0xDA, 0xF7, 0xF5, 0xAB, 0x2E,
    0x58, 0x8E, 0x37, 0x3C, 0x5E, 0x3D, 0x5D, 0x15, 0xB7, 0xE9, 0x72, 0x92, 0xF1, 0x3C, 0x44, 0x4F,
    0x7B, 0xF6, 0x21, 0xAC, 0xF8, 0x9C, 0xEF, 0x37, 0x55, 0x7A, 0x0F, 0xA1, 0x11, 0xA1, 0x83, 0x4F,
    0xEE, 0x15, 0xB9, 0x3B, 0x63, 0x59, 0x41, 0x94, 0x77, 0x27, 0x2C, 0x36, 0xC4, 0x58, 0x67, 0x78,
    0x9A, 0xA4, 0xF8, 0x89, 0xB7, 0x39, 0x08, 0x78, 0x76, 0xA2, 0x28, 0x75, 0x4E, 0x08, 0x4B, 0xE7,
    0x2E, 0xD3, 0xEB, 0xA6, 0x63, 0x1B, 0x70, 0x6A, 0x5F, 0x3F, 0x3C, 0x59, 0x0A, 0x2D, 0x76, 0xD5,
    0xF7, 0x2C, 0xD4, 0xC3, 0x73, 0xAB, 0x61, 0x5B, 0xF7, 0x5D, 0xEC, 0x38, 0x51, 0x8D, 0x92, 0xCF,
    0xB9, 0xE7, 0x56, 0xDA, 0x3C, 0xEB, 0x29, 0xFB, 0x11, 0x0B, 0xE2, 0x03, 0xBC, 0x63, 0xC7, 0x7C,
    0xD1, 0x21, 0x66, 0x3F, 0xCC, 0x65, 0xDF, 0x3C, 0x06, 0xDE, 0x6B, 0x03, 0xDE, 0xFA, 0x20, 0x5E,
    0x7B, 0x69, 0x0D, 0x6F, 0x92, 0xBA, 0xF5, 0x7F, 0xEC, 0x8E, 0x8F, 0xAF, 0x5A, 0xE1, 0x8B, 0x0F,
    0xE1, 0xF3, 0x97, 0x3F, 0x46, 0x0D, 0xC4, 0xDB, 0x2B, 0x8B, 0x67, 0x82, 0x2F, 0x4C, 0xAF, 0x63,
    0xE6, 0x4C, 0x78, 0x5F, 0xBF, 0xD6, 0x71, 0x8E, 0x9F, 0x04, 0x67, 0x6F, 0x5C, 0xC7, 0x83, 0x12,
    0xC0, 0x93, 0x44, 0xFF, 0xEF, 0x3C, 0xDD, 0x68, 0xF4, 0xAE, 0x47, 0xAE, 0x6B, 0xA5, 0xE1, 0xA9,
    0x69, 0x80, 0x6F, 0xAC, 0x0D, 0xF5, 0x3C, 0xB1, 0xB0, 0x65, 0x7C, 0xAF, 0xE8, 0xAF, 0x34, 0x5B,
    0x12, 0xD7, 0x6E, 0xAF, 0xCF, 0xE4, 0x63, 0xEE, 0x4D, 0xA6, 0x23, 0x6C, 0x1A, 0x6C, 0xCF, 0x2D,
    0x89, 0xED, 0xB3, 0xCF, 0xC9, 0x57, 0x27, 0x6E, 0x8C, 0x74, 0x4C, 0x1A, 0xF9, 0xA0, 0xB8, 0xD4,
    0xF7, 0x57, 0x16, 0x68, 0x48, 0x0A, 0x5B, 0x85, 0x36, 0x3D, 0xDD, 0xEB, 0x81, 0x72, 0x00, 0xAE,
    0xA2, 0xFB, 0x45, 0x8A, 0x6E, 0x51, 0x0F, 0x21, 0x8E, 0xF2, 0xEC, 0xB9, 0xC6, 0xA8, 0x49, 0x63,
    0xCC, 0xA3, 0x14, 0x94, 0x46, 0x5E, 0xE7, 0x43, 0x96, 0x1E, 0x78, 0xD2, 0x0F, 0x6A, 0x27, 0xED,
    0xC5, 0xE1, 0x5C, 0xA0, 0x1B, 0xF6, 0x04, 0x6B, 0x1E, 0xBB, 0x77, 0x78, 0x7D, 0xBF, 0x60, 0xDD,
    0x60, 0x07, 0x8C, 0x5E, 0xF7, 0x72, 0x0D, 0x8E, 0x15, 0x56, 0xB4, 0x66, 0x4A, 0xEB, 0xAB, 0xE2,
    0x68, 0x39, 0x1E, 0x45, 0xDE, 0x70, 0x88, 0x19, 0xF6, 0xDC, 0xC9, 0x6E, 0xC0, 0x9B, 0x0C, 0x78,
    0x19, 0xB1, 0x8F, 0xE3, 0x9D, 0x1F, 0x85, 0x97, 0x67, 0x20, 0xBA, 0x1B, 0xEB, 0x9E, 0x09, 0x9F,
    0xA3, 0xFA, 0x4D, 0x04, 0xD6, 0x58, 0xEF, 0x07, 0xAE, 0x75, 0x1E, 0x53, 0x53, 0x16, 0xC0, 0xD9,
    0xAF, 0xE1, 0x64, 0xE6, 0x22, 0xB0, 0x83, 0x4C, 0x72, 0xE0, 0xDC, 0xCD, 0x72, 0x87, 0xF3, 0x73,
    0xB9, 0x0E, 0xCE, 0x63, 0x15, 0x1A, 0xEF, 0x9A, 0xA4, 0x79, 0x6D, 0x63, 0x3F, 0x2E, 0x0D, 0x8F,
    0xD8, 0xDD, 0x16, 0x09, 0x7B, 0x80, 0xF2, 0x6A, 0x69, 0x36, 0xFC, 0xC9, 0x12, 0x66, 0xCF, 0x87,
    0x7D, 0xA9, 0xEE, 0x98, 0xF1, 0x19, 0x65, 0x9A, 0x88, 0xFF, 0xDF, 0xE7, 0x70, 0x87, 0x1E, 0x75,
    0xFC, 0x9C, 0x38, 0x66, 0xB3, 0xCF, 0xAB, 0x7F, 0x5B, 0xCF, 0x57, 0xE5, 0x9D, 0x9E, 0x59, 0x33,
    0x95, 0x90, 0x47, 0x14, 0x01, 0x1C, 0xFD, 0xFD, 0xDA, 0xD8, 0x87, 0x4D, 0x72, 0xBF, 0x68, 0x32,
    0x31, 0xCD, 0xF2, 0x50, 0x82, 0xF4, 0x6B, 0x34, 0x09, 0x15, 0xCD, 0xBC, 0xAE, 0x76, 0xFF, 0xD1,
    0x0D, 0xF4, 0xCA, 0xD1, 0x95, 0x41, 0x9C, 0x26, 0xAB, 0xFF, 0x63, 0x3B, 0xFB, 0xE7, 0xBE, 0x97,
    0x8C, 0x4D, 0xF7, 0x97, 0x7E, 0x0E, 0xB8, 0x2C, 0xEB, 0xD0, 0xA9, 0xF4, 0x31, 0xB3, 0xF5, 0x34,
    0x5B, 0x4E, 0x9A, 0x73, 0xED, 0x9B, 0x0E, 0xF1, 0xD4, 0xCC, 0xB5, 0x59, 0x52, 0x9E, 0xF2, 0x23,
    0x5D, 0xD6, 0x1C, 0xE5, 0xB2, 0x4F, 0x89, 0x57, 0x5D, 0xB6, 0x39, 0xC2, 0x65, 0x9F, 0x0E, 0x9F,
    0xD7, 0x5F, 0x83, 0x2F, 0xF4, 0x62, 0x7E, 0xD5, 0x3E, 0x13, 0x7C, 0x41, 0x7E, 0x06, 0xCE, 0x1A,
    0xEB, 0xFD, 0x70, 0x08, 0x3C, 0xA5, 0xCC, 0x9B, 0x8E, 0x32, 0xDD, 0x36, 0x55, 0x4F, 0xF2, 0x79,
    0xAA, 0xEF, 0xBC, 0xF1, 0x88, 0xB9, 0xC5, 0xDF, 0x34, 0xC9, 0x3A, 0xDA, 0x09, 0x68, 0x17, 0x75,
    0xE7, 0x7D, 0x86, 0xBE, 0xF2, 0x13, 0xB4, 0x95, 0xA0, 0xCB, 0x6E, 0x13, 0xC1, 0x53, 0x54, 0xA0,
    0x9D, 0xA3, 0xB7, 0xC4, 0xBC, 0x02, 0xB4, 0xDF, 0xA5, 0x7E, 0xD2, 0xE1, 0xE4, 0x98, 0xFD, 0xC9,
    0x77, 0xF6, 0x7A, 0xA1, 0x2F, 0xF7, 0xAA, 0xA2, 0x13, 0x5B, 0x7C, 0x68, 0x13, 0x9B, 0x85, 0x1D,
    0x7F, 0x5C, 0xE3, 0x99, 0xB3, 0xD1, 0x13, 0x86, 0xE3, 0x62, 0xC8, 0x56, 0x18, 0xAE, 0x85, 0xCB,
    0x88, 0x07, 0x64, 0x36, 0x8F, 0xDE, 0x6F, 0x9E, 0x82, 0xFA, 0x99, 0x51, 0x1D, 0x7B, 0xCD, 0x99,
    0xB5, 0xE3, 0xBA, 0x27, 0x63, 0x5E, 0x6E, 0xB9, 0x63, 0x1E, 0x7F, 0xE8, 0x15, 0x56, 0xFD, 0x99,
    0x1A, 0xD9, 0x94, 0x51, 0x6A, 0x72, 0xE6, 0x9C, 0xB0, 0x4C, 0x24, 0xA8, 0xC6, 0x1A, 0xA0, 0x1E,
    0x0C, 0x39, 0x6A, 0xA0, 0xAE, 0x47, 0x58, 0xB7, 0xC3, 0x8D, 0x52, 0xED, 0x2A, 0x45, 0x5C, 0x0E,
    0x65, 0x2F, 0xD5, 0xEA, 0x70, 0x62, 0xC7, 0xFD, 0x96, 0x67, 0x9A, 0x0D, 0x3F, 0x2D, 0x61, 0x5D,
    0xCF, 0x9F, 0x22, 0xEF, 0xF5, 0xC2, 0x6A, 0xBF, 0x64, 0x1F, 0x75, 0xA0, 0xAF, 0xDA, 0x83, 0x9C,
    0xEF, 0x39, 0x8F, 0xF3, 0xB9, 0xEE, 0x28, 0x7C, 0x47, 0xD5, 0xFF, 0x19, 0x7C, 0xE4, 0x1C, 0x98,
    0x19, 0xB3, 0x9B, 0x90, 0x73, 0x12, 0xE1, 0x89, 0x01, 0x95, 0xB0, 0x6C, 0x25, 0xB8, 0x83, 0x30,
    0xFB, 0x13, 0xE0, 0xDF, 0x70, 0x83, 0x87, 0xA5, 0x9E, 0x0E, 0x09, 0x77, 0xFC, 0x45, 0xEA, 0x4E,
    0xCD, 0xC6, 0xAE, 0xAC, 0x9C, 0xE4, 0x8F, 0x42, 0x10, 0x15, 0x35, 0x59, 0xFE, 0x07, 0xBD, 0x5A,
    0x3D, 0x8C, 0xDC, 0xC6, 0x15, 0x7E, 0x24, 0x25, 0xD1, 0x3E, 0x16, 0x74, 0x61, 0x21, 0x40, 0x12,
    0x88, 0x2E, 0x05, 0xE7, 0x87, 0x6D, 0x02, 0x9C, 0x77, 0x08, 0xA8, 0x50, 0xE1, 0xC2, 0x2A, 0xBC,
    0x16, 0x90, 0x2B, 0x2E, 0x45, 0x0A, 0x77, 0x6A, 0x55, 0xE8, 0x6E, 0x89, 0xB8, 0x48, 0x91, 0xC2,
    0x6A, 0xE2, 0x14, 0x29, 0xA2, 0x22, 0x85, 0xA1, 0xC6, 0x8D, 0x81, 0xB8, 0xB8, 0xBD, 0x65, 0xE2,
    0xC2, 0x85, 0x0A, 0xAD, 0x8D, 0x9C, 0x9B, 0x14, 0x5A, 0xC0, 0x92, 0x11, 0x24, 0x85, 0x19, 0x67,
    0x2F, 0xE1, 0x59, 0xDC, 0x9D, 0x7C, 0xDF, 0x1B, 0xEE, 0xCF, 0x9D, 0x6E, 0xF7, 0x7E, 0x74, 0xA7,
    0x5D, 0xBE, 0xD9, 0x3B, 0x72, 0xE6, 0xCD, 0x7B, 0x6F, 0xDE, 0xBC, 0xBF, 0xA1, 0x5C, 0x6E, 0x67,
    0x22, 0xC6, 0x16, 0x4D, 0x73, 0xE0, 0x13, 0xD4, 0x93, 0x26, 0x1A, 0xA3, 0x89, 0x2D, 0x9B, 0x8F,
    0xD0, 0xA4, 0x71, 0x8E, 0x11, 0x31, 0x46, 0x6C, 0x84, 0x7D, 0x91, 0xAD, 0x60, 0x20, 0x52, 0x07,
    0xA5, 0x78, 0x43, 0x6F, 0x28, 0xF8, 0xAD, 0x05, 0x77, 0xB6, 0x24, 0xB2, 0x76, 0x8C, 0x51, 0xD6,
    0x4A, 0xFC, 0xCF, 0xFB, 0x3D, 0x49, 0x33, 0x49, 0x72, 0x03, 0x14, 0xC5, 0x26, 0x30, 0xF6, 0x47,
    0x22, 0x61, 0x19, 0x58, 0xF4, 0x05, 0x78, 0xED, 0xB7, 0x67, 0xF3, 0xF6, 0x06, 0x18, 0x3A, 0x92,
    0xE4, 0x89, 0x95, 0x94, 0xA3, 0x84, 0xD3, 0x01, 0x6E, 0xD9, 0x02, 0x28, 0x0B, 0xF3, 0x38, 0x2E,
    0x80, 0xB7, 0xA8, 0x25, 0x29, 0x46, 0x62, 0x0A, 0xFB, 0x01, 0xEE, 0xD9, 0xA7, 0x78, 0x76, 0xBD,
    0x90, 0xAB, 0x3E, 0x49, 0x5B, 0x2B, 0x48, 0x2E, 0x46, 0x06, 0xA3, 0x7D, 0x1C, 0xF9, 0xCA, 0x11,
    0xEF, 0x85, 0x33, 0x8E, 0xFE, 0x98, 0x91, 0x23, 0xCA, 0x20, 0x42, 0xD3, 0x0A, 0x07, 0xE4, 0xA8,
    0x04, 0x47, 0x3E, 0x38, 0xAA, 0xA4, 0x12, 0x5F, 0x39, 0x2A, 0xA5, 0x2B, 0xE1, 0x3C, 0x47, 0x1F,
    0x65, 0xA0, 0x2D, 0x2E, 0x94, 0x23, 0x34, 0xD1, 0xA0, 0x0B, 0xDC, 0x65, 0x9C, 0x6F, 0x49, 0xF8,
    0x35, 0x06, 0x59, 0xA0, 0xE8, 0xE5, 0xD3, 0xA9, 0x3D, 0xEB, 0xB8, 0x4A, 0x77, 0xAC, 0x98, 0x79,
    0xAE, 0x7E, 0x34, 0xE3, 0x6A, 0xD4, 0x70, 0x55, 0x83, 0xAB, 0xB1, 0x47, 0xAE, 0xBE, 0xC1, 0xB3,
    0x37, 0x41, 0xD5, 0x58, 0x31, 0x90, 0x78, 0xE5, 0xEA, 0x1B, 0x0C, 0x8D, 0x1E, 0x92, 0xC9, 0xCF,
    0x20, 0xFF, 0xF8, 0x3D, 0x4C, 0x95, 0x82, 0x4A, 0x31, 0xA0, 0x57, 0x36, 0x41, 0x2D, 0xA4, 0xBF,
    0x05, 0x0E, 0xA4, 0x85, 0x35, 0xC1, 0x74, 0x01, 0x49, 0x66, 0x93, 0x47, 0xA0, 0xBB, 0x00, 0xB3,
    0x61, 0x1F, 0x4D, 0x50, 0x82, 0x0E, 0xBF, 0x04, 0xF1, 0x32, 0xA4, 0x74, 0x06, 0x5C, 0x6A, 0xEA,
    0x41, 0xDC, 0x67, 0x53, 0x71, 0xBE, 0xE1, 0x42, 0xC2, 0x27, 0xCB, 0xD1, 0x9F, 0x10, 0x9E, 0x2A,
    0xE1, 0xF6, 0x1D, 0x12, 0xFE, 0xA0, 0x88, 0xC6, 0x2A, 0x4E, 0x21, 0x19, 0x22, 0x23, 0x8C, 0x53,
    0x3D, 0x03, 0x5C, 0xA4, 0x3C, 0x52, 0x36, 0x9B, 0x6C, 0x38, 0x8D, 0x77, 0x77, 0xDF, 0x3A, 0x25,
    0xE0, 0xD2, 0xB3, 0x90, 0x60, 0x38, 0x5A, 0xAB, 0x49, 0x4D, 0x4F, 0x4C, 0x26, 0x3F, 0x75, 0xFD,
    0xB7, 0xA4, 0xC1, 0xB9, 0xB8, 0xD9, 0x9A, 0x22, 0xC7, 0xB0, 0x54, 0x12, 0x22, 0x50, 0x54, 0x8A,
    0x54, 0xD2, 0x31, 0xA8, 0x91, 0xD7, 0xDC, 0xDC, 0x5C, 0x6A, 0x52, 0xBA, 0x22, 0x87, 0x68, 0x20,
    0xE6, 0x95, 0x38, 0xEB, 0x36, 0x78, 0x0F, 0x02, 0xEF, 0xF3, 0x79, 0xFA, 0xA4, 0x97, 0xB1, 0x3F,
    0xC7, 0x29, 0x3E, 0x89, 0xA9, 0x63, 0x86, 0xC2, 0xFA, 0xF0, 0x52, 0xFE, 0xA2, 0x39, 0xE3, 0xB4,
    0x58, 0xB4, 0xA0, 0xAC, 0x0F, 0x70, 0x84, 0x25, 0x52, 0x8E, 0x12, 0x59, 0xCE, 0xD1, 0x15, 0xED,
    0xC7, 0xFE, 0x9E, 0x85, 0x26, 0x78, 0xD4, 0x0B, 0xAA, 0x97, 0xFB, 0xEB, 0xC0, 0x87, 0x53, 0x62,
    0xF2, 0x81, 0x84, 0x7B, 0xE4, 0xA8, 0x80, 0xAE, 0x1A, 0xAE, 0xFB, 0xA9, 0x38, 0x6A, 0x91, 0xA3,
    0x6D, 0x89, 0x1A, 0x8E, 0x06, 0x44, 0x8F, 0x27, 0x57, 0x1A, 0x85, 0xB9, 0xB2, 0x7F, 0x6A, 0x52,
    0x17, 0xD9, 0x0A, 0xAA, 0xC9, 0x39, 0x5B, 0x47, 0x70, 0xD5, 0x02, 0x57, 0x63, 0xED, 0xEF, 0x59,
    0xA8, 0x5B, 0x97, 0x5B, 0x3E, 0xED, 0xD1, 0x16, 0x50, 0x03, 0xE5, 0x85, 0x6B, 0x60, 0x38, 0xC0,
    0x7F, 0x4F, 0x4B, 0xB7, 0x27, 0x5E, 0x96, 0x33, 0x59, 0x2B, 0xFF, 0xEE, 0xEB, 0xE2, 0x57, 0x78,
    0xDA, 0x29, 0x69, 0x96, 0xA6, 0x28, 0xAD, 0x7D, 0x0C, 0xB0, 0xD9, 0xA8, 0xDD, 0xEB, 0xD7, 0x12,
    0x0E, 0xD1, 0xA3, 0x06, 0x74, 0x01, 0x2D, 0x80, 0x59, 0x00, 0xAD, 0xA6, 0x4F, 0xCD, 0x31, 0x1C,
    0x4B, 0x3B, 0x42, 0x5C, 0x54, 0x73, 0xEA, 0xFA, 0xB7, 0x98, 0x26, 0xF8, 0x4F, 0x9F, 0x4D, 0xC1,
    0x26, 0xF7, 0x2C, 0x8C, 0x51, 0x64, 0xFF, 0x57, 0x92, 0xAC, 0x92, 0xF4, 0xD3, 0x6E, 0x46, 0xB4,
    0xA0, 0x61, 0x63, 0x46, 0xE7, 0x9B, 0xB0, 0x79, 0xAA, 0xFD, 0x74, 0x44, 0x64, 0x21, 0x12, 0xCF,
    0x7E, 0x51, 0xD2, 0x5E, 0xE5, 0x6C, 0xD0, 0x75, 0xF7, 0x17, 0x96, 0xFD, 0xD3, 0x02, 0x4D, 0x34,
    0x40, 0x13, 0x94, 0x68, 0xFC, 0x21, 0x7D, 0x4E, 0x75, 0x73, 0xF7, 0x86, 0x54, 0x94, 0xAA, 0x6B,
    0xB8, 0xFF, 0x2A, 0x7D, 0x30, 0xE9, 0xA2, 0x9D, 0x75, 0x18, 0x10, 0x28, 0x2A, 0x45, 0x4A, 0xF4,
    0xBA, 0x5D, 0x63, 0xDA, 0x73, 0x80, 0x6E, 0xDD, 0xA0, 0x24, 0x0B, 0xE4, 0x80, 0xE4, 0x90, 0x2E,
    0x12, 0x48, 0x4A, 0x6B, 0xDD, 0x51, 0x13, 0x08, 0xF5, 0x3E, 0x9F, 0xB3, 0x1F, 0xA9, 0x26, 0xD1,
    0xF4, 0x63, 0x13, 0x9F, 0x36, 0xFF, 0x81, 0xDC, 0x0A, 0xC2, 0xA8, 0xDD, 0xCE, 0x0E, 0x5B, 0xCB,
    0x11, 0xC6, 0x91, 0x28, 0x42, 0xBD, 0x60, 0xBD, 0x39, 0x76, 0x82, 0x67, 0xB1, 0xDF, 0x74, 0x7A,
    0xD3, 0xC2, 0xE2, 0xC3, 0x0F, 0x61, 0xBE, 0x9B, 0x03, 0xF4, 0x57, 0xD8, 0xAF, 0x37, 0x2F, 0x8B,
    0xB3, 0x5A, 0x63, 0x1D, 0x77, 0x29, 0xBB, 0x2A, 0xE1, 0x93, 0x0A, 0x38, 0xF7, 0x7B, 0xAD, 0xA3,
    0xE9, 0xBE, 0x81, 0x3E, 0x95, 0xC2, 0xB1, 0xE8, 0x2E, 0x56, 0xB1, 0x9A, 0xB8, 0x6B, 0x1B, 0xBD,
    0x3F, 0x54, 0xE7, 0x1D, 0xED, 0x8C, 0x22, 0x8E, 0x43, 0xFB, 0x22, 0xEB, 0x70, 0xD6, 0xB4, 0x4B,
    0xD4, 0xF8, 0x3E, 0xFE, 0x8A, 0x9C, 0x89, 0xDC, 0xCF, 0x9C, 0x46, 0xDA, 0x1C, 0x0F, 0xB2, 0xF5,
    0xF7, 0x68, 0x1E, 0x41, 0x6C, 0x2F, 0x9B, 0xD0, 0x97, 0xEC, 0x97, 0x6D, 0x7F, 0x42, 0xDF, 0x64,
    0xEE, 0x2D, 0xA5, 0xEF, 0x82, 0xA4, 0x7D, 0x93, 0x71, 0x3B, 0x78, 0x16, 0x41, 0x41, 0x0A, 0x14,
    0x1B, 0xCD, 0xC3, 0x0E, 0xCD, 0x71, 0x5F, 0x56, 0xF2, 0x77, 0xB1, 0xF1, 0x87, 0x8D, 0x3F, 0x3F,
    0x3F, 0x79, 0xD3, 0x3E, 0x4E, 0xF5, 0x64, 0x45, 0xCE, 0x46, 0x57, 0xFC, 0xE1, 0x3E, 0xEF, 0xFC,
    0xEE, 0xD1, 0xDE, 0x79, 0xB1, 0x2F, 0xBB, 0x4C, 0x3E, 0x3B, 0xB6, 0x68, 0x1A, 0x25, 0xC5, 0x45,
    0xB7, 0x1A, 0x10, 0x26, 0x05, 0xAC, 0x7E, 0xA7, 0x80, 0x2F, 0xB3, 0x05, 0x90, 0xC2, 0x40, 0xA6,
    0xE3, 0x6B, 0x05, 0x11, 0x22, 0xB4, 0x93, 0xF0, 0x8B, 0xE1, 0x2C, 0x2C, 0xB5, 0xD7, 0x8A, 0xD8,
    0xFE, 0xAB, 0x40, 0x88, 0x85, 0x81, 0xA6, 0xE8, 0x6A, 0x38, 0xF5, 0x2C, 0x6C, 0x29, 0x62, 0xA3,
    0xFD, 0x62, 0xC4, 0x86, 0xBE, 0x7D, 0xAB, 0x70, 0x66, 0x3E, 0x2E, 0xE0, 0x63, 0xF2, 0x44, 0x3D,
    0xC1, 0x48, 0x3C, 0x72, 0x7A, 0x27, 0xE4, 0xF2, 0xDC, 0xCA, 0xC9, 0xD5, 0xD4, 0xC9, 0xBD, 0x48,
    0x4E, 0xA3, 0xCF, 0x87, 0xCE, 0x9E, 0xCC, 0xA5, 0x16, 0x27, 0xE6, 0xF4, 0xF3, 0x63, 0x70, 0x2A,
    0xB7, 0xA7, 0x44, 0xDF, 0x7E, 0x36, 0x3E, 0x39, 0x99, 0x27, 0xBF, 0x48, 0x4E, 0x13, 0x32, 0x99,
    0x9C, 0x60, 0x4D, 0x0F, 0xB1, 0x40, 0x67, 0xB1, 0xA6, 0xC9, 0x41, 0x4E, 0x4F, 0xB1, 0x6A, 0x86,
    0x6C, 0x98, 0x13, 0xF0, 0xE2, 0x3E, 0xBF, 0x9C, 0x44, 0xE6, 0xB2, 0x3A, 0x69, 0x98, 0x5B, 0x48,
    0x38, 0x89, 0x05, 0x19, 0x32, 0xC7, 0xE2, 0x20, 0x82, 0x92, 0xF9, 0xD9, 0xF9, 0xAA, 0x73, 0x84,
    0x20, 0x23, 0x1D, 0x6A, 0x38, 0xE2, 0x0F, 0x67, 0x56, 0x67, 0x49, 0xF0, 0xA2, 0x30, 0xBE, 0x7F,
    0xBF, 0x67, 0x9B, 0xCF, 0x51, 0x7D, 0x09, 0x9A, 0x11, 0xC0, 0x56, 0xC4, 0x8F, 0x72, 0x31, 0xE1,
    0x5C, 0xB8, 0x7B, 0xA8, 0xC5, 0x82, 0x45, 0x1C, 0xD3, 0x6B, 0x7F, 0x39, 0x46, 0xD4, 0xDB, 0xC1,
    0x3D, 0x73, 0x5C, 0xD0, 0xEC, 0x4B, 0x9B, 0xF5, 0x9D, 0xF6, 0xCD, 0x5D, 0x3B, 0xFD, 0xCC, 0x1E,
    0xB8, 0x06, 0x4F, 0x4B, 0x66, 0x9C, 0x4D, 0x73, 0xE0, 0xE9, 0x51, 0x8D, 0xAC, 0xEF, 0xD0, 0xE8,
    0x96, 0x0A, 0x2A, 0xD9, 0xBF, 0xDA, 0x2C, 0x7E, 0x64, 0x07, 0xF1, 0x78, 0xAD, 0x8C, 0x4B, 0xBF,
    0x8A, 0x07, 0x5E, 0x85, 0xFB, 0x84, 0xFA, 0x28, 0x48, 0x9E, 0x94, 0xC6, 0x96, 0xDD, 0x4E, 0xA3,
    0x23, 0x86, 0x79, 0x5E, 0x71, 0x19, 0x99, 0x5D, 0x2D, 0xC7, 0xBC, 0xD0, 0xD9, 0x8D, 0x8A, 0x77,
    0x3F, 0x36, 0x76, 0xF8, 0xC6, 0xAD, 0x7E, 0x53, 0x69, 0x60, 0x4C, 0x26, 0x5E, 0x47, 0xFD, 0xC9,
    0x51, 0x57, 0xBB, 0x4D, 0x39, 0x4D, 0x7D, 0x8E, 0xBD, 0xB9, 0xCB, 0x00, 0x6F, 0xD1, 0x77, 0x26,
    0xDB, 0x76, 0x5B, 0xD3, 0x95, 0x32, 0x2D, 0xC3, 0x85, 0xBD, 0xAF, 0xFA, 0xB9, 0x59, 0x2B, 0x60,
    0x30, 0x83, 0x49, 0xFC, 0xF6, 0x3C, 0x5C, 0xFE, 0xCA, 0xCF, 0x37, 0xA0, 0xE2, 0x16, 0xF9, 0x4C,
    0x83, 0x2D, 0xAE, 0x79, 0x5D, 0x3C, 0x1E, 0x9E, 0xE3, 0x32, 0x17, 0xF5, 0x53, 0x31, 0x37, 0x0C,
    0xD6, 0x33, 0xC9, 0x4C, 0x61, 0x8A, 0xA4, 0xD9, 0x8A, 0x70, 0xA3, 0xC5, 0x5A, 0x11, 0x1D, 0xFE,
    0xCD, 0x37, 0x30, 0xC3, 0x28, 0x03, 0x9D, 0xB9, 0xDF, 0x0F, 0x06, 0x7E, 0xFF, 0x84, 0x02, 0x05,
    0xEE, 0xF5, 0x22, 0x5E, 0xF0, 0xD5, 0xE5, 0xA9, 0x5D, 0x7B, 0x73, 0x57, 0x5C, 0x75, 0xE8, 0x79,
    0xDA, 0x8C, 0x21, 0x3D, 0x4C, 0x0E, 0xDB, 0x3E, 0x23, 0xFB, 0x50, 0x29, 0x09, 0x46, 0xEB, 0x03,
    0xCD, 0x48, 0x38, 0x63, 0x3A, 0x92, 0xB0, 0x9F, 0x64, 0x71, 0x69, 0x0A, 0x02, 0xFF, 0x9E, 0x46,
    0x0C, 0xA0, 0x89, 0x90, 0x2C, 0xA4, 0x78, 0xE1, 0x37, 0x9F, 0xD6, 0x3B, 0xA4, 0x93, 0x69, 0xC5,
    0x48, 0xEB, 0x22, 0x9A, 0x63, 0xF7, 0x35, 0x0E, 0xBA, 0x84, 0x78, 0x68, 0xFA, 0x31, 0x27, 0x86,
    0x57, 0xE7, 0x0C, 0xC3, 0x18, 0x96, 0xBC, 0xF3, 0x01, 0x42, 0x1B, 0x84, 0x5E, 0x21, 0xA3, 0xB7,
    0x0E, 0x8C, 0x69, 0x3F, 0xFE, 0x4B, 0x35, 0xC3, 0x7E, 0xCC, 0xAB, 0xA5, 0xD7, 0xA6, 0x5C, 0x1C,
    0x49, 0xAF, 0x66, 0xE4, 0x83, 0x08, 0x09, 0x79, 0x61, 0x3C, 0x60, 0x89, 0x06, 0x37, 0xA4, 0xF6,
    0x91, 0x69, 0x30, 0x25, 0x83, 0x13, 0xA8, 0xE1, 0x10, 0x6B, 0xCB, 0xC5, 0xCF, 0x28, 0x4B, 0xB1,
    0x0F, 0x60, 0x30, 0x02, 0x44, 0x69, 0xDE, 0x48, 0xB4, 0xAF, 0x98, 0x9C, 0xEE, 0xA6, 0xC9, 0x82,
    0x98, 0x39, 0x8E, 0x5D, 0x02, 0x2E, 0x4E, 0x32, 0x41, 0xE1, 0x80, 0x7F, 0x6F, 0x3E, 0xAB, 0xC9,
    0xC8, 0x48, 0x11, 0xCC, 0xC1, 0xE8, 0x83, 0xCB, 0x2D, 0x19, 0x97, 0x8C, 0xEA, 0xC0, 0x21, 0x73,
    0x1D, 0xDC, 0x49, 0xF2, 0x1A, 0xA8, 0x91, 0x53, 0x79, 0x20, 0x50, 0x37, 0xCA, 0x2B, 0xEA, 0x7A,
    0x56, 0xF5, 0xFA, 0x84, 0xB5, 0x44, 0x26, 0x45, 0x54, 0x03, 0x74, 0x94, 0x1A, 0xA2, 0xAF, 0xB7,
    0x11, 0x2A, 0x56, 0x2E, 0x3A, 0xA4, 0x59, 0xB7, 0xF8, 0x5F, 0x99, 0xA0, 0x99, 0x22, 0x53, 0x08,
    0xF3, 0x74, 0x0C, 0x04, 0x18, 0x34, 0x3E, 0x85, 0xFE, 0xF9, 0x8E, 0x1C, 0x61, 0xD0, 0x4F, 0x08,
    0xF0, 0x2E, 0xF9, 0x24, 0x5C, 0x8D, 0x32, 0xEC, 0x3E, 0xE7, 0x32, 0x9B, 0xB9, 0x97, 0x7D, 0x47,
    0x62, 0x73, 0x0A, 0xF5, 0x6C, 0x69, 0x38, 0x74, 0x51, 0x12, 0xB7, 0x28, 0xE6, 0xE8, 0x6F, 0x66,
    0x06, 0xF1, 0x80, 0x08, 0xE2, 0x3C, 0x40, 0xAA, 0x16, 0xE5, 0x2D, 0x48, 0x12, 0x12, 0x0F, 0x08,
    0x90, 0x6C, 0x90, 0x43, 0xBA, 0xD9, 0x73, 0x51, 0x58, 0xDF, 0xAE, 0xAB, 0xBA, 0xC4, 0xB7, 0x7F,
    0x06, 0x92, 0x09, 0x41, 0x57, 0x5C, 0x3A, 0xE0, 0xDF, 0xCB, 0xE6, 0x5D, 0x62, 0x68, 0x93, 0xAC,
    0xC6, 0x9E, 0xC0, 0x95, 0x64, 0xF3, 0xF7, 0x47, 0x1A, 0xB9, 0x9A, 0xA2, 0x29, 0x0B, 0x1C, 0x84,
    0x1F, 0x02, 0xB6, 0x24, 0x78, 0xCA, 0x20, 0x37, 0x57, 0x7F, 0x91, 0x94, 0xAE, 0xEE, 0xF2, 0x67,
    0xC0, 0xB5, 0x83, 0xFD, 0xBF, 0xBB, 0x7F, 0x9F, 0x05, 0xD8, 0x40, 0x5D, 0xFC, 0xBE, 0xEF, 0x3F,
    0xE2, 0x2A, 0x2E, 0x3B, 0xB0, 0x4F, 0x6F, 0xCD, 0xEE, 0xF5, 0xE3, 0x0A, 0xFB, 0x4F, 0xE3, 0xC9,
    0xA6, 0x82, 0xAA, 0xA6, 0xB0, 0xB1, 0xD1, 0x99, 0x96, 0xEB, 0x0D, 0xEC, 0x0F, 0xFC, 0x31, 0x62,
    0x9C, 0x21, 0x62, 0x17, 0xEC, 0x51, 0xEC, 0x0A, 0x83, 0x0D, 0x65, 0xEA, 0x34, 0x37, 0xD8, 0x09,
    0x06, 0x9B, 0xCE, 0x60, 0xD7, 0x18, 0x6C, 0x2C, 0xC3, 0xAD, 0x86, 0xDD, 0x00, 0x30, 0x1D, 0x6C,
    0x65, 0xEB, 0x80, 0x25, 0x04, 0xDF, 0xB2, 0xAC, 0x87, 0x4D, 0x86, 0x4D, 0x92, 0x36, 0x33, 0x94,
    0x9D, 0xC1, 0x7F, 0x6D, 0x8D, 0xB0, 0x06, 0x51, 0x0D, 0x11, 0x2F, 0xBD, 0xCE, 0x9C, 0x9C, 0x25,
    0x96, 0xE5, 0x44, 0x84, 0x11, 0xCF, 0x05, 0x15, 0x60, 0xAC, 0xD7, 0xA6, 0x86, 0xB0, 0x7F, 0x5A,
    0xC9, 0x65, 0x93, 0xE1, 0x2F, 0x85, 0x3A, 0x38, 0x37, 0xA1, 0xAE, 0x64, 0x1F, 0x86, 0x5F, 0x95,
    0xAA, 0x41, 0xA7, 0x11, 0xAA, 0xAE, 0xF6, 0xA1, 0x4D, 0x0B, 0xFE, 0xA7, 0x34, 0x1D, 0x88, 0xC9,
    0xEC, 0xF6, 0x10, 0xA4, 0xB2, 0x9A, 0x6F, 0x72, 0x36, 0x72, 0xC2, 0xE6, 0x1C, 0x16, 0xCE, 0x38,
    0x85, 0xF5, 0xB6, 0x5D, 0x92, 0x1D, 0x57, 0x27, 0x5C, 0x30, 0xBD, 0x10, 0x07, 0x06, 0x1A, 0x81,
    0x2D, 0x3F, 0x9E, 0x6A, 0x92, 0x21, 0x78, 0xCA, 0xF1, 0xDA, 0x88, 0xC9, 0x50, 0x87, 0x89, 0x5D,
    0x52, 0xB4, 0x9A, 0x4C, 0x47, 0xEB, 0x07, 0x5A, 0x04, 0x3F, 0xBC, 0xE9, 0xB2, 0x8B, 0x3B, 0xBD,
    0xE1, 0x30, 0x45, 0xA0, 0xA8, 0x14, 0xA9, 0xA2, 0x5F, 0x5C, 0x66, 0x1B, 0xB3, 0xAC, 0x90, 0x53,
    0x8A, 0x5D, 0x9D, 0x28, 0x28, 0x0F, 0x42, 0x57, 0xB1, 0x23, 0x93, 0x41, 0xBF, 0x69, 0xF9, 0x61,
    0x95, 0xBA, 0x6C, 0xD6, 0x8B, 0xE6, 0xEC, 0x29, 0xA8, 0x5F, 0x38, 0x47, 0x4B, 0x0B, 0x70, 0xA7,
    0xE4, 0x4A, 0x5E, 0xE3, 0x59, 0x0A, 0x8B, 0xCA, 0x5A, 0x17, 0x8A, 0x78, 0x28, 0xB5, 0xB2, 0xF2,
    0xA2, 0x59, 0x13, 0xDF, 0xC7, 0x73, 0xA4, 0x90, 0xAC, 0xEC, 0x6C, 0x6D, 0x88, 0xDC, 0xBB, 0x77,
    0x36, 0xEC, 0x25, 0xF6, 0x3D, 0x1E, 0x9D, 0x61, 0xA6, 0xA7, 0xFC, 0xC5, 0xB4, 0x76, 0x17, 0xC9,
    0x04, 0x69, 0x28, 0x5D, 0x81, 0x9F, 0x96, 0x5F, 0xED, 0x4C, 0xE9, 0xF2, 0xF0, 0xB0, 0x9C, 0x33,
    0xDA, 0xFC, 0x65, 0xFA, 0x35, 0xFF, 0xBB, 0xDB, 0xCE, 0xF6, 0x3D, 0x6F, 0xC6, 0x05, 0x0D, 0x9E,
    0x68, 0x1E, 0xEF, 0x64, 0x9E, 0xC9, 0xBC, 0xD2, 0xD0, 0x31, 0xA1, 0x0B, 0x34, 0xBA, 0x83, 0x90,
    0x71, 0xEC, 0xAA, 0x62, 0xBD, 0xDF, 0x69, 0x61, 0xAC, 0x86, 0xE7, 0x07, 0x3F, 0x43, 0xA4, 0xEA,
    0x2C, 0xA1, 0xB7, 0xD7, 0x0A, 0x2D, 0x7A, 0xDB, 0xFE, 0xEC, 0xC7, 0x4D, 0x1F, 0x0C, 0xB5, 0x5A,
    0xA6, 0x15, 0x22, 0xC3, 0x7D, 0xAB, 0x35, 0xB3, 0xDE, 0x8E, 0x66, 0xDF, 0xB1, 0x3B, 0xD7, 0xE2,
    0x29, 0xA0, 0x1E, 0xFF, 0x04, 0xE5, 0x2C, 0x9C, 0x9A, 0x16, 0xFE, 0x58, 0xD4, 0xB3, 0x79, 0x73,
    0xB8, 0x50, 0x3E, 0x2B, 0xD8, 0x94, 0xC5, 0x46, 0xF8, 0xE2, 0x91, 0x8C, 0xA0, 0xFB, 0x35, 0x8F,
    0x03, 0x34, 0xBC, 0xAC, 0x27, 0xE1, 0x65, 0xE6, 0x8E, 0x3D, 0x59, 0x68, 0x07, 0x35, 0xAB, 0x78,
    0x34, 0x0C, 0x54, 0x39, 0xCB, 0xCD, 0xEF, 0xC6, 0xF6, 0xB1, 0x95, 0xD1, 0xA1, 0xB1, 0xC2, 0xC9,
    0x66, 0xEE, 0xCF, 0x66, 0x96, 0xF9, 0xC0, 0x76, 0x6E, 0xE6, 0x25, 0xAE, 0x27, 0x0E, 0x07, 0xF1,
    0x2D, 0xE4, 0xCD, 0x48, 0x30, 0xB8, 0x24, 0x90, 0xC1, 0x92, 0xCB, 0xA1, 0xC1, 0x48, 0x20, 0xC0,
    0x15, 0xE5, 0x5C, 0xD5, 0x95, 0xFC, 0x43, 0x09, 0xBE, 0x3A, 0xAC, 0x70, 0x7A, 0xB6, 0xF2, 0x7B,
    0xF7, 0x52, 0x8E, 0x2D, 0x80, 0xF5, 0xF7, 0x27, 0x31, 0xC3, 0x6A, 0x92, 0xB7, 0xA0, 0xF8, 0x7B,
    0xDC, 0xF1, 0x50, 0xAB, 0xE5, 0xA9, 0x83, 0xC8, 0x4B, 0x8D, 0x25, 0xEF, 0xBA, 0x7A, 0xA9, 0x3F,
    0x57, 0x23, 0xED, 0x8C, 0xA8, 0x3C, 0x45, 0xBC, 0x77, 0xAB, 0x34, 0x19, 0xFC, 0xC1, 0x5C, 0x2A,
    0x93, 0x0E, 0x68, 0xD5, 0xEE, 0xC2, 0x11, 0x60, 0x33, 0xFE, 0x80, 0xF6, 0x25, 0xD1, 0x92, 0x6E,
    0x73, 0x10, 0xD6, 0x62, 0x3E, 0x62, 0x10, 0x41, 0xC6, 0x7B, 0x6B, 0x15, 0x70, 0x40, 0xAB, 0xC7,
    0xCD, 0x29, 0xEC, 0x70, 0xA6, 0x56, 0x2B, 0xFB, 0x4F, 0xF7, 0x54, 0xA3, 0xF5, 0xE0, 0xF9, 0x27,
    0x6E, 0x1E, 0xA6, 0x62, 0x50, 0x79, 0x9F, 0x51, 0xFF, 0x25, 0x9A, 0xD0, 0x24, 0xBF, 0x00, 0x39,
    0x43, 0x6D, 0xF3, 0xB4, 0xDF, 0x71, 0xE5, 0x22, 0xAA, 0x2A, 0x4B, 0x37, 0x9C, 0xBE, 0x6B, 0x9C,
    0xC7, 0x3F, 0x2F, 0xFA, 0x27, 0x67, 0xAD, 0xFF, 0xAE, 0xE6, 0xCA, 0x5F, 0x8E, 0x6E, 0xA3, 0xA7,
    0x92, 0x3F, 0x5F, 0x40, 0x77, 0xDA, 0xD0, 0x9D, 0xE4, 0xE9, 0xA4, 0xCC, 0x45, 0xBA, 0xCF, 0x88,
    0xBE, 0x90, 0x67, 0xA7, 0x3D, 0xD0, 0x17, 0xF0, 0xBC, 0xA2, 0x72, 0x15, 0xBC, 0x0B, 0x77, 0x34,
    0x46, 0x9D, 0xD2, 0xF7, 0x25, 0xE9, 0xFB, 0xD9, 0xB1, 0xE8, 0x8B, 0x27, 0xF4, 0xFD, 0x8C, 0x32,
    0x6C, 0x36, 0xC7, 0x75, 0x00, 0xCF, 0x4F, 0x91, 0xC1, 0x89, 0x81, 0xAE, 0xC4, 0x58, 0x47, 0xEF,
    0xFC, 0x74, 0x65, 0x7A, 0x5E, 0xDA, 0xD9, 0x7F, 0x5E, 0xEA, 0x4F, 0xF5, 0xE4, 0x98, 0xF2, 0xFE,
    0x7C, 0x26, 0xEF, 0x69, 0x6D, 0x68, 0x7D, 0xA7, 0xDD, 0x54, 0x1E, 0x9F, 0x0F, 0xC2, 0xCC, 0xC9,
    0x81, 0xA9, 0xE6, 0x2B, 0x9F, 0x28, 0xA3, 0x97, 0xF2, 0x49, 0x51, 0xC4, 0xDA, 0xF5, 0xBF, 0x1D,
    0x2C, 0x30, 0x44, 0x45, 0xF4, 0x38, 0xB4, 0xBE, 0xF5, 0xFA, 0xC1, 0x48, 0xD6, 0x2F, 0x5C, 0x89,
    0x2A, 0xEF, 0xDE, 0xF7, 0x45, 0x33, 0x5C, 0x33, 0x74, 0x65, 0xCF, 0xD9, 0xF9, 0xCA, 0xD9, 0xD2,
    0xEA, 0xC2, 0x7E, 0xE4, 0x79, 0x9F, 0x16, 0xF1, 0x67, 0x99, 0x33, 0x5C, 0x5A, 0x4D, 0x91, 0xF5,
    0x9D, 0x85, 0x96, 0x2D, 0xC2, 0xF5, 0x44, 0x42, 0xCB, 0x78, 0xEF, 0x38, 0x14, 0x05, 0xEE, 0xCD,
    0x13, 0xF1, 0x80, 0xF3, 0x28, 0x8A, 0xF6, 0x49, 0x6A, 0x67, 0xFF, 0x5F, 0x2A, 0xA9, 0x27, 0x94,
    0x94, 0xF4, 0xFE, 0x90, 0x43, 0x6F, 0xF2, 0xE0, 0xEB, 0xF1, 0xBE, 0x10, 0xE3, 0x38, 0xE5, 0xDD,
    0x03, 0x67, 0xDB, 0x13, 0xD8, 0xE8, 0xB2, 0x7E, 0x20, 0x7E, 0x9D, 0x3E, 0xB9, 0x55, 0x46, 0xD4,
    0x37, 0xEC, 0x9D, 0x68, 0xEF, 0xE3, 0xD4, 0x0E, 0x5B, 0xB7, 0x06, 0x13, 0xF4, 0xCB, 0xA3, 0xD7,
    0x1E, 0xDC, 0x51, 0xEF, 0xF7, 0xD6, 0xD8, 0x4E, 0x54, 0xA7, 0xE2, 0xFC, 0xB4, 0x83, 0x73, 0xA4,
    0x31, 0x66, 0x5D, 0xB8, 0xBC, 0xD8, 0xBE, 0x71, 0x72, 0x1A, 0x13, 0xBF, 0x44, 0x4E, 0x34, 0xC2,
    0x76, 0xEB, 0x30, 0x77, 0x1D, 0x9C, 0x1B, 0x8D, 0x89, 0x57, 0xC6, 0x7F, 0x1F, 0x84, 0xB6, 0xF0,
    0xC6, 0x72, 0x1A, 0x51, 0x26, 0xD8, 0x02, 0x1D, 0x6C, 0x85, 0x11, 0x02, 0xA4, 0x12, 0x66, 0xAC,
    0xC2, 0xD6, 0xEA, 0x54, 0xCE, 0x86, 0x9C, 0x13, 0xC9, 0xBA, 0xDD, 0x98, 0xD7, 0x87, 0xBF, 0x29,
    0xC2, 0xA0, 0x40, 0xCB, 0x1C, 0xDF, 0x9E, 0x8A, 0x7C, 0x2F, 0xCF, 0x25, 0xFC, 0x14, 0xE9, 0xF5,
    0x43, 0x46, 0xA6, 0x22, 0x57, 0xAF, 0x9E, 0x1F, 0xD9, 0xAF, 0xBE, 0x24, 0xAB, 0x2D, 0xA9, 0x47,
    0xFE, 0xB7, 0xA5, 0xFF, 0xEB, 0xFC, 0x14, 0xD4, 0x9E, 0x21, 0x45, 0x85, 0xD7, 0xDB, 0x73, 0x47,
    0x43, 0x0C, 0x15, 0xD3, 0xBB, 0xD0, 0x31, 0x2C, 0x5A, 0xC4, 0xC2, 0x5C, 0xBA, 0xF4, 0x62, 0x7E,
    0xD9, 0xFB, 0x00, 0x04, 0x3D, 0x8A, 0xC6, 0x57, 0x18, 0x1C, 0xF0, 0x15, 0x8E, 0x5D, 0xA6, 0x84,
    0xAC, 0x3A, 0x36, 0x29, 0x7B, 0xEC, 0xFC, 0xAD, 0xD9, 0x74, 0x3C, 0x26, 0xF9, 0xC1, 0xEC, 0x70,
    0xDB, 0xBD, 0x56, 0xD2, 0x61, 0x4C, 0xCE, 0xE2, 0x16, 0x06, 0x6C, 0xBA, 0x9F, 0x2E, 0x9C, 0x76,
    0xB2, 0x25, 0x0C, 0x8F, 0xD3, 0x3B, 0xC2, 0x83, 0xA8, 0xD6, 0x1B, 0x1E, 0x7F, 0xDE, 0x68, 0xF9,
    0x15, 0x42, 0xBB, 0xD5, 0x54, 0x5F, 0x17, 0xD9, 0x4A, 0xF5, 0xD5, 0x91, 0xAD, 0x38, 0xE4, 0x4F,
    0x15, 0xBF, 0xC9, 0x37, 0xAA, 0x86, 0xF1, 0xFB, 0x85, 0xF8, 0x7B, 0xA5, 0xBE, 0x7C, 0x37, 0x2E,
    0x43, 0xFE, 0xD8, 0x81, 0xBE, 0x8F, 0x67, 0xFB, 0xFA, 0x6E, 0x5E, 0xAF, 0x70, 0x89, 0x70, 0xA1,
    0xAF, 0xEB, 0xC1, 0x0F, 0x8D, 0x27, 0xC5, 0xC6, 0x90, 0x8F, 0xD3, 0xEB, 0x83, 0x7D, 0xE6, 0xA0,
    0x66, 0x45, 0x14, 0xC1, 0xE8, 0x06, 0x36, 0x47, 0xD5, 0x0A, 0xAC, 0x5F, 0x9A, 0xE0, 0x51, 0x50,
    0xA6, 0xC1, 0xC3, 0x6B, 0x83, 0xE4, 0xCD, 0xDF, 0xBE, 0xD7, 0x8F, 0xDF, 0xBF, 0xFE, 0xA0, 0x88,
    0x1F, 0x06, 0x0F, 0x8B, 0xF0, 0x51, 0xF0, 0x28, 0x0F, 0xC6, 0x40, 0x1F, 0x8C, 0x80, 0xDC, 0xC7,
    0xBA, 0x89, 0xA7, 0x15, 0xD3, 0x4A, 0xCF, 0xFE, 0xF4, 0x75, 0x3D, 0x7D, 0xAD, 0xF1, 0x11, 0xDF,
    0x81, 0x9C, 0x3F, 0xBC, 0x62, 0xD0, 0x17, 0xF3, 0x8D, 0xBF, 0xA4, 0x80, 0x43, 0x31, 0x19, 0x38,
    0xDB, 0x14, 0xBF, 0x6A, 0x8A, 0xB3, 0xF0, 0xB5, 0x0C, 0xBF, 0x0C, 0x7D, 0x0D, 0xB5, 0x14, 0xDE,
    0x31, 0x6B, 0x50, 0xF9, 0xF5, 0xD1, 0xAF, 0x3A, 0x4D, 0x9B, 0x84, 0xF1, 0x00, 0x97, 0x6B, 0x7B,
    0xAE, 0x1C, 0xCE, 0xC3, 0x89, 0xB8, 0x48, 0xF2, 0x18, 0xB6, 0x3D, 0xC9, 0xA2, 0xC2, 0x48, 0xD8,
    0x37, 0x58, 0xC5, 0x0D, 0x44, 0xA7, 0x5B, 0x2E, 0x69, 0xAC, 0xB0, 0xB9, 0xB7, 0x49, 0x00, 0x81,
    0xC7, 0x7C, 0x13, 0x8F, 0xC0, 0xB3, 0x6B, 0x91, 0x8B, 0xDB, 0x7A, 0x6E, 0xE2, 0xDC, 0xEA, 0xC7,
    0x21, 0x6E, 0x56, 0x3C, 0x7C, 0xD4, 0xBF, 0x0E, 0xAE, 0x39, 0xDC, 0xBC, 0x06, 0xB1, 0x20, 0xA5,
    0xCB, 0x28, 0x9D, 0xE1, 0x33, 0x42, 0x58, 0x7D, 0x0D, 0x48, 0xAB, 0xC3, 0xB2, 0xAD, 0xEF, 0xAE,
    0x32, 0x46, 0x48, 0xC6, 0xEE, 0x40, 0x06, 0xAC, 0x56, 0xD2, 0xE4, 0x5E, 0xC7, 0x68, 0xE4, 0xC7,
    0x2E, 0x57, 0x63, 0x2D, 0x29, 0x98, 0x79, 0x67, 0x63, 0x6D, 0x4D, 0xB8, 0xDC, 0x7E, 0xA7, 0x49,
    0xE8, 0xF8, 0x12, 0xA5, 0x71, 0x21, 0x92, 0x37, 0x72, 0x93, 0x30, 0x3F, 0x24, 0x77, 0x9D, 0xCC,
    0xE9, 0x72, 0xED, 0x52, 0x3D, 0x1A, 0x5F, 0xF6, 0xB4, 0xED, 0xF6, 0xDB, 0x3C, 0xA7, 0xD4, 0xB3,
    0xCA, 0xA0, 0x70, 0x75, 0x1A, 0x77, 0xAE, 0xAB, 0xFE, 0x1F, 0x0F, 0xEA, 0x76, 0x5B, 0xF3, 0x36,
    0xAC, 0x55, 0xC2, 0xD7, 0xE5, 0x64, 0xFA, 0x9F, 0xA6, 0x18, 0x23, 0x22, 0x60, 0x37, 0xA1, 0x74,
    0x28, 0xA6, 0x03, 0x52, 0x9A, 0x91, 0x79, 0x73, 0x32, 0x79, 0xDF, 0x85, 0x4B, 0x50, 0x57, 0xFF,
    0x14, 0x64, 0xDE, 0x56, 0x02, 0x6F, 0xCF, 0x67, 0x33, 0x4A, 0xE6, 0x3B, 0x4A, 0x18, 0x64, 0x90,
    0xE6, 0xD8, 0x84, 0xF3, 0x64, 0x9A, 0x79, 0x32, 0xEF, 0x21, 0xE0, 0xEF, 0x62, 0x13, 0xA7, 0x98,
    0x36, 0x3C, 0x3F, 0x69, 0xBE, 0xEE, 0xDD, 0x4B, 0x1E, 0xE8, 0x06, 0xAD, 0x4F, 0x25, 0xCD, 0x1E,
    0x22, 0x8E, 0x9C, 0x46, 0xA8, 0x6C, 0xAE, 0x9E, 0x5E, 0xDF, 0x2B, 0x67, 0x77, 0x96, 0x5C, 0xFF,
    0x07, 0xD5, 0x57, 0xBF, 0x8F, 0xDC, 0x54, 0x10, 0x1E, 0xDB, 0xE8, 0x2C, 0x70, 0x61, 0x0A, 0x22,
    0x04, 0x29, 0x96, 0x82, 0xE6, 0x44, 0xE1, 0x7F, 0x20, 0xDA, 0x67, 0x29, 0x65, 0x0A, 0x68, 0x16,
    0x8A, 0x2B, 0xC2, 0x7F, 0x70, 0x35, 0x52, 0xEE, 0x6C, 0x29, 0x05, 0x25, 0xE9, 0x28, 0x49, 0x89,
    0x42, 0x41, 0x43, 0x79, 0x17, 0x3F, 0x89, 0x82, 0x92, 0x4D, 0xC4, 0x41, 0xBB, 0x28, 0x49, 0x03,
    0x45, 0x2C, 0x65, 0x21, 0x7B, 0xCA, 0x5B, 0x3F, 0xBE, 0x6F, 0xDE, 0xF3, 0xDD, 0x5E, 0x12, 0xE0,
    0x08, 0x02, 0xC1, 0xDE, 0xBE, 0x19, 0xEF, 0xF9, 0x79, 0x66, 0xDE, 0xFC, 0xF8, 0x66, 0x2C, 0x22,
    0x62, 0x64, 0x24, 0x9D, 0x5C, 0xF4, 0x7E, 0x2D, 0xDE, 0xFB, 0x65, 0x3E, 0x7C, 0x31, 0x48, 0xB9,
    0x90, 0xAE, 0x36, 0xAD, 0x54, 0x16, 0xB7, 0xCB, 0xF9, 0xA1, 0x48, 0xBE, 0x70, 0x22, 0x59, 0xFF,
    0xBB, 0x44, 0xB7, 0x70, 0xB3, 0x35, 0xB5, 0x4C, 0x6C, 0x39, 0x97, 0x46, 0xF2, 0x61, 0x67, 0x2D,
    0x10, 0xDA, 0x8B, 0x4C, 0x7C, 0x3D, 0x2A, 0xE3, 0x6A, 0xA4, 0xF3, 0xEB, 0xC2, 0xFB, 0x55, 0xF5,
    0x00, 0x7A, 0xF0, 0xD0, 0xA1, 0x2A, 0xA0, 0xAC, 0xB3, 0xEB, 0x50, 0xA5, 0x96, 0x76, 0x82, 0x7D,
    0x85, 0x1F, 0x60, 0xE9, 0x82, 0x72, 0x64, 0x9B, 0x64, 0x4A, 0xB2, 0x4F, 0xB2, 0x86, 0x0D, 0xC6,
    0x91, 0xD0, 0x1A, 0x23, 0x7F, 0x81, 0x4C, 0xCF, 0x92, 0x3D, 0xC1, 0x49, 0x1C, 0x6E, 0xA5, 0x4E,
    0xAA, 0x07, 0xBB, 0xBD, 0xC0, 0xCA, 0x39, 0xD4, 0x0E, 0x32, 0x6A, 0xE4, 0x1A, 0x9C, 0xAA, 0x33,
    0x4B, 0xA7, 0x42, 0xFE, 0x68, 0x75, 0x58, 0x5E, 0xBA, 0x4F, 0xBD, 0x18, 0xDF, 0x48, 0xE1, 0x2A,
    0x15, 0x24, 0xAF, 0xC8, 0xCD, 0x70, 0x51, 0xFC, 0x10, 0x4E, 0x24, 0xA9, 0x6F, 0xC3, 0x05, 0x6C,
    0x78, 0xCE, 0xC7, 0xFB, 0xFB, 0x92, 0x21, 0x40, 0x16, 0xAB, 0xD6, 0x8B, 0xF5, 0xAC, 0x9B, 0x27,
    0xB3, 0xD9, 0xAE, 0x75, 0x92, 0x2F, 0x25, 0x1E, 0xC7, 0xD1, 0x1B, 0xA4, 0x38, 0x06, 0x8E, 0xA0,
    0xC7, 0x82, 0x1F, 0xC3, 0x71, 0x11, 0xCA, 0x78, 0x51, 0xB5, 0xF1, 0xA2, 0x91, 0x78, 0xE1, 0xE2,
    0x45, 0xB6, 0x8C, 0x17, 0xF9, 0x42, 0xC2, 0xE3, 0xA5, 0x95, 0x20, 0x90, 0x91, 0xD3, 0x6D, 0xB7,
    0xF5, 0x02, 0x4A, 0x55, 0x1B, 0xCC, 0xC8, 0x7E, 0x99, 0xCD, 0xDE, 0x83, 0x4D, 0x6A, 0x61, 0x3F,
    0x9A, 0xDA, 0xAB, 0xE1, 0x9F, 0x6F, 0xB5, 0xFC, 0x87, 0x18, 0x53, 0xD3, 0x74, 0x29, 0x9D, 0x3E,
    0x22, 0xE9, 0x42, 0xA2, 0xE1, 0xA3, 0xDD, 0xAA, 0x05, 0x0F, 0x32, 0x86, 0xD3, 0xC8, 0x4D, 0x32,
    0xFB, 0xA0, 0x8F, 0xC6, 0xDB, 0x68, 0x7B, 0x1D, 0xF8, 0x5E, 0xB4, 0x7C, 0x15, 0x0D, 0xEF, 0x4F,
    0xCC, 0x55, 0x6B, 0xAB, 0x3A, 0xC8, 0xDD, 0x8F, 0xB6, 0xAE, 0x4E, 0x4C, 0x1D, 0x2D, 0x1D, 0x0D,
    0x55, 0x3B, 0x55, 0x7A, 0xD6, 0x67, 0x8F, 0x7A, 0xF5, 0x97, 0xB7, 0xCA, 0x78, 0xE4, 0x2C, 0x9C,
    0x43, 0x59, 0xE2, 0xAF, 0xF7, 0xC6, 0xFB, 0xC2, 0x3F, 0x26, 0x43, 0xF6, 0xF6, 0x17, 0x66, 0x8D,
    0x91, 0x09, 0xEE, 0xB9, 0x43, 0x29, 0x7A, 0x49, 0x91, 0x12, 0x79, 0x2F, 0xF9, 0x9C, 0xD9, 0x2B,
    0x65, 0xEB, 0x82, 0x14, 0x17, 0xCC, 0xE3, 0xBD, 0x74, 0x29, 0xDC, 0x09, 0xF7, 0xF2, 0xB9, 0x12,
    0x45, 0x06, 0x29, 0x66, 0x36, 0x2B, 0xFC, 0x13, 0xCA, 0x4C, 0xFC, 0x5D, 0x32, 0x17, 0x54, 0xFE,
    0x53, 0xAC, 0x56, 0x56, 0xDA, 0x33, 0x6C, 0x91, 0x2F, 0x86, 0x5B, 0xB7, 0x3E, 0x3E, 0xDE, 0x65,
    0x8E, 0xDD, 0x45, 0xAC, 0xC0, 0xE6, 0xCD, 0x8A, 0x4F, 0x25, 0x4B, 0x7A, 0xC7, 0x8D, 0x44, 0x7F,
    0x9E, 0x06, 0x4D, 0xDC, 0x0B, 0x12, 0xA8, 0xAB, 0x1D, 0x73, 0x59, 0x89, 0x6A, 0x22, 0x49, 0x48,
    0x5E, 0x5F, 0xB2, 0x26, 0xFA, 0x50, 0x18, 0x50, 0x08, 0xC5, 0xF8, 0xAA, 0x66, 0x7E, 0x61, 0xF2,
    0x9F, 0x7D, 0xD7, 0x59, 0xCF, 0x70, 0x5D, 0xEF, 0xE9, 0x7C, 0x7C, 0x2F, 0xF6, 0xA9, 0x9F, 0xA7,
    0x38, 0x56, 0x1D, 0x52, 0x19, 0x31, 0x0E, 0x7C, 0x1E, 0x79, 0x88, 0xB7, 0x1B, 0x56, 0x81, 0xB3,
    0xC2, 0x95, 0xDF, 0x8E, 0xDC, 0x44, 0x5E, 0xB5, 0x81, 0x97, 0x36, 0x70, 0x45, 0x3E, 0xF0, 0xAC,
    0x0F, 0x3C, 0x71, 0x81, 0xCB, 0xDA, 0x48, 0x2B, 0x2B, 0x27, 0x8D, 0x29, 0x2C, 0xB9, 0x69, 0x8A,
    0x79, 0x02, 0x5E, 0xFA, 0xBC, 0xA7, 0xCF, 0x4B, 0x9F, 0xAD, 0xAF, 0x12, 0xF8, 0xBC, 0xD0, 0x09,
    0x38, 0xAA, 0x54, 0xEB, 0x08, 0x02, 0x6A, 0xA5, 0x57, 0x1B, 0xBD, 0x5A, 0xB8, 0x17, 0xEC, 0xF3,
    0x4B, 0xD2, 0xB5, 0xA2, 0x8B, 0x1B, 0x94, 0x1A, 0xA5, 0xB4, 0x2A, 0xD8, 0xE4, 0x5C, 0xB1, 0x30,
    0xD1, 0x1E, 0xE7, 0xD2, 0x15, 0xA9, 0x38, 0xA5, 0x8D, 0x52, 0xD3, 0x90, 0x4E, 0x3C, 0x69, 0xA9,
    0x34, 0x53, 0x0A, 0xFD, 0x1A, 0xD3, 0x4D, 0xBA, 0xA5, 0xD4, 0x6B, 0xA1, 0x12, 0x0A, 0x23, 0x3E,
    0xF9, 0x13, 0xB2, 0x01, 0x57, 0x7D, 0x83, 0xA2, 0xFE, 0x15, 0xC9, 0xEB, 0xFC, 0xF7, 0x03, 0x1C,
    0x29, 0xAA, 0xC7, 0xBC, 0x08, 0x39, 0x93, 0x5F, 0x6A, 0x83, 0x9A, 0x00, 0x0B, 0xB6, 0xD3, 0x1B,
    0x00, 0x81, 0x77, 0x51, 0xA0, 0xC5, 0x30, 0x26, 0xCB, 0xE9, 0x27, 0xE5, 0xD6, 0x8C, 0x4E, 0xCC,
    0x79, 0xB7, 0xA4, 0x89, 0xE5, 0x67, 0xE8, 0x3E, 0x15, 0x71, 0x8C, 0x71, 0x90, 0x29, 0xA1, 0xED,
    0x80, 0xF5, 0xEC, 0xD2, 0x9E, 0xCF, 0xAF, 0x24, 0xED, 0x43, 0x89, 0xA2, 0xDF, 0x78, 0xB4, 0x99,
    0x92, 0x08, 0x51, 0xFE, 0x74, 0xEB, 0xCB, 0x1A, 0x28, 0xA2, 0x51, 0x56, 0x52, 0x2C, 0x0E, 0x59,
    0x40, 0x84, 0x8A, 0xF4, 0x09, 0x1E, 0xEF, 0x80, 0xD8, 0x2F, 0x9F, 0xAA, 0x4E, 0xFC, 0x02, 0xED,
    0x62, 0x2D, 0xD5, 0x11, 0xC0, 0x9E, 0xF8, 0x83, 0xFA, 0xD7, 0xF5, 0x8E, 0xB7, 0x68, 0x23, 0xD6,
    0xDC, 0x2F, 0xED, 0x5A, 0x81, 0x66, 0x82, 0x65, 0xEC, 0x90, 0xE0, 0x7F, 0xFE, 0x21, 0xEE, 0x5D,
    0xB1, 0xE9, 0x12, 0xF2, 0xF7, 0x61, 0x3B, 0xA1, 0x24, 0xAD, 0x4F, 0x64, 0x6A, 0x63, 0x3B, 0xFF,
    0x9A, 0x6E, 0xAC, 0x3D, 0x76, 0x32, 0x36, 0x32, 0xF6, 0x31, 0x6D, 0x63, 0xE8, 0x62, 0x93, 0xEB,
    0x7D, 0xFE, 0xD0, 0x26, 0xF0, 0xCA, 0xDB, 0x27, 0x1A, 0xCC, 0x1F, 0x7E, 0x3B, 0xF4, 0x2F, 0xB4,
    0x2F, 0x74, 0x2F, 0x36, 0xAF, 0x43, 0x7A, 0x71, 0xD2, 0xD1, 0xBD, 0x1A, 0x9D, 0x1B, 0x67, 0x9C,
    0xCF, 0x36, 0x9F, 0x10, 0x50, 0xF3, 0xF5, 0x8E, 0x63, 0xB7, 0xE9, 0x98, 0xAB, 0xD3, 0xD0, 0xA4,
    0x0F, 0xCE, 0x84, 0x14, 0xE4, 0xC2, 0x0C, 0x48, 0xDE, 0x30, 0xEF, 0x95, 0xC0, 0x33, 0x07, 0x24,
    0xFB, 0xD1, 0xDB, 0x13, 0x3B, 0xC1, 0x14, 0x61, 0x8B, 0xF5, 0x8E, 0x87, 0xC1, 0xFE, 0x91, 0x95,
    0x6A, 0xB8, 0x6C, 0x8B, 0x3B, 0x88, 0xD6, 0x13, 0x04, 0xB0, 0x83, 0x93, 0xDE, 0x18, 0x5B, 0xE7,
    0x65, 0x5B, 0xFA, 0x9F, 0x2D, 0x1C, 0x8F, 0x07, 0x0D, 0xA6, 0x09, 0x3A, 0xF9, 0xD9, 0x75, 0xA0,
    0x82, 0x8D, 0xAD, 0xEE, 0x78, 0xEC, 0x7F, 0x68, 0x53, 0xCF, 0x2C, 0x2A, 0x75, 0x55, 0x32, 0x69,
    0x31, 0x65, 0x68, 0x00, 0x13, 0x4E, 0x19, 0xF1, 0x2C, 0xCB, 0x30, 0xC6, 0xE8, 0x40, 0xA3, 0xA3,
    0xCD, 0x94, 0x6D, 0xF4, 0xE0, 0x9C, 0x13, 0x51, 0xC3, 0xCD, 0x4F, 0x4D, 0x44, 0x2A, 0x34, 0x4E,
    0x44, 0xCB, 0xB1, 0xB1, 0x64, 0xBF, 0x90, 0x9C, 0x14, 0x55, 0xC7, 0x4C, 0x42, 0xB4, 0xCE, 0x39,
    0x1E, 0x55, 0xF3, 0xA6, 0x45, 0x84, 0x21, 0x7A, 0x25, 0x9A, 0x78, 0x7B, 0xD1, 0xDF, 0xA8, 0x47,
    0xA9, 0xE6, 0xFF, 0xCB, 0xE1, 0x41, 0x87, 0x06, 0x1D, 0x7C, 0xC2, 0xEC, 0xA8, 0x43, 0xC3, 0xF8,
    0xEC, 0x7F, 0x62, 0x68, 0xD8, 0x1C, 0x0C, 0x9E, 0xCB, 0xFE, 0xB5, 0x69, 0x21, 0x42, 0x06, 0x9D,
    0xCD, 0xE8, 0xC4, 0xA9, 0xF8, 0x2B, 0x96, 0x06, 0x41, 0xB0, 0xE0, 0x68, 0x59, 0x5E, 0x61, 0x9E,
    0x67, 0x24, 0x57, 0xDA, 0x98, 0x6B, 0x4A, 0x72, 0x85, 0x48, 0xDD, 0xF2, 0x2D, 0xEE, 0x56, 0x9F,
    0xC0, 0xCD, 0x86, 0x01, 0x34, 0x3C, 0xC4, 0x61, 0xCA, 0x98, 0x02, 0x24, 0x13, 0xBA, 0x2C, 0x25,
    0x44, 0xAA, 0x8D, 0xB9, 0x42, 0x24, 0x48, 0x4B, 0x9C, 0xB4, 0xD0, 0x1A, 0x21, 0xD2, 0xF0, 0xF0,
    0xB7, 0x83, 0x07, 0xA2, 0x93, 0x68, 0x57, 0xB5, 0x01, 0x13, 0xC0, 0x4D, 0x62, 0x65, 0xF6, 0x23,
    0xDA, 0xB2, 0xED, 0x95, 0xF3, 0xB7, 0xE2, 0xE9, 0x73, 0xB0, 0x74, 0xBA, 0x89, 0xA5, 0xBB, 0x11,
    0x4B, 0xE7, 0x23, 0x96, 0x56, 0x8A, 0xA5, 0xFE, 0xFD, 0x53, 0x2C, 0x55, 0x01, 0xD7, 0x64, 0xA3,
    0x91, 0xC5, 0xA0, 0x14, 0xF6, 0xD9, 0xB9, 0x5A, 0xA1, 0x9E, 0xE5, 0xA8, 0xCC, 0x20, 0x17, 0x99,
    0x73, 0xBA, 0x3F, 0x7D, 0xAC, 0x2C, 0xBF, 0x17, 0x06, 0xC4, 0xAF, 0x95, 0x55, 0x97, 0x95, 0xED,
    0x23, 0x25, 0x6A, 0x8E, 0x21, 0x9E, 0x07, 0xE9, 0x95, 0x15, 0x0B, 0xD5, 0xC3, 0x71, 0x8A, 0xA2,
    0xC2, 0x60, 0xD9, 0x29, 0x4B, 0x8E, 0x91, 0x91, 0x12, 0xE7, 0x10, 0x56, 0x12, 0x93, 0xBE, 0xB2,
    0x9A, 0xE9, 0x74, 0x58, 0xD0, 0xFE, 0x9A, 0x9C, 0xE0, 0x64, 0xE8, 0x6A, 0x99, 0xBE, 0x1B, 0x6C,
    0xD5, 0x67, 0x4D, 0x86, 0x6F, 0xD0, 0xF9, 0x0A, 0xEF, 0x3A, 0x4F, 0xC8, 0x1B, 0x76, 0x7A, 0x78,
    0x48, 0x13, 0x19, 0x8E, 0xBE, 0xA6, 0x74, 0x4A, 0xBD, 0x7E, 0xE0, 0xE1, 0xFC, 0xD0, 0x7C, 0x17,
    0xAA, 0x30, 0xD0, 0x89, 0x52, 0xD3, 0xCB, 0x8D, 0xEE, 0xFD, 0x61, 0xD8, 0x59, 0x1A, 0xDF, 0x77,
    0x7E, 0x5E, 0xF8, 0xFA, 0x22, 0x53, 0x25, 0xD5, 0xA3, 0xD6, 0xE3, 0x8B, 0xA1, 0xDA, 0x72, 0xF3,
    0x29, 0x8C, 0x6F, 0x5B, 0x14, 0xE5, 0x63, 0x0B, 0x30, 0xF3, 0x35, 0x61, 0xAD, 0x06, 0xC0, 0x75,
    0xC0, 0xC5, 0xC4, 0x03, 0x17, 0xB3, 0x6F, 0x80, 0x54, 0x25, 0xE1, 0xE9, 0x12, 0xC9, 0x12, 0x24,
    0x85, 0x5F, 0x5C, 0xDE, 0x82, 0x4C, 0x70, 0xFC, 0x83, 0x4B, 0xC4, 0xC5, 0x9E, 0xE9, 0x32, 0x8F,
    0x18, 0x0F, 0x60, 0x07, 0x2E, 0x7E, 0x44, 0x4F, 0xBD, 0x55, 0x69, 0xB5, 0xBF, 0x15, 0xB0, 0x91,
    0xCE, 0x62, 0xD0, 0x5E, 0xD9, 0x4C, 0x9E, 0x1F, 0x35, 0x01, 0x50, 0x07, 0x6D, 0xC0, 0xFA, 0x6E,
    0xE1, 0xD2, 0x7B, 0x50, 0x70, 0x1D, 0xF2, 0xA1, 0x83, 0x6A, 0x31, 0x5C, 0x75, 0x73, 0x40, 0x63,
    0x0B, 0x25, 0xD8, 0xD7, 0x01, 0x4A, 0x3F, 0x24, 0xA6, 0x37, 0x6B, 0xBA, 0xDA, 0x96, 0xC7, 0xBB,
    0xBD, 0xA9, 0x39, 0x17, 0x9D, 0xBE, 0x92, 0x56, 0x0B, 0xE6, 0xC2, 0x0D, 0xF4, 0x12, 0x18, 0x70,
    0x51, 0xDF, 0x59, 0x03, 0x1C, 0x86, 0x62, 0x9A, 0x02, 0x09, 0xF7, 0xF1, 0x46, 0xEC, 0xCA, 0xE3,
    0x9D, 0x55, 0xC6, 0x66, 0xDA, 0x0C, 0x31, 0x1A, 0xC8, 0xCB, 0x94, 0x71, 0xEA, 0xC3, 0x62, 0xCC,
    0x90, 0xA7, 0x18, 0x35, 0x21, 0x0F, 0x8E, 0x3E, 0xE2, 0x8C, 0xB6, 0x1D, 0xF4, 0xB4, 0xA1, 0xD0,
    0x52, 0x8E, 0xF7, 0x5B, 0x5E, 0x8B, 0xF5, 0x25, 0x6C, 0x46, 0x69, 0xB7, 0xD5, 0xD8, 0x7B, 0xFC,
    0x62, 0x7C, 0x43, 0x0C, 0x39, 0xCF, 0x8A, 0xE5, 0x9A, 0xB4, 0x0A, 0xEB, 0x3E, 0x7E, 0x66, 0x57,
    0x8F, 0x66, 0xB1, 0x75, 0xFD, 0xBD, 0xA5, 0x9F, 0x3A, 0xE6, 0xDA, 0xC6, 0x19, 0xA0, 0x6F, 0x0B,
    0xFE, 0xE3, 0x1F, 0xF5, 0x5D, 0x3D, 0x0A, 0xD7, 0xA7, 0x7F, 0x85, 0x2D, 0x1E, 0xE4, 0x3E, 0xE5,
    0x31, 0x5E, 0x05, 0x50, 0x5E, 0x92, 0x4B, 0xC9, 0x2A, 0x5F, 0x24, 0x37, 0xDF, 0x44, 0x7E, 0xC1,
    0x65, 0x06, 0xF1, 0x2B, 0xE6, 0xE7, 0x1E, 0x64, 0xF0, 0x2A, 0xD0, 0x8D, 0x67, 0x3B, 0xCF, 0xB0,
    0xB3, 0x9D, 0xDE, 0x94, 0xC9, 0x27, 0x56, 0xD1, 0xEB, 0xCC, 0x08, 0xE8, 0x9E, 0xB7, 0xD0, 0x07,
    0x07, 0x88, 0xE5, 0x54, 0xAA, 0x43, 0xE9, 0x9F, 0xBE, 0xB6, 0x9F, 0xAC, 0xDF, 0x00, 0x0D, 0x8E,
    0xB1, 0x0D, 0xC2, 0x30, 0x14, 0x44, 0x4F, 0x58, 0x4A, 0x24, 0xA7, 0xB0, 0x18, 0x00, 0x79, 0x03,
    0xBC, 0x00, 0x60, 0x2F, 0x91, 0x1D, 0xE8, 0xB2, 0x40, 0x42, 0xFE, 0x08, 0x8C, 0xC0, 0x10, 0x29,
    0x28, 0x12, 0xD9, 0xA2, 0xA5, 0xF1, 0x08, 0x69, 0xE8, 0x5D, 0xB8, 0x08, 0x52, 0x82, 0xF1, 0xE9,
    0xF4, 0x8A, 0x93, 0x9E, 0x74, 0x01, 0x2B, 0x2E, 0x10, 0x86, 0x39, 0xE1, 0x14, 0x5A, 0xE0, 0x8E,
    0x72, 0x85, 0xB4, 0x98, 0x84, 0x03, 0x20, 0x3F, 0x41, 0xA7, 0xF0, 0x6C, 0xA8, 0xAE, 0x53, 0xCE,
    0xA3, 0x30, 0x53, 0x63, 0xF4, 0x0F, 0x55, 0xC4, 0xB0, 0x0C, 0x43, 0x49, 0x4B, 0xE5, 0x32, 0x01,
    0x4B, 0xD6, 0x97, 0x33, 0x9B, 0x2B, 0xC7, 0xB3, 0xA6, 0x66, 0x1B, 0xE3, 0x18, 0x4E, 0xDF, 0xB5,
    0x0F, 0xD2, 0xB3, 0x97, 0x17, 0x6F, 0xAF, 0x24, 0xB5, 0x67, 0x5C, 0x0B, 0xD2, 0xCA, 0x88, 0x0D,
    0xBB, 0x08, 0x70, 0x03, 0x41, 0xB9, 0x75, 0x6F, 0x52, 0x42, 0x5A, 0xD0, 0xA5, 0xD4, 0xF1, 0x3C,
    0x30, 0x97, 0xFF, 0xD0, 0x0D, 0x1C, 0x07, 0x68, 0x8F, 0xB0, 0x0F, 0xBD, 0x3B, 0x62, 0xC4, 0x86,
    0x44, 0xDA, 0xFC, 0x01, 0xC5, 0x5A, 0x3B, 0x6F, 0xDC, 0xD8, 0x15, 0x3E, 0x24, 0x23, 0x13, 0x31,
    0x0B, 0xA6, 0x58, 0x20, 0xF0, 0x2E, 0x10, 0xA6, 0x48, 0x21, 0x23, 0xD8, 0xE5, 0x1F, 0x70, 0x86,
    0x44, 0x16, 0xD8, 0x26, 0x45, 0xD4, 0x38, 0x2E, 0x5C, 0xB8, 0x49, 0x91, 0x26, 0x51, 0x9B, 0x62,
    0xA5, 0x21, 0x12, 0x20, 0x4D, 0x9A, 0x74, 0x2E, 0x5C, 0xAC, 0x8B, 0x54, 0x4E, 0xE1, 0x66, 0x0B,
    0x07, 0xD0, 0x88, 0xEC, 0x52, 0xA4, 0x58, 0xBA, 0x48, 0xB5, 0x45, 0x58, 0xAC, 0xB7, 0x48, 0x63,
    0x02, 0x19, 0x67, 0x69, 0x80, 0x33, 0xCC, 0xF7, 0x9D, 0x7B, 0x39, 0x0F, 0x79, 0x46, 0x96, 0x2D,
    0x6A, 0x34, 0xA3, 0x7B, 0x35, 0x0F, 0xF2, 0x9C, 0xF3, 0x9D, 0x7B, 0x9E, 0xF7, 0x8E, 0x78, 0xAD,
    0x88, 0x78, 0x33, 0x4C, 0xC1, 0x1C, 0x53, 0xD8, 0x61, 0x8A, 0x9E, 0xA6, 0x22, 0x49, 0x58, 0xD8,
    0x69, 0xE2, 0x57, 0x22, 0xAD, 0x57, 0x8B, 0x34, 0x6E, 0x2D, 0xEE, 0xD4, 0x69, 0x04, 0x6F, 0x5A,
    0xC1, 0xC7, 0x13, 0x09, 0xBA, 0x6E, 0x8E, 0xBB, 0xBA, 0x4E, 0xA2, 0x27, 0x4F, 0x9E, 0xA6, 0x09,
    0x48, 0x14, 0x3A, 0x9D, 0x82, 0x62, 0x05, 0xE2, 0xBC, 0x6F, 0xF1, 0x70, 0xA6, 0xE4, 0xD6, 0xF6,
    0x13, 0xDF, 0x3A, 0x5D, 0x05, 0x22, 0x33, 0x89, 0xFF, 0xD5, 0x49, 0x22, 0x31, 0x38, 0x87, 0x99,
    0x8E, 0xC3, 0xAE, 0x00, 0xF1, 0x22, 0x29, 0xC3, 0x62, 0x06, 0x7A, 0xAD, 0xC4, 0x18, 0x49, 0xD1,
    0xFD, 0x0A, 0x9F, 0x75, 0x2F, 0xF1, 0xDD, 0x2F, 0x8A, 0x05, 0xDD, 0x88, 0x02, 0x17, 0x66, 0xF0,
    0xB5, 0x43, 0x2C, 0x6E, 0x87, 0x57, 0x72, 0x98, 0x11, 0x16, 0x5F, 0x8D, 0x64, 0xF5, 0x61, 0x2F,
    0xA1, 0x28, 0x9C, 0xFC, 0x97, 0xE4, 0xFA, 0x15, 0xEE, 0x0F, 0xFF, 0x5C, 0x8A, 0xC4, 0x14, 0x3B,
    0xE1, 0x34, 0x02, 0x5C, 0x39, 0x01, 0x5C, 0xFC, 0x4D, 0x04, 0x6F, 0x46, 0x84, 0x14, 0xE3, 0xAE,
    0xAE, 0x4B, 0x7D, 0x4C, 0x45, 0xF8, 0x9F, 0x27, 0x4F, 0x0B, 0x28, 0xCA, 0xAF, 0x20, 0xBD, 0x57,
    0x03, 0xBD, 0x3B, 0x1D, 0x83, 0x41, 0x2B, 0x63, 0xB0, 0xCD, 0x41, 0xED, 0x3E, 0x14, 0xE8, 0x61,
    0x04, 0x56, 0xBC, 0x5E, 0x84, 0x4B, 0x42, 0x3F, 0x20, 0x02, 0xAA, 0x97, 0x0B, 0xA4, 0xF7, 0xB6,
    0xB7, 0x2C, 0x9C, 0xF0, 0xDF, 0x85, 0x95, 0x7F, 0x05, 0x31, 0x55, 0xEE, 0xCE, 0x97, 0x88, 0xD3,
    0x05, 0x62, 0x4C, 0xB1, 0x5F, 0xF6, 0x88, 0x49, 0xF3, 0x84, 0xB0, 0x5B, 0x3C, 0xF1, 0x7F, 0x42,
    0xC4, 0x23, 0x45, 0x2C, 0x44, 0x9C, 0xF6, 0x88, 0xC3, 0x02, 0x42, 0x07, 0x55, 0xC2, 0x55, 0x1E,
    0xDB, 0xA5, 0x3E, 0x30, 0x32, 0x05, 0x10, 0x29, 0x82, 0x44, 0xB7, 0x0D, 0xEF, 0x24, 0x35, 0x68,
    0x9F, 0xB7, 0x43, 0xA1, 0xBF, 0xA3, 0x64, 0x75, 0xF1, 0x71, 0xDB, 0x33, 0xBF, 0x10, 0x6F, 0x0E,
    0xE6, 0x1B, 0x81, 0xCF, 0xCE, 0x07, 0x5E, 0xAD, 0x01, 0x97, 0x55, 0xE0, 0xEE, 0xDB, 0x81, 0x27,
    0x06, 0xF8, 0xEF, 0x85, 0xB7, 0x89, 0x8C, 0xAD, 0x44, 0x10, 0x68, 0x78, 0xD0, 0x11, 0x17, 0x3A,
    0xA6, 0x13, 0xDD, 0x68, 0x48, 0x0E, 0xD3, 0x3E, 0x44, 0x74, 0x3A, 0x37, 0x93, 0x80, 0xC8, 0xA3,
    0x9F, 0xAF, 0x21, 0x97, 0xB9, 0xF2, 0xEC, 0x9D, 0xC1, 0x7B, 0x89, 0x4B, 0xFC, 0xAF, 0x89, 0xFC,
    0x1F, 0xA0, 0x14, 0xFE, 0x11, 0x17, 0xC7, 0xEE, 0x94, 0x7A, 0x6C, 0xE9, 0x1F, 0x2D, 0xE1, 0x9F,
    0x12, 0x47, 0x42, 0xF8, 0x49, 0x4A, 0xE4, 0x85, 0x4E, 0x3E, 0x90, 0x57, 0x40, 0x1E, 0xD4, 0x98,
    0xBC, 0x69, 0x9C, 0x89, 0xD7, 0xD0, 0xD2, 0x2D, 0xB4, 0x31, 0x50, 0x8C, 0x4B, 0x63, 0x89, 0xB4,
    0x74, 0x1A, 0x13, 0x50, 0x25, 0xE4, 0x8E, 0x9B, 0x9E, 0x4F, 0x2F, 0xAF, 0x81, 0x79, 0x68, 0xFD,
    0x3D, 0xAA, 0xE8, 0x9B, 0x1D, 0xA6, 0x67, 0x87, 0xC5, 0x1A, 0x5A, 0xEA, 0xC4, 0x27, 0xE4, 0xE8,
    0x0B, 0x7C, 0x31, 0xF2, 0xCA, 0xD5, 0x2F, 0xDD, 0x45, 0xA4, 0xF3, 0xA9, 0x90, 0xE0, 0x25, 0xDD,
    0xE4, 0x0B, 0xF0, 0x8E, 0x7E, 0x49, 0x93, 0x09, 0xF4, 0x0E, 0x88, 0x3E, 0xE1, 0x6A, 0xB6, 0xD4,
    0x4A, 0x83, 0xA7, 0xCB, 0x48, 0x87, 0x4F, 0x26, 0x6A, 0x00, 0x0C, 0x77, 0x9D, 0xD0, 0x0A, 0x32,
    0xAC, 0xB1, 0x8D, 0x74, 0x09, 0x61, 0x9F, 0xF6, 0x91, 0xCE, 0x9B, 0x7D, 0x82, 0x78, 0x08, 0x04,
    0xFE, 0x74, 0x4D, 0xB6, 0xC1, 0xAD, 0x41, 0x63, 0x69, 0x40, 0x3C, 0x31, 0xE3, 0xF5, 0x71, 0xB0,
    0x86, 0xF6, 0xDA, 0xE3, 0xFA, 0x02, 0x6F, 0x3D, 0x98, 0xF5, 0x6F, 0x8E, 0xF5, 0xE2, 0x70, 0x0A,
    0x0A, 0xEB, 0x77, 0x26, 0xCC, 0xFF, 0xBA, 0xBF, 0xFA, 0x96, 0x3C, 0xC6, 0xE7, 0x0F, 0x19, 0x7C,
    0x61, 0x88, 0x26, 0x0A, 0xAC, 0x3C, 0x66, 0x6B, 0x49, 0xC0, 0x63, 0x12, 0x08, 0x34, 0x32, 0xFC,
    0x13, 0xDA, 0x8C, 0x3E, 0xAD, 0xFA, 0x4C, 0x40, 0x44, 0x47, 0x26, 0x09, 0xB4, 0x34, 0x8C, 0x63,
    0xE8, 0x0B, 0x10, 0x34, 0x32, 0x70, 0xCA, 0x02, 0x1B, 0x19, 0x82, 0x12, 0x42, 0xF8, 0x55, 0xB2,
    0xC8, 0x04, 0x22, 0xB5, 0x51, 0x16, 0x55, 0x1E, 0x2F, 0x39, 0x87, 0xD9, 0x89, 0xF8, 0xDF, 0xC2,
    0xC0, 0x68, 0xC8, 0x79, 0xF6, 0x76, 0x1D, 0xFD, 0xD4, 0xEA, 0xE8, 0x9B, 0x5E, 0x47, 0x91, 0xEA,
    0x68, 0xEE, 0xAC, 0xE8, 0x68, 0x4F, 0x6C, 0x22, 0x10, 0xB5, 0x06, 0x4D, 0x0E, 0x4B, 0x5D, 0xEC,
    0x3B, 0x99, 0x35, 0xF4, 0x50, 0xA3, 0xC1, 0x4C, 0xB6, 0xF8, 0x87, 0x5A, 0x8C, 0xF1, 0x0F, 0x5C,
    0x17, 0x2F, 0xFD, 0x83, 0x16, 0x73, 0x62, 0xFC, 0xA3, 0x66, 0x84, 0x38, 0xE3, 0x1F, 0xD6, 0x62,
    0xE8, 0x1F, 0x29, 0x24, 0x5F, 0xFA, 0x47, 0x60, 0xFC, 0xC3, 0xAD, 0x8C, 0x46, 0x34, 0x50, 0x9E,
    0xD5, 0xC5, 0xF3, 0x81, 0x75, 0xF1, 0x46, 0x0D, 0x90, 0xF5, 0x4C, 0xF7, 0x7B, 0xFA, 0x1F, 0x73,
    0x6D, 0xA2, 0x87, 0x5C, 0x1C, 0x35, 0x8E, 0x6E, 0xF7, 0x15, 0x42, 0x66, 0x2A, 0x84, 0x8F, 0x6C,
    0xDC, 0xA4, 0x91, 0xEC, 0x19, 0xF6, 0x41, 0xBA, 0x2F, 0xFE, 0x0B, 0xF8, 0xE4, 0x90, 0x4A, 0x59,
    0xC6, 0xCE, 0x49, 0x0E, 0x56, 0x3F, 0x58, 0x50, 0xBD, 0xE3, 0x12, 0xD3, 0x83, 0xDE, 0x36, 0xDC,
    0xAD, 0xB6, 0xB1, 0x93, 0xD8, 0x19, 0x34, 0xF2, 0x3D, 0xE9, 0xD5, 0xF0, 0xB9, 0xFA, 0xC9, 0xA0,
    0x6A, 0xD8, 0x47, 0xBE, 0x94, 0x11, 0xD1, 0x46, 0x44, 0xEB, 0xAF, 0xA3, 0xBD, 0xF6, 0xD8, 0x19,
    0x16, 0x77, 0xC4, 0x7F, 0x35, 0xB0, 0x3F, 0x6C, 0x89, 0x9F, 0xB4, 0x4F, 0x8E, 0xD9, 0xDD, 0xBB,
    0x69, 0x6B, 0x5D, 0x73, 0x75, 0xCC, 0xEE, 0x1E, 0xE0, 0x9A, 0x46, 0xC7, 0xA6, 0xEF, 0xCD, 0x35,
    0x77, 0xD3, 0x9E, 0xCE, 0x82, 0xCF, 0x11, 0x46, 0x67, 0x07, 0x5F, 0xE7, 0x94, 0x1D, 0x91, 0xFD,
    0x45, 0x0E, 0x07, 0x09, 0x0B, 0x78, 0x3C, 0x78, 0xDE, 0xAB, 0x70, 0x8F, 0x8E, 0x9E, 0xD6, 0x44,
    0xCB, 0xBA, 0xEF, 0xF3, 0xBA, 0x2C, 0x80, 0x1E, 0x25, 0xFF, 0x46, 0xB6, 0xC6, 0xFE, 0x35, 0xF7,
    0x29, 0xAD, 0x8F, 0x9B, 0xC7, 0xE0, 0xB8, 0x12, 0x06, 0x4F, 0xAC, 0xC7, 0x0F, 0x6D, 0x3C, 0x57,
    0x77, 0x5D, 0xF2, 0x7B, 0x7F, 0x7C, 0x53, 0xD8, 0xDA, 0x6F, 0x8D, 0xDD, 0xDF, 0x9F, 0x5E, 0x99,
    0xFC, 0xCE, 0xFC, 0x77, 0x70, 0xC3, 0xB9, 0x04, 0x8F, 0x9A, 0x8D, 0x32, 0x27, 0x56, 0x66, 0x78,
    0xEC, 0x79, 0x32, 0xA7, 0x46, 0x66, 0xD6, 0xA1, 0xF2, 0x01, 0xC6, 0xE7, 0xA6, 0xEC, 0x82, 0x32,
    0x12, 0xF8, 0x14, 0xD4, 0xE4, 0x7D, 0x57, 0xAB, 0x05, 0x5E, 0xD9, 0x3A, 0x88, 0xFC, 0xD8, 0xF2,
    0xAC, 0x4D, 0xDA, 0xBF, 0x69, 0x18, 0xA1, 0x24, 0x15, 0xF8, 0x87, 0xB7, 0x52, 0x6F, 0x5C, 0x0E,
    0x5F, 0x68, 0x93, 0x06, 0x2A, 0xF9, 0x4F, 0xE0, 0xE4, 0x79, 0x71, 0xE0, 0x12, 0x5B, 0x79, 0x95,
    0xD8, 0xEE, 0xD8, 0xA6, 0x86, 0xBE, 0x4D, 0x6C, 0xD0, 0xAB, 0xE2, 0xAA, 0xB7, 0xE2, 0x3A, 0xCF,
    0xD6, 0x4E, 0x36, 0xE3, 0x62, 0xBE, 0xC3, 0xD7, 0x7B, 0xE6, 0xB2, 0x5B, 0x88, 0x38, 0xF9, 0x1F,
    0x32, 0xEF, 0x3B, 0xD0, 0x2C, 0x9A, 0x4D, 0xD8, 0x64, 0x3B, 0xB6, 0x5A, 0xC7, 0x39, 0xD8, 0x64,
    0x3D, 0x2E, 0xC4, 0x95, 0xE9, 0x5F, 0xDC, 0xC6, 0xAC, 0x21, 0x2B, 0x14, 0xF4, 0x0A, 0xC4, 0x98,
    0x57, 0x03, 0x62, 0x64, 0x30, 0xED, 0x73, 0xC9, 0x4A, 0x1D, 0xCE, 0xF4, 0x4F, 0x1B, 0xFD, 0xEF,
    0x54, 0x82, 0xEC, 0xD9, 0x55, 0xDA, 0x28, 0x2A, 0xCD, 0x1F, 0x19, 0x7F, 0xFB, 0xD3, 0x99, 0x3E,
    0xE0, 0x2D, 0x76, 0xFA, 0xCE, 0x58, 0x13, 0x8B, 0xE9, 0xEA, 0xFD, 0x6E, 0x73, 0x5C, 0xEF, 0xF1,
    0x4C, 0x4F, 0x06, 0x88, 0x85, 0xDB, 0x63, 0x3D, 0x1A, 0xCF, 0x16, 0x16, 0xDB, 0x3A, 0xB5, 0x45,
    0xD7, 0xDD, 0x7B, 0xE5, 0xD5, 0xDB, 0x9F, 0xF7, 0x5E, 0xF1, 0x1A, 0xA4, 0x88, 0x62, 0x5C, 0xF9,
    0x95, 0x57, 0x9A, 0x50, 0x0D, 0x2C, 0xC5, 0x03, 0x94, 0x62, 0x9B, 0x9F, 0x17, 0xA7, 0x4A, 0xAB,
    0x0D, 0xEB, 0xB0, 0xF6, 0xCB, 0xFE, 0xBF, 0xC2, 0x2E, 0xF2, 0x22, 0xDA, 0x4A, 0x7D, 0xF5, 0x2E,
    0xAD, 0x3B, 0x9C, 0xAE, 0x9B, 0xA2, 0xD8, 0xBE, 0x0F, 0x23, 0x2D, 0x65, 0xCC, 0x86, 0x29, 0x2A,
    0x46, 0xA2, 0xFA, 0x42, 0x21, 0xA1, 0x75, 0xC2, 0xD6, 0x69, 0xC2, 0x4B, 0x4C, 0x65, 0xC1, 0xDB,
    0x94, 0x80, 0x92, 0x52, 0xA2, 0xA6, 0xAC, 0x39, 0xBF, 0x3F, 0xD3, 0x35, 0x9A, 0xAB, 0xEE, 0x19,
    0x1B, 0x27, 0xCA, 0x92, 0xD4, 0xD7, 0xC7, 0x44, 0xF9, 0x84, 0xC5, 0x72, 0x8D, 0xAA, 0xED, 0xF9,
    0xD8, 0xEC, 0xB4, 0x90, 0xB7, 0xB3, 0xAC, 0xB9, 0xA3, 0xDE, 0x6A, 0x56, 0xEE, 0xDB, 0x01, 0xFA,
    0xA8, 0x34, 0xA1, 0xE6, 0xC6, 0x7A, 0xA8, 0x59, 0xB7, 0xD1, 0xF7, 0xC6, 0xAF, 0x4D, 0xA7, 0xCF,
    0x35, 0xD5, 0x85, 0x65, 0x49, 0xDF, 0xEC, 0xDB, 0x82, 0x31, 0x7E, 0x00, 0xD8, 0xBF, 0x71, 0xFF,
    0xB2, 0x6B, 0xC4, 0x26, 0x23, 0x83, 0x98, 0x63, 0x32, 0xB2, 0xDC, 0x48, 0x97, 0x11, 0x67, 0x53,
    0x06, 0x79, 0x6F, 0xF4, 0x5F, 0x8A, 0xF5, 0x60, 0x76, 0xDB, 0xCE, 0x34, 0x4C, 0x51, 0x42, 0x43,
    0x23, 0xD1, 0x86, 0x8D, 0x88, 0x9D, 0x00, 0xFF, 0xD8, 0xA6, 0x4D, 0x6E, 0x00, 0x30, 0x6D, 0x62,
    0xAD, 0x2D, 0x68, 0xBF, 0x9A, 0x0D, 0x05, 0xDA, 0x90, 0xA0, 0x45, 0xB3, 0xE4, 0x34, 0x9B, 0xAE,
    0xD4, 0xF2, 0x63, 0xEE, 0x88, 0xB5, 0x1F, 0xCA, 0xF5, 0xC1, 0xD7, 0x45, 0x2E, 0x4C, 0x79, 0xEA,
    0xAD, 0x94, 0xA7, 0x50, 0x05, 0x0B, 0x09, 0xCD, 0x36, 0xCD, 0x30, 0x6A, 0x88, 0x9F, 0x63, 0x1A,
    0x83, 0xA2, 0xFC, 0x7D, 0xA5, 0x31, 0xE9, 0x63, 0x8A, 0x36, 0x52, 0xD7, 0xA8, 0x06, 0x77, 0x1E,
    0x29, 0xB4, 0xF0, 0xB3, 0x66, 0x43, 0xD2, 0x1D, 0xD0, 0x05, 0xB4, 0x7E, 0x51, 0x67, 0x4F, 0xA2,
    0xE2, 0x9A, 0x9C, 0xFD, 0xBC, 0xE0, 0x3E, 0xBC, 0xCB, 0x6F, 0xD9, 0x7C, 0x73, 0xA5, 0x3F, 0x5E,
    0xD1, 0xBD, 0x78, 0xAD, 0x01, 0x1E, 0x9B, 0xD7, 0x3A, 0xE5, 0xF2, 0x51, 0x87, 0x2A, 0x0C, 0x49,
    0x73, 0xEA, 0xCF, 0xFF, 0x86, 0x95, 0xA9, 0x24, 0x4F, 0xD1, 0x4A, 0xC5, 0xDA, 0x11, 0x97, 0x93,
    0x4B, 0x28, 0x43, 0x4B, 0x4F, 0xAB, 0x0C, 0xB6, 0x04, 0xD3, 0xE5, 0x3E, 0xDB, 0x4D, 0x65, 0x9E,
    0xE8, 0x76, 0x7C, 0xDE, 0xCD, 0xD0, 0x1B, 0x37, 0xAC, 0x99, 0x2E, 0x02, 0x3B, 0x5A, 0xAD, 0xAD,
    0xF6, 0x16, 0xE8, 0x34, 0xCA, 0x9B, 0xFD, 0xB4, 0xBF, 0xEE, 0x1C, 0xDE, 0x81, 0x41, 0xA7, 0x11,
    0x97, 0x6C, 0x6F, 0xA6, 0xC3, 0xC0, 0xF3, 0x9A, 0x7E, 0x73, 0xCB, 0x19, 0x2F, 0x20, 0xE9, 0xFE,
    0xE9, 0x33, 0xB3, 0x53, 0xA6, 0x1F, 0x8C, 0x77, 0x82, 0xF1, 0x8D, 0xF6, 0xBA, 0xE4, 0xDE, 0x4F,
    0x3C, 0x08, 0x4E, 0x1B, 0x20, 0xB9, 0xF5, 0xF5, 0x3F, 0x1E, 0x1B, 0xE4, 0xE5, 0x9E, 0xD4, 0x51,
    0x7A, 0x66, 0x19, 0x5B, 0x42, 0xAC, 0xAF, 0x0E, 0xA2, 0x6B, 0x3B, 0xF0, 0xF0, 0x51, 0xF3, 0xE1,
    0x0A, 0xAC, 0xF9, 0x65, 0x60, 0xED, 0xDC, 0xD1, 0xCE, 0x8D, 0x3A, 0x32, 0x90, 0xDB, 0x6D, 0x89,
    0x36, 0xE0, 0x93, 0xBC, 0xC3, 0x18, 0xAD, 0x8C, 0x23, 0x80, 0x6B, 0x13, 0x71, 0xDB, 0xF8, 0xC5,
    0x61, 0x0D, 0xB9, 0x4A, 0xC9, 0x57, 0x4E, 0x02, 0xF4, 0xB4, 0xAA, 0x36, 0x03, 0xAF, 0x5B, 0xDE,
    0x7E, 0xCE, 0x5F, 0x0E, 0x4B, 0xC9, 0x1F, 0x76, 0x49, 0x37, 0x0E, 0xDA, 0x78, 0xD9, 0x15, 0x75,
    0xFA, 0x77, 0xB4, 0xB9, 0xF2, 0xF4, 0x96, 0x0D, 0xD4, 0xE0, 0x30, 0xE6, 0xC8, 0x0B, 0x29, 0x37,
    0xB9, 0x51, 0x6E, 0xC7, 0xF6, 0x64, 0x54, 0xF9, 0xBC, 0x13, 0x0C, 0xD6, 0x8E, 0xBA, 0x9D, 0xA3,
    0x61, 0x06, 0x2E, 0x78, 0x5B, 0x6E, 0x64, 0x26, 0x1A, 0x1C, 0xEB, 0x51, 0x89, 0xCA, 0xC3, 0x89,
    0xE6, 0xA2, 0x27, 0x86, 0x17, 0x9D, 0x46, 0xEB, 0xD3, 0x11, 0x1B, 0x3F, 0x9E, 0x31, 0xBA, 0x6C,
    0x11, 0x0F, 0x6B, 0x51, 0x24, 0x66, 0x45, 0x58, 0x57, 0xB3, 0xAC, 0xD6, 0x9D, 0x56, 0xDD, 0xAB,
    0x1F, 0xD9, 0x98, 0x34, 0x6F, 0x95, 0x7D, 0x32, 0x6D, 0x95, 0xE8, 0x79, 0x63, 0x8C, 0xD1, 0x09,
    0xB0, 0x49, 0xD2, 0x1D, 0x4A, 0x30, 0x43, 0x07, 0xF2, 0x93, 0x05, 0x3A, 0xF5, 0x16, 0x90, 0xBF,
    0x2D, 0xEE, 0xCE, 0xE1, 0xB9, 0xA9, 0xB1, 0x04, 0xDD, 0x00, 0x6E, 0xDE, 0x17, 0x5E, 0xBE, 0x02,
    0x6F, 0x2C, 0xBA, 0x78, 0x34, 0xB9, 0x33, 0x07, 0xC3, 0x34, 0xBB, 0x0F, 0xC8, 0x6D, 0xD7, 0x4B,
    0x38, 0x17, 0xB5, 0x47, 0x3D, 0x75, 0x61, 0x03, 0x18, 0xEB, 0x69, 0xFD, 0x30, 0x38, 0xF3, 0x47,
    0x19, 0xFA, 0xCB, 0x2E, 0x13, 0xEF, 0xDB, 0xB9, 0xF9, 0x6D, 0xC1, 0x8E, 0xD1, 0x05, 0xAF, 0xBF,
    0x94, 0x18, 0x45, 0xD8, 0xE8, 0xB0, 0xBA, 0x6D, 0xB9, 0x9F, 0x5E, 0x0A, 0x91, 0xC8, 0xB5, 0xE0,
    0x90, 0xF5, 0xE8, 0xA7, 0xA1, 0xCF, 0x4C, 0xB6, 0x47, 0x1E, 0x66, 0xBD, 0xB6, 0x6D, 0x1A, 0x85,
    0xD2, 0xD7, 0x54, 0xE6, 0x2C, 0x64, 0xAD, 0x5C, 0xD7, 0x84, 0x85, 0x56, 0x4E, 0x73, 0x50, 0x92,
    0xFA, 0xB5, 0x39, 0x6E, 0xE5, 0x01, 0x1B, 0xEB, 0xEE, 0x53, 0x3D, 0x79, 0x63, 0x7F, 0x11, 0x7D,
    0xB5, 0x38, 0xCB, 0x9C, 0xF7, 0xA7, 0x54, 0x72, 0xC1, 0xA9, 0xB6, 0xFF, 0x47, 0x7D, 0x85, 0xD7,
    0xF3, 0x0E, 0x8A, 0x98, 0xF9, 0x28, 0x8D, 0xB2, 0x30, 0x8B, 0xF1, 0x2E, 0x41, 0x3C, 0x1A, 0xA1,
    0x9D, 0x3A, 0x81, 0x43, 0xB5, 0xE2, 0xB0, 0x91, 0x7A, 0x05, 0x47, 0xCB, 0x41, 0x60, 0xCC, 0xED,
    0xB7, 0xD2, 0xF4, 0x5E, 0x6C, 0x3D, 0x49, 0x07, 0xA0, 0xF7, 0x4E, 0xCD, 0x06, 0x2B, 0xD5, 0x39,
    0x26, 0x16, 0xE4, 0xD3, 0x38, 0x03, 0xDA, 0x84, 0xC7, 0xB2, 0xFC, 0x35, 0x8D, 0xD3, 0xA2, 0x83,
    0xD0, 0xB3, 0x32, 0xFE, 0x4E, 0xE6, 0x58, 0x83, 0x9D, 0x1E, 0xE7, 0xE8, 0xE9, 0x9A, 0xC6, 0xDF,
    0xA6, 0xD7, 0xCD, 0x05, 0xA6, 0x73, 0xB3, 0x32, 0x99, 0x1A, 0x44, 0xDC, 0x84, 0x8A, 0x33, 0x22,
    0xF2, 0x4A, 0x8C, 0xEA, 0x54, 0x11, 0x09, 0x56, 0x56, 0x5E, 0x37, 0x06, 0x11, 0x2B, 0xB0, 0xA4,
    0x32, 0x88, 0x28, 0x95, 0xF5, 0xDF, 0xBD, 0x1C, 0x77, 0xB7, 0x49, 0x11, 0x4E, 0x6D, 0x2A, 0xF6,
    0xEB, 0x5E, 0x50, 0x67, 0xA1, 0x51, 0xA7, 0x3E, 0x73, 0xB2, 0x1E, 0xA3, 0xCF, 0x30, 0xE7, 0x54,
    0x3C, 0x94, 0xC2, 0x85, 0x41, 0xE9, 0xB1, 0x27, 0x01, 0x66, 0x67, 0x4A, 0xEA, 0x2D, 0x8B, 0xBE,
    0x9F, 0xB1, 0xF4, 0x8C, 0xD9, 0x38, 0x52, 0x67, 0x12, 0xD4, 0xEF, 0x08, 0x5C, 0xB7, 0x94, 0x1B,
    0xB3, 0xE9, 0xA1, 0x3D, 0x40, 0xB5, 0xB2, 0x98, 0x5E, 0x1D, 0xE3, 0x83, 0x28, 0x0B, 0x4A, 0x82,
    0x0F, 0x8A, 0x28, 0xF3, 0xCA, 0x38, 0xE5, 0x11, 0xAC, 0x5B, 0xC3, 0xD9, 0xB8, 0x67, 0xD9, 0x80,
    0xEB, 0xA4, 0xB1, 0xD0, 0x6B, 0x43, 0x2F, 0xB4, 0xF0, 0xB1, 0xA8, 0x7B, 0x39, 0x5E, 0x42, 0xBA,
    0x90, 0x9A, 0x0D, 0x5F, 0xF4, 0xC7, 0xA7, 0x47, 0xE3, 0x62, 0xFD, 0xB7, 0x1D, 0x21, 0x38, 0xC0,
    0x62, 0xB1, 0xC0, 0xE4, 0x4A, 0x8B, 0x6D, 0x16, 0x16, 0x7B, 0xBC, 0xB0, 0x58, 0x3D, 0x3F, 0x0E,
    0xDE, 0xCF, 0x62, 0xE7, 0x21, 0x8F, 0x94, 0xC5, 0xFF, 0x1A, 0x56, 0xF8, 0x86, 0xB5, 0x86, 0xB0,
    0x2F, 0x6B, 0xAD, 0x25, 0xAD, 0xF5, 0x08, 0x00, 0x01, 0x8E, 0xD6, 0xFA, 0x1A, 0x92, 0x9F, 0xDA,
    0x75, 0xED, 0xAD, 0x55, 0x01, 0xBE, 0x69, 0xAD, 0xFF, 0x07, 0x95, 0x50, 0xBB, 0x6D, 0xC3, 0x30,
    0x10, 0x7D, 0x14, 0x0B, 0x15, 0x02, 0xCC, 0x11, 0xB4, 0x80, 0x01, 0xB6, 0x2E, 0x6C, 0x49, 0xA9,
    0xB2, 0x40, 0x38, 0x8E, 0x2C, 0x6D, 0x90, 0x01, 0xB2, 0x84, 0x07, 0x70, 0x6C, 0x02, 0x19, 0x20,
    0xCA, 0x06, 0x1A, 0x81, 0x85, 0x0A, 0x1B, 0xA0, 0x70, 0x39, 0x52, 0x52, 0x00, 0x23, 0x42, 0x80,
    0x1C, 0xC8, 0xE3, 0xBB, 0x7B, 0xBC, 0xAF, 0x79, 0x21, 0x4F, 0xDE, 0x18, 0x43, 0x51, 0x4C, 0x90,
    0x2A, 0x42, 0x3B, 0xE9, 0xCD, 0x76, 0x7F, 0x26, 0xAA, 0x6B, 0xA2, 0x62, 0xBF, 0x3B, 0xCD, 0xCF,
    0x46, 0xB6, 0xDB, 0x0C, 0x7B, 0x85, 0xB3, 0x06, 0x95, 0x96, 0xCF, 0xBB, 0xAE, 0xEA, 0xBC, 0x9A,
    0x70, 0xA1, 0x5A, 0xA6, 0x76, 0x1B, 0x9C, 0xB6, 0x58, 0x75, 0xA2, 0xC4, 0xAF, 0x3B, 0x57, 0xB4,
    0xA6, 0x31, 0xD5, 0x1A, 0xFF, 0xDF, 0xFB, 0x57, 0xBE, 0xE0, 0x5B, 0xF8, 0xB5, 0xD8, 0x74, 0x84,
    0xA6, 0xB6, 0xA1, 0x8E, 0xC8, 0xFD, 0x1C, 0x36, 0xD9, 0xC9, 0x54, 0x2D, 0x86, 0xB4, 0x23, 0xE9,
    0x95, 0x8B, 0x2A, 0x9A, 0x92, 0x80, 0x1C, 0x41, 0x34, 0xF5, 0x28, 0x22, 0x6A, 0xDE, 0x06, 0x9C,
    0x23, 0x1A, 0x85, 0x17, 0x2E, 0x22, 0x0F, 0x2F, 0xFB, 0x05, 0x29, 0xBB, 0xA0, 0x29, 0x14, 0xCD,
    0xF3, 0x70, 0xC0, 0x92, 0xC5, 0x4F, 0x28, 0xA5, 0x27, 0xA7, 0x7B, 0x94, 0x21, 0x4A, 0x7E, 0xD1,
    0x28, 0x28, 0x10, 0xEA, 0xE3, 0x7E, 0x95, 0xF7, 0x2B, 0xA3, 0x3C, 0xEB, 0xF2, 0xD7, 0x4E, 0x57,
    0xC0, 0x41, 0x59, 0xF5, 0x69, 0x55, 0x8B, 0x90, 0x79, 0x42, 0xC2, 0x2D, 0x48, 0x76, 0xCB, 0x3F,
    0x65, 0xE5, 0x1C, 0xAB, 0x21, 0xE6, 0x7C, 0x5C, 0x75, 0xAE, 0x71, 0xE1, 0x06, 0x5D, 0xD6, 0x2B,
    0x5B, 0xE2, 0xC8, 0xAB, 0x50, 0x36, 0xEB, 0xA5, 0xE3, 0x16, 0x2F, 0x25, 0x74, 0xCB, 0xA1, 0x2E,
    0xB9, 0xB1, 0x75, 0x84, 0x4F, 0x6E, 0x92, 0x93, 0xEB, 0x36, 0xAC, 0x0C, 0x79, 0x35, 0x2F, 0x2F,
    0x0E, 0x2C, 0x86, 0xD0, 0x6B, 0x68, 0x38, 0x4E, 0x18, 0xC9, 0x62, 0x9A, 0x14, 0x48, 0x1E, 0x49,
    0x8D, 0x07, 0x32, 0x6C, 0x29, 0x7D, 0x24, 0xEB, 0xA0, 0xBE, 0x01, 0x63, 0xA8, 0x61, 0x60, 0xF8,
    0xC3, 0xC0, 0xFC, 0x87, 0x81, 0x7B, 0x0F, 0x03, 0xBF, 0x0D, 0x83, 0x8D, 0x0D, 0xC3, 0x16, 0x1B,
    0x86, 0xFF, 0xFF, 0x2F, 0xFC, 0xFF, 0x7F, 0x80, 0xC1, 0x86, 0x01, 0x88, 0x00, 0x4D, 0x8D, 0xB1,
    0x0D, 0xC2, 0x30, 0x10, 0x45, 0x5F, 0x48, 0x91, 0xC2, 0x05, 0x23, 0x30, 0x02, 0x23, 0x78, 0x09,
    0x3C, 0x07, 0x23, 0x04, 0x89, 0xB9, 0x90, 0x33, 0x02, 0x62, 0x02, 0x1A, 0xF7, 0x2E, 0x22, 0x11,
    0x09, 0x4B, 0x9F, 0xB3, 0x9D, 0x82, 0xE2, 0x49, 0x77, 0xFF, 0xFE, 0xFF, 0x07, 0x63, 0xE6, 0x28,
    0x35, 0xEA, 0x6C, 0x0C, 0xBA, 0x67, 0xA7, 0x4F, 0x3E, 0xA7, 0x98, 0x3D, 0xA7, 0xFC, 0xC0, 0xE5,
    0xC2, 0x64, 0x8C, 0x7F, 0x4C, 0x4D, 0xAF, 0xF7, 0xEA, 0x73, 0xFA, 0x5A, 0xEE, 0x65, 0x79, 0x90,
    0x54, 0x2A, 0x21, 0x84, 0x0B, 0xC4, 0x15, 0x5C, 0x2D, 0xF7, 0x69, 0x5E, 0x88, 0x96, 0xA3, 0x30,
    0xBC, 0x0F, 0x1B, 0xFD, 0x1F, 0x5E, 0x5A, 0x98, 0xA5, 0x5B, 0x5F, 0x77, 0xAD, 0x60, 0xDA, 0xBA,
    0xAF, 0xCD, 0xDC, 0x62, 0xBD, 0xC0, 0xA7, 0xEB, 0xB3, 0x97, 0x12, 0x37, 0x7E, 0xB5, 0x53, 0x31,
    0x6E, 0x1B, 0x31, 0x10, 0x1C, 0x8A, 0x80, 0x05, 0xE4, 0x8A, 0x4B, 0xE3, 0x2A, 0x05, 0xF3, 0x00,
    0x03, 0xFC, 0x80, 0x63, 0xDE, 0x13, 0x5C, 0x44, 0xC8, 0x67, 0xAC, 0x9C, 0xF2, 0x03, 0x21, 0x48,
    0x97, 0xC6, 0x65, 0xE0, 0xC6, 0x0F, 0xB0, 0x1D, 0xCA, 0x3F, 0x10, 0xF2, 0x02, 0x16, 0x79, 0x00,
    0x0B, 0x06, 0x39, 0x20, 0x67, 0x6D, 0x66, 0x49, 0xCB, 0x7D, 0x8A, 0x1C, 0x34, 0x10, 0x6F, 0x77,
    0x67, 0x77, 0x76, 0xB9, 0x67, 0x0F, 0x03, 0xAC, 0x4C, 0x58, 0xDC, 0x0A, 0x80, 0x71, 0x07, 0xF4,
    0x7B, 0xC4, 0xDF, 0xD9, 0x8A, 0xE4, 0xBE, 0x8C, 0x93, 0xDF, 0x74, 0x53, 0x80, 0x9D, 0xD7, 0x30,
    0xF3, 0x3D, 0xF0, 0x82, 0x07, 0x18, 0xB5, 0x97, 0x30, 0x2C, 0x73, 0x9F, 0xFC, 0x9E, 0xF1, 0x03,
    0xE2, 0x04, 0x7D, 0x4E, 0x57, 0xAB, 0xCB, 0x51, 0x64, 0x52, 0x5C, 0x01, 0xFF, 0x03, 0x85, 0x35,
    0xDE, 0x07, 0x91, 0xB9, 0x62, 0xA0, 0x6A, 0x2A, 0x5F, 0x66, 0x60, 0xA1, 0x12, 0x9E, 0x88, 0x40,
    0x38, 0x1A, 0xBB, 0x04, 0x58, 0x3A, 0x30, 0x83, 0x92, 0xDB, 0x59, 0x83, 0x3D, 0x49, 0x63, 0x33,
    0xDB, 0xD2, 0xC2, 0x34, 0x3C, 0xDC, 0xDC, 0x7C, 0x3B, 0xE6, 0xD5, 0x5E, 0x22, 0xFF, 0x63, 0x3B,
    0xBF, 0xDA, 0xA0, 0xD1, 0xF0, 0x11, 0x8D, 0x58, 0x99, 0x95, 0x5A, 0x53, 0xD6, 0x9A, 0xF8, 0x4E,
    0x98, 0xEA, 0xD4, 0xAA, 0xDD, 0x5E, 0x75, 0x6C, 0x8E, 0x4E, 0x55, 0x56, 0x25, 0x56, 0x67, 0x25,
    0x79, 0x75, 0xAA, 0x12, 0xBC, 0x93, 0x78, 0x56, 0x07, 0x08, 0xC3, 0xBC, 0x8B, 0xDC, 0xA0, 0x91,
    0x36, 0x35, 0x2C, 0x99, 0xAD, 0xDB, 0x35, 0x62, 0x05, 0xB9, 0x3D, 0x15, 0x39, 0xC4, 0xE4, 0x11,
    0x33, 0x6B, 0x94, 0x0B, 0x4A, 0x23, 0xEE, 0xD7, 0xC0, 0x05, 0x6F, 0xCA, 0x13, 0x8E, 0x72, 0x7A,
    0x56, 0xED, 0x4A, 0x4D, 0x67, 0x0F, 0x18, 0x13, 0x9C, 0xFC, 0x60, 0x5B, 0xE1, 0x83, 0xFC, 0x8A,
    0x58, 0x43, 0x76, 0x1E, 0x57, 0x94, 0xE1, 0x9E, 0xCF, 0xE1, 0xEB, 0x1F, 0xDA, 0x9D, 0x3C, 0x32,
    0x66, 0x79, 0x80, 0xD7, 0xF1, 0x24, 0x84, 0x8C, 0xBB, 0x8C, 0x69, 0x00, 0x93, 0xFD, 0xEB, 0xAF,
    0x60, 0xCE, 0x90, 0x84, 0x51, 0xFB, 0xC5, 0xC9, 0x4F, 0x6C, 0xBD, 0x7C, 0x2E, 0xE1, 0x56, 0xF2,
    0x99, 0x89, 0xD5, 0x66, 0xB6, 0x18, 0x9C, 0x7C, 0x2A, 0x21, 0x4A, 0x3E, 0x37, 0xB2, 0x79, 0x9E,
    0xC5, 0x35, 0xFB, 0x4E, 0xDA, 0xEF, 0xE9, 0x6A, 0xFC, 0xF2, 0x72, 0x1F, 0x3A, 0x16, 0x1D, 0x2E,
    0x67, 0x7B, 0xB4, 0xD9, 0xA9, 0xED, 0x80, 0x4E, 0xC6, 0x0D, 0x95, 0xFC, 0xB6, 0x5A, 0x4C, 0xCC,
    0xF0, 0xB2, 0xED, 0x58, 0x9D, 0xAB, 0x0E, 0x6E, 0x2A, 0x22, 0x6F, 0xE2, 0x44, 0x5F, 0xDE, 0xD0,
    0x88, 0x91, 0x2C, 0xA3, 0x37, 0xF2, 0x5A, 0xB8, 0xF7, 0x0A, 0xA5, 0x1F, 0x08, 0xE1, 0xC8, 0x48,
    0x25, 0x81, 0x1F, 0x8A, 0xE6, 0x81, 0xCB, 0x24, 0xA6, 0x85, 0x3C, 0xB1, 0xEE, 0xA0, 0x0D, 0x69,
    0x73, 0xD0, 0xF8, 0x23, 0xF7, 0x2F, 0xAD, 0x91, 0x31, 0x0E, 0xC2, 0x30, 0x0C, 0x45, 0xAD, 0x64,
    0xC8, 0xE0, 0xC1, 0x23, 0xE7, 0x61, 0xEA, 0xC8, 0x11, 0x72, 0x1C, 0x46, 0x8E, 0x54, 0x1F, 0xA1,
    0x4B, 0x6E, 0x00, 0x7B, 0x96, 0x6E, 0x95, 0x3E, 0x36, 0x06, 0xAA, 0x6E, 0x2D, 0x22, 0xD6, 0xFF,
    0x5B, 0xA2, 0xF7, 0xE2, 0x84, 0x84, 0x02, 0x06, 0xDF, 0xA5, 0xB1, 0xCA, 0x77, 0xF0, 0x3E, 0xB5,
    0xD5, 0x26, 0x7A, 0x6C, 0x68, 0xBC, 0x4E, 0x19, 0xB7, 0x9E, 0x67, 0xE9, 0xB9, 0x97, 0x29, 0x77,
    0x22, 0xCF, 0x08, 0xA8, 0xE7, 0x34, 0x57, 0xCD, 0x5D, 0x0E, 0x25, 0x81, 0xA8, 0x40, 0x94, 0x1F,
    0x96, 0x0D, 0x67, 0x64, 0x1F, 0xA5, 0xDF, 0x34, 0x53, 0x2D, 0x8B, 0xBD, 0xB8, 0x10, 0xCE, 0x18,
    0x8C, 0x74, 0xC0, 0xC5, 0x58, 0xED, 0x65, 0xA3, 0x65, 0x75, 0x5E, 0x73, 0xA0, 0xE8, 0xD1, 0x3F,
    0x41, 0xA3, 0x8D, 0xBB, 0x05, 0xB9, 0xFC, 0xA1, 0x13, 0xC2, 0x89, 0xF1, 0x62, 0x6A, 0x5B, 0xAF,
    0x75, 0x0B, 0x9F, 0xFE, 0x65, 0x13, 0xAB, 0x75, 0x78, 0x87, 0xB9, 0xBB, 0x3F, 0x01, 0x0D, 0xCC,
    0xB1, 0x0D, 0x40, 0x50, 0x18, 0x45, 0xE1, 0x1B, 0x1A, 0xC5, 0x2B, 0x15, 0x2A, 0x85, 0x52, 0x25,
    0x26, 0x30, 0xDA, 0x1B, 0xC1, 0x46, 0x0E, 0x12, 0x21, 0x31, 0x84, 0xC2, 0x00, 0x36, 0xF8, 0xDD,
    0xE2, 0xAB, 0xCE, 0xCD, 0x5D, 0x22, 0xF2, 0xA3, 0x82, 0x47, 0x25, 0xA7, 0x2A, 0x2E, 0x35, 0xEC,
    0x1A, 0x58, 0xF3, 0x0C, 0x19, 0xE8, 0x26, 0xE8, 0x05, 0xC9, 0x5A, 0x1B, 0x6D, 0x76, 0x70, 0xDF,
    0xBC, 0x3B, 0x54, 0x73, 0x2B, 0xF1, 0xFA, 0xE3, 0xB3, 0x88, 0xE0, 0x07,
};

static const EpdGlyph lexenddeca_14_regularGlyphs[] = {
    { 0, 0, 0, 0, 0, 0, 0 }, // U+0000
    { 0, 0, 0, 0, 0, 0, 0 }, // U+0001
    { 0, 0, 0, 0, 0, 0, 0 }, // U+0002
    { 0, 0, 0, 0, 0, 0, 0 }, // U+0003
    { 0, 0, 0, 0, 0, 0, 0 }, // U+0004
    { 0, 0, 0, 0, 0, 0, 0 }, // U+0005
    { 0, 0, 0, 0, 0, 0, 0 }, // U+0006
    { 0, 0, 0, 0, 0, 0, 0 }, // U+0007
    { 0, 0, 0, 0, 0, 0, 0 }, // U+0008
    { 0, 0, 0, 0, 0, 0, 0 }, // U+0009
    { 0, 0, 0, 0, 0, 0, 0 }, // U+000A
    { 0, 0, 0, 0, 0, 0, 0 }, // U+000B
    { 0, 0, 0, 0, 0, 0, 0 }, // U+000C
    { 0, 0, 0, 0, 0, 0, 0 }, // U+000D
    { 0, 0, 0, 0, 0, 0, 0 }, // U+000E
    { 0, 0, 0, 0, 0, 0, 0 }, // U+000F
    { 0, 0, 0, 0, 0, 0, 0 }, // U+0010
    { 0, 0, 0, 0, 0, 0, 0 }, // U+0011
    { 0, 0, 0, 0, 0, 0, 0 }, // U+0012
    { 0, 0, 0, 0, 0, 0, 0 }, // U+0013
    { 0, 0, 0, 0, 0, 0, 0 }, // U+0014
    { 0, 0, 0, 0, 0, 0, 0 }, // U+0015
    { 0, 0, 0, 0, 0, 0, 0 }, // U+0016
    { 0, 0, 0, 0, 0, 0, 0 }, // U+0017
    { 0, 0, 0, 0, 0, 0, 0 }, // U+0018
    { 0, 0, 0, 0, 0, 0, 0 }, // U+0019
    { 0, 0, 0, 0, 0, 0, 0 }, // U+001A
    { 0, 0, 0, 0, 0, 0, 0 }, // U+001B
    { 0, 0, 0, 0, 0, 0, 0 }, // U+001C
    { 0, 0, 0, 0, 0, 0, 0 }, // U+001D
    { 0, 0, 0, 0, 0, 0, 0 }, // U+001E
    { 0, 0, 0, 0, 0, 0, 0 }, // U+001F
    { 0, 0, 131, 0, 0, 0, 0 }, // U+0020
    { 4, 20, 131, 2, 20, 20, 0 }, // !
    { 6, 7, 140, 1, 20, 11, 20 }, // "
    { 17, 20, 306, 1, 20, 85, 31 }, // #
    { 16, 26, 277, 0, 23, 104, 116 }, // $
    { 25, 20, 433, 1, 20, 125, 220 }, // %
    { 20, 20, 329, 1, 20, 100, 345 }, // &
    { 2, 7, 75, 1, 20, 4, 445 }, // '
    { 7, 25, 140, 1, 20, 44, 449 }, // (
    { 8, 25, 140, 0, 20, 50, 493 }, // )
    { 10, 9, 202, 1, 20, 23, 543 }, // *
    { 14, 15, 281, 2, 15, 53, 566 }, // +
    { 4, 7, 96, 1, 3, 7, 619 }, // ,
    { 9, 3, 172, 1, 9, 7, 626 }, // -
    { 4, 4, 96, 1, 4, 4, 633 }, // .
    { 11, 20, 176, 0, 20, 55, 637 }, // /
    { 16, 20, 302, 2, 20, 80, 692 }, // 0
    { 8, 20, 188, 1, 20, 40, 772 }, // 1
    { 14, 20, 256, 1, 20, 70, 812 }, // 2
    { 14, 20, 268, 1, 20, 70, 882 }, // 3
    { 16, 20, 287, 1, 20, 80, 952 }, // 4
    { 15, 20, 272, 1, 20, 75, 1032 }, // 5
    { 14, 20, 279, 2, 20, 70, 1107 }, // 6
    { 13, 20, 238, 1, 20, 65, 1177 }, // 7
    { 15, 20, 287, 2, 20, 75, 1242 }, // 8
    { 14, 20, 279, 2, 20, 70, 1317 }, // 9
    { 4, 15, 96, 1, 15, 15, 1387 }, // :
    { 4, 19, 96, 1, 15, 19, 1402 }, // ;
    { 14, 15, 258, 1, 15, 53, 1421 }, // <
    { 14, 8, 281, 2, 12, 28, 1474 }, // =
    { 14, 15, 258, 1, 15, 53, 1502 }, // >
    { 13, 20, 243, 1, 20, 65, 1555 }, // ?
    { 20, 20, 364, 1, 20, 100, 1620 }, // @
    { 18, 20, 292, 0, 20, 90, 1720 }, // A
    { 15, 20, 289, 2, 20, 75, 1810 }, // B
    { 17, 20, 306, 1, 20, 85, 1885 }, // C
    { 16, 20, 314, 2, 20, 80, 1970 }, // D
    { 13, 20, 265, 2, 20, 65, 2050 }, // E
    { 13, 20, 256, 2, 20, 65, 2115 }, // F
    { 17, 20, 331, 1, 20, 85, 2180 }, // G
    { 16, 20, 322, 2, 20, 80, 2265 }, // H
    { 8, 20, 193, 2, 20, 40, 2345 }, // I
    { 12, 20, 238, 1, 20, 60, 2385 }, // J
    { 16, 20, 293, 2, 20, 80, 2445 }, // K
    { 13, 20, 252, 2, 20, 65, 2525 }, // L
    { 20, 20, 383, 2, 20, 100, 2590 }, // M
    { 16, 20, 322, 2, 20, 80, 2690 }, // N
    { 18, 20, 339, 1, 20, 90, 2770 }, // O
    { 14, 20, 281, 2, 20, 70, 2860 }, // P
    { 21, 21, 351, 1, 20, 111, 2930 }, // Q
    { 15, 20, 288, 2, 20, 75, 3041 }, // R
    { 16, 20, 278, 0, 20, 80, 3116 }, // S
    { 16, 20, 260, 1, 20, 80, 3196 }, // T
    { 16, 20, 322, 2, 20, 80, 3276 }, // U
    { 17, 20, 275, 0, 20, 85, 3356 }, // V
    { 25, 20, 392, 0, 20, 125, 3441 }, // W
    { 18, 20, 291, 0, 20, 90, 3566 }, // X
    { 18, 20, 278, -1, 20, 90, 3656 }, // Y
    { 15, 20, 283, 1, 20, 75, 3746 }, // Z
    { 6, 25, 147, 2, 20, 38, 3821 }, // [
    { 11, 20, 176, 0, 20, 55, 3859 }, // <backslash>
    { 7, 25, 147, 0, 20, 44, 3914 }, // ]
    { 14, 11, 258, 1, 20, 39, 3958 }, // ^
    { 11, 3, 185, 1, 1, 9, 3997 }, // _
    { 5, 4, 125, 2, 21, 5, 4006 }, // `
    { 14, 15, 246, 1, 15, 53, 4011 }, // a
    { 13, 20, 264, 2, 20, 65, 4064 }, // b
    { 13, 15, 233, 1, 15, 49, 4129 }, // c
    { 15, 20, 263, 1, 20, 75, 4178 }, // d
    { 14, 15, 252, 1, 15, 53, 4253 }, // e
    { 8, 21, 145, 1, 21, 42, 4306 }, // f
    { 13, 21, 261, 1, 15, 69, 4348 }, // g
    { 12, 20, 255, 2, 20, 60, 4417 }, // h
    { 6, 21, 130, 1, 21, 32, 4477 }, // i
    { 8, 26, 119, -2, 21, 52, 4509 }, // j
    { 13, 20, 229, 2, 20, 65, 4561 }, // k
    { 5, 20, 112, 2, 20, 25, 4626 }, // l
    { 21, 15, 393, 2, 15, 79, 4651 }, // m
    { 12, 15, 255, 2, 15, 45, 4730 }, // n
    { 14, 15, 258, 1, 15, 53, 4775 }, // o
    { 13, 20, 264, 2, 15, 65, 4828 }, // p
    { 17, 20, 269, 1, 15, 85, 4893 }, // q
    { 8, 15, 159, 2, 15, 30, 4978 }, // r
    { 13, 15, 220, 0, 15, 49, 5008 }, // s
    { 8, 19, 151, 1, 19, 38, 5057 }, // t
    { 12, 15, 250, 2, 15, 45, 5095 }, // u
    { 13, 15, 206, 0, 15, 49, 5140 }, // v
    { 20, 15, 305, 0, 15, 75, 5189 }, // w
    { 14, 15, 215, 0, 15, 53, 5264 }, // x
    { 14, 20, 200, -1, 15, 70, 5317 }, // y
    { 11, 15, 215, 1, 15, 42, 5387 }, // z
    { 7, 25, 149, 1, 20, 44, 5429 }, // {
    { 3, 25, 109, 2, 20, 19, 5473 }, // |
    { 8, 25, 149, 0, 20, 50, 5492 }, // }
    { 15, 4, 259, 1, 10, 15, 5542 }, // ~
    { 0, 0, 0, 0, 0, 0, 5557 }, // U+007F
    { 0, 0, 0, 0, 0, 0, 0 }, // U+0080
    { 0, 0, 0, 0, 0, 0, 0 }, // U+0081
    { 0, 0, 0, 0, 0, 0, 0 }, // U+0082
    { 0, 0, 0, 0, 0, 0, 0 }, // U+0083
    { 0, 0, 0, 0, 0, 0, 0 }, // U+0084
    { 0, 0, 0, 0, 0, 0, 0 }, // U+0085
    { 0, 0, 0, 0, 0, 0, 0 }, // U+0086
    { 0, 0, 0, 0, 0, 0, 0 }, // U+0087
    { 0, 0, 0, 0, 0, 0, 0 }, // U+0088
    { 0, 0, 0, 0, 0, 0, 0 }, // U+0089
    { 0, 0, 0, 0, 0, 0, 0 }, // U+008A
    { 0, 0, 0, 0, 0, 0, 0 }, // U+008B
    { 0, 0, 0, 0, 0, 0, 0 }, // U+008C
    { 0, 0, 0, 0, 0, 0, 0 }, // U+008D
    { 0, 0, 0, 0, 0, 0, 0 }, // U+008E
    { 0, 0, 0, 0, 0, 0, 0 }, // U+008F
    { 0, 0, 0, 0, 0, 0, 0 }, // U+0090
    { 0, 0, 0, 0, 0, 0, 0 }, // U+0091
    { 0, 0, 0, 0, 0, 0, 0 }, // U+0092
    { 0, 0, 0, 0, 0, 0, 0 }, // U+0093
    { 0, 0, 0, 0, 0, 0, 0 }, // U+0094
    { 0, 0, 0, 0, 0, 0, 0 }, // U+0095
    { 0, 0, 0, 0, 0, 0, 0 }, // U+0096
    { 0, 0, 0, 0, 0, 0, 0 }, // U+0097
    { 0, 0, 0, 0, 0, 0, 0 }, // U+0098
    { 0, 0, 0, 0, 0, 0, 0 }, // U+0099
    { 0, 0, 0, 0, 0, 0, 0 }, // U+009A
    { 0, 0, 0, 0, 0, 0, 0 }, // U+009B
    { 0, 0, 0, 0, 0, 0, 0 }, // U+009C
    { 0, 0, 0, 0, 0, 0, 0 }, // U+009D
    { 0, 0, 0, 0, 0, 0, 0 }, // U+009E
    { 0, 0, 0, 0, 0, 0, 0 }, // U+009F
    { 0, 0, 131, 0, 0, 0, 0 }, // U+00A0
    { 4, 20, 131, 2, 15, 20, 0 }, // U+00A1
    { 13, 20, 233, 1, 17, 65, 20 }, // U+00A2
    { 14, 20, 274, 2, 20, 70, 85 }, // U+00A3
    { 15, 15, 271, 1, 17, 57, 155 }, // U+00A4
    { 17, 20, 278, 0, 20, 85, 212 }, // U+00A5
    { 3, 25, 109, 2, 20, 19, 297 }, // U+00A6
    { 14, 25, 247, 1, 20, 88, 316 }, // U+00A7
    { 9, 3, 198, 2, 21, 7, 404 }, // U+00A8
    { 20, 21, 372, 2, 21, 105, 411 }, // U+00A9
    { 8, 9, 173, 2, 21, 18, 516 }, // U+00AA
    { 14, 13, 262, 1, 14, 46, 534 }, // U+00AB
    { 15, 10, 281, 2, 12, 38, 580 }, // U+00AC
    { 0, 0, 0, 0, 0, 0, 618 }, // U+00AD
    { 20, 21, 372, 2, 21, 105, 618 }, // U+00AE
    { 8, 3, 178, 2, 21, 6, 723 }, // U+00AF
    { 8, 9, 164, 1, 21, 18, 729 }, // U+00B0
    { 14, 15, 270, 2, 15, 53, 747 }, // U+00B1
    { 9, 11, 178, 2, 23, 25, 800 }, // U+00B2
    { 9, 11, 179, 1, 23, 25, 825 }, // U+00B3
    { 5, 4, 125, 1, 21, 5, 850 }, // U+00B4
    { 14, 20, 259, 2, 15, 70, 855 }, // U+00B5
    { 14, 25, 237, 1, 20, 88, 925 }, // U+00B6
    { 4, 4, 110, 2, 9, 4, 1013 }, // U+00B7
    { 6, 6, 136, 2, 1, 9, 1017 }, // U+00B8
    { 5, 11, 119, 1, 23, 14, 1026 }, // U+00B9
    { 9, 9, 178, 2, 21, 21, 1040 }, // U+00BA
    { 14, 13, 262, 1, 14, 46, 1061 }, // U+00BB
    { 21, 20, 386, 1, 20, 105, 1107 }, // U+00BC
    { 21, 20, 379, 1, 20, 105, 1212 }, // U+00BD
    { 22, 20, 405, 1, 20, 110, 1317 }, // U+00BE
    { 13, 20, 243, 1, 15, 65, 1427 }, // U+00BF
    { 18, 26, 292, 0, 26, 117, 1492 }, // U+00C0
    { 19, 26, 292, -1, 26, 124, 1609 }, // U+00C1
    { 18, 26, 292, 0, 26, 117, 1733 }, // U+00C2
    { 19, 25, 292, 0, 25, 119, 1850 }, // U+00C3
    { 19, 26, 292, -1, 26, 124, 1969 }, // U+00C4
    { 19, 26, 292, 0, 26, 124, 2093 }, // U+00C5
    { 28, 20, 466, 0, 20, 140, 2217 }, // U+00C6
    { 17, 25, 306, 1, 20, 107, 2357 }, // U+00C7
    { 13, 26, 265, 2, 26, 85, 2464 }, // U+00C8
    { 13, 26, 265, 2, 26, 85, 2549 }, // U+00C9
    { 13, 26, 265, 2, 26, 85, 2634 }, // U+00CA
    { 13, 26, 265, 2, 26, 85, 2719 }, // U+00CB
    { 8, 26, 193, 2, 26, 52, 2804 }, // U+00CC
    { 8, 26, 193, 2, 26, 52, 2856 }, // U+00CD
    { 10, 26, 193, 1, 26, 65, 2908 }, // U+00CE
    { 9, 26, 193, 1, 26, 59, 2973 }, // U+00CF
    { 19, 20, 332, 1, 20, 95, 3032 }, // U+00D0
    { 16, 25, 322, 2, 25, 100, 3127 }, // U+00D1
    { 18, 27, 339, 1, 27, 122, 3227 }, // U+00D2
    { 18, 27, 339, 1, 27, 122, 3349 }, // U+00D3
    { 18, 26, 339, 1, 26, 117, 3471 }, // U+00D4
    { 18, 26, 339, 1, 26, 117, 3588 }, // U+00D5
    { 18, 26, 339, 1, 26, 117, 3705 }, // U+00D6
    { 13, 13, 246, 1, 14, 43, 3822 }, // U+00D7
    { 18, 20, 339, 1, 20, 90, 3865 }, // U+00D8
    { 16, 27, 322, 2, 27, 108, 3955 }, // U+00D9
    { 16, 27, 322, 2, 27, 108, 4063 }, // U+00DA
    { 16, 26, 322, 2, 26, 104, 4171 }, // U+00DB
    { 16, 26, 322, 2, 26, 104, 4275 }, // U+00DC
    { 18, 26, 278, -1, 26, 117, 4379 }, // U+00DD
    { 14, 20, 269, 2, 20, 70, 4496 }, // U+00DE
    { 14, 20, 279, 2, 20, 70, 4566 }, // U+00DF
    { 14, 22, 246, 1, 22, 77, 4636 }, // U+00E0
    { 14, 22, 246, 1, 22, 77, 4713 }, // U+00E1
    { 14, 20, 246, 1, 20, 70, 4790 }, // U+00E2
    { 14, 20, 246, 1, 20, 70, 4860 }, // U+00E3
    { 14, 21, 246, 1, 21, 74, 4930 }, // U+00E4
    { 14, 25, 246, 1, 25, 88, 5004 }, // U+00E5
    { 24, 15, 408, 1, 15, 90, 5092 }, // U+00E6
    { 13, 20, 233, 1, 15, 65, 5182 }, // U+00E7
    { 14, 22, 252, 1, 22, 77, 5247 }, // U+00E8
    { 14, 22, 252, 1, 22, 77, 5324 }, // U+00E9
    { 14, 20, 252, 1, 20, 70, 5401 }, // U+00EA
    { 14, 21, 252, 1, 21, 74, 5471 }, // U+00EB
    { 6, 21, 128, 0, 21, 32, 5545 }, // U+00EC
    { 6, 21, 128, 1, 21, 32, 5577 }, // U+00ED
    { 11, 20, 128, -2, 20, 55, 5609 }, // U+00EE
    { 9, 21, 128, -1, 21, 48, 5664 }, // U+00EF
    { 14, 21, 265, 1, 21, 74, 5712 }, // U+00F0
    { 12, 20, 255, 2, 20, 60, 5786 }, // U+00F1
    { 14, 22, 258, 1, 22, 77, 5846 }, // U+00F2
    { 14, 22, 258, 1, 22, 77, 5923 }, // U+00F3
    { 14, 20, 258, 1, 20, 70, 6000 }, // U+00F4
    { 14, 20, 258, 1, 20, 70, 6070 }, // U+00F5
    { 14, 21, 258, 1, 21, 74, 6140 }, // U+00F6
    { 14, 15, 281, 2, 15, 53, 6214 }, // U+00F7
    { 14, 16, 258, 1, 16, 56, 6267 }, // U+00F8
    { 12, 22, 250, 2, 22, 66, 6323 }, // U+00F9
    { 12, 22, 250, 2, 22, 66, 6389 }, // U+00FA
    { 12, 20, 250, 2, 20, 60, 6455 }, // U+00FB
    { 12, 21, 250, 2, 21, 63, 6515 }, // U+00FC
    { 14, 26, 200, -1, 21, 91, 6578 }, // U+00FD
    { 13, 25, 264, 2, 20, 82, 6669 }, // U+00FE
    { 13, 25, 200, 0, 20, 82, 6751 }, // U+00FF
    { 18, 26, 292, 0, 26, 117, 0 }, // U+0100
    { 14, 20, 246, 1, 20, 70, 117 }, // U+0101
    { 18, 26, 292, 0, 26, 117, 187 }, // U+0102
    { 14, 21, 246, 1, 21, 74, 304 }, // U+0103
    { 19, 25, 292, -1, 20, 119, 378 }, // U+0104
    { 13, 20, 246, 1, 15, 65, 497 }, // U+0105
    { 17, 27, 306, 1, 27, 115, 562 }, // U+0106
    { 13, 22, 233, 1, 22, 72, 677 }, // U+0107
    { 17, 26, 306, 1, 26, 111, 749 }, // U+0108
    { 13, 20, 233, 1, 20, 65, 860 }, // U+0109
    { 17, 26, 306, 1, 26, 111, 925 }, // U+010A
    { 13, 21, 233, 1, 21, 69, 1036 }, // U+010B
    { 17, 26, 306, 1, 26, 111, 1105 }, // U+010C
    { 13, 21, 233, 1, 21, 69, 1216 }, // U+010D
    { 16, 26, 314, 2, 26, 104, 1285 }, // U+010E
    { 18, 20, 267, 1, 20, 90, 1389 }, // U+010F
    { 19, 20, 332, 1, 20, 95, 1479 }, // U+0110
    { 16, 20, 281, 1, 20, 80, 1574 }, // U+0111
    { 13, 26, 265, 2, 26, 85, 1654 }, // U+0112
    { 14, 20, 252, 1, 20, 70, 1739 }, // U+0113
    { 13, 26, 265, 2, 26, 85, 1809 }, // U+0114
    { 14, 21, 252, 1, 21, 74, 1894 }, // U+0115
    { 13, 26, 265, 2, 26, 85, 1968 }, // U+0116
    { 14, 21, 252, 1, 21, 74, 2053 }, // U+0117
    { 13, 25, 265, 2, 20, 82, 2127 }, // U+0118
    { 14, 20, 252, 1, 15, 70, 2209 }, // U+0119
    { 13, 26, 265, 2, 26, 85, 2279 }, // U+011A
    { 14, 21, 252, 1, 21, 74, 2364 }, // U+011B
    { 17, 26, 331, 1, 26, 111, 2438 }, // U+011C
    { 13, 26, 261, 1, 20, 85, 2549 }, // U+011D
    { 17, 26, 331, 1, 26, 111, 2634 }, // U+011E
    { 13, 26, 261, 1, 20, 85, 2745 }, // U+011F
    { 17, 26, 331, 1, 26, 111, 2830 }, // U+0120
    { 13, 26, 261, 1, 20, 85, 2941 }, // U+0121
    { 17, 27, 331, 1, 20, 115, 3026 }, // U+0122
    { 13, 29, 261, 1, 23, 95, 3141 }, // U+0123
    { 16, 26, 322, 2, 26, 104, 3236 }, // U+0124
    { 16, 26, 255, -2, 26, 104, 3340 }, // U+0125
    { 20, 20, 331, 1, 20, 100, 3444 }, // U+0126
    { 15, 20, 271, 1, 20, 75, 3544 }, // U+0127
    { 10, 25, 193, 1, 25, 63, 3619 }, // U+0128
    { 11, 20, 128, -2, 20, 55, 3682 }, // U+0129
    { 8, 26, 193, 2, 26, 52, 3737 }, // U+012A
    { 8, 20, 128, 0, 20, 40, 3789 }, // U+012B
    { 10, 26, 193, 1, 26, 65, 3829 }, // U+012C
    { 10, 21, 128, -1, 21, 53, 3894 }, // U+012D
    { 8, 25, 193, 2, 20, 50, 3947 }, // U+012E
    { 5, 27, 130, 1, 22, 34, 3997 }, // U+012F
    { 8, 26, 193, 2, 26, 52, 4031 }, // U+0130
    { 5, 15, 128, 1, 15, 19, 4083 }, // U+0131
    { 23, 20, 431, 2, 20, 115, 4102 }, // U+0132
    { 13, 26, 248, 1, 21, 85, 4217 }, // U+0133
    { 16, 26, 238, 1, 26, 104, 4302 }, // U+0134
    { 12, 25, 119, -2, 20, 75, 4406 }, // U+0135
    { 16, 27, 293, 2, 20, 108, 4481 }, // U+0136
    { 12, 27, 229, 2, 20, 81, 4589 }, // U+0137
    { 13, 15, 229, 2, 15, 49, 4670 }, // U+0138
    { 13, 26, 252, 2, 26, 85, 4719 }, // U+0139
    { 5, 26, 112, 2, 26, 33, 4804 }, // U+013A
    { 13, 27, 252, 2, 20, 88, 4837 }, // U+013B
    { 6, 27, 112, 1, 20, 41, 4925 }, // U+013C
    { 13, 20, 252, 2, 20, 65, 4966 }, // U+013D
    { 7, 20, 112, 2, 20, 35, 5031 }, // U+013E
    { 13, 20, 252, 2, 20, 65, 5066 }, // U+013F
    { 9, 20, 173, 2, 20, 45, 5131 }, // U+0140
    { 16, 20, 267, 0, 20, 80, 5176 }, // U+0141
    { 7, 20, 111, 0, 20, 35, 5256 }, // U+0142
    { 16, 26, 322, 2, 26, 104, 5291 }, // U+0143
    { 12, 21, 255, 2, 21, 63, 5395 }, // U+0144
    { 16, 27, 322, 2, 20, 108, 5458 }, // U+0145
    { 12, 22, 255, 2, 15, 66, 5566 }, // U+0146
    { 16, 26, 322, 2, 26, 104, 5632 }, // U+0147
    { 12, 21, 255, 2, 21, 63, 5736 }, // U+0148
    { 17, 20, 330, 1, 20, 85, 5799 }, // U+0149
    { 16, 25, 322, 2, 20, 100, 5884 }, // U+014A
    { 12, 20, 255, 2, 15, 60, 5984 }, // U+014B
    { 18, 26, 339, 1, 26, 117, 6044 }, // U+014C
    { 14, 20, 258, 1, 20, 70, 6161 }, // U+014D
    { 18, 26, 339, 1, 26, 117, 6231 }, // U+014E
    { 14, 21, 258, 1, 21, 74, 6348 }, // U+014F
    { 18, 27, 339, 1, 27, 122, 6422 }, // U+0150
    { 14, 22, 258, 1, 22, 77, 6544 }, // U+0151
    { 29, 20, 491, 1, 20, 145, 6621 }, // U+0152
    { 26, 15, 433, 1, 15, 98, 6766 }, // U+0153
    { 15, 26, 288, 2, 26, 98, 6864 }, // U+0154
    { 8, 21, 159, 2, 21, 42, 6962 }, // U+0155
    { 15, 27, 288, 2, 20, 102, 7004 }, // U+0156
    { 10, 22, 159, 0, 15, 55, 7106 }, // U+0157
    { 15, 26, 288, 2, 26, 98, 7161 }, // U+0158
    { 10, 21, 159, 1, 21, 53, 7259 }, // U+0159
    { 16, 27, 278, 0, 27, 108, 7312 }, // U+015A
    { 13, 22, 220, 0, 22, 72, 7420 }, // U+015B
    { 16, 26, 278, 0, 26, 104, 7492 }, // U+015C
    { 13, 20, 220, 0, 20, 65, 7596 }, // U+015D
    { 16, 25, 278, 0, 20, 100, 7661 }, // U+015E
    { 13, 20, 220, 0, 15, 65, 7761 }, // U+015F
    { 16, 26, 278, 0, 26, 104, 7826 }, // U+0160
    { 13, 21, 220, 0, 21, 69, 7930 }, // U+0161
    { 16, 25, 260, 1, 20, 100, 7999 }, // U+0162
    { 8, 24, 151, 1, 19, 48, 8099 }, // U+0163
    { 16, 26, 260, 1, 26, 104, 8147 }, // U+0164
    { 10, 22, 151, 1, 22, 55, 8251 }, // U+0165
    { 16, 20, 260, 1, 20, 80, 8306 }, // U+0166
    { 8, 19, 151, 1, 19, 38, 8386 }, // U+0167
    { 16, 26, 322, 2, 26, 104, 8424 }, // U+0168
    { 12, 20, 250, 2, 20, 60, 8528 }, // U+0169
    { 16, 26, 322, 2, 26, 104, 8588 }, // U+016A
    { 12, 20, 250, 2, 20, 60, 8692 }, // U+016B
    { 16, 26, 322, 2, 26, 104, 8752 }, // U+016C
    { 12, 21, 250, 2, 21, 63, 8856 }, // U+016D
    { 16, 29, 322, 2, 29, 116, 8919 }, // U+016E
    { 12, 25, 250, 2, 25, 75, 9035 }, // U+016F
    { 16, 27, 322, 2, 27, 108, 9110 }, // U+0170
    { 12, 22, 250, 2, 22, 66, 9218 }, // U+0171
    { 16, 25, 322, 2, 20, 100, 9284 }, // U+0172
    { 12, 20, 250, 2, 15, 60, 9384 }, // U+0173
    { 25, 26, 392, 0, 26, 163, 9444 }, // U+0174
    { 20, 20, 305, 0, 20, 100, 9607 }, // U+0175
    { 18, 26, 278, -1, 26, 117, 9707 }, // U+0176
    { 14, 25, 200, -1, 20, 88, 9824 }, // U+0177
    { 17, 26, 278, 0, 26, 111, 9912 }, // U+0178
    { 15, 26, 283, 1, 26, 98, 10023 }, // U+0179
    { 11, 21, 215, 1, 21, 58, 10121 }, // U+017A
    { 15, 26, 283, 1, 26, 98, 10179 }, // U+017B
    { 11, 21, 215, 1, 21, 58, 10277 }, // U+017C
    { 15, 26, 283, 1, 26, 98, 10335 }, // U+017D
    { 11, 21, 215, 1, 21, 58, 10433 }, // U+017E
    { 9, 21, 145, 0, 21, 48, 10491 }, // U+017F
    { 20, 23, 339, 1, 23, 115, 0 }, // U+01A0
    { 16, 18, 266, 1, 18, 72, 115 }, // U+01A1
    { 20, 24, 331, 2, 24, 120, 187 }, // U+01AF
    { 16, 18, 263, 2, 18, 72, 307 }, // U+01B0
    { 34, 26, 597, 2, 26, 221, 379 }, // U+01C4
    { 30, 21, 529, 2, 21, 158, 600 }, // U+01C5
    { 28, 21, 478, 1, 21, 147, 758 }, // U+01C6
    { 26, 20, 490, 2, 20, 130, 905 }, // U+01C7
    { 19, 26, 370, 2, 21, 124, 1035 }, // U+01C8
    { 11, 26, 230, 2, 21, 72, 1159 }, // U+01C9
    { 31, 20, 560, 2, 20, 155, 1231 }, // U+01CA
    { 24, 26, 440, 2, 21, 156, 1386 }, // U+01CB
    { 20, 26, 373, 2, 21, 130, 1542 }, // U+01CC
    { 18, 26, 292, 0, 26, 117, 1672 }, // U+01CD
    { 14, 21, 246, 1, 21, 74, 1789 }, // U+01CE
    { 16, 26, 322, 2, 26, 104, 1863 }, // U+01D3
    { 12, 21, 250, 2, 21, 63, 1967 }, // U+01D4
    { 17, 26, 331, 1, 26, 111, 2030 }, // U+01E6
    { 13, 26, 261, 1, 20, 85, 2141 }, // U+01E7
    { 18, 25, 339, 1, 20, 113, 2226 }, // U+01EA
    { 14, 20, 258, 1, 15, 70, 2339 }, // U+01EB
    { 34, 20, 597, 2, 20, 170, 2409 }, // U+01F1
    { 30, 20, 529, 2, 20, 150, 2579 }, // U+01F2
    { 28, 20, 478, 1, 20, 140, 2729 }, // U+01F3
    { 19, 30, 292, 0, 30, 143, 2869 }, // U+01FA
    { 14, 30, 246, 1, 30, 105, 3012 }, // U+01FB
    { 28, 26, 466, 0, 26, 182, 3117 }, // U+01FC
    { 24, 22, 408, 1, 22, 132, 3299 }, // U+01FD
    { 18, 27, 339, 1, 27, 122, 3431 }, // U+01FE
    { 14, 22, 258, 1, 22, 77, 3553 }, // U+01FF
    { 16, 27, 278, 0, 20, 108, 3630 }, // U+0218
    { 13, 22, 220, 0, 15, 72, 3738 }, // U+0219
    { 16, 27, 260, 1, 20, 108, 3810 }, // U+021A
    { 8, 26, 151, 1, 19, 52, 3918 }, // U+021B
    { 16, 26, 322, 2, 26, 104, 3970 }, // U+021E
    { 16, 26, 255, -2, 26, 104, 4074 }, // U+021F
    { 5, 4, 76, 0, 21, 5, 0 }, // U+0300
    { 5, 4, 76, 0, 21, 5, 5 }, // U+0301
    { 10, 4, 151, 0, 21, 10, 10 }, // U+0302
    { 10, 4, 154, 0, 21, 10, 20 }, // U+0303
    { 8, 3, 129, 0, 21, 6, 30 }, // U+0304
    { 9, 4, 137, 0, 21, 9, 36 }, // U+0306
    { 3, 3, 50, 0, 21, 3, 45 }, // U+0307
    { 9, 3, 149, 0, 21, 7, 48 }, // U+0308
    { 6, 7, 73, 0, 23, 11, 55 }, // U+0309
    { 7, 8, 102, 0, 25, 14, 66 }, // U+030A
    { 10, 4, 144, 0, 21, 10, 80 }, // U+030B
    { 10, 4, 151, 0, 21, 10, 90 }, // U+030C
    { 9, 6, 151, 0, 19, 14, 100 }, // U+031B
    { 4, 4, 96, 1, -2, 4, 114 }, // U+0323
    { 5, 6, 0, 0, -1, 8, 118 }, // U+0326
    { 6, 6, 0, 0, 1, 9, 126 }, // U+0327
    { 5, 5, 73, 0, 0, 7, 135 }, // U+0328
    { 0, 0, 0, 0, 0, 0, 142 }, // U+034F
    { 18, 26, 292, 0, 20, 117, 0 }, // U+1EA0
    { 14, 21, 246, 1, 15, 74, 117 }, // U+1EA1
    { 19, 27, 292, 0, 27, 129, 191 }, // U+1EA2
    { 14, 23, 246, 1, 23, 81, 320 }, // U+1EA3
    { 19, 30, 292, 0, 30, 143, 401 }, // U+1EA4
    { 14, 26, 246, 1, 26, 91, 544 }, // U+1EA5
    { 19, 29, 292, 0, 29, 138, 635 }, // U+1EA6
    { 14, 25, 246, 1, 25, 88, 773 }, // U+1EA7
    { 20, 30, 292, -1, 30, 150, 861 }, // U+1EA8
    { 14, 27, 246, 1, 27, 95, 1011 }, // U+1EA9
    { 19, 32, 292, 0, 32, 152, 1106 }, // U+1EAA
    { 14, 27, 246, 1, 27, 95, 1258 }, // U+1EAB
    { 18, 32, 292, 0, 26, 144, 1353 }, // U+1EAC
    { 14, 26, 246, 1, 20, 91, 1497 }, // U+1EAD
    { 19, 32, 292, -1, 32, 152, 1588 }, // U+1EAE
    { 14, 27, 246, 1, 27, 95, 1740 }, // U+1EAF
    { 18, 32, 292, 0, 32, 144, 1835 }, // U+1EB0
    { 14, 27, 246, 1, 27, 95, 1979 }, // U+1EB1
    { 19, 33, 292, 0, 33, 157, 2074 }, // U+1EB2
    { 14, 28, 246, 1, 28, 98, 2231 }, // U+1EB3
    { 19, 31, 292, 0, 31, 148, 2329 }, // U+1EB4
    { 14, 27, 246, 1, 27, 95, 2477 }, // U+1EB5
    { 18, 32, 292, 0, 26, 144, 2572 }, // U+1EB6
    { 14, 27, 246, 1, 21, 95, 2716 }, // U+1EB7
    { 13, 26, 265, 2, 20, 85, 2811 }, // U+1EB8
    { 14, 21, 252, 1, 15, 74, 2896 }, // U+1EB9
    { 13, 27, 265, 2, 27, 88, 2970 }, // U+1EBA
    { 14, 23, 252, 1, 23, 81, 3058 }, // U+1EBB
    { 13, 25, 265, 2, 25, 82, 3139 }, // U+1EBC
    { 14, 20, 252, 1, 20, 70, 3221 }, // U+1EBD
    { 15, 30, 265, 2, 30, 113, 3291 }, // U+1EBE
    { 15, 26, 252, 1, 26, 98, 3404 }, // U+1EBF
    { 15, 29, 265, 2, 29, 109, 3502 }, // U+1EC0
    { 14, 25, 252, 1, 25, 88, 3611 }, // U+1EC1
    { 15, 30, 265, 2, 30, 113, 3699 }, // U+1EC2
    { 15, 27, 252, 1, 27, 102, 3812 }, // U+1EC3
    { 13, 32, 265, 2, 32, 104, 3914 }, // U+1EC4
    { 14, 27, 252, 1, 27, 95, 4018 }, // U+1EC5
    { 13, 32, 265, 2, 26, 104, 4113 }, // U+1EC6
    { 14, 26, 252, 1, 20, 91, 4217 }, // U+1EC7
    { 8, 27, 193, 2, 27, 54, 4308 }, // U+1EC8
    { 6, 23, 128, 1, 23, 35, 4362 }, // U+1EC9
    { 8, 26, 193, 2, 20, 52, 4397 }, // U+1ECA
    { 6, 27, 130, 1, 21, 41, 4449 }, // U+1ECB
    { 18, 26, 339, 1, 20, 117, 4490 }, // U+1ECC
    { 14, 21, 258, 1, 15, 74, 4607 }, // U+1ECD
    { 18, 28, 339, 1, 28, 126, 4681 }, // U+1ECE
    { 14, 23, 258, 1, 23, 81, 4807 }, // U+1ECF
    { 18, 30, 339, 1, 30, 135, 4888 }, // U+1ED0
    { 15, 26, 258, 1, 26, 98, 5023 }, // U+1ED1
    { 18, 29, 339, 1, 29, 131, 5121 }, // U+1ED2
    { 15, 25, 258, 1, 25, 94, 5252 }, // U+1ED3
    { 18, 31, 339, 1, 31, 140, 5346 }, // U+1ED4
    { 14, 27, 258, 1, 27, 95, 5486 }, // U+1ED5
    { 18, 31, 339, 1, 31, 140, 5581 }, // U+1ED6
    { 14, 27, 258, 1, 27, 95, 5721 }, // U+1ED7
    { 18, 32, 339, 1, 26, 144, 5816 }, // U+1ED8
    { 14, 26, 258, 1, 20, 91, 5960 }, // U+1ED9
    { 20, 27, 339, 1, 27, 135, 6051 }, // U+1EDA
    { 16, 22, 266, 1, 22, 88, 6186 }, // U+1EDB
    { 20, 27, 339, 1, 27, 135, 6274 }, // U+1EDC
    { 16, 22, 266, 1, 22, 88, 6409 }, // U+1EDD
    { 20, 28, 339, 1, 28, 140, 6497 }, // U+1EDE
    { 16, 23, 266, 1, 23, 92, 6637 }, // U+1EDF
    { 20, 27, 339, 1, 27, 135, 6729 }, // U+1EE0
    { 16, 20, 266, 1, 20, 80, 6864 }, // U+1EE1
    { 20, 29, 339, 1, 23, 145, 6944 }, // U+1EE2
    { 16, 24, 266, 1, 18, 96, 7089 }, // U+1EE3
    { 16, 26, 322, 2, 20, 104, 7185 }, // U+1EE4
    { 12, 21, 250, 2, 15, 63, 7289 }, // U+1EE5
    { 16, 28, 322, 2, 28, 112, 7352 }, // U+1EE6
    { 12, 23, 250, 2, 23, 69, 7464 }, // U+1EE7
    { 20, 27, 331, 2, 27, 135, 7533 }, // U+1EE8
    { 16, 22, 263, 2, 22, 88, 7668 }, // U+1EE9
    { 20, 27, 331, 2, 27, 135, 7756 }, // U+1EEA
    { 16, 22, 263, 2, 22, 88, 7891 }, // U+1EEB
    { 20, 28, 331, 2, 28, 140, 7979 }, // U+1EEC
    { 16, 23, 263, 2, 23, 92, 8119 }, // U+1EED
    { 20, 26, 331, 2, 26, 130, 8211 }, // U+1EEE
    { 16, 20, 263, 2, 20, 80, 8341 }, // U+1EEF
    { 20, 30, 331, 2, 24, 150, 8421 }, // U+1EF0
    { 16, 24, 263, 2, 18, 96, 8571 }, // U+1EF1
    { 18, 26, 278, 0, 26, 117, 8667 }, // U+1EF2
    { 14, 26, 200, -1, 21, 91, 8784 }, // U+1EF3
    { 18, 26, 278, 0, 20, 117, 8875 }, // U+1EF4
    { 14, 21, 200, -1, 15, 74, 8992 }, // U+1EF5
    { 17, 27, 278, 0, 27, 115, 9066 }, // U+1EF6
    { 15, 28, 200, -1, 23, 105, 9181 }, // U+1EF7
    { 18, 25, 278, -1, 25, 113, 9286 }, // U+1EF8
    { 14, 25, 200, -1, 20, 88, 9399 }, // U+1EF9
    { 0, 0, 0, 0, 0, 0, 0 }, // U+200B
    { 0, 0, 0, 0, 0, 0, 0 }, // U+200C
    { 0, 0, 0, 0, 0, 0, 0 }, // U+200D
    { 0, 0, 0, 0, 0, 0, 0 }, // U+200E
    { 0, 0, 0, 0, 0, 0, 0 }, // U+200F
    { 7, 3, 153, 1, 9, 6, 0 }, // U+2010
    { 12, 3, 224, 1, 9, 9, 6 }, // U+2013
    { 21, 3, 373, 1, 9, 16, 15 }, // U+2014
    { 4, 7, 110, 2, 20, 7, 31 }, // U+2018
    { 4, 7, 110, 2, 20, 7, 38 }, // U+2019
    { 4, 7, 110, 2, 3, 7, 45 }, // U+201A
    { 9, 7, 186, 2, 20, 16, 52 }, // U+201C
    { 9, 7, 186, 2, 20, 16, 68 }, // U+201D
    { 9, 7, 186, 2, 3, 16, 84 }, // U+201E
    { 13, 20, 253, 1, 20, 65, 100 }, // U+2020
    { 13, 20, 253, 1, 20, 65, 165 }, // U+2021
    { 10, 10, 204, 2, 13, 25, 230 }, // U+2022
    { 18, 4, 325, 2, 4, 18, 255 }, // U+2026
    { 0, 0, 0, 0, 0, 0, 273 }, // U+202A
    { 0, 0, 0, 0, 0, 0, 273 }, // U+202B
    { 0, 0, 0, 0, 0, 0, 273 }, // U+202C
    { 0, 0, 0, 0, 0, 0, 273 }, // U+202D
    { 0, 0, 0, 0, 0, 0, 273 }, // U+202E
    { 37, 20, 620, 1, 20, 185, 273 }, // U+2030
    { 8, 13, 165, 1, 14, 26, 458 }, // U+2039
    { 8, 13, 165, 1, 14, 26, 484 }, // U+203A
    { 17, 20, 274, 0, 20, 85, 510 }, // U+2044
    { 0, 0, 0, 0, 0, 0, 595 }, // U+2060
    { 0, 0, 0, 0, 0, 0, 595 }, // U+2061
    { 0, 0, 0, 0, 0, 0, 595 }, // U+2062
    { 0, 0, 0, 0, 0, 0, 595 }, // U+2063
    { 0, 0, 0, 0, 0, 0, 595 }, // U+2064
    { 0, 0, 0, 0, 0, 0, 595 }, // U+2066
    { 0, 0, 0, 0, 0, 0, 595 }, // U+2067
    { 0, 0, 0, 0, 0, 0, 595 }, // U+2068
    { 0, 0, 0, 0, 0, 0, 595 }, // U+2069
    { 0, 0, 0, 0, 0, 0, 595 }, // U+206A
    { 0, 0, 0, 0, 0, 0, 595 }, // U+206B
    { 0, 0, 0, 0, 0, 0, 595 }, // U+206C
    { 0, 0, 0, 0, 0, 0, 595 }, // U+206D
    { 0, 0, 0, 0, 0, 0, 595 }, // U+206E
    { 0, 0, 0, 0, 0, 0, 595 }, // U+206F
    { 10, 11, 192, 1, 23, 28, 0 }, // U+2074
    { 16, 24, 281, 1, 20, 96, 0 }, // U+20AB
    { 19, 20, 310, 0, 20, 95, 96 }, // U+20AC
    { 15, 21, 272, 1, 20, 79, 0 }, // U+2202
    { 15, 25, 273, 1, 20, 94, 79 }, // U+220F
    { 15, 25, 274, 1, 20, 94, 173 }, // U+2211
    { 16, 3, 281, 1, 9, 12, 267 }, // U+2212
    { 17, 20, 279, 0, 20, 85, 279 }, // U+2215
    { 4, 4, 110, 1, 9, 4, 364 }, // U+2219
    { 15, 25, 272, 1, 20, 94, 368 }, // U+221A
    { 21, 9, 361, 1, 12, 48, 462 }, // U+221E
    { 10, 26, 214, 1, 20, 65, 510 }, // U+222B
    { 15, 10, 271, 1, 12, 38, 575 }, // U+2248
    { 16, 15, 281, 1, 15, 60, 613 }, // U+2260
    { 14, 15, 270, 1, 15, 53, 673 }, // U+2264
    { 14, 15, 270, 1, 15, 53, 726 }, // U+2265
    { 16, 21, 268, 1, 21, 84, 0 }, // U+FB00
    { 14, 21, 246, 0, 21, 74, 84 }, // U+FB01
    { 15, 21, 257, 1, 21, 79, 158 }, // U+FB02
    { 22, 21, 369, 0, 21, 116, 237 }, // U+FB03
    { 23, 21, 380, 1, 21, 121, 353 }, // U+FB04
    { 13, 21, 244, 1, 21, 69, 0 }, // U+FFFD
};

static const EpdUnicodeInterval lexenddeca_14_regularIntervals[] = {
    { 0x0, 0x17F, 0x0 },
    { 0x1A0, 0x1A1, 0x180 },
    { 0x1AF, 0x1B0, 0x182 },
    { 0x1C4, 0x1CE, 0x184 },
    { 0x1D3, 0x1D4, 0x18F },
    { 0x1E6, 0x1E7, 0x191 },
    { 0x1EA, 0x1EB, 0x193 },
    { 0x1F1, 0x1F3, 0x195 },
    { 0x1FA, 0x1FF, 0x198 },
    { 0x218, 0x21B, 0x19E },
    { 0x21E, 0x21F, 0x1A2 },
    { 0x300, 0x304, 0x1A4 },
    { 0x306, 0x30C, 0x1A9 },
    { 0x31B, 0x31B, 0x1B0 },
    { 0x323, 0x323, 0x1B1 },
    { 0x326, 0x328, 0x1B2 },
    { 0x34F, 0x34F, 0x1B5 },
    { 0x1EA0, 0x1EF9, 0x1B6 },
    { 0x200B, 0x2010, 0x210 },
    { 0x2013, 0x2014, 0x216 },
    { 0x2018, 0x201A, 0x218 },
    { 0x201C, 0x201E, 0x21B },
    { 0x2020, 0x2022, 0x21E },
    { 0x2026, 0x2026, 0x221 },
    { 0x202A, 0x202E, 0x222 },
    { 0x2030, 0x2030, 0x227 },
    { 0x2039, 0x203A, 0x228 },
    { 0x2044, 0x2044, 0x22A },
    { 0x2060, 0x2064, 0x22B },
    { 0x2066, 0x206F, 0x230 },
    { 0x2074, 0x2074, 0x23A },
    { 0x20AB, 0x20AC, 0x23B },
    { 0x2202, 0x2202, 0x23D },
    { 0x220F, 0x220F, 0x23E },
    { 0x2211, 0x2212, 0x23F },
    { 0x2215, 0x2215, 0x241 },
    { 0x2219, 0x221A, 0x242 },
    { 0x221E, 0x221E, 0x244 },
    { 0x222B, 0x222B, 0x245 },
    { 0x2248, 0x2248, 0x246 },
    { 0x2260, 0x2260, 0x247 },
    { 0x2264, 0x2265, 0x248 },
    { 0xFB00, 0xFB04, 0x24A },
    { 0xFFFD, 0xFFFD, 0x24F },
};

static const EpdFontGroup lexenddeca_14_regularGroups[] = {
    { 0, 2704, 6134, 128, 0 },
    { 2704, 2670, 7615, 128, 128 },
    { 5374, 3299, 11624, 128, 256 },
    { 8673, 1645, 4393, 36, 384 },
    { 10318, 166, 180, 18, 420 },
    { 10484, 2278, 10255, 90, 438 },
    { 12762, 305, 679, 42, 528 },
    { 13067, 34, 33, 1, 570 },
    { 13101, 128, 196, 2, 571 },
    { 13229, 425, 852, 13, 573 },
    { 13654, 152, 504, 5, 586 },
    { 13806, 78, 84, 1, 591 },
};

static const EpdKernClassEntry lexenddeca_14_regularKernLeftClasses[] = {
    { 0x0028, 1 }, // (
    { 0x002C, 2 }, // ,
    { 0x002D, 3 }, // -
    { 0x002E, 2 }, // .
    { 0x002F, 4 }, // /
    { 0x0030, 5 }, // 0
    { 0x0031, 6 }, // 1
    { 0x0032, 7 }, // 2
    { 0x0034, 8 }, // 4
    { 0x0035, 9 }, // 5
    { 0x0036, 10 }, // 6
    { 0x0037, 11 }, // 7
    { 0x0038, 12 }, // 8
    { 0x0039, 13 }, // 9
    { 0x0041, 14 }, // A
    { 0x0042, 15 }, // B
    { 0x0043, 16 }, // C
    { 0x0044, 17 }, // D
    { 0x0045, 18 }, // E
    { 0x0046, 19 }, // F
    { 0x0047, 20 }, // G
    { 0x0049, 21 }, // I
    { 0x004A, 22 }, // J
    { 0x004B, 23 }, // K
    { 0x004C, 24 }, // L
    { 0x004F, 17 }, // O
    { 0x0050, 25 }, // P
    { 0x0051, 26 }, // Q
    { 0x0052, 27 }, // R
    { 0x0053, 28 }, // S
    { 0x0054, 29 }, // T
    { 0x0055, 30 }, // U
    { 0x0056, 31 }, // V
    { 0x0057, 32 }, // W
    { 0x0058, 33 }, // X
    { 0x0059, 34 }, // Y
    { 0x005A, 35 }, // Z
    { 0x0061, 36 }, // a
    { 0x0062, 37 }, // b
    { 0x0063, 38 }, // c
    { 0x0065, 39 }, // e
    { 0x0066, 40 }, // f
    { 0x0067, 41 }, // g
    { 0x0068, 42 }, // h
    { 0x006A, 43 }, // j
    { 0x006B, 44 }, // k
    { 0x006C, 45 }, // l
    { 0x006D, 42 }, // m
    { 0x006E, 42 }, // n
    { 0x006F, 37 }, // o
    { 0x0070, 37 }, // p
    { 0x0071, 46 }, // q
    { 0x0072, 47 }, // r
    { 0x0073, 48 }, // s
    { 0x0074, 49 }, // t
    { 0x0075, 50 }, // u
    { 0x0076, 51 }, // v
    { 0x0077, 52 }, // w
    { 0x0078, 53 }, // x
    { 0x0079, 51 }, // y
    { 0x007A, 54 }, // z
    { 0x00C0, 14 }, // U+00C0
    { 0x00C1, 14 }, // U+00C1
    { 0x00C2, 14 }, // U+00C2
    { 0x00C3, 14 }, // U+00C3
    { 0x00C4, 14 }, // U+00C4
    { 0x00C5, 14 }, // U+00C5
    { 0x00C6, 18 }, // U+00C6
    { 0x00C7, 16 }, // U+00C7
    { 0x00C8, 18 }, // U+00C8
    { 0x00C9, 18 }, // U+00C9
    { 0x00CA, 18 }, // U+00CA
    { 0x00CB, 18 }, // U+00CB
    { 0x00CC, 21 }, // U+00CC
    { 0x00CD, 21 }, // U+00CD
    { 0x00CE, 21 }, // U+00CE
    { 0x00CF, 21 }, // U+00CF
    { 0x00D0, 17 }, // U+00D0
    { 0x00D2, 17 }, // U+00D2
    { 0x00D3, 17 }, // U+00D3
    { 0x00D4, 17 }, // U+00D4
    { 0x00D5, 17 }, // U+00D5
    { 0x00D6, 17 }, // U+00D6
    { 0x00D8, 17 }, // U+00D8
    { 0x00D9, 30 }, // U+00D9
    { 0x00DA, 30 }, // U+00DA
    { 0x00DB, 30 }, // U+00DB
    { 0x00DC, 30 }, // U+00DC
    { 0x00DD, 34 }, // U+00DD
    { 0x00E0, 42 }, // U+00E0
    { 0x00E1, 42 }, // U+00E1
    { 0x00E2, 42 }, // U+00E2
    { 0x00E3, 42 }, // U+00E3
    { 0x00E4, 42 }, // U+00E4
    { 0x00E5, 42 }, // U+00E5
    { 0x00E6, 39 }, // U+00E6
    { 0x00E7, 38 }, // U+00E7
    { 0x00E8, 39 }, // U+00E8
    { 0x00E9, 39 }, // U+00E9
    { 0x00EA, 39 }, // U+00EA
    { 0x00EB, 39 }, // U+00EB
    { 0x00F0, 17 }, // U+00F0
    { 0x00F1, 42 }, // U+00F1
    { 0x00F2, 37 }, // U+00F2
    { 0x00F3, 37 }, // U+00F3
    { 0x00F4, 37 }, // U+00F4
    { 0x00F5, 37 }, // U+00F5
    { 0x00F6, 37 }, // U+00F6
    { 0x00F8, 37 }, // U+00F8
    { 0x00F9, 50 }, // U+00F9
    { 0x00FA, 50 }, // U+00FA
    { 0x00FB, 50 }, // U+00FB
    { 0x00FC, 50 }, // U+00FC
    { 0x00FD, 51 }, // U+00FD
    { 0x00FE, 37 }, // U+00FE
    { 0x00FF, 51 }, // U+00FF
    { 0x0100, 14 }, // U+0100
    { 0x0101, 42 }, // U+0101
    { 0x0102, 14 }, // U+0102
    { 0x0103, 42 }, // U+0103
    { 0x0104, 14 }, // U+0104
    { 0x0105, 42 }, // U+0105
    { 0x0106, 16 }, // U+0106
    { 0x0107, 38 }, // U+0107
    { 0x0108, 16 }, // U+0108
    { 0x0109, 38 }, // U+0109
    { 0x010A, 16 }, // U+010A
    { 0x010B, 38 }, // U+010B
    { 0x010C, 16 }, // U+010C
    { 0x010D, 38 }, // U+010D
    { 0x010E, 17 }, // U+010E
    { 0x010F, 55 }, // U+010F
    { 0x0111, 40 }, // U+0111
    { 0x0112, 18 }, // U+0112
    { 0x0113, 39 }, // U+0113
    { 0x0114, 18 }, // U+0114
    { 0x0115, 39 }, // U+0115
    { 0x0116, 18 }, // U+0116
    { 0x0117, 39 }, // U+0117
    { 0x0118, 18 }, // U+0118
    { 0x0119, 39 }, // U+0119
    { 0x011A, 18 }, // U+011A
    { 0x011B, 39 }, // U+011B
    { 0x011C, 20 }, // U+011C
    { 0x011D, 41 }, // U+011D
    { 0x011E, 20 }, // U+011E
    { 0x011F, 41 }, // U+011F
    { 0x0120, 20 }, // U+0120
    { 0x0121, 41 }, // U+0121
    { 0x0122, 20 }, // U+0122
    { 0x0123, 41 }, // U+0123
    { 0x0125, 42 }, // U+0125
    { 0x0127, 42 }, // U+0127
    { 0x0128, 21 }, // U+0128
    { 0x012A, 21 }, // U+012A
    { 0x012C, 21 }, // U+012C
    { 0x012E, 21 }, // U+012E
    { 0x0130, 21 }, // U+0130
    { 0x0132, 22 }, // U+0132
    { 0x0133, 43 }, // U+0133
    { 0x0134, 22 }, // U+0134
    { 0x0135, 43 }, // U+0135
    { 0x0136, 23 }, // U+0136
    { 0x0137, 44 }, // U+0137
    { 0x0138, 44 }, // U+0138
    { 0x0139, 24 }, // U+0139
    { 0x013A, 56 }, // U+013A
    { 0x013B, 24 }, // U+013B
    { 0x013C, 56 }, // U+013C
    { 0x013E, 55 }, // U+013E
    { 0x013F, 24 }, // U+013F
    { 0x0140, 57 }, // U+0140
    { 0x0141, 24 }, // U+0141
    { 0x0142, 56 }, // U+0142
    { 0x0144, 42 }, // U+0144
    { 0x0146, 42 }, // U+0146
    { 0x0148, 42 }, // U+0148
    { 0x0149, 42 }, // U+0149
    { 0x014B, 42 }, // U+014B
    { 0x014C, 17 }, // U+014C
    { 0x014D, 37 }, // U+014D
    { 0x014E, 17 }, // U+014E
    { 0x014F, 37 }, // U+014F
    { 0x0150, 17 }, // U+0150
    { 0x0151, 37 }, // U+0151
    { 0x0152, 18 }, // U+0152
    { 0x0153, 39 }, // U+0153
    { 0x0154, 27 }, // U+0154
    { 0x0155, 47 }, // U+0155
    { 0x0156, 27 }, // U+0156
    { 0x0157, 47 }, // U+0157
    { 0x0158, 27 }, // U+0158
    { 0x0159, 47 }, // U+0159
    { 0x015A, 28 }, // U+015A
    { 0x015B, 48 }, // U+015B
    { 0x015C, 28 }, // U+015C
    { 0x015D, 48 }, // U+015D
    { 0x015E, 28 }, // U+015E
    { 0x015F, 48 }, // U+015F
    { 0x0160, 28 }, // U+0160
    { 0x0161, 48 }, // U+0161
    { 0x0162, 29 }, // U+0162
    { 0x0163, 49 }, // U+0163
    { 0x0164, 29 }, // U+0164
    { 0x0165, 55 }, // U+0165
    { 0x0166, 29 }, // U+0166
    { 0x0168, 30 }, // U+0168
    { 0x0169, 50 }, // U+0169
    { 0x016A, 30 }, // U+016A
    { 0x016B, 50 }, // U+016B
    { 0x016C, 30 }, // U+016C
    { 0x016D, 50 }, // U+016D
    { 0x016E, 30 }, // U+016E
    { 0x016F, 50 }, // U+016F
    { 0x0170, 30 }, // U+0170
    { 0x0171, 50 }, // U+0171
    { 0x0172, 30 }, // U+0172
    { 0x0173, 50 }, // U+0173
    { 0x0176, 34 }, // U+0176
    { 0x0177, 51 }, // U+0177
    { 0x0178, 34 }, // U+0178
    { 0x0179, 35 }, // U+0179
    { 0x017A, 54 }, // U+017A
    { 0x017B, 35 }, // U+017B
    { 0x017C, 54 }, // U+017C
    { 0x017D, 35 }, // U+017D
    { 0x017E, 54 }, // U+017E
    { 0x017F, 40 }, // U+017F
    { 0x01A0, 58 }, // U+01A0
    { 0x01A1, 59 }, // U+01A1
    { 0x01AF, 60 }, // U+01AF
    { 0x01B0, 61 }, // U+01B0
    { 0x01C4, 35 }, // U+01C4
    { 0x01C5, 54 }, // U+01C5
    { 0x01C6, 54 }, // U+01C6
    { 0x01C7, 22 }, // U+01C7
    { 0x01C8, 43 }, // U+01C8
    { 0x01C9, 43 }, // U+01C9
    { 0x01CA, 22 }, // U+01CA
    { 0x01CB, 43 }, // U+01CB
    { 0x01CC, 43 }, // U+01CC
    { 0x01CD, 14 }, // U+01CD
    { 0x01CE, 42 }, // U+01CE
    { 0x01D3, 30 }, // U+01D3
    { 0x01D4, 50 }, // U+01D4
    { 0x01E6, 20 }, // U+01E6
    { 0x01E7, 41 }, // U+01E7
    { 0x01EA, 17 }, // U+01EA
    { 0x01EB, 37 }, // U+01EB
    { 0x01F1, 35 }, // U+01F1
    { 0x01F2, 54 }, // U+01F2
    { 0x01F3, 54 }, // U+01F3
    { 0x01FA, 14 }, // U+01FA
    { 0x01FB, 42 }, // U+01FB
    { 0x01FC, 18 }, // U+01FC
    { 0x01FD, 39 }, // U+01FD
    { 0x01FE, 17 }, // U+01FE
    { 0x01FF, 37 }, // U+01FF
    { 0x0218, 28 }, // U+0218
    { 0x0219, 48 }, // U+0219
    { 0x021A, 29 }, // U+021A
    { 0x021B, 49 }, // U+021B
    { 0x021F, 42 }, // U+021F
    { 0x1EA0, 14 }, // U+1EA0
    { 0x1EA1, 42 }, // U+1EA1
    { 0x1EA2, 14 }, // U+1EA2
    { 0x1EA3, 42 }, // U+1EA3
    { 0x1EA4, 14 }, // U+1EA4
    { 0x1EA5, 42 }, // U+1EA5
    { 0x1EA6, 14 }, // U+1EA6
    { 0x1EA7, 42 }, // U+1EA7
    { 0x1EA8, 14 }, // U+1EA8
    { 0x1EA9, 42 }, // U+1EA9
    { 0x1EAA, 14 }, // U+1EAA
    { 0x1EAB, 42 }, // U+1EAB
    { 0x1EAC, 14 }, // U+1EAC
    { 0x1EAD, 42 }, // U+1EAD
    { 0x1EAE, 14 }, // U+1EAE
    { 0x1EAF, 42 }, // U+1EAF
    { 0x1EB0, 14 }, // U+1EB0
    { 0x1EB1, 42 }, // U+1EB1
    { 0x1EB2, 14 }, // U+1EB2
    { 0x1EB3, 42 }, // U+1EB3
    { 0x1EB4, 14 }, // U+1EB4
    { 0x1EB5, 42 }, // U+1EB5
    { 0x1EB6, 14 }, // U+1EB6
    { 0x1EB7, 42 }, // U+1EB7
    { 0x1EB8, 18 }, // U+1EB8
    { 0x1EB9, 39 }, // U+1EB9
    { 0x1EBA, 18 }, // U+1EBA
    { 0x1EBB, 39 }, // U+1EBB
    { 0x1EBC, 18 }, // U+1EBC
    { 0x1EBD, 39 }, // U+1EBD
    { 0x1EBE, 18 }, // U+1EBE
    { 0x1EC0, 18 }, // U+1EC0
    { 0x1EC2, 18 }, // U+1EC2
    { 0x1EC4, 18 }, // U+1EC4
    { 0x1EC6, 18 }, // U+1EC6
    { 0x1EC7, 39 }, // U+1EC7
    { 0x1EC8, 21 }, // U+1EC8
    { 0x1ECA, 21 }, // U+1ECA
    { 0x1ECC, 17 }, // U+1ECC
    { 0x1ECD, 37 }, // U+1ECD
    { 0x1ECE, 17 }, // U+1ECE
    { 0x1ECF, 37 }, // U+1ECF
    { 0x1ED0, 17 }, // U+1ED0
    { 0x1ED2, 17 }, // U+1ED2
    { 0x1ED4, 17 }, // U+1ED4
    { 0x1ED6, 17 }, // U+1ED6
    { 0x1ED7, 37 }, // U+1ED7
    { 0x1ED8, 17 }, // U+1ED8
    { 0x1ED9, 37 }, // U+1ED9
    { 0x1EDA, 58 }, // U+1EDA
    { 0x1EDB, 59 }, // U+1EDB
    { 0x1EDC, 58 }, // U+1EDC
    { 0x1EDD, 59 }, // U+1EDD
    { 0x1EDE, 58 }, // U+1EDE
    { 0x1EDF, 59 }, // U+1EDF
    { 0x1EE0, 58 }, // U+1EE0
    { 0x1EE1, 59 }, // U+1EE1
    { 0x1EE2, 58 }, // U+1EE2
    { 0x1EE3, 59 }, // U+1EE3
    { 0x1EE8, 60 }, // U+1EE8
    { 0x1EE9, 61 }, // U+1EE9
    { 0x1EEA, 60 }, // U+1EEA
    { 0x1EEB, 61 }, // U+1EEB
    { 0x1EEC, 60 }, // U+1EEC
    { 0x1EED, 61 }, // U+1EED
    { 0x1EEE, 60 }, // U+1EEE
    { 0x1EEF, 61 }, // U+1EEF
    { 0x1EF0, 60 }, // U+1EF0
    { 0x1EF1, 61 }, // U+1EF1
    { 0x1EF2, 34 }, // U+1EF2
    { 0x1EF3, 51 }, // U+1EF3
    { 0x1EF4, 34 }, // U+1EF4
    { 0x1EF5, 51 }, // U+1EF5
    { 0x1EF6, 34 }, // U+1EF6
    { 0x1EF7, 51 }, // U+1EF7
    { 0x1EF8, 34 }, // U+1EF8
    { 0x1EF9, 51 }, // U+1EF9
    { 0x2013, 3 }, // U+2013
    { 0x2014, 3 }, // U+2014
    { 0x2019, 62 }, // U+2019
    { 0x201A, 2 }, // U+201A
    { 0x201D, 62 }, // U+201D
    { 0x201E, 2 }, // U+201E
    { 0x2026, 2 }, // U+2026
    { 0x20AB, 40 }, // U+20AB
    { 0xFB00, 40 }, // U+FB00
    { 0xFB02, 56 }, // U+FB02
    { 0xFB04, 56 }, // U+FB04
};

static const EpdKernClassEntry lexenddeca_14_regularKernRightClasses[] = {
    { 0x0025, 1 }, // %
    { 0x0029, 2 }, // )
    { 0x002C, 3 }, // ,
    { 0x002D, 4 }, // -
    { 0x002E, 3 }, // .
    { 0x002F, 5 }, // /
    { 0x0031, 6 }, // 1
    { 0x0032, 7 }, // 2
    { 0x0034, 8 }, // 4
    { 0x0035, 9 }, // 5
    { 0x0037, 10 }, // 7
    { 0x0038, 11 }, // 8
    { 0x0039, 12 }, // 9
    { 0x0041, 13 }, // A
    { 0x0043, 14 }, // C
    { 0x0047, 14 }, // G
    { 0x0049, 15 }, // I
    { 0x004A, 16 }, // J
    { 0x004F, 14 }, // O
    { 0x0051, 14 }, // Q
    { 0x0053, 17 }, // S
    { 0x0054, 18 }, // T
    { 0x0055, 19 }, // U
    { 0x0056, 20 }, // V
    { 0x0057, 21 }, // W
    { 0x0058, 22 }, // X
    { 0x0059, 23 }, // Y
    { 0x005A, 24 }, // Z
    { 0x0061, 25 }, // a
    { 0x0063, 26 }, // c
    { 0x0064, 26 }, // d
    { 0x0065, 26 }, // e
    { 0x0066, 27 }, // f
    { 0x0067, 28 }, // g
    { 0x0068, 29 }, // h
    { 0x0069, 30 }, // i
    { 0x006A, 31 }, // j
    { 0x006B, 29 }, // k
    { 0x006C, 32 }, // l
    { 0x006D, 33 }, // m
    { 0x006E, 33 }, // n
    { 0x006F, 26 }, // o
    { 0x0070, 34 }, // p
    { 0x0071, 26 }, // q
    { 0x0072, 33 }, // r
    { 0x0073, 35 }, // s
    { 0x0074, 36 }, // t
    { 0x0075, 37 }, // u
    { 0x0076, 38 }, // v
    { 0x0077, 39 }, // w
    { 0x0078, 40 }, // x
    { 0x0079, 38 }, // y
    { 0x007A, 41 }, // z
    { 0x00B0, 42 }, // U+00B0
    { 0x00C0, 13 }, // U+00C0
    { 0x00C1, 13 }, // U+00C1
    { 0x00C2, 13 }, // U+00C2
    { 0x00C3, 13 }, // U+00C3
    { 0x00C4, 13 }, // U+00C4
    { 0x00C5, 13 }, // U+00C5
    { 0x00C6, 43 }, // U+00C6
    { 0x00C7, 14 }, // U+00C7
    { 0x00CC, 15 }, // U+00CC
    { 0x00CD, 15 }, // U+00CD
    { 0x00CE, 15 }, // U+00CE
    { 0x00CF, 15 }, // U+00CF
    { 0x00D2, 14 }, // U+00D2
    { 0x00D3, 14 }, // U+00D3
    { 0x00D4, 14 }, // U+00D4
    { 0x00D5, 14 }, // U+00D5
    { 0x00D6, 14 }, // U+00D6
    { 0x00D8, 14 }, // U+00D8
    { 0x00D9, 19 }, // U+00D9
    { 0x00DA, 19 }, // U+00DA
    { 0x00DB, 19 }, // U+00DB
    { 0x00DC, 19 }, // U+00DC
    { 0x00DD, 23 }, // U+00DD
    { 0x00E0, 25 }, // U+00E0
    { 0x00E1, 25 }, // U+00E1
    { 0x00E2, 25 }, // U+00E2
    { 0x00E3, 25 }, // U+00E3
    { 0x00E4, 25 }, // U+00E4
    { 0x00E5, 25 }, // U+00E5
    { 0x00E6, 25 }, // U+00E6
    { 0x00E7, 26 }, // U+00E7
    { 0x00E8, 26 }, // U+00E8
    { 0x00E9, 26 }, // U+00E9
    { 0x00EA, 26 }, // U+00EA
    { 0x00EB, 26 }, // U+00EB
    { 0x00EC, 30 }, // U+00EC
    { 0x00ED, 30 }, // U+00ED
    { 0x00EE, 30 }, // U+00EE
    { 0x00EF, 30 }, // U+00EF
    { 0x00F0, 26 }, // U+00F0
    { 0x00F1, 33 }, // U+00F1
    { 0x00F2, 26 }, // U+00F2
    { 0x00F3, 26 }, // U+00F3
    { 0x00F4, 26 }, // U+00F4
    { 0x00F5, 26 }, // U+00F5
    { 0x00F6, 26 }, // U+00F6
    { 0x00F8, 26 }, // U+00F8
    { 0x00F9, 37 }, // U+00F9
    { 0x00FA, 37 }, // U+00FA
    { 0x00FB, 37 }, // U+00FB
    { 0x00FC, 37 }, // U+00FC
    { 0x00FD, 38 }, // U+00FD
    { 0x00FF, 38 }, // U+00FF
    { 0x0100, 13 }, // U+0100
    { 0x0101, 25 }, // U+0101
    { 0x0102, 13 }, // U+0102
    { 0x0103, 25 }, // U+0103
    { 0x0104, 13 }, // U+0104
    { 0x0105, 25 }, // U+0105
    { 0x0106, 14 }, // U+0106
    { 0x0107, 26 }, // U+0107
    { 0x0108, 14 }, // U+0108
    { 0x0109, 26 }, // U+0109
    { 0x010A, 14 }, // U+010A
    { 0x010B, 26 }, // U+010B
    { 0x010C, 14 }, // U+010C
    { 0x010D, 26 }, // U+010D
    { 0x010F, 26 }, // U+010F
    { 0x0111, 26 }, // U+0111
    { 0x0113, 26 }, // U+0113
    { 0x0115, 26 }, // U+0115
    { 0x0117, 26 }, // U+0117
    { 0x0119, 26 }, // U+0119
    { 0x011B, 26 }, // U+011B
    { 0x011C, 14 }, // U+011C
    { 0x011D, 28 }, // U+011D
    { 0x011E, 14 }, // U+011E
    { 0x011F, 28 }, // U+011F
    { 0x0120, 14 }, // U+0120
    { 0x0121, 28 }, // U+0121
    { 0x0122, 14 }, // U+0122
    { 0x0123, 28 }, // U+0123
    { 0x0125, 29 }, // U+0125
    { 0x0127, 29 }, // U+0127
    { 0x0128, 15 }, // U+0128
    { 0x0129, 30 }, // U+0129
    { 0x012A, 15 }, // U+012A
    { 0x012B, 30 }, // U+012B
    { 0x012C, 15 }, // U+012C
    { 0x012D, 30 }, // U+012D
    { 0x012E, 15 }, // U+012E
    { 0x012F, 30 }, // U+012F
    { 0x0130, 15 }, // U+0130
    { 0x0131, 30 }, // U+0131
    { 0x0132, 15 }, // U+0132
    { 0x0133, 30 }, // U+0133
    { 0x0134, 16 }, // U+0134
    { 0x0135, 31 }, // U+0135
    { 0x0137, 29 }, // U+0137
    { 0x0138, 29 }, // U+0138
    { 0x013A, 32 }, // U+013A
    { 0x013C, 32 }, // U+013C
    { 0x013E, 32 }, // U+013E
    { 0x0140, 32 }, // U+0140
    { 0x0142, 32 }, // U+0142
    { 0x0144, 33 }, // U+0144
    { 0x0146, 33 }, // U+0146
    { 0x0148, 33 }, // U+0148
    { 0x014B, 33 }, // U+014B
    { 0x014C, 14 }, // U+014C
    { 0x014D, 26 }, // U+014D
    { 0x014E, 14 }, // U+014E
    { 0x014F, 26 }, // U+014F
    { 0x0150, 14 }, // U+0150
    { 0x0151, 26 }, // U+0151
    { 0x0152, 14 }, // U+0152
    { 0x0153, 26 }, // U+0153
    { 0x0155, 33 }, // U+0155
    { 0x0157, 33 }, // U+0157
    { 0x0159, 33 }, // U+0159
    { 0x015A, 17 }, // U+015A
    { 0x015B, 35 }, // U+015B
    { 0x015C, 17 }, // U+015C
    { 0x015D, 35 }, // U+015D
    { 0x015E, 17 }, // U+015E
    { 0x015F, 35 }, // U+015F
    { 0x0160, 17 }, // U+0160
    { 0x0161, 35 }, // U+0161
    { 0x0162, 44 }, // U+0162
    { 0x0163, 36 }, // U+0163
    { 0x0164, 44 }, // U+0164
    { 0x0165, 36 }, // U+0165
    { 0x0166, 44 }, // U+0166
    { 0x0167, 36 }, // U+0167
    { 0x0168, 19 }, // U+0168
    { 0x0169, 37 }, // U+0169
    { 0x016A, 19 }, // U+016A
    { 0x016B, 37 }, // U+016B
    { 0x016C, 19 }, // U+016C
    { 0x016D, 37 }, // U+016D
    { 0x016E, 19 }, // U+016E
    { 0x016F, 37 }, // U+016F
    { 0x0170, 19 }, // U+0170
    { 0x0171, 37 }, // U+0171
    { 0x0172, 19 }, // U+0172
    { 0x0173, 37 }, // U+0173
    { 0x0176, 23 }, // U+0176
    { 0x0177, 38 }, // U+0177
    { 0x0178, 23 }, // U+0178
    { 0x0179, 24 }, // U+0179
    { 0x017A, 41 }, // U+017A
    { 0x017B, 24 }, // U+017B
    { 0x017C, 41 }, // U+017C
    { 0x017D, 24 }, // U+017D
    { 0x017E, 41 }, // U+017E
    { 0x017F, 27 }, // U+017F
    { 0x01A0, 14 }, // U+01A0
    { 0x01A1, 26 }, // U+01A1
    { 0x01C6, 26 }, // U+01C6
    { 0x01C9, 32 }, // U+01C9
    { 0x01CC, 33 }, // U+01CC
    { 0x01CD, 13 }, // U+01CD
    { 0x01CE, 25 }, // U+01CE
    { 0x01D3, 19 }, // U+01D3
    { 0x01D4, 37 }, // U+01D4
    { 0x01E6, 14 }, // U+01E6
    { 0x01E7, 28 }, // U+01E7
    { 0x01EA, 14 }, // U+01EA
    { 0x01EB, 26 }, // U+01EB
    { 0x01F3, 26 }, // U+01F3
    { 0x01FA, 13 }, // U+01FA
    { 0x01FB, 25 }, // U+01FB
    { 0x01FC, 43 }, // U+01FC
    { 0x01FD, 25 }, // U+01FD
    { 0x01FE, 14 }, // U+01FE
    { 0x01FF, 26 }, // U+01FF
    { 0x0218, 17 }, // U+0218
    { 0x0219, 35 }, // U+0219
    { 0x021A, 44 }, // U+021A
    { 0x021B, 36 }, // U+021B
    { 0x021F, 29 }, // U+021F
    { 0x1EA0, 13 }, // U+1EA0
    { 0x1EA1, 25 }, // U+1EA1
    { 0x1EA2, 13 }, // U+1EA2
    { 0x1EA3, 25 }, // U+1EA3
    { 0x1EA4, 13 }, // U+1EA4
    { 0x1EA5, 25 }, // U+1EA5
    { 0x1EA6, 13 }, // U+1EA6
    { 0x1EA7, 25 }, // U+1EA7
    { 0x1EA8, 13 }, // U+1EA8
    { 0x1EA9, 25 }, // U+1EA9
    { 0x1EAA, 13 }, // U+1EAA
    { 0x1EAB, 25 }, // U+1EAB
    { 0x1EAC, 13 }, // U+1EAC
    { 0x1EAD, 25 }, // U+1EAD
    { 0x1EAE, 13 }, // U+1EAE
    { 0x1EAF, 25 }, // U+1EAF
    { 0x1EB0, 13 }, // U+1EB0
    { 0x1EB1, 25 }, // U+1EB1
    { 0x1EB2, 13 }, // U+1EB2
    { 0x1EB3, 25 }, // U+1EB3
    { 0x1EB4, 13 }, // U+1EB4
    { 0x1EB5, 25 }, // U+1EB5
    { 0x1EB6, 13 }, // U+1EB6
    { 0x1EB7, 25 }, // U+1EB7
    { 0x1EB9, 26 }, // U+1EB9
    { 0x1EBB, 26 }, // U+1EBB
    { 0x1EBD, 26 }, // U+1EBD
    { 0x1EBF, 26 }, // U+1EBF
    { 0x1EC1, 26 }, // U+1EC1
    { 0x1EC3, 26 }, // U+1EC3
    { 0x1EC5, 26 }, // U+1EC5
    { 0x1EC7, 26 }, // U+1EC7
    { 0x1EC8, 15 }, // U+1EC8
    { 0x1EC9, 30 }, // U+1EC9
    { 0x1ECA, 15 }, // U+1ECA
    { 0x1ECB, 30 }, // U+1ECB
    { 0x1ECC, 14 }, // U+1ECC
    { 0x1ECD, 26 }, // U+1ECD
    { 0x1ECE, 14 }, // U+1ECE
    { 0x1ECF, 26 }, // U+1ECF
    { 0x1ED0, 14 }, // U+1ED0
    { 0x1ED1, 26 }, // U+1ED1
    { 0x1ED2, 14 }, // U+1ED2
    { 0x1ED3, 26 }, // U+1ED3
    { 0x1ED4, 14 }, // U+1ED4
    { 0x1ED5, 26 }, // U+1ED5
    { 0x1ED6, 14 }, // U+1ED6
    { 0x1ED7, 26 }, // U+1ED7
    { 0x1ED8, 14 }, // U+1ED8
    { 0x1ED9, 26 }, // U+1ED9
    { 0x1EDA, 14 }, // U+1EDA
    { 0x1EDB, 26 }, // U+1EDB
    { 0x1EDC, 14 }, // U+1EDC
    { 0x1EDD, 26 }, // U+1EDD
    { 0x1EDE, 14 }, // U+1EDE
    { 0x1EDF, 26 }, // U+1EDF
    { 0x1EE0, 14 }, // U+1EE0
    { 0x1EE1, 26 }, // U+1EE1
    { 0x1EE2, 14 }, // U+1EE2
    { 0x1EE3, 26 }, // U+1EE3
    { 0x1EE4, 19 }, // U+1EE4
    { 0x1EE5, 37 }, // U+1EE5
    { 0x1EE6, 19 }, // U+1EE6
    { 0x1EE7, 37 }, // U+1EE7
    { 0x1EE8, 19 }, // U+1EE8
    { 0x1EE9, 37 }, // U+1EE9
    { 0x1EEA, 19 }, // U+1EEA
    { 0x1EEB, 37 }, // U+1EEB
    { 0x1EEC, 19 }, // U+1EEC
    { 0x1EED, 37 }, // U+1EED
    { 0x1EEE, 19 }, // U+1EEE
    { 0x1EEF, 37 }, // U+1EEF
    { 0x1EF0, 19 }, // U+1EF0
    { 0x1EF1, 37 }, // U+1EF1
    { 0x1EF2, 23 }, // U+1EF2
    { 0x1EF3, 38 }, // U+1EF3
    { 0x1EF4, 23 }, // U+1EF4
    { 0x1EF5, 38 }, // U+1EF5
    { 0x1EF6, 23 }, // U+1EF6
    { 0x1EF7, 38 }, // U+1EF7
    { 0x1EF8, 23 }, // U+1EF8
    { 0x1EF9, 38 }, // U+1EF9
    { 0x2013, 4 }, // U+2013
    { 0x2014, 4 }, // U+2014
    { 0x2019, 45 }, // U+2019
    { 0x201A, 3 }, // U+201A
    { 0x201D, 45 }, // U+201D
    { 0x201E, 3 }, // U+201E
    { 0x2026, 3 }, // U+2026
    { 0x2030, 1 }, // U+2030
    { 0x20AB, 26 }, // U+20AB
    { 0x2202, 26 }, // U+2202
    { 0xFB00, 27 }, // U+FB00
    { 0xFB03, 27 }, // U+FB03
    { 0xFB04, 27 }, // U+FB04
};

static const int8_t lexenddeca_14_regularKernMatrix[] = {
       0,    0,    0,    0,    0,    0,    0,    0,    0,   14,    0,    0,    0,    0,    0,    0,    0,    0,    0,    0,    0,    0,    0,    0,    0,    0,    0,    0,    0,    0,    0,    0,    0,    0,    0,    0,    0,    0,    0,    0,    0,    0,    0,    0,    0,
       0,    0,    0,    0,    0,    0,    0,    0,    0,    0,    0,    0,    0,    0,    0,    0,    0,    0,    0,    0,    0,    0,    0,    0,    0,    0,    0,  -10,    0,    0,    0,    0,    0,    0,    0,    0,    0,    0,    0,    0,    0,    0,    0,    0,    0,
       0,    0,    0,    0,    0,  -22,  -14,   14,    0,  -26,    0,    0,    0,    0,    0,    0,    0,    0,    0,    0,    0,    0,    0,    0,    0,    0,    0,    0,    0,    0,    0,    0,    0,    0,    0,    0,    0,    0,    0,    0,    0,    0,    0,    0,    0,
       0,    0,    0,    0,  -44,    0,    0,    0,    0,    0,    0,    0,    0,    0,    0,    0,    0,    0,    0,    0,    0,    0,    0,    0,    0,    0,    0,    0,    0,    0,    0,    0,    0,    0,    0,    0,    0,    0,    0,    0,    0,    0,    0,    0,    0,
       0,    0,    0,    0,    0,    0,   -9,    0,    0,    0,    0,    0,    0,    0,    0,    0,    0,    0,    0,    0,    0,    0,    0,    0,    0,    0,    0,    0,    0,    0,    0,    0,    0,    0,    0,    0,    0,    0,    0,    0,    0,    0,    0,    0,    0,
       0,    7,    0,    0,    0,    0,    0,    0,    0,    0,    0,    0,    0,    0,    0,    0,    0,    0,    0,    0,    0,    0,    0,    0,    0,    0,    0,    0,    0,    0,    0,    0,    0,    0,    0,    0,    0,    0,    0,    0,    0,    0,    0,    0,    0,
       0,    0,    0,    0,    0,    0,    0,   -4,    0,    0,    0,    0,    0,    0,    0,    0,    0,    0,    0,    0,    0,    0,    0,    0,    0,    0,    0,    0,    0,    0,    0,    0,    0,    0,    0,    0,    0,    0,    0,    0,    0,    0,    0,    0,    0,
       0,    0,    0,    0,    0,    0,    0,    0,   -9,    0,    0,  -10,    0,    0,    0,    0,    0,    0,    0,    0,    0,    0,    0,    0,    0,    0,    0,    0,    0,    0,    0,    0,    0,    0,    0,    0,    0,    0,    0,    0,    0,  -35,    0,    0,    0,
       0,    0,    0,    0,    0,    0,    0,    0,    0,    0,    0,   -7,    0,    0,    0,    0,    0,    0,    0,    0,    0,    0,    0,    0,    0,    0,    0,    0,    0,    0,    0,    0,    0,    0,    0,    0,    0,    0,    0,    0,    0,    0,    0,    0,    0,
       0,    0,    0,    0,    0,  -11,   -9,    0,    0,    0,    0,    0,    0,    0,    0,    0,    0,    0,    0,    0,    0,    0,    0,    0,    0,    0,    0,    0,    0,    0,    0,    0,    0,    0,    0,    0,    0,    0,    0,    0,    0,    0,    0,    0,    0,
      14,    0,    0,  -26,    0,   13,    0,  -22,    0,   17,  -22,    0,    0,    0,    0,    0,    0,    0,    0,    0,    0,    0,    0,    0,    0,    0,    0,    0,    0,    0,    0,    0,    0,    0,    0,    0,    0,    0,    0,    0,    0,    0,    0,    0,    0,
     -15,    0,    0,    0,    0,  -13,    0,    0,    0,   -9,    0,  -11,    0,    0,    0,    0,    0,    0,    0,    0,    0,    0,    0,    0,    0,    0,    0,    0,    0,    0,    0,    0,    0,    0,    0,    0,    0,    0,    0,    0,    0,  -13,    0,    0,    0,
       0,    0,    0,    0,    0,    0,    0,  -11,    0,   -9,  -11,    0,    0,    0,    0,    0,    0,    0,    0,    0,    0,    0,    0,    0,    0,    0,    0,    0,    0,    0,    0,    0,    0,    0,    0,    0,    0,    0,    0,    0,    0,    0,    0,    0,    0,
       0,    0,    0,    0,    0,    0,    0,    0,    0,    0,    0,    0,    9,  -17,    0,    0,    0,  -31,  -13,  -31,  -22,    0,  -31,    0,    0,    0,    0,    0,    0,    0,    0,  -10,    0,    0,    0,  -13,  -11,  -19,  -21,    9,    0,    0,    0,  -31,    0,
       0,    0,    0,    0,    0,    0,    0,    0,    0,    0,    0,    0,   -9,    0,    0,    0,    0,    0,    0,   -9,    0,   -9,  -13,    0,   -7,    0,    0,    0,    0,    0,    0,    0,    0,    0,    0,    0,    0,    0,    0,    0,    0,    0,  -20,    0,    0,
       0,    0,    0,    0,    0,    0,    0,    0,    0,    0,    0,    0,    0,   -9,    0,    0,    0,    0,    0,    0,    0,    0,  -11,    0,    0,    0,    0,    0,    0,    0,    0,    0,    0,    0,    0,    0,    0,    0,    0,    0,    0,    0,  -20,    0,    0,
       0,    0,    0,    0,    0,    0,    0,    0,    0,    0,    0,    0,  -18,    0,  -13,    0,    0,  -18,    0,  -13,   -9,   -9,  -22,   -9,  -13,    0,    0,    0,    0,    0,    0,    0,    0,    0,    0,    0,    0,    0,    0,    0,   -9,    0,  -33,  -18,    0,
       0,    0,    0,    0,    0,    0,    0,    0,    0,    0,    0,    0,    0,   -9,    0,    0,    0,    0,    0,    8,    8,    0,    0,    0,    0,    0,    0,    0,    0,    0,    0,    0,    0,    0,    0,    0,    0,    0,    0,    0,    0,    0,    0,    0,    0,
       0,    0,    0,    0,    0,    0,    0,    0,    0,    0,    0,    0,  -18,    0,    0,  -15,    0,   11,    0,    0,    0,    0,    0,    0,  -10,    0,    0,    0,    0,    0,    0,    0,    0,    0,    0,    0,    0,    0,    0,    0,    0,    0,  -53,   11,    0,
       0,    0,    0,    0,    0,    0,    0,    0,    0,    0,    0,    0,    0,    0,    0,    0,    0,   -9,    0,  -13,    0,    0,  -22,    0,    0,    0,    0,    0,    0,    0,    0,    0,    0,    0,    0,    0,    0,    0,    0,    0,    0,    0,    0,   -9,    0,
       0,    0,    0,    0,    0,    0,    0,    0,    0,    0,    0,    0,    0,  -13,    0,    0,    0,    0,    0,    0,    0,    0,    0,    0,    0,    0,  -10,    0,    0,    0,    0,    0,    0,    0,    0,  -13,    0,    0,    0,    0,    0,    0,  -13,    0,    0,
       0,    0,    0,    0,    0,    0,    0,    0,    0,    0,    0,    0,  -13,    0,    0,    0,    0,    0,    0,    0,    0,    0,    0,    0,    0,    0,    0,    0,    0,    0,    0,    0,    0,    0,    0,    0,    0,    0,    0,    0,    0,    0,    0,    0,    0,
       0,    0,    0,    0,    0,    0,    0,    0,    0,    0,    0,    0,    0,  -22,    0,    0,    0,    0,    0,    0,    0,    0,    0,    0,    0,   -9,    0,    0,    0,    0,    0,    0,    0,    0,    0,    0,  -20,  -23,  -23,    0,    0,    0,    0,    0,    0,
       0,    0,    0,    0,    0,    0,    0,    0,    0,    0,    0,    0,   13,  -17,    0,   13,    0,  -49,  -10,  -31,  -18,   13,  -40,    0,    0,    0,    0,    0,    0,   -9,    0,    0,    0,    0,    0,    0,    0,  -18,  -22,   13,    0,    0,    0,  -49,    0,
       0,    0,    0,    0,    0,    0,    0,    0,    0,    0,    0,    0,  -38,    0,    0,  -31,    0,    0,    0,    0,    0,  -14,   -9,   -9,  -13,    0,    0,    0,    0,    0,    0,    0,    0,    0,   -9,    0,    0,    0,    0,    0,    0,    0,  -69,    0,    0,
       0,    0,    0,    0,    0,    0,    0,    0,    0,    0,    0,    0,   13,    0,    0,    0,    0,    0,   -3,    0,    0,    9,  -18,    0,    0,    0,    0,    0,    0,    0,    0,    0,    0,    0,    0,    0,    0,    0,    0,    9,    9,    0,    0,    0,    0,
       0,    0,    0,    0,    0,    0,    0,    0,    0,    0,    0,    0,    8,  -10,    0,    0,    0,    0,    0,    0,    0,    0,   -7,    0,    0,    0,    0,   -9,    0,    0,    0,    0,    0,    0,    0,    0,   -9,    0,    0,    0,    0,    0,    0,    0,    0,
       0,    0,    0,    0,    0,    0,    0,    0,    0,    0,    0,    0,    0,    0,    0,    0,    0,    0,    0,    0,   -9,    0,   -7,    0,    0,    0,    0,    0,    0,    0,    0,    0,    0,    0,    0,    0,    0,    0,    0,    0,    0,    0,  -13,    0,    0,
       0,    0,    0,    0,    0,    0,    0,    0,    0,    0,    0,    0,  -31,  -18,    0,  -49,    0,   10,    0,   18,   13,    0,    9,    0,  -39,  -40,    9,  -36,    0,    0,    0,    0,  -35,  -35,  -27,    0,  -37,   -5,   -5,   -9,  -28,    0,  -58,   10,    0,
       0,    0,    0,    0,    0,    0,    0,    0,    0,    0,    0,    0,  -13,    0,    0,    0,    0,    0,    0,    0,    0,    0,    0,    0,    0,    0,    0,    0,    0,    0,    0,    0,    0,    0,    0,    0,    0,    0,    0,    0,    0,    0,  -42,    0,    0,
       0,    0,    0,    0,    0,    0,    0,    0,    0,    0,    0,    0,  -31,  -13,    0,  -18,    0,   18,    0,    9,    9,    0,    9,    0,  -18,  -22,    0,  -17,    0,    0,    0,    0,   -9,   -9,   -9,    0,    0,    0,    0,    0,    0,    0,  -44,   18,    0,
       0,    0,    0,    0,    0,    0,    0,    0,    0,    0,    0,    0,  -22,   -9,    0,  -13,    0,   13,    0,    9,    9,    0,    0,    0,  -13,  -11,    0,  -13,    0,    0,    0,    0,    0,    0,    0,    0,    0,    0,    0,    0,    0,    0,  -41,   13,    0,
       0,    0,    0,    0,    0,    0,    0,    0,    0,    0,    0,    0,    0,  -13,    0,    0,    0,    0,    0,    0,    0,    0,    0,    0,   -9,   -9,    0,   -9,    0,    0,    0,    0,    0,    0,    0,    0,  -13,   -9,    0,    0,    0,    0,    0,    0,    0,
       0,    0,    0,    0,    0,    0,    0,    0,    0,    0,    0,    0,  -31,  -22,    0,  -27,    0,    9,    0,    9,    0,    0,    0,    0,  -35,  -40,    0,  -40,    0,    0,    0,    0,  -21,  -21,  -27,    0,  -18,    0,    0,   -9,   -9,    0,  -76,    9,    0,
       0,    0,    0,    0,    0,    0,    0,    0,    0,    0,    0,    0,    0,  -13,    0,    0,    0,    0,    0,    0,    0,    0,    0,    0,    0,    0,    0,  -13,    0,    0,    0,    0,    0,    0,    0,  -13,    0,    0,    0,    0,    0,    0,    0,    0,    0,
       0,    0,    0,    0,    0,    0,    0,    0,    0,    0,    0,    0,    0,    0,    0,    0,    0,  -39,    0,    0,    0,    0,  -26,    0,    0,    0,    0,    0,    0,    0,    0,    0,    0,    0,    0,    0,    0,    0,    0,    0,    0,    0,    0,  -39,    0,
       0,    0,    0,    0,    0,    0,    0,    0,    0,    0,    0,    0,    0,    0,    0,    0,    0,  -40,    0,  -22,  -11,   -9,  -40,    0,    0,    0,    0,    0,    0,    0,    0,    0,    0,    0,    0,    0,    0,    0,    0,    0,    0,    0,  -19,  -40,    0,
       0,    0,    0,    0,    0,    0,    0,    0,    0,    0,    0,    0,    0,    0,    0,    0,    0,  -31,    0,    0,  -13,    0,  -35,    0,    0,    0,    0,    0,    0,    0,    0,    0,    0,    0,    0,    0,    0,    0,    0,    0,    0,    0,   -6,  -31,    0,
       0,    0,    0,    0,    0,    0,    0,    0,    0,    0,    0,    0,    0,    0,    0,    0,    0,  -31,    0,  -18,  -13,   -9,  -35,    0,    0,    0,    0,    0,    0,    0,    0,    0,    0,    0,    0,    0,    0,    0,    0,    0,    0,    0,  -14,  -31,    0,
       0,    0,    0,    0,    0,    0,    0,    0,    0,    0,    0,    0,    0,    0,    0,    0,    0,   13,    0,    0,    9,    0,    0,    0,  -14,  -10,    0,    0,    0,    0,    0,    0,    0,    0,    0,    0,    0,    0,    0,    0,    0,    0,  -38,   13,    0,
       0,    0,    0,    0,    0,    0,    0,    0,    0,    0,    0,    0,    0,    0,    0,    0,    0,  -35,    0,    0,    0,    0,  -22,    0,    0,    0,    0,    0,    0,    0,    0,    0,    0,    0,    0,    0,    0,    0,    0,    0,    0,    0,    0,  -35,    0,
       0,    0,    0,    0,    0,    0,    0,    0,    0,    0,    0,    0,    0,    0,    0,    0,    0,  -45,    0,  -10,  -13,    0,  -31,    0,    0,   -5,    0,   -7,    0,    0,    0,    0,    0,    0,    0,   -6,    0,    0,    0,    0,    0,    0,   -9,  -45,    0,
       0,    0,    0,    0,    0,    0,    0,    0,    0,    0,    0,    0,    0,    0,    0,    0,    0,    0,    0,    0,    0,    0,    0,    0,    0,    0,    0,    0,    0,    0,   11,    0,    0,    0,    0,    0,    0,    0,    0,    0,    0,    0,    0,    0,    0,
       0,    0,    0,    0,    0,    0,    0,    0,    0,    0,    0,    0,   13,   -9,    0,    0,    0,    0,    0,    0,    0,    0,    0,    0,    0,   -7,    0,    0,    0,    0,    0,    0,    0,    0,    0,   -6,    0,    0,    0,    0,    0,    0,    0,    0,    0,
       0,    0,   16,    0,    0,    0,    0,    0,    0,    0,    0,    0,    0,    0,    0,    0,    0,    0,    0,    0,    0,    9,    0,    0,    0,    0,    0,    0,    0,   -9,    0,    0,    0,   10,    0,    0,    0,    6,    0,    0,    0,    0,    6,    0,    0,
       0,    0,    0,    0,    0,    0,    0,    0,    0,    0,    0,    0,    0,    0,    0,    0,    0,  -22,    0,    0,    0,    0,  -13,    0,    0,    0,    0,    0,    0,    0,    0,    0,    0,    0,    0,    0,    0,    0,    0,    0,    0,    0,    0,  -22,    0,
       0,    0,    0,    0,    0,    0,    0,    0,    0,    0,    0,    0,    0,    0,    0,  -37,    0,   -5,    0,    0,   13,    0,    0,    0,   -7,    0,    9,    0,    0,    0,    0,    0,    0,    0,    0,    7,    0,   12,   11,   10,    0,    0,  -56,   -5,    0,
       0,    0,    0,    0,    0,    0,    0,    0,    0,    0,    0,    0,    0,    0,    0,   10,    0,  -27,    0,   -9,    0,    0,  -26,    0,    0,    0,    0,    0,    0,    0,    0,    0,    0,    0,    0,    0,    0,    0,    0,    0,    0,    0,   -3,  -27,    0,
       0,    0,    0,    0,    0,    0,    0,    0,    0,    0,    0,    0,   11,    0,    0,    0,    0,    0,    0,    0,    0,    0,  -13,    0,    0,    0,    0,    0,    0,    0,    0,    0,    0,    0,    0,    0,    0,    0,    0,    0,    0,    0,    0,    0,    0,
       0,    0,    0,    0,    0,    0,    0,    0,    0,    0,    0,    0,    0,    0,    0,    0,    0,  -37,    0,    0,    0,    0,  -18,    0,    0,    0,    0,    0,    0,    0,    0,    0,    0,    0,    0,    0,    0,    0,    0,    0,    0,    0,  -13,  -37,    0,
       0,    0,    0,    0,    0,    0,    0,    0,    0,    0,    0,    0,  -19,    0,    0,    0,    0,   -5,    0,    0,    0,   -9,    0,   -9,   -9,    0,   10,    0,    0,    0,    0,    0,    0,    0,   10,    0,    0,    5,    5,    0,    0,    0,  -47,   -5,    0,
       0,    0,    0,    0,    0,    0,    0,    0,    0,    0,    0,    0,  -21,    0,    0,    0,    0,   -5,    0,    0,    0,    0,    0,    0,    0,    0,    6,    0,    0,    0,    0,    0,    0,    0,    0,    0,    0,    5,    5,    0,    0,    0,  -47,   -5,    0,
       0,    0,    0,    0,    0,    0,    0,    0,    0,    0,    0,    0,    9,    0,    0,    0,    0,    0,    0,    0,    0,    0,   -9,    0,    0,    0,    0,    0,    0,    0,    0,    0,    0,    0,    0,    0,    0,    0,    0,    0,    0,    0,    0,    0,    0,
       0,    0,    0,    0,    0,    0,    0,    0,    0,    0,    0,    0,    0,    0,    0,    0,    0,  -14,    0,    0,    0,    0,   -9,    0,    0,    0,    0,    0,    0,    0,    0,    0,    0,    0,    0,    0,    0,    0,    0,    0,    0,    0,    0,  -14,    0,
       0,    0,   16,    0,    0,    0,    0,    0,    0,    0,    0,    0,    0,   13,   19,    0,   14,   47,   19,   43,   43,   37,   42,   25,    0,    0,   23,    0,   19,    9,   19,   19,   14,   14,    0,   19,    0,   31,   25,   25,   19,    0,    6,   47,   25,
       0,    0,   16,    0,    0,    0,    0,    0,    0,    0,    0,    0,    0,    0,    0,    0,    0,    0,    0,    0,    0,    9,    0,    0,    0,    0,    0,    0,    0,   -9,    0,    0,    0,    0,    0,    0,    0,    6,    0,    0,    0,    0,    6,    0,    0,
       0,    0,    0,    0,    0,    0,    0,    0,    0,    0,    0,    0,    0,    0,    0,    0,    0,  -23,    0,    0,    0,    0,    0,    0,    0,    0,    0,    0,    0,    0,    0,    0,    0,    0,    0,    0,    0,    0,    0,    0,    0,    0,    0,    0,    0,
       0,    0,  -31,    0,    0,    0,    0,    0,    0,    0,    0,    0,  -13,    0,    0,    0,    0,   19,    0,   13,   13,    6,    6,    0,    0,    0,    0,    0,    0,    0,    0,    0,    0,    0,    0,    0,    0,    0,    0,    0,    0,    0,  -25,   19,    0,
       0,    0,  -31,    0,    0,    0,    0,    0,    0,    0,    0,    0,  -13,    0,    0,    0,   13,   13,    0,   13,   13,    0,    0,    0,    0,    0,    0,    0,    6,    6,    0,    6,    0,    0,    0,   12,    0,   19,   19,   13,    0,    0,  -19,   13,    0,
       0,    0,  -31,    0,    0,    0,    0,    0,    0,    0,    0,    0,  -25,    0,    0,   -6,    0,   25,    0,   19,   19,    6,   13,    0,  -13,   -6,    0,   -7,    0,    0,    0,    0,    0,    0,    0,    0,   -6,    0,    0,    0,   -6,    0,  -31,   25,    0,
       0,    0,  -19,    0,    0,    0,    0,    0,    0,    0,    0,    0,  -13,    0,    0,  -13,   13,   19,    0,   19,   19,    0,    0,    0,   -6,   -6,   13,   -6,    0,    0,    0,    0,    0,    0,   -6,   13,    0,   19,   19,   19,    0,    0,  -19,   19,    0,
       0,    0,    0,    0,    0,    0,    0,    0,    0,    0,    0,    0,    0,    0,    0,    0,    0,    0,    0,    0,    0,    0,    0,    0,    0,    0,    0,    0,    0,    0,    0,    0,    0,    0,  -13,    0,    0,    0,    0,    0,    0,    0,    0,    0,    0,
};

static const EpdLigaturePair lexenddeca_14_regularLigaturePairs[] = {
    { 0x00660066, 0xFB00 }, // f f -> U+FB00
    { 0x00660069, 0xFB01 }, // f i -> U+FB01
    { 0x0066006C, 0xFB02 }, // f l -> U+FB02
    { 0xFB000069, 0xFB03 }, // U+FB00 i -> U+FB03
    { 0xFB00006C, 0xFB04 }, // U+FB00 l -> U+FB04
};

static constexpr EpdFontData lexenddeca_14_regular = {
    lexenddeca_14_regularBitmaps,
    lexenddeca_14_regularGlyphs,
    lexenddeca_14_regularIntervals,
    44,
    36,
    28,
    -9,
    true,
    lexenddeca_14_regularGroups,
    12,
    nullptr,
    lexenddeca_14_regularKernLeftClasses,
    lexenddeca_14_regularKernRightClasses,
    lexenddeca_14_regularKernMatrix,
    351,
    330,
    62,
    45,
    lexenddeca_14_regularLigaturePairs,
    5,
};
