/**
 * generated by fontconvert.py
 * name: lexenddeca_10_regular
 * size: 10
 * mode: 2-bit  compressed: true
 * Command used: fontconvert.py lexenddeca_10_regular 10 ../builtinFonts/source/LexicaUltralegible/LexicaUltralegible-Regular.ttf --2bit --compress --pnum --darken-aa
 */
#pragma once
#include "EpdFontData.h"

static const uint8_t lexenddeca_10_regularBitmaps[9287] = {
    0x85, 0x57, 0xCF, 0x6F, 0xE3, 0xC6, 0x15, 0xFE, 0xC4, 0x29, 0xC2, 0x62, 0x69, 0x64, 0x72, 0x0E,
    0x52, 0x2B, 0xC7, 0x04, 0xB5, 0xC5, 0xAB, 0x81, 0x52, 0x22, 0x81, 0x5C, 0x83, 0xF6, 0x0F, 0xC9,
    0x21, 0x39, 0x04, 0x85, 0x81, 0x68, 0xE1, 0x69, 0x73, 0xE8, 0xB1, 0xFB, 0x0F, 0x14, 0xD8, 0xE3,
    0x56, 0x7B, 0xB0, 0x0B, 0xE8, 0x20, 0x34, 0xDA, 0x68, 0x92, 0x3D, 0xF4, 0x90, 0x0B, 0x81, 0xFE,
    0x01, 0x21, 0xDC, 0x43, 0x7B, 0x28, 0x90, 0x57, 0x9B, 0x40, 0x08, 0x99, 0xD6, 0xF4, 0x7B, 0x94,
    0xE5, 0x95, 0x76, 0xB5, 0xBB, 0x9A, 0x19, 0x9A, 0x7C, 0x33, 0xF3, 0xDE, 0x9B, 0xF7, 0xE3, 0x7B,
    0x63, 0x91, 0xCD, 0x0F, 0x98, 0xB6, 0xB3, 0x6B, 0xBF, 0x69, 0x38, 0xCD, 0x48, 0x39, 0xE1, 0x38,
    0x05, 0xE4, 0x4B, 0xF4, 0x43, 0xF0, 0xEF, 0x2F, 0x97, 0x0E, 0xBA, 0xB2, 0x12, 0xF4, 0x38, 0x7E,
    0x7D, 0xB3, 0x44, 0x1E, 0x02, 0xCC, 0xF7, 0x25, 0x87, 0x87, 0x79, 0xCE, 0xF1, 0xB5, 0x07, 0x7E,
    0x09, 0x1C, 0x20, 0x0A, 0xA5, 0x0D, 0xCD, 0xE8, 0x60, 0x9C, 0x1D, 0x80, 0x3D, 0xFF, 0x14, 0x76,
    0x45, 0xA2, 0xE0, 0xDD, 0x16, 0x07, 0x39, 0x0E, 0xEC, 0xD1, 0x81, 0x1D, 0x1D, 0x8C, 0x6C, 0x68,
    0x7B, 0xA1, 0xE2, 0x7A, 0xEE, 0xB2, 0x82, 0x29, 0xF2, 0x16, 0x82, 0x66, 0x60, 0x3C, 0xC4, 0xC6,
    0x05, 0x1F, 0x16, 0xFC, 0x3C, 0x02, 0x27, 0xA8, 0x8A, 0x15, 0x09, 0x40, 0xF4, 0x3C, 0x78, 0xC4,
    0x7F, 0xFE, 0x63, 0x05, 0xCE, 0x0A, 0x8E, 0xF5, 0x71, 0x62, 0xF9, 0x29, 0x26, 0xF8, 0xA8, 0x44,
    0x40, 0x2F, 0x14, 0x48, 0xC8, 0xD7, 0xF6, 0x04, 0x3A, 0xAB, 0x93, 0xE6, 0x27, 0xEA, 0xB7, 0x02,
    0xD2, 0xDB, 0xA4, 0x18, 0xA7, 0xBF, 0x43, 0x9D, 0xFC, 0x08, 0x89, 0x56, 0x9C, 0x7D, 0x86, 0x79,
    0x2F, 0xF0, 0x2C, 0x3F, 0xF9, 0x64, 0x65, 0xD6, 0xF6, 0xB0, 0x38, 0x44, 0xC6, 0x36, 0xC5, 0x05,
    0x17, 0xBC, 0x68, 0x53, 0x9C, 0x76, 0xF4, 0x43, 0xB2, 0x35, 0xEE, 0x04, 0x47, 0x78, 0x97, 0x6F,
    0x49, 0x11, 0x3B, 0xE3, 0x37, 0x2D, 0xF6, 0x89, 0xB3, 0x85, 0x72, 0x38, 0xC2, 0x09, 0xF7, 0x18,
    0x98, 0xF7, 0x16, 0xB5, 0xF5, 0x87, 0xFE, 0xA3, 0x12, 0x34, 0xE7, 0x4E, 0x0F, 0x41, 0x26, 0xCB,
    0xC7, 0xDB, 0x94, 0x59, 0x7B, 0xFA, 0x45, 0x35, 0x79, 0x1C, 0x84, 0x1E, 0xC1, 0xF1, 0x9D, 0x16,
    0xD2, 0xAB, 0xA2, 0x92, 0xAC, 0x9D, 0xA5, 0xB8, 0xC1, 0x1D, 0xD1, 0x04, 0x3A, 0xA6, 0x1C, 0xF5,
    0x64, 0x81, 0x69, 0xF0, 0xE3, 0xEB, 0x32, 0x13, 0xC9, 0x64, 0x9E, 0xC9, 0x30, 0x13, 0x9B, 0xD5,
    0x49, 0x3B, 0x33, 0xF5, 0x30, 0x12, 0xAE, 0xE1, 0x4A, 0x5C, 0x44, 0xB2, 0x90, 0x20, 0xD8, 0xDB,
    0xE2, 0x15, 0x59, 0xF9, 0x61, 0x54, 0x9D, 0xAE, 0x95, 0xE8, 0xD1, 0x5E, 0x25, 0x12, 0x8F, 0x3E,
    0x30, 0x46, 0x24, 0xFA, 0x3A, 0x02, 0x56, 0xD4, 0x2B, 0x48, 0xDC, 0xC9, 0xCD, 0x22, 0xB9, 0x5B,
    0x6C, 0x2A, 0x04, 0x07, 0x35, 0x79, 0x89, 0x9E, 0x52, 0xA8, 0xEF, 0xD8, 0x54, 0x69, 0xF0, 0x64,
    0x8B, 0xD8, 0xC3, 0x7A, 0xE4, 0x1E, 0xDF, 0x78, 0x5C, 0x7B, 0x46, 0x49, 0xF2, 0x89, 0xEF, 0x1B,
    0x9F, 0x19, 0x5F, 0x1B, 0x1F, 0x42, 0x3B, 0x79, 0xFA, 0x1F, 0xD0, 0xDD, 0x5D, 0xCF, 0x79, 0x9C,
    0xC9, 0x23, 0xC6, 0xDE, 0x49, 0xD7, 0xBF, 0x5A, 0x61, 0xC1, 0x83, 0x99, 0x3B, 0xB6, 0xEC, 0x17,
    0x3D, 0x99, 0x9B, 0x32, 0x0F, 0x2E, 0xB9, 0x05, 0x7D, 0x67, 0xA9, 0xB3, 0xF1, 0x0C, 0x8C, 0x0B,
    0xE0, 0x6A, 0x45, 0x63, 0xFA, 0xD6, 0x54, 0x75, 0x8F, 0x51, 0xAA, 0x7D, 0xDA, 0x93, 0xCC, 0x94,
    0x6B, 0x35, 0xD4, 0xCE, 0x4F, 0x05, 0x51, 0xA5, 0x82, 0x78, 0x18, 0x5B, 0xE8, 0xD1, 0x86, 0x7A,
    0x3A, 0x34, 0xCA, 0xDE, 0x6C, 0xCD, 0x98, 0x96, 0x9C, 0x31, 0x48, 0x54, 0x49, 0x76, 0xBE, 0xF0,
    0x33, 0x0D, 0xEE, 0x61, 0x5C, 0xDE, 0x33, 0x9F, 0x45, 0x55, 0x1E, 0x18, 0x30, 0x88, 0x6F, 0x75,
    0x8A, 0x4A, 0xDE, 0x4F, 0xAD, 0x67, 0x47, 0xBA, 0xCB, 0xF5, 0xCE, 0x41, 0x7F, 0xA9, 0x94, 0x5A,
    0xCD, 0x38, 0x6B, 0xA7, 0xD0, 0x1F, 0x7D, 0xBB, 0x79, 0x5D, 0x3B, 0x1C, 0xF8, 0x10, 0xB1, 0xE0,
    0xAC, 0x24, 0xBB, 0x85, 0x43, 0x0B, 0x7D, 0x26, 0x0D, 0xFF, 0xD0, 0x0D, 0x3C, 0xF9, 0x17, 0x93,
    0xCE, 0xF4, 0xEB, 0x1D, 0xEB, 0x77, 0x07, 0xDC, 0x82, 0x3B, 0x54, 0x03, 0xA4, 0x54, 0x5F, 0xF8,
    0xA4, 0x51, 0xCE, 0x2A, 0xD0, 0xEC, 0x0C, 0xB5, 0x4E, 0xB3, 0x62, 0x1C, 0xFB, 0x2F, 0xD7, 0xF6,
    0x4D, 0x1C, 0x52, 0x3D, 0xED, 0xDA, 0x08, 0x91, 0x53, 0x56, 0x4C, 0x17, 0xD3, 0x99, 0x05, 0x8B,
    0x0A, 0x71, 0xB8, 0x45, 0xDF, 0xF5, 0x8B, 0x21, 0x9D, 0x36, 0xCB, 0xAF, 0x2A, 0x86, 0x8B, 0xF0,
    0x29, 0xD7, 0x7E, 0x3D, 0x7E, 0xBE, 0xBC, 0xAA, 0xE6, 0x34, 0xF2, 0xF0, 0xE3, 0xF7, 0xB9, 0x8E,
    0x02, 0x54, 0x21, 0xEE, 0x43, 0x8E, 0xF5, 0xA0, 0xCE, 0xF4, 0x71, 0x37, 0xA2, 0x4B, 0x95, 0x42,
    0xBB, 0xFA, 0x9A, 0x82, 0x67, 0x0C, 0xDB, 0x8C, 0x51, 0xA3, 0x1A, 0xAD, 0xF8, 0x66, 0x69, 0x11,
    0x5B, 0xCC, 0x68, 0x6F, 0x22, 0xC8, 0xF2, 0xDC, 0x4B, 0xB4, 0xB1, 0x5D, 0x54, 0xF1, 0x33, 0x84,
    0x4A, 0x7A, 0xB5, 0x60, 0x2C, 0xC8, 0xBA, 0xDE, 0x2C, 0xCF, 0x25, 0xD0, 0x9A, 0xC1, 0xD9, 0x50,
    0xA7, 0x18, 0x67, 0xF8, 0x60, 0xF6, 0x72, 0x2A, 0x61, 0xA6, 0x76, 0xFE, 0x55, 0x8A, 0x87, 0x5C,
    0xC3, 0x95, 0x14, 0xB6, 0x0C, 0x5E, 0x98, 0xD1, 0x20, 0xAB, 0xD3, 0x0D, 0xAB, 0xFB, 0x7E, 0xAA,
    0x74, 0x23, 0x5C, 0xC3, 0x95, 0x94, 0xB8, 0x9C, 0x3C, 0x7A, 0x89, 0x21, 0x55, 0x5D, 0xFE, 0x75,
    0x87, 0xC2, 0x35, 0x5C, 0x49, 0x13, 0x2C, 0x27, 0xEE, 0xE5, 0xC5, 0xFB, 0x88, 0xEC, 0x1B, 0x9D,
    0xE7, 0x19, 0x3E, 0x9A, 0xDE, 0xD3, 0x1F, 0x4C, 0xC4, 0xD2, 0x7A, 0x76, 0x0A, 0x3B, 0x46, 0x3F,
    0xC7, 0x99, 0x0D, 0x21, 0x0A, 0x7F, 0x7A, 0x45, 0x49, 0xED, 0x4C, 0x92, 0xE5, 0x64, 0xBE, 0x87,
    0x2E, 0xE7, 0x8F, 0x15, 0x0F, 0x5E, 0x6D, 0xE7, 0x84, 0x8F, 0xFB, 0xA4, 0xDA, 0xDB, 0x2F, 0xE8,
    0x1B, 0xE3, 0x1B, 0xEB, 0xCE, 0x98, 0xCC, 0x0D, 0xD4, 0xDA, 0xA6, 0x14, 0xEB, 0x64, 0x04, 0x99,
    0xE3, 0x4A, 0xF0, 0x33, 0x93, 0x5A, 0x70, 0x3B, 0x47, 0x43, 0x4A, 0x1F, 0x92, 0x70, 0x3D, 0x9D,
    0x42, 0x63, 0xCE, 0x5F, 0x3D, 0xE3, 0xDE, 0xDE, 0x19, 0xAA, 0xBA, 0x65, 0xF8, 0x06, 0x02, 0x77,
    0x37, 0x8A, 0x81, 0xDC, 0xB8, 0x21, 0x63, 0x29, 0xE3, 0x18, 0x33, 0xB6, 0xA6, 0x6B, 0xB8, 0xFD,
    0x1F, 0xC7, 0xDF, 0x4B, 0x91, 0xDC, 0xAF, 0x47, 0xEA, 0x44, 0x65, 0xB6, 0xC8, 0x18, 0x2C, 0x01,
    0xD9, 0x8D, 0xCB, 0xB8, 0xE7, 0xAA, 0xEA, 0x00, 0x6E, 0x96, 0x49, 0x96, 0xC9, 0x40, 0x31, 0x4E,
    0x92, 0xB9, 0x98, 0x56, 0xA2, 0x56, 0xC0, 0x3A, 0xC2, 0x4C, 0x09, 0x0D, 0x43, 0x7C, 0xD4, 0x05,
    0x18, 0x83, 0xCB, 0xC9, 0x5D, 0x08, 0x6E, 0x0F, 0xA5, 0xEB, 0xBC, 0xAE, 0xD3, 0xF5, 0xBA, 0x4F,
    0x1D, 0xBD, 0xD8, 0x0A, 0x42, 0x8D, 0x43, 0x21, 0x25, 0xAC, 0xB0, 0xCF, 0xA1, 0x6F, 0x10, 0x94,
    0x70, 0xD8, 0xE7, 0xB4, 0xD5, 0x35, 0x05, 0x05, 0x0A, 0xCA, 0x8B, 0x94, 0xE0, 0x97, 0x30, 0x5F,
    0xB9, 0xAF, 0x66, 0x8E, 0xBC, 0xF7, 0x26, 0x61, 0xAC, 0x7E, 0xBB, 0xE6, 0x8E, 0x34, 0x7A, 0xE8,
    0x02, 0x46, 0x3C, 0x85, 0x91, 0x1B, 0xEB, 0x68, 0x11, 0x85, 0x1A, 0xEF, 0x68, 0xD2, 0xB3, 0x22,
    0x1E, 0xC1, 0x8E, 0xC0, 0x3A, 0xDA, 0x90, 0xBD, 0xA2, 0xE9, 0xB7, 0x4F, 0xB0, 0x5E, 0xFA, 0xB6,
    0xBE, 0x37, 0xD4, 0xB6, 0x7B, 0x8D, 0xF1, 0x18, 0x75, 0x1A, 0xAA, 0x38, 0x14, 0x0D, 0xD1, 0x72,
    0xDC, 0x15, 0x9E, 0x61, 0x77, 0xEA, 0x3E, 0x34, 0xA3, 0x6B, 0xE6, 0x30, 0x4B, 0xC3, 0x1F, 0x78,
    0xF2, 0xE7, 0xC4, 0x91, 0x7F, 0x32, 0xEB, 0xFF, 0xCD, 0xEC, 0xBF, 0x21, 0x0A, 0x04, 0x45, 0x03,
    0x0E, 0x16, 0x8D, 0x26, 0x62, 0xA4, 0xCD, 0x4D, 0x1D, 0x13, 0xC9, 0x1B, 0xC5, 0xD4, 0x99, 0x75,
    0xC3, 0x78, 0x6C, 0x8B, 0x41, 0x92, 0x59, 0xF4, 0xED, 0x71, 0x9F, 0x75, 0xFC, 0x70, 0x00, 0xFB,
    0x5B, 0x3B, 0x44, 0xF2, 0x17, 0x9B, 0x21, 0xFE, 0x6F, 0x32, 0x26, 0x08, 0xC7, 0x33, 0x98, 0xC6,
    0x34, 0xFA, 0x20, 0x44, 0x31, 0x55, 0xA9, 0x42, 0xBF, 0x33, 0xBB, 0x75, 0x73, 0xC4, 0xDF, 0x91,
    0x78, 0x4D, 0xF0, 0xE1, 0x65, 0x00, 0x67, 0xC5, 0x0B, 0x00, 0xBA, 0x61, 0x7C, 0x5F, 0x6A, 0xC5,
    0x6A, 0xA8, 0xDE, 0x98, 0xAB, 0x99, 0x7B, 0xDC, 0x41, 0x6F, 0xBB, 0xBE, 0x66, 0x87, 0x1B, 0xD0,
    0x51, 0x19, 0x31, 0x8F, 0xE8, 0xAA, 0xF7, 0x99, 0x6F, 0x08, 0x95, 0x2C, 0x4F, 0x48, 0xC9, 0x83,
    0xB7, 0x8D, 0x7D, 0xE3, 0xAE, 0x7A, 0xB0, 0x46, 0x68, 0x81, 0xE8, 0xEA, 0xC6, 0xBC, 0xAB, 0x7C,
    0xE5, 0x0B, 0xC2, 0x4C, 0xCB, 0xE3, 0x13, 0xBA, 0x20, 0xB8, 0x65, 0xF1, 0x9A, 0x32, 0x7B, 0xD7,
    0x96, 0x45, 0x70, 0xD3, 0xAE, 0x88, 0x0F, 0xBA, 0x74, 0xD5, 0xDB, 0x43, 0x54, 0xB2, 0xE6, 0xEA,
    0x05, 0x43, 0xC9, 0xC7, 0x0B, 0xFF, 0x99, 0x37, 0x6F, 0x6C, 0x9F, 0xF9, 0x85, 0xD7, 0xB2, 0x55,
    0x23, 0x66, 0xB5, 0x1A, 0xD2, 0x8E, 0xC8, 0x6C, 0xB1, 0xAE, 0xAA, 0x93, 0x09, 0x13, 0xAF, 0xCE,
    0x58, 0x23, 0x73, 0x26, 0x0F, 0x61, 0x9F, 0x29, 0xFF, 0xB9, 0x67, 0x21, 0x7C, 0xC6, 0xE8, 0x8C,
    0x19, 0xA0, 0x9E, 0x65, 0x35, 0x25, 0xA2, 0x6F, 0x45, 0x75, 0x57, 0x3E, 0x5D, 0xCB, 0x32, 0x16,
    0x55, 0xF7, 0x81, 0xC9, 0x77, 0x52, 0x48, 0xBF, 0x5C, 0x6D, 0xAA, 0x89, 0x71, 0xF5, 0xD6, 0x2E,
    0xBE, 0x93, 0x92, 0x87, 0x22, 0x69, 0x77, 0xAE, 0x36, 0x49, 0x23, 0x79, 0xE0, 0x25, 0x80, 0x1C,
    0x64, 0x8B, 0x9B, 0x52, 0x48, 0xE7, 0xEC, 0xA6, 0x6A, 0x7A, 0xDE, 0x6C, 0x96, 0x4F, 0x89, 0xED,
    0x72, 0xC7, 0x2D, 0x2A, 0xD6, 0x05, 0x3B, 0x7A, 0x6C, 0x65, 0x0D, 0x66, 0xFB, 0x61, 0xEE, 0xAD,
    0x12, 0xA8, 0xC5, 0x2F, 0x7A, 0xD5, 0x28, 0x2E, 0xFB, 0xAC, 0x1B, 0x4F, 0x76, 0x32, 0xF8, 0x4A,
    0xF1, 0xBE, 0x68, 0x35, 0xC7, 0xF6, 0xF7, 0xA4, 0xB0, 0xBC, 0xC4, 0xA1, 0xAB, 0x6A, 0xE9, 0x1E,
    0x7C, 0x8D, 0x2A, 0x23, 0xAC, 0x9C, 0x78, 0xBD, 0x7B, 0x3E, 0xF7, 0x8B, 0x5D, 0xDC, 0x48, 0x79,
    0x27, 0x52, 0x1D, 0xAF, 0xCB, 0xEE, 0xB2, 0xE4, 0xB1, 0xA4, 0xBB, 0x6B, 0x48, 0xD6, 0x4D, 0x31,
    0x8F, 0xB6, 0x7F, 0xED, 0xFC, 0x5F, 0x4D, 0xEE, 0xC2, 0x2A, 0x54, 0x4D, 0xFF, 0x3B, 0xE9, 0x66,
    0x79, 0x8D, 0x7D, 0xDD, 0xB8, 0x7C, 0xDB, 0x71, 0xEE, 0x8D, 0xFD, 0x92, 0x6F, 0x49, 0x21, 0x9D,
    0xB3, 0x97, 0x6F, 0x74, 0xFE, 0xD5, 0x2E, 0x0A, 0x26, 0xCD, 0x05, 0xE3, 0x8A, 0xC9, 0xC8, 0x84,
    0xA4, 0xC1, 0x77, 0x22, 0x5B, 0xBF, 0x95, 0xAE, 0xF3, 0x9D, 0x0F, 0xB0, 0x19, 0x9A, 0x99, 0xB9,
    0xBB, 0xAC, 0x42, 0xD9, 0xD2, 0xCF, 0xBB, 0xBB, 0x18, 0x3C, 0x29, 0x03, 0xF5, 0x81, 0x02, 0x53,
    0xFA, 0x88, 0xD7, 0x0A, 0xA0, 0xAF, 0x45, 0x2A, 0xDB, 0xE8, 0xF7, 0xE0, 0x75, 0x81, 0x50, 0x25,
    0xB4, 0xC0, 0x6E, 0xAB, 0xD3, 0x45, 0x48, 0x7F, 0xE0, 0xA9, 0xA7, 0x64, 0x90, 0x14, 0x84, 0x18,
    0xFE, 0x83, 0x60, 0x8F, 0x41, 0x5C, 0x51, 0x54, 0xA9, 0xBB, 0xFB, 0x0E, 0xA5, 0xF6, 0xA3, 0x6A,
    0x9A, 0x46, 0xE5, 0x69, 0xFE, 0x89, 0xCF, 0x7E, 0xF3, 0xB5, 0xCF, 0x7E, 0xFF, 0x0F, 0x77, 0xFC,
    0xB7, 0x1F, 0x70, 0x28, 0x3F, 0x92, 0x2D, 0xAF, 0x96, 0xE5, 0x33, 0xE6, 0xF6, 0xB8, 0x83, 0x8A,
    0x99, 0xF1, 0x43, 0xEB, 0x6C, 0x5F, 0x15, 0x25, 0x1E, 0x71, 0x37, 0x9F, 0xF6, 0x59, 0x97, 0x73,
    0x89, 0x6B, 0x4C, 0x49, 0x51, 0xA7, 0x2A, 0xCD, 0x1D, 0xF1, 0xDA, 0x4F, 0x69, 0x87, 0x2A, 0x2D,
    0x1E, 0xEB, 0x32, 0x0A, 0xD4, 0xCB, 0x6B, 0xA5, 0x37, 0x2D, 0xA2, 0x4C, 0xAE, 0x60, 0x32, 0x59,
    0x10, 0x30, 0x66, 0x3D, 0xEA, 0x48, 0x10, 0x24, 0xA8, 0xAD, 0x98, 0xAF, 0x71, 0x65, 0xCB, 0xED,
    0xA3, 0x0D, 0x88, 0x30, 0x0F, 0x77, 0x0F, 0x5B, 0xC6, 0x95, 0xBC, 0xFA, 0x6B, 0x89, 0xB3, 0x3B,
    0xCB, 0x0A, 0xFD, 0x17, 0x64, 0x9B, 0xB2, 0xE0, 0x3D, 0xF1, 0x9D, 0x47, 0x1F, 0xE6, 0xA1, 0xC9,
    0xD2, 0xEA, 0xFF, 0xAD, 0x58, 0xBD, 0x8F, 0xDC, 0xC6, 0x15, 0x7F, 0xE4, 0xD8, 0x62, 0x7C, 0x04,
    0x32, 0x2A, 0x82, 0x00, 0xF9, 0x80, 0xE8, 0xC2, 0x85, 0x00, 0xE5, 0x8E, 0x2E, 0x64, 0x40, 0x01,
    0xB8, 0x4B, 0xC2, 0x4D, 0x0A, 0x37, 0x97, 0xC2, 0x5D, 0x0A, 0x17, 0xA9, 0x92, 0x42, 0x02, 0xA2,
    0x00, 0x57, 0x30, 0xD9, 0x41, 0xF2, 0x07, 0xE4, 0xBA, 0xB4, 0x57, 0xB8, 0x90, 0x57, 0x85, 0x16,
    0xC1, 0x05, 0x58, 0x40, 0x2B, 0x71, 0x62, 0x15, 0x2E, 0x54, 0x88, 0x89, 0xFB, 0x80, 0x91, 0x81,
    0xC0, 0x90, 0x0B, 0xBF, 0x58, 0x8C, 0xB1, 0x38, 0xED, 0xED, 0xE4, 0xF7, 0x86, 0xBB, 0x77, 0xBB,
    0x97, 0xB5, 0xA4, 0x83, 0x4C, 0xCE, 0x10, 0xB3, 0x6F, 0xDE, 0x7B, 0xF3, 0xE6, 0x7D, 0xCD, 0x9B,
    0x1D, 0xCF, 0x0E, 0x89, 0xF8, 0xE4, 0x21, 0x4B, 0x68, 0xF1, 0x8C, 0x72, 0x47, 0xE5, 0x27, 0x45,
    0x6B, 0x89, 0x97, 0x0D, 0x63, 0x40, 0x00, 0xC7, 0x2C, 0x70, 0xA2, 0x39, 0x25, 0xCE, 0xF6, 0x02,
    0xCE, 0xA8, 0xC8, 0x88, 0x76, 0x88, 0xAA, 0x21, 0x39, 0x47, 0x91, 0x25, 0xE5, 0x5B, 0x5C, 0x50,
    0x62, 0xA8, 0x72, 0xFC, 0x61, 0xDA, 0x10, 0xD1, 0xDB, 0xB7, 0xDE, 0x4E, 0x5D, 0xA3, 0x7F, 0xD6,
    0x91, 0x2C, 0x5A, 0xA2, 0xEA, 0xC4, 0xD5, 0x3F, 0x3D, 0x1E, 0x5D, 0xA4, 0x8B, 0x53, 0x4A, 0x33,
    0xCA, 0x76, 0x68, 0xAC, 0x89, 0xE3, 0x3F, 0x34, 0xEA, 0x81, 0x0D, 0xBF, 0x30, 0xE4, 0x88, 0x7E,
    0x4F, 0xDA, 0x31, 0x61, 0x8D, 0x4C, 0x06, 0x5B, 0xF7, 0x0F, 0x30, 0x58, 0x8A, 0x2B, 0xCF, 0x62,
    0x0C, 0xB1, 0x52, 0x47, 0x59, 0x2C, 0xD2, 0xA4, 0x05, 0x69, 0xA6, 0x7C, 0x4E, 0xD3, 0xD4, 0xB2,
    0x6A, 0x98, 0xF8, 0x1E, 0x71, 0xFA, 0xA0, 0x8E, 0x9C, 0xA1, 0x01, 0x91, 0x36, 0xAF, 0x29, 0x9B,
    0x45, 0x36, 0x75, 0x45, 0x74, 0x2C, 0x1C, 0x32, 0x08, 0x53, 0xB5, 0xA4, 0x20, 0xBF, 0x36, 0xB1,
    0xED, 0x0F, 0x3E, 0xE6, 0xD2, 0x71, 0xFB, 0x75, 0xB3, 0xBB, 0xF7, 0xD4, 0x52, 0xE6, 0x7B, 0x4D,
    0xD9, 0xD7, 0x7C, 0xB0, 0x57, 0xBA, 0xA6, 0xED, 0xFD, 0xF0, 0x5D, 0x16, 0x3C, 0xC1, 0x17, 0xBA,
    0xA4, 0xBE, 0x3C, 0xBA, 0xC0, 0xFD, 0xD1, 0x4D, 0xCE, 0x0F, 0xD5, 0x83, 0x5A, 0xBF, 0x67, 0x76,
    0x12, 0x2A, 0x7B, 0xD4, 0x4E, 0xE4, 0x8B, 0x31, 0x20, 0x80, 0xFF, 0x6A, 0x78, 0xAB, 0x72, 0x33,
    0xEA, 0xB6, 0x72, 0xD2, 0x56, 0xD7, 0x75, 0x8F, 0xB9, 0x7C, 0x36, 0x6D, 0x5B, 0xCE, 0xF6, 0x98,
    0xCB, 0x8C, 0x5D, 0x9B, 0xF1, 0x33, 0x9B, 0xB5, 0xFF, 0xE1, 0xBD, 0x09, 0x8F, 0xDB, 0xFE, 0xEE,
    0xF7, 0xD7, 0xD6, 0x1D, 0x1E, 0x38, 0x4E, 0x4D, 0xD5, 0xC8, 0xF6, 0xAB, 0x26, 0x35, 0x04, 0x85,
    0xF8, 0x36, 0x3C, 0x3A, 0x70, 0xD0, 0xD9, 0xF2, 0x27, 0x9E, 0xE1, 0x50, 0x20, 0x79, 0xF1, 0x17,
    0x1B, 0x5A, 0x65, 0x63, 0xFA, 0x09, 0xFD, 0xB5, 0x00, 0x71, 0x7D, 0x6D, 0x44, 0xA3, 0xB8, 0x0E,
    0x98, 0x6E, 0xDC, 0xE4, 0xD4, 0xC6, 0xC9, 0x35, 0x86, 0xFA, 0x37, 0xB5, 0x36, 0x87, 0x75, 0xD9,
    0x7D, 0xCA, 0x27, 0x4C, 0xD1, 0xB4, 0xB3, 0xF9, 0x97, 0xC6, 0x3D, 0xA2, 0x93, 0x56, 0x3D, 0xA2,
    0xFC, 0x11, 0xC5, 0x8F, 0x48, 0x3D, 0xB7, 0x1D, 0xCE, 0xC6, 0x44, 0xDF, 0x81, 0xD7, 0xE4, 0x76,
    0x60, 0x07, 0x14, 0x53, 0x4E, 0xD1, 0xCA, 0x9B, 0xD8, 0x1E, 0xDF, 0x1C, 0xDD, 0x18, 0xF5, 0x38,
    0xB1, 0xE3, 0x92, 0x7A, 0x3B, 0x94, 0xE8, 0x22, 0xFE, 0xA3, 0x55, 0x1F, 0x37, 0xF8, 0x62, 0x0C,
    0x08, 0xE0, 0x15, 0xC5, 0x16, 0x9A, 0xC3, 0xDB, 0x43, 0x9F, 0xA0, 0x33, 0x69, 0xD5, 0x90, 0x8E,
    0xFF, 0xC6, 0x5A, 0x2B, 0xA6, 0x3E, 0xBC, 0x60, 0x92, 0x41, 0x11, 0x23, 0x78, 0x81, 0x9B, 0xC5,
    0xF6, 0xFD, 0x56, 0x17, 0xC4, 0x15, 0x45, 0xE6, 0x94, 0xAE, 0x5C, 0xD0, 0xD5, 0xA4, 0xA3, 0x87,
    0xA0, 0xDB, 0x2E, 0xA9, 0x0F, 0xBB, 0x4C, 0x68, 0x4C, 0x1C, 0x36, 0xAA, 0xC1, 0xCA, 0x36, 0xBF,
    0xA5, 0x8B, 0x7C, 0x96, 0x34, 0x74, 0x40, 0xF9, 0x2C, 0xAC, 0xE9, 0x22, 0xBC, 0x87, 0xA2, 0x56,
    0x13, 0xC5, 0xBC, 0x0D, 0xF5, 0x4E, 0x4A, 0x02, 0x0C, 0x1A, 0x19, 0x1C, 0x35, 0x19, 0x25, 0x9F,
    0x59, 0x98, 0x59, 0x87, 0xF8, 0xEC, 0x28, 0xCC, 0x64, 0xDF, 0x85, 0xA5, 0x5B, 0x28, 0x2B, 0x6C,
    0x5E, 0xFF, 0x5D, 0x81, 0xD8, 0xC0, 0x4F, 0xEC, 0x1F, 0xD3, 0x87, 0xDE, 0x83, 0x0F, 0x44, 0x99,
    0x21, 0x63, 0x37, 0xD0, 0x03, 0x16, 0xF6, 0xDA, 0x0D, 0x6D, 0xAB, 0xEC, 0xA0, 0x32, 0x1A, 0x1E,
    0x7A, 0x0D, 0x48, 0x3D, 0xF4, 0x98, 0xBA, 0x47, 0x1B, 0x82, 0x8E, 0x88, 0xF2, 0x1A, 0x70, 0x44,
    0xD7, 0x58, 0x08, 0x5A, 0xF4, 0x3D, 0x0A, 0xB1, 0xBE, 0xB2, 0x3D, 0xF4, 0x84, 0x62, 0xF1, 0x2B,
    0xE7, 0x8A, 0x04, 0x51, 0xB9, 0xD3, 0x41, 0x1B, 0x0A, 0x41, 0x07, 0xE1, 0xB1, 0xE9, 0xEE, 0xC9,
    0xA5, 0x17, 0x90, 0x1C, 0x3C, 0xE1, 0xE8, 0x04, 0x47, 0x0F, 0xFF, 0xD5, 0x00, 0x9B, 0xD1, 0x5B,
    0x8A, 0x0D, 0xF4, 0x53, 0x48, 0xE8, 0x1D, 0x23, 0xBE, 0xDC, 0x52, 0x63, 0x66, 0x2C, 0x4C, 0x10,
    0xF5, 0xF4, 0xCC, 0x52, 0xB0, 0xBF, 0xBF, 0xC2, 0x0B, 0xBD, 0x5A, 0xF2, 0xB2, 0x14, 0x3E, 0x5E,
    0xE5, 0x35, 0x06, 0x35, 0xF4, 0xE3, 0x79, 0xCD, 0x25, 0xA0, 0x85, 0x57, 0x31, 0x96, 0x9D, 0xFF,
    0xF2, 0x4D, 0x0A, 0xE0, 0xB3, 0xEA, 0x61, 0xBD, 0x2E, 0x57, 0xF5, 0x1C, 0xB9, 0xE8, 0x54, 0xAE,
    0x53, 0x5E, 0x91, 0xED, 0x70, 0x98, 0x4E, 0x9E, 0xC1, 0x82, 0x8F, 0x83, 0xAC, 0xC2, 0xE7, 0x29,
    0xF8, 0xFC, 0x9D, 0x81, 0xB9, 0x22, 0x13, 0x76, 0x26, 0x32, 0xE5, 0x1D, 0x2F, 0x91, 0xC9, 0xB4,
    0xB2, 0xC7, 0x2D, 0xD0, 0xA7, 0x58, 0xFF, 0x9D, 0x45, 0x4F, 0x8A, 0xAE, 0xE7, 0xB6, 0xEB, 0xBF,
    0xAD, 0x25, 0x05, 0xF9, 0x1E, 0x36, 0x63, 0xAC, 0x9B, 0xF9, 0x1E, 0x83, 0x97, 0x76, 0x9D, 0x97,
    0xED, 0x80, 0x57, 0xCF, 0x2B, 0x1D, 0x16, 0x11, 0xD3, 0x3D, 0x19, 0x2E, 0x18, 0x10, 0xDD, 0x95,
    0x6F, 0x20, 0x1B, 0x24, 0xF5, 0xA9, 0x7C, 0xE1, 0xE0, 0xF8, 0x26, 0xCA, 0x4D, 0x61, 0x5B, 0xF5,
    0xE4, 0x43, 0x58, 0x17, 0x1E, 0x03, 0xDD, 0x40, 0x78, 0x52, 0x4F, 0x6E, 0x8B, 0xE9, 0x8C, 0x40,
    0x12, 0xFC, 0x1A, 0x16, 0x3D, 0xC9, 0x1E, 0x26, 0xA8, 0x1A, 0xF0, 0x46, 0x06, 0xC4, 0x9B, 0x41,
    0xE4, 0x31, 0x75, 0x71, 0x7F, 0xB6, 0x0B, 0xBC, 0xC4, 0xBC, 0xE0, 0x69, 0xE0, 0x07, 0xAE, 0xF1,
    0xB9, 0xDB, 0x0B, 0x33, 0x90, 0x0E, 0xE7, 0xF0, 0xFE, 0x11, 0x48, 0xD2, 0x46, 0xC8, 0x37, 0x47,
    0xC3, 0xFD, 0xD5, 0x90, 0x47, 0xC3, 0xCE, 0x8E, 0x3E, 0x5A, 0x83, 0x00, 0x07, 0x98, 0x48, 0x2A,
    0x60, 0xDE, 0xE5, 0x9B, 0x73, 0x11, 0x8A, 0xEB, 0x4F, 0xE8, 0x07, 0x5B, 0xE7, 0x26, 0xD4, 0xD0,
    0xEE, 0xD2, 0x8F, 0xF1, 0x73, 0xBE, 0x89, 0x70, 0xBE, 0x4E, 0x38, 0xF7, 0x84, 0x57, 0xBD, 0xBF,
    0x60, 0x9E, 0xEF, 0x1C, 0x68, 0xDA, 0xF4, 0xDE, 0x41, 0x6E, 0xA5, 0x5A, 0xD9, 0x17, 0x63, 0x45,
    0xF5, 0xA5, 0xF6, 0xF2, 0x65, 0xA8, 0x70, 0x76, 0xE5, 0x73, 0x65, 0x37, 0xBD, 0x57, 0x3E, 0xCF,
    0x67, 0xFE, 0x8C, 0x79, 0x21, 0x2F, 0xED, 0x90, 0x85, 0xEE, 0xCC, 0xF0, 0x2B, 0x17, 0x58, 0xA1,
    0x91, 0xA9, 0x34, 0x89, 0x14, 0xCA, 0xBA, 0x99, 0xB2, 0x77, 0x6E, 0x75, 0xE3, 0x0E, 0x2E, 0xF3,
    0x79, 0x87, 0x0F, 0xBA, 0x60, 0xDF, 0x28, 0x87, 0x14, 0x0E, 0x07, 0x43, 0x6A, 0xC9, 0x10, 0x5E,
    0xF0, 0xE4, 0x67, 0x06, 0xA7, 0x57, 0xF6, 0x55, 0x93, 0x31, 0x04, 0x18, 0x43, 0x86, 0x8C, 0x77,
    0x32, 0xD6, 0x19, 0xC7, 0x13, 0x56, 0x33, 0x0E, 0x67, 0x0C, 0xDC, 0x5D, 0x50, 0x20, 0x7B, 0x48,
    0x5A, 0xA2, 0x37, 0x3A, 0x6D, 0x06, 0x60, 0x18, 0xC3, 0x05, 0x53, 0x9F, 0x0B, 0x35, 0x49, 0x38,
    0x30, 0x2D, 0x03, 0xEB, 0xB4, 0x0B, 0x5C, 0xE6, 0x05, 0x4F, 0xF0, 0x85, 0x8E, 0x08, 0xDE, 0x2D,
    0x1E, 0x8A, 0x5C, 0x8B, 0x24, 0xFF, 0xEA, 0xFC, 0x96, 0x69, 0xC6, 0xEC, 0xBF, 0x3A, 0xAF, 0xE9,
    0x08, 0x01, 0x83, 0x50, 0x7D, 0xD7, 0x7C, 0x0B, 0xFB, 0x24, 0x3A, 0x9B, 0x6A, 0x5E, 0x91, 0xDF,
    0x0D, 0x55, 0x4C, 0xB4, 0xC9, 0x61, 0xD4, 0x19, 0xE1, 0xFC, 0x8A, 0xC1, 0xA8, 0x4F, 0x80, 0x00,
    0xEE, 0x99, 0xFF, 0xA3, 0x90, 0x9C, 0x9E, 0xC2, 0xEA, 0x19, 0x92, 0xE3, 0x98, 0xBE, 0x30, 0x8C,
    0x42, 0x89, 0x63, 0x30, 0xFD, 0x31, 0xFA, 0x55, 0xF4, 0x46, 0xD9, 0xBB, 0x36, 0x36, 0x03, 0xEF,
    0x43, 0x7D, 0xE4, 0xB3, 0x29, 0xFD, 0x5C, 0xBC, 0xA3, 0x20, 0x55, 0xFB, 0x08, 0x78, 0xCB, 0x17,
    0x4D, 0x94, 0x3D, 0xBF, 0xB5, 0x54, 0x96, 0xD4, 0xA2, 0x64, 0x8B, 0x5C, 0x41, 0xAF, 0xFB, 0xE3,
    0x02, 0xEE, 0xF1, 0xE6, 0xF9, 0x69, 0x91, 0x12, 0xBF, 0xA4, 0x0B, 0x17, 0x8A, 0x73, 0x13, 0x62,
    0x4D, 0x38, 0xBA, 0xB2, 0x9D, 0x62, 0xCF, 0x49, 0x8B, 0xAD, 0xCA, 0x76, 0xC5, 0x03, 0xF1, 0xF4,
    0x91, 0xD1, 0x12, 0x09, 0x17, 0x93, 0xFA, 0xE4, 0x2C, 0x89, 0xDA, 0x27, 0xED, 0xBB, 0x4D, 0x97,
    0xFA, 0x50, 0x30, 0xFA, 0x7C, 0xB0, 0xA1, 0x9F, 0xA6, 0x9C, 0x8F, 0x90, 0x63, 0x2C, 0x47, 0x0D,
    0x07, 0x20, 0xF5, 0x2D, 0x6A, 0x00, 0x59, 0xCD, 0x4C, 0xF1, 0x31, 0x14, 0x5E, 0x8C, 0x23, 0x54,
    0x9D, 0xBE, 0x25, 0x05, 0xCF, 0x51, 0x6F, 0x98, 0xAE, 0x08, 0x5D, 0x34, 0x8C, 0x2B, 0xCB, 0xF7,
    0x29, 0x20, 0x29, 0x92, 0x65, 0x83, 0xDE, 0xAF, 0x3D, 0x2D, 0x0A, 0x58, 0x23, 0xA0, 0x5F, 0x5B,
    0x54, 0xD7, 0xF7, 0xC0, 0x01, 0xAC, 0xB4, 0xBD, 0x5F, 0xD9, 0x14, 0x47, 0xC4, 0x6B, 0xDE, 0x06,
    0x4B, 0x67, 0x5B, 0xC3, 0xBF, 0x8E, 0x62, 0xF6, 0x14, 0xBF, 0x72, 0x82, 0xBF, 0x9A, 0x56, 0x5F,
    0x88, 0xAC, 0x9D, 0xD4, 0xCB, 0x2F, 0xC9, 0x39, 0xC3, 0x89, 0xA9, 0xD7, 0x90, 0xF7, 0xBE, 0x19,
    0x19, 0xE5, 0x4D, 0x38, 0x25, 0xF5, 0x0B, 0x69, 0x18, 0x48, 0xB5, 0xF3, 0x12, 0x4B, 0xC4, 0xB3,
    0xA4, 0x05, 0x4A, 0x35, 0xA7, 0x6B, 0x11, 0xCA, 0x4F, 0x58, 0x33, 0x32, 0xC1, 0xED, 0xA3, 0xDB,
    0x40, 0x75, 0x1E, 0x19, 0x8A, 0xF0, 0x0E, 0xAD, 0x79, 0x8B, 0xAA, 0x39, 0xF0, 0xD2, 0x16, 0x14,
    0x91, 0x54, 0x03, 0xA6, 0x54, 0xA6, 0x5D, 0xB1, 0x1C, 0xC6, 0x13, 0x65, 0x60, 0x18, 0xAC, 0x8A,
    0x73, 0x0D, 0x75, 0x99, 0x9A, 0x51, 0xD8, 0x52, 0xE8, 0xD3, 0x54, 0x08, 0x1F, 0xF8, 0x40, 0x64,
    0x5A, 0xD2, 0x5A, 0x0E, 0x9A, 0xA3, 0xDB, 0x8C, 0x72, 0xB7, 0xA3, 0x2D, 0xC3, 0x02, 0xF2, 0xE1,
    0xC2, 0x23, 0xC9, 0x6C, 0x7B, 0x59, 0xB4, 0x2D, 0xF1, 0xF7, 0x54, 0x0D, 0x87, 0x00, 0xF2, 0x7F,
    0xDF, 0xDF, 0x5D, 0xE0, 0x2B, 0x03, 0xB8, 0xE0, 0x7B, 0x79, 0xB6, 0xB6, 0x5E, 0x8A, 0xF9, 0xEA,
    0x59, 0x76, 0x82, 0xDC, 0x06, 0xCD, 0x7C, 0x13, 0xF2, 0x2E, 0x97, 0x6F, 0x50, 0x75, 0x5D, 0x2F,
    0x1F, 0x42, 0x55, 0xA9, 0x0B, 0xC9, 0xB5, 0x15, 0x5D, 0xDF, 0x74, 0xBA, 0x98, 0x3E, 0x7F, 0xF0,
    0x96, 0x14, 0x32, 0x3F, 0xDA, 0x70, 0x3E, 0x2D, 0xCF, 0xA6, 0xDC, 0x5E, 0xD9, 0x30, 0x2B, 0x59,
    0xEE, 0xDF, 0x85, 0xC2, 0x95, 0x03, 0x37, 0x8C, 0xDF, 0x88, 0xBE, 0xE2, 0x69, 0x93, 0x3B, 0x9E,
    0x28, 0x3E, 0x8D, 0x84, 0xA0, 0x99, 0x28, 0xDB, 0x69, 0x58, 0x7F, 0x22, 0x17, 0x31, 0x39, 0x11,
    0x89, 0x1E, 0x1F, 0x23, 0x66, 0x0A, 0x14, 0xDE, 0x8B, 0x78, 0xF8, 0xBF, 0x06, 0x13, 0x44, 0x86,
    0x50, 0x51, 0x9F, 0x31, 0x41, 0x1B, 0x9E, 0x06, 0x0C, 0xC6, 0x80, 0x88, 0x4A, 0x8F, 0xBD, 0x09,
    0xB2, 0xB3, 0x26, 0x78, 0x0E, 0x3E, 0x6E, 0x36, 0xD1, 0xBD, 0xB3, 0x26, 0xF8, 0x26, 0xE4, 0x18,
    0xA5, 0xB2, 0x7B, 0x59, 0xCE, 0x1B, 0xED, 0x35, 0x5D, 0x41, 0x9E, 0xAE, 0x8A, 0xBD, 0x5A, 0xEE,
    0x4B, 0xAD, 0xC2, 0xB8, 0x90, 0xC9, 0xE8, 0xD0, 0xC3, 0xC7, 0x5D, 0x48, 0xD4, 0x30, 0x6E, 0x19,
    0xDB, 0xF6, 0x52, 0xC3, 0x57, 0x99, 0x1B, 0x7E, 0x6A, 0xD8, 0x79, 0x26, 0x03, 0x67, 0xFE, 0x7C,
    0x8C, 0xF0, 0xC7, 0xB1, 0x5F, 0x04, 0xC6, 0x3B, 0xFD, 0xDA, 0xDB, 0xA6, 0x95, 0x4B, 0x1F, 0xD2,
    0xF7, 0xA8, 0xEC, 0xCA, 0x36, 0x56, 0x6B, 0x2F, 0x2E, 0x2A, 0x98, 0xFF, 0x0C, 0x39, 0xD0, 0x17,
    0x2A, 0x9B, 0xA9, 0x33, 0x3C, 0x9E, 0x76, 0x33, 0xEF, 0x95, 0xDA, 0xEE, 0x50, 0x59, 0x84, 0x7B,
    0x86, 0x5B, 0x81, 0xA6, 0x4B, 0x97, 0x48, 0x6F, 0x93, 0x46, 0xBD, 0x5B, 0x92, 0x9A, 0xCA, 0x99,
    0x85, 0xAC, 0x13, 0xF8, 0x5B, 0x46, 0xEE, 0x6F, 0x33, 0xAB, 0xB5, 0xD7, 0x57, 0x73, 0xEC, 0xDC,
    0xCC, 0x54, 0x7D, 0x46, 0xA7, 0x80, 0x00, 0x8E, 0xD9, 0xB5, 0xBB, 0xE5, 0x4A, 0xF2, 0x97, 0x7F,
    0x0B, 0x82, 0x66, 0x3B, 0xAC, 0x13, 0x00, 0x23, 0x13, 0xBF, 0x57, 0x44, 0x7F, 0x22, 0xF5, 0x4F,
    0x52, 0x30, 0xF0, 0xCC, 0x6B, 0xD0, 0x87, 0x3B, 0xEE, 0x67, 0x70, 0xD1, 0xFF, 0x01, 0xAD, 0x58,
    0xBF, 0x6F, 0xE4, 0xC6, 0x15, 0x7E, 0x24, 0x83, 0xA3, 0xBC, 0x8C, 0x6E, 0xAE, 0x34, 0x60, 0x9F,
    0xE8, 0x42, 0xC5, 0xC5, 0x96, 0x96, 0x29, 0x5C, 0x08, 0x08, 0x77, 0x49, 0x23, 0x7D, 0x9C, 0xC6,
    0x6D, 0x90, 0xD4, 0x29, 0xEC, 0x22, 0x08, 0x84, 0x60, 0xCF, 0xC7, 0x73, 0x80, 0xA4, 0x70, 0xA3,
    0x7F, 0xC0, 0xC8, 0x16, 0x29, 0x94, 0xBD, 0x42, 0x36, 0xA0, 0x62, 0x0D, 0xAF, 0xB4, 0x63, 0xB8,
    0xB8, 0xE2, 0x0A, 0x6F, 0x70, 0x7F, 0x80, 0x99, 0xBB, 0x14, 0x86, 0x11, 0xC0, 0x63, 0x8B, 0x07,
    0x2F, 0x74, 0xD4, 0x4E, 0xBE, 0x37, 0xE4, 0x4A, 0xA4, 0xC4, 0xBD, 0xD5, 0x3A, 0x21, 0x67, 0x76,
    0xC9, 0xE1, 0x9B, 0xEF, 0xBD, 0x37, 0x7C, 0xF3, 0x7E, 0x90, 0x06, 0x7D, 0x22, 0xAD, 0xE8, 0xFC,
    0xF0, 0x63, 0xA2, 0x48, 0x16, 0xFD, 0x4F, 0x29, 0xD1, 0x33, 0x3C, 0x53, 0x8A, 0xEC, 0x74, 0x48,
    0x8E, 0x0C, 0x4D, 0xF7, 0x92, 0x36, 0x09, 0xAD, 0xC9, 0xD7, 0x3A, 0x6E, 0xE3, 0x8E, 0x47, 0x7B,
    0xE4, 0x4C, 0x84, 0xA6, 0xD6, 0xA0, 0x84, 0xF1, 0xCE, 0x28, 0xD0, 0x71, 0xE8, 0x25, 0x78, 0x46,
    0xEF, 0xCA, 0x40, 0xCB, 0x23, 0x47, 0x2A, 0x57, 0x66, 0x42, 0x8E, 0xB5, 0x0C, 0x9E, 0x49, 0xFB,
    0x73, 0x80, 0x6B, 0x66, 0x54, 0xCE, 0x88, 0xCA, 0x3E, 0x4E, 0x88, 0x4E, 0xA4, 0xE9, 0xF6, 0x93,
    0x14, 0xD3, 0x15, 0x7A, 0x06, 0x36, 0x43, 0x12, 0x14, 0x82, 0x29, 0x23, 0xCF, 0x70, 0x25, 0xA8,
    0x47, 0x22, 0x1E, 0x92, 0x27, 0x37, 0x36, 0x48, 0xE4, 0x64, 0xF5, 0x4B, 0xC6, 0x91, 0xA6, 0x92,
    0xF1, 0xEF, 0xA5, 0x3F, 0x67, 0xAC, 0x84, 0x3C, 0x1E, 0xCB, 0x00, 0xA8, 0x0B, 0x35, 0x9C, 0x42,
    0x07, 0xE8, 0x21, 0x3B, 0x80, 0x8C, 0x8C, 0x86, 0xE8, 0x49, 0x80, 0xBB, 0x4E, 0xA1, 0x3B, 0x88,
    0x01, 0x0A, 0xC6, 0xE8, 0xB8, 0x76, 0x53, 0xC3, 0x0C, 0x5A, 0xCA, 0x4B, 0x5A, 0xAA, 0x42, 0xCB,
    0x7F, 0x49, 0x72, 0x63, 0x26, 0x17, 0xB8, 0x90, 0x64, 0x41, 0xBA, 0x84, 0x6F, 0x5F, 0x66, 0x41,
    0x2D, 0x9D, 0x08, 0x9D, 0x05, 0xD4, 0x0B, 0xE9, 0xCE, 0x21, 0x24, 0xA8, 0xB7, 0x21, 0x41, 0xBB,
    0xDB, 0x78, 0x0A, 0x1A, 0x5B, 0x27, 0xB4, 0x46, 0xD4, 0x21, 0x3A, 0x2C, 0xD7, 0xCA, 0xE5, 0x35,
    0x48, 0x7A, 0x4E, 0x92, 0x55, 0xA6, 0xE0, 0x1A, 0x23, 0x18, 0x87, 0x54, 0x4C, 0xFC, 0x3C, 0xB1,
    0xEF, 0x27, 0x75, 0x46, 0xAF, 0x0E, 0x17, 0x32, 0xBA, 0x0B, 0x1A, 0x50, 0x5A, 0x8A, 0xDC, 0x23,
    0x6A, 0xB5, 0xCE, 0xB9, 0xC4, 0x8D, 0x5C, 0xA0, 0xB5, 0x97, 0x1B, 0x51, 0x42, 0xD3, 0xE8, 0x5C,
    0x23, 0x15, 0xD0, 0xA8, 0xD7, 0xA4, 0xD1, 0x21, 0x33, 0xBA, 0x13, 0xD1, 0x08, 0x34, 0xAC, 0x51,
    0x31, 0x5A, 0x18, 0x4B, 0x0E, 0x46, 0xD4, 0x73, 0xE3, 0xCB, 0x8C, 0xDC, 0x18, 0xEF, 0xD2, 0x9B,
    0x92, 0xFD, 0x58, 0xD2, 0xF8, 0xEA, 0xBA, 0x2D, 0x57, 0x47, 0xF8, 0xE4, 0x40, 0xCE, 0xFE, 0xB5,
    0xD4, 0x11, 0xC2, 0x10, 0x1B, 0xA9, 0x60, 0x65, 0xA7, 0x5A, 0x2A, 0x07, 0x86, 0x91, 0x29, 0xDA,
    0x55, 0x14, 0xD6, 0xDB, 0x2E, 0x8F, 0x3B, 0x0A, 0x34, 0xA0, 0x24, 0xFA, 0x5E, 0x96, 0x46, 0x0B,
    0xDB, 0x3A, 0x81, 0xC4, 0x0A, 0x76, 0xA1, 0x80, 0x0C, 0x2A, 0x5B, 0x51, 0xF5, 0xE4, 0x7B, 0x1E,
    0xE7, 0xE7, 0x4C, 0x27, 0xF4, 0x84, 0xC4, 0x01, 0x98, 0xC3, 0xF8, 0x05, 0xEC, 0x59, 0x90, 0x9B,
    0x40, 0x0E, 0xC9, 0x5D, 0xE7, 0x8E, 0x3C, 0xD8, 0x2F, 0xAE, 0x8B, 0x71, 0x7E, 0x1E, 0x15, 0xF4,
    0x98, 0xC7, 0xB2, 0xEA, 0x9C, 0xDE, 0x61, 0x85, 0x80, 0x05, 0x48, 0x20, 0x83, 0x81, 0xA2, 0xB2,
    0xE1, 0x1A, 0x23, 0x18, 0xC7, 0x53, 0x6C, 0x4D, 0x6C, 0xD0, 0xE2, 0xD0, 0x3A, 0x3D, 0x1D, 0xEC,
    0x5D, 0x5A, 0x3A, 0xD8, 0xFB, 0xE9, 0xA0, 0x36, 0x02, 0x1A, 0x50, 0x56, 0xB7, 0xF5, 0xDC, 0xF0,
    0xA4, 0xB2, 0xD2, 0xD3, 0x07, 0x4A, 0x6B, 0x55, 0xAE, 0xA1, 0x1D, 0xC3, 0xF8, 0xDD, 0x19, 0xDD,
    0x86, 0x8C, 0x67, 0xE4, 0x64, 0x8B, 0xB9, 0xCC, 0xE8, 0xF4, 0x1F, 0x4D, 0x5C, 0x04, 0x83, 0xD3,
    0xDF, 0x2F, 0xB8, 0xEC, 0x3A, 0x13, 0x65, 0x31, 0x8B, 0x67, 0xEF, 0xFC, 0xBA, 0x6A, 0xDE, 0xE0,
    0x52, 0x35, 0x9E, 0x95, 0xB8, 0x54, 0x27, 0x02, 0xC7, 0xE8, 0x32, 0xC1, 0x42, 0x9D, 0x0E, 0x1A,
    0x74, 0x59, 0x0D, 0x59, 0xC4, 0xBC, 0x11, 0xE0, 0x54, 0x7C, 0x39, 0xB7, 0x34, 0x99, 0x59, 0x29,
    0xC0, 0x81, 0x7C, 0x3A, 0xE8, 0x17, 0xC6, 0xD9, 0x75, 0xE1, 0x92, 0x62, 0x7B, 0xCA, 0x0E, 0xC3,
    0xF9, 0x37, 0x59, 0x39, 0xF9, 0x3E, 0xB9, 0x70, 0x5E, 0x6A, 0xF5, 0x15, 0x7B, 0xFB, 0x92, 0x6D,
    0xBF, 0x70, 0xC5, 0x1A, 0x1C, 0xC2, 0xA8, 0xE6, 0x79, 0x5A, 0x03, 0x85, 0x9D, 0x49, 0xE2, 0x90,
    0x44, 0x8F, 0xFC, 0x88, 0xEE, 0xC1, 0xF9, 0xD9, 0xFA, 0xAF, 0x16, 0x5C, 0xEF, 0x11, 0xBD, 0x64,
    0x1C, 0xC2, 0x52, 0x1B, 0x03, 0xCC, 0x4F, 0xAC, 0xB4, 0xEB, 0x4E, 0x7C, 0x78, 0x92, 0x7D, 0xB3,
    0x6D, 0xB1, 0xD3, 0x7F, 0x46, 0xAB, 0x32, 0xBD, 0x09, 0x2B, 0x9A, 0x11, 0x56, 0x69, 0x21, 0x53,
    0xCB, 0x30, 0x3D, 0x68, 0x60, 0xDA, 0xE4, 0x94, 0xAE, 0xCB, 0xB7, 0xE6, 0x94, 0xAE, 0xA1, 0xEC,
    0x5A, 0x85, 0xEF, 0x6A, 0x8C, 0x70, 0xB4, 0x4D, 0x24, 0xF1, 0x89, 0x8E, 0x89, 0x36, 0x89, 0xB6,
    0xCD, 0x45, 0xF1, 0xDA, 0x36, 0x7F, 0xCC, 0x6A, 0xC3, 0xBC, 0x9C, 0x6F, 0xE9, 0xC6, 0x8D, 0xD8,
    0xF8, 0x85, 0xF0, 0x6A, 0xD3, 0x3A, 0x47, 0xBB, 0x3A, 0xEE, 0x4E, 0xC8, 0xCF, 0xE8, 0xCE, 0x1D,
    0x66, 0xEA, 0xC8, 0x4A, 0x7B, 0x94, 0x39, 0xFA, 0xCC, 0x51, 0x01, 0xBC, 0x4F, 0x63, 0x9B, 0xFB,
    0xA9, 0x83, 0xC1, 0x83, 0x54, 0xC3, 0xEC, 0xE6, 0xF7, 0xA6, 0x6B, 0x2D, 0xC5, 0xE0, 0x81, 0xAC,
    0x8D, 0xD5, 0x3A, 0x1D, 0xEC, 0xB3, 0xF7, 0xE2, 0xF0, 0x18, 0x61, 0xE9, 0x52, 0x71, 0x1F, 0x00,
    0xCD, 0xAD, 0xB5, 0x16, 0xCD, 0x3E, 0x81, 0x35, 0x44, 0xF9, 0x1B, 0x5F, 0x3B, 0xB2, 0xE9, 0x7C,
    0xE3, 0xEB, 0x28, 0x17, 0x1F, 0x46, 0x7A, 0x13, 0x5A, 0x78, 0xEA, 0x46, 0xDD, 0xE7, 0x9A, 0x73,
    0xD0, 0x2F, 0xD2, 0x1C, 0xAD, 0x0E, 0xFA, 0x82, 0x9A, 0xCE, 0x03, 0x50, 0x68, 0x35, 0xE8, 0x17,
    0xD9, 0x48, 0xD0, 0x40, 0xB1, 0x13, 0x06, 0x53, 0x2F, 0x5D, 0x26, 0xC7, 0xE1, 0x6E, 0xA4, 0x5A,
    0xD8, 0x68, 0x81, 0x7C, 0xA5, 0x81, 0xE2, 0xC5, 0xFC, 0x6F, 0xC2, 0x70, 0xA3, 0xD8, 0x8F, 0xB7,
    0x23, 0x98, 0x47, 0x3E, 0xFA, 0xE9, 0xFC, 0xF8, 0x83, 0xCA, 0x47, 0xC2, 0x64, 0x1E, 0xCB, 0x34,
    0x18, 0xBF, 0x2B, 0xE6, 0x07, 0x1B, 0xDE, 0x41, 0x9F, 0xE3, 0xDA, 0x92, 0x6E, 0xE3, 0x5D, 0x22,
    0x7F, 0x13, 0xB6, 0x6A, 0x03, 0x22, 0xD7, 0x2A, 0x4A, 0xBD, 0x0F, 0x52, 0xF1, 0x85, 0xF2, 0xDE,
    0x4A, 0xCD, 0x62, 0x20, 0xAA, 0x2F, 0x7C, 0x39, 0xA2, 0xB0, 0x75, 0x78, 0xB0, 0x20, 0xA5, 0x28,
    0xE1, 0x4C, 0xA7, 0xD9, 0x9C, 0x2E, 0xB7, 0x8F, 0x11, 0x46, 0x1C, 0x39, 0x15, 0xC9, 0x3D, 0xE4,
    0x92, 0x53, 0x72, 0x27, 0x1B, 0xD9, 0xE6, 0xCB, 0x3C, 0xA7, 0xF9, 0x74, 0xE5, 0x38, 0x99, 0x81,
    0x51, 0xCE, 0x51, 0xD9, 0x93, 0x2C, 0xD2, 0x88, 0xBE, 0x53, 0xF4, 0x03, 0x82, 0x60, 0x46, 0xB3,
    0x11, 0x4D, 0x21, 0xA7, 0x48, 0x94, 0x3B, 0x51, 0xBC, 0x61, 0x60, 0xE8, 0x1D, 0x16, 0xE1, 0xB7,
    0x44, 0xBB, 0xC6, 0x1D, 0x8C, 0x4C, 0x58, 0x4A, 0xEA, 0x19, 0x83, 0x88, 0x55, 0x07, 0xBB, 0x8A,
    0x4E, 0x26, 0xEC, 0xA9, 0x90, 0x8F, 0x9E, 0xC2, 0x54, 0xA6, 0xC4, 0x83, 0xD0, 0x0B, 0xAA, 0xC0,
    0x83, 0x24, 0x64, 0xA5, 0x4C, 0x8D, 0xC8, 0x2D, 0x26, 0x64, 0x93, 0x59, 0x8D, 0x1E, 0x6F, 0xC7,
    0x8B, 0x59, 0x29, 0x83, 0xA8, 0xB0, 0x58, 0xA8, 0x78, 0xBD, 0x92, 0xAD, 0xA9, 0xEB, 0x35, 0x38,
    0x74, 0xB4, 0xF5, 0x0E, 0x50, 0xAA, 0xC7, 0xD9, 0xF1, 0x4A, 0xF3, 0xAF, 0x2A, 0x0C, 0xE9, 0xC3,
    0xEA, 0x11, 0x05, 0xB4, 0x26, 0x84, 0xDF, 0xDD, 0x54, 0x5B, 0x46, 0xDE, 0x1D, 0x52, 0x3F, 0x5F,
    0x8E, 0x7B, 0x12, 0x9F, 0xC4, 0x3F, 0xD0, 0xE9, 0xD5, 0x5D, 0x45, 0x39, 0xD8, 0x34, 0xCF, 0x6D,
    0x93, 0xC2, 0x0B, 0xD9, 0xBE, 0x0C, 0x75, 0x09, 0x40, 0x7D, 0xA7, 0x54, 0x39, 0x76, 0x46, 0xEF,
    0x1B, 0x6F, 0x70, 0xDE, 0x6E, 0x92, 0xB8, 0x4B, 0x42, 0x71, 0xC6, 0x8E, 0xCC, 0xE5, 0xAB, 0xEA,
    0x23, 0x3D, 0xE3, 0x76, 0x61, 0xFA, 0xB1, 0x90, 0x7E, 0x1C, 0xC1, 0x9B, 0x96, 0xF7, 0x12, 0x39,
    0xB9, 0x6B, 0x48, 0x4D, 0x20, 0xC8, 0x29, 0x44, 0xC9, 0x80, 0xBA, 0xE0, 0x79, 0x12, 0x9E, 0xC8,
    0xF0, 0xFB, 0x34, 0x54, 0x2A, 0x54, 0xC3, 0x50, 0x85, 0xA1, 0x6A, 0x87, 0x4A, 0x84, 0xCA, 0x1B,
    0x29, 0x27, 0x57, 0x76, 0xCE, 0x1A, 0xAD, 0x99, 0x59, 0x88, 0xD6, 0x7B, 0x3C, 0xF7, 0xC9, 0x19,
    0x24, 0x8F, 0x73, 0x8F, 0x8D, 0xB5, 0xB1, 0x5D, 0x17, 0xDC, 0x32, 0xE0, 0x4D, 0x6F, 0x68, 0x29,
    0x8B, 0xD2, 0x0C, 0x55, 0x69, 0x86, 0x9E, 0x31, 0x43, 0xE7, 0xA1, 0xE4, 0x75, 0xE9, 0xAD, 0xAC,
    0xA0, 0x1F, 0x90, 0x33, 0xBD, 0xAE, 0x76, 0xB5, 0x77, 0xFA, 0x74, 0xCA, 0xE9, 0xC8, 0xD4, 0x5F,
    0xE4, 0x0A, 0x56, 0x5B, 0xE7, 0x22, 0x4E, 0xDB, 0x39, 0xA4, 0x59, 0xBE, 0x02, 0x45, 0x0B, 0x24,
    0xDC, 0x23, 0x5D, 0x2A, 0x5A, 0x2D, 0xE4, 0xC2, 0x9E, 0x9E, 0xC2, 0x65, 0x77, 0x4D, 0x5D, 0x88,
    0x9A, 0x30, 0x51, 0x65, 0xE5, 0x58, 0xED, 0x43, 0x53, 0xAC, 0x0A, 0x43, 0xC7, 0xF4, 0x3C, 0xAF,
    0x31, 0xBB, 0xCD, 0xEC, 0xB4, 0x12, 0x71, 0x53, 0x8C, 0x70, 0x16, 0x75, 0x46, 0xF6, 0x3F, 0xCB,
    0xA2, 0xF5, 0xF5, 0xFF, 0x03, 0x63, 0x93, 0xF0, 0x5A, 0xFD, 0x6B, 0x31, 0xA6, 0xB5, 0x5B, 0x48,
    0x18, 0x60, 0x34, 0x3D, 0x68, 0xFD, 0xBB, 0xE4, 0x7F, 0x66, 0x4E, 0xB7, 0x62, 0xD4, 0x2B, 0xCE,
    0x97, 0xD7, 0x55, 0xDC, 0xD2, 0x8F, 0xB5, 0xF6, 0xB4, 0xFE, 0x66, 0x10, 0x70, 0x8A, 0x1B, 0x72,
    0x45, 0xCB, 0x95, 0x37, 0x8C, 0xC2, 0xE5, 0x1F, 0xE7, 0x1B, 0xE4, 0xB7, 0x0E, 0x67, 0xD0, 0x4E,
    0x39, 0x66, 0x9E, 0x1A, 0x3A, 0x33, 0xC3, 0xCC, 0x35, 0x28, 0xEE, 0x99, 0x49, 0xBC, 0xFF, 0xC6,
    0xFC, 0x72, 0x7B, 0x92, 0x59, 0xEC, 0xF1, 0x68, 0x36, 0xC0, 0x8F, 0x49, 0xC1, 0x39, 0x03, 0xB2,
    0x4C, 0xEA, 0x9A, 0xDB, 0x09, 0xD3, 0x49, 0x33, 0x83, 0xB6, 0x8C, 0xA5, 0x17, 0x21, 0x1C, 0x19,
    0xF1, 0x58, 0xAA, 0x4A, 0x5A, 0x84, 0x6B, 0x8C, 0x60, 0x5C, 0xE5, 0xA4, 0xBA, 0xA4, 0x60, 0xA0,
    0x6C, 0x4A, 0x29, 0xD2, 0x61, 0x8A, 0x1D, 0xE9, 0xC5, 0x2F, 0xB1, 0xA9, 0xA7, 0x7A, 0x92, 0x23,
    0xBD, 0xAA, 0x7B, 0xA0, 0x05, 0x60, 0x13, 0x98, 0xA3, 0x3A, 0x32, 0x2E, 0xCC, 0x4F, 0x4A, 0x30,
    0xCA, 0x1A, 0x77, 0xEF, 0xCE, 0x30, 0xCA, 0x22, 0x38, 0xFC, 0xB0, 0x76, 0x72, 0xB9, 0xBA, 0x61,
    0x96, 0xFD, 0x8C, 0x5E, 0x23, 0xBF, 0x4D, 0xEE, 0x94, 0xB7, 0xEE, 0xAA, 0xE2, 0xF7, 0x86, 0x22,
    0xB5, 0x91, 0xD2, 0x2D, 0x60, 0x62, 0xC5, 0xBC, 0xE2, 0xA8, 0x3D, 0x4C, 0x6D, 0x6C, 0x73, 0x0E,
    0x3A, 0xED, 0x72, 0x6D, 0x6C, 0x8A, 0x91, 0x18, 0x69, 0x74, 0x6C, 0x23, 0x3A, 0xDE, 0x80, 0x09,
    0x05, 0x70, 0x87, 0x5B, 0x24, 0xBA, 0xD4, 0x05, 0x0D, 0x1B, 0xC1, 0x9A, 0x49, 0x3A, 0x0F, 0x6B,
    0x45, 0x78, 0xE8, 0xF2, 0xC4, 0x60, 0x8F, 0x5C, 0x78, 0x96, 0x57, 0x78, 0xCB, 0x85, 0xB0, 0x81,
    0x6F, 0x8D, 0x0D, 0x76, 0x51, 0x42, 0x48, 0xFB, 0xFE, 0xDE, 0xCA, 0x8C, 0x14, 0x57, 0x38, 0xC5,
    0x37, 0x85, 0x92, 0x4B, 0xAB, 0xC2, 0xC5, 0x9F, 0x73, 0x29, 0xB6, 0x58, 0x89, 0x1C, 0x56, 0x90,
    0xC9, 0x20, 0xE7, 0x75, 0xE4, 0xDC, 0x06, 0x72, 0xD7, 0x54, 0x5C, 0xF7, 0xD0, 0x9A, 0xE4, 0xAF,
    0x20, 0xF3, 0x37, 0x91, 0x94, 0x5D, 0x0D, 0xB7, 0x8C, 0x9C, 0xA7, 0x29, 0x8D, 0x7F, 0xCC, 0xA2,
    0x89, 0xDF, 0x18, 0xD7, 0xD9, 0x5F, 0xA6, 0xCB, 0x98, 0x75, 0x41, 0xB6, 0x3D, 0x38, 0xDE, 0x2F,
    0xAB, 0x91, 0xA5, 0x6D, 0x87, 0xF8, 0x1B, 0x07, 0xDA, 0x11, 0xB5, 0x4C, 0x10, 0x6B, 0xC8, 0xF3,
    0x52, 0x4F, 0x39, 0xE4, 0xA5, 0x42, 0x79, 0x13, 0xF7, 0x61, 0x62, 0xCD, 0xBD, 0xFF, 0x6A, 0x8C,
    0x5E, 0xA5, 0xAD, 0xD6, 0x8E, 0x78, 0x73, 0x11, 0x83, 0x46, 0x30, 0xA1, 0x65, 0xEB, 0x38, 0xB9,
    0x0A, 0x56, 0x97, 0xB4, 0x02, 0xC8, 0x92, 0x3E, 0x91, 0x9E, 0x4E, 0x8A, 0xD2, 0xB1, 0xB1, 0x20,
    0xA9, 0xB6, 0x8C, 0x7A, 0x3D, 0xCA, 0x02, 0x9D, 0xBA, 0x3A, 0x0E, 0xF2, 0xC8, 0x94, 0x7E, 0x4A,
    0xD4, 0xCF, 0x2C, 0x18, 0xEB, 0xE0, 0x91, 0x3D, 0x48, 0x1C, 0xF6, 0xC1, 0x2B, 0xC3, 0x46, 0xF9,
    0xEB, 0xFB, 0x0B, 0x61, 0x1F, 0xBA, 0x1F, 0xC6, 0x0E, 0xD6, 0x73, 0x7F, 0x65, 0xD8, 0x30, 0x14,
    0xCA, 0x4E, 0x16, 0x49, 0x8B, 0x30, 0x07, 0x58, 0xC7, 0xE1, 0xDF, 0x22, 0xFA, 0xAF, 0x04, 0x6E,
    0x27, 0x5E, 0xBA, 0xFE, 0xDE, 0xFA, 0x7B, 0x5E, 0xFA, 0x02, 0x16, 0xAF, 0xC5, 0xF4, 0x69, 0x0A,
    0x7F, 0x6E, 0xFD, 0x65, 0x65, 0x7C, 0x7A, 0xCB, 0xF9, 0x52, 0xEC, 0x2C, 0x5E, 0xEC, 0x6B, 0x83,
    0x29, 0x17, 0x99, 0xF0, 0xAE, 0x71, 0xD0, 0xD8, 0x36, 0x77, 0x09, 0x49, 0xFA, 0xC5, 0xE9, 0x2A,
    0x2F, 0x13, 0x80, 0x7B, 0x4A, 0xB7, 0xB9, 0xBE, 0x41, 0x9A, 0x66, 0x3C, 0xA1, 0x37, 0xC2, 0x4F,
    0x61, 0x1F, 0x38, 0xA6, 0x36, 0xC2, 0xFC, 0xC8, 0xC9, 0x5C, 0xD9, 0x73, 0xA6, 0x1E, 0x76, 0xD1,
    0x50, 0x24, 0x1D, 0xB7, 0x27, 0xE2, 0xB6, 0x17, 0x0A, 0xF2, 0xC5, 0x36, 0x92, 0x3B, 0xB1, 0xD1,
    0x26, 0xF1, 0x2B, 0xD1, 0x21, 0xEF, 0x23, 0x11, 0x92, 0xFB, 0x1F, 0xAF, 0x47, 0x4E, 0xEE, 0xA2,
    0xF0, 0x9D, 0x62, 0x57, 0xE2, 0x87, 0xB3, 0x23, 0xFC, 0x70, 0x55, 0x4D, 0x9F, 0x21, 0xCC, 0xED,
    0xF5, 0x0B, 0x33, 0xF1, 0xED, 0xF4, 0x30, 0xB0, 0x27, 0xBB, 0xD1, 0x2F, 0x65, 0xF8, 0x8B, 0x3F,
    0xCB, 0xF0, 0x8F, 0x0F, 0x93, 0xED, 0x4F, 0x1E, 0xD1, 0x86, 0xFA, 0x0A, 0x96, 0x3A, 0x43, 0x5A,
    0x7F, 0x84, 0x70, 0xD5, 0x33, 0x5F, 0x79, 0xCD, 0xDC, 0x7B, 0x98, 0xDB, 0x2F, 0xE6, 0x22, 0x68,
    0x26, 0x26, 0xAD, 0x4C, 0xDA, 0xE6, 0x39, 0x7F, 0x27, 0x66, 0xA7, 0x6D, 0xF0, 0xF9, 0x1B, 0x72,
    0x10, 0x97, 0x9F, 0x84, 0xAF, 0x76, 0x44, 0x1F, 0xFE, 0x78, 0xC2, 0xC1, 0x87, 0x0E, 0x1D, 0xB9,
    0x8B, 0xF9, 0x5E, 0xB2, 0x25, 0x68, 0x03, 0x70, 0x88, 0x0D, 0xD0, 0xA0, 0xC7, 0xEE, 0x84, 0xC3,
    0x88, 0x32, 0xFE, 0x69, 0xC2, 0x88, 0x11, 0x9D, 0x47, 0xEF, 0xF9, 0x31, 0x82, 0x8B, 0xEF, 0xC0,
    0x19, 0xF9, 0xBC, 0x15, 0x63, 0xD4, 0x4A, 0x9F, 0xE3, 0xF9, 0xE3, 0x09, 0x59, 0xCF, 0x21, 0x00,
    0x7F, 0xD5, 0x7B, 0xBF, 0xF8, 0xEA, 0xD1, 0xD8, 0xD7, 0xCD, 0xDF, 0xC7, 0x85, 0xA3, 0x50, 0x83,
    0x07, 0x8A, 0xBF, 0x64, 0x23, 0x3A, 0x0B, 0x53, 0xA5, 0x8C, 0xF8, 0x9D, 0x39, 0x93, 0x8B, 0x01,
    0xE4, 0xBD, 0xB3, 0xC1, 0x3E, 0xBC, 0x00, 0xDD, 0xC2, 0x0B, 0x55, 0x08, 0x70, 0x98, 0x36, 0x18,
    0xE3, 0xD1, 0xD0, 0xC2, 0x1B, 0xC2, 0xFB, 0x80, 0xD3, 0x99, 0x0D, 0xB4, 0xAE, 0x7F, 0x85, 0xAB,
    0x00, 0xFB, 0x25, 0xB0, 0x55, 0x07, 0x1E, 0xCD, 0x81, 0xB9, 0x9A, 0x2B, 0x26, 0x35, 0xC1, 0xD6,
    0x3E, 0xC3, 0xAE, 0x22, 0x6F, 0x27, 0xF4, 0x5E, 0x20, 0xAD, 0xDD, 0x87, 0x51, 0x17, 0xDE, 0x8A,
    0x0E, 0x1A, 0x6A, 0xE7, 0xFF, 0x02, 0xB5, 0x56, 0xBF, 0x6F, 0xE4, 0x44, 0x18, 0x7D, 0xB6, 0x51,
    0x7C, 0xC4, 0xC5, 0x34, 0x14, 0x14, 0xA7, 0x5B, 0x0A, 0x8A, 0x08, 0xDD, 0xAD, 0x9B, 0x94, 0xDE,
    0xB5, 0xFF, 0x85, 0x2B, 0xA8, 0xF9, 0x03, 0x28, 0x68, 0x53, 0xF8, 0x14, 0x4B, 0x14, 0x14, 0x14,
    0xA4, 0xA3, 0xBD, 0x02, 0x89, 0xD3, 0x52, 0xA4, 0x49, 0xB1, 0xD2, 0x85, 0xEC, 0x48, 0x94, 0x69,
    0x56, 0x20, 0x44, 0x6B, 0x4E, 0x54, 0xA1, 0xF9, 0x20, 0x96, 0x58, 0x81, 0x77, 0x3F, 0xDE, 0x37,
    0xDE, 0x24, 0x5C, 0x0E, 0xEE, 0x00, 0xC1, 0x7A, 0xE6, 0xAD, 0x77, 0xEC, 0x79, 0xF3, 0xCD, 0xF7,
    0xE3, 0xCD, 0x02, 0x10, 0x20, 0x92, 0x48, 0xB5, 0xCD, 0x74, 0x53, 0xE5, 0x98, 0xA2, 0x80, 0xC3,
    0x1C, 0x59, 0x23, 0x48, 0xFC, 0xED, 0x6E, 0xE3, 0xF6, 0xDC, 0xDE, 0xCB, 0x74, 0x85, 0x48, 0x97,
    0x00, 0x7F, 0x23, 0x4F, 0x75, 0x9D, 0x6B, 0x5B, 0x27, 0xBE, 0x8B, 0x5B, 0x81, 0x0C, 0x8D, 0xF7,
    0x1C, 0xC9, 0xB5, 0x49, 0xD7, 0x7C, 0x6D, 0x58, 0x4A, 0x50, 0x2E, 0x05, 0xD3, 0x4A, 0xB8, 0xD0,
    0xAB, 0x7A, 0x87, 0x9A, 0x57, 0x07, 0x32, 0x23, 0xD5, 0x8A, 0x14, 0x7B, 0xE0, 0x30, 0x4E, 0xC5,
    0xAD, 0xC4, 0x1D, 0x89, 0xC3, 0xAD, 0xD6, 0xE5, 0x58, 0x28, 0xF2, 0x73, 0x84, 0xE5, 0xC4, 0xB0,
    0xF4, 0x18, 0x4C, 0x0C, 0x1F, 0x5D, 0xC3, 0xA9, 0xFE, 0xAA, 0x7E, 0x77, 0xB6, 0x90, 0x84, 0x2F,
    0x4C, 0x85, 0xFC, 0xE8, 0x05, 0x07, 0x88, 0xC5, 0xD6, 0x4C, 0x96, 0x86, 0xCE, 0x1B, 0x96, 0xC1,
    0x8A, 0x47, 0x01, 0x7B, 0xE2, 0x01, 0x67, 0xF0, 0xFD, 0x6C, 0x09, 0xCE, 0x1D, 0x35, 0x20, 0x4F,
    0x79, 0x31, 0x23, 0x67, 0xA9, 0x4A, 0xCC, 0x8E, 0x6D, 0x24, 0x5A, 0x21, 0x30, 0x23, 0x30, 0xDB,
    0xAC, 0x52, 0x8D, 0xED, 0x9D, 0xE3, 0xC0, 0xE9, 0xC2, 0xCE, 0xC7, 0x81, 0xB3, 0xDE, 0xEE, 0xD4,
    0x98, 0x97, 0x81, 0xB9, 0x09, 0xCC, 0x08, 0xCC, 0xB3, 0x26, 0x30, 0xD3, 0x7E, 0x99, 0xD6, 0x84,
    0x4C, 0x8C, 0xAD, 0x0A, 0x7E, 0xCC, 0x56, 0xA2, 0x5A, 0xAA, 0xCC, 0x16, 0x35, 0xD7, 0x9A, 0x74,
    0xB1, 0x60, 0x4E, 0x1E, 0x73, 0xAF, 0x58, 0xA8, 0xC4, 0x55, 0x1C, 0x1B, 0x83, 0x4F, 0x6B, 0x72,
    0xC8, 0x66, 0x16, 0x66, 0x98, 0x59, 0xC5, 0x3F, 0x84, 0x1D, 0x03, 0x87, 0x9A, 0xD0, 0xAC, 0x54,
    0xBF, 0x53, 0xF2, 0x7C, 0xAF, 0x4C, 0x0F, 0x0B, 0x74, 0xC2, 0x05, 0xE3, 0xE5, 0xB0, 0xDB, 0x17,
    0xD3, 0xE5, 0x76, 0x57, 0xFD, 0x26, 0x74, 0xF0, 0x7E, 0xE8, 0xC7, 0x0D, 0x63, 0x02, 0x19, 0x4B,
    0x29, 0x0F, 0x68, 0x75, 0x71, 0xFB, 0xEA, 0x8B, 0x47, 0x05, 0x5D, 0x54, 0xEC, 0xF4, 0x99, 0xF4,
    0x16, 0x7A, 0xD9, 0x04, 0xD4, 0x80, 0xBF, 0x35, 0x86, 0x97, 0xDE, 0xF0, 0xE7, 0xD6, 0x50, 0x24,
    0xE0, 0x3C, 0x60, 0x11, 0x70, 0x1C, 0xD0, 0x15, 0xF7, 0x89, 0xD9, 0xE9, 0x84, 0x98, 0xF4, 0x79,
    0xD2, 0x4A, 0xDC, 0x3B, 0x8B, 0x4B, 0x9F, 0x6C, 0x18, 0xDB, 0x22, 0x6B, 0x48, 0xEC, 0x3C, 0x79,
    0xD3, 0x46, 0x8D, 0xF6, 0x17, 0x5F, 0x24, 0xFE, 0xB2, 0x25, 0xFC, 0x24, 0x04, 0x59, 0x19, 0xD4,
    0x06, 0x53, 0x03, 0x17, 0xE0, 0x94, 0x90, 0xF4, 0x84, 0xD8, 0x80, 0x5C, 0x96, 0x6C, 0x01, 0x52,
    0x42, 0xB4, 0xE0, 0xEE, 0xE2, 0x0D, 0x7F, 0xC5, 0x2D, 0x87, 0x2D, 0xFD, 0x5B, 0x4B, 0xC2, 0x67,
    0x6B, 0x6E, 0x40, 0x2B, 0xE9, 0x33, 0x2F, 0x16, 0xAD, 0x97, 0xF5, 0xAB, 0xB2, 0x61, 0x89, 0x71,
    0x6E, 0xD9, 0xC4, 0xCF, 0xF8, 0x65, 0xBC, 0xE3, 0x6D, 0x46, 0x97, 0xDB, 0x6E, 0x63, 0x97, 0x3E,
    0x74, 0x7B, 0x67, 0x70, 0x78, 0xC7, 0x7A, 0x9D, 0x33, 0x78, 0x05, 0x46, 0xCC, 0xA5, 0x5C, 0x37,
    0xA1, 0xBA, 0x6B, 0x26, 0x21, 0x2B, 0xD9, 0x8F, 0xC6, 0x48, 0x57, 0xC0, 0x91, 0xD1, 0x64, 0x96,
    0x6A, 0xE6, 0x06, 0x33, 0xFF, 0x7D, 0x3F, 0x52, 0xFF, 0x25, 0x29, 0x52, 0xEE, 0xD1, 0x9F, 0x2D,
    0x7C, 0x7E, 0xE9, 0xD3, 0x4F, 0xAA, 0x88, 0x55, 0xFC, 0xD6, 0x50, 0xC8, 0xC5, 0xCB, 0x1B, 0x0B,
    0x97, 0x75, 0xCB, 0xB2, 0x65, 0xD5, 0x4E, 0x0E, 0xB2, 0x36, 0xB2, 0xAC, 0x75, 0xCF, 0x5F, 0x5D,
    0xBE, 0xD0, 0xFC, 0x3C, 0x66, 0x36, 0x2C, 0x80, 0x37, 0x8D, 0x36, 0xD2, 0xC6, 0x29, 0x4B, 0xF8,
    0xB4, 0xC0, 0xDE, 0x49, 0xD8, 0xB7, 0xB5, 0xDD, 0x99, 0x38, 0x26, 0xAE, 0x3B, 0x81, 0xAB, 0x31,
    0x2A, 0x71, 0xC8, 0x02, 0x8E, 0xF5, 0x23, 0x37, 0x42, 0xD2, 0x03, 0x8F, 0x83, 0xF1, 0x2B, 0x61,
    0x8E, 0x33, 0xD7, 0xBB, 0x58, 0x6E, 0xC4, 0x27, 0xB2, 0x91, 0xF2, 0x58, 0xF8, 0x94, 0x34, 0xAF,
    0x45, 0xED, 0x34, 0x5D, 0x8E, 0xB4, 0x89, 0x9E, 0x04, 0xD9, 0x32, 0xF9, 0xFA, 0x9B, 0x72, 0x47,
    0x59, 0x2C, 0x29, 0x1B, 0x3D, 0xE7, 0xD1, 0xF9, 0xF7, 0x10, 0x34, 0x88, 0xB1, 0x00, 0xA8, 0x01,
    0xA9, 0xF9, 0xB5, 0xB9, 0x25, 0x7C, 0x2C, 0xC4, 0xD3, 0x64, 0x59, 0xBE, 0xE7, 0x9D, 0x22, 0xEA,
    0xCC, 0xA5, 0xC9, 0x0F, 0xA0, 0x30, 0xFC, 0xAF, 0xF2, 0x83, 0x20, 0x1B, 0x16, 0x9E, 0xFF, 0x5A,
    0x7E, 0xB6, 0xE2, 0x7D, 0x03, 0xFF, 0x52, 0x7E, 0xC2, 0xDC, 0x84, 0x3E, 0xE4, 0x42, 0xD8, 0xA9,
    0x86, 0x9C, 0xDE, 0x97, 0xA1, 0x8F, 0x96, 0x43, 0x2F, 0x07, 0xB7, 0xE0, 0x80, 0xE6, 0xB3, 0xE6,
    0x41, 0x86, 0xB8, 0x9D, 0xD0, 0x87, 0x39, 0xBB, 0x63, 0xDC, 0xB4, 0xA2, 0x0F, 0x79, 0x97, 0xF8,
    0x31, 0xC9, 0x26, 0x56, 0x1C, 0x77, 0x43, 0x48, 0x82, 0x75, 0xCC, 0x88, 0x78, 0x85, 0xA4, 0xB6,
    0xC6, 0x9B, 0x6D, 0x82, 0xFC, 0x31, 0xBB, 0x3F, 0xE0, 0x89, 0x74, 0x93, 0xDD, 0x0B, 0xB5, 0xEC,
    0xB6, 0xB2, 0xAD, 0xC2, 0x41, 0x11, 0xF0, 0x01, 0xAE, 0x3F, 0x5C, 0xCF, 0x02, 0x7D, 0x31, 0xAB,
    0xAE, 0xCE, 0x92, 0xA7, 0x86, 0xD1, 0x30, 0xC7, 0xB4, 0x0C, 0xD9, 0x87, 0x86, 0xA3, 0x84, 0x19,
    0x85, 0x49, 0x72, 0xF1, 0x19, 0x30, 0x37, 0x0D, 0xE0, 0xA1, 0x6A, 0x2A, 0x77, 0xF1, 0x05, 0xD1,
    0x35, 0x36, 0xC2, 0x94, 0x25, 0x0F, 0xF7, 0x12, 0x38, 0xDF, 0x30, 0xB2, 0x39, 0xAE, 0x54, 0xE1,
    0x7A, 0xC1, 0xF5, 0xA8, 0xA3, 0xB5, 0x8B, 0x0D, 0xF6, 0x12, 0xFA, 0x91, 0x19, 0x91, 0x7A, 0x1A,
    0xC1, 0x88, 0x7C, 0xFE, 0xED, 0xBB, 0x55, 0x67, 0x3C, 0x92, 0x72, 0x46, 0xC7, 0x1A, 0xC2, 0x62,
    0xC3, 0xF7, 0xF2, 0x6E, 0x64, 0xA1, 0xAE, 0x06, 0xE9, 0xB1, 0x1D, 0xDC, 0x19, 0xA8, 0x22, 0xFD,
    0xBA, 0xE2, 0x54, 0x58, 0xFE, 0x32, 0x9D, 0x58, 0xF4, 0x3F, 0x36, 0x92, 0x7C, 0xE5, 0x25, 0xE3,
    0xEE, 0xEF, 0xB2, 0xEF, 0xB3, 0xB7, 0x89, 0x7F, 0xEA, 0xB3, 0xE6, 0x90, 0x75, 0x50, 0xB2, 0x1E,
    0x4A, 0xEE, 0xE2, 0xA1, 0x1D, 0xEB, 0x77, 0x82, 0x4F, 0x4F, 0xAE, 0xAD, 0x5A, 0xD2, 0x6B, 0x75,
    0xE6, 0xBB, 0x7B, 0xAD, 0xEC, 0x8B, 0xB4, 0x72, 0xD9, 0x88, 0x86, 0xF3, 0xFD, 0x50, 0x9B, 0x4F,
    0xD7, 0x88, 0xAD, 0x78, 0x57, 0x53, 0xD4, 0x45, 0x98, 0x57, 0x56, 0x70, 0x9B, 0x2A, 0xD6, 0x0E,
    0x3B, 0xCC, 0xCC, 0x9C, 0x66, 0xDD, 0x87, 0x9B, 0x62, 0xCA, 0x77, 0x86, 0x3F, 0x0D, 0x26, 0x60,
    0xCE, 0x5C, 0x82, 0x33, 0xE0, 0x6D, 0x64, 0x3D, 0xCB, 0x88, 0xE2, 0x6B, 0x73, 0xF3, 0x23, 0x9E,
    0xF6, 0x7C, 0xC4, 0xAA, 0x31, 0x11, 0xBE, 0xFE, 0xFF, 0x60, 0xC6, 0xD8, 0xE9, 0x8F, 0xB8, 0x33,
    0xD5, 0x52, 0xED, 0x67, 0x67, 0x4F, 0x30, 0xAC, 0xF7, 0xCA, 0x06, 0x5B, 0x65, 0x7B, 0xCF, 0xD3,
    0x74, 0x65, 0x52, 0xB6, 0x4B, 0x0B, 0x1C, 0x54, 0x8E, 0x1F, 0x3B, 0x3C, 0x77, 0xB5, 0x76, 0xD6,
    0xC6, 0x5C, 0x3E, 0xF1, 0xA9, 0x77, 0xCD, 0xEB, 0xC8, 0x3E, 0x6E, 0x4C, 0xC8, 0xE7, 0x7F, 0xA9,
    0x7E, 0x34, 0x86, 0xED, 0xC5, 0x71, 0x9E, 0x41, 0x4E, 0x86, 0x23, 0x21, 0xC8, 0xC0, 0x75, 0x3B,
    0xEF, 0x12, 0x5D, 0x27, 0x92, 0x33, 0xA7, 0xFF, 0xB4, 0xFD, 0x0E, 0x01, 0x5D, 0x00, 0xA2, 0xFF,
    0xE0, 0xF4, 0x2C, 0x0B, 0x1F, 0x3C, 0x06, 0x00, 0x1F, 0xC0, 0xB8, 0xF4, 0x19, 0x08, 0x7F, 0xFC,
    0xF2, 0xF4, 0xAA, 0xA0, 0xFF, 0xF0, 0x90, 0x60, 0xBF, 0xF0, 0x2F, 0x80, 0x00, 0xF0, 0xF0, 0x00,
    0x00, 0xF0, 0x3C, 0xF0, 0x3C, 0x68, 0xFE, 0x1F, 0x1E, 0x28, 0x7D, 0xFF, 0xC3, 0xFF, 0x7D, 0x0B,
    0x2C, 0x1F, 0x7C, 0x38, 0xF0, 0x60, 0x64, 0x3E, 0xE0, 0x0F, 0x80, 0x00, 0x3C, 0x00, 0x3C, 0x6B,
    0xF8, 0xBF, 0xE0, 0xB4, 0xFC, 0xB8, 0x00, 0x2D, 0x0F, 0x0F, 0xBE, 0xB8, 0x00, 0x00, 0x08, 0x00,
    0x2E, 0x00, 0x3F, 0xC0, 0x7F, 0xC0, 0x7F, 0x00, 0x28, 0xF0, 0xF9, 0xBF, 0x00, 0xB5, 0x58, 0x3D,
    0x73, 0xDC, 0x44, 0x18, 0x7E, 0x24, 0x39, 0x56, 0x6C, 0x0D, 0x11, 0x45, 0x0A, 0x92, 0x21, 0x56,
    0x0A, 0x0A, 0xC3, 0x24, 0xA7, 0x86, 0x22, 0xC5, 0x9D, 0x4F, 0xE4, 0x17, 0xB8, 0xA1, 0x4F, 0x41,
    0x91, 0x19, 0x66, 0x48, 0x4A, 0x33, 0x73, 0x83, 0x05, 0x05, 0xB4, 0xFE, 0x07, 0xB8, 0xA0, 0xE0,
    0xA3, 0x88, 0x8B, 0x14, 0x99, 0xC1, 0x8E, 0x95, 0x8A, 0xC2, 0x8D, 0x86, 0x94, 0x69, 0x44, 0x52,
    0xD0, 0x6E, 0x88, 0x18, 0x8E, 0xC4, 0xB6, 0x78, 0xDE, 0xDD, 0x55, 0x4E, 0x77, 0x39, 0x9F, 0xEF,
    0x72, 0xE6, 0x4E, 0x3B, 0x3E, 0xAF, 0x76, 0xDF, 0xE7, 0xD9, 0xF7, 0x6B, 0xDF, 0x5D, 0x74, 0x01,
    0x6C, 0xB2, 0xED, 0xA7, 0xC0, 0x8B, 0x0C, 0x0E, 0x9B, 0xF7, 0x7B, 0x01, 0x2F, 0x53, 0xF0, 0xD3,
    0x12, 0x61, 0xF2, 0x00, 0x21, 0xDA, 0x88, 0xAB, 0x23, 0x74, 0xAB, 0x63, 0xFE, 0x0A, 0xC1, 0x9E,
    0xA4, 0x44, 0x90, 0xA1, 0xFE, 0xB4, 0xD8, 0x44, 0xCE, 0x75, 0x20, 0x90, 0x61, 0xB8, 0x11, 0xA4,
    0x94, 0x80, 0x3B, 0x59, 0x5C, 0x65, 0x7B, 0x14, 0xE5, 0x67, 0x2A, 0xCC, 0xF6, 0xAB, 0x2C, 0x7E,
    0x21, 0x93, 0x1C, 0x8A, 0x57, 0x70, 0x0B, 0x4E, 0x4A, 0x80, 0x98, 0x5D, 0x1C, 0x8B, 0x65, 0x2B,
    0x4C, 0x04, 0x75, 0x49, 0x66, 0x3F, 0xD3, 0x84, 0xF0, 0x57, 0xC1, 0xA1, 0x8A, 0x43, 0x4A, 0xB6,
    0x07, 0x08, 0x52, 0xA1, 0xD0, 0x41, 0x58, 0x55, 0x24, 0x55, 0x91, 0x50, 0x90, 0xF6, 0xE0, 0xF3,
    0x8D, 0x97, 0x39, 0xDB, 0xF0, 0xFA, 0x40, 0x0F, 0xD8, 0x00, 0xB6, 0x45, 0x98, 0xA1, 0xD3, 0x9E,
    0x48, 0x27, 0x31, 0xF8, 0x61, 0x82, 0x68, 0x89, 0xB0, 0x39, 0xA7, 0x6E, 0x1B, 0x2A, 0x91, 0xA5,
    0xD2, 0xE5, 0xEB, 0x5F, 0xD9, 0xFF, 0x9C, 0x94, 0x95, 0x30, 0x17, 0x2A, 0x1B, 0x6C, 0x02, 0x6E,
    0xA8, 0x44, 0x6C, 0x2D, 0xCA, 0x68, 0x93, 0x4A, 0x4F, 0xCB, 0xE3, 0x38, 0x51, 0x21, 0x45, 0xF0,
    0x6F, 0xB0, 0x8B, 0x4B, 0xCB, 0x53, 0x12, 0xBA, 0xC1, 0x61, 0x1D, 0xE0, 0x4A, 0x48, 0x32, 0x09,
    0xDC, 0x67, 0x79, 0x43, 0x2F, 0x03, 0x43, 0x49, 0x73, 0x9F, 0x5A, 0x43, 0xB1, 0x05, 0xA9, 0x31,
    0x54, 0xD4, 0x30, 0x54, 0x8F, 0x84, 0xFA, 0x7C, 0x83, 0x77, 0xB8, 0x3C, 0xC8, 0x0F, 0x37, 0x23,
    0x99, 0x68, 0xCD, 0xAA, 0x7A, 0x0A, 0x32, 0x0D, 0x0B, 0xB5, 0x02, 0xE0, 0x15, 0x3D, 0x64, 0x6B,
    0xAB, 0x41, 0x28, 0x69, 0x10, 0xCA, 0xE1, 0xFE, 0xA1, 0x34, 0x21, 0x2F, 0xEB, 0x6B, 0xB3, 0x18,
    0x43, 0x1D, 0x5B, 0x43, 0x85, 0x09, 0x7B, 0x68, 0x28, 0x3F, 0xC3, 0x72, 0x8A, 0xB0, 0x80, 0xA3,
    0x44, 0x4D, 0x5E, 0x36, 0x8B, 0x82, 0x72, 0xFC, 0xBB, 0x03, 0xB7, 0xE2, 0x64, 0x87, 0xA3, 0x17,
    0x2C, 0x8F, 0x7F, 0xC8, 0x2B, 0x59, 0x9F, 0xC0, 0xAB, 0xB0, 0xBC, 0x4A, 0xCB, 0x8B, 0x6C, 0xA8,
    0x28, 0xCB, 0x4B, 0x2B, 0x4A, 0x78, 0x2D, 0xBA, 0x88, 0x9E, 0xA0, 0xFD, 0x10, 0xEF, 0x6A, 0x49,
    0xB3, 0x19, 0x4E, 0xB4, 0x4A, 0xFD, 0xB8, 0x5F, 0x37, 0xF4, 0x73, 0x86, 0x91, 0xF5, 0x26, 0x99,
    0x69, 0xA3, 0xCC, 0xE5, 0xBF, 0x7E, 0xA6, 0x5D, 0x40, 0x3E, 0x4E, 0xCE, 0xBE, 0xCA, 0xDA, 0xB6,
    0xA9, 0xB0, 0xCD, 0x09, 0x0A, 0x4B, 0x06, 0x0A, 0xEB, 0x18, 0x85, 0xA5, 0xDA, 0x90, 0xD7, 0x74,
    0xB8, 0x15, 0x96, 0xEE, 0xCA, 0x0A, 0xC2, 0x43, 0x38, 0x6F, 0x86, 0xDE, 0xE7, 0x59, 0xD4, 0xE0,
    0xF8, 0x70, 0x5F, 0x73, 0xB4, 0x8E, 0x8E, 0xC0, 0xCE, 0x56, 0x77, 0x81, 0x2F, 0x95, 0xF1, 0x37,
    0x31, 0x6E, 0x48, 0x3E, 0x91, 0xF0, 0x64, 0x04, 0x74, 0x08, 0xF1, 0x40, 0xDC, 0xA5, 0x64, 0xDB,
    0xE0, 0xB2, 0xDA, 0x14, 0xDB, 0x61, 0x8B, 0x10, 0x90, 0x13, 0x43, 0x30, 0x89, 0xC8, 0xA7, 0x65,
    0x7A, 0x8B, 0x40, 0xAF, 0xD8, 0xC9, 0x6B, 0x5E, 0x2D, 0x04, 0x87, 0x3A, 0xD2, 0xA7, 0xE1, 0xD5,
    0xCC, 0x4A, 0x96, 0x9B, 0x93, 0xED, 0x50, 0x67, 0x85, 0x49, 0x07, 0x73, 0x66, 0x29, 0xB7, 0x84,
    0x4B, 0x32, 0x6D, 0xE0, 0xBE, 0xA5, 0xB4, 0x72, 0x61, 0x16, 0xB5, 0x7D, 0x76, 0x15, 0x4E, 0x45,
    0xA8, 0x83, 0xDC, 0x52, 0xDB, 0x1A, 0x6F, 0xCE, 0xB7, 0xF0, 0xFF, 0xB0, 0x42, 0xF7, 0xF8, 0x6D,
    0x6C, 0xE9, 0x3E, 0xB2, 0x3E, 0xB5, 0x89, 0xFF, 0xC5, 0xF9, 0xDF, 0x24, 0x73, 0x63, 0x82, 0x86,
    0x1A, 0xCE, 0x5F, 0x55, 0xC5, 0xCB, 0x9F, 0xB7, 0x74, 0x9E, 0x19, 0x3C, 0x04, 0x7C, 0xF9, 0xD3,
    0x50, 0x0F, 0xC7, 0x54, 0x95, 0xF5, 0x62, 0xD7, 0xCC, 0xCD, 0xE1, 0x8B, 0x82, 0xD2, 0x1E, 0x85,
    0x3B, 0xC5, 0xCB, 0x5F, 0x54, 0x55, 0x31, 0xF7, 0x83, 0xFE, 0xD7, 0x73, 0x13, 0x46, 0x9C, 0xAF,
    0x15, 0xF5, 0x1A, 0x68, 0x60, 0x55, 0x4D, 0x72, 0x26, 0x5C, 0xAE, 0xCB, 0xCE, 0xE5, 0x73, 0x4B,
    0xA6, 0x9F, 0x0A, 0xBD, 0x78, 0x93, 0x99, 0x1E, 0xED, 0xBD, 0x99, 0xB1, 0x02, 0x06, 0x4A, 0x65,
    0x15, 0x6C, 0x50, 0x36, 0xBC, 0x5C, 0x39, 0x02, 0xF1, 0xF7, 0xA7, 0xEB, 0x16, 0xC5, 0x4B, 0xD9,
    0xAF, 0x17, 0xB8, 0xA0, 0x39, 0x95, 0xAE, 0x4A, 0x5F, 0x27, 0x9F, 0x19, 0x55, 0xFA, 0xB1, 0x88,
    0x74, 0xB5, 0xAF, 0x96, 0x82, 0xB8, 0xBC, 0x3C, 0x1D, 0xB4, 0x47, 0xFB, 0xE6, 0x28, 0x94, 0xDF,
    0x47, 0xD4, 0x9A, 0x1D, 0xD7, 0x87, 0x6C, 0xBE, 0x7A, 0x23, 0x76, 0xB8, 0x19, 0x7D, 0x3F, 0xB4,
    0xE4, 0x49, 0x36, 0xF5, 0xAC, 0x21, 0xDD, 0x62, 0x47, 0x96, 0xBC, 0x64, 0xA0, 0xF3, 0x31, 0xD0,
    0x47, 0x63, 0xA1, 0x19, 0x6D, 0xA9, 0xF8, 0x84, 0xE9, 0x73, 0x72, 0x6E, 0x72, 0xFE, 0xE1, 0xD0,
    0xAA, 0x27, 0xA0, 0x87, 0x4F, 0x10, 0x1F, 0xE3, 0xA2, 0xAE, 0x4A, 0x28, 0x23, 0xEC, 0x61, 0xE1,
    0xDC, 0xCC, 0x6B, 0x77, 0x3F, 0x41, 0xF8, 0x67, 0x7A, 0x65, 0x13, 0x0B, 0x0B, 0x18, 0xAB, 0xF6,
    0x09, 0x04, 0x9A, 0xBB, 0xCC, 0x3C, 0xB1, 0x23, 0xA0, 0x7B, 0x58, 0x9A, 0x0E, 0xB4, 0x19, 0x47,
    0x51, 0x12, 0x65, 0x5E, 0xB6, 0x28, 0xF0, 0xEA, 0xDE, 0x76, 0x88, 0x71, 0xDF, 0x7B, 0xDB, 0x95,
    0xFA, 0x88, 0xE9, 0xD7, 0xCF, 0xFC, 0x54, 0xEC, 0xB3, 0x8F, 0x3B, 0x63, 0x46, 0x4D, 0x9E, 0x6F,
    0x12, 0x4C, 0x17, 0x2B, 0xB8, 0xDE, 0xA5, 0x7B, 0x1D, 0xEE, 0xB6, 0xEB, 0x8F, 0x74, 0x38, 0x34,
    0x63, 0x50, 0xF5, 0x11, 0x73, 0x57, 0x37, 0xB9, 0x29, 0x48, 0xEB, 0xD2, 0xA6, 0xD9, 0xEA, 0x4C,
    0x2F, 0xE3, 0x64, 0xBC, 0xCC, 0x33, 0xD9, 0xD3, 0xE6, 0xAE, 0x56, 0x63, 0xF9, 0xA5, 0xEC, 0x10,
    0xCA, 0x3C, 0xFC, 0xCD, 0x1E, 0x71, 0xF5, 0xA3, 0xA1, 0xE5, 0xE3, 0x32, 0x4C, 0xBD, 0xE9, 0x0D,
    0x97, 0xC5, 0x73, 0x11, 0xFA, 0x11, 0x38, 0xD6, 0xD5, 0x2C, 0x59, 0xAD, 0x0E, 0x59, 0xE4, 0x64,
    0x4A, 0x5E, 0x62, 0x0A, 0x86, 0x6B, 0x26, 0x0F, 0x4B, 0x81, 0x95, 0x6E, 0xCD, 0x4F, 0xA5, 0x91,
    0x0E, 0x24, 0x30, 0xF6, 0x46, 0xFD, 0xF2, 0x64, 0x42, 0x9C, 0x28, 0xA9, 0x48, 0x97, 0xC5, 0xA9,
    0x2E, 0x7D, 0xE7, 0x26, 0x33, 0xC8, 0x11, 0x05, 0xD3, 0x77, 0xF8, 0xC5, 0x68, 0x8E, 0x38, 0x99,
    0xCC, 0x6D, 0xED, 0x75, 0x46, 0x43, 0x6C, 0x6B, 0x1F, 0xB2, 0xF4, 0x63, 0xAD, 0xFE, 0x4D, 0x3A,
    0x3F, 0x29, 0x66, 0x8F, 0xA0, 0x2E, 0x8D, 0xDD, 0x4C, 0x94, 0xB4, 0x8B, 0xE5, 0xA5, 0xE9, 0x78,
    0xF5, 0x77, 0xE0, 0xD5, 0xA5, 0x71, 0xBD, 0x0B, 0xBF, 0x3A, 0x1B, 0xCB, 0xB9, 0x37, 0x99, 0x54,
    0x92, 0xF7, 0xEB, 0xA4, 0x32, 0x9B, 0xF1, 0xE2, 0xB3, 0xE3, 0x31, 0x1A, 0x5D, 0x86, 0xC8, 0xD2,
    0xB4, 0x5E, 0xD4, 0x88, 0xB4, 0xC6, 0xC1, 0x0F, 0xE7, 0x25, 0x91, 0x39, 0xCA, 0xD1, 0x1B, 0xE4,
    0x71, 0xF2, 0x56, 0xC4, 0xCE, 0xD7, 0x35, 0x9D, 0x78, 0x44, 0xEC, 0x57, 0x47, 0x71, 0x55, 0x4C,
    0xE2, 0xB2, 0xAE, 0x53, 0xB3, 0x9E, 0x84, 0xA5, 0xF9, 0xF1, 0x5D, 0xED, 0xCC, 0x12, 0x59, 0xB7,
    0xA6, 0xC3, 0xBF, 0x6C, 0x4B, 0x58, 0x39, 0x1A, 0xC8, 0x39, 0xF5, 0x0C, 0x38, 0x0C, 0x0A, 0x19,
    0xD6, 0xF6, 0xEB, 0xD3, 0xD1, 0xF8, 0xE1, 0x16, 0x8F, 0x73, 0xB4, 0xC8, 0xB7, 0xE9, 0xDC, 0xF0,
    0xC1, 0xE3, 0x84, 0x15, 0xEC, 0x7B, 0x97, 0xA6, 0x03, 0xC6, 0x19, 0xD8, 0x7C, 0xC4, 0x19, 0xA7,
    0x35, 0x7D, 0xC3, 0x0D, 0x15, 0xDA, 0x93, 0x9F, 0x12, 0xBD, 0x1E, 0x4A, 0x0A, 0xF4, 0x2B, 0x5D,
    0xE0, 0x6F, 0x70, 0xB3, 0xE2, 0x59, 0x08, 0x2A, 0x1C, 0xFE, 0x96, 0xF1, 0x7E, 0x15, 0x1F, 0x30,
    0x7F, 0xE4, 0x9E, 0xA2, 0xDC, 0xDB, 0x8D, 0x9C, 0xFF, 0x81, 0x59, 0xEC, 0x0C, 0x40, 0x6E, 0xEA,
    0x93, 0x33, 0x0A, 0x87, 0x7E, 0x71, 0x02, 0xD0, 0x39, 0x9B, 0xFE, 0xC4, 0x7D, 0xAF, 0x1A, 0x55,
    0x2A, 0x1E, 0xD5, 0x14, 0xD6, 0x12, 0x0A, 0xC3, 0x69, 0x8D, 0x68, 0xFC, 0x96, 0x0C, 0x58, 0xD6,
    0x6A, 0xB2, 0xB2, 0x8B, 0x72, 0x92, 0x74, 0x8A, 0x55, 0x2D, 0xB1, 0xA7, 0xBC, 0xBE, 0xF2, 0xB6,
    0x94, 0x87, 0xA1, 0xC7, 0x47, 0x3F, 0xC4, 0x3E, 0x8F, 0x54, 0xCF, 0x78, 0xDC, 0x87, 0xD4, 0x87,
    0xDA, 0x88, 0x5C, 0xE0, 0xDC, 0xF8, 0x0B, 0x7A, 0x35, 0x7E, 0xB2, 0xEA, 0xD0, 0xCA, 0xD8, 0x55,
    0x61, 0x5F, 0x85, 0x5B, 0x2A, 0xC4, 0xC8, 0x53, 0xC6, 0x1A, 0xFF, 0xC0, 0x6C, 0x01, 0xC7, 0xF6,
    0x92, 0x68, 0x85, 0xC1, 0xAC, 0x39, 0xB8, 0x73, 0x71, 0x60, 0xEA, 0xF7, 0x4D, 0x4D, 0xC5, 0x1C,
    0x9E, 0x6A, 0x35, 0x9C, 0x46, 0xC3, 0x7B, 0x9A, 0xD1, 0x1B, 0x53, 0x49, 0x80, 0x73, 0xAB, 0x20,
    0x3E, 0x44, 0xB7, 0x7F, 0xD1, 0xEA, 0xFF, 0xD4, 0xF5, 0xE3, 0x0C, 0x6C, 0x6E, 0xFD, 0x59, 0x1C,
    0x9A, 0x1E, 0x0D, 0x5D, 0x9D, 0x4C, 0xA7, 0x7D, 0xF1, 0xF3, 0x3A, 0x91, 0xDF, 0x85, 0xBE, 0x84,
    0xA8, 0xEF, 0x37, 0x3A, 0x0C, 0xD4, 0x58, 0xEA, 0xBC, 0xA4, 0xC5, 0xDC, 0xD6, 0x86, 0x57, 0xF4,
    0xF5, 0xB5, 0x9D, 0xBE, 0xC2, 0x93, 0xD2, 0x2A, 0x4E, 0x5E, 0x6F, 0xDC, 0xA3, 0xCD, 0x37, 0xF7,
    0x06, 0xBA, 0xB6, 0xB8, 0xEF, 0x65, 0x1B, 0x9C, 0x1F, 0x24, 0xED, 0x10, 0x2B, 0x14, 0xD7, 0x42,
    0xD8, 0x86, 0xDF, 0x93, 0x2B, 0x46, 0x4F, 0x5F, 0xEE, 0xD1, 0x4A, 0x24, 0x41, 0x89, 0x8C, 0xFE,
    0x5D, 0xC2, 0x75, 0x98, 0x02, 0x22, 0x7D, 0xCF, 0xD5, 0x87, 0xFF, 0x88, 0x39, 0xE3, 0x31, 0x33,
    0xE2, 0x2B, 0x46, 0x90, 0x9C, 0xB7, 0xBE, 0xB2, 0xA1, 0x32, 0xAE, 0x8D, 0x39, 0xF0, 0xD6, 0xE0,
    0xE9, 0x00, 0xBC, 0x53, 0x83, 0x97, 0x02, 0xEE, 0xE8, 0x32, 0xBB, 0x7B, 0x90, 0x74, 0xC3, 0x4C,
    0x6E, 0xF6, 0xA2, 0xC4, 0x5C, 0x96, 0xC8, 0x8E, 0xB6, 0x68, 0xC4, 0xAD, 0x71, 0x2D, 0x11, 0xD9,
    0x84, 0x54, 0x87, 0xDC, 0x55, 0xBA, 0x05, 0x75, 0xFC, 0x5C, 0x14, 0x51, 0x9C, 0xAA, 0x88, 0x91,
    0xE3, 0xEC, 0x7D, 0x2F, 0xDF, 0xF0, 0x0C, 0x9D, 0x84, 0x15, 0xD8, 0x05, 0x4D, 0x27, 0x20, 0x9D,
    0xC3, 0x61, 0x3A, 0xE6, 0xF2, 0x64, 0xF5, 0x2A, 0xD7, 0xCC, 0x0C, 0xF9, 0x5B, 0x71, 0x32, 0x0F,
    0x35, 0x1D, 0x8F, 0xE0, 0x3B, 0x39, 0xE7, 0x5E, 0xEB, 0xD4, 0x06, 0xD1, 0x0A, 0x11, 0x9D, 0xAC,
    0x20, 0xBC, 0x2E, 0x06, 0x09, 0x1A, 0x06, 0xA1, 0xDD, 0xDC, 0xCC, 0x1A, 0xE4, 0x3F, 0x7D, 0x8E,
    0x31, 0x6A, 0x03, 0x31, 0x10, 0x45, 0x7F, 0xAC, 0xC2, 0x85, 0x0A, 0xDD, 0xC0, 0x7B, 0x81, 0x78,
    0x71, 0xB9, 0x45, 0x82, 0x75, 0x24, 0x97, 0x5B, 0x04, 0x2C, 0x7C, 0x01, 0x5F, 0x21, 0x65, 0x50,
    0x65, 0x82, 0x0B, 0x91, 0x4A, 0xE0, 0x0B, 0xE8, 0x08, 0xC2, 0x6D, 0x9A, 0x29, 0xB6, 0x08, 0x46,
    0x30, 0x19, 0xC9, 0x26, 0x31, 0x29, 0x82, 0x46, 0xF3, 0x87, 0xC7, 0x9F, 0xCF, 0x78, 0xC7, 0xD1,
    0x7B, 0x66, 0xEF, 0xFD, 0x1B, 0x33, 0x97, 0x61, 0x75, 0x28, 0x21, 0x94, 0x71, 0x93, 0x5B, 0x1B,
    0x0E, 0xAB, 0xF4, 0x9E, 0x98, 0x2E, 0xF9, 0x23, 0x33, 0x8D, 0x79, 0x13, 0xCF, 0xF1, 0x77, 0x02,
    0xE1, 0xA7, 0x98, 0xC9, 0x5F, 0x5E, 0xEF, 0xC9, 0x3F, 0xF5, 0xC7, 0x2C, 0xB3, 0x90, 0x7B, 0x43,
    0x97, 0xB6, 0x13, 0x97, 0xFA, 0xB6, 0x53, 0x97, 0x8E, 0x4B, 0x6D, 0xCB, 0xDA, 0xC4, 0xD0, 0x6B,
    0x67, 0x08, 0x47, 0x00, 0xEB, 0x52, 0x8D, 0xF8, 0xEA, 0x55, 0x14, 0x21, 0x33, 0xB7, 0x4D, 0x0C,
    0x1A, 0x7C, 0x44, 0xB3, 0x8C, 0x55, 0x0C, 0x11, 0x83, 0x81, 0xD9, 0x89, 0x4F, 0x1C, 0x31, 0xDF,
    0xEF, 0x3E, 0x77, 0x04, 0x71, 0xB2, 0x24, 0x2C, 0xAF, 0x32, 0x98, 0x06, 0x49, 0x55, 0xCB, 0x2C,
    0xA1, 0x2E, 0xA8, 0x68, 0x6C, 0x8F, 0x17, 0x4C, 0xF2, 0x7B, 0x18, 0xAB, 0x62, 0xC0, 0x33, 0x3A,
    0x68, 0xA7, 0xA2, 0x76, 0x9D, 0xCC, 0x41, 0xD2, 0x17, 0xC0, 0x13, 0xE4, 0xA2, 0x87, 0x2C, 0x0B,
    0xD0, 0x16, 0xE6, 0x06, 0x24, 0xB5, 0x02, 0x77, 0x03, 0x72, 0xCA, 0x37, 0x63, 0x3E, 0xC0, 0x7D,
    0x80, 0xEF, 0x80, 0xE5, 0x81, 0x8D, 0x07, 0xFE, 0xFF, 0x09, 0xBB, 0xC0, 0x78, 0x00, 0x00, 0x2D,
    0x8B, 0xA1, 0x0D, 0xC3, 0x30, 0x14, 0x44, 0x9F, 0x6C, 0x50, 0x60, 0xE0, 0x51, 0x32, 0x42, 0xB2,
    0x44, 0xB6, 0xA9, 0x64, 0x8F, 0x52, 0x6C, 0x92, 0x15, 0x3C, 0x4A, 0x60, 0xE1, 0x01, 0x83, 0x80,
    0xAA, 0xBF, 0xDF, 0x55, 0xA4, 0x03, 0x4F, 0xEF, 0xEE, 0x40, 0xD8, 0x87, 0x7D, 0x80, 0xD2, 0xA5,
    0xD5, 0xF4, 0x8C, 0x1A, 0x41, 0xE2, 0x8E, 0xB3, 0x1B, 0xF7, 0xDE, 0x02, 0x66, 0x6A, 0xED, 0xC5,
    0x32, 0x26, 0x12, 0xCF, 0x54, 0x53, 0x0F, 0xE4, 0x0D, 0x8A, 0x75, 0x8E, 0x56, 0xC9, 0xBE, 0x2A,
    0x5F, 0x38, 0xDE, 0xFC, 0xFD, 0xA3, 0x87, 0x2D, 0x2A, 0xD5, 0xB9, 0x9F, 0xBF, 0x1F, 0x8D, 0x90,
    0x3D, 0x4E, 0xC3, 0x40, 0x10, 0x85, 0xBF, 0xF5, 0x16, 0x96, 0x70, 0xE1, 0x26, 0x15, 0x8D, 0x29,
    0xA8, 0x68, 0x72, 0x01, 0x08, 0xBE, 0x01, 0x39, 0x02, 0x37, 0xC8, 0x05, 0x22, 0x79, 0x8F, 0xE0,
    0x5B, 0x50, 0x42, 0x91, 0x22, 0x45, 0x44, 0x7C, 0x03, 0x2C, 0x0E, 0x80, 0x5C, 0x70, 0x80, 0x29,
    0x82, 0xB0, 0x20, 0x78, 0x99, 0xF5, 0x0F, 0x12, 0x5D, 0xB4, 0x4F, 0xAB, 0xA7, 0xF9, 0x79, 0x33,
    0x6F, 0xD2, 0x86, 0xB4, 0x83, 0xCC, 0x99, 0x87, 0x2A, 0xF5, 0xCD, 0x22, 0x91, 0x6D, 0x24, 0xC2,
    0x88, 0x8D, 0x91, 0xB5, 0xAD, 0xE7, 0x8F, 0x55, 0xDC, 0xE1, 0xBD, 0x28, 0xFE, 0x52, 0xA7, 0xA0,
    0xE4, 0x7E, 0xE8, 0xDA, 0xC2, 0x0D, 0xA4, 0x10, 0x57, 0x44, 0x0D, 0x1C, 0x60, 0xDD, 0x43, 0xB0,
    0x35, 0x89, 0x23, 0xEB, 0x0B, 0x5A, 0xC6, 0x29, 0xDE, 0x1F, 0x14, 0x84, 0x30, 0xD7, 0xF4, 0x09,
    0x23, 0x60, 0x2B, 0x15, 0xC9, 0x61, 0x3E, 0x86, 0xB5, 0x22, 0xA8, 0xC5, 0x55, 0xAF, 0xCD, 0x82,
    0x5E, 0x93, 0xCD, 0x51, 0xE7, 0x11, 0xC4, 0x15, 0xA6, 0x21, 0xAA, 0x03, 0xB4, 0x79, 0x40, 0xEC,
    0xBA, 0x24, 0xF7, 0x29, 0xC9, 0x1D, 0xF6, 0x05, 0xFB, 0x86, 0xD1, 0x03, 0xFC, 0xC0, 0x0E, 0x2E,
    0x39, 0x73, 0x57, 0x14, 0x1F, 0xBE, 0x6A, 0x8B, 0x57, 0x91, 0x4C, 0x5D, 0xDC, 0x3A, 0x79, 0xFE,
    0xFA, 0x6E, 0xE6, 0x75, 0xE1, 0x74, 0x89, 0xA3, 0xDD, 0xD9, 0x3C, 0xFE, 0xFF, 0x5C, 0xFF, 0x94,
    0x7D, 0xD2, 0x31, 0xE3, 0x3C, 0x5F, 0xEE, 0x3B, 0x79, 0x5A, 0xE9, 0x52, 0x64, 0x79, 0x39, 0xF1,
    0xE5, 0xE0, 0x74, 0x74, 0xB6, 0x0D, 0x7E, 0x06, 0x3E, 0x58, 0x9F, 0x85, 0x85, 0x2F, 0x48, 0xC4,
    0xF8, 0xBA, 0x78, 0x0F, 0xEB, 0xE8, 0x1F, 0xF9, 0x52, 0x23, 0x4C, 0x57, 0x2C, 0xD1, 0x01, 0xAC,
    0x5A, 0xCC, 0xBE, 0x26, 0x16, 0xF6, 0x8D, 0xF2, 0x2E, 0xA7, 0x9C, 0xCE, 0xF6, 0x0B, 0x63, 0x5A,
    0xB0, 0x82, 0xFF, 0xD3, 0x1F, 0x7E, 0xE6, 0x0B, 0xFC, 0xCC, 0x07, 0x80, 0xE8, 0xFF, 0xFF, 0x3F,
    0xEB, 0x57, 0xBF, 0x80, 0xB0, 0xB1, 0x22, 0xE6, 0x4F, 0x17, 0xF8, 0x3F, 0x7F, 0xE0, 0x67, 0x7A,
    0xC0, 0xCF, 0xC0, 0x00, 0x44, 0xFF, 0xFF, 0x1F, 0x58, 0xBF, 0xFA, 0x00, 0x1E, 0xF5, 0x4C, 0x0B,
    0x18, 0xF8, 0x3F, 0x23, 0xB8, 0xFF, 0x3F, 0x1F, 0x58, 0xBF, 0x18, 0x97, 0xE2, 0x1F, 0xFC, 0x8C,
    0x7F, 0xD8, 0x1F, 0xFC, 0xA9, 0xE0, 0x7F, 0xFC, 0x07, 0xE8, 0xA2, 0x03, 0x3B, 0x80, 0x98, 0x01,
    0x84, 0xFF, 0x83, 0x5D, 0xF5, 0x6A, 0x0F, 0x90, 0x6D, 0x43, 0x08, 0x33, 0x2D, 0x58, 0x01, 0x74,
    0xD8, 0xA7, 0x3F, 0x36, 0x40, 0x9D, 0x17, 0x40, 0xC4, 0x01, 0x28, 0x01, 0x34, 0xC3, 0x86, 0x01,
    0xE8, 0x37, 0x64, 0x31, 0x7C, 0x84, 0xBD, 0x03, 0x90, 0x90, 0x6F, 0x00, 0x00, 0xFB, 0xFF, 0xFF,
    0xC0, 0x01, 0x86, 0x03, 0x0F, 0x98, 0x0E, 0x5C, 0x61, 0x3D, 0x70, 0x82, 0xE3, 0xC0, 0x41, 0x01,
    0x10, 0x02, 0x82, 0x83, 0x13, 0x0E, 0x1C, 0x52, 0x38, 0x70, 0x82, 0x05, 0x24, 0x08, 0x94, 0xBD,
    0xC0, 0x78, 0xE0, 0xFF, 0xFF, 0x03, 0x00,
};

static const EpdGlyph lexenddeca_10_regularGlyphs[] = {
    { 0, 0, 0, 0, 0, 0, 0 }, // U+0000
    { 0, 0, 0, 0, 0, 0, 0 }, // U+0001
    { 0, 0, 0, 0, 0, 0, 0 }, // U+0002
    { 0, 0, 0, 0, 0, 0, 0 }, // U+0003
    { 0, 0, 0, 0, 0, 0, 0 }, // U+0004
    { 0, 0, 0, 0, 0, 0, 0 }, // U+0005
    { 0, 0, 0, 0, 0, 0, 0 }, // U+0006
    { 0, 0, 0, 0, 0, 0, 0 }, // U+0007
    { 0, 0, 0, 0, 0, 0, 0 }, // U+0008
    { 0, 0, 0, 0, 0, 0, 0 }, // U+0009
    { 0, 0, 0, 0, 0, 0, 0 }, // U+000A
    { 0, 0, 0, 0, 0, 0, 0 }, // U+000B
    { 0, 0, 0, 0, 0, 0, 0 }, // U+000C
    { 0, 0, 0, 0, 0, 0, 0 }, // U+000D
    { 0, 0, 0, 0, 0, 0, 0 }, // U+000E
    { 0, 0, 0, 0, 0, 0, 0 }, // U+000F
    { 0, 0, 0, 0, 0, 0, 0 }, // U+0010
    { 0, 0, 0, 0, 0, 0, 0 }, // U+0011
    { 0, 0, 0, 0, 0, 0, 0 }, // U+0012
    { 0, 0, 0, 0, 0, 0, 0 }, // U+0013
    { 0, 0, 0, 0, 0, 0, 0 }, // U+0014
    { 0, 0, 0, 0, 0, 0, 0 }, // U+0015
    { 0, 0, 0, 0, 0, 0, 0 }, // U+0016
    { 0, 0, 0, 0, 0, 0, 0 }, // U+0017
    { 0, 0, 0, 0, 0, 0, 0 }, // U+0018
    { 0, 0, 0, 0, 0, 0, 0 }, // U+0019
    { 0, 0, 0, 0, 0, 0, 0 }, // U+001A
    { 0, 0, 0, 0, 0, 0, 0 }, // U+001B
    { 0, 0, 0, 0, 0, 0, 0 }, // U+001C
    { 0, 0, 0, 0, 0, 0, 0 }, // U+001D
    { 0, 0, 0, 0, 0, 0, 0 }, // U+001E
    { 0, 0, 0, 0, 0, 0, 0 }, // U+001F
    { 0, 0, 93, 0, 0, 0, 0 }, // U+0020
    { 3, 15, 94, 2, 15, 12, 0 }, // !
    { 5, 5, 100, 1, 15, 7, 12 }, // "
    { 13, 15, 218, 0, 15, 49, 19 }, // #
    { 12, 19, 198, 0, 17, 57, 68 }, // $
    { 18, 15, 309, 1, 15, 68, 125 }, // %
    { 15, 15, 235, 1, 15, 57, 193 }, // &
    { 2, 5, 53, 1, 15, 3, 250 }, // '
    { 5, 19, 100, 1, 15, 24, 253 }, // (
    { 5, 19, 100, 1, 15, 24, 277 }, // )
    { 7, 7, 144, 1, 15, 13, 301 }, // *
    { 10, 11, 201, 1, 11, 28, 314 }, // +
    { 3, 5, 68, 1, 2, 4, 342 }, // ,
    { 6, 2, 123, 1, 7, 3, 346 }, // -
    { 3, 3, 68, 1, 3, 3, 349 }, // .
    { 8, 15, 126, 0, 15, 30, 352 }, // /
    { 11, 15, 216, 1, 15, 42, 382 }, // 0
    { 6, 15, 134, 1, 15, 23, 424 }, // 1
    { 10, 15, 183, 1, 15, 38, 447 }, // 2
    { 10, 15, 191, 1, 15, 38, 485 }, // 3
    { 11, 15, 205, 1, 15, 42, 523 }, // 4
    { 10, 15, 194, 1, 15, 38, 565 }, // 5
    { 10, 15, 199, 1, 15, 38, 603 }, // 6
    { 10, 15, 170, 1, 15, 38, 641 }, // 7
    { 10, 15, 205, 1, 15, 38, 679 }, // 8
    { 10, 15, 199, 1, 15, 38, 717 }, // 9
    { 3, 11, 68, 1, 11, 9, 755 }, // :
    { 3, 14, 68, 1, 11, 11, 764 }, // ;
    { 10, 11, 184, 1, 11, 28, 775 }, // <
    { 10, 6, 201, 1, 9, 15, 803 }, // =
    { 10, 11, 184, 1, 11, 28, 818 }, // >
    { 9, 15, 173, 0, 15, 34, 846 }, // ?
    { 14, 15, 260, 1, 15, 53, 880 }, // @
    { 13, 15, 209, 0, 15, 49, 933 }, // A
    { 11, 15, 206, 2, 15, 42, 982 }, // B
    { 12, 15, 219, 1, 15, 45, 1024 }, // C
    { 11, 15, 224, 2, 15, 42, 1069 }, // D
    { 10, 15, 189, 2, 15, 38, 1111 }, // E
    { 9, 15, 183, 2, 15, 34, 1149 }, // F
    { 12, 15, 237, 1, 15, 45, 1183 }, // G
    { 11, 15, 230, 2, 15, 42, 1228 }, // H
    { 6, 15, 138, 1, 15, 23, 1270 }, // I
    { 9, 15, 170, 1, 15, 34, 1293 }, // J
    { 12, 15, 209, 2, 15, 45, 1327 }, // K
    { 10, 15, 180, 2, 15, 38, 1372 }, // L
    { 14, 15, 273, 2, 15, 53, 1410 }, // M
    { 11, 15, 230, 2, 15, 42, 1463 }, // N
    { 13, 15, 242, 1, 15, 49, 1505 }, // O
    { 10, 15, 200, 2, 15, 38, 1554 }, // P
    { 15, 16, 251, 1, 15, 60, 1592 }, // Q
    { 11, 15, 206, 2, 15, 42, 1652 }, // R
    { 12, 15, 199, 0, 15, 45, 1694 }, // S
    { 11, 15, 186, 1, 15, 42, 1739 }, // T
    { 11, 15, 230, 2, 15, 42, 1781 }, // U
    { 13, 15, 196, 0, 15, 49, 1823 }, // V
    { 18, 15, 280, 0, 15, 68, 1872 }, // W
    { 13, 15, 208, 0, 15, 49, 1940 }, // X
    { 13, 15, 198, -1, 15, 49, 1989 }, // Y
    { 11, 15, 202, 1, 15, 42, 2038 }, // Z
    { 5, 19, 105, 2, 15, 24, 2080 }, // [
    { 8, 15, 126, 0, 15, 30, 2104 }, // <backslash>
    { 5, 19, 105, 0, 15, 24, 2134 }, // ]
    { 10, 8, 184, 1, 15, 20, 2158 }, // ^
    { 8, 2, 132, 1, 0, 4, 2178 }, // _
    { 4, 3, 89, 1, 15, 3, 2182 }, // `
    { 10, 11, 175, 1, 11, 28, 2185 }, // a
    { 10, 15, 189, 1, 15, 38, 2213 }, // b
    { 9, 11, 167, 1, 11, 25, 2251 }, // c
    { 11, 15, 188, 1, 15, 42, 2276 }, // d
    { 10, 11, 180, 1, 11, 28, 2318 }, // e
    { 6, 16, 104, 1, 16, 24, 2346 }, // f
    { 10, 16, 187, 1, 11, 40, 2370 }, // g
    { 9, 15, 182, 1, 15, 34, 2410 }, // h
    { 5, 16, 93, 0, 16, 20, 2444 }, // i
    { 6, 19, 85, -2, 15, 29, 2464 }, // j
    { 9, 15, 163, 1, 15, 34, 2493 }, // k
    { 3, 15, 80, 1, 15, 12, 2527 }, // l
    { 15, 11, 280, 1, 11, 42, 2539 }, // m
    { 9, 11, 182, 1, 11, 25, 2581 }, // n
    { 10, 11, 184, 1, 11, 28, 2606 }, // o
    { 10, 15, 189, 1, 11, 38, 2634 }, // p
    { 13, 15, 192, 1, 11, 49, 2672 }, // q
    { 6, 11, 113, 1, 11, 17, 2721 }, // r
    { 9, 11, 157, 0, 11, 25, 2738 }, // s
    { 6, 14, 108, 1, 14, 21, 2763 }, // t
    { 8, 11, 179, 1, 11, 22, 2784 }, // u
    { 10, 11, 147, 0, 11, 28, 2806 }, // v
    { 14, 11, 218, 0, 11, 39, 2834 }, // w
    { 10, 11, 154, 0, 11, 28, 2873 }, // x
    { 10, 15, 143, 0, 11, 38, 2901 }, // y
    { 8, 11, 153, 1, 11, 22, 2939 }, // z
    { 6, 19, 106, 0, 15, 29, 2961 }, // {
    { 2, 19, 78, 2, 15, 10, 2990 }, // |
    { 5, 19, 106, 1, 15, 24, 3000 }, // }
    { 11, 3, 185, 0, 7, 9, 3024 }, // ~
    { 0, 0, 0, 0, 0, 0, 3033 }, // U+007F
    { 0, 0, 0, 0, 0, 0, 0 }, // U+0080
    { 0, 0, 0, 0, 0, 0, 0 }, // U+0081
    { 0, 0, 0, 0, 0, 0, 0 }, // U+0082
    { 0, 0, 0, 0, 0, 0, 0 }, // U+0083
    { 0, 0, 0, 0, 0, 0, 0 }, // U+0084
    { 0, 0, 0, 0, 0, 0, 0 }, // U+0085
    { 0, 0, 0, 0, 0, 0, 0 }, // U+0086
    { 0, 0, 0, 0, 0, 0, 0 }, // U+0087
    { 0, 0, 0, 0, 0, 0, 0 }, // U+0088
    { 0, 0, 0, 0, 0, 0, 0 }, // U+0089
    { 0, 0, 0, 0, 0, 0, 0 }, // U+008A
    { 0, 0, 0, 0, 0, 0, 0 }, // U+008B
    { 0, 0, 0, 0, 0, 0, 0 }, // U+008C
    { 0, 0, 0, 0, 0, 0, 0 }, // U+008D
    { 0, 0, 0, 0, 0, 0, 0 }, // U+008E
    { 0, 0, 0, 0, 0, 0, 0 }, // U+008F
    { 0, 0, 0, 0, 0, 0, 0 }, // U+0090
    { 0, 0, 0, 0, 0, 0, 0 }, // U+0091
    { 0, 0, 0, 0, 0, 0, 0 }, // U+0092
    { 0, 0, 0, 0, 0, 0, 0 }, // U+0093
    { 0, 0, 0, 0, 0, 0, 0 }, // U+0094
    { 0, 0, 0, 0, 0, 0, 0 }, // U+0095
    { 0, 0, 0, 0, 0, 0, 0 }, // U+0096
    { 0, 0, 0, 0, 0, 0, 0 }, // U+0097
    { 0, 0, 0, 0, 0, 0, 0 }, // U+0098
    { 0, 0, 0, 0, 0, 0, 0 }, // U+0099
    { 0, 0, 0, 0, 0, 0, 0 }, // U+009A
    { 0, 0, 0, 0, 0, 0, 0 }, // U+009B
    { 0, 0, 0, 0, 0, 0, 0 }, // U+009C
    { 0, 0, 0, 0, 0, 0, 0 }, // U+009D
    { 0, 0, 0, 0, 0, 0, 0 }, // U+009E
    { 0, 0, 0, 0, 0, 0, 0 }, // U+009F
    { 0, 0, 93, 0, 0, 0, 0 }, // U+00A0
    { 3, 15, 94, 2, 11, 12, 0 }, // U+00A1
    { 9, 14, 167, 1, 13, 32, 12 }, // U+00A2
    { 11, 15, 195, 1, 15, 42, 44 }, // U+00A3
    { 11, 12, 193, 0, 13, 33, 86 }, // U+00A4
    { 12, 15, 198, 0, 15, 45, 119 }, // U+00A5
    { 2, 19, 78, 2, 15, 10, 164 }, // U+00A6
    { 10, 19, 177, 1, 15, 48, 174 }, // U+00A7
    { 7, 3, 142, 1, 16, 6, 222 }, // U+00A8
    { 15, 15, 266, 1, 15, 57, 228 }, // U+00A9
    { 7, 6, 124, 0, 14, 11, 285 }, // U+00AA
    { 10, 9, 187, 1, 10, 23, 296 }, // U+00AB
    { 11, 7, 201, 1, 9, 20, 319 }, // U+00AC
    { 0, 0, 0, 0, 0, 0, 339 }, // U+00AD
    { 15, 15, 266, 1, 15, 57, 339 }, // U+00AE
    { 6, 2, 127, 1, 15, 3, 396 }, // U+00AF
    { 6, 6, 117, 1, 15, 9, 399 }, // U+00B0
    { 10, 11, 193, 1, 11, 28, 408 }, // U+00B1
    { 6, 8, 127, 1, 16, 12, 436 }, // U+00B2
    { 7, 8, 128, 1, 16, 14, 448 }, // U+00B3
    { 4, 3, 89, 0, 15, 3, 462 }, // U+00B4
    { 10, 15, 185, 1, 11, 38, 465 }, // U+00B5
    { 9, 19, 169, 1, 15, 43, 503 }, // U+00B6
    { 3, 3, 78, 1, 7, 3, 546 }, // U+00B7
    { 5, 6, 97, 1, 2, 8, 549 }, // U+00B8
    { 5, 8, 85, 0, 16, 10, 557 }, // U+00B9
    { 7, 6, 127, 0, 14, 11, 567 }, // U+00BA
    { 10, 9, 187, 1, 10, 23, 578 }, // U+00BB
    { 15, 14, 275, 1, 14, 53, 601 }, // U+00BC
    { 15, 14, 271, 1, 14, 53, 654 }, // U+00BD
    { 17, 15, 289, 1, 15, 64, 707 }, // U+00BE
    { 10, 15, 173, 1, 11, 38, 771 }, // U+00BF
    { 14, 19, 209, -1, 19, 67, 809 }, // U+00C0
    { 13, 19, 209, 0, 19, 62, 876 }, // U+00C1
    { 13, 19, 209, 0, 19, 62, 938 }, // U+00C2
    { 13, 19, 209, 0, 19, 62, 1000 }, // U+00C3
    { 13, 19, 209, 0, 19, 62, 1062 }, // U+00C4
    { 14, 19, 209, -1, 19, 67, 1124 }, // U+00C5
    { 21, 15, 333, 0, 15, 79, 1191 }, // U+00C6
    { 13, 19, 219, 1, 15, 62, 1270 }, // U+00C7
    { 10, 19, 189, 2, 19, 48, 1332 }, // U+00C8
    { 10, 19, 189, 2, 19, 48, 1380 }, // U+00C9
    { 10, 19, 189, 2, 19, 48, 1428 }, // U+00CA
    { 10, 19, 189, 2, 19, 48, 1476 }, // U+00CB
    { 6, 19, 138, 1, 19, 29, 1524 }, // U+00CC
    { 6, 19, 138, 1, 19, 29, 1553 }, // U+00CD
    { 8, 19, 138, 0, 19, 38, 1582 }, // U+00CE
    { 7, 19, 138, 1, 19, 34, 1620 }, // U+00CF
    { 13, 15, 237, 1, 15, 49, 1654 }, // U+00D0
    { 11, 19, 230, 2, 19, 53, 1703 }, // U+00D1
    { 13, 20, 242, 1, 20, 65, 1756 }, // U+00D2
    { 13, 20, 242, 1, 20, 65, 1821 }, // U+00D3
    { 13, 19, 242, 1, 19, 62, 1886 }, // U+00D4
    { 13, 19, 242, 1, 19, 62, 1948 }, // U+00D5
    { 13, 20, 242, 1, 20, 65, 2010 }, // U+00D6
    { 9, 11, 176, 1, 11, 25, 2075 }, // U+00D7
    { 13, 15, 242, 1, 15, 49, 2100 }, // U+00D8
    { 11, 20, 230, 2, 20, 55, 2149 }, // U+00D9
    { 11, 20, 230, 2, 20, 55, 2204 }, // U+00DA
    { 11, 19, 230, 2, 19, 53, 2259 }, // U+00DB
    { 11, 20, 230, 2, 20, 55, 2312 }, // U+00DC
    { 14, 19, 198, -1, 19, 67, 2367 }, // U+00DD
    { 10, 15, 192, 2, 15, 38, 2434 }, // U+00DE
    { 10, 15, 199, 2, 15, 38, 2472 }, // U+00DF
    { 10, 16, 175, 1, 16, 40, 2510 }, // U+00E0
    { 10, 16, 175, 1, 16, 40, 2550 }, // U+00E1
    { 10, 15, 175, 1, 15, 38, 2590 }, // U+00E2
    { 10, 15, 175, 1, 15, 38, 2628 }, // U+00E3
    { 10, 15, 175, 1, 15, 38, 2666 }, // U+00E4
    { 10, 18, 175, 1, 18, 45, 2704 }, // U+00E5
    { 17, 11, 291, 1, 11, 47, 2749 }, // U+00E6
    { 10, 15, 167, 1, 11, 38, 2796 }, // U+00E7
    { 10, 16, 180, 1, 16, 40, 2834 }, // U+00E8
    { 10, 16, 180, 1, 16, 40, 2874 }, // U+00E9
    { 10, 15, 180, 1, 15, 38, 2914 }, // U+00EA
    { 10, 15, 180, 1, 15, 38, 2952 }, // U+00EB
    { 4, 16, 91, 1, 16, 16, 2990 }, // U+00EC
    { 5, 16, 91, 0, 16, 20, 3006 }, // U+00ED
    { 7, 15, 91, -1, 15, 27, 3026 }, // U+00EE
    { 7, 15, 91, 0, 15, 27, 3053 }, // U+00EF
    { 10, 16, 189, 1, 16, 40, 3080 }, // U+00F0
    { 9, 15, 182, 1, 15, 34, 3120 }, // U+00F1
    { 10, 16, 184, 1, 16, 40, 3154 }, // U+00F2
    { 10, 16, 184, 1, 16, 40, 3194 }, // U+00F3
    { 10, 15, 184, 1, 15, 38, 3234 }, // U+00F4
    { 10, 15, 184, 1, 15, 38, 3272 }, // U+00F5
    { 10, 15, 184, 1, 15, 38, 3310 }, // U+00F6
    { 10, 11, 201, 1, 11, 28, 3348 }, // U+00F7
    { 10, 12, 184, 1, 12, 30, 3376 }, // U+00F8
    { 8, 16, 179, 1, 16, 32, 3406 }, // U+00F9
    { 8, 16, 179, 1, 16, 32, 3438 }, // U+00FA
    { 8, 15, 179, 1, 15, 30, 3470 }, // U+00FB
    { 8, 15, 179, 1, 15, 30, 3500 }, // U+00FC
    { 9, 19, 143, 0, 15, 43, 3530 }, // U+00FD
    { 10, 19, 189, 1, 15, 48, 3573 }, // U+00FE
    { 11, 19, 143, -1, 15, 53, 3621 }, // U+00FF
    { 14, 19, 209, 0, 19, 67, 0 }, // U+0100
    { 10, 15, 175, 1, 15, 38, 67 }, // U+0101
    { 13, 19, 209, 0, 19, 62, 105 }, // U+0102
    { 10, 15, 175, 1, 15, 38, 167 }, // U+0103
    { 14, 19, 209, 0, 15, 67, 205 }, // U+0104
    { 10, 15, 175, 1, 11, 38, 272 }, // U+0105
    { 12, 20, 219, 1, 20, 60, 310 }, // U+0106
    { 10, 16, 167, 1, 16, 40, 370 }, // U+0107
    { 12, 19, 219, 1, 19, 57, 410 }, // U+0108
    { 9, 15, 167, 1, 15, 34, 467 }, // U+0109
    { 12, 20, 219, 1, 20, 60, 501 }, // U+010A
    { 9, 15, 167, 1, 15, 34, 561 }, // U+010B
    { 12, 19, 219, 1, 19, 57, 595 }, // U+010C
    { 9, 15, 167, 1, 15, 34, 652 }, // U+010D
    { 11, 19, 224, 2, 19, 53, 686 }, // U+010E
    { 13, 15, 191, 1, 15, 49, 739 }, // U+010F
    { 13, 15, 237, 1, 15, 49, 788 }, // U+0110
    { 11, 15, 201, 1, 15, 42, 837 }, // U+0111
    { 10, 19, 189, 2, 19, 48, 879 }, // U+0112
    { 10, 15, 180, 1, 15, 38, 927 }, // U+0113
    { 10, 19, 189, 2, 19, 48, 965 }, // U+0114
    { 10, 15, 180, 1, 15, 38, 1013 }, // U+0115
    { 10, 19, 189, 2, 19, 48, 1051 }, // U+0116
    { 11, 15, 180, 1, 15, 42, 1099 }, // U+0117
    { 10, 19, 189, 2, 15, 48, 1141 }, // U+0118
    { 10, 15, 180, 1, 11, 38, 1189 }, // U+0119
    { 10, 19, 189, 2, 19, 48, 1227 }, // U+011A
    { 10, 15, 180, 1, 15, 38, 1275 }, // U+011B
    { 12, 19, 237, 1, 19, 57, 1313 }, // U+011C
    { 10, 20, 187, 1, 15, 50, 1370 }, // U+011D
    { 12, 19, 237, 1, 19, 57, 1420 }, // U+011E
    { 10, 20, 187, 1, 15, 50, 1477 }, // U+011F
    { 12, 20, 237, 1, 20, 60, 1527 }, // U+0120
    { 10, 20, 187, 1, 15, 50, 1587 }, // U+0121
    { 12, 21, 237, 1, 15, 63, 1637 }, // U+0122
    { 10, 22, 187, 1, 17, 55, 1700 }, // U+0123
    { 11, 19, 230, 2, 19, 53, 1755 }, // U+0124
    { 12, 19, 182, -2, 19, 57, 1808 }, // U+0125
    { 14, 15, 237, 1, 15, 53, 1865 }, // U+0126
    { 10, 15, 194, 1, 15, 38, 1918 }, // U+0127
    { 8, 19, 138, 0, 19, 38, 1956 }, // U+0128
    { 8, 15, 91, -2, 15, 30, 1994 }, // U+0129
    { 6, 19, 138, 1, 19, 29, 2024 }, // U+012A
    { 6, 15, 91, 0, 15, 23, 2053 }, // U+012B
    { 8, 19, 138, 0, 19, 38, 2076 }, // U+012C
    { 7, 15, 91, -1, 15, 27, 2114 }, // U+012D
    { 6, 19, 138, 1, 15, 29, 2141 }, // U+012E
    { 4, 20, 93, 1, 16, 20, 2170 }, // U+012F
    { 6, 19, 138, 1, 19, 29, 2190 }, // U+0130
    { 4, 11, 91, 0, 11, 11, 2219 }, // U+0131
    { 16, 15, 308, 1, 15, 60, 2230 }, // U+0132
    { 10, 19, 177, 0, 15, 48, 2290 }, // U+0133
    { 12, 19, 170, 1, 19, 57, 2338 }, // U+0134
    { 8, 19, 85, -1, 15, 38, 2395 }, // U+0135
    { 12, 22, 209, 2, 15, 66, 2433 }, // U+0136
    { 10, 22, 163, 1, 15, 55, 2499 }, // U+0137
    { 9, 11, 163, 1, 11, 25, 2554 }, // U+0138
    { 10, 19, 180, 2, 19, 48, 2579 }, // U+0139
    { 4, 19, 80, 1, 19, 19, 2627 }, // U+013A
    { 10, 22, 180, 2, 15, 55, 2646 }, // U+013B
    { 4, 22, 80, 0, 15, 22, 2701 }, // U+013C
    { 10, 15, 180, 2, 15, 38, 2723 }, // U+013D
    { 5, 15, 80, 1, 15, 19, 2761 }, // U+013E
    { 10, 15, 180, 2, 15, 38, 2780 }, // U+013F
    { 6, 15, 123, 1, 15, 23, 2818 }, // U+0140
    { 12, 15, 191, 1, 15, 45, 2841 }, // U+0141
    { 5, 15, 79, 0, 15, 19, 2886 }, // U+0142
    { 11, 19, 230, 2, 19, 53, 2905 }, // U+0143
    { 9, 16, 182, 1, 16, 36, 2958 }, // U+0144
    { 11, 22, 230, 2, 15, 61, 2994 }, // U+0145
    { 9, 18, 182, 1, 11, 41, 3055 }, // U+0146
    { 11, 19, 230, 2, 19, 53, 3096 }, // U+0147
    { 9, 15, 182, 1, 15, 34, 3149 }, // U+0148
    { 12, 15, 235, 1, 15, 45, 3183 }, // U+0149
    { 11, 19, 230, 2, 15, 53, 3228 }, // U+014A
    { 9, 15, 182, 1, 11, 34, 3281 }, // U+014B
    { 13, 19, 242, 1, 19, 62, 3315 }, // U+014C
    { 10, 15, 184, 1, 15, 38, 3377 }, // U+014D
    { 13, 19, 242, 1, 19, 62, 3415 }, // U+014E
    { 10, 15, 184, 1, 15, 38, 3477 }, // U+014F
    { 13, 20, 242, 1, 20, 65, 3515 }, // U+0150
    { 10, 16, 184, 1, 16, 40, 3580 }, // U+0151
    { 20, 15, 351, 1, 15, 75, 3620 }, // U+0152
    { 19, 11, 309, 1, 11, 53, 3695 }, // U+0153
    { 11, 19, 206, 2, 19, 53, 3748 }, // U+0154
    { 6, 16, 113, 1, 16, 24, 3801 }, // U+0155
    { 11, 22, 206, 2, 15, 61, 3825 }, // U+0156
    { 7, 18, 113, 0, 11, 32, 3886 }, // U+0157
    { 11, 19, 206, 2, 19, 53, 3918 }, // U+0158
    { 8, 15, 113, 0, 15, 30, 3971 }, // U+0159
    { 12, 20, 199, 0, 20, 60, 4001 }, // U+015A
    { 9, 16, 157, 0, 16, 36, 4061 }, // U+015B
    { 12, 19, 199, 0, 19, 57, 4097 }, // U+015C
    { 9, 15, 157, 0, 15, 34, 4154 }, // U+015D
    { 12, 19, 199, 0, 15, 57, 4188 }, // U+015E
    { 9, 15, 157, 0, 11, 34, 4245 }, // U+015F
    { 12, 19, 199, 0, 19, 57, 4279 }, // U+0160
    { 9, 15, 157, 0, 15, 34, 4336 }, // U+0161
    { 11, 19, 186, 1, 15, 53, 4370 }, // U+0162
    { 6, 18, 108, 1, 14, 27, 4423 }, // U+0163
    { 11, 19, 186, 1, 19, 53, 4450 }, // U+0164
    { 8, 16, 108, 1, 16, 32, 4503 }, // U+0165
    { 11, 15, 186, 1, 15, 42, 4535 }, // U+0166
    { 6, 14, 108, 1, 14, 21, 4577 }, // U+0167
    { 11, 19, 230, 2, 19, 53, 4598 }, // U+0168
    { 8, 15, 179, 1, 15, 30, 4651 }, // U+0169
    { 11, 19, 230, 2, 19, 53, 4681 }, // U+016A
    { 8, 15, 179, 1, 15, 30, 4734 }, // U+016B
    { 11, 19, 230, 2, 19, 53, 4764 }, // U+016C
    { 8, 15, 179, 1, 15, 30, 4817 }, // U+016D
    { 11, 21, 230, 2, 21, 58, 4847 }, // U+016E
    { 8, 18, 179, 1, 18, 36, 4905 }, // U+016F
    { 11, 20, 230, 2, 20, 55, 4941 }, // U+0170
    { 8, 16, 179, 1, 16, 32, 4996 }, // U+0171
    { 11, 19, 230, 2, 15, 53, 5028 }, // U+0172
    { 8, 15, 179, 1, 11, 30, 5081 }, // U+0173
    { 18, 19, 280, 0, 19, 86, 5111 }, // U+0174
    { 14, 15, 218, 0, 15, 53, 5197 }, // U+0175
    { 13, 19, 198, -1, 19, 62, 5250 }, // U+0176
    { 10, 19, 143, 0, 15, 48, 5312 }, // U+0177
    { 13, 19, 198, 0, 19, 62, 5360 }, // U+0178
    { 11, 19, 202, 1, 19, 53, 5422 }, // U+0179
    { 8, 16, 153, 1, 16, 32, 5475 }, // U+017A
    { 11, 19, 202, 1, 19, 53, 5507 }, // U+017B
    { 8, 15, 153, 1, 15, 30, 5560 }, // U+017C
    { 11, 19, 202, 1, 19, 53, 5590 }, // U+017D
    { 8, 15, 153, 1, 15, 30, 5643 }, // U+017E
    { 6, 16, 104, 0, 16, 24, 5673 }, // U+017F
    { 14, 17, 242, 1, 17, 60, 0 }, // U+01A0
    { 12, 13, 190, 1, 13, 39, 60 }, // U+01A1
    { 14, 17, 237, 2, 17, 60, 99 }, // U+01AF
    { 11, 14, 188, 1, 14, 39, 159 }, // U+01B0
    { 24, 19, 427, 2, 19, 114, 198 }, // U+01C4
    { 21, 15, 378, 2, 15, 79, 312 }, // U+01C5
    { 20, 15, 341, 1, 15, 75, 391 }, // U+01C6
    { 19, 15, 350, 2, 15, 72, 466 }, // U+01C7
    { 14, 19, 264, 2, 15, 67, 538 }, // U+01C8
    { 8, 19, 164, 1, 15, 38, 605 }, // U+01C9
    { 22, 15, 400, 2, 15, 83, 643 }, // U+01CA
    { 17, 19, 314, 2, 15, 81, 726 }, // U+01CB
    { 14, 19, 267, 1, 15, 67, 807 }, // U+01CC
    { 13, 19, 209, 0, 19, 62, 874 }, // U+01CD
    { 10, 15, 175, 1, 15, 38, 936 }, // U+01CE
    { 11, 19, 230, 2, 19, 53, 974 }, // U+01D3
    { 8, 15, 179, 1, 15, 30, 1027 }, // U+01D4
    { 12, 19, 237, 1, 19, 57, 1057 }, // U+01E6
    { 10, 20, 187, 1, 15, 50, 1114 }, // U+01E7
    { 13, 19, 242, 1, 15, 62, 1164 }, // U+01EA
    { 10, 15, 184, 1, 11, 38, 1226 }, // U+01EB
    { 24, 15, 427, 2, 15, 90, 1264 }, // U+01F1
    { 21, 15, 378, 2, 15, 79, 1354 }, // U+01F2
    { 20, 15, 341, 1, 15, 75, 1433 }, // U+01F3
    { 14, 22, 209, -1, 22, 77, 1508 }, // U+01FA
    { 10, 22, 175, 1, 22, 55, 1585 }, // U+01FB
    { 21, 19, 333, 0, 19, 100, 1640 }, // U+01FC
    { 17, 16, 291, 1, 16, 68, 1740 }, // U+01FD
    { 13, 20, 242, 1, 20, 65, 1808 }, // U+01FE
    { 10, 16, 184, 1, 16, 40, 1873 }, // U+01FF
    { 12, 21, 199, 0, 15, 63, 1913 }, // U+0218
    { 9, 17, 157, 0, 11, 39, 1976 }, // U+0219
    { 11, 22, 186, 1, 15, 61, 2015 }, // U+021A
    { 6, 21, 108, 1, 14, 32, 2076 }, // U+021B
    { 11, 19, 230, 2, 19, 53, 2108 }, // U+021E
    { 12, 19, 182, -2, 19, 57, 2161 }, // U+021F
    { 4, 3, 54, 0, 15, 3, 0 }, // U+0300
    { 4, 3, 54, -1, 15, 3, 3 }, // U+0301
    { 7, 3, 108, 0, 16, 6, 6 }, // U+0302
    { 7, 3, 110, 0, 16, 6, 12 }, // U+0303
    { 6, 2, 92, 0, 15, 3, 18 }, // U+0304
    { 7, 3, 98, 0, 15, 6, 21 }, // U+0306
    { 2, 3, 36, 0, 16, 2, 27 }, // U+0307
    { 7, 3, 106, 0, 16, 6, 29 }, // U+0308
    { 4, 5, 52, 0, 17, 5, 35 }, // U+0309
    { 4, 5, 73, 0, 17, 5, 40 }, // U+030A
    { 7, 3, 103, -1, 15, 6, 45 }, // U+030B
    { 7, 3, 108, 0, 15, 6, 51 }, // U+030C
    { 7, 4, 108, 0, 13, 7, 57 }, // U+031B
    { 3, 3, 68, 1, -2, 3, 64 }, // U+0323
    { 4, 6, 0, 0, 1, 6, 67 }, // U+0326
    { 5, 6, 0, 0, 2, 8, 73 }, // U+0327
    { 4, 5, 52, 0, 0, 5, 81 }, // U+0328
    { 0, 0, 0, 0, 0, 0, 86 }, // U+034F
    { 13, 20, 209, 0, 15, 65, 0 }, // U+1EA0
    { 10, 15, 175, 1, 11, 38, 65 }, // U+1EA1
    { 14, 20, 209, 0, 20, 70, 103 }, // U+1EA2
    { 10, 17, 175, 1, 17, 43, 173 }, // U+1EA3
    { 14, 22, 209, 0, 22, 77, 216 }, // U+1EA4
    { 10, 19, 175, 1, 19, 48, 293 }, // U+1EA5
    { 13, 21, 209, 0, 21, 69, 341 }, // U+1EA6
    { 10, 19, 175, 1, 19, 48, 410 }, // U+1EA7
    { 14, 22, 209, 0, 22, 77, 458 }, // U+1EA8
    { 10, 20, 175, 1, 20, 50, 535 }, // U+1EA9
    { 13, 23, 209, 0, 23, 75, 585 }, // U+1EAA
    { 10, 20, 175, 1, 20, 50, 660 }, // U+1EAB
    { 13, 24, 209, 0, 19, 78, 710 }, // U+1EAC
    { 10, 19, 175, 1, 15, 48, 788 }, // U+1EAD
    { 13, 23, 209, 0, 23, 75, 836 }, // U+1EAE
    { 10, 20, 175, 1, 20, 50, 911 }, // U+1EAF
    { 14, 23, 209, -1, 23, 81, 961 }, // U+1EB0
    { 10, 20, 175, 1, 20, 50, 1042 }, // U+1EB1
    { 14, 24, 209, 0, 24, 84, 1092 }, // U+1EB2
    { 10, 21, 175, 1, 21, 53, 1176 }, // U+1EB3
    { 13, 23, 209, 0, 23, 75, 1229 }, // U+1EB4
    { 10, 19, 175, 1, 19, 48, 1304 }, // U+1EB5
    { 13, 24, 209, 0, 19, 78, 1352 }, // U+1EB6
    { 10, 19, 175, 1, 15, 48, 1430 }, // U+1EB7
    { 10, 20, 189, 2, 15, 50, 1478 }, // U+1EB8
    { 10, 15, 180, 1, 11, 38, 1528 }, // U+1EB9
    { 10, 20, 189, 2, 20, 50, 1566 }, // U+1EBA
    { 10, 17, 180, 1, 17, 43, 1616 }, // U+1EBB
    { 10, 19, 189, 2, 19, 48, 1659 }, // U+1EBC
    { 10, 15, 180, 1, 15, 38, 1707 }, // U+1EBD
    { 11, 22, 189, 2, 22, 61, 1745 }, // U+1EBE
    { 11, 19, 180, 1, 19, 53, 1806 }, // U+1EBF
    { 11, 21, 189, 2, 21, 58, 1859 }, // U+1EC0
    { 10, 19, 180, 1, 19, 48, 1917 }, // U+1EC1
    { 11, 22, 189, 2, 22, 61, 1965 }, // U+1EC2
    { 10, 20, 180, 1, 20, 50, 2026 }, // U+1EC3
    { 10, 23, 189, 2, 23, 58, 2076 }, // U+1EC4
    { 10, 20, 180, 1, 20, 50, 2134 }, // U+1EC5
    { 10, 24, 189, 2, 19, 60, 2184 }, // U+1EC6
    { 10, 19, 180, 1, 15, 48, 2244 }, // U+1EC7
    { 6, 20, 138, 1, 20, 30, 2292 }, // U+1EC8
    { 5, 17, 91, 0, 17, 22, 2322 }, // U+1EC9
    { 6, 20, 138, 1, 15, 30, 2344 }, // U+1ECA
    { 4, 20, 93, 1, 16, 20, 2374 }, // U+1ECB
    { 13, 19, 242, 1, 15, 62, 2394 }, // U+1ECC
    { 10, 15, 184, 1, 11, 38, 2456 }, // U+1ECD
    { 13, 21, 242, 1, 21, 69, 2494 }, // U+1ECE
    { 10, 17, 184, 1, 17, 43, 2563 }, // U+1ECF
    { 13, 22, 242, 1, 22, 72, 2606 }, // U+1ED0
    { 11, 19, 184, 1, 19, 53, 2678 }, // U+1ED1
    { 13, 21, 242, 1, 21, 69, 2731 }, // U+1ED2
    { 10, 19, 184, 1, 19, 48, 2800 }, // U+1ED3
    { 13, 23, 242, 1, 23, 75, 2848 }, // U+1ED4
    { 10, 20, 184, 1, 20, 50, 2923 }, // U+1ED5
    { 13, 23, 242, 1, 23, 75, 2973 }, // U+1ED6
    { 10, 20, 184, 1, 20, 50, 3048 }, // U+1ED7
    { 13, 23, 242, 1, 19, 75, 3098 }, // U+1ED8
    { 10, 19, 184, 1, 15, 48, 3173 }, // U+1ED9
    { 14, 20, 242, 1, 20, 70, 3221 }, // U+1EDA
    { 12, 16, 190, 1, 16, 48, 3291 }, // U+1EDB
    { 14, 20, 242, 1, 20, 70, 3339 }, // U+1EDC
    { 12, 16, 190, 1, 16, 48, 3409 }, // U+1EDD
    { 14, 21, 242, 1, 21, 74, 3457 }, // U+1EDE
    { 12, 17, 190, 1, 17, 51, 3531 }, // U+1EDF
    { 14, 19, 242, 1, 19, 67, 3582 }, // U+1EE0
    { 12, 15, 190, 1, 15, 45, 3649 }, // U+1EE1
    { 14, 21, 242, 1, 17, 74, 3694 }, // U+1EE2
    { 12, 17, 190, 1, 13, 51, 3768 }, // U+1EE3
    { 11, 19, 230, 2, 15, 53, 3819 }, // U+1EE4
    { 8, 15, 179, 1, 11, 30, 3872 }, // U+1EE5
    { 11, 21, 230, 2, 21, 58, 3902 }, // U+1EE6
    { 8, 17, 179, 1, 17, 34, 3960 }, // U+1EE7
    { 14, 20, 237, 2, 20, 70, 3994 }, // U+1EE8
    { 11, 16, 188, 1, 16, 44, 4064 }, // U+1EE9
    { 14, 20, 237, 2, 20, 70, 4108 }, // U+1EEA
    { 11, 16, 188, 1, 16, 44, 4178 }, // U+1EEB
    { 14, 21, 237, 2, 21, 74, 4222 }, // U+1EEC
    { 11, 17, 188, 1, 17, 47, 4296 }, // U+1EED
    { 14, 19, 237, 2, 19, 67, 4343 }, // U+1EEE
    { 11, 15, 188, 1, 15, 42, 4410 }, // U+1EEF
    { 14, 21, 237, 2, 17, 74, 4452 }, // U+1EF0
    { 11, 18, 188, 1, 14, 50, 4526 }, // U+1EF1
    { 13, 19, 198, -1, 19, 62, 4576 }, // U+1EF2
    { 10, 19, 143, 0, 15, 48, 4638 }, // U+1EF3
    { 13, 20, 198, 0, 15, 65, 4686 }, // U+1EF4
    { 10, 16, 143, 0, 11, 40, 4751 }, // U+1EF5
    { 14, 20, 198, -1, 20, 70, 4791 }, // U+1EF6
    { 10, 20, 143, 0, 16, 50, 4861 }, // U+1EF7
    { 14, 19, 198, -1, 19, 67, 4911 }, // U+1EF8
    { 9, 19, 143, 0, 15, 43, 4978 }, // U+1EF9
    { 0, 0, 0, 0, 0, 0, 0 }, // U+200B
    { 0, 0, 0, 0, 0, 0, 0 }, // U+200C
    { 0, 0, 0, 0, 0, 0, 0 }, // U+200D
    { 0, 0, 0, 0, 0, 0, 0 }, // U+200E
    { 0, 0, 0, 0, 0, 0, 0 }, // U+200F
    { 5, 2, 109, 1, 7, 3, 0 }, // U+2010
    { 8, 2, 160, 1, 7, 4, 3 }, // U+2013
    { 15, 2, 267, 1, 7, 8, 7 }, // U+2014
    { 3, 5, 78, 1, 15, 4, 15 }, // U+2018
    { 3, 5, 78, 1, 15, 4, 19 }, // U+2019
    { 3, 5, 78, 1, 2, 4, 23 }, // U+201A
    { 6, 5, 133, 1, 15, 8, 27 }, // U+201C
    { 6, 5, 133, 1, 15, 8, 35 }, // U+201D
    { 6, 5, 133, 1, 2, 8, 43 }, // U+201E
    { 10, 15, 180, 1, 15, 38, 51 }, // U+2020
    { 10, 15, 180, 1, 15, 38, 89 }, // U+2021
    { 7, 7, 146, 1, 9, 13, 127 }, // U+2022
    { 13, 3, 232, 1, 3, 10, 140 }, // U+2026
    { 0, 0, 0, 0, 0, 0, 150 }, // U+202A
    { 0, 0, 0, 0, 0, 0, 150 }, // U+202B
    { 0, 0, 0, 0, 0, 0, 150 }, // U+202C
    { 0, 0, 0, 0, 0, 0, 150 }, // U+202D
    { 0, 0, 0, 0, 0, 0, 150 }, // U+202E
    { 26, 15, 443, 1, 15, 98, 150 }, // U+2030
    { 6, 9, 118, 1, 10, 14, 248 }, // U+2039
    { 6, 9, 118, 1, 10, 14, 262 }, // U+203A
    { 12, 15, 195, 0, 15, 45, 276 }, // U+2044
    { 0, 0, 0, 0, 0, 0, 321 }, // U+2060
    { 0, 0, 0, 0, 0, 0, 321 }, // U+2061
    { 0, 0, 0, 0, 0, 0, 321 }, // U+2062
    { 0, 0, 0, 0, 0, 0, 321 }, // U+2063
    { 0, 0, 0, 0, 0, 0, 321 }, // U+2064
    { 0, 0, 0, 0, 0, 0, 321 }, // U+2066
    { 0, 0, 0, 0, 0, 0, 321 }, // U+2067
    { 0, 0, 0, 0, 0, 0, 321 }, // U+2068
    { 0, 0, 0, 0, 0, 0, 321 }, // U+2069
    { 0, 0, 0, 0, 0, 0, 321 }, // U+206A
    { 0, 0, 0, 0, 0, 0, 321 }, // U+206B
    { 0, 0, 0, 0, 0, 0, 321 }, // U+206C
    { 0, 0, 0, 0, 0, 0, 321 }, // U+206D
    { 0, 0, 0, 0, 0, 0, 321 }, // U+206E
    { 0, 0, 0, 0, 0, 0, 321 }, // U+206F
    { 7, 8, 137, 1, 16, 14, 0 }, // U+2074
    { 11, 18, 201, 1, 15, 50, 0 }, // U+20AB
    { 13, 15, 221, 0, 15, 49, 50 }, // U+20AC
    { 10, 14, 194, 1, 14, 35, 0 }, // U+2202
    { 10, 18, 195, 1, 14, 45, 35 }, // U+220F
    { 11, 18, 196, 1, 14, 50, 80 }, // U+2211
    { 11, 2, 201, 1, 6, 6, 130 }, // U+2212
    { 13, 14, 199, 0, 14, 46, 136 }, // U+2215
    { 3, 3, 78, 1, 7, 3, 182 }, // U+2219
    { 11, 19, 194, 1, 15, 53, 185 }, // U+221A
    { 14, 7, 258, 1, 9, 25, 238 }, // U+221E
    { 8, 19, 153, 1, 15, 38, 263 }, // U+222B
    { 10, 7, 194, 1, 9, 18, 301 }, // U+2248
    { 11, 12, 201, 1, 11, 33, 319 }, // U+2260
    { 10, 11, 193, 1, 11, 28, 352 }, // U+2264
    { 10, 11, 193, 1, 11, 28, 380 }, // U+2265
    { 11, 16, 192, 1, 16, 44, 0 }, // U+FB00
    { 10, 16, 176, 0, 16, 40, 44 }, // U+FB01
    { 11, 16, 183, 1, 16, 44, 84 }, // U+FB02
    { 15, 16, 264, 0, 16, 60, 128 }, // U+FB03
    { 17, 16, 271, 1, 16, 68, 188 }, // U+FB04
    { 9, 15, 174, 1, 15, 34, 0 }, // U+FFFD
};

static const EpdUnicodeInterval lexenddeca_10_regularIntervals[] = {
    { 0x0, 0x17F, 0x0 },
    { 0x1A0, 0x1A1, 0x180 },
    { 0x1AF, 0x1B0, 0x182 },
    { 0x1C4, 0x1CE, 0x184 },
    { 0x1D3, 0x1D4, 0x18F },
    { 0x1E6, 0x1E7, 0x191 },
    { 0x1EA, 0x1EB, 0x193 },
    { 0x1F1, 0x1F3, 0x195 },
    { 0x1FA, 0x1FF, 0x198 },
    { 0x218, 0x21B, 0x19E },
    { 0x21E, 0x21F, 0x1A2 },
    { 0x300, 0x304, 0x1A4 },
    { 0x306, 0x30C, 0x1A9 },
    { 0x31B, 0x31B, 0x1B0 },
    { 0x323, 0x323, 0x1B1 },
    { 0x326, 0x328, 0x1B2 },
    { 0x34F, 0x34F, 0x1B5 },
    { 0x1EA0, 0x1EF9, 0x1B6 },
    { 0x200B, 0x2010, 0x210 },
    { 0x2013, 0x2014, 0x216 },
    { 0x2018, 0x201A, 0x218 },
    { 0x201C, 0x201E, 0x21B },
    { 0x2020, 0x2022, 0x21E },
    { 0x2026, 0x2026, 0x221 },
    { 0x202A, 0x202E, 0x222 },
    { 0x2030, 0x2030, 0x227 },
    { 0x2039, 0x203A, 0x228 },
    { 0x2044, 0x2044, 0x22A },
    { 0x2060, 0x2064, 0x22B },
    { 0x2066, 0x206F, 0x230 },
    { 0x2074, 0x2074, 0x23A },
    { 0x20AB, 0x20AC, 0x23B },
    { 0x2202, 0x2202, 0x23D },
    { 0x220F, 0x220F, 0x23E },
    { 0x2211, 0x2212, 0x23F },
    { 0x2215, 0x2215, 0x241 },
    { 0x2219, 0x221A, 0x242 },
    { 0x221E, 0x221E, 0x244 },
    { 0x222B, 0x222B, 0x245 },
    { 0x2248, 0x2248, 0x246 },
    { 0x2260, 0x2260, 0x247 },
    { 0x2264, 0x2265, 0x248 },
    { 0xFB00, 0xFB04, 0x24A },
    { 0xFFFD, 0xFFFD, 0x24F },
};

static const EpdFontGroup lexenddeca_10_regularGroups[] = {
    { 0, 1731, 3572, 128, 0 },
    { 1731, 1819, 4307, 128, 128 },
    { 3550, 2184, 6410, 128, 256 },
    { 5734, 1109, 2459, 36, 384 },
    { 6843, 98, 93, 18, 420 },
    { 6941, 1569, 5849, 90, 438 },
    { 8510, 222, 363, 42, 528 },
    { 8732, 19, 16, 1, 570 },
    { 8751, 95, 114, 2, 571 },
    { 8846, 272, 461, 13, 573 },
    { 9118, 127, 288, 5, 586 },
    { 9245, 42, 45, 1, 591 },
};

static const EpdKernClassEntry lexenddeca_10_regularKernLeftClasses[] = {
    { 0x0028, 1 }, // (
    { 0x002C, 2 }, // ,
    { 0x002D, 3 }, // -
    { 0x002E, 2 }, // .
    { 0x002F, 4 }, // /
    { 0x0030, 5 }, // 0
    { 0x0031, 6 }, // 1
    { 0x0032, 7 }, // 2
    { 0x0034, 8 }, // 4
    { 0x0035, 9 }, // 5
    { 0x0036, 10 }, // 6
    { 0x0037, 11 }, // 7
    { 0x0038, 12 }, // 8
    { 0x0039, 13 }, // 9
    { 0x0041, 14 }, // A
    { 0x0042, 15 }, // B
    { 0x0043, 16 }, // C
    { 0x0044, 17 }, // D
    { 0x0045, 18 }, // E
    { 0x0046, 19 }, // F
    { 0x0047, 20 }, // G
    { 0x0049, 21 }, // I
    { 0x004A, 22 }, // J
    { 0x004B, 23 }, // K
    { 0x004C, 24 }, // L
    { 0x004F, 17 }, // O
    { 0x0050, 25 }, // P
    { 0x0051, 26 }, // Q
    { 0x0052, 27 }, // R
    { 0x0053, 28 }, // S
    { 0x0054, 29 }, // T
    { 0x0055, 30 }, // U
    { 0x0056, 31 }, // V
    { 0x0057, 32 }, // W
    { 0x0058, 33 }, // X
    { 0x0059, 34 }, // Y
    { 0x005A, 35 }, // Z
    { 0x0061, 36 }, // a
    { 0x0062, 37 }, // b
    { 0x0063, 38 }, // c
    { 0x0065, 39 }, // e
    { 0x0066, 40 }, // f
    { 0x0067, 41 }, // g
    { 0x0068, 42 }, // h
    { 0x006A, 43 }, // j
    { 0x006B, 44 }, // k
    { 0x006C, 45 }, // l
    { 0x006D, 42 }, // m
    { 0x006E, 42 }, // n
    { 0x006F, 37 }, // o
    { 0x0070, 37 }, // p
    { 0x0071, 46 }, // q
    { 0x0072, 47 }, // r
    { 0x0073, 48 }, // s
    { 0x0074, 49 }, // t
    { 0x0075, 50 }, // u
    { 0x0076, 51 }, // v
    { 0x0077, 52 }, // w
    { 0x0078, 53 }, // x
    { 0x0079, 51 }, // y
    { 0x007A, 54 }, // z
    { 0x00C0, 14 }, // U+00C0
    { 0x00C1, 14 }, // U+00C1
    { 0x00C2, 14 }, // U+00C2
    { 0x00C3, 14 }, // U+00C3
    { 0x00C4, 14 }, // U+00C4
    { 0x00C5, 14 }, // U+00C5
    { 0x00C6, 18 }, // U+00C6
    { 0x00C7, 16 }, // U+00C7
    { 0x00C8, 18 }, // U+00C8
    { 0x00C9, 18 }, // U+00C9
    { 0x00CA, 18 }, // U+00CA
    { 0x00CB, 18 }, // U+00CB
    { 0x00CC, 21 }, // U+00CC
    { 0x00CD, 21 }, // U+00CD
    { 0x00CE, 21 }, // U+00CE
    { 0x00CF, 21 }, // U+00CF
    { 0x00D0, 17 }, // U+00D0
    { 0x00D2, 17 }, // U+00D2
    { 0x00D3, 17 }, // U+00D3
    { 0x00D4, 17 }, // U+00D4
    { 0x00D5, 17 }, // U+00D5
    { 0x00D6, 17 }, // U+00D6
    { 0x00D8, 17 }, // U+00D8
    { 0x00D9, 30 }, // U+00D9
    { 0x00DA, 30 }, // U+00DA
    { 0x00DB, 30 }, // U+00DB
    { 0x00DC, 30 }, // U+00DC
    { 0x00DD, 34 }, // U+00DD
    { 0x00E0, 42 }, // U+00E0
    { 0x00E1, 42 }, // U+00E1
    { 0x00E2, 42 }, // U+00E2
    { 0x00E3, 42 }, // U+00E3
    { 0x00E4, 42 }, // U+00E4
    { 0x00E5, 42 }, // U+00E5
    { 0x00E6, 39 }, // U+00E6
    { 0x00E7, 38 }, // U+00E7
    { 0x00E8, 39 }, // U+00E8
    { 0x00E9, 39 }, // U+00E9
    { 0x00EA, 39 }, // U+00EA
    { 0x00EB, 39 }, // U+00EB
    { 0x00F0, 17 }, // U+00F0
    { 0x00F1, 42 }, // U+00F1
    { 0x00F2, 37 }, // U+00F2
    { 0x00F3, 37 }, // U+00F3
    { 0x00F4, 37 }, // U+00F4
    { 0x00F5, 37 }, // U+00F5
    { 0x00F6, 37 }, // U+00F6
    { 0x00F8, 37 }, // U+00F8
    { 0x00F9, 50 }, // U+00F9
    { 0x00FA, 50 }, // U+00FA
    { 0x00FB, 50 }, // U+00FB
    { 0x00FC, 50 }, // U+00FC
    { 0x00FD, 51 }, // U+00FD
    { 0x00FE, 37 }, // U+00FE
    { 0x00FF, 51 }, // U+00FF
    { 0x0100, 14 }, // U+0100
    { 0x0101, 42 }, // U+0101
    { 0x0102, 14 }, // U+0102
    { 0x0103, 42 }, // U+0103
    { 0x0104, 14 }, // U+0104
    { 0x0105, 42 }, // U+0105
    { 0x0106, 16 }, // U+0106
    { 0x0107, 38 }, // U+0107
    { 0x0108, 16 }, // U+0108
    { 0x0109, 38 }, // U+0109
    { 0x010A, 16 }, // U+010A
    { 0x010B, 38 }, // U+010B
    { 0x010C, 16 }, // U+010C
    { 0x010D, 38 }, // U+010D
    { 0x010E, 17 }, // U+010E
    { 0x010F, 55 }, // U+010F
    { 0x0111, 40 }, // U+0111
    { 0x0112, 18 }, // U+0112
    { 0x0113, 39 }, // U+0113
    { 0x0114, 18 }, // U+0114
    { 0x0115, 39 }, // U+0115
    { 0x0116, 18 }, // U+0116
    { 0x0117, 39 }, // U+0117
    { 0x0118, 18 }, // U+0118
    { 0x0119, 39 }, // U+0119
    { 0x011A, 18 }, // U+011A
    { 0x011B, 39 }, // U+011B
    { 0x011C, 20 }, // U+011C
    { 0x011D, 41 }, // U+011D
    { 0x011E, 20 }, // U+011E
    { 0x011F, 41 }, // U+011F
    { 0x0120, 20 }, // U+0120
    { 0x0121, 41 }, // U+0121
    { 0x0122, 20 }, // U+0122
    { 0x0123, 41 }, // U+0123
    { 0x0125, 42 }, // U+0125
    { 0x0127, 42 }, // U+0127
    { 0x0128, 21 }, // U+0128
    { 0x012A, 21 }, // U+012A
    { 0x012C, 21 }, // U+012C
    { 0x012E, 21 }, // U+012E
    { 0x0130, 21 }, // U+0130
    { 0x0132, 22 }, // U+0132
    { 0x0133, 43 }, // U+0133
    { 0x0134, 22 }, // U+0134
    { 0x0135, 43 }, // U+0135
    { 0x0136, 23 }, // U+0136
    { 0x0137, 44 }, // U+0137
    { 0x0138, 44 }, // U+0138
    { 0x0139, 24 }, // U+0139
    { 0x013A, 56 }, // U+013A
    { 0x013B, 24 }, // U+013B
    { 0x013C, 56 }, // U+013C
    { 0x013E, 55 }, // U+013E
    { 0x013F, 24 }, // U+013F
    { 0x0140, 57 }, // U+0140
    { 0x0141, 24 }, // U+0141
    { 0x0142, 56 }, // U+0142
    { 0x0144, 42 }, // U+0144
    { 0x0146, 42 }, // U+0146
    { 0x0148, 42 }, // U+0148
    { 0x0149, 42 }, // U+0149
    { 0x014B, 42 }, // U+014B
    { 0x014C, 17 }, // U+014C
    { 0x014D, 37 }, // U+014D
    { 0x014E, 17 }, // U+014E
    { 0x014F, 37 }, // U+014F
    { 0x0150, 17 }, // U+0150
    { 0x0151, 37 }, // U+0151
    { 0x0152, 18 }, // U+0152
    { 0x0153, 39 }, // U+0153
    { 0x0154, 27 }, // U+0154
    { 0x0155, 47 }, // U+0155
    { 0x0156, 27 }, // U+0156
    { 0x0157, 47 }, // U+0157
    { 0x0158, 27 }, // U+0158
    { 0x0159, 47 }, // U+0159
    { 0x015A, 28 }, // U+015A
    { 0x015B, 48 }, // U+015B
    { 0x015C, 28 }, // U+015C
    { 0x015D, 48 }, // U+015D
    { 0x015E, 28 }, // U+015E
    { 0x015F, 48 }, // U+015F
    { 0x0160, 28 }, // U+0160
    { 0x0161, 48 }, // U+0161
    { 0x0162, 29 }, // U+0162
    { 0x0163, 49 }, // U+0163
    { 0x0164, 29 }, // U+0164
    { 0x0165, 55 }, // U+0165
    { 0x0166, 29 }, // U+0166
    { 0x0168, 30 }, // U+0168
    { 0x0169, 50 }, // U+0169
    { 0x016A, 30 }, // U+016A
    { 0x016B, 50 }, // U+016B
    { 0x016C, 30 }, // U+016C
    { 0x016D, 50 }, // U+016D
    { 0x016E, 30 }, // U+016E
    { 0x016F, 50 }, // U+016F
    { 0x0170, 30 }, // U+0170
    { 0x0171, 50 }, // U+0171
    { 0x0172, 30 }, // U+0172
    { 0x0173, 50 }, // U+0173
    { 0x0176, 34 }, // U+0176
    { 0x0177, 51 }, // U+0177
    { 0x0178, 34 }, // U+0178
    { 0x0179, 35 }, // U+0179
    { 0x017A, 54 }, // U+017A
    { 0x017B, 35 }, // U+017B
    { 0x017C, 54 }, // U+017C
    { 0x017D, 35 }, // U+017D
    { 0x017E, 54 }, // U+017E
    { 0x017F, 40 }, // U+017F
    { 0x01A0, 58 }, // U+01A0
    { 0x01A1, 59 }, // U+01A1
    { 0x01AF, 60 }, // U+01AF
    { 0x01B0, 61 }, // U+01B0
    { 0x01C4, 35 }, // U+01C4
    { 0x01C5, 54 }, // U+01C5
    { 0x01C6, 54 }, // U+01C6
    { 0x01C7, 22 }, // U+01C7
    { 0x01C8, 43 }, // U+01C8
    { 0x01C9, 43 }, // U+01C9
    { 0x01CA, 22 }, // U+01CA
    { 0x01CB, 43 }, // U+01CB
    { 0x01CC, 43 }, // U+01CC
    { 0x01CD, 14 }, // U+01CD
    { 0x01CE, 42 }, // U+01CE
    { 0x01D3, 30 }, // U+01D3
    { 0x01D4, 50 }, // U+01D4
    { 0x01E6, 20 }, // U+01E6
    { 0x01E7, 41 }, // U+01E7
    { 0x01EA, 17 }, // U+01EA
    { 0x01EB, 37 }, // U+01EB
    { 0x01F1, 35 }, // U+01F1
    { 0x01F2, 54 }, // U+01F2
    { 0x01F3, 54 }, // U+01F3
    { 0x01FA, 14 }, // U+01FA
    { 0x01FB, 42 }, // U+01FB
    { 0x01FC, 18 }, // U+01FC
    { 0x01FD, 39 }, // U+01FD
    { 0x01FE, 17 }, // U+01FE
    { 0x01FF, 37 }, // U+01FF
    { 0x0218, 28 }, // U+0218
    { 0x0219, 48 }, // U+0219
    { 0x021A, 29 }, // U+021A
    { 0x021B, 49 }, // U+021B
    { 0x021F, 42 }, // U+021F
    { 0x1EA0, 14 }, // U+1EA0
    { 0x1EA1, 42 }, // U+1EA1
    { 0x1EA2, 14 }, // U+1EA2
    { 0x1EA3, 42 }, // U+1EA3
    { 0x1EA4, 14 }, // U+1EA4
    { 0x1EA5, 42 }, // U+1EA5
    { 0x1EA6, 14 }, // U+1EA6
    { 0x1EA7, 42 }, // U+1EA7
    { 0x1EA8, 14 }, // U+1EA8
    { 0x1EA9, 42 }, // U+1EA9
    { 0x1EAA, 14 }, // U+1EAA
    { 0x1EAB, 42 }, // U+1EAB
    { 0x1EAC, 14 }, // U+1EAC
    { 0x1EAD, 42 }, // U+1EAD
    { 0x1EAE, 14 }, // U+1EAE
    { 0x1EAF, 42 }, // U+1EAF
    { 0x1EB0, 14 }, // U+1EB0
    { 0x1EB1, 42 }, // U+1EB1
    { 0x1EB2, 14 }, // U+1EB2
    { 0x1EB3, 42 }, // U+1EB3
    { 0x1EB4, 14 }, // U+1EB4
    { 0x1EB5, 42 }, // U+1EB5
    { 0x1EB6, 14 }, // U+1EB6
    { 0x1EB7, 42 }, // U+1EB7
    { 0x1EB8, 18 }, // U+1EB8
    { 0x1EB9, 39 }, // U+1EB9
    { 0x1EBA, 18 }, // U+1EBA
    { 0x1EBB, 39 }, // U+1EBB
    { 0x1EBC, 18 }, // U+1EBC
    { 0x1EBD, 39 }, // U+1EBD
    { 0x1EBE, 18 }, // U+1EBE
    { 0x1EC0, 18 }, // U+1EC0
    { 0x1EC2, 18 }, // U+1EC2
    { 0x1EC4, 18 }, // U+1EC4
    { 0x1EC6, 18 }, // U+1EC6
    { 0x1EC7, 39 }, // U+1EC7
    { 0x1EC8, 21 }, // U+1EC8
    { 0x1ECA, 21 }, // U+1ECA
    { 0x1ECC, 17 }, // U+1ECC
    { 0x1ECD, 37 }, // U+1ECD
    { 0x1ECE, 17 }, // U+1ECE
    { 0x1ECF, 37 }, // U+1ECF
    { 0x1ED0, 17 }, // U+1ED0
    { 0x1ED2, 17 }, // U+1ED2
    { 0x1ED4, 17 }, // U+1ED4
    { 0x1ED6, 17 }, // U+1ED6
    { 0x1ED7, 37 }, // U+1ED7
    { 0x1ED8, 17 }, // U+1ED8
    { 0x1ED9, 37 }, // U+1ED9
    { 0x1EDA, 58 }, // U+1EDA
    { 0x1EDB, 59 }, // U+1EDB
    { 0x1EDC, 58 }, // U+1EDC
    { 0x1EDD, 59 }, // U+1EDD
    { 0x1EDE, 58 }, // U+1EDE
    { 0x1EDF, 59 }, // U+1EDF
    { 0x1EE0, 58 }, // U+1EE0
    { 0x1EE1, 59 }, // U+1EE1
    { 0x1EE2, 58 }, // U+1EE2
    { 0x1EE3, 59 }, // U+1EE3
    { 0x1EE8, 60 }, // U+1EE8
    { 0x1EE9, 61 }, // U+1EE9
    { 0x1EEA, 60 }, // U+1EEA
    { 0x1EEB, 61 }, // U+1EEB
    { 0x1EEC, 60 }, // U+1EEC
    { 0x1EED, 61 }, // U+1EED
    { 0x1EEE, 60 }, // U+1EEE
    { 0x1EEF, 61 }, // U+1EEF
    { 0x1EF0, 60 }, // U+1EF0
    { 0x1EF1, 61 }, // U+1EF1
    { 0x1EF2, 34 }, // U+1EF2
    { 0x1EF3, 51 }, // U+1EF3
    { 0x1EF4, 34 }, // U+1EF4
    { 0x1EF5, 51 }, // U+1EF5
    { 0x1EF6, 34 }, // U+1EF6
    { 0x1EF7, 51 }, // U+1EF7
    { 0x1EF8, 34 }, // U+1EF8
    { 0x1EF9, 51 }, // U+1EF9
    { 0x2013, 3 }, // U+2013
    { 0x2014, 3 }, // U+2014
    { 0x2019, 62 }, // U+2019
    { 0x201A, 2 }, // U+201A
    { 0x201D, 62 }, // U+201D
    { 0x201E, 2 }, // U+201E
    { 0x2026, 2 }, // U+2026
    { 0x20AB, 40 }, // U+20AB
    { 0xFB00, 40 }, // U+FB00
    { 0xFB02, 56 }, // U+FB02
    { 0xFB04, 56 }, // U+FB04
};

static const EpdKernClassEntry lexenddeca_10_regularKernRightClasses[] = {
    { 0x0025, 1 }, // %
    { 0x0029, 2 }, // )
    { 0x002C, 3 }, // ,
    { 0x002D, 4 }, // -
    { 0x002E, 3 }, // .
    { 0x002F, 5 }, // /
    { 0x0031, 6 }, // 1
    { 0x0032, 7 }, // 2
    { 0x0034, 8 }, // 4
    { 0x0035, 9 }, // 5
    { 0x0037, 10 }, // 7
    { 0x0038, 11 }, // 8
    { 0x0039, 12 }, // 9
    { 0x0041, 13 }, // A
    { 0x0043, 14 }, // C
    { 0x0047, 14 }, // G
    { 0x0049, 15 }, // I
    { 0x004A, 16 }, // J
    { 0x004F, 14 }, // O
    { 0x0051, 14 }, // Q
    { 0x0053, 17 }, // S
    { 0x0054, 18 }, // T
    { 0x0055, 19 }, // U
    { 0x0056, 20 }, // V
    { 0x0057, 21 }, // W
    { 0x0058, 22 }, // X
    { 0x0059, 23 }, // Y
    { 0x005A, 24 }, // Z
    { 0x0061, 25 }, // a
    { 0x0063, 26 }, // c
    { 0x0064, 26 }, // d
    { 0x0065, 26 }, // e
    { 0x0066, 27 }, // f
    { 0x0067, 28 }, // g
    { 0x0068, 29 }, // h
    { 0x0069, 30 }, // i
    { 0x006A, 31 }, // j
    { 0x006B, 29 }, // k
    { 0x006C, 32 }, // l
    { 0x006D, 33 }, // m
    { 0x006E, 33 }, // n
    { 0x006F, 26 }, // o
    { 0x0070, 34 }, // p
    { 0x0071, 26 }, // q
    { 0x0072, 33 }, // r
    { 0x0073, 35 }, // s
    { 0x0074, 36 }, // t
    { 0x0075, 37 }, // u
    { 0x0076, 38 }, // v
    { 0x0077, 39 }, // w
    { 0x0078, 40 }, // x
    { 0x0079, 38 }, // y
    { 0x007A, 41 }, // z
    { 0x00B0, 42 }, // U+00B0
    { 0x00C0, 13 }, // U+00C0
    { 0x00C1, 13 }, // U+00C1
    { 0x00C2, 13 }, // U+00C2
    { 0x00C3, 13 }, // U+00C3
    { 0x00C4, 13 }, // U+00C4
    { 0x00C5, 13 }, // U+00C5
    { 0x00C6, 43 }, // U+00C6
    { 0x00C7, 14 }, // U+00C7
    { 0x00CC, 15 }, // U+00CC
    { 0x00CD, 15 }, // U+00CD
    { 0x00CE, 15 }, // U+00CE
    { 0x00CF, 15 }, // U+00CF
    { 0x00D2, 14 }, // U+00D2
    { 0x00D3, 14 }, // U+00D3
    { 0x00D4, 14 }, // U+00D4
    { 0x00D5, 14 }, // U+00D5
    { 0x00D6, 14 }, // U+00D6
    { 0x00D8, 14 }, // U+00D8
    { 0x00D9, 19 }, // U+00D9
    { 0x00DA, 19 }, // U+00DA
    { 0x00DB, 19 }, // U+00DB
    { 0x00DC, 19 }, // U+00DC
    { 0x00DD, 23 }, // U+00DD
    { 0x00E0, 25 }, // U+00E0
    { 0x00E1, 25 }, // U+00E1
    { 0x00E2, 25 }, // U+00E2
    { 0x00E3, 25 }, // U+00E3
    { 0x00E4, 25 }, // U+00E4
    { 0x00E5, 25 }, // U+00E5
    { 0x00E6, 25 }, // U+00E6
    { 0x00E7, 26 }, // U+00E7
    { 0x00E8, 26 }, // U+00E8
    { 0x00E9, 26 }, // U+00E9
    { 0x00EA, 26 }, // U+00EA
    { 0x00EB, 26 }, // U+00EB
    { 0x00EC, 30 }, // U+00EC
    { 0x00ED, 30 }, // U+00ED
    { 0x00EE, 30 }, // U+00EE
    { 0x00EF, 30 }, // U+00EF
    { 0x00F0, 26 }, // U+00F0
    { 0x00F1, 33 }, // U+00F1
    { 0x00F2, 26 }, // U+00F2
    { 0x00F3, 26 }, // U+00F3
    { 0x00F4, 26 }, // U+00F4
    { 0x00F5, 26 }, // U+00F5
    { 0x00F6, 26 }, // U+00F6
    { 0x00F8, 26 }, // U+00F8
    { 0x00F9, 37 }, // U+00F9
    { 0x00FA, 37 }, // U+00FA
    { 0x00FB, 37 }, // U+00FB
    { 0x00FC, 37 }, // U+00FC
    { 0x00FD, 38 }, // U+00FD
    { 0x00FF, 38 }, // U+00FF
    { 0x0100, 13 }, // U+0100
    { 0x0101, 25 }, // U+0101
    { 0x0102, 13 }, // U+0102
    { 0x0103, 25 }, // U+0103
    { 0x0104, 13 }, // U+0104
    { 0x0105, 25 }, // U+0105
    { 0x0106, 14 }, // U+0106
    { 0x0107, 26 }, // U+0107
    { 0x0108, 14 }, // U+0108
    { 0x0109, 26 }, // U+0109
    { 0x010A, 14 }, // U+010A
    { 0x010B, 26 }, // U+010B
    { 0x010C, 14 }, // U+010C
    { 0x010D, 26 }, // U+010D
    { 0x010F, 26 }, // U+010F
    { 0x0111, 26 }, // U+0111
    { 0x0113, 26 }, // U+0113
    { 0x0115, 26 }, // U+0115
    { 0x0117, 26 }, // U+0117
    { 0x0119, 26 }, // U+0119
    { 0x011B, 26 }, // U+011B
    { 0x011C, 14 }, // U+011C
    { 0x011D, 28 }, // U+011D
    { 0x011E, 14 }, // U+011E
    { 0x011F, 28 }, // U+011F
    { 0x0120, 14 }, // U+0120
    { 0x0121, 28 }, // U+0121
    { 0x0122, 14 }, // U+0122
    { 0x0123, 28 }, // U+0123
    { 0x0125, 29 }, // U+0125
    { 0x0127, 29 }, // U+0127
    { 0x0128, 15 }, // U+0128
    { 0x0129, 30 }, // U+0129
    { 0x012A, 15 }, // U+012A
    { 0x012B, 30 }, // U+012B
    { 0x012C, 15 }, // U+012C
    { 0x012D, 30 }, // U+012D
    { 0x012E, 15 }, // U+012E
    { 0x012F, 30 }, // U+012F
    { 0x0130, 15 }, // U+0130
    { 0x0131, 30 }, // U+0131
    { 0x0132, 15 }, // U+0132
    { 0x0133, 30 }, // U+0133
    { 0x0134, 16 }, // U+0134
    { 0x0135, 31 }, // U+0135
    { 0x0137, 29 }, // U+0137
    { 0x0138, 29 }, // U+0138
    { 0x013A, 32 }, // U+013A
    { 0x013C, 32 }, // U+013C
    { 0x013E, 32 }, // U+013E
    { 0x0140, 32 }, // U+0140
    { 0x0142, 32 }, // U+0142
    { 0x0144, 33 }, // U+0144
    { 0x0146, 33 }, // U+0146
    { 0x0148, 33 }, // U+0148
    { 0x014B, 33 }, // U+014B
    { 0x014C, 14 }, // U+014C
    { 0x014D, 26 }, // U+014D
    { 0x014E, 14 }, // U+014E
    { 0x014F, 26 }, // U+014F
    { 0x0150, 14 }, // U+0150
    { 0x0151, 26 }, // U+0151
    { 0x0152, 14 }, // U+0152
    { 0x0153, 26 }, // U+0153
    { 0x0155, 33 }, // U+0155
    { 0x0157, 33 }, // U+0157
    { 0x0159, 33 }, // U+0159
    { 0x015A, 17 }, // U+015A
    { 0x015B, 35 }, // U+015B
    { 0x015C, 17 }, // U+015C
    { 0x015D, 35 }, // U+015D
    { 0x015E, 17 }, // U+015E
    { 0x015F, 35 }, // U+015F
    { 0x0160, 17 }, // U+0160
    { 0x0161, 35 }, // U+0161
    { 0x0162, 44 }, // U+0162
    { 0x0163, 36 }, // U+0163
    { 0x0164, 44 }, // U+0164
    { 0x0165, 36 }, // U+0165
    { 0x0166, 44 }, // U+0166
    { 0x0167, 36 }, // U+0167
    { 0x0168, 19 }, // U+0168
    { 0x0169, 37 }, // U+0169
    { 0x016A, 19 }, // U+016A
    { 0x016B, 37 }, // U+016B
    { 0x016C, 19 }, // U+016C
    { 0x016D, 37 }, // U+016D
    { 0x016E, 19 }, // U+016E
    { 0x016F, 37 }, // U+016F
    { 0x0170, 19 }, // U+0170
    { 0x0171, 37 }, // U+0171
    { 0x0172, 19 }, // U+0172
    { 0x0173, 37 }, // U+0173
    { 0x0176, 23 }, // U+0176
    { 0x0177, 38 }, // U+0177
    { 0x0178, 23 }, // U+0178
    { 0x0179, 24 }, // U+0179
    { 0x017A, 41 }, // U+017A
    { 0x017B, 24 }, // U+017B
    { 0x017C, 41 }, // U+017C
    { 0x017D, 24 }, // U+017D
    { 0x017E, 41 }, // U+017E
    { 0x017F, 27 }, // U+017F
    { 0x01A0, 14 }, // U+01A0
    { 0x01A1, 26 }, // U+01A1
    { 0x01C6, 26 }, // U+01C6
    { 0x01C9, 32 }, // U+01C9
    { 0x01CC, 33 }, // U+01CC
    { 0x01CD, 13 }, // U+01CD
    { 0x01CE, 25 }, // U+01CE
    { 0x01D3, 19 }, // U+01D3
    { 0x01D4, 37 }, // U+01D4
    { 0x01E6, 14 }, // U+01E6
    { 0x01E7, 28 }, // U+01E7
    { 0x01EA, 14 }, // U+01EA
    { 0x01EB, 26 }, // U+01EB
    { 0x01F3, 26 }, // U+01F3
    { 0x01FA, 13 }, // U+01FA
    { 0x01FB, 25 }, // U+01FB
    { 0x01FC, 43 }, // U+01FC
    { 0x01FD, 25 }, // U+01FD
    { 0x01FE, 14 }, // U+01FE
    { 0x01FF, 26 }, // U+01FF
    { 0x0218, 17 }, // U+0218
    { 0x0219, 35 }, // U+0219
    { 0x021A, 44 }, // U+021A
    { 0x021B, 36 }, // U+021B
    { 0x021F, 29 }, // U+021F
    { 0x1EA0, 13 }, // U+1EA0
    { 0x1EA1, 25 }, // U+1EA1
    { 0x1EA2, 13 }, // U+1EA2
    { 0x1EA3, 25 }, // U+1EA3
    { 0x1EA4, 13 }, // U+1EA4
    { 0x1EA5, 25 }, // U+1EA5
    { 0x1EA6, 13 }, // U+1EA6
    { 0x1EA7, 25 }, // U+1EA7
    { 0x1EA8, 13 }, // U+1EA8
    { 0x1EA9, 25 }, // U+1EA9
    { 0x1EAA, 13 }, // U+1EAA
    { 0x1EAB, 25 }, // U+1EAB
    { 0x1EAC, 13 }, // U+1EAC
    { 0x1EAD, 25 }, // U+1EAD
    { 0x1EAE, 13 }, // U+1EAE
    { 0x1EAF, 25 }, // U+1EAF
    { 0x1EB0, 13 }, // U+1EB0
    { 0x1EB1, 25 }, // U+1EB1
    { 0x1EB2, 13 }, // U+1EB2
    { 0x1EB3, 25 }, // U+1EB3
    { 0x1EB4, 13 }, // U+1EB4
    { 0x1EB5, 25 }, // U+1EB5
    { 0x1EB6, 13 }, // U+1EB6
    { 0x1EB7, 25 }, // U+1EB7
    { 0x1EB9, 26 }, // U+1EB9
    { 0x1EBB, 26 }, // U+1EBB
    { 0x1EBD, 26 }, // U+1EBD
    { 0x1EBF, 26 }, // U+1EBF
    { 0x1EC1, 26 }, // U+1EC1
    { 0x1EC3, 26 }, // U+1EC3
    { 0x1EC5, 26 }, // U+1EC5
    { 0x1EC7, 26 }, // U+1EC7
    { 0x1EC8, 15 }, // U+1EC8
    { 0x1EC9, 30 }, // U+1EC9
    { 0x1ECA, 15 }, // U+1ECA
    { 0x1ECB, 30 }, // U+1ECB
    { 0x1ECC, 14 }, // U+1ECC
    { 0x1ECD, 26 }, // U+1ECD
    { 0x1ECE, 14 }, // U+1ECE
    { 0x1ECF, 26 }, // U+1ECF
    { 0x1ED0, 14 }, // U+1ED0
    { 0x1ED1, 26 }, // U+1ED1
    { 0x1ED2, 14 }, // U+1ED2
    { 0x1ED3, 26 }, // U+1ED3
    { 0x1ED4, 14 }, // U+1ED4
    { 0x1ED5, 26 }, // U+1ED5
    { 0x1ED6, 14 }, // U+1ED6
    { 0x1ED7, 26 }, // U+1ED7
    { 0x1ED8, 14 }, // U+1ED8
    { 0x1ED9, 26 }, // U+1ED9
    { 0x1EDA, 14 }, // U+1EDA
    { 0x1EDB, 26 }, // U+1EDB
    { 0x1EDC, 14 }, // U+1EDC
    { 0x1EDD, 26 }, // U+1EDD
    { 0x1EDE, 14 }, // U+1EDE
    { 0x1EDF, 26 }, // U+1EDF
    { 0x1EE0, 14 }, // U+1EE0
    { 0x1EE1, 26 }, // U+1EE1
    { 0x1EE2, 14 }, // U+1EE2
    { 0x1EE3, 26 }, // U+1EE3
    { 0x1EE4, 19 }, // U+1EE4
    { 0x1EE5, 37 }, // U+1EE5
    { 0x1EE6, 19 }, // U+1EE6
    { 0x1EE7, 37 }, // U+1EE7
    { 0x1EE8, 19 }, // U+1EE8
    { 0x1EE9, 37 }, // U+1EE9
    { 0x1EEA, 19 }, // U+1EEA
    { 0x1EEB, 37 }, // U+1EEB
    { 0x1EEC, 19 }, // U+1EEC
    { 0x1EED, 37 }, // U+1EED
    { 0x1EEE, 19 }, // U+1EEE
    { 0x1EEF, 37 }, // U+1EEF
    { 0x1EF0, 19 }, // U+1EF0
    { 0x1EF1, 37 }, // U+1EF1
    { 0x1EF2, 23 }, // U+1EF2
    { 0x1EF3, 38 }, // U+1EF3
    { 0x1EF4, 23 }, // U+1EF4
    { 0x1EF5, 38 }, // U+1EF5
    { 0x1EF6, 23 }, // U+1EF6
    { 0x1EF7, 38 }, // U+1EF7
    { 0x1EF8, 23 }, // U+1EF8
    { 0x1EF9, 38 }, // U+1EF9
    { 0x2013, 4 }, // U+2013
    { 0x2014, 4 }, // U+2014
    { 0x2019, 45 }, // U+2019
    { 0x201A, 3 }, // U+201A
    { 0x201D, 45 }, // U+201D
    { 0x201E, 3 }, // U+201E
    { 0x2026, 3 }, // U+2026
    { 0x2030, 1 }, // U+2030
    { 0x20AB, 26 }, // U+20AB
    { 0x2202, 26 }, // U+2202
    { 0xFB00, 27 }, // U+FB00
    { 0xFB03, 27 }, // U+FB03
    { 0xFB04, 27 }, // U+FB04
};

static const int8_t lexenddeca_10_regularKernMatrix[] = {
       0,    0,    0,    0,    0,    0,    0,    0,    0,   10,    0,    0,    0,    0,    0,    0,    0,    0,    0,    0,    0,    0,    0,    0,    0,    0,    0,    0,    0,    0,    0,    0,    0,    0,    0,    0,    0,    0,    0,    0,    0,    0,    0,    0,    0,
       0,    0,    0,    0,    0,    0,    0,    0,    0,    0,    0,    0,    0,    0,    0,    0,    0,    0,    0,    0,    0,    0,    0,    0,    0,    0,    0,   -7,    0,    0,    0,    0,    0,    0,    0,    0,    0,    0,    0,    0,    0,    0,    0,    0,    0,
       0,    0,    0,    0,    0,  -16,  -10,   10,    0,  -18,    0,    0,    0,    0,    0,    0,    0,    0,    0,    0,    0,    0,    0,    0,    0,    0,    0,    0,    0,    0,    0,    0,    0,    0,    0,    0,    0,    0,    0,    0,    0,    0,    0,    0,    0,
       0,    0,    0,    0,  -32,    0,    0,    0,    0,    0,    0,    0,    0,    0,    0,    0,    0,    0,    0,    0,    0,    0,    0,    0,    0,    0,    0,    0,    0,    0,    0,    0,    0,    0,    0,    0,    0,    0,    0,    0,    0,    0,    0,    0,    0,
       0,    0,    0,    0,    0,    0,   -6,    0,    0,    0,    0,    0,    0,    0,    0,    0,    0,    0,    0,    0,    0,    0,    0,    0,    0,    0,    0,    0,    0,    0,    0,    0,    0,    0,    0,    0,    0,    0,    0,    0,    0,    0,    0,    0,    0,
       0,    5,    0,    0,    0,    0,    0,    0,    0,    0,    0,    0,    0,    0,    0,    0,    0,    0,    0,    0,    0,    0,    0,    0,    0,    0,    0,    0,    0,    0,    0,    0,    0,    0,    0,    0,    0,    0,    0,    0,    0,    0,    0,    0,    0,
       0,    0,    0,    0,    0,    0,    0,   -3,    0,    0,    0,    0,    0,    0,    0,    0,    0,    0,    0,    0,    0,    0,    0,    0,    0,    0,    0,    0,    0,    0,    0,    0,    0,    0,    0,    0,    0,    0,    0,    0,    0,    0,    0,    0,    0,
       0,    0,    0,    0,    0,    0,    0,    0,   -6,    0,    0,   -7,    0,    0,    0,    0,    0,    0,    0,    0,    0,    0,    0,    0,    0,    0,    0,    0,    0,    0,    0,    0,    0,    0,    0,    0,    0,    0,    0,    0,    0,  -25,    0,    0,    0,
       0,    0,    0,    0,    0,    0,    0,    0,    0,    0,    0,   -5,    0,    0,    0,    0,    0,    0,    0,    0,    0,    0,    0,    0,    0,    0,    0,    0,    0,    0,    0,    0,    0,    0,    0,    0,    0,    0,    0,    0,    0,    0,    0,    0,    0,
       0,    0,    0,    0,    0,   -8,   -6,    0,    0,    0,    0,    0,    0,    0,    0,    0,    0,    0,    0,    0,    0,    0,    0,    0,    0,    0,    0,    0,    0,    0,    0,    0,    0,    0,    0,    0,    0,    0,    0,    0,    0,    0,    0,    0,    0,
      10,    0,    0,  -18,    0,    9,    0,  -16,    0,   12,  -16,    0,    0,    0,    0,    0,    0,    0,    0,    0,    0,    0,    0,    0,    0,    0,    0,    0,    0,    0,    0,    0,    0,    0,    0,    0,    0,    0,    0,    0,    0,    0,    0,    0,    0,
     -11,    0,    0,    0,    0,   -9,    0,    0,    0,   -6,    0,   -8,    0,    0,    0,    0,    0,    0,    0,    0,    0,    0,    0,    0,    0,    0,    0,    0,    0,    0,    0,    0,    0,    0,    0,    0,    0,    0,    0,    0,    0,   -9,    0,    0,    0,
       0,    0,    0,    0,    0,    0,    0,   -8,    0,   -6,   -8,    0,    0,    0,    0,    0,    0,    0,    0,    0,    0,    0,    0,    0,    0,    0,    0,    0,    0,    0,    0,    0,    0,    0,    0,    0,    0,    0,    0,    0,    0,    0,    0,    0,    0,
       0,    0,    0,    0,    0,    0,    0,    0,    0,    0,    0,    0,    6,  -12,    0,    0,    0,  -22,   -9,  -22,  -16,    0,  -22,    0,    0,    0,    0,    0,    0,    0,    0,   -7,    0,    0,    0,   -9,   -8,  -13,  -15,    7,    0,    0,    0,  -22,    0,
       0,    0,    0,    0,    0,    0,    0,    0,    0,    0,    0,    0,   -6,    0,    0,    0,    0,    0,    0,   -6,    0,   -6,   -9,    0,   -5,    0,    0,    0,    0,    0,    0,    0,    0,    0,    0,    0,    0,    0,    0,    0,    0,    0,  -14,    0,    0,
       0,    0,    0,    0,    0,    0,    0,    0,    0,    0,    0,    0,    0,   -6,    0,    0,    0,    0,    0,    0,    0,    0,   -8,    0,    0,    0,    0,    0,    0,    0,    0,    0,    0,    0,    0,    0,    0,    0,    0,    0,    0,    0,  -14,    0,    0,
       0,    0,    0,    0,    0,    0,    0,    0,    0,    0,    0,    0,  -13,    0,   -9,    0,    0,  -13,    0,   -9,   -6,   -6,  -16,   -6,   -9,    0,    0,    0,    0,    0,    0,    0,    0,    0,    0,    0,    0,    0,    0,    0,   -6,    0,  -23,  -13,    0,
       0,    0,    0,    0,    0,    0,    0,    0,    0,    0,    0,    0,    0,   -6,    0,    0,    0,    0,    0,    6,    6,    0,    0,    0,    0,    0,    0,    0,    0,    0,    0,    0,    0,    0,    0,    0,    0,    0,    0,    0,    0,    0,    0,    0,    0,
       0,    0,    0,    0,    0,    0,    0,    0,    0,    0,    0,    0,  -13,    0,    0,  -11,    0,    8,    0,    0,    0,    0,    0,    0,   -7,    0,    0,    0,    0,    0,    0,    0,    0,    0,    0,    0,    0,    0,    0,    0,    0,    0,  -38,    8,    0,
       0,    0,    0,    0,    0,    0,    0,    0,    0,    0,    0,    0,    0,    0,    0,    0,    0,   -6,    0,   -9,    0,    0,  -16,    0,    0,    0,    0,    0,    0,    0,    0,    0,    0,    0,    0,    0,    0,    0,    0,    0,    0,    0,    0,   -6,    0,
       0,    0,    0,    0,    0,    0,    0,    0,    0,    0,    0,    0,    0,   -9,    0,    0,    0,    0,    0,    0,    0,    0,    0,    0,    0,    0,   -7,    0,    0,    0,    0,    0,    0,    0,    0,   -9,    0,    0,    0,    0,    0,    0,   -9,    0,    0,
       0,    0,    0,    0,    0,    0,    0,    0,    0,    0,    0,    0,   -9,    0,    0,    0,    0,    0,    0,    0,    0,    0,    0,    0,    0,    0,    0,    0,    0,    0,    0,    0,    0,    0,    0,    0,    0,    0,    0,    0,    0,    0,    0,    0,    0,
       0,    0,    0,    0,    0,    0,    0,    0,    0,    0,    0,    0,    0,  -16,    0,    0,    0,    0,    0,    0,    0,    0,    0,    0,    0,   -6,    0,    0,    0,    0,    0,    0,    0,    0,    0,    0,  -14,  -17,  -17,    0,    0,    0,    0,    0,    0,
       0,    0,    0,    0,    0,    0,    0,    0,    0,    0,    0,    0,    9,  -12,    0,    9,    0,  -35,   -7,  -22,  -13,    9,  -28,    0,    0,    0,    0,    0,    0,   -6,    0,    0,    0,    0,    0,    0,    0,  -13,  -16,    9,    0,    0,    0,  -35,    0,
       0,    0,    0,    0,    0,    0,    0,    0,    0,    0,    0,    0,  -27,    0,    0,  -22,    0,    0,    0,    0,    0,  -10,   -6,   -6,   -9,    0,    0,    0,    0,    0,    0,    0,    0,    0,   -6,    0,    0,    0,    0,    0,    0,    0,  -49,    0,    0,
       0,    0,    0,    0,    0,    0,    0,    0,    0,    0,    0,    0,    9,    0,    0,    0,    0,    0,   -2,    0,    0,    6,  -13,    0,    0,    0,    0,    0,    0,    0,    0,    0,    0,    0,    0,    0,    0,    0,    0,    6,    6,    0,    0,    0,    0,
       0,    0,    0,    0,    0,    0,    0,    0,    0,    0,    0,    0,    6,   -7,    0,    0,    0,    0,    0,    0,    0,    0,   -5,    0,    0,    0,    0,   -6,    0,    0,    0,    0,    0,    0,    0,    0,   -6,    0,    0,    0,    0,    0,    0,    0,    0,
       0,    0,    0,    0,    0,    0,    0,    0,    0,    0,    0,    0,    0,    0,    0,    0,    0,    0,    0,    0,   -6,    0,   -5,    0,    0,    0,    0,    0,    0,    0,    0,    0,    0,    0,    0,    0,    0,    0,    0,    0,    0,    0,   -9,    0,    0,
       0,    0,    0,    0,    0,    0,    0,    0,    0,    0,    0,    0,  -22,  -13,    0,  -35,    0,    7,    0,   13,    9,    0,    6,    0,  -28,  -29,    6,  -26,    0,    0,    0,    0,  -25,  -25,  -19,    0,  -27,   -3,   -3,   -7,  -20,    0,  -42,    7,    0,
       0,    0,    0,    0,    0,    0,    0,    0,    0,    0,    0,    0,   -9,    0,    0,    0,    0,    0,    0,    0,    0,    0,    0,    0,    0,    0,    0,    0,    0,    0,    0,    0,    0,    0,    0,    0,    0,    0,    0,    0,    0,    0,  -30,    0,    0,
       0,    0,    0,    0,    0,    0,    0,    0,    0,    0,    0,    0,  -22,   -9,    0,  -13,    0,   13,    0,    6,    6,    0,    6,    0,  -13,  -16,    0,  -12,    0,    0,    0,    0,   -6,   -6,   -6,    0,    0,    0,    0,    0,    0,    0,  -31,   13,    0,
       0,    0,    0,    0,    0,    0,    0,    0,    0,    0,    0,    0,  -16,   -6,    0,   -9,    0,    9,    0,    6,    6,    0,    0,    0,   -9,   -8,    0,   -9,    0,    0,    0,    0,    0,    0,    0,    0,    0,    0,    0,    0,    0,    0,  -29,    9,    0,
       0,    0,    0,    0,    0,    0,    0,    0,    0,    0,    0,    0,    0,   -9,    0,    0,    0,    0,    0,    0,    0,    0,    0,    0,   -6,   -7,    0,   -6,    0,    0,    0,    0,    0,    0,    0,    0,   -9,   -6,    0,    0,    0,    0,    0,    0,    0,
       0,    0,    0,    0,    0,    0,    0,    0,    0,    0,    0,    0,  -22,  -16,    0,  -19,    0,    6,    0,    6,    0,    0,    0,    0,  -25,  -29,    0,  -28,    0,    0,    0,    0,  -15,  -15,  -19,    0,  -13,    0,    0,   -6,   -6,    0,  -54,    6,    0,
       0,    0,    0,    0,    0,    0,    0,    0,    0,    0,    0,    0,    0,   -9,    0,    0,    0,    0,    0,    0,    0,    0,    0,    0,    0,    0,    0,   -9,    0,    0,    0,    0,    0,    0,    0,   -9,    0,    0,    0,    0,    0,    0,    0,    0,    0,
       0,    0,    0,    0,    0,    0,    0,    0,    0,    0,    0,    0,    0,    0,    0,    0,    0,  -28,    0,    0,    0,    0,  -19,    0,    0,    0,    0,    0,    0,    0,    0,    0,    0,    0,    0,    0,    0,    0,    0,    0,    0,    0,    0,  -28,    0,
       0,    0,    0,    0,    0,    0,    0,    0,    0,    0,    0,    0,    0,    0,    0,    0,    0,  -29,    0,  -16,   -8,   -7,  -29,    0,    0,    0,    0,    0,    0,    0,    0,    0,    0,    0,    0,    0,    0,    0,    0,    0,    0,    0,  -13,  -29,    0,
       0,    0,    0,    0,    0,    0,    0,    0,    0,    0,    0,    0,    0,    0,    0,    0,    0,  -22,    0,    0,   -9,    0,  -25,    0,    0,    0,    0,    0,    0,    0,    0,    0,    0,    0,    0,    0,    0,    0,    0,    0,    0,    0,   -4,  -22,    0,
       0,    0,    0,    0,    0,    0,    0,    0,    0,    0,    0,    0,    0,    0,    0,    0,    0,  -22,    0,  -13,   -9,   -6,  -25,    0,    0,    0,    0,    0,    0,    0,    0,    0,    0,    0,    0,    0,    0,    0,    0,    0,    0,    0,  -10,  -22,    0,
       0,    0,    0,    0,    0,    0,    0,    0,    0,    0,    0,    0,    0,    0,    0,    0,    0,    9,    0,    0,    6,    0,    0,    0,  -10,   -7,    0,    0,    0,    0,    0,    0,    0,    0,    0,    0,    0,    0,    0,    0,    0,    0,  -27,    9,    0,
       0,    0,    0,    0,    0,    0,    0,    0,    0,    0,    0,    0,    0,    0,    0,    0,    0,  -25,    0,    0,    0,    0,  -16,    0,    0,    0,    0,    0,    0,    0,    0,    0,    0,    0,    0,    0,    0,    0,    0,    0,    0,    0,    0,  -25,    0,
       0,    0,    0,    0,    0,    0,    0,    0,    0,    0,    0,    0,    0,    0,    0,    0,    0,  -32,    0,   -7,   -9,    0,  -22,    0,    0,   -4,    0,   -5,    0,    0,    0,    0,    0,    0,    0,   -4,    0,    0,    0,    0,    0,    0,   -6,  -32,    0,
       0,    0,    0,    0,    0,    0,    0,    0,    0,    0,    0,    0,    0,    0,    0,    0,    0,    0,    0,    0,    0,    0,    0,    0,    0,    0,    0,    0,    0,    0,    8,    0,    0,    0,    0,    0,    0,    0,    0,    0,    0,    0,    0,    0,    0,
       0,    0,    0,    0,    0,    0,    0,    0,    0,    0,    0,    0,    9,   -6,    0,    0,    0,    0,    0,    0,    0,    0,    0,    0,    0,   -5,    0,    0,    0,    0,    0,    0,    0,    0,    0,   -4,    0,    0,    0,    0,    0,    0,    0,    0,    0,
       0,    0,   11,    0,    0,    0,    0,    0,    0,    0,    0,    0,    0,    0,    0,    0,    0,    0,    0,    0,    0,    6,    0,    0,    0,    0,    0,    0,    0,   -6,    0,    0,    0,    7,    0,    0,    0,    4,    0,    0,    0,    0,    4,    0,    0,
       0,    0,    0,    0,    0,    0,    0,    0,    0,    0,    0,    0,    0,    0,    0,    0,    0,  -16,    0,    0,    0,    0,   -9,    0,    0,    0,    0,    0,    0,    0,    0,    0,    0,    0,    0,    0,    0,    0,    0,    0,    0,    0,    0,  -16,    0,
       0,    0,    0,    0,    0,    0,    0,    0,    0,    0,    0,    0,    0,    0,    0,  -27,    0,   -3,    0,    0,    9,    0,    0,    0,   -5,    0,    6,    0,    0,    0,    0,    0,    0,    0,    0,    5,    0,    9,    8,    7,    0,    0,  -40,   -3,    0,
       0,    0,    0,    0,    0,    0,    0,    0,    0,    0,    0,    0,    0,    0,    0,    7,    0,  -19,    0,   -6,    0,    0,  -19,    0,    0,    0,    0,    0,    0,    0,    0,    0,    0,    0,    0,    0,    0,    0,    0,    0,    0,    0,   -2,  -19,    0,
       0,    0,    0,    0,    0,    0,    0,    0,    0,    0,    0,    0,    8,    0,    0,    0,    0,    0,    0,    0,    0,    0,   -9,    0,    0,    0,    0,    0,    0,    0,    0,    0,    0,    0,    0,    0,    0,    0,    0,    0,    0,    0,    0,    0,    0,
       0,    0,    0,    0,    0,    0,    0,    0,    0,    0,    0,    0,    0,    0,    0,    0,    0,  -27,    0,    0,    0,    0,  -13,    0,    0,    0,    0,    0,    0,    0,    0,    0,    0,    0,    0,    0,    0,    0,    0,    0,    0,    0,   -9,  -27,    0,
       0,    0,    0,    0,    0,    0,    0,    0,    0,    0,    0,    0,  -13,    0,    0,    0,    0,   -3,    0,    0,    0,   -6,    0,   -6,   -6,    0,    7,    0,    0,    0,    0,    0,    0,    0,    7,    0,    0,    3,    3,    0,    0,    0,  -34,   -3,    0,
       0,    0,    0,    0,    0,    0,    0,    0,    0,    0,    0,    0,  -15,    0,    0,    0,    0,   -3,    0,    0,    0,    0,    0,    0,    0,    0,    4,    0,    0,    0,    0,    0,    0,    0,    0,    0,    0,    3,    3,    0,    0,    0,  -33,   -3,    0,
       0,    0,    0,    0,    0,    0,    0,    0,    0,    0,    0,    0,    7,    0,    0,    0,    0,    0,    0,    0,    0,    0,   -6,    0,    0,    0,    0,    0,    0,    0,    0,    0,    0,    0,    0,    0,    0,    0,    0,    0,    0,    0,    0,    0,    0,
       0,    0,    0,    0,    0,    0,    0,    0,    0,    0,    0,    0,    0,    0,    0,    0,    0,  -10,    0,    0,    0,    0,   -6,    0,    0,    0,    0,    0,    0,    0,    0,    0,    0,    0,    0,    0,    0,    0,    0,    0,    0,    0,    0,  -10,    0,
       0,    0,   11,    0,    0,    0,    0,    0,    0,    0,    0,    0,    0,    9,   13,    0,   10,   33,   13,   31,   31,   27,   30,   18,    0,    0,   17,    0,   13,    7,   13,   13,   10,   10,    0,   13,    0,   22,   18,   18,   13,    0,    4,   33,   18,
       0,    0,   11,    0,    0,    0,    0,    0,    0,    0,    0,    0,    0,    0,    0,    0,    0,    0,    0,    0,    0,    6,    0,    0,    0,    0,    0,    0,    0,   -6,    0,    0,    0,    0,    0,    0,    0,    4,    0,    0,    0,    0,    4,    0,    0,
       0,    0,    0,    0,    0,    0,    0,    0,    0,    0,    0,    0,    0,    0,    0,    0,    0,  -17,    0,    0,    0,    0,    0,    0,    0,    0,    0,    0,    0,    0,    0,    0,    0,    0,    0,    0,    0,    0,    0,    0,    0,    0,    0,    0,    0,
       0,    0,  -22,    0,    0,    0,    0,    0,    0,    0,    0,    0,   -9,    0,    0,    0,    0,   13,    0,    9,    9,    4,    4,    0,    0,    0,    0,    0,    0,    0,    0,    0,    0,    0,    0,    0,    0,    0,    0,    0,    0,    0,  -18,   13,    0,
       0,    0,  -22,    0,    0,    0,    0,    0,    0,    0,    0,    0,   -9,    0,    0,    0,    9,    9,    0,    9,    9,    0,    0,    0,    0,    0,    0,    0,    4,    4,    0,    4,    0,    0,    0,    9,    0,   13,   13,    9,    0,    0,  -13,    9,    0,
       0,    0,  -22,    0,    0,    0,    0,    0,    0,    0,    0,    0,  -18,    0,    0,   -4,    0,   18,    0,   13,   13,    4,    9,    0,   -9,   -4,    0,   -5,    0,    0,    0,    0,    0,    0,    0,    0,   -4,    0,    0,    0,   -4,    0,  -22,   18,    0,
       0,    0,  -13,    0,    0,    0,    0,    0,    0,    0,    0,    0,   -9,    0,    0,   -9,    9,   13,    0,   13,   13,    0,    0,    0,   -4,   -4,    9,   -4,    0,    0,    0,    0,    0,    0,   -4,    9,    0,   13,   13,   13,    0,    0,  -13,   13,    0,
       0,    0,    0,    0,    0,    0,    0,    0,    0,    0,    0,    0,    0,    0,    0,    0,    0,    0,    0,    0,    0,    0,    0,    0,    0,    0,    0,    0,    0,    0,    0,    0,    0,    0,   -9,    0,    0,    0,    0,    0,    0,    0,    0,    0,    0,
};

static const EpdLigaturePair lexenddeca_10_regularLigaturePairs[] = {
    { 0x00660066, 0xFB00 }, // f f -> U+FB00
    { 0x00660069, 0xFB01 }, // f i -> U+FB01
    { 0x0066006C, 0xFB02 }, // f l -> U+FB02
    { 0xFB000069, 0xFB03 }, // U+FB00 i -> U+FB03
    { 0xFB00006C, 0xFB04 }, // U+FB00 l -> U+FB04
};

static constexpr EpdFontData lexenddeca_10_regular = {
    lexenddeca_10_regularBitmaps,
    lexenddeca_10_regularGlyphs,
    lexenddeca_10_regularIntervals,
    44,
    26,
    20,
    -7,
    true,
    lexenddeca_10_regularGroups,
    12,
    nullptr,
    lexenddeca_10_regularKernLeftClasses,
    lexenddeca_10_regularKernRightClasses,
    lexenddeca_10_regularKernMatrix,
    351,
    330,
    62,
    45,
    lexenddeca_10_regularLigaturePairs,
    5,
};
