/**
 * generated by fontconvert.py
 * name: lexenddeca_20_bold
 * size: 20
 * mode: 2-bit  compressed: true
 * Command used: fontconvert.py lexenddeca_20_bold 20 ../builtinFonts/source/LexicaUltralegible/LexicaUltralegible-Bold.ttf --2bit --compress --pnum --darken-aa
 */
#pragma once
#include "EpdFontData.h"

static const uint8_t lexenddeca_20_boldBitmaps[22968] = {
    0xC5, 0x5B, 0xBD, 0x92, 0xE4, 0xD6, 0x75, 0xBE, 0x68, 0x90, 0xDB, 0x55, 0x46, 0x95, 0xDB, 0x91,
    0x4A, 0xC5, 0xB5, 0xAB, 0x1D, 0x38, 0x50, 0x39, 0xC1, 0x23, 0x00, 0xB6, 0x43, 0x07, 0x52, 0xAC,
    0x44, 0x89, 0x13, 0x31, 0xE1, 0x0B, 0xB8, 0x0A, 0xA8, 0xD2, 0x03, 0x68, 0x02, 0x3F, 0x80, 0x83,
    0x0D, 0xC4, 0x55, 0x40, 0x85, 0x8E, 0x08, 0x90, 0x0A, 0x1C, 0x38, 0x10, 0x24, 0x85, 0x0E, 0xDC,
    0x12, 0x23, 0xAF, 0x02, 0x62, 0xCD, 0x96, 0x89, 0x99, 0x05, 0x70, 0x7D, 0xBE, 0xEF, 0x3B, 0x40,
    0x77, 0xCF, 0xCC, 0xCE, 0xFE, 0x70, 0x45, 0xCF, 0x0E, 0xEE, 0xE9, 0x41, 0xDF, 0x9F, 0x73, 0xCF,
    0x3D, 0xFF, 0xE7, 0x6E, 0x8C, 0x77, 0x7F, 0x9A, 0xB9, 0x9A, 0x8A, 0x51, 0xFF, 0xF2, 0x21, 0x3F,
    0x06, 0xFB, 0x79, 0x74, 0x95, 0x8F, 0xCD, 0xBC, 0x7C, 0x9F, 0x0F, 0x9B, 0xAB, 0xD8, 0xBE, 0xDE,
    0xBF, 0x10, 0x9A, 0x21, 0xC4, 0xDE, 0xE6, 0x68, 0x8E, 0x82, 0xD6, 0x38, 0x4C, 0xE2, 0x81, 0x70,
    0xB3, 0xC2, 0x2E, 0x64, 0x5A, 0x64, 0xD8, 0x5D, 0xC2, 0xA3, 0xC3, 0x7E, 0x81, 0x7B, 0x87, 0x21,
    0x8D, 0x6D, 0x16, 0xCB, 0x10, 0xB6, 0xB1, 0xDE, 0x45, 0x9B, 0x26, 0x5B, 0x61, 0x49, 0x68, 0x0D,
    0x60, 0xA5, 0xFE, 0x6D, 0x73, 0x09, 0xEB, 0x78, 0x09, 0xCB, 0x05, 0x86, 0x62, 0x0C, 0xD5, 0x68,
    0xE3, 0x01, 0x07, 0xC1, 0x06, 0xB4, 0xB0, 0x97, 0x91, 0xD0, 0xB7, 0x15, 0x52, 0xB6, 0x97, 0x60,
    0x13, 0xB9, 0xA5, 0x22, 0xC6, 0x39, 0x84, 0x84, 0x0B, 0x1A, 0x82, 0xC4, 0x97, 0x1B, 0x18, 0x43,
    0x1E, 0x7F, 0xFB, 0xB5, 0x81, 0x22, 0xA6, 0x7D, 0xD3, 0x85, 0x62, 0x4E, 0xFB, 0xEF, 0x05, 0xFE,
    0xC5, 0x61, 0xBF, 0x04, 0xC8, 0x23, 0x17, 0xC0, 0x80, 0xAB, 0x40, 0xC2, 0x2C, 0x93, 0x1D, 0xF8,
    0xA5, 0x0D, 0x0F, 0x49, 0xC3, 0xB7, 0x46, 0x85, 0x88, 0xCD, 0xA6, 0xCF, 0x81, 0xBA, 0x21, 0x91,
    0xC7, 0x3A, 0xFC, 0x73, 0x6A, 0xD4, 0xAA, 0xB3, 0x19, 0xA0, 0x2C, 0xE2, 0x4F, 0xFA, 0x22, 0xDA,
    0xB0, 0x17, 0x37, 0x36, 0xC0, 0x91, 0x48, 0x85, 0x52, 0x10, 0x82, 0xC1, 0x68, 0x3A, 0x01, 0xFB,
    0xC6, 0x06, 0xBF, 0x64, 0x63, 0x8F, 0xAE, 0x82, 0xFF, 0x70, 0xBD, 0xDD, 0x0C, 0xC2, 0xDB, 0xB1,
    0x81, 0x3C, 0x98, 0xD5, 0x3A, 0x35, 0x3D, 0x37, 0x3E, 0x1A, 0xAA, 0xF6, 0xBE, 0x9A, 0x9B, 0xC9,
    0xD6, 0xA9, 0x71, 0xBE, 0x76, 0x0E, 0x19, 0x46, 0xC5, 0x6E, 0x1B, 0xC3, 0x1E, 0x4B, 0xC5, 0x36,
    0x8D, 0xA1, 0x18, 0x96, 0x4F, 0xE2, 0x8B, 0x43, 0x16, 0x13, 0xA0, 0x63, 0xF4, 0xCE, 0xE7, 0x14,
    0xFB, 0xE1, 0x7C, 0x58, 0x8B, 0xFB, 0x1E, 0xF2, 0x31, 0x69, 0xAE, 0xB8, 0x5A, 0x61, 0x7C, 0x30,
    0x81, 0xDA, 0x75, 0x3C, 0x18, 0x25, 0xEA, 0x60, 0xAC, 0x19, 0x3F, 0x8B, 0xC4, 0xC8, 0x10, 0x4B,
    0xA3, 0x93, 0x70, 0xCA, 0xE2, 0xAF, 0x23, 0x96, 0xC9, 0x07, 0x9B, 0x26, 0xC7, 0xB9, 0x56, 0xFD,
    0x6E, 0x0C, 0xBB, 0x91, 0x4B, 0xFB, 0x27, 0x43, 0x73, 0x37, 0x85, 0xFD, 0x88, 0xA1, 0x60, 0x1A,
    0xEE, 0x69, 0xB4, 0x3F, 0x9E, 0xE1, 0xC4, 0x8B, 0x63, 0xF0, 0xF9, 0x9A, 0x03, 0x49, 0xD6, 0x62,
    0x28, 0x71, 0xC3, 0x50, 0xB2, 0xDC, 0xB0, 0x50, 0xE7, 0x43, 0x60, 0x9D, 0xCF, 0xA2, 0x9C, 0x98,
    0x01, 0x08, 0x63, 0x39, 0x0C, 0x88, 0x22, 0x33, 0x0F, 0x2B, 0xC4, 0x71, 0xCB, 0xED, 0x42, 0x20,
    0x5A, 0x17, 0x10, 0xC2, 0xC1, 0xC9, 0x30, 0x92, 0x7E, 0x36, 0xEE, 0x47, 0x31, 0xAC, 0x5C, 0x75,
    0x9A, 0xCF, 0x48, 0x72, 0x30, 0xBC, 0x81, 0x52, 0xB9, 0x1F, 0xC9, 0x67, 0xAD, 0x6D, 0x11, 0x12,
    0x72, 0x30, 0xDA, 0x16, 0xF1, 0x0F, 0x71, 0xB0, 0x43, 0x69, 0xE2, 0x26, 0x4E, 0x98, 0x7B, 0xC4,
    0xCA, 0x9D, 0x4D, 0x8F, 0x91, 0x2D, 0xE0, 0x0E, 0x88, 0x88, 0x1F, 0x80, 0x96, 0x11, 0x74, 0xC6,
    0x32, 0xCF, 0x1A, 0xBC, 0xCF, 0x29, 0x10, 0x8B, 0x64, 0xF6, 0xA0, 0x76, 0x7C, 0x8E, 0x95, 0x73,
    0xEB, 0x65, 0x9D, 0x43, 0xC2, 0xCD, 0x86, 0x7B, 0xA5, 0x1F, 0x22, 0x64, 0xC4, 0xDB, 0x50, 0x50,
    0x31, 0x47, 0x6B, 0x8B, 0xD5, 0x86, 0x1B, 0x86, 0xDB, 0x1A, 0x58, 0x67, 0xC2, 0x16, 0xF5, 0x60,
    0x5A, 0x10, 0xF1, 0xDE, 0xC7, 0xBF, 0x47, 0x3F, 0x4C, 0x8B, 0x71, 0x85, 0xCF, 0x63, 0x0C, 0x6E,
    0x0F, 0x64, 0xAC, 0xB5, 0x75, 0x7A, 0x63, 0xBD, 0x5E, 0x9D, 0xD1, 0x49, 0x1D, 0xEA, 0x8C, 0xDF,
    0x75, 0xFE, 0xDD, 0x70, 0x9A, 0x04, 0xDF, 0xEF, 0xD7, 0x49, 0x6A, 0x22, 0x99, 0xAD, 0x93, 0x75,
    0xF6, 0x1C, 0x6E, 0x3D, 0x1D, 0x9F, 0xAD, 0xF7, 0xDB, 0xAD, 0x9B, 0x2A, 0xD7, 0x4D, 0x55, 0x93,
    0x23, 0x7C, 0x24, 0x3E, 0x5B, 0xEB, 0x8E, 0x2E, 0xFC, 0x1A, 0x8C, 0xBF, 0xEB, 0xD7, 0x67, 0xFF,
    0xFD, 0xE7, 0x3D, 0xB8, 0x1A, 0x3C, 0x0E, 0x18, 0x9A, 0x99, 0xD2, 0x05, 0xAE, 0xDE, 0xCE, 0x4D,
    0x97, 0x8E, 0x79, 0x1B, 0x7E, 0xF1, 0xE7, 0x8B, 0xD8, 0xB5, 0xAF, 0xD7, 0x4A, 0xCB, 0xBD, 0xAC,
    0x7D, 0xFD, 0x79, 0xD4, 0xEE, 0xFA, 0x62, 0x5C, 0xEC, 0x43, 0x35, 0xEF, 0xC7, 0x74, 0xCC, 0x8E,
    0xBB, 0x7E, 0x77, 0xC8, 0xDB, 0x02, 0x33, 0xF6, 0xB7, 0x9F, 0xBB, 0xF6, 0x22, 0x90, 0x74, 0xA4,
    0x1B, 0x89, 0x46, 0x72, 0x90, 0xEC, 0x3C, 0x44, 0x51, 0xA5, 0xA1, 0x38, 0x0E, 0x41, 0x67, 0x04,
    0xA6, 0xD1, 0x80, 0xED, 0x3A, 0x00, 0x67, 0x44, 0x2A, 0x92, 0xCA, 0xD2, 0xD0, 0x94, 0x02, 0x48,
    0xA8, 0x0F, 0x38, 0xAC, 0x03, 0xDA, 0x3B, 0x03, 0xB8, 0x4C, 0x08, 0xDF, 0xF9, 0x97, 0xB0, 0x2A,
    0x2E, 0x4A, 0x11, 0x10, 0x95, 0x3A, 0x6C, 0x77, 0x71, 0xFE, 0x04, 0xF6, 0xC5, 0x14, 0xD2, 0xB1,
    0x80, 0x9C, 0x8C, 0x85, 0xCD, 0xDB, 0x8C, 0x15, 0xD4, 0xF5, 0xD4, 0x18, 0xD3, 0x17, 0xD8, 0x99,
    0x69, 0xD4, 0x78, 0x6D, 0x82, 0x66, 0x27, 0xD6, 0x1C, 0x78, 0x7E, 0x47, 0xB4, 0x3B, 0x9E, 0xE1,
    0x36, 0xA2, 0xDD, 0xC4, 0x4F, 0x30, 0x39, 0x68, 0x00, 0x4D, 0x3F, 0x57, 0x50, 0xFB, 0x53, 0x01,
    0xF5, 0x6B, 0x73, 0xDA, 0x72, 0xA3, 0x56, 0xD9, 0xC5, 0x9B, 0x4F, 0xE2, 0x41, 0xAB, 0x0B, 0x13,
    0xC7, 0x4A, 0x18, 0x0A, 0xDB, 0x80, 0x7D, 0xD9, 0x03, 0x63, 0xB9, 0xB5, 0xA7, 0xA2, 0xC6, 0xBB,
    0xF3, 0xDC, 0xC3, 0xAD, 0x6F, 0xF7, 0x84, 0x1F, 0x5E, 0x49, 0xC7, 0xD4, 0xD4, 0x54, 0x03, 0xA9,
    0xE3, 0x96, 0xA3, 0xDC, 0xC7, 0x9B, 0x26, 0xB6, 0x05, 0xB4, 0x64, 0xFB, 0x68, 0x22, 0x7B, 0xFF,
    0xA5, 0x46, 0x79, 0xBB, 0x25, 0xE2, 0x3C, 0x01, 0xDB, 0x33, 0xDA, 0x4A, 0xBA, 0x8E, 0x56, 0x8A,
    0x27, 0xB6, 0xA7, 0x6A, 0xAE, 0xD0, 0x71, 0x43, 0x45, 0xB8, 0xE3, 0xEB, 0x0A, 0xE3, 0x2F, 0x5F,
    0x74, 0xC1, 0xF9, 0xF9, 0xF0, 0xB2, 0xD6, 0x14, 0xEE, 0x95, 0x34, 0x61, 0x4D, 0x0B, 0x39, 0x48,
    0x5B, 0x49, 0x77, 0xD5, 0xA6, 0xC9, 0x8C, 0xB2, 0x26, 0x92, 0xBB, 0xD8, 0x65, 0x03, 0xA9, 0xF7,
    0xD7, 0x77, 0xF1, 0x34, 0x53, 0x5A, 0x62, 0xE1, 0x99, 0xCB, 0x0F, 0x67, 0x6D, 0x54, 0x6B, 0x84,
    0x78, 0x9F, 0xB2, 0x63, 0xFD, 0xB5, 0xD3, 0x3E, 0x88, 0xE9, 0x7E, 0x81, 0x36, 0x07, 0x89, 0x7A,
    0x1B, 0x9E, 0xC5, 0x43, 0x05, 0xDD, 0xD9, 0x6A, 0x75, 0x19, 0xEE, 0x0D, 0xB1, 0x12, 0x86, 0x8E,
    0xAD, 0x73, 0xBE, 0x68, 0xB2, 0x61, 0xBB, 0x95, 0x55, 0x8D, 0x12, 0x8B, 0x28, 0x23, 0xB1, 0xE0,
    0xB0, 0x65, 0xBB, 0x8B, 0x1F, 0x51, 0xC7, 0x80, 0xA7, 0x1B, 0x63, 0x36, 0x2E, 0x1D, 0xC1, 0xF1,
    0x39, 0x8E, 0xA3, 0xB4, 0xD6, 0x98, 0xDC, 0xDA, 0x26, 0xBE, 0xFA, 0x27, 0xB8, 0x6C, 0x3C, 0xD4,
    0x92, 0x92, 0x6D, 0xE6, 0xB2, 0x71, 0xB7, 0x95, 0x29, 0x42, 0xBB, 0x97, 0x85, 0x56, 0x3B, 0xE5,
    0x73, 0x49, 0x53, 0x77, 0x64, 0x3B, 0xB1, 0xA5, 0xD4, 0x44, 0x70, 0x4E, 0x97, 0xC7, 0xC3, 0xA3,
    0xD9, 0xD0, 0xEE, 0xC3, 0x77, 0x6D, 0x0B, 0xF4, 0x32, 0xBD, 0x1D, 0xBC, 0xFD, 0x27, 0x3B, 0xCA,
    0x63, 0x06, 0xAB, 0x04, 0xCF, 0x25, 0xC3, 0x36, 0x8D, 0xAA, 0x1D, 0xD7, 0xAD, 0x53, 0xA1, 0x4F,
    0xCE, 0x84, 0xA9, 0x3B, 0x51, 0xF5, 0x83, 0x27, 0xB2, 0xB9, 0x9D, 0x9C, 0x85, 0x73, 0xD9, 0x2E,
    0xB7, 0xC6, 0xB7, 0x30, 0x77, 0xF5, 0x9F, 0x95, 0x8E, 0x67, 0x31, 0x9E, 0xDA, 0x6A, 0xC0, 0xBB,
    0xE6, 0x06, 0x0C, 0x25, 0x07, 0x49, 0x44, 0x5A, 0x3C, 0xC4, 0xAE, 0x32, 0xFD, 0xC9, 0xF3, 0xA5,
    0xAD, 0xEC, 0x6D, 0xF2, 0xCD, 0xD2, 0x36, 0x6C, 0x2B, 0x61, 0x8B, 0xF6, 0x40, 0xE9, 0xE8, 0xF6,
    0xE4, 0x84, 0x6C, 0xC5, 0x61, 0x24, 0xCE, 0x7D, 0x90, 0xCD, 0x95, 0x94, 0xBD, 0x4A, 0x57, 0xAF,
    0x72, 0x54, 0xAE, 0x3C, 0xD3, 0x50, 0x8F, 0x51, 0x3E, 0x44, 0x3C, 0x31, 0x63, 0x46, 0xC6, 0x5C,
    0xBA, 0xD7, 0xA7, 0xEE, 0xF3, 0x59, 0xF7, 0xF1, 0xAC, 0xBB, 0x1C, 0xCC, 0x6E, 0x95, 0xD2, 0x82,
    0x6B, 0x34, 0xE2, 0xCB, 0xE9, 0xAC, 0xBB, 0x3C, 0x9B, 0x0F, 0x40, 0xE1, 0x84, 0x5F, 0x64, 0x51,
    0x0A, 0xDC, 0x75, 0x28, 0xDC, 0xA2, 0x99, 0xD4, 0xC6, 0xF6, 0xCD, 0xC5, 0x83, 0x43, 0x45, 0xCF,
    0x6A, 0x69, 0x0F, 0x39, 0xED, 0x61, 0x25, 0x0A, 0x1C, 0x7D, 0xD4, 0xE6, 0xA4, 0x55, 0x5A, 0xF2,
    0x46, 0x5F, 0x41, 0x64, 0x8E, 0xB6, 0x46, 0x12, 0x47, 0xD9, 0x7C, 0x4C, 0xDB, 0x2C, 0x2D, 0xDF,
    0x34, 0x20, 0xA6, 0x59, 0x4C, 0xD3, 0x42, 0x3D, 0xA5, 0xEC, 0x40, 0x0A, 0xD7, 0x09, 0x39, 0x8D,
    0x1E, 0x11, 0xF8, 0x01, 0x9C, 0x90, 0xFC, 0x98, 0x9B, 0x1B, 0xA8, 0x17, 0xE4, 0x1C, 0x61, 0xB5,
    0x1E, 0x8B, 0x0D, 0x95, 0xF9, 0x46, 0xA3, 0xD1, 0x92, 0xA8, 0xE7, 0xEE, 0x9E, 0x9F, 0x9A, 0xA3,
    0xBD, 0x83, 0xEA, 0x9E, 0x8B, 0xF8, 0x77, 0x34, 0xCE, 0xE6, 0x85, 0x82, 0xA3, 0xE5, 0x07, 0xD2,
    0x8B, 0xDA, 0xBA, 0xE7, 0x5C, 0xDE, 0xB5, 0x63, 0xC7, 0x73, 0x13, 0x96, 0x2D, 0xC6, 0xC8, 0x4C,
    0xE3, 0x70, 0x66, 0x1A, 0xC7, 0x93, 0x47, 0x7D, 0xD7, 0x68, 0xBE, 0xBC, 0xEF, 0xC3, 0x26, 0x99,
    0x21, 0x08, 0x7D, 0xF8, 0xAA, 0x56, 0x48, 0xB4, 0x78, 0xF5, 0x94, 0x14, 0x29, 0x33, 0x8B, 0x88,
    0xAE, 0x49, 0x8F, 0x52, 0x3B, 0x09, 0x14, 0x16, 0x69, 0xA3, 0x20, 0x02, 0xCA, 0x41, 0xCD, 0xD1,
    0x91, 0xE4, 0x3B, 0x28, 0x0C, 0x29, 0x79, 0x82, 0x35, 0x35, 0x52, 0xBD, 0x72, 0x5A, 0xA2, 0xA8,
    0x61, 0xCF, 0x36, 0x94, 0xAF, 0x64, 0xEA, 0x5B, 0x3F, 0x0F, 0xF7, 0xEF, 0xD8, 0x47, 0xFE, 0xB4,
    0xAB, 0x09, 0x2E, 0xB7, 0xE0, 0xEC, 0xD2, 0x3E, 0x4B, 0x63, 0xCA, 0x82, 0x00, 0xCF, 0xC7, 0xEA,
    0x56, 0xA1, 0x7D, 0xB4, 0xD8, 0x32, 0xB8, 0x6A, 0xBE, 0xF7, 0xDA, 0x79, 0x51, 0x43, 0x7D, 0xD7,
    0x92, 0x2D, 0xEE, 0x43, 0x6C, 0x5F, 0x3A, 0x8E, 0x3F, 0x7C, 0x42, 0xBB, 0x15, 0xE5, 0xFF, 0xCF,
    0x0A, 0xE9, 0x5A, 0x86, 0xA2, 0x26, 0xEE, 0x66, 0xC4, 0xA1, 0xA8, 0x4C, 0x1E, 0x37, 0x72, 0x63,
    0xDF, 0x83, 0x02, 0xA3, 0x56, 0x67, 0xC0, 0x28, 0x5E, 0x70, 0x4C, 0x89, 0xC9, 0x44, 0xB2, 0xD2,
    0x2D, 0x52, 0x10, 0x77, 0x5C, 0x0D, 0x28, 0x99, 0xE6, 0xF2, 0xE7, 0xC7, 0x0A, 0x26, 0xEA, 0x33,
    0x39, 0xEF, 0x6F, 0xB5, 0x7A, 0xBF, 0x11, 0xEE, 0xEC, 0x1F, 0x92, 0xA7, 0xC4, 0xBE, 0xE2, 0x0A,
    0xDB, 0x25, 0x78, 0x7C, 0x4A, 0x8F, 0x1B, 0x9E, 0x84, 0xF5, 0xC6, 0xD7, 0xED, 0x16, 0x5B, 0xDD,
    0x1F, 0x76, 0xB4, 0x8A, 0xBD, 0xB9, 0x9C, 0x1F, 0xFE, 0x60, 0x33, 0x16, 0xA5, 0x9D, 0x77, 0x18,
    0x2B, 0x1A, 0xA3, 0x4F, 0x3F, 0xC5, 0xAE, 0xCD, 0xE7, 0x4A, 0xE2, 0x0D, 0x82, 0x23, 0x1B, 0x08,
    0x90, 0x4E, 0x02, 0xE3, 0x09, 0x54, 0xF6, 0x72, 0x63, 0xB1, 0xF4, 0xA7, 0x69, 0xCC, 0xE2, 0xE7,
    0x73, 0xB5, 0xA1, 0x36, 0x2D, 0x8C, 0x27, 0xBE, 0xB4, 0xE8, 0xCD, 0xE4, 0xFC, 0x1F, 0x2D, 0x62,
    0xE9, 0x33, 0x73, 0x90, 0xCA, 0xAD, 0x28, 0x4C, 0x24, 0x02, 0x51, 0xDA, 0x04, 0x21, 0x78, 0x8A,
    0x6A, 0x1D, 0xF9, 0x65, 0x2B, 0x99, 0x18, 0xC0, 0xB6, 0xAC, 0xB1, 0x7B, 0x85, 0x41, 0xF0, 0xAD,
    0xDC, 0xAA, 0x6A, 0xB2, 0xCA, 0xA1, 0x4C, 0xF7, 0x12, 0xB2, 0xD9, 0x52, 0x5F, 0x93, 0xB6, 0x69,
    0xFC, 0xC2, 0x5D, 0x80, 0xDF, 0x38, 0xED, 0x3E, 0xE3, 0xC4, 0x66, 0x1D, 0xDC, 0x3F, 0x29, 0x29,
    0xC7, 0x76, 0xA4, 0xD5, 0x2C, 0x48, 0x09, 0x6F, 0x26, 0x69, 0xE2, 0x88, 0x10, 0x4B, 0xEE, 0x06,
    0x26, 0xDE, 0x78, 0x98, 0x94, 0x7A, 0x98, 0xB4, 0x8D, 0x67, 0xF1, 0x3E, 0x63, 0xAC, 0x96, 0x63,
    0x28, 0x2C, 0x34, 0x87, 0xD2, 0xCB, 0x95, 0xBB, 0xC0, 0x8D, 0xD6, 0xA0, 0xDC, 0x5C, 0x51, 0x1A,
    0xE6, 0x73, 0x99, 0x90, 0xA3, 0xD3, 0xD3, 0xB3, 0x39, 0xD2, 0xE4, 0x0C, 0x0A, 0x8C, 0xD8, 0x1E,
    0x57, 0x53, 0x94, 0xD1, 0x01, 0x5F, 0x46, 0x95, 0x67, 0xAD, 0xDE, 0xA3, 0xFF, 0x56, 0x2A, 0xD5,
    0xA2, 0xC1, 0x01, 0x9E, 0xC4, 0x59, 0xCB, 0x37, 0xCD, 0xC4, 0xD9, 0x46, 0xEF, 0x7F, 0x1A, 0xDB,
    0x9E, 0xB0, 0xBA, 0x5A, 0x8F, 0x23, 0x21, 0x1B, 0x73, 0x9B, 0x9D, 0xD2, 0x2C, 0x52, 0xB5, 0xD6,
    0xD1, 0x48, 0xF1, 0xF3, 0x88, 0x34, 0x4C, 0x6F, 0x1B, 0xAB, 0xF7, 0x08, 0x93, 0x06, 0xEE, 0x7B,
    0x53, 0xCA, 0x1B, 0x77, 0x4D, 0xE9, 0x96, 0xE9, 0x04, 0x86, 0x07, 0xC0, 0x45, 0x4F, 0x1F, 0x5E,
    0xCD, 0xAB, 0x3B, 0xB5, 0x29, 0x69, 0xC9, 0xB2, 0x6B, 0x4A, 0x84, 0x7D, 0xDC, 0x0A, 0x89, 0x8D,
    0x50, 0xA2, 0x57, 0x24, 0x8F, 0x01, 0xE8, 0x26, 0x9E, 0xF1, 0x78, 0xFF, 0xE3, 0x92, 0xFC, 0x71,
    0xED, 0x8A, 0x48, 0x02, 0x1E, 0xE7, 0x45, 0x2D, 0x05, 0x3F, 0x4C, 0x1B, 0xFA, 0x11, 0xDC, 0x02,
    0xD0, 0x67, 0x52, 0x10, 0x19, 0x83, 0xFC, 0x3A, 0x02, 0xF0, 0x0E, 0x41, 0x7B, 0x06, 0xB2, 0x07,
    0xC0, 0xEE, 0x16, 0xA8, 0xCF, 0x26, 0xD3, 0xD4, 0xBE, 0xD0, 0x47, 0x8B, 0x37, 0xD2, 0x9F, 0xA3,
    0x34, 0x9F, 0xA3, 0x7B, 0xFD, 0x4A, 0x37, 0xD9, 0xDB, 0xE1, 0xC2, 0xCD, 0xBA, 0xDD, 0x2E, 0xB3,
    0x3E, 0xD4, 0xBE, 0x6A, 0x86, 0x57, 0xE3, 0xF0, 0xF0, 0xCF, 0xB0, 0x4C, 0x76, 0xBB, 0x79, 0xCB,
    0x61, 0x0F, 0x36, 0xC8, 0x60, 0xFC, 0xC0, 0x13, 0x32, 0xA5, 0x2C, 0x9C, 0xBC, 0x13, 0xDB, 0xAA,
    0xA4, 0x1B, 0xDE, 0xE6, 0x53, 0x3A, 0x0E, 0x47, 0xA8, 0x05, 0x70, 0x72, 0x7A, 0x24, 0xBB, 0x25,
    0xAF, 0xCB, 0xC9, 0x48, 0xD6, 0xDC, 0x02, 0xE3, 0x39, 0xE0, 0x70, 0x0B, 0x32, 0x69, 0xC1, 0x46,
    0x2A, 0x07, 0x78, 0x1C, 0x2D, 0xBC, 0x20, 0x2C, 0x9B, 0x21, 0x4B, 0x04, 0x24, 0x46, 0x29, 0x9A,
    0x51, 0xFE, 0xBD, 0xD2, 0x3C, 0x3F, 0x45, 0xB2, 0x2D, 0x0E, 0xE6, 0x2B, 0x1B, 0x27, 0xFB, 0xB2,
    0x2B, 0x2B, 0x7E, 0x63, 0x70, 0x9E, 0x20, 0x7D, 0x18, 0xBC, 0xE3, 0x65, 0xEF, 0xA4, 0x15, 0x5E,
    0x9E, 0x1B, 0x7A, 0xB3, 0xE7, 0xDE, 0xB9, 0xC3, 0x45, 0x00, 0xFB, 0xA7, 0x6F, 0xBB, 0xE4, 0xDF,
    0xD0, 0xE6, 0xC8, 0xD8, 0xB5, 0x0D, 0x82, 0xD3, 0xD6, 0x24, 0x7E, 0xEF, 0xE1, 0x2A, 0x15, 0xAA,
    0x3C, 0x8C, 0x71, 0xF1, 0xBD, 0x72, 0x19, 0x34, 0x30, 0xAB, 0xE2, 0x9A, 0xC0, 0xB0, 0x7C, 0x12,
    0x7F, 0x1D, 0x01, 0x0A, 0x25, 0xF6, 0xE0, 0xEB, 0x21, 0xFF, 0x40, 0x59, 0xCD, 0xB4, 0xEB, 0xBD,
    0xF2, 0x5E, 0x15, 0xED, 0xD0, 0xC0, 0xA9, 0xE2, 0x0B, 0xE5, 0x4E, 0xB4, 0xFD, 0x13, 0x70, 0x51,
    0x9B, 0x5C, 0xE2, 0xC2, 0x9A, 0x21, 0x36, 0x56, 0xA3, 0xB2, 0x99, 0xE9, 0xD2, 0xC4, 0x31, 0xF5,
    0x84, 0x1D, 0xFA, 0x18, 0xA8, 0xB8, 0x2C, 0x15, 0x30, 0x51, 0xEA, 0x85, 0xE0, 0x10, 0x68, 0x13,
    0xA4, 0x30, 0x1B, 0x29, 0xB7, 0x42, 0x1A, 0x2F, 0x7C, 0x7B, 0xCD, 0x2B, 0x7E, 0x7A, 0x26, 0x34,
    0x5D, 0xF4, 0x67, 0x06, 0x6A, 0x0B, 0x6C, 0x00, 0x99, 0x60, 0x9D, 0x5D, 0x09, 0xC2, 0x27, 0xC7,
    0xA9, 0xCC, 0x46, 0x41, 0xDB, 0x60, 0x03, 0x68, 0x4A, 0xA2, 0x9A, 0xCD, 0x33, 0x32, 0x8B, 0x63,
    0xD6, 0xF4, 0x1A, 0x41, 0x1F, 0xAC, 0xAA, 0x45, 0x42, 0x13, 0x60, 0x73, 0xD8, 0x8D, 0x80, 0x55,
    0x9F, 0x13, 0x16, 0x7D, 0x31, 0x10, 0xE2, 0xD3, 0x8C, 0xA4, 0x76, 0x45, 0xB8, 0x1B, 0x9B, 0x03,
    0xE1, 0x14, 0x3B, 0xC0, 0x0C, 0x81, 0xD1, 0x8C, 0x94, 0x92, 0x60, 0x8A, 0x20, 0x5A, 0x90, 0x56,
    0x3B, 0x71, 0x18, 0x94, 0x98, 0x1A, 0xA0, 0x7A, 0x08, 0x1B, 0x87, 0x48, 0x01, 0xCF, 0x91, 0xB9,
    0xCC, 0x83, 0x1C, 0x94, 0x83, 0xEA, 0x26, 0x87, 0xC8, 0xEC, 0xE4, 0x41, 0x95, 0x80, 0x03, 0xB6,
    0x48, 0x10, 0x1D, 0xD4, 0x02, 0x2D, 0xC0, 0x0B, 0xE4, 0xA7, 0x0E, 0xB6, 0xAB, 0x1E, 0x60, 0xC0,
    0xF2, 0x06, 0xCC, 0xCF, 0x03, 0x28, 0x66, 0x82, 0x5D, 0x24, 0xC8, 0xE2, 0x2F, 0x01, 0x52, 0x81,
    0x4D, 0xFC, 0x8A, 0x16, 0xC7, 0x9C, 0xAE, 0x03, 0x19, 0x93, 0xA0, 0x10, 0xC8, 0x05, 0x76, 0x02,
    0x99, 0x40, 0x2A, 0x90, 0xB8, 0xA5, 0x72, 0xC0, 0xB4, 0x90, 0x67, 0x9A, 0x5D, 0x51, 0x53, 0x53,
    0xF7, 0x9E, 0x50, 0x5F, 0x78, 0xD5, 0x38, 0x50, 0xCA, 0xBA, 0xA3, 0x48, 0x80, 0x07, 0xF7, 0xF4,
    0xCE, 0x46, 0xC5, 0xB6, 0x84, 0x72, 0x19, 0x18, 0x43, 0xDB, 0x1F, 0x94, 0x81, 0xDC, 0xA1, 0xA9,
    0x77, 0xB2, 0xCB, 0x6E, 0x85, 0xF5, 0x2D, 0x58, 0xAE, 0xFD, 0x7C, 0xDC, 0x32, 0x8F, 0x12, 0x8C,
    0xF3, 0xBA, 0xCE, 0xB2, 0xEE, 0x82, 0xC7, 0x82, 0xD7, 0x82, 0xE7, 0x8A, 0xF7, 0xB2, 0x8F, 0x65,
    0x5F, 0xBE, 0x4F, 0x28, 0x80, 0xF2, 0x3C, 0x11, 0x21, 0x3F, 0xAE, 0x5B, 0x3D, 0xC1, 0xC7, 0xF4,
    0xE6, 0x12, 0xF7, 0xE6, 0x2E, 0xC3, 0xE4, 0xE5, 0x8D, 0xBE, 0xCD, 0x2E, 0xFC, 0xB8, 0xEE, 0x34,
    0xDB, 0xB8, 0xAC, 0xF2, 0xB0, 0x45, 0x7F, 0xB0, 0xFD, 0x66, 0xE7, 0x32, 0xBC, 0xC9, 0xB9, 0x24,
    0xA5, 0xCE, 0x65, 0xDB, 0xE9, 0x3C, 0x76, 0x47, 0xC1, 0x62, 0x92, 0xD7, 0x5E, 0xC5, 0x1F, 0xF1,
    0x5C, 0x60, 0x14, 0x31, 0x0F, 0x53, 0x66, 0x85, 0xCC, 0x38, 0xD7, 0x41, 0x24, 0x81, 0x75, 0x11,
    0x33, 0x64, 0xC4, 0x63, 0x70, 0xBC, 0xC6, 0x45, 0x45, 0x28, 0x6B, 0xB5, 0x54, 0x3C, 0x5E, 0x40,
    0x21, 0x20, 0x66, 0x44, 0x59, 0x2B, 0xF9, 0xF0, 0x2A, 0xE4, 0x1E, 0xBB, 0x66, 0xE7, 0x91, 0xEB,
    0x5C, 0x6B, 0xF4, 0xB4, 0x6E, 0xD6, 0xF3, 0x92, 0x27, 0xBF, 0xF1, 0xB1, 0xD4, 0x60, 0x90, 0xFB,
    0x08, 0xE9, 0xBC, 0x0B, 0xF4, 0xDD, 0x63, 0x59, 0xA8, 0xD5, 0xD5, 0xEB, 0xFC, 0xF4, 0x83, 0xBB,
    0x38, 0x8B, 0x2E, 0x1E, 0x98, 0x86, 0x84, 0x66, 0x80, 0x2E, 0x1E, 0x56, 0x5D, 0x3C, 0xBB, 0x2E,
    0x2E, 0x2F, 0x74, 0xF1, 0x21, 0xD0, 0xF3, 0xEF, 0xE5, 0x53, 0xFA, 0x7A, 0xB3, 0xEB, 0x62, 0x64,
    0x1F, 0xE0, 0x38, 0x80, 0x60, 0x83, 0x9F, 0x5C, 0xB9, 0xD4, 0x1A, 0x19, 0xC9, 0x80, 0x54, 0x16,
    0xE0, 0x8E, 0x8C, 0x7D, 0x40, 0x71, 0x54, 0x6E, 0xE4, 0xFC, 0xFC, 0xC5, 0x92, 0x65, 0x32, 0x70,
    0xF0, 0x00, 0xCC, 0x03, 0x65, 0xFC, 0xAD, 0x8C, 0xF1, 0x5A, 0x6B, 0x6C, 0x94, 0x04, 0xF3, 0x72,
    0x26, 0x02, 0x74, 0x8E, 0x7D, 0xEC, 0xAC, 0x0F, 0x13, 0xF2, 0x1E, 0xC6, 0xD6, 0x09, 0x2B, 0x8A,
    0x25, 0x52, 0x72, 0xA8, 0xC5, 0xD9, 0xFB, 0x02, 0xE6, 0x71, 0xFE, 0x39, 0x8F, 0x8E, 0xA4, 0xD8,
    0xB8, 0xF3, 0x5B, 0x29, 0xD8, 0xDF, 0x46, 0x45, 0x86, 0xDF, 0xF9, 0xF8, 0x35, 0xF4, 0xBD, 0xE7,
    0xD9, 0x95, 0x04, 0xFC, 0x7F, 0x6C, 0x3D, 0x2B, 0xFC, 0x6D, 0xB6, 0x34, 0x6D, 0x70, 0x38, 0x8B,
    0xB9, 0x62, 0xAD, 0xCA, 0x24, 0x23, 0x81, 0xB7, 0x69, 0x07, 0xAC, 0x82, 0x7B, 0x7F, 0x51, 0x8C,
    0xD8, 0x8B, 0xAE, 0x48, 0xAC, 0x32, 0x4A, 0x65, 0xF5, 0x02, 0xA2, 0x5B, 0xB0, 0xF2, 0xD9, 0xE7,
    0x3C, 0xDE, 0x5E, 0x05, 0xB8, 0x83, 0xCA, 0x61, 0x66, 0xFD, 0x20, 0xE9, 0x30, 0x1E, 0x38, 0xCC,
    0x94, 0xC1, 0x18, 0x73, 0x95, 0x85, 0xFB, 0x0A, 0xAA, 0x90, 0x79, 0xE5, 0x8F, 0x38, 0xCD, 0x41,
    0xD6, 0x77, 0x23, 0x63, 0x9C, 0x2A, 0x4D, 0xFA, 0x0F, 0x50, 0x99, 0xBB, 0xF8, 0x1F, 0xE0, 0xF9,
    0x6D, 0xFC, 0x15, 0x40, 0x1A, 0xFF, 0x8B, 0x65, 0x6E, 0xF1, 0x4E, 0x12, 0x97, 0x9C, 0x95, 0x12,
    0x37, 0xF2, 0xBD, 0xAB, 0xA5, 0xD8, 0x7A, 0x14, 0xE8, 0x95, 0x2A, 0x38, 0x70, 0xB9, 0x94, 0xEA,
    0xA7, 0xAC, 0x26, 0x4A, 0x44, 0x4E, 0x1D, 0x91, 0x09, 0x37, 0xA6, 0x6D, 0xC9, 0xDF, 0xCC, 0xA7,
    0xA3, 0xE6, 0x83, 0x32, 0x15, 0x14, 0x46, 0x35, 0x2A, 0xC1, 0x4E, 0xAC, 0x77, 0x70, 0xD4, 0x28,
    0x3F, 0x19, 0x32, 0x97, 0xC4, 0xDD, 0x1C, 0xB9, 0xE2, 0x05, 0xCB, 0xD8, 0xA9, 0x39, 0x73, 0x5F,
    0xC5, 0x44, 0x65, 0xCF, 0xE6, 0xAB, 0xF8, 0xF7, 0xAA, 0xDC, 0xC4, 0x2F, 0xE2, 0x4F, 0xEC, 0x93,
    0xBD, 0x8F, 0xBF, 0x31, 0xFB, 0x08, 0x29, 0xEE, 0xE3, 0x67, 0xFE, 0xE9, 0xB9, 0xB9, 0x44, 0xFF,
    0xCE, 0x4F, 0xFF, 0x6B, 0xCA, 0xEC, 0x3F, 0x99, 0x22, 0x32, 0xB7, 0x22, 0x7E, 0xE9, 0xD5, 0x80,
    0xB2, 0x59, 0xEB, 0x02, 0xD5, 0xFA, 0xA9, 0xA0, 0x14, 0xA1, 0x14, 0x5B, 0x70, 0xFB, 0xA8, 0x87,
    0xE7, 0xDC, 0xFA, 0x8E, 0x7A, 0x70, 0xF9, 0xA4, 0x64, 0x49, 0xE6, 0xE6, 0x08, 0x94, 0x1C, 0x3C,
    0x67, 0x94, 0x32, 0xBA, 0x60, 0xD1, 0x9E, 0xB6, 0xC9, 0x6D, 0x15, 0xDC, 0x52, 0xE9, 0x48, 0x44,
    0xA0, 0x72, 0x1E, 0xB1, 0x5C, 0x2B, 0xDF, 0x4D, 0x89, 0xC1, 0xDF, 0x71, 0xF5, 0x5D, 0xFC, 0xDA,
    0xB3, 0xC4, 0xD2, 0xFB, 0xEE, 0xAE, 0x52, 0xD6, 0xDB, 0xF3, 0x8C, 0xCC, 0xDE, 0x33, 0x34, 0x99,
    0x87, 0x47, 0x3B, 0x87, 0xCB, 0xF7, 0xCD, 0x29, 0x53, 0xD3, 0x9D, 0xCD, 0x97, 0xB9, 0x9F, 0xBA,
    0x8F, 0xBF, 0x8F, 0xCA, 0x92, 0xB4, 0xEE, 0x94, 0x96, 0x05, 0x6D, 0x08, 0xCE, 0xEA, 0x40, 0x9C,
    0x4F, 0xB6, 0x76, 0xE4, 0xBB, 0x84, 0xC4, 0xC2, 0x2D, 0x14, 0x3B, 0x6D, 0xDA, 0x19, 0xED, 0x41,
    0x76, 0xF9, 0x40, 0xE7, 0x34, 0x63, 0x96, 0xA6, 0xE7, 0xE7, 0x3D, 0x0B, 0xC4, 0x93, 0xF6, 0xD9,
    0xC4, 0x25, 0x3B, 0x53, 0x72, 0xDD, 0x7D, 0xFC, 0xDC, 0xE9, 0xF9, 0x85, 0x67, 0xEA, 0xA2, 0xE7,
    0xDB, 0x7C, 0x9F, 0x71, 0x55, 0x62, 0xD1, 0x33, 0x52, 0xE3, 0x45, 0xA6, 0x4A, 0xF9, 0xF6, 0x25,
    0x04, 0x78, 0xD7, 0xB0, 0x50, 0x96, 0xED, 0xC1, 0x76, 0xCD, 0x14, 0x16, 0xBA, 0x62, 0x00, 0x7C,
    0x19, 0x26, 0xF8, 0xE5, 0x85, 0xA5, 0x28, 0xD7, 0x9E, 0x6A, 0x75, 0xD3, 0xBA, 0x81, 0x5C, 0xF7,
    0x78, 0x58, 0x2C, 0xF3, 0x72, 0x95, 0x26, 0x3C, 0xAE, 0xBA, 0x5F, 0xB1, 0xE9, 0xAB, 0xDA, 0xE1,
    0xE2, 0xB7, 0x0D, 0xEF, 0xEC, 0xF7, 0x72, 0x66, 0xE6, 0xE2, 0x8B, 0x79, 0x29, 0x66, 0xED, 0x54,
    0x53, 0x6C, 0xBD, 0x3C, 0x9C, 0x2A, 0x4D, 0xDC, 0x2F, 0x19, 0x65, 0x15, 0x1B, 0xC7, 0xFB, 0x86,
    0xD4, 0xEB, 0x90, 0xCE, 0x87, 0x24, 0x1A, 0x37, 0x2C, 0x81, 0x7F, 0x31, 0x2D, 0xB5, 0x96, 0xBD,
    0xC6, 0xD5, 0x9E, 0xF2, 0xE7, 0x90, 0x14, 0xB5, 0xD9, 0xF1, 0xFC, 0x37, 0xEC, 0xDE, 0xD9, 0xEF,
    0xED, 0x99, 0xC3, 0xD3, 0x9A, 0x3C, 0xD9, 0xAE, 0x65, 0x1E, 0x1D, 0x90, 0x74, 0x81, 0xB4, 0x44,
    0xB5, 0x84, 0x7F, 0x30, 0xF2, 0x5F, 0x30, 0x36, 0xF8, 0xDC, 0xC8, 0x91, 0x99, 0xB6, 0x81, 0x2C,
    0xE0, 0xCE, 0x96, 0xD9, 0xDD, 0x62, 0xC4, 0xAF, 0x7D, 0x60, 0xCD, 0x2C, 0xAC, 0x29, 0xC0, 0xDB,
    0xCD, 0x77, 0x8D, 0x08, 0x25, 0xE9, 0xDF, 0x83, 0x80, 0x7B, 0x64, 0xFE, 0xCA, 0x53, 0x49, 0x96,
    0x55, 0x55, 0xFB, 0x2A, 0xA3, 0xCD, 0xDE, 0xA3, 0xE4, 0x12, 0xB2, 0x89, 0x54, 0xFE, 0x9E, 0x7B,
    0x0E, 0x24, 0xF6, 0x07, 0x31, 0xEA, 0x5E, 0x93, 0xEC, 0x3A, 0xFD, 0x07, 0x48, 0xEB, 0x15, 0x7C,
    0xEC, 0xD1, 0xB3, 0x62, 0xF2, 0x0B, 0x11, 0x44, 0x22, 0xAD, 0xE7, 0x05, 0xBA, 0xC2, 0x8B, 0xD2,
    0x66, 0x1D, 0xEA, 0x6D, 0x9C, 0x51, 0xEF, 0x60, 0xA5, 0xEA, 0x4D, 0x3C, 0xD9, 0xE4, 0x89, 0xA2,
    0x63, 0x73, 0xDD, 0x6E, 0x60, 0xEF, 0x2E, 0x0B, 0x80, 0xCF, 0xE8, 0x2F, 0xC3, 0x9B, 0xA2, 0xE2,
    0x68, 0xE9, 0x4B, 0x75, 0x8C, 0x9F, 0x3A, 0x0F, 0xA6, 0xD4, 0xEA, 0x0D, 0x94, 0x4A, 0xE7, 0x3D,
    0xA3, 0xF4, 0xD5, 0xB3, 0xC5, 0x7F, 0x5F, 0x66, 0xFE, 0x1F, 0x3A, 0x78, 0x3D, 0x4B, 0x13, 0xE1,
    0xD1, 0x93, 0xE5, 0xD6, 0x50, 0xEE, 0x69, 0xB6, 0x6E, 0xBB, 0x5C, 0x7B, 0x1B, 0x79, 0x13, 0x07,
    0xCE, 0xCF, 0xD1, 0x5C, 0xDA, 0xF7, 0xFD, 0xBE, 0xC3, 0x7D, 0x21, 0xEE, 0xB8, 0x54, 0x06, 0x4D,
    0x6D, 0xED, 0xAE, 0x30, 0x6C, 0xC6, 0x04, 0x13, 0xA6, 0x42, 0xA0, 0x68, 0xBC, 0xC8, 0xE9, 0x83,
    0xF2, 0x5D, 0x9B, 0xB5, 0x80, 0xFD, 0x70, 0x9B, 0x3C, 0x41, 0x5B, 0x19, 0x8B, 0xF4, 0x76, 0x32,
    0x37, 0xB1, 0xCF, 0x4E, 0x57, 0xF0, 0x7A, 0x15, 0xE1, 0x2A, 0xA6, 0x79, 0x79, 0xD5, 0xAB, 0x37,
    0x34, 0x94, 0x8B, 0x4E, 0xEE, 0x6D, 0xF9, 0x6D, 0x03, 0x1E, 0xF1, 0x51, 0x9A, 0x81, 0xB3, 0x1D,
    0xE5, 0xD8, 0x6D, 0x94, 0xA7, 0xAE, 0xCC, 0x74, 0x8E, 0x21, 0x79, 0x72, 0x2A, 0x3D, 0xAA, 0xE8,
    0x58, 0xE1, 0x7C, 0x92, 0x53, 0x05, 0xA6, 0xA4, 0x6B, 0x8A, 0xFA, 0x37, 0xCA, 0xAE, 0xF0, 0x82,
    0xFB, 0xCA, 0x4B, 0x89, 0x98, 0x93, 0x89, 0xB2, 0x41, 0x6D, 0x25, 0xDF, 0x60, 0x3C, 0xF9, 0x60,
    0xB9, 0x39, 0x27, 0xF0, 0x54, 0x6E, 0x9A, 0xD9, 0x2F, 0x0D, 0x6C, 0xE4, 0xC8, 0x57, 0x34, 0x3E,
    0x5A, 0x51, 0xAB, 0x3F, 0x62, 0x22, 0x1B, 0x85, 0x3F, 0x78, 0xE6, 0xBD, 0x61, 0xD0, 0x6F, 0xFC,
    0x72, 0xD3, 0xF9, 0x73, 0x5F, 0x76, 0xE9, 0x76, 0x9F, 0x37, 0x79, 0x9C, 0x39, 0x1A, 0x08, 0x67,
    0x8A, 0xBB, 0x57, 0xBA, 0x04, 0xB9, 0xD2, 0xFF, 0x19, 0xE9, 0x0F, 0xBD, 0x2E, 0xCF, 0xE6, 0x6E,
    0x71, 0xDA, 0xDB, 0xB3, 0x6F, 0x1B, 0x16, 0xD4, 0xCD, 0xE2, 0x7F, 0xE4, 0x05, 0xD4, 0x7E, 0xF5,
    0xFB, 0x5E, 0x70, 0x0B, 0xBF, 0x85, 0xC0, 0xCE, 0xA9, 0x7B, 0x08, 0x4B, 0xFB, 0x57, 0x70, 0xF0,
    0x1E, 0xC5, 0x3A, 0xF7, 0x32, 0x7C, 0xEB, 0x65, 0xF8, 0xF3, 0xB2, 0x6B, 0xD2, 0x5C, 0xBF, 0x66,
    0x56, 0x26, 0xF9, 0x19, 0x25, 0xAE, 0xA3, 0xC0, 0xAD, 0x06, 0x62, 0xA6, 0xAC, 0x48, 0xAA, 0x47,
    0x35, 0xF4, 0x5C, 0xDF, 0xBA, 0x31, 0xB9, 0x81, 0xB7, 0x49, 0xC9, 0xC3, 0xAF, 0x7D, 0xDE, 0x1F,
    0xCF, 0x0B, 0x6B, 0xB7, 0x35, 0x68, 0xF3, 0x26, 0xBF, 0xDB, 0x49, 0xE5, 0x5F, 0x18, 0xD4, 0xE5,
    0xC1, 0xDF, 0xDB, 0xE9, 0x6E, 0x8D, 0x33, 0x8F, 0xEF, 0xFE, 0x29, 0x78, 0xD3, 0xC3, 0x9F, 0xC9,
    0x9E, 0xA3, 0x67, 0xFF, 0xDE, 0x38, 0x94, 0x2F, 0x18, 0x4A, 0xD3, 0xA7, 0x55, 0xCE, 0x4E, 0x41,
    0x63, 0xC1, 0xD9, 0xA8, 0x95, 0x6E, 0x3C, 0xFC, 0x3C, 0xDD, 0x7F, 0x5C, 0xAE, 0x8F, 0xEA, 0xFD,
    0x72, 0x91, 0xCA, 0x5A, 0x90, 0x01, 0x99, 0xEB, 0x03, 0x03, 0xD4, 0x9E, 0xD9, 0xC8, 0xD1, 0x53,
    0x85, 0xEB, 0x5A, 0x39, 0x15, 0xE9, 0x37, 0xFD, 0x1D, 0xDD, 0xEE, 0x57, 0x71, 0xC8, 0xB1, 0x18,
    0xEE, 0x8F, 0x3D, 0x09, 0xC9, 0xC7, 0xD2, 0x03, 0x35, 0xDC, 0x40, 0x28, 0xDB, 0xE7, 0x8B, 0x3E,
    0x7F, 0xB1, 0x96, 0xD6, 0xA4, 0x8D, 0xFF, 0x00, 0x9D, 0x16, 0xB9, 0x71, 0xF8, 0xF4, 0x25, 0xF3,
    0x08, 0x08, 0x5A, 0x94, 0x93, 0xF0, 0x0C, 0xC3, 0xFC, 0x2D, 0x7D, 0x30, 0xE4, 0x7F, 0x46, 0xC4,
    0x3B, 0x20, 0xFD, 0xA7, 0x14, 0x0B, 0x19, 0xE8, 0x7D, 0x94, 0x5B, 0xEC, 0x25, 0xCB, 0x49, 0xF1,
    0xBA, 0x6E, 0x7F, 0xFA, 0x0D, 0xAF, 0x46, 0xF9, 0xC1, 0x97, 0xA9, 0x95, 0x33, 0xE5, 0x42, 0x03,
    0xA0, 0x9B, 0x2F, 0x2D, 0x6F, 0xEB, 0xD4, 0xBB, 0xF3, 0x9B, 0x2F, 0x62, 0x17, 0xAD, 0xE8, 0xB7,
    0x75, 0x68, 0x76, 0x69, 0x04, 0xDD, 0x20, 0xBE, 0xB8, 0x63, 0x76, 0x67, 0x1A, 0xD0, 0xC5, 0xEC,
    0x66, 0xB7, 0xCC, 0xEE, 0xF1, 0xA5, 0x66, 0x37, 0xBF, 0xD7, 0xEC, 0x5E, 0xD3, 0xB8, 0xCB, 0xD0,
    0xBB, 0xD1, 0x7F, 0x8D, 0x14, 0x97, 0x1B, 0xA1, 0x8A, 0x0E, 0x92, 0x19, 0x88, 0x3F, 0xBA, 0x3F,
    0xC3, 0x38, 0x92, 0x40, 0x56, 0x2C, 0xC8, 0xA4, 0x29, 0xF7, 0xD4, 0xEB, 0x4E, 0xAD, 0xA7, 0x5C,
    0x5E, 0x06, 0xD4, 0xC5, 0x07, 0x48, 0x8F, 0x2F, 0x93, 0xF9, 0xD4, 0xD9, 0x7A, 0xF1, 0xF6, 0x2B,
    0xD0, 0xAF, 0xB2, 0x18, 0x12, 0x2E, 0xE8, 0x13, 0x0B, 0x72, 0xDE, 0x53, 0x18, 0xA2, 0x8B, 0x3D,
    0x8A, 0x36, 0x2E, 0x41, 0x21, 0x40, 0xA9, 0x78, 0x54, 0xC7, 0xAE, 0x6A, 0x2D, 0x88, 0x6A, 0x6D,
    0xA2, 0xD6, 0xDD, 0x37, 0x7B, 0x6E, 0x6A, 0xCA, 0xEC, 0xAB, 0xEE, 0xDF, 0xDE, 0xF3, 0x84, 0xE4,
    0xE9, 0x95, 0xDC, 0xC9, 0xD2, 0xA3, 0xA1, 0x9D, 0xDF, 0x6E, 0x8F, 0x3C, 0xB6, 0x67, 0x0D, 0xFD,
    0xBC, 0x5D, 0xED, 0x7E, 0x5E, 0x11, 0xFF, 0x5B, 0xB5, 0xE2, 0xB9, 0x24, 0xB7, 0x0D, 0xCA, 0x07,
    0x19, 0x6A, 0xCD, 0x72, 0x51, 0xA3, 0x0D, 0x7F, 0x03, 0xCF, 0xF9, 0xB1, 0x17, 0x44, 0xC4, 0x85,
    0x32, 0xF2, 0xF7, 0xDF, 0xA3, 0x4B, 0x9E, 0xFE, 0xEB, 0xBD, 0x66, 0xF3, 0xED, 0xCD, 0x30, 0x13,
    0x4B, 0x34, 0xEF, 0x21, 0xBA, 0xB9, 0x7F, 0x4C, 0x3E, 0x57, 0x3E, 0xFD, 0xAD, 0x9B, 0x11, 0xF7,
    0x8C, 0x8C, 0x05, 0x67, 0xF8, 0xAE, 0x33, 0x9C, 0x93, 0x99, 0x55, 0x46, 0x3B, 0xE6, 0x7C, 0xB6,
    0x58, 0xCA, 0x1C, 0xE7, 0xBF, 0x55, 0x2A, 0x34, 0x75, 0x5B, 0xDE, 0x59, 0x5C, 0x91, 0xB9, 0x18,
    0xD6, 0x7B, 0xDE, 0xEF, 0xD3, 0x15, 0x3F, 0xBC, 0x9C, 0x99, 0x6F, 0x60, 0xB7, 0x66, 0x64, 0x76,
    0x81, 0xD7, 0xAF, 0xA8, 0x91, 0xFF, 0xC8, 0x54, 0xDB, 0x0B, 0xBF, 0x9C, 0xA5, 0x5B, 0xEA, 0xBA,
    0xFE, 0xB3, 0xDE, 0x2F, 0xCC, 0xFC, 0xCE, 0xC9, 0xB8, 0xB4, 0x90, 0x0B, 0xDB, 0x75, 0xDF, 0x98,
    0xAB, 0x78, 0xE4, 0x65, 0xB6, 0x0D, 0xF3, 0xFC, 0x05, 0xCA, 0x3C, 0xC4, 0x25, 0xE5, 0x55, 0x75,
    0x5C, 0xCA, 0x1F, 0x33, 0xDC, 0x7B, 0xD9, 0x46, 0xE4, 0x5D, 0x77, 0x31, 0x9B, 0x67, 0x62, 0xF6,
    0xFD, 0xEB, 0xC8, 0x3B, 0xFE, 0x3F, 0x3D, 0xC6, 0x3D, 0xEE, 0x5A, 0xFD, 0xAA, 0xB7, 0x8D, 0x21,
    0x5B, 0xD3, 0x47, 0xDE, 0x8C, 0xFB, 0xB2, 0x6F, 0x88, 0x29, 0x2E, 0x48, 0xB2, 0xAA, 0xD5, 0x15,
    0xB2, 0x1C, 0x6D, 0x21, 0x3B, 0x22, 0xD8, 0x48, 0x69, 0x43, 0xDA, 0xF6, 0xDA, 0x01, 0xC3, 0xB6,
    0xE5, 0x42, 0x9D, 0x69, 0x96, 0x3A, 0xA3, 0x96, 0x91, 0x3B, 0x03, 0x82, 0x1E, 0xC9, 0x84, 0xAA,
    0x91, 0xB5, 0xCB, 0x0E, 0xD3, 0x8B, 0x1B, 0x6C, 0xD3, 0xBA, 0x73, 0xF5, 0xA9, 0x16, 0x3B, 0x06,
    0xDD, 0x71, 0x64, 0xAE, 0xE3, 0x40, 0xBD, 0x8F, 0xF9, 0xB5, 0x24, 0x2B, 0x22, 0xEE, 0xD5, 0x32,
    0x43, 0xD4, 0xE9, 0xFD, 0x1E, 0x9B, 0xAD, 0x75, 0x24, 0x3A, 0x9E, 0xD4, 0x5A, 0xEA, 0xBE, 0x0A,
    0xFB, 0xC2, 0x6D, 0x40, 0x9C, 0x04, 0x52, 0xC7, 0xD7, 0x4C, 0xAD, 0xCC, 0x58, 0xAB, 0x58, 0xFE,
    0x97, 0x45, 0xBB, 0x5C, 0xFF, 0xCB, 0x1C, 0xCF, 0xD3, 0x49, 0x24, 0x2E, 0xBD, 0xBA, 0xE3, 0x24,
    0x0F, 0x9C, 0x17, 0x84, 0x14, 0x4C, 0xE2, 0x10, 0xD3, 0xB3, 0x4B, 0xB4, 0xBA, 0x26, 0x54, 0x2C,
    0x01, 0xFE, 0xED, 0xC6, 0x63, 0x3F, 0xCF, 0xEC, 0x94, 0xA2, 0xC2, 0xFA, 0x2A, 0xC1, 0xAB, 0x6D,
    0xA4, 0x03, 0x73, 0xF4, 0x8B, 0xB6, 0xAB, 0xBD, 0xB9, 0xDD, 0x30, 0x02, 0xA6, 0x55, 0x8F, 0xED,
    0x46, 0x9E, 0x5F, 0x9B, 0x4A, 0x07, 0xBF, 0xF4, 0xD1, 0xB5, 0xF7, 0x96, 0x77, 0xB5, 0xE8, 0x40,
    0xF4, 0xBA, 0x5D, 0xA5, 0x2B, 0x58, 0x2D, 0xBF, 0x7F, 0xF8, 0x1E, 0x32, 0xAB, 0x26, 0x5C, 0x0F,
    0xEB, 0x72, 0xFD, 0x2D, 0xCC, 0xC0, 0xBB, 0xF9, 0x27, 0xA2, 0x28, 0xC3, 0x2E, 0x59, 0xDF, 0x28,
    0x97, 0xFE, 0xF0, 0xFF, 0x42, 0x68, 0xA6, 0xE0, 0x6E, 0x5E, 0xCB, 0x38, 0x7B, 0xE7, 0x98, 0xF1,
    0xE2, 0xFE, 0xC3, 0x1A, 0x74, 0xC3, 0xC8, 0xB2, 0xF7, 0xA7, 0xD3, 0xFA, 0x7E, 0x05, 0x2A, 0xA4,
    0x26, 0x2B, 0xC7, 0x7D, 0x3C, 0xA4, 0x76, 0x78, 0x13, 0x02, 0x7B, 0xA7, 0xFD, 0x80, 0xFF, 0xD2,
    0xD2, 0x43, 0xEE, 0xBB, 0x2A, 0xE0, 0xCE, 0x14, 0xBA, 0xFF, 0x1F, 0xE5, 0x5B, 0xBD, 0xB2, 0xE4,
    0xC4, 0x15, 0xEE, 0x19, 0xC1, 0x9D, 0x62, 0xA7, 0xB0, 0x12, 0x07, 0xD4, 0xDD, 0x60, 0x1C, 0x38,
    0x70, 0x6D, 0x60, 0xBD, 0x81, 0x5B, 0x65, 0x02, 0x07, 0x4E, 0x48, 0x9C, 0x38, 0xB1, 0xE3, 0x4D,
    0xF6, 0x0D, 0x2C, 0xB1, 0xBC, 0xC0, 0x0D, 0x1C, 0x39, 0x22, 0x20, 0x80, 0x4B, 0x80, 0x1F, 0x00,
    0x23, 0x81, 0x1F, 0x80, 0x01, 0xAA, 0x9C, 0x90, 0xC8, 0x80, 0x7F, 0x6A, 0x1D, 0xA0, 0x82, 0x01,
    0xC4, 0x22, 0xA9, 0x7D, 0xBE, 0xEF, 0x9C, 0xD6, 0xFC, 0xDC, 0xB9, 0x77, 0xD9, 0x65, 0x61, 0x77,
    0x8B, 0xD9, 0x3B, 0xE7, 0x68, 0x35, 0xAD, 0xD3, 0xDD, 0xA7, 0x4F, 0x9F, 0xBF, 0x3E, 0x3A, 0x39,
    0xCB, 0xBA, 0x6A, 0x0C, 0xFC, 0x54, 0x63, 0xD6, 0x9F, 0x9C, 0x39, 0x97, 0x6D, 0xB2, 0xCE, 0xF7,
    0xFA, 0xAF, 0x18, 0xE2, 0xAF, 0xFB, 0x1F, 0xE7, 0xBC, 0x73, 0x06, 0x8A, 0x5C, 0x9E, 0x09, 0x83,
    0x9B, 0xC9, 0xFD, 0x7A, 0x21, 0xA0, 0x4D, 0x05, 0xF4, 0x5E, 0xC0, 0xE8, 0x83, 0xCF, 0x36, 0xD5,
    0xE0, 0x9F, 0x71, 0x72, 0xC3, 0xB9, 0xD0, 0x1D, 0x01, 0xF8, 0xA1, 0x02, 0x28, 0x46, 0x7F, 0xCD,
    0xC9, 0x63, 0xC5, 0x26, 0x93, 0x67, 0x07, 0x50, 0xE9, 0x12, 0x01, 0x8D, 0xAB, 0x42, 0xC8, 0xDD,
    0x49, 0xF8, 0xC4, 0xED, 0xF6, 0x4B, 0x70, 0xFA, 0x8A, 0x80, 0x25, 0xDA, 0xA0, 0xD1, 0xE0, 0xE6,
    0x18, 0x5D, 0xB9, 0x04, 0x6C, 0xD2, 0x70, 0xF7, 0x8D, 0xD0, 0xAE, 0x42, 0x3D, 0x0F, 0x42, 0xD1,
    0xB9, 0xB7, 0x72, 0xC0, 0x9F, 0xB9, 0x55, 0xC0, 0x93, 0xA9, 0x90, 0x04, 0xAC, 0x49, 0x60, 0x2D,
    0x30, 0x09, 0xAD, 0x40, 0x3C, 0x5A, 0xEF, 0x41, 0x57, 0x0C, 0xEC, 0x6F, 0x24, 0xE4, 0x75, 0xD1,
    0x03, 0x86, 0x4E, 0xC0, 0x9C, 0x4F, 0x49, 0x8F, 0x67, 0xEE, 0xAF, 0x85, 0x4C, 0xF9, 0xF5, 0x96,
    0x1C, 0xDA, 0x14, 0x21, 0x72, 0x21, 0xF4, 0xE9, 0xD9, 0x89, 0xDC, 0x79, 0xCA, 0xB9, 0x93, 0xD7,
    0x9C, 0x7E, 0x96, 0xF2, 0xBD, 0xE6, 0xB2, 0xB7, 0xC3, 0xC6, 0x97, 0x19, 0xBB, 0xC1, 0x98, 0x47,
    0x8E, 0xBF, 0x77, 0x09, 0xE1, 0x22, 0xD4, 0xD2, 0x5B, 0x1A, 0xF8, 0x37, 0xC8, 0x7F, 0x5D, 0x8A,
    0x9F, 0x22, 0xE4, 0x9D, 0xA5, 0x5C, 0x8C, 0xD6, 0x52, 0x9F, 0x02, 0x85, 0xCE, 0x29, 0x35, 0x52,
    0x2E, 0xB5, 0x17, 0xF4, 0xF8, 0x13, 0xEB, 0xDD, 0x63, 0x56, 0x55, 0x10, 0x4E, 0xC8, 0xBC, 0x03,
    0xFA, 0x68, 0xE5, 0x69, 0x90, 0xED, 0x84, 0x56, 0x2B, 0x34, 0x7A, 0xB9, 0xD7, 0x80, 0x19, 0xD2,
    0xA6, 0xC6, 0x03, 0xB9, 0x0F, 0x5C, 0xE7, 0xBA, 0x0A, 0x64, 0x5B, 0x13, 0xC0, 0x82, 0x45, 0xF8,
    0xCC, 0x98, 0x10, 0xC8, 0x06, 0x70, 0x6C, 0x4D, 0x06, 0x91, 0x71, 0x78, 0x90, 0xCC, 0x96, 0x07,
    0x46, 0x9D, 0x37, 0x1F, 0x73, 0x94, 0x90, 0x23, 0xD8, 0xB8, 0x79, 0x01, 0xDF, 0x67, 0xFB, 0x50,
    0x5F, 0xF6, 0xCF, 0x5D, 0xF8, 0x5C, 0xD5, 0xF6, 0xA6, 0x6C, 0x07, 0x61, 0x40, 0xD0, 0x89, 0x35,
    0xE4, 0xF0, 0x86, 0xBC, 0x05, 0x7F, 0xEE, 0xC8, 0xD4, 0xD3, 0x50, 0xFE, 0x32, 0x37, 0x29, 0x4A,
    0x4D, 0x12, 0x46, 0xCA, 0x12, 0xD8, 0x97, 0x60, 0x11, 0x38, 0xD8, 0x06, 0x9C, 0x90, 0xA7, 0x2A,
    0xAC, 0x48, 0x1E, 0x7A, 0x21, 0x5A, 0x87, 0x4E, 0xB6, 0x0C, 0xF8, 0xB8, 0x0A, 0x22, 0x33, 0xB9,
    0x88, 0x5F, 0x11, 0x36, 0x32, 0x01, 0x59, 0xB5, 0xE7, 0x43, 0x43, 0x19, 0xAE, 0x67, 0x6C, 0x8F,
    0x85, 0xEC, 0xC9, 0x65, 0x30, 0x3B, 0xE3, 0xD4, 0xE7, 0xCA, 0xD1, 0x42, 0x06, 0x77, 0x22, 0xB7,
    0x64, 0xFB, 0x01, 0xCA, 0x48, 0x8A, 0xC0, 0x11, 0x46, 0x79, 0x98, 0xE9, 0xD2, 0x48, 0xF7, 0xA5,
    0xB4, 0x04, 0x81, 0xAC, 0xCE, 0xCA, 0xAA, 0xAD, 0x9A, 0xB0, 0x91, 0x7E, 0xE5, 0x8B, 0x6B, 0xDC,
    0x73, 0xB6, 0xC5, 0xB8, 0x95, 0x4A, 0x15, 0x6A, 0x76, 0x28, 0x92, 0x7F, 0x8B, 0x3C, 0xA8, 0x85,
    0x5A, 0xED, 0x12, 0x74, 0x9C, 0xB5, 0x6E, 0xB9, 0x81, 0x04, 0x08, 0x0F, 0x9A, 0x79, 0x68, 0xE6,
    0xBD, 0xF3, 0x35, 0x56, 0x79, 0x94, 0x8D, 0x89, 0xCE, 0x0A, 0x57, 0x81, 0x69, 0xB5, 0xCF, 0x87,
    0x59, 0x68, 0x0A, 0xA1, 0xDF, 0x27, 0xA1, 0x7C, 0xCE, 0xAD, 0x6A, 0xC1, 0x22, 0x4A, 0x29, 0xB0,
    0x3B, 0xC0, 0xBC, 0x3F, 0x24, 0xE8, 0x3D, 0xAB, 0xDF, 0x12, 0xB2, 0x45, 0xEE, 0x4B, 0x4F, 0xA9,
    0x12, 0xAA, 0xA5, 0x48, 0x55, 0x29, 0x12, 0xB9, 0x5E, 0x85, 0x71, 0x26, 0x2B, 0xD0, 0x4A, 0x03,
    0xE9, 0x3F, 0xC1, 0x96, 0x5C, 0xC9, 0x1C, 0xF1, 0x58, 0x05, 0x69, 0xFD, 0xDA, 0x5D, 0x0F, 0x26,
    0x25, 0x18, 0xFF, 0x2C, 0x4A, 0xE5, 0xD2, 0x84, 0xB5, 0x21, 0x0F, 0x3D, 0xF6, 0xDB, 0x8B, 0xD2,
    0xF0, 0x16, 0x58, 0x17, 0x30, 0x6B, 0x07, 0xFA, 0xE1, 0xA5, 0x80, 0x1E, 0x21, 0xC3, 0xB2, 0xCB,
    0x2A, 0xD0, 0x59, 0x0B, 0x3B, 0xBD, 0xDC, 0xEF, 0xA4, 0xD1, 0x32, 0xB4, 0x33, 0x2C, 0x60, 0x9D,
    0xC8, 0xB6, 0x0A, 0xB9, 0x6C, 0x85, 0x6A, 0x94, 0x25, 0x7C, 0x9B, 0x14, 0xA1, 0x43, 0xAA, 0x71,
    0xC9, 0xF5, 0x7E, 0x5E, 0x64, 0x45, 0xEF, 0xCB, 0xFF, 0x65, 0xDB, 0x68, 0x7B, 0x7D, 0x56, 0xE9,
    0x18, 0x4D, 0xD2, 0xA7, 0xD6, 0xA8, 0x2F, 0x83, 0x2A, 0xA9, 0x0F, 0x0A, 0x1F, 0x74, 0x5D, 0x45,
    0xDA, 0xB9, 0xAE, 0xE0, 0x06, 0xD6, 0x35, 0xC4, 0x75, 0x15, 0x36, 0xCB, 0xBA, 0x0A, 0xF6, 0x58,
    0x57, 0xFE, 0x5F, 0xD6, 0x95, 0xBF, 0xA7, 0xC4, 0xA3, 0x53, 0xBC, 0x51, 0xBC, 0x02, 0x96, 0xF6,
    0xCB, 0x1E, 0xEB, 0xEA, 0x82, 0x74, 0xC5, 0x75, 0x75, 0xA2, 0x57, 0xE4, 0x0A, 0xCF, 0x63, 0x5D,
    0x85, 0xDE, 0x3F, 0xB1, 0xAE, 0xDA, 0xFF, 0xFD, 0xAE, 0xEB, 0x9E, 0x81, 0xAA, 0x1A, 0x51, 0x4E,
    0x03, 0x36, 0xAF, 0x68, 0x2E, 0xD1, 0x5A, 0x8D, 0xC8, 0x7B, 0x99, 0xB5, 0xB2, 0xA2, 0xFA, 0x95,
    0x6B, 0xDC, 0xC3, 0x6F, 0x68, 0x83, 0xB6, 0x78, 0xE6, 0x32, 0x0E, 0xDE, 0x6B, 0x75, 0x2E, 0xE3,
    0xFE, 0x8E, 0x9E, 0xB9, 0x92, 0x02, 0x64, 0x72, 0x45, 0x09, 0x12, 0xB9, 0xFB, 0x47, 0x70, 0x8B,
    0x1C, 0x7B, 0x21, 0x40, 0x85, 0xC8, 0xF4, 0x64, 0x6C, 0x99, 0xCC, 0x30, 0x60, 0x4E, 0xA2, 0x0C,
    0x7A, 0x52, 0x73, 0xD4, 0x24, 0xF6, 0x9D, 0x51, 0x8C, 0x28, 0xC7, 0x75, 0xF6, 0xAF, 0x6A, 0xED,
    0x72, 0xBF, 0x26, 0xD3, 0x32, 0x61, 0x1E, 0xCC, 0x9E, 0x68, 0x6E, 0x77, 0x4A, 0x45, 0xD0, 0xCE,
    0x65, 0xEE, 0xFE, 0x8B, 0x0A, 0x7A, 0x66, 0xBD, 0xC4, 0xB3, 0x95, 0xD0, 0x7E, 0x46, 0x54, 0x49,
    0xE9, 0x20, 0xD4, 0xB2, 0x8B, 0xF3, 0x6C, 0x70, 0x45, 0x0B, 0xFB, 0x26, 0x22, 0xF2, 0x50, 0x60,
    0x21, 0x50, 0xB4, 0xDF, 0x08, 0x6B, 0xC3, 0xA1, 0xBF, 0x2E, 0x4B, 0xC8, 0xA9, 0x03, 0x7E, 0x4A,
    0xF8, 0x5B, 0xC0, 0xC1, 0x55, 0x5D, 0xF8, 0x12, 0x7A, 0xD7, 0x0C, 0xCA, 0x66, 0xB2, 0xB4, 0x47,
    0x20, 0xF6, 0xE8, 0x08, 0x3D, 0x37, 0xA6, 0xEA, 0x6E, 0xB4, 0xA9, 0x28, 0x51, 0x01, 0x15, 0x40,
    0x38, 0x02, 0xAA, 0xA9, 0x49, 0x06, 0x90, 0x02, 0xCC, 0x01, 0x44, 0xF2, 0x05, 0xA4, 0xDF, 0x2B,
    0x48, 0x5B, 0xDF, 0x47, 0x09, 0xF5, 0xBD, 0xDC, 0x5C, 0xBB, 0xB9, 0x58, 0xDE, 0x35, 0xCC, 0xC8,
    0xB2, 0x42, 0x9B, 0x9F, 0xCA, 0xD2, 0x84, 0x75, 0x36, 0xD2, 0xAD, 0x0A, 0x79, 0x11, 0xF2, 0x2A,
    0xFE, 0xB9, 0xAB, 0xFF, 0x9E, 0x82, 0xAC, 0x40, 0xE1, 0x0C, 0x14, 0xA2, 0xEA, 0x3D, 0x51, 0x65,
    0xA5, 0x6C, 0xAB, 0xBC, 0xD0, 0x6F, 0x5D, 0xD5, 0xD5, 0xBF, 0x43, 0x89, 0xDF, 0x52, 0xBA, 0x09,
    0xCD, 0x45, 0x1D, 0x04, 0xE3, 0x2F, 0xE6, 0x43, 0xCC, 0x3F, 0xC4, 0x05, 0x4C, 0xDD, 0xD7, 0x63,
    0x30, 0xFB, 0x5B, 0x5D, 0x87, 0xFB, 0x6C, 0xA3, 0xED, 0xF5, 0xD9, 0x0B, 0xBA, 0x12, 0x86, 0xC9,
    0xC1, 0x5B, 0xA1, 0xE3, 0x90, 0x75, 0x8A, 0x45, 0xBA, 0x2A, 0x53, 0x3D, 0x15, 0xA5, 0x5C, 0xA5,
    0x7D, 0x09, 0x15, 0x24, 0x78, 0xD5, 0x2B, 0xF6, 0xAD, 0x62, 0x6E, 0xF3, 0x40, 0x2D, 0x05, 0x4C,
    0x83, 0xE1, 0xE8, 0x03, 0x11, 0x83, 0xAA, 0x8C, 0x57, 0xA8, 0xA2, 0x45, 0x50, 0x31, 0x26, 0x55,
    0x5A, 0x66, 0xA1, 0x4A, 0x8F, 0x47, 0xA8, 0x56, 0xBE, 0xE6, 0x16, 0x18, 0x80, 0x61, 0x3D, 0x04,
    0xCF, 0x21, 0xF2, 0x81, 0x54, 0x89, 0xD3, 0x41, 0x71, 0xD6, 0x29, 0x2E, 0x30, 0x08, 0x69, 0xC7,
    0xCE, 0x7D, 0xCD, 0xB1, 0x0A, 0xD6, 0x79, 0x05, 0x9D, 0x87, 0xEF, 0x6D, 0x5E, 0x1B, 0x9B, 0x57,
    0x63, 0xF3, 0xAA, 0x75, 0x5E, 0xC1, 0xE6, 0x35, 0xD8, 0xBC, 0x3A, 0x9B, 0x97, 0xCE, 0x6F, 0x6E,
    0xF3, 0x5A, 0x90, 0x34, 0x5C, 0xBA, 0x85, 0xCC, 0x58, 0x46, 0x20, 0xFE, 0x63, 0xCF, 0x79, 0x41,
    0xA3, 0xCA, 0xBC, 0xDE, 0x0B, 0xB7, 0x49, 0xB5, 0xCC, 0x22, 0xD5, 0x99, 0x71, 0x0B, 0xCA, 0xDB,
    0xCB, 0x5E, 0x49, 0x7B, 0x76, 0x8E, 0x41, 0x83, 0x2A, 0xBE, 0xE0, 0xD6, 0x6A, 0xE4, 0x1A, 0x70,
    0x3B, 0xC9, 0xBC, 0x12, 0x9B, 0x17, 0x31, 0x9B, 0x84, 0x80, 0x79, 0x01, 0xCF, 0xB8, 0xB5, 0xC4,
    0x53, 0x4D, 0xE9, 0xF8, 0xAC, 0xA8, 0x94, 0x6A, 0x8E, 0xF9, 0x7A, 0x03, 0x35, 0x8C, 0x41, 0xE7,
    0xCA, 0x37, 0x5D, 0xC1, 0x44, 0x5D, 0xC3, 0x1C, 0xAE, 0xA8, 0x53, 0x6D, 0xD3, 0xF3, 0x62, 0xAD,
    0xBC, 0xA3, 0x2E, 0x69, 0xE8, 0xC7, 0xB5, 0xE4, 0xC8, 0xAC, 0x4C, 0xDB, 0x05, 0x89, 0x37, 0xBE,
    0xE5, 0x22, 0x7A, 0x58, 0xF8, 0x0E, 0x7B, 0x50, 0x14, 0x92, 0xEC, 0x84, 0x4A, 0x56, 0x52, 0xDC,
    0xA3, 0xB5, 0xFA, 0x73, 0x32, 0xE1, 0x85, 0x39, 0x57, 0x70, 0x96, 0x74, 0x54, 0xC5, 0xBB, 0x5C,
    0x97, 0xCD, 0x2C, 0xD0, 0x60, 0xC8, 0x62, 0x62, 0x47, 0x4D, 0xAB, 0xA9, 0xAB, 0x8F, 0x0B, 0x19,
    0x95, 0x5E, 0x64, 0xBD, 0x5D, 0x70, 0x54, 0x68, 0x4C, 0xB9, 0x4A, 0x5B, 0x5D, 0x27, 0xDE, 0x99,
    0xBD, 0x42, 0x83, 0x42, 0xDF, 0x2A, 0xA3, 0xB5, 0xF4, 0xBA, 0xEE, 0x3B, 0x30, 0x33, 0x2B, 0x8A,
    0x36, 0xDA, 0x5E, 0x3F, 0x4F, 0xFF, 0xCE, 0xD1, 0x5F, 0x54, 0xC7, 0x57, 0x95, 0xFE, 0xE4, 0x11,
    0x56, 0xF0, 0xDA, 0x34, 0x52, 0xC9, 0x78, 0xA3, 0x20, 0x4B, 0xD4, 0x8B, 0x03, 0xCB, 0xCF, 0x1C,
    0xBD, 0xB5, 0x3C, 0x8C, 0xB9, 0x6C, 0x1B, 0x3A, 0x8A, 0x2D, 0xC3, 0x07, 0xCE, 0x27, 0xD0, 0xC7,
    0x96, 0xD5, 0xBB, 0x2E, 0xBF, 0xD3, 0x5D, 0x32, 0x57, 0xBE, 0x35, 0xDC, 0x19, 0x1E, 0x9C, 0x39,
    0xDC, 0xCE, 0x1C, 0x62, 0x6B, 0x48, 0x5F, 0xF6, 0xE2, 0x27, 0x31, 0x45, 0x6A, 0x8E, 0xB9, 0x3C,
    0x37, 0x18, 0x56, 0x02, 0x99, 0x61, 0xF5, 0x1F, 0xB7, 0x8E, 0x7D, 0x34, 0xBD, 0xE1, 0x2B, 0x4E,
    0x63, 0x2E, 0x81, 0x80, 0xAE, 0x54, 0x4B, 0x82, 0x89, 0xA8, 0x81, 0x9E, 0x64, 0xEB, 0x4A, 0x1D,
    0xF6, 0x9A, 0xF1, 0xD3, 0x0A, 0x1A, 0x48, 0xD9, 0x03, 0x81, 0x01, 0xE6, 0x16, 0xAD, 0x46, 0xC5,
    0x54, 0x8D, 0x8D, 0xE1, 0x56, 0xC3, 0xB9, 0xA0, 0x72, 0x1A, 0x18, 0x9C, 0x04, 0x73, 0xBE, 0x63,
    0xE0, 0x52, 0xD3, 0x05, 0xE6, 0x8A, 0x08, 0x2D, 0xAF, 0x34, 0xB5, 0x8F, 0x95, 0x8E, 0xF4, 0xCD,
    0x38, 0x51, 0x8B, 0xBC, 0x0C, 0xAF, 0x0C, 0xFB, 0xDE, 0xEC, 0x33, 0x05, 0xD4, 0xCD, 0xCE, 0xF3,
    0xA3, 0x7C, 0x4A, 0x2D, 0xC0, 0x48, 0xD5, 0x20, 0x99, 0x13, 0x8E, 0xCE, 0x22, 0x1E, 0xA3, 0x8B,
    0x15, 0xCD, 0x7D, 0x6E, 0x2E, 0x4A, 0xC9, 0xDE, 0xBF, 0xE1, 0x68, 0x92, 0xF0, 0x01, 0xF9, 0xB6,
    0x0C, 0x7F, 0x27, 0xC1, 0x34, 0xBC, 0x63, 0xB8, 0x34, 0xDF, 0xDE, 0x91, 0xA0, 0x4C, 0xA0, 0xC2,
    0x42, 0x14, 0xA3, 0x4A, 0x12, 0x15, 0xAE, 0x62, 0xCC, 0x75, 0x6E, 0x7E, 0x47, 0xB2, 0x87, 0x1B,
    0x7A, 0x76, 0xE0, 0x57, 0xAA, 0x31, 0x28, 0x59, 0x30, 0xE3, 0xB3, 0xF9, 0x0E, 0x8D, 0xD1, 0x74,
    0x55, 0x70, 0x61, 0x98, 0x44, 0xB5, 0x88, 0xF2, 0xB2, 0x36, 0x36, 0xC5, 0x79, 0xAA, 0x3C, 0x84,
    0xCF, 0x6D, 0x1E, 0x25, 0x19, 0x75, 0x72, 0xEE, 0x6E, 0xBC, 0x7C, 0x8C, 0x4F, 0xF1, 0xB9, 0xD4,
    0xE4, 0x6A, 0x65, 0xFC, 0x89, 0x74, 0x62, 0x40, 0x58, 0x6C, 0xF9, 0x54, 0x1A, 0xAE, 0xD9, 0xFD,
    0x57, 0x16, 0x8B, 0x7F, 0xCC, 0x7E, 0x16, 0xE1, 0x7D, 0xDB, 0xF8, 0x6F, 0x93, 0x30, 0xF8, 0xD4,
    0x93, 0x6C, 0x5E, 0x19, 0x9F, 0x8A, 0xD1, 0xD9, 0xDA, 0x83, 0xFD, 0x83, 0xCA, 0x15, 0xA3, 0xAA,
    0x92, 0xEC, 0x0F, 0x54, 0x83, 0x81, 0x02, 0x9B, 0x18, 0x7F, 0x16, 0x7B, 0x7C, 0xEA, 0x4C, 0xF6,
    0x94, 0xB7, 0x8E, 0xF6, 0xCB, 0x51, 0x26, 0x0B, 0x93, 0xD5, 0x4A, 0xFB, 0x80, 0x9A, 0xEB, 0x96,
    0x8D, 0x8D, 0x57, 0xE5, 0x3D, 0xE8, 0x38, 0xFB, 0xEB, 0xA3, 0xBB, 0xEA, 0xB3, 0x9C, 0xE4, 0x67,
    0x9F, 0x2F, 0x7E, 0xE2, 0xCB, 0x51, 0xF9, 0xD9, 0xE5, 0x4B, 0xBD, 0xC7, 0x97, 0x28, 0x3F, 0x5B,
    0xBE, 0x1C, 0xC8, 0x0F, 0xB3, 0x16, 0x7E, 0x9C, 0xF8, 0x12, 0xE5, 0x67, 0x97, 0x2F, 0xC9, 0x01,
    0x5F, 0x96, 0x07, 0x7C, 0x59, 0xED, 0xF1, 0xA5, 0xDF, 0xE7, 0x0B, 0xE4, 0x67, 0xCB, 0x97, 0x3A,
    0xE3, 0x6E, 0x93, 0x60, 0xD2, 0xFC, 0x36, 0xF3, 0xDC, 0x0C, 0xC7, 0xFB, 0xB1, 0xDD, 0x65, 0x9F,
    0xB9, 0xF1, 0x25, 0x31, 0xBE, 0x2C, 0xA6, 0x04, 0xC2, 0x84, 0x4B, 0xD3, 0x4B, 0x31, 0xC1, 0x10,
    0x13, 0x0E, 0xDA, 0xEF, 0x68, 0xB8, 0x8B, 0xD9, 0x19, 0x12, 0x14, 0xBD, 0xC4, 0xFD, 0xB4, 0x08,
    0x8D, 0x57, 0x9D, 0x5C, 0x7B, 0xB5, 0xDF, 0x35, 0xE7, 0x26, 0x4C, 0x49, 0x2D, 0xD1, 0x61, 0x18,
    0x41, 0x9B, 0xD3, 0x78, 0xBD, 0x35, 0x7D, 0xB4, 0x31, 0xBE, 0xF5, 0xC6, 0xAF, 0x88, 0x47, 0x6D,
    0x4B, 0x5D, 0xB6, 0x26, 0x0D, 0xF2, 0x2D, 0x43, 0x1F, 0xA5, 0xEA, 0x3E, 0x4B, 0x9A, 0x80, 0x11,
    0xA5, 0xCD, 0x2B, 0xEE, 0x93, 0xB8, 0x3F, 0x74, 0xFD, 0xFD, 0x47, 0xA6, 0x6F, 0x6B, 0xC3, 0x6F,
    0x9B, 0x1E, 0xFE, 0x26, 0xEC, 0xB5, 0x3F, 0xC4, 0xAB, 0xF8, 0xFC, 0x56, 0x5F, 0xEF, 0x86, 0x7C,
    0x51, 0x8E, 0x66, 0xD3, 0xFE, 0xFA, 0xDC, 0xE4, 0xF7, 0x23, 0xDB, 0x5F, 0x6B, 0xF2, 0x4B, 0xC6,
    0x6A, 0x09, 0x96, 0x92, 0xFC, 0x92, 0xCD, 0xB4, 0xB7, 0xBF, 0x0A, 0xD3, 0xB1, 0x74, 0x03, 0xA7,
    0xB8, 0xC8, 0xF6, 0x57, 0x33, 0xC9, 0x51, 0x62, 0xFC, 0x5A, 0x1E, 0xEC, 0x2F, 0x7D, 0x66, 0x50,
    0x1A, 0x85, 0xD1, 0xF4, 0xD1, 0x87, 0xD2, 0x91, 0xCE, 0xB6, 0x11, 0x6F, 0xB2, 0xBD, 0x4C, 0xB7,
    0x97, 0xD9, 0xF6, 0xB2, 0xD8, 0x89, 0x8E, 0xA7, 0x4B, 0x4B, 0x93, 0x98, 0xF4, 0x74, 0x93, 0x02,
    0x9F, 0x2E, 0xFD, 0xF6, 0xB2, 0x1A, 0xA6, 0x4B, 0xC6, 0x20, 0xA3, 0x33, 0x23, 0x66, 0x97, 0xE0,
    0x8B, 0x5D, 0x8A, 0x88, 0xC4, 0x4B, 0xCF, 0xE0, 0x4B, 0x2D, 0x77, 0x1F, 0x2F, 0xE7, 0x42, 0xC9,
    0x88, 0x25, 0x21, 0xC4, 0x2E, 0xD2, 0xED, 0x65, 0xB6, 0xBD, 0x2C, 0xB6, 0x97, 0x53, 0xC8, 0x8A,
    0x7C, 0x42, 0x64, 0xE8, 0x62, 0xB2, 0x81, 0xF5, 0xD6, 0x2C, 0xD6, 0xCA, 0x79, 0x5E, 0x56, 0x61,
    0x0A, 0x29, 0x85, 0x63, 0x37, 0x73, 0x5D, 0xEA, 0xD1, 0x82, 0x7B, 0x0A, 0x63, 0xB0, 0x9C, 0x2C,
    0x53, 0x4B, 0xE1, 0x9C, 0xA4, 0x60, 0x11, 0xD6, 0x58, 0x84, 0x44, 0xF5, 0xC1, 0xAC, 0xB4, 0xB4,
    0xA6, 0xAB, 0x54, 0x8C, 0xC2, 0x3E, 0xEA, 0xAE, 0x40, 0x7B, 0x2D, 0xED, 0xF1, 0x22, 0x0A, 0xA1,
    0x80, 0x92, 0x31, 0x67, 0x32, 0x38, 0xED, 0xB6, 0x59, 0xE8, 0x20, 0x54, 0x54, 0x72, 0xEE, 0xAC,
    0x81, 0xD9, 0x35, 0x08, 0xE0, 0xCC, 0xD8, 0xB9, 0xB8, 0xCB, 0xA9, 0x2C, 0xD6, 0xC6, 0xBC, 0x72,
    0xCF, 0xF6, 0x12, 0xFD, 0x3C, 0x6B, 0xB5, 0x8F, 0xF5, 0x36, 0x2B, 0xBB, 0x62, 0x3B, 0x4F, 0xCD,
    0xEC, 0x37, 0x5B, 0xB3, 0xAE, 0x5E, 0x90, 0xF9, 0x40, 0x37, 0xCB, 0x23, 0x11, 0x79, 0x73, 0x0F,
    0xD8, 0x5D, 0x15, 0x7E, 0xEA, 0xCA, 0xDF, 0x03, 0xDE, 0x8B, 0xC2, 0x3D, 0xC7, 0x20, 0xCD, 0xFE,
    0xA4, 0x03, 0xCE, 0xD5, 0x02, 0x4F, 0xD9, 0xEB, 0x6C, 0x30, 0xEF, 0x5A, 0x3E, 0xE7, 0x4F, 0xEC,
    0xEC, 0x7C, 0x3E, 0xF9, 0x5F, 0x0B, 0x3E, 0xA7, 0x19, 0xD7, 0xE2, 0x73, 0x8D, 0x5F, 0xC4, 0x6E,
    0xCC, 0xC5, 0xDB, 0x78, 0xE5, 0xC9, 0x9C, 0x9D, 0x2F, 0x91, 0x58, 0x0D, 0x4D, 0xD5, 0x88, 0x8C,
    0xB7, 0x0C, 0x87, 0x5B, 0x1A, 0x14, 0xDC, 0xB1, 0x5F, 0x2F, 0xE6, 0xA4, 0x1F, 0xC6, 0xEC, 0xC2,
    0x3D, 0xE1, 0x77, 0x9E, 0xDD, 0x72, 0xAD, 0x09, 0x3A, 0x84, 0x7B, 0xF0, 0xA7, 0x17, 0x74, 0x13,
    0xE4, 0xE6, 0x8E, 0x6F, 0x88, 0xFD, 0x7D, 0xF8, 0x65, 0x17, 0x0F, 0xE1, 0x7B, 0x94, 0x36, 0x0F,
    0x86, 0xE8, 0x23, 0xD7, 0x1C, 0x10, 0x82, 0x52, 0x44, 0x47, 0x37, 0xCE, 0x1E, 0xDD, 0x98, 0xE0,
    0x33, 0x7A, 0xA6, 0xED, 0x60, 0x1B, 0xEA, 0x74, 0x2C, 0x5A, 0xDF, 0xA5, 0xFD, 0xCD, 0x97, 0xE7,
    0xF1, 0x40, 0x08, 0x0A, 0xBB, 0x3F, 0xFC, 0x52, 0xBB, 0x3D, 0x84, 0xEF, 0x31, 0xDA, 0x97, 0x9F,
    0x02, 0xB8, 0x47, 0xC7, 0x27, 0x19, 0x18, 0xA3, 0x5B, 0x1F, 0x33, 0xD4, 0x41, 0xE3, 0x03, 0x1F,
    0xA6, 0x53, 0x0C, 0x9E, 0x84, 0xC8, 0x9C, 0xAE, 0xF3, 0x14, 0x72, 0x84, 0xD9, 0xCB, 0x89, 0x61,
    0xD6, 0x80, 0x97, 0x86, 0x13, 0xEC, 0xBE, 0x31, 0x5A, 0x73, 0x98, 0xD7, 0xD6, 0x52, 0xAD, 0x57,
    0x63, 0xA4, 0xF0, 0xED, 0xB9, 0x3D, 0x3A, 0xA9, 0xD1, 0x8D, 0xFD, 0x58, 0xBF, 0x3A, 0x8E, 0x38,
    0xAE, 0xDD, 0x71, 0x96, 0x7B, 0xF3, 0x18, 0xD5, 0x46, 0x7F, 0x02, 0x0E, 0x27, 0x6A, 0xB7, 0x53,
    0x75, 0xF2, 0xD3, 0x36, 0xEB, 0x2E, 0xF1, 0x86, 0xD5, 0x47, 0x6F, 0xD4, 0x45, 0x6F, 0xD4, 0xB3,
    0x42, 0x56, 0x5E, 0x51, 0xAF, 0x68, 0x50, 0x14, 0x0C, 0x95, 0x8A, 0x6A, 0xA0, 0x6F, 0x42, 0x03,
    0xF4, 0x75, 0x68, 0x81, 0x3A, 0x9C, 0xA7, 0x0A, 0x2A, 0x7A, 0x22, 0x3F, 0x12, 0xA5, 0x81, 0x08,
    0x11, 0x69, 0x83, 0x06, 0x44, 0x73, 0xF1, 0x0F, 0xA1, 0x62, 0x10, 0xDE, 0x33, 0x93, 0x47, 0xE4,
    0x15, 0x65, 0x8A, 0x52, 0x45, 0x4B, 0x45, 0x89, 0xA2, 0x99, 0xA9, 0x26, 0x43, 0x4C, 0x72, 0xF8,
    0xE8, 0x6C, 0x99, 0xE7, 0x6F, 0xE6, 0x3C, 0x3A, 0x0D, 0x2E, 0x1B, 0xA3, 0xB7, 0x66, 0xD2, 0x77,
    0x60, 0xCB, 0xCC, 0xBF, 0xD1, 0x63, 0x60, 0xF5, 0x70, 0x5A, 0x17, 0x5D, 0x1C, 0xD3, 0x54, 0xA5,
    0x53, 0x27, 0x67, 0x4D, 0x77, 0x03, 0x1E, 0xC3, 0x8A, 0xE6, 0xE3, 0x20, 0xF6, 0x15, 0x07, 0xA5,
    0xB2, 0x98, 0x37, 0xF4, 0x3B, 0xF1, 0x92, 0xC4, 0x93, 0xE6, 0xFF, 0x46, 0x5C, 0x1E, 0xE0, 0x7C,
    0x6A, 0x67, 0xCF, 0x45, 0x3A, 0xF4, 0x40, 0xB8, 0xC9, 0xF2, 0xC9, 0xC7, 0xD5, 0x03, 0xD4, 0x8D,
    0x1D, 0xAC, 0xEA, 0xB8, 0xE2, 0x38, 0xA7, 0x71, 0xC7, 0x79, 0xC4, 0x79, 0x4D, 0xF3, 0x74, 0xEE,
    0x6F, 0x31, 0x18, 0x8A, 0x8C, 0xC9, 0xEF, 0x27, 0x67, 0xF1, 0xA3, 0xE3, 0x57, 0xB5, 0x9F, 0xBB,
    0x88, 0x39, 0x9A, 0x18, 0x5B, 0x4B, 0xCC, 0xBC, 0x9B, 0xBB, 0xB8, 0xF6, 0xDA, 0x81, 0x37, 0xF1,
    0x63, 0xE3, 0x57, 0xD1, 0x2D, 0xDB, 0x9D, 0x43, 0xFB, 0x98, 0xC3, 0x58, 0x76, 0xD7, 0xC3, 0xD1,
    0xE4, 0xD7, 0x8F, 0x8D, 0x3F, 0xA3, 0x7B, 0x4B, 0xA3, 0xB8, 0xDB, 0x94, 0x1B, 0xE4, 0x5A, 0xEA,
    0x1D, 0x1C, 0xEF, 0xC7, 0x76, 0x3F, 0x76, 0x7E, 0xE5, 0x6E, 0xE6, 0xE6, 0x8D, 0x5B, 0xD4, 0x69,
    0x27, 0xDE, 0xA0, 0x50, 0x2E, 0xC4, 0xC1, 0x78, 0x11, 0x05, 0x3C, 0xFF, 0x09, 0x9B, 0x84, 0xF9,
    0x25, 0x1A, 0x3A, 0x6E, 0x47, 0xEE, 0x4D, 0x26, 0xBF, 0x90, 0x01, 0xDC, 0xD6, 0x0C, 0xAD, 0xC2,
    0x07, 0xF0, 0x4B, 0x72, 0x79, 0x4C, 0x42, 0xD3, 0x2E, 0x91, 0xB1, 0x34, 0x4E, 0xAC, 0x5E, 0xB4,
    0x04, 0xB3, 0xF3, 0x33, 0x97, 0x6B, 0xDF, 0xB7, 0x1B, 0x1D, 0x0B, 0x28, 0xF9, 0xDD, 0x7C, 0x71,
    0x6D, 0x63, 0x6F, 0x99, 0x85, 0x4C, 0x2D, 0xEF, 0x90, 0x32, 0x7F, 0xA5, 0xDD, 0x83, 0xA7, 0xC8,
    0xB0, 0x15, 0xA8, 0x14, 0x42, 0xDE, 0xA1, 0x77, 0x8B, 0x5E, 0x79, 0x9A, 0x6E, 0x94, 0xA7, 0xBE,
    0x51, 0x9E, 0x22, 0x5C, 0x2E, 0x61, 0x08, 0x95, 0xA7, 0xCB, 0x5E, 0x79, 0xBA, 0xDA, 0x28, 0x4F,
    0x7D, 0xA3, 0x3C, 0x85, 0x33, 0xA0, 0xA5, 0x02, 0xCA, 0xD3, 0xDE, 0xF2, 0x65, 0x1B, 0xE6, 0x03,
    0x52, 0xF2, 0x95, 0x79, 0xB5, 0x3B, 0xDB, 0x3C, 0x5B, 0xAE, 0xC3, 0x47, 0xF4, 0xFB, 0xA9, 0xF2,
    0x34, 0x7D, 0x51, 0xE3, 0xDF, 0x59, 0xD4, 0xE5, 0x89, 0x96, 0xBD, 0xEC, 0x04, 0xB1, 0x4B, 0xCA,
    0x9C, 0xA9, 0xB8, 0x82, 0x0A, 0xEE, 0xDA, 0xAB, 0x07, 0xDE, 0x42, 0xC7, 0x24, 0xC3, 0x0F, 0x09,
    0xE9, 0xF3, 0x54, 0xF4, 0xC8, 0x10, 0xFB, 0x17, 0x83, 0x56, 0x38, 0x64, 0x28, 0xBD, 0xEA, 0x98,
    0xFB, 0x68, 0x93, 0x6D, 0x2D, 0x15, 0x43, 0xBB, 0x4D, 0x2C, 0xDB, 0x8A, 0x87, 0x18, 0x7A, 0x84,
    0x51, 0xB5, 0x53, 0xF9, 0xCE, 0x42, 0x4F, 0x63, 0xE8, 0x15, 0x9C, 0xBE, 0xFC, 0x64, 0xCF, 0x51,
    0xB3, 0xC5, 0x6A, 0xB0, 0x19, 0xD6, 0x26, 0xEA, 0xFA, 0x0D, 0x58, 0xC2, 0x62, 0x83, 0x03, 0xC1,
    0xF3, 0x33, 0x89, 0x6F, 0x9F, 0xE0, 0x39, 0xA6, 0x0D, 0xCC, 0x89, 0xEF, 0x10, 0x05, 0xCA, 0xD6,
    0x1F, 0x22, 0xD4, 0x3B, 0xFA, 0xEB, 0x45, 0xCF, 0xF6, 0x49, 0x93, 0x55, 0x37, 0x1C, 0x3F, 0x47,
    0x8A, 0xCE, 0xAB, 0x6E, 0xC9, 0x8B, 0x75, 0x1F, 0x7B, 0x9F, 0x42, 0x33, 0x78, 0x3C, 0x47, 0x8C,
    0x45, 0x76, 0x09, 0x7D, 0xE8, 0xD6, 0x74, 0x6F, 0xC7, 0xA2, 0xBC, 0x19, 0x75, 0x95, 0x16, 0xE9,
    0xD9, 0x19, 0x44, 0x1E, 0xF4, 0xFC, 0xEC, 0x1D, 0xCB, 0xCF, 0x7E, 0xBC, 0x67, 0xBB, 0xE7, 0x3B,
    0x69, 0xD0, 0x7C, 0xF7, 0x7C, 0x25, 0x9B, 0xF2, 0xC4, 0xDD, 0xDE, 0x39, 0x44, 0x62, 0xBE, 0xE3,
    0xC3, 0xC5, 0xDF, 0x32, 0xE5, 0x82, 0xC2, 0x81, 0x60, 0x25, 0x2C, 0xB1, 0x04, 0x46, 0x53, 0x0A,
    0x38, 0x3D, 0xBC, 0x4E, 0x38, 0x97, 0xA0, 0xB4, 0x8B, 0x79, 0x7C, 0x42, 0xBD, 0x73, 0x5D, 0xC3,
    0x34, 0x83, 0xCD, 0x0E, 0x05, 0xA7, 0x49, 0xD5, 0xC0, 0x58, 0xEB, 0xEA, 0x91, 0x38, 0x77, 0xF3,
    0xCF, 0x9A, 0x91, 0x2D, 0xAD, 0x60, 0x52, 0xCF, 0x58, 0xB5, 0x60, 0xD2, 0x87, 0x3B, 0x15, 0x53,
    0xAC, 0x29, 0x4F, 0x31, 0x17, 0x84, 0x89, 0x45, 0x39, 0x6B, 0x2E, 0x57, 0x2D, 0xF0, 0x16, 0x20,
    0x72, 0x55, 0x80, 0x23, 0x21, 0x2C, 0xC5, 0x8A, 0xA1, 0xCF, 0x4A, 0xE7, 0xB2, 0xE4, 0xC8, 0x45,
    0xCA, 0x38, 0x0B, 0xC2, 0x6A, 0x07, 0xF2, 0xCE, 0x1C, 0x6D, 0xAE, 0xBD, 0x81, 0xD9, 0xA5, 0x7C,
    0x6A, 0xC9, 0xE2, 0xC0, 0x05, 0x29, 0x33, 0x29, 0xEC, 0x66, 0x48, 0x13, 0xA4, 0x0F, 0x92, 0xE4,
    0xB4, 0x83, 0xDF, 0x0C, 0x62, 0x31, 0x9F, 0xCE, 0x78, 0x20, 0x65, 0xFF, 0x43, 0x61, 0xDA, 0x40,
    0x77, 0xE0, 0x17, 0x76, 0x06, 0x88, 0xA3, 0x7B, 0x77, 0xCA, 0xA3, 0xF2, 0x78, 0xE2, 0x1C, 0x98,
    0xA1, 0x85, 0xC4, 0x9E, 0x65, 0xB4, 0x97, 0xB0, 0x96, 0x9D, 0xF9, 0x23, 0x95, 0x55, 0xF2, 0xD8,
    0x6A, 0xD2, 0x18, 0xE7, 0xD2, 0xFE, 0x5D, 0x9C, 0xD7, 0x8F, 0xB0, 0x58, 0xA7, 0x96, 0x74, 0x79,
    0x80, 0x04, 0xE6, 0xE3, 0x31, 0x72, 0x4D, 0x88, 0x50, 0xB8, 0x13, 0xF3, 0xA8, 0xA6, 0xE4, 0xE4,
    0x6C, 0x4A, 0x4E, 0xBE, 0xFA, 0xF8, 0x8D, 0xFC, 0xE4, 0xCC, 0x9D, 0x41, 0xD5, 0x2D, 0x18, 0x8C,
    0x53, 0xCC, 0x2A, 0x68, 0x98, 0x7E, 0x76, 0xDC, 0xC9, 0x7F, 0x1C, 0xC6, 0xFC, 0x40, 0xC9, 0xD2,
    0x8B, 0x23, 0xD7, 0xFA, 0xC0, 0xEC, 0x07, 0x95, 0x93, 0x4A, 0xD3, 0xD7, 0xC3, 0x74, 0x54, 0x99,
    0xA9, 0xEF, 0xCC, 0x8A, 0x19, 0x5F, 0xB3, 0xEC, 0x88, 0xD7, 0x7A, 0x3F, 0x35, 0x5F, 0xA0, 0x9F,
    0x9E, 0x7D, 0x74, 0x73, 0xF9, 0x10, 0x29, 0xA3, 0x71, 0xB1, 0x9D, 0x8B, 0x8C, 0xE1, 0xE4, 0x15,
    0x1D, 0xC6, 0xED, 0x40, 0x6B, 0x64, 0xC7, 0x9D, 0x8B, 0x58, 0x5D, 0x89, 0xE2, 0x67, 0x2A, 0xDE,
    0x15, 0x7C, 0xDE, 0xF1, 0x0D, 0x69, 0xF4, 0x26, 0x0C, 0xD7, 0x3C, 0x16, 0x33, 0x38, 0x3B, 0x95,
    0x96, 0xC9, 0x75, 0xEE, 0xC4, 0x9E, 0x37, 0x3A, 0xA1, 0x4F, 0xE3, 0x85, 0x8F, 0x17, 0x55, 0x78,
    0x41, 0xD5, 0x18, 0x45, 0x2E, 0x8F, 0x15, 0x0F, 0x6B, 0x54, 0xC5, 0x84, 0xBF, 0x04, 0x74, 0x71,
    0x36, 0x1D, 0x94, 0x21, 0x9B, 0x16, 0x27, 0xDB, 0x65, 0x76, 0x0E, 0x8B, 0x83, 0x25, 0xE1, 0xE3,
    0xA9, 0xE8, 0x75, 0x0E, 0xDE, 0xDD, 0xCC, 0xED, 0x54, 0x15, 0x11, 0x08, 0x46, 0x4E, 0x1B, 0x3F,
    0x50, 0xB9, 0xE3, 0xA8, 0x76, 0x23, 0x01, 0xD1, 0xD3, 0x1A, 0x4D, 0x69, 0xF9, 0xE8, 0x01, 0xE8,
    0xF5, 0xD8, 0x5C, 0xCF, 0x75, 0xCF, 0xF0, 0x18, 0x8B, 0x0C, 0x07, 0x92, 0xD2, 0xD2, 0x53, 0x3D,
    0xB4, 0x1D, 0xC1, 0xB5, 0x4D, 0xB4, 0x81, 0x7A, 0x80, 0x9D, 0x08, 0x78, 0x7A, 0xD9, 0x5B, 0xBC,
    0x43, 0xDF, 0x7D, 0x49, 0xCF, 0x7D, 0xA5, 0xA7, 0xE0, 0x5C, 0xF7, 0xD5, 0xB8, 0x93, 0xF5, 0x52,
    0xC7, 0xFE, 0x62, 0x51, 0x05, 0xD7, 0x64, 0x49, 0xA1, 0x29, 0xE2, 0x11, 0xF4, 0xA8, 0x2B, 0x91,
    0xF3, 0x0D, 0x87, 0x3A, 0x63, 0xE6, 0x8F, 0xE9, 0xE5, 0x96, 0x07, 0x8B, 0x0A, 0x37, 0x3C, 0xBB,
    0xEE, 0x14, 0xEA, 0x0B, 0x0B, 0x0A, 0x7D, 0x2C, 0x6E, 0x62, 0xE1, 0xE1, 0xDD, 0x6A, 0xD4, 0x70,
    0x84, 0x02, 0x34, 0xC4, 0x93, 0x74, 0xED, 0x71, 0xD2, 0x82, 0xDB, 0xFC, 0xDD, 0xDC, 0x62, 0xE1,
    0x7A, 0xB2, 0x3C, 0x5A, 0x7A, 0x74, 0xB1, 0xBE, 0xE8, 0x71, 0x18, 0xF9, 0x4A, 0x8B, 0x12, 0x36,
    0x1C, 0xB8, 0x6D, 0x4E, 0x94, 0x08, 0x7D, 0xCD, 0xA0, 0xB1, 0x29, 0x3A, 0x04, 0x5C, 0x87, 0x71,
    0xD4, 0xE3, 0x30, 0x72, 0xAD, 0x93, 0xD0, 0xAA, 0x09, 0xAD, 0xA1, 0x50, 0xA8, 0x77, 0x2E, 0xAD,
    0xA2, 0xF8, 0xBD, 0x8D, 0x3C, 0x67, 0x9C, 0xDB, 0xDA, 0x3B, 0x00, 0xD1, 0xB9, 0x11, 0xC9, 0x47,
    0x69, 0xD4, 0x82, 0x45, 0x59, 0xF3, 0xC9, 0xE5, 0xBA, 0x08, 0xFB, 0xED, 0xD1, 0x6E, 0x65, 0x27,
    0xDE, 0xF9, 0x02, 0x07, 0xBA, 0x77, 0xAB, 0xD1, 0xA8, 0x29, 0x65, 0x7D, 0x2F, 0xC2, 0x8C, 0x22,
    0x65, 0xC0, 0xD3, 0x05, 0x96, 0x9B, 0x32, 0x5A, 0x8F, 0xD2, 0xF7, 0xBD, 0xF4, 0x24, 0xEB, 0x7D,
    0xB7, 0x7F, 0xEE, 0xBE, 0xFE, 0x66, 0xAC, 0x09, 0x97, 0xB8, 0x50, 0xA2, 0x8B, 0x6A, 0x23, 0xD6,
    0x77, 0x37, 0x6E, 0xFA, 0x4E, 0x94, 0x93, 0x2E, 0x06, 0x9C, 0x05, 0xED, 0x3A, 0x4B, 0x84, 0x6E,
    0x89, 0xFA, 0xEC, 0x65, 0xFC, 0x37, 0x5E, 0x9E, 0x5D, 0xF0, 0x4D, 0x12, 0xAB, 0x76, 0xB8, 0x00,
    0x54, 0x09, 0x3C, 0x14, 0x80, 0x45, 0xC6, 0x72, 0x63, 0xE1, 0xF1, 0x0F, 0xD7, 0xC7, 0x16, 0x1E,
    0xA5, 0x43, 0x87, 0xDF, 0xEF, 0x74, 0x62, 0x64, 0x05, 0x72, 0xFF, 0x75, 0x5C, 0xD9, 0x8F, 0x3B,
    0xAE, 0x6F, 0x4B, 0x58, 0xC7, 0x6B, 0xF1, 0x7E, 0xD5, 0x1B, 0x1A, 0xA6, 0x60, 0xA3, 0xE0, 0x71,
    0xFD, 0x73, 0x0B, 0x4B, 0x92, 0xD5, 0xA2, 0xF7, 0x5F, 0x62, 0x1D, 0xEC, 0x5D, 0x9C, 0x42, 0xC4,
    0x17, 0xC3, 0xF8, 0x7E, 0x0B, 0x4B, 0x1B, 0xD7, 0x45, 0x68, 0xB9, 0x11, 0x5A, 0x6A, 0x70, 0x75,
    0xFA, 0x77, 0x61, 0xC3, 0xFB, 0xEA, 0x7C, 0xD7, 0xAC, 0x2D, 0x56, 0xD7, 0x9C, 0x46, 0x4E, 0xF7,
    0x23, 0x0F, 0x1C, 0xB6, 0x35, 0x95, 0xEE, 0xE6, 0x0B, 0xD1, 0xF5, 0x29, 0xE0, 0xF9, 0xA0, 0x05,
    0xFD, 0x9E, 0xE3, 0x6E, 0xCF, 0xEC, 0x55, 0x6E, 0xDF, 0x75, 0xF8, 0x4C, 0xB6, 0x2E, 0xED, 0x10,
    0xCB, 0x79, 0x82, 0x5A, 0x37, 0xA7, 0x47, 0x70, 0x81, 0xF9, 0x1C, 0x3D, 0xF6, 0x78, 0x30, 0x60,
    0x79, 0x0E, 0xAB, 0x5B, 0xE8, 0xB7, 0x51, 0xE3, 0xD2, 0x6A, 0x04, 0xF9, 0xF3, 0x8D, 0xB3, 0xA3,
    0x7E, 0xCD, 0x2A, 0x58, 0xD5, 0x87, 0x56, 0xAD, 0x0D, 0xB6, 0xFD, 0x34, 0x46, 0xD1, 0xF2, 0xC9,
    0x4A, 0xA3, 0x93, 0xE3, 0x4C, 0x8C, 0xB0, 0xB7, 0x1A, 0xA8, 0x84, 0x15, 0x50, 0xAC, 0x7B, 0x82,
    0x3A, 0x38, 0xDC, 0xCC, 0x6D, 0xEC, 0x31, 0x2A, 0x74, 0xBF, 0x8D, 0x6A, 0xE7, 0xF6, 0xB2, 0x5C,
    0x39, 0xD9, 0x2E, 0x0D, 0x43, 0x2E, 0x89, 0x39, 0x1E, 0xF1, 0xC8, 0xCD, 0x73, 0x6F, 0x27, 0x3F,
    0x4B, 0x7D, 0x2E, 0xFF, 0x05, 0x77, 0xF8, 0x5A, 0xE2, 0xF5, 0xF9, 0x79, 0x7E, 0xFA, 0xEA, 0xE3,
    0x37, 0xF2, 0xF9, 0x99, 0xFB, 0x23, 0x36, 0xE2, 0x6F, 0xF4, 0x57, 0x14, 0x05, 0xBF, 0x61, 0x9E,
    0xFB, 0x15, 0xFE, 0xEF, 0xA3, 0x1D, 0xB3, 0xF8, 0xE6, 0x2C, 0xA8, 0xAF, 0xD4, 0x67, 0xDF, 0x18,
    0xD4, 0x3B, 0xF6, 0xEB, 0xE3, 0x39, 0x72, 0x77, 0xBA, 0x73, 0x36, 0x49, 0x69, 0x99, 0xED, 0x40,
    0x3B, 0xAB, 0xD4, 0x5F, 0x4F, 0xDD, 0xBD, 0x5F, 0x04, 0x32, 0x07, 0xE2, 0xBE, 0x68, 0x6E, 0xB9,
    0xF1, 0x2C, 0xC7, 0x86, 0x17, 0x71, 0x90, 0x87, 0x58, 0x98, 0xAF, 0xBD, 0xC7, 0x0D, 0x31, 0x50,
    0xD5, 0xC0, 0xE3, 0xD5, 0x3E, 0x61, 0xB6, 0x20, 0xFD, 0x12, 0xD0, 0xBF, 0x0F, 0x58, 0xFD, 0x5A,
    0xE0, 0xDD, 0x91, 0x47, 0xD9, 0x1D, 0xB8, 0xC1, 0xF3, 0x5F, 0xCF, 0x2A, 0xB2, 0x5D, 0x6E, 0xE8,
    0xFB, 0x93, 0x5E, 0xCF, 0xDC, 0xFF, 0x00, 0x6E, 0x3C, 0xBB, 0xEB, 0xC0, 0xFD, 0xCA, 0x69, 0x09,
    0x85, 0x05, 0xBE, 0x74, 0x9F, 0x7C, 0x3F, 0x25, 0xBD, 0xCE, 0x8F, 0x65, 0xF3, 0xFC, 0xF8, 0x9D,
    0x00, 0x5E, 0x0E, 0x42, 0x2D, 0xDD, 0x88, 0x10, 0x65, 0x2C, 0xF4, 0x6D, 0x1E, 0x01, 0xC2, 0x8E,
    0x4C, 0x62, 0x93, 0x5E, 0xF4, 0xCD, 0x0D, 0x3D, 0x74, 0x60, 0x79, 0xF9, 0x10, 0xED, 0x35, 0x3D,
    0x69, 0xE6, 0xDE, 0x58, 0x09, 0xF7, 0x48, 0x87, 0x36, 0xC4, 0xEC, 0x06, 0x2B, 0x3D, 0x0B, 0x1A,
    0xA7, 0x0F, 0xE1, 0x6E, 0x89, 0xE2, 0x14, 0x1F, 0xF3, 0xFC, 0xEC, 0x91, 0x0D, 0x0D, 0x27, 0x55,
    0x3C, 0xB6, 0xE2, 0x19, 0x16, 0x81, 0x9E, 0x62, 0x5D, 0x76, 0x84, 0xF5, 0xFD, 0x0F, 0x4D, 0x56,
    0xEF, 0x54, 0x2D, 0xF2, 0x33, 0x9A, 0x1A, 0x2D, 0x27, 0x53, 0x98, 0x7C, 0x8B, 0xE0, 0x42, 0x8B,
    0x37, 0xB1, 0xE3, 0x3D, 0x3C, 0x81, 0xB5, 0xEE, 0xF8, 0x15, 0xFC, 0x73, 0x91, 0xF1, 0x72, 0x85,
    0xFA, 0x5D, 0xF5, 0xD2, 0xD7, 0xD2, 0x40, 0x36, 0x41, 0x01, 0x3D, 0xDA, 0xE2, 0x55, 0x37, 0xD5,
    0x4C, 0xD5, 0xD7, 0x2C, 0xD4, 0x18, 0xAD, 0x58, 0xB2, 0x8E, 0xEE, 0x8D, 0x06, 0x08, 0x4B, 0x8B,
    0xCF, 0xC7, 0xC9, 0x7A, 0xCC, 0xCC, 0x29, 0xDE, 0x4C, 0x3B, 0x78, 0x6E, 0xAF, 0xF8, 0xF2, 0x4D,
    0xA3, 0xA0, 0x65, 0x1D, 0x53, 0xF3, 0x44, 0x5F, 0x59, 0xBA, 0x3A, 0x1F, 0xBA, 0x07, 0xF1, 0x26,
    0x89, 0x04, 0x0D, 0x88, 0x9D, 0xEF, 0xB2, 0xCE, 0x86, 0x7B, 0x34, 0x66, 0x36, 0xEF, 0x04, 0x66,
    0x80, 0x3D, 0xEB, 0x73, 0x53, 0xE6, 0x1F, 0x51, 0x9B, 0xBA, 0xA1, 0x83, 0xA4, 0x65, 0x21, 0x9B,
    0x09, 0xAE, 0xED, 0x57, 0x6D, 0x09, 0xCF, 0xBF, 0x36, 0x0A, 0x53, 0x9E, 0xB4, 0x67, 0x2F, 0x9B,
    0xD8, 0xA3, 0xF5, 0x7E, 0xEF, 0x71, 0x3E, 0x58, 0x60, 0x62, 0x2B, 0x85, 0xBD, 0xD0, 0x6A, 0x99,
    0x34, 0x57, 0xAA, 0xE6, 0x92, 0x95, 0xDB, 0x95, 0x62, 0x54, 0x55, 0x0C, 0x5C, 0xA9, 0x9E, 0x94,
    0x91, 0x2A, 0xED, 0x6C, 0xA5, 0xDA, 0x58, 0xEE, 0x3D, 0xAD, 0x54, 0xB9, 0x5D, 0xA9, 0x30, 0x15,
    0x8D, 0xC7, 0x95, 0xEA, 0x76, 0x56, 0xAA, 0x65, 0x93, 0xF5, 0xCE, 0x7A, 0x1D, 0xAC, 0xD4, 0xFF,
    0x01, 0xE5, 0x5C, 0xBD, 0x92, 0xE4, 0xC8, 0x71, 0x2E, 0x00, 0xC7, 0xE9, 0x88, 0x85, 0x01, 0x1A,
    0x0A, 0x05, 0x39, 0x13, 0x52, 0x3B, 0x34, 0x18, 0x2B, 0x03, 0x6F, 0x20, 0xE0, 0xE8, 0xD2, 0xD0,
    0xD9, 0xB2, 0x65, 0x28, 0xD6, 0xD9, 0x37, 0x20, 0x40, 0xC9, 0x90, 0x71, 0xC6, 0xCD, 0x1B, 0x68,
    0x8D, 0x35, 0xE6, 0x86, 0xC6, 0x3A, 0x32, 0x68, 0x30, 0x0E, 0xE0, 0x9D, 0x21, 0xF3, 0x10, 0xA4,
    0x21, 0x83, 0x06, 0x21, 0x1D, 0x65, 0x68, 0x65, 0x1C, 0x96, 0xDB, 0xE2, 0x61, 0x67, 0xD1, 0x28,
    0x65, 0x7E, 0x99, 0x05, 0xA0, 0xBB, 0xD1, 0xF3, 0xBF, 0x33, 0x3B, 0xCB, 0x8E, 0xE9, 0x4A, 0x44,
    0x0F, 0x50, 0xC8, 0xCA, 0xCC, 0xCA, 0xCA, 0xCA, 0x9F, 0x32, 0xC6, 0x5A, 0x6B, 0xE8, 0x33, 0x0B,
    0x66, 0x3F, 0x91, 0x6D, 0x26, 0x20, 0xB6, 0x2D, 0x83, 0xC4, 0x76, 0x02, 0xD6, 0x0C, 0x0A, 0xDB,
    0x8F, 0xBD, 0x78, 0x04, 0x52, 0x63, 0x02, 0xFB, 0xBF, 0xB6, 0x64, 0xF0, 0x1F, 0x0C, 0x42, 0xFB,
    0x95, 0xAD, 0xB9, 0x93, 0xAF, 0xB8, 0x9B, 0xC8, 0x7E, 0xCC, 0x20, 0xB6, 0x86, 0x7B, 0x4B, 0x08,
    0x50, 0x6F, 0x59, 0x6F, 0x32, 0xEA, 0x8D, 0x2E, 0xE9, 0x07, 0x05, 0xBE, 0xE5, 0x4F, 0x1E, 0x00,
    0x94, 0x0A, 0x42, 0x80, 0x3A, 0x02, 0x68, 0x96, 0xD4, 0x7D, 0x60, 0x57, 0x31, 0xBD, 0xD3, 0xB3,
    0x1D, 0x3F, 0x4A, 0xCF, 0x66, 0x00, 0x3D, 0xD0, 0x2A, 0x2C, 0xF5, 0xC4, 0x38, 0xEC, 0xB6, 0x33,
    0x9F, 0x27, 0xC7, 0x18, 0x24, 0x7A, 0xA3, 0xDE, 0x0D, 0xBF, 0xAC, 0x35, 0x4B, 0x1A, 0x4C, 0x67,
    0x16, 0x6B, 0x93, 0x50, 0x8F, 0x3F, 0x06, 0x82, 0x40, 0xDF, 0x98, 0x43, 0x1E, 0x73, 0xCC, 0x23,
    0x07, 0xAE, 0x74, 0x27, 0xB7, 0x89, 0x3D, 0xA6, 0xFF, 0x16, 0x9D, 0x0E, 0x51, 0x46, 0x48, 0x88,
    0x58, 0xFB, 0x0B, 0xCB, 0xAD, 0xDC, 0xC3, 0x84, 0xA2, 0xFB, 0xBF, 0xB6, 0xF9, 0xC2, 0xF6, 0xA1,
    0xCD, 0xCD, 0x21, 0xBF, 0xDC, 0xF8, 0x9F, 0x9B, 0xC7, 0x7C, 0x11, 0xD0, 0x3D, 0x15, 0x08, 0xFA,
    0x73, 0x41, 0x96, 0x49, 0xC1, 0x30, 0x53, 0x6E, 0x2D, 0x85, 0x09, 0xF4, 0xE6, 0x6A, 0x76, 0x2C,
    0xA1, 0x5D, 0x29, 0x07, 0xDB, 0x8D, 0xFB, 0x63, 0xE1, 0x1A, 0x63, 0x60, 0xA6, 0xFD, 0xB9, 0xFE,
    0xAD, 0x10, 0xC7, 0xB7, 0xDF, 0xA1, 0xE3, 0xC0, 0x7E, 0xC3, 0xBC, 0x33, 0x0B, 0xFB, 0x1B, 0xC8,
    0x40, 0x68, 0x7F, 0x8D, 0x8E, 0x23, 0x9B, 0xA3, 0xC3, 0xA5, 0x4D, 0x8B, 0x0E, 0xDD, 0x31, 0x0F,
    0x01, 0x41, 0xA0, 0x62, 0x6D, 0x98, 0x2B, 0x3C, 0xF4, 0x25, 0x75, 0xEC, 0x09, 0xF7, 0x94, 0xA7,
    0x95, 0x11, 0x6E, 0x36, 0xD4, 0xAD, 0x40, 0xE1, 0x67, 0x4B, 0xB0, 0xC4, 0x33, 0x31, 0x23, 0x43,
    0x98, 0x4A, 0x5F, 0x24, 0x1C, 0x56, 0xFA, 0x2E, 0xE4, 0x1D, 0xA9, 0x47, 0xAF, 0x21, 0x74, 0x6C,
    0x59, 0xD4, 0xCC, 0x64, 0x46, 0x35, 0xC1, 0x00, 0x22, 0xB0, 0xDD, 0x03, 0xCE, 0x7B, 0x78, 0xEB,
    0xEF, 0xF0, 0x36, 0xBC, 0x1B, 0xDE, 0xD2, 0xA8, 0x3B, 0x85, 0x6B, 0xE5, 0x51, 0xAF, 0x3C, 0x72,
    0x3C, 0x65, 0x92, 0x8D, 0x02, 0xEA, 0x20, 0x0D, 0x10, 0xE3, 0xB1, 0x67, 0x32, 0x0F, 0xED, 0xFF,
    0x81, 0x07, 0xBE, 0x6D, 0xC0, 0xDC, 0xC0, 0xD6, 0xE0, 0xC1, 0xC2, 0x56, 0x3C, 0x89, 0x98, 0x88,
    0x18, 0x08, 0x41, 0x0C, 0x25, 0x66, 0x6C, 0x72, 0xD0, 0x2F, 0x12, 0xF9, 0xA7, 0x37, 0x97, 0xE8,
    0x16, 0x1D, 0x2B, 0x0F, 0x84, 0x47, 0x2B, 0xE5, 0x4D, 0x37, 0xC0, 0x90, 0xEF, 0x21, 0xC2, 0xBB,
    0x67, 0x1D, 0x04, 0x8F, 0xA8, 0x49, 0x18, 0xE9, 0xA5, 0x4E, 0xA9, 0xA5, 0x8C, 0xC0, 0x64, 0x22,
    0x7D, 0xC6, 0xCD, 0x34, 0x5B, 0xA7, 0x2A, 0x66, 0xA5, 0x8A, 0x5F, 0xA9, 0x24, 0x28, 0xEF, 0x98,
    0x37, 0xDF, 0x82, 0x37, 0x9F, 0xD9, 0x74, 0x61, 0xD7, 0xE0, 0x4D, 0x1A, 0x83, 0x0B, 0x45, 0x33,
    0xE2, 0xAB, 0xE4, 0xC6, 0x8C, 0x48, 0xD0, 0x86, 0x18, 0x97, 0x2F, 0x73, 0x29, 0x14, 0xF6, 0x2D,
    0x85, 0x7B, 0x89, 0x30, 0x55, 0xE6, 0x5B, 0x20, 0x1D, 0x1C, 0x7C, 0x3E, 0x95, 0x3D, 0xEF, 0x49,
    0xAA, 0x9A, 0x32, 0x35, 0x18, 0x5C, 0x03, 0xDE, 0x92, 0x14, 0x08, 0xCD, 0x53, 0x22, 0xF5, 0x29,
    0x51, 0x26, 0xA2, 0x3E, 0x96, 0xB6, 0x86, 0x56, 0x13, 0xD9, 0xF7, 0x72, 0x8C, 0x9E, 0x1F, 0xD6,
    0xB7, 0x6C, 0x82, 0xF6, 0x1C, 0xB0, 0x71, 0xA7, 0x3E, 0x9E, 0x29, 0xCA, 0x4C, 0xC5, 0x63, 0x30,
    0x2D, 0x60, 0xC6, 0xAE, 0xE8, 0x5B, 0x2B, 0x12, 0x8A, 0x12, 0x2B, 0x06, 0x16, 0xD3, 0x48, 0xD0,
    0x75, 0x6A, 0xDE, 0x3B, 0x15, 0x3E, 0xFE, 0x0C, 0x7D, 0x43, 0xD5, 0x63, 0xD6, 0x31, 0x6B, 0x98,
    0x2A, 0x19, 0xDF, 0x7B, 0x9A, 0x6F, 0x4E, 0xBD, 0x94, 0xB9, 0xD5, 0x43, 0xD0, 0x2A, 0x9E, 0xF1,
    0x2B, 0xEE, 0x94, 0xD4, 0xF5, 0xCB, 0xC2, 0x12, 0x26, 0xCB, 0x15, 0x29, 0x8B, 0xEF, 0x09, 0xA2,
    0xC0, 0x7D, 0xBB, 0xE9, 0x44, 0x9F, 0xB0, 0xAE, 0x32, 0xD1, 0x31, 0x3F, 0xD6, 0x73, 0x07, 0x6B,
    0xEE, 0xAA, 0xF5, 0xA0, 0x4F, 0xD0, 0xBD, 0x79, 0xF2, 0xC9, 0xC8, 0xA3, 0xC8, 0x4E, 0xE5, 0x4C,
    0xC6, 0x10, 0xD8, 0xA7, 0xDC, 0x57, 0x44, 0x4F, 0x12, 0x78, 0xFC, 0xCC, 0x9B, 0x22, 0x2A, 0x23,
    0xF3, 0x0A, 0x2B, 0x53, 0x08, 0x3A, 0x25, 0x83, 0x20, 0x82, 0x22, 0x3D, 0xCF, 0x07, 0x12, 0xA4,
    0x94, 0xD7, 0x42, 0x92, 0x09, 0xA6, 0x5D, 0x04, 0x29, 0x33, 0x7E, 0xFA, 0xCE, 0x98, 0x44, 0x5D,
    0xC7, 0xF4, 0xA2, 0xF0, 0x0D, 0x96, 0x60, 0xBA, 0x5C, 0x08, 0x12, 0xBE, 0xA0, 0x84, 0x29, 0xDC,
    0x42, 0x71, 0x30, 0xBA, 0x9E, 0x15, 0xC5, 0xF2, 0xBD, 0xCF, 0x45, 0x8D, 0xA4, 0xAA, 0x09, 0x17,
    0x72, 0x0F, 0xDF, 0xFF, 0xDA, 0x96, 0x3E, 0x69, 0xCD, 0xC6, 0x3F, 0x35, 0x8F, 0x9F, 0xDF, 0x23,
    0x93, 0x3A, 0x9D, 0xFD, 0xCA, 0xAB, 0x74, 0x02, 0xF4, 0x47, 0xBD, 0x65, 0xF3, 0x33, 0xCE, 0x24,
    0x23, 0x33, 0xA9, 0x3E, 0x6F, 0x26, 0x55, 0x77, 0x34, 0x93, 0x72, 0x30, 0x49, 0x67, 0xD2, 0x72,
    0x6B, 0x26, 0x89, 0x14, 0x75, 0x22, 0x53, 0x35, 0x24, 0x6C, 0x3A, 0x93, 0x92, 0x7C, 0x50, 0x38,
    0x1E, 0x84, 0xD4, 0x53, 0x1D, 0x5F, 0x8F, 0xFF, 0xDD, 0x63, 0xA9, 0x2C, 0xB1, 0x6C, 0xA0, 0xD7,
    0x05, 0x5E, 0x11, 0x41, 0x28, 0x12, 0x7B, 0x06, 0xB3, 0x87, 0xC5, 0x93, 0x38, 0xE2, 0x3B, 0xCC,
    0x65, 0x34, 0x33, 0x2D, 0xFE, 0x0B, 0xDE, 0x61, 0x69, 0xA8, 0xB4, 0x07, 0xAC, 0xC9, 0xDA, 0xB3,
    0x11, 0x2D, 0x10, 0xCB, 0x02, 0x85, 0xB7, 0xEB, 0xF4, 0x89, 0xD6, 0xE0, 0x57, 0x60, 0x5F, 0xC8,
    0x4B, 0x04, 0xEF, 0x58, 0x8C, 0x09, 0x55, 0x94, 0xE6, 0xD9, 0x06, 0x0F, 0x3F, 0xB0, 0x89, 0x86,
    0xA9, 0x44, 0x93, 0x8A, 0x9E, 0xCB, 0xBE, 0xA3, 0x71, 0xC3, 0x04, 0x09, 0xB0, 0x1C, 0x40, 0xF9,
    0xFC, 0xD0, 0xDC, 0x9F, 0x36, 0x3C, 0xCD, 0xB1, 0x12, 0x15, 0x4D, 0x0C, 0x63, 0x6D, 0x0D, 0xEE,
    0x04, 0xCE, 0xD4, 0x53, 0x4B, 0x50, 0x96, 0xEA, 0x83, 0x74, 0x47, 0xCA, 0xA8, 0xB3, 0x37, 0x02,
    0x9C, 0x99, 0xD0, 0xAB, 0xB5, 0x50, 0x3A, 0xA3, 0x81, 0x70, 0x7A, 0x4A, 0x28, 0x11, 0xF0, 0xA9,
    0x3B, 0xC6, 0x30, 0x13, 0xC3, 0x5E, 0xED, 0x7B, 0xB6, 0x13, 0x01, 0xCA, 0x09, 0x08, 0xCF, 0x01,
    0xD1, 0x16, 0xC8, 0x27, 0x9D, 0x49, 0xD7, 0xFA, 0x22, 0xBC, 0x56, 0x91, 0x18, 0x51, 0xEA, 0xA7,
    0xE8, 0xBE, 0x19, 0x46, 0xF2, 0x03, 0x31, 0x95, 0x9B, 0x42, 0x21, 0x08, 0x30, 0x85, 0xF2, 0xFB,
    0xAB, 0x5E, 0xE0, 0x1F, 0xBB, 0x11, 0x7A, 0xC4, 0xDB, 0x57, 0xCF, 0xF9, 0xE5, 0xB0, 0x80, 0x49,
    0x20, 0x60, 0x85, 0x85, 0xF2, 0x6A, 0xB1, 0x3D, 0xB0, 0x9E, 0xD3, 0x9C, 0x69, 0xF8, 0x36, 0x08,
    0x2E, 0xB3, 0x28, 0x60, 0x48, 0x58, 0xFA, 0x80, 0xAD, 0xCC, 0xEC, 0xBD, 0x50, 0xEF, 0x2B, 0x7A,
    0x79, 0xCE, 0xF5, 0xE3, 0xFA, 0x5D, 0x8A, 0x71, 0x26, 0xEF, 0x5D, 0x01, 0x8F, 0x16, 0x02, 0x91,
    0xD9, 0xAA, 0x60, 0xE8, 0xA9, 0x3A, 0x27, 0x75, 0xC8, 0x66, 0x06, 0xD4, 0x62, 0xAB, 0x50, 0xAC,
    0xBF, 0xD1, 0xF0, 0x60, 0x21, 0xA2, 0x99, 0x74, 0xC4, 0x0A, 0x24, 0x81, 0x74, 0xCB, 0xCC, 0xE2,
    0xB9, 0xC6, 0x30, 0x54, 0x48, 0x96, 0xA5, 0xC2, 0x46, 0x37, 0x61, 0x02, 0xFD, 0x0B, 0x20, 0x8F,
    0x40, 0x9F, 0xDB, 0xE8, 0x27, 0xD2, 0x7E, 0xDD, 0x7B, 0xF4, 0xBD, 0x82, 0x87, 0xC3, 0x6B, 0x8A,
    0x67, 0xBE, 0x31, 0x8E, 0x3E, 0xD5, 0x2D, 0x4F, 0xB3, 0xD9, 0x26, 0xD6, 0x75, 0xE0, 0xDA, 0xC9,
    0x7F, 0x99, 0x7F, 0x34, 0x33, 0xED, 0x97, 0xB6, 0x11, 0xDE, 0x85, 0xBA, 0x75, 0xE4, 0x56, 0xA8,
    0xCB, 0x33, 0x89, 0x64, 0x63, 0x4D, 0xCA, 0xAE, 0x81, 0xE1, 0xDB, 0x40, 0xCC, 0xE6, 0x5A, 0xFC,
    0x57, 0xEE, 0x14, 0x0E, 0x49, 0x0F, 0xD2, 0x9B, 0xF0, 0x86, 0xDE, 0xB2, 0x22, 0x0E, 0x65, 0x90,
    0x60, 0xE1, 0xCA, 0xA5, 0xF7, 0xA0, 0xB2, 0xBB, 0xBD, 0xA0, 0x6D, 0xCF, 0xD5, 0xE6, 0x6E, 0x0E,
    0x9C, 0xD7, 0x5E, 0xD4, 0xC3, 0x85, 0x38, 0x5C, 0x65, 0x57, 0x8D, 0xCD, 0x4F, 0x08, 0x5E, 0x66,
    0x2C, 0xBA, 0x1E, 0x90, 0xC0, 0xCE, 0x8F, 0x08, 0x78, 0xF6, 0x02, 0xBB, 0x14, 0x92, 0x10, 0xB6,
    0xA3, 0x99, 0xAA, 0x4C, 0x49, 0xB4, 0x2B, 0x6C, 0x50, 0x5A, 0x69, 0x33, 0x4C, 0x49, 0x69, 0x65,
    0x11, 0xA0, 0x35, 0x26, 0xA8, 0x88, 0x71, 0x67, 0x34, 0x65, 0x40, 0x79, 0xEC, 0x06, 0xD6, 0x78,
    0x4B, 0xE3, 0xDE, 0x88, 0xB7, 0x7B, 0xA7, 0xE6, 0xF0, 0x99, 0x71, 0x7B, 0xC6, 0xCA, 0xCA, 0x9E,
    0x51, 0x70, 0x4E, 0x59, 0x2A, 0xD7, 0x73, 0x7B, 0xC6, 0x07, 0xC3, 0x0B, 0x5A, 0x23, 0x49, 0x21,
    0x14, 0x75, 0x26, 0x53, 0x41, 0xD6, 0x69, 0xF8, 0x5D, 0xA0, 0xD6, 0x8A, 0xD5, 0xFB, 0xC7, 0x91,
    0xEB, 0xD9, 0x3D, 0xB7, 0xC2, 0x91, 0xEE, 0xC2, 0xF6, 0xE6, 0x1C, 0x31, 0x71, 0x39, 0xD9, 0x52,
    0xAE, 0xC6, 0x56, 0x7E, 0x89, 0xE7, 0x27, 0x8A, 0xF9, 0x7B, 0xE5, 0x4B, 0x0A, 0xF9, 0x6C, 0xB0,
    0x03, 0xEF, 0xD4, 0x0E, 0x8B, 0xD9, 0x3E, 0xC8, 0x13, 0x66, 0x53, 0x59, 0xF0, 0x5A, 0x21, 0xEF,
    0x6A, 0x66, 0xDA, 0x19, 0xAB, 0x2E, 0x5D, 0xB0, 0x8D, 0x7A, 0x86, 0x5D, 0x3C, 0xF7, 0x16, 0x0C,
    0x03, 0xAE, 0x07, 0xB7, 0x03, 0xBF, 0xFD, 0x56, 0x28, 0x6C, 0x2F, 0x6C, 0x6F, 0x81, 0xC2, 0xF0,
    0x17, 0x92, 0xD0, 0x88, 0x93, 0x4A, 0xB6, 0xDE, 0x3F, 0x17, 0xE3, 0x46, 0x3A, 0x19, 0xBD, 0x05,
    0xC7, 0xF0, 0x8D, 0xE8, 0x5A, 0x22, 0xD2, 0xBE, 0x16, 0x69, 0x87, 0xAC, 0xB2, 0xB4, 0xA7, 0x0B,
    0x5B, 0x25, 0xBC, 0x89, 0x68, 0x26, 0x32, 0x2F, 0xD2, 0x3E, 0x23, 0xF3, 0x49, 0x37, 0x98, 0xFE,
    0xBC, 0x94, 0x85, 0x7F, 0x10, 0xAA, 0x8A, 0xAB, 0x32, 0x35, 0x22, 0xF3, 0xB1, 0x58, 0xFB, 0xEA,
    0x8F, 0xBA, 0x10, 0x4D, 0xD9, 0x90, 0x79, 0x30, 0x23, 0xC5, 0x8E, 0x54, 0x5F, 0x56, 0xA0, 0x92,
    0x03, 0x37, 0xDF, 0x0F, 0x1F, 0xE8, 0x7A, 0x41, 0x36, 0xFF, 0xA3, 0x13, 0x9E, 0xDC, 0x19, 0x5B,
    0x73, 0x3D, 0x93, 0x23, 0x54, 0x87, 0xB1, 0xD0, 0xB2, 0x99, 0x37, 0x41, 0xDF, 0x07, 0x4D, 0x65,
    0x7A, 0x33, 0xF1, 0xEC, 0x2C, 0x45, 0x4D, 0x65, 0xC0, 0xDB, 0xB7, 0xBF, 0xB3, 0x40, 0x10, 0x5E,
    0xD8, 0xC3, 0x13, 0xF3, 0xE4, 0xD9, 0x74, 0xAF, 0xFA, 0x89, 0x3A, 0xEF, 0xD4, 0xEB, 0xB3, 0x12,
    0xEB, 0xA4, 0xD7, 0xBD, 0x6A, 0xBE, 0xB1, 0x57, 0x4D, 0xB1, 0x57, 0x5D, 0xC9, 0x5E, 0xF5, 0xB2,
    0xFB, 0x1C, 0x12, 0xBB, 0x6E, 0x0B, 0x74, 0x53, 0x80, 0xC7, 0x8B, 0x0E, 0xFB, 0x9C, 0xC2, 0xF9,
    0xC7, 0x79, 0x9F, 0x43, 0x64, 0xE7, 0xD7, 0x86, 0xB6, 0x5B, 0x00, 0x89, 0xCE, 0x57, 0x67, 0x5F,
    0x21, 0x80, 0xED, 0x99, 0xCF, 0x3A, 0x46, 0xB4, 0x0D, 0x3B, 0xDE, 0xE7, 0xE0, 0x8D, 0x8F, 0xD2,
    0x81, 0x57, 0xC2, 0xB7, 0x05, 0x78, 0xB8, 0xEC, 0xE1, 0x4D, 0x6C, 0x0A, 0xE6, 0x4F, 0xB9, 0x5C,
    0x6F, 0xB2, 0xF0, 0xE0, 0xB9, 0x50, 0x21, 0xB7, 0x0D, 0x0D, 0xF8, 0x95, 0x6D, 0xA2, 0x0D, 0xFB,
    0xEB, 0xE5, 0x68, 0x7F, 0x89, 0xE5, 0xB5, 0xCF, 0xFE, 0x9A, 0xFC, 0xB7, 0x60, 0x07, 0x26, 0x3D,
    0x5B, 0x3D, 0xB5, 0x4D, 0x8C, 0x7E, 0xA4, 0x4F, 0xEA, 0xFF, 0x2D, 0xB6, 0x03, 0xBF, 0x65, 0x27,
    0x62, 0x1F, 0xA8, 0xD3, 0xC7, 0xB5, 0x7F, 0x45, 0xF8, 0xD6, 0x07, 0x36, 0x8F, 0x6D, 0x15, 0x8D,
    0x31, 0x05, 0xB3, 0x39, 0x5F, 0x0B, 0xDE, 0x34, 0x1C, 0x9C, 0x98, 0xC7, 0x24, 0x00, 0x34, 0xF4,
    0xA2, 0xE4, 0x51, 0xFE, 0x44, 0xA2, 0x19, 0xA2, 0x27, 0xAD, 0xEC, 0xDF, 0x13, 0x61, 0xC3, 0xC2,
    0xE6, 0xE6, 0x03, 0xE6, 0x79, 0x91, 0x46, 0x2B, 0xB6, 0x99, 0x78, 0x93, 0x98, 0x39, 0xDB, 0xA2,
    0x72, 0xAB, 0x94, 0x29, 0x5A, 0xF3, 0xF0, 0xB9, 0x3D, 0xCE, 0xF0, 0x5C, 0x38, 0x5A, 0x4E, 0x80,
    0xFE, 0xA8, 0xB7, 0x6C, 0x7B, 0xA3, 0x3E, 0xB4, 0x19, 0x7E, 0x45, 0xBB, 0xE5, 0x41, 0x72, 0xFB,
    0x0E, 0xB8, 0x16, 0xDE, 0x2D, 0xD7, 0xF4, 0xA3, 0x9E, 0xEF, 0xD8, 0x4E, 0xA5, 0xD9, 0x45, 0x60,
    0xA6, 0xD2, 0xEC, 0x15, 0x76, 0x8A, 0xF0, 0xE1, 0x74, 0xD9, 0x85, 0x6B, 0x9C, 0x86, 0x89, 0xD9,
    0x5D, 0x4F, 0x42, 0x22, 0xD2, 0x36, 0xA3, 0xFD, 0x13, 0x56, 0xEF, 0xAD, 0x34, 0xFC, 0xF5, 0xE5,
    0xA5, 0x61, 0xD1, 0x08, 0xD1, 0xD4, 0x31, 0xA8, 0x26, 0x1A, 0xEC, 0xB5, 0xA8, 0x47, 0x14, 0x2B,
    0x69, 0xA3, 0x35, 0x9C, 0x9E, 0x64, 0xA2, 0x6D, 0x9B, 0x5F, 0x53, 0x0F, 0xD7, 0x8D, 0x81, 0x48,
    0xDF, 0x65, 0xC0, 0x6D, 0xBE, 0xD6, 0x78, 0x1B, 0xBE, 0xF8, 0x44, 0xE2, 0xC9, 0x98, 0x15, 0x44,
    0x88, 0x7F, 0x85, 0x93, 0xB6, 0x87, 0xDC, 0x90, 0x7D, 0x7A, 0x9A, 0xCF, 0xA4, 0x08, 0xE4, 0x57,
    0x06, 0x87, 0xB0, 0x6E, 0xFF, 0x45, 0xE2, 0x4B, 0x2F, 0x78, 0x22, 0x0A, 0x9B, 0x04, 0xD4, 0x6C,
    0xF9, 0xBE, 0x40, 0x54, 0xB8, 0x09, 0x00, 0x4A, 0x05, 0x3E, 0x40, 0x7E, 0xDB, 0x40, 0xA2, 0xA1,
    0x9D, 0xD9, 0x07, 0x85, 0xEC, 0xBA, 0xBF, 0x9A, 0x81, 0xFB, 0x9F, 0x77, 0x11, 0xD4, 0xCB, 0xC2,
    0xF3, 0xF1, 0xB8, 0x2E, 0xDC, 0x35, 0xDA, 0x77, 0x77, 0xBD, 0x5B, 0xF7, 0xB0, 0xDF, 0x8A, 0x0C,
    0x67, 0xE2, 0x98, 0x3D, 0x73, 0x2E, 0xD6, 0xD6, 0x08, 0x9A, 0x16, 0x81, 0x59, 0xD2, 0x97, 0xEC,
    0x88, 0xED, 0xD8, 0x8B, 0xCE, 0x09, 0x1B, 0x3D, 0x82, 0xAE, 0xB7, 0xD0, 0xFA, 0x36, 0xFF, 0x82,
    0x75, 0x06, 0x3B, 0xFC, 0xB2, 0xB2, 0xD8, 0xF0, 0xCA, 0x24, 0xF0, 0x94, 0x6F, 0x7E, 0xA1, 0x93,
    0x6F, 0xE1, 0x3B, 0xD7, 0x37, 0x91, 0xE1, 0x47, 0x91, 0xFD, 0xA7, 0x35, 0x5D, 0xAF, 0x8B, 0x6F,
    0x49, 0x7F, 0xEB, 0x3E, 0x6C, 0x73, 0x02, 0xD8, 0x7C, 0xFB, 0x0B, 0x59, 0xBF, 0xE6, 0x97, 0x1D,
    0x69, 0xD3, 0xEF, 0xD6, 0x7E, 0xAF, 0xD9, 0xFE, 0x82, 0x67, 0xB7, 0xF0, 0x9D, 0xEB, 0xDB, 0x4E,
    0x3E, 0x53, 0x3C, 0x0A, 0x5A, 0xC3, 0x26, 0x7F, 0x2C, 0x64, 0x97, 0xFE, 0xA3, 0xAD, 0xE0, 0x33,
    0xDA, 0x26, 0x34, 0x45, 0x9D, 0xD5, 0x3C, 0x3E, 0x76, 0x3F, 0x20, 0x13, 0x62, 0xC2, 0xEA, 0xBB,
    0x1E, 0x67, 0x51, 0x86, 0x5D, 0xB2, 0x8A, 0x99, 0xE7, 0x1C, 0x8E, 0xA9, 0x11, 0x22, 0xC9, 0xDA,
    0x77, 0xCA, 0xE7, 0xBB, 0x1E, 0x23, 0x9B, 0x72, 0x0B, 0x56, 0xB5, 0x1C, 0x8B, 0xEC, 0x3F, 0x82,
    0xDB, 0x13, 0x99, 0x28, 0xAC, 0x21, 0xB2, 0xCA, 0xB3, 0xAB, 0xC0, 0x76, 0xF2, 0xE7, 0xB1, 0xFF,
    0xBA, 0xDA, 0x14, 0xBC, 0x76, 0xFA, 0x67, 0xAE, 0xF2, 0x47, 0xFB, 0xF3, 0x65, 0xCF, 0xDB, 0xC6,
    0x84, 0xC3, 0x78, 0x6D, 0x64, 0x5B, 0x9F, 0xFA, 0x8F, 0x4B, 0x31, 0x2B, 0x79, 0xA1, 0xE1, 0x2F,
    0x5F, 0x6F, 0x19, 0x98, 0x77, 0x2F, 0xED, 0xD7, 0x1F, 0xA4, 0xA6, 0x49, 0xF8, 0x8A, 0xE5, 0x25,
    0xAE, 0x54, 0xD7, 0xDE, 0xF7, 0xD5, 0x47, 0xEE, 0xCA, 0xFB, 0x95, 0xBB, 0x8A, 0x25, 0x76, 0x45,
    0x57, 0x19, 0xBC, 0x2B, 0x92, 0x4E, 0x93, 0x73, 0x4C, 0xCE, 0xB2, 0x1D, 0x76, 0x56, 0x88, 0xF4,
    0x8A, 0x2F, 0x51, 0xED, 0x31, 0x5E, 0x0C, 0x74, 0xA5, 0xD0, 0x66, 0x69, 0x87, 0xBD, 0xB1, 0xC4,
    0xAB, 0x57, 0x1E, 0xE7, 0x95, 0xAC, 0x17, 0x64, 0x62, 0x58, 0x1B, 0xE1, 0xB6, 0xB1, 0x95, 0xDF,
    0xE5, 0x9E, 0x3D, 0x9F, 0x82, 0x85, 0xB3, 0xDE, 0xD7, 0x92, 0x1C, 0xBF, 0xAB, 0x56, 0x22, 0x58,
    0x6C, 0x1C, 0x23, 0x8F, 0x91, 0x4D, 0xA4, 0x08, 0x9A, 0x79, 0x68, 0xA1, 0x1F, 0xFE, 0x20, 0x51,
    0xE5, 0x69, 0x5E, 0x9E, 0xA6, 0xE1, 0x69, 0xD6, 0x5D, 0xF1, 0x5A, 0x52, 0x66, 0x4A, 0xEE, 0xE7,
    0xE0, 0xD4, 0x3C, 0x7E, 0xB6, 0x33, 0x46, 0x79, 0xD1, 0xFD, 0x81, 0xCA, 0x78, 0xBF, 0x04, 0x20,
    0x8B, 0x98, 0xB7, 0xC0, 0xC5, 0x1A, 0x51, 0xBB, 0xCC, 0x22, 0x8F, 0x8F, 0xAC, 0x78, 0x1E, 0xAB,
    0x24, 0x1A, 0xB8, 0xDC, 0x00, 0x4F, 0x3D, 0xB2, 0xB1, 0xAE, 0x11, 0xB2, 0xBF, 0xF2, 0x98, 0xE5,
    0xAC, 0x6B, 0x90, 0xBC, 0xE7, 0x31, 0xA1, 0x42, 0x4B, 0x06, 0x75, 0xDC, 0x46, 0xFD, 0xAC, 0x31,
    0x2D, 0x7B, 0xAB, 0xBB, 0x68, 0x32, 0x78, 0x36, 0x39, 0xDF, 0x54, 0xEC, 0x9F, 0x4E, 0x13, 0x84,
    0x10, 0x60, 0x84, 0x7E, 0x40, 0xA0, 0x39, 0x90, 0x40, 0x33, 0x6F, 0xC8, 0x30, 0x01, 0x2A, 0x06,
    0x05, 0x9B, 0x44, 0xA4, 0xC0, 0xE0, 0x16, 0x5D, 0x88, 0x32, 0x59, 0x4A, 0x20, 0x37, 0x43, 0xF2,
    0x62, 0x2B, 0x59, 0x19, 0x6F, 0xC5, 0xA8, 0x92, 0xD9, 0x3E, 0x82, 0x6E, 0x70, 0xB9, 0xAA, 0x2F,
    0xDC, 0x88, 0xE1, 0x6B, 0x38, 0x25, 0x8D, 0xA3, 0xD6, 0xFD, 0x02, 0x0A, 0xB1, 0x0B, 0x34, 0x14,
    0xA1, 0xFE, 0x72, 0x58, 0x62, 0x2D, 0x72, 0x14, 0x80, 0x52, 0x23, 0x08, 0xB6, 0x12, 0x3F, 0x96,
    0xC8, 0x7B, 0xE1, 0x52, 0x6A, 0x77, 0xC2, 0x0B, 0x4B, 0xCC, 0x43, 0x8D, 0xB0, 0xB8, 0x84, 0xB5,
    0x68, 0x03, 0xC4, 0x50, 0x0A, 0x8F, 0xE4, 0x16, 0xE7, 0xD4, 0x7A, 0x7E, 0xAE, 0xDF, 0x77, 0x7F,
    0x0B, 0x4C, 0x7C, 0xE4, 0x05, 0x2C, 0x80, 0x6A, 0x04, 0xBC, 0x91, 0xDB, 0xDB, 0x62, 0x60, 0x6F,
    0x41, 0x32, 0x1D, 0x39, 0x92, 0x3D, 0xDD, 0x75, 0x33, 0xB1, 0x4B, 0x99, 0xC8, 0x7D, 0x81, 0x8C,
    0xE0, 0x04, 0x3D, 0xC8, 0xC0, 0x65, 0xDC, 0xD2, 0xBF, 0xF2, 0x6A, 0x67, 0xD0, 0xBF, 0x1A, 0x93,
    0xC0, 0x82, 0x8D, 0x1D, 0xAC, 0x64, 0xB7, 0x72, 0xFB, 0xD4, 0x8E, 0xD4, 0x80, 0x6B, 0x53, 0xD4,
    0x1C, 0xF7, 0xD9, 0x0F, 0x6F, 0x89, 0xA0, 0xFE, 0x12, 0x90, 0x1F, 0xF8, 0x9C, 0x89, 0x80, 0x68,
    0x8A, 0xC1, 0x14, 0xE7, 0x76, 0x82, 0x39, 0x36, 0x9B, 0xC0, 0xB9, 0x93, 0x1E, 0x84, 0x0E, 0x5B,
    0x38, 0xE7, 0xCA, 0x52, 0xF0, 0x07, 0x0B, 0x2E, 0x77, 0x1B, 0x88, 0x4E, 0x49, 0x75, 0x57, 0xFA,
    0xF8, 0x78, 0x67, 0xCF, 0x79, 0x87, 0xCD, 0xB9, 0x1F, 0x13, 0x93, 0xD4, 0x95, 0x1E, 0xEF, 0xCF,
    0x4A, 0xA2, 0x35, 0xAD, 0xEF, 0x03, 0xB2, 0x57, 0x5C, 0x3E, 0xE7, 0xFE, 0x3A, 0xB5, 0x3A, 0x32,
    0xDB, 0xC6, 0x98, 0x6B, 0xEF, 0xD5, 0xD0, 0x27, 0x6E, 0xC0, 0x16, 0x71, 0x81, 0x41, 0xD2, 0x86,
    0xC6, 0x67, 0xC1, 0x7E, 0xC1, 0xFF, 0x80, 0x29, 0xC9, 0x7E, 0x16, 0xDE, 0x67, 0xDC, 0xF0, 0x8F,
    0x73, 0xBB, 0x7A, 0xFA, 0x5B, 0x72, 0x6E, 0x71, 0xEF, 0x59, 0xE7, 0x99, 0xFC, 0x02, 0xFB, 0x3D,
    0x8E, 0xCD, 0x37, 0xFC, 0x67, 0x6B, 0x92, 0xAC, 0xB8, 0x37, 0x07, 0xC7, 0xA2, 0x01, 0x58, 0xE0,
    0x2A, 0xD6, 0x24, 0x1C, 0x10, 0x2A, 0x38, 0x37, 0x01, 0x09, 0x0A, 0x36, 0xE5, 0x86, 0x47, 0xDC,
    0xDF, 0x25, 0xF1, 0x0E, 0x78, 0x52, 0xD1, 0xFB, 0x19, 0x9B, 0x82, 0xD0, 0x62, 0x84, 0x18, 0x15,
    0xC6, 0x84, 0xB5, 0xD9, 0xC9, 0xF5, 0x6D, 0x3B, 0x4C, 0xC0, 0x16, 0xDF, 0x0C, 0xF3, 0xAB, 0x45,
    0x02, 0xE4, 0xB5, 0x06, 0x62, 0xA1, 0x07, 0x4A, 0x28, 0x9E, 0x9D, 0x26, 0x10, 0x02, 0x5E, 0x63,
    0xFC, 0xD7, 0xC1, 0x25, 0xE8, 0xA0, 0x8D, 0xA0, 0x8C, 0xCA, 0x9D, 0x06, 0xFF, 0xC0, 0x2D, 0x7B,
    0x52, 0xC6, 0x54, 0x3D, 0x21, 0x8B, 0xAA, 0xD5, 0x52, 0x8E, 0xC5, 0x78, 0xCF, 0x79, 0xED, 0xF7,
    0xB9, 0xF5, 0x6B, 0xAC, 0x74, 0x68, 0x55, 0xF7, 0x49, 0x5B, 0xB9, 0x88, 0x88, 0xD5, 0xF4, 0x28,
    0x64, 0x83, 0xB7, 0x30, 0xD7, 0xE6, 0xDB, 0x7F, 0xDB, 0x13, 0x43, 0x3C, 0xBF, 0xBD, 0x60, 0x37,
    0x45, 0xFA, 0xE7, 0xD3, 0x32, 0x82, 0xDB, 0x76, 0xF8, 0xE6, 0x11, 0xD6, 0xA2, 0x0A, 0x99, 0xDC,
    0xD3, 0xEF, 0xD7, 0x1B, 0xCF, 0xC2, 0xED, 0x84, 0x67, 0x42, 0x71, 0x15, 0x92, 0xD5, 0x23, 0xCB,
    0x84, 0x64, 0x4E, 0x84, 0xB2, 0x42, 0x2E, 0xBB, 0x8D, 0x74, 0xEF, 0x46, 0xAC, 0xBC, 0x5C, 0xAB,
    0x36, 0x76, 0x73, 0x15, 0xB8, 0x34, 0xA5, 0x96, 0x62, 0x87, 0x5A, 0xA2, 0xF9, 0xB5, 0xA4, 0xD7,
    0xD7, 0x92, 0x5D, 0x5F, 0x5B, 0x6C, 0xC0, 0x6A, 0x89, 0xC7, 0xD7, 0xE2, 0x79, 0xAE, 0xC5, 0x5B,
    0x59, 0xD3, 0x02, 0x59, 0x33, 0x78, 0xC3, 0xB6, 0x75, 0xCD, 0xAA, 0x0F, 0x20, 0xEB, 0x00, 0x92,
    0x1E, 0x20, 0xB2, 0x00, 0xA8, 0xAF, 0xE1, 0x1B, 0x00, 0x7C, 0xFB, 0x1A, 0x31, 0x5F, 0xFB, 0x1D,
    0x40, 0x21, 0x11, 0xE0, 0x44, 0x40, 0x2C, 0x20, 0x12, 0x10, 0x0A, 0x08, 0x04, 0x78, 0x1A, 0x2B,
    0x56, 0x90, 0xC1, 0xA6, 0x4B, 0x30, 0x96, 0x5C, 0x55, 0x5B, 0x88, 0x94, 0xFF, 0xDE, 0xE5, 0xF7,
    0x6F, 0x79, 0x03, 0xBD, 0x13, 0xC4, 0x60, 0x2B, 0xFB, 0x47, 0xCE, 0x80, 0xE2, 0xA5, 0x10, 0x19,
    0x79, 0x96, 0x6D, 0x46, 0xC9, 0xBD, 0xEF, 0xA4, 0x89, 0xAD, 0xA0, 0x72, 0xCD, 0x86, 0x90, 0x00,
    0xA1, 0x94, 0xC0, 0xF5, 0x06, 0x81, 0xE7, 0x29, 0x9B, 0x5E, 0x8F, 0xB2, 0x91, 0xFD, 0xE7, 0xDB,
    0xA0, 0xAC, 0x3F, 0x47, 0xD9, 0x19, 0x03, 0xCD, 0x9C, 0x6B, 0xA0, 0x01, 0x1C, 0xC8, 0x2D, 0xC1,
    0xD4, 0x40, 0xBB, 0x33, 0xCA, 0x6F, 0xDB, 0x57, 0xE1, 0xEC, 0x9A, 0x57, 0x6A, 0x08, 0x02, 0x08,
    0x23, 0xA4, 0x7F, 0x78, 0x02, 0x51, 0x09, 0x89, 0xA8, 0x9C, 0x2F, 0x6B, 0x7F, 0xBF, 0x96, 0x10,
    0x7A, 0xA3, 0x09, 0x14, 0x66, 0x48, 0x8E, 0x30, 0xE6, 0x1F, 0x3E, 0xC8, 0x99, 0x44, 0xBB, 0x9D,
    0xC3, 0x13, 0xCF, 0x56, 0x05, 0xED, 0x73, 0xDF, 0x42, 0xE1, 0x20, 0x2B, 0xB2, 0x75, 0x89, 0x1D,
    0x87, 0xE6, 0x5E, 0x66, 0x52, 0xB9, 0x55, 0xA4, 0x73, 0x15, 0xF8, 0x24, 0x25, 0x18, 0xAF, 0xB1,
    0x3B, 0x2A, 0x63, 0x9B, 0x61, 0x0D, 0x88, 0xD5, 0x34, 0x8A, 0x35, 0x79, 0x13, 0xBE, 0x02, 0x08,
    0x44, 0x19, 0x09, 0xCC, 0x15, 0xA6, 0xA1, 0x0A, 0xCA, 0x3B, 0x84, 0x1F, 0x88, 0x0E, 0x76, 0x9B,
    0xF3, 0x48, 0x7D, 0x10, 0xF0, 0x2C, 0x84, 0xC2, 0xBD, 0x11, 0x88, 0xB7, 0x41, 0x33, 0x81, 0x67,
    0xA4, 0x67, 0xED, 0xA4, 0x27, 0xBB, 0x3D, 0x6D, 0x10, 0x6B, 0x59, 0x9E, 0x54, 0x13, 0x6A, 0xB3,
    0xD6, 0xDC, 0x88, 0xC4, 0x1E, 0x8F, 0xC5, 0xA5, 0xFB, 0xE0, 0x9E, 0x02, 0x0F, 0x8D, 0xCE, 0xBA,
    0x62, 0x29, 0xAD, 0xF1, 0x50, 0x3B, 0x81, 0xD5, 0x3F, 0x07, 0x47, 0x2B, 0xAD, 0x5C, 0x6A, 0xA0,
    0x43, 0x7C, 0x8C, 0x2A, 0x1D, 0x8A, 0x48, 0x79, 0x97, 0x8F, 0xF4, 0x37, 0x2D, 0x31, 0x45, 0x12,
    0xB9, 0x96, 0x2C, 0x82, 0x4C, 0xD1, 0x00, 0xF3, 0x2D, 0x98, 0x0E, 0xF7, 0xE9, 0x73, 0xAE, 0x1F,
    0xE7, 0x42, 0x48, 0x86, 0xD2, 0x46, 0x79, 0xAF, 0xC3, 0xC3, 0xE1, 0xE5, 0xF0, 0x1C, 0xF0, 0x76,
    0xE3, 0x70, 0xE3, 0x72, 0xE3, 0xBC, 0x6A, 0x71, 0xAA, 0xA4, 0xEA, 0x0D, 0xA5, 0x93, 0x6B, 0x4D,
    0xE7, 0x43, 0x70, 0xB5, 0x94, 0xDA, 0xBC, 0x42, 0xE4, 0xFA, 0x72, 0x69, 0xCC, 0x9C, 0x3A, 0x65,
    0xA5, 0x50, 0x90, 0xD3, 0x0B, 0xB7, 0x93, 0x03, 0x9B, 0x21, 0x39, 0x10, 0x6F, 0xF7, 0x4F, 0xB4,
    0x38, 0x95, 0x28, 0x20, 0x4E, 0x31, 0x29, 0x4E, 0xF5, 0xEC, 0x58, 0xA8, 0xA8, 0x21, 0xE8, 0xF9,
    0xE2, 0xD4, 0x3F, 0x33, 0xEE, 0xDA, 0x74, 0x89, 0x84, 0x63, 0x4E, 0xCC, 0x2D, 0x5C, 0xAD, 0xD2,
    0xE0, 0x2F, 0xF4, 0xEC, 0xEA, 0x3D, 0xE4, 0x31, 0xEF, 0x23, 0x13, 0xE1, 0x5D, 0x0A, 0xA6, 0x6A,
    0xF6, 0x13, 0x75, 0x10, 0x4A, 0x3D, 0xE4, 0x5A, 0xEA, 0x1E, 0x6D, 0x93, 0xB4, 0x52, 0xCD, 0xF3,
    0xE4, 0xF8, 0xCF, 0x98, 0xC7, 0x26, 0x4E, 0xD9, 0x78, 0x2B, 0x4A, 0x9A, 0x11, 0x1E, 0x1C, 0xBB,
    0x0B, 0x5A, 0x03, 0x2A, 0x25, 0x57, 0xD2, 0x72, 0x3A, 0xDC, 0x93, 0xE3, 0x1D, 0x47, 0xEF, 0xFB,
    0xC0, 0x69, 0x6F, 0x64, 0x5C, 0xC1, 0xEE, 0xC7, 0xA1, 0xF6, 0x56, 0xCB, 0x6A, 0x92, 0xF1, 0x72,
    0xD8, 0xB8, 0x36, 0x42, 0x20, 0x0D, 0x7B, 0xAF, 0xB4, 0x70, 0xBB, 0x89, 0x94, 0x8C, 0x92, 0x6C,
    0xEC, 0x32, 0x62, 0xC0, 0x44, 0x31, 0x66, 0x91, 0xAD, 0x2B, 0x97, 0xC2, 0x92, 0xF1, 0x72, 0x29,
    0x49, 0xB3, 0xAD, 0x56, 0x83, 0x5D, 0xE6, 0x72, 0xF2, 0xD8, 0xD8, 0xD9, 0xE4, 0x15, 0x22, 0x3D,
    0xDB, 0xE8, 0x4C, 0x90, 0x9C, 0xA0, 0x3E, 0x19, 0xD0, 0x64, 0x98, 0xD3, 0xC1, 0x4F, 0x48, 0x32,
    0x21, 0xD4, 0x94, 0x7C, 0xEC, 0xF1, 0x86, 0x38, 0x30, 0x7D, 0x63, 0xE7, 0xDD, 0xFD, 0x4F, 0xA8,
    0xC5, 0x85, 0x3E, 0xEC, 0x5E, 0x28, 0xAB, 0x2F, 0x2F, 0xC5, 0x2F, 0xAD, 0x94, 0xE9, 0x11, 0xE3,
    0xB9, 0x8C, 0x9E, 0x73, 0x92, 0x39, 0x42, 0x57, 0x0A, 0x3F, 0x8D, 0xB8, 0x17, 0xA4, 0x0A, 0xBB,
    0x9A, 0xB9, 0xAA, 0x27, 0x57, 0x9D, 0x26, 0xBF, 0x18, 0x29, 0x4D, 0x51, 0x1A, 0x44, 0xF4, 0xFB,
    0x23, 0x23, 0xF2, 0x44, 0xDF, 0x37, 0x03, 0x06, 0xBD, 0x3E, 0xE8, 0x24, 0xE3, 0xD5, 0x98, 0x08,
    0xAE, 0x4E, 0x7C, 0x1E, 0x9B, 0x8E, 0x2F, 0x31, 0x1B, 0x09, 0x44, 0xA5, 0xD0, 0x2F, 0x9F, 0x56,
    0x40, 0x8B, 0x22, 0x7B, 0x92, 0xCF, 0x65, 0xEC, 0xF7, 0xE2, 0xDC, 0x15, 0x77, 0xBB, 0x95, 0x1D,
    0xB8, 0x94, 0x2D, 0x0C, 0x15, 0x64, 0x47, 0xEA, 0x9E, 0x11, 0xE7, 0x28, 0x32, 0x2E, 0x76, 0x80,
    0xFC, 0xEF, 0x48, 0x93, 0x10, 0x1C, 0xAF, 0x2A, 0x63, 0x87, 0x9C, 0x6B, 0xF5, 0xBF, 0x8A, 0x13,
    0x1E, 0xB6, 0x12, 0x3B, 0x0D, 0x57, 0xF0, 0x9D, 0x38, 0x67, 0x7A, 0xAF, 0xCE, 0xF4, 0x74, 0xC3,
    0x99, 0x8E, 0x00, 0x97, 0x38, 0x68, 0x8D, 0x7A, 0x68, 0xC5, 0x05, 0xAC, 0x92, 0x14, 0x33, 0x61,
    0x4B, 0x6C, 0x6D, 0x16, 0x30, 0xDE, 0x39, 0x29, 0x68, 0xA0, 0x8F, 0x26, 0x3F, 0xE5, 0xA4, 0xE7,
    0x4B, 0xFB, 0x5F, 0xC4, 0xB4, 0xD7, 0x88, 0x93, 0xE9, 0xF7, 0x2C, 0xB7, 0x56, 0x9D, 0x52, 0xDD,
    0x15, 0x1D, 0x59, 0xF7, 0x45, 0xBB, 0x58, 0x68, 0x17, 0x6D, 0xD0, 0xCE, 0x53, 0xDA, 0x15, 0x42,
    0xBB, 0xE4, 0x12, 0xB4, 0xCB, 0x76, 0x4D, 0xBC, 0x1B, 0xEE, 0x73, 0xCD, 0x61, 0x60, 0x3F, 0x26,
    0x83, 0xFB, 0x53, 0xFA, 0x7E, 0x6D, 0x59, 0x86, 0xF5, 0xFB, 0x32, 0x18, 0x26, 0x0D, 0x8C, 0xFC,
    0x4B, 0x7F, 0x87, 0xCF, 0xCF, 0x34, 0xE3, 0x13, 0xF5, 0x64, 0xFA, 0x2D, 0x6A, 0xF3, 0x37, 0xEC,
    0x9D, 0xA7, 0x91, 0xB3, 0x17, 0x15, 0x9B, 0x38, 0x24, 0xF3, 0xA3, 0xCA, 0x3D, 0x39, 0xD3, 0x75,
    0x51, 0x8B, 0x06, 0x25, 0x5B, 0x40, 0xF3, 0x43, 0x1E, 0x99, 0x0F, 0x72, 0x2E, 0x20, 0x05, 0x8C,
    0xD3, 0xC1, 0xD2, 0x00, 0xBB, 0xF8, 0x42, 0x32, 0x82, 0x39, 0x49, 0xBA, 0x9F, 0xF2, 0xC9, 0x7D,
    0xFE, 0x91, 0x8B, 0xED, 0x69, 0x75, 0xED, 0x63, 0x5E, 0x62, 0x13, 0xC9, 0x7E, 0x1C, 0x9A, 0x13,
    0x39, 0x58, 0x26, 0x12, 0x9B, 0xA8, 0xD4, 0x0C, 0xB1, 0xAB, 0x37, 0xAC, 0x90, 0x84, 0x95, 0xF1,
    0x6A, 0x7A, 0xFA, 0x84, 0x93, 0xA1, 0x6A, 0x72, 0x20, 0xC0, 0xA3, 0x0D, 0x14, 0xE5, 0x9C, 0x86,
    0xC5, 0x58, 0x29, 0x29, 0x47, 0xBF, 0x68, 0x45, 0x35, 0x74, 0xF6, 0xD9, 0x0B, 0xEC, 0x94, 0x52,
    0x4D, 0x51, 0xE2, 0xAA, 0x7A, 0x06, 0xDF, 0x77, 0x05, 0x20, 0x04, 0x6A, 0x35, 0xE5, 0x9F, 0xEB,
    0xB2, 0x24, 0x41, 0x62, 0xEE, 0x2C, 0x18, 0x97, 0x0D, 0x26, 0x7B, 0xA8, 0xA1, 0xBF, 0x23, 0xDD,
    0xFE, 0x1C, 0xA9, 0x2D, 0xC1, 0xD1, 0xBD, 0x8F, 0xF8, 0xD9, 0xDC, 0x43, 0xA1, 0x38, 0x8E, 0xA4,
    0xE0, 0x80, 0x0A, 0x42, 0xAE, 0x5C, 0xBA, 0xFF, 0x0B, 0x97, 0x26, 0xD6, 0xCA, 0x99, 0x17, 0xB5,
    0xD4, 0x4C, 0xA7, 0x40, 0x1E, 0xA3, 0xFD, 0x4B, 0xF5, 0x41, 0x8A, 0xBA, 0xD6, 0xC2, 0xD6, 0x1C,
    0xA3, 0x4B, 0x91, 0xC3, 0x37, 0xD6, 0x59, 0xEC, 0x28, 0x6A, 0xEF, 0xF4, 0x58, 0x8E, 0x82, 0x11,
    0x8C, 0x6B, 0xA0, 0x8F, 0xFD, 0x21, 0xEA, 0xC9, 0x5F, 0x16, 0x38, 0x84, 0x23, 0xCA, 0x75, 0xC8,
    0x89, 0xFD, 0x1F, 0x59, 0x8B, 0xFB, 0x14, 0x74, 0x6A, 0x65, 0x80, 0x44, 0xCE, 0x42, 0x42, 0xFE,
    0x1C, 0x09, 0xFD, 0x11, 0xEF, 0xC0, 0x8F, 0x10, 0x3D, 0xCE, 0xD4, 0xA0, 0x91, 0xAA, 0x0D, 0xEE,
    0xD3, 0x97, 0xA7, 0x62, 0xB9, 0x5D, 0x14, 0xA9, 0xCB, 0xC4, 0x5C, 0xAB, 0x45, 0x82, 0x03, 0x37,
    0x24, 0xB2, 0x4C, 0xA2, 0xD3, 0x4A, 0x26, 0x66, 0xBF, 0x9B, 0x89, 0xF9, 0xE1, 0xF1, 0x30, 0xCE,
    0x07, 0xE9, 0x95, 0x23, 0x63, 0x64, 0xC3, 0x90, 0xFD, 0x09, 0x19, 0xC2, 0xEC, 0x44, 0xF2, 0x4F,
    0x53, 0x56, 0x45, 0xEF, 0x1D, 0x0F, 0x07, 0x5E, 0xAC, 0x6E, 0xC2, 0x8B, 0x4A, 0x79, 0xA1, 0x36,
    0x32, 0x43, 0xCD, 0x38, 0x08, 0x94, 0x6E, 0xB7, 0xC0, 0x8B, 0xB5, 0xF0, 0xA2, 0xDB, 0xE0, 0x2F,
    0xBC, 0x94, 0x92, 0xAB, 0x71, 0x74, 0x86, 0xAE, 0x82, 0x6A, 0x33, 0xCB, 0x55, 0x84, 0x34, 0x02,
    0xF8, 0x8B, 0xB8, 0x99, 0x20, 0x1C, 0xF7, 0x17, 0xB0, 0x61, 0x3D, 0x61, 0x43, 0x3A, 0xB0, 0xE1,
    0xBF, 0x95, 0x0D, 0x92, 0x4E, 0xB1, 0xBA, 0x32, 0x1B, 0x02, 0xAB, 0x51, 0x1D, 0xBE, 0xDD, 0xFB,
    0x02, 0x6C, 0xF8, 0xA5, 0x99, 0x9C, 0x62, 0x83, 0xF5, 0x34, 0x40, 0xB9, 0xD2, 0x4F, 0xBB, 0xA1,
    0xA0, 0x2C, 0x50, 0xAE, 0x61, 0x2A, 0x25, 0x5D, 0x24, 0x07, 0x6A, 0x40, 0x71, 0x7A, 0xE2, 0x61,
    0x72, 0xEB, 0xB7, 0xAE, 0xCB, 0xDE, 0xF1, 0x87, 0xAC, 0x38, 0x65, 0x42, 0x79, 0xB6, 0xE6, 0x34,
    0x34, 0x59, 0xD9, 0x65, 0x61, 0xD7, 0x75, 0x5D, 0x96, 0xF5, 0x9D, 0x55, 0xFD, 0x3D, 0x98, 0x74,
    0xF6, 0x12, 0x1F, 0x57, 0xF6, 0x76, 0xBF, 0x6D, 0x28, 0x05, 0x74, 0xE9, 0xE4, 0x77, 0x3D, 0xE7,
    0x8A, 0xDB, 0x4F, 0x0A, 0x84, 0x10, 0x86, 0xB2, 0x22, 0xEF, 0xF4, 0x19, 0xF2, 0xD1, 0xB6, 0xBF,
    0x73, 0x89, 0x7B, 0x73, 0xF7, 0xED, 0x7E, 0x21, 0x01, 0x8D, 0x27, 0x06, 0x53, 0x03, 0xDB, 0xE5,
    0x88, 0x0F, 0x08, 0x20, 0x8E, 0x07, 0xB5, 0x1C, 0x7A, 0xB0, 0x60, 0xF6, 0xD3, 0xE4, 0xFE, 0x41,
    0xCC, 0x87, 0x80, 0x54, 0x98, 0xD3, 0x32, 0x47, 0x68, 0x27, 0x0F, 0x09, 0xCB, 0x24, 0xC8, 0x59,
    0xCA, 0xB9, 0x64, 0x3C, 0x1E, 0xC9, 0xA6, 0xCB, 0x67, 0x0A, 0x33, 0x1F, 0x04, 0x57, 0xCC, 0xDF,
    0xBA, 0xA3, 0x9C, 0xC4, 0x68, 0x10, 0xD7, 0x14, 0x1F, 0x7E, 0xB1, 0x96, 0x13, 0x30, 0x7C, 0xFB,
    0xBA, 0x95, 0xF3, 0x14, 0xC6, 0x66, 0x2B, 0xD3, 0x6F, 0x6C, 0xB6, 0xEE, 0xBB, 0xA8, 0x69, 0x41,
    0x4C, 0x9C, 0x3D, 0xD6, 0x68, 0x04, 0x19, 0x26, 0xE5, 0xD1, 0x74, 0x33, 0x7E, 0x53, 0x12, 0x26,
    0xEE, 0x5C, 0x89, 0xD9, 0xF6, 0xC6, 0x24, 0xBC, 0x8E, 0xA0, 0x9E, 0x2F, 0xC4, 0x7B, 0x04, 0x75,
    0x61, 0xF3, 0x2F, 0xF4, 0xDC, 0x33, 0x56, 0x39, 0x6C, 0x7E, 0x7F, 0x5C, 0xD4, 0x73, 0x75, 0xF2,
    0xA2, 0x21, 0xEE, 0xB2, 0x05, 0x39, 0x0B, 0x1C, 0x2B, 0xC2, 0xD9, 0x75, 0xD9, 0x1A, 0x87, 0xF4,
    0x75, 0x31, 0xAF, 0x02, 0xED, 0x50, 0xB3, 0xE3, 0x4E, 0x69, 0x81, 0xB6, 0x67, 0xE5, 0x7B, 0xF8,
    0x1C, 0x79, 0x31, 0x3E, 0x2F, 0x12, 0x71, 0xC5, 0x77, 0x54, 0x61, 0xCF, 0x81, 0xFB, 0x66, 0xB1,
    0x9E, 0xF5, 0x82, 0x63, 0x2D, 0xB9, 0x51, 0xD3, 0xD1, 0xBC, 0x45, 0xF9, 0x02, 0x1F, 0xF0, 0xD3,
    0xF3, 0x5A, 0xD0, 0xA3, 0xFA, 0x8B, 0x30, 0x8A, 0xFB, 0x85, 0xED, 0x68, 0xB7, 0xF7, 0x38, 0x15,
    0x2D, 0xDD, 0xCC, 0xB5, 0x0F, 0x9D, 0xDA, 0xAE, 0x10, 0x6A, 0xDA, 0xDC, 0x17, 0xA1, 0x51, 0x79,
    0xF6, 0x38, 0xF7, 0xC9, 0x94, 0x4D, 0x6A, 0x4E, 0xB3, 0x48, 0x56, 0xAC, 0x65, 0x05, 0xDD, 0x08,
    0x8B, 0xB5, 0x2F, 0x2B, 0xDD, 0xD3, 0x37, 0x0F, 0x99, 0xE8, 0x24, 0xCC, 0x1C, 0x51, 0xFC, 0x09,
    0x57, 0x1B, 0x09, 0xD1, 0x11, 0x24, 0x5B, 0x6D, 0x97, 0x0F, 0xDF, 0xB1, 0x88, 0x4B, 0xD2, 0xA7,
    0xA7, 0x47, 0xB6, 0xEA, 0x91, 0x21, 0x6C, 0x83, 0xB5, 0x31, 0x96, 0x41, 0xB6, 0x72, 0xE5, 0x5A,
    0x7E, 0x97, 0x7B, 0xDC, 0xA1, 0x05, 0xED, 0x03, 0x9D, 0x00, 0x7E, 0x0F, 0x6B, 0x13, 0x47, 0x86,
    0x36, 0x2E, 0x31, 0xEA, 0x53, 0x76, 0x8A, 0xB0, 0x91, 0x8C, 0xAB, 0x42, 0xDC, 0x1D, 0x8D, 0xDE,
    0xE7, 0xF7, 0x77, 0xCA, 0x9F, 0x76, 0xE0, 0x4F, 0x58, 0x2D, 0xF8, 0x30, 0x91, 0x26, 0x62, 0x43,
    0x91, 0xE3, 0x2D, 0x1E, 0x2D, 0x15, 0x1C, 0xBE, 0xFE, 0x92, 0x4D, 0xCD, 0x9E, 0x77, 0xF6, 0x87,
    0xCF, 0x1F, 0x9D, 0x3C, 0x64, 0x75, 0x64, 0x3A, 0x76, 0xBD, 0x05, 0x3D, 0xA7, 0xFD, 0x73, 0x82,
    0x48, 0x6E, 0x96, 0x3D, 0xE7, 0xBE, 0x66, 0x6D, 0xC2, 0x5E, 0x32, 0xDE, 0xEC, 0x7A, 0xA7, 0xE6,
    0x34, 0xDD, 0xA7, 0xA2, 0x6E, 0xAF, 0x65, 0xAE, 0x18, 0x2D, 0x6C, 0x63, 0xBE, 0x60, 0x9F, 0xD0,
    0x6B, 0x69, 0x30, 0x58, 0x63, 0x64, 0xEE, 0x08, 0x73, 0xEE, 0x99, 0xCE, 0x9A, 0x14, 0x5D, 0x2D,
    0x98, 0xCE, 0xEE, 0x14, 0xB9, 0x29, 0x9D, 0x71, 0xCC, 0x16, 0x76, 0x58, 0xC5, 0xEE, 0x49, 0x29,
    0xF9, 0x78, 0x0C, 0x9C, 0xB4, 0xC3, 0x3E, 0xED, 0x5D, 0x09, 0x76, 0xC2, 0x8A, 0x27, 0x66, 0xC1,
    0x2E, 0x5A, 0x55, 0x7B, 0xD8, 0x58, 0x62, 0xE3, 0xA9, 0xE9, 0x30, 0xFD, 0x70, 0x62, 0x4D, 0x36,
    0xD4, 0x34, 0x0F, 0x11, 0xE4, 0x70, 0x08, 0x97, 0xBA, 0x23, 0x8C, 0x09, 0xF7, 0xD7, 0xAA, 0x3E,
    0x69, 0x44, 0xEA, 0xCC, 0x9D, 0xAF, 0xAA, 0x30, 0xAE, 0x6A, 0x3B, 0x40, 0xAC, 0x31, 0xCD, 0x24,
    0x4C, 0x12, 0x23, 0x20, 0xC8, 0x3D, 0x27, 0x1A, 0x8A, 0x81, 0x28, 0xC4, 0x12, 0x3A, 0x49, 0x38,
    0x2E, 0x83, 0x83, 0x93, 0xB3, 0x0E, 0x7B, 0x4B, 0x29, 0x74, 0x43, 0x89, 0x5E, 0x2F, 0x65, 0xDE,
    0x25, 0xAE, 0x10, 0xB5, 0x49, 0xDE, 0x5A, 0x23, 0x51, 0x9B, 0xEC, 0xB5, 0xF5, 0x70, 0x55, 0x15,
    0xAF, 0x49, 0xE7, 0xD7, 0x38, 0xAC, 0xE7, 0x1B, 0x4E, 0x25, 0xC3, 0xFC, 0xFD, 0x8D, 0xFD, 0x4A,
    0x1C, 0xCD, 0xF6, 0xD7, 0x7A, 0xF5, 0xCA, 0x96, 0xF6, 0xDF, 0x71, 0xF5, 0x27, 0x1A, 0xC7, 0xEF,
    0x78, 0x4C, 0xC5, 0x5B, 0xBA, 0xFA, 0x56, 0xD2, 0x2B, 0x6C, 0x2A, 0x71, 0xF5, 0x44, 0x92, 0x37,
    0xF4, 0x2A, 0xD1, 0x84, 0x9B, 0x5E, 0x0F, 0xE2, 0x5E, 0xDA, 0xB5, 0xC6, 0xDD, 0x23, 0xC4, 0x35,
    0xDD, 0x95, 0x1C, 0x00, 0x1D, 0x6A, 0x8C, 0x53, 0x92, 0x3E, 0x23, 0xF5, 0x2D, 0x71, 0xA5, 0x79,
    0xB3, 0xE1, 0xAF, 0xCE, 0x6A, 0x33, 0xF5, 0x66, 0x6B, 0x5E, 0x89, 0xF3, 0x75, 0xF3, 0x01, 0x2E,
    0xAB, 0x61, 0xB7, 0xBC, 0xF7, 0xC3, 0x29, 0x41, 0x64, 0xBE, 0x36, 0x45, 0xEB, 0xF1, 0x71, 0x68,
    0x4D, 0xD6, 0xF9, 0xC8, 0x9D, 0x49, 0xA4, 0xBC, 0xAC, 0x4A, 0xD6, 0x01, 0x17, 0xB8, 0x97, 0x71,
    0x4F, 0x30, 0xE4, 0x0A, 0xC0, 0x85, 0x5D, 0x47, 0x1C, 0xB0, 0x0C, 0x7B, 0x9E, 0xFC, 0x91, 0xFD,
    0xBB, 0x37, 0x36, 0xE2, 0x14, 0x9E, 0xCF, 0x56, 0x76, 0xC9, 0x67, 0x50, 0x7E, 0xDD, 0xF0, 0xF4,
    0x0B, 0xEC, 0xEF, 0x1B, 0x9B, 0x31, 0x13, 0xBF, 0x6D, 0x0A, 0x1C, 0x82, 0x44, 0xF8, 0x58, 0x94,
    0xC3, 0x57, 0x89, 0xB8, 0xBC, 0x4B, 0xD5, 0xE9, 0x02, 0x0B, 0x2E, 0x01, 0xC7, 0x8E, 0x3F, 0x57,
    0x85, 0x2F, 0x7E, 0x66, 0xFA, 0x8F, 0xAB, 0xB6, 0x71, 0xEE, 0x9D, 0x95, 0xBA, 0x24, 0xC4, 0x89,
    0x63, 0x7F, 0xAB, 0xB1, 0x6F, 0x3D, 0xF9, 0x60, 0xFE, 0x93, 0x49, 0xF8, 0x16, 0xDB, 0x58, 0x09,
    0x22, 0xD7, 0x48, 0xEA, 0x0A, 0xA5, 0x76, 0x19, 0xD7, 0xFC, 0x5E, 0x0F, 0xAE, 0x1F, 0x9C, 0xB8,
    0xEC, 0x4E, 0xB2, 0x4E, 0xAD, 0xAC, 0x42, 0x5F, 0x2A, 0x9F, 0xBE, 0x51, 0xA7, 0x8C, 0xCC, 0x58,
    0xDF, 0x25, 0x54, 0xD8, 0xC1, 0xCF, 0xB1, 0x99, 0x58, 0x11, 0x0D, 0xFC, 0x69, 0xA6, 0x55, 0x43,
    0xB7, 0x0E, 0x1F, 0x8D, 0x42, 0xE1, 0xAB, 0x1C, 0xD9, 0x41, 0x1C, 0x20, 0x0C, 0xBE, 0x9C, 0xEC,
    0xB3, 0x3B, 0xD7, 0x50, 0x43, 0x86, 0xD9, 0x55, 0x09, 0xD9, 0x97, 0xCC, 0x58, 0xE2, 0x31, 0xB1,
    0x42, 0x66, 0x0E, 0xCF, 0x95, 0x04, 0x51, 0xEB, 0x8C, 0x79, 0xD8, 0xB0, 0x62, 0xC0, 0xFA, 0x66,
    0x8A, 0x37, 0x08, 0xC3, 0xF4, 0x63, 0xCA, 0xC4, 0xD2, 0x25, 0x4E, 0xA4, 0x0E, 0x87, 0x40, 0x4F,
    0x47, 0xEA, 0xC6, 0x53, 0x84, 0xF4, 0xC4, 0x0A, 0xA9, 0xAF, 0x1B, 0xEC, 0x15, 0xD1, 0x73, 0x81,
    0x3E, 0xD4, 0x4D, 0xB8, 0x5E, 0x18, 0x3D, 0x0F, 0xF2, 0x4B, 0x50, 0x3B, 0x20, 0xAE, 0x57, 0x13,
    0xE8, 0x7E, 0x77, 0xF7, 0xED, 0x93, 0x76, 0xA9, 0xE2, 0x81, 0xCF, 0x89, 0xEB, 0x82, 0x62, 0xA4,
    0x9B, 0x75, 0x90, 0x80, 0x10, 0xDB, 0x36, 0x89, 0xAB, 0x48, 0x7A, 0x43, 0x89, 0x70, 0x0A, 0xA4,
    0x20, 0x53, 0x29, 0x48, 0x26, 0x52, 0xD0, 0x8C, 0xE7, 0xDA, 0x42, 0x1A, 0x5C, 0x7A, 0x8D, 0xBE,
    0xC9, 0x1D, 0x58, 0xEA, 0xCE, 0x72, 0x57, 0x6F, 0xA4, 0x72, 0x2B, 0x9C, 0x1E, 0xAA, 0x7D, 0x8B,
    0xD0, 0x44, 0xE5, 0x18, 0x3C, 0x28, 0x9A, 0xE1, 0xB0, 0x3C, 0x31, 0x5E, 0x71, 0x3A, 0x02, 0x1F,
    0xB0, 0x67, 0xB6, 0x2A, 0xB5, 0xA5, 0x86, 0xFA, 0x9C, 0x76, 0x70, 0xA8, 0x26, 0x76, 0xF0, 0xFD,
    0xF8, 0x7A, 0xB4, 0x6F, 0x3B, 0x9C, 0xB5, 0x94, 0x8D, 0x46, 0x67, 0xA0, 0x67, 0xC6, 0xB6, 0xC3,
    0xE0, 0x91, 0x5D, 0xE8, 0xE1, 0x9F, 0x0B, 0xED, 0x70, 0x35, 0xB8, 0x16, 0xED, 0x90, 0xFC, 0xB6,
    0xBF, 0xD5, 0x54, 0x56, 0xDF, 0xBA, 0x7C, 0xD6, 0xE5, 0x90, 0xB4, 0x80, 0x3E, 0x76, 0x2D, 0x8F,
    0xC4, 0x0D, 0x60, 0xBB, 0xD1, 0x97, 0x27, 0x92, 0x3E, 0x92, 0x0A, 0xB6, 0xC3, 0x4F, 0x30, 0xB3,
    0x17, 0xFC, 0xD3, 0xD2, 0xE2, 0x30, 0x1D, 0x4D, 0x32, 0xE9, 0xE6, 0x1A, 0x7A, 0x4E, 0x7C, 0xA3,
    0xED, 0x78, 0x72, 0x95, 0xE6, 0x33, 0xE0, 0x97, 0x68, 0x6E, 0xDB, 0x7F, 0x03, 0x9A, 0xAF, 0x27,
    0x34, 0xAF, 0xB7, 0x69, 0x3E, 0x92, 0x35, 0xC6, 0xBC, 0x28, 0xE0, 0x69, 0x06, 0x9F, 0x16, 0x33,
    0x1D, 0x5E, 0x86, 0xE6, 0xBD, 0xB3, 0x42, 0x10, 0x73, 0x5D, 0xC8, 0x34, 0xCD, 0xF7, 0x1C, 0xB3,
    0x73, 0x15, 0x9A, 0x03, 0xA1, 0xA5, 0x1C, 0xA0, 0x5A, 0x8A, 0x60, 0x4C, 0x7F, 0xCA, 0xCF, 0xA3,
    0xF9, 0xE9, 0xF1, 0xC1, 0xE8, 0xE8, 0xEB, 0x59, 0xCE, 0x83, 0xA9, 0xA3, 0x2F, 0x9E, 0x75, 0xF4,
    0x3D, 0x14, 0x39, 0x3F, 0xF8, 0x9C, 0xEC, 0x22, 0x4E, 0xD8, 0xAB, 0xD8, 0xB6, 0xD0, 0x95, 0x04,
    0xA9, 0x22, 0x1E, 0x08, 0xFF, 0x63, 0x73, 0x2F, 0x72, 0xEE, 0xAB, 0xAD, 0x92, 0xE0, 0x8C, 0x9B,
    0x0E, 0xC5, 0x98, 0x33, 0x89, 0x12, 0xC5, 0xCC, 0xF7, 0x26, 0xD5, 0xDF, 0xFF, 0x0F, 0xED, 0x5A,
    0x3F, 0x93, 0xDC, 0x58, 0x11, 0x7F, 0x33, 0x82, 0x9D, 0xC2, 0x2A, 0x10, 0x11, 0x05, 0xBB, 0x45,
    0x29, 0x21, 0x00, 0x27, 0xFA, 0x08, 0x52, 0xC1, 0x17, 0xB8, 0x6F, 0x40, 0x42, 0x40, 0x39, 0xC0,
    0x1F, 0x41, 0xE2, 0x08, 0x08, 0xD9, 0x00, 0x12, 0x22, 0x07, 0x1B, 0xD8, 0x7B, 0x81, 0xBF, 0x00,
    0x94, 0x74, 0xF0, 0x01, 0x6E, 0xEA, 0x08, 0x09, 0x4E, 0x1C, 0x10, 0x60, 0x82, 0x1B, 0xB8, 0x29,
    0x2C, 0xDB, 0x1A, 0x35, 0xDD, 0xBF, 0xEE, 0xF7, 0x67, 0x66, 0xD7, 0xE6, 0xE0, 0x7C, 0xA6, 0x28,
    0x6E, 0xAA, 0x46, 0xDD, 0x6F, 0x47, 0xD2, 0xEB, 0xD7, 0xDD, 0xAF, 0xFB, 0xD7, 0xFD, 0xD6, 0x39,
    0xF9, 0x5C, 0x5F, 0x81, 0x38, 0x9A, 0x40, 0x56, 0xB4, 0x07, 0xDD, 0xD0, 0xCE, 0xB9, 0x0B, 0xE2,
    0xCF, 0xCE, 0xAD, 0x85, 0xD0, 0xE0, 0x4A, 0x50, 0xE7, 0x7A, 0x21, 0x7B, 0xFB, 0x73, 0xC3, 0xB7,
    0x1E, 0xDC, 0x7D, 0xFE, 0xB9, 0xA0, 0x11, 0x8F, 0x55, 0xD4, 0xE1, 0x75, 0x35, 0xDF, 0xEA, 0xFA,
    0xD9, 0xB5, 0x07, 0xA6, 0xF5, 0x22, 0xAC, 0xE3, 0x1F, 0x1D, 0x09, 0x2D, 0x49, 0x67, 0x2C, 0xA8,
    0x31, 0xDA, 0xDD, 0xA0, 0x7A, 0x5F, 0x43, 0xFA, 0x5C, 0x83, 0xE7, 0xF9, 0xA5, 0xFC, 0x2A, 0xA5,
    0x3C, 0xB7, 0xE3, 0xB9, 0x4B, 0x9E, 0x7B, 0xCD, 0x37, 0x15, 0x2C, 0x93, 0x7C, 0x33, 0xA2, 0x6B,
    0x62, 0x59, 0x9C, 0x89, 0xCD, 0x37, 0x12, 0xC9, 0x33, 0x39, 0xC4, 0x76, 0x58, 0x40, 0x83, 0xC5,
    0xDE, 0x7B, 0x4B, 0x17, 0xEF, 0xD6, 0xD7, 0x72, 0xCD, 0x28, 0x5E, 0x73, 0x5C, 0x59, 0xDC, 0x33,
    0x7E, 0xEA, 0xE0, 0x5A, 0xBE, 0xCE, 0x19, 0xF4, 0x51, 0xC8, 0xB5, 0xAB, 0x70, 0xAD, 0x85, 0x19,
    0xFA, 0x03, 0x2F, 0x7C, 0x64, 0x11, 0x32, 0xDA, 0xB1, 0xF4, 0xEB, 0x5B, 0xAF, 0xF8, 0x95, 0xEF,
    0xCC, 0x68, 0x64, 0xE1, 0x0B, 0x1A, 0x6A, 0x7A, 0xD2, 0xD3, 0x80, 0xB7, 0x89, 0xCC, 0xB2, 0x4C,
    0xA8, 0x5B, 0xF4, 0x2C, 0xE2, 0xDD, 0xBB, 0x34, 0xE1, 0xDC, 0x75, 0x67, 0x36, 0x1A, 0xCC, 0x46,
    0x83, 0xD9, 0x68, 0x10, 0x5D, 0xB1, 0x24, 0x9D, 0x51, 0xA7, 0xF4, 0x60, 0x74, 0x34, 0xEA, 0xDE,
    0x3C, 0x9D, 0x61, 0x22, 0xD8, 0x5C, 0xEC, 0xD5, 0xCA, 0xF7, 0x20, 0x7F, 0x6B, 0x56, 0xF2, 0x5B,
    0x45, 0xCF, 0x1F, 0xCB, 0xBD, 0x85, 0x7A, 0x18, 0xD6, 0x8F, 0x55, 0xA9, 0x87, 0x41, 0x07, 0xEA,
    0x88, 0xE7, 0x57, 0xEE, 0x44, 0x0D, 0xB6, 0x7A, 0x25, 0x6B, 0x25, 0x17, 0x50, 0x41, 0xAD, 0x1A,
    0xA8, 0x55, 0x01, 0x35, 0xBF, 0xD8, 0xDC, 0x50, 0xC8, 0xF2, 0x29, 0xC8, 0xEC, 0x7A, 0x25, 0xE2,
    0x47, 0x44, 0xEF, 0x08, 0x69, 0xD5, 0xAB, 0xCC, 0xB9, 0x58, 0xDE, 0x6A, 0x11, 0x93, 0xCC, 0x85,
    0xB8, 0xDA, 0x79, 0xE3, 0x92, 0xCF, 0xF5, 0xE5, 0xD9, 0x75, 0x18, 0xD4, 0x53, 0x39, 0x87, 0x41,
    0xB1, 0xF4, 0xBB, 0x30, 0xC8, 0xC8, 0x96, 0x86, 0x8F, 0xCC, 0x18, 0x3E, 0xD5, 0x94, 0x0C, 0xD6,
    0x9D, 0x7B, 0xC5, 0x87, 0xE5, 0x79, 0xE6, 0x54, 0x2E, 0x9A, 0xE5, 0x32, 0xA6, 0x83, 0x25, 0x1D,
    0xF0, 0x74, 0xC9, 0x60, 0xE7, 0x07, 0x13, 0x6F, 0xE7, 0x59, 0x07, 0x7B, 0x38, 0xEF, 0x01, 0xA2,
    0xB2, 0x87, 0x4F, 0xB2, 0x6C, 0x2C, 0xC2, 0xBB, 0x9C, 0xCE, 0xE8, 0xD4, 0x96, 0x9D, 0xC3, 0x46,
    0xD4, 0xC1, 0x20, 0xDA, 0xD8, 0xC7, 0x41, 0x61, 0xEE, 0x98, 0xEB, 0x96, 0xEC, 0xE2, 0x80, 0xCC,
    0x71, 0x72, 0xDB, 0xC8, 0x61, 0x90, 0x8B, 0x0F, 0xF8, 0x17, 0x94, 0xD8, 0xD2, 0x36, 0xA8, 0xF1,
    0x9C, 0x4D, 0x0A, 0x8F, 0x31, 0x71, 0x32, 0x44, 0x0B, 0x13, 0x14, 0xCF, 0x3B, 0x5B, 0x82, 0x6C,
    0x07, 0x0C, 0x64, 0x71, 0x6D, 0xBA, 0x6C, 0x4A, 0x15, 0x42, 0xA9, 0xAA, 0x28, 0x55, 0x62, 0x18,
    0x3C, 0x73, 0x7E, 0x60, 0x2A, 0x67, 0xEB, 0xDE, 0x7B, 0xE0, 0x8D, 0x43, 0xBF, 0xE1, 0x6D, 0xA9,
    0x37, 0xF1, 0x34, 0x8B, 0xB3, 0xA7, 0x11, 0x9A, 0xEC, 0xB5, 0xF0, 0x5A, 0x1F, 0x9D, 0xDC, 0x8F,
    0xEC, 0x6D, 0xBB, 0x10, 0x88, 0xEF, 0xFB, 0x37, 0x47, 0xED, 0x87, 0x35, 0x05, 0xBE, 0x22, 0x98,
    0x68, 0x36, 0x2D, 0x24, 0xFC, 0x70, 0x2B, 0x9F, 0x1F, 0xF3, 0x10, 0x28, 0xB1, 0xC7, 0x36, 0x31,
    0x47, 0xE3, 0xD5, 0x9C, 0x59, 0x28, 0x29, 0x10, 0xDE, 0xF7, 0x41, 0xE3, 0x7C, 0xBB, 0x97, 0x61,
    0x25, 0xC1, 0xCA, 0x64, 0x93, 0x4C, 0xE0, 0x65, 0x2E, 0xCD, 0x76, 0xAA, 0xED, 0x6D, 0x58, 0xE3,
    0xA9, 0xAE, 0x53, 0x55, 0xA7, 0x9A, 0x4E, 0x15, 0x6D, 0xDA, 0x58, 0x5D, 0x77, 0x77, 0x1E, 0x7A,
    0x2F, 0xDF, 0xF5, 0x7B, 0x28, 0x12, 0x5E, 0x3B, 0x18, 0x9B, 0x6B, 0xF0, 0x58, 0x23, 0x69, 0xCD,
    0x9E, 0x75, 0xBA, 0xC7, 0xC0, 0x96, 0x5D, 0x60, 0xBD, 0xBD, 0x8C, 0x5D, 0x5D, 0x05, 0xB6, 0x65,
    0x1B, 0x6A, 0x98, 0xE7, 0x1C, 0xF7, 0xDC, 0xD8, 0x3C, 0x06, 0xFF, 0x32, 0xB2, 0x35, 0x3D, 0xEF,
    0x8D, 0x6D, 0xA9, 0x29, 0x34, 0x96, 0x1D, 0x10, 0xE6, 0x77, 0xAA, 0xE2, 0x59, 0xA7, 0x50, 0x0D,
    0xAF, 0x84, 0x55, 0x05, 0x0B, 0x6B, 0xFA, 0x15, 0xD6, 0xD4, 0x2B, 0xAC, 0xA8, 0x4B, 0x1F, 0x83,
    0x72, 0x39, 0x10, 0xF0, 0xCB, 0xA0, 0x5B, 0x9D, 0x02, 0xAA, 0xD5, 0x89, 0xEB, 0x20, 0xCE, 0xBE,
    0x0E, 0x42, 0x2A, 0xCB, 0xA2, 0x4F, 0x34, 0x81, 0x95, 0x37, 0xF6, 0xC6, 0xAE, 0x42, 0x3C, 0xB5,
    0x8C, 0x6F, 0x29, 0xEA, 0x7F, 0x9B, 0xFD, 0x7A, 0x60, 0xD7, 0x73, 0x60, 0xEB, 0xC5, 0x12, 0x32,
    0x72, 0x11, 0xE7, 0x5D, 0xB8, 0x5D, 0x25, 0x39, 0x77, 0x00, 0x5B, 0x88, 0x0E, 0x3B, 0x0A, 0x8A,
    0x53, 0x1F, 0xCD, 0x90, 0xF0, 0x15, 0xEB, 0xF4, 0x21, 0x3E, 0x48, 0x84, 0x0F, 0x71, 0x37, 0xA4,
    0xE6, 0x95, 0x02, 0x09, 0xF6, 0xFC, 0xAD, 0xC6, 0x73, 0x9B, 0xEF, 0x94, 0x6E, 0x74, 0x7F, 0xC9,
    0xFD, 0x5E, 0xF6, 0x57, 0xD2, 0x4C, 0x83, 0xED, 0x1B, 0xA1, 0xBA, 0xE6, 0x4F, 0x4C, 0x2D, 0x55,
    0x8D, 0xB6, 0xEE, 0x51, 0x61, 0x92, 0xAE, 0xDF, 0xB6, 0x62, 0x4A, 0x35, 0xE7, 0xD1, 0x9F, 0x90,
    0xD4, 0x65, 0xCB, 0x02, 0x0E, 0xF2, 0xAB, 0xA6, 0xE4, 0xD2, 0x1E, 0xF8, 0x52, 0x22, 0x1C, 0xB9,
    0x9B, 0x97, 0x7A, 0xF9, 0xF4, 0x97, 0x59, 0x2E, 0xBC, 0x33, 0xF4, 0xD2, 0xCA, 0xA5, 0x92, 0xCB,
    0x46, 0x2E, 0xEA, 0x2B, 0x8A, 0x52, 0x08, 0x31, 0x4C, 0xC1, 0x18, 0x2E, 0xB2, 0x61, 0x97, 0x86,
    0x10, 0x0D, 0x47, 0x00, 0xC3, 0x41, 0x56, 0x9B, 0x0C, 0x76, 0xE9, 0x60, 0x9F, 0x0E, 0xE6, 0x74,
    0x70, 0x48, 0x07, 0x74, 0x34, 0x68, 0xD2, 0xC1, 0x10, 0x07, 0x2F, 0x68, 0x8C, 0x83, 0x67, 0xB4,
    0x8B, 0x03, 0xDE, 0xDA, 0xC9, 0xA0, 0x9D, 0x93, 0x41, 0xBD, 0x24, 0x83, 0x92, 0x92, 0x41, 0x41,
    0x3F, 0x89, 0x83, 0x8C, 0x7E, 0x1B, 0x07, 0x6B, 0xFA, 0x63, 0x1C, 0x38, 0xFA, 0x38, 0x19, 0xF4,
    0x2C, 0xC4, 0x7A, 0x67, 0x03, 0x36, 0xE8, 0xD8, 0x0A, 0xCC, 0x96, 0x01, 0x5B, 0xFD, 0x0F, 0xC0,
    0xDD, 0x82, 0x05, 0x38, 0x04, 0x8E, 0x1C, 0xC7, 0x6B, 0x60, 0x01, 0xDE, 0x4D, 0x63, 0x4F, 0x4F,
    0x24, 0xFB, 0x4D, 0x02, 0x6B, 0x46, 0x64, 0x1E, 0x8D, 0x6F, 0x34, 0x16, 0xC0, 0xE1, 0x62, 0x5D,
    0x92, 0xF5, 0x21, 0x13, 0x20, 0x81, 0x8C, 0x48, 0x98, 0xE1, 0xB3, 0xBA, 0x8E, 0x28, 0x6A, 0x73,
    0xF0, 0x5C, 0x49, 0xFE, 0xAF, 0xB5, 0xA8, 0x6B, 0x50, 0x40, 0xED, 0x6D, 0x52, 0x07, 0x83, 0x48,
    0xE5, 0xA0, 0xD6, 0xD8, 0x1C, 0x5C, 0x34, 0x45, 0xB4, 0x43, 0x34, 0x42, 0xB4, 0x80, 0xA9, 0xBF,
    0x42, 0x28, 0x18, 0x8D, 0x7B, 0x0E, 0xC5, 0x0B, 0xA7, 0x5A, 0x07, 0xD7, 0xCF, 0x9E, 0x83, 0xBE,
    0xC1, 0x55, 0xE4, 0x39, 0x68, 0x1A, 0xDC, 0x46, 0xD4, 0x0C, 0x2E, 0x13, 0x1D, 0x83, 0x5B, 0x89,
    0x82, 0xC1, 0x39, 0x31, 0x71, 0x65, 0xA8, 0xD5, 0x73, 0x55, 0xE0, 0x8A, 0xC0, 0xE5, 0x81, 0xCB,
    0x02, 0xB7, 0x0E, 0x9C, 0x8B, 0x5C, 0x0B, 0xCE, 0xC3, 0xC6, 0xC0, 0xD5, 0x9E, 0xEB, 0x89, 0x22,
    0x50, 0x0C, 0xDC, 0x21, 0x70, 0xFB, 0xC0, 0xF9, 0x68, 0xD7, 0x6E, 0x8F, 0x2A, 0xC3, 0xCC, 0xD2,
    0xF1, 0x29, 0xF5, 0xBF, 0xFB, 0xFB, 0x6F, 0xFD, 0xAC, 0x1E, 0x6A, 0xF2, 0x46, 0x8A, 0x9B, 0xE8,
    0xEF, 0xEA, 0x08, 0x64, 0xDE, 0xA1, 0x50, 0x40, 0xE8, 0x13, 0x60, 0x4A, 0x22, 0xF5, 0x27, 0xA0,
    0x51, 0xA5, 0x66, 0x85, 0xCF, 0x96, 0x9E, 0x54, 0xC4, 0x93, 0x81, 0xF3, 0xBD, 0xD1, 0xDD, 0x09,
    0x1D, 0x94, 0x3E, 0x03, 0x10, 0xBC, 0xFB, 0x00, 0x83, 0x41, 0x03, 0x63, 0xFF, 0x54, 0xBD, 0xB5,
    0x34, 0x25, 0x6D, 0x02, 0xCA, 0x33, 0xA4, 0xFF, 0x8D, 0xDB, 0xF5, 0x94, 0x9B, 0x32, 0x0B, 0x13,
    0xC2, 0x3F, 0x5F, 0x99, 0xA5, 0x7C, 0x60, 0x6D, 0x8D, 0x92, 0x99, 0x8B, 0x3C, 0x16, 0x7A, 0x8A,
    0x80, 0x9C, 0xD9, 0xB6, 0xDE, 0xD0, 0xFB, 0x98, 0x38, 0xA7, 0x77, 0xF1, 0xE2, 0xA4, 0xBA, 0xF6,
    0x55, 0x75, 0x1B, 0xAA, 0x6A, 0x11, 0x5B, 0xE0, 0x72, 0x83, 0x8A, 0xA7, 0xE4, 0x17, 0xAF, 0x0C,
    0xAF, 0x69, 0xC5, 0xBF, 0xD5, 0x6A, 0x8D, 0x5F, 0xB8, 0x31, 0x0A, 0xF8, 0x03, 0x77, 0x1D, 0xF0,
    0x8C, 0x76, 0x00, 0x0E, 0xF6, 0xAE, 0x45, 0x61, 0x2B, 0x0F, 0x7A, 0x9D, 0xA3, 0xE1, 0x6A, 0xFB,
    0xEE, 0x95, 0x94, 0xB1, 0x00, 0x46, 0x4F, 0x15, 0x8C, 0x2E, 0x90, 0x17, 0xCB, 0xED, 0xE1, 0x41,
    0x77, 0x6E, 0x68, 0x05, 0x69, 0xB7, 0x12, 0x4C, 0xB4, 0xC6, 0xBC, 0x39, 0x66, 0x2D, 0xE9, 0xAF,
    0x3C, 0x67, 0x7E, 0x40, 0x0C, 0xFF, 0xB6, 0x79, 0x3A, 0x3C, 0xFF, 0x5C, 0xB4, 0x23, 0x85, 0xBA,
    0x4A, 0xAE, 0x0D, 0x0C, 0xBE, 0xE1, 0x92, 0x7F, 0xED, 0xCD, 0x97, 0xE0, 0x59, 0x5C, 0xDF, 0x11,
    0xEA, 0x3A, 0x83, 0x00, 0x5A, 0xFC, 0x34, 0x7C, 0xFF, 0x7B, 0xD4, 0x6D, 0x68, 0xC9, 0x79, 0x41,
    0xE7, 0x97, 0x5A, 0xCA, 0x49, 0xAB, 0xA0, 0xDD, 0x97, 0x07, 0x5F, 0xBC, 0x99, 0x03, 0x68, 0xB9,
    0xA6, 0x75, 0xDA, 0x69, 0x81, 0x66, 0xD5, 0xF9, 0x9B, 0xBC, 0xA2, 0xFE, 0xD6, 0xEA, 0x5B, 0x6B,
    0x6F, 0xAD, 0xBC, 0xB5, 0xEE, 0xD6, 0xAA, 0x3B, 0x8B, 0x20, 0x3C, 0xD4, 0xDB, 0x52, 0x6D, 0x33,
    0xC6, 0xBE, 0xBE, 0xDC, 0xD0, 0xF7, 0xE4, 0xB7, 0x8F, 0x50, 0x2F, 0x02, 0xF5, 0x6F, 0xC5, 0xAD,
    0xC4, 0x99, 0x7F, 0x70, 0xB3, 0xE4, 0x7C, 0x0D, 0xE9, 0xB9, 0x5F, 0x50, 0x5E, 0xA3, 0xB8, 0x46,
    0x69, 0x8D, 0xC2, 0x1A, 0x65, 0x35, 0x17, 0xD5, 0xE5, 0xE2, 0xEE, 0xCA, 0xDC, 0x2C, 0x9B, 0x54,
    0x5A, 0x39, 0xA1, 0xEE, 0x5F, 0xD1, 0x07, 0x56, 0x8D, 0x4E, 0x56, 0xA1, 0x2A, 0x28, 0xD4, 0x04,
    0xF1, 0xC3, 0xA3, 0xC0, 0xA3, 0xAD, 0x1E, 0xED, 0xFC, 0x58, 0x23, 0x48, 0x4B, 0x77, 0x75, 0xEE,
    0x4E, 0xBB, 0x46, 0x83, 0xC0, 0xF0, 0x52, 0x2C, 0xCF, 0x79, 0x65, 0x0F, 0x5F, 0x5A, 0x35, 0x0A,
    0x0E, 0xB4, 0x99, 0xE1, 0xB4, 0xB7, 0x91, 0x90, 0xC9, 0x93, 0x42, 0x8B, 0xAB, 0x94, 0xCC, 0x29,
    0xC1, 0xE3, 0xFD, 0x8C, 0x8D, 0xD6, 0xCF, 0x70, 0x53, 0x31, 0xC8, 0xC0, 0x12, 0xCC, 0x32, 0x6D,
    0x4E, 0xF3, 0x06, 0x42, 0xCC, 0x6B, 0xAB, 0x2E, 0x7B, 0x25, 0xE2, 0xB6, 0x3F, 0x9B, 0x45, 0xD0,
    0x29, 0xE7, 0x77, 0x7C, 0xF1, 0x51, 0x5C, 0x15, 0x6D, 0x6B, 0xB1, 0xF1, 0x5E, 0x8B, 0x0D, 0x2D,
    0xC0, 0x21, 0x2C, 0xAA, 0x23, 0xAB, 0x76, 0x92, 0xCF, 0xD9, 0x95, 0x6A, 0xA1, 0x83, 0xF9, 0xFF,
    0x66, 0x95, 0xCB, 0x4E, 0x0B, 0x1A, 0x34, 0xA4, 0x38, 0x34, 0x0B, 0x6A, 0xED, 0xB5, 0x99, 0xF5,
    0xB2, 0x96, 0x56, 0xF2, 0x6B, 0x2F, 0x75, 0x36, 0x3F, 0xBB, 0xBD, 0x4F, 0xBB, 0x2A, 0x16, 0x46,
    0xF2, 0xFE, 0x17, 0x00, 0xCF, 0xBF, 0x93, 0x9D, 0xBA, 0xA0, 0x1E, 0x72, 0xF1, 0xFA, 0x4D, 0xC1,
    0x8E, 0x67, 0xD2, 0x3E, 0xDB, 0xE2, 0xFE, 0x21, 0x53, 0x47, 0x04, 0xF8, 0x46, 0x0A, 0xE4, 0xE5,
    0xF5, 0xCF, 0xD4, 0x76, 0x8D, 0x4B, 0xDA, 0x76, 0xB9, 0xD5, 0xCA, 0xB5, 0xDE, 0xAA, 0x3B, 0xB6,
    0xB3, 0xB6, 0xDF, 0xD6, 0xDA, 0x80, 0xBB, 0xD0, 0x16, 0x34, 0x45, 0x3B, 0x0F, 0xF3, 0x7C, 0xC0,
    0x23, 0xDF, 0x8E, 0x3C, 0x6E, 0x43, 0xBE, 0xAC, 0x1D, 0xD9, 0x1C, 0x05, 0xCC, 0xEA, 0x34, 0x60,
    0x2E, 0xCE, 0x2C, 0x89, 0xB9, 0x73, 0x09, 0x48, 0x44, 0xBF, 0xE8, 0x01, 0x45, 0xAC, 0xAA, 0xED,
    0x55, 0x4E, 0x04, 0x24, 0x0D, 0x76, 0x96, 0x52, 0x2A, 0xC6, 0x97, 0x6A, 0x4D, 0x0F, 0xAA, 0xAD,
    0x39, 0x34, 0xFB, 0x26, 0x91, 0xD1, 0x93, 0x8C, 0xEB, 0xFA, 0x29, 0x86, 0x45, 0x6D, 0x1A, 0x86,
    0xB0, 0x7C, 0xD0, 0xA0, 0xEC, 0xB4, 0xC9, 0xA8, 0x0D, 0x47, 0xD8, 0xF4, 0x93, 0xB5, 0x29, 0xE7,
    0xB4, 0x4D, 0xF9, 0xE7, 0xD0, 0xA6, 0xD4, 0x37, 0xC7, 0x36, 0x65, 0xE7, 0xD3, 0xFE, 0x06, 0x96,
    0x51, 0x81, 0x55, 0x5C, 0x15, 0xD6, 0x44, 0xED, 0xA7, 0xCF, 0xFB, 0x52, 0x6F, 0xB2, 0x2F, 0xE5,
    0xFB, 0x4F, 0x06, 0x09, 0xCC, 0xAF, 0x5C, 0xE8, 0x3F, 0x79, 0xDE, 0xA3, 0x90, 0xCF, 0xFB, 0x4F,
    0xFF, 0xB2, 0xFF, 0x74, 0x5B, 0xCB, 0xE8, 0x3F, 0x64, 0xFF, 0xEF, 0x3A, 0x4D, 0xDA, 0xA1, 0xB1,
    0x98, 0xE5, 0x95, 0xD1, 0x59, 0xAC, 0x6B, 0x2C, 0xB6, 0x59, 0x9D, 0x62, 0x45, 0x44, 0x6F, 0x9E,
    0xD9, 0xFB, 0xDB, 0xF6, 0x47, 0x21, 0xB0, 0x32, 0x37, 0xAE, 0x3F, 0xB4, 0x06, 0xC3, 0x60, 0xF4,
    0x5D, 0xA5, 0xD5, 0x0B, 0x3A, 0xBA, 0xFF, 0x94, 0x96, 0xFE, 0xF9, 0xD0, 0xA0, 0x50, 0x39, 0xFA,
    0x63, 0x1C, 0xBD, 0x0A, 0x38, 0xFA, 0x63, 0x4B, 0x5C, 0x1F, 0x1A, 0x8E, 0xDE, 0x5A, 0x5A, 0x18,
    0xF0, 0x42, 0xF6, 0xC9, 0xFE, 0xA0, 0xA7, 0x54, 0x1E, 0xEB, 0x22, 0x2D, 0xB4, 0x84, 0x88, 0x22,
    0xC7, 0x06, 0xA5, 0xBA, 0x36, 0xF0, 0xF3, 0xDA, 0x52, 0x82, 0xC7, 0xD1, 0x4A, 0xF7, 0xC8, 0x6C,
    0x84, 0x14, 0x32, 0x18, 0xF6, 0x1E, 0x90, 0x5A, 0x70, 0xD2, 0xD5, 0xDA, 0x3B, 0x79, 0xD0, 0x13,
    0xE6, 0x12, 0x09, 0xBF, 0xA4, 0x6E, 0x04, 0x6D, 0x99, 0xA8, 0x83, 0xB3, 0x98, 0xE7, 0x2A, 0x6C,
    0xDD, 0xE4, 0x84, 0xE1, 0xE8, 0xD3, 0x6B, 0x65, 0x70, 0xC0, 0xED, 0xFA, 0x46, 0x79, 0xAA, 0x1E,
    0x45, 0xF7, 0xF5, 0x50, 0x0F, 0x9E, 0xD7, 0xBF, 0xEB, 0x3D, 0x3E, 0xA0, 0x8F, 0x2F, 0x47, 0xE5,
    0x05, 0x50, 0x79, 0xF5, 0x59, 0xA2, 0xF2, 0xDF, 0x0B, 0x5E, 0x63, 0x5C, 0xE8, 0x51, 0xB9, 0x9D,
    0x9F, 0x44, 0xA1, 0x8A, 0x29, 0x39, 0x6F, 0x89, 0x2B, 0xDE, 0x47, 0xE0, 0x34, 0xC6, 0x53, 0x97,
    0xD0, 0x65, 0x38, 0x7B, 0xF8, 0xAA, 0x83, 0x95, 0x50, 0x06, 0x59, 0xEE, 0x36, 0xB6, 0x88, 0x6C,
    0x15, 0xD9, 0x36, 0xB2, 0x14, 0xD8, 0x35, 0xF9, 0xDA, 0x52, 0x32, 0xA9, 0x67, 0x8B, 0xC8, 0xD6,
    0x91, 0xED, 0x0F, 0x81, 0x45, 0x61, 0xBC, 0xE8, 0xB4, 0x3B, 0xCF, 0x8A, 0x0B, 0x1A, 0x5B, 0xA2,
    0x87, 0xB9, 0x58, 0x99, 0xEF, 0x59, 0x49, 0x78, 0xFE, 0xB4, 0x61, 0xF2, 0x30, 0x35, 0xD3, 0x42,
    0x2D, 0xC8, 0x3D, 0xB9, 0x20, 0xF7, 0xE4, 0x82, 0xDC, 0x53, 0x4C, 0x0A, 0x06, 0xCD, 0xF6, 0x3E,
    0x5F, 0x6C, 0xE2, 0xC1, 0x6A, 0x11, 0x3C, 0x7A, 0xA8, 0x0D, 0x7B, 0x30, 0x0B, 0xDF, 0x8C, 0x8B,
    0x5F, 0xF9, 0x45, 0x64, 0x07, 0x77, 0x8C, 0x66, 0xCC, 0x3B, 0x23, 0x8C, 0x11, 0x34, 0x9B, 0x9E,
    0xC6, 0xDE, 0xF6, 0x61, 0x5F, 0x03, 0x84, 0x65, 0x89, 0xDF, 0x96, 0x9D, 0xA4, 0x26, 0xE1, 0xA5,
    0x6E, 0x4C, 0x56, 0x5E, 0xD6, 0x13, 0x9D, 0xBD, 0x94, 0x7D, 0xB3, 0x3C, 0xE6, 0x9B, 0x7E, 0xC5,
    0x1A, 0xDA, 0x6A, 0xC8, 0x45, 0x5A, 0xDE, 0x5B, 0xBC, 0xE1, 0x79, 0xCF, 0xEC, 0x79, 0x7B, 0x8F,
    0x00, 0x71, 0x63, 0x6A, 0xCF, 0xF4, 0xF4, 0x96, 0x06, 0x27, 0x94, 0x9A, 0x8D, 0x81, 0x49, 0x7E,
    0xED, 0x25, 0x2F, 0xF3, 0x97, 0x24, 0x53, 0x5C, 0x06, 0x4D, 0xF1, 0x53, 0x8B, 0x77, 0xEA, 0xA9,
    0xD2, 0xAE, 0x13, 0x0D, 0x6B, 0x64, 0x95, 0xF3, 0x9F, 0x7B, 0xFC, 0xED, 0xDC, 0xAF, 0x7D, 0x14,
    0x74, 0x47, 0x51, 0xB0, 0xF4, 0x51, 0xD0, 0xE7, 0xDC, 0xF1, 0x46, 0x23, 0x4C, 0xC7, 0x97, 0xAE,
    0xD1, 0x68, 0xF5, 0xF6, 0xA8, 0x80, 0xD8, 0xD7, 0x33, 0xC9, 0xB9, 0xB7, 0x02, 0xE2, 0x1D, 0xD0,
    0x46, 0x61, 0xD5, 0x79, 0x81, 0xEA, 0xBC, 0xC1, 0x11, 0x69, 0xAD, 0x47, 0xF9, 0xD2, 0x90, 0x5D,
    0x53, 0x8D, 0xBD, 0xB7, 0x99, 0xF5, 0x7C, 0xBE, 0xD8, 0x97, 0xC8, 0x1C, 0xF5, 0xA8, 0x80, 0x58,
    0x8C, 0xDD, 0x49, 0x97, 0x50, 0x01, 0x71, 0x3E, 0x2B, 0x20, 0x2E, 0xF7, 0x7A, 0x3E, 0x5F, 0x8F,
    0xB2, 0x6B, 0xD9, 0x63, 0x07, 0x74, 0x12, 0x64, 0x7F, 0xD7, 0xA2, 0xFD, 0xD9, 0xBA, 0x01, 0x7B,
    0xB8, 0x60, 0x11, 0xC0, 0xB1, 0x98, 0xC8, 0x77, 0x11, 0x1A, 0x15, 0x9F, 0x17, 0x5C, 0x7E, 0xA4,
    0x20, 0xA4, 0xF8, 0xB1, 0xBA, 0xED, 0x2A, 0xAE, 0xBB, 0x8E, 0x3D, 0x13, 0x3D, 0xF0, 0xCD, 0x11,
    0xDF, 0xCA, 0x25, 0xA6, 0x8C, 0x7B, 0xDD, 0x4D, 0x5F, 0xF9, 0x0A, 0x40, 0x6A, 0xDB, 0x41, 0x23,
    0xDD, 0xC6, 0xFC, 0xE3, 0x08, 0x16, 0xB7, 0x38, 0xBD, 0x97, 0xDE, 0xA5, 0x9C, 0xEE, 0x33, 0x08,
    0x2E, 0xFE, 0x21, 0xD7, 0xFA, 0x7D, 0xB9, 0xF6, 0xDF, 0xE5, 0xEB, 0xF3, 0x45, 0x60, 0xB1, 0xB4,
    0xEF, 0xB8, 0xD4, 0x19, 0xB5, 0xC5, 0xC8, 0xAA, 0xAC, 0xE4, 0x0D, 0x5D, 0x11, 0xDE, 0xA9, 0xC0,
    0x94, 0xB1, 0xEA, 0xF7, 0x65, 0x4D, 0x5F, 0x4E, 0x4E, 0xEF, 0xD9, 0xEA, 0x8F, 0x92, 0x2D, 0x5F,
    0x63, 0xD1, 0x2B, 0xB5, 0xD5, 0x46, 0x4D, 0x57, 0x48, 0x59, 0xAE, 0x96, 0xB1, 0x23, 0xE7, 0x5A,
    0xAB, 0xCE, 0xAF, 0x86, 0xCE, 0x5D, 0xAD, 0xBE, 0xC0, 0x4F, 0x5F, 0x29, 0xDA, 0x97, 0x71, 0xA1,
    0x1A, 0xCC, 0x0C, 0xBE, 0xF5, 0x8A, 0x55, 0x72, 0xDB, 0xF7, 0x17, 0xD6, 0xE1, 0xBB, 0xB0, 0xE4,
    0xD6, 0xB2, 0xD2, 0xBE, 0x80, 0x70, 0xB1, 0x9A, 0x51, 0xD2, 0xC8, 0x89, 0x75, 0xA1, 0x29, 0xAA,
    0x16, 0x97, 0x5D, 0xDE, 0xD1, 0xBA, 0x85, 0xB4, 0xB9, 0x88, 0x29, 0x5A, 0xCC, 0x20, 0x82, 0x42,
    0xCD, 0x5F, 0x7B, 0x74, 0xE4, 0x88, 0x53, 0xEA, 0xB6, 0xD9, 0xD1, 0xC9, 0x7C, 0x38, 0xA0, 0x87,
    0x61, 0x1E, 0x5B, 0xBF, 0x4A, 0x1F, 0xD0, 0xE3, 0x71, 0x71, 0x63, 0x4C, 0xA0, 0x2B, 0x18, 0x4D,
    0x8F, 0x5A, 0x1F, 0xB1, 0x85, 0x08, 0xC9, 0xA3, 0x6A, 0x4C, 0x05, 0x35, 0xFD, 0x45, 0xC3, 0xD6,
    0xD2, 0x40, 0x6F, 0x93, 0x2E, 0x98, 0xD5, 0x6B, 0x59, 0x9B, 0x6D, 0xE9, 0xBE, 0x25, 0x18, 0xF2,
    0x42, 0xAA, 0x9F, 0xA1, 0x35, 0x1B, 0xCB, 0x02, 0x0A, 0xBC, 0x73, 0x4D, 0xBE, 0x3D, 0xD2, 0x1D,
    0xFD, 0x7F, 0x05, 0xFF, 0x29, 0xF9, 0x5F, 0x02, 0xC5, 0x66, 0x75, 0x72, 0xED, 0x35, 0xE7, 0x0F,
    0xE1, 0xDF, 0x42, 0x56, 0x97, 0x69, 0x7C, 0x7C, 0xC5, 0xC7, 0x0E, 0x16, 0xFE, 0xCB, 0xD7, 0xF4,
    0xB3, 0x81, 0x1B, 0xB5, 0x73, 0x04, 0x5D, 0x47, 0xFF, 0xF5, 0x82, 0x7C, 0x81, 0x12, 0xD7, 0x52,
    0xE4, 0x77, 0x60, 0xA8, 0x07, 0x76, 0xA6, 0x7A, 0xFC, 0x15, 0xAF, 0x3B, 0xFD, 0xDE, 0x76, 0xDF,
    0xCD, 0x2F, 0xFC, 0x4B, 0x40, 0xE7, 0x0E, 0x27, 0x2C, 0x52, 0x27, 0x5F, 0x44, 0xA4, 0x0C, 0xBF,
    0x12, 0xE1, 0xE0, 0x51, 0xF6, 0x15, 0x47, 0xBA, 0x4F, 0x9A, 0xCF, 0xEF, 0x34, 0x62, 0x3E, 0xA4,
    0x89, 0x7A, 0x92, 0x56, 0x1C, 0xDB, 0xA5, 0xD5, 0xF3, 0x60, 0x9F, 0x7E, 0xD5, 0x31, 0xD5, 0xDD,
    0xD6, 0x97, 0xB7, 0xB5, 0xAC, 0x7C, 0x71, 0xFF, 0x1A, 0x88, 0xB6, 0x20, 0x3E, 0x09, 0x79, 0x9D,
    0xD3, 0x9E, 0x5F, 0xE1, 0x5F, 0x62, 0x8A, 0x05, 0xE9, 0x23, 0xA3, 0x0F, 0x14, 0xEE, 0xA9, 0x1E,
    0x4B, 0x55, 0xC4, 0xC6, 0x1C, 0xE0, 0xEA, 0x96, 0x64, 0xAA, 0x20, 0xF1, 0xDF, 0x23, 0xE7, 0x40,
    0x82, 0x3F, 0x95, 0x78, 0x5D, 0xD0, 0x63, 0xD9, 0xBA, 0xDA, 0xBD, 0x51, 0x22, 0x5B, 0x98, 0xF3,
    0xA1, 0x60, 0xC0, 0x5D, 0x06, 0x32, 0x18, 0x59, 0x83, 0x74, 0xAF, 0x9B, 0xFC, 0x13, 0x4D, 0x91,
    0xB1, 0x4D, 0x05, 0x31, 0x0C, 0x86, 0x7F, 0x2E, 0xD2, 0x7B, 0x42, 0x57, 0xA4, 0xA1, 0x78, 0xDD,
    0xF5, 0x34, 0xD9, 0x80, 0x9C, 0x68, 0xD8, 0x85, 0x25, 0x92, 0x9E, 0x86, 0x11, 0xA8, 0x59, 0x22,
    0x81, 0x09, 0x8E, 0x0D, 0x32, 0x82, 0x8B, 0x14, 0x87, 0x94, 0xCB, 0x8F, 0xA3, 0x6B, 0x88, 0x65,
    0x4B, 0xFE, 0x2D, 0x5B, 0xFE, 0x9C, 0x1B, 0x90, 0x56, 0x30, 0x83, 0x82, 0xD0, 0xB0, 0x74, 0x18,
    0xAE, 0xB8, 0x07, 0x42, 0x54, 0xD5, 0x30, 0x5B, 0xAE, 0xEE, 0x40, 0x10, 0xE0, 0x2E, 0x02, 0xB0,
    0xBB, 0x86, 0xD0, 0x35, 0x23, 0x23, 0xAE, 0xD4, 0x36, 0xD7, 0x5C, 0x43, 0x92, 0x99, 0x98, 0x3A,
    0x9E, 0x2C, 0x7F, 0xE8, 0x48, 0xFA, 0x2F, 0xB6, 0x10, 0x5D, 0xE1, 0xBF, 0xE7, 0xB7, 0x6B, 0xF3,
    0x75, 0x69, 0x5A, 0xAF, 0x56, 0x5B, 0xCD, 0x98, 0x11, 0x7E, 0xE1, 0x72, 0x12, 0x56, 0xD6, 0x24,
    0x2E, 0x0F, 0x4B, 0x72, 0xE6, 0xA7, 0x76, 0xAA, 0x2C, 0x3C, 0xC8, 0x67, 0x82, 0x53, 0x9F, 0x77,
    0xD3, 0xB1, 0x70, 0xF3, 0x14, 0x72, 0xE7, 0x5B, 0xA3, 0x69, 0x1A, 0x13, 0x77, 0x55, 0x54, 0xD7,
    0x3D, 0x14, 0xE1, 0x32, 0x20, 0xBC, 0x92, 0xE5, 0x54, 0x0C, 0xBF, 0x59, 0x2C, 0x5F, 0x98, 0xDD,
    0x61, 0xBB, 0xE2, 0xF8, 0x8A, 0xD7, 0xF7, 0xE9, 0x13, 0x7E, 0xB7, 0x07, 0x6C, 0x0F, 0x55, 0xB9,
    0xB9, 0x01, 0x54, 0x7A, 0x25, 0x52, 0xC8, 0x59, 0x91, 0x81, 0xC7, 0x0F, 0xC0, 0xCB, 0xE9, 0xE3,
    0x08, 0x94, 0x44, 0x16, 0xF5, 0xAC, 0x1E, 0x13, 0x3B, 0x12, 0x0B, 0x96, 0x1A, 0x8E, 0x13, 0x31,
    0x1C, 0x4B, 0xC5, 0x0D, 0x13, 0xE3, 0xA4, 0xE3, 0x92, 0x8C, 0xC6, 0x20, 0x97, 0xB1, 0x6B, 0x9C,
    0xF5, 0x76, 0x1B, 0x26, 0x81, 0xD9, 0x60, 0x35, 0xD5, 0xAA, 0x95, 0x07, 0x27, 0x9E, 0x9B, 0x1B,
    0x3C, 0xAB, 0x6E, 0x31, 0x7E, 0xA2, 0xAC, 0x3A, 0xDE, 0x33, 0xCF, 0xCC, 0x7F, 0xED, 0x5C, 0xBD,
    0x92, 0xDC, 0xC6, 0x11, 0xC6, 0x8F, 0x74, 0x5B, 0x26, 0x82, 0x75, 0xE2, 0xC0, 0xC7, 0x00, 0x89,
    0x03, 0x89, 0x09, 0xDE, 0xC0, 0x80, 0xAC, 0xC0, 0x81, 0x13, 0x05, 0x52, 0xA2, 0xC8, 0x31, 0x13,
    0xBF, 0x81, 0x00, 0x59, 0x81, 0x43, 0xDD, 0x23, 0x30, 0x60, 0x40, 0x9D, 0x02, 0x3D, 0x81, 0x0C,
    0x88, 0x7E, 0x00, 0xA3, 0xA4, 0xC0, 0x29, 0xAA, 0xE4, 0x2A, 0x57, 0xD9, 0x81, 0x60, 0x69, 0x69,
    0x41, 0x27, 0x00, 0xE3, 0xEE, 0xAF, 0x7B, 0xF0, 0x77, 0xBB, 0xB7, 0x4B, 0xF2, 0x44, 0xED, 0xF1,
    0xB8, 0x75, 0xC4, 0x1C, 0x6F, 0xB1, 0xB3, 0x33, 0xD3, 0x5F, 0x7F, 0xFD, 0x33, 0x3D, 0x70, 0x1C,
    0xDF, 0xB4, 0x0E, 0xBF, 0x02, 0xD3, 0xA3, 0x5D, 0x1B, 0x33, 0x6B, 0x23, 0x63, 0x32, 0x6E, 0x63,
    0x63, 0x0A, 0x6E, 0x53, 0x63, 0x4A, 0x6E, 0x8D, 0x31, 0x35, 0xDA, 0x0B, 0xB4, 0x9E, 0xF9, 0xAF,
    0x69, 0xA8, 0xF5, 0x4D, 0x8D, 0x0E, 0x57, 0xA6, 0xCA, 0x3B, 0x74, 0x5B, 0xC4, 0x3D, 0xBA, 0x2B,
    0x62, 0xEE, 0x30, 0x34, 0x59, 0x64, 0x12, 0xEE, 0x8E, 0xFF, 0x34, 0xB6, 0x79, 0x4F, 0xB7, 0x56,
    0xE8, 0x96, 0x3B, 0x76, 0xD1, 0x6E, 0xA8, 0x5B, 0x7E, 0x35, 0xD4, 0x2D, 0xBF, 0x5A, 0xEA, 0x96,
    0x5F, 0x1D, 0x7D, 0xA6, 0xE4, 0xA1, 0x0C, 0x7D, 0x44, 0x3C, 0x48, 0xBA, 0xC4, 0xDC, 0x77, 0x68,
    0x8A, 0xD4, 0xE0, 0x3B, 0x31, 0xD2, 0x1D, 0xAF, 0x54, 0xDE, 0x74, 0xE9, 0x5B, 0x1C, 0x0C, 0xBC,
    0xDD, 0xDA, 0xDA, 0xF7, 0xED, 0xFD, 0xF7, 0xCF, 0x64, 0x51, 0x12, 0x8C, 0xAD, 0xA6, 0x51, 0xF3,
    0xF8, 0x42, 0xF3, 0x1F, 0xBA, 0x3F, 0xE8, 0x1D, 0x9E, 0xEC, 0x1B, 0x0E, 0xA6, 0x4A, 0x77, 0xD1,
    0xE5, 0x94, 0xD7, 0x91, 0xEE, 0x37, 0x32, 0x17, 0xBA, 0x93, 0xAF, 0xB1, 0x39, 0xA3, 0x77, 0xF3,
    0x96, 0xEF, 0xA1, 0x8F, 0xD3, 0xFD, 0xF4, 0xF1, 0x9C, 0xAE, 0xE6, 0x53, 0x7A, 0x37, 0xD7, 0x7B,
    0xE8, 0x95, 0xD0, 0xFD, 0xDF, 0x99, 0x8C, 0xE6, 0xFF, 0x36, 0x4D, 0xF1, 0xF4, 0x6C, 0xFB, 0x34,
    0x64, 0x90, 0x32, 0xE4, 0xE9, 0x55, 0x07, 0x2F, 0x43, 0xF7, 0x45, 0x90, 0xD4, 0xCE, 0x67, 0xEC,
    0x06, 0xD2, 0x3A, 0xBE, 0xB6, 0x41, 0x23, 0x6D, 0x54, 0x39, 0x57, 0xBD, 0x02, 0x01, 0x00, 0x2D,
    0xB3, 0xF4, 0x17, 0x6A, 0x7F, 0xF1, 0xD0, 0x0A, 0xA2, 0x72, 0x45, 0x92, 0x19, 0xDB, 0x0C, 0x88,
    0xF9, 0x1E, 0x88, 0xF2, 0xCD, 0xD7, 0x90, 0xD3, 0xCA, 0x7C, 0x89, 0x0E, 0xD7, 0xE6, 0x0B, 0x6D,
    0x33, 0x20, 0x8A, 0xE0, 0x82, 0x0E, 0x63, 0xAC, 0x97, 0xC3, 0x2B, 0x0C, 0x44, 0x11, 0xBC, 0xB0,
    0xCC, 0x86, 0x17, 0x31, 0x51, 0xC4, 0x14, 0x8A, 0x14, 0xDB, 0x56, 0x90, 0x0F, 0xCB, 0x69, 0x3D,
    0xB4, 0x05, 0x7D, 0x75, 0x23, 0x88, 0xA1, 0xCF, 0x4A, 0x1F, 0x9D, 0x03, 0xC4, 0x10, 0x0A, 0x31,
    0x68, 0xFE, 0xA3, 0xCB, 0x70, 0xA4, 0x5B, 0x5B, 0x5C, 0x31, 0x74, 0x4F, 0x27, 0x20, 0xB8, 0x18,
    0x97, 0x2C, 0xB8, 0xB4, 0x50, 0x57, 0xA2, 0xA4, 0xBB, 0x1E, 0x94, 0x98, 0x39, 0x4A, 0xFE, 0x6E,
    0xB2, 0x95, 0xE9, 0x83, 0x39, 0x4A, 0xE2, 0x44, 0x5A, 0xD1, 0x5D, 0x5A, 0x94, 0x42, 0x45, 0xC7,
    0x12, 0x88, 0xB2, 0xA8, 0xC3, 0x9B, 0x75, 0x5A, 0x4D, 0xF0, 0x10, 0xF2, 0xB0, 0x79, 0x31, 0x6A,
    0xC8, 0xC5, 0x23, 0xCD, 0x6D, 0xAE, 0xC2, 0x81, 0xFD, 0xDC, 0x6A, 0x07, 0x93, 0xD8, 0xFE, 0x2C,
    0x83, 0xD8, 0x36, 0x37, 0x58, 0x61, 0xC7, 0xFC, 0x08, 0x79, 0xBB, 0xC4, 0x20, 0xB5, 0x32, 0x88,
    0x30, 0x49, 0x85, 0x0E, 0x89, 0x41, 0xD2, 0x6E, 0xC2, 0x20, 0x6B, 0xD6, 0x72, 0xC1, 0x45, 0xC8,
    0xD3, 0xB0, 0x0C, 0x92, 0xF6, 0xD2, 0xAA, 0xDC, 0x2D, 0x93, 0x78, 0xCA, 0x24, 0x96, 0x41, 0x6C,
    0x0B, 0xB6, 0xC9, 0xF5, 0x33, 0x29, 0xAF, 0xB8, 0x30, 0x49, 0x3C, 0x30, 0x09, 0x86, 0x8E, 0x91,
    0xBA, 0x98, 0xFF, 0x0A, 0x8B, 0xB5, 0xC6, 0xE4, 0x62, 0x4C, 0x15, 0xC0, 0xF7, 0xF8, 0x9E, 0xE8,
    0xCF, 0xE7, 0xFC, 0xFF, 0x71, 0x19, 0x43, 0x4C, 0x3E, 0xFD, 0x8E, 0xDE, 0x74, 0x4D, 0xC1, 0xE3,
    0x38, 0x77, 0xEE, 0x3D, 0x3A, 0x4E, 0x94, 0xC4, 0xCE, 0x0C, 0x24, 0x32, 0x0D, 0xE7, 0x75, 0x27,
    0x87, 0x5E, 0xC7, 0x65, 0xA4, 0x54, 0xB2, 0x32, 0x90, 0x72, 0xE7, 0x9C, 0x27, 0xA3, 0x5D, 0x20,
    0x94, 0x54, 0x8A, 0x92, 0xF6, 0x10, 0x94, 0xF8, 0xA6, 0x7B, 0x36, 0x94, 0x5C, 0xA8, 0xBD, 0x79,
    0xA2, 0xAB, 0x5E, 0x2B, 0xCF, 0x55, 0xB9, 0xD8, 0x9B, 0x32, 0xED, 0x67, 0x28, 0x29, 0xA2, 0x6D,
    0x28, 0xA1, 0x36, 0x60, 0x58, 0xE7, 0x82, 0x8E, 0xB9, 0xBD, 0x69, 0xAE, 0x46, 0xC9, 0xD8, 0x47,
    0xA2, 0xF6, 0xA6, 0x80, 0xBD, 0xC1, 0x1F, 0x9D, 0x00, 0x24, 0x1B, 0x62, 0xCD, 0xB0, 0x62, 0xF4,
    0x77, 0x51, 0x0B, 0x7A, 0xF7, 0x17, 0x58, 0xD4, 0xBC, 0xB8, 0xF7, 0x80, 0x46, 0xBE, 0xC1, 0xF4,
    0x3B, 0x99, 0x64, 0xC2, 0xEB, 0x4D, 0x6F, 0x12, 0x3B, 0x5F, 0x52, 0xB3, 0xE3, 0xC0, 0xC7, 0x1E,
    0xBB, 0xF1, 0x81, 0x90, 0xA0, 0x67, 0xCA, 0xB5, 0x4C, 0xAC, 0x89, 0xCA, 0x09, 0xFB, 0x9B, 0xAF,
    0xB0, 0x3A, 0x2B, 0x93, 0xE4, 0xF5, 0x61, 0xD6, 0xA4, 0x99, 0x59, 0x93, 0x48, 0xF1, 0x62, 0xFB,
    0x4B, 0x47, 0x2B, 0x92, 0x68, 0x5B, 0x2C, 0xAC, 0x49, 0x75, 0xB5, 0x35, 0xC9, 0xD5, 0x9A, 0x80,
    0x55, 0xD8, 0x9A, 0x18, 0xB1, 0x26, 0x91, 0x5A, 0x93, 0xF0, 0x60, 0x6B, 0xB2, 0x51, 0xC6, 0x59,
    0x58, 0x93, 0x5C, 0xAD, 0x09, 0xAF, 0xB4, 0xB5, 0x26, 0x34, 0xA1, 0x5E, 0xA6, 0x53, 0xE0, 0x8A,
    0xC9, 0x46, 0xB8, 0xAE, 0x6B, 0x6B, 0x6C, 0xE3, 0x2C, 0xE5, 0xEE, 0xEA, 0xF7, 0xEC, 0x22, 0x8B,
    0x72, 0xC4, 0xDF, 0x83, 0x45, 0x4A, 0xB0, 0x99, 0x13, 0x1D, 0x23, 0x4A, 0xA2, 0x46, 0x6C, 0xA0,
    0x7A, 0x85, 0xBE, 0x50, 0xB0, 0xB3, 0x6A, 0xEF, 0xF6, 0xDB, 0xC5, 0xFD, 0xA6, 0xE5, 0x9C, 0x4C,
    0x6D, 0x47, 0x3D, 0x93, 0x7A, 0xFE, 0xA3, 0x1A, 0xDC, 0x2F, 0x44, 0xB7, 0x48, 0x5A, 0xCF, 0x84,
    0x9E, 0x78, 0x81, 0x9E, 0xFC, 0x50, 0xF4, 0xFC, 0x6D, 0x40, 0xCF, 0x66, 0x86, 0x1E, 0xC7, 0xEC,
    0x40, 0x4F, 0x3C, 0xA0, 0x27, 0x5B, 0xA0, 0xA7, 0xD4, 0xB6, 0x5E, 0xA0, 0xA7, 0x11, 0xF3, 0x02,
    0xFF, 0x65, 0x8A, 0x9E, 0x5E, 0xD0, 0x93, 0x0E, 0xE8, 0x49, 0x88, 0x55, 0xDC, 0x9A, 0xFF, 0xF2,
    0x87, 0x06, 0x43, 0x26, 0xBF, 0xB8, 0xBF, 0xCB, 0x9C, 0xD1, 0x3A, 0x26, 0xD9, 0xBA, 0x1E, 0x51,
    0xE2, 0x8C, 0xF6, 0xA8, 0xC1, 0x0C, 0x7A, 0x41, 0x12, 0x7F, 0x13, 0x23, 0xC9, 0x37, 0xC9, 0x71,
    0xF2, 0x4D, 0x94, 0x29, 0x32, 0xEA, 0x19, 0xDB, 0x84, 0x2A, 0xB9, 0xF4, 0x89, 0x11, 0x8F, 0xB7,
    0x4C, 0x61, 0x07, 0xCE, 0x9D, 0x3B, 0x8F, 0xAE, 0xB2, 0x37, 0xAF, 0xE2, 0x9A, 0xC3, 0xE2, 0x1A,
    0x59, 0x76, 0xD5, 0xDE, 0x91, 0x7B, 0xD2, 0xFF, 0x09, 0xF7, 0x90, 0x2F, 0xE0, 0x9D, 0x27, 0x4F,
    0xE7, 0xC1, 0x1C, 0x75, 0x34, 0xE4, 0x38, 0xBF, 0x91, 0xC6, 0x55, 0x86, 0x5A, 0x09, 0x2E, 0xD4,
    0x6A, 0x5B, 0x17, 0xCF, 0x7A, 0x43, 0x8E, 0x7B, 0x3E, 0xD3, 0x34, 0xEF, 0x91, 0x73, 0x8F, 0x57,
    0xCC, 0x27, 0x6D, 0x15, 0x06, 0xF9, 0x50, 0x70, 0x64, 0x99, 0x25, 0x1F, 0x70, 0x26, 0xFD, 0x78,
    0x3B, 0x84, 0xB6, 0x5E, 0x44, 0x51, 0xD1, 0xFE, 0x28, 0x2A, 0xC1, 0x5C, 0x04, 0xBF, 0x3E, 0x79,
    0xCF, 0xC2, 0x5C, 0x5F, 0xE1, 0x0B, 0x82, 0x81, 0xB9, 0x1E, 0x2F, 0xEC, 0xDE, 0xC0, 0x5C, 0xC0,
    0x6F, 0xDA, 0x0F, 0x8C, 0x35, 0x46, 0x51, 0x99, 0xE2, 0x72, 0xBF, 0xDD, 0x0B, 0x81, 0x8A, 0x16,
    0xE4, 0x34, 0xF6, 0xD1, 0xB3, 0xD0, 0x84, 0xB9, 0xBA, 0xC1, 0xEE, 0x7D, 0x20, 0xC3, 0x4E, 0x06,
    0x4F, 0x62, 0x8D, 0xDF, 0x25, 0xF4, 0x10, 0x56, 0x3F, 0xCF, 0xE6, 0x6B, 0x42, 0xB1, 0x55, 0xCC,
    0xBE, 0x59, 0x91, 0x57, 0x98, 0x38, 0x74, 0x81, 0x3F, 0x2B, 0x2C, 0xE6, 0x9A, 0xA3, 0x8C, 0xB7,
    0x4E, 0x2C, 0xF7, 0xAA, 0xA0, 0xE3, 0xCD, 0x1C, 0x48, 0x16, 0x58, 0x9E, 0xF5, 0xB3, 0xEF, 0xCF,
    0xF0, 0xEB, 0x9E, 0x3B, 0xA7, 0x0F, 0x30, 0xBB, 0x24, 0x16, 0x06, 0x2A, 0xF3, 0x4A, 0x25, 0x6F,
    0x3D, 0xE2, 0x44, 0xFA, 0xE9, 0x74, 0x95, 0xAA, 0x1D, 0x9E, 0x76, 0xA3, 0xCC, 0xD7, 0x3A, 0xD3,
    0xFB, 0x27, 0xCC, 0xA7, 0xC8, 0x12, 0x06, 0x4C, 0xCD, 0x80, 0x5C, 0x61, 0xC0, 0xEF, 0xD5, 0xA3,
    0xFF, 0x76, 0x11, 0x8F, 0x95, 0x36, 0x1E, 0xCB, 0x5B, 0x65, 0xBE, 0x5E, 0x98, 0x2F, 0x56, 0x6F,
    0x67, 0xC6, 0x80, 0xF9, 0x55, 0xF1, 0x58, 0xAD, 0xC8, 0x6A, 0x94, 0xF9, 0x5A, 0x21, 0x35, 0x30,
    0xA0, 0xC4, 0x63, 0x91, 0x7A, 0xED, 0xB1, 0xF4, 0x39, 0xC6, 0x63, 0x6B, 0xA1, 0xED, 0x6A, 0x5C,
    0xE2, 0x78, 0xE2, 0x6D, 0xEB, 0xE2, 0xDE, 0xDF, 0x83, 0xA8, 0xF2, 0x46, 0x20, 0xEA, 0x39, 0x33,
    0x36, 0xEE, 0xBB, 0xCE, 0xAF, 0x44, 0xED, 0x76, 0x72, 0x54, 0xAF, 0x88, 0x68, 0xAE, 0xE4, 0xA8,
    0xDB, 0x9D, 0xE9, 0xF1, 0x30, 0xB9, 0x15, 0x96, 0xE8, 0xF5, 0xD1, 0x08, 0x40, 0x5D, 0x55, 0x59,
    0x49, 0x55, 0xEB, 0x1B, 0x84, 0xAB, 0xA8, 0xF2, 0xC5, 0x5B, 0xEF, 0x42, 0xF1, 0x71, 0xD4, 0x6B,
    0x6F, 0x25, 0xDF, 0xB1, 0x6A, 0xBC, 0x7E, 0x07, 0x8E, 0xE2, 0x72, 0x81, 0xA3, 0x6C, 0x1A, 0x93,
    0x85, 0x7B, 0x6C, 0xDD, 0xCB, 0xEE, 0xA5, 0xFF, 0xB0, 0x12, 0x14, 0x34, 0xE8, 0x9B, 0x38, 0xAE,
    0x3B, 0x31, 0x73, 0x22, 0x72, 0xE7, 0xA8, 0x31, 0x53, 0xFB, 0x96, 0x58, 0xAA, 0x3E, 0x4E, 0xD4,
    0xD0, 0xD0, 0xEF, 0x3C, 0x14, 0xFB, 0x24, 0x49, 0x0E, 0xF2, 0xC0, 0xEB, 0x69, 0x86, 0xC6, 0x7A,
    0xD2, 0x6B, 0x95, 0xA2, 0x6B, 0xFE, 0xE9, 0xBC, 0xF2, 0xCC, 0x9F, 0xD7, 0x33, 0x67, 0xAC, 0x6C,
    0x26, 0x0C, 0x53, 0xD9, 0x85, 0x91, 0xE5, 0x1A, 0x6E, 0xBE, 0xF9, 0x3E, 0xB9, 0xD0, 0xF8, 0x9E,
    0x2B, 0x88, 0x63, 0xE7, 0xD5, 0x30, 0xA4, 0xF6, 0x5C, 0xF7, 0xF5, 0xB0, 0x77, 0x0C, 0x5B, 0x24,
    0xEB, 0x82, 0xA7, 0x56, 0x90, 0xFE, 0x5A, 0x39, 0x69, 0xBC, 0xAE, 0x34, 0x62, 0x05, 0x97, 0xBD,
    0x7F, 0x06, 0x8C, 0xF2, 0x7F, 0x72, 0xEB, 0x07, 0xB5, 0xC2, 0x35, 0xB4, 0xD4, 0xFF, 0xCE, 0x09,
    0x51, 0x1D, 0xE7, 0x0C, 0xF3, 0x86, 0xC4, 0x21, 0xDF, 0x58, 0x6F, 0xB9, 0xCA, 0x68, 0x01, 0x18,
    0xD8, 0x4A, 0x16, 0xD0, 0xEA, 0x8C, 0x7A, 0xB8, 0x80, 0xDF, 0xC5, 0xBD, 0x49, 0xCF, 0xAA, 0x36,
    0x9A, 0x5E, 0x7D, 0xFF, 0xEC, 0x99, 0x23, 0x26, 0x6B, 0x25, 0xBB, 0xAB, 0xAC, 0x64, 0xB0, 0x75,
    0xA7, 0xE0, 0x5A, 0x24, 0x6B, 0xF6, 0x5E, 0xAF, 0x41, 0xB2, 0x9A, 0x6B, 0x96, 0xEC, 0x3E, 0xE6,
    0xF5, 0xBB, 0x83, 0xF7, 0x7C, 0x4E, 0x55, 0xB2, 0x19, 0x28, 0x6B, 0x03, 0x46, 0xE9, 0x85, 0x3F,
    0x92, 0xB5, 0xB9, 0xF8, 0x0C, 0x19, 0x69, 0xDF, 0x54, 0xEC, 0xAE, 0x9A, 0x3A, 0x85, 0x1C, 0x71,
    0xDD, 0x40, 0x9B, 0x1A, 0xB9, 0xA6, 0xE8, 0x1D, 0x76, 0x6B, 0x50, 0xD2, 0xCC, 0x2F, 0x49, 0xA6,
    0x17, 0x60, 0x2C, 0xAB, 0xA7, 0x1D, 0xBE, 0xA5, 0xB6, 0xDF, 0x28, 0xDF, 0x1E, 0xC1, 0x02, 0x41,
    0xDF, 0x45, 0xF7, 0xFD, 0xF6, 0x64, 0x6B, 0x86, 0xE8, 0xC6, 0xE8, 0x9A, 0xFB, 0xC0, 0xF9, 0x23,
    0x2F, 0xC1, 0xDB, 0x2D, 0xF4, 0x85, 0x97, 0xEE, 0x33, 0x5E, 0x5B, 0x0A, 0x35, 0xB3, 0xAD, 0x24,
    0x7B, 0xAD, 0x52, 0x10, 0xCD, 0xEA, 0x9F, 0x52, 0x0A, 0xFC, 0xFA, 0xB5, 0x6A, 0x57, 0x36, 0xD9,
    0x59, 0xF1, 0xAD, 0x7D, 0x64, 0x6B, 0x94, 0x20, 0x00, 0x26, 0x9B, 0x55, 0x33, 0x41, 0x34, 0x93,
    0x14, 0x57, 0x0A, 0x2F, 0x87, 0x02, 0x19, 0x7E, 0x8B, 0xB7, 0x8D, 0x1E, 0x6E, 0x97, 0xDE, 0x41,
    0x8D, 0xE8, 0xE3, 0x95, 0x0D, 0x44, 0x75, 0x50, 0x73, 0x50, 0x67, 0x07, 0x8E, 0x6C, 0xDC, 0x57,
    0xF3, 0x27, 0xFB, 0x6A, 0x92, 0x15, 0xC8, 0x1B, 0xC9, 0xF0, 0xD1, 0x92, 0x3C, 0xE6, 0xB4, 0x4B,
    0xBE, 0x19, 0x98, 0x67, 0x0D, 0x1E, 0x8B, 0x7F, 0x10, 0x65, 0x4D, 0x1B, 0xCE, 0xCB, 0x5C, 0x4A,
    0x00, 0x1E, 0x07, 0x06, 0x3E, 0x9F, 0x98, 0x06, 0x8D, 0x4B, 0x5F, 0x93, 0x04, 0x5B, 0x5A, 0x70,
    0xAF, 0x9E, 0xA9, 0x79, 0xD2, 0x14, 0xA6, 0x93, 0x6B, 0x65, 0xA3, 0x7B, 0x02, 0x7E, 0xE9, 0x6C,
    0xDD, 0x0C, 0x7A, 0xC9, 0x84, 0xEF, 0xCB, 0xDE, 0xC7, 0x24, 0x74, 0x5F, 0x6B, 0x42, 0x8B, 0xDE,
    0x3E, 0x49, 0x58, 0xE4, 0x71, 0x75, 0xFA, 0x48, 0xC9, 0x78, 0x65, 0xC4, 0x95, 0x43, 0x72, 0xA0,
    0x46, 0x1A, 0xA1, 0x88, 0xDA, 0xA3, 0x14, 0xBB, 0x9A, 0x90, 0x6E, 0x6E, 0x42, 0xA2, 0x8C, 0x4D,
    0x88, 0xA9, 0x7D, 0x36, 0xEE, 0x5D, 0xC0, 0x19, 0x34, 0xFE, 0x14, 0x76, 0x4F, 0x59, 0xDA, 0xED,
    0x2E, 0x49, 0xD7, 0x7B, 0xAE, 0x2F, 0xC2, 0x6C, 0xEE, 0x19, 0xC3, 0xA0, 0xBD, 0xEB, 0x89, 0x03,
    0xF4, 0xDA, 0x6C, 0x73, 0x8B, 0xAE, 0x51, 0xC1, 0x49, 0x88, 0x7C, 0xF3, 0x9E, 0x55, 0xE5, 0xC0,
    0xAA, 0x72, 0x09, 0x55, 0x66, 0xD7, 0x3B, 0x0B, 0x8F, 0x50, 0xA6, 0x07, 0x19, 0xD5, 0x53, 0x09,
    0x5C, 0xCB, 0x21, 0x5B, 0x23, 0xA1, 0x5C, 0xFC, 0xA3, 0x6E, 0xB8, 0x54, 0x5B, 0x37, 0x5C, 0x6E,
    0x94, 0x29, 0x26, 0xDF, 0xAE, 0x61, 0x9E, 0xFA, 0x68, 0x34, 0xC5, 0x1C, 0xD0, 0xBB, 0xDD, 0x2E,
    0x53, 0x2C, 0x99, 0xBA, 0x54, 0x8A, 0x3B, 0x24, 0x75, 0x88, 0x2D, 0xF9, 0x1E, 0x1B, 0xF0, 0xF5,
    0xF1, 0x4A, 0x5C, 0xCA, 0x66, 0x5C, 0x4D, 0x32, 0x34, 0x83, 0x69, 0xCE, 0xBF, 0x45, 0x4A, 0x89,
    0x0D, 0x33, 0xD9, 0xE5, 0xD3, 0x87, 0x37, 0x53, 0x8E, 0xCF, 0x15, 0xBE, 0x5C, 0xDA, 0x26, 0xD2,
    0x42, 0x97, 0x27, 0xB2, 0x4D, 0x94, 0xD6, 0x5B, 0x77, 0xE4, 0x6E, 0x6C, 0xD0, 0x03, 0x37, 0xA3,
    0x13, 0x22, 0x47, 0x24, 0x60, 0x24, 0xD2, 0x59, 0xC4, 0x39, 0x3A, 0xC6, 0xD9, 0x3F, 0x88, 0xE4,
    0x1A, 0xFE, 0x6D, 0xEB, 0x7B, 0x65, 0x32, 0x52, 0x3D, 0x4E, 0xF0, 0x07, 0x2D, 0xC7, 0x23, 0x74,
    0x0D, 0x6B, 0xD9, 0x90, 0xB2, 0x03, 0x6A, 0xA6, 0x3F, 0xCE, 0xD3, 0xFC, 0xBC, 0xE8, 0xC9, 0x2C,
    0x25, 0xE3, 0xA2, 0x5A, 0xAB, 0x1D, 0xFE, 0x41, 0x1E, 0x2C, 0x8D, 0x70, 0xC3, 0x71, 0x11, 0x32,
    0x55, 0xFC, 0x43, 0xBF, 0x87, 0xB3, 0xE4, 0x47, 0x6E, 0xDA, 0xE9, 0x0F, 0x63, 0xE4, 0xF0, 0x9F,
    0xE1, 0xB5, 0xFD, 0x5B, 0xDC, 0xFB, 0x89, 0x4D, 0x4D, 0x26, 0x82, 0x65, 0x0C, 0x3C, 0x16, 0x0A,
    0x11, 0xC5, 0xCB, 0x18, 0x7D, 0xE7, 0x9C, 0xAD, 0x5A, 0xA3, 0x34, 0xA4, 0x46, 0xEA, 0xD0, 0x5B,
    0x6E, 0x93, 0xA5, 0xBD, 0x6C, 0xC1, 0xC5, 0x9A, 0xA6, 0xB4, 0xE9, 0xCA, 0xD0, 0x24, 0xBA, 0x55,
    0x6F, 0xDB, 0x6C, 0xD1, 0x26, 0xC3, 0x7D, 0xFA, 0x39, 0xDB, 0x0F, 0x18, 0x0E, 0x69, 0xCE, 0x44,
    0xD3, 0x9B, 0xF2, 0xBD, 0x76, 0x1C, 0x76, 0x5C, 0x76, 0x9C, 0xC3, 0xB8, 0xED, 0x3C, 0xEC, 0xBC,
    0x86, 0x79, 0x6E, 0xA7, 0x08, 0x4B, 0x06, 0xD3, 0x6D, 0xCB, 0x79, 0x6B, 0xDF, 0xB7, 0xF7, 0x23,
    0x19, 0x25, 0x7A, 0x88, 0xAF, 0x5A, 0x69, 0x32, 0x4D, 0xD2, 0x47, 0xA4, 0xF9, 0x85, 0xE4, 0xE3,
    0xF2, 0x56, 0x0B, 0xFE, 0x64, 0xBB, 0xC9, 0xDB, 0x7A, 0xC5, 0xBB, 0x34, 0x67, 0x66, 0x7F, 0x23,
    0x25, 0x5E, 0xCC, 0x1D, 0xBB, 0x35, 0xFF, 0xFE, 0xB3, 0x6B, 0xFE, 0xB5, 0x95, 0xCB, 0xDE, 0x36,
    0xE4, 0xC0, 0xC2, 0xB8, 0xBA, 0x9E, 0x4F, 0x99, 0x42, 0x39, 0x16, 0xB4, 0xBC, 0x61, 0x69, 0xD4,
    0xEE, 0xD8, 0x2E, 0x4A, 0x04, 0xE0, 0x50, 0xE4, 0x0E, 0xFC, 0x39, 0x8F, 0xBC, 0xBB, 0x72, 0xB2,
    0x39, 0x66, 0x37, 0x33, 0xCC, 0xBF, 0x34, 0x9E, 0xC9, 0xB0, 0x22, 0x77, 0x3E, 0x59, 0x04, 0xF2,
    0xB7, 0x90, 0x51, 0x5A, 0xD1, 0x23, 0x49, 0xFE, 0x4B, 0xC6, 0x63, 0x52, 0x4C, 0x4B, 0xAB, 0x14,
    0x7D, 0xC8, 0xE1, 0xFE, 0xA5, 0x22, 0x14, 0x8A, 0x11, 0x0A, 0xAD, 0xF8, 0xF1, 0xCE, 0x93, 0xD3,
    0x47, 0xC7, 0x89, 0x9A, 0xCF, 0x87, 0xAD, 0xE6, 0xE9, 0x36, 0xFF, 0x6B, 0x36, 0x20, 0x4C, 0x52,
    0x21, 0x9D, 0x6A, 0x2D, 0x4B, 0xDE, 0xBA, 0x9F, 0x8C, 0x5B, 0x67, 0x9E, 0x79, 0x6C, 0x0B, 0xDD,
    0xF2, 0xCD, 0x2B, 0x16, 0x61, 0x5D, 0xC3, 0xAA, 0xAD, 0xC1, 0xAD, 0xEB, 0x6E, 0xCC, 0x12, 0x20,
    0x89, 0x76, 0xC7, 0xE1, 0xDC, 0x58, 0x5A, 0x62, 0x2F, 0xAD, 0x19, 0xF6, 0x92, 0xA2, 0x69, 0x4C,
    0x7D, 0xB9, 0x1E, 0xF9, 0x38, 0x70, 0xE2, 0xED, 0xB2, 0x2B, 0xAB, 0x69, 0x39, 0x2D, 0x8D, 0x3F,
    0x90, 0x30, 0x72, 0x13, 0x96, 0xC0, 0x49, 0x2F, 0x1F, 0xFE, 0x72, 0xC0, 0x49, 0xFD, 0x0A, 0x27,
    0x43, 0xA9, 0x75, 0x24, 0x35, 0x45, 0x5A, 0x32, 0x2E, 0xE5, 0x32, 0x85, 0x4D, 0xC0, 0xC6, 0x19,
    0x3C, 0xF7, 0xEA, 0xDD, 0x45, 0x31, 0xE4, 0x05, 0x62, 0xF3, 0x2A, 0xAD, 0x68, 0x0C, 0x49, 0xB8,
    0x39, 0x42, 0xB4, 0xA4, 0x4D, 0x30, 0xDB, 0xA0, 0xD7, 0xF8, 0x2D, 0x68, 0xEE, 0xEE, 0xA8, 0xFB,
    0x7C, 0xD3, 0x72, 0xD0, 0xBC, 0xAC, 0x36, 0x1A, 0xCB, 0x6A, 0x65, 0x23, 0xFF, 0x0B, 0x29, 0x16,
    0xEB, 0x9D, 0xF4, 0x15, 0xDB, 0xD0, 0x77, 0x6D, 0x1C, 0x0E, 0x31, 0xCC, 0xEF, 0x5B, 0xCD, 0xF3,
    0xB8, 0xC8, 0x6C, 0x90, 0x22, 0xEE, 0xC8, 0x6C, 0x84, 0x52, 0x3E, 0x53, 0x2D, 0xED, 0xD4, 0x05,
    0x4A, 0x05, 0x38, 0xA7, 0xCF, 0x99, 0x8D, 0xE6, 0x18, 0xF9, 0x27, 0x77, 0x66, 0x25, 0x1A, 0x97,
    0xBC, 0x96, 0x7F, 0xA8, 0xD7, 0xF2, 0x96, 0x78, 0x2D, 0x8F, 0x5E, 0x79, 0x2D, 0xD7, 0x12, 0x07,
    0xED, 0x28, 0xAF, 0x8D, 0x9F, 0x4C, 0x3C, 0x9B, 0xCB, 0x79, 0x93, 0x9B, 0x1B, 0x3D, 0x0D, 0x3E,
    0xB4, 0x75, 0x87, 0x7C, 0x5D, 0x88, 0xA1, 0xBC, 0xB6, 0x1B, 0xCA, 0xBC, 0xCF, 0x1F, 0x4A, 0x79,
    0xAD, 0x6E, 0x23, 0xD8, 0x92, 0x06, 0x90, 0xD7, 0xDD, 0x69, 0xD5, 0x60, 0x21, 0xB5, 0x09, 0x46,
    0x8F, 0xEF, 0xD8, 0x62, 0x8D, 0x04, 0x87, 0x92, 0xFE, 0xC4, 0xB5, 0x81, 0x04, 0x5A, 0xFE, 0x98,
    0x94, 0xEA, 0x34, 0x5A, 0xAA, 0xD3, 0x0E, 0x65, 0x40, 0xF9, 0x1C, 0x67, 0xCE, 0x1E, 0x9C, 0x65,
    0x0B, 0x9C, 0x0D, 0x47, 0x47, 0x62, 0x2D, 0x1D, 0x13, 0x9C, 0x75, 0x0B, 0x9C, 0x6D, 0x14, 0x67,
    0xB6, 0xB8, 0x44, 0xCA, 0x7B, 0x60, 0x73, 0x02, 0x0C, 0x7B, 0x86, 0xB3, 0x77, 0xA6, 0x1B, 0x86,
    0xD8, 0x2F, 0x74, 0xB5, 0xCA, 0xA9, 0x18, 0x8B, 0x65, 0x5B, 0x42, 0x07, 0xF1, 0x8D, 0x6F, 0x96,
    0x1E, 0x34, 0x4D, 0xE6, 0x04, 0xA0, 0xE0, 0x14, 0x68, 0x8B, 0xA2, 0x95, 0x1A, 0x12, 0xCD, 0x22,
    0x5C, 0x63, 0xFE, 0xA5, 0xC8, 0x39, 0xBB, 0xF6, 0xD4, 0xF8, 0x10, 0x84, 0xED, 0xC3, 0xC7, 0xAF,
    0x2D, 0x36, 0x66, 0xA7, 0xC7, 0x74, 0x13, 0x6F, 0xC8, 0xBE, 0xE2, 0x04, 0x10, 0x24, 0xCD, 0xD5,
    0xBE, 0xB7, 0x58, 0xD2, 0x27, 0xF8, 0x4F, 0xB8, 0xA3, 0x7C, 0x95, 0x84, 0x7E, 0xBC, 0x92, 0x3E,
    0x38, 0x23, 0x42, 0xF6, 0x14, 0x92, 0x8E, 0xCA, 0xA5, 0xA4, 0x83, 0xDB, 0xA4, 0xD3, 0x57, 0x67,
    0x42, 0xB4, 0xAC, 0xB4, 0x65, 0x19, 0xBF, 0xFE, 0xCE, 0x22, 0x2A, 0x3E, 0x41, 0xDF, 0x3F, 0x9B,
    0xA4, 0xA3, 0xCA, 0x97, 0x5D, 0x9B, 0x6E, 0x6D, 0xFD, 0x4E, 0xEC, 0x04, 0xB4, 0x91, 0x29, 0x69,
    0xAE, 0xC1, 0x86, 0x06, 0x3F, 0xD4, 0x0C, 0x2F, 0x25, 0x5B, 0xBD, 0xF4, 0x92, 0xF5, 0xCE, 0x50,
    0x94, 0xD2, 0xBA, 0xD8, 0x09, 0x83, 0xD7, 0x98, 0x9B, 0x8B, 0x73, 0xAF, 0xF7, 0xCD, 0x77, 0x86,
    0xBD, 0xC6, 0x8F, 0xCC, 0x98, 0x2E, 0x52, 0xED, 0xED, 0x7F, 0x6E, 0xED, 0x45, 0xCD, 0xB2, 0xFA,
    0x72, 0xB7, 0xDA, 0xD2, 0x5E, 0x93, 0x47, 0x87, 0xDA, 0x9C, 0x81, 0xA3, 0x8F, 0x8B, 0xA9, 0x9F,
    0xA9, 0xFC, 0xB2, 0x41, 0x02, 0xE5, 0x45, 0x5E, 0x5B, 0x16, 0x17, 0x4B, 0x3A, 0xEE, 0xF9, 0xF0,
    0x76, 0xDA, 0x91, 0x94, 0x89, 0x2F, 0x23, 0xDE, 0xE5, 0x6D, 0x30, 0xC7, 0xDA, 0x17, 0xB1, 0x0A,
    0x16, 0x43, 0x11, 0xE9, 0xE9, 0xA5, 0x82, 0x28, 0x09, 0xDE, 0xD3, 0x49, 0xCD, 0xC5, 0xF4, 0x2A,
    0x7F, 0xE7, 0x7B, 0x18, 0xA8, 0xFD, 0x73, 0x5D, 0x48, 0xB9, 0xF9, 0x62, 0x7A, 0xAE, 0x83, 0xED,
    0x59, 0xC0, 0x3D, 0x21, 0xEE, 0x9B, 0x9E, 0x86, 0xF6, 0x71, 0x4F, 0xCA, 0xB1, 0xEE, 0x97, 0x25,
    0xB0, 0xC0, 0x0B, 0xC0, 0x03, 0x24, 0x8D, 0x17, 0xFC, 0x4D, 0xD0, 0x24, 0x85, 0x01, 0x29, 0x7E,
    0x4F, 0xE1, 0xF7, 0xFD, 0x72, 0x9A, 0xC4, 0x40, 0x14, 0xEA, 0x6D, 0x3D, 0x49, 0x7B, 0xC3, 0xA4,
    0xB6, 0x62, 0xBA, 0x08, 0x64, 0xBF, 0x1D, 0x15, 0x01, 0xAD, 0x75, 0x1B, 0x70, 0xBE, 0x02, 0xD6,
    0xE6, 0x5E, 0xB6, 0x65, 0x92, 0x3F, 0x89, 0xD8, 0x0C, 0x8B, 0x2D, 0x22, 0xB1, 0xB5, 0x2C, 0x36,
    0x8D, 0x4F, 0xD4, 0x8D, 0x8D, 0x35, 0xBD, 0xA6, 0x69, 0x36, 0x6F, 0x60, 0x81, 0x62, 0xD8, 0x02,
    0xE0, 0x63, 0x6B, 0x7C, 0x64, 0x4B, 0xFF, 0xE4, 0x6A, 0x4B, 0xB7, 0xE8, 0x4A, 0x65, 0xDA, 0xAA,
    0x94, 0x3A, 0x6D, 0x2B, 0x6D, 0x9D, 0x17, 0xDF, 0xB6, 0x52, 0x54, 0x2A, 0xD2, 0x43, 0x08, 0x0E,
    0xED, 0x10, 0x09, 0xF2, 0x3D, 0x2C, 0x43, 0x47, 0x22, 0xCC, 0x5A, 0x0C, 0x3F, 0x66, 0x65, 0xF4,
    0x48, 0x8F, 0xCA, 0x72, 0xA2, 0x83, 0x5A, 0xBB, 0xDE, 0x4F, 0x83, 0xBB, 0x48, 0x8F, 0xEA, 0x6B,
    0x59, 0x58, 0xC9, 0x2B, 0xC5, 0x35, 0x6E, 0xBA, 0x40, 0xD2, 0x68, 0x7E, 0xFC, 0x2E, 0x56, 0x29,
    0x36, 0x5A, 0x65, 0xDE, 0x49, 0x53, 0x5B, 0x9B, 0x02, 0xF1, 0x3D, 0x47, 0xC3, 0x82, 0x47, 0x23,
    0x25, 0x14, 0x9F, 0x72, 0x93, 0x8A, 0x89, 0x50, 0x4B, 0x01, 0x08, 0xE0, 0xE9, 0x25, 0xD8, 0xD6,
    0x51, 0x18, 0xF8, 0x2A, 0xFE, 0xF5, 0xE2, 0xF0, 0x5E, 0xA0, 0x3E, 0xF0, 0x70, 0xC4, 0x85, 0x13,
    0x68, 0x0C, 0x04, 0x8E, 0xDD, 0x6F, 0x31, 0x10, 0x7E, 0x3B, 0x3B, 0xCE, 0xAF, 0x31, 0xA0, 0x6E,
    0x65, 0xC4, 0xF6, 0xBC, 0x87, 0xAC, 0xD4, 0xCD, 0x02, 0x82, 0x63, 0x8B, 0xB6, 0x52, 0xB5, 0xFB,
    0xA9, 0x0E, 0x5E, 0x19, 0xDA, 0x72, 0xB4, 0x63, 0x73, 0x85, 0xCC, 0xD3, 0xC3, 0x93, 0x54, 0x0E,
    0x04, 0x44, 0xFB, 0xF2, 0x01, 0x62, 0x25, 0x50, 0xD0, 0x23, 0x5F, 0xF6, 0x2C, 0xAA, 0x46, 0x8A,
    0x1A, 0x28, 0xCA, 0x99, 0x3A, 0x66, 0x7D, 0xC6, 0x05, 0xF1, 0xBE, 0x3E, 0x6E, 0xE7, 0x26, 0xE0,
    0x82, 0xE6, 0xF7, 0x57, 0x3D, 0xAD, 0x64, 0xF4, 0x94, 0x92, 0xD4, 0x2E, 0xBF, 0x95, 0x57, 0x4F,
    0x2D, 0xFF, 0x97, 0x90, 0x10, 0x4E, 0x13, 0x97, 0x01, 0x60, 0x7E, 0x08, 0xEB, 0x21, 0x80, 0x0C,
    0xFA, 0x1C, 0x27, 0x97, 0xEA, 0x55, 0x3F, 0xA7, 0x00, 0x77, 0x56, 0x20, 0x1F, 0x20, 0x4C, 0x18,
    0x24, 0xDE, 0x1E, 0x0B, 0x13, 0x4C, 0x8F, 0xAA, 0xDF, 0x6A, 0x9B, 0xBF, 0xD5, 0xFB, 0xB6, 0x7E,
    0xB6, 0xF5, 0xBA, 0x2F, 0xB7, 0xF6, 0xFD, 0xC9, 0x56, 0xDB, 0xF9, 0xF4, 0x7C, 0xC4, 0x11, 0xD9,
    0x83, 0x6F, 0x04, 0x05, 0x1F, 0x03, 0x05, 0x9D, 0xA0, 0xE0, 0x6C, 0x77, 0xF0, 0xA8, 0xB1, 0xA1,
    0x86, 0x8A, 0xF3, 0x46, 0xDF, 0x1B, 0x36, 0x02, 0x92, 0xD9, 0x61, 0xC0, 0x61, 0x1B, 0x77, 0xF9,
    0x94, 0x00, 0x8B, 0xAC, 0x1D, 0x47, 0x09, 0x65, 0x4B, 0x80, 0x86, 0x6A, 0xC3, 0xE1, 0x0A, 0x7B,
    0x9B, 0x01, 0xCE, 0xAD, 0xD6, 0xF8, 0x3D, 0x34, 0x5C, 0x4B, 0xD7, 0xE1, 0x1E, 0x3E, 0xB9, 0xA7,
    0xCF, 0x24, 0x4A, 0x8C, 0x9C, 0xDA, 0x7F, 0xAC, 0xDB, 0x10, 0x5F, 0x6B, 0x68, 0x68, 0xF4, 0x7C,
    0x97, 0x99, 0x9F, 0x11, 0x4F, 0x17, 0xCF, 0xB1, 0x58, 0x0F, 0x4F, 0x17, 0xB0, 0xCF, 0x67, 0xA9,
    0x7E, 0x8A, 0xD6, 0x4B, 0x26, 0xD5, 0xE3, 0xED, 0xF8, 0xFC, 0x24, 0xF1, 0xBF, 0x5C, 0x59, 0xD3,
    0x7B, 0x0F, 0xB6, 0xAD, 0x0D, 0xC9, 0x95, 0x82, 0x66, 0x2E, 0x0D, 0x45, 0xD0, 0x1C, 0x98, 0x22,
    0xE4, 0xCA, 0xE1, 0x02, 0x3F, 0x49, 0xA0, 0xF5, 0xC3, 0x65, 0x2C, 0xB7, 0x71, 0x7D, 0x61, 0xCD,
    0xBA, 0x61, 0x36, 0xBC, 0x10, 0x79, 0xC3, 0xF3, 0xA2, 0x88, 0x61, 0x38, 0x67, 0x19, 0xDA, 0xD3,
    0x96, 0x89, 0x2D, 0x60, 0xF6, 0xB1, 0x82, 0xBE, 0x9E, 0xD5, 0x6D, 0x27, 0xE5, 0xB7, 0xB2, 0x59,
    0x5B, 0x61, 0x39, 0x0B, 0x5C, 0x33, 0x5C, 0x27, 0x51, 0xB7, 0x3C, 0x1B, 0x0B, 0x89, 0x8A, 0x22,
    0x94, 0x27, 0x91, 0xC9, 0x5A, 0x9A, 0x1E, 0x52, 0x93, 0x8A, 0x47, 0x3E, 0x77, 0xBA, 0x81, 0x84,
    0xD7, 0x32, 0x92, 0x04, 0x7B, 0xDB, 0x11, 0x9F, 0x33, 0xC5, 0x39, 0xE1, 0x0A, 0x63, 0x58, 0x99,
    0x6F, 0xED, 0xA9, 0x75, 0xD1, 0x51, 0xBB, 0x8D, 0x95, 0x5E, 0x7A, 0x66, 0x84, 0x99, 0x3D, 0x13,
    0xC2, 0x1F, 0xB2, 0x77, 0xF5, 0x4F, 0xD2, 0x5E, 0xEF, 0x19, 0xD8, 0x98, 0x6B, 0xB5, 0x5B, 0x88,
    0x6D, 0x13, 0xF2, 0x51, 0xD3, 0x9A, 0x64, 0x19, 0x98, 0x2A, 0x80, 0x50, 0xB9, 0xA4, 0x86, 0xAF,
    0x75, 0xC8, 0x8C, 0x56, 0x83, 0x1C, 0x36, 0xAC, 0xE3, 0x79, 0xCB, 0xF5, 0xDF, 0x71, 0x0B, 0x06,
    0xEC, 0xB9, 0xC7, 0xD0, 0x48, 0xF4, 0xCD, 0x6B, 0x1A, 0x58, 0x11, 0xC9, 0x35, 0x19, 0x92, 0xB4,
    0x52, 0x69, 0x91, 0x8F, 0x65, 0xC6, 0x18, 0x8C, 0x87, 0x8F, 0xD2, 0xB5, 0x4C, 0x4B, 0xBA, 0x7E,
    0x68, 0x36, 0x9E, 0xE9, 0x69, 0xB8, 0x24, 0xEE, 0x1D, 0x09, 0x15, 0x4D, 0x97, 0x6B, 0xB6, 0x5C,
    0x67, 0xE6, 0xCE, 0x3D, 0x20, 0xAD, 0x1D, 0xDC, 0xF9, 0xA4, 0x4D, 0xD1, 0xF3, 0x3E, 0xC6, 0x31,
    0xF5, 0x56, 0xB4, 0x7C, 0xA3, 0x4A, 0xEE, 0xCB, 0x06, 0xA7, 0xA8, 0x78, 0x66, 0x35, 0x9C, 0x7E,
    0x65, 0x60, 0xAA, 0x7E, 0xB3, 0x7A, 0xD7, 0x83, 0x76, 0x7B, 0x23, 0xB3, 0x27, 0xA3, 0x6A, 0xAB,
    0x66, 0xAB, 0x62, 0xAB, 0x5E, 0xAB, 0x1A, 0x5E, 0x4F, 0x93, 0x6F, 0x3D, 0x12, 0xB3, 0xED, 0xF9,
    0x0A, 0xCB, 0x57, 0x8C, 0x52, 0xFF, 0x88, 0x75, 0xB9, 0xB4, 0x5A, 0x9C, 0xAD, 0xB9, 0xFA, 0x99,
    0x94, 0x87, 0xB5, 0x49, 0xCF, 0x02, 0x74, 0xAC, 0xC5, 0x72, 0x22, 0x80, 0xF7, 0x9D, 0x48, 0x8B,
    0x37, 0x90, 0x3C, 0xEB, 0x72, 0xC7, 0x83, 0x18, 0xB4, 0xB8, 0xB0, 0x85, 0xE8, 0xFE, 0x44, 0x97,
    0x5D, 0x1D, 0x5B, 0x3B, 0x6E, 0x5C, 0xE5, 0x92, 0x00, 0x57, 0x99, 0xE3, 0x5A, 0xD8, 0x83, 0xAF,
    0xF6, 0x10, 0x6C, 0xF5, 0x6C, 0xCF, 0x3E, 0xDB, 0xC2, 0xE0, 0xDD, 0x8C, 0xC1, 0x83, 0x97, 0x81,
    0xC1, 0xDD, 0x49, 0x92, 0x3C, 0x35, 0x7F, 0x61, 0xD9, 0x7C, 0xC3, 0xDC, 0x46, 0x4A, 0x53, 0x3B,
    0x5E, 0x67, 0x8F, 0x46, 0x2E, 0xB8, 0xBB, 0x03, 0x29, 0xF7, 0x97, 0xB9, 0x3B, 0x0B, 0x97, 0xDC,
    0x5D, 0xA5, 0x3F, 0x07, 0x77, 0xFF, 0x1F, 0xB5, 0x54, 0x3B, 0x8E, 0xDC, 0x30, 0x0C, 0xE5, 0xD8,
    0xC0, 0x1A, 0x88, 0x0A, 0xF5, 0x9B, 0xC2, 0xFD, 0x36, 0x3E, 0x82, 0x7C, 0x9D, 0xE4, 0x12, 0xE3,
    0x23, 0xCC, 0x21, 0xB6, 0xCF, 0x11, 0xA4, 0xDC, 0xC0, 0xB9, 0x81, 0xEB, 0x54, 0x2A, 0x5C, 0x28,
    0x80, 0x24, 0xE6, 0x51, 0xB2, 0x0D, 0xCF, 0x7E, 0x80, 0x5D, 0x20, 0x11, 0x30, 0xB4, 0x49, 0x3D,
    0x92, 0x8F, 0x1F, 0x0F, 0xF3, 0xAB, 0xE3, 0xDF, 0x13, 0x1F, 0x39, 0x6D, 0x6C, 0x83, 0xF2, 0xDA,
    0xF7, 0x8B, 0x71, 0x66, 0xB5, 0x69, 0xB7, 0x9B, 0xA8, 0x7D, 0x73, 0x1B, 0x82, 0xCD, 0x55, 0xB7,
    0xD9, 0x24, 0x15, 0xBB, 0x8A, 0x9D, 0x8D, 0x7B, 0x1A, 0xB5, 0x37, 0x71, 0x47, 0x5F, 0x73, 0x1F,
    0xDB, 0xA8, 0x56, 0xED, 0xF5, 0x32, 0x38, 0xE3, 0xDA, 0x48, 0x4C, 0x6D, 0xA0, 0x4C, 0xCA, 0x37,
    0x91, 0xB4, 0x87, 0xA1, 0x5F, 0xBA, 0x40, 0xC6, 0x69, 0x4F, 0x66, 0xD5, 0x89, 0x6C, 0x1A, 0x78,
    0x44, 0x1E, 0x76, 0x2F, 0x04, 0x32, 0x73, 0xF5, 0x68, 0x6E, 0xF4, 0x4C, 0x43, 0x50, 0x99, 0x6C,
    0x1E, 0x78, 0x7A, 0x81, 0x2B, 0x36, 0x93, 0x34, 0x8F, 0x2A, 0x36, 0x4C, 0x5D, 0xB8, 0xDC, 0x65,
    0x9B, 0xBB, 0xB5, 0x66, 0x7B, 0x1A, 0xBF, 0xDC, 0xAA, 0xAD, 0x44, 0x7E, 0x2B, 0x25, 0xE8, 0xF3,
    0xD4, 0xC7, 0x0E, 0x9C, 0x85, 0xB8, 0x5A, 0x9B, 0x54, 0x3D, 0xF4, 0x82, 0x22, 0x06, 0xA7, 0x7C,
    0x0D, 0x45, 0x0D, 0x43, 0x7C, 0x5C, 0x96, 0xDE, 0xB8, 0xF7, 0xE4, 0x67, 0xA3, 0xFD, 0x3F, 0xF9,
    0x59, 0x9E, 0xFF, 0xAC, 0x2E, 0xBB, 0x50, 0xC7, 0x89, 0x7A, 0xE6, 0xD1, 0xC0, 0xD3, 0x32, 0x2F,
    0xDB, 0xF2, 0x1E, 0x3F, 0xB1, 0xC9, 0x9D, 0x60, 0x04, 0x2B, 0x3E, 0x0F, 0x37, 0x7A, 0x24, 0xFA,
    0x86, 0xDD, 0x80, 0xD6, 0xF0, 0x64, 0x73, 0xC3, 0x41, 0x89, 0x6F, 0xCB, 0x98, 0xB1, 0x7F, 0xF9,
    0xDC, 0xEF, 0x77, 0x3C, 0x16, 0xEB, 0x71, 0x84, 0xBF, 0x04, 0x3A, 0x1F, 0x66, 0x08, 0x9D, 0x37,
    0xAD, 0x63, 0x9E, 0x09, 0x4B, 0xB3, 0xA9, 0x20, 0xB0, 0x22, 0xBB, 0xDF, 0x54, 0x70, 0x8A, 0x74,
    0x11, 0x44, 0x39, 0x36, 0xDB, 0x44, 0x2D, 0x4F, 0x7B, 0x24, 0x8F, 0x55, 0x53, 0x7C, 0x04, 0x9E,
    0xB1, 0x5B, 0x7D, 0x3A, 0x54, 0xD7, 0x32, 0x99, 0x70, 0xA7, 0xB2, 0x3F, 0xD4, 0x45, 0xF1, 0x05,
    0x6D, 0xDC, 0x23, 0xAF, 0x43, 0x6E, 0x79, 0xA4, 0x53, 0xDE, 0x83, 0x22, 0xD1, 0xC0, 0x1C, 0x86,
    0x78, 0xB1, 0x28, 0xE4, 0xEB, 0x1F, 0x90, 0x47, 0xC7, 0x8C, 0xEF, 0xD1, 0xA7, 0x8B, 0xB0, 0x6F,
    0x18, 0x9F, 0xCD, 0x82, 0x16, 0x4E, 0x0A, 0x38, 0xA0, 0x43, 0xC3, 0x3F, 0xD1, 0xD5, 0x19, 0xC5,
    0xA4, 0x5A, 0x63, 0x2B, 0x4D, 0x46, 0xD0, 0xC2, 0x55, 0x27, 0xC5, 0xBF, 0x38, 0x58, 0x7C, 0x55,
    0x52, 0xC9, 0x10, 0x90, 0x69, 0x88, 0x8C, 0x9E, 0x09, 0x9D, 0xAB, 0xD7, 0xF8, 0x24, 0x22, 0xDE,
    0x8B, 0xCA, 0xEE, 0xAC, 0xA2, 0x76, 0x7C, 0xD5, 0x7D, 0xE4, 0xB9, 0x70, 0x47, 0xBD, 0xE8, 0x00,
    0xFE, 0x21, 0x7C, 0x2B, 0x2A, 0x90, 0x1D, 0xFF, 0xE6, 0xF5, 0x9A, 0x7F, 0x48, 0x29, 0x66, 0xA5,
    0x73, 0x5E, 0x8C, 0x54, 0x76, 0xCA, 0x69, 0xE9, 0x29, 0x95, 0x70, 0xB8, 0x11, 0x88, 0x97, 0xC0,
    0x30, 0x29, 0x61, 0x6F, 0x8F, 0xF6, 0xD2, 0x77, 0x04, 0x79, 0x78, 0x2E, 0x17, 0x1E, 0x93, 0x71,
    0xC0, 0x8F, 0xC4, 0x19, 0x05, 0x47, 0x38, 0x78, 0xE4, 0x5E, 0xD0, 0x1A, 0x31, 0x53, 0x79, 0x6A,
    0x34, 0x43, 0xEC, 0x72, 0x2F, 0xB8, 0x82, 0x17, 0x3F, 0x25, 0x24, 0x8E, 0x57, 0x60, 0x90, 0x47,
    0x5A, 0x73, 0x3D, 0x39, 0x76, 0xA7, 0x80, 0x62, 0xE7, 0x54, 0x70, 0xE7, 0xD4, 0x72, 0xB6, 0x99,
    0x6D, 0xB3, 0xDA, 0x86, 0xDF, 0xD7, 0xF5, 0x41, 0xC1, 0x75, 0xB4, 0x54, 0x76, 0x7F, 0x03, 0x16,
    0xDB, 0x36, 0xCC, 0xA1, 0x02, 0xAF, 0xFE, 0x35, 0xB0, 0xDB, 0x80, 0x75, 0x7F, 0xB6, 0xBD, 0xD9,
    0x81, 0x73, 0x0D, 0x35, 0x9D, 0x72, 0xEA, 0x78, 0x06, 0xD6, 0x8D, 0xBD, 0x27, 0xA7, 0xDF, 0x22,
    0xF7, 0x17, 0x63, 0x60, 0xFA, 0xCF, 0xC0, 0xC0, 0x0D, 0xC4, 0xF2, 0x40, 0x6C, 0x0F, 0xC4, 0xFF,
    0xFF, 0x33, 0x30, 0x01, 0x31, 0xF7, 0xDF, 0xFF, 0x0C, 0xF2, 0x1F, 0xFF, 0x33, 0xD8, 0x1F, 0xFC,
    0x0F, 0x14, 0xFA, 0xFF, 0x01, 0x19, 0x33, 0x30, 0x02, 0xD5, 0x41, 0x31, 0x00, 0x6D, 0x90, 0xBD,
    0x0D, 0x83, 0x30, 0x14, 0x84, 0x0F, 0x22, 0x41, 0x91, 0x22, 0x13, 0x44, 0x4C, 0x10, 0x65, 0x04,
    0xB3, 0x19, 0xCB, 0xA4, 0x89, 0x52, 0x64, 0x04, 0x50, 0x26, 0x61, 0x04, 0x17, 0x14, 0x08, 0x11,
    0x2E, 0xE7, 0x67, 0x7E, 0xA5, 0x50, 0x9C, 0xA5, 0xF7, 0x7C, 0xDF, 0x9D, 0x01, 0x90, 0xD2, 0xE3,
    0xA0, 0x8E, 0xE4, 0x51, 0x77, 0xDB, 0xE4, 0x11, 0xB4, 0xE2, 0x87, 0x3E, 0x25, 0x07, 0xFA, 0xB3,
    0x6E, 0xD0, 0x17, 0xA6, 0x8E, 0x43, 0x4D, 0x5F, 0x11, 0x17, 0xFA, 0xFA, 0x8B, 0x9C, 0x9E, 0x23,
    0x4E, 0xD2, 0x3E, 0x78, 0xFF, 0xA8, 0x6D, 0xE3, 0xCD, 0x8A, 0xE5, 0x65, 0x21, 0x44, 0x9A, 0x91,
    0x3B, 0xA5, 0x74, 0xEC, 0x94, 0xD8, 0x48, 0x93, 0x07, 0x96, 0x2F, 0x34, 0xE3, 0xB8, 0x57, 0x0D,
    0xB3, 0x27, 0xAC, 0xA7, 0xD5, 0x15, 0x65, 0xD2, 0x51, 0x6B, 0xD7, 0x84, 0x59, 0x98, 0xE6, 0x9C,
    0xDE, 0xCA, 0x56, 0x12, 0x64, 0x28, 0xB4, 0x70, 0xAD, 0x50, 0x25, 0x6E, 0x81, 0x68, 0x60, 0xD5,
    0x89, 0xE6, 0x40, 0x74, 0xE6, 0x32, 0x46, 0xAB, 0xA9, 0xAC, 0x58, 0x8F, 0x99, 0xEF, 0x62, 0xB4,
    0xAE, 0xF4, 0x9B, 0x1D, 0xD5, 0x34, 0xB7, 0x04, 0xAE, 0xC0, 0x3D, 0x04, 0x75, 0x4B, 0xAC, 0x4A,
    0xBC, 0xEC, 0x07, 0x6C, 0xF0, 0x66, 0xC5, 0xA5, 0x31, 0x09, 0x99, 0x9E, 0xFA, 0x03, 0xD5, 0x55,
    0xA1, 0x92, 0xDB, 0x40, 0x0C, 0xDD, 0xC4, 0x33, 0x31, 0x30, 0x58, 0xD2, 0x92, 0x06, 0x18, 0x95,
    0x1C, 0xF1, 0x27, 0x38, 0xFD, 0x83, 0x82, 0x86, 0x97, 0x16, 0xDD, 0x1F, 0xD4, 0xC7, 0x4B, 0x42,
    0xCA, 0x0F, 0x14, 0x85, 0xDC, 0x27, 0xD8, 0x7F, 0xD0, 0xB0, 0xC2, 0x1A, 0xA4, 0xA0, 0x53, 0x62,
    0x60, 0xE0, 0x76, 0x6C, 0xBF, 0xEA, 0x49, 0xEB, 0xC4, 0x37, 0x73, 0xC9, 0x4D, 0x61, 0x77, 0x32,
    0xDA, 0xCD, 0xEA, 0xED, 0x3E, 0x49, 0x2B, 0xC9, 0xCE, 0x8F, 0x1B, 0xE7, 0x9C, 0xC7, 0xA0, 0x12,
    0x95, 0xCA, 0x56, 0x65, 0x2F, 0x5B, 0x2B, 0x40, 0xA4, 0x4B, 0x41, 0x54, 0x44, 0xB5, 0x5B, 0xA8,
    0x74, 0xA8, 0x5D, 0x8C, 0xBA, 0xA8, 0x5D, 0x81, 0x21, 0x6F, 0x16, 0x00, 0xCA, 0x26, 0x16, 0x89,
    0xC6, 0xAB, 0xCC, 0x44, 0x89, 0x26, 0x87, 0x4B, 0x44, 0x8E, 0x72, 0xB6, 0x29, 0xFA, 0x20, 0x97,
    0xA2, 0xE2, 0xBA, 0xD6, 0xFD, 0x2A, 0xC7, 0xC6, 0xA3, 0x4A, 0x71, 0x2C, 0xB8, 0x90, 0x21, 0x9B,
    0xCA, 0xCE, 0x6B, 0x9C, 0xCB, 0x80, 0x3B, 0x27, 0x67, 0x3A, 0x27, 0x54, 0x54, 0x5C, 0x94, 0x02,
    0x4E, 0xFF, 0x37, 0x79, 0xD5, 0xA3, 0x1C, 0x9F, 0xB7, 0xDB, 0x77, 0xA9, 0x06, 0x3C, 0x91, 0x80,
    0xF3, 0x09, 0x3A, 0x0D, 0x3E, 0x9F, 0xCB, 0xE5, 0xE1, 0x6D, 0x4C, 0xDD, 0x5C, 0x53, 0x7B, 0x3D,
    0x6D, 0x6B, 0xDB, 0x57, 0x8C, 0xE1, 0xED, 0xEC, 0x13, 0xCA, 0xF6, 0xC4, 0x3B, 0x29, 0x69, 0xCF,
    0x33, 0xAF, 0xA0, 0xAF, 0x7F, 0x49, 0xBE, 0xDC, 0xCA, 0x78, 0xEB, 0x94, 0x83, 0xA4, 0xCC, 0x02,
    0xA7, 0x2C, 0x95, 0x19, 0xAB, 0x2A, 0xC9, 0x0B, 0x8E, 0x92, 0x19, 0x28, 0xF9, 0x16, 0x80, 0x07,
    0xA7, 0x8E, 0x28, 0x30, 0x0B, 0xC0, 0xC1, 0xAE, 0x52, 0xAF, 0x97, 0x06, 0x8C, 0x0D, 0xE1, 0x99,
    0x35, 0x27, 0x60, 0xD1, 0x1B, 0xB0, 0xB5, 0xAB, 0x9A, 0x19, 0xA7, 0xD7, 0xDC, 0xBE, 0xC0, 0x59,
    0xCF, 0x38, 0xD3, 0x47, 0x9C, 0x71, 0xCF, 0x8D, 0x9C, 0xE9, 0x1B, 0x7E, 0xF2, 0x37, 0x36, 0xDD,
    0x8C, 0xB1, 0xEC, 0x66, 0xC4, 0xC1, 0xE7, 0x70, 0xFB, 0xD2, 0x6E, 0xB7, 0xAA, 0x9A, 0xA6, 0xC4,
    0xCC, 0x0E, 0x46, 0x79, 0xA3, 0x0C, 0xCC, 0xD9, 0x38, 0x37, 0x20, 0xEF, 0x9F, 0xE6, 0xB9, 0xD9,
    0x7F, 0x21, 0x4F, 0x81, 0x7E, 0xA1, 0xD3, 0x40, 0x1E, 0x89, 0x3E, 0x09, 0xCE, 0xD3, 0x27, 0xD2,
    0x45, 0xF8, 0x4A, 0xBA, 0x08, 0xDF, 0xA1, 0x66, 0x59, 0xB1, 0x03, 0xCA, 0x53, 0x4E, 0x59, 0xD4,
    0x5B, 0x1C, 0x7B, 0x33, 0xA8, 0xB3, 0xA9, 0xB5, 0x50, 0xCF, 0x1D, 0x71, 0xE6, 0x5B, 0x27, 0xD8,
    0x4D, 0x02, 0xBC, 0x01, 0x6A, 0xA9, 0xDD, 0x5F, 0x40, 0xA7, 0x6F, 0x8F, 0x01, 0xBF, 0x4B, 0x8C,
    0xB7, 0xC0, 0xC1, 0x83, 0xAD, 0xA2, 0x8A, 0xF8, 0x43, 0x2D, 0xFF, 0x04, 0x3E, 0xB2, 0x83, 0x20,
    0x20, 0xE5, 0xDC, 0x37, 0x39, 0x27, 0xDB, 0x62, 0x4D, 0xED, 0xCA, 0xA3, 0x5B, 0xD3, 0xA6, 0xB4,
    0x53, 0xBB, 0xC8, 0x28, 0x76, 0x47, 0xA3, 0xF8, 0x90, 0x0C, 0xB2, 0xF2, 0x7D, 0x21, 0x36, 0xD1,
    0xC0, 0x94, 0x22, 0xFB, 0x77, 0x31, 0x3C, 0x12, 0xE9, 0x45, 0xD1, 0xCF, 0x45, 0x4E, 0x7B, 0xF0,
    0xD0, 0x32, 0x64, 0x0D, 0xC5, 0x81, 0xE1, 0x92, 0x87, 0x4B, 0x34, 0x48, 0x1F, 0xDC, 0x82, 0x2D,
    0x32, 0x6A, 0x3D, 0xC6, 0x64, 0xCC, 0xE8, 0x57, 0x6E, 0x55, 0x2D, 0xAE, 0xE5, 0x12, 0x9B, 0x66,
    0x55, 0x2D, 0xC5, 0xFA, 0x17, 0x82, 0x93, 0xEC, 0x8E, 0x8E, 0x17, 0x71, 0xB1, 0xE2, 0xC2, 0x58,
    0x6A, 0x21, 0xC4, 0xA1, 0xAC, 0x37, 0x56, 0xB3, 0xCF, 0x55, 0x5D, 0x31, 0xB2, 0xEA, 0xF8, 0x86,
    0x37, 0x7B, 0xFC, 0xD9, 0xDF, 0x5F, 0xC7, 0x5B, 0x25, 0x4D, 0x14, 0x77, 0xA7, 0xB6, 0x70, 0x1E,
    0x49, 0x33, 0xF5, 0x8D, 0x35, 0x7D, 0x5F, 0xF3, 0xD4, 0xFA, 0x74, 0xC3, 0xB8, 0x13, 0xF9, 0x93,
    0xFD, 0x9A, 0x89, 0x21, 0xEB, 0x1F, 0xD6, 0xBB, 0xC7, 0x8D, 0x61, 0x0C, 0x1F, 0xCE, 0x72, 0xD2,
    0x34, 0x5A, 0x5B, 0x77, 0x78, 0x7F, 0xDD, 0x36, 0xE3, 0xFF, 0xA8, 0xE5, 0x51, 0xE8, 0xC7, 0xAB,
    0xD0, 0x0F, 0x04, 0xB5, 0x77, 0x16, 0x87, 0xDD, 0x2B, 0x43, 0x2E, 0x1E, 0x0C, 0x7F, 0x3B, 0xAD,
    0x57, 0xE7, 0x7B, 0x68, 0x21, 0x76, 0xC4, 0xEF, 0x78, 0x76, 0xC7, 0x7B, 0x34, 0xC4, 0xAF, 0xB5,
    0x43, 0x5D, 0xB7, 0xE1, 0x2F, 0xCD, 0x93, 0xC1, 0x0D, 0xC2, 0x30, 0x0C, 0x45, 0xDD, 0x20, 0xB5,
    0x87, 0x1E, 0x3A, 0x42, 0x47, 0xE8, 0x08, 0x61, 0x33, 0x60, 0xB2, 0x80, 0x58, 0x80, 0x11, 0x18,
    0x21, 0x87, 0x1E, 0x38, 0x14, 0x3E, 0x3F, 0xB1, 0x11, 0x48, 0x40, 0x01, 0x51, 0x21, 0x7C, 0xF9,
    0x2F, 0x8A, 0xA3, 0xC4, 0xF9, 0xB6, 0x94, 0xE8, 0x25, 0x40, 0x3C, 0xFA, 0x0A, 0x20, 0xF5, 0x0D,
    0x05, 0xE8, 0x3B, 0xA0, 0x00, 0xA2, 0x07, 0x1C, 0x0E, 0xDC, 0x16, 0x87, 0x28, 0xFE, 0xF4, 0x58,
    0xF0, 0x3A, 0xC6, 0x8E, 0x4F, 0x2A, 0x29, 0xAA, 0xA3, 0x70, 0x39, 0xB4, 0x98, 0x4B, 0x8B, 0xC1,
    0x63, 0xCD, 0x02, 0xB2, 0x04, 0x15, 0xE0, 0x90, 0xF6, 0x30, 0xE4, 0x4C, 0xD6, 0x97, 0xE2, 0x91,
    0x84, 0xFC, 0xF6, 0xE5, 0x98, 0xA4, 0xCC, 0xE6, 0x27, 0x52, 0xB2, 0x40, 0x86, 0x57, 0x09, 0x34,
    0x87, 0xD5, 0x22, 0x4B, 0xA1, 0xE2, 0x68, 0xE6, 0x8B, 0xEF, 0x81, 0x66, 0x8E, 0xC9, 0x14, 0x3E,
    0x58, 0xBF, 0xA8, 0xEF, 0x9D, 0x4A, 0xAB, 0x52, 0xAB, 0x14, 0xEC, 0x3A, 0x8B, 0xC5, 0x2E, 0xB9,
    0xC5, 0xB4, 0x0D, 0xDF, 0x4F, 0xC3, 0x58, 0xCD, 0x96, 0x6B, 0x7A, 0x36, 0x53, 0xA2, 0x6D, 0xB5,
    0x12, 0x30, 0xB0, 0x41, 0x57, 0xCC, 0xE3, 0xA2, 0xA1, 0x95, 0x3C, 0x6B, 0xDF, 0xA3, 0xA6, 0x3D,
    0xA7, 0x70, 0x69, 0xC5, 0xF8, 0x2E, 0xD9, 0x59, 0xF7, 0x67, 0x64, 0x23, 0xAB, 0xBD, 0x90, 0xC7,
    0x56, 0xFB, 0x21, 0x8D, 0xEE, 0x0C, 0x7B, 0xB1, 0xF1, 0x4D, 0x68, 0x23, 0x9C, 0xD0, 0xC6, 0x58,
    0x31, 0x1B, 0xF5, 0x16, 0xDA, 0x5F, 0x7C, 0x8A, 0x9F, 0x5C, 0xF1, 0x2D, 0xC6, 0x2B, 0x22, 0xDE,
    0xA3, 0xBB, 0xA2, 0xDC, 0x60, 0x87, 0x78, 0x06, 0x55, 0x8E, 0xA1, 0x11, 0x80, 0x40, 0x10, 0x03,
    0x03, 0x2F, 0x98, 0x61, 0x9E, 0x3E, 0x90, 0x11, 0x94, 0x43, 0x11, 0x94, 0x40, 0x69, 0x07, 0x38,
    0x06, 0x41, 0x01, 0x14, 0x71, 0x02, 0x7F, 0xFC, 0xC7, 0x61, 0x22, 0xEE, 0x92, 0x6C, 0x22, 0x22,
    0xDC, 0x01, 0xF8, 0x0B, 0x34, 0xFE, 0x00, 0x89, 0x27, 0xD0, 0xF3, 0x00, 0x32, 0x77, 0xC3, 0x44,
    0xBB, 0xB1, 0xD0, 0x08, 0xA3, 0x8D, 0xED, 0x4A, 0xCB, 0x09, 0xB4, 0x6E, 0x28, 0x92, 0xE6, 0x22,
    0xF0, 0x9F, 0xE8, 0xA6, 0xAF, 0x7C, 0x4A, 0x28, 0x5B, 0x5B, 0xB6, 0xDA, 0xA7, 0x66, 0x31, 0xAE,
    0x4A, 0x13, 0x57, 0x0B, 0xA2, 0x6E, 0xF9, 0x00,
};

static const EpdGlyph lexenddeca_20_boldGlyphs[] = {
    { 0, 0, 0, 0, 0, 0, 0 }, // U+0000
    { 0, 0, 0, 0, 0, 0, 0 }, // U+0001
    { 0, 0, 0, 0, 0, 0, 0 }, // U+0002
    { 0, 0, 0, 0, 0, 0, 0 }, // U+0003
    { 0, 0, 0, 0, 0, 0, 0 }, // U+0004
    { 0, 0, 0, 0, 0, 0, 0 }, // U+0005
    { 0, 0, 0, 0, 0, 0, 0 }, // U+0006
    { 0, 0, 0, 0, 0, 0, 0 }, // U+0007
    { 0, 0, 0, 0, 0, 0, 0 }, // U+0008
    { 0, 0, 0, 0, 0, 0, 0 }, // U+0009
    { 0, 0, 0, 0, 0, 0, 0 }, // U+000A
    { 0, 0, 0, 0, 0, 0, 0 }, // U+000B
    { 0, 0, 0, 0, 0, 0, 0 }, // U+000C
    { 0, 0, 0, 0, 0, 0, 0 }, // U+000D
    { 0, 0, 0, 0, 0, 0, 0 }, // U+000E
    { 0, 0, 0, 0, 0, 0, 0 }, // U+000F
    { 0, 0, 0, 0, 0, 0, 0 }, // U+0010
    { 0, 0, 0, 0, 0, 0, 0 }, // U+0011
    { 0, 0, 0, 0, 0, 0, 0 }, // U+0012
    { 0, 0, 0, 0, 0, 0, 0 }, // U+0013
    { 0, 0, 0, 0, 0, 0, 0 }, // U+0014
    { 0, 0, 0, 0, 0, 0, 0 }, // U+0015
    { 0, 0, 0, 0, 0, 0, 0 }, // U+0016
    { 0, 0, 0, 0, 0, 0, 0 }, // U+0017
    { 0, 0, 0, 0, 0, 0, 0 }, // U+0018
    { 0, 0, 0, 0, 0, 0, 0 }, // U+0019
    { 0, 0, 0, 0, 0, 0, 0 }, // U+001A
    { 0, 0, 0, 0, 0, 0, 0 }, // U+001B
    { 0, 0, 0, 0, 0, 0, 0 }, // U+001C
    { 0, 0, 0, 0, 0, 0, 0 }, // U+001D
    { 0, 0, 0, 0, 0, 0, 0 }, // U+001E
    { 0, 0, 0, 0, 0, 0, 0 }, // U+001F
    { 0, 0, 213, 0, 0, 0, 0 }, // U+0020
    { 8, 29, 189, 2, 28, 58, 0 }, // !
    { 13, 10, 273, 2, 28, 33, 58 }, // "
    { 31, 28, 522, 1, 28, 217, 91 }, // #
    { 25, 34, 413, 0, 30, 213, 308 }, // $
    { 39, 30, 651, 1, 29, 293, 521 }, // %
    { 29, 30, 468, 1, 29, 218, 814 }, // &
    { 5, 10, 148, 2, 28, 13, 1032 }, // '
    { 13, 35, 244, 1, 28, 114, 1045 }, // (
    { 14, 35, 244, 1, 28, 123, 1159 }, // )
    { 16, 14, 289, 1, 28, 56, 1282 }, // *
    { 21, 20, 412, 2, 20, 105, 1338 }, // +
    { 8, 14, 162, 1, 8, 28, 1443 }, // ,
    { 14, 5, 249, 1, 13, 18, 1471 }, // -
    { 8, 9, 162, 1, 8, 18, 1489 }, // .
    { 18, 28, 295, 0, 28, 126, 1507 }, // /
    { 24, 30, 435, 2, 29, 180, 1633 }, // 0
    { 14, 28, 299, 1, 28, 98, 1813 }, // 1
    { 22, 29, 391, 1, 29, 160, 1911 }, // 2
    { 22, 30, 403, 1, 29, 165, 2071 }, // 3
    { 24, 28, 417, 1, 28, 168, 2236 }, // 4
    { 23, 29, 408, 1, 28, 167, 2404 }, // 5
    { 22, 30, 421, 2, 29, 165, 2571 }, // 6
    { 21, 28, 362, 1, 28, 147, 2736 }, // 7
    { 23, 30, 417, 2, 29, 173, 2883 }, // 8
    { 20, 29, 374, 2, 29, 145, 3056 }, // 9
    { 8, 22, 162, 1, 21, 44, 3201 }, // :
    { 8, 28, 162, 1, 21, 56, 3245 }, // ;
    { 21, 22, 382, 2, 21, 116, 3301 }, // <
    { 21, 13, 412, 2, 17, 69, 3417 }, // =
    { 21, 22, 382, 2, 21, 116, 3486 }, // >
    { 23, 30, 409, 1, 29, 173, 3602 }, // ?
    { 28, 30, 503, 1, 29, 210, 3775 }, // @
    { 29, 28, 460, 0, 28, 203, 3985 }, // A
    { 24, 28, 426, 2, 28, 168, 4188 }, // B
    { 26, 30, 449, 1, 29, 195, 4356 }, // C
    { 25, 28, 457, 2, 28, 175, 4551 }, // D
    { 22, 28, 387, 2, 28, 154, 4726 }, // E
    { 20, 28, 363, 2, 28, 140, 4880 }, // F
    { 27, 30, 479, 1, 29, 203, 5020 }, // G
    { 25, 28, 453, 2, 28, 175, 5223 }, // H
    { 14, 28, 307, 2, 28, 98, 5398 }, // I
    { 22, 29, 373, 0, 28, 160, 5496 }, // J
    { 26, 28, 439, 2, 28, 182, 5656 }, // K
    { 20, 28, 358, 2, 28, 140, 5838 }, // L
    { 32, 28, 561, 2, 28, 224, 5978 }, // M
    { 26, 28, 467, 2, 28, 182, 6202 }, // N
    { 29, 30, 509, 1, 29, 218, 6384 }, // O
    { 23, 28, 417, 2, 28, 161, 6602 }, // P
    { 31, 32, 521, 1, 29, 248, 6763 }, // Q
    { 25, 28, 436, 2, 28, 175, 7011 }, // R
    { 25, 30, 413, 0, 29, 188, 7186 }, // S
    { 24, 28, 411, 1, 28, 168, 7374 }, // T
    { 24, 29, 442, 2, 28, 174, 7542 }, // U
    { 27, 28, 437, 0, 28, 189, 7716 }, // V
    { 37, 28, 589, 0, 28, 259, 7905 }, // W
    { 29, 28, 466, 0, 28, 203, 8164 }, // X
    { 29, 28, 458, 0, 28, 203, 8367 }, // Y
    { 23, 28, 414, 1, 28, 161, 8570 }, // Z
    { 11, 35, 222, 2, 28, 97, 8731 }, // [
    { 18, 28, 295, 0, 28, 126, 8828 }, // <backslash>
    { 11, 35, 222, 1, 28, 97, 8954 }, // ]
    { 21, 15, 393, 2, 28, 79, 9051 }, // ^
    { 17, 5, 287, 1, 0, 22, 9130 }, // _
    { 9, 7, 209, 2, 31, 16, 9152 }, // `
    { 21, 22, 369, 1, 21, 116, 9168 }, // a
    { 22, 29, 397, 2, 28, 160, 9284 }, // b
    { 20, 22, 347, 1, 21, 110, 9444 }, // c
    { 23, 29, 397, 1, 28, 167, 9554 }, // d
    { 23, 22, 377, 0, 21, 127, 9721 }, // e
    { 14, 30, 245, 1, 30, 105, 9848 }, // f
    { 22, 30, 398, 1, 21, 165, 9953 }, // g
    { 20, 28, 381, 2, 28, 140, 10118 }, // h
    { 12, 31, 210, 0, 31, 93, 10258 }, // i
    { 13, 38, 173, -3, 31, 124, 10351 }, // j
    { 22, 28, 378, 2, 28, 154, 10475 }, // k
    { 11, 28, 207, 2, 28, 77, 10629 }, // l
    { 33, 21, 591, 2, 21, 174, 10706 }, // m
    { 20, 21, 381, 2, 21, 105, 10880 }, // n
    { 22, 22, 382, 1, 21, 121, 10985 }, // o
    { 22, 28, 397, 2, 21, 154, 11106 }, // p
    { 27, 28, 401, 1, 21, 189, 11260 }, // q
    { 13, 21, 248, 2, 21, 69, 11449 }, // r
    { 21, 22, 356, 0, 21, 116, 11518 }, // s
    { 14, 26, 253, 1, 26, 91, 11634 }, // t
    { 20, 21, 380, 2, 20, 105, 11725 }, // u
    { 22, 20, 351, 0, 20, 110, 11830 }, // v
    { 31, 20, 482, 0, 20, 155, 11940 }, // w
    { 23, 20, 355, 0, 20, 115, 12095 }, // x
    { 22, 27, 345, 0, 20, 149, 12210 }, // y
    { 19, 20, 344, 1, 20, 95, 12359 }, // z
    { 13, 35, 247, 1, 28, 114, 12454 }, // {
    { 7, 35, 156, 2, 28, 62, 12568 }, // |
    { 13, 35, 247, 1, 28, 114, 12630 }, // }
    { 19, 10, 355, 2, 16, 48, 12744 }, // ~
    { 0, 0, 0, 0, 0, 0, 12792 }, // U+007F
    { 0, 0, 0, 0, 0, 0, 0 }, // U+0080
    { 0, 0, 0, 0, 0, 0, 0 }, // U+0081
    { 0, 0, 0, 0, 0, 0, 0 }, // U+0082
    { 0, 0, 0, 0, 0, 0, 0 }, // U+0083
    { 0, 0, 0, 0, 0, 0, 0 }, // U+0084
    { 0, 0, 0, 0, 0, 0, 0 }, // U+0085
    { 0, 0, 0, 0, 0, 0, 0 }, // U+0086
    { 0, 0, 0, 0, 0, 0, 0 }, // U+0087
    { 0, 0, 0, 0, 0, 0, 0 }, // U+0088
    { 0, 0, 0, 0, 0, 0, 0 }, // U+0089
    { 0, 0, 0, 0, 0, 0, 0 }, // U+008A
    { 0, 0, 0, 0, 0, 0, 0 }, // U+008B
    { 0, 0, 0, 0, 0, 0, 0 }, // U+008C
    { 0, 0, 0, 0, 0, 0, 0 }, // U+008D
    { 0, 0, 0, 0, 0, 0, 0 }, // U+008E
    { 0, 0, 0, 0, 0, 0, 0 }, // U+008F
    { 0, 0, 0, 0, 0, 0, 0 }, // U+0090
    { 0, 0, 0, 0, 0, 0, 0 }, // U+0091
    { 0, 0, 0, 0, 0, 0, 0 }, // U+0092
    { 0, 0, 0, 0, 0, 0, 0 }, // U+0093
    { 0, 0, 0, 0, 0, 0, 0 }, // U+0094
    { 0, 0, 0, 0, 0, 0, 0 }, // U+0095
    { 0, 0, 0, 0, 0, 0, 0 }, // U+0096
    { 0, 0, 0, 0, 0, 0, 0 }, // U+0097
    { 0, 0, 0, 0, 0, 0, 0 }, // U+0098
    { 0, 0, 0, 0, 0, 0, 0 }, // U+0099
    { 0, 0, 0, 0, 0, 0, 0 }, // U+009A
    { 0, 0, 0, 0, 0, 0, 0 }, // U+009B
    { 0, 0, 0, 0, 0, 0, 0 }, // U+009C
    { 0, 0, 0, 0, 0, 0, 0 }, // U+009D
    { 0, 0, 0, 0, 0, 0, 0 }, // U+009E
    { 0, 0, 0, 0, 0, 0, 0 }, // U+009F
    { 0, 0, 213, 0, 0, 0, 0 }, // U+00A0
    { 8, 28, 189, 2, 21, 56, 0 }, // U+00A1
    { 20, 27, 347, 1, 23, 135, 56 }, // U+00A2
    { 24, 30, 411, 2, 29, 180, 191 }, // U+00A3
    { 22, 22, 397, 1, 24, 121, 371 }, // U+00A4
    { 29, 28, 458, 0, 28, 203, 492 }, // U+00A5
    { 5, 35, 144, 2, 28, 44, 695 }, // U+00A6
    { 22, 36, 385, 1, 29, 198, 739 }, // U+00A7
    { 14, 6, 301, 2, 30, 21, 937 }, // U+00A8
    { 29, 29, 532, 2, 29, 211, 958 }, // U+00A9
    { 13, 12, 263, 2, 29, 39, 1169 }, // U+00AA
    { 24, 17, 446, 2, 19, 102, 1208 }, // U+00AB
    { 21, 15, 412, 2, 17, 79, 1310 }, // U+00AC
    { 0, 0, 0, 0, 0, 0, 1389 }, // U+00AD
    { 29, 29, 532, 2, 29, 211, 1389 }, // U+00AE
    { 12, 4, 270, 2, 27, 12, 1600 }, // U+00AF
    { 14, 14, 269, 2, 29, 49, 1612 }, // U+00B0
    { 21, 20, 412, 2, 20, 105, 1661 }, // U+00B1
    { 13, 16, 271, 2, 33, 52, 1766 }, // U+00B2
    { 14, 16, 275, 1, 33, 56, 1818 }, // U+00B3
    { 9, 7, 209, 2, 31, 16, 1874 }, // U+00B4
    { 23, 27, 394, 2, 20, 156, 1890 }, // U+00B5
    { 20, 35, 343, 1, 28, 175, 2046 }, // U+00B6
    { 8, 8, 201, 2, 14, 16, 2221 }, // U+00B7
    { 10, 9, 214, 2, 1, 23, 2237 }, // U+00B8
    { 9, 16, 194, 2, 33, 36, 2260 }, // U+00B9
    { 13, 13, 273, 2, 30, 43, 2296 }, // U+00BA
    { 24, 17, 446, 2, 19, 102, 2339 }, // U+00BB
    { 32, 27, 569, 2, 27, 216, 2441 }, // U+00BC
    { 32, 27, 571, 2, 27, 216, 2657 }, // U+00BD
    { 36, 28, 639, 1, 28, 252, 2873 }, // U+00BE
    { 23, 28, 409, 2, 21, 161, 3125 }, // U+00BF
    { 29, 37, 460, 0, 37, 269, 3286 }, // U+00C0
    { 29, 37, 460, 0, 37, 269, 3555 }, // U+00C1
    { 29, 37, 460, 0, 37, 269, 3824 }, // U+00C2
    { 29, 35, 460, 0, 35, 254, 4093 }, // U+00C3
    { 30, 37, 460, -1, 37, 278, 4347 }, // U+00C4
    { 29, 36, 460, 0, 36, 261, 4625 }, // U+00C5
    { 41, 28, 677, 0, 28, 287, 4886 }, // U+00C6
    { 26, 37, 449, 1, 29, 241, 5173 }, // U+00C7
    { 22, 37, 387, 2, 37, 204, 5414 }, // U+00C8
    { 22, 37, 387, 2, 37, 204, 5618 }, // U+00C9
    { 22, 37, 387, 2, 37, 204, 5822 }, // U+00CA
    { 22, 37, 387, 2, 37, 204, 6026 }, // U+00CB
    { 14, 37, 307, 2, 37, 130, 6230 }, // U+00CC
    { 14, 37, 307, 2, 37, 130, 6360 }, // U+00CD
    { 16, 37, 307, 1, 37, 148, 6490 }, // U+00CE
    { 14, 37, 307, 2, 37, 130, 6638 }, // U+00CF
    { 30, 28, 515, 1, 28, 210, 6768 }, // U+00D0
    { 26, 35, 467, 2, 35, 228, 6978 }, // U+00D1
    { 29, 38, 509, 1, 37, 276, 7206 }, // U+00D2
    { 29, 38, 509, 1, 37, 276, 7482 }, // U+00D3
    { 29, 38, 509, 1, 37, 276, 7758 }, // U+00D4
    { 29, 36, 509, 1, 35, 261, 8034 }, // U+00D5
    { 29, 38, 509, 1, 37, 276, 8295 }, // U+00D6
    { 20, 20, 359, 1, 20, 100, 8571 }, // U+00D7
    { 29, 30, 509, 1, 29, 218, 8671 }, // U+00D8
    { 24, 38, 442, 2, 37, 228, 8889 }, // U+00D9
    { 24, 38, 442, 2, 37, 228, 9117 }, // U+00DA
    { 24, 38, 442, 2, 37, 228, 9345 }, // U+00DB
    { 24, 38, 442, 2, 37, 228, 9573 }, // U+00DC
    { 29, 37, 458, 0, 37, 269, 9801 }, // U+00DD
    { 23, 28, 410, 2, 28, 161, 10070 }, // U+00DE
    { 23, 30, 414, 2, 29, 173, 10231 }, // U+00DF
    { 21, 31, 369, 1, 30, 163, 10404 }, // U+00E0
    { 21, 31, 369, 1, 30, 163, 10567 }, // U+00E1
    { 21, 31, 369, 1, 30, 163, 10730 }, // U+00E2
    { 21, 30, 369, 1, 29, 158, 10893 }, // U+00E3
    { 21, 31, 369, 1, 30, 163, 11051 }, // U+00E4
    { 21, 34, 369, 1, 33, 179, 11214 }, // U+00E5
    { 35, 22, 589, 1, 21, 193, 11393 }, // U+00E6
    { 20, 29, 347, 1, 21, 145, 11586 }, // U+00E7
    { 23, 31, 377, 0, 30, 179, 11731 }, // U+00E8
    { 23, 31, 377, 0, 30, 179, 11910 }, // U+00E9
    { 23, 31, 377, 0, 30, 179, 12089 }, // U+00EA
    { 22, 31, 377, 1, 30, 171, 12268 }, // U+00EB
    { 11, 30, 201, 1, 30, 83, 12439 }, // U+00EC
    { 12, 30, 201, 1, 30, 90, 12522 }, // U+00ED
    { 18, 30, 201, -2, 30, 135, 12612 }, // U+00EE
    { 15, 30, 201, 0, 30, 113, 12747 }, // U+00EF
    { 22, 32, 393, 1, 31, 176, 12860 }, // U+00F0
    { 20, 29, 381, 2, 29, 145, 13036 }, // U+00F1
    { 22, 31, 382, 1, 30, 171, 13181 }, // U+00F2
    { 22, 31, 382, 1, 30, 171, 13352 }, // U+00F3
    { 22, 31, 382, 1, 30, 171, 13523 }, // U+00F4
    { 22, 30, 382, 1, 29, 165, 13694 }, // U+00F5
    { 22, 31, 382, 1, 30, 171, 13859 }, // U+00F6
    { 21, 22, 396, 2, 21, 116, 14030 }, // U+00F7
    { 22, 24, 382, 1, 22, 132, 14146 }, // U+00F8
    { 20, 31, 380, 2, 30, 155, 14278 }, // U+00F9
    { 20, 31, 380, 2, 30, 155, 14433 }, // U+00FA
    { 20, 31, 380, 2, 30, 155, 14588 }, // U+00FB
    { 20, 31, 380, 2, 30, 155, 14743 }, // U+00FC
    { 22, 37, 345, 0, 30, 204, 14898 }, // U+00FD
    { 22, 35, 397, 2, 28, 193, 15102 }, // U+00FE
    { 23, 36, 345, 0, 29, 207, 15295 }, // U+00FF
    { 28, 35, 460, 0, 35, 245, 0 }, // U+0100
    { 21, 29, 369, 1, 28, 153, 245 }, // U+0101
    { 29, 37, 460, 0, 37, 269, 398 }, // U+0102
    { 21, 30, 369, 1, 29, 158, 667 }, // U+0103
    { 30, 35, 460, -1, 28, 263, 825 }, // U+0104
    { 21, 28, 369, 1, 21, 147, 1088 }, // U+0105
    { 26, 38, 449, 1, 37, 247, 1235 }, // U+0106
    { 20, 31, 347, 1, 30, 155, 1482 }, // U+0107
    { 26, 38, 449, 1, 37, 247, 1637 }, // U+0108
    { 20, 31, 347, 1, 30, 155, 1884 }, // U+0109
    { 26, 38, 449, 1, 37, 247, 2039 }, // U+010A
    { 21, 31, 347, 1, 30, 163, 2286 }, // U+010B
    { 26, 38, 449, 1, 37, 247, 2449 }, // U+010C
    { 20, 31, 347, 1, 30, 155, 2696 }, // U+010D
    { 25, 37, 457, 2, 37, 232, 2851 }, // U+010E
    { 29, 30, 429, 1, 29, 218, 3083 }, // U+010F
    { 30, 28, 515, 1, 28, 210, 3301 }, // U+0110
    { 24, 30, 421, 1, 29, 180, 3511 }, // U+0111
    { 22, 35, 387, 2, 35, 193, 3691 }, // U+0112
    { 23, 29, 377, 0, 28, 167, 3884 }, // U+0113
    { 22, 37, 387, 2, 37, 204, 4051 }, // U+0114
    { 23, 30, 377, 0, 29, 173, 4255 }, // U+0115
    { 22, 37, 387, 2, 37, 204, 4428 }, // U+0116
    { 22, 31, 377, 1, 30, 171, 4632 }, // U+0117
    { 22, 35, 387, 2, 28, 193, 4803 }, // U+0118
    { 23, 28, 377, 0, 21, 161, 4996 }, // U+0119
    { 22, 37, 387, 2, 37, 204, 5157 }, // U+011A
    { 23, 31, 377, 0, 30, 179, 5361 }, // U+011B
    { 27, 38, 479, 1, 37, 257, 5540 }, // U+011C
    { 22, 39, 398, 1, 30, 215, 5797 }, // U+011D
    { 27, 38, 479, 1, 37, 257, 6012 }, // U+011E
    { 22, 38, 398, 1, 29, 209, 6269 }, // U+011F
    { 27, 38, 479, 1, 37, 257, 6478 }, // U+0120
    { 22, 38, 398, 1, 29, 209, 6735 }, // U+0121
    { 27, 40, 479, 1, 29, 270, 6944 }, // U+0122
    { 22, 41, 398, 1, 32, 226, 7214 }, // U+0123
    { 25, 37, 453, 2, 37, 232, 7440 }, // U+0124
    { 26, 37, 381, -4, 37, 241, 7672 }, // U+0125
    { 30, 28, 493, 1, 28, 210, 7913 }, // U+0126
    { 24, 29, 419, 1, 29, 174, 8123 }, // U+0127
    { 16, 35, 307, 1, 35, 140, 8297 }, // U+0128
    { 16, 29, 201, -1, 29, 116, 8437 }, // U+0129
    { 14, 35, 307, 2, 35, 123, 8553 }, // U+012A
    { 12, 28, 201, 1, 28, 84, 8676 }, // U+012B
    { 15, 37, 307, 2, 37, 139, 8760 }, // U+012C
    { 16, 29, 201, -1, 29, 116, 8899 }, // U+012D
    { 14, 35, 307, 2, 28, 123, 9015 }, // U+012E
    { 11, 38, 210, 1, 31, 105, 9138 }, // U+012F
    { 14, 37, 307, 2, 37, 130, 9243 }, // U+0130
    { 11, 20, 201, 1, 20, 55, 9373 }, // U+0131
    { 38, 29, 679, 2, 28, 276, 9428 }, // U+0132
    { 22, 38, 383, 0, 31, 209, 9704 }, // U+0133
    { 27, 38, 373, 0, 37, 257, 9913 }, // U+0134
    { 17, 37, 173, -3, 30, 158, 10170 }, // U+0135
    { 26, 39, 439, 2, 28, 254, 10328 }, // U+0136
    { 22, 39, 378, 2, 28, 215, 10582 }, // U+0137
    { 22, 20, 378, 2, 20, 110, 10797 }, // U+0138
    { 20, 37, 358, 2, 37, 185, 10907 }, // U+0139
    { 11, 37, 207, 2, 37, 102, 11092 }, // U+013A
    { 20, 39, 358, 2, 28, 195, 11194 }, // U+013B
    { 12, 39, 207, 1, 28, 117, 11389 }, // U+013C
    { 20, 29, 358, 2, 29, 145, 11506 }, // U+013D
    { 14, 29, 220, 2, 29, 102, 11651 }, // U+013E
    { 20, 28, 358, 2, 28, 140, 11753 }, // U+013F
    { 17, 28, 323, 2, 28, 119, 11893 }, // U+0140
    { 24, 28, 391, 0, 28, 168, 12012 }, // U+0141
    { 13, 28, 215, 1, 28, 91, 12180 }, // U+0142
    { 26, 37, 467, 2, 37, 241, 12271 }, // U+0143
    { 20, 30, 381, 2, 30, 150, 12512 }, // U+0144
    { 26, 39, 467, 2, 28, 254, 12662 }, // U+0145
    { 20, 32, 381, 2, 21, 160, 12916 }, // U+0146
    { 26, 37, 467, 2, 37, 241, 13076 }, // U+0147
    { 20, 30, 381, 2, 30, 150, 13317 }, // U+0148
    { 29, 28, 529, 2, 28, 203, 13467 }, // U+0149
    { 26, 35, 467, 2, 28, 228, 13670 }, // U+014A
    { 20, 28, 381, 2, 21, 140, 13898 }, // U+014B
    { 29, 36, 509, 1, 35, 261, 14038 }, // U+014C
    { 22, 29, 382, 1, 28, 160, 14299 }, // U+014D
    { 29, 38, 509, 1, 37, 276, 14459 }, // U+014E
    { 22, 30, 382, 1, 29, 165, 14735 }, // U+014F
    { 29, 38, 509, 1, 37, 276, 14900 }, // U+0150
    { 22, 31, 382, 1, 30, 171, 15176 }, // U+0151
    { 42, 30, 707, 1, 29, 315, 15347 }, // U+0152
    { 38, 22, 625, 1, 21, 209, 15662 }, // U+0153
    { 25, 37, 436, 2, 37, 232, 15871 }, // U+0154
    { 13, 30, 248, 2, 30, 98, 16103 }, // U+0155
    { 25, 39, 436, 2, 28, 244, 16201 }, // U+0156
    { 16, 32, 248, -1, 21, 128, 16445 }, // U+0157
    { 25, 37, 436, 2, 37, 232, 16573 }, // U+0158
    { 18, 30, 248, 0, 30, 135, 16805 }, // U+0159
    { 25, 38, 413, 0, 37, 238, 16940 }, // U+015A
    { 21, 31, 356, 0, 30, 163, 17178 }, // U+015B
    { 25, 38, 413, 0, 37, 238, 17341 }, // U+015C
    { 21, 31, 356, 0, 30, 163, 17579 }, // U+015D
    { 25, 37, 413, 0, 29, 232, 17742 }, // U+015E
    { 21, 29, 356, 0, 21, 153, 17974 }, // U+015F
    { 25, 38, 413, 0, 37, 238, 18127 }, // U+0160
    { 21, 31, 356, 0, 30, 163, 18365 }, // U+0161
    { 24, 36, 411, 1, 28, 216, 18528 }, // U+0162
    { 14, 34, 253, 1, 26, 119, 18744 }, // U+0163
    { 24, 37, 411, 1, 37, 222, 18863 }, // U+0164
    { 17, 31, 253, 1, 31, 132, 19085 }, // U+0165
    { 24, 28, 411, 1, 28, 168, 19217 }, // U+0166
    { 14, 26, 253, 1, 26, 91, 19385 }, // U+0167
    { 24, 36, 442, 2, 35, 216, 19476 }, // U+0168
    { 20, 30, 380, 2, 29, 150, 19692 }, // U+0169
    { 24, 36, 442, 2, 35, 216, 19842 }, // U+016A
    { 20, 29, 380, 2, 28, 145, 20058 }, // U+016B
    { 24, 38, 442, 2, 37, 228, 20203 }, // U+016C
    { 20, 30, 380, 2, 29, 150, 20431 }, // U+016D
    { 24, 41, 442, 2, 40, 246, 20581 }, // U+016E
    { 20, 34, 380, 2, 33, 170, 20827 }, // U+016F
    { 24, 38, 442, 2, 37, 228, 20997 }, // U+0170
    { 21, 31, 380, 2, 30, 163, 21225 }, // U+0171
    { 24, 35, 442, 2, 28, 210, 21388 }, // U+0172
    { 20, 27, 380, 2, 20, 135, 21598 }, // U+0173
    { 37, 37, 589, 0, 37, 343, 21733 }, // U+0174
    { 31, 30, 482, 0, 30, 233, 22076 }, // U+0175
    { 29, 37, 458, 0, 37, 269, 22309 }, // U+0176
    { 22, 37, 345, 0, 30, 204, 22578 }, // U+0177
    { 29, 37, 458, 0, 37, 269, 22782 }, // U+0178
    { 23, 37, 414, 1, 37, 213, 23051 }, // U+0179
    { 19, 30, 344, 1, 30, 143, 23264 }, // U+017A
    { 23, 37, 414, 1, 37, 213, 23407 }, // U+017B
    { 19, 30, 344, 1, 30, 143, 23620 }, // U+017C
    { 23, 37, 414, 1, 37, 213, 23763 }, // U+017D
    { 19, 30, 344, 1, 30, 143, 23976 }, // U+017E
    { 15, 30, 245, 0, 30, 113, 24119 }, // U+017F
    { 31, 33, 509, 1, 32, 256, 0 }, // U+01A0
    { 24, 26, 395, 1, 25, 156, 256 }, // U+01A1
    { 29, 33, 460, 2, 32, 240, 412 }, // U+01AF
    { 25, 26, 393, 2, 25, 163, 652 }, // U+01B0
    { 51, 37, 871, 2, 37, 472, 815 }, // U+01C4
    { 47, 30, 801, 2, 30, 353, 1287 }, // U+01C5
    { 44, 31, 741, 1, 30, 341, 1640 }, // U+01C6
    { 42, 29, 731, 2, 28, 305, 1981 }, // U+01C7
    { 30, 38, 531, 2, 31, 285, 2286 }, // U+01C8
    { 20, 38, 382, 2, 31, 190, 2571 }, // U+01C9
    { 49, 29, 840, 2, 28, 356, 2761 }, // U+01CA
    { 37, 38, 639, 2, 31, 352, 3117 }, // U+01CB
    { 31, 38, 554, 2, 31, 295, 3469 }, // U+01CC
    { 29, 37, 460, 0, 37, 269, 3764 }, // U+01CD
    { 21, 31, 369, 1, 30, 163, 4033 }, // U+01CE
    { 24, 38, 442, 2, 37, 228, 4196 }, // U+01D3
    { 20, 31, 380, 2, 30, 155, 4424 }, // U+01D4
    { 27, 38, 479, 1, 37, 257, 4579 }, // U+01E6
    { 22, 39, 398, 1, 30, 215, 4836 }, // U+01E7
    { 29, 36, 509, 1, 29, 261, 5051 }, // U+01EA
    { 22, 28, 382, 1, 21, 154, 5312 }, // U+01EB
    { 51, 28, 871, 2, 28, 357, 5466 }, // U+01F1
    { 47, 28, 801, 2, 28, 329, 5823 }, // U+01F2
    { 44, 29, 741, 1, 28, 319, 6152 }, // U+01F3
    { 29, 43, 460, 0, 43, 312, 6471 }, // U+01FA
    { 21, 44, 369, 1, 43, 231, 6783 }, // U+01FB
    { 41, 37, 677, 0, 37, 380, 7014 }, // U+01FC
    { 35, 31, 589, 1, 30, 272, 7394 }, // U+01FD
    { 29, 38, 509, 1, 37, 276, 7666 }, // U+01FE
    { 22, 32, 382, 1, 30, 176, 7942 }, // U+01FF
    { 25, 40, 413, 0, 29, 250, 8118 }, // U+0218
    { 21, 32, 356, 0, 21, 168, 8368 }, // U+0219
    { 24, 39, 411, 1, 28, 234, 8536 }, // U+021A
    { 14, 37, 253, 1, 26, 130, 8770 }, // U+021B
    { 25, 37, 453, 2, 37, 232, 8900 }, // U+021E
    { 26, 37, 381, -4, 37, 241, 9132 }, // U+021F
    { 9, 7, 0, 0, 31, 16, 0 }, // U+0300
    { 9, 7, 0, 0, 31, 16, 16 }, // U+0301
    { 17, 7, 0, 0, 31, 30, 32 }, // U+0302
    { 16, 5, 0, -1, 28, 20, 62 }, // U+0303
    { 12, 4, 0, 0, 27, 12, 82 }, // U+0304
    { 16, 6, 0, -2, 29, 24, 94 }, // U+0306
    { 7, 6, 0, 0, 30, 11, 118 }, // U+0307
    { 15, 6, 0, 0, 30, 23, 129 }, // U+0308
    { 8, 7, 105, 0, 31, 14, 152 }, // U+0309
    { 11, 11, 0, 0, 33, 31, 166 }, // U+030A
    { 18, 7, 0, 0, 31, 32, 197 }, // U+030B
    { 17, 7, 0, 0, 30, 30, 229 }, // U+030C
    { 14, 10, 248, 0, 26, 35, 259 }, // U+031B
    { 8, 7, 137, 0, -3, 14, 294 }, // U+0323
    { 10, 9, 0, -1, -1, 23, 308 }, // U+0326
    { 10, 9, 0, -1, 1, 23, 331 }, // U+0327
    { 10, 7, 0, 0, 0, 18, 354 }, // U+0328
    { 0, 0, 0, 0, 0, 0, 372 }, // U+034F
    { 30, 38, 460, 0, 28, 285, 0 }, // U+1EA0
    { 21, 31, 369, 1, 21, 163, 285 }, // U+1EA1
    { 29, 38, 460, 0, 38, 276, 448 }, // U+1EA2
    { 21, 32, 369, 1, 31, 168, 724 }, // U+1EA3
    { 30, 41, 460, -1, 41, 308, 892 }, // U+1EA4
    { 24, 37, 369, 1, 36, 222, 1200 }, // U+1EA5
    { 30, 41, 460, -1, 41, 308, 1422 }, // U+1EA6
    { 23, 36, 369, 1, 35, 207, 1730 }, // U+1EA7
    { 29, 41, 460, 0, 41, 298, 1937 }, // U+1EA8
    { 22, 37, 369, 1, 36, 204, 2235 }, // U+1EA9
    { 29, 44, 460, 0, 44, 319, 2439 }, // U+1EAA
    { 21, 39, 369, 1, 38, 205, 2758 }, // U+1EAB
    { 30, 47, 460, 0, 37, 353, 2963 }, // U+1EAC
    { 21, 40, 369, 1, 30, 210, 3316 }, // U+1EAD
    { 29, 45, 460, 0, 45, 327, 3526 }, // U+1EAE
    { 21, 39, 369, 1, 38, 205, 3853 }, // U+1EAF
    { 29, 45, 460, 0, 45, 327, 4058 }, // U+1EB0
    { 21, 39, 369, 1, 38, 205, 4385 }, // U+1EB1
    { 29, 45, 460, 0, 45, 327, 4590 }, // U+1EB2
    { 21, 40, 369, 1, 39, 210, 4917 }, // U+1EB3
    { 29, 43, 460, 0, 43, 312, 5127 }, // U+1EB4
    { 21, 37, 369, 1, 36, 195, 5439 }, // U+1EB5
    { 30, 47, 460, 0, 37, 353, 5634 }, // U+1EB6
    { 21, 39, 369, 1, 29, 205, 5987 }, // U+1EB7
    { 22, 38, 387, 2, 28, 209, 6192 }, // U+1EB8
    { 22, 31, 377, 1, 21, 171, 6401 }, // U+1EB9
    { 22, 38, 387, 2, 38, 209, 6572 }, // U+1EBA
    { 23, 32, 377, 0, 31, 184, 6781 }, // U+1EBB
    { 22, 35, 387, 2, 35, 193, 6965 }, // U+1EBC
    { 23, 30, 377, 0, 29, 173, 7158 }, // U+1EBD
    { 25, 42, 387, 2, 42, 263, 7331 }, // U+1EBE
    { 24, 37, 377, 0, 36, 222, 7594 }, // U+1EBF
    { 25, 41, 387, 2, 41, 257, 7816 }, // U+1EC0
    { 24, 36, 377, 0, 35, 216, 8073 }, // U+1EC1
    { 24, 41, 387, 2, 41, 246, 8289 }, // U+1EC2
    { 23, 37, 377, 0, 36, 213, 8535 }, // U+1EC3
    { 22, 44, 387, 2, 44, 242, 8748 }, // U+1EC4
    { 23, 39, 377, 0, 38, 225, 8990 }, // U+1EC5
    { 22, 47, 387, 2, 37, 259, 9215 }, // U+1EC6
    { 22, 40, 377, 1, 30, 220, 9474 }, // U+1EC7
    { 14, 38, 307, 2, 38, 133, 9694 }, // U+1EC8
    { 11, 31, 201, 1, 31, 86, 9827 }, // U+1EC9
    { 14, 38, 307, 2, 28, 133, 9913 }, // U+1ECA
    { 12, 41, 210, 0, 31, 123, 10046 }, // U+1ECB
    { 29, 39, 509, 1, 29, 283, 10169 }, // U+1ECC
    { 22, 31, 382, 1, 21, 171, 10452 }, // U+1ECD
    { 29, 39, 509, 1, 38, 283, 10623 }, // U+1ECE
    { 22, 32, 382, 1, 31, 176, 10906 }, // U+1ECF
    { 29, 43, 509, 1, 42, 312, 11082 }, // U+1ED0
    { 24, 37, 382, 1, 36, 222, 11394 }, // U+1ED1
    { 29, 42, 509, 1, 41, 305, 11616 }, // U+1ED2
    { 23, 36, 382, 1, 35, 207, 11921 }, // U+1ED3
    { 29, 42, 509, 1, 41, 305, 12128 }, // U+1ED4
    { 22, 37, 382, 1, 36, 204, 12433 }, // U+1ED5
    { 29, 45, 509, 1, 44, 327, 12637 }, // U+1ED6
    { 22, 39, 382, 1, 38, 215, 12964 }, // U+1ED7
    { 29, 47, 509, 1, 37, 341, 13179 }, // U+1ED8
    { 22, 40, 382, 1, 30, 220, 13520 }, // U+1ED9
    { 31, 38, 509, 1, 37, 295, 13740 }, // U+1EDA
    { 24, 31, 395, 1, 30, 186, 14035 }, // U+1EDB
    { 31, 38, 509, 1, 37, 295, 14221 }, // U+1EDC
    { 24, 31, 395, 1, 30, 186, 14516 }, // U+1EDD
    { 31, 38, 509, 1, 37, 295, 14702 }, // U+1EDE
    { 24, 31, 395, 1, 30, 186, 14997 }, // U+1EDF
    { 31, 36, 509, 1, 35, 279, 15183 }, // U+1EE0
    { 24, 30, 395, 1, 29, 180, 15462 }, // U+1EE1
    { 31, 42, 509, 1, 32, 326, 15642 }, // U+1EE2
    { 24, 35, 395, 1, 25, 210, 15968 }, // U+1EE3
    { 24, 38, 442, 2, 28, 228, 16178 }, // U+1EE4
    { 20, 30, 380, 2, 20, 150, 16406 }, // U+1EE5
    { 24, 39, 442, 2, 38, 234, 16556 }, // U+1EE6
    { 20, 32, 380, 2, 31, 160, 16790 }, // U+1EE7
    { 29, 38, 460, 2, 37, 276, 16950 }, // U+1EE8
    { 25, 31, 393, 2, 30, 194, 17226 }, // U+1EE9
    { 29, 38, 460, 2, 37, 276, 17420 }, // U+1EEA
    { 25, 31, 393, 2, 30, 194, 17696 }, // U+1EEB
    { 29, 39, 460, 2, 38, 283, 17890 }, // U+1EEC
    { 25, 32, 393, 2, 31, 200, 18173 }, // U+1EED
    { 29, 36, 460, 2, 35, 261, 18373 }, // U+1EEE
    { 25, 30, 393, 2, 29, 188, 18634 }, // U+1EEF
    { 29, 42, 460, 2, 32, 305, 18822 }, // U+1EF0
    { 25, 35, 393, 2, 25, 219, 19127 }, // U+1EF1
    { 29, 37, 458, 0, 37, 269, 19346 }, // U+1EF2
    { 23, 37, 345, 0, 30, 213, 19615 }, // U+1EF3
    { 30, 38, 458, 0, 28, 285, 19828 }, // U+1EF4
    { 23, 30, 345, -1, 20, 173, 20113 }, // U+1EF5
    { 28, 38, 458, 0, 38, 266, 20286 }, // U+1EF6
    { 22, 37, 345, -1, 30, 204, 20552 }, // U+1EF7
    { 29, 35, 458, 0, 35, 254, 20756 }, // U+1EF8
    { 23, 36, 345, 0, 29, 207, 21010 }, // U+1EF9
    { 0, 0, 0, 0, 0, 0, 0 }, // U+200B
    { 0, 0, 0, 0, 0, 0, 0 }, // U+200C
    { 0, 0, 0, 0, 0, 0, 0 }, // U+200D
    { 0, 0, 0, 0, 0, 0, 0 }, // U+200E
    { 0, 0, 0, 0, 0, 0, 0 }, // U+200F
    { 12, 5, 223, 1, 13, 15, 0 }, // U+2010
    { 18, 5, 339, 2, 13, 23, 15 }, // U+2013
    { 32, 5, 561, 2, 13, 40, 38 }, // U+2014
    { 8, 14, 185, 2, 28, 28, 78 }, // U+2018
    { 8, 15, 185, 2, 29, 30, 106 }, // U+2019
    { 8, 14, 185, 2, 8, 28, 136 }, // U+201A
    { 17, 14, 332, 2, 28, 60, 164 }, // U+201C
    { 17, 15, 332, 2, 29, 64, 224 }, // U+201D
    { 17, 14, 332, 2, 8, 60, 288 }, // U+201E
    { 21, 28, 396, 2, 28, 147, 348 }, // U+2020
    { 21, 28, 396, 2, 28, 147, 495 }, // U+2021
    { 14, 14, 292, 2, 18, 49, 642 }, // U+2022
    { 30, 9, 535, 2, 8, 68, 691 }, // U+2026
    { 0, 0, 0, 0, 0, 0, 759 }, // U+202A
    { 0, 0, 0, 0, 0, 0, 759 }, // U+202B
    { 0, 0, 0, 0, 0, 0, 759 }, // U+202C
    { 0, 0, 0, 0, 0, 0, 759 }, // U+202D
    { 0, 0, 0, 0, 0, 0, 759 }, // U+202E
    { 57, 30, 937, 1, 29, 428, 759 }, // U+2030
    { 15, 17, 269, 1, 19, 64, 1187 }, // U+2039
    { 15, 17, 269, 1, 19, 64, 1251 }, // U+203A
    { 26, 28, 416, 0, 28, 182, 1315 }, // U+2044
    { 0, 0, 0, 0, 0, 0, 1497 }, // U+2060
    { 0, 0, 0, 0, 0, 0, 1497 }, // U+2061
    { 0, 0, 0, 0, 0, 0, 1497 }, // U+2062
    { 0, 0, 0, 0, 0, 0, 1497 }, // U+2063
    { 0, 0, 0, 0, 0, 0, 1497 }, // U+2064
    { 0, 0, 0, 0, 0, 0, 1497 }, // U+2066
    { 0, 0, 0, 0, 0, 0, 1497 }, // U+2067
    { 0, 0, 0, 0, 0, 0, 1497 }, // U+2068
    { 0, 0, 0, 0, 0, 0, 1497 }, // U+2069
    { 0, 0, 0, 0, 0, 0, 1497 }, // U+206A
    { 0, 0, 0, 0, 0, 0, 1497 }, // U+206B
    { 0, 0, 0, 0, 0, 0, 1497 }, // U+206C
    { 0, 0, 0, 0, 0, 0, 1497 }, // U+206D
    { 0, 0, 0, 0, 0, 0, 1497 }, // U+206E
    { 0, 0, 0, 0, 0, 0, 1497 }, // U+206F
    { 15, 16, 299, 2, 33, 60, 0 }, // U+2074
    { 24, 34, 421, 1, 29, 204, 0 }, // U+20AB
    { 28, 30, 449, 0, 29, 210, 204 }, // U+20AC
    { 22, 29, 398, 1, 28, 160, 0 }, // U+2202
    { 23, 35, 409, 1, 28, 202, 160 }, // U+220F
    { 23, 35, 411, 1, 28, 202, 362 }, // U+2211
    { 23, 6, 396, 1, 13, 35, 564 }, // U+2212
    { 27, 28, 434, 0, 28, 189, 599 }, // U+2215
    { 9, 9, 185, 1, 15, 21, 788 }, // U+2219
    { 27, 35, 473, 1, 28, 237, 809 }, // U+221A
    { 28, 14, 499, 2, 18, 98, 1046 }, // U+221E
    { 17, 35, 324, 2, 28, 149, 1144 }, // U+222B
    { 20, 17, 355, 1, 19, 85, 1293 }, // U+2248
    { 23, 21, 396, 1, 21, 121, 1378 }, // U+2260
    { 23, 22, 396, 1, 22, 127, 1499 }, // U+2264
    { 23, 22, 396, 1, 22, 127, 1626 }, // U+2265
    { 28, 30, 466, 1, 30, 210, 0 }, // U+FB00
    { 25, 31, 411, 0, 31, 194, 210 }, // U+FB01
    { 28, 30, 451, 1, 30, 210, 404 }, // U+FB02
    { 39, 31, 622, 0, 31, 303, 614 }, // U+FB03
    { 42, 30, 675, 1, 30, 315, 917 }, // U+FB04
    { 18, 29, 351, 2, 29, 131, 0 }, // U+FFFD
};

static const EpdUnicodeInterval lexenddeca_20_boldIntervals[] = {
    { 0x0, 0x17F, 0x0 },
    { 0x1A0, 0x1A1, 0x180 },
    { 0x1AF, 0x1B0, 0x182 },
    { 0x1C4, 0x1CE, 0x184 },
    { 0x1D3, 0x1D4, 0x18F },
    { 0x1E6, 0x1E7, 0x191 },
    { 0x1EA, 0x1EB, 0x193 },
    { 0x1F1, 0x1F3, 0x195 },
    { 0x1FA, 0x1FF, 0x198 },
    { 0x218, 0x21B, 0x19E },
    { 0x21E, 0x21F, 0x1A2 },
    { 0x300, 0x304, 0x1A4 },
    { 0x306, 0x30C, 0x1A9 },
    { 0x31B, 0x31B, 0x1B0 },
    { 0x323, 0x323, 0x1B1 },
    { 0x326, 0x328, 0x1B2 },
    { 0x34F, 0x34F, 0x1B5 },
    { 0x1EA0, 0x1EF9, 0x1B6 },
    { 0x200B, 0x2010, 0x210 },
    { 0x2013, 0x2014, 0x216 },
    { 0x2018, 0x201A, 0x218 },
    { 0x201C, 0x201E, 0x21B },
    { 0x2020, 0x2022, 0x21E },
    { 0x2026, 0x2026, 0x221 },
    { 0x202A, 0x202E, 0x222 },
    { 0x2030, 0x2030, 0x227 },
    { 0x2039, 0x203A, 0x228 },
    { 0x2044, 0x2044, 0x22A },
    { 0x2060, 0x2064, 0x22B },
    { 0x2066, 0x206F, 0x230 },
    { 0x2074, 0x2074, 0x23A },
    { 0x20AB, 0x20AC, 0x23B },
    { 0x2202, 0x2202, 0x23D },
    { 0x220F, 0x220F, 0x23E },
    { 0x2211, 0x2212, 0x23F },
    { 0x2215, 0x2215, 0x241 },
    { 0x2219, 0x221A, 0x242 },
    { 0x221E, 0x221E, 0x244 },
    { 0x222B, 0x222B, 0x245 },
    { 0x2248, 0x2248, 0x246 },
    { 0x2260, 0x2260, 0x247 },
    { 0x2264, 0x2265, 0x248 },
    { 0xFB00, 0xFB04, 0x24A },
    { 0xFFFD, 0xFFFD, 0x24F },
};

static const EpdFontGroup lexenddeca_20_boldGroups[] = {
    { 0, 4507, 13755, 128, 0 },
    { 4507, 4390, 16650, 128, 128 },
    { 8897, 5501, 25867, 128, 256 },
    { 14398, 2800, 9924, 36, 384 },
    { 17198, 271, 415, 18, 420 },
    { 17469, 3738, 22834, 90, 438 },
    { 21207, 571, 1627, 42, 528 },
    { 21778, 43, 64, 1, 570 },
    { 21821, 193, 414, 2, 571 },
    { 22014, 615, 1846, 13, 573 },
    { 22629, 243, 1277, 5, 586 },
    { 22872, 96, 145, 1, 591 },
};

static const EpdKernClassEntry lexenddeca_20_boldKernLeftClasses[] = {
    { 0x0028, 1 }, // (
    { 0x002C, 2 }, // ,
    { 0x002D, 3 }, // -
    { 0x002E, 2 }, // .
    { 0x002F, 4 }, // /
    { 0x0031, 5 }, // 1
    { 0x0032, 6 }, // 2
    { 0x0034, 7 }, // 4
    { 0x0035, 8 }, // 5
    { 0x0036, 9 }, // 6
    { 0x0037, 10 }, // 7
    { 0x0038, 11 }, // 8
    { 0x0039, 12 }, // 9
    { 0x0041, 13 }, // A
    { 0x0042, 14 }, // B
    { 0x0043, 15 }, // C
    { 0x0044, 16 }, // D
    { 0x0045, 17 }, // E
    { 0x0046, 18 }, // F
    { 0x0047, 19 }, // G
    { 0x0049, 20 }, // I
    { 0x004A, 21 }, // J
    { 0x004B, 22 }, // K
    { 0x004C, 23 }, // L
    { 0x004F, 16 }, // O
    { 0x0050, 24 }, // P
    { 0x0051, 25 }, // Q
    { 0x0052, 26 }, // R
    { 0x0053, 27 }, // S
    { 0x0054, 28 }, // T
    { 0x0055, 29 }, // U
    { 0x0056, 30 }, // V
    { 0x0057, 31 }, // W
    { 0x0058, 32 }, // X
    { 0x0059, 33 }, // Y
    { 0x005A, 34 }, // Z
    { 0x0061, 35 }, // a
    { 0x0062, 36 }, // b
    { 0x0063, 37 }, // c
    { 0x0064, 38 }, // d
    { 0x0065, 39 }, // e
    { 0x0066, 40 }, // f
    { 0x0067, 41 }, // g
    { 0x0068, 42 }, // h
    { 0x006A, 43 }, // j
    { 0x006B, 44 }, // k
    { 0x006C, 45 }, // l
    { 0x006D, 42 }, // m
    { 0x006E, 42 }, // n
    { 0x006F, 36 }, // o
    { 0x0070, 36 }, // p
    { 0x0071, 46 }, // q
    { 0x0072, 47 }, // r
    { 0x0073, 48 }, // s
    { 0x0074, 49 }, // t
    { 0x0075, 50 }, // u
    { 0x0076, 51 }, // v
    { 0x0077, 52 }, // w
    { 0x0078, 53 }, // x
    { 0x0079, 51 }, // y
    { 0x007A, 54 }, // z
    { 0x00C0, 13 }, // U+00C0
    { 0x00C1, 13 }, // U+00C1
    { 0x00C2, 13 }, // U+00C2
    { 0x00C3, 13 }, // U+00C3
    { 0x00C4, 13 }, // U+00C4
    { 0x00C5, 13 }, // U+00C5
    { 0x00C6, 17 }, // U+00C6
    { 0x00C7, 15 }, // U+00C7
    { 0x00C8, 17 }, // U+00C8
    { 0x00C9, 17 }, // U+00C9
    { 0x00CA, 17 }, // U+00CA
    { 0x00CB, 17 }, // U+00CB
    { 0x00CC, 20 }, // U+00CC
    { 0x00CD, 20 }, // U+00CD
    { 0x00CE, 20 }, // U+00CE
    { 0x00CF, 20 }, // U+00CF
    { 0x00D0, 16 }, // U+00D0
    { 0x00D2, 16 }, // U+00D2
    { 0x00D3, 16 }, // U+00D3
    { 0x00D4, 16 }, // U+00D4
    { 0x00D5, 16 }, // U+00D5
    { 0x00D6, 16 }, // U+00D6
    { 0x00D8, 16 }, // U+00D8
    { 0x00D9, 29 }, // U+00D9
    { 0x00DA, 29 }, // U+00DA
    { 0x00DB, 29 }, // U+00DB
    { 0x00DC, 29 }, // U+00DC
    { 0x00DD, 33 }, // U+00DD
    { 0x00E0, 42 }, // U+00E0
    { 0x00E1, 42 }, // U+00E1
    { 0x00E2, 42 }, // U+00E2
    { 0x00E3, 42 }, // U+00E3
    { 0x00E4, 42 }, // U+00E4
    { 0x00E5, 42 }, // U+00E5
    { 0x00E6, 39 }, // U+00E6
    { 0x00E7, 37 }, // U+00E7
    { 0x00E8, 39 }, // U+00E8
    { 0x00E9, 39 }, // U+00E9
    { 0x00EA, 39 }, // U+00EA
    { 0x00EB, 39 }, // U+00EB
    { 0x00F0, 16 }, // U+00F0
    { 0x00F1, 42 }, // U+00F1
    { 0x00F2, 36 }, // U+00F2
    { 0x00F3, 36 }, // U+00F3
    { 0x00F4, 36 }, // U+00F4
    { 0x00F5, 36 }, // U+00F5
    { 0x00F6, 36 }, // U+00F6
    { 0x00F8, 36 }, // U+00F8
    { 0x00F9, 50 }, // U+00F9
    { 0x00FA, 50 }, // U+00FA
    { 0x00FB, 50 }, // U+00FB
    { 0x00FC, 50 }, // U+00FC
    { 0x00FD, 51 }, // U+00FD
    { 0x00FE, 36 }, // U+00FE
    { 0x00FF, 51 }, // U+00FF
    { 0x0100, 13 }, // U+0100
    { 0x0101, 42 }, // U+0101
    { 0x0102, 13 }, // U+0102
    { 0x0103, 42 }, // U+0103
    { 0x0104, 13 }, // U+0104
    { 0x0105, 55 }, // U+0105
    { 0x0106, 15 }, // U+0106
    { 0x0107, 37 }, // U+0107
    { 0x0108, 15 }, // U+0108
    { 0x0109, 37 }, // U+0109
    { 0x010A, 15 }, // U+010A
    { 0x010B, 37 }, // U+010B
    { 0x010C, 15 }, // U+010C
    { 0x010D, 37 }, // U+010D
    { 0x010E, 16 }, // U+010E
    { 0x010F, 56 }, // U+010F
    { 0x0111, 40 }, // U+0111
    { 0x0112, 17 }, // U+0112
    { 0x0113, 39 }, // U+0113
    { 0x0114, 17 }, // U+0114
    { 0x0115, 39 }, // U+0115
    { 0x0116, 17 }, // U+0116
    { 0x0117, 39 }, // U+0117
    { 0x0118, 17 }, // U+0118
    { 0x0119, 39 }, // U+0119
    { 0x011A, 17 }, // U+011A
    { 0x011B, 39 }, // U+011B
    { 0x011C, 19 }, // U+011C
    { 0x011D, 41 }, // U+011D
    { 0x011E, 19 }, // U+011E
    { 0x011F, 41 }, // U+011F
    { 0x0120, 19 }, // U+0120
    { 0x0121, 41 }, // U+0121
    { 0x0122, 19 }, // U+0122
    { 0x0123, 41 }, // U+0123
    { 0x0125, 42 }, // U+0125
    { 0x0127, 42 }, // U+0127
    { 0x0128, 20 }, // U+0128
    { 0x012A, 20 }, // U+012A
    { 0x012C, 20 }, // U+012C
    { 0x012E, 20 }, // U+012E
    { 0x0130, 20 }, // U+0130
    { 0x0132, 21 }, // U+0132
    { 0x0133, 43 }, // U+0133
    { 0x0134, 21 }, // U+0134
    { 0x0135, 43 }, // U+0135
    { 0x0136, 22 }, // U+0136
    { 0x0137, 44 }, // U+0137
    { 0x0138, 44 }, // U+0138
    { 0x0139, 23 }, // U+0139
    { 0x013A, 57 }, // U+013A
    { 0x013B, 23 }, // U+013B
    { 0x013C, 57 }, // U+013C
    { 0x013E, 56 }, // U+013E
    { 0x013F, 23 }, // U+013F
    { 0x0141, 23 }, // U+0141
    { 0x0142, 57 }, // U+0142
    { 0x0144, 42 }, // U+0144
    { 0x0146, 42 }, // U+0146
    { 0x0148, 42 }, // U+0148
    { 0x0149, 42 }, // U+0149
    { 0x014B, 42 }, // U+014B
    { 0x014C, 16 }, // U+014C
    { 0x014D, 36 }, // U+014D
    { 0x014E, 16 }, // U+014E
    { 0x014F, 36 }, // U+014F
    { 0x0150, 16 }, // U+0150
    { 0x0151, 36 }, // U+0151
    { 0x0152, 17 }, // U+0152
    { 0x0153, 39 }, // U+0153
    { 0x0154, 26 }, // U+0154
    { 0x0155, 47 }, // U+0155
    { 0x0156, 26 }, // U+0156
    { 0x0157, 47 }, // U+0157
    { 0x0158, 26 }, // U+0158
    { 0x0159, 47 }, // U+0159
    { 0x015A, 27 }, // U+015A
    { 0x015B, 48 }, // U+015B
    { 0x015C, 27 }, // U+015C
    { 0x015D, 48 }, // U+015D
    { 0x015E, 27 }, // U+015E
    { 0x015F, 48 }, // U+015F
    { 0x0160, 27 }, // U+0160
    { 0x0161, 48 }, // U+0161
    { 0x0162, 28 }, // U+0162
    { 0x0163, 49 }, // U+0163
    { 0x0164, 28 }, // U+0164
    { 0x0165, 56 }, // U+0165
    { 0x0166, 28 }, // U+0166
    { 0x0167, 49 }, // U+0167
    { 0x0168, 29 }, // U+0168
    { 0x0169, 50 }, // U+0169
    { 0x016A, 29 }, // U+016A
    { 0x016B, 50 }, // U+016B
    { 0x016C, 29 }, // U+016C
    { 0x016D, 50 }, // U+016D
    { 0x016E, 29 }, // U+016E
    { 0x016F, 50 }, // U+016F
    { 0x0170, 29 }, // U+0170
    { 0x0171, 50 }, // U+0171
    { 0x0172, 29 }, // U+0172
    { 0x0173, 50 }, // U+0173
    { 0x0176, 33 }, // U+0176
    { 0x0177, 51 }, // U+0177
    { 0x0178, 33 }, // U+0178
    { 0x0179, 34 }, // U+0179
    { 0x017A, 54 }, // U+017A
    { 0x017B, 34 }, // U+017B
    { 0x017C, 54 }, // U+017C
    { 0x017D, 34 }, // U+017D
    { 0x017E, 54 }, // U+017E
    { 0x017F, 40 }, // U+017F
    { 0x01A0, 58 }, // U+01A0
    { 0x01A1, 59 }, // U+01A1
    { 0x01AF, 60 }, // U+01AF
    { 0x01B0, 61 }, // U+01B0
    { 0x01C4, 34 }, // U+01C4
    { 0x01C5, 54 }, // U+01C5
    { 0x01C6, 54 }, // U+01C6
    { 0x01C7, 21 }, // U+01C7
    { 0x01C8, 43 }, // U+01C8
    { 0x01C9, 43 }, // U+01C9
    { 0x01CA, 21 }, // U+01CA
    { 0x01CB, 43 }, // U+01CB
    { 0x01CC, 43 }, // U+01CC
    { 0x01CD, 13 }, // U+01CD
    { 0x01CE, 42 }, // U+01CE
    { 0x01D3, 29 }, // U+01D3
    { 0x01D4, 50 }, // U+01D4
    { 0x01E6, 19 }, // U+01E6
    { 0x01E7, 41 }, // U+01E7
    { 0x01EA, 16 }, // U+01EA
    { 0x01EB, 36 }, // U+01EB
    { 0x01F1, 34 }, // U+01F1
    { 0x01F2, 54 }, // U+01F2
    { 0x01F3, 54 }, // U+01F3
    { 0x01FB, 42 }, // U+01FB
    { 0x01FC, 17 }, // U+01FC
    { 0x01FD, 39 }, // U+01FD
    { 0x01FE, 16 }, // U+01FE
    { 0x01FF, 36 }, // U+01FF
    { 0x0218, 27 }, // U+0218
    { 0x0219, 48 }, // U+0219
    { 0x021A, 28 }, // U+021A
    { 0x021B, 49 }, // U+021B
    { 0x021F, 42 }, // U+021F
    { 0x1EA0, 13 }, // U+1EA0
    { 0x1EA1, 42 }, // U+1EA1
    { 0x1EA2, 13 }, // U+1EA2
    { 0x1EA3, 42 }, // U+1EA3
    { 0x1EA4, 13 }, // U+1EA4
    { 0x1EA5, 42 }, // U+1EA5
    { 0x1EA6, 13 }, // U+1EA6
    { 0x1EA7, 42 }, // U+1EA7
    { 0x1EA8, 13 }, // U+1EA8
    { 0x1EA9, 42 }, // U+1EA9
    { 0x1EAA, 13 }, // U+1EAA
    { 0x1EAB, 42 }, // U+1EAB
    { 0x1EAC, 13 }, // U+1EAC
    { 0x1EAD, 42 }, // U+1EAD
    { 0x1EAE, 13 }, // U+1EAE
    { 0x1EAF, 42 }, // U+1EAF
    { 0x1EB0, 13 }, // U+1EB0
    { 0x1EB1, 42 }, // U+1EB1
    { 0x1EB2, 13 }, // U+1EB2
    { 0x1EB3, 42 }, // U+1EB3
    { 0x1EB4, 13 }, // U+1EB4
    { 0x1EB5, 42 }, // U+1EB5
    { 0x1EB6, 13 }, // U+1EB6
    { 0x1EB7, 42 }, // U+1EB7
    { 0x1EB8, 17 }, // U+1EB8
    { 0x1EB9, 39 }, // U+1EB9
    { 0x1EBA, 17 }, // U+1EBA
    { 0x1EBB, 39 }, // U+1EBB
    { 0x1EBC, 17 }, // U+1EBC
    { 0x1EBD, 39 }, // U+1EBD
    { 0x1EBE, 17 }, // U+1EBE
    { 0x1EC0, 17 }, // U+1EC0
    { 0x1EC2, 17 }, // U+1EC2
    { 0x1EC4, 17 }, // U+1EC4
    { 0x1EC6, 17 }, // U+1EC6
    { 0x1EC7, 39 }, // U+1EC7
    { 0x1EC8, 20 }, // U+1EC8
    { 0x1ECA, 20 }, // U+1ECA
    { 0x1ECC, 16 }, // U+1ECC
    { 0x1ECD, 36 }, // U+1ECD
    { 0x1ECE, 16 }, // U+1ECE
    { 0x1ECF, 36 }, // U+1ECF
    { 0x1ED0, 16 }, // U+1ED0
    { 0x1ED2, 16 }, // U+1ED2
    { 0x1ED4, 16 }, // U+1ED4
    { 0x1ED6, 16 }, // U+1ED6
    { 0x1ED7, 36 }, // U+1ED7
    { 0x1ED8, 16 }, // U+1ED8
    { 0x1ED9, 36 }, // U+1ED9
    { 0x1EDA, 58 }, // U+1EDA
    { 0x1EDB, 59 }, // U+1EDB
    { 0x1EDC, 58 }, // U+1EDC
    { 0x1EDD, 59 }, // U+1EDD
    { 0x1EDE, 58 }, // U+1EDE
    { 0x1EDF, 59 }, // U+1EDF
    { 0x1EE0, 58 }, // U+1EE0
    { 0x1EE1, 59 }, // U+1EE1
    { 0x1EE2, 58 }, // U+1EE2
    { 0x1EE3, 59 }, // U+1EE3
    { 0x1EE8, 60 }, // U+1EE8
    { 0x1EE9, 61 }, // U+1EE9
    { 0x1EEA, 60 }, // U+1EEA
    { 0x1EEB, 61 }, // U+1EEB
    { 0x1EEC, 60 }, // U+1EEC
    { 0x1EED, 61 }, // U+1EED
    { 0x1EEE, 60 }, // U+1EEE
    { 0x1EEF, 61 }, // U+1EEF
    { 0x1EF0, 60 }, // U+1EF0
    { 0x1EF1, 61 }, // U+1EF1
    { 0x1EF2, 33 }, // U+1EF2
    { 0x1EF3, 51 }, // U+1EF3
    { 0x1EF4, 33 }, // U+1EF4
    { 0x1EF5, 51 }, // U+1EF5
    { 0x1EF6, 33 }, // U+1EF6
    { 0x1EF7, 51 }, // U+1EF7
    { 0x1EF8, 33 }, // U+1EF8
    { 0x1EF9, 51 }, // U+1EF9
    { 0x2013, 3 }, // U+2013
    { 0x2014, 3 }, // U+2014
    { 0x2019, 62 }, // U+2019
    { 0x201A, 2 }, // U+201A
    { 0x201D, 62 }, // U+201D
    { 0x201E, 2 }, // U+201E
    { 0x2026, 2 }, // U+2026
    { 0x20AB, 40 }, // U+20AB
    { 0xFB00, 40 }, // U+FB00
    { 0xFB02, 57 }, // U+FB02
    { 0xFB04, 57 }, // U+FB04
};

static const EpdKernClassEntry lexenddeca_20_boldKernRightClasses[] = {
    { 0x0025, 1 }, // %
    { 0x0029, 2 }, // )
    { 0x002C, 3 }, // ,
    { 0x002D, 4 }, // -
    { 0x002E, 3 }, // .
    { 0x002F, 5 }, // /
    { 0x0031, 6 }, // 1
    { 0x0032, 7 }, // 2
    { 0x0034, 8 }, // 4
    { 0x0037, 9 }, // 7
    { 0x0038, 10 }, // 8
    { 0x0039, 11 }, // 9
    { 0x0041, 12 }, // A
    { 0x0043, 13 }, // C
    { 0x0047, 13 }, // G
    { 0x0049, 14 }, // I
    { 0x004A, 15 }, // J
    { 0x004F, 13 }, // O
    { 0x0051, 13 }, // Q
    { 0x0053, 16 }, // S
    { 0x0054, 17 }, // T
    { 0x0055, 18 }, // U
    { 0x0056, 19 }, // V
    { 0x0057, 20 }, // W
    { 0x0058, 21 }, // X
    { 0x0059, 22 }, // Y
    { 0x005A, 23 }, // Z
    { 0x0061, 24 }, // a
    { 0x0063, 25 }, // c
    { 0x0064, 25 }, // d
    { 0x0065, 25 }, // e
    { 0x0066, 26 }, // f
    { 0x0067, 27 }, // g
    { 0x0068, 28 }, // h
    { 0x0069, 29 }, // i
    { 0x006A, 30 }, // j
    { 0x006B, 28 }, // k
    { 0x006C, 31 }, // l
    { 0x006D, 32 }, // m
    { 0x006E, 32 }, // n
    { 0x006F, 25 }, // o
    { 0x0070, 33 }, // p
    { 0x0071, 25 }, // q
    { 0x0072, 32 }, // r
    { 0x0073, 34 }, // s
    { 0x0074, 35 }, // t
    { 0x0075, 36 }, // u
    { 0x0076, 37 }, // v
    { 0x0077, 38 }, // w
    { 0x0078, 39 }, // x
    { 0x0079, 37 }, // y
    { 0x007A, 40 }, // z
    { 0x00B0, 41 }, // U+00B0
    { 0x00C0, 12 }, // U+00C0
    { 0x00C1, 12 }, // U+00C1
    { 0x00C2, 12 }, // U+00C2
    { 0x00C3, 12 }, // U+00C3
    { 0x00C4, 12 }, // U+00C4
    { 0x00C5, 12 }, // U+00C5
    { 0x00C6, 42 }, // U+00C6
    { 0x00C7, 13 }, // U+00C7
    { 0x00CC, 14 }, // U+00CC
    { 0x00CD, 14 }, // U+00CD
    { 0x00CE, 14 }, // U+00CE
    { 0x00CF, 14 }, // U+00CF
    { 0x00D2, 13 }, // U+00D2
    { 0x00D3, 13 }, // U+00D3
    { 0x00D4, 13 }, // U+00D4
    { 0x00D5, 13 }, // U+00D5
    { 0x00D6, 13 }, // U+00D6
    { 0x00D8, 13 }, // U+00D8
    { 0x00D9, 18 }, // U+00D9
    { 0x00DA, 18 }, // U+00DA
    { 0x00DB, 18 }, // U+00DB
    { 0x00DC, 18 }, // U+00DC
    { 0x00DD, 43 }, // U+00DD
    { 0x00E0, 24 }, // U+00E0
    { 0x00E1, 24 }, // U+00E1
    { 0x00E2, 24 }, // U+00E2
    { 0x00E3, 24 }, // U+00E3
    { 0x00E4, 24 }, // U+00E4
    { 0x00E5, 24 }, // U+00E5
    { 0x00E6, 24 }, // U+00E6
    { 0x00E7, 25 }, // U+00E7
    { 0x00E8, 25 }, // U+00E8
    { 0x00E9, 25 }, // U+00E9
    { 0x00EA, 25 }, // U+00EA
    { 0x00EB, 25 }, // U+00EB
    { 0x00EC, 29 }, // U+00EC
    { 0x00ED, 29 }, // U+00ED
    { 0x00EE, 29 }, // U+00EE
    { 0x00EF, 29 }, // U+00EF
    { 0x00F0, 25 }, // U+00F0
    { 0x00F1, 32 }, // U+00F1
    { 0x00F2, 25 }, // U+00F2
    { 0x00F3, 25 }, // U+00F3
    { 0x00F4, 25 }, // U+00F4
    { 0x00F5, 25 }, // U+00F5
    { 0x00F6, 25 }, // U+00F6
    { 0x00F8, 25 }, // U+00F8
    { 0x00F9, 36 }, // U+00F9
    { 0x00FA, 36 }, // U+00FA
    { 0x00FB, 36 }, // U+00FB
    { 0x00FC, 36 }, // U+00FC
    { 0x00FD, 37 }, // U+00FD
    { 0x00FF, 37 }, // U+00FF
    { 0x0100, 12 }, // U+0100
    { 0x0101, 24 }, // U+0101
    { 0x0102, 12 }, // U+0102
    { 0x0103, 24 }, // U+0103
    { 0x0104, 12 }, // U+0104
    { 0x0105, 24 }, // U+0105
    { 0x0106, 13 }, // U+0106
    { 0x0107, 25 }, // U+0107
    { 0x0108, 13 }, // U+0108
    { 0x0109, 25 }, // U+0109
    { 0x010A, 13 }, // U+010A
    { 0x010B, 25 }, // U+010B
    { 0x010C, 13 }, // U+010C
    { 0x010D, 25 }, // U+010D
    { 0x010F, 25 }, // U+010F
    { 0x0111, 25 }, // U+0111
    { 0x0113, 25 }, // U+0113
    { 0x0115, 25 }, // U+0115
    { 0x0117, 25 }, // U+0117
    { 0x0119, 25 }, // U+0119
    { 0x011B, 25 }, // U+011B
    { 0x011C, 13 }, // U+011C
    { 0x011D, 27 }, // U+011D
    { 0x011E, 13 }, // U+011E
    { 0x011F, 27 }, // U+011F
    { 0x0120, 13 }, // U+0120
    { 0x0121, 27 }, // U+0121
    { 0x0122, 13 }, // U+0122
    { 0x0123, 27 }, // U+0123
    { 0x0125, 28 }, // U+0125
    { 0x0127, 28 }, // U+0127
    { 0x0128, 14 }, // U+0128
    { 0x0129, 29 }, // U+0129
    { 0x012A, 14 }, // U+012A
    { 0x012B, 29 }, // U+012B
    { 0x012C, 14 }, // U+012C
    { 0x012D, 29 }, // U+012D
    { 0x012E, 14 }, // U+012E
    { 0x012F, 29 }, // U+012F
    { 0x0130, 14 }, // U+0130
    { 0x0131, 29 }, // U+0131
    { 0x0132, 14 }, // U+0132
    { 0x0133, 29 }, // U+0133
    { 0x0134, 15 }, // U+0134
    { 0x0135, 44 }, // U+0135
    { 0x0137, 28 }, // U+0137
    { 0x0138, 28 }, // U+0138
    { 0x013A, 31 }, // U+013A
    { 0x013C, 31 }, // U+013C
    { 0x013E, 31 }, // U+013E
    { 0x0140, 31 }, // U+0140
    { 0x0142, 31 }, // U+0142
    { 0x0144, 32 }, // U+0144
    { 0x0146, 32 }, // U+0146
    { 0x0148, 32 }, // U+0148
    { 0x014B, 32 }, // U+014B
    { 0x014C, 13 }, // U+014C
    { 0x014D, 25 }, // U+014D
    { 0x014E, 13 }, // U+014E
    { 0x014F, 25 }, // U+014F
    { 0x0150, 13 }, // U+0150
    { 0x0151, 25 }, // U+0151
    { 0x0152, 13 }, // U+0152
    { 0x0153, 25 }, // U+0153
    { 0x0155, 32 }, // U+0155
    { 0x0157, 32 }, // U+0157
    { 0x0159, 32 }, // U+0159
    { 0x015A, 16 }, // U+015A
    { 0x015B, 34 }, // U+015B
    { 0x015C, 16 }, // U+015C
    { 0x015D, 34 }, // U+015D
    { 0x015E, 16 }, // U+015E
    { 0x015F, 34 }, // U+015F
    { 0x0160, 16 }, // U+0160
    { 0x0161, 34 }, // U+0161
    { 0x0162, 45 }, // U+0162
    { 0x0163, 35 }, // U+0163
    { 0x0164, 45 }, // U+0164
    { 0x0165, 35 }, // U+0165
    { 0x0166, 45 }, // U+0166
    { 0x0167, 35 }, // U+0167
    { 0x0168, 18 }, // U+0168
    { 0x0169, 36 }, // U+0169
    { 0x016A, 18 }, // U+016A
    { 0x016B, 36 }, // U+016B
    { 0x016C, 18 }, // U+016C
    { 0x016D, 36 }, // U+016D
    { 0x016E, 18 }, // U+016E
    { 0x016F, 36 }, // U+016F
    { 0x0170, 18 }, // U+0170
    { 0x0171, 36 }, // U+0171
    { 0x0172, 18 }, // U+0172
    { 0x0173, 36 }, // U+0173
    { 0x0176, 43 }, // U+0176
    { 0x0177, 37 }, // U+0177
    { 0x0178, 43 }, // U+0178
    { 0x0179, 23 }, // U+0179
    { 0x017A, 40 }, // U+017A
    { 0x017B, 23 }, // U+017B
    { 0x017C, 40 }, // U+017C
    { 0x017D, 23 }, // U+017D
    { 0x017E, 40 }, // U+017E
    { 0x017F, 26 }, // U+017F
    { 0x01A0, 13 }, // U+01A0
    { 0x01A1, 25 }, // U+01A1
    { 0x01C9, 31 }, // U+01C9
    { 0x01CC, 32 }, // U+01CC
    { 0x01CD, 12 }, // U+01CD
    { 0x01CE, 24 }, // U+01CE
    { 0x01D3, 18 }, // U+01D3
    { 0x01D4, 36 }, // U+01D4
    { 0x01E6, 13 }, // U+01E6
    { 0x01E7, 27 }, // U+01E7
    { 0x01EA, 13 }, // U+01EA
    { 0x01EB, 25 }, // U+01EB
    { 0x01FA, 12 }, // U+01FA
    { 0x01FB, 24 }, // U+01FB
    { 0x01FC, 42 }, // U+01FC
    { 0x01FD, 24 }, // U+01FD
    { 0x01FE, 13 }, // U+01FE
    { 0x01FF, 25 }, // U+01FF
    { 0x0218, 16 }, // U+0218
    { 0x0219, 34 }, // U+0219
    { 0x021A, 45 }, // U+021A
    { 0x021B, 35 }, // U+021B
    { 0x021F, 28 }, // U+021F
    { 0x1EA0, 12 }, // U+1EA0
    { 0x1EA1, 24 }, // U+1EA1
    { 0x1EA2, 12 }, // U+1EA2
    { 0x1EA3, 24 }, // U+1EA3
    { 0x1EA4, 12 }, // U+1EA4
    { 0x1EA5, 24 }, // U+1EA5
    { 0x1EA6, 12 }, // U+1EA6
    { 0x1EA7, 24 }, // U+1EA7
    { 0x1EA8, 12 }, // U+1EA8
    { 0x1EA9, 24 }, // U+1EA9
    { 0x1EAA, 12 }, // U+1EAA
    { 0x1EAB, 24 }, // U+1EAB
    { 0x1EAC, 12 }, // U+1EAC
    { 0x1EAD, 24 }, // U+1EAD
    { 0x1EAE, 12 }, // U+1EAE
    { 0x1EAF, 24 }, // U+1EAF
    { 0x1EB0, 12 }, // U+1EB0
    { 0x1EB1, 24 }, // U+1EB1
    { 0x1EB2, 12 }, // U+1EB2
    { 0x1EB3, 24 }, // U+1EB3
    { 0x1EB4, 12 }, // U+1EB4
    { 0x1EB5, 24 }, // U+1EB5
    { 0x1EB6, 12 }, // U+1EB6
    { 0x1EB7, 24 }, // U+1EB7
    { 0x1EB9, 25 }, // U+1EB9
    { 0x1EBB, 25 }, // U+1EBB
    { 0x1EBD, 25 }, // U+1EBD
    { 0x1EBF, 25 }, // U+1EBF
    { 0x1EC1, 25 }, // U+1EC1
    { 0x1EC3, 25 }, // U+1EC3
    { 0x1EC5, 25 }, // U+1EC5
    { 0x1EC7, 25 }, // U+1EC7
    { 0x1EC8, 14 }, // U+1EC8
    { 0x1EC9, 29 }, // U+1EC9
    { 0x1ECA, 14 }, // U+1ECA
    { 0x1ECB, 29 }, // U+1ECB
    { 0x1ECC, 13 }, // U+1ECC
    { 0x1ECD, 25 }, // U+1ECD
    { 0x1ECE, 13 }, // U+1ECE
    { 0x1ECF, 25 }, // U+1ECF
    { 0x1ED0, 13 }, // U+1ED0
    { 0x1ED1, 25 }, // U+1ED1
    { 0x1ED2, 13 }, // U+1ED2
    { 0x1ED3, 25 }, // U+1ED3
    { 0x1ED4, 13 }, // U+1ED4
    { 0x1ED5, 25 }, // U+1ED5
    { 0x1ED6, 13 }, // U+1ED6
    { 0x1ED7, 25 }, // U+1ED7
    { 0x1ED8, 13 }, // U+1ED8
    { 0x1ED9, 25 }, // U+1ED9
    { 0x1EDA, 13 }, // U+1EDA
    { 0x1EDB, 25 }, // U+1EDB
    { 0x1EDC, 13 }, // U+1EDC
    { 0x1EDD, 25 }, // U+1EDD
    { 0x1EDE, 13 }, // U+1EDE
    { 0x1EDF, 25 }, // U+1EDF
    { 0x1EE0, 13 }, // U+1EE0
    { 0x1EE1, 25 }, // U+1EE1
    { 0x1EE2, 13 }, // U+1EE2
    { 0x1EE3, 25 }, // U+1EE3
    { 0x1EE4, 18 }, // U+1EE4
    { 0x1EE5, 36 }, // U+1EE5
    { 0x1EE6, 18 }, // U+1EE6
    { 0x1EE7, 36 }, // U+1EE7
    { 0x1EE8, 18 }, // U+1EE8
    { 0x1EE9, 36 }, // U+1EE9
    { 0x1EEA, 18 }, // U+1EEA
    { 0x1EEB, 36 }, // U+1EEB
    { 0x1EEC, 18 }, // U+1EEC
    { 0x1EED, 36 }, // U+1EED
    { 0x1EEE, 18 }, // U+1EEE
    { 0x1EEF, 36 }, // U+1EEF
    { 0x1EF0, 18 }, // U+1EF0
    { 0x1EF1, 36 }, // U+1EF1
    { 0x1EF2, 43 }, // U+1EF2
    { 0x1EF3, 37 }, // U+1EF3
    { 0x1EF4, 43 }, // U+1EF4
    { 0x1EF5, 37 }, // U+1EF5
    { 0x1EF6, 43 }, // U+1EF6
    { 0x1EF7, 37 }, // U+1EF7
    { 0x1EF8, 43 }, // U+1EF8
    { 0x1EF9, 37 }, // U+1EF9
    { 0x2013, 4 }, // U+2013
    { 0x2014, 4 }, // U+2014
    { 0x2019, 46 }, // U+2019
    { 0x201A, 3 }, // U+201A
    { 0x201D, 46 }, // U+201D
    { 0x201E, 3 }, // U+201E
    { 0x2026, 3 }, // U+2026
    { 0x2030, 1 }, // U+2030
    { 0x20AB, 25 }, // U+20AB
    { 0x2202, 25 }, // U+2202
    { 0xFB00, 26 }, // U+FB00
    { 0xFB01, 26 }, // U+FB01
    { 0xFB02, 26 }, // U+FB02
    { 0xFB03, 26 }, // U+FB03
    { 0xFB04, 26 }, // U+FB04
};

static const int8_t lexenddeca_20_boldKernMatrix[] = {
       0,    0,    0,    0,    0,    0,    0,    0,   21,    0,    0,    0,    0,    0,    0,    0,    0,    0,    0,    0,    0,    0,    0,    0,    0,    0,    0,    0,    0,    0,    0,    0,    0,    0,    0,    0,    0,    0,    0,    0,    0,    0,    0,    0,    0,    0,
       0,    0,    0,    0,    0,    0,    0,    0,    0,    0,    0,    0,    0,    0,    0,    0,    0,    0,    0,    0,    0,    0,    0,    0,    0,    0,  -14,    0,    0,    0,    0,    0,    0,    0,    0,    0,    0,    0,    0,    0,    0,    0,    0,    0,    0,    0,
       0,    0,    0,    0,    0,  -31,  -21,   21,  -37,    0,    0,    0,    0,    0,    0,    0,    0,    0,    0,    0,    0,    0,    0,    0,    0,    0,    0,    0,    0,    0,    0,    0,    0,    0,    0,    0,    0,    0,    0,    0,    0,    0,    0,    0,    0,    0,
       0,    0,    0,    0,  -91,    0,    0,    0,    0,    0,    0,    0,    0,    0,    0,    0,    0,    0,    0,    0,    0,    0,    0,    0,    0,    0,    0,    0,    0,    0,    0,    0,    0,    0,    0,    0,    0,    0,    0,    0,    0,    0,    0,    0,    0,    0,
       0,   11,    0,    0,    0,    0,    0,    0,    0,    0,    0,    0,    0,    0,    0,    0,    0,    0,    0,    0,    0,    0,    0,    0,    0,    0,    0,    0,    0,    0,    0,    0,    0,    0,    0,    0,    0,    0,    0,    0,    0,    0,    0,    0,    0,    0,
       0,    0,    0,    0,    0,    0,    0,   -5,    0,    0,    0,    0,    0,    0,    0,    0,    0,    0,    0,    0,    0,    0,    0,    0,    0,    0,    0,    0,    0,    0,    0,    0,    0,    0,    0,    0,    0,    0,    0,    0,    0,    0,    0,    0,    0,    0,
       0,    0,    0,    0,    0,    0,    0,   13,    0,    0,  -15,    0,    0,    0,    0,    0,    0,    0,    0,    0,    0,    0,    0,    0,    0,    0,    0,    0,    0,    0,    0,    0,    0,    0,    0,    0,    0,    0,    0,    0,  -51,    0,    0,    0,    0,    0,
       0,    0,    0,    0,    0,    0,    0,    0,    0,    0,  -18,    0,    0,    0,    0,    0,    0,    0,    0,    0,    0,    0,    0,    0,    0,    0,    0,    0,    0,    0,    0,    0,    0,    0,    0,    0,    0,    0,    0,    0,    0,    0,    0,    0,    0,    0,
       0,    0,    0,    0,    0,  -15,  -13,    0,    0,    0,    0,    0,    0,    0,    0,    0,    0,    0,    0,    0,    0,    0,    0,    0,    0,    0,    0,    0,    0,    0,    0,    0,    0,    0,    0,    0,    0,    0,    0,    0,    0,    0,    0,    0,    0,    0,
      21,    0,    0,  -37,    0,    0,    0,  -25,   24,  -31,    0,    0,    0,    0,    0,    0,    0,    0,    0,    0,    0,    0,    0,    0,    0,    0,    0,    0,    0,    0,    0,    0,    0,    0,    0,    0,    0,    0,    0,    0,    0,    0,    0,    0,    0,    0,
     -17,    0,    0,    0,    0,  -19,    0,    0,  -13,    0,  -15,    0,    0,    0,    0,    0,    0,    0,    0,    0,    0,    0,    0,    0,    0,    0,    0,    0,    0,    0,    0,    0,    0,    0,    0,    0,    0,    0,    0,    0,  -19,    0,    0,    0,    0,    0,
       0,    0,    0,    0,    0,    0,    0,  -15,  -13,  -15,    0,    0,    0,    0,    0,    0,    0,    0,    0,    0,    0,    0,    0,    0,    0,    0,    0,    0,    0,    0,    0,    0,    0,    0,    0,    0,    0,    0,    0,    0,    0,    0,    0,    0,    0,    0,
       0,    0,    0,    0,    0,    0,    0,    0,    0,    0,    0,   13,  -25,    0,    0,    0,  -44,  -19,  -45,  -31,    0,  -44,    0,    0,    0,    0,    0,    0,    0,    0,  -14,    0,    0,    0,  -18,  -16,  -27,  -29,   13,    0,    0,    0,  -44,    0,  -44,    0,
       0,    0,    0,    0,    0,    0,    0,    0,    0,    0,    0,  -13,    0,    0,    0,    0,    0,    0,  -13,    0,  -13,  -19,    0,   -9,    0,    0,    0,    0,    0,    0,    0,    0,    0,    0,    0,    0,    0,    0,    0,    0,    0,  -28,  -19,    0,    0,    0,
       0,    0,    0,    0,    0,    0,    0,    0,    0,    0,    0,    0,  -13,    0,    0,    0,    0,    0,    0,    0,    0,  -15,    0,    0,    0,    0,    0,    0,    0,    0,    0,    0,    0,    0,    0,    0,    0,    0,    0,    0,    0,  -28,  -15,    0,    0,    0,
       0,    0,    0,    0,    0,    0,    0,    0,    0,    0,    0,  -25,    0,  -19,    0,    0,  -25,    0,  -19,  -13,  -13,  -31,  -13,  -19,    0,    0,    0,    0,    0,    0,    0,    0,    0,    0,    0,    0,    0,    0,    0,  -13,    0,  -47,  -31,    0,  -25,    0,
       0,    0,    0,    0,    0,    0,    0,    0,    0,    0,    0,    0,  -13,    0,    0,    0,    0,    0,   11,   12,    0,    0,    0,    0,    0,    0,    0,    0,    0,    0,    0,    0,    0,    0,    0,    0,    0,    0,    0,    0,    0,    0,    0,    0,    0,    0,
       0,    0,    0,    0,    0,    0,    0,    0,    0,    0,    0,  -25,    0,    0,  -21,    0,   15,    0,    0,    0,    0,    0,    0,  -15,    0,    0,    0,    0,    0,    0,    0,    0,    0,    0,    0,    0,    0,    0,    0,    0,    0,  -76,    0,    0,   15,    0,
       0,    0,    0,    0,    0,    0,    0,    0,    0,    0,    0,    0,    0,    0,    0,    0,  -13,    0,  -19,    0,    0,  -31,    0,    0,    0,    0,    0,    0,    0,    0,    0,    0,    0,    0,    0,    0,    0,    0,    0,    0,    0,    0,  -31,    0,  -13,    0,
       0,    0,    0,    0,    0,    0,    0,    0,    0,    0,    0,    0,  -19,    0,    0,    0,    0,    0,    0,    0,    0,    0,    0,    0,    0,  -14,    0,    0,    0,    0,    0,    0,    0,    0,  -19,    0,    0,    0,    0,    0,    0,  -18,    0,    0,    0,    0,
       0,    0,    0,    0,    0,    0,    0,    0,    0,    0,    0,  -19,    0,    0,    0,    0,    0,    0,    0,    0,    0,    0,    0,    0,    0,    0,    0,    0,    0,    0,    0,    0,    0,    0,    0,    0,    0,    0,    0,    0,    0,    0,    0,    0,    0,    0,
       0,    0,    0,    0,    0,    0,    0,    0,    0,    0,    0,    0,  -31,    0,    0,    0,    0,    0,    0,    0,    0,    0,    0,    0,  -13,    0,    0,    0,    0,    0,    0,    0,    0,    0,    0,  -29,  -33,  -33,    0,    0,    0,    0,    0,    0,    0,    0,
       0,    0,    0,    0,    0,    0,    0,    0,    0,    0,    0,   19,  -25,    0,   19,    0,  -69,  -14,  -44,  -25,   19,  -57,    0,    0,    0,    0,    0,    0,  -13,    0,    0,    0,    0,    0,    0,    0,  -25,  -31,   19,    0,    0,    0,  -57,    0,  -69,    0,
       0,    0,    0,    0,    0,    0,    0,    0,    0,    0,    0,  -55,    0,    0,  -45,    0,    0,    0,    0,    0,  -19,  -13,  -13,  -19,    0,    0,    0,    0,    0,    0,    0,    0,    0,  -13,    0,    0,    0,    0,    0,    0,    0,  -98,  -13,    0,    0,    0,
       0,    0,    0,    0,    0,    0,    0,    0,    0,    0,    0,   19,    0,    0,    0,    0,    0,   -4,    0,    0,   13,  -25,    0,    0,    0,    0,    0,    0,    0,    0,    0,    0,    0,    0,    0,    0,    0,    0,   13,   13,    0,    0,  -25,    0,    0,    0,
       0,    0,    0,    0,    0,    0,    0,    0,    0,    0,    0,   12,  -14,    0,    0,    0,    0,    0,    0,    0,    0,  -11,    0,    0,    0,    0,  -13,    0,    0,    0,    0,    0,    0,    0,    0,  -13,    0,    0,    0,    0,    0,    0,  -11,    0,    0,    0,
       0,    0,    0,    0,    0,    0,    0,    0,    0,    0,    0,    0,    0,    0,    0,    0,    0,    0,    0,  -13,    0,   -9,    0,    0,    0,    0,    0,    0,    0,    0,    0,    0,    0,    0,    0,    0,    0,    0,    0,    0,    0,  -18,   -9,    0,    0,    0,
       0,    0,    0,    0,    0,    0,    0,    0,    0,    0,    0,  -44,  -25,    0,  -69,    0,   15,    0,   25,   19,    0,   13,    0,  -38,  -57,   13,  -53,    0,    0,    0,    0,  -44,  -44,  -25,    0,  -40,   -7,  -13,  -13,  -20,    0,  -83,   13,    0,   15,    0,
       0,    0,    0,    0,    0,    0,    0,    0,    0,    0,    0,  -19,    0,    0,    0,    0,    0,    0,    0,    0,    0,    0,    0,    0,    0,    0,    0,    0,    0,    0,    0,    0,    0,    0,    0,    0,    0,    0,    0,    0,    0,  -59,    0,    0,    0,    0,
       0,    0,    0,    0,    0,    0,    0,    0,    0,    0,    0,  -45,  -19,    0,  -25,    0,   25,    0,   13,   13,    0,   13,    0,  -25,  -31,    0,  -24,    0,    0,    0,    0,  -13,  -13,  -13,    0,    0,    0,    0,    0,    0,    0,  -63,   13,    0,   25,    0,
       0,    0,    0,    0,    0,    0,    0,    0,    0,    0,    0,  -31,  -13,    0,  -19,    0,   19,    0,   13,   13,    0,    0,    0,  -19,  -15,    0,  -19,    0,    0,    0,    0,    0,    0,    0,    0,    0,    0,    0,    0,    0,    0,  -59,    0,    0,   19,    0,
       0,    0,    0,    0,    0,    0,    0,    0,    0,    0,    0,    0,  -19,    0,    0,    0,    0,    0,    0,    0,    0,    0,    0,  -13,  -13,    0,  -13,    0,    0,    0,    0,    0,    0,    0,    0,  -19,  -13,    0,    0,    0,    0,    0,    0,    0,    0,    0,
       0,    0,    0,    0,    0,    0,    0,    0,    0,    0,    0,  -44,  -31,    0,  -38,    0,   13,    0,   13,    0,    0,    0,    0,  -51,  -57,    0,  -57,    0,    0,    0,    0,  -29,  -29,  -38,    0,  -25,    0,    0,  -13,  -13,    0, -108,    0,    0,   13,    0,
       0,    0,    0,    0,    0,    0,    0,    0,    0,    0,    0,    0,  -19,    0,    0,    0,    0,    0,    0,    0,    0,    0,    0,    0,    0,    0,  -19,    0,    0,    0,    0,    0,    0,    0,  -19,    0,    0,    0,    0,    0,    0,    0,    0,    0,    0,    0,
       0,    0,    0,    0,    0,    0,    0,    0,    0,    0,    0,    0,    0,    0,    0,    0,  -38,    0,    0,    0,    0,  -37,    0,    0,    0,    0,    0,    0,    0,    0,    0,    0,    0,    0,    0,    0,    0,    0,    0,    0,    0,    0,    0,    0,    0,    0,
       0,    0,    0,    0,    0,    0,    0,    0,    0,    0,    0,    0,    0,    0,    0,    0,  -57,    0,  -31,  -15,  -13,  -57,    0,    0,    0,    0,    0,    0,    0,    0,    0,    0,    0,    0,    0,    0,    0,    0,    0,    0,    0,  -27,  -57,    0,  -57,    0,
       0,    0,    0,    0,    0,    0,    0,    0,    0,    0,    0,    0,    0,    0,    0,    0,  -64,    0,    0,  -19,    0,  -51,    0,    0,    0,    0,    0,    0,    0,    0,    0,    0,    0,    0,    0,    0,    0,    0,    0,    0,    0,   -8,  -51,    0,  -64,    0,
       0,    0,    0,    0,    0,    0,    0,    0,    0,    0,    0,    0,    0,    0,    0,    0,    0,    0,    0,    0,    0,    0,    0,    0,    0,    0,    0,    0,    0,   11,    0,    0,    0,    0,    0,    0,    0,    0,    0,    0,    0,    0,    0,    0,    0,    0,
       0,    0,    0,    0,    0,    0,    0,    0,    0,    0,    0,    0,    0,    0,    0,    0,  -44,    0,  -25,  -19,  -13,  -51,    0,    0,    0,    0,    0,    0,    0,    0,    0,    0,    0,    0,    0,    0,    0,    0,    0,    0,    0,  -21,  -51,    0,  -44,    0,
       0,    0,    0,    0,    0,    0,    0,    0,    0,    0,    0,    0,    0,    0,    0,    0,   19,    0,    0,   13,    0,    0,    0,  -21,  -14,    0,    0,    0,    0,    0,    0,    0,    0,    0,    0,    0,    0,    0,    0,    0,    0,  -55,    0,    0,   19,    0,
       0,    0,    0,    0,    0,    0,    0,    0,    0,    0,    0,    0,    0,    0,    0,    0,    0,    0,    0,    0,    0,  -31,    0,    0,    0,    0,    0,    0,    0,    0,    0,    0,    0,    0,    0,    0,    0,    0,    0,    0,    0,    0,  -31,    0,    0,    0,
       0,    0,    0,    0,    0,    0,    0,    0,    0,    0,    0,    0,    0,    0,    0,    0,  -46,    0,  -19,  -19,    0,  -44,    0,    0,   -7,    0,   -9,    0,    0,    0,    0,    0,    0,    0,   -9,    0,    0,    0,    0,    0,    0,  -13,  -44,    0,  -46,    0,
       0,    0,    0,    0,    0,    0,    0,    0,    0,    0,    0,    0,    0,    0,    0,    0,    0,    0,    0,    0,    0,    0,    0,    0,    0,    0,    0,    0,    0,   16,    0,    0,    0,    0,    0,    0,    0,    0,    0,    0,    0,    0,    0,   16,    0,    0,
       0,    0,    0,    0,    0,    0,    0,    0,    0,    0,    0,   19,  -13,    0,    0,    0,    0,    0,    0,    0,    0,    0,    0,    0,  -10,    0,    0,    0,    0,    0,    0,    0,    0,    0,   -8,    0,    0,    0,    0,    0,    0,    0,    0,    0,    0,    0,
       0,    0,   23,    0,   19,    0,    0,    0,    0,    0,    0,    0,    0,    0,    0,    0,    0,    0,    0,    0,   13,    0,    0,    0,    0,    0,    0,    0,  -13,    0,    0,    0,    8,    0,    0,    0,    8,    0,    0,    0,    0,    8,    0,    0,    0,    0,
       0,    0,    0,    0,    0,    0,    0,    0,    0,    0,    0,    0,    0,    0,    0,    0,  -31,    0,    0,    0,    0,  -19,    0,    0,    0,    0,    0,    0,    0,    0,    0,    0,    0,    0,    0,    0,    0,    0,    0,    0,    0,    0,  -19,    0,  -31,    0,
       0,    0,    0,    0,    0,    0,    0,    0,    0,    0,    0,    0,    0,    0,  -53,    0,  -15,    0,    0,   19,    0,    0,    0,  -10,    0,   13,    0,    0,    0,    0,    0,    0,    0,    0,   11,    0,   17,   16,   14,    0,    0,  -80,    0,    0,  -15,    0,
       0,    0,    0,    0,    0,    0,    0,    0,    0,    0,    0,    0,    0,    0,   14,    0,  -25,    0,  -13,    0,    0,  -37,    0,    0,    0,    0,    0,    0,    0,    0,    0,    0,    0,    0,    0,    0,    0,    0,    0,    0,    0,   -5,  -37,    0,  -25,    0,
       0,    0,    0,    0,    0,    0,    0,    0,    0,    0,    0,   16,    0,    0,    0,    0,    0,    0,    0,    0,    0,  -19,    0,    0,    0,    0,    0,    0,    0,    0,    0,    0,    0,    0,    0,    0,    0,    0,    0,    0,    0,    0,  -19,    0,    0,    0,
       0,    0,    0,    0,    0,    0,    0,    0,    0,    0,    0,    0,    0,    0,    0,    0,  -40,    0,    0,    0,    0,  -26,    0,    0,    0,    0,    0,    0,    0,    0,    0,    0,    0,    0,    0,    0,    0,    0,    0,    0,    0,  -18,  -26,    0,  -40,    0,
       0,    0,    0,    0,    0,    0,    0,    0,    0,    0,    0,  -37,    0,    0,    0,    0,   -7,    0,    0,    0,  -13,    0,  -13,  -13,    0,   14,    0,    0,    0,    0,    0,    0,    0,   14,    0,    0,    7,    7,    0,    0,    0,  -67,    0,    0,   -7,    0,
       0,    0,    0,    0,    0,    0,    0,    0,    0,    0,    0,    0,    0,    0,    0,    0,  -13,    0,    0,    0,    0,    0,    0,    0,    0,    9,    0,    0,    0,    0,    0,    0,    0,    0,    0,    0,    7,    7,    0,    0,    0,  -67,    0,    0,  -13,    0,
       0,    0,    0,    0,    0,    0,    0,    0,    0,    0,    0,   13,    0,    0,    0,    0,    0,    0,    0,    0,    0,  -13,    0,    0,    0,    0,    0,    0,    0,    0,    0,    0,    0,    0,    0,    0,    0,    0,    0,    0,    0,    0,  -13,    0,    0,    0,
       0,    0,    0,    0,    0,    0,    0,    0,    0,    0,    0,    0,    0,    0,    0,    0,    0,    0,    0,    0,    0,  -13,    0,    0,    0,    0,    0,    0,    0,    0,    0,    0,    0,    0,    0,    0,    0,    0,    0,    0,    0,    0,  -13,    0,    0,    0,
       0,    0,    0,    0,    0,    0,    0,    0,    0,    0,    0,    0,    0,    0,    0,    0,  -46,    0,  -19,  -19,    0,  -44,    0,    0,   -7,    0,   -9,    0,    0,   37,    0,    0,    0,    0,   -9,    0,    0,    0,    0,    0,    0,  -13,  -44,    0,  -46,    0,
       0,    0,   23,    0,    0,    0,    0,    0,    0,    0,    0,    0,   18,   27,    0,   20,   67,   27,   62,   62,   53,   60,   36,    0,    0,   33,    0,   27,   13,   27,   27,   20,   20,    0,   27,    0,   45,   35,   35,   27,    0,    8,   60,   27,   67,   35,
       0,    0,   23,    0,    0,    0,    0,    0,    0,    0,    0,    0,    0,    0,    0,    0,    0,    0,    0,    0,   13,    0,    0,    0,    0,    0,    0,    0,  -13,    0,    0,    0,    0,    0,    0,    0,    8,    0,    0,    0,    0,    8,    0,    0,    0,    0,
       0,    0,  -45,    0,    0,    0,    0,    0,    0,    0,    0,  -18,    0,    0,    0,    0,   27,    0,   18,   18,    9,    9,    0,    0,    0,    0,    0,    0,    0,    0,    0,    0,    0,    0,    0,    0,    0,    0,    0,    0,    0,  -35,    9,    0,   27,    0,
       0,    0,  -45,    0,    0,    0,    0,    0,    0,    0,    0,  -18,    0,    0,    0,   18,   18,    0,   18,   18,    0,    0,    0,    0,    0,    0,    0,    9,    9,    0,    9,    0,    0,    0,   17,    0,   27,   27,   18,    0,    0,  -27,    0,    0,   18,    0,
       0,    0,  -45,    0,    0,    0,    0,    0,    0,    0,    0,  -35,    0,    0,   -9,    0,   35,    0,   27,   27,    9,   18,    0,  -18,   -9,    0,   -9,    0,    0,    0,    0,    0,    0,    0,    0,   -9,    0,    0,    0,   -9,    0,  -45,   18,    0,   35,    0,
       0,    0,  -27,    0,    0,    0,    0,    0,    0,    0,    0,  -18,    0,    0,  -18,   18,   27,    0,   27,   27,    0,    0,    0,   -9,   -9,   18,   -9,    0,    0,    0,    0,    0,    0,   -9,   18,    0,   27,   27,   27,    0,    0,  -27,    0,    0,   27,    0,
       0,    0,    0,    0,    0,    0,    0,    0,    0,    0,    0,    0,    0,    0,    0,    0,    0,    0,    0,    0,    0,    0,    0,    0,    0,    0,    0,    0,    0,    0,    0,    0,    0,  -19,    0,    0,    0,    0,    0,    0,    0,    0,    0,    0,    0,    0,
};

static const EpdLigaturePair lexenddeca_20_boldLigaturePairs[] = {
    { 0x00660066, 0xFB00 }, // f f -> U+FB00
    { 0x00660069, 0xFB01 }, // f i -> U+FB01
    { 0x0066006C, 0xFB02 }, // f l -> U+FB02
    { 0xFB000069, 0xFB03 }, // U+FB00 i -> U+FB03
    { 0xFB00006C, 0xFB04 }, // U+FB00 l -> U+FB04
};

static constexpr EpdFontData lexenddeca_20_bold = {
    lexenddeca_20_boldBitmaps,
    lexenddeca_20_boldGlyphs,
    lexenddeca_20_boldIntervals,
    44,
    52,
    40,
    -13,
    true,
    lexenddeca_20_boldGroups,
    12,
    nullptr,
    lexenddeca_20_boldKernLeftClasses,
    lexenddeca_20_boldKernRightClasses,
    lexenddeca_20_boldKernMatrix,
    350,
    329,
    62,
    46,
    lexenddeca_20_boldLigaturePairs,
    5,
};
