/**
 * generated by fontconvert.py
 * name: lexenddeca_18_bold
 * size: 18
 * mode: 2-bit  compressed: true
 * Command used: fontconvert.py lexenddeca_18_bold 18 ../builtinFonts/source/LexicaUltralegible/LexicaUltralegible-Bold.ttf --2bit --compress --pnum --darken-aa
 */
#pragma once
#include "EpdFontData.h"

static const uint8_t lexenddeca_18_boldBitmaps[19669] = {
    0xB5, 0x5A, 0xBD, 0x8F, 0xE5, 0x56, 0x15, 0xBF, 0x7E, 0x56, 0xE6, 0x49, 0x18, 0xC9, 0xDB, 0x20,
    0x01, 0x5B, 0x38, 0x05, 0x05, 0xA2, 0x71, 0x4B, 0x85, 0x4D, 0x28, 0x28, 0x52, 0xE4, 0x0F, 0xA0,
    0x08, 0x75, 0x52, 0x6C, 0x43, 0x41, 0x81, 0xB0, 0x09, 0x05, 0x05, 0x05, 0xFB, 0x47, 0x50, 0x90,
    0x37, 0xC5, 0x50, 0x50, 0xD0, 0x80, 0xBD, 0x4C, 0x91, 0x22, 0xC5, 0xBE, 0x20, 0xA4, 0x14, 0x29,
    0xD6, 0x52, 0x56, 0x42, 0xEC, 0x16, 0xE3, 0xEC, 0x5A, 0x8A, 0x33, 0x6B, 0xFB, 0x70, 0x7E, 0xBF,
    0x73, 0xFD, 0x9E, 0x67, 0xE6, 0xCD, 0x24, 0x3B, 0x9B, 0xBC, 0xF1, 0x3B, 0xF7, 0x8D, 0x7D, 0x3F,
    0xCE, 0x3D, 0xDF, 0xE7, 0x5C, 0xCB, 0x20, 0x97, 0xFE, 0xAA, 0xBE, 0xEA, 0x8A, 0x2E, 0x6B, 0xF1,
    0x97, 0x36, 0x4E, 0x3F, 0xC9, 0xB6, 0xE8, 0xEC, 0x59, 0xD1, 0x25, 0x5B, 0x39, 0x95, 0xEB, 0x2E,
    0xE7, 0xAA, 0x36, 0x94, 0xDC, 0x59, 0x8B, 0xA1, 0xD2, 0xAC, 0x7D, 0x1B, 0x59, 0xBB, 0x45, 0x1B,
    0x0A, 0x3F, 0xA5, 0x6F, 0xF3, 0xB5, 0xB5, 0x6E, 0x6E, 0x23, 0xDF, 0x6A, 0xC7, 0x32, 0x1D, 0x1C,
    0xDA, 0xDC, 0xB7, 0x2E, 0xEB, 0xB5, 0xD5, 0x49, 0xB3, 0x4E, 0xDB, 0xC8, 0xDA, 0x94, 0xDD, 0x87,
    0x5D, 0x9B, 0xB1, 0xED, 0x2F, 0xB5, 0xDA, 0x31, 0x19, 0x14, 0x03, 0x1D, 0xA7, 0x93, 0x49, 0xAD,
    0x6D, 0x36, 0x04, 0xD6, 0xF6, 0xAB, 0x0B, 0xAD, 0x8B, 0x17, 0xF0, 0xED, 0xFF, 0x80, 0x06, 0x8A,
    0xAE, 0xA2, 0x8F, 0xD9, 0x80, 0xF5, 0xE4, 0x62, 0x62, 0x9E, 0xCA, 0xD9, 0x99, 0xD4, 0xD9, 0x18,
    0x9F, 0x4E, 0x3A, 0x59, 0xFC, 0xA0, 0x04, 0xD4, 0x51, 0x99, 0xBC, 0x55, 0x13, 0x2F, 0x85, 0xE8,
    0x59, 0x72, 0x6F, 0x3D, 0x67, 0x10, 0xC7, 0x0D, 0xD6, 0x9C, 0x54, 0x09, 0x1C, 0x3F, 0x92, 0x56,
    0xE1, 0x03, 0x85, 0x7F, 0x8B, 0x6B, 0x69, 0x93, 0x01, 0x50, 0x67, 0x38, 0x95, 0x26, 0x41, 0xFF,
    0x9A, 0xF4, 0x28, 0x57, 0x5C, 0xD7, 0x15, 0xDC, 0x89, 0x4E, 0x97, 0x5F, 0xC2, 0x93, 0xB0, 0xEA,
    0x49, 0x35, 0x7B, 0x1E, 0x0B, 0xD7, 0xD8, 0x62, 0xDF, 0x20, 0x42, 0x4B, 0xEA, 0x55, 0xE7, 0xDA,
    0x09, 0x4B, 0x4A, 0x1D, 0x0F, 0xDC, 0xAF, 0xB8, 0x70, 0x20, 0xDF, 0xF0, 0x03, 0x83, 0xF8, 0x88,
    0x14, 0x47, 0x67, 0x92, 0x1A, 0xC3, 0xA5, 0x79, 0x2D, 0xC7, 0x84, 0xFF, 0x96, 0x07, 0x32, 0x62,
    0x89, 0x9F, 0xCB, 0x9B, 0xD8, 0x5B, 0xD5, 0xC7, 0x53, 0xCA, 0xBD, 0x28, 0x65, 0xB9, 0x8E, 0xA2,
    0xD9, 0x56, 0x4D, 0xDA, 0x93, 0xF5, 0x52, 0x46, 0x03, 0xB0, 0xAA, 0x31, 0x3D, 0x99, 0x67, 0x3F,
    0xE2, 0x89, 0xEB, 0x80, 0x0D, 0x86, 0x94, 0x8A, 0x8D, 0xA1, 0x09, 0x2E, 0x11, 0x71, 0x1D, 0x04,
    0x7A, 0x93, 0xD3, 0xB6, 0xB9, 0xA0, 0xEA, 0xB8, 0x59, 0xA1, 0x3C, 0x65, 0xA4, 0x23, 0xA8, 0xAA,
    0x83, 0x02, 0x39, 0x17, 0x6E, 0x7F, 0x9B, 0xDA, 0x7A, 0xF1, 0xBE, 0x59, 0x29, 0x2D, 0x07, 0x74,
    0x69, 0x29, 0x40, 0x32, 0x1A, 0x92, 0x42, 0x71, 0xC8, 0xC8, 0x5C, 0xFD, 0x6F, 0x0C, 0x28, 0x94,
    0xDD, 0x4A, 0x72, 0x5D, 0x60, 0x84, 0xB8, 0xE9, 0xD4, 0x6F, 0x8A, 0xAB, 0xC6, 0x58, 0x1E, 0x8D,
    0x4A, 0xB5, 0x10, 0xF2, 0xA5, 0x63, 0xC1, 0x04, 0xD0, 0x13, 0x3F, 0x21, 0x78, 0xB5, 0x8E, 0xDE,
    0x90, 0xC2, 0x26, 0x82, 0x14, 0x8F, 0xC9, 0x81, 0x67, 0x6F, 0x2B, 0x65, 0x53, 0x28, 0xC0, 0x56,
    0x29, 0x70, 0xE9, 0x4F, 0xE7, 0x50, 0x0E, 0x28, 0xC3, 0x74, 0x7F, 0x4A, 0xF8, 0x64, 0x04, 0x2D,
    0xF4, 0x2A, 0x7A, 0x57, 0x71, 0x81, 0xEB, 0x2E, 0x7D, 0xAA, 0x7D, 0xAC, 0x73, 0x02, 0x69, 0x54,
    0x0A, 0x29, 0xEA, 0xB5, 0xEE, 0xD3, 0x19, 0x9F, 0xD3, 0x51, 0xE9, 0xBB, 0x96, 0x5C, 0x6F, 0x06,
    0xBA, 0x4B, 0x8C, 0xE1, 0x7D, 0x1B, 0x93, 0x8E, 0x1C, 0xC6, 0x91, 0xCB, 0x4B, 0x6F, 0xEA, 0x95,
    0x2E, 0xF0, 0xE0, 0x7A, 0x2B, 0xD9, 0x86, 0x90, 0x43, 0x25, 0x0B, 0xB9, 0xA5, 0x3C, 0xC8, 0x1C,
    0xBF, 0x77, 0xF4, 0x9B, 0x55, 0x15, 0x48, 0xE9, 0x2A, 0xC1, 0x46, 0x7A, 0x10, 0x5B, 0x57, 0xEE,
    0x5C, 0xFC, 0x7C, 0x70, 0xD1, 0x47, 0xBD, 0x0B, 0xCA, 0x92, 0xBA, 0x7B, 0x3D, 0xD8, 0x1C, 0xCB,
    0xE6, 0x2F, 0xA4, 0xDC, 0x25, 0x70, 0xF3, 0x30, 0x82, 0x85, 0x79, 0xEA, 0xD3, 0x36, 0x6A, 0xE3,
    0x6D, 0x52, 0x67, 0x65, 0x96, 0x6F, 0x36, 0x1B, 0x59, 0x7C, 0x2E, 0x5A, 0x31, 0x47, 0xE5, 0xC0,
    0x5E, 0x29, 0x7E, 0x1E, 0x50, 0xB6, 0x4C, 0x94, 0x1A, 0xC8, 0x4C, 0x4D, 0xF9, 0x81, 0xF4, 0xE5,
    0x7E, 0x40, 0x3C, 0x99, 0xF9, 0xF0, 0x03, 0x8A, 0xDE, 0x0F, 0x70, 0x36, 0x60, 0xEB, 0x07, 0xAC,
    0x21, 0x50, 0x36, 0x00, 0x40, 0xE9, 0xB9, 0x1C, 0xE0, 0x8E, 0x20, 0xA7, 0x20, 0x59, 0xAD, 0x2B,
    0x41, 0x94, 0x60, 0x1D, 0x46, 0xED, 0x7B, 0xAE, 0x54, 0x4C, 0x95, 0x0B, 0x52, 0x66, 0x20, 0x65,
    0x5D, 0x90, 0xEE, 0x15, 0x18, 0xD0, 0xC8, 0x73, 0xB5, 0x56, 0x8D, 0x7C, 0xA6, 0x5A, 0xD3, 0x4A,
    0x5B, 0xE5, 0x80, 0x59, 0x0D, 0x18, 0xB7, 0x80, 0x51, 0x0F, 0x18, 0x8E, 0xD2, 0x40, 0x74, 0x64,
    0x5B, 0x28, 0xFB, 0x60, 0x9B, 0x20, 0x9D, 0x9C, 0x33, 0xB7, 0xF9, 0xD7, 0xA4, 0x6B, 0x60, 0x3A,
    0x43, 0x1C, 0x3C, 0x3E, 0x21, 0x9E, 0x29, 0x12, 0x41, 0x25, 0xCA, 0xC9, 0xDD, 0xF5, 0xCE, 0x89,
    0x5C, 0x96, 0x92, 0x2F, 0xBD, 0x22, 0x79, 0x4C, 0xAD, 0xE4, 0x62, 0x35, 0x94, 0x41, 0x0D, 0xDA,
    0xB1, 0xF4, 0x90, 0x9D, 0x61, 0xD5, 0x81, 0x16, 0x77, 0x96, 0x74, 0x07, 0x80, 0x59, 0x0B, 0x69,
    0x0A, 0x41, 0xC6, 0x8C, 0xF6, 0x76, 0x02, 0x29, 0x7B, 0x58, 0xD2, 0x2D, 0xE6, 0xBB, 0xF8, 0xDF,
    0xE6, 0x1A, 0x91, 0x81, 0x08, 0x42, 0x16, 0x6B, 0x58, 0xEA, 0x0E, 0x8B, 0x0F, 0xA9, 0x3C, 0x91,
    0x29, 0x85, 0xA2, 0xBA, 0xBF, 0x2F, 0x18, 0xA9, 0x24, 0x0A, 0x8E, 0x29, 0xB0, 0xCA, 0xBE, 0x15,
    0x48, 0xB1, 0x02, 0x55, 0x56, 0x98, 0x45, 0x89, 0x42, 0xAE, 0x79, 0x26, 0xDE, 0x51, 0xB0, 0xEE,
    0x15, 0x90, 0xA0, 0x98, 0x6F, 0xE4, 0xCC, 0x21, 0xE9, 0x08, 0xC9, 0xD7, 0x75, 0x21, 0x3E, 0x01,
    0xC5, 0x81, 0x1B, 0xD1, 0xDE, 0x80, 0xA9, 0xB7, 0x35, 0x14, 0x13, 0xC0, 0x90, 0x30, 0x22, 0x4C,
    0x27, 0xB2, 0x61, 0xA0, 0xD5, 0x53, 0xFE, 0xD1, 0x4E, 0xB6, 0x90, 0x38, 0x85, 0xC9, 0xE4, 0x95,
    0x99, 0x16, 0x07, 0xA4, 0xBC, 0x0A, 0x21, 0xE6, 0xE7, 0xE5, 0x2C, 0x86, 0x87, 0x21, 0x31, 0x4D,
    0x76, 0x20, 0x25, 0x98, 0x36, 0x9B, 0x3F, 0xD3, 0x18, 0x1A, 0xE8, 0xBE, 0x93, 0xBB, 0xEC, 0x85,
    0xEE, 0xB9, 0xC0, 0xAC, 0x00, 0x6D, 0x05, 0x9F, 0x55, 0x4C, 0x81, 0x0C, 0x6B, 0xC5, 0x62, 0xA2,
    0x1B, 0x74, 0x7B, 0xB9, 0x86, 0x83, 0xB9, 0xDB, 0xE8, 0x0E, 0xD4, 0x2E, 0x17, 0x23, 0xF8, 0xCB,
    0xE9, 0x5B, 0x7A, 0xB7, 0x80, 0xCE, 0xEA, 0xAE, 0xA9, 0x05, 0x79, 0xA6, 0x3A, 0xA4, 0x0F, 0x1A,
    0xCF, 0x94, 0x27, 0x52, 0xAA, 0xB5, 0xBB, 0xE3, 0x17, 0x6F, 0x75, 0xF1, 0xEA, 0x99, 0x2E, 0x5E,
    0xCD, 0x1B, 0x6B, 0xE9, 0xBA, 0x45, 0x7E, 0x0A, 0x8D, 0xD5, 0xC5, 0x41, 0x0D, 0xB1, 0xAD, 0x00,
    0x54, 0x00, 0x45, 0xA7, 0x8B, 0xC3, 0x4A, 0xE9, 0x8E, 0x9E, 0x4A, 0x4F, 0x31, 0x0B, 0xE9, 0x5A,
    0x2B, 0x2C, 0x1E, 0xC1, 0x16, 0x1E, 0x10, 0x10, 0xA5, 0x98, 0x09, 0xDC, 0xAC, 0xBC, 0x21, 0xB0,
    0x0C, 0xCD, 0x57, 0xCF, 0x7A, 0x4B, 0xBE, 0x53, 0x38, 0xE5, 0x82, 0x70, 0x86, 0x42, 0xDB, 0xC1,
    0xBE, 0xF9, 0xDC, 0x6D, 0xDC, 0x75, 0xEB, 0x77, 0xDD, 0xE0, 0x0D, 0x57, 0x84, 0x09, 0x90, 0x31,
    0x11, 0x71, 0x62, 0x42, 0x76, 0xAE, 0x0F, 0xD4, 0xEA, 0x57, 0x2D, 0x43, 0x1A, 0xC0, 0xBC, 0x00,
    0xFC, 0x48, 0xC7, 0x42, 0x33, 0xB7, 0xBE, 0x67, 0x44, 0xEB, 0x90, 0xD2, 0x3A, 0x64, 0x4A, 0x33,
    0x81, 0xAA, 0xA8, 0x75, 0xD0, 0x6E, 0x6B, 0xCA, 0x49, 0xB8, 0x83, 0x1D, 0x3C, 0x00, 0x9F, 0xE6,
    0xD6, 0xD3, 0x46, 0xD9, 0x0C, 0x81, 0x05, 0x1C, 0x77, 0xB9, 0xE5, 0x64, 0xCA, 0x71, 0x03, 0x42,
    0xA6, 0x1D, 0xC0, 0x32, 0x7A, 0xAD, 0xBA, 0x1A, 0xD7, 0xEA, 0xA3, 0x60, 0xEE, 0x75, 0xFD, 0xA2,
    0xD5, 0x01, 0x99, 0x07, 0x8D, 0xFA, 0x8E, 0xAA, 0x53, 0xEB, 0x93, 0xC9, 0x89, 0xD4, 0xC9, 0x1C,
    0x93, 0xE4, 0x01, 0xA3, 0x99, 0x94, 0x8A, 0x52, 0xCC, 0x64, 0x0A, 0x76, 0x64, 0x5A, 0xEF, 0xC8,
    0x94, 0xCC, 0x64, 0x3A, 0xCA, 0x75, 0x3A, 0x1F, 0x69, 0x66, 0xED, 0x11, 0x62, 0x18, 0x77, 0x35,
    0xC6, 0xBC, 0xAE, 0xD7, 0xF5, 0xC6, 0x1E, 0xCF, 0x7E, 0x88, 0xC8, 0xB0, 0xF7, 0x71, 0x02, 0x8C,
    0x40, 0x80, 0x90, 0x4B, 0xC9, 0xD0, 0xAD, 0x21, 0x8C, 0x05, 0x18, 0x20, 0x34, 0x4C, 0xE4, 0x97,
    0xB1, 0x83, 0x42, 0x0A, 0xB4, 0x95, 0x3F, 0xF7, 0x61, 0xAE, 0x28, 0xAB, 0xBD, 0x97, 0x5A, 0x97,
    0xD0, 0x5E, 0xFF, 0x9D, 0x6B, 0xAB, 0xDC, 0x5C, 0x63, 0x71, 0x76, 0x9F, 0x6B, 0xBB, 0x20, 0xCC,
    0x70, 0x93, 0xF3, 0x24, 0x9A, 0x17, 0x37, 0x3B, 0xB5, 0x55, 0x53, 0x03, 0x3C, 0x2C, 0x1C, 0x2C,
    0x76, 0x8B, 0x27, 0x0A, 0x8E, 0x80, 0x1B, 0x44, 0x27, 0x65, 0xC4, 0x81, 0x6E, 0xEC, 0x65, 0x5B,
    0x80, 0xDA, 0x13, 0x41, 0xA3, 0xD0, 0x5D, 0x33, 0x65, 0x66, 0x70, 0x3B, 0xF0, 0x74, 0xA8, 0x34,
    0x2A, 0x99, 0x0A, 0x50, 0x21, 0x68, 0xBC, 0x2F, 0x12, 0xB0, 0x68, 0xC4, 0xF4, 0x83, 0xD9, 0xA3,
    0xD0, 0x62, 0xC5, 0xCE, 0x8B, 0x3F, 0x79, 0x95, 0x8C, 0x6E, 0xF9, 0x59, 0x77, 0xF3, 0xBD, 0x4C,
    0x2E, 0x00, 0xDE, 0xE3, 0x53, 0x77, 0x4F, 0xE9, 0xC7, 0xC0, 0x74, 0xB2, 0x90, 0x8A, 0x91, 0xE5,
    0x63, 0xA7, 0x4A, 0x1A, 0xC2, 0x8C, 0x6B, 0x4C, 0xC4, 0x9D, 0x2B, 0x0B, 0x83, 0xF7, 0x1D, 0x78,
    0xA6, 0xC1, 0x53, 0x52, 0x17, 0x90, 0xC4, 0x78, 0xFB, 0xCF, 0x50, 0x4E, 0xDA, 0x75, 0x3B, 0x44,
    0x43, 0xDC, 0x86, 0xAD, 0x82, 0x8B, 0x4D, 0x82, 0x67, 0xF1, 0x50, 0xB4, 0x51, 0xF3, 0x8F, 0x18,
    0xC6, 0xAB, 0x2E, 0x98, 0x2C, 0x94, 0xD9, 0x1B, 0x20, 0xB0, 0xD3, 0xFF, 0x9B, 0x54, 0x03, 0x0E,
    0x1A, 0x3C, 0xAE, 0x67, 0x59, 0x87, 0xFB, 0xAB, 0x0F, 0x5D, 0x0D, 0xB3, 0xD6, 0xF0, 0x04, 0xD9,
    0x94, 0x0E, 0xA5, 0x45, 0x90, 0x0C, 0x9E, 0x0B, 0x6B, 0x2C, 0x88, 0x35, 0x2B, 0x0D, 0x52, 0x76,
    0x34, 0xE5, 0x62, 0xB9, 0x07, 0x8D, 0x46, 0x24, 0xF7, 0x26, 0x9A, 0x3F, 0x1F, 0x3F, 0x98, 0xB1,
    0x18, 0x23, 0xCC, 0x96, 0x0D, 0x34, 0x22, 0x55, 0x4F, 0xE9, 0x47, 0x18, 0xD9, 0x52, 0x1B, 0xCC,
    0xA5, 0xCC, 0xB9, 0x83, 0xCE, 0x46, 0xDC, 0xC7, 0x39, 0x48, 0x8C, 0xD5, 0x93, 0x9D, 0xD0, 0xEF,
    0x43, 0x59, 0x32, 0x5A, 0xAE, 0xBA, 0x60, 0xA4, 0x5C, 0x57, 0x0C, 0x61, 0x1B, 0xF1, 0x9C, 0x97,
    0xD9, 0xA4, 0x39, 0x9B, 0x41, 0xCE, 0x35, 0xC6, 0xC1, 0xFC, 0xA9, 0x98, 0x9D, 0xBF, 0x0C, 0x8B,
    0x71, 0xD1, 0xDF, 0x9C, 0x48, 0x6F, 0xAE, 0x04, 0x63, 0x2B, 0x7A, 0x99, 0xE8, 0x92, 0x25, 0xD9,
    0xFB, 0xA0, 0x9A, 0x7D, 0x4A, 0xDF, 0xFF, 0xE2, 0x3C, 0xA0, 0x82, 0x46, 0x0A, 0x14, 0x18, 0x2F,
    0xC8, 0x62, 0xFB, 0x53, 0xDB, 0x70, 0x7E, 0xA2, 0xBC, 0x85, 0x13, 0x68, 0x21, 0x25, 0xBF, 0x35,
    0x43, 0x4A, 0xBD, 0xBC, 0xD1, 0x4F, 0x5D, 0x82, 0xD6, 0x9F, 0x86, 0x85, 0xEE, 0xE7, 0x27, 0x30,
    0x7D, 0x01, 0xBC, 0x07, 0xE6, 0xE7, 0x5A, 0x5B, 0x9F, 0x51, 0x19, 0x0E, 0x41, 0x35, 0xD1, 0xC9,
    0x58, 0xF0, 0x41, 0x75, 0x37, 0xB5, 0x01, 0xBA, 0x72, 0x7E, 0x2C, 0xB4, 0x9C, 0x89, 0xDF, 0x63,
    0xB3, 0xF3, 0xB9, 0xCA, 0x2B, 0x7A, 0xE1, 0x1E, 0x30, 0x1B, 0x6E, 0x82, 0xD6, 0xC7, 0xFA, 0x7B,
    0x7F, 0xDD, 0xF8, 0x39, 0x6D, 0x7E, 0x5B, 0x6B, 0xB7, 0x6E, 0xB9, 0xC0, 0x67, 0x3A, 0x08, 0xDA,
    0x5D, 0x08, 0x79, 0x09, 0x78, 0x42, 0x5F, 0x05, 0x37, 0x8C, 0xB8, 0x66, 0x8D, 0xD9, 0xA1, 0x5E,
    0x01, 0x37, 0x4D, 0xF5, 0x92, 0x23, 0xAE, 0x03, 0x10, 0x8D, 0xFB, 0xCC, 0xD8, 0x46, 0x93, 0x12,
    0x66, 0xB2, 0x08, 0x13, 0xA6, 0x13, 0xE9, 0x12, 0x24, 0x41, 0x25, 0xA4, 0xE4, 0x07, 0x87, 0xA5,
    0xE4, 0x1D, 0x8D, 0x6F, 0x18, 0x60, 0x1D, 0x80, 0x34, 0x59, 0xE8, 0xAF, 0xB1, 0x00, 0x12, 0x4A,
    0xC9, 0xE8, 0x8E, 0x12, 0x46, 0x00, 0x31, 0xE6, 0x97, 0x70, 0x2F, 0xBC, 0x74, 0x89, 0x9F, 0x09,
    0xA4, 0xC4, 0x34, 0xDC, 0xF3, 0xFE, 0xE5, 0xE1, 0x8E, 0x1C, 0x07, 0xE1, 0xAB, 0xCD, 0x5C, 0x2F,
    0xBF, 0xC7, 0xF2, 0xA4, 0xB4, 0x1C, 0xF8, 0x76, 0x5F, 0x8C, 0xBF, 0x3C, 0xA7, 0x5B, 0x66, 0x26,
    0x5F, 0x07, 0x78, 0xDD, 0x42, 0xE3, 0x04, 0xA1, 0x98, 0xC6, 0x63, 0xC8, 0x10, 0x13, 0x8D, 0x40,
    0x86, 0x5D, 0x3C, 0xB6, 0x05, 0xB3, 0x1C, 0x93, 0x02, 0x9A, 0x95, 0x86, 0x06, 0xAB, 0x26, 0x13,
    0xF5, 0x4E, 0xC0, 0x94, 0x7A, 0x4D, 0xC9, 0xA6, 0x38, 0xD0, 0x68, 0x28, 0x31, 0x54, 0x5E, 0xE4,
    0x39, 0x98, 0xBC, 0x8B, 0x88, 0xE6, 0x08, 0x8A, 0x91, 0x24, 0xA1, 0x3D, 0xA5, 0x27, 0x2B, 0x30,
    0x6A, 0x80, 0x5D, 0x57, 0x8F, 0xC2, 0x79, 0x42, 0xCE, 0x19, 0x08, 0x03, 0xE8, 0x6A, 0xB4, 0x8C,
    0xDD, 0x8C, 0x63, 0xBD, 0xC3, 0x24, 0x34, 0x65, 0x76, 0xDF, 0x34, 0xB8, 0x56, 0xA3, 0xAC, 0xC6,
    0x81, 0x2D, 0xAE, 0xCD, 0xC2, 0x47, 0x66, 0x64, 0xE3, 0x45, 0xD3, 0x5B, 0x71, 0xCB, 0x6A, 0x5B,
    0x2F, 0xB4, 0x39, 0x13, 0xF9, 0x5C, 0x63, 0xF5, 0x47, 0x22, 0xCF, 0x27, 0x57, 0x3D, 0xD4, 0x46,
    0x37, 0xA6, 0xCD, 0x33, 0x6D, 0xDE, 0xC2, 0xAC, 0xEF, 0x09, 0x42, 0x65, 0x39, 0x65, 0x53, 0x9D,
    0x4E, 0x68, 0x8A, 0x8F, 0xC1, 0x94, 0x36, 0x7B, 0xCA, 0x26, 0x65, 0xC8, 0xAC, 0x24, 0x47, 0x8E,
    0xA4, 0x14, 0x6B, 0x17, 0x8D, 0x92, 0x26, 0x26, 0xF7, 0xEA, 0x45, 0xB3, 0x92, 0x32, 0xA6, 0xB5,
    0x55, 0x53, 0x28, 0x25, 0x61, 0x4D, 0xD8, 0x10, 0xB6, 0x84, 0x3D, 0xE1, 0x40, 0x08, 0x51, 0x90,
    0x17, 0xEA, 0xD3, 0x06, 0x45, 0xAF, 0x56, 0xF8, 0x4C, 0xB6, 0x30, 0xA3, 0x8A, 0x82, 0xC2, 0xA2,
    0x03, 0xCC, 0x06, 0x40, 0x08, 0x0F, 0x56, 0x06, 0x5C, 0xAB, 0xA7, 0xB5, 0x4A, 0x0B, 0x2D, 0xDE,
    0x40, 0x39, 0x19, 0xC8, 0xBB, 0x81, 0x92, 0x33, 0x90, 0x2A, 0x03, 0x39, 0x38, 0x90, 0x83, 0xC3,
    0x1C, 0x7E, 0x44, 0xE6, 0x98, 0x0A, 0x1F, 0x67, 0xFB, 0xE4, 0x7A, 0x3A, 0x66, 0x49, 0x46, 0xA3,
    0x5A, 0x61, 0xD8, 0xA2, 0x71, 0x4E, 0xE6, 0xFD, 0xAB, 0x15, 0x8C, 0x20, 0x46, 0x2B, 0x73, 0x08,
    0x6E, 0x67, 0xE3, 0x0E, 0x37, 0xD6, 0xD3, 0x8F, 0xF3, 0xB3, 0xF8, 0x39, 0xFD, 0x0A, 0x7E, 0x3D,
    0xBF, 0xBA, 0xC7, 0x65, 0xC6, 0x4C, 0xFF, 0xBD, 0x4F, 0x61, 0xF8, 0xE2, 0xAA, 0x3F, 0x9F, 0xF6,
    0xFE, 0x3C, 0x3E, 0x18, 0xE3, 0xCF, 0x77, 0xF0, 0xD4, 0x7A, 0xEE, 0xBC, 0xCD, 0xB0, 0x9F, 0xED,
    0x8B, 0x97, 0xF1, 0xB1, 0x4B, 0xF8, 0xB2, 0x44, 0xCC, 0x2F, 0x10, 0xB1, 0xBE, 0x42, 0xC4, 0x6F,
    0x5B, 0x93, 0x59, 0x83, 0xDC, 0x02, 0x32, 0xD4, 0x91, 0x88, 0x6A, 0x11, 0x40, 0x44, 0x95, 0x6A,
    0x10, 0x51, 0x05, 0x1F, 0x35, 0x8A, 0x80, 0xB1, 0x2B, 0xCC, 0x85, 0xAD, 0xE7, 0x5D, 0x85, 0x6E,
    0xAB, 0x98, 0x53, 0x7B, 0x61, 0xFC, 0x75, 0x4F, 0x9A, 0xC8, 0xC2, 0xEE, 0x95, 0xC7, 0x3C, 0x3F,
    0x4C, 0x52, 0x31, 0x92, 0xE6, 0x37, 0x90, 0x34, 0xE2, 0xFD, 0x42, 0xF2, 0xBD, 0xA7, 0x18, 0x17,
    0x0E, 0x5C, 0x03, 0x8A, 0xF3, 0x8A, 0xF6, 0x28, 0xC5, 0xEF, 0x0B, 0x96, 0x65, 0x65, 0x55, 0x40,
    0x2B, 0x09, 0x9A, 0x65, 0x49, 0x2E, 0x84, 0x54, 0x08, 0xFC, 0x3C, 0x29, 0x59, 0x60, 0xF0, 0x5B,
    0x40, 0x35, 0xE6, 0x49, 0xA5, 0x72, 0x33, 0xB9, 0xF5, 0x04, 0x2A, 0xAE, 0xB6, 0xDE, 0xF9, 0x65,
    0xBE, 0xAC, 0x39, 0x31, 0x69, 0x42, 0x13, 0x51, 0xFB, 0x57, 0xE2, 0x53, 0x2D, 0xCA, 0xD2, 0x3D,
    0x8B, 0x53, 0xEF, 0xF9, 0x30, 0xB5, 0x75, 0xBF, 0x02, 0x7E, 0xA0, 0x08, 0x6D, 0x27, 0x8A, 0x9D,
    0x08, 0x91, 0xAC, 0x70, 0x9C, 0xAF, 0xB8, 0x23, 0xE0, 0xD0, 0xA2, 0xAA, 0xE1, 0x03, 0xC9, 0xEB,
    0x1D, 0xD8, 0x6D, 0xC5, 0xE7, 0x55, 0xE1, 0x2B, 0x39, 0xCE, 0x97, 0x81, 0x01, 0x45, 0x0F, 0xEA,
    0x8B, 0xFC, 0x58, 0xB5, 0x57, 0x79, 0x41, 0xCB, 0x36, 0x17, 0xC7, 0xBC, 0x7B, 0x89, 0x40, 0xAB,
    0x8A, 0x81, 0x05, 0xD9, 0xA3, 0x12, 0x8A, 0x1C, 0x16, 0x15, 0xA0, 0x89, 0xC5, 0x01, 0x78, 0xC0,
    0x6A, 0x60, 0x8A, 0x6B, 0xF9, 0xB7, 0x33, 0xA9, 0x0A, 0xAC, 0x41, 0x1A, 0xB0, 0x42, 0xC5, 0x03,
    0x0E, 0xAB, 0x5D, 0x5B, 0xC3, 0x5A, 0x62, 0xD5, 0x5B, 0xDE, 0x30, 0x58, 0x62, 0x3C, 0xB0, 0x40,
    0x98, 0x8E, 0x94, 0x01, 0x35, 0x82, 0x3D, 0x1B, 0x56, 0x23, 0x7D, 0xD6, 0x12, 0x1A, 0xC7, 0x43,
    0x2B, 0x58, 0x07, 0x32, 0xA7, 0x2B, 0xA5, 0x35, 0xB9, 0x59, 0x16, 0x8B, 0x9E, 0x32, 0x6C, 0xA3,
    0x2C, 0xF8, 0x23, 0xA2, 0x92, 0x66, 0xE2, 0xB7, 0x50, 0xB0, 0x82, 0x9B, 0xA2, 0xCE, 0x52, 0x5A,
    0xB5, 0x57, 0x67, 0xB2, 0x42, 0x30, 0x34, 0x90, 0x3B, 0x32, 0x8D, 0x8C, 0x24, 0x90, 0xAA, 0xA1,
    0x6A, 0xBE, 0x21, 0x19, 0xAA, 0xE6, 0xA1, 0xFC, 0x5E, 0x7F, 0x20, 0x9D, 0xD3, 0x1F, 0x69, 0x5B,
    0x41, 0xB6, 0x3F, 0x98, 0x92, 0x8E, 0x04, 0xFD, 0x70, 0x8C, 0x7B, 0x7A, 0xE4, 0x4F, 0x34, 0x4D,
    0xA3, 0xB3, 0x3E, 0x1B, 0xE2, 0xD1, 0x3C, 0x75, 0x1F, 0x11, 0xDD, 0x8A, 0x79, 0x38, 0xD2, 0x24,
    0x1A, 0xF7, 0x7C, 0xFE, 0x41, 0x79, 0x57, 0x55, 0xB2, 0xE4, 0xB4, 0x31, 0x85, 0x49, 0x64, 0xCB,
    0x24, 0x95, 0xA5, 0x16, 0x19, 0x16, 0x3F, 0x32, 0x26, 0xAB, 0x35, 0xFE, 0xCD, 0x70, 0x74, 0xA4,
    0xCE, 0x01, 0x75, 0xF6, 0x3E, 0x20, 0xDF, 0xC6, 0xD0, 0xAA, 0x9A, 0x31, 0x90, 0x49, 0x51, 0xAD,
    0xB0, 0x03, 0x18, 0xA3, 0xDD, 0x68, 0xB4, 0xEB, 0x2D, 0x28, 0x6D, 0x17, 0xF9, 0x9F, 0x6F, 0xAA,
    0x39, 0xFF, 0x5B, 0x24, 0x7E, 0x91, 0x0D, 0x4F, 0xC4, 0x23, 0xCF, 0xF2, 0xA4, 0x4C, 0x6B, 0x2A,
    0xF7, 0xB0, 0x62, 0x56, 0xD7, 0x3A, 0xA6, 0x73, 0x5B, 0x50, 0x1A, 0x01, 0x48, 0x82, 0x0A, 0x1A,
    0x56, 0x6E, 0xAC, 0xA9, 0x33, 0x1E, 0x02, 0x94, 0x86, 0xB5, 0xD2, 0x74, 0x8B, 0x70, 0x84, 0xE3,
    0x70, 0x28, 0xD4, 0x13, 0xEB, 0x6A, 0x58, 0x5B, 0xE5, 0x33, 0xB6, 0xC3, 0xA1, 0x7B, 0xB2, 0xB7,
    0xC5, 0x1E, 0x97, 0xC0, 0x30, 0x9B, 0xF3, 0x54, 0x8F, 0x75, 0x6A, 0xFC, 0xA7, 0x48, 0xBD, 0x62,
    0xB3, 0x8C, 0x96, 0xAF, 0x42, 0x20, 0x60, 0xB9, 0x70, 0xC7, 0x01, 0x3C, 0xF1, 0x21, 0x0E, 0x85,
    0x1D, 0xEF, 0x5D, 0x7D, 0x58, 0x1E, 0x7A, 0x18, 0x51, 0x8A, 0x13, 0x3E, 0x34, 0x8B, 0x77, 0x5D,
    0x75, 0x73, 0x86, 0xCD, 0xFE, 0x7A, 0x72, 0x1F, 0x92, 0xF0, 0x2A, 0x97, 0xCE, 0xB0, 0x98, 0x90,
    0x25, 0x79, 0x6A, 0x5E, 0x3A, 0x5E, 0x08, 0x6D, 0x59, 0xC4, 0xA7, 0xF2, 0xB2, 0xB0, 0xCF, 0x12,
    0xBF, 0x99, 0xAB, 0xC5, 0x90, 0x61, 0xAE, 0x25, 0xC7, 0xC6, 0xAD, 0x7C, 0x37, 0xA4, 0xF6, 0xC7,
    0x08, 0x36, 0x84, 0xCA, 0xBC, 0xAF, 0x78, 0x27, 0x7E, 0x08, 0x8D, 0xAE, 0xBF, 0x36, 0x38, 0xA0,
    0x79, 0xA5, 0x4B, 0x67, 0x58, 0x4E, 0xE8, 0xDC, 0xC6, 0x5D, 0x3C, 0xC6, 0x60, 0x75, 0x1D, 0x87,
    0x37, 0xA6, 0x49, 0x08, 0xB0, 0x5F, 0xC0, 0xED, 0x9E, 0xE2, 0x9C, 0xE8, 0x3D, 0xA9, 0x71, 0x36,
    0xB7, 0xD5, 0xED, 0x54, 0x6D, 0xA2, 0x56, 0xA3, 0xC3, 0x31, 0xD2, 0xE0, 0x4B, 0x5A, 0xC3, 0xF2,
    0xFB, 0x5D, 0xA7, 0x1D, 0xD5, 0xC5, 0xA5, 0xFD, 0x7A, 0x74, 0xC1, 0x26, 0xB7, 0xB2, 0x15, 0x1C,
    0x0D, 0x0E, 0xCE, 0xE0, 0xCB, 0x05, 0x07, 0x6E, 0x70, 0x4D, 0xBF, 0xDC, 0xC5, 0xC0, 0x47, 0x0C,
    0x21, 0x19, 0x71, 0x22, 0x16, 0x9D, 0x7C, 0x58, 0xC0, 0xA0, 0xA0, 0x45, 0xB2, 0x66, 0xF1, 0x30,
    0x5C, 0xBD, 0xA6, 0x85, 0x53, 0xD1, 0xA9, 0xED, 0xCC, 0xFA, 0x2F, 0x0B, 0xAD, 0x8F, 0xEE, 0x3B,
    0x4D, 0xEA, 0x74, 0xB2, 0xCF, 0x2F, 0x56, 0x8E, 0x51, 0xB6, 0x46, 0x30, 0x8A, 0x04, 0x9B, 0x45,
    0xF6, 0x18, 0x4A, 0x33, 0x03, 0x5F, 0x4D, 0xD6, 0xA7, 0x83, 0x6A, 0xA2, 0xA0, 0x76, 0x4D, 0x97,
    0xCF, 0xF8, 0x41, 0x3E, 0x45, 0xC4, 0xB0, 0x05, 0x97, 0x83, 0xF7, 0x29, 0xBF, 0x1D, 0x23, 0x74,
    0xB7, 0xDF, 0x5B, 0x26, 0x70, 0x22, 0x83, 0xFB, 0xF1, 0x0D, 0xA8, 0xF5, 0x56, 0xBC, 0xF8, 0xB5,
    0x43, 0x69, 0x9C, 0x47, 0xB9, 0x5B, 0xD8, 0x92, 0x32, 0xA0, 0x21, 0xBA, 0x4B, 0x99, 0xF2, 0xCA,
    0x77, 0x13, 0x3C, 0xBA, 0x0F, 0x28, 0x28, 0x38, 0xA9, 0xFD, 0x7C, 0x64, 0x58, 0x58, 0xC9, 0x56,
    0xA0, 0x5A, 0x15, 0x8B, 0xC2, 0x88, 0x3E, 0xBA, 0x03, 0x05, 0xA0, 0x3D, 0xEC, 0x51, 0xD9, 0xAB,
    0x50, 0x47, 0x76, 0xFB, 0x02, 0xF1, 0x3C, 0x9B, 0xF2, 0xE5, 0x43, 0x98, 0xA8, 0x09, 0x42, 0x1F,
    0xBC, 0x93, 0x5B, 0x11, 0x14, 0xF5, 0xDD, 0x1C, 0x38, 0x6F, 0x13, 0x56, 0x14, 0x55, 0x30, 0x06,
    0x15, 0xE4, 0x94, 0x01, 0xF8, 0x24, 0x97, 0x3E, 0x14, 0xF3, 0xD6, 0x36, 0xAD, 0xC9, 0xBC, 0x6C,
    0x54, 0x94, 0x70, 0x9B, 0x67, 0x40, 0x56, 0xBB, 0x44, 0x49, 0x5E, 0x77, 0x8E, 0xF4, 0x1C, 0x27,
    0x04, 0x38, 0xA1, 0xD1, 0xEF, 0xF9, 0x95, 0x1C, 0xF7, 0xEB, 0xCA, 0x83, 0x95, 0x78, 0xE0, 0xC4,
    0x14, 0x89, 0x22, 0xF1, 0x50, 0xB8, 0x57, 0x12, 0xAE, 0x80, 0xEA, 0x91, 0x6C, 0x97, 0x0E, 0x16,
    0x16, 0x00, 0xD1, 0x69, 0x85, 0xF3, 0x90, 0x4C, 0x9E, 0x8A, 0xF0, 0x28, 0x5E, 0x69, 0x71, 0x26,
    0x4A, 0xAB, 0x3F, 0x29, 0xF5, 0xFA, 0xBD, 0xA5, 0x50, 0x6D, 0xFE, 0x8D, 0x86, 0x05, 0xB1, 0x6E,
    0x79, 0x60, 0xBC, 0x16, 0x32, 0x80, 0xD8, 0x9D, 0x0A, 0x7D, 0x99, 0x0C, 0x7F, 0x6B, 0x21, 0xC3,
    0xE5, 0xCE, 0xEE, 0x35, 0xF0, 0x66, 0x0D, 0x3C, 0xDB, 0xAC, 0x27, 0xB7, 0x02, 0xAE, 0xC8, 0x03,
    0x1C, 0x23, 0xB6, 0x76, 0xE1, 0x30, 0xB8, 0xD8, 0x57, 0xD4, 0xB9, 0x96, 0xBF, 0x8E, 0xC1, 0x8C,
    0xAF, 0x74, 0xB9, 0x64, 0x8B, 0xC2, 0x2E, 0x02, 0x5F, 0x5E, 0xFA, 0x3B, 0xD9, 0xEE, 0xCB, 0xC5,
    0x37, 0x1C, 0x5C, 0xDF, 0x78, 0x6D, 0xBC, 0xE5, 0x6A, 0x80, 0xCF, 0xF8, 0xD5, 0x52, 0x6B, 0x26,
    0x14, 0x3C, 0xB8, 0x60, 0xE8, 0x6D, 0x66, 0xA5, 0x47, 0xE1, 0xA0, 0x71, 0x73, 0xFD, 0x8D, 0xFE,
    0x25, 0x77, 0x5E, 0x0E, 0xAD, 0x8E, 0xA6, 0x5D, 0x06, 0x96, 0x04, 0x18, 0xB7, 0xB3, 0x20, 0xB0,
    0x46, 0xF2, 0xC2, 0xF9, 0x9C, 0xE5, 0x9E, 0xB7, 0xBE, 0x26, 0x78, 0x98, 0x0A, 0x66, 0xA2, 0xA1,
    0xC8, 0x2B, 0x83, 0xBF, 0xAF, 0x3C, 0xFE, 0x48, 0x46, 0x84, 0x37, 0xF2, 0x5F, 0x41, 0x8E, 0x5E,
    0x7A, 0xBD, 0xA9, 0x7D, 0x4B, 0x7E, 0xCF, 0x2C, 0xDF, 0x71, 0xDD, 0x7D, 0x73, 0x2D, 0xF1, 0x52,
    0xA4, 0x0C, 0xA3, 0xAF, 0x5F, 0xF0, 0xBC, 0x63, 0xB0, 0x54, 0x98, 0x01, 0x76, 0x93, 0x7A, 0x3B,
    0x82, 0xF7, 0x8C, 0x54, 0x63, 0x78, 0xC6, 0x79, 0x55, 0xF9, 0x12, 0xC4, 0xBE, 0xE9, 0x84, 0x13,
    0xEC, 0x81, 0xE7, 0xC6, 0xC9, 0xD2, 0x8E, 0x88, 0x3F, 0x57, 0x84, 0x72, 0xEF, 0xB0, 0x3F, 0x64,
    0xFA, 0xC7, 0x5B, 0x98, 0xFE, 0xE7, 0xAC, 0x11, 0xDB, 0x7B, 0x0F, 0x37, 0x15, 0x35, 0x69, 0x58,
    0x60, 0x5A, 0x62, 0x9E, 0x4A, 0xAB, 0x71, 0x71, 0xDE, 0x94, 0x7A, 0xCB, 0xEC, 0x68, 0x62, 0x9C,
    0xB7, 0xCD, 0x30, 0xCE, 0x89, 0xF8, 0xC3, 0xD8, 0x03, 0x0D, 0x9F, 0xF5, 0x3C, 0x03, 0xA0, 0xC9,
    0xC1, 0x2C, 0x4F, 0xE7, 0x8C, 0xCF, 0xA6, 0x3E, 0x13, 0x1E, 0x49, 0xBC, 0x0D, 0x83, 0x73, 0xAF,
    0x4F, 0x2C, 0x68, 0x4B, 0xE4, 0x77, 0xB9, 0xBD, 0x0E, 0x53, 0xEE, 0x9B, 0xC8, 0x9A, 0x95, 0x4F,
    0x0F, 0x0A, 0x24, 0x93, 0xDF, 0x93, 0x07, 0x93, 0x86, 0xEB, 0xF2, 0x68, 0x62, 0x3D, 0x58, 0xAF,
    0xFF, 0xF9, 0x37, 0x59, 0x6E, 0xBC, 0xDC, 0x6B, 0xE0, 0x61, 0xA5, 0xA8, 0x81, 0xFA, 0x39, 0x8F,
    0xFE, 0x32, 0x1E, 0xE7, 0x8F, 0x8E, 0x99, 0xEB, 0x1D, 0x45, 0xD4, 0xAA, 0xBB, 0x8F, 0x9D, 0x9D,
    0xBD, 0x5A, 0x9E, 0xF9, 0x0B, 0xB1, 0x23, 0xFE, 0x08, 0x87, 0xFD, 0x78, 0x37, 0x86, 0xA7, 0xCE,
    0x3C, 0x8D, 0x6F, 0x18, 0x27, 0x28, 0xEA, 0x8F, 0x0F, 0xDA, 0xEC, 0xDB, 0xD9, 0x7E, 0xF8, 0x10,
    0xF3, 0x27, 0x30, 0x69, 0xBE, 0xBC, 0x78, 0x3B, 0xD1, 0x85, 0xD8, 0x23, 0x22, 0x17, 0x4D, 0x1F,
    0x78, 0x06, 0xDE, 0x66, 0x16, 0xB5, 0x0C, 0x7C, 0x0F, 0xA3, 0x68, 0x29, 0xB5, 0x15, 0x36, 0xC6,
    0xB7, 0x64, 0xF8, 0x9E, 0x4C, 0xA2, 0x39, 0x55, 0x4B, 0x67, 0x8B, 0xCC, 0x69, 0x8B, 0xAC, 0x49,
    0xB1, 0x39, 0x45, 0x05, 0xE3, 0x03, 0x98, 0x9E, 0x4F, 0xC0, 0xE0, 0x33, 0xE4, 0x93, 0x16, 0x7A,
    0x11, 0xE0, 0x95, 0x34, 0x8B, 0xC9, 0x1A, 0x0B, 0x8A, 0x21, 0xE4, 0x4A, 0xD5, 0x4A, 0x27, 0x29,
    0x95, 0x6C, 0x1D, 0x32, 0x87, 0x3E, 0x53, 0x4F, 0x53, 0xA3, 0x58, 0xA6, 0x4D, 0xD5, 0xA6, 0x9A,
    0x33, 0xC2, 0xD8, 0x0D, 0xE9, 0x59, 0x23, 0x4D, 0x3C, 0x66, 0x0F, 0x3F, 0xD3, 0x6C, 0x68, 0xCA,
    0x1E, 0x3E, 0x43, 0xBE, 0x9F, 0xFD, 0xF1, 0x39, 0xA2, 0xB8, 0xE2, 0x0F, 0x9F, 0xF3, 0x4D, 0xA6,
    0x9F, 0xD9, 0x99, 0x4C, 0x68, 0x1E, 0x1E, 0x4D, 0x20, 0xD3, 0x8A, 0x71, 0xDF, 0x64, 0x09, 0x13,
    0xCD, 0x37, 0x84, 0x94, 0x85, 0x3B, 0xD5, 0xB7, 0x04, 0x81, 0x44, 0xA4, 0xC1, 0xA0, 0xE6, 0xAD,
    0x1F, 0xCF, 0xFA, 0x56, 0x61, 0x08, 0x91, 0xE6, 0x2B, 0x0D, 0x6B, 0x3B, 0x04, 0x6F, 0xFD, 0x51,
    0x69, 0xC1, 0x09, 0xB9, 0xD4, 0x53, 0x20, 0xC1, 0x17, 0xD7, 0x1C, 0x65, 0xA4, 0x80, 0x22, 0x52,
    0x93, 0x13, 0x61, 0x79, 0x38, 0xE5, 0x8B, 0x72, 0x1A, 0xB8, 0xC0, 0x7D, 0x56, 0x9A, 0x11, 0x96,
    0xF0, 0x4A, 0x0F, 0x20, 0x14, 0xFF, 0xC2, 0x6A, 0x9F, 0x22, 0x38, 0x78, 0xAE, 0x14, 0x2B, 0x5E,
    0x50, 0x09, 0x26, 0xAC, 0xC1, 0x75, 0x07, 0x67, 0x6F, 0x58, 0xAC, 0x77, 0xE7, 0xEB, 0xBB, 0xC8,
    0x76, 0x75, 0xA2, 0x03, 0x42, 0x7B, 0x63, 0x70, 0xF0, 0x49, 0x46, 0x68, 0xD9, 0x9A, 0x97, 0xD7,
    0x05, 0xF8, 0xD1, 0xA6, 0xC2, 0xB8, 0x82, 0xEA, 0x34, 0xF8, 0xA8, 0x38, 0xB5, 0x0C, 0xD5, 0x4F,
    0xC0, 0xAD, 0x65, 0x96, 0xBD, 0x6E, 0x36, 0x7B, 0xC3, 0xB8, 0x00, 0x78, 0x23, 0x8D, 0x1A, 0x4E,
    0xBA, 0x9E, 0x1F, 0xF4, 0x92, 0xCA, 0x44, 0xCD, 0xE1, 0x34, 0x3D, 0xAD, 0x1A, 0xE4, 0xE5, 0x15,
    0x5F, 0xEC, 0x59, 0x1F, 0x76, 0xA9, 0x3A, 0x83, 0xCA, 0x0D, 0xA3, 0xB9, 0x88, 0x87, 0x08, 0xB7,
    0xFF, 0xB3, 0xA5, 0x2A, 0xBC, 0x37, 0xD4, 0xBC, 0x7B, 0xD3, 0x3B, 0x64, 0x93, 0xE5, 0xA2, 0x30,
    0x3E, 0x19, 0x03, 0xC4, 0x43, 0xDD, 0xDE, 0x85, 0x0E, 0x34, 0x9C, 0x2D, 0xB7, 0xA3, 0x99, 0xD7,
    0x5D, 0x34, 0xE0, 0x00, 0x57, 0xCA, 0x42, 0xB3, 0xDC, 0xF3, 0x99, 0x2A, 0x4F, 0x11, 0x34, 0xE7,
    0x58, 0xD9, 0x45, 0xBD, 0x3B, 0x42, 0xCF, 0xFF, 0x03, 0xDD, 0x5B, 0xBD, 0xAF, 0xDC, 0xC6, 0x11,
    0x5F, 0x1E, 0x8D, 0x47, 0x47, 0x04, 0x42, 0x37, 0x01, 0x1C, 0x2B, 0x00, 0x1B, 0x17, 0xB2, 0x62,
    0x84, 0x6D, 0x8A, 0xC0, 0x4B, 0xC1, 0x45, 0x4A, 0x37, 0xEA, 0x52, 0x38, 0x45, 0x2A, 0x35, 0xAA,
    0xD3, 0x98, 0x4C, 0x5C, 0xBA, 0xB0, 0x8A, 0x00, 0x29, 0xA3, 0x22, 0x85, 0xF2, 0x54, 0xE8, 0x3F,
    0xD0, 0x52, 0x71, 0xE9, 0xC2, 0x74, 0x5C, 0xA4, 0xCC, 0xC1, 0x7E, 0x40, 0x00, 0xB9, 0x10, 0x63,
    0x31, 0x10, 0x2D, 0xEF, 0x71, 0x32, 0xBF, 0x99, 0x25, 0xEF, 0xE3, 0xDD, 0x3D, 0x4B, 0x72, 0xF4,
    0x20, 0xFB, 0xF4, 0x6E, 0x96, 0x47, 0x2E, 0x77, 0xE7, 0x7B, 0x67, 0x66, 0x57, 0x47, 0xA5, 0xED,
    0xC8, 0xEB, 0x3F, 0xDB, 0x1D, 0x95, 0xC6, 0x14, 0x4B, 0xDB, 0xE1, 0x5F, 0xD5, 0xBB, 0xDE, 0x0D,
    0xD3, 0xB3, 0xF5, 0x3F, 0x63, 0xF8, 0x4F, 0xC1, 0xD1, 0xC8, 0xFD, 0x1D, 0x0D, 0x26, 0x26, 0x22,
    0x93, 0x31, 0x68, 0x0A, 0x06, 0x4B, 0x3B, 0x7A, 0x5A, 0x3A, 0xEF, 0x7F, 0x69, 0xA8, 0xE7, 0x7E,
    0xD4, 0x1D, 0x00, 0x6E, 0x60, 0x50, 0x79, 0xFF, 0x7B, 0x63, 0xF1, 0x5A, 0xCE, 0xA0, 0x4D, 0x19,
    0xD4, 0x11, 0xD1, 0x8A, 0x31, 0xA1, 0xA5, 0xD9, 0x98, 0x4D, 0x40, 0xCA, 0xB3, 0xF1, 0xDB, 0xDC,
    0xC7, 0x24, 0x0C, 0x3B, 0x99, 0xD5, 0x73, 0xD7, 0xFB, 0x8C, 0x81, 0x1D, 0x4D, 0xB6, 0x32, 0xD6,
    0x9B, 0xA4, 0x34, 0x85, 0xBC, 0x92, 0x8F, 0x80, 0x19, 0x01, 0x26, 0xD4, 0xE8, 0xAB, 0x7E, 0x1B,
    0xE2, 0x85, 0x35, 0xC4, 0xF0, 0xC6, 0x75, 0x0C, 0x22, 0x6A, 0x65, 0xC2, 0x3F, 0x99, 0x97, 0x4D,
    0x45, 0x74, 0xFF, 0x2E, 0xFA, 0x63, 0x96, 0x35, 0xAC, 0x7F, 0x5C, 0xBE, 0x46, 0x5F, 0x1B, 0xF9,
    0xFC, 0xCA, 0x5C, 0x5D, 0x34, 0xF4, 0x2E, 0x7D, 0xDC, 0xE1, 0x51, 0x03, 0xBC, 0x4A, 0x10, 0x63,
    0x72, 0x8A, 0xA9, 0x66, 0x74, 0xA8, 0xB1, 0xBD, 0xA9, 0x1A, 0xDB, 0x19, 0x1B, 0xC0, 0x60, 0x5C,
    0x83, 0x07, 0x75, 0x46, 0xB7, 0xE7, 0xCE, 0x3C, 0x6A, 0x05, 0x6E, 0xB8, 0x94, 0x7E, 0xBD, 0xBC,
    0xC4, 0x68, 0xD4, 0x6E, 0x04, 0x09, 0xAD, 0x65, 0x2A, 0x72, 0x0C, 0xDC, 0xF0, 0xE4, 0x8C, 0x57,
    0x6B, 0xF8, 0x41, 0xCC, 0x2C, 0x60, 0x22, 0x22, 0x1A, 0x70, 0x65, 0x9C, 0x4F, 0xC0, 0x34, 0x4B,
    0xE8, 0xC5, 0xBD, 0xAF, 0x53, 0x89, 0x77, 0x09, 0x6C, 0x88, 0x95, 0x5A, 0xE6, 0x6D, 0x6F, 0x84,
    0x11, 0x4B, 0x21, 0x58, 0xB8, 0x22, 0x28, 0xEF, 0x36, 0x81, 0x6F, 0xA1, 0x79, 0x82, 0x2E, 0xDA,
    0x50, 0xB3, 0xFF, 0x9F, 0xD9, 0xFA, 0x1C, 0xEC, 0x95, 0x02, 0x2F, 0xC7, 0xF2, 0x87, 0x52, 0xD5,
    0xA9, 0xF2, 0xF2, 0x4B, 0x00, 0xD3, 0xF3, 0x04, 0x42, 0x4F, 0x07, 0x69, 0x92, 0x90, 0xD4, 0x8B,
    0x06, 0xA8, 0x02, 0xB9, 0x81, 0x95, 0x91, 0xBA, 0x94, 0x46, 0xBE, 0xED, 0x40, 0x75, 0x4E, 0x15,
    0x2D, 0x33, 0x2A, 0x68, 0x2C, 0x46, 0x0C, 0xE5, 0x23, 0x51, 0x9A, 0x1C, 0xC8, 0x47, 0x42, 0x41,
    0x86, 0xE9, 0x16, 0x7C, 0xEF, 0x4D, 0xD6, 0xC9, 0x64, 0x64, 0x80, 0xD9, 0x3A, 0x28, 0x57, 0xBB,
    0x10, 0x3D, 0x03, 0x2E, 0xC2, 0xEE, 0xA2, 0x66, 0x15, 0xF8, 0x82, 0x6A, 0x7A, 0xC8, 0x88, 0x72,
    0x6B, 0x6B, 0xB0, 0xF5, 0x22, 0x8C, 0x80, 0x47, 0x10, 0xC5, 0x2C, 0xE4, 0x0D, 0xE3, 0x4E, 0x22,
    0x1E, 0x31, 0x66, 0x0C, 0x53, 0x6F, 0x52, 0x7E, 0xB0, 0x60, 0xCD, 0x6C, 0x59, 0x19, 0x2B, 0x63,
    0x6B, 0x47, 0xCB, 0xA2, 0xB1, 0xFC, 0x42, 0x9F, 0x35, 0x77, 0x93, 0x31, 0x1D, 0xD2, 0xE5, 0x2A,
    0x1D, 0x16, 0x65, 0xD2, 0xF9, 0x8C, 0x25, 0x13, 0x73, 0xD3, 0x6D, 0x35, 0xE1, 0xE6, 0x80, 0x06,
    0x2F, 0x9C, 0xA4, 0xCB, 0x0A, 0x94, 0x67, 0xAD, 0xAD, 0x09, 0x83, 0xE5, 0x32, 0x74, 0x99, 0x72,
    0xC7, 0x88, 0x55, 0x62, 0x94, 0x69, 0x0D, 0x13, 0x06, 0x3D, 0x0E, 0x28, 0x25, 0x62, 0x52, 0xC6,
    0x5C, 0xA7, 0x1B, 0xF8, 0x51, 0x5B, 0xEA, 0x8A, 0x07, 0x43, 0x94, 0x0C, 0x29, 0xF9, 0x8A, 0xED,
    0xFA, 0xCF, 0x9E, 0x12, 0x4F, 0x72, 0x9D, 0x3F, 0xF6, 0xCC, 0x96, 0x8F, 0x98, 0x82, 0x82, 0x52,
    0xE6, 0x51, 0xB5, 0xCA, 0x99, 0xED, 0x34, 0xB0, 0x79, 0x31, 0xA3, 0x1C, 0x9B, 0x17, 0x7D, 0x2A,
    0x7C, 0x7F, 0x9F, 0xA7, 0x50, 0x55, 0xB3, 0xD2, 0x51, 0xEF, 0xE8, 0x53, 0xED, 0x89, 0xB7, 0x98,
    0x0B, 0x3A, 0x42, 0x11, 0x3A, 0xF1, 0xC8, 0xD7, 0x8E, 0xF9, 0xE3, 0x60, 0x42, 0x3B, 0x40, 0xF4,
    0xF4, 0xC9, 0xC1, 0x13, 0x33, 0xFF, 0x33, 0x98, 0x95, 0xB1, 0xEF, 0xB3, 0xF4, 0x99, 0xF9, 0x30,
    0x05, 0x66, 0x7E, 0xEC, 0x13, 0xCF, 0xCC, 0x47, 0xC3, 0xCC, 0xE7, 0x9B, 0x43, 0x2C, 0x4D, 0xA7,
    0x4D, 0x89, 0xC6, 0x3B, 0x6D, 0x6C, 0xC3, 0xCC, 0x8F, 0x7D, 0xDE, 0x81, 0xF9, 0x2C, 0x0C, 0x66,
    0xFE, 0xFB, 0x3E, 0x5E, 0x31, 0xF3, 0x3F, 0xBD, 0x6A, 0xAE, 0x3E, 0x0D, 0xF3, 0x79, 0xEE, 0xF9,
    0x6F, 0x01, 0xDB, 0x67, 0x87, 0xE1, 0xDD, 0x1F, 0xC7, 0x91, 0xAD, 0x17, 0x5E, 0x88, 0xD9, 0xEC,
    0xF8, 0x27, 0xDF, 0xE4, 0x47, 0xDC, 0x61, 0x87, 0x64, 0x70, 0xC9, 0xEF, 0x80, 0xE3, 0xDB, 0x74,
    0x7C, 0x6B, 0x2F, 0x93, 0xF0, 0x01, 0xAF, 0x6F, 0xED, 0x7B, 0x8D, 0xD5, 0xA0, 0xA0, 0x8E, 0x25,
    0x5E, 0xBC, 0xED, 0xA3, 0x98, 0xE5, 0xEA, 0x4D, 0xCE, 0x2E, 0x8A, 0xF5, 0xBE, 0xCC, 0xBC, 0x71,
    0xFF, 0xBD, 0xBA, 0x81, 0x27, 0x5B, 0x91, 0x67, 0x23, 0x4B, 0x6A, 0x62, 0x76, 0x0B, 0x9A, 0x83,
    0xB1, 0x2B, 0xA6, 0x8C, 0x31, 0x2A, 0xEE, 0x91, 0xA5, 0x31, 0x47, 0xB7, 0xD6, 0x5C, 0x32, 0xEC,
    0xEF, 0xD8, 0xE4, 0x86, 0xAA, 0x85, 0x6F, 0xEA, 0x9E, 0x05, 0xB0, 0xF2, 0x88, 0x43, 0xA3, 0xF1,
    0x0E, 0x3D, 0xA6, 0xF0, 0x81, 0x7E, 0x78, 0x59, 0x5F, 0x12, 0xF5, 0x5D, 0x70, 0x03, 0x7B, 0x01,
    0xDC, 0xF5, 0x00, 0xF7, 0x31, 0x80, 0xB9, 0xBC, 0x26, 0x31, 0xB0, 0x00, 0x15, 0x80, 0x9B, 0x41,
    0x35, 0x3F, 0x90, 0x2E, 0xD2, 0x79, 0x01, 0x60, 0x0A, 0x80, 0xEC, 0x39, 0x80, 0xBC, 0xAD, 0x7A,
    0x5D, 0x47, 0xAB, 0x3E, 0xC7, 0xFA, 0x12, 0xF3, 0x42, 0xC6, 0x8F, 0x6E, 0xB1, 0x4F, 0x2A, 0x2F,
    0xC0, 0x92, 0x18, 0xAB, 0xBA, 0xFA, 0xDA, 0x2C, 0xFC, 0x6F, 0xC2, 0x82, 0x1B, 0x9F, 0xFA, 0x97,
    0x50, 0xC9, 0x6B, 0x63, 0x45, 0x3D, 0x7D, 0xE0, 0x29, 0x9E, 0xFE, 0x3E, 0x60, 0xDB, 0xED, 0x0B,
    0x70, 0x87, 0x9F, 0x66, 0x07, 0xCC, 0xD1, 0xC3, 0x1C, 0xED, 0x2A, 0xDB, 0x36, 0xC7, 0x2D, 0x73,
    0xB7, 0x6A, 0xEE, 0xE8, 0xB9, 0xCF, 0xDC, 0xD1, 0x25, 0xF2, 0x50, 0xAF, 0x92, 0xF5, 0xC5, 0xA4,
    0x23, 0xD6, 0x1F, 0x93, 0x7B, 0x69, 0xAC, 0xAC, 0x46, 0xC6, 0xB5, 0x26, 0xC6, 0xA2, 0xD4, 0xA0,
    0x81, 0x1E, 0x72, 0xC3, 0x2B, 0x33, 0x9A, 0x62, 0x90, 0xC6, 0x76, 0xD2, 0xC0, 0x03, 0xC7, 0xB0,
    0x82, 0xA2, 0x03, 0x59, 0xA6, 0xE2, 0x86, 0x55, 0x0F, 0x52, 0x2C, 0x7A, 0x59, 0xD1, 0xAA, 0x4E,
    0xDC, 0x3D, 0x2F, 0x9E, 0x9F, 0xC0, 0xA8, 0x4B, 0xF7, 0x4E, 0xC7, 0x73, 0x46, 0x23, 0x3B, 0xC7,
    0xCC, 0x4B, 0xDC, 0x61, 0x3B, 0x69, 0xDC, 0x12, 0x4D, 0x24, 0x3E, 0xBD, 0x13, 0xDD, 0xCF, 0xBA,
    0x74, 0x25, 0x8D, 0xA2, 0x0B, 0xF5, 0xC6, 0x17, 0x08, 0xB2, 0x33, 0xDD, 0x44, 0xB7, 0x51, 0x74,
    0xEB, 0x0D, 0x74, 0x61, 0xC4, 0xB1, 0xD8, 0xC3, 0x1E, 0x74, 0xAF, 0xD0, 0x92, 0xE5, 0x30, 0x66,
    0x10, 0x4E, 0xE6, 0x73, 0xB8, 0xAD, 0xA2, 0x4F, 0xEE, 0xC1, 0xD3, 0xB1, 0x62, 0xC2, 0x24, 0x1A,
    0x58, 0x09, 0x86, 0x4A, 0x56, 0x60, 0x91, 0xC9, 0x07, 0x46, 0x97, 0x67, 0x5A, 0x62, 0x28, 0x26,
    0x03, 0x2C, 0xCA, 0x95, 0x45, 0x6C, 0x55, 0xE8, 0xC8, 0x0D, 0xD0, 0xE5, 0x66, 0x21, 0xDA, 0x7D,
    0x5C, 0x32, 0xCB, 0x57, 0x6A, 0xC6, 0x16, 0x33, 0xE0, 0x69, 0xF2, 0x07, 0x12, 0x5E, 0xC3, 0xE7,
    0x09, 0xFA, 0x1A, 0xB7, 0x48, 0xA4, 0xC2, 0x06, 0x09, 0x6F, 0x61, 0xE0, 0x40, 0x12, 0xB1, 0x7D,
    0xEE, 0x93, 0x79, 0x5D, 0x6D, 0x19, 0x3F, 0xAC, 0x55, 0xFC, 0x3A, 0x30, 0xE4, 0x01, 0x59, 0x6C,
    0x0D, 0xD3, 0xC8, 0x46, 0xCB, 0x13, 0xF0, 0x88, 0x6C, 0xBA, 0x8C, 0xA7, 0x06, 0x41, 0x41, 0x98,
    0x46, 0x58, 0x2B, 0x17, 0xD4, 0x66, 0x0F, 0x35, 0x78, 0xA8, 0x8B, 0xCF, 0xBC, 0x3A, 0x97, 0xEA,
    0x6D, 0x5C, 0x40, 0x5A, 0xB2, 0x90, 0xF2, 0x04, 0x7A, 0xC1, 0x13, 0xE8, 0x85, 0x72, 0x6B, 0xF2,
    0x46, 0xAA, 0x2B, 0x7A, 0x61, 0x10, 0x68, 0x2A, 0xFA, 0x32, 0xFE, 0x0E, 0x90, 0x07, 0xD2, 0x45,
    0x3E, 0x97, 0x6F, 0x22, 0x24, 0x83, 0x7F, 0x85, 0x26, 0xA4, 0x12, 0xE7, 0x30, 0xC5, 0xBC, 0x9E,
    0x97, 0x4C, 0xC8, 0x80, 0x5F, 0x35, 0x56, 0x1A, 0x35, 0xFF, 0x0B, 0x25, 0x2B, 0x6B, 0xF1, 0x35,
    0xD1, 0x31, 0x8D, 0xD5, 0xE4, 0x32, 0x64, 0x3D, 0xAF, 0xD9, 0xFF, 0x9E, 0x70, 0xA7, 0x57, 0x43,
    0x04, 0x32, 0x05, 0x22, 0xDA, 0x88, 0xE3, 0x10, 0xF5, 0x44, 0xAC, 0x38, 0x9A, 0x83, 0x9F, 0x5C,
    0xDF, 0x28, 0xB4, 0xB1, 0x1A, 0x46, 0x39, 0x7D, 0x7F, 0x8E, 0xAD, 0x06, 0x5D, 0x96, 0x94, 0x55,
    0x0F, 0x56, 0x12, 0x7E, 0x7E, 0x28, 0x4A, 0x49, 0x99, 0x36, 0x29, 0x90, 0x2E, 0xC6, 0x58, 0xA2,
    0x29, 0x16, 0x42, 0x8B, 0x46, 0x44, 0xEF, 0x06, 0xC1, 0x86, 0x87, 0xE2, 0xBF, 0x48, 0x3C, 0xB5,
    0x04, 0x43, 0x53, 0x33, 0x82, 0x74, 0x8D, 0xB8, 0x8F, 0x8F, 0xEF, 0x50, 0x99, 0x13, 0xC6, 0x63,
    0x1F, 0x26, 0x31, 0x2E, 0x4B, 0x9F, 0xBB, 0x2D, 0x2B, 0x61, 0x3C, 0x90, 0x5A, 0xD4, 0x1A, 0x9B,
    0x29, 0x81, 0xB6, 0xDB, 0x20, 0x57, 0xF5, 0x05, 0x3A, 0x7A, 0xF0, 0x63, 0xA9, 0xD4, 0xA6, 0x56,
    0x32, 0x1B, 0xA5, 0xAF, 0xD5, 0x48, 0xB2, 0x53, 0x32, 0x3B, 0x0D, 0x2F, 0x07, 0x21, 0xB3, 0x12,
    0xB5, 0xA0, 0x42, 0x6C, 0x8F, 0x24, 0x02, 0x2F, 0x56, 0x42, 0xB4, 0xF5, 0x42, 0x74, 0xE5, 0x25,
    0x14, 0x87, 0x8B, 0x46, 0xD3, 0x81, 0x68, 0xF6, 0x34, 0xBA, 0x6A, 0x13, 0x58, 0x18, 0xA8, 0x4D,
    0xB5, 0xC9, 0x94, 0xE8, 0x5C, 0xA8, 0x85, 0x76, 0x23, 0xCE, 0xE4, 0xB5, 0x87, 0x9B, 0x1A, 0x4E,
    0x8D, 0x3D, 0x12, 0xA6, 0x16, 0x16, 0x9A, 0x9B, 0x66, 0x83, 0xA2, 0x42, 0x91, 0x77, 0x22, 0xA3,
    0x98, 0xDE, 0x1D, 0x44, 0x61, 0x13, 0x3A, 0x48, 0x6D, 0xA1, 0x64, 0x6A, 0x50, 0xCC, 0xCB, 0x48,
    0xB3, 0x11, 0x29, 0xCF, 0xD4, 0xF6, 0xEB, 0x60, 0x3A, 0x26, 0xA7, 0x59, 0xC9, 0xF5, 0x71, 0x2D,
    0xDB, 0x7C, 0x54, 0x6A, 0x57, 0x42, 0x2D, 0x64, 0xDB, 0x40, 0xA8, 0x82, 0x1F, 0xF5, 0x88, 0x35,
    0x23, 0x59, 0xE7, 0x30, 0x16, 0x85, 0xEC, 0x89, 0xBC, 0xE4, 0x33, 0x6C, 0xF0, 0x81, 0x5A, 0x95,
    0xAD, 0x29, 0x44, 0xB6, 0x25, 0x88, 0x66, 0x32, 0xC1, 0x5A, 0xE6, 0x9D, 0x13, 0xD9, 0x42, 0x53,
    0xDA, 0xF7, 0x14, 0x17, 0x12, 0xCE, 0x4B, 0x98, 0x9F, 0x75, 0xD7, 0xFB, 0x27, 0xA4, 0xCF, 0x0A,
    0xC7, 0xD6, 0xBA, 0xAB, 0x59, 0x8F, 0x88, 0x71, 0xA6, 0xEF, 0x81, 0xD2, 0xF7, 0xEE, 0xB8, 0xAD,
    0xBB, 0x48, 0x14, 0x57, 0xC9, 0xA4, 0xBB, 0xB0, 0x7A, 0xD5, 0x5D, 0xEA, 0xC5, 0x48, 0x41, 0x5F,
    0xBF, 0x9F, 0xBE, 0x2D, 0xDD, 0x35, 0xAA, 0xBB, 0x75, 0xA0, 0xCF, 0x8A, 0xBF, 0x6B, 0x67, 0xFA,
    0xEE, 0x2E, 0x14, 0x97, 0x0F, 0x35, 0x7F, 0xF9, 0x84, 0xD6, 0xBF, 0xCC, 0x18, 0x0F, 0x07, 0xC9,
    0xCC, 0x94, 0xBE, 0x7C, 0xCB, 0x44, 0xAD, 0x92, 0xE9, 0x26, 0x13, 0x0D, 0xC9, 0x90, 0x92, 0xF9,
    0xAF, 0x8D, 0x19, 0x52, 0xB6, 0x54, 0x49, 0x33, 0x12, 0x70, 0x0B, 0xE9, 0x5B, 0xA3, 0x96, 0xBA,
    0x54, 0x13, 0x95, 0x3C, 0x4B, 0x4D, 0x74, 0x10, 0xB7, 0xA3, 0xF4, 0x2D, 0x94, 0xBE, 0x58, 0xE9,
    0x4B, 0x26, 0x32, 0xEF, 0x33, 0x99, 0x35, 0xD6, 0xDB, 0x54, 0x4D, 0x94, 0xE9, 0x53, 0x13, 0xED,
    0x20, 0x4D, 0xE1, 0xD6, 0xAC, 0xAD, 0xB5, 0x6A, 0x9D, 0x48, 0x85, 0xD4, 0x60, 0x7D, 0xBC, 0xD9,
    0x84, 0x9B, 0xA1, 0xCB, 0xAE, 0x18, 0x97, 0x5B, 0x62, 0xDC, 0x52, 0x53, 0x3A, 0x2D, 0xC6, 0x7C,
    0xAF, 0x18, 0x87, 0x20, 0x46, 0x33, 0x89, 0xF1, 0x2C, 0x35, 0xA5, 0x6D, 0x35, 0xAD, 0x37, 0xD4,
    0x74, 0x53, 0x8C, 0x46, 0xD2, 0xDA, 0x09, 0xD9, 0xE9, 0x8A, 0xA6, 0xAB, 0xC5, 0x7C, 0x95, 0xCC,
    0x57, 0x19, 0xD1, 0xEC, 0x80, 0xA6, 0xAB, 0x6A, 0xBE, 0xA2, 0xE9, 0x2A, 0x48, 0x2C, 0x08, 0x4D,
    0xEF, 0xE6, 0x94, 0x85, 0x2B, 0xEB, 0xA7, 0x2B, 0x44, 0x82, 0x72, 0x15, 0x21, 0xBF, 0x0B, 0x69,
    0x46, 0x33, 0x67, 0xAD, 0xD3, 0x78, 0xC5, 0x7C, 0x55, 0xCD, 0x57, 0x34, 0x5D, 0xC5, 0xF4, 0x98,
    0x49, 0x05, 0x7E, 0x89, 0xC4, 0x4D, 0x9A, 0x99, 0x96, 0xE1, 0x4A, 0xDD, 0x12, 0xAE, 0x40, 0x76,
    0x16, 0xE8, 0x70, 0xAA, 0x41, 0x12, 0x64, 0x60, 0x05, 0x12, 0x1E, 0x2E, 0x53, 0xC4, 0xB5, 0x3D,
    0xB4, 0x53, 0xD3, 0xA3, 0xB7, 0x4A, 0x5D, 0x77, 0x9D, 0x68, 0x74, 0xD0, 0xCF, 0xEE, 0xDB, 0xA1,
    0xF6, 0xAF, 0x74, 0xA9, 0x96, 0x71, 0x0A, 0x19, 0x33, 0xC3, 0xF8, 0x83, 0xCE, 0x25, 0xF8, 0x23,
    0xD8, 0x83, 0xA2, 0x46, 0x24, 0xF9, 0xD2, 0x2F, 0x94, 0xB1, 0x27, 0xF2, 0xB6, 0x18, 0x53, 0x24,
    0x14, 0x5E, 0x51, 0x5E, 0x89, 0x36, 0x3A, 0xC8, 0xED, 0xA7, 0xD2, 0x03, 0xAF, 0x38, 0xA8, 0x58,
    0xD5, 0x99, 0x10, 0x7D, 0xC4, 0xA7, 0x5D, 0xA8, 0xB8, 0xAD, 0xBD, 0xE0, 0x50, 0x98, 0x2E, 0xA9,
    0xF8, 0x5E, 0x70, 0xC6, 0x1B, 0xFB, 0xE7, 0xE0, 0x67, 0x37, 0xA6, 0xD8, 0x22, 0x9B, 0x6B, 0x3A,
    0x4E, 0x52, 0xFB, 0xF2, 0x05, 0xC3, 0xF4, 0xF5, 0x10, 0xBD, 0x49, 0x4D, 0x81, 0xE5, 0xC6, 0xE2,
    0xA6, 0x8F, 0x39, 0x64, 0x1B, 0xC3, 0x6A, 0xFC, 0xC2, 0x60, 0xEA, 0x16, 0x70, 0x6A, 0x1F, 0x93,
    0x5A, 0x99, 0x5C, 0xC9, 0xBD, 0x17, 0x09, 0xC9, 0x23, 0x58, 0x6D, 0xA3, 0x61, 0x0D, 0x62, 0x37,
    0x84, 0x98, 0xD1, 0x8E, 0xC8, 0x61, 0x8A, 0x9B, 0xDF, 0xDB, 0x74, 0xBF, 0x86, 0xB3, 0x7B, 0xD6,
    0x2F, 0xDE, 0xDF, 0x1D, 0xD3, 0x98, 0xDF, 0xB1, 0x54, 0x57, 0x1A, 0x39, 0xE6, 0x88, 0xE3, 0x21,
    0xD6, 0xFA, 0xFC, 0xF1, 0x90, 0x12, 0x6E, 0x27, 0x81, 0x74, 0x8C, 0x7A, 0x62, 0x4F, 0x6D, 0xD5,
    0xDA, 0x7E, 0x3B, 0xA4, 0x43, 0xC9, 0x61, 0xFD, 0xBD, 0x4C, 0x8F, 0x6F, 0x4E, 0xEE, 0xFE, 0x59,
    0xBE, 0x78, 0x7F, 0x77, 0xCC, 0xA2, 0x76, 0x86, 0x3E, 0x67, 0x9C, 0x50, 0x2B, 0xE3, 0xD6, 0xF2,
    0xEF, 0x73, 0xE7, 0x05, 0x83, 0x93, 0xA0, 0x3C, 0xB5, 0x36, 0xC3, 0xEC, 0xCF, 0xE9, 0xF1, 0x6D,
    0xDC, 0x95, 0x62, 0x60, 0x6B, 0x24, 0xF4, 0xEC, 0xE6, 0xB0, 0xBB, 0x9B, 0x83, 0x70, 0xEB, 0x65,
    0xD1, 0x3B, 0xBB, 0x09, 0x3D, 0x37, 0xDF, 0xD3, 0x51, 0xC2, 0x98, 0x32, 0x43, 0x98, 0x2F, 0xCC,
    0xBE, 0xC6, 0x45, 0x31, 0x3B, 0x11, 0xA7, 0x70, 0x65, 0x90, 0xA5, 0xC3, 0xCB, 0x9A, 0xC1, 0xD7,
    0xF6, 0x9E, 0xF8, 0xDD, 0xD3, 0x16, 0xA7, 0x88, 0xD5, 0x02, 0x1B, 0x81, 0x4B, 0x81, 0x9D, 0xC0,
    0x41, 0x60, 0x40, 0x10, 0xF0, 0x1B, 0x8E, 0x20, 0x3D, 0x44, 0xC1, 0xF0, 0x2B, 0x8E, 0x3F, 0x3C,
    0x8A, 0x2C, 0x80, 0x55, 0x0F, 0x68, 0x3D, 0x60, 0x3E, 0x02, 0x66, 0x04, 0x98, 0x70, 0x5C, 0x4B,
    0xC8, 0xAB, 0xBD, 0x98, 0x26, 0xA0, 0x13, 0x68, 0x05, 0x16, 0x02, 0x33, 0x81, 0xA9, 0xC0, 0x78,
    0xDE, 0x18, 0x50, 0xDF, 0x86, 0x66, 0x3B, 0xB1, 0x0A, 0x0F, 0xFF, 0x76, 0x38, 0xD5, 0x90, 0xEA,
    0x18, 0xE2, 0xC3, 0x31, 0x2C, 0xC0, 0x8D, 0x86, 0x06, 0x3D, 0xC7, 0x05, 0xE3, 0x6D, 0x49, 0x04,
    0x5A, 0xBE, 0x2F, 0x4B, 0x1D, 0x82, 0x8D, 0x10, 0x0C, 0x6B, 0xE8, 0x0F, 0x37, 0xCA, 0xA1, 0x4B,
    0x70, 0x19, 0x67, 0x36, 0xDA, 0x33, 0xBC, 0x17, 0x46, 0x09, 0x63, 0x86, 0x19, 0xC2, 0x7C, 0x61,
    0xF6, 0x80, 0xCB, 0x84, 0x19, 0xFF, 0xBC, 0xA1, 0x49, 0xC6, 0x52, 0xF3, 0x41, 0x35, 0xAE, 0x60,
    0x63, 0x4A, 0x6E, 0xAC, 0x2E, 0xE8, 0xE8, 0xD6, 0x0F, 0x86, 0xDA, 0xC5, 0xB0, 0x59, 0xE8, 0xAF,
    0xA6, 0xC0, 0x0D, 0x44, 0xA7, 0xA3, 0x24, 0xF6, 0xAF, 0xFD, 0x35, 0x3A, 0xFE, 0xA1, 0x50, 0xEB,
    0xCA, 0x42, 0xA4, 0xD8, 0x3B, 0xC5, 0x5A, 0xCB, 0x49, 0x0E, 0x91, 0x51, 0xDE, 0xA6, 0xCB, 0x1F,
    0x08, 0x99, 0x0B, 0x2F, 0x52, 0x4D, 0x29, 0xDB, 0x48, 0x0B, 0xC2, 0xAF, 0x85, 0x3F, 0x23, 0xBF,
    0xFA, 0x3E, 0x52, 0x1B, 0x95, 0xE6, 0x65, 0x93, 0xB4, 0xE6, 0x2D, 0x18, 0x2C, 0xD5, 0xD5, 0x8A,
    0x53, 0x93, 0x82, 0xDE, 0xA1, 0x46, 0xC4, 0xBB, 0x08, 0x31, 0x7A, 0x17, 0x0A, 0x3B, 0x92, 0x53,
    0x85, 0x52, 0x04, 0x92, 0x9D, 0x07, 0xEC, 0x41, 0x39, 0x5F, 0x6A, 0x91, 0xFF, 0x35, 0x9C, 0x84,
    0x39, 0x13, 0x37, 0xE6, 0xCD, 0x35, 0x23, 0x96, 0x3F, 0x53, 0x3D, 0x71, 0x3A, 0xF9, 0x6A, 0xAA,
    0xDB, 0x08, 0x62, 0xA3, 0x30, 0xC2, 0x69, 0x9A, 0x44, 0xC2, 0x08, 0x1E, 0xB6, 0xA9, 0x06, 0x93,
    0x3D, 0x12, 0x46, 0x14, 0x9F, 0x0B, 0x23, 0x5C, 0x0D, 0x9A, 0x39, 0x16, 0x47, 0x83, 0x4A, 0x25,
    0x37, 0xB9, 0x56, 0xC4, 0x6D, 0x23, 0x8C, 0xA0, 0x12, 0x8C, 0x20, 0xEC, 0xFB, 0x35, 0x15, 0xFB,
    0x79, 0x61, 0x04, 0x3C, 0x71, 0x99, 0xF3, 0x0A, 0x50, 0xC9, 0x26, 0xEC, 0xED, 0x29, 0x49, 0xEB,
    0xA7, 0x34, 0xA4, 0xF8, 0x8B, 0x30, 0xE2, 0x42, 0xE4, 0x44, 0x60, 0x99, 0xD6, 0xAF, 0xBA, 0xB5,
    0x5B, 0xCE, 0x68, 0xC3, 0x63, 0x5F, 0xBE, 0xB1, 0x4F, 0xD6, 0xBA, 0xD6, 0x9F, 0x03, 0x8C, 0x44,
    0xD2, 0x10, 0xF4, 0x4A, 0x4A, 0x02, 0x74, 0xDF, 0x41, 0xCC, 0x53, 0x4E, 0xAD, 0xDB, 0xB6, 0x4B,
    0x70, 0x5B, 0x6B, 0x74, 0xEF, 0x69, 0xFE, 0x52, 0xCE, 0x5E, 0x57, 0xD4, 0x37, 0xB8, 0xE3, 0x6B,
    0xF5, 0xF7, 0x89, 0x96, 0xA2, 0x9E, 0x57, 0x90, 0x44, 0x12, 0xF6, 0x1C, 0xA9, 0x1B, 0xA7, 0x31,
    0x88, 0x02, 0x8E, 0xCB, 0xD7, 0x6E, 0x7E, 0x7F, 0x68, 0x29, 0x1A, 0x78, 0x4E, 0xF7, 0x95, 0x54,
    0xF8, 0x1E, 0x4A, 0x2A, 0x2C, 0xD7, 0x7A, 0xFF, 0xC0, 0xE7, 0x85, 0xD5, 0xB1, 0x44, 0xA3, 0xB0,
    0x5C, 0x43, 0x99, 0x2A, 0x94, 0x50, 0x5B, 0xB3, 0xCE, 0x84, 0xA3, 0xAB, 0xA7, 0xA8, 0xA9, 0xB4,
    0x2C, 0x6B, 0x25, 0xFB, 0x2E, 0xC3, 0xB6, 0x7D, 0x82, 0x50, 0x10, 0xE6, 0xCF, 0x66, 0x3E, 0x68,
    0x0D, 0x34, 0x6C, 0xDB, 0xB7, 0xBA, 0x6D, 0x5F, 0xEB, 0xB6, 0xBD, 0xFA, 0xD5, 0xD5, 0xD6, 0xB6,
    0x7D, 0x77, 0x6A, 0xDB, 0x7E, 0x2A, 0x70, 0xEE, 0xD9, 0x85, 0x7F, 0xEA, 0xE6, 0x40, 0xDA, 0x75,
    0xA2, 0x41, 0x2A, 0x40, 0x27, 0x51, 0xAB, 0x6E, 0x1F, 0x76, 0x91, 0x1B, 0x75, 0x23, 0x5D, 0x8E,
    0x60, 0x04, 0x80, 0x9F, 0x78, 0xB0, 0xB5, 0xCD, 0xD8, 0x4D, 0x03, 0x9C, 0x9C, 0xB1, 0x63, 0xF7,
    0x73, 0x44, 0xC0, 0x0B, 0x29, 0x55, 0x40, 0x0E, 0xAD, 0x94, 0x62, 0x10, 0x6E, 0x1E, 0x33, 0x9B,
    0x9C, 0x47, 0x91, 0x83, 0xFD, 0x99, 0xC6, 0xD8, 0x02, 0x23, 0x02, 0x74, 0x12, 0x67, 0x3B, 0x09,
    0xB3, 0x51, 0xFF, 0x02, 0xC4, 0xFD, 0xCB, 0x44, 0x1A, 0x78, 0x97, 0x12, 0xA1, 0xD6, 0x12, 0xA1,
    0x36, 0x33, 0x4C, 0x04, 0x66, 0xB8, 0x7F, 0xD9, 0xA1, 0xA7, 0x25, 0x85, 0x78, 0x37, 0x97, 0x71,
    0xC4, 0x8B, 0xFC, 0x48, 0x58, 0x3D, 0xD7, 0x3F, 0xEC, 0x59, 0xF5, 0x0F, 0x13, 0x1D, 0x97, 0x10,
    0xFA, 0xA0, 0x64, 0xAC, 0x4F, 0xC3, 0xE4, 0x52, 0x32, 0xFC, 0xED, 0x4C, 0xED, 0x11, 0xA1, 0xE4,
    0x4D, 0x98, 0x88, 0x41, 0x35, 0x6E, 0x6F, 0x7B, 0x8E, 0x77, 0x94, 0x61, 0x1D, 0x96, 0x91, 0x3E,
    0xA7, 0xB1, 0xEA, 0xD9, 0xE5, 0xCB, 0xB1, 0x14, 0xA9, 0x70, 0x0C, 0x73, 0x85, 0x63, 0x98, 0x2B,
    0x1C, 0xE7, 0x8F, 0xCB, 0x81, 0x1A, 0x46, 0x4C, 0xA7, 0x6B, 0x18, 0xCF, 0x1B, 0x17, 0xFE, 0x5D,
    0x2F, 0x42, 0x6D, 0x6D, 0x75, 0xDE, 0x8C, 0x78, 0xC2, 0x12, 0xC9, 0x1A, 0x8D, 0x9D, 0x93, 0x52,
    0xFF, 0x27, 0x34, 0x64, 0xF9, 0x93, 0x83, 0x33, 0x39, 0x44, 0x61, 0x3F, 0xC2, 0xDE, 0xA6, 0x99,
    0xC1, 0x47, 0x3E, 0x3C, 0x90, 0x2E, 0xEB, 0xF2, 0xC8, 0x36, 0x73, 0xE4, 0xA8, 0x4D, 0xFE, 0xDD,
    0xB1, 0x22, 0x60, 0x75, 0x02, 0xAC, 0x78, 0xF8, 0x6B, 0x32, 0x83, 0xCF, 0xA7, 0xBD, 0xAB, 0x20,
    0x04, 0xCC, 0x52, 0x68, 0xDB, 0x27, 0x3E, 0x22, 0x39, 0xFB, 0xF0, 0x0A, 0x74, 0x5A, 0xB6, 0x8D,
    0xD8, 0xD0, 0xD8, 0xFE, 0x2E, 0x6A, 0x87, 0xF0, 0x1E, 0x85, 0xFE, 0x54, 0x8D, 0xA5, 0x0D, 0x88,
    0x55, 0xBD, 0xB6, 0x2C, 0xF8, 0x37, 0x0C, 0x22, 0x2D, 0xBA, 0xAF, 0xB8, 0x90, 0x96, 0x21, 0x1E,
    0x05, 0x92, 0x1A, 0x84, 0x4C, 0x0B, 0x26, 0x54, 0x19, 0x70, 0x4A, 0x27, 0xDA, 0x42, 0x5F, 0x30,
    0x0E, 0xFB, 0xDD, 0x6F, 0x68, 0x09, 0x76, 0xAF, 0xB3, 0x82, 0xD1, 0x55, 0x2B, 0x0E, 0x22, 0x2D,
    0xA6, 0x12, 0x7E, 0x08, 0xDF, 0x22, 0x89, 0xB0, 0x72, 0x39, 0x4C, 0xB4, 0x94, 0x0D, 0xC4, 0x12,
    0x8B, 0xF8, 0x32, 0xAC, 0x1A, 0x2F, 0x01, 0xA0, 0x0C, 0x60, 0x2E, 0xCE, 0x7E, 0xE5, 0x09, 0xEB,
    0xAA, 0x26, 0x02, 0x0F, 0x0B, 0x1A, 0x24, 0xA4, 0x14, 0x29, 0xB5, 0x98, 0xB7, 0xC7, 0x39, 0x11,
    0xEF, 0x38, 0x78, 0x94, 0x5C, 0x7C, 0xA4, 0x9D, 0x4F, 0x37, 0x9D, 0x63, 0x63, 0xD7, 0xF9, 0xBA,
    0x38, 0xD2, 0x36, 0x9B, 0x76, 0x42, 0x51, 0x1A, 0x19, 0x83, 0x3A, 0x9C, 0xE1, 0x57, 0xCA, 0x73,
    0xC7, 0xE5, 0x50, 0x6D, 0x74, 0xAF, 0x5F, 0x79, 0xBE, 0xB8, 0xE0, 0xB4, 0x97, 0x1C, 0xF7, 0xD2,
    0xF8, 0x45, 0xAE, 0xF4, 0xC4, 0xD7, 0xCE, 0x07, 0x68, 0xE4, 0x70, 0x3D, 0x53, 0x81, 0x7F, 0x89,
    0xF1, 0x06, 0x5E, 0x9A, 0x9D, 0xE7, 0xA5, 0x2A, 0x1F, 0x2B, 0x24, 0x42, 0x3B, 0xE7, 0x9C, 0xAA,
    0x61, 0x2A, 0x52, 0x33, 0xBA, 0xAF, 0xF2, 0xFB, 0xF7, 0x03, 0x1A, 0xB1, 0xA0, 0xE1, 0x26, 0x34,
    0x2C, 0xE3, 0xD9, 0x00, 0x5F, 0x16, 0x0B, 0x67, 0xD9, 0x9B, 0x19, 0xB6, 0x93, 0x85, 0x4F, 0xFF,
    0xAE, 0x69, 0xA1, 0xE9, 0x49, 0xFE, 0x16, 0x3D, 0xCE, 0x36, 0xB0, 0xB6, 0xB1, 0xF1, 0xB0, 0xDE,
    0xFE, 0xED, 0x3B, 0x0F, 0x98, 0xB5, 0xD8, 0x36, 0xC2, 0xDE, 0x02, 0x63, 0xC8, 0x7E, 0xAD, 0xB7,
    0xDD, 0xB5, 0xFA, 0xC2, 0x56, 0xE5, 0x83, 0x85, 0xB3, 0xF5, 0x3D, 0xBA, 0x43, 0x1A, 0x75, 0x3C,
    0xE5, 0x77, 0xFF, 0x09, 0xBC, 0xDD, 0x0D, 0xEB, 0x6E, 0xEB, 0x7B, 0xF9, 0x59, 0x2B, 0x9B, 0x3F,
    0x31, 0x91, 0x1C, 0x95, 0xC1, 0x21, 0x03, 0xC8, 0x1E, 0x22, 0x91, 0xCD, 0xA8, 0x48, 0x76, 0xC1,
    0x2B, 0x96, 0x4E, 0x24, 0x35, 0xEE, 0x1E, 0x26, 0xF3, 0x0A, 0x67, 0x52, 0xD1, 0x55, 0xB0, 0x95,
    0x3E, 0x1C, 0x21, 0xC4, 0x31, 0x9B, 0x9D, 0x96, 0xA5, 0x2B, 0x84, 0x8D, 0x62, 0x4B, 0xDB, 0x21,
    0x13, 0xDE, 0xCE, 0x56, 0xC8, 0xFF, 0x3C, 0x42, 0x9C, 0xC1, 0x72, 0xEE, 0x26, 0x3E, 0xA5, 0x4D,
    0xD6, 0xA7, 0x60, 0x2F, 0xC2, 0x12, 0xAA, 0x93, 0xA2, 0x8C, 0x26, 0xFD, 0x62, 0x63, 0xBD, 0xB8,
    0x9D, 0x9B, 0x5F, 0xB8, 0x61, 0xE8, 0x53, 0x1C, 0xE9, 0xF8, 0x77, 0x08, 0xD5, 0x1A, 0xF1, 0xB0,
    0x84, 0x1C, 0x97, 0x86, 0xE8, 0xD9, 0x0E, 0x61, 0x4D, 0x20, 0x44, 0x41, 0xB0, 0x3F, 0x3D, 0x3B,
    0x02, 0xE7, 0x88, 0xD3, 0x3C, 0x67, 0x45, 0x1E, 0x9A, 0x8B, 0x4B, 0x4C, 0x2D, 0x8E, 0x1E, 0x56,
    0x49, 0xDE, 0xE1, 0xCC, 0x18, 0x78, 0x30, 0x6E, 0x85, 0x8D, 0x21, 0x76, 0x84, 0xCD, 0xC2, 0x58,
    0x2A, 0x0F, 0x46, 0x0C, 0xF9, 0xA6, 0x55, 0xE2, 0xAC, 0x9F, 0x7A, 0xAB, 0x9B, 0xD3, 0x3E, 0x0F,
    0x4E, 0xE8, 0x68, 0xFE, 0x0A, 0xFF, 0x19, 0x9D, 0x76, 0x10, 0xCF, 0x1D, 0x97, 0x4B, 0x53, 0xE6,
    0x29, 0xDE, 0xAA, 0x90, 0x80, 0xFE, 0x9F, 0x88, 0x82, 0xCC, 0xEE, 0x69, 0xD7, 0xE7, 0x8E, 0x4B,
    0xA5, 0xFA, 0x42, 0x4D, 0x1C, 0x6A, 0x1E, 0xE7, 0x39, 0xF9, 0x53, 0x46, 0x41, 0xCF, 0x59, 0x1E,
    0xB2, 0x8C, 0xD6, 0xB2, 0xC1, 0x1B, 0xAE, 0x74, 0x77, 0xF3, 0xD2, 0x81, 0xB3, 0x93, 0x38, 0x1D,
    0x19, 0x10, 0xBC, 0x6B, 0xC2, 0xB2, 0x17, 0xDE, 0x6D, 0xA6, 0x55, 0xF0, 0xEE, 0x06, 0x09, 0xA8,
    0xB3, 0x3C, 0x96, 0xDD, 0xD5, 0x5E, 0x3C, 0xB6, 0x92, 0x40, 0x9C, 0x90, 0x38, 0x1F, 0xD3, 0x0A,
    0x25, 0x74, 0x26, 0xC1, 0x7E, 0xC2, 0x8F, 0x1C, 0x77, 0xF8, 0x0A, 0x9B, 0xD0, 0x8F, 0xD8, 0xAC,
    0xD9, 0x6B, 0x30, 0x09, 0x24, 0x24, 0x7C, 0x49, 0x7E, 0x7E, 0xB7, 0x41, 0xDC, 0x64, 0xDE, 0x82,
    0xB7, 0x7F, 0x49, 0xE6, 0x78, 0x7D, 0x3A, 0x9D, 0xA4, 0x3A, 0x4D, 0xB3, 0xD1, 0xA5, 0xFE, 0x60,
    0xDE, 0xFC, 0x6C, 0xD6, 0x1D, 0x4D, 0xE7, 0x2C, 0xE9, 0x0E, 0xBC, 0xBE, 0x06, 0x4D, 0x70, 0x41,
    0x5E, 0x4E, 0xE5, 0x88, 0x5D, 0xD5, 0xD3, 0xD9, 0x21, 0x39, 0x41, 0xE6, 0xC4, 0xD4, 0x9A, 0xC3,
    0x27, 0xA4, 0x9E, 0x27, 0x2E, 0x37, 0xA7, 0x93, 0x3D, 0x92, 0xF6, 0x22, 0xDF, 0x93, 0x33, 0x3D,
    0x38, 0x07, 0x78, 0xCE, 0xB8, 0x2C, 0x7C, 0x8A, 0xBC, 0xB2, 0xC0, 0xCA, 0x6E, 0xBD, 0x5E, 0xC9,
    0xBD, 0xF3, 0x44, 0x43, 0xA2, 0x18, 0x89, 0x1A, 0xC7, 0xA9, 0xEC, 0x55, 0x4C, 0xDB, 0xDE, 0xE6,
    0x74, 0x29, 0xBE, 0xC2, 0x69, 0x3F, 0x1C, 0xDC, 0x5D, 0x15, 0xA3, 0x1C, 0x8D, 0xE0, 0x15, 0x27,
    0x43, 0xC8, 0x9B, 0x20, 0x0F, 0x8E, 0xE9, 0x1E, 0x2D, 0x17, 0xF4, 0xF7, 0x29, 0xD4, 0x71, 0x8F,
    0x98, 0xC7, 0xD5, 0x37, 0xA4, 0x67, 0x05, 0xB1, 0xE3, 0x83, 0x15, 0x58, 0x4E, 0x5B, 0xF5, 0x88,
    0x6C, 0xBB, 0x70, 0xB6, 0x63, 0x31, 0x59, 0xCA, 0xE2, 0x0E, 0xBF, 0x10, 0xEB, 0xA9, 0x7C, 0x39,
    0xF8, 0xD1, 0x07, 0xEB, 0x3B, 0xBC, 0xA9, 0xAB, 0xE0, 0x88, 0x17, 0xAF, 0xFF, 0x60, 0xF1, 0x7A,
    0x14, 0xD6, 0xAD, 0x50, 0x67, 0x18, 0xD9, 0xA2, 0x28, 0x38, 0x85, 0x22, 0x38, 0x85, 0xE5, 0x0C,
    0xC2, 0x42, 0x6A, 0x47, 0x9E, 0xCC, 0xAD, 0xA4, 0xEA, 0x29, 0xD9, 0x84, 0x2E, 0x7C, 0x0F, 0xB1,
    0x0E, 0x76, 0xD5, 0xF0, 0x2D, 0x93, 0x6B, 0x90, 0xA7, 0x04, 0x87, 0x32, 0x95, 0x5E, 0xEF, 0x0D,
    0xF4, 0xB6, 0x18, 0x89, 0x03, 0x68, 0xEC, 0xB7, 0x0A, 0xB9, 0x00, 0x2F, 0xA1, 0x0A, 0xA5, 0x43,
    0x49, 0x76, 0x5D, 0x6D, 0x58, 0xD0, 0x3F, 0xA4, 0x8E, 0xFC, 0x85, 0x14, 0xC0, 0x1E, 0xCA, 0xE1,
    0xB7, 0x6F, 0x68, 0x3E, 0xD4, 0x52, 0x90, 0x9E, 0x91, 0x5B, 0xFF, 0xC7, 0x96, 0x24, 0x1C, 0xA5,
    0xD3, 0x93, 0x66, 0xAD, 0x99, 0x9C, 0xD0, 0x1D, 0x75, 0x68, 0xEA, 0xDB, 0xB4, 0x2A, 0x34, 0x4C,
    0x7E, 0xCE, 0xFC, 0x0F, 0xDD, 0x5C, 0xBF, 0x93, 0xDC, 0xD8, 0x71, 0x7E, 0xC0, 0x58, 0x3B, 0x55,
    0x8B, 0x00, 0xCA, 0x6C, 0xF1, 0x54, 0x05, 0x05, 0x17, 0x50, 0xAB, 0x00, 0xA9, 0x5D, 0xE5, 0x32,
    0x70, 0x77, 0xA1, 0x02, 0x2B, 0x71, 0xE4, 0xC0, 0x17, 0x28, 0x62, 0xC2, 0xC4, 0x81, 0x5D, 0x65,
    0x1B, 0x90, 0x15, 0x28, 0xB8, 0xE0, 0xB6, 0xCA, 0xFA, 0x03, 0x18, 0x5C, 0x40, 0x0E, 0x03, 0xFE,
    0x03, 0xAA, 0x03, 0xCE, 0x0A, 0x14, 0x30, 0xE0, 0xB8, 0x1C, 0x38, 0x50, 0xC0, 0x71, 0x59, 0x55,
    0x92, 0xE9, 0xE0, 0x70, 0xE4, 0xA8, 0x0E, 0xDA, 0xC3, 0xE0, 0xB9, 0xBF, 0xAF, 0x1F, 0x7E, 0xCC,
    0xAF, 0xE5, 0xEC, 0x72, 0x77, 0xC9, 0xD5, 0xD6, 0x4C, 0x3F, 0xEC, 0xCC, 0xE0, 0xFD, 0xF8, 0x5E,
    0xBF, 0xEE, 0x7E, 0xDD, 0xFD, 0x60, 0x8C, 0xB5, 0x8D, 0x91, 0xBF, 0x9D, 0xC5, 0xFA, 0x5F, 0x68,
    0x4B, 0x14, 0x91, 0x9D, 0xA3, 0x48, 0x6C, 0x35, 0x2A, 0x0A, 0x5B, 0x6F, 0xDD, 0xEE, 0xDB, 0xE7,
    0xAD, 0x14, 0x13, 0xFB, 0xCC, 0x4A, 0x31, 0xB5, 0x9F, 0xD8, 0x14, 0x95, 0x4C, 0x50, 0x8D, 0x2B,
    0xE2, 0xD6, 0xB7, 0x0B, 0xA9, 0x64, 0x65, 0x50, 0x4D, 0xD2, 0x18, 0xBB, 0x94, 0xBA, 0x6A, 0xBC,
    0xA4, 0x12, 0x54, 0xE3, 0xA1, 0x58, 0x49, 0x25, 0xF8, 0xEB, 0x8A, 0xC0, 0xBE, 0x98, 0x3D, 0xB1,
    0x79, 0x68, 0x73, 0xB9, 0x2C, 0x43, 0x8B, 0x46, 0xE6, 0x31, 0x8B, 0x45, 0xD2, 0xA2, 0xE5, 0x4A,
    0xFB, 0xB0, 0x41, 0x86, 0x3F, 0x6F, 0x26, 0x7D, 0xC9, 0xA4, 0xD3, 0xBE, 0xD4, 0x97, 0x86, 0x42,
    0xCA, 0x58, 0xC8, 0x22, 0x6A, 0x70, 0xEF, 0xC7, 0xEC, 0x0E, 0xC8, 0x91, 0xB5, 0x15, 0x7E, 0x52,
    0x45, 0x20, 0x59, 0x2B, 0x9F, 0xA1, 0xEE, 0x0A, 0x9F, 0x56, 0xB6, 0x7D, 0x22, 0x84, 0x5F, 0x08,
    0x59, 0x46, 0xB6, 0x2D, 0x96, 0x32, 0x9E, 0xA4, 0x36, 0x41, 0x3D, 0x59, 0x61, 0xE8, 0xAB, 0x40,
    0x81, 0xC0, 0xB0, 0x00, 0xD2, 0x82, 0x00, 0xB6, 0x66, 0xEF, 0x5F, 0x2C, 0x43, 0x22, 0xAA, 0x84,
    0x3A, 0xD3, 0xC2, 0xEA, 0x7D, 0x96, 0x9D, 0x72, 0x95, 0x4D, 0x74, 0x40, 0x13, 0x5B, 0xA0, 0x08,
    0xEC, 0xFD, 0x96, 0x33, 0x04, 0x2C, 0xA4, 0x01, 0x16, 0xC9, 0x2A, 0x40, 0x6D, 0x49, 0x43, 0xA8,
    0x8B, 0x7A, 0x82, 0x89, 0xB3, 0x4B, 0x0C, 0xD0, 0xE3, 0x20, 0x38, 0x78, 0xC1, 0x60, 0xA2, 0x50,
    0x4F, 0x15, 0x6A, 0x80, 0x61, 0x5B, 0x29, 0x66, 0x82, 0xB1, 0x01, 0xAA, 0xA1, 0x4D, 0x81, 0xAA,
    0x40, 0x9D, 0x35, 0x98, 0xC8, 0x12, 0x6D, 0x0A, 0xD4, 0x32, 0x46, 0x2B, 0x55, 0x7D, 0x64, 0xD1,
    0xB7, 0x15, 0x7A, 0xBD, 0xC4, 0xD7, 0xF9, 0xD6, 0xA8, 0xAE, 0x09, 0xED, 0xCC, 0xA1, 0x7D, 0x38,
    0x67, 0x7A, 0xEC, 0xA7, 0x74, 0xE3, 0xD9, 0x1A, 0x67, 0xFE, 0x6C, 0x17, 0x67, 0x7A, 0xE4, 0xCC,
    0x86, 0x9D, 0xCB, 0xB4, 0x28, 0xDA, 0x99, 0xED, 0x39, 0xD3, 0xDF, 0xCD, 0x99, 0x60, 0x49, 0xE1,
    0xCC, 0x54, 0x3E, 0x29, 0x23, 0xB2, 0x64, 0x99, 0x58, 0x34, 0x49, 0xCE, 0xF4, 0xB4, 0x53, 0x9E,
    0xF6, 0x34, 0x50, 0x4E, 0x08, 0x1B, 0xB7, 0xBE, 0xF8, 0xDD, 0x54, 0x0B, 0x53, 0x54, 0x1D, 0x6E,
    0xCD, 0xD5, 0xE1, 0x56, 0x08, 0x6E, 0x4D, 0x52, 0xFB, 0x76, 0x9E, 0x2D, 0xD1, 0x37, 0x99, 0xAB,
    0x10, 0x88, 0x28, 0xC1, 0xE0, 0xA6, 0xC4, 0xAB, 0x00, 0x8F, 0x45, 0x44, 0x35, 0x51, 0xE6, 0x5B,
    0x10, 0xB0, 0xB2, 0xFB, 0xAD, 0xB9, 0xF3, 0x60, 0x37, 0x07, 0x17, 0xF6, 0x14, 0x35, 0x01, 0xE7,
    0x42, 0x1A, 0xCD, 0x09, 0x53, 0x15, 0xA0, 0x17, 0x75, 0x24, 0xF7, 0xDB, 0x1A, 0x70, 0x24, 0x69,
    0xC2, 0x41, 0x17, 0x3A, 0x39, 0x5C, 0x1E, 0x3A, 0xEE, 0xBD, 0x74, 0x39, 0xFC, 0x3E, 0x6B, 0x74,
    0x82, 0x65, 0x9A, 0x52, 0xD4, 0x59, 0x34, 0x5A, 0x3F, 0x27, 0xA1, 0xD2, 0x76, 0x85, 0x1B, 0x38,
    0xD7, 0xEC, 0x8F, 0x31, 0x20, 0x93, 0xA6, 0x03, 0x9B, 0x8D, 0x17, 0x0B, 0x4C, 0x4B, 0xBA, 0xCD,
    0xAD, 0x8F, 0x8C, 0x72, 0x2B, 0xAA, 0x33, 0x03, 0xEA, 0xD2, 0x9E, 0x5D, 0x08, 0xEB, 0xFF, 0x79,
    0x8F, 0xFB, 0x36, 0xA9, 0xB5, 0x77, 0x7F, 0x21, 0x9D, 0x7B, 0x2C, 0xF3, 0x84, 0xDB, 0x02, 0xF4,
    0x46, 0x19, 0xEF, 0x3D, 0xA2, 0x18, 0x2A, 0x97, 0xD6, 0xE4, 0x83, 0x96, 0x6C, 0x40, 0x8E, 0x5B,
    0x26, 0x52, 0xC5, 0x49, 0x7E, 0xFC, 0xD9, 0x2E, 0x58, 0xBD, 0x02, 0x73, 0x15, 0x61, 0xB9, 0x72,
    0x7C, 0xCA, 0x70, 0x65, 0x60, 0xCF, 0x9E, 0x60, 0xDA, 0x4B, 0x61, 0x2C, 0xE0, 0xF1, 0x2F, 0x66,
    0x0D, 0xD7, 0xEA, 0x50, 0xBA, 0x86, 0xAB, 0xF4, 0xE9, 0xAF, 0xA4, 0x29, 0xE9, 0xF4, 0x32, 0x64,
    0xFD, 0x6C, 0x6B, 0x4E, 0xBE, 0xEF, 0xFA, 0xE0, 0x15, 0x2D, 0x90, 0xFB, 0x31, 0x57, 0x53, 0xA7,
    0x1C, 0xB8, 0xE4, 0xEC, 0xD3, 0x95, 0x99, 0x8A, 0x5C, 0xCF, 0xF7, 0xE0, 0xBA, 0xDC, 0xC6, 0xD5,
    0x3B, 0x14, 0xD7, 0x7F, 0x18, 0x70, 0x9D, 0xAF, 0xE1, 0x0A, 0x48, 0x03, 0x8E, 0x24, 0xD6, 0x31,
    0x34, 0xC3, 0xB5, 0x7E, 0xBE, 0xEF, 0x6F, 0x83, 0x5F, 0xCB, 0x11, 0xBF, 0x36, 0xE4, 0xAD, 0x5A,
    0xF9, 0xEC, 0x6A, 0xF8, 0x35, 0xCA, 0x7B, 0x7E, 0x7D, 0x6C, 0x9B, 0x11, 0xBF, 0x96, 0xEB, 0xFC,
    0xFA, 0xB9, 0x71, 0xAB, 0x93, 0x4B, 0x8E, 0x57, 0x66, 0x87, 0xDA, 0xD8, 0x16, 0xAC, 0x73, 0x40,
    0x0A, 0x56, 0x28, 0x2A, 0x81, 0xF4, 0xFB, 0xDA, 0x8D, 0xFD, 0x90, 0xAE, 0x64, 0xA6, 0x13, 0xFB,
    0xC2, 0x49, 0x8E, 0x29, 0x3B, 0xC2, 0x59, 0x26, 0xAB, 0x2A, 0x33, 0x2A, 0x63, 0x2A, 0x93, 0x2A,
    0xC3, 0x9A, 0x8C, 0xC3, 0x52, 0x46, 0xBE, 0x1D, 0xAC, 0x7A, 0xF4, 0xD0, 0xCC, 0xD2, 0x89, 0xEA,
    0xAA, 0xE7, 0x0D, 0x14, 0x6D, 0x45, 0x8D, 0xE6, 0xD8, 0x97, 0x8C, 0x7C, 0x53, 0xAC, 0xEA, 0xD9,
    0x3C, 0x13, 0x74, 0xB3, 0x97, 0x14, 0xBF, 0x9C, 0xF5, 0x89, 0x63, 0x17, 0x4A, 0xDC, 0xEF, 0x6C,
    0x00, 0x2A, 0x77, 0xFF, 0x46, 0xB5, 0x4E, 0x4E, 0xBA, 0x34, 0xAA, 0xA2, 0xED, 0xD9, 0x63, 0xF9,
    0x48, 0x5A, 0x15, 0x50, 0x85, 0x8A, 0x46, 0xE6, 0xFA, 0xAB, 0x48, 0x97, 0xD4, 0x5B, 0xB5, 0xDA,
    0x55, 0xE7, 0x51, 0xFD, 0x8D, 0xFE, 0x9E, 0xF7, 0x6A, 0x3D, 0xA8, 0x53, 0xEB, 0xD7, 0xB6, 0xFA,
    0x76, 0x73, 0xD7, 0x1F, 0x2E, 0xFA, 0xE9, 0x5C, 0xCD, 0x8E, 0x8A, 0x45, 0xA4, 0x45, 0xBC, 0xD0,
    0x82, 0xCA, 0xC2, 0x26, 0xA5, 0x39, 0x3A, 0x95, 0x22, 0x95, 0xFB, 0x60, 0x97, 0x08, 0x93, 0x3D,
    0xA7, 0x51, 0xC1, 0x29, 0x4A, 0xB4, 0xC8, 0x84, 0x61, 0xA5, 0x10, 0x68, 0xC1, 0x1A, 0xD2, 0x12,
    0x7E, 0x29, 0xBD, 0xD8, 0x5F, 0xD4, 0x06, 0xDA, 0xB5, 0x58, 0xF1, 0x06, 0xB0, 0x30, 0x56, 0xA9,
    0x56, 0xE6, 0xAA, 0x96, 0x35, 0xF1, 0x14, 0xE2, 0x3D, 0x6E, 0xA7, 0x28, 0x5C, 0xAF, 0x75, 0x08,
    0x46, 0x2D, 0x1F, 0xA3, 0x5A, 0xDB, 0x21, 0x69, 0x38, 0xEC, 0xB9, 0x21, 0x06, 0x34, 0x90, 0xD0,
    0x13, 0x2A, 0xFE, 0xDA, 0x19, 0xA8, 0xD4, 0xFC, 0xE7, 0x17, 0xBD, 0x29, 0x3B, 0xDC, 0xA7, 0xB5,
    0xB8, 0x3A, 0xD9, 0x82, 0x6B, 0xCF, 0xB5, 0x3E, 0xF4, 0x25, 0x37, 0x03, 0xBA, 0xC7, 0x33, 0xC5,
    0xB8, 0xA7, 0x14, 0x16, 0x6B, 0x74, 0xF4, 0x2D, 0x30, 0x36, 0x0A, 0xB1, 0x22, 0xAC, 0x28, 0x28,
    0xBE, 0x02, 0xAF, 0x50, 0x45, 0x57, 0x3A, 0x23, 0xC8, 0x29, 0x8C, 0x1B, 0x14, 0x9F, 0xD7, 0x30,
    0xF9, 0x04, 0xD6, 0x0C, 0xF7, 0xFE, 0x9F, 0xB5, 0x0E, 0x54, 0xAD, 0x4D, 0x20, 0x7D, 0x26, 0x58,
    0xC6, 0x62, 0x59, 0xA6, 0xE7, 0x5B, 0xD8, 0xE4, 0x9A, 0x9D, 0x64, 0xEF, 0xC2, 0xB1, 0xB4, 0xDA,
    0x77, 0x90, 0x73, 0xEE, 0xD8, 0xDD, 0xC6, 0xEB, 0x8C, 0xFF, 0x7B, 0xE0, 0x0A, 0x19, 0x29, 0x36,
    0x17, 0x29, 0x16, 0xE7, 0x1C, 0xCB, 0x74, 0x29, 0xD2, 0xA4, 0x68, 0xC4, 0xF2, 0x89, 0xB1, 0x2E,
    0x42, 0x56, 0x35, 0xFE, 0xAB, 0xD4, 0x28, 0xE3, 0xEA, 0x7E, 0x5F, 0xC0, 0x99, 0xD9, 0x79, 0x38,
    0x96, 0x9A, 0x34, 0x91, 0x17, 0xB0, 0x32, 0x00, 0xD4, 0x6B, 0xAD, 0xE2, 0xB7, 0x8A, 0xD0, 0xE1,
    0xA6, 0xFB, 0xB5, 0x62, 0x75, 0xA8, 0xA2, 0x7B, 0xBB, 0xDC, 0x74, 0xB0, 0x36, 0x7E, 0x73, 0xAC,
    0xEE, 0x52, 0x94, 0xED, 0xC4, 0xEA, 0x62, 0x18, 0x5C, 0x7C, 0xF8, 0xAF, 0xC1, 0x60, 0x0A, 0xBB,
    0x24, 0x86, 0x72, 0x83, 0x35, 0xA0, 0xA6, 0x5E, 0x04, 0xC2, 0xFD, 0xE4, 0xB9, 0x23, 0x17, 0x51,
    0xBD, 0x7F, 0xE4, 0xD6, 0x8D, 0xFC, 0xDB, 0x52, 0xE5, 0x07, 0x45, 0xCE, 0xDB, 0x50, 0xC1, 0x82,
    0x55, 0xB1, 0xD2, 0xF1, 0x3E, 0xA5, 0xE9, 0x36, 0x4A, 0xD3, 0x0E, 0x37, 0xB5, 0x35, 0xED, 0xD3,
    0xD6, 0x71, 0x71, 0x08, 0x63, 0x70, 0x87, 0x52, 0x7F, 0xAB, 0x3C, 0x04, 0xF3, 0x23, 0x87, 0x50,
    0x48, 0x4D, 0xB1, 0x6E, 0x7E, 0x78, 0xEC, 0xE9, 0xFB, 0x37, 0xBA, 0xE8, 0xA6, 0x23, 0x4B, 0x19,
    0x20, 0xC3, 0x8D, 0xB0, 0x00, 0xB8, 0x91, 0x80, 0x7D, 0xF2, 0xE0, 0xE8, 0xD1, 0x45, 0x77, 0x76,
    0x4B, 0xEE, 0xEC, 0x72, 0xA8, 0xE2, 0xF7, 0x77, 0x9B, 0x75, 0xF7, 0x66, 0x33, 0x67, 0xE9, 0x6E,
    0x53, 0x4E, 0x5A, 0xC1, 0x7D, 0x3C, 0xCC, 0x3A, 0xB1, 0x15, 0xA8, 0xCB, 0x69, 0x29, 0x8B, 0x3E,
    0x93, 0xFA, 0xAD, 0xDB, 0x5E, 0x2B, 0x15, 0x8D, 0xF4, 0x95, 0x85, 0x59, 0x27, 0x32, 0x4C, 0x4C,
    0x5C, 0x34, 0x90, 0x3B, 0x86, 0x88, 0x21, 0xE9, 0x8B, 0xFF, 0x84, 0x00, 0x36, 0x76, 0x6C, 0x9E,
    0x1E, 0xC1, 0xAA, 0xB6, 0x6D, 0x60, 0xA7, 0x50, 0x61, 0xD4, 0x66, 0x54, 0x8D, 0xD4, 0x8C, 0x54,
    0x8C, 0xD4, 0x7F, 0x54, 0x85, 0x9B, 0x04, 0x2A, 0x91, 0x1A, 0x91, 0x0A, 0x11, 0x33, 0x61, 0x65,
    0x4E, 0xBE, 0xB4, 0x02, 0xC0, 0xA7, 0xD2, 0x9B, 0x3A, 0xB4, 0x9D, 0x26, 0x8E, 0x5A, 0xF3, 0x4F,
    0x26, 0x59, 0x85, 0x02, 0x7D, 0x83, 0x69, 0xE3, 0x8E, 0x74, 0x81, 0x41, 0xC2, 0x2D, 0x20, 0xE3,
    0x3C, 0x3E, 0xF5, 0x1F, 0xCA, 0x6F, 0xAB, 0xA0, 0x26, 0xDC, 0x14, 0xBA, 0x98, 0x12, 0x8F, 0xAA,
    0x5F, 0x14, 0xAB, 0xB9, 0x45, 0xD0, 0x73, 0x03, 0x6B, 0x0A, 0x59, 0x7C, 0x3F, 0x11, 0x26, 0xCA,
    0xD4, 0xE2, 0x6E, 0xB0, 0xF8, 0xD6, 0x36, 0x06, 0xEF, 0x08, 0xF4, 0xC6, 0xD7, 0x4D, 0x4B, 0x3B,
    0xB2, 0xAA, 0x78, 0x3D, 0xA9, 0x2F, 0xB0, 0x3F, 0xDC, 0x82, 0xBE, 0x20, 0xF4, 0x77, 0x77, 0x43,
    0x7F, 0x87, 0xD0, 0x27, 0x84, 0x7B, 0x93, 0xBE, 0x11, 0xF4, 0x05, 0xF7, 0xDD, 0xA5, 0xD3, 0x48,
    0xBC, 0xE2, 0x67, 0x6F, 0x01, 0xF5, 0x5F, 0x9C, 0x8F, 0xFA, 0x61, 0xF8, 0xED, 0x61, 0xDD, 0x93,
    0xEB, 0xC2, 0xCF, 0x61, 0x44, 0x7B, 0x27, 0x63, 0x6B, 0x11, 0x5B, 0xA6, 0x8B, 0xC8, 0x51, 0x7E,
    0x32, 0x71, 0x7D, 0x19, 0xDC, 0x44, 0x31, 0x77, 0xD4, 0xBF, 0x93, 0xAF, 0xDA, 0xEE, 0xA7, 0x13,
    0x75, 0x2A, 0x02, 0xF1, 0x02, 0x55, 0xFE, 0x49, 0xF7, 0xDB, 0xE3, 0x77, 0x84, 0xF5, 0x8F, 0xD9,
    0x9B, 0x6C, 0xCE, 0x15, 0xBB, 0xA4, 0xC3, 0x18, 0x9D, 0x8F, 0x7F, 0xCF, 0x0D, 0x47, 0x99, 0xEC,
    0xF2, 0x90, 0x8C, 0xF6, 0x92, 0x17, 0xA7, 0x9C, 0xE4, 0xBD, 0xF4, 0x0D, 0x6A, 0x36, 0x3E, 0xE7,
    0x2C, 0x52, 0x57, 0x80, 0xE2, 0x4E, 0xEF, 0xED, 0x0A, 0x5B, 0xEA, 0xA4, 0x8A, 0x9A, 0x9D, 0xAB,
    0x38, 0x69, 0x0E, 0xA1, 0xFE, 0x67, 0xA0, 0x99, 0x80, 0x92, 0xAC, 0x80, 0xE0, 0xC0, 0x6C, 0xB5,
    0xD0, 0x14, 0xB4, 0x85, 0x72, 0x4D, 0xAE, 0xE6, 0x15, 0x72, 0xAF, 0x6A, 0xD6, 0x0B, 0x55, 0xE5,
    0xCD, 0xCE, 0x62, 0xE7, 0x0D, 0xA1, 0x1D, 0x36, 0x68, 0x7B, 0x8B, 0x9D, 0xF7, 0x5D, 0xB0, 0x50,
    0xEF, 0xAF, 0xD2, 0xED, 0xAD, 0xE8, 0xF8, 0x5B, 0xA1, 0x77, 0xE0, 0x00, 0xFF, 0x25, 0x9D, 0xA8,
    0xCF, 0x3B, 0x17, 0x50, 0x4A, 0x9A, 0x4F, 0xAC, 0xF0, 0x6E, 0x39, 0x81, 0xAF, 0x46, 0xE8, 0x9C,
    0xF4, 0x4D, 0x5F, 0x62, 0x04, 0xC2, 0x85, 0x55, 0x63, 0x41, 0x65, 0x1B, 0xBE, 0xC7, 0x84, 0x0E,
    0xB1, 0xE1, 0x7D, 0x62, 0xCF, 0x1E, 0x38, 0xEE, 0xBE, 0xD4, 0x1B, 0xF7, 0x6F, 0xD6, 0x39, 0x6D,
    0x3F, 0xEC, 0xDB, 0x4F, 0x3E, 0x28, 0xD6, 0xDA, 0x0F, 0x18, 0x17, 0x18, 0xDE, 0x47, 0x4F, 0x14,
    0xCF, 0x8B, 0xBE, 0x13, 0xBB, 0xFE, 0x1E, 0x19, 0xB6, 0xE5, 0xF8, 0xFD, 0xD8, 0xBE, 0xC8, 0x31,
    0x0F, 0x97, 0x7D, 0xE3, 0xFE, 0xCD, 0x3A, 0xC9, 0x83, 0xEE, 0x35, 0x52, 0x8D, 0x55, 0xFF, 0xBA,
    0xA7, 0x66, 0xF1, 0x01, 0x2F, 0xB1, 0x18, 0xCA, 0xE2, 0x27, 0xB0, 0x58, 0xC0, 0x59, 0x88, 0x6D,
    0x2C, 0x36, 0xF7, 0x7A, 0xD7, 0x3E, 0x9C, 0x99, 0x39, 0xC9, 0x6D, 0x9A, 0x94, 0xD9, 0x7C, 0xE8,
    0x87, 0xB7, 0xD1, 0x0F, 0x98, 0x92, 0xE3, 0xF7, 0x1D, 0x44, 0xBD, 0x92, 0x8B, 0xBF, 0x6F, 0x62,
    0x3C, 0x88, 0x27, 0x21, 0x98, 0x14, 0x36, 0xBA, 0x3B, 0x0A, 0xB0, 0x27, 0x83, 0x49, 0x9F, 0xA5,
    0x1E, 0x56, 0x58, 0xA5, 0x2F, 0xFC, 0x2C, 0x4B, 0xD7, 0xC1, 0x2E, 0xFB, 0xD7, 0xE3, 0x83, 0x57,
    0x5B, 0x60, 0x53, 0xD9, 0x09, 0x26, 0x10, 0x8D, 0x65, 0x04, 0x97, 0x79, 0x09, 0xE3, 0xC3, 0x77,
    0x1D, 0xA4, 0x35, 0x52, 0x98, 0x1B, 0x9F, 0xD4, 0x4B, 0xB2, 0xA3, 0x55, 0x81, 0x76, 0xDE, 0x05,
    0x5A, 0xE3, 0xC5, 0xC4, 0x05, 0x64, 0xAF, 0xFB, 0x22, 0x75, 0x17, 0x51, 0xA9, 0x17, 0x62, 0x51,
    0x0B, 0x7B, 0xF2, 0x42, 0xFE, 0x9D, 0x73, 0xF4, 0x62, 0xE0, 0xB8, 0x61, 0x8B, 0x64, 0x75, 0x1E,
    0x6A, 0xFA, 0x69, 0x65, 0x7A, 0xD4, 0x55, 0x2B, 0xB3, 0x82, 0x20, 0x4D, 0x96, 0x46, 0x72, 0xF7,
    0x3C, 0x5B, 0x0A, 0x07, 0x20, 0xE6, 0xD0, 0x11, 0x7E, 0xC6, 0x6F, 0xB7, 0xBC, 0x2D, 0x25, 0xBC,
    0x99, 0x6B, 0xE4, 0x31, 0xC8, 0xE4, 0x4D, 0x89, 0xD3, 0xB5, 0x33, 0x75, 0xCA, 0xD1, 0xE7, 0xB9,
    0x74, 0xF1, 0x6D, 0x0D, 0x2C, 0xA8, 0x8D, 0xEE, 0xCC, 0xF3, 0x2E, 0x0C, 0xAE, 0x3B, 0xDB, 0xA9,
    0x0D, 0xA0, 0xEE, 0x8F, 0x1F, 0x7A, 0xB3, 0xBD, 0xC6, 0xBA, 0xBB, 0xEF, 0x86, 0x8A, 0xEF, 0xB1,
    0x98, 0xD6, 0x8C, 0xE8, 0xCB, 0xB8, 0x62, 0xBA, 0x20, 0x38, 0xC2, 0xC8, 0xBE, 0xB0, 0x8D, 0x7A,
    0xA2, 0xA9, 0x1B, 0x2D, 0xB7, 0x44, 0x85, 0x4A, 0xED, 0x40, 0x1D, 0xBC, 0x81, 0xC6, 0x97, 0x8D,
    0xAA, 0xC7, 0x79, 0x54, 0xC7, 0xCB, 0x93, 0xD3, 0xA3, 0x87, 0x5B, 0x76, 0xCB, 0x15, 0xBD, 0xEF,
    0x49, 0x87, 0x10, 0x0C, 0x2F, 0x04, 0x72, 0x64, 0x22, 0x88, 0x21, 0xAC, 0x9E, 0xDF, 0x39, 0x6D,
    0x9C, 0x14, 0xAB, 0x61, 0x45, 0x76, 0x83, 0xD3, 0x9A, 0x1E, 0x27, 0x51, 0x69, 0x70, 0x8A, 0x67,
    0x74, 0xBB, 0x73, 0xCE, 0x5E, 0x39, 0x85, 0x5F, 0x1A, 0x0D, 0x13, 0x99, 0xDE, 0x67, 0x5D, 0x8E,
    0xCC, 0x01, 0x4E, 0x6C, 0x26, 0xB3, 0x65, 0x9B, 0x98, 0xF7, 0x22, 0x3A, 0x08, 0x3F, 0x04, 0xEA,
    0xF4, 0xD5, 0x1B, 0x6E, 0xE9, 0x21, 0x4F, 0x10, 0xAB, 0x16, 0xF1, 0x9A, 0xB2, 0x27, 0xA5, 0xF3,
    0x92, 0xAF, 0xF9, 0x42, 0x3E, 0x27, 0x5F, 0xA8, 0x01, 0xAE, 0xF1, 0x91, 0x44, 0x93, 0x23, 0x40,
    0x8F, 0xF8, 0xB9, 0x46, 0xA4, 0xFD, 0xD3, 0x73, 0x5D, 0x5B, 0x23, 0xE2, 0x23, 0xDA, 0x11, 0x60,
    0xE0, 0x11, 0x5A, 0xCE, 0x30, 0x6C, 0xF4, 0xEA, 0x95, 0x46, 0x8E, 0x72, 0xD3, 0xB9, 0xE5, 0xDD,
    0xC8, 0x3A, 0xCF, 0x8F, 0x00, 0xD3, 0x30, 0x15, 0x20, 0xB6, 0x1C, 0x54, 0x8E, 0x31, 0xCD, 0x35,
    0xCA, 0xCE, 0x11, 0x0D, 0x7F, 0x53, 0x06, 0xD0, 0x57, 0x5D, 0x78, 0x94, 0x7B, 0x0E, 0xBA, 0x7A,
    0xFE, 0x0E, 0x9F, 0x21, 0xF8, 0xCE, 0x30, 0x8F, 0xEB, 0xCB, 0x74, 0xE8, 0x0B, 0x83, 0xF7, 0x35,
    0xFA, 0xB2, 0x58, 0xEF, 0x4B, 0xBA, 0xDD, 0x97, 0x02, 0x1D, 0x4F, 0xB4, 0x2F, 0x25, 0xF1, 0x75,
    0xF5, 0xA1, 0x2F, 0x7F, 0x66, 0x4C, 0xB7, 0x4F, 0xA4, 0x77, 0xA4, 0x8F, 0x7D, 0x2F, 0x76, 0xDB,
    0xFA, 0xD7, 0x4E, 0xBA, 0x0D, 0xC0, 0x26, 0x91, 0xCD, 0xB3, 0xC1, 0x12, 0x90, 0x75, 0x61, 0xC4,
    0x7C, 0x1F, 0xF7, 0xEF, 0x60, 0x29, 0xBE, 0xEB, 0xD5, 0x9E, 0x8A, 0x60, 0x29, 0x10, 0xB4, 0x5B,
    0x04, 0x1A, 0x1A, 0x7B, 0x7B, 0x43, 0x1C, 0x59, 0x83, 0x18, 0x1E, 0xFD, 0xA8, 0xD3, 0xA6, 0xDB,
    0x3F, 0xF2, 0xEA, 0x3E, 0xF7, 0x95, 0x10, 0x13, 0xDF, 0xD7, 0x85, 0x7F, 0xF9, 0x97, 0xFD, 0x2C,
    0xB1, 0x75, 0x0C, 0x33, 0xBB, 0xF6, 0xAD, 0xF3, 0x6E, 0x88, 0x64, 0x15, 0x0B, 0x01, 0x2C, 0x08,
    0xC7, 0xBF, 0x79, 0x6F, 0x65, 0x92, 0xA5, 0x39, 0x86, 0xA2, 0x31, 0xE0, 0x68, 0x9F, 0x4B, 0x1F,
    0xCC, 0x87, 0xF8, 0x45, 0x35, 0x81, 0x0C, 0x98, 0x02, 0xC7, 0xA0, 0xBA, 0x46, 0x5C, 0x6C, 0xF5,
    0xCF, 0xB8, 0xFA, 0xCA, 0xDA, 0x97, 0xAD, 0x7D, 0xD9, 0xD8, 0x57, 0xB5, 0x7D, 0x55, 0xDD, 0xC8,
    0xFC, 0x4E, 0x21, 0x84, 0xA2, 0x7E, 0xFD, 0x0C, 0x84, 0x9F, 0x4D, 0x97, 0x17, 0x1D, 0xC7, 0x21,
    0x3B, 0x87, 0x48, 0x16, 0x79, 0xB6, 0x84, 0x24, 0x1D, 0xDE, 0xF8, 0x1F, 0x9F, 0x6F, 0xFC, 0xB6,
    0xC5, 0xBA, 0x9F, 0x8B, 0x9C, 0x9E, 0xCB, 0x6C, 0x8A, 0x6D, 0x27, 0xEF, 0x8D, 0x0D, 0xD6, 0x36,
    0xFD, 0x2E, 0xE9, 0x2F, 0x40, 0x9F, 0x36, 0x5D, 0x86, 0x58, 0x4F, 0x17, 0xA0, 0xCC, 0x36, 0x51,
    0x3F, 0xB1, 0xDB, 0xC6, 0x6D, 0xD2, 0xFF, 0x21, 0xFD, 0x68, 0xAD, 0x66, 0xC8, 0x9D, 0x7D, 0x54,
    0xB7, 0x87, 0xEB, 0x2F, 0x3F, 0xB4, 0x51, 0x88, 0x48, 0xA4, 0xBE, 0x44, 0x07, 0xCC, 0xE9, 0x85,
    0x71, 0xAF, 0x4F, 0x87, 0x5F, 0xBE, 0xD0, 0xDF, 0x4C, 0xAC, 0x86, 0x7F, 0xCD, 0x91, 0x5A, 0xDE,
    0x94, 0xEF, 0x85, 0x7A, 0x2B, 0x4A, 0xE3, 0x84, 0x97, 0x09, 0x77, 0xFA, 0xE9, 0x18, 0x44, 0x6E,
    0x20, 0x28, 0x69, 0xA9, 0x90, 0x2E, 0x48, 0x2B, 0xD2, 0x9A, 0xD4, 0xC5, 0x67, 0x41, 0xBF, 0x11,
    0xC3, 0x5F, 0x38, 0x8D, 0x96, 0xCD, 0x4B, 0x3B, 0x47, 0x10, 0x5C, 0xA6, 0x9E, 0x53, 0x01, 0x9A,
    0x34, 0xA0, 0x51, 0x0B, 0x1A, 0x5A, 0xD0, 0xA9, 0x2D, 0x1A, 0x26, 0x16, 0x34, 0x9A, 0x56, 0x48,
    0xD7, 0x69, 0x43, 0xA5, 0xD9, 0x50, 0x79, 0xD1, 0x1B, 0x4F, 0x1A, 0x90, 0x4E, 0xE8, 0x04, 0xA5,
    0x9B, 0x05, 0x0B, 0x9B, 0x2E, 0x09, 0x4A, 0x7C, 0xFA, 0xFB, 0x37, 0x9C, 0xEB, 0xC7, 0xA7, 0xC6,
    0xFE, 0x07, 0x0C, 0xB7, 0xDF, 0xBA, 0x58, 0x3B, 0x8C, 0x3A, 0x61, 0xE7, 0x15, 0xC2, 0xF0, 0xB5,
    0xD7, 0x67, 0x72, 0x5D, 0x8E, 0x38, 0x70, 0xD2, 0x11, 0x38, 0xF3, 0x3D, 0xE0, 0xB4, 0x0A, 0x8E,
    0xD9, 0x0D, 0x4E, 0x31, 0x02, 0x27, 0x1E, 0x81, 0x13, 0x8C, 0xC0, 0xF1, 0xC6, 0x10, 0x65, 0x23,
    0x88, 0xA2, 0x11, 0x44, 0xD3, 0xCD, 0xD4, 0x52, 0xA7, 0xDF, 0xF3, 0x5E, 0xA7, 0x9F, 0xAB, 0xDF,
    0xAF, 0x19, 0xB0, 0x8B, 0x69, 0x70, 0xBA, 0xD5, 0x92, 0x25, 0xD4, 0x6A, 0xB0, 0xCA, 0x18, 0x0B,
    0xE3, 0x38, 0x32, 0xDA, 0xB2, 0x11, 0x53, 0x3A, 0xFC, 0xFC, 0x36, 0xF0, 0x2B, 0x83, 0x68, 0x1E,
    0x83, 0x68, 0x48, 0x27, 0xD2, 0x20, 0xDA, 0x84, 0xE0, 0xAF, 0x6E, 0x92, 0x5F, 0x4B, 0xC5, 0xE8,
    0xB0, 0xE2, 0x48, 0xBA, 0x52, 0xDA, 0xFF, 0x46, 0x67, 0x4A, 0xFB, 0x75, 0x67, 0x82, 0x32, 0xCB,
    0xD5, 0xBA, 0x3D, 0x05, 0xAD, 0x49, 0x35, 0x35, 0xBB, 0x5C, 0x8E, 0x2E, 0xB3, 0xE3, 0x0A, 0x8A,
    0x77, 0x55, 0xF6, 0x38, 0x8F, 0xE6, 0x1D, 0x5E, 0x27, 0x8E, 0xD6, 0x7D, 0x4E, 0x6C, 0x02, 0x26,
    0xBD, 0xEE, 0x65, 0x04, 0xF2, 0x58, 0xF7, 0x03, 0x98, 0x09, 0x9D, 0x15, 0xCC, 0xD0, 0x8A, 0x2A,
    0xA5, 0x32, 0x7B, 0x8A, 0xDD, 0x7F, 0xF7, 0xE9, 0x5C, 0x0F, 0x18, 0xC3, 0x44, 0xA4, 0x89, 0x6E,
    0x06, 0x06, 0x01, 0xA6, 0xCC, 0xA4, 0x23, 0xC3, 0x32, 0x65, 0x05, 0xBC, 0x9B, 0x27, 0x2E, 0x4F,
    0x99, 0xB1, 0xE3, 0x39, 0xF6, 0x98, 0x7E, 0x6F, 0x21, 0x9C, 0x5B, 0xE8, 0x2F, 0xDD, 0x7D, 0xAE,
    0x16, 0x57, 0xA7, 0x6B, 0xC1, 0xB5, 0xE7, 0x5A, 0x77, 0x7D, 0xE9, 0x7A, 0x26, 0xFF, 0x9E, 0x1A,
    0x73, 0x58, 0xEE, 0xB9, 0xD6, 0x91, 0x63, 0x8B, 0xB8, 0x88, 0x5D, 0x74, 0xD7, 0x22, 0x58, 0x9E,
    0xAC, 0x20, 0x32, 0xDB, 0xED, 0xA0, 0x40, 0x64, 0x11, 0xFB, 0x6D, 0x65, 0x07, 0x92, 0x35, 0x48,
    0x2E, 0xAB, 0x77, 0x26, 0xED, 0x1D, 0x3F, 0xA0, 0x8A, 0x09, 0x6B, 0xC6, 0x27, 0xA6, 0x9A, 0x82,
    0x3E, 0xB1, 0x5D, 0x1A, 0xF4, 0x6B, 0x53, 0xD0, 0x6F, 0x15, 0xD4, 0xBE, 0x60, 0x96, 0x7A, 0xF6,
    0x43, 0x84, 0xC4, 0xF0, 0x71, 0xAC, 0x29, 0xCC, 0x7B, 0x53, 0xD0, 0xAF, 0x0B, 0x74, 0x33, 0x59,
    0x4E, 0x98, 0x8F, 0xD5, 0xD0, 0x4A, 0x89, 0x9B, 0x44, 0xB3, 0xA8, 0x0B, 0x2A, 0x85, 0x7F, 0x45,
    0x87, 0xFC, 0x47, 0xFE, 0xA3, 0x3F, 0x12, 0xFE, 0x36, 0xEF, 0x9B, 0x8F, 0x8D, 0xD7, 0xFA, 0x8D,
    0xD4, 0x32, 0x6D, 0x4D, 0xD8, 0x62, 0xDB, 0x56, 0xCB, 0x7E, 0x42, 0x84, 0x48, 0x7E, 0xD3, 0xC8,
    0x17, 0xF6, 0xDF, 0x28, 0xBE, 0x5C, 0xB0, 0x83, 0x6E, 0xAF, 0xEE, 0xCA, 0xEF, 0x52, 0x23, 0x4A,
    0x06, 0x1C, 0x9D, 0xC5, 0x5A, 0x7A, 0xEA, 0x87, 0xD1, 0xCC, 0xC1, 0x4E, 0x5C, 0x46, 0xB6, 0x0B,
    0x40, 0xAA, 0x8F, 0x07, 0xA3, 0x0F, 0x74, 0xF3, 0xED, 0x5C, 0x38, 0x87, 0x5D, 0x0D, 0xF7, 0xAE,
    0xD7, 0x37, 0xB4, 0x31, 0xB4, 0x3B, 0xF4, 0x65, 0xE8, 0xDF, 0xD0, 0xE7, 0x61, 0x1C, 0xA3, 0xB1,
    0x0D, 0xE3, 0xF5, 0x1E, 0xA5, 0xE6, 0xCE, 0xCF, 0x35, 0x57, 0x9D, 0x86, 0x07, 0x7A, 0x71, 0xDF,
    0x32, 0x79, 0xD2, 0xEA, 0xE1, 0x84, 0xD8, 0xDD, 0x66, 0x92, 0xD6, 0x63, 0x2A, 0x7A, 0xC9, 0xA0,
    0x63, 0xEA, 0xD3, 0xD5, 0x42, 0xDF, 0x8C, 0xE6, 0x7A, 0xBA, 0x4D, 0x4C, 0xD8, 0x5D, 0x44, 0xC3,
    0x85, 0xD1, 0xE3, 0x00, 0xDA, 0x61, 0x4C, 0x86, 0x74, 0x31, 0x67, 0x72, 0xAB, 0x3D, 0x7B, 0xD2,
    0xEA, 0x2F, 0xD1, 0xC4, 0xB4, 0x6B, 0x14, 0x99, 0x26, 0x01, 0x85, 0xF9, 0x7B, 0x74, 0x33, 0xD1,
    0x73, 0xF3, 0xF1, 0x10, 0x57, 0xA5, 0x1B, 0xCF, 0x65, 0x9F, 0x30, 0x5D, 0xC5, 0xDB, 0xB1, 0x5E,
    0x75, 0xB7, 0xF5, 0x87, 0x4E, 0x95, 0xEB, 0x91, 0x0B, 0x17, 0xCE, 0x3D, 0x9B, 0x59, 0xE7, 0x30,
    0xCA, 0x69, 0x50, 0xAA, 0xDB, 0x68, 0xA0, 0x01, 0x3F, 0xCF, 0xE8, 0x15, 0x75, 0xE1, 0xDF, 0xD5,
    0x28, 0x81, 0x55, 0xF6, 0xBC, 0x67, 0x05, 0xA7, 0x2B, 0xC6, 0xB5, 0x73, 0x4E, 0x69, 0x76, 0xE6,
    0xBA, 0x73, 0xCA, 0x25, 0x45, 0xA6, 0xAC, 0xB3, 0x77, 0x4E, 0x35, 0x88, 0xFC, 0xCA, 0x5E, 0x5A,
    0x46, 0x90, 0x2D, 0xCC, 0xAC, 0xF7, 0xA7, 0x7F, 0xC7, 0x7E, 0xD1, 0xDA, 0x5F, 0xB5, 0xF6, 0x79,
    0xCB, 0xAC, 0x1F, 0x79, 0xFD, 0xAF, 0xD6, 0xF3, 0x9A, 0xD7, 0xB5, 0x0F, 0x33, 0xE2, 0x30, 0x83,
    0xD1, 0x30, 0x3D, 0x1D, 0x66, 0x31, 0x1A, 0x66, 0xB8, 0x39, 0xCC, 0xB5, 0x24, 0x88, 0x74, 0x38,
    0xB4, 0x12, 0xF3, 0xBB, 0xB0, 0xEA, 0xAF, 0x8F, 0x34, 0xFB, 0x9E, 0xC6, 0xA2, 0xA7, 0x36, 0xBA,
    0xF9, 0xB1, 0x08, 0x86, 0x7A, 0x62, 0x23, 0x79, 0x67, 0x08, 0x47, 0x77, 0xEF, 0xCF, 0x26, 0xDA,
    0xFD, 0x83, 0xDF, 0xBD, 0x14, 0x59, 0x41, 0x56, 0xA5, 0xEA, 0x02, 0xC4, 0x06, 0x41, 0xB6, 0x07,
    0x7F, 0x2A, 0xFF, 0xC3, 0x40, 0x3F, 0x62, 0x66, 0x1E, 0x4D, 0x42, 0xFB, 0x5F, 0x6D, 0x6F, 0xEC,
    0x04, 0xEC, 0x97, 0xF3, 0x1C, 0xDE, 0xBD, 0x15, 0xCC, 0x55, 0x2C, 0xE2, 0x65, 0x5C, 0x17, 0x73,
    0x59, 0x4B, 0xA2, 0xD5, 0x1A, 0xCD, 0x4D, 0x88, 0xCA, 0x71, 0x5A, 0x47, 0x9A, 0x54, 0x59, 0x9E,
    0x7C, 0x25, 0x3A, 0xE0, 0x6B, 0xC6, 0xAE, 0xDC, 0xFB, 0x2C, 0xA5, 0x54, 0xB9, 0x80, 0x4B, 0x18,
    0x38, 0x99, 0x2E, 0x79, 0xCA, 0x25, 0x35, 0xAA, 0xA4, 0xA2, 0x77, 0xCA, 0x9C, 0xEC, 0x5C, 0x94,
    0x82, 0xA7, 0x53, 0x51, 0x0B, 0x0A, 0xF4, 0x86, 0x32, 0xD2, 0xC2, 0xE1, 0x5D, 0x88, 0x2A, 0x69,
    0xCD, 0xB4, 0xC5, 0x51, 0x09, 0x7F, 0xDE, 0x05, 0xD5, 0x9D, 0xC4, 0x83, 0x14, 0x10, 0x51, 0x21,
    0x05, 0x33, 0x14, 0x54, 0xBF, 0x68, 0xC6, 0x76, 0x09, 0xF5, 0x47, 0x51, 0x7E, 0xDF, 0x9D, 0x70,
    0xAB, 0xCC, 0xDF, 0x03, 0x41, 0x58, 0x2E, 0xF4, 0xCA, 0xF8, 0xC8, 0xA3, 0x3F, 0x7B, 0xC2, 0xC8,
    0x86, 0x85, 0xF4, 0xA2, 0x98, 0xC9, 0x28, 0x63, 0x8E, 0x54, 0x31, 0x99, 0x07, 0x9D, 0x7C, 0x19,
    0xED, 0xB9, 0x17, 0xEB, 0x99, 0x1B, 0xDD, 0xDF, 0xB7, 0xB0, 0x66, 0xE1, 0x0A, 0x87, 0xC8, 0x4A,
    0x21, 0xC0, 0x4A, 0x46, 0xFA, 0x93, 0x95, 0x61, 0xE7, 0x91, 0x8A, 0xA8, 0x49, 0x2B, 0xBF, 0xA1,
    0x4C, 0x2D, 0x5D, 0x53, 0x7F, 0x6B, 0xF9, 0x5D, 0x13, 0x2C, 0x99, 0x25, 0x30, 0x83, 0x67, 0xC3,
    0xE2, 0xE0, 0x81, 0xF4, 0x9E, 0x07, 0x30, 0x64, 0x84, 0xF0, 0xEC, 0x47, 0x79, 0x2F, 0xDA, 0x26,
    0xCC, 0xEE, 0x0F, 0x5B, 0xF4, 0x22, 0xA9, 0x10, 0x91, 0x9B, 0xE5, 0xBB, 0x4F, 0x4E, 0xBD, 0xA3,
    0xB8, 0xDE, 0xE5, 0xC2, 0x4F, 0xDD, 0x6A, 0xA2, 0x79, 0x85, 0x35, 0x36, 0xB1, 0x1F, 0xD8, 0xF2,
    0x86, 0x71, 0xED, 0x11, 0xD2, 0x83, 0x8B, 0xAB, 0x2D, 0x84, 0x2C, 0x11, 0x5A, 0x6C, 0x20, 0xF4,
    0x07, 0xA3, 0x08, 0xA9, 0x36, 0x5F, 0x5E, 0x12, 0xA1, 0xD0, 0xA5, 0x2E, 0xF0, 0xDE, 0xC2, 0xAA,
    0x99, 0xA9, 0x6B, 0x46, 0x13, 0x52, 0x1E, 0x0E, 0xC7, 0x37, 0x3D, 0x86, 0x29, 0xBE, 0x9D, 0x95,
    0x5D, 0x7A, 0xA5, 0xA6, 0x35, 0x79, 0x5B, 0xF0, 0xCC, 0xCF, 0x85, 0x27, 0x3F, 0x10, 0x9E, 0xDC,
    0xFC, 0x80, 0x39, 0x3D, 0x1C, 0x41, 0xCB, 0x6C, 0xCE, 0x85, 0x4B, 0x91, 0xF1, 0x40, 0xB8, 0x97,
    0xE7, 0x51, 0x43, 0xE5, 0x3D, 0xE5, 0x43, 0xE5, 0x49, 0xE5, 0x4F, 0xE5, 0x55, 0xE7, 0x77, 0xBB,
    0x1D, 0x9C, 0xE9, 0xCF, 0x98, 0x50, 0xFB, 0x53, 0x24, 0xD4, 0x7E, 0xB9, 0x42, 0x4B, 0xCC, 0xA5,
    0xEC, 0x13, 0x6A, 0xEF, 0xDE, 0x20, 0x67, 0x9E, 0x9F, 0xED, 0x74, 0x91, 0xB3, 0x4D, 0x57, 0x4B,
    0xFF, 0x92, 0x63, 0xFF, 0xC7, 0x74, 0x38, 0x8E, 0xF6, 0x83, 0x21, 0xBD, 0x4D, 0x03, 0x03, 0xBE,
    0xFA, 0x79, 0xB6, 0xF5, 0xEE, 0xE5, 0x02, 0xF6, 0x67, 0x58, 0x21, 0xF0, 0x0C, 0xC3, 0xAC, 0x2D,
    0x65, 0xAE, 0x4B, 0x33, 0xC5, 0x99, 0xDA, 0x9F, 0x63, 0xDE, 0x53, 0x73, 0xE4, 0x94, 0x37, 0x32,
    0xAC, 0x32, 0xA8, 0xDF, 0x39, 0x32, 0xCF, 0xE2, 0xDF, 0xEB, 0x0E, 0xA3, 0xA5, 0xA8, 0xA9, 0xFB,
    0x4C, 0x35, 0x97, 0xB5, 0xB6, 0x9E, 0xC1, 0xFD, 0x2E, 0xE2, 0xEC, 0x2D, 0x15, 0x53, 0x84, 0x71,
    0xA6, 0xB5, 0x3F, 0xFB, 0x44, 0xF4, 0xFD, 0x33, 0xBC, 0xE7, 0x57, 0x89, 0xA8, 0x71, 0x88, 0xBE,
    0x11, 0x0A, 0x33, 0xA9, 0x70, 0x14, 0xAE, 0xDD, 0xA0, 0x6F, 0x80, 0xC2, 0x45, 0x78, 0xE8, 0x7C,
    0x24, 0x74, 0xC4, 0xFE, 0x68, 0xC4, 0x26, 0x58, 0xFA, 0x88, 0x95, 0xDB, 0x1F, 0x56, 0x94, 0xBD,
    0x18, 0x24, 0x73, 0xE7, 0x57, 0xEA, 0x3C, 0xBE, 0xD2, 0xCC, 0xC5, 0x8B, 0x50, 0x8F, 0x5B, 0x69,
    0xEC, 0xA4, 0xA1, 0x8C, 0x44, 0xA4, 0x88, 0x44, 0xCC, 0xC3, 0x7E, 0x37, 0x44, 0xD7, 0x0F, 0xC4,
    0x1C, 0x79, 0xDB, 0xEB, 0x3E, 0xD6, 0xE4, 0xCE, 0x3D, 0x1D, 0xBF, 0x9C, 0xCB, 0x0D, 0xEE, 0xBA,
    0x1A, 0x49, 0x1D, 0xF6, 0x09, 0xD2, 0x5F, 0x34, 0x29, 0x0D, 0x86, 0x7F, 0x03, 0xAB, 0x73, 0x91,
    0x55, 0x2E, 0x61, 0x6C, 0x9B, 0xDE, 0x12, 0xF0, 0xE8, 0x1C, 0xDC, 0x20, 0x37, 0x03, 0xDE, 0x5C,
    0x74, 0xE3, 0xCC, 0xDC, 0x39, 0x45, 0x6A, 0x6F, 0x22, 0x62, 0x29, 0x99, 0x43, 0x88, 0xC5, 0x56,
    0x6D, 0x22, 0x95, 0x59, 0x8B, 0xDB, 0x03, 0x24, 0x9F, 0x4C, 0x41, 0xA7, 0xA0, 0xEF, 0x0E, 0xE8,
    0x2E, 0xF6, 0xBB, 0x03, 0xAF, 0x91, 0x1F, 0x55, 0xC4, 0xAB, 0x12, 0x9A, 0xAA, 0x91, 0x5C, 0x31,
    0x45, 0xA1, 0x4C, 0x06, 0x5A, 0xD9, 0xFE, 0x5B, 0x7F, 0xAC, 0x18, 0x6E, 0x1C, 0xE4, 0xA5, 0xD1,
    0x73, 0xBF, 0x00, 0xB9, 0x7D, 0x3D, 0xC8, 0x02, 0x70, 0x67, 0x0C, 0x66, 0x74, 0x7C, 0x63, 0xB7,
    0xDC, 0x4C, 0x3A, 0xC2, 0x7F, 0x33, 0xB5, 0xA7, 0x73, 0xF7, 0xE3, 0x1B, 0xC1, 0x3C, 0x4E, 0x13,
    0x86, 0x4E, 0xA4, 0x55, 0xDF, 0xFE, 0x92, 0xD9, 0xE1, 0x3F, 0xC4, 0xA1, 0x8D, 0x06, 0x3B, 0xBE,
    0x93, 0xD3, 0x93, 0xD3, 0x5B, 0xC3, 0xC6, 0xC6, 0x9C, 0x7A, 0xB9, 0x28, 0x5B, 0x31, 0xCC, 0x78,
    0x6A, 0x29, 0xA9, 0xB3, 0x25, 0x7C, 0x59, 0xA2, 0x71, 0x27, 0xF6, 0x86, 0x79, 0xF9, 0x66, 0xB0,
    0xE1, 0xCE, 0xA5, 0xE3, 0x41, 0xE8, 0x10, 0x5A, 0xB0, 0x96, 0x07, 0xE6, 0x98, 0x57, 0xEC, 0x1E,
    0x96, 0xB3, 0x80, 0xDB, 0x6D, 0xB5, 0xF1, 0xB0, 0x0E, 0x47, 0x19, 0x87, 0x70, 0x01, 0xD8, 0xA2,
    0xB9, 0x62, 0x4C, 0x5A, 0x62, 0x52, 0x50, 0x64, 0x2E, 0x9C, 0xFB, 0x33, 0x59, 0xF6, 0x64, 0x74,
    0x5E, 0x70, 0x31, 0x72, 0x14, 0xE9, 0x76, 0x7D, 0xD8, 0x37, 0xF4, 0x89, 0x08, 0xE8, 0x28, 0xEF,
    0xC4, 0x41, 0x8C, 0x60, 0x65, 0xCE, 0xFD, 0x83, 0x1B, 0x19, 0x6C, 0x92, 0x67, 0xBC, 0x08, 0xB8,
    0x13, 0x24, 0x4A, 0xD8, 0x94, 0x64, 0x78, 0x34, 0x02, 0xCE, 0x56, 0x91, 0xA1, 0x20, 0xED, 0xA4,
    0x89, 0x08, 0x7E, 0x6B, 0x5C, 0xC4, 0x8D, 0xA6, 0xDD, 0xC3, 0x1D, 0x1E, 0x58, 0xCF, 0x16, 0x8B,
    0x04, 0xCF, 0xC2, 0xF9, 0xD0, 0x26, 0x55, 0x02, 0x7E, 0xFC, 0xA9, 0x5C, 0x64, 0x4B, 0x5E, 0xC4,
    0x55, 0x81, 0xBD, 0xE7, 0xAF, 0xDA, 0x68, 0xC9, 0x49, 0x79, 0xBA, 0x0A, 0x6B, 0x46, 0xB7, 0x7E,
    0xDD, 0x84, 0x0D, 0x17, 0xFA, 0x97, 0x4D, 0xB8, 0x52, 0x7B, 0xAA, 0x0E, 0x9C, 0xB7, 0x76, 0xA9,
    0xFB, 0xC4, 0x84, 0x61, 0xBC, 0xB4, 0xBB, 0x50, 0x48, 0x7C, 0x5E, 0xC4, 0xD8, 0x4C, 0xB4, 0xFA,
    0x00, 0x1B, 0x4F, 0x65, 0x21, 0x8C, 0x9F, 0x66, 0x7C, 0xD1, 0xC5, 0x61, 0x35, 0x26, 0xDB, 0x3D,
    0xEA, 0x26, 0xA3, 0x59, 0xEF, 0xD9, 0x4F, 0xF0, 0xE5, 0xCE, 0x87, 0x6E, 0x74, 0xCC, 0xCF, 0xCD,
    0x71, 0x51, 0x05, 0x88, 0x1D, 0x64, 0x4B, 0x70, 0x4F, 0x9D, 0x20, 0x0D, 0x1F, 0x81, 0x47, 0x29,
    0x8A, 0x2A, 0x6E, 0x22, 0x26, 0xA1, 0x35, 0xF1, 0x97, 0x0B, 0xBB, 0x08, 0x57, 0xC9, 0xB3, 0xAF,
    0x64, 0xD7, 0xDB, 0x26, 0xCF, 0x5E, 0x62, 0x13, 0x96, 0x7C, 0xF2, 0xCA, 0x96, 0x53, 0x9B, 0xFD,
    0xEC, 0x6B, 0x6E, 0x82, 0x3F, 0xD2, 0x9C, 0xC5, 0x89, 0x1E, 0x09, 0x47, 0xE1, 0x59, 0x69, 0x1D,
    0xBE, 0xDF, 0x96, 0x7E, 0x2B, 0xF8, 0xB8, 0x1A, 0x32, 0x99, 0x6E, 0x33, 0xD6, 0xD2, 0x3A, 0xF5,
    0xB1, 0x46, 0x9E, 0xE5, 0x43, 0x66, 0x82, 0x15, 0x27, 0xF7, 0x5B, 0x3F, 0xF2, 0xFE, 0x66, 0xB3,
    0xD7, 0x19, 0x03, 0x13, 0xC2, 0xE7, 0x38, 0x06, 0x9A, 0x03, 0x0A, 0x4E, 0xF2, 0x1C, 0xE7, 0x3E,
    0xE8, 0x51, 0x83, 0x33, 0xA2, 0xA6, 0xB3, 0xB2, 0x68, 0xF0, 0xB9, 0x7C, 0xCF, 0xE7, 0x90, 0x44,
    0xF6, 0xBE, 0x1D, 0xC2, 0x29, 0x93, 0xFE, 0xD9, 0x3F, 0xCB, 0x51, 0x08, 0xCC, 0xE5, 0x96, 0xC6,
    0x8A, 0xE7, 0xD5, 0x64, 0x85, 0x66, 0xDD, 0xA9, 0x2C, 0x9E, 0xBA, 0x49, 0xBE, 0x41, 0x86, 0xE5,
    0x17, 0x36, 0x97, 0xBD, 0xEA, 0xBD, 0xCD, 0x89, 0xC9, 0x1A, 0xE9, 0x25, 0x73, 0x46, 0xE3, 0x56,
    0x8F, 0x82, 0x64, 0x38, 0xD1, 0x53, 0x08, 0xB7, 0xE4, 0x60, 0x90, 0x2F, 0xC0, 0x13, 0xFF, 0x8E,
    0xD9, 0x47, 0x46, 0x4E, 0xF1, 0x0A, 0x07, 0xEC, 0xBE, 0x61, 0xDC, 0xA0, 0x75, 0xA7, 0x1C, 0xB9,
    0x9A, 0x03, 0xDD, 0xF6, 0x56, 0x6E, 0xD3, 0xDF, 0x1F, 0x09, 0xF3, 0x9F, 0xF0, 0x09, 0x44, 0x7C,
    0xFE, 0x50, 0xE3, 0x1E, 0x2F, 0xA1, 0x2E, 0x3E, 0xF3, 0xB9, 0xAF, 0xE7, 0x9A, 0x3E, 0x1D, 0x3D,
    0x02, 0xC9, 0xFD, 0x67, 0xDA, 0xBD, 0x67, 0xE1, 0x12, 0x3E, 0xB9, 0x81, 0x09, 0xA1, 0x21, 0x63,
    0x28, 0x98, 0x92, 0x89, 0xFA, 0x31, 0xE9, 0xD7, 0xE4, 0xA4, 0x73, 0xFB, 0x96, 0x69, 0xD4, 0x3D,
    0x56, 0x1B, 0x3D, 0x94, 0x16, 0xF2, 0x2E, 0x92, 0xD2, 0xCD, 0x85, 0x71, 0x16, 0x70, 0xD1, 0x3D,
    0xAA, 0xC9, 0x3D, 0xBF, 0x29, 0xBF, 0xBA, 0xB9, 0xD8, 0x17, 0x71, 0xD0, 0xD3, 0x5E, 0x7B, 0x23,
    0x0E, 0xFD, 0x71, 0xB1, 0x6D, 0x0A, 0x16, 0x6A, 0xFA, 0x67, 0x75, 0x84, 0x64, 0xA3, 0x98, 0x3D,
    0xCF, 0x34, 0xE8, 0xB3, 0xFD, 0x65, 0xBE, 0xEB, 0x4B, 0xF5, 0x4B, 0xEB, 0x60, 0x55, 0xE8, 0xD9,
    0x3E, 0xFE, 0xBE, 0x8B, 0xCA, 0x7D, 0x7C, 0xA0, 0x46, 0x2F, 0x4B, 0xFB, 0x07, 0x17, 0xF9, 0x0F,
    0x77, 0xCC, 0x93, 0xF3, 0x6D, 0x8C, 0xC8, 0xC9, 0x8C, 0xD9, 0x5E, 0x19, 0x9F, 0x89, 0xD1, 0xB8,
    0x0C, 0xB0, 0x58, 0xA5, 0x93, 0x63, 0x10, 0x1E, 0xA9, 0x4E, 0x54, 0x72, 0xCD, 0x66, 0x43, 0x3E,
    0xC0, 0x88, 0xB8, 0x9C, 0x7E, 0x7F, 0x94, 0x1A, 0xA6, 0xD7, 0x9B, 0xB9, 0xFE, 0x07, 0x82, 0xB9,
    0x0E, 0xC9, 0x62, 0x13, 0x92, 0x73, 0xF1, 0x6A, 0xFA, 0x93, 0x79, 0x6B, 0x5F, 0xB6, 0x07, 0x80,
    0x49, 0xEE, 0x0F, 0xDB, 0x8E, 0x51, 0x78, 0xB5, 0x8F, 0xEB, 0xCF, 0x01, 0xB3, 0xD8, 0x00, 0x33,
    0xD7, 0x0C, 0xF6, 0x89, 0x26, 0xCF, 0x2C, 0x5C, 0x92, 0xC5, 0x5E, 0x30, 0xFB, 0x70, 0x85, 0xCA,
    0xFF, 0xBA, 0xC7, 0xC0, 0xDB, 0x1B, 0xAE, 0x78, 0x07, 0x39, 0x33, 0x58, 0x4D, 0xB0, 0xFA, 0xFF,
    0xBA, 0x71, 0x2B, 0x39, 0x56, 0xD9, 0x87, 0xFE, 0xD4, 0x37, 0xC9, 0x99, 0xEF, 0x31, 0x56, 0x4A,
    0x9F, 0x93, 0x7A, 0x4B, 0xCE, 0xF2, 0x6D, 0x5F, 0xC4, 0xFA, 0xFB, 0xF1, 0x25, 0x0F, 0x9E, 0xFC,
    0x3F, 0xED, 0x59, 0xBD, 0x6E, 0xEC, 0xC6, 0x15, 0x1E, 0x92, 0xB1, 0x16, 0xD0, 0x16, 0x4C, 0x91,
    0x26, 0xB6, 0x01, 0x36, 0x2E, 0x12, 0x37, 0x7C, 0x83, 0x90, 0x41, 0x1E, 0x23, 0x85, 0x5D, 0xBB,
    0x51, 0x93, 0xD2, 0x00, 0x09, 0xE4, 0x01, 0xE2, 0x37, 0x88, 0x8A, 0x5B, 0xC4, 0xAB, 0x42, 0x8F,
    0x40, 0x02, 0x2E, 0x53, 0x78, 0x83, 0x3C, 0x80, 0x89, 0x40, 0x80, 0x81, 0x9B, 0x22, 0x1B, 0x7B,
    0x83, 0xCB, 0x28, 0x24, 0x4F, 0xCE, 0xF7, 0x9D, 0x99, 0x59, 0x4A, 0x5A, 0xCB, 0xB1, 0x7D, 0x63,
    0x24, 0x48, 0x16, 0xD2, 0x9C, 0x4F, 0x5A, 0xCE, 0xDF, 0x99, 0xF3, 0xF3, 0x9D, 0xA1, 0x73, 0xFA,
    0xC9, 0xC5, 0xAD, 0x44, 0xB9, 0x50, 0x34, 0xB3, 0x73, 0x57, 0x22, 0x32, 0xB9, 0xAD, 0xB6, 0x72,
    0x70, 0x0D, 0x44, 0x9F, 0xA2, 0x9D, 0xDD, 0x46, 0x96, 0x1B, 0x19, 0xB5, 0xCB, 0xDE, 0x35, 0x8B,
    0x2B, 0x85, 0xBD, 0xAB, 0xC9, 0xE9, 0x17, 0x6D, 0x37, 0x3A, 0x97, 0x49, 0x2F, 0x47, 0xE7, 0x52,
    0xD9, 0x6B, 0x4F, 0x97, 0xC8, 0x00, 0xE1, 0xE4, 0xF0, 0x54, 0x24, 0x2A, 0xF8, 0xE4, 0x60, 0xFD,
    0xF6, 0x36, 0x4A, 0x5F, 0x71, 0xCC, 0x96, 0x33, 0x88, 0xCD, 0x37, 0x3B, 0xCE, 0xAE, 0x8F, 0x61,
    0x2D, 0x7B, 0x87, 0x95, 0x71, 0xB1, 0x8D, 0x7C, 0xC4, 0x35, 0xBB, 0x77, 0xAF, 0xD1, 0x56, 0x87,
    0x53, 0xDB, 0xA1, 0xD5, 0xF9, 0xDD, 0x5B, 0xE8, 0x92, 0xA0, 0x7F, 0x8B, 0x0D, 0x2D, 0xAE, 0xD0,
    0xF6, 0xE8, 0x2A, 0xB9, 0xD1, 0x2D, 0x76, 0x13, 0x16, 0xAF, 0x7F, 0xEA, 0xE6, 0x75, 0x51, 0xBA,
    0x97, 0x33, 0x2D, 0xBF, 0x6D, 0x26, 0xFC, 0x58, 0xAF, 0x82, 0x7A, 0xD9, 0x40, 0x2D, 0xBA, 0x1B,
    0x81, 0xFA, 0xDE, 0xD2, 0x99, 0xEC, 0x53, 0x1C, 0xD6, 0xA2, 0x34, 0xD1, 0x70, 0xCB, 0x62, 0xEA,
    0xD0, 0x6E, 0x26, 0x1C, 0xC5, 0xD1, 0xC4, 0xE1, 0xDF, 0x25, 0xA0, 0x04, 0x55, 0xB1, 0x6A, 0xD8,
    0x55, 0xB3, 0xAA, 0xAE, 0xD7, 0x5D, 0xBC, 0xEC, 0xA4, 0xD5, 0xBD, 0x71, 0xED, 0x1B, 0x1E, 0x36,
    0x37, 0x82, 0x3D, 0x6C, 0x4D, 0xB5, 0xCF, 0x2A, 0x15, 0x03, 0x73, 0x13, 0x22, 0x35, 0xDA, 0xD9,
    0x4F, 0xF5, 0x4D, 0x7E, 0x12, 0xB4, 0x63, 0xC6, 0x41, 0x6E, 0xB5, 0xED, 0xA8, 0xD4, 0x8A, 0x6D,
    0x21, 0x93, 0xB6, 0x30, 0x8D, 0x83, 0x5F, 0x8B, 0x2E, 0x20, 0x9F, 0x02, 0xCE, 0xE7, 0x26, 0xFE,
    0x5F, 0x2D, 0xA3, 0x0D, 0xD8, 0x75, 0x4B, 0x84, 0xAE, 0x38, 0x9E, 0x70, 0x7A, 0x7A, 0xE4, 0xC9,
    0x47, 0x27, 0xBC, 0x73, 0xA6, 0x8B, 0x03, 0xAD, 0x64, 0x85, 0x8F, 0x2B, 0xBC, 0x04, 0x7C, 0x7F,
    0x23, 0x30, 0x4F, 0x62, 0x2C, 0xB5, 0xC7, 0x64, 0xD4, 0x46, 0x46, 0x05, 0x56, 0x12, 0x94, 0xEF,
    0xBC, 0x66, 0x5C, 0x77, 0x84, 0x85, 0x8F, 0xC4, 0xCD, 0x08, 0x1D, 0xDB, 0x01, 0xC1, 0xE4, 0x4B,
    0x1D, 0x20, 0x60, 0x35, 0xF8, 0x88, 0xB5, 0x6B, 0xC0, 0xE8, 0x6A, 0x7D, 0x27, 0x5D, 0x84, 0x1F,
    0x5B, 0x8F, 0xB4, 0xA2, 0xFD, 0x99, 0x0D, 0x75, 0x42, 0xCF, 0x52, 0x7D, 0xA8, 0x66, 0x67, 0xC3,
    0x5B, 0x19, 0x36, 0xE8, 0x0A, 0x6D, 0x77, 0xD2, 0xE7, 0xB6, 0x24, 0x6E, 0xB2, 0x5A, 0xED, 0xAB,
    0x5A, 0xED, 0xB7, 0x5A, 0xE9, 0x21, 0xE2, 0x3B, 0xE7, 0x71, 0x50, 0x79, 0xCD, 0x4D, 0xD3, 0xB0,
    0xFF, 0xB8, 0x78, 0x0D, 0xAA, 0x0E, 0x46, 0x67, 0x1D, 0xA9, 0x08, 0x1B, 0x4F, 0xE7, 0xAB, 0x9D,
    0x4D, 0xE3, 0xDC, 0x8F, 0xF4, 0x2F, 0x6A, 0xCF, 0x14, 0x1F, 0x94, 0x47, 0x98, 0x79, 0x07, 0xB2,
    0xED, 0xE5, 0x5E, 0xBB, 0xBA, 0xB3, 0x08, 0x9B, 0x31, 0xC2, 0x6A, 0x5A, 0xC1, 0xCB, 0xDD, 0x6D,
    0x80, 0xE1, 0x20, 0x08, 0x3B, 0x09, 0xFA, 0x4B, 0xD5, 0xBE, 0xBD, 0xEA, 0x83, 0xE6, 0xE1, 0xD4,
    0x5E, 0xF1, 0xB4, 0xC0, 0xB0, 0x86, 0x0C, 0xAE, 0x60, 0x2B, 0x33, 0x4D, 0x73, 0xBD, 0xEA, 0x30,
    0xBB, 0xEB, 0x93, 0xB2, 0x56, 0xBA, 0x5A, 0xA9, 0x6A, 0xA5, 0x29, 0xAF, 0xA8, 0x5D, 0xFB, 0xE6,
    0xB5, 0xB7, 0xDE, 0xA1, 0xF1, 0xF1, 0xA1, 0x18, 0xB9, 0xFD, 0x9C, 0xA1, 0xCD, 0x47, 0xDF, 0x84,
    0xFE, 0xC7, 0x38, 0x6C, 0x86, 0x0D, 0x54, 0xF4, 0xAB, 0xD8, 0xBC, 0x42, 0x17, 0x1F, 0x05, 0x24,
    0x92, 0x4B, 0x06, 0xE7, 0x55, 0x0F, 0xFE, 0xCC, 0x10, 0xCD, 0x92, 0xA8, 0x8A, 0x48, 0x8D, 0xAA,
    0x93, 0x74, 0xA7, 0x81, 0x0B, 0xD1, 0x8E, 0x0E, 0x7F, 0xA0, 0x65, 0x07, 0x6D, 0x01, 0x55, 0x21,
    0xDA, 0x39, 0xD3, 0x95, 0xA2, 0xCC, 0x54, 0xA5, 0x28, 0x87, 0xA6, 0x46, 0x7D, 0x9A, 0xDD, 0xBB,
    0x99, 0x4F, 0x4F, 0xE8, 0xF4, 0x12, 0x73, 0xDC, 0xEF, 0x76, 0x65, 0x98, 0x4D, 0xE2, 0x0A, 0x44,
    0x3D, 0xF3, 0xF7, 0xF2, 0x0B, 0xC6, 0x98, 0x72, 0xD9, 0xC8, 0xAF, 0x65, 0x65, 0x42, 0x3E, 0x13,
    0xFC, 0xA7, 0xA3, 0xB2, 0xF5, 0x19, 0x2C, 0x43, 0x02, 0xF4, 0x68, 0x40, 0x8E, 0xD3, 0xCF, 0x17,
    0xB2, 0xDC, 0x4A, 0x1B, 0xFD, 0x85, 0x56, 0x7E, 0x68, 0x90, 0x24, 0x89, 0x72, 0xA1, 0x61, 0x09,
    0x7C, 0x6F, 0xA9, 0xFD, 0xE1, 0xEF, 0xCD, 0x69, 0x2C, 0x34, 0x31, 0xC8, 0x3D, 0x16, 0xCD, 0x91,
    0xA2, 0xD8, 0xFB, 0xA5, 0x9C, 0x11, 0xE7, 0xB2, 0xE9, 0x6B, 0x10, 0xE6, 0x51, 0xCF, 0x89, 0xD5,
    0x4A, 0x76, 0x62, 0xA9, 0x20, 0x88, 0xC1, 0x44, 0x4F, 0xF1, 0x77, 0x6E, 0xB2, 0x06, 0xDC, 0x43,
    0x63, 0xDA, 0xF5, 0xD4, 0x24, 0xA4, 0x06, 0x4D, 0xED, 0xA7, 0x5D, 0x35, 0x9C, 0xE2, 0xDB, 0x37,
    0x4B, 0x8B, 0x85, 0xEA, 0x21, 0x75, 0x68, 0x2A, 0x34, 0xDB, 0xC8, 0x3F, 0x5C, 0x72, 0x43, 0x07,
    0xD7, 0x85, 0x66, 0xA0, 0x10, 0x19, 0xBC, 0x96, 0x21, 0x59, 0x2C, 0x5A, 0x30, 0xBA, 0xB7, 0x27,
    0xD8, 0x9F, 0xE0, 0x70, 0x82, 0x87, 0x13, 0x1C, 0x4F, 0x70, 0x3A, 0x41, 0x89, 0xF0, 0x1F, 0x52,
    0x07, 0xF8, 0xA5, 0xB2, 0x1A, 0x0F, 0xBF, 0x30, 0x9E, 0x03, 0xA8, 0xCB, 0x8E, 0xB0, 0x19, 0x23,
    0xAC, 0xA6, 0x08, 0x8B, 0x25, 0xC2, 0x5C, 0x22, 0xCC, 0x44, 0xFD, 0xF8, 0x1D, 0x0F, 0xD5, 0xF9,
    0xD5, 0x31, 0x17, 0x9A, 0x1A, 0x3A, 0x96, 0x0B, 0x53, 0xA9, 0xBA, 0xBF, 0x2E, 0x84, 0xF9, 0x74,
    0x2A, 0xD4, 0x4B, 0x01, 0x4B, 0x89, 0x51, 0x33, 0x97, 0x09, 0x2E, 0xBA, 0x67, 0x8E, 0x98, 0x90,
    0x7A, 0x2D, 0xFC, 0x81, 0xF3, 0xDD, 0xF9, 0x78, 0x93, 0xCC, 0x1E, 0x6C, 0xA4, 0x0E, 0x11, 0xA8,
    0x37, 0x6D, 0x11, 0xB4, 0x01, 0x40, 0x53, 0xFA, 0x8C, 0xE9, 0x29, 0x81, 0xF5, 0x7B, 0x2D, 0x45,
    0x1D, 0x45, 0x0D, 0x31, 0x80, 0x4E, 0x39, 0x7D, 0xC5, 0x83, 0x57, 0xD0, 0x0D, 0xC0, 0x97, 0xD0,
    0x0C, 0x49, 0x17, 0x74, 0x40, 0xD0, 0x1D, 0x3D, 0x80, 0x4E, 0x08, 0xCA, 0xD9, 0x03, 0xE8, 0x83,
    0x60, 0x23, 0x8D, 0x81, 0x8C, 0xE1, 0x8F, 0xC4, 0xC2, 0x03, 0x17, 0x41, 0x15, 0x40, 0x19, 0x40,
    0x1E, 0xC0, 0x36, 0x80, 0x8C, 0xE0, 0x61, 0xAC, 0xBD, 0xBC, 0x95, 0xF0, 0x8F, 0x08, 0x96, 0x00,
    0xA6, 0x00, 0xF6, 0x5E, 0x4F, 0xE6, 0xD5, 0x85, 0xE9, 0xAD, 0x92, 0x33, 0xC2, 0x7F, 0xB7, 0x39,
    0x3E, 0x26, 0x21, 0x97, 0xE0, 0xB1, 0xF2, 0x07, 0xAA, 0x47, 0x3E, 0x47, 0xC6, 0x99, 0xC8, 0xBA,
    0x4D, 0x0C, 0x2A, 0xE6, 0x8C, 0x62, 0x4C, 0xA0, 0x0D, 0x1A, 0xFC, 0x6B, 0x16, 0xB6, 0x4E, 0x8A,
    0x37, 0xBB, 0xC9, 0x16, 0xED, 0xC5, 0x68, 0xC2, 0x88, 0xA0, 0x5A, 0x43, 0xAE, 0xE7, 0xED, 0xE0,
    0xD8, 0xEF, 0xF1, 0x9B, 0xCE, 0x52, 0x77, 0x69, 0x76, 0xB2, 0xF1, 0x76, 0x73, 0x7D, 0x86, 0x6B,
    0x95, 0x96, 0xFA, 0x2B, 0x4B, 0xFB, 0x8D, 0x09, 0x0B, 0x1E, 0xCE, 0x42, 0x49, 0x6A, 0xA4, 0x21,
    0x33, 0x4A, 0x4A, 0x53, 0x07, 0x5D, 0xBA, 0x5A, 0xA8, 0x69, 0x9E, 0x4B, 0xB1, 0x50, 0x54, 0xF3,
    0x16, 0xA3, 0x55, 0x6A, 0xC9, 0x3D, 0xD8, 0x10, 0xF8, 0xAD, 0xA6, 0xF5, 0x94, 0x8C, 0xF7, 0x60,
    0x54, 0x88, 0x6E, 0xCA, 0x64, 0x34, 0x91, 0xE6, 0x6A, 0x6C, 0xCE, 0x03, 0x97, 0xDB, 0x29, 0x6D,
    0xF0, 0x05, 0x4C, 0x5D, 0x2D, 0x98, 0xA4, 0x6F, 0xAC, 0x02, 0xC1, 0x9C, 0xAA, 0xED, 0xF4, 0x63,
    0x4D, 0xE0, 0xA9, 0x66, 0x30, 0x1D, 0xFD, 0x33, 0x12, 0xB5, 0x03, 0x9F, 0x42, 0x58, 0xC3, 0x82,
    0xDF, 0x79, 0xB0, 0xB5, 0x64, 0x57, 0x63, 0x47, 0x23, 0x67, 0xAD, 0x19, 0x41, 0x90, 0x14, 0x87,
    0x62, 0xC2, 0x8A, 0xDE, 0x8F, 0x41, 0xEE, 0x42, 0xF7, 0x89, 0x47, 0x0E, 0x2C, 0x22, 0x9A, 0xE5,
    0x14, 0xC3, 0x52, 0xC4, 0xB0, 0x5B, 0x1F, 0x6C, 0x51, 0xE8, 0x1C, 0x0B, 0x59, 0x1A, 0xDD, 0xD0,
    0x50, 0x8D, 0x6E, 0x57, 0x83, 0x4A, 0x74, 0x43, 0xB7, 0x47, 0xD6, 0x86, 0xA6, 0x37, 0x76, 0x3A,
    0x76, 0x2A, 0xE5, 0x59, 0x82, 0x6B, 0xEC, 0xE6, 0x7B, 0x68, 0x13, 0x16, 0x71, 0xA8, 0xE1, 0x58,
    0x60, 0x58, 0x7D, 0x61, 0xE1, 0xD0, 0x57, 0x17, 0x56, 0x5C, 0xB0, 0xB6, 0xB8, 0x7C, 0x91, 0xEE,
    0xDC, 0x76, 0xD9, 0xA2, 0xAA, 0xBB, 0x3D, 0x42, 0x69, 0xDC, 0x13, 0xB6, 0x34, 0x9D, 0x37, 0x9C,
    0x6F, 0x9D, 0x16, 0x50, 0x63, 0xA2, 0xC4, 0x60, 0x85, 0xC1, 0x02, 0xA3, 0x32, 0xD5, 0x4F, 0x50,
    0xF7, 0xA0, 0x64, 0xEB, 0xDD, 0xEB, 0x8B, 0x8F, 0xD5, 0x04, 0xA6, 0x82, 0x35, 0x68, 0x37, 0xD0,
    0x10, 0x61, 0xC7, 0x25, 0xCD, 0x78, 0x73, 0x38, 0x5F, 0x34, 0x74, 0x28, 0x3C, 0x73, 0xD8, 0x13,
    0xEB, 0x96, 0x96, 0xA6, 0xA6, 0xE9, 0x46, 0xCF, 0xEF, 0x08, 0x52, 0x0B, 0xCA, 0x08, 0x0B, 0x31,
    0x7F, 0xEA, 0xC6, 0xD3, 0x49, 0x69, 0xFB, 0xC1, 0x6E, 0x17, 0xEB, 0x9D, 0xC7, 0xED, 0x11, 0xC3,
    0xE2, 0xF9, 0x5C, 0x60, 0x8D, 0x1A, 0xE6, 0x04, 0x96, 0x87, 0x31, 0x3B, 0x35, 0x7F, 0x1D, 0xDF,
    0xC8, 0x95, 0xD1, 0x0D, 0x18, 0xB0, 0xFC, 0x55, 0x09, 0xA4, 0x16, 0x3E, 0xB2, 0xE2, 0xE6, 0xCD,
    0xE7, 0x24, 0x77, 0x66, 0xC7, 0x98, 0xB4, 0x35, 0xF6, 0x1D, 0x18, 0x24, 0xFE, 0xB5, 0x6C, 0x45,
    0xCF, 0xE6, 0x53, 0x23, 0x6C, 0x64, 0x8B, 0x0D, 0x06, 0x25, 0x47, 0x24, 0x01, 0x66, 0x94, 0x7C,
    0xDC, 0x8C, 0x3A, 0xA3, 0x12, 0xC0, 0x46, 0x7B, 0xFC, 0x59, 0x04, 0x36, 0x2C, 0x5A, 0x55, 0xFF,
    0x05, 0x64, 0xEF, 0x37, 0xBA, 0x9A, 0x91, 0xAE, 0xE9, 0xDD, 0xD4, 0x7D, 0xA8, 0x4E, 0xAA, 0x8E,
    0x26, 0x13, 0x0A, 0xEF, 0x31, 0xA3, 0x0D, 0x74, 0xC8, 0x1C, 0x5B, 0x3A, 0xF9, 0x15, 0xAB, 0x77,
    0x5F, 0xCB, 0x37, 0xCC, 0xB9, 0xA9, 0x31, 0x6B, 0x56, 0xFD, 0x93, 0xF3, 0x77, 0x00, 0xE6, 0xA4,
    0xAD, 0xBF, 0x1F, 0xF0, 0xB7, 0x05, 0xFE, 0xEE, 0xE0, 0xEB, 0x88, 0xCD, 0xEA, 0x96, 0x61, 0x72,
    0xDE, 0x42, 0xCD, 0x44, 0x6B, 0x44, 0xA3, 0x5C, 0x06, 0x4D, 0x17, 0x76, 0xD3, 0x31, 0x87, 0xD9,
    0x79, 0x10, 0x7B, 0x9E, 0xEF, 0x62, 0x87, 0xBD, 0x3F, 0xC5, 0x46, 0xE7, 0xC3, 0x7D, 0x10, 0x0F,
    0x42, 0x19, 0x23, 0x52, 0x08, 0x05, 0x13, 0xC7, 0xA3, 0x1B, 0x0C, 0x08, 0x05, 0x47, 0x8D, 0x32,
    0xCA, 0xC1, 0x35, 0x27, 0xCE, 0xD0, 0xEF, 0x72, 0x56, 0xBF, 0xB8, 0x6B, 0xC0, 0x3D, 0x83, 0x26,
    0xF0, 0x9F, 0x23, 0x75, 0x0B, 0x32, 0x9C, 0xBF, 0xC0, 0xC0, 0x91, 0x1E, 0x31, 0x09, 0xCC, 0xF3,
    0x18, 0x8A, 0xF2, 0xCA, 0xDC, 0x67, 0x8F, 0x4D, 0xF6, 0xFF, 0xAF, 0x66, 0xBF, 0x41, 0x35, 0xEB,
    0xEB, 0x56, 0x7F, 0x09, 0x10, 0xAE, 0x11, 0x42, 0xDD, 0xEA, 0xA1, 0x4F, 0xF7, 0xFF, 0x3B, 0x75,
    0xEB, 0xD3, 0x8A, 0xF3, 0x5F, 0x45, 0xFF, 0xD5, 0x95, 0x29, 0x62, 0xA7, 0xF1, 0xDC, 0x7C, 0x78,
    0x78, 0x73, 0xB7, 0x72, 0xF7, 0xCC, 0x28, 0xCE, 0xC5, 0xEF, 0xDC, 0x8A, 0xE9, 0x78, 0x52, 0xD3,
    0xD8, 0x23, 0x92, 0xB3, 0xC3, 0x94, 0xAD, 0x85, 0xFF, 0xA7, 0x7F, 0xC4, 0xD3, 0x9F, 0xCA, 0xFE,
    0xEA, 0xD6, 0xF4, 0x27, 0x79, 0x44, 0x7F, 0xC4, 0xE8, 0xCF, 0x7B, 0x6B, 0xFA, 0x23, 0x16, 0x00,
    0xE6, 0xCD, 0x8A, 0xFE, 0x34, 0x63, 0x6A, 0xF4, 0xC7, 0x61, 0xB4, 0x15, 0xFD, 0x39, 0x3E, 0xA0,
    0x3F, 0xD3, 0x73, 0xF4, 0xA7, 0x7D, 0x40, 0x7F, 0x74, 0xB4, 0x04, 0xCE, 0x96, 0xB1, 0xEC, 0x98,
    0x43, 0xFC, 0xEB, 0x18, 0x53, 0x9F, 0xB2, 0x8D, 0x04, 0x9A, 0xD9, 0x62, 0x72, 0xC6, 0xA8, 0xEA,
    0x13, 0x1C, 0x82, 0x8B, 0xCD, 0x27, 0x53, 0x0C, 0x5E, 0x83, 0x7F, 0xF8, 0x0C, 0x6B, 0x42, 0x18,
    0xEE, 0x8B, 0xEF, 0xCE, 0x9A, 0x04, 0xAC, 0xE9, 0xAE, 0x1A, 0xFD, 0x24, 0xEF, 0x87, 0x45, 0x66,
    0xF1, 0x06, 0x71, 0x1B, 0x51, 0x19, 0xD1, 0xE9, 0x4E, 0x51, 0x9E, 0xB9, 0x2E, 0x5C, 0x5D, 0x30,
    0x8A, 0x48, 0x38, 0xC9, 0x80, 0x24, 0xA0, 0x34, 0xA2, 0x4D, 0x44, 0xB1, 0x88, 0x40, 0x87, 0x30,
    0x69, 0x44, 0x12, 0x50, 0xA6, 0x49, 0xD9, 0xAF, 0x52, 0x73, 0xAA, 0xFD, 0xB7, 0xA0, 0xF5, 0x5A,
    0x16, 0x0A, 0x48, 0x46, 0x8F, 0x12, 0x8B, 0x3B, 0xEC, 0xDA, 0xC7, 0x3B, 0xFD, 0x30, 0x5E, 0x19,
    0x51, 0x13, 0x91, 0x04, 0x04, 0x17, 0xB9, 0xE5, 0xFA, 0xF4, 0xE0, 0xAD, 0x93, 0x8E, 0x50, 0x7B,
    0x04, 0xBB, 0x30, 0xD4, 0x4D, 0x01, 0xD1, 0xFE, 0x83, 0xEE, 0xFC, 0x2D, 0x60, 0xE3, 0x2B, 0x20,
    0x1F, 0x15, 0xB3, 0x50, 0x2B, 0x8D, 0xCF, 0xA9, 0x0F, 0x47, 0xFF, 0x81, 0x25, 0x4A, 0x30, 0x15,
    0x63, 0x35, 0xC6, 0x9C, 0x43, 0xC6, 0xC4, 0x69, 0x6E, 0xA6, 0x44, 0xED, 0x55, 0xE7, 0xFF, 0xA1,
    0xD3, 0x03, 0x25, 0x2B, 0xD3, 0xB4, 0x97, 0x2F, 0xBC, 0xD7, 0x0F, 0x0E, 0xAD, 0x1F, 0xFF, 0xBC,
    0x34, 0x4B, 0x5D, 0x79, 0xA3, 0xE1, 0x35, 0x8B, 0x5D, 0x4F, 0xFF, 0xD4, 0x81, 0x51, 0x68, 0x50,
    0x38, 0xF8, 0xC7, 0x40, 0x04, 0x5F, 0x79, 0x73, 0xEB, 0x3B, 0x9D, 0x21, 0x95, 0xD1, 0x8C, 0x33,
    0x92, 0x3E, 0xBF, 0x7C, 0x6F, 0x46, 0xC6, 0xDE, 0x1E, 0x06, 0x80, 0xB3, 0x9F, 0x2B, 0x19, 0xDE,
    0x26, 0xAB, 0x91, 0xCE, 0x54, 0x3E, 0xBB, 0x24, 0xB8, 0xA0, 0xAE, 0x61, 0x21, 0xAB, 0xE9, 0xCC,
    0xF7, 0x58, 0xE8, 0x61, 0xEB, 0xBD, 0x86, 0xF8, 0xFC, 0x15, 0x59, 0x4D, 0xF9, 0x27, 0xB2, 0x9A,
    0xAE, 0x35, 0x02, 0x4B, 0x23, 0xDF, 0x4C, 0x14, 0x85, 0x99, 0x7C, 0x85, 0xF8, 0x2F, 0x47, 0xA9,
    0xC1, 0x6A, 0x74, 0x40, 0x3D, 0x75, 0xB8, 0x10, 0xDF, 0x9D, 0x20, 0x2A, 0xD6, 0x85, 0xEE, 0xA3,
    0x41, 0x70, 0xE4, 0xDB, 0x8A, 0xCD, 0x2A, 0xF7, 0xF7, 0xAE, 0xFC, 0x2D, 0x73, 0xDA, 0x65, 0xD2,
    0xF9, 0x77, 0x27, 0xD7, 0xC1, 0x31, 0xE8, 0x13, 0x74, 0x87, 0xE6, 0xAB, 0x9C, 0x7C, 0x57, 0x63,
    0xE0, 0x7B, 0x52, 0x39, 0x4B, 0x70, 0x46, 0x6C, 0x24, 0x41, 0x08, 0xCF, 0x64, 0x86, 0x25, 0x2A,
    0xB1, 0xA9, 0x3E, 0xD5, 0xAF, 0x3A, 0x5C, 0x77, 0xC0, 0x5A, 0x5F, 0xA9, 0xD7, 0x6A, 0xC2, 0x56,
    0x62, 0x23, 0x9A, 0xF3, 0x41, 0x1C, 0xA7, 0xD8, 0xB7, 0x87, 0x86, 0xDC, 0xCF, 0xA0, 0xF9, 0x1F,
    0x78, 0x02, 0xEB, 0xD9, 0xE0, 0x40, 0x1F, 0xF2, 0x6F, 0xA1, 0xD4, 0x01, 0xB4, 0xA4, 0xE8, 0x51,
    0x5E, 0x2C, 0xB8, 0x56, 0xC9, 0xF6, 0x9E, 0x8E, 0x59, 0x61, 0x5D, 0x09, 0x6E, 0xD8, 0xF4, 0x28,
    0x55, 0x90, 0x6B, 0x9A, 0xFF, 0x99, 0xF1, 0xF7, 0x7C, 0x9F, 0x35, 0xF0, 0x68, 0xAC, 0xC4, 0x3C,
    0xB8, 0x5F, 0xE1, 0x40, 0xB7, 0x4C, 0x99, 0x3A, 0x82, 0xEA, 0xB1, 0x90, 0xFB, 0x5B, 0xE9, 0x39,
    0x57, 0x9D, 0xF2, 0xD0, 0xB0, 0x06, 0x7D, 0xFC, 0x42, 0x96, 0xC7, 0xEF, 0x11, 0xEC, 0x5D, 0x88,
    0xBD, 0x8E, 0xC8, 0x56, 0x2D, 0x0D, 0x26, 0x35, 0x43, 0xE9, 0x60, 0x27, 0x6F, 0x20, 0xBA, 0x75,
    0x3C, 0x1A, 0xC1, 0xA9, 0xC0, 0xA5, 0x68, 0x7B, 0xB3, 0xE3, 0x2E, 0xD4, 0xA4, 0x7D, 0x1D, 0x71,
    0x47, 0xFB, 0xEF, 0xFD, 0x9C, 0xBF, 0x14, 0x7E, 0x37, 0x6D, 0x35, 0x57, 0x6B, 0x92, 0x54, 0x02,
    0x5D, 0x06, 0x85, 0x0F, 0x0C, 0x94, 0xBA, 0xD5, 0xC0, 0x5C, 0xDC, 0x4F, 0xA2, 0xC7, 0xD1, 0xFD,
    0xAA, 0xD8, 0xE0, 0x00, 0x61, 0x64, 0x4E, 0x87, 0x31, 0x8F, 0x3F, 0x7C, 0x55, 0xBB, 0x2A, 0x4E,
    0xBE, 0xE7, 0x76, 0xFD, 0x69, 0xA8, 0xDD, 0x6E, 0x7F, 0xCA, 0xBE, 0x96, 0x36, 0xF9, 0x2A, 0xED,
    0x0D, 0x66, 0x4B, 0xEF, 0x7F, 0x2F, 0x2C, 0xD6, 0x3D, 0xF9, 0x85, 0x0E, 0xD7, 0xBF, 0x37, 0xF2,
    0xB2, 0x3D, 0xF7, 0xDC, 0xC3, 0xDF, 0xFB, 0x16, 0x1E, 0x88, 0x5F, 0xD2, 0xF9, 0x32, 0xBE, 0xDC,
    0xB0, 0x9B, 0x1A, 0x5C, 0xDA, 0xA4, 0xE4, 0xA3, 0x26, 0xAF, 0x66, 0xA3, 0xC0, 0x3F, 0xA6, 0xCA,
    0x61, 0x0C, 0xE5, 0xDF, 0xD0, 0xC5, 0x5E, 0x9C, 0x25, 0x76, 0x5B, 0x62, 0x21, 0xF1, 0xF2, 0x75,
    0x16, 0xE4, 0xCF, 0x9E, 0xE0, 0x77, 0x19, 0xB9, 0x3A, 0x14, 0x13, 0x5F, 0xAA, 0x0D, 0xCE, 0xEE,
    0x45, 0xC9, 0xA4, 0xE2, 0x21, 0x3C, 0x7D, 0x79, 0xE6, 0x5D, 0xEF, 0x6B, 0xDA, 0xF4, 0x85, 0xA3,
    0xF9, 0xB6, 0x28, 0x78, 0x70, 0x39, 0x18, 0x5F, 0xF0, 0x81, 0xEB, 0xD7, 0x68, 0xF9, 0x5A, 0xB5,
    0x7A, 0x3D, 0x3F, 0xFF, 0x04, 0x3D, 0x8F, 0xBD, 0x6D, 0xC7, 0x20, 0x10, 0xC5, 0x5F, 0x6C, 0xC9,
    0x96, 0xFE, 0x2E, 0x68, 0xD3, 0xD1, 0xA6, 0x63, 0x04, 0x3C, 0x42, 0x86, 0x48, 0x95, 0x25, 0x8E,
    0x51, 0x52, 0xA4, 0xC8, 0xC7, 0x0E, 0x81, 0x11, 0x18, 0x01, 0x29, 0x0B, 0x20, 0xC5, 0x05, 0x91,
    0x8C, 0x5F, 0xCE, 0x2E, 0x22, 0xEE, 0x04, 0x1C, 0xC7, 0x7B, 0xBF, 0xBB, 0x07, 0xC1, 0xC4, 0xEA,
    0xDA, 0xDC, 0xF1, 0x00, 0x8E, 0x34, 0x74, 0x4D, 0x32, 0xA6, 0x15, 0xF0, 0x05, 0xE0, 0x8E, 0x99,
    0x84, 0x6D, 0x4C, 0xB1, 0xB8, 0x6D, 0xE9, 0x73, 0xF1, 0x64, 0x15, 0xB2, 0x70, 0xE2, 0x4A, 0xEE,
    0xFF, 0xE1, 0x93, 0xAD, 0xBE, 0x4A, 0x31, 0x64, 0x3A, 0xFF, 0x20, 0x6E, 0x70, 0x41, 0xFB, 0x2A,
    0x8B, 0x0F, 0x2E, 0x7C, 0x81, 0xDF, 0x0C, 0xFC, 0x51, 0x3F, 0xDD, 0x7D, 0x38, 0x20, 0x25, 0xF6,
    0xC8, 0x3B, 0x45, 0x18, 0xFB, 0xF4, 0xA2, 0x04, 0x8E, 0x41, 0x98, 0x69, 0xEA, 0x3E, 0x9E, 0xA1,
    0x07, 0xBD, 0x6A, 0x51, 0x9F, 0x94, 0xEE, 0x09, 0x1C, 0xFA, 0xC8, 0xF9, 0x30, 0x34, 0xDD, 0x35,
    0xBF, 0x49, 0x66, 0x7A, 0x0E, 0xB7, 0xD7, 0xCB, 0xF5, 0x60, 0x18, 0xD8, 0x2F, 0x57, 0xD8, 0x04,
    0xE0, 0x23, 0x28, 0x7E, 0xBA, 0x72, 0xD0, 0xBE, 0x4F, 0x9D, 0x80, 0x5C, 0x35, 0x11, 0x75, 0xAA,
    0xC8, 0x0C, 0x9B, 0x65, 0x53, 0x74, 0x5D, 0xB2, 0xD9, 0x8C, 0xC7, 0xA5, 0x2D, 0xC7, 0x49, 0x33,
    0x50, 0x76, 0xA7, 0xC3, 0x63, 0x0C, 0x98, 0x13, 0xCC, 0x1B, 0x2C, 0xD7, 0x9B, 0xEA, 0xF8, 0x24,
    0x4A, 0xF8, 0x8B, 0xE9, 0x1D, 0xBE, 0x41, 0x15, 0xB4, 0xA6, 0x7A, 0x42, 0x2C, 0xC4, 0x1F, 0xE5,
    0x5C, 0x3F, 0xB3, 0xDD, 0x46, 0x15, 0x5F, 0x49, 0xC4, 0x82, 0x51, 0x21, 0x8A, 0x78, 0x86, 0x49,
    0x0A, 0x35, 0x2E, 0x42, 0x0A, 0xF4, 0x11, 0x74, 0x81, 0x19, 0x9A, 0x14, 0x71, 0x61, 0x6A, 0x28,
    0x28, 0x18, 0x37, 0xEF, 0x13, 0x10, 0x09, 0x1A, 0x8A, 0x14, 0xF8, 0x1B, 0x90, 0x22, 0x85, 0x79,
    0x2E, 0xDC, 0x52, 0x21, 0x31, 0x2E, 0x53, 0x58, 0x40, 0x91, 0x32, 0x9A, 0xC1, 0x95, 0x29, 0xAC,
    0x01, 0xCD, 0x20, 0x06, 0x49, 0xCB, 0x39, 0xBF, 0xB3, 0xAB, 0x3F, 0xF7, 0x4A, 0x37, 0xCF, 0x36,
    0xD7, 0xEF, 0x3E, 0xE7, 0xCE, 0x7D, 0xBB, 0x8E, 0xAE, 0xB4, 0x3A, 0x7B, 0x7E, 0x7B, 0xFE, 0xEE,
    0xD9, 0x28, 0x15, 0xEA, 0x42, 0xD1, 0x27, 0xD6, 0x15, 0x77, 0x89, 0xAE, 0xB9, 0x4B, 0x75, 0xC3,
    0x5D, 0xAE, 0x5B, 0xEE, 0xB4, 0xEE, 0xA8, 0x75, 0xB4, 0xEE, 0xA9, 0xF3, 0xF4, 0x57, 0x1A, 0xDD,
    0x53, 0xEE, 0x02, 0xFD, 0xA9, 0xCE, 0x14, 0x0D, 0xE2, 0xF1, 0x30, 0x11, 0x75, 0x25, 0x0D, 0xD2,
    0xBB, 0x3C, 0x4C, 0xD2, 0x29, 0xEE, 0x72, 0xEA, 0x68, 0x18, 0x1A, 0x31, 0xED, 0x78, 0x2C, 0x1E,
    0xCD, 0xE5, 0x6E, 0xA0, 0x41, 0xF8, 0xA3, 0x7C, 0x74, 0xBB, 0x50, 0x3F, 0xBF, 0x7C, 0xAC, 0x8B,
    0x50, 0xEF, 0xE8, 0x4A, 0x11, 0x6B, 0x7E, 0x49, 0x95, 0x0C, 0x8A, 0xEE, 0xAE, 0x93, 0x9E, 0x09,
    0x00, 0x6D, 0xF3, 0x8F, 0xD3, 0xA3, 0xF3, 0xE9, 0x11, 0xA5, 0xEC, 0x54, 0x96, 0x9D, 0xF9, 0x4D,
    0xEE, 0x74, 0x2E, 0x77, 0x3C, 0xB9, 0x16, 0x04, 0xD0, 0x0B, 0x35, 0xBF, 0x47, 0xEB, 0x2A, 0xEA,
    0x98, 0xE2, 0x9F, 0x83, 0x5E, 0x6E, 0x6E, 0x69, 0x5D, 0xF3, 0x2D, 0x75, 0xC4, 0x4D, 0x3A, 0xD0,
    0x35, 0xBA, 0xCA, 0x0D, 0xDD, 0xA7, 0x87, 0xC7, 0xD4, 0xE0, 0x07, 0x6A, 0x1A, 0xBA, 0x25, 0x69,
    0x5C, 0xFD, 0x2C, 0x69, 0xF7, 0x09, 0xC3, 0xAB, 0x41, 0xC6, 0xD4, 0xE0, 0x9A, 0x10, 0x63, 0x28,
    0x0B, 0x98, 0x65, 0xDC, 0xC9, 0xEC, 0xC2, 0x45, 0x97, 0x60, 0x0E, 0xEA, 0xB6, 0x3A, 0xFC, 0x98,
    0xF9, 0x45, 0xF2, 0xB8, 0x01, 0xCE, 0x74, 0x1B, 0xC0, 0x0D, 0x4B, 0xE0, 0x76, 0x23, 0x70, 0xA6,
    0x8B, 0x07, 0x97, 0x97, 0x81, 0x01, 0x8E, 0xE0, 0xE2, 0x65, 0x40, 0x43, 0xE5, 0x47, 0x81, 0xA3,
    0xB1, 0x18, 0xB8, 0xCC, 0x00, 0x17, 0x01, 0xB8, 0x32, 0x41, 0x37, 0x02, 0xE7, 0x6B, 0xCC, 0xB8,
    0xE4, 0x86, 0x49, 0x8C, 0x6A, 0x3B, 0xC9, 0x98, 0x17, 0x5E, 0x9A, 0x2D, 0x60, 0x3D, 0x09, 0x4C,
    0x43, 0x4E, 0x30, 0x55, 0x06, 0xA6, 0x00, 0x5C, 0x53, 0xB1, 0xB0, 0x39, 0x95, 0x8E, 0xC9, 0x73,
    0x7B, 0x4F, 0xF8, 0xF3, 0x93, 0xCF, 0xC1, 0x4F, 0x88, 0x85, 0xFE, 0xAA, 0x03, 0xF9, 0xF8, 0xE9,
    0x9D, 0x7B, 0xEA, 0xA7, 0x9B, 0x70, 0xC4, 0x16, 0x8E, 0x4A, 0xE4, 0xC8, 0xC0, 0xD1, 0x2C, 0xE0,
    0xE8, 0xE6, 0x70, 0xFC, 0x4E, 0x5E, 0xF7, 0x91, 0xC0, 0xE1, 0xB3, 0x38, 0x45, 0x02, 0x07, 0xCB,
    0x11, 0x8B, 0x53, 0xE7, 0x58, 0x39, 0xAA, 0x21, 0x47, 0x79, 0xBB, 0x80, 0xA3, 0xDF, 0x83, 0x23,
    0x9C, 0xE0, 0x08, 0xAC, 0x1C, 0x15, 0x2C, 0x47, 0x24, 0x4E, 0x69, 0x0F, 0x71, 0x02, 0xA5, 0x58,
    0x7D, 0x29, 0xA8, 0x06, 0xED, 0x1E, 0xBF, 0x5A, 0x85, 0x4C, 0xD5, 0x9D, 0xB8, 0xE1, 0xFB, 0xA6,
    0xE5, 0x99, 0x60, 0x06, 0xFA, 0x29, 0x46, 0x71, 0x75, 0xB6, 0xB2, 0x1E, 0x05, 0x35, 0xC0, 0x26,
    0xB8, 0x29, 0x00, 0xA7, 0x80, 0x9C, 0x12, 0xE8, 0x2C, 0x76, 0x68, 0x19, 0x3D, 0xDC, 0x59, 0x2B,
    0xE0, 0xA7, 0x00, 0xE0, 0xF8, 0xE5, 0xFB, 0x81, 0x21, 0xE6, 0x4A, 0xBF, 0x32, 0x8A, 0x74, 0xE7,
    0x90, 0x36, 0x6A, 0xC2, 0xD1, 0xAF, 0x84, 0xFB, 0x8D, 0x74, 0xCC, 0x59, 0xF5, 0x30, 0x10, 0x0D,
    0xE5, 0x18, 0xA9, 0x4B, 0x4A, 0x3B, 0x01, 0x47, 0x7F, 0x01, 0xC1, 0xA4, 0x75, 0xBE, 0x53, 0x1B,
    0x9F, 0x97, 0x95, 0x2B, 0x77, 0xA1, 0x10, 0xFD, 0x85, 0x42, 0x3C, 0x26, 0x57, 0xF9, 0xB6, 0x5C,
    0x49, 0xB7, 0x3B, 0x2A, 0x57, 0x83, 0x55, 0x88, 0x89, 0x1A, 0x11, 0x54, 0x46, 0x89, 0x33, 0x91,
    0xEF, 0x06, 0x90, 0x3C, 0xE7, 0x92, 0x21, 0x2C, 0x26, 0x08, 0xBF, 0x38, 0x1B, 0x08, 0xAD, 0xC6,
    0x8C, 0x44, 0x89, 0xC7, 0x02, 0x49, 0x2C, 0x33, 0x81, 0xE6, 0x73, 0x3B, 0x74, 0x81, 0xDE, 0x69,
    0x91, 0xA9, 0x7B, 0x90, 0xC5, 0x16, 0x10, 0x5E, 0x45, 0x16, 0x8B, 0x43, 0x59, 0xD4, 0x73, 0x59,
    0x74, 0x17, 0xB2, 0xE8, 0x5B, 0x59, 0xFC, 0x58, 0xAB, 0x49, 0x16, 0x07, 0x23, 0x8B, 0xDE, 0x5C,
    0x16, 0x5B, 0x2B, 0x8B, 0xC4, 0x2A, 0xE7, 0x50, 0x16, 0x87, 0x03, 0x59, 0x54, 0x56, 0x16, 0xFD,
    0x49, 0x16, 0x3B, 0x2B, 0x8B, 0x39, 0x13, 0x08, 0x4A, 0x34, 0xBF, 0xF9, 0x47, 0x10, 0x3C, 0x6A,
    0xBE, 0xEB, 0xD2, 0x9D, 0x83, 0xDF, 0x2A, 0x63, 0x5D, 0x79, 0xF1, 0xD0, 0x6D, 0x8E, 0xFE, 0x2D,
    0x09, 0xFB, 0xE0, 0x18, 0x4E, 0x9D, 0x52, 0x67, 0xEA, 0xB4, 0x35, 0x40, 0xE5, 0xE5, 0x27, 0xE0,
    0x94, 0x96, 0x55, 0xAE, 0x07, 0xE8, 0xEF, 0x8B, 0x66, 0x65, 0x11, 0xC9, 0xB5, 0x60, 0x30, 0xB0,
    0x66, 0x22, 0x39, 0x35, 0x1E, 0xFF, 0xB8, 0x83, 0x98, 0x02, 0xBC, 0xF5, 0x8F, 0x79, 0x20, 0xB1,
    0xE0, 0x95, 0xD3, 0xE3, 0x4A, 0xA3, 0x23, 0x86, 0xB7, 0x42, 0x8B, 0x80, 0xF7, 0xA2, 0x03, 0x6A,
    0x3F, 0x03, 0x49, 0x3A, 0x14, 0xF0, 0x02, 0x5E, 0x4E, 0x71, 0xEF, 0x03, 0xBC, 0x0E, 0x0C, 0x4C,
    0x3B, 0x88, 0xA1, 0x6E, 0x80, 0x21, 0xCF, 0xBA, 0x11, 0xD4, 0x5A, 0x41, 0xAD, 0x13, 0xD4, 0x7A,
    0x1A, 0xCB, 0x80, 0x77, 0x49, 0xE0, 0x29, 0x16, 0xBC, 0x50, 0x67, 0x8C, 0x1A, 0x61, 0xC8, 0x06,
    0x8D, 0x96, 0x02, 0x8B, 0x2E, 0x61, 0xA8, 0xE2, 0x32, 0xDC, 0xD1, 0x22, 0x48, 0x0A, 0x1E, 0x28,
    0xF3, 0x3A, 0x12, 0x4F, 0xAF, 0xF1, 0xDB, 0xC3, 0x69, 0x0D, 0x56, 0xC3, 0x86, 0x50, 0x05, 0x58,
    0x37, 0x9F, 0xD2, 0xCD, 0xC3, 0x52, 0x14, 0x4F, 0x64, 0xFA, 0xD2, 0xD1, 0xF4, 0xFD, 0x02, 0xAF,
    0x31, 0xFC, 0x0F, 0x2D, 0x93, 0x85, 0xAD, 0x4F, 0x7B, 0xE0, 0xB6, 0xA1, 0x1C, 0x16, 0x92, 0xF5,
    0x4D, 0xF0, 0x16, 0xD5, 0x1D, 0x65, 0xAC, 0x20, 0x8C, 0x20, 0x14, 0x28, 0xEB, 0xCF, 0x55, 0xF5,
    0x79, 0x56, 0xAE, 0xA5, 0x72, 0xC5, 0xBC, 0x85, 0x62, 0x1D, 0x13, 0x61, 0x45, 0x8E, 0xCE, 0xA8,
    0x0D, 0xB3, 0x02, 0x6E, 0x3D, 0x9C, 0xA3, 0xDB, 0x78, 0xF0, 0x73, 0xFA, 0x40, 0x04, 0xCB, 0xAA,
    0x4A, 0x88, 0x60, 0x34, 0x6C, 0x8A, 0x2C, 0xB1, 0x66, 0x27, 0x9D, 0x91, 0xF5, 0x62, 0x7A, 0xCE,
    0x11, 0x99, 0x75, 0xB5, 0x51, 0x00, 0x58, 0x24, 0xBE, 0x4E, 0xA1, 0x07, 0x74, 0xDC, 0xA3, 0xC3,
    0xD8, 0x71, 0x0F, 0xD1, 0x4D, 0xBA, 0x80, 0x87, 0x49, 0x3B, 0x88, 0xAE, 0x6E, 0xB1, 0x56, 0x98,
    0x3B, 0x15, 0x43, 0xCB, 0xB0, 0x62, 0x21, 0x34, 0x56, 0x66, 0x03, 0xE9, 0x42, 0x59, 0x24, 0x91,
    0xC8, 0x2C, 0x2F, 0x04, 0x1A, 0x8D, 0x17, 0x02, 0x89, 0x2E, 0x0B, 0x2B, 0x89, 0x2E, 0xBF, 0x1A,
    0x4B, 0x4E, 0x3D, 0x60, 0x52, 0x5A, 0xEB, 0x30, 0x80, 0xBD, 0xAC, 0x83, 0xDD, 0x85, 0x56, 0xF2,
    0x7A, 0xD2, 0xC1, 0x8E, 0xFE, 0xB1, 0xE6, 0xA9, 0xF4, 0x06, 0x7F, 0x7F, 0x45, 0x36, 0x4E, 0x2D,
    0xB3, 0xDF, 0x93, 0xD7, 0xE4, 0x6A, 0x66, 0xE9, 0x8D, 0xA9, 0x57, 0xC9, 0xDC, 0xF1, 0x51, 0xEE,
    0x1F, 0x66, 0x64, 0xF9, 0x9D, 0x0B, 0xA5, 0x33, 0xF8, 0xFD, 0xE4, 0x76, 0x5A, 0x33, 0x18, 0x6C,
    0x3B, 0x40, 0xC4, 0xC3, 0x15, 0xF3, 0x99, 0xEF, 0x99, 0xCF, 0x76, 0x6E, 0x3E, 0x5F, 0xF4, 0x93,
    0xF9, 0x9C, 0x69, 0xE0, 0x8C, 0x5D, 0x1F, 0xCF, 0x6A, 0x60, 0x98, 0x4F, 0x68, 0xE0, 0x99, 0xF9,
    0x6C, 0xAC, 0xF9, 0xF4, 0x66, 0xDD, 0xB0, 0xD4, 0xC0, 0x3B, 0xD1, 0xC0, 0x2B, 0xE6, 0x93, 0x1C,
    0x21, 0x15, 0x8F, 0x6E, 0x2C, 0xCC, 0x28, 0x18, 0x12, 0x76, 0xD3, 0x0A, 0x3F, 0x37, 0x34, 0xD7,
    0xC3, 0xBE, 0x68, 0x2D, 0xEC, 0xFB, 0xFE, 0x9C, 0xFE, 0x8E, 0x3D, 0x02, 0x22, 0xCA, 0x1B, 0x26,
    0x2D, 0x6B, 0x35, 0x70, 0xB0, 0xAD, 0xB1, 0x6F, 0x5C, 0x9C, 0xB8, 0x63, 0x16, 0x55, 0x36, 0x4E,
    0x0C, 0xC7, 0x60, 0x11, 0x3C, 0xB1, 0x81, 0xB0, 0x3B, 0x47, 0xB3, 0x7B, 0xF3, 0x68, 0x8E, 0xA1,
    0x64, 0x9A, 0xFD, 0x00, 0xA8, 0x34, 0xF9, 0xE4, 0x1D, 0x05, 0x75, 0x0E, 0xED, 0x56, 0x05, 0xD5,
    0x4C, 0x1A, 0x5B, 0x17, 0xDC, 0xED, 0x7D, 0xE3, 0x78, 0xB6, 0x02, 0x00, 0x6E, 0x79, 0xFF, 0x88,
    0x34, 0xDE, 0x2C, 0x7F, 0x28, 0x79, 0x46, 0x71, 0x25, 0x73, 0x99, 0x47, 0xD8, 0x79, 0xED, 0xFB,
    0xED, 0x19, 0xCA, 0xA0, 0x91, 0x25, 0x4F, 0xE2, 0x79, 0x35, 0x6A, 0xC6, 0xE6, 0x8A, 0xB2, 0xF4,
    0x8D, 0x70, 0x7F, 0x18, 0xAC, 0xDD, 0xF5, 0x81, 0xF5, 0x4A, 0x9E, 0x0F, 0x38, 0xB5, 0xDA, 0x18,
    0x1A, 0x0E, 0x1B, 0x2D, 0xD1, 0xE9, 0x61, 0x73, 0xE4, 0x89, 0xF5, 0x77, 0xBC, 0xA4, 0x8F, 0x76,
    0x7F, 0xC7, 0x6B, 0x40, 0x88, 0xCE, 0x18, 0xDC, 0x8A, 0x59, 0xD7, 0x52, 0x18, 0x9C, 0x77, 0xB4,
    0x1A, 0xA2, 0x21, 0x6D, 0xE9, 0x99, 0x9C, 0x87, 0x9E, 0x9A, 0xB4, 0x85, 0x87, 0xC4, 0xCD, 0xA0,
    0xBE, 0x4D, 0xCF, 0x3F, 0xD7, 0x15, 0x4B, 0x67, 0xC3, 0x03, 0x94, 0xB4, 0x06, 0x61, 0x22, 0x9F,
    0x2D, 0xF0, 0x49, 0xF9, 0x95, 0xBC, 0xD4, 0xD8, 0x5A, 0xCE, 0x1A, 0x5C, 0xC3, 0xAF, 0xA0, 0x2A,
    0xE0, 0x45, 0x1D, 0x4C, 0x4A, 0x37, 0x3C, 0x50, 0xBA, 0xE2, 0x77, 0x5C, 0x2B, 0x8B, 0x5D, 0xAC,
    0x53, 0x17, 0x12, 0xE7, 0x8A, 0xD8, 0x42, 0x9F, 0x2A, 0x38, 0xAE, 0x2A, 0xC0, 0x72, 0x89, 0xAA,
    0xFD, 0x25, 0x7A, 0xFF, 0x2E, 0x2C, 0xE0, 0x20, 0x63, 0x97, 0x90, 0xA5, 0x06, 0x2E, 0x63, 0xC7,
    0xFA, 0x95, 0xC4, 0x27, 0x61, 0x47, 0x52, 0xA5, 0xAC, 0xF9, 0x32, 0x70, 0xBA, 0x98, 0xB7, 0x60,
    0xBB, 0xF0, 0x9D, 0x19, 0xFF, 0x1D, 0x1E, 0xEC, 0x79, 0xDE, 0x40, 0x31, 0x76, 0x26, 0x01, 0xC2,
    0xD9, 0x8D, 0x8C, 0x53, 0x22, 0x80, 0xE8, 0x59, 0x3C, 0x01, 0x4B, 0x11, 0x61, 0x74, 0x10, 0x11,
    0x5E, 0x2F, 0x1F, 0x99, 0x56, 0xD7, 0xD0, 0xD7, 0x1F, 0x4A, 0x34, 0xAF, 0xCD, 0xD8, 0xA4, 0x36,
    0x76, 0x3C, 0xC9, 0x92, 0x65, 0xB6, 0xA1, 0xA9, 0xE7, 0x1D, 0x4D, 0x3B, 0xEE, 0x68, 0xF8, 0x10,
    0x43, 0xCD, 0x3F, 0xB5, 0x8D, 0x31, 0x48, 0x77, 0xDD, 0x21, 0x7D, 0x71, 0xA9, 0x4B, 0x66, 0x71,
    0xED, 0x23, 0x89, 0x04, 0x09, 0x09, 0x8C, 0xDB, 0xEA, 0x40, 0x8D, 0x04, 0x50, 0x9C, 0xC2, 0x9B,
    0xB4, 0xE1, 0x78, 0x8B, 0xB0, 0x71, 0xA1, 0x95, 0x17, 0x69, 0x47, 0xCE, 0x59, 0xF9, 0x1B, 0x61,
    0xA9, 0xCC, 0x67, 0xB3, 0x1D, 0x53, 0x55, 0xAB, 0x2D, 0x68, 0xDE, 0x6C, 0xBF, 0xEE, 0xD9, 0x23,
    0xEF, 0x7D, 0xD5, 0x04, 0x2B, 0x66, 0xBA, 0x99, 0x9D, 0x63, 0x58, 0x80, 0x8B, 0x00, 0x83, 0xE5,
    0x57, 0x22, 0xF3, 0xD6, 0x28, 0x60, 0xA3, 0x00, 0x8E, 0x02, 0x3A, 0x4A, 0xEC, 0xC5, 0xA2, 0xAD,
    0xA7, 0x30, 0x10, 0x18, 0x09, 0x48, 0x10, 0x84, 0x5A, 0x09, 0x4C, 0x82, 0xD3, 0x08, 0x94, 0xE4,
    0x57, 0x43, 0x40, 0x14, 0xF2, 0x4A, 0xF9, 0x25, 0x27, 0x57, 0x5D, 0xFD, 0x43, 0xBA, 0x35, 0x24,
    0xEF, 0xAD, 0x42, 0x2A, 0x63, 0xA4, 0xDC, 0xB9, 0x59, 0x18, 0x2D, 0x72, 0xA7, 0xF5, 0x2C, 0x77,
    0x3A, 0x6C, 0xE6, 0x4E, 0xCF, 0x0A, 0x1D, 0x49, 0x9D, 0x8A, 0x87, 0x68, 0xC3, 0xB5, 0x82, 0xED,
    0x0B, 0xB5, 0x92, 0x35, 0x8D, 0x91, 0x34, 0x45, 0xCE, 0x54, 0xDC, 0x1D, 0xE7, 0x20, 0x63, 0x2A,
    0x5E, 0xC6, 0x66, 0x7B, 0x52, 0x74, 0xB6, 0xDF, 0x7B, 0x98, 0x16, 0x75, 0x17, 0x69, 0x51, 0x1D,
    0x5C, 0x2D, 0x2D, 0x7A, 0x5A, 0x55, 0xF6, 0x35, 0x7A, 0xFE, 0x8F, 0x36, 0x0C, 0x0D, 0x67, 0x09,
    0xA4, 0x7E, 0x55, 0x97, 0x5D, 0xAF, 0x3D, 0x58, 0x4B, 0x63, 0xD6, 0x57, 0x49, 0x63, 0x5E, 0x0F,
    0xDB, 0x57, 0x33, 0x73, 0x5F, 0xB2, 0x8F, 0xAC, 0xCE, 0x8C, 0xB1, 0x2F, 0xE7, 0x13, 0x22, 0xD3,
    0x33, 0x46, 0xC0, 0x11, 0xEB, 0x92, 0xFC, 0x9F, 0x9A, 0x66, 0x9A, 0xE5, 0xC5, 0x01, 0x14, 0xE7,
    0xE3, 0x40, 0xBA, 0x70, 0xA9, 0x38, 0x23, 0xD7, 0x89, 0x3F, 0xC6, 0x7F, 0xEC, 0x3F, 0xDE, 0xDE,
    0xCD, 0x61, 0x28, 0xE6, 0x7F, 0x8F, 0xF4, 0xF3, 0x8C, 0xE5, 0xF7, 0x55, 0xFF, 0xF8, 0xF9, 0xFD,
    0x31, 0x3D, 0xDE, 0x77, 0x29, 0x39, 0x71, 0x10, 0xD5, 0xFC, 0xFE, 0xB8, 0x9A, 0x6F, 0x2C, 0x53,
    0xCC, 0x3C, 0x7E, 0xEF, 0xCF, 0x76, 0xA9, 0x8E, 0x7F, 0xDF, 0x04, 0xDD, 0x73, 0x4E, 0x3B, 0xE0,
    0x65, 0x3D, 0xFE, 0x81, 0xC9, 0x8C, 0x40, 0x4A, 0xC1, 0x58, 0x49, 0x57, 0xE4, 0xCB, 0x97, 0xD3,
    0x39, 0x77, 0x8B, 0xF1, 0xFB, 0x88, 0x83, 0xEF, 0x2B, 0x7D, 0xC7, 0xB7, 0xAE, 0x8D, 0x7C, 0xA1,
    0x1F, 0x40, 0xBE, 0xB0, 0x88, 0x53, 0x90, 0xE9, 0x4A, 0xE2, 0xD5, 0xD7, 0xC3, 0x23, 0x64, 0x5C,
    0xE9, 0x46, 0xF2, 0x9C, 0x4D, 0x3A, 0xA0, 0x43, 0x72, 0x2E, 0x97, 0x1C, 0xAB, 0x86, 0x7B, 0x53,
    0x19, 0x09, 0x39, 0xDA, 0xC9, 0x9D, 0xE6, 0x39, 0x33, 0x8A, 0x19, 0xD3, 0xBC, 0xC1, 0xBC, 0xCF,
    0xBC, 0xDD, 0xD0, 0x62, 0x29, 0xA3, 0xFF, 0x7C, 0xB0, 0x62, 0x8C, 0x5F, 0xAD, 0x30, 0x44, 0x5E,
    0x92, 0xB1, 0x1C, 0x55, 0xB1, 0xD1, 0x57, 0xBA, 0x23, 0xDA, 0x92, 0x9E, 0x17, 0x15, 0xAB, 0x8C,
    0x50, 0x2F, 0x9A, 0x48, 0xB3, 0x36, 0x1B, 0x48, 0x5F, 0xA5, 0xA4, 0x34, 0x1F, 0xE9, 0x36, 0x9A,
    0xEB, 0x2B, 0xCD, 0xA9, 0x9D, 0x4A, 0xBD, 0xA4, 0x16, 0x30, 0x3B, 0x67, 0x23, 0xB9, 0xB0, 0x96,
    0xDF, 0x8A, 0x17, 0x19, 0xC2, 0x58, 0x46, 0x15, 0xEF, 0x72, 0x6D, 0x0F, 0xF4, 0x86, 0xE1, 0xE7,
    0x1D, 0xAF, 0x0F, 0x49, 0xD6, 0xEA, 0x43, 0x4E, 0x89, 0x56, 0x50, 0x2C, 0xD8, 0x5C, 0x8D, 0x8E,
    0xA2, 0xDB, 0x7A, 0x82, 0x1E, 0xF6, 0x48, 0x52, 0x13, 0x8F, 0xC2, 0x3F, 0x0C, 0x06, 0xF8, 0xF6,
    0xEF, 0x7D, 0xCE, 0x8E, 0xE3, 0xC6, 0xE7, 0xC6, 0x49, 0x55, 0x28, 0x5E, 0x65, 0x39, 0x3A, 0x64,
    0x8E, 0x89, 0x65, 0xA8, 0xF9, 0x80, 0xF3, 0xEC, 0x0E, 0xE4, 0x48, 0xA2, 0x98, 0x58, 0x62, 0x81,
    0x2F, 0x87, 0xB1, 0xFC, 0x62, 0xBB, 0xC6, 0xA0, 0x93, 0x1A, 0x83, 0x0C, 0xFE, 0x6D, 0x85, 0x1A,
    0x03, 0xF8, 0xC9, 0xF4, 0x03, 0x20, 0x54, 0xC0, 0x10, 0xDE, 0xB2, 0xDE, 0x6F, 0x23, 0x0D, 0x5F,
    0x7A, 0x50, 0x40, 0x52, 0x01, 0x4A, 0x53, 0x81, 0x30, 0xFA, 0xC9, 0x5A, 0x1D, 0xC2, 0x69, 0x8B,
    0xAB, 0x90, 0xA2, 0xFB, 0x0C, 0x68, 0x05, 0x52, 0x0B, 0x92, 0xE8, 0x2C, 0x2D, 0x6C, 0x42, 0xD5,
    0xD3, 0x11, 0xDF, 0x11, 0x1D, 0xDB, 0xA6, 0xBE, 0x69, 0x40, 0x4A, 0xA8, 0x23, 0x6E, 0x44, 0x7E,
    0x10, 0xEA, 0xA8, 0xCB, 0xB3, 0x87, 0xD0, 0xB8, 0xD6, 0x7B, 0x65, 0x22, 0x0C, 0x9A, 0xD3, 0x48,
    0x99, 0x08, 0xF9, 0x96, 0xBC, 0xE3, 0xA4, 0x7F, 0x2D, 0x79, 0x9E, 0x0A, 0x48, 0x5E, 0x60, 0x9B,
    0xAF, 0x47, 0xFD, 0xD9, 0xED, 0xBB, 0x6B, 0x9A, 0xF2, 0xA6, 0x21, 0x39, 0x0B, 0x8B, 0x06, 0x5B,
    0x2D, 0x42, 0x08, 0xAA, 0x77, 0xBD, 0x7E, 0x16, 0x16, 0xC1, 0x6C, 0xB0, 0x7F, 0xAE, 0xF4, 0x13,
    0xBD, 0x63, 0xC7, 0xB8, 0x78, 0x83, 0x1A, 0x34, 0xDF, 0xC5, 0xE0, 0x3E, 0xB6, 0x45, 0x02, 0x41,
    0x32, 0xAC, 0x73, 0x36, 0x6F, 0x51, 0x19, 0x54, 0x2B, 0x4B, 0x4A, 0x5C, 0xCE, 0xA0, 0x9F, 0xEF,
    0x79, 0xAC, 0x63, 0xE8, 0xDC, 0x78, 0x0C, 0xE3, 0x32, 0xC8, 0x88, 0xCF, 0x49, 0xE1, 0xC0, 0x6B,
    0xED, 0x62, 0x0E, 0x1D, 0xBD, 0xCD, 0x68, 0x6B, 0x1F, 0x4D, 0xF5, 0xA6, 0xD1, 0x74, 0x5B, 0xE3,
    0x90, 0x88, 0xC8, 0x19, 0x9B, 0xF7, 0x02, 0x36, 0x4F, 0xF6, 0x23, 0xDF, 0x7B, 0xA8, 0xDE, 0x22,
    0x9B, 0xF7, 0x5A, 0x45, 0x23, 0x1F, 0x28, 0x63, 0x13, 0xA1, 0x4F, 0xA1, 0x4E, 0xB9, 0x6E, 0x92,
    0x0B, 0x7D, 0x8A, 0x8D, 0xAD, 0x93, 0xF3, 0x70, 0x3B, 0x4D, 0x52, 0x76, 0xF4, 0x30, 0xDB, 0x59,
    0xD1, 0x88, 0xA1, 0xDD, 0x1F, 0xEC, 0x22, 0x30, 0x5D, 0x2C, 0xAE, 0x2A, 0x97, 0x95, 0x5E, 0x4C,
    0xD5, 0x18, 0x52, 0xE9, 0xA7, 0x0B, 0x53, 0x12, 0x07, 0xAE, 0xB7, 0x82, 0xF2, 0xA0, 0x62, 0x2D,
    0xA5, 0x19, 0xC0, 0x27, 0x13, 0xB4, 0x0A, 0xC1, 0xAE, 0x94, 0xA8, 0x72, 0x1B, 0x6C, 0xE7, 0xEA,
    0x28, 0xF7, 0x76, 0x2B, 0x13, 0xB4, 0x94, 0x07, 0x28, 0x3B, 0xED, 0xB4, 0x79, 0x20, 0xD5, 0x13,
    0xB2, 0xD7, 0xA4, 0xCB, 0x0F, 0x3F, 0x23, 0x5C, 0x4C, 0xCD, 0x4C, 0x32, 0xE5, 0xE4, 0x88, 0x2E,
    0xE2, 0x2A, 0x0D, 0x85, 0x82, 0x85, 0x2C, 0x30, 0xE5, 0x26, 0x30, 0x79, 0x9A, 0x57, 0x55, 0xDE,
    0x61, 0x17, 0x0F, 0x46, 0x6D, 0xD5, 0xE4, 0x71, 0xBB, 0x67, 0xF2, 0xBA, 0x23, 0x26, 0xEF, 0x8E,
    0x80, 0x22, 0x1C, 0x36, 0x09, 0x23, 0xC7, 0xC0, 0x9A, 0x36, 0x56, 0x5D, 0xBE, 0x25, 0x78, 0xCC,
    0x93, 0xE5, 0x52, 0x8D, 0x1D, 0xCB, 0xEE, 0x8E, 0x56, 0x84, 0x87, 0x3A, 0x07, 0x3C, 0x42, 0x1B,
    0x96, 0x95, 0xB3, 0xB0, 0x6C, 0xBF, 0x70, 0xA3, 0xC4, 0x5D, 0xF7, 0x2D, 0x1E, 0x91, 0x51, 0x99,
    0xC3, 0x02, 0x8F, 0x46, 0xF0, 0x28, 0xCF, 0x18, 0x0F, 0xA9, 0x32, 0x41, 0xB5, 0x80, 0x89, 0xC8,
    0xCC, 0x4C, 0x43, 0xF3, 0x6F, 0xF2, 0xA5, 0xC8, 0xEB, 0x62, 0x3C, 0x6E, 0x1B, 0x54, 0x52, 0x41,
    0xA5, 0x9E, 0xA1, 0x52, 0x9C, 0x1E, 0x15, 0x5D, 0xA6, 0x53, 0xE5, 0x45, 0x28, 0x5D, 0x54, 0x5D,
    0x34, 0x4B, 0xB9, 0xB0, 0x38, 0xF4, 0x6B, 0x38, 0x9C, 0xB5, 0x5C, 0x34, 0x51, 0x26, 0xC9, 0x33,
    0x53, 0x91, 0xCD, 0x25, 0x15, 0x73, 0x59, 0xD8, 0xE2, 0xBA, 0x3E, 0x29, 0xD7, 0x27, 0xCE, 0xDE,
    0x78, 0x43, 0xF0, 0x9A, 0xE6, 0x5E, 0x41, 0x3F, 0xA9, 0x33, 0xD0, 0x4F, 0x07, 0xB3, 0x10, 0x42,
    0x85, 0xEA, 0x79, 0x2B, 0xD7, 0x71, 0x8F, 0xEC, 0xD2, 0xBC, 0x81, 0xD6, 0x01, 0x52, 0x0C, 0x54,
    0x8F, 0xAA, 0x21, 0xFD, 0x3C, 0x17, 0x87, 0x47, 0x2A, 0x5A, 0xA4, 0xD8, 0x05, 0x05, 0x08, 0x07,
    0x65, 0xA6, 0x48, 0x73, 0x4A, 0xAE, 0xD9, 0x33, 0xE1, 0xF9, 0xD4, 0xCA, 0x75, 0xDC, 0x63, 0x8A,
    0x49, 0x5E, 0xBE, 0xE1, 0xC5, 0xD4, 0x7A, 0x9C, 0xEA, 0x7D, 0xCC, 0xC9, 0x61, 0xE2, 0x6F, 0x22,
    0x65, 0x2A, 0x1D, 0x97, 0xA6, 0x94, 0x8B, 0x4A, 0x1A, 0xBF, 0xB1, 0xDB, 0x6E, 0x89, 0x5E, 0x34,
    0xB8, 0xE6, 0x4B, 0x71, 0x64, 0x06, 0xC2, 0xE4, 0xC0, 0xC9, 0x95, 0x6B, 0x14, 0xD4, 0xF9, 0xC2,
    0x11, 0x4A, 0x95, 0xAE, 0xF5, 0x1E, 0xC5, 0x4C, 0xA3, 0x34, 0x84, 0x03, 0x6E, 0x35, 0xAC, 0xCD,
    0xE3, 0x24, 0x50, 0x40, 0xB0, 0x3E, 0x91, 0x25, 0x2E, 0x52, 0xE8, 0x19, 0x41, 0x1D, 0xE6, 0xD5,
    0xB0, 0xF7, 0x33, 0x6B, 0x96, 0x4D, 0x37, 0x1E, 0xF3, 0x92, 0xBD, 0xC9, 0x4A, 0xBA, 0x42, 0xBA,
    0xB1, 0x16, 0xD5, 0x14, 0xC1, 0x9D, 0xA6, 0x63, 0x75, 0x20, 0x2C, 0x57, 0xC2, 0x73, 0x25, 0x4C,
    0x97, 0xC2, 0x65, 0x65, 0xD9, 0x6E, 0xF8, 0x3E, 0xCA, 0x81, 0x9B, 0x4D, 0x46, 0x77, 0xA1, 0x5C,
    0x32, 0x14, 0x6A, 0x1F, 0x51, 0x3E, 0xD8, 0xB4, 0x2A, 0xD0, 0xEE, 0xB8, 0xED, 0xD5, 0x95, 0xF7,
    0x3C, 0xC6, 0x2F, 0xDB, 0x15, 0xE0, 0xA1, 0x00, 0x88, 0x02, 0x22, 0x2A, 0x31, 0x07, 0x7E, 0x3A,
    0x1C, 0xFE, 0xA9, 0xF8, 0x85, 0x61, 0x31, 0xE7, 0xB3, 0xB8, 0x6E, 0xD6, 0x34, 0xD8, 0xB8, 0xE7,
    0xC3, 0x07, 0x6F, 0x0B, 0x2A, 0xE2, 0x99, 0x6B, 0x35, 0x02, 0x61, 0x0F, 0x5E, 0x49, 0x01, 0x61,
    0x77, 0x2E, 0xA8, 0x28, 0x1B, 0x34, 0x34, 0x6A, 0xD2, 0x45, 0x46, 0x19, 0x19, 0x6D, 0x64, 0xD4,
    0x11, 0xEB, 0xA3, 0xF0, 0xED, 0x00, 0x07, 0xCA, 0x4A, 0xB4, 0x95, 0xB5, 0xD8, 0x69, 0x31, 0x15,
    0x55, 0x43, 0x63, 0x91, 0xCA, 0x5A, 0xF1, 0xA1, 0xE6, 0xE0, 0x64, 0xA7, 0x04, 0x07, 0x7A, 0x2C,
    0x68, 0x5C, 0xEC, 0x6C, 0xE8, 0x8F, 0xB0, 0xEB, 0x2D, 0x99, 0x67, 0x4D, 0xB3, 0x7C, 0xE7, 0xAE,
    0xEA, 0xD5, 0x9F, 0xD6, 0x65, 0x25, 0x37, 0x70, 0x94, 0x37, 0x05, 0x0E, 0x29, 0x84, 0xF5, 0xD1,
    0x86, 0xE6, 0xF0, 0x80, 0xDA, 0x66, 0x7E, 0x79, 0x7A, 0xE6, 0x8B, 0x64, 0x4C, 0x9C, 0xBD, 0xF1,
    0x26, 0x62, 0xC5, 0x5B, 0xB2, 0x6E, 0x91, 0xF8, 0x48, 0x7B, 0x9D, 0xF9, 0x6D, 0xDA, 0x3E, 0xBE,
    0x4E, 0x6D, 0xD5, 0x8A, 0x40, 0xEC, 0x57, 0x2B, 0x8B, 0x23, 0x25, 0xE5, 0x4D, 0x70, 0xAF, 0x16,
    0xAD, 0x5C, 0x97, 0x7B, 0xD4, 0xAF, 0xD4, 0xA4, 0x8D, 0xC7, 0xD3, 0x31, 0xB9, 0xB8, 0x57, 0x71,
    0x33, 0xD7, 0x78, 0xAB, 0x07, 0x97, 0xCC, 0xC9, 0x92, 0x8C, 0x73, 0xCE, 0x21, 0x58, 0x8E, 0xE2,
    0x8B, 0xBC, 0xC7, 0xD9, 0x4C, 0x64, 0xEF, 0x40, 0x3C, 0x0E, 0x24, 0xA1, 0xD6, 0xC4, 0x24, 0xCF,
    0x2E, 0xF4, 0x94, 0xD4, 0xF4, 0xC6, 0xAA, 0xEF, 0x66, 0xCA, 0x5B, 0xDB, 0x92, 0xFD, 0xD8, 0xC6,
    0x12, 0xEA, 0xF5, 0x3B, 0x0E, 0x06, 0x55, 0x32, 0x9E, 0x73, 0x89, 0xA6, 0x73, 0x2E, 0x97, 0x07,
    0x27, 0x08, 0x52, 0xAE, 0x6D, 0xA5, 0x08, 0x23, 0xE9, 0x29, 0x84, 0x48, 0xBA, 0x90, 0xCB, 0x5B,
    0x11, 0x58, 0xF8, 0x2C, 0x60, 0x9E, 0xFE, 0x33, 0x27, 0x20, 0x9E, 0x70, 0xC2, 0xF0, 0x6F, 0x34,
    0xFD, 0xFC, 0xDF, 0x1A, 0x11, 0x12, 0x93, 0x3D, 0x30, 0xD1, 0x5C, 0xC2, 0xC1, 0xD3, 0x0F, 0xA4,
    0xEE, 0xBB, 0x96, 0xFA, 0x7E, 0xB1, 0xE6, 0x9C, 0x93, 0x76, 0x1F, 0x73, 0x34, 0xAA, 0x51, 0x79,
    0x8E, 0xE2, 0xFF, 0xC6, 0x54, 0x06, 0x99, 0x13, 0x1D, 0x11, 0x16, 0x6E, 0x11, 0xE2, 0xFC, 0x70,
    0xE6, 0x01, 0x73, 0x54, 0xEE, 0xC2, 0xBB, 0xEC, 0x1C, 0x44, 0x64, 0x3D, 0x58, 0x1B, 0xEB, 0x40,
    0x78, 0xFA, 0x7B, 0x7E, 0xDE, 0x97, 0xA8, 0xC6, 0xF0, 0x54, 0x8D, 0x27, 0x25, 0xEA, 0xD9, 0xF9,
    0x87, 0x48, 0x2C, 0xDB, 0xFF, 0x85, 0xA7, 0xAF, 0x17, 0x01, 0x12, 0x75, 0x31, 0x9F, 0x66, 0x4B,
    0xFA, 0x84, 0xA3, 0x34, 0x62, 0x75, 0x2E, 0x5C, 0x0E, 0xB5, 0xC3, 0xAC, 0xFE, 0x0D, 0x97, 0x56,
    0x3C, 0xE1, 0x10, 0xF8, 0x09, 0xD1, 0xAC, 0xFF, 0xA1, 0x4D, 0xD4, 0x96, 0x4A, 0x4D, 0x7D, 0x67,
    0x52, 0xC4, 0x48, 0x27, 0xA1, 0xF1, 0xA5, 0xD2, 0xA6, 0x90, 0x62, 0xFB, 0x5B, 0x8F, 0x51, 0x0C,
    0x3B, 0xF8, 0x4D, 0xA0, 0xBB, 0xA8, 0x0F, 0xD8, 0x21, 0x0E, 0x74, 0xB6, 0x12, 0x77, 0x88, 0xDD,
    0xE3, 0xE8, 0x77, 0x46, 0xA9, 0x3D, 0x49, 0x64, 0x3A, 0x73, 0xCC, 0xE4, 0xDE, 0xA1, 0xD6, 0x18,
    0x70, 0xEC, 0x2B, 0x01, 0xFC, 0x78, 0x38, 0x47, 0x2D, 0x8D, 0xC2, 0x91, 0xAC, 0x1A, 0x05, 0xD7,
    0x5C, 0x23, 0x84, 0x23, 0x0A, 0xA1, 0x1C, 0x88, 0x8E, 0xE4, 0x7F, 0x55, 0x90, 0x18, 0x39, 0xE8,
    0x17, 0x72, 0x50, 0x9F, 0x56, 0x0E, 0xC4, 0xED, 0x7A, 0xE9, 0x3A, 0x70, 0x23, 0x16, 0x72, 0x32,
    0x90, 0xA0, 0x82, 0x60, 0x98, 0x24, 0x04, 0x79, 0x0C, 0xA4, 0x7C, 0x21, 0x1B, 0x48, 0x44, 0xF0,
    0x71, 0xC3, 0xBF, 0x30, 0x16, 0xFA, 0xEF, 0x4C, 0x7F, 0xFE, 0x2F, 0x9C, 0x4A, 0xFC, 0xAF, 0x30,
    0x1E, 0xE7, 0x15, 0xB5, 0x84, 0x45, 0x72, 0xDA, 0xA6, 0x1D, 0x13, 0x65, 0x9E, 0xEC, 0x99, 0x98,
    0x80, 0x95, 0x4B, 0x06, 0x58, 0x52, 0x44, 0x54, 0xA8, 0x15, 0x3E, 0x35, 0x63, 0x3D, 0xF0, 0xDE,
    0xD1, 0xEA, 0xE0, 0xD8, 0xD1, 0x6A, 0xB3, 0xFF, 0x82, 0x24, 0x24, 0x9F, 0xB9, 0x8C, 0x66, 0x3A,
    0xAB, 0x64, 0x9D, 0x05, 0x35, 0xDB, 0x8D, 0x3A, 0x2B, 0xEF, 0x7C, 0x29, 0xD3, 0x0B, 0xA5, 0x52,
    0xF2, 0x7A, 0x74, 0xD6, 0x7F, 0x78, 0xF7, 0x3D, 0xC7, 0x0B, 0x24, 0x91, 0xD5, 0x07, 0xC3, 0x71,
    0x64, 0x34, 0x90, 0xE9, 0x37, 0x90, 0x61, 0x8B, 0xF1, 0xD7, 0x2D, 0x64, 0xF4, 0x51, 0x64, 0xEA,
    0x03, 0x64, 0xB2, 0x7D, 0x64, 0xDA, 0x11, 0x99, 0xFF, 0x01, 0xA5, 0x52, 0x4B, 0x72, 0x83, 0x30,
    0x0C, 0x55, 0xC2, 0x74, 0x58, 0x64, 0xE1, 0x23, 0x70, 0x04, 0x8E, 0x60, 0x76, 0x5D, 0xF4, 0x50,
    0x70, 0x9C, 0x0C, 0x3D, 0x84, 0xE9, 0x0D, 0x98, 0x9E, 0xC0, 0xEB, 0xAE, 0xBC, 0x60, 0xC1, 0x74,
    0x0C, 0xEA, 0x93, 0x4C, 0x20, 0x21, 0xFD, 0x4D, 0xEB, 0x44, 0x06, 0x59, 0x4F, 0x4F, 0xF2, 0x13,
    0x6D, 0x7B, 0x66, 0x8E, 0xEB, 0xBF, 0xC5, 0xE2, 0xDD, 0x6A, 0xD3, 0x6A, 0x16, 0xB7, 0xFB, 0xEA,
    0x99, 0x87, 0x53, 0x30, 0x7D, 0xD1, 0xD9, 0xC6, 0x7A, 0x37, 0x80, 0x0E, 0xBF, 0x7A, 0x28, 0xFA,
    0xA2, 0xAF, 0x17, 0xCF, 0x8D, 0xA5, 0x60, 0xBC, 0x62, 0xAA, 0xBB, 0xF3, 0x94, 0x5B, 0xE5, 0x41,
    0x98, 0xC4, 0x97, 0x13, 0x3D, 0x03, 0xA3, 0x70, 0x5E, 0x58, 0x2F, 0xDC, 0x89, 0x3D, 0x55, 0xA8,
    0x6F, 0x62, 0x6E, 0x14, 0xCE, 0x32, 0xF1, 0xF8, 0x2B, 0x9E, 0x4A, 0xEA, 0xFE, 0x80, 0xEF, 0x6F,
    0xF1, 0x94, 0x71, 0x47, 0xDF, 0x6F, 0x72, 0xFF, 0xB8, 0xDB, 0xDA, 0x67, 0x7E, 0x3B, 0xFF, 0x22,
    0xF7, 0xDF, 0xDB, 0x2F, 0x8A, 0xFF, 0xB1, 0xBF, 0x23, 0x37, 0x86, 0x83, 0x85, 0x3C, 0x3C, 0x5F,
    0x7F, 0x11, 0x70, 0x71, 0x88, 0x10, 0x00, 0x45, 0x7F, 0x98, 0x48, 0x04, 0xCD, 0xB9, 0x12, 0x4D,
    0x0D, 0x3E, 0x88, 0x78, 0xFB, 0x58, 0x62, 0x0B, 0x92, 0xDC, 0x28, 0xEC, 0x0D, 0xC9, 0xCA, 0x99,
    0x2B, 0x32, 0xAC, 0xEF, 0x54, 0x30, 0xF7, 0x54, 0xC4, 0xE4, 0x58, 0xE6, 0x40, 0x76, 0x4C, 0x8E,
    0x7B, 0x47, 0x12, 0x7C, 0x5D, 0xDC, 0x99, 0x78, 0x94, 0x16, 0xD5, 0xA1, 0x2C, 0x66, 0xE0, 0x58,
    0x9D, 0x0B, 0x99, 0xC2, 0xCA, 0x85, 0x4C, 0x09, 0xEC, 0x40, 0x1B, 0x35, 0xFB, 0x07, 0x24, 0xC1,
    0x50, 0xF4, 0x95, 0x5F, 0x78, 0xA2, 0x03, 0x0C, 0xED, 0x3C, 0xF2, 0x13, 0x73, 0x73, 0x82, 0xA1,
    0x51, 0x33, 0x97, 0xCC, 0x5E, 0x0C, 0x69, 0x65, 0x94, 0x44, 0xED, 0x8B, 0xA8, 0x0E, 0xCE, 0x97,
    0xA3, 0x98, 0x94, 0xF2, 0xC8, 0x88, 0x62, 0xAA, 0x9B, 0xB4, 0x21, 0x26, 0xD7, 0xA3, 0xCD, 0x31,
    0xB3, 0xF6, 0x24, 0x86, 0x1E, 0xA2, 0xF6, 0xA4, 0x17, 0x23, 0x17, 0x68, 0xA3, 0x16, 0x0D, 0x20,
    0x84, 0x8A, 0x21, 0x43, 0xC8, 0x98, 0xD5, 0xE8, 0x24, 0x37, 0x53, 0xF8, 0x28, 0x5A, 0x55, 0x64,
    0x67, 0xA0, 0x23, 0x1A, 0x0F, 0x00, 0x78, 0xC8, 0xD8, 0x51, 0x09, 0x8C, 0x1C, 0xDB, 0x89, 0xF4,
    0xDD, 0x28, 0x81, 0x07, 0x66, 0x50, 0xAC, 0x06, 0x91, 0x2B, 0x8F, 0xBB, 0xB8, 0xDB, 0xE2, 0x2B,
    0xBF, 0x8B, 0x1A, 0xDB, 0xF3, 0xEB, 0xB8, 0x74, 0x38, 0x36, 0x24, 0xB1, 0xB1, 0x1D, 0x74, 0xA8,
    0x99, 0x0E, 0xC0, 0xA8, 0xF2, 0xA5, 0x4A, 0x6E, 0xFD, 0x0A, 0x39, 0xEA, 0xA8, 0xF2, 0x79, 0x83,
    0xA4, 0xFC, 0x7A, 0x83, 0xA4, 0xFC, 0xD3, 0xB4, 0x2F, 0xE1, 0xFA, 0xCF, 0x4B, 0x5C, 0x41, 0x3E,
    0x00, 0x63, 0xE0, 0xFE, 0xC3, 0xC0, 0x20, 0x0F, 0xC4, 0xF6, 0x40, 0xFC, 0xFF, 0x0F, 0x03, 0x33,
    0x10, 0x73, 0x7F, 0xFE, 0xC3, 0xA0, 0x7F, 0xF9, 0x0F, 0x43, 0x7D, 0xF3, 0x1F, 0x86, 0xFF, 0xFF,
    0xFF, 0x1F, 0x80, 0xE1, 0xD0, 0xF0, 0xBF, 0x0E, 0x0C, 0xCC, 0x40, 0x75, 0x40, 0x0C, 0x00, 0x5D,
    0x50, 0xC1, 0x11, 0x82, 0x40, 0x10, 0x0B, 0x38, 0x23, 0x33, 0xFA, 0xB0, 0x04, 0x4A, 0xB8, 0x12,
    0x8E, 0xCE, 0xA0, 0x04, 0xEB, 0xB0, 0x09, 0xE8, 0x40, 0x3B, 0xD0, 0xBF, 0x1F, 0x1E, 0x3C, 0xD0,
    0x01, 0x62, 0x76, 0x4F, 0x1D, 0x74, 0x1F, 0xB9, 0xB9, 0x6C, 0x92, 0xDD, 0x3B, 0x00, 0xBB, 0x13,
    0x54, 0x07, 0x7E, 0x91, 0x64, 0xFF, 0x8B, 0xAB, 0xEE, 0xF6, 0x68, 0x48, 0x0A, 0x0B, 0xF2, 0x4A,
    0x91, 0x2A, 0x44, 0xC7, 0x9A, 0xEA, 0xA0, 0x9D, 0x74, 0x05, 0x07, 0x94, 0xC2, 0xDE, 0x5C, 0x7F,
    0x68, 0xFC, 0x88, 0x20, 0xE5, 0x6C, 0x96, 0xC8, 0xBB, 0x5C, 0xC1, 0x13, 0x52, 0x5A, 0x4E, 0x9E,
    0x35, 0x25, 0xCC, 0x7B, 0x56, 0xF0, 0xF2, 0xFC, 0x6E, 0x8D, 0x90, 0x6A, 0xB6, 0x96, 0x8C, 0x37,
    0x20, 0x13, 0x37, 0xC1, 0x76, 0x92, 0x5F, 0x31, 0xCF, 0x96, 0x8D, 0x5A, 0x4D, 0xA1, 0x84, 0xB8,
    0x20, 0x93, 0x44, 0x7B, 0xF9, 0x23, 0xDC, 0x1C, 0xD2, 0x11, 0x5D, 0x0E, 0xF8, 0x2B, 0x3F, 0x87,
    0x24, 0x43, 0x0A, 0xEE, 0xD3, 0xE8, 0x8B, 0xB1, 0xED, 0xE8, 0x92, 0x7A, 0x7A, 0x2F, 0x84, 0x4C,
    0x44, 0x69, 0x13, 0xBA, 0x34, 0xAF, 0xC2, 0x46, 0x69, 0x4B, 0xFA, 0xC1, 0x31, 0x05, 0x98, 0x33,
    0xE7, 0x03, 0x78, 0x01, 0xC5, 0x54, 0xBD, 0x6E, 0xD4, 0x40, 0x10, 0x9E, 0x73, 0xA4, 0x8B, 0x84,
    0x0B, 0x53, 0x73, 0x85, 0x7B, 0x24, 0x70, 0x4D, 0xB5, 0x16, 0x2F, 0x40, 0x03, 0xE2, 0x31, 0x78,
    0x03, 0xF6, 0x1E, 0x81, 0x82, 0x47, 0x48, 0x81, 0xD2, 0xF0, 0x04, 0xD1, 0x5A, 0xE2, 0x05, 0xAE,
    0xA1, 0x66, 0x0B, 0x3A, 0x1A, 0x17, 0x96, 0xB8, 0x44, 0xEB, 0x1D, 0x66, 0xBE, 0x59, 0x5F, 0x4E,
    0xE4, 0x12, 0x41, 0x95, 0x95, 0xF7, 0xDB, 0x3B, 0xCF, 0xCC, 0x7E, 0xF3, 0x6B, 0x7A, 0xD6, 0x13,
    0x91, 0xE3, 0xAD, 0xC2, 0x5E, 0x81, 0x01, 0x03, 0xD1, 0x86, 0xA3, 0x88, 0x78, 0x54, 0xB9, 0x48,
    0xA8, 0x49, 0xB4, 0xBE, 0xA8, 0x13, 0x05, 0xFE, 0x96, 0xCE, 0x98, 0x7F, 0xCF, 0x0D, 0x33, 0xCF,
    0x9D, 0x40, 0x76, 0xFC, 0x9A, 0xB3, 0x4F, 0xE4, 0xE7, 0x30, 0x91, 0x9B, 0xC5, 0xA6, 0x4B, 0x01,
    0x20, 0x7F, 0x93, 0x0A, 0x26, 0x55, 0x19, 0x5B, 0x51, 0x8E, 0xB5, 0xC0, 0x50, 0xB1, 0x12, 0x79,
    0x9E, 0x88, 0xAA, 0x4B, 0x75, 0x41, 0xA9, 0x4E, 0xAD, 0xEF, 0xEF, 0xDE, 0xAB, 0x37, 0x67, 0x8F,
    0x0B, 0xF0, 0xCF, 0xA9, 0x3F, 0xC3, 0x7D, 0xD8, 0x41, 0xA9, 0xD1, 0xCC, 0x89, 0x41, 0x44, 0x40,
    0x9A, 0x36, 0x49, 0x8A, 0x62, 0x0B, 0x71, 0x5D, 0xC4, 0xE3, 0xAD, 0xD8, 0x65, 0x45, 0xB3, 0xB6,
    0xDF, 0x78, 0x6F, 0x3A, 0xA6, 0x6F, 0xB6, 0x76, 0x4F, 0x11, 0xC6, 0x03, 0x57, 0xB1, 0x7C, 0xD0,
    0x37, 0xA0, 0x3F, 0x01, 0x74, 0x58, 0x2D, 0xA8, 0x5D, 0xA2, 0xA5, 0xE6, 0x15, 0xEF, 0xC0, 0x34,
    0x80, 0x09, 0x3E, 0xC2, 0x01, 0xBF, 0x3F, 0x52, 0x51, 0xE1, 0xB9, 0x36, 0x4F, 0x51, 0x31, 0x7B,
    0xA9, 0xFA, 0xA2, 0x62, 0xF6, 0x35, 0xF7, 0x7F, 0x51, 0x04, 0x15, 0xAE, 0x10, 0xC6, 0x5D, 0x0A,
    0x53, 0x91, 0x77, 0x7B, 0x27, 0xAD, 0xE5, 0xD9, 0xB1, 0x9B, 0xEB, 0xBD, 0xBD, 0x5B, 0x5F, 0x9A,
    0xC8, 0x5C, 0x6F, 0xB2, 0x1D, 0x30, 0x93, 0x7E, 0xA3, 0x23, 0x73, 0x67, 0x16, 0x1E, 0xB9, 0x36,
    0xC2, 0xE2, 0x94, 0x1C, 0xA8, 0xCF, 0x0A, 0xCC, 0x25, 0x0C, 0xF1, 0x63, 0x6B, 0x07, 0xDA, 0xF1,
    0x9C, 0x0F, 0x3C, 0x81, 0xA3, 0xF2, 0x04, 0x1E, 0x95, 0x27, 0xF0, 0xA4, 0x3C, 0x81, 0x93, 0x2B,
    0x07, 0x86, 0x23, 0xFB, 0x09, 0x81, 0x06, 0x8B, 0xBA, 0xE4, 0xA7, 0xF4, 0x81, 0x11, 0x94, 0xC3,
    0xDB, 0xE1, 0x8C, 0xC7, 0xCA, 0x47, 0x4F, 0x10, 0x56, 0x88, 0xFA, 0xD4, 0x9C, 0xE5, 0x11, 0x09,
    0x7F, 0x65, 0xDE, 0xA2, 0x76, 0x3C, 0x84, 0xE8, 0x79, 0x17, 0x62, 0x18, 0xC4, 0x23, 0x17, 0xCB,
    0xBF, 0x22, 0x2B, 0x9A, 0x35, 0xCF, 0x6A, 0xA7, 0x59, 0xB5, 0x0A, 0xD8, 0x5A, 0xF5, 0x4B, 0x4E,
    0x44, 0xA8, 0xAE, 0x49, 0x70, 0xB3, 0x40, 0x9D, 0xAE, 0x30, 0xD4, 0xC7, 0xD0, 0xFE, 0x23, 0x34,
    0xFF, 0x0B, 0xDD, 0x1B, 0xFD, 0xB8, 0xFC, 0x18, 0x35, 0x6E, 0xC0, 0x50, 0x6A, 0xB8, 0xFA, 0xA4,
    0x3E, 0x3E, 0x45, 0xC6, 0xFB, 0x97, 0x7D, 0xCB, 0x93, 0xDB, 0x69, 0x58, 0x80, 0xC1, 0xFF, 0x92,
    0xB8, 0x3A, 0xC9, 0x81, 0x44, 0x51, 0x5D, 0x50, 0x95, 0xE9, 0x85, 0x98, 0xDD, 0x55, 0x71, 0xC3,
    0xA2, 0xA2, 0x57, 0xBE, 0x5D, 0x3A, 0x09, 0xA5, 0xE1, 0xF1, 0x54, 0xE7, 0x23, 0x75, 0x52, 0xA1,
    0x48, 0xF7, 0x0E, 0x07, 0x1A, 0x13, 0xAD, 0x8B, 0xCE, 0x7D, 0xFE, 0x85, 0x8E, 0xD6, 0x07, 0xDD,
    0xAC, 0x9B, 0x75, 0xF3, 0x72, 0x4B, 0xEE, 0x3D, 0xFF, 0xD4, 0x22, 0xDF, 0xF4, 0xA4, 0xB7, 0x7C,
    0xEE, 0x40, 0xD4, 0x61, 0xD8, 0x36, 0x98, 0xB8, 0x0D, 0x4A, 0xBE, 0x79, 0x78, 0x28, 0x3F, 0x6A,
    0xD5, 0x7C, 0xEE, 0xF5, 0xAA, 0x8C, 0xAB, 0x72, 0xAF, 0x16, 0x19, 0x6C, 0x32, 0x07, 0x6C, 0xE4,
    0xEB, 0x50, 0xCC, 0x6E, 0x04, 0xAE, 0x45, 0xEF, 0x5A, 0x2C, 0x64, 0xD3, 0xAB, 0xC3, 0x67, 0xE1,
    0x14, 0xC7, 0x1F, 0xBD, 0x53, 0xC1, 0x0D, 0xC2, 0x30, 0x0C, 0x0C, 0xE4, 0xD9, 0x11, 0xFA, 0x60,
    0x14, 0x8A, 0x3A, 0x58, 0x91, 0xBA, 0x00, 0x73, 0xC0, 0x10, 0x35, 0x65, 0x81, 0x8E, 0xD0, 0x37,
    0xAF, 0xBE, 0xF3, 0xE0, 0x70, 0x1C, 0x27, 0x2A, 0x50, 0xB5, 0x42, 0x45, 0x44, 0x96, 0xEF, 0xA4,
    0x38, 0x91, 0x7D, 0xB6, 0x4D, 0x0E, 0xCA, 0x40, 0xA6, 0x01, 0xB1, 0x6D, 0x00, 0x62, 0xB3, 0x40,
    0x2B, 0xE0, 0x4A, 0xB8, 0xA3, 0xF5, 0x8C, 0xCC, 0x24, 0x40, 0x0E, 0x4D, 0xC2, 0x05, 0x77, 0xB6,
    0xD9, 0xE7, 0x2B, 0xC1, 0x9F, 0xAA, 0x30, 0x39, 0xAE, 0xE8, 0xB8, 0x82, 0x1B, 0x06, 0x2E, 0x80,
    0xBD, 0x55, 0xEF, 0x0E, 0xE8, 0x7C, 0x5C, 0x55, 0x84, 0xE8, 0xB1, 0x1F, 0xA5, 0xFA, 0xE2, 0x25,
    0x6B, 0xB2, 0x3F, 0x35, 0xCE, 0x50, 0x92, 0x6D, 0x04, 0x24, 0x47, 0x5F, 0x83, 0x82, 0xAB, 0x17,
    0xCA, 0x44, 0x88, 0x9C, 0x04, 0x4E, 0xB7, 0x5E, 0x2B, 0xA4, 0xB4, 0x78, 0x2B, 0x0D, 0x97, 0x09,
    0xB0, 0x61, 0x1E, 0x3C, 0xEC, 0x54, 0x65, 0xD5, 0x99, 0x47, 0x25, 0x48, 0x4D, 0x51, 0x6D, 0x8A,
    0x82, 0xB7, 0x51, 0xF3, 0x32, 0xCA, 0x9E, 0x94, 0x4F, 0xB2, 0xBF, 0x11, 0xE8, 0x19, 0x66, 0x48,
    0x18, 0xA2, 0xB3, 0xFF, 0x39, 0x68, 0xF1, 0x57, 0x62, 0x74, 0x3B, 0x42, 0xEF, 0x52, 0xFB, 0xFC,
    0x8E, 0xF0, 0xA5, 0xAE, 0x89, 0x30, 0xD9, 0x14, 0x61, 0xF1, 0xE9, 0x3C, 0x8B, 0xAB, 0xB2, 0xC4,
    0x74, 0x89, 0xBE, 0xF8, 0xF9, 0x5B, 0xF6, 0x38, 0xA5, 0x31, 0xEB, 0x3F, 0xD8, 0x3E, 0xB1, 0x0C,
    0xFD, 0x13, 0xFB, 0xFF, 0xFF, 0xFF, 0xFF, 0x07, 0x0C, 0x0C, 0xDC, 0x1F, 0x18, 0x18, 0xF8, 0xEF,
    0x30, 0x30, 0x98, 0x9F, 0x64, 0x60, 0x48, 0x3E, 0xCC, 0xC0, 0x70, 0xF8, 0x50, 0x03, 0x53, 0xF3,
    0x81, 0x03, 0xCC, 0xCC, 0x07, 0x0A, 0x78, 0x99, 0x0F, 0xA8, 0x48, 0x30, 0x1F, 0xE0, 0x31, 0x60,
    0x3E, 0xC0, 0x35, 0x81, 0xF9, 0x00, 0x0C, 0x82, 0xD8, 0x20, 0x31, 0x90, 0x5C, 0x01, 0x0F, 0x33,
    0x48, 0x2D, 0x50, 0x8F, 0x33, 0x48, 0x2F, 0xC8, 0x0C, 0xA0, 0x59, 0xC6, 0x20, 0x33, 0x41, 0x66,
    0x03, 0xAD, 0xF8, 0x0F, 0x00,
};

static const EpdGlyph lexenddeca_18_boldGlyphs[] = {
    { 0, 0, 0, 0, 0, 0, 0 }, // U+0000
    { 0, 0, 0, 0, 0, 0, 0 }, // U+0001
    { 0, 0, 0, 0, 0, 0, 0 }, // U+0002
    { 0, 0, 0, 0, 0, 0, 0 }, // U+0003
    { 0, 0, 0, 0, 0, 0, 0 }, // U+0004
    { 0, 0, 0, 0, 0, 0, 0 }, // U+0005
    { 0, 0, 0, 0, 0, 0, 0 }, // U+0006
    { 0, 0, 0, 0, 0, 0, 0 }, // U+0007
    { 0, 0, 0, 0, 0, 0, 0 }, // U+0008
    { 0, 0, 0, 0, 0, 0, 0 }, // U+0009
    { 0, 0, 0, 0, 0, 0, 0 }, // U+000A
    { 0, 0, 0, 0, 0, 0, 0 }, // U+000B
    { 0, 0, 0, 0, 0, 0, 0 }, // U+000C
    { 0, 0, 0, 0, 0, 0, 0 }, // U+000D
    { 0, 0, 0, 0, 0, 0, 0 }, // U+000E
    { 0, 0, 0, 0, 0, 0, 0 }, // U+000F
    { 0, 0, 0, 0, 0, 0, 0 }, // U+0010
    { 0, 0, 0, 0, 0, 0, 0 }, // U+0011
    { 0, 0, 0, 0, 0, 0, 0 }, // U+0012
    { 0, 0, 0, 0, 0, 0, 0 }, // U+0013
    { 0, 0, 0, 0, 0, 0, 0 }, // U+0014
    { 0, 0, 0, 0, 0, 0, 0 }, // U+0015
    { 0, 0, 0, 0, 0, 0, 0 }, // U+0016
    { 0, 0, 0, 0, 0, 0, 0 }, // U+0017
    { 0, 0, 0, 0, 0, 0, 0 }, // U+0018
    { 0, 0, 0, 0, 0, 0, 0 }, // U+0019
    { 0, 0, 0, 0, 0, 0, 0 }, // U+001A
    { 0, 0, 0, 0, 0, 0, 0 }, // U+001B
    { 0, 0, 0, 0, 0, 0, 0 }, // U+001C
    { 0, 0, 0, 0, 0, 0, 0 }, // U+001D
    { 0, 0, 0, 0, 0, 0, 0 }, // U+001E
    { 0, 0, 0, 0, 0, 0, 0 }, // U+001F
    { 0, 0, 192, 0, 0, 0, 0 }, // U+0020
    { 7, 25, 170, 2, 25, 44, 0 }, // !
    { 12, 9, 246, 2, 25, 27, 44 }, // "
    { 29, 25, 470, 0, 25, 182, 71 }, // #
    { 22, 31, 371, 0, 28, 171, 253 }, // $
    { 35, 25, 586, 1, 25, 219, 424 }, // %
    { 26, 27, 421, 1, 27, 176, 643 }, // &
    { 5, 9, 133, 2, 25, 12, 819 }, // '
    { 12, 31, 220, 1, 25, 93, 831 }, // (
    { 12, 31, 220, 1, 25, 93, 924 }, // )
    { 13, 12, 260, 1, 25, 39, 1017 }, // *
    { 19, 18, 371, 2, 18, 86, 1056 }, // +
    { 7, 12, 146, 1, 7, 21, 1142 }, // ,
    { 12, 5, 224, 1, 12, 15, 1163 }, // -
    { 7, 7, 146, 1, 7, 13, 1178 }, // .
    { 17, 25, 265, 0, 25, 107, 1191 }, // /
    { 22, 25, 391, 2, 25, 138, 1298 }, // 0
    { 12, 25, 269, 1, 25, 75, 1436 }, // 1
    { 19, 25, 352, 1, 25, 119, 1511 }, // 2
    { 20, 25, 363, 0, 25, 125, 1630 }, // 3
    { 21, 25, 376, 1, 25, 132, 1755 }, // 4
    { 20, 25, 367, 1, 25, 125, 1887 }, // 5
    { 20, 25, 379, 2, 25, 125, 2012 }, // 6
    { 19, 25, 326, 1, 25, 119, 2137 }, // 7
    { 21, 25, 375, 1, 25, 132, 2256 }, // 8
    { 18, 25, 337, 1, 25, 113, 2388 }, // 9
    { 7, 19, 146, 1, 19, 34, 2501 }, // :
    { 7, 25, 146, 1, 19, 44, 2535 }, // ;
    { 19, 20, 344, 1, 19, 95, 2579 }, // <
    { 19, 12, 371, 2, 16, 57, 2674 }, // =
    { 19, 20, 344, 1, 19, 95, 2731 }, // >
    { 20, 25, 368, 1, 25, 125, 2826 }, // ?
    { 26, 25, 452, 1, 25, 163, 2951 }, // @
    { 26, 25, 414, 0, 25, 163, 3114 }, // A
    { 21, 25, 383, 2, 25, 132, 3277 }, // B
    { 23, 25, 404, 1, 25, 144, 3409 }, // C
    { 23, 25, 412, 2, 25, 144, 3553 }, // D
    { 20, 25, 348, 2, 25, 125, 3697 }, // E
    { 18, 25, 326, 2, 25, 113, 3822 }, // F
    { 24, 25, 431, 1, 25, 150, 3935 }, // G
    { 22, 25, 407, 2, 25, 138, 4085 }, // H
    { 13, 25, 276, 2, 25, 82, 4223 }, // I
    { 20, 25, 336, -1, 25, 125, 4305 }, // J
    { 23, 25, 395, 2, 25, 144, 4430 }, // K
    { 18, 25, 322, 2, 25, 113, 4574 }, // L
    { 28, 25, 505, 2, 25, 175, 4687 }, // M
    { 23, 25, 420, 2, 25, 144, 4862 }, // N
    { 26, 25, 458, 1, 25, 163, 5006 }, // O
    { 21, 25, 376, 2, 25, 132, 5169 }, // P
    { 28, 27, 469, 1, 25, 189, 5301 }, // Q
    { 23, 25, 392, 2, 25, 144, 5490 }, // R
    { 22, 25, 371, 0, 25, 138, 5634 }, // S
    { 22, 25, 370, 1, 25, 138, 5772 }, // T
    { 22, 25, 398, 2, 25, 138, 5910 }, // U
    { 25, 25, 394, 0, 25, 157, 6048 }, // V
    { 33, 25, 530, 0, 25, 207, 6205 }, // W
    { 26, 25, 419, 0, 25, 163, 6412 }, // X
    { 26, 25, 412, 0, 25, 163, 6575 }, // Y
    { 21, 25, 373, 1, 25, 132, 6738 }, // Z
    { 10, 31, 200, 2, 25, 78, 6870 }, // [
    { 17, 25, 265, 0, 25, 107, 6948 }, // <backslash>
    { 10, 31, 200, 1, 25, 78, 7055 }, // ]
    { 20, 14, 353, 1, 26, 70, 7133 }, // ^
    { 15, 5, 258, 1, 0, 19, 7203 }, // _
    { 8, 6, 188, 2, 27, 12, 7222 }, // `
    { 19, 19, 332, 1, 19, 91, 7234 }, // a
    { 20, 25, 358, 2, 25, 125, 7325 }, // b
    { 18, 19, 312, 1, 19, 86, 7450 }, // c
    { 21, 25, 358, 1, 25, 132, 7536 }, // d
    { 20, 19, 340, 1, 19, 95, 7668 }, // e
    { 13, 27, 220, 1, 27, 88, 7763 }, // f
    { 20, 27, 358, 1, 19, 135, 7851 }, // g
    { 18, 25, 343, 2, 25, 113, 7986 }, // h
    { 10, 28, 189, 1, 28, 70, 8099 }, // i
    { 11, 34, 155, -3, 28, 94, 8169 }, // j
    { 20, 25, 340, 2, 25, 125, 8263 }, // k
    { 10, 25, 186, 2, 25, 63, 8388 }, // l
    { 30, 19, 532, 2, 19, 143, 8451 }, // m
    { 18, 19, 343, 2, 19, 86, 8594 }, // n
    { 20, 19, 344, 1, 19, 95, 8680 }, // o
    { 20, 25, 358, 2, 19, 125, 8775 }, // p
    { 25, 25, 361, 1, 19, 157, 8900 }, // q
    { 12, 19, 223, 2, 19, 57, 9057 }, // r
    { 19, 19, 320, 0, 19, 91, 9114 }, // s
    { 13, 23, 227, 1, 23, 75, 9205 }, // t
    { 18, 18, 342, 2, 18, 81, 9280 }, // u
    { 20, 18, 316, 0, 18, 90, 9361 }, // v
    { 28, 18, 434, 0, 18, 126, 9451 }, // w
    { 20, 18, 320, 0, 18, 90, 9577 }, // x
    { 20, 24, 311, -1, 18, 120, 9667 }, // y
    { 17, 18, 310, 1, 18, 77, 9787 }, // z
    { 12, 31, 222, 0, 25, 93, 9864 }, // {
    { 6, 31, 140, 2, 25, 47, 9957 }, // |
    { 12, 31, 222, 1, 25, 93, 10004 }, // }
    { 17, 9, 320, 2, 14, 39, 10097 }, // ~
    { 0, 0, 0, 0, 0, 0, 10136 }, // U+007F
    { 0, 0, 0, 0, 0, 0, 0 }, // U+0080
    { 0, 0, 0, 0, 0, 0, 0 }, // U+0081
    { 0, 0, 0, 0, 0, 0, 0 }, // U+0082
    { 0, 0, 0, 0, 0, 0, 0 }, // U+0083
    { 0, 0, 0, 0, 0, 0, 0 }, // U+0084
    { 0, 0, 0, 0, 0, 0, 0 }, // U+0085
    { 0, 0, 0, 0, 0, 0, 0 }, // U+0086
    { 0, 0, 0, 0, 0, 0, 0 }, // U+0087
    { 0, 0, 0, 0, 0, 0, 0 }, // U+0088
    { 0, 0, 0, 0, 0, 0, 0 }, // U+0089
    { 0, 0, 0, 0, 0, 0, 0 }, // U+008A
    { 0, 0, 0, 0, 0, 0, 0 }, // U+008B
    { 0, 0, 0, 0, 0, 0, 0 }, // U+008C
    { 0, 0, 0, 0, 0, 0, 0 }, // U+008D
    { 0, 0, 0, 0, 0, 0, 0 }, // U+008E
    { 0, 0, 0, 0, 0, 0, 0 }, // U+008F
    { 0, 0, 0, 0, 0, 0, 0 }, // U+0090
    { 0, 0, 0, 0, 0, 0, 0 }, // U+0091
    { 0, 0, 0, 0, 0, 0, 0 }, // U+0092
    { 0, 0, 0, 0, 0, 0, 0 }, // U+0093
    { 0, 0, 0, 0, 0, 0, 0 }, // U+0094
    { 0, 0, 0, 0, 0, 0, 0 }, // U+0095
    { 0, 0, 0, 0, 0, 0, 0 }, // U+0096
    { 0, 0, 0, 0, 0, 0, 0 }, // U+0097
    { 0, 0, 0, 0, 0, 0, 0 }, // U+0098
    { 0, 0, 0, 0, 0, 0, 0 }, // U+0099
    { 0, 0, 0, 0, 0, 0, 0 }, // U+009A
    { 0, 0, 0, 0, 0, 0, 0 }, // U+009B
    { 0, 0, 0, 0, 0, 0, 0 }, // U+009C
    { 0, 0, 0, 0, 0, 0, 0 }, // U+009D
    { 0, 0, 0, 0, 0, 0, 0 }, // U+009E
    { 0, 0, 0, 0, 0, 0, 0 }, // U+009F
    { 0, 0, 192, 0, 0, 0, 0 }, // U+00A0
    { 7, 25, 170, 2, 19, 44, 0 }, // U+00A1
    { 18, 25, 312, 1, 22, 113, 44 }, // U+00A2
    { 21, 25, 370, 2, 25, 132, 157 }, // U+00A3
    { 19, 19, 358, 2, 22, 91, 289 }, // U+00A4
    { 26, 25, 412, 0, 25, 163, 380 }, // U+00A5
    { 5, 31, 130, 2, 25, 39, 543 }, // U+00A6
    { 20, 31, 347, 1, 25, 155, 582 }, // U+00A7
    { 13, 5, 271, 2, 27, 17, 737 }, // U+00A8
    { 26, 26, 479, 2, 26, 169, 754 }, // U+00A9
    { 11, 11, 237, 2, 26, 31, 923 }, // U+00AA
    { 23, 16, 401, 1, 17, 92, 954 }, // U+00AB
    { 20, 14, 371, 1, 16, 70, 1046 }, // U+00AC
    { 0, 0, 0, 0, 0, 0, 1116 }, // U+00AD
    { 26, 26, 479, 2, 26, 169, 1116 }, // U+00AE
    { 11, 4, 243, 2, 25, 11, 1285 }, // U+00AF
    { 12, 12, 242, 1, 25, 36, 1296 }, // U+00B0
    { 19, 18, 371, 2, 18, 86, 1332 }, // U+00B1
    { 11, 14, 244, 2, 29, 39, 1418 }, // U+00B2
    { 12, 14, 248, 1, 29, 42, 1457 }, // U+00B3
    { 8, 6, 188, 2, 27, 12, 1499 }, // U+00B4
    { 20, 24, 355, 2, 18, 120, 1511 }, // U+00B5
    { 19, 31, 309, 0, 25, 148, 1631 }, // U+00B6
    { 7, 7, 181, 2, 13, 13, 1779 }, // U+00B7
    { 9, 9, 193, 2, 2, 21, 1792 }, // U+00B8
    { 7, 14, 175, 2, 29, 25, 1813 }, // U+00B9
    { 11, 11, 245, 2, 26, 31, 1838 }, // U+00BA
    { 23, 16, 401, 1, 17, 92, 1869 }, // U+00BB
    { 28, 25, 512, 2, 25, 175, 1961 }, // U+00BC
    { 28, 25, 514, 2, 25, 175, 2136 }, // U+00BD
    { 33, 25, 575, 1, 25, 207, 2311 }, // U+00BE
    { 20, 25, 368, 2, 19, 125, 2518 }, // U+00BF
    { 26, 34, 414, 0, 34, 221, 2643 }, // U+00C0
    { 26, 34, 414, 0, 34, 221, 2864 }, // U+00C1
    { 26, 34, 414, 0, 34, 221, 3085 }, // U+00C2
    { 26, 32, 414, 0, 32, 208, 3306 }, // U+00C3
    { 27, 33, 414, 0, 33, 223, 3514 }, // U+00C4
    { 26, 32, 414, 0, 32, 208, 3737 }, // U+00C5
    { 37, 25, 610, 0, 25, 232, 3945 }, // U+00C6
    { 23, 32, 404, 1, 25, 184, 4177 }, // U+00C7
    { 20, 34, 348, 2, 34, 170, 4361 }, // U+00C8
    { 20, 34, 348, 2, 34, 170, 4531 }, // U+00C9
    { 20, 34, 348, 2, 34, 170, 4701 }, // U+00CA
    { 20, 33, 348, 2, 33, 165, 4871 }, // U+00CB
    { 13, 34, 276, 2, 34, 111, 5036 }, // U+00CC
    { 13, 34, 276, 2, 34, 111, 5147 }, // U+00CD
    { 15, 34, 276, 1, 34, 128, 5258 }, // U+00CE
    { 13, 33, 276, 2, 33, 108, 5386 }, // U+00CF
    { 27, 25, 464, 1, 25, 169, 5494 }, // U+00D0
    { 23, 32, 420, 2, 32, 184, 5663 }, // U+00D1
    { 26, 34, 458, 1, 34, 221, 5847 }, // U+00D2
    { 26, 34, 458, 1, 34, 221, 6068 }, // U+00D3
    { 26, 34, 458, 1, 34, 221, 6289 }, // U+00D4
    { 26, 33, 458, 1, 33, 215, 6510 }, // U+00D5
    { 26, 34, 458, 1, 34, 221, 6725 }, // U+00D6
    { 18, 18, 323, 1, 18, 81, 6946 }, // U+00D7
    { 26, 25, 458, 1, 25, 163, 7027 }, // U+00D8
    { 22, 34, 398, 2, 34, 187, 7190 }, // U+00D9
    { 22, 34, 398, 2, 34, 187, 7377 }, // U+00DA
    { 22, 34, 398, 2, 34, 187, 7564 }, // U+00DB
    { 22, 34, 398, 2, 34, 187, 7751 }, // U+00DC
    { 26, 33, 412, 0, 33, 215, 7938 }, // U+00DD
    { 20, 25, 369, 2, 25, 125, 8153 }, // U+00DE
    { 21, 25, 373, 2, 25, 132, 8278 }, // U+00DF
    { 19, 28, 332, 1, 28, 133, 8410 }, // U+00E0
    { 19, 28, 332, 1, 28, 133, 8543 }, // U+00E1
    { 19, 28, 332, 1, 28, 133, 8676 }, // U+00E2
    { 19, 25, 332, 1, 25, 119, 8809 }, // U+00E3
    { 19, 27, 332, 1, 27, 129, 8928 }, // U+00E4
    { 19, 30, 332, 1, 30, 143, 9057 }, // U+00E5
    { 32, 19, 530, 1, 19, 152, 9200 }, // U+00E6
    { 19, 26, 312, 1, 19, 124, 9352 }, // U+00E7
    { 20, 28, 340, 1, 28, 140, 9476 }, // U+00E8
    { 20, 28, 340, 1, 28, 140, 9616 }, // U+00E9
    { 20, 28, 340, 1, 28, 140, 9756 }, // U+00EA
    { 20, 27, 340, 0, 27, 135, 9896 }, // U+00EB
    { 10, 27, 181, 0, 27, 68, 10031 }, // U+00EC
    { 11, 27, 181, 0, 27, 75, 10099 }, // U+00ED
    { 16, 27, 181, -2, 27, 108, 10174 }, // U+00EE
    { 13, 27, 181, 0, 27, 88, 10282 }, // U+00EF
    { 20, 28, 353, 1, 28, 140, 10370 }, // U+00F0
    { 18, 25, 343, 2, 25, 113, 10510 }, // U+00F1
    { 20, 28, 344, 1, 28, 140, 10623 }, // U+00F2
    { 20, 28, 344, 1, 28, 140, 10763 }, // U+00F3
    { 20, 28, 344, 1, 28, 140, 10903 }, // U+00F4
    { 20, 25, 344, 1, 25, 125, 11043 }, // U+00F5
    { 20, 27, 344, 1, 27, 135, 11168 }, // U+00F6
    { 19, 19, 356, 2, 19, 91, 11303 }, // U+00F7
    { 20, 21, 344, 1, 20, 105, 11394 }, // U+00F8
    { 18, 28, 342, 2, 28, 126, 11499 }, // U+00F9
    { 18, 28, 342, 2, 28, 126, 11625 }, // U+00FA
    { 18, 28, 342, 2, 28, 126, 11751 }, // U+00FB
    { 18, 27, 342, 2, 27, 122, 11877 }, // U+00FC
    { 20, 33, 311, -1, 27, 165, 11999 }, // U+00FD
    { 20, 31, 358, 2, 25, 155, 12164 }, // U+00FE
    { 21, 33, 311, -1, 27, 174, 12319 }, // U+00FF
    { 27, 31, 414, -1, 31, 210, 0 }, // U+0100
    { 19, 25, 332, 1, 25, 119, 210 }, // U+0101
    { 26, 33, 414, 0, 33, 215, 329 }, // U+0102
    { 19, 27, 332, 1, 27, 129, 544 }, // U+0103
    { 27, 31, 414, -1, 25, 210, 673 }, // U+0104
    { 19, 25, 332, 1, 19, 119, 883 }, // U+0105
    { 24, 34, 404, 1, 34, 204, 1002 }, // U+0106
    { 19, 28, 312, 1, 28, 133, 1206 }, // U+0107
    { 23, 34, 404, 1, 34, 196, 1339 }, // U+0108
    { 18, 28, 312, 1, 28, 126, 1535 }, // U+0109
    { 24, 34, 404, 1, 34, 204, 1661 }, // U+010A
    { 19, 27, 312, 1, 27, 129, 1865 }, // U+010B
    { 23, 34, 404, 1, 34, 196, 1994 }, // U+010C
    { 18, 28, 312, 1, 28, 126, 2190 }, // U+010D
    { 23, 33, 412, 2, 33, 190, 2316 }, // U+010E
    { 26, 25, 386, 1, 25, 163, 2506 }, // U+010F
    { 27, 25, 464, 1, 25, 169, 2669 }, // U+0110
    { 22, 27, 379, 1, 27, 149, 2838 }, // U+0111
    { 20, 31, 348, 2, 31, 155, 2987 }, // U+0112
    { 20, 25, 340, 1, 25, 125, 3142 }, // U+0113
    { 20, 33, 348, 2, 33, 165, 3267 }, // U+0114
    { 20, 27, 340, 1, 27, 135, 3432 }, // U+0115
    { 20, 33, 348, 2, 33, 165, 3567 }, // U+0116
    { 20, 27, 340, 1, 27, 135, 3732 }, // U+0117
    { 20, 31, 348, 2, 25, 155, 3867 }, // U+0118
    { 20, 25, 340, 1, 19, 125, 4022 }, // U+0119
    { 20, 33, 348, 2, 33, 165, 4147 }, // U+011A
    { 20, 28, 340, 1, 28, 140, 4312 }, // U+011B
    { 24, 34, 431, 1, 34, 204, 4452 }, // U+011C
    { 20, 35, 358, 1, 27, 175, 4656 }, // U+011D
    { 24, 34, 431, 1, 34, 204, 4831 }, // U+011E
    { 20, 35, 358, 1, 27, 175, 5035 }, // U+011F
    { 24, 34, 431, 1, 34, 204, 5210 }, // U+0120
    { 20, 34, 358, 1, 26, 170, 5414 }, // U+0121
    { 24, 34, 431, 1, 25, 204, 5584 }, // U+0122
    { 20, 37, 358, 1, 29, 185, 5788 }, // U+0123
    { 22, 34, 407, 2, 34, 187, 5973 }, // U+0124
    { 23, 34, 343, -3, 34, 196, 6160 }, // U+0125
    { 27, 25, 444, 1, 25, 169, 6356 }, // U+0126
    { 21, 26, 377, 1, 26, 137, 6525 }, // U+0127
    { 15, 32, 276, 1, 32, 120, 6662 }, // U+0128
    { 15, 25, 181, -2, 25, 94, 6782 }, // U+0129
    { 13, 31, 276, 2, 31, 101, 6876 }, // U+012A
    { 11, 25, 181, 1, 25, 69, 6977 }, // U+012B
    { 14, 33, 276, 2, 33, 116, 7046 }, // U+012C
    { 14, 27, 181, -1, 27, 95, 7162 }, // U+012D
    { 13, 31, 276, 2, 25, 101, 7257 }, // U+012E
    { 10, 35, 189, 1, 29, 88, 7358 }, // U+012F
    { 13, 33, 276, 2, 33, 108, 7446 }, // U+0130
    { 10, 18, 181, 0, 18, 45, 7554 }, // U+0131
    { 34, 25, 611, 2, 25, 213, 7599 }, // U+0132
    { 19, 34, 344, 1, 28, 162, 7812 }, // U+0133
    { 25, 34, 336, -1, 34, 213, 7974 }, // U+0134
    { 16, 33, 155, -3, 27, 132, 8187 }, // U+0135
    { 23, 35, 395, 2, 25, 202, 8319 }, // U+0136
    { 20, 35, 340, 2, 25, 175, 8521 }, // U+0137
    { 20, 18, 340, 2, 18, 90, 8696 }, // U+0138
    { 18, 34, 322, 2, 34, 153, 8786 }, // U+0139
    { 10, 34, 186, 2, 34, 85, 8939 }, // U+013A
    { 18, 35, 322, 2, 25, 158, 9024 }, // U+013B
    { 11, 35, 186, 1, 25, 97, 9182 }, // U+013C
    { 18, 25, 322, 2, 25, 113, 9279 }, // U+013D
    { 12, 25, 198, 2, 25, 75, 9392 }, // U+013E
    { 18, 25, 322, 2, 25, 113, 9467 }, // U+013F
    { 15, 25, 291, 2, 25, 94, 9580 }, // U+0140
    { 21, 25, 352, 1, 25, 132, 9674 }, // U+0141
    { 12, 25, 193, 1, 25, 75, 9806 }, // U+0142
    { 23, 34, 420, 2, 34, 196, 9881 }, // U+0143
    { 18, 27, 343, 2, 27, 122, 10077 }, // U+0144
    { 23, 35, 420, 2, 25, 202, 10199 }, // U+0145
    { 18, 29, 343, 2, 19, 131, 10401 }, // U+0146
    { 23, 33, 420, 2, 33, 190, 10532 }, // U+0147
    { 18, 27, 343, 2, 27, 122, 10722 }, // U+0148
    { 26, 25, 476, 2, 25, 163, 10844 }, // U+0149
    { 23, 31, 420, 2, 25, 179, 11007 }, // U+014A
    { 18, 25, 343, 2, 19, 113, 11186 }, // U+014B
    { 26, 32, 458, 1, 32, 208, 11299 }, // U+014C
    { 20, 25, 344, 1, 25, 125, 11507 }, // U+014D
    { 26, 34, 458, 1, 34, 221, 11632 }, // U+014E
    { 20, 27, 344, 1, 27, 135, 11853 }, // U+014F
    { 26, 34, 458, 1, 34, 221, 11988 }, // U+0150
    { 20, 28, 344, 1, 28, 140, 12209 }, // U+0151
    { 37, 25, 637, 1, 25, 232, 12349 }, // U+0152
    { 34, 19, 562, 1, 19, 162, 12581 }, // U+0153
    { 23, 34, 392, 2, 34, 196, 12743 }, // U+0154
    { 12, 27, 223, 2, 27, 81, 12939 }, // U+0155
    { 23, 35, 392, 2, 25, 202, 13020 }, // U+0156
    { 15, 29, 223, -1, 19, 109, 13222 }, // U+0157
    { 23, 33, 392, 2, 33, 190, 13331 }, // U+0158
    { 15, 27, 223, 1, 27, 102, 13521 }, // U+0159
    { 22, 34, 371, 0, 34, 187, 13623 }, // U+015A
    { 19, 28, 320, 0, 28, 133, 13810 }, // U+015B
    { 22, 34, 371, 0, 34, 187, 13943 }, // U+015C
    { 19, 28, 320, 0, 28, 133, 14130 }, // U+015D
    { 22, 32, 371, 0, 25, 176, 14263 }, // U+015E
    { 19, 26, 320, 0, 19, 124, 14439 }, // U+015F
    { 22, 34, 371, 0, 34, 187, 14563 }, // U+0160
    { 19, 28, 320, 0, 28, 133, 14750 }, // U+0161
    { 22, 32, 370, 1, 25, 176, 14883 }, // U+0162
    { 13, 30, 227, 1, 23, 98, 15059 }, // U+0163
    { 22, 33, 370, 1, 33, 182, 15157 }, // U+0164
    { 15, 28, 227, 1, 28, 105, 15339 }, // U+0165
    { 22, 25, 370, 1, 25, 138, 15444 }, // U+0166
    { 13, 23, 227, 1, 23, 75, 15582 }, // U+0167
    { 22, 33, 398, 2, 33, 182, 15657 }, // U+0168
    { 18, 25, 342, 2, 25, 113, 15839 }, // U+0169
    { 22, 32, 398, 2, 32, 176, 15952 }, // U+016A
    { 18, 25, 342, 2, 25, 113, 16128 }, // U+016B
    { 22, 34, 398, 2, 34, 187, 16241 }, // U+016C
    { 18, 27, 342, 2, 27, 122, 16428 }, // U+016D
    { 22, 37, 398, 2, 37, 204, 16550 }, // U+016E
    { 18, 30, 342, 2, 30, 135, 16754 }, // U+016F
    { 22, 34, 398, 2, 34, 187, 16889 }, // U+0170
    { 19, 28, 342, 2, 28, 133, 17076 }, // U+0171
    { 22, 31, 398, 2, 25, 171, 17209 }, // U+0172
    { 18, 24, 342, 2, 18, 108, 17380 }, // U+0173
    { 33, 34, 530, 0, 34, 281, 17488 }, // U+0174
    { 28, 27, 434, 0, 27, 189, 17769 }, // U+0175
    { 26, 33, 412, 0, 33, 215, 17958 }, // U+0176
    { 20, 33, 311, -1, 27, 165, 18173 }, // U+0177
    { 27, 33, 412, 0, 33, 223, 18338 }, // U+0178
    { 21, 34, 373, 1, 34, 179, 18561 }, // U+0179
    { 17, 27, 310, 1, 27, 115, 18740 }, // U+017A
    { 21, 33, 373, 1, 33, 174, 18855 }, // U+017B
    { 17, 27, 310, 1, 27, 115, 19029 }, // U+017C
    { 21, 33, 373, 1, 33, 174, 19144 }, // U+017D
    { 17, 27, 310, 1, 27, 115, 19318 }, // U+017E
    { 13, 27, 220, 1, 27, 88, 19433 }, // U+017F
    { 28, 29, 458, 1, 29, 203, 0 }, // U+01A0
    { 22, 23, 356, 1, 23, 127, 203 }, // U+01A1
    { 26, 29, 414, 2, 29, 189, 330 }, // U+01AF
    { 22, 23, 354, 2, 23, 127, 519 }, // U+01B0
    { 46, 33, 784, 2, 33, 380, 646 }, // U+01C4
    { 42, 27, 721, 2, 27, 284, 1026 }, // U+01C5
    { 40, 28, 667, 1, 28, 280, 1310 }, // U+01C6
    { 38, 25, 658, 2, 25, 238, 1590 }, // U+01C7
    { 27, 34, 478, 2, 28, 230, 1828 }, // U+01C8
    { 18, 34, 344, 2, 28, 153, 2058 }, // U+01C9
    { 44, 25, 756, 2, 25, 275, 2211 }, // U+01CA
    { 33, 34, 575, 2, 28, 281, 2486 }, // U+01CB
    { 28, 34, 499, 2, 28, 238, 2767 }, // U+01CC
    { 26, 33, 414, 0, 33, 215, 3005 }, // U+01CD
    { 19, 28, 332, 1, 28, 133, 3220 }, // U+01CE
    { 22, 34, 398, 2, 34, 187, 3353 }, // U+01D3
    { 18, 28, 342, 2, 28, 126, 3540 }, // U+01D4
    { 24, 34, 431, 1, 34, 204, 3666 }, // U+01E6
    { 20, 35, 358, 1, 27, 175, 3870 }, // U+01E7
    { 26, 31, 458, 1, 25, 202, 4045 }, // U+01EA
    { 20, 25, 344, 1, 19, 125, 4247 }, // U+01EB
    { 46, 25, 784, 2, 25, 288, 4372 }, // U+01F1
    { 42, 25, 721, 2, 25, 263, 4660 }, // U+01F2
    { 40, 25, 667, 1, 25, 250, 4923 }, // U+01F3
    { 26, 39, 414, 0, 39, 254, 5173 }, // U+01FA
    { 19, 39, 332, 1, 39, 186, 5427 }, // U+01FB
    { 37, 34, 610, 0, 34, 315, 5613 }, // U+01FC
    { 32, 28, 530, 1, 28, 224, 5928 }, // U+01FD
    { 26, 34, 458, 1, 34, 221, 6152 }, // U+01FE
    { 20, 29, 344, 1, 28, 145, 6373 }, // U+01FF
    { 22, 34, 371, 0, 25, 187, 6518 }, // U+0218
    { 19, 28, 320, 0, 19, 133, 6705 }, // U+0219
    { 22, 35, 370, 1, 25, 193, 6838 }, // U+021A
    { 13, 33, 227, 1, 23, 108, 7031 }, // U+021B
    { 22, 33, 407, 2, 33, 182, 7139 }, // U+021E
    { 23, 33, 343, -3, 33, 190, 7321 }, // U+021F
    { 8, 6, 0, 0, 27, 12, 0 }, // U+0300
    { 8, 6, 0, 0, 27, 12, 12 }, // U+0301
    { 15, 6, 0, 0, 27, 23, 24 }, // U+0302
    { 14, 4, 0, 0, 25, 14, 47 }, // U+0303
    { 11, 4, 0, 0, 25, 11, 61 }, // U+0304
    { 14, 5, 0, -2, 26, 18, 72 }, // U+0306
    { 6, 5, 0, 0, 27, 8, 90 }, // U+0307
    { 13, 5, 0, 0, 27, 17, 98 }, // U+0308
    { 8, 7, 94, -1, 28, 14, 115 }, // U+0309
    { 10, 10, 0, 0, 30, 25, 129 }, // U+030A
    { 16, 6, 0, 0, 27, 24, 154 }, // U+030B
    { 15, 6, 0, 0, 27, 23, 178 }, // U+030C
    { 13, 9, 223, 0, 23, 30, 201 }, // U+031B
    { 7, 7, 123, 0, -2, 13, 231 }, // U+0323
    { 8, 8, 0, 0, -1, 16, 244 }, // U+0326
    { 9, 9, 0, 0, 2, 21, 260 }, // U+0327
    { 9, 7, 0, 0, 1, 16, 281 }, // U+0328
    { 0, 0, 0, 0, 0, 0, 297 }, // U+034F
    { 27, 34, 414, 0, 25, 230, 0 }, // U+1EA0
    { 19, 28, 332, 1, 19, 133, 230 }, // U+1EA1
    { 27, 34, 414, -1, 34, 230, 363 }, // U+1EA2
    { 19, 28, 332, 1, 28, 133, 593 }, // U+1EA3
    { 27, 37, 414, 0, 37, 250, 726 }, // U+1EA4
    { 21, 33, 332, 1, 33, 174, 976 }, // U+1EA5
    { 27, 37, 414, -1, 37, 250, 1150 }, // U+1EA6
    { 21, 32, 332, 1, 32, 168, 1400 }, // U+1EA7
    { 27, 37, 414, 0, 37, 250, 1568 }, // U+1EA8
    { 20, 33, 332, 1, 33, 165, 1818 }, // U+1EA9
    { 26, 40, 414, 0, 40, 260, 1983 }, // U+1EAA
    { 19, 35, 332, 1, 35, 167, 2243 }, // U+1EAB
    { 27, 43, 414, 0, 34, 291, 2410 }, // U+1EAC
    { 19, 37, 332, 1, 28, 176, 2701 }, // U+1EAD
    { 26, 41, 414, 0, 41, 267, 2877 }, // U+1EAE
    { 19, 35, 332, 1, 35, 167, 3144 }, // U+1EAF
    { 26, 41, 414, 0, 41, 267, 3311 }, // U+1EB0
    { 19, 35, 332, 1, 35, 167, 3578 }, // U+1EB1
    { 27, 41, 414, -1, 41, 277, 3745 }, // U+1EB2
    { 19, 35, 332, 1, 35, 167, 4022 }, // U+1EB3
    { 26, 39, 414, 0, 39, 254, 4189 }, // U+1EB4
    { 19, 33, 332, 1, 33, 157, 4443 }, // U+1EB5
    { 27, 42, 414, 0, 33, 284, 4600 }, // U+1EB6
    { 19, 36, 332, 1, 27, 171, 4884 }, // U+1EB7
    { 20, 34, 348, 2, 25, 170, 5055 }, // U+1EB8
    { 20, 28, 340, 0, 19, 140, 5225 }, // U+1EB9
    { 20, 34, 348, 2, 34, 170, 5365 }, // U+1EBA
    { 21, 28, 340, 0, 28, 147, 5535 }, // U+1EBB
    { 20, 32, 348, 2, 32, 160, 5682 }, // U+1EBC
    { 20, 25, 340, 1, 25, 125, 5842 }, // U+1EBD
    { 23, 38, 348, 2, 38, 219, 5967 }, // U+1EBE
    { 21, 33, 340, 1, 33, 174, 6186 }, // U+1EBF
    { 22, 37, 348, 2, 37, 204, 6360 }, // U+1EC0
    { 21, 32, 340, 1, 32, 168, 6564 }, // U+1EC1
    { 21, 37, 348, 2, 37, 195, 6732 }, // U+1EC2
    { 20, 33, 340, 1, 33, 165, 6927 }, // U+1EC3
    { 20, 40, 348, 2, 40, 200, 7092 }, // U+1EC4
    { 20, 35, 340, 1, 35, 175, 7292 }, // U+1EC5
    { 20, 43, 348, 2, 34, 215, 7467 }, // U+1EC6
    { 20, 37, 340, 0, 28, 185, 7682 }, // U+1EC7
    { 13, 34, 276, 2, 34, 111, 7867 }, // U+1EC8
    { 10, 28, 181, 0, 28, 70, 7978 }, // U+1EC9
    { 13, 34, 276, 2, 25, 111, 8048 }, // U+1ECA
    { 10, 37, 189, 1, 28, 93, 8159 }, // U+1ECB
    { 26, 34, 458, 1, 25, 221, 8252 }, // U+1ECC
    { 20, 28, 344, 1, 19, 140, 8473 }, // U+1ECD
    { 26, 35, 458, 1, 35, 228, 8613 }, // U+1ECE
    { 20, 28, 344, 1, 28, 140, 8841 }, // U+1ECF
    { 26, 38, 458, 1, 38, 247, 8981 }, // U+1ED0
    { 22, 33, 344, 1, 33, 182, 9228 }, // U+1ED1
    { 26, 37, 458, 1, 37, 241, 9410 }, // U+1ED2
    { 21, 32, 344, 1, 32, 168, 9651 }, // U+1ED3
    { 26, 38, 458, 1, 38, 247, 9819 }, // U+1ED4
    { 20, 33, 344, 1, 33, 165, 10066 }, // U+1ED5
    { 26, 41, 458, 1, 41, 267, 10231 }, // U+1ED6
    { 20, 35, 344, 1, 35, 175, 10498 }, // U+1ED7
    { 26, 43, 458, 1, 34, 280, 10673 }, // U+1ED8
    { 20, 37, 344, 1, 28, 185, 10953 }, // U+1ED9
    { 28, 34, 458, 1, 34, 238, 11138 }, // U+1EDA
    { 22, 27, 356, 1, 27, 149, 11376 }, // U+1EDB
    { 28, 34, 458, 1, 34, 238, 11525 }, // U+1EDC
    { 22, 27, 356, 1, 27, 149, 11763 }, // U+1EDD
    { 28, 34, 458, 1, 34, 238, 11912 }, // U+1EDE
    { 22, 28, 356, 1, 28, 154, 12150 }, // U+1EDF
    { 28, 32, 458, 1, 32, 224, 12304 }, // U+1EE0
    { 22, 25, 356, 1, 25, 138, 12528 }, // U+1EE1
    { 28, 38, 458, 1, 29, 266, 12666 }, // U+1EE2
    { 22, 32, 356, 1, 23, 176, 12932 }, // U+1EE3
    { 22, 34, 398, 2, 25, 187, 13108 }, // U+1EE4
    { 18, 27, 342, 2, 18, 122, 13295 }, // U+1EE5
    { 22, 35, 398, 2, 35, 193, 13417 }, // U+1EE6
    { 18, 28, 342, 2, 28, 126, 13610 }, // U+1EE7
    { 26, 34, 414, 2, 34, 221, 13736 }, // U+1EE8
    { 22, 28, 354, 2, 28, 154, 13957 }, // U+1EE9
    { 26, 34, 414, 2, 34, 221, 14111 }, // U+1EEA
    { 22, 28, 354, 2, 28, 154, 14332 }, // U+1EEB
    { 26, 35, 414, 2, 35, 228, 14486 }, // U+1EEC
    { 22, 28, 354, 2, 28, 154, 14714 }, // U+1EED
    { 26, 33, 414, 2, 33, 215, 14868 }, // U+1EEE
    { 22, 25, 354, 2, 25, 138, 15083 }, // U+1EEF
    { 26, 38, 414, 2, 29, 247, 15221 }, // U+1EF0
    { 22, 32, 354, 2, 23, 176, 15468 }, // U+1EF1
    { 26, 34, 412, 0, 34, 221, 15644 }, // U+1EF2
    { 20, 33, 311, -1, 27, 165, 15865 }, // U+1EF3
    { 27, 34, 412, 0, 25, 230, 16030 }, // U+1EF4
    { 20, 27, 311, 0, 18, 135, 16260 }, // U+1EF5
    { 25, 34, 412, 0, 34, 213, 16395 }, // U+1EF6
    { 21, 34, 311, -1, 28, 179, 16608 }, // U+1EF7
    { 26, 32, 412, 0, 32, 208, 16787 }, // U+1EF8
    { 21, 31, 311, -1, 25, 163, 16995 }, // U+1EF9
    { 0, 0, 0, 0, 0, 0, 0 }, // U+200B
    { 0, 0, 0, 0, 0, 0, 0 }, // U+200C
    { 0, 0, 0, 0, 0, 0, 0 }, // U+200D
    { 0, 0, 0, 0, 0, 0, 0 }, // U+200E
    { 0, 0, 0, 0, 0, 0, 0 }, // U+200F
    { 11, 5, 200, 1, 12, 14, 0 }, // U+2010
    { 16, 5, 305, 2, 12, 20, 14 }, // U+2013
    { 29, 5, 505, 2, 12, 37, 34 }, // U+2014
    { 7, 12, 166, 2, 25, 21, 71 }, // U+2018
    { 7, 12, 166, 2, 25, 21, 92 }, // U+2019
    { 7, 12, 166, 2, 7, 21, 113 }, // U+201A
    { 15, 12, 299, 2, 25, 45, 134 }, // U+201C
    { 15, 12, 299, 2, 25, 45, 179 }, // U+201D
    { 15, 12, 299, 2, 7, 45, 224 }, // U+201E
    { 19, 25, 356, 2, 25, 119, 269 }, // U+2020
    { 19, 25, 356, 2, 25, 119, 388 }, // U+2021
    { 12, 12, 263, 2, 15, 36, 507 }, // U+2022
    { 27, 7, 482, 2, 7, 48, 543 }, // U+2026
    { 0, 0, 0, 0, 0, 0, 591 }, // U+202A
    { 0, 0, 0, 0, 0, 0, 591 }, // U+202B
    { 0, 0, 0, 0, 0, 0, 591 }, // U+202C
    { 0, 0, 0, 0, 0, 0, 591 }, // U+202D
    { 0, 0, 0, 0, 0, 0, 591 }, // U+202E
    { 51, 25, 844, 1, 25, 319, 591 }, // U+2030
    { 13, 16, 242, 1, 17, 52, 910 }, // U+2039
    { 13, 16, 242, 1, 17, 52, 962 }, // U+203A
    { 23, 25, 374, 0, 25, 144, 1014 }, // U+2044
    { 0, 0, 0, 0, 0, 0, 1158 }, // U+2060
    { 0, 0, 0, 0, 0, 0, 1158 }, // U+2061
    { 0, 0, 0, 0, 0, 0, 1158 }, // U+2062
    { 0, 0, 0, 0, 0, 0, 1158 }, // U+2063
    { 0, 0, 0, 0, 0, 0, 1158 }, // U+2064
    { 0, 0, 0, 0, 0, 0, 1158 }, // U+2066
    { 0, 0, 0, 0, 0, 0, 1158 }, // U+2067
    { 0, 0, 0, 0, 0, 0, 1158 }, // U+2068
    { 0, 0, 0, 0, 0, 0, 1158 }, // U+2069
    { 0, 0, 0, 0, 0, 0, 1158 }, // U+206A
    { 0, 0, 0, 0, 0, 0, 1158 }, // U+206B
    { 0, 0, 0, 0, 0, 0, 1158 }, // U+206C
    { 0, 0, 0, 0, 0, 0, 1158 }, // U+206D
    { 0, 0, 0, 0, 0, 0, 1158 }, // U+206E
    { 0, 0, 0, 0, 0, 0, 1158 }, // U+206F
    { 13, 14, 269, 2, 29, 46, 0 }, // U+2074
    { 22, 31, 379, 1, 27, 171, 0 }, // U+20AB
    { 26, 25, 404, 0, 25, 163, 171 }, // U+20AC
    { 20, 27, 358, 1, 26, 135, 0 }, // U+2202
    { 20, 33, 368, 1, 26, 165, 135 }, // U+220F
    { 21, 31, 370, 1, 25, 163, 300 }, // U+2211
    { 20, 5, 356, 1, 12, 25, 463 }, // U+2212
    { 24, 26, 391, 0, 26, 156, 488 }, // U+2215
    { 8, 9, 166, 1, 14, 18, 644 }, // U+2219
    { 25, 32, 425, 1, 25, 200, 662 }, // U+221A
    { 26, 12, 449, 1, 15, 78, 862 }, // U+221E
    { 17, 33, 292, 1, 26, 141, 940 }, // U+222B
    { 18, 15, 319, 1, 17, 68, 1081 }, // U+2248
    { 20, 19, 356, 1, 19, 95, 1149 }, // U+2260
    { 20, 20, 356, 1, 20, 100, 1244 }, // U+2264
    { 20, 20, 356, 1, 20, 100, 1344 }, // U+2265
    { 25, 27, 419, 1, 27, 169, 0 }, // U+FB00
    { 22, 28, 370, 1, 28, 154, 169 }, // U+FB01
    { 25, 27, 406, 1, 27, 169, 323 }, // U+FB02
    { 34, 28, 560, 1, 28, 238, 492 }, // U+FB03
    { 38, 27, 608, 1, 27, 257, 730 }, // U+FB04
    { 16, 26, 316, 2, 26, 104, 0 }, // U+FFFD
};

static const EpdUnicodeInterval lexenddeca_18_boldIntervals[] = {
    { 0x0, 0x17F, 0x0 },
    { 0x1A0, 0x1A1, 0x180 },
    { 0x1AF, 0x1B0, 0x182 },
    { 0x1C4, 0x1CE, 0x184 },
    { 0x1D3, 0x1D4, 0x18F },
    { 0x1E6, 0x1E7, 0x191 },
    { 0x1EA, 0x1EB, 0x193 },
    { 0x1F1, 0x1F3, 0x195 },
    { 0x1FA, 0x1FF, 0x198 },
    { 0x218, 0x21B, 0x19E },
    { 0x21E, 0x21F, 0x1A2 },
    { 0x300, 0x304, 0x1A4 },
    { 0x306, 0x30C, 0x1A9 },
    { 0x31B, 0x31B, 0x1B0 },
    { 0x323, 0x323, 0x1B1 },
    { 0x326, 0x328, 0x1B2 },
    { 0x34F, 0x34F, 0x1B5 },
    { 0x1EA0, 0x1EF9, 0x1B6 },
    { 0x200B, 0x2010, 0x210 },
    { 0x2013, 0x2014, 0x216 },
    { 0x2018, 0x201A, 0x218 },
    { 0x201C, 0x201E, 0x21B },
    { 0x2020, 0x2022, 0x21E },
    { 0x2026, 0x2026, 0x221 },
    { 0x202A, 0x202E, 0x222 },
    { 0x2030, 0x2030, 0x227 },
    { 0x2039, 0x203A, 0x228 },
    { 0x2044, 0x2044, 0x22A },
    { 0x2060, 0x2064, 0x22B },
    { 0x2066, 0x206F, 0x230 },
    { 0x2074, 0x2074, 0x23A },
    { 0x20AB, 0x20AC, 0x23B },
    { 0x2202, 0x2202, 0x23D },
    { 0x220F, 0x220F, 0x23E },
    { 0x2211, 0x2212, 0x23F },
    { 0x2215, 0x2215, 0x241 },
    { 0x2219, 0x221A, 0x242 },
    { 0x221E, 0x221E, 0x244 },
    { 0x222B, 0x222B, 0x245 },
    { 0x2248, 0x2248, 0x246 },
    { 0x2260, 0x2260, 0x247 },
    { 0x2264, 0x2265, 0x248 },
    { 0xFB00, 0xFB04, 0x24A },
    { 0xFFFD, 0xFFFD, 0x24F },
};

static const EpdFontGroup lexenddeca_18_boldGroups[] = {
    { 0, 3801, 10846, 128, 0 },
    { 3801, 3739, 13252, 128, 128 },
    { 7540, 4685, 20785, 128, 256 },
    { 12225, 2372, 7890, 36, 384 },
    { 14597, 234, 332, 18, 420 },
    { 14831, 3355, 18205, 90, 438 },
    { 18186, 407, 1229, 42, 528 },
    { 18593, 46, 56, 1, 570 },
    { 18639, 181, 361, 2, 571 },
    { 18820, 543, 1528, 13, 573 },
    { 19363, 223, 1068, 5, 586 },
    { 19586, 83, 104, 1, 591 },
};

static const EpdKernClassEntry lexenddeca_18_boldKernLeftClasses[] = {
    { 0x0028, 1 }, // (
    { 0x002C, 2 }, // ,
    { 0x002D, 3 }, // -
    { 0x002E, 2 }, // .
    { 0x002F, 4 }, // /
    { 0x0031, 5 }, // 1
    { 0x0032, 6 }, // 2
    { 0x0034, 7 }, // 4
    { 0x0035, 8 }, // 5
    { 0x0036, 9 }, // 6
    { 0x0037, 10 }, // 7
    { 0x0038, 11 }, // 8
    { 0x0039, 12 }, // 9
    { 0x0041, 13 }, // A
    { 0x0042, 14 }, // B
    { 0x0043, 15 }, // C
    { 0x0044, 16 }, // D
    { 0x0045, 17 }, // E
    { 0x0046, 18 }, // F
    { 0x0047, 19 }, // G
    { 0x0049, 20 }, // I
    { 0x004A, 21 }, // J
    { 0x004B, 22 }, // K
    { 0x004C, 23 }, // L
    { 0x004F, 16 }, // O
    { 0x0050, 24 }, // P
    { 0x0051, 25 }, // Q
    { 0x0052, 26 }, // R
    { 0x0053, 27 }, // S
    { 0x0054, 28 }, // T
    { 0x0055, 29 }, // U
    { 0x0056, 30 }, // V
    { 0x0057, 31 }, // W
    { 0x0058, 32 }, // X
    { 0x0059, 33 }, // Y
    { 0x005A, 34 }, // Z
    { 0x0061, 35 }, // a
    { 0x0062, 36 }, // b
    { 0x0063, 37 }, // c
    { 0x0064, 38 }, // d
    { 0x0065, 39 }, // e
    { 0x0066, 40 }, // f
    { 0x0067, 41 }, // g
    { 0x0068, 42 }, // h
    { 0x006A, 43 }, // j
    { 0x006B, 44 }, // k
    { 0x006C, 45 }, // l
    { 0x006D, 42 }, // m
    { 0x006E, 42 }, // n
    { 0x006F, 36 }, // o
    { 0x0070, 36 }, // p
    { 0x0071, 46 }, // q
    { 0x0072, 47 }, // r
    { 0x0073, 48 }, // s
    { 0x0074, 49 }, // t
    { 0x0075, 50 }, // u
    { 0x0076, 51 }, // v
    { 0x0077, 52 }, // w
    { 0x0078, 53 }, // x
    { 0x0079, 51 }, // y
    { 0x007A, 54 }, // z
    { 0x00C0, 13 }, // U+00C0
    { 0x00C1, 13 }, // U+00C1
    { 0x00C2, 13 }, // U+00C2
    { 0x00C3, 13 }, // U+00C3
    { 0x00C4, 13 }, // U+00C4
    { 0x00C5, 13 }, // U+00C5
    { 0x00C6, 17 }, // U+00C6
    { 0x00C7, 15 }, // U+00C7
    { 0x00C8, 17 }, // U+00C8
    { 0x00C9, 17 }, // U+00C9
    { 0x00CA, 17 }, // U+00CA
    { 0x00CB, 17 }, // U+00CB
    { 0x00CC, 20 }, // U+00CC
    { 0x00CD, 20 }, // U+00CD
    { 0x00CE, 20 }, // U+00CE
    { 0x00CF, 20 }, // U+00CF
    { 0x00D0, 16 }, // U+00D0
    { 0x00D2, 16 }, // U+00D2
    { 0x00D3, 16 }, // U+00D3
    { 0x00D4, 16 }, // U+00D4
    { 0x00D5, 16 }, // U+00D5
    { 0x00D6, 16 }, // U+00D6
    { 0x00D8, 16 }, // U+00D8
    { 0x00D9, 29 }, // U+00D9
    { 0x00DA, 29 }, // U+00DA
    { 0x00DB, 29 }, // U+00DB
    { 0x00DC, 29 }, // U+00DC
    { 0x00DD, 33 }, // U+00DD
    { 0x00E0, 42 }, // U+00E0
    { 0x00E1, 42 }, // U+00E1
    { 0x00E2, 42 }, // U+00E2
    { 0x00E3, 42 }, // U+00E3
    { 0x00E4, 42 }, // U+00E4
    { 0x00E5, 42 }, // U+00E5
    { 0x00E6, 39 }, // U+00E6
    { 0x00E7, 37 }, // U+00E7
    { 0x00E8, 39 }, // U+00E8
    { 0x00E9, 39 }, // U+00E9
    { 0x00EA, 39 }, // U+00EA
    { 0x00EB, 39 }, // U+00EB
    { 0x00F0, 16 }, // U+00F0
    { 0x00F1, 42 }, // U+00F1
    { 0x00F2, 36 }, // U+00F2
    { 0x00F3, 36 }, // U+00F3
    { 0x00F4, 36 }, // U+00F4
    { 0x00F5, 36 }, // U+00F5
    { 0x00F6, 36 }, // U+00F6
    { 0x00F8, 36 }, // U+00F8
    { 0x00F9, 50 }, // U+00F9
    { 0x00FA, 50 }, // U+00FA
    { 0x00FB, 50 }, // U+00FB
    { 0x00FC, 50 }, // U+00FC
    { 0x00FD, 51 }, // U+00FD
    { 0x00FE, 36 }, // U+00FE
    { 0x00FF, 51 }, // U+00FF
    { 0x0100, 13 }, // U+0100
    { 0x0101, 42 }, // U+0101
    { 0x0102, 13 }, // U+0102
    { 0x0103, 42 }, // U+0103
    { 0x0104, 13 }, // U+0104
    { 0x0105, 55 }, // U+0105
    { 0x0106, 15 }, // U+0106
    { 0x0107, 37 }, // U+0107
    { 0x0108, 15 }, // U+0108
    { 0x0109, 37 }, // U+0109
    { 0x010A, 15 }, // U+010A
    { 0x010B, 37 }, // U+010B
    { 0x010C, 15 }, // U+010C
    { 0x010D, 37 }, // U+010D
    { 0x010E, 16 }, // U+010E
    { 0x010F, 56 }, // U+010F
    { 0x0111, 40 }, // U+0111
    { 0x0112, 17 }, // U+0112
    { 0x0113, 39 }, // U+0113
    { 0x0114, 17 }, // U+0114
    { 0x0115, 39 }, // U+0115
    { 0x0116, 17 }, // U+0116
    { 0x0117, 39 }, // U+0117
    { 0x0118, 17 }, // U+0118
    { 0x0119, 39 }, // U+0119
    { 0x011A, 17 }, // U+011A
    { 0x011B, 39 }, // U+011B
    { 0x011C, 19 }, // U+011C
    { 0x011D, 41 }, // U+011D
    { 0x011E, 19 }, // U+011E
    { 0x011F, 41 }, // U+011F
    { 0x0120, 19 }, // U+0120
    { 0x0121, 41 }, // U+0121
    { 0x0122, 19 }, // U+0122
    { 0x0123, 41 }, // U+0123
    { 0x0125, 42 }, // U+0125
    { 0x0127, 42 }, // U+0127
    { 0x0128, 20 }, // U+0128
    { 0x012A, 20 }, // U+012A
    { 0x012C, 20 }, // U+012C
    { 0x012E, 20 }, // U+012E
    { 0x0130, 20 }, // U+0130
    { 0x0132, 21 }, // U+0132
    { 0x0133, 43 }, // U+0133
    { 0x0134, 21 }, // U+0134
    { 0x0135, 43 }, // U+0135
    { 0x0136, 22 }, // U+0136
    { 0x0137, 44 }, // U+0137
    { 0x0138, 44 }, // U+0138
    { 0x0139, 23 }, // U+0139
    { 0x013A, 57 }, // U+013A
    { 0x013B, 23 }, // U+013B
    { 0x013C, 57 }, // U+013C
    { 0x013E, 56 }, // U+013E
    { 0x013F, 23 }, // U+013F
    { 0x0141, 23 }, // U+0141
    { 0x0142, 57 }, // U+0142
    { 0x0144, 42 }, // U+0144
    { 0x0146, 42 }, // U+0146
    { 0x0148, 42 }, // U+0148
    { 0x0149, 42 }, // U+0149
    { 0x014B, 42 }, // U+014B
    { 0x014C, 16 }, // U+014C
    { 0x014D, 36 }, // U+014D
    { 0x014E, 16 }, // U+014E
    { 0x014F, 36 }, // U+014F
    { 0x0150, 16 }, // U+0150
    { 0x0151, 36 }, // U+0151
    { 0x0152, 17 }, // U+0152
    { 0x0153, 39 }, // U+0153
    { 0x0154, 26 }, // U+0154
    { 0x0155, 47 }, // U+0155
    { 0x0156, 26 }, // U+0156
    { 0x0157, 47 }, // U+0157
    { 0x0158, 26 }, // U+0158
    { 0x0159, 47 }, // U+0159
    { 0x015A, 27 }, // U+015A
    { 0x015B, 48 }, // U+015B
    { 0x015C, 27 }, // U+015C
    { 0x015D, 48 }, // U+015D
    { 0x015E, 27 }, // U+015E
    { 0x015F, 48 }, // U+015F
    { 0x0160, 27 }, // U+0160
    { 0x0161, 48 }, // U+0161
    { 0x0162, 28 }, // U+0162
    { 0x0163, 49 }, // U+0163
    { 0x0164, 28 }, // U+0164
    { 0x0165, 56 }, // U+0165
    { 0x0166, 28 }, // U+0166
    { 0x0167, 49 }, // U+0167
    { 0x0168, 29 }, // U+0168
    { 0x0169, 50 }, // U+0169
    { 0x016A, 29 }, // U+016A
    { 0x016B, 50 }, // U+016B
    { 0x016C, 29 }, // U+016C
    { 0x016D, 50 }, // U+016D
    { 0x016E, 29 }, // U+016E
    { 0x016F, 50 }, // U+016F
    { 0x0170, 29 }, // U+0170
    { 0x0171, 50 }, // U+0171
    { 0x0172, 29 }, // U+0172
    { 0x0173, 50 }, // U+0173
    { 0x0176, 33 }, // U+0176
    { 0x0177, 51 }, // U+0177
    { 0x0178, 33 }, // U+0178
    { 0x0179, 34 }, // U+0179
    { 0x017A, 54 }, // U+017A
    { 0x017B, 34 }, // U+017B
    { 0x017C, 54 }, // U+017C
    { 0x017D, 34 }, // U+017D
    { 0x017E, 54 }, // U+017E
    { 0x017F, 40 }, // U+017F
    { 0x01A0, 58 }, // U+01A0
    { 0x01A1, 59 }, // U+01A1
    { 0x01AF, 60 }, // U+01AF
    { 0x01B0, 61 }, // U+01B0
    { 0x01C4, 34 }, // U+01C4
    { 0x01C5, 54 }, // U+01C5
    { 0x01C6, 54 }, // U+01C6
    { 0x01C7, 21 }, // U+01C7
    { 0x01C8, 43 }, // U+01C8
    { 0x01C9, 43 }, // U+01C9
    { 0x01CA, 21 }, // U+01CA
    { 0x01CB, 43 }, // U+01CB
    { 0x01CC, 43 }, // U+01CC
    { 0x01CD, 13 }, // U+01CD
    { 0x01CE, 42 }, // U+01CE
    { 0x01D3, 29 }, // U+01D3
    { 0x01D4, 50 }, // U+01D4
    { 0x01E6, 19 }, // U+01E6
    { 0x01E7, 41 }, // U+01E7
    { 0x01EA, 16 }, // U+01EA
    { 0x01EB, 36 }, // U+01EB
    { 0x01F1, 34 }, // U+01F1
    { 0x01F2, 54 }, // U+01F2
    { 0x01F3, 54 }, // U+01F3
    { 0x01FB, 42 }, // U+01FB
    { 0x01FC, 17 }, // U+01FC
    { 0x01FD, 39 }, // U+01FD
    { 0x01FE, 16 }, // U+01FE
    { 0x01FF, 36 }, // U+01FF
    { 0x0218, 27 }, // U+0218
    { 0x0219, 48 }, // U+0219
    { 0x021A, 28 }, // U+021A
    { 0x021B, 49 }, // U+021B
    { 0x021F, 42 }, // U+021F
    { 0x1EA0, 13 }, // U+1EA0
    { 0x1EA1, 42 }, // U+1EA1
    { 0x1EA2, 13 }, // U+1EA2
    { 0x1EA3, 42 }, // U+1EA3
    { 0x1EA4, 13 }, // U+1EA4
    { 0x1EA5, 42 }, // U+1EA5
    { 0x1EA6, 13 }, // U+1EA6
    { 0x1EA7, 42 }, // U+1EA7
    { 0x1EA8, 13 }, // U+1EA8
    { 0x1EA9, 42 }, // U+1EA9
    { 0x1EAA, 13 }, // U+1EAA
    { 0x1EAB, 42 }, // U+1EAB
    { 0x1EAC, 13 }, // U+1EAC
    { 0x1EAD, 42 }, // U+1EAD
    { 0x1EAE, 13 }, // U+1EAE
    { 0x1EAF, 42 }, // U+1EAF
    { 0x1EB0, 13 }, // U+1EB0
    { 0x1EB1, 42 }, // U+1EB1
    { 0x1EB2, 13 }, // U+1EB2
    { 0x1EB3, 42 }, // U+1EB3
    { 0x1EB4, 13 }, // U+1EB4
    { 0x1EB5, 42 }, // U+1EB5
    { 0x1EB6, 13 }, // U+1EB6
    { 0x1EB7, 42 }, // U+1EB7
    { 0x1EB8, 17 }, // U+1EB8
    { 0x1EB9, 39 }, // U+1EB9
    { 0x1EBA, 17 }, // U+1EBA
    { 0x1EBB, 39 }, // U+1EBB
    { 0x1EBC, 17 }, // U+1EBC
    { 0x1EBD, 39 }, // U+1EBD
    { 0x1EBE, 17 }, // U+1EBE
    { 0x1EC0, 17 }, // U+1EC0
    { 0x1EC2, 17 }, // U+1EC2
    { 0x1EC4, 17 }, // U+1EC4
    { 0x1EC6, 17 }, // U+1EC6
    { 0x1EC7, 39 }, // U+1EC7
    { 0x1EC8, 20 }, // U+1EC8
    { 0x1ECA, 20 }, // U+1ECA
    { 0x1ECC, 16 }, // U+1ECC
    { 0x1ECD, 36 }, // U+1ECD
    { 0x1ECE, 16 }, // U+1ECE
    { 0x1ECF, 36 }, // U+1ECF
    { 0x1ED0, 16 }, // U+1ED0
    { 0x1ED2, 16 }, // U+1ED2
    { 0x1ED4, 16 }, // U+1ED4
    { 0x1ED6, 16 }, // U+1ED6
    { 0x1ED7, 36 }, // U+1ED7
    { 0x1ED8, 16 }, // U+1ED8
    { 0x1ED9, 36 }, // U+1ED9
    { 0x1EDA, 58 }, // U+1EDA
    { 0x1EDB, 59 }, // U+1EDB
    { 0x1EDC, 58 }, // U+1EDC
    { 0x1EDD, 59 }, // U+1EDD
    { 0x1EDE, 58 }, // U+1EDE
    { 0x1EDF, 59 }, // U+1EDF
    { 0x1EE0, 58 }, // U+1EE0
    { 0x1EE1, 59 }, // U+1EE1
    { 0x1EE2, 58 }, // U+1EE2
    { 0x1EE3, 59 }, // U+1EE3
    { 0x1EE8, 60 }, // U+1EE8
    { 0x1EE9, 61 }, // U+1EE9
    { 0x1EEA, 60 }, // U+1EEA
    { 0x1EEB, 61 }, // U+1EEB
    { 0x1EEC, 60 }, // U+1EEC
    { 0x1EED, 61 }, // U+1EED
    { 0x1EEE, 60 }, // U+1EEE
    { 0x1EEF, 61 }, // U+1EEF
    { 0x1EF0, 60 }, // U+1EF0
    { 0x1EF1, 61 }, // U+1EF1
    { 0x1EF2, 33 }, // U+1EF2
    { 0x1EF3, 51 }, // U+1EF3
    { 0x1EF4, 33 }, // U+1EF4
    { 0x1EF5, 51 }, // U+1EF5
    { 0x1EF6, 33 }, // U+1EF6
    { 0x1EF7, 51 }, // U+1EF7
    { 0x1EF8, 33 }, // U+1EF8
    { 0x1EF9, 51 }, // U+1EF9
    { 0x2013, 3 }, // U+2013
    { 0x2014, 3 }, // U+2014
    { 0x2019, 62 }, // U+2019
    { 0x201A, 2 }, // U+201A
    { 0x201D, 62 }, // U+201D
    { 0x201E, 2 }, // U+201E
    { 0x2026, 2 }, // U+2026
    { 0x20AB, 40 }, // U+20AB
    { 0xFB00, 40 }, // U+FB00
    { 0xFB02, 57 }, // U+FB02
    { 0xFB04, 57 }, // U+FB04
};

static const EpdKernClassEntry lexenddeca_18_boldKernRightClasses[] = {
    { 0x0025, 1 }, // %
    { 0x0029, 2 }, // )
    { 0x002C, 3 }, // ,
    { 0x002D, 4 }, // -
    { 0x002E, 3 }, // .
    { 0x002F, 5 }, // /
    { 0x0031, 6 }, // 1
    { 0x0032, 7 }, // 2
    { 0x0034, 8 }, // 4
    { 0x0037, 9 }, // 7
    { 0x0038, 10 }, // 8
    { 0x0039, 11 }, // 9
    { 0x0041, 12 }, // A
    { 0x0043, 13 }, // C
    { 0x0047, 13 }, // G
    { 0x0049, 14 }, // I
    { 0x004A, 15 }, // J
    { 0x004F, 13 }, // O
    { 0x0051, 13 }, // Q
    { 0x0053, 16 }, // S
    { 0x0054, 17 }, // T
    { 0x0055, 18 }, // U
    { 0x0056, 19 }, // V
    { 0x0057, 20 }, // W
    { 0x0058, 21 }, // X
    { 0x0059, 22 }, // Y
    { 0x005A, 23 }, // Z
    { 0x0061, 24 }, // a
    { 0x0063, 25 }, // c
    { 0x0064, 25 }, // d
    { 0x0065, 25 }, // e
    { 0x0066, 26 }, // f
    { 0x0067, 27 }, // g
    { 0x0068, 28 }, // h
    { 0x0069, 29 }, // i
    { 0x006A, 30 }, // j
    { 0x006B, 28 }, // k
    { 0x006C, 31 }, // l
    { 0x006D, 32 }, // m
    { 0x006E, 32 }, // n
    { 0x006F, 25 }, // o
    { 0x0070, 33 }, // p
    { 0x0071, 25 }, // q
    { 0x0072, 32 }, // r
    { 0x0073, 34 }, // s
    { 0x0074, 35 }, // t
    { 0x0075, 36 }, // u
    { 0x0076, 37 }, // v
    { 0x0077, 38 }, // w
    { 0x0078, 39 }, // x
    { 0x0079, 37 }, // y
    { 0x007A, 40 }, // z
    { 0x00B0, 41 }, // U+00B0
    { 0x00C0, 12 }, // U+00C0
    { 0x00C1, 12 }, // U+00C1
    { 0x00C2, 12 }, // U+00C2
    { 0x00C3, 12 }, // U+00C3
    { 0x00C4, 12 }, // U+00C4
    { 0x00C5, 12 }, // U+00C5
    { 0x00C6, 42 }, // U+00C6
    { 0x00C7, 13 }, // U+00C7
    { 0x00CC, 14 }, // U+00CC
    { 0x00CD, 14 }, // U+00CD
    { 0x00CE, 14 }, // U+00CE
    { 0x00CF, 14 }, // U+00CF
    { 0x00D2, 13 }, // U+00D2
    { 0x00D3, 13 }, // U+00D3
    { 0x00D4, 13 }, // U+00D4
    { 0x00D5, 13 }, // U+00D5
    { 0x00D6, 13 }, // U+00D6
    { 0x00D8, 13 }, // U+00D8
    { 0x00D9, 18 }, // U+00D9
    { 0x00DA, 18 }, // U+00DA
    { 0x00DB, 18 }, // U+00DB
    { 0x00DC, 18 }, // U+00DC
    { 0x00DD, 43 }, // U+00DD
    { 0x00E0, 24 }, // U+00E0
    { 0x00E1, 24 }, // U+00E1
    { 0x00E2, 24 }, // U+00E2
    { 0x00E3, 24 }, // U+00E3
    { 0x00E4, 24 }, // U+00E4
    { 0x00E5, 24 }, // U+00E5
    { 0x00E6, 24 }, // U+00E6
    { 0x00E7, 25 }, // U+00E7
    { 0x00E8, 25 }, // U+00E8
    { 0x00E9, 25 }, // U+00E9
    { 0x00EA, 25 }, // U+00EA
    { 0x00EB, 25 }, // U+00EB
    { 0x00EC, 29 }, // U+00EC
    { 0x00ED, 29 }, // U+00ED
    { 0x00EE, 29 }, // U+00EE
    { 0x00EF, 29 }, // U+00EF
    { 0x00F0, 25 }, // U+00F0
    { 0x00F1, 32 }, // U+00F1
    { 0x00F2, 25 }, // U+00F2
    { 0x00F3, 25 }, // U+00F3
    { 0x00F4, 25 }, // U+00F4
    { 0x00F5, 25 }, // U+00F5
    { 0x00F6, 25 }, // U+00F6
    { 0x00F8, 25 }, // U+00F8
    { 0x00F9, 36 }, // U+00F9
    { 0x00FA, 36 }, // U+00FA
    { 0x00FB, 36 }, // U+00FB
    { 0x00FC, 36 }, // U+00FC
    { 0x00FD, 37 }, // U+00FD
    { 0x00FF, 37 }, // U+00FF
    { 0x0100, 12 }, // U+0100
    { 0x0101, 24 }, // U+0101
    { 0x0102, 12 }, // U+0102
    { 0x0103, 24 }, // U+0103
    { 0x0104, 12 }, // U+0104
    { 0x0105, 24 }, // U+0105
    { 0x0106, 13 }, // U+0106
    { 0x0107, 25 }, // U+0107
    { 0x0108, 13 }, // U+0108
    { 0x0109, 25 }, // U+0109
    { 0x010A, 13 }, // U+010A
    { 0x010B, 25 }, // U+010B
    { 0x010C, 13 }, // U+010C
    { 0x010D, 25 }, // U+010D
    { 0x010F, 25 }, // U+010F
    { 0x0111, 25 }, // U+0111
    { 0x0113, 25 }, // U+0113
    { 0x0115, 25 }, // U+0115
    { 0x0117, 25 }, // U+0117
    { 0x0119, 25 }, // U+0119
    { 0x011B, 25 }, // U+011B
    { 0x011C, 13 }, // U+011C
    { 0x011D, 27 }, // U+011D
    { 0x011E, 13 }, // U+011E
    { 0x011F, 27 }, // U+011F
    { 0x0120, 13 }, // U+0120
    { 0x0121, 27 }, // U+0121
    { 0x0122, 13 }, // U+0122
    { 0x0123, 27 }, // U+0123
    { 0x0125, 28 }, // U+0125
    { 0x0127, 28 }, // U+0127
    { 0x0128, 14 }, // U+0128
    { 0x0129, 29 }, // U+0129
    { 0x012A, 14 }, // U+012A
    { 0x012B, 29 }, // U+012B
    { 0x012C, 14 }, // U+012C
    { 0x012D, 29 }, // U+012D
    { 0x012E, 14 }, // U+012E
    { 0x012F, 29 }, // U+012F
    { 0x0130, 14 }, // U+0130
    { 0x0131, 29 }, // U+0131
    { 0x0132, 14 }, // U+0132
    { 0x0133, 29 }, // U+0133
    { 0x0134, 15 }, // U+0134
    { 0x0135, 44 }, // U+0135
    { 0x0137, 28 }, // U+0137
    { 0x0138, 28 }, // U+0138
    { 0x013A, 31 }, // U+013A
    { 0x013C, 31 }, // U+013C
    { 0x013E, 31 }, // U+013E
    { 0x0140, 31 }, // U+0140
    { 0x0142, 31 }, // U+0142
    { 0x0144, 32 }, // U+0144
    { 0x0146, 32 }, // U+0146
    { 0x0148, 32 }, // U+0148
    { 0x014B, 32 }, // U+014B
    { 0x014C, 13 }, // U+014C
    { 0x014D, 25 }, // U+014D
    { 0x014E, 13 }, // U+014E
    { 0x014F, 25 }, // U+014F
    { 0x0150, 13 }, // U+0150
    { 0x0151, 25 }, // U+0151
    { 0x0152, 13 }, // U+0152
    { 0x0153, 25 }, // U+0153
    { 0x0155, 32 }, // U+0155
    { 0x0157, 32 }, // U+0157
    { 0x0159, 32 }, // U+0159
    { 0x015A, 16 }, // U+015A
    { 0x015B, 34 }, // U+015B
    { 0x015C, 16 }, // U+015C
    { 0x015D, 34 }, // U+015D
    { 0x015E, 16 }, // U+015E
    { 0x015F, 34 }, // U+015F
    { 0x0160, 16 }, // U+0160
    { 0x0161, 34 }, // U+0161
    { 0x0162, 45 }, // U+0162
    { 0x0163, 35 }, // U+0163
    { 0x0164, 45 }, // U+0164
    { 0x0165, 35 }, // U+0165
    { 0x0166, 45 }, // U+0166
    { 0x0167, 35 }, // U+0167
    { 0x0168, 18 }, // U+0168
    { 0x0169, 36 }, // U+0169
    { 0x016A, 18 }, // U+016A
    { 0x016B, 36 }, // U+016B
    { 0x016C, 18 }, // U+016C
    { 0x016D, 36 }, // U+016D
    { 0x016E, 18 }, // U+016E
    { 0x016F, 36 }, // U+016F
    { 0x0170, 18 }, // U+0170
    { 0x0171, 36 }, // U+0171
    { 0x0172, 18 }, // U+0172
    { 0x0173, 36 }, // U+0173
    { 0x0176, 43 }, // U+0176
    { 0x0177, 37 }, // U+0177
    { 0x0178, 43 }, // U+0178
    { 0x0179, 23 }, // U+0179
    { 0x017A, 40 }, // U+017A
    { 0x017B, 23 }, // U+017B
    { 0x017C, 40 }, // U+017C
    { 0x017D, 23 }, // U+017D
    { 0x017E, 40 }, // U+017E
    { 0x017F, 26 }, // U+017F
    { 0x01A0, 13 }, // U+01A0
    { 0x01A1, 25 }, // U+01A1
    { 0x01C9, 31 }, // U+01C9
    { 0x01CC, 32 }, // U+01CC
    { 0x01CD, 12 }, // U+01CD
    { 0x01CE, 24 }, // U+01CE
    { 0x01D3, 18 }, // U+01D3
    { 0x01D4, 36 }, // U+01D4
    { 0x01E6, 13 }, // U+01E6
    { 0x01E7, 27 }, // U+01E7
    { 0x01EA, 13 }, // U+01EA
    { 0x01EB, 25 }, // U+01EB
    { 0x01FA, 12 }, // U+01FA
    { 0x01FB, 24 }, // U+01FB
    { 0x01FC, 42 }, // U+01FC
    { 0x01FD, 24 }, // U+01FD
    { 0x01FE, 13 }, // U+01FE
    { 0x01FF, 25 }, // U+01FF
    { 0x0218, 16 }, // U+0218
    { 0x0219, 34 }, // U+0219
    { 0x021A, 45 }, // U+021A
    { 0x021B, 35 }, // U+021B
    { 0x021F, 28 }, // U+021F
    { 0x1EA0, 12 }, // U+1EA0
    { 0x1EA1, 24 }, // U+1EA1
    { 0x1EA2, 12 }, // U+1EA2
    { 0x1EA3, 24 }, // U+1EA3
    { 0x1EA4, 12 }, // U+1EA4
    { 0x1EA5, 24 }, // U+1EA5
    { 0x1EA6, 12 }, // U+1EA6
    { 0x1EA7, 24 }, // U+1EA7
    { 0x1EA8, 12 }, // U+1EA8
    { 0x1EA9, 24 }, // U+1EA9
    { 0x1EAA, 12 }, // U+1EAA
    { 0x1EAB, 24 }, // U+1EAB
    { 0x1EAC, 12 }, // U+1EAC
    { 0x1EAD, 24 }, // U+1EAD
    { 0x1EAE, 12 }, // U+1EAE
    { 0x1EAF, 24 }, // U+1EAF
    { 0x1EB0, 12 }, // U+1EB0
    { 0x1EB1, 24 }, // U+1EB1
    { 0x1EB2, 12 }, // U+1EB2
    { 0x1EB3, 24 }, // U+1EB3
    { 0x1EB4, 12 }, // U+1EB4
    { 0x1EB5, 24 }, // U+1EB5
    { 0x1EB6, 12 }, // U+1EB6
    { 0x1EB7, 24 }, // U+1EB7
    { 0x1EB9, 25 }, // U+1EB9
    { 0x1EBB, 25 }, // U+1EBB
    { 0x1EBD, 25 }, // U+1EBD
    { 0x1EBF, 25 }, // U+1EBF
    { 0x1EC1, 25 }, // U+1EC1
    { 0x1EC3, 25 }, // U+1EC3
    { 0x1EC5, 25 }, // U+1EC5
    { 0x1EC7, 25 }, // U+1EC7
    { 0x1EC8, 14 }, // U+1EC8
    { 0x1EC9, 29 }, // U+1EC9
    { 0x1ECA, 14 }, // U+1ECA
    { 0x1ECB, 29 }, // U+1ECB
    { 0x1ECC, 13 }, // U+1ECC
    { 0x1ECD, 25 }, // U+1ECD
    { 0x1ECE, 13 }, // U+1ECE
    { 0x1ECF, 25 }, // U+1ECF
    { 0x1ED0, 13 }, // U+1ED0
    { 0x1ED1, 25 }, // U+1ED1
    { 0x1ED2, 13 }, // U+1ED2
    { 0x1ED3, 25 }, // U+1ED3
    { 0x1ED4, 13 }, // U+1ED4
    { 0x1ED5, 25 }, // U+1ED5
    { 0x1ED6, 13 }, // U+1ED6
    { 0x1ED7, 25 }, // U+1ED7
    { 0x1ED8, 13 }, // U+1ED8
    { 0x1ED9, 25 }, // U+1ED9
    { 0x1EDA, 13 }, // U+1EDA
    { 0x1EDB, 25 }, // U+1EDB
    { 0x1EDC, 13 }, // U+1EDC
    { 0x1EDD, 25 }, // U+1EDD
    { 0x1EDE, 13 }, // U+1EDE
    { 0x1EDF, 25 }, // U+1EDF
    { 0x1EE0, 13 }, // U+1EE0
    { 0x1EE1, 25 }, // U+1EE1
    { 0x1EE2, 13 }, // U+1EE2
    { 0x1EE3, 25 }, // U+1EE3
    { 0x1EE4, 18 }, // U+1EE4
    { 0x1EE5, 36 }, // U+1EE5
    { 0x1EE6, 18 }, // U+1EE6
    { 0x1EE7, 36 }, // U+1EE7
    { 0x1EE8, 18 }, // U+1EE8
    { 0x1EE9, 36 }, // U+1EE9
    { 0x1EEA, 18 }, // U+1EEA
    { 0x1EEB, 36 }, // U+1EEB
    { 0x1EEC, 18 }, // U+1EEC
    { 0x1EED, 36 }, // U+1EED
    { 0x1EEE, 18 }, // U+1EEE
    { 0x1EEF, 36 }, // U+1EEF
    { 0x1EF0, 18 }, // U+1EF0
    { 0x1EF1, 36 }, // U+1EF1
    { 0x1EF2, 43 }, // U+1EF2
    { 0x1EF3, 37 }, // U+1EF3
    { 0x1EF4, 43 }, // U+1EF4
    { 0x1EF5, 37 }, // U+1EF5
    { 0x1EF6, 43 }, // U+1EF6
    { 0x1EF7, 37 }, // U+1EF7
    { 0x1EF8, 43 }, // U+1EF8
    { 0x1EF9, 37 }, // U+1EF9
    { 0x2013, 4 }, // U+2013
    { 0x2014, 4 }, // U+2014
    { 0x2019, 46 }, // U+2019
    { 0x201A, 3 }, // U+201A
    { 0x201D, 46 }, // U+201D
    { 0x201E, 3 }, // U+201E
    { 0x2026, 3 }, // U+2026
    { 0x2030, 1 }, // U+2030
    { 0x20AB, 25 }, // U+20AB
    { 0x2202, 25 }, // U+2202
    { 0xFB00, 26 }, // U+FB00
    { 0xFB01, 26 }, // U+FB01
    { 0xFB02, 26 }, // U+FB02
    { 0xFB03, 26 }, // U+FB03
    { 0xFB04, 26 }, // U+FB04
};

static const int8_t lexenddeca_18_boldKernMatrix[] = {
       0,    0,    0,    0,    0,    0,    0,    0,   19,    0,    0,    0,    0,    0,    0,    0,    0,    0,    0,    0,    0,    0,    0,    0,    0,    0,    0,    0,    0,    0,    0,    0,    0,    0,    0,    0,    0,    0,    0,    0,    0,    0,    0,    0,    0,    0,
       0,    0,    0,    0,    0,    0,    0,    0,    0,    0,    0,    0,    0,    0,    0,    0,    0,    0,    0,    0,    0,    0,    0,    0,    0,    0,  -13,    0,    0,    0,    0,    0,    0,    0,    0,    0,    0,    0,    0,    0,    0,    0,    0,    0,    0,    0,
       0,    0,    0,    0,    0,  -28,  -19,   19,  -33,    0,    0,    0,    0,    0,    0,    0,    0,    0,    0,    0,    0,    0,    0,    0,    0,    0,    0,    0,    0,    0,    0,    0,    0,    0,    0,    0,    0,    0,    0,    0,    0,    0,    0,    0,    0,    0,
       0,    0,    0,    0,  -82,    0,    0,    0,    0,    0,    0,    0,    0,    0,    0,    0,    0,    0,    0,    0,    0,    0,    0,    0,    0,    0,    0,    0,    0,    0,    0,    0,    0,    0,    0,    0,    0,    0,    0,    0,    0,    0,    0,    0,    0,    0,
       0,   10,    0,    0,    0,    0,    0,    0,    0,    0,    0,    0,    0,    0,    0,    0,    0,    0,    0,    0,    0,    0,    0,    0,    0,    0,    0,    0,    0,    0,    0,    0,    0,    0,    0,    0,    0,    0,    0,    0,    0,    0,    0,    0,    0,    0,
       0,    0,    0,    0,    0,    0,    0,   -5,    0,    0,    0,    0,    0,    0,    0,    0,    0,    0,    0,    0,    0,    0,    0,    0,    0,    0,    0,    0,    0,    0,    0,    0,    0,    0,    0,    0,    0,    0,    0,    0,    0,    0,    0,    0,    0,    0,
       0,    0,    0,    0,    0,    0,    0,   12,    0,    0,  -13,    0,    0,    0,    0,    0,    0,    0,    0,    0,    0,    0,    0,    0,    0,    0,    0,    0,    0,    0,    0,    0,    0,    0,    0,    0,    0,    0,    0,    0,  -46,    0,    0,    0,    0,    0,
       0,    0,    0,    0,    0,    0,    0,    0,    0,    0,  -16,    0,    0,    0,    0,    0,    0,    0,    0,    0,    0,    0,    0,    0,    0,    0,    0,    0,    0,    0,    0,    0,    0,    0,    0,    0,    0,    0,    0,    0,    0,    0,    0,    0,    0,    0,
       0,    0,    0,    0,    0,  -14,  -11,    0,    0,    0,    0,    0,    0,    0,    0,    0,    0,    0,    0,    0,    0,    0,    0,    0,    0,    0,    0,    0,    0,    0,    0,    0,    0,    0,    0,    0,    0,    0,    0,    0,    0,    0,    0,    0,    0,    0,
      19,    0,    0,  -33,    0,    0,    0,  -22,   22,  -28,    0,    0,    0,    0,    0,    0,    0,    0,    0,    0,    0,    0,    0,    0,    0,    0,    0,    0,    0,    0,    0,    0,    0,    0,    0,    0,    0,    0,    0,    0,    0,    0,    0,    0,    0,    0,
     -15,    0,    0,    0,    0,  -17,    0,    0,  -11,    0,  -14,    0,    0,    0,    0,    0,    0,    0,    0,    0,    0,    0,    0,    0,    0,    0,    0,    0,    0,    0,    0,    0,    0,    0,    0,    0,    0,    0,    0,    0,  -17,    0,    0,    0,    0,    0,
       0,    0,    0,    0,    0,    0,    0,  -14,  -11,  -14,    0,    0,    0,    0,    0,    0,    0,    0,    0,    0,    0,    0,    0,    0,    0,    0,    0,    0,    0,    0,    0,    0,    0,    0,    0,    0,    0,    0,    0,    0,    0,    0,    0,    0,    0,    0,
       0,    0,    0,    0,    0,    0,    0,    0,    0,    0,    0,   11,  -22,    0,    0,    0,  -40,  -17,  -40,  -28,    0,  -40,    0,    0,    0,    0,    0,    0,    0,    0,  -13,    0,    0,    0,  -16,  -14,  -24,  -26,   12,    0,    0,    0,  -40,    0,  -40,    0,
       0,    0,    0,    0,    0,    0,    0,    0,    0,    0,    0,  -11,    0,    0,    0,    0,    0,    0,  -11,    0,  -11,  -17,    0,   -8,    0,    0,    0,    0,    0,    0,    0,    0,    0,    0,    0,    0,    0,    0,    0,    0,    0,  -25,  -17,    0,    0,    0,
       0,    0,    0,    0,    0,    0,    0,    0,    0,    0,    0,    0,  -11,    0,    0,    0,    0,    0,    0,    0,    0,  -14,    0,    0,    0,    0,    0,    0,    0,    0,    0,    0,    0,    0,    0,    0,    0,    0,    0,    0,    0,  -25,  -14,    0,    0,    0,
       0,    0,    0,    0,    0,    0,    0,    0,    0,    0,    0,  -23,    0,  -17,    0,    0,  -23,    0,  -17,  -11,  -11,  -28,  -11,  -17,    0,    0,    0,    0,    0,    0,    0,    0,    0,    0,    0,    0,    0,    0,    0,  -11,    0,  -42,  -28,    0,  -23,    0,
       0,    0,    0,    0,    0,    0,    0,    0,    0,    0,    0,    0,  -11,    0,    0,    0,    0,    0,   10,   11,    0,    0,    0,    0,    0,    0,    0,    0,    0,    0,    0,    0,    0,    0,    0,    0,    0,    0,    0,    0,    0,    0,    0,    0,    0,    0,
       0,    0,    0,    0,    0,    0,    0,    0,    0,    0,    0,  -23,    0,    0,  -19,    0,   14,    0,    0,    0,    0,    0,    0,  -13,    0,    0,    0,    0,    0,    0,    0,    0,    0,    0,    0,    0,    0,    0,    0,    0,    0,  -68,    0,    0,   14,    0,
       0,    0,    0,    0,    0,    0,    0,    0,    0,    0,    0,    0,    0,    0,    0,    0,  -11,    0,  -17,    0,    0,  -28,    0,    0,    0,    0,    0,    0,    0,    0,    0,    0,    0,    0,    0,    0,    0,    0,    0,    0,    0,    0,  -28,    0,  -11,    0,
       0,    0,    0,    0,    0,    0,    0,    0,    0,    0,    0,    0,  -17,    0,    0,    0,    0,    0,    0,    0,    0,    0,    0,    0,    0,  -13,    0,    0,    0,    0,    0,    0,    0,    0,  -17,    0,    0,    0,    0,    0,    0,  -16,    0,    0,    0,    0,
       0,    0,    0,    0,    0,    0,    0,    0,    0,    0,    0,  -17,    0,    0,    0,    0,    0,    0,    0,    0,    0,    0,    0,    0,    0,    0,    0,    0,    0,    0,    0,    0,    0,    0,    0,    0,    0,    0,    0,    0,    0,    0,    0,    0,    0,    0,
       0,    0,    0,    0,    0,    0,    0,    0,    0,    0,    0,    0,  -28,    0,    0,    0,    0,    0,    0,    0,    0,    0,    0,    0,  -11,    0,    0,    0,    0,    0,    0,    0,    0,    0,    0,  -26,  -30,  -30,    0,    0,    0,    0,    0,    0,    0,    0,
       0,    0,    0,    0,    0,    0,    0,    0,    0,    0,    0,   17,  -22,    0,   17,    0,  -62,  -13,  -40,  -23,   17,  -51,    0,    0,    0,    0,    0,    0,  -11,    0,    0,    0,    0,    0,    0,    0,  -23,  -28,   17,    0,    0,    0,  -51,    0,  -62,    0,
       0,    0,    0,    0,    0,    0,    0,    0,    0,    0,    0,  -49,    0,    0,  -40,    0,    0,    0,    0,    0,  -17,  -11,  -11,  -17,    0,    0,    0,    0,    0,    0,    0,    0,    0,  -11,    0,    0,    0,    0,    0,    0,    0,  -88,  -11,    0,    0,    0,
       0,    0,    0,    0,    0,    0,    0,    0,    0,    0,    0,   17,    0,    0,    0,    0,    0,   -4,    0,    0,   11,  -23,    0,    0,    0,    0,    0,    0,    0,    0,    0,    0,    0,    0,    0,    0,    0,    0,   11,   11,    0,    0,  -23,    0,    0,    0,
       0,    0,    0,    0,    0,    0,    0,    0,    0,    0,    0,   11,  -13,    0,    0,    0,    0,    0,    0,    0,    0,  -10,    0,    0,    0,    0,  -11,    0,    0,    0,    0,    0,    0,    0,    0,  -11,    0,    0,    0,    0,    0,    0,  -10,    0,    0,    0,
       0,    0,    0,    0,    0,    0,    0,    0,    0,    0,    0,    0,    0,    0,    0,    0,    0,    0,    0,  -11,    0,   -8,    0,    0,    0,    0,    0,    0,    0,    0,    0,    0,    0,    0,    0,    0,    0,    0,    0,    0,    0,  -16,   -8,    0,    0,    0,
       0,    0,    0,    0,    0,    0,    0,    0,    0,    0,    0,  -40,  -23,    0,  -62,    0,   13,    0,   23,   17,    0,   11,    0,  -34,  -52,   11,  -48,    0,    0,    0,    0,  -40,  -40,  -23,    0,  -36,   -6,  -12,  -12,  -18,    0,  -75,   11,    0,   13,    0,
       0,    0,    0,    0,    0,    0,    0,    0,    0,    0,    0,  -17,    0,    0,    0,    0,    0,    0,    0,    0,    0,    0,    0,    0,    0,    0,    0,    0,    0,    0,    0,    0,    0,    0,    0,    0,    0,    0,    0,    0,    0,  -53,    0,    0,    0,    0,
       0,    0,    0,    0,    0,    0,    0,    0,    0,    0,    0,  -40,  -17,    0,  -23,    0,   23,    0,   11,   11,    0,   11,    0,  -23,  -28,    0,  -22,    0,    0,    0,    0,  -11,  -11,  -11,    0,    0,    0,    0,    0,    0,    0,  -56,   11,    0,   23,    0,
       0,    0,    0,    0,    0,    0,    0,    0,    0,    0,    0,  -28,  -11,    0,  -17,    0,   17,    0,   11,   11,    0,    0,    0,  -17,  -14,    0,  -17,    0,    0,    0,    0,    0,    0,    0,    0,    0,    0,    0,    0,    0,    0,  -53,    0,    0,   17,    0,
       0,    0,    0,    0,    0,    0,    0,    0,    0,    0,    0,    0,  -17,    0,    0,    0,    0,    0,    0,    0,    0,    0,    0,  -11,  -12,    0,  -11,    0,    0,    0,    0,    0,    0,    0,    0,  -17,  -11,    0,    0,    0,    0,    0,    0,    0,    0,    0,
       0,    0,    0,    0,    0,    0,    0,    0,    0,    0,    0,  -40,  -28,    0,  -34,    0,   11,    0,   11,    0,    0,    0,    0,  -46,  -52,    0,  -51,    0,    0,    0,    0,  -26,  -26,  -34,    0,  -23,    0,    0,  -11,  -11,    0,  -97,    0,    0,   11,    0,
       0,    0,    0,    0,    0,    0,    0,    0,    0,    0,    0,    0,  -17,    0,    0,    0,    0,    0,    0,    0,    0,    0,    0,    0,    0,    0,  -17,    0,    0,    0,    0,    0,    0,    0,  -17,    0,    0,    0,    0,    0,    0,    0,    0,    0,    0,    0,
       0,    0,    0,    0,    0,    0,    0,    0,    0,    0,    0,    0,    0,    0,    0,    0,  -34,    0,    0,    0,    0,  -34,    0,    0,    0,    0,    0,    0,    0,    0,    0,    0,    0,    0,    0,    0,    0,    0,    0,    0,    0,    0,    0,    0,    0,    0,
       0,    0,    0,    0,    0,    0,    0,    0,    0,    0,    0,    0,    0,    0,    0,    0,  -52,    0,  -28,  -14,  -12,  -52,    0,    0,    0,    0,    0,    0,    0,    0,    0,    0,    0,    0,    0,    0,    0,    0,    0,    0,    0,  -24,  -52,    0,  -52,    0,
       0,    0,    0,    0,    0,    0,    0,    0,    0,    0,    0,    0,    0,    0,    0,    0,  -58,    0,    0,  -17,    0,  -46,    0,    0,    0,    0,    0,    0,    0,    0,    0,    0,    0,    0,    0,    0,    0,    0,    0,    0,    0,   -7,  -46,    0,  -58,    0,
       0,    0,    0,    0,    0,    0,    0,    0,    0,    0,    0,    0,    0,    0,    0,    0,    0,    0,    0,    0,    0,    0,    0,    0,    0,    0,    0,    0,    0,   10,    0,    0,    0,    0,    0,    0,    0,    0,    0,    0,    0,    0,    0,    0,    0,    0,
       0,    0,    0,    0,    0,    0,    0,    0,    0,    0,    0,    0,    0,    0,    0,    0,  -40,    0,  -23,  -17,  -11,  -46,    0,    0,    0,    0,    0,    0,    0,    0,    0,    0,    0,    0,    0,    0,    0,    0,    0,    0,    0,  -19,  -46,    0,  -40,    0,
       0,    0,    0,    0,    0,    0,    0,    0,    0,    0,    0,    0,    0,    0,    0,    0,   17,    0,    0,   11,    0,    0,    0,  -19,  -13,    0,    0,    0,    0,    0,    0,    0,    0,    0,    0,    0,    0,    0,    0,    0,    0,  -49,    0,    0,   17,    0,
       0,    0,    0,    0,    0,    0,    0,    0,    0,    0,    0,    0,    0,    0,    0,    0,    0,    0,    0,    0,    0,  -28,    0,    0,    0,    0,    0,    0,    0,    0,    0,    0,    0,    0,    0,    0,    0,    0,    0,    0,    0,    0,  -28,    0,    0,    0,
       0,    0,    0,    0,    0,    0,    0,    0,    0,    0,    0,    0,    0,    0,    0,    0,  -41,    0,  -17,  -17,    0,  -40,    0,    0,   -7,    0,   -8,    0,    0,    0,    0,    0,    0,    0,   -8,    0,    0,    0,    0,    0,    0,  -11,  -40,    0,  -41,    0,
       0,    0,    0,    0,    0,    0,    0,    0,    0,    0,    0,    0,    0,    0,    0,    0,    0,    0,    0,    0,    0,    0,    0,    0,    0,    0,    0,    0,    0,   14,    0,    0,    0,    0,    0,    0,    0,    0,    0,    0,    0,    0,    0,   14,    0,    0,
       0,    0,    0,    0,    0,    0,    0,    0,    0,    0,    0,   17,  -11,    0,    0,    0,    0,    0,    0,    0,    0,    0,    0,    0,   -9,    0,    0,    0,    0,    0,    0,    0,    0,    0,   -7,    0,    0,    0,    0,    0,    0,    0,    0,    0,    0,    0,
       0,    0,   20,    0,   17,    0,    0,    0,    0,    0,    0,    0,    0,    0,    0,    0,    0,    0,    0,    0,   11,    0,    0,    0,    0,    0,    0,    0,  -11,    0,    0,    0,    7,    0,    0,    0,    7,    0,    0,    0,    0,    7,    0,    0,    0,    0,
       0,    0,    0,    0,    0,    0,    0,    0,    0,    0,    0,    0,    0,    0,    0,    0,  -28,    0,    0,    0,    0,  -17,    0,    0,    0,    0,    0,    0,    0,    0,    0,    0,    0,    0,    0,    0,    0,    0,    0,    0,    0,    0,  -17,    0,  -28,    0,
       0,    0,    0,    0,    0,    0,    0,    0,    0,    0,    0,    0,    0,    0,  -48,    0,  -13,    0,    0,   17,    0,    0,    0,   -9,    0,   11,    0,    0,    0,    0,    0,    0,    0,    0,   10,    0,   16,   14,   13,    0,    0,  -72,    0,    0,  -13,    0,
       0,    0,    0,    0,    0,    0,    0,    0,    0,    0,    0,    0,    0,    0,   13,    0,  -23,    0,  -11,    0,    0,  -34,    0,    0,    0,    0,    0,    0,    0,    0,    0,    0,    0,    0,    0,    0,    0,    0,    0,    0,    0,   -4,  -34,    0,  -23,    0,
       0,    0,    0,    0,    0,    0,    0,    0,    0,    0,    0,   14,    0,    0,    0,    0,    0,    0,    0,    0,    0,  -17,    0,    0,    0,    0,    0,    0,    0,    0,    0,    0,    0,    0,    0,    0,    0,    0,    0,    0,    0,    0,  -17,    0,    0,    0,
       0,    0,    0,    0,    0,    0,    0,    0,    0,    0,    0,    0,    0,    0,    0,    0,  -36,    0,    0,    0,    0,  -23,    0,    0,    0,    0,    0,    0,    0,    0,    0,    0,    0,    0,    0,    0,    0,    0,    0,    0,    0,  -16,  -23,    0,  -36,    0,
       0,    0,    0,    0,    0,    0,    0,    0,    0,    0,    0,  -34,    0,    0,    0,    0,   -6,    0,    0,    0,  -11,    0,  -11,  -11,    0,   13,    0,    0,    0,    0,    0,    0,    0,   13,    0,    0,    6,    6,    0,    0,    0,  -61,    0,    0,   -6,    0,
       0,    0,    0,    0,    0,    0,    0,    0,    0,    0,    0,    0,    0,    0,    0,    0,  -12,    0,    0,    0,    0,    0,    0,    0,    0,    8,    0,    0,    0,    0,    0,    0,    0,    0,    0,    0,    6,    6,    0,    0,    0,  -60,    0,    0,  -12,    0,
       0,    0,    0,    0,    0,    0,    0,    0,    0,    0,    0,   12,    0,    0,    0,    0,    0,    0,    0,    0,    0,  -11,    0,    0,    0,    0,    0,    0,    0,    0,    0,    0,    0,    0,    0,    0,    0,    0,    0,    0,    0,    0,  -11,    0,    0,    0,
       0,    0,    0,    0,    0,    0,    0,    0,    0,    0,    0,    0,    0,    0,    0,    0,    0,    0,    0,    0,    0,  -11,    0,    0,    0,    0,    0,    0,    0,    0,    0,    0,    0,    0,    0,    0,    0,    0,    0,    0,    0,    0,  -11,    0,    0,    0,
       0,    0,    0,    0,    0,    0,    0,    0,    0,    0,    0,    0,    0,    0,    0,    0,  -41,    0,  -17,  -17,    0,  -40,    0,    0,   -7,    0,   -8,    0,    0,   34,    0,    0,    0,    0,   -8,    0,    0,    0,    0,    0,    0,  -11,  -40,    0,  -41,    0,
       0,    0,   20,    0,    0,    0,    0,    0,    0,    0,    0,    0,   16,   24,    0,   18,   60,   24,   56,   56,   48,   54,   32,    0,    0,   30,    0,   24,   12,   24,   24,   18,   18,    0,   24,    0,   40,   32,   32,   24,    0,    7,   54,   24,   60,   32,
       0,    0,   20,    0,    0,    0,    0,    0,    0,    0,    0,    0,    0,    0,    0,    0,    0,    0,    0,    0,   11,    0,    0,    0,    0,    0,    0,    0,  -11,    0,    0,    0,    0,    0,    0,    0,    7,    0,    0,    0,    0,    7,    0,    0,    0,    0,
       0,    0,  -40,    0,    0,    0,    0,    0,    0,    0,    0,  -16,    0,    0,    0,    0,   24,    0,   16,   16,    8,    8,    0,    0,    0,    0,    0,    0,    0,    0,    0,    0,    0,    0,    0,    0,    0,    0,    0,    0,    0,  -32,    8,    0,   24,    0,
       0,    0,  -40,    0,    0,    0,    0,    0,    0,    0,    0,  -16,    0,    0,    0,   16,   16,    0,   16,   16,    0,    0,    0,    0,    0,    0,    0,    8,    8,    0,    8,    0,    0,    0,   16,    0,   24,   24,   16,    0,    0,  -24,    0,    0,   16,    0,
       0,    0,  -40,    0,    0,    0,    0,    0,    0,    0,    0,  -32,    0,    0,   -8,    0,   32,    0,   24,   24,    8,   16,    0,  -16,   -8,    0,   -8,    0,    0,    0,    0,    0,    0,    0,    0,   -8,    0,    0,    0,   -8,    0,  -40,   16,    0,   32,    0,
       0,    0,  -24,    0,    0,    0,    0,    0,    0,    0,    0,  -16,    0,    0,  -16,   16,   24,    0,   24,   24,    0,    0,    0,   -8,   -8,   16,   -8,    0,    0,    0,    0,    0,    0,   -8,   16,    0,   24,   24,   24,    0,    0,  -24,    0,    0,   24,    0,
       0,    0,    0,    0,    0,    0,    0,    0,    0,    0,    0,    0,    0,    0,    0,    0,    0,    0,    0,    0,    0,    0,    0,    0,    0,    0,    0,    0,    0,    0,    0,    0,    0,  -17,    0,    0,    0,    0,    0,    0,    0,    0,    0,    0,    0,    0,
};

static const EpdLigaturePair lexenddeca_18_boldLigaturePairs[] = {
    { 0x00660066, 0xFB00 }, // f f -> U+FB00
    { 0x00660069, 0xFB01 }, // f i -> U+FB01
    { 0x0066006C, 0xFB02 }, // f l -> U+FB02
    { 0xFB000069, 0xFB03 }, // U+FB00 i -> U+FB03
    { 0xFB00006C, 0xFB04 }, // U+FB00 l -> U+FB04
};

static constexpr EpdFontData lexenddeca_18_bold = {
    lexenddeca_18_boldBitmaps,
    lexenddeca_18_boldGlyphs,
    lexenddeca_18_boldIntervals,
    44,
    47,
    36,
    -11,
    true,
    lexenddeca_18_boldGroups,
    12,
    nullptr,
    lexenddeca_18_boldKernLeftClasses,
    lexenddeca_18_boldKernRightClasses,
    lexenddeca_18_boldKernMatrix,
    350,
    329,
    62,
    46,
    lexenddeca_18_boldLigaturePairs,
    5,
};
