/**
 * generated by fontconvert.py
 * name: lexenddeca_10_italic
 * size: 10
 * mode: 2-bit  compressed: true
 * Command used: fontconvert.py lexenddeca_10_italic 10 ../builtinFonts/source/LexicaUltralegible/LexicaUltralegible-Italic.ttf ../builtinFonts/source/ChareInk7/ChareInk7-Italic.ttf ../builtinFonts/source/NotoEmoji/NotoEmoji-Regular.ttf ../builtinFonts/source/NotoSymbols/NotoSansSymbols-Regular.ttf --additional-intervals 0x03BB,0x03BB --additional-intervals 0x0410,0x0414 --additional-intervals 0x0418,0x0418 --additional-intervals 0x041B,0x041B --additional-intervals 0x041D,0x0423 --additional-intervals 0x0425,0x0425 --additional-intervals 0x0427,0x0427 --additional-intervals 0x042B,0x042C --additional-intervals 0x042E,0x0432 --additional-intervals 0x0434,0x0435 --additional-intervals 0x0437,0x0437 --additional-intervals 0x043A,0x043A --additional-intervals 0x043D,0x043E --additional-intervals 0x0440,0x0440 --additional-intervals 0x0442,0x0442 --additional-intervals 0x0446,0x0446 --additional-intervals 0x044C,0x044C --additional-intervals 0x044E,0x044E --additional-intervals 0x2113,0x2113 --additional-intervals 0x2669,0x266F --additional-intervals 0x1F600,0x1F607 --additional-intervals 0x1F609,0x1F614 --additional-intervals 0x1F618,0x1F618 --additional-intervals 0x1F61A,0x1F61A --additional-intervals 0x1F61C,0x1F61D --additional-intervals 0x1F620,0x1F622 --additional-intervals 0x1F624,0x1F625 --additional-intervals 0x1F629,0x1F629 --additional-intervals 0x1F62C,0x1F62E --additional-intervals 0x1F631,0x1F635 --additional-intervals 0x1F641,0x1F642 --additional-intervals 0x1F644,0x1F644 --additional-intervals 0x1F44B,0x1F44F --additional-intervals 0x2764,0x2764 --font-include-intervals 1:0x03BB,0x03BB --font-include-intervals 1:0x0410,0x0414 --font-include-intervals 1:0x0418,0x0418 --font-include-intervals 1:0x041B,0x041B --font-include-intervals 1:0x041D,0x0423 --font-include-intervals 1:0x0425,0x0425 --font-include-intervals 1:0x0427,0x0427 --font-include-intervals 1:0x042B,0x042C --font-include-intervals 1:0x042E,0x0432 --font-include-intervals 1:0x0434,0x0435 --font-include-intervals 1:0x0437,0x0437 --font-include-intervals 1:0x043A,0x043A --font-include-intervals 1:0x043D,0x043E --font-include-intervals 1:0x0440,0x0440 --font-include-intervals 1:0x0442,0x0442 --font-include-intervals 1:0x0446,0x0446 --font-include-intervals 1:0x044C,0x044C --font-include-intervals 1:0x044E,0x044E --font-include-intervals 1:0x2113,0x2113 --font-include-intervals 2:0x1F600,0x1F607 --font-include-intervals 2:0x1F609,0x1F614 --font-include-intervals 2:0x1F618,0x1F618 --font-include-intervals 2:0x1F61A,0x1F61A --font-include-intervals 2:0x1F61C,0x1F61D --font-include-intervals 2:0x1F620,0x1F622 --font-include-intervals 2:0x1F624,0x1F625 --font-include-intervals 2:0x1F629,0x1F629 --font-include-intervals 2:0x1F62C,0x1F62E --font-include-intervals 2:0x1F631,0x1F635 --font-include-intervals 2:0x1F641,0x1F642 --font-include-intervals 2:0x1F644,0x1F644 --font-include-intervals 2:0x1F44B,0x1F44F --font-include-intervals 2:0x2764,0x2764 --font-include-intervals 3:0x2669,0x266F --2bit --compress --pnum --darken-aa
 */
#pragma once
#include "EpdFontData.h"

static const uint8_t lexenddeca_10_italicBitmaps[14800] = {
    0x75, 0x57, 0x3D, 0x8F, 0x1B, 0xC7, 0x19, 0x7E, 0x76, 0x37, 0xD0, 0x06, 0x5A, 0xF8, 0xC6, 0xA5,
    0x61, 0xC0, 0xDC, 0x56, 0x90, 0x8F, 0x5C, 0x17, 0x2A, 0x18, 0x78, 0x96, 0xDC, 0xC4, 0x85, 0x8B,
    0x14, 0xF9, 0x0B, 0x29, 0x83, 0xA4, 0xB0, 0x0A, 0x01, 0x61, 0x41, 0x89, 0x63, 0xA8, 0x48, 0xA1,
    0xC2, 0xFE, 0x09, 0x2E, 0x5C, 0x28, 0x34, 0x10, 0x29, 0x0E, 0x8B, 0x05, 0x4C, 0x1F, 0x27, 0x52,
    0x91, 0x22, 0x08, 0xB4, 0x88, 0x8A, 0x14, 0x01, 0xE2, 0x45, 0xAA, 0x40, 0x01, 0x72, 0x93, 0x84,
    0x40, 0x68, 0x99, 0xC7, 0xC9, 0xF3, 0xCE, 0x92, 0xE7, 0x3B, 0x1F, 0x74, 0xBB, 0x2F, 0x8F, 0x9C,
    0xD9, 0x79, 0x3F, 0x9F, 0xF7, 0x63, 0xE3, 0x36, 0x6E, 0x12, 0x2B, 0x57, 0x6A, 0x32, 0x64, 0x38,
    0xC2, 0x6B, 0xF8, 0x3E, 0x80, 0x21, 0xBE, 0x84, 0xC6, 0xB0, 0xDD, 0x5F, 0x0D, 0x26, 0x1A, 0x58,
    0x0C, 0x81, 0xC7, 0x13, 0xC0, 0x2D, 0x90, 0x7B, 0x6F, 0xDF, 0x7C, 0xF9, 0xD2, 0xC0, 0x39, 0xA0,
    0x75, 0x88, 0x48, 0x6F, 0x7F, 0xF3, 0x12, 0x63, 0xEF, 0x91, 0x3C, 0x69, 0x48, 0x16, 0xC9, 0x53,
    0xD2, 0x7D, 0x0B, 0x44, 0x15, 0x62, 0x83, 0x55, 0x9B, 0xF8, 0xAD, 0xBA, 0x3F, 0x52, 0x19, 0xD4,
    0x75, 0xA8, 0x3F, 0x21, 0xDD, 0x81, 0x8B, 0x18, 0x6C, 0x71, 0xA3, 0xC4, 0xAD, 0x52, 0xBF, 0x53,
    0x8E, 0x6F, 0x2F, 0x95, 0x77, 0xB1, 0x37, 0x68, 0x00, 0x83, 0x64, 0x43, 0x1D, 0x72, 0x8F, 0x1A,
    0x5A, 0xC1, 0x61, 0x98, 0xBE, 0x67, 0x71, 0x27, 0x7B, 0xDF, 0xF0, 0xA7, 0x02, 0x8A, 0x33, 0xAA,
    0x94, 0xAD, 0x27, 0x63, 0x4A, 0x70, 0xDE, 0x21, 0x7E, 0xDE, 0x2C, 0x90, 0xDE, 0x37, 0x43, 0xA8,
    0xC4, 0x4C, 0xD0, 0x4F, 0xAC, 0xC3, 0x24, 0xF6, 0x0D, 0x4F, 0xAE, 0x2A, 0xE4, 0x2D, 0x85, 0x6D,
    0xF9, 0xA4, 0xDE, 0xD3, 0x14, 0xF8, 0x86, 0xBA, 0x53, 0x56, 0xE6, 0x13, 0x5B, 0xA8, 0x07, 0xD5,
    0x34, 0xFD, 0x0A, 0x8B, 0x78, 0xCB, 0xE7, 0xB7, 0xA8, 0x93, 0x33, 0xDA, 0x72, 0x0A, 0xF5, 0xB5,
    0x32, 0x43, 0xF9, 0xA3, 0x26, 0x4E, 0x5C, 0x95, 0x55, 0x0A, 0x03, 0xFE, 0xA0, 0x73, 0x30, 0xC1,
    0x1D, 0x2C, 0x48, 0x13, 0xC8, 0xF6, 0x31, 0x7A, 0x74, 0xCF, 0xFE, 0xEB, 0x31, 0xFA, 0x78, 0x8B,
    0xD4, 0xE7, 0x37, 0x79, 0x78, 0x01, 0x17, 0xB5, 0xDD, 0x69, 0x8D, 0x18, 0x49, 0xF5, 0x05, 0x0A,
    0x57, 0x54, 0xBF, 0x34, 0x11, 0xAD, 0xC1, 0xC5, 0x7B, 0xEC, 0xCF, 0x6E, 0x9E, 0x3C, 0xBC, 0xB8,
    0xF2, 0x46, 0x59, 0x1E, 0xDF, 0x72, 0x37, 0x1F, 0xCE, 0xB6, 0xFD, 0x51, 0x3F, 0xAC, 0x2D, 0xA8,
    0x3F, 0x92, 0x06, 0xA9, 0x05, 0x1D, 0xD1, 0x0B, 0x6B, 0xB5, 0xAC, 0xC5, 0xF4, 0xFC, 0x85, 0x35,
    0xAC, 0x9A, 0xC4, 0x6F, 0x94, 0x9D, 0x16, 0x4D, 0x39, 0x72, 0x03, 0xED, 0x7A, 0x93, 0x49, 0xAF,
    0xD6, 0x83, 0xC5, 0xA0, 0xBF, 0x50, 0xBA, 0xCE, 0x96, 0xD3, 0x64, 0x53, 0x26, 0xAE, 0xF0, 0x56,
    0x62, 0x71, 0x8C, 0x65, 0xB1, 0x19, 0xAF, 0x69, 0x83, 0x13, 0x6D, 0xE3, 0x26, 0x3E, 0x00, 0xA3,
    0xCA, 0x80, 0x7C, 0x43, 0x76, 0x1E, 0xB1, 0x53, 0x15, 0xED, 0x30, 0x74, 0x7D, 0x05, 0x91, 0x84,
    0x82, 0x44, 0x67, 0x46, 0x6B, 0x20, 0x6D, 0xC2, 0xCF, 0x88, 0x8F, 0x66, 0xFC, 0x3A, 0x7E, 0xF1,
    0x10, 0x33, 0xBF, 0x3D, 0xA8, 0x61, 0xA6, 0x6A, 0x6F, 0xD3, 0x12, 0x63, 0x06, 0xC5, 0xE2, 0x1A,
    0x03, 0xC0, 0x63, 0xB5, 0x46, 0x5D, 0x46, 0x2E, 0xF7, 0x4D, 0xEA, 0xC9, 0xB4, 0x24, 0x43, 0x1E,
    0x4A, 0x48, 0xD9, 0x12, 0x18, 0x10, 0x71, 0xD3, 0x1A, 0x11, 0x51, 0x97, 0x32, 0xA4, 0x82, 0x04,
    0x2D, 0x31, 0x25, 0xD2, 0x84, 0xC4, 0xE0, 0x40, 0xA9, 0x41, 0xEC, 0x77, 0xC9, 0x8B, 0x5F, 0x27,
    0x46, 0x74, 0xA3, 0x6A, 0x6A, 0x55, 0xE5, 0xBE, 0x1D, 0x44, 0x7B, 0x29, 0xF4, 0xDB, 0x84, 0xB1,
    0x8F, 0x29, 0x28, 0xD8, 0xBB, 0xB2, 0x89, 0x77, 0xCA, 0x2C, 0x3A, 0x5F, 0x95, 0xBE, 0x5A, 0xF9,
    0xE6, 0xCB, 0xD8, 0x6D, 0xE0, 0xD6, 0xE1, 0xAE, 0x23, 0xA7, 0x93, 0xA6, 0xF0, 0x26, 0x3B, 0x83,
    0xF2, 0xFE, 0xFA, 0xFC, 0x24, 0x18, 0xBA, 0xA6, 0x0F, 0x82, 0xE7, 0x8D, 0xD8, 0xCA, 0x85, 0x8D,
    0x2C, 0x24, 0x87, 0x05, 0xD1, 0x9E, 0x90, 0xF4, 0x2E, 0xB1, 0x8B, 0xC4, 0x0C, 0x13, 0x73, 0x87,
    0x40, 0x8C, 0xC5, 0x34, 0x97, 0x7F, 0xB8, 0x2D, 0xA1, 0x75, 0xB8, 0x4B, 0x6C, 0x72, 0xEF, 0xC4,
    0xDE, 0x95, 0xE1, 0x96, 0xAA, 0x36, 0xFD, 0xC3, 0x96, 0xC6, 0xA4, 0x84, 0x2B, 0xDE, 0x6F, 0x95,
    0xB7, 0xD1, 0x2A, 0x70, 0x0C, 0x22, 0x32, 0xA6, 0x93, 0xCD, 0x2C, 0xCD, 0x3B, 0xFF, 0x3B, 0xC6,
    0x3D, 0xEA, 0xFE, 0xDD, 0xD5, 0x37, 0x78, 0xA4, 0xE4, 0xDE, 0x3B, 0xF8, 0x24, 0xFC, 0x8A, 0xB6,
    0x04, 0x5B, 0xBC, 0x43, 0xD1, 0xF2, 0x71, 0x8C, 0x89, 0x11, 0x5A, 0xCF, 0x1F, 0xC4, 0x3A, 0x6E,
    0xCC, 0xE7, 0x0F, 0xBD, 0xC4, 0x48, 0xFE, 0xBA, 0xEF, 0x3F, 0x85, 0x3C, 0x26, 0xFB, 0xF4, 0x6E,
    0xEE, 0x24, 0x9C, 0xD9, 0x3A, 0xF2, 0x55, 0xBE, 0xC6, 0xAC, 0xC2, 0x6D, 0x70, 0xBD, 0x52, 0xBE,
    0x1D, 0x45, 0x6E, 0x28, 0x90, 0x0B, 0x8A, 0xCD, 0x24, 0xFE, 0xF4, 0x01, 0x83, 0x70, 0xAD, 0x12,
    0x56, 0x92, 0xA0, 0x21, 0x08, 0x98, 0x71, 0x83, 0x71, 0x52, 0x26, 0xB3, 0x7D, 0xD6, 0x89, 0xA1,
    0xDA, 0x3C, 0xBE, 0x3D, 0xDB, 0xDC, 0x7A, 0xEC, 0x26, 0xC3, 0xDF, 0xB6, 0x8F, 0x87, 0x9F, 0x5B,
    0x77, 0xEB, 0xF3, 0xBF, 0x3B, 0x37, 0xF4, 0xB3, 0x46, 0xFF, 0xEC, 0x4D, 0xF1, 0x22, 0x9F, 0x17,
    0xB0, 0x31, 0x6C, 0xA2, 0x08, 0xA8, 0x45, 0x24, 0x71, 0xFE, 0x8A, 0x31, 0x7E, 0x46, 0xCE, 0x3F,
    0xA9, 0x50, 0x10, 0x80, 0x9A, 0x31, 0xA8, 0x49, 0x74, 0x34, 0xF9, 0x0B, 0x35, 0xCA, 0x24, 0x6D,
    0x8E, 0xB8, 0x1D, 0x51, 0x2B, 0xE1, 0x91, 0xBC, 0xF0, 0x8C, 0x14, 0x25, 0xF3, 0x52, 0x15, 0x2F,
    0xE4, 0x50, 0xF3, 0x2D, 0x6B, 0xCA, 0x96, 0x49, 0x7C, 0x8F, 0x54, 0xD0, 0x51, 0x39, 0x5D, 0x58,
    0x30, 0x90, 0x77, 0x71, 0xF2, 0x68, 0x4D, 0x4C, 0x51, 0x81, 0x82, 0x0E, 0xA7, 0xCE, 0x99, 0xCD,
    0xAB, 0x9C, 0x06, 0x95, 0x1D, 0xC4, 0x05, 0x42, 0x82, 0x24, 0xB8, 0xFD, 0x7F, 0xA1, 0x25, 0x6E,
    0x60, 0xC4, 0x4F, 0x46, 0x13, 0x12, 0xCE, 0xC4, 0xD3, 0xDE, 0x7F, 0x1E, 0xE4, 0x26, 0x96, 0xE9,
    0xD2, 0x28, 0x74, 0x94, 0xD3, 0x45, 0x83, 0x40, 0xA9, 0x2D, 0xA1, 0xAA, 0x4E, 0xEE, 0x16, 0x27,
    0xB4, 0x75, 0xB5, 0x13, 0xBB, 0xBD, 0x49, 0x5E, 0xCC, 0x2B, 0x5A, 0x05, 0x49, 0x31, 0xB5, 0x4F,
    0x31, 0x35, 0xFF, 0x98, 0xFC, 0x1B, 0xEA, 0x0B, 0x56, 0x94, 0x2E, 0xB5, 0xF5, 0x5E, 0xA7, 0x93,
    0xF9, 0x27, 0xD4, 0xD9, 0xC9, 0xD9, 0x8A, 0x67, 0x71, 0xF5, 0xEC, 0xC3, 0xBD, 0xBD, 0x57, 0xCF,
    0xD6, 0x7B, 0xC2, 0x07, 0x17, 0xED, 0x4D, 0x2F, 0xDB, 0x7B, 0x6D, 0x5E, 0xB9, 0xCC, 0x1B, 0x66,
    0x5E, 0xB5, 0x21, 0x47, 0xE6, 0x2E, 0xAF, 0x13, 0xF2, 0xFC, 0x17, 0x2B, 0xF8, 0x6B, 0x12, 0xF4,
    0x9A, 0xB4, 0x96, 0x48, 0x50, 0x2E, 0x91, 0x1C, 0x39, 0xC5, 0x18, 0x30, 0x63, 0x1A, 0xE9, 0x12,
    0x62, 0x6B, 0x9F, 0x9C, 0x35, 0xB5, 0xD2, 0xE4, 0x31, 0x25, 0x8F, 0x3A, 0x10, 0xBD, 0xE1, 0x6D,
    0xBC, 0x33, 0x22, 0x66, 0x1D, 0x9C, 0x4A, 0xAC, 0x11, 0x50, 0xAD, 0x94, 0xB6, 0xC4, 0x06, 0x38,
    0x59, 0xB1, 0xE5, 0x51, 0xCB, 0x74, 0xA2, 0x2A, 0x83, 0x70, 0x77, 0x25, 0x64, 0x1A, 0xB4, 0xAB,
    0xCF, 0x8F, 0xDD, 0x88, 0x5B, 0x26, 0xAB, 0xCE, 0x6C, 0xE1, 0xAB, 0x6C, 0xCB, 0xB3, 0x29, 0xCB,
    0x6D, 0x6E, 0x52, 0x7B, 0x17, 0xD9, 0x87, 0x6B, 0xA8, 0x1F, 0x37, 0x50, 0x02, 0x48, 0xE6, 0x30,
    0x3B, 0x0A, 0x8A, 0x67, 0x04, 0x11, 0xB9, 0x97, 0x14, 0xA5, 0x29, 0x74, 0x4A, 0x0D, 0x6A, 0xDA,
    0x56, 0x13, 0x0F, 0x17, 0x45, 0xAB, 0xAE, 0x90, 0xF0, 0xD0, 0x15, 0xF1, 0x74, 0x3A, 0x6F, 0xF6,
    0xA8, 0xC2, 0xB2, 0x54, 0x8D, 0x6D, 0xBA, 0x65, 0x45, 0x61, 0xC1, 0xF2, 0x46, 0x2D, 0x25, 0x43,
    0x34, 0x01, 0xAB, 0x4A, 0x22, 0x36, 0xEF, 0xAB, 0x1C, 0x83, 0x41, 0x3E, 0xC0, 0xA0, 0xC7, 0xBC,
    0x2F, 0x8F, 0xA6, 0x4C, 0x72, 0xC5, 0x26, 0x34, 0x55, 0xED, 0x14, 0xB5, 0xB2, 0x35, 0x3F, 0x4C,
    0x8D, 0x84, 0x2A, 0x90, 0xDD, 0x9A, 0x8C, 0x1C, 0xF9, 0x38, 0xF5, 0x1B, 0x7A, 0x52, 0xD1, 0x93,
    0x8A, 0xC8, 0xC9, 0xDE, 0xB3, 0x83, 0xF4, 0xA9, 0x1D, 0x24, 0x7F, 0xB0, 0x3A, 0xF9, 0xAB, 0xD1,
    0xD1, 0x29, 0x3D, 0x29, 0xAD, 0x51, 0x68, 0x75, 0x01, 0xB1, 0xCA, 0xE4, 0x01, 0x5D, 0x49, 0x33,
    0x25, 0x91, 0x6B, 0x43, 0x3C, 0x36, 0x52, 0xA0, 0xD6, 0x5C, 0xA7, 0x27, 0xCC, 0x92, 0xA8, 0x3B,
    0x20, 0x36, 0x21, 0xDA, 0x43, 0xA6, 0x74, 0x88, 0xAD, 0xBA, 0x4C, 0x21, 0x41, 0xB2, 0xA5, 0x40,
    0xFE, 0xD9, 0x19, 0x0A, 0xDF, 0xBE, 0x1A, 0x39, 0x07, 0xB9, 0x8D, 0xC8, 0x4D, 0xF6, 0x72, 0xE3,
    0xB6, 0x26, 0x89, 0xDC, 0xB5, 0xA2, 0x5C, 0xF5, 0xD4, 0x6E, 0x92, 0x53, 0x23, 0xFA, 0x8E, 0xB0,
    0x93, 0xD9, 0x81, 0x67, 0x3E, 0xDA, 0x97, 0x6D, 0x5C, 0x95, 0x7F, 0x9E, 0xAD, 0x22, 0x7F, 0x1B,
    0xE4, 0x0F, 0x18, 0x82, 0x92, 0xA5, 0x41, 0xF3, 0xC8, 0x34, 0x69, 0x29, 0xDB, 0x91, 0xA4, 0x4A,
    0xB4, 0x29, 0xA7, 0x0A, 0x53, 0x76, 0x51, 0x52, 0xF6, 0x30, 0x55, 0xD0, 0x89, 0xA2, 0x68, 0xC9,
    0xF6, 0x4B, 0x5B, 0xBB, 0xA9, 0x62, 0x46, 0xC1, 0x3F, 0x5F, 0xCD, 0x2F, 0x5B, 0x71, 0xC8, 0x67,
    0x92, 0x34, 0x0A, 0xA2, 0x2F, 0x10, 0x71, 0xD1, 0x75, 0x15, 0x49, 0x27, 0x2B, 0xCC, 0x19, 0x88,
    0xF3, 0x14, 0x16, 0x07, 0x0B, 0x9C, 0x2F, 0x42, 0x3A, 0x27, 0x0D, 0xC8, 0x8E, 0x95, 0x9D, 0xCC,
    0x97, 0xAC, 0x87, 0x63, 0x2A, 0x9E, 0xED, 0x2A, 0x8A, 0x53, 0x7C, 0x2E, 0xE7, 0xCE, 0x88, 0x34,
    0xE5, 0x53, 0x1B, 0x48, 0x57, 0xEA, 0xD1, 0x90, 0x5C, 0x3A, 0x09, 0x0D, 0x23, 0x44, 0x88, 0x16,
    0xD2, 0x52, 0x86, 0x1A, 0x92, 0xEB, 0xDA, 0xA9, 0xC6, 0x26, 0x66, 0xCF, 0xDA, 0x24, 0x84, 0xF7,
    0x26, 0xB5, 0x3A, 0x65, 0x1F, 0xD5, 0x6A, 0xC2, 0x4E, 0xAA, 0x86, 0x05, 0x74, 0x7F, 0x28, 0x1D,
    0x65, 0xB8, 0x84, 0x9E, 0x0C, 0xD7, 0xD0, 0xEE, 0x07, 0x0E, 0x65, 0xFB, 0x6E, 0x4B, 0x38, 0xB2,
    0x07, 0x75, 0x1F, 0xD5, 0x98, 0x50, 0x67, 0xCA, 0x8A, 0xC9, 0x63, 0xE9, 0x26, 0x94, 0x50, 0x48,
    0xB7, 0x56, 0x29, 0xED, 0xCC, 0x3E, 0x0A, 0xF5, 0x96, 0xBB, 0xD2, 0x0D, 0x90, 0x88, 0x2B, 0x32,
    0xFA, 0x15, 0xF9, 0x52, 0xCA, 0xEF, 0x88, 0x1F, 0x9B, 0x5C, 0xD6, 0x25, 0x13, 0x2C, 0x95, 0x1D,
    0x8B, 0x6B, 0xC4, 0xA2, 0x92, 0x5C, 0x7B, 0x10, 0xDB, 0x09, 0x2A, 0x5A, 0x92, 0x3D, 0xB0, 0xA1,
    0x46, 0x73, 0x72, 0x42, 0xBC, 0x79, 0xB5, 0x37, 0xE1, 0x59, 0x21, 0xE7, 0x9F, 0x71, 0x37, 0xE3,
    0x4E, 0x6E, 0xBA, 0x22, 0xBF, 0xED, 0x64, 0x33, 0x80, 0x41, 0x55, 0xFE, 0x8C, 0xD7, 0xDD, 0x14,
    0xC1, 0xAC, 0xC5, 0x78, 0x3E, 0x87, 0x44, 0x4F, 0xC6, 0xB5, 0x97, 0x55, 0xD4, 0xCA, 0xA0, 0x13,
    0xDB, 0x43, 0xA6, 0x86, 0x7E, 0x9F, 0x61, 0x9F, 0xA9, 0x47, 0x61, 0xFA, 0xE9, 0x1F, 0x32, 0x75,
    0x64, 0x30, 0xB3, 0xF2, 0xA5, 0x7F, 0x78, 0x80, 0x69, 0xDD, 0x1D, 0x24, 0x1F, 0x09, 0x3B, 0xA7,
    0xA9, 0x09, 0x2E, 0x3D, 0x41, 0x29, 0x8F, 0xCE, 0x87, 0x88, 0x2B, 0x1C, 0x75, 0x78, 0x7E, 0xB1,
    0x2F, 0x3D, 0x52, 0x7D, 0x5A, 0xBC, 0xDD, 0x88, 0x14, 0x71, 0xED, 0x16, 0xEC, 0xB4, 0xC9, 0x33,
    0xA4, 0xBF, 0x32, 0xC4, 0x7E, 0x2F, 0x6A, 0x39, 0xAC, 0x50, 0x7B, 0x2A, 0x7F, 0x4B, 0x1F, 0xB1,
    0x8B, 0x66, 0x6C, 0x53, 0x22, 0xB8, 0xC5, 0x2F, 0x5A, 0xD6, 0xF4, 0xBB, 0x9C, 0x0E, 0x24, 0x45,
    0x2C, 0xFB, 0x4E, 0xF1, 0xDC, 0xEC, 0xCD, 0xE9, 0x84, 0xCF, 0x8C, 0x92, 0xC9, 0x60, 0x3D, 0x40,
    0x7D, 0x2C, 0x03, 0x38, 0xE7, 0xA4, 0x05, 0xB9, 0xDD, 0x4B, 0xDA, 0x2F, 0x4E, 0xED, 0xBF, 0x77,
    0xEC, 0x8A, 0x26, 0xF3, 0x6C, 0x78, 0x6D, 0x79, 0x50, 0xAA, 0x2B, 0x89, 0x3A, 0x31, 0x63, 0x0A,
    0x3A, 0xEB, 0xDA, 0xF0, 0x5E, 0xF5, 0x78, 0xA7, 0x33, 0xBF, 0x2C, 0xE2, 0x8D, 0xC6, 0x7A, 0x0A,
    0xC7, 0x49, 0x88, 0x39, 0x34, 0x61, 0xD5, 0x4C, 0xDB, 0xC2, 0x37, 0xD9, 0xCB, 0x26, 0x70, 0x73,
    0x39, 0xD6, 0x9C, 0x3F, 0xEE, 0xCD, 0x37, 0x33, 0xBF, 0xA9, 0x3B, 0xC7, 0xC4, 0x66, 0x3F, 0x20,
    0xDE, 0xC4, 0x2E, 0x6E, 0x65, 0x24, 0x1C, 0x6F, 0x8B, 0x7F, 0xC8, 0x28, 0x2B, 0x57, 0x8F, 0xDC,
    0x75, 0xB8, 0xB0, 0x7A, 0x90, 0xF8, 0xD3, 0xCC, 0x9E, 0x28, 0xA6, 0x2A, 0x74, 0x2F, 0xDC, 0xCC,
    0x0A, 0x5A, 0xC0, 0x09, 0x27, 0xDA, 0x89, 0xAF, 0xBE, 0xC7, 0xE6, 0xCC, 0x2E, 0xE3, 0xAB, 0xF8,
    0x53, 0x5C, 0xB2, 0xB5, 0x68, 0xC4, 0x56, 0xE3, 0x0A, 0xB8, 0xBE, 0x0C, 0xE8, 0xE1, 0x8E, 0xDA,
    0x49, 0xDC, 0x2C, 0x82, 0x87, 0xD0, 0xC6, 0x4E, 0x10, 0x45, 0x3C, 0xD8, 0x22, 0xCC, 0xA4, 0x97,
    0xC5, 0x87, 0xD1, 0x37, 0x0C, 0xC0, 0xC0, 0x1E, 0x11, 0xEA, 0x10, 0xCE, 0x57, 0x04, 0xAF, 0x70,
    0x32, 0xA8, 0x5D, 0xD2, 0x82, 0xD3, 0x6D, 0x66, 0x8F, 0x0A, 0x0C, 0x96, 0x61, 0xD7, 0x61, 0x54,
    0x87, 0x79, 0x6C, 0x80, 0x85, 0x92, 0xF6, 0x16, 0xA6, 0xE1, 0xBD, 0xEC, 0xA3, 0x0B, 0xA6, 0x4F,
    0x58, 0x82, 0xC7, 0x50, 0xE3, 0x27, 0x61, 0x52, 0x94, 0x61, 0x67, 0x9B, 0xB1, 0x93, 0xAE, 0xB3,
    0x8A, 0xC6, 0x64, 0x15, 0x0D, 0xA1, 0x43, 0x62, 0xCE, 0x00, 0xAC, 0x5F, 0x47, 0x98, 0x48, 0x09,
    0xA1, 0x59, 0xDC, 0x4B, 0xA5, 0x80, 0x1C, 0x6C, 0xCF, 0x5F, 0x61, 0xFB, 0x21, 0xCE, 0x2E, 0xC4,
    0xBF, 0x9E, 0x60, 0x51, 0x87, 0x00, 0x9E, 0x4F, 0xA7, 0xC9, 0x33, 0x8E, 0x3B, 0xDB, 0xA4, 0x2D,
    0x53, 0x33, 0xC8, 0xD0, 0x53, 0x52, 0x2E, 0x79, 0xEB, 0xDC, 0x6E, 0x06, 0xDE, 0xE9, 0x99, 0xB9,
    0x68, 0x78, 0xBC, 0x3B, 0x56, 0x7E, 0x4B, 0x20, 0x94, 0xDF, 0x05, 0x02, 0xB9, 0xD9, 0xEC, 0x7F,
    0x87, 0xB4, 0x62, 0x1E, 0x47, 0x5B, 0x55, 0xA8, 0x9D, 0xB2, 0xF9, 0xFE, 0x95, 0x47, 0x0C, 0xE5,
    0x9B, 0x0C, 0x52, 0x69, 0x0A, 0x86, 0x30, 0x23, 0xD3, 0xE2, 0xE3, 0x50, 0x72, 0xF3, 0xEA, 0xF5,
    0xD4, 0xD4, 0x19, 0x81, 0x27, 0xE5, 0xE3, 0x1A, 0xD3, 0x51, 0xB1, 0x69, 0xAF, 0x3E, 0xEE, 0x5F,
    0x3A, 0xB8, 0xE3, 0xA0, 0xA8, 0x30, 0x64, 0xB9, 0xEC, 0x61, 0x31, 0x80, 0x3B, 0x0E, 0x86, 0xEA,
    0xAE, 0x77, 0x2B, 0x3B, 0xF6, 0x36, 0xFF, 0xAF, 0xD1, 0xC1, 0x32, 0x8E, 0x77, 0x5A, 0x55, 0xFD,
    0x1C, 0x6F, 0x95, 0xE8, 0x4D, 0x71, 0xC4, 0xF9, 0xA3, 0x95, 0xF2, 0x20, 0x4D, 0x20, 0x33, 0x6B,
    0x4D, 0x7F, 0xE9, 0xE2, 0x49, 0xAB, 0xDF, 0x7D, 0x6A, 0xF5, 0xEF, 0xFE, 0x68, 0xF4, 0x7F, 0x9E,
    0xA1, 0xFC, 0xF3, 0xDF, 0x50, 0x3C, 0x61, 0xC3, 0xF8, 0x11, 0x9B, 0x32, 0xE7, 0xD2, 0x5E, 0x98,
    0x26, 0x58, 0xBD, 0x1C, 0x13, 0x64, 0xC1, 0x72, 0x32, 0x66, 0xDE, 0x15, 0xA6, 0x7B, 0x65, 0xE1,
    0x3B, 0x61, 0x44, 0x5B, 0xD9, 0x53, 0xA1, 0x7E, 0xD8, 0xB2, 0x32, 0x4B, 0x8B, 0xCC, 0xD9, 0xC1,
    0x12, 0x3B, 0x95, 0x89, 0xFD, 0xF7, 0x2E, 0x7A, 0x6E, 0xA3, 0xBF, 0x58, 0x9C, 0x86, 0x09, 0x74,
    0x1B, 0xEE, 0x90, 0xEB, 0x04, 0xCD, 0x4C, 0xE6, 0xBC, 0x6D, 0x3C, 0x3F, 0xCC, 0xE5, 0x85, 0xA4,
    0x7E, 0x14, 0x5E, 0x0B, 0x72, 0xA9, 0x56, 0x6C, 0x35, 0x96, 0x33, 0xD2, 0xD7, 0x17, 0x5E, 0xAE,
    0x09, 0x87, 0x69, 0xA8, 0xFD, 0xDF, 0x7A, 0xE4, 0x1E, 0x31, 0xE3, 0xAE, 0xFE, 0xC9, 0x40, 0x48,
    0x6C, 0x7D, 0x8B, 0x2E, 0xE9, 0x1D, 0xA3, 0xC3, 0x4B, 0x99, 0xB0, 0x2B, 0xCC, 0x0C, 0xD7, 0xCD,
    0xEB, 0x63, 0xEF, 0x26, 0x1F, 0x34, 0xFF, 0x07, 0xAD, 0x58, 0xBF, 0x8F, 0x1B, 0x59, 0x1D, 0xFF,
    0xCC, 0x4C, 0xC8, 0x90, 0x0C, 0xD9, 0x97, 0x06, 0x89, 0x48, 0x59, 0x4F, 0x8A, 0x2B, 0xA2, 0x93,
    0xD7, 0x46, 0x68, 0x8B, 0x91, 0x18, 0xEF, 0x0C, 0xBA, 0xE2, 0x0A, 0x8A, 0x4B, 0x43, 0x9D, 0x26,
    0x15, 0x20, 0x48, 0xE1, 0xC2, 0x27, 0x4C, 0xFC, 0xB8, 0x2B, 0x28, 0xAE, 0x59, 0xFE, 0x83, 0x45,
    0x4A, 0x71, 0x72, 0x24, 0xCE, 0xC5, 0x22, 0x46, 0xBA, 0x55, 0xFC, 0x72, 0x5B, 0x5C, 0x41, 0xC1,
    0x40, 0x0A, 0x0A, 0x8A, 0x7B, 0x47, 0x2A, 0x40, 0x28, 0x0F, 0x6E, 0x0A, 0x2B, 0xF1, 0x7A, 0xF8,
    0x7C, 0x67, 0xBC, 0xB9, 0xE4, 0xC8, 0x25, 0x1B, 0x6D, 0xEC, 0xF9, 0x7A, 0xED, 0x99, 0xEF, 0xFB,
    0x7C, 0xBF, 0xEF, 0xFB, 0xFB, 0x6D, 0xA8, 0x95, 0x09, 0x35, 0xF0, 0x0D, 0x6C, 0xE0, 0x02, 0x36,
    0xD1, 0x45, 0xCA, 0xF7, 0x08, 0x05, 0x2A, 0x38, 0xE0, 0x9B, 0xC0, 0xB7, 0xE0, 0xD5, 0x3A, 0xAA,
    0x6D, 0x9C, 0xD8, 0x74, 0x1B, 0xE3, 0xEF, 0xA2, 0xB8, 0x89, 0x62, 0x0F, 0x85, 0x45, 0x7A, 0xA8,
    0xFB, 0x75, 0x1E, 0x1D, 0xC1, 0xD7, 0xF0, 0x72, 0xA0, 0xBF, 0x00, 0xEA, 0x15, 0x7C, 0xA7, 0x10,
    0x18, 0xB4, 0x54, 0x02, 0xD1, 0xA3, 0x3D, 0xC4, 0xB5, 0x85, 0xE0, 0x09, 0x79, 0xB6, 0x7D, 0xA6,
    0x76, 0x81, 0x49, 0x5D, 0x61, 0xD8, 0xE7, 0x0D, 0xE0, 0xB7, 0xB7, 0x6F, 0x4E, 0xEA, 0x72, 0x27,
    0x32, 0x89, 0x5F, 0xEE, 0xC3, 0xCE, 0x60, 0x47, 0x9E, 0x4D, 0x03, 0x93, 0xD5, 0xE6, 0x0F, 0x47,
    0xB2, 0x94, 0xA8, 0x56, 0xE5, 0x91, 0x89, 0x74, 0xCC, 0xF5, 0x03, 0xD2, 0x12, 0xFE, 0xE7, 0x0E,
    0xDE, 0x17, 0x14, 0x52, 0x73, 0x0F, 0x73, 0x50, 0x0E, 0x39, 0x0F, 0xC8, 0x5C, 0x00, 0x59, 0x5D,
    0xE2, 0xCD, 0x95, 0x6E, 0x64, 0xBA, 0xF6, 0x25, 0x72, 0x9E, 0x7C, 0x8F, 0xA8, 0x6E, 0xBF, 0x06,
    0xD2, 0xF3, 0xE0, 0x86, 0x81, 0x01, 0x29, 0xD3, 0x08, 0xA8, 0x6A, 0xF4, 0xDE, 0x82, 0xE2, 0xC6,
    0xA4, 0x14, 0x4A, 0xA7, 0x08, 0x6D, 0x45, 0x2B, 0x50, 0xCC, 0xA4, 0xD1, 0xA3, 0xA1, 0x19, 0x69,
    0x72, 0x44, 0x91, 0x0D, 0x6A, 0x3A, 0x48, 0xBB, 0x98, 0x2C, 0xE0, 0xD7, 0x35, 0x57, 0x84, 0x66,
    0x2B, 0xB6, 0x2E, 0xC9, 0x16, 0xC3, 0x9B, 0xEE, 0x4A, 0x32, 0x73, 0xE8, 0x1E, 0xD3, 0xCD, 0x62,
    0x98, 0x24, 0x59, 0x35, 0xDC, 0x3A, 0xAF, 0x9D, 0xF0, 0x09, 0xBF, 0xAC, 0x53, 0xF6, 0x3B, 0xB3,
    0xB3, 0x6E, 0xC7, 0xFD, 0xDE, 0x65, 0x16, 0x55, 0x11, 0x7C, 0xEE, 0xA2, 0x43, 0x13, 0xAB, 0x3C,
    0xED, 0x61, 0xAB, 0x03, 0xA5, 0xA0, 0xDE, 0xD6, 0xC1, 0xA1, 0xF9, 0xF1, 0xF4, 0xC3, 0x79, 0xBD,
    0xA4, 0xB8, 0x67, 0xAE, 0xA7, 0xE5, 0x66, 0x94, 0xBB, 0x43, 0xB9, 0x49, 0x9A, 0xCC, 0x92, 0x71,
    0x77, 0x96, 0x55, 0xA4, 0xB2, 0x7B, 0x33, 0x71, 0x49, 0x92, 0x8C, 0x87, 0x5B, 0x17, 0xCF, 0x3C,
    0x23, 0xF7, 0xCD, 0xDB, 0xF3, 0x4A, 0x95, 0x99, 0xDB, 0x4E, 0xB6, 0x93, 0xCC, 0xA9, 0x12, 0x33,
    0xB4, 0xD7, 0x74, 0xB5, 0x57, 0xD3, 0x39, 0xC7, 0x3F, 0xF9, 0x9A, 0x4E, 0xE5, 0x4E, 0x54, 0x6D,
    0xA6, 0x8C, 0x92, 0x04, 0x2E, 0xD4, 0x3B, 0xD7, 0x6A, 0xC7, 0xDF, 0x8C, 0x99, 0xC0, 0xD1, 0xE2,
    0x49, 0x3A, 0x8C, 0x6D, 0x84, 0x98, 0xD6, 0x0C, 0xCC, 0x46, 0x60, 0x7A, 0x81, 0xEE, 0x86, 0x3A,
    0x8D, 0x90, 0x2A, 0x8C, 0x14, 0x0A, 0x05, 0x17, 0x07, 0xAE, 0x5F, 0x2F, 0xB3, 0xC5, 0x41, 0xAB,
    0x3A, 0xCD, 0xBE, 0x0F, 0xEA, 0xBE, 0x54, 0x8F, 0xAB, 0xFE, 0x7F, 0x6C, 0xF6, 0xDF, 0x72, 0xF2,
    0x77, 0x33, 0xBF, 0x6F, 0x26, 0x87, 0x26, 0xFB, 0x54, 0x47, 0x7F, 0xCC, 0xC3, 0x0F, 0x10, 0xBD,
    0xD3, 0x6C, 0x7F, 0x03, 0x6A, 0x13, 0x9D, 0x2E, 0xB6, 0x18, 0x9F, 0xBC, 0x12, 0xA4, 0x23, 0x0C,
    0x97, 0x74, 0xF3, 0x59, 0x46, 0x6E, 0x5F, 0x67, 0x7A, 0x02, 0x35, 0xDF, 0xB8, 0xD0, 0xED, 0xA6,
    0x49, 0x64, 0xB7, 0xF6, 0x13, 0xEE, 0x27, 0x9D, 0xC5, 0xA5, 0x8A, 0xF2, 0xF0, 0x7D, 0x13, 0x7C,
    0x52, 0xFA, 0xD6, 0x79, 0xCE, 0x05, 0x87, 0x56, 0xFD, 0xD0, 0xF4, 0x62, 0x50, 0x01, 0x0F, 0x67,
    0xE8, 0xCF, 0x14, 0x77, 0xA9, 0xC6, 0x05, 0x06, 0xC9, 0x65, 0x06, 0x65, 0x37, 0xD2, 0xA2, 0x2D,
    0xB7, 0x12, 0x98, 0x37, 0x0A, 0x65, 0xE0, 0xBE, 0xAF, 0x03, 0xF3, 0x20, 0x8F, 0xDE, 0xFF, 0x97,
    0x56, 0x51, 0x5D, 0xA6, 0xDE, 0xF5, 0xBC, 0xA0, 0xC0, 0x8B, 0x5C, 0xEB, 0xE9, 0xB3, 0x88, 0x8D,
    0xA2, 0x70, 0xC6, 0x62, 0x3E, 0x42, 0x48, 0x8C, 0x88, 0x18, 0x8A, 0xF9, 0xB4, 0xA1, 0x94, 0xBD,
    0x90, 0xA6, 0xFB, 0x84, 0x1E, 0xF2, 0xB6, 0x0B, 0x8C, 0xCF, 0xB8, 0xE5, 0x1E, 0x70, 0x77, 0x37,
    0xF5, 0x6A, 0x1B, 0x3A, 0xDC, 0x40, 0xBC, 0xE4, 0xA3, 0x33, 0x5D, 0xBF, 0x84, 0xBF, 0xE0, 0x9A,
    0xC0, 0x49, 0x64, 0x8D, 0xB6, 0x80, 0x2B, 0xC9, 0xE8, 0x0C, 0x32, 0xE7, 0x7A, 0x88, 0xFF, 0x52,
    0xDE, 0x05, 0xC2, 0xF7, 0xFE, 0xCD, 0x90, 0x0B, 0x7F, 0x0A, 0xC6, 0x02, 0x7F, 0x8E, 0x33, 0xFA,
    0xCE, 0x7D, 0xFB, 0x5D, 0x70, 0xE5, 0x50, 0x32, 0xEF, 0x22, 0x59, 0x0C, 0x22, 0x83, 0x40, 0x8B,
    0xA3, 0xCE, 0x37, 0xF1, 0xD9, 0x93, 0x44, 0xA0, 0x9C, 0x58, 0x8B, 0xA5, 0xC7, 0x28, 0xC7, 0x41,
    0x99, 0x7D, 0xA4, 0x99, 0xAE, 0x80, 0x24, 0xDC, 0x3E, 0x1A, 0x17, 0x34, 0xAF, 0x5B, 0x24, 0x62,
    0x7A, 0xA4, 0xE0, 0x33, 0x82, 0xFD, 0x89, 0x08, 0xEF, 0xE4, 0xE8, 0x8B, 0x35, 0x88, 0x5C, 0x90,
    0xB8, 0x85, 0xA0, 0xAE, 0x85, 0x4A, 0xA5, 0x03, 0x1B, 0xC3, 0xB7, 0x3B, 0x4C, 0x75, 0x7A, 0x8F,
    0xA9, 0x4C, 0xD1, 0xE8, 0xBC, 0x06, 0xAC, 0x98, 0x6B, 0x3F, 0x36, 0xB4, 0xEC, 0xEE, 0xE9, 0xB1,
    0x6E, 0x5C, 0x61, 0x60, 0x55, 0x08, 0x7E, 0x6D, 0x4F, 0x8D, 0xE5, 0xDF, 0xB3, 0x08, 0xFE, 0xBC,
    0xC6, 0x39, 0xAD, 0x5E, 0x97, 0xB8, 0x76, 0xCE, 0x6A, 0xF9, 0x80, 0x36, 0x7B, 0xA0, 0xDB, 0x92,
    0xF2, 0x75, 0x58, 0xA4, 0x83, 0x16, 0xCB, 0x7F, 0x2E, 0x16, 0xEB, 0xD7, 0x8A, 0x9F, 0x93, 0xE9,
    0x87, 0x04, 0x90, 0x6F, 0x08, 0xC4, 0xBD, 0x50, 0x63, 0xF9, 0xDC, 0x69, 0xDC, 0xBB, 0x90, 0xEF,
    0xBE, 0x9B, 0xD7, 0x39, 0xDD, 0xB4, 0x9A, 0x8A, 0x91, 0x2B, 0x59, 0x23, 0x95, 0x12, 0x8F, 0xEE,
    0x38, 0x29, 0xD2, 0x3E, 0xF7, 0x46, 0xE4, 0x47, 0x53, 0x9D, 0x41, 0xB4, 0x96, 0x52, 0x2E, 0x15,
    0x22, 0x32, 0x71, 0x1E, 0xE3, 0x6C, 0x2E, 0xA5, 0x71, 0xDC, 0x56, 0xD5, 0x66, 0xB1, 0x5B, 0xFF,
    0x15, 0x3A, 0xC0, 0x55, 0xEC, 0xF0, 0x53, 0x4A, 0x6F, 0x48, 0x21, 0x12, 0x5C, 0x3E, 0x4B, 0x6B,
    0x40, 0x0A, 0x85, 0x71, 0x63, 0x5D, 0x33, 0xDB, 0xE0, 0x14, 0x7C, 0x1D, 0xFC, 0x73, 0x9A, 0x87,
    0x12, 0x37, 0xBC, 0xA5, 0xF2, 0x75, 0x49, 0x9D, 0xEE, 0x12, 0xA3, 0x94, 0xB8, 0xC5, 0xD6, 0x3A,
    0x36, 0xD3, 0xB5, 0xDC, 0xBB, 0xD3, 0x3D, 0xCC, 0x1B, 0x85, 0xD3, 0x56, 0x0B, 0x46, 0xFE, 0xA9,
    0xB1, 0xC4, 0x80, 0x8A, 0xBD, 0xE2, 0xEA, 0xA5, 0xD3, 0x63, 0xA5, 0x9B, 0xA4, 0xDE, 0x93, 0xF8,
    0x38, 0x15, 0x56, 0xDB, 0x29, 0xD3, 0x16, 0xC7, 0xF8, 0xEC, 0x60, 0x45, 0x63, 0x69, 0x69, 0x63,
    0xF0, 0x18, 0x8D, 0x56, 0xDA, 0x2A, 0x0B, 0x0D, 0x2F, 0x49, 0x7B, 0x8D, 0x8F, 0x2C, 0xEA, 0x36,
    0x13, 0xF9, 0xA3, 0xF7, 0xEA, 0x0B, 0xFB, 0xC0, 0x63, 0xE3, 0xFD, 0x6A, 0xF7, 0x55, 0x17, 0x06,
    0xF7, 0x6C, 0xF0, 0x89, 0x3D, 0xDE, 0xF2, 0xAB, 0x48, 0xAC, 0x8F, 0xE0, 0x3D, 0xAA, 0xB5, 0x6F,
    0xC3, 0x92, 0xD1, 0xC7, 0xF8, 0xC6, 0x13, 0x9A, 0xAC, 0xE0, 0x7E, 0xFE, 0x0F, 0xCF, 0xA9, 0xDC,
    0xB7, 0x32, 0x48, 0xC4, 0x8C, 0xCC, 0x1E, 0xB3, 0x24, 0x9B, 0x2F, 0xD8, 0xD2, 0x69, 0x4C, 0x6F,
    0x57, 0x83, 0xA5, 0x18, 0x1B, 0x71, 0x13, 0x50, 0x41, 0x85, 0x82, 0xB1, 0x56, 0x85, 0xAC, 0xA6,
    0xD1, 0x01, 0x9C, 0xFA, 0x1D, 0xD7, 0x2A, 0xAE, 0x55, 0x41, 0x19, 0x47, 0x6F, 0x99, 0x5E, 0x78,
    0xC8, 0x4E, 0xF4, 0xA9, 0x49, 0x83, 0xBF, 0xE9, 0xD4, 0x7B, 0x98, 0x8F, 0x99, 0x6D, 0x45, 0x43,
    0x73, 0x19, 0x7B, 0x5A, 0xC7, 0xC8, 0x08, 0xE4, 0xB5, 0xF1, 0xF9, 0x65, 0xEC, 0x2B, 0x0E, 0x1A,
    0xA1, 0x0C, 0x1A, 0xE5, 0x98, 0x54, 0x90, 0x58, 0x4E, 0x4A, 0x6E, 0xDB, 0x54, 0xBC, 0x5F, 0x51,
    0xAF, 0x03, 0x9A, 0xEE, 0x38, 0xF6, 0x03, 0xD1, 0x4D, 0x06, 0xA6, 0xC6, 0x75, 0xD5, 0xEB, 0xC1,
    0xA3, 0x0D, 0xC1, 0x4D, 0xE1, 0xD2, 0xB9, 0xD3, 0x63, 0xA9, 0xC3, 0x1C, 0xD2, 0x39, 0xDE, 0xB8,
    0xFA, 0x1A, 0xF6, 0x29, 0xF3, 0x52, 0x2C, 0xFD, 0xE8, 0xCB, 0xA2, 0x78, 0x3A, 0xBC, 0x6D, 0xCF,
    0x0C, 0x42, 0x13, 0x5F, 0xCF, 0xC3, 0x23, 0x29, 0x1F, 0xC1, 0x12, 0xEA, 0x3A, 0x06, 0x32, 0x0D,
    0x1A, 0x79, 0x1C, 0xAD, 0x2E, 0x33, 0x3B, 0x16, 0x0C, 0x15, 0x1B, 0x9A, 0x90, 0xC1, 0xB1, 0xE9,
    0x62, 0x0C, 0xAB, 0x9E, 0x57, 0x56, 0x69, 0x98, 0x57, 0xCC, 0x3F, 0x97, 0x0E, 0x3D, 0xB7, 0xC3,
    0x70, 0xEA, 0x73, 0x46, 0x8C, 0x75, 0x1F, 0xBF, 0xE0, 0xA0, 0xF4, 0x1B, 0x19, 0xDA, 0xC4, 0x27,
    0x9D, 0xB5, 0xA3, 0xFD, 0xBC, 0xD1, 0x55, 0xA1, 0x09, 0xAE, 0x52, 0x26, 0xC9, 0x5E, 0xA3, 0x6C,
    0xC4, 0x31, 0x4F, 0x48, 0xE5, 0x32, 0xF6, 0x15, 0xAC, 0x92, 0x05, 0x53, 0xA9, 0xE2, 0x54, 0xB8,
    0x60, 0x7A, 0x1E, 0x78, 0x15, 0x6D, 0xC7, 0xC1, 0x70, 0x25, 0xEB, 0x2F, 0xB6, 0x45, 0x48, 0x9C,
    0xF3, 0x3A, 0xF0, 0x02, 0xA6, 0x50, 0x4C, 0xBC, 0xAB, 0x57, 0x5F, 0x83, 0x6E, 0xCD, 0x2C, 0x4A,
    0xEA, 0x3E, 0xF1, 0xCB, 0xE9, 0xF0, 0xCA, 0x76, 0x88, 0x57, 0x6B, 0x68, 0x3A, 0x6F, 0x40, 0xE7,
    0x75, 0x9A, 0xE1, 0x98, 0xAE, 0xA4, 0xEE, 0xD1, 0x07, 0xA6, 0xE9, 0x5C, 0xD2, 0x7A, 0xA4, 0xF0,
    0x37, 0x66, 0xB1, 0x2D, 0xC9, 0x52, 0x99, 0xF5, 0xC3, 0xF6, 0x3C, 0x20, 0x65, 0x40, 0x92, 0xD7,
    0x2A, 0x8E, 0x7C, 0xB8, 0xC5, 0xD9, 0xA9, 0x83, 0x5E, 0x0F, 0x83, 0x81, 0xB7, 0xCC, 0x6A, 0xB7,
    0x33, 0x95, 0x81, 0xB0, 0x68, 0xDB, 0x4B, 0xBF, 0xF2, 0xEA, 0x23, 0x2A, 0x1D, 0x72, 0xEE, 0xCA,
    0x3B, 0x0A, 0x07, 0x4A, 0xB9, 0x4E, 0xB4, 0xE8, 0xC9, 0xCE, 0x06, 0xA9, 0xF4, 0xB6, 0xC1, 0x08,
    0x07, 0x45, 0xE6, 0x66, 0x9C, 0xD9, 0x2F, 0x36, 0xE3, 0x4C, 0xDA, 0xBA, 0x9A, 0xAD, 0x34, 0x67,
    0x7D, 0x50, 0x72, 0xCE, 0xB0, 0xF8, 0x89, 0x65, 0xC1, 0xFD, 0x65, 0x60, 0x58, 0x5B, 0x2A, 0x65,
    0xE6, 0xB5, 0xEE, 0xDF, 0x67, 0xBC, 0x69, 0xD1, 0x4C, 0xAD, 0xED, 0xF5, 0x72, 0x7E, 0x72, 0x4E,
    0x4A, 0xEC, 0xED, 0x9D, 0x88, 0x79, 0xBE, 0xF0, 0x6B, 0x77, 0x42, 0x64, 0xAF, 0x99, 0x4A, 0x4F,
    0xAC, 0x86, 0x46, 0x56, 0x62, 0xDB, 0xCA, 0xA7, 0xD2, 0x27, 0xC2, 0xAF, 0xDF, 0x5E, 0xD1, 0xDE,
    0x0F, 0x6B, 0xAD, 0xBC, 0x25, 0xAD, 0xEF, 0x39, 0xBF, 0xF4, 0xEE, 0x3C, 0xBA, 0x63, 0xFB, 0x35,
    0x87, 0x89, 0xBB, 0x6F, 0xD1, 0x3D, 0x95, 0xF8, 0xA8, 0x52, 0xEE, 0x1C, 0xE6, 0x47, 0xF3, 0x15,
    0xFA, 0x36, 0xAE, 0x8E, 0x4F, 0x7C, 0xB0, 0x83, 0xE3, 0x31, 0xBD, 0x68, 0x3E, 0xD3, 0x60, 0x7D,
    0xE2, 0x63, 0x2F, 0x8F, 0x2C, 0x62, 0x2B, 0xD3, 0x25, 0xAE, 0x34, 0xCF, 0x18, 0x70, 0xE7, 0xDA,
    0x6D, 0x70, 0x2D, 0x93, 0xB3, 0xE2, 0x31, 0xF2, 0xD6, 0x74, 0x31, 0xA9, 0x17, 0xEB, 0xB5, 0x3E,
    0xD7, 0x9A, 0x50, 0xA6, 0x94, 0x6B, 0x12, 0x1B, 0xD1, 0x13, 0xEB, 0x0B, 0x7F, 0xA7, 0xE1, 0x27,
    0xF3, 0xBB, 0x3F, 0xBA, 0x56, 0x34, 0x0D, 0x71, 0xD0, 0xF2, 0x1F, 0x35, 0x1D, 0x74, 0xC7, 0x1E,
    0x5B, 0xFF, 0x65, 0xE0, 0x6E, 0x06, 0x57, 0x3D, 0x8D, 0xFC, 0x02, 0xE6, 0x33, 0x6C, 0xC2, 0xCC,
    0x0E, 0x89, 0x36, 0xD3, 0xE7, 0x31, 0x38, 0xCA, 0x79, 0xD0, 0xE0, 0xBB, 0xC3, 0xFB, 0x72, 0x0C,
    0xE6, 0xCE, 0x0A, 0xDF, 0x4A, 0x8A, 0x3F, 0xFF, 0x39, 0x47, 0xB1, 0x7D, 0xA9, 0xA6, 0xCF, 0x7F,
    0x3A, 0x4A, 0xC7, 0x4D, 0x13, 0xFF, 0x1A, 0xEC, 0xEC, 0x06, 0x26, 0xAC, 0x7E, 0x0E, 0x17, 0x0A,
    0x51, 0x69, 0x95, 0x32, 0x27, 0x76, 0xFC, 0xE5, 0x18, 0x3C, 0xD4, 0x2C, 0xF6, 0x51, 0x8D, 0x58,
    0xD1, 0x18, 0xFF, 0xB5, 0x16, 0x13, 0xDC, 0xBA, 0x8C, 0x7A, 0xE9, 0x69, 0x31, 0x81, 0xEA, 0x97,
    0xAA, 0xE6, 0x19, 0x8E, 0x1B, 0x73, 0x5B, 0xE4, 0x69, 0x2F, 0xCF, 0x8E, 0x78, 0x6C, 0x6E, 0x9C,
    0xFF, 0x3C, 0x7F, 0xD0, 0x97, 0x64, 0xDB, 0x4F, 0x51, 0x8C, 0xB0, 0x5F, 0xC0, 0xB5, 0xE0, 0xFD,
    0xBA, 0x3D, 0x0E, 0xFC, 0xBF, 0x3F, 0x5E, 0xC8, 0xFF, 0x55, 0x7F, 0xBC, 0x90, 0x79, 0xBE, 0xF4,
    0xEA, 0xEA, 0xA4, 0xC8, 0x5F, 0x75, 0xDE, 0x0B, 0x99, 0xC9, 0xB8, 0x58, 0x1F, 0x4D, 0x65, 0x84,
    0xAE, 0x17, 0xD3, 0xE9, 0x6D, 0xF9, 0x36, 0x6B, 0xEE, 0xAF, 0x61, 0x26, 0x0F, 0xD8, 0x94, 0x56,
    0xAC, 0x3F, 0xAC, 0x57, 0x3F, 0x38, 0xE2, 0x21, 0xEA, 0x67, 0xE8, 0x6C, 0xF6, 0xD0, 0x1B, 0xA6,
    0x88, 0x4B, 0xA9, 0x80, 0x15, 0x67, 0x68, 0x8B, 0xEF, 0xC9, 0xE0, 0xFA, 0x6C, 0x15, 0x51, 0x48,
    0x58, 0x1B, 0x3B, 0xD8, 0xEF, 0xC1, 0x75, 0x1B, 0x0B, 0xA7, 0xBE, 0xA5, 0xF4, 0x54, 0xC9, 0xBF,
    0x24, 0xE2, 0x2F, 0x34, 0xBC, 0x52, 0xEA, 0xDA, 0xB9, 0x93, 0x31, 0xB3, 0x84, 0x7C, 0x5C, 0x62,
    0x77, 0xEF, 0x24, 0xCC, 0x52, 0x15, 0xAC, 0x3B, 0xAE, 0xDE, 0x2F, 0x43, 0xC6, 0xB6, 0xEC, 0x56,
    0xAA, 0xAC, 0x4C, 0x4B, 0x81, 0x19, 0x04, 0x66, 0xCC, 0x40, 0xF0, 0xEF, 0x39, 0xEF, 0xBE, 0xF1,
    0xFE, 0x6A, 0xF0, 0xB0, 0x39, 0x60, 0x2C, 0x9B, 0xCB, 0xC9, 0xBF, 0x5F, 0x32, 0x83, 0x49, 0x7E,
    0x3C, 0xA5, 0x59, 0x19, 0xA6, 0x83, 0xCF, 0x6C, 0x50, 0x2F, 0x03, 0x3B, 0x08, 0x75, 0x2F, 0x02,
    0xCB, 0x6D, 0xAF, 0xB9, 0xD2, 0xD8, 0x2C, 0x7B, 0x8F, 0x5D, 0x3A, 0xD1, 0x4F, 0x9F, 0xD7, 0x79,
    0x3A, 0xC6, 0x78, 0x7D, 0x74, 0x7C, 0x25, 0x89, 0xFF, 0x03, 0xAD, 0x59, 0x41, 0x6F, 0x1B, 0xC7,
    0x15, 0x7E, 0xBB, 0xD3, 0x6A, 0x5B, 0x2D, 0xAC, 0xC9, 0xA1, 0x87, 0xD8, 0x70, 0xB4, 0x39, 0xE4,
    0x20, 0x04, 0x12, 0x37, 0x87, 0x1E, 0x54, 0x64, 0x28, 0x6E, 0xDC, 0x63, 0x81, 0xB6, 0x3F, 0xC1,
    0x87, 0x1E, 0x8A, 0xF6, 0x10, 0x1F, 0x7C, 0x60, 0x01, 0x59, 0x9A, 0x9C, 0x8D, 0xA0, 0xFA, 0x09,
    0x3A, 0xF8, 0x90, 0xD0, 0x6D, 0x6D, 0xA0, 0x42, 0x41, 0xA0, 0xAC, 0x38, 0x75, 0x0E, 0x3D, 0xF8,
    0x60, 0xA2, 0x6E, 0x91, 0x43, 0x81, 0x7A, 0x81, 0xE6, 0xE4, 0x02, 0xF1, 0x34, 0xDD, 0xC3, 0xD6,
    0xA0, 0x38, 0xFD, 0xDE, 0xEC, 0x92, 0xA2, 0x64, 0x39, 0x26, 0xB3, 0xA6, 0x39, 0x94, 0x45, 0x72,
    0xDE, 0xF7, 0xDE, 0x9B, 0xF7, 0xBE, 0xF7, 0xDE, 0x88, 0xA8, 0x77, 0x48, 0x81, 0xCB, 0x69, 0xF6,
    0xD8, 0xC3, 0x72, 0x84, 0xF7, 0x88, 0xC4, 0x13, 0xA2, 0xE8, 0x11, 0x91, 0xFC, 0x49, 0x46, 0x69,
    0xAC, 0x49, 0x45, 0x86, 0xFA, 0x58, 0x56, 0x18, 0xE1, 0x1C, 0xAF, 0x91, 0xD4, 0x22, 0x4F, 0x28,
    0xCC, 0x77, 0x28, 0xB4, 0xE4, 0x2C, 0x4B, 0xF3, 0x8F, 0xC0, 0x65, 0x31, 0x3E, 0x0D, 0x20, 0x38,
    0xA7, 0x5F, 0xE6, 0x89, 0x1B, 0xDD, 0x12, 0x06, 0xFB, 0x0A, 0x69, 0x86, 0x4E, 0xA7, 0x8F, 0x35,
    0xD1, 0x01, 0xBE, 0xEA, 0x46, 0x44, 0xFB, 0x59, 0x63, 0x60, 0x7B, 0x9F, 0xF6, 0x73, 0xBA, 0xB2,
    0x20, 0xF0, 0xD7, 0x00, 0xB5, 0x63, 0x43, 0x03, 0x00, 0x15, 0x2F, 0x01, 0x22, 0x81, 0xFD, 0x12,
    0xFB, 0xA5, 0x21, 0x8A, 0xCD, 0x2B, 0xC0, 0x3E, 0xD7, 0xB4, 0x45, 0xF4, 0x7D, 0x98, 0x48, 0xD4,
    0xC1, 0xA6, 0xEF, 0x61, 0xED, 0x02, 0x18, 0x72, 0x42, 0x5D, 0x19, 0x9D, 0x96, 0x14, 0x3A, 0x07,
    0x51, 0x49, 0x96, 0xD0, 0x4A, 0xD6, 0xAE, 0xBE, 0x41, 0x7D, 0xAC, 0x02, 0xCB, 0xD6, 0x3F, 0x79,
    0x0D, 0x68, 0x83, 0x76, 0xF0, 0x9A, 0xC0, 0xCD, 0x91, 0x63, 0xA7, 0x69, 0x12, 0xC6, 0x6B, 0x53,
    0x19, 0xAE, 0x63, 0x07, 0x4D, 0x73, 0xC8, 0x50, 0x44, 0x5D, 0x2F, 0x04, 0x4F, 0x25, 0x74, 0x07,
    0x6A, 0x9E, 0x00, 0x13, 0x6A, 0x4A, 0xBC, 0xB3, 0xF1, 0x66, 0x73, 0xEC, 0x24, 0xA3, 0x3F, 0x9A,
    0x80, 0x8F, 0x70, 0x11, 0x60, 0x38, 0x4B, 0x8C, 0x4E, 0x43, 0xAC, 0x09, 0x30, 0xCC, 0x4D, 0x16,
    0xB6, 0x78, 0x1D, 0x9F, 0xC4, 0x10, 0x17, 0xBC, 0x06, 0x6F, 0xFF, 0xC7, 0x52, 0x47, 0xD3, 0xA5,
    0xC5, 0x80, 0x2F, 0x7F, 0x17, 0x9A, 0x0E, 0x60, 0x75, 0x95, 0x58, 0xC2, 0x15, 0x24, 0xFE, 0xED,
    0x28, 0x32, 0x52, 0xC7, 0x5A, 0x18, 0x99, 0x89, 0x91, 0xA4, 0x6A, 0x25, 0x38, 0xC4, 0x96, 0x5F,
    0x91, 0x69, 0x93, 0xCC, 0x14, 0xA5, 0x50, 0x6A, 0x4C, 0xC7, 0x43, 0x4B, 0xC3, 0x09, 0xEF, 0x96,
    0x9B, 0xB0, 0x64, 0x9B, 0x68, 0xEB, 0x06, 0x20, 0xF2, 0x70, 0xA2, 0x28, 0x76, 0x03, 0x4A, 0xC3,
    0x12, 0xE0, 0x05, 0xBE, 0x6B, 0xA1, 0x81, 0x05, 0x3E, 0x7E, 0xE2, 0x88, 0x55, 0x94, 0x53, 0x8A,
    0xBC, 0x8A, 0x9F, 0xC3, 0xE3, 0x0E, 0x02, 0x9E, 0x3B, 0x4E, 0x1C, 0x8B, 0xA8, 0xB3, 0xF8, 0xB8,
    0xC0, 0xEA, 0xE3, 0x30, 0xFA, 0x1D, 0x47, 0x45, 0xFA, 0x94, 0x2C, 0x22, 0xDE, 0xC6, 0x3A, 0xCC,
    0x65, 0x06, 0xED, 0x80, 0x9D, 0xDC, 0x1B, 0x63, 0xFF, 0x01, 0x79, 0x3F, 0x4B, 0xEC, 0xFD, 0xF6,
    0x5E, 0xC6, 0x66, 0x2E, 0x85, 0xBB, 0xFA, 0x29, 0x9C, 0x7D, 0x32, 0x3B, 0x70, 0xE4, 0x91, 0x16,
    0x4F, 0x7B, 0x40, 0xC0, 0x79, 0x70, 0x06, 0x65, 0x75, 0x16, 0xF5, 0x0E, 0xE0, 0xE0, 0x11, 0xB5,
    0xF0, 0x7F, 0x64, 0x0A, 0x3B, 0xD3, 0x2F, 0x3E, 0x94, 0x63, 0x50, 0xC9, 0x10, 0xCE, 0xA7, 0x61,
    0x31, 0xC7, 0x2A, 0x70, 0xBC, 0x4D, 0xA8, 0x50, 0xD4, 0xDD, 0xEB, 0x95, 0xFB, 0xAE, 0xEC, 0x7B,
    0xF7, 0xAB, 0x50, 0xA7, 0xCE, 0x44, 0x30, 0xF6, 0x3B, 0xEC, 0x78, 0x00, 0x47, 0x45, 0x73, 0xE0,
    0xA3, 0x23, 0xEA, 0xE4, 0xB4, 0x9A, 0x2D, 0x04, 0x1C, 0x8E, 0xAA, 0x04, 0x7B, 0x1D, 0x16, 0xCB,
    0xEA, 0xFB, 0x0B, 0x59, 0xFC, 0x02, 0xD0, 0x1C, 0x58, 0x02, 0x5E, 0x4F, 0x7B, 0xDA, 0x83, 0xB5,
    0x2F, 0x02, 0x8A, 0xF1, 0x45, 0x04, 0x17, 0x07, 0x36, 0x67, 0xF4, 0x34, 0xAE, 0x6D, 0x9B, 0xFA,
    0xC0, 0x03, 0xD8, 0x71, 0xEF, 0x4E, 0xD7, 0xEF, 0xD9, 0x11, 0x26, 0x71, 0x1A, 0x47, 0x8F, 0x5C,
    0x16, 0x7F, 0xA3, 0x10, 0xEE, 0xBD, 0xBC, 0x7A, 0x2E, 0xC6, 0x1B, 0x58, 0xDC, 0x2F, 0x28, 0x35,
    0xB4, 0xBA, 0xD8, 0x19, 0x07, 0x00, 0x8F, 0x07, 0x55, 0x92, 0xF1, 0xE3, 0xC3, 0xF9, 0xAC, 0x8E,
    0xCE, 0x66, 0xF5, 0x4A, 0x2F, 0xB3, 0xB1, 0xD3, 0x16, 0xEA, 0x94, 0x50, 0x67, 0x00, 0x1E, 0xEE,
    0xD0, 0x31, 0x14, 0xFA, 0x92, 0xA2, 0xC9, 0x25, 0xAF, 0x7C, 0x52, 0xD0, 0xC6, 0x06, 0xCB, 0x19,
    0xDE, 0x16, 0xEE, 0x59, 0x6C, 0x8E, 0x25, 0xB5, 0x25, 0xA9, 0x75, 0xFF, 0x4C, 0xA8, 0x2F, 0xB3,
    0x22, 0x72, 0x36, 0x98, 0x40, 0x4D, 0xFB, 0x2D, 0xD4, 0x01, 0xE0, 0xB8, 0x2C, 0xBC, 0x03, 0xCB,
    0x60, 0x1E, 0x27, 0x7B, 0x70, 0xD8, 0x5C, 0x8F, 0xCD, 0xB7, 0x28, 0x29, 0x29, 0xCE, 0xBF, 0x89,
    0x1E, 0xCC, 0x5B, 0x5C, 0x53, 0xA6, 0x8F, 0x46, 0xFE, 0x30, 0xFC, 0xAC, 0x1E, 0xCB, 0xEA, 0xD1,
    0x04, 0x97, 0x6A, 0xFA, 0xBD, 0x5F, 0x99, 0x12, 0x73, 0x36, 0xF9, 0x37, 0xEF, 0x73, 0xAC, 0x09,
    0x5D, 0x6B, 0xB5, 0xB4, 0x6B, 0x00, 0x2E, 0xBE, 0x04, 0x1F, 0xAD, 0x56, 0x31, 0x8A, 0x36, 0x02,
    0xAB, 0x88, 0x3C, 0xE7, 0x91, 0x95, 0x59, 0x60, 0x25, 0xD2, 0x56, 0xA2, 0xCE, 0x27, 0xA8, 0xF7,
    0xCC, 0xC1, 0x5B, 0x30, 0x00, 0x4C, 0xA7, 0x15, 0x54, 0xDD, 0x85, 0xAA, 0x7D, 0xBF, 0x12, 0xAE,
    0xFE, 0x88, 0xF6, 0x37, 0x2F, 0xD7, 0x72, 0x22, 0xCD, 0x51, 0x8E, 0x04, 0x92, 0xE9, 0x48, 0x3A,
    0x2B, 0xB5, 0x4D, 0xC9, 0x6E, 0x91, 0x55, 0xD5, 0x33, 0xC8, 0xBB, 0xE1, 0xE8, 0xC8, 0x37, 0x03,
    0x20, 0xDB, 0x5D, 0x26, 0xDC, 0xD4, 0xB9, 0x49, 0x07, 0x8B, 0x81, 0x63, 0x0D, 0xE0, 0xA7, 0x77,
    0x2B, 0xE0, 0x9A, 0xFC, 0x2F, 0x02, 0x46, 0x67, 0x01, 0x52, 0x41, 0xE6, 0x45, 0x7F, 0x47, 0xAF,
    0x62, 0x23, 0x57, 0xC6, 0x23, 0x25, 0xB5, 0x82, 0xF1, 0x92, 0xBA, 0xEB, 0x74, 0x34, 0x8F, 0x48,
    0x77, 0xDE, 0x0E, 0x9D, 0x15, 0xB7, 0x47, 0x3E, 0x1B, 0x4D, 0x38, 0xD1, 0x6C, 0x7E, 0xE1, 0x1D,
    0x6B, 0xD9, 0xAD, 0x10, 0x05, 0x45, 0xAA, 0x23, 0x86, 0x0B, 0xA0, 0xC8, 0xBD, 0x9C, 0x9B, 0xB6,
    0xF4, 0xC7, 0xFB, 0x93, 0xC3, 0x9F, 0x81, 0xB1, 0x4D, 0x6A, 0x22, 0x1D, 0x67, 0x92, 0xF8, 0xDF,
    0x3A, 0xD2, 0x55, 0x71, 0xAA, 0xF6, 0x0E, 0x66, 0x0D, 0xE2, 0x52, 0x62, 0x3B, 0xE3, 0x77, 0x3F,
    0xF1, 0x55, 0xF7, 0x62, 0xB1, 0xFA, 0x80, 0xDB, 0x3F, 0xDF, 0xFD, 0x2D, 0x25, 0x56, 0x6D, 0x26,
    0x25, 0x27, 0xCA, 0xC5, 0x62, 0x97, 0x12, 0xB5, 0xE5, 0x03, 0x0E, 0x94, 0x72, 0x0B, 0x4A, 0xAC,
    0x41, 0xE4, 0x69, 0x73, 0x11, 0x8E, 0xF9, 0xC9, 0xC4, 0x73, 0x54, 0xCB, 0x61, 0x51, 0x39, 0xF3,
    0x7C, 0x25, 0x07, 0x11, 0xB5, 0xED, 0xDB, 0x3A, 0x6C, 0xA2, 0xB7, 0xC8, 0xF3, 0xDB, 0xD2, 0x2E,
    0x7A, 0xA9, 0x0D, 0xD4, 0x66, 0x21, 0x8A, 0xC5, 0xEC, 0xB2, 0x20, 0xAE, 0xB2, 0xD5, 0x4B, 0xC1,
    0xF9, 0xC1, 0x95, 0x3C, 0xB0, 0x10, 0x19, 0xE6, 0x90, 0xC8, 0x2F, 0x37, 0x85, 0x89, 0x0C, 0x02,
    0x2E, 0xD6, 0x5D, 0xA9, 0xEF, 0xE5, 0xA8, 0xEE, 0x08, 0xCA, 0x12, 0xDF, 0x54, 0xA1, 0xBD, 0x45,
    0xB9, 0xF2, 0xE7, 0x60, 0xF1, 0x8C, 0xB4, 0x8D, 0x3F, 0xC8, 0x65, 0x38, 0x92, 0xE8, 0x43, 0x84,
    0x59, 0x17, 0x66, 0x2B, 0xD2, 0x2A, 0xCE, 0x94, 0xAC, 0x9B, 0xAB, 0x95, 0x13, 0x8A, 0xB1, 0xD1,
    0x93, 0xF8, 0x0E, 0xFC, 0x7C, 0x78, 0xBD, 0x32, 0xAC, 0x55, 0xAF, 0x79, 0x02, 0xEF, 0xD7, 0xCB,
    0xCE, 0x58, 0x68, 0x83, 0x5B, 0x01, 0x28, 0xA6, 0xD0, 0x57, 0xA4, 0xE8, 0x9B, 0xE2, 0x31, 0x55,
    0x2C, 0xDB, 0xA7, 0x77, 0x7C, 0xDF, 0x19, 0x55, 0x59, 0x43, 0xF5, 0x73, 0xDD, 0x57, 0x05, 0x35,
    0x7D, 0x4E, 0xFD, 0x9D, 0x22, 0x7C, 0xD8, 0x5B, 0x11, 0x4C, 0x4B, 0x74, 0x64, 0x6E, 0x51, 0xFC,
    0x51, 0x41, 0xF2, 0x47, 0x23, 0xE4, 0x1B, 0x76, 0x1F, 0x73, 0x71, 0x83, 0x45, 0x8F, 0xD0, 0xB6,
    0xC3, 0x9F, 0x6D, 0x06, 0x04, 0x38, 0xBB, 0xAA, 0x0F, 0x72, 0xE9, 0xFB, 0x72, 0x77, 0x4A, 0x29,
    0xFC, 0x33, 0xAA, 0x29, 0xE5, 0x4C, 0xEE, 0x86, 0x56, 0xC6, 0x66, 0x2D, 0xA5, 0xD6, 0xC0, 0x23,
    0x5A, 0xDA, 0xE9, 0x93, 0x42, 0xE1, 0x69, 0xD1, 0x91, 0xF4, 0x14, 0xE1, 0x9B, 0xD7, 0xC0, 0x1F,
    0x1D, 0x2A, 0x2B, 0x37, 0x17, 0xD3, 0x2D, 0xEB, 0x2F, 0xDB, 0xB2, 0xE6, 0x8B, 0x6D, 0x51, 0xF3,
    0xC4, 0xEC, 0xC0, 0xE5, 0xD4, 0xE8, 0xC4, 0xBB, 0xB1, 0x35, 0xB5, 0x18, 0x6E, 0x44, 0x09, 0xE4,
    0x2A, 0x78, 0x95, 0x76, 0xF9, 0x6C, 0x05, 0x47, 0x44, 0x1D, 0x13, 0x6B, 0xB3, 0x98, 0x00, 0x02,
    0x0D, 0x11, 0x6E, 0xCB, 0x89, 0xAC, 0xD4, 0xF7, 0x5B, 0x12, 0xAF, 0x3E, 0xD9, 0x20, 0x0F, 0xF3,
    0x70, 0x04, 0x5A, 0x32, 0x42, 0xCF, 0x87, 0x5E, 0x6A, 0x78, 0xA6, 0xB9, 0x04, 0xC8, 0x16, 0xBA,
    0xCF, 0xEB, 0xD8, 0x72, 0x55, 0x18, 0x0C, 0x5E, 0xEF, 0xC5, 0xFA, 0xF0, 0x95, 0x40, 0xE2, 0x61,
    0xF4, 0x71, 0xFC, 0x9B, 0xF8, 0xE6, 0x32, 0x3A, 0x47, 0xBA, 0x25, 0x4D, 0x0B, 0xB1, 0x77, 0x4E,
    0xD4, 0x59, 0xF3, 0xD5, 0xD6, 0x8E, 0xDA, 0x3C, 0x15, 0x55, 0xE5, 0x52, 0x9D, 0x4E, 0x0F, 0x4C,
    0xF4, 0x24, 0x43, 0xAC, 0x42, 0xF1, 0x61, 0x46, 0xCF, 0xE6, 0x34, 0xEC, 0xB8, 0x12, 0x4F, 0x6F,
    0x64, 0x95, 0x5F, 0x37, 0xA4, 0x4D, 0xB3, 0x09, 0xFD, 0xB6, 0xD6, 0xAB, 0x93, 0xF1, 0x3C, 0x16,
    0x53, 0x95, 0xBD, 0xDD, 0x2A, 0x71, 0x11, 0x3B, 0xA2, 0x44, 0x71, 0x18, 0xE3, 0x18, 0x07, 0x28,
    0x0E, 0xBF, 0x03, 0x47, 0x4B, 0x14, 0x07, 0x89, 0x26, 0x3D, 0xFE, 0x21, 0x54, 0xFD, 0xCC, 0xB4,
    0xC4, 0x5F, 0x8C, 0x12, 0xFF, 0xD0, 0x2A, 0x78, 0x06, 0x8E, 0x76, 0x08, 0x34, 0x5E, 0x43, 0xEC,
    0xFE, 0x29, 0xAB, 0x16, 0xD5, 0x3D, 0xCC, 0xAC, 0x26, 0x24, 0x2F, 0xAB, 0x09, 0x8D, 0xB0, 0xEA,
    0xA0, 0xBE, 0x31, 0x17, 0xD8, 0xD9, 0x02, 0xA0, 0x55, 0x34, 0x84, 0xFE, 0x30, 0xD6, 0xF8, 0x97,
    0x6B, 0x9A, 0xC2, 0x67, 0x75, 0x06, 0x37, 0xB4, 0xBF, 0xDB, 0xA7, 0x74, 0x44, 0x2B, 0x0B, 0x19,
    0x0F, 0xDA, 0xA4, 0x33, 0x4B, 0xE1, 0xF4, 0x3A, 0xE0, 0x3C, 0x34, 0x99, 0x28, 0x95, 0x55, 0x8D,
    0xB6, 0xD3, 0x15, 0xE9, 0x20, 0x8F, 0xB3, 0x90, 0x67, 0x25, 0xCC, 0x27, 0xCD, 0x1C, 0x57, 0x37,
    0xC2, 0x4C, 0xEC, 0x10, 0xF4, 0x6A, 0x87, 0x55, 0x5C, 0xF1, 0x21, 0x1A, 0x55, 0xB4, 0x10, 0x3D,
    0x04, 0xD7, 0xE4, 0x82, 0x21, 0x56, 0xEA, 0xC4, 0x8F, 0x6E, 0x62, 0xB4, 0x8B, 0xD5, 0xC7, 0x42,
    0xC3, 0x32, 0xB2, 0xD8, 0x5C, 0xE0, 0x7D, 0xC0, 0x68, 0x30, 0xC5, 0x6C, 0x96, 0x14, 0x4E, 0xBF,
    0x38, 0xD2, 0x70, 0xCF, 0xAD, 0xE8, 0x08, 0x74, 0xDF, 0xA5, 0x23, 0xB0, 0x3C, 0xE6, 0x2A, 0x70,
    0x68, 0x8A, 0x8F, 0xD0, 0x5E, 0x4A, 0x84, 0x34, 0xB3, 0xE8, 0xB4, 0xCD, 0x6C, 0x02, 0x7C, 0x7E,
    0xA4, 0xF9, 0x5A, 0x60, 0x7A, 0x9C, 0xA1, 0xE9, 0x40, 0xBE, 0xAA, 0xE6, 0xC0, 0xF1, 0x26, 0xA5,
    0x03, 0xFA, 0x55, 0xBE, 0xA8, 0xD1, 0x29, 0xF2, 0xD7, 0x02, 0x6D, 0xAF, 0x77, 0x08, 0xBC, 0x82,
    0xF3, 0x34, 0xB2, 0x7C, 0x78, 0xC2, 0x32, 0x57, 0x08, 0x5F, 0x0D, 0xC5, 0xF3, 0x4F, 0x88, 0xE5,
    0x8F, 0xF9, 0xD5, 0x70, 0x32, 0xF0, 0xF0, 0x51, 0xF8, 0xCB, 0x19, 0x68, 0xC0, 0xF5, 0x8B, 0x89,
    0x01, 0x5A, 0xB8, 0xA7, 0x9F, 0xE2, 0x7B, 0xBF, 0xC6, 0x38, 0x1C, 0xB8, 0x0F, 0xF8, 0xD2, 0xE6,
    0x09, 0xF7, 0x5D, 0x13, 0x56, 0x60, 0xC0, 0x2F, 0xC7, 0xBD, 0xA2, 0xCB, 0xFC, 0xE3, 0x2B, 0x6C,
    0x97, 0x07, 0x0C, 0x15, 0x8D, 0xC3, 0x2C, 0x75, 0xFB, 0x50, 0x67, 0xEC, 0x9D, 0xC1, 0x91, 0x5A,
    0xCE, 0xEE, 0x31, 0x84, 0x2B, 0xA7, 0x13, 0x7D, 0x06, 0xB6, 0xD2, 0x3C, 0xD7, 0xCB, 0x0C, 0xFF,
    0x78, 0x82, 0xBE, 0xCB, 0x13, 0x74, 0x4E, 0x2D, 0xD0, 0x51, 0x1B, 0x55, 0x43, 0xF9, 0xB0, 0xCE,
    0x7D, 0xF9, 0xEE, 0xB3, 0x8C, 0x00, 0x44, 0xD5, 0x06, 0xC5, 0x22, 0x02, 0xE5, 0x44, 0x9A, 0x04,
    0x71, 0x39, 0xA5, 0xCB, 0x23, 0x6F, 0x50, 0x03, 0xD9, 0xFC, 0xC8, 0xE7, 0x1A, 0x69, 0x53, 0x37,
    0xD2, 0x5F, 0x59, 0xC2, 0xB6, 0xF1, 0xB4, 0x19, 0x31, 0x34, 0x0B, 0xEF, 0xAA, 0x1A, 0x57, 0x0D,
    0x50, 0x55, 0x90, 0x11, 0x6C, 0x5C, 0xF3, 0xB9, 0xD7, 0xE5, 0xFB, 0xA2, 0xD7, 0x60, 0xB2, 0x78,
    0xA8, 0x03, 0xE4, 0xCE, 0xCD, 0x8A, 0x1F, 0x48, 0x4E, 0xF8, 0x8C, 0x92, 0xB9, 0x4A, 0x32, 0x57,
    0xFA, 0xF1, 0x78, 0x9B, 0x4F, 0x91, 0x79, 0xDE, 0x4F, 0xC1, 0xC3, 0x3C, 0x72, 0x63, 0xA9, 0xDB,
    0x75, 0xCF, 0x00, 0xA5, 0x27, 0xFC, 0x26, 0x81, 0x03, 0xB8, 0x6C, 0xB4, 0x37, 0x49, 0x21, 0xD6,
    0x24, 0xC7, 0x8B, 0x66, 0x63, 0x51, 0x62, 0xEA, 0xF2, 0x4F, 0xD1, 0x09, 0xD4, 0xD2, 0x4A, 0x70,
    0x91, 0x49, 0x0F, 0xFC, 0xC6, 0x24, 0x7B, 0x23, 0xD2, 0xFD, 0x58, 0xA3, 0x43, 0x8A, 0xAB, 0xF3,
    0xC4, 0x00, 0xF8, 0xCE, 0xC6, 0xD2, 0x40, 0x6D, 0xBE, 0x6A, 0x64, 0x0A, 0x5D, 0x04, 0x65, 0x29,
    0xC9, 0x70, 0xC4, 0x89, 0xEF, 0x3F, 0x8B, 0x17, 0x24, 0x9F, 0x9C, 0x91, 0x8C, 0xFE, 0x8E, 0x8F,
    0x10, 0x83, 0x89, 0xF5, 0x31, 0xDF, 0xC6, 0xD8, 0xF0, 0x4D, 0x9C, 0x26, 0x1E, 0x1B, 0xBE, 0x10,
    0xDD, 0x58, 0xC8, 0x63, 0xFB, 0xA0, 0x80, 0x5F, 0x0C, 0x7B, 0x67, 0x7B, 0xC0, 0xE2, 0x4C, 0x0F,
    0xE8, 0x2F, 0x42, 0x78, 0x71, 0xE4, 0x70, 0x62, 0xFA, 0x3B, 0x01, 0x53, 0xDD, 0x37, 0xB0, 0xA2,
    0x98, 0xF5, 0x51, 0x82, 0x89, 0xC3, 0xEC, 0x3E, 0x38, 0xDC, 0xC5, 0xFF, 0xAB, 0x3B, 0x92, 0x69,
    0x33, 0x9C, 0xC7, 0x98, 0xCB, 0x12, 0xD3, 0xD1, 0x9D, 0xAA, 0xFF, 0xDC, 0x1F, 0xCD, 0x3A, 0xF3,
    0x26, 0xF8, 0xA8, 0xF8, 0x6B, 0x2B, 0x57, 0xE3, 0x6D, 0x89, 0xE6, 0x78, 0x78, 0xB0, 0x75, 0x26,
    0xEB, 0x26, 0xB4, 0x7F, 0xB1, 0xEC, 0x5A, 0xBE, 0x84, 0x87, 0xE2, 0xE7, 0xA7, 0xF2, 0xA7, 0xB2,
    0x45, 0x2D, 0x3B, 0xD0, 0x21, 0xF4, 0xEF, 0x8C, 0xD3, 0x2F, 0xD8, 0x82, 0xA1, 0x1D, 0x1E, 0x72,
    0x1B, 0xB4, 0x49, 0x1D, 0x0D, 0x6B, 0x93, 0xDB, 0x30, 0x18, 0xAE, 0xBC, 0xFE, 0x73, 0x6F, 0x83,
    0x9F, 0x39, 0x67, 0x77, 0x7F, 0x4C, 0xA5, 0x3C, 0xF6, 0xCD, 0x8F, 0x7E, 0x18, 0x6A, 0x91, 0x1C,
    0x05, 0xA2, 0xAC, 0x84, 0x22, 0x03, 0x30, 0x52, 0x07, 0xE9, 0x15, 0x4F, 0xE0, 0xB4, 0x3F, 0x6D,
    0x87, 0xAE, 0x08, 0x3F, 0x3A, 0xF0, 0x72, 0x60, 0x4A, 0x1F, 0x63, 0x60, 0x8B, 0xEC, 0xA6, 0xAF,
    0x5D, 0x2A, 0xCC, 0x41, 0xA2, 0x4A, 0x1A, 0xD4, 0xD3, 0xE4, 0xBF, 0x9A, 0xAE, 0x60, 0x02, 0xEB,
    0x8C, 0x67, 0x45, 0xAB, 0x11, 0xF0, 0xDC, 0xF5, 0xFE, 0xAB, 0x81, 0xB7, 0xD0, 0xD5, 0xF3, 0xFC,
    0x11, 0x1E, 0x34, 0x07, 0xB6, 0x96, 0x03, 0xE0, 0xCA, 0x62, 0xC0, 0x7C, 0x1D, 0xC5, 0xC0, 0x97,
    0x36, 0xAA, 0x9F, 0xC2, 0x36, 0x57, 0x00, 0xBD, 0x73, 0x67, 0x44, 0xEF, 0xE5, 0xFC, 0x9A, 0xE8,
    0x85, 0xD4, 0x08, 0x1F, 0x22, 0x2C, 0xD0, 0x5C, 0xAD, 0x77, 0x9B, 0xC3, 0xAF, 0x6D, 0xD3, 0x4E,
    0x49, 0x7F, 0x18, 0x2D, 0xE8, 0xFB, 0xB3, 0x58, 0xF3, 0x78, 0xF3, 0x37, 0x1A, 0x53, 0x2C, 0xAE,
    0x80, 0x25, 0x75, 0xEE, 0x5A, 0xBE, 0x66, 0xA0, 0xF0, 0x0B, 0x64, 0x0B, 0x20, 0xE3, 0x83, 0xEA,
    0x62, 0x6F, 0x0A, 0x76, 0xFF, 0x2C, 0x98, 0xA9, 0xC1, 0xFE, 0x75, 0xEE, 0x2F, 0x1C, 0x9C, 0x33,
    0xBE, 0xA5, 0x5C, 0xB9, 0x56, 0x5F, 0x60, 0x2A, 0x2A, 0x43, 0xCC, 0xA0, 0xA5, 0xC0, 0xAE, 0x32,
    0xC2, 0x40, 0x51, 0xF2, 0xF5, 0x45, 0x97, 0x2F, 0x30, 0xB6, 0x53, 0x52, 0x5B, 0xDB, 0x6D, 0x4C,
    0x4F, 0xDB, 0x03, 0x52, 0xDD, 0xED, 0x82, 0x94, 0xFD, 0x81, 0xA5, 0x76, 0xFE, 0x3E, 0x1C, 0x6D,
    0x30, 0xFE, 0x55, 0x2F, 0x19, 0x98, 0x22, 0xF5, 0xD2, 0x59, 0xA1, 0x04, 0x35, 0xA2, 0x1A, 0x24,
    0x31, 0x62, 0xEA, 0x42, 0xA1, 0x7D, 0x53, 0xE9, 0x83, 0x5C, 0xBD, 0xFF, 0x99, 0x51, 0xBF, 0x7F,
    0xA8, 0xD5, 0x57, 0x8F, 0xA8, 0xFD, 0xD7, 0x7F, 0x52, 0xFA, 0x00, 0x05, 0xE9, 0x5A, 0x49, 0x69,
    0x68, 0x69, 0x9D, 0x53, 0x96, 0xEF, 0x45, 0xF7, 0xE0, 0xC1, 0xC3, 0xC3, 0x5A, 0x2D, 0x70, 0x23,
    0xC4, 0xAE, 0x13, 0x7B, 0x04, 0x2D, 0x03, 0x64, 0xC7, 0xB7, 0x8D, 0xFF, 0x83, 0x90, 0xE0, 0x3F,
    0x59, 0x94, 0x2F, 0x67, 0x92, 0xF9, 0x71, 0x16, 0xD3, 0xA9, 0x30, 0x6D, 0x61, 0xD0, 0xB6, 0xDA,
    0xF0, 0xCF, 0x36, 0x78, 0x6C, 0x82, 0xCF, 0x0D, 0x8F, 0x22, 0xCE, 0x97, 0xD1, 0x71, 0x7D, 0x6B,
    0x00, 0x3B, 0xF8, 0xA2, 0x23, 0xE7, 0xCB, 0x80, 0xD3, 0x9B, 0xBA, 0x46, 0x4A, 0x9C, 0x9B, 0x5E,
    0xC8, 0x39, 0x34, 0x95, 0x77, 0xB9, 0xE4, 0xE7, 0x3E, 0x60, 0xFD, 0x9F, 0xB9, 0xC6, 0x55, 0xFC,
    0x33, 0xE7, 0x76, 0xAA, 0x5F, 0xF9, 0xE6, 0x96, 0x6F, 0xD7, 0x30, 0x45, 0x53, 0xA7, 0xD7, 0xF3,
    0x94, 0x47, 0xF4, 0x06, 0xEB, 0x29, 0xEA, 0x06, 0x1E, 0x0D, 0x55, 0xD8, 0x2B, 0xF9, 0xC2, 0x8B,
    0x67, 0x78, 0x6E, 0xA5, 0xAA, 0xD1, 0x26, 0xE1, 0x1D, 0x7A, 0x1F, 0x8D, 0xBA, 0xC7, 0xEC, 0x9E,
    0xF6, 0xC2, 0x4D, 0xB0, 0xAB, 0x61, 0x9C, 0x16, 0x03, 0x3E, 0x37, 0xB2, 0x34, 0x02, 0x56, 0xC8,
    0xB9, 0x85, 0x2D, 0x7E, 0x97, 0x26, 0x7C, 0xCB, 0x02, 0x82, 0x37, 0xE9, 0x0B, 0xF7, 0x35, 0x8A,
    0xFE, 0x0F, 0xBD, 0x56, 0xBF, 0x8F, 0xDC, 0x44, 0x18, 0x7D, 0xF6, 0xA0, 0x33, 0xC9, 0x88, 0x4C,
    0x0A, 0x1A, 0x24, 0xB2, 0xA6, 0xA0, 0x8A, 0xB2, 0x6B, 0x09, 0xA5, 0xA0, 0xF0, 0xDE, 0x3A, 0x4A,
    0x41, 0x99, 0x3F, 0x21, 0xD4, 0x20, 0x25, 0xCD, 0x15, 0x27, 0x71, 0x70, 0x23, 0x51, 0x50, 0xD0,
    0x84, 0xFF, 0x20, 0x05, 0x05, 0x6C, 0x0A, 0x52, 0x6C, 0xB1, 0x12, 0x9B, 0xB3, 0xA5, 0x14, 0x94,
    0x58, 0xA4, 0x4C, 0x81, 0xA5, 0x20, 0x45, 0x02, 0x29, 0x37, 0x08, 0x23, 0x2D, 0xA7, 0xBD, 0x1D,
    0xDE, 0x37, 0xE3, 0x3B, 0x40, 0x42, 0x88, 0x02, 0xE1, 0xDD, 0x19, 0xEF, 0xDA, 0x33, 0xDF, 0xEF,
    0xF7, 0xBE, 0x01, 0x90, 0x59, 0x00, 0x06, 0xC8, 0xFD, 0x16, 0xF0, 0xFE, 0x07, 0x28, 0x97, 0xB5,
    0xD0, 0x36, 0x75, 0xF2, 0xD4, 0x61, 0x57, 0xA6, 0xF2, 0x7C, 0x3A, 0x40, 0x22, 0x53, 0xDA, 0xF1,
    0xAF, 0x6A, 0x30, 0x85, 0xA9, 0x50, 0xC8, 0x22, 0xE3, 0xD7, 0x40, 0xEA, 0x45, 0x1A, 0xD2, 0x16,
    0xF2, 0xB2, 0xF6, 0x55, 0xC6, 0xA7, 0xA6, 0xEA, 0xB9, 0x6E, 0xC9, 0x0D, 0xFB, 0x9C, 0x65, 0x2C,
    0x38, 0x28, 0x4F, 0xB5, 0x28, 0xB8, 0x41, 0x6F, 0x64, 0x8F, 0x68, 0xC3, 0x64, 0x82, 0x6C, 0x33,
    0x46, 0xE6, 0xA6, 0xB4, 0xA0, 0xE4, 0x4E, 0x0E, 0x6A, 0x33, 0x5C, 0x9F, 0x73, 0xD7, 0x88, 0xBB,
    0x26, 0x1C, 0xD3, 0x60, 0x4D, 0xCF, 0xA7, 0x1B, 0x9A, 0x79, 0xE8, 0x5B, 0xE4, 0xDB, 0x20, 0xE3,
    0x1E, 0x90, 0x04, 0xDD, 0x06, 0x75, 0x65, 0x86, 0x1D, 0x63, 0x8E, 0x6B, 0xB2, 0x23, 0xA1, 0xD1,
    0x34, 0x4D, 0xF4, 0x96, 0xBA, 0xC1, 0xCC, 0x37, 0xC8, 0x9F, 0x35, 0x88, 0x3B, 0xEF, 0x87, 0xDB,
    0xD7, 0xF1, 0xEF, 0x04, 0xC3, 0xA5, 0x7C, 0xCF, 0x75, 0xA7, 0xEA, 0x27, 0x8F, 0xAB, 0xF3, 0x4D,
    0xD6, 0x18, 0x8B, 0x64, 0xAD, 0x2D, 0x9D, 0xCB, 0x3A, 0x53, 0x51, 0x50, 0x6E, 0x0D, 0x78, 0x9B,
    0x21, 0xDC, 0x36, 0x34, 0x53, 0x35, 0x4A, 0xAC, 0xA4, 0x0D, 0x0D, 0x6F, 0x59, 0x33, 0x43, 0x88,
    0xD2, 0x23, 0xD0, 0xE4, 0x22, 0xED, 0x41, 0x7F, 0x36, 0xBA, 0x03, 0x8E, 0x6A, 0x67, 0x7E, 0x9C,
    0xDB, 0x7A, 0xCB, 0xD0, 0xFB, 0x46, 0x14, 0x99, 0x3B, 0x10, 0x45, 0xAA, 0x47, 0x50, 0x54, 0x21,
    0x28, 0x62, 0x64, 0xA8, 0xC8, 0xFB, 0xA0, 0x61, 0x7E, 0x14, 0x15, 0xAD, 0x82, 0xA2, 0x34, 0x2A,
    0xCA, 0xA2, 0xA2, 0x3C, 0x2A, 0x3A, 0x08, 0x8A, 0x98, 0x25, 0x51, 0xC4, 0x57, 0x51, 0xD1, 0x7D,
    0x04, 0x45, 0x4E, 0xC4, 0xA5, 0xCF, 0x19, 0xA3, 0x11, 0x6A, 0xFE, 0x1E, 0xE3, 0x4D, 0xC8, 0x7A,
    0xE6, 0x6C, 0x5B, 0x16, 0xBE, 0xD5, 0x7E, 0x75, 0xF5, 0xAB, 0xA6, 0x48, 0xD7, 0x21, 0xF6, 0x92,
    0xB7, 0x03, 0x46, 0x6E, 0xCD, 0xAC, 0x39, 0xD5, 0x49, 0xD6, 0x68, 0xD7, 0x7E, 0xDA, 0x31, 0xDF,
    0x65, 0xD6, 0x31, 0xE1, 0x85, 0xFF, 0xEE, 0xE4, 0x4B, 0xE8, 0x93, 0x27, 0xAC, 0x9E, 0x60, 0xAB,
    0x93, 0x39, 0x71, 0xA2, 0x37, 0xED, 0x34, 0xAB, 0x41, 0xB5, 0xAC, 0x90, 0x90, 0x91, 0xB3, 0x39,
    0x58, 0x4A, 0xDF, 0x26, 0xC1, 0xB5, 0x30, 0xD3, 0x82, 0xC4, 0x9A, 0x50, 0x52, 0x13, 0x6A, 0x54,
    0xED, 0x01, 0x8B, 0xE7, 0x67, 0xD6, 0x4E, 0xED, 0xDD, 0x61, 0x2B, 0x92, 0x33, 0x09, 0x85, 0x16,
    0x57, 0x33, 0xAB, 0x43, 0xC9, 0x56, 0xDC, 0x66, 0xC4, 0x0F, 0x23, 0x6E, 0xE4, 0xE2, 0xC5, 0xE4,
    0x7C, 0xA2, 0x47, 0xFB, 0x32, 0x2D, 0x28, 0x0D, 0x0F, 0x45, 0x8C, 0x8B, 0x13, 0x8D, 0xEB, 0x86,
    0x0A, 0x45, 0x2D, 0x06, 0xFB, 0x8A, 0xE2, 0x0F, 0x32, 0xBB, 0xD2, 0xF6, 0x6D, 0x2D, 0x32, 0x1D,
    0xBF, 0x97, 0x92, 0x6E, 0x94, 0xB6, 0x63, 0xD5, 0x94, 0xF1, 0x9B, 0xD9, 0x7D, 0x5D, 0xD5, 0x06,
    0x33, 0x13, 0xEA, 0x74, 0x82, 0x9D, 0x0D, 0x4C, 0x2F, 0x99, 0x5A, 0x4A, 0xBE, 0xD7, 0x8C, 0x14,
    0xD3, 0xB0, 0x61, 0xA8, 0xB4, 0xD5, 0xAB, 0x70, 0x33, 0x77, 0x04, 0x41, 0x95, 0x31, 0x84, 0x0A,
    0x0D, 0x35, 0x4C, 0x9A, 0x41, 0xAE, 0x3F, 0x96, 0x5C, 0x4D, 0xB2, 0xC7, 0xE1, 0xA6, 0xBE, 0x11,
    0x04, 0x95, 0xEA, 0xE9, 0x27, 0x62, 0x72, 0x72, 0x7C, 0x8B, 0xD6, 0x1E, 0xC0, 0x6B, 0x2B, 0x72,
    0xBD, 0x62, 0xB6, 0x96, 0xA8, 0x13, 0x42, 0x44, 0x14, 0x31, 0xEF, 0xD4, 0x53, 0x40, 0xD4, 0x5C,
    0x12, 0xD0, 0xD0, 0x19, 0x73, 0x94, 0x38, 0x42, 0xE4, 0x76, 0xDA, 0x95, 0x41, 0xC5, 0x3E, 0x72,
    0x73, 0xB3, 0x59, 0xA0, 0xD0, 0x8F, 0x1B, 0x17, 0xE4, 0x13, 0x2C, 0xEA, 0xA9, 0x65, 0xF1, 0xA7,
    0xC7, 0x37, 0x3A, 0x11, 0x4E, 0xCF, 0x45, 0x76, 0x23, 0xA2, 0x43, 0xC6, 0x62, 0xDE, 0x10, 0x82,
    0x9A, 0xD4, 0xE1, 0xC1, 0x29, 0xCE, 0x9F, 0x6B, 0x99, 0x94, 0x8D, 0x08, 0x2D, 0x5A, 0x7A, 0xE2,
    0x19, 0x20, 0x63, 0xDD, 0x88, 0x21, 0x77, 0x63, 0x01, 0x97, 0x44, 0xFB, 0x7C, 0x4A, 0xBA, 0x7D,
    0x16, 0x48, 0xBB, 0xC0, 0x42, 0x35, 0x0F, 0xA5, 0x1A, 0x24, 0xE4, 0x38, 0x8F, 0xFB, 0xDD, 0x21,
    0xE4, 0x11, 0x70, 0x82, 0xB6, 0x33, 0xA8, 0x7D, 0x24, 0x2F, 0xB8, 0x8A, 0x43, 0x7D, 0xCF, 0x22,
    0xF9, 0x96, 0xFA, 0x6E, 0x91, 0x5B, 0x68, 0x57, 0xC9, 0xAC, 0x2F, 0x39, 0x28, 0x4D, 0x05, 0xA8,
    0xF8, 0xD6, 0x58, 0xD5, 0xE5, 0x90, 0x42, 0x64, 0x94, 0x7B, 0x87, 0x59, 0x83, 0x8B, 0x22, 0x25,
    0xF1, 0x95, 0xE6, 0x5B, 0xD1, 0xD5, 0xE1, 0xFD, 0x2E, 0xF7, 0xED, 0x87, 0x34, 0x41, 0x35, 0xBD,
    0x69, 0x6A, 0x6F, 0x8B, 0x27, 0x16, 0x93, 0x29, 0x9D, 0xA2, 0x3D, 0x49, 0x35, 0xB0, 0x4E, 0xDA,
    0x09, 0xA2, 0xF2, 0x50, 0x7A, 0x59, 0x13, 0x89, 0x27, 0x92, 0xCF, 0x19, 0xF1, 0x2C, 0x69, 0xA4,
    0x40, 0x61, 0xCD, 0xF8, 0xAD, 0x12, 0x21, 0x84, 0x0E, 0x7A, 0xCB, 0xFD, 0xBF, 0x06, 0xC5, 0x17,
    0xA2, 0x9C, 0xB7, 0xB9, 0x78, 0x84, 0x05, 0xF9, 0x89, 0x64, 0xC3, 0x38, 0x94, 0x4C, 0x8A, 0x6A,
    0x4B, 0xD3, 0x90, 0x67, 0xF2, 0x5F, 0x2C, 0x0C, 0x4B, 0x94, 0x19, 0x0C, 0x24, 0x25, 0xD7, 0xDD,
    0x35, 0xE9, 0xD2, 0x33, 0xC0, 0x79, 0x95, 0x23, 0xAB, 0x68, 0x96, 0xD4, 0x2A, 0x95, 0x01, 0xFD,
    0xCE, 0xBC, 0x72, 0xDA, 0x5B, 0x29, 0x20, 0x22, 0x91, 0x68, 0x9F, 0xF1, 0x73, 0x44, 0xFC, 0xBE,
    0x40, 0xB6, 0x7D, 0x85, 0xF5, 0x4E, 0xA0, 0x3B, 0xA4, 0x21, 0x2D, 0xF5, 0xA7, 0xCA, 0x1F, 0xEB,
    0xE6, 0xC8, 0x60, 0x4A, 0x04, 0x8D, 0xC2, 0x97, 0x36, 0x93, 0x75, 0x33, 0xEF, 0x92, 0x2D, 0x5D,
    0x75, 0x2F, 0x31, 0x50, 0xD4, 0xE3, 0xAB, 0xF4, 0x73, 0x42, 0xF6, 0x4C, 0xAF, 0xB1, 0x79, 0x70,
    0x58, 0xD0, 0xA6, 0x5A, 0x16, 0x72, 0xCB, 0x2A, 0x6E, 0x1D, 0x03, 0x21, 0x04, 0x44, 0x3A, 0xB2,
    0xAB, 0x40, 0xED, 0x8F, 0xA8, 0x97, 0x4F, 0x84, 0xDA, 0x17, 0x91, 0x5F, 0x13, 0x61, 0xEC, 0x8D,
    0x44, 0xDB, 0x6A, 0xCF, 0x3C, 0x30, 0xF1, 0x8B, 0x12, 0x4B, 0x52, 0xFB, 0x12, 0x3D, 0xA9, 0x82,
    0xAE, 0xCF, 0x6E, 0x37, 0x66, 0x2B, 0x6D, 0x82, 0xB5, 0xA3, 0xEF, 0x81, 0xE4, 0xF1, 0xBF, 0x52,
    0x29, 0x02, 0x93, 0x22, 0x12, 0xE9, 0xC0, 0xA3, 0x91, 0x46, 0x23, 0x8B, 0x46, 0x12, 0x8D, 0x1C,
    0x1A, 0x29, 0x34, 0x32, 0x68, 0x24, 0xD0, 0xC8, 0x9F, 0x91, 0x3E, 0x23, 0x7B, 0x9E, 0x91, 0xA7,
    0x09, 0xA9, 0x1B, 0x85, 0x79, 0x1C, 0xE6, 0xFF, 0x86, 0x3B, 0x23, 0x46, 0xB8, 0x0C, 0x3A, 0xD6,
    0x25, 0x5E, 0x93, 0xD4, 0xF2, 0xB7, 0x34, 0xA8, 0x67, 0xF4, 0xE1, 0xF0, 0x1F, 0xF0, 0xC1, 0xB1,
    0x8A, 0xF8, 0x48, 0xFF, 0x0E, 0x1F, 0xB8, 0x2C, 0x65, 0x45, 0x8F, 0xD2, 0x20, 0x9B, 0x66, 0xCC,
    0x5A, 0x5C, 0xEF, 0x64, 0x36, 0xF6, 0x5F, 0x81, 0x46, 0x22, 0x19, 0xF6, 0xE6, 0xE7, 0x3E, 0x0F,
    0x57, 0x11, 0x8C, 0x3F, 0x9C, 0x7F, 0x41, 0x31, 0xDB, 0x3F, 0xC8, 0xC3, 0x48, 0x29, 0x63, 0x37,
    0x2C, 0x5C, 0xCB, 0xEF, 0xD4, 0xF1, 0x34, 0xC0, 0xA2, 0xDB, 0xCE, 0x45, 0x88, 0x24, 0xE8, 0x30,
    0x34, 0xA3, 0x93, 0x07, 0xE2, 0x77, 0xCB, 0x42, 0xA1, 0x2D, 0xEA, 0x64, 0x6E, 0x67, 0x10, 0x8C,
    0x73, 0x03, 0x22, 0xC9, 0x4B, 0xCA, 0xFF, 0x74, 0x25, 0xFE, 0x9D, 0x2D, 0xB4, 0x3F, 0xF6, 0xD6,
    0x24, 0x1B, 0x66, 0x35, 0x71, 0x69, 0x9B, 0x3C, 0x38, 0x79, 0xD0, 0x15, 0x9E, 0x6E, 0x1F, 0xDD,
    0x64, 0x75, 0xF6, 0x4A, 0x26, 0xE3, 0x2E, 0xA0, 0x3E, 0x65, 0xDE, 0x8A, 0x2E, 0x17, 0x75, 0xE9,
    0x70, 0xC4, 0x10, 0x69, 0xEF, 0x46, 0x59, 0x7A, 0xFB, 0x3A, 0x9B, 0xC2, 0x3A, 0x65, 0x7A, 0xB2,
    0x26, 0x73, 0xA6, 0xBA, 0xE2, 0x72, 0xEC, 0xF5, 0x93, 0xA4, 0xED, 0xCB, 0xAC, 0xEA, 0xCB, 0x2B,
    0xAC, 0xE4, 0xBD, 0xC4, 0xED, 0xB6, 0xAA, 0x2D, 0x2A, 0xE2, 0xC7, 0x16, 0xF8, 0xC0, 0x6F, 0xF0,
    0x99, 0x97, 0xE6, 0xF1, 0x6A, 0xC4, 0x6A, 0x68, 0x24, 0xC3, 0x75, 0xF8, 0x9C, 0xC8, 0xDA, 0xB2,
    0x8E, 0x48, 0x1C, 0x37, 0x4E, 0x61, 0xB2, 0x3B, 0x18, 0x5D, 0x21, 0xCD, 0xEF, 0x95, 0xC8, 0xDB,
    0x32, 0x9C, 0x83, 0x0A, 0x52, 0xC7, 0x5B, 0xC2, 0x7F, 0x75, 0x97, 0xF9, 0x8D, 0xB1, 0xD3, 0xD8,
    0x50, 0x58, 0xDF, 0xD9, 0x56, 0x1E, 0x0A, 0xBB, 0x0B, 0x0D, 0x4C, 0xAF, 0xA1, 0xDC, 0xC5, 0x8A,
    0x64, 0x3B, 0x1C, 0xA9, 0xF6, 0x80, 0xEB, 0x82, 0x3F, 0x96, 0x08, 0xB3, 0x98, 0x9D, 0xCA, 0xC9,
    0xA9, 0x54, 0xA4, 0x29, 0x14, 0xF7, 0xC2, 0xDE, 0xBC, 0xBA, 0x9C, 0xD9, 0xA5, 0xB6, 0x33, 0x42,
    0x7B, 0x3D, 0xD0, 0x77, 0x4A, 0xB1, 0x0D, 0x8A, 0x0A, 0x2F, 0x4B, 0xB8, 0x3D, 0xDE, 0xAB, 0xE7,
    0x31, 0x79, 0xE7, 0x44, 0x33, 0x70, 0xB3, 0xF0, 0xA1, 0x93, 0x8E, 0x1D, 0x87, 0x8A, 0xE7, 0x37,
    0xD9, 0x1C, 0x1B, 0x80, 0x04, 0x4B, 0x6A, 0x60, 0x88, 0xA1, 0x70, 0xB5, 0x9C, 0x1B, 0x18, 0x48,
    0x72, 0xBC, 0xF1, 0xFA, 0xB7, 0xB4, 0x25, 0x56, 0xF9, 0x61, 0x73, 0xE6, 0xB9, 0xCB, 0x74, 0x19,
    0xA5, 0xB1, 0x49, 0x31, 0xD5, 0x8F, 0xF0, 0x06, 0xB0, 0xB3, 0xC3, 0x2E, 0xFB, 0x62, 0x50, 0x18,
    0x64, 0x2F, 0x39, 0x7A, 0xA9, 0x59, 0xD6, 0x2E, 0x23, 0x9F, 0xB8, 0x40, 0xC4, 0x4C, 0xA1, 0x20,
    0x58, 0xB0, 0x38, 0xA6, 0xE6, 0xBF, 0x12, 0x71, 0x24, 0xE3, 0x0B, 0x17, 0x61, 0x56, 0x01, 0x29,
    0x88, 0xE7, 0x02, 0xE9, 0x5C, 0xD2, 0xB8, 0xD9, 0x9C, 0xD8, 0x9A, 0xAC, 0x2B, 0xA4, 0x2D, 0xB9,
    0x32, 0x7E, 0xD9, 0x8E, 0xD8, 0x8C, 0x42, 0x35, 0xFF, 0x0E, 0x01, 0x6B, 0x00, 0x94, 0xFF, 0x70,
    0x3C, 0x1D, 0x0F, 0x2E, 0xB8, 0x00, 0x90, 0x07, 0xF4, 0x2E, 0x3D, 0x06, 0x42, 0x00, 0x1F, 0xFF,
    0x40, 0x3C, 0x7E, 0x00, 0x6A, 0xA0, 0xFF, 0xF0, 0x20, 0x24, 0x3F, 0xF0, 0x1F, 0xD0, 0x00, 0xB8,
    0x78, 0x00, 0x00, 0x3C, 0x2D, 0x3C, 0x2D, 0x28, 0xBE, 0x0E, 0x1C, 0x24, 0x2F, 0x40, 0x7F, 0xC0,
    0xB0, 0xC0, 0x7F, 0xC0, 0x2F, 0x40, 0x07, 0x1C, 0x1F, 0x7C, 0x3D, 0xF0, 0x64, 0x28, 0x3E, 0xF0,
    0x0F, 0x80, 0x00, 0xF0, 0x00, 0xF0, 0xAB, 0xE0, 0xFF, 0xC0, 0x3C, 0x7D, 0x3C, 0x00, 0x00, 0x0B,
    0x00, 0x07, 0x00, 0x0B, 0x00, 0x3E, 0x00, 0x38, 0x00, 0x00, 0x00, 0x03, 0x00, 0x0F, 0x40, 0x0F,
    0xC0, 0x2F, 0xC0, 0x3F, 0x00, 0x1D, 0xB0, 0xF9, 0xBD, 0x00, 0x63, 0xF8, 0xC3, 0xC0, 0xF0, 0x8F,
    0x81, 0x81, 0x1F, 0x8C, 0xE4, 0x19, 0x18, 0xEC, 0x19, 0x18, 0xAA, 0x1D, 0x18, 0x5E, 0x3B, 0x30,
    0x1E, 0x6F, 0x60, 0x6E, 0x6F, 0x60, 0x67, 0x3E, 0xC0, 0xCF, 0x7C, 0x40, 0x97, 0xF9, 0x80, 0x0D,
    0xF3, 0x87, 0x1D, 0x8C, 0x1F, 0x00, 0x6D, 0x55, 0xBB, 0x8E, 0xE4, 0x44, 0x14, 0x3D, 0xAE, 0x12,
    0x53, 0x42, 0xB5, 0x9A, 0x4A, 0x09, 0x00, 0x27, 0x04, 0x48, 0x0C, 0x6D, 0x02, 0x82, 0x0D, 0xEC,
    0xEE, 0x42, 0x13, 0x10, 0xF2, 0x09, 0xF0, 0x07, 0x10, 0x6C, 0x30, 0x81, 0x99, 0xF6, 0x42, 0x40,
    0xBA, 0x9F, 0xC0, 0x27, 0x74, 0xB0, 0x81, 0x83, 0x66, 0xBB, 0x86, 0x0D, 0x08, 0xA9, 0xDD, 0xFD,
    0x80, 0xB5, 0x98, 0x1F, 0xA8, 0xC0, 0x81, 0x85, 0xDC, 0x53, 0x9C, 0xEB, 0x99, 0x61, 0x56, 0x02,
    0xC9, 0xB7, 0xDA, 0xED, 0xBE, 0x8F, 0x73, 0xCF, 0xBD, 0xC7, 0x0D, 0xAC, 0x00, 0x6C, 0x68, 0x19,
    0x28, 0xDE, 0x02, 0xFA, 0x4F, 0x0F, 0xFB, 0x4D, 0x87, 0x53, 0x1B, 0x50, 0x9B, 0x80, 0x6D, 0x0E,
    0x48, 0x3A, 0xAA, 0xA8, 0xA3, 0x0E, 0x7A, 0xB0, 0x5E, 0xA5, 0x4D, 0x74, 0xB3, 0xCE, 0x7C, 0xBE,
    0xD7, 0x1D, 0x7A, 0xED, 0x31, 0x32, 0x3C, 0x49, 0x8A, 0x11, 0x2A, 0x5D, 0x42, 0x0D, 0x0E, 0x3A,
    0xD2, 0x82, 0x58, 0x09, 0x13, 0xD6, 0xB0, 0x4F, 0x67, 0x1C, 0xF2, 0x33, 0xE8, 0x7C, 0x03, 0xEC,
    0xCB, 0x80, 0x89, 0xB9, 0x47, 0xD6, 0x48, 0xAE, 0x2B, 0x24, 0x26, 0x4F, 0x8C, 0xAB, 0x24, 0xAE,
    0x63, 0xDC, 0x62, 0x86, 0xB1, 0xB6, 0xFB, 0x8D, 0x10, 0x06, 0xC6, 0xE5, 0x88, 0xBD, 0x0A, 0xE8,
    0x69, 0xA3, 0xEA, 0x96, 0x7A, 0xB4, 0x82, 0xA6, 0x06, 0xC2, 0x8E, 0xB4, 0x70, 0x6B, 0xCC, 0xCC,
    0x38, 0xE0, 0x20, 0x3E, 0x0C, 0xE4, 0xC7, 0xCE, 0xF1, 0x76, 0x28, 0x79, 0xC4, 0x8A, 0x41, 0x04,
    0x44, 0xCF, 0x86, 0x47, 0x57, 0xD3, 0x1F, 0x2D, 0xE0, 0xB0, 0x07, 0x3E, 0xC2, 0x04, 0xD4, 0xD2,
    0xCF, 0x8E, 0xC9, 0x75, 0x64, 0xF6, 0x4A, 0xE2, 0x37, 0x1E, 0x33, 0x2E, 0xE4, 0xA7, 0x9D, 0x1C,
    0xAC, 0xF5, 0x29, 0x13, 0xFF, 0x24, 0x14, 0xF0, 0x2B, 0x7A, 0x89, 0x1D, 0xD5, 0x4C, 0x44, 0x96,
    0x09, 0xD2, 0xD9, 0x48, 0x5C, 0xBB, 0x04, 0xF5, 0x57, 0x60, 0x96, 0xB7, 0x8A, 0xC7, 0x4C, 0x90,
    0x9A, 0x3C, 0x12, 0x1C, 0x21, 0x5A, 0xF6, 0x46, 0x78, 0x1B, 0x3A, 0xDB, 0xCC, 0xEE, 0x16, 0x54,
    0x10, 0x54, 0x85, 0xA0, 0x52, 0xA1, 0x16, 0x68, 0x44, 0xA5, 0x25, 0xB3, 0x15, 0x54, 0xA7, 0x82,
    0xEA, 0x91, 0xB4, 0x7C, 0x26, 0x3D, 0x7F, 0xC9, 0xA4, 0xEB, 0xA8, 0x07, 0x42, 0xAB, 0x66, 0x62,
    0x79, 0xBA, 0x60, 0x61, 0x82, 0x49, 0x00, 0x8D, 0x72, 0x24, 0xB6, 0x45, 0xD7, 0x9E, 0xDC, 0x2E,
    0xE4, 0xF2, 0x29, 0xEB, 0x13, 0x4B, 0xE0, 0x53, 0x13, 0xF8, 0xC0, 0x72, 0xA0, 0x20, 0xD7, 0x11,
    0xDB, 0xB4, 0x21, 0xFA, 0x4A, 0xE6, 0xB7, 0xE1, 0x13, 0x17, 0x2A, 0x7A, 0x34, 0xD0, 0xC3, 0x9E,
    0xC6, 0xFC, 0xC3, 0xC4, 0xD8, 0x89, 0x01, 0x13, 0x7F, 0x9D, 0x51, 0x32, 0x7F, 0x83, 0xF2, 0x2B,
    0xFA, 0xE7, 0x4E, 0x28, 0xBE, 0xAF, 0xDE, 0xF3, 0xF1, 0x43, 0x75, 0x48, 0x75, 0x16, 0xFB, 0x4F,
    0x75, 0x2D, 0xD5, 0x8D, 0x54, 0xB7, 0x52, 0x7D, 0x61, 0x42, 0xE7, 0xA3, 0x6C, 0x86, 0xC7, 0xC4,
    0xAD, 0x18, 0xC9, 0x4F, 0x32, 0x74, 0x75, 0x9D, 0x4A, 0xDC, 0x8A, 0xBF, 0xA5, 0xC7, 0x67, 0x0F,
    0xD3, 0xA5, 0x39, 0x4E, 0x78, 0x2B, 0x13, 0xAE, 0x6E, 0x50, 0x4C, 0xAE, 0xB3, 0xC1, 0x78, 0xEE,
    0x9A, 0x00, 0x10, 0xD2, 0x84, 0xB3, 0x65, 0x31, 0xEF, 0x4D, 0x88, 0xA9, 0xF1, 0x18, 0xA5, 0x7F,
    0x4E, 0xD4, 0x24, 0x2E, 0xE7, 0xEE, 0xC9, 0xCA, 0xF8, 0x5D, 0x63, 0x38, 0xD3, 0x42, 0xE6, 0x0A,
    0xC1, 0x4C, 0xC8, 0x0F, 0xC1, 0xF7, 0x1B, 0x46, 0x23, 0x58, 0x94, 0x24, 0x69, 0x3B, 0xBB, 0xD9,
    0x05, 0x15, 0x4C, 0xD4, 0x9D, 0xE6, 0xA6, 0xAB, 0x74, 0x86, 0x62, 0x7C, 0xC2, 0x18, 0x3A, 0xBC,
    0x20, 0xB0, 0xAD, 0x87, 0x50, 0x21, 0xF9, 0x3E, 0xE1, 0xBA, 0x1C, 0xB8, 0x2D, 0x5B, 0x7E, 0x35,
    0xD9, 0x1E, 0x31, 0xAB, 0x48, 0x55, 0x75, 0x58, 0x9F, 0x32, 0x19, 0x1D, 0x5C, 0xBA, 0x6B, 0x86,
    0x4E, 0x15, 0xEF, 0x7B, 0x2E, 0xCD, 0xD0, 0xC3, 0x70, 0x2D, 0x4B, 0x26, 0xC9, 0x57, 0x39, 0xE4,
    0x37, 0xB9, 0xAB, 0x16, 0x76, 0x27, 0xF6, 0x26, 0xDC, 0x92, 0x5A, 0x82, 0x6A, 0xCD, 0xB0, 0x28,
    0xA3, 0xBA, 0x8E, 0xF8, 0x3F, 0x62, 0x74, 0x0E, 0xEE, 0x86, 0x71, 0x4A, 0x86, 0xA0, 0xDF, 0xE1,
    0x9F, 0x32, 0x15, 0x66, 0x7F, 0xB4, 0x1C, 0x42, 0x25, 0xD3, 0x2F, 0x9D, 0xD7, 0xA1, 0x12, 0xAD,
    0x6E, 0x44, 0xAC, 0x4D, 0x45, 0xB5, 0x4E, 0x6B, 0xCA, 0xF5, 0x75, 0x0E, 0xCC, 0x72, 0x4B, 0x67,
    0xFF, 0xC0, 0x88, 0xE8, 0x7C, 0xD1, 0x2C, 0x05, 0x45, 0xBD, 0xFA, 0x5B, 0x9D, 0x57, 0xEF, 0xE8,
    0x3C, 0x4A, 0xF5, 0x4A, 0xB4, 0x54, 0x8C, 0xDC, 0xEC, 0xD6, 0x50, 0xCD, 0xE8, 0x9D, 0xC0, 0x1B,
    0x37, 0x72, 0xA6, 0x46, 0xCE, 0x3C, 0xF3, 0x2C, 0xD2, 0x9E, 0x90, 0x15, 0x37, 0x8D, 0x99, 0xE2,
    0x9E, 0x7D, 0xEB, 0xD0, 0xB2, 0x53, 0x4D, 0x11, 0x90, 0x89, 0xF0, 0x31, 0x57, 0x65, 0x3B, 0x99,
    0x1B, 0x2F, 0x5A, 0x99, 0x71, 0x79, 0x1E, 0x31, 0xC9, 0x12, 0x71, 0x87, 0x96, 0x0D, 0xB1, 0x92,
    0xD9, 0xA3, 0xE4, 0xFB, 0x6B, 0xEF, 0x88, 0x4B, 0x30, 0xAD, 0x96, 0xED, 0x75, 0xBE, 0xC6, 0x51,
    0x73, 0x41, 0x0F, 0x3B, 0xF3, 0x3A, 0xB9, 0x22, 0xAD, 0xD4, 0x50, 0xEB, 0xD8, 0x32, 0x3F, 0x2F,
    0x7A, 0x94, 0xC1, 0x5D, 0x13, 0xE4, 0x09, 0x28, 0xA1, 0x3C, 0x90, 0x1E, 0x4E, 0xE5, 0xC3, 0x43,
    0xF7, 0xD9, 0x15, 0x45, 0x30, 0xB2, 0x7A, 0x8B, 0xBE, 0xC7, 0xD8, 0x23, 0xB5, 0x3A, 0x36, 0xD6,
    0x8B, 0xB6, 0xB7, 0x83, 0x1A, 0x58, 0x72, 0x2C, 0x91, 0xD6, 0x26, 0xD4, 0x87, 0xAE, 0x55, 0x43,
    0x8B, 0x54, 0x17, 0x43, 0x65, 0x82, 0xBD, 0x81, 0x9A, 0x16, 0xBA, 0xD8, 0x34, 0x31, 0x11, 0x5E,
    0x0E, 0xF6, 0xE5, 0x50, 0xAA, 0xD4, 0x14, 0xF4, 0x49, 0xE2, 0xAC, 0x63, 0xAD, 0xC3, 0x9A, 0x5C,
    0xD0, 0xF3, 0x00, 0xF3, 0x47, 0xE7, 0x4C, 0xF8, 0xDC, 0xF9, 0x86, 0xAD, 0x79, 0xD9, 0xBF, 0xB6,
    0xF0, 0x6B, 0x0B, 0x37, 0x89, 0xB4, 0xEC, 0xF9, 0xF0, 0xFE, 0xA2, 0x14, 0xBC, 0x58, 0xE6, 0xAB,
    0xC3, 0x17, 0x3A, 0x3C, 0x2E, 0x3D, 0xE5, 0x72, 0x82, 0xEF, 0x0E, 0x7A, 0x74, 0x66, 0xE7, 0x1E,
    0xA1, 0xFC, 0x00, 0xAB, 0x1F, 0xB0, 0x19, 0x50, 0x73, 0x3D, 0x6A, 0xB4, 0xAB, 0x5F, 0x7B, 0xD7,
    0x9D, 0x30, 0xBD, 0x27, 0xE7, 0xA3, 0x03, 0x39, 0x49, 0x55, 0x4E, 0xCD, 0xD2, 0x7E, 0x2D, 0xED,
    0xBF, 0xEA, 0xD5, 0x11, 0xD9, 0x9B, 0x9F, 0x63, 0x59, 0x70, 0x16, 0xB7, 0xD8, 0xD8, 0xE6, 0xF0,
    0x2F, 0x36, 0x75, 0xE4, 0x8B, 0xFA, 0x92, 0x4D, 0x5C, 0x08, 0xC1, 0x32, 0x38, 0x7E, 0x52, 0x8E,
    0x34, 0x92, 0xBC, 0xE2, 0x5A, 0x71, 0xAB, 0x64, 0xD0, 0x77, 0x2F, 0x5D, 0x79, 0xE1, 0x6E, 0xB8,
    0x20, 0xDF, 0x7F, 0xFB, 0x3B, 0xDF, 0x11, 0x6F, 0xE6, 0x1A, 0x4E, 0x25, 0x6E, 0x31, 0x0B, 0x62,
    0xB5, 0x4C, 0x54, 0x87, 0x5E, 0xFE, 0x51, 0x08, 0xD1, 0x76, 0x09, 0x17, 0xCE, 0x27, 0x59, 0x09,
    0x52, 0xE6, 0xB1, 0xED, 0x9E, 0x3B, 0x49, 0x7C, 0x37, 0xA4, 0x66, 0x41, 0x29, 0x57, 0x19, 0xAA,
    0x6B, 0x4A, 0xDF, 0xDF, 0x5D, 0xEF, 0xB1, 0x6D, 0xD1, 0x97, 0x93, 0xF7, 0xB5, 0xA8, 0x71, 0xE5,
    0xC0, 0xC1, 0xD4, 0x9C, 0x34, 0x6F, 0x56, 0x70, 0x23, 0x4E, 0x52, 0x39, 0xDA, 0xA1, 0x6F, 0xF4,
    0xAB, 0x54, 0xEA, 0x97, 0xD1, 0x71, 0x11, 0x4B, 0xF3, 0x4B, 0x58, 0xD9, 0xAF, 0x43, 0xE3, 0xCE,
    0x43, 0xEB, 0xF4, 0x55, 0x3A, 0xC4, 0xDC, 0xFD, 0x03, 0xB5, 0x98, 0x3D, 0x6F, 0xDB, 0x56, 0x14,
    0x86, 0x5F, 0x92, 0x71, 0x69, 0x9B, 0x70, 0x98, 0xA1, 0x83, 0x6D, 0x24, 0x66, 0x47, 0x17, 0xB0,
    0xAD, 0x25, 0x83, 0x07, 0xC9, 0x26, 0xD0, 0x1F, 0x90, 0x2C, 0xDD, 0x3D, 0x74, 0x28, 0xD0, 0xC5,
    0x43, 0x07, 0x17, 0x70, 0x22, 0xA2, 0x6B, 0x16, 0xE7, 0x1F, 0xA8, 0xAB, 0x97, 0x7A, 0xD0, 0xA0,
    0xA0, 0x6E, 0xC2, 0xA2, 0x43, 0xC7, 0x0A, 0xC8, 0xD0, 0xB1, 0x44, 0xD3, 0xA9, 0x4B, 0x99, 0x56,
    0x29, 0x34, 0x28, 0x66, 0xDF, 0x73, 0xEE, 0xA5, 0x23, 0x27, 0x86, 0x2D, 0x86, 0x8C, 0xE5, 0xA3,
    0x4F, 0xDE, 0x73, 0x9F, 0x7B, 0xEE, 0xF9, 0xE2, 0x05, 0x1E, 0x02, 0x28, 0x00, 0x87, 0xE2, 0xFD,
    0x0E, 0xF8, 0xBF, 0x02, 0xE1, 0xBD, 0x18, 0xAD, 0x20, 0x41, 0xDB, 0x4F, 0x31, 0xA0, 0xE4, 0x5E,
    0xEA, 0x15, 0x85, 0xC8, 0x30, 0x4C, 0xBC, 0x2C, 0x82, 0x9B, 0xED, 0xC0, 0xCD, 0x51, 0xFE, 0xAD,
    0x51, 0x76, 0xCD, 0xAB, 0x53, 0xC4, 0x01, 0xAF, 0x72, 0x32, 0x20, 0xC3, 0x57, 0x59, 0x54, 0x0C,
    0x1F, 0x78, 0x29, 0xC7, 0x8F, 0xC2, 0xF4, 0x59, 0x91, 0xB4, 0x9E, 0x27, 0xBC, 0xCC, 0x8F, 0x11,
    0xA6, 0x08, 0xE4, 0x2D, 0x5F, 0x55, 0x5C, 0x8A, 0x6F, 0xB5, 0xD5, 0x00, 0x72, 0x13, 0x04, 0x3A,
    0xB3, 0x93, 0xC2, 0x8D, 0x31, 0x1B, 0x0E, 0xE4, 0xC9, 0x4B, 0x85, 0x86, 0x43, 0xA2, 0x65, 0xBE,
    0xF9, 0x81, 0x9F, 0x9C, 0xC7, 0x47, 0x98, 0x22, 0x12, 0x24, 0x65, 0x52, 0x28, 0xA5, 0x52, 0x2C,
    0xE5, 0x52, 0x30, 0x25, 0x13, 0x34, 0x08, 0x9B, 0x3C, 0x0D, 0x21, 0x74, 0x10, 0x3C, 0x58, 0x83,
    0xE9, 0x42, 0x53, 0x63, 0x32, 0x3B, 0x63, 0x77, 0x08, 0xF4, 0x7A, 0xFA, 0x91, 0xB8, 0x08, 0x64,
    0x98, 0x00, 0x93, 0x98, 0xC8, 0x20, 0x33, 0x08, 0xAD, 0x8A, 0x89, 0x0D, 0x72, 0xC3, 0x82, 0xDF,
    0x56, 0x15, 0x94, 0x88, 0x26, 0xFD, 0x80, 0xD0, 0x1B, 0x56, 0x6E, 0x52, 0x02, 0xCE, 0xC6, 0xB1,
    0xAF, 0xB2, 0xF3, 0xDD, 0xAF, 0x08, 0xFD, 0x80, 0xD2, 0x35, 0xCA, 0xA2, 0x0D, 0xA5, 0x76, 0x92,
    0xA3, 0xDA, 0x3B, 0x8F, 0x75, 0xE0, 0xA9, 0x2A, 0x5D, 0xE2, 0xC2, 0xB8, 0x04, 0x31, 0xAB, 0x5A,
    0x75, 0x06, 0x17, 0xD8, 0xA1, 0x21, 0x8B, 0x09, 0x1D, 0xC1, 0xEC, 0x02, 0xD7, 0xDE, 0x18, 0xD7,
    0xEA, 0x1C, 0xBA, 0x67, 0x78, 0x39, 0xC1, 0xF9, 0x7E, 0x57, 0xE0, 0x6A, 0x90, 0xE3, 0x92, 0x50,
    0xAD, 0x08, 0x33, 0x1D, 0xB6, 0xA0, 0x42, 0x8F, 0x6E, 0xFB, 0x91, 0xD5, 0x7A, 0x44, 0x1D, 0xDC,
    0x71, 0x74, 0xE3, 0xFA, 0xA0, 0xFB, 0x70, 0x72, 0x13, 0x8E, 0x3A, 0xD1, 0x09, 0xBA, 0x19, 0x56,
    0x31, 0x1B, 0xE3, 0x36, 0x2F, 0xDB, 0xA4, 0x2C, 0xD8, 0xD1, 0xC9, 0x1E, 0xF0, 0x0F, 0xAF, 0xEF,
    0xF2, 0xB7, 0x1B, 0xF5, 0xB8, 0x36, 0xD4, 0x66, 0x41, 0x69, 0xC7, 0x57, 0x39, 0x76, 0x87, 0x98,
    0x9B, 0x91, 0x8B, 0xF1, 0x04, 0x4F, 0x36, 0xE1, 0x04, 0x92, 0x9A, 0xF4, 0x6F, 0x68, 0x6D, 0xB6,
    0x5B, 0xDF, 0x66, 0x4E, 0x0F, 0xDE, 0x08, 0xF8, 0x5A, 0xF5, 0x27, 0xD5, 0xCD, 0xF6, 0xE9, 0xBC,
    0xF1, 0xFF, 0xC7, 0xBD, 0xC6, 0xD1, 0x76, 0xCF, 0x54, 0xF3, 0x7B, 0xEC, 0x65, 0x93, 0x3E, 0x75,
    0x89, 0xF3, 0x57, 0x83, 0x79, 0xE3, 0xFC, 0x54, 0x9E, 0x78, 0x7F, 0x1D, 0xC7, 0x92, 0x36, 0x25,
    0x16, 0x24, 0x83, 0x4B, 0x0A, 0x0E, 0x8F, 0x8F, 0x34, 0xEB, 0x6D, 0x59, 0x17, 0x6C, 0x5B, 0x39,
    0xA4, 0x3C, 0x3D, 0xEE, 0x31, 0x03, 0xBE, 0xE1, 0x10, 0xEF, 0xF6, 0x87, 0xE6, 0xD5, 0x29, 0x92,
    0xA0, 0xC8, 0x23, 0x8C, 0xDA, 0x38, 0x78, 0x78, 0x3C, 0xEE, 0x16, 0xE3, 0x01, 0x70, 0xC0, 0xB1,
    0x6E, 0xD2, 0x2A, 0x52, 0xFF, 0x4C, 0xAF, 0x67, 0x59, 0x4B, 0xE1, 0x0B, 0xC7, 0x98, 0x32, 0xB1,
    0xE9, 0x78, 0xCF, 0x28, 0xAB, 0x03, 0xC4, 0x82, 0xE9, 0xE7, 0x1A, 0xCE, 0x43, 0x79, 0x3F, 0x0B,
    0xCE, 0xA2, 0x4B, 0x23, 0x72, 0x13, 0xB6, 0x7F, 0xAC, 0x3F, 0xFD, 0xB3, 0x89, 0x53, 0x8C, 0xCA,
    0x2A, 0x22, 0x13, 0xAF, 0xE9, 0xC4, 0x9C, 0xF5, 0x9B, 0xCF, 0xEF, 0x0F, 0xF4, 0xE2, 0x8E, 0x99,
    0xF8, 0xB5, 0x5C, 0x73, 0xC3, 0xEA, 0x60, 0xA1, 0x7F, 0x99, 0x20, 0x3C, 0x65, 0xD6, 0x5F, 0xA9,
    0x0F, 0xA1, 0x35, 0x4B, 0x22, 0x34, 0x30, 0x9E, 0x26, 0x0A, 0x76, 0xB2, 0xA9, 0x9A, 0x4C, 0xEB,
    0xF3, 0x3A, 0xDA, 0x84, 0x63, 0x0F, 0x40, 0xAB, 0x80, 0x80, 0x20, 0x9E, 0x18, 0x46, 0x2C, 0x03,
    0x12, 0xC2, 0x6E, 0x95, 0x34, 0x33, 0xB4, 0x65, 0x9E, 0x37, 0xC7, 0xB7, 0x64, 0xAB, 0xBC, 0xF0,
    0x51, 0xBF, 0xF4, 0x4B, 0x4F, 0xF2, 0xA9, 0xF2, 0x5B, 0x85, 0x2F, 0x10, 0x02, 0xA9, 0xD3, 0x43,
    0x38, 0x2F, 0x8C, 0x0D, 0x97, 0x97, 0x1B, 0x60, 0x5C, 0xB1, 0xA1, 0x15, 0x58, 0xB9, 0x53, 0xCF,
    0x8E, 0xFE, 0x1F, 0x5C, 0x27, 0x3F, 0x2C, 0x2F, 0xDA, 0x45, 0x52, 0x4F, 0x53, 0xAC, 0x8B, 0x73,
    0xE2, 0xBF, 0x27, 0x65, 0x56, 0xE2, 0x78, 0x52, 0xDA, 0x2A, 0x78, 0x9D, 0xF3, 0x4B, 0x32, 0x69,
    0xCE, 0xEF, 0xDE, 0x49, 0x06, 0xD5, 0x60, 0xA6, 0x13, 0x43, 0xA8, 0x7E, 0xC1, 0xEE, 0xD2, 0x37,
    0x5C, 0xA9, 0x7B, 0x96, 0x88, 0x69, 0x47, 0x1A, 0xDC, 0xB9, 0xD4, 0x54, 0xF6, 0x73, 0xAC, 0xD9,
    0xD2, 0xE9, 0xA5, 0xD2, 0x82, 0x72, 0xAA, 0xEF, 0x33, 0x08, 0x48, 0xCF, 0x1D, 0xB3, 0x72, 0xEE,
    0x83, 0x5D, 0x46, 0x2B, 0x6D, 0xA5, 0x7E, 0x12, 0xC4, 0x21, 0xE4, 0xB1, 0x46, 0xF8, 0x36, 0x1F,
    0xD5, 0xD4, 0xE9, 0x5F, 0x87, 0x7B, 0x6F, 0xB2, 0xD4, 0x36, 0x4E, 0x75, 0xDD, 0x08, 0xF2, 0x20,
    0x77, 0x32, 0x77, 0xC8, 0x24, 0xCD, 0x47, 0x39, 0x8B, 0x18, 0x68, 0x47, 0x8C, 0xD4, 0x1A, 0xC3,
    0x2D, 0x0A, 0xAE, 0x27, 0x4C, 0x22, 0x2A, 0xEC, 0x50, 0xFB, 0x21, 0x65, 0x40, 0x19, 0x51, 0xA4,
    0x27, 0x18, 0xF1, 0xFB, 0x11, 0x7B, 0xBB, 0x53, 0xB4, 0x38, 0xE6, 0x94, 0x26, 0xE6, 0xB7, 0x45,
    0x72, 0xEE, 0x21, 0x52, 0x62, 0xE5, 0x55, 0x4D, 0xC7, 0xF4, 0x9F, 0xB7, 0xD1, 0x6F, 0x63, 0x70,
    0x80, 0xFE, 0x00, 0xF9, 0x01, 0x3F, 0x7A, 0xC3, 0x16, 0x7F, 0x7A, 0x3D, 0x65, 0x3A, 0x31, 0xFA,
    0x17, 0x36, 0xA7, 0x6E, 0x5E, 0xC8, 0xAB, 0xB5, 0x80, 0x2E, 0xCF, 0xAB, 0xD7, 0x20, 0xC9, 0xDC,
    0xF4, 0x2D, 0x1A, 0x96, 0xE6, 0x45, 0x40, 0xA3, 0xAD, 0x2C, 0xD4, 0x47, 0xD1, 0xA6, 0x40, 0xFC,
    0xD6, 0x74, 0x6E, 0x97, 0x87, 0xA5, 0xF4, 0xFB, 0x39, 0x77, 0xBA, 0x4F, 0x19, 0xD0, 0xCB, 0xFA,
    0x7C, 0xCE, 0xF9, 0xCA, 0xEF, 0xB8, 0xC9, 0x2D, 0xB9, 0x46, 0x11, 0x11, 0x6B, 0x7A, 0x33, 0x2E,
    0xF0, 0x49, 0x73, 0x8C, 0xB3, 0xA4, 0xB8, 0x59, 0x19, 0xC5, 0xDE, 0x81, 0xBD, 0x15, 0x91, 0xFB,
    0xC0, 0xFF, 0x62, 0x0D, 0xD9, 0x46, 0x38, 0xD7, 0x35, 0xCB, 0x85, 0xFA, 0xBF, 0xF1, 0x4E, 0xB4,
    0x5E, 0xB9, 0xBF, 0xEE, 0x91, 0x2C, 0x22, 0xC5, 0xCD, 0x56, 0x72, 0xBE, 0x30, 0x77, 0x84, 0xC6,
    0xD8, 0xAE, 0x49, 0x6B, 0x57, 0xB2, 0xA9, 0xBF, 0x35, 0x65, 0xA3, 0x8B, 0xB1, 0x58, 0x0D, 0xE4,
    0x42, 0x5C, 0x6A, 0xB3, 0xBD, 0x23, 0x4F, 0x7B, 0xDA, 0xFB, 0xD0, 0xE6, 0x51, 0xC1, 0xBC, 0x57,
    0x14, 0x7F, 0x52, 0x3D, 0x73, 0x66, 0x90, 0xD0, 0xAF, 0x43, 0x71, 0xC6, 0x1D, 0xA8, 0x6B, 0x94,
    0x4F, 0x87, 0xB2, 0xA2, 0x43, 0x89, 0xA4, 0xB6, 0xB8, 0x53, 0x47, 0x12, 0xB3, 0x60, 0xB2, 0xA6,
    0xB0, 0x81, 0x72, 0x0D, 0x66, 0x66, 0xEE, 0x61, 0x16, 0x1D, 0x93, 0x7C, 0xD9, 0xEA, 0xF9, 0xFC,
    0x35, 0x8C, 0x47, 0xBC, 0x7E, 0xA0, 0x25, 0x6A, 0xA0, 0x62, 0xFC, 0xEC, 0xDC, 0xC7, 0x26, 0xE5,
    0x69, 0x81, 0xAE, 0xEE, 0x83, 0xA0, 0xDD, 0xB5, 0xE5, 0x62, 0xE9, 0x3D, 0xD0, 0xB4, 0x0A, 0xA3,
    0x25, 0xAD, 0x8C, 0x96, 0x82, 0x25, 0x2F, 0x31, 0xB7, 0x7A, 0x0D, 0xF2, 0x49, 0x84, 0x49, 0x7A,
    0x93, 0xFC, 0xC6, 0x04, 0x07, 0xF7, 0xDB, 0x92, 0x33, 0x9E, 0x99, 0xD3, 0xE9, 0x49, 0x98, 0x4A,
    0x83, 0xBF, 0xB0, 0xFA, 0x59, 0xF3, 0x88, 0x0F, 0x99, 0x4C, 0xF9, 0xC9, 0x49, 0xBE, 0xAB, 0x8E,
    0x06, 0x7C, 0x08, 0x77, 0x83, 0xED, 0x73, 0xB4, 0xD4, 0x98, 0x77, 0x9A, 0x4A, 0x2B, 0xC3, 0x49,
    0x88, 0x68, 0x1F, 0x27, 0x41, 0x12, 0x72, 0xD6, 0x90, 0x7E, 0x1C, 0x51, 0xCF, 0x96, 0x86, 0x6A,
    0x90, 0xB4, 0x55, 0xC2, 0xF8, 0x90, 0xBF, 0x0E, 0x98, 0x34, 0x07, 0xEC, 0x43, 0x44, 0xF3, 0x98,
    0x8C, 0xA7, 0xCE, 0x88, 0x69, 0x22, 0x43, 0x70, 0x66, 0x9A, 0x5D, 0x39, 0x8F, 0xF2, 0x6C, 0x24,
    0x84, 0xD8, 0xE6, 0x80, 0x35, 0xF4, 0xB7, 0x90, 0x6F, 0x30, 0x2A, 0x9D, 0xAC, 0xED, 0x66, 0x9C,
    0xBC, 0x1D, 0xA6, 0xBB, 0x45, 0x1A, 0xFD, 0x9B, 0x18, 0xCB, 0x94, 0xB7, 0x22, 0x8C, 0x68, 0x67,
    0x62, 0x3D, 0x55, 0x3C, 0xF6, 0xBE, 0x39, 0xE1, 0xA8, 0x03, 0x74, 0xE1, 0xFC, 0xCE, 0x68, 0xBB,
    0x16, 0xE9, 0x16, 0x2F, 0x1B, 0x98, 0x14, 0xE6, 0xC6, 0x52, 0x43, 0xB6, 0x38, 0xED, 0x64, 0x93,
    0x0E, 0xDA, 0xB1, 0xD3, 0x52, 0x50, 0x4E, 0xDD, 0x67, 0x53, 0x93, 0x73, 0xFA, 0x9C, 0xD3, 0xCB,
    0xEE, 0x8D, 0xF8, 0xED, 0x84, 0xDB, 0xDA, 0xA5, 0x27, 0x46, 0xD2, 0x53, 0x49, 0xC8, 0x89, 0x61,
    0x17, 0x34, 0x3F, 0xA4, 0x21, 0x9E, 0x51, 0x9E, 0xEA, 0xA8, 0x4D, 0xC8, 0x31, 0x00, 0x47, 0x31,
    0xF2, 0xDB, 0xB2, 0xD9, 0x34, 0x5A, 0x9B, 0xD6, 0x20, 0x09, 0xA2, 0x17, 0x1C, 0x33, 0x5F, 0x1E,
    0xAC, 0xA0, 0x19, 0x16, 0x59, 0x5A, 0x5F, 0x2D, 0x7C, 0x84, 0x79, 0x93, 0x0B, 0xC8, 0x43, 0xC5,
    0xFD, 0x4B, 0x78, 0x86, 0xEF, 0xF2, 0x5C, 0xDC, 0xA2, 0x39, 0x6E, 0xD1, 0x34, 0x53, 0xF6, 0x5E,
    0x4C, 0x6F, 0x55, 0x57, 0xB8, 0x4E, 0x69, 0xA7, 0x24, 0xC4, 0x93, 0xD9, 0xEC, 0x14, 0x3D, 0x82,
    0x1C, 0x0C, 0x60, 0xEF, 0xCB, 0xFA, 0x3C, 0x85, 0x94, 0xAA, 0x3C, 0x36, 0x1B, 0x77, 0x15, 0xC7,
    0x65, 0xF6, 0x41, 0xFD, 0x3D, 0x7A, 0x2B, 0x86, 0xE4, 0x30, 0x6C, 0x8A, 0xA5, 0xC2, 0x5E, 0x99,
    0xAC, 0xA3, 0x71, 0x2D, 0xD1, 0xB5, 0x6F, 0xB7, 0xED, 0x8E, 0x99, 0x43, 0x8E, 0x34, 0x3B, 0x4C,
    0x2A, 0x6B, 0x4A, 0xC6, 0xC2, 0xCB, 0x09, 0x83, 0x47, 0xA9, 0x1E, 0x85, 0x78, 0xD2, 0x5D, 0x8C,
    0x6D, 0x08, 0x64, 0x46, 0x3C, 0x7B, 0x47, 0xA1, 0x85, 0xF4, 0xB6, 0x2E, 0x54, 0xCE, 0x88, 0xF9,
    0x5D, 0xE4, 0xA5, 0x1D, 0x2F, 0x3D, 0xF4, 0xD2, 0xDC, 0xFD, 0x29, 0x77, 0x9E, 0xA7, 0xCE, 0x6F,
    0x29, 0xFE, 0xD6, 0xA3, 0x95, 0x89, 0xFE, 0xE7, 0x52, 0xD8, 0x76, 0x53, 0x39, 0x77, 0xA9, 0x35,
    0x69, 0x79, 0xE2, 0x29, 0xD5, 0xC8, 0x9E, 0x1D, 0xCF, 0x3A, 0xF9, 0x2F, 0x71, 0xF7, 0x9E, 0xDE,
    0x51, 0xC8, 0x7D, 0x91, 0x5F, 0x16, 0x99, 0xA4, 0xBE, 0x21, 0x98, 0x6B, 0x24, 0x1E, 0xEE, 0x6A,
    0x64, 0x54, 0xB3, 0x05, 0xD6, 0x3F, 0xD6, 0x43, 0x32, 0xF7, 0xE7, 0xBC, 0x3E, 0x47, 0x14, 0x88,
    0xFF, 0x9F, 0x9C, 0x56, 0x85, 0xF8, 0x1F, 0x4D, 0x8F, 0xB1, 0x6A, 0x84, 0x40, 0x10, 0x86, 0x7F,
    0xB5, 0xD8, 0x03, 0xF1, 0xB6, 0x3D, 0x82, 0xDC, 0x5A, 0xA4, 0x12, 0xBD, 0x6B, 0x52, 0x08, 0x31,
    0x2A, 0xA4, 0xB8, 0x36, 0xCF, 0x71, 0x95, 0xA5, 0x55, 0xF4, 0x51, 0x2C, 0x83, 0x55, 0x8A, 0x23,
    0x95, 0x24, 0x0B, 0x79, 0x01, 0x21, 0x2F, 0xE0, 0x23, 0x18, 0xB0, 0x38, 0x82, 0xB9, 0xCD, 0xEC,
    0x12, 0x42, 0x98, 0x1F, 0x66, 0xF9, 0x99, 0x6F, 0xFF, 0x99, 0xB0, 0xAD, 0xA7, 0xB0, 0x6B, 0x72,
    0x25, 0xC3, 0xAE, 0xEB, 0x72, 0xA5, 0x14, 0xC3, 0x1A, 0x3E, 0x32, 0xAA, 0x0D, 0x38, 0x44, 0xC1,
    0xE1, 0x21, 0x42, 0x80, 0x55, 0x9E, 0xF9, 0x49, 0xC9, 0xBC, 0x75, 0xE4, 0xDF, 0x64, 0x7D, 0xB6,
    0x6C, 0x02, 0x9E, 0xEE, 0x1F, 0x79, 0xEA, 0x25, 0x51, 0x19, 0x3C, 0xAC, 0xAE, 0xF3, 0x3E, 0xEB,
    0xFD, 0x24, 0x79, 0x2E, 0x07, 0x1A, 0x47, 0x6A, 0x54, 0xA1, 0x56, 0xF3, 0xF1, 0xAB, 0xC5, 0x04,
    0x92, 0x35, 0xC2, 0x1E, 0x60, 0x4B, 0x38, 0x46, 0xAC, 0x81, 0x5B, 0x00, 0x2E, 0x28, 0x46, 0x6B,
    0x0B, 0xA1, 0xBE, 0xAF, 0x5E, 0x9F, 0xFE, 0xD8, 0xE3, 0xA5, 0x7D, 0x53, 0xD3, 0x7F, 0x56, 0x0C,
    0xF5, 0xAC, 0x16, 0x5D, 0xF5, 0x2C, 0x86, 0x53, 0xC4, 0xB1, 0x64, 0xA2, 0x38, 0xDD, 0x71, 0xB0,
    0xB3, 0x66, 0x20, 0x2E, 0xC4, 0x11, 0xCE, 0x35, 0x85, 0x84, 0xDD, 0x0F, 0xA6, 0x1D, 0x1A, 0x63,
    0x52, 0x88, 0x1E, 0x89, 0x75, 0x63, 0xE7, 0xAA, 0x6E, 0xF6, 0x12, 0xF8, 0x54, 0x13, 0x85, 0xD8,
    0x1F, 0xF2, 0x65, 0xAC, 0xC0, 0xDE, 0x9B, 0x5B, 0x99, 0x82, 0x3B, 0xA6, 0xC5, 0x8E, 0x31, 0x53,
    0xCB, 0x8C, 0x4C, 0x30, 0xC0, 0xEC, 0x8C, 0xAE, 0x14, 0x94, 0x16, 0xD3, 0xD2, 0xBC, 0x70, 0x24,
    0x85, 0x37, 0x8E, 0xB4, 0x47, 0x6B, 0xA2, 0x77, 0xB1, 0x43, 0x4F, 0xBF, 0xC7, 0x7A, 0x7F, 0x22,
    0x68, 0x67, 0xBA, 0x94, 0x72, 0x77, 0xE6, 0x26, 0x32, 0xC6, 0x5F, 0x63, 0x6B, 0x8C, 0x19, 0xF8,
    0x01, 0x63, 0xB0, 0x65, 0xF8, 0xC3, 0xFC, 0x87, 0xDF, 0xC6, 0xC6, 0xA2, 0xFE, 0x9F, 0xE8, 0x16,
    0x86, 0x0F, 0x00, 0x1D, 0x8A, 0xB1, 0x0D, 0xC2, 0x30, 0x14, 0x44, 0x9F, 0xED, 0xC2, 0x85, 0x8B,
    0x6C, 0x10, 0x36, 0xC0, 0x0B, 0x80, 0xC8, 0x08, 0x6C, 0x40, 0xCF, 0x12, 0x78, 0x03, 0x18, 0x03,
    0xD1, 0xD0, 0x50, 0x50, 0x20, 0xE2, 0x11, 0x32, 0x42, 0x4A, 0x44, 0x13, 0x17, 0x29, 0x28, 0x50,
    0x3E, 0x9F, 0x9C, 0x74, 0xBA, 0xF7, 0xA4, 0x03, 0x9F, 0x71, 0x52, 0x30, 0xBB, 0x13, 0x54, 0xD0,
    0x1E, 0xB1, 0x32, 0x10, 0xF2, 0x53, 0x6D, 0xCD, 0x82, 0x15, 0xB5, 0x76, 0x39, 0xEF, 0x9D, 0xCA,
    0x7C, 0x08, 0x32, 0x62, 0xA7, 0x1B, 0xFF, 0x1C, 0xE4, 0xCB, 0xFE, 0x72, 0x06, 0x2F, 0x0D, 0x51,
    0x7A, 0x1E, 0xA6, 0x98, 0xC2, 0xD6, 0x75, 0xB0, 0x51, 0x8D, 0xEF, 0x44, 0x48, 0xFA, 0x9B, 0xE0,
    0xFA, 0x62, 0x66, 0x9F, 0x6D, 0x72, 0xBD, 0x92, 0x08, 0xC4, 0x91, 0x1F, 0x63, 0x60, 0x60, 0x60,
    0xD0, 0xBF, 0xC0, 0xB0, 0xEB, 0x03, 0xC3, 0x87, 0x0F, 0x8C, 0x0F, 0x1F, 0x30, 0x5D, 0xBE, 0xC0,
    0x7C, 0xBE, 0x81, 0xF9, 0x1F, 0x03, 0xF3, 0x17, 0x06, 0xFE, 0x03, 0x0C, 0xF6, 0x0E, 0x0C, 0xFA,
    0x0C, 0x0C, 0xFC, 0x40, 0xF4, 0x96, 0x81, 0xFD, 0x07, 0x03, 0x00, 0x8D, 0x91, 0x3D, 0x4E, 0xC3,
    0x40, 0x10, 0x85, 0x3F, 0xAF, 0x8B, 0x48, 0xB8, 0x30, 0x45, 0x1A, 0x28, 0x30, 0x35, 0x12, 0x70,
    0x01, 0x88, 0x2D, 0x71, 0x01, 0x8E, 0x90, 0x1B, 0xA4, 0xA5, 0x40, 0xDA, 0x3D, 0x82, 0x6F, 0x41,
    0x09, 0x45, 0x0A, 0x57, 0x64, 0xA5, 0x5C, 0xC0, 0xE2, 0x00, 0xC8, 0x45, 0x24, 0xDA, 0x95, 0x30,
    0x52, 0x44, 0xEC, 0x2C, 0xE3, 0x1F, 0x91, 0x0A, 0x09, 0xED, 0xD3, 0x68, 0xF4, 0xF6, 0x69, 0xE6,
    0xCD, 0x4C, 0x5C, 0x11, 0xEF, 0x21, 0x31, 0xC1, 0x93, 0x4D, 0x7C, 0x35, 0x8B, 0x5C, 0xA1, 0x9C,
    0x63, 0x44, 0x1D, 0x54, 0x8F, 0x61, 0x99, 0x3E, 0x9B, 0xA8, 0xC5, 0x7B, 0x27, 0xF8, 0xFD, 0xFA,
    0x0F, 0x72, 0xE6, 0xA9, 0x6F, 0x04, 0x57, 0x10, 0x67, 0x84, 0x96, 0xC0, 0xC1, 0x16, 0x6E, 0xA5,
    0x63, 0x8F, 0x1B, 0xA8, 0x51, 0x15, 0x13, 0xDB, 0x09, 0x66, 0x30, 0xE8, 0x53, 0xDF, 0x4A, 0x84,
    0x4B, 0x78, 0x00, 0x47, 0x58, 0x32, 0x31, 0xC4, 0xBD, 0xBE, 0xE8, 0x09, 0x4B, 0x94, 0x71, 0x36,
    0x16, 0x60, 0xD9, 0x08, 0x4B, 0x2F, 0x96, 0x64, 0xD9, 0x29, 0x06, 0x04, 0x15, 0xAA, 0x44, 0xD9,
    0xF4, 0xCE, 0xEA, 0xB5, 0x0D, 0xD7, 0x56, 0x7D, 0x18, 0x76, 0x19, 0x2B, 0xD0, 0xD2, 0x0C, 0x4E,
    0x38, 0x32, 0x17, 0xA4, 0x5F, 0xDE, 0x6E, 0xF5, 0x9B, 0x73, 0x89, 0xF8, 0x4E, 0x8D, 0x7B, 0xFD,
    0xDE, 0x55, 0xD7, 0xA5, 0x36, 0x52, 0x72, 0xAF, 0xDE, 0x43, 0xFB, 0xD7, 0xFB, 0x34, 0x9E, 0x29,
    0xA7, 0xD9, 0xBD, 0xDE, 0xBB, 0x97, 0x85, 0x15, 0x79, 0x72, 0xC8, 0x8F, 0x07, 0xE7, 0xDA, 0x37,
    0x82, 0x6E, 0xE4, 0x82, 0x21, 0x8F, 0x4C, 0x37, 0xFA, 0xB4, 0x33, 0x7C, 0x4E, 0xE4, 0x02, 0x5F,
    0xEA, 0x0D, 0xAD, 0x38, 0xDA, 0xA0, 0x7C, 0x2E, 0x0C, 0xCC, 0x87, 0x6D, 0x8B, 0x01, 0x39, 0x8E,
    0xAE, 0x09, 0x56, 0xB2, 0x01, 0x27, 0x71, 0xB1, 0xED, 0x98, 0x9C, 0xF1, 0x1C, 0x3F, 0x75, 0x90,
    0xB1, 0x4B, 0xC3, 0x40, 0x14, 0xC6, 0xBF, 0xE4, 0x04, 0xC1, 0xE6, 0x72, 0x1D, 0x5C, 0x24, 0x83,
    0x8E, 0x0E, 0x95, 0x9C, 0x12, 0xE9, 0x41, 0x4B, 0x15, 0xBA, 0xEA, 0xFF, 0xD2, 0xD1, 0x41, 0x30,
    0x20, 0x38, 0xA9, 0xB3, 0x8B, 0xBB, 0x82, 0x82, 0xA3, 0x43, 0xA0, 0x81, 0xDB, 0x24, 0x4A, 0xFE,
    0x01, 0x21, 0x83, 0x83, 0x43, 0x2D, 0x37, 0x66, 0x30, 0x3D, 0xEF, 0xD9, 0xA5, 0x2A, 0xF2, 0x7D,
    0xEF, 0x07, 0xEF, 0xBD, 0xEF, 0x2D, 0xCF, 0x03, 0x4B, 0x7F, 0x2B, 0x4A, 0xC7, 0xFB, 0x16, 0x19,
    0x3C, 0xDA, 0xE5, 0xCC, 0xB0, 0x9A, 0x65, 0xEC, 0xE2, 0x5B, 0xE7, 0xD1, 0xD5, 0x7C, 0x07, 0xAC,
    0x21, 0x6A, 0x7C, 0x7B, 0xCD, 0x2A, 0xCE, 0xD2, 0xBF, 0xBE, 0x8F, 0x4F, 0x1B, 0x3B, 0xFC, 0xB4,
    0xBE, 0x79, 0xC4, 0xCF, 0xF0, 0x59, 0xC3, 0xEC, 0x07, 0x7B, 0xFB, 0x37, 0xDC, 0x86, 0x5C, 0xD0,
    0x4E, 0x35, 0x30, 0x49, 0x22, 0x47, 0xB2, 0xEA, 0xA5, 0x9B, 0xD8, 0x40, 0xB2, 0xBA, 0x5B, 0xEF,
    0xD5, 0x03, 0x95, 0xCC, 0x75, 0xD4, 0x73, 0x9D, 0x52, 0x50, 0xEE, 0x6C, 0x09, 0x08, 0xC9, 0x5C,
    0x54, 0x3C, 0x2E, 0x85, 0x45, 0x3C, 0xC5, 0x2C, 0xC4, 0xAB, 0x9B, 0x84, 0x6D, 0x1A, 0x9E, 0x94,
    0x62, 0x86, 0xF1, 0x25, 0x9A, 0x10, 0x87, 0x2B, 0xE0, 0x20, 0xE3, 0x16, 0xDE, 0x0D, 0x5A, 0xB6,
    0x5A, 0xB7, 0xF9, 0x96, 0xAC, 0x33, 0x69, 0x8E, 0xE5, 0x4B, 0x21, 0x27, 0x13, 0xA9, 0x0F, 0x64,
    0x51, 0x48, 0x1D, 0x50, 0xEB, 0xF8, 0xB4, 0xC0, 0xE7, 0x3B, 0x62, 0xD1, 0x27, 0xBE, 0x77, 0x88,
    0x26, 0x20, 0x96, 0xCB, 0x8E, 0xDB, 0xB9, 0x67, 0x74, 0xD0, 0x05, 0x1E, 0x74, 0xD0, 0x07, 0x3A,
    0x3A, 0x18, 0x01, 0x2D, 0xCD, 0x73, 0xC0, 0xD3, 0x82, 0x9E, 0xD1, 0x55, 0x44, 0x51, 0x12, 0x7D,
    0x57, 0x5F, 0x25, 0x8F, 0xB1, 0x0A, 0xC2, 0x30, 0x14, 0x45, 0xAF, 0x09, 0xE8, 0x90, 0xA1, 0x7F,
    0xD0, 0x0F, 0x10, 0x4B, 0x57, 0x87, 0xA7, 0xED, 0xEE, 0x0F, 0x39, 0x69, 0x3F, 0xCA, 0xC1, 0x49,
    0x02, 0x8E, 0x2E, 0x05, 0x7F, 0x20, 0xA3, 0x74, 0xCA, 0x28, 0x22, 0xAD, 0xF7, 0x56, 0xC8, 0xCB,
    0x90, 0x70, 0x0E, 0xE7, 0x61, 0xBD, 0xEC, 0x30, 0xD6, 0xD1, 0xA5, 0x1D, 0x7C, 0x34, 0xCE, 0x15,
    0xCD, 0x34, 0xB5, 0xF5, 0xF0, 0x41, 0x68, 0x33, 0x0A, 0x24, 0x14, 0x4E, 0xD3, 0xA3, 0xF4, 0x11,
    0x15, 0xC7, 0x7C, 0x07, 0x0B, 0x9A, 0x16, 0x38, 0x6D, 0x30, 0xEE, 0x5D, 0x32, 0xBE, 0xF3, 0x34,
    0x53, 0xAE, 0x87, 0x4C, 0x90, 0x1C, 0x31, 0x52, 0x84, 0xC8, 0x10, 0x21, 0x21, 0x60, 0x0D, 0x8C,
    0xA5, 0x4B, 0xF3, 0x5B, 0xB4, 0xE6, 0x6B, 0xF5, 0xEB, 0x18, 0xDA, 0x4B, 0x81, 0xFC, 0x3F, 0xE5,
    0x22, 0x55, 0xAE, 0xD7, 0x9F, 0x7F, 0xDB, 0xE2, 0x8D, 0x53, 0x78, 0x2A, 0xF0, 0xC1, 0x42, 0x5B,
    0x75, 0x3E, 0x6E, 0x31, 0x37, 0x2A, 0x72, 0x02, 0x2B, 0x6F, 0xCA, 0xAC, 0xD4, 0x69, 0x0A, 0xD5,
    0xD5, 0x9B, 0x52, 0x8F, 0x6A, 0xBD, 0x28, 0x36, 0xAB, 0x56, 0x17, 0xF7, 0x81, 0xF6, 0xA5, 0xEF,
    0xAE, 0x8D, 0x7D, 0x9C, 0xCB, 0xE8, 0x0B, 0x1D, 0x7D, 0x07, 0x6D, 0x5D, 0x60, 0xAE, 0x57, 0xBF,
    0x7C, 0xA5, 0x7C, 0x95, 0x7C, 0x26, 0x9F, 0xC9, 0x67, 0xF2, 0x9D, 0xE5, 0x6B, 0xF0, 0x03, 0xFB,
    0xFF, 0xFF, 0xC0, 0x01, 0x86, 0x03, 0x0F, 0x98, 0x0E, 0x5C, 0x61, 0x3D, 0x70, 0x82, 0xE3, 0xC0,
    0x41, 0x01, 0x10, 0x02, 0x82, 0x83, 0x13, 0x0E, 0x1C, 0x52, 0x38, 0x70, 0x82, 0x05, 0x24, 0x08,
    0x94, 0xBD, 0xC0, 0x78, 0xE0, 0xFF, 0xFF, 0x03, 0x00, 0xB5, 0x58, 0x5D, 0x6C, 0x1C, 0xD5, 0x15,
    0xFE, 0x66, 0x86, 0x78, 0xA2, 0x9D, 0xF5, 0xAE, 0x5B, 0x29, 0x2D, 0x25, 0x1B, 0x2F, 0x55, 0xF3,
    0xB0, 0xA5, 0x8E, 0x77, 0x02, 0x9B, 0x62, 0x81, 0xED, 0xBD, 0xC1, 0x15, 0x48, 0xAD, 0x44, 0xAD,
    0xAA, 0xAD, 0xAA, 0xD2, 0x52, 0xF7, 0xA9, 0x08, 0x10, 0xD9, 0x14, 0x4B, 0x20, 0x48, 0xD8, 0x8B,
    0x53, 0x55, 0x82, 0xB4, 0xC5, 0x3C, 0x54, 0x3C, 0x54, 0xAD, 0x26, 0x26, 0x28, 0x10, 0x7E, 0x62,
    0x95, 0x20, 0xA2, 0x36, 0x64, 0xAF, 0xB3, 0x6D, 0x20, 0x7F, 0x70, 0x13, 0x3F, 0xA0, 0x16, 0x2A,
    0x86, 0x10, 0x81, 0xC2, 0x4F, 0xB5, 0x22, 0x6E, 0xEB, 0x04, 0x7B, 0x6F, 0xCF, 0xB9, 0x6B, 0xAF,
    0x1D, 0x87, 0x24, 0x06, 0xC2, 0xDA, 0x3E, 0xE3, 0x9D, 0xB9, 0x73, 0xCE, 0x37, 0xDF, 0xF9, 0xBD,
    0x03, 0xA0, 0x00, 0xFE, 0xB4, 0xB3, 0x68, 0x1B, 0x21, 0xB1, 0x6A, 0x8A, 0xCF, 0x6C, 0x7B, 0x11,
    0xBB, 0x81, 0xE8, 0xC8, 0xD8, 0x7E, 0x60, 0xB0, 0xF0, 0xCB, 0xDF, 0x02, 0x1F, 0xB4, 0xB6, 0x3F,
    0x00, 0x54, 0xFB, 0x6E, 0xD8, 0x07, 0xC4, 0x7A, 0x6F, 0x15, 0x98, 0x2C, 0x78, 0x7D, 0xD2, 0xBD,
    0x31, 0xE9, 0x39, 0xCA, 0xDD, 0x24, 0x3D, 0x68, 0xC4, 0xCA, 0x43, 0xB4, 0xA4, 0x1B, 0x9E, 0x28,
    0x7D, 0xED, 0x21, 0x38, 0x72, 0xA0, 0xE0, 0x2A, 0xD2, 0x92, 0xC2, 0x28, 0x40, 0xFF, 0x74, 0x80,
    0xBF, 0x06, 0x22, 0x60, 0x63, 0xA7, 0x77, 0xB3, 0x4C, 0x48, 0xB2, 0xC8, 0xF6, 0xE8, 0x18, 0xD5,
    0x80, 0x5D, 0xAB, 0xE0, 0xBC, 0xE2, 0x4B, 0xEC, 0xD5, 0x1A, 0xA3, 0xA5, 0x12, 0x8A, 0x93, 0x05,
    0x37, 0x5E, 0x97, 0x49, 0xC3, 0x3D, 0xD4, 0x95, 0xD5, 0xFF, 0x5C, 0x33, 0x11, 0xDE, 0x95, 0x15,
    0xB9, 0x2F, 0x5F, 0x8B, 0x4B, 0xFD, 0xF5, 0x2A, 0xE7, 0x97, 0xA2, 0x52, 0x22, 0xCC, 0xEB, 0x64,
    0x0E, 0xC8, 0xB4, 0xD2, 0xB3, 0x78, 0x12, 0x31, 0xF6, 0xEC, 0x90, 0x68, 0xD9, 0x4A, 0x4A, 0x49,
    0x0F, 0xD0, 0x1A, 0x93, 0x48, 0x96, 0x58, 0x84, 0x24, 0x32, 0x2C, 0x0A, 0xFC, 0xB5, 0x16, 0xF1,
    0x8A, 0xF7, 0x6A, 0x04, 0xEB, 0x44, 0x07, 0x42, 0x57, 0x26, 0xCB, 0xB1, 0x33, 0xB6, 0x9B, 0xCE,
    0x9A, 0x7F, 0x47, 0xF0, 0xB4, 0x17, 0x21, 0xD0, 0x7E, 0x84, 0xAE, 0xF2, 0x34, 0x9D, 0x7B, 0xEE,
    0x66, 0x12, 0xC3, 0x2D, 0x24, 0xEE, 0xB9, 0xB9, 0x12, 0xE3, 0xF4, 0x24, 0x3A, 0xA1, 0x42, 0xB8,
    0xF5, 0x3A, 0x3D, 0xDB, 0xB2, 0x1F, 0x92, 0xA5, 0x5B, 0x9F, 0x54, 0xF0, 0x4F, 0x9C, 0x1A, 0x5D,
    0xB6, 0x91, 0x2E, 0x54, 0x86, 0x51, 0x99, 0xA2, 0xC5, 0x3B, 0x13, 0x7C, 0x1B, 0x89, 0xB6, 0x7B,
    0x9E, 0x8E, 0xD0, 0x7D, 0x2F, 0x69, 0xF6, 0x59, 0xB3, 0x1B, 0xFB, 0xCF, 0x91, 0xA1, 0xE9, 0xDB,
    0x6A, 0xAE, 0x24, 0xE3, 0x8E, 0x4A, 0x62, 0x05, 0xEA, 0xB7, 0xC3, 0x53, 0x6F, 0xD3, 0x0D, 0xA3,
    0xF4, 0x87, 0x5C, 0x13, 0xAE, 0x05, 0x6E, 0x1F, 0x21, 0xA5, 0x49, 0xB8, 0xD6, 0x63, 0x97, 0xB7,
    0xB1, 0x2C, 0xD0, 0xD3, 0xF9, 0x7F, 0x5B, 0xA9, 0xB0, 0x64, 0x55, 0x45, 0x24, 0x90, 0x7F, 0xA7,
    0xF4, 0x7E, 0x0E, 0x85, 0xDA, 0xE4, 0xBB, 0x74, 0x6B, 0x57, 0xF7, 0xBE, 0x22, 0x8A, 0xA9, 0xD4,
    0xBE, 0x47, 0xB1, 0xBE, 0xBA, 0x69, 0xFC, 0x45, 0x7A, 0xEC, 0x78, 0xFC, 0x30, 0x7A, 0x32, 0x6D,
    0xEE, 0x21, 0x3C, 0x7A, 0x03, 0x70, 0x08, 0xA3, 0xA4, 0xEF, 0x29, 0x74, 0x93, 0xFE, 0x8D, 0x60,
    0xAF, 0xF4, 0x58, 0x0F, 0xF5, 0x80, 0x1D, 0xF6, 0x14, 0x3B, 0x0C, 0xEF, 0x93, 0xC3, 0xE0, 0xD1,
    0x57, 0x57, 0xA5, 0xE9, 0x12, 0xFE, 0x52, 0xB7, 0x6E, 0x1B, 0x66, 0x1C, 0x86, 0xA9, 0xED, 0x15,
    0xEB, 0x00, 0x27, 0x86, 0xAB, 0xE1, 0xD3, 0xD7, 0x41, 0xB4, 0x32, 0x6C, 0x74, 0xF1, 0x2A, 0x30,
    0x70, 0x0A, 0x89, 0x40, 0xAC, 0x72, 0xA5, 0x4E, 0xAB, 0x5E, 0x47, 0xA9, 0x40, 0xF4, 0x40, 0xB1,
    0xA6, 0xA6, 0x7C, 0x02, 0x2D, 0xC3, 0x4A, 0xEF, 0xDB, 0xBE, 0xF5, 0xE7, 0x2A, 0x32, 0xEF, 0x56,
    0x8E, 0xCA, 0xB0, 0x68, 0xCC, 0x26, 0x74, 0xA5, 0xF5, 0x7D, 0x09, 0xB4, 0x3A, 0x26, 0xCE, 0xC0,
    0x17, 0xAC, 0xB9, 0x61, 0x05, 0x9D, 0xE2, 0x8E, 0xA6, 0xF5, 0xB3, 0x31, 0x88, 0x39, 0x0C, 0xB9,
    0xF9, 0x18, 0x78, 0xB1, 0xD4, 0x59, 0xC9, 0x18, 0x42, 0x35, 0x7E, 0x26, 0x86, 0xB1, 0x53, 0xDF,
    0xBA, 0x49, 0xAB, 0xF1, 0xEB, 0x7F, 0xFA, 0xA3, 0xF5, 0x6A, 0xE4, 0x74, 0x32, 0x7B, 0x4C, 0x86,
    0xAF, 0x99, 0x53, 0x55, 0xE4, 0xEE, 0x49, 0xA6, 0xBF, 0x8D, 0xD6, 0xEC, 0x1F, 0x5F, 0x20, 0x0C,
    0x6B, 0x8D, 0x6E, 0x62, 0xB0, 0x16, 0x67, 0xAC, 0x23, 0x6F, 0x39, 0x71, 0x8F, 0xB7, 0xD4, 0xD8,
    0x45, 0x8D, 0x80, 0xA6, 0x24, 0x62, 0x28, 0x74, 0xDD, 0x51, 0x70, 0xAB, 0x12, 0x5D, 0x14, 0x53,
    0x04, 0x2B, 0x08, 0x11, 0xAC, 0xA4, 0xC5, 0xB7, 0x20, 0xE5, 0x4E, 0xB8, 0x93, 0x19, 0xB4, 0xB6,
    0x2C, 0x75, 0x97, 0x26, 0x91, 0xE6, 0x7B, 0xA7, 0x78, 0x15, 0x70, 0x50, 0xE8, 0x03, 0x02, 0x5F,
    0x19, 0x56, 0x63, 0x87, 0x6E, 0xDD, 0xFE, 0xC8, 0xE5, 0xEA, 0xBD, 0xEF, 0xD6, 0x9F, 0xAC, 0x5F,
    0xA3, 0xBE, 0xD1, 0x67, 0xCC, 0xD4, 0x35, 0xA4, 0x6F, 0xDA, 0x8F, 0x49, 0x6F, 0xBC, 0xBC, 0xCE,
    0xCE, 0xEA, 0x82, 0xF5, 0x5C, 0xDA, 0x7A, 0x8B, 0x41, 0xCC, 0x87, 0xB4, 0x08, 0x0F, 0xF9, 0xB2,
    0x83, 0x3D, 0xA4, 0x7A, 0xAD, 0x87, 0x8A, 0xEC, 0x21, 0xD5, 0x4B, 0xBC, 0x78, 0x14, 0x97, 0xB3,
    0x1C, 0x3D, 0x36, 0xE3, 0xA1, 0xC7, 0x56, 0x7F, 0xFE, 0x1E, 0x4A, 0xAB, 0xFB, 0x08, 0xC3, 0xCA,
    0x81, 0x21, 0x71, 0x56, 0x94, 0x44, 0x4A, 0xFF, 0x7D, 0x16, 0xC3, 0x31, 0x8B, 0x81, 0x3C, 0x34,
    0x83, 0xA1, 0xB2, 0x10, 0xC3, 0x7C, 0x0F, 0xB9, 0xE6, 0x38, 0x18, 0x55, 0xB6, 0x8F, 0x3D, 0xE2,
    0xBC, 0xAB, 0x3C, 0x5A, 0xD9, 0xAD, 0x5B, 0x6D, 0x96, 0x31, 0x86, 0x30, 0x64, 0x0C, 0xE1, 0xCA,
    0xC8, 0x4A, 0x1D, 0xC8, 0xCE, 0x5C, 0x49, 0xE5, 0x46, 0x47, 0x36, 0x9F, 0x89, 0x61, 0x2B, 0x9C,
    0x88, 0x79, 0x78, 0x62, 0xBD, 0xC5, 0xF0, 0xE1, 0x1C, 0x86, 0x72, 0xC0, 0x18, 0x8E, 0x9F, 0x17,
    0xC3, 0xA2, 0x78, 0xE8, 0x43, 0x74, 0x37, 0xFC, 0xBD, 0x92, 0x30, 0xEC, 0x22, 0x1E, 0x96, 0x1F,
    0xA9, 0x93, 0xDD, 0x41, 0xB4, 0xA8, 0x79, 0x3C, 0xC4, 0xCC, 0xC3, 0x56, 0xE2, 0xA1, 0x32, 0x9F,
    0x07, 0xB9, 0xE7, 0x82, 0x3C, 0x7C, 0xA9, 0x72, 0x42, 0xC0, 0xAF, 0xFF, 0xFE, 0xB6, 0x69, 0x14,
    0xAF, 0x33, 0x93, 0x59, 0xD5, 0xDB, 0x29, 0x96, 0x6F, 0x56, 0xF9, 0x49, 0xBA, 0x2E, 0x7D, 0x63,
    0xCC, 0x34, 0x82, 0xE5, 0xA6, 0x7E, 0x23, 0x92, 0xD6, 0x23, 0x1C, 0x50, 0x9E, 0x2C, 0xD8, 0xA8,
    0x08, 0x73, 0xD1, 0x88, 0x54, 0xA1, 0xC5, 0x30, 0x5F, 0x72, 0xB3, 0x70, 0x54, 0xC6, 0x1B, 0xBE,
    0xDD, 0x13, 0x49, 0x54, 0x62, 0xCF, 0x46, 0x63, 0x8A, 0x0A, 0x19, 0x31, 0x4C, 0x45, 0xD6, 0xFE,
    0x66, 0x45, 0x96, 0x20, 0x11, 0x3F, 0xE7, 0xE1, 0x61, 0x89, 0xE5, 0xA1, 0xC7, 0xF2, 0x10, 0xCF,
    0xC4, 0x83, 0x43, 0xF1, 0x10, 0x88, 0x34, 0xF1, 0x90, 0x96, 0x5D, 0xF4, 0xEC, 0x69, 0x51, 0x3E,
    0x33, 0x2A, 0xB4, 0xB5, 0x4E, 0xF5, 0xE5, 0x76, 0x57, 0x86, 0x0E, 0x5B, 0x6F, 0x30, 0xD9, 0x60,
    0xF5, 0xB3, 0xFA, 0x62, 0xAE, 0x6A, 0x88, 0x8D, 0xB6, 0x6A, 0x54, 0x9B, 0x91, 0xB0, 0x12, 0x2D,
    0x42, 0xED, 0x7D, 0x1C, 0x97, 0x49, 0xA5, 0x85, 0xC5, 0x60, 0x57, 0x86, 0xBE, 0x18, 0x24, 0x0C,
    0x4E, 0x65, 0x78, 0x11, 0x18, 0x66, 0x62, 0x52, 0xDA, 0x2A, 0x51, 0x03, 0xC7, 0x64, 0x87, 0xBD,
    0x2B, 0xB0, 0x18, 0x3C, 0x11, 0x62, 0x56, 0x33, 0x3D, 0x69, 0x51, 0xE4, 0x65, 0xA4, 0x06, 0xEC,
    0x0F, 0x9F, 0x29, 0x35, 0x24, 0x75, 0x63, 0x2C, 0x8D, 0xC6, 0xD9, 0x56, 0xB4, 0x85, 0x4E, 0x6D,
    0x50, 0xE1, 0x4E, 0xB8, 0xAF, 0xAA, 0x5C, 0x56, 0xE4, 0x87, 0x24, 0xE7, 0xA6, 0xE2, 0x68, 0x1F,
    0xA5, 0xFE, 0x1B, 0xA3, 0x83, 0x6A, 0x51, 0xA7, 0xC8, 0xFB, 0x6C, 0xFD, 0xED, 0xA9, 0x0B, 0xF1,
    0xB0, 0x01, 0x54, 0xFB, 0x56, 0x93, 0xCE, 0xF1, 0x59, 0x1E, 0x2C, 0x1E, 0x25, 0xE9, 0xA3, 0x54,
    0xF9, 0x1C, 0xBE, 0x68, 0xF0, 0xE0, 0xC9, 0x88, 0x7D, 0x51, 0x91, 0x8B, 0xE6, 0x21, 0x2F, 0xF8,
    0x2A, 0xFD, 0xF2, 0xCA, 0x2E, 0x7B, 0x57, 0x2B, 0x72, 0x09, 0xE4, 0x7C, 0x5C, 0x6D, 0x94, 0xF9,
    0xAF, 0xDC, 0x41, 0x72, 0x5A, 0xBD, 0x41, 0x72, 0x4A, 0x1D, 0x34, 0xB2, 0x32, 0xA9, 0xAB, 0x06,
    0xC5, 0x9A, 0x56, 0x84, 0x53, 0x68, 0x8B, 0x41, 0x6B, 0x8B, 0x24, 0xA2, 0xA7, 0xA6, 0x88, 0xF5,
    0x4C, 0xCD, 0x93, 0x39, 0x18, 0xED, 0x93, 0xA6, 0x25, 0xF4, 0xD7, 0xD0, 0xDC, 0xB0, 0xD2, 0xB0,
    0x38, 0x63, 0xDD, 0xA9, 0x4C, 0x92, 0xCC, 0xCA, 0xE5, 0xE4, 0x8B, 0x9D, 0xDC, 0xFC, 0xB8, 0xB0,
    0x66, 0x6C, 0x24, 0xFB, 0x8D, 0x5C, 0x90, 0x15, 0xCA, 0x0E, 0x53, 0xAB, 0x54, 0x4C, 0xDD, 0xD4,
    0x7A, 0xCC, 0xC4, 0x49, 0x13, 0x97, 0xE9, 0x2B, 0xFF, 0xC6, 0x45, 0x96, 0x2A, 0x6F, 0x6A, 0x77,
    0x19, 0x04, 0xF5, 0x92, 0xCD, 0x8B, 0x88, 0x18, 0x68, 0x87, 0x26, 0x06, 0x26, 0xA0, 0x1A, 0x1A,
    0x1A, 0xDA, 0x1A, 0x9A, 0x1B, 0x56, 0x66, 0x2C, 0x36, 0xAC, 0x2F, 0x26, 0x26, 0x6F, 0x81, 0xDB,
    0x87, 0x47, 0x35, 0x9C, 0x3F, 0xCB, 0x23, 0x74, 0xE6, 0x0B, 0x4A, 0x5D, 0x81, 0xCB, 0xC8, 0x0B,
    0xEB, 0x64, 0x5E, 0x71, 0x76, 0xF8, 0x6A, 0xA1, 0x2F, 0x2E, 0x21, 0x5F, 0xD0, 0xEC, 0x60, 0xF3,
    0x62, 0x90, 0x7C, 0xE1, 0x1A, 0x7D, 0x11, 0xF3, 0x82, 0xFA, 0xBA, 0xCD, 0xCD, 0x5E, 0x9B, 0x9B,
    0x0B, 0xFA, 0xFA, 0x0C, 0x86, 0xB4, 0xA9, 0x5B, 0x0C, 0xF8, 0x9C, 0x72, 0xB3, 0x11, 0x93, 0x45,
    0x65, 0x16, 0x4C, 0x15, 0xF3, 0x31, 0xE4, 0x3F, 0x37, 0x0C, 0x53, 0x48, 0x1F, 0x95, 0x47, 0xE9,
    0xEA, 0x57, 0x95, 0xEA, 0xB4, 0xBE, 0xD8, 0x71, 0x4E, 0x5F, 0x70, 0x5E, 0xA0, 0x2C, 0xB9, 0x3E,
    0xA8, 0xD1, 0x0B, 0x62, 0xB8, 0x9F, 0xA5, 0x5B, 0x17, 0x79, 0xB2, 0x53, 0xE0, 0xAB, 0xAD, 0x19,
    0x9E, 0x2A, 0x78, 0xCC, 0xCD, 0xA0, 0xE0, 0x73, 0x95, 0x08, 0x3D, 0xC6, 0x30, 0xEA, 0xB1, 0xE6,
    0xA9, 0x14, 0x5B, 0x39, 0x38, 0xB9, 0x90, 0x01, 0x55, 0x51, 0x65, 0x45, 0x18, 0x04, 0xD6, 0x36,
    0x31, 0x34, 0x78, 0x28, 0x6B, 0xEE, 0x17, 0xAA, 0xF4, 0x19, 0x79, 0xC8, 0xC1, 0xF7, 0xB0, 0xA5,
    0x06, 0xF7, 0xD8, 0x2C, 0x0F, 0xF3, 0xAD, 0x3F, 0x2C, 0x07, 0xB8, 0x56, 0x20, 0x2F, 0x16, 0xF0,
    0xD0, 0xC0, 0x60, 0xF4, 0xA2, 0x7D, 0x71, 0xC7, 0x02, 0x0C, 0x1D, 0x16, 0x43, 0x8D, 0x31, 0xAC,
    0x96, 0x70, 0xC8, 0x17, 0xED, 0x48, 0x5F, 0x27, 0x75, 0x1E, 0x77, 0x53, 0x3C, 0x64, 0x89, 0xE8,
    0x79, 0x48, 0xFA, 0x49, 0xB6, 0x78, 0x93, 0x84, 0xA1, 0xA5, 0x6A, 0x04, 0x8D, 0xDF, 0x55, 0xC3,
    0xC3, 0x3B, 0xC9, 0x1C, 0x9C, 0xAA, 0x91, 0xAD, 0x08, 0xFA, 0xEA, 0xB6, 0x02, 0xC3, 0x4E, 0x08,
    0x0B, 0xEA, 0xC3, 0xB9, 0x78, 0xC8, 0xA3, 0xFD, 0x27, 0xC8, 0xD1, 0xFA, 0x03, 0x67, 0xC6, 0x64,
    0x5E, 0x16, 0xD7, 0x2A, 0x35, 0x20, 0xB7, 0xC8, 0x05, 0xFD, 0x22, 0xF8, 0x31, 0xF7, 0x0B, 0x47,
    0x31, 0x0F, 0x9E, 0xB4, 0x3C, 0x28, 0xE6, 0xC1, 0x51, 0xCC, 0x43, 0xF0, 0xC9, 0x62, 0xD2, 0xCE,
    0x72, 0xC9, 0xE6, 0x2C, 0x17, 0x30, 0x86, 0x72, 0x1F, 0xB6, 0x48, 0x47, 0x1E, 0x95, 0x7A, 0x83,
    0xDB, 0xBD, 0x9A, 0x2A, 0x83, 0xDB, 0x4D, 0x6D, 0xEB, 0x61, 0x47, 0x6A, 0x46, 0xD2, 0xAC, 0xD8,
    0x47, 0x4F, 0xE0, 0xA6, 0x31, 0x75, 0x27, 0x95, 0xB4, 0x71, 0xB1, 0x66, 0x3A, 0x59, 0xAC, 0x22,
    0xF3, 0x42, 0xB2, 0x78, 0x23, 0x82, 0x55, 0xC9, 0x1E, 0xDA, 0xA5, 0x1D, 0x5E, 0x5A, 0xA0, 0xEA,
    0x74, 0x1F, 0xAE, 0x95, 0xBC, 0x5D, 0x7B, 0x81, 0x6F, 0x31, 0x72, 0xD1, 0x18, 0x98, 0x07, 0x5A,
    0x3D, 0x24, 0xF5, 0x2E, 0x04, 0xF7, 0xD3, 0x3C, 0x29, 0x77, 0x81, 0x6B, 0xD4, 0x1E, 0xC1, 0x81,
    0xE8, 0xA8, 0x39, 0x0C, 0x97, 0xBD, 0x69, 0x31, 0x9C, 0x14, 0xDF, 0x9C, 0x4E, 0x66, 0xDF, 0x42,
    0x86, 0xE4, 0xCB, 0x8C, 0xA1, 0xDD, 0x62, 0xC8, 0x58, 0x0C, 0x79, 0xDE, 0x32, 0xCA, 0x06, 0x06,
    0xF5, 0xA9, 0xEB, 0x43, 0xD3, 0x0B, 0xE0, 0xD8, 0xB0, 0xF5, 0x4A, 0x4D, 0x51, 0x6E, 0xA6, 0xD5,
    0x6E, 0xF2, 0x85, 0x8F, 0xC2, 0x5C, 0x4C, 0xDA, 0x9E, 0xE5, 0xC9, 0xD1, 0x45, 0xFA, 0xE2, 0x43,
    0x8B, 0xA1, 0x22, 0x68, 0x65, 0x8A, 0x1E, 0x8F, 0x30, 0x90, 0xB5, 0x04, 0xAE, 0xA4, 0xFF, 0x29,
    0x2F, 0xCA, 0xFD, 0x8C, 0xE1, 0x7B, 0xF3, 0x30, 0x5C, 0x4A, 0xA4, 0xCD, 0xEE, 0x82, 0x02, 0xCD,
    0x18, 0x02, 0x8B, 0xC1, 0x13, 0xB9, 0x79, 0xB9, 0xC9, 0x18, 0x5C, 0xBD, 0xF3, 0x53, 0xE7, 0x66,
    0x07, 0x02, 0xE2, 0x81, 0x1A, 0x59, 0x15, 0x11, 0x19, 0x1E, 0x39, 0x77, 0xAD, 0xCE, 0xD8, 0x1A,
    0xD5, 0x63, 0x73, 0xF3, 0x79, 0x9B, 0x9B, 0x55, 0x43, 0x73, 0xD4, 0x15, 0x63, 0xAA, 0x23, 0xA0,
    0xC6, 0xAA, 0x48, 0x9B, 0x47, 0xC3, 0x03, 0x95, 0xA0, 0xFB, 0x15, 0x63, 0x30, 0x92, 0x2A, 0x12,
    0x5A, 0xAC, 0xF5, 0xB3, 0xFB, 0xE6, 0x7E, 0xB4, 0x10, 0x66, 0x5F, 0xAD, 0xE2, 0xBE, 0x19, 0x45,
    0xAE, 0xCC, 0xCD, 0xCD, 0x8A, 0x51, 0xD8, 0xD6, 0x26, 0x44, 0xA9, 0x94, 0x8F, 0xCB, 0x32, 0x1C,
    0xE0, 0x33, 0xA1, 0x9D, 0x6D, 0xC2, 0xC1, 0x2C, 0xD2, 0x6B, 0x4B, 0xE5, 0x3A, 0x02, 0x53, 0x3B,
    0x92, 0x2C, 0x8F, 0x5F, 0x52, 0x18, 0x4E, 0xEA, 0x3B, 0x45, 0x48, 0xA3, 0xAC, 0x2B, 0x0B, 0xD4,
    0x3E, 0x3D, 0x5C, 0x3A, 0x4E, 0x30, 0x1E, 0x2C, 0xF4, 0x4E, 0xC2, 0x39, 0x1D, 0x93, 0xC5, 0xAC,
    0xED, 0x9B, 0x13, 0x17, 0xEC, 0xDD, 0x1E, 0x12, 0x84, 0x61, 0x23, 0xED, 0xB7, 0x55, 0xD8, 0x0F,
    0xB4, 0x45, 0x16, 0x49, 0x69, 0xBD, 0xB5, 0xBB, 0xAD, 0x8F, 0x62, 0x21, 0x7C, 0xE6, 0x45, 0x95,
    0x47, 0xB8, 0xEB, 0x59, 0xD5, 0x8E, 0xB0, 0xC4, 0xE3, 0x6C, 0x49, 0x33, 0x27, 0x91, 0x6D, 0xDB,
    0x4A, 0x25, 0xF3, 0xDA, 0x95, 0xA5, 0xAE, 0xB8, 0xCB, 0x47, 0x36, 0xB6, 0xBD, 0xFB, 0x6E, 0xDB,
    0xBB, 0x83, 0x61, 0xB6, 0x88, 0x73, 0xF5, 0x6E, 0x29, 0xC9, 0x17, 0x9E, 0xA0, 0xEA, 0x9A, 0x5B,
    0x81, 0x15, 0x73, 0x31, 0x29, 0x29, 0xEB, 0x49, 0x61, 0x44, 0xBE, 0xE8, 0x45, 0x7E, 0x41, 0xAD,
    0x76, 0x8C, 0x26, 0x5F, 0x24, 0xB8, 0x41, 0x44, 0x9D, 0xDB, 0x9F, 0x71, 0xED, 0x6C, 0x4F, 0xF1,
    0x40, 0x92, 0xE2, 0xA1, 0x28, 0x2B, 0x17, 0xA5, 0x67, 0xB5, 0xA3, 0x9B, 0x30, 0x14, 0xC1, 0x33,
    0x6D, 0x9E, 0x86, 0xF4, 0x33, 0x31, 0x94, 0x8D, 0xA1, 0x1A, 0xB5, 0xFF, 0xA5, 0x07, 0xC6, 0x68,
    0x8F, 0x63, 0x0C, 0xED, 0xF5, 0xFE, 0xF1, 0xD2, 0x03, 0xB4, 0xBF, 0xA0, 0xF3, 0x0F, 0xD2, 0x94,
    0xFE, 0x83, 0xEF, 0x7F, 0xA2, 0x5A, 0x3D, 0x7F, 0xBF, 0xB9, 0x13, 0xDE, 0x01, 0x5C, 0x45, 0xA4,
    0x3D, 0x8B, 0x2D, 0x5F, 0x47, 0xE2, 0x8B, 0x52, 0x7F, 0x24, 0xAF, 0x39, 0xA2, 0xD4, 0x2F, 0x50,
    0x50, 0x4D, 0xB9, 0xCC, 0xCA, 0x8F, 0x26, 0xA8, 0x54, 0xD0, 0x99, 0x31, 0x59, 0xDA, 0xB6, 0x7D,
    0x67, 0x55, 0x84, 0xDB, 0xCC, 0x04, 0xD5, 0xA8, 0x47, 0xCC, 0xC4, 0x01, 0xA4, 0x1F, 0xC1, 0xE0,
    0xEB, 0xF0, 0x5F, 0x45, 0x61, 0x02, 0x29, 0x4F, 0x96, 0x38, 0x3E, 0x4F, 0xEB, 0x02, 0x1C, 0xB3,
    0xBD, 0x12, 0x7F, 0x12, 0x1E, 0x66, 0xDE, 0x4A, 0xD8, 0x37, 0x02, 0x67, 0x4D, 0x2F, 0x0A, 0x97,
    0xD8, 0xDE, 0x5D, 0xE6, 0x5A, 0xED, 0x98, 0x1A, 0xF9, 0xC2, 0xA5, 0x79, 0x12, 0x39, 0x92, 0x5C,
    0xAB, 0x2B, 0xE7, 0x9B, 0xA3, 0x66, 0x3F, 0x15, 0xC3, 0x1D, 0x25, 0x38, 0xF5, 0x0E, 0x07, 0x6A,
    0x71, 0xCD, 0xB1, 0x0F, 0xE8, 0xF0, 0xD1, 0x9A, 0x63, 0xAF, 0x08, 0xB8, 0xAF, 0xAD, 0x39, 0xF6,
    0xB2, 0x82, 0xFF, 0x07, 0x3A, 0xD4, 0x90, 0xFE, 0xD9, 0x7F, 0xDE, 0xAA, 0x97, 0x90, 0x5C, 0x31,
    0x18, 0x64, 0x72, 0xC8, 0x84, 0xC9, 0xA4, 0x4F, 0x58, 0xE9, 0xE0, 0x25, 0xE9, 0x90, 0xE1, 0x43,
    0x47, 0xAE, 0xE0, 0xA7, 0x32, 0xB8, 0x77, 0xB3, 0x76, 0x4F, 0xD5, 0x71, 0x32, 0x72, 0xB5, 0xB7,
    0x43, 0xBC, 0x53, 0xF0, 0x6A, 0xA9, 0x3F, 0x89, 0x7F, 0x1D, 0xF6, 0x6B, 0xDD, 0x6F, 0x88, 0xA7,
    0x37, 0x7D, 0x67, 0xE2, 0xCD, 0xE7, 0xE9, 0xE9, 0x5E, 0x3B, 0x49, 0xE5, 0x23, 0x87, 0xAB, 0xFE,
    0x47, 0x39, 0x98, 0x42, 0x98, 0xA0, 0xE4, 0xF5, 0xD4, 0x9E, 0x1D, 0x8C, 0xB2, 0xFC, 0xEB, 0xC7,
    0xEA, 0x1F, 0x1B, 0x2C, 0xEB, 0xD0, 0x3E, 0xC8, 0xEF, 0xCA, 0xDC, 0xF7, 0x17, 0x92, 0xD4, 0x3D,
    0x47, 0x92, 0x64, 0x92, 0x7C, 0x5A, 0xD0, 0x24, 0xA9, 0xDD, 0x92, 0x74, 0xA5, 0xE4, 0x86, 0x36,
    0xA0, 0xEC, 0x80, 0x63, 0x1B, 0x5A, 0xD9, 0x36, 0xB4, 0xB2, 0x62, 0x92, 0x8A, 0x92, 0x49, 0x4A,
    0x2C, 0x36, 0x60, 0x69, 0x58, 0x78, 0xFD, 0x4C, 0x0C, 0x7B, 0x90, 0xA5, 0x21, 0x6B, 0x48, 0x96,
    0xD6, 0xA8, 0x6A, 0xB7, 0x3A, 0xF8, 0x9B, 0x19, 0xB9, 0x97, 0xCE, 0x50, 0xB4, 0xD0, 0x55, 0x3D,
    0x33, 0x5C, 0x6C, 0xB9, 0x05, 0x89, 0x21, 0xB9, 0xFA, 0x57, 0x58, 0xD6, 0xD7, 0x1C, 0xF4, 0x8A,
    0xE2, 0xFC, 0x9B, 0x0F, 0x5F, 0x52, 0xAB, 0xCF, 0xB9, 0xBC, 0x3D, 0x72, 0x37, 0xD3, 0x08, 0xE0,
    0x5E, 0xF7, 0x90, 0xA0, 0x60, 0x79, 0x15, 0xA4, 0xC1, 0xBF, 0xFE, 0x06, 0xC2, 0xD0, 0x22, 0x17,
    0x34, 0x93, 0x61, 0xD9, 0x4F, 0x8D, 0xBD, 0x28, 0x8B, 0x1F, 0xBF, 0x01, 0xCA, 0x0B, 0xE6, 0xC1,
    0x68, 0x3B, 0xE0, 0xC4, 0x8C, 0xA1, 0x5F, 0x9E, 0xF5, 0x82, 0xE4, 0xC2, 0x3C, 0xE4, 0xD1, 0x49,
    0x41, 0x70, 0x1C, 0x6E, 0x73, 0xB8, 0x10, 0xAA, 0x9F, 0x06, 0x9C, 0xE7, 0xE5, 0xD5, 0x63, 0xDC,
    0xC4, 0x3A, 0xC9, 0x6E, 0xA7, 0xFA, 0x2B, 0xC9, 0x52, 0xFF, 0x90, 0x6C, 0x62, 0x28, 0x5A, 0x5F,
    0x98, 0x98, 0x37, 0xC4, 0x36, 0x60, 0xD1, 0x08, 0xD8, 0x75, 0xF2, 0xA2, 0x14, 0x8F, 0x2C, 0x7A,
    0x78, 0xC0, 0x41, 0xAF, 0x1D, 0xB2, 0x7A, 0xCE, 0x33, 0x74, 0xBB, 0x16, 0x43, 0x4A, 0x6C, 0xB8,
    0xE8, 0x43, 0xF7, 0xE2, 0x31, 0xA4, 0xEC, 0x8B, 0x01, 0xD7, 0x5C, 0xFC, 0x17, 0x03, 0x15, 0x51,
    0x1E, 0x92, 0x47, 0x8D, 0x36, 0x6F, 0xAA, 0xEA, 0x8A, 0x91, 0xDF, 0xF1, 0xBB, 0x81, 0x11, 0x19,
    0xAA, 0xB1, 0x31, 0xA5, 0x35, 0x0F, 0xBC, 0xC5, 0x73, 0x0C, 0xBC, 0xEA, 0x42, 0x18, 0xFE, 0x0F,
};

static const EpdGlyph lexenddeca_10_italicGlyphs[] = {
    { 0, 0, 0, 0, 0, 0, 0 }, // U+0000
    { 0, 0, 0, 0, 0, 0, 0 }, // U+0001
    { 0, 0, 0, 0, 0, 0, 0 }, // U+0002
    { 0, 0, 0, 0, 0, 0, 0 }, // U+0003
    { 0, 0, 0, 0, 0, 0, 0 }, // U+0004
    { 0, 0, 0, 0, 0, 0, 0 }, // U+0005
    { 0, 0, 0, 0, 0, 0, 0 }, // U+0006
    { 0, 0, 0, 0, 0, 0, 0 }, // U+0007
    { 0, 0, 0, 0, 0, 0, 0 }, // U+0008
    { 0, 0, 0, 0, 0, 0, 0 }, // U+0009
    { 0, 0, 0, 0, 0, 0, 0 }, // U+000A
    { 0, 0, 0, 0, 0, 0, 0 }, // U+000B
    { 0, 0, 0, 0, 0, 0, 0 }, // U+000C
    { 0, 0, 0, 0, 0, 0, 0 }, // U+000D
    { 0, 0, 0, 0, 0, 0, 0 }, // U+000E
    { 0, 0, 0, 0, 0, 0, 0 }, // U+000F
    { 0, 0, 0, 0, 0, 0, 0 }, // U+0010
    { 0, 0, 0, 0, 0, 0, 0 }, // U+0011
    { 0, 0, 0, 0, 0, 0, 0 }, // U+0012
    { 0, 0, 0, 0, 0, 0, 0 }, // U+0013
    { 0, 0, 0, 0, 0, 0, 0 }, // U+0014
    { 0, 0, 0, 0, 0, 0, 0 }, // U+0015
    { 0, 0, 0, 0, 0, 0, 0 }, // U+0016
    { 0, 0, 0, 0, 0, 0, 0 }, // U+0017
    { 0, 0, 0, 0, 0, 0, 0 }, // U+0018
    { 0, 0, 0, 0, 0, 0, 0 }, // U+0019
    { 0, 0, 0, 0, 0, 0, 0 }, // U+001A
    { 0, 0, 0, 0, 0, 0, 0 }, // U+001B
    { 0, 0, 0, 0, 0, 0, 0 }, // U+001C
    { 0, 0, 0, 0, 0, 0, 0 }, // U+001D
    { 0, 0, 0, 0, 0, 0, 0 }, // U+001E
    { 0, 0, 0, 0, 0, 0, 0 }, // U+001F
    { 0, 0, 93, 0, 0, 0, 0 }, // U+0020
    { 6, 15, 95, 0, 15, 23, 0 }, // !
    { 6, 5, 111, 1, 15, 8, 23 }, // "
    { 13, 15, 211, 0, 15, 49, 31 }, // #
    { 12, 19, 203, 0, 17, 57, 80 }, // $
    { 19, 15, 333, 1, 15, 72, 137 }, // %
    { 13, 15, 230, 0, 15, 49, 209 }, // &
    { 3, 5, 64, 1, 15, 4, 258 }, // '
    { 8, 19, 100, 0, 15, 38, 262 }, // (
    { 8, 19, 101, -2, 15, 38, 300 }, // )
    { 7, 7, 146, 2, 15, 13, 338 }, // *
    { 12, 11, 206, 0, 11, 33, 351 }, // +
    { 4, 6, 70, -1, 3, 6, 384 }, // ,
    { 8, 2, 124, 0, 7, 4, 390 }, // -
    { 4, 3, 69, -1, 3, 3, 394 }, // .
    { 12, 15, 124, -2, 15, 45, 397 }, // /
    { 12, 15, 218, 1, 15, 45, 442 }, // 0
    { 8, 15, 134, 1, 15, 30, 487 }, // 1
    { 13, 15, 188, -1, 15, 49, 517 }, // 2
    { 12, 15, 193, 0, 15, 45, 566 }, // 3
    { 13, 15, 212, 0, 15, 49, 611 }, // 4
    { 12, 15, 192, 0, 15, 45, 660 }, // 5
    { 11, 15, 202, 1, 15, 42, 705 }, // 6
    { 12, 15, 179, 0, 15, 45, 747 }, // 7
    { 12, 15, 206, 0, 15, 45, 792 }, // 8
    { 11, 15, 200, 1, 15, 42, 837 }, // 9
    { 6, 11, 69, -1, 11, 17, 879 }, // :
    { 6, 14, 70, -1, 11, 21, 896 }, // ;
    { 11, 11, 204, 0, 11, 31, 917 }, // <
    { 11, 6, 219, 1, 9, 17, 948 }, // =
    { 11, 11, 204, 1, 11, 31, 965 }, // >
    { 10, 15, 176, 1, 15, 38, 996 }, // ?
    { 15, 15, 261, 1, 15, 57, 1034 }, // @
    { 14, 15, 209, -2, 15, 53, 1091 }, // A
    { 13, 15, 208, 0, 15, 49, 1144 }, // B
    { 13, 15, 220, 1, 15, 49, 1193 }, // C
    { 14, 15, 225, 0, 15, 53, 1242 }, // D
    { 13, 15, 188, 0, 15, 49, 1295 }, // E
    { 13, 15, 182, 0, 15, 49, 1344 }, // F
    { 13, 15, 237, 1, 15, 49, 1393 }, // G
    { 15, 15, 231, 0, 15, 57, 1442 }, // H
    { 9, 15, 138, 0, 15, 34, 1499 }, // I
    { 12, 15, 170, -1, 15, 45, 1533 }, // J
    { 14, 15, 208, 0, 15, 53, 1578 }, // K
    { 11, 15, 180, 0, 15, 42, 1631 }, // L
    { 18, 15, 275, 0, 15, 68, 1673 }, // M
    { 15, 15, 231, 0, 15, 57, 1741 }, // N
    { 14, 15, 243, 1, 15, 53, 1798 }, // O
    { 13, 15, 199, 0, 15, 49, 1851 }, // P
    { 14, 17, 249, 1, 15, 60, 1900 }, // Q
    { 13, 15, 203, 0, 15, 49, 1960 }, // R
    { 12, 15, 203, 0, 15, 45, 2009 }, // S
    { 13, 15, 186, 1, 15, 49, 2054 }, // T
    { 14, 15, 231, 1, 15, 53, 2103 }, // U
    { 13, 15, 197, 1, 15, 49, 2156 }, // V
    { 19, 15, 281, 1, 15, 72, 2205 }, // W
    { 17, 15, 208, -2, 15, 64, 2277 }, // X
    { 13, 15, 199, 1, 15, 49, 2341 }, // Y
    { 15, 15, 204, -1, 15, 57, 2390 }, // Z
    { 9, 19, 106, -1, 15, 43, 2447 }, // [
    { 9, 15, 173, 1, 15, 34, 2490 }, // <backslash>
    { 9, 19, 106, -2, 15, 43, 2524 }, // ]
    { 11, 8, 184, 0, 15, 22, 2567 }, // ^
    { 9, 2, 138, -1, 0, 5, 2589 }, // _
    { 4, 3, 91, 2, 15, 3, 2594 }, // `
    { 10, 11, 174, 0, 11, 28, 2597 }, // a
    { 11, 15, 185, 0, 15, 42, 2625 }, // b
    { 11, 11, 165, 0, 11, 31, 2667 }, // c
    { 12, 15, 185, 0, 15, 45, 2698 }, // d
    { 11, 11, 181, 0, 11, 31, 2743 }, // e
    { 8, 16, 107, 0, 16, 32, 2774 }, // f
    { 12, 16, 185, -1, 11, 48, 2806 }, // g
    { 11, 15, 183, 0, 15, 42, 2854 }, // h
    { 7, 16, 90, 0, 16, 28, 2896 }, // i
    { 10, 19, 86, -4, 15, 48, 2924 }, // j
    { 11, 15, 162, 0, 15, 42, 2972 }, // k
    { 5, 15, 86, 0, 15, 19, 3014 }, // l
    { 17, 11, 282, 0, 11, 47, 3033 }, // m
    { 11, 11, 183, 0, 11, 31, 3080 }, // n
    { 11, 11, 182, 0, 11, 31, 3111 }, // o
    { 12, 15, 185, -1, 11, 45, 3142 }, // p
    { 12, 15, 185, 0, 11, 45, 3187 }, // q
    { 8, 11, 118, 0, 11, 22, 3232 }, // r
    { 9, 11, 160, 0, 11, 25, 3254 }, // s
    { 6, 14, 108, 1, 14, 21, 3279 }, // t
    { 11, 11, 180, 0, 11, 31, 3300 }, // u
    { 11, 11, 148, 0, 11, 31, 3331 }, // v
    { 15, 11, 219, 0, 11, 42, 3362 }, // w
    { 13, 11, 154, -2, 11, 36, 3404 }, // x
    { 12, 15, 145, -2, 11, 45, 3440 }, // y
    { 11, 11, 156, -1, 11, 31, 3485 }, // z
    { 8, 19, 107, 0, 15, 38, 3516 }, // {
    { 2, 19, 96, 2, 15, 10, 3554 }, // |
    { 8, 19, 107, -2, 15, 38, 3564 }, // }
    { 11, 3, 180, 0, 7, 9, 3602 }, // ~
    { 0, 0, 0, 0, 0, 0, 3611 }, // U+007F
    { 0, 0, 0, 0, 0, 0, 0 }, // U+0080
    { 0, 0, 0, 0, 0, 0, 0 }, // U+0081
    { 0, 0, 0, 0, 0, 0, 0 }, // U+0082
    { 0, 0, 0, 0, 0, 0, 0 }, // U+0083
    { 0, 0, 0, 0, 0, 0, 0 }, // U+0084
    { 0, 0, 0, 0, 0, 0, 0 }, // U+0085
    { 0, 0, 0, 0, 0, 0, 0 }, // U+0086
    { 0, 0, 0, 0, 0, 0, 0 }, // U+0087
    { 0, 0, 0, 0, 0, 0, 0 }, // U+0088
    { 0, 0, 0, 0, 0, 0, 0 }, // U+0089
    { 0, 0, 0, 0, 0, 0, 0 }, // U+008A
    { 0, 0, 0, 0, 0, 0, 0 }, // U+008B
    { 0, 0, 0, 0, 0, 0, 0 }, // U+008C
    { 0, 0, 0, 0, 0, 0, 0 }, // U+008D
    { 0, 0, 0, 0, 0, 0, 0 }, // U+008E
    { 0, 0, 0, 0, 0, 0, 0 }, // U+008F
    { 0, 0, 0, 0, 0, 0, 0 }, // U+0090
    { 0, 0, 0, 0, 0, 0, 0 }, // U+0091
    { 0, 0, 0, 0, 0, 0, 0 }, // U+0092
    { 0, 0, 0, 0, 0, 0, 0 }, // U+0093
    { 0, 0, 0, 0, 0, 0, 0 }, // U+0094
    { 0, 0, 0, 0, 0, 0, 0 }, // U+0095
    { 0, 0, 0, 0, 0, 0, 0 }, // U+0096
    { 0, 0, 0, 0, 0, 0, 0 }, // U+0097
    { 0, 0, 0, 0, 0, 0, 0 }, // U+0098
    { 0, 0, 0, 0, 0, 0, 0 }, // U+0099
    { 0, 0, 0, 0, 0, 0, 0 }, // U+009A
    { 0, 0, 0, 0, 0, 0, 0 }, // U+009B
    { 0, 0, 0, 0, 0, 0, 0 }, // U+009C
    { 0, 0, 0, 0, 0, 0, 0 }, // U+009D
    { 0, 0, 0, 0, 0, 0, 0 }, // U+009E
    { 0, 0, 0, 0, 0, 0, 0 }, // U+009F
    { 0, 0, 93, 0, 0, 0, 0 }, // U+00A0
    { 6, 15, 94, 0, 11, 23, 0 }, // U+00A1
    { 10, 15, 164, 0, 13, 38, 23 }, // U+00A2
    { 13, 15, 195, 0, 15, 49, 61 }, // U+00A3
    { 10, 12, 222, 2, 13, 30, 110 }, // U+00A4
    { 14, 15, 199, 0, 15, 53, 140 }, // U+00A5
    { 2, 19, 96, 2, 15, 10, 193 }, // U+00A6
    { 13, 19, 175, -1, 15, 62, 203 }, // U+00A7
    { 8, 3, 142, 2, 16, 6, 265 }, // U+00A8
    { 15, 15, 271, 1, 15, 57, 271 }, // U+00A9
    { 7, 6, 121, 1, 14, 11, 328 }, // U+00AA
    { 12, 9, 188, 0, 10, 27, 339 }, // U+00AB
    { 11, 7, 222, 1, 9, 20, 366 }, // U+00AC
    { 0, 0, 0, 0, 0, 0, 386 }, // U+00AD
    { 15, 15, 271, 1, 15, 57, 386 }, // U+00AE
    { 7, 2, 127, 2, 15, 4, 443 }, // U+00AF
    { 7, 6, 119, 1, 15, 11, 447 }, // U+00B0
    { 11, 11, 218, 1, 11, 31, 458 }, // U+00B1
    { 7, 8, 128, 1, 16, 14, 489 }, // U+00B2
    { 8, 8, 131, 1, 16, 16, 503 }, // U+00B3
    { 5, 3, 90, 2, 15, 4, 519 }, // U+00B4
    { 12, 15, 185, -1, 11, 45, 523 }, // U+00B5
    { 11, 19, 174, 1, 15, 53, 568 }, // U+00B6
    { 3, 3, 78, 1, 7, 3, 621 }, // U+00B7
    { 5, 6, 98, -1, 2, 8, 624 }, // U+00B8
    { 4, 8, 86, 2, 16, 8, 632 }, // U+00B9
    { 7, 6, 128, 1, 14, 11, 640 }, // U+00BA
    { 11, 9, 185, 0, 10, 25, 651 }, // U+00BB
    { 14, 16, 275, 2, 15, 56, 676 }, // U+00BC
    { 15, 15, 267, 1, 15, 57, 732 }, // U+00BD
    { 17, 16, 302, 1, 15, 68, 789 }, // U+00BE
    { 10, 15, 176, -1, 11, 38, 857 }, // U+00BF
    { 14, 19, 209, -2, 19, 67, 895 }, // U+00C0
    { 14, 19, 209, -2, 19, 67, 962 }, // U+00C1
    { 14, 19, 209, -2, 19, 67, 1029 }, // U+00C2
    { 15, 19, 209, -2, 19, 72, 1096 }, // U+00C3
    { 14, 19, 209, -2, 19, 67, 1168 }, // U+00C4
    { 14, 19, 209, -2, 19, 67, 1235 }, // U+00C5
    { 24, 15, 329, -2, 15, 90, 1302 }, // U+00C6
    { 13, 19, 220, 1, 15, 62, 1392 }, // U+00C7
    { 13, 19, 188, 0, 19, 62, 1454 }, // U+00C8
    { 13, 19, 188, 0, 19, 62, 1516 }, // U+00C9
    { 13, 19, 188, 0, 19, 62, 1578 }, // U+00CA
    { 13, 19, 188, 0, 19, 62, 1640 }, // U+00CB
    { 9, 19, 138, 0, 19, 43, 1702 }, // U+00CC
    { 9, 19, 138, 0, 19, 43, 1745 }, // U+00CD
    { 10, 19, 138, 0, 19, 48, 1788 }, // U+00CE
    { 10, 19, 138, 0, 19, 48, 1836 }, // U+00CF
    { 15, 15, 237, 0, 15, 57, 1884 }, // U+00D0
    { 15, 19, 231, 0, 19, 72, 1941 }, // U+00D1
    { 14, 20, 243, 1, 20, 70, 2013 }, // U+00D2
    { 14, 20, 243, 1, 20, 70, 2083 }, // U+00D3
    { 14, 19, 243, 1, 19, 67, 2153 }, // U+00D4
    { 14, 19, 243, 1, 19, 67, 2220 }, // U+00D5
    { 14, 20, 243, 1, 20, 70, 2287 }, // U+00D6
    { 10, 11, 198, 1, 11, 28, 2357 }, // U+00D7
    { 16, 15, 242, 0, 15, 60, 2385 }, // U+00D8
    { 14, 20, 231, 1, 20, 70, 2445 }, // U+00D9
    { 14, 20, 231, 1, 20, 70, 2515 }, // U+00DA
    { 14, 19, 231, 1, 19, 67, 2585 }, // U+00DB
    { 14, 20, 231, 1, 20, 70, 2652 }, // U+00DC
    { 13, 19, 199, 1, 19, 62, 2722 }, // U+00DD
    { 12, 15, 194, 0, 15, 45, 2784 }, // U+00DE
    { 12, 15, 202, 0, 15, 45, 2829 }, // U+00DF
    { 10, 16, 174, 0, 16, 40, 2874 }, // U+00E0
    { 10, 16, 174, 0, 16, 40, 2914 }, // U+00E1
    { 11, 15, 174, 0, 15, 42, 2954 }, // U+00E2
    { 11, 15, 174, 0, 15, 42, 2996 }, // U+00E3
    { 11, 15, 174, 0, 15, 42, 3038 }, // U+00E4
    { 10, 17, 174, 0, 17, 43, 3080 }, // U+00E5
    { 18, 11, 290, 0, 11, 50, 3123 }, // U+00E6
    { 11, 15, 165, 0, 11, 42, 3173 }, // U+00E7
    { 11, 16, 181, 0, 16, 44, 3215 }, // U+00E8
    { 11, 16, 181, 0, 16, 44, 3259 }, // U+00E9
    { 11, 15, 181, 0, 15, 42, 3303 }, // U+00EA
    { 11, 15, 181, 0, 15, 42, 3345 }, // U+00EB
    { 5, 16, 83, 0, 16, 20, 3387 }, // U+00EC
    { 7, 16, 83, 0, 16, 28, 3407 }, // U+00ED
    { 8, 15, 83, 0, 15, 30, 3435 }, // U+00EE
    { 8, 15, 83, 0, 15, 30, 3465 }, // U+00EF
    { 11, 15, 190, 0, 15, 42, 3495 }, // U+00F0
    { 12, 15, 183, 0, 15, 45, 3537 }, // U+00F1
    { 11, 16, 182, 0, 16, 44, 3582 }, // U+00F2
    { 11, 16, 182, 0, 16, 44, 3626 }, // U+00F3
    { 11, 15, 182, 0, 15, 42, 3670 }, // U+00F4
    { 11, 15, 182, 0, 15, 42, 3712 }, // U+00F5
    { 11, 15, 182, 0, 15, 42, 3754 }, // U+00F6
    { 11, 11, 206, 1, 11, 31, 3796 }, // U+00F7
    { 13, 12, 183, -1, 12, 39, 3827 }, // U+00F8
    { 11, 16, 180, 0, 16, 44, 3866 }, // U+00F9
    { 11, 15, 180, 0, 15, 42, 3910 }, // U+00FA
    { 11, 15, 180, 0, 15, 42, 3952 }, // U+00FB
    { 11, 15, 180, 0, 15, 42, 3994 }, // U+00FC
    { 12, 19, 145, -2, 15, 57, 4036 }, // U+00FD
    { 12, 19, 186, -1, 15, 57, 4093 }, // U+00FE
    { 12, 19, 145, -2, 15, 57, 4150 }, // U+00FF
    { 14, 19, 209, -2, 19, 67, 0 }, // U+0100
    { 11, 15, 174, 0, 15, 42, 67 }, // U+0101
    { 14, 19, 209, -2, 19, 67, 109 }, // U+0102
    { 11, 15, 174, 0, 15, 42, 176 }, // U+0103
    { 14, 19, 209, -2, 15, 67, 218 }, // U+0104
    { 10, 15, 174, 0, 11, 38, 285 }, // U+0105
    { 13, 20, 220, 1, 20, 65, 323 }, // U+0106
    { 11, 16, 165, 0, 16, 44, 388 }, // U+0107
    { 13, 19, 220, 1, 19, 62, 432 }, // U+0108
    { 11, 15, 165, 0, 15, 42, 494 }, // U+0109
    { 13, 19, 220, 1, 19, 62, 536 }, // U+010A
    { 11, 15, 165, 0, 15, 42, 598 }, // U+010B
    { 13, 19, 220, 1, 19, 62, 640 }, // U+010C
    { 11, 15, 165, 0, 15, 42, 702 }, // U+010D
    { 14, 19, 225, 0, 19, 67, 744 }, // U+010E
    { 15, 15, 198, 0, 15, 57, 811 }, // U+010F
    { 15, 15, 243, 0, 15, 57, 868 }, // U+0110
    { 14, 15, 201, 0, 15, 53, 925 }, // U+0111
    { 13, 19, 188, 0, 19, 62, 978 }, // U+0112
    { 11, 15, 181, 0, 15, 42, 1040 }, // U+0113
    { 13, 19, 188, 0, 19, 62, 1082 }, // U+0114
    { 11, 15, 181, 0, 15, 42, 1144 }, // U+0115
    { 13, 19, 188, 0, 19, 62, 1186 }, // U+0116
    { 11, 15, 181, 0, 15, 42, 1248 }, // U+0117
    { 13, 19, 188, 0, 15, 62, 1290 }, // U+0118
    { 11, 15, 181, 0, 11, 42, 1352 }, // U+0119
    { 13, 19, 188, 0, 19, 62, 1394 }, // U+011A
    { 11, 15, 181, 0, 15, 42, 1456 }, // U+011B
    { 13, 19, 237, 1, 19, 62, 1498 }, // U+011C
    { 12, 20, 185, -1, 15, 60, 1560 }, // U+011D
    { 13, 19, 237, 1, 19, 62, 1620 }, // U+011E
    { 12, 20, 185, -1, 15, 60, 1682 }, // U+011F
    { 13, 19, 237, 1, 19, 62, 1742 }, // U+0120
    { 12, 20, 185, -1, 15, 60, 1804 }, // U+0121
    { 13, 21, 237, 1, 15, 69, 1864 }, // U+0122
    { 12, 21, 185, -1, 16, 63, 1933 }, // U+0123
    { 15, 19, 231, 0, 19, 72, 1996 }, // U+0124
    { 11, 19, 183, 0, 19, 53, 2068 }, // U+0125
    { 16, 15, 237, 0, 15, 60, 2121 }, // U+0126
    { 11, 15, 193, 0, 15, 42, 2181 }, // U+0127
    { 11, 19, 138, 0, 19, 53, 2223 }, // U+0128
    { 8, 15, 83, 0, 15, 30, 2276 }, // U+0129
    { 10, 19, 138, 0, 19, 48, 2306 }, // U+012A
    { 8, 15, 83, 0, 15, 30, 2354 }, // U+012B
    { 10, 19, 138, 0, 19, 48, 2384 }, // U+012C
    { 8, 15, 83, 0, 15, 30, 2432 }, // U+012D
    { 9, 19, 138, 0, 15, 43, 2462 }, // U+012E
    { 9, 20, 90, -2, 16, 45, 2505 }, // U+012F
    { 9, 19, 138, 0, 19, 43, 2550 }, // U+0130
    { 5, 11, 83, 0, 11, 14, 2593 }, // U+0131
    { 20, 15, 308, 0, 15, 75, 2607 }, // U+0132
    { 12, 19, 176, 0, 15, 57, 2682 }, // U+0133
    { 15, 19, 170, -1, 19, 72, 2739 }, // U+0134
    { 12, 19, 86, -4, 15, 57, 2811 }, // U+0135
    { 14, 21, 208, 0, 15, 74, 2868 }, // U+0136
    { 11, 21, 162, 0, 15, 58, 2942 }, // U+0137
    { 11, 11, 162, 0, 11, 31, 3000 }, // U+0138
    { 11, 19, 180, 0, 19, 53, 3031 }, // U+0139
    { 8, 19, 86, 0, 19, 38, 3084 }, // U+013A
    { 11, 21, 180, 0, 15, 58, 3122 }, // U+013B
    { 6, 21, 86, -1, 15, 32, 3180 }, // U+013C
    { 12, 15, 180, 0, 15, 45, 3212 }, // U+013D
    { 8, 15, 86, 0, 15, 30, 3257 }, // U+013E
    { 11, 15, 180, 0, 15, 42, 3287 }, // U+013F
    { 8, 15, 123, 0, 15, 30, 3329 }, // U+0140
    { 11, 15, 191, 0, 15, 42, 3359 }, // U+0141
    { 7, 15, 91, 0, 15, 27, 3401 }, // U+0142
    { 15, 19, 231, 0, 19, 72, 3428 }, // U+0143
    { 11, 16, 183, 0, 16, 44, 3500 }, // U+0144
    { 15, 21, 231, 0, 15, 79, 3544 }, // U+0145
    { 11, 16, 183, 0, 11, 44, 3623 }, // U+0146
    { 15, 19, 231, 0, 19, 72, 3667 }, // U+0147
    { 12, 15, 183, 0, 15, 45, 3739 }, // U+0148
    { 14, 15, 248, 1, 15, 53, 3784 }, // U+0149
    { 15, 19, 231, 0, 15, 72, 3837 }, // U+014A
    { 11, 15, 183, 0, 11, 42, 3909 }, // U+014B
    { 14, 19, 243, 1, 19, 67, 3951 }, // U+014C
    { 11, 15, 182, 0, 15, 42, 4018 }, // U+014D
    { 14, 19, 243, 1, 19, 67, 4060 }, // U+014E
    { 11, 15, 182, 0, 15, 42, 4127 }, // U+014F
    { 14, 19, 243, 1, 19, 67, 4169 }, // U+0150
    { 12, 16, 182, 0, 16, 48, 4236 }, // U+0151
    { 23, 15, 357, 1, 15, 87, 4284 }, // U+0152
    { 19, 11, 303, 0, 11, 53, 4371 }, // U+0153
    { 13, 19, 203, 0, 19, 62, 4424 }, // U+0154
    { 8, 16, 118, 0, 16, 32, 4486 }, // U+0155
    { 13, 21, 203, 0, 15, 69, 4518 }, // U+0156
    { 10, 17, 118, -2, 11, 43, 4587 }, // U+0157
    { 13, 19, 203, 0, 19, 62, 4630 }, // U+0158
    { 10, 15, 118, 0, 15, 38, 4692 }, // U+0159
    { 12, 20, 203, 0, 20, 60, 4730 }, // U+015A
    { 9, 16, 160, 0, 16, 36, 4790 }, // U+015B
    { 12, 19, 203, 0, 19, 57, 4826 }, // U+015C
    { 10, 15, 160, 0, 15, 38, 4883 }, // U+015D
    { 12, 19, 203, 0, 15, 57, 4921 }, // U+015E
    { 9, 15, 160, 0, 11, 34, 4978 }, // U+015F
    { 12, 19, 203, 0, 19, 57, 5012 }, // U+0160
    { 10, 15, 160, 0, 15, 38, 5069 }, // U+0161
    { 13, 19, 186, 1, 15, 62, 5107 }, // U+0162
    { 8, 18, 108, -1, 14, 36, 5169 }, // U+0163
    { 13, 19, 186, 1, 19, 62, 5205 }, // U+0164
    { 8, 16, 108, 1, 16, 32, 5267 }, // U+0165
    { 13, 15, 186, 1, 15, 49, 5299 }, // U+0166
    { 7, 14, 108, 0, 14, 25, 5348 }, // U+0167
    { 14, 19, 231, 1, 19, 67, 5373 }, // U+0168
    { 11, 15, 180, 0, 15, 42, 5440 }, // U+0169
    { 14, 19, 231, 1, 19, 67, 5482 }, // U+016A
    { 11, 15, 180, 0, 15, 42, 5549 }, // U+016B
    { 14, 19, 231, 1, 19, 67, 5591 }, // U+016C
    { 11, 15, 180, 0, 15, 42, 5658 }, // U+016D
    { 14, 21, 231, 1, 21, 74, 5700 }, // U+016E
    { 11, 17, 180, 0, 17, 47, 5774 }, // U+016F
    { 14, 19, 231, 1, 19, 67, 5821 }, // U+0170
    { 11, 16, 180, 0, 16, 44, 5888 }, // U+0171
    { 14, 19, 231, 1, 15, 67, 5932 }, // U+0172
    { 11, 15, 180, 0, 11, 42, 5999 }, // U+0173
    { 19, 19, 281, 1, 19, 91, 6041 }, // U+0174
    { 15, 15, 219, 0, 15, 57, 6132 }, // U+0175
    { 13, 19, 199, 1, 19, 62, 6189 }, // U+0176
    { 12, 19, 145, -2, 15, 57, 6251 }, // U+0177
    { 13, 19, 199, 1, 19, 62, 6308 }, // U+0178
    { 15, 19, 204, -1, 19, 72, 6370 }, // U+0179
    { 11, 16, 156, -1, 16, 44, 6442 }, // U+017A
    { 15, 19, 204, -1, 19, 72, 6486 }, // U+017B
    { 11, 15, 156, -1, 15, 42, 6558 }, // U+017C
    { 15, 19, 204, -1, 19, 72, 6600 }, // U+017D
    { 12, 15, 156, -1, 15, 45, 6672 }, // U+017E
    { 8, 16, 107, 0, 16, 32, 6717 }, // U+017F
    { 17, 17, 242, 0, 17, 73, 0 }, // U+01A0
    { 14, 13, 190, 0, 13, 46, 73 }, // U+01A1
    { 16, 17, 237, 1, 17, 68, 119 }, // U+01AF
    { 14, 14, 188, 0, 14, 49, 187 }, // U+01B0
    { 28, 19, 429, 0, 19, 133, 236 }, // U+01C4
    { 25, 15, 380, 0, 15, 94, 369 }, // U+01C5
    { 22, 15, 341, 0, 15, 83, 463 }, // U+01C6
    { 22, 15, 350, 0, 15, 83, 546 }, // U+01C7
    { 17, 19, 266, 0, 15, 81, 629 }, // U+01C8
    { 12, 19, 172, 0, 15, 57, 710 }, // U+01C9
    { 26, 15, 401, 0, 15, 98, 767 }, // U+01CA
    { 21, 19, 317, 0, 15, 100, 865 }, // U+01CB
    { 18, 19, 269, 0, 15, 86, 965 }, // U+01CC
    { 15, 19, 209, -2, 19, 72, 1051 }, // U+01CD
    { 11, 15, 174, 0, 15, 42, 1123 }, // U+01CE
    { 14, 19, 231, 1, 19, 67, 1165 }, // U+01D3
    { 11, 15, 180, 0, 15, 42, 1232 }, // U+01D4
    { 13, 19, 237, 1, 19, 62, 1274 }, // U+01E6
    { 12, 20, 185, -1, 15, 60, 1336 }, // U+01E7
    { 14, 19, 243, 1, 15, 67, 1396 }, // U+01EA
    { 11, 15, 182, 0, 11, 42, 1463 }, // U+01EB
    { 28, 15, 429, 0, 15, 105, 1505 }, // U+01F1
    { 24, 15, 380, 0, 15, 90, 1610 }, // U+01F2
    { 22, 15, 341, 0, 15, 83, 1700 }, // U+01F3
    { 14, 23, 209, -2, 23, 81, 1783 }, // U+01FA
    { 11, 22, 174, 0, 22, 61, 1864 }, // U+01FB
    { 24, 19, 329, -2, 19, 114, 1925 }, // U+01FC
    { 18, 16, 290, 0, 16, 72, 2039 }, // U+01FD
    { 16, 20, 242, 0, 20, 80, 2111 }, // U+01FE
    { 13, 16, 183, -1, 16, 52, 2191 }, // U+01FF
    { 12, 21, 203, 0, 15, 63, 2243 }, // U+0218
    { 9, 17, 160, 0, 11, 39, 2306 }, // U+0219
    { 13, 21, 186, 1, 15, 69, 2345 }, // U+021A
    { 8, 20, 108, -1, 14, 40, 2414 }, // U+021B
    { 15, 19, 231, 0, 19, 72, 2454 }, // U+021E
    { 11, 19, 183, 0, 19, 53, 2526 }, // U+021F
    { 4, 3, 1, 2, 15, 3, 0 }, // U+0300
    { 4, 3, 1, 2, 15, 3, 3 }, // U+0301
    { 8, 3, 1, 1, 16, 6, 6 }, // U+0302
    { 9, 3, 1, 1, 16, 7, 12 }, // U+0303
    { 7, 2, 1, 2, 15, 4, 19 }, // U+0304
    { 7, 3, 1, 2, 15, 6, 23 }, // U+0306
    { 3, 3, 1, 2, 16, 3, 29 }, // U+0307
    { 8, 3, 1, 1, 16, 6, 32 }, // U+0308
    { 4, 5, 52, 1, 17, 5, 38 }, // U+0309
    { 6, 5, 1, 2, 17, 8, 43 }, // U+030A
    { 8, 3, 1, 1, 15, 6, 51 }, // U+030B
    { 8, 3, 1, 2, 15, 6, 57 }, // U+030C
    { 6, 4, 108, 0, 13, 6, 63 }, // U+031B
    { 4, 3, 68, -1, -2, 3, 69 }, // U+0323
    { 5, 6, 0, -2, 1, 8, 72 }, // U+0326
    { 5, 6, 0, -2, 2, 8, 80 }, // U+0327
    { 4, 5, 1, -1, 0, 5, 88 }, // U+0328
    { 0, 0, 0, 0, 0, 0, 93 }, // U+034F
    { 11, 15, 164, 0, 15, 42, 0 }, // U+03BB
    { 16, 14, 224, -2, 14, 56, 0 }, // U+0410
    { 13, 14, 198, -1, 14, 46, 56 }, // U+0411
    { 14, 14, 202, -1, 14, 49, 102 }, // U+0412
    { 14, 14, 176, -1, 14, 49, 151 }, // U+0413
    { 18, 18, 236, -2, 14, 81, 200 }, // U+0414
    { 17, 14, 237, -1, 14, 60, 281 }, // U+0418
    { 18, 14, 232, -2, 14, 63, 341 }, // U+041B
    { 18, 14, 242, -1, 14, 63, 404 }, // U+041D
    { 14, 14, 237, 1, 14, 49, 467 }, // U+041E
    { 18, 14, 242, -1, 14, 63, 516 }, // U+041F
    { 13, 14, 189, -1, 14, 46, 579 }, // U+0420
    { 13, 14, 210, 1, 14, 46, 625 }, // U+0421
    { 13, 14, 195, 1, 14, 46, 671 }, // U+0422
    { 16, 14, 232, 1, 14, 56, 717 }, // U+0423
    { 16, 14, 211, -1, 14, 56, 773 }, // U+0425
    { 13, 14, 215, 2, 14, 46, 829 }, // U+0427
    { 20, 14, 278, -1, 14, 70, 875 }, // U+042B
    { 13, 14, 189, -1, 14, 46, 945 }, // U+042C
    { 21, 14, 323, -1, 14, 74, 991 }, // U+042E
    { 15, 14, 202, -1, 14, 53, 1065 }, // U+042F
    { 11, 10, 174, 0, 10, 28, 1118 }, // U+0430
    { 12, 15, 178, 0, 15, 45, 1146 }, // U+0431
    { 11, 11, 171, 0, 11, 31, 1191 }, // U+0432
    { 10, 15, 166, 0, 15, 38, 1222 }, // U+0434
    { 9, 10, 145, 0, 10, 23, 1260 }, // U+0435
    { 10, 10, 148, -1, 10, 25, 1283 }, // U+0437
    { 11, 11, 166, 0, 11, 31, 1308 }, // U+043A
    { 12, 11, 185, 0, 11, 33, 1339 }, // U+043D
    { 10, 10, 169, 0, 10, 25, 1372 }, // U+043E
    { 13, 14, 165, -3, 10, 46, 1397 }, // U+0440
    { 17, 10, 259, 0, 10, 43, 1443 }, // U+0442
    { 11, 15, 176, 0, 11, 42, 1486 }, // U+0446
    { 9, 11, 145, 0, 11, 25, 1528 }, // U+044C
    { 16, 10, 247, -1, 10, 40, 1553 }, // U+044E
    { 14, 20, 209, -2, 15, 70, 0 }, // U+1EA0
    { 10, 15, 174, 0, 11, 38, 70 }, // U+1EA1
    { 14, 20, 209, -2, 20, 70, 108 }, // U+1EA2
    { 10, 17, 174, 0, 17, 43, 178 }, // U+1EA3
    { 18, 22, 209, -2, 22, 99, 221 }, // U+1EA4
    { 14, 19, 174, 0, 19, 67, 320 }, // U+1EA5
    { 17, 21, 209, -2, 21, 90, 387 }, // U+1EA6
    { 13, 19, 174, 0, 19, 62, 477 }, // U+1EA7
    { 16, 22, 209, -2, 22, 88, 539 }, // U+1EA8
    { 12, 20, 174, 0, 20, 60, 627 }, // U+1EA9
    { 16, 23, 209, -2, 23, 92, 687 }, // U+1EAA
    { 12, 20, 174, 0, 20, 60, 779 }, // U+1EAB
    { 14, 24, 209, -2, 19, 84, 839 }, // U+1EAC
    { 11, 19, 174, 0, 15, 53, 923 }, // U+1EAD
    { 14, 23, 209, -2, 23, 81, 976 }, // U+1EAE
    { 11, 20, 174, 0, 20, 55, 1057 }, // U+1EAF
    { 14, 23, 209, -2, 23, 81, 1112 }, // U+1EB0
    { 11, 20, 174, 0, 20, 55, 1193 }, // U+1EB1
    { 15, 24, 209, -2, 24, 90, 1248 }, // U+1EB2
    { 11, 21, 174, 0, 21, 58, 1338 }, // U+1EB3
    { 16, 23, 209, -2, 23, 92, 1396 }, // U+1EB4
    { 12, 19, 174, 0, 19, 57, 1488 }, // U+1EB5
    { 14, 24, 209, -2, 19, 84, 1545 }, // U+1EB6
    { 11, 19, 174, 0, 15, 53, 1629 }, // U+1EB7
    { 13, 20, 188, 0, 15, 65, 1682 }, // U+1EB8
    { 11, 15, 181, 0, 11, 42, 1747 }, // U+1EB9
    { 13, 20, 188, 0, 20, 65, 1789 }, // U+1EBA
    { 11, 17, 181, 0, 17, 47, 1854 }, // U+1EBB
    { 13, 19, 188, 0, 19, 62, 1901 }, // U+1EBC
    { 11, 15, 181, 0, 15, 42, 1963 }, // U+1EBD
    { 15, 22, 188, 0, 22, 83, 2005 }, // U+1EBE
    { 14, 19, 181, 0, 19, 67, 2088 }, // U+1EBF
    { 15, 21, 188, 0, 21, 79, 2155 }, // U+1EC0
    { 13, 19, 181, 0, 19, 62, 2234 }, // U+1EC1
    { 14, 22, 188, 0, 22, 77, 2296 }, // U+1EC2
    { 13, 20, 181, 0, 20, 65, 2373 }, // U+1EC3
    { 14, 23, 188, 0, 23, 81, 2438 }, // U+1EC4
    { 12, 20, 181, 0, 20, 60, 2519 }, // U+1EC5
    { 13, 24, 188, 0, 19, 78, 2579 }, // U+1EC6
    { 11, 19, 181, 0, 15, 53, 2657 }, // U+1EC7
    { 10, 20, 138, 0, 20, 50, 2710 }, // U+1EC8
    { 7, 17, 83, 0, 17, 30, 2760 }, // U+1EC9
    { 9, 20, 138, 0, 15, 45, 2790 }, // U+1ECA
    { 8, 20, 90, -1, 16, 40, 2835 }, // U+1ECB
    { 14, 19, 243, 1, 15, 67, 2875 }, // U+1ECC
    { 11, 15, 182, 0, 11, 42, 2942 }, // U+1ECD
    { 14, 21, 243, 1, 21, 74, 2984 }, // U+1ECE
    { 11, 17, 182, 0, 17, 47, 3058 }, // U+1ECF
    { 16, 22, 243, 1, 22, 88, 3105 }, // U+1ED0
    { 15, 19, 182, 0, 19, 72, 3193 }, // U+1ED1
    { 15, 22, 243, 1, 22, 83, 3265 }, // U+1ED2
    { 13, 19, 182, 0, 19, 62, 3348 }, // U+1ED3
    { 14, 23, 243, 1, 23, 81, 3410 }, // U+1ED4
    { 12, 20, 182, 0, 20, 60, 3491 }, // U+1ED5
    { 14, 24, 243, 1, 24, 84, 3551 }, // U+1ED6
    { 12, 20, 182, 0, 20, 60, 3635 }, // U+1ED7
    { 14, 23, 243, 1, 19, 81, 3695 }, // U+1ED8
    { 11, 19, 182, 0, 15, 53, 3776 }, // U+1ED9
    { 17, 19, 242, 0, 19, 81, 3829 }, // U+1EDA
    { 14, 15, 190, 0, 15, 53, 3910 }, // U+1EDB
    { 17, 19, 242, 0, 19, 81, 3963 }, // U+1EDC
    { 14, 15, 190, 0, 15, 53, 4044 }, // U+1EDD
    { 17, 20, 242, 0, 20, 85, 4097 }, // U+1EDE
    { 14, 17, 190, 0, 17, 60, 4182 }, // U+1EDF
    { 17, 19, 242, 0, 19, 81, 4242 }, // U+1EE0
    { 14, 15, 190, 0, 15, 53, 4323 }, // U+1EE1
    { 17, 21, 242, 0, 17, 90, 4376 }, // U+1EE2
    { 14, 17, 190, 0, 13, 60, 4466 }, // U+1EE3
    { 14, 19, 231, 1, 15, 67, 4526 }, // U+1EE4
    { 11, 15, 180, 0, 11, 42, 4593 }, // U+1EE5
    { 14, 21, 231, 1, 21, 74, 4635 }, // U+1EE6
    { 11, 17, 180, 0, 17, 47, 4709 }, // U+1EE7
    { 16, 20, 237, 1, 20, 80, 4756 }, // U+1EE8
    { 14, 15, 188, 0, 15, 53, 4836 }, // U+1EE9
    { 16, 20, 237, 1, 20, 80, 4889 }, // U+1EEA
    { 14, 16, 188, 0, 16, 56, 4969 }, // U+1EEB
    { 16, 21, 237, 1, 21, 84, 5025 }, // U+1EEC
    { 14, 17, 188, 0, 17, 60, 5109 }, // U+1EED
    { 16, 19, 237, 1, 19, 76, 5169 }, // U+1EEE
    { 14, 15, 188, 0, 15, 53, 5245 }, // U+1EEF
    { 16, 21, 237, 1, 17, 84, 5298 }, // U+1EF0
    { 14, 18, 188, 0, 14, 63, 5382 }, // U+1EF1
    { 13, 19, 199, 1, 19, 62, 5445 }, // U+1EF2
    { 12, 19, 145, -2, 15, 57, 5507 }, // U+1EF3
    { 13, 20, 199, 1, 15, 65, 5564 }, // U+1EF4
    { 12, 16, 145, -2, 11, 48, 5629 }, // U+1EF5
    { 13, 20, 199, 1, 20, 65, 5677 }, // U+1EF6
    { 12, 20, 145, -2, 16, 60, 5742 }, // U+1EF7
    { 13, 19, 199, 1, 19, 62, 5802 }, // U+1EF8
    { 12, 19, 145, -2, 15, 57, 5864 }, // U+1EF9
    { 0, 0, 0, 0, 0, 0, 0 }, // U+200B
    { 0, 0, 0, 0, 0, 0, 0 }, // U+200C
    { 0, 0, 0, 0, 0, 0, 0 }, // U+200D
    { 0, 0, 0, 0, 0, 0, 0 }, // U+200E
    { 0, 0, 0, 0, 0, 0, 0 }, // U+200F
    { 7, 2, 111, 0, 7, 4, 0 }, // U+2010
    { 10, 2, 166, 0, 7, 5, 4 }, // U+2013
    { 16, 2, 272, 0, 7, 8, 9 }, // U+2014
    { 5, 6, 79, 1, 15, 8, 17 }, // U+2018
    { 5, 6, 79, 1, 15, 8, 25 }, // U+2019
    { 4, 6, 80, -1, 3, 6, 33 }, // U+201A
    { 8, 6, 132, 1, 15, 12, 39 }, // U+201C
    { 8, 6, 131, 1, 15, 12, 51 }, // U+201D
    { 8, 6, 131, -1, 3, 12, 63 }, // U+201E
    { 11, 15, 180, 1, 15, 42, 75 }, // U+2020
    { 12, 15, 180, 0, 15, 45, 117 }, // U+2021
    { 7, 7, 149, 1, 9, 13, 162 }, // U+2022
    { 13, 3, 233, 0, 3, 10, 175 }, // U+2026
    { 0, 0, 0, 0, 0, 0, 185 }, // U+202A
    { 0, 0, 0, 0, 0, 0, 185 }, // U+202B
    { 0, 0, 0, 0, 0, 0, 185 }, // U+202C
    { 0, 0, 0, 0, 0, 0, 185 }, // U+202D
    { 0, 0, 0, 0, 0, 0, 185 }, // U+202E
    { 27, 15, 469, 1, 15, 102, 185 }, // U+2030
    { 7, 9, 118, 0, 10, 16, 287 }, // U+2039
    { 6, 9, 116, 0, 10, 14, 303 }, // U+203A
    { 12, 15, 148, -1, 15, 45, 317 }, // U+2044
    { 0, 0, 0, 0, 0, 0, 362 }, // U+2060
    { 0, 0, 0, 0, 0, 0, 362 }, // U+2061
    { 0, 0, 0, 0, 0, 0, 362 }, // U+2062
    { 0, 0, 0, 0, 0, 0, 362 }, // U+2063
    { 0, 0, 0, 0, 0, 0, 362 }, // U+2064
    { 0, 0, 0, 0, 0, 0, 362 }, // U+2066
    { 0, 0, 0, 0, 0, 0, 362 }, // U+2067
    { 0, 0, 0, 0, 0, 0, 362 }, // U+2068
    { 0, 0, 0, 0, 0, 0, 362 }, // U+2069
    { 0, 0, 0, 0, 0, 0, 362 }, // U+206A
    { 0, 0, 0, 0, 0, 0, 362 }, // U+206B
    { 0, 0, 0, 0, 0, 0, 362 }, // U+206C
    { 0, 0, 0, 0, 0, 0, 362 }, // U+206D
    { 0, 0, 0, 0, 0, 0, 362 }, // U+206E
    { 0, 0, 0, 0, 0, 0, 362 }, // U+206F
    { 8, 8, 132, 1, 16, 16, 0 }, // U+2074
    { 15, 18, 201, -1, 15, 68, 0 }, // U+20AB
    { 15, 15, 232, 0, 15, 57, 68 }, // U+20AC
    { 10, 15, 150, 0, 15, 38, 0 }, // U+2113
    { 10, 14, 198, 1, 14, 35, 0 }, // U+2202
    { 10, 18, 254, 3, 14, 45, 35 }, // U+220F
    { 11, 18, 254, 2, 14, 50, 80 }, // U+2211
    { 12, 2, 206, 0, 6, 6, 130 }, // U+2212
    { 12, 14, 148, -1, 14, 42, 136 }, // U+2215
    { 3, 3, 79, 1, 7, 3, 178 }, // U+2219
    { 11, 19, 171, 0, 15, 53, 181 }, // U+221A
    { 14, 7, 260, 1, 9, 25, 234 }, // U+221E
    { 8, 19, 102, -1, 15, 38, 259 }, // U+222B
    { 11, 7, 202, 1, 9, 20, 297 }, // U+2248
    { 11, 12, 219, 1, 11, 33, 317 }, // U+2260
    { 10, 11, 217, 1, 11, 28, 350 }, // U+2264
    { 10, 11, 229, 2, 11, 28, 378 }, // U+2265
    { 5, 14, 103, 1, 14, 18, 0 }, // U+2669
    { 8, 14, 150, 1, 14, 28, 18 }, // U+266A
    { 12, 15, 214, 1, 14, 45, 46 }, // U+266B
    { 12, 15, 214, 1, 14, 45, 91 }, // U+266C
    { 7, 14, 116, 0, 13, 25, 136 }, // U+266D
    { 7, 14, 119, 0, 9, 25, 161 }, // U+266E
    { 10, 18, 184, 1, 13, 45, 186 }, // U+266F
    { 24, 22, 423, 2, 18, 132, 231 }, // U+2764
    { 14, 16, 195, 0, 16, 56, 0 }, // U+FB00
    { 12, 16, 176, 0, 16, 48, 56 }, // U+FB01
    { 12, 16, 193, 0, 16, 48, 104 }, // U+FB02
    { 17, 16, 264, 0, 16, 68, 152 }, // U+FB03
    { 18, 16, 282, 0, 16, 72, 220 }, // U+FB04
    { 9, 15, 174, 1, 15, 34, 0 }, // U+FFFD
    { 22, 22, 423, 2, 18, 121, 0 }, // U+1F44B
    { 16, 22, 423, 5, 18, 88, 121 }, // U+1F44C
    { 20, 22, 423, 3, 18, 110, 209 }, // U+1F44D
    { 20, 22, 423, 3, 18, 110, 319 }, // U+1F44E
    { 21, 22, 423, 3, 18, 116, 429 }, // U+1F44F
    { 21, 22, 423, 3, 18, 116, 545 }, // U+1F600
    { 21, 22, 423, 3, 18, 116, 661 }, // U+1F601
    { 25, 22, 423, 1, 18, 138, 777 }, // U+1F602
    { 21, 22, 423, 3, 18, 116, 915 }, // U+1F603
    { 21, 22, 423, 3, 18, 116, 1031 }, // U+1F604
    { 23, 22, 423, 2, 18, 127, 1147 }, // U+1F605
    { 21, 22, 423, 3, 18, 116, 1274 }, // U+1F606
    { 22, 22, 423, 2, 18, 121, 1390 }, // U+1F607
    { 21, 22, 423, 3, 18, 116, 1511 }, // U+1F609
    { 21, 22, 423, 3, 18, 116, 1627 }, // U+1F60A
    { 22, 22, 423, 3, 18, 121, 1743 }, // U+1F60B
    { 21, 22, 423, 3, 18, 116, 1864 }, // U+1F60C
    { 22, 22, 423, 3, 18, 121, 1980 }, // U+1F60D
    { 22, 22, 423, 2, 18, 121, 2101 }, // U+1F60E
    { 21, 22, 423, 3, 18, 116, 2222 }, // U+1F60F
    { 21, 22, 423, 3, 18, 116, 2338 }, // U+1F610
    { 21, 22, 423, 3, 18, 116, 2454 }, // U+1F611
    { 21, 22, 423, 3, 18, 116, 2570 }, // U+1F612
    { 21, 22, 423, 3, 18, 116, 2686 }, // U+1F613
    { 21, 22, 423, 3, 18, 116, 2802 }, // U+1F614
    { 21, 22, 423, 3, 18, 116, 2918 }, // U+1F618
    { 21, 22, 423, 3, 18, 116, 3034 }, // U+1F61A
    { 21, 22, 423, 3, 18, 116, 3150 }, // U+1F61C
    { 21, 22, 423, 3, 18, 116, 3266 }, // U+1F61D
    { 21, 22, 423, 3, 18, 116, 3382 }, // U+1F620
    { 21, 22, 423, 3, 18, 116, 3498 }, // U+1F621
    { 21, 22, 423, 3, 18, 116, 3614 }, // U+1F622
    { 23, 22, 423, 2, 18, 127, 3730 }, // U+1F624
    { 22, 22, 423, 2, 18, 121, 3857 }, // U+1F625
    { 21, 22, 423, 3, 18, 116, 3978 }, // U+1F629
    { 21, 22, 423, 3, 18, 116, 4094 }, // U+1F62C
    { 21, 22, 423, 3, 18, 116, 4210 }, // U+1F62D
    { 21, 22, 423, 3, 18, 116, 4326 }, // U+1F62E
    { 25, 23, 423, 1, 19, 144, 4442 }, // U+1F631
    { 21, 22, 423, 3, 18, 116, 4586 }, // U+1F632
    { 21, 22, 423, 3, 18, 116, 4702 }, // U+1F633
    { 22, 22, 423, 2, 18, 121, 4818 }, // U+1F634
    { 21, 22, 423, 3, 18, 116, 4939 }, // U+1F635
    { 21, 22, 423, 3, 18, 116, 5055 }, // U+1F641
    { 21, 22, 423, 3, 18, 116, 5171 }, // U+1F642
    { 21, 22, 423, 3, 18, 116, 5287 }, // U+1F644
};

static const EpdUnicodeInterval lexenddeca_10_italicIntervals[] = {
    { 0x0, 0x17F, 0x0 },
    { 0x1A0, 0x1A1, 0x180 },
    { 0x1AF, 0x1B0, 0x182 },
    { 0x1C4, 0x1CE, 0x184 },
    { 0x1D3, 0x1D4, 0x18F },
    { 0x1E6, 0x1E7, 0x191 },
    { 0x1EA, 0x1EB, 0x193 },
    { 0x1F1, 0x1F3, 0x195 },
    { 0x1FA, 0x1FF, 0x198 },
    { 0x218, 0x21B, 0x19E },
    { 0x21E, 0x21F, 0x1A2 },
    { 0x300, 0x304, 0x1A4 },
    { 0x306, 0x30C, 0x1A9 },
    { 0x31B, 0x31B, 0x1B0 },
    { 0x323, 0x323, 0x1B1 },
    { 0x326, 0x328, 0x1B2 },
    { 0x34F, 0x34F, 0x1B5 },
    { 0x3BB, 0x3BB, 0x1B6 },
    { 0x410, 0x414, 0x1B7 },
    { 0x418, 0x418, 0x1BC },
    { 0x41B, 0x41B, 0x1BD },
    { 0x41D, 0x423, 0x1BE },
    { 0x425, 0x425, 0x1C5 },
    { 0x427, 0x427, 0x1C6 },
    { 0x42B, 0x42C, 0x1C7 },
    { 0x42E, 0x432, 0x1C9 },
    { 0x434, 0x435, 0x1CE },
    { 0x437, 0x437, 0x1D0 },
    { 0x43A, 0x43A, 0x1D1 },
    { 0x43D, 0x43E, 0x1D2 },
    { 0x440, 0x440, 0x1D4 },
    { 0x442, 0x442, 0x1D5 },
    { 0x446, 0x446, 0x1D6 },
    { 0x44C, 0x44C, 0x1D7 },
    { 0x44E, 0x44E, 0x1D8 },
    { 0x1EA0, 0x1EF9, 0x1D9 },
    { 0x200B, 0x2010, 0x233 },
    { 0x2013, 0x2014, 0x239 },
    { 0x2018, 0x201A, 0x23B },
    { 0x201C, 0x201E, 0x23E },
    { 0x2020, 0x2022, 0x241 },
    { 0x2026, 0x2026, 0x244 },
    { 0x202A, 0x202E, 0x245 },
    { 0x2030, 0x2030, 0x24A },
    { 0x2039, 0x203A, 0x24B },
    { 0x2044, 0x2044, 0x24D },
    { 0x2060, 0x2064, 0x24E },
    { 0x2066, 0x206F, 0x253 },
    { 0x2074, 0x2074, 0x25D },
    { 0x20AB, 0x20AC, 0x25E },
    { 0x2113, 0x2113, 0x260 },
    { 0x2202, 0x2202, 0x261 },
    { 0x220F, 0x220F, 0x262 },
    { 0x2211, 0x2212, 0x263 },
    { 0x2215, 0x2215, 0x265 },
    { 0x2219, 0x221A, 0x266 },
    { 0x221E, 0x221E, 0x268 },
    { 0x222B, 0x222B, 0x269 },
    { 0x2248, 0x2248, 0x26A },
    { 0x2260, 0x2260, 0x26B },
    { 0x2264, 0x2265, 0x26C },
    { 0x2669, 0x266F, 0x26E },
    { 0x2764, 0x2764, 0x275 },
    { 0xFB00, 0xFB04, 0x276 },
    { 0xFFFD, 0xFFFD, 0x27B },
    { 0x1F44B, 0x1F44F, 0x27C },
    { 0x1F600, 0x1F607, 0x281 },
    { 0x1F609, 0x1F614, 0x289 },
    { 0x1F618, 0x1F618, 0x295 },
    { 0x1F61A, 0x1F61A, 0x296 },
    { 0x1F61C, 0x1F61D, 0x297 },
    { 0x1F620, 0x1F622, 0x299 },
    { 0x1F624, 0x1F625, 0x29C },
    { 0x1F629, 0x1F629, 0x29E },
    { 0x1F62C, 0x1F62E, 0x29F },
    { 0x1F631, 0x1F635, 0x2A2 },
    { 0x1F641, 0x1F642, 0x2A7 },
    { 0x1F644, 0x1F644, 0x2A9 },
};

static const EpdFontGroup lexenddeca_10_italicGroups[] = {
    { 0, 2232, 4035, 128, 0 },
    { 2232, 1970, 4717, 128, 128 },
    { 4202, 2504, 7495, 128, 256 },
    { 6706, 1464, 2796, 36, 384 },
    { 8170, 112, 107, 18, 420 },
    { 8282, 44, 45, 1, 438 },
    { 8326, 1059, 1785, 34, 439 },
    { 9385, 1550, 6574, 90, 473 },
    { 10935, 282, 386, 42, 563 },
    { 11217, 18, 16, 1, 605 },
    { 11235, 121, 132, 2, 606 },
    { 11356, 47, 45, 1, 608 },
    { 11403, 275, 447, 13, 609 },
    { 11678, 260, 388, 8, 622 },
    { 11938, 205, 320, 5, 630 },
    { 12143, 42, 45, 1, 635 },
    { 12185, 2615, 6035, 46, 636 },
};

static const EpdKernClassEntry lexenddeca_10_italicKernLeftClasses[] = {
    { 0x0028, 1 }, // (
    { 0x002C, 2 }, // ,
    { 0x002D, 3 }, // -
    { 0x002E, 2 }, // .
    { 0x002F, 4 }, // /
    { 0x0030, 5 }, // 0
    { 0x0031, 6 }, // 1
    { 0x0032, 7 }, // 2
    { 0x0034, 8 }, // 4
    { 0x0035, 9 }, // 5
    { 0x0036, 10 }, // 6
    { 0x0037, 11 }, // 7
    { 0x0038, 12 }, // 8
    { 0x0039, 13 }, // 9
    { 0x0041, 14 }, // A
    { 0x0042, 15 }, // B
    { 0x0043, 16 }, // C
    { 0x0044, 17 }, // D
    { 0x0045, 18 }, // E
    { 0x0046, 19 }, // F
    { 0x0047, 20 }, // G
    { 0x0049, 21 }, // I
    { 0x004A, 22 }, // J
    { 0x004B, 23 }, // K
    { 0x004C, 24 }, // L
    { 0x004F, 17 }, // O
    { 0x0050, 25 }, // P
    { 0x0051, 26 }, // Q
    { 0x0052, 27 }, // R
    { 0x0053, 28 }, // S
    { 0x0054, 29 }, // T
    { 0x0055, 30 }, // U
    { 0x0056, 31 }, // V
    { 0x0057, 32 }, // W
    { 0x0058, 33 }, // X
    { 0x0059, 34 }, // Y
    { 0x005A, 35 }, // Z
    { 0x0061, 36 }, // a
    { 0x0062, 37 }, // b
    { 0x0063, 38 }, // c
    { 0x0065, 39 }, // e
    { 0x0066, 40 }, // f
    { 0x0067, 41 }, // g
    { 0x0068, 42 }, // h
    { 0x006A, 43 }, // j
    { 0x006B, 44 }, // k
    { 0x006C, 45 }, // l
    { 0x006D, 42 }, // m
    { 0x006E, 42 }, // n
    { 0x006F, 37 }, // o
    { 0x0070, 37 }, // p
    { 0x0071, 46 }, // q
    { 0x0072, 47 }, // r
    { 0x0073, 48 }, // s
    { 0x0074, 49 }, // t
    { 0x0075, 50 }, // u
    { 0x0076, 51 }, // v
    { 0x0077, 52 }, // w
    { 0x0078, 53 }, // x
    { 0x0079, 51 }, // y
    { 0x007A, 54 }, // z
    { 0x00C0, 14 }, // U+00C0
    { 0x00C1, 14 }, // U+00C1
    { 0x00C2, 14 }, // U+00C2
    { 0x00C3, 14 }, // U+00C3
    { 0x00C4, 14 }, // U+00C4
    { 0x00C5, 14 }, // U+00C5
    { 0x00C6, 18 }, // U+00C6
    { 0x00C7, 16 }, // U+00C7
    { 0x00C8, 18 }, // U+00C8
    { 0x00C9, 18 }, // U+00C9
    { 0x00CA, 18 }, // U+00CA
    { 0x00CB, 18 }, // U+00CB
    { 0x00CC, 21 }, // U+00CC
    { 0x00CD, 21 }, // U+00CD
    { 0x00CE, 21 }, // U+00CE
    { 0x00CF, 21 }, // U+00CF
    { 0x00D0, 17 }, // U+00D0
    { 0x00D2, 17 }, // U+00D2
    { 0x00D3, 17 }, // U+00D3
    { 0x00D4, 17 }, // U+00D4
    { 0x00D5, 17 }, // U+00D5
    { 0x00D6, 17 }, // U+00D6
    { 0x00D8, 17 }, // U+00D8
    { 0x00D9, 30 }, // U+00D9
    { 0x00DA, 30 }, // U+00DA
    { 0x00DB, 30 }, // U+00DB
    { 0x00DC, 30 }, // U+00DC
    { 0x00DD, 34 }, // U+00DD
    { 0x00E0, 42 }, // U+00E0
    { 0x00E1, 42 }, // U+00E1
    { 0x00E2, 42 }, // U+00E2
    { 0x00E3, 42 }, // U+00E3
    { 0x00E4, 42 }, // U+00E4
    { 0x00E5, 42 }, // U+00E5
    { 0x00E6, 39 }, // U+00E6
    { 0x00E7, 38 }, // U+00E7
    { 0x00E8, 39 }, // U+00E8
    { 0x00E9, 39 }, // U+00E9
    { 0x00EA, 39 }, // U+00EA
    { 0x00EB, 39 }, // U+00EB
    { 0x00F0, 17 }, // U+00F0
    { 0x00F1, 42 }, // U+00F1
    { 0x00F2, 37 }, // U+00F2
    { 0x00F3, 37 }, // U+00F3
    { 0x00F4, 37 }, // U+00F4
    { 0x00F5, 37 }, // U+00F5
    { 0x00F6, 37 }, // U+00F6
    { 0x00F8, 37 }, // U+00F8
    { 0x00F9, 50 }, // U+00F9
    { 0x00FA, 50 }, // U+00FA
    { 0x00FB, 50 }, // U+00FB
    { 0x00FC, 50 }, // U+00FC
    { 0x00FD, 51 }, // U+00FD
    { 0x00FE, 37 }, // U+00FE
    { 0x00FF, 51 }, // U+00FF
    { 0x0100, 14 }, // U+0100
    { 0x0101, 42 }, // U+0101
    { 0x0102, 14 }, // U+0102
    { 0x0103, 42 }, // U+0103
    { 0x0104, 14 }, // U+0104
    { 0x0105, 42 }, // U+0105
    { 0x0106, 16 }, // U+0106
    { 0x0107, 38 }, // U+0107
    { 0x0108, 16 }, // U+0108
    { 0x0109, 38 }, // U+0109
    { 0x010A, 16 }, // U+010A
    { 0x010B, 38 }, // U+010B
    { 0x010C, 16 }, // U+010C
    { 0x010D, 38 }, // U+010D
    { 0x010E, 17 }, // U+010E
    { 0x010F, 55 }, // U+010F
    { 0x0111, 40 }, // U+0111
    { 0x0112, 18 }, // U+0112
    { 0x0113, 39 }, // U+0113
    { 0x0114, 18 }, // U+0114
    { 0x0115, 39 }, // U+0115
    { 0x0116, 18 }, // U+0116
    { 0x0117, 39 }, // U+0117
    { 0x0118, 18 }, // U+0118
    { 0x0119, 39 }, // U+0119
    { 0x011A, 18 }, // U+011A
    { 0x011B, 39 }, // U+011B
    { 0x011C, 20 }, // U+011C
    { 0x011D, 41 }, // U+011D
    { 0x011E, 20 }, // U+011E
    { 0x011F, 41 }, // U+011F
    { 0x0120, 20 }, // U+0120
    { 0x0121, 41 }, // U+0121
    { 0x0122, 20 }, // U+0122
    { 0x0123, 41 }, // U+0123
    { 0x0125, 42 }, // U+0125
    { 0x0127, 42 }, // U+0127
    { 0x0128, 21 }, // U+0128
    { 0x012A, 21 }, // U+012A
    { 0x012C, 21 }, // U+012C
    { 0x012E, 21 }, // U+012E
    { 0x0130, 21 }, // U+0130
    { 0x0132, 22 }, // U+0132
    { 0x0133, 43 }, // U+0133
    { 0x0134, 22 }, // U+0134
    { 0x0135, 43 }, // U+0135
    { 0x0136, 23 }, // U+0136
    { 0x0137, 44 }, // U+0137
    { 0x0138, 44 }, // U+0138
    { 0x0139, 24 }, // U+0139
    { 0x013A, 56 }, // U+013A
    { 0x013B, 24 }, // U+013B
    { 0x013C, 56 }, // U+013C
    { 0x013E, 55 }, // U+013E
    { 0x013F, 24 }, // U+013F
    { 0x0140, 57 }, // U+0140
    { 0x0141, 24 }, // U+0141
    { 0x0142, 56 }, // U+0142
    { 0x0144, 42 }, // U+0144
    { 0x0146, 42 }, // U+0146
    { 0x0148, 42 }, // U+0148
    { 0x014C, 17 }, // U+014C
    { 0x014D, 37 }, // U+014D
    { 0x014E, 17 }, // U+014E
    { 0x014F, 37 }, // U+014F
    { 0x0150, 17 }, // U+0150
    { 0x0151, 37 }, // U+0151
    { 0x0152, 18 }, // U+0152
    { 0x0153, 39 }, // U+0153
    { 0x0154, 27 }, // U+0154
    { 0x0155, 47 }, // U+0155
    { 0x0156, 27 }, // U+0156
    { 0x0157, 47 }, // U+0157
    { 0x0158, 27 }, // U+0158
    { 0x0159, 47 }, // U+0159
    { 0x015A, 28 }, // U+015A
    { 0x015B, 48 }, // U+015B
    { 0x015C, 28 }, // U+015C
    { 0x015D, 48 }, // U+015D
    { 0x015E, 28 }, // U+015E
    { 0x015F, 48 }, // U+015F
    { 0x0160, 28 }, // U+0160
    { 0x0161, 48 }, // U+0161
    { 0x0162, 29 }, // U+0162
    { 0x0163, 49 }, // U+0163
    { 0x0164, 29 }, // U+0164
    { 0x0165, 55 }, // U+0165
    { 0x0166, 29 }, // U+0166
    { 0x0167, 49 }, // U+0167
    { 0x0168, 30 }, // U+0168
    { 0x0169, 50 }, // U+0169
    { 0x016A, 30 }, // U+016A
    { 0x016B, 50 }, // U+016B
    { 0x016C, 30 }, // U+016C
    { 0x016D, 50 }, // U+016D
    { 0x016E, 30 }, // U+016E
    { 0x016F, 50 }, // U+016F
    { 0x0170, 30 }, // U+0170
    { 0x0171, 50 }, // U+0171
    { 0x0172, 30 }, // U+0172
    { 0x0173, 50 }, // U+0173
    { 0x0176, 34 }, // U+0176
    { 0x0177, 51 }, // U+0177
    { 0x0178, 34 }, // U+0178
    { 0x0179, 35 }, // U+0179
    { 0x017A, 54 }, // U+017A
    { 0x017B, 35 }, // U+017B
    { 0x017C, 54 }, // U+017C
    { 0x017D, 35 }, // U+017D
    { 0x017E, 54 }, // U+017E
    { 0x017F, 40 }, // U+017F
    { 0x01A0, 58 }, // U+01A0
    { 0x01A1, 59 }, // U+01A1
    { 0x01AF, 60 }, // U+01AF
    { 0x01B0, 61 }, // U+01B0
    { 0x01C4, 35 }, // U+01C4
    { 0x01C5, 54 }, // U+01C5
    { 0x01C6, 54 }, // U+01C6
    { 0x01C7, 22 }, // U+01C7
    { 0x01C8, 43 }, // U+01C8
    { 0x01C9, 43 }, // U+01C9
    { 0x01CA, 22 }, // U+01CA
    { 0x01CB, 43 }, // U+01CB
    { 0x01CC, 43 }, // U+01CC
    { 0x01CD, 14 }, // U+01CD
    { 0x01CE, 42 }, // U+01CE
    { 0x01D3, 30 }, // U+01D3
    { 0x01D4, 50 }, // U+01D4
    { 0x01E6, 20 }, // U+01E6
    { 0x01E7, 41 }, // U+01E7
    { 0x01EA, 17 }, // U+01EA
    { 0x01EB, 37 }, // U+01EB
    { 0x01F1, 35 }, // U+01F1
    { 0x01F2, 54 }, // U+01F2
    { 0x01F3, 54 }, // U+01F3
    { 0x01FA, 14 }, // U+01FA
    { 0x01FB, 42 }, // U+01FB
    { 0x01FC, 18 }, // U+01FC
    { 0x01FD, 39 }, // U+01FD
    { 0x01FE, 17 }, // U+01FE
    { 0x01FF, 37 }, // U+01FF
    { 0x0218, 28 }, // U+0218
    { 0x0219, 48 }, // U+0219
    { 0x021A, 29 }, // U+021A
    { 0x021B, 49 }, // U+021B
    { 0x021F, 42 }, // U+021F
    { 0x0410, 62 }, // U+0410
    { 0x0413, 63 }, // U+0413
    { 0x041E, 64 }, // U+041E
    { 0x0420, 65 }, // U+0420
    { 0x0422, 63 }, // U+0422
    { 0x0423, 66 }, // U+0423
    { 0x0425, 67 }, // U+0425
    { 0x042C, 68 }, // U+042C
    { 0x042E, 64 }, // U+042E
    { 0x043E, 69 }, // U+043E
    { 0x0440, 69 }, // U+0440
    { 0x044C, 70 }, // U+044C
    { 0x044E, 69 }, // U+044E
    { 0x1EA0, 14 }, // U+1EA0
    { 0x1EA1, 42 }, // U+1EA1
    { 0x1EA2, 14 }, // U+1EA2
    { 0x1EA4, 14 }, // U+1EA4
    { 0x1EA5, 42 }, // U+1EA5
    { 0x1EA6, 14 }, // U+1EA6
    { 0x1EA7, 42 }, // U+1EA7
    { 0x1EA8, 14 }, // U+1EA8
    { 0x1EA9, 42 }, // U+1EA9
    { 0x1EAA, 14 }, // U+1EAA
    { 0x1EAB, 42 }, // U+1EAB
    { 0x1EAC, 14 }, // U+1EAC
    { 0x1EAD, 42 }, // U+1EAD
    { 0x1EAE, 14 }, // U+1EAE
    { 0x1EAF, 42 }, // U+1EAF
    { 0x1EB0, 14 }, // U+1EB0
    { 0x1EB1, 42 }, // U+1EB1
    { 0x1EB2, 14 }, // U+1EB2
    { 0x1EB3, 42 }, // U+1EB3
    { 0x1EB4, 14 }, // U+1EB4
    { 0x1EB5, 42 }, // U+1EB5
    { 0x1EB6, 14 }, // U+1EB6
    { 0x1EB7, 42 }, // U+1EB7
    { 0x1EB8, 18 }, // U+1EB8
    { 0x1EB9, 39 }, // U+1EB9
    { 0x1EBA, 18 }, // U+1EBA
    { 0x1EBB, 39 }, // U+1EBB
    { 0x1EBC, 18 }, // U+1EBC
    { 0x1EBD, 39 }, // U+1EBD
    { 0x1EBE, 18 }, // U+1EBE
    { 0x1EC0, 18 }, // U+1EC0
    { 0x1EC2, 18 }, // U+1EC2
    { 0x1EC4, 18 }, // U+1EC4
    { 0x1EC6, 18 }, // U+1EC6
    { 0x1EC7, 39 }, // U+1EC7
    { 0x1EC8, 21 }, // U+1EC8
    { 0x1ECA, 21 }, // U+1ECA
    { 0x1ECC, 17 }, // U+1ECC
    { 0x1ECD, 37 }, // U+1ECD
    { 0x1ECE, 17 }, // U+1ECE
    { 0x1ECF, 37 }, // U+1ECF
    { 0x1ED0, 17 }, // U+1ED0
    { 0x1ED2, 17 }, // U+1ED2
    { 0x1ED4, 17 }, // U+1ED4
    { 0x1ED6, 17 }, // U+1ED6
    { 0x1ED7, 37 }, // U+1ED7
    { 0x1ED8, 17 }, // U+1ED8
    { 0x1ED9, 37 }, // U+1ED9
    { 0x1EDA, 58 }, // U+1EDA
    { 0x1EDB, 59 }, // U+1EDB
    { 0x1EDC, 58 }, // U+1EDC
    { 0x1EDD, 59 }, // U+1EDD
    { 0x1EDE, 58 }, // U+1EDE
    { 0x1EDF, 59 }, // U+1EDF
    { 0x1EE0, 58 }, // U+1EE0
    { 0x1EE1, 59 }, // U+1EE1
    { 0x1EE2, 58 }, // U+1EE2
    { 0x1EE3, 59 }, // U+1EE3
    { 0x1EE8, 60 }, // U+1EE8
    { 0x1EE9, 61 }, // U+1EE9
    { 0x1EEA, 60 }, // U+1EEA
    { 0x1EEB, 61 }, // U+1EEB
    { 0x1EEC, 60 }, // U+1EEC
    { 0x1EED, 61 }, // U+1EED
    { 0x1EEE, 60 }, // U+1EEE
    { 0x1EEF, 61 }, // U+1EEF
    { 0x1EF0, 60 }, // U+1EF0
    { 0x1EF1, 61 }, // U+1EF1
    { 0x1EF2, 34 }, // U+1EF2
    { 0x1EF3, 51 }, // U+1EF3
    { 0x1EF4, 34 }, // U+1EF4
    { 0x1EF5, 51 }, // U+1EF5
    { 0x1EF6, 34 }, // U+1EF6
    { 0x1EF7, 51 }, // U+1EF7
    { 0x1EF8, 34 }, // U+1EF8
    { 0x1EF9, 51 }, // U+1EF9
    { 0x2013, 3 }, // U+2013
    { 0x2014, 3 }, // U+2014
    { 0x2019, 71 }, // U+2019
    { 0x201A, 2 }, // U+201A
    { 0x201D, 71 }, // U+201D
    { 0x201E, 2 }, // U+201E
    { 0x2026, 2 }, // U+2026
    { 0x20AB, 40 }, // U+20AB
    { 0xFB00, 40 }, // U+FB00
    { 0xFB02, 56 }, // U+FB02
    { 0xFB04, 56 }, // U+FB04
};

static const EpdKernClassEntry lexenddeca_10_italicKernRightClasses[] = {
    { 0x0025, 1 }, // %
    { 0x0029, 2 }, // )
    { 0x002C, 3 }, // ,
    { 0x002D, 4 }, // -
    { 0x002E, 3 }, // .
    { 0x002F, 5 }, // /
    { 0x0030, 6 }, // 0
    { 0x0031, 7 }, // 1
    { 0x0032, 8 }, // 2
    { 0x0034, 9 }, // 4
    { 0x0037, 10 }, // 7
    { 0x0038, 11 }, // 8
    { 0x0039, 12 }, // 9
    { 0x0041, 13 }, // A
    { 0x0043, 14 }, // C
    { 0x0047, 14 }, // G
    { 0x0049, 15 }, // I
    { 0x004A, 16 }, // J
    { 0x004F, 14 }, // O
    { 0x0051, 14 }, // Q
    { 0x0053, 17 }, // S
    { 0x0054, 18 }, // T
    { 0x0055, 19 }, // U
    { 0x0056, 20 }, // V
    { 0x0057, 21 }, // W
    { 0x0058, 22 }, // X
    { 0x0059, 23 }, // Y
    { 0x005A, 24 }, // Z
    { 0x0061, 25 }, // a
    { 0x0063, 26 }, // c
    { 0x0064, 26 }, // d
    { 0x0065, 26 }, // e
    { 0x0066, 27 }, // f
    { 0x0067, 28 }, // g
    { 0x0068, 29 }, // h
    { 0x0069, 30 }, // i
    { 0x006A, 31 }, // j
    { 0x006B, 29 }, // k
    { 0x006C, 32 }, // l
    { 0x006D, 33 }, // m
    { 0x006E, 33 }, // n
    { 0x006F, 26 }, // o
    { 0x0070, 34 }, // p
    { 0x0071, 26 }, // q
    { 0x0072, 33 }, // r
    { 0x0073, 35 }, // s
    { 0x0074, 36 }, // t
    { 0x0075, 37 }, // u
    { 0x0076, 38 }, // v
    { 0x0077, 39 }, // w
    { 0x0078, 40 }, // x
    { 0x0079, 38 }, // y
    { 0x007A, 41 }, // z
    { 0x00B0, 42 }, // U+00B0
    { 0x00C0, 13 }, // U+00C0
    { 0x00C1, 13 }, // U+00C1
    { 0x00C2, 13 }, // U+00C2
    { 0x00C3, 13 }, // U+00C3
    { 0x00C4, 13 }, // U+00C4
    { 0x00C5, 13 }, // U+00C5
    { 0x00C6, 43 }, // U+00C6
    { 0x00C7, 14 }, // U+00C7
    { 0x00CC, 15 }, // U+00CC
    { 0x00CD, 15 }, // U+00CD
    { 0x00CE, 15 }, // U+00CE
    { 0x00CF, 15 }, // U+00CF
    { 0x00D2, 14 }, // U+00D2
    { 0x00D3, 14 }, // U+00D3
    { 0x00D4, 14 }, // U+00D4
    { 0x00D5, 14 }, // U+00D5
    { 0x00D6, 14 }, // U+00D6
    { 0x00D8, 14 }, // U+00D8
    { 0x00D9, 19 }, // U+00D9
    { 0x00DA, 19 }, // U+00DA
    { 0x00DB, 19 }, // U+00DB
    { 0x00DC, 19 }, // U+00DC
    { 0x00DD, 44 }, // U+00DD
    { 0x00E0, 25 }, // U+00E0
    { 0x00E1, 25 }, // U+00E1
    { 0x00E2, 25 }, // U+00E2
    { 0x00E3, 25 }, // U+00E3
    { 0x00E4, 25 }, // U+00E4
    { 0x00E5, 25 }, // U+00E5
    { 0x00E6, 25 }, // U+00E6
    { 0x00E7, 26 }, // U+00E7
    { 0x00E8, 26 }, // U+00E8
    { 0x00E9, 26 }, // U+00E9
    { 0x00EA, 26 }, // U+00EA
    { 0x00EB, 26 }, // U+00EB
    { 0x00EC, 30 }, // U+00EC
    { 0x00ED, 30 }, // U+00ED
    { 0x00EE, 30 }, // U+00EE
    { 0x00EF, 30 }, // U+00EF
    { 0x00F0, 26 }, // U+00F0
    { 0x00F1, 33 }, // U+00F1
    { 0x00F2, 26 }, // U+00F2
    { 0x00F3, 26 }, // U+00F3
    { 0x00F4, 26 }, // U+00F4
    { 0x00F5, 26 }, // U+00F5
    { 0x00F6, 26 }, // U+00F6
    { 0x00F8, 26 }, // U+00F8
    { 0x00F9, 37 }, // U+00F9
    { 0x00FA, 37 }, // U+00FA
    { 0x00FB, 37 }, // U+00FB
    { 0x00FC, 37 }, // U+00FC
    { 0x00FD, 38 }, // U+00FD
    { 0x00FF, 38 }, // U+00FF
    { 0x0100, 13 }, // U+0100
    { 0x0101, 25 }, // U+0101
    { 0x0102, 13 }, // U+0102
    { 0x0103, 25 }, // U+0103
    { 0x0104, 13 }, // U+0104
    { 0x0105, 25 }, // U+0105
    { 0x0106, 14 }, // U+0106
    { 0x0107, 26 }, // U+0107
    { 0x0108, 14 }, // U+0108
    { 0x0109, 26 }, // U+0109
    { 0x010A, 14 }, // U+010A
    { 0x010B, 26 }, // U+010B
    { 0x010C, 14 }, // U+010C
    { 0x010D, 26 }, // U+010D
    { 0x010F, 26 }, // U+010F
    { 0x0111, 26 }, // U+0111
    { 0x0113, 26 }, // U+0113
    { 0x0115, 26 }, // U+0115
    { 0x0117, 26 }, // U+0117
    { 0x0119, 26 }, // U+0119
    { 0x011B, 26 }, // U+011B
    { 0x011C, 14 }, // U+011C
    { 0x011D, 28 }, // U+011D
    { 0x011E, 14 }, // U+011E
    { 0x011F, 28 }, // U+011F
    { 0x0120, 14 }, // U+0120
    { 0x0121, 28 }, // U+0121
    { 0x0122, 14 }, // U+0122
    { 0x0123, 28 }, // U+0123
    { 0x0125, 29 }, // U+0125
    { 0x0127, 29 }, // U+0127
    { 0x0128, 15 }, // U+0128
    { 0x0129, 30 }, // U+0129
    { 0x012A, 15 }, // U+012A
    { 0x012B, 30 }, // U+012B
    { 0x012C, 15 }, // U+012C
    { 0x012D, 30 }, // U+012D
    { 0x012E, 15 }, // U+012E
    { 0x012F, 30 }, // U+012F
    { 0x0130, 15 }, // U+0130
    { 0x0131, 30 }, // U+0131
    { 0x0132, 15 }, // U+0132
    { 0x0133, 30 }, // U+0133
    { 0x0134, 16 }, // U+0134
    { 0x0135, 31 }, // U+0135
    { 0x0137, 29 }, // U+0137
    { 0x0138, 29 }, // U+0138
    { 0x013A, 32 }, // U+013A
    { 0x013C, 32 }, // U+013C
    { 0x013E, 32 }, // U+013E
    { 0x0140, 32 }, // U+0140
    { 0x0142, 32 }, // U+0142
    { 0x0144, 33 }, // U+0144
    { 0x0146, 33 }, // U+0146
    { 0x0148, 33 }, // U+0148
    { 0x014C, 14 }, // U+014C
    { 0x014D, 26 }, // U+014D
    { 0x014E, 14 }, // U+014E
    { 0x014F, 26 }, // U+014F
    { 0x0150, 14 }, // U+0150
    { 0x0151, 26 }, // U+0151
    { 0x0152, 14 }, // U+0152
    { 0x0153, 26 }, // U+0153
    { 0x0155, 33 }, // U+0155
    { 0x0157, 33 }, // U+0157
    { 0x0159, 33 }, // U+0159
    { 0x015A, 17 }, // U+015A
    { 0x015B, 35 }, // U+015B
    { 0x015C, 17 }, // U+015C
    { 0x015D, 35 }, // U+015D
    { 0x015E, 17 }, // U+015E
    { 0x015F, 35 }, // U+015F
    { 0x0160, 17 }, // U+0160
    { 0x0161, 35 }, // U+0161
    { 0x0162, 45 }, // U+0162
    { 0x0163, 36 }, // U+0163
    { 0x0164, 45 }, // U+0164
    { 0x0165, 36 }, // U+0165
    { 0x0166, 45 }, // U+0166
    { 0x0167, 36 }, // U+0167
    { 0x0168, 19 }, // U+0168
    { 0x0169, 37 }, // U+0169
    { 0x016A, 19 }, // U+016A
    { 0x016B, 37 }, // U+016B
    { 0x016C, 19 }, // U+016C
    { 0x016D, 37 }, // U+016D
    { 0x016E, 19 }, // U+016E
    { 0x016F, 37 }, // U+016F
    { 0x0170, 19 }, // U+0170
    { 0x0171, 37 }, // U+0171
    { 0x0172, 19 }, // U+0172
    { 0x0173, 37 }, // U+0173
    { 0x0176, 44 }, // U+0176
    { 0x0177, 38 }, // U+0177
    { 0x0178, 44 }, // U+0178
    { 0x0179, 24 }, // U+0179
    { 0x017A, 41 }, // U+017A
    { 0x017B, 24 }, // U+017B
    { 0x017C, 41 }, // U+017C
    { 0x017D, 24 }, // U+017D
    { 0x017E, 41 }, // U+017E
    { 0x017F, 27 }, // U+017F
    { 0x01A0, 14 }, // U+01A0
    { 0x01A1, 26 }, // U+01A1
    { 0x01C6, 26 }, // U+01C6
    { 0x01C9, 32 }, // U+01C9
    { 0x01CC, 33 }, // U+01CC
    { 0x01CD, 13 }, // U+01CD
    { 0x01CE, 25 }, // U+01CE
    { 0x01D3, 19 }, // U+01D3
    { 0x01D4, 37 }, // U+01D4
    { 0x01E6, 14 }, // U+01E6
    { 0x01E7, 28 }, // U+01E7
    { 0x01EA, 14 }, // U+01EA
    { 0x01EB, 26 }, // U+01EB
    { 0x01F3, 26 }, // U+01F3
    { 0x01FA, 13 }, // U+01FA
    { 0x01FB, 25 }, // U+01FB
    { 0x01FC, 43 }, // U+01FC
    { 0x01FD, 25 }, // U+01FD
    { 0x01FE, 14 }, // U+01FE
    { 0x01FF, 26 }, // U+01FF
    { 0x0218, 17 }, // U+0218
    { 0x0219, 35 }, // U+0219
    { 0x021A, 45 }, // U+021A
    { 0x021B, 36 }, // U+021B
    { 0x021F, 29 }, // U+021F
    { 0x0410, 46 }, // U+0410
    { 0x0414, 46 }, // U+0414
    { 0x041B, 46 }, // U+041B
    { 0x041E, 47 }, // U+041E
    { 0x0421, 47 }, // U+0421
    { 0x0422, 48 }, // U+0422
    { 0x0425, 49 }, // U+0425
    { 0x0430, 50 }, // U+0430
    { 0x0432, 51 }, // U+0432
    { 0x0434, 52 }, // U+0434
    { 0x0435, 53 }, // U+0435
    { 0x0437, 51 }, // U+0437
    { 0x043A, 51 }, // U+043A
    { 0x043D, 51 }, // U+043D
    { 0x043E, 53 }, // U+043E
    { 0x0442, 51 }, // U+0442
    { 0x0446, 51 }, // U+0446
    { 0x044C, 51 }, // U+044C
    { 0x044E, 51 }, // U+044E
    { 0x1EA0, 13 }, // U+1EA0
    { 0x1EA1, 25 }, // U+1EA1
    { 0x1EA2, 13 }, // U+1EA2
    { 0x1EA3, 25 }, // U+1EA3
    { 0x1EA4, 13 }, // U+1EA4
    { 0x1EA5, 25 }, // U+1EA5
    { 0x1EA6, 13 }, // U+1EA6
    { 0x1EA7, 25 }, // U+1EA7
    { 0x1EA8, 13 }, // U+1EA8
    { 0x1EA9, 25 }, // U+1EA9
    { 0x1EAA, 13 }, // U+1EAA
    { 0x1EAB, 25 }, // U+1EAB
    { 0x1EAC, 13 }, // U+1EAC
    { 0x1EAD, 25 }, // U+1EAD
    { 0x1EAE, 13 }, // U+1EAE
    { 0x1EAF, 25 }, // U+1EAF
    { 0x1EB0, 13 }, // U+1EB0
    { 0x1EB1, 25 }, // U+1EB1
    { 0x1EB2, 13 }, // U+1EB2
    { 0x1EB3, 25 }, // U+1EB3
    { 0x1EB4, 13 }, // U+1EB4
    { 0x1EB5, 25 }, // U+1EB5
    { 0x1EB6, 13 }, // U+1EB6
    { 0x1EB7, 25 }, // U+1EB7
    { 0x1EB9, 26 }, // U+1EB9
    { 0x1EBB, 26 }, // U+1EBB
    { 0x1EBD, 26 }, // U+1EBD
    { 0x1EBF, 26 }, // U+1EBF
    { 0x1EC1, 26 }, // U+1EC1
    { 0x1EC3, 26 }, // U+1EC3
    { 0x1EC5, 26 }, // U+1EC5
    { 0x1EC7, 26 }, // U+1EC7
    { 0x1EC8, 15 }, // U+1EC8
    { 0x1EC9, 30 }, // U+1EC9
    { 0x1ECA, 15 }, // U+1ECA
    { 0x1ECB, 30 }, // U+1ECB
    { 0x1ECC, 14 }, // U+1ECC
    { 0x1ECD, 26 }, // U+1ECD
    { 0x1ECE, 14 }, // U+1ECE
    { 0x1ECF, 26 }, // U+1ECF
    { 0x1ED0, 14 }, // U+1ED0
    { 0x1ED1, 26 }, // U+1ED1
    { 0x1ED2, 14 }, // U+1ED2
    { 0x1ED3, 26 }, // U+1ED3
    { 0x1ED4, 14 }, // U+1ED4
    { 0x1ED5, 26 }, // U+1ED5
    { 0x1ED6, 14 }, // U+1ED6
    { 0x1ED7, 26 }, // U+1ED7
    { 0x1ED8, 14 }, // U+1ED8
    { 0x1ED9, 26 }, // U+1ED9
    { 0x1EDA, 14 }, // U+1EDA
    { 0x1EDB, 26 }, // U+1EDB
    { 0x1EDC, 14 }, // U+1EDC
    { 0x1EDD, 26 }, // U+1EDD
    { 0x1EDE, 14 }, // U+1EDE
    { 0x1EDF, 26 }, // U+1EDF
    { 0x1EE0, 14 }, // U+1EE0
    { 0x1EE1, 26 }, // U+1EE1
    { 0x1EE2, 14 }, // U+1EE2
    { 0x1EE3, 26 }, // U+1EE3
    { 0x1EE4, 19 }, // U+1EE4
    { 0x1EE5, 37 }, // U+1EE5
    { 0x1EE6, 19 }, // U+1EE6
    { 0x1EE7, 37 }, // U+1EE7
    { 0x1EE8, 19 }, // U+1EE8
    { 0x1EE9, 37 }, // U+1EE9
    { 0x1EEA, 19 }, // U+1EEA
    { 0x1EEB, 37 }, // U+1EEB
    { 0x1EEC, 19 }, // U+1EEC
    { 0x1EED, 37 }, // U+1EED
    { 0x1EEE, 19 }, // U+1EEE
    { 0x1EEF, 37 }, // U+1EEF
    { 0x1EF0, 19 }, // U+1EF0
    { 0x1EF1, 37 }, // U+1EF1
    { 0x1EF2, 44 }, // U+1EF2
    { 0x1EF3, 38 }, // U+1EF3
    { 0x1EF4, 44 }, // U+1EF4
    { 0x1EF5, 38 }, // U+1EF5
    { 0x1EF6, 44 }, // U+1EF6
    { 0x1EF7, 38 }, // U+1EF7
    { 0x1EF8, 44 }, // U+1EF8
    { 0x1EF9, 38 }, // U+1EF9
    { 0x2013, 4 }, // U+2013
    { 0x2014, 4 }, // U+2014
    { 0x2019, 54 }, // U+2019
    { 0x201A, 3 }, // U+201A
    { 0x201D, 54 }, // U+201D
    { 0x201E, 3 }, // U+201E
    { 0x2026, 3 }, // U+2026
    { 0x2030, 1 }, // U+2030
    { 0x20AB, 26 }, // U+20AB
    { 0x2202, 26 }, // U+2202
    { 0xFB00, 27 }, // U+FB00
    { 0xFB01, 27 }, // U+FB01
    { 0xFB02, 27 }, // U+FB02
    { 0xFB03, 27 }, // U+FB03
    { 0xFB04, 27 }, // U+FB04
};

static const int8_t lexenddeca_10_italicKernMatrix[] = {
       0,    0,    0,    0,    0,    0,    0,    0,    0,   10,    0,    0,    0,    0,    0,    0,    0,    0,    0,    0,    0,    0,    0,    0,    0,    0,    0,    0,    0,    0,    0,    0,    0,    0,    0,    0,    0,    0,    0,    0,    0,    0,    0,    0,    0,    0,    0,    0,    0,    0,    0,    0,    0,    0,
       0,    0,    0,    0,    0,    0,    0,    0,    0,    0,    0,    0,    0,    0,    0,    0,    0,    0,    0,    0,    0,    0,    0,    0,    0,    0,    0,   -7,    0,    0,    0,    0,    0,    0,    0,    0,    0,    0,    0,    0,    0,    0,    0,    0,    0,    0,    0,    0,    0,    0,    0,    0,    0,    0,
       0,    0,    0,    0,    0,    0,  -16,  -10,   10,  -18,    0,    0,    0,    0,    0,    0,    0,    0,    0,    0,    0,    0,    0,    0,    0,    0,    0,    0,    0,    0,    0,    0,    0,    0,    0,    0,    0,    0,    0,    0,    0,    0,    0,    0,    0,    0,    0,    0,    0,    0,    0,    0,    0,    0,
       0,    0,    0,    0,  -26,    0,    0,    0,    0,    0,    0,    0,    0,    0,    0,    0,    0,    0,    0,    0,    0,    0,    0,    0,    0,    0,    0,    0,    0,    0,    0,    0,    0,    0,    0,    0,    0,    0,    0,    0,    0,    0,    0,    0,    0,    0,    0,    0,    0,    0,    0,    0,    0,    0,
       0,    0,    0,    0,    0,    0,    0,   -6,    0,    0,    0,    0,    0,    0,    0,    0,    0,    0,    0,    0,    0,    0,    0,    0,    0,    0,    0,    0,    0,    0,    0,    0,    0,    0,    0,    0,    0,    0,    0,    0,    0,    0,    0,    0,    0,    0,    0,    0,    0,    0,    0,    0,    0,    0,
       0,    5,    0,    0,    0,    0,    0,    0,    0,    0,    0,    0,    0,    0,    0,    0,    0,    0,    0,    0,    0,    0,    0,    0,    0,    0,    0,    0,    0,    0,    0,    0,    0,    0,    0,    0,    0,    0,    0,    0,    0,    0,    0,    0,    0,    0,    0,    0,    0,    0,    0,    0,    0,    0,
       0,    0,    0,    0,    0,    0,    0,    0,   -3,    0,    0,    0,    0,    0,    0,    0,    0,    0,    0,    0,    0,    0,    0,    0,    0,    0,    0,    0,    0,    0,    0,    0,    0,    0,    0,    0,    0,    0,    0,    0,    0,    0,    0,    0,    0,    0,    0,    0,    0,    0,    0,    0,    0,    0,
     -16,    0,    0,    0,    0,    0,    0,    0,    0,    0,    0,   -7,    0,    0,    0,    0,    0,    0,    0,    0,    0,    0,    0,    0,    0,    0,    0,    0,    0,    0,    0,    0,    0,    0,    0,    0,    0,    0,    0,    0,    0,  -25,    0,    0,    0,    0,    0,    0,    0,    0,    0,    0,    0,    0,
       0,    0,    0,    0,    0,    0,    0,    0,    0,    0,    0,   -5,    0,    0,    0,    0,    0,    0,    0,    0,    0,    0,    0,    0,    0,    0,    0,    0,    0,    0,    0,    0,    0,    0,    0,    0,    0,    0,    0,    0,    0,    0,    0,    0,    0,    0,    0,    0,    0,    0,    0,    0,    0,    0,
     -11,    0,    0,    0,    0,    0,   -8,   -6,    0,    0,    0,    0,    0,    0,    0,    0,    0,    0,    0,    0,    0,    0,    0,    0,    0,    0,    0,    0,    0,    0,    0,    0,    0,    0,    0,    0,    0,    0,    0,    0,    0,    0,    0,    0,    0,    0,    0,    0,    0,    0,    0,    0,    0,    0,
      10,    0,    0,  -18,    0,    0,    9,    0,  -16,   12,  -16,    0,    0,    0,    0,    0,    0,    0,    0,    0,    0,    0,    0,    0,    0,    0,    0,    0,    0,    0,    0,    0,    0,    0,    0,    0,    0,    0,    0,    0,    0,    0,    0,    0,    0,    0,    0,    0,    0,    0,    0,    0,    0,    0,
     -19,    0,    0,    0,    0,  -14,   -9,    0,    0,   -6,    0,  -16,    0,    0,    0,    0,    0,    0,    0,    0,    0,    0,    0,    0,    0,    0,    0,    0,    0,    0,    0,    0,    0,    0,    0,    0,    0,    0,    0,    0,    0,   -9,    0,    0,    0,    0,    0,    0,    0,    0,    0,    0,    0,    0,
       0,    0,    0,    0,    0,    0,    0,    0,   -8,   -6,   -8,    0,    0,    0,    0,    0,    0,    0,    0,    0,    0,    0,    0,    0,    0,    0,    0,    0,    0,    0,    0,    0,    0,    0,    0,    0,    0,    0,    0,    0,    0,    0,    0,    0,    0,    0,    0,    0,    0,    0,    0,    0,    0,    0,
       0,    0,    0,    0,    0,    0,    0,    0,    0,    0,    0,    0,    6,  -12,    0,    0,    0,  -22,   -9,  -22,  -16,    0,  -22,    0,    0,    0,    0,    0,    0,    0,    0,   -7,    0,    0,    0,   -9,   -8,  -13,  -15,    7,    0,    0,    0,  -22,  -22,    0,    0,    0,    0,    0,    0,    0,    0,    0,
       0,    0,    0,    0,    0,    0,    0,    0,    0,    0,    0,    0,   -6,    0,    0,    0,    0,    0,    0,   -6,    0,   -6,   -9,    0,   -5,    0,    0,    0,    0,    0,    0,    0,    0,    0,    0,    0,    0,    0,    0,    0,    0,    0,  -14,   -9,    0,    0,    0,    0,    0,    0,    0,    0,    0,    0,
       0,    0,    0,    0,    0,    0,    0,    0,    0,    0,    0,    0,    0,   -6,    0,    0,    0,    0,    0,    0,    0,    0,   -8,    0,    0,    0,    0,    0,    0,    0,    0,    0,    0,    0,    0,    0,    0,    0,    0,    0,    0,    0,  -14,   -8,    0,    0,    0,    0,    0,    0,    0,    0,    0,    0,
       0,    0,    0,    0,    0,    0,    0,    0,    0,    0,    0,    0,  -13,    0,   -9,    0,    0,  -13,    0,   -9,   -6,   -6,  -16,   -6,   -9,    0,    0,    0,    0,    0,    0,    0,    0,    0,    0,    0,    0,    0,    0,    0,   -6,    0,  -23,  -16,  -13,    0,    0,    0,    0,    0,    0,    0,    0,    0,
       0,    0,    0,    0,    0,    0,    0,    0,    0,    0,    0,    0,    0,   -6,    0,    0,    0,    0,    0,    6,    6,    0,    0,    0,    0,    0,    0,    0,    0,    0,    0,    0,    0,    0,    0,    0,    0,    0,    0,    0,    0,    0,    0,    0,    0,    0,    0,    0,    0,    0,    0,    0,    0,    0,
       0,    0,    0,    0,    0,    0,    0,    0,    0,    0,    0,    0,  -13,    0,    0,  -11,    0,    8,    0,    0,    0,    0,    0,    0,   -7,    0,    0,    0,    0,    0,    0,    0,    0,    0,    0,    0,    0,    0,    0,    0,    0,    0,  -38,    0,    8,    0,    0,    0,    0,    0,    0,    0,    0,    0,
       0,    0,    0,    0,    0,    0,    0,    0,    0,    0,    0,    0,    0,    0,    0,    0,    0,   -6,    0,   -9,    0,    0,  -16,    0,    0,    0,    0,    0,    0,    0,    0,    0,    0,    0,    0,    0,    0,    0,    0,    0,    0,    0,    0,  -16,   -6,    0,    0,    0,    0,    0,    0,    0,    0,    0,
       0,    0,    0,    0,    0,    0,    0,    0,    0,    0,    0,    0,    0,   -9,    0,    0,    0,    0,    0,    0,    0,    0,    0,    0,    0,    0,   -7,    0,    0,    0,    0,    0,    0,    0,    0,   -9,    0,    0,    0,    0,    0,    0,   -9,    0,    0,    0,    0,    0,    0,    0,    0,    0,    0,    0,
       0,    0,    0,    0,    0,    0,    0,    0,    0,    0,    0,    0,   -9,    0,    0,    0,    0,    0,    0,    0,    0,    0,    0,    0,    0,    0,    0,    0,    0,    0,    0,    0,    0,    0,    0,    0,    0,    0,    0,    0,    0,    0,    0,    0,    0,    0,    0,    0,    0,    0,    0,    0,    0,    0,
       0,    0,    0,    0,    0,    0,    0,    0,    0,    0,    0,    0,    0,  -16,    0,    0,    0,    0,    0,    0,    0,    0,    0,    0,    0,   -6,    0,    0,    0,    0,    0,    0,    0,    0,    0,    0,  -14,  -17,  -17,    0,    0,    0,    0,    0,    0,    0,    0,    0,    0,    0,    0,    0,    0,    0,
       0,    0,    0,    0,    0,    0,    0,    0,    0,    0,    0,    0,    9,  -12,    0,    9,    0,  -35,   -7,  -22,  -13,    9,  -28,    0,    0,    0,    0,    0,    0,   -6,    0,    0,    0,    0,    0,    0,    0,  -13,  -16,    9,    0,    0,    0,  -28,  -35,    0,    0,    0,    0,    0,    0,    0,    0,    0,
       0,    0,    0,    0,    0,    0,    0,    0,    0,    0,    0,    0,  -27,    0,    0,  -22,    0,    0,    0,    0,    0,  -10,   -6,   -6,   -9,    0,    0,    0,    0,    0,    0,    0,    0,    0,   -6,    0,    0,    0,    0,    0,    0,    0,  -49,   -6,    0,    0,    0,    0,    0,    0,    0,    0,    0,    0,
       0,    0,    0,    0,    0,    0,    0,    0,    0,    0,    0,    0,    9,    0,    0,    0,    0,    0,   -2,    0,    0,    6,  -13,    0,    0,    0,    0,    0,    0,    0,    0,    0,    0,    0,    0,    0,    0,    0,    0,    6,    6,    0,    0,  -13,    0,    0,    0,    0,    0,    0,    0,    0,    0,    0,
       0,    0,    0,    0,    0,    0,    0,    0,    0,    0,    0,    0,    6,   -7,    0,    0,    0,    0,    0,    0,    0,    0,   -5,    0,    0,    0,    0,   -6,    0,    0,    0,    0,    0,    0,    0,    0,   -6,    0,    0,    0,    0,    0,    0,   -5,    0,    0,    0,    0,    0,    0,    0,    0,    0,    0,
       0,    0,    0,    0,    0,    0,    0,    0,    0,    0,    0,    0,    0,    0,    0,    0,    0,    0,    0,    0,   -6,    0,   -5,    0,    0,    0,    0,    0,    0,    0,    0,    0,    0,    0,    0,    0,    0,    0,    0,    0,    0,    0,   -9,   -5,    0,    0,    0,    0,    0,    0,    0,    0,    0,    0,
       0,    0,    0,    0,    0,    0,    0,    0,    0,    0,    0,    0,  -22,  -13,    0,  -35,    0,    7,    0,   13,    9,    0,    6,    0,  -28,  -29,    6,  -26,    0,    0,    0,    0,  -22,  -22,  -19,    0,  -22,   -3,   -7,   -3,  -10,    0,  -42,    6,    7,    0,    0,    0,    0,    0,    0,    0,    0,    0,
       0,    0,    0,    0,    0,    0,    0,    0,    0,    0,    0,    0,   -9,    0,    0,    0,    0,    0,    0,    0,    0,    0,    0,    0,    0,    0,    0,    0,    0,    0,    0,    0,    0,    0,    0,    0,    0,    0,    0,    0,    0,    0,  -30,    0,    0,    0,    0,    0,    0,    0,    0,    0,    0,    0,
       0,    0,    0,    0,    0,    0,    0,    0,    0,    0,    0,    0,  -22,   -9,    0,  -13,    0,   13,    0,    6,    6,    0,    6,    0,  -13,  -16,    0,  -12,    0,    0,    0,    0,   -6,   -6,   -6,    0,    0,    0,    0,    0,    0,    0,  -31,    6,   13,    0,    0,    0,    0,    0,    0,    0,    0,    0,
       0,    0,    0,    0,    0,    0,    0,    0,    0,    0,    0,    0,  -16,   -6,    0,   -9,    0,    9,    0,    6,    6,    0,    0,    0,   -9,   -8,    0,   -9,    0,    0,    0,    0,    0,    0,    0,    0,    0,    0,    0,    0,    0,    0,  -29,    0,    9,    0,    0,    0,    0,    0,    0,    0,    0,    0,
       0,    0,    0,    0,    0,    0,    0,    0,    0,    0,    0,    0,    0,   -9,    0,    0,    0,    0,    0,    0,    0,    0,    0,    0,   -6,   -7,    0,   -6,    0,    0,    0,    0,    0,    0,    0,    0,   -9,   -6,    0,    0,    0,    0,    0,    0,    0,    0,    0,    0,    0,    0,    0,    0,    0,    0,
       0,    0,    0,    0,    0,    0,    0,    0,    0,    0,    0,    0,  -22,  -16,    0,  -19,    0,    6,    0,    6,    0,    0,    0,    0,  -25,  -29,    0,  -28,    0,    0,    0,    0,  -15,  -15,  -19,    0,  -13,    0,    0,   -6,   -6,    0,  -54,    0,    6,    0,    0,    0,    0,    0,    0,    0,    0,    0,
       0,    0,    0,    0,    0,    0,    0,    0,    0,    0,    0,    0,    0,   -9,    0,    0,    0,    0,    0,    0,    0,    0,    0,    0,    0,    0,    0,   -9,    0,    0,    0,    0,    0,    0,    0,   -9,    0,    0,    0,    0,    0,    0,    0,    0,    0,    0,    0,    0,    0,    0,    0,    0,    0,    0,
       0,    0,    0,    0,    0,    0,    0,    0,    0,    0,    0,    0,    0,    0,    0,    0,    0,  -28,    0,    0,    0,    0,  -19,    0,    0,    0,    0,    0,    0,    0,    0,    0,    0,    0,    0,    0,    0,    0,    0,    0,    0,    0,    0,    0,    0,    0,    0,    0,    0,    0,    0,    0,    0,    0,
       0,    0,    0,    0,    0,    0,    0,    0,    0,    0,    0,    0,    0,    0,    0,    0,    0,  -29,    0,  -16,   -8,   -7,  -29,    0,    0,    0,    0,    0,    0,    0,    0,    0,    0,    0,    0,    0,    0,    0,    0,    0,    0,    0,  -13,  -29,  -29,    0,    0,    0,    0,    0,    0,    0,    0,    0,
       0,    0,    0,    0,    0,    0,    0,    0,    0,    0,    0,    0,    0,    0,    0,    0,    0,  -16,    0,    0,   -9,    0,  -25,    0,    0,    0,    0,    0,    0,    0,    0,    0,    0,    0,    0,    0,    0,    0,    0,    0,    0,    0,   -4,  -25,  -16,    0,    0,    0,    0,    0,    0,    0,    0,    0,
       0,    0,    0,    0,    0,    0,    0,    0,    0,    0,    0,    0,    0,    0,    0,    0,    0,  -22,    0,  -13,   -9,   -6,  -25,    0,    0,    0,    0,    0,    0,    0,    0,    0,    0,    0,    0,    0,    0,    0,    0,    0,    0,    0,  -10,  -25,  -22,    0,    0,    0,    0,    0,    0,    0,    0,    0,
       0,    0,    0,    0,    0,    0,    0,    0,    0,    0,    0,    0,    0,    0,    0,    0,    0,    9,    0,    0,    6,    0,    0,    0,  -10,   -7,    0,    0,    0,    0,    0,    0,    0,    0,    0,    0,    0,    0,    0,    0,    0,    0,  -27,    0,    9,    0,    0,    0,    0,    0,    0,    0,    0,    0,
       0,    0,    0,    0,    0,    0,    0,    0,    0,    0,    0,    0,    0,    0,    0,    0,    0,  -22,    0,    0,    0,    0,  -16,    0,    0,    0,    0,    0,    0,    0,    0,    0,    0,    0,    0,    0,    0,    0,    0,    0,    0,    0,    0,  -16,  -22,    0,    0,    0,    0,    0,    0,    0,    0,    0,
       0,    0,    0,    0,    0,    0,    0,    0,    0,    0,    0,    0,    0,    0,    0,    0,    0,  -26,    0,   -7,   -9,    0,  -22,    0,    0,   -4,    0,   -5,    0,    0,    0,    0,    0,    0,    0,   -4,    0,    0,    0,    0,    0,    0,   -6,  -22,  -26,    0,    0,    0,    0,    0,    0,    0,    0,    0,
       0,    0,    0,    0,    0,    0,    0,    0,    0,    0,    0,    0,    0,    0,    0,    0,    0,    0,    0,    0,    0,    0,    0,    0,    0,    0,    0,    0,    0,    0,    8,    0,    0,    0,    0,    0,    0,    0,    0,    0,    0,    0,    0,    0,    0,    0,    0,    0,    0,    0,    0,    0,    0,    0,
       0,    0,    0,    0,    0,    0,    0,    0,    0,    0,    0,    0,    9,   -6,    0,    0,    0,    0,    0,    0,    0,    0,    0,    0,    0,   -5,    0,    0,    0,    0,    0,    0,    0,    0,    0,   -4,    0,    0,    0,    0,    0,    0,    0,    0,    0,    0,    0,    0,    0,    0,    0,    0,    0,    0,
       0,    0,   11,    0,    0,    0,    0,    0,    0,    0,    0,    0,    0,    0,    0,    0,    0,    0,    0,    0,    0,    6,    0,    0,    0,    0,    0,    0,    0,   -6,    0,    0,    0,    7,    0,    0,    0,    4,    0,    0,    0,    0,    4,    0,    0,    0,    0,    0,    0,    0,    0,    0,    0,    0,
       0,    0,    0,    0,    0,    0,    0,    0,    0,    0,    0,    0,    0,    0,    0,    0,    0,  -16,    0,    0,    0,    0,   -9,    0,    0,    0,    0,    0,    0,    0,    0,    0,    0,    0,    0,    0,    0,    0,    0,    0,    0,    0,    0,   -9,  -16,    0,    0,    0,    0,    0,    0,    0,    0,    0,
       0,    0,    0,    0,    0,    0,    0,    0,    0,    0,    0,    0,    0,    0,    0,  -27,    0,   -4,    0,    0,    9,    0,    0,    0,   -5,    0,    6,    0,    0,    0,    0,    0,    0,    0,    0,    5,    0,    9,    8,    7,    0,    0,  -40,    0,   -4,    0,    0,    0,    0,    0,    0,    0,    0,    0,
       0,    0,    0,    0,    0,    0,    0,    0,    0,    0,    0,    0,    0,    0,    0,    7,    0,  -19,    0,   -6,    0,    0,  -19,    0,    0,    0,    0,    0,    0,    0,    0,    0,    0,    0,    0,    0,    0,    0,    0,    0,    0,    0,   -2,  -19,  -19,    0,    0,    0,    0,    0,    0,    0,    0,    0,
       0,    0,    0,    0,    0,    0,    0,    0,    0,    0,    0,    0,    8,    0,    0,    0,    0,    0,    0,    0,    0,    0,   -9,    0,    0,    0,    0,    0,    0,    0,    0,    0,    0,    0,    0,    0,    0,    0,    0,    0,    0,    0,    0,   -9,    0,    0,    0,    0,    0,    0,    0,    0,    0,    0,
       0,    0,    0,    0,    0,    0,    0,    0,    0,    0,    0,    0,    0,    0,    0,    0,    0,  -27,    0,    0,    0,    0,  -13,    0,    0,    0,    0,    0,    0,    0,    0,    0,    0,    0,    0,    0,    0,    0,    0,    0,    0,    0,   -9,  -13,  -27,    0,    0,    0,    0,    0,    0,    0,    0,    0,
       0,    0,    0,    0,    0,    0,    0,    0,    0,    0,    0,    0,  -19,    0,    0,    0,    0,   -3,    0,    0,    0,   -6,    0,   -6,   -6,    0,    7,    0,    0,    0,    0,    0,    0,    0,    7,    0,    0,    3,    3,    0,    0,    0,  -34,    0,   -3,    0,    0,    0,    0,    0,    0,    0,    0,    0,
       0,    0,    0,    0,    0,    0,    0,    0,    0,    0,    0,    0,    0,    0,    0,    0,    0,   -7,    0,    0,    0,    0,    0,    0,    0,    0,    4,    0,    0,    0,    0,    0,    0,    0,    0,    0,    0,    3,    3,    0,    0,    0,  -33,    0,   -7,    0,    0,    0,    0,    0,    0,    0,    0,    0,
       0,    0,    0,    0,    0,    0,    0,    0,    0,    0,    0,    0,    7,    0,    0,    0,    0,   -3,    0,    0,    0,    0,   -6,    0,    0,    0,    0,    0,    0,    0,    0,    0,    0,    0,    0,    0,    0,    0,    0,    0,    0,    0,    0,   -6,   -3,    0,    0,    0,    0,    0,    0,    0,    0,    0,
       0,    0,    0,    0,    0,    0,    0,    0,    0,    0,    0,    0,    0,    0,    0,    0,    0,    0,    0,    0,    0,    0,   -6,    0,    0,    0,    0,    0,    0,    0,    0,    0,    0,    0,    0,    0,    0,    0,    0,    0,    0,    0,    0,   -6,    0,    0,    0,    0,    0,    0,    0,    0,    0,    0,
       0,    0,   11,    0,    0,    0,    0,    0,    0,    0,    0,    0,    0,    9,   13,    0,   10,   33,   13,   31,   31,   27,   30,   18,    0,    0,   17,    0,   13,    7,   13,   13,   10,   10,    0,   13,    0,   22,   18,   18,   13,    0,    4,   30,   33,    0,    0,    0,    0,    0,    0,    0,    0,   18,
       0,    0,   11,    0,    0,    0,    0,    0,    0,    0,    0,    0,    0,    0,    0,    0,    0,    0,    0,    0,    0,    6,    0,    0,    0,    0,    0,    0,    0,   -6,    0,    0,    0,    0,    0,    0,    0,    4,    0,    0,    0,    0,    4,    0,    0,    0,    0,    0,    0,    0,    0,    0,    0,    0,
       0,    0,    0,    0,    0,    0,    0,    0,    0,    0,    0,    0,    0,    0,    0,    0,    0,  -17,    0,    0,    0,    0,    0,    0,    0,    0,    0,    0,    0,    0,    0,    0,    0,    0,    0,    0,    0,    0,    0,    0,    0,    0,    0,    0,    0,    0,    0,    0,    0,    0,    0,    0,    0,    0,
       0,    0,  -22,    0,    0,    0,    0,    0,    0,    0,    0,    0,   -9,    0,    0,    0,    0,   13,    0,    9,    9,    4,    4,    0,    0,    0,    0,    0,    0,    0,    0,    0,    0,    0,    0,    0,    0,    0,    0,    0,    0,    0,  -18,    4,   13,    0,    0,    0,    0,    0,    0,    0,    0,    0,
       0,    0,  -22,    0,    0,    0,    0,    0,    0,    0,    0,    0,   -9,    0,    0,    0,    9,    9,    0,    9,    9,    0,    0,    0,    0,    0,    0,    0,    4,    4,    0,    4,    0,    0,    0,    9,    0,   13,   13,    9,    0,    0,  -13,    0,    9,    0,    0,    0,    0,    0,    0,    0,    0,    0,
       0,    0,  -22,    0,    0,    0,    0,    0,    0,    0,    0,    0,  -18,    0,    0,   -4,    0,   18,    0,   13,   13,    4,    9,    0,   -9,   -4,    0,   -5,    0,    0,    0,    0,    0,    0,    0,    0,   -4,    0,    0,    0,   -4,    0,  -22,    9,   18,    0,    0,    0,    0,    0,    0,    0,    0,    0,
       0,    0,  -13,    0,    0,    0,    0,    0,    0,    0,    0,    0,   -9,    0,    0,   -9,    9,   13,    0,   13,   13,    0,    0,    0,   -4,   -4,    9,   -4,    0,    0,    0,    0,    0,    0,   -4,    9,    0,   13,   13,   13,    0,    0,  -13,    0,   13,    0,    0,    0,    0,    0,    0,    0,    0,    0,
       0,    0,    0,    0,    0,    0,    0,    0,    0,    0,    0,    0,    0,    0,    0,    0,    0,    0,    0,    0,    0,    0,    0,    0,    0,    0,    0,    0,    0,    0,    0,    0,    0,    0,    0,    0,    0,    0,    0,    0,    0,    0,    0,    0,    0,    0,  -13,  -31,    0,    0,    0,    0,    0,    0,
       0,    0,    0,    0,    0,    0,    0,    0,    0,    0,    0,    0,    0,    0,    0,    0,    0,    0,    0,    0,    0,    0,    0,    0,    0,    0,    0,    0,    0,    0,    0,    0,    0,    0,    0,    0,    0,    0,    0,    0,    0,    0,    0,    0,    0,  -18,    0,    0,    0,  -11,    0,  -20,  -16,    0,
       0,    0,    0,    0,    0,    0,    0,    0,    0,    0,    0,    0,    0,    0,    0,    0,    0,    0,    0,    0,    0,    0,    0,    0,    0,    0,    0,    0,    0,    0,    0,    0,    0,    0,    0,    0,    0,    0,    0,    0,    0,    0,    0,    0,    0,    0,    0,   -3,   -7,    0,    0,    0,    0,    0,
       0,    0,    0,    0,    0,    0,    0,    0,    0,    0,    0,    0,    0,    0,    0,    0,    0,    0,    0,    0,    0,    0,    0,    0,    0,    0,    0,    0,    0,    0,    0,    0,    0,    0,    0,    0,    0,    0,    0,    0,    0,    0,    0,    0,    0,   -8,    0,    0,    0,   -2,    0,  -13,   -2,    0,
       0,    0,    0,    0,    0,    0,    0,    0,    0,    0,    0,    0,    0,    0,    0,    0,    0,    0,    0,    0,    0,    0,    0,    0,    0,    0,    0,    0,    0,    0,    0,    0,    0,    0,    0,    0,    0,    0,    0,    0,    0,    0,    0,    0,    0,  -13,    5,    0,    0,  -15,   -3,  -24,  -15,    0,
       0,    0,    0,    0,    0,    0,    0,    0,    0,    0,    0,    0,    0,    0,    0,    0,    0,    0,    0,    0,    0,    0,    0,    0,    0,    0,    0,    0,    0,    0,    0,    0,    0,    0,    0,    0,    0,    0,    0,    0,    0,    0,    0,    0,    0,    0,  -13,    0,    0,    0,    0,    0,    0,    0,
       0,    0,    0,    0,    0,    0,    0,    0,    0,    0,    0,    0,    0,    0,    0,    0,    0,    0,    0,    0,    0,    0,    0,    0,    0,    0,    0,    0,    0,    0,    0,    0,    0,    0,    0,    0,    0,    0,    0,    0,    0,    0,    0,    0,    0,    0,    0,  -13,    0,    0,    0,    0,    0,    0,
       0,    0,    0,    0,    0,    0,    0,    0,    0,    0,    0,    0,    0,    0,    0,    0,    0,    0,    0,    0,    0,    0,    0,    0,    0,    0,    0,    0,    0,    0,    0,    0,    0,    0,    0,    0,    0,    0,    0,    0,    0,    0,    0,    0,    0,    0,    0,    0,    0,    0,    0,   -2,    0,    0,
       0,    0,    0,    0,    0,    0,    0,    0,    0,    0,    0,    0,    0,    0,    0,    0,    0,    0,    0,    0,    0,    0,    0,    0,    0,    0,    0,    0,    0,    0,    0,    0,    0,    0,    0,    0,    0,    0,    0,    0,    0,    0,    0,    0,    0,    0,    0,    0,    0,    0,    0,    0,   -3,    0,
       0,    0,    0,    0,    0,    0,    0,    0,    0,    0,    0,    0,    0,    0,    0,    0,    0,    0,    0,    0,    0,    0,    0,    0,    0,    0,    0,    0,    0,    0,    0,    0,    0,    0,   -9,    0,    0,    0,    0,    0,    0,    0,    0,    0,    0,    0,    0,    0,    0,    0,    0,    0,    0,    0,
};

static const EpdLigaturePair lexenddeca_10_italicLigaturePairs[] = {
    { 0x00660066, 0xFB00 }, // f f -> U+FB00
    { 0x00660069, 0xFB01 }, // f i -> U+FB01
    { 0x0066006C, 0xFB02 }, // f l -> U+FB02
    { 0xFB000069, 0xFB03 }, // U+FB00 i -> U+FB03
    { 0xFB00006C, 0xFB04 }, // U+FB00 l -> U+FB04
};

static constexpr EpdFontData lexenddeca_10_italic = {
    lexenddeca_10_italicBitmaps,
    lexenddeca_10_italicGlyphs,
    lexenddeca_10_italicIntervals,
    78,
    26,
    20,
    -7,
    true,
    lexenddeca_10_italicGroups,
    17,
    nullptr,
    lexenddeca_10_italicKernLeftClasses,
    lexenddeca_10_italicKernRightClasses,
    lexenddeca_10_italicKernMatrix,
    362,
    350,
    71,
    54,
    lexenddeca_10_italicLigaturePairs,
    5,
};
