/**
 * generated by fontconvert.py
 * name: lexenddeca_9_bold
 * size: 9
 * mode: 2-bit  compressed: true
 * Command used: fontconvert.py lexenddeca_9_bold 9 ../builtinFonts/source/LexicaUltralegible/LexicaUltralegible-Bold.ttf ../builtinFonts/source/ChareInk7/ChareInk7-Bold.ttf ../builtinFonts/source/NotoEmoji/NotoEmoji-Regular.ttf ../builtinFonts/source/NotoSymbols/NotoSansSymbols-Regular.ttf --additional-intervals 0x03BB,0x03BB --additional-intervals 0x0410,0x0414 --additional-intervals 0x0418,0x0418 --additional-intervals 0x041B,0x041B --additional-intervals 0x041D,0x0423 --additional-intervals 0x0425,0x0425 --additional-intervals 0x0427,0x0427 --additional-intervals 0x042B,0x042C --additional-intervals 0x042E,0x0432 --additional-intervals 0x0434,0x0435 --additional-intervals 0x0437,0x0437 --additional-intervals 0x043A,0x043A --additional-intervals 0x043D,0x043E --additional-intervals 0x0440,0x0440 --additional-intervals 0x0442,0x0442 --additional-intervals 0x0446,0x0446 --additional-intervals 0x044C,0x044C --additional-intervals 0x044E,0x044E --additional-intervals 0x2113,0x2113 --additional-intervals 0x2669,0x266F --additional-intervals 0x1F600,0x1F607 --additional-intervals 0x1F609,0x1F614 --additional-intervals 0x1F618,0x1F618 --additional-intervals 0x1F61A,0x1F61A --additional-intervals 0x1F61C,0x1F61D --additional-intervals 0x1F620,0x1F622 --additional-intervals 0x1F624,0x1F625 --additional-intervals 0x1F629,0x1F629 --additional-intervals 0x1F62C,0x1F62E --additional-intervals 0x1F631,0x1F635 --additional-intervals 0x1F641,0x1F642 --additional-intervals 0x1F644,0x1F644 --additional-intervals 0x1F44B,0x1F44F --additional-intervals 0x2764,0x2764 --font-include-intervals 1:0x03BB,0x03BB --font-include-intervals 1:0x0410,0x0414 --font-include-intervals 1:0x0418,0x0418 --font-include-intervals 1:0x041B,0x041B --font-include-intervals 1:0x041D,0x0423 --font-include-intervals 1:0x0425,0x0425 --font-include-intervals 1:0x0427,0x0427 --font-include-intervals 1:0x042B,0x042C --font-include-intervals 1:0x042E,0x0432 --font-include-intervals 1:0x0434,0x0435 --font-include-intervals 1:0x0437,0x0437 --font-include-intervals 1:0x043A,0x043A --font-include-intervals 1:0x043D,0x043E --font-include-intervals 1:0x0440,0x0440 --font-include-intervals 1:0x0442,0x0442 --font-include-intervals 1:0x0446,0x0446 --font-include-intervals 1:0x044C,0x044C --font-include-intervals 1:0x044E,0x044E --font-include-intervals 1:0x2113,0x2113 --font-include-intervals 2:0x1F600,0x1F607 --font-include-intervals 2:0x1F609,0x1F614 --font-include-intervals 2:0x1F618,0x1F618 --font-include-intervals 2:0x1F61A,0x1F61A --font-include-intervals 2:0x1F61C,0x1F61D --font-include-intervals 2:0x1F620,0x1F622 --font-include-intervals 2:0x1F624,0x1F625 --font-include-intervals 2:0x1F629,0x1F629 --font-include-intervals 2:0x1F62C,0x1F62E --font-include-intervals 2:0x1F631,0x1F635 --font-include-intervals 2:0x1F641,0x1F642 --font-include-intervals 2:0x1F644,0x1F644 --font-include-intervals 2:0x1F44B,0x1F44F --font-include-intervals 2:0x2764,0x2764 --font-include-intervals 3:0x2669,0x266F --2bit --compress --pnum --darken-aa
 */
#pragma once
#include "EpdFontData.h"

static const uint8_t lexenddeca_9_boldBitmaps[12298] = {
    0x7D, 0x56, 0xBD, 0x8F, 0xDC, 0xC6, 0x15, 0x7F, 0x4B, 0x5A, 0xA2, 0x03, 0x0A, 0x99, 0x14, 0x01,
    0x14, 0xC3, 0x88, 0x59, 0xA6, 0x11, 0xC0, 0x14, 0x2A, 0x15, 0xCD, 0x00, 0x57, 0x26, 0x40, 0xAE,
    0xF0, 0x42, 0x85, 0x8A, 0xF3, 0x1F, 0x10, 0x78, 0x5B, 0x17, 0xD2, 0x91, 0x81, 0x8B, 0x14, 0x29,
    0xA4, 0x26, 0x55, 0x82, 0x58, 0x75, 0x9A, 0x4D, 0x97, 0x00, 0xD1, 0xED, 0x8C, 0xA1, 0xD2, 0x85,
    0xE8, 0x8F, 0xC2, 0x9D, 0x18, 0x1C, 0x24, 0x15, 0x2A, 0x6E, 0x24, 0x51, 0x10, 0x25, 0xCD, 0xF0,
    0xF9, 0xF7, 0xC8, 0xBB, 0xBD, 0xBD, 0x3B, 0x49, 0x3B, 0x6F, 0xB8, 0xC3, 0x99, 0xE1, 0x9B, 0x79,
    0xEF, 0xFD, 0xDE, 0x07, 0x33, 0x7E, 0xAB, 0xD5, 0x4D, 0xBA, 0xC9, 0x7C, 0x93, 0xFD, 0x51, 0xA3,
    0x50, 0x12, 0x05, 0x4D, 0x05, 0xB3, 0x2F, 0xD1, 0x35, 0x7A, 0xE2, 0x77, 0x29, 0xF1, 0x7B, 0x94,
    0xFA, 0xBB, 0x54, 0x31, 0xB7, 0x96, 0xB9, 0xF9, 0xF8, 0x45, 0x34, 0x59, 0xD3, 0x53, 0xFE, 0x6D,
    0x4F, 0x74, 0x81, 0x68, 0x65, 0x72, 0xEE, 0x4A, 0x0E, 0xFA, 0x42, 0xAF, 0xFF, 0x40, 0x3A, 0x92,
    0xE2, 0x2E, 0xE1, 0x48, 0x3F, 0xE7, 0xF3, 0x17, 0xB4, 0xFE, 0x87, 0x2D, 0x38, 0x64, 0xDC, 0xD1,
    0xE7, 0x06, 0x9B, 0x8B, 0x36, 0xF1, 0x54, 0xF5, 0x99, 0xA3, 0x18, 0x54, 0x4D, 0xDD, 0x15, 0x1C,
    0xD9, 0xDF, 0xBD, 0x41, 0x64, 0xC3, 0xAB, 0x48, 0xE5, 0xB3, 0x97, 0x6C, 0x66, 0xD9, 0xFD, 0x07,
    0x8E, 0xD4, 0x1F, 0xB7, 0x1C, 0x95, 0x0A, 0x8F, 0x1B, 0x0A, 0xAF, 0x5D, 0xC6, 0x26, 0xF1, 0xB3,
    0x48, 0x33, 0x36, 0x94, 0x73, 0x43, 0xEA, 0x89, 0x27, 0x75, 0x0F, 0xFD, 0x49, 0x4B, 0x19, 0x63,
    0xFF, 0xA0, 0x9C, 0x66, 0x55, 0x73, 0x75, 0x40, 0x41, 0x31, 0x85, 0x2C, 0x90, 0x5D, 0x46, 0x82,
    0x10, 0x94, 0x0F, 0xA5, 0x0B, 0xF2, 0x53, 0xAE, 0x34, 0x9A, 0x56, 0x14, 0x29, 0xAC, 0x5B, 0xA4,
    0x5D, 0xD2, 0x54, 0x1A, 0xE5, 0xB2, 0x16, 0xB2, 0xD7, 0xCA, 0xE5, 0x4D, 0xD6, 0xA6, 0xFE, 0xA8,
    0xE5, 0xAD, 0x6A, 0xF0, 0x5D, 0xAD, 0x09, 0x5A, 0x70, 0xBF, 0xF9, 0x51, 0x87, 0xA2, 0x53, 0xFE,
    0xD7, 0xFF, 0x26, 0xE8, 0xE4, 0x98, 0xA0, 0x2A, 0xD0, 0xB5, 0x17, 0xDB, 0xEB, 0x19, 0xE8, 0xF6,
    0xEA, 0x95, 0x2F, 0xE6, 0xDB, 0xA2, 0x59, 0xD1, 0x33, 0xC9, 0xC1, 0x38, 0x30, 0xE9, 0x52, 0x9F,
    0xAD, 0x79, 0x0A, 0xD7, 0x8C, 0xA1, 0xF2, 0x46, 0xFF, 0xDD, 0xDB, 0xAD, 0x9E, 0xBF, 0x0E, 0xC1,
    0x87, 0xF0, 0xDF, 0x10, 0x7E, 0x87, 0xEB, 0x86, 0x55, 0xD6, 0xEB, 0xAF, 0x3C, 0x56, 0xB1, 0x27,
    0xF1, 0xF9, 0x68, 0xA6, 0x6B, 0x3E, 0x3D, 0xD5, 0xB2, 0x81, 0x4A, 0x76, 0xD8, 0xF8, 0xD1, 0x74,
    0xB4, 0x6A, 0xA9, 0x74, 0xC4, 0x94, 0x06, 0xE8, 0x9B, 0xF8, 0x6F, 0xDB, 0xD3, 0xED, 0xF2, 0x01,
    0xDA, 0x68, 0xEC, 0x8E, 0xFF, 0x15, 0xF6, 0xC0, 0x10, 0xEC, 0x40, 0xB4, 0x84, 0xFE, 0xFC, 0xA5,
    0xD4, 0xDB, 0xAF, 0x5A, 0xCD, 0x0E, 0x7B, 0xA8, 0x70, 0xA4, 0xF1, 0xB9, 0xAC, 0x66, 0x07, 0x4E,
    0xDD, 0x77, 0x5A, 0xB9, 0xD5, 0xCE, 0x0F, 0xCC, 0x01, 0x44, 0xCA, 0x4D, 0x04, 0x56, 0x15, 0x37,
    0xBB, 0x73, 0x73, 0xF7, 0x97, 0x64, 0xD9, 0x30, 0xBB, 0x5D, 0x9C, 0x3B, 0x5E, 0xE0, 0x4F, 0x99,
    0xB7, 0x8B, 0x43, 0x6E, 0xE9, 0x00, 0xE1, 0x9C, 0xFE, 0xA7, 0xD9, 0x23, 0x1A, 0x06, 0xE8, 0xC9,
    0xF1, 0xB2, 0x0D, 0x99, 0x0F, 0xA9, 0xC7, 0xB3, 0x5A, 0x1E, 0x6E, 0x93, 0x79, 0x76, 0xF3, 0x1D,
    0xD8, 0xBC, 0x86, 0x52, 0x60, 0x13, 0x18, 0x66, 0x16, 0x28, 0xED, 0x0E, 0x05, 0x52, 0xE3, 0x4A,
    0x16, 0xC1, 0xCD, 0xE8, 0xA5, 0x5C, 0x09, 0xCF, 0x92, 0x6B, 0xDC, 0x61, 0xC8, 0x47, 0x6E, 0xA9,
    0xE7, 0xA5, 0x9F, 0xB8, 0xE5, 0x3D, 0x24, 0x25, 0x6B, 0x6B, 0x58, 0x7C, 0x22, 0x8C, 0xB5, 0x00,
    0x01, 0x00, 0x07, 0xE0, 0xA0, 0x4B, 0x4A, 0xDB, 0x11, 0xFE, 0x34, 0x3E, 0xA7, 0xD1, 0xA1, 0xCD,
    0x88, 0xEE, 0x8C, 0xEA, 0x69, 0x4B, 0xDC, 0xAB, 0x21, 0xAE, 0xA9, 0x8A, 0x94, 0x60, 0x54, 0xB6,
    0x34, 0x6B, 0xB1, 0x6D, 0x52, 0xE7, 0x7C, 0xBE, 0x0D, 0x9A, 0xC6, 0x0D, 0x84, 0xC3, 0x7C, 0x2B,
    0xB7, 0x23, 0xDB, 0xD2, 0xA2, 0xCD, 0xB9, 0xE6, 0x9E, 0xF0, 0x26, 0x1F, 0x10, 0x6C, 0x6C, 0x4A,
    0x6E, 0x61, 0xE3, 0x73, 0xA2, 0x7B, 0x2F, 0xDA, 0x1D, 0x28, 0x09, 0xB2, 0x34, 0xEB, 0xC4, 0x50,
    0x20, 0x0C, 0xE4, 0xDB, 0xF4, 0xE1, 0x0D, 0x52, 0x94, 0xD3, 0xA5, 0x72, 0xDF, 0x5C, 0xAE, 0x9E,
    0xBA, 0xDF, 0xBE, 0x42, 0xF7, 0xE8, 0xAF, 0xDF, 0xB8, 0xCB, 0xCC, 0xF5, 0x25, 0xAD, 0xB1, 0x0E,
    0xF8, 0x3D, 0xFC, 0x8C, 0xA8, 0x02, 0xFB, 0xCA, 0xE0, 0x68, 0x37, 0x76, 0xB9, 0x65, 0xFA, 0xDC,
    0x8F, 0x3D, 0xFF, 0xAE, 0x87, 0xD6, 0x00, 0x01, 0x16, 0x2F, 0x80, 0xED, 0xFF, 0x65, 0xA9, 0x22,
    0x6D, 0x00, 0x16, 0xE8, 0xBA, 0x86, 0x33, 0xC7, 0xEB, 0x87, 0x66, 0x80, 0x53, 0x43, 0x88, 0x78,
    0xBD, 0x07, 0x3E, 0x41, 0x18, 0x8C, 0x62, 0xD5, 0x09, 0xD7, 0xF0, 0x65, 0xFD, 0x38, 0x58, 0xBA,
    0x13, 0x47, 0xD5, 0x4D, 0x84, 0x31, 0x66, 0x30, 0x3F, 0x7A, 0x7A, 0xCD, 0xA3, 0xFD, 0xE2, 0x02,
    0xDC, 0xFA, 0x30, 0x0B, 0x13, 0x13, 0x21, 0x8C, 0xD3, 0x1E, 0xF3, 0x62, 0x5D, 0xD9, 0xD3, 0xCA,
    0xA1, 0x73, 0x33, 0x31, 0x01, 0x96, 0x40, 0xF1, 0xD3, 0x23, 0x9E, 0x73, 0x33, 0x6D, 0x98, 0xA0,
    0x70, 0xBC, 0xED, 0xE4, 0xEB, 0x9A, 0x12, 0xBE, 0xAD, 0xB8, 0xD7, 0x8F, 0x70, 0xB7, 0x6D, 0xB9,
    0xDB, 0xB9, 0x39, 0x6E, 0x03, 0x82, 0xB0, 0x90, 0x53, 0x3F, 0x62, 0x84, 0xB1, 0x84, 0x6F, 0x1D,
    0x5F, 0x66, 0xA4, 0x09, 0xC4, 0x71, 0x1E, 0x4E, 0xCF, 0xA3, 0xED, 0xFC, 0xA0, 0xDC, 0x66, 0x03,
    0xE4, 0x31, 0x7B, 0xC2, 0xCD, 0x37, 0xE8, 0xC3, 0xD4, 0xAF, 0x32, 0xAF, 0x97, 0x2D, 0x5C, 0x0F,
    0x0E, 0x28, 0xA2, 0x2B, 0x1F, 0xB4, 0x0B, 0x4C, 0x03, 0x24, 0xEB, 0x46, 0xF9, 0x06, 0x1A, 0x2A,
    0x84, 0x55, 0x20, 0x10, 0x98, 0xEF, 0x42, 0x12, 0x4E, 0x09, 0x71, 0x8A, 0x26, 0x59, 0x85, 0xEA,
    0xD2, 0xC3, 0x6B, 0xA6, 0xDE, 0x5A, 0x3F, 0xF8, 0x37, 0x3E, 0xFA, 0x97, 0x3E, 0xBC, 0x78, 0xEE,
    0xC3, 0x6B, 0x74, 0xBB, 0xEF, 0x43, 0x75, 0x0F, 0xE7, 0x49, 0xFF, 0xD2, 0x87, 0x62, 0xCB, 0x33,
    0xAC, 0x2C, 0x5E, 0xA9, 0x25, 0x72, 0x77, 0x3A, 0x04, 0x1D, 0x56, 0x3A, 0x68, 0x1D, 0x4A, 0x2B,
    0x9A, 0xC9, 0x38, 0xA4, 0x1C, 0x66, 0x2C, 0x10, 0xC1, 0x2B, 0x41, 0x43, 0x30, 0xA2, 0x36, 0x88,
    0xBA, 0x2E, 0x8C, 0x40, 0x99, 0xBA, 0xBC, 0x0B, 0x4C, 0x64, 0x5D, 0xF6, 0xC9, 0xFE, 0x0D, 0x03,
    0x8F, 0x94, 0x4F, 0x88, 0x31, 0x71, 0xFB, 0x94, 0x49, 0xCE, 0xB0, 0xAE, 0x47, 0xB6, 0xB9, 0xF8,
    0xE0, 0x03, 0x17, 0x11, 0xA8, 0x2B, 0x04, 0x70, 0xAC, 0x1B, 0x05, 0x0E, 0x33, 0xDE, 0x17, 0xEF,
    0xA8, 0x4F, 0xB1, 0x8F, 0x8B, 0x76, 0x02, 0x4C, 0x40, 0xC0, 0xD4, 0x26, 0x14, 0xA3, 0xFA, 0x52,
    0x20, 0xAD, 0x99, 0x2C, 0xAE, 0xE9, 0x33, 0x5D, 0x23, 0xE4, 0xDD, 0xCE, 0x71, 0xD8, 0x02, 0x8E,
    0x67, 0x0B, 0xD2, 0xFA, 0xD1, 0x80, 0xB3, 0x13, 0xB9, 0x97, 0x98, 0x78, 0xBE, 0x06, 0xD6, 0x3B,
    0xE8, 0x14, 0x00, 0x36, 0x29, 0x26, 0xC1, 0x1E, 0x74, 0xD0, 0x23, 0x9C, 0x18, 0x7E, 0x03, 0xAF,
    0x59, 0xE1, 0x09, 0x60, 0x01, 0x83, 0xC5, 0x9F, 0x21, 0xD1, 0xBD, 0x8E, 0xD4, 0xF7, 0x9E, 0xB2,
    0xC7, 0x00, 0xC2, 0x1B, 0x78, 0xDC, 0xE8, 0x79, 0xE2, 0x81, 0xE2, 0x89, 0x80, 0x32, 0x70, 0x61,
    0x56, 0xB9, 0xC7, 0x97, 0xAA, 0x43, 0x8C, 0x57, 0x3D, 0x52, 0x4C, 0x11, 0xF6, 0xA8, 0x5C, 0xDC,
    0x05, 0x87, 0xE5, 0x15, 0xB0, 0x58, 0x5D, 0xC5, 0x23, 0x6A, 0x64, 0xD1, 0x50, 0xC2, 0x57, 0x03,
    0x62, 0x42, 0x0A, 0x00, 0x51, 0xDA, 0x23, 0xD8, 0x55, 0xA6, 0x32, 0x70, 0x52, 0x52, 0xCF, 0x00,
    0x3F, 0x40, 0x09, 0xB1, 0x68, 0x72, 0x71, 0x5B, 0x8F, 0xFF, 0x29, 0x92, 0x75, 0xFE, 0x12, 0xEE,
    0xFD, 0x7F, 0x5C, 0xCA, 0x8D, 0xCA, 0xAE, 0xA5, 0xCB, 0xB3, 0x80, 0x05, 0xD5, 0x7E, 0x8F, 0x8B,
    0xF9, 0xD1, 0x20, 0xE3, 0x77, 0x15, 0xD4, 0xAC, 0xCF, 0xF6, 0xC3, 0x40, 0xB6, 0xF0, 0x12, 0xF0,
    0xAD, 0x41, 0x0C, 0x43, 0x18, 0xCA, 0x11, 0xA0, 0x1A, 0x30, 0x23, 0x3E, 0x8A, 0x6E, 0x30, 0x86,
    0x8B, 0x26, 0xD0, 0xD9, 0x16, 0x8D, 0xAC, 0xED, 0x91, 0x24, 0xB2, 0x12, 0xA9, 0x53, 0x8D, 0xA9,
    0x33, 0xE9, 0xC6, 0x45, 0x28, 0xCD, 0x7A, 0xEB, 0x2F, 0x9E, 0xC9, 0x57, 0xD2, 0x2E, 0x7A, 0x59,
    0x83, 0x27, 0x65, 0xD0, 0x25, 0x94, 0x02, 0x41, 0x34, 0xED, 0x16, 0x06, 0xB1, 0x7A, 0x3E, 0x97,
    0xFA, 0xC4, 0x87, 0xAB, 0xB9, 0x04, 0x2E, 0xA3, 0x17, 0x92, 0x6E, 0x72, 0x40, 0xE7, 0x40, 0x22,
    0xF9, 0x50, 0x89, 0x83, 0x94, 0x4F, 0x9A, 0x63, 0x5B, 0x1E, 0xA5, 0x95, 0x98, 0x1D, 0x21, 0x08,
    0x21, 0x6D, 0x29, 0x20, 0xC2, 0xD2, 0xC4, 0xC4, 0x2E, 0xEB, 0xB8, 0x19, 0xBD, 0x96, 0x48, 0x07,
    0x06, 0x4B, 0x6B, 0x77, 0x56, 0xCF, 0xE1, 0x35, 0xDE, 0x2E, 0xFD, 0x26, 0x13, 0x2B, 0x09, 0x45,
    0x96, 0x90, 0x77, 0x24, 0xD7, 0xEC, 0x34, 0xF1, 0x7A, 0x3B, 0xE9, 0x24, 0x08, 0x13, 0xA3, 0xB9,
    0x06, 0x93, 0xD9, 0x76, 0xE1, 0xB5, 0x17, 0x1D, 0x48, 0x7E, 0xAE, 0xB6, 0x35, 0x6D, 0x36, 0xB5,
    0xFF, 0x3E, 0xCE, 0x38, 0xFA, 0x93, 0x5C, 0x92, 0xA0, 0x02, 0x78, 0x36, 0xDD, 0x49, 0x84, 0x42,
    0x35, 0xE3, 0xD6, 0x29, 0x6C, 0x93, 0x72, 0xD1, 0x35, 0x9E, 0xB8, 0x84, 0xB3, 0xAE, 0x70, 0x27,
    0x03, 0xD7, 0xF1, 0xAA, 0x72, 0x67, 0xDB, 0x02, 0x16, 0xE3, 0x8D, 0x83, 0xE0, 0xFE, 0x88, 0x51,
    0x71, 0x0C, 0x59, 0x7E, 0x8C, 0x5A, 0x28, 0x8F, 0x30, 0x83, 0x50, 0xA6, 0x9A, 0xB7, 0x19, 0x7D,
    0xA8, 0x11, 0x67, 0x5C, 0x1C, 0x0A, 0xA8, 0x82, 0x7B, 0xAE, 0x5E, 0x4A, 0x61, 0xF5, 0xCE, 0x1E,
    0xDF, 0x2F, 0x88, 0xD4, 0x24, 0xCE, 0x2E, 0x9B, 0x70, 0x42, 0x39, 0xCD, 0x94, 0xC7, 0xDF, 0x6F,
    0xD9, 0xB5, 0x08, 0xEF, 0xB7, 0x1D, 0xBC, 0x45, 0x88, 0xF8, 0x95, 0x94, 0x4F, 0xB7, 0x4F, 0xCA,
    0x72, 0x54, 0x3A, 0x39, 0x6D, 0x30, 0x30, 0xE7, 0x59, 0xAA, 0x21, 0xA4, 0xE9, 0x52, 0x4A, 0x2E,
    0xF3, 0x16, 0x93, 0xDE, 0xD1, 0xBE, 0xF0, 0x6F, 0x15, 0x05, 0x22, 0x5A, 0x00, 0xF3, 0x81, 0x83,
    0x28, 0xAB, 0xBC, 0x91, 0x0A, 0x05, 0x35, 0xDE, 0xC2, 0x28, 0x8B, 0xA0, 0x28, 0x30, 0x9C, 0xB2,
    0x7C, 0xD0, 0xBF, 0x6F, 0x83, 0xFE, 0x6B, 0xB3, 0xA7, 0x6F, 0xB9, 0xDD, 0x0A, 0xC5, 0xD5, 0xFF,
    0x1E, 0xD4, 0xFA, 0x3F, 0x07, 0xA6, 0x7C, 0x86, 0x32, 0xF0, 0x29, 0x7C, 0xDE, 0x0F, 0xA8, 0x77,
    0x22, 0x59, 0xD5, 0xA2, 0xC2, 0x51, 0x63, 0xD1, 0x32, 0x7D, 0xA9, 0x78, 0x2C, 0x7E, 0xE0, 0x02,
    0x08, 0x2D, 0x69, 0xA7, 0xB7, 0x7C, 0xF1, 0x97, 0x56, 0x7D, 0xD3, 0xE4, 0xF7, 0x5D, 0xC6, 0x35,
    0x44, 0x4C, 0x78, 0x2C, 0x43, 0x82, 0x14, 0x4E, 0x08, 0x25, 0x0A, 0x81, 0x9B, 0x85, 0xE6, 0x2C,
    0xA5, 0x46, 0x36, 0xF9, 0xB5, 0x81, 0x5F, 0x9B, 0x29, 0xCB, 0x20, 0xD6, 0x20, 0xDA, 0x4C, 0xA8,
    0xD0, 0xCE, 0x22, 0x02, 0x94, 0x47, 0x28, 0x69, 0xF3, 0x1E, 0x09, 0xED, 0xD4, 0x0F, 0xD6, 0xA8,
    0x17, 0xEB, 0x1D, 0xA8, 0x3B, 0xBD, 0x94, 0xB1, 0x87, 0x98, 0x42, 0xA4, 0xFC, 0xE0, 0x67, 0x76,
    0xC9, 0xFC, 0x34, 0xFE, 0x82, 0x7E, 0x02, 0xA5, 0x57, 0x41, 0x6F, 0xDD, 0xC6, 0x11, 0x9E, 0x47,
    0xDA, 0x65, 0x10, 0x1E, 0xD6, 0x87, 0x02, 0x45, 0x8C, 0x06, 0xCC, 0xA1, 0x41, 0xD3, 0xD6, 0x30,
    0x85, 0x20, 0x87, 0x1C, 0x9C, 0x2C, 0x81, 0xFC, 0x80, 0xE8, 0x60, 0x21, 0x87, 0x1E, 0x9E, 0x7F,
    0x41, 0xAC, 0x63, 0xD1, 0x5A, 0x26, 0x81, 0x1E, 0x72, 0xE8, 0x25, 0xF9, 0x05, 0xCE, 0xB9, 0x3D,
    0x3C, 0x03, 0x3D, 0x34, 0x40, 0xA5, 0xB7, 0xDB, 0xF6, 0xD0, 0x02, 0x3D, 0x88, 0x49, 0x9C, 0x5E,
    0x7A, 0x08, 0xD3, 0x24, 0x0E, 0x90, 0x1E, 0xBC, 0x8D, 0x98, 0xEA, 0x55, 0x5A, 0x72, 0xFA, 0xCD,
    0x92, 0x92, 0x9E, 0x14, 0xCB, 0x92, 0x60, 0xBE, 0x59, 0x3E, 0x72, 0x77, 0x66, 0x76, 0x76, 0xF6,
    0x9B, 0x99, 0xE5, 0x06, 0xF3, 0x06, 0x6D, 0xCC, 0xE7, 0x2C, 0x17, 0x59, 0x4A, 0xBE, 0x20, 0xDD,
    0x53, 0xC9, 0x45, 0xFF, 0x37, 0xF2, 0x56, 0xA8, 0xB3, 0x84, 0xE7, 0x92, 0x29, 0xEF, 0x28, 0xAA,
    0x09, 0x3C, 0x11, 0x17, 0x19, 0x3B, 0xFD, 0xCF, 0x56, 0x53, 0xA5, 0x89, 0x74, 0x41, 0x10, 0x55,
    0x56, 0x28, 0xAB, 0xC8, 0xAC, 0xDD, 0x62, 0x6E, 0x35, 0xFB, 0x17, 0x56, 0xAB, 0x92, 0xEB, 0x9C,
    0x2B, 0xAD, 0xEC, 0x6B, 0xB1, 0x50, 0x3E, 0xB3, 0x39, 0xDB, 0x5F, 0xF5, 0xCD, 0x15, 0x2A, 0x34,
    0x69, 0x9B, 0xDB, 0xB2, 0x52, 0x96, 0x29, 0xFD, 0xC6, 0x53, 0xBC, 0xBB, 0x80, 0x62, 0x47, 0xC4,
    0x98, 0xC3, 0x58, 0x8A, 0xD9, 0xD3, 0xA4, 0xBC, 0x19, 0xFE, 0x09, 0xB3, 0x48, 0xF3, 0xE1, 0xC2,
    0xF3, 0xF8, 0x94, 0x76, 0x94, 0x73, 0xA1, 0x67, 0x05, 0x4C, 0xC8, 0x5B, 0xD2, 0x5C, 0x74, 0xA6,
    0xEE, 0x94, 0xE3, 0x5F, 0x3B, 0xCD, 0x4D, 0xC2, 0x15, 0x95, 0xF6, 0xB2, 0xB2, 0x5A, 0xA6, 0x2D,
    0x92, 0x8E, 0xAE, 0x14, 0xEC, 0xF6, 0x1C, 0x95, 0x2D, 0xC5, 0x5F, 0xBE, 0x4D, 0x8A, 0x92, 0xEA,
    0x5A, 0xFE, 0x61, 0xFD, 0xAA, 0x69, 0xEF, 0xAF, 0xB4, 0xAB, 0xEB, 0x2B, 0x8E, 0xD6, 0x57, 0x5A,
    0x5A, 0x7F, 0x05, 0xEF, 0xD7, 0xF2, 0xA6, 0x56, 0x14, 0xDB, 0xB8, 0xCE, 0x61, 0x4D, 0x4B, 0xC3,
    0xA5, 0xED, 0x8F, 0xEB, 0xB2, 0xD9, 0xC7, 0xAF, 0x6C, 0xD2, 0x9D, 0x36, 0xDB, 0x6E, 0xF4, 0x6D,
    0xDB, 0x6B, 0x02, 0xE1, 0x01, 0xAF, 0xE8, 0x5C, 0x5B, 0x5B, 0x65, 0x76, 0x20, 0x8A, 0x97, 0x28,
    0x7A, 0xFF, 0x70, 0x56, 0x7E, 0xA7, 0xBA, 0xC6, 0xFF, 0xA9, 0x5F, 0x75, 0xEE, 0xFE, 0x8A, 0x73,
    0xEB, 0x2B, 0x5C, 0xAF, 0xAF, 0xEC, 0xDA, 0xF5, 0x57, 0xBE, 0x69, 0xEE, 0x5F, 0x73, 0xEE, 0x3B,
    0xB3, 0x42, 0x9D, 0x63, 0x97, 0x57, 0xA6, 0xD9, 0x83, 0xED, 0xA6, 0xC9, 0xAB, 0x41, 0xE3, 0x30,
    0xC9, 0x5B, 0xDF, 0xAE, 0xE2, 0x59, 0xD8, 0x0E, 0xA6, 0xD5, 0xF5, 0xDC, 0x91, 0x83, 0x86, 0x82,
    0x1B, 0xC8, 0xD5, 0xBF, 0x74, 0x49, 0x93, 0x36, 0xE4, 0xEE, 0xBA, 0xDC, 0x2A, 0xBD, 0xE9, 0x95,
    0x3D, 0x49, 0x99, 0x65, 0xD3, 0x88, 0xF0, 0xC7, 0x0E, 0xBE, 0x1D, 0x48, 0xB1, 0xD5, 0xDB, 0x54,
    0x6E, 0x93, 0x09, 0x77, 0x3C, 0x67, 0xDB, 0x14, 0x9F, 0x4E, 0x1B, 0x02, 0x23, 0xFA, 0x21, 0xE5,
    0x55, 0x62, 0x75, 0xA1, 0x4C, 0xA9, 0x70, 0x89, 0xC3, 0xF6, 0x9C, 0x73, 0xFB, 0x4E, 0xDB, 0x65,
    0x17, 0x2D, 0xBB, 0x2E, 0xA7, 0x8C, 0x0C, 0xBD, 0x86, 0xB6, 0x49, 0x6A, 0xE2, 0x48, 0xC5, 0x0D,
    0xA9, 0x14, 0x58, 0xCA, 0x12, 0x4B, 0xAF, 0x03, 0x51, 0x9B, 0xDA, 0x4E, 0xDC, 0xEF, 0x6D, 0x8C,
    0xC5, 0xA4, 0x96, 0x9D, 0x2A, 0x00, 0x23, 0x20, 0xCD, 0x40, 0xD2, 0xD0, 0x06, 0x36, 0xD1, 0x93,
    0x8A, 0x20, 0x97, 0xD4, 0xA4, 0xD4, 0xBD, 0x05, 0xE9, 0xCB, 0x37, 0xE8, 0x0E, 0x94, 0x2D, 0x62,
    0x17, 0xBB, 0xFC, 0x41, 0x6A, 0xB5, 0x57, 0x85, 0xF6, 0xBA, 0x8E, 0xDC, 0x8B, 0x2E, 0xB1, 0x69,
    0xA3, 0x8A, 0xB4, 0x81, 0x7B, 0xDD, 0x1D, 0x32, 0xAE, 0xBD, 0x91, 0xFF, 0x19, 0x8B, 0x4E, 0xFE,
    0x04, 0x25, 0x6F, 0x78, 0xCA, 0x53, 0xC8, 0x2A, 0xA6, 0x56, 0x31, 0x54, 0xDE, 0x80, 0x7A, 0xE2,
    0x40, 0x1B, 0x61, 0x2B, 0x7A, 0x8A, 0x00, 0xB8, 0x05, 0x99, 0x8A, 0xFC, 0xA4, 0xE2, 0xDF, 0xB9,
    0x92, 0x9B, 0x94, 0x0B, 0x5A, 0xC5, 0x98, 0x6C, 0xD6, 0x26, 0xDA, 0x73, 0x23, 0x54, 0xCA, 0x2A,
    0xA0, 0x98, 0xD8, 0xD2, 0x84, 0x1B, 0x8A, 0x77, 0xB0, 0x69, 0x3B, 0x2D, 0xA5, 0x9F, 0x2D, 0x60,
    0x3C, 0x66, 0x63, 0x81, 0x2E, 0x93, 0xFE, 0xAD, 0xA1, 0x92, 0x74, 0x35, 0xA7, 0x1C, 0x8C, 0x05,
    0x11, 0x56, 0x4D, 0xAA, 0x3A, 0xD2, 0x63, 0xD0, 0x80, 0x63, 0xD1, 0x13, 0x21, 0x32, 0xE2, 0x5D,
    0x47, 0xC9, 0xE7, 0x58, 0xEE, 0x47, 0x2D, 0x29, 0x58, 0x9D, 0x21, 0x3A, 0x34, 0xF7, 0x41, 0x8F,
    0x41, 0x24, 0x42, 0x6B, 0x45, 0xCF, 0xC8, 0xFC, 0x44, 0x93, 0x7D, 0xC8, 0xBC, 0xF7, 0xFE, 0x68,
    0x4F, 0x11, 0x74, 0x1C, 0xEA, 0x09, 0xF6, 0x38, 0x4A, 0x3F, 0x1A, 0xEC, 0xC9, 0x60, 0xCF, 0x81,
    0x1E, 0xD8, 0x53, 0xF4, 0x62, 0xCF, 0xE2, 0x7E, 0x88, 0xC8, 0xF8, 0xAF, 0xF6, 0x31, 0x3A, 0x9A,
    0x23, 0x1D, 0xFF, 0x3A, 0xD2, 0xB1, 0xB4, 0xA6, 0x41, 0xC7, 0x15, 0x91, 0x01, 0x42, 0xF7, 0x1C,
    0x1D, 0x5E, 0x30, 0x11, 0xC8, 0x80, 0xBE, 0x7A, 0x18, 0x43, 0x8B, 0xFE, 0xBB, 0x00, 0xA8, 0x7D,
    0x68, 0x29, 0xEC, 0x50, 0xD0, 0x93, 0x7D, 0x6D, 0x0A, 0x5D, 0xE5, 0x56, 0x4B, 0x62, 0x91, 0x0C,
    0x20, 0x73, 0xEF, 0x8C, 0xCD, 0x54, 0xC7, 0x6D, 0xD9, 0x1D, 0xFD, 0x2B, 0xB6, 0xD4, 0xA7, 0xD8,
    0x82, 0x24, 0x06, 0x68, 0x33, 0x6E, 0x31, 0xAF, 0xDD, 0xC4, 0x3C, 0x24, 0x40, 0x97, 0xB8, 0x46,
    0xE6, 0xA0, 0x2D, 0xB9, 0x79, 0xBD, 0x86, 0x41, 0xF4, 0xA5, 0x72, 0xCB, 0x3E, 0x29, 0xD7, 0x6E,
    0x02, 0xB8, 0xEC, 0xE7, 0x72, 0x8B, 0xB8, 0x52, 0xC8, 0x6C, 0x0F, 0xBD, 0xA1, 0x5B, 0xDD, 0x41,
    0xA4, 0x80, 0x3A, 0xD9, 0xA6, 0x5B, 0xFA, 0x61, 0x97, 0xF1, 0x02, 0x3C, 0xF4, 0x0B, 0xA2, 0x69,
    0x40, 0x4B, 0xD8, 0x4A, 0x00, 0x93, 0xC2, 0x26, 0x30, 0x02, 0x92, 0x9B, 0x6E, 0xAD, 0x18, 0xA4,
    0x60, 0x06, 0xA8, 0xBB, 0x79, 0xA0, 0x64, 0xAD, 0x18, 0x18, 0x64, 0xFB, 0x5E, 0x0F, 0x5D, 0x17,
    0x92, 0x7A, 0x97, 0x62, 0x2C, 0x7D, 0x4E, 0x57, 0x9F, 0xBD, 0x80, 0xD4, 0xE4, 0x92, 0x38, 0x40,
    0xCD, 0xC6, 0x8D, 0x39, 0xA7, 0xD4, 0x8F, 0x10, 0x60, 0x9A, 0xBE, 0x27, 0x3B, 0xEB, 0xD9, 0x4F,
    0x1F, 0x28, 0xBB, 0xFC, 0x9B, 0x3E, 0x90, 0x5E, 0xBA, 0x45, 0x6D, 0xEC, 0xCE, 0xE0, 0x81, 0x73,
    0x5A, 0xCA, 0xB6, 0xE8, 0x27, 0x57, 0x43, 0x76, 0x65, 0xA1, 0x1F, 0x7C, 0x7B, 0x2C, 0x71, 0x1E,
    0xD2, 0xCF, 0xF6, 0x46, 0x86, 0x31, 0x89, 0x8B, 0xB9, 0x48, 0x8C, 0xD3, 0xFA, 0x84, 0xE6, 0x5A,
    0x7A, 0x15, 0x7F, 0x11, 0x20, 0xA4, 0xFE, 0x61, 0xA4, 0x17, 0x3C, 0x09, 0x72, 0x63, 0x1C, 0xDA,
    0xF4, 0x93, 0xD8, 0xC9, 0x7B, 0xE8, 0x97, 0x71, 0xE1, 0x03, 0xFF, 0xA4, 0x75, 0x31, 0xBB, 0xE4,
    0x37, 0x95, 0x68, 0xC6, 0x44, 0x56, 0x73, 0xAD, 0x91, 0x4F, 0xB1, 0xE3, 0xDE, 0x6B, 0x3F, 0x47,
    0x0E, 0xD1, 0x3E, 0x37, 0x5E, 0xB1, 0x4F, 0xD8, 0xA3, 0x2C, 0x4D, 0x98, 0xC4, 0x8C, 0x05, 0xDA,
    0xDD, 0x23, 0x70, 0x4B, 0x74, 0x29, 0x89, 0xCA, 0x87, 0x7C, 0x10, 0x91, 0x12, 0xEF, 0x87, 0x4D,
    0xDE, 0x05, 0x91, 0x32, 0x2E, 0x7C, 0xC2, 0x8F, 0x94, 0x4F, 0x02, 0x72, 0xCA, 0x8B, 0xA7, 0xD3,
    0x73, 0x7D, 0x88, 0x12, 0x89, 0xCA, 0xA7, 0xD1, 0x33, 0x91, 0xA8, 0x07, 0xA6, 0xCE, 0xAB, 0xA3,
    0x0F, 0x3A, 0xCA, 0x42, 0xEF, 0x2F, 0xD9, 0x52, 0x14, 0xC1, 0x8E, 0x68, 0xA7, 0x79, 0xBA, 0x35,
    0x11, 0x3D, 0x9F, 0x54, 0xFA, 0x4D, 0x9B, 0x85, 0x12, 0x1E, 0x4B, 0xEE, 0x24, 0x54, 0xF4, 0xEB,
    0x69, 0x75, 0x69, 0x02, 0x4B, 0xBF, 0xC2, 0x7B, 0x1F, 0x34, 0x96, 0x84, 0xFA, 0x1F, 0x3F, 0x42,
    0x4D, 0x7B, 0xD3, 0x7A, 0x94, 0x0E, 0xFF, 0x01, 0xCE, 0x16, 0x52, 0x39, 0xED, 0xA0, 0x11, 0x11,
    0x4C, 0x2F, 0x4B, 0xEE, 0x83, 0x83, 0x1A, 0x9A, 0x2C, 0x46, 0xA3, 0x3C, 0x0E, 0x13, 0xA7, 0x50,
    0x17, 0x79, 0xF3, 0x08, 0x47, 0x19, 0x97, 0x22, 0xAA, 0x55, 0x38, 0x82, 0x6C, 0x5D, 0x50, 0xEA,
    0x03, 0x8A, 0x91, 0xCD, 0xB6, 0xED, 0x85, 0xA4, 0x26, 0x13, 0x11, 0x49, 0xB7, 0xAB, 0x8B, 0xCD,
    0x25, 0x28, 0x42, 0xE9, 0xA4, 0x0C, 0x28, 0xFA, 0xFE, 0x41, 0xF9, 0xC0, 0xDA, 0x2B, 0xE4, 0x52,
    0xA9, 0x70, 0x9F, 0x23, 0xC7, 0xEE, 0xBB, 0xC1, 0xAB, 0x92, 0x3B, 0x4B, 0x3A, 0x3C, 0x59, 0x2D,
    0xB7, 0x31, 0xF8, 0x7B, 0xA4, 0x03, 0xDB, 0xDD, 0x76, 0x3E, 0x0E, 0x94, 0xBA, 0x10, 0xFC, 0x55,
    0xB7, 0x3A, 0x32, 0xA4, 0xF0, 0x3A, 0xD7, 0xE6, 0x5E, 0x18, 0xCD, 0x9C, 0x37, 0xB5, 0x37, 0x0D,
    0xD8, 0x46, 0xFE, 0xA9, 0xF3, 0x65, 0xED, 0x75, 0x71, 0x22, 0x09, 0xA6, 0x52, 0x67, 0x0A, 0xD4,
    0x7E, 0x6C, 0x77, 0xCA, 0xB6, 0x94, 0xED, 0xB2, 0x7D, 0x69, 0x31, 0x57, 0xFE, 0xEF, 0xFA, 0x44,
    0xEE, 0x3B, 0x83, 0xF9, 0x78, 0xCA, 0x7B, 0x32, 0xB3, 0xE2, 0x22, 0xEF, 0xCF, 0xC1, 0x36, 0x13,
    0x78, 0x21, 0x2D, 0x0E, 0x9C, 0xF9, 0xE9, 0x9C, 0xD1, 0x42, 0x3C, 0x80, 0x43, 0x0E, 0xEE, 0xD1,
    0xE2, 0x6C, 0xCD, 0x69, 0x5F, 0x22, 0x9D, 0xF0, 0xE2, 0xFA, 0xED, 0xFF, 0x75, 0x34, 0xFD, 0x72,
    0x8E, 0xEA, 0xC4, 0x06, 0xAD, 0x43, 0xDC, 0xF7, 0xE5, 0xDE, 0x02, 0xCF, 0x8B, 0x1C, 0xE7, 0xBB,
    0xA0, 0xA5, 0x32, 0x33, 0xDB, 0x2D, 0x97, 0x97, 0x59, 0x85, 0x4E, 0x0C, 0x45, 0x00, 0xEE, 0x26,
    0xC5, 0xED, 0xC9, 0xDA, 0x92, 0x88, 0xAD, 0x55, 0x39, 0xAB, 0xBD, 0x24, 0x39, 0x21, 0x2F, 0x52,
    0xC5, 0x20, 0x75, 0xC2, 0xAD, 0x67, 0x30, 0x0F, 0x6E, 0xED, 0x47, 0xB7, 0x8E, 0xCC, 0xD3, 0xBA,
    0xFB, 0x79, 0xF3, 0x5D, 0xE6, 0x74, 0xC9, 0x5F, 0x00, 0x7A, 0x86, 0xAC, 0x79, 0xAF, 0xBE, 0xFB,
    0x96, 0x33, 0x2C, 0x84, 0xB4, 0xA8, 0xEF, 0xE1, 0x5B, 0xC1, 0x42, 0xC9, 0x2A, 0x12, 0xE5, 0x16,
    0x5D, 0x0D, 0x09, 0x8A, 0xED, 0xD4, 0x1E, 0x4F, 0xDB, 0x54, 0xC5, 0x8D, 0xB2, 0xCF, 0x9E, 0x32,
    0x2A, 0xE7, 0xBB, 0x8E, 0x7E, 0x1A, 0xEC, 0x51, 0x5E, 0xE8, 0xB2, 0x5F, 0xAA, 0xBF, 0x4B, 0xB4,
    0x87, 0xE4, 0x2F, 0x47, 0x0E, 0x63, 0x8D, 0xCD, 0x4E, 0x68, 0x41, 0x54, 0x25, 0xFB, 0x45, 0xC2,
    0xE1, 0xF0, 0xF0, 0x08, 0x9F, 0x3A, 0x4D, 0xBA, 0x8B, 0xF4, 0xEE, 0xCC, 0xCC, 0x75, 0x89, 0x60,
    0xB6, 0x4B, 0x1A, 0xF8, 0x7D, 0x58, 0x18, 0x56, 0x35, 0xE0, 0xA5, 0x93, 0x38, 0xA8, 0xB8, 0xB4,
    0x8F, 0x39, 0x39, 0xC3, 0xB2, 0x10, 0x71, 0x49, 0x73, 0x00, 0x58, 0x89, 0x09, 0x6B, 0xE0, 0xD9,
    0x64, 0x8C, 0x03, 0x68, 0xC6, 0x2B, 0x3A, 0x31, 0x34, 0x6E, 0xC3, 0xD6, 0xF9, 0x98, 0x57, 0x0F,
    0xB7, 0xA1, 0x38, 0x93, 0x19, 0xE8, 0xCE, 0xFA, 0xB3, 0x75, 0x1E, 0x43, 0xF7, 0x13, 0x39, 0x81,
    0x33, 0xF9, 0x6A, 0x69, 0x8E, 0xBE, 0x2B, 0x24, 0x7D, 0x1F, 0x74, 0x06, 0xF1, 0x7A, 0x10, 0xEF,
    0xB4, 0xF3, 0x7F, 0x70, 0xFD, 0xC7, 0x8E, 0xDF, 0x19, 0xC5, 0xFF, 0x18, 0x2C, 0xB9, 0x8C, 0xAD,
    0x2A, 0xA4, 0xA8, 0x4D, 0xDE, 0x0D, 0x39, 0xEC, 0x71, 0xDE, 0x83, 0x57, 0x0D, 0x82, 0xE3, 0x53,
    0x2B, 0xE9, 0xEA, 0x8E, 0x94, 0xD2, 0x73, 0x31, 0x03, 0xF7, 0xEE, 0xE8, 0xD8, 0xF0, 0x64, 0xE6,
    0xFC, 0x3A, 0x4E, 0x77, 0x74, 0xE9, 0xD2, 0x39, 0xD4, 0x0E, 0x21, 0x85, 0x04, 0xF8, 0x52, 0x38,
    0x8D, 0x44, 0x0B, 0xFD, 0x86, 0xCB, 0xFE, 0xE2, 0xD4, 0xDF, 0x9B, 0xF4, 0x53, 0x9B, 0xB0, 0x8D,
    0xB9, 0x88, 0x58, 0xCE, 0x75, 0xC0, 0xD9, 0x04, 0x28, 0xC4, 0x09, 0xBC, 0x5E, 0xC2, 0x5E, 0xC8,
    0x97, 0x3C, 0x6B, 0xBA, 0x25, 0x7F, 0xE2, 0x15, 0x9D, 0x18, 0x3A, 0xFA, 0xB0, 0x5A, 0xDA, 0x82,
    0xB9, 0x6A, 0xB4, 0xAA, 0xF1, 0x75, 0x9C, 0x4F, 0xAB, 0xA1, 0x3F, 0xE9, 0xA5, 0xC0, 0x45, 0x5E,
    0xAA, 0x13, 0x40, 0x9F, 0x37, 0x72, 0x56, 0xFE, 0x3F, 0xA5, 0x58, 0xBD, 0x8F, 0xDC, 0xC6, 0x15,
    0x7F, 0x4B, 0x5A, 0xA2, 0xB2, 0x2C, 0x46, 0x45, 0x02, 0x25, 0x27, 0x20, 0x54, 0x29, 0x07, 0xB6,
    0xF8, 0x0F, 0x9C, 0x6F, 0x88, 0x04, 0x70, 0x91, 0x20, 0xC0, 0x16, 0xB7, 0x70, 0x91, 0xE2, 0x5C,
    0xA4, 0xBF, 0xD6, 0x85, 0x74, 0xA4, 0xD4, 0xA4, 0x48, 0xE1, 0x6B, 0x5C, 0xA9, 0xF0, 0xD5, 0x4E,
    0x71, 0x8D, 0x80, 0x18, 0xC8, 0xDD, 0x71, 0x00, 0x37, 0x01, 0x54, 0x1C, 0x91, 0x28, 0x71, 0x91,
    0xC2, 0x04, 0xCE, 0x90, 0x0C, 0xAB, 0xD0, 0x44, 0x5A, 0x45, 0x94, 0x35, 0xE4, 0xE4, 0xF7, 0x86,
    0xBB, 0x7B, 0xFB, 0x75, 0xBB, 0xAB, 0xE4, 0xF6, 0x0D, 0x8F, 0x9C, 0x8F, 0xF7, 0x35, 0x6F, 0xDE,
    0xC7, 0x90, 0xD5, 0x44, 0xDC, 0xFA, 0x3D, 0x22, 0xA9, 0x88, 0xD2, 0xA2, 0xFD, 0x46, 0xF3, 0x7E,
    0xA8, 0xC8, 0xD7, 0xC6, 0xB5, 0xB0, 0x3C, 0x21, 0x61, 0x2D, 0x45, 0xD6, 0x26, 0xF2, 0xFB, 0x5C,
    0x49, 0x12, 0x2A, 0x27, 0x51, 0x0A, 0x8B, 0x6E, 0xBA, 0xD4, 0xA7, 0xB0, 0x26, 0x89, 0xA1, 0x5D,
    0x85, 0x81, 0xD0, 0xAA, 0xF4, 0x99, 0x32, 0x42, 0x35, 0xA9, 0xB2, 0x56, 0xC5, 0x4F, 0x8B, 0x4E,
    0xB6, 0x4F, 0xDE, 0x59, 0x09, 0xB4, 0x20, 0xB1, 0x45, 0xED, 0x5F, 0x9A, 0xB4, 0xDF, 0x68, 0x9E,
    0x2D, 0xC8, 0x7F, 0xA1, 0x5D, 0x0B, 0xFF, 0x56, 0x01, 0x87, 0x01, 0x29, 0x46, 0xD9, 0x90, 0xFC,
    0x22, 0xA7, 0x94, 0x64, 0xD2, 0x50, 0xAC, 0xA2, 0x88, 0x44, 0x43, 0x5E, 0xC5, 0xCB, 0x97, 0x53,
    0x24, 0x99, 0x11, 0xE5, 0x8C, 0xBD, 0x15, 0xC8, 0x7B, 0x05, 0xEC, 0xCF, 0x07, 0x14, 0xB0, 0x30,
    0x85, 0x01, 0xD7, 0x0D, 0x0B, 0x43, 0x10, 0x86, 0x24, 0xC5, 0x19, 0x84, 0xC1, 0xE4, 0x18, 0x8B,
    0x24, 0xD8, 0x8A, 0x94, 0xC3, 0x9E, 0x2D, 0xC2, 0x5E, 0xC4, 0xFF, 0x2A, 0x79, 0x22, 0xE6, 0x45,
    0x25, 0x85, 0x78, 0x26, 0x63, 0x91, 0x3C, 0x9B, 0x09, 0x3B, 0x90, 0x4F, 0x4C, 0x4E, 0x07, 0x35,
    0x91, 0x19, 0x01, 0xDE, 0xD1, 0x23, 0x1F, 0x1B, 0x8C, 0x62, 0x0E, 0x5D, 0x71, 0x5A, 0xC0, 0xC0,
    0xC1, 0xB9, 0x24, 0xF9, 0xA1, 0xAA, 0x27, 0xE7, 0x1F, 0x66, 0xE8, 0xC4, 0x10, 0xDD, 0xA6, 0x8E,
    0xA5, 0xE0, 0xA1, 0x5A, 0x8B, 0xC4, 0x93, 0x11, 0x89, 0x7D, 0xF2, 0xA1, 0xC7, 0x13, 0xDA, 0xE8,
    0x4E, 0x92, 0xC8, 0x16, 0x93, 0x78, 0x07, 0x53, 0x24, 0x9D, 0x6F, 0x0D, 0xFE, 0x3A, 0xB6, 0x84,
    0x92, 0x0C, 0xC9, 0xC7, 0x16, 0x88, 0x6F, 0xF2, 0x7C, 0x5E, 0x36, 0x6E, 0xFC, 0xCD, 0xFD, 0x3C,
    0xCE, 0xF3, 0x3C, 0xCC, 0xF7, 0xA0, 0x63, 0xD8, 0x4E, 0xE2, 0x28, 0x9A, 0x11, 0xC5, 0x77, 0x26,
    0x29, 0x26, 0x4C, 0xD1, 0xD0, 0xE5, 0x7B, 0x99, 0x67, 0x13, 0x3A, 0x5A, 0x47, 0x6F, 0x0F, 0xE4,
    0xD3, 0xA1, 0x50, 0x90, 0x05, 0x12, 0x41, 0x2E, 0x48, 0xB7, 0x52, 0xA8, 0x6E, 0x37, 0x09, 0x2D,
    0x79, 0xE8, 0xFD, 0x98, 0x27, 0x63, 0xBF, 0x61, 0x19, 0xF5, 0xAE, 0x36, 0x7E, 0x65, 0x3A, 0xC6,
    0xD0, 0x08, 0xF0, 0xEE, 0x57, 0xE8, 0xC7, 0x28, 0xE6, 0xC0, 0x04, 0x55, 0xDB, 0x5E, 0x65, 0xE2,
    0xEC, 0x0D, 0xD8, 0xD5, 0x40, 0xA9, 0xA9, 0x0E, 0x34, 0x19, 0xBF, 0x6D, 0xFC, 0xCE, 0x7D, 0x3C,
    0x26, 0x60, 0xB1, 0xC2, 0x7E, 0xEB, 0x0E, 0x87, 0xF8, 0x67, 0xAE, 0x84, 0x12, 0x85, 0x50, 0x01,
    0xB0, 0xF9, 0xAE, 0xED, 0xFC, 0xC3, 0xD7, 0xFC, 0xED, 0xFA, 0x79, 0x9C, 0xE7, 0x61, 0x3E, 0x2B,
    0xEA, 0x4F, 0x15, 0x59, 0x3E, 0x5E, 0xC0, 0x01, 0x54, 0xC0, 0x08, 0xC4, 0xC0, 0x0F, 0xC0, 0x0B,
    0x3E, 0xD1, 0x89, 0xA1, 0xF1, 0x11, 0xB3, 0xB6, 0x04, 0xD4, 0xFD, 0xA4, 0x95, 0x15, 0xC7, 0x03,
    0x50, 0x6F, 0x8F, 0x44, 0xEF, 0x27, 0xED, 0x84, 0xF1, 0xFC, 0xA0, 0xA6, 0xD8, 0x66, 0xE9, 0x6E,
    0x51, 0xFF, 0x0E, 0xFD, 0xE0, 0x06, 0xA6, 0xDF, 0xEE, 0x40, 0x06, 0xF5, 0xFC, 0x08, 0xBA, 0xC4,
    0x69, 0xAA, 0xC9, 0x1B, 0x38, 0xF5, 0xCC, 0x20, 0x37, 0x0C, 0xF3, 0xC8, 0x27, 0x0F, 0xE0, 0x10,
    0xFF, 0x61, 0x61, 0x58, 0xD4, 0x59, 0xFC, 0xB0, 0x02, 0x88, 0x08, 0x8B, 0x68, 0xFF, 0x66, 0xF1,
    0x0F, 0x18, 0xEA, 0xDE, 0x2C, 0x7E, 0xAA, 0xDC, 0xF7, 0x55, 0x5E, 0xE2, 0xF3, 0x09, 0x55, 0xF2,
    0xF3, 0x22, 0xFD, 0x48, 0xE7, 0x96, 0x61, 0x0F, 0x56, 0x7A, 0x3F, 0x43, 0x67, 0xD0, 0x4C, 0x21,
    0x04, 0x9F, 0x2D, 0xC3, 0xE7, 0x86, 0x33, 0x46, 0x18, 0x27, 0xF4, 0x41, 0x02, 0xD7, 0x31, 0xE4,
    0xF6, 0x7E, 0x51, 0x7F, 0x34, 0xA1, 0x8D, 0x0F, 0xC1, 0xAD, 0x62, 0x33, 0x19, 0x90, 0xFF, 0x9A,
    0x3A, 0x0D, 0xCD, 0x98, 0xD8, 0x9A, 0x6A, 0xE1, 0x55, 0xCD, 0xF9, 0xAA, 0x15, 0x9A, 0xF9, 0x29,
    0x5B, 0xB5, 0x67, 0x95, 0x77, 0x6F, 0xDF, 0xD9, 0xFE, 0xBE, 0xB0, 0x15, 0x7C, 0x43, 0x4E, 0x3D,
    0x36, 0xE4, 0x4B, 0x7D, 0x58, 0x3B, 0x00, 0xC6, 0x0D, 0xC7, 0x87, 0xE3, 0x05, 0x37, 0xE5, 0xD9,
    0x4F, 0x09, 0x1C, 0xD6, 0x24, 0x76, 0xF8, 0x70, 0x89, 0xB3, 0x65, 0x06, 0x03, 0xBD, 0xFF, 0x3C,
    0x2C, 0x21, 0x97, 0xC0, 0x09, 0xEB, 0x91, 0x77, 0x37, 0xF3, 0xFF, 0xAE, 0xD8, 0x25, 0xEC, 0xD1,
    0xFA, 0xE4, 0xBA, 0x5D, 0xB6, 0xA2, 0x76, 0xA3, 0xDF, 0x8A, 0x1C, 0xFB, 0x12, 0x49, 0x13, 0x1E,
    0x71, 0x9A, 0x5C, 0xA7, 0x6F, 0x42, 0x0B, 0x98, 0x95, 0xEE, 0xAA, 0x53, 0x68, 0x4B, 0xEE, 0xC5,
    0x0A, 0x72, 0x1B, 0x93, 0xD2, 0xAD, 0xA9, 0x3D, 0xFC, 0x7D, 0x49, 0xB4, 0xE9, 0xBC, 0x29, 0x0C,
    0x3E, 0x75, 0xB4, 0x06, 0xFC, 0xC9, 0x8E, 0x64, 0x50, 0x49, 0x5B, 0xE5, 0xF7, 0xAB, 0x1A, 0xBE,
    0xC1, 0x83, 0x7B, 0xE0, 0x17, 0x7C, 0xA2, 0x33, 0x7C, 0x5D, 0x51, 0xA7, 0xBA, 0x1E, 0x0C, 0x40,
    0x3D, 0x84, 0x0E, 0xB7, 0x89, 0x6E, 0x30, 0xAB, 0xC1, 0xB3, 0xA4, 0xFB, 0x61, 0xE6, 0x7C, 0xA1,
    0x99, 0x04, 0x6B, 0x87, 0x30, 0xD3, 0x4F, 0x19, 0x42, 0x0F, 0x45, 0x47, 0xF4, 0xEE, 0x86, 0xB3,
    0x6D, 0x3D, 0x82, 0x17, 0x95, 0x6F, 0x1B, 0xBF, 0x86, 0xAB, 0x90, 0xF3, 0x20, 0xA1, 0x4A, 0xCB,
    0x8E, 0x09, 0x2D, 0xED, 0xA7, 0x09, 0x7F, 0x4B, 0x8E, 0x5A, 0xDC, 0xFA, 0x29, 0xC9, 0x05, 0x3F,
    0xC4, 0xB1, 0xD6, 0x4C, 0xF1, 0x22, 0x4E, 0xE1, 0x0E, 0x2A, 0xF1, 0x0A, 0xB1, 0x6B, 0x01, 0x44,
    0xBF, 0x95, 0xF5, 0xE6, 0x27, 0xD8, 0x2E, 0x2B, 0xED, 0xB5, 0x97, 0xBE, 0x9E, 0xFC, 0x5D, 0x7B,
    0xC9, 0xBD, 0xB2, 0xB6, 0x50, 0x93, 0xD4, 0x52, 0x5F, 0xD3, 0xD3, 0xE3, 0xB0, 0x6A, 0xDD, 0xEF,
    0x41, 0x52, 0xB3, 0xF3, 0x48, 0xA8, 0xC9, 0xDF, 0xCE, 0x23, 0xEE, 0x1D, 0x8E, 0x2B, 0xAB, 0x76,
    0xD4, 0xF4, 0xF8, 0xC1, 0xCD, 0xCA, 0xA4, 0x03, 0xC1, 0x61, 0xF9, 0xC2, 0xD5, 0x47, 0xB7, 0x65,
    0x15, 0x16, 0x17, 0x50, 0xBE, 0x70, 0x55, 0x9C, 0xC9, 0x24, 0x2A, 0x82, 0x8C, 0x7B, 0x02, 0x17,
    0xFE, 0x73, 0x15, 0xCD, 0x50, 0x77, 0x73, 0x54, 0x07, 0xCA, 0x11, 0x99, 0x3B, 0xE0, 0x17, 0x4B,
    0xB0, 0x80, 0x77, 0xA7, 0x55, 0xF7, 0xD8, 0x79, 0xC4, 0x28, 0xD4, 0x85, 0x8F, 0x1F, 0xF3, 0x03,
    0x4A, 0x3E, 0xFC, 0x2E, 0xCF, 0x33, 0x6B, 0xA4, 0x05, 0xA5, 0xB0, 0xA2, 0xF0, 0x5E, 0x21, 0xBE,
    0xD2, 0x00, 0xBC, 0x70, 0x00, 0xFD, 0x4A, 0x03, 0x22, 0xD7, 0x33, 0x0F, 0x74, 0x1D, 0x71, 0x46,
    0x73, 0x16, 0xE3, 0x21, 0x75, 0xC2, 0x6A, 0x8A, 0xE5, 0x79, 0x80, 0xE6, 0x48, 0xBB, 0xA4, 0x5D,
    0x41, 0x3B, 0x81, 0xC9, 0xC9, 0x43, 0xF8, 0x40, 0xA4, 0x58, 0x70, 0x99, 0x34, 0x34, 0xC2, 0xE3,
    0x39, 0x23, 0x5C, 0x04, 0x63, 0xE2, 0xC6, 0x37, 0x46, 0x68, 0x13, 0x2B, 0x93, 0x27, 0x0D, 0x82,
    0x8E, 0x8B, 0x5A, 0x30, 0xC0, 0x46, 0x66, 0x26, 0x52, 0x26, 0x6C, 0x23, 0x2A, 0xE7, 0x03, 0xC3,
    0x03, 0x75, 0xC4, 0xCB, 0xC7, 0xAE, 0x98, 0x17, 0xA6, 0x64, 0x6A, 0xE7, 0xF3, 0xB5, 0x5B, 0x5E,
    0x13, 0x8E, 0xAB, 0xC1, 0x72, 0xB6, 0x02, 0xF2, 0x0B, 0xEA, 0xB8, 0x48, 0x11, 0xAA, 0xB9, 0xC9,
    0xC6, 0x4D, 0x46, 0x8F, 0x84, 0x32, 0x8B, 0x4B, 0xC8, 0xCC, 0x9C, 0x6B, 0xF9, 0xBD, 0xD3, 0x80,
    0x59, 0x0A, 0xEE, 0xD8, 0x30, 0x5C, 0xC2, 0xA2, 0x2D, 0xB7, 0xC4, 0x2C, 0xF8, 0x35, 0x19, 0x62,
    0x8C, 0x5A, 0x13, 0xD5, 0x24, 0xB7, 0xD8, 0xE8, 0x45, 0xC7, 0x4F, 0x1E, 0x48, 0x2D, 0xB0, 0x05,
    0x22, 0x09, 0x54, 0x88, 0x3C, 0xD9, 0x08, 0x32, 0xB7, 0xC8, 0xBC, 0xB7, 0x02, 0xB3, 0xD1, 0x46,
    0xD7, 0xE5, 0x4A, 0xD6, 0xEE, 0xC0, 0xC3, 0x38, 0xB8, 0x33, 0x87, 0x60, 0xB4, 0xEC, 0x0E, 0xDB,
    0x2E, 0x9E, 0x8C, 0x20, 0x81, 0xDB, 0x68, 0x2D, 0xD2, 0xC1, 0x43, 0xF6, 0xE9, 0x08, 0xF9, 0x71,
    0xC9, 0xFB, 0x9A, 0xB7, 0x9D, 0xD6, 0x0C, 0xA1, 0xB5, 0xF1, 0xBF, 0x0A, 0x23, 0x4C, 0x5C, 0x4A,
    0x50, 0xC6, 0xD7, 0x77, 0xC2, 0x04, 0x86, 0x3A, 0x09, 0xEF, 0x4D, 0x94, 0xD1, 0xBB, 0xEE, 0xC8,
    0xC0, 0x61, 0x28, 0x69, 0x0B, 0x78, 0x44, 0x89, 0xA4, 0xCD, 0x18, 0x69, 0x4E, 0xA4, 0x91, 0xD2,
    0xC4, 0x39, 0xE3, 0x09, 0xAC, 0xF1, 0xAD, 0x41, 0xCA, 0x3A, 0x9D, 0xE4, 0xD6, 0x1C, 0xB2, 0x33,
    0x9B, 0xAA, 0x85, 0xBE, 0xC8, 0x26, 0x13, 0x38, 0xAB, 0x39, 0x9C, 0xE1, 0x08, 0xE7, 0xB4, 0x8D,
    0x2D, 0xC7, 0x39, 0x63, 0x5A, 0xDE, 0xDD, 0x03, 0xEF, 0x0D, 0xA4, 0x76, 0xF1, 0x77, 0x6D, 0x29,
    0xE2, 0x98, 0x58, 0x01, 0x7A, 0xB5, 0x08, 0x93, 0xC9, 0xB1, 0x31, 0x27, 0x1C, 0x0A, 0x32, 0xB2,
    0x50, 0x72, 0x0D, 0x56, 0xCC, 0xE2, 0xB6, 0xAE, 0x2A, 0xBD, 0x9C, 0x7C, 0x4B, 0xBE, 0x59, 0x21,
    0x30, 0xAA, 0x15, 0xD8, 0x28, 0x26, 0xE2, 0xC9, 0xAD, 0xD3, 0x4F, 0x86, 0x41, 0xB8, 0x98, 0xC8,
    0xE5, 0x65, 0x02, 0x0B, 0x50, 0xC6, 0x15, 0x59, 0x6D, 0xE3, 0x6F, 0x2E, 0xB1, 0xCE, 0x73, 0xF9,
    0x82, 0xCE, 0x2B, 0xBB, 0x86, 0x99, 0xCC, 0x91, 0xCC, 0x4C, 0x85, 0xE3, 0x82, 0x13, 0xA7, 0x86,
    0xB5, 0xEA, 0x52, 0x7F, 0xCA, 0xB3, 0xB1, 0x67, 0xFA, 0x9F, 0xC8, 0x89, 0x89, 0xCA, 0x6E, 0x29,
    0x45, 0x7A, 0xFF, 0x3D, 0xA2, 0xE3, 0x23, 0xEA, 0xBC, 0x1C, 0xFC, 0x5F, 0x14, 0xA9, 0xB7, 0xEF,
    0x3D, 0xD7, 0xC1, 0x93, 0xB2, 0xFB, 0xEB, 0x64, 0x25, 0x51, 0xCF, 0xE6, 0x7C, 0x48, 0x10, 0xD7,
    0xE5, 0x53, 0x3C, 0x72, 0x28, 0x19, 0xC5, 0x46, 0xCA, 0xBB, 0x0D, 0xD7, 0x3E, 0x7A, 0xF4, 0xDB,
    0x3E, 0x37, 0x8A, 0x79, 0xFD, 0x6D, 0xB7, 0xC2, 0xAD, 0x0D, 0xEB, 0x68, 0xC0, 0x61, 0xBB, 0x41,
    0x1E, 0x58, 0xE7, 0x28, 0x21, 0x5E, 0xEE, 0x64, 0xD8, 0x5C, 0x9C, 0x5B, 0x7E, 0x70, 0x45, 0xC1,
    0x03, 0x27, 0x3C, 0xC5, 0x82, 0x97, 0x18, 0x8A, 0xB8, 0xE2, 0xF2, 0x95, 0xD1, 0xF9, 0x99, 0xA8,
    0x5F, 0x1C, 0x73, 0xBB, 0x65, 0x5B, 0xB0, 0xB0, 0xA5, 0xC9, 0x84, 0x1D, 0xB1, 0x28, 0x8D, 0x3F,
    0xA0, 0x9E, 0xA7, 0x83, 0xB2, 0x0B, 0x89, 0x5E, 0x73, 0x8C, 0xDE, 0x9F, 0xF6, 0x28, 0x17, 0x22,
    0xD9, 0x73, 0x48, 0xA0, 0xAC, 0xD0, 0x21, 0x99, 0x3E, 0x66, 0xE2, 0x73, 0x61, 0xC5, 0xEB, 0xE9,
    0x48, 0x38, 0x72, 0x70, 0xB1, 0xCB, 0x98, 0x8F, 0x89, 0x17, 0xED, 0xBF, 0x05, 0x9F, 0x5B, 0x5B,
    0x24, 0x2A, 0xF2, 0x4B, 0x5E, 0xB2, 0x75, 0x9B, 0x24, 0xB4, 0xF7, 0x2D, 0xE7, 0x8D, 0xF3, 0x40,
    0xBE, 0x6A, 0x7D, 0xED, 0x78, 0xAB, 0xDB, 0x84, 0x4F, 0xD2, 0xC7, 0xA8, 0xF1, 0x63, 0xBB, 0x0F,
    0xE7, 0x40, 0xBB, 0xB0, 0x8B, 0x3C, 0x22, 0x29, 0x1F, 0x37, 0x82, 0x35, 0x5E, 0xD0, 0x74, 0xAC,
    0x40, 0xF4, 0x8B, 0xB9, 0x96, 0x50, 0xA8, 0xDA, 0x63, 0x9B, 0x5C, 0x86, 0xC5, 0x06, 0x5A, 0xDE,
    0xD7, 0xB1, 0x2D, 0x02, 0xEB, 0xEA, 0x77, 0x9B, 0xF9, 0x67, 0xE5, 0xDB, 0x91, 0xB8, 0x41, 0x1D,
    0x4E, 0x04, 0xA9, 0x4D, 0x04, 0x97, 0x93, 0x98, 0xC3, 0x99, 0x2D, 0xC2, 0x59, 0xD2, 0x2D, 0xA2,
    0xEB, 0x8A, 0xD2, 0x64, 0x84, 0x2D, 0x5B, 0xCC, 0x70, 0xE9, 0x12, 0xD9, 0x8A, 0x8F, 0x5F, 0x07,
    0x07, 0x7D, 0x6B, 0x5E, 0x39, 0xBD, 0x19, 0xCE, 0x63, 0x50, 0xF9, 0x7E, 0xC8, 0x39, 0x18, 0x06,
    0xDB, 0x60, 0x9E, 0x73, 0xD9, 0x55, 0x9C, 0xB7, 0xE9, 0x6C, 0x7F, 0x5C, 0xF4, 0x5C, 0x04, 0x0F,
    0x88, 0x76, 0x09, 0x69, 0x40, 0x1B, 0x06, 0x39, 0xFF, 0x4B, 0x7B, 0xE3, 0xA0, 0xB8, 0x2F, 0x75,
    0xA4, 0x83, 0xE4, 0xB2, 0x16, 0xA5, 0x23, 0x9E, 0x70, 0xA9, 0x7E, 0xA3, 0xAD, 0xB0, 0xD6, 0x43,
    0xFF, 0x3E, 0x6D, 0xFD, 0x62, 0x53, 0x7E, 0x32, 0x87, 0xF9, 0x80, 0x31, 0xCF, 0x20, 0x81, 0xEF,
    0x03, 0x74, 0xEA, 0x64, 0x06, 0xC9, 0x39, 0x63, 0x69, 0x8F, 0xFF, 0x8F, 0x96, 0x07, 0x5C, 0x4D,
    0x0C, 0xFD, 0xD7, 0x4C, 0xDE, 0x3E, 0x09, 0xB5, 0x67, 0xF2, 0x67, 0xC3, 0x42, 0x20, 0x82, 0xEB,
    0x76, 0x29, 0xCF, 0xE2, 0x70, 0x96, 0xAA, 0xDC, 0xAA, 0xF8, 0x1B, 0x35, 0xF6, 0xA2, 0xEB, 0x63,
    0xE6, 0xA3, 0x60, 0xE8, 0x27, 0xDB, 0x4B, 0x31, 0x9F, 0xAA, 0xEE, 0xE5, 0x04, 0x93, 0xBD, 0x86,
    0xDE, 0x8A, 0xED, 0xAD, 0x5B, 0x14, 0xC1, 0x66, 0x07, 0xAB, 0x39, 0x77, 0x6A, 0x24, 0xFF, 0x94,
    0x9F, 0x2E, 0xA6, 0x2D, 0x23, 0xD1, 0x4C, 0x90, 0x60, 0x87, 0x01, 0x9F, 0xBB, 0xC9, 0x4F, 0x5F,
    0xAF, 0x41, 0xE8, 0x81, 0xF6, 0xFE, 0xA3, 0x83, 0xAF, 0x8B, 0xB7, 0x12, 0x84, 0xEE, 0x26, 0xFE,
    0xD7, 0x4A, 0x9C, 0x66, 0xDD, 0x8D, 0xD5, 0x24, 0x96, 0x73, 0x9E, 0x32, 0xCE, 0x92, 0xCF, 0xE8,
    0xE8, 0x12, 0x60, 0x05, 0xC3, 0x27, 0xF0, 0xFD, 0x09, 0xA5, 0x88, 0xAF, 0xEE, 0xDC, 0xB3, 0x8C,
    0x31, 0xDF, 0x64, 0xDD, 0xFC, 0xD9, 0x70, 0x33, 0xE0, 0xCE, 0x65, 0x72, 0x12, 0xC2, 0xBE, 0x52,
    0x31, 0x80, 0x91, 0x89, 0x6A, 0x8F, 0x64, 0x64, 0x8E, 0x29, 0xDE, 0x3D, 0x32, 0x14, 0x1D, 0x6E,
    0x42, 0x3F, 0x27, 0x5B, 0x78, 0xD4, 0x12, 0x25, 0x81, 0x89, 0x91, 0x9F, 0x98, 0x08, 0x49, 0x37,
    0xD2, 0x6C, 0xF2, 0x2B, 0x51, 0x3A, 0xD7, 0xC5, 0x04, 0x10, 0xA0, 0x5A, 0xA5, 0xC8, 0xDF, 0x94,
    0x46, 0xFE, 0xB1, 0x38, 0x96, 0x9F, 0xAA, 0xBD, 0xF4, 0x54, 0xC9, 0xBF, 0x7C, 0x93, 0xC9, 0x3F,
    0x3F, 0x4B, 0xE2, 0xE7, 0x96, 0xA2, 0x7F, 0xC3, 0xC6, 0x74, 0x43, 0xA2, 0x84, 0x3D, 0xDE, 0x22,
    0x17, 0x89, 0xBD, 0x57, 0x48, 0x7C, 0x92, 0x9E, 0x5B, 0x8B, 0x78, 0x98, 0xC9, 0x2C, 0xA7, 0x08,
    0x51, 0x50, 0x9C, 0xC1, 0xE7, 0xBE, 0xD1, 0x6D, 0xFC, 0xE3, 0x74, 0x36, 0x1D, 0x5E, 0xFC, 0xCD,
    0xB6, 0x1B, 0x1C, 0xDE, 0x7C, 0xD4, 0xB8, 0xBF, 0x64, 0x11, 0xA5, 0x3F, 0x90, 0xBF, 0xD2, 0xD1,
    0x1F, 0x4A, 0xF1, 0xB0, 0x08, 0x4F, 0x55, 0x80, 0x4D, 0x46, 0x4E, 0x02, 0xBB, 0x68, 0x78, 0xBF,
    0xE0, 0x47, 0xC0, 0x37, 0xA7, 0xF2, 0x57, 0x93, 0xF6, 0xF2, 0xF8, 0x07, 0x3D, 0x8E, 0xCC, 0x52,
    0xC5, 0x88, 0x16, 0x32, 0x09, 0x35, 0x52, 0x98, 0x41, 0x4D, 0x1D, 0xCB, 0x57, 0x21, 0x03, 0x2E,
    0xED, 0xF8, 0x9A, 0x95, 0xDC, 0xB5, 0xEB, 0x6C, 0x6B, 0x33, 0xC7, 0xE3, 0x51, 0xE4, 0x73, 0x37,
    0x28, 0xFD, 0x5D, 0xCD, 0x17, 0xD4, 0x39, 0xBB, 0x18, 0xBE, 0xD9, 0xD4, 0x08, 0xE9, 0x7C, 0x85,
    0xDC, 0x8E, 0x02, 0x98, 0xE7, 0x2F, 0xF9, 0x22, 0xC7, 0x6B, 0x0B, 0x3B, 0xCB, 0xD0, 0x77, 0x37,
    0x80, 0x21, 0x8A, 0x9E, 0x82, 0x2F, 0x6C, 0xED, 0x17, 0xD9, 0x30, 0x91, 0x9F, 0xB8, 0x6F, 0x38,
    0x27, 0xB1, 0xA3, 0x99, 0x25, 0xCC, 0x6B, 0x78, 0x15, 0x4E, 0x09, 0xB6, 0x02, 0x34, 0xED, 0x67,
    0xBD, 0x76, 0x02, 0xCA, 0xB0, 0xF1, 0xFD, 0xE6, 0x10, 0x7F, 0xCE, 0xE2, 0xFB, 0xED, 0x4C, 0xA4,
    0x7B, 0x7C, 0x21, 0xC4, 0xF8, 0x37, 0xBA, 0xC9, 0xF0, 0xFA, 0xA4, 0x37, 0x2F, 0x02, 0xE3, 0xF7,
    0xC7, 0x5C, 0xF1, 0xAA, 0x21, 0xFE, 0x0F, 0xEE, 0x90, 0x18, 0x70, 0xD2, 0x3A, 0xC3, 0x7F, 0x30,
    0xE6, 0x7F, 0x84, 0x9F, 0xB6, 0x03, 0xA4, 0xE9, 0x1C, 0x88, 0x17, 0x15, 0xB9, 0xFF, 0x05, 0xAD,
    0x55, 0x3B, 0x6F, 0xDC, 0x46, 0x10, 0x9E, 0xE3, 0xC6, 0x66, 0x6C, 0x16, 0x9B, 0x22, 0x06, 0x0C,
    0x07, 0xD0, 0xA5, 0x48, 0xE3, 0x8A, 0x80, 0xFB, 0x78, 0x58, 0xA5, 0x8D, 0x0A, 0x5D, 0x95, 0xC2,
    0x3F, 0xE1, 0xFE, 0x80, 0x03, 0x32, 0x4E, 0x91, 0xD2, 0xE7, 0xDA, 0x45, 0x54, 0xBB, 0x51, 0xBA,
    0x14, 0xB1, 0xC4, 0x0D, 0x5C, 0xA6, 0x30, 0x6D, 0x43, 0x48, 0xE9, 0x83, 0x13, 0x28, 0x85, 0x0B,
    0x2D, 0x70, 0x02, 0x42, 0xD8, 0x4B, 0x4E, 0xBE, 0x59, 0xF2, 0x24, 0xF9, 0x62, 0xE7, 0x01, 0x58,
    0xB7, 0x33, 0xE2, 0x63, 0xE7, 0xB1, 0xDF, 0x7C, 0x33, 0x24, 0x32, 0x9E, 0x28, 0xF3, 0x13, 0x91,
    0xC6, 0x8A, 0x14, 0x7C, 0xD4, 0x51, 0x49, 0x4C, 0x1D, 0xE5, 0x55, 0x20, 0xEB, 0xD6, 0x82, 0x7B,
    0x57, 0x13, 0xE3, 0xBD, 0x90, 0x95, 0x40, 0x89, 0x34, 0x44, 0x14, 0x68, 0x12, 0x32, 0x69, 0x59,
    0x96, 0xF5, 0x5E, 0x13, 0x52, 0x1F, 0x8C, 0xAE, 0x2E, 0xF5, 0xB8, 0x65, 0xA9, 0xB2, 0x1E, 0x7B,
    0x8C, 0x83, 0x7F, 0xF8, 0x10, 0xF8, 0xEB, 0x61, 0xF1, 0xEE, 0x5F, 0x97, 0x04, 0xAA, 0x8F, 0x4F,
    0x88, 0xC5, 0x53, 0x26, 0xD5, 0xE8, 0x3F, 0xD8, 0x36, 0xD8, 0x65, 0x40, 0x1A, 0xE7, 0x96, 0x94,
    0xAE, 0x16, 0x97, 0x3F, 0x86, 0x6F, 0xBA, 0x78, 0x67, 0xA1, 0x61, 0x44, 0xAF, 0xE9, 0x40, 0x15,
    0x7D, 0x4C, 0xC3, 0x9F, 0xF4, 0x70, 0x16, 0x44, 0x1C, 0x74, 0x37, 0xF7, 0x57, 0xBE, 0x0A, 0xC1,
    0xB4, 0x64, 0x7D, 0x98, 0x04, 0xCA, 0x1B, 0x8D, 0xC9, 0x95, 0x6A, 0xD1, 0xF8, 0x88, 0x8E, 0xE7,
    0xE9, 0x09, 0x61, 0x8F, 0x5D, 0x12, 0xF6, 0xF3, 0xE1, 0xCE, 0x60, 0x3B, 0xF8, 0x81, 0x43, 0xFB,
    0x7D, 0x81, 0x6B, 0x03, 0x0B, 0x84, 0xFB, 0x41, 0xF7, 0x68, 0x96, 0x06, 0x08, 0x38, 0xD8, 0xAA,
    0xA6, 0x70, 0xA5, 0x74, 0xA7, 0x3E, 0x4D, 0xF4, 0x69, 0xA3, 0x4F, 0x6E, 0x74, 0xBF, 0x1C, 0x16,
    0xB0, 0xD5, 0xD5, 0x47, 0x27, 0x44, 0x37, 0xBF, 0x46, 0x0D, 0xAC, 0x87, 0x02, 0x54, 0x5A, 0x0D,
    0xBB, 0xF2, 0x22, 0x00, 0x41, 0xA4, 0xDE, 0xF3, 0x33, 0x01, 0x9C, 0x06, 0x79, 0x63, 0x0B, 0x14,
    0x37, 0xB8, 0x95, 0xA2, 0xDE, 0x5B, 0xC9, 0x8C, 0x65, 0x25, 0x62, 0x57, 0x50, 0x9A, 0x5A, 0xF8,
    0x4F, 0x2A, 0x51, 0x95, 0x7F, 0x03, 0x4C, 0x9E, 0xBF, 0x3C, 0x11, 0xF9, 0x45, 0xA3, 0xFC, 0xAC,
    0x58, 0xA7, 0x90, 0x75, 0xB9, 0xD3, 0x2A, 0xEE, 0x3E, 0x57, 0xFE, 0x4D, 0x11, 0x79, 0x7C, 0x2A,
    0x44, 0x73, 0x88, 0x1E, 0x45, 0x50, 0xE9, 0x82, 0x86, 0x1A, 0x65, 0x05, 0x7C, 0x6C, 0x54, 0x6D,
    0x58, 0xFD, 0x5D, 0x07, 0x2B, 0x86, 0xE1, 0xDC, 0x4D, 0x04, 0x0B, 0x76, 0x8C, 0x83, 0x03, 0x69,
    0xD5, 0x4D, 0xD4, 0x3E, 0xEA, 0x56, 0x75, 0x08, 0x51, 0x1F, 0x44, 0xCD, 0x51, 0xE7, 0x72, 0x01,
    0xDA, 0x0A, 0x83, 0x72, 0xA9, 0xF0, 0xF1, 0x32, 0x18, 0x99, 0x6A, 0x09, 0xC4, 0x28, 0xE5, 0x68,
    0x0B, 0xC2, 0xF0, 0x8A, 0x82, 0xF0, 0x96, 0x7A, 0x84, 0x3F, 0xEE, 0x5B, 0x66, 0xF8, 0x62, 0x78,
    0x62, 0xFC, 0x63, 0x78, 0x61, 0xF5, 0xA1, 0x1E, 0x60, 0xCF, 0xB0, 0x66, 0xA2, 0x49, 0x4D, 0x20,
    0x37, 0x04, 0xE9, 0x27, 0xE0, 0xB8, 0x16, 0x44, 0x45, 0xAF, 0x89, 0xBA, 0x1E, 0x59, 0xC9, 0xB7,
    0x5E, 0xCA, 0x47, 0x88, 0xFF, 0x6E, 0x21, 0xFA, 0x04, 0x52, 0xAB, 0xB8, 0xE4, 0xDE, 0x2E, 0x4D,
    0x5E, 0x03, 0x9E, 0x12, 0x0E, 0x3E, 0x1C, 0x99, 0x59, 0x16, 0x23, 0x64, 0x2E, 0xB6, 0x92, 0x59,
    0xF9, 0x28, 0xD9, 0xD3, 0x36, 0x22, 0x3C, 0x95, 0x0E, 0x07, 0x00, 0xEB, 0x1E, 0xD4, 0xDA, 0x8E,
    0x45, 0x8F, 0xF6, 0xBB, 0x76, 0x99, 0xEC, 0x01, 0x81, 0xBF, 0xA4, 0x7C, 0xA7, 0x4C, 0x77, 0x14,
    0x0C, 0xEC, 0xAD, 0xCB, 0xC4, 0x95, 0xC7, 0x11, 0xDB, 0x52, 0xA9, 0x95, 0xBF, 0x6C, 0x2E, 0x7F,
    0x51, 0xA5, 0x38, 0x45, 0x3B, 0x86, 0x0B, 0x5A, 0xF6, 0xB7, 0x2F, 0x74, 0x1D, 0x9A, 0x0E, 0x74,
    0x43, 0xCB, 0x5D, 0xBF, 0x46, 0xD3, 0x7D, 0x4A, 0x91, 0x76, 0x15, 0xAD, 0xDE, 0x56, 0xBE, 0xB1,
    0xF5, 0x9E, 0xBB, 0xE4, 0xCE, 0x22, 0x41, 0xFA, 0xC0, 0xEB, 0xAA, 0x6E, 0x4E, 0x64, 0x61, 0x51,
    0xB0, 0xA3, 0x50, 0xD3, 0x76, 0x07, 0xDB, 0x0B, 0x33, 0x80, 0x8B, 0x85, 0x34, 0x71, 0x06, 0xCC,
    0x8D, 0xA9, 0x48, 0x22, 0x77, 0xED, 0xAD, 0xC2, 0xE0, 0xF5, 0x89, 0x9A, 0xD8, 0xDF, 0x3C, 0xE2,
    0x82, 0xE4, 0xDD, 0x1B, 0xA3, 0x43, 0x1F, 0x5A, 0x05, 0xC4, 0x6F, 0x65, 0x4B, 0x94, 0xD0, 0x4A,
    0x41, 0xDB, 0x11, 0x26, 0x9D, 0x3C, 0x3A, 0x81, 0x74, 0x12, 0xE9, 0x44, 0x3A, 0x4F, 0x49, 0x85,
    0xA8, 0x04, 0xAE, 0xFC, 0x7A, 0x98, 0x50, 0x13, 0x9D, 0x50, 0xFB, 0x88, 0xD2, 0x03, 0xEA, 0xB2,
    0xA2, 0x4C, 0x7B, 0xD8, 0x6D, 0xCC, 0xA9, 0x72, 0xAF, 0xC9, 0xA5, 0x4A, 0x3B, 0xCA, 0xE0, 0xFC,
    0x77, 0x4A, 0xDB, 0xF7, 0x3C, 0x32, 0x24, 0xD2, 0x71, 0xE8, 0xF3, 0xF7, 0x30, 0x2C, 0x94, 0x88,
    0x67, 0xEA, 0xFF, 0xCF, 0x89, 0x71, 0x18, 0x13, 0x4D, 0xB5, 0x41, 0x68, 0xA0, 0xE0, 0x6A, 0x94,
    0xBA, 0x3A, 0x47, 0xC9, 0x25, 0x99, 0x3F, 0x47, 0x4A, 0xBE, 0xC0, 0xF1, 0x9F, 0x0C, 0x94, 0xCC,
    0xDF, 0xA4, 0x64, 0x45, 0x97, 0xA2, 0x1B, 0xA0, 0xBC, 0x1B, 0x29, 0xD0, 0x2A, 0xCA, 0xD6, 0xAA,
    0x4E, 0xDA, 0x7F, 0x27, 0x29, 0x36, 0x5C, 0xD2, 0x5D, 0xF9, 0xE9, 0xE4, 0xDE, 0xA5, 0x75, 0x7F,
    0xE8, 0x4C, 0xD3, 0xC1, 0x66, 0x64, 0xB6, 0x83, 0xAF, 0x81, 0xB2, 0x45, 0x15, 0x5A, 0xBA, 0xA0,
    0x7D, 0x55, 0x81, 0x67, 0x78, 0xA9, 0x23, 0x47, 0xD5, 0xF4, 0xB0, 0x9C, 0xED, 0xB0, 0x42, 0x7E,
    0x30, 0x8C, 0xEA, 0x4F, 0x29, 0xB2, 0x3F, 0x01, 0xD1, 0x92, 0x48, 0x66, 0x24, 0x55, 0xE2, 0xA3,
    0x04, 0x8A, 0xCE, 0x5F, 0x75, 0x48, 0x87, 0x61, 0x27, 0x25, 0x04, 0x19, 0x51, 0x5F, 0xBE, 0x6A,
    0x6B, 0xBC, 0xCB, 0x7D, 0xBD, 0x8C, 0x20, 0xE1, 0x19, 0xE5, 0xC5, 0x3A, 0x1B, 0x90, 0xE9, 0x0F,
    0xC4, 0xEF, 0x23, 0xF9, 0x4A, 0x92, 0xA2, 0x33, 0x7A, 0x92, 0x2F, 0x5D, 0xF8, 0x1C, 0xE4, 0x6B,
    0xD1, 0x14, 0xCB, 0xBC, 0x2A, 0xDD, 0x40, 0x3E, 0x0D, 0x7F, 0x43, 0xC9, 0x87, 0x5E, 0xBF, 0x79,
    0x06, 0x4E, 0xD6, 0x37, 0x03, 0xFF, 0x3A, 0xF6, 0xE1, 0x47, 0xDF, 0x3F, 0xF3, 0xF2, 0xDD, 0xF0,
    0x9D, 0x74, 0x3F, 0xF5, 0x43, 0x03, 0x35, 0xDA, 0x40, 0xBF, 0x62, 0xDC, 0x2D, 0xB8, 0x02, 0xD6,
    0x8B, 0x0C, 0x9E, 0xE6, 0x78, 0x57, 0x4F, 0x71, 0xEE, 0xA3, 0x1E, 0xAC, 0xD6, 0x26, 0xF8, 0x20,
    0x62, 0x6E, 0xE3, 0x3C, 0xF9, 0x8C, 0x52, 0xD4, 0x01, 0x84, 0xBB, 0xEF, 0xB8, 0xC0, 0x45, 0x71,
    0x11, 0x95, 0x4B, 0x3D, 0xDF, 0xF7, 0xB9, 0x34, 0x29, 0x50, 0xFA, 0x48, 0x7B, 0x9F, 0x6E, 0xD3,
    0x24, 0x8E, 0x0D, 0x51, 0x66, 0x87, 0x59, 0xB7, 0xA3, 0x0F, 0xFF, 0x61, 0x51, 0x6C, 0xD0, 0xDB,
    0x44, 0x0F, 0x29, 0xF1, 0x88, 0xA6, 0x03, 0x54, 0x7C, 0xB9, 0xCD, 0x34, 0xFE, 0x76, 0xD9, 0x4F,
    0xC1, 0xC0, 0xB4, 0x49, 0x7C, 0xE2, 0xAD, 0xD3, 0x69, 0x73, 0x5C, 0xD0, 0x08, 0xFB, 0xE6, 0xB4,
    0x19, 0xA2, 0x62, 0x6D, 0x3C, 0xD7, 0x69, 0xF3, 0xF0, 0x6C, 0xDA, 0x18, 0xBF, 0x5E, 0xAB, 0xD6,
    0x48, 0x6F, 0x3A, 0x01, 0x8D, 0xFF, 0xBE, 0xFE, 0x02, 0x05, 0xC1, 0xB1, 0x0D, 0xC2, 0x40, 0x0C,
    0x40, 0xD1, 0xDF, 0xA0, 0x14, 0x14, 0x97, 0x01, 0x90, 0xB2, 0x00, 0xE2, 0x36, 0x88, 0x33, 0x02,
    0x0D, 0x62, 0x19, 0x0A, 0xC6, 0x61, 0x80, 0x14, 0x14, 0x26, 0xF1, 0x08, 0x8C, 0xC0, 0x08, 0x46,
    0x5C, 0x81, 0x90, 0x25, 0xF3, 0x9E, 0xC7, 0x58, 0x44, 0x3B, 0xAB, 0xAE, 0x7A, 0xD8, 0xAF, 0xF1,
    0x6E, 0xA7, 0x63, 0x7A, 0xFA, 0xFD, 0x22, 0xAD, 0xBC, 0xFA, 0xF8, 0xF6, 0x53, 0xFA, 0xCF, 0x97,
    0x61, 0x40, 0x48, 0xFB, 0x58, 0x9A, 0x50, 0x8A, 0x88, 0x86, 0x6A, 0xF5, 0xAD, 0x71, 0x23, 0xCE,
    0x91, 0x2D, 0x9F, 0x73, 0xC4, 0x0C, 0x23, 0x85, 0xCA, 0x03, 0xD8, 0x51, 0xAF, 0x9D, 0xC9, 0x04,
    0x0B, 0xC1, 0xCA, 0x86, 0x3F, 0xB3, 0x6F, 0x60, 0xB0, 0xFF, 0xC0, 0x20, 0xFE, 0x85, 0x81, 0xE1,
    0x07, 0x03, 0xE3, 0x1F, 0x06, 0xE6, 0xBF, 0x0C, 0xCC, 0xFF, 0x19, 0xB8, 0xEF, 0x33, 0xF0, 0xFB,
    0x37, 0xE8, 0xF3, 0x1F, 0xB0, 0x67, 0x7F, 0x52, 0xC7, 0xFC, 0xE7, 0x2F, 0xE3, 0x1F, 0x00, 0x85,
    0x54, 0xBD, 0x72, 0xDC, 0x54, 0x18, 0x3D, 0x2B, 0x15, 0x62, 0x66, 0x93, 0x5C, 0xBF, 0x00, 0xB9,
    0x2F, 0x90, 0x70, 0x29, 0x28, 0x9D, 0x95, 0xEC, 0x14, 0x29, 0x5C, 0x98, 0x27, 0x60, 0x79, 0x83,
    0x34, 0x14, 0x14, 0xC9, 0x4A, 0xE0, 0x22, 0x85, 0x8B, 0x64, 0x78, 0x01, 0x78, 0x04, 0x17, 0x66,
    0x86, 0xC2, 0xBB, 0xF7, 0xAE, 0x77, 0x86, 0x2D, 0x28, 0x22, 0xCC, 0x50, 0xA5, 0xC8, 0x9D, 0xA1,
    0xA0, 0xA0, 0xC8, 0x05, 0x54, 0x88, 0x19, 0x69, 0x3F, 0xCE, 0xD5, 0x3A, 0x89, 0x1D, 0x32, 0xC3,
    0xEC, 0x39, 0x9F, 0xB4, 0xDF, 0xFD, 0xF9, 0xFE, 0x85, 0x1C, 0x40, 0xA4, 0xAD, 0x80, 0x57, 0x0E,
    0xA3, 0x17, 0x35, 0x92, 0x95, 0x47, 0x7A, 0x14, 0x90, 0x49, 0x03, 0x85, 0x0E, 0xB7, 0xC8, 0x3B,
    0x98, 0x61, 0x17, 0x25, 0x64, 0x4F, 0x9C, 0x95, 0xA0, 0x1C, 0x71, 0xA2, 0xDC, 0x8E, 0x72, 0x50,
    0x52, 0xA9, 0x35, 0xFF, 0x76, 0x6F, 0xB1, 0x6E, 0xAC, 0xD4, 0x84, 0x5E, 0x37, 0x6A, 0xD9, 0x46,
    0x0D, 0xE5, 0xCA, 0x2B, 0xA9, 0xD5, 0x8F, 0xDC, 0x30, 0x57, 0x6E, 0x11, 0xE5, 0x79, 0xC7, 0xAB,
    0xAC, 0x34, 0xCA, 0x9D, 0x2A, 0xF7, 0x85, 0x72, 0x9F, 0xC4, 0xDB, 0xDE, 0x07, 0x1B, 0x90, 0x8A,
    0x78, 0xFC, 0x90, 0x17, 0x38, 0xA5, 0xB7, 0xAF, 0x19, 0xDE, 0x32, 0xF1, 0x39, 0xD2, 0x3A, 0x47,
    0xE6, 0x72, 0xA8, 0x22, 0x47, 0x29, 0x52, 0xF4, 0x18, 0xFB, 0xC0, 0x95, 0x00, 0x78, 0x4F, 0xDA,
    0x20, 0x41, 0xD7, 0x79, 0xA5, 0x5C, 0x5E, 0x28, 0x67, 0x0B, 0xB5, 0x94, 0x42, 0xAD, 0x5E, 0x15,
    0xEA, 0xB9, 0x29, 0x54, 0x4F, 0xB6, 0xA4, 0x27, 0xDD, 0xC0, 0x2A, 0xEE, 0xDF, 0xDA, 0x35, 0x05,
    0xBE, 0x34, 0x78, 0xC3, 0xD3, 0x4B, 0x9E, 0x90, 0x61, 0xCB, 0xEF, 0xBD, 0x81, 0xF0, 0x5E, 0xA6,
    0x88, 0x76, 0x6C, 0xD0, 0x4E, 0x3B, 0xF5, 0xEE, 0x4F, 0xC4, 0xA9, 0x5F, 0xA7, 0xFF, 0xD1, 0xC7,
    0xFD, 0xB0, 0x1E, 0x59, 0x33, 0x47, 0xB4, 0x1D, 0xBD, 0xCB, 0x31, 0xAE, 0x4B, 0xFA, 0x4F, 0x32,
    0xBA, 0xB1, 0x1F, 0x58, 0xC4, 0xDD, 0xA6, 0xCA, 0xC2, 0x02, 0x71, 0xBF, 0x95, 0x58, 0x89, 0xC1,
    0x4E, 0xF5, 0xFF, 0xD4, 0x83, 0x1D, 0x1B, 0xAB, 0xC5, 0xAA, 0xBC, 0x2E, 0x15, 0x5F, 0x58, 0x3C,
    0xFA, 0x75, 0x35, 0xDD, 0x0D, 0x50, 0xB6, 0x69, 0x3B, 0x53, 0xEE, 0xB6, 0x29, 0x6E, 0x32, 0xC1,
    0xE5, 0x80, 0x7C, 0x80, 0x29, 0x6E, 0x51, 0x9F, 0x36, 0x13, 0xD8, 0x56, 0xA4, 0x0F, 0xFD, 0xDD,
    0x70, 0xF6, 0xE1, 0xE7, 0x67, 0x1F, 0xE0, 0x0C, 0xEF, 0x41, 0xCF, 0xCA, 0x39, 0x69, 0x4A, 0x26,
    0x44, 0x15, 0xAA, 0xD6, 0x48, 0xC3, 0x2E, 0x92, 0xF6, 0x11, 0xD0, 0xB1, 0x2C, 0x8C, 0x1B, 0xB9,
    0xE3, 0x9D, 0xA4, 0x02, 0xB2, 0xCF, 0xF8, 0xE8, 0xC0, 0x90, 0xE3, 0x92, 0x14, 0xDA, 0xDD, 0x63,
    0xD8, 0xA7, 0x48, 0xFF, 0xF4, 0x18, 0x09, 0xF7, 0xC8, 0x65, 0xB7, 0x96, 0xEC, 0x56, 0xA9, 0x91,
    0xAE, 0x02, 0xC6, 0xFB, 0x2D, 0x6E, 0xD3, 0x8C, 0xAC, 0xA4, 0xB2, 0x7F, 0x0B, 0xC3, 0x5C, 0x30,
    0x86, 0xF9, 0x75, 0x9E, 0xB3, 0x15, 0xA4, 0xC7, 0xA8, 0x9D, 0xF3, 0xF0, 0x15, 0xA6, 0x3C, 0xC3,
    0x12, 0xF3, 0x10, 0xE2, 0x29, 0x36, 0xF9, 0x15, 0x21, 0x15, 0xC5, 0x3A, 0x50, 0x2C, 0xBB, 0xA8,
    0xBB, 0x2E, 0xD6, 0xCD, 0x82, 0x05, 0xF8, 0x85, 0xE3, 0x10, 0xA0, 0xAF, 0xB6, 0xEB, 0x76, 0x1C,
    0x96, 0xEF, 0x8E, 0x03, 0x33, 0xD0, 0xC3, 0xD4, 0x73, 0x5D, 0xA9, 0xF3, 0x26, 0xF3, 0x6A, 0x15,
    0xD2, 0xA0, 0xD6, 0x3E, 0x69, 0xD4, 0x4F, 0x3E, 0x69, 0x95, 0x44, 0xF1, 0x32, 0x8A, 0x41, 0x37,
    0xAC, 0xC6, 0x7D, 0xBA, 0xEE, 0x63, 0xE1, 0x78, 0x96, 0xD6, 0x5C, 0xFA, 0xCF, 0x82, 0x09, 0x99,
    0xB1, 0x37, 0x66, 0xC8, 0xF8, 0x4C, 0x9A, 0x19, 0x93, 0xB1, 0x61, 0x9A, 0x17, 0x4C, 0xEC, 0x6C,
    0x60, 0x5C, 0x8B, 0x49, 0x10, 0xC6, 0x95, 0x6D, 0x60, 0x74, 0x95, 0x0F, 0x9E, 0x25, 0xE2, 0xCC,
    0xB1, 0x9B, 0x8D, 0x23, 0x72, 0xEB, 0xCC, 0x1F, 0xAC, 0xF2, 0xA7, 0x23, 0x8E, 0xA4, 0x54, 0x1F,
    0x01, 0x93, 0x0D, 0xF2, 0x6F, 0x5D, 0x99, 0xFA, 0xC7, 0x69, 0x98, 0x27, 0xE1, 0x31, 0x91, 0x86,
    0x3C, 0xF5, 0xFA, 0xA9, 0x4B, 0x37, 0xB0, 0xBC, 0x67, 0xEA, 0xF4, 0x21, 0x51, 0x69, 0xD6, 0xE5,
    0xC0, 0xEB, 0xFB, 0xDE, 0x1C, 0x70, 0xC6, 0x0B, 0x25, 0x5D, 0x72, 0x11, 0x92, 0xF3, 0x88, 0x94,
    0xF8, 0x3A, 0x64, 0xFB, 0x41, 0x25, 0xA1, 0x94, 0xD0, 0xE0, 0x91, 0xC7, 0x9D, 0x1A, 0x37, 0x92,
    0x0D, 0xD4, 0xB4, 0x9A, 0x8C, 0xDD, 0x24, 0xAB, 0x4B, 0xA1, 0xDF, 0x4C, 0x6F, 0xAC, 0xA3, 0x5E,
    0x7E, 0xC7, 0x0A, 0xE8, 0x16, 0xBB, 0x39, 0x3E, 0x36, 0x51, 0x95, 0x76, 0x18, 0xE5, 0xD8, 0x51,
    0xD5, 0x89, 0xAA, 0x38, 0xE1, 0x86, 0xCD, 0x80, 0x67, 0xF6, 0xB7, 0x56, 0x1F, 0xB4, 0xFA, 0x70,
    0x47, 0x9F, 0x41, 0x77, 0xD0, 0x25, 0xA2, 0x27, 0xF7, 0xBD, 0xBD, 0xE8, 0xEC, 0xEF, 0x62, 0xBE,
    0x6A, 0x75, 0x31, 0x40, 0x5A, 0xBD, 0x17, 0x5F, 0xCC, 0x5E, 0x4B, 0x7D, 0x34, 0x7A, 0x5C, 0xE7,
    0x69, 0x98, 0x30, 0x4B, 0xA3, 0x36, 0x22, 0x69, 0xF8, 0x57, 0x1F, 0xD7, 0x89, 0x40, 0x3F, 0x8C,
    0xDF, 0x31, 0xFD, 0x84, 0x47, 0x3A, 0x5D, 0x6C, 0xD1, 0xEA, 0xFD, 0x46, 0x3F, 0xF0, 0x31, 0xC0,
    0x02, 0x5B, 0xC4, 0x06, 0x65, 0xAB, 0x49, 0xFD, 0x57, 0xE3, 0xBF, 0x09, 0xCF, 0x12, 0x7E, 0x4E,
    0xDE, 0x80, 0x5F, 0xC7, 0x1E, 0xF6, 0x65, 0x6F, 0x8E, 0x82, 0xDE, 0xBF, 0x06, 0x6A, 0x2C, 0xDB,
    0x0D, 0xF7, 0x80, 0x9B, 0xC0, 0x0D, 0x8E, 0xAA, 0xA9, 0x86, 0x0B, 0x37, 0xD0, 0x4C, 0xE3, 0x41,
    0xAD, 0x1F, 0xD4, 0xE6, 0x90, 0x0E, 0xA0, 0xFC, 0x59, 0x60, 0x9E, 0xBC, 0x60, 0x5E, 0x79, 0xC9,
    0x34, 0x09, 0xFA, 0x21, 0x29, 0x97, 0xCF, 0xE9, 0x51, 0x30, 0x4F, 0xD7, 0xB5, 0xBD, 0x90, 0xE2,
    0x5F, 0xAD, 0x58, 0xBF, 0x8F, 0xD4, 0x46, 0x14, 0x7E, 0xB6, 0xC3, 0x39, 0xC2, 0x52, 0x9C, 0x02,
    0x09, 0x81, 0x14, 0x9C, 0x16, 0x29, 0xB0, 0xFF, 0x00, 0xC2, 0x23, 0xD1, 0xA4, 0xDC, 0x44, 0x50,
    0xA5, 0xB8, 0x14, 0xA9, 0x43, 0xCA, 0x14, 0x17, 0xEC, 0x28, 0x05, 0x45, 0x9A, 0x25, 0xFF, 0x40,
    0xA8, 0x69, 0xA0, 0xA0, 0x48, 0x91, 0xE0, 0x39, 0x51, 0x50, 0x50, 0x9C, 0x13, 0x21, 0xA5, 0xA0,
    0xC0, 0x1C, 0x52, 0x8A, 0xA4, 0xC0, 0xDC, 0xAD, 0x84, 0xD1, 0xD9, 0x9E, 0x7C, 0x6F, 0x66, 0x7C,
    0xEC, 0xEE, 0xED, 0x72, 0xDE, 0x5D, 0x76, 0x3D, 0xBA, 0xDD, 0xF5, 0x78, 0xBE, 0xEF, 0x7D, 0xEF,
    0xC7, 0xBC, 0x39, 0x8A, 0x89, 0x28, 0x4B, 0x89, 0x94, 0x24, 0x07, 0xC3, 0x7D, 0x5D, 0x90, 0xB7,
    0x5F, 0x92, 0xBF, 0x3B, 0xA6, 0xF0, 0xCF, 0x8A, 0x42, 0x55, 0xD3, 0x40, 0x35, 0x14, 0xDF, 0x51,
    0x14, 0xE3, 0x9D, 0x51, 0x8C, 0xC9, 0x78, 0x5D, 0xC0, 0x88, 0xED, 0xC0, 0xE7, 0x00, 0x53, 0x94,
    0x88, 0xAF, 0x4B, 0x0A, 0x65, 0xA0, 0x64, 0xF2, 0x52, 0xD6, 0xA1, 0x6C, 0x13, 0xA9, 0x94, 0x1C,
    0x3C, 0xCB, 0x31, 0xC7, 0xC1, 0xBA, 0x25, 0x5F, 0xF8, 0x40, 0x03, 0x81, 0x21, 0x89, 0x3C, 0x8C,
    0x0D, 0xA1, 0xD7, 0xD3, 0xEB, 0x26, 0xF8, 0x9E, 0x61, 0xB6, 0xC2, 0xB4, 0x03, 0xCC, 0xDE, 0x1B,
    0xE3, 0x89, 0x9A, 0x82, 0xA2, 0x06, 0x91, 0x16, 0x43, 0xD1, 0xE0, 0xDF, 0x4C, 0xC4, 0x62, 0x90,
    0x26, 0x14, 0x49, 0x77, 0x4C, 0xB4, 0x45, 0x74, 0x89, 0xE8, 0x6B, 0x5E, 0xE1, 0x5D, 0x1C, 0x5E,
    0xE6, 0x06, 0x2D, 0x94, 0xF4, 0x11, 0xD0, 0x93, 0x14, 0x00, 0x05, 0x39, 0xA3, 0xD1, 0x5B, 0xF0,
    0x0C, 0xB7, 0x55, 0x0E, 0x15, 0x0A, 0xA8, 0x60, 0xC0, 0xFD, 0xE7, 0x00, 0xCE, 0x0D, 0xF8, 0x00,
    0xE0, 0xF1, 0x1D, 0xD8, 0x4F, 0x83, 0x34, 0x03, 0x38, 0xD1, 0xA7, 0x44, 0x15, 0x5B, 0xF4, 0x4B,
    0xEA, 0x41, 0xA8, 0x07, 0x74, 0xF6, 0xE4, 0x71, 0x2C, 0xFE, 0xCB, 0x35, 0x5B, 0x16, 0x6D, 0x10,
    0x09, 0xCA, 0xB6, 0xC9, 0xDD, 0x2B, 0x8F, 0x30, 0x60, 0xF3, 0x0D, 0x83, 0x8A, 0x7C, 0x36, 0xDF,
    0x32, 0x88, 0x98, 0x01, 0x9B, 0xDF, 0x31, 0x08, 0xB4, 0x3D, 0x5E, 0xE1, 0x8E, 0x87, 0x7E, 0x43,
    0xD1, 0xA0, 0x0F, 0xFC, 0x1F, 0x98, 0x13, 0x11, 0x5D, 0xC6, 0x50, 0x57, 0xC9, 0xDD, 0x87, 0xC1,
    0xC2, 0x7A, 0x20, 0xC3, 0x5F, 0x65, 0x42, 0xC1, 0x05, 0x0D, 0x0F, 0xA1, 0xE0, 0x23, 0x14, 0x82,
    0xBF, 0x10, 0x0A, 0xB2, 0x06, 0x7C, 0x8D, 0xA5, 0x1B, 0x2D, 0x02, 0xCB, 0xD0, 0x52, 0x2C, 0xA0,
    0x0E, 0x9D, 0x28, 0xE9, 0x8B, 0xD2, 0xAD, 0x44, 0xD0, 0xD2, 0xB9, 0xB0, 0x07, 0x85, 0x16, 0x96,
    0x41, 0x63, 0xFD, 0xFA, 0x04, 0x23, 0x11, 0xE4, 0xBC, 0x06, 0x8D, 0xD4, 0xFA, 0x22, 0x11, 0x9A,
    0x82, 0xA1, 0x61, 0xA2, 0x91, 0x47, 0xB0, 0x5B, 0x59, 0x1A, 0xCD, 0xA1, 0x2F, 0x12, 0x50, 0x80,
    0x67, 0x64, 0xA8, 0xC4, 0x40, 0xE9, 0x87, 0x87, 0xC4, 0xBE, 0x00, 0x93, 0xA8, 0x07, 0x93, 0x0F,
    0x6D, 0xFC, 0x1E, 0x00, 0xE9, 0x56, 0x17, 0x09, 0xEF, 0x27, 0x1F, 0x68, 0x64, 0x89, 0x1C, 0x1F,
    0x14, 0x47, 0xD3, 0xC3, 0x06, 0x2A, 0xC1, 0xA1, 0xEE, 0x8F, 0x23, 0x72, 0x5F, 0xE4, 0x46, 0x91,
    0x8B, 0x64, 0x1D, 0x45, 0x33, 0x8E, 0x02, 0xBF, 0x17, 0x25, 0x85, 0xEC, 0xA8, 0xED, 0xCE, 0x51,
    0x6D, 0xE7, 0x28, 0x01, 0xBD, 0x52, 0xB6, 0xF5, 0x32, 0x51, 0x4D, 0x74, 0x9B, 0x57, 0x88, 0x22,
    0xE6, 0xE6, 0x56, 0x3D, 0x44, 0xE2, 0xF8, 0xC4, 0x63, 0xFC, 0xB4, 0x93, 0xDE, 0x26, 0x67, 0xAF,
    0x98, 0x26, 0x93, 0x74, 0x81, 0x2B, 0x75, 0xEA, 0x18, 0x77, 0x8D, 0x29, 0x78, 0x6E, 0xDC, 0x15,
    0x4E, 0xBB, 0x2B, 0x7D, 0x00, 0x77, 0xB9, 0x30, 0x2F, 0x25, 0x3F, 0x5F, 0x9E, 0x0C, 0x0C, 0x21,
    0x1F, 0x60, 0xBE, 0x11, 0x9D, 0x5E, 0x95, 0x26, 0x63, 0x06, 0x6B, 0x14, 0x91, 0x4A, 0x17, 0x91,
    0xEF, 0x97, 0x61, 0x82, 0x6A, 0xF2, 0xDB, 0x3D, 0x68, 0x8F, 0xD5, 0x1F, 0xE5, 0x1A, 0xD8, 0xDD,
    0xB5, 0xB2, 0xC4, 0x62, 0xE5, 0x28, 0xF6, 0x7F, 0x02, 0x39, 0x71, 0xE1, 0xC6, 0x72, 0x9A, 0x38,
    0x88, 0x5C, 0x67, 0xDF, 0x46, 0xC8, 0x65, 0x7A, 0xAF, 0x51, 0xCC, 0x2C, 0x1A, 0xE2, 0x32, 0xBB,
    0x64, 0x08, 0x2B, 0x55, 0xE0, 0x6A, 0xAF, 0x89, 0x5A, 0x07, 0x0F, 0xE0, 0x70, 0xB5, 0x57, 0xC9,
    0x7C, 0xC5, 0xEF, 0x66, 0xC2, 0xCC, 0x53, 0x3E, 0x6B, 0x92, 0x26, 0xD7, 0xF3, 0xE6, 0x2B, 0xDC,
    0x2D, 0x71, 0x61, 0x72, 0xF6, 0xAD, 0x88, 0x55, 0x0A, 0x74, 0x56, 0x39, 0xB7, 0x93, 0xF1, 0x01,
    0xAC, 0xBC, 0x5A, 0x97, 0xD3, 0x6F, 0xF8, 0x96, 0x59, 0xB0, 0x99, 0x46, 0x6C, 0x3A, 0xC4, 0xA6,
    0x43, 0xF4, 0xCC, 0x96, 0xB1, 0x65, 0xB7, 0x8C, 0xF9, 0x88, 0x77, 0x2D, 0x62, 0xF0, 0xB7, 0x88,
    0x94, 0xF8, 0xEC, 0xE2, 0x12, 0xEB, 0x73, 0x25, 0x6A, 0x27, 0x56, 0xBE, 0x9B, 0xD7, 0x5E, 0x79,
    0x74, 0x65, 0xA2, 0x53, 0x4C, 0x62, 0x54, 0x79, 0x6F, 0x46, 0x87, 0x45, 0xA2, 0x27, 0xC4, 0xA2,
    0x8D, 0xE7, 0x18, 0x44, 0x4F, 0xEF, 0x14, 0xAF, 0xC6, 0x41, 0xFD, 0x71, 0x14, 0x2D, 0x03, 0x67,
    0x77, 0x99, 0x72, 0x72, 0x97, 0xB1, 0x58, 0xBF, 0xCE, 0xD7, 0x8D, 0xA0, 0xB2, 0xB3, 0xE5, 0x8C,
    0xB7, 0xFC, 0x7A, 0x18, 0x5D, 0xA7, 0x0F, 0x4E, 0x18, 0x38, 0x9E, 0xD6, 0x5C, 0x1B, 0x5A, 0xB8,
    0x86, 0xAF, 0x09, 0xB8, 0xA1, 0x99, 0x70, 0x64, 0x47, 0xE1, 0x7C, 0xF2, 0xDB, 0x43, 0xB8, 0x39,
    0xA6, 0xBD, 0xAD, 0xFE, 0x05, 0x87, 0x44, 0x98, 0xD1, 0x99, 0x8D, 0x25, 0x5D, 0xD6, 0x6D, 0x1E,
    0xAE, 0xD9, 0x3C, 0xC2, 0x09, 0x1B, 0x37, 0x17, 0xD8, 0x38, 0x5D, 0xE0, 0x57, 0x0B, 0x78, 0xBB,
    0xC8, 0x03, 0x3A, 0x73, 0x76, 0x71, 0x34, 0x2E, 0x88, 0xFF, 0x30, 0x0F, 0x4B, 0x2A, 0x5D, 0x4E,
    0xF2, 0x5A, 0xD5, 0x9B, 0x4F, 0x42, 0x39, 0xF9, 0xDE, 0x7C, 0xC2, 0xBF, 0xC6, 0xE9, 0x69, 0xE9,
    0xEB, 0x32, 0xA0, 0xE4, 0xA6, 0x9C, 0x9E, 0xB1, 0xF8, 0x29, 0xE4, 0xBA, 0xE0, 0x6F, 0x81, 0x08,
    0x52, 0xFD, 0x57, 0x57, 0xF8, 0x4C, 0x46, 0x33, 0x2B, 0x60, 0x9E, 0xBD, 0xCF, 0xBB, 0x10, 0xD7,
    0x94, 0xF8, 0x1F, 0xD5, 0xED, 0x38, 0x5C, 0xFA, 0x0F, 0x07, 0x7F, 0xE7, 0x2A, 0xC7, 0xF7, 0x79,
    0x1E, 0xCF, 0xD7, 0xAF, 0x73, 0x13, 0xF5, 0x06, 0x9F, 0xE1, 0xF0, 0x58, 0xC9, 0x0C, 0x21, 0x8C,
    0xBE, 0xC7, 0xE3, 0xAB, 0xF1, 0x4B, 0x7C, 0xC5, 0x8F, 0x41, 0x3B, 0x2B, 0x80, 0x2E, 0xB5, 0xB1,
    0xED, 0x22, 0x03, 0x53, 0x76, 0x57, 0x21, 0x32, 0xDB, 0x45, 0x1E, 0xC3, 0xC1, 0x6E, 0xCE, 0x17,
    0x07, 0xBA, 0xBA, 0x72, 0x55, 0xED, 0x5E, 0xAB, 0xA9, 0xA0, 0x93, 0xD9, 0x2D, 0xE9, 0xCB, 0xB4,
    0x8B, 0x27, 0xD1, 0x83, 0xC5, 0x25, 0xB3, 0x23, 0xC7, 0xDC, 0xC6, 0x6D, 0xAF, 0xCF, 0xA2, 0xEB,
    0x24, 0x1D, 0x93, 0xE3, 0x9B, 0x7D, 0x28, 0xDC, 0xB0, 0x9D, 0x24, 0x92, 0x45, 0x7D, 0x8E, 0x2D,
    0x06, 0x4A, 0xDA, 0x16, 0x6E, 0x25, 0x0A, 0xC8, 0xFB, 0x0D, 0xA8, 0x50, 0xB8, 0x6F, 0x38, 0xEF,
    0xA3, 0xB0, 0x07, 0x85, 0xF1, 0x77, 0xE8, 0x24, 0x11, 0x0E, 0x8F, 0xF3, 0xE9, 0x6E, 0xF2, 0x00,
    0x54, 0x6E, 0xDD, 0x5E, 0x99, 0x4A, 0xA0, 0x50, 0xF6, 0xDF, 0x16, 0x84, 0xC3, 0x2A, 0x74, 0x0C,
    0x1B, 0xDE, 0x26, 0xDE, 0x4B, 0x44, 0x1C, 0xCD, 0x0B, 0xDB, 0xD6, 0x72, 0x9D, 0xE8, 0xE3, 0x99,
    0xE9, 0x34, 0x71, 0x84, 0xE9, 0x99, 0x38, 0x61, 0xCF, 0xE0, 0x37, 0x0A, 0x4A, 0x47, 0xA9, 0x1C,
    0x7D, 0x10, 0x70, 0x1B, 0xEE, 0x3E, 0x88, 0x3B, 0xC4, 0x59, 0x5E, 0xD9, 0x2C, 0x2F, 0xD3, 0x41,
    0xFE, 0x8E, 0xA6, 0xAD, 0x26, 0xA7, 0x0E, 0x54, 0x15, 0xAB, 0x62, 0x1E, 0x87, 0x94, 0x39, 0x20,
    0x10, 0x9C, 0xB1, 0xED, 0x1C, 0xD7, 0x00, 0x45, 0xA7, 0x18, 0x48, 0xF2, 0x8B, 0x7E, 0xA0, 0x5C,
    0x10, 0x4E, 0x73, 0x77, 0xB8, 0x3D, 0xA4, 0x8D, 0x35, 0x40, 0x6D, 0x47, 0xD8, 0x03, 0xB1, 0xBA,
    0x67, 0x22, 0xF0, 0xE6, 0xC3, 0x5E, 0x68, 0xAD, 0x46, 0x4B, 0x44, 0x7C, 0x30, 0x19, 0x6D, 0x29,
    0x9A, 0x0C, 0x08, 0x1B, 0xA0, 0x5E, 0x2B, 0xAC, 0x5D, 0xCC, 0x87, 0xA2, 0x35, 0x5C, 0x37, 0x2F,
    0xA4, 0xA8, 0x87, 0x79, 0xD3, 0x91, 0x54, 0x53, 0xBD, 0xE8, 0x6A, 0xDC, 0x3A, 0x7B, 0x39, 0x06,
    0xFD, 0x40, 0xE9, 0x46, 0xF2, 0x3E, 0xD9, 0x9D, 0xEF, 0x3E, 0xA1, 0x4B, 0x3C, 0x7A, 0xA9, 0x44,
    0x66, 0xE8, 0x1B, 0x77, 0xE4, 0x6C, 0xB0, 0x62, 0x9B, 0x43, 0xEA, 0xA1, 0xA4, 0x9C, 0x37, 0x14,
    0x7B, 0x21, 0xEA, 0x76, 0x43, 0xFB, 0x6C, 0xA8, 0x9F, 0x7A, 0x07, 0xE2, 0x53, 0xC9, 0x8B, 0x6B,
    0x11, 0xF8, 0x24, 0x6C, 0xF6, 0x0E, 0x08, 0xA7, 0x20, 0x62, 0xCB, 0x78, 0x0B, 0xDF, 0x00, 0x24,
    0x20, 0x22, 0xF3, 0x4A, 0xD2, 0x56, 0xEA, 0x0E, 0x0E, 0xB5, 0xDB, 0x19, 0xB1, 0x92, 0x75, 0x58,
    0xD5, 0x61, 0xB1, 0xC8, 0x4C, 0x86, 0xF1, 0x10, 0xC5, 0x4E, 0xB5, 0x1E, 0x28, 0x3A, 0x29, 0x94,
    0x22, 0x64, 0x72, 0x1F, 0x50, 0x16, 0x93, 0xD5, 0xD4, 0x16, 0x9F, 0x5F, 0x1D, 0xB4, 0x93, 0xF7,
    0x14, 0x0D, 0x8F, 0x03, 0x7D, 0x2A, 0x7D, 0x94, 0xC0, 0x50, 0x07, 0xC1, 0xEA, 0x80, 0x11, 0x8E,
    0x1A, 0x2C, 0x14, 0xA0, 0xEA, 0x77, 0xD9, 0xB7, 0x8E, 0xF7, 0x6C, 0x94, 0xEA, 0x02, 0x55, 0xDB,
    0xCF, 0xD4, 0x43, 0xD3, 0x99, 0x78, 0xE5, 0x5A, 0xCF, 0x54, 0x7F, 0xC0, 0x38, 0x61, 0x4F, 0x7E,
    0x38, 0x4C, 0xC5, 0xFA, 0x1F, 0x34, 0x38, 0x41, 0xEC, 0xA3, 0x51, 0xC7, 0x21, 0x54, 0x67, 0x21,
    0x1F, 0xD0, 0x92, 0x89, 0x2C, 0x9C, 0x18, 0xA8, 0xD1, 0x5E, 0xCE, 0x5D, 0x80, 0x39, 0xCC, 0xC4,
    0xDE, 0x38, 0xBE, 0x52, 0x46, 0x37, 0x8B, 0x70, 0x47, 0x06, 0x3B, 0xD0, 0x34, 0xF5, 0x14, 0xD6,
    0x40, 0x23, 0x69, 0x38, 0x52, 0xA8, 0xFB, 0xE4, 0x84, 0xB1, 0x50, 0x54, 0xF8, 0xD0, 0xDF, 0x17,
    0x69, 0xDE, 0x31, 0x2F, 0xF6, 0xCA, 0xF8, 0x4A, 0x11, 0xFD, 0x2C, 0x35, 0x9C, 0xF0, 0x15, 0x31,
    0x5C, 0x63, 0x73, 0x18, 0x75, 0x3C, 0xDC, 0xCB, 0xC3, 0x87, 0x9D, 0xCD, 0x93, 0x6D, 0xD7, 0xC9,
    0xEE, 0x1F, 0x12, 0xB1, 0x8C, 0xF5, 0x69, 0x1A, 0xDD, 0xF8, 0x5E, 0x6D, 0x89, 0xD8, 0x13, 0x31,
    0x9F, 0x84, 0xE7, 0x11, 0xC1, 0xFA, 0x9B, 0xBA, 0x83, 0x38, 0x65, 0x4C, 0xAE, 0xD8, 0xE4, 0x47,
    0x65, 0xF8, 0x38, 0x0F, 0x9E, 0x19, 0x93, 0xC5, 0x94, 0xC9, 0x63, 0x36, 0x99, 0x2B, 0xAE, 0x39,
    0x77, 0xCB, 0x0E, 0xF9, 0x50, 0xEC, 0xF0, 0x45, 0x35, 0x83, 0x3C, 0x5F, 0x02, 0x0F, 0xDB, 0x24,
    0x57, 0xDC, 0xC5, 0x32, 0x6B, 0xD3, 0x91, 0xAB, 0x46, 0xE6, 0xFF, 0x01, 0x6D, 0x8E, 0x4B, 0x0A,
    0xC2, 0x30, 0x10, 0x86, 0xA7, 0x76, 0xD1, 0x85, 0x8B, 0x1E, 0xA1, 0x27, 0x28, 0xB9, 0x40, 0x30,
    0x01, 0x17, 0x2E, 0x75, 0x13, 0xBC, 0x4A, 0x17, 0x0D, 0xF6, 0x60, 0x81, 0xE6, 0x06, 0xF5, 0x06,
    0xF6, 0x08, 0x41, 0x2A, 0x46, 0x68, 0x19, 0x67, 0x5A, 0x15, 0x41, 0x93, 0x99, 0xF9, 0x87, 0x2F,
    0xF3, 0x88, 0xD1, 0xE8, 0xD1, 0x1B, 0x83, 0x74, 0x8C, 0x31, 0x07, 0x92, 0xC0, 0x5E, 0x4A, 0x87,
    0x68, 0x2D, 0xE2, 0x46, 0x56, 0x4B, 0x2C, 0x4B, 0x29, 0x9D, 0xE3, 0x3A, 0x6B, 0xF9, 0x81, 0xE0,
    0x46, 0xCA, 0xAA, 0xFA, 0xCE, 0xD3, 0x00, 0x8B, 0xCD, 0x53, 0xC2, 0xF1, 0x76, 0xF8, 0x90, 0xBF,
    0xF6, 0x5D, 0xF6, 0xDB, 0x22, 0x9A, 0xB6, 0x27, 0x48, 0xB7, 0xED, 0x45, 0x63, 0x8B, 0xDD, 0x19,
    0x55, 0x17, 0xD8, 0x39, 0x2F, 0xFA, 0x55, 0x00, 0x80, 0x53, 0xCC, 0x3C, 0xC9, 0x34, 0xE6, 0x0D,
    0xC9, 0x20, 0x05, 0x45, 0x88, 0xAE, 0x66, 0x69, 0xC7, 0xC7, 0x94, 0x4C, 0x20, 0xAE, 0x77, 0xDC,
    0xA1, 0x4E, 0xB2, 0xEE, 0xD2, 0x5D, 0x3C, 0xE4, 0xFB, 0x6D, 0xB7, 0xF5, 0x20, 0xF2, 0x59, 0xEA,
    0x7C, 0x86, 0x43, 0xC6, 0x25, 0xAB, 0x90, 0x70, 0x43, 0x1A, 0xD7, 0xA1, 0xF0, 0x4A, 0x2B, 0x5D,
    0xF8, 0x75, 0x48, 0xA3, 0x6A, 0x16, 0x7D, 0x71, 0x5A, 0x44, 0xE3, 0x23, 0x7F, 0x91, 0x76, 0xD3,
    0x5E, 0x35, 0x83, 0xE1, 0x0D, 0x34, 0x03, 0x07, 0xF0, 0x04, 0x63, 0x3F, 0xC0, 0x7F, 0xC0, 0xFE,
    0xC0, 0xE6, 0x03, 0xFF, 0x7F, 0xFC, 0xFF, 0xC2, 0x7C, 0x00, 0x00, 0x1D, 0x8A, 0xCB, 0x09, 0x80,
    0x30, 0x10, 0x44, 0x9F, 0xAC, 0xE0, 0xC1, 0x43, 0x2A, 0xB0, 0x06, 0x4B, 0x88, 0x9D, 0xA5, 0x20,
    0x0F, 0x96, 0x10, 0x4B, 0xB1, 0x84, 0x05, 0x73, 0x50, 0x48, 0x5C, 0x57, 0xE1, 0x0D, 0xF3, 0x61,
    0x10, 0x65, 0xBD, 0xB0, 0x8A, 0x68, 0x38, 0x35, 0x9A, 0xE6, 0x4D, 0xDB, 0xA0, 0x55, 0x3E, 0x3C,
    0x78, 0xF5, 0x31, 0x9C, 0x25, 0x5A, 0x75, 0x88, 0x85, 0xCE, 0x1E, 0xE4, 0xCE, 0x8C, 0x47, 0x4F,
    0xB2, 0x85, 0xB0, 0xF3, 0x2B, 0x55, 0xF7, 0x03, 0x46, 0x9D, 0x90, 0x96, 0xFD, 0xD7, 0x60, 0x56,
    0x5E, 0x63, 0xFC, 0xC7, 0xC0, 0xFE, 0xFF, 0x00, 0xFF, 0x71, 0x30, 0x3A, 0xDF, 0xC0, 0xFF, 0x9E,
    0x81, 0xFF, 0x0F, 0x03, 0xFF, 0x03, 0x06, 0xFB, 0x03, 0x0C, 0xF5, 0x07, 0x18, 0xF2, 0x2F, 0x31,
    0xF0, 0xFF, 0x6F, 0x60, 0xFE, 0xEF, 0xC0, 0xC0, 0xC0, 0x00, 0x00, 0x8D, 0x90, 0x4D, 0x4A, 0x03,
    0x41, 0x10, 0x85, 0xBF, 0xCC, 0x80, 0x81, 0x64, 0xD1, 0x9B, 0xE8, 0xC2, 0x13, 0x48, 0x10, 0xB2,
    0x17, 0x43, 0x8F, 0x37, 0x70, 0x23, 0x1E, 0x23, 0x17, 0x08, 0xF6, 0x1C, 0x21, 0x47, 0xC8, 0x52,
    0x7A, 0xE3, 0x05, 0x94, 0xF4, 0xCE, 0x6D, 0xC0, 0x0B, 0x34, 0x6E, 0xC4, 0x6C, 0x6C, 0x30, 0x60,
    0x02, 0x93, 0x69, 0xAB, 0x7B, 0x82, 0x6B, 0x8B, 0x57, 0x50, 0x5D, 0x3F, 0xAF, 0x5E, 0xD7, 0x70,
    0xCB, 0x30, 0xC2, 0xCC, 0x51, 0x7A, 0x8A, 0xA0, 0x0E, 0x41, 0xC7, 0x10, 0x55, 0x68, 0xCA, 0x84,
    0x56, 0xAD, 0x75, 0xAC, 0x55, 0x4B, 0x67, 0x26, 0x36, 0x82, 0x39, 0xCF, 0xFF, 0xC1, 0x88, 0xD1,
    0xD8, 0x3E, 0xEA, 0xD8, 0x08, 0x26, 0x35, 0xCA, 0x53, 0x6E, 0xA1, 0x11, 0x16, 0xD0, 0x35, 0x2B,
    0x8A, 0x86, 0x7E, 0x40, 0x39, 0xF4, 0xE6, 0xD8, 0x26, 0x2B, 0x62, 0xF4, 0x02, 0x6B, 0x17, 0x30,
    0x86, 0x03, 0xBD, 0x1D, 0x65, 0x6E, 0x12, 0x0A, 0x93, 0xC6, 0x8B, 0x2D, 0x7D, 0x9F, 0xA7, 0x2A,
    0x1E, 0xE0, 0xA2, 0x6D, 0xE7, 0x30, 0xA8, 0x60, 0x22, 0xAE, 0xE9, 0x5C, 0x0A, 0xBC, 0x90, 0xB7,
    0x89, 0x9F, 0xDE, 0xEC, 0x30, 0xEF, 0x01, 0xF3, 0x1D, 0x38, 0xFB, 0xF1, 0xB2, 0x64, 0x0D, 0x2B,
    0x27, 0xAD, 0x2E, 0x4B, 0x49, 0x36, 0x0C, 0x2D, 0x3A, 0x46, 0x37, 0xD5, 0xAF, 0xD9, 0x53, 0x9C,
    0x72, 0xD9, 0xA6, 0x32, 0x42, 0xEF, 0x8B, 0xC2, 0xA7, 0x2B, 0x1D, 0x11, 0x12, 0x8A, 0x3F, 0x78,
    0xAE, 0x7C, 0x22, 0x4C, 0x32, 0x44, 0xCC, 0x9B, 0x30, 0xB8, 0x6B, 0x53, 0x0D, 0x7A, 0xE8, 0x8F,
    0x14, 0x5F, 0x9A, 0x5C, 0x50, 0xCE, 0x3E, 0xAD, 0xBB, 0x4F, 0xDE, 0xEF, 0xAB, 0x2E, 0x30, 0x77,
    0x55, 0x12, 0xCB, 0x2D, 0x33, 0x3F, 0x93, 0xCC, 0x27, 0x71, 0x8F, 0x04, 0xF2, 0xB4, 0x76, 0xD9,
    0xF5, 0xC8, 0x3D, 0xE2, 0x42, 0xAE, 0x53, 0x9F, 0xAC, 0xFC, 0x79, 0xCA, 0xD4, 0x6D, 0xC5, 0xC6,
    0x2E, 0xBA, 0xEA, 0x2F, 0x75, 0x8E, 0x4D, 0x8A, 0xC2, 0x40, 0x10, 0x85, 0x5F, 0xD0, 0xB1, 0x41,
    0x5B, 0x73, 0x01, 0x75, 0xE5, 0xD6, 0x24, 0x52, 0x82, 0x42, 0x82, 0x2D, 0x9E, 0xC4, 0x03, 0xCC,
    0x42, 0xC8, 0x05, 0x72, 0x00, 0x8F, 0xE0, 0x11, 0x44, 0x72, 0x84, 0x1E, 0x06, 0x04, 0xC5, 0x45,
    0xF6, 0x22, 0x64, 0xE1, 0xD2, 0x45, 0x40, 0x97, 0x61, 0xB4, 0x7A, 0x54, 0x88, 0x33, 0x58, 0xAF,
    0xF8, 0xA8, 0xBF, 0xEE, 0x2A, 0x00, 0xFA, 0x55, 0x96, 0x76, 0xB5, 0x8A, 0x46, 0x80, 0xE9, 0x24,
    0xC8, 0x90, 0xE3, 0x80, 0x2D, 0x6B, 0x63, 0xED, 0x9E, 0x9D, 0x32, 0x2A, 0x39, 0xAE, 0x27, 0x1C,
    0x25, 0xF4, 0x5F, 0xAF, 0x7C, 0xE5, 0xEA, 0x3B, 0x57, 0x93, 0xAC, 0x8B, 0xD7, 0xC9, 0x35, 0x07,
    0x0B, 0xA4, 0xEF, 0x26, 0xBD, 0x82, 0xFC, 0x64, 0x98, 0x7A, 0x69, 0x4F, 0xFB, 0xE3, 0x8E, 0xC9,
    0xA7, 0x7E, 0xA6, 0xE2, 0xFE, 0xCC, 0x33, 0x8A, 0xEF, 0x31, 0x66, 0xE6, 0x4D, 0xCD, 0xB8, 0xA8,
    0xA5, 0xC2, 0x4D, 0xC4, 0x15, 0xEE, 0x1E, 0xCA, 0xA4, 0xFF, 0x2A, 0x1F, 0x10, 0x80, 0x85, 0x87,
    0x89, 0x1F, 0xB8, 0x17, 0xB4, 0x29, 0x39, 0x3B, 0x08, 0x28, 0x0C, 0x6D, 0x2C, 0xC9, 0xA1, 0x46,
    0xB4, 0x23, 0x49, 0x52, 0x17, 0xB9, 0x60, 0xD6, 0xA3, 0x4F, 0x66, 0x63, 0x1C, 0x30, 0x6D, 0x34,
    0x4D, 0x05, 0x55, 0x66, 0x13, 0xA5, 0x50, 0x12, 0x5F, 0x71, 0x96, 0xA4, 0x81, 0x81, 0x24, 0xFE,
    0xDA, 0x96, 0x01, 0xB3, 0x34, 0xFF, 0x3D, 0x6E, 0x15, 0x19, 0xB6, 0x9E, 0x6B, 0x71, 0x03, 0x7D,
    0x8F, 0x31, 0x0E, 0xC2, 0x30, 0x10, 0x04, 0x37, 0x45, 0x94, 0x82, 0xC2, 0x4F, 0xF0, 0x53, 0xEC,
    0x9E, 0x02, 0x17, 0xA1, 0xE6, 0x1B, 0xE9, 0x9C, 0x9F, 0x71, 0x3F, 0x48, 0x95, 0x3F, 0x50, 0xBA,
    0x4C, 0x71, 0xE1, 0x58, 0x27, 0x42, 0x80, 0x14, 0x21, 0xED, 0x8E, 0xE4, 0x3B, 0xE9, 0xD6, 0xDB,
    0xA4, 0x36, 0xFA, 0x25, 0x4B, 0x58, 0x4C, 0x02, 0x14, 0xD5, 0x66, 0x26, 0xD5, 0xF9, 0xBA, 0xC6,
    0xF7, 0xEC, 0xC8, 0xE8, 0x87, 0x4E, 0xD5, 0x51, 0x32, 0x38, 0xC1, 0xDD, 0x94, 0xF2, 0x33, 0x9F,
    0x07, 0x6A, 0x12, 0xE0, 0x0B, 0x10, 0xCA, 0xE7, 0x80, 0x95, 0xDD, 0x39, 0x1D, 0x05, 0x3C, 0x19,
    0x6E, 0x63, 0x40, 0x1E, 0xD1, 0xB7, 0xE7, 0xD8, 0x69, 0x9E, 0xC4, 0xA9, 0x11, 0xA2, 0xA7, 0x48,
    0x80, 0x91, 0xFC, 0xE6, 0x06, 0x3F, 0xAF, 0x37, 0xD9, 0x92, 0xFE, 0xA3, 0x61, 0x5F, 0xD4, 0xC2,
    0x60, 0xE3, 0xA9, 0x56, 0x76, 0x3B, 0x78, 0x64, 0xDA, 0xC1, 0xDA, 0x97, 0xAF, 0xC5, 0x2F, 0x1E,
    0x15, 0x4A, 0x74, 0xFA, 0x02, 0x7B, 0xB5, 0xFA, 0x02, 0xFB, 0x02, 0xB6, 0x16, 0xA1, 0x16, 0xA1,
    0x46, 0xA7, 0x46, 0xA7, 0xA6, 0xA6, 0x16, 0xA1, 0x0E, 0xA1, 0x05, 0x5C, 0x17, 0xD8, 0x5F, 0xAD,
    0x06, 0x00, 0xB5, 0x57, 0x7D, 0x6C, 0x13, 0xE7, 0x19, 0xFF, 0xDD, 0x5D, 0xB0, 0x13, 0xFB, 0xB5,
    0x1D, 0x6D, 0x54, 0x32, 0xAA, 0xC1, 0xD6, 0x14, 0x4D, 0xA7, 0x35, 0x1F, 0x2F, 0x60, 0x6D, 0x16,
    0x24, 0xE4, 0x9C, 0x6C, 0x65, 0xED, 0x50, 0xC5, 0xA4, 0xA2, 0x55, 0xDB, 0xFE, 0x08, 0x1D, 0x7F,
    0x54, 0x13, 0x68, 0xDE, 0x86, 0x36, 0xBA, 0x06, 0xB8, 0x04, 0x0D, 0x34, 0x89, 0x49, 0x16, 0xDD,
    0xA6, 0x4A, 0xFB, 0xD0, 0x01, 0x9B, 0xC6, 0x32, 0x44, 0xB2, 0x95, 0x4E, 0x40, 0x13, 0xFB, 0x6D,
    0x2C, 0x2D, 0xA2, 0xA4, 0xE5, 0x68, 0xFE, 0x98, 0xB4, 0x81, 0xEA, 0xAE, 0xD3, 0xB4, 0x96, 0x55,
    0xB1, 0x84, 0xAB, 0x79, 0xE0, 0xF8, 0xDD, 0xF3, 0x9E, 0x1D, 0x08, 0x49, 0x08, 0x1F, 0xD2, 0x2E,
    0xCA, 0xE3, 0xBB, 0xB3, 0xEF, 0xF7, 0x7B, 0xBE, 0x9F, 0xE7, 0x00, 0x5D, 0x80, 0x0E, 0x0E, 0x7C,
    0x62, 0xC6, 0x06, 0x66, 0x93, 0xFD, 0x42, 0x9B, 0x0A, 0x85, 0x5C, 0xBC, 0x57, 0xD8, 0x26, 0xF4,
    0x4A, 0xE6, 0xDF, 0xC2, 0x08, 0xC7, 0xBA, 0x1D, 0xAD, 0x70, 0x38, 0xC6, 0x8D, 0xB1, 0x62, 0x5B,
    0xD2, 0x88, 0x25, 0x78, 0xCC, 0x38, 0x02, 0xCE, 0x9A, 0xDE, 0x43, 0x5B, 0x4B, 0x20, 0x05, 0xD6,
    0xF2, 0xED, 0x30, 0xC0, 0xDA, 0x0D, 0x1B, 0x0C, 0x70, 0x90, 0x04, 0x3A, 0xE8, 0x03, 0x86, 0xB4,
    0xE1, 0x1D, 0x65, 0x40, 0x7F, 0x06, 0xD0, 0x26, 0x05, 0x8C, 0xB3, 0x7B, 0x61, 0x84, 0x43, 0xD0,
    0x0F, 0x1D, 0x02, 0xE4, 0xA4, 0x1D, 0x1C, 0x2A, 0x8B, 0x54, 0x13, 0x73, 0x9D, 0xD7, 0x9F, 0x76,
    0x5E, 0xB2, 0x0A, 0x03, 0x83, 0x10, 0xFC, 0x4D, 0x88, 0x4C, 0x21, 0x2D, 0x1C, 0x57, 0xC2, 0xCD,
    0x00, 0x22, 0x05, 0xC3, 0x8A, 0x20, 0x0C, 0x4D, 0x96, 0xEB, 0x78, 0xE8, 0x51, 0xE2, 0x1B, 0x9E,
    0xB0, 0x48, 0x9C, 0x50, 0xA2, 0x40, 0xFF, 0x06, 0x81, 0x62, 0x9D, 0xFF, 0x0C, 0x90, 0x09, 0x1E,
    0xB3, 0x35, 0xC1, 0x34, 0x21, 0xED, 0xF0, 0xA8, 0x10, 0x88, 0xFC, 0xC6, 0x11, 0xE8, 0xC4, 0x80,
    0xC0, 0x8D, 0x11, 0x57, 0xA0, 0x7F, 0x84, 0xEE, 0x19, 0xC8, 0x92, 0xF8, 0x89, 0x2B, 0x85, 0x7F,
    0xD4, 0xC2, 0x3E, 0xBF, 0x01, 0xF8, 0x65, 0xAD, 0x41, 0xA1, 0xCB, 0x39, 0x32, 0x83, 0xEE, 0xE5,
    0x5D, 0xFF, 0xD7, 0x2C, 0xFA, 0xDD, 0x07, 0xB7, 0x9F, 0xD8, 0x41, 0x67, 0xEF, 0x4B, 0xD1, 0xC0,
    0x8B, 0x6C, 0x77, 0x6E, 0x5A, 0x91, 0xBC, 0x78, 0x4C, 0xB1, 0x61, 0x2C, 0x9C, 0x16, 0xF4, 0x98,
    0x24, 0x5D, 0xFA, 0xD1, 0xD0, 0xAA, 0xAE, 0x9F, 0xA7, 0xA9, 0xA7, 0xF3, 0x16, 0xCC, 0x1F, 0xDA,
    0x61, 0xA0, 0x49, 0x3B, 0x0A, 0x6C, 0x3E, 0xDB, 0x84, 0xCE, 0x8F, 0xDE, 0xEA, 0x73, 0x37, 0x5E,
    0x9A, 0x1A, 0x43, 0xF2, 0xEF, 0xFF, 0xDC, 0xE0, 0xEE, 0x4F, 0xFD, 0x69, 0x13, 0x7F, 0xF9, 0x99,
    0xAE, 0xEE, 0x6C, 0x66, 0xE6, 0xC9, 0x76, 0x31, 0x9E, 0x04, 0x13, 0x53, 0xCD, 0x24, 0xFE, 0x20,
    0xE0, 0x13, 0xED, 0x16, 0x0C, 0x11, 0x24, 0x16, 0x41, 0xF1, 0x0B, 0x10, 0x2F, 0xC2, 0x36, 0xDA,
    0xB1, 0x99, 0x4C, 0x40, 0x95, 0x80, 0xA5, 0xDB, 0xA0, 0x08, 0xAA, 0x20, 0x9C, 0xC3, 0x3E, 0x50,
    0x74, 0x82, 0x08, 0xD1, 0x57, 0xC2, 0xA4, 0xDB, 0x0E, 0x57, 0x41, 0x77, 0xC2, 0x28, 0x46, 0xDD,
    0xB8, 0x56, 0x62, 0x22, 0x02, 0x12, 0x74, 0x8F, 0x09, 0xD2, 0x93, 0xCD, 0x8C, 0xCA, 0xDF, 0xB3,
    0x13, 0x1F, 0xEC, 0x18, 0x8D, 0x72, 0x29, 0xE7, 0xB8, 0xD9, 0xFB, 0xB3, 0x72, 0x26, 0xE4, 0x97,
    0x43, 0x82, 0x50, 0xFC, 0xC0, 0x59, 0x0C, 0x2A, 0xE4, 0xEC, 0x62, 0xF8, 0xF0, 0x22, 0x78, 0x12,
    0xA6, 0xDB, 0xAB, 0xE0, 0x9F, 0xEF, 0x8F, 0x36, 0xE0, 0x95, 0x98, 0x39, 0x33, 0x72, 0x9D, 0x9D,
    0x7C, 0x25, 0xF1, 0xF3, 0xE8, 0xFA, 0x5F, 0x5D, 0xF8, 0x90, 0x9B, 0xA7, 0x13, 0xA7, 0x9C, 0x50,
    0xF8, 0x7B, 0x57, 0x08, 0xFE, 0x59, 0xBF, 0xC2, 0x1B, 0x6C, 0x20, 0x23, 0x5F, 0x51, 0x36, 0xD8,
    0x41, 0x3A, 0x4F, 0x81, 0xAC, 0x04, 0xD9, 0x15, 0x83, 0x7E, 0x18, 0xDA, 0xD3, 0x30, 0x88, 0xE9,
    0x55, 0x04, 0x06, 0x80, 0x4F, 0xDB, 0x2C, 0xE8, 0xC6, 0x85, 0x60, 0xCD, 0xAD, 0xAD, 0x96, 0x58,
    0x47, 0x1C, 0x11, 0x37, 0x43, 0x8F, 0xB4, 0x98, 0x93, 0x2F, 0xC9, 0x9B, 0x7F, 0x64, 0x33, 0x9D,
    0x3F, 0xFD, 0xEA, 0x0D, 0xD6, 0x1B, 0x91, 0xB2, 0x50, 0xD6, 0x0F, 0x7D, 0x7C, 0x30, 0x40, 0x38,
    0x07, 0xCB, 0xB1, 0x79, 0xCC, 0xA0, 0x15, 0xBC, 0xC3, 0x75, 0x2F, 0x7F, 0x91, 0xAB, 0xB8, 0x43,
    0xAE, 0x5A, 0xE8, 0xAF, 0x16, 0x64, 0xFF, 0x0F, 0xFE, 0xD2, 0xCB, 0x4C, 0x7C, 0xB9, 0xAF, 0xF9,
    0x76, 0x38, 0x34, 0x36, 0x93, 0x5F, 0x04, 0xFF, 0x95, 0xB2, 0xB3, 0x00, 0xFE, 0x8E, 0xBF, 0xEA,
    0x4E, 0x23, 0xFC, 0xA4, 0x47, 0x70, 0x55, 0x19, 0xA0, 0xBF, 0x09, 0xA2, 0x30, 0x0C, 0x55, 0xE3,
    0x86, 0xEE, 0x15, 0xA6, 0x0E, 0xD1, 0xA9, 0xBD, 0xBF, 0x15, 0xE2, 0x44, 0xFF, 0x73, 0xE3, 0xF0,
    0x78, 0x1A, 0xB2, 0xA0, 0x0C, 0xC1, 0x31, 0x45, 0x05, 0xE2, 0xAA, 0x26, 0xA1, 0xC8, 0x32, 0x20,
    0x36, 0x5B, 0xA0, 0x4E, 0x57, 0x37, 0xA7, 0xC1, 0xB5, 0xB2, 0x41, 0x25, 0x74, 0x98, 0x6E, 0xBC,
    0xCF, 0x65, 0x22, 0xA7, 0x57, 0x98, 0xB0, 0xD1, 0xA4, 0x0C, 0x5A, 0x75, 0xB7, 0x41, 0xD5, 0x15,
    0x0C, 0xD2, 0x76, 0x58, 0x54, 0x8A, 0x23, 0xD2, 0xEE, 0x1A, 0x96, 0xC3, 0x95, 0x9E, 0x1E, 0x8C,
    0x0F, 0xF6, 0x16, 0x11, 0xAC, 0x06, 0xA5, 0x94, 0xC5, 0xD0, 0xB7, 0xE4, 0x7F, 0x33, 0x31, 0x45,
    0xD4, 0xA6, 0x3C, 0xC7, 0xE3, 0x28, 0x33, 0x9E, 0x18, 0x6E, 0x66, 0x8A, 0xBC, 0x2E, 0xD4, 0x17,
    0xD1, 0x58, 0x38, 0x3D, 0x96, 0x64, 0x9A, 0xB4, 0x32, 0x4A, 0x7B, 0x41, 0x65, 0x6A, 0x58, 0x78,
    0x11, 0x7B, 0x54, 0xBD, 0xBB, 0xCB, 0x9B, 0xD0, 0xAE, 0x4C, 0x28, 0x2A, 0x13, 0x2C, 0x15, 0x93,
    0x30, 0x52, 0x4C, 0xC4, 0x35, 0xB2, 0x23, 0xA2, 0x55, 0xEB, 0x81, 0x51, 0x05, 0xC6, 0x54, 0xC4,
    0xA2, 0x3C, 0x92, 0x2E, 0x72, 0x53, 0xAB, 0xC1, 0xF1, 0xD2, 0x65, 0xD9, 0x98, 0xAC, 0x1C, 0xF2,
    0x2D, 0xFA, 0x5D, 0x25, 0x72, 0x0A, 0x9F, 0x61, 0xEE, 0xB3, 0x58, 0xD3, 0x80, 0x0F, 0x68, 0x82,
    0x9B, 0xFA, 0xBD, 0xE1, 0xB3, 0xEA, 0x72, 0xBF, 0x82, 0x37, 0x6C, 0x82, 0x87, 0xAB, 0xE0, 0xB9,
    0x82, 0x8F, 0x0D, 0x78, 0x9A, 0x1E, 0x40, 0xB5, 0x45, 0x0C, 0x6B, 0x5F, 0x08, 0x28, 0x78, 0x9F,
    0x27, 0xFE, 0x4A, 0xE2, 0x22, 0xB5, 0x24, 0x7D, 0x9A, 0xBB, 0x08, 0x8E, 0x9B, 0xE4, 0x58, 0x33,
    0xEC, 0x93, 0x3F, 0x62, 0x86, 0xAD, 0x0B, 0x46, 0x78, 0x63, 0x49, 0x42, 0x9E, 0x2D, 0x2E, 0xD7,
    0x44, 0xEA, 0x26, 0xAC, 0x46, 0xC2, 0x59, 0x5F, 0x44, 0x07, 0x3F, 0x4E, 0x97, 0xA6, 0xE7, 0x0D,
    0x91, 0xD6, 0x28, 0xBE, 0x39, 0xAD, 0xB2, 0xC4, 0x43, 0x4A, 0x21, 0xD3, 0xBF, 0xD5, 0x22, 0x13,
    0x26, 0x1E, 0xCC, 0x43, 0xCD, 0xB0, 0x9D, 0xCF, 0xE5, 0x8D, 0x5B, 0x99, 0x51, 0xD9, 0x2F, 0xFF,
    0xF5, 0xAE, 0x34, 0xE4, 0xF4, 0x25, 0xA9, 0xCB, 0xE9, 0xC9, 0x2A, 0x6A, 0x4C, 0x24, 0x90, 0x68,
    0xC0, 0x1B, 0x47, 0xAC, 0x28, 0xF7, 0x4B, 0xF2, 0x10, 0x8D, 0x1B, 0x82, 0xAF, 0x2D, 0x07, 0x4F,
    0x3F, 0x55, 0xE1, 0xD6, 0x55, 0x06, 0x07, 0x94, 0x87, 0xBC, 0xA4, 0xC9, 0xD7, 0x46, 0xF2, 0x73,
    0x35, 0x29, 0x67, 0x6B, 0x39, 0x39, 0x95, 0x9F, 0x93, 0xF2, 0x90, 0xA4, 0xAB, 0x3E, 0x59, 0x9B,
    0xAD, 0x41, 0xD6, 0x8E, 0x67, 0xE1, 0x7B, 0x2A, 0xD3, 0x84, 0x56, 0x46, 0xF1, 0x2D, 0x45, 0x63,
    0x5A, 0xCD, 0xE2, 0xDE, 0xB3, 0x1E, 0x0A, 0xC1, 0xEF, 0x69, 0x20, 0xDF, 0x33, 0xBE, 0xBB, 0x28,
    0x25, 0x4F, 0x66, 0xE1, 0x7F, 0xA1, 0xEE, 0x9C, 0x3C, 0xAA, 0xAA, 0x6D, 0x74, 0x33, 0xD1, 0x44,
    0x65, 0x70, 0x97, 0x73, 0xB2, 0xDC, 0xA4, 0xA7, 0x9C, 0x90, 0x21, 0x1F, 0x29, 0x7D, 0xBC, 0x5E,
    0xE4, 0x75, 0x25, 0x6A, 0x52, 0x4B, 0xB3, 0x53, 0x96, 0xB8, 0xF7, 0xC4, 0xA3, 0x66, 0xA7, 0xA7,
    0xFD, 0xC1, 0xF9, 0xBC, 0x5F, 0x0C, 0xDF, 0x2B, 0x2B, 0x8F, 0x0A, 0x7F, 0xA2, 0x84, 0xF8, 0x0B,
    0x57, 0xE8, 0x6C, 0xDB, 0x1B, 0x55, 0xE4, 0x98, 0xE8, 0x46, 0x64, 0x89, 0x73, 0xA8, 0xAC, 0xB8,
    0x19, 0x50, 0xCE, 0x59, 0x06, 0x5E, 0xFB, 0x12, 0x09, 0xA3, 0x42, 0xF0, 0x01, 0x87, 0xE0, 0xA9,
    0xE4, 0x35, 0xD1, 0x16, 0x55, 0xF0, 0xB4, 0x88, 0xF0, 0x0C, 0x09, 0xB3, 0x42, 0x74, 0xEC, 0x52,
    0x71, 0x5E, 0x71, 0x51, 0xD3, 0xE7, 0x98, 0xAB, 0xF2, 0x74, 0x41, 0x62, 0x7A, 0xB5, 0xA5, 0x6B,
    0xE9, 0x07, 0xD7, 0x3E, 0x81, 0x56, 0xEE, 0x50, 0xF2, 0x9B, 0x33, 0x54, 0x42, 0x0B, 0xFC, 0x22,
    0x86, 0xF5, 0xA7, 0x98, 0x3B, 0x81, 0xCA, 0x42, 0x78, 0x43, 0xAE, 0xEC, 0x9C, 0x73, 0x0D, 0xF8,
    0x56, 0x05, 0x5F, 0x22, 0xF8, 0x0D, 0xD4, 0x27, 0xB9, 0xD3, 0x8D, 0x94, 0xE9, 0xF6, 0x68, 0x14,
    0xD0, 0x76, 0x9C, 0xBE, 0xCD, 0x11, 0x39, 0xEA, 0x62, 0x5D, 0xFC, 0x1F, 0x03, 0x08, 0xC6, 0xAB,
    0x1C, 0xC1, 0x48, 0xD5, 0x84, 0x3F, 0x52, 0x09, 0x23, 0x1A, 0x77, 0x09, 0x45, 0xC7, 0x7D, 0x12,
    0x73, 0x02, 0xE3, 0x0E, 0xB7, 0xB1, 0x6A, 0xBE, 0xF1, 0x90, 0xA6, 0xE2, 0x58, 0xDF, 0x17, 0xEF,
    0x6A, 0x3C, 0x6B, 0x55, 0xE3, 0xF1, 0x2B, 0xED, 0xC3, 0xA4, 0x3D, 0x2D, 0x3D, 0xA4, 0xFD, 0xDA,
    0xFB, 0x6A, 0xBF, 0x20, 0xB4, 0x5A, 0x99, 0xEF, 0xB4, 0x7D, 0x2D, 0xA6, 0xBB, 0x8F, 0xDD, 0xA0,
    0xBC, 0x27, 0x31, 0x69, 0xF9, 0x02, 0xC4, 0x41, 0x9D, 0xC1, 0x55, 0xE3, 0xF2, 0x24, 0x75, 0xEF,
    0xE7, 0x36, 0x54, 0x5F, 0xCC, 0x27, 0xCD, 0x2A, 0x3F, 0xC0, 0x43, 0xDD, 0x7C, 0xAF, 0x6B, 0x1C,
    0x4D, 0x50, 0x3F, 0x9A, 0xA0, 0x3F, 0x04, 0xD3, 0x14, 0x2F, 0xAD, 0x86, 0x95, 0x38, 0xC8, 0xB1,
    0x03, 0x96, 0x6A, 0x3C, 0xE7, 0xD0, 0x41, 0x65, 0xD5, 0x47, 0x6E, 0x9A, 0xD0, 0x72, 0xF5, 0x71,
    0xE9, 0x2A, 0xA1, 0x38, 0x5E, 0x51, 0x1C, 0x7B, 0xEB, 0x1C, 0xED, 0x7C, 0x9F, 0xE2, 0xF8, 0xAE,
    0x7D, 0x0F, 0x8E, 0xFB, 0x56, 0x80, 0x27, 0x52, 0x30, 0x89, 0x2D, 0x5D, 0x62, 0x6E, 0x64, 0xB8,
    0xC4, 0x9C, 0x08, 0xED, 0x4F, 0xF5, 0x20, 0xD3, 0x74, 0xA1, 0x09, 0xA6, 0xBD, 0xB1, 0xBC, 0x9B,
    0xCE, 0x2B, 0xF8, 0x39, 0x2B, 0x88, 0x88, 0x4E, 0x6B, 0xE9, 0x13, 0x34, 0x7E, 0x9C, 0x8D, 0xBA,
    0x0D, 0x7E, 0x7C, 0xC2, 0x22, 0xF8, 0x1F, 0x2E, 0x80, 0x4F, 0x29, 0x63, 0x1E, 0x16, 0x7E, 0x91,
    0xF6, 0x51, 0x6A, 0xCD, 0x7C, 0x0C, 0x6B, 0xF9, 0x71, 0xAA, 0x8E, 0x25, 0xED, 0xA1, 0x55, 0xD5,
    0x6F, 0x4A, 0x15, 0xD8, 0x69, 0x4A, 0xD1, 0xF5, 0x53, 0xD2, 0xE6, 0x4F, 0xF4, 0x23, 0x9B, 0x89,
    0xE8, 0x16, 0x84, 0xA1, 0x5B, 0x7E, 0xE8, 0xD7, 0x15, 0xFC, 0xE3, 0x6A, 0xB0, 0xF8, 0x64, 0xD1,
    0xDB, 0xB7, 0x3B, 0x09, 0xD8, 0x55, 0x0D, 0xD4, 0x1F, 0x41, 0x6A, 0x0C, 0xB4, 0xEA, 0x92, 0x93,
    0x4C, 0x58, 0xB4, 0x32, 0x28, 0x05, 0x5B, 0x90, 0x69, 0xB5, 0xD2, 0x3E, 0x0C, 0x74, 0x0D, 0xCD,
    0x19, 0x6A, 0xC5, 0x50, 0x59, 0xE3, 0x43, 0xC2, 0xC0, 0x81, 0x1C, 0x7A, 0xF3, 0x78, 0x67, 0xDB,
    0xC1, 0xAF, 0xBF, 0x0C, 0x77, 0xCD, 0xD0, 0xB4, 0xA1, 0xC6, 0x53, 0xC8, 0x00, 0x0D, 0x19, 0xA6,
    0xDB, 0xF9, 0x73, 0x08, 0xDE, 0x02, 0x0D, 0xAF, 0xCE, 0xCF, 0xCF, 0x73, 0x79, 0x92, 0x6E, 0x28,
    0x32, 0x5D, 0xA8, 0x81, 0x3D, 0xC6, 0x9A, 0x91, 0x30, 0xDB, 0xCA, 0x88, 0x6F, 0xF3, 0xB8, 0xD4,
    0x50, 0xF3, 0x8F, 0x84, 0x31, 0x66, 0x8C, 0xD2, 0xC4, 0x37, 0x5E, 0xBB, 0x8C, 0x92, 0x91, 0xA1,
    0x18, 0xF9, 0xD5, 0xDB, 0x42, 0x40, 0x70, 0xE5, 0x48, 0x2E, 0x61, 0x3A, 0x27, 0xD3, 0x62, 0xAC,
    0x4B, 0xA1, 0x50, 0xF7, 0xEF, 0x54, 0xC3, 0xBE, 0xB8, 0xC4, 0x5F, 0x46, 0x7A, 0x48, 0x98, 0x61,
    0x38, 0x0E, 0x5F, 0x8D, 0xD5, 0x14, 0x6D, 0x8D, 0xC2, 0x61, 0xA4, 0x6D, 0x26, 0xB6, 0x60, 0xBC,
    0x11, 0x13, 0x2D, 0x47, 0xFE, 0xA2, 0x74, 0x61, 0x4E, 0x3B, 0x92, 0xAA, 0xDF, 0xA9, 0x7D, 0x45,
    0x56, 0x9D, 0xD0, 0x96, 0xF4, 0xF9, 0x87, 0x6C, 0xA7, 0x6B, 0x51, 0xA2, 0xFD, 0x8E, 0xB6, 0x14,
    0xB1, 0x96, 0xAC, 0xAA, 0xC3, 0x7F, 0x73, 0xE4, 0xD7, 0xEC, 0xCA, 0x7F, 0xBE, 0x7F, 0x81, 0x9D,
    0xBC, 0xF5, 0xFA, 0xAD, 0xE8, 0x86, 0xEF, 0x7C, 0xEA, 0x79, 0x6E, 0xE6, 0x65, 0xE5, 0x81, 0x3A,
    0x86, 0x07, 0xEF, 0x20, 0xE6, 0x6C, 0xA4, 0xDF, 0x65, 0x76, 0xB6, 0xA1, 0xED, 0xD4, 0x95, 0x59,
    0xCC, 0x32, 0x31, 0x8D, 0xAB, 0x0D, 0xF1, 0xD6, 0xEF, 0xAE, 0x32, 0xF7, 0xF2, 0x93, 0x57, 0x99,
    0x43, 0x97, 0x51, 0x7E, 0x59, 0x5E, 0x4D, 0x9A, 0x24, 0x32, 0xA1, 0xB7, 0xB5, 0x6B, 0x6E, 0x70,
    0x1A, 0x7F, 0x13, 0xA1, 0x88, 0x2E, 0x8A, 0x7E, 0xFD, 0x7A, 0x5A, 0x68, 0xB5, 0x1D, 0xB5, 0xFB,
    0x99, 0x10, 0x51, 0x26, 0xDC, 0x3D, 0x6B, 0x1A, 0x13, 0xA1, 0xA6, 0xA6, 0xB1, 0xB4, 0xA3, 0xDC,
    0xA8, 0x4F, 0x63, 0xD5, 0xB2, 0x73, 0x4B, 0x4D, 0x98, 0x7F, 0xBD, 0x52, 0xCB, 0x76, 0xD7, 0x47,
    0x79, 0x55, 0x1C, 0xD7, 0x76, 0x97, 0xA0, 0x7F, 0x7C, 0x6D, 0xF7, 0x38, 0xFC, 0xAF, 0x5D, 0xDB,
    0x7D, 0x06, 0xE1, 0x0B, 0xD7, 0xF6, 0xFC, 0x16, 0x6C, 0x93, 0xF8, 0xC1, 0x8C, 0x6D, 0x6E, 0xDF,
    0xEE, 0xEE, 0x14, 0xA6, 0x3D, 0x20, 0xB8, 0x48, 0x66, 0xB3, 0xD9, 0x8C, 0xE8, 0xD9, 0x64, 0x6F,
    0xFA, 0xB3, 0x78, 0xF5, 0xE2, 0x2A, 0x5F, 0x67, 0xE9, 0x86, 0x13, 0xC7, 0x67, 0x4B, 0x1F, 0x26,
    0xBB, 0xD2, 0x6F, 0x97, 0x7E, 0xF9, 0xE3, 0xDE, 0x23, 0x8F, 0x67, 0x32, 0xC6, 0xC1, 0x5F, 0x68,
    0x4E, 0x52, 0x7B, 0x97, 0xAB, 0x14, 0x13, 0x94, 0x81, 0xC6, 0xF0, 0xCD, 0x72, 0x07, 0x90, 0x7B,
    0x2C, 0xB8, 0x34, 0xFC, 0xFB, 0x71, 0x9E, 0xB0, 0xE1, 0xBB, 0xFD, 0x3A, 0xA4, 0x8C, 0xF3, 0xCA,
    0x45, 0x89, 0x26, 0x58, 0xF3, 0xC6, 0x0D, 0xAA, 0x79, 0x54, 0x50, 0x3D, 0x51, 0xAA, 0x9E, 0xE8,
    0x75, 0x74, 0x6F, 0x58, 0x4F, 0xAC, 0x14, 0x7E, 0x9A, 0x6A, 0x0B, 0x7C, 0x77, 0xBC, 0x82, 0x9C,
    0xF9, 0x17, 0x9F, 0x3E, 0x7C, 0x74, 0xFA, 0x86, 0xD1, 0x3D, 0xED, 0x89, 0xA9, 0x80, 0x36, 0xB9,
    0xED, 0x4A, 0x05, 0xFB, 0x99, 0xB3, 0x0B, 0x6B, 0xA2, 0x9C, 0x3A, 0xF0, 0xFC, 0x34, 0x9D, 0x5B,
    0x36, 0xFC, 0x29, 0xBA, 0xB4, 0x4C, 0xFA, 0xA2, 0xBD, 0x18, 0x46, 0xD8, 0xDC, 0x45, 0xC5, 0x94,
    0x6A, 0xE5, 0xF4, 0xEA, 0xB7, 0xB0, 0x55, 0x0D, 0xEB, 0xCD, 0xAA, 0x1D, 0x2E, 0xDD, 0xC3, 0xB4,
    0xB9, 0xF9, 0x79, 0xA4, 0xD7, 0x1E, 0x6C, 0x58, 0xEF, 0xC7, 0x39, 0x35, 0x30, 0x5A, 0x1A, 0xF0,
    0x33, 0x7D, 0x17, 0x99, 0xE8, 0x51, 0x53, 0x63, 0x73, 0x1F, 0x89, 0x6C, 0x1F, 0x23, 0xF8, 0xD5,
    0x04, 0xAF, 0x49, 0xA8, 0xC8, 0xDB, 0x8D, 0xC8, 0x6B, 0x0F, 0xBD, 0xC9, 0x74, 0x2B, 0xDF, 0xF7,
    0xA8, 0xDA, 0x68, 0xBF, 0xFD, 0x2A, 0x7A, 0x47, 0x7B, 0xBD, 0x46, 0x6B, 0x5E, 0x87, 0x56, 0x7C,
    0xE4, 0x4D, 0x66, 0x65, 0x78, 0x13, 0x8E, 0xDA, 0x22, 0xED, 0x47, 0x86, 0x97, 0xDA, 0x9C, 0xF9,
    0x4E, 0xAE, 0x20, 0x59, 0xA1, 0xA9, 0xF0, 0x49, 0x36, 0x39, 0x54, 0xD8, 0x5A, 0x5F, 0xF8, 0x16,
    0xEF, 0xC0, 0x1E, 0xBC, 0x2E, 0x97, 0xAC, 0x1A, 0xFF, 0x03,
};

static const EpdGlyph lexenddeca_9_boldGlyphs[] = {
    { 0, 0, 0, 0, 0, 0, 0 }, // U+0000
    { 0, 0, 0, 0, 0, 0, 0 }, // U+0001
    { 0, 0, 0, 0, 0, 0, 0 }, // U+0002
    { 0, 0, 0, 0, 0, 0, 0 }, // U+0003
    { 0, 0, 0, 0, 0, 0, 0 }, // U+0004
    { 0, 0, 0, 0, 0, 0, 0 }, // U+0005
    { 0, 0, 0, 0, 0, 0, 0 }, // U+0006
    { 0, 0, 0, 0, 0, 0, 0 }, // U+0007
    { 0, 0, 0, 0, 0, 0, 0 }, // U+0008
    { 0, 0, 0, 0, 0, 0, 0 }, // U+0009
    { 0, 0, 0, 0, 0, 0, 0 }, // U+000A
    { 0, 0, 0, 0, 0, 0, 0 }, // U+000B
    { 0, 0, 0, 0, 0, 0, 0 }, // U+000C
    { 0, 0, 0, 0, 0, 0, 0 }, // U+000D
    { 0, 0, 0, 0, 0, 0, 0 }, // U+000E
    { 0, 0, 0, 0, 0, 0, 0 }, // U+000F
    { 0, 0, 0, 0, 0, 0, 0 }, // U+0010
    { 0, 0, 0, 0, 0, 0, 0 }, // U+0011
    { 0, 0, 0, 0, 0, 0, 0 }, // U+0012
    { 0, 0, 0, 0, 0, 0, 0 }, // U+0013
    { 0, 0, 0, 0, 0, 0, 0 }, // U+0014
    { 0, 0, 0, 0, 0, 0, 0 }, // U+0015
    { 0, 0, 0, 0, 0, 0, 0 }, // U+0016
    { 0, 0, 0, 0, 0, 0, 0 }, // U+0017
    { 0, 0, 0, 0, 0, 0, 0 }, // U+0018
    { 0, 0, 0, 0, 0, 0, 0 }, // U+0019
    { 0, 0, 0, 0, 0, 0, 0 }, // U+001A
    { 0, 0, 0, 0, 0, 0, 0 }, // U+001B
    { 0, 0, 0, 0, 0, 0, 0 }, // U+001C
    { 0, 0, 0, 0, 0, 0, 0 }, // U+001D
    { 0, 0, 0, 0, 0, 0, 0 }, // U+001E
    { 0, 0, 0, 0, 0, 0, 0 }, // U+001F
    { 0, 0, 96, 0, 0, 0, 0 }, // U+0020
    { 4, 13, 85, 1, 13, 13, 0 }, // !
    { 6, 5, 123, 1, 13, 8, 13 }, // "
    { 15, 13, 235, 0, 13, 49, 21 }, // #
    { 12, 16, 186, 0, 14, 48, 70 }, // $
    { 18, 13, 293, 1, 13, 59, 118 }, // %
    { 14, 14, 211, 1, 14, 49, 177 }, // &
    { 3, 5, 67, 1, 13, 4, 226 }, // '
    { 6, 16, 110, 1, 13, 24, 230 }, // (
    { 6, 16, 110, 1, 13, 24, 254 }, // )
    { 8, 7, 130, 0, 13, 14, 278 }, // *
    { 10, 10, 185, 1, 10, 25, 292 }, // +
    { 4, 6, 73, 1, 3, 6, 317 }, // ,
    { 6, 3, 112, 1, 7, 5, 323 }, // -
    { 4, 4, 73, 1, 4, 4, 328 }, // .
    { 8, 13, 133, 0, 13, 26, 332 }, // /
    { 11, 13, 196, 1, 13, 36, 358 }, // 0
    { 6, 13, 134, 1, 13, 20, 394 }, // 1
    { 10, 13, 176, 1, 13, 33, 414 }, // 2
    { 10, 13, 181, 0, 13, 33, 447 }, // 3
    { 11, 13, 188, 1, 13, 36, 480 }, // 4
    { 10, 13, 184, 1, 13, 33, 516 }, // 5
    { 10, 13, 190, 1, 13, 33, 549 }, // 6
    { 9, 13, 163, 1, 13, 30, 582 }, // 7
    { 10, 13, 187, 1, 13, 33, 612 }, // 8
    { 9, 13, 168, 1, 13, 30, 645 }, // 9
    { 4, 10, 73, 1, 10, 10, 675 }, // :
    { 4, 13, 73, 1, 10, 13, 685 }, // ;
    { 10, 11, 172, 1, 10, 28, 698 }, // <
    { 10, 6, 185, 1, 8, 15, 726 }, // =
    { 10, 11, 172, 1, 10, 28, 741 }, // >
    { 10, 13, 184, 0, 13, 33, 769 }, // ?
    { 13, 13, 226, 0, 13, 43, 802 }, // @
    { 13, 13, 207, 0, 13, 43, 845 }, // A
    { 11, 13, 192, 1, 13, 36, 888 }, // B
    { 12, 13, 202, 1, 13, 39, 924 }, // C
    { 11, 13, 206, 1, 13, 36, 963 }, // D
    { 10, 13, 174, 1, 13, 33, 999 }, // E
    { 9, 13, 163, 1, 13, 30, 1032 }, // F
    { 12, 13, 216, 1, 13, 39, 1062 }, // G
    { 11, 13, 204, 1, 13, 36, 1101 }, // H
    { 7, 13, 138, 1, 13, 23, 1137 }, // I
    { 10, 13, 168, 0, 13, 33, 1160 }, // J
    { 12, 13, 198, 1, 13, 39, 1193 }, // K
    { 9, 13, 161, 1, 13, 30, 1232 }, // L
    { 14, 13, 253, 1, 13, 46, 1262 }, // M
    { 12, 13, 210, 1, 13, 39, 1308 }, // N
    { 13, 13, 229, 1, 13, 43, 1347 }, // O
    { 10, 13, 188, 1, 13, 33, 1390 }, // P
    { 14, 14, 234, 1, 13, 49, 1423 }, // Q
    { 11, 13, 196, 1, 13, 36, 1472 }, // R
    { 12, 13, 186, 0, 13, 39, 1508 }, // S
    { 11, 13, 185, 1, 13, 36, 1547 }, // T
    { 11, 13, 199, 1, 13, 36, 1583 }, // U
    { 13, 13, 197, 0, 13, 43, 1619 }, // V
    { 17, 13, 265, 0, 13, 56, 1662 }, // W
    { 13, 13, 210, 0, 13, 43, 1718 }, // X
    { 13, 13, 206, 0, 13, 43, 1761 }, // Y
    { 10, 13, 186, 1, 13, 33, 1804 }, // Z
    { 5, 16, 100, 1, 13, 20, 1837 }, // [
    { 8, 13, 133, 0, 13, 26, 1857 }, // <backslash>
    { 6, 16, 100, 0, 13, 24, 1883 }, // ]
    { 10, 7, 177, 1, 13, 18, 1907 }, // ^
    { 8, 3, 129, 1, 0, 6, 1925 }, // _
    { 4, 3, 94, 1, 14, 3, 1931 }, // `
    { 10, 10, 166, 1, 10, 25, 1934 }, // a
    { 10, 13, 179, 1, 13, 33, 1959 }, // b
    { 9, 10, 156, 1, 10, 23, 1992 }, // c
    { 11, 13, 179, 1, 13, 36, 2015 }, // d
    { 10, 10, 170, 1, 10, 25, 2051 }, // e
    { 6, 15, 110, 1, 15, 23, 2076 }, // f
    { 10, 15, 179, 1, 10, 38, 2099 }, // g
    { 9, 13, 172, 1, 13, 30, 2137 }, // h
    { 5, 15, 94, 0, 15, 19, 2167 }, // i
    { 5, 18, 78, -1, 15, 23, 2186 }, // j
    { 10, 13, 170, 1, 13, 33, 2209 }, // k
    { 5, 13, 93, 1, 13, 17, 2242 }, // l
    { 15, 10, 266, 1, 10, 38, 2259 }, // m
    { 9, 10, 172, 1, 10, 23, 2297 }, // n
    { 10, 10, 172, 1, 10, 25, 2320 }, // o
    { 10, 13, 179, 1, 10, 33, 2345 }, // p
    { 12, 13, 180, 1, 10, 39, 2378 }, // q
    { 6, 10, 112, 1, 10, 15, 2417 }, // r
    { 10, 10, 160, 0, 10, 25, 2432 }, // s
    { 6, 12, 114, 1, 12, 18, 2457 }, // t
    { 9, 10, 171, 1, 10, 23, 2475 }, // u
    { 10, 10, 158, 0, 10, 25, 2498 }, // v
    { 14, 10, 217, 0, 10, 35, 2523 }, // w
    { 10, 10, 160, 0, 10, 25, 2558 }, // x
    { 11, 13, 155, -1, 10, 36, 2583 }, // y
    { 9, 10, 155, 1, 10, 23, 2619 }, // z
    { 7, 16, 111, 0, 13, 28, 2642 }, // {
    { 3, 16, 70, 1, 13, 12, 2670 }, // |
    { 6, 16, 111, 1, 13, 24, 2682 }, // }
    { 8, 5, 160, 1, 7, 10, 2706 }, // ~
    { 0, 0, 0, 0, 0, 0, 2716 }, // U+007F
    { 0, 0, 0, 0, 0, 0, 0 }, // U+0080
    { 0, 0, 0, 0, 0, 0, 0 }, // U+0081
    { 0, 0, 0, 0, 0, 0, 0 }, // U+0082
    { 0, 0, 0, 0, 0, 0, 0 }, // U+0083
    { 0, 0, 0, 0, 0, 0, 0 }, // U+0084
    { 0, 0, 0, 0, 0, 0, 0 }, // U+0085
    { 0, 0, 0, 0, 0, 0, 0 }, // U+0086
    { 0, 0, 0, 0, 0, 0, 0 }, // U+0087
    { 0, 0, 0, 0, 0, 0, 0 }, // U+0088
    { 0, 0, 0, 0, 0, 0, 0 }, // U+0089
    { 0, 0, 0, 0, 0, 0, 0 }, // U+008A
    { 0, 0, 0, 0, 0, 0, 0 }, // U+008B
    { 0, 0, 0, 0, 0, 0, 0 }, // U+008C
    { 0, 0, 0, 0, 0, 0, 0 }, // U+008D
    { 0, 0, 0, 0, 0, 0, 0 }, // U+008E
    { 0, 0, 0, 0, 0, 0, 0 }, // U+008F
    { 0, 0, 0, 0, 0, 0, 0 }, // U+0090
    { 0, 0, 0, 0, 0, 0, 0 }, // U+0091
    { 0, 0, 0, 0, 0, 0, 0 }, // U+0092
    { 0, 0, 0, 0, 0, 0, 0 }, // U+0093
    { 0, 0, 0, 0, 0, 0, 0 }, // U+0094
    { 0, 0, 0, 0, 0, 0, 0 }, // U+0095
    { 0, 0, 0, 0, 0, 0, 0 }, // U+0096
    { 0, 0, 0, 0, 0, 0, 0 }, // U+0097
    { 0, 0, 0, 0, 0, 0, 0 }, // U+0098
    { 0, 0, 0, 0, 0, 0, 0 }, // U+0099
    { 0, 0, 0, 0, 0, 0, 0 }, // U+009A
    { 0, 0, 0, 0, 0, 0, 0 }, // U+009B
    { 0, 0, 0, 0, 0, 0, 0 }, // U+009C
    { 0, 0, 0, 0, 0, 0, 0 }, // U+009D
    { 0, 0, 0, 0, 0, 0, 0 }, // U+009E
    { 0, 0, 0, 0, 0, 0, 0 }, // U+009F
    { 0, 0, 96, 0, 0, 0, 0 }, // U+00A0
    { 4, 13, 85, 1, 10, 13, 0 }, // U+00A1
    { 9, 13, 156, 1, 11, 30, 13 }, // U+00A2
    { 11, 13, 185, 1, 13, 36, 43 }, // U+00A3
    { 10, 10, 179, 0, 11, 25, 79 }, // U+00A4
    { 14, 13, 206, 0, 13, 46, 104 }, // U+00A5
    { 3, 16, 65, 1, 13, 12, 150 }, // U+00A6
    { 10, 16, 173, 1, 13, 40, 162 }, // U+00A7
    { 6, 3, 136, 1, 14, 5, 202 }, // U+00A8
    { 14, 14, 239, 0, 13, 49, 207 }, // U+00A9
    { 6, 7, 118, 1, 15, 11, 256 }, // U+00AA
    { 11, 8, 201, 1, 9, 22, 267 }, // U+00AB
    { 10, 8, 185, 1, 9, 20, 289 }, // U+00AC
    { 0, 0, 0, 0, 0, 0, 309 }, // U+00AD
    { 14, 14, 239, 0, 13, 49, 309 }, // U+00AE
    { 6, 3, 121, 1, 14, 5, 358 }, // U+00AF
    { 6, 6, 121, 1, 13, 9, 363 }, // U+00B0
    { 10, 10, 185, 1, 10, 25, 372 }, // U+00B1
    { 6, 7, 122, 1, 15, 11, 397 }, // U+00B2
    { 6, 7, 124, 1, 15, 11, 408 }, // U+00B3
    { 4, 3, 94, 1, 14, 3, 419 }, // U+00B4
    { 10, 13, 177, 1, 10, 33, 422 }, // U+00B5
    { 9, 16, 154, 0, 13, 36, 455 }, // U+00B6
    { 4, 4, 90, 1, 7, 4, 491 }, // U+00B7
    { 5, 5, 96, 1, 1, 7, 495 }, // U+00B8
    { 4, 7, 87, 0, 15, 7, 502 }, // U+00B9
    { 6, 6, 123, 1, 14, 9, 509 }, // U+00BA
    { 11, 8, 201, 1, 9, 22, 518 }, // U+00BB
    { 14, 13, 256, 0, 13, 46, 540 }, // U+00BC
    { 15, 13, 257, 0, 13, 49, 586 }, // U+00BD
    { 16, 13, 288, 1, 13, 52, 635 }, // U+00BE
    { 11, 13, 184, 1, 10, 36, 687 }, // U+00BF
    { 13, 18, 207, 0, 18, 59, 723 }, // U+00C0
    { 13, 18, 207, 0, 18, 59, 782 }, // U+00C1
    { 13, 18, 207, 0, 18, 59, 841 }, // U+00C2
    { 13, 17, 207, 0, 17, 56, 900 }, // U+00C3
    { 14, 18, 207, -1, 18, 63, 956 }, // U+00C4
    { 13, 17, 207, 0, 17, 56, 1019 }, // U+00C5
    { 19, 13, 305, 0, 13, 62, 1075 }, // U+00C6
    { 12, 16, 202, 1, 13, 48, 1137 }, // U+00C7
    { 10, 18, 174, 1, 18, 45, 1185 }, // U+00C8
    { 10, 18, 174, 1, 18, 45, 1230 }, // U+00C9
    { 10, 18, 174, 1, 18, 45, 1275 }, // U+00CA
    { 10, 18, 174, 1, 18, 45, 1320 }, // U+00CB
    { 7, 18, 138, 1, 18, 32, 1365 }, // U+00CC
    { 7, 18, 138, 1, 18, 32, 1397 }, // U+00CD
    { 9, 18, 138, 0, 18, 41, 1429 }, // U+00CE
    { 6, 18, 138, 1, 18, 27, 1470 }, // U+00CF
    { 14, 13, 232, 1, 13, 46, 1497 }, // U+00D0
    { 12, 17, 210, 1, 17, 51, 1543 }, // U+00D1
    { 13, 18, 229, 1, 18, 59, 1594 }, // U+00D2
    { 13, 18, 229, 1, 18, 59, 1653 }, // U+00D3
    { 13, 18, 229, 1, 18, 59, 1712 }, // U+00D4
    { 13, 17, 229, 1, 17, 56, 1771 }, // U+00D5
    { 13, 18, 229, 1, 18, 59, 1827 }, // U+00D6
    { 10, 10, 162, 0, 10, 25, 1886 }, // U+00D7
    { 13, 13, 229, 1, 13, 43, 1911 }, // U+00D8
    { 11, 18, 199, 1, 18, 50, 1954 }, // U+00D9
    { 11, 18, 199, 1, 18, 50, 2004 }, // U+00DA
    { 11, 18, 199, 1, 18, 50, 2054 }, // U+00DB
    { 11, 18, 199, 1, 18, 50, 2104 }, // U+00DC
    { 13, 18, 206, 0, 18, 59, 2154 }, // U+00DD
    { 10, 13, 184, 1, 13, 33, 2213 }, // U+00DE
    { 10, 13, 186, 1, 13, 33, 2246 }, // U+00DF
    { 10, 15, 166, 1, 15, 38, 2279 }, // U+00E0
    { 10, 15, 166, 1, 15, 38, 2317 }, // U+00E1
    { 10, 15, 166, 1, 15, 38, 2355 }, // U+00E2
    { 10, 13, 166, 1, 13, 33, 2393 }, // U+00E3
    { 10, 14, 166, 1, 14, 35, 2426 }, // U+00E4
    { 10, 16, 166, 1, 16, 40, 2461 }, // U+00E5
    { 16, 10, 265, 1, 10, 40, 2501 }, // U+00E6
    { 10, 13, 156, 1, 10, 33, 2541 }, // U+00E7
    { 10, 15, 170, 1, 15, 38, 2574 }, // U+00E8
    { 10, 15, 170, 1, 15, 38, 2612 }, // U+00E9
    { 10, 15, 170, 1, 15, 38, 2650 }, // U+00EA
    { 10, 14, 170, 0, 14, 35, 2688 }, // U+00EB
    { 5, 15, 90, 1, 15, 19, 2723 }, // U+00EC
    { 6, 15, 90, 1, 15, 23, 2742 }, // U+00ED
    { 9, 14, 90, -1, 14, 32, 2765 }, // U+00EE
    { 6, 14, 90, 0, 14, 21, 2797 }, // U+00EF
    { 10, 15, 177, 1, 15, 38, 2818 }, // U+00F0
    { 9, 13, 172, 1, 13, 30, 2856 }, // U+00F1
    { 10, 15, 172, 1, 15, 38, 2886 }, // U+00F2
    { 10, 15, 172, 1, 15, 38, 2924 }, // U+00F3
    { 10, 15, 172, 1, 15, 38, 2962 }, // U+00F4
    { 10, 13, 172, 1, 13, 33, 3000 }, // U+00F5
    { 10, 14, 172, 1, 14, 35, 3033 }, // U+00F6
    { 10, 10, 178, 1, 10, 25, 3068 }, // U+00F7
    { 10, 12, 172, 1, 11, 30, 3093 }, // U+00F8
    { 9, 15, 171, 1, 15, 34, 3123 }, // U+00F9
    { 9, 15, 171, 1, 15, 34, 3157 }, // U+00FA
    { 9, 15, 171, 1, 15, 34, 3191 }, // U+00FB
    { 9, 14, 171, 1, 14, 32, 3225 }, // U+00FC
    { 11, 18, 155, -1, 15, 50, 3257 }, // U+00FD
    { 10, 16, 179, 1, 13, 40, 3307 }, // U+00FE
    { 10, 17, 155, 0, 14, 43, 3347 }, // U+00FF
    { 14, 16, 207, 0, 16, 56, 0 }, // U+0100
    { 10, 13, 166, 1, 13, 33, 56 }, // U+0101
    { 13, 18, 207, 0, 18, 59, 89 }, // U+0102
    { 10, 14, 166, 1, 14, 35, 148 }, // U+0103
    { 14, 16, 207, 0, 13, 56, 183 }, // U+0104
    { 10, 13, 166, 1, 10, 33, 239 }, // U+0105
    { 12, 18, 202, 1, 18, 54, 272 }, // U+0106
    { 10, 15, 156, 1, 15, 38, 326 }, // U+0107
    { 12, 18, 202, 1, 18, 54, 364 }, // U+0108
    { 9, 15, 156, 1, 15, 34, 418 }, // U+0109
    { 13, 18, 202, 1, 18, 59, 452 }, // U+010A
    { 9, 14, 156, 1, 14, 32, 511 }, // U+010B
    { 12, 18, 202, 1, 18, 54, 543 }, // U+010C
    { 9, 15, 156, 1, 15, 34, 597 }, // U+010D
    { 11, 18, 206, 1, 18, 50, 631 }, // U+010E
    { 14, 13, 193, 1, 13, 46, 681 }, // U+010F
    { 14, 13, 232, 1, 13, 46, 727 }, // U+0110
    { 11, 14, 190, 1, 14, 39, 773 }, // U+0111
    { 10, 16, 174, 1, 16, 40, 812 }, // U+0112
    { 10, 13, 170, 1, 13, 33, 852 }, // U+0113
    { 10, 18, 174, 1, 18, 45, 885 }, // U+0114
    { 10, 14, 170, 1, 14, 35, 930 }, // U+0115
    { 10, 18, 174, 1, 18, 45, 965 }, // U+0116
    { 10, 14, 170, 0, 14, 35, 1010 }, // U+0117
    { 10, 16, 174, 1, 13, 40, 1045 }, // U+0118
    { 10, 13, 170, 1, 10, 33, 1085 }, // U+0119
    { 10, 18, 174, 1, 18, 45, 1118 }, // U+011A
    { 10, 15, 170, 1, 15, 38, 1163 }, // U+011B
    { 12, 18, 216, 1, 18, 54, 1201 }, // U+011C
    { 10, 19, 179, 1, 14, 48, 1255 }, // U+011D
    { 12, 18, 216, 1, 18, 54, 1303 }, // U+011E
    { 10, 19, 179, 1, 14, 48, 1357 }, // U+011F
    { 12, 18, 216, 1, 18, 54, 1405 }, // U+0120
    { 10, 19, 179, 1, 14, 48, 1459 }, // U+0121
    { 12, 18, 216, 1, 13, 54, 1507 }, // U+0122
    { 11, 20, 179, 1, 15, 55, 1561 }, // U+0123
    { 11, 18, 204, 1, 18, 50, 1616 }, // U+0124
    { 12, 18, 172, -2, 18, 54, 1666 }, // U+0125
    { 13, 13, 222, 1, 13, 43, 1720 }, // U+0126
    { 11, 14, 189, 1, 14, 39, 1763 }, // U+0127
    { 8, 17, 138, 0, 17, 34, 1802 }, // U+0128
    { 8, 13, 90, 0, 13, 26, 1836 }, // U+0129
    { 7, 16, 138, 1, 16, 28, 1862 }, // U+012A
    { 6, 13, 90, 1, 13, 20, 1890 }, // U+012B
    { 8, 18, 138, 1, 18, 36, 1910 }, // U+012C
    { 8, 14, 90, 0, 14, 28, 1946 }, // U+012D
    { 7, 16, 138, 1, 13, 28, 1974 }, // U+012E
    { 5, 18, 94, 0, 15, 23, 2002 }, // U+012F
    { 7, 18, 138, 1, 18, 32, 2025 }, // U+0130
    { 5, 10, 90, 1, 10, 13, 2057 }, // U+0131
    { 17, 13, 305, 1, 13, 56, 2070 }, // U+0132
    { 10, 18, 172, 0, 15, 45, 2126 }, // U+0133
    { 13, 18, 168, 0, 18, 59, 2171 }, // U+0134
    { 9, 18, 78, -2, 15, 41, 2230 }, // U+0135
    { 12, 18, 198, 1, 13, 54, 2271 }, // U+0136
    { 10, 18, 170, 1, 13, 45, 2325 }, // U+0137
    { 10, 10, 170, 1, 10, 25, 2370 }, // U+0138
    { 9, 18, 161, 1, 18, 41, 2395 }, // U+0139
    { 5, 18, 93, 1, 18, 23, 2436 }, // U+013A
    { 9, 18, 161, 1, 13, 41, 2459 }, // U+013B
    { 6, 18, 93, 0, 13, 27, 2500 }, // U+013C
    { 9, 13, 161, 1, 13, 30, 2527 }, // U+013D
    { 7, 13, 99, 1, 13, 23, 2557 }, // U+013E
    { 9, 13, 161, 1, 13, 30, 2580 }, // U+013F
    { 8, 13, 145, 1, 13, 26, 2610 }, // U+0140
    { 11, 13, 176, 0, 13, 36, 2636 }, // U+0141
    { 7, 13, 97, 0, 13, 23, 2672 }, // U+0142
    { 12, 18, 210, 1, 18, 54, 2695 }, // U+0143
    { 9, 15, 172, 1, 15, 34, 2749 }, // U+0144
    { 12, 18, 210, 1, 13, 54, 2783 }, // U+0145
    { 9, 15, 172, 1, 10, 34, 2837 }, // U+0146
    { 12, 18, 210, 1, 18, 54, 2871 }, // U+0147
    { 9, 14, 172, 1, 14, 32, 2925 }, // U+0148
    { 13, 13, 238, 1, 13, 43, 2957 }, // U+0149
    { 12, 16, 210, 1, 13, 48, 3000 }, // U+014A
    { 9, 13, 172, 1, 10, 30, 3048 }, // U+014B
    { 13, 17, 229, 1, 17, 56, 3078 }, // U+014C
    { 10, 13, 172, 1, 13, 33, 3134 }, // U+014D
    { 13, 18, 229, 1, 18, 59, 3167 }, // U+014E
    { 10, 14, 172, 1, 14, 35, 3226 }, // U+014F
    { 13, 18, 229, 1, 18, 59, 3261 }, // U+0150
    { 10, 15, 172, 1, 15, 38, 3320 }, // U+0151
    { 19, 13, 318, 1, 13, 62, 3358 }, // U+0152
    { 17, 10, 281, 1, 10, 43, 3420 }, // U+0153
    { 11, 18, 196, 1, 18, 50, 3463 }, // U+0154
    { 6, 15, 112, 1, 15, 23, 3513 }, // U+0155
    { 11, 18, 196, 1, 13, 50, 3536 }, // U+0156
    { 8, 15, 112, -1, 10, 30, 3586 }, // U+0157
    { 11, 18, 196, 1, 18, 50, 3616 }, // U+0158
    { 9, 14, 112, 0, 14, 32, 3666 }, // U+0159
    { 12, 18, 186, 0, 18, 54, 3698 }, // U+015A
    { 10, 15, 160, 0, 15, 38, 3752 }, // U+015B
    { 12, 18, 186, 0, 18, 54, 3790 }, // U+015C
    { 10, 15, 160, 0, 15, 38, 3844 }, // U+015D
    { 12, 16, 186, 0, 13, 48, 3882 }, // U+015E
    { 10, 13, 160, 0, 10, 33, 3930 }, // U+015F
    { 12, 18, 186, 0, 18, 54, 3963 }, // U+0160
    { 10, 15, 160, 0, 15, 38, 4017 }, // U+0161
    { 11, 16, 185, 1, 13, 44, 4055 }, // U+0162
    { 6, 16, 114, 1, 13, 24, 4099 }, // U+0163
    { 11, 18, 185, 1, 18, 50, 4123 }, // U+0164
    { 8, 15, 114, 1, 15, 30, 4173 }, // U+0165
    { 11, 13, 185, 1, 13, 36, 4203 }, // U+0166
    { 6, 12, 114, 1, 12, 18, 4239 }, // U+0167
    { 11, 17, 199, 1, 17, 47, 4257 }, // U+0168
    { 9, 13, 171, 1, 13, 30, 4304 }, // U+0169
    { 11, 17, 199, 1, 17, 47, 4334 }, // U+016A
    { 9, 13, 171, 1, 13, 30, 4381 }, // U+016B
    { 11, 18, 199, 1, 18, 50, 4411 }, // U+016C
    { 9, 14, 171, 1, 14, 32, 4461 }, // U+016D
    { 11, 19, 199, 1, 19, 53, 4493 }, // U+016E
    { 9, 16, 171, 1, 16, 36, 4546 }, // U+016F
    { 11, 18, 199, 1, 18, 50, 4582 }, // U+0170
    { 9, 15, 171, 1, 15, 34, 4632 }, // U+0171
    { 11, 16, 199, 1, 13, 44, 4666 }, // U+0172
    { 9, 13, 171, 1, 10, 30, 4710 }, // U+0173
    { 17, 18, 265, 0, 18, 77, 4740 }, // U+0174
    { 14, 14, 217, 0, 14, 49, 4817 }, // U+0175
    { 13, 18, 206, 0, 18, 59, 4866 }, // U+0176
    { 11, 18, 155, -1, 15, 50, 4925 }, // U+0177
    { 14, 18, 206, -1, 18, 63, 4975 }, // U+0178
    { 10, 18, 186, 1, 18, 45, 5038 }, // U+0179
    { 9, 15, 155, 1, 15, 34, 5083 }, // U+017A
    { 10, 18, 186, 1, 18, 45, 5117 }, // U+017B
    { 9, 14, 155, 1, 14, 32, 5162 }, // U+017C
    { 10, 18, 186, 1, 18, 45, 5194 }, // U+017D
    { 9, 14, 155, 1, 14, 32, 5239 }, // U+017E
    { 7, 15, 110, 0, 15, 27, 5271 }, // U+017F
    { 14, 15, 229, 1, 15, 53, 0 }, // U+01A0
    { 11, 12, 178, 1, 12, 33, 53 }, // U+01A1
    { 13, 15, 207, 1, 15, 49, 86 }, // U+01AF
    { 11, 12, 177, 1, 12, 33, 135 }, // U+01B0
    { 23, 18, 392, 1, 18, 104, 168 }, // U+01C4
    { 21, 14, 361, 1, 14, 74, 272 }, // U+01C5
    { 20, 14, 334, 1, 14, 70, 346 }, // U+01C6
    { 19, 13, 329, 1, 13, 62, 416 }, // U+01C7
    { 13, 18, 239, 1, 15, 59, 478 }, // U+01C8
    { 9, 18, 172, 1, 15, 41, 537 }, // U+01C9
    { 22, 13, 378, 1, 13, 72, 578 }, // U+01CA
    { 16, 18, 288, 1, 15, 72, 650 }, // U+01CB
    { 14, 18, 249, 1, 15, 63, 722 }, // U+01CC
    { 13, 18, 207, 0, 18, 59, 785 }, // U+01CD
    { 10, 15, 166, 1, 15, 38, 844 }, // U+01CE
    { 11, 18, 199, 1, 18, 50, 882 }, // U+01D3
    { 9, 15, 171, 1, 15, 34, 932 }, // U+01D4
    { 12, 18, 216, 1, 18, 54, 966 }, // U+01E6
    { 10, 19, 179, 1, 14, 48, 1020 }, // U+01E7
    { 13, 16, 229, 1, 13, 52, 1068 }, // U+01EA
    { 10, 13, 172, 1, 10, 33, 1120 }, // U+01EB
    { 23, 13, 392, 1, 13, 75, 1153 }, // U+01F1
    { 21, 13, 361, 1, 13, 69, 1228 }, // U+01F2
    { 20, 13, 334, 1, 13, 65, 1297 }, // U+01F3
    { 13, 20, 207, 0, 20, 65, 1362 }, // U+01FA
    { 10, 21, 166, 1, 21, 53, 1427 }, // U+01FB
    { 19, 18, 305, 0, 18, 86, 1480 }, // U+01FC
    { 16, 15, 265, 1, 15, 60, 1566 }, // U+01FD
    { 13, 18, 229, 1, 18, 59, 1626 }, // U+01FE
    { 10, 16, 172, 1, 15, 40, 1685 }, // U+01FF
    { 12, 18, 186, 0, 13, 54, 1725 }, // U+0218
    { 10, 15, 160, 0, 10, 38, 1779 }, // U+0219
    { 11, 18, 185, 1, 13, 50, 1817 }, // U+021A
    { 6, 17, 114, 1, 12, 26, 1867 }, // U+021B
    { 11, 18, 204, 1, 18, 50, 1893 }, // U+021E
    { 12, 18, 172, -2, 18, 54, 1943 }, // U+021F
    { 4, 3, 0, 0, 14, 3, 0 }, // U+0300
    { 4, 3, 0, 0, 14, 3, 3 }, // U+0301
    { 8, 3, 0, 0, 14, 6, 6 }, // U+0302
    { 7, 3, 0, 0, 14, 6, 12 }, // U+0303
    { 6, 3, 0, 0, 14, 5, 18 }, // U+0304
    { 7, 3, 0, -1, 14, 6, 23 }, // U+0306
    { 3, 3, 0, 0, 14, 3, 29 }, // U+0307
    { 6, 3, 0, 0, 14, 5, 32 }, // U+0308
    { 4, 4, 47, -1, 14, 4, 37 }, // U+0309
    { 5, 5, 0, 0, 15, 7, 41 }, // U+030A
    { 8, 3, 0, 0, 14, 6, 48 }, // U+030B
    { 8, 3, 0, 0, 14, 6, 54 }, // U+030C
    { 7, 5, 112, 0, 13, 9, 60 }, // U+031B
    { 3, 4, 61, 0, -1, 3, 69 }, // U+0323
    { 5, 5, 0, 0, 0, 7, 72 }, // U+0326
    { 5, 5, 0, -1, 1, 7, 79 }, // U+0327
    { 5, 5, 0, 0, 1, 7, 86 }, // U+0328
    { 0, 0, 0, 0, 0, 0, 93 }, // U+034F
    { 11, 13, 179, 0, 13, 36, 0 }, // U+03BB
    { 13, 13, 206, 0, 13, 43, 0 }, // U+0410
    { 12, 13, 185, 0, 13, 39, 43 }, // U+0411
    { 12, 13, 192, 0, 13, 39, 82 }, // U+0412
    { 11, 13, 170, 0, 13, 36, 121 }, // U+0413
    { 14, 17, 222, 0, 13, 60, 157 }, // U+0414
    { 14, 13, 225, 0, 13, 46, 217 }, // U+0418
    { 14, 13, 223, 0, 13, 46, 263 }, // U+041B
    { 15, 13, 231, 0, 13, 49, 309 }, // U+041D
    { 14, 13, 227, 0, 13, 46, 358 }, // U+041E
    { 14, 13, 229, 0, 13, 46, 404 }, // U+041F
    { 11, 13, 184, 0, 13, 36, 450 }, // U+0420
    { 12, 13, 191, 0, 13, 39, 486 }, // U+0421
    { 12, 13, 183, 0, 13, 39, 525 }, // U+0422
    { 14, 13, 218, 0, 13, 46, 564 }, // U+0423
    { 13, 13, 201, 0, 13, 43, 610 }, // U+0425
    { 13, 13, 209, 0, 13, 43, 653 }, // U+0427
    { 17, 13, 274, 0, 13, 56, 696 }, // U+042B
    { 12, 13, 185, 0, 13, 39, 752 }, // U+042C
    { 19, 13, 304, 0, 13, 62, 791 }, // U+042E
    { 13, 13, 211, 0, 13, 43, 853 }, // U+042F
    { 11, 10, 166, 0, 10, 28, 896 }, // U+0430
    { 11, 14, 168, 0, 14, 39, 924 }, // U+0431
    { 10, 9, 162, 0, 9, 23, 963 }, // U+0432
    { 12, 12, 183, 0, 9, 36, 986 }, // U+0434
    { 10, 10, 159, 0, 10, 25, 1022 }, // U+0435
    { 9, 10, 144, 0, 10, 23, 1047 }, // U+0437
    { 12, 10, 177, 0, 10, 30, 1070 }, // U+043A
    { 12, 9, 191, 0, 9, 27, 1100 }, // U+043D
    { 11, 10, 175, 0, 10, 28, 1127 }, // U+043E
    { 11, 15, 181, 0, 10, 42, 1155 }, // U+0440
    { 10, 9, 152, 0, 9, 23, 1197 }, // U+0442
    { 12, 12, 184, 0, 9, 36, 1220 }, // U+0446
    { 10, 9, 157, 0, 9, 23, 1256 }, // U+044C
    { 15, 10, 233, 0, 10, 38, 1279 }, // U+044E
    { 13, 18, 207, 0, 13, 59, 0 }, // U+1EA0
    { 10, 15, 166, 1, 10, 38, 59 }, // U+1EA1
    { 14, 18, 207, -1, 18, 63, 97 }, // U+1EA2
    { 10, 15, 166, 1, 15, 38, 160 }, // U+1EA3
    { 14, 20, 207, 0, 20, 70, 198 }, // U+1EA4
    { 11, 18, 166, 1, 18, 50, 268 }, // U+1EA5
    { 14, 19, 207, 0, 19, 67, 318 }, // U+1EA6
    { 11, 17, 166, 1, 17, 47, 385 }, // U+1EA7
    { 13, 20, 207, 0, 20, 65, 432 }, // U+1EA8
    { 10, 17, 166, 1, 17, 43, 497 }, // U+1EA9
    { 13, 21, 207, 0, 21, 69, 540 }, // U+1EAA
    { 10, 18, 166, 1, 18, 45, 609 }, // U+1EAB
    { 13, 23, 207, 0, 18, 75, 654 }, // U+1EAC
    { 10, 20, 166, 1, 15, 50, 729 }, // U+1EAD
    { 13, 21, 207, 0, 21, 69, 779 }, // U+1EAE
    { 10, 19, 166, 1, 19, 48, 848 }, // U+1EAF
    { 13, 21, 207, 0, 21, 69, 896 }, // U+1EB0
    { 10, 19, 166, 1, 19, 48, 965 }, // U+1EB1
    { 14, 21, 207, -1, 21, 74, 1013 }, // U+1EB2
    { 10, 18, 166, 1, 18, 45, 1087 }, // U+1EB3
    { 13, 21, 207, 0, 21, 69, 1132 }, // U+1EB4
    { 10, 18, 166, 1, 18, 45, 1201 }, // U+1EB5
    { 13, 23, 207, 0, 18, 75, 1246 }, // U+1EB6
    { 10, 19, 166, 1, 14, 48, 1321 }, // U+1EB7
    { 10, 18, 174, 1, 13, 45, 1369 }, // U+1EB8
    { 10, 15, 170, 1, 10, 38, 1414 }, // U+1EB9
    { 10, 18, 174, 1, 18, 45, 1452 }, // U+1EBA
    { 10, 15, 170, 1, 15, 38, 1497 }, // U+1EBB
    { 10, 17, 174, 1, 17, 43, 1535 }, // U+1EBC
    { 10, 13, 170, 1, 13, 33, 1578 }, // U+1EBD
    { 11, 20, 174, 1, 20, 55, 1611 }, // U+1EBE
    { 11, 18, 170, 1, 18, 50, 1666 }, // U+1EBF
    { 11, 19, 174, 1, 19, 53, 1716 }, // U+1EC0
    { 11, 17, 170, 1, 17, 47, 1769 }, // U+1EC1
    { 11, 20, 174, 1, 20, 55, 1816 }, // U+1EC2
    { 10, 17, 170, 1, 17, 43, 1871 }, // U+1EC3
    { 10, 21, 174, 1, 21, 53, 1914 }, // U+1EC4
    { 10, 18, 170, 1, 18, 45, 1967 }, // U+1EC5
    { 10, 23, 174, 1, 18, 58, 2012 }, // U+1EC6
    { 10, 20, 170, 1, 15, 50, 2070 }, // U+1EC7
    { 7, 18, 138, 1, 18, 32, 2120 }, // U+1EC8
    { 5, 14, 90, 1, 14, 18, 2152 }, // U+1EC9
    { 7, 18, 138, 1, 13, 32, 2170 }, // U+1ECA
    { 5, 20, 94, 0, 15, 25, 2202 }, // U+1ECB
    { 13, 18, 229, 1, 13, 59, 2227 }, // U+1ECC
    { 10, 15, 172, 1, 10, 38, 2286 }, // U+1ECD
    { 13, 18, 229, 1, 18, 59, 2324 }, // U+1ECE
    { 10, 15, 172, 1, 15, 38, 2383 }, // U+1ECF
    { 13, 20, 229, 1, 20, 65, 2421 }, // U+1ED0
    { 11, 18, 172, 1, 18, 50, 2486 }, // U+1ED1
    { 13, 20, 229, 1, 20, 65, 2536 }, // U+1ED2
    { 11, 17, 172, 1, 17, 47, 2601 }, // U+1ED3
    { 13, 20, 229, 1, 20, 65, 2648 }, // U+1ED4
    { 10, 17, 172, 1, 17, 43, 2713 }, // U+1ED5
    { 13, 22, 229, 1, 22, 72, 2756 }, // U+1ED6
    { 10, 18, 172, 1, 18, 45, 2828 }, // U+1ED7
    { 13, 23, 229, 1, 18, 75, 2873 }, // U+1ED8
    { 10, 20, 172, 1, 15, 50, 2948 }, // U+1ED9
    { 14, 18, 229, 1, 18, 63, 2998 }, // U+1EDA
    { 11, 15, 178, 1, 15, 42, 3061 }, // U+1EDB
    { 14, 18, 229, 1, 18, 63, 3103 }, // U+1EDC
    { 11, 15, 178, 1, 15, 42, 3166 }, // U+1EDD
    { 14, 18, 229, 1, 18, 63, 3208 }, // U+1EDE
    { 11, 14, 178, 1, 14, 39, 3271 }, // U+1EDF
    { 14, 17, 229, 1, 17, 60, 3310 }, // U+1EE0
    { 11, 13, 178, 1, 13, 36, 3370 }, // U+1EE1
    { 14, 20, 229, 1, 15, 70, 3406 }, // U+1EE2
    { 11, 17, 178, 1, 12, 47, 3476 }, // U+1EE3
    { 11, 18, 199, 1, 13, 50, 3523 }, // U+1EE4
    { 9, 15, 171, 1, 10, 34, 3573 }, // U+1EE5
    { 11, 18, 199, 1, 18, 50, 3607 }, // U+1EE6
    { 9, 15, 171, 1, 15, 34, 3657 }, // U+1EE7
    { 13, 18, 207, 1, 18, 59, 3691 }, // U+1EE8
    { 11, 15, 177, 1, 15, 42, 3750 }, // U+1EE9
    { 13, 18, 207, 1, 18, 59, 3792 }, // U+1EEA
    { 11, 15, 177, 1, 15, 42, 3851 }, // U+1EEB
    { 13, 18, 207, 1, 18, 59, 3893 }, // U+1EEC
    { 11, 15, 177, 1, 15, 42, 3952 }, // U+1EED
    { 13, 17, 207, 1, 17, 56, 3994 }, // U+1EEE
    { 11, 13, 177, 1, 13, 36, 4050 }, // U+1EEF
    { 13, 20, 207, 1, 15, 65, 4086 }, // U+1EF0
    { 11, 17, 177, 1, 12, 47, 4151 }, // U+1EF1
    { 13, 18, 206, 0, 18, 59, 4198 }, // U+1EF2
    { 11, 18, 155, -1, 15, 50, 4257 }, // U+1EF3
    { 13, 18, 206, 0, 13, 59, 4307 }, // U+1EF4
    { 10, 15, 155, -1, 10, 38, 4366 }, // U+1EF5
    { 13, 18, 206, 0, 18, 59, 4404 }, // U+1EF6
    { 11, 18, 155, -1, 15, 50, 4463 }, // U+1EF7
    { 13, 17, 206, 0, 17, 56, 4513 }, // U+1EF8
    { 11, 16, 155, -1, 13, 44, 4569 }, // U+1EF9
    { 0, 0, 0, 0, 0, 0, 0 }, // U+200B
    { 0, 0, 0, 0, 0, 0, 0 }, // U+200C
    { 0, 0, 0, 0, 0, 0, 0 }, // U+200D
    { 0, 0, 0, 0, 0, 0, 0 }, // U+200E
    { 0, 0, 0, 0, 0, 0, 0 }, // U+200F
    { 5, 3, 100, 1, 7, 4, 0 }, // U+2010
    { 8, 3, 152, 1, 7, 6, 4 }, // U+2013
    { 14, 3, 253, 1, 7, 11, 10 }, // U+2014
    { 4, 6, 83, 1, 13, 6, 21 }, // U+2018
    { 4, 6, 83, 1, 13, 6, 27 }, // U+2019
    { 4, 6, 83, 1, 3, 6, 33 }, // U+201A
    { 8, 6, 149, 1, 13, 12, 39 }, // U+201C
    { 8, 6, 149, 1, 13, 12, 51 }, // U+201D
    { 8, 6, 149, 1, 3, 12, 63 }, // U+201E
    { 10, 13, 178, 1, 13, 33, 75 }, // U+2020
    { 10, 13, 178, 1, 13, 33, 108 }, // U+2021
    { 6, 7, 131, 1, 9, 11, 141 }, // U+2022
    { 14, 4, 241, 1, 4, 14, 152 }, // U+2026
    { 0, 0, 0, 0, 0, 0, 166 }, // U+202A
    { 0, 0, 0, 0, 0, 0, 166 }, // U+202B
    { 0, 0, 0, 0, 0, 0, 166 }, // U+202C
    { 0, 0, 0, 0, 0, 0, 166 }, // U+202D
    { 0, 0, 0, 0, 0, 0, 166 }, // U+202E
    { 26, 13, 422, 1, 13, 85, 166 }, // U+2030
    { 7, 8, 121, 0, 9, 14, 251 }, // U+2039
    { 7, 8, 121, 0, 9, 14, 265 }, // U+203A
    { 12, 13, 187, 0, 13, 39, 279 }, // U+2044
    { 0, 0, 0, 0, 0, 0, 318 }, // U+2060
    { 0, 0, 0, 0, 0, 0, 318 }, // U+2061
    { 0, 0, 0, 0, 0, 0, 318 }, // U+2062
    { 0, 0, 0, 0, 0, 0, 318 }, // U+2063
    { 0, 0, 0, 0, 0, 0, 318 }, // U+2064
    { 0, 0, 0, 0, 0, 0, 318 }, // U+2066
    { 0, 0, 0, 0, 0, 0, 318 }, // U+2067
    { 0, 0, 0, 0, 0, 0, 318 }, // U+2068
    { 0, 0, 0, 0, 0, 0, 318 }, // U+2069
    { 0, 0, 0, 0, 0, 0, 318 }, // U+206A
    { 0, 0, 0, 0, 0, 0, 318 }, // U+206B
    { 0, 0, 0, 0, 0, 0, 318 }, // U+206C
    { 0, 0, 0, 0, 0, 0, 318 }, // U+206D
    { 0, 0, 0, 0, 0, 0, 318 }, // U+206E
    { 0, 0, 0, 0, 0, 0, 318 }, // U+206F
    { 7, 7, 134, 1, 15, 13, 0 }, // U+2074
    { 11, 16, 190, 1, 14, 44, 0 }, // U+20AB
    { 13, 13, 202, 0, 13, 43, 44 }, // U+20AC
    { 9, 14, 151, 0, 13, 32, 0 }, // U+2113
    { 10, 14, 179, 1, 13, 35, 0 }, // U+2202
    { 11, 17, 184, 0, 13, 47, 35 }, // U+220F
    { 11, 17, 185, 0, 13, 47, 82 }, // U+2211
    { 10, 3, 178, 1, 6, 8, 129 }, // U+2212
    { 12, 13, 195, 0, 13, 39, 137 }, // U+2215
    { 4, 4, 83, 1, 7, 4, 176 }, // U+2219
    { 13, 17, 213, 0, 13, 56, 180 }, // U+221A
    { 14, 7, 225, 0, 8, 25, 236 }, // U+221E
    { 9, 16, 146, 0, 13, 36, 261 }, // U+222B
    { 10, 9, 160, 0, 9, 23, 297 }, // U+2248
    { 10, 9, 178, 1, 9, 23, 320 }, // U+2260
    { 10, 10, 178, 1, 10, 25, 343 }, // U+2264
    { 10, 10, 178, 1, 10, 25, 368 }, // U+2265
    { 5, 13, 93, 0, 13, 17, 0 }, // U+2669
    { 8, 13, 135, 0, 13, 26, 17 }, // U+266A
    { 12, 14, 192, 0, 13, 42, 43 }, // U+266B
    { 12, 14, 192, 0, 13, 42, 85 }, // U+266C
    { 6, 13, 104, 0, 12, 20, 127 }, // U+266D
    { 6, 12, 107, 0, 8, 18, 147 }, // U+266E
    { 10, 17, 166, 0, 12, 43, 165 }, // U+266F
    { 21, 21, 381, 1, 17, 111, 208 }, // U+2764
    { 13, 15, 210, 1, 15, 49, 0 }, // U+FB00
    { 11, 15, 185, 0, 15, 42, 49 }, // U+FB01
    { 13, 15, 203, 1, 15, 49, 91 }, // U+FB02
    { 17, 15, 280, 0, 15, 64, 140 }, // U+FB03
    { 19, 15, 304, 1, 15, 72, 204 }, // U+FB04
    { 8, 13, 158, 1, 13, 26, 0 }, // U+FFFD
    { 20, 20, 381, 2, 16, 100, 0 }, // U+1F44B
    { 14, 20, 381, 5, 16, 70, 100 }, // U+1F44C
    { 18, 20, 381, 3, 16, 90, 170 }, // U+1F44D
    { 18, 20, 381, 3, 16, 90, 260 }, // U+1F44E
    { 18, 20, 381, 3, 16, 90, 350 }, // U+1F44F
    { 19, 19, 381, 2, 16, 91, 440 }, // U+1F600
    { 19, 19, 381, 2, 16, 91, 531 }, // U+1F601
    { 23, 19, 381, 0, 16, 110, 622 }, // U+1F602
    { 19, 19, 381, 2, 16, 91, 732 }, // U+1F603
    { 19, 19, 381, 2, 16, 91, 823 }, // U+1F604
    { 21, 19, 381, 2, 16, 100, 914 }, // U+1F605
    { 19, 19, 381, 2, 16, 91, 1014 }, // U+1F606
    { 20, 20, 381, 2, 17, 100, 1105 }, // U+1F607
    { 19, 19, 381, 2, 16, 91, 1205 }, // U+1F609
    { 19, 19, 381, 2, 16, 91, 1296 }, // U+1F60A
    { 20, 20, 381, 2, 16, 100, 1387 }, // U+1F60B
    { 19, 19, 381, 2, 16, 91, 1487 }, // U+1F60C
    { 19, 19, 381, 2, 16, 91, 1578 }, // U+1F60D
    { 20, 19, 381, 2, 16, 95, 1669 }, // U+1F60E
    { 19, 19, 381, 2, 16, 91, 1764 }, // U+1F60F
    { 19, 19, 381, 2, 16, 91, 1855 }, // U+1F610
    { 19, 19, 381, 2, 16, 91, 1946 }, // U+1F611
    { 19, 19, 381, 2, 16, 91, 2037 }, // U+1F612
    { 19, 19, 381, 2, 16, 91, 2128 }, // U+1F613
    { 19, 19, 381, 2, 16, 91, 2219 }, // U+1F614
    { 19, 19, 381, 2, 16, 91, 2310 }, // U+1F618
    { 19, 19, 381, 2, 16, 91, 2401 }, // U+1F61A
    { 19, 20, 381, 2, 16, 95, 2492 }, // U+1F61C
    { 19, 20, 381, 2, 16, 95, 2587 }, // U+1F61D
    { 19, 19, 381, 2, 16, 91, 2682 }, // U+1F620
    { 19, 19, 381, 2, 16, 91, 2773 }, // U+1F621
    { 19, 19, 381, 2, 16, 91, 2864 }, // U+1F622
    { 21, 19, 381, 2, 16, 100, 2955 }, // U+1F624
    { 20, 19, 381, 2, 16, 95, 3055 }, // U+1F625
    { 19, 19, 381, 2, 16, 91, 3150 }, // U+1F629
    { 19, 19, 381, 2, 16, 91, 3241 }, // U+1F62C
    { 19, 20, 381, 2, 16, 95, 3332 }, // U+1F62D
    { 19, 19, 381, 2, 16, 91, 3427 }, // U+1F62E
    { 23, 21, 381, 1, 17, 121, 3518 }, // U+1F631
    { 19, 19, 381, 2, 16, 91, 3639 }, // U+1F632
    { 19, 19, 381, 2, 16, 91, 3730 }, // U+1F633
    { 20, 19, 381, 2, 16, 95, 3821 }, // U+1F634
    { 19, 19, 381, 2, 16, 91, 3916 }, // U+1F635
    { 19, 19, 381, 2, 16, 91, 4007 }, // U+1F641
    { 19, 19, 381, 2, 16, 91, 4098 }, // U+1F642
    { 19, 19, 381, 2, 16, 91, 4189 }, // U+1F644
};

static const EpdUnicodeInterval lexenddeca_9_boldIntervals[] = {
    { 0x0, 0x17F, 0x0 },
    { 0x1A0, 0x1A1, 0x180 },
    { 0x1AF, 0x1B0, 0x182 },
    { 0x1C4, 0x1CE, 0x184 },
    { 0x1D3, 0x1D4, 0x18F },
    { 0x1E6, 0x1E7, 0x191 },
    { 0x1EA, 0x1EB, 0x193 },
    { 0x1F1, 0x1F3, 0x195 },
    { 0x1FA, 0x1FF, 0x198 },
    { 0x218, 0x21B, 0x19E },
    { 0x21E, 0x21F, 0x1A2 },
    { 0x300, 0x304, 0x1A4 },
    { 0x306, 0x30C, 0x1A9 },
    { 0x31B, 0x31B, 0x1B0 },
    { 0x323, 0x323, 0x1B1 },
    { 0x326, 0x328, 0x1B2 },
    { 0x34F, 0x34F, 0x1B5 },
    { 0x3BB, 0x3BB, 0x1B6 },
    { 0x410, 0x414, 0x1B7 },
    { 0x418, 0x418, 0x1BC },
    { 0x41B, 0x41B, 0x1BD },
    { 0x41D, 0x423, 0x1BE },
    { 0x425, 0x425, 0x1C5 },
    { 0x427, 0x427, 0x1C6 },
    { 0x42B, 0x42C, 0x1C7 },
    { 0x42E, 0x432, 0x1C9 },
    { 0x434, 0x435, 0x1CE },
    { 0x437, 0x437, 0x1D0 },
    { 0x43A, 0x43A, 0x1D1 },
    { 0x43D, 0x43E, 0x1D2 },
    { 0x440, 0x440, 0x1D4 },
    { 0x442, 0x442, 0x1D5 },
    { 0x446, 0x446, 0x1D6 },
    { 0x44C, 0x44C, 0x1D7 },
    { 0x44E, 0x44E, 0x1D8 },
    { 0x1EA0, 0x1EF9, 0x1D9 },
    { 0x200B, 0x2010, 0x233 },
    { 0x2013, 0x2014, 0x239 },
    { 0x2018, 0x201A, 0x23B },
    { 0x201C, 0x201E, 0x23E },
    { 0x2020, 0x2022, 0x241 },
    { 0x2026, 0x2026, 0x244 },
    { 0x202A, 0x202E, 0x245 },
    { 0x2030, 0x2030, 0x24A },
    { 0x2039, 0x203A, 0x24B },
    { 0x2044, 0x2044, 0x24D },
    { 0x2060, 0x2064, 0x24E },
    { 0x2066, 0x206F, 0x253 },
    { 0x2074, 0x2074, 0x25D },
    { 0x20AB, 0x20AC, 0x25E },
    { 0x2113, 0x2113, 0x260 },
    { 0x2202, 0x2202, 0x261 },
    { 0x220F, 0x220F, 0x262 },
    { 0x2211, 0x2212, 0x263 },
    { 0x2215, 0x2215, 0x265 },
    { 0x2219, 0x221A, 0x266 },
    { 0x221E, 0x221E, 0x268 },
    { 0x222B, 0x222B, 0x269 },
    { 0x2248, 0x2248, 0x26A },
    { 0x2260, 0x2260, 0x26B },
    { 0x2264, 0x2265, 0x26C },
    { 0x2669, 0x266F, 0x26E },
    { 0x2764, 0x2764, 0x275 },
    { 0xFB00, 0xFB04, 0x276 },
    { 0xFFFD, 0xFFFD, 0x27B },
    { 0x1F44B, 0x1F44F, 0x27C },
    { 0x1F600, 0x1F607, 0x281 },
    { 0x1F609, 0x1F614, 0x289 },
    { 0x1F618, 0x1F618, 0x295 },
    { 0x1F61A, 0x1F61A, 0x296 },
    { 0x1F61C, 0x1F61D, 0x297 },
    { 0x1F620, 0x1F622, 0x299 },
    { 0x1F624, 0x1F625, 0x29C },
    { 0x1F629, 0x1F629, 0x29E },
    { 0x1F62C, 0x1F62E, 0x29F },
    { 0x1F631, 0x1F635, 0x2A2 },
    { 0x1F641, 0x1F642, 0x2A7 },
    { 0x1F644, 0x1F644, 0x2A9 },
};

static const EpdFontGroup lexenddeca_9_boldGroups[] = {
    { 0, 1623, 3170, 128, 0 },
    { 1623, 1698, 4003, 128, 128 },
    { 3321, 2246, 6102, 128, 256 },
    { 5567, 1034, 2226, 36, 384 },
    { 6601, 108, 109, 18, 420 },
    { 6709, 42, 39, 1, 438 },
    { 6751, 834, 1448, 34, 439 },
    { 7585, 1515, 5412, 90, 473 },
    { 9100, 206, 348, 42, 563 },
    { 9306, 17, 14, 1, 605 },
    { 9323, 86, 100, 2, 606 },
    { 9409, 42, 42, 1, 608 },
    { 9451, 281, 454, 13, 609 },
    { 9732, 219, 363, 8, 622 },
    { 9951, 150, 315, 5, 630 },
    { 10101, 29, 26, 1, 635 },
    { 10130, 2168, 4488, 46, 636 },
};

static const EpdKernClassEntry lexenddeca_9_boldKernLeftClasses[] = {
    { 0x0028, 1 }, // (
    { 0x002C, 2 }, // ,
    { 0x002D, 3 }, // -
    { 0x002E, 2 }, // .
    { 0x002F, 4 }, // /
    { 0x0031, 5 }, // 1
    { 0x0032, 6 }, // 2
    { 0x0034, 7 }, // 4
    { 0x0035, 8 }, // 5
    { 0x0036, 9 }, // 6
    { 0x0037, 10 }, // 7
    { 0x0038, 11 }, // 8
    { 0x0039, 12 }, // 9
    { 0x0041, 13 }, // A
    { 0x0042, 14 }, // B
    { 0x0043, 15 }, // C
    { 0x0044, 16 }, // D
    { 0x0045, 17 }, // E
    { 0x0046, 18 }, // F
    { 0x0047, 19 }, // G
    { 0x0049, 20 }, // I
    { 0x004A, 21 }, // J
    { 0x004B, 22 }, // K
    { 0x004C, 23 }, // L
    { 0x004F, 16 }, // O
    { 0x0050, 24 }, // P
    { 0x0051, 25 }, // Q
    { 0x0052, 26 }, // R
    { 0x0053, 27 }, // S
    { 0x0054, 28 }, // T
    { 0x0055, 29 }, // U
    { 0x0056, 30 }, // V
    { 0x0057, 31 }, // W
    { 0x0058, 32 }, // X
    { 0x0059, 33 }, // Y
    { 0x005A, 34 }, // Z
    { 0x0061, 35 }, // a
    { 0x0062, 36 }, // b
    { 0x0063, 37 }, // c
    { 0x0064, 38 }, // d
    { 0x0065, 39 }, // e
    { 0x0066, 40 }, // f
    { 0x0067, 41 }, // g
    { 0x0068, 42 }, // h
    { 0x006A, 43 }, // j
    { 0x006B, 44 }, // k
    { 0x006C, 45 }, // l
    { 0x006D, 42 }, // m
    { 0x006E, 42 }, // n
    { 0x006F, 36 }, // o
    { 0x0070, 36 }, // p
    { 0x0071, 46 }, // q
    { 0x0072, 47 }, // r
    { 0x0073, 48 }, // s
    { 0x0074, 49 }, // t
    { 0x0075, 50 }, // u
    { 0x0076, 51 }, // v
    { 0x0077, 52 }, // w
    { 0x0078, 53 }, // x
    { 0x0079, 51 }, // y
    { 0x007A, 54 }, // z
    { 0x00C0, 13 }, // U+00C0
    { 0x00C1, 13 }, // U+00C1
    { 0x00C2, 13 }, // U+00C2
    { 0x00C3, 13 }, // U+00C3
    { 0x00C4, 13 }, // U+00C4
    { 0x00C5, 13 }, // U+00C5
    { 0x00C6, 17 }, // U+00C6
    { 0x00C7, 15 }, // U+00C7
    { 0x00C8, 17 }, // U+00C8
    { 0x00C9, 17 }, // U+00C9
    { 0x00CA, 17 }, // U+00CA
    { 0x00CB, 17 }, // U+00CB
    { 0x00CC, 20 }, // U+00CC
    { 0x00CD, 20 }, // U+00CD
    { 0x00CE, 20 }, // U+00CE
    { 0x00CF, 20 }, // U+00CF
    { 0x00D0, 16 }, // U+00D0
    { 0x00D2, 16 }, // U+00D2
    { 0x00D3, 16 }, // U+00D3
    { 0x00D4, 16 }, // U+00D4
    { 0x00D5, 16 }, // U+00D5
    { 0x00D6, 16 }, // U+00D6
    { 0x00D8, 16 }, // U+00D8
    { 0x00D9, 29 }, // U+00D9
    { 0x00DA, 29 }, // U+00DA
    { 0x00DB, 29 }, // U+00DB
    { 0x00DC, 29 }, // U+00DC
    { 0x00DD, 33 }, // U+00DD
    { 0x00E0, 42 }, // U+00E0
    { 0x00E1, 42 }, // U+00E1
    { 0x00E2, 42 }, // U+00E2
    { 0x00E3, 42 }, // U+00E3
    { 0x00E4, 42 }, // U+00E4
    { 0x00E5, 42 }, // U+00E5
    { 0x00E6, 39 }, // U+00E6
    { 0x00E7, 37 }, // U+00E7
    { 0x00E8, 39 }, // U+00E8
    { 0x00E9, 39 }, // U+00E9
    { 0x00EA, 39 }, // U+00EA
    { 0x00EB, 39 }, // U+00EB
    { 0x00F0, 16 }, // U+00F0
    { 0x00F1, 42 }, // U+00F1
    { 0x00F2, 36 }, // U+00F2
    { 0x00F3, 36 }, // U+00F3
    { 0x00F4, 36 }, // U+00F4
    { 0x00F5, 36 }, // U+00F5
    { 0x00F6, 36 }, // U+00F6
    { 0x00F8, 36 }, // U+00F8
    { 0x00F9, 50 }, // U+00F9
    { 0x00FA, 50 }, // U+00FA
    { 0x00FB, 50 }, // U+00FB
    { 0x00FC, 50 }, // U+00FC
    { 0x00FD, 51 }, // U+00FD
    { 0x00FE, 36 }, // U+00FE
    { 0x00FF, 51 }, // U+00FF
    { 0x0100, 13 }, // U+0100
    { 0x0101, 42 }, // U+0101
    { 0x0102, 13 }, // U+0102
    { 0x0103, 42 }, // U+0103
    { 0x0104, 13 }, // U+0104
    { 0x0105, 55 }, // U+0105
    { 0x0106, 15 }, // U+0106
    { 0x0107, 37 }, // U+0107
    { 0x0108, 15 }, // U+0108
    { 0x0109, 37 }, // U+0109
    { 0x010A, 15 }, // U+010A
    { 0x010B, 37 }, // U+010B
    { 0x010C, 15 }, // U+010C
    { 0x010D, 37 }, // U+010D
    { 0x010E, 16 }, // U+010E
    { 0x010F, 56 }, // U+010F
    { 0x0111, 40 }, // U+0111
    { 0x0112, 17 }, // U+0112
    { 0x0113, 39 }, // U+0113
    { 0x0114, 17 }, // U+0114
    { 0x0115, 39 }, // U+0115
    { 0x0116, 17 }, // U+0116
    { 0x0117, 39 }, // U+0117
    { 0x0118, 17 }, // U+0118
    { 0x0119, 39 }, // U+0119
    { 0x011A, 17 }, // U+011A
    { 0x011B, 39 }, // U+011B
    { 0x011C, 19 }, // U+011C
    { 0x011D, 41 }, // U+011D
    { 0x011E, 19 }, // U+011E
    { 0x011F, 41 }, // U+011F
    { 0x0120, 19 }, // U+0120
    { 0x0121, 41 }, // U+0121
    { 0x0122, 19 }, // U+0122
    { 0x0123, 41 }, // U+0123
    { 0x0125, 42 }, // U+0125
    { 0x0127, 42 }, // U+0127
    { 0x0128, 20 }, // U+0128
    { 0x012A, 20 }, // U+012A
    { 0x012C, 20 }, // U+012C
    { 0x012E, 20 }, // U+012E
    { 0x0130, 20 }, // U+0130
    { 0x0132, 21 }, // U+0132
    { 0x0133, 43 }, // U+0133
    { 0x0134, 21 }, // U+0134
    { 0x0135, 43 }, // U+0135
    { 0x0136, 22 }, // U+0136
    { 0x0137, 44 }, // U+0137
    { 0x0138, 44 }, // U+0138
    { 0x0139, 23 }, // U+0139
    { 0x013A, 57 }, // U+013A
    { 0x013B, 23 }, // U+013B
    { 0x013C, 57 }, // U+013C
    { 0x013E, 56 }, // U+013E
    { 0x013F, 23 }, // U+013F
    { 0x0141, 23 }, // U+0141
    { 0x0142, 57 }, // U+0142
    { 0x0144, 42 }, // U+0144
    { 0x0146, 42 }, // U+0146
    { 0x0148, 42 }, // U+0148
    { 0x0149, 42 }, // U+0149
    { 0x014B, 42 }, // U+014B
    { 0x014C, 16 }, // U+014C
    { 0x014D, 36 }, // U+014D
    { 0x014E, 16 }, // U+014E
    { 0x014F, 36 }, // U+014F
    { 0x0150, 16 }, // U+0150
    { 0x0151, 36 }, // U+0151
    { 0x0152, 17 }, // U+0152
    { 0x0153, 39 }, // U+0153
    { 0x0154, 26 }, // U+0154
    { 0x0155, 47 }, // U+0155
    { 0x0156, 26 }, // U+0156
    { 0x0157, 47 }, // U+0157
    { 0x0158, 26 }, // U+0158
    { 0x0159, 47 }, // U+0159
    { 0x015A, 27 }, // U+015A
    { 0x015B, 48 }, // U+015B
    { 0x015C, 27 }, // U+015C
    { 0x015D, 48 }, // U+015D
    { 0x015E, 27 }, // U+015E
    { 0x015F, 48 }, // U+015F
    { 0x0160, 27 }, // U+0160
    { 0x0161, 48 }, // U+0161
    { 0x0162, 28 }, // U+0162
    { 0x0163, 49 }, // U+0163
    { 0x0164, 28 }, // U+0164
    { 0x0165, 56 }, // U+0165
    { 0x0166, 28 }, // U+0166
    { 0x0167, 49 }, // U+0167
    { 0x0168, 29 }, // U+0168
    { 0x0169, 50 }, // U+0169
    { 0x016A, 29 }, // U+016A
    { 0x016B, 50 }, // U+016B
    { 0x016C, 29 }, // U+016C
    { 0x016D, 50 }, // U+016D
    { 0x016E, 29 }, // U+016E
    { 0x016F, 50 }, // U+016F
    { 0x0170, 29 }, // U+0170
    { 0x0171, 50 }, // U+0171
    { 0x0172, 29 }, // U+0172
    { 0x0173, 50 }, // U+0173
    { 0x0176, 33 }, // U+0176
    { 0x0177, 51 }, // U+0177
    { 0x0178, 33 }, // U+0178
    { 0x0179, 34 }, // U+0179
    { 0x017A, 54 }, // U+017A
    { 0x017B, 34 }, // U+017B
    { 0x017C, 54 }, // U+017C
    { 0x017D, 34 }, // U+017D
    { 0x017E, 54 }, // U+017E
    { 0x017F, 40 }, // U+017F
    { 0x01A0, 58 }, // U+01A0
    { 0x01A1, 59 }, // U+01A1
    { 0x01AF, 60 }, // U+01AF
    { 0x01B0, 61 }, // U+01B0
    { 0x01C4, 34 }, // U+01C4
    { 0x01C5, 54 }, // U+01C5
    { 0x01C6, 54 }, // U+01C6
    { 0x01C7, 21 }, // U+01C7
    { 0x01C8, 43 }, // U+01C8
    { 0x01C9, 43 }, // U+01C9
    { 0x01CA, 21 }, // U+01CA
    { 0x01CB, 43 }, // U+01CB
    { 0x01CC, 43 }, // U+01CC
    { 0x01CD, 13 }, // U+01CD
    { 0x01CE, 42 }, // U+01CE
    { 0x01D3, 29 }, // U+01D3
    { 0x01D4, 50 }, // U+01D4
    { 0x01E6, 19 }, // U+01E6
    { 0x01E7, 41 }, // U+01E7
    { 0x01EA, 16 }, // U+01EA
    { 0x01EB, 36 }, // U+01EB
    { 0x01F1, 34 }, // U+01F1
    { 0x01F2, 54 }, // U+01F2
    { 0x01F3, 54 }, // U+01F3
    { 0x01FB, 42 }, // U+01FB
    { 0x01FC, 17 }, // U+01FC
    { 0x01FD, 39 }, // U+01FD
    { 0x01FE, 16 }, // U+01FE
    { 0x01FF, 36 }, // U+01FF
    { 0x0218, 27 }, // U+0218
    { 0x0219, 48 }, // U+0219
    { 0x021A, 28 }, // U+021A
    { 0x021B, 49 }, // U+021B
    { 0x021F, 42 }, // U+021F
    { 0x0410, 62 }, // U+0410
    { 0x0413, 63 }, // U+0413
    { 0x041E, 64 }, // U+041E
    { 0x0420, 65 }, // U+0420
    { 0x0422, 63 }, // U+0422
    { 0x0423, 66 }, // U+0423
    { 0x0425, 67 }, // U+0425
    { 0x042C, 68 }, // U+042C
    { 0x042E, 64 }, // U+042E
    { 0x0434, 69 }, // U+0434
    { 0x043A, 69 }, // U+043A
    { 0x043D, 69 }, // U+043D
    { 0x043E, 70 }, // U+043E
    { 0x0440, 70 }, // U+0440
    { 0x0442, 69 }, // U+0442
    { 0x0446, 69 }, // U+0446
    { 0x044C, 71 }, // U+044C
    { 0x044E, 70 }, // U+044E
    { 0x1EA0, 13 }, // U+1EA0
    { 0x1EA1, 42 }, // U+1EA1
    { 0x1EA2, 13 }, // U+1EA2
    { 0x1EA3, 42 }, // U+1EA3
    { 0x1EA4, 13 }, // U+1EA4
    { 0x1EA5, 42 }, // U+1EA5
    { 0x1EA6, 13 }, // U+1EA6
    { 0x1EA7, 42 }, // U+1EA7
    { 0x1EA8, 13 }, // U+1EA8
    { 0x1EA9, 42 }, // U+1EA9
    { 0x1EAA, 13 }, // U+1EAA
    { 0x1EAB, 42 }, // U+1EAB
    { 0x1EAC, 13 }, // U+1EAC
    { 0x1EAD, 42 }, // U+1EAD
    { 0x1EAE, 13 }, // U+1EAE
    { 0x1EAF, 42 }, // U+1EAF
    { 0x1EB0, 13 }, // U+1EB0
    { 0x1EB1, 42 }, // U+1EB1
    { 0x1EB2, 13 }, // U+1EB2
    { 0x1EB3, 42 }, // U+1EB3
    { 0x1EB4, 13 }, // U+1EB4
    { 0x1EB5, 42 }, // U+1EB5
    { 0x1EB6, 13 }, // U+1EB6
    { 0x1EB7, 42 }, // U+1EB7
    { 0x1EB8, 17 }, // U+1EB8
    { 0x1EB9, 39 }, // U+1EB9
    { 0x1EBA, 17 }, // U+1EBA
    { 0x1EBB, 39 }, // U+1EBB
    { 0x1EBC, 17 }, // U+1EBC
    { 0x1EBD, 39 }, // U+1EBD
    { 0x1EBE, 17 }, // U+1EBE
    { 0x1EC0, 17 }, // U+1EC0
    { 0x1EC2, 17 }, // U+1EC2
    { 0x1EC4, 17 }, // U+1EC4
    { 0x1EC6, 17 }, // U+1EC6
    { 0x1EC7, 39 }, // U+1EC7
    { 0x1EC8, 20 }, // U+1EC8
    { 0x1ECA, 20 }, // U+1ECA
    { 0x1ECC, 16 }, // U+1ECC
    { 0x1ECD, 36 }, // U+1ECD
    { 0x1ECE, 16 }, // U+1ECE
    { 0x1ECF, 36 }, // U+1ECF
    { 0x1ED0, 16 }, // U+1ED0
    { 0x1ED2, 16 }, // U+1ED2
    { 0x1ED4, 16 }, // U+1ED4
    { 0x1ED6, 16 }, // U+1ED6
    { 0x1ED7, 36 }, // U+1ED7
    { 0x1ED8, 16 }, // U+1ED8
    { 0x1ED9, 36 }, // U+1ED9
    { 0x1EDA, 58 }, // U+1EDA
    { 0x1EDB, 59 }, // U+1EDB
    { 0x1EDC, 58 }, // U+1EDC
    { 0x1EDD, 59 }, // U+1EDD
    { 0x1EDE, 58 }, // U+1EDE
    { 0x1EDF, 59 }, // U+1EDF
    { 0x1EE0, 58 }, // U+1EE0
    { 0x1EE1, 59 }, // U+1EE1
    { 0x1EE2, 58 }, // U+1EE2
    { 0x1EE3, 59 }, // U+1EE3
    { 0x1EE8, 60 }, // U+1EE8
    { 0x1EE9, 61 }, // U+1EE9
    { 0x1EEA, 60 }, // U+1EEA
    { 0x1EEB, 61 }, // U+1EEB
    { 0x1EEC, 60 }, // U+1EEC
    { 0x1EED, 61 }, // U+1EED
    { 0x1EEE, 60 }, // U+1EEE
    { 0x1EEF, 61 }, // U+1EEF
    { 0x1EF0, 60 }, // U+1EF0
    { 0x1EF1, 61 }, // U+1EF1
    { 0x1EF2, 33 }, // U+1EF2
    { 0x1EF3, 51 }, // U+1EF3
    { 0x1EF4, 33 }, // U+1EF4
    { 0x1EF5, 51 }, // U+1EF5
    { 0x1EF6, 33 }, // U+1EF6
    { 0x1EF7, 51 }, // U+1EF7
    { 0x1EF8, 33 }, // U+1EF8
    { 0x1EF9, 51 }, // U+1EF9
    { 0x2013, 3 }, // U+2013
    { 0x2014, 3 }, // U+2014
    { 0x2019, 72 }, // U+2019
    { 0x201A, 2 }, // U+201A
    { 0x201D, 72 }, // U+201D
    { 0x201E, 2 }, // U+201E
    { 0x2026, 2 }, // U+2026
    { 0x20AB, 40 }, // U+20AB
    { 0xFB00, 40 }, // U+FB00
    { 0xFB02, 57 }, // U+FB02
    { 0xFB04, 57 }, // U+FB04
};

static const EpdKernClassEntry lexenddeca_9_boldKernRightClasses[] = {
    { 0x0025, 1 }, // %
    { 0x0029, 2 }, // )
    { 0x002C, 3 }, // ,
    { 0x002D, 4 }, // -
    { 0x002E, 3 }, // .
    { 0x002F, 5 }, // /
    { 0x0031, 6 }, // 1
    { 0x0032, 7 }, // 2
    { 0x0034, 8 }, // 4
    { 0x0037, 9 }, // 7
    { 0x0038, 10 }, // 8
    { 0x0039, 11 }, // 9
    { 0x0041, 12 }, // A
    { 0x0043, 13 }, // C
    { 0x0047, 13 }, // G
    { 0x0049, 14 }, // I
    { 0x004A, 15 }, // J
    { 0x004F, 13 }, // O
    { 0x0051, 13 }, // Q
    { 0x0053, 16 }, // S
    { 0x0054, 17 }, // T
    { 0x0055, 18 }, // U
    { 0x0056, 19 }, // V
    { 0x0057, 20 }, // W
    { 0x0058, 21 }, // X
    { 0x0059, 22 }, // Y
    { 0x005A, 23 }, // Z
    { 0x0061, 24 }, // a
    { 0x0063, 25 }, // c
    { 0x0064, 25 }, // d
    { 0x0065, 25 }, // e
    { 0x0066, 26 }, // f
    { 0x0067, 27 }, // g
    { 0x0068, 28 }, // h
    { 0x0069, 29 }, // i
    { 0x006A, 30 }, // j
    { 0x006B, 28 }, // k
    { 0x006C, 31 }, // l
    { 0x006D, 32 }, // m
    { 0x006E, 32 }, // n
    { 0x006F, 25 }, // o
    { 0x0070, 33 }, // p
    { 0x0071, 25 }, // q
    { 0x0072, 32 }, // r
    { 0x0073, 34 }, // s
    { 0x0074, 35 }, // t
    { 0x0075, 36 }, // u
    { 0x0076, 37 }, // v
    { 0x0077, 38 }, // w
    { 0x0078, 39 }, // x
    { 0x0079, 37 }, // y
    { 0x007A, 40 }, // z
    { 0x00B0, 41 }, // U+00B0
    { 0x00C0, 12 }, // U+00C0
    { 0x00C1, 12 }, // U+00C1
    { 0x00C2, 12 }, // U+00C2
    { 0x00C3, 12 }, // U+00C3
    { 0x00C4, 12 }, // U+00C4
    { 0x00C5, 12 }, // U+00C5
    { 0x00C6, 42 }, // U+00C6
    { 0x00C7, 13 }, // U+00C7
    { 0x00CC, 14 }, // U+00CC
    { 0x00CD, 14 }, // U+00CD
    { 0x00CE, 14 }, // U+00CE
    { 0x00CF, 14 }, // U+00CF
    { 0x00D2, 13 }, // U+00D2
    { 0x00D3, 13 }, // U+00D3
    { 0x00D4, 13 }, // U+00D4
    { 0x00D5, 13 }, // U+00D5
    { 0x00D6, 13 }, // U+00D6
    { 0x00D8, 13 }, // U+00D8
    { 0x00D9, 18 }, // U+00D9
    { 0x00DA, 18 }, // U+00DA
    { 0x00DB, 18 }, // U+00DB
    { 0x00DC, 18 }, // U+00DC
    { 0x00DD, 43 }, // U+00DD
    { 0x00E0, 24 }, // U+00E0
    { 0x00E1, 24 }, // U+00E1
    { 0x00E2, 24 }, // U+00E2
    { 0x00E3, 24 }, // U+00E3
    { 0x00E4, 24 }, // U+00E4
    { 0x00E5, 24 }, // U+00E5
    { 0x00E6, 24 }, // U+00E6
    { 0x00E7, 25 }, // U+00E7
    { 0x00E8, 25 }, // U+00E8
    { 0x00E9, 25 }, // U+00E9
    { 0x00EA, 25 }, // U+00EA
    { 0x00EB, 25 }, // U+00EB
    { 0x00EC, 29 }, // U+00EC
    { 0x00ED, 29 }, // U+00ED
    { 0x00EE, 29 }, // U+00EE
    { 0x00EF, 29 }, // U+00EF
    { 0x00F0, 25 }, // U+00F0
    { 0x00F1, 32 }, // U+00F1
    { 0x00F2, 25 }, // U+00F2
    { 0x00F3, 25 }, // U+00F3
    { 0x00F4, 25 }, // U+00F4
    { 0x00F5, 25 }, // U+00F5
    { 0x00F6, 25 }, // U+00F6
    { 0x00F8, 25 }, // U+00F8
    { 0x00F9, 36 }, // U+00F9
    { 0x00FA, 36 }, // U+00FA
    { 0x00FB, 36 }, // U+00FB
    { 0x00FC, 36 }, // U+00FC
    { 0x00FD, 37 }, // U+00FD
    { 0x00FF, 37 }, // U+00FF
    { 0x0100, 12 }, // U+0100
    { 0x0101, 24 }, // U+0101
    { 0x0102, 12 }, // U+0102
    { 0x0103, 24 }, // U+0103
    { 0x0104, 12 }, // U+0104
    { 0x0105, 24 }, // U+0105
    { 0x0106, 13 }, // U+0106
    { 0x0107, 25 }, // U+0107
    { 0x0108, 13 }, // U+0108
    { 0x0109, 25 }, // U+0109
    { 0x010A, 13 }, // U+010A
    { 0x010B, 25 }, // U+010B
    { 0x010C, 13 }, // U+010C
    { 0x010D, 25 }, // U+010D
    { 0x010F, 25 }, // U+010F
    { 0x0111, 25 }, // U+0111
    { 0x0113, 25 }, // U+0113
    { 0x0115, 25 }, // U+0115
    { 0x0117, 25 }, // U+0117
    { 0x0119, 25 }, // U+0119
    { 0x011B, 25 }, // U+011B
    { 0x011C, 13 }, // U+011C
    { 0x011D, 27 }, // U+011D
    { 0x011E, 13 }, // U+011E
    { 0x011F, 27 }, // U+011F
    { 0x0120, 13 }, // U+0120
    { 0x0121, 27 }, // U+0121
    { 0x0122, 13 }, // U+0122
    { 0x0123, 27 }, // U+0123
    { 0x0125, 28 }, // U+0125
    { 0x0127, 28 }, // U+0127
    { 0x0128, 14 }, // U+0128
    { 0x0129, 29 }, // U+0129
    { 0x012A, 14 }, // U+012A
    { 0x012B, 29 }, // U+012B
    { 0x012C, 14 }, // U+012C
    { 0x012D, 29 }, // U+012D
    { 0x012E, 14 }, // U+012E
    { 0x012F, 29 }, // U+012F
    { 0x0130, 14 }, // U+0130
    { 0x0131, 29 }, // U+0131
    { 0x0132, 14 }, // U+0132
    { 0x0133, 29 }, // U+0133
    { 0x0134, 15 }, // U+0134
    { 0x0135, 44 }, // U+0135
    { 0x0137, 28 }, // U+0137
    { 0x0138, 28 }, // U+0138
    { 0x013A, 31 }, // U+013A
    { 0x013C, 31 }, // U+013C
    { 0x013E, 31 }, // U+013E
    { 0x0140, 31 }, // U+0140
    { 0x0142, 31 }, // U+0142
    { 0x0144, 32 }, // U+0144
    { 0x0146, 32 }, // U+0146
    { 0x0148, 32 }, // U+0148
    { 0x014B, 32 }, // U+014B
    { 0x014C, 13 }, // U+014C
    { 0x014D, 25 }, // U+014D
    { 0x014E, 13 }, // U+014E
    { 0x014F, 25 }, // U+014F
    { 0x0150, 13 }, // U+0150
    { 0x0151, 25 }, // U+0151
    { 0x0152, 13 }, // U+0152
    { 0x0153, 25 }, // U+0153
    { 0x0155, 32 }, // U+0155
    { 0x0157, 32 }, // U+0157
    { 0x0159, 32 }, // U+0159
    { 0x015A, 16 }, // U+015A
    { 0x015B, 34 }, // U+015B
    { 0x015C, 16 }, // U+015C
    { 0x015D, 34 }, // U+015D
    { 0x015E, 16 }, // U+015E
    { 0x015F, 34 }, // U+015F
    { 0x0160, 16 }, // U+0160
    { 0x0161, 34 }, // U+0161
    { 0x0162, 45 }, // U+0162
    { 0x0163, 35 }, // U+0163
    { 0x0164, 45 }, // U+0164
    { 0x0165, 35 }, // U+0165
    { 0x0166, 45 }, // U+0166
    { 0x0167, 35 }, // U+0167
    { 0x0168, 18 }, // U+0168
    { 0x0169, 36 }, // U+0169
    { 0x016A, 18 }, // U+016A
    { 0x016B, 36 }, // U+016B
    { 0x016C, 18 }, // U+016C
    { 0x016D, 36 }, // U+016D
    { 0x016E, 18 }, // U+016E
    { 0x016F, 36 }, // U+016F
    { 0x0170, 18 }, // U+0170
    { 0x0171, 36 }, // U+0171
    { 0x0172, 18 }, // U+0172
    { 0x0173, 36 }, // U+0173
    { 0x0176, 43 }, // U+0176
    { 0x0177, 37 }, // U+0177
    { 0x0178, 43 }, // U+0178
    { 0x0179, 23 }, // U+0179
    { 0x017A, 40 }, // U+017A
    { 0x017B, 23 }, // U+017B
    { 0x017C, 40 }, // U+017C
    { 0x017D, 23 }, // U+017D
    { 0x017E, 40 }, // U+017E
    { 0x017F, 26 }, // U+017F
    { 0x01A0, 13 }, // U+01A0
    { 0x01A1, 25 }, // U+01A1
    { 0x01C9, 31 }, // U+01C9
    { 0x01CC, 32 }, // U+01CC
    { 0x01CD, 12 }, // U+01CD
    { 0x01CE, 24 }, // U+01CE
    { 0x01D3, 18 }, // U+01D3
    { 0x01D4, 36 }, // U+01D4
    { 0x01E6, 13 }, // U+01E6
    { 0x01E7, 27 }, // U+01E7
    { 0x01EA, 13 }, // U+01EA
    { 0x01EB, 25 }, // U+01EB
    { 0x01FA, 12 }, // U+01FA
    { 0x01FB, 24 }, // U+01FB
    { 0x01FC, 42 }, // U+01FC
    { 0x01FD, 24 }, // U+01FD
    { 0x01FE, 13 }, // U+01FE
    { 0x01FF, 25 }, // U+01FF
    { 0x0218, 16 }, // U+0218
    { 0x0219, 34 }, // U+0219
    { 0x021A, 45 }, // U+021A
    { 0x021B, 35 }, // U+021B
    { 0x021F, 28 }, // U+021F
    { 0x0410, 46 }, // U+0410
    { 0x0414, 46 }, // U+0414
    { 0x041B, 46 }, // U+041B
    { 0x041E, 47 }, // U+041E
    { 0x0421, 47 }, // U+0421
    { 0x0422, 48 }, // U+0422
    { 0x0425, 49 }, // U+0425
    { 0x0430, 50 }, // U+0430
    { 0x0431, 51 }, // U+0431
    { 0x0432, 52 }, // U+0432
    { 0x0434, 53 }, // U+0434
    { 0x0435, 54 }, // U+0435
    { 0x0437, 52 }, // U+0437
    { 0x043A, 52 }, // U+043A
    { 0x043D, 52 }, // U+043D
    { 0x043E, 54 }, // U+043E
    { 0x0440, 55 }, // U+0440
    { 0x0442, 52 }, // U+0442
    { 0x0446, 52 }, // U+0446
    { 0x044C, 52 }, // U+044C
    { 0x044E, 52 }, // U+044E
    { 0x1EA0, 12 }, // U+1EA0
    { 0x1EA1, 24 }, // U+1EA1
    { 0x1EA2, 12 }, // U+1EA2
    { 0x1EA3, 24 }, // U+1EA3
    { 0x1EA4, 12 }, // U+1EA4
    { 0x1EA5, 24 }, // U+1EA5
    { 0x1EA6, 12 }, // U+1EA6
    { 0x1EA7, 24 }, // U+1EA7
    { 0x1EA8, 12 }, // U+1EA8
    { 0x1EA9, 24 }, // U+1EA9
    { 0x1EAA, 12 }, // U+1EAA
    { 0x1EAB, 24 }, // U+1EAB
    { 0x1EAC, 12 }, // U+1EAC
    { 0x1EAD, 24 }, // U+1EAD
    { 0x1EAE, 12 }, // U+1EAE
    { 0x1EAF, 24 }, // U+1EAF
    { 0x1EB0, 12 }, // U+1EB0
    { 0x1EB1, 24 }, // U+1EB1
    { 0x1EB2, 12 }, // U+1EB2
    { 0x1EB3, 24 }, // U+1EB3
    { 0x1EB4, 12 }, // U+1EB4
    { 0x1EB5, 24 }, // U+1EB5
    { 0x1EB6, 12 }, // U+1EB6
    { 0x1EB7, 24 }, // U+1EB7
    { 0x1EB9, 25 }, // U+1EB9
    { 0x1EBB, 25 }, // U+1EBB
    { 0x1EBD, 25 }, // U+1EBD
    { 0x1EBF, 25 }, // U+1EBF
    { 0x1EC1, 25 }, // U+1EC1
    { 0x1EC3, 25 }, // U+1EC3
    { 0x1EC5, 25 }, // U+1EC5
    { 0x1EC7, 25 }, // U+1EC7
    { 0x1EC8, 14 }, // U+1EC8
    { 0x1EC9, 29 }, // U+1EC9
    { 0x1ECA, 14 }, // U+1ECA
    { 0x1ECB, 29 }, // U+1ECB
    { 0x1ECC, 13 }, // U+1ECC
    { 0x1ECD, 25 }, // U+1ECD
    { 0x1ECE, 13 }, // U+1ECE
    { 0x1ECF, 25 }, // U+1ECF
    { 0x1ED0, 13 }, // U+1ED0
    { 0x1ED1, 25 }, // U+1ED1
    { 0x1ED2, 13 }, // U+1ED2
    { 0x1ED3, 25 }, // U+1ED3
    { 0x1ED4, 13 }, // U+1ED4
    { 0x1ED5, 25 }, // U+1ED5
    { 0x1ED6, 13 }, // U+1ED6
    { 0x1ED7, 25 }, // U+1ED7
    { 0x1ED8, 13 }, // U+1ED8
    { 0x1ED9, 25 }, // U+1ED9
    { 0x1EDA, 13 }, // U+1EDA
    { 0x1EDB, 25 }, // U+1EDB
    { 0x1EDC, 13 }, // U+1EDC
    { 0x1EDD, 25 }, // U+1EDD
    { 0x1EDE, 13 }, // U+1EDE
    { 0x1EDF, 25 }, // U+1EDF
    { 0x1EE0, 13 }, // U+1EE0
    { 0x1EE1, 25 }, // U+1EE1
    { 0x1EE2, 13 }, // U+1EE2
    { 0x1EE3, 25 }, // U+1EE3
    { 0x1EE4, 18 }, // U+1EE4
    { 0x1EE5, 36 }, // U+1EE5
    { 0x1EE6, 18 }, // U+1EE6
    { 0x1EE7, 36 }, // U+1EE7
    { 0x1EE8, 18 }, // U+1EE8
    { 0x1EE9, 36 }, // U+1EE9
    { 0x1EEA, 18 }, // U+1EEA
    { 0x1EEB, 36 }, // U+1EEB
    { 0x1EEC, 18 }, // U+1EEC
    { 0x1EED, 36 }, // U+1EED
    { 0x1EEE, 18 }, // U+1EEE
    { 0x1EEF, 36 }, // U+1EEF
    { 0x1EF0, 18 }, // U+1EF0
    { 0x1EF1, 36 }, // U+1EF1
    { 0x1EF2, 43 }, // U+1EF2
    { 0x1EF3, 37 }, // U+1EF3
    { 0x1EF4, 43 }, // U+1EF4
    { 0x1EF5, 37 }, // U+1EF5
    { 0x1EF6, 43 }, // U+1EF6
    { 0x1EF7, 37 }, // U+1EF7
    { 0x1EF8, 43 }, // U+1EF8
    { 0x1EF9, 37 }, // U+1EF9
    { 0x2013, 4 }, // U+2013
    { 0x2014, 4 }, // U+2014
    { 0x2019, 56 }, // U+2019
    { 0x201A, 3 }, // U+201A
    { 0x201D, 56 }, // U+201D
    { 0x201E, 3 }, // U+201E
    { 0x2026, 3 }, // U+2026
    { 0x2030, 1 }, // U+2030
    { 0x20AB, 25 }, // U+20AB
    { 0x2202, 25 }, // U+2202
    { 0xFB00, 26 }, // U+FB00
    { 0xFB01, 26 }, // U+FB01
    { 0xFB02, 26 }, // U+FB02
    { 0xFB03, 26 }, // U+FB03
    { 0xFB04, 26 }, // U+FB04
};

static const int8_t lexenddeca_9_boldKernMatrix[] = {
       0,    0,    0,    0,    0,    0,    0,    0,    9,    0,    0,    0,    0,    0,    0,    0,    0,    0,    0,    0,    0,    0,    0,    0,    0,    0,    0,    0,    0,    0,    0,    0,    0,    0,    0,    0,    0,    0,    0,    0,    0,    0,    0,    0,    0,    0,    0,    0,    0,    0,    0,    0,    0,    0,    0,    0,
       0,    0,    0,    0,    0,    0,    0,    0,    0,    0,    0,    0,    0,    0,    0,    0,    0,    0,    0,    0,    0,    0,    0,    0,    0,    0,   -6,    0,    0,    0,    0,    0,    0,    0,    0,    0,    0,    0,    0,    0,    0,    0,    0,    0,    0,    0,    0,    0,    0,    0,    0,    0,    0,    0,    0,    0,
       0,    0,    0,    0,    0,  -14,   -9,    9,  -16,    0,    0,    0,    0,    0,    0,    0,    0,    0,    0,    0,    0,    0,    0,    0,    0,    0,    0,    0,    0,    0,    0,    0,    0,    0,    0,    0,    0,    0,    0,    0,    0,    0,    0,    0,    0,    0,    0,    0,    0,    0,    0,    0,    0,    0,    0,    0,
       0,    0,    0,    0,  -41,    0,    0,    0,    0,    0,    0,    0,    0,    0,    0,    0,    0,    0,    0,    0,    0,    0,    0,    0,    0,    0,    0,    0,    0,    0,    0,    0,    0,    0,    0,    0,    0,    0,    0,    0,    0,    0,    0,    0,    0,    0,    0,    0,    0,    0,    0,    0,    0,    0,    0,    0,
       0,    5,    0,    0,    0,    0,    0,    0,    0,    0,    0,    0,    0,    0,    0,    0,    0,    0,    0,    0,    0,    0,    0,    0,    0,    0,    0,    0,    0,    0,    0,    0,    0,    0,    0,    0,    0,    0,    0,    0,    0,    0,    0,    0,    0,    0,    0,    0,    0,    0,    0,    0,    0,    0,    0,    0,
       0,    0,    0,    0,    0,    0,    0,   -2,    0,    0,    0,    0,    0,    0,    0,    0,    0,    0,    0,    0,    0,    0,    0,    0,    0,    0,    0,    0,    0,    0,    0,    0,    0,    0,    0,    0,    0,    0,    0,    0,    0,    0,    0,    0,    0,    0,    0,    0,    0,    0,    0,    0,    0,    0,    0,    0,
       0,    0,    0,    0,    0,    0,    0,    6,    0,    0,   -7,    0,    0,    0,    0,    0,    0,    0,    0,    0,    0,    0,    0,    0,    0,    0,    0,    0,    0,    0,    0,    0,    0,    0,    0,    0,    0,    0,    0,    0,  -23,    0,    0,    0,    0,    0,    0,    0,    0,    0,    0,    0,    0,    0,    0,    0,
       0,    0,    0,    0,    0,    0,    0,    0,    0,    0,   -8,    0,    0,    0,    0,    0,    0,    0,    0,    0,    0,    0,    0,    0,    0,    0,    0,    0,    0,    0,    0,    0,    0,    0,    0,    0,    0,    0,    0,    0,    0,    0,    0,    0,    0,    0,    0,    0,    0,    0,    0,    0,    0,    0,    0,    0,
       0,    0,    0,    0,    0,   -7,   -6,    0,    0,    0,    0,    0,    0,    0,    0,    0,    0,    0,    0,    0,    0,    0,    0,    0,    0,    0,    0,    0,    0,    0,    0,    0,    0,    0,    0,    0,    0,    0,    0,    0,    0,    0,    0,    0,    0,    0,    0,    0,    0,    0,    0,    0,    0,    0,    0,    0,
       9,    0,    0,  -16,    0,    0,    0,  -11,   11,  -14,    0,    0,    0,    0,    0,    0,    0,    0,    0,    0,    0,    0,    0,    0,    0,    0,    0,    0,    0,    0,    0,    0,    0,    0,    0,    0,    0,    0,    0,    0,    0,    0,    0,    0,    0,    0,    0,    0,    0,    0,    0,    0,    0,    0,    0,    0,
      -8,    0,    0,    0,    0,   -8,    0,    0,   -6,    0,   -7,    0,    0,    0,    0,    0,    0,    0,    0,    0,    0,    0,    0,    0,    0,    0,    0,    0,    0,    0,    0,    0,    0,    0,    0,    0,    0,    0,    0,    0,   -8,    0,    0,    0,    0,    0,    0,    0,    0,    0,    0,    0,    0,    0,    0,    0,
       0,    0,    0,    0,    0,    0,    0,   -7,   -6,   -7,    0,    0,    0,    0,    0,    0,    0,    0,    0,    0,    0,    0,    0,    0,    0,    0,    0,    0,    0,    0,    0,    0,    0,    0,    0,    0,    0,    0,    0,    0,    0,    0,    0,    0,    0,    0,    0,    0,    0,    0,    0,    0,    0,    0,    0,    0,
       0,    0,    0,    0,    0,    0,    0,    0,    0,    0,    0,    6,  -11,    0,    0,    0,  -20,   -8,  -20,  -14,    0,  -20,    0,    0,    0,    0,    0,    0,    0,    0,   -6,    0,    0,    0,   -8,   -7,  -12,  -13,    6,    0,    0,    0,  -20,    0,  -20,    0,    0,    0,    0,    0,    0,    0,    0,    0,    0,    0,
       0,    0,    0,    0,    0,    0,    0,    0,    0,    0,    0,   -6,    0,    0,    0,    0,    0,    0,   -6,    0,   -6,   -8,    0,   -4,    0,    0,    0,    0,    0,    0,    0,    0,    0,    0,    0,    0,    0,    0,    0,    0,    0,  -13,   -8,    0,    0,    0,    0,    0,    0,    0,    0,    0,    0,    0,    0,    0,
       0,    0,    0,    0,    0,    0,    0,    0,    0,    0,    0,    0,   -6,    0,    0,    0,    0,    0,    0,    0,    0,   -7,    0,    0,    0,    0,    0,    0,    0,    0,    0,    0,    0,    0,    0,    0,    0,    0,    0,    0,    0,  -13,   -7,    0,    0,    0,    0,    0,    0,    0,    0,    0,    0,    0,    0,    0,
       0,    0,    0,    0,    0,    0,    0,    0,    0,    0,    0,  -11,    0,   -8,    0,    0,  -11,    0,   -8,   -6,   -6,  -14,   -6,   -8,    0,    0,    0,    0,    0,    0,    0,    0,    0,    0,    0,    0,    0,    0,    0,   -6,    0,  -21,  -14,    0,  -11,    0,    0,    0,    0,    0,    0,    0,    0,    0,    0,    0,
       0,    0,    0,    0,    0,    0,    0,    0,    0,    0,    0,    0,   -6,    0,    0,    0,    0,    0,    5,    5,    0,    0,    0,    0,    0,    0,    0,    0,    0,    0,    0,    0,    0,    0,    0,    0,    0,    0,    0,    0,    0,    0,    0,    0,    0,    0,    0,    0,    0,    0,    0,    0,    0,    0,    0,    0,
       0,    0,    0,    0,    0,    0,    0,    0,    0,    0,    0,  -11,    0,    0,  -10,    0,    7,    0,    0,    0,    0,    0,    0,   -7,    0,    0,    0,    0,    0,    0,    0,    0,    0,    0,    0,    0,    0,    0,    0,    0,    0,  -34,    0,    0,    7,    0,    0,    0,    0,    0,    0,    0,    0,    0,    0,    0,
       0,    0,    0,    0,    0,    0,    0,    0,    0,    0,    0,    0,    0,    0,    0,    0,   -6,    0,   -8,    0,    0,  -14,    0,    0,    0,    0,    0,    0,    0,    0,    0,    0,    0,    0,    0,    0,    0,    0,    0,    0,    0,    0,  -14,    0,   -6,    0,    0,    0,    0,    0,    0,    0,    0,    0,    0,    0,
       0,    0,    0,    0,    0,    0,    0,    0,    0,    0,    0,    0,   -8,    0,    0,    0,    0,    0,    0,    0,    0,    0,    0,    0,    0,   -6,    0,    0,    0,    0,    0,    0,    0,    0,   -8,    0,    0,    0,    0,    0,    0,   -8,    0,    0,    0,    0,    0,    0,    0,    0,    0,    0,    0,    0,    0,    0,
       0,    0,    0,    0,    0,    0,    0,    0,    0,    0,    0,   -8,    0,    0,    0,    0,    0,    0,    0,    0,    0,    0,    0,    0,    0,    0,    0,    0,    0,    0,    0,    0,    0,    0,    0,    0,    0,    0,    0,    0,    0,    0,    0,    0,    0,    0,    0,    0,    0,    0,    0,    0,    0,    0,    0,    0,
       0,    0,    0,    0,    0,    0,    0,    0,    0,    0,    0,    0,  -14,    0,    0,    0,    0,    0,    0,    0,    0,    0,    0,    0,   -6,    0,    0,    0,    0,    0,    0,    0,    0,    0,    0,  -13,  -15,  -15,    0,    0,    0,    0,    0,    0,    0,    0,    0,    0,    0,    0,    0,    0,    0,    0,    0,    0,
       0,    0,    0,    0,    0,    0,    0,    0,    0,    0,    0,    8,  -11,    0,    8,    0,  -31,   -6,  -20,  -11,    8,  -26,    0,    0,    0,    0,    0,    0,   -6,    0,    0,    0,    0,    0,    0,    0,  -11,  -14,    8,    0,    0,    0,  -26,    0,  -31,    0,    0,    0,    0,    0,    0,    0,    0,    0,    0,    0,
       0,    0,    0,    0,    0,    0,    0,    0,    0,    0,    0,  -25,    0,    0,  -20,    0,    0,    0,    0,    0,   -9,   -6,   -6,   -8,    0,    0,    0,    0,    0,    0,    0,    0,    0,   -6,    0,    0,    0,    0,    0,    0,    0,  -44,   -6,    0,    0,    0,    0,    0,    0,    0,    0,    0,    0,    0,    0,    0,
       0,    0,    0,    0,    0,    0,    0,    0,    0,    0,    0,    8,    0,    0,    0,    0,    0,   -2,    0,    0,    6,  -11,    0,    0,    0,    0,    0,    0,    0,    0,    0,    0,    0,    0,    0,    0,    0,    0,    6,    6,    0,    0,  -11,    0,    0,    0,    0,    0,    0,    0,    0,    0,    0,    0,    0,    0,
       0,    0,    0,    0,    0,    0,    0,    0,    0,    0,    0,    5,   -6,    0,    0,    0,    0,    0,    0,    0,    0,   -5,    0,    0,    0,    0,   -6,    0,    0,    0,    0,    0,    0,    0,    0,   -6,    0,    0,    0,    0,    0,    0,   -5,    0,    0,    0,    0,    0,    0,    0,    0,    0,    0,    0,    0,    0,
       0,    0,    0,    0,    0,    0,    0,    0,    0,    0,    0,    0,    0,    0,    0,    0,    0,    0,    0,   -6,    0,   -4,    0,    0,    0,    0,    0,    0,    0,    0,    0,    0,    0,    0,    0,    0,    0,    0,    0,    0,    0,   -8,   -4,    0,    0,    0,    0,    0,    0,    0,    0,    0,    0,    0,    0,    0,
       0,    0,    0,    0,    0,    0,    0,    0,    0,    0,    0,  -20,  -11,    0,  -31,    0,    7,    0,   11,    8,    0,    6,    0,  -17,  -26,    6,  -24,    0,    0,    0,    0,  -20,  -20,  -11,    0,  -18,   -3,   -6,   -6,   -9,    0,  -38,    6,    0,    7,    0,    0,    0,    0,    0,    0,    0,    0,    0,    0,    0,
       0,    0,    0,    0,    0,    0,    0,    0,    0,    0,    0,   -8,    0,    0,    0,    0,    0,    0,    0,    0,    0,    0,    0,    0,    0,    0,    0,    0,    0,    0,    0,    0,    0,    0,    0,    0,    0,    0,    0,    0,    0,  -27,    0,    0,    0,    0,    0,    0,    0,    0,    0,    0,    0,    0,    0,    0,
       0,    0,    0,    0,    0,    0,    0,    0,    0,    0,    0,  -20,   -8,    0,  -11,    0,   11,    0,    6,    6,    0,    6,    0,  -11,  -14,    0,  -11,    0,    0,    0,    0,   -6,   -6,   -6,    0,    0,    0,    0,    0,    0,    0,  -28,    6,    0,   11,    0,    0,    0,    0,    0,    0,    0,    0,    0,    0,    0,
       0,    0,    0,    0,    0,    0,    0,    0,    0,    0,    0,  -14,   -6,    0,   -8,    0,    8,    0,    6,    6,    0,    0,    0,   -8,   -7,    0,   -8,    0,    0,    0,    0,    0,    0,    0,    0,    0,    0,    0,    0,    0,    0,  -26,    0,    0,    8,    0,    0,    0,    0,    0,    0,    0,    0,    0,    0,    0,
       0,    0,    0,    0,    0,    0,    0,    0,    0,    0,    0,    0,   -8,    0,    0,    0,    0,    0,    0,    0,    0,    0,    0,   -6,   -6,    0,   -6,    0,    0,    0,    0,    0,    0,    0,    0,   -8,   -6,    0,    0,    0,    0,    0,    0,    0,    0,    0,    0,    0,    0,    0,    0,    0,    0,    0,    0,    0,
       0,    0,    0,    0,    0,    0,    0,    0,    0,    0,    0,  -20,  -14,    0,  -17,    0,    6,    0,    6,    0,    0,    0,    0,  -23,  -26,    0,  -26,    0,    0,    0,    0,  -13,  -13,  -17,    0,  -11,    0,    0,   -6,   -6,    0,  -49,    0,    0,    6,    0,    0,    0,    0,    0,    0,    0,    0,    0,    0,    0,
       0,    0,    0,    0,    0,    0,    0,    0,    0,    0,    0,    0,   -8,    0,    0,    0,    0,    0,    0,    0,    0,    0,    0,    0,    0,    0,   -8,    0,    0,    0,    0,    0,    0,    0,   -8,    0,    0,    0,    0,    0,    0,    0,    0,    0,    0,    0,    0,    0,    0,    0,    0,    0,    0,    0,    0,    0,
       0,    0,    0,    0,    0,    0,    0,    0,    0,    0,    0,    0,    0,    0,    0,    0,  -17,    0,    0,    0,    0,  -17,    0,    0,    0,    0,    0,    0,    0,    0,    0,    0,    0,    0,    0,    0,    0,    0,    0,    0,    0,    0,    0,    0,    0,    0,    0,    0,    0,    0,    0,    0,    0,    0,    0,    0,
       0,    0,    0,    0,    0,    0,    0,    0,    0,    0,    0,    0,    0,    0,    0,    0,  -26,    0,  -14,   -7,   -6,  -26,    0,    0,    0,    0,    0,    0,    0,    0,    0,    0,    0,    0,    0,    0,    0,    0,    0,    0,    0,  -12,  -26,    0,  -26,    0,    0,    0,    0,    0,    0,    0,    0,    0,    0,    0,
       0,    0,    0,    0,    0,    0,    0,    0,    0,    0,    0,    0,    0,    0,    0,    0,  -29,    0,    0,   -8,    0,  -23,    0,    0,    0,    0,    0,    0,    0,    0,    0,    0,    0,    0,    0,    0,    0,    0,    0,    0,    0,   -4,  -23,    0,  -29,    0,    0,    0,    0,    0,    0,    0,    0,    0,    0,    0,
       0,    0,    0,    0,    0,    0,    0,    0,    0,    0,    0,    0,    0,    0,    0,    0,    0,    0,    0,    0,    0,    0,    0,    0,    0,    0,    0,    0,    0,    5,    0,    0,    0,    0,    0,    0,    0,    0,    0,    0,    0,    0,    0,    0,    0,    0,    0,    0,    0,    0,    0,    0,    0,    0,    0,    0,
       0,    0,    0,    0,    0,    0,    0,    0,    0,    0,    0,    0,    0,    0,    0,    0,  -20,    0,  -11,   -8,   -6,  -23,    0,    0,    0,    0,    0,    0,    0,    0,    0,    0,    0,    0,    0,    0,    0,    0,    0,    0,    0,   -9,  -23,    0,  -20,    0,    0,    0,    0,    0,    0,    0,    0,    0,    0,    0,
       0,    0,    0,    0,    0,    0,    0,    0,    0,    0,    0,    0,    0,    0,    0,    0,    8,    0,    0,    6,    0,    0,    0,   -9,   -6,    0,    0,    0,    0,    0,    0,    0,    0,    0,    0,    0,    0,    0,    0,    0,    0,  -25,    0,    0,    8,    0,    0,    0,    0,    0,    0,    0,    0,    0,    0,    0,
       0,    0,    0,    0,    0,    0,    0,    0,    0,    0,    0,    0,    0,    0,    0,    0,    0,    0,    0,    0,    0,  -14,    0,    0,    0,    0,    0,    0,    0,    0,    0,    0,    0,    0,    0,    0,    0,    0,    0,    0,    0,    0,  -14,    0,    0,    0,    0,    0,    0,    0,    0,    0,    0,    0,    0,    0,
       0,    0,    0,    0,    0,    0,    0,    0,    0,    0,    0,    0,    0,    0,    0,    0,  -21,    0,   -9,   -8,    0,  -20,    0,    0,   -3,    0,   -4,    0,    0,    0,    0,    0,    0,    0,   -4,    0,    0,    0,    0,    0,    0,   -6,  -20,    0,  -21,    0,    0,    0,    0,    0,    0,    0,    0,    0,    0,    0,
       0,    0,    0,    0,    0,    0,    0,    0,    0,    0,    0,    0,    0,    0,    0,    0,    0,    0,    0,    0,    0,    0,    0,    0,    0,    0,    0,    0,    0,    7,    0,    0,    0,    0,    0,    0,    0,    0,    0,    0,    0,    0,    0,    7,    0,    0,    0,    0,    0,    0,    0,    0,    0,    0,    0,    0,
       0,    0,    0,    0,    0,    0,    0,    0,    0,    0,    0,    8,   -6,    0,    0,    0,    0,    0,    0,    0,    0,    0,    0,    0,   -4,    0,    0,    0,    0,    0,    0,    0,    0,    0,   -4,    0,    0,    0,    0,    0,    0,    0,    0,    0,    0,    0,    0,    0,    0,    0,    0,    0,    0,    0,    0,    0,
       0,    0,   10,    0,    9,    0,    0,    0,    0,    0,    0,    0,    0,    0,    0,    0,    0,    0,    0,    0,    6,    0,    0,    0,    0,    0,    0,    0,   -6,    0,    0,    0,    4,    0,    0,    0,    4,    0,    0,    0,    0,    4,    0,    0,    0,    0,    0,    0,    0,    0,    0,    0,    0,    0,    0,    0,
       0,    0,    0,    0,    0,    0,    0,    0,    0,    0,    0,    0,    0,    0,    0,    0,  -14,    0,    0,    0,    0,   -8,    0,    0,    0,    0,    0,    0,    0,    0,    0,    0,    0,    0,    0,    0,    0,    0,    0,    0,    0,    0,   -8,    0,  -14,    0,    0,    0,    0,    0,    0,    0,    0,    0,    0,    0,
       0,    0,    0,    0,    0,    0,    0,    0,    0,    0,    0,    0,    0,    0,  -24,    0,   -7,    0,    0,    8,    0,    0,    0,   -4,    0,    6,    0,    0,    0,    0,    0,    0,    0,    0,    5,    0,    8,    7,    6,    0,    0,  -36,    0,    0,   -7,    0,    0,    0,    0,    0,    0,    0,    0,    0,    0,    0,
       0,    0,    0,    0,    0,    0,    0,    0,    0,    0,    0,    0,    0,    0,    6,    0,  -11,    0,   -6,    0,    0,  -17,    0,    0,    0,    0,    0,    0,    0,    0,    0,    0,    0,    0,    0,    0,    0,    0,    0,    0,    0,   -2,  -17,    0,  -11,    0,    0,    0,    0,    0,    0,    0,    0,    0,    0,    0,
       0,    0,    0,    0,    0,    0,    0,    0,    0,    0,    0,    7,    0,    0,    0,    0,    0,    0,    0,    0,    0,   -8,    0,    0,    0,    0,    0,    0,    0,    0,    0,    0,    0,    0,    0,    0,    0,    0,    0,    0,    0,    0,   -8,    0,    0,    0,    0,    0,    0,    0,    0,    0,    0,    0,    0,    0,
       0,    0,    0,    0,    0,    0,    0,    0,    0,    0,    0,    0,    0,    0,    0,    0,  -18,    0,    0,    0,    0,  -12,    0,    0,    0,    0,    0,    0,    0,    0,    0,    0,    0,    0,    0,    0,    0,    0,    0,    0,    0,   -8,  -12,    0,  -18,    0,    0,    0,    0,    0,    0,    0,    0,    0,    0,    0,
       0,    0,    0,    0,    0,    0,    0,    0,    0,    0,    0,  -17,    0,    0,    0,    0,   -3,    0,    0,    0,   -6,    0,   -6,   -6,    0,    6,    0,    0,    0,    0,    0,    0,    0,    6,    0,    0,    3,    3,    0,    0,    0,  -30,    0,    0,   -3,    0,    0,    0,    0,    0,    0,    0,    0,    0,    0,    0,
       0,    0,    0,    0,    0,    0,    0,    0,    0,    0,    0,    0,    0,    0,    0,    0,   -6,    0,    0,    0,    0,    0,    0,    0,    0,    4,    0,    0,    0,    0,    0,    0,    0,    0,    0,    0,    3,    3,    0,    0,    0,  -30,    0,    0,   -6,    0,    0,    0,    0,    0,    0,    0,    0,    0,    0,    0,
       0,    0,    0,    0,    0,    0,    0,    0,    0,    0,    0,    6,    0,    0,    0,    0,    0,    0,    0,    0,    0,   -6,    0,    0,    0,    0,    0,    0,    0,    0,    0,    0,    0,    0,    0,    0,    0,    0,    0,    0,    0,    0,   -6,    0,    0,    0,    0,    0,    0,    0,    0,    0,    0,    0,    0,    0,
       0,    0,    0,    0,    0,    0,    0,    0,    0,    0,    0,    0,    0,    0,    0,    0,    0,    0,    0,    0,    0,   -6,    0,    0,    0,    0,    0,    0,    0,    0,    0,    0,    0,    0,    0,    0,    0,    0,    0,    0,    0,    0,   -6,    0,    0,    0,    0,    0,    0,    0,    0,    0,    0,    0,    0,    0,
       0,    0,    0,    0,    0,    0,    0,    0,    0,    0,    0,    0,    0,    0,    0,    0,  -21,    0,   -9,   -8,    0,  -20,    0,    0,   -3,    0,   -4,    0,    0,   17,    0,    0,    0,    0,   -4,    0,    0,    0,    0,    0,    0,   -6,  -20,    0,  -21,    0,    0,    0,    0,    0,    0,    0,    0,    0,    0,    0,
       0,    0,   10,    0,    0,    0,    0,    0,    0,    0,    0,    0,    8,   12,    0,    9,   30,   12,   28,   28,   24,   27,   16,    0,    0,   15,    0,   12,    6,   12,   12,    9,    9,    0,   12,    0,   20,   16,   16,   12,    0,    4,   27,   12,   30,    0,    0,    0,    0,    0,    0,    0,    0,    0,    0,   16,
       0,    0,   10,    0,    0,    0,    0,    0,    0,    0,    0,    0,    0,    0,    0,    0,    0,    0,    0,    0,    6,    0,    0,    0,    0,    0,    0,    0,   -6,    0,    0,    0,    0,    0,    0,    0,    4,    0,    0,    0,    0,    4,    0,    0,    0,    0,    0,    0,    0,    0,    0,    0,    0,    0,    0,    0,
       0,    0,  -20,    0,    0,    0,    0,    0,    0,    0,    0,   -8,    0,    0,    0,    0,   12,    0,    8,    8,    4,    4,    0,    0,    0,    0,    0,    0,    0,    0,    0,    0,    0,    0,    0,    0,    0,    0,    0,    0,    0,  -16,    4,    0,   12,    0,    0,    0,    0,    0,    0,    0,    0,    0,    0,    0,
       0,    0,  -20,    0,    0,    0,    0,    0,    0,    0,    0,   -8,    0,    0,    0,    8,    8,    0,    8,    8,    0,    0,    0,    0,    0,    0,    0,    4,    4,    0,    4,    0,    0,    0,    8,    0,   12,   12,    8,    0,    0,  -12,    0,    0,    8,    0,    0,    0,    0,    0,    0,    0,    0,    0,    0,    0,
       0,    0,  -20,    0,    0,    0,    0,    0,    0,    0,    0,  -16,    0,    0,   -4,    0,   16,    0,   12,   12,    4,    8,    0,   -8,   -4,    0,   -4,    0,    0,    0,    0,    0,    0,    0,    0,   -4,    0,    0,    0,   -4,    0,  -20,    8,    0,   16,    0,    0,    0,    0,    0,    0,    0,    0,    0,    0,    0,
       0,    0,  -12,    0,    0,    0,    0,    0,    0,    0,    0,   -8,    0,    0,   -8,    8,   12,    0,   12,   12,    0,    0,    0,   -4,   -4,    8,   -4,    0,    0,    0,    0,    0,    0,   -4,    8,    0,   12,   12,   12,    0,    0,  -12,    0,    0,   12,    0,    0,    0,    0,    0,    0,    0,    0,    0,    0,    0,
       0,    0,    0,    0,    0,    0,    0,    0,    0,    0,    0,    0,    0,    0,    0,    0,    0,    0,    0,    0,    0,    0,    0,    0,    0,    0,    0,    0,    0,    0,    0,    0,    0,    0,    0,    0,    0,    0,    0,    0,    0,    0,    0,    0,    0,    0,   -7,  -23,    0,    0,    0,    0,    0,    0,    0,    0,
       0,    0,    0,    0,    0,    0,    0,    0,    0,    0,    0,    0,    0,    0,    0,    0,    0,    0,    0,    0,    0,    0,    0,    0,    0,    0,    0,    0,    0,    0,    0,    0,    0,    0,    0,    0,    0,    0,    0,    0,    0,    0,    0,    0,    0,  -19,    0,    0,    0,   -7,    0,   -1,  -22,  -10,   -3,    0,
       0,    0,    0,    0,    0,    0,    0,    0,    0,    0,    0,    0,    0,    0,    0,    0,    0,    0,    0,    0,    0,    0,    0,    0,    0,    0,    0,    0,    0,    0,    0,    0,    0,    0,    0,    0,    0,    0,    0,    0,    0,    0,    0,    0,    0,   -4,    0,    0,   -6,    0,    0,    0,    0,    0,    0,    0,
       0,    0,    0,    0,    0,    0,    0,    0,    0,    0,    0,    0,    0,    0,    0,    0,    0,    0,    0,    0,    0,    0,    0,    0,    0,    0,    0,    0,    0,    0,    0,    0,    0,    0,    0,    0,    0,    0,    0,    0,    0,    0,    0,    0,    0,  -16,    0,    0,    0,   -3,    0,    0,  -23,   -3,    0,    0,
       0,    0,    0,    0,    0,    0,    0,    0,    0,    0,    0,    0,    0,    0,    0,    0,    0,    0,    0,    0,    0,    0,    0,    0,    0,    0,    0,    0,    0,    0,    0,    0,    0,    0,    0,    0,    0,    0,    0,    0,    0,    0,    0,    0,    0,  -28,   -6,    0,    0,  -18,    0,   -7,  -35,  -18,   -9,    0,
       0,    0,    0,    0,    0,    0,    0,    0,    0,    0,    0,    0,    0,    0,    0,    0,    0,    0,    0,    0,    0,    0,    0,    0,    0,    0,    0,    0,    0,    0,    0,    0,    0,    0,    0,    0,    0,    0,    0,    0,    0,    0,    0,    0,    0,    0,   -7,    0,    0,    0,    0,    0,    0,    0,    0,    0,
       0,    0,    0,    0,    0,    0,    0,    0,    0,    0,    0,    0,    0,    0,    0,    0,    0,    0,    0,    0,    0,    0,    0,    0,    0,    0,    0,    0,    0,    0,    0,    0,    0,    0,    0,    0,    0,    0,    0,    0,    0,    0,    0,    0,    0,    0,    0,  -13,    0,    0,    0,    0,    0,    0,    0,    0,
       0,    0,    0,    0,    0,    0,    0,    0,    0,    0,    0,    0,    0,    0,    0,    0,    0,    0,    0,    0,    0,    0,    0,    0,    0,    0,    0,    0,    0,    0,    0,    0,    0,    0,    0,    0,    0,    0,    0,    0,    0,    0,    0,    0,    0,    0,    0,    0,    0,    0,   -1,    0,    0,    0,    0,    0,
       0,    0,    0,    0,    0,    0,    0,    0,    0,    0,    0,    0,    0,    0,    0,    0,    0,    0,    0,    0,    0,    0,    0,    0,    0,    0,    0,    0,    0,    0,    0,    0,    0,    0,    0,    0,    0,    0,    0,    0,    0,    0,    0,    0,    0,    0,    0,    0,    0,    0,    0,    0,   -7,    0,    0,    0,
       0,    0,    0,    0,    0,    0,    0,    0,    0,    0,    0,    0,    0,    0,    0,    0,    0,    0,    0,    0,    0,    0,    0,    0,    0,    0,    0,    0,    0,    0,    0,    0,    0,    0,    0,    0,    0,    0,    0,    0,    0,    0,    0,    0,    0,    0,    0,    0,    0,    0,    0,    0,    0,   -6,    0,    0,
       0,    0,    0,    0,    0,    0,    0,    0,    0,    0,    0,    0,    0,    0,    0,    0,    0,    0,    0,    0,    0,    0,    0,    0,    0,    0,    0,    0,    0,    0,    0,    0,    0,   -8,    0,    0,    0,    0,    0,    0,    0,    0,    0,    0,    0,    0,    0,    0,    0,    0,    0,    0,    0,    0,    0,    0,
};

static const EpdLigaturePair lexenddeca_9_boldLigaturePairs[] = {
    { 0x00660066, 0xFB00 }, // f f -> U+FB00
    { 0x00660069, 0xFB01 }, // f i -> U+FB01
    { 0x0066006C, 0xFB02 }, // f l -> U+FB02
    { 0xFB000069, 0xFB03 }, // U+FB00 i -> U+FB03
    { 0xFB00006C, 0xFB04 }, // U+FB00 l -> U+FB04
};

static constexpr EpdFontData lexenddeca_9_bold = {
    lexenddeca_9_boldBitmaps,
    lexenddeca_9_boldGlyphs,
    lexenddeca_9_boldIntervals,
    78,
    23,
    18,
    -6,
    true,
    lexenddeca_9_boldGroups,
    17,
    nullptr,
    lexenddeca_9_boldKernLeftClasses,
    lexenddeca_9_boldKernRightClasses,
    lexenddeca_9_boldKernMatrix,
    368,
    350,
    72,
    56,
    lexenddeca_9_boldLigaturePairs,
    5,
};
