/**
 * generated by fontconvert.py
 * name: lexenddeca_18_regular
 * size: 18
 * mode: 2-bit  compressed: true
 * Command used: fontconvert.py lexenddeca_18_regular 18 ../builtinFonts/source/LexicaUltralegible/LexicaUltralegible-Regular.ttf ../builtinFonts/source/ChareInk7/ChareInk7-Regular.ttf ../builtinFonts/source/NotoEmoji/NotoEmoji-Regular.ttf ../builtinFonts/source/NotoSymbols/NotoSansSymbols-Regular.ttf ../builtinFonts/source/NotoSansCJKsc/NotoSansCJKsc-Regular.otf --additional-intervals 0x03BB,0x03BB --additional-intervals 0x0410,0x0414 --additional-intervals 0x0418,0x0418 --additional-intervals 0x041B,0x041B --additional-intervals 0x041D,0x0423 --additional-intervals 0x0425,0x0425 --additional-intervals 0x0427,0x0427 --additional-intervals 0x042B,0x042C --additional-intervals 0x042E,0x0432 --additional-intervals 0x0434,0x0435 --additional-intervals 0x0437,0x0437 --additional-intervals 0x043A,0x043A --additional-intervals 0x043D,0x043E --additional-intervals 0x0440,0x0440 --additional-intervals 0x0442,0x0442 --additional-intervals 0x0446,0x0446 --additional-intervals 0x044C,0x044C --additional-intervals 0x044E,0x044E --additional-intervals 0x2113,0x2113 --additional-intervals 0x2669,0x266F --additional-intervals 0x1F600,0x1F607 --additional-intervals 0x1F609,0x1F614 --additional-intervals 0x1F618,0x1F618 --additional-intervals 0x1F61A,0x1F61A --additional-intervals 0x1F61C,0x1F61D --additional-intervals 0x1F620,0x1F622 --additional-intervals 0x1F624,0x1F625 --additional-intervals 0x1F629,0x1F629 --additional-intervals 0x1F62C,0x1F62E --additional-intervals 0x1F631,0x1F635 --additional-intervals 0x1F641,0x1F642 --additional-intervals 0x1F644,0x1F644 --additional-intervals 0x1F44B,0x1F44F --additional-intervals 0x2764,0x2764 --additional-intervals 0x4F1A,0x4F1A --additional-intervals 0x53BB,0x53BB --additional-intervals 0x5458,0x5458 --additional-intervals 0x59DA,0x59DA --additional-intervals 0x5B98,0x5B98 --additional-intervals 0x5BA4,0x5BA4 --additional-intervals 0x5E26,0x5E26 --additional-intervals 0x6211,0x6211 --additional-intervals 0x62C9,0x62C9 --additional-intervals 0x653E,0x653E --additional-intervals 0x6746,0x677F --additional-intervals 0x7532,0x7532 --additional-intervals 0x7684,0x7684 --additional-intervals 0x8BAE,0x8BAE --additional-intervals 0x8BF7,0x8BF7 --additional-intervals 0x91CA,0x91CA --font-include-intervals 1:0x03BB,0x03BB --font-include-intervals 1:0x0410,0x0414 --font-include-intervals 1:0x0418,0x0418 --font-include-intervals 1:0x041B,0x041B --font-include-intervals 1:0x041D,0x0423 --font-include-intervals 1:0x0425,0x0425 --font-include-intervals 1:0x0427,0x0427 --font-include-intervals 1:0x042B,0x042C --font-include-intervals 1:0x042E,0x0432 --font-include-intervals 1:0x0434,0x0435 --font-include-intervals 1:0x0437,0x0437 --font-include-intervals 1:0x043A,0x043A --font-include-intervals 1:0x043D,0x043E --font-include-intervals 1:0x0440,0x0440 --font-include-intervals 1:0x0442,0x0442 --font-include-intervals 1:0x0446,0x0446 --font-include-intervals 1:0x044C,0x044C --font-include-intervals 1:0x044E,0x044E --font-include-intervals 1:0x2113,0x2113 --font-include-intervals 2:0x1F600,0x1F607 --font-include-intervals 2:0x1F609,0x1F614 --font-include-intervals 2:0x1F618,0x1F618 --font-include-intervals 2:0x1F61A,0x1F61A --font-include-intervals 2:0x1F61C,0x1F61D --font-include-intervals 2:0x1F620,0x1F622 --font-include-intervals 2:0x1F624,0x1F625 --font-include-intervals 2:0x1F629,0x1F629 --font-include-intervals 2:0x1F62C,0x1F62E --font-include-intervals 2:0x1F631,0x1F635 --font-include-intervals 2:0x1F641,0x1F642 --font-include-intervals 2:0x1F644,0x1F644 --font-include-intervals 2:0x1F44B,0x1F44F --font-include-intervals 2:0x2764,0x2764 --font-include-intervals 3:0x2669,0x266F --font-include-intervals 4:0x4F1A,0x4F1A --font-include-intervals 4:0x53BB,0x53BB --font-include-intervals 4:0x5458,0x5458 --font-include-intervals 4:0x59DA,0x59DA --font-include-intervals 4:0x5B98,0x5B98 --font-include-intervals 4:0x5BA4,0x5BA4 --font-include-intervals 4:0x5E26,0x5E26 --font-include-intervals 4:0x6211,0x6211 --font-include-intervals 4:0x62C9,0x62C9 --font-include-intervals 4:0x653E,0x653E --font-include-intervals 4:0x6746,0x677F --font-include-intervals 4:0x7532,0x7532 --font-include-intervals 4:0x7684,0x7684 --font-include-intervals 4:0x8BAE,0x8BAE --font-include-intervals 4:0x8BF7,0x8BF7 --font-include-intervals 4:0x91CA,0x91CA --2bit --compress --pnum --darken-aa
 */
#pragma once
#include "EpdFontData.h"

static const uint8_t lexenddeca_18_regularBitmaps[35264] = {
    0xAD, 0x5A, 0xBD, 0x92, 0xE5, 0x46, 0x15, 0x6E, 0x49, 0x30, 0xB7, 0x0A, 0x05, 0x4D, 0x44, 0x51,
    0x6C, 0xA0, 0x14, 0x22, 0xBD, 0xC0, 0xB2, 0x12, 0x45, 0x48, 0xC2, 0x1B, 0x38, 0x21, 0x9F, 0x17,
    0xF0, 0x96, 0x44, 0x44, 0xE0, 0x80, 0x7D, 0x04, 0x07, 0x04, 0x64, 0xA4, 0x0E, 0xD6, 0xD3, 0x82,
    0xD4, 0x01, 0x02, 0x42, 0x02, 0xAB, 0x0A, 0xE7, 0xAB, 0x2A, 0x0B, 0x4A, 0xB6, 0x5B, 0xDD, 0x7C,
    0xDF, 0xD7, 0xD2, 0xBD, 0x33, 0xE3, 0xD9, 0x5D, 0xEF, 0x78, 0xEF, 0xD5, 0x3D, 0x3D, 0x23, 0x75,
    0x9F, 0x3E, 0x7D, 0xFA, 0xFC, 0xB7, 0x1A, 0xD3, 0xBC, 0xF5, 0xCB, 0x4F, 0x63, 0xE2, 0xC0, 0x6F,
    0x63, 0x66, 0x7B, 0xF7, 0x6B, 0x72, 0x5F, 0x2C, 0xC6, 0xE4, 0x2B, 0x61, 0xB1, 0x14, 0xF3, 0x19,
    0xCE, 0x27, 0xC1, 0x72, 0x32, 0x36, 0xE2, 0x33, 0x27, 0x58, 0x11, 0xE2, 0xD6, 0x68, 0x07, 0x63,
    0xEC, 0x50, 0xDD, 0x82, 0x75, 0x6F, 0x4C, 0x35, 0x34, 0x80, 0xF5, 0xD0, 0xB4, 0xA6, 0x63, 0xCF,
    0xC1, 0x5D, 0x60, 0x0F, 0x32, 0x3A, 0x11, 0x73, 0x03, 0xD8, 0x09, 0x3A, 0xB3, 0x01, 0xDE, 0x08,
    0x06, 0xE3, 0x01, 0x37, 0x41, 0xF3, 0x73, 0x82, 0xA7, 0x07, 0x78, 0x12, 0x41, 0x1D, 0x50, 0xB4,
    0x27, 0xCE, 0x6E, 0xB7, 0xA7, 0xDD, 0x5C, 0x8F, 0x4F, 0x4F, 0x6B, 0xD3, 0x3F, 0xCD, 0x7A, 0x00,
    0x20, 0x15, 0x18, 0x00, 0xEA, 0x19, 0xC0, 0xC6, 0x97, 0x20, 0x9E, 0x73, 0x62, 0x58, 0x30, 0xA6,
    0x8C, 0x71, 0xC4, 0xF3, 0xB8, 0x02, 0x5F, 0x85, 0xC9, 0x9E, 0xE6, 0x91, 0x98, 0x05, 0xDC, 0x15,
    0x01, 0x11, 0xC4, 0x66, 0x7C, 0x9A, 0x6D, 0x76, 0x7D, 0x5A, 0x7A, 0x4E, 0x34, 0x1B, 0x51, 0x5D,
    0x72, 0xD4, 0x85, 0x16, 0x01, 0x37, 0x91, 0x37, 0xC4, 0x0B, 0xE4, 0x16, 0xA8, 0x6B, 0xF6, 0xAC,
    0xC1, 0x87, 0x6E, 0x68, 0x46, 0x71, 0x3D, 0x1A, 0x3B, 0xEF, 0xEB, 0x2A, 0xE7, 0x7C, 0xDD, 0xFF,
    0x20, 0x53, 0xF5, 0x07, 0xF9, 0x87, 0xE5, 0xDB, 0x89, 0x0C, 0x33, 0xCD, 0xD8, 0x0D, 0xE4, 0x8D,
    0x01, 0x7F, 0x5B, 0x31, 0xE0, 0x14, 0xB7, 0x62, 0xB9, 0x02, 0x76, 0x73, 0x3D, 0x96, 0x53, 0x03,
    0x9E, 0xE3, 0x63, 0xFF, 0x1A, 0x45, 0x8C, 0x69, 0x7E, 0x1D, 0x4E, 0xC4, 0x6D, 0x6E, 0xCA, 0x85,
    0xAB, 0x30, 0x99, 0xC7, 0x6C, 0xC4, 0x50, 0xCC, 0x76, 0x32, 0x60, 0xBF, 0x29, 0xA7, 0xFD, 0x8F,
    0x6A, 0xC0, 0x1F, 0x5D, 0x4B, 0xC6, 0x97, 0xB3, 0x3A, 0x6F, 0xA6, 0xD8, 0x8A, 0xC0, 0x5D, 0x37,
    0x59, 0x8C, 0x3E, 0x2D, 0xA5, 0xE3, 0x14, 0x5C, 0x4A, 0x19, 0xD1, 0xF7, 0x2A, 0x4D, 0x58, 0x73,
    0x7D, 0xA0, 0x33, 0xF2, 0x9E, 0x89, 0xAD, 0x03, 0xD5, 0xD9, 0xA6, 0x85, 0x66, 0x5E, 0x8D, 0x49,
    0xFF, 0x61, 0x29, 0x9C, 0x0B, 0xFB, 0xA0, 0x01, 0xD5, 0xBF, 0xD7, 0x34, 0x9C, 0x8B, 0xCB, 0x63,
    0x24, 0x62, 0xBB, 0x75, 0x03, 0x9A, 0x66, 0xAA, 0x67, 0x08, 0x4C, 0xD7, 0x97, 0x1E, 0x03, 0x23,
    0x9E, 0x82, 0x03, 0x81, 0x73, 0x90, 0x31, 0xD8, 0x23, 0x35, 0x76, 0x23, 0x07, 0x41, 0x0B, 0x1E,
    0x80, 0xB1, 0x71, 0xC0, 0xB8, 0x5C, 0x92, 0x87, 0x3D, 0xF9, 0x60, 0xE5, 0xDE, 0xAE, 0xE4, 0xC0,
    0x75, 0x6C, 0xB3, 0xD8, 0xCE, 0xFB, 0xC7, 0x7C, 0x6A, 0xB2, 0x95, 0xAB, 0xA1, 0xD4, 0x0E, 0x58,
    0x39, 0xE8, 0xE1, 0x66, 0x74, 0xA4, 0x8F, 0x68, 0x1F, 0xBC, 0xA2, 0x9E, 0xA2, 0x0F, 0x56, 0xD0,
    0x68, 0x17, 0x41, 0x26, 0x30, 0x00, 0x0F, 0xF7, 0xCD, 0xEB, 0x59, 0xDD, 0x02, 0xE1, 0x49, 0x37,
    0x4D, 0xBA, 0xF9, 0x9C, 0x1C, 0xE5, 0x55, 0xB7, 0x06, 0xB2, 0x5F, 0xF5, 0x9C, 0xF2, 0xDE, 0x05,
    0x0A, 0x70, 0x1F, 0x4F, 0x89, 0x5A, 0x78, 0x3E, 0xE5, 0xD8, 0x44, 0x24, 0x2E, 0xAB, 0xE7, 0x4D,
    0x92, 0x2A, 0x5D, 0xCF, 0x7E, 0xF9, 0xB2, 0x8B, 0xA1, 0xC4, 0x4A, 0x23, 0x16, 0x39, 0x94, 0xFF,
    0x9A, 0xCA, 0xDF, 0xCF, 0x99, 0x69, 0xA1, 0xA8, 0x64, 0xE5, 0x5B, 0x01, 0x35, 0xCD, 0x5F, 0xC0,
    0x77, 0x1D, 0x96, 0x2C, 0x84, 0x1B, 0xEA, 0xB6, 0x32, 0xCF, 0x40, 0xC6, 0x27, 0x46, 0x18, 0x78,
    0x5D, 0x8C, 0x07, 0xB6, 0x65, 0xA2, 0x3C, 0x71, 0x9B, 0xC5, 0x2D, 0xF2, 0x8D, 0x1C, 0x84, 0x2C,
    0x08, 0x0B, 0x8D, 0x08, 0x64, 0x4C, 0xDD, 0x28, 0xE0, 0x94, 0x0C, 0x76, 0xEB, 0x52, 0x37, 0x73,
    0xAB, 0xDB, 0xE9, 0xE8, 0x36, 0xEE, 0xDD, 0xFA, 0xD4, 0xCD, 0x70, 0xE9, 0x10, 0x86, 0xC0, 0x2D,
    0xC6, 0xFA, 0x37, 0xD3, 0x4D, 0x15, 0x18, 0xB5, 0x34, 0xDE, 0x14, 0x1E, 0xD2, 0x91, 0x79, 0xE7,
    0x5A, 0x13, 0x62, 0x33, 0x98, 0x10, 0x20, 0xF4, 0x2E, 0x9C, 0x56, 0x80, 0x7C, 0x03, 0x00, 0xCF,
    0x00, 0x9A, 0x01, 0xA0, 0x9A, 0x00, 0xCA, 0xC5, 0x39, 0x8C, 0x0A, 0x20, 0x33, 0x06, 0xCC, 0xD0,
    0x79, 0x8C, 0xAA, 0xBD, 0xF0, 0x09, 0xB3, 0xE6, 0xD0, 0x6C, 0x69, 0x5E, 0x6C, 0x6D, 0xB1, 0x9A,
    0x7A, 0x75, 0x71, 0xBF, 0xF8, 0xEF, 0xE3, 0xAE, 0x27, 0xF1, 0x05, 0x77, 0xC3, 0x1B, 0x9A, 0x12,
    0x63, 0x57, 0x70, 0xB1, 0x86, 0xF4, 0xD3, 0x40, 0x56, 0x63, 0xD9, 0x6A, 0xE1, 0x09, 0x90, 0xA1,
    0x49, 0x89, 0xA4, 0x42, 0xF1, 0xD8, 0x17, 0xA8, 0x36, 0x1E, 0x92, 0x2A, 0xA8, 0x80, 0xC9, 0xC9,
    0x40, 0xBB, 0xC8, 0x58, 0x80, 0xE3, 0xEC, 0x55, 0xAE, 0xFB, 0x7F, 0xDA, 0xF5, 0xF9, 0x02, 0x60,
    0x46, 0x46, 0xAA, 0xF6, 0x46, 0xC3, 0x17, 0xDB, 0x6A, 0xC9, 0xB0, 0x7D, 0x58, 0xF9, 0xD8, 0x70,
    0xDE, 0xEC, 0xF6, 0xBC, 0xB8, 0x0D, 0x65, 0xA7, 0xB1, 0x5C, 0x09, 0xE8, 0x05, 0xA4, 0xF3, 0x79,
    0x14, 0x55, 0x22, 0x92, 0x36, 0xAB, 0x4C, 0xA0, 0x26, 0xE8, 0x78, 0x8F, 0xF8, 0xA6, 0x1A, 0xD6,
    0x67, 0xE0, 0x1C, 0x54, 0x72, 0x7F, 0x28, 0x7C, 0x5A, 0x42, 0x94, 0x15, 0x93, 0x4D, 0x33, 0x49,
    0xAF, 0x4D, 0x74, 0x5C, 0x9A, 0xE3, 0xEE, 0x3B, 0x12, 0xE1, 0xB8, 0xEF, 0xDC, 0x1C, 0x08, 0x12,
    0x96, 0xEC, 0xCC, 0x69, 0x91, 0x4D, 0xA4, 0x35, 0xC1, 0xB6, 0x50, 0xBC, 0x9C, 0xD6, 0x76, 0xEB,
    0x63, 0x92, 0xD4, 0xBD, 0x06, 0x70, 0x43, 0xA7, 0xD3, 0x01, 0x60, 0x39, 0x49, 0xB5, 0x16, 0x31,
    0x9C, 0xC1, 0xDF, 0x40, 0xA4, 0x7D, 0x85, 0xF5, 0xD2, 0x99, 0x99, 0x6A, 0xC3, 0x52, 0x6B, 0x98,
    0xCA, 0xF1, 0xAA, 0xBF, 0xB5, 0x54, 0xCA, 0xE8, 0x1D, 0xA0, 0x95, 0x37, 0xEC, 0x02, 0xA6, 0xD4,
    0xA3, 0x36, 0x54, 0x5B, 0xAB, 0x4D, 0x06, 0xAE, 0x9E, 0x32, 0xF4, 0x82, 0x86, 0xD4, 0x93, 0x1B,
    0xD1, 0x50, 0x2E, 0x7B, 0x70, 0xFA, 0x17, 0x34, 0x00, 0x26, 0xB9, 0x62, 0x89, 0xF8, 0xCD, 0x09,
    0xFD, 0x36, 0x7A, 0xA3, 0x8D, 0xFD, 0x22, 0xB6, 0xA7, 0xA7, 0x85, 0x1B, 0x60, 0x65, 0xED, 0x14,
    0xC9, 0x5D, 0xDA, 0xBE, 0x99, 0x52, 0x49, 0x46, 0x09, 0x80, 0xE3, 0x7C, 0xDA, 0xB0, 0x9F, 0xE5,
    0x88, 0x13, 0x3D, 0x1B, 0x36, 0x79, 0x49, 0x6C, 0x97, 0xA3, 0xBD, 0x80, 0x7D, 0x6B, 0x65, 0xF8,
    0x93, 0x87, 0xA0, 0xBF, 0x28, 0xFC, 0xB1, 0x20, 0xAD, 0x94, 0x0A, 0xB8, 0x4B, 0x5E, 0x7F, 0xF0,
    0x30, 0x1C, 0xE2, 0x57, 0x9C, 0x65, 0x50, 0x7D, 0x25, 0x0A, 0x42, 0xE9, 0xCE, 0x52, 0x1A, 0x8E,
    0x6E, 0xC9, 0x69, 0x38, 0x48, 0x9E, 0xE4, 0xE0, 0xE4, 0xF1, 0x88, 0xBA, 0x69, 0xE4, 0x83, 0x0E,
    0xD0, 0xB5, 0x72, 0x40, 0xC5, 0x46, 0xCB, 0x4D, 0xC2, 0xD5, 0x99, 0x16, 0xBD, 0x6D, 0xB0, 0xF1,
    0x43, 0x07, 0xD5, 0x38, 0xAF, 0xBC, 0x58, 0x2E, 0x40, 0xF7, 0x3A, 0xF2, 0x5E, 0xFD, 0x34, 0x22,
    0xA7, 0x78, 0x63, 0xE5, 0x2F, 0xC8, 0xFB, 0x36, 0x31, 0xA2, 0xE4, 0xBD, 0x6A, 0xC9, 0x81, 0x8F,
    0x6C, 0x02, 0xA1, 0xD5, 0x28, 0x76, 0x86, 0x33, 0x3B, 0x05, 0x74, 0x8F, 0x4F, 0x13, 0x3B, 0x39,
    0x22, 0xED, 0x65, 0xA6, 0x68, 0xA1, 0x8A, 0xFE, 0xD0, 0x2E, 0x2D, 0x5D, 0x2A, 0xD6, 0xF5, 0xC7,
    0xAA, 0xC9, 0xC8, 0x93, 0xDF, 0x1F, 0xDE, 0xB6, 0x8E, 0xF7, 0x3F, 0x97, 0x67, 0x6F, 0xEA, 0xF5,
    0x90, 0xF1, 0xE5, 0xE7, 0xB7, 0x9C, 0x66, 0xDA, 0x83, 0x8D, 0x64, 0x15, 0x45, 0xDB, 0x04, 0x2A,
    0x37, 0x23, 0x15, 0x37, 0x8A, 0x06, 0xA4, 0x73, 0x14, 0x03, 0x88, 0x5E, 0x4B, 0xC5, 0x5B, 0x0F,
    0xD7, 0x9B, 0xB3, 0x63, 0xEA, 0x99, 0xC9, 0xBC, 0x69, 0xC3, 0xCD, 0xC7, 0xF7, 0x9D, 0xC4, 0x03,
    0x9F, 0x7B, 0x5D, 0xA4, 0xD6, 0xF2, 0xE9, 0x69, 0xB6, 0x5B, 0x78, 0xC3, 0x61, 0xB4, 0x45, 0x1F,
    0x54, 0x9E, 0x7F, 0x36, 0x13, 0x67, 0x9F, 0x12, 0x1D, 0x27, 0x12, 0x47, 0xDA, 0x4A, 0x08, 0x48,
    0xEA, 0xA5, 0x4E, 0x0A, 0x15, 0x46, 0x93, 0x22, 0x85, 0x96, 0xD2, 0xB0, 0x50, 0x1A, 0x10, 0x51,
    0xC0, 0x30, 0x53, 0x24, 0x65, 0x01, 0x9A, 0xF6, 0x87, 0xBB, 0x65, 0x6C, 0x0E, 0x45, 0xCF, 0xCE,
    0xA2, 0xD9, 0x8D, 0xBB, 0xA5, 0x49, 0xBB, 0x35, 0x1D, 0x66, 0x4D, 0xE0, 0x47, 0xFD, 0x9D, 0x25,
    0x49, 0xFB, 0x9B, 0xF9, 0x0E, 0xD0, 0x3D, 0x44, 0x11, 0xBD, 0x28, 0xD7, 0xB2, 0x9A, 0x98, 0xE2,
    0xC6, 0x17, 0xA6, 0x9B, 0x25, 0xDD, 0xD0, 0x63, 0x3B, 0x61, 0x85, 0x01, 0x7A, 0x0C, 0x97, 0x80,
    0xDD, 0x04, 0xA5, 0xAB, 0xED, 0x3F, 0x2C, 0x7C, 0xB1, 0x96, 0xC3, 0xCB, 0x72, 0x2E, 0xD6, 0xD3,
    0xB0, 0x5A, 0x34, 0xC5, 0xB0, 0xD8, 0x89, 0xCD, 0x9C, 0x1A, 0xFC, 0x77, 0x4A, 0xCF, 0xEC, 0x6A,
    0xD1, 0x73, 0xAD, 0x7D, 0xD3, 0x7E, 0x58, 0xC8, 0x8E, 0x61, 0xD7, 0xBD, 0xF3, 0xF0, 0xFF, 0xF5,
    0x08, 0x23, 0x9F, 0x76, 0x66, 0xD7, 0x26, 0xCC, 0x3E, 0x9A, 0xDF, 0x25, 0x5A, 0xD6, 0x44, 0xD9,
    0x72, 0x89, 0xA7, 0x10, 0xE2, 0x4A, 0x6A, 0x74, 0xAB, 0xD1, 0x00, 0x27, 0xB8, 0x05, 0xF1, 0xC6,
    0x09, 0x4F, 0x23, 0x4D, 0xA7, 0x5E, 0xC3, 0x6A, 0x33, 0x40, 0x9F, 0x68, 0xF4, 0x11, 0xB8, 0xCF,
    0x54, 0x79, 0xBA, 0xDF, 0xA6, 0x87, 0x9B, 0x82, 0x45, 0xE2, 0x9C, 0x51, 0x3C, 0x55, 0x3C, 0x94,
    0x8B, 0x3A, 0xD1, 0xD8, 0x0A, 0x0E, 0xA5, 0x86, 0xC8, 0x5B, 0x4F, 0xD5, 0xB8, 0x1B, 0xFF, 0x64,
    0x0D, 0xE1, 0xE9, 0x68, 0x0E, 0x0A, 0xAF, 0xB4, 0x20, 0x52, 0x7D, 0x14, 0xEB, 0x07, 0x6E, 0x4D,
    0x78, 0x40, 0xF5, 0x8E, 0x7B, 0x15, 0x9F, 0x3A, 0xD9, 0x2A, 0x8D, 0x68, 0x09, 0x78, 0xAF, 0xE2,
    0xD3, 0xD3, 0x4A, 0xBD, 0xF7, 0x8C, 0x51, 0xCF, 0x40, 0xFF, 0xEA, 0x41, 0x25, 0x2F, 0x37, 0x1E,
    0xC3, 0x16, 0x93, 0x34, 0x82, 0x41, 0xF8, 0x28, 0xC9, 0x45, 0xA8, 0x10, 0xDB, 0x52, 0x5E, 0x17,
    0xF2, 0x4A, 0x17, 0xDA, 0xF4, 0x24, 0xF9, 0x07, 0xC9, 0x1C, 0x26, 0x43, 0x27, 0x65, 0xDE, 0x85,
    0xF0, 0xB5, 0x30, 0xF5, 0x49, 0xFD, 0xD3, 0xD8, 0x84, 0xA7, 0x16, 0x4E, 0xE2, 0x77, 0x7D, 0xC1,
    0xBC, 0x64, 0x9F, 0x77, 0xA7, 0x21, 0x8F, 0x5F, 0x29, 0xF3, 0x68, 0x75, 0x7B, 0x4D, 0xEA, 0xD4,
    0x8A, 0xB9, 0x13, 0x31, 0x57, 0x8B, 0xD1, 0x8A, 0x14, 0x3C, 0x6D, 0x9A, 0x2B, 0x0A, 0x3A, 0xC1,
    0x4E, 0xB0, 0x69, 0xDF, 0x04, 0xBB, 0x5B, 0xFD, 0xE3, 0x05, 0x4F, 0xC2, 0x29, 0xFC, 0x39, 0x28,
    0x49, 0xF3, 0x1E, 0x34, 0xEC, 0xF4, 0xDC, 0xF6, 0x13, 0xE1, 0xBC, 0xD6, 0x37, 0x83, 0x63, 0x7F,
    0x77, 0xF0, 0x0E, 0xC3, 0x6E, 0xCF, 0x26, 0xD9, 0xB8, 0x80, 0x77, 0xC1, 0xF2, 0x88, 0x61, 0xF7,
    0x80, 0xC9, 0x64, 0x7A, 0x6A, 0xD2, 0x7F, 0x96, 0x92, 0x53, 0x92, 0x12, 0x37, 0x50, 0x4A, 0xEA,
    0xE1, 0xBB, 0x49, 0x09, 0xF5, 0xFF, 0x36, 0x64, 0x1F, 0x28, 0x82, 0x20, 0xC7, 0x22, 0x33, 0xA5,
    0x82, 0xAC, 0x94, 0x12, 0x28, 0x3E, 0xF0, 0x37, 0x2B, 0xE6, 0xBA, 0xC2, 0x2E, 0x50, 0x45, 0x56,
    0xD1, 0xB0, 0x62, 0x68, 0x30, 0x6B, 0x38, 0x0C, 0xE7, 0xBB, 0x81, 0x7B, 0x51, 0xD1, 0xA3, 0xB1,
    0xEC, 0x41, 0x7E, 0xAE, 0x4C, 0xE1, 0x11, 0xD7, 0x19, 0xC3, 0xCE, 0x9E, 0xEF, 0xF3, 0xDB, 0x6E,
    0x92, 0x0D, 0xDB, 0x22, 0xA3, 0xC4, 0x16, 0x36, 0x6C, 0xB2, 0x0B, 0x59, 0x55, 0xD2, 0x22, 0xBB,
    0x55, 0x89, 0xA1, 0x20, 0x6C, 0xB7, 0xCC, 0x87, 0xF6, 0x42, 0x09, 0xB5, 0xAC, 0x17, 0x02, 0x7B,
    0xC0, 0x6E, 0x20, 0xA4, 0x2B, 0x0C, 0x85, 0x12, 0x70, 0x45, 0xCD, 0x41, 0xF6, 0x3E, 0xC8, 0x90,
    0x26, 0x72, 0x63, 0x50, 0x4C, 0x3A, 0xCB, 0xDA, 0x33, 0x6D, 0xC7, 0x5E, 0x27, 0x0C, 0x56, 0xD8,
    0x0A, 0x99, 0xC3, 0x2C, 0x25, 0xA4, 0x9A, 0x8B, 0x6E, 0x2D, 0x28, 0x0A, 0x0F, 0x0A, 0x01, 0x82,
    0x9C, 0xCF, 0x23, 0xC5, 0xF1, 0x91, 0xE0, 0xBE, 0x46, 0xB1, 0x4A, 0x83, 0x86, 0x29, 0x15, 0x9A,
    0x95, 0xBE, 0x78, 0xE0, 0xF2, 0x2C, 0x1A, 0x85, 0x09, 0x43, 0xC0, 0xB8, 0xFA, 0xD5, 0xC0, 0xD5,
    0x36, 0x68, 0x20, 0xA0, 0xDD, 0xF5, 0xC0, 0x74, 0xC8, 0xD5, 0x43, 0x80, 0x6B, 0xC0, 0x2F, 0x54,
    0x63, 0xB6, 0xA1, 0xB1, 0x53, 0x8E, 0xAC, 0x3C, 0xD0, 0xA3, 0xA1, 0x39, 0x2D, 0xA7, 0x05, 0x0D,
    0x9C, 0x1C, 0x3C, 0x48, 0xC8, 0xBD, 0x9D, 0xD0, 0x64, 0x5B, 0x35, 0xA2, 0xE1, 0x28, 0x36, 0xAE,
    0xE9, 0xD9, 0x34, 0xCE, 0xA8, 0x89, 0x6A, 0xEA, 0xA0, 0xC6, 0xFA, 0xDB, 0x0D, 0x3C, 0x74, 0x3D,
    0xD0, 0x38, 0x3A, 0x45, 0x01, 0x24, 0xD5, 0x91, 0x50, 0x47, 0xFA, 0x1C, 0x73, 0x34, 0x27, 0xA2,
    0x48, 0x92, 0x4B, 0x99, 0x1D, 0x5C, 0xBC, 0x0B, 0xB0, 0x68, 0x0E, 0xB3, 0x9E, 0xD3, 0xBB, 0xAE,
    0xBF, 0x93, 0xE3, 0x21, 0x90, 0x0B, 0x54, 0xBE, 0x40, 0x99, 0x61, 0x36, 0x4F, 0xE0, 0x9C, 0x4A,
    0x09, 0x61, 0xAF, 0x60, 0x58, 0x02, 0x68, 0x7A, 0x32, 0x00, 0xD5, 0x6D, 0x03, 0x80, 0x30, 0xBA,
    0x65, 0xEC, 0xD0, 0xC9, 0x00, 0x54, 0xBB, 0x67, 0xA3, 0x12, 0x27, 0x85, 0xCE, 0x7D, 0x2A, 0xAF,
    0x84, 0xB3, 0x83, 0x7D, 0x08, 0xC6, 0xB3, 0xE3, 0xCD, 0x7D, 0xF2, 0x8A, 0x09, 0x0F, 0xC5, 0xA9,
    0x9A, 0x29, 0x9C, 0xDD, 0x90, 0xE6, 0xDA, 0xDD, 0x44, 0xA2, 0x41, 0xF4, 0xE0, 0xC6, 0x0B, 0x82,
    0x2D, 0x19, 0x6B, 0xC9, 0x1A, 0x4D, 0xF8, 0xF4, 0x46, 0xF7, 0x39, 0x51, 0x32, 0x87, 0xC3, 0x05,
    0xFA, 0x64, 0xDC, 0x1F, 0x6D, 0x13, 0x77, 0x7A, 0x76, 0xE2, 0x76, 0x4A, 0x13, 0x5B, 0x4C, 0xE2,
    0x8B, 0x49, 0x0B, 0x32, 0x89, 0x33, 0x26, 0x2D, 0x75, 0x2F, 0x3D, 0x25, 0x54, 0x72, 0x3F, 0xAD,
    0x9A, 0x6C, 0x56, 0x03, 0x0D, 0x61, 0x03, 0xCB, 0xB7, 0xB1, 0x67, 0xFC, 0x87, 0x57, 0x3C, 0xF7,
    0xB5, 0x67, 0x6C, 0x67, 0x21, 0x00, 0xC0, 0x99, 0x43, 0x72, 0xC9, 0x25, 0x37, 0x4B, 0x87, 0xBB,
    0x7D, 0x4F, 0xA2, 0x8C, 0x53, 0x40, 0x1E, 0x03, 0xCA, 0x66, 0xA8, 0x2E, 0xE9, 0x3C, 0x62, 0xA4,
    0xFE, 0x12, 0xA3, 0x7E, 0x7C, 0x89, 0x39, 0xC8, 0xB4, 0xEE, 0xCC, 0xB4, 0xD3, 0x72, 0x27, 0x87,
    0xD0, 0xBF, 0x7A, 0xD0, 0x4D, 0x87, 0xF2, 0x84, 0xC4, 0xFA, 0x90, 0x2C, 0x48, 0xA4, 0x82, 0x4B,
    0xBF, 0xAB, 0x39, 0x19, 0x14, 0x59, 0x80, 0xB0, 0x7B, 0x57, 0xED, 0x49, 0x23, 0xF4, 0x4B, 0x52,
    0xFE, 0x32, 0x7E, 0x71, 0x29, 0x4A, 0x32, 0x1F, 0xAC, 0x17, 0xE4, 0x48, 0xD8, 0xF9, 0xFE, 0xC8,
    0xA7, 0xF6, 0xD2, 0x1E, 0xD9, 0xBB, 0x29, 0x48, 0xFE, 0x8A, 0x91, 0x0A, 0x05, 0xBF, 0x56, 0x86,
    0x76, 0x2D, 0x63, 0x74, 0xAD, 0x64, 0x2B, 0x9C, 0x7D, 0x8D, 0xBB, 0x22, 0xE0, 0xD8, 0x88, 0xB1,
    0x79, 0xB0, 0x48, 0x69, 0x7C, 0xA1, 0xB4, 0xDE, 0xA5, 0x7A, 0xE4, 0xF2, 0xED, 0x9C, 0xF8, 0x0D,
    0x29, 0xF1, 0x7B, 0x07, 0x8F, 0xF4, 0x35, 0x6F, 0xF1, 0x44, 0x7B, 0x79, 0xC0, 0x04, 0x24, 0x5A,
    0xF9, 0x06, 0xC9, 0x28, 0x7C, 0x45, 0x9E, 0xB2, 0xBA, 0x30, 0x65, 0x0A, 0x63, 0x9E, 0x80, 0xE3,
    0x2C, 0x85, 0x28, 0x6D, 0x03, 0x63, 0x05, 0x59, 0x55, 0x81, 0x4D, 0x60, 0x58, 0xAB, 0x92, 0x2B,
    0x20, 0xCC, 0x46, 0x16, 0x18, 0x09, 0xE5, 0xAC, 0x19, 0xF1, 0x82, 0xF9, 0x38, 0xAD, 0x7A, 0x74,
    0xEE, 0xD6, 0xB5, 0x8A, 0x0B, 0x07, 0x15, 0x9F, 0xE4, 0xF7, 0xAB, 0x91, 0xC2, 0x6D, 0x27, 0x67,
    0xF6, 0x1C, 0xD1, 0x9C, 0xFE, 0xAB, 0xA4, 0xF9, 0x6B, 0x55, 0xC9, 0xE4, 0x33, 0xB2, 0x14, 0x88,
    0x47, 0x45, 0xE0, 0x4E, 0xF2, 0xC8, 0x14, 0x04, 0x31, 0x70, 0xCD, 0x64, 0x01, 0xB4, 0x37, 0x6C,
    0x99, 0x56, 0x2E, 0x29, 0x0C, 0x68, 0x56, 0xD0, 0x03, 0x1A, 0x21, 0xD9, 0x76, 0xC6, 0x94, 0x37,
    0x6C, 0x59, 0x1A, 0xC6, 0xB6, 0x4E, 0x68, 0xFD, 0x0D, 0x52, 0xEB, 0x72, 0xC9, 0x7C, 0x07, 0x32,
    0x4E, 0x6B, 0xCE, 0xFC, 0x62, 0x40, 0x66, 0xB1, 0x34, 0x58, 0x15, 0xDA, 0xB9, 0x6E, 0x5D, 0x9B,
    0xA3, 0xAD, 0x7A, 0x18, 0xB0, 0x70, 0x9A, 0xEC, 0x40, 0x5D, 0x2A, 0x47, 0x4B, 0x89, 0x8C, 0x76,
    0xB0, 0xFF, 0x04, 0x91, 0xCE, 0x0E, 0xE5, 0x7F, 0xA8, 0x3F, 0x1F, 0x0C, 0xC5, 0x97, 0xAC, 0xE7,
    0xFD, 0xA5, 0x2F, 0xBE, 0x64, 0xDC, 0x81, 0x18, 0xFE, 0x1B, 0x55, 0x08, 0xB0, 0x80, 0x59, 0xB5,
    0x98, 0x8C, 0xAD, 0x0D, 0x29, 0x07, 0x53, 0x9D, 0x95, 0x45, 0x5F, 0x2F, 0x17, 0xC7, 0xB4, 0x0D,
    0xD4, 0x2D, 0x14, 0xF5, 0x93, 0x6E, 0xE5, 0xC9, 0x03, 0x02, 0xCD, 0x46, 0x6B, 0xC0, 0x58, 0xA6,
    0x9E, 0x99, 0x80, 0x58, 0x99, 0xB8, 0x62, 0xA3, 0xF7, 0xCC, 0x62, 0xBC, 0x64, 0x21, 0x7B, 0x5E,
    0x32, 0x5F, 0xEE, 0x28, 0x3A, 0x29, 0x02, 0x3D, 0x72, 0xE9, 0xE9, 0x9D, 0x2B, 0x61, 0x68, 0x46,
    0x4E, 0x04, 0x6D, 0x67, 0xBD, 0x84, 0x97, 0x12, 0x11, 0x05, 0xD5, 0xCD, 0x58, 0xCB, 0x72, 0xB2,
    0x73, 0x49, 0x6E, 0x26, 0x9E, 0x81, 0x63, 0xCC, 0xFA, 0xC8, 0x1F, 0xF2, 0x3C, 0x4F, 0xC5, 0xDB,
    0xA8, 0x7A, 0x45, 0xA7, 0x6C, 0x06, 0x69, 0x0A, 0x69, 0x23, 0xA3, 0xC1, 0x76, 0x51, 0xE8, 0x99,
    0xA0, 0x64, 0x21, 0x29, 0x58, 0xA2, 0x70, 0xBD, 0x64, 0x51, 0xC9, 0xA6, 0x3C, 0x06, 0x32, 0x4F,
    0xF4, 0x17, 0x70, 0xE4, 0xA0, 0xD5, 0x7C, 0xD4, 0x49, 0xB8, 0x5E, 0xE9, 0x35, 0x99, 0xBB, 0xDF,
    0x1F, 0xF7, 0x0C, 0x3A, 0x55, 0xC7, 0xFC, 0xB9, 0xA4, 0xA7, 0xF4, 0x79, 0xD8, 0xEB, 0x7A, 0x8A,
    0x5A, 0xEC, 0x7A, 0x70, 0xD1, 0x0D, 0xDF, 0xCE, 0xC7, 0x61, 0x1A, 0xF1, 0xA5, 0x79, 0x7A, 0xB7,
    0x6F, 0x1A, 0xD7, 0xED, 0xC6, 0x49, 0x79, 0xE1, 0x98, 0x96, 0xA3, 0xE3, 0x9E, 0x65, 0xAF, 0xFD,
    0x1C, 0xD1, 0x5C, 0xB7, 0x17, 0x25, 0xD5, 0x71, 0x48, 0x1D, 0xCB, 0x5B, 0x1D, 0xB3, 0xA3, 0xA3,
    0xDB, 0x3B, 0x36, 0x7D, 0xCA, 0xBD, 0xA1, 0x45, 0xB1, 0x4F, 0x97, 0x6A, 0xF0, 0xEF, 0xE7, 0xBA,
    0xE0, 0x34, 0x7F, 0x3E, 0x2A, 0x31, 0x45, 0x3C, 0xCA, 0x4F, 0x96, 0x36, 0xB5, 0xF9, 0x3B, 0x0F,
    0x7A, 0x7E, 0x43, 0x35, 0x87, 0x3C, 0x64, 0x3E, 0x99, 0x80, 0xC0, 0xE5, 0xA5, 0x6A, 0x54, 0x0F,
    0xF2, 0x6A, 0x56, 0x61, 0xED, 0xB4, 0xD7, 0x4B, 0xF5, 0xFB, 0x04, 0xAE, 0xCA, 0xA5, 0xC4, 0xB8,
    0x0E, 0xAA, 0x45, 0xCC, 0x2C, 0x27, 0x21, 0x3F, 0x9F, 0xB0, 0x1D, 0x35, 0x8F, 0x28, 0xB2, 0xDD,
    0x04, 0x92, 0x29, 0x3F, 0x89, 0xF2, 0x99, 0xA9, 0xB8, 0x8B, 0x01, 0x0D, 0x3D, 0x65, 0x43, 0x69,
    0x54, 0x5E, 0xE6, 0x98, 0x50, 0x23, 0xB1, 0xED, 0x91, 0x84, 0x36, 0x2A, 0xC1, 0xC6, 0xD8, 0xB4,
    0x79, 0xFC, 0xA2, 0x7E, 0x5B, 0xF2, 0x52, 0xD2, 0x8D, 0xF3, 0x2C, 0x26, 0xC8, 0xAB, 0x2F, 0x27,
    0x79, 0xA6, 0x48, 0x61, 0xEA, 0x5A, 0x46, 0x70, 0xD4, 0xFA, 0xFA, 0x41, 0xA0, 0xA7, 0xA4, 0xA0,
    0x4D, 0x23, 0x38, 0x76, 0x23, 0x16, 0xCF, 0xE3, 0x23, 0x2F, 0x1E, 0x55, 0x41, 0xDA, 0x3A, 0x91,
    0x70, 0xCF, 0x52, 0x19, 0x43, 0x29, 0xF3, 0x69, 0xCA, 0x78, 0xDC, 0x1B, 0x49, 0x73, 0xE7, 0x1C,
    0x18, 0x23, 0x9E, 0xA7, 0xB1, 0xE2, 0x90, 0xCE, 0x65, 0x18, 0xF3, 0x9D, 0xF5, 0xE3, 0x35, 0xA0,
    0x5E, 0x2D, 0x0F, 0x71, 0xFE, 0xC8, 0x78, 0xFE, 0xD5, 0xC4, 0xAA, 0x1B, 0x0D, 0xB9, 0x9B, 0x80,
    0xB4, 0x61, 0xD9, 0xB3, 0x9E, 0xCE, 0x71, 0xCF, 0x5D, 0x50, 0xA5, 0xA7, 0xEA, 0xA7, 0x11, 0x1A,
    0x4B, 0xCF, 0x30, 0x03, 0xDF, 0x67, 0xD8, 0xB2, 0x0D, 0xFB, 0xF6, 0x04, 0x72, 0xA1, 0x32, 0xA0,
    0x0A, 0x39, 0xAC, 0x91, 0xB6, 0x3A, 0xCE, 0x61, 0xB9, 0x7A, 0xBC, 0xE1, 0x89, 0xD8, 0xBD, 0x32,
    0xF9, 0x6B, 0xD6, 0xF6, 0x53, 0x53, 0xB1, 0x72, 0x7B, 0x14, 0x04, 0xD7, 0xBD, 0xB8, 0x5B, 0xCF,
    0xB0, 0x9C, 0x05, 0x2E, 0x7F, 0xA7, 0xCE, 0x2F, 0x64, 0xBC, 0xDE, 0xF5, 0x80, 0xC0, 0x74, 0xAB,
    0x1D, 0x40, 0xBE, 0x65, 0x3D, 0xF3, 0xF3, 0xA1, 0x5E, 0x4E, 0x2A, 0xD2, 0xC7, 0x81, 0xCB, 0x1C,
    0xBE, 0xC3, 0x56, 0x33, 0x90, 0x4F, 0x23, 0x34, 0x16, 0x58, 0x5E, 0x11, 0xDF, 0xF5, 0x60, 0xAE,
    0xD7, 0xFA, 0x7C, 0xA6, 0x50, 0x0F, 0x19, 0x55, 0xA7, 0x1A, 0x61, 0x30, 0xED, 0x7A, 0x15, 0xD3,
    0xCE, 0x93, 0x6C, 0x63, 0x9E, 0xEC, 0x31, 0xE3, 0x83, 0x3F, 0xC8, 0x0B, 0x05, 0x11, 0x72, 0xB8,
    0x80, 0xD7, 0x3E, 0xC2, 0x19, 0x81, 0x1F, 0x0C, 0x75, 0x95, 0xA3, 0x31, 0x39, 0xFA, 0xAE, 0xBF,
    0x62, 0xB6, 0x9E, 0xDF, 0x62, 0xDE, 0x03, 0xB7, 0x99, 0xDF, 0xF2, 0x2D, 0x5F, 0x5A, 0x1C, 0x18,
    0xC0, 0x74, 0xA5, 0x42, 0x5D, 0xFA, 0xD4, 0xC3, 0xF7, 0xBA, 0xBA, 0x81, 0x41, 0x73, 0x60, 0xC9,
    0xF4, 0xF5, 0xD9, 0x68, 0x89, 0x28, 0xAF, 0x1E, 0x99, 0x6D, 0x04, 0xC4, 0x12, 0x4C, 0x42, 0x98,
    0x92, 0x04, 0x9E, 0x3A, 0xA9, 0xD6, 0xC3, 0x1F, 0x58, 0xFF, 0x6A, 0x32, 0xF1, 0xA3, 0x25, 0x3D,
    0x57, 0xA0, 0xE8, 0xFA, 0xA0, 0x8D, 0x63, 0xAC, 0xC9, 0x62, 0x55, 0xBE, 0xBD, 0x83, 0x71, 0x06,
    0x63, 0x1C, 0x5C, 0xE3, 0x5A, 0x06, 0x2A, 0xAA, 0xEF, 0x18, 0xA6, 0x0E, 0x50, 0xE1, 0x2F, 0xA1,
    0x61, 0x71, 0xB2, 0x71, 0xAC, 0x90, 0xAC, 0x16, 0x0C, 0x70, 0x22, 0x3D, 0x4B, 0xB1, 0x46, 0xDA,
    0xC0, 0x82, 0xD3, 0xF8, 0x73, 0xE3, 0xDF, 0x4F, 0xB3, 0x62, 0xFF, 0x41, 0xC1, 0xB4, 0xBD, 0x87,
    0xFD, 0xBF, 0x54, 0xE8, 0xA5, 0x9A, 0xD5, 0x7A, 0x54, 0xE8, 0x21, 0xC2, 0x35, 0x4F, 0x81, 0xA4,
    0xE5, 0xE5, 0xFC, 0x10, 0xD0, 0xD3, 0x8E, 0x95, 0xFC, 0x54, 0xAB, 0xE7, 0x58, 0x61, 0x49, 0x47,
    0x1F, 0xC4, 0x2C, 0xD3, 0x26, 0x23, 0xB7, 0xBD, 0x17, 0xA3, 0x29, 0xD3, 0x9B, 0x8C, 0x70, 0xF9,
    0xD6, 0xAC, 0x0A, 0x56, 0xED, 0x34, 0xD1, 0x06, 0x7E, 0x34, 0x19, 0xD9, 0x35, 0x1D, 0x40, 0x4C,
    0x3A, 0xC0, 0xD2, 0xB9, 0x7B, 0xC3, 0xA3, 0x5C, 0x16, 0x0C, 0x65, 0xC8, 0x54, 0x3F, 0xF8, 0x16,
    0xAC, 0x8E, 0x3E, 0xA9, 0x7F, 0x1A, 0x9B, 0xF0, 0x24, 0x9C, 0x32, 0x9B, 0xE8, 0xF1, 0xD5, 0x03,
    0xB1, 0xC8, 0xFA, 0x63, 0x79, 0x40, 0x9D, 0x5A, 0x1D, 0x81, 0xE9, 0x7A, 0x9A, 0x7D, 0x33, 0x6F,
    0x50, 0xB3, 0x95, 0xF1, 0x1D, 0xCF, 0x87, 0x14, 0x2B, 0x85, 0xB7, 0x5D, 0xA6, 0xD3, 0xC9, 0xEB,
    0x08, 0x6B, 0xB2, 0x34, 0xD8, 0xF6, 0xA6, 0xCF, 0xF4, 0x8A, 0x82, 0x02, 0x64, 0x1D, 0x93, 0x82,
    0x23, 0xCC, 0xE0, 0x33, 0xC6, 0x76, 0x3A, 0x01, 0x8A, 0x57, 0x29, 0x5F, 0x89, 0xCD, 0x54, 0x04,
    0x8C, 0x63, 0xB2, 0x32, 0x9B, 0xEB, 0xD0, 0xE6, 0x7F, 0xFA, 0x1E, 0x96, 0x92, 0x89, 0xE0, 0xCC,
    0x98, 0xD5, 0xCD, 0x41, 0x05, 0xE0, 0x77, 0xF9, 0x51, 0x54, 0xF9, 0x2B, 0xBD, 0x1B, 0x6A, 0x48,
    0xC6, 0xE6, 0xAB, 0xB8, 0xF8, 0x3C, 0xF6, 0xCC, 0xE3, 0x9B, 0x56, 0xC7, 0xFD, 0x08, 0x57, 0x74,
    0xC8, 0xC0, 0x17, 0x18, 0x10, 0xC7, 0xD8, 0xB1, 0x60, 0x9D, 0x1F, 0x91, 0x8D, 0xDE, 0xD2, 0x28,
    0x16, 0x70, 0xB7, 0x58, 0x11, 0x1D, 0x65, 0x9E, 0x01, 0xCD, 0x46, 0x26, 0x04, 0x16, 0xD5, 0x3B,
    0x05, 0x45, 0xAA, 0x24, 0x2A, 0xAE, 0xF3, 0x47, 0xB0, 0x56, 0xCE, 0xE9, 0xD5, 0x0E, 0x9D, 0x69,
    0x22, 0xAC, 0xEB, 0xF0, 0xB5, 0xAB, 0xDE, 0x8C, 0xA8, 0x68, 0x1E, 0x9A, 0xBE, 0x7E, 0xA9, 0xD9,
    0x9A, 0xE7, 0x9C, 0x6F, 0x78, 0xF6, 0x2C, 0xE7, 0xB4, 0xCF, 0x1B, 0x4C, 0x5C, 0x4E, 0x2F, 0x6B,
    0x58, 0x47, 0xEC, 0x5A, 0xF5, 0x07, 0xBE, 0x19, 0xB0, 0xDA, 0xCF, 0x30, 0xFD, 0xFF, 0x16, 0x8B,
    0x70, 0x26, 0xFF, 0x66, 0x2E, 0x3F, 0x1F, 0x8C, 0xBC, 0xCF, 0xC0, 0xB0, 0xBD, 0x48, 0x15, 0x2B,
    0xC5, 0x90, 0xDD, 0xA0, 0x90, 0x31, 0xBD, 0x43, 0xC1, 0x35, 0x6D, 0x3A, 0xAA, 0x62, 0x55, 0x46,
    0x89, 0x4E, 0xCE, 0xCC, 0x07, 0xB9, 0x4F, 0xBE, 0x29, 0x37, 0x52, 0xB6, 0x23, 0x6F, 0xC6, 0x51,
    0xD6, 0x1F, 0xD1, 0xA9, 0x0D, 0xC7, 0x19, 0xAD, 0x43, 0x20, 0x93, 0x05, 0x08, 0x64, 0xE1, 0xB1,
    0x94, 0x92, 0xEE, 0xAE, 0x9A, 0x32, 0x85, 0x09, 0xAE, 0x3D, 0xFC, 0x4E, 0xD3, 0xF3, 0x34, 0xBD,
    0x65, 0xA5, 0x86, 0x01, 0xA4, 0x52, 0xF3, 0x8D, 0xEF, 0xB9, 0x60, 0xD7, 0xD2, 0xF6, 0xF2, 0xE5,
    0x09, 0x22, 0x30, 0x9E, 0x52, 0x1A, 0x68, 0xBE, 0x3B, 0xBD, 0x39, 0xA0, 0xB8, 0xB3, 0x3B, 0x8E,
    0x85, 0xED, 0x39, 0x3E, 0x4E, 0x47, 0x93, 0xAB, 0x49, 0x6F, 0xA3, 0x28, 0x1C, 0x4D, 0x2F, 0x08,
    0x70, 0xCD, 0x56, 0xF1, 0xDD, 0x9A, 0xE2, 0xE0, 0x73, 0xCC, 0xB6, 0xC7, 0xE1, 0xBD, 0x24, 0x9B,
    0xE1, 0xE8, 0x69, 0xB9, 0xDC, 0x72, 0x29, 0x3A, 0x2D, 0xEE, 0xDE, 0x32, 0x7B, 0x04, 0xAD, 0x9F,
    0xE9, 0x90, 0x58, 0x82, 0x9B, 0xD3, 0x3D, 0x97, 0xBE, 0x5F, 0x0B, 0x2F, 0xD0, 0xC1, 0x52, 0xD4,
    0xA0, 0xB3, 0xE8, 0x91, 0x7F, 0xA7, 0xFB, 0xBC, 0x1E, 0x94, 0x5B, 0x26, 0xAB, 0x13, 0x0B, 0x11,
    0x6F, 0xFE, 0x40, 0xBF, 0xA1, 0x40, 0x4E, 0xA9, 0x29, 0xF7, 0xEC, 0xB5, 0x6F, 0xA6, 0xF4, 0x4C,
    0x54, 0x4A, 0xF9, 0x40, 0xD7, 0x3E, 0xDC, 0x4D, 0x18, 0x58, 0x21, 0x13, 0x42, 0x60, 0x66, 0xD2,
    0xD6, 0xDA, 0x88, 0x4D, 0x60, 0xF0, 0x39, 0x77, 0xBF, 0x82, 0x1B, 0xF9, 0x99, 0x81, 0x65, 0xFB,
    0x3F, 0xD5, 0x5A, 0x3B, 0xAF, 0xDC, 0xC6, 0x15, 0x1E, 0x92, 0xC6, 0x65, 0x22, 0x06, 0x60, 0x17,
    0x38, 0x30, 0x10, 0xBA, 0x48, 0x61, 0x18, 0x81, 0x99, 0x32, 0x45, 0xAC, 0x61, 0xA0, 0x32, 0x85,
    0x5D, 0xA4, 0xB7, 0xCB, 0x20, 0x45, 0x94, 0x1F, 0x20, 0x99, 0x8C, 0x53, 0xA4, 0xCC, 0x05, 0xF2,
    0x07, 0x5C, 0xDA, 0x6E, 0xDC, 0xAA, 0xB8, 0xD2, 0x10, 0xF6, 0x0F, 0x08, 0x01, 0x17, 0x69, 0x09,
    0x44, 0x7D, 0x26, 0x30, 0x03, 0xD3, 0xF2, 0x90, 0x93, 0xEF, 0x3B, 0x43, 0x72, 0x77, 0xEF, 0xDD,
    0xFB, 0x90, 0x6C, 0x09, 0xF2, 0x3E, 0x0E, 0xB9, 0xCB, 0x79, 0x7C, 0xE7, 0xCC, 0x9C, 0xD7, 0xCC,
    0x68, 0xE5, 0x5B, 0xBE, 0xB5, 0x0A, 0x2F, 0x7D, 0x83, 0xB7, 0x4A, 0xDA, 0xDD, 0xB7, 0x9C, 0x55,
    0xEC, 0x7D, 0x9F, 0x79, 0x3F, 0x16, 0x5F, 0x7D, 0x31, 0xE9, 0x2F, 0xDA, 0x07, 0xF5, 0x9D, 0x56,
    0x19, 0x3C, 0x9B, 0x8F, 0x7C, 0x3D, 0xBE, 0x7C, 0xCE, 0x72, 0xE5, 0x57, 0x9F, 0xCF, 0xAC, 0xC7,
    0xFA, 0x6C, 0xE7, 0xA0, 0xDD, 0xD7, 0x7C, 0xA7, 0x94, 0xF7, 0x4E, 0x25, 0xDE, 0x7B, 0x95, 0x8F,
    0xCA, 0xB4, 0x79, 0xAF, 0x8A, 0xAE, 0x68, 0x55, 0xDE, 0x80, 0x28, 0x95, 0x0B, 0xE9, 0x41, 0x32,
    0x0B, 0x92, 0x8C, 0x8A, 0x15, 0xBC, 0x0D, 0x44, 0x19, 0xB2, 0x53, 0x57, 0xE4, 0x69, 0x47, 0xF8,
    0x9F, 0x3C, 0x70, 0xAC, 0xC1, 0x6A, 0xB9, 0x7F, 0xAC, 0x1A, 0x83, 0x2A, 0x1D, 0x89, 0xFD, 0x35,
    0x3A, 0x6E, 0x5E, 0xC7, 0xFF, 0xCD, 0xC3, 0x6C, 0x4E, 0x7B, 0x6D, 0xFC, 0x7F, 0x5A, 0x60, 0x9C,
    0x55, 0xEA, 0x92, 0x89, 0xBD, 0x19, 0x55, 0x02, 0x7D, 0xA3, 0x1B, 0x5C, 0xCF, 0x11, 0x79, 0x20,
    0x45, 0xA4, 0xB0, 0x54, 0x93, 0x06, 0xA4, 0x29, 0x69, 0x54, 0x03, 0x73, 0x6E, 0x4B, 0xB0, 0x56,
    0xF4, 0x39, 0xBA, 0xD7, 0x6D, 0x06, 0xD8, 0xA6, 0x4A, 0x80, 0xC7, 0xAB, 0x68, 0x56, 0xE1, 0x26,
    0x1D, 0xF9, 0x88, 0x05, 0xCA, 0x8E, 0x85, 0x73, 0xCB, 0x8A, 0xE9, 0xE0, 0x89, 0x7A, 0x9A, 0xC9,
    0x80, 0x77, 0xC2, 0xCB, 0x20, 0x83, 0x66, 0x03, 0xEB, 0x6E, 0xA5, 0xC4, 0x78, 0x48, 0xAF, 0x7C,
    0x3A, 0xEF, 0xBD, 0x96, 0x79, 0x70, 0xF0, 0x17, 0xC7, 0x46, 0x06, 0x89, 0xA3, 0x05, 0x30, 0x60,
    0x0E, 0x23, 0x30, 0x60, 0x34, 0x28, 0x40, 0x76, 0x9E, 0x4D, 0x8A, 0x45, 0xF8, 0x1B, 0x4C, 0xAB,
    0xEC, 0x09, 0x0A, 0xEB, 0xB6, 0x9C, 0x20, 0x8B, 0xD8, 0x57, 0xF8, 0x47, 0x77, 0x33, 0x8B, 0x7A,
    0x0E, 0x96, 0xE9, 0x40, 0x34, 0x1B, 0xCA, 0x7D, 0x53, 0x76, 0x91, 0xFF, 0xC6, 0x57, 0xAA, 0xF4,
    0x68, 0x22, 0xE2, 0xC0, 0xA9, 0x42, 0x06, 0x27, 0x70, 0xA9, 0x4E, 0x9A, 0x20, 0x72, 0xA3, 0xF2,
    0x21, 0x9E, 0x89, 0xC0, 0xA1, 0x18, 0xCB, 0x95, 0xA8, 0x75, 0x5F, 0xDD, 0xF7, 0xE0, 0x4A, 0x79,
    0xDC, 0xF0, 0x9F, 0x06, 0x75, 0x52, 0xCF, 0xA6, 0xF0, 0xC3, 0xF3, 0x27, 0x30, 0xD5, 0x16, 0x42,
    0xC3, 0xFF, 0x0E, 0xDD, 0x66, 0xDF, 0xA8, 0x19, 0xE0, 0x0D, 0x66, 0x7C, 0xA5, 0x31, 0xB5, 0x6C,
    0xDE, 0xDE, 0xCF, 0xA6, 0x6C, 0x48, 0xDB, 0xB3, 0xDC, 0x46, 0xA7, 0x49, 0x3F, 0xE6, 0x60, 0x22,
    0xB6, 0x03, 0xA7, 0x58, 0x74, 0xE1, 0xD2, 0xF1, 0x32, 0x92, 0xE5, 0xD8, 0x9E, 0x65, 0x63, 0x32,
    0x24, 0xFD, 0x7D, 0xB6, 0x92, 0x76, 0x1A, 0x30, 0xDA, 0xBC, 0x2D, 0x5A, 0x08, 0x4B, 0x57, 0x19,
    0xA7, 0x65, 0x18, 0xCD, 0xD4, 0xAD, 0x20, 0x56, 0x48, 0x0B, 0x40, 0x75, 0xD7, 0x9F, 0x42, 0x1C,
    0x28, 0xEE, 0xDB, 0xB7, 0xB3, 0x4E, 0x25, 0x7D, 0xF4, 0x59, 0x5F, 0xFA, 0xDE, 0xFC, 0xA3, 0x77,
    0x69, 0xEF, 0xF2, 0xDE, 0x78, 0x5B, 0xFE, 0xCF, 0x52, 0x4C, 0x16, 0xF3, 0x00, 0x33, 0xA0, 0x6E,
    0x4C, 0x05, 0x91, 0x78, 0x15, 0x3B, 0xB4, 0x9C, 0x8E, 0xD9, 0xC0, 0x87, 0x94, 0x34, 0x1E, 0x0A,
    0x91, 0x9F, 0xF2, 0x40, 0x8A, 0x48, 0xE1, 0x50, 0x4D, 0x1A, 0x60, 0x53, 0x9C, 0xE6, 0x13, 0xC9,
    0x2C, 0x44, 0x06, 0xFB, 0x86, 0xE4, 0x93, 0x9B, 0x88, 0xF8, 0xBF, 0xFE, 0x09, 0x45, 0xFC, 0x39,
    0xE6, 0x0B, 0x44, 0x8C, 0x69, 0x33, 0xE6, 0xED, 0xDB, 0xB1, 0x4B, 0x1D, 0x44, 0x1C, 0x3B, 0xC0,
    0xEA, 0x47, 0x5E, 0x20, 0x62, 0xFE, 0x09, 0xA1, 0xA2, 0x88, 0x0D, 0x97, 0x56, 0x2E, 0x33, 0x45,
    0x1C, 0x3B, 0x5D, 0x41, 0xC4, 0xB1, 0x2B, 0x3A, 0x88, 0x38, 0x76, 0x19, 0x45, 0x4C, 0x9E, 0x28,
    0xE2, 0x8F, 0xD5, 0x27, 0x3B, 0x11, 0x4F, 0xD7, 0x8A, 0x18, 0xED, 0x87, 0x4F, 0x3C, 0xAA, 0xC2,
    0x57, 0xDA, 0x77, 0x8F, 0x52, 0x3B, 0xA2, 0x2F, 0x45, 0x3A, 0x25, 0xB6, 0xF6, 0x1D, 0xF8, 0x4A,
    0xA7, 0xC5, 0x88, 0x5C, 0x46, 0xBC, 0x97, 0x66, 0x56, 0x72, 0x79, 0xE1, 0xED, 0x75, 0xAE, 0x46,
    0x0A, 0x55, 0xF2, 0xDD, 0xED, 0xD4, 0xDE, 0x83, 0xE9, 0xE1, 0xA7, 0xA7, 0x11, 0x83, 0x65, 0x9A,
    0x54, 0x32, 0x50, 0xA5, 0x38, 0xBC, 0x7E, 0xC0, 0x27, 0x85, 0x62, 0x78, 0xFB, 0x41, 0x3C, 0xBE,
    0xA2, 0x46, 0xE8, 0x3D, 0xB9, 0xF3, 0xBD, 0x98, 0x05, 0xB0, 0xEA, 0xEE, 0x29, 0xA7, 0xE3, 0x11,
    0x05, 0x50, 0x4C, 0x3D, 0x88, 0x5C, 0x82, 0x49, 0xAB, 0xA1, 0x65, 0xB1, 0x53, 0xCF, 0x4C, 0x30,
    0x5B, 0x7C, 0x20, 0x19, 0x08, 0x55, 0x17, 0x93, 0xC3, 0xF7, 0x50, 0x37, 0xD3, 0x4F, 0x90, 0x4F,
    0x27, 0xF6, 0x66, 0xDA, 0xC8, 0xB9, 0xA9, 0xA1, 0x6A, 0x0C, 0x1F, 0x4D, 0x75, 0x9B, 0x93, 0x70,
    0x1A, 0x63, 0x5E, 0x83, 0xD4, 0x24, 0x66, 0x23, 0xF5, 0xF6, 0x40, 0x48, 0x4E, 0x92, 0x92, 0x28,
    0x43, 0x92, 0x3F, 0x07, 0xA2, 0xF7, 0x5C, 0x5C, 0xD2, 0xE4, 0xAA, 0xB0, 0xA5, 0x53, 0xF7, 0xD4,
    0x3D, 0x33, 0x96, 0x7D, 0xD2, 0x17, 0x3D, 0x98, 0xC4, 0xF5, 0xE2, 0x9B, 0xF3, 0x9C, 0x03, 0xD6,
    0xD6, 0xA9, 0x75, 0xF1, 0xE0, 0xD4, 0x38, 0xAA, 0x11, 0x14, 0xF7, 0xF5, 0xEF, 0x2C, 0xFE, 0xC7,
    0xD3, 0xAB, 0x94, 0xAE, 0xDE, 0x53, 0xBA, 0x03, 0x25, 0xAE, 0x2F, 0x57, 0x62, 0xBA, 0x24, 0x0C,
    0x47, 0x61, 0x95, 0x8C, 0xBA, 0x15, 0x07, 0x27, 0xC6, 0x2E, 0x3C, 0xAB, 0x83, 0xD7, 0x9A, 0xE5,
    0xC2, 0xBE, 0x70, 0xA1, 0xF7, 0xC3, 0x85, 0x76, 0x0B, 0x17, 0x3A, 0x0A, 0x5C, 0x8C, 0xF8, 0xB7,
    0x88, 0x86, 0x3A, 0xB1, 0x98, 0x94, 0x1A, 0x17, 0x20, 0xF0, 0x78, 0x0A, 0x8D, 0xE2, 0x45, 0x37,
    0xD9, 0x3F, 0x5B, 0x82, 0x2D, 0xDE, 0x69, 0xD9, 0xE7, 0x6D, 0x4C, 0x45, 0x4C, 0x30, 0x28, 0x18,
    0x2D, 0xFC, 0x80, 0x4B, 0xC9, 0x01, 0x75, 0xF0, 0xA1, 0x72, 0x99, 0xC5, 0xE5, 0xB2, 0x4F, 0x5C,
    0xB2, 0x21, 0xFC, 0xB2, 0x32, 0xE3, 0x09, 0x17, 0x28, 0x04, 0x6E, 0x2B, 0x17, 0xF8, 0xC3, 0x24,
    0xF8, 0x60, 0x5C, 0xA2, 0x80, 0x93, 0xAA, 0xB1, 0x83, 0x5B, 0x04, 0x9C, 0x74, 0xCB, 0xB8, 0x88,
    0x63, 0xB3, 0x30, 0x08, 0x98, 0x83, 0xE8, 0x1C, 0x2A, 0x4A, 0xB8, 0x1F, 0xA4, 0xC2, 0xF9, 0xAB,
    0xC2, 0x79, 0xB5, 0x72, 0x0E, 0xC5, 0x07, 0x5C, 0x36, 0x00, 0x11, 0x51, 0x22, 0x79, 0xF8, 0x03,
    0x9C, 0xD3, 0x26, 0xA0, 0x20, 0x1B, 0x9D, 0x45, 0xEF, 0x65, 0x38, 0xBC, 0x25, 0x5C, 0xEA, 0x3F,
    0x4D, 0xC3, 0xAD, 0x06, 0x46, 0x40, 0x5C, 0xAF, 0xD2, 0x77, 0x46, 0xC1, 0xF8, 0x4B, 0x68, 0x55,
    0x34, 0x85, 0xB0, 0x40, 0x14, 0x18, 0x0D, 0x4B, 0x4C, 0x01, 0xB5, 0x13, 0x1F, 0x47, 0x6F, 0x26,
    0x76, 0x6F, 0x14, 0xA4, 0x28, 0x17, 0xB9, 0x70, 0x95, 0xE2, 0xA8, 0x2F, 0x5E, 0xB0, 0x4E, 0xC6,
    0xB2, 0xC5, 0x13, 0x68, 0xA6, 0xA6, 0x4B, 0x87, 0x7A, 0x22, 0x74, 0x61, 0x49, 0xE0, 0xD3, 0x2E,
    0x34, 0x7C, 0x26, 0x12, 0xEC, 0xA3, 0x21, 0x78, 0xE2, 0xA4, 0x77, 0x12, 0xA7, 0xE4, 0xAD, 0x13,
    0x5D, 0xD2, 0x15, 0xA5, 0x85, 0xE2, 0xD0, 0x22, 0x05, 0xFE, 0xE5, 0x2A, 0x51, 0x4E, 0x60, 0x51,
    0xAE, 0x5B, 0x08, 0x23, 0x9E, 0xD2, 0x1F, 0x10, 0xE5, 0xD4, 0xC1, 0xEB, 0xF7, 0xA1, 0xFB, 0x85,
    0xC8, 0xF8, 0x31, 0xE6, 0x90, 0xA0, 0x21, 0xE2, 0x44, 0xC8, 0x38, 0xB2, 0x05, 0x07, 0x54, 0x9A,
    0x37, 0xFB, 0x8A, 0xFD, 0x2A, 0x89, 0x06, 0x17, 0xF8, 0xBB, 0xEE, 0x62, 0xFA, 0x2A, 0x4C, 0x85,
    0x8C, 0xB1, 0x80, 0x32, 0x52, 0xE8, 0x81, 0xDA, 0x4C, 0x42, 0xA8, 0xBA, 0xC4, 0x15, 0x1C, 0xBA,
    0x63, 0xAF, 0x5C, 0x22, 0x96, 0x52, 0xCC, 0xA4, 0x88, 0x44, 0xD5, 0x52, 0xD9, 0x48, 0xE5, 0x09,
    0xC3, 0x89, 0xF9, 0x42, 0x61, 0x53, 0x96, 0xA0, 0x03, 0xE7, 0x75, 0x46, 0x05, 0x81, 0x14, 0x38,
    0x28, 0x98, 0xD0, 0x83, 0x08, 0x8E, 0xF2, 0x68, 0x38, 0x0E, 0x75, 0x18, 0x6D, 0xE9, 0x9F, 0x76,
    0xB6, 0x8A, 0x49, 0x1B, 0x5A, 0x23, 0x28, 0x29, 0x27, 0x65, 0xC7, 0x8A, 0xA2, 0x65, 0x68, 0x8A,
    0x01, 0x55, 0x32, 0x8A, 0x9E, 0x48, 0x47, 0x31, 0xFB, 0x7F, 0x2B, 0x18, 0x31, 0xB5, 0x31, 0x1F,
    0x0C, 0x39, 0x3B, 0x3F, 0xF6, 0x2A, 0x85, 0x3B, 0x2D, 0xBC, 0xD4, 0x52, 0xD2, 0x04, 0xFB, 0x38,
    0x09, 0x7E, 0xD1, 0xBE, 0x91, 0xAD, 0x61, 0x2E, 0x37, 0xD2, 0x29, 0x03, 0xBF, 0x9E, 0xCD, 0x15,
    0x8C, 0x63, 0x81, 0x3F, 0x13, 0x35, 0x49, 0x64, 0x0A, 0x2F, 0xE1, 0x9F, 0x13, 0x41, 0x4A, 0x40,
    0x8D, 0x98, 0x46, 0xF0, 0x57, 0xA9, 0xF0, 0x92, 0x89, 0x22, 0x88, 0x10, 0xBA, 0x62, 0x0B, 0x08,
    0x11, 0x45, 0x89, 0xA0, 0x4C, 0x15, 0x06, 0x36, 0xAE, 0x76, 0xD8, 0x4C, 0x18, 0x6D, 0x3E, 0xCA,
    0x6D, 0xD1, 0x5D, 0xCB, 0x45, 0x18, 0x8B, 0x85, 0x8B, 0x79, 0xC7, 0x85, 0xD3, 0x47, 0xB9, 0xC8,
    0x3B, 0x89, 0x4E, 0x45, 0xBC, 0xE0, 0x62, 0x3C, 0xE4, 0x62, 0x3E, 0xCF, 0x45, 0x18, 0x8B, 0x3D,
    0x2E, 0xFA, 0x4B, 0xB9, 0x88, 0xE6, 0xC8, 0x8A, 0x03, 0xE7, 0x90, 0xC9, 0x44, 0x2B, 0x7E, 0x6B,
    0xAA, 0xA3, 0xF8, 0x8B, 0x80, 0x7F, 0x3C, 0x8F, 0x3F, 0x44, 0xB1, 0x82, 0x9F, 0x71, 0xC4, 0x3A,
    0xDC, 0xA9, 0x2D, 0xDA, 0x75, 0x1A, 0x84, 0x29, 0x71, 0x80, 0xBF, 0x8A, 0x83, 0x66, 0x4D, 0xCB,
    0x74, 0x8A, 0x76, 0xF8, 0x9B, 0x1D, 0xFE, 0x42, 0xC2, 0xF2, 0x15, 0x7F, 0x29, 0x61, 0x79, 0x98,
    0x4B, 0x75, 0x23, 0xF8, 0xD3, 0x2E, 0x95, 0x47, 0xB9, 0x5D, 0x69, 0xF8, 0xE7, 0xD2, 0xD7, 0x65,
    0x1A, 0xE1, 0xFD, 0xA6, 0x11, 0xF1, 0xBE, 0x46, 0xD8, 0xE3, 0x1A, 0xA1, 0x83, 0x46, 0x54, 0x51,
    0xE0, 0xE2, 0x3A, 0x8D, 0xC8, 0xF7, 0x35, 0xA2, 0xBD, 0xA8, 0x11, 0x12, 0x5E, 0xAD, 0x52, 0x0D,
    0x76, 0x45, 0xB2, 0xA7, 0x21, 0xDF, 0xD1, 0xB3, 0xDB, 0x82, 0xDC, 0xED, 0xE8, 0x82, 0x7F, 0xDE,
    0xE1, 0x9F, 0x99, 0x82, 0x2D, 0xF8, 0xDD, 0x81, 0x46, 0xDB, 0x0D, 0x7F, 0x97, 0x8C, 0x1B, 0xFE,
    0xE6, 0x72, 0xFC, 0xED, 0x82, 0x7F, 0x58, 0x2B, 0xAE, 0xF8, 0x8B, 0x7D, 0x8D, 0x6E, 0x17, 0x8D,
    0xE6, 0xE4, 0x09, 0x10, 0xCA, 0xF5, 0xA6, 0x5E, 0x6F, 0xFC, 0x12, 0xA5, 0x25, 0xEB, 0x4D, 0xF6,
    0xF5, 0x72, 0x93, 0x7F, 0xB5, 0xDC, 0xE8, 0x2F, 0x96, 0x1B, 0x73, 0x27, 0xDC, 0x44, 0x7E, 0x89,
    0xED, 0x12, 0xB7, 0xDC, 0xE4, 0x43, 0x12, 0xA2, 0xCD, 0xD2, 0x2E, 0x37, 0x75, 0xBB, 0xDC, 0x60,
    0xC6, 0x8F, 0xA1, 0x83, 0xC5, 0x90, 0x64, 0x6E, 0xB5, 0x28, 0xDE, 0x87, 0x4E, 0xF5, 0x7A, 0x63,
    0x96, 0x9B, 0xC8, 0xAF, 0x31, 0xE4, 0x1A, 0x88, 0xE6, 0xF4, 0x98, 0xC4, 0x4C, 0x45, 0x95, 0x9B,
    0xBA, 0x5D, 0x6E, 0x54, 0x24, 0xE6, 0xB7, 0x10, 0x05, 0xF1, 0x21, 0x4F, 0x86, 0xAD, 0x10, 0xD3,
    0x6E, 0xDA, 0x42, 0x2C, 0x0C, 0x45, 0xF1, 0x4A, 0x48, 0x81, 0x17, 0xD3, 0xEC, 0x77, 0xF6, 0xED,
    0x52, 0xEA, 0xF7, 0x4C, 0x79, 0xA8, 0x1B, 0xDA, 0x61, 0x9B, 0x45, 0x47, 0x48, 0xE4, 0x12, 0x7D,
    0x31, 0x56, 0x65, 0x94, 0x5D, 0x8A, 0xAA, 0x46, 0x7E, 0x66, 0xE1, 0x5C, 0x6D, 0x09, 0xE9, 0x32,
    0x25, 0x10, 0x6A, 0xE1, 0xF5, 0xEE, 0x99, 0xB4, 0x3D, 0x6C, 0x0E, 0xE2, 0x37, 0x5B, 0x2F, 0x7A,
    0xCB, 0xE3, 0xE3, 0xE1, 0x82, 0x72, 0xC8, 0x88, 0xEF, 0xC8, 0x4D, 0x33, 0x15, 0x4F, 0xB9, 0xEC,
    0xC8, 0x53, 0x54, 0xDB, 0xEF, 0x0D, 0xC3, 0xD6, 0xAC, 0x78, 0xA9, 0xDD, 0x52, 0x28, 0x79, 0xD9,
    0x40, 0x46, 0xA7, 0x94, 0x9F, 0x93, 0x29, 0xC5, 0x32, 0x0C, 0x23, 0xC7, 0xCC, 0xBE, 0x54, 0x20,
    0xA3, 0x21, 0x1A, 0xA8, 0x38, 0x2E, 0x10, 0xF9, 0x79, 0xEC, 0xF5, 0xEC, 0x20, 0xED, 0x1E, 0x79,
    0x46, 0x90, 0x85, 0xC4, 0xAD, 0x30, 0x26, 0x0C, 0x34, 0xDD, 0x3E, 0x28, 0x17, 0x3E, 0x70, 0x10,
    0xCF, 0xF6, 0xD9, 0x5A, 0x50, 0x71, 0xCF, 0xC8, 0x12, 0x21, 0x08, 0x54, 0xEB, 0x39, 0x75, 0xF1,
    0x33, 0xB6, 0x87, 0x39, 0x00, 0x41, 0xE4, 0xFF, 0x66, 0xF8, 0xEE, 0x0F, 0xBC, 0x27, 0xEC, 0xCE,
    0xF6, 0x15, 0x05, 0xFC, 0x9E, 0xBE, 0xFB, 0xED, 0x1E, 0x2E, 0xCB, 0x1C, 0x61, 0x93, 0x15, 0x9E,
    0xE9, 0xB3, 0x13, 0x94, 0xAC, 0x5D, 0xD0, 0x2F, 0x0C, 0x4B, 0xA4, 0x01, 0x21, 0x9C, 0xF8, 0x96,
    0x4E, 0xBC, 0xB4, 0xA4, 0xD9, 0x18, 0x4B, 0x28, 0x4D, 0x1A, 0x4D, 0x12, 0xFD, 0xCE, 0x42, 0xBD,
    0x50, 0x23, 0xBE, 0xE0, 0x80, 0x86, 0xFF, 0xF7, 0xCA, 0xCC, 0xBB, 0xBA, 0xA1, 0x9D, 0xD0, 0xA6,
    0xB4, 0xCF, 0xBE, 0x42, 0xBF, 0x2B, 0x86, 0x59, 0x42, 0x6B, 0x98, 0x8C, 0x92, 0x6A, 0x09, 0x39,
    0x54, 0xEA, 0xEC, 0x64, 0xBA, 0x30, 0xC5, 0x3B, 0xF6, 0xC7, 0xE4, 0x88, 0x56, 0xDF, 0x70, 0x41,
    0xCE, 0x30, 0x60, 0x31, 0x33, 0x19, 0x9C, 0x31, 0x03, 0xCD, 0xCC, 0xF5, 0xAE, 0x19, 0x0E, 0xD2,
    0xCC, 0xC8, 0x5C, 0xCC, 0x0C, 0x8D, 0x31, 0x33, 0x12, 0x14, 0x98, 0x7C, 0x4F, 0x52, 0x37, 0x86,
    0xA9, 0x27, 0x48, 0xD1, 0x83, 0xE4, 0x16, 0x04, 0xF1, 0x13, 0x33, 0x79, 0x7A, 0x05, 0x4F, 0x62,
    0x48, 0x34, 0x31, 0x95, 0x24, 0x39, 0x09, 0xFC, 0x83, 0x7A, 0x5F, 0x7C, 0x99, 0x38, 0x9E, 0x90,
    0xF2, 0x2C, 0x46, 0x5E, 0x96, 0x54, 0x55, 0x7C, 0x7A, 0x54, 0x2D, 0x8F, 0x38, 0x9B, 0x06, 0x0E,
    0x20, 0x13, 0x67, 0x20, 0x8E, 0x61, 0x89, 0xE4, 0x6A, 0x09, 0xB6, 0x42, 0xE0, 0xE5, 0x25, 0x88,
    0x9C, 0xB7, 0x80, 0xF2, 0x18, 0xF5, 0x5B, 0xA0, 0xB9, 0x86, 0x38, 0xA1, 0x1D, 0x46, 0x76, 0x85,
    0xCD, 0x5C, 0x70, 0x36, 0xCD, 0xE2, 0x6C, 0xDC, 0x8A, 0x21, 0xE0, 0x51, 0xEA, 0xC7, 0xCB, 0x9A,
    0xF5, 0xE6, 0xB7, 0x64, 0xD4, 0x96, 0xDC, 0xE3, 0x56, 0xF3, 0x43, 0xE2, 0x25, 0x64, 0x1A, 0x92,
    0x4B, 0x44, 0x12, 0xBF, 0x86, 0xB0, 0xF2, 0xD6, 0xE9, 0xAD, 0xD3, 0x1F, 0x0E, 0x17, 0x98, 0x57,
    0x3D, 0xA7, 0xD9, 0x5F, 0x43, 0xEC, 0xCE, 0x2A, 0x7F, 0xA3, 0x1B, 0x2D, 0xD5, 0x9F, 0x7E, 0x40,
    0x63, 0xF1, 0xB4, 0x11, 0xFC, 0xCB, 0xAA, 0x1D, 0x12, 0x8D, 0xFD, 0x5C, 0xC9, 0x9A, 0x53, 0x61,
    0x11, 0x5E, 0xA6, 0x2E, 0xE5, 0xE2, 0x39, 0x73, 0xFD, 0x9A, 0x66, 0xA8, 0xA0, 0x67, 0x90, 0xA5,
    0xFB, 0xC2, 0x4B, 0x78, 0x8C, 0x60, 0xC2, 0xBF, 0x67, 0x55, 0x3A, 0xA1, 0x5C, 0x31, 0xA0, 0x86,
    0x86, 0xA3, 0x6A, 0xF2, 0x4A, 0x15, 0x2A, 0x62, 0x0C, 0x28, 0x4D, 0xBF, 0xCE, 0x6E, 0xEC, 0x20,
    0x46, 0xD3, 0x4A, 0xF7, 0xED, 0xC2, 0x2A, 0x8D, 0x1A, 0x59, 0x8D, 0x3C, 0xF3, 0xC5, 0xF4, 0x4B,
    0x42, 0x2F, 0x3E, 0x24, 0xAB, 0xB7, 0x85, 0xD5, 0x91, 0x8C, 0xC1, 0xB9, 0x82, 0xE6, 0x2D, 0xA9,
    0x16, 0x56, 0xCF, 0xC8, 0x2A, 0x62, 0x3F, 0xB0, 0x0A, 0x31, 0xC7, 0xAE, 0x7E, 0xAF, 0x22, 0xAB,
    0xB3, 0xA4, 0x26, 0xA3, 0x6C, 0x95, 0x08, 0xAB, 0x39, 0xFB, 0x92, 0x68, 0xDE, 0xA9, 0x7B, 0x25,
    0x59, 0x7D, 0x3D, 0x16, 0xA3, 0x7B, 0xA2, 0xB6, 0xED, 0xA0, 0x6D, 0x27, 0x28, 0x2C, 0x49, 0xBC,
    0x79, 0x61, 0xB0, 0x58, 0xDE, 0x7C, 0xDF, 0x84, 0xD2, 0xF3, 0x46, 0xB2, 0x9D, 0x06, 0xD9, 0x07,
    0x23, 0x30, 0x57, 0x8C, 0xAA, 0x1C, 0x32, 0x06, 0x4D, 0x4C, 0x24, 0x2B, 0xF5, 0x9A, 0x7F, 0x2C,
    0x81, 0xF0, 0x1A, 0xE7, 0x4A, 0x84, 0x26, 0x89, 0xB9, 0x6C, 0x4D, 0xFD, 0xE1, 0x65, 0x43, 0xFA,
    0x48, 0xD2, 0x17, 0x26, 0xCC, 0xB2, 0x5A, 0xF6, 0xA1, 0xE3, 0xFA, 0xFF, 0x1F, 0x5F, 0x2E, 0x90,
    0x12, 0x5E, 0xC8, 0x72, 0xAB, 0x90, 0x73, 0xD1, 0xC6, 0x4B, 0x33, 0xE6, 0x97, 0x2C, 0x2E, 0x65,
    0x47, 0x6D, 0x4A, 0xD8, 0x22, 0xE4, 0x44, 0x2E, 0xFA, 0x6C, 0xCB, 0xEB, 0x4D, 0x13, 0x87, 0x8C,
    0xD8, 0x4B, 0x76, 0x5B, 0xCB, 0x92, 0x45, 0x19, 0xD6, 0x22, 0x2C, 0x6D, 0x4C, 0xB6, 0xAC, 0x42,
    0x70, 0xA9, 0x24, 0x9A, 0xFD, 0x6E, 0x8B, 0x30, 0x2C, 0x8F, 0x84, 0xA5, 0x1E, 0xC9, 0xB2, 0x9E,
    0x89, 0x5E, 0x11, 0x43, 0xCF, 0x62, 0x7D, 0x46, 0x25, 0xBB, 0x49, 0x33, 0xE2, 0x22, 0xD9, 0xEF,
    0x63, 0xEC, 0x5E, 0x1E, 0x21, 0x7C, 0x10, 0xFB, 0x4A, 0x0A, 0x2F, 0xD5, 0xD0, 0xC0, 0xD5, 0x71,
    0xBA, 0xBA, 0x8B, 0x9C, 0x3A, 0xA5, 0xDA, 0x17, 0x0C, 0xB8, 0x34, 0xA4, 0xDB, 0x40, 0xE8, 0xBA,
    0xF5, 0x07, 0x2D, 0x37, 0x33, 0x73, 0xE8, 0x99, 0xD9, 0xFD, 0xCC, 0x9D, 0x44, 0x90, 0x00, 0xA8,
    0xD9, 0x6D, 0x40, 0x8A, 0x51, 0xB9, 0x48, 0xE4, 0x41, 0xC9, 0x22, 0xA6, 0x25, 0x2E, 0xB6, 0xC2,
    0x25, 0x6F, 0x73, 0xBA, 0xE4, 0xAF, 0x22, 0x50, 0x59, 0x03, 0x16, 0x47, 0x7D, 0x24, 0x09, 0x54,
    0x25, 0xF8, 0xE0, 0x5E, 0x56, 0xD8, 0xA3, 0x2C, 0xB8, 0x4B, 0x8A, 0x38, 0x6E, 0xA6, 0xE5, 0x34,
    0xEB, 0xF8, 0x9F, 0x78, 0xEE, 0x6C, 0x87, 0x55, 0x25, 0x58, 0xB2, 0x53, 0xAD, 0xEA, 0x8E, 0x1B,
    0x14, 0x7C, 0xCA, 0xCE, 0xC3, 0xB2, 0x87, 0x64, 0xF2, 0xF5, 0x13, 0xCC, 0x20, 0xF0, 0xAB, 0xAB,
    0xD8, 0x3F, 0x2E, 0xB9, 0xFC, 0xD6, 0xDE, 0x24, 0x17, 0xBD, 0x0A, 0x46, 0xBD, 0x46, 0x4B, 0x27,
    0x66, 0x1F, 0xC6, 0xFC, 0x2E, 0x60, 0xB4, 0x01, 0x86, 0xDE, 0x87, 0xD1, 0x64, 0x12, 0xCE, 0x0B,
    0x8C, 0x12, 0x30, 0x86, 0xA2, 0x39, 0x96, 0x6D, 0xCA, 0x1E, 0xC6, 0x35, 0x30, 0x7A, 0xC2, 0x68,
    0xCE, 0x49, 0xE3, 0xA7, 0x5E, 0x5C, 0x16, 0x87, 0x96, 0x30, 0xAA, 0x1D, 0x8C, 0x45, 0x1A, 0x5C,
    0x84, 0x3B, 0x84, 0xB1, 0x4A, 0x83, 0x33, 0x27, 0x91, 0xDD, 0x68, 0xEF, 0xBB, 0x17, 0xDC, 0xB9,
    0x44, 0x03, 0xBB, 0x5D, 0x9D, 0xCB, 0x83, 0x83, 0x0D, 0x46, 0x4E, 0x18, 0x25, 0x61, 0xE8, 0xEF,
    0x00, 0xA3, 0x0E, 0x30, 0x66, 0x81, 0x81, 0x86, 0x44, 0xEA, 0x7A, 0x5A, 0x8D, 0xD1, 0x58, 0x82,
    0x58, 0x2E, 0xC0, 0xB8, 0x72, 0xFD, 0x4F, 0xD6, 0xE3, 0xC2, 0x52, 0xDE, 0x8B, 0x1A, 0x99, 0x92,
    0x9B, 0xF4, 0x8D, 0x9C, 0x17, 0x30, 0x61, 0x7C, 0x9E, 0x48, 0x23, 0x7D, 0x8C, 0x5F, 0xA6, 0xC1,
    0x14, 0x82, 0x53, 0x11, 0xBF, 0x67, 0x9A, 0xE0, 0x04, 0xC3, 0xA6, 0xD6, 0x09, 0xE3, 0x09, 0x3F,
    0xC8, 0xAA, 0x2B, 0xAE, 0xF9, 0x72, 0xD5, 0xEC, 0x3C, 0x14, 0xD6, 0x8B, 0x41, 0x58, 0xA7, 0xBF,
    0x91, 0x83, 0x0D, 0x00, 0xD2, 0x23, 0x11, 0x30, 0x4D, 0xF6, 0x2D, 0x32, 0xA4, 0x16, 0x70, 0xBE,
    0x64, 0x7F, 0x40, 0x54, 0x31, 0xB9, 0x02, 0x28, 0xE0, 0xC1, 0xA4, 0x2D, 0x68, 0x1D, 0x7C, 0x4F,
    0x33, 0x52, 0x0C, 0x09, 0xE7, 0xED, 0x43, 0xC6, 0x63, 0x66, 0x51, 0xA5, 0xF3, 0x5F, 0xBF, 0x64,
    0x46, 0x2C, 0x57, 0x0C, 0x31, 0x0F, 0xAA, 0x38, 0x91, 0x1A, 0x8F, 0x1D, 0xF0, 0x80, 0x0A, 0xB7,
    0x8B, 0x99, 0x50, 0x31, 0xC8, 0x7A, 0xA5, 0x94, 0x83, 0x30, 0x32, 0x22, 0x6F, 0x6D, 0x96, 0x42,
    0x98, 0x0C, 0xB9, 0x88, 0xBB, 0x38, 0x39, 0x5E, 0x83, 0x90, 0x22, 0x66, 0x8E, 0xB2, 0x57, 0x9D,
    0x83, 0xF1, 0x4A, 0x4E, 0x91, 0x70, 0x43, 0xAB, 0x7B, 0xC4, 0x51, 0x3B, 0xB7, 0x7B, 0xBC, 0xB3,
    0x87, 0x7B, 0x47, 0x5B, 0x5A, 0xF5, 0xAA, 0x2A, 0x28, 0x57, 0x19, 0xA9, 0x48, 0x56, 0x12, 0x0B,
    0xD9, 0xA3, 0x4F, 0xBA, 0xD5, 0x80, 0x97, 0xEB, 0xB6, 0x4E, 0x74, 0x63, 0x18, 0x7A, 0x1F, 0xC6,
    0xA7, 0x9F, 0x7E, 0x76, 0x3D, 0x8C, 0x37, 0x2E, 0x81, 0xF1, 0xFE, 0x7A, 0x96, 0x43, 0x7E, 0xD6,
    0xEF, 0x58, 0xF8, 0xAF, 0xC4, 0xBD, 0x60, 0x69, 0xDC, 0x74, 0xF9, 0xE9, 0x7B, 0x83, 0xF1, 0x0B,
    0xC2, 0x08, 0x9B, 0x37, 0x7B, 0x30, 0xDE, 0xE0, 0x2E, 0x5A, 0x53, 0x76, 0x98, 0x13, 0x1F, 0xCB,
    0x2C, 0x99, 0xF5, 0x5C, 0xD2, 0x45, 0x5D, 0xFD, 0xFE, 0x11, 0x35, 0x2F, 0x76, 0xA9, 0x0D, 0x19,
    0xAD, 0x19, 0xF9, 0x4E, 0xAE, 0x79, 0x53, 0xA7, 0xB9, 0x6F, 0x99, 0x7C, 0x4B, 0x1D, 0xF7, 0xEA,
    0xCD, 0xEA, 0xCD, 0x6D, 0x19, 0x28, 0xC6, 0xFF, 0xEB, 0x57, 0xE5, 0xDF, 0xED, 0x7B, 0x74, 0xA9,
    0x27, 0xA3, 0x65, 0x68, 0x78, 0x3A, 0x41, 0x3F, 0xE5, 0x27, 0x84, 0x40, 0x8F, 0x7F, 0x42, 0xF7,
    0xF2, 0x88, 0xC4, 0xAD, 0x07, 0x82, 0x4A, 0xEA, 0xDA, 0x43, 0x16, 0xF9, 0xF3, 0x7A, 0xFC, 0xEB,
    0xEE, 0x9C, 0x75, 0xD0, 0xC9, 0x7F, 0xF5, 0x30, 0x16, 0x5F, 0xDB, 0x12, 0xA3, 0xC5, 0xEC, 0x43,
    0x5B, 0xB3, 0x1C, 0x35, 0x3A, 0xEF, 0xEE, 0x7B, 0xBF, 0x1E, 0x0B, 0x08, 0x07, 0x66, 0x58, 0x83,
    0x56, 0x70, 0x0A, 0x63, 0x2E, 0xAA, 0xAD, 0xFC, 0x5F, 0xB8, 0x9A, 0xCF, 0x28, 0xCE, 0x66, 0xCD,
    0xDD, 0x4D, 0x66, 0x63, 0xE6, 0x2B, 0x57, 0xFB, 0x7E, 0xE2, 0x01, 0x8D, 0x3E, 0x73, 0xBE, 0x49,
    0x90, 0xD8, 0x44, 0xCC, 0xD1, 0x98, 0xAD, 0xF1, 0x3B, 0xDF, 0xF4, 0xAB, 0x64, 0xDF, 0x44, 0xC2,
    0x7E, 0xD1, 0x4D, 0xB1, 0x82, 0xC7, 0x94, 0x93, 0x09, 0xDA, 0x6E, 0x3A, 0x16, 0x23, 0x02, 0x27,
    0x01, 0x2E, 0x47, 0x0B, 0xE4, 0x78, 0xC3, 0x25, 0xF1, 0x4C, 0x26, 0x32, 0xE8, 0x51, 0xAE, 0xE8,
    0xA4, 0x86, 0xD4, 0x4D, 0x77, 0xAC, 0x4A, 0xEA, 0xA7, 0xD2, 0x76, 0x0D, 0x68, 0xB6, 0xAD, 0xDF,
    0x78, 0x7C, 0xF1, 0x30, 0x3E, 0x52, 0xC1, 0x9C, 0x86, 0x9F, 0xE6, 0x3D, 0xEE, 0xE7, 0x27, 0xE3,
    0x8B, 0x86, 0x11, 0xBC, 0x45, 0x38, 0x71, 0xD8, 0xBF, 0xE0, 0xCE, 0x6F, 0x6C, 0xA0, 0x9E, 0xF7,
    0x50, 0x5C, 0x7B, 0xA0, 0x80, 0x56, 0xCF, 0xED, 0xC8, 0x05, 0x80, 0x57, 0x36, 0x50, 0xF8, 0x3B,
    0x4D, 0x24, 0x7B, 0x78, 0xE2, 0xA2, 0x81, 0x80, 0x13, 0xCF, 0xB7, 0x3C, 0x62, 0x02, 0xF4, 0xF9,
    0xDF, 0x81, 0x5E, 0x13, 0xAE, 0x03, 0x89, 0x2D, 0x48, 0xD6, 0x82, 0x14, 0x15, 0xD0, 0xDF, 0x27,
    0xFA, 0x91, 0xE8, 0xED, 0x8A, 0x5E, 0x13, 0xFD, 0x43, 0xA2, 0xFF, 0x95, 0xA0, 0xB7, 0x8B, 0x16,
    0xCD, 0x8B, 0x76, 0xC9, 0x92, 0xC0, 0x7E, 0x1A, 0x18, 0xBB, 0xA7, 0xFB, 0x52, 0xC5, 0xF9, 0xCD,
    0x9C, 0x69, 0x4B, 0xA7, 0xFD, 0xE4, 0x0A, 0x3F, 0x20, 0x0C, 0x68, 0xD0, 0xCB, 0xDB, 0x21, 0x47,
    0x96, 0xC3, 0x2D, 0xC3, 0xF3, 0xED, 0xEB, 0x84, 0x71, 0x48, 0x2F, 0x09, 0x1D, 0x4B, 0xE4, 0x7D,
    0xD9, 0x3E, 0xAF, 0xBE, 0x8A, 0xAA, 0xA8, 0x78, 0x12, 0x89, 0x6F, 0xDE, 0x5F, 0x4C, 0xA5, 0xBF,
    0x6B, 0x5F, 0xF3, 0x9E, 0x0C, 0xE3, 0x6D, 0xE1, 0x46, 0x1F, 0xC4, 0x28, 0xF1, 0x47, 0xFB, 0x7D,
    0xCA, 0x89, 0x1E, 0xBD, 0x9C, 0x03, 0xF5, 0xB2, 0x74, 0xC4, 0x03, 0x34, 0x3C, 0xCE, 0x19, 0x3B,
    0x39, 0x2F, 0x84, 0x84, 0x1A, 0x3E, 0x95, 0xA7, 0x04, 0x31, 0xD9, 0xE8, 0x98, 0x26, 0x36, 0xFA,
    0x01, 0xC5, 0xA4, 0xE9, 0x31, 0x74, 0xBD, 0xAE, 0x71, 0xE5, 0x73, 0xD8, 0x8C, 0x0D, 0x87, 0x06,
    0x97, 0xFD, 0x56, 0xBB, 0xC6, 0x69, 0x72, 0xB2, 0x21, 0xAC, 0x79, 0x54, 0x61, 0xFB, 0xF5, 0xBA,
    0x6D, 0xA4, 0x8C, 0xC9, 0x6B, 0xCD, 0x8D, 0x31, 0x2A, 0x83, 0x1F, 0xD2, 0x99, 0xE1, 0x2D, 0x53,
    0x38, 0x6E, 0xBC, 0x5C, 0x91, 0x07, 0x97, 0xAD, 0x3C, 0x65, 0x44, 0x5D, 0x85, 0x1A, 0xAC, 0x2B,
    0xAD, 0x84, 0xF6, 0xE0, 0x6F, 0xAE, 0xE9, 0xFC, 0x06, 0x46, 0x83, 0xA2, 0x13, 0x5F, 0x57, 0x41,
    0x16, 0x35, 0xF9, 0xF3, 0x5C, 0x23, 0x9B, 0x20, 0x3A, 0xC8, 0x2F, 0x19, 0x58, 0x77, 0x4C, 0xB8,
    0xF4, 0x46, 0xFE, 0x27, 0xCA, 0xEF, 0x11, 0x85, 0x50, 0xD3, 0xC5, 0x6A, 0xCA, 0xAF, 0x94, 0x13,
    0x24, 0x3B, 0xD1, 0x4D, 0xEB, 0x21, 0xA2, 0x20, 0xBA, 0x61, 0x3B, 0x47, 0xDD, 0x1F, 0x88, 0x8E,
    0xC5, 0xFE, 0x0F, 0xD5, 0x5C, 0xBD, 0x92, 0xDC, 0xC6, 0x11, 0x1E, 0x00, 0xF6, 0xC1, 0x45, 0x04,
    0x48, 0x54, 0x2E, 0x89, 0x0C, 0xE0, 0x40, 0x81, 0xC5, 0xC0, 0x78, 0x01, 0x4A, 0x80, 0xE5, 0x07,
    0xF0, 0x23, 0x38, 0x57, 0x72, 0x2F, 0x20, 0x12, 0x28, 0x25, 0x0E, 0x14, 0xF8, 0xDE, 0xC0, 0x17,
    0x30, 0x90, 0x95, 0xC8, 0x81, 0x03, 0xB9, 0x8A, 0x47, 0xC0, 0x76, 0xE0, 0x40, 0x81, 0xB6, 0xE4,
    0xC0, 0xA1, 0x60, 0x49, 0x99, 0x03, 0xA2, 0x24, 0xC8, 0x05, 0x8A, 0xD8, 0x19, 0x7F, 0x5F, 0x37,
    0x80, 0xDD, 0xBD, 0xDB, 0xBB, 0xDB, 0x3B, 0x1E, 0xEF, 0x4E, 0xBB, 0x40, 0x63, 0x89, 0xC3, 0xFC,
    0xF4, 0x37, 0x3D, 0x3D, 0xDD, 0x3D, 0x0D, 0x9A, 0xC0, 0xB9, 0xDA, 0x98, 0x75, 0x7A, 0xEA, 0x27,
    0x6E, 0x49, 0xD3, 0x9E, 0x34, 0x1B, 0x48, 0x8B, 0x25, 0x69, 0x65, 0x49, 0x97, 0x05, 0x88, 0x37,
    0x64, 0x39, 0xEA, 0xE9, 0x53, 0xD6, 0xD6, 0x25, 0xA0, 0x51, 0x1B, 0x37, 0x28, 0xDA, 0x44, 0x28,
    0x1C, 0x2F, 0x42, 0xD0, 0xB4, 0x0E, 0x50, 0x45, 0x56, 0xFA, 0xA8, 0x02, 0x65, 0x50, 0x85, 0xD3,
    0x03, 0x1F, 0xE3, 0x93, 0x96, 0x01, 0x69, 0x1D, 0x74, 0xC6, 0x24, 0xB5, 0x14, 0x6C, 0xD8, 0x76,
    0xDC, 0x26, 0x0B, 0x63, 0xC2, 0x2E, 0x63, 0xE5, 0x83, 0x52, 0xE9, 0xF2, 0x8A, 0x1C, 0xFF, 0xA4,
    0x36, 0x67, 0x95, 0xAD, 0x89, 0x9D, 0x1B, 0x4C, 0xD2, 0x04, 0x4B, 0x93, 0x96, 0xC6, 0x1A, 0x0F,
    0xBD, 0x16, 0x06, 0x70, 0xFE, 0x1C, 0x6D, 0x27, 0x68, 0x3A, 0x64, 0xFB, 0x28, 0x90, 0x99, 0xA2,
    0x36, 0x19, 0x7B, 0x54, 0xE0, 0x49, 0x3C, 0xE7, 0x8C, 0xE7, 0x8C, 0x2B, 0x23, 0x67, 0x0A, 0x3C,
    0x92, 0x27, 0x6E, 0x59, 0xE5, 0xBE, 0x6B, 0xB2, 0xD2, 0xEC, 0x95, 0x7B, 0x25, 0x58, 0x6C, 0x12,
    0x05, 0x0F, 0xBF, 0x8D, 0x13, 0x30, 0xD2, 0x6E, 0x3B, 0x84, 0xA9, 0x40, 0x98, 0x75, 0x2B, 0x08,
    0x2B, 0xA1, 0x4B, 0x2B, 0xE0, 0xB1, 0x4F, 0xE0, 0x8C, 0xB4, 0xCB, 0x58, 0x73, 0x4B, 0x20, 0xC1,
    0xFD, 0x82, 0xE0, 0xC5, 0x02, 0x1E, 0x21, 0xCC, 0x4A, 0x42, 0x58, 0xE0, 0x59, 0x22, 0xE7, 0x81,
    0x5A, 0x1E, 0x02, 0x9E, 0x11, 0xF0, 0x72, 0x85, 0x30, 0x92, 0x22, 0x3A, 0x02, 0x04, 0x2F, 0x6E,
    0x33, 0x19, 0x13, 0x56, 0x1E, 0xF4, 0x15, 0xC7, 0x6A, 0xF0, 0x0F, 0xBC, 0x43, 0xB4, 0x87, 0x47,
    0x3D, 0xE7, 0xF0, 0x4C, 0x45, 0x3E, 0x92, 0xC1, 0x9C, 0x0E, 0x66, 0xB4, 0x02, 0xB3, 0x3E, 0x06,
    0xE6, 0x1E, 0x60, 0xBB, 0x37, 0x76, 0xC2, 0xA4, 0xEE, 0x00, 0x60, 0x2E, 0x36, 0xC0, 0xB4, 0xEC,
    0xB1, 0xCB, 0x43, 0x80, 0xF9, 0x83, 0x80, 0xE9, 0x32, 0x80, 0xF9, 0x0D, 0x46, 0x65, 0x02, 0x47,
    0x68, 0x21, 0x52, 0xE6, 0x14, 0x1C, 0x4A, 0x99, 0x3F, 0x38, 0xC2, 0xD2, 0xB3, 0x91, 0xB0, 0x5D,
    0x03, 0x67, 0x41, 0xF0, 0x13, 0xE1, 0x31, 0x2B, 0xC9, 0x6F, 0x96, 0x53, 0x70, 0x2A, 0x01, 0x07,
    0x98, 0x0C, 0x23, 0x3E, 0x6B, 0xE0, 0xC8, 0x50, 0xBB, 0x52, 0xF1, 0x54, 0x6C, 0xA5, 0xAA, 0x11,
    0x9C, 0x42, 0xC1, 0x91, 0xB1, 0x60, 0xFB, 0x61, 0x43, 0x9A, 0x08, 0x06, 0x99, 0x59, 0x0D, 0x5D,
    0x2A, 0x34, 0xEA, 0xB7, 0x02, 0x53, 0x72, 0x60, 0x2E, 0x27, 0x65, 0x99, 0x73, 0x05, 0x80, 0xB1,
    0x99, 0x48, 0x19, 0xC6, 0xC8, 0xA7, 0xBC, 0x44, 0x94, 0x6E, 0x76, 0x16, 0xB2, 0x8C, 0x0E, 0x86,
    0x24, 0x9E, 0xC3, 0x5F, 0xCD, 0xEB, 0xD2, 0xA7, 0xA7, 0x24, 0x9E, 0x4C, 0xC8, 0x40, 0xC0, 0x93,
    0x67, 0xCD, 0xDD, 0x7C, 0xAB, 0x20, 0x7A, 0x15, 0x9F, 0x4C, 0x9D, 0x6B, 0x64, 0xE2, 0x0D, 0x00,
    0x26, 0x47, 0xD3, 0x31, 0x4A, 0xBA, 0x32, 0x11, 0x2C, 0x09, 0xC6, 0x4F, 0x4C, 0x21, 0xE5, 0x85,
    0x0D, 0x76, 0xD6, 0x88, 0xA8, 0x9D, 0x41, 0xF5, 0x19, 0x7D, 0x5E, 0xCB, 0x6A, 0x3D, 0xA9, 0xD4,
    0xC9, 0xFA, 0x2B, 0x4C, 0x6F, 0x8E, 0xBF, 0xB6, 0x3B, 0xF6, 0xC1, 0x77, 0xCF, 0x05, 0x4C, 0x8A,
    0x5E, 0xCD, 0x27, 0xA5, 0x3E, 0xBF, 0x3B, 0x2E, 0x81, 0x94, 0xD1, 0x06, 0x18, 0xF6, 0x49, 0x17,
    0x2C, 0x51, 0xF3, 0x11, 0xDB, 0xA8, 0xC6, 0xD6, 0x8F, 0x9F, 0xD5, 0xD8, 0x07, 0x3C, 0xF7, 0xD7,
    0xA4, 0xF3, 0x2D, 0x86, 0xA7, 0xF7, 0xD9, 0x5C, 0xCA, 0xBF, 0x52, 0xE4, 0xF0, 0x0C, 0xC5, 0x2D,
    0xB0, 0x83, 0xE8, 0x37, 0x16, 0xB8, 0x5B, 0xDE, 0x2D, 0xB7, 0x22, 0xE6, 0x46, 0xC4, 0x16, 0xB7,
    0x00, 0xB1, 0xC5, 0x8C, 0xD8, 0x21, 0x05, 0x74, 0x90, 0x9E, 0x11, 0x09, 0x4C, 0xF2, 0x60, 0x08,
    0x4F, 0x6A, 0x9F, 0xC4, 0x1A, 0x81, 0x8E, 0xF2, 0x07, 0x11, 0x05, 0x18, 0x6C, 0xE5, 0x48, 0x1B,
    0xAC, 0xE6, 0xCE, 0x6C, 0x23, 0xD5, 0xDC, 0x31, 0x94, 0x78, 0xA8, 0x65, 0x45, 0xD0, 0x05, 0x4A,
    0xC5, 0xD2, 0x24, 0x73, 0xC7, 0x27, 0x9A, 0xE4, 0x67, 0x2C, 0x25, 0x9E, 0x74, 0x7E, 0x06, 0xB3,
    0x17, 0x30, 0xAD, 0x82, 0x99, 0x0B, 0x98, 0x39, 0x6B, 0x79, 0xED, 0x15, 0x80, 0x49, 0xD5, 0xC8,
    0xB6, 0xB4, 0xDD, 0x0D, 0x30, 0xBD, 0x6E, 0x9A, 0xF3, 0x42, 0xBC, 0x53, 0x94, 0x38, 0xC0, 0xCC,
    0x09, 0x66, 0xBB, 0x09, 0xE6, 0xA3, 0xCB, 0x81, 0xE9, 0x14, 0x4C, 0x6F, 0x05, 0x66, 0xBA, 0xA0,
    0xF8, 0x87, 0x9D, 0xAC, 0x09, 0x4E, 0x97, 0x5B, 0x99, 0xCB, 0x77, 0x4E, 0x03, 0xF3, 0x16, 0x4A,
    0xA6, 0xFF, 0xD8, 0x7F, 0x6C, 0x3C, 0x4B, 0x1D, 0x9B, 0x55, 0x54, 0xAE, 0xAC, 0xD2, 0xEF, 0xCD,
    0x35, 0x4B, 0xA6, 0xF7, 0x91, 0xF9, 0x88, 0x9C, 0x84, 0x6C, 0x39, 0x7D, 0x46, 0x18, 0x23, 0x51,
    0x9A, 0xDE, 0xB0, 0x15, 0x4B, 0xE7, 0x30, 0xB6, 0xA3, 0x68, 0xC8, 0x3A, 0x2A, 0x2B, 0x47, 0xC3,
    0xF6, 0x92, 0x8E, 0x14, 0x92, 0x61, 0x45, 0xCF, 0x5A, 0x01, 0x48, 0xD5, 0x8C, 0x35, 0xA3, 0x1A,
    0x87, 0xDC, 0x9E, 0x45, 0x8B, 0xB5, 0xE7, 0xDD, 0xAA, 0x1E, 0xAD, 0x53, 0xEA, 0xF7, 0x01, 0xA0,
    0xB6, 0x3B, 0xF5, 0xC1, 0xEA, 0x3C, 0x8A, 0x9B, 0x4F, 0x85, 0x8A, 0xA2, 0xFA, 0x0F, 0xB9, 0x89,
    0xBF, 0x6A, 0x57, 0xF4, 0x6B, 0x28, 0xB5, 0x3E, 0xFE, 0xBA, 0x06, 0xE7, 0x7F, 0x68, 0x08, 0xC2,
    0xB3, 0x46, 0x84, 0xAB, 0x21, 0x34, 0x55, 0x43, 0x94, 0xB2, 0x86, 0x03, 0x9A, 0x2A, 0x2F, 0x42,
    0xE3, 0x13, 0x34, 0x99, 0x9E, 0xD1, 0xE7, 0xB5, 0xAC, 0xD6, 0x83, 0x3A, 0x21, 0xF1, 0xA8, 0xFF,
    0x33, 0x2E, 0x9B, 0xCB, 0x50, 0x7E, 0x53, 0x47, 0xE3, 0x7E, 0x37, 0xAE, 0xAE, 0x58, 0x6C, 0xF7,
    0x5C, 0x4D, 0xC3, 0x2E, 0x6D, 0x49, 0xA3, 0x9E, 0x14, 0x26, 0xC6, 0x40, 0x56, 0x49, 0x8D, 0x15,
    0xEA, 0x84, 0x56, 0x2C, 0xB3, 0x49, 0xF5, 0xFE, 0xDA, 0x33, 0x76, 0x55, 0x56, 0xEB, 0xD1, 0x3A,
    0xA5, 0x7E, 0xB6, 0x35, 0x5B, 0x8D, 0xDD, 0xD8, 0x1F, 0x41, 0xC9, 0x98, 0x8F, 0x3F, 0xF9, 0x41,
    0x46, 0x70, 0x24, 0x72, 0x8F, 0x04, 0x28, 0x35, 0x02, 0x92, 0x60, 0x24, 0xAC, 0x09, 0x97, 0xC2,
    0xB0, 0xF0, 0x2E, 0x30, 0x08, 0x22, 0x1B, 0x24, 0xD1, 0xBF, 0xCA, 0x73, 0x52, 0x42, 0xCA, 0x0A,
    0x2A, 0x0A, 0x8A, 0x60, 0x42, 0x8C, 0xD6, 0xC8, 0x56, 0x09, 0x83, 0x5D, 0xB6, 0x46, 0xE6, 0x89,
    0x76, 0x0E, 0x61, 0x7D, 0x13, 0x69, 0xCC, 0x05, 0x8A, 0xAD, 0xB7, 0x76, 0x4E, 0xFF, 0xEE, 0xC1,
    0xA8, 0xF0, 0x08, 0x25, 0xE6, 0xE2, 0xD2, 0xC4, 0x1D, 0xEC, 0x0B, 0xA8, 0xA2, 0xB4, 0x2E, 0x68,
    0x4D, 0x3C, 0xA5, 0xA5, 0xCB, 0x5A, 0xDA, 0x15, 0x39, 0x65, 0x2E, 0xBE, 0x09, 0x99, 0xF1, 0x44,
    0xB1, 0x2D, 0xB5, 0x3E, 0x59, 0x9D, 0xD4, 0xD0, 0xEC, 0x37, 0x0D, 0xCD, 0x78, 0x38, 0x0F, 0x21,
    0x7B, 0xA6, 0x0E, 0x58, 0x11, 0xC5, 0x65, 0x26, 0x17, 0x28, 0xB6, 0x81, 0xD0, 0x63, 0x2A, 0x8C,
    0x25, 0x4D, 0xA8, 0x8A, 0x08, 0x65, 0xEC, 0x69, 0x68, 0xCD, 0x8E, 0x58, 0x65, 0xEB, 0x58, 0x7D,
    0xFC, 0xF1, 0x27, 0xE7, 0x63, 0xF5, 0xBA, 0x49, 0x7A, 0xE8, 0x51, 0xB1, 0x0B, 0x3D, 0x99, 0xF3,
    0x89, 0x98, 0x76, 0xBB, 0xAD, 0x45, 0x37, 0x8B, 0xD5, 0xAE, 0x0B, 0xE6, 0x15, 0xCA, 0x55, 0x2F,
    0xCE, 0xC3, 0x06, 0x56, 0x17, 0xC7, 0xE0, 0x92, 0xEC, 0x6F, 0xC5, 0xC0, 0x78, 0x54, 0xC6, 0xA1,
    0x18, 0xE6, 0x62, 0xA2, 0x3B, 0x59, 0x63, 0xB8, 0xDA, 0x59, 0xED, 0xDF, 0x55, 0x70, 0xFE, 0x4B,
    0x2E, 0xE7, 0xEE, 0x84, 0x94, 0xC8, 0x82, 0x1A, 0xAD, 0xDA, 0xFE, 0xDE, 0xAC, 0x79, 0x06, 0xFE,
    0xA1, 0x7F, 0x08, 0x95, 0x4C, 0xCD, 0x57, 0x55, 0x34, 0xAC, 0x69, 0x26, 0x6C, 0xB1, 0x0D, 0x6F,
    0x54, 0x86, 0xBC, 0x8F, 0xB0, 0x44, 0x63, 0x7D, 0x46, 0xB7, 0x32, 0x2E, 0xCF, 0x8A, 0xDC, 0x70,
    0xED, 0xF3, 0xCD, 0x24, 0x62, 0x62, 0x15, 0x9D, 0x0C, 0x1C, 0x8B, 0xA9, 0x97, 0x7C, 0xB7, 0xBC,
    0x73, 0xB0, 0xDD, 0x81, 0xB2, 0x27, 0x1C, 0xA8, 0x50, 0x8D, 0xAE, 0xAA, 0xA6, 0xD1, 0x95, 0xD6,
    0xBB, 0x19, 0x5D, 0x58, 0x3C, 0xFA, 0x75, 0xAA, 0x6E, 0x6E, 0xA5, 0xCE, 0x2E, 0xCA, 0x86, 0xBD,
    0x78, 0xA5, 0x3D, 0x8D, 0xAE, 0xB8, 0x67, 0xFD, 0x59, 0x8F, 0xB6, 0xF6, 0xD0, 0x73, 0xB4, 0x6B,
    0x7B, 0xE9, 0x43, 0x8F, 0xA2, 0xD6, 0xC0, 0x8C, 0xA6, 0x4E, 0x97, 0x71, 0x2E, 0xE0, 0xDC, 0xFB,
    0x03, 0x98, 0x12, 0x29, 0x58, 0xFB, 0x14, 0x7D, 0xCC, 0x55, 0x33, 0xAE, 0x63, 0xE7, 0xBE, 0xAC,
    0xD3, 0x2E, 0x74, 0xEC, 0xA8, 0xAB, 0xB9, 0xB0, 0x71, 0x35, 0xCA, 0x28, 0x00, 0xE9, 0x56, 0x22,
    0x7F, 0xC5, 0x73, 0x85, 0x96, 0x90, 0xB2, 0xA8, 0xE5, 0x19, 0xEB, 0xDB, 0xAF, 0xCD, 0xBE, 0x84,
    0x7D, 0xCC, 0x48, 0x3C, 0x0C, 0x4E, 0x89, 0xF6, 0xAB, 0x3C, 0xEE, 0xF7, 0x9C, 0x5A, 0x77, 0xBA,
    0xE8, 0xDC, 0xA3, 0x49, 0x83, 0xF6, 0x35, 0x12, 0xA1, 0xA1, 0x13, 0x41, 0x47, 0x9C, 0xD7, 0xB4,
    0x31, 0x3F, 0x1A, 0xBC, 0x75, 0x86, 0xF5, 0x91, 0xF4, 0x09, 0xA5, 0x0A, 0x9A, 0x96, 0xD1, 0xA6,
    0x91, 0x7B, 0x06, 0xDE, 0xC5, 0x4E, 0x78, 0x93, 0x28, 0xDE, 0x6D, 0x70, 0x79, 0xBC, 0x55, 0x43,
    0x8D, 0x31, 0x3C, 0xA5, 0x7A, 0xE7, 0x34, 0x0F, 0xED, 0xAA, 0xF0, 0x36, 0x82, 0xF4, 0x8A, 0xBE,
    0x94, 0x7C, 0xEF, 0xB0, 0xE0, 0xEC, 0x5F, 0x93, 0x7C, 0x1B, 0xC1, 0xBB, 0x39, 0x0D, 0xEF, 0xDB,
    0x89, 0xDF, 0xC6, 0x47, 0x22, 0x4A, 0xAA, 0x32, 0x8C, 0xB7, 0x46, 0x7D, 0xA1, 0xD1, 0x62, 0xE5,
    0xF6, 0x8D, 0x9E, 0x1A, 0xD5, 0xE4, 0x23, 0xDE, 0x10, 0xD8, 0xDB, 0x99, 0x88, 0xB6, 0x7E, 0xFB,
    0xE4, 0x50, 0xDC, 0x12, 0x55, 0x83, 0xC5, 0x73, 0x0C, 0x95, 0x85, 0x34, 0xE6, 0xD2, 0x7F, 0xF7,
    0x93, 0x0F, 0xB6, 0xF1, 0xB1, 0x53, 0x28, 0xFB, 0x62, 0xC4, 0x6D, 0x7E, 0x2E, 0x59, 0x8B, 0x79,
    0x43, 0x7D, 0x6D, 0x32, 0xE4, 0x8B, 0x65, 0x1E, 0x7F, 0x3B, 0x98, 0x11, 0x84, 0x6D, 0x9F, 0xAC,
    0xDC, 0x81, 0x7E, 0x40, 0x7E, 0xB3, 0x3F, 0x72, 0x91, 0xCB, 0x2A, 0xAA, 0xD7, 0xAC, 0xF7, 0x89,
    0xAC, 0xF8, 0x0F, 0x00, 0x56, 0x06, 0x02, 0xBE, 0x29, 0x9F, 0x1F, 0xE9, 0x4B, 0x1D, 0xB4, 0x9A,
    0xB1, 0x76, 0x6F, 0x5E, 0x14, 0x97, 0x76, 0xF3, 0xB2, 0xF5, 0xC9, 0x63, 0x17, 0x37, 0xCE, 0x9B,
    0x8D, 0xCB, 0x0E, 0xE5, 0x2E, 0x74, 0x51, 0xB2, 0x72, 0x14, 0x85, 0x8C, 0x7F, 0x48, 0x97, 0x26,
    0x78, 0xCE, 0xED, 0x88, 0x17, 0xF0, 0x57, 0x02, 0x57, 0x42, 0x01, 0x5B, 0xE8, 0x4E, 0xA8, 0x9E,
    0xB0, 0x03, 0x09, 0x3A, 0x3C, 0xA7, 0xA4, 0xBF, 0x38, 0x89, 0xBB, 0x38, 0xCF, 0x50, 0x39, 0x04,
    0xC8, 0x0C, 0xC7, 0xD6, 0x0C, 0xDC, 0x9F, 0x4F, 0x51, 0x0D, 0x57, 0x74, 0xAE, 0xD7, 0x1B, 0x2E,
    0xA3, 0x1A, 0xAA, 0xA1, 0xC6, 0xEF, 0xFC, 0xED, 0xB5, 0xC0, 0x0C, 0x7D, 0xFD, 0xE9, 0x34, 0xF1,
    0xCB, 0x9D, 0x32, 0xDE, 0xED, 0x31, 0x4F, 0x73, 0xBE, 0x89, 0x11, 0xB8, 0xDC, 0x31, 0xD7, 0x70,
    0xB2, 0xFE, 0xC4, 0x8E, 0x87, 0xB9, 0xE0, 0xF1, 0x96, 0xB9, 0x8F, 0x29, 0x50, 0xC1, 0x18, 0x5C,
    0xC2, 0x06, 0xC5, 0x4A, 0xE3, 0x16, 0xD7, 0x3E, 0x24, 0x47, 0xE6, 0x28, 0x7B, 0x77, 0x48, 0x5D,
    0x1F, 0xB9, 0xC6, 0x7B, 0x3A, 0x69, 0x69, 0xEE, 0x09, 0xF0, 0xB8, 0xE8, 0x64, 0xC4, 0x74, 0xD1,
    0xE3, 0x25, 0x70, 0x1E, 0x6B, 0x80, 0x8B, 0x13, 0xD6, 0x74, 0x31, 0x62, 0x3A, 0xF5, 0x74, 0x6C,
    0x82, 0x36, 0x1E, 0xF8, 0x0D, 0x66, 0xE8, 0x31, 0x0E, 0xF8, 0x06, 0x67, 0x7E, 0x93, 0xC5, 0x23,
    0x2C, 0x16, 0xA8, 0xB8, 0xAD, 0xDA, 0xB4, 0xC1, 0xEA, 0xCD, 0x59, 0x34, 0x1C, 0x5F, 0xC6, 0xAF,
    0xB0, 0xE3, 0x55, 0xCF, 0x6F, 0x70, 0xCE, 0x57, 0xD6, 0x0B, 0xC8, 0xEB, 0xF1, 0xAB, 0xBA, 0x21,
    0xD7, 0x76, 0x5D, 0x30, 0xA4, 0x55, 0xEB, 0x35, 0x99, 0xAE, 0x0D, 0xD6, 0x37, 0x5C, 0x61, 0xB1,
    0x65, 0xBC, 0x46, 0x4B, 0xF8, 0xBF, 0xE8, 0x5F, 0xC0, 0x95, 0x86, 0xFD, 0x74, 0xB2, 0xCE, 0x0F,
    0xE2, 0xC4, 0x60, 0x30, 0x38, 0x24, 0x6E, 0x3A, 0xF9, 0xEF, 0x0D, 0x60, 0x5B, 0x63, 0xA7, 0x33,
    0x7A, 0xB9, 0x93, 0xA6, 0xFA, 0x52, 0xF7, 0x9B, 0x38, 0x86, 0xA2, 0xA0, 0x5B, 0x9C, 0x5C, 0x77,
    0x8E, 0xA8, 0x3C, 0x25, 0xB6, 0xF3, 0x8C, 0x81, 0xE2, 0xDF, 0x40, 0xB7, 0xFC, 0x09, 0x5F, 0xB3,
    0x6D, 0xC1, 0xBD, 0x4A, 0xB2, 0xE4, 0x1E, 0x98, 0x04, 0x54, 0x01, 0x12, 0xC5, 0xA0, 0xCA, 0xD1,
    0xB7, 0xAC, 0x89, 0x3B, 0xB5, 0xC3, 0x22, 0xD9, 0xA1, 0xAD, 0xFA, 0x71, 0x6F, 0x2C, 0xC3, 0x24,
    0xB7, 0x4E, 0xF6, 0x93, 0xEF, 0x1C, 0xAC, 0x39, 0x79, 0x71, 0x73, 0x45, 0xE7, 0x42, 0x4F, 0x3A,
    0x96, 0x0C, 0x18, 0x3A, 0x9E, 0xDA, 0x3E, 0x63, 0x8A, 0x0C, 0xEF, 0x67, 0x0C, 0x2C, 0xBA, 0x12,
    0xD3, 0x89, 0xD1, 0xE0, 0x88, 0x61, 0xE0, 0x14, 0xF8, 0x72, 0x6B, 0xD0, 0x7A, 0x78, 0xD6, 0x06,
    0xC0, 0xD7, 0xA2, 0xFF, 0xC6, 0x72, 0x5B, 0xD4, 0x32, 0x92, 0xA6, 0xC6, 0x8D, 0x75, 0x32, 0xE3,
    0x4A, 0xA3, 0x26, 0x95, 0x16, 0x83, 0xF1, 0x87, 0xAA, 0x88, 0x80, 0x27, 0xD1, 0xE5, 0xAA, 0x9E,
    0xDA, 0x48, 0xE8, 0x0D, 0x47, 0x03, 0x63, 0xCD, 0x1B, 0x76, 0xCF, 0x9F, 0xE7, 0x48, 0xF8, 0xFB,
    0x24, 0x0F, 0xA6, 0x5F, 0x12, 0xD3, 0x88, 0x9B, 0xB5, 0x81, 0xDA, 0x7E, 0xC6, 0xAD, 0x15, 0x2B,
    0x0E, 0xCD, 0xF9, 0x68, 0x17, 0x5E, 0xBC, 0x65, 0x20, 0x19, 0xFA, 0x47, 0x3A, 0x28, 0x27, 0xFA,
    0x08, 0xC7, 0xDE, 0xFD, 0x16, 0x3D, 0x64, 0xA0, 0x9B, 0xCF, 0x49, 0xF0, 0x9B, 0xE5, 0x18, 0x6D,
    0x65, 0x1D, 0xC1, 0x4A, 0x4E, 0x23, 0xA3, 0x5B, 0x80, 0x21, 0x1D, 0xC3, 0xF1, 0x9A, 0x94, 0x93,
    0x3D, 0x4C, 0x98, 0x80, 0x5C, 0xBA, 0x00, 0x48, 0xA5, 0xF5, 0xAC, 0xD6, 0x89, 0xD9, 0x61, 0x01,
    0xC3, 0xAA, 0x4D, 0x40, 0x02, 0xD9, 0x73, 0x1F, 0x76, 0xFA, 0x77, 0x69, 0xAF, 0x2A, 0xB5, 0x4D,
    0xB6, 0x17, 0xD2, 0xF9, 0x5B, 0x8A, 0xF5, 0x2A, 0x6B, 0x3D, 0xF7, 0x8D, 0xD5, 0x9A, 0x2C, 0xCC,
    0xAB, 0x17, 0xD4, 0x0B, 0x05, 0x48, 0xFC, 0x26, 0x6C, 0xE3, 0x26, 0x2B, 0x8F, 0xE6, 0xCE, 0xEC,
    0xFA, 0x75, 0xAA, 0x67, 0xDB, 0x1B, 0xED, 0xFE, 0xBA, 0x4B, 0xD9, 0x4C, 0x92, 0x65, 0x9E, 0xCC,
    0x22, 0xC7, 0x5F, 0xB2, 0xCD, 0x9B, 0x2C, 0x66, 0xCB, 0x76, 0xE7, 0x6F, 0x9D, 0x0D, 0xE9, 0x10,
    0x89, 0xEC, 0xF8, 0x75, 0xD8, 0xC2, 0x7D, 0xC1, 0x19, 0x36, 0xBA, 0x7B, 0x1C, 0x73, 0xEF, 0x26,
    0x25, 0xC9, 0xCC, 0x44, 0xDE, 0x26, 0x79, 0x40, 0xF2, 0xFE, 0xAB, 0x64, 0xDA, 0xC6, 0xA5, 0x8D,
    0x6B, 0x9B, 0xE4, 0x36, 0x85, 0x60, 0x1A, 0xFB, 0xB6, 0xB1, 0x0F, 0x2E, 0x60, 0x8D, 0xC8, 0xDC,
    0xE6, 0xCE, 0xB4, 0xCC, 0xEA, 0x4B, 0xF6, 0x4A, 0xF8, 0x75, 0xF5, 0x06, 0xC9, 0x2E, 0xCA, 0xC7,
    0xB9, 0x9D, 0x0D, 0x5A, 0x1B, 0x0F, 0xE3, 0x11, 0xB4, 0x5B, 0x58, 0x69, 0x46, 0x3E, 0xCE, 0xD9,
    0x6A, 0x9C, 0xE8, 0x6B, 0x42, 0x29, 0x23, 0x56, 0x6C, 0x62, 0x5B, 0x34, 0x73, 0x52, 0x8D, 0x98,
    0x79, 0x9A, 0xF2, 0x20, 0xBB, 0x89, 0xA6, 0x10, 0x7A, 0x24, 0xF4, 0x70, 0x97, 0xFA, 0xA7, 0x3D,
    0x90, 0x99, 0xC6, 0xCD, 0x89, 0xEF, 0x7F, 0x63, 0x17, 0xBB, 0xB4, 0x73, 0x8D, 0x6B, 0x3E, 0x5F,
    0xBF, 0xDF, 0xC6, 0x2E, 0x72, 0xF4, 0x9E, 0xCC, 0xA7, 0x93, 0xD2, 0x0C, 0x67, 0x2D, 0x99, 0x9D,
    0x70, 0xD2, 0x74, 0x83, 0xA3, 0x25, 0x91, 0xAD, 0x84, 0x81, 0x9E, 0x1E, 0x75, 0xB2, 0xAD, 0x48,
    0x20, 0xA2, 0x95, 0x85, 0xC2, 0xA9, 0xA8, 0xBB, 0x2A, 0x1B, 0x75, 0x20, 0xD0, 0x54, 0x95, 0xC5,
    0x8A, 0x5A, 0x71, 0xEA, 0x56, 0x54, 0x70, 0x15, 0x35, 0x16, 0x48, 0xD2, 0x54, 0xD4, 0x5B, 0x20,
    0xF0, 0xFC, 0x99, 0xD3, 0x42, 0xA7, 0xD1, 0x91, 0x54, 0x24, 0x19, 0xF1, 0x49, 0x49, 0x62, 0x12,
    0xEE, 0xC7, 0xFE, 0x94, 0xFA, 0x2C, 0x57, 0x75, 0x46, 0xAD, 0x8F, 0x19, 0xE6, 0xAF, 0xD2, 0x1A,
    0x60, 0x60, 0xE6, 0x43, 0xE1, 0x9A, 0xA5, 0x73, 0x60, 0x34, 0x1A, 0xE0, 0xE2, 0x0C, 0x0E, 0x8B,
    0xB9, 0xD3, 0x4C, 0x24, 0x9E, 0x76, 0xD7, 0x93, 0x6E, 0xC2, 0x59, 0x8C, 0x92, 0xC7, 0x74, 0x71,
    0x92, 0x51, 0x7F, 0x07, 0x46, 0x83, 0xB3, 0x19, 0x8D, 0xDC, 0xC5, 0xD7, 0xB2, 0xAB, 0x64, 0x7D,
    0x63, 0xCD, 0x8A, 0xB7, 0xAC, 0x59, 0x93, 0x0D, 0x7F, 0xDF, 0xDC, 0xCF, 0x65, 0xCD, 0x32, 0xE1,
    0x8B, 0x9E, 0x32, 0x7C, 0x0B, 0x65, 0x26, 0xEC, 0xE2, 0xD6, 0x5B, 0xD2, 0x73, 0xE0, 0x3D, 0xF6,
    0xF2, 0xD5, 0xC8, 0x8B, 0x3A, 0x0C, 0xE7, 0xD0, 0x68, 0xB1, 0xDF, 0x83, 0x7E, 0xC5, 0x8D, 0xF0,
    0xE8, 0x05, 0xA7, 0x2B, 0x7A, 0x90, 0x35, 0x34, 0x7F, 0xC1, 0x3B, 0x34, 0x03, 0x69, 0xC7, 0x65,
    0xFB, 0x8A, 0x8E, 0x1B, 0x9E, 0xAE, 0x63, 0x00, 0xB0, 0x9A, 0x82, 0x80, 0x29, 0x49, 0x26, 0x89,
    0x03, 0xFD, 0x15, 0x4B, 0xAC, 0x5D, 0x59, 0xEE, 0x4C, 0x63, 0x2B, 0x78, 0xB6, 0x66, 0xF7, 0x34,
    0x50, 0x0D, 0x6C, 0x26, 0xEB, 0x81, 0xCD, 0x32, 0x74, 0x39, 0xB5, 0x75, 0x21, 0x81, 0xCD, 0x64,
    0x4A, 0xA3, 0xCB, 0xA7, 0x40, 0xA5, 0xE6, 0xEE, 0x79, 0x83, 0x9D, 0x53, 0x1D, 0xB7, 0x51, 0x37,
    0xA7, 0x40, 0xFA, 0x83, 0xE6, 0x27, 0x6A, 0x3D, 0x49, 0xCB, 0x3A, 0xB9, 0xCA, 0x17, 0xB5, 0xB6,
    0x35, 0x66, 0x9B, 0x68, 0x1F, 0xB4, 0x3F, 0x67, 0xEF, 0x6B, 0x27, 0x2E, 0x5F, 0xDB, 0x3B, 0x4A,
    0x7A, 0xDF, 0x31, 0xBD, 0x48, 0x62, 0x6B, 0xE9, 0xA2, 0x1A, 0x37, 0xF8, 0xA3, 0x76, 0x1B, 0x91,
    0xBF, 0xE2, 0xB9, 0x64, 0x21, 0x25, 0xA4, 0x6C, 0xB8, 0xDA, 0xD7, 0x66, 0xCD, 0x98, 0xFA, 0x0C,
    0xA5, 0x46, 0x5D, 0xAA, 0xE0, 0xE5, 0xF3, 0x5E, 0x46, 0xD2, 0xFC, 0x78, 0x20, 0xF4, 0x0E, 0xCD,
    0x63, 0x14, 0x0E, 0xBA, 0x11, 0xC2, 0x8C, 0x42, 0x10, 0x6D, 0xD9, 0xF8, 0x3E, 0x03, 0xCC, 0x64,
    0x47, 0x30, 0xD3, 0x33, 0xC0, 0x84, 0xDE, 0x79, 0x93, 0x2A, 0x55, 0x32, 0x5D, 0x92, 0x7F, 0x49,
    0x10, 0xF4, 0x43, 0x0E, 0xE9, 0x92, 0x5E, 0x81, 0x77, 0x78, 0xFF, 0x47, 0x24, 0x95, 0xA6, 0x4F,
    0xA4, 0x5C, 0x0E, 0x2F, 0x13, 0x15, 0xC5, 0x5F, 0x30, 0x10, 0x1B, 0x35, 0xD7, 0x2D, 0x9F, 0xE8,
    0x8C, 0xE6, 0xC9, 0xC0, 0x0D, 0xFE, 0x56, 0x7E, 0x4C, 0xC1, 0x6A, 0xD9, 0x94, 0x90, 0x60, 0x47,
    0x3F, 0xA6, 0x22, 0xCB, 0xD6, 0xC4, 0x30, 0xA6, 0x7A, 0x49, 0x72, 0x86, 0x6C, 0x32, 0x0C, 0xA3,
    0x76, 0x12, 0x47, 0xCD, 0x4D, 0x3F, 0x24, 0xA7, 0x8B, 0xD9, 0x4A, 0xA7, 0xFC, 0x98, 0x9F, 0xD9,
    0x28, 0x35, 0xD7, 0x33, 0xD7, 0x3C, 0xB7, 0x35, 0xB7, 0x1E, 0x4D, 0xFD, 0x99, 0x7B, 0x38, 0xF7,
    0x79, 0xC5, 0xC5, 0x1A, 0x5F, 0xB9, 0xA9, 0x9E, 0x4B, 0x1E, 0x59, 0x17, 0x51, 0x7B, 0x11, 0x81,
    0x8C, 0x62, 0x4C, 0x3C, 0x30, 0x3A, 0x03, 0x33, 0xE8, 0x32, 0x3A, 0xD3, 0x50, 0xD3, 0xDC, 0x00,
    0x86, 0x29, 0x5C, 0xE9, 0x3E, 0x98, 0x64, 0x66, 0x45, 0x92, 0x10, 0xBC, 0xFD, 0x47, 0x3B, 0xDA,
    0x8F, 0xFA, 0xA3, 0x52, 0xAC, 0xA4, 0xF3, 0x9A, 0x24, 0x4D, 0xDC, 0xC1, 0xDB, 0x81, 0xB4, 0x55,
    0x2D, 0xD0, 0x16, 0x5B, 0x4F, 0x09, 0x3F, 0x93, 0x04, 0x43, 0xC9, 0x75, 0xE1, 0x38, 0x48, 0xCA,
    0xAD, 0xA4, 0xB8, 0x8E, 0xAE, 0x66, 0x39, 0xC2, 0x13, 0x6C, 0xDD, 0x93, 0x3F, 0x94, 0xFD, 0x1B,
    0x33, 0x19, 0xE2, 0x85, 0x64, 0x22, 0x71, 0xD0, 0x25, 0x33, 0x30, 0x98, 0x89, 0xFC, 0x53, 0xFE,
    0x50, 0x34, 0x93, 0xE9, 0x2E, 0xC5, 0x0E, 0xE0, 0x6C, 0xBB, 0xD9, 0x0B, 0xC8, 0xB8, 0x45, 0x9F,
    0xB4, 0x53, 0x9C, 0x21, 0xB0, 0xEA, 0x69, 0x6C, 0x84, 0x09, 0x24, 0x28, 0x01, 0x06, 0xFC, 0x9C,
    0xE6, 0x0C, 0x3A, 0x59, 0x70, 0x73, 0xC7, 0x9B, 0xF6, 0x8F, 0xFB, 0xB0, 0x1D, 0xB2, 0x76, 0xE9,
    0x5A, 0xC6, 0x9C, 0xE0, 0xD2, 0x97, 0x63, 0xE6, 0xFE, 0xF9, 0x0E, 0xCD, 0xD5, 0x70, 0xE3, 0x29,
    0x37, 0x4C, 0xE0, 0xC7, 0x70, 0x4E, 0xDC, 0xCC, 0x41, 0x0F, 0xE5, 0xA6, 0x58, 0x71, 0xD3, 0xDA,
    0x51, 0xBE, 0xE6, 0x4F, 0x7B, 0x8A, 0x8D, 0x28, 0xF1, 0xEF, 0x59, 0x5B, 0xC7, 0x65, 0x11, 0xFF,
    0xC3, 0xC5, 0x5F, 0xC2, 0x11, 0x28, 0xE3, 0x25, 0xC7, 0x1B, 0x82, 0xC2, 0xA3, 0x39, 0xE7, 0xD0,
    0x4F, 0x58, 0x32, 0x65, 0xDC, 0x6F, 0xB9, 0x9D, 0x06, 0x1A, 0x2D, 0xC6, 0x5D, 0xB4, 0xBD, 0x43,
    0xFF, 0xF1, 0x8E, 0xF9, 0x18, 0x37, 0x37, 0xF6, 0xF0, 0xA9, 0xCB, 0xE8, 0xFB, 0x25, 0x26, 0x71,
    0x47, 0x2C, 0x37, 0x92, 0x4E, 0x81, 0x8B, 0x01, 0x30, 0x06, 0xC8, 0x48, 0x12, 0x3A, 0xB0, 0x91,
    0xC9, 0xA0, 0x2F, 0x67, 0x5C, 0x2C, 0x3A, 0x86, 0xCF, 0x2F, 0xA6, 0xBD, 0xC3, 0x60, 0x98, 0xF6,
    0xA4, 0x25, 0x27, 0xFB, 0xAD, 0x93, 0xEA, 0x3D, 0x72, 0xDF, 0x08, 0x2E, 0x92, 0xFA, 0xB3, 0x40,
    0x9B, 0x69, 0x07, 0x9F, 0x02, 0xBA, 0xB8, 0x9C, 0x36, 0xBB, 0x94, 0x2C, 0xA6, 0xF4, 0x87, 0xC8,
    0xA9, 0x3A, 0xD0, 0x0C, 0x5F, 0xB0, 0xB1, 0x4F, 0x7E, 0xCC, 0xBE, 0x34, 0x67, 0xE7, 0xBD, 0xD6,
    0x6A, 0x8F, 0x84, 0x65, 0x1D, 0xCA, 0xFA, 0x16, 0x1C, 0x25, 0x8C, 0xAD, 0xD2, 0xFD, 0x66, 0xE4,
    0x2A, 0x92, 0x52, 0x71, 0xAE, 0x3D, 0x2B, 0xB4, 0xBF, 0xC1, 0x31, 0x03, 0xA3, 0x60, 0xFC, 0x0E,
    0xBD, 0xC2, 0x8C, 0xCF, 0x60, 0x9F, 0x65, 0xA5, 0x27, 0x11, 0x08, 0x2A, 0xB5, 0x44, 0x34, 0x89,
    0xCD, 0xC5, 0xB6, 0xF4, 0xA8, 0xD0, 0x7C, 0xB1, 0x56, 0xF6, 0xB4, 0x55, 0x97, 0x35, 0x68, 0x53,
    0xC3, 0xB9, 0xAD, 0xD9, 0xB7, 0xA3, 0xC3, 0xC6, 0x24, 0x50, 0x98, 0xBD, 0xD4, 0x52, 0x7F, 0xC3,
    0xE3, 0xEF, 0xD1, 0x7B, 0xB8, 0x4D, 0x80, 0x78, 0x07, 0x3A, 0xEE, 0x54, 0x7B, 0x70, 0xF0, 0x82,
    0x3E, 0x6E, 0xAF, 0x0E, 0x90, 0x60, 0x13, 0x90, 0x0B, 0x31, 0xFA, 0xFC, 0x04, 0xA3, 0x25, 0x19,
    0x6D, 0x77, 0x65, 0x34, 0x9C, 0x12, 0x2C, 0x6B, 0x73, 0x4F, 0x12, 0xAF, 0x1F, 0xCC, 0x9B, 0xB2,
    0xF2, 0x9E, 0x00, 0xF7, 0xC7, 0xBD, 0x77, 0x5B, 0xAE, 0x4A, 0x6C, 0x8F, 0xEF, 0xCF, 0x6C, 0xF0,
    0x1A, 0xD2, 0x44, 0x58, 0xF1, 0xFA, 0x5C, 0x78, 0x35, 0xE7, 0xF1, 0x2A, 0xAF, 0x8E, 0x70, 0x09,
    0xA3, 0xEB, 0x48, 0x8B, 0x42, 0xFC, 0x5A, 0x58, 0x0E, 0xAF, 0xA5, 0x46, 0x16, 0xAD, 0x88, 0x53,
    0x31, 0x47, 0x6B, 0xC9, 0xD7, 0x14, 0x3F, 0xE1, 0x47, 0x22, 0xED, 0x6F, 0xDC, 0xAE, 0x99, 0xE2,
    0x1F, 0x42, 0xC5, 0x31, 0xE7, 0x88, 0xC9, 0x47, 0xAC, 0x3C, 0x7C, 0x75, 0x33, 0xE5, 0xD8, 0xB6,
    0xFB, 0xBA, 0x03, 0x75, 0x1D, 0x44, 0x05, 0xA3, 0x9C, 0xA2, 0x52, 0xFE, 0x44, 0x02, 0x31, 0xFE,
    0x98, 0x7C, 0xF7, 0xD8, 0xC8, 0x36, 0xEF, 0x78, 0xCC, 0x3B, 0x95, 0xEB, 0x37, 0x4F, 0x3D, 0x64,
    0x37, 0xC5, 0xD7, 0x18, 0x20, 0x5A, 0xFA, 0x21, 0x67, 0x1C, 0xCD, 0x6F, 0x3D, 0xBF, 0x45, 0xFD,
    0x30, 0xF0, 0xA0, 0x12, 0xDE, 0xA3, 0x72, 0x00, 0x4A, 0xF1, 0x8B, 0x96, 0x0A, 0xA3, 0x36, 0xAB,
    0x68, 0xC3, 0x66, 0x66, 0xDF, 0x0D, 0x82, 0xF4, 0x2B, 0x79, 0x5F, 0x0A, 0xC7, 0x3B, 0x41, 0xF7,
    0x7E, 0xD0, 0x3F, 0x09, 0xFA, 0xBF, 0xBC, 0x24, 0x1A, 0x97, 0x65, 0xE8, 0xD8, 0xFE, 0xFE, 0xE5,
    0x18, 0xDA, 0x65, 0x48, 0x4F, 0xE5, 0x6C, 0x7D, 0x48, 0xA3, 0xC5, 0x1D, 0x4E, 0xEC, 0x54, 0xB2,
    0x47, 0xB0, 0xA4, 0xA4, 0x98, 0x2A, 0x9D, 0xDF, 0x5C, 0x51, 0x42, 0xCA, 0x39, 0xE9, 0x2A, 0x44,
    0x43, 0x5E, 0x98, 0x82, 0xF9, 0xE9, 0xF3, 0x15, 0xAA, 0x60, 0x48, 0xA8, 0x25, 0x68, 0xF0, 0x36,
    0x9E, 0xBC, 0x7A, 0x70, 0x0F, 0x3A, 0x04, 0xF3, 0xAC, 0xC1, 0x7C, 0x5B, 0xA4, 0xEA, 0xCF, 0xAE,
    0x75, 0xCA, 0x1F, 0x2E, 0x76, 0x32, 0x5A, 0xC1, 0x33, 0x1A, 0xAA, 0x3A, 0x1D, 0x32, 0xB7, 0x1C,
    0x12, 0xD7, 0x41, 0xE9, 0x95, 0x30, 0xCA, 0x69, 0xD9, 0xAF, 0xC8, 0x29, 0x5B, 0x2F, 0x37, 0x86,
    0x01, 0xF8, 0x9F, 0xCF, 0xAB, 0xC5, 0xC0, 0x02, 0x83, 0xEF, 0x15, 0x83, 0x23, 0xF3, 0x08, 0xEC,
    0xBF, 0x2B, 0x6F, 0xCF, 0xF4, 0xD4, 0x81, 0xCD, 0xD6, 0xA9, 0x7C, 0xA3, 0x40, 0xDC, 0x29, 0xEF,
    0x94, 0x51, 0x93, 0xF2, 0xBD, 0x5C, 0x7D, 0xDB, 0xE8, 0x58, 0x92, 0xE6, 0x95, 0x0A, 0x85, 0x30,
    0x1F, 0x48, 0xF4, 0x81, 0xBA, 0x35, 0xFE, 0x3B, 0x49, 0x4E, 0xF2, 0x41, 0x3B, 0xDE, 0xD3, 0xE5,
    0xD7, 0xE5, 0xB7, 0x0A, 0x24, 0xB8, 0xEA, 0x78, 0x9A, 0x4E, 0x1F, 0x1C, 0xA8, 0xE6, 0x89, 0xF1,
    0x17, 0x0F, 0xA0, 0xB3, 0x9F, 0xE8, 0x5B, 0xAC, 0x34, 0x1F, 0x92, 0xF2, 0x15, 0x01, 0xF6, 0x33,
    0x9F, 0x2F, 0x39, 0x32, 0x61, 0x8F, 0x31, 0xCA, 0x60, 0x80, 0xBB, 0x21, 0xE1, 0x93, 0x3B, 0xBF,
    0x3E, 0xBC, 0x5D, 0x08, 0x05, 0xF5, 0xA7, 0x18, 0x4F, 0xCC, 0xFB, 0x7F, 0xF6, 0xE6, 0x69, 0xBC,
    0xF0, 0xFA, 0xEC, 0x95, 0x89, 0xD1, 0x35, 0x30, 0x3A, 0x08, 0xA3, 0x29, 0x18, 0x6D, 0x63, 0xD9,
    0xA9, 0x75, 0x1A, 0xD8, 0xCD, 0xA7, 0x6D, 0xCD, 0x76, 0xF2, 0xED, 0x45, 0x5E, 0x35, 0xA3, 0x88,
    0x5B, 0xFB, 0x50, 0xF9, 0xBB, 0x9F, 0x9E, 0xB0, 0xAA, 0x6C, 0x86, 0x6B, 0x6C, 0xF6, 0xE3, 0xE0,
    0x73, 0xDF, 0x21, 0x1D, 0xDF, 0x4C, 0x66, 0x40, 0x37, 0x1D, 0xC6, 0x14, 0x64, 0x3F, 0x5F, 0x7F,
    0xE7, 0x7C, 0x7A, 0xD3, 0x9C, 0x7B, 0x2A, 0xB9, 0xE6, 0x00, 0x27, 0x67, 0xE4, 0xFF, 0xE2, 0x19,
    0x94, 0x83, 0x28, 0x95, 0x7C, 0x21, 0x5B, 0xDE, 0xB6, 0xCF, 0x3A, 0xCD, 0x35, 0xCD, 0x7A, 0x86,
    0x3A, 0x17, 0x8C, 0x1C, 0xA3, 0x8E, 0xC6, 0x3C, 0xE5, 0x15, 0x1E, 0xC0, 0x12, 0x16, 0x21, 0xDF,
    0xD3, 0x1F, 0x9E, 0x62, 0x26, 0x44, 0x9D, 0x37, 0x14, 0x30, 0xEC, 0xC2, 0xDE, 0xC7, 0x20, 0xC3,
    0x47, 0x18, 0x82, 0x2E, 0x33, 0x45, 0x89, 0x6B, 0x9B, 0xC2, 0x94, 0xF5, 0x71, 0x4D, 0x4A, 0x68,
    0x13, 0x1B, 0x36, 0x31, 0xB3, 0x3D, 0x5D, 0xB4, 0x88, 0xE9, 0x8B, 0x32, 0x5B, 0xF4, 0x0B, 0x68,
    0x98, 0x2A, 0xAE, 0x23, 0x5A, 0xBB, 0xC5, 0xEF, 0xEA, 0xE0, 0x3B, 0x2E, 0x10, 0x9F, 0x94, 0xC1,
    0x77, 0xE2, 0x73, 0xE4, 0xC1, 0x0B, 0x79, 0xA1, 0x48, 0xF3, 0x24, 0x13, 0x6A, 0xA4, 0x56, 0x77,
    0x04, 0x25, 0x63, 0x6D, 0xA9, 0xFB, 0x28, 0xB4, 0xA3, 0xC5, 0x70, 0x1F, 0x6D, 0x50, 0x7D, 0x59,
    0x1B, 0x8E, 0xB7, 0x62, 0x20, 0xBC, 0xEF, 0xC1, 0x5E, 0x3D, 0x39, 0x41, 0xA2, 0x16, 0x26, 0x72,
    0x05, 0x7F, 0x18, 0xBE, 0x58, 0x41, 0x3F, 0xA7, 0x32, 0x59, 0x9E, 0xD0, 0x6F, 0xCE, 0xCA, 0xF4,
    0x89, 0xE1, 0x4B, 0xEF, 0xD9, 0x43, 0x0F, 0x4C, 0xD7, 0xEF, 0xBC, 0xC3, 0xCC, 0x9C, 0xC5, 0xC3,
    0x0C, 0x0B, 0x7C, 0xD4, 0x3C, 0x49, 0xE1, 0x18, 0x86, 0xED, 0x90, 0xFC, 0x1E, 0x80, 0xB5, 0x7D,
    0xFC, 0x59, 0x63, 0x82, 0xFF, 0x75, 0xF1, 0xE7, 0xB0, 0x96, 0x5F, 0xB4, 0xD1, 0x97, 0x35, 0xFB,
    0x29, 0x6A, 0xCD, 0x35, 0x92, 0x1D, 0x43, 0x81, 0x11, 0x81, 0xF0, 0x9C, 0x5A, 0xE5, 0xFA, 0x9E,
    0xA0, 0xA4, 0xD6, 0x98, 0xBD, 0x7C, 0x35, 0x74, 0x1A, 0x07, 0x93, 0x18, 0x64, 0xDC, 0xA6, 0xDB,
    0x06, 0x4D, 0xE2, 0x67, 0x1C, 0x03, 0x8C, 0x00, 0x9D, 0x05, 0xE2, 0xCD, 0x31, 0xF4, 0xC7, 0xCD,
    0x64, 0x09, 0xC0, 0x15, 0x92, 0x9E, 0x99, 0xD6, 0xE3, 0x7F, 0xA5, 0xD0, 0xD0, 0xAF, 0xD0, 0xFF,
    0x44, 0x81, 0x02, 0xE1, 0x59, 0xBB, 0x7A, 0xE3, 0x3E, 0xEB, 0x57, 0xAD, 0xAB, 0xB3, 0x7E, 0x39,
    0x7A, 0x30, 0xBD, 0x9C, 0x9C, 0x08, 0xA7, 0xFB, 0xC0, 0x60, 0x09, 0x78, 0xE5, 0xDD, 0xD0, 0x35,
    0xAF, 0x20, 0x97, 0x3D, 0x7F, 0x5C, 0xB9, 0xC3, 0xC2, 0x9C, 0x19, 0xCB, 0xF2, 0x4B, 0x8C, 0x04,
    0x93, 0x34, 0xD5, 0x94, 0x02, 0xB6, 0xFE, 0xC0, 0x10, 0x9C, 0xC4, 0x4F, 0x2C, 0xA5, 0xBE, 0x90,
    0x37, 0xC5, 0xE9, 0x40, 0xA4, 0xC5, 0xD4, 0x86, 0x6C, 0x0C, 0x47, 0x73, 0x50, 0x41, 0x13, 0x39,
    0xDB, 0x49, 0x0C, 0x24, 0xF8, 0xC0, 0x21, 0x88, 0x25, 0x6C, 0xDF, 0xEB, 0x7B, 0xCA, 0x49, 0x3E,
    0xA6, 0xD8, 0x8F, 0x54, 0xEF, 0x9C, 0x3E, 0x31, 0x00, 0xB2, 0x3E, 0x4C, 0x0C, 0xAB, 0x9C, 0x78,
    0x72, 0x7A, 0x32, 0xA1, 0x04, 0x87, 0xFE, 0x9F, 0x0C, 0xBC, 0x59, 0x94, 0xF1, 0x9C, 0xE7, 0x1D,
    0x4B, 0xE0, 0x59, 0xA2, 0xC0, 0xF0, 0xAA, 0x64, 0x88, 0xF5, 0xCD, 0xDE, 0x4A, 0xFF, 0xD3, 0x03,
    0x81, 0x4B, 0xA2, 0x82, 0x97, 0xA4, 0xDE, 0xAC, 0x6C, 0xE2, 0x39, 0x97, 0xE5, 0xD1, 0x49, 0x41,
    0x61, 0x8C, 0x7A, 0x45, 0xC6, 0x40, 0x2B, 0x43, 0x43, 0xE3, 0x6B, 0xDB, 0xC4, 0x25, 0x98, 0x31,
    0xD4, 0xFB, 0x8B, 0xD1, 0xDD, 0x14, 0x71, 0x95, 0xE1, 0x64, 0x46, 0x92, 0xF6, 0x99, 0x53, 0x4C,
    0xE4, 0x97, 0x99, 0x4A, 0x8A, 0xA8, 0xFC, 0x07, 0x0E, 0x32, 0xF5, 0x24, 0x65, 0x77, 0x45, 0x8C,
    0xEC, 0xEE, 0x1F, 0x8D, 0x59, 0x63, 0xBD, 0x66, 0x47, 0xDD, 0xDD, 0xF0, 0x56, 0xDA, 0xE9, 0xD4,
    0xB1, 0x12, 0x77, 0x53, 0xC3, 0xC7, 0x8C, 0x93, 0x4D, 0xB7, 0x2A, 0x0D, 0xE2, 0x05, 0x9B, 0xB7,
    0xCC, 0xD8, 0xD0, 0xA0, 0x6D, 0x3D, 0xDC, 0x7C, 0x11, 0xF2, 0xE1, 0xF6, 0xE1, 0xBC, 0x59, 0x40,
    0x54, 0xF2, 0x46, 0x07, 0x38, 0x3F, 0xEE, 0xBA, 0xAD, 0x81, 0x91, 0x9C, 0x09, 0x86, 0x7F, 0x1E,
    0x18, 0xEF, 0x31, 0xFD, 0x2E, 0xFB, 0x80, 0xAB, 0x85, 0x9A, 0x4F, 0xDB, 0xDD, 0xC5, 0x1B, 0x05,
    0x03, 0xF3, 0xA4, 0x64, 0x38, 0x53, 0xDE, 0x78, 0x2F, 0x16, 0x1B, 0x81, 0xC7, 0x2B, 0x95, 0x8C,
    0xB4, 0x15, 0x45, 0xCC, 0x34, 0xEE, 0x0D, 0xCF, 0x6D, 0x3A, 0x82, 0x0B, 0x1E, 0xFF, 0x07, 0xED,
    0x59, 0xCD, 0xAE, 0xE4, 0x46, 0x15, 0x2E, 0xDB, 0xE8, 0x5A, 0xB9, 0x5E, 0x78, 0xC7, 0x82, 0x91,
    0x70, 0x96, 0x28, 0x42, 0x32, 0x4F, 0x10, 0xB7, 0x94, 0x07, 0xE0, 0x11, 0xD8, 0xCF, 0xE6, 0xBE,
    0x40, 0xC0, 0xD6, 0xBC, 0x00, 0xF7, 0x0D, 0xB8, 0x8B, 0x2C, 0x48, 0x78, 0x85, 0x21, 0xB6, 0x94,
    0x25, 0x0B, 0x5A, 0xCA, 0x82, 0x25, 0x5E, 0x0C, 0x6B, 0x2C, 0x61, 0x09, 0x27, 0x71, 0xBB, 0xF8,
    0xBE, 0xEF, 0x54, 0xB9, 0xFB, 0xDE, 0xE9, 0x49, 0x42, 0x18, 0x22, 0x40, 0xB4, 0xDA, 0x75, 0xCE,
    0xF4, 0x75, 0x55, 0x9D, 0x73, 0xEA, 0xFC, 0x7C, 0xA7, 0xC6, 0x39, 0x7C, 0x6E, 0xEF, 0x39, 0xBA,
    0xF2, 0x78, 0x49, 0xEA, 0x41, 0xA4, 0x1D, 0x5C, 0xD2, 0x7B, 0xEF, 0x0F, 0xAE, 0xC2, 0xB8, 0x39,
    0x87, 0xD1, 0x3F, 0xB8, 0xCC, 0xDF, 0x17, 0xF8, 0xAD, 0x58, 0x9D, 0xEB, 0x07, 0x57, 0x4D, 0x78,
    0x7F, 0x72, 0x0D, 0xA6, 0x94, 0x20, 0x9D, 0x73, 0xD9, 0xE2, 0x7A, 0xCC, 0xCE, 0x56, 0xE7, 0x41,
    0xD2, 0xD5, 0x6D, 0x5C, 0xEC, 0xF4, 0xB5, 0x84, 0x6F, 0x26, 0xAB, 0xE6, 0x61, 0x42, 0x58, 0x85,
    0x6B, 0x16, 0x93, 0x76, 0xA8, 0x46, 0xED, 0x07, 0x89, 0x32, 0xDF, 0xE5, 0x7C, 0x1B, 0x82, 0xE1,
    0x07, 0x4A, 0x36, 0x72, 0x6E, 0xAF, 0x85, 0xF0, 0xF9, 0x51, 0x77, 0xD6, 0xA0, 0xD1, 0x48, 0x21,
    0xA9, 0x45, 0x22, 0x25, 0x72, 0xCF, 0x19, 0xE5, 0x92, 0x62, 0x91, 0xE6, 0xC8, 0x15, 0xDB, 0xCE,
    0xD5, 0x47, 0x6E, 0x5D, 0x8E, 0x14, 0x07, 0x3B, 0xBE, 0x69, 0xB4, 0x77, 0xEC, 0x7D, 0x9B, 0x6B,
    0xEB, 0x60, 0xCD, 0x13, 0x64, 0xF0, 0x7E, 0x96, 0x44, 0x87, 0x47, 0xA2, 0x44, 0x6B, 0x06, 0x62,
    0x32, 0xB9, 0xBE, 0xDB, 0xA4, 0x84, 0x0C, 0xD0, 0x9B, 0x1D, 0xFA, 0xD1, 0x88, 0xFB, 0x77, 0x12,
    0xDA, 0xCE, 0x8B, 0xE3, 0x2F, 0xD0, 0x25, 0x3D, 0x49, 0x28, 0x1C, 0x97, 0xAB, 0x16, 0x57, 0x43,
    0x85, 0x42, 0x26, 0xA2, 0x3E, 0x52, 0xE5, 0x99, 0x7F, 0x15, 0x14, 0xEA, 0xF7, 0x41, 0x27, 0x0B,
    0x6B, 0xA6, 0xFE, 0xC4, 0x61, 0xE5, 0x70, 0xBF, 0xD9, 0x61, 0x7F, 0xDB, 0x41, 0x0E, 0xA2, 0x01,
    0x47, 0xDB, 0x0F, 0x35, 0xCE, 0xDD, 0x9F, 0x56, 0xD8, 0x6F, 0x5E, 0xB1, 0x5A, 0xB7, 0x86, 0x4D,
    0xDD, 0x73, 0xF7, 0x71, 0x64, 0x9B, 0x17, 0xFB, 0xAF, 0xA5, 0x9F, 0x22, 0x9B, 0xF9, 0x21, 0xB2,
    0xEE, 0x53, 0xF7, 0xCD, 0x1F, 0xB8, 0x01, 0xF4, 0x6A, 0xA0, 0xDE, 0x8A, 0x67, 0x39, 0xB3, 0x50,
    0x57, 0x2C, 0xB5, 0xA1, 0x57, 0xB9, 0x62, 0x81, 0x8D, 0x2A, 0x9E, 0x2A, 0xBC, 0x70, 0x93, 0x4F,
    0xEB, 0x08, 0xC1, 0x26, 0x27, 0x2D, 0x75, 0xD8, 0x82, 0x35, 0xB2, 0x2D, 0x5A, 0x98, 0xEA, 0x90,
    0x6D, 0x35, 0x4B, 0x6C, 0x73, 0x90, 0xB3, 0x45, 0xD6, 0x77, 0x91, 0xA5, 0xF7, 0x04, 0x36, 0x5F,
    0x77, 0xB6, 0x9C, 0x5D, 0x5C, 0xA1, 0x19, 0xF7, 0x93, 0x83, 0x1F, 0x3B, 0xDB, 0x2D, 0xF1, 0x76,
    0x7A, 0x90, 0x21, 0x3B, 0x19, 0x0B, 0xC9, 0xCA, 0xC5, 0x58, 0xC8, 0xDB, 0x4C, 0x62, 0x53, 0x7F,
    0xD4, 0x2C, 0x67, 0xBA, 0xF9, 0xB3, 0xC6, 0x81, 0xA5, 0x1D, 0xC4, 0xBA, 0xE0, 0xA2, 0x4D, 0x67,
    0x3F, 0xE6, 0xF3, 0xE6, 0xEC, 0xCD, 0x04, 0x83, 0x4D, 0x37, 0x0D, 0x64, 0x99, 0xDB, 0xB8, 0x91,
    0xDB, 0x77, 0x77, 0xBB, 0x48, 0x78, 0x79, 0x32, 0x39, 0x23, 0xD7, 0xEF, 0x1C, 0x6D, 0x52, 0x8E,
    0xBB, 0x49, 0xBA, 0xDD, 0x22, 0xBB, 0x41, 0xD6, 0xDD, 0x1E, 0xF3, 0x6E, 0x8E, 0x71, 0xB7, 0x46,
    0xB7, 0x1B, 0x63, 0xB7, 0xC5, 0xBA, 0x9B, 0x62, 0xDE, 0x2D, 0x31, 0xEE, 0x86, 0xE8, 0x76, 0x3B,
    0x5C, 0x9A, 0xE1, 0x6C, 0x85, 0xB3, 0x11, 0x4C, 0x85, 0xF4, 0xA3, 0xE4, 0xB7, 0x66, 0x8C, 0x2D,
    0x9F, 0x25, 0xAC, 0x6B, 0x7E, 0x7E, 0x34, 0xA6, 0x54, 0x38, 0x80, 0x91, 0xD1, 0xB5, 0xCB, 0x43,
    0x64, 0xDC, 0x05, 0x53, 0x7F, 0x51, 0x8E, 0x25, 0x56, 0x4C, 0xBD, 0xFF, 0xA3, 0x18, 0x05, 0x14,
    0x99, 0x6A, 0x96, 0xF9, 0x92, 0x0D, 0x01, 0x87, 0x68, 0x47, 0x92, 0x6B, 0x0F, 0x3A, 0xE2, 0x72,
    0xC2, 0x91, 0xD6, 0x63, 0xF0, 0x2D, 0x64, 0x3B, 0xD7, 0xD3, 0xB3, 0xB0, 0x60, 0x2A, 0xBF, 0x02,
    0x93, 0x2F, 0x81, 0x29, 0xE5, 0x53, 0x78, 0x07, 0x8B, 0xD8, 0x2C, 0xC8, 0xA5, 0x75, 0xE0, 0x83,
    0x4E, 0x2B, 0x17, 0x0B, 0xB5, 0xC7, 0x5E, 0xC8, 0xCC, 0x0A, 0xE7, 0xA9, 0x31, 0x79, 0xFE, 0x20,
    0xC6, 0xD5, 0xA7, 0x5C, 0xCC, 0x16, 0xE5, 0xFE, 0x0F, 0x63, 0x8E, 0x64, 0x92, 0xFB, 0xC0, 0x50,
    0x67, 0x63, 0x26, 0xB8, 0xA8, 0x98, 0xD9, 0x0C, 0xE5, 0x72, 0xB8, 0xDB, 0x81, 0xC7, 0xFA, 0x19,
    0x95, 0x21, 0x33, 0xF4, 0xC1, 0x61, 0x87, 0x67, 0xBE, 0x0B, 0x59, 0x23, 0x84, 0xBD, 0x66, 0x3C,
    0x21, 0x8D, 0x0B, 0x7B, 0x5E, 0x21, 0xFD, 0xF7, 0x47, 0x4C, 0xF2, 0x27, 0xE4, 0x9C, 0x73, 0x23,
    0x51, 0xE0, 0x33, 0xE9, 0x5A, 0xDA, 0x5B, 0x8C, 0xC8, 0x3D, 0x11, 0xE6, 0x0D, 0x42, 0x2C, 0x3E,
    0xA5, 0xD4, 0x3B, 0x3F, 0xB4, 0xDB, 0x77, 0x7B, 0x3C, 0x9F, 0xA9, 0x1E, 0x7A, 0x3C, 0xF5, 0xC4,
    0x2A, 0x16, 0x1F, 0xD4, 0xBF, 0x5E, 0xF1, 0x04, 0x6B, 0xCE, 0x8E, 0x62, 0x58, 0xFD, 0x66, 0x66,
    0x0E, 0xDC, 0xB2, 0x73, 0x6B, 0xE4, 0xB6, 0x6D, 0xE7, 0xFA, 0x9D, 0xA3, 0xD7, 0x1A, 0x67, 0xA5,
    0x98, 0x5C, 0x39, 0x45, 0xAE, 0x98, 0x23, 0x97, 0x45, 0x8C, 0xB0, 0x25, 0x5B, 0xE4, 0x10, 0x04,
    0x91, 0x6B, 0xBB, 0xC8, 0x35, 0x43, 0xE4, 0xAA, 0x29, 0x72, 0xE5, 0x1C, 0xB9, 0x6C, 0xED, 0xDD,
    0x4B, 0x71, 0xE9, 0xA9, 0x47, 0x06, 0x21, 0xE7, 0x7C, 0x9F, 0xF0, 0x2F, 0x9B, 0xCA, 0xB2, 0x47,
    0xBC, 0x31, 0x9A, 0xB0, 0xF6, 0x51, 0xA9, 0xBF, 0xF6, 0xAC, 0x0D, 0x74, 0xC3, 0xD2, 0xE3, 0xAB,
    0xC4, 0x9F, 0x7B, 0xA5, 0xC7, 0xE0, 0xB4, 0xA1, 0x08, 0x35, 0x93, 0x59, 0x02, 0x74, 0x0A, 0x54,
    0x56, 0x28, 0x87, 0x68, 0x83, 0x68, 0x81, 0xA8, 0xFF, 0x86, 0x2C, 0xD5, 0xD3, 0xFB, 0xEB, 0xC1,
    0xA8, 0x34, 0x07, 0x95, 0xDE, 0xA0, 0xD2, 0x1A, 0x14, 0x49, 0x4E, 0x54, 0x1A, 0x93, 0x52, 0x5F,
    0x52, 0x6A, 0x4B, 0x5A, 0x8D, 0x46, 0xCB, 0xC9, 0x68, 0xB6, 0x18, 0x4D, 0x57, 0xA3, 0xD0, 0xD1,
    0x28, 0x34, 0x14, 0x6D, 0x02, 0xAD, 0x03, 0x2D, 0x03, 0x85, 0x66, 0x01, 0x0B, 0xEE, 0xB4, 0x0A,
    0x34, 0x00, 0x98, 0x36, 0x14, 0xDD, 0xDE, 0x07, 0x07, 0x5D, 0x9E, 0x04, 0xDB, 0x15, 0xD2, 0x5C,
    0xAF, 0xC7, 0x0B, 0xE1, 0x64, 0xD3, 0xAD, 0x2D, 0x72, 0x63, 0xD3, 0x9D, 0x08, 0xA3, 0x50, 0x87,
    0xC6, 0x82, 0x40, 0xD0, 0x77, 0x99, 0x08, 0x13, 0x3C, 0x89, 0x3B, 0x59, 0xD5, 0x08, 0x64, 0x7B,
    0x5B, 0xC4, 0x30, 0x5B, 0x20, 0xAD, 0x11, 0x6F, 0x21, 0x17, 0xC8, 0x6A, 0x84, 0xD5, 0xEF, 0x9E,
    0xA8, 0x39, 0x9F, 0x69, 0x89, 0x64, 0xB3, 0x34, 0xB2, 0x5C, 0x9A, 0xEA, 0xE9, 0xA7, 0x16, 0x54,
    0x69, 0x54, 0x2E, 0x1B, 0xAD, 0xD3, 0x6B, 0x3C, 0x29, 0xCD, 0xAD, 0x86, 0x96, 0x69, 0x9C, 0x6C,
    0x66, 0xC1, 0x2A, 0x14, 0x65, 0xA8, 0x21, 0x47, 0x2E, 0x59, 0x12, 0x60, 0x0F, 0xF9, 0xC4, 0xEA,
    0x07, 0x50, 0x8C, 0x32, 0xC8, 0x6A, 0xBB, 0x17, 0x3E, 0x56, 0x37, 0xA6, 0xF4, 0x4C, 0xC5, 0x4D,
    0xE3, 0x50, 0x68, 0x0A, 0xAB, 0x51, 0x39, 0xF2, 0xD8, 0xCA, 0xC9, 0xA0, 0xB4, 0xE1, 0xEA, 0xFE,
    0xC0, 0xED, 0x6E, 0x1E, 0xD2, 0x8F, 0xE0, 0x17, 0x2A, 0x35, 0x3D, 0x7E, 0xAF, 0x98, 0x53, 0xF2,
    0xF9, 0x8A, 0xF0, 0x1B, 0x61, 0x0A, 0x7C, 0xB9, 0x60, 0x8D, 0xAC, 0x46, 0x14, 0x3F, 0x88, 0xB7,
    0xB9, 0x24, 0x24, 0x25, 0x96, 0xF4, 0x1B, 0x4F, 0x98, 0x68, 0x42, 0xC0, 0x97, 0xEE, 0x1B, 0xD7,
    0x02, 0x21, 0xD3, 0x80, 0xAD, 0xDB, 0x42, 0x9A, 0x43, 0x4C, 0x1D, 0xE0, 0x56, 0xED, 0x97, 0x10,
    0x13, 0x78, 0xBC, 0x39, 0xA4, 0xFE, 0x55, 0xDD, 0xD9, 0xDF, 0xEA, 0x3F, 0x2D, 0xF4, 0xB9, 0x23,
    0x0D, 0x4C, 0xDB, 0xFF, 0xE4, 0x35, 0x29, 0x54, 0xF6, 0xDF, 0xF6, 0x20, 0x2C, 0xAC, 0x08, 0x14,
    0x0E, 0x16, 0x0A, 0x16, 0x06, 0x56, 0xC1, 0x36, 0xFC, 0x4B, 0xF4, 0x7B, 0xDB, 0xDD, 0x76, 0xC5,
    0xDC, 0x76, 0xC9, 0x06, 0x23, 0xB5, 0xB0, 0x51, 0x35, 0x3C, 0x11, 0x4E, 0xA9, 0xE4, 0x9F, 0x78,
    0xB2, 0xD5, 0xEB, 0x29, 0x56, 0x02, 0x5F, 0xE2, 0x5E, 0xC2, 0x5E, 0xA1, 0xDE, 0x6A, 0x44, 0x0A,
    0x54, 0xE4, 0x52, 0x3A, 0x03, 0x9C, 0xF2, 0x9F, 0x9B, 0xC3, 0x55, 0xE7, 0xB2, 0xD6, 0xA7, 0x16,
    0x64, 0x17, 0x8C, 0xC9, 0x64, 0x67, 0xA2, 0xC1, 0x7E, 0xE0, 0xF1, 0x02, 0xD5, 0x41, 0xDC, 0x1F,
    0x04, 0xAF, 0xEE, 0xCF, 0xAE, 0x1D, 0x8A, 0x5D, 0x1C, 0x71, 0xC8, 0xCB, 0xE5, 0x28, 0x54, 0x2B,
    0x31, 0x04, 0x53, 0x90, 0x10, 0xE5, 0x45, 0x0B, 0x61, 0x4A, 0xB9, 0x70, 0xFD, 0x66, 0xC1, 0x5E,
    0x37, 0x56, 0x6F, 0xB7, 0x45, 0x32, 0x2C, 0x6A, 0x0B, 0x96, 0xF4, 0x21, 0x7D, 0xA0, 0x77, 0x41,
    0x93, 0x96, 0xFE, 0x26, 0xEF, 0xCA, 0xA6, 0x47, 0x82, 0xB7, 0x4B, 0x39, 0x60, 0x9F, 0x72, 0x40,
    0x36, 0xFD, 0xF3, 0x50, 0xCF, 0xB9, 0xA7, 0xA0, 0x7E, 0xC0, 0x5E, 0xED, 0xE0, 0x03, 0x14, 0xAA,
    0xAF, 0x0E, 0xFA, 0x2B, 0xF1, 0xA0, 0xCD, 0xA8, 0x27, 0xB4, 0x00, 0x58, 0xE5, 0xAF, 0x5C, 0xEF,
    0x6E, 0x70, 0x77, 0x8B, 0x9A, 0xAD, 0x30, 0x24, 0x1D, 0x22, 0x07, 0x92, 0xF4, 0x87, 0x72, 0x81,
    0xA3, 0xE6, 0x82, 0x7A, 0x74, 0x68, 0xF7, 0x8C, 0xD0, 0xCF, 0xEC, 0x57, 0x45, 0xFB, 0x9D, 0xAC,
    0xC3, 0x3C, 0x10, 0x42, 0xB5, 0xB2, 0x5F, 0x65, 0xD1, 0x33, 0x33, 0x39, 0x98, 0x3D, 0x50, 0xCE,
    0x14, 0xB8, 0xDB, 0x1E, 0xC4, 0xD7, 0x46, 0xBF, 0x07, 0x77, 0xBA, 0xB6, 0x8A, 0x3C, 0x8B, 0x42,
    0xEB, 0x67, 0x4B, 0xB5, 0xB3, 0xA1, 0x9B, 0x35, 0xF8, 0x09, 0xFB, 0x1D, 0x59, 0xDD, 0x95, 0x4B,
    0x0A, 0xB9, 0x58, 0x7D, 0x91, 0x96, 0x1A, 0x55, 0x7D, 0x59, 0x52, 0xCD, 0x82, 0x3A, 0x4D, 0x35,
    0x9D, 0xEA, 0x3F, 0x2B, 0xB4, 0xA2, 0x07, 0xEC, 0xD0, 0xD0, 0x80, 0xF5, 0xB1, 0x0F, 0x78, 0xAA,
    0x98, 0xAE, 0x0D, 0xFA, 0x2B, 0xDE, 0xAB, 0x8E, 0x9A, 0x51, 0xCD, 0x09, 0x9D, 0x06, 0x27, 0x67,
    0x4D, 0x6C, 0x45, 0xE8, 0x44, 0x3C, 0x6D, 0x62, 0xA8, 0xB4, 0x95, 0x7F, 0xE1, 0x3F, 0xAD, 0xF1,
    0xFB, 0x7F, 0x0F, 0x75, 0xA5, 0x87, 0x32, 0xD6, 0x1A, 0xCC, 0x88, 0x0A, 0x42, 0xE7, 0x14, 0x56,
    0x1A, 0x63, 0xBC, 0xFD, 0xEF, 0x75, 0x4E, 0x4F, 0x7B, 0xA0, 0x6F, 0xC3, 0xFC, 0xF7, 0xF4, 0x49,
    0x10, 0xF6, 0x9D, 0x0B, 0x04, 0xA3, 0x1C, 0x6A, 0xCE, 0x6B, 0x39, 0xED, 0x46, 0x9D, 0x46, 0x31,
    0x5E, 0x14, 0x78, 0x65, 0x58, 0x15, 0x75, 0x37, 0x97, 0xE7, 0xF1, 0xE5, 0xFB, 0xD2, 0x7C, 0x3D,
    0x8F, 0xF6, 0x7E, 0x6B, 0x4D, 0x89, 0x66, 0x6D, 0xCC, 0xB6, 0xE9, 0xAA, 0x6A, 0xBD, 0x32, 0x89,
    0x65, 0x33, 0x13, 0x69, 0x31, 0x11, 0x0A, 0x94, 0x23, 0xAB, 0x7B, 0x75, 0x64, 0xA9, 0x6E, 0x06,
    0xBA, 0x4F, 0xD3, 0xA5, 0x6B, 0x3C, 0x56, 0x6F, 0x5F, 0x8A, 0x2C, 0x58, 0xD0, 0x19, 0x20, 0xE0,
    0xCB, 0xD5, 0xB1, 0xD0, 0x74, 0xC1, 0x82, 0x89, 0x0B, 0x1A, 0x82, 0x01, 0xF2, 0x18, 0xCC, 0x0F,
    0x53, 0xC5, 0xE8, 0x10, 0x31, 0x9E, 0xE5, 0x7F, 0x6A, 0x77, 0xFF, 0x28, 0x6F, 0xD3, 0x68, 0x04,
    0x8E, 0x54, 0xB2, 0x23, 0x7A, 0xC3, 0xCB, 0x73, 0x8E, 0x61, 0x65, 0x9E, 0xD0, 0x6F, 0xB5, 0x7F,
    0x1D, 0x4C, 0x5C, 0xC3, 0x11, 0xDD, 0x13, 0x1C, 0xF1, 0x43, 0xAF, 0x4C, 0xAC, 0x4B, 0x3A, 0x4E,
    0x68, 0xD8, 0x63, 0x5C, 0xE2, 0x08, 0xC5, 0xAD, 0xEF, 0x0A, 0x81, 0xF1, 0x47, 0x38, 0xC2, 0x44,
    0xEB, 0xE2, 0x66, 0xB1, 0x40, 0xB7, 0x9D, 0x7B, 0xD4, 0xD8, 0x59, 0x56, 0xFB, 0xFA, 0x4F, 0xE9,
    0xED, 0xC8, 0x99, 0x90, 0x8D, 0x69, 0x23, 0x13, 0xE3, 0x3A, 0x8B, 0x4C, 0xF1, 0xF7, 0xC0, 0x94,
    0x7F, 0x8B, 0x00, 0xF8, 0xB3, 0xC0, 0xF4, 0x1F, 0x2C, 0xA1, 0x69, 0xCB, 0x8C, 0xC9, 0xD6, 0xC0,
    0x94, 0x33, 0x8F, 0x85, 0x76, 0x9A, 0x02, 0xC3, 0x4A, 0x20, 0x06, 0x10, 0x2E, 0x74, 0x75, 0x66,
    0x7B, 0x26, 0x42, 0x63, 0xCA, 0x98, 0x55, 0x9A, 0xC8, 0xF4, 0x81, 0x61, 0x2A, 0xD3, 0x3B, 0x4C,
    0x64, 0x62, 0x98, 0xC6, 0x74, 0xF2, 0xF4, 0x6B, 0x31, 0xED, 0x10, 0x18, 0x4E, 0xFC, 0x30, 0x28,
    0x1A, 0xAE, 0x7D, 0xB2, 0xE5, 0x71, 0x7C, 0x46, 0x6B, 0xBE, 0x01, 0xCC, 0x6E, 0x38, 0xC1, 0x8E,
    0x47, 0x39, 0xB2, 0xD5, 0x86, 0x58, 0x5F, 0xEA, 0xB4, 0x46, 0xDA, 0xA4, 0xEF, 0x30, 0x19, 0x39,
    0x43, 0xCD, 0x02, 0x60, 0x25, 0x5D, 0x8E, 0x27, 0xCB, 0x30, 0x79, 0xEE, 0x3F, 0xF9, 0xE4, 0x77,
    0xB3, 0xA4, 0x46, 0x91, 0x29, 0xBC, 0xD1, 0x86, 0xA7, 0x6C, 0x2F, 0x37, 0x6E, 0xBF, 0x94, 0x14,
    0xB5, 0xB4, 0x2B, 0xCC, 0xFD, 0x0E, 0x0F, 0xFD, 0x2B, 0xB4, 0x3F, 0x03, 0xB4, 0xFF, 0x9C, 0xFB,
    0xE1, 0xE8, 0x0F, 0xBD, 0xE7, 0x4D, 0xE1, 0x2B, 0xC8, 0x23, 0x0F, 0xBD, 0x0C, 0x51, 0x6B, 0x94,
    0xA5, 0x60, 0xAE, 0x10, 0xBD, 0xED, 0xDE, 0x88, 0x9E, 0xDE, 0xE5, 0x62, 0x93, 0x49, 0x36, 0xA9,
    0x22, 0x0F, 0xA1, 0xFA, 0xB3, 0x81, 0x63, 0xF5, 0x4F, 0x3C, 0x81, 0x79, 0xFE, 0x39, 0xAB, 0x79,
    0xF5, 0x82, 0xD5, 0xFF, 0x7D, 0x55, 0xFF, 0x85, 0xB5, 0x1E, 0xBA, 0x9D, 0xD8, 0x70, 0x73, 0x6C,
    0x54, 0xFD, 0x5F, 0xB2, 0xFA, 0xA7, 0x33, 0xAB, 0x7F, 0x7E, 0x64, 0xF5, 0xFF, 0xC5, 0x81, 0xD5,
    0x5F, 0x95, 0xB7, 0x5E, 0xCE, 0xD5, 0xBF, 0x54, 0xF5, 0xAF, 0x95, 0x42, 0x3F, 0x14, 0x82, 0x7B,
    0x37, 0xB5, 0x3B, 0x99, 0x7C, 0x88, 0xED, 0x84, 0x42, 0x51, 0x20, 0x62, 0x79, 0x5D, 0xFA, 0xCA,
    0x7F, 0xD0, 0x25, 0x0A, 0x70, 0x99, 0x84, 0x97, 0xD1, 0xCD, 0x90, 0x10, 0x42, 0x65, 0x1E, 0x08,
    0xA0, 0xFC, 0x35, 0x7B, 0x43, 0x96, 0xFC, 0x15, 0x43, 0x3A, 0x61, 0x28, 0xD0, 0x1C, 0x6C, 0xD5,
    0x01, 0x08, 0xE0, 0x97, 0x44, 0x00, 0x0B, 0x11, 0x00, 0x6F, 0xEF, 0x0D, 0x3D, 0x10, 0x47, 0xFC,
    0x9E, 0x08, 0xE0, 0x67, 0xBA, 0xC5, 0x2E, 0x78, 0xF3, 0xCB, 0x38, 0xE3, 0xF2, 0xC7, 0x92, 0xC8,
    0x18, 0xD8, 0x14, 0x9A, 0xD0, 0x96, 0x17, 0xC3, 0x31, 0xE2, 0x92, 0xC2, 0x7F, 0xA1, 0x8E, 0x69,
    0x51, 0xEC, 0x40, 0xF2, 0x3B, 0x5D, 0x89, 0xDF, 0xAD, 0x56, 0xDC, 0xE3, 0xB9, 0xF4, 0x37, 0x1C,
    0x38, 0xD7, 0x63, 0x6E, 0xBA, 0x95, 0x40, 0x2F, 0x2B, 0xBD, 0x73, 0xE2, 0x19, 0xC0, 0x6B, 0xFC,
    0x93, 0xD4, 0xB1, 0xF7, 0xD7, 0xF9, 0x3E, 0x08, 0x98, 0xD4, 0x87, 0x98, 0x87, 0x43, 0x0E, 0xCD,
    0x28, 0x27, 0xBD, 0x0A, 0xDD, 0x23, 0xF2, 0xE2, 0x91, 0x7B, 0xD0, 0x82, 0x15, 0x6D, 0xCF, 0x7A,
    0xD5, 0x63, 0x8F, 0x84, 0xDD, 0x57, 0xAA, 0x22, 0x78, 0x63, 0x72, 0x78, 0xD6, 0x04, 0xCC, 0xA3,
    0x10, 0x93, 0xBB, 0xDB, 0xCE, 0x48, 0x3B, 0x3F, 0x86, 0x1C, 0x1F, 0x9E, 0x04, 0x4F, 0x3E, 0xEE,
    0x31, 0xE2, 0x1F, 0x7F, 0x2E, 0xAF, 0xC8, 0xBF, 0x8F, 0xE1, 0xFC, 0xF9, 0xE9, 0xEE, 0xFA, 0xE5,
    0x3E, 0x54, 0x1C, 0x7E, 0x75, 0xE9, 0x3A, 0x68, 0xF9, 0x10, 0xEC, 0xFB, 0x17, 0xCA, 0xDA, 0xF7,
    0xF2, 0xC7, 0x37, 0x7E, 0xD9, 0x59, 0x4C, 0x29, 0xCF, 0x28, 0xE2, 0xF8, 0x1F, 0xCB, 0x0E, 0x38,
    0x09, 0x9C, 0x08, 0xC6, 0xFA, 0x90, 0xDA, 0x59, 0x7C, 0xEC, 0x9E, 0x87, 0xBB, 0x7A, 0xDD, 0xD2,
    0xDB, 0xFD, 0xFC, 0xA7, 0x6F, 0xAB, 0xA7, 0x7B, 0x62, 0xF3, 0xEF, 0xB8, 0xCA, 0x7B, 0x87, 0xF7,
    0xD8, 0x97, 0xE8, 0x5E, 0x31, 0xFF, 0x4A, 0x06, 0x32, 0x7C, 0xD6, 0x5C, 0x6F, 0xB3, 0xCC, 0xD5,
    0xBF, 0x69, 0x7C, 0x41, 0x04, 0xDF, 0xFC, 0x46, 0x80, 0xB8, 0xE7, 0x35, 0x5D, 0x63, 0xFF, 0xD1,
    0x34, 0x3A, 0xB5, 0x2C, 0x82, 0x1F, 0x03, 0xB7, 0xC0, 0xFB, 0x61, 0xFC, 0x97, 0xBE, 0xFF, 0x00,
    0x25, 0x4E, 0xB1, 0x6D, 0x03, 0x31, 0x10, 0xA3, 0x2C, 0xC0, 0x02, 0xE2, 0x42, 0x23, 0x7C, 0x9B,
    0x4E, 0x23, 0x9C, 0xBB, 0xAC, 0x12, 0x64, 0x06, 0x3F, 0x20, 0x64, 0x82, 0x8C, 0x91, 0x11, 0xBE,
    0x08, 0x22, 0x8D, 0x60, 0xA4, 0x49, 0xAB, 0x11, 0x54, 0x7C, 0xA1, 0xE2, 0xFE, 0xE9, 0x7B, 0xF8,
    0xC8, 0x3B, 0x10, 0x20, 0x09, 0xDC, 0x82, 0x0D, 0x05, 0xA9, 0x86, 0x8E, 0xC5, 0xA9, 0x1F, 0xB1,
    0xC9, 0x15, 0xAF, 0x80, 0xE3, 0x15, 0x81, 0x77, 0x4C, 0xFF, 0xC3, 0xFC, 0x1D, 0x61, 0x84, 0x3A,
    0x91, 0x55, 0xC8, 0x3C, 0x9F, 0x37, 0x90, 0xFD, 0xC9, 0x6F, 0xBC, 0xEF, 0x27, 0x15, 0xAE, 0x13,
    0xEF, 0x9E, 0x98, 0xC9, 0x79, 0xB6, 0x6B, 0x01, 0xD0, 0x44, 0xCA, 0xA5, 0x97, 0x71, 0x52, 0xA8,
    0x1B, 0xA1, 0xBF, 0xE4, 0x4B, 0x83, 0x28, 0x0A, 0xA1, 0x09, 0x6B, 0xC4, 0x48, 0x87, 0x96, 0x0D,
    0x97, 0x15, 0x58, 0x22, 0x9C, 0x4A, 0xF6, 0xA3, 0x20, 0xFE, 0x29, 0xE4, 0xAD, 0xE1, 0xC3, 0x20,
    0x9F, 0x8A, 0xC8, 0x0E, 0xCF, 0x0A, 0xFC, 0xC2, 0x66, 0x87, 0x7D, 0x6D, 0xF4, 0x5A, 0x68, 0xEC,
    0x85, 0x59, 0xC0, 0x7A, 0x40, 0xCC, 0x0E, 0xD5, 0x77, 0xD7, 0x61, 0x1B, 0x9A, 0xE4, 0xA3, 0xE0,
    0x73, 0xC4, 0xD4, 0x93, 0xE2, 0x86, 0x5B, 0x19, 0xA9, 0x9D, 0xBF, 0x04, 0x3F, 0x50, 0x58, 0xB5,
    0xA7, 0xF6, 0x00, 0x1D, 0xCC, 0xB1, 0x11, 0x80, 0x20, 0x0C, 0x85, 0xE1, 0xA7, 0x14, 0x14, 0x14,
    0x19, 0x81, 0x11, 0x9C, 0x40, 0x61, 0x30, 0xEF, 0x70, 0x33, 0x19, 0xC1, 0x11, 0x18, 0x21, 0x85,
    0x05, 0x05, 0x87, 0x3E, 0x68, 0xBE, 0xCB, 0x5D, 0xF2, 0x47, 0x2A, 0x00, 0xF9, 0xE2, 0x20, 0x8F,
    0xF1, 0x21, 0x56, 0x89, 0x99, 0x8C, 0xB5, 0x6D, 0xC4, 0x0D, 0xA4, 0x13, 0x9F, 0xC8, 0x11, 0xC8,
    0x1E, 0x2E, 0xE0, 0xDC, 0xD8, 0x35, 0x21, 0x55, 0x0A, 0xD6, 0xD7, 0x29, 0x53, 0x33, 0xA9, 0x70,
    0x65, 0x6D, 0xFC, 0xB9, 0x90, 0x8C, 0x0E, 0x9E, 0xDE, 0xCA, 0x28, 0x68, 0x8A, 0xF0, 0xFA, 0x03,
    0xCD, 0x58, 0x3D, 0xAF, 0xDC, 0x44, 0x14, 0x1D, 0xDB, 0xD2, 0xB3, 0x84, 0x0B, 0xA7, 0x88, 0x84,
    0x14, 0x8A, 0x6D, 0xA9, 0xF0, 0x1F, 0x20, 0xB1, 0x11, 0x05, 0x6D, 0x3A, 0x8A, 0xFC, 0x83, 0x34,
    0x69, 0x53, 0x24, 0xD8, 0x3F, 0x81, 0x26, 0x7D, 0x8A, 0x34, 0xA1, 0x81, 0x8E, 0xE6, 0x81, 0xFD,
    0x0F, 0x70, 0x47, 0x6B, 0x09, 0x22, 0xD1, 0x65, 0x10, 0x2E, 0x9C, 0x27, 0xAF, 0x87, 0x73, 0xCE,
    0xB5, 0xDF, 0xEE, 0xBE, 0x24, 0x4F, 0x24, 0x04, 0x89, 0xD5, 0x7B, 0xE7, 0xCE, 0xDA, 0x33, 0x77,
    0xEE, 0xDC, 0xEF, 0x59, 0xE7, 0xE2, 0xA7, 0x8E, 0x9F, 0x64, 0x12, 0xC9, 0x66, 0x91, 0x7C, 0x2F,
    0xB2, 0x5B, 0x44, 0x8A, 0x20, 0x52, 0x86, 0x8A, 0xE4, 0x71, 0xDB, 0x91, 0xCC, 0xA5, 0xC8, 0x54,
    0x0E, 0xC0, 0x68, 0xDC, 0x79, 0x32, 0xF1, 0xB9, 0xC8, 0x90, 0x91, 0x5B, 0xD6, 0xA5, 0xE4, 0x96,
    0x77, 0x09, 0xB9, 0xE5, 0x4D, 0x1C, 0xC4, 0x2B, 0x04, 0xF1, 0x0A, 0xA1, 0x01, 0x2F, 0xE7, 0xC8,
    0x0D, 0xD3, 0xC8, 0x0D, 0x8B, 0xC0, 0x2D, 0x1A, 0xB1, 0xB1, 0x07, 0x2F, 0xAC, 0x19, 0xC1, 0x0B,
    0x8C, 0x26, 0xF0, 0x02, 0xDB, 0xD9, 0xB5, 0x10, 0xA8, 0x0E, 0x3D, 0x59, 0xB4, 0x61, 0x20, 0xAF,
    0x51, 0xAC, 0x46, 0x17, 0x05, 0x17, 0x63, 0x61, 0xD0, 0x72, 0xBC, 0x3E, 0xC6, 0xBB, 0x42, 0x77,
    0x05, 0xC3, 0x24, 0xA4, 0x18, 0x81, 0x1B, 0x02, 0xB1, 0x03, 0xDF, 0x1E, 0xFF, 0xB5, 0xCD, 0x9B,
    0x11, 0xBA, 0xD8, 0xE6, 0x24, 0x8B, 0x38, 0xCC, 0x92, 0x64, 0x20, 0x5E, 0x50, 0xBC, 0xF0, 0x4C,
    0xEC, 0x31, 0x31, 0x99, 0x23, 0x3C, 0x07, 0xF3, 0x62, 0x24, 0xE6, 0x33, 0x31, 0x15, 0x26, 0x47,
    0x63, 0x1C, 0x93, 0x6F, 0xBD, 0x66, 0xF6, 0x40, 0x2A, 0x2C, 0x09, 0xE1, 0x95, 0xD0, 0x38, 0xEC,
    0x6C, 0xC9, 0x2A, 0x6A, 0x25, 0x6C, 0x5E, 0x43, 0x7B, 0xAE, 0x99, 0x7B, 0xAD, 0x9A, 0xDC, 0xF7,
    0xE0, 0xD0, 0x53, 0x9E, 0x57, 0x26, 0x95, 0x27, 0x8C, 0x78, 0x17, 0x13, 0x22, 0x82, 0xBB, 0x02,
    0x37, 0x08, 0xEE, 0x03, 0x02, 0xCF, 0x00, 0xA0, 0x8B, 0xE4, 0x92, 0x61, 0x23, 0xEE, 0x8E, 0x4D,
    0xF8, 0x07, 0xE4, 0xF6, 0x09, 0x79, 0x64, 0xE4, 0xFC, 0x84, 0xCC, 0x46, 0x26, 0x23, 0x52, 0xB9,
    0x8B, 0xA4, 0x55, 0x17, 0x1B, 0x49, 0xA4, 0x4B, 0x97, 0xF6, 0x22, 0x79, 0x27, 0xB2, 0x6B, 0x44,
    0x4A, 0x13, 0x76, 0x2F, 0x92, 0x52, 0x3E, 0x33, 0x6C, 0x58, 0x1C, 0x3D, 0x26, 0x82, 0xE6, 0xE8,
    0xF8, 0xA5, 0x97, 0x1B, 0xE5, 0x5E, 0x91, 0x92, 0xF8, 0xD9, 0x88, 0xA2, 0x28, 0xF2, 0xA3, 0x5C,
    0xCC, 0x7B, 0x23, 0x6D, 0xF0, 0x71, 0x08, 0x1D, 0x4E, 0x0A, 0x3B, 0x2A, 0x28, 0x72, 0x93, 0xCA,
    0x6C, 0xBD, 0x91, 0xD2, 0x48, 0x10, 0x89, 0x8D, 0xA4, 0x2F, 0x45, 0x76, 0xBF, 0x88, 0x94, 0x36,
    0x73, 0x16, 0x89, 0x47, 0x91, 0x6C, 0x10, 0xD9, 0x35, 0x22, 0xA5, 0x31, 0x33, 0x37, 0xA2, 0x82,
    0x49, 0x7A, 0x23, 0x8D, 0x91, 0xAB, 0xDB, 0x1E, 0x88, 0xC9, 0xD9, 0xAC, 0x72, 0xBA, 0xEC, 0xC8,
    0x46, 0x23, 0x15, 0xA3, 0x38, 0x2E, 0x4C, 0xAD, 0xD7, 0x91, 0xF2, 0x3D, 0xCD, 0xF8, 0xE8, 0x1A,
    0x33, 0xAE, 0x86, 0x13, 0xB9, 0x69, 0x86, 0x6B, 0x5F, 0xCA, 0x70, 0x96, 0x0C, 0x7C, 0x3D, 0xD1,
    0xB7, 0xC6, 0x8F, 0x94, 0xA3, 0x98, 0x1D, 0xF8, 0x90, 0xF2, 0x83, 0x68, 0xE9, 0x62, 0x1C, 0xF6,
    0xEF, 0x4F, 0xA8, 0x88, 0x03, 0xF9, 0x97, 0xCC, 0x8C, 0x9C, 0xCA, 0xE9, 0xDC, 0x03, 0xA6, 0x23,
    0xBA, 0x9D, 0xD4, 0x39, 0x38, 0x65, 0xA7, 0x8A, 0x23, 0x2A, 0x3F, 0x1B, 0x5D, 0x3A, 0xB9, 0x35,
    0x4B, 0xC0, 0x45, 0x5C, 0xE1, 0x95, 0xCF, 0x94, 0x83, 0x43, 0x53, 0xF6, 0x3C, 0x79, 0x57, 0xD3,
    0x3F, 0xEB, 0xAE, 0x3D, 0x22, 0x65, 0x7F, 0x4C, 0xEA, 0x7E, 0x9D, 0xA2, 0x14, 0xDE, 0x76, 0x5A,
    0x17, 0xBA, 0x42, 0x5C, 0x2A, 0xB2, 0x46, 0x36, 0x85, 0x8B, 0x6E, 0x3A, 0x83, 0xC7, 0x46, 0xE6,
    0x36, 0x58, 0xC3, 0x3F, 0x97, 0xBF, 0xBA, 0xC7, 0xD2, 0x10, 0x59, 0x30, 0xBB, 0xB3, 0xE7, 0x52,
    0x39, 0x3F, 0xFD, 0x4A, 0xB8, 0x2E, 0x33, 0x13, 0xA6, 0xD3, 0xFF, 0x88, 0xCC, 0x54, 0x39, 0xE4,
    0x46, 0x0D, 0xF1, 0x24, 0xA5, 0xF2, 0x74, 0xA9, 0xEC, 0x08, 0x4D, 0xCA, 0x8B, 0x5C, 0xAA, 0x8C,
    0x1E, 0xAD, 0x09, 0xBE, 0x7A, 0x4B, 0x1D, 0x38, 0x54, 0x00, 0x9B, 0x69, 0x49, 0x97, 0x26, 0x59,
    0xAB, 0x8A, 0x55, 0x98, 0xD7, 0x2B, 0xCF, 0x75, 0x58, 0xC8, 0xF2, 0x65, 0xD8, 0xAF, 0x95, 0x77,
    0x4D, 0xFE, 0xBD, 0x2B, 0x26, 0x16, 0x05, 0xD8, 0x2F, 0xEB, 0xE3, 0x85, 0xB9, 0x2B, 0x55, 0x06,
    0x93, 0x99, 0x7A, 0xF9, 0x81, 0xB9, 0x81, 0x93, 0x35, 0x65, 0x25, 0x2B, 0xAE, 0x6F, 0x42, 0x7B,
    0x6B, 0x15, 0xDC, 0xE6, 0x1B, 0x07, 0x9A, 0x38, 0xE9, 0x59, 0xBD, 0x93, 0x9E, 0x0E, 0x87, 0x40,
    0xC3, 0xF1, 0xB3, 0x9E, 0xAC, 0xF3, 0x1E, 0x19, 0xE1, 0x49, 0xDB, 0xCB, 0xD2, 0x38, 0x5E, 0xF4,
    0xDD, 0x5D, 0xD4, 0x62, 0xA6, 0x08, 0x99, 0xDC, 0xFF, 0x0C, 0xF9, 0x12, 0xFF, 0x13, 0x30, 0xF6,
    0xE7, 0xC0, 0x68, 0xC5, 0x9B, 0x94, 0x1B, 0x25, 0xB8, 0xB0, 0x7D, 0xFE, 0x5B, 0xCC, 0x58, 0x6F,
    0x99, 0xB2, 0x1A, 0x48, 0x89, 0x32, 0xCA, 0xD0, 0x62, 0xFE, 0x1E, 0x99, 0xF7, 0xDC, 0x22, 0x6B,
    0xB2, 0xDD, 0x80, 0x1A, 0xD8, 0x2E, 0xE0, 0xEC, 0xEC, 0x33, 0x70, 0x78, 0x9C, 0xD4, 0xE5, 0x13,
    0x6B, 0x01, 0xDD, 0x16, 0xB5, 0x80, 0xCE, 0x8F, 0x5A, 0xC0, 0x28, 0xFB, 0x46, 0xD6, 0x69, 0x66,
    0xD3, 0x9F, 0x52, 0x7C, 0xF9, 0x9B, 0xF4, 0x55, 0xFC, 0x25, 0x95, 0xE7, 0x2A, 0x09, 0x08, 0xDB,
    0x46, 0x55, 0xC0, 0xCC, 0x19, 0x59, 0xF3, 0xE4, 0xAC, 0xA3, 0x72, 0xD6, 0x5F, 0xC5, 0x66, 0xA8,
    0xAF, 0x06, 0x6B, 0x41, 0x3A, 0x23, 0x7A, 0x55, 0xDB, 0xC4, 0x8F, 0x1A, 0xEB, 0xB5, 0xC6, 0x38,
    0xEC, 0x0D, 0xD9, 0x06, 0xEC, 0x3A, 0xA6, 0x82, 0x52, 0x96, 0x7B, 0x2C, 0x81, 0x27, 0x56, 0x11,
    0x0A, 0x9F, 0xCE, 0xB0, 0x0F, 0xA4, 0xA5, 0xCC, 0x2E, 0xD4, 0x12, 0x52, 0xAC, 0x4A, 0x55, 0xA1,
    0x9D, 0x19, 0x56, 0x4F, 0x0A, 0x89, 0x54, 0x6B, 0xBF, 0x99, 0x9B, 0x27, 0x9E, 0xD6, 0xCF, 0xE4,
    0x3F, 0xA8, 0x20, 0x6C, 0xC0, 0x5C, 0xBA, 0x67, 0x0A, 0xC6, 0xA6, 0xD1, 0xA4, 0x86, 0xC2, 0xF3,
    0xD0, 0x2D, 0xF2, 0x42, 0x58, 0xA0, 0x56, 0xA8, 0xB6, 0x0D, 0x7D, 0x11, 0xA6, 0xC0, 0xFE, 0x6B,
    0xBE, 0x6C, 0x34, 0xDE, 0x07, 0xF7, 0xD0, 0x18, 0x36, 0xFA, 0xA2, 0x65, 0x04, 0x05, 0xCB, 0xE3,
    0x23, 0x30, 0x5B, 0xDE, 0x35, 0x6A, 0x76, 0x0A, 0x35, 0xC8, 0xA3, 0xF0, 0x29, 0xC3, 0xA4, 0x00,
    0xAA, 0xC3, 0xCC, 0xC8, 0xDC, 0x02, 0x79, 0x6B, 0xE9, 0xDE, 0x8D, 0x86, 0x69, 0xA5, 0xC1, 0xFA,
    0x3E, 0x2A, 0x54, 0x14, 0xF1, 0xB7, 0xB5, 0x7F, 0x5B, 0x12, 0xD8, 0xF2, 0xC1, 0x15, 0x5A, 0x9D,
    0x7C, 0xDF, 0xE6, 0xC5, 0x2B, 0x85, 0x1A, 0x8C, 0x2F, 0x85, 0x55, 0x0B, 0x29, 0xF9, 0x11, 0xF9,
    0xF5, 0x7A, 0x9E, 0x35, 0x1D, 0x44, 0xEF, 0xA8, 0x94, 0x6B, 0x5A, 0xDC, 0xE8, 0xA4, 0xCB, 0x6D,
    0xDE, 0x82, 0xD5, 0x21, 0xB5, 0xBD, 0xA9, 0xC5, 0x2D, 0x29, 0x5B, 0xBB, 0x54, 0x1A, 0x64, 0xEA,
    0x11, 0x02, 0x43, 0x2A, 0x5E, 0x36, 0xCE, 0x35, 0xF9, 0xC4, 0xB3, 0x62, 0x33, 0xA8, 0x74, 0xE5,
    0x54, 0x1E, 0xB3, 0x0C, 0x4A, 0x99, 0x0D, 0xA4, 0x46, 0xFA, 0x1F, 0x4B, 0xB9, 0x52, 0x98, 0x14,
    0xA2, 0x01, 0x35, 0x5B, 0xF6, 0x36, 0x50, 0x82, 0x3E, 0x0C, 0xC2, 0xD1, 0xAB, 0xA3, 0xC1, 0xB6,
    0x9C, 0xB5, 0x4C, 0x0C, 0x77, 0xDB, 0x16, 0xDA, 0x74, 0xC2, 0x00, 0x3B, 0x9B, 0x18, 0x6A, 0xFA,
    0x06, 0xCA, 0xB9, 0x57, 0x2E, 0xA4, 0xC0, 0x3C, 0x32, 0x8F, 0xB3, 0x7B, 0x75, 0x6F, 0xD6, 0x20,
    0xD6, 0x76, 0x2A, 0x72, 0xCF, 0x88, 0xB7, 0xB6, 0x16, 0x60, 0xCF, 0xDB, 0x11, 0xA2, 0x11, 0x5B,
    0xE2, 0x98, 0xC8, 0x27, 0x3C, 0x6C, 0x23, 0xAC, 0xAE, 0x62, 0xAB, 0xE7, 0xA5, 0xE6, 0x60, 0x7B,
    0xE0, 0x9A, 0x43, 0x6B, 0x62, 0x1C, 0x2A, 0x3E, 0x9F, 0xF8, 0x1C, 0x82, 0x01, 0x77, 0xC3, 0x61,
    0xFE, 0x8A, 0xE2, 0xD0, 0x1A, 0x4F, 0x2A, 0x96, 0x4A, 0x6E, 0x3B, 0x08, 0x98, 0x87, 0x3D, 0x2C,
    0x02, 0x74, 0xB7, 0x2E, 0x9C, 0x89, 0x9B, 0x0F, 0x38, 0x75, 0xC1, 0x12, 0x0C, 0x63, 0xF0, 0x2E,
    0x41, 0x13, 0xB8, 0x4B, 0x88, 0x65, 0xB7, 0x0B, 0xD8, 0x6C, 0xE1, 0xDB, 0x01, 0x50, 0x77, 0x80,
    0xB6, 0x8A, 0x67, 0xB3, 0x97, 0x46, 0x75, 0x87, 0x44, 0x58, 0xBE, 0x40, 0xB9, 0xCC, 0xC3, 0x80,
    0x62, 0xF9, 0xCC, 0xD4, 0x10, 0x77, 0xDC, 0xA4, 0xE3, 0x45, 0xCE, 0x3C, 0xCC, 0x6E, 0x77, 0xCC,
    0x64, 0x3B, 0xBE, 0xFF, 0x5C, 0xF0, 0x09, 0xCE, 0xF5, 0x90, 0x1D, 0xCD, 0x8F, 0x53, 0x8C, 0x2E,
    0x07, 0xDD, 0x0D, 0x55, 0x54, 0x76, 0x78, 0xBC, 0xEB, 0xA0, 0x94, 0x7C, 0x50, 0x43, 0xB1, 0x41,
    0x66, 0xA3, 0x96, 0x50, 0x13, 0x70, 0xDE, 0xBC, 0x2F, 0xB0, 0x4B, 0x87, 0xB2, 0x53, 0x56, 0x29,
    0xBD, 0x25, 0x5A, 0xEE, 0x31, 0x41, 0xD1, 0x1E, 0xD1, 0x73, 0x6A, 0xF0, 0x42, 0xCE, 0x8D, 0xC3,
    0x7B, 0x78, 0x66, 0xE6, 0x21, 0x48, 0xE6, 0x91, 0x75, 0x33, 0xEF, 0x08, 0x11, 0xBF, 0xF2, 0x5A,
    0xE5, 0xA1, 0x8D, 0x8C, 0x7A, 0xC9, 0x68, 0x35, 0xBC, 0x08, 0x9C, 0x52, 0x37, 0x80, 0xB2, 0xDB,
    0x80, 0x5F, 0xF1, 0xA2, 0x65, 0xB9, 0xD8, 0xCA, 0x37, 0x8F, 0x99, 0x28, 0x88, 0x92, 0x2E, 0x19,
    0x4F, 0x31, 0x3D, 0xC2, 0xAC, 0x39, 0x60, 0x5E, 0x09, 0xDD, 0x01, 0x3F, 0x13, 0xDE, 0x16, 0x9E,
    0x0B, 0x47, 0x62, 0xAA, 0xAE, 0xBA, 0x90, 0x27, 0x41, 0xB6, 0x28, 0x74, 0x8B, 0x4A, 0xB2, 0x5D,
    0x99, 0xED, 0xFE, 0xAC, 0xCB, 0xF4, 0x8A, 0xEE, 0xEC, 0x42, 0xB9, 0xBB, 0x77, 0xF1, 0x9E, 0x17,
    0xE2, 0x21, 0x9A, 0x55, 0x15, 0xE8, 0x1A, 0x2D, 0x54, 0x44, 0x0D, 0xF3, 0xB6, 0x29, 0x08, 0x97,
    0x49, 0x40, 0x77, 0xF6, 0xB6, 0xD9, 0x6A, 0xBE, 0x4A, 0x3E, 0xA2, 0x2D, 0xAA, 0x90, 0xEC, 0xB3,
    0x2A, 0x09, 0x4F, 0xE8, 0xA1, 0xBA, 0xD8, 0x40, 0xA5, 0x67, 0x90, 0x08, 0x2E, 0x09, 0x56, 0x75,
    0x77, 0x0E, 0x2F, 0x3C, 0x87, 0x6A, 0x1F, 0x2A, 0x72, 0x72, 0xC4, 0x13, 0xCC, 0xC1, 0x6C, 0x50,
    0x4E, 0xCC, 0xB4, 0x8D, 0x55, 0x96, 0x94, 0x0A, 0x99, 0x7E, 0xC0, 0xFF, 0x84, 0x31, 0xFB, 0x52,
    0xB6, 0x08, 0x2D, 0x2E, 0x4B, 0xD1, 0xFD, 0x6F, 0x59, 0xD9, 0x8A, 0x9E, 0x32, 0xF1, 0xAA, 0x12,
    0x26, 0x98, 0xE3, 0x57, 0x0F, 0xE8, 0x6E, 0x64, 0x3E, 0x83, 0xC7, 0xFB, 0x9C, 0x96, 0xBF, 0x03,
    0xF8, 0x93, 0xDD, 0x22, 0xA5, 0xC8, 0x82, 0xBC, 0xA1, 0xE5, 0x5B, 0xC8, 0x9A, 0xF1, 0x07, 0x05,
    0xAC, 0x80, 0xAC, 0x3E, 0xA6, 0xED, 0x98, 0x44, 0x71, 0x64, 0x54, 0x9F, 0xAA, 0x9C, 0x75, 0xDA,
    0x46, 0x37, 0x96, 0x8E, 0xF3, 0x46, 0x4E, 0x48, 0xAF, 0x41, 0xA9, 0x7C, 0xC5, 0xEB, 0x67, 0x1E,
    0xE1, 0xF1, 0x2E, 0xEE, 0x0C, 0xE9, 0x0E, 0x2A, 0x1A, 0x5D, 0xBC, 0x50, 0x9E, 0x11, 0xA1, 0x82,
    0x60, 0x2D, 0xD9, 0x49, 0xEF, 0x06, 0x40, 0x4E, 0xD1, 0x01, 0xF0, 0xF0, 0x91, 0x9D, 0x93, 0x01,
    0x9F, 0x09, 0xBC, 0xA6, 0x00, 0x8A, 0x3E, 0x97, 0xE3, 0x4D, 0x2A, 0x04, 0x5F, 0xCF, 0x64, 0x3A,
    0x98, 0x11, 0xDC, 0xA7, 0x19, 0x38, 0xCF, 0x6D, 0xE8, 0xD8, 0x5D, 0xF9, 0x8F, 0x43, 0x55, 0x4C,
    0x08, 0xC7, 0x6C, 0x06, 0x24, 0x8C, 0xD8, 0x38, 0x30, 0x8A, 0xDF, 0x06, 0x91, 0xA6, 0x68, 0x32,
    0x21, 0xF7, 0x0C, 0xE5, 0x3E, 0x66, 0x79, 0x05, 0xFC, 0xEE, 0x4E, 0x73, 0xC1, 0x55, 0x28, 0xC2,
    0x53, 0x8A, 0x62, 0x3D, 0x2C, 0x8F, 0x0C, 0xF0, 0xB4, 0x16, 0x20, 0x6D, 0x06, 0x98, 0x82, 0x96,
    0xA1, 0x73, 0xBE, 0x33, 0xAC, 0x41, 0xD5, 0xC1, 0x4D, 0xBF, 0x44, 0xCE, 0x22, 0x40, 0x07, 0x05,
    0x83, 0xEF, 0x03, 0xC0, 0x03, 0x48, 0xFA, 0x87, 0xDD, 0xCC, 0x9C, 0x5A, 0x18, 0x65, 0x75, 0xC6,
    0xDD, 0x29, 0x14, 0x54, 0x73, 0x19, 0xFC, 0xFA, 0x93, 0xC4, 0x1B, 0x15, 0xB1, 0x5C, 0x54, 0xD4,
    0x15, 0x8C, 0x3C, 0x9F, 0x2D, 0x97, 0xF9, 0xB0, 0x6C, 0x08, 0xDD, 0x09, 0x20, 0x0F, 0xAF, 0x55,
    0x7B, 0x4F, 0x60, 0x65, 0x84, 0xAA, 0x45, 0xD0, 0x2E, 0xE9, 0xCA, 0xDE, 0x94, 0xFC, 0x4D, 0x66,
    0x71, 0x3B, 0xE4, 0xE3, 0x88, 0xF6, 0x90, 0x59, 0x98, 0x99, 0x78, 0xBD, 0x9F, 0x40, 0x78, 0x33,
    0x49, 0x66, 0x5D, 0x50, 0x94, 0x6D, 0x0E, 0x64, 0x7D, 0xA8, 0x29, 0x93, 0x2D, 0x18, 0x2F, 0x97,
    0xE3, 0x7C, 0xF9, 0xC0, 0x6B, 0x30, 0x4E, 0x8F, 0xFD, 0x8A, 0x17, 0x2D, 0xB7, 0x55, 0x14, 0xE1,
    0x73, 0xBF, 0x72, 0x7F, 0x03, 0xDD, 0x5B, 0xBB, 0x92, 0xE4, 0x48, 0x15, 0x4D, 0x49, 0x31, 0x23,
    0x68, 0x19, 0xE5, 0x00, 0x41, 0xEC, 0x12, 0x21, 0x8C, 0x35, 0x60, 0x8D, 0x95, 0x83, 0xB9, 0xAC,
    0x04, 0xFB, 0x01, 0xB4, 0x31, 0xFE, 0xAE, 0xB9, 0xDE, 0xF2, 0x01, 0x30, 0x52, 0x04, 0x06, 0x26,
    0xFD, 0x07, 0x8C, 0x81, 0x41, 0xAC, 0x83, 0x3B, 0x06, 0xB4, 0xE4, 0xE1, 0x2A, 0xF8, 0x02, 0x19,
    0xEB, 0xE1, 0x28, 0x08, 0x45, 0xA0, 0x58, 0xA4, 0x4A, 0xEE, 0x39, 0x57, 0x29, 0x95, 0xD4, 0xD5,
    0x8F, 0xE9, 0xE8, 0xD7, 0x74, 0x75, 0x75, 0xD6, 0x4C, 0xB5, 0x94, 0x8F, 0x73, 0x6E, 0x9E, 0xBC,
    0xF7, 0x66, 0xCA, 0x98, 0xB4, 0x35, 0xF2, 0xD2, 0xB2, 0xEC, 0x51, 0xDA, 0x41, 0x0A, 0x6F, 0x1C,
    0xA5, 0xF4, 0x07, 0x2B, 0x65, 0xD0, 0x97, 0x52, 0x86, 0x6D, 0x5A, 0x18, 0xB3, 0x6B, 0xD3, 0x4A,
    0xCA, 0x3A, 0x96, 0x32, 0xA9, 0x76, 0x8D, 0xDC, 0x5A, 0x44, 0x72, 0x73, 0x6E, 0x82, 0x4E, 0x6E,
    0x35, 0x81, 0xDC, 0xBC, 0x97, 0xFB, 0xF0, 0x96, 0x7F, 0x04, 0x56, 0x5E, 0x53, 0x19, 0xA1, 0x2C,
    0x70, 0x4B, 0x52, 0xC5, 0xB5, 0x31, 0x71, 0xCD, 0xAA, 0x58, 0x6D, 0xD4, 0x96, 0x99, 0x34, 0xD1,
    0xB3, 0x39, 0xB4, 0x7F, 0xE1, 0xB5, 0xAB, 0x96, 0x7E, 0x1E, 0x96, 0xFC, 0x3E, 0xD9, 0x67, 0xC6,
    0xB7, 0xB6, 0x45, 0x1B, 0x83, 0x89, 0x9B, 0x60, 0x34, 0x49, 0x21, 0xCD, 0x7B, 0x32, 0x26, 0x5C,
    0x94, 0xCB, 0xEF, 0x8F, 0xA4, 0xEE, 0x58, 0xBA, 0x11, 0xA2, 0x2F, 0x72, 0x43, 0x6A, 0xF2, 0xCA,
    0xA4, 0xD2, 0x65, 0xF9, 0xEB, 0x1E, 0xD7, 0x59, 0xE3, 0x59, 0x63, 0x8B, 0xC8, 0x9A, 0x54, 0x2E,
    0xC9, 0xE4, 0xDA, 0x34, 0xF3, 0xED, 0xB7, 0x52, 0xD1, 0xF2, 0x0A, 0xD0, 0xE6, 0x6E, 0x58, 0x15,
    0xFC, 0xCE, 0x44, 0x0D, 0xCA, 0x84, 0x7D, 0x4F, 0x2C, 0x2F, 0x66, 0xD3, 0xD2, 0x04, 0x5E, 0xFF,
    0x40, 0xE1, 0x11, 0x5F, 0xEF, 0xF4, 0xC2, 0xD8, 0xFA, 0xE5, 0xDE, 0x74, 0x64, 0x87, 0x59, 0x43,
    0xC9, 0x1A, 0xF6, 0x00, 0xC8, 0x1B, 0x00, 0x56, 0x30, 0x00, 0xF7, 0xA0, 0x03, 0x88, 0x51, 0x0B,
    0xDC, 0x77, 0x0D, 0x70, 0x8F, 0x2B, 0x80, 0x96, 0x54, 0xDE, 0x00, 0x3E, 0x74, 0x38, 0x78, 0x63,
    0x70, 0x99, 0x21, 0xEE, 0x3E, 0xCA, 0x8A, 0x4C, 0xD4, 0x21, 0x6E, 0x6C, 0x77, 0x2D, 0x48, 0x45,
    0x55, 0x41, 0x9F, 0xD4, 0xA8, 0x1C, 0x4D, 0xF8, 0x23, 0x9A, 0x93, 0x3B, 0x39, 0xA0, 0x1D, 0x7A,
    0xB3, 0xB3, 0x0E, 0x43, 0x1D, 0xCC, 0x67, 0x28, 0x68, 0x24, 0x6F, 0x56, 0xC3, 0x78, 0x00, 0x16,
    0xDE, 0x12, 0x40, 0x02, 0x15, 0x10, 0x34, 0x74, 0xDF, 0x2F, 0x52, 0x31, 0x9E, 0xB8, 0x63, 0x1B,
    0x6A, 0xB6, 0x39, 0x6D, 0x6A, 0xD7, 0x98, 0xA3, 0xA6, 0x44, 0xC2, 0x12, 0xDE, 0x9F, 0x0E, 0xF3,
    0x5D, 0xC6, 0xB2, 0x97, 0x63, 0xCE, 0x1A, 0x80, 0x82, 0xE0, 0xA2, 0x70, 0x57, 0xAE, 0xB6, 0x5D,
    0x03, 0xD0, 0x05, 0x6E, 0x69, 0x2C, 0x25, 0xE8, 0x69, 0x81, 0xEE, 0x94, 0x30, 0x76, 0x8C, 0x02,
    0x6F, 0x0C, 0x8D, 0x70, 0x17, 0x84, 0xBB, 0x22, 0xDC, 0xF5, 0x4E, 0x41, 0x27, 0x73, 0x84, 0xBB,
    0x57, 0x46, 0xD1, 0x90, 0x8F, 0xF6, 0x3D, 0x0C, 0x31, 0x24, 0xEA, 0xB5, 0x21, 0x8F, 0xC6, 0x9C,
    0xA3, 0x47, 0x7F, 0x91, 0xBF, 0x9D, 0x39, 0x6B, 0x4B, 0x2D, 0x4D, 0xA2, 0x92, 0xC9, 0x12, 0x75,
    0x17, 0x86, 0x76, 0x0F, 0x14, 0x98, 0x35, 0x05, 0x64, 0xC0, 0x8C, 0xB3, 0x81, 0x7B, 0x86, 0x52,
    0xD0, 0x60, 0x90, 0xB6, 0x27, 0x2F, 0x96, 0xBC, 0x24, 0xD5, 0x51, 0xF0, 0xD3, 0xE6, 0x40, 0x6F,
    0xBA, 0x03, 0xBD, 0x19, 0x08, 0xFB, 0x1E, 0x35, 0x74, 0x93, 0xDE, 0x64, 0x4E, 0x1E, 0x66, 0xBD,
    0xA9, 0x81, 0x0B, 0x90, 0xCC, 0x33, 0x34, 0x58, 0xD2, 0x0A, 0xA8, 0x37, 0xC2, 0x82, 0x37, 0x52,
    0x69, 0xF6, 0x87, 0x7A, 0x93, 0x51, 0xA2, 0x54, 0x6F, 0x2A, 0x74, 0x69, 0xD7, 0xA8, 0xEA, 0xC8,
    0xBC, 0x30, 0x51, 0x67, 0x27, 0x43, 0x0A, 0x6A, 0x37, 0x91, 0x55, 0x7D, 0x68, 0xF1, 0x32, 0x60,
    0xFF, 0xCD, 0x8B, 0xEC, 0x10, 0xF7, 0xE4, 0xE1, 0x70, 0xDF, 0x98, 0x3E, 0x4C, 0x46, 0x7A, 0xD1,
    0x2D, 0x46, 0xAB, 0xD3, 0x00, 0x13, 0xD1, 0xCB, 0x7C, 0xF9, 0x7E, 0xD7, 0x61, 0xCA, 0xAA, 0x7E,
    0x50, 0x33, 0xC2, 0xFE, 0xB2, 0x09, 0x40, 0xD3, 0x8F, 0x87, 0xA5, 0xAE, 0x74, 0x7F, 0xA8, 0x37,
    0x19, 0xAA, 0xA5, 0x18, 0xA8, 0xDE, 0xB0, 0x9E, 0x50, 0xF5, 0xA6, 0x55, 0x6B, 0x06, 0x68, 0x49,
    0x05, 0x91, 0x97, 0xEB, 0xA4, 0x49, 0xB9, 0xC7, 0xCE, 0xAA, 0x03, 0xD3, 0xF7, 0x16, 0xBD, 0xA9,
    0x70, 0xB1, 0xCE, 0x1C, 0x55, 0x9D, 0x88, 0x02, 0x16, 0x0C, 0x49, 0x35, 0xAB, 0x8E, 0xB4, 0xEF,
    0xC1, 0xB4, 0x02, 0x9B, 0xA1, 0x80, 0xED, 0xA0, 0x69, 0x95, 0x77, 0x16, 0x29, 0x66, 0xC8, 0xCF,
    0x31, 0x4C, 0xD7, 0x5F, 0x2B, 0x83, 0x64, 0xDF, 0xBC, 0xD3, 0xB5, 0xA6, 0xDE, 0x31, 0x1B, 0xB9,
    0xCE, 0x82, 0x3D, 0xD9, 0x00, 0xB0, 0x6F, 0x0D, 0xBA, 0x6F, 0x7D, 0x0C, 0xC8, 0xFE, 0x1B, 0xE5,
    0x3F, 0x2D, 0x0C, 0x2C, 0x83, 0x51, 0xAD, 0x5E, 0x1E, 0xBF, 0x88, 0x69, 0xED, 0xB9, 0x5A, 0x38,
    0x16, 0xBA, 0xA8, 0x8D, 0xEB, 0xA3, 0xCC, 0xE8, 0x95, 0xE9, 0x81, 0x34, 0x95, 0x2C, 0xF7, 0xE4,
    0x67, 0x28, 0x55, 0x9A, 0x32, 0xA7, 0x1E, 0x61, 0x1B, 0x57, 0x4E, 0x55, 0x76, 0x35, 0x00, 0x4E,
    0xA8, 0x36, 0x69, 0x01, 0xC8, 0xF3, 0xCC, 0x57, 0x69, 0x1A, 0x27, 0x75, 0xF2, 0x96, 0xD5, 0x78,
    0x92, 0x26, 0x55, 0x33, 0x4A, 0x53, 0x83, 0x2E, 0xED, 0x5A, 0x70, 0x12, 0x76, 0x2A, 0x4D, 0x50,
    0x51, 0x99, 0x0F, 0xAF, 0xCD, 0x2F, 0x04, 0xCE, 0x6A, 0x90, 0x3B, 0xBF, 0xEB, 0x4D, 0xF4, 0x2F,
    0x01, 0x76, 0x57, 0x6D, 0xA6, 0x37, 0xC6, 0x19, 0xF5, 0xC4, 0x9E, 0xCC, 0x54, 0x72, 0xA3, 0x54,
    0x7B, 0xCF, 0xCC, 0x5C, 0x98, 0x27, 0x2F, 0xB3, 0x45, 0x5D, 0xA8, 0x2B, 0xEA, 0xBB, 0xC4, 0x97,
    0xAA, 0xD1, 0x73, 0xF0, 0x7E, 0xB6, 0x8B, 0xC3, 0xE3, 0x89, 0xD4, 0xB5, 0x5E, 0x92, 0xF9, 0xC4,
    0xCC, 0xBE, 0x84, 0xD9, 0x1F, 0x2C, 0xE3, 0xDB, 0xE9, 0x70, 0x52, 0xBC, 0x04, 0x30, 0x0D, 0xF5,
    0xC7, 0x42, 0x14, 0x3C, 0xCB, 0xEB, 0x93, 0xEE, 0x28, 0x91, 0x26, 0x69, 0x17, 0x7D, 0xCC, 0xFB,
    0x65, 0xE6, 0x90, 0x49, 0x8F, 0x33, 0x27, 0xE8, 0x73, 0xAE, 0x2E, 0x0A, 0xB9, 0x2E, 0x06, 0x3B,
    0x2E, 0x0C, 0x4A, 0x4B, 0xA4, 0x33, 0xA7, 0x23, 0x9F, 0x03, 0x27, 0xCC, 0x30, 0x4D, 0x1E, 0x7F,
    0x61, 0x32, 0x0B, 0xC9, 0xA4, 0x4E, 0x36, 0x9D, 0x78, 0x3A, 0x73, 0x52, 0x7A, 0x09, 0xEA, 0x37,
    0x80, 0x4F, 0x54, 0xE1, 0x67, 0xB3, 0x7C, 0x55, 0xD3, 0xB2, 0xE2, 0x53, 0x06, 0x56, 0x9E, 0x93,
    0x7F, 0x26, 0x9E, 0x54, 0xD0, 0xCB, 0xCC, 0x95, 0x19, 0x2A, 0x35, 0x96, 0xB6, 0x98, 0x5C, 0xAF,
    0xAB, 0x19, 0x6C, 0xC1, 0x60, 0xA5, 0x0C, 0xCE, 0xEE, 0xD9, 0x0B, 0x19, 0xEA, 0x87, 0x53, 0x67,
    0xC5, 0x13, 0x3D, 0x13, 0x06, 0x6B, 0x65, 0x30, 0x05, 0xE2, 0xB9, 0x4A, 0x01, 0x86, 0x61, 0xD2,
    0xEF, 0x94, 0xC1, 0x44, 0x18, 0xEC, 0xE2, 0xE2, 0xE2, 0xE2, 0x3E, 0x89, 0xB0, 0x09, 0xDB, 0x4D,
    0x47, 0x5E, 0x16, 0xFE, 0x19, 0x38, 0x05, 0x7C, 0xFE, 0xBE, 0xE4, 0xD8, 0xEC, 0xE2, 0x55, 0x1D,
    0x31, 0xE0, 0xEE, 0xB8, 0xCF, 0x55, 0x2E, 0x3E, 0x97, 0xB7, 0xF6, 0xB9, 0xEA, 0x63, 0x3E, 0x57,
    0x72, 0xE0, 0x73, 0xE5, 0xCE, 0xE7, 0x9A, 0x96, 0x9C, 0xEC, 0xA2, 0xCF, 0x15, 0x5D, 0xED, 0x73,
    0x7D, 0x34, 0x7B, 0xE6, 0xE0, 0xCB, 0x50, 0x23, 0x70, 0xCB, 0xC6, 0xB1, 0x55, 0x7A, 0x3A, 0xD2,
    0x53, 0xD6, 0x13, 0x3D, 0xF1, 0xF0, 0x4E, 0xF4, 0xCC, 0x13, 0xEC, 0xA5, 0xBD, 0x8C, 0x9E, 0x69,
    0x82, 0x2D, 0xF4, 0xE4, 0xDF, 0x6D, 0x26, 0xD8, 0x4D, 0x62, 0x0C, 0x7F, 0x4B, 0x40, 0x58, 0xFB,
    0x8D, 0x8B, 0x19, 0xA4, 0x73, 0x4A, 0x15, 0x86, 0x1B, 0x5F, 0x46, 0xD5, 0x53, 0x8C, 0x46, 0x68,
    0x3F, 0xBB, 0xFD, 0x1C, 0x8D, 0xA4, 0x73, 0x81, 0x51, 0xFB, 0x2B, 0x51, 0xF0, 0x1B, 0x19, 0x71,
    0xD0, 0x45, 0x9C, 0x4E, 0xE4, 0x2B, 0x9B, 0x44, 0xE8, 0x06, 0x82, 0x78, 0x87, 0x7C, 0x79, 0x7B,
    0x0F, 0x83, 0x42, 0x03, 0xD2, 0x6B, 0x4C, 0xEC, 0xF8, 0x57, 0xE5, 0xC6, 0x43, 0x08, 0x8B, 0x70,
    0x5E, 0xC7, 0xA5, 0x09, 0x0E, 0xF6, 0x4A, 0x9D, 0x7B, 0x92, 0x1E, 0x42, 0x59, 0xBC, 0xC5, 0x4D,
    0x03, 0x80, 0xEC, 0x44, 0xEF, 0xF2, 0xEA, 0x02, 0x1D, 0xFD, 0x01, 0x1D, 0xC5, 0xA3, 0xD0, 0x71,
    0x92, 0xBD, 0x64, 0x28, 0xC1, 0xFE, 0x73, 0x0A, 0xF8, 0x0A, 0x75, 0xDA, 0x9A, 0x67, 0xEB, 0x1C,
    0x4C, 0xDA, 0xB5, 0x06, 0x3F, 0x7E, 0x78, 0xF0, 0xAF, 0x77, 0x0E, 0x68, 0x6D, 0x4B, 0xB1, 0x9F,
    0x3D, 0x84, 0xAB, 0x0B, 0x8B, 0x89, 0xB5, 0x14, 0xEF, 0x70, 0xDB, 0x61, 0x6B, 0x47, 0x21, 0x25,
    0x8A, 0x4B, 0xC1, 0xEF, 0x3E, 0x14, 0xFC, 0x3C, 0x18, 0xB9, 0x58, 0xD0, 0x28, 0xAA, 0xE4, 0xD9,
    0x4C, 0x48, 0x4A, 0xAA, 0x1C, 0xCC, 0x9F, 0x43, 0xA2, 0x51, 0x5F, 0xBB, 0x14, 0x4B, 0x93, 0x0A,
    0x63, 0xA6, 0xBE, 0xC0, 0x47, 0x90, 0x5F, 0xF5, 0x25, 0x50, 0x5F, 0x0F, 0xAF, 0xEB, 0x10, 0xA5,
    0xCB, 0x7D, 0xA8, 0xCB, 0xF3, 0x32, 0xAF, 0x5D, 0x50, 0xB8, 0xF6, 0xB9, 0x1F, 0x17, 0x58, 0xAE,
    0x47, 0xA1, 0x65, 0x51, 0xB9, 0x45, 0x96, 0x50, 0xC2, 0xE1, 0xD0, 0xDE, 0xFF, 0x75, 0x85, 0xFD,
    0x5D, 0x41, 0xFC, 0x63, 0x40, 0x5C, 0x16, 0x07, 0x10, 0xA3, 0x66, 0xF9, 0xA6, 0x83, 0x01, 0xF7,
    0x2A, 0xCC, 0x51, 0x95, 0x17, 0x5B, 0xF2, 0x1F, 0x17, 0xB0, 0x5C, 0x06, 0xED, 0x63, 0xE4, 0x01,
    0x30, 0xD8, 0xBE, 0x8E, 0x83, 0x93, 0x1E, 0x82, 0xF3, 0xCD, 0x37, 0x7F, 0xBB, 0x0D, 0x38, 0xCE,
    0xFE, 0x3E, 0x75, 0x37, 0xD0, 0x51, 0x85, 0x70, 0x9C, 0x09, 0x5D, 0xEB, 0xF0, 0x82, 0x6A, 0xFE,
    0xA4, 0x50, 0x93, 0xD7, 0x4F, 0x5D, 0x5A, 0x32, 0x18, 0x9C, 0x1F, 0x47, 0xEF, 0xF5, 0x63, 0xF9,
    0xFD, 0x12, 0x5F, 0xE3, 0x46, 0x8E, 0x32, 0xFF, 0x4D, 0x2B, 0x9E, 0xC5, 0x11, 0x31, 0xBD, 0x77,
    0x74, 0x3F, 0x9D, 0x2F, 0x85, 0xC0, 0x23, 0x39, 0x15, 0xF5, 0xE2, 0xBC, 0xCC, 0x49, 0xBD, 0xA0,
    0xDF, 0x3D, 0x39, 0x60, 0xDF, 0xCE, 0x31, 0x01, 0x3B, 0xAE, 0x5E, 0x72, 0x83, 0xB4, 0xE4, 0xA9,
    0x09, 0x6F, 0x8B, 0xE9, 0x5D, 0x4C, 0xE7, 0x09, 0x53, 0x66, 0xC6, 0xE8, 0x10, 0xA9, 0x3F, 0xE4,
    0x0A, 0x24, 0xC5, 0xA2, 0x2E, 0x6C, 0x34, 0x59, 0xB4, 0x77, 0xC9, 0xA2, 0x2B, 0xD1, 0x2D, 0xDE,
    0x01, 0xA6, 0xEA, 0xA0, 0x78, 0x17, 0x74, 0x8B, 0x15, 0xBA, 0x09, 0x86, 0x87, 0xA8, 0xC2, 0x94,
    0xAD, 0x8B, 0xB4, 0x82, 0xB9, 0x88, 0xE4, 0x92, 0x37, 0x27, 0x99, 0x09, 0x07, 0xE2, 0x2C, 0xD7,
    0xE6, 0x7F, 0xAA, 0xC5, 0xB1, 0x84, 0x47, 0x71, 0x6A, 0x4E, 0x1F, 0x10, 0xE7, 0xDF, 0x9B, 0xDF,
    0x8A, 0x2C, 0x15, 0xBD, 0xC8, 0xD2, 0xFF, 0xBA, 0x39, 0x09, 0xB4, 0xD2, 0x4E, 0x26, 0xB0, 0x19,
    0x3D, 0x4C, 0x88, 0x3F, 0x45, 0xA1, 0x48, 0xB2, 0x9F, 0xC8, 0x97, 0xCD, 0x67, 0x70, 0xFE, 0x44,
    0x63, 0x5B, 0xF1, 0x9E, 0x83, 0x26, 0x5A, 0x9B, 0x05, 0x70, 0x0D, 0x74, 0x85, 0x15, 0x50, 0xD2,
    0x3F, 0x37, 0x40, 0xBC, 0x37, 0xDE, 0x2B, 0xF3, 0xEA, 0x01, 0x11, 0xDF, 0xA4, 0x75, 0x46, 0xC0,
    0xD9, 0x3D, 0x3D, 0x79, 0xB8, 0x99, 0xDF, 0xB4, 0x55, 0x60, 0x09, 0x63, 0xFC, 0xE1, 0x1E, 0xD5,
    0xE2, 0xD6, 0xFE, 0x95, 0x0F, 0x0B, 0x67, 0x06, 0x5A, 0x84, 0x4E, 0xBA, 0x1E, 0x67, 0xF0, 0xAB,
    0x5E, 0xCD, 0x60, 0x0F, 0xFA, 0x56, 0x37, 0xFE, 0x16, 0xEF, 0xB9, 0x86, 0xA4, 0x49, 0x7B, 0x11,
    0x2C, 0xF9, 0xF1, 0x3B, 0x24, 0x53, 0x10, 0x63, 0xE0, 0x27, 0xB8, 0xE6, 0xE7, 0x0E, 0xBB, 0xB0,
    0xA0, 0x31, 0xE8, 0xA0, 0xF1, 0xC6, 0xBF, 0xDB, 0xDD, 0x80, 0x9F, 0x29, 0x67, 0x67, 0x04, 0x6A,
    0xF9, 0x89, 0xAE, 0xF9, 0x51, 0x54, 0xE7, 0x3B, 0xBD, 0x52, 0xD9, 0x46, 0xDC, 0x6B, 0xD1, 0x58,
    0x60, 0xC5, 0xC4, 0x33, 0x24, 0x89, 0xF3, 0x2A, 0x46, 0x30, 0x3C, 0x65, 0xCC, 0xF2, 0xCC, 0xC5,
    0x51, 0x1A, 0x53, 0x79, 0xDC, 0x04, 0x32, 0xE3, 0x65, 0xA5, 0x9D, 0x13, 0x7A, 0x6E, 0x97, 0x4E,
    0xEB, 0x41, 0x64, 0x1C, 0xB7, 0x11, 0x32, 0x43, 0x95, 0xB6, 0xA5, 0xED, 0x4E, 0x7D, 0xD0, 0xFE,
    0xDC, 0x3C, 0xAB, 0x0A, 0xB5, 0x5D, 0x2C, 0x31, 0xEE, 0x7D, 0xB1, 0xC4, 0x0A, 0xBE, 0x40, 0x26,
    0x2B, 0x4E, 0x89, 0x70, 0x78, 0x8F, 0x56, 0x8F, 0x15, 0xFC, 0xAB, 0x5C, 0xC7, 0x30, 0x2E, 0xAD,
    0x78, 0x2F, 0x6B, 0x61, 0x7D, 0xAA, 0xE3, 0x37, 0xC9, 0x96, 0x6A, 0xD2, 0x4C, 0x13, 0x81, 0xEA,
    0xEC, 0x4F, 0x99, 0x53, 0xCD, 0xF7, 0xBC, 0x36, 0xF3, 0x72, 0xB7, 0xD9, 0x89, 0x35, 0x4F, 0x14,
    0x7D, 0x6E, 0x80, 0x1F, 0xDF, 0xE2, 0x29, 0xDC, 0xB0, 0xBE, 0x5A, 0xA7, 0x3B, 0xEE, 0x9F, 0x05,
    0xAE, 0xA2, 0xBE, 0x6E, 0xE2, 0xB3, 0xD4, 0xBD, 0x19, 0xEE, 0x3E, 0xD6, 0x5F, 0xB9, 0x74, 0xB2,
    0xC7, 0x04, 0x8B, 0xE6, 0x3D, 0x4E, 0xCE, 0x4E, 0xCE, 0x8E, 0x05, 0xE2, 0x4F, 0xD6, 0xE4, 0x3F,
    0x72, 0x86, 0x42, 0x9F, 0x3E, 0x9C, 0x55, 0xF9, 0x03, 0xF9, 0x85, 0xE5, 0x84, 0xA3, 0x73, 0x2F,
    0xCA, 0x2F, 0x1A, 0x08, 0xF3, 0xC5, 0xD4, 0xE0, 0xFD, 0x13, 0xD1, 0x6F, 0x77, 0x96, 0x33, 0xB8,
    0x9A, 0x49, 0x8B, 0x2D, 0xF1, 0x52, 0xFD, 0xFA, 0x92, 0x3B, 0xC2, 0x97, 0xEC, 0x9D, 0x3D, 0x69,
    0x0A, 0xFA, 0x79, 0x6C, 0x76, 0xE5, 0x44, 0xBF, 0x81, 0x13, 0x3D, 0x32, 0x9F, 0x8B, 0xD8, 0x34,
    0x7E, 0x34, 0xF4, 0xCF, 0x55, 0xE9, 0x6B, 0xD5, 0xFB, 0x65, 0x32, 0x04, 0x73, 0x19, 0x15, 0xDC,
    0x7E, 0x6F, 0xE1, 0xF4, 0xE9, 0xDE, 0x1A, 0x81, 0xD3, 0xB4, 0xD7, 0x8B, 0xEC, 0x45, 0xF6, 0x7E,
    0x30, 0xF1, 0x7A, 0x1E, 0xA7, 0xDD, 0x38, 0xDC, 0xCD, 0x34, 0x2D, 0xDE, 0xC8, 0xB4, 0x38, 0x70,
    0xB8, 0xBF, 0xA8, 0x25, 0xB0, 0x09, 0x3B, 0x64, 0x55, 0x4E, 0x1F, 0x90, 0x13, 0x7F, 0x34, 0x00,
    0xDD, 0xFE, 0x61, 0xC9, 0x1E, 0xFF, 0x1A, 0x36, 0xF2, 0x43, 0xF3, 0x83, 0xAD, 0x75, 0x44, 0xC5,
    0x76, 0xD7, 0x73, 0x9A, 0x29, 0x08, 0x8D, 0x5E, 0x64, 0xDE, 0x7B, 0xC1, 0xCC, 0x27, 0xE6, 0x67,
    0xE0, 0xE5, 0x77, 0x70, 0xCC, 0xE1, 0x82, 0x88, 0xCF, 0x16, 0xD4, 0x9B, 0xA9, 0x7E, 0xEA, 0xA2,
    0xFB, 0x18, 0x4D, 0xE5, 0x5F, 0x4B, 0x28, 0x34, 0x31, 0xF3, 0xEA, 0x21, 0x67, 0x8B, 0xEE, 0x56,
    0x1E, 0x2C, 0x0B, 0x11, 0x01, 0x3B, 0x29, 0xDE, 0xB3, 0x65, 0xE1, 0x86, 0x9E, 0xD0, 0x66, 0x89,
    0x38, 0x4F, 0x44, 0xA4, 0xFA, 0xE8, 0x31, 0x44, 0xEA, 0xFA, 0xFD, 0xE5, 0xEF, 0x9B, 0x03, 0x07,
    0x49, 0xB5, 0x56, 0x17, 0x3D, 0xCE, 0x74, 0xF0, 0x73, 0x52, 0xB8, 0xDD, 0xE6, 0xE9, 0x63, 0x3A,
    0x1A, 0x90, 0x57, 0x02, 0x0C, 0xB6, 0x11, 0x81, 0x12, 0x36, 0x06, 0x10, 0x5E, 0xBC, 0x11, 0xAE,
    0xCE, 0x22, 0xF9, 0x0E, 0x60, 0x96, 0x15, 0x77, 0x5F, 0x92, 0xD6, 0x68, 0x76, 0xDE, 0x28, 0xE6,
    0x5C, 0xAC, 0xC4, 0x2A, 0xA7, 0xCD, 0x5D, 0xA5, 0xE6, 0xCA, 0x0F, 0xE5, 0xCD, 0x28, 0x71, 0xAE,
    0x16, 0xA5, 0x8E, 0x2D, 0x88, 0x4D, 0x28, 0x79, 0x6A, 0x29, 0x58, 0x0F, 0xD5, 0x5B, 0x57, 0xFE,
    0x66, 0x02, 0xC3, 0x6A, 0x19, 0x06, 0xF7, 0x97, 0x35, 0x06, 0x92, 0x10, 0xE6, 0x83, 0x62, 0x19,
    0xD9, 0xF4, 0x97, 0x8A, 0xE3, 0xCA, 0x3C, 0x0E, 0x2E, 0x64, 0xD0, 0xB7, 0x13, 0x98, 0xE5, 0xEF,
    0x35, 0x5A, 0xCA, 0x0B, 0x24, 0x52, 0xC8, 0x83, 0x21, 0x25, 0x97, 0x96, 0x7A, 0x8D, 0x5E, 0xAF,
    0xF7, 0x6A, 0x3D, 0xE4, 0x6B, 0x22, 0xCC, 0x31, 0xF6, 0xA5, 0x59, 0xCE, 0x3D, 0xE2, 0x7C, 0x96,
    0x99, 0x63, 0x34, 0x3A, 0x7F, 0xE0, 0x43, 0x62, 0x9F, 0x67, 0xC2, 0xC7, 0x67, 0xC6, 0xF9, 0x8D,
    0x6E, 0x10, 0xBA, 0x84, 0x4A, 0xD5, 0x4F, 0x85, 0x0F, 0x3D, 0x45, 0x36, 0x6D, 0x1F, 0x4E, 0xF9,
    0xB2, 0x29, 0x84, 0x70, 0x1F, 0x13, 0x59, 0x32, 0x5B, 0xC0, 0x87, 0xAC, 0x1D, 0x13, 0x2D, 0x93,
    0x14, 0x3B, 0x5A, 0x8A, 0xF7, 0x86, 0x16, 0x1E, 0xA9, 0xBC, 0x3E, 0x8A, 0x12, 0x5D, 0x30, 0xD9,
    0xE3, 0x53, 0x24, 0xF0, 0x37, 0xDC, 0x2C, 0xF9, 0x9C, 0x22, 0xC7, 0xCD, 0x63, 0x13, 0xFF, 0xD1,
    0xD6, 0xE2, 0x5F, 0x25, 0x32, 0x75, 0xD6, 0x73, 0x25, 0xAE, 0xDE, 0x53, 0x52, 0x72, 0x59, 0xE8,
    0x31, 0xF0, 0xC1, 0xE8, 0x66, 0x8C, 0xAC, 0xF5, 0xC9, 0x99, 0x8E, 0x46, 0x29, 0xC8, 0x15, 0xFC,
    0xE2, 0x61, 0xE7, 0x07, 0x4E, 0x1E, 0x9D, 0x1D, 0x02, 0xFC, 0xDE, 0xAF, 0x11, 0xC7, 0xD6, 0x79,
    0xB7, 0xE3, 0xBD, 0xFE, 0xD8, 0xB9, 0x6C, 0xDE, 0x53, 0x11, 0xAB, 0xED, 0x8A, 0x3F, 0x1D, 0x1A,
    0x38, 0x2C, 0xF9, 0x3D, 0x06, 0x5A, 0xDE, 0x75, 0x61, 0xDD, 0x81, 0xF0, 0xBD, 0x74, 0xD6, 0x67,
    0xF2, 0x75, 0x88, 0x7B, 0x93, 0x74, 0xD8, 0xAB, 0x6F, 0x3C, 0x1A, 0xC1, 0x87, 0xF6, 0xDB, 0xF5,
    0x81, 0x01, 0xFA, 0x1C, 0xD5, 0xAA, 0x48, 0x75, 0xD3, 0xFF, 0xDD, 0x7E, 0x11, 0x59, 0xE1, 0x37,
    0x1A, 0xCA, 0x2A, 0x19, 0x52, 0x3B, 0x0E, 0xB1, 0xED, 0x06, 0xDF, 0x16, 0xC3, 0x8A, 0x49, 0x10,
    0xE7, 0x7E, 0xF1, 0x7F, 0x4F, 0x0F, 0x35, 0xE0, 0x4C, 0xD6, 0x26, 0xB6, 0x89, 0x6A, 0x3D, 0xCF,
    0xBC, 0x79, 0x3D, 0x2E, 0x72, 0xD8, 0x00, 0xC6, 0x81, 0x3D, 0x2C, 0x43, 0xDC, 0xB7, 0x1E, 0x74,
    0xF5, 0x41, 0x8F, 0x0F, 0xA2, 0xC9, 0x3B, 0x86, 0x4F, 0x63, 0xB8, 0xE9, 0xC4, 0xD0, 0xB4, 0x3B,
    0x31, 0xAD, 0x6D, 0xB2, 0x74, 0xC3, 0xF6, 0xBF, 0x9A, 0xE7, 0xFB, 0xF4, 0xA1, 0x93, 0xC0, 0x94,
    0xC5, 0x34, 0x3E, 0x7E, 0xE8, 0x4C, 0x2D, 0x35, 0x75, 0x5E, 0x9A, 0xFB, 0xFC, 0xB0, 0xC6, 0x9D,
    0x73, 0xE3, 0x09, 0xBE, 0x82, 0xCF, 0x0B, 0x10, 0x57, 0x9E, 0xE2, 0xC2, 0x51, 0x21, 0x62, 0xCB,
    0x09, 0xC4, 0xB9, 0xE3, 0x2C, 0xF3, 0x97, 0x2E, 0xB4, 0x27, 0xBE, 0x41, 0xA7, 0x86, 0x53, 0xCE,
    0xAE, 0x22, 0xF5, 0xC8, 0xE2, 0x7C, 0xE3, 0x88, 0x02, 0xF8, 0xD9, 0xB3, 0xBD, 0x4A, 0xD4, 0x4D,
    0x0B, 0xCA, 0x1A, 0x0B, 0x11, 0x24, 0x00, 0x6E, 0x80, 0xB8, 0x01, 0xE4, 0x46, 0x31, 0x7F, 0xB9,
    0x12, 0x9F, 0x69, 0x0B, 0xC3, 0x65, 0x39, 0x46, 0x15, 0x9C, 0x8F, 0x9F, 0x0D, 0xE8, 0xED, 0x7C,
    0x36, 0x7F, 0x3F, 0xFB, 0x83, 0x8F, 0x00, 0xBA, 0xA7, 0x22, 0xEA, 0x6B, 0x4A, 0x47, 0x05, 0x61,
    0x3E, 0xC9, 0x39, 0x45, 0x4B, 0xD1, 0xB4, 0xBA, 0x15, 0xCF, 0x05, 0x7B, 0x9E, 0x29, 0xE1, 0x21,
    0x60, 0xFA, 0xB6, 0xDE, 0xBC, 0x21, 0xAC, 0x99, 0xE7, 0x56, 0x3C, 0x3F, 0x51, 0x96, 0x4B, 0x59,
    0xA8, 0xEF, 0x9C, 0x85, 0xA8, 0x3E, 0xD1, 0x73, 0x94, 0x89, 0xD1, 0x25, 0x9A, 0x1D, 0x4A, 0x46,
    0xB8, 0x9B, 0x9D, 0xDF, 0x3C, 0x13, 0xDC, 0x03, 0x3A, 0x04, 0x38, 0x60, 0x96, 0xD8, 0x69, 0xED,
    0x9E, 0xCD, 0xDD, 0x23, 0xC6, 0xFB, 0x7B, 0xC4, 0x78, 0xF1, 0x59, 0x9E, 0x8D, 0x6E, 0x9B, 0x8B,
    0x7E, 0xC5, 0xE4, 0x4F, 0x6C, 0x3F, 0x52, 0x77, 0xD1, 0x43, 0xEB, 0xCB, 0x4D, 0x36, 0x7D, 0xDB,
    0x83, 0xF4, 0x8B, 0x46, 0x5E, 0x3C, 0xCE, 0xEB, 0x74, 0x67, 0x3B, 0x4C, 0x7A, 0xCC, 0x4C, 0x88,
    0x35, 0x58, 0x24, 0xF4, 0x01, 0xBB, 0x32, 0x03, 0x6A, 0x7C, 0xB4, 0x0E, 0x35, 0xE5, 0x3C, 0xB8,
    0x9A, 0xBA, 0x13, 0xA9, 0x8D, 0x4B, 0xBE, 0x69, 0xCA, 0x53, 0xD3, 0x71, 0x9A, 0x04, 0x9D, 0xA2,
    0x5C, 0x7D, 0x30, 0x40, 0x0F, 0x7E, 0xDC, 0xAA, 0xFC, 0xDE, 0x72, 0xDE, 0xB8, 0x72, 0xDF, 0x71,
    0x25, 0x5D, 0x9F, 0x5B, 0xCB, 0x71, 0x50, 0x08, 0xD9, 0xAB, 0x42, 0xAC, 0x2F, 0x47, 0xE0, 0x60,
    0xB1, 0xD4, 0x8D, 0xD2, 0x3F, 0x91, 0xA1, 0xA0, 0x93, 0xCE, 0x07, 0xBD, 0xDC, 0xE7, 0x0D, 0xD0,
    0xE0, 0x11, 0x9E, 0xC7, 0x39, 0xA2, 0x8B, 0x9C, 0x9E, 0xDC, 0xD7, 0xD8, 0xEA, 0x60, 0xD2, 0xD6,
    0xBA, 0x30, 0x35, 0x1A, 0x5D, 0xB6, 0x93, 0x4B, 0x25, 0x9B, 0xD4, 0xCC, 0x17, 0xCE, 0xF2, 0x82,
    0x7E, 0x1E, 0x4F, 0x60, 0x60, 0xAB, 0xD0, 0x21, 0xBA, 0x4F, 0x26, 0xE8, 0xC2, 0x1E, 0xD0, 0xE9,
    0x99, 0x53, 0xE5, 0x53, 0x8C, 0x23, 0x9C, 0xA1, 0x4B, 0x78, 0x0C, 0x56, 0x4F, 0x98, 0x4E, 0x67,
    0x4B, 0xF7, 0xE3, 0x02, 0x5D, 0xD9, 0x2E, 0xCF, 0xEA, 0x25, 0xD5, 0xED, 0xCB, 0x77, 0x3B, 0xAC,
    0x9A, 0x67, 0x82, 0x9E, 0xF4, 0x28, 0xC7, 0xDD, 0x16, 0x5F, 0xED, 0x65, 0xB0, 0x82, 0x5E, 0xD4,
    0x02, 0xBD, 0x56, 0x70, 0xE0, 0x31, 0x7C, 0x7F, 0x00, 0x7A, 0x03, 0x70, 0x18, 0x71, 0xDF, 0x39,
    0x1A, 0x4B, 0x31, 0x94, 0x34, 0x77, 0x47, 0xE3, 0xF5, 0xAC, 0x38, 0xB7, 0xBB, 0x16, 0x08, 0x67,
    0xA7, 0x78, 0x82, 0x70, 0x90, 0xE2, 0x73, 0x69, 0xA8, 0x0F, 0x88, 0x80, 0x75, 0xAB, 0x05, 0x0F,
    0xE5, 0xE8, 0xA9, 0x9C, 0x09, 0x8A, 0xF0, 0x70, 0x33, 0xA4, 0x59, 0x06, 0xF2, 0x62, 0x33, 0x3C,
    0x50, 0x48, 0x33, 0x10, 0x7B, 0x80, 0x71, 0xD2, 0x06, 0xC4, 0x80, 0x05, 0x79, 0xA1, 0x40, 0xDE,
    0x00, 0x7F, 0x8F, 0xE8, 0x4D, 0xE8, 0xC0, 0x65, 0x69, 0x51, 0xE2, 0x44, 0x6E, 0xC5, 0x3E, 0xFF,
    0x07, 0x14, 0x84, 0xFF, 0xED, 0x97, 0x05, 0x9B, 0xB1, 0x9C, 0x29, 0xAB, 0x65, 0xEE, 0xDC, 0xAA,
    0xE4, 0x4E, 0x72, 0x3C, 0xBA, 0xCC, 0xB9, 0x26, 0x40, 0xE6, 0xE7, 0x78, 0xD7, 0x4F, 0xA3, 0xF0,
    0x38, 0x6F, 0x8E, 0x4F, 0x71, 0x5D, 0xF6, 0xD2, 0x49, 0x21, 0x20, 0xC6, 0xA3, 0x7E, 0x7C, 0xEA,
    0x2F, 0xC2, 0x93, 0x9E, 0x7C, 0x16, 0x90, 0x07, 0xFF, 0xFD, 0x5E, 0x82, 0x76, 0x8F, 0x4F, 0xF2,
    0x31, 0x05, 0x7D, 0x8E, 0x9A, 0xD3, 0xD2, 0x9D, 0x01, 0x4A, 0x96, 0x24, 0x6D, 0xEF, 0xDC, 0x6D,
    0x16, 0x8C, 0xAB, 0xB9, 0xBF, 0x87, 0x3D, 0x0D, 0x32, 0xA6, 0x0F, 0x87, 0xF8, 0x3C, 0x34, 0x1F,
    0x5D, 0x79, 0x68, 0x7E, 0x56, 0x8B, 0xA8, 0xD3, 0xA7, 0x6A, 0xA3, 0xF9, 0x71, 0xDC, 0xBC, 0xF0,
    0xDD, 0x83, 0xB8, 0x90, 0x0D, 0x51, 0x0B, 0x3E, 0x8A, 0xA0, 0x97, 0x51, 0x2D, 0xBA, 0x43, 0xB5,
    0xB0, 0x77, 0xAE, 0x16, 0x79, 0xFD, 0x77, 0xCD, 0x6B, 0xF0, 0xF8, 0x66, 0x50, 0xAF, 0x82, 0xAE,
    0x95, 0x81, 0x97, 0x00, 0x01, 0x06, 0x6E, 0x56, 0x06, 0xDE, 0x07, 0x2B, 0x03, 0xDF, 0x73, 0x62,
    0xC4, 0xCE, 0xC0, 0x93, 0xDC, 0x71, 0x48, 0x03, 0x8F, 0xAE, 0x31, 0x70, 0xA7, 0x11, 0xF8, 0xE3,
    0xFF, 0x01, 0xAD, 0x52, 0xBB, 0x6D, 0xE4, 0x30, 0x10, 0x7D, 0x12, 0x01, 0x2B, 0x50, 0xC0, 0x02,
    0x1C, 0xA8, 0x04, 0x36, 0xB0, 0x36, 0x17, 0xBE, 0x82, 0xAE, 0x03, 0x93, 0x1D, 0xB8, 0x9D, 0x8D,
    0x6E, 0xE9, 0xF8, 0x82, 0x53, 0x09, 0x2C, 0x81, 0x81, 0x02, 0x05, 0xD4, 0x8E, 0x1F, 0xC9, 0x05,
    0xE4, 0xC3, 0xDD, 0x2E, 0x60, 0xC0, 0x04, 0x35, 0x7C, 0x1A, 0xCE, 0xF7, 0x0D, 0x45, 0x82, 0x5C,
    0xB7, 0xE4, 0x4F, 0xDF, 0xBF, 0xC7, 0xE8, 0x35, 0x0C, 0x9E, 0xF0, 0x0A, 0xF1, 0x34, 0x0F, 0x16,
    0x16, 0xE5, 0x3C, 0x07, 0x73, 0x9C, 0xF0, 0x8C, 0x03, 0x4E, 0xFF, 0xD1, 0x68, 0xBF, 0x6A, 0x24,
    0xD3, 0xA7, 0x27, 0x35, 0xBF, 0x0E, 0x51, 0xDE, 0x56, 0xF9, 0x93, 0xB9, 0xDD, 0x90, 0xAC, 0x4A,
    0x0D, 0x9F, 0x7F, 0x67, 0xF3, 0xB2, 0x4C, 0x5D, 0x7A, 0x56, 0xF1, 0xA0, 0xC2, 0x69, 0x0C, 0x77,
    0xAE, 0xA0, 0x56, 0xE0, 0xA6, 0x28, 0x95, 0x86, 0x5D, 0xDC, 0x37, 0xFE, 0x6E, 0xF1, 0xF5, 0xE4,
    0x5F, 0xF2, 0xE8, 0xC5, 0x6B, 0x49, 0x56, 0xB2, 0x93, 0x4D, 0xFE, 0x5E, 0xD4, 0x50, 0xCF, 0x5B,
    0xDA, 0x58, 0xE8, 0x40, 0xFA, 0x82, 0x4D, 0x3A, 0x7F, 0x96, 0x4D, 0x8F, 0x73, 0x64, 0xB4, 0x84,
    0xB2, 0x46, 0xB9, 0x00, 0x7A, 0xAE, 0xD8, 0x88, 0x78, 0x98, 0x50, 0xB1, 0x0B, 0x76, 0xE6, 0x28,
    0xEB, 0x12, 0xE8, 0x84, 0xAD, 0xE1, 0x0B, 0xC6, 0xD4, 0xAF, 0x3B, 0x1E, 0xD2, 0x8E, 0x75, 0x73,
    0xC5, 0x19, 0x3A, 0x5A, 0xDF, 0xB0, 0x9D, 0x5D, 0x70, 0x0D, 0x62, 0x12, 0x39, 0xE6, 0x2B, 0x1E,
    0x64, 0x53, 0xCB, 0x03, 0x73, 0x3F, 0x32, 0xD8, 0xCF, 0x79, 0x8C, 0x56, 0x22, 0x4A, 0x7E, 0x56,
    0xF3, 0x2E, 0xB2, 0x0E, 0xC2, 0x7F, 0xBA, 0xFF, 0xB8, 0x0C, 0x9B, 0x5E, 0xA7, 0x85, 0xF8, 0xD7,
    0xB8, 0x40, 0xCC, 0xAC, 0x18, 0xA2, 0xCB, 0xAC, 0xC8, 0xD9, 0xD0, 0xE5, 0xD2, 0x88, 0x8E, 0xB0,
    0xCE, 0x97, 0x0A, 0xC7, 0xB8, 0xE3, 0x29, 0x10, 0x3B, 0xE7, 0x3B, 0x62, 0xCB, 0xEA, 0xE8, 0x1B,
    0x8A, 0xEF, 0x06, 0xB5, 0xA9, 0x8B, 0x5E, 0xF4, 0x0A, 0x36, 0xD2, 0xF1, 0x55, 0x33, 0x57, 0xAA,
    0x7C, 0x38, 0x89, 0x5D, 0xA9, 0xA1, 0xF0, 0x31, 0xCA, 0x11, 0x86, 0xAE, 0x4C, 0x64, 0x66, 0x30,
    0xA4, 0xA0, 0xCF, 0x18, 0xD6, 0xA2, 0xB0, 0xA1, 0x6C, 0x02, 0xFE, 0x52, 0xC9, 0xAB, 0x62, 0x40,
    0x33, 0x9D, 0x6E, 0xE9, 0x6F, 0xC5, 0xA9, 0xBC, 0xD4, 0xC3, 0x1E, 0x1B, 0xD7, 0x28, 0xED, 0x15,
    0xA9, 0x4A, 0xD3, 0xA4, 0xB2, 0x8E, 0xA6, 0x99, 0x5C, 0xA9, 0xE6, 0xEA, 0xAB, 0x49, 0x63, 0xBF,
    0x8D, 0xAF, 0x05, 0x6B, 0x5C, 0xD7, 0x61, 0xD5, 0x47, 0x53, 0x1A, 0xDF, 0x53, 0xF8, 0x36, 0x9E,
    0x7B, 0x29, 0x6A, 0x15, 0x1F, 0x63, 0x60, 0x7F, 0xC0, 0xC0, 0xFF, 0x80, 0xC1, 0xFE, 0x01, 0xC3,
    0xFF, 0x07, 0x4C, 0x9F, 0x1F, 0xB0, 0x5F, 0x7E, 0xC0, 0xDF, 0xFC, 0xC0, 0x9E, 0xF9, 0xC1, 0x5E,
    0xE6, 0x07, 0xFF, 0xC1, 0x80, 0x81, 0xF9, 0x01, 0x04, 0x01, 0x00, 0x65, 0x8E, 0xB1, 0x11, 0x82,
    0x40, 0x10, 0x45, 0xBF, 0x04, 0x12, 0x10, 0x9C, 0x1D, 0x5C, 0x09, 0x57, 0x02, 0x74, 0x86, 0x1D,
    0xD8, 0x87, 0x89, 0x89, 0x39, 0xE4, 0x26, 0x96, 0xB0, 0x1D, 0x78, 0x01, 0x01, 0xE3, 0x08, 0x9F,
    0xDD, 0x05, 0x75, 0x1C, 0x37, 0x78, 0xC1, 0xBF, 0xBF, 0xEF, 0x16, 0x40, 0x10, 0xE0, 0x7C, 0x79,
    0x02, 0x24, 0x37, 0x78, 0x66, 0x48, 0x63, 0x90, 0x82, 0x3C, 0x49, 0x45, 0x3E, 0x24, 0x0E, 0x05,
    0xA5, 0xEE, 0xD1, 0x49, 0xDB, 0xA0, 0x16, 0x2D, 0x26, 0x99, 0x81, 0x68, 0x08, 0xBF, 0x88, 0xEB,
    0xAB, 0xF7, 0x7C, 0xC3, 0x77, 0xD5, 0x42, 0xF3, 0xDD, 0x32, 0xD2, 0x54, 0x66, 0x7C, 0x46, 0x73,
    0xBE, 0xBE, 0x00, 0xF6, 0x1C, 0x34, 0x6E, 0xC9, 0x23, 0xB4, 0xCF, 0x8C, 0x6A, 0x46, 0x1C, 0x11,
    0x33, 0x8A, 0x09, 0x2A, 0xC4, 0x15, 0xEA, 0xD6, 0xE9, 0x0C, 0x51, 0x2B, 0x3D, 0x6A, 0xA5, 0x66,
    0xB3, 0x1B, 0xFF, 0x98, 0xCC, 0x62, 0x9D, 0xFB, 0x7B, 0x6B, 0x33, 0x98, 0xED, 0x80, 0xA4, 0xF1,
    0x84, 0x30, 0x98, 0xBF, 0xF4, 0xBF, 0x76, 0x76, 0xAC, 0x6F, 0x34, 0xEB, 0x3D, 0x0B, 0x1D, 0xCC,
    0xC1, 0x09, 0x80, 0x30, 0x10, 0x44, 0xD1, 0xD1, 0x3D, 0x2C, 0xE8, 0xC1, 0x12, 0x52, 0x82, 0x25,
    0x24, 0x9D, 0x29, 0xD8, 0x88, 0x9D, 0x24, 0x25, 0xAD, 0x10, 0x30, 0xA0, 0x31, 0x8E, 0x1E, 0xDE,
    0x6D, 0xFE, 0x60, 0xD8, 0x81, 0xE5, 0x01, 0x5A, 0x0B, 0x72, 0xFB, 0x24, 0xD9, 0x25, 0xB1, 0xE9,
    0xA7, 0xE6, 0x68, 0x26, 0x1F, 0xD4, 0x22, 0xF4, 0xA8, 0xD0, 0xB3, 0x40, 0x9B, 0x51, 0x82, 0x32,
    0x73, 0x19, 0x88, 0xC6, 0x9C, 0x2E, 0xDA, 0x48, 0x3E, 0xB9, 0x83, 0xD4, 0x71, 0xED, 0x1B, 0x87,
    0xFC, 0x86, 0x2B, 0x78, 0x01, 0xCD, 0x54, 0xBB, 0x8D, 0xDC, 0x30, 0x10, 0x9D, 0xA5, 0x80, 0x55,
    0xA0, 0x80, 0xB9, 0x13, 0xE5, 0x0E, 0xAC, 0x12, 0x28, 0x57, 0x70, 0xB1, 0xAB, 0xD8, 0x06, 0x6C,
    0x48, 0xF9, 0x05, 0xE7, 0x12, 0xDC, 0x89, 0xD4, 0x81, 0xD7, 0x1D, 0x08, 0x87, 0x2B, 0x80, 0xC0,
    0x6D, 0x20, 0xC3, 0x5A, 0x8D, 0xDF, 0x3C, 0xEA, 0xE3, 0x5D, 0xDB, 0x89, 0x23, 0x0F, 0xC0, 0x07,
    0x91, 0x7C, 0xF3, 0x66, 0x38, 0x1C, 0x4A, 0xC4, 0x4C, 0x5F, 0x0C, 0xB4, 0x35, 0x18, 0xF1, 0x79,
    0x9A, 0xB9, 0x8A, 0xB9, 0x54, 0xBD, 0xE4, 0xFA, 0x34, 0x48, 0xA3, 0x1A, 0x0F, 0xAA, 0x7A, 0xC9,
    0x66, 0xE9, 0x46, 0x7F, 0x91, 0x72, 0x2A, 0x07, 0x29, 0x26, 0xEC, 0x67, 0x53, 0x68, 0x13, 0xB8,
    0x29, 0xD4, 0x1B, 0x70, 0x6A, 0xBB, 0x46, 0x19, 0xFD, 0x20, 0x3E, 0xC2, 0xAD, 0x8A, 0x99, 0xBE,
    0xD7, 0xDE, 0xA4, 0x6A, 0x09, 0x3A, 0x89, 0x1C, 0xF5, 0x33, 0x93, 0xC0, 0x4C, 0x75, 0xFA, 0x05,
    0xB0, 0xF4, 0xBF, 0x80, 0x6C, 0x76, 0x9F, 0x64, 0x8F, 0x35, 0x1F, 0x01, 0xB9, 0x15, 0xCE, 0x5D,
    0x59, 0x38, 0x12, 0x6D, 0x07, 0x25, 0x12, 0x29, 0x2E, 0x80, 0x6C, 0xDA, 0x76, 0x1A, 0xD6, 0xF5,
    0xBC, 0x3A, 0xF2, 0x8B, 0x6B, 0xBA, 0xF2, 0xE8, 0x41, 0x5F, 0xAA, 0xE8, 0xAA, 0xCC, 0x18, 0x74,
    0xE2, 0xFA, 0x5D, 0x2E, 0xE9, 0x2A, 0x61, 0xE3, 0x0E, 0x7B, 0xE2, 0x94, 0x4B, 0x7E, 0x29, 0x8D,
    0x94, 0x6B, 0xCA, 0x8B, 0x9A, 0x29, 0x93, 0x94, 0xCA, 0x42, 0xE1, 0x26, 0xA3, 0x2E, 0x94, 0xE4,
    0xDF, 0xD5, 0x1B, 0x25, 0xF9, 0x33, 0xE1, 0x9B, 0x10, 0x9D, 0xC1, 0x61, 0xFE, 0x73, 0x88, 0x44,
    0x09, 0xE8, 0x30, 0xED, 0xB5, 0x7D, 0x47, 0xEA, 0xB8, 0x32, 0x33, 0x7E, 0x99, 0x60, 0x1E, 0x57,
    0x28, 0x0C, 0xBC, 0xC9, 0x7B, 0xD6, 0x8D, 0xB5, 0xED, 0x53, 0x7B, 0x2E, 0x10, 0x2C, 0xED, 0x50,
    0x53, 0xD7, 0x4E, 0x21, 0xE1, 0x8A, 0x24, 0x82, 0xCA, 0x6C, 0x70, 0x35, 0xC2, 0x64, 0x54, 0x80,
    0xFF, 0x66, 0xF0, 0x8C, 0x38, 0xF9, 0x2B, 0x20, 0xFB, 0x81, 0x60, 0x4E, 0x2D, 0xC4, 0x0E, 0x0D,
    0xAB, 0x6F, 0xC1, 0xDE, 0x40, 0xB8, 0x1B, 0xA4, 0x1A, 0xF1, 0x10, 0x66, 0x87, 0xB6, 0xF5, 0xAA,
    0x5F, 0x55, 0xFB, 0x70, 0xAE, 0x74, 0x28, 0x63, 0xA8, 0x73, 0xAD, 0xF3, 0x18, 0xC4, 0xCD, 0x92,
    0x6D, 0xB3, 0xB4, 0x07, 0xE6, 0x23, 0x98, 0xB9, 0x5E, 0x0F, 0xD6, 0xEE, 0x49, 0x85, 0xE6, 0x30,
    0x2D, 0xB4, 0x17, 0xDF, 0xF5, 0x52, 0x3D, 0xD4, 0xCC, 0xF9, 0x9F, 0x46, 0xFD, 0x97, 0xB1, 0x73,
    0x3E, 0x62, 0xE8, 0x27, 0x8C, 0x69, 0x39, 0xD5, 0x6A, 0x0E, 0x0F, 0x6F, 0xF0, 0x3A, 0x67, 0x63,
    0x85, 0x56, 0x89, 0xA1, 0x3D, 0xE9, 0xF9, 0x68, 0xC7, 0x48, 0xF6, 0x41, 0x04, 0x87, 0x19, 0xDD,
    0x58, 0xDA, 0xB3, 0x0F, 0x6D, 0xA3, 0x43, 0xC1, 0xBC, 0x17, 0xBB, 0xED, 0x5B, 0x74, 0xD3, 0x6F,
    0xAD, 0xC7, 0x36, 0xB9, 0x69, 0xEA, 0x3B, 0x0A, 0xFB, 0x83, 0x9B, 0xEC, 0x0E, 0xF6, 0xCF, 0xDB,
    0x76, 0xD1, 0xFF, 0x62, 0x31, 0xB0, 0x9C, 0xE3, 0x3E, 0x50, 0xBE, 0x41, 0x4E, 0xD0, 0x2C, 0x14,
    0x37, 0xA9, 0x33, 0x84, 0xD5, 0xC2, 0xEB, 0x77, 0x23, 0x29, 0x94, 0x0F, 0x1D, 0x18, 0xE0, 0xDA,
    0x4F, 0xAB, 0xE4, 0x0D, 0x76, 0x06, 0x2E, 0x6E, 0xAF, 0x22, 0xEE, 0xC0, 0x2A, 0xF0, 0x24, 0x26,
    0x27, 0x9D, 0xFD, 0xFF, 0x8E, 0x74, 0x2D, 0xD4, 0x52, 0x2A, 0x4D, 0x4B, 0x9A, 0x25, 0x38, 0xEE,
    0xBC, 0xA5, 0xFC, 0xC9, 0xC2, 0xED, 0xC1, 0x2F, 0x5B, 0x25, 0xEF, 0xE4, 0x7F, 0x02, 0xB5, 0x9C,
    0x4F, 0x6C, 0x1C, 0x57, 0x9E, 0xDF, 0x5F, 0x57, 0xD9, 0x2E, 0x47, 0x85, 0x99, 0xE2, 0x61, 0x77,
    0xE1, 0xCC, 0xBF, 0x12, 0x10, 0x1F, 0x1C, 0x65, 0x27, 0xA5, 0x83, 0x0F, 0x3A, 0xD0, 0xAC, 0x1E,
    0xEB, 0xE0, 0x83, 0x0F, 0xF6, 0x61, 0x8C, 0x1C, 0x77, 0x6E, 0x99, 0x68, 0x81, 0x38, 0x87, 0x1C,
    0x84, 0x85, 0xA4, 0xAA, 0xB1, 0x03, 0xF8, 0xA0, 0x83, 0x14, 0x64, 0x4E, 0x09, 0x90, 0x15, 0x10,
    0x05, 0x71, 0x68, 0x04, 0x9C, 0x83, 0x11, 0x38, 0x8B, 0x26, 0xAB, 0xC4, 0x3E, 0xF0, 0xC0, 0x03,
    0xCB, 0x23, 0x24, 0x3E, 0xE8, 0xC0, 0xB2, 0xB9, 0x81, 0xB1, 0x12, 0xB2, 0x2C, 0x89, 0x6D, 0xB3,
    0x46, 0xAC, 0xEE, 0x97, 0xDF, 0xF7, 0xF7, 0xFB, 0xBD, 0x66, 0x93, 0x6C, 0x49, 0x94, 0x3D, 0xDB,
    0x10, 0xBB, 0x3F, 0xEA, 0xAE, 0x7A, 0xF5, 0xEA, 0xD5, 0x7B, 0xBF, 0x7F, 0xEF, 0xF7, 0x9E, 0x31,
    0xC6, 0xF8, 0xE5, 0x73, 0xFF, 0xFB, 0x97, 0x65, 0x68, 0xCB, 0xC4, 0xE6, 0xA9, 0xED, 0xA7, 0xD6,
    0xA4, 0x9D, 0x89, 0x6A, 0xC3, 0x2F, 0xFA, 0xED, 0xF0, 0xAF, 0xA1, 0xBF, 0x96, 0xFE, 0x26, 0xF4,
    0x67, 0xFB, 0xF4, 0x47, 0xE7, 0x6E, 0x55, 0xC6, 0x1F, 0x36, 0xC6, 0x5F, 0xA7, 0xBF, 0xF2, 0xF8,
    0x5F, 0x4D, 0xDF, 0x53, 0xE1, 0x43, 0x2A, 0x7D, 0xDD, 0x50, 0xF1, 0x86, 0xCA, 0xA7, 0x3F, 0x83,
    0x2B, 0x4C, 0x2F, 0xD1, 0x2B, 0xF1, 0x56, 0x94, 0x78, 0xA3, 0x12, 0xE9, 0x0D, 0xE5, 0xDA, 0xC9,
    0x45, 0xBC, 0xE7, 0xA8, 0x5F, 0xF5, 0x5D, 0x6E, 0xE9, 0x09, 0xF7, 0x49, 0xEF, 0x54, 0x6F, 0xCF,
    0x96, 0x11, 0xFF, 0x4B, 0x6C, 0x99, 0xE2, 0xB6, 0x51, 0xAB, 0x64, 0x6C, 0xD2, 0xB1, 0x09, 0x6B,
    0x93, 0x8C, 0x50, 0xAF, 0x17, 0xFB, 0xC6, 0x9C, 0xBE, 0x86, 0x01, 0x4A, 0xF6, 0xF0, 0xFD, 0x9D,
    0x82, 0x7F, 0xB5, 0x07, 0x78, 0x1F, 0xE3, 0xD7, 0xC9, 0x3F, 0x74, 0x0D, 0x2F, 0x3F, 0xF3, 0xDF,
    0x8B, 0xE6, 0x72, 0x51, 0xFD, 0x95, 0x6D, 0xB2, 0x0F, 0x9A, 0xAB, 0xBD, 0xD1, 0x95, 0x5E, 0x73,
    0xD9, 0x6B, 0x2E, 0xFB, 0xF5, 0xE5, 0xA8, 0xBC, 0x9C, 0x99, 0xAC, 0x35, 0x59, 0x6E, 0x5E, 0x35,
    0xE6, 0x0A, 0xFE, 0xBD, 0x76, 0xC5, 0xEB, 0xAE, 0x24, 0xDD, 0x35, 0xDB, 0x65, 0xF4, 0xAF, 0x1D,
    0x64, 0xFD, 0xC1, 0x15, 0x73, 0xE2, 0x5F, 0xD0, 0x5D, 0xC9, 0xF8, 0x00, 0xFA, 0x37, 0x1A, 0x5C,
    0x33, 0x83, 0x5F, 0x99, 0x81, 0xC1, 0xBF, 0xCF, 0xA8, 0x3E, 0x0B, 0xA8, 0xD4, 0x68, 0xF6, 0x6D,
    0xC1, 0x8C, 0x16, 0xE8, 0xD7, 0x6F, 0x1A, 0x7A, 0xB3, 0xF4, 0xE6, 0xE1, 0x0D, 0x3D, 0x62, 0xCD,
    0x52, 0x8F, 0xB2, 0x76, 0x64, 0x02, 0x3B, 0x1A, 0xA1, 0x7F, 0x8C, 0xD0, 0x39, 0x46, 0x66, 0x09,
    0x6F, 0x67, 0x07, 0x38, 0x77, 0x20, 0xE7, 0x7E, 0xEB, 0xCE, 0x0D, 0xF0, 0x96, 0xD1, 0xB9, 0x85,
    0x3B, 0x37, 0x94, 0x73, 0x8D, 0x3B, 0x17, 0xA7, 0x2D, 0xE8, 0xB9, 0x66, 0xF6, 0xED, 0xD7, 0x78,
    0xF3, 0xEC, 0xDF, 0xE2, 0x49, 0xD2, 0xB9, 0x74, 0x0E, 0x75, 0xC8, 0xD8, 0x52, 0x59, 0xBD, 0x71,
    0xF4, 0xE3, 0xDA, 0x4C, 0xDE, 0x09, 0x1B, 0x13, 0x34, 0x91, 0xDF, 0xF9, 0x1D, 0xBD, 0x99, 0x88,
    0xD0, 0x46, 0x83, 0xC8, 0xDF, 0x35, 0x4B, 0x84, 0x5B, 0xFF, 0x7A, 0x91, 0xDE, 0xF2, 0x45, 0xC2,
    0x61, 0x47, 0x38, 0x2C, 0x3F, 0x23, 0xBC, 0xD3, 0x00, 0xAB, 0x86, 0xB0, 0x04, 0xDE, 0xA9, 0xA7,
    0x58, 0x36, 0xA7, 0xC7, 0x3B, 0xCD, 0xA7, 0x0E, 0xD7, 0xEB, 0xCB, 0x0E, 0x87, 0xE5, 0xE2, 0x21,
    0xFE, 0xDC, 0xE1, 0x66, 0x1E, 0x39, 0xDC, 0x32, 0x53, 0xFC, 0x7B, 0x1A, 0xA2, 0x8A, 0x9D, 0xF1,
    0x1C, 0x52, 0x2B, 0xB4, 0x8A, 0x34, 0xE2, 0xDE, 0x10, 0xA4, 0xEE, 0x6A, 0x62, 0xC1, 0x98, 0xDA,
    0x21, 0xD8, 0x62, 0x7C, 0x83, 0x5B, 0x87, 0x91, 0x1F, 0x5C, 0xC1, 0x58, 0x01, 0x13, 0xC6, 0x1C,
    0x18, 0x0E, 0x09, 0xDF, 0xE0, 0x8E, 0xE7, 0xED, 0x95, 0xCD, 0x1B, 0x23, 0xE9, 0x84, 0x59, 0xD9,
    0xA4, 0x95, 0x60, 0x4C, 0xA8, 0x5D, 0xD3, 0xAF, 0x9B, 0x81, 0x1B, 0x47, 0xDD, 0x5E, 0xE3, 0x10,
    0x8F, 0x5E, 0x5F, 0xE1, 0xD8, 0x4C, 0x07, 0xDA, 0xF4, 0xF7, 0xD9, 0xD7, 0x9F, 0x3B, 0x48, 0x5D,
    0x7F, 0xB7, 0xAE, 0x70, 0x07, 0x91, 0xD5, 0x2B, 0xA7, 0xF7, 0xA4, 0x36, 0x3D, 0xFB, 0xE6, 0xC4,
    0x95, 0x8E, 0x81, 0x4B, 0xBF, 0x8C, 0x64, 0xD4, 0x78, 0x74, 0x68, 0x60, 0xF9, 0x1C, 0x94, 0x44,
    0x4D, 0xC2, 0x3D, 0x21, 0x99, 0x50, 0x2F, 0x7A, 0xBC, 0xBC, 0xBC, 0xBC, 0x62, 0xEB, 0x74, 0x4C,
    0xFD, 0x82, 0xFA, 0x75, 0x97, 0x54, 0x0C, 0x61, 0xF3, 0x43, 0xBD, 0xCE, 0x4D, 0x73, 0x8A, 0x57,
    0x64, 0xE5, 0x55, 0x4F, 0x21, 0x54, 0x40, 0x25, 0x0B, 0xBD, 0x89, 0xDE, 0xC4, 0xF4, 0xB8, 0x0D,
    0x7C, 0x27, 0x6D, 0x23, 0xEA, 0x7A, 0x1D, 0x57, 0xB5, 0xC4, 0xAF, 0x7A, 0x9F, 0x34, 0x32, 0x8D,
    0x87, 0x26, 0x8A, 0xE9, 0x20, 0x7A, 0x2C, 0x2F, 0x5E, 0xA2, 0x0E, 0x6F, 0xD2, 0x03, 0x94, 0xD7,
    0xA1, 0xFB, 0xF3, 0x8B, 0xCA, 0xB5, 0xF6, 0xF1, 0x6F, 0xD1, 0x44, 0xD7, 0xFE, 0x2B, 0x37, 0xB0,
    0x6B, 0xDF, 0x1F, 0xF0, 0xFB, 0xB4, 0x8D, 0x4F, 0x0F, 0xD3, 0x92, 0x4F, 0xC2, 0x77, 0x2B, 0xD0,
    0x41, 0xAA, 0xE5, 0xB4, 0x0E, 0xBA, 0x29, 0xA0, 0x7D, 0xDC, 0xB1, 0x13, 0xFD, 0xF4, 0xA8, 0x2F,
    0x4B, 0x43, 0x35, 0x46, 0xFA, 0x22, 0x35, 0x57, 0xC8, 0x3D, 0x25, 0x29, 0xD1, 0x7A, 0xDA, 0x33,
    0x26, 0xEE, 0xA4, 0xAC, 0xCF, 0x27, 0xF1, 0xCF, 0x34, 0x98, 0xA5, 0x65, 0x4D, 0x4C, 0xA7, 0xFE,
    0xE9, 0x0A, 0x9A, 0xEE, 0xFF, 0xAC, 0xF0, 0xA5, 0x7A, 0x72, 0xCD, 0x89, 0xC0, 0xE3, 0xDF, 0x66,
    0x74, 0x83, 0xD4, 0x82, 0xDC, 0xFC, 0xEF, 0x4A, 0x37, 0x76, 0xFD, 0xED, 0x05, 0x57, 0xE9, 0x72,
    0x16, 0xA8, 0xB3, 0x2C, 0xA3, 0x6F, 0xA5, 0x5A, 0x95, 0xA7, 0xC2, 0x89, 0xD3, 0xCF, 0xE1, 0xF4,
    0xE5, 0xFE, 0x53, 0x7B, 0x92, 0xD4, 0xB0, 0x99, 0x07, 0x9D, 0xB6, 0xC8, 0x2C, 0xD0, 0xFB, 0x77,
    0x80, 0xD0, 0x01, 0x35, 0xAE, 0x40, 0x3A, 0xCC, 0x01, 0xEF, 0xF6, 0x6C, 0x34, 0xD6, 0x41, 0x14,
    0x62, 0xA0, 0x50, 0x4B, 0x35, 0x26, 0x23, 0x89, 0x69, 0xDE, 0xA7, 0x37, 0x8F, 0xA4, 0x6F, 0x02,
    0x09, 0x4C, 0x02, 0xB4, 0x4C, 0x27, 0x7C, 0x27, 0x45, 0x1E, 0xC9, 0x10, 0x09, 0x67, 0xC7, 0x43,
    0x0E, 0x09, 0x54, 0x2A, 0x75, 0xC7, 0x08, 0x8D, 0x2C, 0x94, 0x98, 0x63, 0xB4, 0x80, 0x06, 0x0C,
    0x73, 0xA2, 0xAB, 0xA0, 0xA8, 0x24, 0x1A, 0xD3, 0x35, 0xED, 0xDD, 0xA6, 0x8B, 0xEE, 0x74, 0xA0,
    0xDF, 0x8F, 0xBA, 0x88, 0xCC, 0x0F, 0x12, 0xE1, 0x55, 0xD7, 0x45, 0x9B, 0x54, 0xC9, 0x41, 0x50,
    0x0E, 0xBA, 0x68, 0x8B, 0x8A, 0xE9, 0xC2, 0x72, 0xA9, 0xE3, 0x51, 0x2E, 0xF4, 0xFF, 0x0C, 0xD7,
    0x63, 0x81, 0xAF, 0xD1, 0x1B, 0xD1, 0x3B, 0x13, 0x09, 0xCA, 0x5C, 0xC8, 0x17, 0x82, 0x89, 0xD3,
    0xC4, 0x7D, 0xD2, 0x00, 0x30, 0x74, 0xEA, 0xC4, 0xC4, 0x2D, 0xE9, 0x61, 0x52, 0xBB, 0x29, 0x89,
    0x8A, 0x68, 0xAB, 0xA6, 0x51, 0xBA, 0x14, 0x8C, 0xDB, 0x68, 0xD8, 0x52, 0x83, 0xAC, 0x26, 0x0F,
    0x5B, 0xD4, 0x8A, 0x34, 0x4F, 0xBA, 0x4E, 0x65, 0xD2, 0x13, 0x8F, 0xBA, 0x1F, 0x52, 0x99, 0x25,
    0x89, 0x2D, 0x7F, 0x8C, 0x32, 0x4B, 0x96, 0x54, 0xFD, 0x40, 0x88, 0x0C, 0xAD, 0xB0, 0x96, 0x36,
    0xD8, 0xA2, 0x6F, 0xA2, 0x92, 0x06, 0x68, 0x7A, 0x71, 0x94, 0xE6, 0xC4, 0x7D, 0xEA, 0xFD, 0x75,
    0x61, 0x40, 0xD4, 0x81, 0xDF, 0x1C, 0x13, 0xC5, 0x18, 0xF3, 0x61, 0x4B, 0x94, 0x18, 0x12, 0xAF,
    0x59, 0x0D, 0xF1, 0x62, 0x62, 0x96, 0x0B, 0x01, 0xF5, 0x62, 0xEA, 0x9A, 0x3F, 0xA1, 0xB2, 0x2E,
    0x3D, 0x49, 0x32, 0x79, 0x4E, 0xA4, 0xFA, 0xA3, 0xC3, 0xF1, 0xE4, 0xE4, 0xF1, 0xEC, 0x68, 0x2C,
    0x4F, 0xC2, 0x92, 0x93, 0xE6, 0x73, 0x20, 0xE1, 0x43, 0xE2, 0xDC, 0x24, 0x4E, 0x26, 0x24, 0xF7,
    0x31, 0x1E, 0x00, 0xE8, 0x0A, 0xE9, 0x33, 0x60, 0x7A, 0xF0, 0xF4, 0xF4, 0x29, 0xB8, 0x31, 0x31,
    0x07, 0x70, 0xD6, 0x72, 0xEE, 0x0E, 0xAE, 0x66, 0x01, 0xC7, 0x44, 0xA7, 0x05, 0x94, 0xB3, 0x52,
    0x3D, 0xBB, 0x9C, 0x90, 0x55, 0x87, 0x71, 0xD7, 0x0F, 0x6A, 0x07, 0xD3, 0x56, 0x45, 0xFF, 0x37,
    0x97, 0x96, 0x97, 0x3F, 0x99, 0xA0, 0x66, 0x99, 0x6B, 0xBA, 0x29, 0x5C, 0xD5, 0x31, 0x30, 0x0F,
    0x2E, 0xB1, 0x08, 0xB8, 0x51, 0x5E, 0x2D, 0xF8, 0xD8, 0xED, 0xD2, 0x14, 0x53, 0x35, 0x41, 0x22,
    0xFF, 0x05, 0x19, 0x49, 0x23, 0x1E, 0x0E, 0x54, 0xA1, 0x0A, 0xFF, 0x44, 0x42, 0x86, 0x23, 0x51,
    0x1C, 0xAA, 0x19, 0xBE, 0xF9, 0xC4, 0xC2, 0x90, 0x39, 0x3C, 0x9D, 0x2E, 0x7F, 0xFF, 0x97, 0x90,
    0x91, 0x4B, 0xBF, 0xED, 0xDD, 0x32, 0x7E, 0xED, 0x64, 0x44, 0xDF, 0x81, 0x39, 0x84, 0x1E, 0x55,
    0x9E, 0x14, 0xDF, 0x2D, 0x1A, 0xD0, 0x2A, 0x5C, 0xA6, 0x70, 0xF2, 0xE0, 0xA7, 0xC0, 0xB2, 0x94,
    0xB3, 0x7C, 0xD3, 0x3A, 0xB5, 0x37, 0x05, 0xD4, 0x60, 0xC0, 0x63, 0x9E, 0x0E, 0xED, 0xE6, 0xC3,
    0x39, 0x3A, 0x79, 0xB2, 0xBC, 0x72, 0xFF, 0xF6, 0x1C, 0xAD, 0xF0, 0xE4, 0xB3, 0x0E, 0x81, 0x5F,
    0x67, 0xFA, 0x27, 0xD5, 0x70, 0x73, 0x08, 0xF4, 0xD8, 0xE9, 0x31, 0x7D, 0xC2, 0x03, 0xB1, 0xC3,
    0x53, 0x7C, 0x1A, 0x6C, 0xF1, 0x49, 0xFB, 0x8D, 0x16, 0x44, 0xF7, 0x48, 0xE7, 0x4F, 0xE8, 0x6C,
    0x3C, 0x3B, 0x11, 0xA0, 0xDF, 0x03, 0x02, 0xAB, 0xE0, 0x43, 0xB2, 0x52, 0xBD, 0xBB, 0xDE, 0x7F,
    0x9F, 0x19, 0x95, 0x73, 0xA1, 0xD7, 0x57, 0x7A, 0xBF, 0xEC, 0x02, 0xFC, 0x7F, 0xC5, 0x36, 0x5D,
    0x5C, 0x9A, 0x97, 0xA8, 0x7A, 0x24, 0x25, 0x1B, 0xF4, 0xE2, 0x9B, 0x54, 0x22, 0x35, 0xC8, 0x24,
    0xC3, 0x69, 0x96, 0xFA, 0x50, 0xCA, 0x12, 0x5D, 0x74, 0x11, 0xCB, 0x78, 0xC0, 0xAA, 0x09, 0xFA,
    0x0A, 0xC6, 0x4C, 0x21, 0xD1, 0x86, 0x1A, 0x9D, 0xD0, 0xD0, 0x2D, 0x1F, 0x93, 0xBA, 0x83, 0x67,
    0xE0, 0x67, 0x0E, 0x52, 0x29, 0x30, 0xE9, 0x67, 0xF8, 0xC6, 0x1B, 0x24, 0x79, 0xC7, 0xD2, 0xA5,
    0x8B, 0x49, 0x4E, 0x9A, 0x1F, 0x51, 0x19, 0xD1, 0x66, 0x63, 0x7E, 0x0C, 0x85, 0x1B, 0x6D, 0x57,
    0xE8, 0xA1, 0x90, 0x85, 0xE4, 0x12, 0x3E, 0xA6, 0xB3, 0x60, 0x90, 0xFD, 0x53, 0x9C, 0xAE, 0x06,
    0x10, 0xF5, 0xE9, 0x91, 0xF9, 0x15, 0x03, 0x39, 0x27, 0x57, 0x00, 0x1E, 0xF5, 0x03, 0x86, 0xA8,
    0x9B, 0xC0, 0x98, 0x27, 0x61, 0x5C, 0x67, 0x0C, 0x01, 0xB9, 0x47, 0xB8, 0x58, 0x1A, 0x75, 0x64,
    0x24, 0xB5, 0xE4, 0x7A, 0x51, 0x77, 0x23, 0x97, 0xC0, 0xB3, 0x63, 0xB6, 0xF7, 0x1A, 0x03, 0x83,
    0x5F, 0x2C, 0x29, 0xF7, 0x8A, 0x73, 0xD1, 0x32, 0x0C, 0x6C, 0x57, 0xF2, 0x37, 0xB9, 0x82, 0x68,
    0xA6, 0x59, 0x08, 0x2B, 0x85, 0x40, 0x0E, 0xE6, 0x4E, 0xD1, 0x50, 0xFB, 0xDC, 0x70, 0x2D, 0x26,
    0x90, 0xF0, 0x40, 0x74, 0x25, 0x3B, 0x78, 0xC5, 0x98, 0xFF, 0xC5, 0x70, 0x95, 0x6D, 0x20, 0x82,
    0x25, 0x7E, 0xAC, 0x04, 0xE9, 0x31, 0xF8, 0x4D, 0x3F, 0x31, 0x3D, 0x80, 0xCD, 0x93, 0xBE, 0xD7,
    0x62, 0x2C, 0x97, 0x71, 0xEE, 0x91, 0x14, 0x40, 0xCB, 0x95, 0xD4, 0x7F, 0x52, 0x52, 0x46, 0x02,
    0xBB, 0xB9, 0xC0, 0xAB, 0x74, 0x7A, 0x58, 0x42, 0x3A, 0x01, 0x2A, 0xD4, 0x95, 0x20, 0x60, 0x35,
    0x33, 0x0B, 0xAC, 0xE0, 0x04, 0xA0, 0x76, 0x09, 0x3C, 0x6E, 0x05, 0xAE, 0x6A, 0xCA, 0x50, 0xC8,
    0x88, 0x8B, 0x73, 0x7E, 0xEE, 0xE3, 0x33, 0x85, 0x42, 0x64, 0x4F, 0x9A, 0xEB, 0x73, 0x5E, 0x9F,
    0x19, 0x95, 0x36, 0x3C, 0x88, 0x84, 0xA8, 0x6B, 0x85, 0x42, 0x99, 0x36, 0x28, 0x5F, 0x4C, 0xE9,
    0x9F, 0x43, 0x9D, 0xD0, 0xE7, 0x8F, 0x96, 0xFF, 0x66, 0xF9, 0x96, 0x3C, 0x00, 0x6E, 0x50, 0x1A,
    0xAB, 0x4A, 0xAC, 0x16, 0x70, 0x74, 0x31, 0xA5, 0x09, 0x3F, 0x0F, 0x21, 0xBC, 0xD3, 0x9F, 0x67,
    0x1D, 0xF9, 0x4A, 0xF7, 0x97, 0xAF, 0xDB, 0x3E, 0x3F, 0x44, 0x7A, 0x38, 0xBB, 0x39, 0x04, 0x3A,
    0x51, 0xB1, 0x05, 0x1D, 0x0D, 0x1D, 0x6B, 0xDF, 0x71, 0xF4, 0x9F, 0x83, 0x6A, 0x4D, 0xE8, 0xDF,
    0xF9, 0x4D, 0xC7, 0x14, 0xE7, 0x4A, 0x39, 0x35, 0xFE, 0x63, 0xB6, 0x72, 0x88, 0x0C, 0x0B, 0xC5,
    0x04, 0xA5, 0xB2, 0x41, 0x94, 0xC0, 0x7C, 0xC9, 0x4A, 0xBE, 0x21, 0x2A, 0x3F, 0xCD, 0x1D, 0xF1,
    0x77, 0xD7, 0x40, 0x7C, 0x1C, 0x59, 0x2D, 0x54, 0xAD, 0x11, 0x37, 0x0B, 0xF5, 0xE0, 0x47, 0xD4,
    0x86, 0xF4, 0x68, 0x53, 0x3A, 0x8C, 0x7A, 0x0B, 0x29, 0x93, 0x94, 0x6A, 0x9F, 0xD6, 0x30, 0x6C,
    0x8B, 0x98, 0x06, 0x29, 0x06, 0xAC, 0x9D, 0x14, 0x0D, 0x6E, 0x25, 0x31, 0x45, 0x87, 0x72, 0x27,
    0xE6, 0x45, 0x73, 0xEE, 0xE6, 0x6B, 0x54, 0xC4, 0x2B, 0xCF, 0x10, 0xC6, 0x9E, 0x88, 0xAB, 0x19,
    0xE8, 0x39, 0xD0, 0xE3, 0x1C, 0xA4, 0x2A, 0x5C, 0xE7, 0x00, 0x5B, 0xD8, 0xBE, 0x33, 0x9E, 0x8F,
    0x42, 0xEC, 0x00, 0x0E, 0x15, 0x43, 0x3A, 0x0E, 0xA5, 0xDF, 0x64, 0x36, 0x12, 0x38, 0xB0, 0x5B,
    0x02, 0x7B, 0xFB, 0x7A, 0xE1, 0xBD, 0x47, 0xAD, 0x00, 0x59, 0x6F, 0x22, 0x06, 0x87, 0xCD, 0x65,
    0x86, 0xF8, 0xC3, 0x66, 0x41, 0xAE, 0xEE, 0x2A, 0xB6, 0xE6, 0xA0, 0x73, 0xF0, 0xBA, 0x83, 0x85,
    0x13, 0x77, 0xF1, 0x3D, 0xE0, 0x44, 0x1B, 0x66, 0xAC, 0x3F, 0x09, 0x8A, 0x13, 0xF0, 0x84, 0x06,
    0x4F, 0x59, 0x3A, 0x1A, 0x6D, 0xBA, 0x23, 0x40, 0x6D, 0xA8, 0xCD, 0x12, 0x1D, 0x42, 0xA0, 0x03,
    0xAC, 0xD1, 0x12, 0x92, 0x56, 0x41, 0x22, 0x3B, 0x18, 0x25, 0x56, 0xA4, 0x0D, 0xB5, 0x61, 0x29,
    0x83, 0x64, 0xFF, 0x40, 0x2C, 0x46, 0x6F, 0x6F, 0xAF, 0xE5, 0xB1, 0xEA, 0xEF, 0x34, 0x5D, 0xC2,
    0x9E, 0x25, 0xB5, 0x21, 0x06, 0x48, 0x45, 0x8D, 0x79, 0xF6, 0x1C, 0x8C, 0x9A, 0xF4, 0x62, 0x23,
    0xE6, 0x45, 0xE6, 0x2B, 0x74, 0x0E, 0x2E, 0x38, 0x38, 0xEB, 0x40, 0x2F, 0xCD, 0x12, 0x41, 0xBD,
    0x46, 0xAD, 0x8C, 0xBB, 0xC1, 0x4C, 0xE0, 0xCC, 0xF2, 0x44, 0x20, 0xC2, 0xBD, 0x01, 0x42, 0x3B,
    0xEB, 0xAC, 0x07, 0xA5, 0x13, 0x0F, 0x73, 0x20, 0x11, 0x23, 0x40, 0xA1, 0x21, 0x88, 0xDD, 0x37,
    0x10, 0x16, 0x41, 0x75, 0x6E, 0xE5, 0xF1, 0x7F, 0x69, 0x5E, 0xA0, 0xFF, 0xD2, 0xAD, 0x3C, 0x6A,
    0x96, 0xA8, 0x62, 0x04, 0x0F, 0x47, 0x49, 0x3F, 0x82, 0xA4, 0x83, 0xD1, 0x4E, 0x35, 0x24, 0xD5,
    0xD5, 0x85, 0x35, 0x8D, 0xA8, 0xA4, 0x31, 0x03, 0x1F, 0x01, 0x86, 0xB4, 0x33, 0xD7, 0x7A, 0x2D,
    0xD5, 0x30, 0x9D, 0x50, 0x85, 0x47, 0x24, 0x67, 0xB2, 0x5D, 0x02, 0x68, 0x49, 0x32, 0xA6, 0x92,
    0x1C, 0x62, 0xF4, 0x60, 0x83, 0x9A, 0x8E, 0x6C, 0xDF, 0xDE, 0x01, 0x59, 0xE7, 0x15, 0x0D, 0x35,
    0xFF, 0x01, 0x29, 0xCF, 0x9A, 0x46, 0x5A, 0xB0, 0x59, 0x7E, 0x46, 0x72, 0x90, 0xAE, 0xB0, 0x59,
    0x9E, 0xF5, 0x30, 0xC6, 0xE2, 0xEB, 0x54, 0xE7, 0x31, 0x99, 0x57, 0x29, 0x2A, 0x9F, 0xD1, 0x20,
    0x5D, 0x03, 0xA4, 0xF4, 0x7C, 0x07, 0x00, 0xF4, 0xFB, 0x0B, 0xFC, 0x0D, 0xFA, 0x21, 0xA0, 0xE8,
    0xE4, 0x4E, 0x7D, 0xB6, 0x5C, 0x09, 0xA2, 0x16, 0x23, 0x9F, 0xA0, 0xA8, 0x31, 0x38, 0xE8, 0x06,
    0x6D, 0x0E, 0xE5, 0x16, 0x96, 0x54, 0x5C, 0x8F, 0x6F, 0x19, 0x02, 0x81, 0x6A, 0x4E, 0xDF, 0xC8,
    0x28, 0x0B, 0xCB, 0xB3, 0xC7, 0x42, 0x0B, 0x1E, 0x9B, 0xEA, 0x67, 0x1D, 0x4C, 0x14, 0xD8, 0xDE,
    0x03, 0x20, 0x38, 0xC3, 0x80, 0x78, 0x0B, 0x03, 0x74, 0x0E, 0x20, 0xEC, 0xF4, 0xF4, 0x54, 0xC6,
    0xB2, 0x7D, 0x13, 0x71, 0x16, 0xC0, 0xFB, 0x63, 0xB5, 0xF5, 0xB3, 0x5A, 0xBD, 0x81, 0x88, 0x0A,
    0x22, 0xE1, 0xD3, 0x6A, 0xC4, 0x41, 0xE4, 0x3A, 0xE4, 0x2B, 0x0A, 0xF3, 0x59, 0x03, 0x95, 0x72,
    0xAD, 0xF4, 0x80, 0x4A, 0xCB, 0x60, 0x39, 0x7C, 0xDB, 0x41, 0xCE, 0x52, 0xBB, 0x8C, 0xC8, 0x07,
    0xC1, 0xB5, 0x1E, 0x8F, 0xA0, 0x87, 0xE9, 0x9A, 0x8F, 0x46, 0x3F, 0x0D, 0xF1, 0x8B, 0xFF, 0x68,
    0xF4, 0x42, 0x82, 0x32, 0xC3, 0xDF, 0x93, 0xDF, 0x42, 0xDD, 0x69, 0x14, 0xAF, 0xF3, 0x5D, 0x04,
    0xA3, 0xF4, 0x4D, 0x86, 0xB8, 0xB6, 0x72, 0x5F, 0x59, 0x3E, 0x60, 0xE8, 0x59, 0x73, 0x81, 0x81,
    0x6A, 0xBF, 0x20, 0xF7, 0xD5, 0xC8, 0x5D, 0xF4, 0x50, 0x7B, 0x00, 0x3C, 0x31, 0x86, 0xA2, 0x11,
    0x88, 0x59, 0xCB, 0x7A, 0xA3, 0x9E, 0x0C, 0x3E, 0xFA, 0x46, 0x02, 0x4A, 0x04, 0x97, 0x8F, 0x6A,
    0xA4, 0xD9, 0x0E, 0xC9, 0x9E, 0xDD, 0x51, 0xF0, 0x9B, 0xA7, 0xC2, 0xB9, 0x95, 0xFB, 0x37, 0x19,
    0xA8, 0xE9, 0xEA, 0xA3, 0xC0, 0x3D, 0x93, 0x21, 0x76, 0x90, 0xD4, 0x0A, 0x74, 0x03, 0x0A, 0x9D,
    0x42, 0x31, 0x56, 0xB0, 0xBB, 0x0E, 0xB6, 0x72, 0x06, 0xEF, 0x60, 0xB3, 0x64, 0xF0, 0x1F, 0x0C,
    0x05, 0x82, 0xCD, 0xF5, 0x5F, 0x8C, 0x00, 0xD4, 0x33, 0x7B, 0x0C, 0xD4, 0x33, 0xBD, 0x86, 0xAF,
    0x1E, 0x2A, 0x50, 0xCF, 0xE4, 0x73, 0x9A, 0x81, 0x83, 0x0B, 0x18, 0x4D, 0x00, 0xEA, 0x99, 0x61,
    0xA5, 0x77, 0x11, 0x95, 0x0A, 0xB1, 0x83, 0xB4, 0xEF, 0xD5, 0x0C, 0x99, 0xD1, 0x46, 0x98, 0x28,
    0xAC, 0x77, 0xEE, 0x9B, 0x7F, 0xEB, 0x80, 0x9B, 0xF4, 0xA6, 0x53, 0xD5, 0x66, 0x16, 0x7C, 0x09,
    0x63, 0x08, 0x54, 0x47, 0xA1, 0x51, 0xF5, 0x7C, 0x0C, 0xA8, 0x31, 0x3F, 0x64, 0xA0, 0x36, 0x1C,
    0x1E, 0x05, 0x13, 0xBB, 0x83, 0x13, 0x82, 0x1C, 0x90, 0x96, 0xFE, 0x7E, 0xCD, 0x50, 0xFB, 0x7B,
    0x23, 0x40, 0x36, 0xF2, 0x1F, 0x76, 0x80, 0x82, 0x44, 0x9A, 0x05, 0xD8, 0x09, 0x35, 0xC9, 0xDB,
    0x15, 0x75, 0x94, 0xED, 0x8B, 0x4D, 0xB2, 0x59, 0x19, 0x6F, 0x77, 0x6B, 0x58, 0x47, 0x04, 0xFE,
    0xD6, 0xC6, 0x46, 0x1D, 0x3E, 0xA8, 0x4C, 0xB8, 0x35, 0x0C, 0x6A, 0xFF, 0x7A, 0x65, 0xA2, 0x1B,
    0xD4, 0x2C, 0xB8, 0x44, 0x12, 0x95, 0x74, 0x67, 0xB8, 0x3A, 0xDC, 0x6F, 0xC0, 0xAA, 0xC2, 0xD9,
    0x01, 0x4B, 0x9A, 0xB0, 0x7A, 0xE3, 0x3C, 0xF9, 0xDB, 0x7D, 0x80, 0x61, 0x97, 0x5E, 0x20, 0x73,
    0x30, 0x56, 0xB8, 0xD3, 0x01, 0x16, 0x0D, 0x42, 0x01, 0x26, 0x78, 0x4C, 0xE2, 0x7D, 0x13, 0xDA,
    0x05, 0x72, 0x9E, 0xAA, 0xC0, 0xE1, 0x92, 0xE8, 0x4E, 0x7E, 0x4A, 0xFF, 0x89, 0x21, 0x75, 0x0E,
    0xCF, 0x14, 0x92, 0xA9, 0x0B, 0xC4, 0x95, 0x84, 0xBA, 0x71, 0xD0, 0x1D, 0x05, 0x08, 0x13, 0x81,
    0xE8, 0x04, 0x24, 0x0E, 0xD2, 0x91, 0x83, 0xB1, 0x42, 0x61, 0xFB, 0x02, 0xD0, 0x22, 0x80, 0xDE,
    0xFE, 0xDE, 0x88, 0x0C, 0x5C, 0x92, 0x6A, 0x7B, 0x0F, 0xBB, 0x04, 0x10, 0xEC, 0x34, 0x03, 0x11,
    0xC6, 0xC3, 0xE6, 0x3C, 0x02, 0x31, 0x50, 0xD9, 0x1C, 0x91, 0x61, 0x95, 0xCD, 0x00, 0x95, 0xBD,
    0x26, 0x1E, 0x0D, 0xBB, 0x64, 0xE5, 0x05, 0x52, 0x37, 0x3D, 0x40, 0x4A, 0x2A, 0xDB, 0x6F, 0xB9,
    0x21, 0xA9, 0x6F, 0x37, 0x0A, 0x24, 0x81, 0xA3, 0x72, 0x09, 0x77, 0x5A, 0x2A, 0x14, 0xD4, 0xE0,
    0x64, 0xB2, 0xFB, 0x0F, 0x27, 0x86, 0x43, 0x1B, 0x3E, 0x22, 0xC7, 0x1E, 0x59, 0x4D, 0x7E, 0x7D,
    0xF6, 0xC9, 0xCA, 0xE5, 0x10, 0xE0, 0x80, 0x52, 0x11, 0x65, 0x4F, 0x9C, 0x60, 0x85, 0x52, 0x8F,
    0x29, 0xD0, 0xFD, 0x6E, 0x72, 0xF8, 0x03, 0x43, 0x98, 0x7D, 0x68, 0x81, 0xA4, 0xD4, 0x8E, 0x5D,
    0x18, 0xB1, 0x45, 0x25, 0x78, 0x58, 0x69, 0xCC, 0x24, 0x75, 0x06, 0x43, 0xDA, 0x2A, 0x40, 0x33,
    0x30, 0x40, 0xEA, 0x0B, 0x6C, 0xB1, 0xF5, 0xDF, 0xF5, 0x0E, 0x36, 0xC5, 0xEC, 0xA1, 0xB1, 0x7C,
    0x8F, 0x21, 0xD8, 0x1C, 0x8A, 0x4E, 0xA5, 0xB1, 0xAC, 0x1A, 0xF4, 0xBA, 0x02, 0x6B, 0x19, 0x40,
    0xE6, 0x60, 0xEC, 0x60, 0xD1, 0xC1, 0x59, 0x07, 0xE6, 0x79, 0x21, 0xB2, 0x53, 0xA8, 0x05, 0x82,
    0xC9, 0xF1, 0x68, 0x63, 0xF7, 0x0C, 0x40, 0x8C, 0xD2, 0xD2, 0xDF, 0xED, 0x79, 0x0E, 0x21, 0x75,
    0x9C, 0x4E, 0x03, 0x4A, 0x9D, 0x38, 0x07, 0x51, 0xD3, 0xC9, 0x0C, 0x40, 0x56, 0x72, 0x14, 0x0D,
    0xBA, 0xA2, 0xF3, 0x20, 0xA9, 0x49, 0x57, 0x90, 0x6D, 0xD8, 0x70, 0xBC, 0xBD, 0x83, 0x86, 0x89,
    0x2D, 0x2E, 0x41, 0xD2, 0x3B, 0x93, 0x49, 0x9A, 0xA4, 0x4D, 0x7E, 0x81, 0x60, 0xC8, 0xC7, 0x5E,
    0xF3, 0x82, 0xE7, 0x22, 0x41, 0x9E, 0xC4, 0x67, 0x35, 0xF6, 0xA3, 0xF1, 0x2B, 0xCF, 0xCD, 0x1C,
    0x24, 0xAD, 0x8B, 0x92, 0xE6, 0xF3, 0xE2, 0x59, 0x87, 0x55, 0xC5, 0x5D, 0x20, 0x3A, 0x73, 0xFB,
    0x34, 0xB7, 0x3C, 0x0F, 0xA2, 0xA9, 0x3D, 0xA7, 0xA6, 0x9E, 0xF1, 0xEF, 0xF7, 0xBF, 0x43, 0x39,
    0x4F, 0xAC, 0xE1, 0xD4, 0xF1, 0x66, 0xEB, 0x4F, 0xAE, 0xD1, 0xEB, 0xBA, 0x89, 0x06, 0xEE, 0xD8,
    0xFE, 0x87, 0xE2, 0xEC, 0x64, 0xA2, 0x20, 0xCB, 0x3B, 0xF6, 0x93, 0xBD, 0x09, 0x7C, 0x7C, 0xB8,
    0x35, 0x2D, 0xFC, 0x0A, 0x6A, 0xDE, 0xA2, 0x42, 0xF3, 0x4E, 0xD8, 0x9F, 0x46, 0xF3, 0xD6, 0xE4,
    0x3D, 0xE3, 0xA2, 0x29, 0x3F, 0x18, 0x8E, 0x6B, 0xFC, 0x40, 0xA7, 0xC1, 0xDE, 0x25, 0x9B, 0x4E,
    0xA3, 0x69, 0xA1, 0x8B, 0x49, 0x1F, 0x42, 0xA9, 0xC2, 0xFE, 0xFB, 0xC2, 0xC9, 0x92, 0x4F, 0x5C,
    0xE2, 0xF0, 0xB5, 0xAA, 0x96, 0xE7, 0xF7, 0x03, 0x5C, 0xE1, 0x1D, 0x5C, 0x04, 0x9E, 0xC8, 0x8D,
    0x23, 0xA0, 0x13, 0x10, 0x96, 0x6D, 0x0E, 0xEE, 0x9E, 0x98, 0xC0, 0x95, 0x79, 0x24, 0x8E, 0xC3,
    0xC0, 0xCB, 0x0D, 0xF0, 0x18, 0xD0, 0x3F, 0xA3, 0x09, 0x5A, 0x0E, 0x3E, 0xEB, 0x98, 0xDE, 0x0A,
    0x04, 0x37, 0x56, 0xD3, 0xB2, 0xD7, 0x11, 0x2C, 0xAD, 0x46, 0x95, 0xDF, 0x12, 0x0C, 0x56, 0x83,
    0x32, 0x84, 0x2D, 0xDA, 0xAD, 0x92, 0x2B, 0x0D, 0xC1, 0xC6, 0x66, 0x68, 0x9E, 0x52, 0x4B, 0xAF,
    0xE2, 0x4A, 0x24, 0x1B, 0xAB, 0x55, 0x98, 0x53, 0x29, 0x29, 0xB4, 0x55, 0x08, 0x64, 0x02, 0xAA,
    0x2A, 0x99, 0x89, 0xA9, 0xF9, 0x21, 0x01, 0x66, 0xC4, 0xCD, 0xCB, 0x04, 0x57, 0xDC, 0x5D, 0x9C,
    0x3D, 0xCD, 0x9D, 0x8A, 0xC5, 0xC9, 0x30, 0x11, 0x90, 0x69, 0xCD, 0x91, 0xCE, 0x75, 0x0A, 0x74,
    0xDF, 0x11, 0xD0, 0x33, 0x13, 0x17, 0x83, 0xC3, 0xDF, 0x78, 0x0A, 0x1A, 0x48, 0x46, 0x5F, 0x72,
    0x10, 0x3A, 0xE0, 0x41, 0xCF, 0x51, 0x8C, 0x31, 0xE6, 0x6C, 0xD0, 0x7C, 0x56, 0xC2, 0x5E, 0x08,
    0x5A, 0x84, 0xD0, 0x0B, 0x66, 0xCD, 0x36, 0x54, 0x02, 0xC1, 0x1F, 0xBE, 0xED, 0x7A, 0x10, 0x0B,
    0xDE, 0xC3, 0xD1, 0xC4, 0xA0, 0x27, 0xFB, 0x0F, 0x47, 0x68, 0x1B, 0x32, 0x8D, 0x3F, 0x1F, 0xFD,
    0xDC, 0x20, 0xA4, 0x13, 0xDF, 0x19, 0xBD, 0x40, 0x12, 0x99, 0xEA, 0xF3, 0x8B, 0x11, 0x7B, 0x32,
    0xA6, 0x40, 0x0D, 0xCF, 0xD0, 0x31, 0x63, 0x57, 0xD5, 0x0B, 0x0E, 0x16, 0x9E, 0xFB, 0x4E, 0x79,
    0x5C, 0x0B, 0xB4, 0x02, 0x81, 0xBD, 0x39, 0x0D, 0x60, 0xCC, 0x87, 0x1E, 0xC6, 0x0C, 0x42, 0xAA,
    0xCE, 0xA7, 0x3E, 0x04, 0x84, 0x39, 0x60, 0x31, 0x3E, 0xBE, 0x6D, 0x60, 0x7F, 0xB1, 0x63, 0xE8,
    0xE0, 0x05, 0x00, 0xFC, 0xBB, 0x98, 0x81, 0xBA, 0x41, 0xCC, 0x56, 0x11, 0x99, 0xD7, 0x09, 0x03,
    0x49, 0xC8, 0xA5, 0x08, 0xEE, 0x10, 0xB5, 0x18, 0x41, 0x00, 0xC8, 0xDF, 0x60, 0xC8, 0x6C, 0xB9,
    0x18, 0xE5, 0x04, 0xF6, 0xEB, 0x66, 0x10, 0xE7, 0x54, 0xC8, 0xC1, 0x4E, 0xDB, 0x26, 0xFD, 0xB0,
    0xF2, 0xF6, 0xEA, 0x8E, 0xDA, 0x8C, 0x8A, 0xDC, 0xA9, 0xFF, 0x67, 0x03, 0x08, 0xEF, 0xD6, 0xFF,
    0xA4, 0x86, 0x3E, 0x8E, 0x86, 0x75, 0xAF, 0x84, 0x3E, 0x4E, 0x3E, 0xAC, 0x39, 0xF0, 0x57, 0xA6,
    0xBE, 0xC2, 0x1A, 0x81, 0x07, 0x7D, 0x7C, 0x85, 0x80, 0xED, 0x8A, 0xD7, 0x7D, 0x9E, 0x51, 0x83,
    0x1B, 0x08, 0xAD, 0xCC, 0x6E, 0x60, 0x8D, 0x68, 0x06, 0xD9, 0x40, 0x04, 0x56, 0xFC, 0xC1, 0x1A,
    0xC1, 0x66, 0x06, 0x3C, 0x67, 0x9E, 0x1B, 0xC9, 0x6A, 0x68, 0x6C, 0x40, 0xEE, 0xA3, 0x0D, 0xFD,
    0xFA, 0xA7, 0x32, 0x90, 0xA6, 0x2F, 0xBF, 0x39, 0x0C, 0x3F, 0xFB, 0x2E, 0xA2, 0x1C, 0xBA, 0x6F,
    0x64, 0xFC, 0xCF, 0x42, 0xE2, 0xA6, 0xFA, 0xD0, 0xD9, 0xB8, 0x31, 0xE1, 0x92, 0x37, 0xF4, 0xD6,
    0x5A, 0x85, 0x3F, 0x88, 0x07, 0x1A, 0x36, 0xBE, 0x28, 0x64, 0x72, 0xAE, 0x45, 0x45, 0x47, 0x2D,
    0xE6, 0x48, 0xB9, 0x31, 0x13, 0xD1, 0x84, 0x89, 0x0D, 0x5D, 0x69, 0x79, 0xC8, 0xF7, 0x92, 0xD9,
    0x2A, 0xAE, 0x10, 0x99, 0xB2, 0x7B, 0x0D, 0xF5, 0x5B, 0x82, 0x83, 0x47, 0x2D, 0xDD, 0x58, 0x50,
    0x7B, 0x7B, 0x4D, 0x6B, 0x8A, 0x3E, 0x19, 0x8B, 0x7B, 0xCD, 0xEF, 0x68, 0x2C, 0x87, 0x75, 0x70,
    0xB7, 0x59, 0x40, 0xE9, 0x70, 0xAE, 0x11, 0xEA, 0x0F, 0xAB, 0x84, 0xCC, 0x1E, 0xD3, 0x23, 0xE0,
    0x48, 0x85, 0xB9, 0x85, 0xC6, 0x54, 0x57, 0x7A, 0xD1, 0xC1, 0xAB, 0xC7, 0x9C, 0xEB, 0x43, 0x2F,
    0xBB, 0x3C, 0xE1, 0x65, 0xF7, 0x15, 0x0A, 0xD1, 0xDB, 0xB1, 0x3D, 0xE2, 0x65, 0xA3, 0x47, 0xA1,
    0x43, 0x8A, 0x01, 0xB3, 0xA0, 0x80, 0xA7, 0xC0, 0x50, 0xB0, 0x5F, 0x89, 0x74, 0x94, 0x16, 0x40,
    0x9F, 0x50, 0xF0, 0x64, 0xF3, 0x5B, 0xD6, 0x88, 0x61, 0x19, 0x20, 0x0A, 0x0C, 0xB3, 0xE7, 0xDF,
    0xB3, 0xD4, 0x60, 0x6B, 0xE7, 0x08, 0x70, 0xB3, 0xA7, 0x5A, 0x37, 0x9D, 0xAC, 0xAC, 0x15, 0xD8,
    0x83, 0x64, 0xC0, 0xE8, 0x35, 0x2F, 0x7D, 0xCA, 0x66, 0x4F, 0xBA, 0x42, 0x17, 0x23, 0x17, 0xE6,
    0xCF, 0xD8, 0x06, 0x10, 0xB3, 0xE7, 0x71, 0x9F, 0x5C, 0x98, 0x6D, 0x0B, 0xF1, 0x43, 0x66, 0xCF,
    0xD6, 0x1F, 0x70, 0xD1, 0xE0, 0xDE, 0xBA, 0x9C, 0xCE, 0x66, 0x0F, 0xC3, 0x75, 0x05, 0x36, 0x7B,
    0x00, 0xD7, 0x1C, 0x0C, 0x1C, 0x2C, 0x3A, 0x38, 0xAB, 0x30, 0x32, 0xA1, 0x8B, 0x5C, 0xCF, 0x87,
    0xC4, 0x90, 0x2F, 0xC7, 0x90, 0x7B, 0x02, 0xB1, 0x44, 0x18, 0x38, 0xD6, 0x57, 0x33, 0x78, 0xC5,
    0xAC, 0xE1, 0x13, 0x90, 0x22, 0x7C, 0x29, 0x57, 0xE0, 0x38, 0xCB, 0xF3, 0x00, 0x75, 0xC8, 0x5B,
    0x0C, 0x29, 0x5F, 0x66, 0x16, 0x38, 0xB6, 0x2E, 0x20, 0x13, 0xFE, 0xAD, 0x89, 0x1B, 0x8D, 0x86,
    0x25, 0x9D, 0x42, 0x3A, 0x91, 0xC8, 0x1A, 0x67, 0x42, 0x21, 0xA0, 0x66, 0x8A, 0xDD, 0x52, 0xC0,
    0xDE, 0x63, 0x71, 0x40, 0x70, 0xB7, 0x65, 0x49, 0xEA, 0x1D, 0x7C, 0xDE, 0x22, 0x16, 0x68, 0xFC,
    0xAF, 0xAB, 0xDF, 0xB1, 0xBB, 0x1D, 0x7E, 0x51, 0x2D, 0x20, 0x09, 0xC8, 0x44, 0x1B, 0xB8, 0xF2,
    0x12, 0xDD, 0xF6, 0x47, 0xF0, 0x8B, 0x10, 0x0B, 0x41, 0x0D, 0xD7, 0x68, 0xBC, 0xAE, 0x01, 0x30,
    0x9D, 0xB9, 0x48, 0xE0, 0xB5, 0x54, 0xA9, 0x57, 0x08, 0x02, 0x18, 0xDE, 0xB8, 0x8B, 0x08, 0xD2,
    0x17, 0x00, 0x4D, 0xC6, 0x40, 0x66, 0x37, 0xB4, 0x5E, 0x45, 0xD6, 0x04, 0xE2, 0x00, 0x41, 0x85,
    0x4B, 0xC6, 0x34, 0x34, 0x2A, 0x84, 0x0A, 0x42, 0x1A, 0x1A, 0x15, 0xEC, 0x0F, 0x3A, 0x3A, 0xA8,
    0x38, 0x99, 0xE0, 0xFC, 0x61, 0x63, 0xF6, 0x5A, 0x27, 0x1D, 0x85, 0x9A, 0x93, 0xDF, 0x05, 0xCF,
    0xA4, 0x33, 0x9F, 0x4C, 0x3E, 0x16, 0xA2, 0x46, 0xEA, 0xC4, 0xE6, 0x3B, 0x24, 0x4C, 0xB1, 0x15,
    0xAC, 0x78, 0x64, 0xB2, 0x8D, 0x5B, 0x98, 0x83, 0x15, 0xD2, 0xD6, 0xD6, 0xF4, 0x44, 0x7A, 0x44,
    0xB6, 0x4C, 0x85, 0x92, 0x83, 0x2A, 0xEE, 0x33, 0xA5, 0x8F, 0x9B, 0x28, 0x67, 0x5A, 0x6A, 0xD5,
    0x49, 0x32, 0xAB, 0xED, 0x6A, 0x50, 0x71, 0x14, 0xED, 0x9B, 0x96, 0x86, 0x31, 0xC2, 0xC2, 0xDE,
    0xC3, 0xF6, 0xA7, 0xFE, 0x08, 0x1D, 0xCF, 0x7F, 0xD8, 0xBE, 0x6C, 0xA0, 0xE1, 0x49, 0x09, 0xD1,
    0xD5, 0xD6, 0x38, 0x2C, 0x7C, 0xA7, 0x95, 0x51, 0x40, 0x6A, 0x88, 0x28, 0x61, 0x42, 0xED, 0xF9,
    0x69, 0xFD, 0x00, 0xC4, 0x1A, 0xF0, 0x65, 0x10, 0x47, 0x45, 0xF8, 0xDE, 0x52, 0xEB, 0xC8, 0xB2,
    0x55, 0x4C, 0xE4, 0x8B, 0x59, 0xDC, 0x43, 0xCF, 0x40, 0x06, 0x1D, 0x88, 0x6C, 0x21, 0x18, 0x1C,
    0x24, 0x54, 0x2C, 0x66, 0x60, 0x98, 0x5A, 0x09, 0xC0, 0xF4, 0x5A, 0x1F, 0xD5, 0x7C, 0xED, 0x19,
    0x13, 0xBA, 0xBD, 0x6E, 0x6E, 0x7A, 0x45, 0x33, 0x85, 0x73, 0x05, 0xCF, 0x9B, 0x92, 0xDA, 0x9A,
    0x4E, 0x94, 0x3D, 0x1F, 0xB8, 0xBC, 0x8F, 0x63, 0x20, 0xF6, 0xE9, 0xAF, 0x4F, 0xE1, 0x44, 0x4C,
    0x9E, 0xE8, 0x44, 0xA4, 0x2E, 0x8C, 0x68, 0x27, 0x72, 0x9A, 0xDF, 0x75, 0xC5, 0xD3, 0xBC, 0x09,
    0x08, 0x2B, 0x98, 0xBB, 0x45, 0xCD, 0xF1, 0x34, 0x32, 0x12, 0x26, 0x46, 0xBC, 0x09, 0x72, 0x15,
    0xA7, 0xE6, 0x2E, 0xD4, 0x08, 0x9B, 0xBB, 0x2F, 0x9F, 0xAC, 0x98, 0x5E, 0xBD, 0x7F, 0x08, 0xE3,
    0xF7, 0xF0, 0xCA, 0xFA, 0x7A, 0x40, 0xF2, 0x54, 0x78, 0xD2, 0xE9, 0xEF, 0x1D, 0xBD, 0x90, 0x08,
    0xF6, 0xA7, 0xC1, 0x25, 0x9E, 0x2F, 0xBD, 0x6D, 0x3A, 0xD7, 0x1A, 0x87, 0x20, 0x06, 0xA8, 0xDC,
    0x8B, 0xF6, 0x13, 0x83, 0xB4, 0x42, 0x40, 0xCF, 0x1E, 0x48, 0x78, 0xCC, 0xDF, 0x7F, 0xA4, 0x0A,
    0x70, 0xA7, 0x11, 0xBD, 0x91, 0x0E, 0x1B, 0x1A, 0xAA, 0x34, 0xD2, 0xAD, 0xDF, 0x90, 0x2A, 0x24,
    0x73, 0x84, 0x9C, 0xF1, 0x80, 0x84, 0x48, 0x15, 0x8D, 0x30, 0x0B, 0x80, 0x18, 0x06, 0xCC, 0x8F,
    0x8C, 0x14, 0x99, 0x15, 0x45, 0x99, 0x5E, 0x94, 0x54, 0x90, 0x36, 0x33, 0x6C, 0x0C, 0x98, 0x5B,
    0xAB, 0x6E, 0x20, 0xBF, 0x3C, 0x1B, 0x9A, 0x38, 0x8C, 0x54, 0xA4, 0x53, 0xF0, 0x2B, 0x85, 0x40,
    0xE7, 0x01, 0xD2, 0xDE, 0xD8, 0x1D, 0x93, 0xF5, 0x15, 0x54, 0xEB, 0xA5, 0x2E, 0xCF, 0x84, 0x4C,
    0x64, 0x44, 0x77, 0x27, 0x4E, 0x13, 0xCD, 0x40, 0xD2, 0x7F, 0xF1, 0x63, 0x9E, 0x5A, 0xE7, 0x08,
    0x7A, 0x28, 0xF3, 0x17, 0x88, 0x99, 0x23, 0xB2, 0x74, 0xBF, 0xCF, 0x50, 0xA0, 0x53, 0x62, 0x08,
    0xF2, 0xA4, 0x51, 0xAA, 0xF3, 0x41, 0x06, 0xE9, 0x80, 0x0C, 0x10, 0xFA, 0x0C, 0xFB, 0x7B, 0x23,
    0x06, 0x04, 0x31, 0x58, 0x54, 0xF8, 0x3B, 0xCD, 0x1A, 0x5B, 0x1E, 0xA4, 0xCD, 0x17, 0xF9, 0x32,
    0xF1, 0x87, 0xCD, 0x9F, 0xCC, 0x99, 0x77, 0x40, 0x9C, 0x71, 0x00, 0xA0, 0x81, 0x75, 0x9E, 0xE7,
    0x1D, 0xE8, 0x39, 0x5C, 0xE1, 0x79, 0x07, 0x1A, 0x61, 0x57, 0xA4, 0x4D, 0x0A, 0x32, 0xB2, 0x25,
    0x2A, 0xD0, 0x57, 0x48, 0x4A, 0x9D, 0x39, 0x89, 0xBE, 0xD1, 0x90, 0x3E, 0x3C, 0x09, 0x11, 0x89,
    0x98, 0x54, 0x77, 0xAA, 0x9F, 0x54, 0x92, 0x57, 0x6B, 0xC8, 0x42, 0xC6, 0x30, 0x7C, 0xF3, 0x46,
    0x21, 0x74, 0x3F, 0x89, 0x45, 0x44, 0x10, 0x3B, 0xC0, 0x94, 0xD8, 0x6D, 0x04, 0x31, 0x52, 0xB5,
    0xCC, 0x6B, 0x37, 0x4D, 0xFE, 0x65, 0xE7, 0x82, 0x72, 0xAD, 0xE6, 0x67, 0x48, 0x7E, 0x94, 0x49,
    0x60, 0xEC, 0x88, 0x36, 0xD7, 0x84, 0xB0, 0xB4, 0x0B, 0xB8, 0xAD, 0xA1, 0xCD, 0x65, 0x66, 0x8D,
    0xB4, 0xF9, 0xB9, 0xE5, 0x15, 0xC4, 0xCC, 0xB7, 0x72, 0x8E, 0x71, 0x23, 0x20, 0x89, 0x51, 0x07,
    0x6D, 0x5E, 0xB2, 0xA7, 0x14, 0x6C, 0xAE, 0xF7, 0x79, 0x6A, 0x96, 0xB5, 0x39, 0x67, 0x53, 0xBD,
    0x5D, 0x1A, 0x99, 0x55, 0x86, 0x86, 0xE5, 0x90, 0x70, 0xA8, 0xC9, 0x58, 0xD0, 0xE6, 0x2C, 0x0F,
    0x11, 0x2A, 0xE7, 0xCB, 0x23, 0x54, 0x0E, 0x15, 0xC2, 0xEA, 0xB8, 0x30, 0xAA, 0xBB, 0x71, 0x2C,
    0x54, 0x76, 0xCF, 0x81, 0x27, 0xF1, 0x6D, 0x8D, 0xDB, 0xB0, 0x12, 0x77, 0xD3, 0x04, 0x3C, 0x13,
    0x98, 0x1F, 0xCE, 0x32, 0x3C, 0x71, 0xDA, 0xAB, 0x3F, 0x0B, 0xB0, 0xD5, 0x0B, 0x67, 0x62, 0xC5,
    0x73, 0x40, 0xE7, 0x6E, 0xE6, 0x01, 0xBA, 0x6B, 0xCA, 0xE5, 0x44, 0x32, 0x2B, 0xD4, 0x87, 0xB8,
    0xCF, 0x38, 0x65, 0x8B, 0x64, 0xBC, 0xCC, 0x9B, 0x27, 0x13, 0x49, 0x2B, 0xC5, 0x20, 0x95, 0x47,
    0x40, 0xB6, 0xBA, 0x0A, 0x99, 0x83, 0x46, 0xE0, 0x60, 0x6F, 0xD4, 0x49, 0xAA, 0xE4, 0xC3, 0x87,
    0x7C, 0x5F, 0x64, 0x5E, 0x7E, 0xC5, 0x10, 0xDE, 0xE5, 0x1A, 0xAE, 0xD4, 0x6C, 0x5E, 0xC2, 0x7B,
    0x60, 0xF3, 0x12, 0x8A, 0x2D, 0x75, 0xA6, 0xE3, 0x13, 0xCD, 0xCB, 0xA7, 0x18, 0x93, 0x32, 0x65,
    0xE3, 0x2D, 0xBB, 0x29, 0x1B, 0xEB, 0xA6, 0x6C, 0x38, 0x89, 0x81, 0x35, 0xF3, 0x82, 0x36, 0x9D,
    0x77, 0x53, 0x81, 0x35, 0xF2, 0xF3, 0x00, 0x37, 0x94, 0x42, 0x77, 0x14, 0xD8, 0xC0, 0x61, 0x88,
    0x0E, 0xC1, 0x93, 0x47, 0x19, 0x77, 0xBE, 0x3C, 0xDC, 0x74, 0xE2, 0xC0, 0xEA, 0x31, 0x05, 0x1E,
    0x30, 0xE0, 0xE0, 0x80, 0x0D, 0x74, 0xD3, 0xDB, 0xDB, 0x6B, 0x18, 0xFC, 0xBD, 0x47, 0xB5, 0xC0,
    0x4E, 0x53, 0x8A, 0xA1, 0x30, 0xD4, 0x92, 0x11, 0x87, 0x94, 0xAB, 0xBB, 0x8A, 0xAD, 0x39, 0xE8,
    0x1C, 0xBC, 0xEE, 0x60, 0xE1, 0x74, 0x37, 0x78, 0x32, 0x06, 0x3B, 0x85, 0xE3, 0xFE, 0x20, 0x3A,
    0x7F, 0xCF, 0x45, 0xDE, 0xBC, 0x27, 0x42, 0xF7, 0x54, 0xE8, 0xE5, 0x18, 0xCB, 0x04, 0x09, 0x2E,
    0xD4, 0x74, 0xDE, 0xB7, 0x56, 0x01, 0xED, 0x23, 0xC9, 0x22, 0x3B, 0x02, 0xC5, 0x04, 0x4E, 0x0D,
    0xC6, 0x05, 0x4F, 0x2E, 0x4C, 0xA1, 0x89, 0xED, 0x3A, 0x20, 0x6B, 0x8B, 0xCE, 0xE3, 0xC9, 0x85,
    0x2E, 0x55, 0xB0, 0xAF, 0x31, 0x78, 0x07, 0xDB, 0x39, 0x83, 0xFF, 0x60, 0xB3, 0x02, 0xD4, 0xE1,
    0xE6, 0xB0, 0x61, 0x88, 0x36, 0xD7, 0x6B, 0x06, 0x1A, 0xD4, 0x74, 0xCC, 0xC3, 0xBF, 0xA8, 0x52,
    0xAE, 0xD8, 0x23, 0x5B, 0xAE, 0x32, 0x3C, 0xB4, 0xC8, 0xA0, 0x93, 0x3A, 0xBF, 0x0E, 0xE8, 0xDD,
    0x32, 0x67, 0x17, 0x74, 0x08, 0x5F, 0x75, 0x63, 0x79, 0xD5, 0xC1, 0xC0, 0x01, 0x0F, 0xF3, 0x62,
    0x79, 0xF9, 0x13, 0xB6, 0xCC, 0x53, 0x37, 0xA8, 0xC3, 0x99, 0xA8, 0xAC, 0x9A, 0xD6, 0x4F, 0x04,
    0xEE, 0x24, 0xF9, 0x5C, 0x90, 0x89, 0x4B, 0x36, 0xC8, 0x01, 0xA9, 0x24, 0x2C, 0xCD, 0x80, 0x66,
    0x8B, 0x02, 0x6A, 0x85, 0xD8, 0x4D, 0x77, 0xB2, 0x11, 0xC7, 0x59, 0x17, 0x13, 0x85, 0xCC, 0xF6,
    0xA4, 0xE4, 0x62, 0x77, 0x5D, 0xE0, 0xE0, 0x0B, 0x1E, 0xA7, 0x79, 0x6F, 0xFF, 0x2E, 0x14, 0x6D,
    0x9C, 0xFB, 0x5F, 0x7F, 0xFE, 0x7B, 0x86, 0xE0, 0x8B, 0xEA, 0x4D, 0x96, 0xB4, 0x64, 0x87, 0x7B,
    0x0C, 0xF1, 0x47, 0x0A, 0x64, 0x87, 0x0B, 0xAC, 0x39, 0xB8, 0xE2, 0xE0, 0x82, 0xC2, 0x68, 0x41,
    0x01, 0x16, 0xF5, 0x53, 0x00, 0x82, 0x91, 0xFE, 0x43, 0x77, 0x2A, 0x23, 0x05, 0xB6, 0x3A, 0x0F,
    0x22, 0x82, 0x64, 0xA6, 0x11, 0xE4, 0xF5, 0xF1, 0x33, 0xCC, 0xB0, 0x13, 0x59, 0xC9, 0x87, 0x79,
    0x51, 0xA7, 0x8A, 0x5E, 0x5E, 0x62, 0x2B, 0xEE, 0x63, 0x97, 0x64, 0x36, 0x9E, 0x81, 0x01, 0x1F,
    0xF3, 0xBC, 0x70, 0xB2, 0x9C, 0x4B, 0xCB, 0x2B, 0xF6, 0xFE, 0x32, 0xDF, 0x48, 0xEC, 0xCC, 0xC2,
    0x4C, 0x63, 0xAF, 0xBD, 0xC9, 0x58, 0x82, 0xCC, 0x61, 0xDB, 0xA5, 0x92, 0xD0, 0x5D, 0xAB, 0x35,
    0x4D, 0xB2, 0x97, 0x13, 0xC1, 0xA3, 0xB1, 0x98, 0x85, 0x98, 0x24, 0x54, 0xB3, 0x10, 0x66, 0x9B,
    0x3F, 0x8D, 0x82, 0x66, 0x1C, 0x16, 0x80, 0x1F, 0x35, 0x35, 0x0B, 0x6F, 0x1E, 0xDE, 0xE0, 0xE9,
    0x26, 0x68, 0x7C, 0x97, 0x4A, 0x71, 0x0C, 0xCE, 0x7D, 0xF2, 0x58, 0x6C, 0x97, 0x8C, 0xC5, 0xE0,
    0x2C, 0xF0, 0x5B, 0xE0, 0x72, 0x2A, 0x24, 0x21, 0xB9, 0x73, 0x30, 0x51, 0x48, 0x24, 0x11, 0x84,
    0x03, 0x65, 0x0A, 0xFB, 0x8D, 0x40, 0xB1, 0xD7, 0x0A, 0x40, 0xA5, 0x00, 0x7A, 0x7B, 0xCD, 0x80,
    0x81, 0x54, 0xC9, 0xEB, 0x52, 0xFA, 0x8E, 0x96, 0x2C, 0x82, 0x91, 0xFE, 0x58, 0x95, 0x04, 0xCE,
    0xB6, 0x01, 0x5C, 0x73, 0xB0, 0xE8, 0xE0, 0x4F, 0x1C, 0x98, 0x79, 0x90, 0x3C, 0x5B, 0x0C, 0x9E,
    0x90, 0x87, 0x33, 0xAF, 0x6B, 0x73, 0xF2, 0xB8, 0x55, 0x68, 0x4A, 0x3F, 0xD2, 0x7C, 0x33, 0x0E,
    0x7F, 0x4C, 0x03, 0xFE, 0x7D, 0x39, 0x0C, 0xF9, 0xFC, 0x6C, 0x43, 0x14, 0x0F, 0x46, 0x1C, 0x92,
    0x08, 0x90, 0xCF, 0x0F, 0xDB, 0x8F, 0x5A, 0xAE, 0xD8, 0x80, 0x9F, 0xE3, 0x63, 0x10, 0x68, 0x05,
    0x02, 0x5B, 0xBA, 0x65, 0x05, 0xAD, 0x7E, 0xB1, 0x8B, 0xC0, 0x09, 0x15, 0x38, 0xE9, 0x21, 0x27,
    0xEE, 0x25, 0x0C, 0x9B, 0x1F, 0x5B, 0xFB, 0xB7, 0x88, 0x95, 0xFC, 0x1A, 0x9D, 0x0A, 0xE3, 0xBE,
    0x33, 0xBD, 0xA2, 0xF9, 0xC7, 0xDA, 0x01, 0xDE, 0x7D, 0x62, 0x57, 0xEF, 0x66, 0xE0, 0x70, 0x5C,
    0xBC, 0x40, 0xC0, 0x61, 0x85, 0x44, 0x85, 0x39, 0xE9, 0xDD, 0x8E, 0x0D, 0x20, 0x8E, 0x6A, 0x5A,
    0x9E, 0xF2, 0xD6, 0xD4, 0xBB, 0x84, 0xC3, 0xF2, 0x35, 0x4F, 0x55, 0x74, 0x70, 0x63, 0xFD, 0x31,
    0x5F, 0x7D, 0x0C, 0x7B, 0xE7, 0x12, 0x82, 0xA2, 0xC6, 0x90, 0x04, 0x22, 0x78, 0x55, 0x97, 0x2A,
    0xFC, 0x43, 0x4D, 0x2E, 0x4C, 0x9E, 0x32, 0xB9, 0x10, 0x3F, 0x6D, 0x72, 0x01, 0xC3, 0x8A, 0xE7,
    0x6E, 0xC6, 0xD4, 0xB8, 0x7D, 0xF6, 0xB6, 0x6A, 0x54, 0xF8, 0xE8, 0xE4, 0xC2, 0xCF, 0xA6, 0xEB,
    0x24, 0x12, 0x27, 0x5A, 0x4E, 0xC2, 0x77, 0x9C, 0x85, 0x39, 0x0E, 0xB1, 0x13, 0x68, 0x0E, 0x9A,
    0x29, 0xC8, 0x44, 0x58, 0xAD, 0x01, 0xAE, 0xEF, 0x0E, 0xA9, 0xE6, 0xAE, 0x4A, 0x90, 0x47, 0x61,
    0xAF, 0xC6, 0x34, 0x3B, 0x8C, 0x6D, 0x81, 0xD8, 0x41, 0xE2, 0x20, 0x9D, 0x42, 0xA3, 0x50, 0xB4,
    0x0A, 0x76, 0x2C, 0xD0, 0x43, 0x92, 0x22, 0xC0, 0xDB, 0xDD, 0xFE, 0x90, 0xC1, 0xDF, 0xDE, 0xBC,
    0xCB, 0x10, 0x6E, 0x0D, 0x77, 0x18, 0xA2, 0x1B, 0xEB, 0x43, 0x86, 0xC4, 0x5D, 0x2B, 0x75, 0x30,
    0x76, 0x30, 0x70, 0x70, 0x7E, 0x5A, 0x9F, 0x59, 0x90, 0xD6, 0x98, 0x0B, 0xB5, 0xC6, 0x5D, 0x8F,
    0x42, 0x3D, 0xA3, 0x97, 0xEB, 0xA7, 0x80, 0x86, 0xB3, 0xE6, 0x81, 0x04, 0x76, 0xA6, 0x00, 0x43,
    0xD1, 0x9B, 0x0F, 0x18, 0x12, 0x92, 0x0A, 0x32, 0x05, 0xEA, 0x83, 0x1E, 0x8D, 0xBD, 0x9B, 0x18,
    0xF4, 0x3E, 0x2B, 0xBB, 0xB4, 0x51, 0xC8, 0x58, 0xF2, 0x20, 0x72, 0x6B, 0x15, 0x0E, 0x6C, 0xCE,
    0xE0, 0xED, 0x3F, 0xA8, 0x02, 0x76, 0x77, 0xBF, 0xDE, 0x69, 0xC8, 0x81, 0x0A, 0xAB, 0x60, 0xE3,
    0xCB, 0x96, 0x27, 0xFB, 0xA3, 0x8D, 0xBA, 0xE1, 0xA9, 0xFD, 0xE4, 0x2D, 0xF6, 0x0B, 0xC9, 0xB4,
    0xA6, 0x23, 0x61, 0x12, 0x94, 0x63, 0xC4, 0xD8, 0xFB, 0x98, 0x55, 0x08, 0x6A, 0xC9, 0x47, 0x7C,
    0x9D, 0xA0, 0x00, 0x2C, 0x10, 0x8C, 0xB9, 0x1B, 0x50, 0xE1, 0x9D, 0x02, 0x7C, 0xB5, 0x18, 0x00,
    0xAB, 0x36, 0x81, 0xAD, 0x8A, 0x29, 0x62, 0x2A, 0x21, 0xA8, 0x8B, 0xBC, 0x67, 0xD9, 0x8C, 0xC5,
    0x1A, 0x92, 0x31, 0xE0, 0x27, 0xC6, 0xAC, 0xDC, 0x7A, 0xBE, 0x65, 0x31, 0xBE, 0x4B, 0x19, 0x3F,
    0x01, 0x39, 0x12, 0xB7, 0x49, 0x56, 0xF4, 0xB9, 0x26, 0x63, 0x49, 0xBF, 0x42, 0x0D, 0x35, 0xEE,
    0x3D, 0xE6, 0x0E, 0x4B, 0x15, 0x1D, 0x4B, 0xF8, 0x1C, 0xC0, 0x5E, 0xFA, 0x1A, 0xC1, 0x9A, 0x4C,
    0x1A, 0x8D, 0x65, 0xD0, 0xBC, 0x46, 0xF0, 0xE9, 0x33, 0x32, 0x7D, 0x75, 0xC6, 0x98, 0x9F, 0x94,
    0xCE, 0x77, 0x4E, 0xC6, 0x63, 0x95, 0xE1, 0x98, 0x0A, 0x63, 0x83, 0x7E, 0x2C, 0xC9, 0xE8, 0x69,
    0x35, 0x96, 0xB5, 0x62, 0xB6, 0x3F, 0xF6, 0x59, 0x2E, 0x8F, 0xE9, 0x12, 0xA8, 0x72, 0x32, 0x42,
    0x35, 0xE0, 0x76, 0xA0, 0xCE, 0x21, 0xFD, 0xE3, 0xF9, 0x37, 0xCF, 0x96, 0x50, 0xC7, 0x63, 0x64,
    0xF6, 0x42, 0x6E, 0x20, 0x9A, 0xDD, 0xFD, 0x4C, 0x1A, 0x41, 0xD6, 0x7F, 0x8D, 0x4F, 0x8C, 0xF7,
    0xC3, 0xEE, 0x77, 0xD5, 0xC1, 0x9A, 0x83, 0xB1, 0x83, 0xCE, 0xF5, 0x3A, 0x07, 0x9E, 0xEB, 0x87,
    0xA2, 0xA7, 0x08, 0x02, 0x0E, 0xC1, 0xD2, 0x4D, 0x86, 0x0A, 0x08, 0xCB, 0x0A, 0xC4, 0x25, 0x47,
    0xF4, 0xD0, 0x25, 0x38, 0xE1, 0x88, 0xFA, 0x1B, 0x9F, 0x47, 0xFD, 0x70, 0x22, 0x31, 0x82, 0xBA,
    0xA7, 0x7E, 0x0E, 0x27, 0x33, 0x20, 0xEC, 0xDA, 0x85, 0x32, 0x71, 0x61, 0x2D, 0x1D, 0x1E, 0x33,
    0x0C, 0xD9, 0xD3, 0xED, 0x1D, 0x3C, 0x40, 0xDA, 0x14, 0x79, 0x66, 0xFB, 0x3B, 0xD0, 0x1E, 0xD4,
    0x6B, 0xBE, 0xAE, 0x47, 0xDC, 0x12, 0xD4, 0x21, 0xCF, 0xD3, 0xA3, 0xAE, 0x4C, 0xBC, 0x81, 0xF1,
    0x46, 0x3A, 0x3E, 0x7D, 0x0B, 0x0E, 0x0D, 0x29, 0xF0, 0x0C, 0xA5, 0x27, 0xEB, 0xAD, 0x59, 0xE5,
    0xCB, 0xFC, 0xA6, 0x33, 0x8B, 0x00, 0x4B, 0xB7, 0x88, 0x0E, 0x49, 0xCF, 0xB7, 0xE0, 0xBB, 0x08,
    0x5B, 0xE9, 0x75, 0x48, 0xEA, 0x48, 0xD8, 0x1F, 0xA2, 0x0B, 0x20, 0xA1, 0xAD, 0x46, 0x74, 0x8C,
    0x27, 0x35, 0x38, 0x6A, 0xCC, 0xA3, 0xB2, 0x66, 0xE7, 0x9A, 0x7A, 0x2F, 0x3A, 0xC6, 0xBF, 0x99,
    0x89, 0xE4, 0x20, 0x69, 0xCB, 0x35, 0x1D, 0x47, 0x43, 0xD9, 0xAF, 0xAA, 0x15, 0x38, 0x30, 0xC1,
    0x4E, 0x58, 0xE7, 0x06, 0xFE, 0xC4, 0xC1, 0x05, 0x0D, 0x83, 0xAB, 0xBA, 0xD9, 0x77, 0x51, 0x88,
    0x7D, 0x0D, 0xD7, 0xD4, 0xBE, 0x03, 0x8D, 0x66, 0x44, 0x6E, 0xC6, 0x27, 0x69, 0x15, 0xA6, 0xB9,
    0x8E, 0xE4, 0xFD, 0x09, 0x14, 0xBB, 0xB9, 0x80, 0x7D, 0x50, 0x31, 0xF4, 0xF6, 0x79, 0x2C, 0xA3,
    0x8D, 0xBE, 0x54, 0xF8, 0xA2, 0x2E, 0x19, 0xA8, 0x0D, 0xE5, 0xAC, 0xF8, 0x23, 0x85, 0x34, 0x50,
    0x28, 0x1C, 0xAC, 0x3A, 0xB8, 0xE0, 0x60, 0xC1, 0x81, 0x79, 0x06, 0xB0, 0xAE, 0x9C, 0x85, 0x97,
    0x38, 0x76, 0x1A, 0x9C, 0x98, 0x0D, 0x9C, 0x17, 0x32, 0x4D, 0x45, 0xD3, 0x0A, 0x40, 0x74, 0xE4,
    0x89, 0x2E, 0x1E, 0xC8, 0x79, 0x7D, 0x94, 0x00, 0x96, 0x50, 0x9F, 0x2B, 0xEE, 0xE7, 0x88, 0xB3,
    0xC3, 0x50, 0x2C, 0x79, 0x91, 0x22, 0xC0, 0x9F, 0xA8, 0x53, 0x1F, 0x8F, 0x34, 0x31, 0x4F, 0x97,
    0x2F, 0xD6, 0xA1, 0x45, 0xFC, 0xC7, 0x64, 0xA2, 0xE6, 0x5A, 0x53, 0xC8, 0x9C, 0xC2, 0xC8, 0xD8,
    0xD5, 0x17, 0xBD, 0x26, 0x5A, 0x27, 0x58, 0x41, 0x5E, 0xCD, 0x07, 0x23, 0xCF, 0xDE, 0xC8, 0x49,
    0xE2, 0x91, 0x4B, 0xB7, 0x7B, 0xBD, 0xC4, 0xC4, 0x5F, 0x13, 0x6C, 0x7F, 0xD8, 0x4F, 0xFA, 0xD7,
    0xA0, 0x5C, 0x7E, 0x43, 0x1D, 0x7B, 0x00, 0xE5, 0x02, 0x53, 0xA4, 0x83, 0x72, 0xC9, 0xFD, 0x16,
    0x8E, 0x61, 0x1A, 0xE5, 0x11, 0x2B, 0x8E, 0x55, 0xAA, 0x7C, 0x89, 0x99, 0xC7, 0x41, 0x94, 0x5B,
    0x78, 0x3B, 0xF5, 0x85, 0x28, 0x1F, 0x20, 0x82, 0x57, 0x2F, 0x44, 0xF9, 0x82, 0x24, 0x5F, 0xD3,
    0x5D, 0xF0, 0x1C, 0x22, 0x40, 0x86, 0x01, 0x41, 0x5C, 0x2A, 0x14, 0x7D, 0xDC, 0x02, 0x95, 0x3C,
    0x66, 0x09, 0x19, 0xE5, 0x74, 0x37, 0x1C, 0x37, 0xA6, 0x92, 0xD9, 0xCE, 0x89, 0xF2, 0x33, 0xD4,
    0x02, 0x37, 0xE7, 0xB7, 0x21, 0xDA, 0xFB, 0x33, 0x40, 0xE8, 0xDA, 0x70, 0x0A, 0x6E, 0xA2, 0x59,
    0x01, 0x6D, 0xF8, 0x99, 0x4E, 0x58, 0x57, 0x1D, 0x7A, 0xBA, 0x00, 0xC6, 0x32, 0x55, 0xA0, 0xE5,
    0x49, 0xDD, 0x14, 0xC0, 0x49, 0x91, 0x18, 0xE3, 0x9E, 0x8C, 0x65, 0x89, 0xCC, 0x15, 0x23, 0x4F,
    0xC0, 0xC2, 0x86, 0x63, 0x58, 0x93, 0x89, 0xCA, 0x9E, 0x5D, 0xE1, 0x6E, 0x3C, 0xF2, 0x76, 0x6F,
    0x0C, 0x25, 0x6E, 0xB3, 0x7D, 0x7D, 0x1D, 0x29, 0x46, 0xD4, 0x86, 0x1F, 0x8A, 0xF5, 0x8B, 0x36,
    0x64, 0x88, 0xDF, 0x51, 0x48, 0x23, 0x85, 0x6B, 0x0A, 0x68, 0x43, 0xF4, 0x84, 0x8F, 0xEA, 0x45,
    0x81, 0xEB, 0xD5, 0xD9, 0x28, 0x47, 0x48, 0xFC, 0xED, 0x4A, 0xEF, 0x42, 0x5A, 0x6C, 0x2E, 0x70,
    0x1B, 0xBA, 0xC4, 0xF9, 0x9C, 0x13, 0x62, 0xF4, 0xDE, 0xB9, 0x35, 0x60, 0x7E, 0x2E, 0xEB, 0x84,
    0x35, 0x77, 0xCA, 0xE7, 0x85, 0x17, 0xFC, 0xFA, 0x0A, 0xC6, 0xF2, 0xC7, 0xC9, 0xC5, 0x7A, 0x95,
    0x1D, 0x96, 0xC4, 0xAF, 0x53, 0x86, 0xD4, 0x47, 0xAA, 0x2D, 0x0D, 0x0A, 0x82, 0x88, 0x67, 0xA8,
    0x96, 0x04, 0x5A, 0x73, 0xD5, 0xAF, 0x21, 0x7C, 0xC6, 0xD4, 0x8D, 0xD8, 0xC8, 0xB1, 0xD4, 0x8D,
    0x6A, 0x0F, 0xD9, 0x54, 0x25, 0x99, 0x39, 0xD4, 0xC4, 0xC5, 0x83, 0xAF, 0x46, 0x54, 0x7A, 0x6B,
    0xEC, 0xCE, 0x3E, 0x59, 0x40, 0xA4, 0xBC, 0x0E, 0xBE, 0x7C, 0x5C, 0xB3, 0xC4, 0xD9, 0xAB, 0x61,
    0x47, 0x51, 0xC7, 0xD8, 0xA9, 0x17, 0x08, 0xE2, 0x32, 0x1C, 0x72, 0x7D, 0xD2, 0x7E, 0x24, 0x90,
    0x99, 0xF4, 0x22, 0xC3, 0xC4, 0x64, 0x5C, 0x4D, 0xA8, 0x35, 0x06, 0xB2, 0xA6, 0x17, 0x19, 0xC8,
    0x46, 0x38, 0xCB, 0x90, 0xA9, 0x99, 0xC6, 0x93, 0x02, 0x80, 0xA8, 0x53, 0xB0, 0x7A, 0x83, 0x92,
    0x26, 0xEA, 0xD7, 0x2F, 0x89, 0x22, 0xA3, 0xE2, 0xAD, 0x3E, 0x17, 0xB5, 0xB1, 0xFD, 0xFA, 0x07,
    0x33, 0xB6, 0xCD, 0xC0, 0x41, 0xF7, 0x9C, 0xC0, 0x93, 0xFE, 0x12, 0xAD, 0xB7, 0xA3, 0xC1, 0x11,
    0x40, 0x1B, 0x0A, 0x44, 0x53, 0x68, 0x14, 0x92, 0x0E, 0x4B, 0xDA, 0x69, 0x08, 0xA7, 0x13, 0x07,
    0xB6, 0x2F, 0x50, 0xEC, 0x96, 0x72, 0x8C, 0x7D, 0xD0, 0x08, 0x1C, 0xEC, 0x48, 0x81, 0xDE, 0xFE,
    0x97, 0x2D, 0x83, 0xFF, 0x75, 0x2D, 0x3F, 0x85, 0x1B, 0xF5, 0xBB, 0x0C, 0x10, 0x8C, 0x0C, 0xC9,
    0x47, 0x0A, 0x10, 0x8C, 0x0C, 0x6B, 0x0E, 0x16, 0x1D, 0xBC, 0xE6, 0xC0, 0x9C, 0x0A, 0xBE, 0x54,
    0x17, 0x68, 0x0E, 0xD4, 0xC7, 0x93, 0xF1, 0xE6, 0xE5, 0x8B, 0x6A, 0x32, 0xDE, 0x3C, 0x90, 0x43,
    0x24, 0x3D, 0x4F, 0x74, 0x4A, 0x75, 0x14, 0x0E, 0xCB, 0x89, 0x1D, 0x24, 0x0E, 0x52, 0xE7, 0x84,
    0xA6, 0xA3, 0x58, 0xD7, 0x20, 0x74, 0x0A, 0x76, 0x12, 0x89, 0xA8, 0xB4, 0xDB, 0x18, 0xA4, 0xA4,
    0x97, 0xED, 0x16, 0x99, 0xB9, 0x48, 0x73, 0xD8, 0xDD, 0x10, 0x08, 0xB6, 0x86, 0xFD, 0x00, 0x80,
    0x15, 0xA3, 0x02, 0x37, 0x60, 0x25, 0x22, 0x32, 0x14, 0x29, 0x5C, 0xE3, 0x2C, 0x74, 0x82, 0x81,
    0x83, 0x0B, 0xC8, 0x80, 0x04, 0x9C, 0x45, 0xB2, 0x44, 0x5F, 0x17, 0x0A, 0xA5, 0x24, 0x2B, 0x2F,
    0x73, 0x2A, 0x24, 0xC1, 0x15, 0xDC, 0x60, 0xA7, 0x10, 0xB4, 0x04, 0x03, 0x24, 0x63, 0x20, 0xC9,
    0x02, 0x39, 0x18, 0xB8, 0x6F, 0x0B, 0xF9, 0x09, 0x7B, 0x93, 0x1D, 0x16, 0xF2, 0xFC, 0xBC, 0xE5,
    0xFC, 0x68, 0xDE, 0xF2, 0xC0, 0xC1, 0x9A, 0x83, 0x74, 0x0A, 0xB9, 0x02, 0xB7, 0x48, 0xE8, 0x52,
    0x18, 0x01, 0x2F, 0xCA, 0x31, 0x91, 0xDA, 0x75, 0xFF, 0xF7, 0x1D, 0x67, 0xE0, 0x6D, 0x39, 0x93,
    0xAF, 0x7C, 0x62, 0xAB, 0xD6, 0xD3, 0xC6, 0xD4, 0xE4, 0xC8, 0xD4, 0xA5, 0x4B, 0x16, 0x56, 0xC1,
    0xEE, 0xF6, 0x53, 0x7E, 0xE6, 0x07, 0x58, 0x49, 0x03, 0xC3, 0xE4, 0xC1, 0x46, 0xC3, 0xE0, 0xDF,
    0x1B, 0x0A, 0x84, 0x9B, 0x65, 0xC5, 0x10, 0x5D, 0x2F, 0xE5, 0x60, 0x44, 0x14, 0xAF, 0x01, 0xD6,
    0x1C, 0x60, 0x9A, 0x60, 0x15, 0x70, 0x81, 0xA3, 0x85, 0x04, 0x0B, 0x0A, 0x17, 0x30, 0x17, 0x00,
    0x9B, 0xE5, 0x0D, 0xE4, 0xCF, 0xC3, 0xC0, 0x5F, 0x24, 0x08, 0x1D, 0xB0, 0xC9, 0x03, 0x28, 0x72,
    0x4E, 0x11, 0x0D, 0xD7, 0xAD, 0xE4, 0xDC, 0x72, 0x02, 0x33, 0xF2, 0x45, 0xC3, 0x12, 0xB7, 0x71,
    0x69, 0xA6, 0x31, 0x21, 0x2A, 0x65, 0xBA, 0xF8, 0xF9, 0x40, 0x3A, 0xD2, 0xB9, 0x42, 0x21, 0xD3,
    0x36, 0xEC, 0x58, 0x65, 0xCB, 0x92, 0x30, 0x77, 0x70, 0xE2, 0x00, 0x0E, 0xBF, 0x40, 0x15, 0x8A,
    0xB7, 0x95, 0x49, 0xA8, 0x0D, 0x6E, 0xA0, 0x82, 0x25, 0x07, 0x8E, 0x13, 0x81, 0x6C, 0x26, 0xE0,
    0xD9, 0xBF, 0xB8, 0x21, 0x59, 0xDB, 0xDB, 0xEF, 0x6C, 0x31, 0x04, 0x5B, 0x6F, 0xBD, 0xC3, 0x10,
    0x6E, 0x5D, 0x94, 0x63, 0xA2, 0x77, 0xFA, 0x02, 0x49, 0xA4, 0x90, 0x3A, 0x58, 0x75, 0xB0, 0xE8,
    0xE0, 0x55, 0x07, 0x86, 0xE1, 0xF7, 0x56, 0xE1, 0x73, 0xCC, 0x8F, 0xF5, 0x91, 0x21, 0xFE, 0x37,
    0xFD, 0xE7, 0x6B, 0x8D, 0x67, 0xFB, 0x83, 0x78, 0x66, 0xB1, 0x93, 0x09, 0xF1, 0x8C, 0x70, 0x58,
    0x9B, 0x11, 0x95, 0x10, 0x8C, 0x1C, 0xE4, 0xE1, 0x19, 0x04, 0x5D, 0x73, 0xD4, 0x4A, 0x52, 0x04,
    0xCC, 0xCF, 0xD8, 0x4D, 0x1C, 0xA4, 0x0F, 0xFA, 0x3C, 0xD5, 0x6B, 0x64, 0x5D, 0xEE, 0x84, 0x1E,
    0x2D, 0x5B, 0xD5, 0xB6, 0x1F, 0xDA, 0xAF, 0xE0, 0x3E, 0xEC, 0x56, 0xF1, 0xD7, 0x35, 0xB2, 0x17,
    0x76, 0x9A, 0x6C, 0xA3, 0xA6, 0x6E, 0x71, 0xF0, 0xD5, 0x57, 0x16, 0xEE, 0x99, 0xB7, 0x5F, 0xDF,
    0x20, 0xA7, 0xCE, 0xEF, 0x48, 0x42, 0x66, 0x0D, 0x7C, 0xB9, 0x60, 0x83, 0x7C, 0x34, 0x82, 0x2B,
    0x24, 0x21, 0x7F, 0xCE, 0x7D, 0x0D, 0xFE, 0xA0, 0x98, 0xF3, 0x81, 0xC2, 0xD8, 0xC1, 0xC0, 0xC1,
    0xEB, 0x0E, 0xCC, 0x1F, 0x0B, 0x66, 0x9D, 0x9A, 0x53, 0x3B, 0x86, 0xD1, 0x53, 0x02, 0x1D, 0xE6,
    0x30, 0x08, 0x96, 0xEA, 0x04, 0xBA, 0x19, 0x8F, 0x65, 0x76, 0xCA, 0x6B, 0xC7, 0xA9, 0xAE, 0x56,
    0x1E, 0xCB, 0x08, 0x8F, 0xAB, 0xB1, 0x4C, 0x0C, 0x66, 0xF9, 0x58, 0x42, 0x55, 0x13, 0x38, 0x6B,
    0x86, 0xD7, 0x5D, 0x8E, 0x25, 0x54, 0xC5, 0xEE, 0xE4, 0x48, 0xBD, 0x36, 0xB2, 0x46, 0xC3, 0x09,
    0x57, 0xC3, 0xD6, 0xA9, 0x78, 0x6D, 0x69, 0x1B, 0x8B, 0xD7, 0x16, 0x34, 0x67, 0xB4, 0x86, 0xF9,
    0x74, 0x7F, 0x95, 0xE3, 0x2F, 0x5E, 0xC1, 0x7F, 0xDB, 0x7C, 0xCA, 0xD6, 0x17, 0x19, 0x04, 0xC8,
    0xF8, 0xA3, 0xDE, 0x80, 0x00, 0x59, 0x81, 0xA6, 0x20, 0xA3, 0x83, 0x24, 0x19, 0x0D, 0xF6, 0x25,
    0x9E, 0x29, 0xC6, 0x4A, 0x38, 0x32, 0x7A, 0x22, 0xB8, 0x2D, 0x29, 0x2F, 0x1B, 0xA0, 0x2A, 0x25,
    0x64, 0xF1, 0x78, 0xAD, 0xDB, 0x50, 0xA0, 0x3A, 0x4D, 0x68, 0x68, 0xEA, 0xDE, 0x4E, 0x21, 0x7E,
    0x4A, 0xAC, 0xFB, 0x4F, 0xDF, 0x7B, 0x6F, 0xFC, 0xDE, 0x7B, 0xBF, 0x64, 0xFB, 0x5B, 0x02, 0xD1,
    0x53, 0xB8, 0xE6, 0x82, 0xD5, 0x4F, 0x81, 0xE7, 0x3B, 0x8B, 0xAF, 0x35, 0xF7, 0xAC, 0x23, 0xB9,
    0x10, 0xE3, 0x69, 0x2E, 0x04, 0xC7, 0x18, 0xE3, 0xA6, 0x13, 0xD1, 0x5C, 0x94, 0x1D, 0xAF, 0xF1,
    0xF1, 0xC9, 0xE8, 0xE2, 0xD5, 0x31, 0x09, 0xA2, 0x73, 0xD9, 0x88, 0xB7, 0x35, 0xE1, 0xCC, 0xEA,
    0x64, 0xA2, 0x99, 0xD5, 0xB0, 0x70, 0x60, 0x0A, 0xB4, 0x18, 0xC1, 0x9D, 0x4B, 0x1C, 0x99, 0x2E,
    0x51, 0x13, 0x3F, 0xE5, 0x10, 0x90, 0xC1, 0xF0, 0x2F, 0x46, 0xAA, 0x61, 0xBC, 0xF9, 0xF0, 0x47,
    0x3A, 0x8B, 0x1A, 0x7C, 0xF2, 0xDE, 0x7B, 0xEF, 0x7E, 0x9F, 0xA4, 0x11, 0x8D, 0x90, 0x4E, 0xE6,
    0x24, 0x8D, 0x24, 0x2E, 0x69, 0x24, 0x3C, 0x9A, 0x34, 0xC2, 0x29, 0xE8, 0xB5, 0x4B, 0x41, 0x3F,
    0x55, 0xD2, 0xC8, 0xC2, 0x91, 0x8E, 0x7D, 0xEA, 0xC8, 0xE4, 0xD3, 0xD3, 0xE6, 0x5D, 0x82, 0xB7,
    0x19, 0xBB, 0x18, 0x6C, 0xEB, 0x62, 0xB0, 0x8D, 0x8B, 0xC1, 0x96, 0x1A, 0x83, 0xE5, 0xA7, 0xEC,
    0x62, 0xB0, 0xD9, 0x34, 0x06, 0x8B, 0xBD, 0x6A, 0x8E, 0xC6, 0x60, 0x33, 0x8E, 0xC1, 0x7E, 0xCC,
    0x09, 0xDE, 0x92, 0xD7, 0x7D, 0xF3, 0xDD, 0x99, 0x85, 0xEB, 0x53, 0x28, 0x35, 0x6C, 0x3F, 0x07,
    0xFE, 0x37, 0x1E, 0xE5, 0x91, 0x83, 0x4F, 0x73, 0xD6, 0x14, 0x4E, 0x9E, 0x75, 0x9F, 0xBD, 0x25,
    0x75, 0x58, 0x64, 0xA1, 0x9F, 0xBA, 0x33, 0xF0, 0x1F, 0xCB, 0xE3, 0x10, 0xBB, 0x9F, 0x12, 0x07,
    0x22, 0xBD, 0x66, 0x21, 0x53, 0x03, 0xA6, 0x71, 0x31, 0x87, 0x91, 0x6B, 0xDE, 0x6F, 0x3B, 0xDD,
    0x20, 0xC6, 0x1F, 0x29, 0x60, 0x2D, 0x3F, 0xB6, 0xCA, 0xAA, 0x48, 0x9C, 0xF0, 0x3A, 0x99, 0x2A,
    0x2E, 0x05, 0x9A, 0x34, 0x8F, 0xF3, 0x04, 0x01, 0x77, 0x98, 0x6C, 0x29, 0x6C, 0x9B, 0x33, 0x74,
    0xD5, 0x33, 0x50, 0x35, 0x9C, 0xFC, 0x6A, 0x7A, 0x07, 0xDB, 0x3C, 0xBD, 0x6A, 0xFC, 0x83, 0xBB,
    0xAD, 0xC0, 0xBD, 0xAA, 0xE1, 0x28, 0x78, 0xB8, 0x59, 0xDD, 0xE2, 0x65, 0x68, 0xD1, 0x75, 0x2C,
    0x40, 0x82, 0xA2, 0x7A, 0x1B, 0xE1, 0x6F, 0x3C, 0x84, 0x10, 0x19, 0x77, 0x04, 0xAB, 0x21, 0x56,
    0x8C, 0x66, 0x48, 0x68, 0xAC, 0xB0, 0x6F, 0x48, 0x9F, 0x6C, 0x1B, 0xDC, 0x69, 0x2C, 0xA6, 0x41,
    0x9A, 0x43, 0xBF, 0x11, 0x14, 0x9C, 0xD2, 0x46, 0x5A, 0xBA, 0xE3, 0x34, 0x8B, 0xB0, 0x82, 0xE0,
    0x2D, 0x10, 0xB7, 0x2C, 0x2A, 0x89, 0x96, 0x54, 0x3A, 0x8F, 0x10, 0x54, 0x17, 0xD0, 0x04, 0xF5,
    0x11, 0xFB, 0x50, 0x1B, 0xB3, 0x74, 0x4D, 0x57, 0xEA, 0x4E, 0x19, 0x98, 0x6C, 0x35, 0xC7, 0xE1,
    0x9A, 0x03, 0xAB, 0x89, 0xB5, 0xB7, 0x5C, 0x92, 0xD8, 0x23, 0x07, 0x7B, 0x8D, 0x46, 0xBF, 0x03,
    0x85, 0x8A, 0x9A, 0x93, 0x3D, 0xAE, 0x26, 0xE1, 0xF0, 0x30, 0x39, 0x2C, 0x69, 0x9F, 0x21, 0x1D,
    0x47, 0xE2, 0x45, 0x62, 0xFA, 0x9E, 0xA1, 0xD8, 0x2E, 0x05, 0x2C, 0x56, 0x5F, 0x21, 0x72, 0x84,
    0x60, 0x18, 0x7B, 0x9B, 0x07, 0xEB, 0x99, 0x2C, 0x8A, 0xB9, 0x27, 0x7B, 0x8B, 0x74, 0x64, 0x1F,
    0xCA, 0xEC, 0x92, 0xAC, 0x85, 0x81, 0x16, 0x7E, 0x5B, 0x21, 0x73, 0xA1, 0xFB, 0xAB, 0x0E, 0x16,
    0x1D, 0x2C, 0x4C, 0xA3, 0xFA, 0x7F, 0x2C, 0x38, 0xBA, 0x56, 0xA1, 0x7A, 0x16, 0xFC, 0x68, 0x79,
    0xE5, 0xF1, 0xF2, 0xC7, 0x78, 0x8E, 0x62, 0x16, 0xAE, 0xDC, 0xFF, 0x6B, 0xD7, 0x0F, 0x4B, 0x97,
    0x0B, 0x5A, 0x1E, 0x3B, 0x2B, 0x29, 0xBD, 0x9B, 0x61, 0xF5, 0x12, 0xB9, 0x13, 0x65, 0x50, 0xD3,
    0x03, 0x46, 0xF7, 0x73, 0x30, 0x52, 0x28, 0x3A, 0x05, 0x3B, 0x11, 0xE8, 0xD9, 0x6D, 0x01, 0xCF,
    0x6E, 0x6D, 0x30, 0x90, 0xC3, 0x22, 0x10, 0x6E, 0x0D, 0xDF, 0x62, 0x20, 0x87, 0x45, 0x8E, 0x89,
    0xDF, 0x29, 0x83, 0xC7, 0x2B, 0x8F, 0x57, 0x4A, 0x72, 0x58, 0x78, 0x71, 0x71, 0xB9, 0xE6, 0xA0,
    0x93, 0x6A, 0x44, 0xE5, 0x05, 0x07, 0x67, 0x05, 0x34, 0xBF, 0x68, 0xB6, 0xAA, 0x9F, 0x3A, 0x18,
    0x1C, 0x03, 0x96, 0x38, 0xD8, 0x49, 0x89, 0x63, 0x7A, 0x25, 0x07, 0xAA, 0x47, 0xBA, 0x60, 0xCA,
    0x56, 0x73, 0x7D, 0x3D, 0x4F, 0xB3, 0x0D, 0xE7, 0xCD, 0x3B, 0x34, 0x6E, 0x6E, 0x82, 0x81, 0xDA,
    0xF0, 0x3F, 0x30, 0x50, 0x0F, 0xD9, 0x39, 0x0A, 0xBC, 0x24, 0x50, 0x26, 0x56, 0x2A, 0x85, 0xB4,
    0x71, 0xD0, 0x29, 0x64, 0x63, 0x05, 0x6B, 0x1D, 0x6C, 0x0F, 0x1B, 0x99, 0x61, 0xD9, 0xBA, 0xCB,
    0xE0, 0xD9, 0x8D, 0x3D, 0x09, 0xE0, 0xEC, 0x0E, 0x05, 0xC2, 0xAD, 0x72, 0xF8, 0x98, 0xF7, 0x01,
    0xD9, 0x2A, 0x25, 0xF3, 0x2B, 0xBE, 0xA1, 0x90, 0x72, 0x32, 0x3E, 0x44, 0xB0, 0x83, 0xB1, 0x83,
    0x81, 0x83, 0xF3, 0x0A, 0x37, 0x8D, 0x42, 0xF7, 0x64, 0x68, 0x35, 0x29, 0x0B, 0xEB, 0x6D, 0x5D,
    0x5E, 0x53, 0x24, 0x63, 0x90, 0x9B, 0x0E, 0xB2, 0x7A, 0x76, 0xAB, 0xA4, 0x99, 0xC6, 0x3C, 0xC7,
    0x6B, 0x73, 0x64, 0x81, 0x5F, 0x79, 0x0C, 0xDC, 0x56, 0x07, 0x47, 0x81, 0x1A, 0x33, 0x5F, 0x72,
    0x07, 0x5E, 0x73, 0x20, 0x0F, 0x2D, 0x2E, 0xF5, 0x31, 0x26, 0x25, 0xAF, 0xC5, 0x83, 0x9F, 0x82,
    0xB8, 0x1D, 0x62, 0x0E, 0xD8, 0xB7, 0x2D, 0x20, 0xAD, 0x94, 0xB5, 0xD8, 0x3A, 0xEB, 0x12, 0x89,
    0xB7, 0xEE, 0xCF, 0xDD, 0x06, 0x54, 0x9A, 0x62, 0x6A, 0xB7, 0xFE, 0x23, 0xD5, 0xF4, 0x7F, 0x90,
    0xE3, 0xBC, 0xB9, 0xCB, 0xE9, 0x55, 0xFE, 0xD6, 0x50, 0xA6, 0x6F, 0xA9, 0x31, 0x39, 0xF5, 0x18,
    0x8E, 0x33, 0xE2, 0x66, 0x1D, 0x1C, 0x67, 0xB2, 0xE8, 0xE8, 0x2A, 0x19, 0x2F, 0xFD, 0xC0, 0xB2,
    0x0F, 0x74, 0x72, 0xE4, 0x82, 0x5D, 0x41, 0x9D, 0xCA, 0x2C, 0x47, 0x1B, 0x9A, 0xE8, 0xA1, 0xD5,
    0xF4, 0x78, 0x2B, 0x7B, 0x2E, 0x70, 0x9E, 0x9C, 0x82, 0x0E, 0x4F, 0xCE, 0x88, 0xE7, 0xA6, 0xFB,
    0x96, 0xD7, 0xE7, 0x94, 0x19, 0x76, 0xA8, 0xA4, 0x96, 0xDF, 0x84, 0xB7, 0x81, 0x0E, 0x39, 0x84,
    0x15, 0xF4, 0x3E, 0xDD, 0xC9, 0x3A, 0x47, 0x8D, 0x6F, 0x1D, 0x69, 0x4C, 0x2F, 0xBF, 0xED, 0x32,
    0xF0, 0xF5, 0x12, 0x41, 0xAD, 0x10, 0x95, 0xC7, 0x21, 0xE9, 0x2B, 0xA4, 0x46, 0x61, 0x4D, 0x62,
    0x3B, 0xF7, 0xF3, 0x4E, 0x3D, 0x97, 0xA1, 0x83, 0x0D, 0x06, 0x6A, 0xD5, 0x48, 0x20, 0x29, 0x53,
    0x81, 0xB4, 0x2C, 0x3A, 0x33, 0x59, 0xBE, 0x6D, 0xD2, 0x3B, 0x64, 0x9B, 0x40, 0xE3, 0x67, 0x5F,
    0x75, 0x02, 0xC5, 0xA8, 0x91, 0x63, 0x6C, 0xC7, 0x16, 0x30, 0xDD, 0xE5, 0x44, 0xC0, 0xDB, 0xDD,
    0x16, 0xF0, 0xB7, 0xB7, 0x4A, 0x86, 0x70, 0x6B, 0x43, 0x20, 0xBA, 0x31, 0x94, 0xAB, 0x27, 0xDC,
    0x98, 0xBC, 0xCD, 0x89, 0xC2, 0xAA, 0x83, 0x81, 0x83, 0xF3, 0x0A, 0xAF, 0x1B, 0x85, 0xAB, 0x27,
    0xE0, 0x8A, 0x83, 0x81, 0x83, 0x4E, 0xC0, 0x72, 0x38, 0x02, 0x66, 0x06, 0xC2, 0x11, 0x39, 0xFD,
    0x7E, 0x66, 0x39, 0x3F, 0x92, 0x93, 0x23, 0x06, 0x24, 0x92, 0xC9, 0x27, 0x0A, 0x3D, 0x8E, 0x24,
    0x04, 0x95, 0x2E, 0xC6, 0x03, 0xF0, 0xD6, 0x7A, 0x7C, 0x96, 0x2D, 0x75, 0x9A, 0x20, 0x29, 0x65,
    0xFE, 0xF4, 0x97, 0x81, 0x4E, 0xA4, 0x4A, 0x3E, 0x4A, 0x65, 0x8E, 0x41, 0xCC, 0x9B, 0x8F, 0xBD,
    0x82, 0x99, 0x23, 0x4F, 0x5A, 0x0A, 0xC3, 0xBC, 0x83, 0xF7, 0x98, 0x4E, 0x00, 0xD0, 0xD4, 0xBB,
    0x17, 0x01, 0x7D, 0x1E, 0xE6, 0x1D, 0x8A, 0x3E, 0xF8, 0x62, 0xA7, 0xC6, 0x2D, 0x78, 0xFB, 0x77,
    0x37, 0x2A, 0x6C, 0x70, 0xE3, 0x7F, 0xFD, 0xF9, 0xDB, 0x15, 0xBA, 0x5D, 0xB8, 0x51, 0x45, 0x9C,
    0x93, 0x19, 0x29, 0x8C, 0x92, 0xB7, 0xAA, 0x88, 0x5A, 0xD3, 0x6B, 0x53, 0x64, 0x80, 0x93, 0xD2,
    0xED, 0xD6, 0x82, 0x0A, 0x4F, 0x3B, 0xEF, 0x16, 0x05, 0xDA, 0xFA, 0xB5, 0xA0, 0x5A, 0x92, 0xD6,
    0x0C, 0xAA, 0x97, 0x1D, 0x98, 0x39, 0x30, 0xC1, 0xFC, 0x12, 0x80, 0x6D, 0xDA, 0x80, 0x77, 0x5D,
    0x92, 0x1C, 0x7B, 0xEC, 0xDD, 0x62, 0x8E, 0x24, 0xE7, 0x3C, 0x79, 0xBE, 0x20, 0xD2, 0x20, 0x98,
    0x00, 0xE2, 0xBD, 0x67, 0xB0, 0x0D, 0x92, 0x04, 0x7E, 0x79, 0xCF, 0x24, 0xDE, 0x2A, 0x8D, 0xDE,
    0xD1, 0x0F, 0x19, 0x58, 0x0C, 0xD0, 0xC3, 0xEA, 0x4F, 0x81, 0x0D, 0x00, 0x06, 0x84, 0xC5, 0x46,
    0xD8, 0x1E, 0x0C, 0x7B, 0x08, 0x36, 0x0C, 0xB5, 0x02, 0x9C, 0x84, 0x06, 0x0B, 0x26, 0x74, 0xE2,
    0xC0, 0xB8, 0xF8, 0x18, 0x62, 0xDD, 0x02, 0xFE, 0xEE, 0x8D, 0x1C, 0x0B, 0x7F, 0x8C, 0xBF, 0x75,
    0xBD, 0xCF, 0x10, 0x6E, 0x7D, 0x80, 0x4C, 0x0B, 0x92, 0x2A, 0x37, 0x38, 0xFD, 0x72, 0x89, 0xFA,
    0xA1, 0x02, 0x62, 0xDD, 0xA4, 0x47, 0xDE, 0xA0, 0x7E, 0xA8, 0x30, 0x88, 0x38, 0x09, 0xF7, 0xAA,
    0xB9, 0x20, 0xD5, 0xBE, 0x62, 0x16, 0x04, 0x06, 0x7C, 0xCB, 0x54, 0x3D, 0x81, 0x78, 0x0A, 0x12,
    0xCC, 0xFF, 0x40, 0x03, 0x89, 0x87, 0xF0, 0x1B, 0x36, 0x61, 0x3F, 0x9E, 0xD3, 0x62, 0x73, 0x57,
    0xFE, 0xBA, 0x05, 0xBF, 0x87, 0xF9, 0xA2, 0xB0, 0xC0, 0x73, 0x39, 0x06, 0x5B, 0x29, 0x02, 0xFA,
    0xE1, 0x88, 0x3B, 0xA4, 0x0F, 0x71, 0x47, 0x5A, 0xA6, 0x09, 0x26, 0x96, 0xDD, 0x2F, 0xD2, 0x19,
    0xAD, 0xCA, 0xDE, 0xB8, 0xD5, 0xD0, 0x22, 0x27, 0x14, 0x71, 0xFA, 0x79, 0xA1, 0xFB, 0x3D, 0xC8,
    0x36, 0x7E, 0xAD, 0xAE, 0xEC, 0x28, 0x64, 0xC3, 0x13, 0x72, 0x9E, 0xAD, 0xEE, 0xEC, 0x61, 0xB7,
    0x11, 0x8E, 0xEA, 0xB5, 0xDE, 0x01, 0xEC, 0x1F, 0x28, 0xAA, 0x7B, 0xD8, 0x17, 0x97, 0x94, 0x7D,
    0xB0, 0xB9, 0x5E, 0xF1, 0x3E, 0x70, 0xD1, 0x66, 0xC9, 0x7B, 0xF0, 0x94, 0x9C, 0x3D, 0x8B, 0xA5,
    0x07, 0xBA, 0x04, 0x38, 0x95, 0x8D, 0x26, 0xFC, 0xE6, 0x27, 0x9C, 0x68, 0xC7, 0x06, 0xF5, 0x85,
    0xEF, 0xBF, 0x04, 0x38, 0x3E, 0x5C, 0x02, 0x5C, 0x39, 0xC8, 0x9F, 0xB4, 0x37, 0x02, 0xB6, 0x95,
    0xD2, 0x84, 0xC6, 0x82, 0xD3, 0xF3, 0x7A, 0x7F, 0xC9, 0x59, 0xAF, 0x1C, 0x48, 0x9C, 0x60, 0x95,
    0x68, 0x19, 0xDA, 0x5D, 0x29, 0xA7, 0xD7, 0x97, 0xB5, 0x30, 0xF7, 0x65, 0x2D, 0x4C, 0xE6, 0x96,
    0xC0, 0x64, 0x87, 0x6B, 0x61, 0x9C, 0x75, 0x11, 0x1F, 0x1A, 0x42, 0x91, 0x3C, 0xA6, 0xB4, 0x71,
    0xD0, 0x2A, 0x64, 0x63, 0x3D, 0x86, 0x57, 0x34, 0xB1, 0xEC, 0xD8, 0x52, 0x3B, 0x0A, 0xC6, 0x24,
    0xC0, 0x3B, 0x18, 0xCA, 0x37, 0xFE, 0xBD, 0x3B, 0x72, 0x4C, 0xB0, 0xA9, 0xC6, 0x64, 0xE4, 0x80,
    0x5A, 0x35, 0x15, 0x77, 0x20, 0xD4, 0x8B, 0x5E, 0x73, 0xB0, 0xE8, 0xE0, 0x35, 0x07, 0xE6, 0xB4,
    0x10, 0x55, 0xAE, 0x8F, 0x69, 0x7C, 0xB5, 0xD0, 0xD5, 0x55, 0x26, 0xFD, 0xBB, 0xE3, 0x6D, 0x48,
    0xA6, 0x9E, 0x58, 0x94, 0xB2, 0xEB, 0x1F, 0xE7, 0x75, 0xF3, 0xAA, 0x20, 0xE4, 0x75, 0x23, 0x00,
    0x84, 0x47, 0x50, 0xF1, 0xF4, 0x3D, 0x6F, 0xE1, 0x34, 0x12, 0xA3, 0x1D, 0xEA, 0x12, 0x3D, 0x33,
    0xED, 0xB3, 0xF8, 0xB5, 0x58, 0x4F, 0x3A, 0x61, 0x28, 0xDC, 0x9E, 0x49, 0x63, 0x8E, 0xF8, 0xC6,
    0x95, 0xD7, 0x61, 0x41, 0xA4, 0x49, 0x1A, 0x7F, 0x14, 0xC1, 0x8B, 0xA0, 0x36, 0x6C, 0xE2, 0x92,
    0x1C, 0x84, 0x74, 0x9C, 0x94, 0x49, 0xCE, 0x6B, 0x65, 0xC8, 0xA5, 0xE9, 0x93, 0xA7, 0x60, 0x77,
    0x3F, 0x80, 0xC4, 0x84, 0xA8, 0x2C, 0x39, 0x02, 0xE7, 0x1D, 0x6C, 0x34, 0x1C, 0xAF, 0xF1, 0x1F,
    0x0C, 0x1B, 0x99, 0xD7, 0xDD, 0xBC, 0x53, 0xF3, 0x2C, 0x39, 0x7A, 0x26, 0xD5, 0x26, 0xE7, 0xBC,
    0xEE, 0xA0, 0xD1, 0x80, 0x6D, 0x04, 0x7B, 0x6A, 0x8D, 0xAB, 0xDA, 0x6B, 0x39, 0x60, 0x9B, 0x40,
    0x02, 0xBD, 0x2E, 0x6E, 0xC5, 0x1A, 0x1B, 0xE4, 0x05, 0x7B, 0xFA, 0x21, 0xD7, 0x30, 0xCB, 0x39,
    0x8B, 0xFB, 0x2F, 0x25, 0xBD, 0x33, 0x70, 0xA3, 0x92, 0x06, 0xC8, 0xE4, 0x3F, 0x35, 0xBC, 0x17,
    0xCA, 0x6D, 0xD9, 0x56, 0x02, 0x99, 0x0C, 0x7E, 0xFE, 0xC4, 0xE5, 0xFC, 0xB1, 0xFE, 0xF4, 0xBE,
    0xAC, 0xE2, 0xC7, 0x76, 0x9D, 0x37, 0xF9, 0x74, 0x4B, 0x05, 0x30, 0xFC, 0x9D, 0x6C, 0xCE, 0x27,
    0xF6, 0x18, 0xDB, 0x90, 0x1A, 0xD5, 0xD8, 0x39, 0x0A, 0xCE, 0x0C, 0xE3, 0xFD, 0x25, 0x1E, 0x73,
    0xF2, 0x76, 0x22, 0x09, 0x7B, 0x74, 0x0B, 0xAD, 0x83, 0xCE, 0xDF, 0xAB, 0x79, 0xD6, 0xD2, 0xFA,
    0x7B, 0xBC, 0x02, 0xD1, 0x6E, 0x5D, 0x7C, 0x38, 0xC2, 0x7D, 0xD9, 0xAD, 0x61, 0x8D, 0x7D, 0x9A,
    0xA8, 0xE9, 0xEE, 0xD6, 0xD0, 0x44, 0x34, 0xA8, 0x3F, 0xAA, 0x31, 0x23, 0x42, 0x4D, 0x17, 0xD4,
    0x50, 0x14, 0xD4, 0x74, 0xC8, 0xD7, 0x6E, 0xD1, 0x74, 0x61, 0x99, 0x7C, 0xD4, 0xA0, 0xE9, 0x60,
    0x9E, 0x73, 0xAC, 0x3B, 0xC2, 0xC6, 0xDA, 0x68, 0x3A, 0x98, 0xC0, 0x39, 0x06, 0x75, 0x9C, 0x23,
    0x1C, 0x41, 0x4D, 0x97, 0x20, 0xC5, 0x0A, 0x77, 0x91, 0xF2, 0x3E, 0x68, 0x0C, 0x09, 0x6F, 0x4C,
    0x50, 0xAE, 0x99, 0xE2, 0x3A, 0xAF, 0xE9, 0xEB, 0xFC, 0x09, 0xCF, 0xE9, 0xAF, 0xB7, 0xA4, 0x60,
    0x21, 0xD9, 0x86, 0xDF, 0x50, 0x9B, 0x24, 0xA4, 0xDD, 0x36, 0xB0, 0xE4, 0x23, 0x40, 0xAC, 0xBB,
    0xC4, 0x7A, 0xAC, 0xDF, 0x4D, 0xC7, 0xB4, 0xEE, 0x3C, 0xE8, 0xB6, 0x22, 0x74, 0x3B, 0x11, 0x92,
    0x3D, 0x28, 0xD9, 0x2E, 0xCF, 0xFB, 0x79, 0xBC, 0x9C, 0xEF, 0x5A, 0xDE, 0x69, 0xCB, 0x99, 0xD9,
    0xE7, 0xF7, 0x8F, 0xF5, 0x39, 0x55, 0x21, 0xE2, 0xCC, 0x6A, 0xE6, 0x7C, 0xA2, 0xE9, 0xE6, 0xA9,
    0x0B, 0xD7, 0xAB, 0xF9, 0x7D, 0x4D, 0x3E, 0x2F, 0x4D, 0x96, 0x73, 0xEC, 0x13, 0x89, 0x4E, 0xAC,
    0xE1, 0x9B, 0x2A, 0x93, 0x90, 0x76, 0xC5, 0xDB, 0x7D, 0x9A, 0xE0, 0xF3, 0x4E, 0x3E, 0xEF, 0x8E,
    0xE4, 0xF3, 0x5E, 0x23, 0x9F, 0x90, 0x92, 0x4B, 0xF4, 0xF9, 0xA0, 0x94, 0xCF, 0xCF, 0x83, 0x3E,
    0x7F, 0xC2, 0xC5, 0x5B, 0x42, 0x39, 0x41, 0x63, 0xAE, 0xE1, 0x93, 0x7A, 0xCD, 0xB5, 0x09, 0x36,
    0xA2, 0x1C, 0x9B, 0xAB, 0xF8, 0x9D, 0x06, 0xBB, 0x7C, 0xA6, 0xF9, 0x2A, 0x7F, 0x46, 0xE5, 0x80,
    0x3F, 0xC3, 0x5A, 0x3E, 0xFD, 0xB2, 0xE3, 0xCF, 0x9E, 0x91, 0x4F, 0x73, 0xF2, 0x93, 0xCB, 0x33,
    0xBD, 0x56, 0x36, 0x63, 0xF1, 0x46, 0xF2, 0x29, 0xF6, 0xAF, 0x59, 0x5E, 0x91, 0x4F, 0x99, 0x2D,
    0xE7, 0xBD, 0x3F, 0x4E, 0x06, 0x6D, 0x7F, 0xA5, 0xFD, 0x09, 0x92, 0x81, 0xC6, 0xFD, 0x3F, 0x32,
    0x9C, 0x4E, 0xC4, 0x66, 0x62, 0xD6, 0x4F, 0xA9, 0x8E, 0xB0, 0x95, 0x4B, 0xEC, 0xF8, 0x87, 0xE9,
    0x32, 0xD2, 0x62, 0x49, 0xC9, 0xEB, 0x84, 0xB1, 0x67, 0x48, 0x8A, 0x5D, 0x0A, 0x11, 0x77, 0xD1,
    0xE5, 0xA5, 0x41, 0x9E, 0x6A, 0xE8, 0x66, 0x36, 0x63, 0x27, 0xE3, 0xC4, 0x2D, 0x16, 0x76, 0xEC,
    0x33, 0xB4, 0x00, 0x4F, 0x26, 0xE9, 0x67, 0x77, 0x49, 0x1C, 0x4B, 0x4E, 0x6B, 0x89, 0x6B, 0x56,
    0x47, 0x1D, 0x9E, 0x24, 0x4F, 0x73, 0x35, 0xDF, 0x33, 0xB5, 0xE3, 0x9B, 0x89, 0xDA, 0xFA, 0xDF,
    0xA8, 0xF9, 0xEE, 0x71, 0x98, 0x90, 0x33, 0x74, 0xD4, 0xAF, 0x90, 0x7D, 0xD9, 0xA2, 0xF2, 0x16,
    0x6F, 0x67, 0x84, 0x6C, 0xD9, 0x9E, 0x1C, 0xB3, 0xDD, 0x04, 0x1C, 0x83, 0xC5, 0x86, 0xEB, 0x0D,
    0x46, 0x63, 0x3C, 0x21, 0xCD, 0xCF, 0x6B, 0x60, 0x47, 0x64, 0xD2, 0x22, 0x4D, 0x37, 0x2B, 0xD3,
    0x96, 0x17, 0x37, 0x2F, 0xF9, 0xBC, 0xC5, 0xE6, 0xD8, 0xBC, 0xC2, 0xC9, 0x1A, 0x1C, 0x8F, 0xE5,
    0xC0, 0xCC, 0xEF, 0x8E, 0x99, 0x7B, 0xA5, 0xFE, 0xC0, 0x4E, 0xB3, 0x33, 0x31, 0x7A, 0x56, 0x02,
    0xA1, 0x0D, 0x0A, 0x14, 0xE0, 0x9D, 0x9D, 0x4B, 0x09, 0xF4, 0x08, 0x78, 0x2E, 0xB4, 0x66, 0x9C,
    0x81, 0xA8, 0x81, 0xB5, 0xF2, 0xE4, 0xFC, 0x2A, 0x4F, 0x69, 0xCB, 0x46, 0x2E, 0xA5, 0xD8, 0x4F,
    0x53, 0x78, 0xE2, 0xC6, 0x3D, 0xF6, 0x28, 0xD4, 0xDA, 0xFB, 0x9F, 0x06, 0x4F, 0x3E, 0xEB, 0xA2,
    0xC2, 0xF0, 0xAE, 0xC2, 0xF6, 0x8E, 0x5B, 0x25, 0x38, 0x54, 0x98, 0xE8, 0xC1, 0xC9, 0x48, 0x21,
    0x73, 0xA7, 0xA7, 0x18, 0x94, 0xFF, 0xAA, 0x40, 0x66, 0x1A, 0xAF, 0xCE, 0xD6, 0x04, 0x9B, 0xB4,
    0x3D, 0x3E, 0x8F, 0xC0, 0xAF, 0x7F, 0x26, 0x5F, 0xFF, 0x59, 0x81, 0x9B, 0xE4, 0xD5, 0xE0, 0x93,
    0x3E, 0x03, 0xB6, 0xA8, 0x7A, 0xFF, 0xFE, 0xF2, 0x0A, 0x92, 0xBD, 0x16, 0x68, 0x20, 0xC4, 0xE5,
    0xCF, 0xFC, 0xE6, 0x0D, 0x04, 0x08, 0x4C, 0x8C, 0x49, 0xC2, 0x16, 0xB3, 0x1A, 0x1F, 0x36, 0xAD,
    0x59, 0x0B, 0xC8, 0x6F, 0x1C, 0x3E, 0x22, 0x29, 0xFD, 0xD7, 0x74, 0xEC, 0xCE, 0x5E, 0xC5, 0x36,
    0x91, 0xB7, 0xB3, 0x5F, 0x8A, 0x5B, 0xC3, 0x39, 0x5F, 0x56, 0x36, 0x16, 0xF5, 0xEC, 0x2E, 0x27,
    0x94, 0xB4, 0xD9, 0x38, 0xB0, 0xBC, 0xEA, 0x8A, 0x9E, 0x7E, 0x31, 0x26, 0x55, 0xFD, 0xDF, 0x26,
    0xE6, 0x5D, 0x7A, 0xEE, 0xD1, 0xA8, 0x87, 0x74, 0xFD, 0x4F, 0xB1, 0xDF, 0x81, 0xD1, 0xDC, 0x46,
    0x05, 0xEA, 0xD0, 0xE7, 0x3E, 0x21, 0x11, 0x62, 0xEC, 0x3E, 0x42, 0x1A, 0xB6, 0xEC, 0xED, 0x3F,
    0xEA, 0x18, 0x48, 0xC7, 0x74, 0x7C, 0x4C, 0x78, 0xB7, 0x39, 0xCF, 0x10, 0x23, 0x69, 0x1B, 0xC0,
    0xB9, 0xDA, 0x80, 0x89, 0xA6, 0x95, 0x77, 0x8B, 0x0E, 0xCE, 0xFB, 0x8D, 0x87, 0x4D, 0x66, 0x6F,
    0x1B, 0x77, 0xCC, 0xE9, 0xA0, 0x16, 0xF8, 0xFF, 0xBD, 0x92, 0x41, 0x0E, 0x82, 0x30, 0x10, 0x45,
    0x3F, 0x34, 0x71, 0xE3, 0x82, 0x23, 0x78, 0x84, 0x1E, 0xA1, 0x47, 0x83, 0x9B, 0xC9, 0x11, 0x3C,
    0x02, 0x47, 0x98, 0x25, 0x8B, 0xCA, 0x77, 0x66, 0x90, 0x08, 0xDA, 0xA8, 0x09, 0x46, 0x16, 0xEF,
    0x25, 0xB4, 0xA4, 0x2F, 0x4C, 0x11, 0xA5, 0x26, 0x28, 0x0D, 0x03, 0x25, 0x31, 0x64, 0xA4, 0x3E,
    0x8C, 0x48, 0xDD, 0x13, 0xB8, 0x7D, 0x4A, 0x5B, 0xF6, 0x00, 0x51, 0x12, 0x2A, 0x0A, 0xFB, 0xE0,
    0xC8, 0xA0, 0x67, 0x40, 0x81, 0x15, 0xEC, 0xEC, 0x15, 0xF4, 0xDD, 0xF9, 0x97, 0xD0, 0x0C, 0x58,
    0x86, 0x9E, 0x46, 0x89, 0x96, 0x11, 0x2D, 0xE3, 0x05, 0xB4, 0xD5, 0x07, 0x4A, 0x5B, 0xBE, 0xC3,
    0xC9, 0x71, 0x51, 0x34, 0xD3, 0x82, 0x30, 0x69, 0xC6, 0x81, 0x41, 0x34, 0x24, 0xB2, 0xC9, 0x3E,
    0x18, 0x55, 0x46, 0xDB, 0xA9, 0x46, 0xB4, 0x08, 0xE2, 0xC2, 0xBD, 0x7A, 0xD1, 0x3C, 0x1B, 0xD9,
    0xCA, 0xD7, 0x8E, 0xFF, 0x13, 0xFC, 0x46, 0x59, 0x8D, 0x5E, 0x2A, 0xF8, 0x9F, 0x4C, 0xAC, 0x33,
    0xFC, 0x6A, 0x99, 0x6D, 0xDE, 0x6F, 0xEC, 0xD5, 0x05, 0x7F, 0xFA, 0x6E, 0x97, 0xAB, 0xC5, 0xD7,
    0xD9, 0xE0, 0xB0, 0x75, 0x1A, 0x6E, 0xFB, 0xFF, 0xFF, 0xFF, 0xFF, 0x07, 0x0C, 0x0C, 0xDC, 0x1F,
    0x18, 0x18, 0xF8, 0xEF, 0x30, 0x30, 0x98, 0x9F, 0x64, 0x60, 0x48, 0x3E, 0xCC, 0xC0, 0x70, 0xF8,
    0x50, 0x03, 0x53, 0xF3, 0x81, 0x03, 0xCC, 0xCC, 0x07, 0x0A, 0x78, 0x99, 0x0F, 0xA8, 0x48, 0x30,
    0x1F, 0xE0, 0x31, 0x60, 0x3E, 0xC0, 0x35, 0x81, 0xF9, 0x00, 0x0C, 0x82, 0xD8, 0x20, 0x31, 0x90,
    0x5C, 0x01, 0x0F, 0x33, 0x48, 0x2D, 0x50, 0x8F, 0x33, 0x48, 0x2F, 0xC8, 0x0C, 0xA0, 0x59, 0xC6,
    0x20, 0x33, 0x41, 0x66, 0x03, 0xAD, 0xF8, 0x0F, 0x00, 0xE5, 0x5B, 0x5F, 0x8C, 0x1D, 0xD7, 0x59,
    0x3F, 0x33, 0x63, 0xEF, 0x58, 0x1E, 0x7B, 0x27, 0x0F, 0x55, 0x95, 0x76, 0xE3, 0x9D, 0x3C, 0xF4,
    0x21, 0x84, 0xDD, 0xBD, 0x56, 0x1B, 0xA4, 0x55, 0x99, 0xDD, 0x3B, 0x49, 0x1E, 0xF2, 0x50, 0x09,
    0x2A, 0xA1, 0x80, 0x48, 0x5F, 0xFA, 0x58, 0xD2, 0x0A, 0x07, 0xA9, 0xA0, 0x5B, 0xB8, 0xF6, 0x9D,
    0x34, 0x0F, 0x79, 0x00, 0x09, 0x3F, 0xA4, 0xEA, 0x03, 0x3C, 0x58, 0xC2, 0x54, 0xAD, 0x23, 0xE4,
    0x0D, 0xBD, 0x90, 0x6D, 0x59, 0xF7, 0x8E, 0x6B, 0x84, 0x91, 0x0A, 0xEA, 0xA0, 0x22, 0x90, 0x5A,
    0x41, 0x27, 0x24, 0x90, 0x7F, 0x2A, 0x1E, 0xA7, 0x53, 0x7A, 0xBD, 0xBD, 0xF7, 0x1E, 0x7E, 0xBF,
    0xEF, 0x9C, 0x33, 0x77, 0xED, 0xD8, 0xD8, 0x49, 0x9C, 0xA4, 0x09, 0x37, 0x9B, 0xDD, 0xCF, 0x73,
    0xCF, 0x9C, 0x39, 0xE7, 0xF7, 0xFD, 0xFF, 0xCE, 0x37, 0x4A, 0xE1, 0x13, 0x96, 0xCA, 0x7E, 0x82,
    0xB1, 0xA3, 0xD4, 0x9A, 0x23, 0x0E, 0xC4, 0x99, 0xFC, 0xF5, 0x4E, 0x25, 0x8F, 0x0B, 0x71, 0x6F,
    0x34, 0xB1, 0x77, 0xE8, 0x4B, 0xC7, 0x54, 0xB9, 0x90, 0xE3, 0xBB, 0xCB, 0x93, 0xB0, 0x50, 0xDD,
    0x5A, 0x29, 0xBF, 0x38, 0xEE, 0xD5, 0x6A, 0x67, 0x1B, 0x54, 0x99, 0x64, 0x7D, 0x55, 0xF7, 0x30,
    0xAE, 0x09, 0xCB, 0xC4, 0xAB, 0x86, 0xA0, 0xCE, 0x79, 0x75, 0xF8, 0xED, 0x72, 0x0B, 0x4F, 0xD2,
    0x59, 0xDF, 0x7B, 0xAD, 0xC4, 0xB5, 0xF0, 0x89, 0x32, 0x51, 0x27, 0x2A, 0x8C, 0x8B, 0x30, 0xB0,
    0x48, 0xAA, 0x14, 0x54, 0xBE, 0x81, 0x81, 0x35, 0xA8, 0xA0, 0x8C, 0x31, 0xB0, 0x5E, 0xC6, 0x33,
    0x9A, 0xA0, 0xBC, 0xCB, 0xAF, 0x62, 0x7C, 0x3B, 0x55, 0x8D, 0x0A, 0x8A, 0x28, 0x53, 0x71, 0x92,
    0x6D, 0xA8, 0x30, 0x0F, 0x0A, 0x75, 0x04, 0x03, 0x55, 0x94, 0x81, 0x5A, 0xC6, 0x97, 0x98, 0xCA,
    0xAB, 0x54, 0x8C, 0x2F, 0x41, 0xA9, 0x1A, 0x3B, 0xC4, 0x26, 0x30, 0x1E, 0x8F, 0x6B, 0x02, 0x3C,
    0x32, 0x57, 0x3D, 0xF5, 0xE9, 0x0D, 0x6E, 0xB8, 0x50, 0xEB, 0x6A, 0x18, 0x63, 0x0B, 0x7E, 0xA5,
    0xD6, 0xEF, 0xE9, 0x06, 0x95, 0xE2, 0xF8, 0xF5, 0x34, 0x52, 0x06, 0x8A, 0x1E, 0x9E, 0xB7, 0x29,
    0xD4, 0x30, 0xC4, 0x8C, 0x39, 0xA9, 0x1A, 0x3B, 0x94, 0x81, 0x1E, 0x7F, 0xC9, 0x40, 0xCC, 0x83,
    0x4F, 0x17, 0xFF, 0x9B, 0x21, 0x11, 0x00, 0xEA, 0x18, 0xD8, 0xA6, 0xCA, 0x9B, 0x18, 0x24, 0x3B,
    0xBB, 0x67, 0x2B, 0x43, 0xF9, 0x7A, 0xE6, 0xE0, 0xDD, 0x2F, 0xE8, 0x7E, 0xCB, 0x5E, 0x16, 0x5C,
    0x83, 0xF3, 0xF2, 0xEC, 0xA0, 0xE8, 0xCA, 0x9F, 0x92, 0x93, 0xA9, 0xA0, 0xF1, 0x78, 0x35, 0x9E,
    0x99, 0xA7, 0xC4, 0x05, 0xAF, 0x2E, 0xE3, 0x2A, 0x76, 0x1B, 0xE3, 0x7E, 0x41, 0x2D, 0xC9, 0xC1,
    0xB6, 0xA0, 0x0A, 0x0A, 0xAC, 0x5A, 0xCD, 0xBE, 0x52, 0x61, 0xA3, 0x9E, 0xD6, 0x35, 0x56, 0x17,
    0x37, 0x4B, 0x1A, 0xCB, 0xC5, 0x73, 0x3A, 0x45, 0x1D, 0xE0, 0x1E, 0xBF, 0xC6, 0xB6, 0xBD, 0xD3,
    0xAA, 0x59, 0xDF, 0x50, 0x1D, 0xAD, 0xD2, 0x34, 0xF5, 0xA6, 0x4B, 0xC5, 0x5A, 0xBA, 0x91, 0x54,
    0x7E, 0x19, 0xAF, 0x24, 0x1A, 0xFB, 0x8C, 0x56, 0xE3, 0x8A, 0x70, 0x1C, 0x21, 0x67, 0xF1, 0x67,
    0xBB, 0xCF, 0x3F, 0xAB, 0xF5, 0x9A, 0xF9, 0x13, 0x67, 0x98, 0x31, 0xC5, 0xEC, 0x98, 0x3F, 0x1D,
    0x7A, 0x57, 0x8E, 0x65, 0x6A, 0xBD, 0xAF, 0x06, 0x53, 0x60, 0x95, 0x2A, 0x0F, 0xFB, 0xAA, 0x13,
    0xD9, 0x55, 0x25, 0x98, 0x60, 0x18, 0x77, 0x1F, 0xE5, 0x6A, 0x62, 0xA0, 0xEA, 0xE6, 0xCA, 0x07,
    0x19, 0xCE, 0xCE, 0x8C, 0xB8, 0xC1, 0x81, 0x9E, 0x0A, 0x08, 0x0F, 0x5B, 0x60, 0x22, 0x8B, 0x95,
    0x4A, 0x2C, 0x7C, 0x6A, 0xA5, 0x63, 0x89, 0x34, 0x76, 0x44, 0x94, 0x59, 0x22, 0xCC, 0x6F, 0x44,
    0xF4, 0x1C, 0x51, 0xDB, 0xC1, 0x41, 0x65, 0x6F, 0x8F, 0x73, 0x4B, 0x7C, 0x4B, 0x2D, 0x7B, 0x9F,
    0xA1, 0x22, 0x34, 0x80, 0x42, 0x63, 0x54, 0x92, 0xAB, 0xEE, 0xEE, 0x6F, 0x80, 0xA7, 0x40, 0x75,
    0x07, 0x92, 0xAC, 0x28, 0x39, 0x35, 0xF9, 0xBD, 0x20, 0x48, 0xF8, 0xE5, 0x48, 0x57, 0xBC, 0xF8,
    0xA9, 0x62, 0xF4, 0x35, 0xEE, 0x06, 0x20, 0x53, 0xBC, 0xB1, 0x89, 0x97, 0x27, 0x42, 0x00, 0xBE,
    0x94, 0x04, 0x77, 0xB8, 0x42, 0x22, 0x9C, 0xD8, 0x2B, 0x1D, 0x80, 0xD2, 0x1F, 0xF2, 0x9B, 0x58,
    0xEB, 0x86, 0x44, 0x19, 0xB9, 0xDB, 0xB1, 0x9E, 0x46, 0x88, 0x65, 0x3B, 0x78, 0x4E, 0x40, 0x80,
    0x7B, 0x42, 0x44, 0xFA, 0x2B, 0xCD, 0x48, 0x63, 0x4F, 0x89, 0xD6, 0xD5, 0x48, 0x73, 0x7E, 0x11,
    0xB5, 0x41, 0x8E, 0xD5, 0x72, 0x43, 0xE1, 0x18, 0xCA, 0xBB, 0xCC, 0xA1, 0x23, 0xAD, 0x67, 0xE7,
    0x48, 0x2C, 0x68, 0xAD, 0x5B, 0xD5, 0x36, 0x28, 0x9C, 0x39, 0x73, 0xB6, 0x11, 0xA1, 0xC4, 0x57,
    0x04, 0xD8, 0x9F, 0x65, 0x9D, 0x8C, 0x4A, 0x9F, 0x94, 0x32, 0xCF, 0xA3, 0x67, 0x66, 0xDC, 0xFE,
    0xA2, 0x92, 0x9D, 0x76, 0x9E, 0xD6, 0x85, 0x59, 0x46, 0xBB, 0xD4, 0x93, 0x6A, 0x5B, 0x88, 0x45,
    0xB7, 0xC2, 0x23, 0x8E, 0xC0, 0x15, 0x2E, 0xD5, 0xCB, 0xE3, 0x57, 0x9E, 0xE6, 0xE0, 0x60, 0xEC,
    0x36, 0x38, 0x88, 0xBF, 0xF4, 0xB0, 0xE0, 0x13, 0xFF, 0xC8, 0x0E, 0x0E, 0x1C, 0x3E, 0x6A, 0xE6,
    0x6E, 0x1F, 0xBD, 0x92, 0xF5, 0xBF, 0x91, 0x19, 0x54, 0xB1, 0x53, 0x80, 0x7F, 0xEE, 0x83, 0xA3,
    0xE2, 0x83, 0x67, 0x05, 0xF9, 0xA0, 0xE4, 0x6F, 0xC3, 0x0B, 0x05, 0x71, 0xDC, 0x56, 0x9E, 0x51,
    0xB5, 0xEE, 0x53, 0xD4, 0x41, 0x08, 0x0D, 0xEE, 0x2A, 0x44, 0xED, 0x56, 0x1F, 0x11, 0x25, 0xEB,
    0x64, 0x8B, 0x66, 0xDF, 0x30, 0x02, 0x86, 0xF0, 0x6A, 0x27, 0x3F, 0xC3, 0x5B, 0x90, 0x9F, 0x39,
    0x11, 0x39, 0x39, 0x74, 0xB7, 0xAF, 0x9D, 0xB3, 0x44, 0xDC, 0x58, 0xC2, 0xCB, 0x5A, 0x53, 0x5A,
    0x1C, 0x70, 0x44, 0xEA, 0x08, 0xDA, 0x42, 0xAC, 0xD8, 0x2F, 0x6A, 0xFE, 0x53, 0x1F, 0xBC, 0xBF,
    0x38, 0xC5, 0x05, 0x7E, 0x82, 0x7B, 0xBC, 0xD3, 0x6F, 0xF4, 0x85, 0xBA, 0x16, 0xB1, 0x78, 0xEE,
    0xB5, 0xEA, 0x0B, 0x4D, 0x54, 0x2D, 0xC6, 0x45, 0xBF, 0xEE, 0x4E, 0x3D, 0x18, 0xB7, 0x2A, 0x19,
    0x76, 0x16, 0x29, 0x1F, 0xE3, 0x70, 0xB2, 0xB2, 0xE8, 0x9F, 0x8A, 0x8A, 0x4D, 0x6F, 0x9A, 0x1E,
    0x89, 0x27, 0x71, 0x1D, 0xE7, 0x83, 0x74, 0x79, 0x63, 0x79, 0x73, 0x82, 0x41, 0x9F, 0x5B, 0xEC,
    0xAD, 0xAD, 0x77, 0x30, 0xE8, 0x47, 0xF1, 0x56, 0xBA, 0xCE, 0x41, 0xB3, 0xA8, 0xEE, 0x6D, 0xF8,
    0x18, 0x74, 0x22, 0xAC, 0xB6, 0xE2, 0x6C, 0x27, 0x28, 0xEE, 0x0C, 0xAA, 0xBA, 0x5B, 0x52, 0x62,
    0xFC, 0xB2, 0xFE, 0x66, 0x13, 0xD1, 0x72, 0xD5, 0x75, 0x8D, 0x41, 0x86, 0x88, 0x33, 0xEE, 0xA1,
    0x57, 0xEF, 0x04, 0x62, 0x8C, 0xD2, 0xBA, 0xA3, 0x64, 0x77, 0x2B, 0x75, 0x54, 0x1C, 0x15, 0x91,
    0xAC, 0x65, 0x28, 0xF8, 0xBC, 0x05, 0xE5, 0xB0, 0x84, 0x51, 0xCD, 0x23, 0x5B, 0x4A, 0xE6, 0xC3,
    0x60, 0x65, 0x06, 0xA5, 0xB5, 0xB0, 0x49, 0xA9, 0xBF, 0xC6, 0x6C, 0x34, 0x07, 0xDE, 0x4F, 0x0B,
    0xE3, 0x71, 0x82, 0xEF, 0xF2, 0x5F, 0xB4, 0x5E, 0xC7, 0xF9, 0x3D, 0x7E, 0x0D, 0xE4, 0x39, 0x49,
    0xEE, 0x6B, 0x99, 0x23, 0xBC, 0x72, 0xCC, 0x5A, 0xC9, 0x91, 0x3E, 0x69, 0xE1, 0xFD, 0xA4, 0xB5,
    0x0D, 0x5A, 0xE7, 0xD6, 0x62, 0xEE, 0x8E, 0xCC, 0xA0, 0xCE, 0x0B, 0x4A, 0x1D, 0xAB, 0xAC, 0x20,
    0x89, 0xDA, 0xA9, 0xB0, 0x32, 0xFC, 0xC7, 0x9C, 0x99, 0xF3, 0x73, 0xC7, 0xCD, 0x3C, 0x78, 0x92,
    0x65, 0x59, 0xDF, 0x98, 0x72, 0x0E, 0x54, 0x61, 0x71, 0x8D, 0x61, 0x00, 0xCF, 0x96, 0x2D, 0xE5,
    0x97, 0x1B, 0x22, 0x73, 0xE0, 0x21, 0xFC, 0x12, 0x74, 0xCC, 0xC3, 0x73, 0xE0, 0xDD, 0xE2, 0x09,
    0x38, 0x09, 0x49, 0x1A, 0x3A, 0xAA, 0x57, 0xAB, 0x68, 0x82, 0x85, 0xC9, 0xDE, 0x03, 0x6C, 0x7F,
    0x62, 0x50, 0xB0, 0x42, 0x74, 0x7D, 0x4A, 0xD6, 0xB7, 0x0F, 0x0A, 0x10, 0xE8, 0xD3, 0xCA, 0xFB,
    0xAC, 0x56, 0xBD, 0x5E, 0xB8, 0x00, 0xF5, 0xDD, 0x7D, 0x08, 0xB6, 0x34, 0x90, 0xBD, 0x26, 0x78,
    0x6E, 0x40, 0x20, 0x96, 0x66, 0x0A, 0xFE, 0x50, 0xF3, 0x33, 0x81, 0xA9, 0x86, 0xCD, 0xD1, 0x62,
    0xE3, 0xA3, 0x22, 0x21, 0x55, 0xC4, 0x79, 0x50, 0x06, 0xB3, 0x0C, 0xC3, 0x3A, 0xDC, 0xE5, 0x89,
    0x6C, 0xA9, 0x21, 0x0B, 0x8E, 0xC3, 0x0A, 0xCC, 0x64, 0xE7, 0x73, 0x34, 0xE6, 0x08, 0xCD, 0x51,
    0xDB, 0x83, 0xE4, 0x1C, 0xDD, 0x39, 0xE2, 0xEA, 0xA0, 0x9E, 0x19, 0x0A, 0x9E, 0xC5, 0x9A, 0xEC,
    0xE4, 0x8A, 0xF2, 0xC4, 0x86, 0x2B, 0x1A, 0xCF, 0x70, 0x62, 0x4C, 0x29, 0xF5, 0xDD, 0xD8, 0x52,
    0xEB, 0x10, 0x4F, 0x18, 0x20, 0x1B, 0x65, 0x7D, 0x2B, 0xA4, 0xE7, 0x3A, 0xD8, 0x67, 0x36, 0xDE,
    0xC0, 0x95, 0xC4, 0x71, 0xA1, 0xDC, 0x70, 0xFA, 0xC5, 0x98, 0xE0, 0xB4, 0x52, 0x9F, 0x11, 0xEC,
    0x43, 0xCD, 0x38, 0x42, 0xB0, 0x8F, 0xF2, 0xE8, 0x89, 0x82, 0xD8, 0xAF, 0xC2, 0xF9, 0x89, 0x5B,
    0x52, 0xFB, 0xBC, 0x6C, 0x3F, 0x80, 0xBD, 0x19, 0xF6, 0x06, 0x53, 0x78, 0xC0, 0x61, 0x74, 0x89,
    0xF8, 0x5D, 0xCA, 0x7B, 0x70, 0xFA, 0x1F, 0xD7, 0xB3, 0xAD, 0xA0, 0x18, 0xA6, 0x51, 0x7E, 0x34,
    0x50, 0x47, 0xA3, 0xBC, 0xDE, 0x08, 0xA7, 0x8F, 0x05, 0xEA, 0x97, 0xF4, 0xFD, 0x75, 0x12, 0xBC,
    0xBA, 0xFB, 0x6B, 0x1F, 0x1C, 0x9D, 0x65, 0x68, 0xD2, 0xFC, 0x81, 0xD6, 0xC3, 0x7E, 0x58, 0x84,
    0xC5, 0x26, 0xC6, 0x7D, 0x14, 0xCA, 0x03, 0xEF, 0x52, 0x07, 0xAA, 0x5B, 0x00, 0xFB, 0xB1, 0x37,
    0x0D, 0x60, 0x87, 0x76, 0xB8, 0x73, 0xB0, 0xA6, 0xE4, 0xCE, 0x81, 0xC6, 0xA3, 0xA7, 0x05, 0x8D,
    0x39, 0x42, 0x73, 0xD4, 0xF6, 0x20, 0x39, 0x47, 0x77, 0x8E, 0x38, 0xD7, 0xD9, 0x06, 0x0E, 0xE1,
    0x1E, 0x9B, 0x3E, 0x78, 0x01, 0xCC, 0x35, 0x63, 0x02, 0xDE, 0x94, 0x98, 0xFD, 0xC5, 0xA5, 0x09,
    0x40, 0x64, 0x88, 0x6A, 0x59, 0x6D, 0xE1, 0x37, 0x61, 0x45, 0x65, 0x71, 0xE5, 0xF0, 0xE2, 0x4E,
    0xFA, 0x0A, 0x51, 0xEA, 0x44, 0x64, 0x21, 0xAA, 0x18, 0xFB, 0x6C, 0xC8, 0x3C, 0x6A, 0x87, 0x4A,
    0xD1, 0x37, 0xC1, 0x10, 0xF0, 0x86, 0x6C, 0xF5, 0xCC, 0x13, 0x01, 0x3C, 0x0C, 0xF2, 0x87, 0x31,
    0xF5, 0xA3, 0xB4, 0xCF, 0x40, 0x5F, 0x43, 0xF2, 0xB1, 0xDF, 0x0A, 0x5A, 0x13, 0x54, 0x7D, 0x15,
    0x3F, 0xDE, 0xD0, 0x74, 0x17, 0x7E, 0x76, 0x00, 0xD3, 0xDF, 0x4D, 0xFA, 0xEF, 0x4E, 0x99, 0xE7,
    0x9E, 0xE6, 0x48, 0x2B, 0x04, 0xB8, 0x2B, 0xFE, 0x0F, 0x2B, 0x06, 0x97, 0xA7, 0x6A, 0x33, 0xB0,
    0x34, 0xEC, 0xD6, 0x30, 0x30, 0xB1, 0xE7, 0x1D, 0x9F, 0x0F, 0x8A, 0x3A, 0xFC, 0xD5, 0xD9, 0x53,
    0xCA, 0x3B, 0x3B, 0x5D, 0xF7, 0xCA, 0x2A, 0x3A, 0xFC, 0x61, 0xE0, 0xF0, 0xF2, 0xE1, 0x54, 0x55,
    0x55, 0x6C, 0x24, 0x67, 0x75, 0x45, 0x55, 0xF5, 0x6A, 0x34, 0xC3, 0x3F, 0x3E, 0x3B, 0x89, 0xFD,
    0xF2, 0xC4, 0x24, 0x10, 0x65, 0x69, 0xA2, 0x4B, 0x05, 0x62, 0x09, 0xA1, 0x2B, 0xC4, 0x51, 0x10,
    0xBA, 0x2E, 0x69, 0xF1, 0x7A, 0x71, 0x1E, 0xCD, 0x18, 0x69, 0xF4, 0x45, 0xDC, 0xBC, 0x2B, 0x6A,
    0xA9, 0x12, 0x0B, 0x01, 0x7D, 0x89, 0xF4, 0x15, 0x0B, 0x93, 0x11, 0x60, 0x23, 0xD0, 0x49, 0xE1,
    0x6C, 0x8D, 0x0D, 0x9B, 0x23, 0x6B, 0x50, 0x46, 0x73, 0x5E, 0x50, 0x6B, 0xE6, 0x7E, 0xF7, 0x17,
    0xE7, 0xBC, 0x7B, 0x27, 0xEC, 0xD7, 0x98, 0x3F, 0xB4, 0x5F, 0x98, 0x8B, 0x3F, 0xD0, 0xA1, 0x60,
    0xC6, 0x1F, 0xDA, 0xAF, 0x40, 0x8B, 0xAD, 0x82, 0x0E, 0x59, 0x0A, 0x3A, 0x64, 0x29, 0xE8, 0x90,
    0x1D, 0x07, 0x2D, 0xF1, 0xA7, 0xFC, 0x11, 0x7D, 0x99, 0xB4, 0x96, 0xEC, 0x0E, 0xF9, 0x79, 0x7B,
    0xED, 0x97, 0xCE, 0xA2, 0xD6, 0x7E, 0x85, 0xEF, 0x33, 0xFB, 0x65, 0xC3, 0xD1, 0x1E, 0x75, 0xD5,
    0x9F, 0x09, 0xF6, 0x89, 0xCE, 0xE3, 0x4B, 0x62, 0xBF, 0x52, 0xB0, 0xCC, 0xD8, 0x2F, 0x44, 0x6A,
    0xFB, 0xD4, 0x9B, 0xF3, 0x1D, 0xC1, 0xEB, 0xB1, 0xDF, 0xB0, 0xD8, 0x7B, 0x08, 0xCA, 0x0D, 0xF6,
    0xB4, 0x5F, 0x06, 0x7B, 0xDA, 0x2F, 0x8B, 0x3D, 0xEC, 0x57, 0x8B, 0xFD, 0x18, 0xD8, 0x2F, 0x34,
    0xC6, 0x7E, 0x11, 0x7B, 0x6B, 0xBF, 0x2C, 0x1A, 0x6F, 0xC6, 0x7E, 0x45, 0x7A, 0x96, 0xB9, 0x0C,
    0x88, 0x9A, 0x11, 0x08, 0x76, 0xBC, 0x27, 0x97, 0xB8, 0x41, 0x26, 0x6A, 0xE2, 0x76, 0xF6, 0x6F,
    0x6D, 0xD4, 0xEE, 0x91, 0xF1, 0xB8, 0xEF, 0x38, 0x10, 0xD4, 0xAB, 0x8E, 0x05, 0xCC, 0x74, 0x2C,
    0x0F, 0x82, 0x3C, 0xCC, 0x2D, 0x13, 0x22, 0x5E, 0x37, 0x0F, 0x8A, 0x11, 0x6D, 0x59, 0x36, 0x2C,
    0x22, 0x54, 0xDC, 0x98, 0x93, 0x96, 0x11, 0x1C, 0xD0, 0x53, 0x3E, 0xFC, 0xF9, 0x14, 0xF7, 0xE7,
    0x70, 0x25, 0xD8, 0xBE, 0xFE, 0xE2, 0xEE, 0x08, 0x56, 0x6A, 0x23, 0x28, 0xD6, 0xFC, 0x6A, 0x30,
    0x01, 0xF9, 0x01, 0x05, 0xDB, 0xC5, 0x08, 0x7B, 0x8E, 0xFC, 0xCD, 0xC9, 0x39, 0x47, 0x94, 0x51,
    0x87, 0x2B, 0x11, 0xC2, 0xBF, 0x39, 0x4F, 0xF0, 0x80, 0x19, 0x99, 0x32, 0x05, 0xE9, 0xB8, 0xE2,
    0x33, 0x6F, 0x75, 0x2A, 0xA1, 0x5A, 0xBE, 0xE4, 0x6A, 0x0F, 0x63, 0x84, 0x33, 0x61, 0x2D, 0xC6,
    0xEA, 0x44, 0xAB, 0x16, 0x7B, 0x78, 0xB3, 0x97, 0x39, 0x7B, 0xB8, 0x63, 0xD8, 0x53, 0xB5, 0x0C,
    0x70, 0xF6, 0xE8, 0x60, 0xAB, 0x1C, 0xEF, 0xAC, 0x76, 0x18, 0xC9, 0xA5, 0x76, 0xC8, 0x7C, 0x3B,
    0xD4, 0x8E, 0x51, 0x2E, 0xA6, 0x14, 0xDA, 0x11, 0x61, 0x9E, 0x91, 0x78, 0x77, 0x5C, 0xA4, 0x75,
    0x85, 0x76, 0x60, 0x21, 0x58, 0x0E, 0xA5, 0x7E, 0x30, 0x16, 0x53, 0x0B, 0xCA, 0x6A, 0xFE, 0x1E,
    0x4D, 0xB8, 0x81, 0x76, 0xFC, 0xF9, 0xED, 0xD1, 0x8E, 0xFC, 0x6D, 0xD2, 0x8E, 0x85, 0xB3, 0x5A,
    0x7F, 0xCD, 0x79, 0x0D, 0x61, 0x0E, 0x46, 0xC1, 0xD1, 0x1D, 0xD3, 0x0D, 0x84, 0x32, 0x87, 0xEB,
    0xCF, 0x90, 0xA8, 0x77, 0x1B, 0x51, 0x1D, 0x4F, 0x17, 0xDD, 0x0A, 0x96, 0x0E, 0x9A, 0x33, 0x2A,
    0xBA, 0x35, 0xE7, 0x0A, 0x6B, 0x5D, 0x74, 0x8C, 0x2F, 0x45, 0x7E, 0x88, 0x49, 0x5E, 0x79, 0xF8,
    0x91, 0x11, 0xA7, 0xD1, 0xE6, 0x03, 0x54, 0x76, 0x85, 0xD8, 0x65, 0x70, 0xCE, 0x94, 0xF0, 0x8A,
    0x78, 0x08, 0x27, 0xAD, 0x51, 0xEE, 0x2A, 0x3F, 0x2E, 0xFA, 0x8D, 0xF7, 0x50, 0x6B, 0xCA, 0x87,
    0x2C, 0x7F, 0x15, 0xA3, 0x56, 0x59, 0x84, 0x88, 0xB4, 0x0A, 0xF3, 0x54, 0x6D, 0x44, 0xF9, 0x5A,
    0x58, 0x30, 0xC5, 0xF9, 0x80, 0xAF, 0x0E, 0xA8, 0xAC, 0x4D, 0x76, 0xD4, 0xF5, 0xA9, 0x55, 0x17,
    0xBC, 0xE4, 0xAE, 0xBE, 0x14, 0xE5, 0x7B, 0x9F, 0x06, 0xE9, 0x87, 0x86, 0xC4, 0xB8, 0xEA, 0xCD,
    0x18, 0xB7, 0xAE, 0x71, 0x7D, 0x1D, 0x8A, 0x67, 0x2A, 0x09, 0xC5, 0xA3, 0x27, 0x45, 0xBC, 0x9A,
    0x36, 0x68, 0xD9, 0xB0, 0xC2, 0xE4, 0xBC, 0x02, 0x7F, 0x1B, 0xAF, 0x20, 0xB9, 0x99, 0xC1, 0xC5,
    0x7A, 0x05, 0x6F, 0x94, 0xCF, 0x4D, 0x8F, 0x0B, 0xA7, 0xB2, 0xDB, 0x29, 0xF7, 0x99, 0x93, 0x7B,
    0x53, 0x20, 0xA3, 0xDC, 0x77, 0x73, 0x27, 0xF7, 0x63, 0x27, 0xF7, 0x7E, 0xD5, 0x7A, 0x85, 0xFC,
    0x6A, 0xAF, 0x70, 0x8A, 0x72, 0xCF, 0x7D, 0x46, 0x35, 0xE5, 0x1E, 0x79, 0x04, 0x1F, 0x06, 0xB9,
    0x47, 0x6E, 0x01, 0x13, 0x45, 0x79, 0x06, 0x15, 0xEE, 0x0A, 0x85, 0x1C, 0x24, 0x00, 0x53, 0x53,
    0x93, 0x0B, 0x7B, 0x5B, 0xD7, 0xF7, 0x0F, 0x43, 0x47, 0xF5, 0x7A, 0x8E, 0x1A, 0xCE, 0x7D, 0xD0,
    0x86, 0x24, 0xD4, 0xAB, 0x8A, 0x72, 0x6F, 0x7C, 0x3D, 0xE5, 0x9E, 0x71, 0x51, 0xA5, 0x28, 0xF7,
    0x00, 0xEB, 0x0A, 0x57, 0x3F, 0xD7, 0xE4, 0xB9, 0x76, 0xEF, 0xD9, 0xF9, 0x5B, 0xF3, 0x0A, 0xEF,
    0xBA, 0x47, 0xF6, 0x90, 0x51, 0xFC, 0x96, 0x78, 0xE4, 0x88, 0x31, 0x50, 0x2E, 0x1E, 0x99, 0x19,
    0x45, 0x69, 0x3D, 0x72, 0xAC, 0xEA, 0x9B, 0x67, 0x14, 0x4F, 0xDE, 0x8D, 0xA5, 0x7C, 0x94, 0xD4,
    0x3F, 0x22, 0xB8, 0x5D, 0xFC, 0x3A, 0xB0, 0xF7, 0xFF, 0x14, 0x6B, 0x38, 0xF4, 0x7D, 0x60, 0xEF,
    0x7D, 0x04, 0x6B, 0xD8, 0xF7, 0xB7, 0x57, 0x63, 0xEF, 0x56, 0x80, 0x55, 0xDD, 0xA7, 0xD4, 0x63,
    0x06, 0xFB, 0xD1, 0xC9, 0xA5, 0xB1, 0xC1, 0x5E, 0x62, 0x16, 0x83, 0xFD, 0x67, 0x4F, 0xBF, 0x4D,
    0xD8, 0xB7, 0x1E, 0xD9, 0x6F, 0xBF, 0x15, 0x7F, 0x5C, 0xB4, 0xD8, 0x8F, 0xE7, 0xD8, 0xB7, 0x3E,
    0x26, 0x2E, 0xE6, 0xBE, 0xB8, 0x5D, 0xD5, 0xB8, 0xC5, 0x7E, 0x63, 0x8E, 0xBD, 0x72, 0xD8, 0x47,
    0x79, 0x8B, 0x7D, 0xB1, 0xD1, 0xE6, 0xD4, 0xA9, 0x84, 0xCD, 0x58, 0x32, 0xB0, 0xEF, 0x42, 0xFE,
    0x20, 0xCF, 0xF5, 0x50, 0x8D, 0x93, 0x2C, 0x2A, 0xC7, 0x6A, 0xAB, 0x56, 0x9F, 0xF6, 0x95, 0xAF,
    0x3E, 0xA2, 0x86, 0x2D, 0xCE, 0xBD, 0x9B, 0x50, 0xF7, 0x59, 0x45, 0x1A, 0x3A, 0xA0, 0xEB, 0x61,
    0x6F, 0xD5, 0x3E, 0xAC, 0xB6, 0x75, 0xC3, 0xB0, 0x40, 0x36, 0x27, 0x0B, 0x4C, 0x5E, 0xAB, 0x12,
    0x53, 0xA7, 0x38, 0x3E, 0x82, 0x75, 0x3F, 0x27, 0x90, 0x76, 0x10, 0x46, 0x74, 0x68, 0x50, 0xCA,
    0x08, 0xD8, 0x87, 0x33, 0x96, 0x65, 0x61, 0x85, 0x1A, 0x96, 0xD3, 0x9A, 0x06, 0x14, 0x23, 0x51,
    0xAD, 0xEE, 0xF6, 0x0B, 0x41, 0x83, 0xAE, 0xB9, 0x10, 0x23, 0x13, 0xD4, 0x62, 0x4D, 0x89, 0xDA,
    0x44, 0xF6, 0x2D, 0x48, 0x66, 0x5D, 0x8B, 0xAE, 0xA9, 0xB3, 0x11, 0xF1, 0xFB, 0x75, 0x5B, 0x71,
    0x7F, 0x9B, 0x35, 0x80, 0xDB, 0xA4, 0xFC, 0xC7, 0x19, 0x39, 0x1A, 0x8F, 0x69, 0x7D, 0x64, 0x96,
    0x13, 0xD0, 0x00, 0x53, 0xD8, 0x8A, 0xEE, 0xBF, 0x2A, 0x26, 0x75, 0x36, 0x62, 0xF8, 0x7A, 0x74,
    0x21, 0xD9, 0x55, 0xA8, 0x82, 0x6C, 0x45, 0xBC, 0xEE, 0x48, 0x05, 0xBB, 0xE2, 0x75, 0x13, 0x7A,
    0xE2, 0xF2, 0xCD, 0x59, 0x9F, 0x3D, 0x1A, 0x60, 0xF5, 0x12, 0xB8, 0x1D, 0x52, 0xAA, 0x30, 0x6B,
    0x4F, 0x72, 0xEC, 0x51, 0x34, 0x20, 0x98, 0x69, 0xA7, 0x01, 0x2C, 0x13, 0xBD, 0x17, 0xAC, 0x8F,
    0x27, 0x36, 0x1B, 0xD8, 0x3F, 0xF0, 0xA4, 0x06, 0xD7, 0x3F, 0x04, 0xEC, 0x3B, 0x0C, 0x22, 0xB4,
    0xBE, 0x50, 0x6E, 0xB0, 0x4A, 0x89, 0x7F, 0x5D, 0xAE, 0xD3, 0x91, 0xA1, 0xEA, 0xBA, 0xE7, 0xA8,
    0xE1, 0x10, 0x81, 0x47, 0xCE, 0x4A, 0x6B, 0xAF, 0xC6, 0xB8, 0x0C, 0x54, 0x95, 0xD6, 0x09, 0x5C,
    0x39, 0x12, 0xD9, 0x22, 0xAD, 0x43, 0xCD, 0xFA, 0x92, 0x26, 0xCE, 0x74, 0xEA, 0xA3, 0x31, 0x29,
    0x2E, 0xA8, 0x9B, 0xDD, 0x02, 0xF6, 0x61, 0xC5, 0x7C, 0x89, 0xD8, 0xC7, 0xAC, 0x94, 0x0A, 0xF6,
    0xAC, 0x4E, 0x18, 0xEC, 0xE5, 0xDA, 0x35, 0xD6, 0x87, 0xCF, 0x7A, 0x7B, 0xB0, 0x5F, 0x70, 0x81,
    0xA7, 0xD7, 0x46, 0xA3, 0x71, 0x1B, 0xA2, 0x22, 0xF6, 0x33, 0x19, 0x9D, 0x39, 0x95, 0xC2, 0xE6,
    0xC4, 0xEE, 0x18, 0xFF, 0xDE, 0x6D, 0xF3, 0xE0, 0x1D, 0x97, 0x07, 0x7B, 0x76, 0xEB, 0x89, 0x0A,
    0x4A, 0x67, 0x73, 0x3E, 0xF5, 0xCA, 0x99, 0xA7, 0x94, 0xFA, 0xF5, 0x33, 0x4F, 0xFF, 0xB3, 0x76,
    0x9F, 0xE9, 0x9C, 0x1A, 0x35, 0xFC, 0xF3, 0x1C, 0x14, 0xB3, 0xFB, 0x3C, 0x62, 0x82, 0xEE, 0x45,
    0xFE, 0x7A, 0x11, 0xB8, 0xC7, 0xDF, 0xC5, 0xB5, 0x81, 0xD4, 0x09, 0xB4, 0xA5, 0x8A, 0xA8, 0xA5,
    0x02, 0x47, 0x65, 0x2D, 0x25, 0x41, 0xD6, 0xE4, 0xF7, 0x25, 0xB0, 0x00, 0xCB, 0xD2, 0xB4, 0xC3,
    0x8D, 0x85, 0xBA, 0x49, 0x5B, 0x69, 0xEF, 0xB9, 0xD8, 0x47, 0x35, 0xCB, 0xB2, 0x56, 0xE0, 0xCE,
    0x42, 0xB4, 0xCE, 0x90, 0x03, 0xFA, 0x15, 0xA2, 0x2F, 0x16, 0xF4, 0x79, 0x4C, 0x82, 0xD5, 0x33,
    0x6D, 0x45, 0x0C, 0xD4, 0xEE, 0x68, 0xBE, 0xCB, 0x3D, 0x3B, 0x9F, 0xA3, 0x31, 0x47, 0xC8, 0xA0,
    0x36, 0xBD, 0x1A, 0xC9, 0x39, 0xBA, 0x44, 0xFC, 0xE4, 0xBB, 0xE0, 0x75, 0x8F, 0x91, 0x8D, 0x2F,
    0xD0, 0xE6, 0x48, 0xB4, 0xAE, 0x61, 0x73, 0x5C, 0x16, 0x5F, 0xF7, 0xEE, 0x32, 0xE3, 0xCA, 0xAB,
    0x6C, 0xCE, 0x12, 0x66, 0x5C, 0x12, 0xAB, 0x82, 0xC5, 0x79, 0x5A, 0x64, 0xFC, 0xCF, 0x70, 0xF3,
    0x0F, 0xC4, 0xE6, 0xB0, 0x3C, 0x11, 0x09, 0xC5, 0x53, 0xB1, 0xA0, 0x79, 0xA3, 0x36, 0x67, 0x5F,
    0x6B, 0x73, 0x56, 0x8D, 0xDC, 0x4B, 0x04, 0x6C, 0xEC, 0xA5, 0x44, 0xA0, 0x26, 0xE2, 0x59, 0xA8,
    0x8D, 0xDC, 0x8B, 0x56, 0x88, 0xDC, 0xC7, 0xFA, 0xA5, 0xF7, 0x43, 0xC4, 0x33, 0xB7, 0xF7, 0x74,
    0x7F, 0x3B, 0xCA, 0x46, 0x9B, 0xBE, 0xA9, 0xFF, 0xD8, 0x4A, 0x76, 0xBA, 0x97, 0xB2, 0x15, 0x6F,
    0x1B, 0x6D, 0xF6, 0xD4, 0x9B, 0xB3, 0xF7, 0xA1, 0x48, 0x22, 0xB1, 0x97, 0x24, 0xA7, 0xC5, 0x5E,
    0xB5, 0xD8, 0xBF, 0xFF, 0xA3, 0xCD, 0xEB, 0xF9, 0xDA, 0xAE, 0x96, 0x58, 0x1E, 0xD8, 0x5B, 0xEA,
    0xA6, 0x55, 0x9F, 0x37, 0x8E, 0x7D, 0x2C, 0x39, 0x2C, 0xB1, 0x37, 0xD4, 0xFF, 0x1B, 0xEC, 0x3D,
    0xCE, 0x1C, 0x8F, 0x81, 0x7D, 0xFC, 0x32, 0x95, 0x7A, 0x94, 0xD7, 0xBD, 0xC3, 0x66, 0xBE, 0xE2,
    0x2A, 0x9B, 0xD3, 0xE1, 0x49, 0x27, 0x6B, 0x6F, 0xBE, 0x78, 0x58, 0xB1, 0x2F, 0x7F, 0x32, 0x51,
    0xDE, 0x1F, 0x0A, 0xC5, 0x6C, 0xCC, 0xD8, 0x1C, 0x9E, 0x9F, 0xBF, 0x71, 0x9B, 0xE3, 0xE2, 0x1C,
    0xE6, 0xB0, 0x82, 0x7D, 0x48, 0xA3, 0x2C, 0xD8, 0x77, 0x4F, 0x22, 0xE0, 0x14, 0xEC, 0xEF, 0x51,
    0x5E, 0xFE, 0x76, 0x60, 0xEF, 0xB1, 0x46, 0x91, 0x9B, 0xEE, 0x02, 0xF7, 0x6D, 0x74, 0xC9, 0xDD,
    0x91, 0xB4, 0xB3, 0xA4, 0x7D, 0x37, 0xF3, 0xF6, 0xAA, 0x7B, 0x9A, 0x39, 0x2E, 0xC5, 0x0A, 0x82,
    0xD2, 0x84, 0x8C, 0x3B, 0x4A, 0xCE, 0xFC, 0x05, 0xFB, 0x28, 0xF3, 0x4B, 0x8B, 0xBD, 0x52, 0x55,
    0x8B, 0x7D, 0x65, 0xB0, 0xEF, 0x5A, 0xCA, 0xAB, 0xBB, 0xB6, 0x5B, 0x42, 0xD5, 0x83, 0xDC, 0xD6,
    0x1C, 0x86, 0xCF, 0x36, 0x66, 0x4B, 0xC0, 0xDE, 0xD5, 0x69, 0xD3, 0xFA, 0xE0, 0xA9, 0x5B, 0x94,
    0xFB, 0x11, 0xF3, 0x85, 0x31, 0xB3, 0x2C, 0xCD, 0x92, 0xDD, 0x94, 0xD8, 0xE7, 0x0B, 0xC8, 0x17,
    0xEE, 0xBC, 0x85, 0x18, 0x73, 0x2E, 0xF7, 0x1E, 0xE2, 0x27, 0x83, 0x7D, 0xCC, 0x68, 0x44, 0xB0,
    0xEF, 0x66, 0xF0, 0xAA, 0x82, 0xFD, 0x3E, 0xA5, 0xB2, 0xF7, 0x8C, 0xDC, 0x7B, 0x82, 0x7D, 0x2C,
    0x91, 0x0F, 0x6D, 0xCE, 0x71, 0x49, 0xD0, 0x20, 0xF7, 0xE6, 0x6C, 0x62, 0x94, 0xD5, 0xBD, 0xD8,
    0x1E, 0x5E, 0x0C, 0x87, 0xFB, 0x6C, 0x37, 0x40, 0xEF, 0x96, 0x2D, 0x8D, 0x57, 0xC6, 0x2A, 0xB4,
    0xD1, 0x3F, 0x62, 0xD1, 0x9F, 0x4D, 0x28, 0xF7, 0x9D, 0x46, 0xA2, 0xFF, 0x37, 0x12, 0xDF, 0x5F,
    0xCF, 0xE6, 0xC4, 0x6D, 0x8C, 0x19, 0x91, 0x7A, 0xB7, 0x6C, 0x8E, 0xBA, 0x0E, 0xF6, 0xCC, 0x70,
    0xFD, 0xC2, 0x61, 0xDF, 0xB1, 0x9D, 0x3E, 0x61, 0x31, 0x71, 0xD8, 0x3F, 0x58, 0x39, 0x9B, 0x63,
    0xEA, 0x89, 0x27, 0x89, 0xBD, 0x54, 0x71, 0x2A, 0xDA, 0x7B, 0x5B, 0xC5, 0x31, 0x67, 0xC5, 0xAC,
    0xE2, 0x98, 0xB3, 0xE2, 0x68, 0x17, 0x3A, 0xD6, 0x56, 0x71, 0xFA, 0xFF, 0x77, 0x15, 0xC7, 0x52,
    0xA3, 0x4C, 0x28, 0x3F, 0xF3, 0x90, 0x07, 0x48, 0x57, 0x49, 0x13, 0xE8, 0x6A, 0x1F, 0xB1, 0xF7,
    0xFA, 0x08, 0x46, 0x4D, 0x51, 0x3B, 0x05, 0xD5, 0x08, 0xF6, 0x3C, 0xF9, 0x1A, 0x27, 0x8E, 0x9A,
    0x08, 0xF6, 0x29, 0xD4, 0x65, 0x2C, 0xD8, 0xAF, 0xFA, 0x2C, 0x32, 0xF3, 0xA9, 0x3B, 0xBC, 0x97,
    0x12, 0x16, 0x36, 0x21, 0x1B, 0x60, 0x4E, 0xF0, 0x19, 0x62, 0xA8, 0x92, 0xBC, 0x3D, 0x6F, 0x6C,
    0x5C, 0x8B, 0x93, 0xA0, 0x66, 0xCF, 0x5A, 0x5A, 0x24, 0xE7, 0xF5, 0x83, 0x3D, 0x55, 0xFE, 0xDB,
    0x2C, 0xF7, 0x52, 0x11, 0xCE, 0x29, 0xF7, 0x9A, 0x67, 0x3C, 0xD8, 0x4F, 0x7C, 0xBF, 0x60, 0xBF,
    0x7A, 0x73, 0x5F, 0x6B, 0xEE, 0xBD, 0xDA, 0xD7, 0x8E, 0xA3, 0x22, 0xCE, 0x77, 0x88, 0xEE, 0x1D,
    0x1E, 0x94, 0xE7, 0x8E, 0x37, 0x56, 0xD9, 0x09, 0x2B, 0x57, 0xD9, 0x09, 0x27, 0x6D, 0x65, 0x27,
    0x6D, 0xE5, 0x7E, 0xE2, 0xE4, 0x5E, 0x22, 0x54, 0x23, 0xF7, 0x69, 0x2B, 0xF7, 0x2B, 0xAD, 0xAF,
    0xED, 0x3B, 0x5F, 0x1B, 0xB6, 0xB9, 0xD5, 0x42, 0x7E, 0x5B, 0x72, 0xAB, 0xD7, 0x61, 0x1F, 0xB7,
    0x77, 0x8C, 0xDC, 0x2C, 0x41, 0x3B, 0xB3, 0xC9, 0x26, 0xF8, 0xB4, 0xCD, 0xD7, 0x63, 0x6F, 0x3B,
    0x3E, 0xC0, 0xFE, 0xE0, 0x46, 0xBE, 0x36, 0xD0, 0xB0, 0x39, 0xE2, 0x33, 0x92, 0xFB, 0x69, 0x73,
    0xB8, 0xB9, 0x75, 0xFC, 0x57, 0xF7, 0xD5, 0x48, 0xA9, 0xC7, 0xFA, 0x77, 0xA9, 0xE1, 0x36, 0xFB,
    0x73, 0xB6, 0xF4, 0x21, 0xD5, 0x6B, 0xD4, 0xC2, 0x44, 0xA8, 0x7E, 0xCD, 0x5E, 0xB8, 0xC7, 0x8E,
    0xDF, 0x05, 0x74, 0xA3, 0x6A, 0x9F, 0xDC, 0x91, 0xD6, 0xFB, 0xCD, 0x2C, 0x96, 0x0B, 0xAC, 0xC8,
    0x5D, 0xDF, 0xD7, 0xFA, 0xA7, 0xF9, 0xF7, 0x51, 0x60, 0x0F, 0x99, 0xFB, 0xD2, 0x23, 0xB0, 0xDF,
    0xB0, 0x75, 0x26, 0xB9, 0x7B, 0xBC, 0x5E, 0x0B, 0xF5, 0x73, 0x67, 0xBF, 0xD6, 0xD5, 0x0F, 0x94,
    0x31, 0x94, 0x24, 0x00, 0xDF, 0x83, 0x22, 0x7A, 0x5C, 0x28, 0x48, 0x4E, 0x50, 0x0E, 0x48, 0x35,
    0x1D, 0xB6, 0xA9, 0x91, 0x2A, 0xC1, 0x88, 0x7E, 0x40, 0x8A, 0xB9, 0x55, 0x47, 0x81, 0x4A, 0x89,
    0x46, 0x54, 0xD6, 0x9E, 0x4A, 0x99, 0x5B, 0x79, 0x13, 0x2C, 0xE2, 0xE3, 0x82, 0x7D, 0xD7, 0xD4,
    0x3C, 0xB8, 0xFB, 0x99, 0x4D, 0xB7, 0xD8, 0xDF, 0x37, 0xB2, 0xD8, 0x7B, 0xED, 0xA9, 0xEF, 0x3B,
    0xCD, 0x05, 0xD1, 0x80, 0xD5, 0x3D, 0x1A, 0x20, 0xFA, 0xB1, 0x42, 0x2E, 0xD8, 0x73, 0x12, 0x70,
    0x21, 0x61, 0x9C, 0x53, 0x92, 0x0B, 0x4C, 0x3D, 0x71, 0x1D, 0xD6, 0x47, 0x0D, 0xCA, 0xA4, 0x11,
    0x69, 0x5F, 0x9A, 0x65, 0x0B, 0x48, 0x12, 0x61, 0xEF, 0xB5, 0x39, 0x9C, 0x62, 0xDD, 0xC7, 0xCC,
    0x72, 0x7D, 0x2E, 0x78, 0x4F, 0xF1, 0xEF, 0x6F, 0x82, 0x0B, 0xA1, 0xDE, 0xFD, 0xD2, 0x23, 0x23,
    0x9D, 0xB5, 0x5C, 0xC8, 0x2D, 0x17, 0x3A, 0x2D, 0x17, 0x3A, 0x2D, 0x17, 0x3A, 0x53, 0x9E, 0xF4,
    0x8E, 0x48, 0xD1, 0x46, 0x09, 0x17, 0x3A, 0x2D, 0x17, 0x3A, 0x99, 0xE3, 0xC2, 0x4A, 0xD8, 0x72,
    0xA1, 0xE3, 0xB8, 0xB0, 0x39, 0xE7, 0x42, 0xE5, 0xB8, 0x30, 0x6B, 0xB9, 0x60, 0xC1, 0xF1, 0x46,
    0x57, 0xD4, 0xCF, 0x71, 0xCC, 0x7F, 0xBD, 0xFA, 0xDA, 0x9C, 0x5A, 0x95, 0xF0, 0x94, 0x54, 0x87,
    0x95, 0x1D, 0xA1, 0x78, 0x8C, 0x6F, 0x4E, 0xE3, 0x7D, 0x9D, 0xC5, 0xA6, 0xA1, 0x10, 0xCA, 0x91,
    0x4C, 0x25, 0xEE, 0x44, 0xA2, 0x16, 0x99, 0xDE, 0x4B, 0x40, 0xC1, 0xBE, 0x3A, 0xDA, 0xA1, 0x6D,
    0x96, 0x1A, 0x6E, 0xEC, 0x7F, 0x47, 0x8D, 0xB5, 0x43, 0x11, 0xCD, 0xBE, 0xD8, 0xA1, 0x41, 0xBE,
    0x64, 0x63, 0x9F, 0x6D, 0x4C, 0xF1, 0x8E, 0xF9, 0xDF, 0x71, 0xCF, 0x61, 0xAF, 0x1B, 0xFB, 0xB4,
    0xC1, 0x41, 0x76, 0x96, 0x70, 0x05, 0x5A, 0x49, 0xA3, 0x1E, 0xB0, 0x7F, 0xD1, 0x1C, 0x17, 0x01,
    0xFB, 0x0B, 0xC5, 0xA2, 0xC5, 0xFE, 0x21, 0x73, 0x0D, 0xD8, 0xC7, 0x66, 0x1C, 0xB0, 0x5F, 0x3C,
    0xF8, 0x44, 0x6E, 0xB1, 0x1F, 0x35, 0x0E, 0xFB, 0x7A, 0xFB, 0xD6, 0xB0, 0x5F, 0x36, 0x47, 0x4A,
    0xAC, 0x6D, 0x82, 0xD7, 0x83, 0xC2, 0x76, 0x42, 0x04, 0xA6, 0xFF, 0x01, 0x88, 0xB7, 0xD8, 0x67,
    0xF1, 0xEB, 0xB0, 0x9F, 0xEE, 0xC5, 0xBE, 0x7A, 0x4F, 0x60, 0x7F, 0x8B, 0x72, 0x5F, 0x9B, 0xCA,
    0x09, 0xE5, 0x9E, 0x61, 0xA4, 0xA9, 0x2B, 0x73, 0x60, 0x54, 0x03, 0x7B, 0xCF, 0x9C, 0xE1, 0x02,
    0x7B, 0x63, 0x9C, 0xD6, 0xE8, 0x03, 0x32, 0x73, 0xDA, 0xBE, 0xA7, 0xCE, 0xB0, 0xDD, 0xD6, 0x19,
    0x9A, 0x37, 0x51, 0x67, 0x38, 0xDC, 0x5A, 0x9F, 0xA4, 0xCD, 0xB7, 0xCC, 0x09, 0x1B, 0xB1, 0x7F,
    0xD6, 0xE8, 0x23, 0x78, 0x7E, 0xD9, 0x66, 0x1D, 0xCB, 0x7E, 0xF9, 0x1A, 0x4F, 0xB0, 0x80, 0x7D,
    0x50, 0x0C, 0x18, 0xE4, 0x00, 0xFB, 0x27, 0xF3, 0x4D, 0x3E, 0x06, 0xD8, 0xFF, 0x90, 0x4D, 0xAB,
    0x47, 0x89, 0xBD, 0x56, 0x8B, 0x6D, 0xBE, 0x15, 0xDB, 0xA8, 0xCF, 0x84, 0xD2, 0xEC, 0x46, 0x88,
    0x45, 0x24, 0x06, 0x72, 0x78, 0xD1, 0xB7, 0xA8, 0x79, 0xBA, 0x45, 0xF2, 0xDE, 0xAB, 0xB0, 0xCF,
    0x9C, 0xF5, 0x71, 0x7D, 0x4D, 0xD2, 0xE1, 0x62, 0xBB, 0xB3, 0xF0, 0xED, 0x31, 0x23, 0x8F, 0x54,
    0x6B, 0x4F, 0x2B, 0x77, 0x4A, 0xC9, 0xBE, 0x5B, 0x65, 0x31, 0x96, 0x12, 0x7D, 0x5C, 0x34, 0x94,
    0x94, 0x73, 0x22, 0xED, 0xEC, 0x56, 0x62, 0x4B, 0x19, 0xA2, 0x05, 0x78, 0x88, 0x89, 0xB8, 0x09,
    0xC8, 0x64, 0xE5, 0x57, 0x2C, 0x76, 0xF2, 0x40, 0x71, 0x2B, 0x60, 0x2D, 0xB7, 0x75, 0x0C, 0xAA,
    0x51, 0xAE, 0x6F, 0x95, 0xF7, 0xCC, 0x7B, 0x12, 0x5A, 0x72, 0x03, 0x3B, 0x5E, 0xCC, 0xB6, 0x82,
    0xFC, 0x73, 0xD2, 0x2E, 0x1C, 0xEB, 0x86, 0x75, 0xE5, 0x84, 0x87, 0x81, 0x58, 0x2C, 0xCC, 0x6A,
    0xAC, 0xDA, 0x8A, 0xE5, 0x8D, 0xC8, 0x23, 0x82, 0x18, 0x84, 0x21, 0x56, 0xC9, 0x98, 0xE7, 0x00,
    0xD1, 0x14, 0x96, 0x38, 0xD1, 0x33, 0x9E, 0x86, 0x5C, 0x82, 0x63, 0x87, 0x07, 0xAD, 0x0F, 0xBE,
    0x14, 0x9C, 0x9F, 0xC4, 0xF0, 0xEB, 0x7E, 0xA9, 0xF5, 0xF9, 0x0A, 0xEB, 0x5A, 0x57, 0xC1, 0xC5,
    0x26, 0x6C, 0x6A, 0x39, 0x42, 0x0E, 0x9F, 0xC8, 0xD4, 0x63, 0x88, 0x88, 0xE1, 0xF0, 0x44, 0x79,
    0xFB, 0x58, 0x43, 0xCF, 0x98, 0x56, 0xEC, 0xA1, 0xD8, 0x32, 0x5B, 0xE2, 0xCE, 0xF6, 0x90, 0xFD,
    0xC3, 0x86, 0x3C, 0x12, 0xE6, 0x1D, 0x7D, 0x89, 0xB7, 0x9D, 0x40, 0xDA, 0x10, 0xFD, 0x17, 0x65,
    0x5A, 0x0D, 0xFE, 0x47, 0xFA, 0xB1, 0x00, 0xF5, 0xD2, 0xD8, 0x35, 0x90, 0xB6, 0x1D, 0x0E, 0x88,
    0x53, 0x5F, 0x70, 0xC7, 0x4F, 0x23, 0x7D, 0x6A, 0xCE, 0x20, 0x53, 0x8E, 0x6C, 0xF9, 0xD3, 0x6D,
    0xD9, 0xD3, 0x72, 0xC7, 0x9C, 0x2B, 0x93, 0x39, 0x26, 0x8B, 0xE2, 0x11, 0xF3, 0xE6, 0xB5, 0xD5,
    0x92, 0xA8, 0x00, 0x17, 0x86, 0x04, 0x27, 0x28, 0x91, 0x2F, 0xD7, 0xBC, 0xCD, 0x83, 0x7E, 0xC8,
    0xF3, 0x75, 0xDE, 0xD8, 0x73, 0xE0, 0xA5, 0xA2, 0x3F, 0x67, 0x8A, 0xEB, 0x31, 0x55, 0xAB, 0x2D,
    0xB6, 0xCB, 0xE9, 0x3E, 0x87, 0x72, 0xBA, 0xC2, 0x07, 0x75, 0x48, 0x0D, 0xD8, 0x57, 0x0E, 0xF7,
    0x16, 0xA7, 0xFA, 0x01, 0x2C, 0x58, 0x83, 0xDA, 0xFC, 0xDE, 0x79, 0x56, 0x9F, 0x41, 0x75, 0xCF,
    0xD7, 0x5A, 0xDA, 0xC0, 0xE3, 0x8E, 0x1A, 0xDE, 0x23, 0xAD, 0xE3, 0xCB, 0x6B, 0xCA, 0xFA, 0x9E,
    0xD5, 0xD4, 0xF1, 0x2D, 0xED, 0x39, 0x19, 0xE8, 0x6F, 0x39, 0xAA, 0xD9, 0x52, 0x91, 0xF5, 0x55,
    0xBC, 0xD6, 0x99, 0x52, 0x63, 0xC0, 0x13, 0x8F, 0x75, 0xCF, 0xA8, 0x48, 0xD5, 0x72, 0x58, 0x05,
    0xAC, 0x85, 0x76, 0x32, 0x76, 0x01, 0x6E, 0x63, 0x41, 0x11, 0x8F, 0x1E, 0xD4, 0x1D, 0x44, 0xE3,
    0xCC, 0xB8, 0x95, 0xDF, 0x41, 0xEE, 0x50, 0x8B, 0xE6, 0x92, 0x3E, 0x72, 0xE8, 0x12, 0xFC, 0x53,
    0x6F, 0xDD, 0x32, 0x49, 0xA3, 0x80, 0x58, 0xA6, 0x65, 0x0A, 0xB9, 0x78, 0xE4, 0x1D, 0x2A, 0x01,
    0x2D, 0x13, 0x35, 0xE8, 0x9C, 0xB1, 0x4D, 0xEC, 0x91, 0x6F, 0x3D, 0xB2, 0x77, 0xAD, 0x47, 0x8E,
    0x64, 0xF3, 0xF4, 0xC8, 0xA6, 0xCD, 0x81, 0x5E, 0x61, 0x4D, 0xE4, 0x0E, 0x5E, 0xE1, 0x97, 0x61,
    0xA3, 0x66, 0x52, 0x7D, 0xEE, 0xD2, 0x03, 0x94, 0xB7, 0x50, 0x85, 0x5B, 0x90, 0x6D, 0x30, 0x2E,
    0xDA, 0xCC, 0x96, 0x4A, 0xB1, 0x4C, 0x9E, 0x74, 0x33, 0xD0, 0x32, 0x31, 0x31, 0x3C, 0x32, 0xAF,
    0xC2, 0x89, 0x57, 0x90, 0x9E, 0x92, 0x9C, 0x5E, 0xA1, 0x23, 0xF5, 0x38, 0x7A, 0x85, 0x6E, 0xDB,
    0x67, 0x62, 0x28, 0xCA, 0x55, 0x47, 0x67, 0x4B, 0xBA, 0xA0, 0x65, 0xE2, 0x2B, 0x11, 0x83, 0xF7,
    0x6C, 0x05, 0x94, 0x0E, 0xE2, 0x9C, 0x60, 0x0F, 0x07, 0xE9, 0x99, 0xEE, 0x43, 0x39, 0x5D, 0x95,
    0x1E, 0x9F, 0x70, 0xEA, 0xAA, 0xCF, 0x74, 0x9F, 0xC6, 0x17, 0xA8, 0xAD, 0x1B, 0x57, 0x9A, 0xF7,
    0x52, 0x82, 0x5F, 0x45, 0xEC, 0xED, 0x31, 0x2B, 0x62, 0xD2, 0x1F, 0x07, 0xF8, 0x6C, 0xB0, 0xC7,
    0xE7, 0x02, 0xA9, 0x58, 0x7A, 0x7C, 0xE4, 0x03, 0xEC, 0x7D, 0xB9, 0xB6, 0x48, 0xEC, 0x65, 0x5C,
    0x4A, 0xEC, 0xA5, 0xDB, 0xA7, 0x21, 0xF6, 0x0B, 0x67, 0xF0, 0xC9, 0xDE, 0xC5, 0x0A, 0x68, 0x30,
    0xAF, 0x46, 0x14, 0xAE, 0x91, 0x77, 0x73, 0x5E, 0x8D, 0x98, 0xE7, 0x03, 0x3C, 0x3A, 0xF1, 0xE9,
    0xCE, 0x8A, 0xA9, 0xBC, 0x4C, 0xD1, 0x56, 0x23, 0x06, 0x8C, 0x86, 0x8C, 0x49, 0xBB, 0x50, 0x6E,
    0x1C, 0x31, 0x8F, 0x7C, 0x0E, 0xD8, 0xDB, 0x1A, 0x67, 0xDD, 0xF7, 0x78, 0x1C, 0x8D, 0x25, 0x34,
    0xDB, 0xC1, 0x4F, 0x10, 0x2F, 0x8E, 0x07, 0x6A, 0xBB, 0xF1, 0xFE, 0xEA, 0x25, 0x48, 0xEC, 0x17,
    0x98, 0x0F, 0xFC, 0x2E, 0xD3, 0xB7, 0xCF, 0x13, 0x5D, 0xA1, 0x7A, 0xA4, 0x9E, 0x21, 0xB5, 0x6E,
    0xA8, 0xFD, 0x99, 0xA5, 0x5E, 0xD4, 0xB3, 0xDE, 0x3A, 0xB1, 0x7F, 0x46, 0xFF, 0xE7, 0xD9, 0xF1,
    0xBA, 0xEA, 0x6D, 0xAB, 0x67, 0xE0, 0xC3, 0x41, 0x41, 0xEE, 0x79, 0x07, 0xBE, 0xAD, 0x2D, 0x95,
    0xAA, 0x7A, 0x4D, 0x5D, 0x66, 0xFF, 0x4D, 0xCA, 0x37, 0xB9, 0x0C, 0x85, 0x7C, 0x20, 0x37, 0x14,
    0xAB, 0x56, 0x86, 0x4A, 0x20, 0x27, 0x97, 0x67, 0x59, 0x34, 0xE6, 0xF9, 0xD9, 0xCE, 0x65, 0xB9,
    0x97, 0xF9, 0x00, 0xA9, 0x75, 0x51, 0xC9, 0xE7, 0x00, 0xC4, 0x76, 0x47, 0x7A, 0x81, 0xA6, 0xE4,
    0x4B, 0x9F, 0x80, 0x24, 0xB9, 0x78, 0x47, 0xD8, 0x85, 0xE0, 0x95, 0xB3, 0xA2, 0x7E, 0x31, 0x5B,
    0x9E, 0x66, 0xCC, 0x08, 0x58, 0x2B, 0x54, 0xB6, 0xCC, 0xF8, 0x2E, 0x69, 0x80, 0x89, 0x81, 0x6C,
    0x4D, 0xC8, 0xD7, 0x37, 0x7C, 0x7F, 0xE0, 0xD6, 0xCE, 0x5A, 0x6E, 0x74, 0x06, 0x20, 0x19, 0x11,
    0xEB, 0x71, 0x81, 0x6C, 0x8D, 0x75, 0x89, 0x58, 0x0C, 0x30, 0x63, 0xD2, 0x6E, 0x7B, 0xE6, 0xDB,
    0x6D, 0xCF, 0x7C, 0xE7, 0xDD, 0x3E, 0x72, 0x4D, 0x62, 0x52, 0x9E, 0x54, 0x1B, 0xAF, 0x26, 0x55,
    0x6A, 0xA3, 0x01, 0x1F, 0xFE, 0xE4, 0x6D, 0xD0, 0x00, 0x75, 0xAC, 0x4D, 0x8E, 0x23, 0x51, 0x5B,
    0xE3, 0x23, 0x5E, 0x3C, 0xF4, 0x03, 0xC3, 0x9B, 0x70, 0xF2, 0xE5, 0x43, 0x17, 0xBB, 0xA6, 0xBA,
    0xFC, 0x47, 0x20, 0x3F, 0x66, 0x6A, 0x97, 0x87, 0x40, 0x1E, 0x95, 0x14, 0xF6, 0xC7, 0x42, 0xFE,
    0x10, 0xCF, 0x8B, 0x2E, 0x08, 0x79, 0x91, 0xAD, 0x0D, 0x86, 0xBC, 0xC0, 0xDC, 0xD0, 0x92, 0x78,
    0x4A, 0xDF, 0x92, 0x80, 0x60, 0x72, 0xE1, 0x2E, 0x90, 0xF7, 0x5D, 0xD8, 0x24, 0xA9, 0xFF, 0xF5,
    0xD0, 0x45, 0x7D, 0xA1, 0xC3, 0x57, 0xD3, 0xFE, 0x05, 0xC1, 0xE7, 0x97, 0xD9, 0xB7, 0x5F, 0x6C,
    0xC2, 0x56, 0xAF, 0xA9, 0x1D, 0x08, 0x21, 0x1C, 0x9E, 0xFC, 0xC7, 0x2A, 0xF7, 0x36, 0xD2, 0xDE,
    0x75, 0xB5, 0x16, 0x00, 0x9E, 0xA1, 0x90, 0xCB, 0x20, 0xF3, 0x6D, 0x19, 0xC0, 0xAB, 0x88, 0x60,
    0x7A, 0x70, 0xAD, 0x29, 0x07, 0x6C, 0xC2, 0xF5, 0xCB, 0x3B, 0x36, 0xE1, 0x6E, 0x0C, 0xF8, 0x02,
    0x5D, 0x9F, 0x2D, 0xBA, 0x9D, 0x6F, 0x73, 0xD5, 0xA3, 0x27, 0x26, 0xE3, 0x13, 0x87, 0x6B, 0x69,
    0xE0, 0x8E, 0x3F, 0x3F, 0xF9, 0x9B, 0x43, 0xDB, 0x62, 0xE4, 0xD6, 0xEE, 0xFB, 0xEF, 0x67, 0x0F,
    0xA7, 0xA6, 0xC2, 0xF1, 0x3B, 0xFF, 0xFE, 0xF5, 0x4F, 0x20, 0x6A, 0xC0, 0x8D, 0xCD, 0x5F, 0xFE,
    0xDB, 0xEF, 0x5D, 0x7C, 0xA8, 0x08, 0xE1, 0x13, 0xCA, 0xEF, 0xFD, 0xC5, 0xFA, 0xF3, 0x45, 0x13,
    0xE9, 0x32, 0x79, 0xF0, 0x3B, 0x69, 0xFA, 0x4C, 0x81, 0xCC, 0xBA, 0xDA, 0x09, 0x7E, 0x25, 0x5D,
    0x3B, 0xAA, 0xE2, 0x48, 0x43, 0x0B, 0x0E, 0x0D, 0xE1, 0xBD, 0x82, 0x8B, 0xFA, 0x7B, 0x0C, 0x09,
    0xF9, 0xC2, 0xDF, 0x05, 0xFD, 0x9D, 0xCC, 0xBE, 0x6D, 0x57, 0xCD, 0x62, 0x79, 0xE3, 0xAE, 0x61,
    0x19, 0x3E, 0x96, 0x20, 0x62, 0xD3, 0x92, 0x8C, 0xDB, 0xCA, 0x40, 0xBF, 0x8A, 0x67, 0x54, 0x54,
    0x8E, 0xD1, 0x59, 0xFD, 0xB3, 0x99, 0xB8, 0x69, 0x2A, 0x95, 0xB4, 0x57, 0xBE, 0x35, 0x45, 0x59,
    0x62, 0x4D, 0xE1, 0x8B, 0x54, 0x14, 0x79, 0x81, 0x6C, 0x0C, 0x45, 0x79, 0xDE, 0x98, 0x26, 0x28,
    0xCA, 0x79, 0x73, 0x0A, 0x7B, 0x43, 0x57, 0x21, 0xB5, 0x23, 0xCF, 0xBC, 0x68, 0xA3, 0x8C, 0xA2,
    0x58, 0x95, 0x31, 0x8A, 0x42, 0xA7, 0x61, 0xDB, 0xE2, 0x6C, 0xDA, 0x60, 0x5C, 0x4A, 0x6A, 0xDE,
    0x3B, 0x3A, 0x77, 0x4B, 0x8A, 0xC2, 0x08, 0xDC, 0x14, 0xAE, 0x7F, 0xB2, 0x6D, 0x15, 0xC5, 0x2F,
    0x56, 0x6C, 0x01, 0x2F, 0xC8, 0x0F, 0xDB, 0x02, 0x9E, 0xA8, 0x91, 0x28, 0x8A, 0x50, 0xA2, 0x28,
    0x42, 0x99, 0xC6, 0x14, 0x52, 0xA2, 0x28, 0x42, 0x89, 0xA2, 0x04, 0x3C, 0x3E, 0x12, 0x45, 0x61,
    0x21, 0xC8, 0x2A, 0xCA, 0xA0, 0x72, 0x8A, 0xE2, 0xBD, 0x83, 0x6E, 0x9A, 0x87, 0x1B, 0x23, 0x62,
    0x5F, 0xED, 0x62, 0x8F, 0xDF, 0xDC, 0xBE, 0xB9, 0x91, 0xA2, 0xAD, 0x4C, 0x1A, 0x60, 0x1F, 0xFE,
    0x13, 0xEE, 0xF8, 0xC6, 0x6F, 0x03, 0xFB, 0x45, 0xC4, 0x2E, 0x5E, 0x19, 0x66, 0xC3, 0xE1, 0x0A,
    0x7B, 0xAB, 0x73, 0xBF, 0xE8, 0xD5, 0xF7, 0x25, 0x0F, 0xAA, 0x20, 0x2C, 0x8B, 0xB4, 0x3E, 0xDA,
    0xBD, 0xA0, 0x82, 0xB8, 0x06, 0x75, 0x5F, 0x4B, 0xAD, 0x27, 0x18, 0xF7, 0xE4, 0xB7, 0x41, 0x1D,
    0xC6, 0xBD, 0x7E, 0x11, 0xE4, 0x69, 0x1D, 0x41, 0x6B, 0x54, 0x93, 0xF0, 0x55, 0x51, 0xF6, 0x3F,
    0x41, 0xCC, 0xAE, 0x3A, 0x34, 0xF0, 0xF9, 0xF7, 0x6E, 0x62, 0xFF, 0xFD, 0xC7, 0xB0, 0x8D, 0x8F,
    0x01, 0x7B, 0xEF, 0x1F, 0x30, 0xEE, 0xD0, 0xAB, 0xC0, 0xFE, 0x81, 0xCF, 0x60, 0x73, 0x07, 0xFE,
    0xFE, 0xDA, 0x83, 0x4A, 0xBA, 0x30, 0xE3, 0xA6, 0x49, 0xDD, 0xDE, 0xB6, 0x38, 0xE4, 0xAD, 0xB9,
    0x29, 0x6B, 0x4B, 0xA2, 0x2A, 0xA5, 0x6E, 0x63, 0xF6, 0xED, 0x4B, 0x1F, 0x95, 0xE9, 0x2C, 0x8D,
    0x4E, 0x27, 0x99, 0x79, 0xDA, 0xC2, 0xF8, 0x44, 0x26, 0x67, 0x2E, 0x2F, 0x78, 0x55, 0xA7, 0x96,
    0x26, 0xD5, 0x01, 0x14, 0xF2, 0x93, 0xE2, 0x20, 0x8E, 0x27, 0x27, 0x95, 0xBC, 0x1C, 0xE7, 0xD7,
    0x4B, 0x75, 0x24, 0xED, 0x61, 0xB2, 0x38, 0xC1, 0x9E, 0xC5, 0xF4, 0x37, 0x52, 0x30, 0xCA, 0xF7,
    0xAB, 0xFD, 0xEA, 0x0E, 0xB8, 0x69, 0xAF, 0xE9, 0x28, 0x5B, 0xC2, 0x1E, 0x4C, 0xE4, 0x4D, 0x1A,
    0x50, 0x7C, 0x23, 0xFB, 0x17, 0xD4, 0x9B, 0x6D, 0xC8, 0xDA, 0xDF, 0x1E, 0xD8, 0x30, 0xC2, 0xB7,
    0x72, 0x3F, 0xB1, 0x72, 0x2F, 0xC7, 0x34, 0xD7, 0x1C, 0xD8, 0xC4, 0xED, 0x81, 0x8D, 0x97, 0x7D,
    0xE0, 0xE7, 0xE5, 0x90, 0x98, 0x2D, 0x9D, 0x5F, 0x35, 0x07, 0x36, 0x94, 0x8E, 0x8A, 0x72, 0x4F,
    0xBE, 0x2D, 0x30, 0x44, 0xCA, 0x64, 0xAA, 0x95, 0x1B, 0x15, 0xEB, 0xF2, 0x30, 0x8B, 0xB2, 0x03,
    0xC0, 0xDE, 0x6B, 0x98, 0x3F, 0xF4, 0x89, 0xFD, 0x89, 0xBE, 0xF2, 0x7E, 0xDA, 0x88, 0xCD, 0x69,
    0x5C, 0x49, 0x88, 0x5D, 0x37, 0x23, 0x53, 0xBE, 0x18, 0xA9, 0xF0, 0x67, 0x72, 0x6D, 0x33, 0x2A,
    0x92, 0x2F, 0x4A, 0xE1, 0x7A, 0xDB, 0xCB, 0x0F, 0xB0, 0xDB, 0xBF, 0x86, 0x50, 0x8B, 0x64, 0x5F,
    0x83, 0xFD, 0xA0, 0x72, 0x36, 0x47, 0x36, 0x49, 0xEC, 0xA5, 0x10, 0x24, 0xD8, 0x4B, 0xC3, 0x89,
    0x60, 0x9F, 0xB4, 0x0D, 0x59, 0x42, 0x39, 0xEC, 0x0B, 0x67, 0x73, 0x5A, 0xE7, 0x7C, 0xEF, 0xA9,
    0xF7, 0x6E, 0x73, 0x04, 0x93, 0xB6, 0xAE, 0x0B, 0x8C, 0x90, 0x25, 0xDB, 0xC0, 0x88, 0x69, 0xAD,
    0xB1, 0xF7, 0xA4, 0x4C, 0x60, 0xC4, 0xA2, 0xB9, 0x0D, 0x8C, 0x56, 0x6F, 0x63, 0x73, 0x84, 0x79,
    0x25, 0xDF, 0x05, 0x46, 0xB5, 0x60, 0xEF, 0xCF, 0xD8, 0x9A, 0x45, 0xEC, 0x79, 0xC4, 0xBD, 0xF8,
    0x3E, 0x6D, 0x4C, 0x79, 0xF7, 0xB1, 0xE7, 0x5A, 0x3B, 0x82, 0xBD, 0xA7, 0xB3, 0xD0, 0xB6, 0xA0,
    0x77, 0xDA, 0xA0, 0x54, 0xCA, 0xF8, 0xEF, 0x27, 0xEC, 0x17, 0xE0, 0x09, 0x3E, 0x24, 0xD8, 0x0F,
    0x98, 0xF4, 0xF2, 0x90, 0xD8, 0x93, 0x36, 0xCF, 0x09, 0xB0, 0x0F, 0xBE, 0xAB, 0x8B, 0x65, 0xFD,
    0x23, 0x60, 0x1F, 0x7E, 0xE2, 0x4A, 0x99, 0x8E, 0xFE, 0x18, 0xD8, 0x47, 0xFE, 0xC9, 0x6A, 0xFD,
    0xDE, 0x88, 0x47, 0x64, 0x88, 0xDE, 0xD6, 0x11, 0xBE, 0x81, 0xCA, 0xBC, 0x2A, 0x15, 0x8A, 0x51,
    0xEA, 0x1A, 0x22, 0xD7, 0x14, 0xDE, 0x20, 0xC9, 0x9C, 0x37, 0x98, 0x9A, 0x36, 0xA2, 0xA1, 0x3C,
    0xED, 0xD1, 0xEC, 0x2D, 0x1F, 0xD0, 0x07, 0xAD, 0xBD, 0x0F, 0x6E, 0xE7, 0x01, 0xFD, 0xFF, 0x02,
};

static const EpdGlyph lexenddeca_18_regularGlyphs[] = {
    { 0, 0, 0, 0, 0, 0, 0 }, // U+0000
    { 0, 0, 0, 0, 0, 0, 0 }, // U+0001
    { 0, 0, 0, 0, 0, 0, 0 }, // U+0002
    { 0, 0, 0, 0, 0, 0, 0 }, // U+0003
    { 0, 0, 0, 0, 0, 0, 0 }, // U+0004
    { 0, 0, 0, 0, 0, 0, 0 }, // U+0005
    { 0, 0, 0, 0, 0, 0, 0 }, // U+0006
    { 0, 0, 0, 0, 0, 0, 0 }, // U+0007
    { 0, 0, 0, 0, 0, 0, 0 }, // U+0008
    { 0, 0, 0, 0, 0, 0, 0 }, // U+0009
    { 0, 0, 0, 0, 0, 0, 0 }, // U+000A
    { 0, 0, 0, 0, 0, 0, 0 }, // U+000B
    { 0, 0, 0, 0, 0, 0, 0 }, // U+000C
    { 0, 0, 0, 0, 0, 0, 0 }, // U+000D
    { 0, 0, 0, 0, 0, 0, 0 }, // U+000E
    { 0, 0, 0, 0, 0, 0, 0 }, // U+000F
    { 0, 0, 0, 0, 0, 0, 0 }, // U+0010
    { 0, 0, 0, 0, 0, 0, 0 }, // U+0011
    { 0, 0, 0, 0, 0, 0, 0 }, // U+0012
    { 0, 0, 0, 0, 0, 0, 0 }, // U+0013
    { 0, 0, 0, 0, 0, 0, 0 }, // U+0014
    { 0, 0, 0, 0, 0, 0, 0 }, // U+0015
    { 0, 0, 0, 0, 0, 0, 0 }, // U+0016
    { 0, 0, 0, 0, 0, 0, 0 }, // U+0017
    { 0, 0, 0, 0, 0, 0, 0 }, // U+0018
    { 0, 0, 0, 0, 0, 0, 0 }, // U+0019
    { 0, 0, 0, 0, 0, 0, 0 }, // U+001A
    { 0, 0, 0, 0, 0, 0, 0 }, // U+001B
    { 0, 0, 0, 0, 0, 0, 0 }, // U+001C
    { 0, 0, 0, 0, 0, 0, 0 }, // U+001D
    { 0, 0, 0, 0, 0, 0, 0 }, // U+001E
    { 0, 0, 0, 0, 0, 0, 0 }, // U+001F
    { 0, 0, 168, 0, 0, 0, 0 }, // U+0020
    { 5, 25, 169, 3, 25, 32, 0 }, // !
    { 8, 8, 181, 2, 25, 16, 32 }, // "
    { 23, 25, 393, 1, 25, 144, 48 }, // #
    { 20, 32, 356, 1, 29, 160, 192 }, // $
    { 33, 25, 556, 1, 25, 207, 352 }, // %
    { 25, 25, 423, 1, 25, 157, 559 }, // &
    { 3, 8, 96, 2, 25, 6, 716 }, // '
    { 9, 31, 180, 2, 25, 70, 722 }, // (
    { 9, 31, 180, 1, 25, 70, 792 }, // )
    { 12, 11, 260, 2, 25, 33, 862 }, // *
    { 19, 19, 361, 2, 19, 91, 895 }, // +
    { 5, 9, 123, 1, 4, 12, 986 }, // ,
    { 11, 3, 221, 1, 11, 9, 998 }, // -
    { 5, 5, 123, 1, 5, 7, 1007 }, // .
    { 14, 25, 226, 0, 25, 88, 1014 }, // /
    { 20, 25, 389, 2, 25, 125, 1102 }, // 0
    { 11, 25, 241, 1, 25, 69, 1227 }, // 1
    { 18, 25, 329, 1, 25, 113, 1296 }, // 2
    { 18, 25, 344, 1, 25, 113, 1409 }, // 3
    { 20, 25, 368, 1, 25, 125, 1522 }, // 4
    { 19, 25, 350, 1, 25, 119, 1647 }, // 5
    { 18, 25, 359, 2, 25, 113, 1766 }, // 6
    { 17, 25, 306, 1, 25, 107, 1879 }, // 7
    { 19, 25, 369, 2, 25, 119, 1986 }, // 8
    { 18, 25, 359, 2, 25, 113, 2105 }, // 9
    { 5, 19, 123, 1, 19, 24, 2218 }, // :
    { 5, 24, 123, 1, 19, 30, 2242 }, // ;
    { 18, 19, 332, 1, 19, 86, 2272 }, // <
    { 19, 10, 361, 2, 15, 48, 2358 }, // =
    { 18, 19, 332, 1, 19, 86, 2406 }, // >
    { 17, 25, 312, 1, 25, 107, 2492 }, // ?
    { 26, 25, 468, 2, 25, 163, 2599 }, // @
    { 24, 25, 376, 0, 25, 150, 2762 }, // A
    { 19, 25, 371, 3, 25, 119, 2912 }, // B
    { 22, 25, 394, 2, 25, 138, 3031 }, // C
    { 21, 25, 404, 3, 25, 132, 3169 }, // D
    { 17, 25, 340, 3, 25, 107, 3301 }, // E
    { 17, 25, 329, 3, 25, 107, 3408 }, // F
    { 23, 25, 426, 2, 25, 144, 3515 }, // G
    { 20, 25, 414, 3, 25, 125, 3659 }, // H
    { 11, 25, 248, 2, 25, 69, 3784 }, // I
    { 16, 25, 306, 1, 25, 100, 3853 }, // J
    { 21, 25, 376, 3, 25, 132, 3953 }, // K
    { 17, 25, 323, 3, 25, 107, 4085 }, // L
    { 25, 25, 492, 3, 25, 157, 4192 }, // M
    { 20, 25, 413, 3, 25, 125, 4349 }, // N
    { 24, 25, 436, 2, 25, 150, 4474 }, // O
    { 18, 25, 361, 3, 25, 113, 4624 }, // P
    { 27, 27, 452, 2, 25, 183, 4737 }, // Q
    { 20, 25, 371, 3, 25, 125, 4920 }, // R
    { 20, 25, 358, 1, 25, 125, 5045 }, // S
    { 20, 25, 335, 1, 25, 125, 5170 }, // T
    { 20, 25, 414, 3, 25, 125, 5295 }, // U
    { 22, 25, 353, 0, 25, 138, 5420 }, // V
    { 32, 25, 504, 0, 25, 200, 5558 }, // W
    { 23, 25, 374, 0, 25, 144, 5758 }, // X
    { 23, 25, 357, -1, 25, 144, 5902 }, // Y
    { 19, 25, 364, 2, 25, 119, 6046 }, // Z
    { 8, 31, 189, 3, 25, 62, 6165 }, // [
    { 14, 25, 226, 0, 25, 88, 6227 }, // <backslash>
    { 9, 31, 189, 1, 25, 70, 6315 }, // ]
    { 18, 14, 331, 1, 26, 63, 6385 }, // ^
    { 14, 3, 238, 1, 0, 11, 6448 }, // _
    { 7, 5, 161, 2, 27, 9, 6459 }, // `
    { 17, 19, 316, 1, 19, 81, 6468 }, // a
    { 17, 25, 340, 3, 25, 107, 6549 }, // b
    { 17, 19, 300, 1, 19, 81, 6656 }, // c
    { 19, 25, 338, 1, 25, 119, 6737 }, // d
    { 18, 19, 323, 1, 19, 86, 6856 }, // e
    { 10, 27, 187, 1, 27, 68, 6942 }, // f
    { 17, 27, 336, 1, 19, 115, 7010 }, // g
    { 16, 25, 328, 3, 25, 100, 7125 }, // h
    { 7, 27, 167, 2, 27, 48, 7225 }, // i
    { 10, 33, 152, -2, 27, 83, 7273 }, // j
    { 16, 25, 294, 3, 25, 100, 7356 }, // k
    { 6, 25, 143, 3, 25, 38, 7456 }, // l
    { 27, 19, 505, 3, 19, 129, 7494 }, // m
    { 16, 19, 328, 3, 19, 76, 7623 }, // n
    { 18, 19, 331, 1, 19, 86, 7699 }, // o
    { 17, 25, 340, 3, 19, 107, 7785 }, // p
    { 22, 25, 346, 1, 19, 138, 7892 }, // q
    { 10, 19, 204, 3, 19, 48, 8030 }, // r
    { 16, 19, 283, 1, 19, 76, 8078 }, // s
    { 10, 24, 194, 1, 24, 60, 8154 }, // t
    { 15, 19, 322, 3, 19, 72, 8214 }, // u
    { 17, 19, 265, 0, 19, 81, 8286 }, // v
    { 25, 19, 392, 0, 19, 119, 8367 }, // w
    { 18, 19, 277, 0, 19, 86, 8486 }, // x
    { 17, 25, 257, -1, 19, 107, 8572 }, // y
    { 15, 19, 276, 1, 19, 72, 8679 }, // z
    { 10, 31, 191, 1, 25, 78, 8751 }, // {
    { 4, 31, 140, 3, 25, 31, 8829 }, // |
    { 10, 31, 191, 1, 25, 78, 8860 }, // }
    { 19, 5, 333, 1, 12, 24, 8938 }, // ~
    { 0, 0, 0, 0, 0, 0, 8962 }, // U+007F
    { 0, 0, 0, 0, 0, 0, 0 }, // U+0080
    { 0, 0, 0, 0, 0, 0, 0 }, // U+0081
    { 0, 0, 0, 0, 0, 0, 0 }, // U+0082
    { 0, 0, 0, 0, 0, 0, 0 }, // U+0083
    { 0, 0, 0, 0, 0, 0, 0 }, // U+0084
    { 0, 0, 0, 0, 0, 0, 0 }, // U+0085
    { 0, 0, 0, 0, 0, 0, 0 }, // U+0086
    { 0, 0, 0, 0, 0, 0, 0 }, // U+0087
    { 0, 0, 0, 0, 0, 0, 0 }, // U+0088
    { 0, 0, 0, 0, 0, 0, 0 }, // U+0089
    { 0, 0, 0, 0, 0, 0, 0 }, // U+008A
    { 0, 0, 0, 0, 0, 0, 0 }, // U+008B
    { 0, 0, 0, 0, 0, 0, 0 }, // U+008C
    { 0, 0, 0, 0, 0, 0, 0 }, // U+008D
    { 0, 0, 0, 0, 0, 0, 0 }, // U+008E
    { 0, 0, 0, 0, 0, 0, 0 }, // U+008F
    { 0, 0, 0, 0, 0, 0, 0 }, // U+0090
    { 0, 0, 0, 0, 0, 0, 0 }, // U+0091
    { 0, 0, 0, 0, 0, 0, 0 }, // U+0092
    { 0, 0, 0, 0, 0, 0, 0 }, // U+0093
    { 0, 0, 0, 0, 0, 0, 0 }, // U+0094
    { 0, 0, 0, 0, 0, 0, 0 }, // U+0095
    { 0, 0, 0, 0, 0, 0, 0 }, // U+0096
    { 0, 0, 0, 0, 0, 0, 0 }, // U+0097
    { 0, 0, 0, 0, 0, 0, 0 }, // U+0098
    { 0, 0, 0, 0, 0, 0, 0 }, // U+0099
    { 0, 0, 0, 0, 0, 0, 0 }, // U+009A
    { 0, 0, 0, 0, 0, 0, 0 }, // U+009B
    { 0, 0, 0, 0, 0, 0, 0 }, // U+009C
    { 0, 0, 0, 0, 0, 0, 0 }, // U+009D
    { 0, 0, 0, 0, 0, 0, 0 }, // U+009E
    { 0, 0, 0, 0, 0, 0, 0 }, // U+009F
    { 0, 0, 168, 0, 0, 0, 0 }, // U+00A0
    { 5, 26, 169, 3, 20, 33, 0 }, // U+00A1
    { 16, 25, 300, 1, 22, 100, 33 }, // U+00A2
    { 18, 25, 352, 3, 25, 113, 133 }, // U+00A3
    { 18, 18, 348, 2, 21, 81, 246 }, // U+00A4
    { 23, 25, 357, 0, 25, 144, 327 }, // U+00A5
    { 4, 31, 140, 3, 25, 31, 471 }, // U+00A6
    { 18, 31, 318, 1, 25, 140, 502 }, // U+00A7
    { 12, 4, 255, 2, 26, 12, 642 }, // U+00A8
    { 26, 26, 479, 2, 26, 169, 654 }, // U+00A9
    { 10, 11, 223, 2, 26, 28, 823 }, // U+00AA
    { 19, 16, 337, 1, 18, 76, 851 }, // U+00AB
    { 20, 12, 361, 1, 15, 60, 927 }, // U+00AC
    { 0, 0, 0, 0, 0, 0, 987 }, // U+00AD
    { 26, 26, 479, 2, 26, 169, 987 }, // U+00AE
    { 10, 3, 229, 2, 26, 8, 1156 }, // U+00AF
    { 11, 11, 211, 1, 26, 31, 1164 }, // U+00B0
    { 18, 19, 347, 2, 19, 86, 1195 }, // U+00B1
    { 11, 14, 229, 2, 29, 39, 1281 }, // U+00B2
    { 11, 14, 230, 2, 29, 39, 1320 }, // U+00B3
    { 7, 5, 161, 1, 27, 9, 1359 }, // U+00B4
    { 18, 25, 333, 3, 19, 113, 1368 }, // U+00B5
    { 17, 31, 305, 1, 25, 132, 1481 }, // U+00B6
    { 5, 5, 141, 2, 12, 7, 1613 }, // U+00B7
    { 8, 9, 175, 2, 2, 18, 1620 }, // U+00B8
    { 6, 14, 154, 2, 29, 21, 1638 }, // U+00B9
    { 11, 12, 229, 2, 27, 33, 1659 }, // U+00BA
    { 19, 16, 337, 1, 18, 76, 1692 }, // U+00BB
    { 27, 25, 496, 2, 25, 169, 1768 }, // U+00BC
    { 26, 25, 487, 2, 25, 163, 1937 }, // U+00BD
    { 29, 26, 521, 2, 26, 189, 2100 }, // U+00BE
    { 17, 26, 312, 2, 20, 111, 2289 }, // U+00BF
    { 24, 33, 376, 0, 33, 198, 2400 }, // U+00C0
    { 24, 33, 376, 0, 33, 198, 2598 }, // U+00C1
    { 24, 33, 376, 0, 33, 198, 2796 }, // U+00C2
    { 24, 32, 376, 0, 32, 192, 2994 }, // U+00C3
    { 24, 33, 376, 0, 33, 198, 3186 }, // U+00C4
    { 24, 32, 376, 0, 32, 192, 3384 }, // U+00C5
    { 36, 25, 599, 0, 25, 225, 3576 }, // U+00C6
    { 22, 32, 394, 2, 25, 176, 3801 }, // U+00C7
    { 17, 33, 340, 3, 33, 141, 3977 }, // U+00C8
    { 17, 33, 340, 3, 33, 141, 4118 }, // U+00C9
    { 17, 33, 340, 3, 33, 141, 4259 }, // U+00CA
    { 17, 33, 340, 3, 33, 141, 4400 }, // U+00CB
    { 11, 33, 248, 2, 33, 91, 4541 }, // U+00CC
    { 11, 33, 248, 2, 33, 91, 4632 }, // U+00CD
    { 13, 33, 248, 1, 33, 108, 4723 }, // U+00CE
    { 12, 33, 248, 2, 33, 99, 4831 }, // U+00CF
    { 24, 25, 427, 1, 25, 150, 4930 }, // U+00D0
    { 20, 32, 413, 3, 32, 160, 5080 }, // U+00D1
    { 24, 34, 436, 2, 34, 204, 5240 }, // U+00D2
    { 24, 34, 436, 2, 34, 204, 5444 }, // U+00D3
    { 24, 33, 436, 2, 33, 198, 5648 }, // U+00D4
    { 24, 33, 436, 2, 33, 198, 5846 }, // U+00D5
    { 24, 33, 436, 2, 33, 198, 6044 }, // U+00D6
    { 17, 17, 317, 1, 18, 73, 6242 }, // U+00D7
    { 24, 25, 436, 2, 25, 150, 6315 }, // U+00D8
    { 20, 34, 414, 3, 34, 170, 6465 }, // U+00D9
    { 20, 34, 414, 3, 34, 170, 6635 }, // U+00DA
    { 20, 33, 414, 3, 33, 165, 6805 }, // U+00DB
    { 20, 33, 414, 3, 33, 165, 6970 }, // U+00DC
    { 23, 33, 357, -1, 33, 190, 7135 }, // U+00DD
    { 17, 25, 346, 3, 25, 107, 7325 }, // U+00DE
    { 18, 25, 358, 3, 25, 113, 7432 }, // U+00DF
    { 17, 27, 316, 1, 27, 115, 7545 }, // U+00E0
    { 17, 27, 316, 1, 27, 115, 7660 }, // U+00E1
    { 17, 27, 316, 1, 27, 115, 7775 }, // U+00E2
    { 17, 25, 316, 1, 25, 107, 7890 }, // U+00E3
    { 17, 27, 316, 1, 27, 115, 7997 }, // U+00E4
    { 17, 30, 316, 1, 30, 128, 8112 }, // U+00E5
    { 31, 19, 524, 1, 19, 148, 8240 }, // U+00E6
    { 16, 26, 300, 1, 19, 104, 8388 }, // U+00E7
    { 18, 27, 323, 1, 27, 122, 8492 }, // U+00E8
    { 18, 27, 323, 1, 27, 122, 8614 }, // U+00E9
    { 18, 27, 323, 1, 27, 122, 8736 }, // U+00EA
    { 18, 27, 323, 1, 27, 122, 8858 }, // U+00EB
    { 8, 27, 164, 0, 27, 54, 8980 }, // U+00EC
    { 8, 27, 164, 1, 27, 54, 9034 }, // U+00ED
    { 14, 26, 164, -2, 26, 91, 9088 }, // U+00EE
    { 12, 26, 164, -1, 26, 78, 9179 }, // U+00EF
    { 18, 26, 340, 1, 26, 117, 9257 }, // U+00F0
    { 16, 25, 328, 3, 25, 100, 9374 }, // U+00F1
    { 18, 27, 331, 1, 27, 122, 9474 }, // U+00F2
    { 18, 27, 331, 1, 27, 122, 9596 }, // U+00F3
    { 18, 27, 331, 1, 27, 122, 9718 }, // U+00F4
    { 18, 25, 331, 1, 25, 113, 9840 }, // U+00F5
    { 18, 27, 331, 1, 27, 122, 9953 }, // U+00F6
    { 19, 18, 361, 2, 19, 86, 10075 }, // U+00F7
    { 18, 20, 331, 1, 20, 90, 10161 }, // U+00F8
    { 15, 27, 322, 3, 27, 102, 10251 }, // U+00F9
    { 15, 27, 322, 3, 27, 102, 10353 }, // U+00FA
    { 15, 27, 322, 3, 27, 102, 10455 }, // U+00FB
    { 15, 27, 322, 3, 27, 102, 10557 }, // U+00FC
    { 17, 33, 257, -1, 27, 141, 10659 }, // U+00FD
    { 17, 31, 340, 3, 25, 132, 10800 }, // U+00FE
    { 17, 32, 257, -1, 26, 136, 10932 }, // U+00FF
    { 24, 32, 376, 0, 32, 192, 0 }, // U+0100
    { 17, 25, 316, 1, 25, 107, 192 }, // U+0101
    { 24, 33, 376, 0, 33, 198, 299 }, // U+0102
    { 17, 27, 316, 1, 27, 115, 497 }, // U+0103
    { 24, 31, 376, 0, 25, 186, 612 }, // U+0104
    { 17, 25, 316, 1, 19, 107, 798 }, // U+0105
    { 22, 34, 394, 2, 34, 187, 905 }, // U+0106
    { 16, 27, 300, 1, 27, 108, 1092 }, // U+0107
    { 22, 33, 394, 2, 33, 182, 1200 }, // U+0108
    { 17, 27, 300, 1, 27, 115, 1382 }, // U+0109
    { 21, 33, 394, 2, 33, 174, 1497 }, // U+010A
    { 17, 27, 300, 1, 27, 115, 1671 }, // U+010B
    { 22, 33, 394, 2, 33, 182, 1786 }, // U+010C
    { 17, 27, 300, 1, 27, 115, 1968 }, // U+010D
    { 21, 33, 404, 3, 33, 174, 2083 }, // U+010E
    { 23, 25, 344, 1, 25, 144, 2257 }, // U+010F
    { 24, 25, 427, 1, 25, 150, 2401 }, // U+0110
    { 20, 25, 362, 1, 25, 125, 2551 }, // U+0111
    { 17, 32, 340, 3, 32, 136, 2676 }, // U+0112
    { 18, 25, 323, 1, 25, 113, 2812 }, // U+0113
    { 17, 33, 340, 3, 33, 141, 2925 }, // U+0114
    { 18, 27, 323, 1, 27, 122, 3066 }, // U+0115
    { 17, 33, 340, 3, 33, 141, 3188 }, // U+0116
    { 18, 27, 323, 1, 27, 122, 3329 }, // U+0117
    { 17, 31, 340, 3, 25, 132, 3451 }, // U+0118
    { 18, 25, 323, 1, 19, 113, 3583 }, // U+0119
    { 17, 33, 340, 3, 33, 141, 3696 }, // U+011A
    { 18, 27, 323, 1, 27, 122, 3837 }, // U+011B
    { 23, 33, 426, 2, 33, 190, 3959 }, // U+011C
    { 17, 34, 336, 1, 26, 145, 4149 }, // U+011D
    { 23, 33, 426, 2, 33, 190, 4294 }, // U+011E
    { 17, 34, 336, 1, 26, 145, 4484 }, // U+011F
    { 23, 33, 426, 2, 33, 190, 4629 }, // U+0120
    { 17, 34, 336, 1, 26, 145, 4819 }, // U+0121
    { 23, 35, 426, 2, 25, 202, 4964 }, // U+0122
    { 17, 37, 336, 1, 29, 158, 5166 }, // U+0123
    { 20, 33, 414, 3, 33, 165, 5324 }, // U+0124
    { 21, 33, 328, -2, 33, 174, 5489 }, // U+0125
    { 26, 25, 426, 1, 25, 163, 5663 }, // U+0126
    { 19, 25, 349, 1, 25, 119, 5826 }, // U+0127
    { 13, 32, 248, 1, 32, 104, 5945 }, // U+0128
    { 13, 25, 164, -2, 25, 82, 6049 }, // U+0129
    { 10, 32, 248, 3, 32, 80, 6131 }, // U+012A
    { 10, 25, 164, 0, 25, 63, 6211 }, // U+012B
    { 13, 33, 248, 1, 33, 108, 6274 }, // U+012C
    { 12, 26, 164, -1, 26, 78, 6382 }, // U+012D
    { 11, 31, 248, 2, 25, 86, 6460 }, // U+012E
    { 7, 34, 167, 2, 28, 60, 6546 }, // U+012F
    { 11, 33, 248, 2, 33, 91, 6606 }, // U+0130
    { 7, 19, 164, 1, 19, 34, 6697 }, // U+0131
    { 30, 25, 554, 2, 25, 188, 6731 }, // U+0132
    { 16, 33, 319, 2, 27, 132, 6919 }, // U+0133
    { 20, 33, 306, 1, 33, 165, 7051 }, // U+0134
    { 14, 32, 152, -3, 26, 112, 7216 }, // U+0135
    { 20, 35, 376, 3, 25, 175, 7328 }, // U+0136
    { 16, 35, 294, 3, 25, 140, 7503 }, // U+0137
    { 16, 19, 294, 3, 19, 76, 7643 }, // U+0138
    { 17, 33, 323, 3, 33, 141, 7719 }, // U+0139
    { 6, 33, 143, 3, 33, 50, 7860 }, // U+013A
    { 17, 35, 323, 3, 25, 149, 7910 }, // U+013B
    { 7, 35, 143, 2, 25, 62, 8059 }, // U+013C
    { 17, 25, 323, 3, 25, 107, 8121 }, // U+013D
    { 9, 25, 143, 3, 25, 57, 8228 }, // U+013E
    { 17, 25, 323, 3, 25, 107, 8285 }, // U+013F
    { 11, 25, 222, 3, 25, 69, 8392 }, // U+0140
    { 21, 25, 344, 0, 25, 132, 8461 }, // U+0141
    { 8, 25, 142, 1, 25, 50, 8593 }, // U+0142
    { 20, 33, 413, 3, 33, 165, 8643 }, // U+0143
    { 16, 27, 328, 3, 27, 108, 8808 }, // U+0144
    { 20, 35, 413, 3, 25, 175, 8916 }, // U+0145
    { 16, 29, 328, 3, 19, 116, 9091 }, // U+0146
    { 20, 33, 413, 3, 33, 165, 9207 }, // U+0147
    { 16, 26, 328, 3, 26, 104, 9372 }, // U+0148
    { 22, 25, 424, 2, 25, 138, 9476 }, // U+0149
    { 20, 31, 413, 3, 25, 155, 9614 }, // U+014A
    { 16, 25, 328, 3, 19, 100, 9769 }, // U+014B
    { 24, 32, 436, 2, 32, 192, 9869 }, // U+014C
    { 18, 25, 331, 1, 25, 113, 10061 }, // U+014D
    { 24, 33, 436, 2, 33, 198, 10174 }, // U+014E
    { 18, 27, 331, 1, 27, 122, 10372 }, // U+014F
    { 24, 34, 436, 2, 34, 204, 10494 }, // U+0150
    { 18, 27, 331, 1, 27, 122, 10698 }, // U+0151
    { 36, 25, 631, 2, 25, 225, 10820 }, // U+0152
    { 33, 19, 556, 1, 19, 157, 11045 }, // U+0153
    { 20, 33, 371, 3, 33, 165, 11202 }, // U+0154
    { 10, 27, 204, 3, 27, 68, 11367 }, // U+0155
    { 20, 35, 371, 3, 25, 175, 11435 }, // U+0156
    { 12, 29, 204, 1, 19, 87, 11610 }, // U+0157
    { 20, 33, 371, 3, 33, 165, 11697 }, // U+0158
    { 13, 26, 204, 1, 26, 85, 11862 }, // U+0159
    { 20, 34, 358, 1, 34, 170, 11947 }, // U+015A
    { 16, 27, 283, 1, 27, 108, 12117 }, // U+015B
    { 20, 33, 358, 1, 33, 165, 12225 }, // U+015C
    { 16, 27, 283, 1, 27, 108, 12390 }, // U+015D
    { 20, 32, 358, 1, 25, 160, 12498 }, // U+015E
    { 16, 26, 283, 1, 19, 104, 12658 }, // U+015F
    { 20, 33, 358, 1, 33, 165, 12762 }, // U+0160
    { 16, 27, 283, 1, 27, 108, 12927 }, // U+0161
    { 20, 32, 335, 1, 25, 160, 13035 }, // U+0162
    { 10, 31, 194, 1, 24, 78, 13195 }, // U+0163
    { 20, 33, 335, 1, 33, 165, 13273 }, // U+0164
    { 12, 28, 194, 1, 28, 84, 13438 }, // U+0165
    { 20, 25, 335, 1, 25, 125, 13522 }, // U+0166
    { 10, 24, 194, 1, 24, 60, 13647 }, // U+0167
    { 20, 33, 414, 3, 33, 165, 13707 }, // U+0168
    { 15, 25, 322, 3, 25, 94, 13872 }, // U+0169
    { 20, 32, 414, 3, 32, 160, 13966 }, // U+016A
    { 15, 25, 322, 3, 25, 94, 14126 }, // U+016B
    { 20, 33, 414, 3, 33, 165, 14220 }, // U+016C
    { 15, 27, 322, 3, 27, 102, 14385 }, // U+016D
    { 20, 37, 414, 3, 37, 185, 14487 }, // U+016E
    { 15, 30, 322, 3, 30, 113, 14672 }, // U+016F
    { 20, 34, 414, 3, 34, 170, 14785 }, // U+0170
    { 15, 27, 322, 3, 27, 102, 14955 }, // U+0171
    { 20, 31, 414, 3, 25, 155, 15057 }, // U+0172
    { 15, 25, 322, 3, 19, 94, 15212 }, // U+0173
    { 32, 33, 504, 0, 33, 264, 15306 }, // U+0174
    { 25, 26, 392, 0, 26, 163, 15570 }, // U+0175
    { 23, 33, 357, -1, 33, 190, 15733 }, // U+0176
    { 17, 33, 257, -1, 27, 141, 15923 }, // U+0177
    { 22, 33, 357, 0, 33, 182, 16064 }, // U+0178
    { 19, 33, 364, 2, 33, 157, 16246 }, // U+0179
    { 15, 27, 276, 1, 27, 102, 16403 }, // U+017A
    { 19, 33, 364, 2, 33, 157, 16505 }, // U+017B
    { 15, 26, 276, 1, 26, 98, 16662 }, // U+017C
    { 19, 33, 364, 2, 33, 157, 16760 }, // U+017D
    { 15, 26, 276, 1, 26, 98, 16917 }, // U+017E
    { 10, 27, 187, 1, 27, 68, 17015 }, // U+017F
    { 26, 30, 436, 2, 30, 195, 0 }, // U+01A0
    { 21, 23, 342, 1, 23, 121, 195 }, // U+01A1
    { 25, 30, 426, 3, 30, 188, 316 }, // U+01AF
    { 20, 23, 338, 3, 23, 115, 504 }, // U+01B0
    { 43, 33, 768, 3, 33, 355, 619 }, // U+01C4
    { 39, 26, 680, 3, 26, 254, 974 }, // U+01C5
    { 36, 27, 614, 1, 27, 243, 1228 }, // U+01C6
    { 34, 25, 629, 3, 25, 213, 1471 }, // U+01C7
    { 25, 33, 476, 3, 27, 207, 1684 }, // U+01C8
    { 14, 33, 296, 3, 27, 116, 1891 }, // U+01C9
    { 39, 25, 719, 3, 25, 244, 2007 }, // U+01CA
    { 30, 33, 566, 3, 27, 248, 2251 }, // U+01CB
    { 25, 33, 480, 3, 27, 207, 2499 }, // U+01CC
    { 24, 33, 376, 0, 33, 198, 2706 }, // U+01CD
    { 17, 27, 316, 1, 27, 115, 2904 }, // U+01CE
    { 20, 33, 414, 3, 33, 165, 3019 }, // U+01D3
    { 15, 27, 322, 3, 27, 102, 3184 }, // U+01D4
    { 23, 33, 426, 2, 33, 190, 3286 }, // U+01E6
    { 17, 34, 336, 1, 26, 145, 3476 }, // U+01E7
    { 24, 31, 436, 2, 25, 186, 3621 }, // U+01EA
    { 18, 25, 331, 1, 19, 113, 3807 }, // U+01EB
    { 43, 25, 768, 3, 25, 269, 3920 }, // U+01F1
    { 39, 25, 680, 3, 25, 244, 4189 }, // U+01F2
    { 36, 25, 614, 1, 25, 225, 4433 }, // U+01F3
    { 24, 38, 376, 0, 38, 228, 4658 }, // U+01FA
    { 17, 38, 316, 1, 38, 162, 4886 }, // U+01FB
    { 36, 33, 599, 0, 33, 297, 5048 }, // U+01FC
    { 31, 27, 524, 1, 27, 210, 5345 }, // U+01FD
    { 24, 34, 436, 2, 34, 204, 5555 }, // U+01FE
    { 18, 27, 331, 1, 27, 122, 5759 }, // U+01FF
    { 20, 35, 358, 1, 25, 175, 5881 }, // U+0218
    { 16, 29, 283, 1, 19, 116, 6056 }, // U+0219
    { 20, 35, 335, 1, 25, 175, 6172 }, // U+021A
    { 10, 34, 194, 1, 24, 85, 6347 }, // U+021B
    { 20, 33, 414, 3, 33, 165, 6432 }, // U+021E
    { 21, 33, 328, -2, 33, 174, 6597 }, // U+021F
    { 7, 5, 97, 0, 27, 9, 0 }, // U+0300
    { 7, 5, 97, -1, 27, 9, 9 }, // U+0301
    { 13, 5, 194, 0, 27, 17, 18 }, // U+0302
    { 13, 4, 197, -1, 26, 13, 35 }, // U+0303
    { 10, 3, 166, 0, 26, 8, 48 }, // U+0304
    { 12, 5, 176, 0, 26, 15, 56 }, // U+0306
    { 4, 4, 65, 0, 26, 4, 71 }, // U+0307
    { 12, 4, 191, 0, 26, 12, 75 }, // U+0308
    { 7, 8, 94, 0, 29, 14, 87 }, // U+0309
    { 9, 9, 131, 0, 30, 21, 101 }, // U+030A
    { 13, 5, 185, -1, 27, 17, 122 }, // U+030B
    { 13, 5, 194, 0, 26, 17, 139 }, // U+030C
    { 12, 7, 194, 0, 23, 21, 156 }, // U+031B
    { 5, 5, 123, 1, -3, 7, 177 }, // U+0323
    { 7, 9, 0, 0, -1, 16, 184 }, // U+0326
    { 8, 9, 0, 0, 2, 18, 200 }, // U+0327
    { 6, 7, 94, 0, 0, 11, 218 }, // U+0328
    { 0, 0, 0, 0, 0, 0, 229 }, // U+034F
    { 18, 25, 298, 0, 25, 113, 0 }, // U+03BB
    { 26, 27, 404, 0, 27, 176, 0 }, // U+0410
    { 21, 26, 348, 0, 26, 137, 176 }, // U+0411
    { 21, 26, 363, 1, 26, 137, 313 }, // U+0412
    { 19, 26, 317, 1, 26, 124, 450 }, // U+0413
    { 26, 34, 425, 0, 26, 221, 574 }, // U+0414
    { 25, 26, 427, 1, 26, 163, 795 }, // U+0418
    { 27, 27, 433, 0, 26, 183, 958 }, // U+041B
    { 27, 26, 446, 1, 26, 176, 1141 }, // U+041D
    { 26, 27, 439, 1, 26, 176, 1317 }, // U+041E
    { 26, 26, 436, 1, 26, 169, 1493 }, // U+041F
    { 21, 26, 345, 0, 26, 137, 1662 }, // U+0420
    { 22, 27, 376, 1, 26, 149, 1799 }, // U+0421
    { 23, 26, 359, 0, 26, 150, 1948 }, // U+0422
    { 27, 27, 417, 0, 26, 183, 2098 }, // U+0423
    { 24, 26, 380, 0, 26, 156, 2281 }, // U+0425
    { 23, 26, 394, 1, 26, 150, 2437 }, // U+0427
    { 31, 26, 501, 0, 26, 202, 2587 }, // U+042B
    { 21, 26, 349, 0, 26, 137, 2789 }, // U+042C
    { 36, 27, 586, 0, 26, 243, 2926 }, // U+042E
    { 24, 26, 388, 0, 26, 156, 3169 }, // U+042F
    { 18, 20, 307, 1, 19, 90, 3325 }, // U+0430
    { 18, 28, 321, 1, 27, 126, 3415 }, // U+0431
    { 17, 19, 301, 1, 19, 81, 3541 }, // U+0432
    { 21, 24, 344, 0, 18, 126, 3622 }, // U+0434
    { 17, 20, 294, 1, 19, 85, 3748 }, // U+0435
    { 15, 20, 266, 1, 19, 75, 3833 }, // U+0437
    { 19, 19, 318, 1, 19, 91, 3908 }, // U+043A
    { 21, 19, 358, 1, 19, 100, 3999 }, // U+043D
    { 19, 20, 326, 1, 19, 95, 4099 }, // U+043E
    { 20, 27, 335, 0, 19, 135, 4194 }, // U+0440
    { 17, 18, 294, 1, 18, 77, 4329 }, // U+0442
    { 20, 25, 339, 1, 19, 125, 4406 }, // U+0446
    { 17, 19, 287, 0, 19, 81, 4531 }, // U+044C
    { 27, 20, 444, 0, 19, 135, 4612 }, // U+044E
    { 23, 33, 376, 0, 25, 190, 0 }, // U+1EA0
    { 17, 26, 316, 1, 19, 111, 190 }, // U+1EA1
    { 24, 35, 376, 0, 35, 210, 301 }, // U+1EA2
    { 17, 29, 316, 1, 29, 124, 511 }, // U+1EA3
    { 24, 37, 376, 0, 37, 222, 635 }, // U+1EA4
    { 18, 33, 316, 1, 33, 149, 857 }, // U+1EA5
    { 23, 36, 376, 0, 36, 207, 1006 }, // U+1EA6
    { 18, 32, 316, 1, 32, 144, 1213 }, // U+1EA7
    { 24, 38, 376, -1, 38, 228, 1357 }, // U+1EA8
    { 17, 34, 316, 1, 34, 145, 1585 }, // U+1EA9
    { 24, 40, 376, 0, 40, 240, 1730 }, // U+1EAA
    { 17, 34, 316, 1, 34, 145, 1970 }, // U+1EAB
    { 23, 41, 376, 0, 33, 236, 2115 }, // U+1EAC
    { 17, 34, 316, 1, 27, 145, 2351 }, // U+1EAD
    { 24, 40, 376, 0, 40, 240, 2496 }, // U+1EAE
    { 17, 35, 316, 1, 35, 149, 2736 }, // U+1EAF
    { 24, 40, 376, 0, 40, 240, 2885 }, // U+1EB0
    { 17, 35, 316, 1, 35, 149, 3125 }, // U+1EB1
    { 24, 42, 376, 0, 42, 252, 3274 }, // U+1EB2
    { 17, 36, 316, 1, 36, 153, 3526 }, // U+1EB3
    { 24, 39, 376, 0, 39, 234, 3679 }, // U+1EB4
    { 17, 33, 316, 1, 33, 141, 3913 }, // U+1EB5
    { 23, 41, 376, 0, 33, 236, 4054 }, // U+1EB6
    { 17, 34, 316, 1, 27, 145, 4290 }, // U+1EB7
    { 17, 33, 340, 3, 25, 141, 4435 }, // U+1EB8
    { 18, 26, 323, 1, 19, 117, 4576 }, // U+1EB9
    { 17, 35, 340, 3, 35, 149, 4693 }, // U+1EBA
    { 18, 29, 323, 1, 29, 131, 4842 }, // U+1EBB
    { 17, 32, 340, 3, 32, 136, 4973 }, // U+1EBC
    { 18, 25, 323, 1, 25, 113, 5109 }, // U+1EBD
    { 20, 37, 340, 3, 37, 185, 5222 }, // U+1EBE
    { 19, 33, 323, 1, 33, 157, 5407 }, // U+1EBF
    { 19, 36, 340, 3, 36, 171, 5564 }, // U+1EC0
    { 19, 32, 323, 1, 32, 152, 5735 }, // U+1EC1
    { 19, 38, 340, 3, 38, 181, 5887 }, // U+1EC2
    { 18, 34, 323, 1, 34, 153, 6068 }, // U+1EC3
    { 17, 40, 340, 3, 40, 170, 6221 }, // U+1EC4
    { 18, 34, 323, 1, 34, 153, 6391 }, // U+1EC5
    { 17, 41, 340, 3, 33, 175, 6544 }, // U+1EC6
    { 18, 34, 323, 1, 27, 153, 6719 }, // U+1EC7
    { 11, 35, 248, 2, 35, 97, 6872 }, // U+1EC8
    { 7, 28, 164, 1, 28, 49, 6969 }, // U+1EC9
    { 11, 33, 248, 2, 25, 91, 7018 }, // U+1ECA
    { 7, 34, 167, 2, 27, 60, 7109 }, // U+1ECB
    { 24, 32, 436, 2, 25, 192, 7169 }, // U+1ECC
    { 18, 26, 331, 1, 19, 117, 7361 }, // U+1ECD
    { 24, 35, 436, 2, 35, 210, 7478 }, // U+1ECE
    { 18, 29, 331, 1, 29, 131, 7688 }, // U+1ECF
    { 24, 38, 436, 2, 38, 228, 7819 }, // U+1ED0
    { 19, 33, 331, 1, 33, 157, 8047 }, // U+1ED1
    { 24, 37, 436, 2, 37, 222, 8204 }, // U+1ED2
    { 19, 32, 331, 1, 32, 152, 8426 }, // U+1ED3
    { 24, 39, 436, 2, 39, 234, 8578 }, // U+1ED4
    { 18, 34, 331, 1, 34, 153, 8812 }, // U+1ED5
    { 24, 40, 436, 2, 40, 240, 8965 }, // U+1ED6
    { 18, 34, 331, 1, 34, 153, 9205 }, // U+1ED7
    { 24, 40, 436, 2, 33, 240, 9358 }, // U+1ED8
    { 18, 34, 331, 1, 27, 153, 9598 }, // U+1ED9
    { 26, 34, 436, 2, 34, 221, 9751 }, // U+1EDA
    { 21, 27, 342, 1, 27, 142, 9972 }, // U+1EDB
    { 26, 34, 436, 2, 34, 221, 10114 }, // U+1EDC
    { 21, 27, 342, 1, 27, 142, 10335 }, // U+1EDD
    { 26, 35, 436, 2, 35, 228, 10477 }, // U+1EDE
    { 21, 29, 342, 1, 29, 153, 10705 }, // U+1EDF
    { 26, 33, 436, 2, 33, 215, 10858 }, // U+1EE0
    { 21, 25, 342, 1, 25, 132, 11073 }, // U+1EE1
    { 26, 37, 436, 2, 30, 241, 11205 }, // U+1EE2
    { 21, 30, 342, 1, 23, 158, 11446 }, // U+1EE3
    { 20, 32, 414, 3, 25, 160, 11604 }, // U+1EE4
    { 15, 26, 322, 3, 19, 98, 11764 }, // U+1EE5
    { 20, 35, 414, 3, 35, 175, 11862 }, // U+1EE6
    { 15, 29, 322, 3, 29, 109, 12037 }, // U+1EE7
    { 25, 34, 426, 3, 34, 213, 12146 }, // U+1EE8
    { 20, 27, 338, 3, 27, 135, 12359 }, // U+1EE9
    { 25, 34, 426, 3, 34, 213, 12494 }, // U+1EEA
    { 20, 27, 338, 3, 27, 135, 12707 }, // U+1EEB
    { 25, 35, 426, 3, 35, 219, 12842 }, // U+1EEC
    { 20, 29, 338, 3, 29, 145, 13061 }, // U+1EED
    { 25, 33, 426, 3, 33, 207, 13206 }, // U+1EEE
    { 20, 25, 338, 3, 25, 125, 13413 }, // U+1EEF
    { 25, 37, 426, 3, 30, 232, 13538 }, // U+1EF0
    { 20, 30, 338, 3, 23, 150, 13770 }, // U+1EF1
    { 23, 33, 357, 0, 33, 190, 13920 }, // U+1EF2
    { 17, 33, 257, -1, 27, 141, 14110 }, // U+1EF3
    { 23, 33, 357, 0, 25, 190, 14251 }, // U+1EF4
    { 17, 27, 257, -1, 19, 115, 14441 }, // U+1EF5
    { 22, 35, 357, 0, 35, 193, 14556 }, // U+1EF6
    { 17, 34, 257, 0, 28, 145, 14749 }, // U+1EF7
    { 23, 32, 357, -1, 32, 184, 14894 }, // U+1EF8
    { 17, 31, 257, -1, 25, 132, 15078 }, // U+1EF9
    { 0, 0, 0, 0, 0, 0, 0 }, // U+200B
    { 0, 0, 0, 0, 0, 0, 0 }, // U+200C
    { 0, 0, 0, 0, 0, 0, 0 }, // U+200D
    { 0, 0, 0, 0, 0, 0, 0 }, // U+200E
    { 0, 0, 0, 0, 0, 0, 0 }, // U+200F
    { 9, 3, 197, 1, 11, 7, 0 }, // U+2010
    { 15, 3, 288, 2, 11, 12, 7 }, // U+2013
    { 27, 3, 480, 2, 11, 21, 19 }, // U+2014
    { 5, 9, 141, 2, 25, 12, 40 }, // U+2018
    { 5, 9, 141, 2, 25, 12, 52 }, // U+2019
    { 5, 9, 141, 2, 4, 12, 64 }, // U+201A
    { 11, 9, 239, 2, 25, 25, 76 }, // U+201C
    { 11, 9, 239, 2, 25, 25, 101 }, // U+201D
    { 11, 9, 239, 2, 4, 25, 126 }, // U+201E
    { 17, 25, 325, 1, 25, 107, 151 }, // U+2020
    { 17, 25, 325, 1, 25, 107, 258 }, // U+2021
    { 12, 13, 263, 2, 16, 39, 365 }, // U+2022
    { 23, 5, 418, 2, 5, 29, 404 }, // U+2026
    { 0, 0, 0, 0, 0, 0, 433 }, // U+202A
    { 0, 0, 0, 0, 0, 0, 433 }, // U+202B
    { 0, 0, 0, 0, 0, 0, 433 }, // U+202C
    { 0, 0, 0, 0, 0, 0, 433 }, // U+202D
    { 0, 0, 0, 0, 0, 0, 433 }, // U+202E
    { 48, 25, 797, 1, 25, 300, 433 }, // U+2030
    { 11, 16, 212, 1, 18, 44, 733 }, // U+2039
    { 11, 16, 212, 1, 18, 44, 777 }, // U+203A
    { 22, 25, 352, 0, 25, 138, 821 }, // U+2044
    { 0, 0, 0, 0, 0, 0, 959 }, // U+2060
    { 0, 0, 0, 0, 0, 0, 959 }, // U+2061
    { 0, 0, 0, 0, 0, 0, 959 }, // U+2062
    { 0, 0, 0, 0, 0, 0, 959 }, // U+2063
    { 0, 0, 0, 0, 0, 0, 959 }, // U+2064
    { 0, 0, 0, 0, 0, 0, 959 }, // U+2066
    { 0, 0, 0, 0, 0, 0, 959 }, // U+2067
    { 0, 0, 0, 0, 0, 0, 959 }, // U+2068
    { 0, 0, 0, 0, 0, 0, 959 }, // U+2069
    { 0, 0, 0, 0, 0, 0, 959 }, // U+206A
    { 0, 0, 0, 0, 0, 0, 959 }, // U+206B
    { 0, 0, 0, 0, 0, 0, 959 }, // U+206C
    { 0, 0, 0, 0, 0, 0, 959 }, // U+206D
    { 0, 0, 0, 0, 0, 0, 959 }, // U+206E
    { 0, 0, 0, 0, 0, 0, 959 }, // U+206F
    { 12, 14, 247, 1, 29, 42, 0 }, // U+2074
    { 20, 30, 362, 1, 25, 150, 0 }, // U+20AB
    { 24, 25, 398, 0, 25, 150, 150 }, // U+20AC
    { 14, 27, 270, 2, 26, 95, 0 }, // U+2113
    { 19, 27, 349, 1, 26, 129, 0 }, // U+2202
    { 19, 33, 351, 1, 26, 157, 129 }, // U+220F
    { 20, 33, 352, 1, 26, 165, 286 }, // U+2211
    { 19, 3, 361, 2, 11, 15, 451 }, // U+2212
    { 22, 26, 359, 0, 26, 143, 466 }, // U+2215
    { 5, 5, 141, 2, 12, 7, 609 }, // U+2219
    { 19, 32, 349, 1, 25, 152, 616 }, // U+221A
    { 26, 11, 464, 1, 15, 72, 768 }, // U+221E
    { 13, 33, 275, 2, 26, 108, 840 }, // U+222B
    { 19, 12, 349, 1, 16, 57, 948 }, // U+2248
    { 19, 20, 361, 2, 20, 95, 1005 }, // U+2260
    { 18, 19, 347, 2, 19, 86, 1100 }, // U+2264
    { 18, 19, 347, 2, 19, 86, 1186 }, // U+2265
    { 9, 25, 186, 1, 25, 57, 0 }, // U+2669
    { 14, 25, 271, 1, 25, 88, 57 }, // U+266A
    { 22, 27, 385, 1, 25, 149, 145 }, // U+266B
    { 22, 27, 385, 1, 25, 149, 294 }, // U+266C
    { 11, 24, 208, 1, 23, 66, 443 }, // U+266D
    { 11, 24, 214, 1, 16, 66, 509 }, // U+266E
    { 18, 32, 332, 1, 23, 144, 575 }, // U+266F
    { 42, 39, 762, 3, 32, 410, 719 }, // U+2764
    { 36, 36, 600, 1, 32, 324, 1129 }, // U+4F1A
    { 35, 36, 600, 1, 32, 315, 1453 }, // U+53BB
    { 34, 35, 600, 2, 30, 298, 1768 }, // U+5458
    { 37, 37, 600, 0, 32, 343, 2066 }, // U+59DA
    { 33, 37, 600, 2, 33, 306, 2409 }, // U+5B98
    { 34, 36, 600, 2, 33, 306, 2715 }, // U+5BA4
    { 35, 36, 600, 1, 32, 315, 3021 }, // U+5E26
    { 36, 36, 600, 1, 32, 324, 3336 }, // U+6211
    { 36, 38, 600, 1, 33, 342, 3660 }, // U+62C9
    { 37, 37, 600, 0, 33, 343, 4002 }, // U+653E
    { 36, 36, 600, 1, 32, 324, 4345 }, // U+6746
    { 36, 37, 600, 1, 32, 333, 4669 }, // U+6747
    { 36, 37, 600, 1, 32, 333, 5002 }, // U+6748
    { 35, 37, 600, 1, 32, 324, 5335 }, // U+6749
    { 34, 36, 600, 1, 32, 306, 5659 }, // U+674A
    { 36, 36, 600, 1, 32, 324, 5965 }, // U+674B
    { 36, 36, 600, 1, 32, 324, 6289 }, // U+674C
    { 35, 37, 600, 1, 32, 324, 6613 }, // U+674D
    { 36, 36, 600, 1, 32, 324, 6937 }, // U+674E
    { 36, 37, 600, 1, 32, 333, 7261 }, // U+674F
    { 36, 36, 600, 0, 32, 324, 7594 }, // U+6750
    { 36, 36, 600, 1, 32, 324, 7918 }, // U+6751
    { 35, 37, 600, 1, 32, 324, 8242 }, // U+6752
    { 34, 36, 600, 1, 32, 306, 8566 }, // U+6753
    { 35, 37, 600, 1, 32, 324, 8872 }, // U+6754
    { 36, 37, 600, 1, 32, 333, 9196 }, // U+6755
    { 37, 36, 600, 0, 32, 333, 9529 }, // U+6756
    { 36, 37, 600, 1, 33, 333, 9862 }, // U+6757
    { 36, 35, 600, 1, 30, 315, 10195 }, // U+6758
    { 36, 36, 600, 1, 32, 324, 10510 }, // U+6759
    { 35, 36, 600, 1, 32, 315, 10834 }, // U+675A
    { 34, 36, 600, 1, 32, 306, 11149 }, // U+675B
    { 35, 36, 600, 1, 32, 315, 11455 }, // U+675C
    { 36, 36, 600, 1, 32, 324, 11770 }, // U+675D
    { 36, 36, 600, 1, 32, 324, 12094 }, // U+675E
    { 36, 36, 600, 1, 32, 324, 12418 }, // U+675F
    { 35, 36, 600, 1, 32, 315, 12742 }, // U+6760
    { 36, 37, 600, 1, 33, 333, 13057 }, // U+6761
    { 36, 35, 600, 1, 32, 315, 13390 }, // U+6762
    { 34, 36, 600, 1, 32, 306, 13705 }, // U+6763
    { 35, 36, 600, 1, 32, 315, 14011 }, // U+6764
    { 36, 36, 600, 1, 32, 324, 14326 }, // U+6765
    { 36, 38, 600, 1, 33, 342, 14650 }, // U+6766
    { 36, 36, 600, 1, 32, 324, 14992 }, // U+6767
    { 35, 36, 600, 1, 32, 315, 15316 }, // U+6768
    { 35, 36, 600, 1, 32, 315, 15631 }, // U+6769
    { 35, 36, 600, 1, 32, 315, 15946 }, // U+676A
    { 36, 36, 600, 1, 32, 324, 16261 }, // U+676B
    { 36, 36, 600, 1, 32, 324, 16585 }, // U+676C
    { 36, 38, 600, 1, 33, 342, 16909 }, // U+676D
    { 35, 36, 600, 1, 32, 315, 17251 }, // U+676E
    { 36, 36, 600, 1, 32, 324, 17566 }, // U+676F
    { 35, 36, 600, 1, 32, 315, 17890 }, // U+6770
    { 36, 36, 600, 1, 32, 324, 18205 }, // U+6771
    { 36, 34, 600, 1, 30, 306, 18529 }, // U+6772
    { 36, 36, 600, 1, 32, 324, 18835 }, // U+6773
    { 36, 37, 600, 1, 32, 333, 19159 }, // U+6774
    { 36, 36, 600, 1, 32, 324, 19492 }, // U+6775
    { 36, 36, 600, 1, 32, 324, 19816 }, // U+6776
    { 36, 37, 600, 1, 32, 333, 20140 }, // U+6777
    { 35, 37, 600, 1, 32, 324, 20473 }, // U+6778
    { 36, 36, 600, 1, 32, 324, 20797 }, // U+6779
    { 36, 37, 600, 1, 32, 333, 21121 }, // U+677A
    { 36, 36, 600, 1, 32, 324, 21454 }, // U+677B
    { 36, 37, 600, 1, 32, 333, 21778 }, // U+677C
    { 35, 36, 600, 1, 32, 315, 22111 }, // U+677D
    { 35, 36, 600, 1, 32, 315, 22426 }, // U+677E
    { 36, 37, 600, 1, 32, 333, 22741 }, // U+677F
    { 29, 34, 600, 4, 30, 247, 23074 }, // U+7532
    { 32, 37, 600, 3, 33, 296, 23321 }, // U+7684
    { 36, 37, 600, 1, 32, 333, 23617 }, // U+8BAE
    { 35, 37, 600, 1, 32, 324, 23950 }, // U+8BF7
    { 36, 36, 600, 1, 32, 324, 24274 }, // U+91CA
    { 20, 27, 345, 1, 27, 135, 0 }, // U+FB00
    { 17, 27, 316, 1, 27, 115, 135 }, // U+FB01
    { 20, 27, 330, 1, 27, 135, 250 }, // U+FB02
    { 27, 27, 475, 1, 27, 183, 385 }, // U+FB03
    { 30, 27, 488, 1, 27, 203, 568 }, // U+FB04
    { 16, 26, 314, 2, 26, 104, 0 }, // U+FFFD
    { 39, 39, 762, 4, 32, 381, 0 }, // U+1F44B
    { 28, 39, 762, 10, 32, 273, 381 }, // U+1F44C
    { 36, 39, 762, 6, 32, 351, 654 }, // U+1F44D
    { 36, 39, 762, 6, 32, 351, 1005 }, // U+1F44E
    { 36, 39, 762, 6, 32, 351, 1356 }, // U+1F44F
    { 39, 38, 762, 4, 32, 371, 1707 }, // U+1F600
    { 39, 38, 762, 4, 32, 371, 2078 }, // U+1F601
    { 46, 38, 762, 1, 32, 437, 2449 }, // U+1F602
    { 39, 38, 762, 4, 32, 371, 2886 }, // U+1F603
    { 39, 38, 762, 4, 32, 371, 3257 }, // U+1F604
    { 42, 38, 762, 3, 32, 399, 3628 }, // U+1F605
    { 39, 38, 762, 4, 32, 371, 4027 }, // U+1F606
    { 38, 38, 762, 5, 32, 361, 4398 }, // U+1F607
    { 39, 38, 762, 4, 32, 371, 4759 }, // U+1F609
    { 39, 38, 762, 4, 32, 371, 5130 }, // U+1F60A
    { 39, 39, 762, 4, 32, 381, 5501 }, // U+1F60B
    { 39, 38, 762, 4, 32, 371, 5882 }, // U+1F60C
    { 39, 38, 762, 4, 32, 371, 6253 }, // U+1F60D
    { 40, 38, 762, 4, 32, 380, 6624 }, // U+1F60E
    { 39, 38, 762, 4, 32, 371, 7004 }, // U+1F60F
    { 39, 38, 762, 4, 32, 371, 7375 }, // U+1F610
    { 39, 38, 762, 4, 32, 371, 7746 }, // U+1F611
    { 39, 38, 762, 4, 32, 371, 8117 }, // U+1F612
    { 39, 38, 762, 4, 32, 371, 8488 }, // U+1F613
    { 39, 38, 762, 4, 32, 371, 8859 }, // U+1F614
    { 39, 38, 762, 4, 32, 371, 9230 }, // U+1F618
    { 39, 38, 762, 4, 32, 371, 9601 }, // U+1F61A
    { 39, 39, 762, 4, 32, 381, 9972 }, // U+1F61C
    { 39, 39, 762, 4, 32, 381, 10353 }, // U+1F61D
    { 39, 38, 762, 4, 32, 371, 10734 }, // U+1F620
    { 39, 38, 762, 4, 32, 371, 11105 }, // U+1F621
    { 39, 38, 762, 4, 32, 371, 11476 }, // U+1F622
    { 41, 38, 762, 3, 32, 390, 11847 }, // U+1F624
    { 40, 38, 762, 4, 32, 380, 12237 }, // U+1F625
    { 39, 38, 762, 4, 32, 371, 12617 }, // U+1F629
    { 39, 38, 762, 4, 32, 371, 12988 }, // U+1F62C
    { 39, 39, 762, 4, 32, 381, 13359 }, // U+1F62D
    { 39, 38, 762, 4, 32, 371, 13740 }, // U+1F62E
    { 44, 39, 762, 2, 32, 429, 14111 }, // U+1F631
    { 39, 38, 762, 4, 32, 371, 14540 }, // U+1F632
    { 39, 38, 762, 4, 32, 371, 14911 }, // U+1F633
    { 40, 38, 762, 4, 32, 380, 15282 }, // U+1F634
    { 39, 38, 762, 4, 32, 371, 15662 }, // U+1F635
    { 39, 38, 762, 4, 32, 371, 16033 }, // U+1F641
    { 39, 38, 762, 4, 32, 371, 16404 }, // U+1F642
    { 39, 38, 762, 4, 32, 371, 16775 }, // U+1F644
};

static const EpdUnicodeInterval lexenddeca_18_regularIntervals[] = {
    { 0x0, 0x17F, 0x0 },
    { 0x1A0, 0x1A1, 0x180 },
    { 0x1AF, 0x1B0, 0x182 },
    { 0x1C4, 0x1CE, 0x184 },
    { 0x1D3, 0x1D4, 0x18F },
    { 0x1E6, 0x1E7, 0x191 },
    { 0x1EA, 0x1EB, 0x193 },
    { 0x1F1, 0x1F3, 0x195 },
    { 0x1FA, 0x1FF, 0x198 },
    { 0x218, 0x21B, 0x19E },
    { 0x21E, 0x21F, 0x1A2 },
    { 0x300, 0x304, 0x1A4 },
    { 0x306, 0x30C, 0x1A9 },
    { 0x31B, 0x31B, 0x1B0 },
    { 0x323, 0x323, 0x1B1 },
    { 0x326, 0x328, 0x1B2 },
    { 0x34F, 0x34F, 0x1B5 },
    { 0x3BB, 0x3BB, 0x1B6 },
    { 0x410, 0x414, 0x1B7 },
    { 0x418, 0x418, 0x1BC },
    { 0x41B, 0x41B, 0x1BD },
    { 0x41D, 0x423, 0x1BE },
    { 0x425, 0x425, 0x1C5 },
    { 0x427, 0x427, 0x1C6 },
    { 0x42B, 0x42C, 0x1C7 },
    { 0x42E, 0x432, 0x1C9 },
    { 0x434, 0x435, 0x1CE },
    { 0x437, 0x437, 0x1D0 },
    { 0x43A, 0x43A, 0x1D1 },
    { 0x43D, 0x43E, 0x1D2 },
    { 0x440, 0x440, 0x1D4 },
    { 0x442, 0x442, 0x1D5 },
    { 0x446, 0x446, 0x1D6 },
    { 0x44C, 0x44C, 0x1D7 },
    { 0x44E, 0x44E, 0x1D8 },
    { 0x1EA0, 0x1EF9, 0x1D9 },
    { 0x200B, 0x2010, 0x233 },
    { 0x2013, 0x2014, 0x239 },
    { 0x2018, 0x201A, 0x23B },
    { 0x201C, 0x201E, 0x23E },
    { 0x2020, 0x2022, 0x241 },
    { 0x2026, 0x2026, 0x244 },
    { 0x202A, 0x202E, 0x245 },
    { 0x2030, 0x2030, 0x24A },
    { 0x2039, 0x203A, 0x24B },
    { 0x2044, 0x2044, 0x24D },
    { 0x2060, 0x2064, 0x24E },
    { 0x2066, 0x206F, 0x253 },
    { 0x2074, 0x2074, 0x25D },
    { 0x20AB, 0x20AC, 0x25E },
    { 0x2113, 0x2113, 0x260 },
    { 0x2202, 0x2202, 0x261 },
    { 0x220F, 0x220F, 0x262 },
    { 0x2211, 0x2212, 0x263 },
    { 0x2215, 0x2215, 0x265 },
    { 0x2219, 0x221A, 0x266 },
    { 0x221E, 0x221E, 0x268 },
    { 0x222B, 0x222B, 0x269 },
    { 0x2248, 0x2248, 0x26A },
    { 0x2260, 0x2260, 0x26B },
    { 0x2264, 0x2265, 0x26C },
    { 0x2669, 0x266F, 0x26E },
    { 0x2764, 0x2764, 0x275 },
    { 0x4F1A, 0x4F1A, 0x276 },
    { 0x53BB, 0x53BB, 0x277 },
    { 0x5458, 0x5458, 0x278 },
    { 0x59DA, 0x59DA, 0x279 },
    { 0x5B98, 0x5B98, 0x27A },
    { 0x5BA4, 0x5BA4, 0x27B },
    { 0x5E26, 0x5E26, 0x27C },
    { 0x6211, 0x6211, 0x27D },
    { 0x62C9, 0x62C9, 0x27E },
    { 0x653E, 0x653E, 0x27F },
    { 0x6746, 0x677F, 0x280 },
    { 0x7532, 0x7532, 0x2BA },
    { 0x7684, 0x7684, 0x2BB },
    { 0x8BAE, 0x8BAE, 0x2BC },
    { 0x8BF7, 0x8BF7, 0x2BD },
    { 0x91CA, 0x91CA, 0x2BE },
    { 0xFB00, 0xFB04, 0x2BF },
    { 0xFFFD, 0xFFFD, 0x2C4 },
    { 0x1F44B, 0x1F44F, 0x2C5 },
    { 0x1F600, 0x1F607, 0x2CA },
    { 0x1F609, 0x1F614, 0x2D2 },
    { 0x1F618, 0x1F618, 0x2DE },
    { 0x1F61A, 0x1F61A, 0x2DF },
    { 0x1F61C, 0x1F61D, 0x2E0 },
    { 0x1F620, 0x1F622, 0x2E2 },
    { 0x1F624, 0x1F625, 0x2E5 },
    { 0x1F629, 0x1F629, 0x2E7 },
    { 0x1F62C, 0x1F62E, 0x2E8 },
    { 0x1F631, 0x1F635, 0x2EB },
    { 0x1F641, 0x1F642, 0x2F0 },
    { 0x1F644, 0x1F644, 0x2F2 },
};

static const EpdFontGroup lexenddeca_18_regularGroups[] = {
    { 0, 3617, 9777, 128, 0 },
    { 3617, 3394, 11868, 128, 128 },
    { 7011, 4284, 18243, 128, 256 },
    { 11295, 2241, 7108, 36, 384 },
    { 13536, 195, 260, 18, 420 },
    { 13731, 93, 125, 1, 438 },
    { 13824, 1797, 5084, 34, 439 },
    { 15621, 3181, 16364, 90, 473 },
    { 18802, 387, 1042, 42, 563 },
    { 19189, 38, 42, 1, 605 },
    { 19227, 163, 300, 2, 606 },
    { 19390, 87, 108, 1, 608 },
    { 19477, 505, 1365, 13, 609 },
    { 19982, 9338, 25112, 81, 622 },
    { 29320, 174, 810, 5, 703 },
    { 29494, 83, 104, 1, 708 },
    { 29577, 5687, 17537, 46, 709 },
};

static const EpdKernClassEntry lexenddeca_18_regularKernLeftClasses[] = {
    { 0x0028, 1 }, // (
    { 0x002C, 2 }, // ,
    { 0x002D, 3 }, // -
    { 0x002E, 2 }, // .
    { 0x002F, 4 }, // /
    { 0x0030, 5 }, // 0
    { 0x0031, 6 }, // 1
    { 0x0032, 7 }, // 2
    { 0x0034, 8 }, // 4
    { 0x0035, 9 }, // 5
    { 0x0036, 10 }, // 6
    { 0x0037, 11 }, // 7
    { 0x0038, 12 }, // 8
    { 0x0039, 13 }, // 9
    { 0x0041, 14 }, // A
    { 0x0042, 15 }, // B
    { 0x0043, 16 }, // C
    { 0x0044, 17 }, // D
    { 0x0045, 18 }, // E
    { 0x0046, 19 }, // F
    { 0x0047, 20 }, // G
    { 0x0049, 21 }, // I
    { 0x004A, 22 }, // J
    { 0x004B, 23 }, // K
    { 0x004C, 24 }, // L
    { 0x004F, 17 }, // O
    { 0x0050, 25 }, // P
    { 0x0051, 26 }, // Q
    { 0x0052, 27 }, // R
    { 0x0053, 28 }, // S
    { 0x0054, 29 }, // T
    { 0x0055, 30 }, // U
    { 0x0056, 31 }, // V
    { 0x0057, 32 }, // W
    { 0x0058, 33 }, // X
    { 0x0059, 34 }, // Y
    { 0x005A, 35 }, // Z
    { 0x0061, 36 }, // a
    { 0x0062, 37 }, // b
    { 0x0063, 38 }, // c
    { 0x0065, 39 }, // e
    { 0x0066, 40 }, // f
    { 0x0067, 41 }, // g
    { 0x0068, 42 }, // h
    { 0x006A, 43 }, // j
    { 0x006B, 44 }, // k
    { 0x006C, 45 }, // l
    { 0x006D, 42 }, // m
    { 0x006E, 42 }, // n
    { 0x006F, 37 }, // o
    { 0x0070, 37 }, // p
    { 0x0071, 46 }, // q
    { 0x0072, 47 }, // r
    { 0x0073, 48 }, // s
    { 0x0074, 49 }, // t
    { 0x0075, 50 }, // u
    { 0x0076, 51 }, // v
    { 0x0077, 52 }, // w
    { 0x0078, 53 }, // x
    { 0x0079, 51 }, // y
    { 0x007A, 54 }, // z
    { 0x00C0, 14 }, // U+00C0
    { 0x00C1, 14 }, // U+00C1
    { 0x00C2, 14 }, // U+00C2
    { 0x00C3, 14 }, // U+00C3
    { 0x00C4, 14 }, // U+00C4
    { 0x00C5, 14 }, // U+00C5
    { 0x00C6, 18 }, // U+00C6
    { 0x00C7, 16 }, // U+00C7
    { 0x00C8, 18 }, // U+00C8
    { 0x00C9, 18 }, // U+00C9
    { 0x00CA, 18 }, // U+00CA
    { 0x00CB, 18 }, // U+00CB
    { 0x00CC, 21 }, // U+00CC
    { 0x00CD, 21 }, // U+00CD
    { 0x00CE, 21 }, // U+00CE
    { 0x00CF, 21 }, // U+00CF
    { 0x00D0, 17 }, // U+00D0
    { 0x00D2, 17 }, // U+00D2
    { 0x00D3, 17 }, // U+00D3
    { 0x00D4, 17 }, // U+00D4
    { 0x00D5, 17 }, // U+00D5
    { 0x00D6, 17 }, // U+00D6
    { 0x00D8, 17 }, // U+00D8
    { 0x00D9, 30 }, // U+00D9
    { 0x00DA, 30 }, // U+00DA
    { 0x00DB, 30 }, // U+00DB
    { 0x00DC, 30 }, // U+00DC
    { 0x00DD, 34 }, // U+00DD
    { 0x00E0, 42 }, // U+00E0
    { 0x00E1, 42 }, // U+00E1
    { 0x00E2, 42 }, // U+00E2
    { 0x00E3, 42 }, // U+00E3
    { 0x00E4, 42 }, // U+00E4
    { 0x00E5, 42 }, // U+00E5
    { 0x00E6, 39 }, // U+00E6
    { 0x00E7, 38 }, // U+00E7
    { 0x00E8, 39 }, // U+00E8
    { 0x00E9, 39 }, // U+00E9
    { 0x00EA, 39 }, // U+00EA
    { 0x00EB, 39 }, // U+00EB
    { 0x00F0, 17 }, // U+00F0
    { 0x00F1, 42 }, // U+00F1
    { 0x00F2, 37 }, // U+00F2
    { 0x00F3, 37 }, // U+00F3
    { 0x00F4, 37 }, // U+00F4
    { 0x00F5, 37 }, // U+00F5
    { 0x00F6, 37 }, // U+00F6
    { 0x00F8, 37 }, // U+00F8
    { 0x00F9, 50 }, // U+00F9
    { 0x00FA, 50 }, // U+00FA
    { 0x00FB, 50 }, // U+00FB
    { 0x00FC, 50 }, // U+00FC
    { 0x00FD, 51 }, // U+00FD
    { 0x00FE, 37 }, // U+00FE
    { 0x00FF, 51 }, // U+00FF
    { 0x0100, 14 }, // U+0100
    { 0x0101, 42 }, // U+0101
    { 0x0102, 14 }, // U+0102
    { 0x0103, 42 }, // U+0103
    { 0x0104, 14 }, // U+0104
    { 0x0105, 42 }, // U+0105
    { 0x0106, 16 }, // U+0106
    { 0x0107, 38 }, // U+0107
    { 0x0108, 16 }, // U+0108
    { 0x0109, 38 }, // U+0109
    { 0x010A, 16 }, // U+010A
    { 0x010B, 38 }, // U+010B
    { 0x010C, 16 }, // U+010C
    { 0x010D, 38 }, // U+010D
    { 0x010E, 17 }, // U+010E
    { 0x010F, 55 }, // U+010F
    { 0x0111, 40 }, // U+0111
    { 0x0112, 18 }, // U+0112
    { 0x0113, 39 }, // U+0113
    { 0x0114, 18 }, // U+0114
    { 0x0115, 39 }, // U+0115
    { 0x0116, 18 }, // U+0116
    { 0x0117, 39 }, // U+0117
    { 0x0118, 18 }, // U+0118
    { 0x0119, 39 }, // U+0119
    { 0x011A, 18 }, // U+011A
    { 0x011B, 39 }, // U+011B
    { 0x011C, 20 }, // U+011C
    { 0x011D, 41 }, // U+011D
    { 0x011E, 20 }, // U+011E
    { 0x011F, 41 }, // U+011F
    { 0x0120, 20 }, // U+0120
    { 0x0121, 41 }, // U+0121
    { 0x0122, 20 }, // U+0122
    { 0x0123, 41 }, // U+0123
    { 0x0125, 42 }, // U+0125
    { 0x0127, 42 }, // U+0127
    { 0x0128, 21 }, // U+0128
    { 0x012A, 21 }, // U+012A
    { 0x012C, 21 }, // U+012C
    { 0x012E, 21 }, // U+012E
    { 0x0130, 21 }, // U+0130
    { 0x0132, 22 }, // U+0132
    { 0x0133, 43 }, // U+0133
    { 0x0134, 22 }, // U+0134
    { 0x0135, 43 }, // U+0135
    { 0x0136, 23 }, // U+0136
    { 0x0137, 44 }, // U+0137
    { 0x0138, 44 }, // U+0138
    { 0x0139, 24 }, // U+0139
    { 0x013A, 56 }, // U+013A
    { 0x013B, 24 }, // U+013B
    { 0x013C, 56 }, // U+013C
    { 0x013E, 55 }, // U+013E
    { 0x013F, 24 }, // U+013F
    { 0x0140, 57 }, // U+0140
    { 0x0141, 24 }, // U+0141
    { 0x0142, 56 }, // U+0142
    { 0x0144, 42 }, // U+0144
    { 0x0146, 42 }, // U+0146
    { 0x0148, 42 }, // U+0148
    { 0x0149, 42 }, // U+0149
    { 0x014B, 42 }, // U+014B
    { 0x014C, 17 }, // U+014C
    { 0x014D, 37 }, // U+014D
    { 0x014E, 17 }, // U+014E
    { 0x014F, 37 }, // U+014F
    { 0x0150, 17 }, // U+0150
    { 0x0151, 37 }, // U+0151
    { 0x0152, 18 }, // U+0152
    { 0x0153, 39 }, // U+0153
    { 0x0154, 27 }, // U+0154
    { 0x0155, 47 }, // U+0155
    { 0x0156, 27 }, // U+0156
    { 0x0157, 47 }, // U+0157
    { 0x0158, 27 }, // U+0158
    { 0x0159, 47 }, // U+0159
    { 0x015A, 28 }, // U+015A
    { 0x015B, 48 }, // U+015B
    { 0x015C, 28 }, // U+015C
    { 0x015D, 48 }, // U+015D
    { 0x015E, 28 }, // U+015E
    { 0x015F, 48 }, // U+015F
    { 0x0160, 28 }, // U+0160
    { 0x0161, 48 }, // U+0161
    { 0x0162, 29 }, // U+0162
    { 0x0163, 49 }, // U+0163
    { 0x0164, 29 }, // U+0164
    { 0x0165, 55 }, // U+0165
    { 0x0166, 29 }, // U+0166
    { 0x0168, 30 }, // U+0168
    { 0x0169, 50 }, // U+0169
    { 0x016A, 30 }, // U+016A
    { 0x016B, 50 }, // U+016B
    { 0x016C, 30 }, // U+016C
    { 0x016D, 50 }, // U+016D
    { 0x016E, 30 }, // U+016E
    { 0x016F, 50 }, // U+016F
    { 0x0170, 30 }, // U+0170
    { 0x0171, 50 }, // U+0171
    { 0x0172, 30 }, // U+0172
    { 0x0173, 50 }, // U+0173
    { 0x0176, 34 }, // U+0176
    { 0x0177, 51 }, // U+0177
    { 0x0178, 34 }, // U+0178
    { 0x0179, 35 }, // U+0179
    { 0x017A, 54 }, // U+017A
    { 0x017B, 35 }, // U+017B
    { 0x017C, 54 }, // U+017C
    { 0x017D, 35 }, // U+017D
    { 0x017E, 54 }, // U+017E
    { 0x017F, 40 }, // U+017F
    { 0x01A0, 58 }, // U+01A0
    { 0x01A1, 59 }, // U+01A1
    { 0x01AF, 60 }, // U+01AF
    { 0x01B0, 61 }, // U+01B0
    { 0x01C4, 35 }, // U+01C4
    { 0x01C5, 54 }, // U+01C5
    { 0x01C6, 54 }, // U+01C6
    { 0x01C7, 22 }, // U+01C7
    { 0x01C8, 43 }, // U+01C8
    { 0x01C9, 43 }, // U+01C9
    { 0x01CA, 22 }, // U+01CA
    { 0x01CB, 43 }, // U+01CB
    { 0x01CC, 43 }, // U+01CC
    { 0x01CD, 14 }, // U+01CD
    { 0x01CE, 42 }, // U+01CE
    { 0x01D3, 30 }, // U+01D3
    { 0x01D4, 50 }, // U+01D4
    { 0x01E6, 20 }, // U+01E6
    { 0x01E7, 41 }, // U+01E7
    { 0x01EA, 17 }, // U+01EA
    { 0x01EB, 37 }, // U+01EB
    { 0x01F1, 35 }, // U+01F1
    { 0x01F2, 54 }, // U+01F2
    { 0x01F3, 54 }, // U+01F3
    { 0x01FA, 14 }, // U+01FA
    { 0x01FB, 42 }, // U+01FB
    { 0x01FC, 18 }, // U+01FC
    { 0x01FD, 39 }, // U+01FD
    { 0x01FE, 17 }, // U+01FE
    { 0x01FF, 37 }, // U+01FF
    { 0x0218, 28 }, // U+0218
    { 0x0219, 48 }, // U+0219
    { 0x021A, 29 }, // U+021A
    { 0x021B, 49 }, // U+021B
    { 0x021F, 42 }, // U+021F
    { 0x03BB, 62 }, // U+03BB
    { 0x0410, 63 }, // U+0410
    { 0x0413, 64 }, // U+0413
    { 0x041E, 65 }, // U+041E
    { 0x0420, 66 }, // U+0420
    { 0x0422, 64 }, // U+0422
    { 0x0423, 67 }, // U+0423
    { 0x0425, 68 }, // U+0425
    { 0x042C, 69 }, // U+042C
    { 0x042E, 65 }, // U+042E
    { 0x0434, 70 }, // U+0434
    { 0x043A, 70 }, // U+043A
    { 0x043D, 70 }, // U+043D
    { 0x043E, 71 }, // U+043E
    { 0x0440, 71 }, // U+0440
    { 0x0442, 70 }, // U+0442
    { 0x0446, 70 }, // U+0446
    { 0x044C, 72 }, // U+044C
    { 0x044E, 71 }, // U+044E
    { 0x1EA0, 14 }, // U+1EA0
    { 0x1EA1, 42 }, // U+1EA1
    { 0x1EA2, 14 }, // U+1EA2
    { 0x1EA3, 42 }, // U+1EA3
    { 0x1EA4, 14 }, // U+1EA4
    { 0x1EA5, 42 }, // U+1EA5
    { 0x1EA6, 14 }, // U+1EA6
    { 0x1EA7, 42 }, // U+1EA7
    { 0x1EA8, 14 }, // U+1EA8
    { 0x1EA9, 42 }, // U+1EA9
    { 0x1EAA, 14 }, // U+1EAA
    { 0x1EAB, 42 }, // U+1EAB
    { 0x1EAC, 14 }, // U+1EAC
    { 0x1EAD, 42 }, // U+1EAD
    { 0x1EAE, 14 }, // U+1EAE
    { 0x1EAF, 42 }, // U+1EAF
    { 0x1EB0, 14 }, // U+1EB0
    { 0x1EB1, 42 }, // U+1EB1
    { 0x1EB2, 14 }, // U+1EB2
    { 0x1EB3, 42 }, // U+1EB3
    { 0x1EB4, 14 }, // U+1EB4
    { 0x1EB5, 42 }, // U+1EB5
    { 0x1EB6, 14 }, // U+1EB6
    { 0x1EB7, 42 }, // U+1EB7
    { 0x1EB8, 18 }, // U+1EB8
    { 0x1EB9, 39 }, // U+1EB9
    { 0x1EBA, 18 }, // U+1EBA
    { 0x1EBB, 39 }, // U+1EBB
    { 0x1EBC, 18 }, // U+1EBC
    { 0x1EBD, 39 }, // U+1EBD
    { 0x1EBE, 18 }, // U+1EBE
    { 0x1EC0, 18 }, // U+1EC0
    { 0x1EC2, 18 }, // U+1EC2
    { 0x1EC4, 18 }, // U+1EC4
    { 0x1EC6, 18 }, // U+1EC6
    { 0x1EC7, 39 }, // U+1EC7
    { 0x1EC8, 21 }, // U+1EC8
    { 0x1ECA, 21 }, // U+1ECA
    { 0x1ECC, 17 }, // U+1ECC
    { 0x1ECD, 37 }, // U+1ECD
    { 0x1ECE, 17 }, // U+1ECE
    { 0x1ECF, 37 }, // U+1ECF
    { 0x1ED0, 17 }, // U+1ED0
    { 0x1ED2, 17 }, // U+1ED2
    { 0x1ED4, 17 }, // U+1ED4
    { 0x1ED6, 17 }, // U+1ED6
    { 0x1ED7, 37 }, // U+1ED7
    { 0x1ED8, 17 }, // U+1ED8
    { 0x1ED9, 37 }, // U+1ED9
    { 0x1EDA, 58 }, // U+1EDA
    { 0x1EDB, 59 }, // U+1EDB
    { 0x1EDC, 58 }, // U+1EDC
    { 0x1EDD, 59 }, // U+1EDD
    { 0x1EDE, 58 }, // U+1EDE
    { 0x1EDF, 59 }, // U+1EDF
    { 0x1EE0, 58 }, // U+1EE0
    { 0x1EE1, 59 }, // U+1EE1
    { 0x1EE2, 58 }, // U+1EE2
    { 0x1EE3, 59 }, // U+1EE3
    { 0x1EE8, 60 }, // U+1EE8
    { 0x1EE9, 61 }, // U+1EE9
    { 0x1EEA, 60 }, // U+1EEA
    { 0x1EEB, 61 }, // U+1EEB
    { 0x1EEC, 60 }, // U+1EEC
    { 0x1EED, 61 }, // U+1EED
    { 0x1EEE, 60 }, // U+1EEE
    { 0x1EEF, 61 }, // U+1EEF
    { 0x1EF0, 60 }, // U+1EF0
    { 0x1EF1, 61 }, // U+1EF1
    { 0x1EF2, 34 }, // U+1EF2
    { 0x1EF3, 51 }, // U+1EF3
    { 0x1EF4, 34 }, // U+1EF4
    { 0x1EF5, 51 }, // U+1EF5
    { 0x1EF6, 34 }, // U+1EF6
    { 0x1EF7, 51 }, // U+1EF7
    { 0x1EF8, 34 }, // U+1EF8
    { 0x1EF9, 51 }, // U+1EF9
    { 0x2013, 3 }, // U+2013
    { 0x2014, 3 }, // U+2014
    { 0x2019, 73 }, // U+2019
    { 0x201A, 2 }, // U+201A
    { 0x201D, 73 }, // U+201D
    { 0x201E, 2 }, // U+201E
    { 0x2026, 2 }, // U+2026
    { 0x20AB, 40 }, // U+20AB
    { 0xFB00, 40 }, // U+FB00
    { 0xFB02, 56 }, // U+FB02
    { 0xFB04, 56 }, // U+FB04
};

static const EpdKernClassEntry lexenddeca_18_regularKernRightClasses[] = {
    { 0x0025, 1 }, // %
    { 0x0029, 2 }, // )
    { 0x002C, 3 }, // ,
    { 0x002D, 4 }, // -
    { 0x002E, 3 }, // .
    { 0x002F, 5 }, // /
    { 0x0031, 6 }, // 1
    { 0x0032, 7 }, // 2
    { 0x0034, 8 }, // 4
    { 0x0035, 9 }, // 5
    { 0x0037, 10 }, // 7
    { 0x0038, 11 }, // 8
    { 0x0039, 12 }, // 9
    { 0x0041, 13 }, // A
    { 0x0043, 14 }, // C
    { 0x0047, 14 }, // G
    { 0x0049, 15 }, // I
    { 0x004A, 16 }, // J
    { 0x004F, 14 }, // O
    { 0x0051, 14 }, // Q
    { 0x0053, 17 }, // S
    { 0x0054, 18 }, // T
    { 0x0055, 19 }, // U
    { 0x0056, 20 }, // V
    { 0x0057, 21 }, // W
    { 0x0058, 22 }, // X
    { 0x0059, 23 }, // Y
    { 0x005A, 24 }, // Z
    { 0x0061, 25 }, // a
    { 0x0063, 26 }, // c
    { 0x0064, 26 }, // d
    { 0x0065, 26 }, // e
    { 0x0066, 27 }, // f
    { 0x0067, 28 }, // g
    { 0x0068, 29 }, // h
    { 0x0069, 30 }, // i
    { 0x006A, 31 }, // j
    { 0x006B, 29 }, // k
    { 0x006C, 32 }, // l
    { 0x006D, 33 }, // m
    { 0x006E, 33 }, // n
    { 0x006F, 26 }, // o
    { 0x0070, 34 }, // p
    { 0x0071, 26 }, // q
    { 0x0072, 33 }, // r
    { 0x0073, 35 }, // s
    { 0x0074, 36 }, // t
    { 0x0075, 37 }, // u
    { 0x0076, 38 }, // v
    { 0x0077, 39 }, // w
    { 0x0078, 40 }, // x
    { 0x0079, 38 }, // y
    { 0x007A, 41 }, // z
    { 0x00B0, 42 }, // U+00B0
    { 0x00C0, 13 }, // U+00C0
    { 0x00C1, 13 }, // U+00C1
    { 0x00C2, 13 }, // U+00C2
    { 0x00C3, 13 }, // U+00C3
    { 0x00C4, 13 }, // U+00C4
    { 0x00C5, 13 }, // U+00C5
    { 0x00C6, 43 }, // U+00C6
    { 0x00C7, 14 }, // U+00C7
    { 0x00CC, 15 }, // U+00CC
    { 0x00CD, 15 }, // U+00CD
    { 0x00CE, 15 }, // U+00CE
    { 0x00CF, 15 }, // U+00CF
    { 0x00D2, 14 }, // U+00D2
    { 0x00D3, 14 }, // U+00D3
    { 0x00D4, 14 }, // U+00D4
    { 0x00D5, 14 }, // U+00D5
    { 0x00D6, 14 }, // U+00D6
    { 0x00D8, 14 }, // U+00D8
    { 0x00D9, 19 }, // U+00D9
    { 0x00DA, 19 }, // U+00DA
    { 0x00DB, 19 }, // U+00DB
    { 0x00DC, 19 }, // U+00DC
    { 0x00DD, 23 }, // U+00DD
    { 0x00E0, 25 }, // U+00E0
    { 0x00E1, 25 }, // U+00E1
    { 0x00E2, 25 }, // U+00E2
    { 0x00E3, 25 }, // U+00E3
    { 0x00E4, 25 }, // U+00E4
    { 0x00E5, 25 }, // U+00E5
    { 0x00E6, 25 }, // U+00E6
    { 0x00E7, 26 }, // U+00E7
    { 0x00E8, 26 }, // U+00E8
    { 0x00E9, 26 }, // U+00E9
    { 0x00EA, 26 }, // U+00EA
    { 0x00EB, 26 }, // U+00EB
    { 0x00EC, 30 }, // U+00EC
    { 0x00ED, 30 }, // U+00ED
    { 0x00EE, 30 }, // U+00EE
    { 0x00EF, 30 }, // U+00EF
    { 0x00F0, 26 }, // U+00F0
    { 0x00F1, 33 }, // U+00F1
    { 0x00F2, 26 }, // U+00F2
    { 0x00F3, 26 }, // U+00F3
    { 0x00F4, 26 }, // U+00F4
    { 0x00F5, 26 }, // U+00F5
    { 0x00F6, 26 }, // U+00F6
    { 0x00F8, 26 }, // U+00F8
    { 0x00F9, 37 }, // U+00F9
    { 0x00FA, 37 }, // U+00FA
    { 0x00FB, 37 }, // U+00FB
    { 0x00FC, 37 }, // U+00FC
    { 0x00FD, 38 }, // U+00FD
    { 0x00FF, 38 }, // U+00FF
    { 0x0100, 13 }, // U+0100
    { 0x0101, 25 }, // U+0101
    { 0x0102, 13 }, // U+0102
    { 0x0103, 25 }, // U+0103
    { 0x0104, 13 }, // U+0104
    { 0x0105, 25 }, // U+0105
    { 0x0106, 14 }, // U+0106
    { 0x0107, 26 }, // U+0107
    { 0x0108, 14 }, // U+0108
    { 0x0109, 26 }, // U+0109
    { 0x010A, 14 }, // U+010A
    { 0x010B, 26 }, // U+010B
    { 0x010C, 14 }, // U+010C
    { 0x010D, 26 }, // U+010D
    { 0x010F, 26 }, // U+010F
    { 0x0111, 26 }, // U+0111
    { 0x0113, 26 }, // U+0113
    { 0x0115, 26 }, // U+0115
    { 0x0117, 26 }, // U+0117
    { 0x0119, 26 }, // U+0119
    { 0x011B, 26 }, // U+011B
    { 0x011C, 14 }, // U+011C
    { 0x011D, 28 }, // U+011D
    { 0x011E, 14 }, // U+011E
    { 0x011F, 28 }, // U+011F
    { 0x0120, 14 }, // U+0120
    { 0x0121, 28 }, // U+0121
    { 0x0122, 14 }, // U+0122
    { 0x0123, 28 }, // U+0123
    { 0x0125, 29 }, // U+0125
    { 0x0127, 29 }, // U+0127
    { 0x0128, 15 }, // U+0128
    { 0x0129, 30 }, // U+0129
    { 0x012A, 15 }, // U+012A
    { 0x012B, 30 }, // U+012B
    { 0x012C, 15 }, // U+012C
    { 0x012D, 30 }, // U+012D
    { 0x012E, 15 }, // U+012E
    { 0x012F, 30 }, // U+012F
    { 0x0130, 15 }, // U+0130
    { 0x0131, 30 }, // U+0131
    { 0x0132, 15 }, // U+0132
    { 0x0133, 30 }, // U+0133
    { 0x0134, 16 }, // U+0134
    { 0x0135, 31 }, // U+0135
    { 0x0137, 29 }, // U+0137
    { 0x0138, 29 }, // U+0138
    { 0x013A, 32 }, // U+013A
    { 0x013C, 32 }, // U+013C
    { 0x013E, 32 }, // U+013E
    { 0x0140, 32 }, // U+0140
    { 0x0142, 32 }, // U+0142
    { 0x0144, 33 }, // U+0144
    { 0x0146, 33 }, // U+0146
    { 0x0148, 33 }, // U+0148
    { 0x014B, 33 }, // U+014B
    { 0x014C, 14 }, // U+014C
    { 0x014D, 26 }, // U+014D
    { 0x014E, 14 }, // U+014E
    { 0x014F, 26 }, // U+014F
    { 0x0150, 14 }, // U+0150
    { 0x0151, 26 }, // U+0151
    { 0x0152, 14 }, // U+0152
    { 0x0153, 26 }, // U+0153
    { 0x0155, 33 }, // U+0155
    { 0x0157, 33 }, // U+0157
    { 0x0159, 33 }, // U+0159
    { 0x015A, 17 }, // U+015A
    { 0x015B, 35 }, // U+015B
    { 0x015C, 17 }, // U+015C
    { 0x015D, 35 }, // U+015D
    { 0x015E, 17 }, // U+015E
    { 0x015F, 35 }, // U+015F
    { 0x0160, 17 }, // U+0160
    { 0x0161, 35 }, // U+0161
    { 0x0162, 44 }, // U+0162
    { 0x0163, 36 }, // U+0163
    { 0x0164, 44 }, // U+0164
    { 0x0165, 36 }, // U+0165
    { 0x0166, 44 }, // U+0166
    { 0x0167, 36 }, // U+0167
    { 0x0168, 19 }, // U+0168
    { 0x0169, 37 }, // U+0169
    { 0x016A, 19 }, // U+016A
    { 0x016B, 37 }, // U+016B
    { 0x016C, 19 }, // U+016C
    { 0x016D, 37 }, // U+016D
    { 0x016E, 19 }, // U+016E
    { 0x016F, 37 }, // U+016F
    { 0x0170, 19 }, // U+0170
    { 0x0171, 37 }, // U+0171
    { 0x0172, 19 }, // U+0172
    { 0x0173, 37 }, // U+0173
    { 0x0176, 23 }, // U+0176
    { 0x0177, 38 }, // U+0177
    { 0x0178, 23 }, // U+0178
    { 0x0179, 24 }, // U+0179
    { 0x017A, 41 }, // U+017A
    { 0x017B, 24 }, // U+017B
    { 0x017C, 41 }, // U+017C
    { 0x017D, 24 }, // U+017D
    { 0x017E, 41 }, // U+017E
    { 0x017F, 27 }, // U+017F
    { 0x01A0, 14 }, // U+01A0
    { 0x01A1, 26 }, // U+01A1
    { 0x01C6, 26 }, // U+01C6
    { 0x01C9, 32 }, // U+01C9
    { 0x01CC, 33 }, // U+01CC
    { 0x01CD, 13 }, // U+01CD
    { 0x01CE, 25 }, // U+01CE
    { 0x01D3, 19 }, // U+01D3
    { 0x01D4, 37 }, // U+01D4
    { 0x01E6, 14 }, // U+01E6
    { 0x01E7, 28 }, // U+01E7
    { 0x01EA, 14 }, // U+01EA
    { 0x01EB, 26 }, // U+01EB
    { 0x01F3, 26 }, // U+01F3
    { 0x01FA, 13 }, // U+01FA
    { 0x01FB, 25 }, // U+01FB
    { 0x01FC, 43 }, // U+01FC
    { 0x01FD, 25 }, // U+01FD
    { 0x01FE, 14 }, // U+01FE
    { 0x01FF, 26 }, // U+01FF
    { 0x0218, 17 }, // U+0218
    { 0x0219, 35 }, // U+0219
    { 0x021A, 44 }, // U+021A
    { 0x021B, 36 }, // U+021B
    { 0x021F, 29 }, // U+021F
    { 0x03BB, 45 }, // U+03BB
    { 0x0410, 46 }, // U+0410
    { 0x0414, 46 }, // U+0414
    { 0x041B, 46 }, // U+041B
    { 0x041E, 47 }, // U+041E
    { 0x0421, 47 }, // U+0421
    { 0x0422, 48 }, // U+0422
    { 0x0425, 49 }, // U+0425
    { 0x0430, 50 }, // U+0430
    { 0x0431, 51 }, // U+0431
    { 0x0432, 52 }, // U+0432
    { 0x0434, 53 }, // U+0434
    { 0x0435, 54 }, // U+0435
    { 0x0437, 52 }, // U+0437
    { 0x043A, 52 }, // U+043A
    { 0x043D, 52 }, // U+043D
    { 0x043E, 54 }, // U+043E
    { 0x0440, 55 }, // U+0440
    { 0x0442, 52 }, // U+0442
    { 0x0446, 52 }, // U+0446
    { 0x044C, 52 }, // U+044C
    { 0x044E, 52 }, // U+044E
    { 0x1EA0, 13 }, // U+1EA0
    { 0x1EA1, 25 }, // U+1EA1
    { 0x1EA2, 13 }, // U+1EA2
    { 0x1EA3, 25 }, // U+1EA3
    { 0x1EA4, 13 }, // U+1EA4
    { 0x1EA5, 25 }, // U+1EA5
    { 0x1EA6, 13 }, // U+1EA6
    { 0x1EA7, 25 }, // U+1EA7
    { 0x1EA8, 13 }, // U+1EA8
    { 0x1EA9, 25 }, // U+1EA9
    { 0x1EAA, 13 }, // U+1EAA
    { 0x1EAB, 25 }, // U+1EAB
    { 0x1EAC, 13 }, // U+1EAC
    { 0x1EAD, 25 }, // U+1EAD
    { 0x1EAE, 13 }, // U+1EAE
    { 0x1EAF, 25 }, // U+1EAF
    { 0x1EB0, 13 }, // U+1EB0
    { 0x1EB1, 25 }, // U+1EB1
    { 0x1EB2, 13 }, // U+1EB2
    { 0x1EB3, 25 }, // U+1EB3
    { 0x1EB4, 13 }, // U+1EB4
    { 0x1EB5, 25 }, // U+1EB5
    { 0x1EB6, 13 }, // U+1EB6
    { 0x1EB7, 25 }, // U+1EB7
    { 0x1EB9, 26 }, // U+1EB9
    { 0x1EBB, 26 }, // U+1EBB
    { 0x1EBD, 26 }, // U+1EBD
    { 0x1EBF, 26 }, // U+1EBF
    { 0x1EC1, 26 }, // U+1EC1
    { 0x1EC3, 26 }, // U+1EC3
    { 0x1EC5, 26 }, // U+1EC5
    { 0x1EC7, 26 }, // U+1EC7
    { 0x1EC8, 15 }, // U+1EC8
    { 0x1EC9, 30 }, // U+1EC9
    { 0x1ECA, 15 }, // U+1ECA
    { 0x1ECB, 30 }, // U+1ECB
    { 0x1ECC, 14 }, // U+1ECC
    { 0x1ECD, 26 }, // U+1ECD
    { 0x1ECE, 14 }, // U+1ECE
    { 0x1ECF, 26 }, // U+1ECF
    { 0x1ED0, 14 }, // U+1ED0
    { 0x1ED1, 26 }, // U+1ED1
    { 0x1ED2, 14 }, // U+1ED2
    { 0x1ED3, 26 }, // U+1ED3
    { 0x1ED4, 14 }, // U+1ED4
    { 0x1ED5, 26 }, // U+1ED5
    { 0x1ED6, 14 }, // U+1ED6
    { 0x1ED7, 26 }, // U+1ED7
    { 0x1ED8, 14 }, // U+1ED8
    { 0x1ED9, 26 }, // U+1ED9
    { 0x1EDA, 14 }, // U+1EDA
    { 0x1EDB, 26 }, // U+1EDB
    { 0x1EDC, 14 }, // U+1EDC
    { 0x1EDD, 26 }, // U+1EDD
    { 0x1EDE, 14 }, // U+1EDE
    { 0x1EDF, 26 }, // U+1EDF
    { 0x1EE0, 14 }, // U+1EE0
    { 0x1EE1, 26 }, // U+1EE1
    { 0x1EE2, 14 }, // U+1EE2
    { 0x1EE3, 26 }, // U+1EE3
    { 0x1EE4, 19 }, // U+1EE4
    { 0x1EE5, 37 }, // U+1EE5
    { 0x1EE6, 19 }, // U+1EE6
    { 0x1EE7, 37 }, // U+1EE7
    { 0x1EE8, 19 }, // U+1EE8
    { 0x1EE9, 37 }, // U+1EE9
    { 0x1EEA, 19 }, // U+1EEA
    { 0x1EEB, 37 }, // U+1EEB
    { 0x1EEC, 19 }, // U+1EEC
    { 0x1EED, 37 }, // U+1EED
    { 0x1EEE, 19 }, // U+1EEE
    { 0x1EEF, 37 }, // U+1EEF
    { 0x1EF0, 19 }, // U+1EF0
    { 0x1EF1, 37 }, // U+1EF1
    { 0x1EF2, 23 }, // U+1EF2
    { 0x1EF3, 38 }, // U+1EF3
    { 0x1EF4, 23 }, // U+1EF4
    { 0x1EF5, 38 }, // U+1EF5
    { 0x1EF6, 23 }, // U+1EF6
    { 0x1EF7, 38 }, // U+1EF7
    { 0x1EF8, 23 }, // U+1EF8
    { 0x1EF9, 38 }, // U+1EF9
    { 0x2013, 4 }, // U+2013
    { 0x2014, 4 }, // U+2014
    { 0x2019, 56 }, // U+2019
    { 0x201A, 3 }, // U+201A
    { 0x201D, 56 }, // U+201D
    { 0x201E, 3 }, // U+201E
    { 0x2026, 3 }, // U+2026
    { 0x2030, 1 }, // U+2030
    { 0x20AB, 26 }, // U+20AB
    { 0x2202, 26 }, // U+2202
    { 0xFB00, 27 }, // U+FB00
    { 0xFB03, 27 }, // U+FB03
    { 0xFB04, 27 }, // U+FB04
};

static const int8_t lexenddeca_18_regularKernMatrix[] = {
       0,    0,    0,    0,    0,    0,    0,    0,    0,   19,    0,    0,    0,    0,    0,    0,    0,    0,    0,    0,    0,    0,    0,    0,    0,    0,    0,    0,    0,    0,    0,    0,    0,    0,    0,    0,    0,    0,    0,    0,    0,    0,    0,    0,    0,    0,    0,    0,    0,    0,    0,    0,    0,    0,    0,    0,
       0,    0,    0,    0,    0,    0,    0,    0,    0,    0,    0,    0,    0,    0,    0,    0,    0,    0,    0,    0,    0,    0,    0,    0,    0,    0,    0,  -13,    0,    0,    0,    0,    0,    0,    0,    0,    0,    0,    0,    0,    0,    0,    0,    0,    0,    0,    0,    0,    0,    0,    0,    0,    0,    0,    0,    0,
       0,    0,    0,    0,    0,  -28,  -19,   19,    0,  -33,    0,    0,    0,    0,    0,    0,    0,    0,    0,    0,    0,    0,    0,    0,    0,    0,    0,    0,    0,    0,    0,    0,    0,    0,    0,    0,    0,    0,    0,    0,    0,    0,    0,    0,    0,    0,    0,    0,    0,    0,    0,    0,    0,    0,    0,    0,
       0,    0,    0,    0,  -57,    0,    0,    0,    0,    0,    0,    0,    0,    0,    0,    0,    0,    0,    0,    0,    0,    0,    0,    0,    0,    0,    0,    0,    0,    0,    0,    0,    0,    0,    0,    0,    0,    0,    0,    0,    0,    0,    0,    0,    0,    0,    0,    0,    0,    0,    0,    0,    0,    0,    0,    0,
       0,    0,    0,    0,    0,    0,  -11,    0,    0,    0,    0,    0,    0,    0,    0,    0,    0,    0,    0,    0,    0,    0,    0,    0,    0,    0,    0,    0,    0,    0,    0,    0,    0,    0,    0,    0,    0,    0,    0,    0,    0,    0,    0,    0,    0,    0,    0,    0,    0,    0,    0,    0,    0,    0,    0,    0,
       0,   10,    0,    0,    0,    0,    0,    0,    0,    0,    0,    0,    0,    0,    0,    0,    0,    0,    0,    0,    0,    0,    0,    0,    0,    0,    0,    0,    0,    0,    0,    0,    0,    0,    0,    0,    0,    0,    0,    0,    0,    0,    0,    0,    0,    0,    0,    0,    0,    0,    0,    0,    0,    0,    0,    0,
       0,    0,    0,    0,    0,    0,    0,   -5,    0,    0,    0,    0,    0,    0,    0,    0,    0,    0,    0,    0,    0,    0,    0,    0,    0,    0,    0,    0,    0,    0,    0,    0,    0,    0,    0,    0,    0,    0,    0,    0,    0,    0,    0,    0,    0,    0,    0,    0,    0,    0,    0,    0,    0,    0,    0,    0,
       0,    0,    0,    0,    0,    0,    0,    0,  -11,    0,    0,  -13,    0,    0,    0,    0,    0,    0,    0,    0,    0,    0,    0,    0,    0,    0,    0,    0,    0,    0,    0,    0,    0,    0,    0,    0,    0,    0,    0,    0,    0,  -46,    0,    0,    0,    0,    0,    0,    0,    0,    0,    0,    0,    0,    0,    0,
       0,    0,    0,    0,    0,    0,    0,    0,    0,    0,    0,  -10,    0,    0,    0,    0,    0,    0,    0,    0,    0,    0,    0,    0,    0,    0,    0,    0,    0,    0,    0,    0,    0,    0,    0,    0,    0,    0,    0,    0,    0,    0,    0,    0,    0,    0,    0,    0,    0,    0,    0,    0,    0,    0,    0,    0,
       0,    0,    0,    0,    0,  -14,  -11,    0,    0,    0,    0,    0,    0,    0,    0,    0,    0,    0,    0,    0,    0,    0,    0,    0,    0,    0,    0,    0,    0,    0,    0,    0,    0,    0,    0,    0,    0,    0,    0,    0,    0,    0,    0,    0,    0,    0,    0,    0,    0,    0,    0,    0,    0,    0,    0,    0,
      19,    0,    0,  -33,    0,   17,    0,  -28,    0,   22,  -28,    0,    0,    0,    0,    0,    0,    0,    0,    0,    0,    0,    0,    0,    0,    0,    0,    0,    0,    0,    0,    0,    0,    0,    0,    0,    0,    0,    0,    0,    0,    0,    0,    0,    0,    0,    0,    0,    0,    0,    0,    0,    0,    0,    0,    0,
     -19,    0,    0,    0,    0,  -17,    0,    0,    0,  -11,    0,  -14,    0,    0,    0,    0,    0,    0,    0,    0,    0,    0,    0,    0,    0,    0,    0,    0,    0,    0,    0,    0,    0,    0,    0,    0,    0,    0,    0,    0,    0,  -17,    0,    0,    0,    0,    0,    0,    0,    0,    0,    0,    0,    0,    0,    0,
       0,    0,    0,    0,    0,    0,    0,  -14,    0,  -11,  -14,    0,    0,    0,    0,    0,    0,    0,    0,    0,    0,    0,    0,    0,    0,    0,    0,    0,    0,    0,    0,    0,    0,    0,    0,    0,    0,    0,    0,    0,    0,    0,    0,    0,    0,    0,    0,    0,    0,    0,    0,    0,    0,    0,    0,    0,
       0,    0,    0,    0,    0,    0,    0,    0,    0,    0,    0,    0,   11,  -22,    0,    0,    0,  -40,  -17,  -40,  -28,    0,  -40,    0,    0,    0,    0,    0,    0,    0,    0,  -13,    0,    0,    0,  -16,  -14,  -24,  -26,   12,    0,    0,    0,  -40,   11,    0,    0,    0,    0,    0,    0,    0,    0,    0,    0,    0,
       0,    0,    0,    0,    0,    0,    0,    0,    0,    0,    0,    0,  -11,    0,    0,    0,    0,    0,    0,  -11,    0,  -11,  -17,    0,   -8,    0,    0,    0,    0,    0,    0,    0,    0,    0,    0,    0,    0,    0,    0,    0,    0,    0,  -25,    0,    0,    0,    0,    0,    0,    0,    0,    0,    0,    0,    0,    0,
       0,    0,    0,    0,    0,    0,    0,    0,    0,    0,    0,    0,    0,  -11,    0,    0,    0,    0,    0,    0,    0,    0,  -14,    0,    0,    0,    0,    0,    0,    0,    0,    0,    0,    0,    0,    0,    0,    0,    0,    0,    0,    0,  -25,    0,    0,    0,    0,    0,    0,    0,    0,    0,    0,    0,    0,    0,
       0,    0,    0,    0,    0,    0,    0,    0,    0,    0,    0,    0,  -23,    0,  -17,    0,    0,  -23,    0,  -17,  -11,  -11,  -28,  -11,  -17,    0,    0,    0,    0,    0,    0,    0,    0,    0,    0,    0,    0,    0,    0,    0,  -11,    0,  -42,  -23,  -28,    0,    0,    0,    0,    0,    0,    0,    0,    0,    0,    0,
       0,    0,    0,    0,    0,    0,    0,    0,    0,    0,    0,    0,    0,  -11,    0,    0,    0,    0,    0,   10,   11,    0,    0,    0,    0,    0,    0,    0,    0,    0,    0,    0,    0,    0,    0,    0,    0,    0,    0,    0,    0,    0,    0,    0,    0,    0,    0,    0,    0,    0,    0,    0,    0,    0,    0,    0,
       0,    0,    0,    0,    0,    0,    0,    0,    0,    0,    0,    0,  -23,    0,    0,  -19,    0,   14,    0,    0,    0,    0,    0,    0,  -13,    0,    0,    0,    0,    0,    0,    0,    0,    0,    0,    0,    0,    0,    0,    0,    0,    0,  -68,   14,    0,    0,    0,    0,    0,    0,    0,    0,    0,    0,    0,    0,
       0,    0,    0,    0,    0,    0,    0,    0,    0,    0,    0,    0,    0,    0,    0,    0,    0,  -11,    0,  -17,    0,    0,  -28,    0,    0,    0,    0,    0,    0,    0,    0,    0,    0,    0,    0,    0,    0,    0,    0,    0,    0,    0,    0,  -11,    0,    0,    0,    0,    0,    0,    0,    0,    0,    0,    0,    0,
       0,    0,    0,    0,    0,    0,    0,    0,    0,    0,    0,    0,    0,  -17,    0,    0,    0,    0,    0,    0,    0,    0,    0,    0,    0,    0,  -13,    0,    0,    0,    0,    0,    0,    0,    0,  -17,    0,    0,    0,    0,    0,    0,  -16,    0,    0,    0,    0,    0,    0,    0,    0,    0,    0,    0,    0,    0,
       0,    0,    0,    0,    0,    0,    0,    0,    0,    0,    0,    0,  -17,    0,    0,    0,    0,    0,    0,    0,    0,    0,    0,    0,    0,    0,    0,    0,    0,    0,    0,    0,    0,    0,    0,    0,    0,    0,    0,    0,    0,    0,    0,    0,    0,    0,    0,    0,    0,    0,    0,    0,    0,    0,    0,    0,
       0,    0,    0,    0,    0,    0,    0,    0,    0,    0,    0,    0,    0,  -28,    0,    0,    0,    0,    0,    0,    0,    0,    0,    0,    0,  -11,    0,    0,    0,    0,    0,    0,    0,    0,    0,    0,  -26,  -30,  -30,    0,    0,    0,    0,    0,    0,    0,    0,    0,    0,    0,    0,    0,    0,    0,    0,    0,
       0,    0,    0,    0,    0,    0,    0,    0,    0,    0,    0,    0,   17,  -22,    0,   17,    0,  -62,  -13,  -40,  -23,   17,  -51,    0,    0,    0,    0,    0,    0,  -11,    0,    0,    0,    0,    0,    0,    0,  -23,  -28,   17,    0,    0,    0,  -62,    0,    0,    0,    0,    0,    0,    0,    0,    0,    0,    0,    0,
       0,    0,    0,    0,    0,    0,    0,    0,    0,    0,    0,    0,  -49,    0,    0,  -40,    0,    0,    0,    0,    0,  -17,  -11,  -11,  -17,    0,    0,    0,    0,    0,    0,    0,    0,    0,  -11,    0,    0,    0,    0,    0,    0,    0,  -88,    0,    0,    0,    0,    0,    0,    0,    0,    0,    0,    0,    0,    0,
       0,    0,    0,    0,    0,    0,    0,    0,    0,    0,    0,    0,   17,    0,    0,    0,    0,    0,   -4,    0,    0,   11,  -23,    0,    0,    0,    0,    0,    0,    0,    0,    0,    0,    0,    0,    0,    0,    0,    0,   11,   11,    0,    0,    0,    0,    0,    0,    0,    0,    0,    0,    0,    0,    0,    0,    0,
       0,    0,    0,    0,    0,    0,    0,    0,    0,    0,    0,    0,   11,  -13,    0,    0,    0,    0,    0,    0,    0,    0,  -10,    0,    0,    0,    0,  -11,    0,    0,    0,    0,    0,    0,    0,    0,  -11,    0,    0,    0,    0,    0,    0,    0,    0,    0,    0,    0,    0,    0,    0,    0,    0,    0,    0,    0,
       0,    0,    0,    0,    0,    0,    0,    0,    0,    0,    0,    0,    0,    0,    0,    0,    0,    0,    0,    0,  -11,    0,   -8,    0,    0,    0,    0,    0,    0,    0,    0,    0,    0,    0,    0,    0,    0,    0,    0,    0,    0,    0,  -16,    0,    0,    0,    0,    0,    0,    0,    0,    0,    0,    0,    0,    0,
       0,    0,    0,    0,    0,    0,    0,    0,    0,    0,    0,    0,  -40,  -23,    0,  -62,    0,   13,    0,   23,   17,    0,   11,    0,  -50,  -52,   11,  -46,    0,    0,    0,    0,  -46,  -46,  -35,    0,  -48,   -6,   -6,  -12,  -36,    0,  -75,   13,  -46,    0,    0,    0,    0,    0,    0,    0,    0,    0,    0,    0,
       0,    0,    0,    0,    0,    0,    0,    0,    0,    0,    0,    0,  -17,    0,    0,    0,    0,    0,    0,    0,    0,    0,    0,    0,    0,    0,    0,    0,    0,    0,    0,    0,    0,    0,    0,    0,    0,    0,    0,    0,    0,    0,  -53,    0,  -20,    0,    0,    0,    0,    0,    0,    0,    0,    0,    0,    0,
       0,    0,    0,    0,    0,    0,    0,    0,    0,    0,    0,    0,  -40,  -17,    0,  -23,    0,   23,    0,   11,   11,    0,   11,    0,  -23,  -28,    0,  -22,    0,    0,    0,    0,  -11,  -11,  -11,    0,    0,    0,    0,    0,    0,    0,  -56,   23,  -50,    0,    0,    0,    0,    0,    0,    0,    0,    0,    0,    0,
       0,    0,    0,    0,    0,    0,    0,    0,    0,    0,    0,    0,  -28,  -11,    0,  -17,    0,   17,    0,   11,   11,    0,    0,    0,  -17,  -14,    0,  -17,    0,    0,    0,    0,    0,    0,    0,    0,    0,    0,    0,    0,    0,    0,  -53,   17,  -34,    0,    0,    0,    0,    0,    0,    0,    0,    0,    0,    0,
       0,    0,    0,    0,    0,    0,    0,    0,    0,    0,    0,    0,    0,  -17,    0,    0,    0,    0,    0,    0,    0,    0,    0,    0,  -11,  -12,    0,  -11,    0,    0,    0,    0,    0,    0,    0,    0,  -17,  -11,    0,    0,    0,    0,    0,    0,    0,    0,    0,    0,    0,    0,    0,    0,    0,    0,    0,    0,
       0,    0,    0,    0,    0,    0,    0,    0,    0,    0,    0,    0,  -40,  -28,    0,  -34,    0,   11,    0,   11,    0,    0,    0,    0,  -46,  -52,    0,  -51,    0,    0,    0,    0,  -26,  -26,  -34,    0,  -23,    0,    0,  -11,  -11,    0,  -97,   11,  -46,    0,    0,    0,    0,    0,    0,    0,    0,    0,    0,    0,
       0,    0,    0,    0,    0,    0,    0,    0,    0,    0,    0,    0,    0,  -17,    0,    0,    0,    0,    0,    0,    0,    0,    0,    0,    0,    0,    0,  -17,    0,    0,    0,    0,    0,    0,    0,  -17,    0,    0,    0,    0,    0,    0,    0,    0,    0,    0,    0,    0,    0,    0,    0,    0,    0,    0,    0,    0,
       0,    0,    0,    0,    0,    0,    0,    0,    0,    0,    0,    0,    0,    0,    0,    0,    0,  -50,    0,    0,    0,    0,  -34,    0,    0,    0,    0,    0,    0,    0,    0,    0,    0,    0,    0,    0,    0,    0,    0,    0,    0,    0,    0,  -50,    0,    0,    0,    0,    0,    0,    0,    0,    0,    0,    0,    0,
       0,    0,    0,    0,    0,    0,    0,    0,    0,    0,    0,    0,    0,    0,    0,    0,    0,  -52,    0,  -28,  -14,  -12,  -52,    0,    0,    0,    0,    0,    0,    0,    0,    0,    0,    0,    0,    0,    0,    0,    0,    0,    0,    0,  -24,  -52,    0,    0,    0,    0,    0,    0,    0,    0,    0,    0,    0,    0,
       0,    0,    0,    0,    0,    0,    0,    0,    0,    0,    0,    0,    0,    0,    0,    0,    0,  -40,    0,    0,  -17,    0,  -46,    0,    0,    0,    0,    0,    0,    0,    0,    0,    0,    0,    0,    0,    0,    0,    0,    0,    0,    0,   -7,  -40,    0,    0,    0,    0,    0,    0,    0,    0,    0,    0,    0,    0,
       0,    0,    0,    0,    0,    0,    0,    0,    0,    0,    0,    0,    0,    0,    0,    0,    0,  -40,    0,  -23,  -17,  -11,  -46,    0,    0,    0,    0,    0,    0,    0,    0,    0,    0,    0,    0,    0,    0,    0,    0,    0,    0,    0,  -19,  -40,    0,    0,    0,    0,    0,    0,    0,    0,    0,    0,    0,    0,
       0,    0,    0,    0,    0,    0,    0,    0,    0,    0,    0,    0,    0,    0,    0,    0,    0,   17,    0,    0,   11,    0,    0,    0,  -19,  -13,    0,    0,    0,    0,    0,    0,    0,    0,    0,    0,    0,    0,    0,    0,    0,    0,  -49,   17,    0,    0,    0,    0,    0,    0,    0,    0,    0,    0,    0,    0,
       0,    0,    0,    0,    0,    0,    0,    0,    0,    0,    0,    0,    0,    0,    0,    0,    0,  -46,    0,    0,    0,    0,  -28,    0,    0,    0,    0,    0,    0,    0,    0,    0,    0,    0,    0,    0,    0,    0,    0,    0,    0,    0,    0,  -46,    0,    0,    0,    0,    0,    0,    0,    0,    0,    0,    0,    0,
       0,    0,    0,    0,    0,    0,    0,    0,    0,    0,    0,    0,    0,    0,    0,    0,    0,  -58,    0,  -13,  -17,    0,  -40,    0,    0,   -7,    0,   -8,    0,    0,    0,    0,    0,    0,    0,   -8,    0,    0,    0,    0,    0,    0,  -11,  -58,    0,    0,    0,    0,    0,    0,    0,    0,    0,    0,    0,    0,
       0,    0,    0,    0,    0,    0,    0,    0,    0,    0,    0,    0,    0,    0,    0,    0,    0,    0,    0,    0,    0,    0,    0,    0,    0,    0,    0,    0,    0,    0,   14,    0,    0,    0,    0,    0,    0,    0,    0,    0,    0,    0,    0,    0,    0,    0,    0,    0,    0,    0,    0,    0,    0,    0,    0,    0,
       0,    0,    0,    0,    0,    0,    0,    0,    0,    0,    0,    0,   17,  -11,    0,    0,    0,    0,    0,    0,    0,    0,    0,    0,    0,   -9,    0,    0,    0,    0,    0,    0,    0,    0,    0,   -7,    0,    0,    0,    0,    0,    0,    0,    0,    0,    0,    0,    0,    0,    0,    0,    0,    0,    0,    0,    0,
       0,    0,   20,    0,    0,    0,    0,    0,    0,    0,    0,    0,    0,    0,    0,    0,    0,    0,    0,    0,    0,   11,    0,    0,    0,    0,    0,    0,    0,  -11,    0,    0,    0,   13,    0,    0,    0,    7,    0,    0,    0,    0,    7,    0,    0,    0,    0,    0,    0,    0,    0,    0,    0,    0,    0,    0,
       0,    0,    0,    0,    0,    0,    0,    0,    0,    0,    0,    0,    0,    0,    0,    0,    0,  -28,    0,    0,    0,    0,  -17,    0,    0,    0,    0,    0,    0,    0,    0,    0,    0,    0,    0,    0,    0,    0,    0,    0,    0,    0,    0,  -28,    0,    0,    0,    0,    0,    0,    0,    0,    0,    0,    0,    0,
       0,    0,    0,    0,    0,    0,    0,    0,    0,    0,    0,    0,    0,    0,    0,  -48,    0,   -6,    0,    0,   17,    0,    0,    0,   -9,    0,   11,    0,    0,    0,    0,    0,    0,    0,    0,   10,    0,   16,   14,   13,    0,    0,  -72,   -6,    0,    0,    0,    0,    0,    0,    0,    0,    0,    0,    0,    0,
       0,    0,    0,    0,    0,    0,    0,    0,    0,    0,    0,    0,    0,    0,    0,   13,    0,  -35,    0,  -11,    0,    0,  -34,    0,    0,    0,    0,    0,    0,    0,    0,    0,    0,    0,    0,    0,    0,    0,    0,    0,    0,    0,   -4,  -35,    0,    0,    0,    0,    0,    0,    0,    0,    0,    0,    0,    0,
       0,    0,    0,    0,    0,    0,    0,    0,    0,    0,    0,    0,   14,    0,    0,    0,    0,    0,    0,    0,    0,    0,  -17,    0,    0,    0,    0,    0,    0,    0,    0,    0,    0,    0,    0,    0,    0,    0,    0,    0,    0,    0,    0,    0,   11,    0,    0,    0,    0,    0,    0,    0,    0,    0,    0,    0,
       0,    0,    0,    0,    0,    0,    0,    0,    0,    0,    0,    0,    0,    0,    0,    0,    0,  -48,    0,    0,    0,    0,  -23,    0,    0,    0,    0,    0,    0,    0,    0,    0,    0,    0,    0,    0,    0,    0,    0,    0,    0,    0,  -16,  -48,    0,    0,    0,    0,    0,    0,    0,    0,    0,    0,    0,    0,
       0,    0,    0,    0,    0,    0,    0,    0,    0,    0,    0,    0,  -24,    0,    0,    0,    0,   -6,    0,    0,    0,  -11,    0,  -11,  -11,    0,   13,    0,    0,    0,    0,    0,    0,    0,   13,    0,    0,    6,    6,    0,    0,    0,  -61,   -6,  -27,    0,    0,    0,    0,    0,    0,    0,    0,    0,    0,    0,
       0,    0,    0,    0,    0,    0,    0,    0,    0,    0,    0,    0,  -26,    0,    0,    0,    0,   -6,    0,    0,    0,    0,    0,    0,    0,    0,    8,    0,    0,    0,    0,    0,    0,    0,    0,    0,    0,    6,    6,    0,    0,    0,  -60,   -6,  -24,    0,    0,    0,    0,    0,    0,    0,    0,    0,    0,    0,
       0,    0,    0,    0,    0,    0,    0,    0,    0,    0,    0,    0,   12,    0,    0,    0,    0,    0,    0,    0,    0,    0,  -11,    0,    0,    0,    0,    0,    0,    0,    0,    0,    0,    0,    0,    0,    0,    0,    0,    0,    0,    0,    0,    0,   12,    0,    0,    0,    0,    0,    0,    0,    0,    0,    0,    0,
       0,    0,    0,    0,    0,    0,    0,    0,    0,    0,    0,    0,    0,    0,    0,    0,    0,  -18,    0,    0,    0,    0,  -11,    0,    0,    0,    0,    0,    0,    0,    0,    0,    0,    0,    0,    0,    0,    0,    0,    0,    0,    0,    0,  -18,    0,    0,    0,    0,    0,    0,    0,    0,    0,    0,    0,    0,
       0,    0,   20,    0,    0,    0,    0,    0,    0,    0,    0,    0,    0,   16,   24,    0,   18,   60,   24,   56,   56,   48,   54,   32,    0,    0,   30,    0,   24,   12,   24,   24,   18,   18,    0,   24,    0,   40,   32,   32,   24,    0,    7,   60,    0,    0,    0,    0,    0,    0,    0,    0,    0,    0,    0,   32,
       0,    0,   20,    0,    0,    0,    0,    0,    0,    0,    0,    0,    0,    0,    0,    0,    0,    0,    0,    0,    0,   11,    0,    0,    0,    0,    0,    0,    0,  -11,    0,    0,    0,    0,    0,    0,    0,    7,    0,    0,    0,    0,    7,    0,    0,    0,    0,    0,    0,    0,    0,    0,    0,    0,    0,    0,
       0,    0,    0,    0,    0,    0,    0,    0,    0,    0,    0,    0,    0,    0,    0,    0,    0,  -30,    0,    0,    0,    0,    0,    0,    0,    0,    0,    0,    0,    0,    0,    0,    0,    0,    0,    0,    0,    0,    0,    0,    0,    0,    0,    0,    0,    0,    0,    0,    0,    0,    0,    0,    0,    0,    0,    0,
       0,    0,  -40,    0,    0,    0,    0,    0,    0,    0,    0,    0,  -16,    0,    0,    0,    0,   24,    0,   16,   16,    8,    8,    0,    0,    0,    0,    0,    0,    0,    0,    0,    0,    0,    0,    0,    0,    0,    0,    0,    0,    0,  -32,   24,    0,    0,    0,    0,    0,    0,    0,    0,    0,    0,    0,    0,
       0,    0,  -40,    0,    0,    0,    0,    0,    0,    0,    0,    0,  -16,    0,    0,    0,   16,   16,    0,   16,   16,    0,    0,    0,    0,    0,    0,    0,    8,    8,    0,    8,    0,    0,    0,   16,    0,   24,   24,   16,    0,    0,  -24,   16,    0,    0,    0,    0,    0,    0,    0,    0,    0,    0,    0,    0,
       0,    0,  -40,    0,    0,    0,    0,    0,    0,    0,    0,    0,  -32,    0,    0,   -8,    0,   32,    0,   24,   24,    8,   16,    0,  -16,   -8,    0,   -8,    0,    0,    0,    0,    0,    0,    0,    0,   -8,    0,    0,    0,   -8,    0,  -40,   32,    0,    0,    0,    0,    0,    0,    0,    0,    0,    0,    0,    0,
       0,    0,  -24,    0,    0,    0,    0,    0,    0,    0,    0,    0,  -16,    0,    0,  -16,   16,   24,    0,   24,   24,    0,    0,    0,   -8,   -8,   16,   -8,    0,    0,    0,    0,    0,    0,   -8,   16,    0,   24,   24,   24,    0,    0,  -24,   24,    0,    0,    0,    0,    0,    0,    0,    0,    0,    0,    0,    0,
       0,    0,    0,    0,    0,    0,    0,    0,    0,    0,    0,    0,   11,  -28,    0,    0,    0,  -46,  -20,  -50,  -34,    0,  -46,    0,    0,    0,    0,    0,    0,    0,    0,  -13,    0,    0,    0,  -16,  -14,  -27,  -26,   12,    0,    0,    0,  -46,    0,    0,    0,    0,    0,    0,    0,    0,    0,    0,    0,    0,
       0,    0,    0,    0,    0,    0,    0,    0,    0,    0,    0,    0,    0,    0,    0,    0,    0,    0,    0,    0,    0,    0,    0,    0,    0,    0,    0,    0,    0,    0,    0,    0,    0,    0,    0,    0,    0,    0,    0,    0,    0,    0,    0,    0,    0,    0,  -15,  -47,    0,    0,    0,    0,    0,    0,    0,    0,
       0,    0,    0,    0,    0,    0,    0,    0,    0,    0,    0,    0,    0,    0,    0,    0,    0,    0,    0,    0,    0,    0,    0,    0,    0,    0,    0,    0,    0,    0,    0,    0,    0,    0,    0,    0,    0,    0,    0,    0,    0,    0,    0,    0,    0,  -41,    0,    0,    0,  -15,    0,   -3,  -44,  -21,   -6,    0,
       0,    0,    0,    0,    0,    0,    0,    0,    0,    0,    0,    0,    0,    0,    0,    0,    0,    0,    0,    0,    0,    0,    0,    0,    0,    0,    0,    0,    0,    0,    0,    0,    0,    0,    0,    0,    0,    0,    0,    0,    0,    0,    0,    0,    0,   -9,    0,    0,  -12,    0,    0,    0,    0,    0,    0,    0,
       0,    0,    0,    0,    0,    0,    0,    0,    0,    0,    0,    0,    0,    0,    0,    0,    0,    0,    0,    0,    0,    0,    0,    0,    0,    0,    0,    0,    0,    0,    0,    0,    0,    0,    0,    0,    0,    0,    0,    0,    0,    0,    0,    0,    0,  -32,    0,    0,    0,   -6,    0,    0,  -47,   -6,    0,    0,
       0,    0,    0,    0,    0,    0,    0,    0,    0,    0,    0,    0,    0,    0,    0,    0,    0,    0,    0,    0,    0,    0,    0,    0,    0,    0,    0,    0,    0,    0,    0,    0,    0,    0,    0,    0,    0,    0,    0,    0,    0,    0,    0,    0,    0,  -56,  -12,    0,    0,  -35,    0,  -15,  -70,  -35,  -18,    0,
       0,    0,    0,    0,    0,    0,    0,    0,    0,    0,    0,    0,    0,    0,    0,    0,    0,    0,    0,    0,    0,    0,    0,    0,    0,    0,    0,    0,    0,    0,    0,    0,    0,    0,    0,    0,    0,    0,    0,    0,    0,    0,    0,    0,    0,    0,  -15,    0,    0,    0,    0,    0,    0,    0,    0,    0,
       0,    0,    0,    0,    0,    0,    0,    0,    0,    0,    0,    0,    0,    0,    0,    0,    0,    0,    0,    0,    0,    0,    0,    0,    0,    0,    0,    0,    0,    0,    0,    0,    0,    0,    0,    0,    0,    0,    0,    0,    0,    0,    0,    0,    0,    0,    0,  -18,    0,    0,    0,    0,    0,    0,    0,    0,
       0,    0,    0,    0,    0,    0,    0,    0,    0,    0,    0,    0,    0,    0,    0,    0,    0,    0,    0,    0,    0,    0,    0,    0,    0,    0,    0,    0,    0,    0,    0,    0,    0,    0,    0,    0,    0,    0,    0,    0,    0,    0,    0,    0,    0,    0,    0,    0,    0,    0,   -3,    0,    0,    0,    0,    0,
       0,    0,    0,    0,    0,    0,    0,    0,    0,    0,    0,    0,    0,    0,    0,    0,    0,    0,    0,    0,    0,    0,    0,    0,    0,    0,    0,    0,    0,    0,    0,    0,    0,    0,    0,    0,    0,    0,    0,    0,    0,    0,    0,    0,    0,    0,    0,    0,    0,    0,    0,    0,  -15,    0,    0,    0,
       0,    0,    0,    0,    0,    0,    0,    0,    0,    0,    0,    0,    0,    0,    0,    0,    0,    0,    0,    0,    0,    0,    0,    0,    0,    0,    0,    0,    0,    0,    0,    0,    0,    0,    0,    0,    0,    0,    0,    0,    0,    0,    0,    0,    0,    0,    0,    0,    0,    0,    0,    0,    0,  -15,    0,    0,
       0,    0,    0,    0,    0,    0,    0,    0,    0,    0,    0,    0,    0,    0,    0,    0,    0,    0,    0,    0,    0,    0,    0,    0,    0,    0,    0,    0,    0,    0,    0,    0,    0,    0,  -17,    0,    0,    0,    0,    0,    0,    0,    0,    0,    0,    0,    0,    0,    0,    0,    0,    0,    0,    0,    0,    0,
};

static const EpdLigaturePair lexenddeca_18_regularLigaturePairs[] = {
    { 0x00660066, 0xFB00 }, // f f -> U+FB00
    { 0x00660069, 0xFB01 }, // f i -> U+FB01
    { 0x0066006C, 0xFB02 }, // f l -> U+FB02
    { 0xFB000069, 0xFB03 }, // U+FB00 i -> U+FB03
    { 0xFB00006C, 0xFB04 }, // U+FB00 l -> U+FB04
};

static constexpr EpdFontData lexenddeca_18_regular = {
    lexenddeca_18_regularBitmaps,
    lexenddeca_18_regularGlyphs,
    lexenddeca_18_regularIntervals,
    94,
    47,
    36,
    -11,
    true,
    lexenddeca_18_regularGroups,
    17,
    nullptr,
    lexenddeca_18_regularKernLeftClasses,
    lexenddeca_18_regularKernRightClasses,
    lexenddeca_18_regularKernMatrix,
    370,
    352,
    73,
    56,
    lexenddeca_18_regularLigaturePairs,
    5,
};
