/**
 * generated by fontconvert.py
 * name: lexenddeca_18_bolditalic
 * size: 18
 * mode: 2-bit  compressed: true
 * Command used: fontconvert.py lexenddeca_18_bolditalic 18 ../builtinFonts/source/LexicaUltralegible/LexicaUltralegible-BoldItalic.ttf ../builtinFonts/source/ChareInk7/ChareInk7-BoldItalic.ttf ../builtinFonts/source/NotoEmoji/NotoEmoji-Regular.ttf ../builtinFonts/source/NotoSymbols/NotoSansSymbols-Regular.ttf --additional-intervals 0x03BB,0x03BB --additional-intervals 0x0410,0x0414 --additional-intervals 0x0418,0x0418 --additional-intervals 0x041B,0x041B --additional-intervals 0x041D,0x0423 --additional-intervals 0x0425,0x0425 --additional-intervals 0x0427,0x0427 --additional-intervals 0x042B,0x042C --additional-intervals 0x042E,0x0432 --additional-intervals 0x0434,0x0435 --additional-intervals 0x0437,0x0437 --additional-intervals 0x043A,0x043A --additional-intervals 0x043D,0x043E --additional-intervals 0x0440,0x0440 --additional-intervals 0x0442,0x0442 --additional-intervals 0x0446,0x0446 --additional-intervals 0x044C,0x044C --additional-intervals 0x044E,0x044E --additional-intervals 0x2113,0x2113 --additional-intervals 0x2669,0x266F --additional-intervals 0x1F600,0x1F607 --additional-intervals 0x1F609,0x1F614 --additional-intervals 0x1F618,0x1F618 --additional-intervals 0x1F61A,0x1F61A --additional-intervals 0x1F61C,0x1F61D --additional-intervals 0x1F620,0x1F622 --additional-intervals 0x1F624,0x1F625 --additional-intervals 0x1F629,0x1F629 --additional-intervals 0x1F62C,0x1F62E --additional-intervals 0x1F631,0x1F635 --additional-intervals 0x1F641,0x1F642 --additional-intervals 0x1F644,0x1F644 --additional-intervals 0x1F44B,0x1F44F --additional-intervals 0x2764,0x2764 --font-include-intervals 1:0x03BB,0x03BB --font-include-intervals 1:0x0410,0x0414 --font-include-intervals 1:0x0418,0x0418 --font-include-intervals 1:0x041B,0x041B --font-include-intervals 1:0x041D,0x0423 --font-include-intervals 1:0x0425,0x0425 --font-include-intervals 1:0x0427,0x0427 --font-include-intervals 1:0x042B,0x042C --font-include-intervals 1:0x042E,0x0432 --font-include-intervals 1:0x0434,0x0435 --font-include-intervals 1:0x0437,0x0437 --font-include-intervals 1:0x043A,0x043A --font-include-intervals 1:0x043D,0x043E --font-include-intervals 1:0x0440,0x0440 --font-include-intervals 1:0x0442,0x0442 --font-include-intervals 1:0x0446,0x0446 --font-include-intervals 1:0x044C,0x044C --font-include-intervals 1:0x044E,0x044E --font-include-intervals 1:0x2113,0x2113 --font-include-intervals 2:0x1F600,0x1F607 --font-include-intervals 2:0x1F609,0x1F614 --font-include-intervals 2:0x1F618,0x1F618 --font-include-intervals 2:0x1F61A,0x1F61A --font-include-intervals 2:0x1F61C,0x1F61D --font-include-intervals 2:0x1F620,0x1F622 --font-include-intervals 2:0x1F624,0x1F625 --font-include-intervals 2:0x1F629,0x1F629 --font-include-intervals 2:0x1F62C,0x1F62E --font-include-intervals 2:0x1F631,0x1F635 --font-include-intervals 2:0x1F641,0x1F642 --font-include-intervals 2:0x1F644,0x1F644 --font-include-intervals 2:0x1F44B,0x1F44F --font-include-intervals 2:0x2764,0x2764 --font-include-intervals 3:0x2669,0x266F --2bit --compress --pnum --darken-aa
 */
#pragma once
#include "EpdFontData.h"

static const uint8_t lexenddeca_18_bolditalicBitmaps[32227] = {
    0xA5, 0x5A, 0x3D, 0xD3, 0xE4, 0x48, 0x52, 0xAE, 0x96, 0xEE, 0xA6, 0x61, 0x15, 0xA0, 0x35, 0x80,
    0x20, 0xDE, 0x31, 0x84, 0x81, 0x73, 0x1B, 0x44, 0xC8, 0xC1, 0x85, 0x12, 0xB7, 0xC6, 0x19, 0x18,
    0xB7, 0xFF, 0x00, 0x17, 0x06, 0x63, 0x9C, 0x33, 0xCE, 0xB9, 0x93, 0x2E, 0xCE, 0x38, 0x93, 0xF7,
    0x27, 0xAC, 0x31, 0xC6, 0xD0, 0x63, 0xCC, 0x1F, 0x58, 0xA2, 0xC4, 0x8E, 0x81, 0x71, 0xC6, 0xF6,
    0xE1, 0x60, 0x60, 0xAC, 0x08, 0xCE, 0x20, 0x66, 0x8C, 0xD1, 0xEE, 0x28, 0x40, 0x3B, 0x23, 0xA9,
    0xC8, 0xE7, 0xC9, 0x94, 0xFA, 0x63, 0xDF, 0x79, 0xD9, 0x08, 0xDE, 0xE9, 0xAE, 0xEA, 0xE9, 0x2E,
    0x55, 0x65, 0x65, 0xE5, 0xC7, 0x93, 0x99, 0xE5, 0xCA, 0xD8, 0x3A, 0x1F, 0x1B, 0xBE, 0xEB, 0xE8,
    0x5C, 0x90, 0x77, 0xC4, 0x7B, 0x91, 0xF7, 0x64, 0xEF, 0x51, 0xDE, 0xBD, 0xBD, 0x8F, 0x6E, 0x27,
    0x8F, 0xEC, 0x64, 0xF8, 0x4E, 0x86, 0xAD, 0x7F, 0x7B, 0x19, 0x52, 0xC8, 0x23, 0x3E, 0xE2, 0x5D,
    0xB1, 0xC7, 0xFF, 0xF1, 0xBD, 0xEF, 0x63, 0x7B, 0xFF, 0x3B, 0xB4, 0x98, 0x38, 0xC3, 0x7C, 0xB1,
    0xCD, 0xE5, 0xB1, 0x9D, 0x76, 0x89, 0x74, 0x33, 0xBB, 0x62, 0x72, 0x59, 0xE4, 0x5F, 0xCE, 0x76,
    0xB9, 0xE8, 0x66, 0xED, 0x30, 0xC6, 0xF9, 0xC1, 0xB9, 0x3C, 0xBA, 0x5A, 0x68, 0x95, 0x29, 0xD8,
    0xCD, 0x2E, 0x68, 0x27, 0x1B, 0xF0, 0x1C, 0x39, 0x68, 0xD7, 0xD7, 0xDA, 0x05, 0xED, 0x74, 0x01,
    0x19, 0x33, 0xC8, 0x8A, 0x42, 0xF7, 0x90, 0xCA, 0x2E, 0x65, 0x0A, 0x76, 0x41, 0xBA, 0x4A, 0x3B,
    0xEE, 0xF8, 0x83, 0x0A, 0x6D, 0xD9, 0xB0, 0xE5, 0x67, 0x8F, 0x26, 0xC4, 0x5B, 0xD9, 0xB9, 0x90,
    0x84, 0x8F, 0x31, 0x36, 0x09, 0xA7, 0x4C, 0xE3, 0xDB, 0x18, 0xC7, 0x2C, 0xB6, 0x73, 0xEC, 0xF2,
    0xF8, 0x8B, 0xF1, 0xA7, 0x42, 0xE2, 0xE7, 0x42, 0x68, 0x16, 0xDF, 0x08, 0x65, 0x7B, 0x2C, 0xEA,
    0xD2, 0x08, 0x9E, 0x3B, 0x50, 0x27, 0x33, 0x46, 0x1C, 0x02, 0x1E, 0x6E, 0x39, 0x5D, 0xC7, 0x56,
    0x46, 0x95, 0xBF, 0x92, 0xF6, 0x27, 0x7E, 0x17, 0xFB, 0x62, 0xF2, 0x0E, 0x3B, 0xA8, 0x93, 0xD8,
    0xCB, 0x76, 0x9E, 0xC7, 0x23, 0xB9, 0xD0, 0xA4, 0x91, 0x13, 0x05, 0xCE, 0xB3, 0xE7, 0x9C, 0xC9,
    0x00, 0xD2, 0xD2, 0x1E, 0x6D, 0xF2, 0x29, 0x29, 0x9E, 0x1D, 0xCF, 0x30, 0xC1, 0x02, 0xD8, 0x51,
    0x86, 0xD9, 0xF3, 0x89, 0x2B, 0x0F, 0xAE, 0x94, 0x07, 0xFC, 0x12, 0x26, 0x57, 0xCB, 0xC2, 0xA1,
    0x93, 0xEF, 0x41, 0x47, 0x6C, 0xB3, 0x29, 0x01, 0x13, 0x62, 0x93, 0x4F, 0x7B, 0x12, 0xDB, 0x16,
    0x23, 0x1E, 0x72, 0xB2, 0xBF, 0xC1, 0x63, 0x7E, 0xE1, 0x68, 0x57, 0x77, 0xBB, 0x4F, 0x30, 0x4F,
    0x1B, 0x5B, 0x11, 0xA9, 0x2C, 0x2E, 0x69, 0x14, 0xA2, 0x8E, 0xBB, 0xD8, 0x65, 0x38, 0x29, 0x0C,
    0x2B, 0x46, 0xF9, 0x7D, 0x04, 0xD3, 0x7A, 0x3F, 0x96, 0x98, 0x21, 0x1C, 0xC3, 0x11, 0x53, 0x09,
    0x55, 0x58, 0x07, 0xFC, 0x80, 0x30, 0xC8, 0x07, 0xAE, 0x5E, 0xC8, 0x60, 0xA1, 0x2A, 0xBC, 0xC5,
    0xAE, 0x3C, 0xCF, 0xB1, 0xC3, 0xFA, 0x5C, 0xC7, 0x81, 0xAA, 0x0C, 0x5B, 0x25, 0x55, 0x41, 0x7E,
    0x71, 0x0F, 0x44, 0x52, 0x31, 0x3F, 0x57, 0x71, 0xCA, 0x5B, 0xB0, 0xA6, 0x42, 0xF7, 0x0A, 0xDB,
    0xC9, 0x22, 0x77, 0x25, 0x52, 0x72, 0xDE, 0xE9, 0x97, 0x59, 0xFC, 0x18, 0x87, 0xBE, 0x8F, 0x5F,
    0x46, 0x7D, 0x0E, 0x24, 0x26, 0x64, 0x29, 0x58, 0x25, 0x32, 0x8B, 0x9D, 0x0A, 0x21, 0x38, 0x22,
    0x30, 0x46, 0xBA, 0xCF, 0x63, 0x53, 0xC8, 0x63, 0xAF, 0xE4, 0xEB, 0x79, 0x07, 0x09, 0xF0, 0x93,
    0x9C, 0xC2, 0xE8, 0xEA, 0x49, 0xA8, 0xE8, 0x84, 0x9F, 0x42, 0x2B, 0x14, 0xED, 0x65, 0x54, 0xB2,
    0xB1, 0x03, 0x1E, 0xD9, 0x80, 0x99, 0xE7, 0x40, 0xE6, 0x37, 0x32, 0x4C, 0x04, 0xB2, 0xD3, 0x7F,
    0xF5, 0x11, 0xFF, 0x7C, 0x0B, 0xB9, 0x93, 0x41, 0x47, 0x21, 0xA8, 0x01, 0x89, 0x98, 0xDA, 0xD5,
    0xAA, 0x96, 0xF8, 0x3A, 0x95, 0x19, 0x33, 0xD9, 0x5A, 0x6E, 0x6A, 0x07, 0x8E, 0x62, 0x88, 0x97,
    0x21, 0xF5, 0xE0, 0xA8, 0x06, 0xE1, 0xEC, 0x5D, 0xDB, 0x1B, 0xCA, 0x82, 0x31, 0x18, 0x8B, 0x67,
    0x8A, 0x99, 0x8C, 0x00, 0x6B, 0x64, 0xA9, 0x8A, 0xF3, 0x72, 0xD2, 0x7D, 0x04, 0x17, 0x20, 0x2F,
    0x2D, 0xF5, 0xDF, 0x91, 0xFB, 0xE7, 0xB3, 0x0D, 0x36, 0xDB, 0x3A, 0xE3, 0xA0, 0xDF, 0xAD, 0x2B,
    0xD2, 0x76, 0x74, 0x1B, 0xB1, 0xEB, 0x3E, 0x68, 0x33, 0x64, 0xE1, 0x30, 0xC8, 0xB4, 0xFD, 0xB6,
    0x0F, 0x88, 0x27, 0xB6, 0xE7, 0x32, 0xD1, 0xA6, 0xBC, 0x73, 0xBF, 0x2F, 0xEF, 0xF2, 0xF5, 0x51,
    0x98, 0xF7, 0xBA, 0x15, 0x96, 0xB5, 0xC2, 0xDE, 0x56, 0x74, 0xAA, 0xCA, 0xE5, 0x99, 0xE2, 0x5D,
    0xEF, 0xB2, 0x17, 0xA3, 0xDB, 0x51, 0xCA, 0x2B, 0x95, 0xEB, 0xF7, 0x36, 0x8F, 0x0E, 0xF1, 0xE5,
    0x3F, 0x52, 0xDF, 0xAF, 0x9A, 0xFB, 0x1F, 0x53, 0x65, 0x99, 0x85, 0x66, 0x59, 0xB3, 0x2D, 0x44,
    0x30, 0xF1, 0xAA, 0x92, 0xE8, 0x92, 0x09, 0x46, 0x2E, 0xEF, 0x5D, 0x79, 0x74, 0x75, 0xE3, 0x6E,
    0x0E, 0x87, 0x5B, 0xC8, 0xA6, 0xBC, 0x8F, 0x22, 0x21, 0xAD, 0xCC, 0xDD, 0xE6, 0xBD, 0x9F, 0xC2,
    0x12, 0x62, 0x58, 0xFC, 0x94, 0x43, 0xFA, 0x77, 0xE0, 0x9E, 0x32, 0x97, 0xDB, 0x55, 0xA6, 0x2B,
    0x27, 0x6C, 0xE3, 0x64, 0x18, 0xD9, 0xA5, 0x8C, 0xD7, 0x63, 0x50, 0x86, 0xAD, 0x03, 0x03, 0xD5,
    0xFA, 0x6C, 0xAE, 0xFD, 0xD9, 0x40, 0xB0, 0x50, 0x8F, 0xC2, 0xE6, 0xBA, 0x7F, 0x51, 0xE7, 0x1E,
    0xE3, 0xE1, 0x94, 0x5A, 0xA9, 0xD6, 0x07, 0x6C, 0x11, 0x4E, 0x2F, 0x62, 0x59, 0x52, 0x98, 0xB0,
    0x3E, 0x93, 0xDF, 0x62, 0x9F, 0x8B, 0x2E, 0xC4, 0x41, 0xAC, 0x91, 0xAC, 0x5F, 0xCE, 0xD2, 0x8E,
    0x7E, 0xAA, 0x5B, 0xB4, 0xFE, 0x18, 0x06, 0x3F, 0x15, 0xBD, 0xB4, 0x63, 0x3E, 0xC4, 0xA1, 0x1E,
    0xF7, 0x93, 0x58, 0xA8, 0x31, 0x5D, 0xC4, 0x42, 0x4D, 0x3B, 0x70, 0x45, 0x1E, 0x15, 0xE5, 0x11,
    0xD5, 0x88, 0x6D, 0x19, 0xE1, 0x25, 0x72, 0x51, 0x87, 0x85, 0xB6, 0x7D, 0xA4, 0xB9, 0xEB, 0xB8,
    0x6E, 0x05, 0x12, 0x7F, 0x4B, 0xEA, 0x54, 0x7E, 0xD2, 0xD8, 0x7D, 0x10, 0xE2, 0x11, 0xCA, 0xEE,
    0xED, 0x2D, 0xDC, 0x6D, 0x36, 0xA1, 0xDF, 0x04, 0x7F, 0xD1, 0x9D, 0xFB, 0xE9, 0xA4, 0x23, 0x60,
    0xD3, 0xE6, 0xBE, 0x7A, 0xF2, 0x61, 0x15, 0x43, 0xE5, 0x46, 0x12, 0xBF, 0xA1, 0xA5, 0xA0, 0x21,
    0x81, 0x7D, 0xCA, 0xE8, 0x4C, 0x0A, 0x21, 0x6D, 0xC6, 0x8C, 0xA2, 0x92, 0xC9, 0x28, 0x4C, 0x39,
    0xF1, 0xBF, 0x3C, 0xE3, 0x1C, 0x0D, 0x4C, 0x42, 0x16, 0x67, 0x3C, 0x2E, 0xF8, 0x3F, 0x59, 0x65,
    0xE6, 0x17, 0x03, 0x6D, 0x62, 0x0B, 0xCE, 0xE2, 0x8B, 0x12, 0x1B, 0x4C, 0xC0, 0x5D, 0x99, 0xFE,
    0xED, 0xE1, 0x50, 0xD1, 0x0E, 0xB4, 0x74, 0x47, 0x0D, 0xDB, 0x8A, 0x3E, 0x89, 0x4F, 0xDD, 0xD2,
    0xD6, 0xCC, 0x24, 0x4D, 0xE6, 0xE4, 0xC8, 0x24, 0xBE, 0x7D, 0x1E, 0xBB, 0x04, 0xE2, 0xDF, 0xBB,
    0x87, 0x54, 0x1A, 0x4C, 0xD8, 0x71, 0x31, 0x59, 0xE6, 0x11, 0xB8, 0xE2, 0x56, 0x57, 0xD2, 0xB3,
    0xA5, 0x55, 0xE5, 0x37, 0x0F, 0xA2, 0xCA, 0x86, 0xC9, 0x49, 0xE3, 0x3E, 0x44, 0x9B, 0xF5, 0xE0,
    0x5F, 0x80, 0x99, 0x92, 0xD7, 0x41, 0xC6, 0x97, 0xB4, 0x4A, 0x60, 0x03, 0xDC, 0x3D, 0x1F, 0x7A,
    0xC8, 0x35, 0x9C, 0x22, 0x02, 0xD9, 0xCD, 0xC4, 0x19, 0xA6, 0xCD, 0xC4, 0xD2, 0x36, 0xA6, 0x5C,
    0x52, 0x6D, 0xBC, 0x59, 0xE8, 0x45, 0xDA, 0x34, 0xBE, 0x91, 0x89, 0xF2, 0xF8, 0x82, 0x60, 0x03,
    0x4C, 0x8F, 0xD3, 0x1E, 0x9E, 0x4A, 0x44, 0xAA, 0xA2, 0x26, 0xA9, 0x5F, 0x5E, 0xD8, 0x4E, 0xE4,
    0xC0, 0x44, 0xAD, 0x9C, 0x1E, 0x1D, 0x0E, 0x61, 0x79, 0x72, 0xA5, 0x1B, 0xE1, 0x24, 0xD5, 0x6C,
    0x0B, 0x75, 0xDB, 0x5B, 0xDB, 0x51, 0x76, 0x8F, 0x0E, 0x1C, 0x6E, 0x1C, 0x0F, 0x85, 0x1E, 0x5D,
    0x08, 0xF9, 0xC5, 0x27, 0xEA, 0x06, 0x1A, 0xEE, 0xAE, 0xA7, 0x01, 0x9E, 0xD8, 0x2E, 0x32, 0x4D,
    0x03, 0xF8, 0xF3, 0x99, 0x7C, 0xA0, 0x7A, 0xB0, 0xCD, 0xC8, 0x2B, 0xC8, 0xD9, 0x9F, 0xE0, 0x9B,
    0x87, 0x03, 0xD1, 0xC5, 0x0C, 0xA1, 0x80, 0x29, 0x9F, 0xB8, 0xF8, 0x00, 0x1F, 0x8E, 0x75, 0x94,
    0x57, 0x26, 0xBB, 0xA5, 0x3A, 0x1B, 0x30, 0x46, 0x11, 0x41, 0x1D, 0x15, 0x5A, 0x3D, 0x1F, 0xE5,
    0xEB, 0xE3, 0x6E, 0x9D, 0x3C, 0x8F, 0xDF, 0xFF, 0x04, 0x92, 0x15, 0x60, 0xF9, 0x48, 0xBE, 0xA7,
    0x3E, 0x78, 0xD2, 0x56, 0x0B, 0x55, 0x0B, 0x56, 0x14, 0x01, 0x94, 0xED, 0x63, 0xF5, 0xE1, 0xBA,
    0x15, 0x35, 0x87, 0x9C, 0xCE, 0x18, 0x56, 0x88, 0x07, 0xD2, 0x1D, 0xF5, 0xDC, 0x69, 0xBB, 0x8A,
    0x43, 0x86, 0xF3, 0x48, 0x89, 0x47, 0xF6, 0x6C, 0x89, 0xA8, 0x7A, 0xBA, 0xA0, 0xEE, 0x83, 0xC3,
    0xE1, 0x19, 0x19, 0x95, 0x93, 0x51, 0x2A, 0xEC, 0xF5, 0xBC, 0x1D, 0xB8, 0x0A, 0xF8, 0xDE, 0x86,
    0x34, 0x4E, 0xA1, 0x9E, 0x1C, 0xC5, 0xBC, 0xE9, 0x40, 0x6A, 0x3A, 0xD0, 0x52, 0xB8, 0x4F, 0x43,
    0xF8, 0xFC, 0xEE, 0x6C, 0xC8, 0xBA, 0x44, 0x45, 0x29, 0x57, 0xA9, 0xA2, 0xB9, 0x22, 0x1A, 0x51,
    0x28, 0xE2, 0x14, 0x1F, 0x10, 0x84, 0x88, 0x83, 0x01, 0x0E, 0x50, 0x7C, 0xA0, 0x6D, 0x3D, 0x40,
    0x12, 0xFC, 0x2A, 0x68, 0x2A, 0xA5, 0x23, 0xCF, 0x14, 0xE7, 0xF8, 0x52, 0xCE, 0x51, 0x0E, 0x48,
    0x08, 0x15, 0xE7, 0x2B, 0xF2, 0x26, 0x26, 0xE0, 0xD4, 0x62, 0x58, 0x43, 0x46, 0x55, 0x74, 0xC6,
    0x3C, 0xC1, 0xC9, 0xE4, 0x61, 0x47, 0xD9, 0x10, 0x69, 0x1F, 0xA9, 0x2E, 0x1D, 0xA6, 0x5F, 0xF8,
    0x6D, 0x0B, 0xA6, 0x75, 0xE4, 0xAB, 0x8F, 0x7F, 0x15, 0xC5, 0xDE, 0x89, 0x4C, 0x8A, 0x69, 0x2A,
    0xB5, 0x91, 0xA1, 0xFC, 0xE4, 0x87, 0x00, 0x2B, 0xE9, 0xA3, 0xB0, 0x13, 0x07, 0x08, 0x7F, 0x15,
    0xC1, 0x76, 0x22, 0xC2, 0xD1, 0xA9, 0xCA, 0xA6, 0x60, 0x24, 0xF9, 0x48, 0x4E, 0xD7, 0xC4, 0x50,
    0x83, 0x31, 0x48, 0xF9, 0xF3, 0x03, 0x38, 0x5A, 0xB1, 0x7B, 0x7B, 0x1C, 0x97, 0x98, 0xDF, 0x0E,
    0x7E, 0xF7, 0x07, 0xEE, 0xFC, 0xAF, 0xE8, 0xF0, 0x24, 0xEC, 0xF1, 0x8C, 0x56, 0x3E, 0xCB, 0x37,
    0x6E, 0x77, 0xEB, 0x04, 0x2E, 0xCB, 0xF6, 0x85, 0xB7, 0x35, 0xF9, 0x20, 0xFF, 0x4D, 0x6E, 0xDD,
    0xE5, 0xDF, 0x6E, 0x91, 0xD3, 0x14, 0xE2, 0x8E, 0x7C, 0xC9, 0xE6, 0xC4, 0xD4, 0xE3, 0xCB, 0x54,
    0x38, 0x31, 0xC0, 0xE7, 0x02, 0x75, 0xC8, 0xDF, 0x9F, 0x81, 0x0F, 0x93, 0xD1, 0x98, 0xC9, 0x2A,
    0x3B, 0xB5, 0x8D, 0x51, 0x40, 0x72, 0xC4, 0x1A, 0x62, 0xA6, 0x28, 0xE2, 0x66, 0x72, 0x6E, 0xB1,
    0x4D, 0x42, 0x08, 0x6C, 0xB6, 0x8E, 0x04, 0x2D, 0x91, 0xD8, 0x86, 0x76, 0x08, 0x53, 0x15, 0xD4,
    0xE5, 0xCF, 0xD0, 0x7C, 0x4F, 0x14, 0xFC, 0xF0, 0x94, 0xCA, 0x7F, 0xD5, 0x9C, 0x48, 0x7D, 0xEF,
    0x90, 0x3F, 0xA7, 0x15, 0xA6, 0xA4, 0xCD, 0x14, 0xB7, 0xA3, 0x1E, 0x97, 0x82, 0xD8, 0x1D, 0x1D,
    0xC9, 0xDE, 0x3C, 0x1A, 0x81, 0xE1, 0xA2, 0x88, 0x58, 0x7E, 0x81, 0x3A, 0x21, 0xE4, 0x00, 0x4C,
    0x8B, 0x84, 0x65, 0x83, 0x59, 0x6E, 0x0F, 0x3B, 0xF7, 0x17, 0x98, 0xF9, 0x43, 0xAE, 0xFE, 0x30,
    0x32, 0x20, 0x39, 0x19, 0x0B, 0x1A, 0x29, 0xD9, 0xE4, 0x41, 0xA6, 0x2F, 0x46, 0xCA, 0xF1, 0xA7,
    0x66, 0x32, 0x28, 0xF0, 0x09, 0xD7, 0xE2, 0x76, 0x13, 0xDA, 0xC0, 0x9C, 0x46, 0xC1, 0xD3, 0x80,
    0xD6, 0x27, 0x95, 0x30, 0x03, 0x76, 0xFE, 0xC7, 0x4D, 0xAF, 0x2E, 0xBA, 0xA3, 0xAA, 0x74, 0xDB,
    0x67, 0xFD, 0xDE, 0x99, 0xC2, 0x14, 0x66, 0xD6, 0xB8, 0x58, 0xAE, 0xD6, 0x47, 0x8C, 0xC1, 0xE3,
    0x91, 0x71, 0x59, 0x2A, 0x07, 0x09, 0x09, 0x0E, 0x95, 0x9C, 0xE4, 0xA3, 0xDB, 0xB2, 0x2D, 0x04,
    0xA2, 0xCE, 0xF9, 0xD1, 0x8B, 0x7B, 0x99, 0xF6, 0x9D, 0xC4, 0x0F, 0xAF, 0xA6, 0xB4, 0xFF, 0x79,
    0x3A, 0xA7, 0xD2, 0xFD, 0x2C, 0xEB, 0xB3, 0x31, 0xED, 0x3F, 0xCB, 0xFB, 0xBC, 0x47, 0xD7, 0x15,
    0xD2, 0xFD, 0xAC, 0x18, 0x42, 0x9F, 0x75, 0x3F, 0x97, 0xA9, 0x87, 0xB2, 0xF5, 0xB4, 0x12, 0x95,
    0xFF, 0x91, 0x44, 0x49, 0x82, 0x82, 0xDA, 0xD0, 0x94, 0x9D, 0xCB, 0x95, 0xFE, 0x74, 0x36, 0xC7,
    0xD0, 0xB9, 0xBF, 0x55, 0x3F, 0x3A, 0xD2, 0x54, 0x28, 0xF2, 0x7E, 0x1C, 0x55, 0xF2, 0x52, 0xBA,
    0x42, 0x97, 0xE9, 0xB7, 0xB9, 0x76, 0x5E, 0x19, 0x51, 0x1B, 0x3F, 0x56, 0x94, 0x3D, 0x73, 0xFC,
    0x97, 0xBA, 0xB3, 0x2F, 0x16, 0xEE, 0x96, 0xA8, 0xC6, 0x2F, 0xEC, 0xC2, 0xA4, 0xB1, 0xE2, 0x98,
    0x11, 0xA3, 0xF6, 0xC0, 0x3D, 0xFB, 0xD8, 0xA5, 0x04, 0x95, 0x6D, 0xBA, 0xC2, 0xEB, 0x56, 0x8F,
    0xAA, 0xA5, 0x37, 0x40, 0xFC, 0x41, 0x4B, 0x97, 0xC2, 0x2B, 0x40, 0xAD, 0x3A, 0xA8, 0x22, 0x75,
    0x2D, 0xF6, 0x34, 0x46, 0xD0, 0x5A, 0xD5, 0x43, 0x3C, 0x77, 0xEB, 0xCC, 0x00, 0xDB, 0x81, 0xD3,
    0x7A, 0xCB, 0x0A, 0x61, 0x39, 0x04, 0x78, 0xB0, 0x81, 0x7A, 0x4A, 0xA9, 0xB0, 0xAE, 0xD9, 0xB1,
    0xA3, 0x3B, 0x16, 0x51, 0xA3, 0xA9, 0x1D, 0xB5, 0xA3, 0x12, 0xAC, 0xD0, 0x82, 0xC6, 0x46, 0xCC,
    0xED, 0x44, 0x17, 0x53, 0x2F, 0x8A, 0xE8, 0x61, 0xB7, 0x9C, 0x46, 0x09, 0xCE, 0x1C, 0x0C, 0xE4,
    0xC4, 0x2F, 0x87, 0xE7, 0xE6, 0x0B, 0x62, 0xBF, 0xD1, 0x10, 0xC9, 0x24, 0xFD, 0xCF, 0xC6, 0xD5,
    0x9D, 0x5A, 0xFB, 0x5C, 0x43, 0x48, 0xBF, 0x8E, 0x39, 0xD0, 0xFE, 0xD0, 0x43, 0x40, 0x90, 0xF2,
    0x5B, 0x33, 0xE0, 0x66, 0xE4, 0xB9, 0xD0, 0x6A, 0x83, 0xC0, 0xDB, 0xF3, 0x4E, 0x8F, 0xE9, 0xBA,
    0xBB, 0x18, 0x22, 0xF4, 0xBB, 0x7F, 0xC2, 0x72, 0xE2, 0xCF, 0x3B, 0xA0, 0x9A, 0xB0, 0xC6, 0x35,
    0x8D, 0xB3, 0x58, 0x14, 0x64, 0xF7, 0xB4, 0xA7, 0x8A, 0x9B, 0x22, 0xFD, 0xA3, 0x57, 0xEA, 0xBD,
    0x92, 0x5B, 0x2B, 0xB9, 0x61, 0x79, 0x46, 0x1F, 0x29, 0x31, 0xA8, 0xB2, 0x35, 0xD3, 0x8E, 0xF6,
    0x8F, 0x5D, 0x42, 0x40, 0xD1, 0xC3, 0x82, 0x26, 0xE8, 0x5A, 0x95, 0x00, 0x74, 0x5D, 0xB6, 0x76,
    0x8D, 0x1A, 0x37, 0x80, 0xC3, 0x96, 0xD8, 0x10, 0xB1, 0x19, 0xF5, 0x13, 0x9B, 0x8E, 0xE4, 0x2E,
    0x98, 0x26, 0xDC, 0x5D, 0x41, 0x03, 0x13, 0x20, 0x5B, 0xE0, 0xAE, 0xBE, 0xFC, 0xB7, 0x46, 0xEE,
    0x26, 0x4B, 0x8D, 0x76, 0x95, 0x33, 0x94, 0xA6, 0xA1, 0x83, 0x53, 0xD9, 0x5E, 0x15, 0x5A, 0x3B,
    0x85, 0x66, 0x86, 0xCD, 0xC8, 0x09, 0x73, 0xBF, 0x47, 0x2A, 0x87, 0x79, 0xBA, 0xB3, 0x4E, 0xF1,
    0x86, 0xC1, 0x77, 0x0A, 0xC3, 0x86, 0x34, 0xD7, 0x33, 0xBA, 0x97, 0x06, 0xC3, 0x8D, 0x9E, 0x3C,
    0xF7, 0x9B, 0xA9, 0x9A, 0x38, 0x6E, 0xE2, 0xB0, 0xD1, 0x28, 0x3D, 0x41, 0xA7, 0x0B, 0x04, 0xA9,
    0xA2, 0xCA, 0x96, 0xDE, 0x4E, 0xE3, 0x5A, 0x6B, 0x9B, 0xDC, 0x50, 0xD1, 0x89, 0x3A, 0x83, 0xC1,
    0x67, 0x60, 0xD8, 0x50, 0xDA, 0x74, 0x86, 0xD2, 0x94, 0x35, 0xB2, 0xC9, 0x6F, 0x4C, 0x44, 0x8F,
    0x2A, 0xA2, 0xE3, 0x4A, 0xEA, 0xB9, 0x88, 0xCE, 0xC4, 0xD0, 0x59, 0xF3, 0x5E, 0x11, 0x95, 0xF8,
    0xAA, 0x21, 0x52, 0x8D, 0xAD, 0x6A, 0x05, 0x3A, 0x84, 0x02, 0xD2, 0xC1, 0xDE, 0x63, 0x5A, 0xC4,
    0xF0, 0x13, 0x69, 0x0C, 0xD4, 0x5E, 0x8A, 0x68, 0x00, 0x4F, 0x9A, 0x84, 0x86, 0x5F, 0x20, 0xB4,
    0x22, 0xA4, 0x38, 0x71, 0xCF, 0xAF, 0x27, 0xB2, 0xEF, 0xC7, 0x23, 0xA1, 0x5B, 0x3E, 0xA8, 0x3F,
    0x91, 0xE7, 0x19, 0x17, 0x2F, 0x1A, 0x4D, 0xCC, 0xDC, 0x16, 0x62, 0x7A, 0x0D, 0x98, 0x29, 0xB4,
    0x93, 0x06, 0xC1, 0xA3, 0x06, 0x17, 0xC3, 0x4E, 0x63, 0x8C, 0x44, 0xA3, 0xE3, 0x34, 0x5A, 0xF2,
    0x87, 0x76, 0x87, 0x0C, 0xA5, 0xCB, 0xD9, 0x58, 0xAA, 0x22, 0x9A, 0x81, 0xB5, 0x3C, 0xFE, 0x42,
    0x23, 0x19, 0xB0, 0x35, 0xA7, 0xE3, 0xFE, 0x8E, 0x34, 0xC0, 0x1D, 0x4F, 0x8A, 0x98, 0x7C, 0x54,
    0xF3, 0xD5, 0xBB, 0x8F, 0xE2, 0xDB, 0x5B, 0x3B, 0x63, 0x34, 0x24, 0x2D, 0x51, 0x19, 0x3C, 0x9A,
    0x33, 0x49, 0x55, 0xFA, 0x5A, 0x03, 0xA2, 0x3C, 0xE0, 0x3C, 0xAE, 0xC7, 0x5B, 0xC6, 0x95, 0xF3,
    0xE0, 0xC6, 0x4D, 0x58, 0x3E, 0x3D, 0x9B, 0x9D, 0x4D, 0x88, 0x16, 0x14, 0xDC, 0x2D, 0xB3, 0xEA,
    0x17, 0x2C, 0xBE, 0xAC, 0xEF, 0xB4, 0x2B, 0xC3, 0x3D, 0x0A, 0x73, 0x3C, 0x39, 0xC3, 0xB5, 0x83,
    0x9A, 0xBB, 0x3F, 0x26, 0xB5, 0x0F, 0xA6, 0x35, 0x11, 0x62, 0x66, 0x13, 0xCB, 0x95, 0xC4, 0xBE,
    0x06, 0x7E, 0x57, 0x2D, 0xB3, 0x00, 0x46, 0xC6, 0x75, 0x46, 0x56, 0xAA, 0xC9, 0x99, 0x1C, 0x9B,
    0x81, 0x2C, 0xB5, 0x42, 0xDD, 0x8E, 0xAA, 0x34, 0xEE, 0x99, 0xF0, 0x1C, 0x4A, 0x3D, 0xC1, 0xC0,
    0x60, 0xEA, 0x4D, 0x9C, 0x75, 0x96, 0x61, 0x4B, 0xC9, 0xA5, 0x3A, 0xA7, 0x75, 0xFB, 0x68, 0x21,
    0xEB, 0xA6, 0xCE, 0x94, 0xF1, 0xFF, 0x36, 0x30, 0xA7, 0x01, 0x00, 0xB7, 0xAE, 0x28, 0x1D, 0xEF,
    0x52, 0x89, 0x07, 0xCF, 0xFD, 0xC4, 0x43, 0x20, 0x54, 0x3D, 0xE2, 0x68, 0xC1, 0x09, 0x42, 0xAA,
    0x71, 0x45, 0x36, 0xD3, 0xDA, 0x90, 0x8D, 0xD4, 0x2C, 0xF2, 0xEE, 0xDE, 0xE3, 0xDD, 0xDF, 0x7F,
    0xBC, 0xCB, 0x76, 0xBC, 0x50, 0x04, 0xBF, 0x46, 0x5E, 0x0C, 0xBC, 0x46, 0xCD, 0x4B, 0x31, 0xB4,
    0x0B, 0x3C, 0xEE, 0x51, 0xE3, 0x49, 0xAF, 0x71, 0x7A, 0x47, 0x9F, 0x8D, 0xAC, 0x9E, 0xFC, 0x4C,
    0xEC, 0xDC, 0x3A, 0x0B, 0xA4, 0xE4, 0xC3, 0x3B, 0x0A, 0x63, 0xC3, 0x0F, 0xFE, 0x1D, 0xFC, 0xE2,
    0x2B, 0x11, 0xD9, 0xD7, 0xF0, 0x8C, 0xFF, 0x26, 0x42, 0xFB, 0x05, 0x94, 0xFD, 0x5F, 0xE6, 0x24,
    0xFE, 0x03, 0x3E, 0xBC, 0x98, 0xD3, 0x58, 0x00, 0x8C, 0xBE, 0x98, 0xB3, 0x85, 0x06, 0xE0, 0x97,
    0x4B, 0x3E, 0x91, 0x27, 0x1F, 0x2F, 0xE5, 0x48, 0x1E, 0xA5, 0x8B, 0xEF, 0xF5, 0x43, 0x0C, 0x9D,
    0xEC, 0xBE, 0x58, 0xD2, 0x48, 0x3C, 0x5F, 0x2E, 0x09, 0x94, 0x5E, 0xE8, 0x9A, 0x11, 0x55, 0xE3,
    0x83, 0x9C, 0xE4, 0x8C, 0x18, 0x1F, 0x1F, 0x26, 0x70, 0xA4, 0x1E, 0x77, 0x71, 0x00, 0x43, 0x64,
    0xBC, 0x3A, 0x0C, 0xB0, 0xF7, 0x48, 0x16, 0x79, 0xCB, 0x45, 0x01, 0x9C, 0x65, 0xCC, 0x5B, 0xD3,
    0x83, 0xCB, 0xEE, 0xB4, 0x07, 0x62, 0xCF, 0xA3, 0x42, 0x93, 0x62, 0xD1, 0xBE, 0x9C, 0x35, 0xA2,
    0xF2, 0xC0, 0xC2, 0xAF, 0xA8, 0xA0, 0xB2, 0x2F, 0x06, 0x67, 0xB2, 0x1B, 0x89, 0xD6, 0xD0, 0x7F,
    0xCE, 0x63, 0xDF, 0xC7, 0x7F, 0x96, 0x1E, 0x4E, 0xAC, 0x89, 0x1D, 0xFB, 0x2A, 0x7E, 0x45, 0xF7,
    0xE8, 0xEA, 0xAF, 0x19, 0x12, 0x3B, 0xFF, 0x3F, 0x42, 0x42, 0xB1, 0x68, 0xFA, 0xA1, 0x44, 0x54,
    0x02, 0x5F, 0x43, 0x4E, 0x36, 0xD6, 0x53, 0x42, 0xF6, 0x84, 0x20, 0x84, 0x13, 0x4C, 0x69, 0xB0,
    0x67, 0xC0, 0xB2, 0x9C, 0xCC, 0xAB, 0x53, 0x2F, 0x93, 0x5D, 0xE0, 0x96, 0xC8, 0x8C, 0x63, 0x4A,
    0xD4, 0xDE, 0x65, 0xEA, 0x3D, 0x73, 0xE6, 0x3A, 0xFA, 0x52, 0xF1, 0x0E, 0xA5, 0x20, 0x8E, 0x1A,
    0x85, 0x8C, 0x41, 0xBB, 0xA8, 0x31, 0x89, 0x06, 0xF7, 0x3D, 0xBA, 0x44, 0x3B, 0x71, 0xB0, 0xF8,
    0x4D, 0x62, 0xC1, 0x40, 0x5D, 0x6B, 0x35, 0xE9, 0x0F, 0x5E, 0xEE, 0x18, 0x7D, 0xBD, 0x7D, 0x6E,
    0xA1, 0x18, 0x33, 0x2D, 0xAA, 0x1B, 0x86, 0x0A, 0x05, 0x1B, 0x2B, 0x4E, 0x66, 0xEF, 0x2F, 0xDC,
    0x40, 0xAD, 0x43, 0x03, 0x5C, 0x72, 0x73, 0x86, 0xAF, 0xB2, 0xAD, 0xDB, 0x69, 0x97, 0x90, 0x83,
    0x0D, 0x04, 0xDD, 0x43, 0x82, 0x5E, 0x3E, 0x8B, 0x8B, 0xE2, 0x2B, 0xAB, 0x12, 0x18, 0xCC, 0xAA,
    0x68, 0x08, 0xBA, 0xEF, 0x64, 0x9E, 0xAE, 0xAC, 0xD4, 0x85, 0x79, 0x92, 0xBF, 0x3F, 0xFC, 0x44,
    0x27, 0x80, 0x1E, 0x25, 0x4A, 0xB5, 0xE6, 0x0C, 0x56, 0x97, 0x2C, 0xEF, 0x1A, 0x4C, 0xC6, 0xC6,
    0xFB, 0x33, 0x26, 0xEF, 0x60, 0x4B, 0xC8, 0x4F, 0x63, 0x32, 0x97, 0x15, 0x4D, 0xDB, 0x78, 0xFD,
    0x3B, 0xDA, 0x79, 0x59, 0x4D, 0x3A, 0x11, 0x98, 0x3E, 0x88, 0xE4, 0xFE, 0x27, 0x3A, 0x17, 0xDE,
    0xC5, 0xAE, 0x56, 0xD9, 0x60, 0xAE, 0x2C, 0x36, 0x25, 0x16, 0xC1, 0xC7, 0x05, 0x3E, 0xCC, 0x36,
    0xBD, 0xB3, 0x80, 0xA9, 0x54, 0x5A, 0x84, 0xC9, 0x3F, 0x54, 0xEB, 0xE9, 0xD4, 0x8B, 0xBA, 0xBF,
    0xD4, 0x5D, 0x7C, 0x4F, 0x39, 0x6F, 0x2A, 0xDF, 0x6F, 0x18, 0x71, 0x05, 0x12, 0xE0, 0x7C, 0x85,
    0x5D, 0x23, 0x7C, 0x57, 0x48, 0x7B, 0x81, 0x6C, 0x9B, 0x84, 0x08, 0xAF, 0x42, 0xF2, 0x22, 0x44,
    0x85, 0x0B, 0xB3, 0x12, 0x61, 0x07, 0x7E, 0xB4, 0x54, 0x9E, 0x0C, 0x7E, 0xA6, 0x98, 0x26, 0xD1,
    0xDA, 0x05, 0x8D, 0x94, 0x70, 0x3E, 0xA8, 0x49, 0xB3, 0xFC, 0x5C, 0xB9, 0x98, 0x11, 0x24, 0xE7,
    0x71, 0xD0, 0x54, 0x1E, 0xA2, 0x6B, 0xCD, 0x38, 0xB0, 0x9E, 0x92, 0x9F, 0xEA, 0x29, 0xBB, 0xB5,
    0x9E, 0xF2, 0x9C, 0xF5, 0x94, 0x9D, 0x82, 0xBD, 0x9F, 0x5A, 0xCC, 0x9C, 0x59, 0xB8, 0x64, 0x89,
    0x97, 0x65, 0x33, 0xDB, 0x9E, 0x1B, 0x34, 0x87, 0x50, 0xAA, 0xDB, 0x0A, 0x96, 0xD2, 0xE8, 0xDD,
    0x4F, 0x1C, 0xEB, 0x29, 0x6A, 0xF1, 0x21, 0xDF, 0x1E, 0xF3, 0xB7, 0xD7, 0xF5, 0x94, 0xDE, 0x10,
    0xAC, 0x66, 0xA9, 0xBE, 0x95, 0xAB, 0x1A, 0xB5, 0xB4, 0x74, 0x07, 0xAE, 0x5A, 0xD1, 0xD5, 0xF1,
    0x2C, 0x53, 0xDB, 0xBA, 0x53, 0xFA, 0xE7, 0x84, 0xAB, 0xEE, 0x40, 0x57, 0xF3, 0xFF, 0x8D, 0xAE,
    0xD4, 0x71, 0x06, 0xAD, 0x07, 0x18, 0x05, 0x34, 0x0D, 0xFD, 0x8E, 0x05, 0x02, 0xC3, 0xCC, 0xC7,
    0x54, 0xD3, 0x9E, 0x96, 0xF9, 0xD4, 0x3C, 0x3C, 0x22, 0x7F, 0x10, 0x92, 0x31, 0x78, 0xAA, 0x14,
    0x33, 0x6B, 0x3E, 0x35, 0x92, 0x90, 0x52, 0x23, 0x12, 0xAF, 0x11, 0x09, 0xFC, 0xA5, 0xE6, 0x57,
    0x99, 0xB6, 0x1F, 0xD9, 0xC1, 0x53, 0xCC, 0xDC, 0xB1, 0x48, 0x29, 0x72, 0x44, 0x25, 0x32, 0x30,
    0xAD, 0x42, 0xAC, 0xCD, 0x1C, 0xED, 0x54, 0x19, 0x65, 0xD2, 0x6F, 0x8C, 0x66, 0xAF, 0x62, 0x21,
    0xC1, 0x0E, 0x73, 0xB4, 0x93, 0x96, 0x01, 0x06, 0x35, 0x73, 0x3D, 0xBA, 0x6C, 0x35, 0x86, 0xB4,
    0x85, 0xE6, 0x33, 0x8D, 0x8E, 0xA0, 0x45, 0x0B, 0x96, 0xCB, 0x26, 0x4A, 0x4B, 0x31, 0x93, 0xC7,
    0xC5, 0x9C, 0x69, 0x45, 0x87, 0xDC, 0xCC, 0x17, 0xAF, 0x81, 0xA4, 0xD7, 0x94, 0x25, 0xED, 0x90,
    0xE6, 0x98, 0xD0, 0x75, 0xEA, 0xBF, 0xF5, 0x50, 0x78, 0x12, 0xA9, 0xC2, 0x05, 0x4D, 0x71, 0x12,
    0x96, 0x2A, 0xB9, 0x81, 0x74, 0x80, 0xB5, 0x93, 0x0A, 0xF4, 0x8E, 0xE1, 0x19, 0x7D, 0x0A, 0xD9,
    0x81, 0x30, 0x64, 0x52, 0x30, 0x88, 0x44, 0x09, 0x0F, 0x21, 0x8F, 0x24, 0x0D, 0xA6, 0x76, 0x02,
    0x71, 0x12, 0x63, 0xBE, 0x9B, 0xF6, 0xB4, 0x68, 0xF5, 0xBB, 0x09, 0xDC, 0x16, 0xA3, 0xFA, 0xEF,
    0x13, 0x7D, 0x4D, 0x1F, 0x7F, 0x3D, 0xE1, 0xD0, 0xC3, 0xD7, 0xF1, 0xAF, 0x27, 0xB2, 0xF7, 0x4D,
    0xCC, 0x26, 0xA6, 0xB0, 0xDF, 0x2D, 0xD9, 0x44, 0xA4, 0x19, 0xA7, 0x6C, 0xD6, 0x24, 0xF9, 0x44,
    0xA7, 0x2B, 0x1F, 0x86, 0xF5, 0x43, 0xAF, 0x82, 0x1F, 0x08, 0x32, 0x35, 0xEF, 0x9C, 0x31, 0x96,
    0xAE, 0x71, 0xBC, 0x93, 0x66, 0x1F, 0x34, 0x54, 0xAC, 0x11, 0xFE, 0xF4, 0xCE, 0xD4, 0xAE, 0x73,
    0x96, 0xE1, 0x4B, 0x18, 0x31, 0x8E, 0x3A, 0x28, 0x4C, 0x9A, 0xAE, 0x66, 0x26, 0x89, 0x99, 0xAA,
    0x9D, 0x25, 0x1B, 0x7E, 0xC5, 0xC9, 0xB2, 0xF8, 0x25, 0xA7, 0xB0, 0x24, 0x23, 0xED, 0xA2, 0x3B,
    0xC5, 0xF1, 0xAB, 0x82, 0xA9, 0x93, 0xD5, 0xEF, 0x2B, 0x5D, 0x68, 0x0D, 0x5A, 0xF5, 0x7B, 0x53,
    0xC7, 0x35, 0x48, 0x94, 0x45, 0x2C, 0x81, 0xA0, 0x9E, 0xA8, 0x10, 0x96, 0xA9, 0xC9, 0x6A, 0xD5,
    0x92, 0x46, 0x8A, 0x43, 0x1A, 0xD5, 0x60, 0xE4, 0x1A, 0x15, 0x72, 0x91, 0x44, 0x0F, 0x47, 0x66,
    0x3C, 0x42, 0x49, 0xEA, 0x58, 0x41, 0x56, 0x85, 0xE8, 0x72, 0x71, 0xEA, 0xFF, 0x38, 0x5C, 0xB8,
    0x5E, 0xAA, 0xD0, 0xD7, 0x2C, 0x6B, 0xB5, 0xD8, 0x35, 0x5C, 0x37, 0xB3, 0x73, 0xAF, 0x48, 0x8D,
    0xED, 0x29, 0xE8, 0x96, 0x2C, 0x41, 0xE1, 0x55, 0xDD, 0x4A, 0xA5, 0xD7, 0x42, 0x94, 0x2B, 0xE7,
    0x72, 0x11, 0xB0, 0xDC, 0x0D, 0x81, 0x2F, 0x82, 0xE9, 0x73, 0xBF, 0x65, 0x41, 0xC9, 0xB8, 0x96,
    0x05, 0x73, 0x75, 0x66, 0x24, 0xE0, 0xA8, 0xD1, 0x53, 0xC5, 0x47, 0x26, 0x5D, 0xD1, 0x7E, 0x6A,
    0xF5, 0x27, 0x77, 0xFF, 0x4F, 0x2A, 0x01, 0x42, 0xA0, 0x1A, 0x8B, 0xF5, 0xC8, 0x2E, 0x7E, 0x3A,
    0xE5, 0xB7, 0xAC, 0xB3, 0xC4, 0xC3, 0xA0, 0x2E, 0x42, 0xAB, 0xD4, 0xED, 0x59, 0xB3, 0xD7, 0x4C,
    0xFA, 0x81, 0xE5, 0x75, 0x96, 0x6A, 0xAD, 0x41, 0xBD, 0xD6, 0x95, 0xA3, 0x55, 0x70, 0xB4, 0xA9,
    0xFB, 0xB5, 0x38, 0xCB, 0xDD, 0x90, 0x02, 0x05, 0xE8, 0x2D, 0x48, 0x61, 0xF9, 0x89, 0x86, 0xDB,
    0x59, 0xC3, 0x6A, 0x6E, 0xB6, 0x5C, 0x4C, 0x9C, 0x2F, 0x4F, 0x41, 0xE9, 0x6C, 0x19, 0x36, 0xBF,
    0x35, 0xE1, 0xAC, 0x96, 0xC9, 0x3A, 0x66, 0x5C, 0xEB, 0x98, 0x0D, 0x8D, 0x2E, 0x6B, 0x69, 0x6B,
    0x1D, 0xA8, 0x5E, 0x8B, 0x9E, 0x36, 0x30, 0xFF, 0xD6, 0x40, 0xAB, 0x6F, 0xB2, 0xAE, 0x69, 0xD5,
    0xD1, 0x9C, 0x39, 0x9D, 0x46, 0xED, 0x04, 0x55, 0x8C, 0x99, 0xBD, 0x07, 0xCF, 0xE2, 0x4A, 0x66,
    0x76, 0xC5, 0x84, 0x69, 0x63, 0xC2, 0x70, 0xC9, 0x09, 0xFA, 0x9F, 0x0B, 0x26, 0xB8, 0x8D, 0x09,
    0xC9, 0x15, 0x13, 0xB6, 0xD9, 0xC1, 0xE2, 0x9B, 0xE7, 0xA7, 0x4D, 0x33, 0xBF, 0x3A, 0x6C, 0x7A,
    0x76, 0x58, 0x4B, 0x85, 0x7B, 0xF5, 0xBC, 0x9D, 0xC9, 0x81, 0x0D, 0x84, 0x9D, 0x7E, 0x8D, 0x54,
    0xF6, 0x0B, 0xB8, 0xB8, 0x5F, 0xC2, 0xF0, 0xEB, 0x6D, 0x0B, 0xB1, 0x4D, 0x13, 0xEB, 0xF0, 0xB2,
    0xD1, 0x8F, 0x0E, 0x87, 0x83, 0x96, 0x9B, 0xAE, 0x9A, 0xDF, 0x75, 0xBE, 0xAD, 0x3B, 0xDF, 0xE7,
    0x53, 0x2A, 0xA4, 0xDC, 0x3C, 0x71, 0x7A, 0xF4, 0x25, 0x84, 0x02, 0xE2, 0x02, 0xE5, 0x17, 0x08,
    0x8E, 0xF2, 0xF5, 0x07, 0x5A, 0x58, 0x04, 0x5C, 0x7E, 0x2C, 0xE7, 0xF4, 0x38, 0xA2, 0xD8, 0x13,
    0xC3, 0x84, 0x7C, 0xFB, 0x24, 0xAB, 0x84, 0x31, 0x00, 0x91, 0x03, 0xC1, 0xF0, 0xE6, 0x45, 0x4F,
    0x30, 0x52, 0xC4, 0x99, 0x81, 0x33, 0xF2, 0xE8, 0xDF, 0xC9, 0xE5, 0xDD, 0x20, 0x63, 0xF7, 0x75,
    0x1C, 0x15, 0xFD, 0x28, 0xD0, 0x6C, 0x53, 0x6B, 0x05, 0x1B, 0x74, 0x74, 0x78, 0xC8, 0x0D, 0xEE,
    0x60, 0x19, 0x35, 0xD9, 0xC7, 0x76, 0x81, 0x4B, 0x2C, 0x70, 0x98, 0xC7, 0x12, 0xFE, 0x4A, 0xEC,
    0x4A, 0x53, 0xA0, 0xFC, 0xF6, 0x36, 0x46, 0x83, 0x44, 0x35, 0x85, 0x3E, 0x7C, 0xC5, 0x2A, 0x52,
    0xA7, 0x04, 0xDD, 0xDC, 0x9A, 0x8B, 0xC0, 0x1D, 0x07, 0x2C, 0x37, 0x40, 0x77, 0xC5, 0x74, 0x1F,
    0xFD, 0x28, 0x9E, 0xEC, 0xF7, 0x94, 0x56, 0x8D, 0xCD, 0xFA, 0x3B, 0x9A, 0xD1, 0x21, 0x45, 0xF1,
    0x5C, 0xAB, 0x7D, 0xB2, 0x60, 0x5C, 0xAC, 0x38, 0x54, 0x13, 0x13, 0x5F, 0xED, 0x78, 0x3C, 0xAB,
    0xF0, 0x6E, 0xD9, 0x9A, 0xBF, 0x73, 0x04, 0x60, 0xBF, 0x01, 0x55, 0x42, 0xAD, 0x6D, 0x97, 0x66,
    0xA2, 0x2D, 0x60, 0xCE, 0x1A, 0xA6, 0x11, 0xAB, 0x9A, 0x98, 0x2A, 0x30, 0x76, 0xD1, 0x48, 0x06,
    0x2D, 0x8E, 0x1A, 0xAA, 0x11, 0xE9, 0xB5, 0x23, 0x5F, 0x21, 0x3E, 0x33, 0x5D, 0x1F, 0xA9, 0xFF,
    0xB0, 0xFD, 0x0B, 0xF6, 0x10, 0x3A, 0x88, 0x3E, 0x37, 0x9D, 0xD9, 0xA6, 0x79, 0xD9, 0x61, 0x5C,
    0x37, 0x5D, 0x2E, 0x1E, 0xC1, 0x9A, 0x1C, 0xE8, 0x5E, 0x2B, 0xE8, 0xDB, 0xDF, 0x72, 0xB1, 0xE9,
    0x3F, 0xE5, 0x1A, 0x2C, 0x6E, 0x1E, 0x51, 0x69, 0xA9, 0xB4, 0xC6, 0xCC, 0x72, 0x33, 0xCD, 0x65,
    0x62, 0xD0, 0x0C, 0x32, 0xCB, 0x94, 0xC7, 0x53, 0x2B, 0x07, 0x9D, 0x45, 0xBD, 0xA3, 0xE5, 0xF4,
    0x4F, 0xB9, 0x87, 0x53, 0x8E, 0x23, 0xB9, 0xCC, 0x67, 0xB0, 0x08, 0x9E, 0x6D, 0xB1, 0xEE, 0xA9,
    0x61, 0xE9, 0xF6, 0x8E, 0x89, 0xB1, 0x4B, 0x35, 0xAB, 0x23, 0xEA, 0x68, 0x71, 0x11, 0x65, 0xA5,
    0xB5, 0x4B, 0xAC, 0x56, 0x26, 0xB2, 0xD9, 0x33, 0xDE, 0xE8, 0xF2, 0x48, 0xA1, 0x81, 0x00, 0xB5,
    0x25, 0xF2, 0x08, 0xAD, 0x67, 0x7D, 0xC9, 0x03, 0x05, 0x37, 0xAC, 0x38, 0x55, 0x5A, 0xD7, 0x2E,
    0x58, 0x59, 0xD2, 0x18, 0x61, 0x4F, 0x91, 0x12, 0x31, 0x85, 0x18, 0x33, 0xA2, 0x3D, 0x2F, 0xE1,
    0xEF, 0x6E, 0x01, 0x9C, 0x1E, 0x43, 0x62, 0xB5, 0xE4, 0x6E, 0x60, 0x55, 0x91, 0xCA, 0x4E, 0x9D,
    0xE5, 0xF7, 0x19, 0x7F, 0x94, 0xD3, 0x77, 0x11, 0x13, 0x1C, 0x99, 0x28, 0x06, 0x56, 0x7C, 0xBD,
    0x2A, 0x46, 0xB3, 0x29, 0x46, 0x6E, 0x45, 0xA5, 0x56, 0x5F, 0x8A, 0xFC, 0x88, 0xF8, 0x2A, 0xC5,
    0x7D, 0x74, 0x92, 0xF0, 0x98, 0xC2, 0xAF, 0x72, 0xB6, 0xD4, 0xD3, 0xF6, 0xAA, 0x47, 0x4B, 0x3F,
    0xD5, 0xCC, 0x79, 0x71, 0xE5, 0xC5, 0x6D, 0xC5, 0xF4, 0xFD, 0x79, 0x61, 0x7D, 0xB9, 0x2C, 0x56,
    0xC1, 0x0F, 0xB3, 0xDC, 0x32, 0xF1, 0xFD, 0x11, 0xA5, 0x6C, 0xBC, 0xB7, 0x36, 0x6F, 0xD8, 0xD4,
    0xE5, 0x67, 0x65, 0xFE, 0xB5, 0xE4, 0xA3, 0x95, 0xF4, 0xFE, 0xBC, 0xD1, 0xBB, 0x10, 0xBE, 0xB9,
    0x2E, 0xAB, 0x9C, 0xA5, 0x3E, 0xDE, 0x2B, 0x09, 0x27, 0xE5, 0x0D, 0x57, 0x89, 0x95, 0xCE, 0x5D,
    0x8B, 0xD8, 0x49, 0xCE, 0x30, 0xF1, 0x4D, 0x88, 0x56, 0x76, 0xA2, 0x5D, 0x36, 0x93, 0xDC, 0x9C,
    0xEE, 0x60, 0x7C, 0xFB, 0xBC, 0xBE, 0x85, 0xDD, 0x81, 0x21, 0xC5, 0x28, 0x76, 0x45, 0x3C, 0x26,
    0xB8, 0x38, 0xC2, 0x0C, 0x02, 0x44, 0xEB, 0xD7, 0x56, 0xC5, 0xA5, 0xD7, 0x99, 0xA9, 0x8B, 0xBC,
    0xE0, 0x66, 0xED, 0xB4, 0x96, 0x96, 0xF5, 0xCA, 0x46, 0x19, 0x7F, 0xCC, 0x6C, 0xC1, 0x9E, 0xB0,
    0x39, 0xB5, 0xE4, 0x47, 0x4F, 0x4C, 0x3A, 0x6A, 0x76, 0xC4, 0x69, 0x1A, 0x84, 0xF0, 0x15, 0xF6,
    0x96, 0x56, 0x12, 0xB1, 0xC0, 0xDE, 0x24, 0x61, 0x15, 0x03, 0x9E, 0xFE, 0x76, 0xEE, 0x61, 0xE4,
    0x24, 0xCB, 0xA7, 0xBC, 0x27, 0x27, 0x26, 0xBB, 0xD3, 0xCB, 0x0E, 0x22, 0x6C, 0x94, 0xB7, 0xDF,
    0x00, 0xDE, 0xC2, 0xC5, 0xBC, 0x8A, 0xB1, 0xE0, 0x6D, 0x1A, 0xFD, 0xAB, 0x12, 0xFB, 0xD0, 0x50,
    0xF6, 0x4C, 0xFC, 0x32, 0xA6, 0xEA, 0x29, 0x7E, 0x26, 0x81, 0x7C, 0x55, 0xDB, 0xEA, 0x57, 0xAF,
    0x42, 0xE9, 0xD1, 0xD7, 0x4C, 0xC2, 0xE6, 0x0B, 0xB1, 0x34, 0xE1, 0xA4, 0x7C, 0xD6, 0x24, 0x55,
    0x76, 0x89, 0x8D, 0xDA, 0x5E, 0xC1, 0xE3, 0x3F, 0x02, 0x9D, 0xFF, 0x4A, 0x84, 0xFB, 0x7A, 0xA5,
    0xB0, 0x49, 0xDE, 0xAF, 0x17, 0x7B, 0x72, 0x23, 0xBB, 0x24, 0xA9, 0x60, 0x99, 0xE6, 0xA4, 0x17,
    0xF3, 0x69, 0xE9, 0x93, 0x5E, 0x0C, 0x2A, 0x43, 0x60, 0x8C, 0x5B, 0x31, 0xB9, 0xE5, 0x42, 0x34,
    0x4E, 0x46, 0x9A, 0xA7, 0xA9, 0xAD, 0x46, 0x6D, 0x11, 0xF0, 0xB5, 0xB5, 0x66, 0x5B, 0xD0, 0x66,
    0xCB, 0x2A, 0x81, 0xD6, 0x1A, 0x55, 0xE5, 0xC1, 0xAE, 0x38, 0xE4, 0x16, 0xEB, 0xDB, 0xBD, 0x12,
    0xAD, 0xB2, 0xED, 0x9E, 0x00, 0x26, 0xE0, 0x7E, 0x47, 0x3E, 0xC3, 0x40, 0x16, 0x9B, 0x61, 0xC7,
    0xC3, 0xB8, 0x48, 0xA0, 0xF1, 0x93, 0x50, 0x89, 0x8C, 0x64, 0x6F, 0x91, 0x39, 0x96, 0xE9, 0xB0,
    0x25, 0xCB, 0x9B, 0x49, 0xEC, 0x25, 0x1E, 0x7D, 0x60, 0xDE, 0x4C, 0x3C, 0x56, 0xBF, 0x96, 0x04,
    0x00, 0x87, 0xB3, 0xF8, 0x37, 0x04, 0xAA, 0x49, 0xBC, 0xBD, 0x0C, 0x5A, 0x17, 0x77, 0xA7, 0xC8,
    0xC3, 0x6B, 0x69, 0xBD, 0x52, 0x26, 0x8F, 0xF1, 0x9B, 0xB5, 0xC0, 0xB0, 0x7A, 0xAD, 0xF6, 0xDA,
    0x6B, 0x0D, 0xEF, 0xF1, 0x5A, 0xC3, 0xA5, 0xD7, 0x1A, 0xAD, 0x72, 0x54, 0x5A, 0xC2, 0x67, 0x66,
    0x7C, 0xF4, 0x1F, 0x16, 0x43, 0x0C, 0x7F, 0x40, 0xC7, 0xA2, 0x16, 0x74, 0xD8, 0x2E, 0xC3, 0xD4,
    0x16, 0xF6, 0x81, 0x5B, 0x37, 0xF2, 0xE5, 0xE7, 0xC8, 0x8F, 0x7D, 0x01, 0x61, 0x78, 0xBD, 0x28,
    0x2F, 0x53, 0x2B, 0x0A, 0x3C, 0x65, 0x66, 0x40, 0xD3, 0xA7, 0xB9, 0xAA, 0xFA, 0xBD, 0x8E, 0xE4,
    0x32, 0x2F, 0xEB, 0x76, 0x87, 0x4A, 0x61, 0xEA, 0x76, 0x75, 0x80, 0x17, 0x2D, 0x46, 0x64, 0xFE,
    0x98, 0xEE, 0xD7, 0xCB, 0x42, 0x29, 0xEB, 0x8C, 0xD1, 0x0A, 0xE6, 0xAD, 0xC6, 0x16, 0x1F, 0xCA,
    0x8E, 0x1F, 0xF6, 0x76, 0x89, 0xA0, 0x2F, 0xD7, 0x6B, 0x07, 0x6D, 0x62, 0x49, 0x9E, 0xCE, 0xEE,
    0x35, 0x5D, 0xDE, 0x6D, 0xF2, 0x7A, 0x9F, 0xB5, 0x93, 0x33, 0x3A, 0x62, 0xF4, 0xDF, 0xC7, 0x97,
    0xD5, 0xFE, 0xEA, 0x8A, 0x54, 0x1E, 0xCF, 0xAE, 0x48, 0xF1, 0x62, 0xD1, 0x13, 0xC2, 0x43, 0x4F,
    0x21, 0xE9, 0xDD, 0x03, 0xBD, 0x83, 0xB7, 0xBD, 0xF6, 0xD4, 0x82, 0xEC, 0x4E, 0x2D, 0xB8, 0xCB,
    0x3B, 0x98, 0x0E, 0x4E, 0x8E, 0xD7, 0x1E, 0x13, 0xC6, 0x0D, 0xCF, 0x2F, 0xAE, 0xE6, 0x40, 0xE2,
    0x66, 0xB5, 0xF2, 0xC8, 0x1D, 0xF7, 0x26, 0x86, 0x10, 0xC9, 0x81, 0x57, 0x90, 0xA8, 0xB3, 0x7E,
    0x84, 0x3D, 0xF7, 0x63, 0x4A, 0x3B, 0x06, 0x0F, 0x50, 0x32, 0x44, 0x2E, 0x27, 0x16, 0x66, 0x98,
    0x3D, 0xCB, 0x19, 0x10, 0xE7, 0x8B, 0x55, 0xD8, 0xB5, 0xF0, 0xA9, 0x59, 0xF8, 0x2D, 0x10, 0xDA,
    0x9F, 0xDD, 0x3A, 0xE1, 0x65, 0xA3, 0x72, 0xC6, 0x39, 0x54, 0xB8, 0xB8, 0x21, 0x02, 0x27, 0x48,
    0x54, 0x78, 0x5C, 0x09, 0x0C, 0x95, 0xEE, 0x87, 0xC2, 0x3A, 0xC1, 0xA3, 0x1F, 0xC7, 0x56, 0x02,
    0xF1, 0xF0, 0x23, 0x51, 0x96, 0xAF, 0x96, 0x80, 0xE3, 0x7A, 0x33, 0x05, 0xD9, 0x2C, 0x3A, 0x6C,
    0xEF, 0xDD, 0x10, 0x60, 0x63, 0x00, 0x5D, 0x51, 0x8E, 0xED, 0x82, 0xC6, 0x9E, 0x41, 0xEF, 0x51,
    0x6B, 0xE7, 0xD4, 0x23, 0x68, 0x37, 0xEB, 0x1D, 0x99, 0x62, 0xE6, 0xED, 0x00, 0xAB, 0x4D, 0xED,
    0x05, 0x80, 0x33, 0x9A, 0xFA, 0xE2, 0xBC, 0x42, 0xA1, 0xBA, 0xBC, 0x86, 0x99, 0x5E, 0x73, 0x78,
    0x7A, 0x4F, 0x86, 0x73, 0x6D, 0xB1, 0xB3, 0x85, 0xCE, 0x16, 0x39, 0xD7, 0x4B, 0xA0, 0xA3, 0x02,
    0x7C, 0x41, 0x1D, 0x9C, 0x37, 0x39, 0xF5, 0x06, 0x35, 0x03, 0x7E, 0xBD, 0xFD, 0x04, 0x8C, 0x7E,
    0x64, 0x4A, 0xE8, 0x08, 0xC7, 0xA0, 0xC5, 0x52, 0x48, 0x56, 0xE5, 0x34, 0x11, 0x1C, 0x7A, 0xDE,
    0x98, 0x63, 0x8E, 0xD7, 0x7F, 0xC5, 0xC8, 0xE1, 0x0D, 0x6F, 0x54, 0xBC, 0xB3, 0xA4, 0x99, 0x5B,
    0xEF, 0x51, 0x14, 0x76, 0xFB, 0x6B, 0xD8, 0x6E, 0x28, 0xE4, 0xE7, 0xD7, 0x0A, 0x31, 0xF0, 0x26,
    0x9C, 0xAE, 0x86, 0x79, 0x53, 0xBD, 0x76, 0xBB, 0x2F, 0x74, 0x21, 0x10, 0x7E, 0xAB, 0x6C, 0x77,
    0xEE, 0x11, 0x6B, 0xEB, 0x16, 0xB2, 0x66, 0xF6, 0xF4, 0x71, 0x8D, 0x7C, 0x35, 0x4E, 0x2D, 0x2D,
    0x40, 0xAF, 0xD6, 0x53, 0xC6, 0x4D, 0xBA, 0xA7, 0x17, 0x15, 0x4F, 0x7F, 0x56, 0xF1, 0xC4, 0x0D,
    0x8E, 0x4A, 0x2F, 0xB5, 0xA7, 0x8A, 0x34, 0xA9, 0x6C, 0xFF, 0xB5, 0x6A, 0xF4, 0xBC, 0x05, 0x6A,
    0x27, 0x2C, 0xC0, 0x14, 0xC9, 0x0A, 0x03, 0xA8, 0xA8, 0xBC, 0x32, 0xC7, 0xEF, 0xED, 0xAA, 0x49,
    0x65, 0x66, 0x21, 0xDD, 0xE2, 0x56, 0x0D, 0xD4, 0x4E, 0x98, 0x73, 0x59, 0x9B, 0x22, 0x3E, 0xB1,
    0x1B, 0x0F, 0xF9, 0x76, 0xC7, 0xC7, 0x2E, 0xC5, 0xFE, 0x7F, 0xFE, 0x71, 0xE9, 0x3D, 0x6D, 0xDF,
    0xC8, 0xAB, 0x78, 0x0F, 0x2C, 0x23, 0xB6, 0x5D, 0xFD, 0x5D, 0xAF, 0xFF, 0x86, 0x13, 0xC2, 0xE2,
    0x1D, 0x18, 0x08, 0x62, 0xA6, 0x66, 0x60, 0x17, 0xB5, 0xEA, 0xB4, 0x5F, 0xAD, 0xC4, 0xA2, 0xEF,
    0xE2, 0x34, 0xD5, 0x0D, 0x0D, 0x44, 0xCF, 0x1A, 0x09, 0x0E, 0x31, 0xB0, 0xD2, 0xE0, 0x12, 0x99,
    0xAB, 0xC9, 0x24, 0x06, 0xEA, 0xF3, 0x41, 0x34, 0x2F, 0xA8, 0xA1, 0x12, 0x61, 0x11, 0x65, 0xC0,
    0xBD, 0xEF, 0xBA, 0xCA, 0x46, 0x0C, 0x72, 0xEE, 0x7F, 0x01, 0xDD, 0x5B, 0xBF, 0x93, 0xE4, 0x46,
    0x15, 0x6E, 0x49, 0x66, 0x05, 0x16, 0x58, 0x89, 0x8B, 0x2A, 0x8E, 0x40, 0x0E, 0x1C, 0xB8, 0x4C,
    0x51, 0x4A, 0x08, 0x08, 0x8C, 0x5B, 0xB6, 0x03, 0x02, 0x02, 0x08, 0xEC, 0x18, 0x07, 0x44, 0x24,
    0xF7, 0x1F, 0xA0, 0xA1, 0xFC, 0x07, 0x78, 0x13, 0xF2, 0x0B, 0x2E, 0xB0, 0xF7, 0x82, 0x4B, 0xA1,
    0xEA, 0x6C, 0x0D, 0xE7, 0x80, 0x80, 0x00, 0x15, 0x04, 0x04, 0x04, 0x1E, 0xCA, 0x2E, 0x02, 0x13,
    0x9C, 0x8C, 0x55, 0x65, 0xF9, 0x2C, 0xE9, 0xF1, 0xBE, 0xEF, 0xB5, 0x66, 0xB4, 0xEB, 0xD9, 0xC3,
    0xAE, 0xB2, 0x8F, 0xF3, 0xEE, 0x8E, 0xBA, 0x35, 0x33, 0xAD, 0xEE, 0xF7, 0x5E, 0xBF, 0x7E, 0xBF,
    0xC7, 0xB9, 0x9B, 0xCE, 0xA5, 0xE2, 0x5C, 0x2E, 0x1B, 0x57, 0xC8, 0x96, 0x17, 0xEE, 0xF1, 0x19,
    0xBE, 0xC3, 0x5F, 0xD1, 0x39, 0xE7, 0xC3, 0xD5, 0xE8, 0x25, 0x76, 0xC5, 0x7A, 0x25, 0x7A, 0xA5,
    0x7A, 0xE5, 0xBC, 0x76, 0x7A, 0xB5, 0x9C, 0xA2, 0xD4, 0xCB, 0xF3, 0xDA, 0xE8, 0x04, 0x89, 0x3E,
    0xE0, 0xD2, 0x9D, 0x36, 0xD7, 0x7B, 0xE7, 0x32, 0x91, 0xCA, 0xD5, 0x22, 0xBB, 0x48, 0x44, 0xFA,
    0x54, 0x9B, 0x31, 0x17, 0xA9, 0x87, 0x52, 0xFC, 0x13, 0xCE, 0x4F, 0xDE, 0xB9, 0x7A, 0x7C, 0x5E,
    0x57, 0xEA, 0x7F, 0x83, 0x65, 0xEE, 0xA0, 0x19, 0xF7, 0xCD, 0xA0, 0xCD, 0xFD, 0x7E, 0xC0, 0xF3,
    0xB2, 0xF5, 0x68, 0x0A, 0x6D, 0x14, 0x06, 0xD1, 0x6F, 0x1A, 0xAC, 0x96, 0x6F, 0xDD, 0xBA, 0x71,
    0xDF, 0xC7, 0x37, 0x58, 0x6A, 0x83, 0x95, 0x15, 0xCE, 0x12, 0x2B, 0x2A, 0x64, 0xB7, 0x64, 0x72,
    0x8D, 0xDE, 0x0C, 0x4E, 0x7A, 0xF7, 0x84, 0xA1, 0x85, 0x65, 0xD9, 0x0E, 0x68, 0xFD, 0x88, 0x59,
    0xB0, 0x48, 0x68, 0x0B, 0x4E, 0xA3, 0x6F, 0x48, 0x16, 0xB6, 0xE5, 0x84, 0xB6, 0xE6, 0x78, 0x01,
    0x8A, 0xA9, 0xFC, 0xCE, 0x7D, 0x03, 0xF0, 0xDD, 0x7F, 0xDB, 0x09, 0xFE, 0x14, 0x2C, 0xB4, 0x35,
    0xDB, 0x9F, 0x54, 0x3F, 0x90, 0xC1, 0xC8, 0xFA, 0x43, 0xF7, 0xB2, 0xEB, 0xEA, 0x5F, 0xCA, 0x7B,
    0x03, 0x20, 0xEA, 0x00, 0xDC, 0x16, 0xD4, 0xD8, 0xE4, 0xF2, 0xA2, 0xA2, 0x35, 0xBA, 0x66, 0x57,
    0x76, 0x4A, 0xF4, 0x55, 0xD3, 0x3B, 0xBF, 0xCB, 0x47, 0x27, 0x6D, 0xAE, 0xD0, 0x2F, 0x83, 0x45,
    0x5A, 0x10, 0xA2, 0xF7, 0x99, 0xBC, 0x36, 0x7C, 0x5B, 0x27, 0xBE, 0xA1, 0xE8, 0x29, 0x96, 0x6D,
    0xAD, 0x5D, 0x2D, 0x95, 0x57, 0x08, 0x65, 0x76, 0xE5, 0xAC, 0xBB, 0x35, 0x00, 0x6A, 0xDB, 0xAC,
    0x0A, 0x7B, 0x94, 0xC9, 0xA6, 0x56, 0x34, 0x12, 0xD9, 0x2A, 0x31, 0xB4, 0x7B, 0xC7, 0x88, 0xF5,
    0x6F, 0x62, 0x42, 0x94, 0x41, 0x55, 0x22, 0x5A, 0x63, 0x56, 0xA5, 0x89, 0xF4, 0xC4, 0x5D, 0x57,
    0x75, 0x24, 0xE5, 0x16, 0x9F, 0xD9, 0x48, 0xA3, 0x08, 0x56, 0xE2, 0x78, 0xEC, 0x33, 0x91, 0xB7,
    0xB9, 0x6C, 0x16, 0x4E, 0x12, 0xE8, 0xEB, 0x8C, 0x14, 0xBA, 0xF8, 0xD1, 0x7F, 0x77, 0xEE, 0xEF,
    0x01, 0xA3, 0x4A, 0x72, 0x59, 0x4C, 0x1E, 0xC0, 0x4E, 0xCD, 0xCE, 0x40, 0x03, 0xB8, 0xF3, 0x6D,
    0x7C, 0x58, 0xF7, 0xD1, 0x6A, 0xD9, 0x86, 0x00, 0x2A, 0x84, 0x5C, 0xA2, 0xE1, 0x63, 0x59, 0x18,
    0x6F, 0xA8, 0x48, 0x5F, 0x93, 0xCB, 0x77, 0xB9, 0x7E, 0x19, 0x49, 0x17, 0x2B, 0xF2, 0xB8, 0xF4,
    0x15, 0x61, 0x47, 0xC1, 0x86, 0xF2, 0x4F, 0x0C, 0xC1, 0x03, 0x3B, 0xE3, 0x92, 0xCD, 0x1E, 0x06,
    0x9D, 0xBA, 0x75, 0x84, 0x05, 0x74, 0x54, 0xBA, 0xB2, 0x8B, 0xD1, 0xC5, 0x7D, 0x42, 0x92, 0xCD,
    0xB7, 0x17, 0xCA, 0x19, 0xCC, 0x23, 0x59, 0xC7, 0x06, 0xD6, 0x84, 0x2F, 0xDF, 0xFA, 0xCA, 0x77,
    0xCA, 0xE5, 0x9D, 0x6E, 0xB0, 0xF6, 0x85, 0xBE, 0x07, 0x3B, 0x07, 0x5C, 0xA7, 0xB0, 0x0D, 0x5B,
    0x70, 0x5F, 0xA4, 0xE7, 0x32, 0xD2, 0x99, 0xB2, 0xD1, 0xA5, 0x00, 0x40, 0x37, 0x79, 0xA7, 0x7B,
    0xEB, 0x37, 0xA5, 0x1E, 0x92, 0x4E, 0x67, 0x52, 0x70, 0xC7, 0x6C, 0xE7, 0x13, 0x79, 0x69, 0x4C,
    0xBA, 0xB7, 0x92, 0xC9, 0x6D, 0x92, 0xEE, 0x4E, 0xAA, 0x8B, 0xC6, 0xDD, 0x9D, 0x0C, 0x5D, 0x3F,
    0x5A, 0x17, 0x3E, 0xC4, 0x10, 0x3D, 0xB7, 0xCF, 0xEB, 0x03, 0x43, 0xD2, 0xF9, 0x88, 0x8F, 0x97,
    0xCA, 0x2C, 0x3A, 0x59, 0xDE, 0x72, 0xEA, 0xB4, 0xE7, 0x42, 0xB1, 0x02, 0x8B, 0x67, 0x9A, 0xF7,
    0x95, 0xCA, 0x7B, 0x90, 0x62, 0xDB, 0x05, 0xDD, 0x86, 0x53, 0x65, 0xA8, 0x46, 0x81, 0x19, 0xB3,
    0x4F, 0x67, 0x57, 0xCD, 0x51, 0x33, 0x97, 0x32, 0x35, 0xFF, 0x1A, 0x15, 0x12, 0xB9, 0x37, 0xD6,
    0x32, 0x94, 0x1F, 0x0D, 0xA0, 0x90, 0x12, 0x2E, 0x57, 0xFE, 0x53, 0x3E, 0x97, 0x5C, 0x67, 0x68,
    0xC6, 0x52, 0x20, 0x62, 0xF4, 0x84, 0x66, 0x72, 0x57, 0x3F, 0x2E, 0xE4, 0xA7, 0x4A, 0xD4, 0x7A,
    0x2A, 0x94, 0xAB, 0xF8, 0xA5, 0xCA, 0x0A, 0xE5, 0x62, 0x5D, 0x21, 0xE3, 0xF9, 0x7C, 0x49, 0xBF,
    0xB5, 0x91, 0xE0, 0xE6, 0x2E, 0x3C, 0xAB, 0xA7, 0x5A, 0x4F, 0xF1, 0xB3, 0x67, 0x67, 0x67, 0x6F,
    0xF2, 0x00, 0x5E, 0x68, 0xB8, 0x39, 0x9F, 0xBF, 0xF9, 0xDC, 0xC4, 0x7F, 0x4F, 0x48, 0xFC, 0x77,
    0x94, 0x1D, 0x94, 0xF8, 0x49, 0x20, 0xFE, 0x98, 0x4C, 0x20, 0x3E, 0xBB, 0x3B, 0xF8, 0x30, 0x66,
    0xD7, 0x2B, 0xF1, 0xB5, 0xDB, 0x28, 0xF1, 0x93, 0xB1, 0xD9, 0x82, 0xF8, 0xA3, 0x6F, 0x41, 0xFC,
    0x31, 0xEF, 0x94, 0xF8, 0xC9, 0x98, 0x82, 0xF8, 0xAF, 0x8D, 0xF1, 0x0C, 0xE2, 0xBF, 0xEC, 0x5E,
    0xF9, 0x22, 0xC4, 0xD7, 0x83, 0xB0, 0x2D, 0x01, 0x8E, 0x5D, 0x55, 0xA4, 0x38, 0xE4, 0x7A, 0x88,
    0xBD, 0xB2, 0x5C, 0x7D, 0x57, 0x74, 0x92, 0xC6, 0xCD, 0xCE, 0x57, 0xB8, 0x70, 0x8F, 0xCF, 0xF0,
    0x1D, 0xC6, 0x60, 0xEC, 0x05, 0x12, 0x80, 0x6A, 0xD3, 0x85, 0xE6, 0xD7, 0xB7, 0xE4, 0xEC, 0x8D,
    0xA3, 0x44, 0xC3, 0xDF, 0xAF, 0x95, 0xF8, 0x6F, 0x1C, 0x7B, 0xCC, 0x15, 0x33, 0x4E, 0x5F, 0xAB,
    0xE0, 0x76, 0xF1, 0xA8, 0x5A, 0xE6, 0xA9, 0xBC, 0x0B, 0xDA, 0xA6, 0xE5, 0xD2, 0x19, 0x36, 0x79,
    0x50, 0x74, 0xA0, 0x54, 0x5E, 0x71, 0x01, 0x03, 0x48, 0x16, 0x4A, 0x5C, 0xA5, 0x19, 0x8E, 0xED,
    0x36, 0xED, 0x3C, 0x8E, 0x92, 0x5E, 0xCD, 0x96, 0x32, 0xA8, 0x1C, 0x71, 0xB2, 0x9C, 0x3B, 0x81,
    0x00, 0x92, 0xAA, 0xD8, 0xAA, 0x10, 0x14, 0xC8, 0xBD, 0x31, 0x9C, 0xC1, 0xCA, 0x15, 0xAD, 0xAA,
    0x32, 0x7D, 0x93, 0xA9, 0x1C, 0x1C, 0x28, 0xE9, 0xF7, 0x2F, 0x9D, 0x59, 0x5F, 0xAA, 0x07, 0xF4,
    0xA5, 0x7C, 0xB4, 0xBC, 0x22, 0x28, 0xAC, 0x5D, 0x0C, 0x70, 0x77, 0xCA, 0x61, 0xEB, 0x57, 0xCA,
    0x97, 0xAA, 0xCD, 0x0C, 0xA4, 0xAE, 0x72, 0xB9, 0x2F, 0xF2, 0x3E, 0x24, 0x82, 0xEE, 0x3E, 0xDA,
    0x5E, 0xF7, 0xE5, 0x35, 0xE9, 0x4A, 0x28, 0x9C, 0xCE, 0x9B, 0x18, 0x1D, 0x0E, 0x6A, 0xC3, 0xA4,
    0x92, 0xA9, 0x1F, 0x6B, 0x21, 0x09, 0x14, 0x76, 0x4A, 0x87, 0x88, 0x7C, 0x9A, 0xA8, 0x92, 0x84,
    0xD4, 0x46, 0x5B, 0xEA, 0xB4, 0x3B, 0x08, 0x62, 0x45, 0x42, 0x4F, 0x77, 0x09, 0x35, 0x0B, 0x12,
    0x78, 0xD9, 0xB1, 0x6D, 0xFD, 0x06, 0x0A, 0xB8, 0xAE, 0x94, 0x3A, 0xDB, 0x06, 0xEC, 0xB0, 0xA5,
    0x68, 0xDB, 0x80, 0x29, 0xEA, 0x17, 0xC0, 0xBB, 0x4D, 0x0C, 0x28, 0x24, 0x41, 0x3B, 0xA3, 0x8D,
    0xE6, 0x44, 0xA1, 0x88, 0x47, 0xF0, 0x55, 0x32, 0x66, 0x1D, 0x5A, 0xEC, 0x46, 0x32, 0xA0, 0x4D,
    0x7B, 0x5D, 0xD0, 0x65, 0x9D, 0x2E, 0xE8, 0x72, 0x2C, 0xA8, 0x2D, 0xE8, 0x9D, 0xEF, 0x74, 0x29,
    0xA5, 0xA5, 0x2E, 0xE5, 0x4A, 0x2C, 0x85, 0xCF, 0xC7, 0x66, 0x6E, 0xA4, 0x99, 0x3D, 0x9F, 0x77,
    0xEE, 0x47, 0xCE, 0xF5, 0x2E, 0xF9, 0x44, 0x51, 0x52, 0xB3, 0xA0, 0x7D, 0x12, 0x02, 0x69, 0x03,
    0xA5, 0xA9, 0x4F, 0xD6, 0xD5, 0x35, 0xF0, 0x1A, 0x5E, 0x2A, 0xF2, 0xE2, 0x49, 0xD7, 0x0C, 0x2F,
    0x3D, 0x47, 0x59, 0xEF, 0x80, 0x31, 0x5F, 0xAA, 0x0A, 0xF5, 0xF9, 0x09, 0x72, 0xD2, 0x95, 0x3B,
    0x7D, 0x60, 0xDB, 0x54, 0x1E, 0xBB, 0xAA, 0x88, 0x79, 0xF2, 0xEB, 0x44, 0x7E, 0x8D, 0xC1, 0xAF,
    0xC7, 0x84, 0x43, 0x42, 0x5D, 0xB7, 0x16, 0x0E, 0x3B, 0xCA, 0x70, 0xEC, 0xC6, 0x79, 0x21, 0x03,
    0x30, 0x29, 0x64, 0x22, 0xD5, 0x01, 0x0A, 0x91, 0xB4, 0x3A, 0x6F, 0xAE, 0xDB, 0xA7, 0x14, 0x9F,
    0x61, 0x19, 0x81, 0xD1, 0xC0, 0xDB, 0x3C, 0x47, 0x64, 0x34, 0xE5, 0xA6, 0xC1, 0x18, 0x0E, 0x16,
    0x12, 0xF4, 0x29, 0x0E, 0x61, 0xA4, 0x18, 0x81, 0xFF, 0x14, 0xAD, 0x14, 0x84, 0x57, 0xAC, 0x30,
    0x1C, 0x7D, 0xD9, 0x5B, 0x5F, 0x43, 0xDA, 0x67, 0x03, 0x87, 0x2B, 0xBE, 0x09, 0xB6, 0x59, 0xD1,
    0xCD, 0x80, 0x8C, 0xF6, 0x3A, 0xDC, 0xE3, 0x49, 0x9D, 0x95, 0x02, 0xA7, 0x69, 0x13, 0xA8, 0x09,
    0x5D, 0x38, 0xFF, 0x78, 0xE4, 0x01, 0xF3, 0x7F, 0x1F, 0x29, 0x76, 0x44, 0x27, 0x51, 0x20, 0x12,
    0x2A, 0x21, 0xDF, 0x25, 0x94, 0x6C, 0x66, 0x20, 0x18, 0x10, 0xC5, 0xCE, 0xCE, 0x63, 0xB9, 0x33,
    0x20, 0xF4, 0x80, 0x7D, 0x61, 0x3C, 0xE6, 0x07, 0xE3, 0x91, 0xAE, 0xF1, 0x50, 0xC6, 0x06, 0x1E,
    0x0A, 0x48, 0x05, 0x3C, 0x70, 0x4A, 0x1F, 0x3F, 0xF5, 0x5D, 0xD6, 0xD5, 0x38, 0xA5, 0xAD, 0xD3,
    0x9D, 0x33, 0xE1, 0xD2, 0x6C, 0x02, 0x10, 0xC4, 0xC3, 0x29, 0xEA, 0x04, 0x02, 0xC2, 0xCC, 0x73,
    0xB3, 0x08, 0x04, 0xF8, 0x05, 0x40, 0x40, 0xAE, 0x99, 0x10, 0x9A, 0x00, 0x44, 0x44, 0xB5, 0x89,
    0xF3, 0x1B, 0xBF, 0x49, 0xBD, 0x8C, 0x0F, 0x53, 0x1A, 0x6A, 0x83, 0xF2, 0xAC, 0xAE, 0x05, 0x44,
    0x80, 0xA8, 0x19, 0x32, 0x5B, 0x22, 0x92, 0x8B, 0xD1, 0xA2, 0x98, 0x0C, 0x11, 0xE5, 0x16, 0x22,
    0xA2, 0xF0, 0x10, 0x11, 0x85, 0x09, 0xC3, 0x55, 0x6A, 0xBC, 0x28, 0xD5, 0x37, 0x7E, 0xA1, 0x87,
    0x50, 0xF1, 0xF6, 0x1D, 0xCE, 0xDE, 0x68, 0x72, 0x00, 0x14, 0xC6, 0xC8, 0x7A, 0x67, 0x0A, 0x1E,
    0x96, 0xE8, 0x96, 0x1B, 0x22, 0x38, 0x15, 0x8A, 0xF7, 0xC8, 0xD3, 0xA1, 0x27, 0xA0, 0x06, 0xC3,
    0x74, 0xDE, 0xCC, 0x53, 0xD8, 0x69, 0xBA, 0x12, 0xA5, 0x58, 0x77, 0xC0, 0x7B, 0x22, 0x71, 0x89,
    0x77, 0x4C, 0x6B, 0xF2, 0x9A, 0x19, 0x3C, 0x2D, 0x75, 0x4D, 0x47, 0x59, 0xDA, 0xEF, 0xDB, 0x38,
    0x08, 0x0A, 0x1A, 0x18, 0xDF, 0x3B, 0xD8, 0x47, 0x27, 0x67, 0x95, 0x33, 0x3B, 0xDE, 0xF6, 0x50,
    0x07, 0x9A, 0x1D, 0x34, 0x50, 0x21, 0xD0, 0x46, 0x21, 0x37, 0x19, 0xE8, 0x54, 0x10, 0x10, 0x88,
    0x15, 0xDA, 0x5C, 0x37, 0x4F, 0xCE, 0x82, 0x95, 0x3A, 0xD3, 0x78, 0x1A, 0x68, 0x12, 0x29, 0x1A,
    0xD7, 0x83, 0xC1, 0x1A, 0x6D, 0x4C, 0x34, 0xD1, 0x40, 0xE6, 0x6E, 0x39, 0xF3, 0x1D, 0xB8, 0x96,
    0x7D, 0x59, 0x5F, 0x30, 0xDA, 0x56, 0x7F, 0x06, 0xBD, 0x4E, 0x3A, 0x98, 0x65, 0x64, 0x16, 0xB6,
    0x19, 0x95, 0xC1, 0xB6, 0x34, 0x2B, 0x28, 0xA8, 0xD7, 0x44, 0xDE, 0x9D, 0x39, 0xF0, 0x2F, 0x33,
    0x95, 0x6D, 0x6E, 0xE6, 0x1C, 0xBB, 0x66, 0xCC, 0x68, 0x54, 0x0E, 0x2A, 0xBE, 0xE1, 0x83, 0xA4,
    0xF4, 0x58, 0x54, 0x2C, 0x43, 0xB5, 0x41, 0x22, 0x13, 0x03, 0xFA, 0x1F, 0xEC, 0x68, 0x81, 0xB7,
    0x94, 0xA4, 0x18, 0x75, 0xFF, 0xEC, 0x4C, 0x76, 0x3A, 0x1E, 0x96, 0x5D, 0x4E, 0x16, 0x53, 0xD9,
    0x5C, 0x51, 0x1C, 0x70, 0x5A, 0xC3, 0xF0, 0xA4, 0x32, 0x6B, 0xB6, 0x35, 0x9B, 0x31, 0x98, 0x70,
    0xAD, 0x21, 0xC1, 0xEF, 0xCA, 0xE1, 0xEA, 0x60, 0x7B, 0xBA, 0xDE, 0x55, 0x7E, 0x01, 0xD0, 0xE8,
    0x46, 0x49, 0xD9, 0xD1, 0x84, 0x0E, 0x5F, 0x7E, 0xFD, 0xB1, 0x55, 0x31, 0x70, 0xE7, 0xE0, 0x29,
    0x78, 0x03, 0xAD, 0x79, 0xC1, 0xB6, 0xF8, 0x0A, 0xE0, 0x97, 0x76, 0xE6, 0xFF, 0x0E, 0x14, 0x7F,
    0xC5, 0xC8, 0x2E, 0xBC, 0x0B, 0xDF, 0x5D, 0x09, 0xA6, 0x35, 0x71, 0x1D, 0x19, 0x64, 0x89, 0xD9,
    0xBC, 0x59, 0x4F, 0xDE, 0x55, 0xCB, 0xC4, 0xBA, 0x9A, 0x1F, 0xDE, 0x97, 0xD5, 0x90, 0xC4, 0x1E,
    0x08, 0x68, 0x16, 0x9F, 0x1F, 0xCD, 0xD7, 0x3F, 0x2F, 0x9A, 0xED, 0x17, 0x42, 0x33, 0xFB, 0x5F,
    0x67, 0x13, 0xFA, 0xDC, 0xE0, 0xA2, 0x9F, 0x19, 0x6E, 0x39, 0x71, 0x70, 0x68, 0xF7, 0xB7, 0x31,
    0x67, 0xEE, 0x82, 0x0D, 0xB9, 0x09, 0x1B, 0x5B, 0x1C, 0x6E, 0x6B, 0x31, 0xD9, 0x65, 0x31, 0x91,
    0xFD, 0xC6, 0xEF, 0x6F, 0x73, 0xB9, 0xB7, 0xBC, 0xF1, 0x72, 0x7D, 0xB9, 0x95, 0xC9, 0xCB, 0x42,
    0xBC, 0x21, 0x1C, 0x18, 0x78, 0xB7, 0xB5, 0x2C, 0x51, 0x81, 0x6D, 0xF0, 0xAD, 0x09, 0x4B, 0xEF,
    0xF6, 0xB0, 0x98, 0x3D, 0x9B, 0x1D, 0x6E, 0x8B, 0xC3, 0x6D, 0x2D, 0x67, 0xB7, 0x0C, 0x1F, 0xEC,
    0x61, 0xC0, 0x12, 0x4C, 0x98, 0x18, 0x3E, 0xD0, 0xAE, 0xA9, 0x0D, 0xF7, 0x21, 0x7C, 0xC3, 0x27,
    0x6D, 0xE7, 0x22, 0x53, 0x4F, 0xB9, 0xAD, 0xE7, 0xE9, 0x51, 0x04, 0x2D, 0x86, 0x40, 0x47, 0x39,
    0x3B, 0x10, 0x36, 0x3F, 0x0D, 0x3A, 0x11, 0x7A, 0x9E, 0xA0, 0x06, 0xE7, 0x3F, 0x04, 0x22, 0xCE,
    0x75, 0x32, 0x1C, 0xEB, 0xCE, 0x0D, 0x81, 0xE2, 0xFC, 0x03, 0x96, 0xDB, 0xC0, 0x06, 0x28, 0xE5,
    0x7E, 0xC3, 0xB0, 0x17, 0x2D, 0xAF, 0x44, 0x8C, 0x48, 0xB5, 0x81, 0x79, 0x62, 0x14, 0x73, 0xBF,
    0x0F, 0xD4, 0xA8, 0xF6, 0x41, 0x00, 0x1A, 0xCA, 0x68, 0x1F, 0x2B, 0x3A, 0xA3, 0x09, 0xCF, 0x64,
    0x31, 0x87, 0x4D, 0x30, 0x61, 0x9C, 0xD8, 0xFA, 0xE9, 0x14, 0xF6, 0x28, 0xEC, 0x9A, 0x1D, 0x5F,
    0xDF, 0x5E, 0x76, 0x8A, 0xFD, 0x8A, 0xE1, 0x36, 0xD6, 0x55, 0x21, 0xFA, 0x14, 0x42, 0x51, 0x0B,
    0x5F, 0x85, 0x6D, 0xB0, 0x2E, 0xB2, 0x2E, 0x5E, 0x42, 0x16, 0x34, 0x19, 0x12, 0x8B, 0xF3, 0xA4,
    0x46, 0xEA, 0xEC, 0x5C, 0x97, 0x1B, 0x42, 0x16, 0x0C, 0x3B, 0x1F, 0xFB, 0x59, 0x88, 0xFC, 0x40,
    0x18, 0x64, 0xCF, 0x74, 0xB1, 0x71, 0x64, 0x61, 0x94, 0xA9, 0x03, 0x38, 0x3B, 0x63, 0x62, 0xEE,
    0x5D, 0x31, 0x5C, 0x1D, 0x6C, 0x6F, 0xAC, 0x77, 0x95, 0xA7, 0x1D, 0xAC, 0xDC, 0x92, 0xAF, 0xC9,
    0x0E, 0x7E, 0x48, 0xC7, 0x2B, 0x82, 0x6D, 0xD2, 0x65, 0x40, 0x2C, 0x1F, 0x69, 0x42, 0xE4, 0xA3,
    0xEF, 0x0F, 0xEF, 0x92, 0x2E, 0x6F, 0xAF, 0x08, 0x9A, 0x4F, 0xA3, 0x99, 0x09, 0x41, 0xE5, 0xCC,
    0x6D, 0x32, 0x36, 0xCE, 0xFB, 0xCF, 0xE0, 0x56, 0x40, 0xC8, 0x95, 0x10, 0x6F, 0xF4, 0x06, 0xE8,
    0x0A, 0x3C, 0x2B, 0xF7, 0x4F, 0x03, 0x12, 0x68, 0x88, 0x47, 0x6C, 0xC0, 0xB7, 0xCE, 0xBC, 0xA0,
    0xC4, 0xC0, 0x66, 0xB3, 0x09, 0x90, 0x13, 0x6E, 0x42, 0x5D, 0xCA, 0x02, 0x31, 0xA2, 0xBD, 0xD7,
    0x9A, 0xF9, 0xC6, 0x6A, 0x76, 0x36, 0x4D, 0x88, 0x2D, 0x52, 0xB6, 0x30, 0x4C, 0x55, 0x8C, 0x21,
    0x02, 0xC1, 0xA3, 0x96, 0xCE, 0x8F, 0x1A, 0xA4, 0xCF, 0xB8, 0x3D, 0x41, 0x33, 0x1E, 0x8F, 0x1A,
    0x7B, 0x1E, 0xCB, 0x9F, 0x14, 0xEE, 0x7C, 0x8E, 0xE4, 0x18, 0xE3, 0x14, 0xE6, 0x11, 0x52, 0x19,
    0xFA, 0x45, 0x2F, 0x28, 0x88, 0x06, 0xF6, 0x3A, 0xC6, 0x62, 0xBC, 0x62, 0xAC, 0x42, 0xD8, 0x0D,
    0xEE, 0xD0, 0x66, 0xA1, 0xDD, 0xB8, 0x85, 0x49, 0xCE, 0xC5, 0xFC, 0xE5, 0xC0, 0x20, 0xC0, 0xC2,
    0xD0, 0x38, 0xB7, 0xA0, 0xB5, 0x0B, 0x2A, 0x63, 0x0C, 0x9D, 0x96, 0x41, 0xB9, 0xE5, 0x93, 0xDD,
    0xB9, 0x31, 0xE9, 0x1F, 0x29, 0x82, 0xE7, 0xFB, 0xF0, 0x39, 0x26, 0x2E, 0x64, 0xA1, 0x24, 0x38,
    0xDC, 0xCF, 0x67, 0x3C, 0x8F, 0x23, 0x55, 0xAA, 0x1F, 0x99, 0xF7, 0xA9, 0x19, 0x5D, 0xB5, 0x58,
    0x78, 0xCF, 0xF3, 0x48, 0xD3, 0x40, 0x0E, 0x5D, 0x0D, 0x75, 0x28, 0xBD, 0xCE, 0x3F, 0x29, 0xDC,
    0x98, 0x51, 0x9D, 0x57, 0x40, 0x4B, 0x43, 0x09, 0x11, 0x99, 0x36, 0xB3, 0x9C, 0x13, 0x54, 0x74,
    0x8D, 0xC8, 0x59, 0x05, 0xAF, 0x35, 0x97, 0xB3, 0x86, 0xA9, 0x0A, 0xC2, 0xB2, 0xC0, 0x60, 0xC7,
    0x59, 0xBB, 0x4F, 0x8C, 0x5A, 0xD9, 0x1C, 0xF7, 0xE1, 0x84, 0x5A, 0x00, 0xCD, 0xB4, 0x6E, 0x34,
    0x9F, 0xEC, 0x8D, 0x9D, 0xA3, 0xA2, 0x65, 0x4B, 0xA5, 0x02, 0x37, 0x38, 0x63, 0x8C, 0xAD, 0x23,
    0xB1, 0xEA, 0xD0, 0x37, 0xB4, 0x3B, 0xCC, 0x02, 0x84, 0x3E, 0xE6, 0x96, 0xD0, 0xB0, 0x98, 0x81,
    0x38, 0x72, 0x23, 0x8E, 0x41, 0xA3, 0xBF, 0x8B, 0xC5, 0x20, 0xDF, 0x91, 0x4D, 0x83, 0xFE, 0xAE,
    0x6C, 0x95, 0x06, 0xA9, 0xFC, 0x91, 0x01, 0x26, 0xDD, 0x09, 0xD9, 0xB1, 0xAF, 0xE4, 0x43, 0x5A,
    0x08, 0xAE, 0xFE, 0x8F, 0x22, 0xA3, 0xBD, 0xFF, 0x18, 0x38, 0xCF, 0x80, 0x9B, 0x91, 0x8D, 0x22,
    0x90, 0x36, 0xA7, 0x9C, 0x61, 0x5F, 0xA1, 0x4F, 0x57, 0x61, 0x4E, 0xC4, 0x22, 0xD9, 0x0B, 0x42,
    0xCD, 0x76, 0x54, 0xC7, 0x60, 0x56, 0x9C, 0x73, 0xC0, 0x17, 0xEB, 0xC0, 0xC4, 0xE2, 0xE3, 0x37,
    0x2E, 0xA5, 0x43, 0x66, 0x64, 0x34, 0xA2, 0x66, 0xB6, 0xDB, 0x7E, 0x11, 0x6B, 0x1F, 0x08, 0x6C,
    0x57, 0x25, 0x80, 0x19, 0xA7, 0x89, 0x19, 0xA7, 0x31, 0x8C, 0x53, 0x5A, 0xA5, 0x64, 0x27, 0xDD,
    0x5F, 0x06, 0x11, 0x87, 0xC6, 0x3A, 0xDA, 0x49, 0xD2, 0x73, 0x33, 0x74, 0xB7, 0x19, 0x76, 0x60,
    0x87, 0xE0, 0xFE, 0x08, 0x09, 0xDC, 0x62, 0x64, 0x8E, 0x68, 0x89, 0xB3, 0xB0, 0xDF, 0x16, 0xB8,
    0x14, 0x72, 0xFF, 0x76, 0x88, 0x36, 0xE8, 0x5A, 0xB1, 0x09, 0xDA, 0x65, 0x57, 0x95, 0x1D, 0x82,
    0xB9, 0x9A, 0x18, 0x4A, 0xB9, 0x59, 0x02, 0x7E, 0x5C, 0xC9, 0xFD, 0xC4, 0x90, 0x7F, 0xFC, 0x8D,
    0xAB, 0x83, 0xED, 0xDB, 0x6E, 0x65, 0xFD, 0x94, 0x26, 0x45, 0xE4, 0x9E, 0x25, 0xAA, 0x5E, 0x02,
    0x3C, 0xD7, 0xDE, 0x70, 0x67, 0x57, 0x05, 0xDB, 0x66, 0x93, 0x23, 0xC0, 0x28, 0x3D, 0xA2, 0x65,
    0x16, 0xFA, 0x56, 0xFB, 0x98, 0x59, 0xBA, 0x62, 0x9B, 0xF5, 0x57, 0x04, 0xCD, 0xC8, 0x24, 0xBE,
    0xAA, 0x00, 0xCB, 0xF5, 0x59, 0x14, 0xD5, 0xBA, 0xE8, 0x88, 0x36, 0xF8, 0x3A, 0x63, 0x1B, 0x3B,
    0xF7, 0x14, 0xF2, 0xEF, 0x77, 0x54, 0x12, 0xA9, 0x84, 0x12, 0xF5, 0x92, 0x75, 0x12, 0xE6, 0x46,
    0x04, 0x0A, 0x90, 0xDA, 0x02, 0x7A, 0xC6, 0x5B, 0x8E, 0x18, 0xB0, 0x52, 0x5A, 0x52, 0x01, 0x36,
    0xE2, 0x9A, 0x49, 0x97, 0xAD, 0x7B, 0x3D, 0xD9, 0x45, 0xAB, 0x96, 0x55, 0x52, 0xB9, 0x1F, 0x5F,
    0xA0, 0x87, 0x2E, 0xB4, 0x79, 0x8E, 0x1A, 0xEA, 0x13, 0x31, 0x20, 0x46, 0xF3, 0xC3, 0xA0, 0xD5,
    0xD4, 0x2B, 0xEB, 0x1C, 0xEB, 0x02, 0x86, 0x98, 0x02, 0x7D, 0x84, 0xB7, 0xE6, 0x09, 0x87, 0x13,
    0x4C, 0xBE, 0x49, 0x26, 0x3F, 0x21, 0x19, 0xDE, 0xF9, 0xA9, 0x44, 0x46, 0xC1, 0x4F, 0x1E, 0x46,
    0x05, 0x3A, 0x35, 0xBF, 0xEB, 0xD1, 0xCF, 0x6A, 0x8C, 0x37, 0xDA, 0x35, 0x5B, 0x6A, 0xB4, 0xD9,
    0xC8, 0xC9, 0x5C, 0x65, 0x41, 0x89, 0xBE, 0x45, 0x22, 0x5D, 0xB5, 0x56, 0x26, 0xF3, 0x2D, 0x6A,
    0x2D, 0x3A, 0xAD, 0xB5, 0x69, 0xAD, 0xA6, 0xA0, 0x2F, 0xF8, 0x4C, 0xD4, 0x08, 0xBD, 0xB9, 0x28,
    0xB8, 0xF2, 0xE7, 0x9C, 0xB9, 0x45, 0x6A, 0x37, 0x66, 0x08, 0x5F, 0x3B, 0xBD, 0x6C, 0xF3, 0x2D,
    0x59, 0x61, 0x4A, 0xB6, 0x33, 0x25, 0xD0, 0x45, 0x96, 0xC7, 0x88, 0xB9, 0xDF, 0x2D, 0xCC, 0x01,
    0xCB, 0x46, 0x2D, 0x9D, 0x65, 0xA5, 0xA0, 0x89, 0x32, 0x46, 0x23, 0xA0, 0x5D, 0x99, 0x58, 0x10,
    0x5A, 0x06, 0x4C, 0x94, 0xCD, 0xCE, 0x72, 0x25, 0x34, 0x10, 0x90, 0xFE, 0x9A, 0x96, 0x5C, 0x18,
    0x96, 0x44, 0x07, 0x4B, 0x61, 0xA2, 0xD9, 0xE1, 0x41, 0x4E, 0xA8, 0xE3, 0x0F, 0x9A, 0x50, 0x10,
    0x21, 0x7B, 0x46, 0x8C, 0x8C, 0x2D, 0x75, 0xD2, 0xA0, 0x9C, 0x5D, 0x6A, 0x28, 0x95, 0x26, 0xB5,
    0x9B, 0xEE, 0x5C, 0xF4, 0xD4, 0x94, 0xD3, 0xCD, 0x2B, 0x83, 0x6D, 0xB4, 0x04, 0x67, 0x56, 0x75,
    0x05, 0xB1, 0xDC, 0x63, 0xF4, 0x6D, 0x66, 0xD8, 0xF4, 0xD9, 0x9B, 0xF1, 0x9B, 0x57, 0x04, 0xDB,
    0xA4, 0xCF, 0x98, 0xB7, 0x1A, 0x0B, 0x3A, 0x73, 0x13, 0xA3, 0xE0, 0xB9, 0xBD, 0x0B, 0xDF, 0x3D,
    0xE0, 0xEF, 0xEB, 0xC7, 0xC9, 0x76, 0x28, 0x53, 0xB3, 0x3B, 0x8A, 0x75, 0xFD, 0xCA, 0xC2, 0xCF,
    0xF3, 0x65, 0xC8, 0x5E, 0x5E, 0x88, 0x33, 0x7E, 0x49, 0x85, 0x38, 0x8B, 0x6D, 0x10, 0x62, 0x5C,
    0x17, 0x3C, 0xD9, 0x73, 0x11, 0x2F, 0x3F, 0xAD, 0x2D, 0xA7, 0x63, 0x85, 0x38, 0x6B, 0x97, 0x26,
    0x8C, 0xB3, 0x61, 0x0D, 0x8D, 0x6E, 0x93, 0xF7, 0x26, 0xE5, 0x98, 0xC0, 0xB7, 0x30, 0x26, 0xB6,
    0xAD, 0x91, 0x84, 0x04, 0xB5, 0x80, 0x27, 0x53, 0xBD, 0xCC, 0xBC, 0xD6, 0xB3, 0x22, 0x76, 0x22,
    0x93, 0x85, 0x2D, 0x4D, 0x3C, 0xD3, 0xAC, 0x47, 0x49, 0x82, 0x62, 0x8A, 0xA8, 0xE2, 0x26, 0x2C,
    0x75, 0x6E, 0x41, 0xB3, 0xE8, 0xFB, 0x45, 0xF5, 0x4D, 0x06, 0x44, 0x4B, 0x6F, 0x7E, 0xE0, 0x96,
    0xA1, 0x84, 0xEB, 0x03, 0x18, 0xE5, 0x13, 0x28, 0xAA, 0x0F, 0xE4, 0x33, 0xD8, 0xA9, 0x9C, 0xC8,
    0x50, 0xEA, 0x69, 0xEC, 0x04, 0xCE, 0x46, 0x4B, 0xCD, 0xF8, 0x47, 0x01, 0x5F, 0xDD, 0x15, 0xF8,
    0x1D, 0xBF, 0xBD, 0x6D, 0xD1, 0x5A, 0xC0, 0x83, 0xF5, 0xD0, 0xFA, 0xB1, 0x60, 0x0B, 0xDF, 0xBF,
    0x19, 0xC8, 0x26, 0xBD, 0x1F, 0x9F, 0xB8, 0x8D, 0x04, 0xB1, 0x2E, 0xD6, 0xD6, 0x48, 0xE4, 0x57,
    0x4D, 0x8F, 0x12, 0x02, 0x94, 0x6A, 0x6D, 0xD6, 0x4E, 0x3F, 0x23, 0x7B, 0x16, 0x97, 0x63, 0x44,
    0xBA, 0x38, 0xA2, 0xCA, 0xAF, 0xDD, 0x0C, 0x01, 0xD9, 0x52, 0xA8, 0x99, 0x00, 0xA0, 0x12, 0x40,
    0x15, 0x80, 0xD2, 0xFC, 0x71, 0xC0, 0x6E, 0xE1, 0xBF, 0xEB, 0x8A, 0xEA, 0x75, 0xFD, 0x56, 0xC7,
    0x36, 0x0A, 0x53, 0xE5, 0x47, 0x3F, 0x28, 0x44, 0xCD, 0xA0, 0x00, 0xC9, 0xAC, 0xF0, 0x20, 0xF4,
    0x80, 0x7C, 0x22, 0xE8, 0x38, 0xA1, 0x30, 0x69, 0x67, 0x0C, 0x70, 0xCC, 0xAD, 0x6F, 0x8F, 0xF3,
    0xE6, 0x57, 0x0D, 0xCB, 0x33, 0x07, 0xBF, 0x24, 0x37, 0xAA, 0x98, 0xD3, 0xFA, 0xE7, 0x11, 0xF3,
    0xC6, 0x47, 0x1D, 0x77, 0x02, 0x15, 0x42, 0xD6, 0x04, 0x8B, 0x70, 0x51, 0xAF, 0x4F, 0xCE, 0x20,
    0x5B, 0x40, 0xB3, 0x30, 0x29, 0x80, 0x23, 0x74, 0x8E, 0xE0, 0x39, 0xC2, 0xE7, 0x08, 0xA0, 0x23,
    0x84, 0x8E, 0x20, 0x32, 0x54, 0x43, 0x3F, 0x97, 0xD9, 0xFD, 0xC9, 0x24, 0x0D, 0xC1, 0x6C, 0x84,
    0xB1, 0x7A, 0xA1, 0x48, 0xD9, 0x9F, 0xF6, 0xFF, 0x33, 0x54, 0x34, 0x04, 0x69, 0x14, 0xA6, 0x16,
    0x2A, 0x40, 0x9A, 0xFB, 0x98, 0x71, 0xF8, 0x15, 0x6F, 0x22, 0x92, 0xD2, 0x07, 0xE3, 0xCC, 0x09,
    0x62, 0xB3, 0x2C, 0x0B, 0x61, 0xC3, 0xB7, 0x8D, 0x15, 0xB0, 0x55, 0x61, 0xF0, 0xC3, 0x80, 0xEA,
    0xBB, 0x37, 0xDD, 0xC9, 0x4D, 0xCB, 0x2C, 0xBC, 0xB0, 0x84, 0x29, 0xDE, 0x0D, 0xA5, 0x9F, 0xC2,
    0xE0, 0xBB, 0x89, 0x24, 0x7A, 0xCC, 0x2D, 0x8D, 0xE1, 0x8D, 0x8B, 0x1C, 0xC3, 0x0A, 0xCC, 0x88,
    0xCD, 0x3C, 0xA7, 0x27, 0x36, 0x66, 0xBB, 0x0C, 0xDE, 0xE6, 0xE1, 0x46, 0xA1, 0xAC, 0x82, 0x18,
    0x1A, 0xF6, 0x92, 0x28, 0x56, 0x58, 0xBF, 0xE5, 0xB8, 0x71, 0x2A, 0x70, 0xFA, 0xB0, 0x94, 0x6D,
    0xDF, 0x87, 0x4B, 0x59, 0xA8, 0x4A, 0xEF, 0x19, 0x70, 0x0D, 0x8C, 0x90, 0x04, 0x5B, 0x2E, 0x5D,
    0x2A, 0x5D, 0xE3, 0x55, 0xA5, 0x6B, 0xEB, 0xD5, 0x98, 0x74, 0xDF, 0x31, 0x71, 0xD7, 0x0C, 0x6E,
    0x15, 0xDC, 0x59, 0x37, 0x83, 0x53, 0x82, 0xC8, 0x6D, 0x2B, 0x72, 0xDD, 0xD0, 0x98, 0x4C, 0x69,
    0x36, 0xD7, 0xB0, 0xAF, 0x0B, 0x0A, 0xCC, 0xDD, 0x22, 0x2F, 0x51, 0xCD, 0x13, 0x25, 0x63, 0xC8,
    0xE0, 0x59, 0x38, 0xCB, 0xBD, 0x0A, 0xC3, 0x64, 0x5A, 0x8E, 0xA2, 0xC9, 0x27, 0xA6, 0x38, 0x2D,
    0xE7, 0x70, 0x81, 0x9D, 0x4E, 0x0F, 0x85, 0xB9, 0x1D, 0xC0, 0x1D, 0x16, 0x70, 0xCB, 0x59, 0xC5,
    0x61, 0x26, 0xBA, 0x3F, 0xA9, 0x04, 0xD4, 0xC3, 0xDF, 0x7C, 0x0E, 0xDC, 0xA7, 0x15, 0xDC, 0x5B,
    0x2C, 0x6D, 0x90, 0x16, 0x22, 0xBE, 0x4A, 0xB8, 0x31, 0xD7, 0x4D, 0x31, 0x45, 0xA7, 0xCC, 0xCD,
    0x2D, 0x49, 0xF3, 0xA6, 0x0F, 0xDA, 0xF3, 0xA8, 0x7C, 0xFA, 0x8A, 0x61, 0x79, 0xFA, 0xA2, 0x7C,
    0x82, 0xB3, 0xA0, 0x54, 0xA3, 0x7C, 0x9A, 0x2E, 0x93, 0x4F, 0xA7, 0x2E, 0x40, 0x65, 0xE9, 0x1D,
    0xC2, 0x45, 0xF1, 0x01, 0xB7, 0x43, 0x21, 0x73, 0x04, 0xCD, 0x11, 0xB6, 0x10, 0x20, 0x96, 0x7D,
    0x3B, 0x9F, 0x2B, 0xEF, 0x22, 0x84, 0x06, 0x22, 0x65, 0x40, 0xCB, 0x50, 0x17, 0xF2, 0x87, 0xD4,
    0xC3, 0x06, 0xA6, 0x9E, 0xFA, 0xCE, 0x25, 0xB3, 0x49, 0x82, 0xD1, 0xEE, 0xF8, 0xD9, 0x43, 0x25,
    0x97, 0xBA, 0x2D, 0x09, 0xC4, 0x10, 0x5D, 0x95, 0xBA, 0x75, 0xD7, 0x6E, 0xAC, 0xA2, 0x95, 0xA8,
    0xE4, 0x54, 0x9F, 0x4A, 0x5F, 0xCF, 0x52, 0xBE, 0xAD, 0x6B, 0xE5, 0x62, 0x28, 0xDC, 0x50, 0x1C,
    0x97, 0xA1, 0x4C, 0xB9, 0x0A, 0x06, 0x1B, 0x0B, 0xC1, 0x0B, 0x2B, 0x25, 0x8F, 0x19, 0x84, 0xFB,
    0x8C, 0x2B, 0x50, 0xB0, 0x04, 0x65, 0x62, 0x4E, 0x16, 0x17, 0x66, 0x5F, 0x0C, 0xC7, 0xE5, 0x8A,
    0xE8, 0x7A, 0xD2, 0x52, 0x74, 0xC1, 0x46, 0x74, 0xC1, 0x3A, 0xE4, 0x32, 0x5C, 0x0A, 0x76, 0x79,
    0xC6, 0xE0, 0xDE, 0x16, 0xE6, 0x78, 0xAE, 0xB6, 0xF8, 0x45, 0x43, 0xFC, 0xCB, 0x5A, 0x2B, 0x56,
    0xCB, 0x57, 0x4D, 0xE2, 0x01, 0xF6, 0x30, 0xFA, 0x63, 0x96, 0xF0, 0x97, 0x86, 0x97, 0x7B, 0xD2,
    0x7D, 0x93, 0xA7, 0xC8, 0x3B, 0x8B, 0x4C, 0xA2, 0x65, 0x45, 0x28, 0xB7, 0x34, 0x15, 0x0B, 0x2D,
    0xB0, 0x4A, 0xF5, 0x1E, 0x0B, 0x8C, 0x7F, 0x86, 0xF6, 0x31, 0xBA, 0x9D, 0x2F, 0x27, 0x2C, 0x8C,
    0xFB, 0x9B, 0x6C, 0x54, 0xFE, 0x7D, 0x0A, 0x9B, 0x3A, 0x48, 0x18, 0xCA, 0xBF, 0x17, 0x21, 0xCB,
    0xE0, 0xC5, 0x56, 0x0D, 0x0D, 0x65, 0xBA, 0xCD, 0xA8, 0x36, 0x52, 0x01, 0x8E, 0x76, 0xC4, 0x27,
    0x2A, 0x74, 0xAC, 0x38, 0xB2, 0x56, 0x09, 0xB5, 0x0B, 0x45, 0xD3, 0x56, 0x4E, 0x61, 0xBE, 0xBD,
    0xF2, 0x0E, 0x63, 0x1E, 0xD9, 0x14, 0x77, 0x4B, 0x60, 0x9C, 0x32, 0x33, 0x9E, 0x4E, 0x96, 0xFC,
    0xF3, 0xFE, 0xEF, 0xBB, 0x08, 0x70, 0xFF, 0x95, 0xD9, 0xDB, 0x7B, 0x4B, 0xC1, 0xE3, 0x86, 0x1E,
    0xBD, 0xF2, 0xCF, 0xC0, 0x34, 0xFA, 0x2E, 0x5D, 0xAA, 0x2C, 0x95, 0x16, 0x29, 0xD9, 0x29, 0x5B,
    0x38, 0xCA, 0x5E, 0x05, 0xE2, 0x12, 0x08, 0xA7, 0x96, 0x73, 0x30, 0xFF, 0x43, 0x35, 0x27, 0xDB,
    0x86, 0x35, 0x9D, 0xD2, 0x5B, 0x79, 0xFF, 0xAB, 0x14, 0x00, 0xD3, 0xC1, 0x11, 0x0F, 0x7E, 0xB8,
    0xB9, 0xE1, 0x65, 0xE7, 0xFE, 0x97, 0x04, 0x68, 0x96, 0xC0, 0x87, 0x45, 0x41, 0x10, 0xC3, 0x85,
    0xF9, 0xEE, 0x67, 0xC6, 0x77, 0x21, 0x10, 0x68, 0x90, 0x8A, 0xB3, 0xA0, 0xF2, 0xBE, 0x2D, 0x28,
    0x07, 0x3C, 0x7F, 0x77, 0x10, 0x7E, 0x83, 0xD0, 0x87, 0xC0, 0xB6, 0x15, 0x90, 0x87, 0x8A, 0x83,
    0xD2, 0x62, 0x06, 0xA1, 0xE4, 0xCA, 0x22, 0x60, 0x56, 0x6C, 0xD4, 0xF4, 0xFB, 0x1C, 0x45, 0x3E,
    0x3D, 0x32, 0x70, 0xFE, 0xEA, 0x20, 0x51, 0x8B, 0xB5, 0x44, 0x7D, 0x1D, 0xFE, 0xCF, 0x94, 0xC8,
    0xA3, 0x01, 0x67, 0xB4, 0xF7, 0xF3, 0x96, 0x14, 0xD1, 0xA3, 0x00, 0x55, 0x3C, 0xA4, 0xA8, 0xB0,
    0x85, 0x78, 0x47, 0x02, 0x78, 0x5C, 0xEE, 0xED, 0xF3, 0x47, 0x62, 0x7F, 0x69, 0xD0, 0x63, 0xBD,
    0x43, 0xBA, 0xC9, 0x58, 0x90, 0x47, 0xF9, 0x99, 0x60, 0x7D, 0x5D, 0x68, 0x50, 0xF6, 0xBD, 0x48,
    0xDA, 0xB7, 0x97, 0x33, 0x76, 0x78, 0xD6, 0x8E, 0xDC, 0xDB, 0xAB, 0xFA, 0xC5, 0x9B, 0x31, 0xA3,
    0x80, 0xFF, 0xB0, 0x5F, 0xE8, 0x98, 0xA3, 0x59, 0x59, 0x74, 0x31, 0x85, 0x19, 0x88, 0x24, 0x51,
    0x8D, 0xDF, 0xFB, 0x44, 0x70, 0x1F, 0xE7, 0xEC, 0x53, 0x41, 0xCC, 0xEE, 0x6F, 0xDA, 0x8E, 0xF2,
    0x12, 0xEC, 0x24, 0xB5, 0x26, 0xF9, 0x6B, 0x07, 0xD9, 0x94, 0x50, 0x66, 0x8A, 0xCA, 0x07, 0x56,
    0x33, 0x6C, 0x09, 0x35, 0x4C, 0xD9, 0x80, 0x6C, 0xCF, 0x65, 0xF2, 0xFE, 0x61, 0x5D, 0xF2, 0x2E,
    0xED, 0xA4, 0xC0, 0xC1, 0xA1, 0xC2, 0xC2, 0xAA, 0xC1, 0x8A, 0xCE, 0x3D, 0xA0, 0xC6, 0x6F, 0x5D,
    0x02, 0x0E, 0xB1, 0x94, 0x1D, 0x15, 0x4B, 0xF3, 0x4A, 0x2C, 0xAD, 0xEB, 0xCC, 0xF9, 0x42, 0xC4,
    0x50, 0x8D, 0xE4, 0x9E, 0xA2, 0x74, 0x71, 0x09, 0x0E, 0x8E, 0x01, 0x95, 0x81, 0xD9, 0x73, 0x16,
    0x88, 0xB0, 0xF2, 0xCB, 0xF2, 0xE0, 0x25, 0x5B, 0x10, 0xE2, 0xF2, 0x18, 0xC4, 0x43, 0x87, 0xF3,
    0x81, 0xE6, 0xD5, 0x65, 0xEE, 0xDF, 0x43, 0x87, 0xD3, 0x9C, 0x2A, 0x0B, 0xBF, 0x5B, 0x2C, 0xDE,
    0xEE, 0x1F, 0x18, 0x89, 0x7F, 0xD8, 0x3B, 0xFE, 0xD6, 0x9A, 0x94, 0x87, 0xD0, 0x0C, 0x3D, 0x8C,
    0xE8, 0x68, 0xFA, 0x07, 0x7E, 0x0E, 0x9C, 0xAE, 0x96, 0x51, 0x90, 0x16, 0x51, 0x6F, 0x78, 0x41,
    0x5B, 0xFE, 0x94, 0xA9, 0x72, 0x96, 0x10, 0xB0, 0x1F, 0x21, 0xD4, 0x8C, 0xF5, 0xFB, 0x0F, 0x99,
    0xAE, 0xFE, 0x88, 0xC1, 0xF8, 0x4F, 0xB1, 0x5F, 0xA5, 0x58, 0xDA, 0xD8, 0x8A, 0xDD, 0xEC, 0x27,
    0x70, 0xFD, 0xFE, 0xC7, 0x4C, 0x79, 0xC8, 0x8C, 0xEF, 0x73, 0xE2, 0xD7, 0x98, 0x4D, 0xF0, 0x14,
    0xA7, 0x9E, 0xE6, 0x87, 0xC5, 0x3F, 0x9B, 0xC9, 0x1D, 0x62, 0x64, 0xEB, 0xDC, 0x7A, 0x7A, 0x24,
    0xB7, 0x1E, 0xDD, 0x64, 0x9D, 0x69, 0xF8, 0x89, 0xDD, 0xE1, 0x37, 0x7A, 0xD6, 0x6E, 0x1A, 0x23,
    0xE5, 0x8C, 0xBA, 0x70, 0x45, 0xA0, 0x59, 0x24, 0x18, 0xDA, 0x1D, 0x43, 0x3E, 0xC8, 0x4A, 0xC7,
    0x4C, 0x4A, 0xAB, 0x0F, 0xA6, 0x4E, 0xA4, 0x9A, 0x21, 0xB7, 0x85, 0x85, 0xF0, 0xD8, 0xA9, 0x86,
    0xBF, 0x14, 0xF9, 0x39, 0x4D, 0xF5, 0x58, 0x4E, 0x03, 0x31, 0x43, 0x4A, 0x7F, 0x3E, 0xFC, 0x8C,
    0x6F, 0x1D, 0x88, 0xD2, 0x9E, 0xF4, 0x97, 0xBB, 0x4C, 0xA1, 0xBC, 0xC3, 0xB2, 0x3C, 0xDE, 0xFB,
    0xEA, 0xAD, 0x4B, 0x39, 0xE4, 0x51, 0xA3, 0xFF, 0x7F, 0x01, 0xDD, 0x5C, 0xBF, 0x93, 0xE4, 0xD6,
    0x71, 0x7E, 0x00, 0xE8, 0x1D, 0x9B, 0x28, 0x17, 0x1C, 0xB9, 0xA4, 0x65, 0x00, 0x07, 0x0C, 0x54,
    0x17, 0x18, 0xFE, 0x0B, 0x0C, 0x48, 0x0E, 0x14, 0x28, 0xA0, 0x22, 0x07, 0x8E, 0x1C, 0x28, 0x11,
    0x1D, 0x5C, 0xE2, 0xC0, 0x0E, 0x64, 0xC0, 0x7F, 0x81, 0xF6, 0x4F, 0xB8, 0xE0, 0x82, 0xE3, 0x5E,
    0x70, 0xA9, 0x03, 0xD9, 0x18, 0x4B, 0xE1, 0x05, 0x1C, 0x2A, 0x61, 0xA0, 0xC0, 0x63, 0x93, 0x55,
    0xAE, 0x22, 0x03, 0x82, 0xBC, 0x29, 0x0B, 0xBC, 0xC3, 0xE0, 0xB9, 0xFB, 0xFB, 0xFA, 0x61, 0x30,
    0xB3, 0x33, 0x7B, 0x3F, 0x44, 0xDE, 0x71, 0x77, 0xEA, 0x16, 0x3D, 0x37, 0x83, 0x01, 0xFA, 0x7D,
    0xDD, 0xAF, 0xBB, 0x5F, 0x77, 0x3F, 0x38, 0xE7, 0x16, 0xDE, 0x77, 0xCE, 0xB9, 0x94, 0x24, 0xF3,
    0x7E, 0x4D, 0xB2, 0x72, 0x87, 0xAF, 0xC4, 0x6F, 0x1C, 0xCE, 0xEC, 0x1D, 0x4E, 0x01, 0x29, 0xFD,
    0xA0, 0xA4, 0x26, 0xF1, 0x20, 0xB1, 0xF7, 0x5B, 0x9C, 0xFF, 0x5F, 0x23, 0x4E, 0xFC, 0x50, 0x49,
    0xEE, 0x33, 0xAF, 0xE7, 0x8F, 0x20, 0xED, 0x90, 0x2A, 0xF1, 0x7D, 0xEA, 0x2B, 0x39, 0xB1, 0x5B,
    0xF8, 0x46, 0x38, 0x59, 0x27, 0x42, 0x32, 0xBF, 0x4C, 0xFC, 0xD2, 0x15, 0x5E, 0x5E, 0x4B, 0xB9,
    0x3E, 0x48, 0xAB, 0x64, 0x15, 0xE9, 0x51, 0xCF, 0x7A, 0x7A, 0x79, 0xE9, 0xD7, 0x72, 0xBE, 0x8B,
    0x7C, 0x27, 0xE7, 0xCB, 0x85, 0xBA, 0x42, 0x2E, 0x24, 0xA4, 0xC4, 0x65, 0x37, 0x64, 0x25, 0xD2,
    0x43, 0xAC, 0x87, 0xC4, 0x93, 0xDD, 0xF0, 0x3A, 0xBF, 0x8F, 0x91, 0x37, 0x7A, 0x9B, 0x4E, 0xCE,
    0xF5, 0x83, 0x9C, 0xE6, 0xB7, 0xB1, 0x6F, 0xCA, 0xD1, 0xBD, 0xED, 0x32, 0x70, 0x2C, 0x87, 0xBB,
    0x32, 0x92, 0xBB, 0xF2, 0xAD, 0x9C, 0xDB, 0x0E, 0xB9, 0xAF, 0xCA, 0xA1, 0xEC, 0x5D, 0xDB, 0xB7,
    0x7D, 0xE4, 0x37, 0x7E, 0x7C, 0xE4, 0x3B, 0x65, 0xAC, 0x53, 0x26, 0xBB, 0xDC, 0x6F, 0x7D, 0x17,
    0xFB, 0x35, 0x00, 0x3C, 0xBF, 0x38, 0x7B, 0xA0, 0x63, 0xEF, 0xF3, 0x9E, 0x70, 0x76, 0x00, 0x44,
    0x59, 0x15, 0xB0, 0xB6, 0xEE, 0xD4, 0xEB, 0x46, 0x61, 0x1C, 0x3F, 0x70, 0x97, 0xC2, 0xC2, 0xB8,
    0x18, 0x1D, 0x51, 0x96, 0x7B, 0x62, 0xA0, 0xB9, 0xDC, 0xE2, 0xD8, 0x4B, 0x51, 0x27, 0xEC, 0xC4,
    0x1D, 0xC0, 0x3B, 0x20, 0xEF, 0x08, 0x7D, 0xC0, 0x1E, 0xE0, 0x03, 0x7D, 0xC0, 0xEF, 0x80, 0xBF,
    0x83, 0x00, 0x1C, 0x24, 0xE0, 0x20, 0x02, 0x07, 0x19, 0x80, 0xF3, 0x0E, 0xC3, 0xE8, 0x1C, 0xC4,
    0xE0, 0x82, 0x1C, 0x5E, 0x01, 0xD0, 0x0F, 0x09, 0xE8, 0x2F, 0x4F, 0x03, 0xBA, 0xD9, 0x03, 0x74,
    0x45, 0x40, 0x3F, 0x7B, 0xF8, 0x3C, 0x40, 0x3B, 0x41, 0x52, 0x00, 0x5D, 0x5D, 0xA3, 0xB4, 0x4E,
    0xBE, 0xC3, 0xC4, 0x4B, 0xA9, 0x22, 0x39, 0x95, 0xB6, 0x00, 0xAA, 0x72, 0x13, 0x0C, 0x29, 0xD6,
    0x53, 0xBE, 0x69, 0x05, 0x1E, 0x55, 0x81, 0x7B, 0xBF, 0x8E, 0xFD, 0x85, 0xDE, 0x25, 0xD5, 0xDF,
    0x17, 0xCA, 0x51, 0xD9, 0x01, 0xB0, 0xA5, 0x72, 0xB1, 0xD4, 0x7B, 0x42, 0xB4, 0x19, 0x14, 0xD9,
    0x95, 0x60, 0xC8, 0x05, 0xA8, 0xF1, 0x61, 0x46, 0xD6, 0xEF, 0xDC, 0x3B, 0xA9, 0xE4, 0x14, 0x46,
    0x04, 0x8C, 0x74, 0x6E, 0xE8, 0xC8, 0x4B, 0x28, 0x81, 0x0C, 0xE4, 0xD2, 0x7B, 0xB9, 0x52, 0xEF,
    0x8A, 0x51, 0xCE, 0x5B, 0xBB, 0xEC, 0x42, 0xCE, 0x68, 0x08, 0x02, 0x6F, 0x09, 0xF5, 0x70, 0x35,
    0x44, 0x27, 0x22, 0x99, 0x13, 0x9B, 0xE3, 0x07, 0x64, 0xEF, 0x94, 0x5A, 0x7E, 0xFE, 0xEF, 0x7A,
    0xBB, 0x26, 0x91, 0xAB, 0xE7, 0xFE, 0x69, 0xAB, 0x37, 0x51, 0x09, 0x35, 0x3A, 0x3F, 0xFD, 0x08,
    0xBD, 0x00, 0xDE, 0x67, 0x9E, 0xB7, 0x72, 0xD1, 0x85, 0x32, 0xAD, 0x60, 0x14, 0x7A, 0xC9, 0x76,
    0x63, 0x32, 0xC8, 0xC6, 0x23, 0x2A, 0x7E, 0x01, 0xB9, 0x54, 0x7A, 0x91, 0xB5, 0x8A, 0x64, 0xB3,
    0x50, 0xE1, 0x64, 0x7E, 0x55, 0xF6, 0x22, 0xE6, 0x3F, 0x75, 0x25, 0xA6, 0x89, 0x5E, 0x07, 0x37,
    0x39, 0x3C, 0xF4, 0x4E, 0xC4, 0xE3, 0x1F, 0xF9, 0xA5, 0x02, 0xD2, 0xE4, 0xCA, 0x50, 0x02, 0x80,
    0xEA, 0xB1, 0x02, 0xC8, 0x1B, 0x37, 0x4D, 0x0F, 0x9D, 0x6E, 0x0D, 0x66, 0x54, 0xAB, 0x02, 0x28,
    0xB6, 0x99, 0x7E, 0xF9, 0xFE, 0xBD, 0xF8, 0xC1, 0x6D, 0x41, 0xFE, 0x67, 0xD4, 0x77, 0x8C, 0x18,
    0xDA, 0x05, 0xFB, 0x92, 0xF8, 0x5F, 0x0E, 0x3A, 0xDC, 0xC4, 0x1F, 0xB7, 0x32, 0x17, 0xCE, 0x64,
    0x00, 0x21, 0xC0, 0xBE, 0x6C, 0x1C, 0xC4, 0xE0, 0x20, 0x07, 0x07, 0x41, 0x50, 0x12, 0x14, 0x05,
    0xC1, 0x3F, 0x76, 0x54, 0x79, 0x50, 0x20, 0x00, 0xAA, 0x71, 0x10, 0x89, 0xC9, 0x24, 0x08, 0xC5,
    0x2D, 0xD6, 0x7B, 0xD3, 0x75, 0x98, 0xFF, 0x2F, 0x5D, 0xBB, 0xE7, 0xBC, 0x6E, 0x98, 0x54, 0x62,
    0xBD, 0x8E, 0xDA, 0x7C, 0x5A, 0x09, 0xBC, 0x8B, 0xFB, 0xD7, 0x3E, 0x15, 0xCE, 0xEF, 0x9D, 0x5D,
    0xC2, 0xC5, 0x02, 0xEE, 0x64, 0xA4, 0x11, 0x82, 0xD8, 0x9D, 0xFA, 0x08, 0xD8, 0xA2, 0xD5, 0x2D,
    0x01, 0xFD, 0xEC, 0x7E, 0x74, 0x29, 0xDF, 0x6D, 0xE9, 0x80, 0xEA, 0x1E, 0x27, 0xAC, 0x26, 0x86,
    0xD2, 0x61, 0xB2, 0x53, 0x6F, 0x78, 0x2A, 0xA4, 0xE2, 0x69, 0x2A, 0xFD, 0xB0, 0x30, 0xDF, 0xBA,
    0xA6, 0xC3, 0xA5, 0x38, 0x08, 0x46, 0x74, 0x35, 0x3A, 0x90, 0x0B, 0x7E, 0x4A, 0xA2, 0x38, 0x97,
    0x14, 0x47, 0x4D, 0x71, 0xB4, 0xE3, 0x43, 0x11, 0x87, 0xFA, 0x47, 0xF5, 0x40, 0xC2, 0x4C, 0x4A,
    0x22, 0xD8, 0x45, 0x24, 0xE2, 0xED, 0xD5, 0x1F, 0x27, 0x82, 0x48, 0xAC, 0x64, 0x49, 0xEF, 0xAC,
    0x64, 0x9D, 0x06, 0xA2, 0xBE, 0x7A, 0x99, 0x09, 0x73, 0x99, 0x12, 0x04, 0x29, 0xB9, 0x07, 0x6B,
    0x8A, 0xA1, 0xDC, 0xA8, 0x1C, 0xA1, 0x14, 0xE5, 0x78, 0x19, 0xA2, 0x09, 0xF9, 0x4D, 0xE0, 0xC1,
    0x23, 0x22, 0xF6, 0x64, 0x13, 0x1C, 0x0F, 0x85, 0xD1, 0x9A, 0x41, 0x5D, 0xDF, 0x82, 0xB6, 0x1B,
    0x6A, 0xA0, 0xFF, 0x92, 0x3A, 0xE2, 0x9F, 0x28, 0x10, 0x3F, 0x77, 0xFE, 0x93, 0x8D, 0xDE, 0xF3,
    0x23, 0x48, 0xCD, 0xFB, 0xA7, 0xAA, 0x76, 0x89, 0xDF, 0xA9, 0x9F, 0x52, 0x61, 0xA9, 0xC6, 0xF8,
    0x47, 0x0D, 0x75, 0xA0, 0x5F, 0x0C, 0x3C, 0x7A, 0x52, 0x61, 0x6B, 0xA2, 0x23, 0x69, 0xBE, 0xA5,
    0x68, 0x20, 0x41, 0x91, 0xAA, 0x45, 0x61, 0x0F, 0x41, 0x75, 0x0C, 0x3D, 0x94, 0x84, 0x34, 0xF5,
    0x23, 0x65, 0xDC, 0xAE, 0x6B, 0x0B, 0x8B, 0xFC, 0xD7, 0x8C, 0x4F, 0x55, 0x4E, 0x19, 0xC7, 0x0A,
    0x6E, 0x2A, 0xF9, 0xD1, 0xA5, 0x32, 0x55, 0x6C, 0xE5, 0xAC, 0x4E, 0xAF, 0x1F, 0x91, 0xE8, 0xDD,
    0x6A, 0x12, 0xBD, 0x58, 0x3B, 0xE8, 0xD5, 0xAB, 0x76, 0xD0, 0x9B, 0xC9, 0xED, 0x77, 0x64, 0x94,
    0x53, 0x04, 0xBE, 0x51, 0x22, 0x0D, 0x95, 0x4C, 0x42, 0xC9, 0x20, 0x02, 0x5D, 0xAA, 0x10, 0x52,
    0x28, 0x52, 0x23, 0x92, 0x11, 0xB5, 0xD4, 0x08, 0xAA, 0x85, 0x56, 0x82, 0x97, 0x3C, 0xF0, 0x10,
    0xE6, 0xE5, 0xD7, 0x41, 0xA3, 0x1F, 0x18, 0xEA, 0x3B, 0x92, 0x10, 0xBC, 0x7D, 0x12, 0xB4, 0x96,
    0xE4, 0xE7, 0x08, 0x51, 0x0C, 0x7D, 0x82, 0x6F, 0xD8, 0x1B, 0xF4, 0x86, 0x7C, 0xB9, 0x05, 0xF0,
    0x86, 0xBB, 0x38, 0x7A, 0x25, 0x86, 0xBA, 0x81, 0x2E, 0xA4, 0xD8, 0x42, 0x1B, 0x81, 0x05, 0x11,
    0x37, 0xC0, 0x4B, 0x4C, 0xAC, 0x00, 0x77, 0x40, 0x3B, 0x80, 0x9D, 0x70, 0x46, 0x1F, 0x5D, 0x70,
    0x1D, 0x4E, 0x86, 0x29, 0x8A, 0x6C, 0x48, 0x60, 0x44, 0x75, 0x16, 0xB4, 0x24, 0x0C, 0x16, 0xF7,
    0xC6, 0x08, 0xF9, 0xC0, 0x5D, 0x5A, 0x34, 0x86, 0x2B, 0x27, 0x54, 0xDC, 0x05, 0x51, 0x49, 0xF7,
    0x48, 0x46, 0x4D, 0xCD, 0x38, 0x39, 0x73, 0x92, 0x62, 0x9C, 0x5B, 0xB8, 0x6B, 0x79, 0x20, 0x39,
    0x5C, 0x65, 0x99, 0x3D, 0xD8, 0xB3, 0x41, 0xA9, 0xFD, 0xBA, 0x53, 0x03, 0xD4, 0x07, 0x37, 0x50,
    0x8C, 0xA5, 0x2A, 0x97, 0x58, 0x21, 0x89, 0x60, 0xFC, 0xFC, 0x35, 0xEE, 0xB9, 0x81, 0x77, 0x81,
    0x6F, 0xA3, 0x4C, 0xAC, 0x54, 0x31, 0x2A, 0xAE, 0xE6, 0xEE, 0xC2, 0x24, 0xBF, 0xCD, 0x70, 0x27,
    0xEB, 0xB3, 0x61, 0x07, 0x6E, 0x6C, 0xEB, 0xD7, 0xBB, 0xE3, 0x29, 0xF3, 0x7F, 0xC3, 0x30, 0x3E,
    0x7B, 0x10, 0x5D, 0x72, 0xA5, 0xC5, 0x85, 0x16, 0x86, 0x99, 0xF3, 0xDA, 0xEE, 0x35, 0xA2, 0xED,
    0x16, 0x44, 0x23, 0xB3, 0x10, 0x67, 0x98, 0xFF, 0xCF, 0xBE, 0xBB, 0xF9, 0x68, 0xBB, 0x68, 0x17,
    0xE2, 0xF8, 0xE7, 0x85, 0x38, 0xDF, 0x1E, 0xDA, 0xAF, 0x8C, 0x9A, 0x2D, 0x13, 0xE7, 0x70, 0x99,
    0x59, 0x3C, 0x44, 0x6D, 0x0E, 0xD7, 0x1F, 0x8E, 0xDA, 0x0B, 0xAE, 0x5D, 0xF7, 0x71, 0x5B, 0x47,
    0x2F, 0x8F, 0xDB, 0xC6, 0xFD, 0x85, 0xDC, 0xFD, 0x6F, 0xE7, 0xB8, 0x2D, 0x3C, 0x0D, 0x71, 0x63,
    0xC1, 0x9F, 0x8E, 0x2F, 0xD6, 0xFF, 0xC5, 0x60, 0x0E, 0x61, 0x54, 0x01, 0xCE, 0xB2, 0x0D, 0x84,
    0x9A, 0x6C, 0x6B, 0xC6, 0x3B, 0x64, 0xA9, 0xE6, 0x40, 0x73, 0x02, 0x1A, 0x37, 0xB7, 0xC1, 0x62,
    0x48, 0xC4, 0x38, 0x42, 0xC6, 0x1E, 0x81, 0x67, 0x0D, 0x1E, 0x68, 0x35, 0xAE, 0x8D, 0x18, 0xD3,
    0x10, 0x31, 0x76, 0xD0, 0xA2, 0x7E, 0x17, 0x31, 0x0A, 0x1F, 0x90, 0x8F, 0x83, 0x80, 0xEC, 0x9E,
    0x7E, 0x3A, 0x8E, 0x87, 0x11, 0xE3, 0xBB, 0xF4, 0x8D, 0xE4, 0x75, 0x05, 0xB7, 0x5E, 0x85, 0x64,
    0x9C, 0x59, 0x14, 0x17, 0x0D, 0x73, 0xF5, 0xAB, 0xE1, 0xBD, 0x63, 0xDA, 0xF1, 0x7C, 0x04, 0x9F,
    0x77, 0xEE, 0xC7, 0x1F, 0x9C, 0x8E, 0xE3, 0xBF, 0xB6, 0x38, 0x7E, 0xC5, 0xD0, 0xA5, 0x27, 0x3E,
    0xE3, 0x5E, 0x1C, 0xAF, 0x3C, 0xAF, 0x5C, 0xDA, 0x9C, 0x8C, 0xE3, 0xCF, 0x2F, 0x2F, 0x1B, 0x01,
    0x49, 0x7E, 0xB9, 0xD4, 0x68, 0x8A, 0x44, 0x10, 0x68, 0x34, 0xCC, 0x11, 0xA6, 0xF5, 0xB2, 0x99,
    0x87, 0xB3, 0x17, 0x91, 0xB4, 0x70, 0xF6, 0xD0, 0x99, 0x76, 0xD4, 0x20, 0x26, 0x96, 0xC0, 0xA9,
    0xF0, 0x4F, 0x1F, 0x85, 0x08, 0x06, 0xBE, 0xD0, 0x7F, 0x01, 0x4B, 0xED, 0xDF, 0x43, 0x30, 0xF0,
    0x29, 0x56, 0xE7, 0xEE, 0x9C, 0xBA, 0xB1, 0x84, 0x32, 0x30, 0x59, 0x86, 0x20, 0xE1, 0xF7, 0x08,
    0xA5, 0x1B, 0x81, 0xE7, 0xEC, 0x03, 0x77, 0x67, 0x32, 0xEC, 0xE7, 0x15, 0xBC, 0x5A, 0x2F, 0x78,
    0x17, 0x7E, 0x2C, 0x37, 0x80, 0x19, 0xA6, 0x46, 0x23, 0xDC, 0x2E, 0xD7, 0x54, 0x92, 0xAE, 0x22,
    0x32, 0x1D, 0xA8, 0x8A, 0x27, 0xF6, 0x4B, 0x19, 0xAD, 0x84, 0x58, 0xE5, 0x80, 0xE3, 0x56, 0x53,
    0x36, 0x32, 0x4E, 0x51, 0x2B, 0x19, 0xB4, 0x30, 0x9D, 0xFB, 0xCF, 0x10, 0x6E, 0x29, 0x44, 0x0B,
    0x44, 0x7C, 0x02, 0x9E, 0x06, 0x74, 0x45, 0xCF, 0xA8, 0xCA, 0x16, 0x03, 0x1B, 0xD1, 0x0E, 0x55,
    0xDE, 0xBB, 0xBD, 0x2E, 0x81, 0xDA, 0x49, 0xF9, 0x81, 0x72, 0x0F, 0xC8, 0x15, 0xCA, 0x3F, 0xFA,
    0x29, 0xA5, 0xB7, 0x49, 0xB6, 0x98, 0xFB, 0xD9, 0xB0, 0x0B, 0x75, 0x22, 0x9B, 0x5B, 0xC5, 0xE8,
    0x6E, 0x87, 0xF8, 0xC4, 0x09, 0xBF, 0xDF, 0x08, 0xB7, 0x3F, 0xC4, 0xA4, 0xC2, 0x3C, 0x63, 0x2E,
    0x31, 0xBD, 0x92, 0x2F, 0xBF, 0x29, 0x82, 0x0B, 0x19, 0x25, 0xF3, 0xE1, 0x96, 0xBD, 0xB3, 0xFF,
    0x25, 0x9B, 0xE7, 0xE7, 0x2E, 0x6E, 0xD6, 0xF4, 0xFB, 0x0F, 0xDA, 0xE4, 0xCA, 0x99, 0x77, 0x90,
    0x63, 0x35, 0x7D, 0x7E, 0x13, 0xE5, 0x77, 0xD3, 0x04, 0xC0, 0xD7, 0x2F, 0xAC, 0xDA, 0x41, 0x07,
    0x60, 0x8E, 0x20, 0x10, 0x26, 0x12, 0xFC, 0x3C, 0x63, 0x52, 0x06, 0x47, 0x45, 0xFF, 0xEC, 0x69,
    0x64, 0x1A, 0xB8, 0x71, 0x84, 0x9E, 0xDB, 0xDD, 0xF5, 0x4C, 0xA2, 0x7F, 0x7F, 0x03, 0xE7, 0xA2,
    0xFB, 0xDE, 0x1C, 0x90, 0x34, 0x24, 0x4F, 0x36, 0x18, 0xD5, 0xC7, 0x5B, 0x78, 0xC9, 0xE8, 0x48,
    0xD4, 0x4F, 0x8C, 0xB6, 0x90, 0x8D, 0xDE, 0x59, 0xDD, 0xF4, 0x80, 0x4F, 0x94, 0x27, 0x79, 0xAB,
    0x0B, 0x51, 0x21, 0xC8, 0xAA, 0x0C, 0x70, 0xCF, 0xF2, 0x09, 0x2A, 0x30, 0x1B, 0x04, 0x28, 0xA8,
    0x5C, 0x29, 0xC1, 0xB2, 0x38, 0x90, 0xF5, 0x02, 0x64, 0x95, 0x82, 0x2C, 0x8D, 0x68, 0x80, 0x22,
    0x8B, 0xF6, 0x0C, 0x83, 0xA8, 0x72, 0x10, 0x98, 0x78, 0x21, 0xAA, 0x50, 0x2F, 0xC6, 0x83, 0x73,
    0x3F, 0xD8, 0x09, 0x0B, 0xE5, 0x10, 0x51, 0xB7, 0x4E, 0x3F, 0x78, 0xAC, 0x3A, 0x36, 0xC6, 0xC7,
    0x93, 0xBB, 0xC5, 0x0C, 0x5D, 0x1E, 0x19, 0xC5, 0xB5, 0x9B, 0x79, 0xBE, 0x4A, 0xA3, 0x18, 0xFF,
    0x15, 0xA4, 0xF2, 0x85, 0x80, 0x0D, 0x49, 0x37, 0x5C, 0xF1, 0xCB, 0x74, 0x40, 0xF5, 0x4B, 0xC6,
    0xB6, 0xE4, 0xBF, 0x14, 0x39, 0x88, 0x4C, 0xC5, 0x59, 0xE1, 0xA8, 0x23, 0xE0, 0x90, 0xF2, 0x51,
    0xA7, 0x0E, 0x47, 0x32, 0xFD, 0xAB, 0x7B, 0x1B, 0x4D, 0x0D, 0x08, 0xF5, 0xCE, 0x06, 0x7D, 0x18,
    0x77, 0x18, 0x38, 0x01, 0x53, 0xC4, 0x8E, 0xD2, 0xC6, 0x24, 0xE0, 0x4C, 0x04, 0xCE, 0x64, 0xE0,
    0x4C, 0x08, 0x46, 0xD7, 0x46, 0x57, 0x76, 0xBD, 0xE5, 0x44, 0x4D, 0x12, 0x8E, 0xA2, 0x68, 0x9C,
    0xC9, 0x22, 0x08, 0xE3, 0x14, 0x5B, 0x41, 0x20, 0x41, 0x22, 0x10, 0x09, 0x26, 0x1A, 0x63, 0xB0,
    0x7C, 0xB4, 0x9C, 0x90, 0xB3, 0x14, 0x5F, 0xC1, 0x94, 0x24, 0x93, 0xAA, 0x01, 0xEF, 0xB3, 0x7B,
    0x9A, 0xE4, 0x82, 0x9D, 0x79, 0x86, 0xB1, 0x28, 0x4B, 0x28, 0x76, 0x2D, 0xC5, 0x1A, 0xA4, 0x8A,
    0xB1, 0x26, 0x7C, 0x12, 0x2D, 0x90, 0x2D, 0xF9, 0x2F, 0x55, 0x21, 0xC8, 0xB1, 0x22, 0xDE, 0xE9,
    0x31, 0xBC, 0x85, 0x3F, 0x81, 0xFC, 0x2A, 0xDE, 0x9A, 0x47, 0x29, 0x1A, 0x5B, 0xC7, 0xA4, 0x88,
    0x23, 0xB3, 0xF5, 0xDD, 0xFE, 0x98, 0x8E, 0xE4, 0x21, 0x0B, 0x43, 0x53, 0xC8, 0x04, 0x92, 0x20,
    0x7C, 0xC7, 0x3F, 0xBD, 0xD8, 0x4F, 0x6A, 0x46, 0x96, 0x2D, 0x58, 0xC3, 0x78, 0xAC, 0xA6, 0x22,
    0x16, 0x8F, 0xA9, 0x1D, 0x1B, 0x17, 0xA2, 0x72, 0xC3, 0xC7, 0xEF, 0x4C, 0x28, 0x2D, 0xA8, 0x82,
    0xEA, 0xCE, 0xDB, 0xF1, 0xDE, 0xFE, 0x0D, 0x79, 0x6C, 0x11, 0xF2, 0x47, 0xFE, 0xA2, 0x06, 0xDF,
    0xC4, 0xB4, 0x5C, 0xB6, 0x9F, 0x5E, 0xE5, 0x1B, 0x58, 0x6F, 0x2D, 0xA8, 0xC0, 0xE1, 0x0E, 0x53,
    0x48, 0x57, 0x93, 0xE4, 0x58, 0xE5, 0xC5, 0x5C, 0xDA, 0x2D, 0xED, 0xB0, 0xE0, 0x32, 0xA2, 0x31,
    0x76, 0xC1, 0xAD, 0x85, 0xD5, 0xD7, 0x96, 0xC3, 0x01, 0x18, 0xF0, 0x02, 0xF7, 0x60, 0x9B, 0x60,
    0xCD, 0x6E, 0xD7, 0x19, 0x50, 0xC9, 0xFE, 0x3D, 0xD3, 0x23, 0xF7, 0x04, 0x40, 0x85, 0x0F, 0xF0,
    0x28, 0x3A, 0x00, 0x67, 0x77, 0x75, 0x1C, 0x5A, 0xD3, 0xED, 0x5E, 0x53, 0x46, 0x09, 0x6C, 0xB1,
    0xEF, 0x0E, 0x01, 0x51, 0x3C, 0x14, 0x09, 0xFD, 0x03, 0x18, 0xFA, 0x67, 0xF3, 0xC5, 0xB1, 0xA6,
    0x0A, 0x18, 0x98, 0xF5, 0x5D, 0x02, 0x03, 0xCE, 0x89, 0xCA, 0xE6, 0x85, 0x4A, 0xD8, 0x2A, 0xD5,
    0xEA, 0x20, 0xA2, 0x50, 0xA9, 0x56, 0x8B, 0xF1, 0xCE, 0xF1, 0x4A, 0xF5, 0x77, 0x52, 0x83, 0x34,
    0xC4, 0xD6, 0xF8, 0x1A, 0x09, 0x36, 0x35, 0x07, 0x07, 0x61, 0xF5, 0x37, 0x86, 0xD6, 0x9B, 0x54,
    0x07, 0x16, 0x56, 0x55, 0x40, 0x05, 0x0B, 0xCF, 0xC8, 0xDB, 0xAE, 0x4C, 0xB7, 0x59, 0x4D, 0x2B,
    0xCD, 0x7C, 0x69, 0x1F, 0x45, 0x78, 0x9F, 0x5D, 0xC9, 0xA2, 0x46, 0xAC, 0x3A, 0xAD, 0x12, 0x18,
    0x7D, 0x31, 0x4A, 0xBA, 0x0C, 0x4D, 0x67, 0xE3, 0x44, 0x11, 0x60, 0x64, 0x56, 0x60, 0xBA, 0x64,
    0x4F, 0x57, 0x32, 0x41, 0xB6, 0x76, 0x5A, 0xCF, 0xD0, 0xA8, 0xA3, 0xEC, 0x58, 0x07, 0x2F, 0x0D,
    0x32, 0x5B, 0xB8, 0x22, 0xE6, 0x58, 0xF8, 0xF0, 0xCE, 0x16, 0xB3, 0xEE, 0x3B, 0x32, 0xBB, 0x44,
    0x27, 0x44, 0x25, 0x4A, 0xCD, 0xC7, 0x0F, 0x77, 0xD0, 0x35, 0xA1, 0xF7, 0xC3, 0xBF, 0x48, 0xE1,
    0x31, 0xDB, 0x4C, 0x2F, 0x38, 0xF9, 0x3F, 0xD3, 0x7F, 0xFA, 0x12, 0x9A, 0x0A, 0xB8, 0x13, 0x66,
    0x76, 0x59, 0x35, 0x01, 0xEF, 0xAA, 0x81, 0x36, 0x27, 0xA0, 0xC0, 0x9C, 0x18, 0xAC, 0x45, 0x74,
    0xA1, 0x42, 0x66, 0x19, 0x10, 0x75, 0x30, 0x96, 0x05, 0xD1, 0x2B, 0x72, 0xB2, 0xC0, 0xF5, 0x24,
    0xBB, 0x84, 0x3D, 0xDF, 0xE2, 0x17, 0xA9, 0x25, 0x02, 0xD6, 0x61, 0x02, 0x25, 0x8C, 0x70, 0xAB,
    0x30, 0xBB, 0x38, 0x95, 0x12, 0x16, 0x4E, 0x9C, 0x7B, 0x8B, 0xA7, 0x09, 0x30, 0xD1, 0xAF, 0x78,
    0x9A, 0xC0, 0x53, 0x58, 0x05, 0xA5, 0x44, 0x79, 0x47, 0xF1, 0x52, 0xA8, 0x0A, 0x89, 0xDE, 0x98,
    0xAE, 0xDF, 0xEC, 0x2A, 0x7F, 0x6A, 0x7D, 0xF4, 0x0E, 0xA5, 0x35, 0x54, 0x38, 0x9B, 0x77, 0xEF,
    0x58, 0xC9, 0x67, 0xD4, 0x16, 0x00, 0xB9, 0x5B, 0xCE, 0x90, 0x50, 0xE3, 0xBE, 0x55, 0xE9, 0xED,
    0x3D, 0x3F, 0x97, 0x73, 0x16, 0x9B, 0x63, 0xD6, 0x64, 0x44, 0xAF, 0xC7, 0x16, 0xAD, 0x1E, 0x83,
    0x0C, 0x09, 0xC7, 0x95, 0x08, 0x44, 0xB9, 0xE7, 0x91, 0xED, 0x24, 0xBE, 0x53, 0x0D, 0xD5, 0x78,
    0x54, 0xA7, 0x6A, 0xA6, 0xA1, 0xCB, 0x0A, 0x51, 0xE9, 0x32, 0xC7, 0x4D, 0x0A, 0x8D, 0x44, 0x35,
    0x2A, 0x95, 0xB1, 0x96, 0x3A, 0xB6, 0xAA, 0x46, 0x6D, 0x88, 0x15, 0xA2, 0x9D, 0x5D, 0x8A, 0x1E,
    0x5A, 0x9A, 0x89, 0x59, 0x26, 0x66, 0x97, 0x20, 0xC6, 0xC0, 0x5F, 0x59, 0xB9, 0x59, 0xB2, 0x30,
    0x34, 0xC8, 0xB8, 0xFA, 0xD9, 0x96, 0x61, 0xD9, 0x12, 0x40, 0x9F, 0x5D, 0xBA, 0x3B, 0xCD, 0x75,
    0xEB, 0x3F, 0x73, 0x2F, 0x21, 0x4F, 0x35, 0xD9, 0xA4, 0x72, 0xEB, 0xE6, 0x85, 0x9A, 0x50, 0x2A,
    0x0D, 0xF1, 0x7C, 0xA8, 0x8B, 0x86, 0x94, 0x59, 0xC8, 0x99, 0x99, 0xAE, 0x04, 0x45, 0x09, 0x5A,
    0x12, 0x54, 0x64, 0xA2, 0xB4, 0x06, 0xDF, 0xA3, 0xC8, 0xCF, 0x82, 0x90, 0x07, 0xB2, 0x51, 0x8E,
    0xBC, 0x7D, 0xE1, 0x3F, 0x37, 0x35, 0x9E, 0x2A, 0x2F, 0xA6, 0x5E, 0x3E, 0x24, 0xD7, 0x82, 0xD5,
    0x28, 0x9A, 0x89, 0x89, 0xD4, 0x4A, 0x67, 0x23, 0x12, 0x9A, 0x72, 0xFD, 0xF8, 0x14, 0x06, 0x73,
    0x8B, 0x3E, 0x8B, 0x9C, 0x2C, 0xCD, 0x58, 0x5E, 0x89, 0x54, 0xDB, 0x23, 0x91, 0xEA, 0x24, 0x82,
    0xF8, 0x8A, 0xF3, 0xE0, 0x71, 0xB1, 0x73, 0x1E, 0xE7, 0xAD, 0x0F, 0x9C, 0x59, 0xDA, 0xA1, 0x06,
    0x7C, 0xEC, 0x02, 0xD1, 0x31, 0x27, 0x1E, 0xA1, 0x53, 0xC6, 0xEA, 0x94, 0x5A, 0xAA, 0x7A, 0x88,
    0x90, 0x1C, 0xEC, 0x17, 0x28, 0x1B, 0x6C, 0x0A, 0x86, 0x98, 0xF8, 0x89, 0x7F, 0xA2, 0xB1, 0x46,
    0xC4, 0x19, 0x10, 0xEF, 0xCA, 0x67, 0x6E, 0x22, 0x0B, 0xC4, 0x59, 0xF3, 0x04, 0x25, 0xA6, 0xE0,
    0xFF, 0x29, 0xDF, 0x12, 0x45, 0xFB, 0xCD, 0xB4, 0x1A, 0x64, 0x62, 0x10, 0xD1, 0x1B, 0x03, 0x4E,
    0xE5, 0x18, 0x7A, 0xAA, 0x3C, 0x40, 0x8E, 0x32, 0x7C, 0x15, 0x2F, 0x9A, 0xF3, 0x66, 0xD1, 0xC7,
    0x9F, 0xEC, 0xAF, 0x01, 0x29, 0xDF, 0x76, 0x4E, 0x62, 0x1B, 0x9F, 0x65, 0x68, 0x29, 0xB3, 0xAB,
    0x20, 0x5B, 0x60, 0xDA, 0xEF, 0xD4, 0x2A, 0x80, 0x2C, 0x31, 0xBF, 0x80, 0x2C, 0x6E, 0x44, 0x40,
    0xAE, 0x75, 0x36, 0xFD, 0x1A, 0x31, 0xD0, 0x63, 0x0B, 0xB1, 0xB5, 0x32, 0xAC, 0x48, 0xA4, 0x00,
    0x22, 0x0B, 0x47, 0x2C, 0x75, 0xF5, 0xF3, 0x02, 0x60, 0x14, 0xFE, 0x3D, 0x0C, 0x49, 0x55, 0xAF,
    0x1C, 0xB4, 0x70, 0x5F, 0xF7, 0x3A, 0x1E, 0x35, 0xA9, 0xB0, 0xAA, 0xE5, 0xCE, 0xF4, 0x5F, 0xEC,
    0x12, 0xE0, 0x4C, 0xA8, 0xCC, 0x57, 0xA9, 0xF9, 0x30, 0xE5, 0xFE, 0x6C, 0xAD, 0x0B, 0x0E, 0x9D,
    0x2E, 0x44, 0x85, 0xC3, 0x75, 0xAD, 0xB3, 0xFE, 0xB7, 0x2F, 0xC8, 0x61, 0x86, 0xCF, 0xF3, 0x97,
    0xE1, 0xF0, 0x5D, 0x85, 0x7B, 0x0C, 0x5E, 0x0B, 0x13, 0x96, 0x2D, 0x4D, 0xCD, 0xD1, 0x25, 0x25,
    0x7F, 0x85, 0x43, 0xBD, 0x6B, 0xD8, 0xD8, 0xB8, 0xE7, 0xB8, 0xAF, 0xC5, 0xF5, 0xEE, 0x6B, 0x9C,
    0xDC, 0x97, 0x66, 0x0B, 0x70, 0xD0, 0x3C, 0xF6, 0xA0, 0x4B, 0xE4, 0xDE, 0x9B, 0x4A, 0xEA, 0xEF,
    0x3A, 0x7A, 0x5E, 0xB9, 0x83, 0xCE, 0x84, 0xFC, 0xC0, 0xBD, 0xCE, 0x7C, 0x75, 0x64, 0x0B, 0xA8,
    0x64, 0x2F, 0xBC, 0x69, 0xAE, 0x84, 0x37, 0x87, 0x2E, 0x3F, 0x2C, 0x84, 0x10, 0x29, 0x89, 0x1B,
    0xA5, 0xF9, 0xEF, 0x10, 0x7A, 0x20, 0xAD, 0xF7, 0x66, 0x41, 0xC0, 0xEB, 0x5E, 0x50, 0x1B, 0xD4,
    0x56, 0x92, 0x31, 0xE8, 0x92, 0x7E, 0x46, 0x4D, 0xB2, 0x8C, 0xD6, 0xF5, 0x91, 0x1D, 0x86, 0x3E,
    0x72, 0x44, 0x27, 0x23, 0x1E, 0xA2, 0x48, 0x24, 0x9F, 0x36, 0x21, 0x7A, 0x72, 0xEC, 0x35, 0xAC,
    0xC2, 0x94, 0xC5, 0x7C, 0xD5, 0x81, 0xD5, 0x2B, 0x4C, 0xD3, 0x18, 0x39, 0x7E, 0xB9, 0x85, 0xAD,
    0x6A, 0xFE, 0x1A, 0x77, 0xA1, 0x0D, 0xC0, 0x51, 0xD7, 0xF3, 0xF5, 0x90, 0x00, 0xEC, 0xA4, 0x47,
    0x17, 0x65, 0xF7, 0x42, 0x91, 0xF4, 0xE2, 0x45, 0x22, 0xE9, 0x71, 0x16, 0x49, 0x23, 0xFD, 0xC4,
    0x23, 0xD0, 0x44, 0xDA, 0xA5, 0x77, 0x86, 0x67, 0xBB, 0xF9, 0x85, 0xDE, 0xD0, 0x63, 0xF1, 0x2A,
    0x37, 0x7D, 0xA2, 0xD9, 0x9E, 0x4F, 0x74, 0xB2, 0xFD, 0x4E, 0xDD, 0xFB, 0x87, 0xEB, 0x20, 0xB9,
    0xE6, 0xF8, 0x52, 0x2A, 0x9F, 0x0A, 0x49, 0x3B, 0x95, 0xD8, 0x35, 0x32, 0x51, 0x2F, 0x34, 0x8A,
    0xB7, 0xFE, 0xD6, 0xCE, 0x62, 0x58, 0x26, 0x88, 0x5F, 0x52, 0x95, 0xF2, 0xB5, 0x00, 0x81, 0xF0,
    0x40, 0x1B, 0x38, 0x97, 0x58, 0x55, 0xFB, 0x41, 0xB8, 0x6A, 0x7B, 0xCD, 0xBC, 0xAC, 0x5F, 0x4E,
    0x95, 0xDA, 0xE7, 0xAA, 0xEB, 0x7C, 0xE4, 0xFF, 0xAA, 0xD9, 0xAE, 0x1F, 0x6B, 0xAE, 0x22, 0xD3,
    0x10, 0x24, 0x13, 0x6E, 0x46, 0x2D, 0x00, 0x6D, 0x11, 0x7F, 0x44, 0xE3, 0x4B, 0x8E, 0xFC, 0xEA,
    0xDA, 0x68, 0xB1, 0x2F, 0xD1, 0xBF, 0xD2, 0x63, 0x0C, 0xBF, 0xA2, 0x91, 0x7F, 0x81, 0x25, 0x4F,
    0x61, 0x11, 0xD9, 0x18, 0x96, 0x02, 0xCE, 0xA2, 0x98, 0x1E, 0x1F, 0xF0, 0xD8, 0x4D, 0xC7, 0x7F,
    0xC6, 0xF1, 0x47, 0x7B, 0x2A, 0xA4, 0xAE, 0x6B, 0xB1, 0x4B, 0x5F, 0x31, 0xF7, 0xD2, 0x58, 0x8F,
    0xCB, 0xE9, 0xA5, 0xC0, 0x1F, 0xCB, 0xDF, 0xAF, 0x44, 0x7F, 0x34, 0xFB, 0xD9, 0x9B, 0x4D, 0x90,
    0xC9, 0xA0, 0x81, 0xFC, 0x5A, 0xEE, 0xB6, 0x42, 0x9D, 0xAA, 0x95, 0xBF, 0xFF, 0x9D, 0xE6, 0x19,
    0xBA, 0x80, 0xD5, 0x20, 0xE3, 0x6F, 0xA1, 0x4C, 0xB7, 0xDB, 0xB9, 0x8F, 0x13, 0x81, 0x5B, 0xC5,
    0xCB, 0xBC, 0x5C, 0x6A, 0x26, 0xB7, 0xB0, 0xD3, 0xDA, 0xEB, 0x5A, 0x05, 0x4B, 0xB3, 0x67, 0xB4,
    0x4B, 0x15, 0x86, 0xAC, 0x7C, 0xD7, 0x46, 0x95, 0x4F, 0xF4, 0xA9, 0x08, 0x93, 0xF9, 0x48, 0x8A,
    0x4E, 0x15, 0x3F, 0xB2, 0x7B, 0xE7, 0x73, 0xE4, 0xE5, 0x62, 0xFF, 0xB1, 0xD7, 0x49, 0x9F, 0xF8,
    0xDF, 0xA8, 0x1E, 0xC1, 0x19, 0x2E, 0xD1, 0x14, 0xF6, 0x9F, 0x42, 0xB5, 0xB9, 0xAA, 0xF1, 0x6B,
    0xD0, 0x4A, 0x26, 0x88, 0xB6, 0xA5, 0xB9, 0xFA, 0x2B, 0x19, 0xAF, 0x26, 0xF7, 0x7E, 0xAF, 0x9D,
    0x32, 0x23, 0xB2, 0xC3, 0x7A, 0xE9, 0x1C, 0xD9, 0x4C, 0x64, 0x7C, 0x1B, 0xA3, 0x98, 0xEF, 0x0B,
    0x15, 0x12, 0x6E, 0xC1, 0x26, 0x1A, 0x50, 0x58, 0xE8, 0x10, 0x1C, 0xEE, 0xD2, 0xBD, 0x89, 0xC9,
    0x1F, 0xE8, 0xC0, 0xDC, 0x5D, 0x5E, 0x71, 0x43, 0x7F, 0xAE, 0x4B, 0xA5, 0xDF, 0xA2, 0x33, 0x4F,
    0xB3, 0x79, 0xC8, 0x31, 0x35, 0xF1, 0xE9, 0x6C, 0xDE, 0x02, 0x4B, 0x99, 0x29, 0xBB, 0x64, 0x39,
    0x26, 0xED, 0xA9, 0x9A, 0x65, 0xF3, 0x42, 0x8E, 0xA9, 0x1E, 0x66, 0xD9, 0x3C, 0x4E, 0x92, 0x5B,
    0x84, 0x34, 0x5F, 0x67, 0xC1, 0x5B, 0x5A, 0x91, 0xAA, 0xB6, 0x2C, 0x4B, 0x79, 0x40, 0x2D, 0xD8,
    0x0E, 0x7D, 0x25, 0x69, 0xFF, 0xA6, 0x24, 0xF0, 0x6A, 0x61, 0x94, 0x3A, 0x23, 0x86, 0x38, 0xF9,
    0x97, 0x1C, 0xCA, 0xC2, 0x02, 0xFD, 0x38, 0x04, 0x9C, 0x16, 0x57, 0xBA, 0xEF, 0xDF, 0xEA, 0x19,
    0xD6, 0x2E, 0x35, 0x55, 0x5B, 0x7C, 0x69, 0x25, 0x21, 0xE0, 0xD4, 0xEF, 0x04, 0x5C, 0xBA, 0x37,
    0x3C, 0xC3, 0x6C, 0x91, 0x67, 0xE6, 0xEE, 0x28, 0xA9, 0x57, 0x13, 0x89, 0x3E, 0x10, 0x92, 0x8B,
    0x4F, 0x5B, 0x96, 0xB2, 0xFE, 0x0D, 0x69, 0xB1, 0xD0, 0xAF, 0x8B, 0x0C, 0xDD, 0x0F, 0x95, 0xD4,
    0x5B, 0xAC, 0x2B, 0x34, 0xCB, 0xC1, 0x78, 0xC6, 0x1B, 0x61, 0x6C, 0xC8, 0xC0, 0x26, 0x62, 0x84,
    0x68, 0x91, 0x92, 0x05, 0x4B, 0x16, 0x2A, 0x32, 0x64, 0xAA, 0x2C, 0xA3, 0x6E, 0x81, 0x13, 0x13,
    0x1F, 0xDF, 0x82, 0x62, 0x6C, 0x4C, 0x31, 0xBA, 0x6F, 0x57, 0x31, 0xC6, 0x03, 0xD3, 0xCB, 0x00,
    0xFA, 0x3C, 0xD4, 0xD5, 0xC2, 0xB2, 0x3F, 0x88, 0xC4, 0x4C, 0x40, 0x38, 0xFD, 0x9B, 0x52, 0x8C,
    0x6C, 0x56, 0x48, 0x29, 0x86, 0xEB, 0x26, 0x3E, 0x18, 0x79, 0xC8, 0x08, 0x45, 0x99, 0x89, 0xC3,
    0xB2, 0x74, 0xA7, 0xC5, 0xD1, 0xB4, 0x63, 0xC7, 0x7A, 0x0D, 0xFA, 0x1D, 0xB9, 0xA6, 0x48, 0xED,
    0xD8, 0x7B, 0x93, 0xB2, 0x49, 0xB3, 0x0C, 0xED, 0x32, 0x9F, 0x61, 0x2C, 0x9A, 0x3A, 0x58, 0xA7,
    0xEC, 0x23, 0xD6, 0x6A, 0x54, 0xAC, 0x09, 0x1B, 0x04, 0x66, 0x88, 0xAA, 0x7C, 0x8F, 0x58, 0xCD,
    0xF7, 0x2D, 0x09, 0xEE, 0xEC, 0x37, 0x9E, 0x79, 0x79, 0x25, 0x31, 0x89, 0xE0, 0xA1, 0xDF, 0x2D,
    0x24, 0x6E, 0xC3, 0xEA, 0x6C, 0x59, 0xB2, 0xC7, 0xB8, 0xD4, 0xDA, 0x88, 0x4E, 0x90, 0xA7, 0x8F,
    0xE4, 0xB4, 0x94, 0x75, 0x9D, 0x98, 0x51, 0x88, 0xF2, 0xD2, 0x63, 0x40, 0x63, 0x35, 0x8D, 0x8B,
    0xE3, 0x61, 0x33, 0x65, 0x72, 0x90, 0x17, 0xDF, 0xEF, 0xD3, 0x69, 0xC3, 0xA5, 0x78, 0xDD, 0x2D,
    0x9B, 0x59, 0x1D, 0xCA, 0x95, 0xD4, 0x8D, 0x5D, 0x7A, 0x68, 0x7E, 0xCC, 0xD1, 0xAD, 0x23, 0xD3,
    0xB4, 0x45, 0x13, 0x6B, 0xE9, 0x1F, 0x32, 0x7F, 0x68, 0xBD, 0xE8, 0x4D, 0xD8, 0x12, 0x55, 0x78,
    0xD8, 0xE1, 0x05, 0x42, 0x78, 0x6D, 0x42, 0xDC, 0xEE, 0xC0, 0xB7, 0x0D, 0x5F, 0x47, 0x5B, 0x11,
    0x6F, 0x24, 0xF8, 0x67, 0xF7, 0xC5, 0xDC, 0x88, 0x87, 0xD1, 0x41, 0x26, 0x1C, 0xA3, 0xA5, 0x3A,
    0x4F, 0x8C, 0xF0, 0xF5, 0x0B, 0xC2, 0x45, 0x9B, 0x18, 0xE9, 0xAC, 0x01, 0xCD, 0x51, 0xF9, 0x80,
    0x9A, 0x68, 0xDD, 0xB7, 0xA8, 0x27, 0xFF, 0x0F, 0x53, 0x7E, 0xE9, 0x78, 0x3B, 0xE4, 0x21, 0x41,
    0x80, 0x36, 0xA9, 0x2D, 0x7A, 0x4D, 0xAC, 0xCA, 0x50, 0x7B, 0x8C, 0x74, 0x63, 0x03, 0x4D, 0xC7,
    0x13, 0xE3, 0x7C, 0xFD, 0x52, 0x11, 0x58, 0xD9, 0x50, 0x00, 0x68, 0x3F, 0xE1, 0xDB, 0x34, 0x34,
    0x2F, 0xAE, 0x09, 0x31, 0xCB, 0xB8, 0x80, 0xD9, 0x6C, 0xE8, 0xC0, 0xAA, 0x1F, 0x8B, 0xFD, 0x0B,
    0xCF, 0x06, 0x45, 0x40, 0x3E, 0x84, 0x12, 0x51, 0xC4, 0xB7, 0x84, 0x1E, 0xE2, 0x22, 0xFC, 0xC0,
    0xA9, 0xB5, 0xB7, 0x1B, 0x6B, 0x8A, 0x30, 0x0E, 0xD8, 0x5A, 0x10, 0xDE, 0x1E, 0x49, 0xBB, 0x0F,
    0x53, 0x45, 0xC5, 0x44, 0x43, 0x2F, 0x60, 0x5B, 0xFD, 0x1C, 0x45, 0xC4, 0xE5, 0x09, 0xC4, 0x74,
    0x65, 0x3C, 0xF1, 0x6E, 0x3C, 0xBA, 0xCC, 0x7E, 0x66, 0x5B, 0x18, 0xCE, 0xFC, 0x98, 0xDA, 0x5B,
    0x99, 0x4B, 0xCE, 0xFD, 0xDD, 0x05, 0x38, 0x11, 0xDF, 0x80, 0xCE, 0x00, 0xBF, 0x69, 0xF5, 0xBB,
    0x9A, 0x3F, 0xED, 0x22, 0xBB, 0xC6, 0x26, 0xD1, 0x4C, 0xFC, 0x58, 0xE9, 0xBA, 0xB6, 0xD1, 0x2D,
    0x9B, 0xC5, 0x80, 0xAC, 0xF7, 0x5A, 0x45, 0xBE, 0xE5, 0x2A, 0x6E, 0x28, 0x87, 0x83, 0x37, 0x3D,
    0xF3, 0xE0, 0xCE, 0xF2, 0x8D, 0x4B, 0x4B, 0xFD, 0xFA, 0x55, 0xA4, 0xAE, 0xFA, 0x73, 0xF1, 0xBE,
    0x8F, 0x46, 0xEE, 0x24, 0x50, 0xED, 0x36, 0xDE, 0x7B, 0x98, 0xAE, 0x1C, 0x7C, 0x8B, 0xE8, 0xE2,
    0xB0, 0xB3, 0x20, 0xAE, 0xE6, 0xD9, 0xC5, 0x7A, 0xDE, 0x49, 0x6B, 0x7B, 0x1E, 0xF3, 0xFE, 0x9A,
    0xF6, 0xE6, 0xB0, 0xF4, 0xEE, 0xA6, 0x5D, 0x44, 0xA1, 0x2D, 0x53, 0xB7, 0x93, 0x54, 0xEA, 0xDF,
    0x72, 0x16, 0xFC, 0xB3, 0x89, 0x44, 0x24, 0x31, 0xEA, 0x34, 0x95, 0x48, 0x26, 0x6A, 0x3D, 0x47,
    0xB6, 0x45, 0xE6, 0x35, 0xCC, 0x0D, 0x16, 0xFE, 0xD1, 0x80, 0xF3, 0x90, 0x85, 0x8F, 0x98, 0x65,
    0x31, 0x38, 0x4B, 0x71, 0xAA, 0xA8, 0xE3, 0x6F, 0x43, 0x4A, 0xC7, 0x2A, 0xFD, 0x08, 0x50, 0x98,
    0x80, 0x45, 0x10, 0xBA, 0xC4, 0x96, 0x5D, 0x9A, 0xEB, 0xA2, 0xB2, 0x58, 0x38, 0x9E, 0x3A, 0x4E,
    0x51, 0xDC, 0x7F, 0xFF, 0x60, 0xED, 0x75, 0x2E, 0x9A, 0xF2, 0x6B, 0x35, 0x0C, 0x1F, 0xAA, 0xEF,
    0xFF, 0x62, 0xA4, 0xCE, 0x27, 0x56, 0x42, 0x7E, 0x20, 0x5C, 0x86, 0x42, 0x4D, 0xC6, 0x54, 0xC9,
    0x75, 0x59, 0x92, 0x83, 0x6C, 0xC7, 0xCD, 0x43, 0xED, 0x9A, 0x7C, 0xB5, 0x85, 0xAB, 0x21, 0x5F,
    0xBD, 0x9C, 0x6D, 0x7A, 0xCA, 0x3F, 0x9D, 0xA1, 0x49, 0x38, 0x81, 0x27, 0x01, 0x35, 0x2B, 0x92,
    0x04, 0x9F, 0xFF, 0xC0, 0x11, 0x54, 0x4B, 0x78, 0x65, 0xB3, 0xE5, 0xF1, 0xF5, 0x25, 0x86, 0x7A,
    0x38, 0xCC, 0x7E, 0xCF, 0xD8, 0x35, 0x6E, 0x6D, 0x96, 0xB3, 0xDF, 0x79, 0x39, 0x71, 0x4A, 0x46,
    0xAD, 0xF3, 0xF9, 0xA0, 0x3D, 0x3A, 0x0A, 0x7B, 0xD6, 0xF7, 0xDB, 0xA3, 0xAB, 0x9B, 0x3E, 0x07,
    0xCA, 0x95, 0x96, 0x06, 0x37, 0x88, 0xBE, 0x61, 0xCB, 0x15, 0xD0, 0xB6, 0x9B, 0x4A, 0x41, 0xAF,
    0x69, 0x0E, 0x1C, 0x4B, 0x86, 0xE4, 0xD7, 0x26, 0x43, 0x2C, 0x4C, 0xBF, 0x08, 0xA9, 0x7F, 0x4D,
    0xF0, 0x35, 0x91, 0x35, 0x6D, 0xA9, 0x3F, 0x4D, 0xD5, 0x72, 0x63, 0xBF, 0xDB, 0x3F, 0x99, 0x51,
    0x64, 0x1F, 0x19, 0xBD, 0x61, 0xE2, 0x59, 0xD8, 0x9A, 0xD6, 0x4F, 0x53, 0x59, 0x8C, 0x19, 0x37,
    0x0B, 0xE8, 0x74, 0x50, 0xFF, 0xA8, 0xCB, 0x26, 0x5D, 0x65, 0x6B, 0xB9, 0x48, 0x8D, 0x71, 0xA9,
    0xD7, 0xB7, 0x04, 0x9A, 0x6D, 0x53, 0x6C, 0x21, 0xED, 0x69, 0x67, 0x68, 0x15, 0x2C, 0x68, 0x1D,
    0x3A, 0x54, 0x60, 0x3B, 0x8F, 0x58, 0xCE, 0xE8, 0xB2, 0x62, 0xAF, 0x4B, 0x14, 0x12, 0x74, 0x1D,
    0x9A, 0x17, 0x75, 0xCD, 0x83, 0xD6, 0x32, 0xE6, 0x0D, 0xE5, 0x36, 0x17, 0x5C, 0x47, 0x29, 0xFF,
    0xE0, 0x72, 0xED, 0xFE, 0x4C, 0x38, 0x7A, 0xA7, 0x43, 0x31, 0xF5, 0xA1, 0x46, 0x26, 0x5E, 0x2B,
    0xA5, 0x68, 0x3B, 0x62, 0x03, 0xCD, 0x7A, 0xB7, 0xF5, 0x13, 0x6B, 0x8A, 0x04, 0xC2, 0xCD, 0x47,
    0x44, 0x03, 0x9D, 0xA8, 0x7F, 0x74, 0xD9, 0x9C, 0xDF, 0xBB, 0x41, 0xB8, 0xDE, 0x0B, 0x49, 0x8F,
    0x52, 0x6E, 0x15, 0xB1, 0x01, 0x2A, 0x97, 0xD8, 0xA4, 0x5F, 0x0C, 0xAF, 0x1B, 0xD7, 0xEF, 0x26,
    0x42, 0xFF, 0xB6, 0x33, 0x72, 0x16, 0xEB, 0x68, 0x71, 0xC1, 0xBD, 0x95, 0xB1, 0xC1, 0x7E, 0x35,
    0xD9, 0xCD, 0x6F, 0x18, 0x9E, 0xF4, 0x00, 0x9E, 0xC5, 0x32, 0xEC, 0x72, 0xB5, 0x49, 0x2C, 0x7F,
    0x3F, 0x9D, 0xB6, 0x9F, 0x70, 0xCA, 0xBF, 0x5F, 0xE9, 0x1E, 0xC6, 0x72, 0x8D, 0x1A, 0xEA, 0x33,
    0xE5, 0x39, 0x41, 0xE4, 0x66, 0xC1, 0x46, 0x5D, 0xDD, 0x9C, 0x19, 0xFF, 0xF6, 0xBD, 0xF8, 0x52,
    0xB7, 0x92, 0xE8, 0x26, 0xD4, 0x64, 0x84, 0xF5, 0x64, 0xCC, 0xC8, 0x4A, 0x4C, 0xDE, 0x1D, 0xF5,
    0x15, 0x90, 0x01, 0xFB, 0xDC, 0xB8, 0xFD, 0x1A, 0x62, 0xB0, 0xDE, 0x65, 0x08, 0xC2, 0x5C, 0x5D,
    0xA8, 0x1C, 0x20, 0xC0, 0xA6, 0x7B, 0xA1, 0x34, 0x08, 0xB6, 0xCA, 0xC3, 0x41, 0x20, 0x08, 0xCE,
    0x3B, 0xD4, 0x69, 0x19, 0x9C, 0x6B, 0xFC, 0xCC, 0x1D, 0x3F, 0x7A, 0x62, 0xE9, 0x43, 0x4D, 0x84,
    0x45, 0x11, 0x56, 0x45, 0x58, 0x16, 0xB1, 0x1C, 0xD1, 0x7E, 0xF9, 0xE9, 0x74, 0x11, 0xAA, 0x39,
    0x5E, 0xF6, 0x9F, 0x17, 0xA1, 0x5E, 0xC0, 0x33, 0x5B, 0x10, 0x06, 0x34, 0xFE, 0xA5, 0xDA, 0x7D,
    0x92, 0xC0, 0xE3, 0x2E, 0xB8, 0x55, 0xB7, 0x9B, 0x15, 0x08, 0x5C, 0x08, 0x43, 0xD3, 0xFD, 0x1E,
    0x26, 0x95, 0x89, 0xA0, 0xA7, 0x21, 0xF7, 0x56, 0xEB, 0xC1, 0x67, 0xED, 0x78, 0xFF, 0x74, 0x45,
    0x6F, 0x65, 0xB5, 0xD1, 0xA7, 0xBA, 0xC9, 0x4C, 0xE5, 0x89, 0x8D, 0xB7, 0x88, 0xFA, 0x65, 0x02,
    0xC5, 0x5F, 0x87, 0x66, 0x9A, 0xB5, 0x7B, 0x4B, 0xFE, 0x74, 0xB3, 0xF5, 0xD4, 0x61, 0x16, 0x7B,
    0xA8, 0x67, 0xFB, 0x98, 0xBD, 0x47, 0xEC, 0x08, 0x5A, 0xED, 0x5A, 0xB8, 0x7F, 0x76, 0x64, 0xAF,
    0xD4, 0x77, 0x0F, 0x71, 0xB9, 0xAA, 0xDE, 0x80, 0x56, 0xA1, 0xE3, 0xF3, 0x4B, 0xEE, 0xDC, 0x2F,
    0x97, 0xBA, 0xA4, 0x54, 0xCC, 0xC6, 0xC3, 0x26, 0x4B, 0xF4, 0x02, 0x61, 0xE7, 0x7C, 0xCB, 0x85,
    0x9B, 0x30, 0xF5, 0x0F, 0xFE, 0xB3, 0x2A, 0x14, 0xC9, 0xF6, 0x2A, 0x83, 0xD9, 0x54, 0x88, 0xA3,
    0xD3, 0xA7, 0xC1, 0xBE, 0x6F, 0x49, 0x36, 0x1C, 0x0A, 0xCE, 0x9D, 0xEE, 0x05, 0x11, 0x3A, 0x51,
    0x18, 0x8D, 0x1E, 0x2A, 0x0B, 0xC9, 0xF4, 0xB8, 0x80, 0x0A, 0x33, 0x88, 0x8B, 0xF9, 0x3F, 0x10,
    0xA1, 0x97, 0xD4, 0xB1, 0x92, 0x0F, 0x3F, 0xC2, 0x1F, 0x9F, 0xF2, 0x70, 0x42, 0xC7, 0xEE, 0x7A,
    0xB6, 0x50, 0xFD, 0x25, 0xEE, 0xB1, 0xF6, 0x53, 0x83, 0xB1, 0x2B, 0x3E, 0x62, 0xBF, 0x4D, 0x53,
    0x9C, 0x2A, 0x7E, 0x59, 0x0B, 0xE3, 0x5E, 0x36, 0xD7, 0x8A, 0xFD, 0x56, 0xEF, 0x4F, 0x8E, 0x64,
    0x73, 0x97, 0x56, 0x00, 0xB7, 0x1A, 0xF8, 0x2C, 0x9B, 0x9B, 0xA3, 0xE1, 0x58, 0xA1, 0x29, 0x7C,
    0xE8, 0x0C, 0xB3, 0x84, 0xB5, 0x25, 0x26, 0xF5, 0x96, 0xD6, 0x17, 0x5D, 0x6E, 0xB9, 0xEF, 0x5D,
    0x0B, 0x7A, 0x2B, 0xF9, 0xC1, 0x67, 0x6D, 0xD8, 0x34, 0x3E, 0x25, 0x4F, 0x22, 0xA6, 0x52, 0xE4,
    0xA2, 0x5F, 0x9B, 0xA9, 0x46, 0x5B, 0xB6, 0x1E, 0xF3, 0x6B, 0x92, 0x92, 0x6E, 0x6A, 0x8B, 0x46,
    0x03, 0x9E, 0xA6, 0x4E, 0xD3, 0xA3, 0x39, 0xF5, 0x63, 0x3D, 0xE8, 0xCC, 0x9E, 0x6A, 0x2B, 0xBF,
    0x6E, 0xC6, 0x8F, 0x85, 0xD1, 0xDA, 0x3F, 0x9A, 0x9E, 0x81, 0xB4, 0x7B, 0x12, 0x12, 0xA6, 0x7D,
    0x30, 0xA3, 0x96, 0x26, 0xDD, 0x5C, 0xD9, 0x84, 0x7E, 0x0B, 0x50, 0x67, 0x4E, 0xF8, 0x6A, 0xEA,
    0xF4, 0x0D, 0xA3, 0xFE, 0x8A, 0xDB, 0xE2, 0x6E, 0x18, 0xF8, 0x47, 0x1E, 0x04, 0x66, 0xFB, 0x37,
    0x4F, 0xA7, 0x85, 0x5F, 0xB3, 0x20, 0xC2, 0x1A, 0xA4, 0x0E, 0xED, 0xF0, 0x88, 0x15, 0xB7, 0x25,
    0xFA, 0x11, 0xFA, 0x6C, 0x46, 0xEC, 0x43, 0x3B, 0x25, 0xFC, 0xE0, 0xC8, 0x12, 0xE6, 0xA6, 0xD9,
    0x25, 0x6E, 0xF9, 0x2D, 0x21, 0x92, 0x16, 0xDE, 0x75, 0xD4, 0xB5, 0x5A, 0x34, 0x68, 0xAC, 0xCC,
    0x23, 0x3F, 0xB1, 0x6F, 0xCB, 0xD9, 0x46, 0xE1, 0x37, 0x26, 0xB6, 0x64, 0x8D, 0x67, 0x2B, 0x65,
    0x1B, 0x38, 0xED, 0xB2, 0x2F, 0xD9, 0xC4, 0xC2, 0x5E, 0xE1, 0xDF, 0x60, 0xC1, 0xBD, 0xCD, 0x86,
    0x5B, 0xE2, 0x39, 0xDC, 0x85, 0x96, 0xBC, 0x93, 0x41, 0x23, 0xC0, 0x6C, 0xC8, 0x91, 0xCA, 0xA8,
    0xB5, 0x6B, 0xF2, 0xBF, 0xE5, 0x0A, 0xD7, 0xE5, 0xF4, 0x5F, 0xAF, 0x54, 0x5E, 0x05, 0xD6, 0xF4,
    0xC5, 0x60, 0x1D, 0x5F, 0x04, 0xD6, 0x18, 0x6C, 0x55, 0x19, 0x60, 0xDD, 0x3D, 0xC5, 0x65, 0x82,
    0xD5, 0x9E, 0x7C, 0xA0, 0x1B, 0x12, 0x19, 0xD3, 0x54, 0xB3, 0x87, 0x0F, 0x15, 0x1B, 0x8B, 0x50,
    0xD7, 0x6E, 0x5A, 0x1B, 0x4A, 0x48, 0xB6, 0x7C, 0x69, 0x10, 0xB7, 0x2F, 0x09, 0xA2, 0x26, 0xB8,
    0x7A, 0x3C, 0xA1, 0xE8, 0x23, 0xDC, 0x8D, 0x0B, 0x52, 0xB6, 0x5E, 0xB0, 0x31, 0x83, 0x16, 0xA7,
    0x06, 0xBB, 0xEF, 0x58, 0x3F, 0x75, 0xD8, 0xC5, 0x98, 0x04, 0xD9, 0x17, 0x61, 0x49, 0x10, 0x1E,
    0x1C, 0xB3, 0xF0, 0xEF, 0xD9, 0x90, 0x86, 0x64, 0x7B, 0xFD, 0x66, 0x5D, 0xED, 0x05, 0xD5, 0xA4,
    0x58, 0xA3, 0x62, 0x1B, 0x98, 0x3C, 0xD3, 0xEA, 0x42, 0x39, 0xA2, 0x05, 0x15, 0xA3, 0xD0, 0x3E,
    0xF4, 0x81, 0xFB, 0x04, 0xB4, 0x13, 0x1A, 0x02, 0xCE, 0xB4, 0x5D, 0xBD, 0x43, 0x0F, 0xFB, 0xA0,
    0xA2, 0x95, 0x80, 0xEF, 0x19, 0xBA, 0x4C, 0x25, 0xEA, 0x7B, 0x36, 0x64, 0xE8, 0x58, 0xF7, 0xBF,
    0x1B, 0x50, 0x0A, 0xEF, 0xFC, 0xE3, 0x41, 0xC5, 0xD8, 0x7E, 0xE5, 0x7F, 0x32, 0x40, 0x74, 0x4F,
    0x7C, 0x3A, 0x20, 0x5E, 0x7C, 0x36, 0xA6, 0x03, 0xB7, 0xB3, 0x0C, 0xE9, 0x16, 0xCB, 0x09, 0x6D,
    0x66, 0x53, 0x30, 0x5A, 0x7D, 0xA6, 0x22, 0xDF, 0x74, 0xA1, 0x6A, 0xB3, 0x62, 0xC7, 0x7A, 0xAD,
    0xB5, 0x83, 0x2D, 0xDE, 0x34, 0xA9, 0x35, 0x3D, 0x5B, 0xB7, 0x7A, 0x3D, 0xDA, 0x32, 0x09, 0x29,
    0x3E, 0x0B, 0x1F, 0xED, 0x91, 0x5F, 0x4C, 0x9F, 0x59, 0x15, 0x85, 0x3D, 0x10, 0xF6, 0x88, 0x26,
    0x51, 0xE2, 0xB2, 0x3B, 0x85, 0x8F, 0x48, 0xBB, 0xD8, 0xEA, 0x80, 0xAB, 0x72, 0x68, 0x3B, 0x71,
    0x5F, 0x6D, 0xDF, 0x4A, 0x74, 0x5B, 0xC9, 0x82, 0x58, 0xC8, 0x8F, 0xFC, 0xBA, 0x95, 0x95, 0xF1,
    0xDF, 0xF8, 0xA5, 0x0C, 0xB3, 0xFD, 0xB1, 0x6F, 0xDA, 0x2F, 0xC7, 0x56, 0x57, 0xAC, 0x4F, 0x86,
    0x56, 0xC4, 0xA9, 0x44, 0xF5, 0xE0, 0xD9, 0xA6, 0xAD, 0x75, 0xF3, 0x6C, 0xD7, 0x62, 0xF5, 0xB0,
    0x6E, 0x51, 0xFE, 0x59, 0xB6, 0x7C, 0xDE, 0x11, 0x89, 0x6B, 0x59, 0x0A, 0x6B, 0x69, 0x48, 0xAC,
    0x51, 0xEC, 0x07, 0x6E, 0xF7, 0xC0, 0xBB, 0x5D, 0x51, 0x86, 0xCF, 0x0E, 0x7D, 0x8C, 0x62, 0xDF,
    0xA9, 0x7D, 0x91, 0x2C, 0xE9, 0x14, 0x7E, 0xA5, 0x91, 0xBD, 0xA8, 0x90, 0xCE, 0x1D, 0x8F, 0x09,
    0xC5, 0x1A, 0x93, 0x5C, 0xAD, 0xE3, 0xF6, 0x55, 0x4C, 0x42, 0xF5, 0x6A, 0xDA, 0x56, 0xB8, 0xA5,
    0x19, 0x45, 0xB9, 0xE8, 0x73, 0x6B, 0xB0, 0xB3, 0x07, 0xED, 0xF9, 0xD9, 0x23, 0x32, 0xB9, 0x05,
    0x75, 0x4A, 0xAD, 0xD9, 0x33, 0x20, 0xF7, 0x9F, 0x50, 0xB1, 0xB7, 0xA3, 0xD8, 0xDA, 0xFF, 0xAD,
    0xDB, 0x20, 0x3C, 0x27, 0x6D, 0xEF, 0x91, 0x68, 0x47, 0x9B, 0xEE, 0xFD, 0x73, 0x9A, 0xEE, 0x35,
    0x61, 0x8D, 0xBD, 0x13, 0x30, 0x39, 0x2B, 0xAD, 0x10, 0xF1, 0x11, 0x5F, 0x9A, 0xAA, 0xAA, 0x1C,
    0xEB, 0x94, 0x22, 0x2A, 0x05, 0x01, 0x25, 0xC8, 0xF2, 0x4B, 0xAC, 0xB6, 0x9E, 0xA0, 0x8F, 0xF0,
    0x99, 0x65, 0x3D, 0xC0, 0x2E, 0x9F, 0xEF, 0x39, 0x4C, 0x9B, 0x22, 0x32, 0x7B, 0xF2, 0x2D, 0x97,
    0x9D, 0xD3, 0x82, 0x93, 0x9D, 0x12, 0xF3, 0x5E, 0x43, 0x3E, 0xA1, 0xC2, 0x24, 0x16, 0x0D, 0x09,
    0x53, 0x8C, 0xF6, 0xF8, 0x21, 0x8B, 0xF3, 0x40, 0xEC, 0xBB, 0xDB, 0x21, 0x2C, 0xF6, 0x8D, 0x5B,
    0xE7, 0xB8, 0xF5, 0x8E, 0x4F, 0xCF, 0xA1, 0xAC, 0xFB, 0x79, 0x4D, 0xE4, 0xEA, 0x6B, 0xC1, 0x3D,
    0xE1, 0xA9, 0xB7, 0xE7, 0x88, 0x58, 0xAA, 0x07, 0x4B, 0xDD, 0xCC, 0xAA, 0xA6, 0xE1, 0x89, 0x76,
    0x11, 0x1F, 0xE1, 0xB7, 0xE0, 0x60, 0xF2, 0xF0, 0x95, 0x6D, 0xDC, 0x70, 0xD7, 0x7F, 0x95, 0x86,
    0xB2, 0x29, 0xCD, 0x6A, 0x78, 0x96, 0xC8, 0xDE, 0x57, 0x53, 0x7F, 0x70, 0x20, 0x3D, 0xC9, 0x86,
    0xE5, 0x8A, 0xEE, 0x55, 0xB3, 0xF2, 0x73, 0x7F, 0xC9, 0x63, 0x0D, 0xB3, 0xFF, 0xFE, 0x25, 0xF8,
    0x20, 0x87, 0xA9, 0x29, 0xD2, 0x2A, 0x0C, 0x94, 0x6C, 0x15, 0x26, 0xCE, 0x2A, 0x8C, 0x2E, 0xF7,
    0x4F, 0x2F, 0x1F, 0xEC, 0xF5, 0x32, 0x97, 0xB3, 0x5E, 0xE6, 0x90, 0x5B, 0x9C, 0x6A, 0x3A, 0xA1,
    0xA3, 0x34, 0x94, 0xA3, 0xDC, 0x6D, 0x11, 0x04, 0x6D, 0x04, 0x4B, 0x56, 0x6C, 0x0D, 0xA3, 0xAF,
    0x2C, 0x9A, 0xEB, 0x3A, 0x65, 0x5F, 0xA7, 0x20, 0xC4, 0x47, 0x20, 0x34, 0xFD, 0xD8, 0xD4, 0x64,
    0x20, 0x32, 0xEB, 0xDD, 0x83, 0x26, 0xC2, 0xD4, 0xB9, 0xC9, 0x82, 0x78, 0xE9, 0x96, 0xC2, 0xD7,
    0x2E, 0x08, 0xB5, 0x69, 0xB1, 0x65, 0xB7, 0x95, 0x47, 0xF4, 0x1B, 0x3C, 0xB8, 0x5A, 0x81, 0x43,
    0x1A, 0x6E, 0x63, 0xC6, 0xBC, 0x9C, 0xDA, 0xD4, 0xEF, 0x70, 0x3F, 0xF5, 0xF2, 0x48, 0x2B, 0xFC,
    0xD5, 0x2C, 0xDF, 0xD1, 0xD2, 0x9E, 0x32, 0xF1, 0xFF, 0xED, 0x5A, 0xBB, 0xAE, 0xE4, 0x58, 0x15,
    0x3D, 0x65, 0x8B, 0x5B, 0x9A, 0x76, 0xE0, 0x89, 0x10, 0xEA, 0x09, 0x2A, 0x45, 0x13, 0x50, 0x3F,
    0x30, 0x92, 0x0B, 0xCD, 0x07, 0xC0, 0x1F, 0x40, 0x0A, 0x49, 0x27, 0x04, 0x64, 0xB6, 0xC4, 0x07,
    0xD0, 0x9F, 0xD0, 0x41, 0x07, 0x3D, 0xD5, 0x41, 0x7F, 0x82, 0x0D, 0x13, 0x12, 0x70, 0x81, 0x80,
    0xB0, 0x8D, 0x34, 0x51, 0x4F, 0x30, 0x9E, 0x51, 0x21, 0xDC, 0x77, 0x5C, 0x3E, 0xEC, 0xB5, 0xD6,
    0x3E, 0xB6, 0xFB, 0x76, 0xF7, 0x08, 0x24, 0x24, 0x24, 0x44, 0xE9, 0x96, 0xCF, 0x71, 0xF9, 0xB5,
    0xF7, 0x3A, 0xFB, 0xB1, 0xF6, 0xF6, 0x0D, 0x01, 0x9F, 0x72, 0xE2, 0x10, 0x0E, 0x3E, 0x56, 0x23,
    0x87, 0x5D, 0x1C, 0x42, 0x28, 0xA2, 0x7D, 0x6C, 0xC4, 0x10, 0x3B, 0xED, 0x46, 0x3B, 0x05, 0xC3,
    0x17, 0xF8, 0xF9, 0x15, 0x7E, 0xCE, 0xE3, 0x14, 0x0E, 0xB1, 0xB7, 0xC3, 0xBD, 0xCD, 0x87, 0x50,
    0xDA, 0x6F, 0x99, 0x8D, 0x47, 0x3B, 0x35, 0xC4, 0x4B, 0xA8, 0x66, 0x8C, 0x63, 0xA8, 0x27, 0x8D,
    0xAD, 0x8F, 0x71, 0xD2, 0xF1, 0x88, 0x27, 0xDA, 0xF9, 0x18, 0x33, 0x1F, 0x73, 0xBB, 0x17, 0x8E,
    0xEF, 0xED, 0x5E, 0x38, 0x1F, 0xF7, 0xAC, 0xF9, 0x68, 0x7C, 0xBB, 0x5D, 0xBC, 0x9A, 0xC4, 0xF1,
    0xEE, 0x05, 0xCE, 0xA5, 0x58, 0x3D, 0xAE, 0xB5, 0xCF, 0x29, 0x50, 0x3E, 0x2A, 0x91, 0xC5, 0xF9,
    0x14, 0xFC, 0x73, 0xD6, 0x8C, 0xC7, 0xED, 0x00, 0x87, 0x3C, 0x4A, 0xF3, 0xA8, 0x6B, 0xED, 0x96,
    0x47, 0x1B, 0x26, 0xD3, 0x9D, 0x6A, 0xEF, 0x75, 0xBF, 0xD2, 0xB4, 0x9C, 0x71, 0x88, 0x27, 0x56,
    0x93, 0xFD, 0x10, 0x42, 0x3B, 0x6A, 0xB8, 0x70, 0xA0, 0xD2, 0x1C, 0x0E, 0x1A, 0xA0, 0x72, 0x2B,
    0x0D, 0xEB, 0xF8, 0xDC, 0x74, 0x24, 0x66, 0x3D, 0xF4, 0x88, 0xB1, 0xE1, 0xE3, 0xAE, 0x78, 0xF4,
    0x31, 0x3E, 0x4E, 0x02, 0x26, 0x69, 0xEC, 0xB1, 0x1A, 0xCB, 0x59, 0x63, 0x7D, 0xC5, 0xAD, 0x02,
    0x04, 0xC3, 0x8D, 0x20, 0x99, 0xFD, 0x99, 0x8C, 0x1D, 0xD6, 0x28, 0x8B, 0xAF, 0xED, 0x0B, 0xE0,
    0x6F, 0xFD, 0xDB, 0xBD, 0xF1, 0xDD, 0xDB, 0xE3, 0xF6, 0x5C, 0xBB, 0x86, 0x5F, 0xC8, 0x59, 0x52,
    0xAB, 0xC0, 0xEF, 0xC1, 0xBF, 0x47, 0xA9, 0x18, 0x2A, 0x93, 0x0B, 0xD2, 0x9B, 0x9E, 0x9A, 0x4F,
    0xFA, 0x42, 0x04, 0x8C, 0x30, 0x07, 0xFB, 0x3D, 0xE3, 0x18, 0xED, 0xD6, 0xB7, 0xB8, 0xEE, 0x55,
    0x6B, 0x8F, 0xA0, 0x72, 0x10, 0xBE, 0x20, 0x8A, 0x81, 0x38, 0xF6, 0x42, 0xF8, 0xF5, 0xA2, 0xE6,
    0xC7, 0xD2, 0xB8, 0xE2, 0x81, 0xD0, 0xDE, 0x6A, 0x59, 0x3A, 0x69, 0xDE, 0xE5, 0xF8, 0x8B, 0x27,
    0x0E, 0x33, 0x84, 0xDF, 0x9B, 0xCE, 0x45, 0x3C, 0x15, 0x12, 0xD9, 0xA5, 0xA6, 0xE0, 0x33, 0xFE,
    0xC2, 0xF1, 0x8A, 0x3F, 0x88, 0xE6, 0x92, 0xFA, 0x00, 0x63, 0xB3, 0x2F, 0x0C, 0xA1, 0x9E, 0x32,
    0x00, 0x57, 0xC7, 0x17, 0x12, 0x3A, 0xA6, 0xA1, 0x87, 0x64, 0x57, 0x99, 0xCE, 0x6D, 0xBC, 0x0D,
    0xEB, 0xA7, 0xBE, 0xAD, 0xA6, 0x65, 0xE7, 0xF0, 0xF7, 0xCD, 0xB1, 0x7D, 0x8C, 0xEB, 0x69, 0x3B,
    0xD9, 0x99, 0x7F, 0xDA, 0x6E, 0xB3, 0xF3, 0x41, 0xF8, 0xAE, 0x4F, 0x45, 0xFF, 0xD9, 0xC9, 0x9F,
    0x2A, 0xDA, 0x04, 0xAD, 0x77, 0xE6, 0xCE, 0xC5, 0x56, 0x8E, 0x3B, 0x35, 0xAD, 0x92, 0x3B, 0x53,
    0x68, 0xE7, 0xE7, 0x31, 0xCA, 0x28, 0x69, 0x09, 0x47, 0x82, 0x76, 0x90, 0x39, 0x14, 0xDC, 0xA9,
    0x6D, 0x6B, 0x3B, 0x70, 0x1E, 0xDC, 0x9C, 0x4E, 0xCC, 0x9D, 0xBD, 0x5D, 0x92, 0xB9, 0x7B, 0xF2,
    0x12, 0x99, 0x8A, 0xED, 0xB4, 0x8B, 0xAD, 0xC0, 0x96, 0xA2, 0x3C, 0x2E, 0xA7, 0x37, 0x4F, 0x81,
    0x16, 0x83, 0x9D, 0xA3, 0xA2, 0x41, 0xC3, 0xE7, 0xF8, 0x5A, 0x63, 0x41, 0x3A, 0x5E, 0xC2, 0xF5,
    0x38, 0xC6, 0x86, 0x97, 0xD0, 0x9A, 0xDA, 0xA8, 0x4B, 0x60, 0x56, 0xB9, 0xA9, 0xC0, 0x4B, 0x60,
    0x37, 0x75, 0x1C, 0x75, 0x89, 0x82, 0xC8, 0x50, 0xAC, 0x10, 0xC4, 0xA6, 0xDC, 0x6A, 0xCD, 0x1D,
    0x5C, 0x19, 0x4D, 0xD4, 0x83, 0x6B, 0x4D, 0xD8, 0x8E, 0xD1, 0xED, 0x4B, 0x9F, 0xE3, 0x70, 0x98,
    0x97, 0x9D, 0x62, 0x6A, 0x87, 0x04, 0x2F, 0xF4, 0x69, 0x82, 0xC3, 0x1B, 0x14, 0x76, 0x04, 0xAF,
    0x5D, 0xD4, 0x13, 0x2E, 0xB9, 0xE1, 0x8E, 0xAB, 0x47, 0x78, 0xFD, 0xB3, 0xC0, 0x1B, 0x14, 0x9A,
    0x8A, 0xED, 0x8E, 0x01, 0x52, 0x7A, 0x9C, 0xD8, 0xEC, 0x38, 0xBC, 0x90, 0x74, 0x24, 0xBC, 0xE6,
    0x22, 0x47, 0x5F, 0x4C, 0xC2, 0xFB, 0xF0, 0xDC, 0x32, 0xA8, 0x08, 0x5E, 0x42, 0x52, 0xF8, 0x0E,
    0x6C, 0x9D, 0xF0, 0xE2, 0x68, 0x09, 0x01, 0x1D, 0x5E, 0xAE, 0xA8, 0xFB, 0x69, 0x23, 0xE0, 0x0E,
    0x8A, 0x82, 0x25, 0x4D, 0x0F, 0x1E, 0x6B, 0x2A, 0x54, 0x34, 0x50, 0x73, 0xDB, 0x22, 0x8E, 0x3B,
    0x87, 0x77, 0x3E, 0x13, 0xDE, 0xF9, 0x7C, 0x0E, 0x5B, 0x78, 0xC3, 0x16, 0xDE, 0xB0, 0x81, 0x77,
    0x0E, 0x1B, 0x78, 0xAF, 0x0B, 0xA0, 0xBF, 0x6C, 0x1E, 0x3C, 0x4B, 0x46, 0xDB, 0xD7, 0x17, 0x9F,
    0x96, 0x5F, 0x0B, 0x10, 0xF3, 0x92, 0xE4, 0x10, 0x15, 0x20, 0x90, 0x3B, 0xD4, 0x08, 0x57, 0xEE,
    0xDF, 0x08, 0x7D, 0xA7, 0x84, 0x5C, 0x58, 0x41, 0xD4, 0xE7, 0x17, 0xE9, 0x3C, 0x13, 0xE1, 0x4F,
    0xF1, 0x56, 0x78, 0xC5, 0x78, 0x17, 0x3B, 0xBA, 0x29, 0x2D, 0x5F, 0xD3, 0x72, 0x9D, 0x1A, 0x14,
    0x75, 0x6C, 0x3E, 0x36, 0x38, 0x6F, 0x4D, 0xE5, 0x83, 0x21, 0x05, 0x9D, 0x6B, 0x05, 0x66, 0xD8,
    0xA0, 0x07, 0xE7, 0x23, 0x72, 0x88, 0x47, 0x66, 0x3B, 0x09, 0xD3, 0x99, 0x9E, 0xC0, 0x40, 0x7D,
    0x95, 0x85, 0x9A, 0xC8, 0x15, 0x0C, 0xCB, 0x2C, 0x04, 0x06, 0x36, 0xE5, 0xD4, 0xBD, 0xB5, 0xA0,
    0x3D, 0x59, 0x7E, 0x39, 0x7F, 0x46, 0xEC, 0x46, 0x61, 0x82, 0xED, 0x58, 0x71, 0xB5, 0x0D, 0xD8,
    0xD6, 0xA7, 0xA1, 0x35, 0x5C, 0x6A, 0x4D, 0x2B, 0x07, 0xCE, 0xC6, 0x14, 0x40, 0x3C, 0x24, 0x11,
    0x17, 0x85, 0xA5, 0x20, 0x63, 0x6C, 0x3D, 0x76, 0x20, 0x4F, 0x5C, 0x16, 0xB3, 0x4B, 0xD0, 0xC8,
    0xAD, 0x3D, 0x13, 0xEF, 0x7C, 0x6A, 0x36, 0x96, 0x39, 0x60, 0x66, 0x61, 0xB9, 0x87, 0x25, 0x06,
    0xCB, 0x2E, 0x4D, 0xF7, 0x3E, 0xB5, 0x31, 0x59, 0x6D, 0x01, 0xD7, 0x6C, 0xB4, 0x70, 0xF1, 0x54,
    0x2A, 0xF9, 0xA5, 0x38, 0xEA, 0x19, 0x10, 0x66, 0x15, 0xB2, 0x01, 0x0E, 0x8B, 0x54, 0x10, 0x6C,
    0xA9, 0x21, 0xF9, 0x2C, 0x59, 0x4D, 0x37, 0x2A, 0x8B, 0x64, 0x36, 0x68, 0xAA, 0x00, 0x4A, 0xBD,
    0x95, 0xD4, 0x60, 0x4A, 0x63, 0x4E, 0xDB, 0x89, 0x5C, 0xC7, 0x47, 0x6B, 0x72, 0xCB, 0x92, 0xBB,
    0xA6, 0x27, 0xD2, 0xC0, 0x89, 0x96, 0xAD, 0xA6, 0x00, 0xE2, 0x2F, 0x93, 0x9F, 0x43, 0x9C, 0x32,
    0xCF, 0x3B, 0x09, 0x9B, 0x7B, 0xC6, 0xC3, 0x89, 0xD9, 0x9A, 0xD0, 0x31, 0x4B, 0x13, 0x36, 0x1E,
    0xDD, 0x7C, 0xD2, 0x69, 0x42, 0x54, 0x76, 0x0C, 0x6B, 0x1D, 0xC3, 0x3D, 0xDD, 0x8D, 0xC7, 0x89,
    0x87, 0x26, 0x84, 0xAD, 0x11, 0x16, 0x38, 0x4E, 0x24, 0xF0, 0x73, 0xB5, 0x4C, 0xA4, 0xAF, 0x4F,
    0x10, 0x78, 0x88, 0x00, 0x52, 0x10, 0xF5, 0x67, 0x8A, 0x84, 0xF6, 0x4B, 0xFE, 0x48, 0x0A, 0x9C,
    0x5D, 0x81, 0x2C, 0x2E, 0x8B, 0xB9, 0xAC, 0x9F, 0x2F, 0x4E, 0xBE, 0xA4, 0xC9, 0x03, 0x17, 0xB9,
    0xBA, 0x24, 0x53, 0xB9, 0xD0, 0x38, 0x07, 0x2E, 0x85, 0xE1, 0x7F, 0x81, 0xCA, 0x87, 0x5B, 0xE9,
    0x2B, 0x65, 0xA5, 0xA9, 0x4C, 0xC1, 0x74, 0xC8, 0xB1, 0xFA, 0xD8, 0x96, 0xC8, 0x9D, 0xE6, 0xFA,
    0x48, 0xA2, 0x5A, 0x71, 0x13, 0xDA, 0xB6, 0x26, 0xB1, 0x4D, 0x4C, 0xCA, 0xE3, 0xD5, 0x4D, 0x54,
    0x7F, 0xED, 0xE8, 0x5B, 0x03, 0x36, 0xCE, 0x4F, 0xF0, 0xE4, 0x38, 0xC0, 0x18, 0xB9, 0xAD, 0xE2,
    0xDF, 0x88, 0xE1, 0x9F, 0xD7, 0x67, 0xDE, 0xBC, 0xF0, 0xD4, 0xDF, 0x70, 0xCB, 0x15, 0xBD, 0x06,
    0x79, 0x1F, 0xB9, 0x1A, 0x21, 0xE5, 0x22, 0x55, 0xBC, 0xF6, 0x44, 0x3B, 0xB6, 0x1D, 0xB9, 0x26,
    0xE5, 0xAF, 0xD7, 0x1D, 0xE4, 0x97, 0x71, 0xDD, 0x81, 0x5B, 0x31, 0xBE, 0x17, 0xBE, 0x03, 0xA8,
    0xB9, 0x38, 0xCC, 0x96, 0x6E, 0x38, 0xBB, 0xF8, 0x65, 0x5C, 0x8C, 0x27, 0x8B, 0x7F, 0x8D, 0x8C,
    0x41, 0x58, 0xC8, 0x3C, 0x7E, 0x1E, 0x1B, 0xAE, 0x01, 0x53, 0xD1, 0xEF, 0x63, 0xC7, 0x75, 0x30,
    0xD3, 0xDB, 0xC7, 0xDF, 0xD9, 0xCE, 0x20, 0x17, 0xB5, 0x1B, 0xC6, 0x7E, 0xDD, 0x39, 0xB5, 0x5F,
    0x53, 0x7C, 0x05, 0x95, 0xFA, 0x1B, 0xAA, 0xAB, 0xB0, 0x52, 0x7D, 0x6B, 0xC4, 0xEB, 0x04, 0x73,
    0x3C, 0x30, 0x5B, 0x77, 0x35, 0x73, 0x2E, 0xF0, 0x8C, 0xF6, 0xAC, 0x8E, 0xBA, 0xE1, 0xB2, 0xF8,
    0x9B, 0x78, 0x0B, 0xB3, 0xD3, 0xCE, 0xA7, 0xF1, 0xAE, 0x95, 0xA5, 0x5B, 0xC0, 0xDC, 0x79, 0x24,
    0x46, 0xA2, 0x88, 0x30, 0x9C, 0x89, 0xF6, 0x8B, 0x9D, 0x03, 0x69, 0x09, 0x09, 0xDE, 0x0C, 0x02,
    0xBB, 0x21, 0x0D, 0x87, 0x85, 0x85, 0x2C, 0x71, 0x58, 0x8E, 0x49, 0x88, 0x39, 0x23, 0xBE, 0x9C,
    0x11, 0x4F, 0x3B, 0xCF, 0x91, 0xB5, 0x6B, 0x17, 0x58, 0x57, 0x4C, 0x57, 0x40, 0x03, 0xFC, 0xB6,
    0xB2, 0xE8, 0x67, 0xA4, 0xF2, 0xAB, 0xA8, 0x59, 0x06, 0x50, 0xEB, 0x91, 0xD6, 0xF4, 0xB9, 0x41,
    0x32, 0x16, 0x9A, 0x75, 0xED, 0xA5, 0x04, 0x11, 0x01, 0x96, 0x03, 0x2D, 0xAB, 0x31, 0xFA, 0xA4,
    0xD9, 0x29, 0x1A, 0x70, 0xB2, 0xB0, 0xD6, 0x50, 0x3B, 0x5E, 0x09, 0xD9, 0x3F, 0x2C, 0x72, 0xA3,
    0x46, 0x20, 0x5E, 0xB0, 0xB9, 0x19, 0xB1, 0xB4, 0x33, 0xFD, 0x2B, 0x66, 0xA2, 0x46, 0x56, 0x67,
    0xB3, 0x13, 0xCC, 0x44, 0x49, 0xC5, 0x66, 0x0E, 0x10, 0x0C, 0x9F, 0xE8, 0xEC, 0x14, 0xD1, 0x0D,
    0x9A, 0x6C, 0xA1, 0x64, 0x29, 0xF4, 0xB9, 0x21, 0x2A, 0xB6, 0x78, 0x88, 0x73, 0x83, 0x14, 0xD3,
    0x9E, 0x96, 0x59, 0xBF, 0xF2, 0xBC, 0x53, 0x22, 0x72, 0x5D, 0xBA, 0xDB, 0xF0, 0xBE, 0xC9, 0x72,
    0xCE, 0x72, 0xD5, 0xBD, 0xCF, 0xF7, 0x15, 0xEE, 0xCC, 0x39, 0xAE, 0x4A, 0x3A, 0x5F, 0x45, 0x3A,
    0x1C, 0x57, 0xBB, 0x39, 0xCC, 0xA2, 0x78, 0xDD, 0x11, 0x8C, 0x6E, 0x2C, 0x09, 0x84, 0x25, 0xFF,
    0x3D, 0x27, 0x7B, 0x06, 0x6E, 0xD3, 0xB7, 0x00, 0xE5, 0x6D, 0x68, 0x6A, 0x20, 0xBD, 0x5A, 0xBD,
    0x32, 0x86, 0xED, 0x04, 0xD4, 0x97, 0x58, 0x80, 0xFC, 0x12, 0x0A, 0xF8, 0xEE, 0x35, 0x97, 0xB1,
    0x71, 0xED, 0x60, 0xB9, 0xD5, 0xC4, 0xEA, 0x09, 0xAE, 0x4C, 0x7F, 0xB9, 0x04, 0x2C, 0xDC, 0xE9,
    0xCD, 0x40, 0xFC, 0xB0, 0x8D, 0x89, 0x92, 0x7A, 0xEE, 0xAA, 0x13, 0x52, 0xED, 0x92, 0x8B, 0xFC,
    0xA2, 0xC3, 0xA0, 0x9A, 0x64, 0x3F, 0xC9, 0x00, 0xB3, 0xE8, 0x90, 0xB4, 0xD7, 0x44, 0xC5, 0x7C,
    0x29, 0xDE, 0x0D, 0x50, 0xEE, 0x21, 0xB0, 0x70, 0x9E, 0x50, 0xFA, 0x58, 0xF9, 0x13, 0xD3, 0x93,
    0x9D, 0xDD, 0xA5, 0x22, 0x29, 0x8F, 0x2F, 0x67, 0x9D, 0xFE, 0xC7, 0x59, 0xD9, 0xAA, 0x74, 0x8A,
    0xA3, 0xB1, 0x9D, 0x0A, 0x99, 0xF5, 0x58, 0x28, 0x94, 0x0F, 0x8C, 0x38, 0xFB, 0xD8, 0xE7, 0x0A,
    0x4A, 0x4A, 0x8F, 0x47, 0x15, 0xB1, 0x22, 0x43, 0x9D, 0xE2, 0xB5, 0x41, 0x27, 0x12, 0x0E, 0x0E,
    0x76, 0x77, 0x3E, 0xDB, 0x68, 0x97, 0x31, 0x58, 0x81, 0x7D, 0xD1, 0xB1, 0x71, 0x4F, 0x06, 0x2F,
    0x4F, 0x42, 0xD9, 0xB3, 0x70, 0x36, 0x56, 0x3C, 0xEF, 0x79, 0xE0, 0x85, 0x58, 0x65, 0x4F, 0xB9,
    0x4E, 0x04, 0x87, 0x3A, 0x3C, 0xBE, 0xAF, 0xFC, 0xC3, 0xA7, 0xAA, 0x1E, 0x1A, 0x4A, 0xA2, 0xA2,
    0x7A, 0xF2, 0xBA, 0x33, 0x8B, 0x0D, 0x32, 0xCC, 0x03, 0xAF, 0xF9, 0xE8, 0x9B, 0x8F, 0xA0, 0xFC,
    0x23, 0x9C, 0x63, 0x17, 0xB5, 0xF0, 0x9E, 0x13, 0x16, 0x77, 0xC4, 0x82, 0xB6, 0xC6, 0xF2, 0x2C,
    0x30, 0xCF, 0x28, 0x68, 0x5A, 0xD6, 0x33, 0xAA, 0x6A, 0x50, 0xCD, 0x80, 0xC6, 0xF7, 0x94, 0xE7,
    0xC1, 0x93, 0x0C, 0x55, 0xEF, 0x9E, 0x69, 0xCA, 0x74, 0x6A, 0x07, 0xAD, 0x2A, 0x93, 0x8D, 0xBC,
    0x3E, 0x14, 0xFD, 0xFB, 0x4A, 0x14, 0xD6, 0x9C, 0x83, 0x4A, 0x4E, 0xAF, 0x38, 0x07, 0x15, 0x9C,
    0xBD, 0xD7, 0x9B, 0x5E, 0x6E, 0x7A, 0xA5, 0xA9, 0x62, 0xB3, 0xF3, 0x5A, 0x53, 0xA5, 0xE6, 0xA9,
    0x5C, 0xCB, 0x36, 0xE7, 0x18, 0x74, 0x7D, 0x11, 0x24, 0x55, 0x99, 0xD5, 0x5A, 0xBD, 0x29, 0x0A,
    0xB0, 0x65, 0x70, 0xF5, 0x84, 0xC1, 0x02, 0xD3, 0xEB, 0x4B, 0xA7, 0xAC, 0x5E, 0x5D, 0xA6, 0xE2,
    0xD2, 0x6B, 0xCB, 0x9B, 0x67, 0x3B, 0xAE, 0x0A, 0x4D, 0x20, 0xB6, 0xF7, 0x57, 0xA5, 0x78, 0xCF,
    0xAA, 0xAC, 0xFC, 0x69, 0x49, 0x9D, 0x7B, 0x48, 0x7F, 0x5A, 0xD2, 0xE5, 0x92, 0x34, 0xED, 0x8F,
    0xFE, 0xF6, 0x46, 0xBA, 0x54, 0xA5, 0xA9, 0x42, 0x53, 0x75, 0xA6, 0xCA, 0xCC, 0xEA, 0xDE, 0xAA,
    0xF4, 0x4B, 0x89, 0xF9, 0xE6, 0xAA, 0x64, 0xFF, 0xE6, 0xAA, 0x98, 0xF6, 0xAF, 0xBD, 0xB2, 0xBE,
    0x55, 0xC1, 0x3D, 0xCA, 0xA2, 0x49, 0xDF, 0x8D, 0xF2, 0x23, 0xB6, 0xE0, 0x36, 0x05, 0x28, 0x0E,
    0xD6, 0x40, 0xF7, 0x75, 0x8E, 0x3E, 0x27, 0x1E, 0xFA, 0xF0, 0x7C, 0x6E, 0x5A, 0x92, 0xBA, 0x0E,
    0x0C, 0x58, 0x83, 0x51, 0x99, 0x06, 0xFD, 0x19, 0x84, 0xE1, 0x91, 0x21, 0x02, 0x40, 0xDB, 0xAA,
    0x01, 0x4E, 0x5B, 0x8B, 0x1A, 0x5D, 0x0D, 0x24, 0x3D, 0x2B, 0x45, 0xC0, 0x86, 0xEF, 0x5E, 0xC4,
    0x49, 0xAB, 0x32, 0xB1, 0x48, 0xFD, 0x4A, 0xE4, 0xE7, 0x27, 0xEC, 0xC9, 0x7C, 0x51, 0x5E, 0xD6,
    0x32, 0x19, 0xC1, 0x2A, 0xD4, 0x7F, 0x88, 0x14, 0x65, 0xA4, 0x1A, 0xC0, 0x22, 0x93, 0x3C, 0x1F,
    0x6E, 0xBC, 0x84, 0x2E, 0x64, 0x3C, 0xCA, 0x94, 0x88, 0x73, 0x75, 0x21, 0x99, 0x1A, 0x18, 0x38,
    0xCD, 0xAB, 0x8D, 0xFA, 0x5B, 0x9A, 0x69, 0x58, 0x73, 0xC1, 0x02, 0x8F, 0x88, 0xA9, 0x0A, 0xA8,
    0x8A, 0xA6, 0x1D, 0xF3, 0x3A, 0x9C, 0xC9, 0x2C, 0xEF, 0x88, 0x7C, 0x63, 0xE2, 0xBF, 0x62, 0x18,
    0x8E, 0xEC, 0x27, 0xC0, 0xDB, 0x0C, 0x3C, 0xD0, 0xCB, 0xE3, 0x28, 0x8E, 0xA6, 0xAD, 0x25, 0x98,
    0xDD, 0x63, 0xD8, 0xDC, 0xA3, 0x11, 0x7D, 0xAC, 0x96, 0x31, 0xA2, 0xA2, 0xC1, 0x95, 0x04, 0x79,
    0x27, 0x96, 0xF6, 0xBD, 0x9F, 0x6E, 0x96, 0x21, 0xC8, 0x06, 0xDD, 0x22, 0x2B, 0xD9, 0xA7, 0xBA,
    0x62, 0xDE, 0x14, 0xF3, 0x9E, 0x98, 0xB7, 0xC4, 0xBC, 0x23, 0xE6, 0x0D, 0x31, 0xEF, 0x87, 0xA9,
    0x1D, 0x76, 0xF1, 0x6E, 0x98, 0x1E, 0x35, 0x78, 0x2F, 0x0C, 0x3F, 0x9A, 0xB6, 0x2A, 0xC5, 0xBB,
    0x96, 0x4D, 0xAF, 0xAE, 0x66, 0x11, 0x87, 0xA2, 0x0F, 0xFC, 0x80, 0xA5, 0xF1, 0x98, 0x9A, 0x60,
    0xA9, 0x07, 0x56, 0xAB, 0x05, 0x96, 0x3A, 0x60, 0x4A, 0x79, 0xDE, 0x61, 0xDA, 0xCF, 0xAE, 0xC2,
    0xA4, 0x1F, 0xC7, 0xA5, 0x52, 0xC3, 0x02, 0x3C, 0x56, 0x03, 0xE7, 0xC4, 0x00, 0xA9, 0x1B, 0xEA,
    0xEE, 0x57, 0x7F, 0x36, 0xC1, 0xF5, 0x3E, 0x98, 0x28, 0x91, 0x72, 0xD3, 0xB2, 0x3D, 0x70, 0x5B,
    0xB1, 0x6D, 0x65, 0xCA, 0xD5, 0x57, 0xB8, 0x85, 0xCA, 0x05, 0x55, 0x0A, 0x2A, 0x12, 0x4C, 0x46,
    0xD8, 0xC0, 0x71, 0x5C, 0x7A, 0x27, 0x3B, 0x22, 0xEC, 0x05, 0xAC, 0xA8, 0x8F, 0x1C, 0xE2, 0xFF,
    0xED, 0x92, 0xFF, 0x40, 0xBB, 0xC4, 0x9B, 0x22, 0xA9, 0xFF, 0xE4, 0x35, 0xC7, 0xDA, 0x12, 0x09,
    0x9B, 0x8E, 0xC8, 0xFD, 0x86, 0xC8, 0xB6, 0x1F, 0xB2, 0x6D, 0x87, 0x6C, 0x1A, 0x20, 0xDB, 0x66,
    0xC8, 0xB6, 0x17, 0xB2, 0x6D, 0x85, 0x6C, 0x3B, 0x21, 0xDB, 0x46, 0xC8, 0xB6, 0x0F, 0xB2, 0x6D,
    0x83, 0x6C, 0xBB, 0x20, 0xDB, 0x26, 0xC8, 0xB6, 0x07, 0xB2, 0x6D, 0x81, 0x6C, 0x3B, 0x20, 0xDB,
    0x06, 0xC8, 0xB6, 0xFF, 0xB1, 0x6D, 0x7F, 0x6C, 0xBB, 0x1F, 0xF7, 0x9B, 0x1F, 0x9B, 0x06, 0xE0,
    0x66, 0x5A, 0xAF, 0x0D, 0xBF, 0xF6, 0xF2, 0x76, 0x3F, 0xE3, 0x7F, 0xB8, 0xB5, 0xB1, 0xC9, 0x9F,
    0xF9, 0xB8, 0x7D, 0x73, 0xE0, 0xE8, 0x48, 0xF1, 0x5C, 0x66, 0x75, 0xF3, 0xEC, 0x1D, 0xA9, 0xAB,
    0xEE, 0x95, 0x0C, 0x3C, 0xEC, 0xD0, 0xBF, 0x8B, 0x0B, 0x4D, 0xAC, 0xEC, 0x2B, 0x0D, 0x35, 0x7F,
    0xBC, 0x8B, 0x9B, 0x53, 0x72, 0x5D, 0xE0, 0xA4, 0xF1, 0xA0, 0xC1, 0x29, 0xA3, 0x33, 0x46, 0x09,
    0xE8, 0x7C, 0xD1, 0xE9, 0x62, 0x19, 0x7F, 0x3B, 0xAF, 0x64, 0xD1, 0xB9, 0xA2, 0x53, 0x45, 0x31,
    0x45, 0x27, 0x8A, 0x7B, 0x30, 0x99, 0x26, 0xD1, 0x44, 0x67, 0x89, 0x4E, 0x12, 0xC5, 0x11, 0x9D,
    0x22, 0x3A, 0x43, 0x2C, 0x44, 0x10, 0x9D, 0x1F, 0x3A, 0x3D, 0x5C, 0xD8, 0xA1, 0x3D, 0x6A, 0x7D,
    0xD1, 0x20, 0x34, 0x9C, 0xAD, 0x4A, 0xD2, 0xDB, 0x77, 0x67, 0x75, 0x0F, 0x73, 0xA7, 0x10, 0xDC,
    0xF9, 0x23, 0x5B, 0x00, 0x53, 0x31, 0x2C, 0x5B, 0xFD, 0xE2, 0xA1, 0x41, 0xA4, 0xE6, 0xFA, 0xDF,
    0xA4, 0x97, 0xFE, 0xF9, 0xC1, 0x86, 0x32, 0x2E, 0xB3, 0x6C, 0x89, 0x2E, 0x2A, 0xF8, 0xDD, 0x11,
    0xD6, 0x6A, 0xB6, 0x5E, 0x3D, 0xE6, 0x7C, 0xFA, 0xAE, 0x4E, 0x79, 0xBE, 0x36, 0x7B, 0xCB, 0x75,
    0x7A, 0x54, 0xD2, 0x13, 0x73, 0x8A, 0xCB, 0xEB, 0x1E, 0x7F, 0x5D, 0x95, 0x80, 0x70, 0xEF, 0x5B,
    0xA6, 0xF5, 0x52, 0x17, 0xEE, 0xE2, 0x12, 0xDA, 0xF2, 0x75, 0x5A, 0xA2, 0x62, 0x73, 0xA6, 0x14,
    0x1F, 0xA5, 0x69, 0xBC, 0x56, 0x31, 0x59, 0x22, 0xFC, 0x62, 0xD2, 0xA9, 0x7D, 0xED, 0x53, 0xAB,
    0xBF, 0x97, 0x56, 0xDE, 0x12, 0x4A, 0xB3, 0x45, 0x94, 0xE5, 0x25, 0x9A, 0x64, 0x49, 0xD3, 0x3A,
    0x9E, 0x9F, 0x47, 0xEF, 0x22, 0x4F, 0x49, 0xCB, 0x3C, 0xE5, 0x32, 0x78, 0x79, 0xAF, 0xE4, 0x05,
    0xF0, 0x9B, 0xED, 0x4D, 0x56, 0xC4, 0xDB, 0xD3, 0x3D, 0xB4, 0x17, 0xAC, 0x8F, 0xC9, 0x32, 0xDE,
    0x63, 0x6F, 0xDB, 0xAA, 0xF5, 0x69, 0xB8, 0x79, 0x2A, 0x89, 0x7F, 0x4C, 0x52, 0x69, 0x42, 0xBE,
    0x24, 0xA2, 0x44, 0xD6, 0x34, 0x97, 0xF9, 0xB3, 0x5B, 0x7C, 0x4B, 0x4A, 0xD3, 0x84, 0x1D, 0x42,
    0x73, 0x46, 0x53, 0x2C, 0x67, 0x56, 0xC6, 0x37, 0x3A, 0xA7, 0x4B, 0x27, 0x77, 0xA5, 0x4F, 0xCC,
    0xF4, 0x4E, 0xB2, 0xFD, 0xDA, 0x5F, 0x01, 0x9A, 0x7D, 0x81, 0x3F, 0x7E, 0x10, 0x68, 0x62, 0xC6,
    0x96, 0x2E, 0xFE, 0x28, 0x19, 0xDA, 0xD7, 0xF4, 0x3C, 0x2C, 0x5B, 0x0D, 0xD8, 0x33, 0xD2, 0x8F,
    0x64, 0x70, 0x5A, 0xFE, 0x7C, 0xDE, 0xD6, 0xB0, 0x29, 0x00, 0xF1, 0x9C, 0xEC, 0xFC, 0x5E, 0x4D,
    0x8D, 0x0C, 0x35, 0x9F, 0xD0, 0x76, 0x5E, 0x47, 0x2D, 0x90, 0xB3, 0x57, 0x3C, 0xF6, 0xAE, 0x65,
    0x93, 0x0B, 0xDC, 0x33, 0x23, 0xFC, 0x53, 0xCE, 0x26, 0xD5, 0xC4, 0xBE, 0x53, 0x7B, 0x05, 0xED,
    0xBC, 0x56, 0x57, 0xCB, 0x3C, 0xE5, 0x50, 0x5D, 0x41, 0x2D, 0x8D, 0x6B, 0x56, 0xF3, 0xCE, 0x26,
    0x36, 0xEC, 0x51, 0x03, 0x54, 0xF3, 0x01, 0x1D, 0xBA, 0x6A, 0x36, 0x32, 0x03, 0x4B, 0x99, 0x95,
    0xF7, 0xD0, 0xC3, 0xE8, 0x0F, 0x24, 0x3F, 0x06, 0xCA, 0x60, 0x2B, 0x6F, 0xC5, 0x85, 0xE5, 0xD6,
    0x59, 0x0F, 0x27, 0xED, 0x06, 0xF0, 0xED, 0x81, 0x66, 0xF6, 0xC3, 0x5D, 0x9B, 0xFA, 0xA6, 0x3F,
    0xA7, 0xD4, 0x5C, 0xCA, 0x62, 0xC3, 0x86, 0x68, 0x07, 0x79, 0x7C, 0x87, 0xDB, 0xD8, 0x4F, 0x37,
    0x4F, 0x73, 0x50, 0xCD, 0xF8, 0x72, 0xA0, 0x93, 0xF4, 0x24, 0xD0, 0x27, 0xD1, 0x42, 0x12, 0x68,
    0x93, 0xC1, 0x80, 0xED, 0xD0, 0x40, 0x30, 0xEA, 0x3C, 0x17, 0xDF, 0x82, 0x34, 0x57, 0x7F, 0x01,
    0x81, 0x8E, 0x9F, 0x22, 0x0D, 0xA1, 0x6B, 0x50, 0x91, 0x67, 0x1B, 0x47, 0x61, 0x96, 0x7D, 0xE5,
    0x09, 0x73, 0x74, 0x16, 0x17, 0x51, 0x21, 0x84, 0x4F, 0x8A, 0x95, 0x4F, 0xC0, 0x58, 0x1E, 0xD3,
    0x43, 0xBD, 0x11, 0xDA, 0xE8, 0x1D, 0x6A, 0xCE, 0x57, 0xB4, 0x05, 0xCC, 0x82, 0x76, 0xF3, 0x6B,
    0x95, 0xD5, 0xBE, 0xA0, 0xA2, 0x99, 0x39, 0xD5, 0xDE, 0xC9, 0x75, 0xC4, 0xB8, 0xF7, 0xAA, 0xD0,
    0x8F, 0xAA, 0xF0, 0xD4, 0x87, 0x30, 0xE1, 0xC3, 0xAF, 0x10, 0x78, 0x0F, 0xCC, 0x72, 0x2D, 0x0A,
    0x80, 0xBE, 0xC2, 0xFD, 0x65, 0x6A, 0x4D, 0xAE, 0x2A, 0xA8, 0xA5, 0x9F, 0xDC, 0x6C, 0x3B, 0x67,
    0x3F, 0xDA, 0x38, 0x89, 0x98, 0x8B, 0x5E, 0xD5, 0x71, 0xCE, 0x32, 0x1E, 0x2F, 0x59, 0x97, 0x0E,
    0xDB, 0x0E, 0x11, 0xE9, 0xA8, 0x42, 0x01, 0x15, 0xA1, 0xA7, 0xE8, 0x11, 0x0D, 0xB5, 0xA6, 0x8C,
    0xA9, 0x7A, 0xB1, 0xE7, 0x3D, 0x0E, 0xEC, 0x42, 0x42, 0x91, 0x4E, 0x49, 0xF9, 0x43, 0x13, 0xED,
    0xA3, 0x81, 0x09, 0xE1, 0xB9, 0x48, 0x0F, 0x19, 0x11, 0x88, 0xDF, 0xBC, 0x6D, 0x3D, 0x65, 0x43,
    0x7A, 0xE5, 0xCE, 0xCA, 0x74, 0x7F, 0x4D, 0xB3, 0x47, 0xFE, 0xF2, 0x3B, 0x84, 0x39, 0xB1, 0xBE,
    0x49, 0x5B, 0x9A, 0xC9, 0xA4, 0x70, 0x17, 0xD5, 0x61, 0x97, 0x29, 0xA8, 0xFF, 0xAD, 0x66, 0xF0,
    0xDB, 0x2D, 0xE1, 0xBD, 0x03, 0xDE, 0x78, 0x8B, 0x3D, 0xB9, 0x8D, 0xB6, 0x6C, 0x75, 0xAB, 0xCF,
    0xED, 0x2F, 0x2F, 0xB6, 0x45, 0x51, 0x72, 0xD7, 0xB5, 0xFF, 0xBE, 0x61, 0x3A, 0xE1, 0x66, 0xF3,
    0xD6, 0x53, 0xB9, 0xBD, 0x1A, 0x96, 0x57, 0xBB, 0xEA, 0x96, 0x1D, 0xF5, 0xC0, 0xF4, 0x2F, 0x05,
    0xBD, 0x0B, 0x98, 0x09, 0xBF, 0xCE, 0x37, 0x29, 0x6E, 0x80, 0xDC, 0xE1, 0xDD, 0x2F, 0xA8, 0xF8,
    0x8B, 0xF8, 0x99, 0x27, 0x0C, 0x1A, 0x3D, 0xE5, 0x59, 0x37, 0x14, 0x89, 0x04, 0x8C, 0x62, 0xC5,
    0x99, 0x2B, 0xD1, 0xFB, 0x86, 0x39, 0xF2, 0xA3, 0xA5, 0x5D, 0xF7, 0x60, 0x11, 0xB3, 0xED, 0x93,
    0x78, 0x55, 0xEF, 0x22, 0x32, 0x71, 0x7B, 0xA9, 0x9A, 0x7B, 0x5B, 0x51, 0xCC, 0xC1, 0x0E, 0x5D,
    0x04, 0x54, 0xB7, 0x89, 0x39, 0xE1, 0xC9, 0xDB, 0x2F, 0x73, 0x59, 0x96, 0x51, 0x30, 0x75, 0x07,
    0xC8, 0xDC, 0xF5, 0x1A, 0xDA, 0x5F, 0x9B, 0xF3, 0xFD, 0x33, 0x7B, 0xF7, 0x7C, 0xDD, 0x83, 0xF4,
    0xCC, 0x1E, 0x7E, 0x40, 0x6D, 0xCB, 0x7E, 0x6F, 0x1E, 0xE3, 0x42, 0x0B, 0xD1, 0x14, 0x64, 0x4C,
    0x10, 0xDD, 0xEF, 0x8A, 0x14, 0x51, 0x4F, 0x41, 0xBD, 0x7C, 0x2C, 0xE4, 0x41, 0xAF, 0xC2, 0xB1,
    0x74, 0x25, 0x8B, 0xB2, 0x7F, 0x51, 0x86, 0x9C, 0x7D, 0xC2, 0x5D, 0xFC, 0x19, 0xDF, 0xF2, 0x70,
    0x3D, 0x0F, 0x34, 0x8E, 0xFD, 0xF5, 0xDD, 0x2D, 0x92, 0xE3, 0xF4, 0x96, 0x59, 0x8C, 0x2B, 0xFF,
    0x95, 0x41, 0x18, 0xA7, 0xC7, 0x0A, 0x7C, 0x43, 0xA7, 0x41, 0xDB, 0x33, 0x5B, 0x5C, 0x12, 0xB4,
    0x6A, 0x24, 0xB9, 0xEA, 0xD5, 0x1E, 0xE2, 0x8B, 0xA9, 0x46, 0x8A, 0x94, 0xCB, 0x4B, 0x89, 0xE8,
    0xCA, 0xBC, 0xB3, 0xCB, 0x52, 0x6F, 0x5F, 0x4A, 0xB0, 0x19, 0xFC, 0x4F, 0x25, 0x50, 0x31, 0x4E,
    0x04, 0x31, 0x0C, 0x9C, 0xDB, 0x43, 0x9C, 0xD8, 0x2B, 0xF2, 0x84, 0xED, 0x69, 0xD2, 0xD2, 0x79,
    0x1F, 0x86, 0x48, 0x44, 0xC3, 0x37, 0xAE, 0x44, 0xD7, 0xF0, 0x84, 0x58, 0xA2, 0xA0, 0xDD, 0xFB,
    0x41, 0xC4, 0x0B, 0x52, 0x6C, 0x11, 0xA4, 0xEC, 0x0E, 0x0E, 0x48, 0x1E, 0xC5, 0xF6, 0xD8, 0x8E,
    0xC7, 0x0F, 0x10, 0x0D, 0x59, 0x8A, 0x6B, 0xC7, 0x1D, 0xC3, 0x8C, 0x69, 0x41, 0x2A, 0x03, 0xF3,
    0x99, 0xB3, 0xAF, 0x00, 0x2E, 0xC0, 0x69, 0x03, 0x3C, 0xE7, 0x03, 0xB9, 0x9C, 0x39, 0x15, 0xA9,
    0xA7, 0x36, 0x6C, 0x78, 0x76, 0xBC, 0xED, 0x9E, 0xDC, 0xE4, 0x95, 0x35, 0x41, 0x16, 0xF3, 0xD5,
    0x10, 0xE5, 0x1F, 0x73, 0x52, 0x5F, 0x24, 0xA7, 0x9E, 0x8F, 0x8E, 0x3B, 0x0E, 0x5C, 0x31, 0xA9,
    0xE4, 0x50, 0xA4, 0x4C, 0xEA, 0xE3, 0x0B, 0xD2, 0x8D, 0x91, 0xDF, 0xD4, 0xFE, 0xF6, 0x58, 0x56,
    0xA4, 0x1D, 0x24, 0x86, 0x3F, 0x3B, 0x35, 0x8C, 0x97, 0xEE, 0x38, 0xDA, 0x90, 0x22, 0x5F, 0x55,
    0x86, 0xD6, 0xED, 0xAD, 0x5A, 0x68, 0x49, 0xA3, 0x70, 0x8F, 0x11, 0x26, 0x41, 0x14, 0x5C, 0xA8,
    0x47, 0x7E, 0x52, 0x1D, 0xDD, 0x6E, 0xB3, 0xA4, 0xE0, 0x31, 0x8E, 0xEF, 0xBE, 0xA4, 0xD5, 0xB1,
    0x53, 0x26, 0x83, 0xC5, 0xA4, 0x44, 0x93, 0x15, 0x14, 0x48, 0x6A, 0x3B, 0xC5, 0xEB, 0x07, 0xED,
    0xCB, 0x8E, 0x66, 0x58, 0x0D, 0x11, 0x2E, 0x4B, 0x0D, 0x2D, 0x6D, 0xA1, 0x49, 0x75, 0x19, 0x67,
    0x6B, 0x54, 0x84, 0x0C, 0xE9, 0x76, 0xE8, 0x32, 0xE1, 0xFA, 0x71, 0x80, 0x27, 0xA0, 0x62, 0xF8,
    0xC1, 0xD1, 0x0A, 0xA6, 0x7C, 0x37, 0x65, 0x6F, 0xAC, 0x69, 0xBD, 0xC6, 0xBE, 0x43, 0xE9, 0x4D,
    0x81, 0x2A, 0x8C, 0x76, 0xCF, 0x5F, 0x15, 0xCB, 0xB1, 0x11, 0x83, 0x40, 0x0C, 0x44, 0xD1, 0x7F,
    0x10, 0x38, 0x70, 0x40, 0x09, 0x94, 0x70, 0x25, 0xC8, 0x9D, 0x1D, 0x1D, 0x51, 0x02, 0x94, 0x40,
    0x09, 0x94, 0xA0, 0xC0, 0x01, 0x81, 0xCE, 0xEB, 0x53, 0xF2, 0x46, 0x33, 0xDA, 0x0F, 0xBA, 0xA1,
    0x28, 0x60, 0x92, 0x60, 0x4E, 0xCA, 0xAE, 0x4F, 0x9E, 0x5B, 0x72, 0xC2, 0x2B, 0x59, 0x92, 0xAA,
    0x0B, 0x5A, 0x26, 0x92, 0x67, 0xE1, 0x63, 0x71, 0xF8, 0x78, 0x36, 0x67, 0x0D, 0xFB, 0x62, 0x8F,
    0x3D, 0x1C, 0x6E, 0x51, 0x74, 0x5B, 0x8C, 0xDC, 0xE2, 0xAD, 0xCD, 0xFA, 0x22, 0x6A, 0xB7, 0x4E,
    0xFD, 0xB5, 0x60, 0xD5, 0x1F, 0x7D, 0x58, 0x4B, 0xAE, 0xDC, 0xC6, 0x15, 0x2D, 0xB2, 0x81, 0xD7,
    0x86, 0x39, 0xE0, 0x24, 0x08, 0x60, 0x65, 0xC0, 0xB1, 0xE5, 0x01, 0x77, 0x90, 0xEA, 0x4D, 0x04,
    0x59, 0x43, 0x3C, 0xD1, 0x12, 0x48, 0x38, 0x0B, 0xC8, 0xCB, 0x0E, 0x34, 0x50, 0x00, 0xEB, 0xAD,
    0xC1, 0x71, 0x51, 0xF0, 0x20, 0xD3, 0x46, 0x32, 0xCC, 0xA4, 0x03, 0x64, 0x10, 0xC4, 0x03, 0x31,
    0x00, 0x93, 0xF0, 0x29, 0x24, 0x2B, 0xE7, 0x9C, 0x7B, 0xD9, 0xAF, 0x25, 0x48, 0x6E, 0x34, 0xEB,
    0x56, 0xB3, 0x59, 0x55, 0xF7, 0x73, 0xEE, 0x8F, 0x21, 0x84, 0xF0, 0xFC, 0x65, 0xD0, 0xA7, 0x1B,
    0x8D, 0x66, 0xA3, 0x65, 0x9E, 0x44, 0x0F, 0x79, 0x16, 0xAD, 0x9D, 0x36, 0x79, 0x11, 0x8D, 0x4E,
    0xBB, 0xB7, 0x46, 0xF3, 0xEF, 0x56, 0x5B, 0x56, 0x6F, 0x5A, 0xB6, 0xD6, 0x59, 0xCB, 0x96, 0x4A,
    0xB4, 0x19, 0x8D, 0xC6, 0xCB, 0x51, 0x34, 0xE5, 0x9C, 0x4F, 0x5C, 0x86, 0x4F, 0xCF, 0x65, 0xBF,
    0xFA, 0x75, 0x1E, 0xB8, 0x0C, 0xD3, 0x81, 0xCB, 0x8C, 0x36, 0x53, 0x28, 0xF2, 0x19, 0xCB, 0xC0,
    0x54, 0xBE, 0x60, 0xD9, 0xD9, 0x28, 0xFF, 0x03, 0xA3, 0x25, 0xF7, 0x00, 0x25, 0x33, 0x35, 0x36,
    0x74, 0xDA, 0x6B, 0xFB, 0xAC, 0x71, 0x83, 0x04, 0x43, 0xA1, 0x31, 0xAC, 0x18, 0xFB, 0xB0, 0xF8,
    0x78, 0xC4, 0xE2, 0x57, 0xC1, 0xD8, 0xAA, 0xDF, 0x1B, 0xF3, 0xDF, 0x29, 0x27, 0x36, 0x08, 0xED,
    0x7A, 0xC4, 0xF1, 0xED, 0x12, 0x12, 0x0E, 0x59, 0x42, 0x9C, 0xF5, 0x5D, 0x42, 0x37, 0x71, 0xB4,
    0x9B, 0x1C, 0x67, 0x72, 0x81, 0x9B, 0xE0, 0x0D, 0x3F, 0xF3, 0xB9, 0xE0, 0x77, 0x38, 0xE6, 0x01,
    0xC7, 0x76, 0x59, 0x52, 0x4E, 0x1C, 0xB7, 0x93, 0x89, 0x0E, 0x91, 0x3B, 0x90, 0x99, 0xFA, 0x7D,
    0x93, 0x36, 0x92, 0x81, 0xA7, 0x83, 0xB3, 0x0A, 0x6C, 0x89, 0xF4, 0xE4, 0x90, 0xBF, 0xC0, 0x22,
    0xFF, 0x73, 0x82, 0x0B, 0x87, 0x06, 0xA8, 0x99, 0x96, 0xAA, 0xB7, 0x5F, 0x70, 0xB3, 0x36, 0x67,
    0xAA, 0x1F, 0x44, 0xDA, 0x5A, 0x4A, 0x6E, 0x4D, 0x56, 0x71, 0x37, 0x4E, 0xA1, 0xD9, 0x64, 0x5F,
    0x2E, 0x07, 0x7B, 0xB4, 0x10, 0xD6, 0xF2, 0x26, 0xF8, 0xE5, 0x66, 0x58, 0xD4, 0x2D, 0xD0, 0xF4,
    0x50, 0x4A, 0xA9, 0xC3, 0x0B, 0x28, 0xCB, 0x94, 0x27, 0x72, 0x1F, 0x8C, 0x5D, 0xDC, 0xED, 0xCC,
    0x60, 0xD4, 0x66, 0x3A, 0x89, 0x74, 0xE2, 0xDA, 0xC8, 0x29, 0xA4, 0x10, 0x68, 0xE0, 0xEF, 0xC5,
    0x6E, 0xF8, 0xD9, 0xAE, 0xD3, 0x60, 0xA8, 0xD8, 0x49, 0x63, 0x98, 0x69, 0x1D, 0x4A, 0x4E, 0xE6,
    0x5B, 0xD2, 0x19, 0xFC, 0xD2, 0x78, 0x4B, 0x1C, 0x9B, 0x44, 0x40, 0x10, 0xD7, 0xF8, 0x14, 0xC4,
    0x02, 0x4F, 0xD5, 0x2F, 0x59, 0xED, 0x4A, 0x84, 0x53, 0x7C, 0xC6, 0xDB, 0x49, 0xB1, 0xFA, 0x89,
    0xE5, 0xE2, 0x87, 0x1D, 0x16, 0x2A, 0xC9, 0x26, 0xE6, 0x06, 0xC7, 0xD9, 0x8F, 0xAC, 0x46, 0x3F,
    0xB4, 0x1E, 0xFD, 0x58, 0x4E, 0x74, 0x54, 0x7B, 0xF6, 0xA3, 0xE3, 0x50, 0xDA, 0xA4, 0xA3, 0xB9,
    0x75, 0xFC, 0x89, 0x2A, 0xE1, 0x24, 0xD8, 0xA4, 0xDC, 0x82, 0xE1, 0x1E, 0x27, 0x18, 0xE2, 0xAA,
    0x7D, 0x52, 0x4F, 0xAE, 0x95, 0x76, 0xF4, 0x49, 0x77, 0x0E, 0xF5, 0x2A, 0xC9, 0x7A, 0xD3, 0x14,
    0x97, 0x4A, 0x57, 0x1C, 0xC4, 0x3B, 0x65, 0xA1, 0x89, 0x2B, 0x4D, 0x56, 0xAA, 0xB9, 0xE7, 0xAF,
    0x81, 0x9E, 0x63, 0x3A, 0x69, 0xC5, 0x36, 0x6E, 0xB7, 0xC6, 0xDB, 0x29, 0x44, 0xB1, 0x14, 0xF5,
    0xBD, 0x9D, 0xC0, 0x74, 0x5F, 0x6A, 0xC2, 0xF1, 0xF9, 0xC3, 0x43, 0x78, 0x78, 0xF8, 0x96, 0xEA,
    0x0A, 0xDC, 0x39, 0xCA, 0x8F, 0x16, 0x99, 0xBA, 0x12, 0x42, 0x77, 0x0A, 0xE6, 0xB2, 0x1B, 0x7D,
    0x13, 0x8F, 0x25, 0x19, 0xC1, 0x7F, 0x15, 0x43, 0x03, 0xEC, 0xDE, 0x66, 0xC3, 0x69, 0x4A, 0xA4,
    0x6B, 0xB9, 0x51, 0xDB, 0xCD, 0x52, 0xCD, 0x54, 0x76, 0xBB, 0xC4, 0x0B, 0x75, 0x1D, 0x97, 0xDC,
    0x53, 0xD5, 0xF1, 0x7F, 0x06, 0xE8, 0x08, 0xB1, 0xA8, 0xE8, 0x0E, 0x4A, 0xA6, 0x9E, 0x53, 0x3E,
    0x49, 0xCD, 0xD9, 0x23, 0x03, 0xFC, 0x48, 0x4A, 0xC6, 0x7F, 0x64, 0x81, 0xFF, 0x1D, 0xE4, 0x31,
    0xE7, 0x40, 0x5F, 0x49, 0x79, 0x2D, 0xA9, 0x19, 0x60, 0x57, 0xD4, 0x55, 0xB4, 0x39, 0x5D, 0x65,
    0x2E, 0xB3, 0x49, 0x1C, 0xCC, 0x24, 0xB1, 0xF7, 0xD0, 0x74, 0x32, 0xAC, 0x76, 0x6E, 0x86, 0xE4,
    0x34, 0x87, 0x46, 0xA1, 0x6D, 0x33, 0x1B, 0x00, 0x3E, 0xA2, 0x44, 0xCF, 0xE2, 0xE0, 0xE1, 0x39,
    0x87, 0xD9, 0x30, 0x0B, 0xC4, 0x08, 0x3A, 0xF5, 0x4E, 0x2F, 0x86, 0x20, 0x98, 0x41, 0x00, 0x8A,
    0x83, 0xE1, 0xA7, 0x93, 0x5C, 0x65, 0xC8, 0x92, 0xAB, 0x7D, 0xB3, 0x9A, 0x53, 0xFD, 0x77, 0x96,
    0x5C, 0x84, 0x6A, 0x25, 0x2F, 0x1C, 0x8A, 0x0C, 0x3D, 0xC6, 0x2D, 0x88, 0x7E, 0x7E, 0xEF, 0xB8,
    0x4E, 0xB2, 0x4F, 0xA6, 0x43, 0x8A, 0x96, 0x52, 0xC4, 0x7E, 0xF5, 0x7E, 0x29, 0x94, 0x08, 0x3F,
    0x47, 0x0B, 0x24, 0xBA, 0xEA, 0x9D, 0x6E, 0x36, 0x27, 0xDA, 0x38, 0x27, 0xD8, 0x18, 0x15, 0x28,
    0x1F, 0x43, 0x49, 0xDE, 0xE9, 0x6C, 0xB0, 0xA3, 0xDD, 0x28, 0xAB, 0xEC, 0x36, 0x99, 0x57, 0x72,
    0x9E, 0xFC, 0x52, 0x64, 0xDE, 0xE9, 0xC5, 0x22, 0x37, 0x2E, 0xB2, 0x26, 0x59, 0xFD, 0x3A, 0x58,
    0x74, 0xA1, 0x8D, 0xAE, 0xF4, 0xFA, 0x29, 0x15, 0x23, 0x09, 0xBB, 0x89, 0x3F, 0x2E, 0x9D, 0xF1,
    0xC8, 0x70, 0x18, 0x99, 0x14, 0xCE, 0x76, 0xD2, 0x58, 0xE8, 0x90, 0x49, 0x58, 0xE8, 0xE6, 0x4A,
    0x11, 0x75, 0x91, 0x01, 0xE3, 0xD2, 0x18, 0x69, 0x65, 0xED, 0x45, 0x56, 0xEA, 0x8C, 0xA4, 0xD9,
    0xDC, 0x67, 0x32, 0x32, 0x92, 0x14, 0x46, 0x80, 0x20, 0x23, 0x03, 0x09, 0xB0, 0x44, 0x4D, 0xE0,
    0xE2, 0x9E, 0xD1, 0xF0, 0x0F, 0xD9, 0xF0, 0xF0, 0x51, 0x47, 0x66, 0x82, 0x9E, 0xA0, 0x52, 0x50,
    0x78, 0xF6, 0xEA, 0x1A, 0x6B, 0x20, 0x90, 0xD1, 0x4D, 0xA0, 0xFC, 0xB8, 0x4D, 0xCC, 0x16, 0x47,
    0xB7, 0xC3, 0x6E, 0x93, 0x7A, 0xB7, 0xC9, 0xF6, 0x81, 0x4D, 0x56, 0xB7, 0x89, 0xBB, 0xBF, 0xAE,
    0xD9, 0xAF, 0x1B, 0x9B, 0x74, 0xD3, 0x8D, 0x2D, 0x3E, 0x65, 0x93, 0xE1, 0x3D, 0x9B, 0x90, 0x35,
    0x86, 0x4E, 0x0A, 0x95, 0xDD, 0x16, 0x3B, 0xA5, 0x71, 0x36, 0x0F, 0xFD, 0xA3, 0x32, 0x55, 0x36,
    0x05, 0xB5, 0x4A, 0x58, 0xBD, 0x25, 0x2C, 0xA5, 0x28, 0x48, 0xE2, 0x00, 0x3B, 0x66, 0xB7, 0x97,
    0xD8, 0x77, 0x74, 0x51, 0x80, 0xC6, 0xFC, 0xA5, 0x5D, 0x0A, 0xB9, 0x39, 0x8C, 0x34, 0x48, 0x63,
    0xAB, 0x29, 0xEE, 0xFE, 0x93, 0x31, 0xFF, 0x72, 0x43, 0x0A, 0x0B, 0xBD, 0xE5, 0x4F, 0xC7, 0x7C,
    0xFB, 0x14, 0x89, 0x79, 0x5C, 0x89, 0x9C, 0x32, 0x3F, 0xDE, 0x49, 0xD4, 0x9E, 0x0E, 0x48, 0x64,
    0x20, 0x1A, 0xF2, 0x3C, 0x10, 0x6E, 0x1D, 0x4F, 0x42, 0x52, 0x94, 0x18, 0xD7, 0x52, 0xC0, 0x3D,
    0xFF, 0xC3, 0x44, 0xF5, 0xB1, 0x7C, 0xF5, 0x01, 0xA1, 0xA2, 0x46, 0xAD, 0x43, 0x3C, 0xE0, 0x2E,
    0x08, 0x03, 0x52, 0x86, 0x21, 0xA2, 0x3D, 0x43, 0x94, 0x89, 0xAC, 0x40, 0xBB, 0x6F, 0x79, 0x32,
    0x90, 0xF4, 0x28, 0x24, 0xFD, 0xC1, 0xF3, 0xB8, 0xCA, 0x19, 0x83, 0xD3, 0x80, 0x7D, 0x40, 0x7A,
    0x90, 0x0D, 0xE1, 0x29, 0x92, 0x24, 0x1E, 0xB5, 0x84, 0x3F, 0x12, 0x00, 0xCB, 0x53, 0xF9, 0xF6,
    0x41, 0xA2, 0xFC, 0x74, 0xBE, 0x74, 0x15, 0x1E, 0x76, 0xD2, 0x1B, 0x39, 0x05, 0xCF, 0x37, 0x21,
    0x78, 0x7E, 0xFA, 0x78, 0x06, 0x6F, 0x37, 0x7B, 0x50, 0x27, 0x1C, 0xE5, 0xAC, 0xB4, 0xE2, 0xB9,
    0x36, 0xF8, 0x8B, 0x16, 0x8C, 0x1B, 0x1D, 0x63, 0xC0, 0xAC, 0x44, 0x14, 0x12, 0x6B, 0x0C, 0xD3,
    0xCE, 0x81, 0x3C, 0x23, 0xA8, 0xD5, 0x93, 0xC4, 0x45, 0x7D, 0x68, 0x27, 0x51, 0x23, 0xA0, 0xA7,
    0x74, 0x12, 0x03, 0x6F, 0xAC, 0x98, 0xCC, 0x3F, 0x2C, 0x46, 0xFF, 0x3A, 0x19, 0xEF, 0xBB, 0x44,
    0xC6, 0x7D, 0xB0, 0x5A, 0x32, 0x28, 0x11, 0xDD, 0x58, 0x48, 0x65, 0xA3, 0xB8, 0x35, 0xF0, 0xD8,
    0xEE, 0xB0, 0x41, 0xF6, 0xD2, 0x60, 0xF5, 0x50, 0x3A, 0x3B, 0x3D, 0xFB, 0x7D, 0x5B, 0x75, 0x77,
    0xFF, 0x54, 0x43, 0xFC, 0xC0, 0x23, 0x8D, 0x9E, 0xAD, 0xE4, 0x9C, 0x4C, 0xDB, 0x94, 0x0F, 0x3F,
    0x0A, 0x4B, 0x29, 0xCB, 0x61, 0x33, 0xD8, 0x28, 0x0D, 0x43, 0x59, 0xC6, 0x41, 0x95, 0x93, 0xAB,
    0xD9, 0x18, 0x2D, 0xFD, 0xE4, 0xE0, 0x27, 0xEF, 0x86, 0x0A, 0xD7, 0xA2, 0x7B, 0x71, 0xD5, 0xAF,
    0x3B, 0x03, 0xC6, 0xE1, 0x8F, 0xD9, 0x96, 0xFF, 0x56, 0xC7, 0x1D, 0xB3, 0x59, 0x11, 0xAE, 0x65,
    0xA9, 0xC5, 0x8B, 0x15, 0x56, 0x65, 0x93, 0x59, 0x93, 0x9A, 0x40, 0xFA, 0xAE, 0xC9, 0x7E, 0x76,
    0xFA, 0xF5, 0xC3, 0xB7, 0xCF, 0x90, 0xE5, 0xF1, 0x13, 0x38, 0x3B, 0xE1, 0x5F, 0xB8, 0x08, 0x11,
    0x50, 0xCA, 0x41, 0x84, 0x8C, 0x2A, 0x0B, 0x19, 0xB5, 0xD5, 0x2F, 0xF5, 0xA6, 0xBD, 0x6A, 0x2B,
    0x62, 0x80, 0xE6, 0xCA, 0x0A, 0x12, 0x0F, 0x8D, 0x84, 0x04, 0x08, 0x51, 0x1E, 0xB7, 0xBB, 0x3D,
    0x69, 0xA8, 0x06, 0x10, 0x29, 0xF2, 0xE3, 0xEE, 0x16, 0xD3, 0x6D, 0xAB, 0xF1, 0x13, 0x45, 0x5D,
    0x69, 0x24, 0xE5, 0xFC, 0x44, 0x58, 0x99, 0x84, 0xCF, 0x1F, 0x1E, 0x5E, 0x9A, 0x3A, 0x1A, 0x62,
    0xAF, 0xF5, 0xCC, 0xFE, 0xD2, 0xF1, 0x6C, 0x62, 0x0F, 0xBE, 0xB9, 0xA1, 0xDA, 0x66, 0x27, 0x3F,
    0xC9, 0xB0, 0xCD, 0xC3, 0x04, 0x6F, 0x05, 0x14, 0x21, 0xDC, 0xFA, 0x0E, 0x22, 0x79, 0x9F, 0x65,
    0x8B, 0x09, 0x0D, 0x7B, 0x00, 0x6D, 0x45, 0x37, 0x1C, 0xB5, 0x15, 0x5B, 0x80, 0x59, 0x5B, 0xA9,
    0x1F, 0xD0, 0x56, 0x91, 0x3D, 0x81, 0xB6, 0xEA, 0xD8, 0x17, 0xC8, 0x51, 0x08, 0x90, 0x59, 0xC5,
    0x1C, 0xCE, 0x4E, 0x93, 0xAA, 0x39, 0x5A, 0x62, 0x54, 0x44, 0xC9, 0xE7, 0xD2, 0x92, 0x8E, 0xF5,
    0x0A, 0x51, 0xED, 0x00, 0xFB, 0x85, 0x6E, 0xB6, 0xC2, 0x7B, 0x6A, 0x09, 0x37, 0xF5, 0x0D, 0x51,
    0x98, 0x97, 0x0E, 0x1C, 0x0E, 0x92, 0xDD, 0xE5, 0x3E, 0xF8, 0xD8, 0x5F, 0x9D, 0xD8, 0xE4, 0x7C,
    0xBF, 0xBB, 0x21, 0xBA, 0x24, 0x97, 0x64, 0xBA, 0x98, 0x3C, 0x26, 0x8B, 0xF7, 0x35, 0x92, 0xC1,
    0xF8, 0x17, 0xEF, 0x7A, 0x20, 0xCD, 0xC6, 0xB3, 0xF8, 0xBD, 0x80, 0xD7, 0x8A, 0x7D, 0xCD, 0x9B,
    0x74, 0xD3, 0xD7, 0xBC, 0x7B, 0x2F, 0xF2, 0x92, 0x4B, 0x44, 0xDF, 0xDE, 0x38, 0x6D, 0x54, 0x3F,
    0x7C, 0x85, 0x67, 0xF2, 0xC4, 0xCC, 0x5C, 0xAA, 0x2B, 0xF2, 0xBC, 0x48, 0xD6, 0xB0, 0x39, 0x38,
    0x57, 0x1F, 0x32, 0x92, 0xFB, 0xC4, 0xB0, 0x31, 0x53, 0x02, 0xCB, 0x14, 0x90, 0xA2, 0x54, 0x8C,
    0x26, 0xE2, 0x2C, 0x4C, 0x13, 0x74, 0xC7, 0x7D, 0x66, 0xFD, 0x14, 0x11, 0x78, 0x9D, 0xB5, 0xD6,
    0x5E, 0x76, 0xCB, 0x6E, 0x92, 0x44, 0x09, 0x6D, 0x06, 0x11, 0x27, 0xCD, 0xD8, 0xB2, 0x8D, 0x9C,
    0x15, 0x6A, 0xDB, 0xAC, 0xAA, 0x85, 0xBA, 0xC7, 0x63, 0xB6, 0xD6, 0x26, 0x5F, 0xDC, 0x09, 0x24,
    0xB9, 0xD2, 0x46, 0x61, 0x65, 0x00, 0xD8, 0xE3, 0x8D, 0x6E, 0x26, 0x63, 0xA8, 0x39, 0xF1, 0xD0,
    0x5B, 0x36, 0x57, 0x30, 0x49, 0x99, 0xDD, 0x89, 0x11, 0x40, 0x5E, 0x07, 0x0F, 0xA4, 0x56, 0x8A,
    0xA6, 0xBD, 0xE5, 0x9B, 0x05, 0x0E, 0x84, 0x39, 0x01, 0xA2, 0xF5, 0x8A, 0x32, 0x7A, 0x45, 0xC9,
    0xE6, 0x72, 0x36, 0xF0, 0xEC, 0x51, 0x46, 0x61, 0x84, 0x06, 0x19, 0x0D, 0x68, 0x72, 0x9D, 0xD6,
    0xDD, 0x1E, 0xC5, 0x8F, 0x39, 0x4F, 0x52, 0x70, 0x22, 0x07, 0xD9, 0xC2, 0xE8, 0x37, 0xA2, 0x88,
    0x4A, 0xA2, 0xC4, 0x6E, 0x2F, 0x69, 0x05, 0x91, 0x43, 0xB6, 0x02, 0x58, 0x5D, 0xA6, 0xA1, 0xC4,
    0xEB, 0x27, 0x79, 0x34, 0xF3, 0x13, 0xA3, 0x3C, 0xF6, 0x54, 0x98, 0xCF, 0xD9, 0xC2, 0xFD, 0xB3,
    0x3D, 0x2A, 0x86, 0xF4, 0xEE, 0xB5, 0xF0, 0x04, 0x9E, 0xBB, 0xC7, 0xA8, 0xFE, 0x31, 0xB2, 0x7A,
    0x25, 0x83, 0xD8, 0x01, 0x3C, 0x37, 0x86, 0xA5, 0x59, 0x23, 0xB8, 0xF6, 0xEE, 0x58, 0xA3, 0xF4,
    0x28, 0x25, 0x4B, 0xA7, 0x97, 0x92, 0x6D, 0xBB, 0xC6, 0x28, 0x1F, 0x8B, 0x63, 0xA3, 0x98, 0x43,
    0x9B, 0x1E, 0xF2, 0x23, 0xC1, 0xFE, 0xFC, 0xF4, 0xDC, 0xE2, 0x7C, 0xF1, 0x9D, 0xD2, 0xFB, 0xA4,
    0x48, 0xC3, 0xA2, 0x26, 0xAB, 0xCA, 0xCD, 0xFF, 0x60, 0xC5, 0xA6, 0xF2, 0xD1, 0x0A, 0x03, 0x3D,
    0x8B, 0x28, 0x07, 0x73, 0xBE, 0xCB, 0x02, 0xD7, 0xDC, 0x12, 0x4E, 0x67, 0x95, 0x26, 0xFD, 0x31,
    0x5B, 0x84, 0x63, 0x99, 0x87, 0x23, 0x5B, 0x56, 0x79, 0xA7, 0x68, 0xE3, 0x2E, 0x08, 0x54, 0x13,
    0x47, 0x17, 0x07, 0x8E, 0x1C, 0x95, 0xD4, 0xE9, 0x26, 0x90, 0x6E, 0xE6, 0xFB, 0x08, 0x34, 0x36,
    0x82, 0x8B, 0x42, 0x75, 0x92, 0x21, 0xEE, 0x5E, 0x3D, 0xF9, 0xC2, 0x0B, 0xE3, 0x0C, 0xBA, 0xE4,
    0xD1, 0x38, 0x79, 0x61, 0xE5, 0xC4, 0x88, 0xD1, 0xCC, 0xDA, 0x2F, 0x2E, 0x77, 0x00, 0xFF, 0x0C,
    0x2D, 0xA6, 0x7F, 0x43, 0x0C, 0x56, 0xB6, 0x23, 0xBD, 0x52, 0xC3, 0xA4, 0x99, 0x00, 0xC0, 0xE0,
    0x7E, 0x6E, 0x67, 0xD5, 0x5D, 0x69, 0xF3, 0x1C, 0xF8, 0xF3, 0xEB, 0x49, 0x5F, 0x29, 0xF0, 0xEC,
    0x5D, 0xA0, 0x47, 0x55, 0xC1, 0x48, 0xD8, 0x12, 0xE0, 0x64, 0x6E, 0xEA, 0xF6, 0x8E, 0x00, 0x69,
    0xB3, 0xF4, 0x2E, 0x34, 0x00, 0xFD, 0xA8, 0x2C, 0x46, 0xD6, 0x68, 0x23, 0x23, 0x01, 0x4F, 0x8B,
    0x53, 0xDA, 0xD9, 0x18, 0x71, 0x56, 0x37, 0xCA, 0x4B, 0x18, 0x09, 0xCE, 0x1C, 0x86, 0x34, 0xC2,
    0x58, 0xDD, 0x48, 0x35, 0x2D, 0xB5, 0xDC, 0x90, 0xEF, 0x0E, 0xC8, 0x81, 0x20, 0x52, 0xC0, 0xDA,
    0x96, 0xC0, 0xBA, 0xBF, 0xB0, 0x16, 0xC0, 0xC3, 0x07, 0xF4, 0x64, 0x3D, 0x15, 0x00, 0xDC, 0x53,
    0xAF, 0x2C, 0xC6, 0xE3, 0x7F, 0xE8, 0x4E, 0x59, 0xAD, 0xDB, 0x4B, 0x67, 0x9B, 0x26, 0xE5, 0x50,
    0x11, 0x28, 0x2D, 0xC1, 0xC3, 0x87, 0x8F, 0xF4, 0xB2, 0x44, 0x23, 0x52, 0x96, 0x27, 0x18, 0x16,
    0x69, 0x0D, 0x2E, 0xCC, 0xEF, 0xB1, 0x9C, 0x90, 0x2B, 0x68, 0x9F, 0x92, 0xEE, 0x52, 0x5E, 0x88,
    0x3A, 0x2B, 0x7A, 0xCC, 0xC1, 0x95, 0x21, 0x88, 0xEF, 0xA3, 0xE9, 0x69, 0xF8, 0x92, 0xC3, 0x2F,
    0x6D, 0x60, 0xF8, 0x25, 0x26, 0xD2, 0x06, 0x7B, 0xBC, 0x90, 0x3B, 0x7D, 0x7D, 0x2F, 0x59, 0xD0,
    0xC1, 0x47, 0x96, 0x35, 0xA7, 0x16, 0x28, 0x57, 0x4F, 0x9A, 0x12, 0xC4, 0xED, 0x97, 0xCF, 0xB0,
    0xE8, 0x1B, 0x79, 0xF5, 0x41, 0x89, 0x06, 0x85, 0x1E, 0x14, 0x9D, 0x64, 0x08, 0x73, 0x2B, 0xA5,
    0x93, 0x8D, 0xE6, 0xAA, 0x17, 0x3A, 0x70, 0xB3, 0xC4, 0xF9, 0x33, 0xE0, 0xA1, 0x5E, 0x1A, 0x85,
    0xA2, 0xEF, 0x85, 0x78, 0xAA, 0xBE, 0x54, 0x48, 0x0A, 0x56, 0xD5, 0x7C, 0xC1, 0x73, 0xCF, 0xC5,
    0x03, 0x42, 0x3F, 0xA2, 0x4F, 0x1F, 0x19, 0x33, 0x79, 0xEE, 0x21, 0x5B, 0x08, 0x65, 0xD0, 0x3C,
    0x66, 0x55, 0xE0, 0x84, 0x2F, 0xD1, 0x49, 0x40, 0x2F, 0x0A, 0x37, 0x8B, 0x27, 0x5F, 0xDC, 0x6C,
    0x67, 0xDE, 0xE4, 0x5B, 0xA0, 0x65, 0x87, 0xEF, 0xC8, 0x9B, 0xEE, 0x93, 0xFF, 0xA2, 0xAD, 0xBB,
    0xCC, 0xB1, 0x55, 0xFE, 0xB8, 0x96, 0x3D, 0x7A, 0x89, 0xC4, 0x12, 0x21, 0xE4, 0xBF, 0x29, 0x03,
    0x2A, 0x46, 0x22, 0x8C, 0x32, 0x4E, 0x71, 0x9B, 0x45, 0xE9, 0x42, 0xD9, 0x42, 0xAF, 0xC2, 0x08,
    0x95, 0x59, 0x22, 0x30, 0x6B, 0x8C, 0xCA, 0x18, 0x44, 0xC9, 0x10, 0xD1, 0xA7, 0xE1, 0xE0, 0x7A,
    0xFD, 0x08, 0x4A, 0xFE, 0x94, 0x2D, 0x30, 0x9E, 0x35, 0xF2, 0xCF, 0x49, 0xCE, 0x37, 0x34, 0x72,
    0xC4, 0x7A, 0xB9, 0x91, 0x0D, 0x95, 0xC7, 0xC6, 0x91, 0xEE, 0x2B, 0xD9, 0xF0, 0x0C, 0x26, 0x10,
    0xA6, 0xB9, 0x95, 0x6A, 0xA6, 0x06, 0xE3, 0x44, 0xBF, 0x8C, 0x53, 0xB5, 0xAA, 0x5B, 0x9B, 0x74,
    0x0A, 0x8E, 0xCD, 0xFF, 0xBC, 0xB7, 0x12, 0x69, 0x1F, 0xAD, 0x20, 0x2E, 0x3D, 0x77, 0xAA, 0x62,
    0x10, 0xC2, 0x6E, 0xDB, 0x52, 0x00, 0x20, 0x0D, 0x15, 0x21, 0xF0, 0x63, 0x1E, 0x13, 0x8D, 0xA1,
    0x0F, 0x92, 0xC5, 0xDA, 0xD2, 0x85, 0xE0, 0xB3, 0x40, 0x8D, 0xB2, 0x04, 0xCA, 0x20, 0x2A, 0x8B,
    0xA1, 0x5D, 0x56, 0x6A, 0x67, 0xB3, 0x19, 0xF9, 0xA1, 0xBD, 0x14, 0xDD, 0xE4, 0x6D, 0x26, 0x57,
    0x12, 0x85, 0xF7, 0x5F, 0xCC, 0x7A, 0xF9, 0x5C, 0xE9, 0x4D, 0x03, 0x72, 0xE3, 0x6A, 0x8B, 0x65,
    0x3D, 0x7A, 0xCE, 0xFA, 0x85, 0x16, 0xC3, 0xA9, 0xB4, 0xB8, 0xDA, 0x13, 0xCD, 0x6F, 0xC0, 0xDF,
    0x80, 0x64, 0x93, 0x32, 0x79, 0xCC, 0x7C, 0xF2, 0x49, 0x75, 0x0D, 0xDF, 0x74, 0x52, 0x33, 0x64,
    0x7F, 0x56, 0x0C, 0x9B, 0x04, 0x88, 0x91, 0x63, 0xA7, 0x20, 0x0D, 0x17, 0xC1, 0x03, 0x10, 0x07,
    0x7F, 0x51, 0x75, 0xA3, 0x8D, 0x4A, 0x71, 0xA3, 0x5A, 0xEF, 0xC7, 0x94, 0xBF, 0x19, 0x24, 0x35,
    0x52, 0xF6, 0x44, 0xCD, 0xBC, 0x46, 0xCF, 0xC4, 0xC3, 0xBF, 0x13, 0x0B, 0x56, 0xAF, 0x9A, 0xC2,
    0xF2, 0xD3, 0x9D, 0x83, 0x6A, 0xBB, 0xB2, 0xBF, 0xD1, 0xA3, 0xBD, 0xDA, 0x01, 0xAE, 0x06, 0x57,
    0x7D, 0x69, 0x43, 0xEF, 0x95, 0xCB, 0x21, 0xAB, 0x6B, 0xCE, 0x64, 0x1B, 0x8C, 0x57, 0x8A, 0x19,
    0x88, 0xB1, 0x50, 0xC3, 0x3E, 0x34, 0x8C, 0xA1, 0x1C, 0x20, 0x4D, 0xC5, 0xA2, 0x54, 0x0D, 0x06,
    0xB7, 0xB9, 0x8D, 0xBC, 0xD8, 0xD3, 0x20, 0x9C, 0xF8, 0x2A, 0x8A, 0x49, 0x1C, 0x16, 0xFA, 0x33,
    0x8B, 0x5B, 0x6C, 0x79, 0xCA, 0x0C, 0xEA, 0x58, 0xCC, 0xF7, 0xA1, 0xAB, 0xF9, 0x47, 0xBD, 0xB4,
    0xAA, 0x83, 0x1A, 0xE1, 0x7A, 0x86, 0x11, 0x0C, 0x4C, 0x31, 0xDB, 0xCB, 0x5D, 0xD1, 0x3D, 0x26,
    0xEE, 0x30, 0x67, 0x50, 0xBC, 0x64, 0xA9, 0x8A, 0x60, 0xD7, 0xBB, 0x9B, 0x81, 0x2F, 0x24, 0x58,
    0x5A, 0xC6, 0x95, 0x6E, 0xA2, 0xB2, 0x5B, 0x2F, 0xA9, 0xCB, 0xBD, 0x51, 0x21, 0xF6, 0xFF, 0x0F,
    0xED, 0x5C, 0xB1, 0x92, 0xDC, 0xC6, 0x11, 0x1D, 0x00, 0xB4, 0xB6, 0x8A, 0x08, 0xE0, 0xC0, 0xAC,
    0x72, 0x9D, 0x02, 0x24, 0x0C, 0x54, 0x0C, 0x8C, 0x4F, 0xC0, 0xBA, 0x14, 0x30, 0x50, 0xC2, 0x80,
    0xCC, 0x1D, 0x28, 0x70, 0x39, 0x61, 0xEA, 0x6C, 0xA1, 0x72, 0xE0, 0xC0, 0x81, 0xEF, 0x13, 0x18,
    0x30, 0xA0, 0xA9, 0x80, 0x5F, 0x60, 0x62, 0x55, 0x0E, 0x1D, 0x68, 0xFD, 0x05, 0xDA, 0x40, 0x91,
    0x1C, 0x08, 0x2E, 0x23, 0x00, 0x69, 0x00, 0xE3, 0xE9, 0x7E, 0xDD, 0x83, 0xC1, 0xDD, 0xEE, 0xDD,
    0xA9, 0x24, 0xF3, 0x76, 0xF7, 0x8C, 0xBA, 0xC5, 0xEC, 0x02, 0x58, 0x6C, 0x4F, 0xBF, 0x37, 0x3D,
    0xDD, 0x3D, 0x8D, 0x33, 0xC6, 0x24, 0xB6, 0x35, 0x6E, 0x4B, 0x6D, 0x47, 0x4D, 0x86, 0xA6, 0xB4,
    0x3D, 0x35, 0x2B, 0x34, 0x96, 0x9B, 0xD8, 0xDA, 0xC1, 0xD0, 0xF5, 0xDF, 0x8C, 0x7C, 0xE1, 0xD7,
    0xD4, 0xE4, 0x36, 0xB3, 0x74, 0xFD, 0xC8, 0x4D, 0xDD, 0xA7, 0xD4, 0xD8, 0x2E, 0xB5, 0x4B, 0x77,
    0x61, 0xB3, 0xB0, 0x95, 0x59, 0xD8, 0x6D, 0xE2, 0x9A, 0xCC, 0xAE, 0x13, 0xBB, 0x36, 0x85, 0x75,
    0xDB, 0xDA, 0xDD, 0x9F, 0x9B, 0x9A, 0x9A, 0x4D, 0x44, 0x7B, 0xBA, 0xEA, 0xFD, 0xEB, 0xD7, 0x76,
    0xEB, 0xAE, 0x37, 0x91, 0x6D, 0xDC, 0xF5, 0xEE, 0x46, 0x4D, 0xE1, 0x6E, 0xE4, 0x9A, 0x92, 0x6F,
    0xCB, 0x82, 0x86, 0xDB, 0x02, 0x47, 0xB2, 0x81, 0x9B, 0xC2, 0x1A, 0xC8, 0x1E, 0x7E, 0x92, 0x73,
    0x72, 0xE5, 0xD9, 0x4B, 0xF7, 0xD6, 0x3A, 0x71, 0x9C, 0x1C, 0x8D, 0xEB, 0x97, 0xED, 0x5D, 0xAF,
    0xEC, 0x10, 0xDB, 0xAA, 0x1C, 0xCD, 0x7D, 0x93, 0x71, 0x97, 0xDC, 0xEE, 0xB9, 0xEB, 0xEA, 0x73,
    0x77, 0xD6, 0x5D, 0x5B, 0xF7, 0xB9, 0x5D, 0x96, 0x7D, 0xD9, 0x99, 0xBA, 0xAB, 0xBB, 0xC8, 0xB6,
    0x76, 0x7C, 0x63, 0x1B, 0x92, 0xBC, 0xA1, 0x5E, 0x34, 0xB9, 0x1D, 0x6C, 0x13, 0xDB, 0xAD, 0x13,
    0x7B, 0xDA, 0x32, 0xFA, 0x50, 0x76, 0xAC, 0x92, 0xD9, 0x8E, 0x8F, 0x65, 0x72, 0x29, 0x69, 0x89,
    0x55, 0xB9, 0x31, 0xAC, 0x4A, 0x1C, 0x2E, 0xA5, 0x59, 0x73, 0x83, 0x4B, 0xA2, 0xA7, 0xE6, 0xD2,
    0x76, 0x5C, 0xC0, 0xC5, 0xD4, 0x49, 0x16, 0x39, 0x61, 0xA1, 0x32, 0xDE, 0x91, 0xCC, 0x45, 0x43,
    0x02, 0xAF, 0xC3, 0xAE, 0x7D, 0x08, 0x98, 0xE2, 0xA5, 0xBC, 0xC9, 0xF5, 0xC8, 0xAA, 0x41, 0x1B,
    0xC9, 0x35, 0xE7, 0x0B, 0x28, 0x3F, 0xED, 0xF3, 0x2E, 0x64, 0x16, 0x29, 0x14, 0xE2, 0x66, 0x63,
    0x81, 0xEF, 0xAC, 0xDA, 0xB4, 0x37, 0xD7, 0x6C, 0x89, 0xF2, 0x57, 0x10, 0xF3, 0x98, 0x79, 0xD4,
    0x3C, 0x6E, 0x8A, 0x9C, 0xC7, 0xCE, 0xA3, 0xE7, 0xF1, 0xF3, 0x08, 0x7A, 0x0C, 0x3D, 0x8A, 0x8A,
    0xA3, 0x51, 0x24, 0x8D, 0x62, 0x69, 0x14, 0x4D, 0xA3, 0x78, 0x1A, 0x45, 0xD4, 0x08, 0xA6, 0xD4,
    0x7D, 0x46, 0x95, 0xBE, 0xCD, 0xB8, 0xF2, 0xB7, 0x09, 0x59, 0xFE, 0x36, 0x81, 0x4A, 0xDF, 0x5E,
    0xE2, 0xCD, 0x7C, 0x60, 0xC6, 0xD0, 0x46, 0x86, 0x6E, 0x15, 0xE8, 0x42, 0xDD, 0xA2, 0x23, 0xF4,
    0x1B, 0x9F, 0xA4, 0x23, 0xBF, 0x97, 0x9E, 0xAC, 0xD1, 0xE7, 0x86, 0x8F, 0xFD, 0xBD, 0x67, 0x54,
    0xE5, 0xE4, 0xAE, 0x8D, 0x68, 0x21, 0xC4, 0x30, 0xA0, 0x86, 0x61, 0x72, 0xB0, 0x9A, 0x48, 0x4F,
    0x20, 0x88, 0x51, 0x8A, 0x80, 0x24, 0xA0, 0x89, 0x61, 0xA2, 0xF0, 0xB7, 0x69, 0x20, 0x32, 0x59,
    0x78, 0x38, 0xD6, 0x4E, 0x58, 0x26, 0x8C, 0xBB, 0x17, 0x51, 0x06, 0x8A, 0x68, 0xA0, 0x98, 0x86,
    0xAE, 0x1C, 0xA8, 0x99, 0x8D, 0xF0, 0xAC, 0x92, 0x37, 0xA5, 0x1E, 0x2A, 0xD1, 0xF3, 0x68, 0x9B,
    0xA3, 0xD3, 0x59, 0xBF, 0x18, 0x05, 0xD1, 0xC8, 0xFE, 0x9F, 0x33, 0xFB, 0x39, 0xB3, 0xD8, 0x40,
    0x42, 0xB1, 0xE4, 0xE8, 0x01, 0xB3, 0xC4, 0xFC, 0x22, 0xA6, 0x6F, 0x38, 0xF5, 0xFD, 0x6E, 0x79,
    0xCC, 0x64, 0x29, 0x06, 0xE5, 0x88, 0x5D, 0xEA, 0x1B, 0xB5, 0x76, 0x2C, 0x9C, 0x59, 0x74, 0x46,
    0xE6, 0xAC, 0x31, 0x19, 0x04, 0xCA, 0x2F, 0x9E, 0x00, 0xF6, 0x95, 0xCC, 0x06, 0x9D, 0x0C, 0xAA,
    0x07, 0xCB, 0x5D, 0x73, 0xC1, 0x1D, 0x21, 0x4B, 0x31, 0xB3, 0xC3, 0x25, 0xB4, 0x67, 0xB4, 0x59,
    0x82, 0x33, 0xFC, 0x3E, 0xED, 0x58, 0xA8, 0x35, 0x3C, 0x81, 0x2D, 0x7A, 0x8C, 0x63, 0x7F, 0xA4,
    0xFE, 0xE6, 0x43, 0x64, 0x0F, 0x96, 0x33, 0xE5, 0xB7, 0xF9, 0xDA, 0x40, 0x4F, 0x6B, 0x56, 0x32,
    0x04, 0xCA, 0x5A, 0x4F, 0xA5, 0xF9, 0x26, 0x66, 0x57, 0x7D, 0x1D, 0x07, 0xF2, 0x6C, 0x9A, 0x52,
    0x8B, 0x73, 0x9D, 0xC1, 0x51, 0xFE, 0x28, 0x7D, 0x94, 0x3D, 0x4A, 0x1E, 0xE5, 0x8E, 0x50, 0x47,
    0x99, 0xA3, 0xC4, 0x51, 0xDE, 0x28, 0x6D, 0x94, 0x35, 0x4A, 0x1A, 0xE1, 0x8C, 0x52, 0x46, 0x19,
    0xA3, 0x84, 0x51, 0xBE, 0x28, 0x5D, 0x84, 0x2D, 0x4A, 0x16, 0xE5, 0x8A, 0x52, 0x45, 0x99, 0xA2,
    0x44, 0x99, 0x78, 0x92, 0xB6, 0x86, 0x95, 0xFB, 0xB8, 0xE3, 0x9B, 0xB8, 0x43, 0x63, 0xEA, 0xBE,
    0x14, 0xF7, 0x46, 0xC7, 0xDF, 0x85, 0x6D, 0x04, 0xE8, 0x95, 0xA7, 0x4A, 0x0D, 0x37, 0x85, 0x88,
    0xB2, 0x83, 0x27, 0x4C, 0x12, 0x70, 0x04, 0x14, 0x61, 0x86, 0x80, 0x20, 0xC2, 0x0F, 0xA5, 0x07,
    0xB3, 0x83, 0xC9, 0xC1, 0xDC, 0x00, 0x35, 0xC0, 0x0C, 0x10, 0x03, 0xBC, 0x00, 0x2D, 0xC0, 0x0A,
    0x90, 0x02, 0x9C, 0x08, 0x28, 0x71, 0x0E, 0x64, 0xFA, 0x80, 0xFF, 0x02, 0x6F, 0x66, 0xE1, 0x40,
    0x5D, 0x01, 0xEE, 0x9D, 0x72, 0xF1, 0xCD, 0x27, 0xC6, 0xBB, 0x18, 0x98, 0x34, 0x56, 0x18, 0x5E,
    0x34, 0x65, 0xEC, 0x9D, 0x31, 0x6E, 0x05, 0xD4, 0x59, 0xB4, 0x80, 0xD0, 0x00, 0x51, 0xC2, 0x6C,
    0x8F, 0xE3, 0xD9, 0xF4, 0x9D, 0x17, 0x00, 0xB5, 0x0F, 0x67, 0xCC, 0x52, 0x86, 0x66, 0x0B, 0xBC,
    0xD9, 0x22, 0x7E, 0xF4, 0x2A, 0xEC, 0xE0, 0x39, 0x7F, 0xCC, 0x3A, 0xF6, 0x65, 0x33, 0xD8, 0xB6,
    0x44, 0x2C, 0xC4, 0x6A, 0x30, 0xA7, 0xC2, 0x9D, 0x5F, 0x42, 0x0F, 0x10, 0x7D, 0xC9, 0x92, 0x4C,
    0xFA, 0x41, 0xA0, 0x15, 0x18, 0xCE, 0x57, 0xE6, 0xB5, 0xBB, 0x6E, 0x24, 0x5F, 0x2D, 0x46, 0x37,
    0x6A, 0x56, 0x4C, 0x6E, 0xAB, 0x83, 0xA1, 0xC9, 0x43, 0x33, 0x75, 0x69, 0x9A, 0xEC, 0xE0, 0x41,
    0xD4, 0xB0, 0xFC, 0x39, 0xA8, 0xFF, 0xD1, 0xCB, 0x3B, 0x07, 0xF8, 0x47, 0x30, 0x04, 0xEB, 0xC9,
    0x07, 0x97, 0xE1, 0xD2, 0x4F, 0x56, 0xE0, 0xD8, 0x00, 0x17, 0x9A, 0xC6, 0x50, 0x7D, 0x22, 0xB3,
    0xAE, 0x98, 0xF7, 0x54, 0x62, 0x2B, 0x00, 0xFF, 0x28, 0x98, 0xD1, 0xF2, 0x26, 0x45, 0x4C, 0xCD,
    0x6C, 0x48, 0x4F, 0x75, 0x84, 0x03, 0x5F, 0xB8, 0x38, 0x35, 0x8F, 0xF0, 0x88, 0xF7, 0xC0, 0x5A,
    0xD4, 0x33, 0x75, 0xAE, 0xA7, 0xF9, 0x7B, 0x27, 0xE0, 0xCB, 0x83, 0x01, 0xBC, 0xAC, 0xD2, 0x8A,
    0xFB, 0xD1, 0x95, 0xEA, 0xEF, 0xAD, 0xD9, 0x91, 0x41, 0x2F, 0xB3, 0xED, 0xBC, 0x57, 0x67, 0x2F,
    0x60, 0xD9, 0x65, 0x68, 0xEB, 0xD8, 0xF6, 0x58, 0x5F, 0x05, 0xF6, 0x09, 0xF9, 0x79, 0xD9, 0xBB,
    0x45, 0x43, 0xC2, 0x0A, 0x48, 0xEE, 0xAB, 0x43, 0x7A, 0x01, 0xD4, 0x45, 0x80, 0x7E, 0x14, 0xA2,
    0xFF, 0xF1, 0xE1, 0xA0, 0x7F, 0x57, 0x26, 0xE6, 0x1F, 0xE3, 0xD4, 0x1D, 0x87, 0xD9, 0xFE, 0xE1,
    0xEE, 0x5C, 0x19, 0x68, 0xB5, 0x42, 0xB3, 0x24, 0x46, 0x5B, 0x2B, 0xE3, 0xC2, 0x2B, 0x0F, 0x23,
    0x5C, 0x9A, 0x08, 0x4D, 0x8C, 0x1F, 0x4E, 0x34, 0x98, 0xE6, 0xE0, 0x7A, 0x81, 0x51, 0x95, 0xCE,
    0x9A, 0x4C, 0x13, 0xCD, 0x12, 0xD7, 0x4B, 0xB2, 0x41, 0x82, 0x7B, 0xE3, 0x45, 0xD9, 0x27, 0x03,
    0x9A, 0xDD, 0x20, 0x4A, 0xC2, 0xCB, 0xDF, 0x26, 0xFC, 0x24, 0xE7, 0xD4, 0x33, 0x3F, 0x3B, 0x67,
    0x89, 0xF8, 0xF6, 0x0D, 0x81, 0xD1, 0x91, 0xB4, 0x7D, 0x66, 0x37, 0xC5, 0x58, 0x0E, 0xEE, 0x94,
    0xD3, 0xCD, 0xC2, 0xF2, 0x8F, 0xFA, 0x6D, 0x44, 0x10, 0xCE, 0xBB, 0xCE, 0xF9, 0x42, 0xB5, 0xFD,
    0xD2, 0xE1, 0x47, 0x7D, 0xCD, 0x49, 0xD2, 0x84, 0xA3, 0xFA, 0xE7, 0x73, 0x1A, 0xB0, 0x3B, 0xC0,
    0xAE, 0x11, 0x6B, 0x8F, 0x87, 0x06, 0xBF, 0xE3, 0x63, 0x70, 0x16, 0xA6, 0xE4, 0xFB, 0x16, 0x4D,
    0x13, 0xE6, 0xF1, 0xCA, 0x4D, 0xE8, 0x6C, 0x5D, 0x4E, 0xB8, 0x1C, 0x1B, 0x70, 0x9C, 0x7D, 0x95,
    0xEC, 0x7B, 0xA7, 0x19, 0x5A, 0xCE, 0xB9, 0xB1, 0x23, 0x51, 0xCF, 0xD4, 0xF7, 0x3F, 0x86, 0xC9,
    0x8D, 0xBF, 0xB7, 0xB0, 0x74, 0x16, 0x59, 0x16, 0x1A, 0xE9, 0xE5, 0x17, 0xF5, 0x76, 0x8F, 0xA1,
    0x3B, 0x36, 0x5D, 0xD7, 0x74, 0x2E, 0xE5, 0x2B, 0x72, 0x6B, 0xBB, 0xDD, 0xF6, 0xE9, 0xDC, 0x88,
    0x8E, 0x31, 0x81, 0xB1, 0x96, 0x59, 0xAC, 0xDE, 0xB0, 0x9E, 0x0D, 0x2B, 0xDA, 0xB0, 0xA6, 0xE5,
    0x17, 0xAC, 0xDF, 0x8F, 0xD2, 0x45, 0xD9, 0x93, 0xBE, 0xA1, 0x70, 0x96, 0x6C, 0x63, 0x58, 0xE5,
    0x06, 0x3A, 0x0F, 0xC7, 0x86, 0x2E, 0x79, 0x64, 0xCD, 0x3C, 0x69, 0x8D, 0xFB, 0xBC, 0x90, 0x4C,
    0xDE, 0x00, 0xAF, 0xA2, 0x90, 0x95, 0x27, 0x0B, 0x6F, 0x34, 0xB5, 0xB9, 0xB8, 0xD7, 0x8B, 0xAB,
    0x92, 0x48, 0x65, 0x38, 0xBB, 0x57, 0x46, 0x55, 0xA5, 0xBA, 0x52, 0x65, 0xF9, 0x39, 0x41, 0x20,
    0xD3, 0x56, 0x44, 0x51, 0xD4, 0x14, 0x36, 0xC5, 0x4D, 0x81, 0x53, 0xC8, 0x7C, 0x2B, 0xD8, 0x29,
    0x78, 0x8A, 0x9E, 0xC2, 0xA7, 0xF8, 0x5D, 0x2F, 0x56, 0x68, 0xE9, 0x24, 0xAD, 0x26, 0x8E, 0xB7,
    0xAE, 0x66, 0x74, 0x90, 0x8F, 0xA4, 0x79, 0xB8, 0x63, 0x35, 0xA3, 0x96, 0xF9, 0x1B, 0x09, 0xEA,
    0xE1, 0xAA, 0x04, 0xF5, 0xB9, 0xF1, 0x24, 0x10, 0x37, 0x06, 0x34, 0x10, 0x1E, 0x08, 0x11, 0x84,
    0x09, 0x42, 0x85, 0x0B, 0x6C, 0x03, 0x1B, 0xE6, 0xC4, 0x17, 0x42, 0x08, 0x23, 0x84, 0x12, 0xC2,
    0x09, 0x25, 0x45, 0xC8, 0x0A, 0x5D, 0xCC, 0x28, 0x34, 0xFB, 0x08, 0x68, 0x5E, 0xC2, 0x78, 0xA7,
    0x03, 0x16, 0x32, 0x4A, 0xBB, 0xB4, 0x73, 0x3A, 0xB4, 0x77, 0x8B, 0x0E, 0x8B, 0xED, 0x8E, 0x85,
    0x8A, 0x05, 0x9F, 0x7D, 0xC8, 0x11, 0x88, 0x83, 0xFA, 0x51, 0x75, 0x61, 0xA1, 0xE2, 0x98, 0x78,
    0xA0, 0xC9, 0x65, 0x4D, 0xAB, 0xFB, 0x55, 0x0A, 0x24, 0xA1, 0x25, 0x7D, 0x9A, 0x5B, 0x2C, 0x51,
    0xD4, 0xF6, 0xAB, 0x27, 0xAC, 0x80, 0x37, 0x0D, 0x46, 0x07, 0x86, 0xC9, 0x83, 0x27, 0x3B, 0x97,
    0x27, 0x4E, 0x88, 0x07, 0x17, 0xD7, 0x20, 0xD6, 0x61, 0x3E, 0x86, 0x55, 0x87, 0x35, 0x88, 0xC8,
    0xF2, 0xC8, 0x48, 0xA1, 0x4D, 0xBF, 0x06, 0xD1, 0xB2, 0xB8, 0x8F, 0x99, 0x15, 0xFD, 0x2E, 0x56,
    0x1C, 0x06, 0x1D, 0x8A, 0x2E, 0xDD, 0x18, 0x89, 0xAB, 0x34, 0x20, 0x5D, 0x74, 0x1F, 0x8F, 0x97,
    0xE5, 0x8D, 0xDA, 0x60, 0xC9, 0x4E, 0xD6, 0xB8, 0xC4, 0x4A, 0x88, 0x91, 0xB8, 0xC2, 0x46, 0x1C,
    0xDB, 0xDC, 0x9E, 0xB6, 0x11, 0xAF, 0x2D, 0x7C, 0xD6, 0xF2, 0x39, 0xF7, 0x7E, 0xCC, 0x79, 0x6D,
    0x21, 0xBA, 0xC9, 0xDA, 0xC2, 0x46, 0x19, 0xB0, 0xB0, 0x7F, 0xEA, 0x77, 0x5A, 0x85, 0xDB, 0xF0,
    0x0B, 0x90, 0x4E, 0x5E, 0x68, 0x2C, 0x36, 0xC7, 0xAF, 0x39, 0x2D, 0xFC, 0x7E, 0x64, 0x00, 0x83,
    0x5C, 0x6C, 0xB8, 0xB6, 0xC0, 0xD3, 0x3D, 0xAC, 0xFC, 0x5E, 0x23, 0x7F, 0x3B, 0xCE, 0x5E, 0x18,
    0x0B, 0x49, 0x9E, 0x18, 0x50, 0x60, 0xA4, 0xE3, 0x3D, 0x8E, 0x4B, 0x44, 0x24, 0x25, 0x3A, 0xDD,
    0xBC, 0x44, 0xA7, 0xD5, 0x32, 0x87, 0x07, 0xE1, 0x6D, 0x73, 0x12, 0xBE, 0xA0, 0x1F, 0x2D, 0x89,
    0xD1, 0x25, 0xF5, 0xEB, 0x91, 0x7D, 0x7F, 0xAE, 0x31, 0x40, 0x23, 0x20, 0xC7, 0x40, 0x96, 0x6F,
    0xBC, 0x96, 0x5D, 0x8A, 0x5D, 0x25, 0xB0, 0x32, 0xA8, 0xB9, 0xD5, 0xD0, 0x9F, 0x35, 0xEF, 0x14,
    0x62, 0xCE, 0xEA, 0xF1, 0x45, 0x70, 0x77, 0xDE, 0xD5, 0xCC, 0x94, 0x98, 0x1D, 0xEC, 0xAD, 0x7B,
    0x35, 0xE6, 0x1E, 0x05, 0x30, 0xF4, 0xA2, 0x90, 0x6D, 0x3E, 0x08, 0x73, 0xA7, 0xBB, 0xC2, 0x45,
    0x17, 0x94, 0x14, 0xA1, 0xD7, 0x23, 0xAC, 0xC4, 0x42, 0x3A, 0x79, 0x51, 0xAD, 0x0F, 0xF5, 0x9B,
    0x04, 0xA3, 0x17, 0x2D, 0x19, 0xA7, 0x9C, 0xF6, 0x58, 0xB2, 0x60, 0x22, 0xDC, 0x2D, 0x76, 0x76,
    0xCA, 0x5D, 0x63, 0x3A, 0x31, 0xFE, 0x4E, 0x7A, 0x4F, 0x3E, 0x16, 0xF7, 0x6A, 0x6F, 0xA6, 0xAE,
    0x4C, 0xDD, 0x32, 0x73, 0xC3, 0xFD, 0x93, 0x69, 0x46, 0xEF, 0xB7, 0x81, 0xDB, 0x48, 0xB4, 0xD1,
    0x17, 0x7D, 0xCE, 0xC5, 0x57, 0x7C, 0x67, 0xFC, 0x5C, 0x92, 0x62, 0x12, 0x2B, 0x75, 0x60, 0x7E,
    0x67, 0x29, 0xC1, 0x44, 0x19, 0x97, 0x6D, 0xCA, 0xE9, 0x3F, 0xCE, 0x20, 0xC5, 0x94, 0x41, 0x62,
    0x96, 0xB2, 0x86, 0x6C, 0xB7, 0xEA, 0xB9, 0xA9, 0xD1, 0x30, 0x3D, 0x6D, 0x8B, 0xC0, 0xBE, 0xA1,
    0x26, 0x46, 0x93, 0xD8, 0x2D, 0xD6, 0xE0, 0x37, 0x35, 0xCF, 0x94, 0x6B, 0x1A, 0xCE, 0xEE, 0xE5,
    0xA6, 0xE9, 0xC8, 0xF5, 0x39, 0xB7, 0xEF, 0xDF, 0xB8, 0xCB, 0x52, 0xA4, 0x1A, 0x63, 0x99, 0xED,
    0x4B, 0x8C, 0x9D, 0xD8, 0x8E, 0xCB, 0x3D, 0x06, 0x5C, 0x57, 0xD4, 0xA4, 0xA0, 0x20, 0x45, 0x23,
    0x9F, 0xE4, 0x9C, 0xAA, 0x38, 0x18, 0xED, 0xB5, 0xFE, 0x0A, 0x7E, 0x72, 0xA0, 0x74, 0xD5, 0xCA,
    0x12, 0xE8, 0x4E, 0x79, 0x25, 0x0D, 0x7E, 0x52, 0xBA, 0xDB, 0x73, 0x9E, 0x73, 0xDA, 0xE7, 0x3C,
    0xE6, 0x1D, 0x2D, 0x5C, 0x27, 0x18, 0xA1, 0x2F, 0xC1, 0x0B, 0x77, 0xB7, 0x8C, 0x8D, 0x9C, 0xA4,
    0xF4, 0x0A, 0x7B, 0x7E, 0xD5, 0x68, 0xC7, 0x38, 0xEF, 0xA7, 0xF7, 0x28, 0x70, 0x2B, 0x36, 0x5A,
    0xC5, 0x56, 0x41, 0x7C, 0x49, 0x1E, 0x77, 0xA1, 0x63, 0x2B, 0xD5, 0x26, 0xB9, 0x94, 0x2A, 0xC1,
    0x40, 0x3C, 0xB8, 0xAC, 0x9E, 0x23, 0xC3, 0x16, 0x58, 0xA1, 0xCB, 0x0B, 0xC9, 0x9C, 0x76, 0x93,
    0x5B, 0x8F, 0x72, 0xAE, 0xBA, 0xDA, 0x6F, 0xC0, 0x3F, 0x24, 0xA4, 0x92, 0x3A, 0x90, 0x92, 0x20,
    0x5F, 0xDD, 0x81, 0xA5, 0xCC, 0xB7, 0x86, 0x8D, 0xC3, 0xC2, 0xFE, 0x81, 0x8D, 0x9E, 0xF8, 0x97,
    0x52, 0xE4, 0xE2, 0x64, 0x7B, 0xCC, 0x74, 0x3C, 0xE3, 0xC4, 0xE9, 0xFE, 0x4D, 0xE0, 0x13, 0xFC,
    0x14, 0x40, 0x45, 0x50, 0x20, 0x34, 0x82, 0xA1, 0x11, 0x10, 0x8D, 0xA0, 0x68, 0x04, 0x46, 0x23,
    0x38, 0x1A, 0x01, 0xD2, 0x08, 0x92, 0x46, 0xA0, 0x94, 0x04, 0x5C, 0x63, 0x04, 0x4C, 0x23, 0x68,
    0x1A, 0x81, 0xD3, 0x08, 0x9E, 0x46, 0x00, 0x55, 0x44, 0x15, 0x52, 0xC5, 0xD4, 0x83, 0xAA, 0xA8,
    0xCE, 0x86, 0xAC, 0x14, 0x92, 0x29, 0x63, 0x43, 0x3F, 0x03, 0xFE, 0xD7, 0xE7, 0x79, 0x3F, 0x45,
    0xEB, 0xF9, 0x3C, 0x5A, 0xFF, 0x73, 0xCF, 0x01, 0x50, 0x72, 0xC3, 0x28, 0xAD, 0xF6, 0xE2, 0x88,
    0x74, 0x83, 0x11, 0x22, 0x08, 0x13, 0x84, 0x0A, 0xC2, 0x05, 0xA1, 0x41, 0xD0, 0xE4, 0xF0, 0xCE,
    0xC9, 0xF2, 0x83, 0x10, 0xC2, 0x08, 0xA1, 0x84, 0x70, 0xC2, 0x2F, 0xBD, 0x04, 0xAC, 0x48, 0xB4,
    0x76, 0xB8, 0x9B, 0xB1, 0xE2, 0xB7, 0x0B, 0xC9, 0xF3, 0xFD, 0x9A, 0xFB, 0xEA, 0xBA, 0x57, 0x7A,
    0xF7, 0xC4, 0x87, 0xA1, 0x57, 0x17, 0xCC, 0x9D, 0x14, 0x1D, 0x24, 0xA9, 0xA1, 0xB5, 0xD4, 0x61,
    0xD0, 0xFE, 0x30, 0x91, 0xAC, 0xCD, 0xEB, 0xA3, 0xE6, 0x81, 0xF8, 0x3A, 0xA9, 0x0C, 0x7C, 0x4D,
    0x60, 0xDF, 0xC3, 0xCA, 0xF0, 0x5F, 0x91, 0xD8, 0x75, 0x57, 0x71, 0x2A, 0xDB, 0xA9, 0x53, 0xE2,
    0x49, 0x71, 0xBC, 0xBF, 0xEE, 0xF1, 0x25, 0xF4, 0xF4, 0xC1, 0x53, 0xF3, 0xEC, 0xB4, 0xF9, 0x70,
    0x7D, 0xD4, 0xFE, 0x73, 0x44, 0xED, 0x63, 0x18, 0xB5, 0x97, 0x1C, 0x06, 0x45, 0xF6, 0xFB, 0x86,
    0x8F, 0x7D, 0xC6, 0xEC, 0xB8, 0x3E, 0x6A, 0xBF, 0x35, 0x5A, 0x20, 0x3C, 0x95, 0xF8, 0xD4, 0xA0,
    0xBC, 0x30, 0x72, 0x11, 0xEA, 0x46, 0x17, 0xC2, 0x2F, 0x6D, 0xBF, 0x37, 0x66, 0x6F, 0x41, 0x36,
    0x73, 0xC4, 0x51, 0x64, 0xDC, 0xC7, 0x90, 0x23, 0x9B, 0xFC, 0xD3, 0x86, 0x32, 0xBA, 0xE5, 0x98,
    0x36, 0xA2, 0x9B, 0x68, 0x20, 0xD5, 0x38, 0xCD, 0x8C, 0xBB, 0xC7, 0xFA, 0x80, 0xC9, 0x63, 0x19,
    0x04, 0xEF, 0x0D, 0x1D, 0x20, 0x1E, 0xEC, 0xA0, 0xC1, 0x6D, 0xB8, 0x09, 0x6F, 0xCD, 0x34, 0xC1,
    0xF9, 0x24, 0xD3, 0xF7, 0x1D, 0x0B, 0xF2, 0xE9, 0x78, 0x8D, 0x07, 0x70, 0xB7, 0x1C, 0x73, 0xF3,
    0xF9, 0x44, 0xF5, 0x3C, 0x0C, 0xDE, 0xC9, 0xE8, 0xEF, 0xB5, 0xF9, 0x47, 0xE3, 0xCE, 0x9B, 0x44,
    0xAB, 0x80, 0xBB, 0xD0, 0x4F, 0xF4, 0x99, 0x17, 0xD5, 0xC6, 0xFD, 0x57, 0xEA, 0xE3, 0x6B, 0x76,
    0x43, 0x96, 0xA4, 0xE1, 0x2D, 0x31, 0x04, 0x8D, 0xA4, 0x4C, 0xD6, 0xF8, 0x68, 0x85, 0x16, 0xDF,
    0x7E, 0x20, 0x93, 0xBF, 0xF6, 0x26, 0x7F, 0x15, 0x9A, 0xFC, 0xE1, 0x07, 0x99, 0xFC, 0xB8, 0x0A,
    0xD7, 0xBA, 0xCA, 0x30, 0xFD, 0x24, 0xAA, 0x70, 0x6A, 0x78, 0xBD, 0x0C, 0x1E, 0xB2, 0x8A, 0xAD,
    0xC4, 0x08, 0x3E, 0xC9, 0x24, 0x55, 0xDF, 0x05, 0x0F, 0x8D, 0x08, 0x9A, 0x59, 0xE0, 0x27, 0x33,
    0xA7, 0x88, 0x91, 0xA3, 0xF8, 0xFC, 0x92, 0x3D, 0xAF, 0xDB, 0x8B, 0xF6, 0x1C, 0x0D, 0x69, 0xA5,
    0x86, 0x12, 0x56, 0x37, 0xB2, 0xE7, 0xBD, 0x09, 0xCD, 0xB3, 0x46, 0x6C, 0x7E, 0xDE, 0xD2, 0x5E,
    0x99, 0xFB, 0x2F, 0xEE, 0x04, 0xA6, 0xE7, 0x61, 0xE1, 0x6B, 0x32, 0xCE, 0xFC, 0x20, 0x51, 0x89,
    0x73, 0xF8, 0x0E, 0x1C, 0x53, 0x05, 0x31, 0xF1, 0xE3, 0x52, 0x3D, 0xF9, 0x7E, 0x3E, 0x7E, 0xA5,
    0xC4, 0xCF, 0x05, 0xDF, 0x77, 0x01, 0x5B, 0x99, 0xC2, 0x52, 0x68, 0x45, 0xBD, 0xD9, 0x62, 0xD6,
    0x68, 0x55, 0xC6, 0x12, 0xD7, 0x46, 0x07, 0x87, 0x6D, 0x5D, 0x65, 0x28, 0x45, 0x6C, 0x57, 0x95,
    0x2C, 0x4B, 0x71, 0x09, 0x72, 0x53, 0x8F, 0x3F, 0x7B, 0xEA, 0x44, 0x5C, 0xA7, 0xED, 0xB5, 0x58,
    0x6E, 0x8F, 0x1E, 0xCB, 0x18, 0xD1, 0x81, 0x14, 0x78, 0x94, 0x53, 0x0D, 0xC4, 0xA1, 0xC2, 0x16,
    0x0C, 0xBE, 0x93, 0x9E, 0x12, 0x77, 0x7A, 0x50, 0xDE, 0x31, 0x10, 0xAF, 0x49, 0x9D, 0x28, 0xFF,
    0x59, 0xCF, 0x87, 0x39, 0xE4, 0x03, 0xB7, 0xB1, 0x97, 0x7D, 0x28, 0xAD, 0x94, 0x17, 0x2E, 0x6A,
    0x85, 0x6B, 0x17, 0x3E, 0xF8, 0x2B, 0x9E, 0x94, 0xE4, 0xC1, 0xF9, 0x79, 0xAD, 0x06, 0x99, 0xF0,
    0x26, 0x42, 0xA5, 0x5F, 0xCC, 0xD8, 0x6E, 0x12, 0xA4, 0xC5, 0x25, 0x33, 0x2E, 0xC9, 0x71, 0xC9,
    0x8F, 0x4B, 0x8A, 0x5C, 0xB2, 0xE4, 0xD4, 0x8F, 0x1C, 0x5D, 0x2D, 0x46, 0xA6, 0x82, 0x73, 0x03,
    0xA9, 0x3B, 0x54, 0x5D, 0x38, 0xA0, 0xE9, 0xF9, 0x27, 0xA9, 0x21, 0x96, 0x0C, 0xCC, 0x39, 0x07,
    0x30, 0x45, 0xBE, 0x85, 0xFD, 0xAE, 0x76, 0xB7, 0xCD, 0x40, 0x38, 0xF1, 0xD0, 0x23, 0x89, 0xC6,
    0x73, 0x09, 0xCE, 0xE7, 0x05, 0xEE, 0x52, 0x25, 0xAE, 0x01, 0x5D, 0x75, 0xB9, 0x91, 0x73, 0xB8,
    0x12, 0xF2, 0xE3, 0xCF, 0x99, 0xE0, 0x05, 0x75, 0x60, 0x99, 0x92, 0xFC, 0xC6, 0xFF, 0x39, 0xFF,
    0xD5, 0xFD, 0x15, 0x03, 0x75, 0x01, 0x02, 0xFB, 0xBF, 0x15, 0xFF, 0x31, 0xAB, 0x9D, 0xD1, 0x73,
    0xE8, 0xBC, 0xF1, 0xE5, 0x91, 0x53, 0x91, 0x24, 0xAF, 0x23, 0x5C, 0x7C, 0xF4, 0x02, 0xCA, 0x5E,
    0xDD, 0xC8, 0xB5, 0x95, 0x39, 0x3E, 0x9D, 0x95, 0xEA, 0xDD, 0xDB, 0x33, 0x37, 0xEC, 0x89, 0x75,
    0x8E, 0x0D, 0xD5, 0x58, 0x1E, 0xFD, 0x6B, 0xA7, 0x47, 0x00, 0x60, 0xA3, 0x90, 0xA9, 0x46, 0xAF,
    0xEB, 0x6A, 0x67, 0x61, 0xF0, 0x87, 0x85, 0x54, 0x12, 0xAF, 0xDE, 0x5F, 0xA9, 0x9B, 0x69, 0x35,
    0x71, 0xA2, 0x9B, 0xB9, 0xFF, 0x52, 0x2D, 0x84, 0x54, 0xCD, 0x18, 0x7D, 0x86, 0x92, 0xAA, 0x9C,
    0x19, 0x1E, 0xD7, 0x4D, 0xC6, 0x47, 0x01, 0x22, 0x0B, 0x47, 0x08, 0xBD, 0x33, 0x02, 0x91, 0xBC,
    0xD6, 0xB3, 0x17, 0x8A, 0x95, 0xB1, 0x38, 0x05, 0x9C, 0xCC, 0x6C, 0x91, 0x2A, 0x97, 0x57, 0x01,
    0xB3, 0x03, 0x84, 0x00, 0x96, 0xA2, 0xA5, 0x70, 0x01, 0xAF, 0x86, 0x8F, 0xC7, 0xF2, 0xF4, 0x29,
    0x21, 0xA6, 0x90, 0x29, 0x66, 0x3E, 0x13, 0xA6, 0xA8, 0x05, 0x83, 0x31, 0x9A, 0xC7, 0x1D, 0xED,
    0x2C, 0xEE, 0x58, 0x4B, 0xCA, 0xF6, 0xD1, 0x79, 0x98, 0x9E, 0xAC, 0x37, 0x81, 0x0B, 0xBB, 0x10,
    0xEC, 0xA8, 0x68, 0xD2, 0x35, 0xA3, 0x61, 0x0C, 0x5B, 0x03, 0x10, 0x95, 0x7E, 0xCA, 0x42, 0xC6,
    0x91, 0x81, 0x9C, 0x78, 0x37, 0x35, 0x34, 0xD7, 0x00, 0x4C, 0x41, 0x53, 0xE0, 0xD4, 0x47, 0x4F,
    0xC5, 0x8C, 0x02, 0xD1, 0x09, 0x52, 0x29, 0xE9, 0xF0, 0x2B, 0x0F, 0xC9, 0xC5, 0xF8, 0x43, 0x04,
    0xA6, 0xE0, 0xF8, 0x2E, 0x60, 0xFA, 0x9B, 0xD0, 0xB4, 0x4A, 0x87, 0x93, 0xF9, 0x83, 0x58, 0x8E,
    0xFC, 0x87, 0x8D, 0xE9, 0x75, 0x09, 0xE3, 0x69, 0xFC, 0x8A, 0x25, 0x35, 0x24, 0xEC, 0xE9, 0x63,
    0xEB, 0x13, 0x48, 0x0D, 0x94, 0xD3, 0x86, 0x0F, 0xD4, 0xE5, 0x17, 0xE6, 0x16, 0xC5, 0x76, 0x1B,
    0x3C, 0xA6, 0xE5, 0xB1, 0xAD, 0xD0, 0x00, 0xDB, 0x0E, 0xD8, 0x56, 0x3F, 0x3D, 0xB6, 0xCD, 0x0E,
    0x6C, 0x47, 0xF3, 0x2B, 0x88, 0xB2, 0x95, 0xD2, 0x14, 0x54, 0xBB, 0x14, 0xFF, 0xB0, 0x7D, 0xF4,
    0x8C, 0x9E, 0x2F, 0x2A, 0xB6, 0x7B, 0xB1, 0xEC, 0x05, 0xCB, 0xEE, 0x02, 0x96, 0x15, 0xB0, 0x6C,
    0x6F, 0x88, 0xE5, 0xF2, 0xF6, 0xB1, 0x8C, 0x66, 0x71, 0x47, 0x31, 0xC5, 0x1D, 0x02, 0xDB, 0xEA,
    0xD0, 0x60, 0x0B, 0x4C, 0xEB, 0x49, 0x4F, 0x89, 0x3B, 0x5D, 0x54, 0xEF, 0x18, 0x88, 0x5B, 0x7A,
    0xA9, 0xD5, 0xF3, 0x71, 0x50, 0x7C, 0x76, 0xE0, 0x36, 0xF6, 0xB2, 0x83, 0xAB, 0xB1, 0xC5, 0x0D,
    0xE2, 0x0E, 0x79, 0xD0, 0x57, 0x16, 0x23, 0x24, 0xE7, 0x17, 0xE9, 0x83, 0xBE, 0xDB, 0xD0, 0x20,
    0xED, 0xD8, 0xE8, 0xCE, 0x85, 0xDD, 0xB0, 0xE4, 0xCE, 0x50, 0x0D, 0xF4, 0xCF, 0x26, 0x08, 0x5F,
    0x84, 0xA5, 0x6C, 0xED, 0x1D, 0x03, 0x0A, 0x90, 0x82, 0x62, 0x48, 0xA7, 0x25, 0x8A, 0x9A, 0x12,
    0xFB, 0x37, 0x92, 0x26, 0xB2, 0xFF, 0x64, 0xD4, 0xA6, 0x7F, 0xD5, 0x11, 0x3C, 0x47, 0x56, 0xC2,
    0x2A, 0x16, 0xEA, 0x7F, 0x57, 0x3B, 0x6A, 0xF1, 0x66, 0x65, 0x73, 0xE5, 0x10, 0x66, 0xA0, 0x57,
    0x61, 0xE5, 0xBC, 0xF6, 0xDD, 0x14, 0x41, 0x65, 0x09, 0x14, 0x01, 0x5F, 0x09, 0x75, 0xC4, 0xD1,
    0x5F, 0x76, 0x52, 0xC7, 0x09, 0x47, 0xFF, 0x0B, 0x6A, 0xC3, 0xCE, 0xFB, 0x86, 0xC3, 0xE3, 0x2D,
    0xC5, 0xAB, 0x76, 0x4B, 0xF4, 0xC6, 0xDA, 0x44, 0xDD, 0xD0, 0xEF, 0xAE, 0x78, 0xD9, 0xA1, 0xFC,
    0x17, 0xC3, 0xF5, 0x6F, 0xC2, 0xA7, 0xFC, 0x8F, 0x3C, 0x7E, 0xC8, 0xE2, 0xE2, 0x21, 0x38, 0xAC,
    0x70, 0xB5, 0xFE, 0x39, 0xA0, 0x4C, 0xCA, 0x87, 0xFD, 0x83, 0xE3, 0x67, 0xF8, 0xAF, 0x5D, 0x2C,
    0x74, 0xC9, 0x73, 0xC4, 0x0A, 0x0A, 0x1A, 0x8E, 0x52, 0xE9, 0xB3, 0x6D, 0xB5, 0x9C, 0x3D, 0x6D,
    0xDC, 0x04, 0x59, 0xC9, 0x58, 0xCB, 0x35, 0x85, 0xC4, 0xD5, 0x2D, 0x6B, 0xBF, 0xA4, 0x6A, 0xC7,
    0xC6, 0x5D, 0xB4, 0xB2, 0x5F, 0x51, 0x65, 0xDC, 0xC0, 0x83, 0x52, 0xEB, 0x3B, 0xA0, 0xA2, 0xB2,
    0x9A, 0xA2, 0x8E, 0x44, 0xFF, 0x11, 0xC2, 0xAC, 0x9A, 0x49, 0x6A, 0xF7, 0x65, 0x3A, 0x7F, 0x76,
    0xFC, 0x63, 0x48, 0xA6, 0x34, 0x64, 0x3F, 0xF0, 0x73, 0x9F, 0xDA, 0x69, 0x5A, 0x41, 0xD9, 0xEE,
    0x4E, 0x9B, 0x71, 0x68, 0x23, 0x89, 0x2C, 0x5C, 0xB1, 0xF4, 0xFF, 0xEB, 0x46, 0xE6, 0xF0, 0x7C,
    0xFB, 0xBC, 0x3B, 0x19, 0x7B, 0xF7, 0x2E, 0xDD, 0xCA, 0xBA, 0x73, 0xCC, 0x85, 0xBB, 0xC9, 0xCE,
    0x72, 0xFA, 0x83, 0x43, 0xE6, 0xBF, 0x95, 0x54, 0x3B, 0x8E, 0x9C, 0x40, 0x10, 0x2D, 0x20, 0x40,
    0x32, 0x41, 0xE7, 0x4E, 0xC8, 0x9D, 0x70, 0x84, 0x9E, 0xCC, 0xE9, 0x9E, 0x63, 0x2F, 0x01, 0xD7,
    0x31, 0x3E, 0x44, 0x73, 0x03, 0x73, 0x04, 0xE2, 0x8D, 0x08, 0x08, 0xD0, 0xAA, 0xA1, 0xFC, 0x5E,
    0x15, 0xA3, 0x9D, 0xB5, 0x76, 0xB5, 0xF2, 0x68, 0xFA, 0x41, 0x75, 0xBF, 0xAE, 0x57, 0xBF, 0x99,
    0xEF, 0xE3, 0x28, 0x51, 0xD5, 0x56, 0xAF, 0xA7, 0x24, 0x3D, 0xE4, 0x79, 0xC4, 0x66, 0x52, 0xD5,
    0xE1, 0x1F, 0xE0, 0x01, 0x3E, 0x37, 0x1A, 0xF8, 0x4C, 0x9F, 0x3D, 0x25, 0x4E, 0xA2, 0x52, 0x1C,
    0x52, 0x65, 0x09, 0xAB, 0xB4, 0x9B, 0xC4, 0x2C, 0x3D, 0x9D, 0x13, 0xF1, 0xDE, 0x6C, 0x52, 0x1E,
    0x12, 0xF4, 0x16, 0x74, 0x6A, 0xED, 0x8B, 0xF7, 0x4A, 0xA5, 0xCC, 0x52, 0xEF, 0xBC, 0xD2, 0x4D,
    0xD2, 0x0F, 0xEF, 0x38, 0x81, 0xDF, 0xE1, 0x1D, 0x67, 0x26, 0x07, 0x5A, 0xA6, 0xD6, 0x0F, 0xD0,
    0x53, 0x28, 0x96, 0xD4, 0x04, 0xA3, 0xDD, 0xC2, 0x0E, 0xAD, 0xEE, 0x84, 0x66, 0x54, 0x68, 0x47,
    0xF5, 0x37, 0xDB, 0x6B, 0x36, 0x50, 0xCA, 0xA3, 0x38, 0xA1, 0xF0, 0x93, 0x02, 0x7F, 0x1C, 0xE6,
    0xC0, 0x37, 0xDB, 0xAB, 0xB4, 0xA0, 0x3F, 0x50, 0xEA, 0xDD, 0x12, 0x41, 0xD4, 0xDD, 0x14, 0x16,
    0x48, 0x41, 0xF1, 0xA3, 0xBB, 0xED, 0x17, 0x77, 0xDB, 0xEB, 0xAE, 0x48, 0x38, 0x85, 0x78, 0x10,
    0xDB, 0x4C, 0xEC, 0x0C, 0xA3, 0xE3, 0x6E, 0xB8, 0xE1, 0xCC, 0xEA, 0xD9, 0x19, 0x46, 0xE2, 0x60,
    0x78, 0xFB, 0x31, 0xEA, 0xCB, 0x28, 0x52, 0x2A, 0x9D, 0x55, 0x17, 0x0E, 0x86, 0x37, 0x60, 0xAD,
    0x74, 0xD0, 0x18, 0x06, 0xC7, 0x07, 0xC1, 0x8F, 0xA5, 0xFE, 0xC3, 0x45, 0xCD, 0x18, 0xD6, 0xC6,
    0x30, 0x10, 0x17, 0xC3, 0xF9, 0xDB, 0x98, 0x5E, 0x47, 0xB8, 0x48, 0x2B, 0x99, 0x0A, 0xF4, 0x68,
    0x0D, 0x31, 0x5E, 0x44, 0x9B, 0x11, 0x79, 0xFE, 0xAD, 0x2F, 0xBF, 0xBE, 0x94, 0x32, 0x4C, 0x0B,
    0x08, 0x99, 0x95, 0xA0, 0xB7, 0xA1, 0xF7, 0x39, 0xB3, 0xD5, 0x7B, 0x55, 0x06, 0x9E, 0x91, 0x43,
    0x2E, 0x0A, 0x9D, 0x6E, 0x61, 0x8D, 0x47, 0xA5, 0x73, 0xCC, 0x51, 0x6B, 0x5D, 0xD3, 0xD9, 0x6B,
    0x83, 0x87, 0x5E, 0xD6, 0x75, 0x76, 0x31, 0xA5, 0x43, 0x46, 0x85, 0x65, 0xCE, 0x82, 0xA2, 0x96,
    0x95, 0xC5, 0xC0, 0x88, 0x90, 0x42, 0xC8, 0x6E, 0xA0, 0x07, 0x68, 0xA1, 0xD7, 0x49, 0xE2, 0x99,
    0x30, 0xD0, 0x8B, 0x1B, 0x69, 0x01, 0xC7, 0x5A, 0xC0, 0xA4, 0xA7, 0x26, 0x97, 0x96, 0x15, 0x8D,
    0x21, 0xE4, 0xFA, 0x94, 0xFB, 0x49, 0xBB, 0xDF, 0x9D, 0x89, 0xBE, 0xEA, 0x16, 0xD7, 0xCB, 0x40,
    0x1A, 0x4B, 0xBF, 0x14, 0x4F, 0x08, 0xE3, 0x89, 0x3A, 0x13, 0x33, 0xE3, 0x36, 0x22, 0x38, 0x2B,
    0xAD, 0x50, 0x59, 0xAE, 0x42, 0x97, 0xE6, 0x08, 0x5E, 0x72, 0x5E, 0x6D, 0x77, 0x70, 0x6D, 0x31,
    0xA2, 0x35, 0xEE, 0x5D, 0xE6, 0x62, 0x44, 0x73, 0x9A, 0x43, 0x4E, 0x73, 0x93, 0x2D, 0x33, 0xC6,
    0x94, 0x26, 0x1A, 0xC8, 0x0C, 0x03, 0x9A, 0xD5, 0x0C, 0x8B, 0xBA, 0xDD, 0x31, 0xB6, 0x30, 0x90,
    0x59, 0x42, 0x4C, 0x5C, 0x74, 0xC6, 0x52, 0x2F, 0xD1, 0x74, 0x90, 0x59, 0xE7, 0x33, 0x88, 0xA1,
    0x47, 0x66, 0x88, 0xC9, 0x96, 0x58, 0x66, 0xA8, 0xB8, 0xAD, 0x02, 0xD4, 0x5A, 0x67, 0xFE, 0x5E,
    0x51, 0x1D, 0xDC, 0xDA, 0x21, 0xB6, 0xC0, 0xC4, 0x9F, 0x01, 0x72, 0x89, 0x07, 0x67, 0x59, 0xEC,
    0xB8, 0xB1, 0x12, 0xCF, 0x70, 0xB6, 0xFA, 0x90, 0xA0, 0x96, 0x42, 0x59, 0x3E, 0x49, 0xEC, 0xDE,
    0x11, 0x27, 0x23, 0xBA, 0xB3, 0xC1, 0x9C, 0xA1, 0xD3, 0xDC, 0x6A, 0x2C, 0x32, 0xD4, 0xE9, 0x2A,
    0xAA, 0x17, 0xD7, 0x5B, 0xE4, 0xBD, 0xB9, 0x7E, 0x17, 0xD6, 0xCB, 0xE3, 0x8D, 0xE2, 0x85, 0x4F,
    0xB3, 0xDC, 0xFB, 0xFE, 0x48, 0x69, 0xF7, 0x37, 0x8A, 0xDD, 0xF7, 0x6E, 0x3A, 0xE5, 0x13, 0x89,
    0xD2, 0x0E, 0xBD, 0xD3, 0x8F, 0x12, 0x7F, 0x01, 0x63, 0x60, 0xD0, 0xFF, 0xC0, 0xC0, 0xB0, 0xFF,
    0x03, 0x03, 0xD3, 0xFF, 0x0F, 0x0C, 0xEC, 0xFF, 0x1F, 0x30, 0xC8, 0x03, 0x71, 0xFD, 0xFF, 0x0B,
    0x8C, 0xFF, 0xED, 0x0F, 0x30, 0xFF, 0xB1, 0x3F, 0xC0, 0xFF, 0xA5, 0xFE, 0x80, 0xFD, 0xFF, 0xFF,
    0x3F, 0x80, 0xF8, 0x0B, 0x10, 0x7F, 0x10, 0x0D, 0xFD, 0x1F, 0xC0, 0xC0, 0xF8, 0x8F, 0x81, 0x81,
    0xE9, 0x2F, 0x03, 0x00, 0x65, 0x50, 0xB1, 0x0D, 0xC2, 0x40, 0x10, 0x33, 0x20, 0x91, 0x22, 0x45,
    0x7A, 0x90, 0xC8, 0x08, 0x19, 0xE1, 0x7F, 0xB3, 0x30, 0x0F, 0x14, 0x8C, 0x90, 0x8C, 0x90, 0x11,
    0x28, 0xA8, 0xA8, 0x52, 0xA4, 0x08, 0x88, 0xC4, 0xF8, 0xEE, 0x21, 0x42, 0xE2, 0xF4, 0x7A, 0x4B,
    0x27, 0x9F, 0xED, 0x3B, 0x00, 0xD8, 0x9E, 0x60, 0x55, 0xF0, 0x07, 0x48, 0xF6, 0x7F, 0x80, 0xF0,
    0xC2, 0x02, 0xBB, 0x18, 0x46, 0x20, 0xE3, 0x50, 0x0F, 0xEA, 0x70, 0x6E, 0x7A, 0xE7, 0x89, 0xB8,
    0x49, 0x90, 0xF1, 0x5A, 0xF2, 0x2A, 0xBD, 0x98, 0xB1, 0x43, 0x49, 0xF5, 0x5B, 0x54, 0x93, 0x83,
    0x14, 0x16, 0x38, 0x1A, 0xE4, 0x8C, 0x08, 0x93, 0x9B, 0x07, 0xDA, 0x43, 0xC5, 0x3B, 0x69, 0x71,
    0x68, 0x90, 0xEB, 0x9F, 0x81, 0x35, 0x79, 0x11, 0xA0, 0x1A, 0xCB, 0x09, 0xDF, 0x6A, 0x8C, 0x72,
    0x74, 0x73, 0xA9, 0x30, 0x0D, 0xA8, 0xF6, 0xBC, 0xC1, 0x47, 0xD4, 0x95, 0x3F, 0x15, 0x06, 0xB5,
    0x60, 0xC0, 0x8A, 0x3C, 0xD3, 0xBC, 0x7B, 0xD4, 0xA3, 0xB4, 0x5B, 0x1C, 0xE2, 0x67, 0x71, 0xA3,
    0xFB, 0x5E, 0xBE, 0xB2, 0xB9, 0xB7, 0xEA, 0x8A, 0xE5, 0x4E, 0x83, 0xFD, 0xB9, 0x33, 0x14, 0xD0,
    0x8F, 0x12, 0x12, 0x03, 0x4D, 0xA2, 0xD4, 0xBA, 0x8D, 0xEC, 0xB4, 0xCB, 0x6A, 0x32, 0x4E, 0x34,
    0xF5, 0x82, 0xCF, 0x46, 0x09, 0xF3, 0x14, 0xED, 0x63, 0x61, 0x59, 0x3A, 0x3B, 0x3F, 0x1F, 0xC0,
    0x1B, 0x2D, 0x8C, 0xB1, 0x0D, 0x83, 0x30, 0x14, 0x44, 0x5F, 0x40, 0x0A, 0x45, 0x0A, 0x8F, 0xC0,
    0x08, 0x8C, 0xE0, 0x21, 0x58, 0x86, 0x8E, 0xAC, 0xC3, 0x14, 0x49, 0x47, 0xCB, 0x08, 0x1E, 0x21,
    0x45, 0x0A, 0x0A, 0x7F, 0x1F, 0xDF, 0xC0, 0x15, 0x4F, 0x7A, 0xD2, 0xDD, 0xC1, 0x99, 0x4E, 0x1B,
    0x44, 0xED, 0x20, 0x19, 0x8D, 0x54, 0x68, 0xB5, 0x8A, 0x97, 0xDA, 0x42, 0x50, 0x67, 0xF4, 0x25,
    0x64, 0x06, 0xEB, 0xFF, 0xC4, 0x1C, 0x93, 0x43, 0x6F, 0x1F, 0x18, 0xCC, 0xFA, 0xC1, 0xC7, 0x8D,
    0x6A, 0x4D, 0xB5, 0xA0, 0x54, 0xDF, 0xB6, 0x1B, 0xB3, 0xBE, 0x30, 0x2A, 0x4D, 0xFE, 0xA9, 0x5C,
    0x61, 0x3C, 0x74, 0x6D, 0xBD, 0xF8, 0x5C, 0xE0, 0x00, 0xC5, 0x54, 0x31, 0x6E, 0xDC, 0x40, 0x0C,
    0xE4, 0xE9, 0xE0, 0x33, 0x10, 0x17, 0x7A, 0xC0, 0x15, 0xAA, 0x83, 0x14, 0xAA, 0xD3, 0x58, 0x42,
    0x5E, 0x90, 0xC6, 0xF0, 0x1F, 0x92, 0xE2, 0x7E, 0x90, 0x55, 0x7E, 0xE2, 0xC2, 0x69, 0xFC, 0x89,
    0x15, 0x90, 0x0F, 0x5C, 0x93, 0x5E, 0x85, 0xBB, 0x34, 0x32, 0x20, 0xC0, 0x0A, 0xB0, 0x5A, 0x86,
    0x1C, 0xEE, 0x49, 0x07, 0x5B, 0x49, 0x91, 0x26, 0x0B, 0xDF, 0xD0, 0x27, 0x0E, 0x39, 0x3C, 0x92,
    0x2B, 0x7A, 0x5B, 0x13, 0x51, 0xC5, 0xB5, 0xC2, 0xA8, 0xC0, 0x80, 0x96, 0xA8, 0xE4, 0x4E, 0x5C,
    0xDC, 0xAB, 0x5F, 0x3C, 0x94, 0x07, 0xDA, 0xDD, 0x5F, 0x05, 0xF2, 0xFC, 0x7D, 0xDA, 0x32, 0x3F,
    0xC7, 0x9C, 0x99, 0x63, 0xA5, 0xE0, 0x38, 0xE3, 0x28, 0xE1, 0x2E, 0x0A, 0xBD, 0x52, 0x28, 0x27,
    0x85, 0xA0, 0x5F, 0x83, 0x17, 0xC7, 0xE8, 0xF8, 0x03, 0xF7, 0x4A, 0xEE, 0x34, 0xAC, 0x95, 0x04,
    0x22, 0xE4, 0x78, 0x20, 0xDA, 0x7C, 0x23, 0x3B, 0xBC, 0x76, 0x7E, 0xDC, 0xDC, 0x6A, 0x35, 0xDB,
    0xFF, 0x0B, 0x4B, 0x7D, 0x7F, 0x44, 0x1F, 0x94, 0x53, 0x82, 0x9A, 0x6B, 0xFF, 0x24, 0xAC, 0x43,
    0xD8, 0xA0, 0xE8, 0xA6, 0xC5, 0x7D, 0x95, 0xDC, 0x3D, 0xDC, 0x23, 0xDC, 0x61, 0xFE, 0xDF, 0x9E,
    0x1B, 0xC7, 0xF8, 0xC9, 0x39, 0xCC, 0x39, 0xF3, 0x33, 0xA7, 0xE9, 0xFE, 0xBD, 0x36, 0xED, 0x3B,
    0xBB, 0x15, 0xA0, 0xF9, 0xE4, 0x56, 0x3E, 0x4A, 0x72, 0x56, 0xB7, 0x15, 0x89, 0x82, 0xA7, 0x85,
    0x52, 0x81, 0xE2, 0x8F, 0x02, 0x1B, 0x6E, 0x16, 0x0A, 0x9C, 0xC5, 0xB8, 0x50, 0x10, 0x9F, 0xE9,
    0x66, 0x25, 0x4A, 0x92, 0x18, 0x5E, 0x48, 0x64, 0x70, 0x5E, 0xC6, 0x97, 0x12, 0x5A, 0x8D, 0x0F,
    0x1C, 0x78, 0xE2, 0xE0, 0x42, 0xD9, 0xD9, 0xB3, 0xEC, 0x81, 0xAC, 0x85, 0x56, 0x75, 0x32, 0x08,
    0xA6, 0x22, 0x58, 0x98, 0x19, 0x2C, 0xAD, 0x18, 0xE8, 0x91, 0xB3, 0x9C, 0xDE, 0x8C, 0x4D, 0x86,
    0xF8, 0x88, 0x94, 0x28, 0x43, 0x8A, 0x4C, 0xA6, 0x41, 0x3D, 0x28, 0x1C, 0x3A, 0x8E, 0xFB, 0x3C,
    0x99, 0xA8, 0x66, 0x54, 0x1D, 0xC7, 0xA1, 0x84, 0x99, 0xAA, 0x80, 0x42, 0x20, 0x77, 0xC9, 0x10,
    0x90, 0xAD, 0xE9, 0x91, 0x38, 0x6D, 0x80, 0xE9, 0x78, 0x13, 0xA8, 0x4E, 0x06, 0x3A, 0x85, 0xE9,
    0xBC, 0x79, 0x00, 0xFF, 0xB8, 0x91, 0x88, 0x9C, 0x83, 0xFC, 0xE9, 0xD0, 0x9C, 0xEE, 0x15, 0x46,
    0xD8, 0xF0, 0xD1, 0xF3, 0x57, 0x6E, 0xB9, 0x29, 0x26, 0xF2, 0x6D, 0xFA, 0x96, 0x7C, 0x89, 0x99,
    0xE2, 0x52, 0x96, 0xF9, 0x5C, 0xD4, 0xB8, 0xC5, 0x5B, 0x71, 0xA9, 0x3B, 0x7F, 0x0E, 0x54, 0x3E,
    0x0D, 0x68, 0xF2, 0x3F, 0x7F, 0x86, 0xD5, 0xE7, 0x5F, 0xAA, 0x8E, 0xD8, 0xB5, 0xA4, 0x77, 0x06,
    0xEF, 0x91, 0x60, 0xEA, 0xF4, 0x11, 0x9D, 0xAC, 0xAF, 0x65, 0x65, 0x07, 0xD7, 0xEA, 0x36, 0xB6,
    0xBA, 0x7E, 0xAD, 0xFF, 0xC9, 0x5C, 0xBB, 0xC6, 0x45, 0xDA, 0xD0, 0xEE, 0x8E, 0xB6, 0x91, 0xDE,
    0x4B, 0x43, 0x1E, 0xD7, 0x29, 0x99, 0x52, 0xF4, 0xF7, 0x68, 0x36, 0x37, 0xA6, 0x77, 0x93, 0x4C,
    0x4D, 0x7B, 0x30, 0xAD, 0x40, 0x90, 0x71, 0x34, 0xB8, 0x01, 0x61, 0x8D, 0x82, 0x15, 0x2A, 0x74,
    0x73, 0x30, 0xC1, 0x4F, 0x77, 0x74, 0x7E, 0x0E, 0x5A, 0xF7, 0x41, 0x87, 0x73, 0x90, 0x02, 0x14,
    0xB8, 0x2E, 0x4F, 0x97, 0x29, 0xD6, 0x82, 0x8F, 0x18, 0x62, 0xC4, 0x9B, 0x93, 0xF9, 0x9E, 0xDE,
    0xD9, 0x85, 0xDA, 0x2B, 0x13, 0x46, 0x33, 0xEC, 0x6D, 0xBC, 0x7B, 0xBB, 0x82, 0x86, 0xF5, 0x6B,
    0x34, 0xCD, 0x6B, 0xD8, 0x2A, 0xD6, 0xE7, 0x99, 0xA1, 0x85, 0xCC, 0x07, 0xBB, 0xB0, 0x3B, 0xE0,
    0x67, 0xC1, 0x9D, 0x3F, 0xE5, 0x8C, 0x60, 0x2A, 0xFF, 0x97, 0xC6, 0x2A, 0x48, 0x2B, 0x6D, 0xCD,
    0x66, 0xDD, 0x15, 0xFC, 0x0D, 0xB5, 0x93, 0xB1, 0x8E, 0xD3, 0x40, 0x10, 0x86, 0xFF, 0xD8, 0x3A,
    0xB9, 0x70, 0xE1, 0xF4, 0x14, 0xA1, 0xA0, 0xA0, 0x41, 0x7E, 0x81, 0xE4, 0x1C, 0x89, 0x07, 0xE0,
    0x15, 0xE8, 0xA0, 0xA2, 0xB6, 0x90, 0x39, 0x5B, 0xF7, 0x4C, 0x14, 0x57, 0x58, 0x78, 0x13, 0x97,
    0x14, 0xF1, 0x23, 0xB8, 0xA0, 0x86, 0x95, 0x6E, 0x41, 0x91, 0x70, 0xB2, 0xFC, 0xB3, 0xF6, 0xFA,
    0x4E, 0x20, 0xC4, 0x81, 0xC4, 0x6A, 0xE6, 0xD7, 0x27, 0xAF, 0xFF, 0xF1, 0xD8, 0x9E, 0x05, 0x80,
    0x50, 0xFD, 0x75, 0xBC, 0x52, 0xB1, 0x55, 0xA9, 0xAD, 0x32, 0xBB, 0xCD, 0x2C, 0xB2, 0x01, 0x49,
    0x0F, 0xB7, 0xB8, 0x77, 0x97, 0x9A, 0x79, 0x64, 0x9E, 0x99, 0x76, 0xCB, 0xA4, 0xF7, 0xD0, 0x21,
    0x6C, 0x35, 0xC2, 0x3D, 0x53, 0xFD, 0x9C, 0x3D, 0xAF, 0xB3, 0x78, 0xCB, 0xEA, 0x7B, 0xB0, 0x3C,
    0x58, 0x9F, 0x09, 0x79, 0xC2, 0xFC, 0x88, 0x85, 0x12, 0x69, 0x94, 0x08, 0x2B, 0x52, 0xA4, 0xAE,
    0x3D, 0x3F, 0x17, 0xAD, 0xA4, 0xBF, 0xEE, 0x5F, 0x5E, 0xE9, 0x37, 0xEF, 0x49, 0x65, 0xDF, 0x81,
    0x55, 0x89, 0x8B, 0xD4, 0xAA, 0x4C, 0x5E, 0x5B, 0xBA, 0x4A, 0x4F, 0xC8, 0x4E, 0x88, 0x7B, 0xA4,
    0x46, 0xFA, 0xBA, 0xD8, 0x02, 0x0F, 0xEF, 0x30, 0x92, 0xCA, 0x81, 0x5C, 0xDF, 0x35, 0x6E, 0xD7,
    0x7E, 0x17, 0x3D, 0xC9, 0xEE, 0xF9, 0x7F, 0x77, 0x98, 0xFF, 0x31, 0x2E, 0x90, 0x37, 0xDD, 0x5B,
    0xAB, 0xCB, 0x6B, 0xFD, 0x6E, 0x61, 0x8A, 0x85, 0xCE, 0x03, 0x9D, 0x87, 0x7D, 0x9E, 0xA8, 0xBC,
    0x44, 0x79, 0x44, 0x59, 0xE1, 0x09, 0x50, 0x48, 0x3C, 0x2D, 0x82, 0xA1, 0x48, 0x87, 0x2B, 0x3B,
    0x94, 0x8C, 0x63, 0x5D, 0x6E, 0xEB, 0x02, 0xBF, 0x44, 0x34, 0x14, 0xA5, 0xBB, 0x81, 0x61, 0xEA,
    0x2B, 0xD4, 0x2F, 0x51, 0x43, 0xE2, 0x86, 0xFD, 0x2C, 0xA5, 0x29, 0x73, 0x5F, 0x96, 0x30, 0x4B,
    0xEE, 0x7E, 0xD5, 0x14, 0x4B, 0x09, 0x44, 0x64, 0x22, 0x3E, 0x58, 0x4E, 0x94, 0xB5, 0x06, 0x91,
    0x35, 0x46, 0xE6, 0xC3, 0xC8, 0x70, 0x18, 0x5C, 0x8A, 0x3C, 0xAE, 0xC5, 0x5B, 0x8F, 0xDE, 0x6F,
    0xDE, 0x1B, 0x89, 0x94, 0xF4, 0x36, 0xDE, 0x1B, 0x8F, 0x5E, 0x78, 0xAF, 0xD8, 0x96, 0x93, 0x17,
    0xF7, 0xE5, 0xB5, 0x48, 0x60, 0x3F, 0xC9, 0x9F, 0xA4, 0x97, 0x1E, 0x0E, 0xE4, 0xCA, 0xB2, 0xD6,
    0xE2, 0x94, 0x3C, 0xEA, 0x71, 0x7E, 0x11, 0x6B, 0x44, 0x3A, 0x09, 0x87, 0x70, 0xA0, 0x20, 0x21,
    0xDA, 0xA4, 0x4E, 0xC2, 0x2F, 0xB8, 0x24, 0x1E, 0xDE, 0xAC, 0x29, 0xD5, 0x9A, 0xD8, 0x0E, 0xC4,
    0x56, 0xDD, 0x10, 0x77, 0x5A, 0xB0, 0xD3, 0x44, 0x25, 0xB8, 0xEB, 0x67, 0x54, 0xFA, 0xE1, 0xB8,
    0xD3, 0xEF, 0x3D, 0xEE, 0xFB, 0xDC, 0x63, 0xAB, 0xD6, 0x77, 0xF8, 0xCC, 0xE3, 0xC7, 0x2A, 0xF1,
    0x78, 0xC0, 0x8C, 0x9F, 0x79, 0x44, 0x27, 0x1C, 0x10, 0x78, 0xE4, 0x57, 0x38, 0x4E, 0xC8, 0x13,
    0xB7, 0x19, 0x91, 0xE3, 0x8A, 0xD5, 0x88, 0x2B, 0x7E, 0x87, 0xE8, 0xE0, 0x70, 0xE3, 0xBE, 0x8E,
    0x43, 0xF7, 0xE3, 0x1A, 0x87, 0x9D, 0x60, 0xEA, 0xB0, 0x12, 0x8C, 0x5B, 0xE2, 0xC6, 0x0D, 0x5E,
    0x70, 0xAB, 0xF4, 0xC6, 0x8C, 0x43, 0x58, 0x2A, 0x9D, 0x75, 0x23, 0xAE, 0x88, 0xD3, 0x68, 0x86,
    0xBD, 0xAE, 0xFD, 0x39, 0x1A, 0x6E, 0xB5, 0x47, 0xF9, 0xF5, 0xD3, 0x8A, 0x4F, 0x98, 0x0F, 0xDA,
    0xBC, 0xEF, 0xD7, 0x0F, 0x7D, 0x93, 0x3D, 0x6E, 0xC2, 0x40, 0x10, 0x85, 0x1F, 0xB8, 0xA0, 0x70,
    0xE1, 0x23, 0xB8, 0x4F, 0xE3, 0x23, 0x18, 0x29, 0x45, 0x8E, 0x65, 0xA4, 0x5C, 0x20, 0x47, 0x48,
    0x19, 0x71, 0x88, 0x80, 0x94, 0x0B, 0x70, 0x04, 0xDA, 0xA4, 0x72, 0x41, 0x81, 0x10, 0xF6, 0xE4,
    0xCD, 0xCE, 0x5B, 0x1B, 0x94, 0x08, 0x17, 0xCC, 0xB0, 0x3F, 0x33, 0xEF, 0x9B, 0x99, 0x05, 0x1A,
    0x43, 0x6D, 0x7B, 0x2C, 0xCD, 0x60, 0xB6, 0xC1, 0xCA, 0xAC, 0x30, 0x5B, 0xA3, 0xB2, 0x91, 0x2E,
    0xB8, 0xF7, 0x51, 0xD9, 0x37, 0xD0, 0x0C, 0x5C, 0x02, 0xD0, 0x5E, 0x51, 0x8F, 0x61, 0xB9, 0x04,
    0x74, 0x67, 0x77, 0x19, 0xC5, 0xBF, 0x2B, 0xDA, 0x3B, 0x7B, 0x96, 0x3D, 0xE1, 0xC9, 0x2E, 0x5B,
    0xBB, 0xBC, 0x33, 0xCD, 0x01, 0xD6, 0x03, 0x85, 0xED, 0x17, 0x76, 0x4C, 0xD6, 0x97, 0x98, 0x76,
    0x43, 0x17, 0x28, 0x6D, 0x9D, 0x2C, 0x73, 0x65, 0xCB, 0xAD, 0x64, 0xB9, 0x05, 0xCF, 0x9D, 0x64,
    0xFC, 0x27, 0x67, 0x9C, 0xE5, 0xA4, 0x6F, 0xE1, 0xFA, 0x1A, 0x5B, 0xF1, 0x1C, 0xE9, 0xAA, 0x80,
    0xAB, 0x18, 0x95, 0x6C, 0xFE, 0x8F, 0x68, 0xBE, 0xC7, 0x50, 0x7E, 0x52, 0xD7, 0x64, 0x18, 0x07,
    0xA2, 0x12, 0x8C, 0x8C, 0x90, 0x44, 0xD4, 0x67, 0x20, 0xF1, 0x24, 0x9C, 0x63, 0xA6, 0x11, 0x8C,
    0x58, 0x84, 0x22, 0x12, 0x81, 0x88, 0xC3, 0x31, 0x6C, 0xA2, 0x70, 0x88, 0x21, 0xF2, 0xFB, 0xAF,
    0xB7, 0x06, 0x5E, 0x22, 0x8B, 0xFB, 0x63, 0xBA, 0xEF, 0x7D, 0x79, 0x78, 0x9F, 0xE2, 0x4F, 0x6D,
    0x52, 0xDD, 0xCB, 0x74, 0x49, 0x7C, 0xBF, 0x3B, 0xBB, 0xF8, 0x37, 0x32, 0xCC, 0xE2, 0x6F, 0x18,
    0x98, 0xC4, 0xD7, 0xFF, 0x88, 0x97, 0x29, 0x69, 0x28, 0xBE, 0xB4, 0x1F, 0x4F, 0x5E, 0x52, 0x1B,
    0xA3, 0xCB, 0x70, 0x72, 0x52, 0xE5, 0x76, 0x23, 0xF2, 0xF7, 0x19, 0x18, 0xB5, 0x7D, 0x4D, 0x43,
    0xF6, 0x4A, 0x2F, 0xC6, 0xEC, 0x85, 0x79, 0x62, 0xD0, 0x3C, 0x78, 0x8C, 0x9A, 0x7B, 0xA2, 0x1A,
    0xE7, 0xFE, 0xCE, 0x03, 0x77, 0xD3, 0xE3, 0x18, 0x3A, 0xB3, 0x51, 0x63, 0x66, 0x36, 0x4C, 0xDE,
    0xF5, 0xC6, 0x8B, 0xE1, 0xDB, 0x92, 0x5B, 0xC0, 0xF4, 0x04, 0x1B, 0xD8, 0x5A, 0x56, 0xDB, 0xE8,
    0x05, 0xBC, 0x1F, 0x08, 0xF0, 0x65, 0x12, 0x9A, 0x0F, 0x44, 0x0B, 0x8B, 0x28, 0x44, 0x5A, 0xCE,
    0x92, 0x4B, 0x36, 0x28, 0x24, 0x57, 0xEC, 0x51, 0xB4, 0xC3, 0x49, 0x42, 0x72, 0x9A, 0xD8, 0xFC,
    0xE0, 0x30, 0x3D, 0x39, 0xA8, 0x1A, 0xCF, 0x31, 0x9A, 0x77, 0xD5, 0x78, 0x14, 0x7A, 0xB8, 0x0F,
    0xAD, 0x27, 0x58, 0xE7, 0x6A, 0x5C, 0x9B, 0xEC, 0x9D, 0xDB, 0x5C, 0x0D, 0x1F, 0x08, 0x3D, 0x45,
    0x7A, 0xC2, 0xEE, 0xA6, 0x6A, 0xEC, 0x4E, 0x0F, 0xAA, 0xE1, 0x5E, 0xAE, 0xC6, 0x51, 0xD5, 0x50,
    0x5D, 0xD2, 0x81, 0x83, 0xAA, 0x51, 0xD8, 0x65, 0x1D, 0xDA, 0xC8, 0xB4, 0x0F, 0xC9, 0xF4, 0x36,
    0x51, 0x0D, 0x42, 0xAF, 0xD5, 0xC0, 0xCE, 0xF0, 0x0B, 0xFB, 0xFF, 0xFF, 0xFF, 0xFF, 0x07, 0x0C,
    0x0C, 0xDC, 0x1F, 0x18, 0x18, 0xF8, 0xEF, 0x30, 0x30, 0x98, 0x9F, 0x64, 0x60, 0x48, 0x3E, 0xCC,
    0xC0, 0x70, 0xF8, 0x50, 0x03, 0x53, 0xF3, 0x81, 0x03, 0xCC, 0xCC, 0x07, 0x0A, 0x78, 0x99, 0x0F,
    0xA8, 0x48, 0x30, 0x1F, 0xE0, 0x31, 0x60, 0x3E, 0xC0, 0x35, 0x81, 0xF9, 0x00, 0x0C, 0x82, 0xD8,
    0x20, 0x31, 0x90, 0x5C, 0x01, 0x0F, 0x33, 0x48, 0x2D, 0x50, 0x8F, 0x33, 0x48, 0x2F, 0xC8, 0x0C,
    0xA0, 0x59, 0xC6, 0x20, 0x33, 0x41, 0x66, 0x03, 0xAD, 0xF8, 0x0F, 0x00, 0xE5, 0x5B, 0x5F, 0x8C,
    0x1D, 0xD7, 0x59, 0x3F, 0x33, 0x63, 0xEF, 0x58, 0x1E, 0x7B, 0x27, 0x0F, 0x55, 0x95, 0x76, 0xE3,
    0x9D, 0x3C, 0xF4, 0x21, 0x84, 0xDD, 0xBD, 0x56, 0x1B, 0xA4, 0x55, 0x99, 0xDD, 0x3B, 0x49, 0x1E,
    0xF2, 0x50, 0x09, 0x2A, 0xA1, 0x80, 0x48, 0x5F, 0xFA, 0x58, 0xD2, 0x0A, 0x07, 0xA9, 0xA0, 0x5B,
    0xB8, 0xF6, 0x9D, 0x34, 0x0F, 0x79, 0x00, 0x09, 0x3F, 0xA4, 0xEA, 0x03, 0x3C, 0x58, 0xC2, 0x54,
    0xAD, 0x23, 0xE4, 0x0D, 0xBD, 0x90, 0x6D, 0x59, 0xF7, 0x8E, 0x6B, 0x84, 0x91, 0x0A, 0xEA, 0xA0,
    0x22, 0x90, 0x5A, 0x41, 0x27, 0x24, 0x90, 0x7F, 0x2A, 0x1E, 0xA7, 0x53, 0x7A, 0xBD, 0xBD, 0xF7,
    0x1E, 0x7E, 0xBF, 0xEF, 0x9C, 0x33, 0x77, 0xED, 0xD8, 0xD8, 0x49, 0x9C, 0xA4, 0x09, 0x37, 0x9B,
    0xDD, 0xCF, 0x73, 0xCF, 0x9C, 0x39, 0xE7, 0xF7, 0xFD, 0xFF, 0xCE, 0x37, 0x4A, 0xE1, 0x13, 0x96,
    0xCA, 0x7E, 0x82, 0xB1, 0xA3, 0xD4, 0x9A, 0x23, 0x0E, 0xC4, 0x99, 0xFC, 0xF5, 0x4E, 0x25, 0x8F,
    0x0B, 0x71, 0x6F, 0x34, 0xB1, 0x77, 0xE8, 0x4B, 0xC7, 0x54, 0xB9, 0x90, 0xE3, 0xBB, 0xCB, 0x93,
    0xB0, 0x50, 0xDD, 0x5A, 0x29, 0xBF, 0x38, 0xEE, 0xD5, 0x6A, 0x67, 0x1B, 0x54, 0x99, 0x64, 0x7D,
    0x55, 0xF7, 0x30, 0xAE, 0x09, 0xCB, 0xC4, 0xAB, 0x86, 0xA0, 0xCE, 0x79, 0x75, 0xF8, 0xED, 0x72,
    0x0B, 0x4F, 0xD2, 0x59, 0xDF, 0x7B, 0xAD, 0xC4, 0xB5, 0xF0, 0x89, 0x32, 0x51, 0x27, 0x2A, 0x8C,
    0x8B, 0x30, 0xB0, 0x48, 0xAA, 0x14, 0x54, 0xBE, 0x81, 0x81, 0x35, 0xA8, 0xA0, 0x8C, 0x31, 0xB0,
    0x5E, 0xC6, 0x33, 0x9A, 0xA0, 0xBC, 0xCB, 0xAF, 0x62, 0x7C, 0x3B, 0x55, 0x8D, 0x0A, 0x8A, 0x28,
    0x53, 0x71, 0x92, 0x6D, 0xA8, 0x30, 0x0F, 0x0A, 0x75, 0x04, 0x03, 0x55, 0x94, 0x81, 0x5A, 0xC6,
    0x97, 0x98, 0xCA, 0xAB, 0x54, 0x8C, 0x2F, 0x41, 0xA9, 0x1A, 0x3B, 0xC4, 0x26, 0x30, 0x1E, 0x8F,
    0x6B, 0x02, 0x3C, 0x32, 0x57, 0x3D, 0xF5, 0xE9, 0x0D, 0x6E, 0xB8, 0x50, 0xEB, 0x6A, 0x18, 0x63,
    0x0B, 0x7E, 0xA5, 0xD6, 0xEF, 0xE9, 0x06, 0x95, 0xE2, 0xF8, 0xF5, 0x34, 0x52, 0x06, 0x8A, 0x1E,
    0x9E, 0xB7, 0x29, 0xD4, 0x30, 0xC4, 0x8C, 0x39, 0xA9, 0x1A, 0x3B, 0x94, 0x81, 0x1E, 0x7F, 0xC9,
    0x40, 0xCC, 0x83, 0x4F, 0x17, 0xFF, 0x9B, 0x21, 0x11, 0x00, 0xEA, 0x18, 0xD8, 0xA6, 0xCA, 0x9B,
    0x18, 0x24, 0x3B, 0xBB, 0x67, 0x2B, 0x43, 0xF9, 0x7A, 0xE6, 0xE0, 0xDD, 0x2F, 0xE8, 0x7E, 0xCB,
    0x5E, 0x16, 0x5C, 0x83, 0xF3, 0xF2, 0xEC, 0xA0, 0xE8, 0xCA, 0x9F, 0x92, 0x93, 0xA9, 0xA0, 0xF1,
    0x78, 0x35, 0x9E, 0x99, 0xA7, 0xC4, 0x05, 0xAF, 0x2E, 0xE3, 0x2A, 0x76, 0x1B, 0xE3, 0x7E, 0x41,
    0x2D, 0xC9, 0xC1, 0xB6, 0xA0, 0x0A, 0x0A, 0xAC, 0x5A, 0xCD, 0xBE, 0x52, 0x61, 0xA3, 0x9E, 0xD6,
    0x35, 0x56, 0x17, 0x37, 0x4B, 0x1A, 0xCB, 0xC5, 0x73, 0x3A, 0x45, 0x1D, 0xE0, 0x1E, 0xBF, 0xC6,
    0xB6, 0xBD, 0xD3, 0xAA, 0x59, 0xDF, 0x50, 0x1D, 0xAD, 0xD2, 0x34, 0xF5, 0xA6, 0x4B, 0xC5, 0x5A,
    0xBA, 0x91, 0x54, 0x7E, 0x19, 0xAF, 0x24, 0x1A, 0xFB, 0x8C, 0x56, 0xE3, 0x8A, 0x70, 0x1C, 0x21,
    0x67, 0xF1, 0x67, 0xBB, 0xCF, 0x3F, 0xAB, 0xF5, 0x9A, 0xF9, 0x13, 0x67, 0x98, 0x31, 0xC5, 0xEC,
    0x98, 0x3F, 0x1D, 0x7A, 0x57, 0x8E, 0x65, 0x6A, 0xBD, 0xAF, 0x06, 0x53, 0x60, 0x95, 0x2A, 0x0F,
    0xFB, 0xAA, 0x13, 0xD9, 0x55, 0x25, 0x98, 0x60, 0x18, 0x77, 0x1F, 0xE5, 0x6A, 0x62, 0xA0, 0xEA,
    0xE6, 0xCA, 0x07, 0x19, 0xCE, 0xCE, 0x8C, 0xB8, 0xC1, 0x81, 0x9E, 0x0A, 0x08, 0x0F, 0x5B, 0x60,
    0x22, 0x8B, 0x95, 0x4A, 0x2C, 0x7C, 0x6A, 0xA5, 0x63, 0x89, 0x34, 0x76, 0x44, 0x94, 0x59, 0x22,
    0xCC, 0x6F, 0x44, 0xF4, 0x1C, 0x51, 0xDB, 0xC1, 0x41, 0x65, 0x6F, 0x8F, 0x73, 0x4B, 0x7C, 0x4B,
    0x2D, 0x7B, 0x9F, 0xA1, 0x22, 0x34, 0x80, 0x42, 0x63, 0x54, 0x92, 0xAB, 0xEE, 0xEE, 0x6F, 0x80,
    0xA7, 0x40, 0x75, 0x07, 0x92, 0xAC, 0x28, 0x39, 0x35, 0xF9, 0xBD, 0x20, 0x48, 0xF8, 0xE5, 0x48,
    0x57, 0xBC, 0xF8, 0xA9, 0x62, 0xF4, 0x35, 0xEE, 0x06, 0x20, 0x53, 0xBC, 0xB1, 0x89, 0x97, 0x27,
    0x42, 0x00, 0xBE, 0x94, 0x04, 0x77, 0xB8, 0x42, 0x22, 0x9C, 0xD8, 0x2B, 0x1D, 0x80, 0xD2, 0x1F,
    0xF2, 0x9B, 0x58, 0xEB, 0x86, 0x44, 0x19, 0xB9, 0xDB, 0xB1, 0x9E, 0x46, 0x88, 0x65, 0x3B, 0x78,
    0x4E, 0x40, 0x80, 0x7B, 0x42, 0x44, 0xFA, 0x2B, 0xCD, 0x48, 0x63, 0x4F, 0x89, 0xD6, 0xD5, 0x48,
    0x73, 0x7E, 0x11, 0xB5, 0x41, 0x8E, 0xD5, 0x72, 0x43, 0xE1, 0x18, 0xCA, 0xBB, 0xCC, 0xA1, 0x23,
    0xAD, 0x67, 0xE7, 0x48, 0x2C, 0x68, 0xAD, 0x5B, 0xD5, 0x36, 0x28, 0x9C, 0x39, 0x73, 0xB6, 0x11,
    0xA1, 0xC4, 0x57, 0x04, 0xD8, 0x9F, 0x65, 0x9D, 0x8C, 0x4A, 0x9F, 0x94, 0x32, 0xCF, 0xA3, 0x67,
    0x66, 0xDC, 0xFE, 0xA2, 0x92, 0x9D, 0x76, 0x9E, 0xD6, 0x85, 0x59, 0x46, 0xBB, 0xD4, 0x93, 0x6A,
    0x5B, 0x88, 0x45, 0xB7, 0xC2, 0x23, 0x8E, 0xC0, 0x15, 0x2E, 0xD5, 0xCB, 0xE3, 0x57, 0x9E, 0xE6,
    0xE0, 0x60, 0xEC, 0x36, 0x38, 0x88, 0xBF, 0xF4, 0xB0, 0xE0, 0x13, 0xFF, 0xC8, 0x0E, 0x0E, 0x1C,
    0x3E, 0x6A, 0xE6, 0x6E, 0x1F, 0xBD, 0x92, 0xF5, 0xBF, 0x91, 0x19, 0x54, 0xB1, 0x53, 0x80, 0x7F,
    0xEE, 0x83, 0xA3, 0xE2, 0x83, 0x67, 0x05, 0xF9, 0xA0, 0xE4, 0x6F, 0xC3, 0x0B, 0x05, 0x71, 0xDC,
    0x56, 0x9E, 0x51, 0xB5, 0xEE, 0x53, 0xD4, 0x41, 0x08, 0x0D, 0xEE, 0x2A, 0x44, 0xED, 0x56, 0x1F,
    0x11, 0x25, 0xEB, 0x64, 0x8B, 0x66, 0xDF, 0x30, 0x02, 0x86, 0xF0, 0x6A, 0x27, 0x3F, 0xC3, 0x5B,
    0x90, 0x9F, 0x39, 0x11, 0x39, 0x39, 0x74, 0xB7, 0xAF, 0x9D, 0xB3, 0x44, 0xDC, 0x58, 0xC2, 0xCB,
    0x5A, 0x53, 0x5A, 0x1C, 0x70, 0x44, 0xEA, 0x08, 0xDA, 0x42, 0xAC, 0xD8, 0x2F, 0x6A, 0xFE, 0x53,
    0x1F, 0xBC, 0xBF, 0x38, 0xC5, 0x05, 0x7E, 0x82, 0x7B, 0xBC, 0xD3, 0x6F, 0xF4, 0x85, 0xBA, 0x16,
    0xB1, 0x78, 0xEE, 0xB5, 0xEA, 0x0B, 0x4D, 0x54, 0x2D, 0xC6, 0x45, 0xBF, 0xEE, 0x4E, 0x3D, 0x18,
    0xB7, 0x2A, 0x19, 0x76, 0x16, 0x29, 0x1F, 0xE3, 0x70, 0xB2, 0xB2, 0xE8, 0x9F, 0x8A, 0x8A, 0x4D,
    0x6F, 0x9A, 0x1E, 0x89, 0x27, 0x71, 0x1D, 0xE7, 0x83, 0x74, 0x79, 0x63, 0x79, 0x73, 0x82, 0x41,
    0x9F, 0x5B, 0xEC, 0xAD, 0xAD, 0x77, 0x30, 0xE8, 0x47, 0xF1, 0x56, 0xBA, 0xCE, 0x41, 0xB3, 0xA8,
    0xEE, 0x6D, 0xF8, 0x18, 0x74, 0x22, 0xAC, 0xB6, 0xE2, 0x6C, 0x27, 0x28, 0xEE, 0x0C, 0xAA, 0xBA,
    0x5B, 0x52, 0x62, 0xFC, 0xB2, 0xFE, 0x66, 0x13, 0xD1, 0x72, 0xD5, 0x75, 0x8D, 0x41, 0x86, 0x88,
    0x33, 0xEE, 0xA1, 0x57, 0xEF, 0x04, 0x62, 0x8C, 0xD2, 0xBA, 0xA3, 0x64, 0x77, 0x2B, 0x75, 0x54,
    0x1C, 0x15, 0x91, 0xAC, 0x65, 0x28, 0xF8, 0xBC, 0x05, 0xE5, 0xB0, 0x84, 0x51, 0xCD, 0x23, 0x5B,
    0x4A, 0xE6, 0xC3, 0x60, 0x65, 0x06, 0xA5, 0xB5, 0xB0, 0x49, 0xA9, 0xBF, 0xC6, 0x6C, 0x34, 0x07,
    0xDE, 0x4F, 0x0B, 0xE3, 0x71, 0x82, 0xEF, 0xF2, 0x5F, 0xB4, 0x5E, 0xC7, 0xF9, 0x3D, 0x7E, 0x0D,
    0xE4, 0x39, 0x49, 0xEE, 0x6B, 0x99, 0x23, 0xBC, 0x72, 0xCC, 0x5A, 0xC9, 0x91, 0x3E, 0x69, 0xE1,
    0xFD, 0xA4, 0xB5, 0x0D, 0x5A, 0xE7, 0xD6, 0x62, 0xEE, 0x8E, 0xCC, 0xA0, 0xCE, 0x0B, 0x4A, 0x1D,
    0xAB, 0xAC, 0x20, 0x89, 0xDA, 0xA9, 0xB0, 0x32, 0xFC, 0xC7, 0x9C, 0x99, 0xF3, 0x73, 0xC7, 0xCD,
    0x3C, 0x78, 0x92, 0x65, 0x59, 0xDF, 0x98, 0x72, 0x0E, 0x54, 0x61, 0x71, 0x8D, 0x61, 0x00, 0xCF,
    0x96, 0x2D, 0xE5, 0x97, 0x1B, 0x22, 0x73, 0xE0, 0x21, 0xFC, 0x12, 0x74, 0xCC, 0xC3, 0x73, 0xE0,
    0xDD, 0xE2, 0x09, 0x38, 0x09, 0x49, 0x1A, 0x3A, 0xAA, 0x57, 0xAB, 0x68, 0x82, 0x85, 0xC9, 0xDE,
    0x03, 0x6C, 0x7F, 0x62, 0x50, 0xB0, 0x42, 0x74, 0x7D, 0x4A, 0xD6, 0xB7, 0x0F, 0x0A, 0x10, 0xE8,
    0xD3, 0xCA, 0xFB, 0xAC, 0x56, 0xBD, 0x5E, 0xB8, 0x00, 0xF5, 0xDD, 0x7D, 0x08, 0xB6, 0x34, 0x90,
    0xBD, 0x26, 0x78, 0x6E, 0x40, 0x20, 0x96, 0x66, 0x0A, 0xFE, 0x50, 0xF3, 0x33, 0x81, 0xA9, 0x86,
    0xCD, 0xD1, 0x62, 0xE3, 0xA3, 0x22, 0x21, 0x55, 0xC4, 0x79, 0x50, 0x06, 0xB3, 0x0C, 0xC3, 0x3A,
    0xDC, 0xE5, 0x89, 0x6C, 0xA9, 0x21, 0x0B, 0x8E, 0xC3, 0x0A, 0xCC, 0x64, 0xE7, 0x73, 0x34, 0xE6,
    0x08, 0xCD, 0x51, 0xDB, 0x83, 0xE4, 0x1C, 0xDD, 0x39, 0xE2, 0xEA, 0xA0, 0x9E, 0x19, 0x0A, 0x9E,
    0xC5, 0x9A, 0xEC, 0xE4, 0x8A, 0xF2, 0xC4, 0x86, 0x2B, 0x1A, 0xCF, 0x70, 0x62, 0x4C, 0x29, 0xF5,
    0xDD, 0xD8, 0x52, 0xEB, 0x10, 0x4F, 0x18, 0x20, 0x1B, 0x65, 0x7D, 0x2B, 0xA4, 0xE7, 0x3A, 0xD8,
    0x67, 0x36, 0xDE, 0xC0, 0x95, 0xC4, 0x71, 0xA1, 0xDC, 0x70, 0xFA, 0xC5, 0x98, 0xE0, 0xB4, 0x52,
    0x9F, 0x11, 0xEC, 0x43, 0xCD, 0x38, 0x42, 0xB0, 0x8F, 0xF2, 0xE8, 0x89, 0x82, 0xD8, 0xAF, 0xC2,
    0xF9, 0x89, 0x5B, 0x52, 0xFB, 0xBC, 0x6C, 0x3F, 0x80, 0xBD, 0x19, 0xF6, 0x06, 0x53, 0x78, 0xC0,
    0x61, 0x74, 0x89, 0xF8, 0x5D, 0xCA, 0x7B, 0x70, 0xFA, 0x1F, 0xD7, 0xB3, 0xAD, 0xA0, 0x18, 0xA6,
    0x51, 0x7E, 0x34, 0x50, 0x47, 0xA3, 0xBC, 0xDE, 0x08, 0xA7, 0x8F, 0x05, 0xEA, 0x97, 0xF4, 0xFD,
    0x75, 0x12, 0xBC, 0xBA, 0xFB, 0x6B, 0x1F, 0x1C, 0x9D, 0x65, 0x68, 0xD2, 0xFC, 0x81, 0xD6, 0xC3,
    0x7E, 0x58, 0x84, 0xC5, 0x26, 0xC6, 0x7D, 0x14, 0xCA, 0x03, 0xEF, 0x52, 0x07, 0xAA, 0x5B, 0x00,
    0xFB, 0xB1, 0x37, 0x0D, 0x60, 0x87, 0x76, 0xB8, 0x73, 0xB0, 0xA6, 0xE4, 0xCE, 0x81, 0xC6, 0xA3,
    0xA7, 0x05, 0x8D, 0x39, 0x42, 0x73, 0xD4, 0xF6, 0x20, 0x39, 0x47, 0x77, 0x8E, 0x38, 0xD7, 0xD9,
    0x06, 0x0E, 0xE1, 0x1E, 0x9B, 0x3E, 0x78, 0x01, 0xCC, 0x35, 0x63, 0x02, 0xDE, 0x94, 0x98, 0xFD,
    0xC5, 0xA5, 0x09, 0x40, 0x64, 0x88, 0x6A, 0x59, 0x6D, 0xE1, 0x37, 0x61, 0x45, 0x65, 0x71, 0xE5,
    0xF0, 0xE2, 0x4E, 0xFA, 0x0A, 0x51, 0xEA, 0x44, 0x64, 0x21, 0xAA, 0x18, 0xFB, 0x6C, 0xC8, 0x3C,
    0x6A, 0x87, 0x4A, 0xD1, 0x37, 0xC1, 0x10, 0xF0, 0x86, 0x6C, 0xF5, 0xCC, 0x13, 0x01, 0x3C, 0x0C,
    0xF2, 0x87, 0x31, 0xF5, 0xA3, 0xB4, 0xCF, 0x40, 0x5F, 0x43, 0xF2, 0xB1, 0xDF, 0x0A, 0x5A, 0x13,
    0x54, 0x7D, 0x15, 0x3F, 0xDE, 0xD0, 0x74, 0x17, 0x7E, 0x76, 0x00, 0xD3, 0xDF, 0x4D, 0xFA, 0xEF,
    0x4E, 0x99, 0xE7, 0x9E, 0xE6, 0x48, 0x2B, 0x04, 0xB8, 0x2B, 0xFE, 0x0F, 0x2B, 0x06, 0x97, 0xA7,
    0x6A, 0x33, 0xB0, 0x34, 0xEC, 0xD6, 0x30, 0x30, 0xB1, 0xE7, 0x1D, 0x9F, 0x0F, 0x8A, 0x3A, 0xFC,
    0xD5, 0xD9, 0x53, 0xCA, 0x3B, 0x3B, 0x5D, 0xF7, 0xCA, 0x2A, 0x3A, 0xFC, 0x61, 0xE0, 0xF0, 0xF2,
    0xE1, 0x54, 0x55, 0x55, 0x6C, 0x24, 0x67, 0x75, 0x45, 0x55, 0xF5, 0x6A, 0x34, 0xC3, 0x3F, 0x3E,
    0x3B, 0x89, 0xFD, 0xF2, 0xC4, 0x24, 0x10, 0x65, 0x69, 0xA2, 0x4B, 0x05, 0x62, 0x09, 0xA1, 0x2B,
    0xC4, 0x51, 0x10, 0xBA, 0x2E, 0x69, 0xF1, 0x7A, 0x71, 0x1E, 0xCD, 0x18, 0x69, 0xF4, 0x45, 0xDC,
    0xBC, 0x2B, 0x6A, 0xA9, 0x12, 0x0B, 0x01, 0x7D, 0x89, 0xF4, 0x15, 0x0B, 0x93, 0x11, 0x60, 0x23,
    0xD0, 0x49, 0xE1, 0x6C, 0x8D, 0x0D, 0x9B, 0x23, 0x6B, 0x50, 0x46, 0x73, 0x5E, 0x50, 0x6B, 0xE6,
    0x7E, 0xF7, 0x17, 0xE7, 0xBC, 0x7B, 0x27, 0xEC, 0xD7, 0x98, 0x3F, 0xB4, 0x5F, 0x98, 0x8B, 0x3F,
    0xD0, 0xA1, 0x60, 0xC6, 0x1F, 0xDA, 0xAF, 0x40, 0x8B, 0xAD, 0x82, 0x0E, 0x59, 0x0A, 0x3A, 0x64,
    0x29, 0xE8, 0x90, 0x1D, 0x07, 0x2D, 0xF1, 0xA7, 0xFC, 0x11, 0x7D, 0x99, 0xB4, 0x96, 0xEC, 0x0E,
    0xF9, 0x79, 0x7B, 0xED, 0x97, 0xCE, 0xA2, 0xD6, 0x7E, 0x85, 0xEF, 0x33, 0xFB, 0x65, 0xC3, 0xD1,
    0x1E, 0x75, 0xD5, 0x9F, 0x09, 0xF6, 0x89, 0xCE, 0xE3, 0x4B, 0x62, 0xBF, 0x52, 0xB0, 0xCC, 0xD8,
    0x2F, 0x44, 0x6A, 0xFB, 0xD4, 0x9B, 0xF3, 0x1D, 0xC1, 0xEB, 0xB1, 0xDF, 0xB0, 0xD8, 0x7B, 0x08,
    0xCA, 0x0D, 0xF6, 0xB4, 0x5F, 0x06, 0x7B, 0xDA, 0x2F, 0x8B, 0x3D, 0xEC, 0x57, 0x8B, 0xFD, 0x18,
    0xD8, 0x2F, 0x34, 0xC6, 0x7E, 0x11, 0x7B, 0x6B, 0xBF, 0x2C, 0x1A, 0x6F, 0xC6, 0x7E, 0x45, 0x7A,
    0x96, 0xB9, 0x0C, 0x88, 0x9A, 0x11, 0x08, 0x76, 0xBC, 0x27, 0x97, 0xB8, 0x41, 0x26, 0x6A, 0xE2,
    0x76, 0xF6, 0x6F, 0x6D, 0xD4, 0xEE, 0x91, 0xF1, 0xB8, 0xEF, 0x38, 0x10, 0xD4, 0xAB, 0x8E, 0x05,
    0xCC, 0x74, 0x2C, 0x0F, 0x82, 0x3C, 0xCC, 0x2D, 0x13, 0x22, 0x5E, 0x37, 0x0F, 0x8A, 0x11, 0x6D,
    0x59, 0x36, 0x2C, 0x22, 0x54, 0xDC, 0x98, 0x93, 0x96, 0x11, 0x1C, 0xD0, 0x53, 0x3E, 0xFC, 0xF9,
    0x14, 0xF7, 0xE7, 0x70, 0x25, 0xD8, 0xBE, 0xFE, 0xE2, 0xEE, 0x08, 0x56, 0x6A, 0x23, 0x28, 0xD6,
    0xFC, 0x6A, 0x30, 0x01, 0xF9, 0x01, 0x05, 0xDB, 0xC5, 0x08, 0x7B, 0x8E, 0xFC, 0xCD, 0xC9, 0x39,
    0x47, 0x94, 0x51, 0x87, 0x2B, 0x11, 0xC2, 0xBF, 0x39, 0x4F, 0xF0, 0x80, 0x19, 0x99, 0x32, 0x05,
    0xE9, 0xB8, 0xE2, 0x33, 0x6F, 0x75, 0x2A, 0xA1, 0x5A, 0xBE, 0xE4, 0x6A, 0x0F, 0x63, 0x84, 0x33,
    0x61, 0x2D, 0xC6, 0xEA, 0x44, 0xAB, 0x16, 0x7B, 0x78, 0xB3, 0x97, 0x39, 0x7B, 0xB8, 0x63, 0xD8,
    0x53, 0xB5, 0x0C, 0x70, 0xF6, 0xE8, 0x60, 0xAB, 0x1C, 0xEF, 0xAC, 0x76, 0x18, 0xC9, 0xA5, 0x76,
    0xC8, 0x7C, 0x3B, 0xD4, 0x8E, 0x51, 0x2E, 0xA6, 0x14, 0xDA, 0x11, 0x61, 0x9E, 0x91, 0x78, 0x77,
    0x5C, 0xA4, 0x75, 0x85, 0x76, 0x60, 0x21, 0x58, 0x0E, 0xA5, 0x7E, 0x30, 0x16, 0x53, 0x0B, 0xCA,
    0x6A, 0xFE, 0x1E, 0x4D, 0xB8, 0x81, 0x76, 0xFC, 0xF9, 0xED, 0xD1, 0x8E, 0xFC, 0x6D, 0xD2, 0x8E,
    0x85, 0xB3, 0x5A, 0x7F, 0xCD, 0x79, 0x0D, 0x61, 0x0E, 0x46, 0xC1, 0xD1, 0x1D, 0xD3, 0x0D, 0x84,
    0x32, 0x87, 0xEB, 0xCF, 0x90, 0xA8, 0x77, 0x1B, 0x51, 0x1D, 0x4F, 0x17, 0xDD, 0x0A, 0x96, 0x0E,
    0x9A, 0x33, 0x2A, 0xBA, 0x35, 0xE7, 0x0A, 0x6B, 0x5D, 0x74, 0x8C, 0x2F, 0x45, 0x7E, 0x88, 0x49,
    0x5E, 0x79, 0xF8, 0x91, 0x11, 0xA7, 0xD1, 0xE6, 0x03, 0x54, 0x76, 0x85, 0xD8, 0x65, 0x70, 0xCE,
    0x94, 0xF0, 0x8A, 0x78, 0x08, 0x27, 0xAD, 0x51, 0xEE, 0x2A, 0x3F, 0x2E, 0xFA, 0x8D, 0xF7, 0x50,
    0x6B, 0xCA, 0x87, 0x2C, 0x7F, 0x15, 0xA3, 0x56, 0x59, 0x84, 0x88, 0xB4, 0x0A, 0xF3, 0x54, 0x6D,
    0x44, 0xF9, 0x5A, 0x58, 0x30, 0xC5, 0xF9, 0x80, 0xAF, 0x0E, 0xA8, 0xAC, 0x4D, 0x76, 0xD4, 0xF5,
    0xA9, 0x55, 0x17, 0xBC, 0xE4, 0xAE, 0xBE, 0x14, 0xE5, 0x7B, 0x9F, 0x06, 0xE9, 0x87, 0x86, 0xC4,
    0xB8, 0xEA, 0xCD, 0x18, 0xB7, 0xAE, 0x71, 0x7D, 0x1D, 0x8A, 0x67, 0x2A, 0x09, 0xC5, 0xA3, 0x27,
    0x45, 0xBC, 0x9A, 0x36, 0x68, 0xD9, 0xB0, 0xC2, 0xE4, 0xBC, 0x02, 0x7F, 0x1B, 0xAF, 0x20, 0xB9,
    0x99, 0xC1, 0xC5, 0x7A, 0x05, 0x6F, 0x94, 0xCF, 0x4D, 0x8F, 0x0B, 0xA7, 0xB2, 0xDB, 0x29, 0xF7,
    0x99, 0x93, 0x7B, 0x53, 0x20, 0xA3, 0xDC, 0x77, 0x73, 0x27, 0xF7, 0x63, 0x27, 0xF7, 0x7E, 0xD5,
    0x7A, 0x85, 0xFC, 0x6A, 0xAF, 0x70, 0x8A, 0x72, 0xCF, 0x7D, 0x46, 0x35, 0xE5, 0x1E, 0x79, 0x04,
    0x1F, 0x06, 0xB9, 0x47, 0x6E, 0x01, 0x13, 0x45, 0x79, 0x06, 0x15, 0xEE, 0x0A, 0x85, 0x1C, 0x24,
    0x00, 0x53, 0x53, 0x93, 0x0B, 0x7B, 0x5B, 0xD7, 0xF7, 0x0F, 0x43, 0x47, 0xF5, 0x7A, 0x8E, 0x1A,
    0xCE, 0x7D, 0xD0, 0x86, 0x24, 0xD4, 0xAB, 0x8A, 0x72, 0x6F, 0x7C, 0x3D, 0xE5, 0x9E, 0x71, 0x51,
    0xA5, 0x28, 0xF7, 0x00, 0xEB, 0x0A, 0x57, 0x3F, 0xD7, 0xE4, 0xB9, 0x76, 0xEF, 0xD9, 0xF9, 0x5B,
    0xF3, 0x0A, 0xEF, 0xBA, 0x47, 0xF6, 0x90, 0x51, 0xFC, 0x96, 0x78, 0xE4, 0x88, 0x31, 0x50, 0x2E,
    0x1E, 0x99, 0x19, 0x45, 0x69, 0x3D, 0x72, 0xAC, 0xEA, 0x9B, 0x67, 0x14, 0x4F, 0xDE, 0x8D, 0xA5,
    0x7C, 0x94, 0xD4, 0x3F, 0x22, 0xB8, 0x5D, 0xFC, 0x3A, 0xB0, 0xF7, 0xFF, 0x14, 0x6B, 0x38, 0xF4,
    0x7D, 0x60, 0xEF, 0x7D, 0x04, 0x6B, 0xD8, 0xF7, 0xB7, 0x57, 0x63, 0xEF, 0x56, 0x80, 0x55, 0xDD,
    0xA7, 0xD4, 0x63, 0x06, 0xFB, 0xD1, 0xC9, 0xA5, 0xB1, 0xC1, 0x5E, 0x62, 0x16, 0x83, 0xFD, 0x67,
    0x4F, 0xBF, 0x4D, 0xD8, 0xB7, 0x1E, 0xD9, 0x6F, 0xBF, 0x15, 0x7F, 0x5C, 0xB4, 0xD8, 0x8F, 0xE7,
    0xD8, 0xB7, 0x3E, 0x26, 0x2E, 0xE6, 0xBE, 0xB8, 0x5D, 0xD5, 0xB8, 0xC5, 0x7E, 0x63, 0x8E, 0xBD,
    0x72, 0xD8, 0x47, 0x79, 0x8B, 0x7D, 0xB1, 0xD1, 0xE6, 0xD4, 0xA9, 0x84, 0xCD, 0x58, 0x32, 0xB0,
    0xEF, 0x42, 0xFE, 0x20, 0xCF, 0xF5, 0x50, 0x8D, 0x93, 0x2C, 0x2A, 0xC7, 0x6A, 0xAB, 0x56, 0x9F,
    0xF6, 0x95, 0xAF, 0x3E, 0xA2, 0x86, 0x2D, 0xCE, 0xBD, 0x9B, 0x50, 0xF7, 0x59, 0x45, 0x1A, 0x3A,
    0xA0, 0xEB, 0x61, 0x6F, 0xD5, 0x3E, 0xAC, 0xB6, 0x75, 0xC3, 0xB0, 0x40, 0x36, 0x27, 0x0B, 0x4C,
    0x5E, 0xAB, 0x12, 0x53, 0xA7, 0x38, 0x3E, 0x82, 0x75, 0x3F, 0x27, 0x90, 0x76, 0x10, 0x46, 0x74,
    0x68, 0x50, 0xCA, 0x08, 0xD8, 0x87, 0x33, 0x96, 0x65, 0x61, 0x85, 0x1A, 0x96, 0xD3, 0x9A, 0x06,
    0x14, 0x23, 0x51, 0xAD, 0xEE, 0xF6, 0x0B, 0x41, 0x83, 0xAE, 0xB9, 0x10, 0x23, 0x13, 0xD4, 0x62,
    0x4D, 0x89, 0xDA, 0x44, 0xF6, 0x2D, 0x48, 0x66, 0x5D, 0x8B, 0xAE, 0xA9, 0xB3, 0x11, 0xF1, 0xFB,
    0x75, 0x5B, 0x71, 0x7F, 0x9B, 0x35, 0x80, 0xDB, 0xA4, 0xFC, 0xC7, 0x19, 0x39, 0x1A, 0x8F, 0x69,
    0x7D, 0x64, 0x96, 0x13, 0xD0, 0x00, 0x53, 0xD8, 0x8A, 0xEE, 0xBF, 0x2A, 0x26, 0x75, 0x36, 0x62,
    0xF8, 0x7A, 0x74, 0x21, 0xD9, 0x55, 0xA8, 0x82, 0x6C, 0x45, 0xBC, 0xEE, 0x48, 0x05, 0xBB, 0xE2,
    0x75, 0x13, 0x7A, 0xE2, 0xF2, 0xCD, 0x59, 0x9F, 0x3D, 0x1A, 0x60, 0xF5, 0x12, 0xB8, 0x1D, 0x52,
    0xAA, 0x30, 0x6B, 0x4F, 0x72, 0xEC, 0x51, 0x34, 0x20, 0x98, 0x69, 0xA7, 0x01, 0x2C, 0x13, 0xBD,
    0x17, 0xAC, 0x8F, 0x27, 0x36, 0x1B, 0xD8, 0x3F, 0xF0, 0xA4, 0x06, 0xD7, 0x3F, 0x04, 0xEC, 0x3B,
    0x0C, 0x22, 0xB4, 0xBE, 0x50, 0x6E, 0xB0, 0x4A, 0x89, 0x7F, 0x5D, 0xAE, 0xD3, 0x91, 0xA1, 0xEA,
    0xBA, 0xE7, 0xA8, 0xE1, 0x10, 0x81, 0x47, 0xCE, 0x4A, 0x6B, 0xAF, 0xC6, 0xB8, 0x0C, 0x54, 0x95,
    0xD6, 0x09, 0x5C, 0x39, 0x12, 0xD9, 0x22, 0xAD, 0x43, 0xCD, 0xFA, 0x92, 0x26, 0xCE, 0x74, 0xEA,
    0xA3, 0x31, 0x29, 0x2E, 0xA8, 0x9B, 0xDD, 0x02, 0xF6, 0x61, 0xC5, 0x7C, 0x89, 0xD8, 0xC7, 0xAC,
    0x94, 0x0A, 0xF6, 0xAC, 0x4E, 0x18, 0xEC, 0xE5, 0xDA, 0x35, 0xD6, 0x87, 0xCF, 0x7A, 0x7B, 0xB0,
    0x5F, 0x70, 0x81, 0xA7, 0xD7, 0x46, 0xA3, 0x71, 0x1B, 0xA2, 0x22, 0xF6, 0x33, 0x19, 0x9D, 0x39,
    0x95, 0xC2, 0xE6, 0xC4, 0xEE, 0x18, 0xFF, 0xDE, 0x6D, 0xF3, 0xE0, 0x1D, 0x97, 0x07, 0x7B, 0x76,
    0xEB, 0x89, 0x0A, 0x4A, 0x67, 0x73, 0x3E, 0xF5, 0xCA, 0x99, 0xA7, 0x94, 0xFA, 0xF5, 0x33, 0x4F,
    0xFF, 0xB3, 0x76, 0x9F, 0xE9, 0x9C, 0x1A, 0x35, 0xFC, 0xF3, 0x1C, 0x14, 0xB3, 0xFB, 0x3C, 0x62,
    0x82, 0xEE, 0x45, 0xFE, 0x7A, 0x11, 0xB8, 0xC7, 0xDF, 0xC5, 0xB5, 0x81, 0xD4, 0x09, 0xB4, 0xA5,
    0x8A, 0xA8, 0xA5, 0x02, 0x47, 0x65, 0x2D, 0x25, 0x41, 0xD6, 0xE4, 0xF7, 0x25, 0xB0, 0x00, 0xCB,
    0xD2, 0xB4, 0xC3, 0x8D, 0x85, 0xBA, 0x49, 0x5B, 0x69, 0xEF, 0xB9, 0xD8, 0x47, 0x35, 0xCB, 0xB2,
    0x56, 0xE0, 0xCE, 0x42, 0xB4, 0xCE, 0x90, 0x03, 0xFA, 0x15, 0xA2, 0x2F, 0x16, 0xF4, 0x79, 0x4C,
    0x82, 0xD5, 0x33, 0x6D, 0x45, 0x0C, 0xD4, 0xEE, 0x68, 0xBE, 0xCB, 0x3D, 0x3B, 0x9F, 0xA3, 0x31,
    0x47, 0xC8, 0xA0, 0x36, 0xBD, 0x1A, 0xC9, 0x39, 0xBA, 0x44, 0xFC, 0xE4, 0xBB, 0xE0, 0x75, 0x8F,
    0x91, 0x8D, 0x2F, 0xD0, 0xE6, 0x48, 0xB4, 0xAE, 0x61, 0x73, 0x5C, 0x16, 0x5F, 0xF7, 0xEE, 0x32,
    0xE3, 0xCA, 0xAB, 0x6C, 0xCE, 0x12, 0x66, 0x5C, 0x12, 0xAB, 0x82, 0xC5, 0x79, 0x5A, 0x64, 0xFC,
    0xCF, 0x70, 0xF3, 0x0F, 0xC4, 0xE6, 0xB0, 0x3C, 0x11, 0x09, 0xC5, 0x53, 0xB1, 0xA0, 0x79, 0xA3,
    0x36, 0x67, 0x5F, 0x6B, 0x73, 0x56, 0x8D, 0xDC, 0x4B, 0x04, 0x6C, 0xEC, 0xA5, 0x44, 0xA0, 0x26,
    0xE2, 0x59, 0xA8, 0x8D, 0xDC, 0x8B, 0x56, 0x88, 0xDC, 0xC7, 0xFA, 0xA5, 0xF7, 0x43, 0xC4, 0x33,
    0xB7, 0xF7, 0x74, 0x7F, 0x3B, 0xCA, 0x46, 0x9B, 0xBE, 0xA9, 0xFF, 0xD8, 0x4A, 0x76, 0xBA, 0x97,
    0xB2, 0x15, 0x6F, 0x1B, 0x6D, 0xF6, 0xD4, 0x9B, 0xB3, 0xF7, 0xA1, 0x48, 0x22, 0xB1, 0x97, 0x24,
    0xA7, 0xC5, 0x5E, 0xB5, 0xD8, 0xBF, 0xFF, 0xA3, 0xCD, 0xEB, 0xF9, 0xDA, 0xAE, 0x96, 0x58, 0x1E,
    0xD8, 0x5B, 0xEA, 0xA6, 0x55, 0x9F, 0x37, 0x8E, 0x7D, 0x2C, 0x39, 0x2C, 0xB1, 0x37, 0xD4, 0xFF,
    0x1B, 0xEC, 0x3D, 0xCE, 0x1C, 0x8F, 0x81, 0x7D, 0xFC, 0x32, 0x95, 0x7A, 0x94, 0xD7, 0xBD, 0xC3,
    0x66, 0xBE, 0xE2, 0x2A, 0x9B, 0xD3, 0xE1, 0x49, 0x27, 0x6B, 0x6F, 0xBE, 0x78, 0x58, 0xB1, 0x2F,
    0x7F, 0x32, 0x51, 0xDE, 0x1F, 0x0A, 0xC5, 0x6C, 0xCC, 0xD8, 0x1C, 0x9E, 0x9F, 0xBF, 0x71, 0x9B,
    0xE3, 0xE2, 0x1C, 0xE6, 0xB0, 0x82, 0x7D, 0x48, 0xA3, 0x2C, 0xD8, 0x77, 0x4F, 0x22, 0xE0, 0x14,
    0xEC, 0xEF, 0x51, 0x5E, 0xFE, 0x76, 0x60, 0xEF, 0xB1, 0x46, 0x91, 0x9B, 0xEE, 0x02, 0xF7, 0x6D,
    0x74, 0xC9, 0xDD, 0x91, 0xB4, 0xB3, 0xA4, 0x7D, 0x37, 0xF3, 0xF6, 0xAA, 0x7B, 0x9A, 0x39, 0x2E,
    0xC5, 0x0A, 0x82, 0xD2, 0x84, 0x8C, 0x3B, 0x4A, 0xCE, 0xFC, 0x05, 0xFB, 0x28, 0xF3, 0x4B, 0x8B,
    0xBD, 0x52, 0x55, 0x8B, 0x7D, 0x65, 0xB0, 0xEF, 0x5A, 0xCA, 0xAB, 0xBB, 0xB6, 0x5B, 0x42, 0xD5,
    0x83, 0xDC, 0xD6, 0x1C, 0x86, 0xCF, 0x36, 0x66, 0x4B, 0xC0, 0xDE, 0xD5, 0x69, 0xD3, 0xFA, 0xE0,
    0xA9, 0x5B, 0x94, 0xFB, 0x11, 0xF3, 0x85, 0x31, 0xB3, 0x2C, 0xCD, 0x92, 0xDD, 0x94, 0xD8, 0xE7,
    0x0B, 0xC8, 0x17, 0xEE, 0xBC, 0x85, 0x18, 0x73, 0x2E, 0xF7, 0x1E, 0xE2, 0x27, 0x83, 0x7D, 0xCC,
    0x68, 0x44, 0xB0, 0xEF, 0x66, 0xF0, 0xAA, 0x82, 0xFD, 0x3E, 0xA5, 0xB2, 0xF7, 0x8C, 0xDC, 0x7B,
    0x82, 0x7D, 0x2C, 0x91, 0x0F, 0x6D, 0xCE, 0x71, 0x49, 0xD0, 0x20, 0xF7, 0xE6, 0x6C, 0x62, 0x94,
    0xD5, 0xBD, 0xD8, 0x1E, 0x5E, 0x0C, 0x87, 0xFB, 0x6C, 0x37, 0x40, 0xEF, 0x96, 0x2D, 0x8D, 0x57,
    0xC6, 0x2A, 0xB4, 0xD1, 0x3F, 0x62, 0xD1, 0x9F, 0x4D, 0x28, 0xF7, 0x9D, 0x46, 0xA2, 0xFF, 0x37,
    0x12, 0xDF, 0x5F, 0xCF, 0xE6, 0xC4, 0x6D, 0x8C, 0x19, 0x91, 0x7A, 0xB7, 0x6C, 0x8E, 0xBA, 0x0E,
    0xF6, 0xCC, 0x70, 0xFD, 0xC2, 0x61, 0xDF, 0xB1, 0x9D, 0x3E, 0x61, 0x31, 0x71, 0xD8, 0x3F, 0x58,
    0x39, 0x9B, 0x63, 0xEA, 0x89, 0x27, 0x89, 0xBD, 0x54, 0x71, 0x2A, 0xDA, 0x7B, 0x5B, 0xC5, 0x31,
    0x67, 0xC5, 0xAC, 0xE2, 0x98, 0xB3, 0xE2, 0x68, 0x17, 0x3A, 0xD6, 0x56, 0x71, 0xFA, 0xFF, 0x77,
    0x15, 0xC7, 0x52, 0xA3, 0x4C, 0x28, 0x3F, 0xF3, 0x90, 0x07, 0x48, 0x57, 0x49, 0x13, 0xE8, 0x6A,
    0x1F, 0xB1, 0xF7, 0xFA, 0x08, 0x46, 0x4D, 0x51, 0x3B, 0x05, 0xD5, 0x08, 0xF6, 0x3C, 0xF9, 0x1A,
    0x27, 0x8E, 0x9A, 0x08, 0xF6, 0x29, 0xD4, 0x65, 0x2C, 0xD8, 0xAF, 0xFA, 0x2C, 0x32, 0xF3, 0xA9,
    0x3B, 0xBC, 0x97, 0x12, 0x16, 0x36, 0x21, 0x1B, 0x60, 0x4E, 0xF0, 0x19, 0x62, 0xA8, 0x92, 0xBC,
    0x3D, 0x6F, 0x6C, 0x5C, 0x8B, 0x93, 0xA0, 0x66, 0xCF, 0x5A, 0x5A, 0x24, 0xE7, 0xF5, 0x83, 0x3D,
    0x55, 0xFE, 0xDB, 0x2C, 0xF7, 0x52, 0x11, 0xCE, 0x29, 0xF7, 0x9A, 0x67, 0x3C, 0xD8, 0x4F, 0x7C,
    0xBF, 0x60, 0xBF, 0x7A, 0x73, 0x5F, 0x6B, 0xEE, 0xBD, 0xDA, 0xD7, 0x8E, 0xA3, 0x22, 0xCE, 0x77,
    0x88, 0xEE, 0x1D, 0x1E, 0x94, 0xE7, 0x8E, 0x37, 0x56, 0xD9, 0x09, 0x2B, 0x57, 0xD9, 0x09, 0x27,
    0x6D, 0x65, 0x27, 0x6D, 0xE5, 0x7E, 0xE2, 0xE4, 0x5E, 0x22, 0x54, 0x23, 0xF7, 0x69, 0x2B, 0xF7,
    0x2B, 0xAD, 0xAF, 0xED, 0x3B, 0x5F, 0x1B, 0xB6, 0xB9, 0xD5, 0x42, 0x7E, 0x5B, 0x72, 0xAB, 0xD7,
    0x61, 0x1F, 0xB7, 0x77, 0x8C, 0xDC, 0x2C, 0x41, 0x3B, 0xB3, 0xC9, 0x26, 0xF8, 0xB4, 0xCD, 0xD7,
    0x63, 0x6F, 0x3B, 0x3E, 0xC0, 0xFE, 0xE0, 0x46, 0xBE, 0x36, 0xD0, 0xB0, 0x39, 0xE2, 0x33, 0x92,
    0xFB, 0x69, 0x73, 0xB8, 0xB9, 0x75, 0xFC, 0x57, 0xF7, 0xD5, 0x48, 0xA9, 0xC7, 0xFA, 0x77, 0xA9,
    0xE1, 0x36, 0xFB, 0x73, 0xB6, 0xF4, 0x21, 0xD5, 0x6B, 0xD4, 0xC2, 0x44, 0xA8, 0x7E, 0xCD, 0x5E,
    0xB8, 0xC7, 0x8E, 0xDF, 0x05, 0x74, 0xA3, 0x6A, 0x9F, 0xDC, 0x91, 0xD6, 0xFB, 0xCD, 0x2C, 0x96,
    0x0B, 0xAC, 0xC8, 0x5D, 0xDF, 0xD7, 0xFA, 0xA7, 0xF9, 0xF7, 0x51, 0x60, 0x0F, 0x99, 0xFB, 0xD2,
    0x23, 0xB0, 0xDF, 0xB0, 0x75, 0x26, 0xB9, 0x7B, 0xBC, 0x5E, 0x0B, 0xF5, 0x73, 0x67, 0xBF, 0xD6,
    0xD5, 0x0F, 0x94, 0x31, 0x94, 0x24, 0x00, 0xDF, 0x83, 0x22, 0x7A, 0x5C, 0x28, 0x48, 0x4E, 0x50,
    0x0E, 0x48, 0x35, 0x1D, 0xB6, 0xA9, 0x91, 0x2A, 0xC1, 0x88, 0x7E, 0x40, 0x8A, 0xB9, 0x55, 0x47,
    0x81, 0x4A, 0x89, 0x46, 0x54, 0xD6, 0x9E, 0x4A, 0x99, 0x5B, 0x79, 0x13, 0x2C, 0xE2, 0xE3, 0x82,
    0x7D, 0xD7, 0xD4, 0x3C, 0xB8, 0xFB, 0x99, 0x4D, 0xB7, 0xD8, 0xDF, 0x37, 0xB2, 0xD8, 0x7B, 0xED,
    0xA9, 0xEF, 0x3B, 0xCD, 0x05, 0xD1, 0x80, 0xD5, 0x3D, 0x1A, 0x20, 0xFA, 0xB1, 0x42, 0x2E, 0xD8,
    0x73, 0x12, 0x70, 0x21, 0x61, 0x9C, 0x53, 0x92, 0x0B, 0x4C, 0x3D, 0x71, 0x1D, 0xD6, 0x47, 0x0D,
    0xCA, 0xA4, 0x11, 0x69, 0x5F, 0x9A, 0x65, 0x0B, 0x48, 0x12, 0x61, 0xEF, 0xB5, 0x39, 0x9C, 0x62,
    0xDD, 0xC7, 0xCC, 0x72, 0x7D, 0x2E, 0x78, 0x4F, 0xF1, 0xEF, 0x6F, 0x82, 0x0B, 0xA1, 0xDE, 0xFD,
    0xD2, 0x23, 0x23, 0x9D, 0xB5, 0x5C, 0xC8, 0x2D, 0x17, 0x3A, 0x2D, 0x17, 0x3A, 0x2D, 0x17, 0x3A,
    0x53, 0x9E, 0xF4, 0x8E, 0x48, 0xD1, 0x46, 0x09, 0x17, 0x3A, 0x2D, 0x17, 0x3A, 0x99, 0xE3, 0xC2,
    0x4A, 0xD8, 0x72, 0xA1, 0xE3, 0xB8, 0xB0, 0x39, 0xE7, 0x42, 0xE5, 0xB8, 0x30, 0x6B, 0xB9, 0x60,
    0xC1, 0xF1, 0x46, 0x57, 0xD4, 0xCF, 0x71, 0xCC, 0x7F, 0xBD, 0xFA, 0xDA, 0x9C, 0x5A, 0x95, 0xF0,
    0x94, 0x54, 0x87, 0x95, 0x1D, 0xA1, 0x78, 0x8C, 0x6F, 0x4E, 0xE3, 0x7D, 0x9D, 0xC5, 0xA6, 0xA1,
    0x10, 0xCA, 0x91, 0x4C, 0x25, 0xEE, 0x44, 0xA2, 0x16, 0x99, 0xDE, 0x4B, 0x40, 0xC1, 0xBE, 0x3A,
    0xDA, 0xA1, 0x6D, 0x96, 0x1A, 0x6E, 0xEC, 0x7F, 0x47, 0x8D, 0xB5, 0x43, 0x11, 0xCD, 0xBE, 0xD8,
    0xA1, 0x41, 0xBE, 0x64, 0x63, 0x9F, 0x6D, 0x4C, 0xF1, 0x8E, 0xF9, 0xDF, 0x71, 0xCF, 0x61, 0xAF,
    0x1B, 0xFB, 0xB4, 0xC1, 0x41, 0x76, 0x96, 0x70, 0x05, 0x5A, 0x49, 0xA3, 0x1E, 0xB0, 0x7F, 0xD1,
    0x1C, 0x17, 0x01, 0xFB, 0x0B, 0xC5, 0xA2, 0xC5, 0xFE, 0x21, 0x73, 0x0D, 0xD8, 0xC7, 0x66, 0x1C,
    0xB0, 0x5F, 0x3C, 0xF8, 0x44, 0x6E, 0xB1, 0x1F, 0x35, 0x0E, 0xFB, 0x7A, 0xFB, 0xD6, 0xB0, 0x5F,
    0x36, 0x47, 0x4A, 0xAC, 0x6D, 0x82, 0xD7, 0x83, 0xC2, 0x76, 0x42, 0x04, 0xA6, 0xFF, 0x01, 0x88,
    0xB7, 0xD8, 0x67, 0xF1, 0xEB, 0xB0, 0x9F, 0xEE, 0xC5, 0xBE, 0x7A, 0x4F, 0x60, 0x7F, 0x8B, 0x72,
    0x5F, 0x9B, 0xCA, 0x09, 0xE5, 0x9E, 0x61, 0xA4, 0xA9, 0x2B, 0x73, 0x60, 0x54, 0x03, 0x7B, 0xCF,
    0x9C, 0xE1, 0x02, 0x7B, 0x63, 0x9C, 0xD6, 0xE8, 0x03, 0x32, 0x73, 0xDA, 0xBE, 0xA7, 0xCE, 0xB0,
    0xDD, 0xD6, 0x19, 0x9A, 0x37, 0x51, 0x67, 0x38, 0xDC, 0x5A, 0x9F, 0xA4, 0xCD, 0xB7, 0xCC, 0x09,
    0x1B, 0xB1, 0x7F, 0xD6, 0xE8, 0x23, 0x78, 0x7E, 0xD9, 0x66, 0x1D, 0xCB, 0x7E, 0xF9, 0x1A, 0x4F,
    0xB0, 0x80, 0x7D, 0x50, 0x0C, 0x18, 0xE4, 0x00, 0xFB, 0x27, 0xF3, 0x4D, 0x3E, 0x06, 0xD8, 0xFF,
    0x90, 0x4D, 0xAB, 0x47, 0x89, 0xBD, 0x56, 0x8B, 0x6D, 0xBE, 0x15, 0xDB, 0xA8, 0xCF, 0x84, 0xD2,
    0xEC, 0x46, 0x88, 0x45, 0x24, 0x06, 0x72, 0x78, 0xD1, 0xB7, 0xA8, 0x79, 0xBA, 0x45, 0xF2, 0xDE,
    0xAB, 0xB0, 0xCF, 0x9C, 0xF5, 0x71, 0x7D, 0x4D, 0xD2, 0xE1, 0x62, 0xBB, 0xB3, 0xF0, 0xED, 0x31,
    0x23, 0x8F, 0x54, 0x6B, 0x4F, 0x2B, 0x77, 0x4A, 0xC9, 0xBE, 0x5B, 0x65, 0x31, 0x96, 0x12, 0x7D,
    0x5C, 0x34, 0x94, 0x94, 0x73, 0x22, 0xED, 0xEC, 0x56, 0x62, 0x4B, 0x19, 0xA2, 0x05, 0x78, 0x88,
    0x89, 0xB8, 0x09, 0xC8, 0x64, 0xE5, 0x57, 0x2C, 0x76, 0xF2, 0x40, 0x71, 0x2B, 0x60, 0x2D, 0xB7,
    0x75, 0x0C, 0xAA, 0x51, 0xAE, 0x6F, 0x95, 0xF7, 0xCC, 0x7B, 0x12, 0x5A, 0x72, 0x03, 0x3B, 0x5E,
    0xCC, 0xB6, 0x82, 0xFC, 0x73, 0xD2, 0x2E, 0x1C, 0xEB, 0x86, 0x75, 0xE5, 0x84, 0x87, 0x81, 0x58,
    0x2C, 0xCC, 0x6A, 0xAC, 0xDA, 0x8A, 0xE5, 0x8D, 0xC8, 0x23, 0x82, 0x18, 0x84, 0x21, 0x56, 0xC9,
    0x98, 0xE7, 0x00, 0xD1, 0x14, 0x96, 0x38, 0xD1, 0x33, 0x9E, 0x86, 0x5C, 0x82, 0x63, 0x87, 0x07,
    0xAD, 0x0F, 0xBE, 0x14, 0x9C, 0x9F, 0xC4, 0xF0, 0xEB, 0x7E, 0xA9, 0xF5, 0xF9, 0x0A, 0xEB, 0x5A,
    0x57, 0xC1, 0xC5, 0x26, 0x6C, 0x6A, 0x39, 0x42, 0x0E, 0x9F, 0xC8, 0xD4, 0x63, 0x88, 0x88, 0xE1,
    0xF0, 0x44, 0x79, 0xFB, 0x58, 0x43, 0xCF, 0x98, 0x56, 0xEC, 0xA1, 0xD8, 0x32, 0x5B, 0xE2, 0xCE,
    0xF6, 0x90, 0xFD, 0xC3, 0x86, 0x3C, 0x12, 0xE6, 0x1D, 0x7D, 0x89, 0xB7, 0x9D, 0x40, 0xDA, 0x10,
    0xFD, 0x17, 0x65, 0x5A, 0x0D, 0xFE, 0x47, 0xFA, 0xB1, 0x00, 0xF5, 0xD2, 0xD8, 0x35, 0x90, 0xB6,
    0x1D, 0x0E, 0x88, 0x53, 0x5F, 0x70, 0xC7, 0x4F, 0x23, 0x7D, 0x6A, 0xCE, 0x20, 0x53, 0x8E, 0x6C,
    0xF9, 0xD3, 0x6D, 0xD9, 0xD3, 0x72, 0xC7, 0x9C, 0x2B, 0x93, 0x39, 0x26, 0x8B, 0xE2, 0x11, 0xF3,
    0xE6, 0xB5, 0xD5, 0x92, 0xA8, 0x00, 0x17, 0x86, 0x04, 0x27, 0x28, 0x91, 0x2F, 0xD7, 0xBC, 0xCD,
    0x83, 0x7E, 0xC8, 0xF3, 0x75, 0xDE, 0xD8, 0x73, 0xE0, 0xA5, 0xA2, 0x3F, 0x67, 0x8A, 0xEB, 0x31,
    0x55, 0xAB, 0x2D, 0xB6, 0xCB, 0xE9, 0x3E, 0x87, 0x72, 0xBA, 0xC2, 0x07, 0x75, 0x48, 0x0D, 0xD8,
    0x57, 0x0E, 0xF7, 0x16, 0xA7, 0xFA, 0x01, 0x2C, 0x58, 0x83, 0xDA, 0xFC, 0xDE, 0x79, 0x56, 0x9F,
    0x41, 0x75, 0xCF, 0xD7, 0x5A, 0xDA, 0xC0, 0xE3, 0x8E, 0x1A, 0xDE, 0x23, 0xAD, 0xE3, 0xCB, 0x6B,
    0xCA, 0xFA, 0x9E, 0xD5, 0xD4, 0xF1, 0x2D, 0xED, 0x39, 0x19, 0xE8, 0x6F, 0x39, 0xAA, 0xD9, 0x52,
    0x91, 0xF5, 0x55, 0xBC, 0xD6, 0x99, 0x52, 0x63, 0xC0, 0x13, 0x8F, 0x75, 0xCF, 0xA8, 0x48, 0xD5,
    0x72, 0x58, 0x05, 0xAC, 0x85, 0x76, 0x32, 0x76, 0x01, 0x6E, 0x63, 0x41, 0x11, 0x8F, 0x1E, 0xD4,
    0x1D, 0x44, 0xE3, 0xCC, 0xB8, 0x95, 0xDF, 0x41, 0xEE, 0x50, 0x8B, 0xE6, 0x92, 0x3E, 0x72, 0xE8,
    0x12, 0xFC, 0x53, 0x6F, 0xDD, 0x32, 0x49, 0xA3, 0x80, 0x58, 0xA6, 0x65, 0x0A, 0xB9, 0x78, 0xE4,
    0x1D, 0x2A, 0x01, 0x2D, 0x13, 0x35, 0xE8, 0x9C, 0xB1, 0x4D, 0xEC, 0x91, 0x6F, 0x3D, 0xB2, 0x77,
    0xAD, 0x47, 0x8E, 0x64, 0xF3, 0xF4, 0xC8, 0xA6, 0xCD, 0x81, 0x5E, 0x61, 0x4D, 0xE4, 0x0E, 0x5E,
    0xE1, 0x97, 0x61, 0xA3, 0x66, 0x52, 0x7D, 0xEE, 0xD2, 0x03, 0x94, 0xB7, 0x50, 0x85, 0x5B, 0x90,
    0x6D, 0x30, 0x2E, 0xDA, 0xCC, 0x96, 0x4A, 0xB1, 0x4C, 0x9E, 0x74, 0x33, 0xD0, 0x32, 0x31, 0x31,
    0x3C, 0x32, 0xAF, 0xC2, 0x89, 0x57, 0x90, 0x9E, 0x92, 0x9C, 0x5E, 0xA1, 0x23, 0xF5, 0x38, 0x7A,
    0x85, 0x6E, 0xDB, 0x67, 0x62, 0x28, 0xCA, 0x55, 0x47, 0x67, 0x4B, 0xBA, 0xA0, 0x65, 0xE2, 0x2B,
    0x11, 0x83, 0xF7, 0x6C, 0x05, 0x94, 0x0E, 0xE2, 0x9C, 0x60, 0x0F, 0x07, 0xE9, 0x99, 0xEE, 0x43,
    0x39, 0x5D, 0x95, 0x1E, 0x9F, 0x70, 0xEA, 0xAA, 0xCF, 0x74, 0x9F, 0xC6, 0x17, 0xA8, 0xAD, 0x1B,
    0x57, 0x9A, 0xF7, 0x52, 0x82, 0x5F, 0x45, 0xEC, 0xED, 0x31, 0x2B, 0x62, 0xD2, 0x1F, 0x07, 0xF8,
    0x6C, 0xB0, 0xC7, 0xE7, 0x02, 0xA9, 0x58, 0x7A, 0x7C, 0xE4, 0x03, 0xEC, 0x7D, 0xB9, 0xB6, 0x48,
    0xEC, 0x65, 0x5C, 0x4A, 0xEC, 0xA5, 0xDB, 0xA7, 0x21, 0xF6, 0x0B, 0x67, 0xF0, 0xC9, 0xDE, 0xC5,
    0x0A, 0x68, 0x30, 0xAF, 0x46, 0x14, 0xAE, 0x91, 0x77, 0x73, 0x5E, 0x8D, 0x98, 0xE7, 0x03, 0x3C,
    0x3A, 0xF1, 0xE9, 0xCE, 0x8A, 0xA9, 0xBC, 0x4C, 0xD1, 0x56, 0x23, 0x06, 0x8C, 0x86, 0x8C, 0x49,
    0xBB, 0x50, 0x6E, 0x1C, 0x31, 0x8F, 0x7C, 0x0E, 0xD8, 0xDB, 0x1A, 0x67, 0xDD, 0xF7, 0x78, 0x1C,
    0x8D, 0x25, 0x34, 0xDB, 0xC1, 0x4F, 0x10, 0x2F, 0x8E, 0x07, 0x6A, 0xBB, 0xF1, 0xFE, 0xEA, 0x25,
    0x48, 0xEC, 0x17, 0x98, 0x0F, 0xFC, 0x2E, 0xD3, 0xB7, 0xCF, 0x13, 0x5D, 0xA1, 0x7A, 0xA4, 0x9E,
    0x21, 0xB5, 0x6E, 0xA8, 0xFD, 0x99, 0xA5, 0x5E, 0xD4, 0xB3, 0xDE, 0x3A, 0xB1, 0x7F, 0x46, 0xFF,
    0xE7, 0xD9, 0xF1, 0xBA, 0xEA, 0x6D, 0xAB, 0x67, 0xE0, 0xC3, 0x41, 0x41, 0xEE, 0x79, 0x07, 0xBE,
    0xAD, 0x2D, 0x95, 0xAA, 0x7A, 0x4D, 0x5D, 0x66, 0xFF, 0x4D, 0xCA, 0x37, 0xB9, 0x0C, 0x85, 0x7C,
    0x20, 0x37, 0x14, 0xAB, 0x56, 0x86, 0x4A, 0x20, 0x27, 0x97, 0x67, 0x59, 0x34, 0xE6, 0xF9, 0xD9,
    0xCE, 0x65, 0xB9, 0x97, 0xF9, 0x00, 0xA9, 0x75, 0x51, 0xC9, 0xE7, 0x00, 0xC4, 0x76, 0x47, 0x7A,
    0x81, 0xA6, 0xE4, 0x4B, 0x9F, 0x80, 0x24, 0xB9, 0x78, 0x47, 0xD8, 0x85, 0xE0, 0x95, 0xB3, 0xA2,
    0x7E, 0x31, 0x5B, 0x9E, 0x66, 0xCC, 0x08, 0x58, 0x2B, 0x54, 0xB6, 0xCC, 0xF8, 0x2E, 0x69, 0x80,
    0x89, 0x81, 0x6C, 0x4D, 0xC8, 0xD7, 0x37, 0x7C, 0x7F, 0xE0, 0xD6, 0xCE, 0x5A, 0x6E, 0x74, 0x06,
    0x20, 0x19, 0x11, 0xEB, 0x71, 0x81, 0x6C, 0x8D, 0x75, 0x89, 0x58, 0x0C, 0x30, 0x63, 0xD2, 0x6E,
    0x7B, 0xE6, 0xDB, 0x6D, 0xCF, 0x7C, 0xE7, 0xDD, 0x3E, 0x72, 0x4D, 0x62, 0x52, 0x9E, 0x54, 0x1B,
    0xAF, 0x26, 0x55, 0x6A, 0xA3, 0x01, 0x1F, 0xFE, 0xE4, 0x6D, 0xD0, 0x00, 0x75, 0xAC, 0x4D, 0x8E,
    0x23, 0x51, 0x5B, 0xE3, 0x23, 0x5E, 0x3C, 0xF4, 0x03, 0xC3, 0x9B, 0x70, 0xF2, 0xE5, 0x43, 0x17,
    0xBB, 0xA6, 0xBA, 0xFC, 0x47, 0x20, 0x3F, 0x66, 0x6A, 0x97, 0x87, 0x40, 0x1E, 0x95, 0x14, 0xF6,
    0xC7, 0x42, 0xFE, 0x10, 0xCF, 0x8B, 0x2E, 0x08, 0x79, 0x91, 0xAD, 0x0D, 0x86, 0xBC, 0xC0, 0xDC,
    0xD0, 0x92, 0x78, 0x4A, 0xDF, 0x92, 0x80, 0x60, 0x72, 0xE1, 0x2E, 0x90, 0xF7, 0x5D, 0xD8, 0x24,
    0xA9, 0xFF, 0xF5, 0xD0, 0x45, 0x7D, 0xA1, 0xC3, 0x57, 0xD3, 0xFE, 0x05, 0xC1, 0xE7, 0x97, 0xD9,
    0xB7, 0x5F, 0x6C, 0xC2, 0x56, 0xAF, 0xA9, 0x1D, 0x08, 0x21, 0x1C, 0x9E, 0xFC, 0xC7, 0x2A, 0xF7,
    0x36, 0xD2, 0xDE, 0x75, 0xB5, 0x16, 0x00, 0x9E, 0xA1, 0x90, 0xCB, 0x20, 0xF3, 0x6D, 0x19, 0xC0,
    0xAB, 0x88, 0x60, 0x7A, 0x70, 0xAD, 0x29, 0x07, 0x6C, 0xC2, 0xF5, 0xCB, 0x3B, 0x36, 0xE1, 0x6E,
    0x0C, 0xF8, 0x02, 0x5D, 0x9F, 0x2D, 0xBA, 0x9D, 0x6F, 0x73, 0xD5, 0xA3, 0x27, 0x26, 0xE3, 0x13,
    0x87, 0x6B, 0x69, 0xE0, 0x8E, 0x3F, 0x3F, 0xF9, 0x9B, 0x43, 0xDB, 0x62, 0xE4, 0xD6, 0xEE, 0xFB,
    0xEF, 0x67, 0x0F, 0xA7, 0xA6, 0xC2, 0xF1, 0x3B, 0xFF, 0xFE, 0xF5, 0x4F, 0x20, 0x6A, 0xC0, 0x8D,
    0xCD, 0x5F, 0xFE, 0xDB, 0xEF, 0x5D, 0x7C, 0xA8, 0x08, 0xE1, 0x13, 0xCA, 0xEF, 0xFD, 0xC5, 0xFA,
    0xF3, 0x45, 0x13, 0xE9, 0x32, 0x79, 0xF0, 0x3B, 0x69, 0xFA, 0x4C, 0x81, 0xCC, 0xBA, 0xDA, 0x09,
    0x7E, 0x25, 0x5D, 0x3B, 0xAA, 0xE2, 0x48, 0x43, 0x0B, 0x0E, 0x0D, 0xE1, 0xBD, 0x82, 0x8B, 0xFA,
    0x7B, 0x0C, 0x09, 0xF9, 0xC2, 0xDF, 0x05, 0xFD, 0x9D, 0xCC, 0xBE, 0x6D, 0x57, 0xCD, 0x62, 0x79,
    0xE3, 0xAE, 0x61, 0x19, 0x3E, 0x96, 0x20, 0x62, 0xD3, 0x92, 0x8C, 0xDB, 0xCA, 0x40, 0xBF, 0x8A,
    0x67, 0x54, 0x54, 0x8E, 0xD1, 0x59, 0xFD, 0xB3, 0x99, 0xB8, 0x69, 0x2A, 0x95, 0xB4, 0x57, 0xBE,
    0x35, 0x45, 0x59, 0x62, 0x4D, 0xE1, 0x8B, 0x54, 0x14, 0x79, 0x81, 0x6C, 0x0C, 0x45, 0x79, 0xDE,
    0x98, 0x26, 0x28, 0xCA, 0x79, 0x73, 0x0A, 0x7B, 0x43, 0x57, 0x21, 0xB5, 0x23, 0xCF, 0xBC, 0x68,
    0xA3, 0x8C, 0xA2, 0x58, 0x95, 0x31, 0x8A, 0x42, 0xA7, 0x61, 0xDB, 0xE2, 0x6C, 0xDA, 0x60, 0x5C,
    0x4A, 0x6A, 0xDE, 0x3B, 0x3A, 0x77, 0x4B, 0x8A, 0xC2, 0x08, 0xDC, 0x14, 0xAE, 0x7F, 0xB2, 0x6D,
    0x15, 0xC5, 0x2F, 0x56, 0x6C, 0x01, 0x2F, 0xC8, 0x0F, 0xDB, 0x02, 0x9E, 0xA8, 0x91, 0x28, 0x8A,
    0x50, 0xA2, 0x28, 0x42, 0x99, 0xC6, 0x14, 0x52, 0xA2, 0x28, 0x42, 0x89, 0xA2, 0x04, 0x3C, 0x3E,
    0x12, 0x45, 0x61, 0x21, 0xC8, 0x2A, 0xCA, 0xA0, 0x72, 0x8A, 0xE2, 0xBD, 0x83, 0x6E, 0x9A, 0x87,
    0x1B, 0x23, 0x62, 0x5F, 0xED, 0x62, 0x8F, 0xDF, 0xDC, 0xBE, 0xB9, 0x91, 0xA2, 0xAD, 0x4C, 0x1A,
    0x60, 0x1F, 0xFE, 0x13, 0xEE, 0xF8, 0xC6, 0x6F, 0x03, 0xFB, 0x45, 0xC4, 0x2E, 0x5E, 0x19, 0x66,
    0xC3, 0xE1, 0x0A, 0x7B, 0xAB, 0x73, 0xBF, 0xE8, 0xD5, 0xF7, 0x25, 0x0F, 0xAA, 0x20, 0x2C, 0x8B,
    0xB4, 0x3E, 0xDA, 0xBD, 0xA0, 0x82, 0xB8, 0x06, 0x75, 0x5F, 0x4B, 0xAD, 0x27, 0x18, 0xF7, 0xE4,
    0xB7, 0x41, 0x1D, 0xC6, 0xBD, 0x7E, 0x11, 0xE4, 0x69, 0x1D, 0x41, 0x6B, 0x54, 0x93, 0xF0, 0x55,
    0x51, 0xF6, 0x3F, 0x41, 0xCC, 0xAE, 0x3A, 0x34, 0xF0, 0xF9, 0xF7, 0x6E, 0x62, 0xFF, 0xFD, 0xC7,
    0xB0, 0x8D, 0x8F, 0x01, 0x7B, 0xEF, 0x1F, 0x30, 0xEE, 0xD0, 0xAB, 0xC0, 0xFE, 0x81, 0xCF, 0x60,
    0x73, 0x07, 0xFE, 0xFE, 0xDA, 0x83, 0x4A, 0xBA, 0x30, 0xE3, 0xA6, 0x49, 0xDD, 0xDE, 0xB6, 0x38,
    0xE4, 0xAD, 0xB9, 0x29, 0x6B, 0x4B, 0xA2, 0x2A, 0xA5, 0x6E, 0x63, 0xF6, 0xED, 0x4B, 0x1F, 0x95,
    0xE9, 0x2C, 0x8D, 0x4E, 0x27, 0x99, 0x79, 0xDA, 0xC2, 0xF8, 0x44, 0x26, 0x67, 0x2E, 0x2F, 0x78,
    0x55, 0xA7, 0x96, 0x26, 0xD5, 0x01, 0x14, 0xF2, 0x93, 0xE2, 0x20, 0x8E, 0x27, 0x27, 0x95, 0xBC,
    0x1C, 0xE7, 0xD7, 0x4B, 0x75, 0x24, 0xED, 0x61, 0xB2, 0x38, 0xC1, 0x9E, 0xC5, 0xF4, 0x37, 0x52,
    0x30, 0xCA, 0xF7, 0xAB, 0xFD, 0xEA, 0x0E, 0xB8, 0x69, 0xAF, 0xE9, 0x28, 0x5B, 0xC2, 0x1E, 0x4C,
    0xE4, 0x4D, 0x1A, 0x50, 0x7C, 0x23, 0xFB, 0x17, 0xD4, 0x9B, 0x6D, 0xC8, 0xDA, 0xDF, 0x1E, 0xD8,
    0x30, 0xC2, 0xB7, 0x72, 0x3F, 0xB1, 0x72, 0x2F, 0xC7, 0x34, 0xD7, 0x1C, 0xD8, 0xC4, 0xED, 0x81,
    0x8D, 0x97, 0x7D, 0xE0, 0xE7, 0xE5, 0x90, 0x98, 0x2D, 0x9D, 0x5F, 0x35, 0x07, 0x36, 0x94, 0x8E,
    0x8A, 0x72, 0x4F, 0xBE, 0x2D, 0x30, 0x44, 0xCA, 0x64, 0xAA, 0x95, 0x1B, 0x15, 0xEB, 0xF2, 0x30,
    0x8B, 0xB2, 0x03, 0xC0, 0xDE, 0x6B, 0x98, 0x3F, 0xF4, 0x89, 0xFD, 0x89, 0xBE, 0xF2, 0x7E, 0xDA,
    0x88, 0xCD, 0x69, 0x5C, 0x49, 0x88, 0x5D, 0x37, 0x23, 0x53, 0xBE, 0x18, 0xA9, 0xF0, 0x67, 0x72,
    0x6D, 0x33, 0x2A, 0x92, 0x2F, 0x4A, 0xE1, 0x7A, 0xDB, 0xCB, 0x0F, 0xB0, 0xDB, 0xBF, 0x86, 0x50,
    0x8B, 0x64, 0x5F, 0x83, 0xFD, 0xA0, 0x72, 0x36, 0x47, 0x36, 0x49, 0xEC, 0xA5, 0x10, 0x24, 0xD8,
    0x4B, 0xC3, 0x89, 0x60, 0x9F, 0xB4, 0x0D, 0x59, 0x42, 0x39, 0xEC, 0x0B, 0x67, 0x73, 0x5A, 0xE7,
    0x7C, 0xEF, 0xA9, 0xF7, 0x6E, 0x73, 0x04, 0x93, 0xB6, 0xAE, 0x0B, 0x8C, 0x90, 0x25, 0xDB, 0xC0,
    0x88, 0x69, 0xAD, 0xB1, 0xF7, 0xA4, 0x4C, 0x60, 0xC4, 0xA2, 0xB9, 0x0D, 0x8C, 0x56, 0x6F, 0x63,
    0x73, 0x84, 0x79, 0x25, 0xDF, 0x05, 0x46, 0xB5, 0x60, 0xEF, 0xCF, 0xD8, 0x9A, 0x45, 0xEC, 0x79,
    0xC4, 0xBD, 0xF8, 0x3E, 0x6D, 0x4C, 0x79, 0xF7, 0xB1, 0xE7, 0x5A, 0x3B, 0x82, 0xBD, 0xA7, 0xB3,
    0xD0, 0xB6, 0xA0, 0x77, 0xDA, 0xA0, 0x54, 0xCA, 0xF8, 0xEF, 0x27, 0xEC, 0x17, 0xE0, 0x09, 0x3E,
    0x24, 0xD8, 0x0F, 0x98, 0xF4, 0xF2, 0x90, 0xD8, 0x93, 0x36, 0xCF, 0x09, 0xB0, 0x0F, 0xBE, 0xAB,
    0x8B, 0x65, 0xFD, 0x23, 0x60, 0x1F, 0x7E, 0xE2, 0x4A, 0x99, 0x8E, 0xFE, 0x18, 0xD8, 0x47, 0xFE,
    0xC9, 0x6A, 0xFD, 0xDE, 0x88, 0x47, 0x64, 0x88, 0xDE, 0xD6, 0x11, 0xBE, 0x81, 0xCA, 0xBC, 0x2A,
    0x15, 0x8A, 0x51, 0xEA, 0x1A, 0x22, 0xD7, 0x14, 0xDE, 0x20, 0xC9, 0x9C, 0x37, 0x98, 0x9A, 0x36,
    0xA2, 0xA1, 0x3C, 0xED, 0xD1, 0xEC, 0x2D, 0x1F, 0xD0, 0x07, 0xAD, 0xBD, 0x0F, 0x6E, 0xE7, 0x01,
    0xFD, 0xFF, 0x02,
};

static const EpdGlyph lexenddeca_18_bolditalicGlyphs[] = {
    { 0, 0, 0, 0, 0, 0, 0 }, // U+0000
    { 0, 0, 0, 0, 0, 0, 0 }, // U+0001
    { 0, 0, 0, 0, 0, 0, 0 }, // U+0002
    { 0, 0, 0, 0, 0, 0, 0 }, // U+0003
    { 0, 0, 0, 0, 0, 0, 0 }, // U+0004
    { 0, 0, 0, 0, 0, 0, 0 }, // U+0005
    { 0, 0, 0, 0, 0, 0, 0 }, // U+0006
    { 0, 0, 0, 0, 0, 0, 0 }, // U+0007
    { 0, 0, 0, 0, 0, 0, 0 }, // U+0008
    { 0, 0, 0, 0, 0, 0, 0 }, // U+0009
    { 0, 0, 0, 0, 0, 0, 0 }, // U+000A
    { 0, 0, 0, 0, 0, 0, 0 }, // U+000B
    { 0, 0, 0, 0, 0, 0, 0 }, // U+000C
    { 0, 0, 0, 0, 0, 0, 0 }, // U+000D
    { 0, 0, 0, 0, 0, 0, 0 }, // U+000E
    { 0, 0, 0, 0, 0, 0, 0 }, // U+000F
    { 0, 0, 0, 0, 0, 0, 0 }, // U+0010
    { 0, 0, 0, 0, 0, 0, 0 }, // U+0011
    { 0, 0, 0, 0, 0, 0, 0 }, // U+0012
    { 0, 0, 0, 0, 0, 0, 0 }, // U+0013
    { 0, 0, 0, 0, 0, 0, 0 }, // U+0014
    { 0, 0, 0, 0, 0, 0, 0 }, // U+0015
    { 0, 0, 0, 0, 0, 0, 0 }, // U+0016
    { 0, 0, 0, 0, 0, 0, 0 }, // U+0017
    { 0, 0, 0, 0, 0, 0, 0 }, // U+0018
    { 0, 0, 0, 0, 0, 0, 0 }, // U+0019
    { 0, 0, 0, 0, 0, 0, 0 }, // U+001A
    { 0, 0, 0, 0, 0, 0, 0 }, // U+001B
    { 0, 0, 0, 0, 0, 0, 0 }, // U+001C
    { 0, 0, 0, 0, 0, 0, 0 }, // U+001D
    { 0, 0, 0, 0, 0, 0, 0 }, // U+001E
    { 0, 0, 0, 0, 0, 0, 0 }, // U+001F
    { 0, 0, 192, 0, 0, 0, 0 }, // U+0020
    { 13, 25, 179, -1, 25, 82, 0 }, // !
    { 14, 9, 266, 3, 25, 32, 82 }, // "
    { 28, 25, 450, 0, 25, 175, 114 }, // #
    { 23, 32, 386, 0, 29, 184, 289 }, // $
    { 36, 25, 626, 2, 25, 225, 473 }, // %
    { 27, 27, 410, -1, 27, 183, 698 }, // &
    { 6, 9, 155, 3, 25, 14, 881 }, // '
    { 15, 31, 226, 0, 25, 117, 895 }, // (
    { 15, 31, 227, -2, 25, 117, 1012 }, // )
    { 14, 13, 266, 2, 25, 46, 1129 }, // *
    { 20, 18, 387, 1, 18, 90, 1175 }, // +
    { 10, 12, 169, -2, 7, 30, 1265 }, // ,
    { 14, 5, 226, 0, 12, 18, 1295 }, // -
    { 8, 7, 148, -1, 7, 14, 1313 }, // .
    { 22, 25, 265, -3, 25, 138, 1327 }, // /
    { 23, 25, 395, 1, 25, 144, 1465 }, // 0
    { 15, 25, 273, 2, 25, 94, 1609 }, // 1
    { 24, 25, 352, -2, 25, 150, 1703 }, // 2
    { 22, 25, 371, 0, 25, 138, 1853 }, // 3
    { 24, 25, 388, -1, 25, 150, 1991 }, // 4
    { 22, 25, 370, 0, 25, 138, 2141 }, // 5
    { 21, 25, 377, 1, 25, 132, 2279 }, // 6
    { 23, 25, 337, 0, 25, 144, 2411 }, // 7
    { 21, 25, 374, 0, 25, 132, 2555 }, // 8
    { 19, 25, 346, 2, 25, 119, 2687 }, // 9
    { 10, 19, 148, -1, 19, 48, 2806 }, // :
    { 12, 25, 148, -3, 19, 75, 2854 }, // ;
    { 19, 20, 384, 1, 19, 95, 2929 }, // <
    { 20, 12, 411, 2, 16, 60, 3024 }, // =
    { 20, 20, 383, 2, 19, 100, 3084 }, // >
    { 21, 25, 380, 3, 25, 132, 3184 }, // ?
    { 26, 25, 452, 1, 25, 163, 3316 }, // @
    { 27, 25, 419, -3, 25, 169, 3479 }, // A
    { 25, 25, 386, -1, 25, 157, 3648 }, // B
    { 25, 25, 404, 1, 25, 157, 3805 }, // C
    { 26, 25, 414, -1, 25, 163, 3962 }, // D
    { 25, 25, 349, -1, 25, 157, 4125 }, // E
    { 24, 25, 327, -1, 25, 150, 4282 }, // F
    { 26, 25, 440, 1, 25, 163, 4432 }, // G
    { 28, 25, 417, -1, 25, 175, 4595 }, // H
    { 19, 25, 275, -1, 25, 119, 4770 }, // I
    { 25, 25, 340, -2, 25, 157, 4889 }, // J
    { 28, 25, 394, -1, 25, 175, 5046 }, // K
    { 20, 25, 326, -1, 25, 125, 5221 }, // L
    { 34, 25, 515, -1, 25, 213, 5346 }, // M
    { 29, 25, 429, -1, 25, 182, 5559 }, // N
    { 27, 25, 458, 1, 25, 169, 5741 }, // O
    { 25, 25, 377, -1, 25, 157, 5910 }, // P
    { 27, 29, 464, 1, 27, 196, 6067 }, // Q
    { 25, 25, 386, -1, 25, 157, 6263 }, // R
    { 23, 25, 385, 0, 25, 144, 6420 }, // S
    { 24, 25, 370, 2, 25, 150, 6564 }, // T
    { 27, 25, 407, 0, 25, 169, 6714 }, // U
    { 25, 25, 397, 3, 25, 157, 6883 }, // V
    { 33, 25, 533, 3, 25, 207, 7040 }, // W
    { 32, 25, 424, -3, 25, 200, 7247 }, // X
    { 26, 25, 420, 3, 25, 163, 7447 }, // Y
    { 28, 25, 379, -2, 25, 175, 7610 }, // Z
    { 18, 31, 204, -3, 25, 140, 7785 }, // [
    { 16, 25, 350, 3, 25, 100, 7925 }, // <backslash>
    { 17, 31, 205, -3, 25, 132, 8025 }, // ]
    { 19, 14, 353, 1, 26, 67, 8157 }, // ^
    { 17, 5, 274, -2, 0, 22, 8224 }, // _
    { 8, 6, 189, 4, 27, 12, 8246 }, // `
    { 20, 19, 327, -1, 19, 95, 8258 }, // a
    { 22, 25, 355, -1, 25, 138, 8353 }, // b
    { 20, 19, 319, 0, 19, 95, 8491 }, // c
    { 23, 25, 355, 0, 25, 144, 8586 }, // d
    { 20, 19, 340, 0, 19, 95, 8730 }, // e
    { 17, 27, 227, 0, 27, 115, 8825 }, // f
    { 23, 28, 356, -1, 19, 161, 8940 }, // g
    { 21, 25, 348, -1, 25, 132, 9101 }, // h
    { 14, 28, 203, 0, 28, 98, 9233 }, // i
    { 19, 34, 158, -7, 28, 162, 9331 }, // j
    { 23, 25, 337, -1, 25, 144, 9493 }, // k
    { 11, 25, 190, 0, 25, 69, 9637 }, // l
    { 33, 19, 537, -1, 19, 157, 9706 }, // m
    { 21, 19, 347, -1, 19, 100, 9863 }, // n
    { 21, 19, 346, 0, 19, 100, 9963 }, // o
    { 24, 25, 354, -3, 19, 150, 10063 }, // p
    { 23, 25, 361, 0, 19, 144, 10213 }, // q
    { 17, 19, 235, -1, 19, 81, 10357 }, // r
    { 19, 19, 309, -1, 19, 91, 10438 }, // s
    { 14, 23, 235, 1, 23, 81, 10529 }, // t
    { 22, 18, 347, 0, 18, 99, 10610 }, // u
    { 21, 18, 320, 1, 18, 95, 10709 }, // v
    { 28, 18, 436, 1, 18, 126, 10804 }, // w
    { 25, 18, 322, -3, 18, 113, 10930 }, // x
    { 24, 24, 316, -2, 18, 144, 11043 }, // y
    { 23, 18, 317, -2, 18, 104, 11187 }, // z
    { 17, 31, 224, -1, 25, 132, 11291 }, // {
    { 6, 31, 179, 2, 25, 47, 11423 }, // |
    { 16, 31, 224, -3, 25, 124, 11470 }, // }
    { 19, 9, 320, 0, 14, 43, 11594 }, // ~
    { 0, 0, 0, 0, 0, 0, 11637 }, // U+007F
    { 0, 0, 0, 0, 0, 0, 0 }, // U+0080
    { 0, 0, 0, 0, 0, 0, 0 }, // U+0081
    { 0, 0, 0, 0, 0, 0, 0 }, // U+0082
    { 0, 0, 0, 0, 0, 0, 0 }, // U+0083
    { 0, 0, 0, 0, 0, 0, 0 }, // U+0084
    { 0, 0, 0, 0, 0, 0, 0 }, // U+0085
    { 0, 0, 0, 0, 0, 0, 0 }, // U+0086
    { 0, 0, 0, 0, 0, 0, 0 }, // U+0087
    { 0, 0, 0, 0, 0, 0, 0 }, // U+0088
    { 0, 0, 0, 0, 0, 0, 0 }, // U+0089
    { 0, 0, 0, 0, 0, 0, 0 }, // U+008A
    { 0, 0, 0, 0, 0, 0, 0 }, // U+008B
    { 0, 0, 0, 0, 0, 0, 0 }, // U+008C
    { 0, 0, 0, 0, 0, 0, 0 }, // U+008D
    { 0, 0, 0, 0, 0, 0, 0 }, // U+008E
    { 0, 0, 0, 0, 0, 0, 0 }, // U+008F
    { 0, 0, 0, 0, 0, 0, 0 }, // U+0090
    { 0, 0, 0, 0, 0, 0, 0 }, // U+0091
    { 0, 0, 0, 0, 0, 0, 0 }, // U+0092
    { 0, 0, 0, 0, 0, 0, 0 }, // U+0093
    { 0, 0, 0, 0, 0, 0, 0 }, // U+0094
    { 0, 0, 0, 0, 0, 0, 0 }, // U+0095
    { 0, 0, 0, 0, 0, 0, 0 }, // U+0096
    { 0, 0, 0, 0, 0, 0, 0 }, // U+0097
    { 0, 0, 0, 0, 0, 0, 0 }, // U+0098
    { 0, 0, 0, 0, 0, 0, 0 }, // U+0099
    { 0, 0, 0, 0, 0, 0, 0 }, // U+009A
    { 0, 0, 0, 0, 0, 0, 0 }, // U+009B
    { 0, 0, 0, 0, 0, 0, 0 }, // U+009C
    { 0, 0, 0, 0, 0, 0, 0 }, // U+009D
    { 0, 0, 0, 0, 0, 0, 0 }, // U+009E
    { 0, 0, 0, 0, 0, 0, 0 }, // U+009F
    { 0, 0, 192, 0, 0, 0, 0 }, // U+00A0
    { 13, 25, 178, -3, 19, 82, 0 }, // U+00A1
    { 20, 25, 319, 0, 22, 125, 82 }, // U+00A2
    { 24, 25, 370, 0, 25, 150, 207 }, // U+00A3
    { 19, 19, 407, 3, 22, 91, 357 }, // U+00A4
    { 26, 25, 420, 3, 25, 163, 448 }, // U+00A5
    { 6, 31, 169, 2, 25, 47, 611 }, // U+00A6
    { 25, 31, 338, -3, 25, 194, 658 }, // U+00A7
    { 14, 5, 273, 4, 27, 18, 852 }, // U+00A8
    { 27, 26, 488, 2, 26, 176, 870 }, // U+00A9
    { 12, 11, 237, 3, 26, 33, 1046 }, // U+00AA
    { 23, 16, 399, 1, 17, 92, 1079 }, // U+00AB
    { 20, 14, 418, 2, 16, 70, 1171 }, // U+00AC
    { 0, 0, 0, 0, 0, 0, 1241 }, // U+00AD
    { 27, 26, 488, 2, 26, 176, 1241 }, // U+00AE
    { 13, 4, 243, 3, 25, 13, 1417 }, // U+00AF
    { 13, 12, 247, 3, 25, 39, 1430 }, // U+00B0
    { 20, 18, 421, 2, 18, 90, 1469 }, // U+00B1
    { 15, 15, 244, 2, 30, 57, 1559 }, // U+00B2
    { 14, 15, 255, 3, 30, 53, 1616 }, // U+00B3
    { 10, 6, 192, 3, 27, 15, 1669 }, // U+00B4
    { 24, 24, 359, -2, 18, 144, 1684 }, // U+00B5
    { 21, 31, 318, 1, 25, 163, 1828 }, // U+00B6
    { 8, 7, 183, 1, 13, 14, 1991 }, // U+00B7
    { 10, 9, 193, -2, 2, 23, 2005 }, // U+00B8
    { 9, 15, 176, 4, 30, 34, 2028 }, // U+00B9
    { 13, 11, 247, 3, 26, 36, 2062 }, // U+00BA
    { 24, 16, 400, -1, 17, 96, 2098 }, // U+00BB
    { 29, 25, 558, 3, 25, 182, 2194 }, // U+00BC
    { 30, 25, 551, 3, 25, 188, 2376 }, // U+00BD
    { 31, 26, 575, 2, 26, 202, 2564 }, // U+00BE
    { 21, 25, 380, -1, 19, 132, 2766 }, // U+00BF
    { 27, 34, 419, -3, 34, 230, 2898 }, // U+00C0
    { 27, 34, 419, -3, 34, 230, 3128 }, // U+00C1
    { 28, 34, 419, -3, 34, 238, 3358 }, // U+00C2
    { 28, 32, 419, -3, 32, 224, 3596 }, // U+00C3
    { 27, 33, 419, -3, 33, 223, 3820 }, // U+00C4
    { 27, 33, 419, -3, 33, 223, 4043 }, // U+00C5
    { 44, 25, 610, -3, 25, 275, 4266 }, // U+00C6
    { 25, 32, 404, 1, 25, 200, 4541 }, // U+00C7
    { 25, 34, 349, -1, 34, 213, 4741 }, // U+00C8
    { 25, 34, 349, -1, 34, 213, 4954 }, // U+00C9
    { 25, 34, 349, -1, 34, 213, 5167 }, // U+00CA
    { 25, 33, 349, -1, 33, 207, 5380 }, // U+00CB
    { 19, 34, 275, -1, 34, 162, 5587 }, // U+00CC
    { 19, 34, 275, -1, 34, 162, 5749 }, // U+00CD
    { 21, 34, 275, -1, 34, 179, 5911 }, // U+00CE
    { 20, 33, 275, -1, 33, 165, 6090 }, // U+00CF
    { 27, 25, 443, 0, 25, 169, 6255 }, // U+00D0
    { 29, 32, 429, -1, 32, 232, 6424 }, // U+00D1
    { 27, 34, 458, 1, 34, 230, 6656 }, // U+00D2
    { 27, 34, 458, 1, 34, 230, 6886 }, // U+00D3
    { 27, 34, 458, 1, 34, 230, 7116 }, // U+00D4
    { 27, 33, 458, 1, 33, 223, 7346 }, // U+00D5
    { 27, 34, 458, 1, 34, 230, 7569 }, // U+00D6
    { 18, 18, 371, 2, 18, 81, 7799 }, // U+00D7
    { 28, 26, 457, 0, 26, 182, 7880 }, // U+00D8
    { 27, 34, 407, 0, 34, 230, 8062 }, // U+00D9
    { 27, 34, 407, 0, 34, 230, 8292 }, // U+00DA
    { 27, 34, 407, 0, 34, 230, 8522 }, // U+00DB
    { 27, 34, 407, 0, 34, 230, 8752 }, // U+00DC
    { 26, 34, 420, 3, 34, 221, 8982 }, // U+00DD
    { 24, 25, 374, -1, 25, 150, 9203 }, // U+00DE
    { 24, 25, 379, -1, 25, 150, 9353 }, // U+00DF
    { 20, 28, 327, -1, 28, 140, 9503 }, // U+00E0
    { 20, 28, 327, -1, 28, 140, 9643 }, // U+00E1
    { 21, 28, 327, -1, 28, 147, 9783 }, // U+00E2
    { 21, 25, 327, -1, 25, 132, 9930 }, // U+00E3
    { 20, 27, 327, -1, 27, 135, 10062 }, // U+00E4
    { 20, 30, 327, -1, 30, 150, 10197 }, // U+00E5
    { 33, 19, 532, -1, 19, 157, 10347 }, // U+00E6
    { 20, 26, 319, 0, 19, 130, 10504 }, // U+00E7
    { 20, 28, 340, 0, 28, 140, 10634 }, // U+00E8
    { 20, 28, 340, 0, 28, 140, 10774 }, // U+00E9
    { 21, 28, 340, 0, 28, 147, 10914 }, // U+00EA
    { 20, 27, 340, 0, 27, 135, 11061 }, // U+00EB
    { 12, 27, 196, 0, 27, 81, 11196 }, // U+00EC
    { 15, 27, 196, 0, 27, 102, 11277 }, // U+00ED
    { 16, 27, 196, 0, 27, 108, 11379 }, // U+00EE
    { 15, 27, 196, 0, 27, 102, 11487 }, // U+00EF
    { 21, 28, 349, 0, 28, 147, 11589 }, // U+00F0
    { 23, 25, 347, -1, 25, 144, 11736 }, // U+00F1
    { 21, 28, 346, 0, 28, 147, 11880 }, // U+00F2
    { 21, 28, 346, 0, 28, 147, 12027 }, // U+00F3
    { 21, 28, 346, 0, 28, 147, 12174 }, // U+00F4
    { 21, 25, 346, 0, 25, 132, 12321 }, // U+00F5
    { 21, 27, 346, 0, 27, 142, 12453 }, // U+00F6
    { 20, 19, 387, 1, 19, 95, 12595 }, // U+00F7
    { 23, 21, 346, -1, 20, 121, 12690 }, // U+00F8
    { 22, 28, 347, 0, 28, 154, 12811 }, // U+00F9
    { 22, 28, 347, 0, 28, 154, 12965 }, // U+00FA
    { 22, 28, 347, 0, 28, 154, 13119 }, // U+00FB
    { 22, 27, 347, 0, 27, 149, 13273 }, // U+00FC
    { 24, 33, 316, -2, 27, 198, 13422 }, // U+00FD
    { 24, 31, 353, -3, 25, 186, 13620 }, // U+00FE
    { 24, 33, 316, -2, 27, 198, 13806 }, // U+00FF
    { 27, 31, 419, -3, 31, 210, 0 }, // U+0100
    { 20, 25, 327, -1, 25, 125, 210 }, // U+0101
    { 27, 33, 419, -3, 33, 223, 335 }, // U+0102
    { 21, 27, 327, -1, 27, 142, 558 }, // U+0103
    { 27, 31, 419, -3, 25, 210, 700 }, // U+0104
    { 20, 25, 327, -1, 19, 125, 910 }, // U+0105
    { 25, 34, 404, 1, 34, 213, 1035 }, // U+0106
    { 20, 28, 319, 0, 28, 140, 1248 }, // U+0107
    { 25, 34, 404, 1, 34, 213, 1388 }, // U+0108
    { 21, 28, 319, 0, 28, 147, 1601 }, // U+0109
    { 25, 34, 404, 1, 34, 213, 1748 }, // U+010A
    { 20, 27, 319, 0, 27, 135, 1961 }, // U+010B
    { 25, 34, 404, 1, 34, 213, 2096 }, // U+010C
    { 22, 28, 319, 0, 28, 154, 2309 }, // U+010D
    { 26, 33, 414, -1, 33, 215, 2463 }, // U+010E
    { 29, 25, 391, 0, 25, 182, 2678 }, // U+010F
    { 27, 25, 448, 0, 25, 169, 2860 }, // U+0110
    { 26, 27, 383, 0, 27, 176, 3029 }, // U+0111
    { 25, 31, 349, -1, 31, 194, 3205 }, // U+0112
    { 20, 25, 340, 0, 25, 125, 3399 }, // U+0113
    { 25, 33, 349, -1, 33, 207, 3524 }, // U+0114
    { 20, 27, 340, 0, 27, 135, 3731 }, // U+0115
    { 25, 33, 349, -1, 33, 207, 3866 }, // U+0116
    { 20, 27, 340, 0, 27, 135, 4073 }, // U+0117
    { 25, 31, 349, -1, 25, 194, 4208 }, // U+0118
    { 20, 25, 340, 0, 19, 125, 4402 }, // U+0119
    { 25, 33, 349, -1, 33, 207, 4527 }, // U+011A
    { 22, 28, 340, 0, 28, 154, 4734 }, // U+011B
    { 26, 34, 440, 1, 34, 221, 4888 }, // U+011C
    { 23, 36, 356, -1, 27, 207, 5109 }, // U+011D
    { 26, 33, 440, 1, 33, 215, 5316 }, // U+011E
    { 23, 35, 356, -1, 26, 202, 5531 }, // U+011F
    { 26, 34, 440, 1, 34, 221, 5733 }, // U+0120
    { 23, 35, 356, -1, 26, 202, 5954 }, // U+0121
    { 26, 34, 440, 1, 25, 221, 6156 }, // U+0122
    { 23, 37, 356, -1, 28, 213, 6377 }, // U+0123
    { 28, 34, 417, -1, 34, 238, 6590 }, // U+0124
    { 21, 34, 348, -1, 34, 179, 6828 }, // U+0125
    { 30, 25, 444, 0, 25, 188, 7007 }, // U+0126
    { 22, 26, 386, 1, 26, 143, 7195 }, // U+0127
    { 21, 32, 275, -1, 32, 168, 7338 }, // U+0128
    { 17, 25, 196, 0, 25, 107, 7506 }, // U+0129
    { 20, 31, 275, -1, 31, 155, 7613 }, // U+012A
    { 15, 25, 196, 0, 25, 94, 7768 }, // U+012B
    { 21, 33, 275, -1, 33, 174, 7862 }, // U+012C
    { 16, 26, 196, 0, 26, 104, 8036 }, // U+012D
    { 19, 31, 275, -1, 25, 148, 8140 }, // U+012E
    { 16, 35, 203, -2, 29, 140, 8288 }, // U+012F
    { 19, 33, 275, -1, 33, 157, 8428 }, // U+0130
    { 12, 18, 196, 0, 18, 54, 8585 }, // U+0131
    { 41, 25, 615, -1, 25, 257, 8639 }, // U+0132
    { 24, 34, 361, 0, 28, 204, 8896 }, // U+0133
    { 30, 34, 340, -2, 34, 255, 9100 }, // U+0134
    { 22, 33, 158, -7, 27, 182, 9355 }, // U+0135
    { 28, 34, 394, -1, 25, 238, 9537 }, // U+0136
    { 23, 34, 337, -1, 25, 196, 9775 }, // U+0137
    { 23, 18, 337, -1, 18, 104, 9971 }, // U+0138
    { 20, 34, 326, -1, 34, 170, 10075 }, // U+0139
    { 15, 34, 190, 0, 34, 128, 10245 }, // U+013A
    { 20, 34, 326, -1, 25, 170, 10373 }, // U+013B
    { 14, 34, 190, -3, 25, 119, 10543 }, // U+013C
    { 21, 26, 326, -1, 26, 137, 10662 }, // U+013D
    { 17, 25, 207, 0, 25, 107, 10799 }, // U+013E
    { 20, 25, 326, -1, 25, 125, 10906 }, // U+013F
    { 18, 25, 291, 0, 25, 113, 11031 }, // U+0140
    { 22, 25, 357, -1, 25, 138, 11144 }, // U+0141
    { 16, 25, 205, -1, 25, 100, 11282 }, // U+0142
    { 29, 34, 429, -1, 34, 247, 11382 }, // U+0143
    { 21, 27, 347, -1, 27, 142, 11629 }, // U+0144
    { 29, 34, 429, -1, 25, 247, 11771 }, // U+0145
    { 21, 28, 347, -1, 19, 147, 12018 }, // U+0146
    { 29, 33, 429, -1, 33, 240, 12165 }, // U+0147
    { 24, 27, 347, -1, 27, 162, 12405 }, // U+0148
    { 27, 25, 502, 3, 25, 169, 12567 }, // U+0149
    { 29, 31, 429, -1, 25, 225, 12736 }, // U+014A
    { 21, 25, 347, -1, 19, 132, 12961 }, // U+014B
    { 27, 32, 458, 1, 32, 216, 13093 }, // U+014C
    { 21, 25, 346, 0, 25, 132, 13309 }, // U+014D
    { 27, 33, 458, 1, 33, 223, 13441 }, // U+014E
    { 21, 27, 346, 0, 27, 142, 13664 }, // U+014F
    { 27, 34, 458, 1, 34, 230, 13806 }, // U+0150
    { 23, 28, 346, 0, 28, 161, 14036 }, // U+0151
    { 43, 25, 657, 1, 25, 269, 14197 }, // U+0152
    { 35, 19, 562, -1, 19, 167, 14466 }, // U+0153
    { 25, 34, 386, -1, 34, 213, 14633 }, // U+0154
    { 17, 27, 235, -1, 27, 115, 14846 }, // U+0155
    { 25, 34, 386, -1, 25, 213, 14961 }, // U+0156
    { 21, 28, 235, -5, 19, 147, 15174 }, // U+0157
    { 25, 33, 386, -1, 33, 207, 15321 }, // U+0158
    { 20, 27, 235, -1, 27, 135, 15528 }, // U+0159
    { 23, 34, 385, 0, 34, 196, 15663 }, // U+015A
    { 19, 28, 309, -1, 28, 133, 15859 }, // U+015B
    { 23, 34, 385, 0, 34, 196, 15992 }, // U+015C
    { 20, 28, 309, -1, 28, 140, 16188 }, // U+015D
    { 23, 32, 385, 0, 25, 184, 16328 }, // U+015E
    { 19, 26, 309, -1, 19, 124, 16512 }, // U+015F
    { 24, 34, 385, 0, 34, 204, 16636 }, // U+0160
    { 21, 28, 309, -1, 28, 147, 16840 }, // U+0161
    { 24, 33, 370, 2, 25, 198, 16987 }, // U+0162
    { 16, 31, 235, -1, 23, 124, 17185 }, // U+0163
    { 24, 33, 370, 2, 33, 198, 17309 }, // U+0164
    { 19, 28, 238, 1, 28, 133, 17507 }, // U+0165
    { 24, 25, 370, 2, 25, 150, 17640 }, // U+0166
    { 16, 23, 235, -1, 23, 92, 17790 }, // U+0167
    { 27, 33, 407, 0, 33, 223, 17882 }, // U+0168
    { 22, 25, 347, 0, 25, 138, 18105 }, // U+0169
    { 27, 32, 407, 0, 32, 216, 18243 }, // U+016A
    { 22, 25, 347, 0, 25, 138, 18459 }, // U+016B
    { 27, 33, 407, 0, 33, 223, 18597 }, // U+016C
    { 22, 27, 347, 0, 27, 149, 18820 }, // U+016D
    { 27, 37, 407, 0, 37, 250, 18969 }, // U+016E
    { 22, 30, 347, 0, 30, 165, 19219 }, // U+016F
    { 27, 34, 407, 0, 34, 230, 19384 }, // U+0170
    { 23, 28, 347, 0, 28, 161, 19614 }, // U+0171
    { 27, 31, 407, 0, 25, 210, 19775 }, // U+0172
    { 22, 24, 347, 0, 18, 132, 19985 }, // U+0173
    { 33, 34, 533, 3, 34, 281, 20117 }, // U+0174
    { 28, 27, 436, 1, 27, 189, 20398 }, // U+0175
    { 26, 34, 420, 3, 34, 221, 20587 }, // U+0176
    { 24, 33, 316, -2, 27, 198, 20808 }, // U+0177
    { 26, 33, 420, 3, 33, 215, 21006 }, // U+0178
    { 28, 34, 379, -2, 34, 238, 21221 }, // U+0179
    { 23, 27, 317, -2, 27, 156, 21459 }, // U+017A
    { 28, 33, 379, -2, 33, 231, 21615 }, // U+017B
    { 23, 27, 317, -2, 27, 156, 21846 }, // U+017C
    { 28, 33, 379, -2, 33, 231, 22002 }, // U+017D
    { 24, 27, 317, -2, 27, 162, 22233 }, // U+017E
    { 17, 27, 227, 0, 27, 115, 22395 }, // U+017F
    { 31, 29, 458, 1, 29, 225, 0 }, // U+01A0
    { 25, 23, 356, 0, 23, 144, 225 }, // U+01A1
    { 32, 29, 414, 0, 29, 232, 369 }, // U+01AF
    { 26, 23, 354, 0, 23, 150, 601 }, // U+01B0
    { 52, 33, 793, -1, 33, 429, 751 }, // U+01C4
    { 49, 27, 731, -1, 27, 331, 1180 }, // U+01C5
    { 44, 28, 672, 0, 28, 308, 1511 }, // U+01C6
    { 44, 25, 665, -1, 25, 275, 1819 }, // U+01C7
    { 33, 34, 484, -1, 28, 281, 2094 }, // U+01C8
    { 23, 34, 348, 0, 28, 196, 2375 }, // U+01C9
    { 50, 25, 769, -1, 25, 313, 2571 }, // U+01CA
    { 39, 34, 587, -1, 28, 332, 2884 }, // U+01CB
    { 34, 34, 505, -1, 28, 289, 3216 }, // U+01CC
    { 29, 33, 419, -3, 33, 240, 3505 }, // U+01CD
    { 22, 28, 327, -1, 28, 154, 3745 }, // U+01CE
    { 27, 34, 407, 0, 34, 230, 3899 }, // U+01D3
    { 22, 28, 347, 0, 28, 154, 4129 }, // U+01D4
    { 26, 34, 440, 1, 34, 221, 4283 }, // U+01E6
    { 23, 36, 356, -1, 27, 207, 4504 }, // U+01E7
    { 27, 31, 458, 1, 25, 210, 4711 }, // U+01EA
    { 21, 25, 346, 0, 19, 132, 4921 }, // U+01EB
    { 52, 25, 793, -1, 25, 325, 5053 }, // U+01F1
    { 48, 25, 731, -1, 25, 300, 5378 }, // U+01F2
    { 43, 25, 672, 0, 25, 269, 5678 }, // U+01F3
    { 27, 42, 419, -3, 42, 284, 5947 }, // U+01FA
    { 21, 39, 327, -1, 39, 205, 6231 }, // U+01FB
    { 44, 34, 610, -3, 34, 374, 6436 }, // U+01FC
    { 33, 28, 532, -1, 28, 231, 6810 }, // U+01FD
    { 28, 34, 457, 0, 34, 238, 7041 }, // U+01FE
    { 23, 29, 346, -1, 28, 167, 7279 }, // U+01FF
    { 23, 34, 385, 0, 25, 196, 7446 }, // U+0218
    { 19, 28, 309, -1, 19, 133, 7642 }, // U+0219
    { 24, 34, 370, 2, 25, 204, 7775 }, // U+021A
    { 17, 32, 235, -2, 23, 136, 7979 }, // U+021B
    { 28, 33, 417, -1, 33, 231, 8115 }, // U+021E
    { 21, 33, 348, -1, 33, 174, 8346 }, // U+021F
    { 8, 6, 0, 4, 27, 12, 0 }, // U+0300
    { 10, 6, 0, 3, 27, 15, 12 }, // U+0301
    { 16, 6, 0, 3, 27, 24, 27 }, // U+0302
    { 16, 5, 0, 3, 26, 20, 51 }, // U+0303
    { 13, 4, 0, 3, 25, 13, 71 }, // U+0304
    { 14, 5, 0, 3, 26, 18, 84 }, // U+0306
    { 6, 5, 0, 4, 27, 8, 102 }, // U+0307
    { 13, 5, 0, 3, 27, 17, 110 }, // U+0308
    { 9, 7, 94, 1, 28, 16, 127 }, // U+0309
    { 11, 10, 0, 4, 30, 28, 143 }, // U+030A
    { 18, 6, 0, 2, 27, 27, 171 }, // U+030B
    { 16, 6, 0, 4, 27, 24, 198 }, // U+030C
    { 13, 8, 194, 0, 24, 26, 222 }, // U+031B
    { 8, 7, 123, -2, -2, 14, 248 }, // U+0323
    { 10, 8, 0, -4, -1, 20, 262 }, // U+0326
    { 10, 9, 0, -3, 2, 23, 282 }, // U+0327
    { 10, 7, 0, -2, 1, 18, 305 }, // U+0328
    { 0, 0, 0, 0, 0, 0, 323 }, // U+034F
    { 20, 24, 311, -3, 24, 120, 0 }, // U+03BB
    { 29, 27, 429, -3, 27, 196, 0 }, // U+0410
    { 24, 26, 381, -1, 26, 156, 196 }, // U+0411
    { 25, 26, 389, -1, 26, 163, 352 }, // U+0412
    { 25, 26, 340, -1, 26, 163, 515 }, // U+0413
    { 34, 34, 444, -4, 26, 289, 678 }, // U+0414
    { 32, 26, 450, -1, 26, 208, 967 }, // U+0418
    { 32, 27, 439, -2, 26, 216, 1175 }, // U+041B
    { 32, 26, 460, -1, 26, 208, 1391 }, // U+041D
    { 27, 28, 451, 1, 27, 189, 1599 }, // U+041E
    { 32, 26, 458, -1, 26, 208, 1788 }, // U+041F
    { 25, 26, 365, -1, 26, 163, 1996 }, // U+0420
    { 26, 28, 403, 1, 27, 182, 2159 }, // U+0421
    { 25, 26, 377, 2, 26, 163, 2341 }, // U+0422
    { 29, 27, 437, 2, 26, 196, 2504 }, // U+0423
    { 30, 26, 405, -2, 26, 195, 2700 }, // U+0425
    { 25, 26, 404, 3, 26, 163, 2895 }, // U+0427
    { 38, 26, 548, -1, 26, 247, 3058 }, // U+042B
    { 23, 26, 364, -1, 26, 150, 3305 }, // U+042C
    { 40, 28, 612, -1, 27, 280, 3455 }, // U+042E
    { 31, 27, 422, -2, 26, 210, 3735 }, // U+042F
    { 21, 20, 341, 1, 19, 105, 3945 }, // U+0430
    { 23, 28, 338, 0, 27, 161, 4050 }, // U+0431
    { 20, 21, 330, 1, 20, 105, 4211 }, // U+0432
    { 19, 30, 321, 1, 29, 143, 4316 }, // U+0434
    { 17, 20, 288, 1, 19, 85, 4459 }, // U+0435
    { 19, 21, 288, -1, 20, 100, 4544 }, // U+0437
    { 21, 20, 323, 0, 19, 105, 4644 }, // U+043A
    { 22, 20, 345, 0, 19, 110, 4749 }, // U+043D
    { 19, 21, 332, 1, 20, 100, 4859 }, // U+043E
    { 24, 28, 325, -4, 19, 168, 4959 }, // U+0440
    { 32, 20, 496, 0, 19, 160, 5127 }, // U+0442
    { 21, 28, 345, 1, 19, 147, 5287 }, // U+0446
    { 17, 20, 284, 0, 19, 85, 5434 }, // U+044C
    { 31, 21, 468, -2, 20, 163, 5519 }, // U+044E
    { 27, 34, 419, -3, 25, 230, 0 }, // U+1EA0
    { 20, 28, 327, -1, 19, 140, 230 }, // U+1EA1
    { 27, 34, 419, -3, 34, 230, 370 }, // U+1EA2
    { 20, 28, 327, -1, 28, 140, 600 }, // U+1EA3
    { 34, 38, 419, -3, 38, 323, 740 }, // U+1EA4
    { 27, 33, 327, -1, 33, 223, 1063 }, // U+1EA5
    { 33, 37, 419, -3, 37, 306, 1286 }, // U+1EA6
    { 25, 32, 327, -1, 32, 200, 1592 }, // U+1EA7
    { 33, 37, 419, -3, 37, 306, 1792 }, // U+1EA8
    { 25, 33, 327, -1, 33, 207, 2098 }, // U+1EA9
    { 30, 40, 419, -3, 40, 300, 2305 }, // U+1EAA
    { 23, 35, 327, -1, 35, 202, 2605 }, // U+1EAB
    { 28, 43, 419, -3, 34, 301, 2807 }, // U+1EAC
    { 21, 37, 327, -1, 28, 195, 3108 }, // U+1EAD
    { 28, 41, 419, -3, 41, 287, 3303 }, // U+1EAE
    { 21, 35, 327, -1, 35, 184, 3590 }, // U+1EAF
    { 27, 41, 419, -3, 41, 277, 3774 }, // U+1EB0
    { 21, 35, 327, -1, 35, 184, 4051 }, // U+1EB1
    { 28, 41, 419, -3, 41, 287, 4235 }, // U+1EB2
    { 21, 35, 327, -1, 35, 184, 4522 }, // U+1EB3
    { 29, 39, 419, -3, 39, 283, 4706 }, // U+1EB4
    { 23, 33, 327, -1, 33, 190, 4989 }, // U+1EB5
    { 27, 42, 419, -3, 33, 284, 5179 }, // U+1EB6
    { 21, 36, 327, -1, 27, 189, 5463 }, // U+1EB7
    { 25, 34, 349, -1, 25, 213, 5652 }, // U+1EB8
    { 20, 28, 340, 0, 19, 140, 5865 }, // U+1EB9
    { 25, 34, 349, -1, 34, 213, 6005 }, // U+1EBA
    { 20, 28, 340, 0, 28, 140, 6218 }, // U+1EBB
    { 25, 32, 349, -1, 32, 200, 6358 }, // U+1EBC
    { 21, 25, 340, 0, 25, 132, 6558 }, // U+1EBD
    { 30, 38, 349, -1, 38, 285, 6690 }, // U+1EBE
    { 27, 33, 340, 0, 33, 223, 6975 }, // U+1EBF
    { 29, 37, 349, -1, 37, 269, 7198 }, // U+1EC0
    { 26, 32, 340, 0, 32, 208, 7467 }, // U+1EC1
    { 29, 37, 349, -1, 37, 269, 7675 }, // U+1EC2
    { 25, 33, 340, 0, 33, 207, 7944 }, // U+1EC3
    { 26, 40, 349, -1, 40, 260, 8151 }, // U+1EC4
    { 23, 35, 340, 0, 35, 202, 8411 }, // U+1EC5
    { 25, 43, 349, -1, 34, 269, 8613 }, // U+1EC6
    { 21, 37, 340, 0, 28, 195, 8882 }, // U+1EC7
    { 19, 34, 275, -1, 34, 162, 9077 }, // U+1EC8
    { 15, 28, 196, 0, 28, 105, 9239 }, // U+1EC9
    { 19, 34, 275, -1, 25, 162, 9344 }, // U+1ECA
    { 14, 37, 203, 0, 28, 130, 9506 }, // U+1ECB
    { 27, 34, 458, 1, 25, 230, 9636 }, // U+1ECC
    { 21, 28, 346, 0, 19, 147, 9866 }, // U+1ECD
    { 27, 35, 458, 1, 35, 237, 10013 }, // U+1ECE
    { 21, 28, 346, 0, 28, 147, 10250 }, // U+1ECF
    { 32, 38, 458, 1, 38, 304, 10397 }, // U+1ED0
    { 27, 33, 346, 0, 33, 223, 10701 }, // U+1ED1
    { 30, 37, 458, 1, 37, 278, 10924 }, // U+1ED2
    { 25, 32, 346, 0, 32, 200, 11202 }, // U+1ED3
    { 31, 38, 458, 1, 38, 295, 11402 }, // U+1ED4
    { 25, 33, 346, 0, 33, 207, 11697 }, // U+1ED5
    { 27, 41, 458, 1, 41, 277, 11904 }, // U+1ED6
    { 23, 35, 346, 0, 35, 202, 12181 }, // U+1ED7
    { 27, 43, 458, 1, 34, 291, 12383 }, // U+1ED8
    { 21, 37, 346, 0, 28, 195, 12674 }, // U+1ED9
    { 31, 34, 458, 1, 34, 264, 12869 }, // U+1EDA
    { 25, 28, 356, 0, 28, 175, 13133 }, // U+1EDB
    { 31, 34, 458, 1, 34, 264, 13308 }, // U+1EDC
    { 25, 28, 356, 0, 28, 175, 13572 }, // U+1EDD
    { 31, 35, 458, 1, 35, 272, 13747 }, // U+1EDE
    { 25, 28, 356, 0, 28, 175, 14019 }, // U+1EDF
    { 31, 33, 458, 1, 33, 256, 14194 }, // U+1EE0
    { 25, 25, 356, 0, 25, 157, 14450 }, // U+1EE1
    { 31, 38, 458, 1, 29, 295, 14607 }, // U+1EE2
    { 25, 32, 356, 0, 23, 200, 14902 }, // U+1EE3
    { 27, 34, 407, 0, 25, 230, 15102 }, // U+1EE4
    { 22, 27, 347, 0, 18, 149, 15332 }, // U+1EE5
    { 27, 35, 407, 0, 35, 237, 15481 }, // U+1EE6
    { 22, 28, 347, 0, 28, 154, 15718 }, // U+1EE7
    { 32, 34, 414, 0, 34, 272, 15872 }, // U+1EE8
    { 26, 28, 354, 0, 28, 182, 16144 }, // U+1EE9
    { 32, 34, 414, 0, 34, 272, 16326 }, // U+1EEA
    { 26, 28, 354, 0, 28, 182, 16598 }, // U+1EEB
    { 32, 35, 414, 0, 35, 280, 16780 }, // U+1EEC
    { 26, 28, 354, 0, 28, 182, 17060 }, // U+1EED
    { 32, 33, 414, 0, 33, 264, 17242 }, // U+1EEE
    { 26, 25, 354, 0, 25, 163, 17506 }, // U+1EEF
    { 32, 38, 414, 0, 29, 304, 17669 }, // U+1EF0
    { 26, 32, 354, 0, 23, 208, 17973 }, // U+1EF1
    { 26, 34, 420, 3, 34, 221, 18181 }, // U+1EF2
    { 24, 33, 316, -2, 27, 198, 18402 }, // U+1EF3
    { 26, 34, 420, 3, 25, 221, 18600 }, // U+1EF4
    { 24, 27, 316, -2, 18, 162, 18821 }, // U+1EF5
    { 26, 34, 420, 3, 34, 221, 18983 }, // U+1EF6
    { 24, 34, 316, -2, 28, 204, 19204 }, // U+1EF7
    { 26, 32, 420, 3, 32, 208, 19408 }, // U+1EF8
    { 24, 31, 316, -2, 25, 186, 19616 }, // U+1EF9
    { 0, 0, 0, 0, 0, 0, 0 }, // U+200B
    { 0, 0, 0, 0, 0, 0, 0 }, // U+200C
    { 0, 0, 0, 0, 0, 0, 0 }, // U+200D
    { 0, 0, 0, 0, 0, 0, 0 }, // U+200E
    { 0, 0, 0, 0, 0, 0, 0 }, // U+200F
    { 13, 5, 202, 0, 12, 17, 0 }, // U+2010
    { 17, 5, 322, 1, 12, 22, 17 }, // U+2013
    { 29, 5, 522, 1, 12, 37, 39 }, // U+2014
    { 9, 12, 169, 2, 25, 27, 76 }, // U+2018
    { 9, 12, 169, 2, 25, 27, 103 }, // U+2019
    { 10, 12, 169, -2, 7, 30, 130 }, // U+201A
    { 18, 12, 303, 2, 25, 54, 160 }, // U+201C
    { 18, 12, 303, 2, 25, 54, 214 }, // U+201D
    { 18, 12, 303, -2, 7, 54, 268 }, // U+201E
    { 22, 25, 356, 1, 25, 138, 322 }, // U+2020
    { 23, 25, 357, 0, 25, 144, 460 }, // U+2021
    { 13, 12, 268, 1, 15, 39, 604 }, // U+2022
    { 28, 7, 484, -1, 7, 49, 643 }, // U+2026
    { 0, 0, 0, 0, 0, 0, 692 }, // U+202A
    { 0, 0, 0, 0, 0, 0, 692 }, // U+202B
    { 0, 0, 0, 0, 0, 0, 692 }, // U+202C
    { 0, 0, 0, 0, 0, 0, 692 }, // U+202D
    { 0, 0, 0, 0, 0, 0, 692 }, // U+202E
    { 52, 25, 883, 2, 25, 325, 692 }, // U+2030
    { 15, 16, 241, 0, 17, 60, 1017 }, // U+2039
    { 14, 16, 241, -1, 17, 56, 1077 }, // U+203A
    { 24, 25, 289, -3, 25, 150, 1133 }, // U+2044
    { 0, 0, 0, 0, 0, 0, 1283 }, // U+2060
    { 0, 0, 0, 0, 0, 0, 1283 }, // U+2061
    { 0, 0, 0, 0, 0, 0, 1283 }, // U+2062
    { 0, 0, 0, 0, 0, 0, 1283 }, // U+2063
    { 0, 0, 0, 0, 0, 0, 1283 }, // U+2064
    { 0, 0, 0, 0, 0, 0, 1283 }, // U+2066
    { 0, 0, 0, 0, 0, 0, 1283 }, // U+2067
    { 0, 0, 0, 0, 0, 0, 1283 }, // U+2068
    { 0, 0, 0, 0, 0, 0, 1283 }, // U+2069
    { 0, 0, 0, 0, 0, 0, 1283 }, // U+206A
    { 0, 0, 0, 0, 0, 0, 1283 }, // U+206B
    { 0, 0, 0, 0, 0, 0, 1283 }, // U+206C
    { 0, 0, 0, 0, 0, 0, 1283 }, // U+206D
    { 0, 0, 0, 0, 0, 0, 1283 }, // U+206E
    { 0, 0, 0, 0, 0, 0, 1283 }, // U+206F
    { 15, 15, 260, 2, 30, 57, 0 }, // U+2074
    { 27, 31, 383, -1, 27, 210, 0 }, // U+20AB
    { 28, 25, 422, -1, 25, 175, 210 }, // U+20AC
    { 20, 27, 304, -1, 26, 135, 0 }, // U+2113
    { 20, 27, 356, 1, 26, 135, 0 }, // U+2202
    { 20, 33, 474, 4, 26, 165, 135 }, // U+220F
    { 21, 31, 476, 4, 25, 163, 300 }, // U+2211
    { 20, 5, 387, 1, 12, 25, 463 }, // U+2212
    { 24, 26, 289, -3, 26, 156, 488 }, // U+2215
    { 8, 9, 169, 1, 14, 18, 644 }, // U+2219
    { 25, 32, 369, 0, 25, 200, 662 }, // U+221A
    { 25, 12, 454, 1, 15, 75, 862 }, // U+221E
    { 16, 33, 206, -2, 26, 132, 937 }, // U+222B
    { 18, 15, 334, 1, 17, 68, 1069 }, // U+2248
    { 20, 19, 397, 2, 19, 95, 1137 }, // U+2260
    { 21, 20, 406, 1, 20, 105, 1232 }, // U+2264
    { 21, 20, 421, 2, 20, 105, 1337 }, // U+2265
    { 9, 25, 186, 1, 25, 57, 0 }, // U+2669
    { 14, 25, 271, 1, 25, 88, 57 }, // U+266A
    { 22, 27, 385, 1, 25, 149, 145 }, // U+266B
    { 22, 27, 385, 1, 25, 149, 294 }, // U+266C
    { 11, 24, 208, 1, 23, 66, 443 }, // U+266D
    { 11, 24, 214, 1, 16, 66, 509 }, // U+266E
    { 18, 32, 332, 1, 23, 144, 575 }, // U+266F
    { 42, 39, 762, 3, 32, 410, 719 }, // U+2764
    { 29, 27, 428, 0, 27, 196, 0 }, // U+FB00
    { 25, 28, 386, 0, 28, 175, 196 }, // U+FB01
    { 25, 27, 418, 0, 27, 169, 371 }, // U+FB02
    { 38, 28, 587, 0, 28, 266, 540 }, // U+FB03
    { 38, 27, 619, 0, 27, 257, 806 }, // U+FB04
    { 16, 26, 406, 5, 26, 104, 0 }, // U+FFFD
    { 39, 39, 762, 4, 32, 381, 0 }, // U+1F44B
    { 28, 39, 762, 10, 32, 273, 381 }, // U+1F44C
    { 36, 39, 762, 6, 32, 351, 654 }, // U+1F44D
    { 36, 39, 762, 6, 32, 351, 1005 }, // U+1F44E
    { 36, 39, 762, 6, 32, 351, 1356 }, // U+1F44F
    { 39, 38, 762, 4, 32, 371, 1707 }, // U+1F600
    { 39, 38, 762, 4, 32, 371, 2078 }, // U+1F601
    { 46, 38, 762, 1, 32, 437, 2449 }, // U+1F602
    { 39, 38, 762, 4, 32, 371, 2886 }, // U+1F603
    { 39, 38, 762, 4, 32, 371, 3257 }, // U+1F604
    { 42, 38, 762, 3, 32, 399, 3628 }, // U+1F605
    { 39, 38, 762, 4, 32, 371, 4027 }, // U+1F606
    { 38, 38, 762, 5, 32, 361, 4398 }, // U+1F607
    { 39, 38, 762, 4, 32, 371, 4759 }, // U+1F609
    { 39, 38, 762, 4, 32, 371, 5130 }, // U+1F60A
    { 39, 39, 762, 4, 32, 381, 5501 }, // U+1F60B
    { 39, 38, 762, 4, 32, 371, 5882 }, // U+1F60C
    { 39, 38, 762, 4, 32, 371, 6253 }, // U+1F60D
    { 40, 38, 762, 4, 32, 380, 6624 }, // U+1F60E
    { 39, 38, 762, 4, 32, 371, 7004 }, // U+1F60F
    { 39, 38, 762, 4, 32, 371, 7375 }, // U+1F610
    { 39, 38, 762, 4, 32, 371, 7746 }, // U+1F611
    { 39, 38, 762, 4, 32, 371, 8117 }, // U+1F612
    { 39, 38, 762, 4, 32, 371, 8488 }, // U+1F613
    { 39, 38, 762, 4, 32, 371, 8859 }, // U+1F614
    { 39, 38, 762, 4, 32, 371, 9230 }, // U+1F618
    { 39, 38, 762, 4, 32, 371, 9601 }, // U+1F61A
    { 39, 39, 762, 4, 32, 381, 9972 }, // U+1F61C
    { 39, 39, 762, 4, 32, 381, 10353 }, // U+1F61D
    { 39, 38, 762, 4, 32, 371, 10734 }, // U+1F620
    { 39, 38, 762, 4, 32, 371, 11105 }, // U+1F621
    { 39, 38, 762, 4, 32, 371, 11476 }, // U+1F622
    { 41, 38, 762, 3, 32, 390, 11847 }, // U+1F624
    { 40, 38, 762, 4, 32, 380, 12237 }, // U+1F625
    { 39, 38, 762, 4, 32, 371, 12617 }, // U+1F629
    { 39, 38, 762, 4, 32, 371, 12988 }, // U+1F62C
    { 39, 39, 762, 4, 32, 381, 13359 }, // U+1F62D
    { 39, 38, 762, 4, 32, 371, 13740 }, // U+1F62E
    { 44, 39, 762, 2, 32, 429, 14111 }, // U+1F631
    { 39, 38, 762, 4, 32, 371, 14540 }, // U+1F632
    { 39, 38, 762, 4, 32, 371, 14911 }, // U+1F633
    { 40, 38, 762, 4, 32, 380, 15282 }, // U+1F634
    { 39, 38, 762, 4, 32, 371, 15662 }, // U+1F635
    { 39, 38, 762, 4, 32, 371, 16033 }, // U+1F641
    { 39, 38, 762, 4, 32, 371, 16404 }, // U+1F642
    { 39, 38, 762, 4, 32, 371, 16775 }, // U+1F644
};

static const EpdUnicodeInterval lexenddeca_18_bolditalicIntervals[] = {
    { 0x0, 0x17F, 0x0 },
    { 0x1A0, 0x1A1, 0x180 },
    { 0x1AF, 0x1B0, 0x182 },
    { 0x1C4, 0x1CE, 0x184 },
    { 0x1D3, 0x1D4, 0x18F },
    { 0x1E6, 0x1E7, 0x191 },
    { 0x1EA, 0x1EB, 0x193 },
    { 0x1F1, 0x1F3, 0x195 },
    { 0x1FA, 0x1FF, 0x198 },
    { 0x218, 0x21B, 0x19E },
    { 0x21E, 0x21F, 0x1A2 },
    { 0x300, 0x304, 0x1A4 },
    { 0x306, 0x30C, 0x1A9 },
    { 0x31B, 0x31B, 0x1B0 },
    { 0x323, 0x323, 0x1B1 },
    { 0x326, 0x328, 0x1B2 },
    { 0x34F, 0x34F, 0x1B5 },
    { 0x3BB, 0x3BB, 0x1B6 },
    { 0x410, 0x414, 0x1B7 },
    { 0x418, 0x418, 0x1BC },
    { 0x41B, 0x41B, 0x1BD },
    { 0x41D, 0x423, 0x1BE },
    { 0x425, 0x425, 0x1C5 },
    { 0x427, 0x427, 0x1C6 },
    { 0x42B, 0x42C, 0x1C7 },
    { 0x42E, 0x432, 0x1C9 },
    { 0x434, 0x435, 0x1CE },
    { 0x437, 0x437, 0x1D0 },
    { 0x43A, 0x43A, 0x1D1 },
    { 0x43D, 0x43E, 0x1D2 },
    { 0x440, 0x440, 0x1D4 },
    { 0x442, 0x442, 0x1D5 },
    { 0x446, 0x446, 0x1D6 },
    { 0x44C, 0x44C, 0x1D7 },
    { 0x44E, 0x44E, 0x1D8 },
    { 0x1EA0, 0x1EF9, 0x1D9 },
    { 0x200B, 0x2010, 0x233 },
    { 0x2013, 0x2014, 0x239 },
    { 0x2018, 0x201A, 0x23B },
    { 0x201C, 0x201E, 0x23E },
    { 0x2020, 0x2022, 0x241 },
    { 0x2026, 0x2026, 0x244 },
    { 0x202A, 0x202E, 0x245 },
    { 0x2030, 0x2030, 0x24A },
    { 0x2039, 0x203A, 0x24B },
    { 0x2044, 0x2044, 0x24D },
    { 0x2060, 0x2064, 0x24E },
    { 0x2066, 0x206F, 0x253 },
    { 0x2074, 0x2074, 0x25D },
    { 0x20AB, 0x20AC, 0x25E },
    { 0x2113, 0x2113, 0x260 },
    { 0x2202, 0x2202, 0x261 },
    { 0x220F, 0x220F, 0x262 },
    { 0x2211, 0x2212, 0x263 },
    { 0x2215, 0x2215, 0x265 },
    { 0x2219, 0x221A, 0x266 },
    { 0x221E, 0x221E, 0x268 },
    { 0x222B, 0x222B, 0x269 },
    { 0x2248, 0x2248, 0x26A },
    { 0x2260, 0x2260, 0x26B },
    { 0x2264, 0x2265, 0x26C },
    { 0x2669, 0x266F, 0x26E },
    { 0x2764, 0x2764, 0x275 },
    { 0xFB00, 0xFB04, 0x276 },
    { 0xFFFD, 0xFFFD, 0x27B },
    { 0x1F44B, 0x1F44F, 0x27C },
    { 0x1F600, 0x1F607, 0x281 },
    { 0x1F609, 0x1F614, 0x289 },
    { 0x1F618, 0x1F618, 0x295 },
    { 0x1F61A, 0x1F61A, 0x296 },
    { 0x1F61C, 0x1F61D, 0x297 },
    { 0x1F620, 0x1F622, 0x299 },
    { 0x1F624, 0x1F625, 0x29C },
    { 0x1F629, 0x1F629, 0x29E },
    { 0x1F62C, 0x1F62E, 0x29F },
    { 0x1F631, 0x1F635, 0x2A2 },
    { 0x1F641, 0x1F642, 0x2A7 },
    { 0x1F644, 0x1F644, 0x2A9 },
};

static const EpdFontGroup lexenddeca_18_bolditalicGroups[] = {
    { 0, 5018, 12389, 128, 0 },
    { 5018, 4192, 14817, 128, 128 },
    { 9210, 5551, 23889, 128, 256 },
    { 14761, 3171, 8892, 36, 384 },
    { 17932, 250, 363, 18, 420 },
    { 18182, 95, 120, 1, 438 },
    { 18277, 2507, 6013, 34, 439 },
    { 20784, 3302, 21027, 90, 473 },
    { 24086, 562, 1373, 42, 563 },
    { 24648, 60, 60, 1, 605 },
    { 24708, 205, 392, 2, 606 },
    { 24913, 104, 135, 1, 608 },
    { 25017, 540, 1535, 13, 609 },
    { 25557, 479, 1232, 8, 622 },
    { 26036, 421, 1151, 5, 630 },
    { 26457, 83, 104, 1, 635 },
    { 26540, 5687, 17537, 46, 636 },
};

static const EpdKernClassEntry lexenddeca_18_bolditalicKernLeftClasses[] = {
    { 0x0028, 1 }, // (
    { 0x002C, 2 }, // ,
    { 0x002D, 3 }, // -
    { 0x002E, 2 }, // .
    { 0x002F, 4 }, // /
    { 0x0031, 5 }, // 1
    { 0x0032, 6 }, // 2
    { 0x0034, 7 }, // 4
    { 0x0035, 8 }, // 5
    { 0x0036, 9 }, // 6
    { 0x0037, 10 }, // 7
    { 0x0038, 11 }, // 8
    { 0x0039, 12 }, // 9
    { 0x0041, 13 }, // A
    { 0x0042, 14 }, // B
    { 0x0043, 15 }, // C
    { 0x0044, 16 }, // D
    { 0x0045, 17 }, // E
    { 0x0046, 18 }, // F
    { 0x0047, 19 }, // G
    { 0x0049, 20 }, // I
    { 0x004A, 21 }, // J
    { 0x004B, 22 }, // K
    { 0x004C, 23 }, // L
    { 0x004F, 16 }, // O
    { 0x0050, 24 }, // P
    { 0x0051, 25 }, // Q
    { 0x0052, 26 }, // R
    { 0x0053, 27 }, // S
    { 0x0054, 28 }, // T
    { 0x0055, 29 }, // U
    { 0x0056, 30 }, // V
    { 0x0057, 31 }, // W
    { 0x0058, 32 }, // X
    { 0x0059, 33 }, // Y
    { 0x005A, 34 }, // Z
    { 0x0061, 35 }, // a
    { 0x0062, 36 }, // b
    { 0x0063, 37 }, // c
    { 0x0064, 38 }, // d
    { 0x0065, 39 }, // e
    { 0x0066, 40 }, // f
    { 0x0067, 41 }, // g
    { 0x0068, 42 }, // h
    { 0x006A, 43 }, // j
    { 0x006B, 44 }, // k
    { 0x006C, 45 }, // l
    { 0x006D, 42 }, // m
    { 0x006E, 42 }, // n
    { 0x006F, 36 }, // o
    { 0x0070, 36 }, // p
    { 0x0071, 46 }, // q
    { 0x0072, 47 }, // r
    { 0x0073, 48 }, // s
    { 0x0074, 49 }, // t
    { 0x0075, 50 }, // u
    { 0x0076, 51 }, // v
    { 0x0077, 52 }, // w
    { 0x0078, 53 }, // x
    { 0x0079, 51 }, // y
    { 0x007A, 54 }, // z
    { 0x00C0, 13 }, // U+00C0
    { 0x00C1, 13 }, // U+00C1
    { 0x00C2, 13 }, // U+00C2
    { 0x00C3, 13 }, // U+00C3
    { 0x00C4, 13 }, // U+00C4
    { 0x00C5, 13 }, // U+00C5
    { 0x00C6, 17 }, // U+00C6
    { 0x00C7, 15 }, // U+00C7
    { 0x00C8, 17 }, // U+00C8
    { 0x00C9, 17 }, // U+00C9
    { 0x00CA, 17 }, // U+00CA
    { 0x00CB, 17 }, // U+00CB
    { 0x00CC, 20 }, // U+00CC
    { 0x00CD, 20 }, // U+00CD
    { 0x00CE, 20 }, // U+00CE
    { 0x00CF, 20 }, // U+00CF
    { 0x00D0, 16 }, // U+00D0
    { 0x00D2, 16 }, // U+00D2
    { 0x00D3, 16 }, // U+00D3
    { 0x00D4, 16 }, // U+00D4
    { 0x00D5, 16 }, // U+00D5
    { 0x00D6, 16 }, // U+00D6
    { 0x00D8, 16 }, // U+00D8
    { 0x00D9, 29 }, // U+00D9
    { 0x00DA, 29 }, // U+00DA
    { 0x00DB, 29 }, // U+00DB
    { 0x00DC, 29 }, // U+00DC
    { 0x00DD, 33 }, // U+00DD
    { 0x00E0, 42 }, // U+00E0
    { 0x00E1, 42 }, // U+00E1
    { 0x00E2, 42 }, // U+00E2
    { 0x00E3, 42 }, // U+00E3
    { 0x00E4, 42 }, // U+00E4
    { 0x00E5, 42 }, // U+00E5
    { 0x00E6, 39 }, // U+00E6
    { 0x00E7, 37 }, // U+00E7
    { 0x00E8, 39 }, // U+00E8
    { 0x00E9, 39 }, // U+00E9
    { 0x00EA, 39 }, // U+00EA
    { 0x00EB, 39 }, // U+00EB
    { 0x00F0, 16 }, // U+00F0
    { 0x00F1, 42 }, // U+00F1
    { 0x00F2, 36 }, // U+00F2
    { 0x00F3, 36 }, // U+00F3
    { 0x00F4, 36 }, // U+00F4
    { 0x00F5, 36 }, // U+00F5
    { 0x00F6, 36 }, // U+00F6
    { 0x00F8, 36 }, // U+00F8
    { 0x00F9, 50 }, // U+00F9
    { 0x00FA, 50 }, // U+00FA
    { 0x00FB, 50 }, // U+00FB
    { 0x00FC, 50 }, // U+00FC
    { 0x00FD, 51 }, // U+00FD
    { 0x00FF, 51 }, // U+00FF
    { 0x0100, 13 }, // U+0100
    { 0x0101, 42 }, // U+0101
    { 0x0102, 13 }, // U+0102
    { 0x0103, 42 }, // U+0103
    { 0x0104, 13 }, // U+0104
    { 0x0105, 55 }, // U+0105
    { 0x0106, 15 }, // U+0106
    { 0x0107, 37 }, // U+0107
    { 0x0108, 15 }, // U+0108
    { 0x0109, 37 }, // U+0109
    { 0x010A, 15 }, // U+010A
    { 0x010B, 37 }, // U+010B
    { 0x010C, 15 }, // U+010C
    { 0x010D, 37 }, // U+010D
    { 0x010E, 16 }, // U+010E
    { 0x010F, 56 }, // U+010F
    { 0x0111, 40 }, // U+0111
    { 0x0112, 17 }, // U+0112
    { 0x0113, 39 }, // U+0113
    { 0x0114, 17 }, // U+0114
    { 0x0115, 39 }, // U+0115
    { 0x0116, 17 }, // U+0116
    { 0x0117, 39 }, // U+0117
    { 0x0118, 17 }, // U+0118
    { 0x0119, 39 }, // U+0119
    { 0x011A, 17 }, // U+011A
    { 0x011B, 39 }, // U+011B
    { 0x011C, 19 }, // U+011C
    { 0x011D, 41 }, // U+011D
    { 0x011E, 19 }, // U+011E
    { 0x011F, 41 }, // U+011F
    { 0x0120, 19 }, // U+0120
    { 0x0121, 41 }, // U+0121
    { 0x0122, 19 }, // U+0122
    { 0x0123, 41 }, // U+0123
    { 0x0125, 42 }, // U+0125
    { 0x0127, 42 }, // U+0127
    { 0x0128, 20 }, // U+0128
    { 0x012A, 20 }, // U+012A
    { 0x012C, 20 }, // U+012C
    { 0x012E, 20 }, // U+012E
    { 0x0130, 20 }, // U+0130
    { 0x0132, 21 }, // U+0132
    { 0x0133, 43 }, // U+0133
    { 0x0134, 21 }, // U+0134
    { 0x0135, 43 }, // U+0135
    { 0x0136, 22 }, // U+0136
    { 0x0137, 44 }, // U+0137
    { 0x0138, 44 }, // U+0138
    { 0x0139, 23 }, // U+0139
    { 0x013A, 57 }, // U+013A
    { 0x013B, 23 }, // U+013B
    { 0x013C, 57 }, // U+013C
    { 0x013E, 56 }, // U+013E
    { 0x013F, 23 }, // U+013F
    { 0x0141, 23 }, // U+0141
    { 0x0142, 57 }, // U+0142
    { 0x0144, 42 }, // U+0144
    { 0x0146, 42 }, // U+0146
    { 0x0148, 42 }, // U+0148
    { 0x0149, 42 }, // U+0149
    { 0x014B, 42 }, // U+014B
    { 0x014C, 16 }, // U+014C
    { 0x014D, 36 }, // U+014D
    { 0x014E, 16 }, // U+014E
    { 0x014F, 36 }, // U+014F
    { 0x0150, 16 }, // U+0150
    { 0x0151, 36 }, // U+0151
    { 0x0152, 17 }, // U+0152
    { 0x0153, 39 }, // U+0153
    { 0x0154, 26 }, // U+0154
    { 0x0155, 47 }, // U+0155
    { 0x0156, 26 }, // U+0156
    { 0x0157, 47 }, // U+0157
    { 0x0158, 26 }, // U+0158
    { 0x0159, 47 }, // U+0159
    { 0x015A, 27 }, // U+015A
    { 0x015B, 48 }, // U+015B
    { 0x015C, 27 }, // U+015C
    { 0x015D, 48 }, // U+015D
    { 0x015E, 27 }, // U+015E
    { 0x015F, 48 }, // U+015F
    { 0x0160, 27 }, // U+0160
    { 0x0161, 48 }, // U+0161
    { 0x0162, 28 }, // U+0162
    { 0x0163, 49 }, // U+0163
    { 0x0164, 28 }, // U+0164
    { 0x0165, 56 }, // U+0165
    { 0x0166, 28 }, // U+0166
    { 0x0167, 49 }, // U+0167
    { 0x0168, 29 }, // U+0168
    { 0x0169, 50 }, // U+0169
    { 0x016A, 29 }, // U+016A
    { 0x016B, 50 }, // U+016B
    { 0x016C, 29 }, // U+016C
    { 0x016D, 50 }, // U+016D
    { 0x016E, 29 }, // U+016E
    { 0x016F, 50 }, // U+016F
    { 0x0170, 29 }, // U+0170
    { 0x0171, 50 }, // U+0171
    { 0x0172, 29 }, // U+0172
    { 0x0173, 50 }, // U+0173
    { 0x0176, 33 }, // U+0176
    { 0x0177, 51 }, // U+0177
    { 0x0178, 33 }, // U+0178
    { 0x0179, 34 }, // U+0179
    { 0x017A, 54 }, // U+017A
    { 0x017B, 34 }, // U+017B
    { 0x017C, 54 }, // U+017C
    { 0x017D, 34 }, // U+017D
    { 0x017E, 54 }, // U+017E
    { 0x017F, 40 }, // U+017F
    { 0x01A0, 58 }, // U+01A0
    { 0x01A1, 59 }, // U+01A1
    { 0x01AF, 60 }, // U+01AF
    { 0x01B0, 61 }, // U+01B0
    { 0x01C4, 34 }, // U+01C4
    { 0x01C5, 54 }, // U+01C5
    { 0x01C6, 54 }, // U+01C6
    { 0x01C7, 21 }, // U+01C7
    { 0x01C8, 43 }, // U+01C8
    { 0x01C9, 43 }, // U+01C9
    { 0x01CA, 21 }, // U+01CA
    { 0x01CB, 43 }, // U+01CB
    { 0x01CC, 43 }, // U+01CC
    { 0x01CD, 13 }, // U+01CD
    { 0x01CE, 42 }, // U+01CE
    { 0x01D3, 29 }, // U+01D3
    { 0x01D4, 50 }, // U+01D4
    { 0x01E6, 19 }, // U+01E6
    { 0x01E7, 41 }, // U+01E7
    { 0x01EA, 16 }, // U+01EA
    { 0x01EB, 36 }, // U+01EB
    { 0x01F1, 34 }, // U+01F1
    { 0x01F2, 54 }, // U+01F2
    { 0x01F3, 54 }, // U+01F3
    { 0x01FB, 42 }, // U+01FB
    { 0x01FC, 17 }, // U+01FC
    { 0x01FD, 39 }, // U+01FD
    { 0x01FE, 16 }, // U+01FE
    { 0x01FF, 36 }, // U+01FF
    { 0x0218, 27 }, // U+0218
    { 0x0219, 48 }, // U+0219
    { 0x021A, 28 }, // U+021A
    { 0x021B, 49 }, // U+021B
    { 0x021F, 42 }, // U+021F
    { 0x0410, 62 }, // U+0410
    { 0x0413, 63 }, // U+0413
    { 0x041E, 64 }, // U+041E
    { 0x0420, 65 }, // U+0420
    { 0x0422, 63 }, // U+0422
    { 0x0423, 66 }, // U+0423
    { 0x0425, 67 }, // U+0425
    { 0x042C, 68 }, // U+042C
    { 0x042E, 64 }, // U+042E
    { 0x043E, 69 }, // U+043E
    { 0x0440, 69 }, // U+0440
    { 0x044C, 70 }, // U+044C
    { 0x044E, 69 }, // U+044E
    { 0x1EA0, 13 }, // U+1EA0
    { 0x1EA1, 42 }, // U+1EA1
    { 0x1EA2, 13 }, // U+1EA2
    { 0x1EA3, 42 }, // U+1EA3
    { 0x1EA4, 13 }, // U+1EA4
    { 0x1EA5, 42 }, // U+1EA5
    { 0x1EA6, 13 }, // U+1EA6
    { 0x1EA7, 42 }, // U+1EA7
    { 0x1EA8, 13 }, // U+1EA8
    { 0x1EA9, 42 }, // U+1EA9
    { 0x1EAA, 13 }, // U+1EAA
    { 0x1EAB, 42 }, // U+1EAB
    { 0x1EAC, 13 }, // U+1EAC
    { 0x1EAD, 42 }, // U+1EAD
    { 0x1EAE, 13 }, // U+1EAE
    { 0x1EAF, 42 }, // U+1EAF
    { 0x1EB0, 13 }, // U+1EB0
    { 0x1EB1, 42 }, // U+1EB1
    { 0x1EB2, 13 }, // U+1EB2
    { 0x1EB3, 42 }, // U+1EB3
    { 0x1EB4, 13 }, // U+1EB4
    { 0x1EB5, 42 }, // U+1EB5
    { 0x1EB6, 13 }, // U+1EB6
    { 0x1EB7, 42 }, // U+1EB7
    { 0x1EB8, 17 }, // U+1EB8
    { 0x1EB9, 39 }, // U+1EB9
    { 0x1EBA, 17 }, // U+1EBA
    { 0x1EBB, 39 }, // U+1EBB
    { 0x1EBC, 17 }, // U+1EBC
    { 0x1EBD, 39 }, // U+1EBD
    { 0x1EBE, 17 }, // U+1EBE
    { 0x1EC0, 17 }, // U+1EC0
    { 0x1EC2, 17 }, // U+1EC2
    { 0x1EC4, 17 }, // U+1EC4
    { 0x1EC6, 17 }, // U+1EC6
    { 0x1EC7, 39 }, // U+1EC7
    { 0x1EC8, 20 }, // U+1EC8
    { 0x1ECA, 20 }, // U+1ECA
    { 0x1ECC, 16 }, // U+1ECC
    { 0x1ECD, 36 }, // U+1ECD
    { 0x1ECE, 16 }, // U+1ECE
    { 0x1ECF, 36 }, // U+1ECF
    { 0x1ED0, 16 }, // U+1ED0
    { 0x1ED2, 16 }, // U+1ED2
    { 0x1ED4, 16 }, // U+1ED4
    { 0x1ED6, 16 }, // U+1ED6
    { 0x1ED7, 36 }, // U+1ED7
    { 0x1ED8, 16 }, // U+1ED8
    { 0x1ED9, 36 }, // U+1ED9
    { 0x1EDA, 58 }, // U+1EDA
    { 0x1EDB, 59 }, // U+1EDB
    { 0x1EDC, 58 }, // U+1EDC
    { 0x1EDD, 59 }, // U+1EDD
    { 0x1EDE, 58 }, // U+1EDE
    { 0x1EDF, 59 }, // U+1EDF
    { 0x1EE0, 58 }, // U+1EE0
    { 0x1EE1, 59 }, // U+1EE1
    { 0x1EE2, 58 }, // U+1EE2
    { 0x1EE3, 59 }, // U+1EE3
    { 0x1EE8, 60 }, // U+1EE8
    { 0x1EE9, 61 }, // U+1EE9
    { 0x1EEA, 60 }, // U+1EEA
    { 0x1EEB, 61 }, // U+1EEB
    { 0x1EEC, 60 }, // U+1EEC
    { 0x1EED, 61 }, // U+1EED
    { 0x1EEE, 60 }, // U+1EEE
    { 0x1EEF, 61 }, // U+1EEF
    { 0x1EF0, 60 }, // U+1EF0
    { 0x1EF1, 61 }, // U+1EF1
    { 0x1EF2, 33 }, // U+1EF2
    { 0x1EF3, 51 }, // U+1EF3
    { 0x1EF4, 33 }, // U+1EF4
    { 0x1EF5, 51 }, // U+1EF5
    { 0x1EF6, 33 }, // U+1EF6
    { 0x1EF7, 51 }, // U+1EF7
    { 0x1EF8, 33 }, // U+1EF8
    { 0x1EF9, 51 }, // U+1EF9
    { 0x2013, 3 }, // U+2013
    { 0x2014, 3 }, // U+2014
    { 0x2019, 71 }, // U+2019
    { 0x201A, 2 }, // U+201A
    { 0x201D, 71 }, // U+201D
    { 0x201E, 2 }, // U+201E
    { 0x2026, 2 }, // U+2026
    { 0x20AB, 40 }, // U+20AB
    { 0xFB00, 40 }, // U+FB00
    { 0xFB02, 57 }, // U+FB02
    { 0xFB04, 57 }, // U+FB04
};

static const EpdKernClassEntry lexenddeca_18_bolditalicKernRightClasses[] = {
    { 0x0025, 1 }, // %
    { 0x0029, 2 }, // )
    { 0x002C, 3 }, // ,
    { 0x002D, 4 }, // -
    { 0x002E, 3 }, // .
    { 0x002F, 5 }, // /
    { 0x0031, 6 }, // 1
    { 0x0032, 7 }, // 2
    { 0x0034, 8 }, // 4
    { 0x0037, 9 }, // 7
    { 0x0038, 10 }, // 8
    { 0x0039, 11 }, // 9
    { 0x0041, 12 }, // A
    { 0x0043, 13 }, // C
    { 0x0047, 13 }, // G
    { 0x0049, 14 }, // I
    { 0x004A, 15 }, // J
    { 0x004F, 13 }, // O
    { 0x0051, 13 }, // Q
    { 0x0053, 16 }, // S
    { 0x0054, 17 }, // T
    { 0x0055, 18 }, // U
    { 0x0056, 19 }, // V
    { 0x0057, 20 }, // W
    { 0x0058, 21 }, // X
    { 0x0059, 22 }, // Y
    { 0x005A, 23 }, // Z
    { 0x0061, 24 }, // a
    { 0x0063, 25 }, // c
    { 0x0064, 25 }, // d
    { 0x0065, 25 }, // e
    { 0x0066, 26 }, // f
    { 0x0067, 27 }, // g
    { 0x0068, 28 }, // h
    { 0x0069, 29 }, // i
    { 0x006A, 30 }, // j
    { 0x006B, 28 }, // k
    { 0x006C, 31 }, // l
    { 0x006D, 32 }, // m
    { 0x006E, 32 }, // n
    { 0x006F, 25 }, // o
    { 0x0070, 33 }, // p
    { 0x0071, 25 }, // q
    { 0x0072, 32 }, // r
    { 0x0073, 34 }, // s
    { 0x0074, 35 }, // t
    { 0x0075, 36 }, // u
    { 0x0076, 37 }, // v
    { 0x0077, 38 }, // w
    { 0x0078, 39 }, // x
    { 0x0079, 37 }, // y
    { 0x007A, 40 }, // z
    { 0x00B0, 41 }, // U+00B0
    { 0x00C0, 12 }, // U+00C0
    { 0x00C1, 12 }, // U+00C1
    { 0x00C2, 12 }, // U+00C2
    { 0x00C3, 12 }, // U+00C3
    { 0x00C4, 12 }, // U+00C4
    { 0x00C5, 12 }, // U+00C5
    { 0x00C6, 42 }, // U+00C6
    { 0x00C7, 13 }, // U+00C7
    { 0x00CC, 14 }, // U+00CC
    { 0x00CD, 14 }, // U+00CD
    { 0x00CE, 14 }, // U+00CE
    { 0x00CF, 14 }, // U+00CF
    { 0x00D2, 13 }, // U+00D2
    { 0x00D3, 13 }, // U+00D3
    { 0x00D4, 13 }, // U+00D4
    { 0x00D5, 13 }, // U+00D5
    { 0x00D6, 13 }, // U+00D6
    { 0x00D8, 13 }, // U+00D8
    { 0x00D9, 18 }, // U+00D9
    { 0x00DA, 18 }, // U+00DA
    { 0x00DB, 18 }, // U+00DB
    { 0x00DC, 18 }, // U+00DC
    { 0x00DD, 43 }, // U+00DD
    { 0x00E0, 24 }, // U+00E0
    { 0x00E1, 24 }, // U+00E1
    { 0x00E2, 24 }, // U+00E2
    { 0x00E3, 24 }, // U+00E3
    { 0x00E4, 24 }, // U+00E4
    { 0x00E5, 24 }, // U+00E5
    { 0x00E6, 24 }, // U+00E6
    { 0x00E7, 25 }, // U+00E7
    { 0x00E8, 25 }, // U+00E8
    { 0x00E9, 25 }, // U+00E9
    { 0x00EA, 25 }, // U+00EA
    { 0x00EB, 25 }, // U+00EB
    { 0x00EC, 29 }, // U+00EC
    { 0x00ED, 29 }, // U+00ED
    { 0x00EE, 29 }, // U+00EE
    { 0x00EF, 29 }, // U+00EF
    { 0x00F0, 25 }, // U+00F0
    { 0x00F1, 32 }, // U+00F1
    { 0x00F2, 25 }, // U+00F2
    { 0x00F3, 25 }, // U+00F3
    { 0x00F4, 25 }, // U+00F4
    { 0x00F5, 25 }, // U+00F5
    { 0x00F6, 25 }, // U+00F6
    { 0x00F8, 25 }, // U+00F8
    { 0x00F9, 36 }, // U+00F9
    { 0x00FA, 36 }, // U+00FA
    { 0x00FB, 36 }, // U+00FB
    { 0x00FC, 36 }, // U+00FC
    { 0x00FD, 37 }, // U+00FD
    { 0x00FF, 37 }, // U+00FF
    { 0x0100, 12 }, // U+0100
    { 0x0101, 24 }, // U+0101
    { 0x0102, 12 }, // U+0102
    { 0x0103, 24 }, // U+0103
    { 0x0104, 12 }, // U+0104
    { 0x0105, 24 }, // U+0105
    { 0x0106, 13 }, // U+0106
    { 0x0107, 25 }, // U+0107
    { 0x0108, 13 }, // U+0108
    { 0x0109, 25 }, // U+0109
    { 0x010A, 13 }, // U+010A
    { 0x010B, 25 }, // U+010B
    { 0x010C, 13 }, // U+010C
    { 0x010D, 25 }, // U+010D
    { 0x010F, 25 }, // U+010F
    { 0x0111, 25 }, // U+0111
    { 0x0113, 25 }, // U+0113
    { 0x0115, 25 }, // U+0115
    { 0x0117, 25 }, // U+0117
    { 0x0119, 25 }, // U+0119
    { 0x011B, 25 }, // U+011B
    { 0x011C, 13 }, // U+011C
    { 0x011D, 27 }, // U+011D
    { 0x011E, 13 }, // U+011E
    { 0x011F, 27 }, // U+011F
    { 0x0120, 13 }, // U+0120
    { 0x0121, 27 }, // U+0121
    { 0x0122, 13 }, // U+0122
    { 0x0123, 27 }, // U+0123
    { 0x0125, 28 }, // U+0125
    { 0x0127, 28 }, // U+0127
    { 0x0128, 14 }, // U+0128
    { 0x0129, 29 }, // U+0129
    { 0x012A, 14 }, // U+012A
    { 0x012B, 29 }, // U+012B
    { 0x012C, 14 }, // U+012C
    { 0x012D, 29 }, // U+012D
    { 0x012E, 14 }, // U+012E
    { 0x012F, 29 }, // U+012F
    { 0x0130, 14 }, // U+0130
    { 0x0131, 29 }, // U+0131
    { 0x0132, 14 }, // U+0132
    { 0x0133, 29 }, // U+0133
    { 0x0134, 15 }, // U+0134
    { 0x0135, 44 }, // U+0135
    { 0x0137, 28 }, // U+0137
    { 0x0138, 28 }, // U+0138
    { 0x013A, 31 }, // U+013A
    { 0x013C, 31 }, // U+013C
    { 0x013E, 31 }, // U+013E
    { 0x0140, 31 }, // U+0140
    { 0x0142, 31 }, // U+0142
    { 0x0144, 32 }, // U+0144
    { 0x0146, 32 }, // U+0146
    { 0x0148, 32 }, // U+0148
    { 0x014B, 32 }, // U+014B
    { 0x014C, 13 }, // U+014C
    { 0x014D, 25 }, // U+014D
    { 0x014E, 13 }, // U+014E
    { 0x014F, 25 }, // U+014F
    { 0x0150, 13 }, // U+0150
    { 0x0151, 25 }, // U+0151
    { 0x0152, 13 }, // U+0152
    { 0x0153, 25 }, // U+0153
    { 0x0155, 32 }, // U+0155
    { 0x0157, 32 }, // U+0157
    { 0x0159, 32 }, // U+0159
    { 0x015A, 16 }, // U+015A
    { 0x015B, 34 }, // U+015B
    { 0x015C, 16 }, // U+015C
    { 0x015D, 34 }, // U+015D
    { 0x015E, 16 }, // U+015E
    { 0x015F, 34 }, // U+015F
    { 0x0160, 16 }, // U+0160
    { 0x0161, 34 }, // U+0161
    { 0x0162, 45 }, // U+0162
    { 0x0163, 35 }, // U+0163
    { 0x0164, 45 }, // U+0164
    { 0x0165, 35 }, // U+0165
    { 0x0166, 45 }, // U+0166
    { 0x0167, 35 }, // U+0167
    { 0x0168, 18 }, // U+0168
    { 0x0169, 36 }, // U+0169
    { 0x016A, 18 }, // U+016A
    { 0x016B, 36 }, // U+016B
    { 0x016C, 18 }, // U+016C
    { 0x016D, 36 }, // U+016D
    { 0x016E, 18 }, // U+016E
    { 0x016F, 36 }, // U+016F
    { 0x0170, 18 }, // U+0170
    { 0x0171, 36 }, // U+0171
    { 0x0172, 18 }, // U+0172
    { 0x0173, 36 }, // U+0173
    { 0x0176, 43 }, // U+0176
    { 0x0177, 37 }, // U+0177
    { 0x0178, 43 }, // U+0178
    { 0x0179, 23 }, // U+0179
    { 0x017A, 40 }, // U+017A
    { 0x017B, 23 }, // U+017B
    { 0x017C, 40 }, // U+017C
    { 0x017D, 23 }, // U+017D
    { 0x017E, 40 }, // U+017E
    { 0x017F, 26 }, // U+017F
    { 0x01A0, 13 }, // U+01A0
    { 0x01A1, 25 }, // U+01A1
    { 0x01C9, 31 }, // U+01C9
    { 0x01CC, 32 }, // U+01CC
    { 0x01CD, 12 }, // U+01CD
    { 0x01CE, 24 }, // U+01CE
    { 0x01D3, 18 }, // U+01D3
    { 0x01D4, 36 }, // U+01D4
    { 0x01E6, 13 }, // U+01E6
    { 0x01E7, 27 }, // U+01E7
    { 0x01EA, 13 }, // U+01EA
    { 0x01EB, 25 }, // U+01EB
    { 0x01FA, 12 }, // U+01FA
    { 0x01FB, 24 }, // U+01FB
    { 0x01FC, 42 }, // U+01FC
    { 0x01FD, 24 }, // U+01FD
    { 0x01FE, 13 }, // U+01FE
    { 0x01FF, 25 }, // U+01FF
    { 0x0218, 16 }, // U+0218
    { 0x0219, 34 }, // U+0219
    { 0x021A, 45 }, // U+021A
    { 0x021B, 35 }, // U+021B
    { 0x021F, 28 }, // U+021F
    { 0x0410, 46 }, // U+0410
    { 0x0414, 46 }, // U+0414
    { 0x041B, 46 }, // U+041B
    { 0x041E, 47 }, // U+041E
    { 0x0421, 47 }, // U+0421
    { 0x0422, 48 }, // U+0422
    { 0x0425, 49 }, // U+0425
    { 0x0430, 50 }, // U+0430
    { 0x0432, 51 }, // U+0432
    { 0x0434, 52 }, // U+0434
    { 0x0435, 53 }, // U+0435
    { 0x0437, 51 }, // U+0437
    { 0x043A, 51 }, // U+043A
    { 0x043D, 51 }, // U+043D
    { 0x043E, 53 }, // U+043E
    { 0x0442, 51 }, // U+0442
    { 0x0446, 51 }, // U+0446
    { 0x044C, 51 }, // U+044C
    { 0x044E, 51 }, // U+044E
    { 0x1EA0, 12 }, // U+1EA0
    { 0x1EA1, 24 }, // U+1EA1
    { 0x1EA2, 12 }, // U+1EA2
    { 0x1EA3, 24 }, // U+1EA3
    { 0x1EA4, 12 }, // U+1EA4
    { 0x1EA5, 24 }, // U+1EA5
    { 0x1EA6, 12 }, // U+1EA6
    { 0x1EA7, 24 }, // U+1EA7
    { 0x1EA8, 12 }, // U+1EA8
    { 0x1EA9, 24 }, // U+1EA9
    { 0x1EAA, 12 }, // U+1EAA
    { 0x1EAB, 24 }, // U+1EAB
    { 0x1EAC, 12 }, // U+1EAC
    { 0x1EAD, 24 }, // U+1EAD
    { 0x1EAE, 12 }, // U+1EAE
    { 0x1EAF, 24 }, // U+1EAF
    { 0x1EB0, 12 }, // U+1EB0
    { 0x1EB1, 24 }, // U+1EB1
    { 0x1EB2, 12 }, // U+1EB2
    { 0x1EB3, 24 }, // U+1EB3
    { 0x1EB4, 12 }, // U+1EB4
    { 0x1EB5, 24 }, // U+1EB5
    { 0x1EB6, 12 }, // U+1EB6
    { 0x1EB7, 24 }, // U+1EB7
    { 0x1EB9, 25 }, // U+1EB9
    { 0x1EBB, 25 }, // U+1EBB
    { 0x1EBD, 25 }, // U+1EBD
    { 0x1EBF, 25 }, // U+1EBF
    { 0x1EC1, 25 }, // U+1EC1
    { 0x1EC3, 25 }, // U+1EC3
    { 0x1EC5, 25 }, // U+1EC5
    { 0x1EC7, 25 }, // U+1EC7
    { 0x1EC8, 14 }, // U+1EC8
    { 0x1EC9, 29 }, // U+1EC9
    { 0x1ECA, 14 }, // U+1ECA
    { 0x1ECB, 29 }, // U+1ECB
    { 0x1ECC, 13 }, // U+1ECC
    { 0x1ECD, 25 }, // U+1ECD
    { 0x1ECE, 13 }, // U+1ECE
    { 0x1ECF, 25 }, // U+1ECF
    { 0x1ED0, 13 }, // U+1ED0
    { 0x1ED1, 25 }, // U+1ED1
    { 0x1ED2, 13 }, // U+1ED2
    { 0x1ED3, 25 }, // U+1ED3
    { 0x1ED4, 13 }, // U+1ED4
    { 0x1ED5, 25 }, // U+1ED5
    { 0x1ED6, 13 }, // U+1ED6
    { 0x1ED7, 25 }, // U+1ED7
    { 0x1ED8, 13 }, // U+1ED8
    { 0x1ED9, 25 }, // U+1ED9
    { 0x1EDA, 13 }, // U+1EDA
    { 0x1EDB, 25 }, // U+1EDB
    { 0x1EDC, 13 }, // U+1EDC
    { 0x1EDD, 25 }, // U+1EDD
    { 0x1EDE, 13 }, // U+1EDE
    { 0x1EDF, 25 }, // U+1EDF
    { 0x1EE0, 13 }, // U+1EE0
    { 0x1EE1, 25 }, // U+1EE1
    { 0x1EE2, 13 }, // U+1EE2
    { 0x1EE3, 25 }, // U+1EE3
    { 0x1EE4, 18 }, // U+1EE4
    { 0x1EE5, 36 }, // U+1EE5
    { 0x1EE6, 18 }, // U+1EE6
    { 0x1EE7, 36 }, // U+1EE7
    { 0x1EE8, 18 }, // U+1EE8
    { 0x1EE9, 36 }, // U+1EE9
    { 0x1EEA, 18 }, // U+1EEA
    { 0x1EEB, 36 }, // U+1EEB
    { 0x1EEC, 18 }, // U+1EEC
    { 0x1EED, 36 }, // U+1EED
    { 0x1EEE, 18 }, // U+1EEE
    { 0x1EEF, 36 }, // U+1EEF
    { 0x1EF0, 18 }, // U+1EF0
    { 0x1EF1, 36 }, // U+1EF1
    { 0x1EF2, 43 }, // U+1EF2
    { 0x1EF3, 37 }, // U+1EF3
    { 0x1EF4, 43 }, // U+1EF4
    { 0x1EF5, 37 }, // U+1EF5
    { 0x1EF6, 43 }, // U+1EF6
    { 0x1EF7, 37 }, // U+1EF7
    { 0x1EF8, 43 }, // U+1EF8
    { 0x1EF9, 37 }, // U+1EF9
    { 0x2013, 4 }, // U+2013
    { 0x2014, 4 }, // U+2014
    { 0x2019, 54 }, // U+2019
    { 0x201A, 3 }, // U+201A
    { 0x201D, 54 }, // U+201D
    { 0x201E, 3 }, // U+201E
    { 0x2026, 3 }, // U+2026
    { 0x2030, 1 }, // U+2030
    { 0x20AB, 25 }, // U+20AB
    { 0x2202, 25 }, // U+2202
    { 0xFB00, 26 }, // U+FB00
    { 0xFB01, 26 }, // U+FB01
    { 0xFB02, 26 }, // U+FB02
    { 0xFB03, 26 }, // U+FB03
    { 0xFB04, 26 }, // U+FB04
};

static const int8_t lexenddeca_18_bolditalicKernMatrix[] = {
       0,    0,    0,    0,    0,    0,    0,    0,   19,    0,    0,    0,    0,    0,    0,    0,    0,    0,    0,    0,    0,    0,    0,    0,    0,    0,    0,    0,    0,    0,    0,    0,    0,    0,    0,    0,    0,    0,    0,    0,    0,    0,    0,    0,    0,    0,    0,    0,    0,    0,    0,    0,    0,    0,
       0,    0,    0,    0,    0,    0,    0,    0,    0,    0,    0,    0,    0,    0,    0,    0,    0,    0,    0,    0,    0,    0,    0,    0,    0,    0,  -13,    0,    0,    0,    0,    0,    0,    0,    0,    0,    0,    0,    0,    0,    0,    0,    0,    0,    0,    0,    0,    0,    0,    0,    0,    0,    0,    0,
       0,    0,    0,    0,    0,  -28,  -19,   19,  -33,    0,    0,    0,    0,    0,    0,    0,    0,    0,    0,    0,    0,    0,    0,    0,    0,    0,    0,    0,    0,    0,    0,    0,    0,    0,    0,    0,    0,    0,    0,    0,    0,    0,    0,    0,    0,    0,    0,    0,    0,    0,    0,    0,    0,    0,
       0,    0,    0,    0,  -71,    0,    0,    0,    0,    0,    0,    0,    0,    0,    0,    0,    0,    0,    0,    0,    0,    0,    0,    0,    0,    0,    0,    0,    0,    0,    0,    0,    0,    0,    0,    0,    0,    0,    0,    0,    0,    0,    0,    0,    0,    0,    0,    0,    0,    0,    0,    0,    0,    0,
       0,   10,    0,    0,    0,    0,    0,    0,    0,    0,    0,    0,    0,    0,    0,    0,    0,    0,    0,    0,    0,    0,    0,    0,    0,    0,    0,    0,    0,    0,    0,    0,    0,    0,    0,    0,    0,    0,    0,    0,    0,    0,    0,    0,    0,    0,    0,    0,    0,    0,    0,    0,    0,    0,
       0,    0,    0,    0,    0,    0,    0,   -5,    0,    0,    0,    0,    0,    0,    0,    0,    0,    0,    0,    0,    0,    0,    0,    0,    0,    0,    0,    0,    0,    0,    0,    0,    0,    0,    0,    0,    0,    0,    0,    0,    0,    0,    0,    0,    0,    0,    0,    0,    0,    0,    0,    0,    0,    0,
     -14,    0,    0,    0,    0,    0,    0,   12,    0,    0,  -13,    0,    0,    0,    0,    0,    0,    0,    0,    0,    0,    0,    0,    0,    0,    0,    0,    0,    0,    0,    0,    0,    0,    0,    0,    0,    0,    0,    0,    0,  -46,    0,    0,    0,    0,    0,    0,    0,    0,    0,    0,    0,    0,    0,
      -5,    0,    0,    0,    0,    0,    0,    0,    0,    0,  -16,    0,    0,    0,    0,    0,    0,    0,    0,    0,    0,    0,    0,    0,    0,    0,    0,    0,    0,    0,    0,    0,    0,    0,    0,    0,    0,    0,    0,    0,    0,    0,    0,    0,    0,    0,    0,    0,    0,    0,    0,    0,    0,    0,
     -23,    0,    0,    0,    0,  -14,  -11,    0,    0,    0,    0,    0,    0,    0,    0,    0,    0,    0,    0,    0,    0,    0,    0,    0,    0,    0,    0,    0,    0,    0,    0,    0,    0,    0,    0,    0,    0,    0,    0,    0,    0,    0,    0,    0,    0,    0,    0,    0,    0,    0,    0,    0,    0,    0,
      19,    0,    0,  -33,    0,    0,    0,  -22,   22,  -16,    0,    0,    0,    0,    0,    0,    0,    0,    0,    0,    0,    0,    0,    0,    0,    0,    0,    0,    0,    0,    0,    0,    0,    0,    0,    0,    0,    0,    0,    0,    0,    0,    0,    0,    0,    0,    0,    0,    0,    0,    0,    0,    0,    0,
     -37,    0,    0,    0,    0,  -17,    0,    0,  -11,    0,  -14,    0,    0,    0,    0,    0,    0,    0,    0,    0,    0,    0,    0,    0,    0,    0,    0,    0,    0,    0,    0,    0,    0,    0,    0,    0,    0,    0,    0,    0,  -17,    0,    0,    0,    0,    0,    0,    0,    0,    0,    0,    0,    0,    0,
       0,    0,    0,    0,    0,    0,    0,  -14,  -11,  -14,    0,    0,    0,    0,    0,    0,    0,    0,    0,    0,    0,    0,    0,    0,    0,    0,    0,    0,    0,    0,    0,    0,    0,    0,    0,    0,    0,    0,    0,    0,    0,    0,    0,    0,    0,    0,    0,    0,    0,    0,    0,    0,    0,    0,
       0,    0,    0,    0,    0,    0,    0,    0,    0,    0,    0,   11,  -22,    0,    0,    0,  -40,  -17,  -40,  -28,    0,  -40,    0,    0,    0,    0,    0,    0,    0,    0,  -13,    0,    0,    0,  -16,  -14,  -24,  -26,   12,    0,    0,    0,  -40,    0,  -40,    0,    0,    0,    0,    0,    0,    0,    0,    0,
       0,    0,    0,    0,    0,    0,    0,    0,    0,    0,    0,  -11,    0,    0,    0,    0,    0,    0,  -11,    0,  -11,  -17,    0,   -8,    0,    0,    0,    0,    0,    0,    0,    0,    0,    0,    0,    0,    0,    0,    0,    0,    0,  -25,  -17,    0,    0,    0,    0,    0,    0,    0,    0,    0,    0,    0,
       0,    0,    0,    0,    0,    0,    0,    0,    0,    0,    0,    0,  -11,    0,    0,    0,    0,    0,    0,    0,    0,  -14,    0,    0,    0,    0,    0,    0,    0,    0,    0,    0,    0,    0,    0,    0,    0,    0,    0,    0,    0,  -25,  -14,    0,    0,    0,    0,    0,    0,    0,    0,    0,    0,    0,
       0,    0,    0,    0,    0,    0,    0,    0,    0,    0,    0,  -23,    0,  -17,    0,    0,  -23,    0,  -17,  -11,  -11,  -28,  -11,  -17,    0,    0,    0,    0,    0,    0,    0,    0,    0,    0,    0,    0,    0,    0,    0,  -11,    0,  -42,  -28,    0,  -23,    0,    0,    0,    0,    0,    0,    0,    0,    0,
       0,    0,    0,    0,    0,    0,    0,    0,    0,    0,    0,    0,  -11,    0,    0,    0,    0,    0,   10,   11,    0,    0,    0,    0,    0,    0,    0,    0,    0,    0,    0,    0,    0,    0,    0,    0,    0,    0,    0,    0,    0,    0,    0,    0,    0,    0,    0,    0,    0,    0,    0,    0,    0,    0,
       0,    0,    0,    0,    0,    0,    0,    0,    0,    0,    0,  -23,    0,    0,  -19,    0,   14,    0,    0,    0,    0,    0,    0,  -13,    0,    0,    0,    0,    0,    0,    0,    0,    0,    0,    0,    0,    0,    0,    0,    0,    0,  -68,    0,    0,   14,    0,    0,    0,    0,    0,    0,    0,    0,    0,
       0,    0,    0,    0,    0,    0,    0,    0,    0,    0,    0,    0,    0,    0,    0,    0,  -11,    0,  -17,    0,    0,  -28,    0,    0,    0,    0,    0,    0,    0,    0,    0,    0,    0,    0,    0,    0,    0,    0,    0,    0,    0,    0,  -28,    0,  -11,    0,    0,    0,    0,    0,    0,    0,    0,    0,
       0,    0,    0,    0,    0,    0,    0,    0,    0,    0,    0,    0,  -17,    0,    0,    0,    0,    0,    0,    0,    0,    0,    0,    0,    0,  -13,    0,    0,    0,    0,    0,    0,    0,    0,  -17,    0,    0,    0,    0,    0,    0,  -16,    0,    0,    0,    0,    0,    0,    0,    0,    0,    0,    0,    0,
       0,    0,    0,    0,    0,    0,    0,    0,    0,    0,    0,  -17,    0,    0,    0,    0,    0,    0,    0,    0,    0,    0,    0,    0,    0,    0,    0,    0,    0,    0,    0,    0,    0,    0,    0,    0,    0,    0,    0,    0,    0,    0,    0,    0,    0,    0,    0,    0,    0,    0,    0,    0,    0,    0,
       0,    0,    0,    0,    0,    0,    0,    0,    0,    0,    0,    0,  -28,    0,    0,    0,    0,    0,    0,    0,    0,    0,    0,    0,  -11,    0,    0,    0,    0,    0,    0,    0,    0,    0,    0,  -26,  -30,  -30,    0,    0,    0,    0,    0,    0,    0,    0,    0,    0,    0,    0,    0,    0,    0,    0,
       0,    0,    0,    0,    0,    0,    0,    0,    0,    0,    0,   17,  -22,    0,   17,    0,  -62,  -13,  -40,  -23,   17,  -51,    0,    0,    0,    0,    0,    0,  -11,    0,    0,    0,    0,    0,    0,    0,  -23,  -28,   17,    0,    0,    0,  -51,    0,  -62,    0,    0,    0,    0,    0,    0,    0,    0,    0,
       0,    0,    0,    0,    0,    0,    0,    0,    0,    0,    0,  -49,    0,    0,  -40,    0,    0,    0,    0,    0,  -17,  -11,  -11,  -17,    0,    0,    0,    0,    0,    0,    0,    0,    0,  -11,    0,    0,    0,    0,    0,    0,    0,  -88,  -11,    0,    0,    0,    0,    0,    0,    0,    0,    0,    0,    0,
       0,    0,    0,    0,    0,    0,    0,    0,    0,    0,    0,   17,    0,    0,    0,    0,    0,   -4,    0,    0,   11,  -23,    0,    0,    0,    0,    0,    0,    0,    0,    0,    0,    0,    0,    0,    0,    0,    0,   11,   11,    0,    0,  -23,    0,    0,    0,    0,    0,    0,    0,    0,    0,    0,    0,
       0,    0,    0,    0,    0,    0,    0,    0,    0,    0,    0,   11,  -13,    0,    0,    0,    0,    0,    0,    0,    0,  -10,    0,    0,    0,    0,  -11,    0,    0,    0,    0,    0,    0,    0,    0,  -11,    0,    0,    0,    0,    0,    0,  -10,    0,    0,    0,    0,    0,    0,    0,    0,    0,    0,    0,
       0,    0,    0,    0,    0,    0,    0,    0,    0,    0,    0,    0,    0,    0,    0,    0,    0,    0,    0,  -11,    0,   -8,    0,    0,    0,    0,    0,    0,    0,    0,    0,    0,    0,    0,    0,    0,    0,    0,    0,    0,    0,  -16,   -8,    0,    0,    0,    0,    0,    0,    0,    0,    0,    0,    0,
       0,    0,    0,    0,    0,    0,    0,    0,    0,    0,    0,  -40,  -23,    0,  -62,    0,   13,    0,   23,   17,    0,   11,    0,  -50,  -52,   11,  -48,    0,    0,    0,    0,  -40,  -40,  -29,    0,  -34,   -6,   -6,  -12,  -18,    0,  -75,   11,    0,   13,    0,    0,    0,    0,    0,    0,    0,    0,    0,
       0,    0,    0,    0,    0,    0,    0,    0,    0,    0,    0,  -17,    0,    0,    0,    0,    0,    0,    0,    0,    0,    0,    0,    0,    0,    0,    0,    0,    0,    0,    0,    0,    0,    0,    0,    0,    0,    0,    0,    0,    0,  -53,    0,    0,    0,    0,    0,    0,    0,    0,    0,    0,    0,    0,
       0,    0,    0,    0,    0,    0,    0,    0,    0,    0,    0,  -40,  -17,    0,  -23,    0,   23,    0,   11,   11,    0,   11,    0,  -23,  -28,    0,  -22,    0,    0,    0,    0,  -11,  -11,  -11,    0,    0,    0,    0,    0,    0,    0,  -56,   11,    0,   23,    0,    0,    0,    0,    0,    0,    0,    0,    0,
       0,    0,    0,    0,    0,    0,    0,    0,    0,    0,    0,  -28,  -11,    0,  -17,    0,   17,    0,   11,   11,    0,    0,    0,  -17,  -14,    0,  -17,    0,    0,    0,    0,    0,    0,    0,    0,    0,    0,    0,    0,    0,    0,  -53,    0,    0,   17,    0,    0,    0,    0,    0,    0,    0,    0,    0,
       0,    0,    0,    0,    0,    0,    0,    0,    0,    0,    0,    0,  -17,    0,    0,    0,    0,    0,    0,    0,    0,    0,    0,  -11,  -12,    0,  -11,    0,    0,    0,    0,    0,    0,    0,    0,  -17,  -11,    0,    0,    0,    0,    0,    0,    0,    0,    0,    0,    0,    0,    0,    0,    0,    0,    0,
       0,    0,    0,    0,    0,    0,    0,    0,    0,    0,    0,  -40,  -28,    0,  -34,    0,   11,    0,   11,    0,    0,    0,    0,  -46,  -52,    0,  -51,    0,    0,    0,    0,  -26,  -26,  -34,    0,  -23,    0,    0,  -11,  -11,    0,  -97,    0,    0,   11,    0,    0,    0,    0,    0,    0,    0,    0,    0,
       0,    0,    0,    0,    0,    0,    0,    0,    0,    0,    0,    0,  -17,    0,    0,    0,    0,    0,    0,    0,    0,    0,    0,    0,    0,    0,  -17,    0,    0,    0,    0,    0,    0,    0,  -17,    0,    0,    0,    0,    0,    0,    0,    0,    0,    0,    0,    0,    0,    0,    0,    0,    0,    0,    0,
       0,    0,    0,    0,    0,    0,    0,    0,    0,    0,    0,    0,    0,    0,    0,    0,  -50,    0,    0,    0,    0,  -34,    0,    0,    0,    0,    0,    0,    0,    0,    0,    0,    0,    0,    0,    0,    0,    0,    0,    0,    0,    0,    0,    0,    0,    0,    0,    0,    0,    0,    0,    0,    0,    0,
       0,    0,    0,    0,    0,    0,    0,    0,    0,    0,    0,    0,    0,    0,    0,    0,  -52,    0,  -28,  -14,  -12,  -52,    0,    0,    0,    0,    0,    0,    0,    0,    0,    0,    0,    0,    0,    0,    0,    0,    0,    0,    0,  -24,  -52,    0,  -52,    0,    0,    0,    0,    0,    0,    0,    0,    0,
       0,    0,    0,    0,    0,    0,    0,    0,    0,    0,    0,    0,    0,    0,    0,    0,  -34,    0,    0,  -17,    0,  -46,    0,    0,    0,    0,    0,    0,    0,    0,    0,    0,    0,    0,    0,    0,    0,    0,    0,    0,    0,   -7,  -46,    0,  -34,    0,    0,    0,    0,    0,    0,    0,    0,    0,
       0,    0,    0,    0,    0,    0,    0,    0,    0,    0,    0,    0,    0,    0,    0,    0,    0,    0,    0,    0,    0,    0,    0,    0,    0,    0,    0,    0,    0,   10,    0,    0,    0,    0,    0,    0,    0,    0,    0,    0,    0,    0,    0,    0,    0,    0,    0,    0,    0,    0,    0,    0,    0,    0,
       0,    0,    0,    0,    0,    0,    0,    0,    0,    0,    0,    0,    0,    0,    0,    0,  -40,    0,  -23,  -17,  -11,  -46,    0,    0,    0,    0,    0,    0,    0,    0,    0,    0,    0,    0,    0,    0,    0,    0,    0,    0,    0,  -19,  -46,    0,  -40,    0,    0,    0,    0,    0,    0,    0,    0,    0,
       0,    0,    0,    0,    0,    0,    0,    0,    0,    0,    0,    0,    0,    0,    0,    0,   17,    0,    0,   11,    0,    0,    0,  -19,  -13,    0,    0,    0,    0,    0,    0,    0,    0,    0,    0,    0,    0,    0,    0,    0,    0,  -49,    0,    0,   17,    0,    0,    0,    0,    0,    0,    0,    0,    0,
       0,    0,    0,    0,    0,    0,    0,    0,    0,    0,    0,    0,    0,    0,    0,    0,    0,    0,    0,    0,    0,  -28,    0,    0,    0,    0,    0,    0,    0,    0,    0,    0,    0,    0,    0,    0,    0,    0,    0,    0,    0,    0,  -28,    0,    0,    0,    0,    0,    0,    0,    0,    0,    0,    0,
       0,    0,    0,    0,    0,    0,    0,    0,    0,    0,    0,    0,    0,    0,    0,    0,  -41,    0,  -17,  -17,    0,  -40,    0,    0,   -7,    0,   -8,    0,    0,    0,    0,    0,    0,    0,   -8,    0,    0,    0,    0,    0,    0,  -11,  -40,    0,  -41,    0,    0,    0,    0,    0,    0,    0,    0,    0,
       0,    0,    0,    0,    0,    0,    0,    0,    0,    0,    0,    0,    0,    0,    0,    0,    0,    0,    0,    0,    0,    0,    0,    0,    0,    0,    0,    0,    0,   14,    0,    0,    0,    0,    0,    0,    0,    0,    0,    0,    0,    0,    0,   14,    0,    0,    0,    0,    0,    0,    0,    0,    0,    0,
       0,    0,    0,    0,    0,    0,    0,    0,    0,    0,    0,   17,  -11,    0,    0,    0,    0,    0,    0,    0,    0,    0,    0,    0,   -9,    0,    0,    0,    0,    0,    0,    0,    0,    0,   -7,    0,    0,    0,    0,    0,    0,    0,    0,    0,    0,    0,    0,    0,    0,    0,    0,    0,    0,    0,
       0,    0,   20,    0,    0,    0,    0,    0,    0,    0,    0,    0,    0,    0,    0,    0,    0,    0,    0,    0,   11,    0,    0,    0,    0,    0,    0,    0,  -11,    0,    0,    0,    7,    0,    0,    0,    7,    0,    0,    0,    0,    7,    0,    0,    0,    0,    0,    0,    0,    0,    0,    0,    0,    0,
       0,    0,    0,    0,    0,    0,    0,    0,    0,    0,    0,    0,    0,    0,    0,    0,  -28,    0,    0,    0,    0,  -17,    0,    0,    0,    0,    0,    0,    0,    0,    0,    0,    0,    0,    0,    0,    0,    0,    0,    0,    0,    0,  -17,    0,  -28,    0,    0,    0,    0,    0,    0,    0,    0,    0,
       0,    0,    0,    0,    0,    0,    0,    0,    0,    0,    0,    0,    0,    0,  -48,    0,  -11,    0,    0,   17,    0,    0,    0,   -9,    0,   11,    0,    0,    0,    0,    0,    0,    0,    0,   10,    0,   16,   14,   13,    0,    0,  -72,    0,    0,  -11,    0,    0,    0,    0,    0,    0,    0,    0,    0,
       0,    0,    0,    0,    0,    0,    0,    0,    0,    0,    0,    0,    0,    0,   13,    0,  -29,    0,  -11,    0,    0,  -34,    0,    0,    0,    0,    0,    0,    0,    0,    0,    0,    0,    0,    0,    0,    0,    0,    0,    0,    0,   -4,  -34,    0,  -29,    0,    0,    0,    0,    0,    0,    0,    0,    0,
       0,    0,    0,    0,    0,    0,    0,    0,    0,    0,    0,   14,    0,    0,    0,    0,    0,    0,    0,    0,    0,  -17,    0,    0,    0,    0,    0,    0,    0,    0,    0,    0,    0,    0,    0,    0,    0,    0,    0,    0,    0,    0,  -17,    0,    0,    0,    0,    0,    0,    0,    0,    0,    0,    0,
       0,    0,    0,    0,    0,    0,    0,    0,    0,    0,    0,    0,    0,    0,    0,    0,  -39,    0,    0,    0,    0,  -23,    0,    0,    0,    0,    0,    0,    0,    0,    0,    0,    0,    0,    0,    0,    0,    0,    0,    0,    0,  -16,  -23,    0,  -39,    0,    0,    0,    0,    0,    0,    0,    0,    0,
       0,    0,    0,    0,    0,    0,    0,    0,    0,    0,    0,  -34,    0,    0,    0,    0,   -6,    0,    0,    0,  -11,    0,  -11,  -11,    0,   13,    0,    0,    0,    0,    0,    0,    0,   13,    0,    0,    6,    6,    0,    0,    0,  -61,    0,    0,   -6,    0,    0,    0,    0,    0,    0,    0,    0,    0,
       0,    0,    0,    0,    0,    0,    0,    0,    0,    0,    0,    0,    0,    0,    0,    0,   -6,    0,    0,    0,    0,    0,    0,    0,    0,    8,    0,    0,    0,    0,    0,    0,    0,    0,    0,    0,    6,    6,    0,    0,    0,  -60,    0,    0,   -6,    0,    0,    0,    0,    0,    0,    0,    0,    0,
       0,    0,    0,    0,    0,    0,    0,    0,    0,    0,    0,   12,    0,    0,    0,    0,    0,    0,    0,    0,    0,  -11,    0,    0,    0,    0,    0,    0,    0,    0,    0,    0,    0,    0,    0,    0,    0,    0,    0,    0,    0,    0,  -11,    0,    0,    0,    0,    0,    0,    0,    0,    0,    0,    0,
       0,    0,    0,    0,    0,    0,    0,    0,    0,    0,    0,    0,    0,    0,    0,    0,    0,    0,    0,    0,    0,  -11,    0,    0,    0,    0,    0,    0,    0,    0,    0,    0,    0,    0,    0,    0,    0,    0,    0,    0,    0,    0,  -11,    0,    0,    0,    0,    0,    0,    0,    0,    0,    0,    0,
       0,    0,    0,    0,    0,    0,    0,    0,    0,    0,    0,    0,    0,    0,    0,    0,  -41,    0,  -17,  -17,    0,  -40,    0,    0,   -7,    0,   -8,    0,    0,   34,    0,    0,    0,    0,   -8,    0,    0,    0,    0,    0,    0,  -11,  -40,    0,  -41,    0,    0,    0,    0,    0,    0,    0,    0,    0,
       0,    0,   20,    0,    0,    0,    0,    0,    0,    0,    0,    0,   16,   24,    0,   18,   60,   24,   56,   56,   48,   54,   32,    0,    0,   30,    0,   24,   12,   24,   24,   18,   18,    0,   24,    0,   40,   32,   32,   24,    0,    7,   54,   24,   60,    0,    0,    0,    0,    0,    0,    0,    0,   32,
       0,    0,   20,    0,    0,    0,    0,    0,    0,    0,    0,    0,    0,    0,    0,    0,    0,    0,    0,    0,   11,    0,    0,    0,    0,    0,    0,    0,  -11,    0,    0,    0,    0,    0,    0,    0,    7,    0,    0,    0,    0,    7,    0,    0,    0,    0,    0,    0,    0,    0,    0,    0,    0,    0,
       0,    0,  -40,    0,    0,    0,    0,    0,    0,    0,    0,  -16,    0,    0,    0,    0,   24,    0,   16,   16,    8,    8,    0,    0,    0,    0,    0,    0,    0,    0,    0,    0,    0,    0,    0,    0,    0,    0,    0,    0,    0,  -32,    8,    0,   24,    0,    0,    0,    0,    0,    0,    0,    0,    0,
       0,    0,  -40,    0,    0,    0,    0,    0,    0,    0,    0,  -16,    0,    0,    0,   16,   16,    0,   16,   16,    0,    0,    0,    0,    0,    0,    0,    8,    8,    0,    8,    0,    0,    0,   16,    0,   24,   24,   16,    0,    0,  -24,    0,    0,   16,    0,    0,    0,    0,    0,    0,    0,    0,    0,
       0,    0,  -40,    0,    0,    0,    0,    0,    0,    0,    0,  -32,    0,    0,   -8,    0,   32,    0,   24,   24,    8,   16,    0,  -16,   -8,    0,   -8,    0,    0,    0,    0,    0,    0,    0,    0,   -8,    0,    0,    0,   -8,    0,  -40,   16,    0,   32,    0,    0,    0,    0,    0,    0,    0,    0,    0,
       0,    0,  -24,    0,    0,    0,    0,    0,    0,    0,    0,  -16,    0,    0,  -16,   16,   24,    0,   24,   24,    0,    0,    0,   -8,   -8,   16,   -8,    0,    0,    0,    0,    0,    0,   -8,   16,    0,   24,   24,   24,    0,    0,  -24,    0,    0,   24,    0,    0,    0,    0,    0,    0,    0,    0,    0,
       0,    0,    0,    0,    0,    0,    0,    0,    0,    0,    0,    0,    0,    0,    0,    0,    0,    0,    0,    0,    0,    0,    0,    0,    0,    0,    0,    0,    0,    0,    0,    0,    0,    0,    0,    0,    0,    0,    0,    0,    0,    0,    0,    0,    0,    0,  -23,  -56,    0,    0,    0,    0,    0,    0,
       0,    0,    0,    0,    0,    0,    0,    0,    0,    0,    0,    0,    0,    0,    0,    0,    0,    0,    0,    0,    0,    0,    0,    0,    0,    0,    0,    0,    0,    0,    0,    0,    0,    0,    0,    0,    0,    0,    0,    0,    0,    0,    0,    0,    0,  -32,    0,    0,    0,  -21,    0,  -35,  -29,    0,
       0,    0,    0,    0,    0,    0,    0,    0,    0,    0,    0,    0,    0,    0,    0,    0,    0,    0,    0,    0,    0,    0,    0,    0,    0,    0,    0,    0,    0,    0,    0,    0,    0,    0,    0,    0,    0,    0,    0,    0,    0,    0,    0,    0,    0,    0,    0,   -6,  -12,    0,    0,    0,    0,    0,
       0,    0,    0,    0,    0,    0,    0,    0,    0,    0,    0,    0,    0,    0,    0,    0,    0,    0,    0,    0,    0,    0,    0,    0,    0,    0,    0,    0,    0,    0,    0,    0,    0,    0,    0,    0,    0,    0,    0,    0,    0,    0,    0,    0,    0,  -15,    0,    0,    0,   -3,    0,  -23,   -6,    0,
       0,    0,    0,    0,    0,    0,    0,    0,    0,    0,    0,    0,    0,    0,    0,    0,    0,    0,    0,    0,    0,    0,    0,    0,    0,    0,    0,    0,    0,    0,    0,    0,    0,    0,    0,    0,    0,    0,    0,    0,    0,    0,    0,    0,    0,  -29,    6,    0,    0,  -26,   -6,  -47,  -26,    0,
       0,    0,    0,    0,    0,    0,    0,    0,    0,    0,    0,    0,    0,    0,    0,    0,    0,    0,    0,    0,    0,    0,    0,    0,    0,    0,    0,    0,    0,    0,    0,    0,    0,    0,    0,    0,    0,    0,    0,    0,    0,    0,    0,    0,    0,    0,  -23,    0,    0,    0,    0,    0,    0,    0,
       0,    0,    0,    0,    0,    0,    0,    0,    0,    0,    0,    0,    0,    0,    0,    0,    0,    0,    0,    0,    0,    0,    0,    0,    0,    0,    0,    0,    0,    0,    0,    0,    0,    0,    0,    0,    0,    0,    0,    0,    0,    0,    0,    0,    0,    0,    0,  -23,    0,    0,    0,    0,    0,    0,
       0,    0,    0,    0,    0,    0,    0,    0,    0,    0,    0,    0,    0,    0,    0,    0,    0,    0,    0,    0,    0,    0,    0,    0,    0,    0,    0,    0,    0,    0,    0,    0,    0,    0,    0,    0,    0,    0,    0,    0,    0,    0,    0,    0,    0,    0,    0,    0,    0,    0,    0,   -6,    0,    0,
       0,    0,    0,    0,    0,    0,    0,    0,    0,    0,    0,    0,    0,    0,    0,    0,    0,    0,    0,    0,    0,    0,    0,    0,    0,    0,    0,    0,    0,    0,    0,    0,    0,    0,    0,    0,    0,    0,    0,    0,    0,    0,    0,    0,    0,    0,    0,    0,    0,    0,    0,    0,   -6,    0,
       0,    0,    0,    0,    0,    0,    0,    0,    0,    0,    0,    0,    0,    0,    0,    0,    0,    0,    0,    0,    0,    0,    0,    0,    0,    0,    0,    0,    0,    0,    0,    0,    0,  -17,    0,    0,    0,    0,    0,    0,    0,    0,    0,    0,    0,    0,    0,    0,    0,    0,    0,    0,    0,    0,
};

static const EpdLigaturePair lexenddeca_18_bolditalicLigaturePairs[] = {
    { 0x00660066, 0xFB00 }, // f f -> U+FB00
    { 0x00660069, 0xFB01 }, // f i -> U+FB01
    { 0x0066006C, 0xFB02 }, // f l -> U+FB02
    { 0xFB000069, 0xFB03 }, // U+FB00 i -> U+FB03
    { 0xFB00006C, 0xFB04 }, // U+FB00 l -> U+FB04
};

static constexpr EpdFontData lexenddeca_18_bolditalic = {
    lexenddeca_18_bolditalicBitmaps,
    lexenddeca_18_bolditalicGlyphs,
    lexenddeca_18_bolditalicIntervals,
    78,
    47,
    36,
    -11,
    true,
    lexenddeca_18_bolditalicGroups,
    17,
    nullptr,
    lexenddeca_18_bolditalicKernLeftClasses,
    lexenddeca_18_bolditalicKernRightClasses,
    lexenddeca_18_bolditalicKernMatrix,
    362,
    348,
    71,
    54,
    lexenddeca_18_bolditalicLigaturePairs,
    5,
};
