/**
 * generated by fontconvert.py
 * name: lexenddeca_8_bold
 * size: 8
 * mode: 2-bit  compressed: true
 * Command used: fontconvert.py lexenddeca_8_bold 8 ../builtinFonts/source/LexicaUltralegible/LexicaUltralegible-Bold.ttf ../builtinFonts/source/ChareInk7/ChareInk7-Bold.ttf ../builtinFonts/source/NotoEmoji/NotoEmoji-Regular.ttf ../builtinFonts/source/NotoSymbols/NotoSansSymbols-Regular.ttf --additional-intervals 0x03BB,0x03BB --additional-intervals 0x0410,0x0414 --additional-intervals 0x0418,0x0418 --additional-intervals 0x041B,0x041B --additional-intervals 0x041D,0x0423 --additional-intervals 0x0425,0x0425 --additional-intervals 0x0427,0x0427 --additional-intervals 0x042B,0x042C --additional-intervals 0x042E,0x0432 --additional-intervals 0x0434,0x0435 --additional-intervals 0x0437,0x0437 --additional-intervals 0x043A,0x043A --additional-intervals 0x043D,0x043E --additional-intervals 0x0440,0x0440 --additional-intervals 0x0442,0x0442 --additional-intervals 0x0446,0x0446 --additional-intervals 0x044C,0x044C --additional-intervals 0x044E,0x044E --additional-intervals 0x2113,0x2113 --additional-intervals 0x2669,0x266F --additional-intervals 0x1F600,0x1F607 --additional-intervals 0x1F609,0x1F614 --additional-intervals 0x1F618,0x1F618 --additional-intervals 0x1F61A,0x1F61A --additional-intervals 0x1F61C,0x1F61D --additional-intervals 0x1F620,0x1F622 --additional-intervals 0x1F624,0x1F625 --additional-intervals 0x1F629,0x1F629 --additional-intervals 0x1F62C,0x1F62E --additional-intervals 0x1F631,0x1F635 --additional-intervals 0x1F641,0x1F642 --additional-intervals 0x1F644,0x1F644 --additional-intervals 0x1F44B,0x1F44F --additional-intervals 0x2764,0x2764 --font-include-intervals 1:0x03BB,0x03BB --font-include-intervals 1:0x0410,0x0414 --font-include-intervals 1:0x0418,0x0418 --font-include-intervals 1:0x041B,0x041B --font-include-intervals 1:0x041D,0x0423 --font-include-intervals 1:0x0425,0x0425 --font-include-intervals 1:0x0427,0x0427 --font-include-intervals 1:0x042B,0x042C --font-include-intervals 1:0x042E,0x0432 --font-include-intervals 1:0x0434,0x0435 --font-include-intervals 1:0x0437,0x0437 --font-include-intervals 1:0x043A,0x043A --font-include-intervals 1:0x043D,0x043E --font-include-intervals 1:0x0440,0x0440 --font-include-intervals 1:0x0442,0x0442 --font-include-intervals 1:0x0446,0x0446 --font-include-intervals 1:0x044C,0x044C --font-include-intervals 1:0x044E,0x044E --font-include-intervals 1:0x2113,0x2113 --font-include-intervals 2:0x1F600,0x1F607 --font-include-intervals 2:0x1F609,0x1F614 --font-include-intervals 2:0x1F618,0x1F618 --font-include-intervals 2:0x1F61A,0x1F61A --font-include-intervals 2:0x1F61C,0x1F61D --font-include-intervals 2:0x1F620,0x1F622 --font-include-intervals 2:0x1F624,0x1F625 --font-include-intervals 2:0x1F629,0x1F629 --font-include-intervals 2:0x1F62C,0x1F62E --font-include-intervals 2:0x1F631,0x1F635 --font-include-intervals 2:0x1F641,0x1F642 --font-include-intervals 2:0x1F644,0x1F644 --font-include-intervals 2:0x1F44B,0x1F44F --font-include-intervals 2:0x2764,0x2764 --font-include-intervals 3:0x2669,0x266F --2bit --compress --pnum --darken-aa
 */
#pragma once
#include "EpdFontData.h"

static const uint8_t lexenddeca_8_boldBitmaps[10854] = {
    0x7D, 0x56, 0xBF, 0x8F, 0x1C, 0x35, 0x14, 0x7E, 0xBB, 0x13, 0x34, 0xA0, 0x91, 0x62, 0x4A, 0x24,
    0x40, 0x6E, 0x91, 0x50, 0x62, 0x40, 0x29, 0x52, 0x70, 0xEB, 0x11, 0x48, 0x9C, 0x04, 0x45, 0xF2,
    0x1F, 0xE4, 0x1F, 0x40, 0x0A, 0x65, 0x8A, 0xDC, 0x8D, 0x05, 0x65, 0x0A, 0x4A, 0x4A, 0x52, 0xD3,
    0x04, 0xBA, 0x43, 0xDA, 0xDD, 0x71, 0x72, 0x45, 0x0A, 0x8A, 0x1B, 0x42, 0x41, 0x91, 0xE2, 0x0C,
    0xA1, 0x40, 0xA2, 0x88, 0x21, 0x23, 0x9D, 0xEF, 0xCE, 0x33, 0xE6, 0x7B, 0x33, 0xBB, 0x77, 0xC9,
    0x5D, 0x94, 0xF5, 0x9B, 0x59, 0x8F, 0x7F, 0x3E, 0x7F, 0xEF, 0x7D, 0xEF, 0x39, 0x46, 0xFE, 0xED,
    0xEC, 0xD0, 0x4E, 0xDC, 0x39, 0x76, 0x63, 0x99, 0xF8, 0x39, 0x4D, 0x7C, 0xA4, 0xB7, 0x8F, 0xFA,
    0x52, 0xA7, 0x64, 0xF0, 0x94, 0xD9, 0x1F, 0x9E, 0xB2, 0x5F, 0xF1, 0x3C, 0xF2, 0x54, 0xA5, 0x44,
    0x35, 0x9E, 0x62, 0xD7, 0x91, 0xD8, 0x6D, 0x88, 0x3E, 0xA0, 0x69, 0x4F, 0x22, 0x35, 0x3A, 0x79,
    0xFD, 0x91, 0xD1, 0x3F, 0x92, 0xEA, 0xA9, 0x48, 0x8E, 0xEA, 0x96, 0x3E, 0x0C, 0x0A, 0x92, 0x3C,
    0x7A, 0x27, 0x3F, 0xF3, 0x48, 0xD9, 0x08, 0x4B, 0x55, 0x2B, 0x89, 0x62, 0xDC, 0x20, 0x0A, 0xF3,
    0x39, 0x6A, 0x9D, 0x27, 0xAA, 0x0E, 0x1E, 0x07, 0x92, 0x8F, 0xEB, 0x44, 0x24, 0x96, 0xCA, 0xD0,
    0xC6, 0x5C, 0x18, 0xBA, 0xC5, 0x35, 0xAF, 0x13, 0x4D, 0x6D, 0x11, 0x28, 0x8B, 0xD8, 0x85, 0xD4,
    0x0D, 0xA3, 0x84, 0x91, 0xF7, 0x4A, 0xD1, 0x93, 0x0C, 0x1F, 0x57, 0x71, 0x1E, 0xAB, 0x10, 0xB5,
    0xEF, 0x94, 0xAF, 0x52, 0x2B, 0x0F, 0x63, 0xC0, 0x4F, 0x96, 0x9A, 0x36, 0x68, 0x4E, 0x11, 0x25,
    0xA0, 0xF0, 0xFF, 0x9C, 0xB6, 0x49, 0x93, 0x2C, 0x85, 0xD5, 0x24, 0xF0, 0x2E, 0x6C, 0xDE, 0x64,
    0x6E, 0x2C, 0x79, 0x53, 0x58, 0x61, 0x79, 0xD6, 0x16, 0x65, 0xF4, 0xFE, 0x5D, 0xED, 0x85, 0xBD,
    0xDC, 0x5C, 0x28, 0x33, 0x47, 0x27, 0x92, 0x92, 0x85, 0x9C, 0x7C, 0xEE, 0xC4, 0x78, 0xF5, 0xCA,
    0x8F, 0x44, 0x68, 0xB5, 0x40, 0x0F, 0xCB, 0x87, 0x49, 0x9B, 0xF9, 0xCC, 0xF1, 0x4A, 0xC2, 0x28,
    0xE2, 0xB5, 0xE6, 0x54, 0x74, 0xA4, 0x53, 0x59, 0x49, 0x9B, 0x8A, 0x26, 0xED, 0xBA, 0xC3, 0x27,
    0x2E, 0x3E, 0x73, 0x51, 0xBB, 0x28, 0x1B, 0x34, 0xA2, 0x0B, 0x03, 0xA6, 0xAE, 0x70, 0x35, 0x4A,
    0x76, 0xA6, 0xE0, 0xCC, 0x38, 0xFB, 0xB6, 0x32, 0x17, 0x80, 0x85, 0x34, 0x58, 0x91, 0x7A, 0xCA,
    0x00, 0x53, 0x43, 0x75, 0x09, 0x7D, 0x0C, 0x44, 0x04, 0x18, 0x84, 0x16, 0xE3, 0x98, 0x8A, 0xB2,
    0x8E, 0x32, 0x40, 0xA8, 0x4B, 0x12, 0xA6, 0x53, 0x06, 0x5D, 0x32, 0x10, 0x4F, 0x04, 0x86, 0x89,
    0xBB, 0xC4, 0x53, 0xD2, 0x8A, 0x6E, 0xAB, 0xD5, 0x71, 0x48, 0xD1, 0x28, 0x2A, 0x59, 0x08, 0x06,
    0xCE, 0x88, 0x37, 0xD5, 0xF8, 0x14, 0x0D, 0xCE, 0x79, 0x21, 0x73, 0x5A, 0x34, 0x32, 0xD9, 0xBC,
    0xA7, 0xBC, 0xC3, 0x30, 0x9A, 0xBD, 0x85, 0x63, 0x51, 0xEA, 0xB0, 0x42, 0xD9, 0x49, 0x1B, 0x05,
    0xCB, 0x92, 0xCF, 0x42, 0x50, 0x38, 0xE1, 0x87, 0xFD, 0xB6, 0x19, 0xF8, 0xA9, 0xCF, 0x7C, 0x01,
    0x83, 0x4B, 0xA3, 0x29, 0x87, 0xDA, 0x80, 0x42, 0xD3, 0x4C, 0xF1, 0x1B, 0x2E, 0x52, 0xAD, 0xA7,
    0xE3, 0x8D, 0xBA, 0x80, 0x75, 0xBD, 0x8E, 0x5D, 0x15, 0x75, 0xD4, 0x5D, 0x55, 0x75, 0x32, 0x4E,
    0x78, 0x05, 0x97, 0x0F, 0xF0, 0x12, 0xBB, 0xE8, 0xBA, 0x32, 0x20, 0x9F, 0x53, 0x55, 0xA4, 0xDA,
    0xF5, 0x94, 0x1A, 0xB8, 0x42, 0x4D, 0x05, 0xF1, 0x6F, 0x75, 0xAC, 0x75, 0xA5, 0x21, 0xE8, 0xE9,
    0x0A, 0xF4, 0xE7, 0xA9, 0xF6, 0x3D, 0x39, 0xF4, 0xE0, 0x24, 0x7C, 0xD4, 0x2F, 0x06, 0x33, 0xAA,
    0x86, 0x52, 0x39, 0x0D, 0x34, 0xF5, 0x3C, 0x7B, 0x8A, 0x36, 0xCF, 0x6F, 0x78, 0xF4, 0xC5, 0x69,
    0x73, 0x85, 0xBE, 0xBA, 0x5B, 0xBF, 0xF7, 0x28, 0xBD, 0xB3, 0xBB, 0x07, 0xF9, 0xF2, 0xB7, 0x14,
    0x7E, 0x3A, 0xF0, 0x57, 0xE1, 0xA1, 0x9F, 0x31, 0x9A, 0x30, 0xC6, 0x64, 0x05, 0xAB, 0xC9, 0xF7,
    0xAD, 0xF8, 0xC5, 0x8A, 0x87, 0x4E, 0x7E, 0x07, 0x7F, 0x6D, 0x75, 0x0A, 0x4B, 0x78, 0x38, 0x2D,
    0x52, 0xCF, 0x76, 0x0A, 0xD2, 0x86, 0xC2, 0xE2, 0x0D, 0xC8, 0xA0, 0x54, 0x28, 0x5C, 0xC8, 0x1C,
    0xDE, 0xAC, 0x63, 0xCF, 0xFA, 0x48, 0xB0, 0x67, 0xD3, 0x2D, 0x26, 0x40, 0xED, 0x54, 0x80, 0x72,
    0xB5, 0xE9, 0x55, 0x6A, 0x30, 0x20, 0x31, 0xB2, 0x65, 0x50, 0x96, 0x27, 0x66, 0x1E, 0xC0, 0xB0,
    0xA0, 0x82, 0xCF, 0x71, 0xD9, 0xB0, 0x72, 0x08, 0x98, 0x7B, 0x14, 0x6E, 0x09, 0x74, 0xFA, 0x39,
    0xF4, 0xB2, 0x79, 0xC2, 0x40, 0x89, 0xD3, 0x1A, 0x97, 0x2C, 0x95, 0x2B, 0x1D, 0xC6, 0xDD, 0x55,
    0x60, 0xA1, 0xB0, 0x98, 0x84, 0x6A, 0x13, 0x0C, 0x0E, 0x79, 0x7F, 0x6B, 0xB5, 0xE9, 0x5A, 0x52,
    0x62, 0x39, 0xDB, 0x88, 0xA2, 0xE8, 0xC5, 0xC2, 0x6D, 0x70, 0xC7, 0x97, 0x0A, 0x58, 0xBE, 0xAC,
    0x48, 0x23, 0x7E, 0x40, 0x0B, 0xE1, 0x82, 0x36, 0xA1, 0xA6, 0xC3, 0x88, 0x39, 0x83, 0xB4, 0xD4,
    0x83, 0xBA, 0x15, 0x05, 0x5D, 0x06, 0x61, 0x43, 0xEE, 0x4F, 0x35, 0x5E, 0x97, 0xFE, 0x87, 0x34,
    0xF8, 0x5C, 0x6D, 0x00, 0x82, 0x01, 0xA0, 0x26, 0xDD, 0x4F, 0xE6, 0xF8, 0xC1, 0x53, 0x73, 0xF4,
    0x64, 0xCF, 0x1C, 0x3E, 0xDB, 0x33, 0xE1, 0xF8, 0x5B, 0x13, 0xD2, 0x35, 0xAC, 0x2C, 0x4C, 0xA8,
    0xF0, 0xCC, 0x84, 0xE9, 0xA1, 0x2A, 0xE4, 0x6B, 0x9F, 0x1E, 0xF8, 0xE3, 0x3F, 0xFD, 0xD1, 0x7F,
    0x3E, 0x1C, 0xF9, 0xB0, 0xF4, 0x41, 0xFB, 0xA0, 0x7C, 0x10, 0x3E, 0x14, 0x7E, 0x9A, 0x8C, 0x44,
    0x48, 0xFB, 0x34, 0x2C, 0xD8, 0x94, 0xDB, 0x91, 0x66, 0x83, 0x6C, 0xE3, 0x13, 0x8D, 0xE8, 0xC2,
    0x80, 0x91, 0x06, 0x6C, 0x5F, 0x31, 0xC8, 0x68, 0x8B, 0xEE, 0x14, 0x76, 0xC8, 0x34, 0x95, 0x30,
    0xB0, 0x27, 0x4C, 0xA2, 0xC5, 0x10, 0x8A, 0xC0, 0x8E, 0xD7, 0x67, 0x00, 0x19, 0x8F, 0xEC, 0x69,
    0x91, 0x47, 0xD2, 0x9B, 0x11, 0x63, 0xD8, 0x9B, 0xBE, 0x2F, 0x89, 0x5E, 0x1B, 0xE9, 0x65, 0x56,
    0xEB, 0xF2, 0xA2, 0xBC, 0x13, 0x1B, 0x64, 0x09, 0x2C, 0x68, 0xF0, 0xA7, 0x66, 0xCA, 0x36, 0x73,
    0x7A, 0xD3, 0x83, 0xB5, 0xFA, 0x2F, 0x4C, 0xB7, 0x19, 0x76, 0x29, 0xC2, 0x1B, 0x18, 0xF2, 0x49,
    0x8B, 0xAE, 0x29, 0x7B, 0x1B, 0x1B, 0x09, 0xCE, 0xFD, 0x0A, 0x19, 0x5C, 0xEA, 0xAC, 0x44, 0x48,
    0xEE, 0xEA, 0x9B, 0xA0, 0xB5, 0x01, 0x7D, 0xB0, 0xF3, 0xD6, 0xB4, 0xD5, 0x99, 0x87, 0xA8, 0xCD,
    0x46, 0xDC, 0xB1, 0x62, 0xCF, 0x16, 0xFB, 0x26, 0x1B, 0x82, 0x0A, 0xD8, 0x32, 0xC1, 0xB9, 0xA0,
    0xEA, 0x5C, 0xDE, 0x6F, 0xB7, 0xD4, 0x23, 0x3F, 0xD3, 0x4F, 0xBC, 0xD6, 0x4F, 0x9C, 0xDA, 0x78,
    0xD6, 0xA8, 0xDB, 0x07, 0x56, 0x84, 0x64, 0x45, 0x8B, 0xC7, 0xD7, 0xA6, 0xF0, 0x55, 0x99, 0x43,
    0xE9, 0x6A, 0x12, 0xD5, 0x37, 0xAD, 0x78, 0xEC, 0x72, 0xD6, 0x1C, 0x01, 0x8D, 0xE9, 0x04, 0x2E,
    0x15, 0xC9, 0xCA, 0x87, 0x8C, 0x7B, 0x0D, 0xA0, 0x09, 0x29, 0x20, 0x8A, 0x07, 0x21, 0x7F, 0xE6,
    0xB3, 0x04, 0xAE, 0x5A, 0x30, 0x9D, 0x63, 0xD4, 0x73, 0xB2, 0xA2, 0xBC, 0x36, 0xDC, 0x15, 0x39,
    0x40, 0x16, 0x9E, 0xA4, 0xE5, 0x20, 0x58, 0xAF, 0xE3, 0x00, 0xF0, 0x33, 0xE7, 0x7D, 0x67, 0xE0,
    0x01, 0x7A, 0xE6, 0x08, 0xD5, 0x88, 0x49, 0xF0, 0x47, 0x4E, 0x0B, 0x08, 0xBD, 0x7E, 0xD2, 0xA2,
    0x6B, 0xCE, 0x7D, 0xE2, 0xA5, 0x85, 0x7B, 0xE8, 0x2E, 0x4D, 0x5B, 0xCE, 0x4A, 0x08, 0xE1, 0xE2,
    0x1E, 0x29, 0x51, 0xCE, 0x90, 0xDC, 0x28, 0xC5, 0x14, 0xAF, 0xB7, 0xB7, 0x39, 0x78, 0xF7, 0x74,
    0x49, 0xD3, 0xA4, 0xE2, 0xA8, 0xD9, 0x69, 0xF6, 0x63, 0x8E, 0x8D, 0x4F, 0xCB, 0x13, 0xCF, 0x38,
    0x8A, 0xDC, 0xD2, 0xE9, 0x32, 0xC2, 0x2B, 0x05, 0xCE, 0x69, 0x50, 0x47, 0x0B, 0xDA, 0x45, 0xAB,
    0xFB, 0xFE, 0x72, 0x1C, 0x72, 0x57, 0x7F, 0x49, 0xF7, 0xE0, 0xC7, 0x9A, 0x33, 0x72, 0x1F, 0x71,
    0xDD, 0xF4, 0xDA, 0x9C, 0xCC, 0x42, 0x1D, 0x01, 0x5B, 0xEE, 0xDB, 0x21, 0x42, 0x9B, 0x59, 0x61,
    0xEB, 0xE4, 0x20, 0x20, 0xB3, 0xFE, 0x9C, 0x5B, 0xD0, 0x5E, 0x78, 0xE9, 0x55, 0x39, 0xB2, 0xF1,
    0x45, 0x7E, 0xCA, 0x3D, 0xCC, 0xC6, 0xCE, 0x67, 0xD6, 0xE3, 0x7D, 0xB0, 0xDB, 0xBB, 0xAA, 0x1C,
    0x23, 0xFB, 0x58, 0x8E, 0x62, 0x4A, 0x1D, 0x22, 0x74, 0x50, 0xEB, 0x52, 0x94, 0xC2, 0x14, 0x70,
    0xDA, 0xDA, 0xD4, 0x67, 0x40, 0x5A, 0xF7, 0x9C, 0x87, 0x4F, 0x02, 0xBE, 0xFE, 0x39, 0x92, 0x68,
    0xF6, 0xED, 0xE3, 0x96, 0xD8, 0xC2, 0x8E, 0x69, 0x1F, 0x57, 0xAE, 0x5E, 0x9E, 0x37, 0x18, 0x98,
    0x61, 0x2A, 0x73, 0x14, 0x6B, 0x20, 0x95, 0x6C, 0xA7, 0xEF, 0x34, 0x51, 0xE7, 0x2E, 0xA8, 0xEC,
    0xDC, 0x73, 0x5E, 0x57, 0x31, 0x18, 0xE5, 0x79, 0xC0, 0x17, 0xBA, 0x1C, 0xA3, 0xCF, 0x2B, 0x6C,
    0x71, 0xA2, 0xE7, 0x88, 0x54, 0xFF, 0x72, 0xA4, 0xFE, 0x26, 0xA4, 0xB0, 0x2C, 0x1E, 0xE0, 0x3E,
    0xD0, 0xAD, 0xAE, 0x1D, 0x63, 0x19, 0xAF, 0x00, 0xFA, 0x22, 0xE9, 0xBB, 0xB8, 0xC0, 0x94, 0x74,
    0xD3, 0x5E, 0x16, 0x2B, 0x5A, 0xAD, 0xC3, 0xE3, 0x89, 0x31, 0xAE, 0x2B, 0x8F, 0xD8, 0x73, 0xA2,
    0x2F, 0x67, 0xC2, 0x94, 0xF4, 0x3D, 0xEC, 0x34, 0x97, 0xE5, 0x06, 0x52, 0xE7, 0x8C, 0xD4, 0x06,
    0xC9, 0xC8, 0x1A, 0x17, 0x2D, 0xE5, 0x60, 0xEF, 0x96, 0xA2, 0xB8, 0xD4, 0x70, 0xD6, 0x19, 0x6D,
    0xA5, 0x2D, 0x9A, 0x1D, 0xCF, 0x49, 0xFF, 0x13, 0x49, 0xFD, 0x8E, 0x8C, 0xBB, 0xDB, 0xE2, 0x8A,
    0xE6, 0x71, 0x3D, 0x28, 0x75, 0xC5, 0xEA, 0x61, 0x0A, 0xF2, 0x9B, 0x58, 0xE7, 0xE2, 0x88, 0xCC,
    0x9C, 0x3B, 0x55, 0x58, 0x79, 0x0D, 0x7C, 0x2E, 0x8B, 0xA7, 0x4C, 0x66, 0x5C, 0x21, 0xA6, 0x71,
    0x38, 0x2E, 0x26, 0x63, 0xB0, 0x1D, 0x73, 0x7A, 0x9F, 0x45, 0xE4, 0x67, 0x5B, 0x0F, 0x5F, 0x19,
    0xB4, 0xE4, 0x5B, 0xCE, 0x68, 0xCB, 0x19, 0xDF, 0xAB, 0x46, 0xCB, 0x82, 0xE0, 0x48, 0x4A, 0x2F,
    0xFE, 0x96, 0xB8, 0xAD, 0xC8, 0xB5, 0xE9, 0x6D, 0xEE, 0x72, 0x37, 0x4E, 0x95, 0xA6, 0x2E, 0x97,
    0x44, 0x17, 0xAA, 0x1B, 0x29, 0xFD, 0x1B, 0xDF, 0xA4, 0xFF, 0x01, 0x8D, 0x56, 0x31, 0x6F, 0x1C,
    0x45, 0x14, 0x7E, 0x77, 0x1B, 0x58, 0x94, 0x0D, 0x0C, 0x48, 0x20, 0x11, 0x29, 0x64, 0x5B, 0x2B,
    0xE0, 0x6C, 0x63, 0x09, 0x21, 0xF9, 0x6E, 0x56, 0x50, 0x44, 0x42, 0x48, 0xE1, 0x07, 0xF0, 0x03,
    0xD2, 0x25, 0x45, 0x0A, 0x0A, 0xC7, 0x3B, 0xB8, 0xC9, 0x4F, 0xA0, 0xA0, 0x48, 0x44, 0x1A, 0x24,
    0x0A, 0xA7, 0x88, 0xC4, 0x49, 0xE4, 0x6E, 0x47, 0x39, 0x09, 0x17, 0x2E, 0xBC, 0x8A, 0x21, 0x29,
    0x88, 0xE4, 0x85, 0x14, 0x50, 0xE1, 0x21, 0x3E, 0xC9, 0x8B, 0x3D, 0x7B, 0xC3, 0xF7, 0xE6, 0x7C,
    0xF6, 0x39, 0x76, 0xEC, 0xDB, 0x7D, 0x37, 0xB7, 0x3B, 0xF3, 0xCD, 0xEC, 0xCC, 0x9B, 0xEF, 0x7D,
    0xF3, 0x3A, 0xB6, 0x43, 0x9D, 0x8E, 0xF5, 0x17, 0x69, 0x8A, 0x06, 0x24, 0x87, 0x94, 0x3B, 0xB2,
    0x9A, 0x2A, 0xCD, 0x65, 0xAD, 0x29, 0x73, 0x24, 0x6B, 0x7A, 0xBD, 0x24, 0x06, 0xD4, 0x24, 0x9D,
    0xEA, 0x45, 0xFA, 0x21, 0x51, 0x9B, 0xC8, 0x59, 0x8A, 0x15, 0x09, 0x45, 0x31, 0xD1, 0x2D, 0x4A,
    0x9D, 0xD3, 0xB9, 0x2B, 0xDE, 0x46, 0xD3, 0xAE, 0x4E, 0xD0, 0xEB, 0x7A, 0x2A, 0x85, 0x82, 0x25,
    0xD7, 0xD3, 0xD8, 0x71, 0x25, 0x9A, 0x24, 0xE5, 0x14, 0x6B, 0x4B, 0xE2, 0x51, 0x45, 0xC1, 0x96,
    0xA1, 0xA6, 0x2B, 0x30, 0x8E, 0x26, 0xCA, 0x53, 0x0A, 0x9C, 0xA1, 0x46, 0xF6, 0xA5, 0xFF, 0x07,
    0xD0, 0x7F, 0xA2, 0xE2, 0x8B, 0xF8, 0xF2, 0x4F, 0x51, 0x45, 0xC9, 0x90, 0xE4, 0x0C, 0x49, 0x45,
    0xC9, 0xC0, 0x4F, 0x35, 0xD7, 0x43, 0xA1, 0xB3, 0x4D, 0x8D, 0x4F, 0x34, 0x1D, 0xF7, 0x6B, 0x4B,
    0xC6, 0x44, 0xDC, 0x6B, 0xBB, 0xD8, 0x2E, 0x9A, 0x43, 0x7A, 0xAB, 0xA9, 0xE7, 0xEA, 0x1B, 0xDF,
    0xBB, 0x99, 0xF5, 0x27, 0x17, 0xFA, 0xFA, 0x5C, 0xFF, 0xB7, 0x73, 0x8F, 0xDD, 0x57, 0x77, 0x7B,
    0x33, 0x73, 0x74, 0xE3, 0x62, 0x53, 0x03, 0x90, 0xD1, 0x87, 0x2A, 0x57, 0xBB, 0xF8, 0x61, 0x4E,
    0x62, 0xA3, 0x48, 0x96, 0x95, 0xC4, 0x28, 0xCB, 0x0A, 0xCF, 0x3C, 0x4B, 0x4C, 0xCF, 0x95, 0x30,
    0x0A, 0x0E, 0x6C, 0x6F, 0x5C, 0xBA, 0x71, 0xCF, 0x5D, 0x5B, 0x5F, 0x79, 0xD6, 0x77, 0x5F, 0xF4,
    0xFF, 0x39, 0xB7, 0xBE, 0x76, 0xE1, 0x5E, 0xFF, 0xEF, 0xFD, 0x71, 0x79, 0x69, 0x4E, 0x0B, 0x2D,
    0xCB, 0xB9, 0xFB, 0x73, 0xF7, 0x65, 0x29, 0xF4, 0xA8, 0x37, 0x3C, 0x05, 0x1B, 0x3D, 0x33, 0xC8,
    0xBF, 0x66, 0xEA, 0x27, 0x1D, 0xE8, 0x98, 0x86, 0xCA, 0xE9, 0xA4, 0xB8, 0x54, 0x86, 0x45, 0xC3,
    0xB4, 0x4C, 0x52, 0xBC, 0x16, 0xB7, 0xAA, 0x84, 0x26, 0xCD, 0x4A, 0xAA, 0x33, 0x76, 0xB7, 0x5B,
    0xD5, 0x58, 0xE6, 0xC8, 0x84, 0x53, 0x72, 0x8D, 0xB2, 0x35, 0xCA, 0x7D, 0x89, 0xE7, 0x68, 0x8D,
    0x82, 0x57, 0x58, 0xC7, 0x76, 0xDE, 0xFD, 0x24, 0x59, 0x8C, 0xF3, 0x58, 0x08, 0x41, 0x94, 0xA5,
    0xDB, 0x7A, 0x4B, 0x6F, 0x6B, 0x49, 0x58, 0xB6, 0x58, 0xD3, 0xE1, 0x5F, 0x25, 0x96, 0x8D, 0x12,
    0xCF, 0xA8, 0x89, 0x69, 0x01, 0xDB, 0x56, 0x51, 0xDE, 0x34, 0x24, 0x02, 0x4D, 0x02, 0x5B, 0x2E,
    0x92, 0x98, 0x44, 0x0B, 0xBB, 0x64, 0x1D, 0x35, 0x5E, 0x6C, 0x50, 0xF0, 0xDC, 0xE9, 0xE8, 0x11,
    0x3C, 0x46, 0x02, 0xF8, 0x79, 0xE0, 0x07, 0x87, 0xF1, 0xB1, 0x54, 0xA2, 0xB5, 0xAD, 0xA9, 0x13,
    0xE8, 0x86, 0x11, 0x14, 0x14, 0x0B, 0x14, 0xB1, 0x73, 0x88, 0x57, 0x1B, 0xE9, 0xF7, 0x4C, 0x4C,
    0x51, 0xD1, 0xA6, 0xA8, 0x7C, 0x48, 0xEF, 0x18, 0x43, 0x72, 0xEB, 0x0F, 0x93, 0xAC, 0xF6, 0x31,
    0xC0, 0x55, 0x43, 0xED, 0x59, 0x43, 0x0B, 0xD2, 0xD2, 0xE0, 0x52, 0xD5, 0x2C, 0xC9, 0x50, 0x07,
    0x9F, 0x25, 0x2E, 0x99, 0x17, 0x14, 0x80, 0x14, 0x86, 0x09, 0x64, 0x1B, 0x54, 0xC7, 0xE0, 0xA0,
    0x8A, 0x6B, 0x02, 0x8A, 0xBD, 0x32, 0xEF, 0x31, 0x19, 0x7C, 0x9C, 0xE2, 0x43, 0x4D, 0x38, 0x7D,
    0xBB, 0x08, 0x9E, 0x9B, 0x68, 0xDD, 0x88, 0x27, 0x95, 0x70, 0x36, 0x71, 0x70, 0x66, 0x0F, 0xEB,
    0xC6, 0xB4, 0x29, 0x19, 0xE3, 0x6B, 0x6A, 0x38, 0xD0, 0x10, 0x96, 0x86, 0x1B, 0x5A, 0xAC, 0x6A,
    0x71, 0xBB, 0x4C, 0xBE, 0x35, 0xD2, 0xC1, 0xAA, 0x1E, 0x21, 0x58, 0x2C, 0x7D, 0x4D, 0x34, 0xA4,
    0x60, 0x55, 0x31, 0x7E, 0xC8, 0xF8, 0x26, 0xE3, 0xD5, 0x1E, 0x7E, 0xA5, 0x8C, 0x19, 0x3F, 0x18,
    0xE3, 0xBB, 0x8D, 0x7F, 0x75, 0xB0, 0xB1, 0x07, 0x26, 0x06, 0xA7, 0x00, 0x07, 0x9B, 0x3A, 0x5A,
    0x29, 0x44, 0xDF, 0xC4, 0x4F, 0x4D, 0xC2, 0x60, 0xBB, 0x48, 0xB6, 0x4B, 0x3D, 0xA0, 0x82, 0x8D,
    0x14, 0x36, 0x9A, 0x0C, 0x8D, 0x07, 0x67, 0xFC, 0x68, 0xF0, 0x3D, 0x7C, 0xB5, 0xE8, 0x07, 0x47,
    0xF4, 0x01, 0x43, 0xBF, 0xFB, 0xD2, 0x8D, 0xF0, 0x0C, 0x0E, 0x57, 0xB4, 0xE8, 0x97, 0xE2, 0xA9,
    0x89, 0xFD, 0xCC, 0x25, 0xD9, 0x1E, 0xC0, 0x0D, 0x30, 0x07, 0xA3, 0xA1, 0x10, 0x1C, 0x24, 0x31,
    0x17, 0x92, 0x0B, 0xEB, 0x2A, 0x6A, 0x54, 0x28, 0x02, 0xE3, 0x09, 0x85, 0x22, 0xE6, 0x42, 0x32,
    0x43, 0xBB, 0x5C, 0xC0, 0x27, 0xB1, 0x2B, 0xE4, 0x15, 0xD3, 0xF5, 0x3B, 0xB0, 0x6F, 0xD0, 0x83,
    0xEC, 0x0A, 0xA6, 0x54, 0x84, 0x58, 0x1D, 0x38, 0xBD, 0x40, 0xCD, 0x8A, 0x3D, 0x8A, 0x8D, 0x0F,
    0x8A, 0x11, 0xC5, 0x15, 0x6C, 0x9F, 0xAC, 0x18, 0x15, 0x76, 0xF0, 0xEA, 0x5B, 0x69, 0x8E, 0x5F,
    0x9A, 0x66, 0x5A, 0x7C, 0xB3, 0x60, 0xC5, 0x4A, 0x5A, 0x53, 0x8F, 0x8F, 0xE5, 0x2C, 0xB0, 0x1D,
    0x83, 0x37, 0x6C, 0x2F, 0xE1, 0x6F, 0x62, 0x19, 0x97, 0x19, 0x6B, 0x9C, 0x49, 0xE8, 0xF0, 0xCD,
    0x75, 0x4D, 0x1D, 0x16, 0x22, 0x7D, 0x75, 0x7B, 0xA0, 0x85, 0x99, 0x87, 0x67, 0xA4, 0x95, 0x36,
    0xD2, 0x93, 0x77, 0xFC, 0x2B, 0xD7, 0x8D, 0xF4, 0x09, 0xFD, 0x4B, 0x57, 0x1E, 0xE9, 0x8F, 0x3A,
    0x44, 0xB4, 0x70, 0x03, 0xB1, 0x64, 0x85, 0x6A, 0x43, 0x48, 0x3D, 0x59, 0x13, 0xAF, 0xA8, 0x6D,
    0xF1, 0x8D, 0xE5, 0x26, 0x6C, 0xF2, 0x3A, 0x45, 0x99, 0x67, 0x55, 0xD3, 0x38, 0xD8, 0x92, 0x71,
    0x8F, 0xCC, 0xEE, 0x9F, 0x66, 0xE7, 0x85, 0xA9, 0x76, 0x4C, 0xD5, 0x33, 0x95, 0x34, 0x55, 0x62,
    0x2A, 0x61, 0xAA, 0xC8, 0xC0, 0x61, 0xEC, 0xDD, 0x6B, 0x8C, 0x07, 0x41, 0x98, 0x14, 0x9F, 0x55,
    0x5D, 0x66, 0xD0, 0xA2, 0xA5, 0xB6, 0xB7, 0x45, 0xBC, 0xA2, 0x12, 0x4D, 0x00, 0x50, 0xE4, 0x63,
    0x62, 0x66, 0x6A, 0xFC, 0x02, 0xF3, 0xFA, 0xF5, 0x25, 0x35, 0x25, 0x3E, 0x60, 0xE1, 0x9F, 0x18,
    0xFC, 0xD3, 0x97, 0xC1, 0x08, 0x1D, 0xF9, 0xDD, 0x18, 0xBC, 0x1F, 0x10, 0x53, 0x4E, 0x06, 0xC1,
    0x2C, 0x48, 0x66, 0x24, 0x2C, 0x85, 0x03, 0x2E, 0x65, 0x4E, 0xAD, 0x98, 0xCE, 0x9C, 0x41, 0xF7,
    0x1F, 0x62, 0x44, 0xCF, 0x15, 0xDB, 0x0D, 0x6A, 0x2B, 0x16, 0xED, 0x7C, 0xBB, 0x7A, 0xD0, 0x1E,
    0x96, 0x8B, 0xB9, 0xB6, 0xD9, 0x52, 0x85, 0x28, 0xFF, 0xD8, 0xA5, 0x51, 0x4A, 0x21, 0x66, 0x77,
    0xD7, 0x4B, 0x4C, 0x50, 0x1E, 0x35, 0x0B, 0x0B, 0xCB, 0xFC, 0xBA, 0xC6, 0x89, 0x18, 0x81, 0xF5,
    0x1F, 0xF9, 0x28, 0x98, 0x1A, 0xDF, 0x30, 0x14, 0x59, 0x3A, 0x7B, 0x76, 0x5A, 0xBC, 0xB8, 0xC5,
    0x36, 0xBA, 0xA6, 0x9A, 0x4F, 0x98, 0x12, 0xC8, 0xF9, 0x01, 0xE3, 0xA1, 0x70, 0x89, 0xB2, 0xA2,
    0x3F, 0x08, 0xB7, 0x0C, 0xFB, 0x1C, 0xCE, 0xC9, 0xFD, 0xE9, 0x3A, 0x61, 0x7B, 0xC4, 0xAF, 0x99,
    0xFB, 0x55, 0xAC, 0x2B, 0xC1, 0xC6, 0x71, 0x30, 0x3C, 0x08, 0x8B, 0xD8, 0x72, 0x36, 0x50, 0xC7,
    0xCA, 0xC6, 0xAA, 0x72, 0x69, 0xE5, 0x70, 0x18, 0xA9, 0x11, 0x92, 0xBB, 0xA0, 0xA6, 0xBB, 0x17,
    0xF4, 0x4D, 0xAF, 0x74, 0x38, 0x83, 0x91, 0x4F, 0xCC, 0x4A, 0x9C, 0xEA, 0x84, 0x84, 0xA0, 0x86,
    0xFE, 0x64, 0x18, 0x9F, 0xE4, 0x66, 0xCA, 0xF2, 0x39, 0xA0, 0xC6, 0x69, 0x30, 0x9C, 0x8F, 0xD0,
    0xA8, 0xF3, 0x33, 0xA7, 0xC0, 0x58, 0xEF, 0xE9, 0x34, 0xCC, 0x38, 0xF4, 0x4F, 0x99, 0x18, 0xF1,
    0xBE, 0x0B, 0x43, 0x6F, 0xDE, 0x67, 0xC3, 0x43, 0xE8, 0x75, 0x12, 0xF8, 0xD6, 0x51, 0xFC, 0x72,
    0x2A, 0xFE, 0xC3, 0x1F, 0x94, 0xF1, 0x7D, 0x79, 0xBB, 0x8C, 0x9D, 0x33, 0x39, 0x7E, 0x35, 0x1F,
    0x8B, 0xD9, 0x2F, 0x29, 0x9E, 0x75, 0xF2, 0xD8, 0x91, 0x18, 0xC8, 0xE1, 0xF0, 0xB2, 0x85, 0x0B,
    0x2D, 0xF5, 0x66, 0xE5, 0x50, 0x54, 0x81, 0x6A, 0x98, 0xA8, 0x0C, 0x47, 0xEA, 0xE8, 0x39, 0x13,
    0xD6, 0x18, 0x59, 0xC9, 0x48, 0xE7, 0x3F, 0x72, 0xA6, 0x01, 0x7D, 0x95, 0x9F, 0x73, 0x0D, 0xEA,
    0x69, 0x96, 0x05, 0xF5, 0x54, 0x58, 0x63, 0xC0, 0xAD, 0x23, 0x46, 0x8D, 0x60, 0x6D, 0xC0, 0xDC,
    0xCB, 0xB0, 0x49, 0x22, 0x85, 0x96, 0x97, 0x03, 0x71, 0xC9, 0x39, 0x75, 0xD3, 0x0C, 0x3B, 0xCF,
    0x35, 0xF0, 0xCF, 0x4D, 0xB0, 0x99, 0xC5, 0x2F, 0x47, 0x52, 0x24, 0x0E, 0xDD, 0x81, 0x0E, 0x71,
    0x6A, 0x1F, 0xD7, 0x82, 0xFA, 0x72, 0x1E, 0xA7, 0x72, 0x52, 0x26, 0x65, 0x70, 0xE8, 0x1E, 0x4B,
    0xDD, 0xD1, 0x3E, 0xBC, 0x1B, 0xCF, 0x38, 0x14, 0x1A, 0xB5, 0xCF, 0xDF, 0xE2, 0x34, 0xDE, 0x54,
    0x99, 0x53, 0x35, 0x33, 0x16, 0x96, 0x0E, 0x25, 0x65, 0xA0, 0xFF, 0x80, 0x46, 0x9B, 0xBC, 0x63,
    0x9D, 0xAB, 0xA1, 0x9E, 0x55, 0x32, 0xBE, 0x27, 0x19, 0x37, 0xDA, 0xA8, 0x5A, 0xA6, 0xE8, 0x5B,
    0x71, 0x77, 0xD5, 0x95, 0x29, 0x6A, 0xF8, 0xA0, 0x9B, 0x60, 0xDC, 0x09, 0x30, 0x6C, 0xC8, 0x3E,
    0xE3, 0x4E, 0x80, 0x21, 0x14, 0x46, 0xD7, 0x49, 0x98, 0x09, 0xC6, 0x9D, 0x00, 0x83, 0x2A, 0xC3,
    0x41, 0x4D, 0xBD, 0x97, 0x06, 0xB2, 0xBC, 0x69, 0x5F, 0xE3, 0x0F, 0x4E, 0xB1, 0x0B, 0x7A, 0x71,
    0xBA, 0x67, 0x9D, 0xDA, 0x59, 0x53, 0xEE, 0xAA, 0xEA, 0xC9, 0x14, 0x0E, 0xF9, 0xD9, 0x67, 0xC5,
    0x17, 0x11, 0xE3, 0xBC, 0xF2, 0x03, 0x6F, 0x58, 0x59, 0x67, 0xCE, 0xC9, 0x65, 0x7A, 0xD0, 0x30,
    0xC7, 0xB7, 0x20, 0xC7, 0x1C, 0xCC, 0xCC, 0x1C, 0xD7, 0xD2, 0x5A, 0x68, 0xF9, 0xF9, 0x1E, 0x69,
    0xB9, 0x43, 0x6F, 0x78, 0x99, 0xF0, 0x19, 0x97, 0x8C, 0x8A, 0x44, 0xE8, 0xF8, 0xAA, 0x12, 0x77,
    0xD2, 0x68, 0x93, 0x02, 0x64, 0x41, 0xD8, 0x3A, 0xEB, 0x15, 0xC2, 0x70, 0xC0, 0x08, 0x7D, 0x20,
    0x19, 0x3B, 0x96, 0xE3, 0x64, 0x72, 0xDD, 0x78, 0x46, 0xCD, 0x8E, 0x3D, 0xC0, 0xF0, 0x2A, 0xC7,
    0xA4, 0xEC, 0x21, 0x59, 0xC6, 0x11, 0x97, 0xA4, 0x31, 0x84, 0xBB, 0xE7, 0xB5, 0xDB, 0x72, 0x82,
    0x87, 0x73, 0x0B, 0x96, 0x14, 0x94, 0x28, 0xFA, 0x1F, 0x8D, 0x58, 0xBD, 0x8F, 0xDC, 0xC6, 0x15,
    0x7F, 0x4B, 0x22, 0x47, 0x58, 0x84, 0x32, 0x6D, 0x14, 0xD8, 0x60, 0xA3, 0x62, 0x0D, 0x44, 0x37,
    0x4D, 0x8A, 0x20, 0xB8, 0xDB, 0x21, 0x62, 0xC0, 0x02, 0x9C, 0xC2, 0x06, 0xF2, 0x07, 0x48, 0x85,
    0xCB, 0x00, 0x6E, 0x54, 0xA8, 0xD0, 0x1D, 0xC7, 0x2E, 0xD2, 0x3A, 0x48, 0xE3, 0x22, 0x30, 0x7C,
    0x69, 0x6D, 0x20, 0x52, 0xE1, 0x42, 0x01, 0xF6, 0x83, 0xB1, 0x0A, 0x15, 0x2E, 0x8E, 0x71, 0xA3,
    0x22, 0xC5, 0x31, 0x96, 0x91, 0x00, 0x51, 0xE1, 0x49, 0xB4, 0x88, 0x47, 0x77, 0x24, 0x27, 0xBF,
    0x37, 0xDC, 0xEF, 0xDD, 0xDB, 0xDB, 0x9D, 0xC7, 0xC5, 0x72, 0x38, 0xEF, 0xC7, 0x37, 0x33, 0xEF,
    0xE3, 0x37, 0x4B, 0x2E, 0x27, 0xE2, 0x8B, 0x3F, 0x0A, 0xD7, 0x48, 0xFB, 0xFB, 0x8E, 0x2B, 0x28,
    0x78, 0x59, 0x52, 0xF8, 0xD2, 0x50, 0xF4, 0xED, 0x98, 0xE2, 0x7F, 0x5A, 0x12, 0xAE, 0xA2, 0xC4,
    0xD5, 0xA4, 0x52, 0x45, 0xDC, 0x44, 0xC5, 0x82, 0x4F, 0x6C, 0x49, 0x35, 0x74, 0x4B, 0x51, 0x27,
    0x23, 0xE9, 0xA8, 0x56, 0x54, 0x65, 0xE4, 0x1C, 0xA9, 0xEF, 0xD3, 0xE0, 0x77, 0x69, 0xE8, 0x52,
    0x6A, 0x3C, 0x7E, 0x03, 0x58, 0x0A, 0x1C, 0x85, 0x4E, 0x47, 0x67, 0xB9, 0xF8, 0x3A, 0x17, 0x4F,
    0xCB, 0xE4, 0x13, 0xA3, 0xDC, 0x58, 0x39, 0x3B, 0xA4, 0xAA, 0xA2, 0xC1, 0x8D, 0x2E, 0x25, 0x15,
    0xC5, 0xE6, 0x0A, 0x58, 0x1A, 0xC1, 0x4A, 0xA0, 0x01, 0x3C, 0x0F, 0x5F, 0xE4, 0xF1, 0xB3, 0x52,
    0x3C, 0x31, 0xE2, 0x99, 0x91, 0xCE, 0x2A, 0x57, 0x61, 0xE0, 0x90, 0x8E, 0x89, 0xFA, 0x44, 0x16,
    0x33, 0xBA, 0x14, 0xE7, 0xB3, 0x94, 0x8E, 0x88, 0x06, 0x98, 0x78, 0x4A, 0x6F, 0x10, 0x1D, 0x12,
    0x9D, 0xF0, 0x7B, 0xA3, 0x06, 0xD3, 0x2C, 0xD4, 0x6D, 0x33, 0xE8, 0x10, 0xE6, 0x37, 0x13, 0xC0,
    0x65, 0xB7, 0xF1, 0x8A, 0x02, 0x03, 0xE8, 0x1E, 0x8D, 0x3B, 0x58, 0x2A, 0x31, 0x56, 0x75, 0x73,
    0x58, 0xE1, 0x3D, 0x15, 0x35, 0x6F, 0xAA, 0x46, 0x8C, 0x69, 0x4C, 0x61, 0x4D, 0xD7, 0xAE, 0x2D,
    0x22, 0x95, 0x5B, 0x90, 0xC2, 0x42, 0x58, 0xCC, 0x9A, 0x91, 0x9A, 0x66, 0x7F, 0x82, 0x74, 0x0B,
    0x48, 0x16, 0x48, 0x2C, 0xFE, 0x13, 0xB8, 0x34, 0x71, 0x25, 0xDB, 0x44, 0xE9, 0x22, 0x12, 0x6E,
    0x15, 0x23, 0x95, 0x11, 0xD6, 0xA2, 0x00, 0xD8, 0x64, 0xBC, 0xF0, 0x73, 0x6E, 0xF6, 0x79, 0x8C,
    0xF5, 0x23, 0x87, 0xB7, 0x48, 0x39, 0xEE, 0x8F, 0x3F, 0xA3, 0x00, 0xF7, 0x77, 0x97, 0x0C, 0xEC,
    0xD3, 0x92, 0x81, 0x83, 0x4E, 0x9A, 0xFD, 0x11, 0xB0, 0x39, 0x06, 0xC8, 0x07, 0x91, 0x99, 0x4C,
    0x75, 0xC5, 0xC0, 0xA4, 0x47, 0x91, 0xA5, 0x4E, 0xC9, 0x48, 0xCE, 0x62, 0x49, 0x53, 0x2B, 0x73,
    0x1B, 0x96, 0x36, 0x34, 0x36, 0xF0, 0x82, 0x1F, 0xB8, 0x4D, 0x72, 0x3C, 0xC2, 0x00, 0x12, 0x9F,
    0x92, 0xE8, 0x43, 0x92, 0x33, 0x9D, 0x39, 0xDD, 0x28, 0x5D, 0x09, 0x6D, 0x05, 0x7F, 0xE3, 0xB7,
    0x72, 0x79, 0x02, 0xAF, 0x70, 0x5A, 0xB8, 0xB1, 0xF8, 0x08, 0x7D, 0x3D, 0x81, 0xBE, 0x4A, 0x42,
    0xF0, 0x83, 0x6F, 0x3F, 0xAC, 0xF8, 0x91, 0xD3, 0xF4, 0x23, 0x40, 0x69, 0x72, 0x86, 0xEE, 0x14,
    0xDB, 0xA0, 0xA6, 0xFE, 0xE9, 0x9C, 0x86, 0x58, 0xBF, 0x12, 0xB6, 0x35, 0xD5, 0xD2, 0xFC, 0xD6,
    0x3F, 0x5D, 0x72, 0x66, 0x47, 0x83, 0x04, 0x9D, 0x30, 0x3B, 0xE7, 0x95, 0xBB, 0xC1, 0x3D, 0xE8,
    0xBF, 0xF1, 0x13, 0xEF, 0x9C, 0xE3, 0x5D, 0x31, 0xE1, 0x04, 0x02, 0xDE, 0xEE, 0x61, 0xA3, 0x1A,
    0xBE, 0xA7, 0x55, 0x9C, 0x8F, 0xBE, 0x28, 0x47, 0xAE, 0x64, 0xA7, 0x7B, 0x87, 0x7B, 0xD0, 0x8F,
    0xCF, 0x6C, 0xEB, 0x56, 0x61, 0x0D, 0xCB, 0x0A, 0xEC, 0xE2, 0x3E, 0xB7, 0xBE, 0xDD, 0x97, 0x73,
    0xC5, 0x41, 0x97, 0x7B, 0x84, 0xDD, 0xC9, 0x42, 0xF6, 0xF9, 0xBF, 0x70, 0xE0, 0xC3, 0x8C, 0xC4,
    0xA5, 0xEA, 0xDD, 0xFC, 0x28, 0x2C, 0x60, 0x1E, 0x04, 0x91, 0x81, 0x00, 0x11, 0x2E, 0x0D, 0x2C,
    0x85, 0xD8, 0xE5, 0x8A, 0xE4, 0x21, 0xCF, 0x3D, 0x28, 0x76, 0x5E, 0xD2, 0x87, 0x7E, 0xEE, 0xEF,
    0x5D, 0x35, 0xFD, 0x2F, 0x29, 0xA8, 0x29, 0x3E, 0x4D, 0x79, 0x1D, 0xD8, 0xCD, 0x7D, 0xC0, 0xB4,
    0x9E, 0x28, 0x2D, 0x0B, 0xD9, 0x41, 0xC7, 0x66, 0xB7, 0x2D, 0xA2, 0x3B, 0x6A, 0xEE, 0x93, 0xA6,
    0xC8, 0x50, 0x72, 0xC4, 0xB0, 0xC9, 0x29, 0xF6, 0x5A, 0xD7, 0xAB, 0xBB, 0xAF, 0xE1, 0x15, 0xF0,
    0x90, 0x37, 0x64, 0xDA, 0x6E, 0xDC, 0xDE, 0xDB, 0x40, 0xA6, 0x4E, 0xBB, 0xD4, 0x3B, 0xBC, 0x62,
    0xB6, 0xCB, 0x3B, 0xE2, 0xF3, 0xE7, 0x81, 0x97, 0x75, 0xFC, 0xC4, 0xB2, 0xAC, 0x4C, 0x81, 0xA8,
    0x63, 0x58, 0xF8, 0x15, 0x67, 0x3B, 0xBD, 0x62, 0x57, 0x58, 0x1F, 0xEC, 0xD8, 0x32, 0x8E, 0xD8,
    0xBB, 0x14, 0x20, 0x19, 0x95, 0x14, 0x94, 0x57, 0xBF, 0xE8, 0xD6, 0x6C, 0x2E, 0x86, 0x77, 0x4D,
    0xDC, 0x61, 0x95, 0x49, 0x14, 0x7B, 0x69, 0xBE, 0x30, 0xCE, 0xB1, 0x2C, 0x76, 0x42, 0xE0, 0x0F,
    0x58, 0xAB, 0xFD, 0x43, 0x3F, 0xF7, 0x72, 0x2A, 0x2F, 0x4C, 0xE8, 0xAA, 0x70, 0x5C, 0x85, 0xA6,
    0x0A, 0xCB, 0xFE, 0xA2, 0xF4, 0xA8, 0xEF, 0xFC, 0x07, 0x3F, 0x20, 0x9C, 0xAE, 0x5D, 0xD5, 0xFE,
    0x9E, 0x89, 0xF4, 0x9E, 0x8F, 0x72, 0x24, 0x33, 0x8D, 0x2C, 0x29, 0xBF, 0x2E, 0x65, 0xB8, 0x2A,
    0xC9, 0xEB, 0xBF, 0x84, 0xB1, 0xAA, 0x52, 0x55, 0x9C, 0x2F, 0x37, 0xEE, 0x53, 0x3E, 0xE8, 0x64,
    0x29, 0xCB, 0x70, 0xA9, 0x21, 0xA6, 0xB9, 0xE0, 0x19, 0x67, 0x24, 0x2D, 0x37, 0xEE, 0x9B, 0x3C,
    0xD5, 0xF0, 0xDD, 0xA5, 0xF6, 0xA7, 0x13, 0x67, 0xD4, 0x16, 0xBD, 0xEE, 0xFB, 0x6A, 0x2C, 0xCA,
    0x8D, 0xEF, 0xBB, 0x44, 0xA3, 0x87, 0xC8, 0x93, 0x3A, 0x4E, 0x05, 0x2E, 0x2E, 0xBA, 0xA3, 0x95,
    0x37, 0x4A, 0xFF, 0x1C, 0x9B, 0x86, 0x76, 0xF9, 0x7B, 0xD7, 0xF5, 0xB0, 0x6C, 0x7D, 0xBE, 0xB0,
    0x82, 0x9B, 0xAF, 0xA0, 0xAC, 0xB2, 0xDF, 0xFC, 0xCF, 0xBA, 0xFF, 0xB0, 0x7E, 0x96, 0xC7, 0xBF,
    0x4E, 0xC5, 0xC7, 0x1A, 0xDF, 0x5C, 0xFA, 0x3F, 0xD6, 0x10, 0xB1, 0x49, 0x28, 0x41, 0xBA, 0xD5,
    0x5C, 0xC6, 0x63, 0x4D, 0xAA, 0xA4, 0xF7, 0x7D, 0xA1, 0x14, 0x7A, 0xA3, 0xF4, 0x85, 0x1E, 0x66,
    0x93, 0x24, 0x14, 0x50, 0x92, 0x1F, 0x19, 0x1E, 0xBA, 0xDA, 0x90, 0x60, 0x75, 0x43, 0x36, 0x32,
    0x28, 0x0F, 0x36, 0x4B, 0x5F, 0xD5, 0x3E, 0x89, 0x20, 0xDF, 0xA1, 0xBA, 0x34, 0xA8, 0xD0, 0xBE,
    0x96, 0xC4, 0xA8, 0x25, 0x1C, 0x88, 0x81, 0xE1, 0xBC, 0x12, 0x1A, 0x0A, 0xD2, 0x79, 0x96, 0xB1,
    0x8A, 0x6C, 0x4D, 0x17, 0x63, 0x72, 0xA5, 0x57, 0xB4, 0x54, 0x23, 0x20, 0x46, 0xE8, 0xD7, 0x9C,
    0x71, 0x72, 0x76, 0xC4, 0xB8, 0xA0, 0xBD, 0x76, 0x64, 0xE5, 0x47, 0x16, 0x7E, 0xF0, 0x98, 0xB9,
    0x06, 0x18, 0x87, 0x55, 0xE9, 0x75, 0xEA, 0xD1, 0x63, 0x76, 0xF5, 0xB5, 0xD6, 0x7C, 0xCE, 0x5E,
    0xCA, 0xCF, 0xFB, 0x1B, 0x9F, 0xC3, 0x60, 0x9D, 0xE9, 0xCB, 0xF4, 0xB0, 0x52, 0x79, 0x58, 0xC6,
    0xC5, 0x6B, 0xD0, 0x5F, 0x6D, 0x20, 0x50, 0x65, 0x52, 0xF2, 0xE6, 0x62, 0xA3, 0xD3, 0x2E, 0xD9,
    0x03, 0xB4, 0x7B, 0xEB, 0x18, 0xAF, 0x8A, 0xF3, 0xE2, 0x22, 0xDF, 0xF2, 0xCE, 0xC7, 0xB6, 0xC2,
    0x35, 0x1B, 0xBF, 0xDE, 0xDF, 0x8E, 0x9F, 0x6C, 0xCC, 0x87, 0x24, 0xFE, 0x4C, 0xA2, 0x26, 0x61,
    0x28, 0xCB, 0x99, 0xE8, 0xDD, 0x41, 0xE7, 0xBF, 0x4F, 0x84, 0x33, 0x82, 0x1D, 0xD2, 0xB7, 0x13,
    0x55, 0xAA, 0xDC, 0x61, 0xA3, 0x8F, 0xA7, 0x56, 0xB6, 0xC4, 0xE8, 0xB1, 0xE7, 0x6F, 0x81, 0x71,
    0x90, 0x8F, 0x8C, 0xFB, 0xCA, 0x5C, 0x7C, 0x6B, 0xCE, 0xFF, 0x6B, 0xEC, 0xB9, 0xB1, 0x43, 0x63,
    0x95, 0xB1, 0xD2, 0x58, 0x61, 0x2C, 0x88, 0xDB, 0x2F, 0x38, 0x6B, 0x10, 0x9D, 0x57, 0xCE, 0xD5,
    0x88, 0x43, 0x2B, 0xA7, 0x6D, 0x45, 0xFB, 0x55, 0xAB, 0x7D, 0xEC, 0xB5, 0x13, 0xAF, 0x1D, 0x99,
    0xD9, 0x56, 0x23, 0x71, 0x61, 0xAB, 0xD7, 0x41, 0x78, 0x5F, 0x79, 0x59, 0xF7, 0xA6, 0x34, 0xE6,
    0xCB, 0x5D, 0x0D, 0xBB, 0xD1, 0x15, 0xE0, 0x22, 0x9B, 0x0C, 0x9B, 0x3B, 0xD4, 0x05, 0x3C, 0xB0,
    0xA6, 0x1A, 0x54, 0xB4, 0x47, 0x76, 0x49, 0x76, 0x9A, 0x3A, 0x97, 0x25, 0x48, 0xB1, 0xC1, 0x6C,
    0x15, 0xB8, 0xA0, 0xF6, 0xD5, 0x81, 0xC5, 0x13, 0x3A, 0x9D, 0x20, 0xA9, 0xBC, 0x65, 0x07, 0xEC,
    0x8B, 0xC7, 0x15, 0xF5, 0xBC, 0x1C, 0xE3, 0x16, 0x9D, 0x78, 0x14, 0x2C, 0x70, 0x92, 0x96, 0xCD,
    0xD5, 0x2A, 0x9D, 0xA5, 0xEE, 0x01, 0x76, 0xC7, 0x07, 0x58, 0xF8, 0x34, 0x9F, 0x11, 0xEC, 0x5D,
    0x30, 0x17, 0x09, 0xF6, 0x16, 0x58, 0xBA, 0x6F, 0x3A, 0xE7, 0x26, 0xF8, 0x83, 0xDE, 0x11, 0x36,
    0x78, 0xAA, 0xE3, 0xB3, 0xF4, 0x5A, 0xF7, 0x2A, 0x6B, 0xE1, 0xA5, 0x79, 0xC2, 0x5F, 0xEA, 0xB6,
    0xA7, 0x99, 0x9E, 0x6E, 0xFA, 0x2F, 0x67, 0xA7, 0x5F, 0xD3, 0x07, 0x7E, 0x88, 0x1F, 0xEC, 0xD5,
    0x84, 0x1D, 0xA1, 0x5C, 0x39, 0xD3, 0xC8, 0xBF, 0x59, 0x10, 0xC1, 0xCA, 0xE2, 0xAA, 0x44, 0x4E,
    0x03, 0xF9, 0x8F, 0xDF, 0x73, 0x3F, 0x9E, 0xE7, 0xF4, 0x73, 0xEF, 0x3C, 0x2D, 0x23, 0xAD, 0x99,
    0x87, 0x70, 0x76, 0x11, 0xB9, 0xA7, 0xA0, 0x1A, 0x3D, 0x76, 0x12, 0xF7, 0xC4, 0xFD, 0x71, 0x11,
    0xE4, 0x51, 0x2E, 0x30, 0xF6, 0x07, 0x24, 0xFE, 0x9A, 0xAA, 0x85, 0x48, 0x9B, 0x6B, 0xC7, 0x0C,
    0xC0, 0xDA, 0xCD, 0x82, 0xB6, 0x60, 0xED, 0x15, 0x6F, 0x3D, 0x7C, 0xA4, 0x0C, 0x2A, 0x2A, 0xCD,
    0x1B, 0x71, 0xB0, 0x23, 0x94, 0x6E, 0x92, 0x3C, 0xE0, 0x35, 0x9F, 0x70, 0xBC, 0x1D, 0x0C, 0xEB,
    0xDE, 0x4C, 0x0C, 0x32, 0x18, 0x1D, 0x1A, 0x60, 0xE2, 0xBC, 0x35, 0x4F, 0x1E, 0x24, 0xFC, 0x41,
    0xAD, 0xBB, 0x74, 0x2A, 0x40, 0x87, 0xFA, 0x0E, 0x6B, 0x85, 0x95, 0x32, 0x28, 0xE2, 0xAF, 0x01,
    0xE8, 0x57, 0x63, 0x3C, 0xC2, 0x00, 0xFA, 0x99, 0x27, 0x26, 0x3E, 0x61, 0xC7, 0x38, 0xBC, 0x81,
    0xE5, 0xFD, 0x98, 0xD4, 0x09, 0x98, 0x69, 0x4A, 0x1F, 0xE4, 0xFB, 0x22, 0x07, 0x05, 0x88, 0x1B,
    0x3E, 0x93, 0xE0, 0x64, 0xB6, 0xF7, 0xB6, 0xDE, 0x15, 0xD6, 0x30, 0xA7, 0x6B, 0x8F, 0x39, 0x5B,
    0x60, 0xD7, 0xA0, 0xF4, 0x32, 0x14, 0x68, 0x82, 0x46, 0xCA, 0xE0, 0x2A, 0x37, 0xDC, 0x6A, 0x1E,
    0xB6, 0xF4, 0x3E, 0xAF, 0x73, 0x04, 0xB6, 0x82, 0x40, 0xBA, 0xB9, 0x38, 0xFD, 0x72, 0x66, 0x67,
    0x00, 0xF0, 0xC8, 0xFE, 0x14, 0xE0, 0x9F, 0xE0, 0xA0, 0xC0, 0x76, 0x32, 0x09, 0xB5, 0x13, 0x12,
    0xBA, 0x05, 0xBF, 0xA5, 0x36, 0xD8, 0xCD, 0x2D, 0xD2, 0x29, 0xA8, 0xF3, 0x98, 0x8B, 0xD0, 0xB4,
    0xFC, 0xCE, 0x8A, 0x71, 0x2A, 0x8D, 0x30, 0x61, 0x1A, 0x18, 0x51, 0x0A, 0xE5, 0x49, 0xAF, 0x69,
    0x49, 0xF2, 0xD5, 0xA0, 0x74, 0x40, 0x07, 0xF2, 0xDE, 0x0A, 0xDE, 0x7B, 0x8C, 0xB7, 0xA2, 0x8D,
    0x93, 0x04, 0x64, 0x45, 0x7B, 0x6E, 0xC9, 0x44, 0xDF, 0x6B, 0x0A, 0x37, 0x39, 0x1D, 0xF8, 0xB3,
    0xD8, 0xAA, 0x80, 0x90, 0x55, 0x51, 0x39, 0xFA, 0x60, 0x32, 0x73, 0xE9, 0x33, 0xCC, 0x3C, 0x55,
    0x55, 0xAA, 0xCE, 0x9C, 0x53, 0x0F, 0x39, 0x90, 0xA7, 0xF9, 0x67, 0x17, 0x1C, 0xF8, 0xA9, 0xD9,
    0x84, 0x23, 0xF6, 0xB9, 0xE6, 0xF8, 0x2A, 0xBE, 0x13, 0x4E, 0xB7, 0x2B, 0x91, 0x4E, 0x2F, 0xB1,
    0xA8, 0xE3, 0xC9, 0x69, 0xF8, 0x5B, 0x2F, 0x15, 0xDF, 0x56, 0x2D, 0xC0, 0xBA, 0x2C, 0x40, 0x72,
    0xD1, 0x10, 0xE6, 0xFA, 0xA3, 0xEB, 0x8F, 0x04, 0x82, 0x6A, 0x1D, 0xB8, 0xF3, 0x3C, 0x0F, 0xFF,
    0x9E, 0xEF, 0xBD, 0xB3, 0xAB, 0x89, 0xE1, 0xA9, 0x78, 0xC8, 0x47, 0xF6, 0x75, 0xA4, 0x2D, 0xDA,
    0xC3, 0x3B, 0xAC, 0x9D, 0x34, 0x9E, 0x1E, 0x7F, 0xC7, 0x14, 0x7D, 0xC3, 0x0C, 0xFB, 0xF0, 0xED,
    0x8C, 0x98, 0x12, 0x4A, 0xA4, 0x8A, 0x7E, 0x7B, 0xFA, 0x47, 0x92, 0xB3, 0xFD, 0xE4, 0xAF, 0xE3,
    0x23, 0xF9, 0x8D, 0xE9, 0xA9, 0xE7, 0x46, 0xA9, 0xE7, 0xA5, 0x3C, 0x7C, 0x59, 0xC8, 0x07, 0x3F,
    0x20, 0x29, 0x22, 0x31, 0x8E, 0x71, 0x81, 0x0B, 0xC6, 0x26, 0x4B, 0x23, 0x0E, 0xB4, 0x03, 0xF6,
    0x3D, 0xD4, 0x9A, 0x7F, 0xB5, 0xFF, 0xEB, 0xD8, 0x23, 0x49, 0xD5, 0x50, 0x81, 0x18, 0xF6, 0xE8,
    0xC8, 0x1D, 0x51, 0xEF, 0xA2, 0x4F, 0xEA, 0x05, 0xCE, 0x73, 0xCF, 0x2C, 0x25, 0x4F, 0xC6, 0x24,
    0x9E, 0x18, 0x5F, 0xE3, 0x71, 0xD4, 0xFB, 0x26, 0xF7, 0x7F, 0x03, 0x0D, 0x25, 0xB2, 0xF6, 0x57,
    0x36, 0x7A, 0x89, 0xF0, 0x2C, 0xF8, 0xEF, 0xA0, 0x11, 0x67, 0xB2, 0x25, 0xB9, 0xCB, 0x27, 0xC2,
    0xF8, 0xCC, 0xFF, 0x6D, 0x14, 0x95, 0x32, 0xCE, 0x93, 0x77, 0x73, 0x71, 0x9A, 0xC6, 0xDF, 0xFB,
    0x12, 0x57, 0xFB, 0xDA, 0x6C, 0xF9, 0xFF, 0x0B, 0xEC, 0xA5, 0xF0, 0x76, 0x84, 0x67, 0x29, 0x84,
    0x38, 0xD0, 0x2B, 0x15, 0xD8, 0xE4, 0x89, 0x11, 0xA7, 0x45, 0xC4, 0xB9, 0x85, 0xFF, 0x19, 0x62,
    0x92, 0xB5, 0x28, 0x07, 0xFC, 0xDD, 0x99, 0x84, 0x11, 0x1F, 0xC4, 0x09, 0xAC, 0x6E, 0xC4, 0x2F,
    0x85, 0x2B, 0x81, 0x6B, 0x27, 0x39, 0x67, 0x41, 0xF7, 0xF9, 0xE4, 0x98, 0xEE, 0x69, 0x47, 0xC9,
    0x63, 0x41, 0xBD, 0x9A, 0xB0, 0x12, 0x86, 0x69, 0x4C, 0x4B, 0xC4, 0xE6, 0x67, 0xAD, 0xC9, 0x58,
    0x10, 0xEB, 0x8C, 0x4B, 0x0E, 0x12, 0x43, 0xE4, 0xAD, 0xF3, 0xD0, 0xD3, 0xA7, 0x70, 0x16, 0xCE,
    0xBC, 0xAC, 0x1B, 0x34, 0xA1, 0x15, 0xA5, 0xD2, 0x8D, 0xBF, 0x93, 0x3D, 0x3E, 0x1F, 0x4D, 0x8A,
    0xCB, 0x82, 0x4D, 0x2D, 0x12, 0xD2, 0x3B, 0xDB, 0x94, 0xCE, 0x91, 0xBA, 0x6F, 0x26, 0x96, 0x33,
    0xFE, 0xA2, 0x4D, 0x23, 0x7F, 0x17, 0x59, 0x81, 0xDC, 0x2F, 0xF4, 0x3A, 0x7F, 0xFF, 0x3F, 0xA5,
    0x54, 0xBF, 0x6F, 0x1C, 0x45, 0x14, 0xFE, 0x6E, 0x47, 0xCA, 0x29, 0x59, 0xA1, 0xA1, 0x05, 0x09,
    0xB6, 0xA1, 0x48, 0x8A, 0x64, 0x4A, 0x1A, 0x7C, 0xB3, 0x8A, 0x0B, 0xB7, 0xF9, 0x0F, 0xF8, 0x0F,
    0x70, 0x9B, 0xC2, 0xDC, 0xAE, 0xA0, 0xA0, 0xA0, 0xC0, 0xA2, 0x49, 0xEB, 0x82, 0x02, 0x91, 0x22,
    0x4D, 0x3A, 0x7C, 0xF6, 0x2A, 0x14, 0x29, 0x52, 0xF8, 0x04, 0x12, 0x94, 0x5E, 0x01, 0x12, 0x45,
    0x0A, 0x86, 0x64, 0x8B, 0xB1, 0x33, 0xBB, 0x8F, 0xEF, 0xED, 0x3A, 0x8E, 0x8D, 0x22, 0xC4, 0x8F,
    0xDB, 0x37, 0xDF, 0xDD, 0xCE, 0xCD, 0xFB, 0xDE, 0xCC, 0x7B, 0xDF, 0x1B, 0xE0, 0x6D, 0xC0, 0x67,
    0x32, 0x14, 0xD2, 0xF9, 0xCD, 0xB0, 0x42, 0x4A, 0xF8, 0x38, 0x61, 0x31, 0xDA, 0x92, 0xAF, 0x7E,
    0x33, 0x15, 0x12, 0x32, 0xA9, 0x31, 0xDB, 0x83, 0x09, 0x56, 0x5A, 0x2F, 0x65, 0xEF, 0xCB, 0x64,
    0xEB, 0x68, 0x6B, 0xE2, 0xCA, 0xC3, 0x0F, 0xB0, 0x11, 0x18, 0xA9, 0xA2, 0x19, 0xA2, 0xE9, 0xA2,
    0x69, 0x2F, 0x5A, 0xA2, 0xCD, 0xDB, 0xC3, 0xED, 0xC6, 0x4B, 0x9D, 0x0F, 0x98, 0xA8, 0xA2, 0x6B,
    0xA3, 0x2B, 0xA3, 0xC3, 0x64, 0xC9, 0xA3, 0xAF, 0x20, 0x02, 0xFF, 0x80, 0x54, 0xD8, 0x57, 0x42,
    0xD7, 0x12, 0xF2, 0x5A, 0xDF, 0x21, 0xD1, 0x08, 0x3F, 0x9B, 0x22, 0xD1, 0x35, 0x60, 0x90, 0x36,
    0x4B, 0xD1, 0x04, 0xF2, 0x64, 0xC1, 0xB6, 0x04, 0xD7, 0xF0, 0xB5, 0x02, 0xFF, 0xE8, 0x11, 0x8B,
    0x47, 0x09, 0xE3, 0xE2, 0xD1, 0x8D, 0xEE, 0x5F, 0xED, 0x49, 0x84, 0x5F, 0x8B, 0x94, 0x57, 0xA0,
    0x04, 0x5C, 0xF7, 0x8B, 0x90, 0xE0, 0x39, 0x21, 0x0B, 0x26, 0x2A, 0x4B, 0x20, 0x81, 0x27, 0x4B,
    0x2B, 0xAF, 0x08, 0x92, 0x12, 0x24, 0x20, 0xFB, 0x72, 0x17, 0xB6, 0x66, 0x1A, 0x6C, 0xBD, 0x01,
    0x02, 0x50, 0x1C, 0x7F, 0x21, 0xA1, 0x12, 0xC2, 0xE0, 0x6B, 0xDB, 0x32, 0x15, 0xF4, 0xE5, 0x12,
    0x24, 0xFB, 0x69, 0xC2, 0xE0, 0x3F, 0x0F, 0xF0, 0x72, 0x24, 0xA1, 0x38, 0x26, 0xF0, 0x34, 0x79,
    0xF3, 0x8F, 0x60, 0xC7, 0x36, 0x22, 0xD5, 0x76, 0x2D, 0xE2, 0x85, 0x3B, 0xC8, 0x19, 0x1B, 0x37,
    0x23, 0x16, 0x51, 0x11, 0xE3, 0x8F, 0x4B, 0x36, 0x7C, 0xB3, 0x10, 0x51, 0x03, 0x96, 0x30, 0x03,
    0x8C, 0x2E, 0x5C, 0x44, 0x2E, 0x26, 0x9E, 0x3F, 0xFD, 0x42, 0x96, 0xD5, 0x12, 0x4B, 0x33, 0x98,
    0x38, 0x64, 0x01, 0x0B, 0x19, 0xE1, 0x13, 0x85, 0x47, 0x84, 0x17, 0x3F, 0x13, 0x4E, 0x9F, 0x11,
    0xE2, 0xA9, 0xC2, 0xA1, 0x82, 0x7F, 0x16, 0x16, 0xD1, 0x3D, 0x3F, 0x49, 0xD1, 0xFE, 0x21, 0x31,
    0xE6, 0xA1, 0xD2, 0x7A, 0x3C, 0xA4, 0x7F, 0xA4, 0xFB, 0x43, 0xF5, 0xA6, 0x73, 0xA4, 0x6F, 0xA4,
    0x6B, 0xA4, 0x67, 0x8C, 0x07, 0x1C, 0x9E, 0xC3, 0x71, 0x30, 0xA1, 0x74, 0xE2, 0xAE, 0x67, 0x1C,
    0xAE, 0x9B, 0xEA, 0xF9, 0x2E, 0xBF, 0x46, 0xC4, 0x69, 0x72, 0x22, 0xAE, 0xF7, 0x2E, 0x79, 0x17,
    0xDD, 0x25, 0xA3, 0x90, 0x30, 0x13, 0xCC, 0x7A, 0xF3, 0xA4, 0xE6, 0x37, 0x76, 0x46, 0x09, 0x0C,
    0x3A, 0x97, 0x09, 0x8C, 0xD4, 0xF3, 0xE3, 0xC6, 0x3E, 0x69, 0xEC, 0xE3, 0xB6, 0xB8, 0x17, 0x3C,
    0xA5, 0x2B, 0xF1, 0x40, 0xA5, 0xBB, 0x72, 0x3B, 0x98, 0x07, 0xCC, 0x46, 0xC9, 0xE4, 0x51, 0x95,
    0x79, 0x93, 0x4C, 0x15, 0x9C, 0xA0, 0xF7, 0x48, 0x93, 0xC0, 0x7E, 0x2F, 0xED, 0x47, 0x9A, 0x27,
    0xEC, 0xEA, 0xB2, 0xBF, 0x68, 0xF5, 0xB5, 0x8A, 0x5D, 0xEC, 0xE7, 0xED, 0xAC, 0xE4, 0x5A, 0xF7,
    0xF2, 0x49, 0xBE, 0xAF, 0x58, 0xA2, 0x07, 0xF9, 0x51, 0x99, 0xF5, 0x4C, 0x8A, 0x32, 0x19, 0x29,
    0x0B, 0x59, 0xFB, 0xAD, 0x76, 0x05, 0xB0, 0x6C, 0xC9, 0x45, 0x35, 0xC4, 0xD5, 0x2C, 0x56, 0x5B,
    0xD1, 0x49, 0x9C, 0x0F, 0x77, 0xDF, 0xBA, 0x01, 0xBB, 0x4F, 0xF5, 0x03, 0x35, 0x8A, 0xA3, 0x9A,
    0xF4, 0xBD, 0xAF, 0xCF, 0x9B, 0x89, 0x4A, 0xE2, 0x4C, 0x71, 0xAC, 0x32, 0x7B, 0xC7, 0x95, 0x54,
    0x00, 0x0F, 0x91, 0x29, 0x6D, 0xF0, 0xB7, 0xE3, 0xD8, 0x9D, 0xCB, 0x4B, 0xDD, 0x79, 0x4F, 0xBB,
    0x73, 0x4E, 0x59, 0x46, 0xCC, 0x4E, 0x34, 0x43, 0x76, 0x3C, 0xF4, 0xEA, 0x42, 0x83, 0xF6, 0x23,
    0x0F, 0xE7, 0xF3, 0x06, 0x76, 0x57, 0xD3, 0xF3, 0x7F, 0x5A, 0x49, 0xB4, 0x2F, 0xD9, 0x45, 0xF8,
    0x2F, 0x5D, 0xA4, 0x6D, 0xF3, 0x0A, 0xFE, 0x55, 0x03, 0x61, 0xAE, 0x1E, 0x1C, 0x37, 0xE8, 0x5D,
    0xE9, 0x1E, 0x18, 0xFD, 0x27, 0x0E, 0x9E, 0x7D, 0x1A, 0x0D, 0x13, 0xB5, 0x86, 0x79, 0xDA, 0x62,
    0xFE, 0x43, 0x80, 0xFD, 0xAE, 0x83, 0xFD, 0x31, 0xA2, 0x60, 0x58, 0x2F, 0x3D, 0xF5, 0x54, 0xE1,
    0x80, 0x88, 0xF7, 0x78, 0xB7, 0x60, 0xD6, 0x21, 0xAB, 0xB5, 0x0A, 0x4C, 0xCB, 0x1B, 0x3B, 0x6A,
    0xFC, 0x61, 0xDA, 0xB3, 0xEC, 0x6D, 0xBC, 0x4E, 0x32, 0x0C, 0xC9, 0xA2, 0x21, 0x53, 0x98, 0xAF,
    0x31, 0x7D, 0x66, 0xC2, 0xB0, 0x46, 0x61, 0xBC, 0x00, 0x0B, 0x05, 0xAF, 0xC0, 0x03, 0x53, 0xF5,
    0x04, 0xA3, 0xFA, 0xB7, 0x9A, 0xB5, 0x42, 0xC1, 0x93, 0xAD, 0x59, 0x29, 0x20, 0x5B, 0x4F, 0x44,
    0xD7, 0x26, 0x2A, 0x7B, 0xC2, 0x30, 0x9C, 0xBF, 0xEE, 0x3F, 0x6B, 0xAF, 0x1C, 0xDE, 0x67, 0x62,
    0x24, 0xF0, 0x4E, 0xE4, 0x06, 0x1E, 0x97, 0x4C, 0x7B, 0xE3, 0xBE, 0x67, 0x1F, 0xE4, 0x63, 0xF3,
    0x5C, 0xD7, 0xF5, 0x99, 0x7C, 0xAD, 0x77, 0xF6, 0x56, 0x5A, 0x99, 0x3E, 0xD9, 0x65, 0xFA, 0x60,
    0x91, 0xBA, 0xC5, 0xD0, 0x2E, 0x0F, 0xEB, 0xE4, 0x7F, 0x8B, 0x5E, 0xC2, 0xFB, 0x2C, 0xD2, 0x5D,
    0xA0, 0x3B, 0xEB, 0x06, 0xFB, 0x82, 0xF4, 0xBC, 0x62, 0xCB, 0x24, 0xF5, 0xE9, 0x51, 0x2D, 0xB6,
    0x3E, 0xF0, 0x65, 0x35, 0xE0, 0xDB, 0x38, 0xB1, 0x51, 0x63, 0x2D, 0xA5, 0xCB, 0x88, 0xFE, 0x57,
    0xEE, 0xB5, 0x31, 0xCC, 0x79, 0x1E, 0xAF, 0x22, 0xFA, 0xDB, 0x1D, 0xFF, 0xE2, 0x02, 0xBC, 0x39,
    0xC9, 0x5A, 0x39, 0x73, 0x66, 0x54, 0x4A, 0x7F, 0x0D, 0x7E, 0x8F, 0xA7, 0x2B, 0xB1, 0xDD, 0xDC,
    0xB2, 0x2F, 0x6F, 0xF7, 0x3B, 0x9A, 0x5E, 0x8C, 0xF9, 0xE4, 0x19, 0x68, 0xCC, 0xD9, 0xDF, 0x98,
    0x46, 0x6F, 0xB5, 0x16, 0xB4, 0xAC, 0xE4, 0xF9, 0x1C, 0xE8, 0x15, 0x1C, 0xCE, 0x9E, 0x3B, 0x8E,
    0x9A, 0xD2, 0xBB, 0xD1, 0xB4, 0xF9, 0xFA, 0x2A, 0xEC, 0x87, 0x30, 0x69, 0xAA, 0x05, 0x28, 0xB7,
    0x73, 0x1B, 0xEE, 0x87, 0x29, 0xDA, 0xC5, 0x49, 0xDA, 0xAD, 0x0D, 0xE4, 0x1D, 0xCC, 0x58, 0x31,
    0xEE, 0xE8, 0xCC, 0x9E, 0x06, 0xEA, 0xD1, 0x74, 0xC9, 0x04, 0x76, 0xFA, 0xFE, 0x45, 0xFB, 0x13,
    0x01, 0x5B, 0x00, 0xA4, 0xFF, 0x50, 0xF4, 0x7C, 0x05, 0x1F, 0x3D, 0x06, 0x00, 0x1F, 0xC0, 0xBD,
    0xF0, 0x1F, 0x1C, 0x3D, 0xF8, 0x00, 0x00, 0x00, 0x00, 0xFF, 0xC0, 0xFF, 0xC0, 0x64, 0xA0, 0x3F,
    0xF0, 0x1F, 0xC0, 0x00, 0xF4, 0xF4, 0x00, 0x00, 0xF7, 0xD0, 0xF7, 0xD0, 0xBD, 0x1F, 0x1D, 0x1F,
    0x00, 0x3F, 0xC0, 0x36, 0xC0, 0x3F, 0xC0, 0x1F, 0x00, 0x05, 0x08, 0x1F, 0x3E, 0x3D, 0xF8, 0x64,
    0xA0, 0x3F, 0xE0, 0x0F, 0x40, 0x00, 0xF8, 0x01, 0xF8, 0xBF, 0xF0, 0xBF, 0xD0, 0xB4, 0xF8, 0xB4,
    0x1E, 0x00, 0x1F, 0x80, 0x1F, 0x80, 0x7E, 0x00, 0x14, 0x39, 0x2F, 0x7E, 0x7C, 0xF4, 0xFF, 0x04,
    0xB3, 0x77, 0x60, 0xB0, 0xBF, 0xC0, 0xC0, 0xFC, 0x81, 0x81, 0xE9, 0x03, 0x03, 0xF3, 0x0F, 0x06,
    0xF6, 0x3F, 0x0C, 0xFC, 0xB5, 0x0C, 0xFC, 0x76, 0x0C, 0xFA, 0xFA, 0x0C, 0x76, 0xFC, 0x0E, 0x35,
    0xFC, 0x1F, 0xF6, 0x30, 0x7F, 0x00, 0x00, 0x8D, 0x53, 0xB1, 0x8E, 0xDC, 0x36, 0x10, 0x7D, 0xBB,
    0x44, 0xA0, 0x82, 0x80, 0x99, 0x0F, 0x08, 0x40, 0x7F, 0x80, 0x11, 0x5E, 0x69, 0x20, 0xB7, 0xBB,
    0xF4, 0x5D, 0x71, 0xC5, 0x16, 0xF7, 0x09, 0xF9, 0x05, 0x03, 0x49, 0xB9, 0x67, 0x31, 0x49, 0xE1,
    0x32, 0x9F, 0xE0, 0x20, 0x3F, 0x60, 0x17, 0x29, 0x15, 0x93, 0x4E, 0x8A, 0x2B, 0x2D, 0xC3, 0xA5,
    0x8B, 0xE8, 0x7C, 0x45, 0x4A, 0xD3, 0x89, 0x02, 0x08, 0xC8, 0xAE, 0x26, 0x8F, 0xDA, 0xB3, 0x7D,
    0xF6, 0x35, 0x81, 0xDE, 0xA3, 0xC8, 0x99, 0xD1, 0x8C, 0x38, 0x7C, 0xC4, 0x06, 0xD8, 0x01, 0x82,
    0xD9, 0x1B, 0xA8, 0xE7, 0x5E, 0x9D, 0x26, 0xAD, 0x93, 0x91, 0xEE, 0x96, 0xCA, 0x77, 0xE6, 0xF9,
    0x10, 0x83, 0xA8, 0x31, 0x4A, 0xB2, 0xC7, 0xC9, 0x1E, 0x25, 0xEB, 0xBD, 0xF5, 0xB0, 0x23, 0xEC,
    0x9A, 0x96, 0x6C, 0x8F, 0x72, 0x19, 0xD7, 0x6D, 0x14, 0x4F, 0x70, 0x62, 0x8F, 0xBB, 0x02, 0x7A,
    0x25, 0xD8, 0x93, 0x29, 0xE0, 0x5E, 0x5F, 0xC6, 0x93, 0x1C, 0x25, 0x44, 0x69, 0xED, 0xBD, 0xD6,
    0x7A, 0x22, 0x94, 0x3C, 0x37, 0x10, 0x3B, 0x28, 0x11, 0x20, 0x37, 0x7B, 0x76, 0x7B, 0xCE, 0xC8,
    0x79, 0xDB, 0x40, 0xA5, 0x3D, 0x75, 0x68, 0x60, 0xD0, 0xA0, 0x96, 0x2D, 0x06, 0x38, 0x64, 0x68,
    0x74, 0xA8, 0x10, 0x30, 0x47, 0xBC, 0x14, 0xEF, 0x7C, 0xC3, 0x6C, 0x5B, 0xD8, 0x23, 0x72, 0x4D,
    0x7E, 0xCD, 0xF5, 0x86, 0x64, 0x4E, 0xCB, 0x3C, 0x36, 0x14, 0x7F, 0x33, 0xC5, 0x56, 0xD7, 0xEB,
    0x7D, 0x52, 0x77, 0xAA, 0xCD, 0xF8, 0x6F, 0x58, 0x53, 0xC2, 0x16, 0x4F, 0x95, 0x20, 0x5E, 0x70,
    0x67, 0x7E, 0x81, 0x8F, 0x28, 0x3B, 0xBE, 0xCF, 0xF0, 0xA9, 0xBD, 0xC4, 0xCE, 0x24, 0x40, 0xBF,
    0xE8, 0xF9, 0x97, 0x1B, 0xAC, 0xF8, 0x3C, 0x98, 0xE8, 0xFC, 0x9E, 0xAB, 0xE9, 0x71, 0x38, 0x63,
    0xCC, 0x80, 0x99, 0x24, 0x44, 0x29, 0xF9, 0xCF, 0xF0, 0x7F, 0x18, 0x5F, 0xB3, 0xA7, 0x3C, 0x8C,
    0xD3, 0x34, 0xF5, 0x7D, 0x3A, 0x0C, 0x4E, 0xB8, 0x1C, 0x3F, 0xEA, 0x29, 0xA9, 0xBB, 0xDE, 0xFA,
    0x6F, 0x57, 0xB8, 0xFD, 0x00, 0x2C, 0x56, 0xB0, 0x04, 0x2B, 0x1F, 0xD0, 0x48, 0xD7, 0x4C, 0x3A,
    0x91, 0x9C, 0x87, 0x27, 0xDD, 0x70, 0x1F, 0xC3, 0xE7, 0x6C, 0xEA, 0x4D, 0x68, 0x81, 0xBC, 0xE5,
    0x21, 0x87, 0x43, 0x98, 0xF4, 0x0B, 0xAA, 0x2E, 0x43, 0xFD, 0xD5, 0x62, 0xF6, 0x6F, 0xA2, 0x7A,
    0x02, 0x50, 0x63, 0xCA, 0xF9, 0xD9, 0x21, 0x60, 0x7A, 0xB2, 0x65, 0xD9, 0x97, 0x5B, 0x1B, 0xB2,
    0xF9, 0x2D, 0xA9, 0x3F, 0xFD, 0x7C, 0x04, 0xB6, 0xC0, 0x53, 0x6E, 0x12, 0xEA, 0xC7, 0x64, 0x74,
    0x7B, 0x47, 0x65, 0x31, 0xBB, 0xF8, 0x6A, 0x57, 0xF4, 0xF1, 0x0E, 0xE6, 0x61, 0x36, 0x92, 0xE7,
    0x3F, 0x67, 0xCC, 0xDF, 0x41, 0xEF, 0x62, 0x67, 0x76, 0xCE, 0xAB, 0x6C, 0xAF, 0x73, 0x24, 0xD7,
    0xBF, 0x73, 0xC3, 0x7F, 0x7F, 0xE0, 0xFA, 0x25, 0x65, 0x76, 0xCA, 0x78, 0x36, 0xF7, 0x9A, 0xB0,
    0xDE, 0xEB, 0xF5, 0xF8, 0x83, 0x5E, 0xEB, 0xB6, 0x44, 0x1D, 0x17, 0x45, 0xAC, 0xD3, 0x6A, 0xEA,
    0xA1, 0xB7, 0xA7, 0xC1, 0x04, 0x2A, 0x97, 0xC3, 0xA3, 0x32, 0x4C, 0xCB, 0xC9, 0x71, 0xC2, 0x10,
    0xF7, 0x3D, 0x83, 0x63, 0x57, 0x77, 0x98, 0xCB, 0xA8, 0x2F, 0x7A, 0xF3, 0xAC, 0x40, 0x3F, 0xEB,
    0xD5, 0x45, 0x0F, 0xE9, 0xD5, 0x3F, 0x7D, 0xF5, 0xA2, 0x2C, 0xCD, 0x77, 0xFD, 0xA8, 0x47, 0xBD,
    0xC5, 0x72, 0x85, 0x85, 0x2D, 0x8D, 0xB1, 0x8F, 0xCB, 0xA4, 0xB1, 0xA8, 0x23, 0xDC, 0x23, 0xF6,
    0xCB, 0xCF, 0x59, 0x64, 0xC4, 0x02, 0xF8, 0x6A, 0x8B, 0xDA, 0xE2, 0x57, 0x13, 0x1A, 0x9D, 0x9A,
    0x2A, 0x6D, 0x74, 0x5A, 0x98, 0xE0, 0x2C, 0xAA, 0x2D, 0x28, 0x6E, 0xE7, 0xC0, 0xB9, 0x5B, 0xC2,
    0x8D, 0x9C, 0x04, 0x57, 0x5C, 0x9E, 0x62, 0x63, 0x8B, 0xD4, 0xC3, 0x74, 0x85, 0x93, 0x54, 0x55,
    0x49, 0x57, 0xE9, 0x56, 0x95, 0x6A, 0x49, 0x19, 0xB9, 0xC5, 0xFD, 0x80, 0xDB, 0xCC, 0xF0, 0xA5,
    0xC3, 0xA1, 0xF1, 0xB5, 0x50, 0xEE, 0x54, 0x5F, 0x39, 0x1D, 0x77, 0x14, 0x2A, 0x81, 0xEB, 0xEF,
    0x36, 0x07, 0x0B, 0x34, 0x55, 0x8F, 0xB3, 0x9F, 0x96, 0x4F, 0x16, 0xF5, 0x10, 0xCF, 0x93, 0x33,
    0x9D, 0xFB, 0x22, 0xB8, 0xBB, 0x70, 0x19, 0x8E, 0xB7, 0x8A, 0x02, 0xB5, 0x3E, 0x9E, 0x67, 0x79,
    0x3E, 0x38, 0xD5, 0x39, 0xD5, 0x16, 0x48, 0x7B, 0x35, 0x51, 0x1D, 0xED, 0xD5, 0x0E, 0xFC, 0xA5,
    0x85, 0x4E, 0x9B, 0xAA, 0x6D, 0x54, 0xC7, 0x71, 0xA9, 0x99, 0x27, 0x14, 0x7B, 0xED, 0xEB, 0xC7,
    0xC9, 0x55, 0xFC, 0x30, 0x4F, 0x98, 0x32, 0xF0, 0xFF, 0xB9, 0x11, 0x5C, 0x21, 0x26, 0x50, 0xEC,
    0x97, 0x97, 0xE1, 0x87, 0xD7, 0x5E, 0xF1, 0xE6, 0x5F, 0x83, 0x19, 0x20, 0x7F, 0x64, 0xC7, 0x6C,
    0x37, 0x40, 0xA1, 0xF2, 0x92, 0x02, 0x07, 0x04, 0xEF, 0xCB, 0xFB, 0x6C, 0x6E, 0xDF, 0x2E, 0xE3,
    0xD9, 0x31, 0xB6, 0x28, 0x9E, 0x73, 0x6D, 0x69, 0x58, 0xD2, 0x52, 0x7A, 0xBA, 0x33, 0x69, 0x7A,
    0x97, 0x35, 0xED, 0xC5, 0xFF, 0x1F, 0x95, 0x57, 0x31, 0x6C, 0x1C, 0x45, 0x14, 0x7D, 0xBB, 0x8B,
    0x19, 0x29, 0x2B, 0x31, 0x14, 0x41, 0xC2, 0xA0, 0x78, 0x29, 0x28, 0x1C, 0x29, 0xC7, 0xB6, 0x29,
    0xE2, 0x9B, 0x25, 0xE9, 0x68, 0x70, 0x41, 0x4F, 0x43, 0x9F, 0x86, 0x82, 0x22, 0xB1, 0x27, 0x14,
    0xA4, 0x40, 0x28, 0x11, 0x0D, 0x05, 0x05, 0x21, 0x2D, 0x85, 0x29, 0x29, 0x7C, 0xB7, 0x13, 0x52,
    0xB8, 0x70, 0xC1, 0x29, 0x96, 0x48, 0x41, 0x91, 0x4D, 0x22, 0x44, 0x91, 0x22, 0x43, 0x72, 0x8A,
    0x57, 0x62, 0xEF, 0x86, 0xFF, 0x67, 0xCF, 0xB9, 0xBD, 0x38, 0xF6, 0xAE, 0xBD, 0x73, 0x2B, 0xEF,
    0xCC, 0xEC, 0x7B, 0xF3, 0xFF, 0x7F, 0xF3, 0xE7, 0x2F, 0x14, 0x90, 0x03, 0x4E, 0x07, 0xCE, 0x84,
    0xFB, 0x26, 0x7A, 0x5E, 0x88, 0xC7, 0x36, 0xFE, 0xC7, 0x4A, 0x57, 0x26, 0xAE, 0x52, 0xD9, 0x40,
    0x61, 0x03, 0xF4, 0xD7, 0x03, 0xFA, 0x7C, 0x8F, 0x4B, 0xA8, 0x29, 0x7A, 0x0A, 0xC1, 0x26, 0x52,
    0x87, 0x89, 0x42, 0xB5, 0x09, 0xE7, 0xA0, 0x9E, 0x66, 0x34, 0x2B, 0x1C, 0x21, 0x2A, 0xF8, 0x8E,
    0x01, 0x90, 0x00, 0x67, 0xF8, 0x55, 0x4C, 0x11, 0x38, 0x84, 0x0E, 0x91, 0xD3, 0xE2, 0x81, 0x91,
    0xBB, 0x23, 0x79, 0xB7, 0x48, 0x7E, 0xB0, 0xCA, 0x8D, 0x95, 0xAB, 0x86, 0xA8, 0x2A, 0x0C, 0xE8,
    0xAD, 0xC0, 0x02, 0x05, 0x4F, 0x3F, 0x92, 0x62, 0x8B, 0x28, 0x24, 0x4D, 0x48, 0x69, 0x2D, 0xE7,
    0x79, 0xCD, 0x08, 0xEE, 0xDD, 0xF4, 0x0C, 0xD8, 0xA4, 0x5F, 0x4E, 0xC3, 0xCE, 0x10, 0x97, 0x41,
    0xB4, 0x5F, 0x20, 0x7A, 0x6C, 0x21, 0xEE, 0x59, 0xC8, 0x3F, 0x4B, 0x48, 0x57, 0x11, 0x54, 0x05,
    0x36, 0x46, 0xD1, 0x05, 0x68, 0x5E, 0xA8, 0xD4, 0x7C, 0x2B, 0xB1, 0xBC, 0x7A, 0x2C, 0x2F, 0x9B,
    0x66, 0x71, 0xBA, 0xC4, 0x70, 0x35, 0x7A, 0x62, 0x78, 0x2A, 0x7B, 0x8C, 0x88, 0xB2, 0xC8, 0x19,
    0xEA, 0x89, 0xEF, 0x17, 0xF2, 0xAE, 0x95, 0xF7, 0x6D, 0xEA, 0x4A, 0xB2, 0x88, 0xDE, 0x1B, 0x12,
    0xCF, 0x19, 0x5E, 0x68, 0xB0, 0xA3, 0x63, 0x8B, 0xF4, 0x4A, 0x2B, 0x3E, 0xF9, 0xEB, 0x0D, 0x72,
    0x98, 0x5A, 0xA9, 0x6D, 0xF8, 0x79, 0x66, 0x97, 0xA2, 0xA1, 0x5C, 0xFB, 0x3E, 0xB8, 0x11, 0xC2,
    0xE7, 0x16, 0x11, 0xFF, 0x1E, 0x8D, 0x11, 0xFF, 0x5D, 0x79, 0xBB, 0x12, 0x37, 0x45, 0x9A, 0xA9,
    0xDA, 0xAE, 0x34, 0x83, 0x30, 0xC1, 0x4E, 0x16, 0x8F, 0xF1, 0xD1, 0x85, 0x16, 0xD2, 0xE0, 0x85,
    0x89, 0x7E, 0x32, 0x41, 0x00, 0xB0, 0x33, 0x11, 0xED, 0xE8, 0x3A, 0x58, 0xE0, 0x60, 0x91, 0x69,
    0x3A, 0x7A, 0x6A, 0xE2, 0x1D, 0x0A, 0x96, 0x4D, 0xD8, 0x34, 0x0E, 0xD6, 0x06, 0xAA, 0x01, 0x86,
    0x34, 0x2B, 0x99, 0xE0, 0x9D, 0x75, 0x20, 0x43, 0xED, 0xC0, 0xDE, 0x5A, 0x9B, 0x81, 0x3D, 0x76,
    0x5A, 0xB0, 0xEF, 0xBD, 0x77, 0x42, 0xC9, 0x75, 0x8E, 0x51, 0x43, 0x7E, 0xD2, 0xAB, 0x64, 0x15,
    0xE1, 0xC5, 0x2C, 0xA2, 0xA1, 0x89, 0x77, 0xE6, 0x84, 0x75, 0x18, 0x71, 0xCB, 0xBC, 0x0E, 0x8D,
    0xBC, 0x5E, 0xA4, 0xAC, 0x43, 0x6A, 0xA5, 0xD7, 0x61, 0x85, 0x0F, 0x80, 0xDF, 0x10, 0x5A, 0x9E,
    0x4E, 0x8C, 0x49, 0x85, 0xD8, 0xB6, 0xF1, 0xD2, 0x84, 0x92, 0xB9, 0x82, 0x6B, 0x3A, 0xF8, 0xCF,
    0x78, 0x29, 0x7A, 0x41, 0xBA, 0x8C, 0xC2, 0x16, 0x92, 0x42, 0xF6, 0x47, 0xA4, 0xC5, 0x78, 0xCF,
    0x92, 0x12, 0x29, 0x60, 0x29, 0x2B, 0x64, 0x48, 0xD1, 0x5A, 0xA2, 0x65, 0x72, 0xB8, 0x4E, 0xC2,
    0x55, 0x6F, 0xAB, 0x77, 0x39, 0x58, 0x64, 0x05, 0x07, 0xEB, 0xE4, 0xFB, 0xAB, 0x77, 0x81, 0xFD,
    0x29, 0x6C, 0xCB, 0x5E, 0x0B, 0x59, 0x73, 0x44, 0x44, 0x26, 0x64, 0x3E, 0xE6, 0x9D, 0xB4, 0x21,
    0xBF, 0x43, 0xAF, 0xE2, 0xB9, 0x24, 0x3F, 0x59, 0xB5, 0xB1, 0x90, 0x45, 0xDF, 0x6B, 0x16, 0x77,
    0xED, 0xB4, 0x13, 0x0A, 0xA3, 0xAB, 0xD3, 0x1A, 0xC2, 0x70, 0x4E, 0x53, 0xA3, 0x05, 0xD6, 0xCD,
    0x95, 0xDC, 0xE6, 0x8F, 0x7E, 0xB4, 0x39, 0x9F, 0x61, 0x1D, 0x06, 0x09, 0xF5, 0x1B, 0x6A, 0x34,
    0x67, 0xB8, 0xCC, 0x3D, 0xD4, 0xDF, 0x9C, 0xD6, 0x74, 0x6F, 0x0D, 0x52, 0x7A, 0x51, 0x50, 0x73,
    0x96, 0xDB, 0xFC, 0xD1, 0x8F, 0x86, 0x63, 0x80, 0x72, 0xC2, 0x97, 0x3C, 0x5F, 0x70, 0x6A, 0x42,
    0x5F, 0xEA, 0xDC, 0x19, 0x6A, 0x14, 0x61, 0xB5, 0xCC, 0x3D, 0x44, 0xF1, 0xD2, 0x99, 0xAF, 0x62,
    0xFA, 0x65, 0xBF, 0x82, 0x29, 0x5D, 0x9D, 0x32, 0x20, 0x26, 0xF4, 0xBA, 0x56, 0xB1, 0xC9, 0x7F,
    0x29, 0x72, 0x57, 0x30, 0xE0, 0x27, 0xDC, 0x23, 0x78, 0x17, 0xFC, 0x4A, 0x0B, 0x0D, 0xF7, 0x0C,
    0xE5, 0x87, 0x74, 0xAD, 0x2B, 0x32, 0xB0, 0xCE, 0xE6, 0x45, 0xA3, 0x60, 0xCC, 0xE0, 0xA7, 0x4E,
    0xB5, 0xB1, 0x48, 0x04, 0x37, 0x8C, 0xF8, 0xF7, 0x66, 0x7A, 0xB5, 0x33, 0x45, 0x4C, 0x6F, 0x19,
    0xDC, 0x2E, 0x22, 0x4A, 0x6A, 0x97, 0xE7, 0xF8, 0x7D, 0xC2, 0x77, 0x87, 0xF0, 0xE3, 0x11, 0x3E,
    0xB6, 0xD1, 0xB3, 0x82, 0x04, 0x76, 0xF6, 0x6C, 0x4D, 0xC1, 0xD1, 0x39, 0x9A, 0x82, 0x47, 0x21,
    0x47, 0x58, 0xB2, 0xB8, 0x3D, 0x62, 0x8A, 0xCF, 0x3D, 0xC5, 0x94, 0x92, 0xA7, 0xE9, 0xC7, 0xA3,
    0xDC, 0x59, 0x6A, 0x4D, 0x8A, 0xDA, 0xF3, 0xA7, 0xDF, 0xF6, 0x1A, 0xA0, 0x5C, 0xDA, 0xEB, 0xEE,
    0x2B, 0xC4, 0x0E, 0x4B, 0x9F, 0xF1, 0xFC, 0xDA, 0x5D, 0x52, 0xB6, 0x98, 0x53, 0x53, 0x24, 0x8D,
    0x70, 0x74, 0xD7, 0x67, 0x58, 0xF0, 0x2E, 0x5B, 0x3E, 0x7B, 0xB0, 0x05, 0x3A, 0x68, 0x35, 0xD5,
    0xC2, 0x08, 0x3E, 0x2A, 0xAD, 0xB3, 0x29, 0x16, 0x2F, 0xDF, 0x97, 0xD5, 0xE3, 0xB9, 0xC9, 0x8D,
    0x5C, 0xB8, 0x8E, 0x7A, 0x03, 0x58, 0xA1, 0xFF, 0x56, 0x10, 0x67, 0x52, 0xC7, 0xFE, 0xC0, 0xCA,
    0xB5, 0x5C, 0xB8, 0x30, 0x1B, 0x0B, 0x9D, 0x4E, 0x28, 0xDB, 0x5E, 0x2A, 0x07, 0x9C, 0x95, 0x36,
    0x2A, 0xF4, 0x7D, 0xDB, 0xA0, 0x47, 0xEA, 0xA4, 0xA1, 0xD0, 0x9B, 0x87, 0xAF, 0x80, 0x6D, 0xBE,
    0x4B, 0xBF, 0xAB, 0x27, 0x2A, 0xAB, 0xA4, 0x2E, 0xA5, 0xA6, 0xFB, 0x40, 0x65, 0xD4, 0x23, 0x17,
    0x4D, 0x6A, 0x56, 0x1B, 0x5D, 0x28, 0x9A, 0xDB, 0xF5, 0x58, 0x0A, 0x3A, 0x8D, 0xD7, 0x70, 0xE5,
    0x0B, 0x4A, 0x79, 0x6F, 0x7E, 0xAD, 0x3B, 0x82, 0xCF, 0x6B, 0x8B, 0xD1, 0xFC, 0xDC, 0x3A, 0x96,
    0xC5, 0xE2, 0xC3, 0x12, 0xD3, 0x55, 0xF1, 0x97, 0xA9, 0x37, 0x70, 0x27, 0x96, 0x73, 0xBE, 0xBC,
    0xD8, 0xCD, 0x5E, 0x96, 0x17, 0xC7, 0x52, 0x94, 0x9C, 0x6F, 0xB6, 0x2F, 0xD0, 0x21, 0x21, 0xAE,
    0x77, 0x36, 0x84, 0xD2, 0xF1, 0xFB, 0x3A, 0xD8, 0xE5, 0x0C, 0x5B, 0x17, 0x13, 0xC7, 0x50, 0x84,
    0x2F, 0x8C, 0xD8, 0x9A, 0x15, 0x13, 0x74, 0x1A, 0x89, 0x5D, 0xD3, 0xD9, 0x5D, 0x9C, 0xC4, 0x97,
    0xD6, 0x19, 0x9F, 0xDD, 0x36, 0x6E, 0xE7, 0x22, 0x53, 0x38, 0x22, 0xDF, 0x74, 0x8F, 0xC8, 0x5C,
    0x51, 0x9D, 0x83, 0xD2, 0x50, 0x57, 0xEC, 0xD5, 0xB5, 0xF6, 0x1E, 0xED, 0xD9, 0xD0, 0x4D, 0x13,
    0x3A, 0xED, 0x2E, 0x59, 0x4F, 0x77, 0x75, 0x91, 0xAE, 0x9A, 0xD1, 0x9D, 0x67, 0x7F, 0x87, 0x0F,
    0x6F, 0x21, 0xA2, 0xA3, 0xAB, 0x50, 0x2E, 0x5B, 0xA4, 0xC0, 0xCC, 0x63, 0x23, 0x5F, 0x67, 0x6C,
    0x77, 0x85, 0xA5, 0x34, 0x42, 0x1B, 0x29, 0xBA, 0xD3, 0x02, 0x7B, 0xB0, 0x17, 0xD2, 0x8E, 0xB0,
    0xB3, 0xBD, 0xF0, 0xC8, 0xB6, 0xAC, 0xF6, 0x19, 0xC5, 0x77, 0x6B, 0x8E, 0x79, 0xF1, 0x55, 0x4C,
    0xAA, 0x33, 0xD4, 0x8F, 0x07, 0x4B, 0xFD, 0x16, 0xBD, 0xA1, 0x25, 0xF3, 0x62, 0x06, 0xD4, 0xAF,
    0x5F, 0x27, 0x3A, 0xFB, 0xB3, 0x11, 0x3E, 0x04, 0x6D, 0xE6, 0x37, 0x02, 0x57, 0x46, 0xC5, 0xE1,
    0x56, 0x51, 0x13, 0x45, 0x7E, 0xD9, 0xD0, 0xC2, 0x62, 0x5F, 0x3F, 0x05, 0x05, 0x07, 0x82, 0xEE,
    0x65, 0x7A, 0x70, 0x55, 0x6A, 0xB2, 0xE9, 0x9C, 0xA2, 0xAA, 0x44, 0xE8, 0xD8, 0x88, 0x85, 0xF3,
    0xBA, 0x0B, 0xAA, 0x28, 0xC8, 0xA7, 0x94, 0x5E, 0x0E, 0x21, 0x6E, 0xF1, 0xBE, 0x25, 0x4B, 0x6E,
    0xB1, 0xF1, 0x65, 0x34, 0x2D, 0xA3, 0x71, 0xCB, 0xFA, 0xF8, 0xC0, 0x46, 0x78, 0x8D, 0xCD, 0x2E,
    0xD3, 0xA2, 0x4C, 0xB3, 0x32, 0x45, 0xDD, 0xA8, 0x8C, 0x9C, 0xCC, 0x8A, 0x35, 0x4A, 0xAF, 0xBE,
    0x90, 0xEC, 0x0C, 0xBB, 0xE2, 0x6B, 0xCF, 0x56, 0xD8, 0x03, 0xBB, 0xBB, 0xC2, 0x8A, 0x5A, 0x4C,
    0x0F, 0x5B, 0x60, 0x7D, 0xA9, 0x92, 0x74, 0xC4, 0x54, 0x14, 0xD4, 0xD0, 0x1E, 0x0F, 0x58, 0x8B,
    0xA9, 0x93, 0x3F, 0x1B, 0xF1, 0xAE, 0xC5, 0x74, 0x24, 0xAC, 0xAF, 0x49, 0x05, 0x95, 0x26, 0x86,
    0xEF, 0xB3, 0x32, 0xFF, 0x5C, 0x5D, 0xA7, 0x0E, 0x53, 0x52, 0xDD, 0xEF, 0xA5, 0x78, 0x6E, 0x23,
    0xFA, 0x2C, 0xA3, 0xE2, 0x22, 0xF7, 0x35, 0x69, 0xA3, 0x05, 0x19, 0xE7, 0x9A, 0xC0, 0x17, 0xA7,
    0x4A, 0x14, 0x69, 0x6C, 0x92, 0x1B, 0x46, 0xFE, 0xA1, 0xE3, 0xA7, 0xFE, 0x13, 0x84, 0x8E, 0xFD,
    0xCA, 0x03, 0x8E, 0x21, 0x2D, 0x97, 0x3E, 0x2A, 0x9B, 0x24, 0x77, 0x2A, 0xB9, 0x37, 0xA6, 0xEF,
    0x3B, 0x2E, 0xBD, 0x49, 0xF7, 0x87, 0x30, 0x9B, 0xC5, 0xEF, 0x40, 0xEA, 0xBE, 0x84, 0x4A, 0x91,
    0xF4, 0x21, 0xB7, 0x7D, 0xAD, 0x5D, 0x92, 0x35, 0x6C, 0x1A, 0x15, 0x05, 0xE9, 0x6E, 0x96, 0x7E,
    0xAA, 0x59, 0x16, 0x7D, 0xEF, 0xE9, 0xB7, 0xEA, 0x65, 0x4F, 0xD2, 0x6B, 0x95, 0xBC, 0x3B, 0x16,
    0x4F, 0x68, 0xD9, 0xAF, 0xA7, 0x68, 0x2A, 0x7D, 0x20, 0x0D, 0x95, 0xA5, 0x2A, 0xC9, 0x92, 0x14,
    0x72, 0x08, 0x39, 0xE1, 0x5A, 0x35, 0x2A, 0x3D, 0x05, 0x9D, 0x3A, 0x5C, 0x4A, 0x90, 0x09, 0xA3,
    0xF0, 0x81, 0xF1, 0xE0, 0x79, 0xAB, 0x4F, 0x84, 0xCB, 0x66, 0x9F, 0xB5, 0x4D, 0x87, 0x3C, 0xF0,
    0x0E, 0x99, 0x7A, 0x87, 0x54, 0x73, 0x87, 0xFC, 0x0F, 0x6D, 0x8E, 0x31, 0x0E, 0xC2, 0x30, 0x0C,
    0x45, 0x3F, 0x74, 0xE8, 0x90, 0x21, 0x47, 0xC8, 0x0D, 0xC8, 0xD2, 0x21, 0x0B, 0x0A, 0x47, 0xEA,
    0xC8, 0xD6, 0x1E, 0x29, 0x63, 0x87, 0x88, 0xFA, 0x08, 0xDD, 0x59, 0x7A, 0x84, 0x0C, 0x48, 0x74,
    0x30, 0x32, 0x2E, 0x08, 0x54, 0x21, 0x22, 0xC7, 0xB1, 0x9F, 0xBF, 0xF2, 0x0D, 0x08, 0x09, 0x01,
    0xC2, 0xC2, 0xD0, 0x23, 0xA2, 0xBD, 0xDE, 0xD0, 0x26, 0xE6, 0x61, 0x60, 0x0E, 0x4D, 0x7A, 0xE7,
    0x10, 0xDA, 0x36, 0x29, 0x5C, 0xF1, 0x3A, 0x50, 0x18, 0x9A, 0x26, 0xA5, 0x6D, 0x5D, 0xCD, 0x78,
    0xC7, 0xEB, 0x17, 0xFA, 0xB6, 0x7F, 0x63, 0xAB, 0xF9, 0xD1, 0xFB, 0x7E, 0x9C, 0xA5, 0x48, 0x19,
    0x67, 0xDF, 0x0F, 0x07, 0xD3, 0x73, 0xB4, 0xB4, 0xBE, 0x6E, 0xB2, 0xBA, 0x6B, 0x77, 0x73, 0xBA,
    0x29, 0xF3, 0x51, 0xF3, 0x92, 0xF3, 0x5A, 0x3F, 0x8A, 0xE6, 0xEE, 0x7E, 0x5D, 0xEC, 0xEC, 0xAE,
    0xA3, 0xC4, 0x1B, 0xEC, 0xC5, 0x33, 0xE3, 0x98, 0xED, 0x92, 0x71, 0xBE, 0xF8, 0xCC, 0x28, 0x51,
    0xF9, 0x9E, 0x8C, 0x6A, 0xEA, 0x62, 0xC9, 0x9F, 0x22, 0xFC, 0xC9, 0x52, 0x5D, 0x22, 0x1C, 0x99,
    0xA9, 0x2A, 0x66, 0x72, 0x14, 0x81, 0x5D, 0x41, 0x35, 0xC1, 0xF4, 0x50, 0x17, 0xB5, 0x18, 0x3E,
    0x80, 0x60, 0x5F, 0x40, 0x0D, 0x9F, 0xE3, 0x3E, 0xA0, 0x7F, 0x60, 0xFB, 0x81, 0xFF, 0x1F, 0xC2,
    0x2F, 0x30, 0x1F, 0x00, 0x00, 0x15, 0x8B, 0xB1, 0x11, 0x80, 0x30, 0x0C, 0xC4, 0x1E, 0x38, 0x8E,
    0x82, 0xC2, 0x23, 0x64, 0x09, 0x7A, 0x8F, 0xC2, 0x28, 0xF1, 0x68, 0x19, 0xC1, 0x1B, 0x64, 0x05,
    0x0A, 0x17, 0x29, 0x72, 0x79, 0x92, 0x46, 0xA7, 0x42, 0xC2, 0x09, 0x88, 0x81, 0x1F, 0x5E, 0x4F,
    0xD5, 0x32, 0x6D, 0xA8, 0x75, 0xB1, 0x26, 0x8B, 0xD3, 0x95, 0x25, 0xD5, 0x02, 0x80, 0x5C, 0x44,
    0xF6, 0x9D, 0xED, 0x8A, 0x2E, 0x05, 0x3A, 0xD6, 0xAA, 0x81, 0xE9, 0xB7, 0x3F, 0x47, 0xF4, 0x8D,
    0x31, 0x83, 0x1F, 0x63, 0xFA, 0xC3, 0xFD, 0x9F, 0xBF, 0x9F, 0x7F, 0x3E, 0xFF, 0x1F, 0xFE, 0x0F,
    0xFC, 0x07, 0xEC, 0x1B, 0xF4, 0x8F, 0xF0, 0xFF, 0x63, 0xFE, 0xCB, 0xC0, 0x00, 0x00, 0x85, 0x4F,
    0x31, 0x52, 0xC3, 0x30, 0x10, 0x5C, 0xDB, 0x33, 0xA8, 0x70, 0xE1, 0x27, 0xB8, 0x85, 0xCA, 0x2D,
    0x05, 0x20, 0x75, 0x99, 0x49, 0x43, 0x7E, 0xC2, 0x07, 0x00, 0xA9, 0xA7, 0x20, 0xCF, 0x49, 0x11,
    0xE3, 0xEB, 0x28, 0xC9, 0x13, 0x52, 0xD0, 0xA3, 0x22, 0x33, 0xA4, 0x10, 0x1C, 0x2B, 0x99, 0xD0,
    0xA2, 0xBB, 0x39, 0xAD, 0x56, 0x7B, 0xD2, 0xAD, 0x39, 0xC0, 0x7C, 0x03, 0x83, 0x43, 0x2B, 0xED,
    0xA7, 0x58, 0x95, 0xC7, 0x5E, 0xB6, 0x1D, 0x6B, 0xB0, 0x8A, 0x36, 0x81, 0xCB, 0x6A, 0x64, 0x5E,
    0xE1, 0xFF, 0xA4, 0x58, 0x55, 0x98, 0x23, 0xBB, 0x80, 0x4E, 0x60, 0x22, 0xEA, 0x23, 0x6A, 0xFE,
    0xB2, 0xCF, 0x47, 0x92, 0x5F, 0x27, 0x0D, 0xC5, 0x93, 0xCA, 0x54, 0x00, 0xEA, 0x88, 0xA6, 0x28,
    0x06, 0xE0, 0x01, 0x48, 0x99, 0x30, 0x3B, 0x74, 0x21, 0xB7, 0x6C, 0x81, 0x1B, 0xCF, 0x1D, 0xE7,
    0x05, 0x73, 0xA8, 0x03, 0xAA, 0xF8, 0xDB, 0xD3, 0xEC, 0xFC, 0xAB, 0xF8, 0x37, 0x69, 0x3E, 0x42,
    0xA5, 0x0E, 0xCA, 0x57, 0x81, 0x0B, 0x0C, 0x8B, 0xBD, 0x6A, 0x8A, 0xE9, 0x9E, 0xD5, 0x3E, 0x45,
    0xAC, 0x9A, 0xA3, 0x49, 0x5D, 0xF8, 0x0B, 0x29, 0x11, 0x6E, 0x83, 0x62, 0xCC, 0x03, 0x0C, 0xCF,
    0xF4, 0x89, 0xCB, 0x11, 0xFD, 0xB2, 0x80, 0x97, 0x4C, 0xA2, 0x72, 0xE8, 0xDD, 0x3C, 0x25, 0x3D,
    0xCC, 0xC0, 0x3A, 0x5C, 0xE7, 0xBB, 0x80, 0x49, 0x3C, 0x99, 0x35, 0xF9, 0x50, 0xD3, 0xC6, 0x99,
    0xCC, 0x82, 0x15, 0x47, 0x58, 0xC3, 0x6B, 0x16, 0xDC, 0x91, 0x79, 0xC7, 0xE6, 0x64, 0xF5, 0x07,
    0x63, 0x74, 0x60, 0x42, 0x81, 0xF2, 0x0E, 0xF6, 0x0C, 0xB6, 0x0C, 0x8C, 0x0E, 0x4C, 0x0D, 0x4C,
    0x17, 0x98, 0x3E, 0x30, 0x55, 0x30, 0xC5, 0x30, 0x45, 0x30, 0x85, 0xC8, 0x07, 0x80, 0x44, 0x41,
    0x80, 0xE9, 0x03, 0xE3, 0xFF, 0x0D, 0x4C, 0x0F, 0x0C, 0x98, 0x1C, 0x50, 0x91, 0xF3, 0x07, 0x7B,
    0xEF, 0x07, 0xF6, 0xDC, 0x07, 0x34, 0x18, 0x50, 0x95, 0x45, 0x7F, 0x60, 0xFA, 0x67, 0xC0, 0xD4,
    0x80, 0x45, 0x99, 0x02, 0x43, 0x02, 0x14, 0xA6, 0x39, 0x54, 0x1D, 0x28, 0x38, 0x90, 0xD4, 0x50,
    0x0D, 0x14, 0x33, 0x60, 0x28, 0x3A, 0x50, 0x7F, 0xA0, 0x02, 0xC8, 0x07, 0xC1, 0xFA, 0x03, 0xB5,
    0x07, 0x04, 0x0E, 0x30, 0x34, 0x30, 0xF0, 0x30, 0x30, 0xC8, 0x30, 0x70, 0xC9, 0x37, 0x70, 0xED,
    0x67, 0xE0, 0xFF, 0xC3, 0x60, 0x2F, 0xC3, 0xA0, 0x07, 0xE4, 0xCA, 0x39, 0x70, 0xD9, 0x3B, 0x70,
    0x03, 0xB9, 0x73, 0x18, 0xEA, 0x80, 0x5C, 0x06, 0x06, 0x4E, 0xA0, 0xCD, 0x01, 0x0C, 0x22, 0x0C,
    0xFC, 0xFF, 0x98, 0xFE, 0x1F, 0xB0, 0x39, 0x7C, 0x9E, 0xE7, 0xC3, 0x9E, 0xC3, 0xBB, 0x79, 0xBE,
    0xDC, 0x39, 0x6C, 0xCC, 0x73, 0xE7, 0x0C, 0x90, 0x38, 0x03, 0x26, 0xE6, 0x00, 0x89, 0x1B, 0x3A,
    0x40, 0xE2, 0x01, 0x98, 0xE0, 0x01, 0x12, 0x07, 0xD8, 0x0E, 0x1B, 0xF3, 0x39, 0x30, 0x1E, 0x36,
    0xE6, 0x65, 0x60, 0x58, 0x6C, 0x0C, 0x74, 0x9C, 0xB4, 0xF1, 0x04, 0x06, 0x06, 0x76, 0x63, 0x07,
    0xA0, 0x81, 0x3B, 0x40, 0xFE, 0x51, 0x60, 0x60, 0x00, 0x00, 0x75, 0x8E, 0x41, 0x0A, 0xC2, 0x40,
    0x0C, 0x45, 0x23, 0xB3, 0xE8, 0x62, 0x16, 0x39, 0x82, 0x27, 0x28, 0xB9, 0x41, 0x15, 0xBC, 0x98,
    0x78, 0xAE, 0xCA, 0x54, 0x4F, 0x92, 0x23, 0xA4, 0x4C, 0xED, 0x2A, 0x18, 0xFF, 0x88, 0x1B, 0xA9,
    0xC2, 0xCB, 0xE3, 0x67, 0x91, 0xF0, 0xF3, 0xEC, 0x52, 0x5D, 0x92, 0x49, 0xD2, 0x08, 0x07, 0x08,
    0x5B, 0xBA, 0x87, 0xF2, 0x6A, 0x7C, 0x53, 0x3E, 0x53, 0x09, 0x03, 0x7C, 0xF9, 0x41, 0x36, 0xDA,
    0x57, 0x95, 0x53, 0x3B, 0x89, 0xDA, 0xF8, 0xFE, 0xB3, 0x48, 0x72, 0xD9, 0x79, 0xB7, 0x94, 0x9E,
    0xD7, 0x18, 0xF8, 0x6E, 0x3D, 0xAE, 0xF0, 0x31, 0x9E, 0x6D, 0x90, 0x87, 0x7F, 0x93, 0x67, 0x27,
    0x42, 0xD5, 0x91, 0x50, 0xB6, 0x49, 0x47, 0x42, 0xDB, 0x8F, 0xDE, 0xEB, 0x56, 0xD7, 0x23, 0x54,
    0x26, 0xE8, 0x30, 0xBD, 0x00, 0x7B, 0xB5, 0xEA, 0x00, 0xD7, 0x02, 0xB6, 0x16, 0xA1, 0x16, 0xA7,
    0x46, 0xA7, 0x26, 0xA7, 0x96, 0xA6, 0x0E, 0xA1, 0x05, 0x42, 0x17, 0xB8, 0x5E, 0xAD, 0x03, 0x00,
    0x9D, 0x96, 0x61, 0x6C, 0x53, 0xD7, 0x15, 0xC7, 0xFF, 0xEF, 0x5E, 0xE3, 0x97, 0xE4, 0xD9, 0xB1,
    0x3F, 0x04, 0xC9, 0x5B, 0x9C, 0xE0, 0x69, 0xD1, 0xE6, 0x6A, 0x40, 0x9E, 0x83, 0x05, 0x81, 0x05,
    0xF2, 0x42, 0x5A, 0xD1, 0x22, 0x34, 0x45, 0xED, 0xD4, 0x49, 0xDB, 0x87, 0xBA, 0xA4, 0x95, 0xBA,
    0xB5, 0x1F, 0xA2, 0xAD, 0x9A, 0xB2, 0xA9, 0x83, 0x3B, 0xA2, 0xA9, 0x14, 0x2A, 0xCD, 0x15, 0x9B,
    0xBA, 0x8F, 0x26, 0x55, 0xB5, 0x89, 0xB1, 0x11, 0xB5, 0x46, 0xA3, 0x55, 0x68, 0x8E, 0xE3, 0x6D,
    0x2A, 0x94, 0x16, 0xD3, 0x7E, 0xE0, 0x43, 0xD9, 0xE6, 0x15, 0xC6, 0x34, 0xE8, 0xA8, 0xD5, 0x99,
    0xC9, 0x01, 0xC7, 0x6F, 0xE7, 0x3A, 0x71, 0xE2, 0x2C, 0x31, 0x4D, 0x6A, 0xCB, 0xC7, 0xB6, 0xF4,
    0xDE, 0xEF, 0xFD, 0xEF, 0xF9, 0x9F, 0x7B, 0xCE, 0x05, 0xAA, 0xAF, 0x56, 0x1D, 0xD6, 0x03, 0xC6,
    0x27, 0x87, 0xDB, 0x20, 0xA3, 0xA9, 0x93, 0x10, 0x47, 0xA2, 0x17, 0x20, 0x3F, 0x3A, 0x72, 0x01,
    0xDE, 0xE8, 0xF8, 0x39, 0xC8, 0xBD, 0x91, 0x2C, 0x5A, 0xDE, 0x1F, 0x18, 0x43, 0x73, 0x5C, 0x0C,
    0x28, 0xF9, 0xA0, 0x50, 0x14, 0xCA, 0x81, 0xE8, 0x17, 0x71, 0x80, 0xE2, 0x7E, 0x18, 0x0A, 0x52,
    0x49, 0xA6, 0xA4, 0x3B, 0x38, 0x58, 0xF9, 0x2A, 0xD6, 0x28, 0x01, 0xE2, 0x28, 0x7F, 0x2E, 0xE5,
    0x98, 0x1A, 0x87, 0xD8, 0xE3, 0x03, 0xDC, 0xBD, 0x30, 0x77, 0x5F, 0x45, 0x34, 0xF4, 0x15, 0x27,
    0xF6, 0x4F, 0xBF, 0xDA, 0x25, 0x1E, 0x50, 0x07, 0x0C, 0xA5, 0x8E, 0x31, 0x36, 0x71, 0x4B, 0x38,
    0x76, 0x50, 0x22, 0x8C, 0x16, 0x98, 0xCE, 0x28, 0x30, 0xA5, 0x30, 0xFF, 0x9A, 0xD4, 0xE1, 0x88,
    0x0E, 0x7F, 0xAE, 0x05, 0xF9, 0x10, 0x87, 0x8E, 0xD6, 0x33, 0xC0, 0x48, 0xEB, 0x5E, 0xAC, 0xA7,
    0x90, 0x17, 0x3B, 0x9C, 0x80, 0x0B, 0x1B, 0x9B, 0x18, 0x83, 0xB3, 0x12, 0xB6, 0x71, 0x54, 0xFF,
    0xF5, 0xF1, 0x2F, 0x58, 0x8F, 0xA0, 0x3F, 0xD7, 0xFA, 0x3B, 0x60, 0x93, 0x9F, 0x45, 0x88, 0x37,
    0x8B, 0xF3, 0x60, 0xCB, 0x2D, 0x61, 0x7D, 0xDA, 0xE7, 0xE3, 0x7B, 0xAD, 0x0A, 0x5F, 0xD7, 0xAC,
    0x2F, 0x6E, 0xFE, 0x16, 0xDF, 0xFB, 0xA1, 0xBE, 0xB7, 0x4F, 0xA3, 0x3A, 0x5F, 0x46, 0xBF, 0xEA,
    0xF8, 0x3D, 0x90, 0xE4, 0x67, 0xA0, 0x37, 0xF0, 0x6F, 0xBE, 0xCD, 0x17, 0xE4, 0xF5, 0x2D, 0x15,
    0x84, 0x17, 0x74, 0x18, 0xAD, 0x49, 0x86, 0x0C, 0x01, 0x9D, 0x22, 0x82, 0xE6, 0x3F, 0x14, 0x4D,
    0x7C, 0xED, 0xBD, 0x9F, 0xFF, 0x11, 0xD1, 0x0F, 0x2E, 0x9C, 0xC7, 0xE6, 0xAE, 0x8F, 0x6F, 0xA8,
    0x9E, 0x17, 0xFA, 0x5E, 0x47, 0x74, 0xBC, 0xE9, 0x07, 0xD8, 0x11, 0xC5, 0x16, 0xF4, 0x28, 0x7C,
    0x15, 0x1B, 0x15, 0x2C, 0x7E, 0x23, 0x00, 0x83, 0xD0, 0xCE, 0xCB, 0xC2, 0x76, 0x70, 0x2E, 0x4E,
    0x02, 0xA6, 0xD4, 0x09, 0xAD, 0xF0, 0xA7, 0x9B, 0x83, 0xC8, 0x19, 0x79, 0xCE, 0x10, 0xA2, 0xFC,
    0xE6, 0x6F, 0x9B, 0x9F, 0x84, 0x54, 0x64, 0x9D, 0xA1, 0x68, 0x34, 0xC0, 0x96, 0xF4, 0xEA, 0xC0,
    0x97, 0xD2, 0xB4, 0x83, 0x04, 0x65, 0x9F, 0x9E, 0x19, 0xA1, 0xFD, 0xAE, 0xFB, 0x91, 0xB2, 0xDF,
    0x9A, 0x1A, 0x43, 0xB8, 0x7D, 0xD6, 0x0F, 0x93, 0x17, 0x01, 0xE3, 0x9A, 0x37, 0x07, 0xB4, 0xCF,
    0xD4, 0xA0, 0xF9, 0x1A, 0x34, 0xB4, 0x08, 0xE5, 0x25, 0x2A, 0x2A, 0x07, 0x14, 0x65, 0x0E, 0x37,
    0xA9, 0x79, 0x68, 0xD2, 0x48, 0xD1, 0x9F, 0x76, 0xDC, 0xEC, 0xA2, 0xE1, 0x89, 0xE7, 0x5F, 0x53,
    0xB1, 0x1F, 0x5E, 0x3F, 0x86, 0x70, 0xFC, 0x28, 0x43, 0x8D, 0xE4, 0x12, 0xA8, 0x70, 0xB5, 0xE6,
    0xCD, 0xD8, 0xC4, 0x31, 0xC5, 0xC5, 0x01, 0xC1, 0x66, 0xEA, 0x3A, 0x40, 0x0B, 0x27, 0x78, 0x08,
    0xC6, 0x53, 0xF0, 0x05, 0xD4, 0xA4, 0x0F, 0xBE, 0x21, 0xC7, 0xD9, 0x87, 0xCD, 0x4C, 0xBF, 0x85,
    0xF1, 0x27, 0xE0, 0x7D, 0x58, 0x65, 0xB7, 0x4E, 0xBD, 0x1C, 0xA1, 0x03, 0xDD, 0x6E, 0xA5, 0xDB,
    0x91, 0xD6, 0x8D, 0x92, 0x0D, 0x23, 0x33, 0x95, 0xCC, 0xE9, 0x8C, 0x48, 0x87, 0x73, 0xEA, 0x3C,
    0xA3, 0x8B, 0x6B, 0x2A, 0xD9, 0x20, 0x1F, 0xBD, 0x16, 0x4B, 0xEF, 0x0B, 0xB0, 0xF4, 0x3E, 0x9D,
    0x8A, 0xBE, 0x85, 0x7C, 0x68, 0xE9, 0xF5, 0xF9, 0x38, 0xA5, 0xF3, 0x31, 0xB3, 0xD6, 0x7C, 0x3C,
    0x17, 0x70, 0x88, 0x06, 0x82, 0xCE, 0x9A, 0xA1, 0x06, 0x8C, 0xBC, 0x71, 0x55, 0xB1, 0xC3, 0x1B,
    0x55, 0x98, 0xC9, 0x36, 0x43, 0xED, 0x48, 0x22, 0x68, 0xC4, 0xED, 0xE4, 0x89, 0xCE, 0x8B, 0xB9,
    0x2A, 0x6F, 0x11, 0x7A, 0xEC, 0xE9, 0x3B, 0x09, 0xFA, 0xBE, 0xEB, 0x7E, 0xEA, 0x30, 0x34, 0x0B,
    0x9F, 0x35, 0xE7, 0x1C, 0x6F, 0xB8, 0xE2, 0x67, 0x2A, 0x3D, 0xAE, 0xF0, 0x12, 0x97, 0x83, 0xC5,
    0x22, 0xDF, 0x68, 0x67, 0xE7, 0x1C, 0x38, 0xAB, 0x57, 0xAA, 0x5F, 0x5E, 0xF7, 0x54, 0x09, 0xBB,
    0xAC, 0x4A, 0x40, 0xED, 0x4C, 0x8B, 0x9B, 0xB4, 0xE1, 0xCE, 0x09, 0xD7, 0x69, 0x9D, 0x72, 0x6F,
    0x70, 0x3D, 0x32, 0x9E, 0x35, 0x08, 0x65, 0xEF, 0xB4, 0x88, 0xEC, 0x01, 0x0F, 0xC8, 0xD6, 0x9A,
    0xAB, 0xA1, 0x2B, 0x24, 0x84, 0x0A, 0x9B, 0xB3, 0x12, 0x7E, 0xAD, 0x85, 0x5D, 0x67, 0x4B, 0xD2,
    0x82, 0x2B, 0xC1, 0xAA, 0x2C, 0x97, 0x1B, 0xE1, 0xEF, 0x58, 0x6E, 0x21, 0xB1, 0x7D, 0x82, 0xB4,
    0x5B, 0xAC, 0xB9, 0xCD, 0x48, 0xD2, 0x62, 0x36, 0x12, 0xF7, 0x59, 0xFC, 0x34, 0x6F, 0x49, 0x37,
    0x06, 0xAC, 0xD5, 0xAD, 0x49, 0xAE, 0x5E, 0xFA, 0x59, 0xA8, 0x56, 0xBD, 0x29, 0x91, 0x9A, 0x87,
    0xB6, 0xAD, 0x63, 0xA8, 0xD5, 0x18, 0xEA, 0x68, 0xB7, 0x0A, 0x7A, 0x3F, 0x86, 0xF5, 0x25, 0xA6,
    0x86, 0x0A, 0x95, 0xAA, 0xAA, 0x2A, 0x9B, 0xB9, 0x24, 0xDD, 0xEF, 0x09, 0x26, 0x35, 0x2A, 0xF1,
    0x36, 0xE0, 0x49, 0x9E, 0x07, 0x7C, 0x34, 0xEC, 0x60, 0x17, 0xD9, 0x45, 0xF1, 0xBE, 0x0A, 0x6F,
    0xA8, 0x24, 0xC8, 0x64, 0x30, 0xE1, 0x9A, 0x39, 0xE6, 0x30, 0xF4, 0xEC, 0x8A, 0x4A, 0x63, 0x79,
    0xF1, 0x01, 0xC6, 0x81, 0x2F, 0xA9, 0xAA, 0xAA, 0xCC, 0x83, 0x4D, 0x43, 0x44, 0x69, 0x53, 0xD5,
    0x2F, 0xBF, 0x9A, 0x6C, 0x7F, 0x98, 0x95, 0x8A, 0xFC, 0xAA, 0x96, 0x1F, 0x7B, 0x2E, 0xF0, 0x08,
    0x4E, 0x55, 0xBA, 0x67, 0xD5, 0xC5, 0x4A, 0x77, 0x99, 0xDE, 0x29, 0x07, 0x4A, 0x34, 0x5D, 0x32,
    0xF3, 0x44, 0x41, 0x83, 0xA1, 0x06, 0x5B, 0x96, 0x08, 0x94, 0xF5, 0xF2, 0xCB, 0x0C, 0x35, 0x52,
    0xCB, 0xA1, 0x96, 0xAB, 0x74, 0x27, 0x1B, 0x85, 0x20, 0xCE, 0x80, 0x57, 0x2B, 0xE8, 0xFC, 0xE5,
    0xC0, 0xB7, 0x73, 0xFD, 0xAE, 0xEB, 0x16, 0x77, 0xB9, 0x17, 0xA7, 0x0A, 0xFD, 0xEE, 0xF3, 0x2E,
    0x07, 0xE9, 0x16, 0xBE, 0x3E, 0x0B, 0x77, 0x42, 0xBB, 0x6F, 0x87, 0x5A, 0x05, 0x25, 0x7C, 0x46,
    0x05, 0xBC, 0x72, 0xBE, 0x83, 0xBB, 0x18, 0x0F, 0x96, 0x1F, 0x19, 0x69, 0x2E, 0x27, 0x4E, 0x67,
    0x03, 0xA3, 0x06, 0xF1, 0x6B, 0x85, 0xEF, 0xCE, 0x2D, 0x9F, 0xCA, 0xB2, 0xC0, 0x25, 0x80, 0xC2,
    0x92, 0xE5, 0x1B, 0xBB, 0x95, 0x0D, 0xC9, 0x4A, 0xAD, 0xF2, 0x5A, 0xDD, 0x5F, 0x6C, 0x00, 0x6D,
    0xEB, 0x50, 0x0F, 0xED, 0x77, 0x79, 0xF9, 0xFA, 0xBA, 0xCF, 0x51, 0x52, 0x73, 0x4A, 0x03, 0x54,
    0xC7, 0x9B, 0x83, 0x4E, 0xB9, 0x87, 0x3E, 0x07, 0x74, 0x3C, 0x8F, 0xDB, 0x2A, 0xC3, 0x35, 0x44,
    0x99, 0x95, 0x96, 0x2F, 0x8A, 0xAC, 0xB4, 0xB9, 0x79, 0x65, 0xA8, 0xD0, 0x50, 0x2B, 0xCF, 0x1B,
    0xCC, 0x47, 0x0C, 0xB5, 0x13, 0x1A, 0xCA, 0xC9, 0x02, 0x1B, 0x62, 0xA8, 0xE2, 0x08, 0x03, 0xDE,
    0x51, 0x0B, 0x5D, 0xA5, 0x1C, 0xC8, 0xD7, 0x97, 0x94, 0x59, 0x64, 0x68, 0x53, 0xD3, 0xEA, 0x94,
    0x06, 0xD9, 0xA8, 0xE3, 0x39, 0x6E, 0x2C, 0xD3, 0x40, 0x5B, 0x4D, 0x9F, 0x27, 0xA8, 0xF7, 0xC2,
    0x12, 0x68, 0x75, 0xF9, 0x66, 0x43, 0xA3, 0x44, 0x0D, 0x3A, 0xC1, 0xDF, 0x3D, 0x8E, 0xCE, 0x69,
    0x9F, 0x3C, 0xA4, 0xE6, 0xB7, 0xFD, 0xBA, 0x85, 0x6D, 0xAF, 0x26, 0x39, 0x8C, 0xB8, 0x4E, 0x02,
    0xB6, 0xCB, 0xAD, 0x85, 0x43, 0x18, 0x79, 0x57, 0x43, 0x83, 0x0C, 0xD5, 0x0D, 0x65, 0x25, 0xA5,
    0x13, 0xE6, 0x11, 0x0D, 0x1D, 0x9E, 0x37, 0xAA, 0xC4, 0x0D, 0x2A, 0x73, 0xBF, 0x67, 0xA8, 0xB6,
    0xF7, 0x0F, 0xE9, 0xBD, 0x3F, 0xA2, 0x95, 0x4E, 0x68, 0xA5, 0xB6, 0xCE, 0x69, 0x83, 0x1D, 0x65,
    0x68, 0xA8, 0xA5, 0xA1, 0xE1, 0x39, 0xA3, 0xCC, 0x31, 0x8C, 0x3B, 0xD1, 0xC7, 0x15, 0x4D, 0x6C,
    0xC9, 0x73, 0x26, 0xB7, 0xA4, 0x68, 0x1A, 0xD1, 0x04, 0xF3, 0x78, 0xAF, 0x4E, 0xBF, 0xFA, 0x68,
    0x8A, 0x5E, 0xB9, 0x73, 0xF7, 0x53, 0xA7, 0xA7, 0x98, 0xFD, 0x0F, 0x42, 0xE9, 0xEC, 0xBB, 0x68,
    0x89, 0x8F, 0xC5, 0x61, 0x94, 0x2D, 0x7E, 0x74, 0x77, 0xB9, 0x11, 0xB4, 0x56, 0x52, 0x99, 0xBC,
    0xC8, 0x11, 0x6D, 0xEA, 0x64, 0x91, 0xBC, 0xB6, 0x39, 0xB9, 0xD9, 0x7F, 0x3C, 0x5A, 0x60, 0xE8,
    0xCD, 0xFF, 0x2E, 0x40, 0x5F, 0xD4, 0xD0, 0x67, 0x35, 0x94, 0x2D, 0xED, 0x2E, 0xAD, 0xAE, 0x4E,
    0xAB, 0x21, 0x2D, 0xB9, 0xA1, 0xEC, 0xAC, 0xED, 0x85, 0x3A, 0xF7, 0x43, 0x2D, 0x0D, 0x8C, 0xBA,
    0xA6, 0x95, 0xDE, 0x66, 0xE8, 0x06, 0x1F, 0x43, 0xB7, 0x35, 0x31, 0xF4, 0xD5, 0xDB, 0x5A, 0xA9,
    0x67, 0x11, 0x6A, 0xAE, 0x15, 0x9A, 0x5F, 0x32, 0xA7, 0xB9, 0xF5, 0x65, 0xF1, 0x0A, 0x10, 0x5B,
    0xB6, 0x4D, 0x13, 0x1A, 0x5F, 0xE0, 0x30, 0xFC, 0x18, 0x17, 0xFF, 0x36, 0x3F, 0x17, 0x7F, 0x47,
    0x33, 0x17, 0x7F, 0x73, 0x13, 0x43, 0xE5, 0x49, 0x0D, 0xFD, 0xCE, 0x42, 0x97, 0x4A, 0xF3, 0x5B,
    0x0E, 0xE1, 0x1B, 0xF0, 0x77, 0x98, 0x83, 0x4E, 0x48, 0x34, 0xCD, 0x8D, 0xA2, 0x94, 0x6D, 0x78,
    0x82, 0x76, 0xE2, 0x80, 0x95, 0xE3, 0x4D, 0xC1, 0xBD, 0x69, 0xFB, 0xA4, 0xB8, 0x3E, 0xB1, 0xFF,
    0xC9, 0xD2, 0x39, 0x3B, 0xB5, 0xB5, 0x25, 0x69, 0x27, 0x6D, 0x24, 0x6D, 0xBE, 0x90, 0xBA, 0x0E,
    0xE6, 0x71, 0xB0, 0x80, 0x51, 0x96, 0x06, 0x53, 0xCF, 0xA8, 0x0D, 0x2E, 0xB7, 0xAA, 0x6B, 0x0C,
    0x35, 0xF5, 0x7E, 0xE3, 0xB3, 0xA2, 0x74, 0xE2, 0x23, 0xC8, 0x11, 0x1F, 0xD1, 0xA2, 0x49, 0xDD,
    0xFE, 0x13, 0xBF, 0xEA, 0x32, 0x1C, 0xFB, 0x56, 0x9F, 0x24, 0xFB, 0x75, 0x1D, 0x5E, 0x62, 0x11,
    0xBA, 0x10, 0x58, 0xF3, 0x74, 0xC9, 0xA0, 0x4B, 0xEF, 0xF1, 0xF1, 0xA3, 0xDB, 0xD1, 0x16, 0x17,
    0x79, 0x7E, 0xFC, 0xFF, 0xE0, 0xF3, 0x78, 0xD8, 0xA8, 0x70, 0x33, 0x1B, 0x95, 0x10, 0x83, 0x6C,
    0x94, 0x87, 0x8D, 0xE2, 0xD3, 0x27, 0x51, 0xD1, 0xAC, 0x35, 0x14, 0xAB, 0xC4, 0x21, 0x22, 0xAA,
    0x0D, 0x65, 0x5A, 0xD9, 0xAE, 0x9B, 0x45, 0xF8, 0x0D, 0xEB, 0xDD, 0xD5, 0x77, 0xA9, 0x5E, 0x39,
    0xC0, 0xC7, 0x14, 0x6D, 0x8F, 0xA6, 0xCC, 0x41, 0x5D, 0x37, 0x4F, 0xD9, 0xB3, 0x7F, 0x29, 0xD0,
    0xF0, 0x53, 0x6F, 0xBF, 0xA6, 0xA1, 0x57, 0x1B, 0x77, 0xA9, 0x5A, 0x9D, 0xF2, 0xE0, 0x73, 0xB0,
    0x07, 0xDB, 0x1C, 0xFC, 0xD8, 0xF9, 0xCD, 0x10, 0x0E, 0x53, 0x76, 0xD2, 0x4C, 0x53, 0xE6, 0x59,
    0x69, 0x27, 0xAB, 0x61, 0xFA, 0xE0, 0x5D, 0x0E, 0xA3, 0xD2, 0xA6, 0xFD, 0x07, 0x5D, 0x9B, 0x7A,
    0xFA, 0xDD, 0x1E, 0xA7, 0x73, 0x7B, 0xFB, 0x56, 0x04, 0x7A, 0xE5, 0x4E, 0x84, 0x5B, 0x7C, 0x7C,
    0x8C, 0xAF, 0xFC, 0xB6, 0x74, 0x0F, 0xA5, 0x8B, 0xA7, 0xB4, 0xA5, 0xFD, 0x99, 0xCC, 0x62, 0x6D,
    0x46, 0x05, 0xF4, 0x8C, 0x32, 0x8B, 0x2B, 0x1C, 0x53, 0xBE, 0x59, 0x75, 0x8B, 0xFF, 0xDE, 0x3D,
    0x5D, 0x86, 0xBC, 0x7C, 0xFA, 0x6F, 0xB0, 0x2E, 0x9F, 0xFE, 0x2B, 0xF9, 0x3F, 0x39, 0x5D, 0xA1,
    0xAE, 0xCB, 0xE2, 0xC5, 0x48, 0x6C, 0x60, 0xD0, 0x1B, 0x89, 0x19, 0x83, 0x22, 0x62, 0x8F, 0x89,
    0x87, 0xEC, 0x03, 0x67, 0x31, 0x53, 0xBC, 0xE5, 0xF4, 0xCA, 0x2B, 0xFF, 0xCA, 0x4D, 0xFA, 0x3F,
    0xBE, 0x1E, 0x9F, 0xDD, 0xFA, 0xCC, 0x13, 0xFE, 0xD9, 0x5C, 0x34, 0x2E, 0x7F, 0x42, 0xB6, 0xDF,
    0xDC, 0x4D, 0x24, 0x66, 0x4F, 0xBC, 0x55, 0x27, 0xD7, 0x4A, 0x8B, 0x33, 0xF8, 0xA2, 0xC2, 0xF7,
    0x6A, 0x72, 0xE5, 0x4F, 0x59, 0xAE, 0x36, 0xAA, 0x4F, 0x2E, 0x8C, 0xE8, 0x3C, 0x07, 0x3E, 0xEA,
    0x53, 0x42, 0x6A, 0xB9, 0x52, 0xCB, 0x95, 0xBA, 0xFF, 0x19, 0xC5, 0x7B, 0xB8, 0xF5, 0x85, 0x82,
    0xBC, 0x51, 0x6B, 0xFF, 0xE2, 0xEF, 0xEA, 0x7C, 0xD8, 0x1F, 0xA2, 0x0B, 0x57, 0xFC, 0x57, 0xE8,
    0xDC, 0x3E, 0xDF, 0x3E, 0xCA, 0x16, 0xE4, 0xFC, 0x0C, 0xD8, 0x9F, 0x12, 0xE3, 0xF3, 0x4D, 0x55,
    0x16, 0x56, 0x72, 0x4B, 0x12, 0xBB, 0x25, 0xF8, 0x50, 0x19, 0xBC, 0xE9, 0x44, 0xB1, 0x91, 0x18,
    0x3A, 0xA2, 0xEB, 0x2A, 0x38, 0xDF, 0x00, 0x32, 0x0F, 0x34, 0x45, 0x88, 0xCE, 0x98, 0xF5, 0xD3,
    0x2A, 0x55, 0x9D, 0x29, 0x66, 0x35, 0xB1, 0x93, 0x7E, 0xED, 0xF4, 0xBD, 0xEA, 0xAA, 0x68, 0x9E,
    0x47, 0x0C, 0xF8, 0x32, 0x52, 0x1E, 0x2E, 0xD6, 0xCC, 0x95, 0x56, 0x6E, 0x50, 0xA3, 0xBA, 0xB8,
    0xCE, 0x85, 0x6A, 0x50, 0x59, 0xF8, 0x4C, 0xB7, 0x1A, 0x97, 0x80, 0xCC, 0x70, 0x4E, 0x25, 0xE9,
    0x53, 0x9F, 0xB3, 0x6C, 0xA4, 0x5A, 0x15, 0x86, 0x76, 0x19, 0x63, 0x6B, 0x9C, 0xD3, 0xF7, 0x86,
    0xDE, 0x67, 0xF2, 0x9C, 0xF6, 0xCE, 0xAC, 0x71, 0x4E, 0x1F, 0x9F, 0xB5, 0x2E, 0xA9, 0xEC, 0x54,
    0xA0, 0x40, 0x59, 0x11, 0xB2, 0x29, 0xBB, 0xC7, 0x37, 0x42, 0x34, 0x59, 0x4B, 0x6C, 0xDD, 0xF4,
    0x93, 0xCB, 0xA7, 0xDF, 0xFF, 0x00,
};

static const EpdGlyph lexenddeca_8_boldGlyphs[] = {
    { 0, 0, 0, 0, 0, 0, 0 }, // U+0000
    { 0, 0, 0, 0, 0, 0, 0 }, // U+0001
    { 0, 0, 0, 0, 0, 0, 0 }, // U+0002
    { 0, 0, 0, 0, 0, 0, 0 }, // U+0003
    { 0, 0, 0, 0, 0, 0, 0 }, // U+0004
    { 0, 0, 0, 0, 0, 0, 0 }, // U+0005
    { 0, 0, 0, 0, 0, 0, 0 }, // U+0006
    { 0, 0, 0, 0, 0, 0, 0 }, // U+0007
    { 0, 0, 0, 0, 0, 0, 0 }, // U+0008
    { 0, 0, 0, 0, 0, 0, 0 }, // U+0009
    { 0, 0, 0, 0, 0, 0, 0 }, // U+000A
    { 0, 0, 0, 0, 0, 0, 0 }, // U+000B
    { 0, 0, 0, 0, 0, 0, 0 }, // U+000C
    { 0, 0, 0, 0, 0, 0, 0 }, // U+000D
    { 0, 0, 0, 0, 0, 0, 0 }, // U+000E
    { 0, 0, 0, 0, 0, 0, 0 }, // U+000F
    { 0, 0, 0, 0, 0, 0, 0 }, // U+0010
    { 0, 0, 0, 0, 0, 0, 0 }, // U+0011
    { 0, 0, 0, 0, 0, 0, 0 }, // U+0012
    { 0, 0, 0, 0, 0, 0, 0 }, // U+0013
    { 0, 0, 0, 0, 0, 0, 0 }, // U+0014
    { 0, 0, 0, 0, 0, 0, 0 }, // U+0015
    { 0, 0, 0, 0, 0, 0, 0 }, // U+0016
    { 0, 0, 0, 0, 0, 0, 0 }, // U+0017
    { 0, 0, 0, 0, 0, 0, 0 }, // U+0018
    { 0, 0, 0, 0, 0, 0, 0 }, // U+0019
    { 0, 0, 0, 0, 0, 0, 0 }, // U+001A
    { 0, 0, 0, 0, 0, 0, 0 }, // U+001B
    { 0, 0, 0, 0, 0, 0, 0 }, // U+001C
    { 0, 0, 0, 0, 0, 0, 0 }, // U+001D
    { 0, 0, 0, 0, 0, 0, 0 }, // U+001E
    { 0, 0, 0, 0, 0, 0, 0 }, // U+001F
    { 0, 0, 85, 0, 0, 0, 0 }, // U+0020
    { 3, 12, 75, 1, 12, 9, 0 }, // !
    { 6, 4, 109, 1, 12, 6, 9 }, // "
    { 13, 12, 209, 0, 12, 39, 15 }, // #
    { 11, 15, 165, 0, 13, 42, 54 }, // $
    { 17, 12, 261, 1, 12, 51, 96 }, // %
    { 12, 13, 187, 1, 13, 39, 147 }, // &
    { 3, 4, 59, 1, 12, 3, 186 }, // '
    { 6, 15, 98, 1, 12, 23, 189 }, // (
    { 6, 15, 98, 0, 12, 23, 212 }, // )
    { 7, 6, 116, 0, 12, 11, 235 }, // *
    { 9, 9, 165, 1, 9, 21, 246 }, // +
    { 3, 6, 65, 1, 3, 5, 267 }, // ,
    { 5, 3, 100, 1, 6, 4, 272 }, // -
    { 3, 3, 65, 1, 3, 3, 276 }, // .
    { 8, 12, 118, 0, 12, 24, 279 }, // /
    { 10, 12, 174, 1, 12, 30, 303 }, // 0
    { 6, 12, 120, 0, 12, 18, 333 }, // 1
    { 9, 12, 156, 1, 12, 27, 351 }, // 2
    { 9, 12, 161, 1, 12, 27, 378 }, // 3
    { 9, 12, 167, 1, 12, 27, 405 }, // 4
    { 10, 12, 163, 0, 12, 30, 432 }, // 5
    { 9, 12, 169, 1, 12, 27, 462 }, // 6
    { 8, 12, 145, 1, 12, 24, 489 }, // 7
    { 9, 12, 167, 1, 12, 27, 513 }, // 8
    { 8, 12, 150, 1, 12, 24, 540 }, // 9
    { 3, 9, 65, 1, 9, 7, 564 }, // :
    { 3, 12, 65, 1, 9, 9, 571 }, // ;
    { 8, 10, 153, 1, 9, 20, 580 }, // <
    { 9, 6, 165, 1, 8, 14, 600 }, // =
    { 8, 10, 153, 1, 9, 20, 614 }, // >
    { 10, 12, 164, 0, 12, 30, 634 }, // ?
    { 11, 12, 201, 1, 12, 33, 664 }, // @
    { 12, 12, 184, 0, 12, 36, 697 }, // A
    { 10, 12, 170, 1, 12, 30, 733 }, // B
    { 11, 12, 180, 1, 12, 33, 763 }, // C
    { 10, 12, 183, 1, 12, 30, 796 }, // D
    { 9, 12, 155, 1, 12, 27, 826 }, // E
    { 8, 12, 145, 1, 12, 24, 853 }, // F
    { 11, 12, 192, 1, 12, 33, 877 }, // G
    { 10, 12, 181, 1, 12, 30, 910 }, // H
    { 6, 12, 123, 1, 12, 18, 940 }, // I
    { 9, 12, 149, 0, 12, 27, 958 }, // J
    { 11, 12, 176, 1, 12, 33, 985 }, // K
    { 8, 12, 143, 1, 12, 24, 1018 }, // L
    { 13, 12, 225, 1, 12, 39, 1042 }, // M
    { 10, 12, 187, 1, 12, 30, 1081 }, // N
    { 12, 12, 204, 1, 12, 36, 1111 }, // O
    { 9, 12, 167, 1, 12, 27, 1147 }, // P
    { 13, 13, 208, 1, 12, 43, 1174 }, // Q
    { 10, 12, 174, 1, 12, 30, 1217 }, // R
    { 11, 12, 165, 0, 12, 33, 1247 }, // S
    { 10, 12, 165, 1, 12, 30, 1280 }, // T
    { 10, 12, 177, 1, 12, 30, 1310 }, // U
    { 11, 12, 175, 0, 12, 33, 1340 }, // V
    { 15, 12, 236, 0, 12, 45, 1373 }, // W
    { 12, 12, 186, 0, 12, 36, 1418 }, // X
    { 12, 12, 183, -1, 12, 36, 1454 }, // Y
    { 9, 12, 166, 1, 12, 27, 1490 }, // Z
    { 5, 15, 89, 1, 12, 19, 1517 }, // [
    { 8, 12, 118, 0, 12, 24, 1536 }, // <backslash>
    { 5, 15, 89, 1, 12, 19, 1560 }, // ]
    { 9, 7, 157, 0, 13, 16, 1579 }, // ^
    { 7, 3, 115, 1, 1, 6, 1595 }, // _
    { 4, 3, 84, 1, 13, 3, 1601 }, // `
    { 9, 9, 148, 1, 9, 21, 1604 }, // a
    { 9, 12, 159, 1, 12, 27, 1625 }, // b
    { 8, 9, 139, 1, 9, 18, 1652 }, // c
    { 9, 12, 159, 1, 12, 27, 1670 }, // d
    { 10, 9, 151, 0, 9, 23, 1697 }, // e
    { 6, 13, 98, 1, 13, 20, 1720 }, // f
    { 9, 13, 159, 1, 9, 30, 1740 }, // g
    { 8, 12, 153, 1, 12, 24, 1770 }, // h
    { 5, 13, 84, 0, 13, 17, 1794 }, // i
    { 5, 16, 69, -1, 13, 20, 1811 }, // j
    { 9, 12, 151, 1, 12, 27, 1831 }, // k
    { 5, 12, 83, 1, 12, 15, 1858 }, // l
    { 14, 9, 236, 1, 9, 32, 1873 }, // m
    { 8, 9, 153, 1, 9, 18, 1905 }, // n
    { 9, 9, 153, 1, 9, 21, 1923 }, // o
    { 9, 12, 159, 1, 9, 27, 1944 }, // p
    { 11, 12, 160, 1, 9, 33, 1971 }, // q
    { 5, 9, 99, 1, 9, 12, 2004 }, // r
    { 9, 9, 142, 0, 9, 21, 2016 }, // s
    { 6, 11, 101, 1, 11, 17, 2037 }, // t
    { 8, 9, 152, 1, 9, 18, 2054 }, // u
    { 9, 9, 140, 0, 9, 21, 2072 }, // v
    { 13, 9, 193, 0, 9, 30, 2093 }, // w
    { 9, 9, 142, 0, 9, 21, 2123 }, // x
    { 10, 12, 138, -1, 9, 30, 2144 }, // y
    { 8, 9, 138, 1, 9, 18, 2174 }, // z
    { 6, 15, 99, 0, 12, 23, 2192 }, // {
    { 3, 15, 62, 1, 12, 12, 2215 }, // |
    { 6, 15, 99, 0, 12, 23, 2227 }, // }
    { 8, 5, 142, 1, 7, 10, 2250 }, // ~
    { 0, 0, 0, 0, 0, 0, 2260 }, // U+007F
    { 0, 0, 0, 0, 0, 0, 0 }, // U+0080
    { 0, 0, 0, 0, 0, 0, 0 }, // U+0081
    { 0, 0, 0, 0, 0, 0, 0 }, // U+0082
    { 0, 0, 0, 0, 0, 0, 0 }, // U+0083
    { 0, 0, 0, 0, 0, 0, 0 }, // U+0084
    { 0, 0, 0, 0, 0, 0, 0 }, // U+0085
    { 0, 0, 0, 0, 0, 0, 0 }, // U+0086
    { 0, 0, 0, 0, 0, 0, 0 }, // U+0087
    { 0, 0, 0, 0, 0, 0, 0 }, // U+0088
    { 0, 0, 0, 0, 0, 0, 0 }, // U+0089
    { 0, 0, 0, 0, 0, 0, 0 }, // U+008A
    { 0, 0, 0, 0, 0, 0, 0 }, // U+008B
    { 0, 0, 0, 0, 0, 0, 0 }, // U+008C
    { 0, 0, 0, 0, 0, 0, 0 }, // U+008D
    { 0, 0, 0, 0, 0, 0, 0 }, // U+008E
    { 0, 0, 0, 0, 0, 0, 0 }, // U+008F
    { 0, 0, 0, 0, 0, 0, 0 }, // U+0090
    { 0, 0, 0, 0, 0, 0, 0 }, // U+0091
    { 0, 0, 0, 0, 0, 0, 0 }, // U+0092
    { 0, 0, 0, 0, 0, 0, 0 }, // U+0093
    { 0, 0, 0, 0, 0, 0, 0 }, // U+0094
    { 0, 0, 0, 0, 0, 0, 0 }, // U+0095
    { 0, 0, 0, 0, 0, 0, 0 }, // U+0096
    { 0, 0, 0, 0, 0, 0, 0 }, // U+0097
    { 0, 0, 0, 0, 0, 0, 0 }, // U+0098
    { 0, 0, 0, 0, 0, 0, 0 }, // U+0099
    { 0, 0, 0, 0, 0, 0, 0 }, // U+009A
    { 0, 0, 0, 0, 0, 0, 0 }, // U+009B
    { 0, 0, 0, 0, 0, 0, 0 }, // U+009C
    { 0, 0, 0, 0, 0, 0, 0 }, // U+009D
    { 0, 0, 0, 0, 0, 0, 0 }, // U+009E
    { 0, 0, 0, 0, 0, 0, 0 }, // U+009F
    { 0, 0, 85, 0, 0, 0, 0 }, // U+00A0
    { 3, 12, 75, 1, 9, 9, 0 }, // U+00A1
    { 9, 12, 139, 1, 10, 27, 9 }, // U+00A2
    { 10, 12, 165, 1, 12, 30, 36 }, // U+00A3
    { 10, 10, 159, 0, 11, 25, 66 }, // U+00A4
    { 13, 12, 183, -1, 12, 39, 91 }, // U+00A5
    { 3, 15, 58, 1, 12, 12, 130 }, // U+00A6
    { 9, 15, 154, 1, 12, 34, 142 }, // U+00A7
    { 6, 3, 121, 1, 13, 5, 176 }, // U+00A8
    { 11, 12, 213, 1, 12, 33, 181 }, // U+00A9
    { 5, 5, 105, 1, 12, 7, 214 }, // U+00AA
    { 11, 7, 178, 0, 8, 20, 221 }, // U+00AB
    { 10, 7, 165, 0, 8, 18, 241 }, // U+00AC
    { 0, 0, 0, 0, 0, 0, 259 }, // U+00AD
    { 11, 12, 213, 1, 12, 33, 259 }, // U+00AE
    { 5, 3, 108, 1, 13, 4, 292 }, // U+00AF
    { 6, 6, 108, 0, 12, 9, 296 }, // U+00B0
    { 9, 9, 165, 1, 9, 21, 305 }, // U+00B1
    { 5, 6, 109, 1, 13, 8, 326 }, // U+00B2
    { 6, 6, 110, 0, 13, 9, 334 }, // U+00B3
    { 4, 3, 84, 0, 13, 3, 343 }, // U+00B4
    { 9, 12, 158, 1, 9, 27, 346 }, // U+00B5
    { 9, 15, 137, 0, 12, 34, 373 }, // U+00B6
    { 3, 3, 80, 1, 6, 3, 407 }, // U+00B7
    { 4, 4, 86, 1, 1, 4, 410 }, // U+00B8
    { 4, 6, 78, 0, 13, 6, 414 }, // U+00B9
    { 5, 6, 109, 1, 13, 8, 420 }, // U+00BA
    { 11, 7, 178, 0, 8, 20, 428 }, // U+00BB
    { 13, 12, 228, 0, 12, 39, 448 }, // U+00BC
    { 13, 12, 228, 0, 12, 39, 487 }, // U+00BD
    { 15, 12, 256, 0, 12, 45, 526 }, // U+00BE
    { 10, 12, 164, 1, 9, 30, 571 }, // U+00BF
    { 12, 16, 184, -1, 16, 48, 601 }, // U+00C0
    { 12, 16, 184, 0, 16, 48, 649 }, // U+00C1
    { 12, 16, 184, 0, 16, 48, 697 }, // U+00C2
    { 12, 15, 184, 0, 15, 45, 745 }, // U+00C3
    { 12, 16, 184, 0, 16, 48, 790 }, // U+00C4
    { 12, 15, 184, 0, 15, 45, 838 }, // U+00C5
    { 17, 12, 271, 0, 12, 51, 883 }, // U+00C6
    { 11, 15, 180, 1, 12, 42, 934 }, // U+00C7
    { 9, 16, 155, 1, 16, 36, 976 }, // U+00C8
    { 9, 16, 155, 1, 16, 36, 1012 }, // U+00C9
    { 9, 16, 155, 1, 16, 36, 1048 }, // U+00CA
    { 9, 16, 155, 1, 16, 36, 1084 }, // U+00CB
    { 6, 16, 123, 1, 16, 24, 1120 }, // U+00CC
    { 6, 16, 123, 1, 16, 24, 1144 }, // U+00CD
    { 8, 16, 123, 0, 16, 32, 1168 }, // U+00CE
    { 6, 16, 123, 1, 16, 24, 1200 }, // U+00CF
    { 12, 12, 206, 1, 12, 36, 1224 }, // U+00D0
    { 10, 15, 187, 1, 15, 38, 1260 }, // U+00D1
    { 12, 16, 204, 1, 16, 48, 1298 }, // U+00D2
    { 12, 16, 204, 1, 16, 48, 1346 }, // U+00D3
    { 12, 16, 204, 1, 16, 48, 1394 }, // U+00D4
    { 12, 15, 204, 1, 15, 45, 1442 }, // U+00D5
    { 12, 16, 204, 1, 16, 48, 1487 }, // U+00D6
    { 9, 9, 144, 0, 9, 21, 1535 }, // U+00D7
    { 12, 12, 204, 1, 12, 36, 1556 }, // U+00D8
    { 10, 16, 177, 1, 16, 40, 1592 }, // U+00D9
    { 10, 16, 177, 1, 16, 40, 1632 }, // U+00DA
    { 10, 16, 177, 1, 16, 40, 1672 }, // U+00DB
    { 10, 16, 177, 1, 16, 40, 1712 }, // U+00DC
    { 12, 16, 183, -1, 16, 48, 1752 }, // U+00DD
    { 9, 12, 164, 1, 12, 27, 1800 }, // U+00DE
    { 9, 12, 166, 1, 12, 27, 1827 }, // U+00DF
    { 9, 13, 148, 1, 13, 30, 1854 }, // U+00E0
    { 9, 13, 148, 1, 13, 30, 1884 }, // U+00E1
    { 9, 13, 148, 1, 13, 30, 1914 }, // U+00E2
    { 9, 12, 148, 1, 12, 27, 1944 }, // U+00E3
    { 9, 13, 148, 1, 13, 30, 1971 }, // U+00E4
    { 9, 16, 148, 1, 16, 36, 2001 }, // U+00E5
    { 14, 9, 236, 1, 9, 32, 2037 }, // U+00E6
    { 8, 12, 139, 1, 9, 24, 2069 }, // U+00E7
    { 10, 13, 151, 0, 13, 33, 2093 }, // U+00E8
    { 10, 13, 151, 0, 13, 33, 2126 }, // U+00E9
    { 10, 13, 151, 0, 13, 33, 2159 }, // U+00EA
    { 9, 13, 151, 0, 13, 30, 2192 }, // U+00EB
    { 5, 13, 80, 0, 13, 17, 2222 }, // U+00EC
    { 5, 13, 80, 0, 13, 17, 2239 }, // U+00ED
    { 8, 13, 80, -1, 13, 26, 2256 }, // U+00EE
    { 6, 13, 80, 0, 13, 20, 2282 }, // U+00EF
    { 9, 14, 157, 1, 14, 32, 2302 }, // U+00F0
    { 8, 12, 153, 1, 12, 24, 2334 }, // U+00F1
    { 9, 13, 153, 1, 13, 30, 2358 }, // U+00F2
    { 9, 13, 153, 1, 13, 30, 2388 }, // U+00F3
    { 9, 13, 153, 1, 13, 30, 2418 }, // U+00F4
    { 9, 12, 153, 1, 12, 27, 2448 }, // U+00F5
    { 9, 13, 153, 1, 13, 30, 2475 }, // U+00F6
    { 9, 9, 158, 1, 9, 21, 2505 }, // U+00F7
    { 9, 11, 153, 1, 10, 25, 2526 }, // U+00F8
    { 8, 13, 152, 1, 13, 26, 2551 }, // U+00F9
    { 8, 13, 152, 1, 13, 26, 2577 }, // U+00FA
    { 8, 13, 152, 1, 13, 26, 2603 }, // U+00FB
    { 8, 13, 152, 1, 13, 26, 2629 }, // U+00FC
    { 10, 16, 138, -1, 13, 40, 2655 }, // U+00FD
    { 9, 15, 159, 1, 12, 34, 2695 }, // U+00FE
    { 10, 16, 138, 0, 13, 40, 2729 }, // U+00FF
    { 13, 15, 184, -1, 15, 49, 0 }, // U+0100
    { 9, 12, 148, 1, 12, 27, 49 }, // U+0101
    { 12, 16, 184, 0, 16, 48, 76 }, // U+0102
    { 9, 13, 148, 1, 13, 30, 124 }, // U+0103
    { 12, 15, 184, 0, 12, 45, 154 }, // U+0104
    { 9, 12, 148, 1, 9, 27, 199 }, // U+0105
    { 11, 16, 180, 1, 16, 44, 226 }, // U+0106
    { 8, 13, 139, 1, 13, 26, 270 }, // U+0107
    { 11, 16, 180, 1, 16, 44, 296 }, // U+0108
    { 8, 13, 139, 1, 13, 26, 340 }, // U+0109
    { 11, 16, 180, 1, 16, 44, 366 }, // U+010A
    { 9, 13, 139, 1, 13, 30, 410 }, // U+010B
    { 11, 16, 180, 1, 16, 44, 440 }, // U+010C
    { 8, 13, 139, 1, 13, 26, 484 }, // U+010D
    { 10, 16, 183, 1, 16, 40, 510 }, // U+010E
    { 12, 12, 172, 1, 12, 36, 550 }, // U+010F
    { 12, 12, 206, 1, 12, 36, 586 }, // U+0110
    { 10, 13, 169, 1, 13, 33, 622 }, // U+0111
    { 9, 15, 155, 1, 15, 34, 655 }, // U+0112
    { 9, 12, 151, 1, 12, 27, 689 }, // U+0113
    { 9, 16, 155, 1, 16, 36, 716 }, // U+0114
    { 10, 13, 151, 0, 13, 33, 752 }, // U+0115
    { 9, 16, 155, 1, 16, 36, 785 }, // U+0116
    { 9, 13, 151, 1, 13, 30, 821 }, // U+0117
    { 9, 15, 155, 1, 12, 34, 851 }, // U+0118
    { 10, 12, 151, 0, 9, 30, 885 }, // U+0119
    { 9, 16, 155, 1, 16, 36, 915 }, // U+011A
    { 10, 13, 151, 0, 13, 33, 951 }, // U+011B
    { 11, 16, 192, 1, 16, 44, 984 }, // U+011C
    { 9, 17, 159, 1, 13, 39, 1028 }, // U+011D
    { 11, 16, 192, 1, 16, 44, 1067 }, // U+011E
    { 9, 16, 159, 1, 12, 36, 1111 }, // U+011F
    { 11, 16, 192, 1, 16, 44, 1147 }, // U+0120
    { 9, 17, 159, 1, 13, 39, 1191 }, // U+0121
    { 11, 17, 192, 1, 12, 47, 1230 }, // U+0122
    { 9, 18, 159, 1, 14, 41, 1277 }, // U+0123
    { 10, 16, 181, 1, 16, 40, 1318 }, // U+0124
    { 11, 16, 153, -2, 16, 44, 1358 }, // U+0125
    { 12, 12, 197, 1, 12, 36, 1402 }, // U+0126
    { 10, 12, 168, 1, 12, 30, 1438 }, // U+0127
    { 7, 15, 123, 0, 15, 27, 1468 }, // U+0128
    { 7, 12, 80, -1, 12, 21, 1495 }, // U+0129
    { 6, 15, 123, 1, 15, 23, 1516 }, // U+012A
    { 5, 12, 80, 1, 12, 15, 1539 }, // U+012B
    { 7, 16, 123, 1, 16, 28, 1554 }, // U+012C
    { 7, 13, 80, -1, 13, 23, 1582 }, // U+012D
    { 6, 15, 123, 1, 12, 23, 1605 }, // U+012E
    { 5, 16, 84, 0, 13, 20, 1628 }, // U+012F
    { 6, 16, 123, 1, 16, 24, 1648 }, // U+0130
    { 5, 9, 80, 0, 9, 12, 1672 }, // U+0131
    { 15, 12, 272, 1, 12, 45, 1684 }, // U+0132
    { 9, 16, 153, 0, 13, 36, 1729 }, // U+0133
    { 11, 16, 149, 0, 16, 44, 1765 }, // U+0134
    { 7, 16, 69, -1, 13, 28, 1809 }, // U+0135
    { 11, 17, 176, 1, 12, 47, 1837 }, // U+0136
    { 9, 17, 151, 1, 12, 39, 1884 }, // U+0137
    { 9, 9, 151, 1, 9, 21, 1923 }, // U+0138
    { 8, 16, 143, 1, 16, 32, 1944 }, // U+0139
    { 5, 16, 83, 1, 16, 20, 1976 }, // U+013A
    { 8, 17, 143, 1, 12, 34, 1996 }, // U+013B
    { 6, 17, 83, 0, 12, 26, 2030 }, // U+013C
    { 8, 12, 143, 1, 12, 24, 2056 }, // U+013D
    { 6, 12, 88, 1, 12, 18, 2080 }, // U+013E
    { 8, 12, 143, 1, 12, 24, 2098 }, // U+013F
    { 7, 12, 129, 1, 12, 21, 2122 }, // U+0140
    { 10, 12, 156, 0, 12, 30, 2143 }, // U+0141
    { 6, 12, 86, 0, 12, 18, 2173 }, // U+0142
    { 10, 16, 187, 1, 16, 40, 2191 }, // U+0143
    { 8, 13, 153, 1, 13, 26, 2231 }, // U+0144
    { 10, 17, 187, 1, 12, 43, 2257 }, // U+0145
    { 8, 14, 153, 1, 9, 28, 2300 }, // U+0146
    { 10, 16, 187, 1, 16, 40, 2328 }, // U+0147
    { 8, 13, 153, 1, 13, 26, 2368 }, // U+0148
    { 12, 12, 212, 1, 12, 36, 2394 }, // U+0149
    { 10, 15, 187, 1, 12, 38, 2430 }, // U+014A
    { 8, 12, 153, 1, 9, 24, 2468 }, // U+014B
    { 12, 16, 204, 1, 16, 48, 2492 }, // U+014C
    { 9, 12, 153, 1, 12, 27, 2540 }, // U+014D
    { 12, 16, 204, 1, 16, 48, 2567 }, // U+014E
    { 9, 13, 153, 1, 13, 30, 2615 }, // U+014F
    { 12, 16, 204, 1, 16, 48, 2645 }, // U+0150
    { 9, 13, 153, 1, 13, 30, 2693 }, // U+0151
    { 17, 12, 283, 1, 12, 51, 2723 }, // U+0152
    { 15, 9, 250, 1, 9, 34, 2774 }, // U+0153
    { 10, 16, 174, 1, 16, 40, 2808 }, // U+0154
    { 5, 13, 99, 1, 13, 17, 2848 }, // U+0155
    { 10, 17, 174, 1, 12, 43, 2865 }, // U+0156
    { 6, 14, 99, 0, 9, 21, 2908 }, // U+0157
    { 10, 16, 174, 1, 16, 40, 2929 }, // U+0158
    { 7, 13, 99, 0, 13, 23, 2969 }, // U+0159
    { 11, 16, 165, 0, 16, 44, 2992 }, // U+015A
    { 9, 13, 142, 0, 13, 30, 3036 }, // U+015B
    { 11, 16, 165, 0, 16, 44, 3066 }, // U+015C
    { 9, 13, 142, 0, 13, 30, 3110 }, // U+015D
    { 11, 15, 165, 0, 12, 42, 3140 }, // U+015E
    { 9, 12, 142, 0, 9, 27, 3182 }, // U+015F
    { 11, 16, 165, 0, 16, 44, 3209 }, // U+0160
    { 9, 13, 142, 0, 13, 30, 3253 }, // U+0161
    { 10, 15, 165, 1, 12, 38, 3283 }, // U+0162
    { 6, 14, 101, 1, 11, 21, 3321 }, // U+0163
    { 10, 16, 165, 1, 16, 40, 3342 }, // U+0164
    { 7, 13, 101, 1, 13, 23, 3382 }, // U+0165
    { 10, 12, 165, 1, 12, 30, 3405 }, // U+0166
    { 6, 11, 101, 1, 11, 17, 3435 }, // U+0167
    { 10, 15, 177, 1, 15, 38, 3452 }, // U+0168
    { 8, 12, 152, 1, 12, 24, 3490 }, // U+0169
    { 10, 16, 177, 1, 16, 40, 3514 }, // U+016A
    { 8, 12, 152, 1, 12, 24, 3554 }, // U+016B
    { 10, 16, 177, 1, 16, 40, 3578 }, // U+016C
    { 8, 13, 152, 1, 13, 26, 3618 }, // U+016D
    { 10, 19, 177, 1, 19, 48, 3644 }, // U+016E
    { 8, 16, 152, 1, 16, 32, 3692 }, // U+016F
    { 10, 16, 177, 1, 16, 40, 3724 }, // U+0170
    { 8, 13, 152, 1, 13, 26, 3764 }, // U+0171
    { 10, 15, 177, 1, 12, 38, 3790 }, // U+0172
    { 8, 12, 152, 1, 9, 24, 3828 }, // U+0173
    { 15, 16, 236, 0, 16, 60, 3852 }, // U+0174
    { 13, 13, 193, 0, 13, 43, 3912 }, // U+0175
    { 12, 16, 183, -1, 16, 48, 3955 }, // U+0176
    { 10, 16, 138, -1, 13, 40, 4003 }, // U+0177
    { 12, 16, 183, 0, 16, 48, 4043 }, // U+0178
    { 9, 16, 166, 1, 16, 36, 4091 }, // U+0179
    { 8, 13, 138, 1, 13, 26, 4127 }, // U+017A
    { 9, 16, 166, 1, 16, 36, 4153 }, // U+017B
    { 8, 13, 138, 1, 13, 26, 4189 }, // U+017C
    { 9, 16, 166, 1, 16, 36, 4215 }, // U+017D
    { 8, 13, 138, 1, 13, 26, 4251 }, // U+017E
    { 7, 13, 98, 0, 13, 23, 4277 }, // U+017F
    { 12, 14, 204, 1, 14, 42, 0 }, // U+01A0
    { 10, 11, 158, 1, 11, 28, 42 }, // U+01A1
    { 12, 14, 184, 1, 14, 42, 70 }, // U+01AF
    { 10, 11, 157, 1, 11, 28, 112 }, // U+01B0
    { 20, 16, 349, 1, 16, 80, 140 }, // U+01C4
    { 19, 13, 321, 1, 13, 62, 220 }, // U+01C5
    { 18, 13, 297, 1, 13, 59, 282 }, // U+01C6
    { 17, 12, 293, 1, 12, 51, 341 }, // U+01C7
    { 12, 16, 212, 1, 13, 48, 392 }, // U+01C8
    { 8, 16, 153, 1, 13, 32, 440 }, // U+01C9
    { 20, 12, 336, 1, 12, 60, 472 }, // U+01CA
    { 15, 16, 256, 1, 13, 60, 532 }, // U+01CB
    { 12, 16, 222, 1, 13, 48, 592 }, // U+01CC
    { 12, 16, 184, 0, 16, 48, 640 }, // U+01CD
    { 9, 13, 148, 1, 13, 30, 688 }, // U+01CE
    { 10, 16, 177, 1, 16, 40, 718 }, // U+01D3
    { 8, 13, 152, 1, 13, 26, 758 }, // U+01D4
    { 11, 16, 192, 1, 16, 44, 784 }, // U+01E6
    { 9, 17, 159, 1, 13, 39, 828 }, // U+01E7
    { 12, 15, 204, 1, 12, 45, 867 }, // U+01EA
    { 9, 12, 153, 1, 9, 27, 912 }, // U+01EB
    { 20, 12, 349, 1, 12, 60, 939 }, // U+01F1
    { 19, 12, 321, 1, 12, 57, 999 }, // U+01F2
    { 18, 12, 297, 1, 12, 54, 1056 }, // U+01F3
    { 13, 18, 184, 0, 18, 59, 1110 }, // U+01FA
    { 9, 19, 148, 1, 19, 43, 1169 }, // U+01FB
    { 17, 16, 271, 0, 16, 68, 1212 }, // U+01FC
    { 14, 13, 236, 1, 13, 46, 1280 }, // U+01FD
    { 12, 16, 204, 1, 16, 48, 1326 }, // U+01FE
    { 9, 14, 153, 1, 13, 32, 1374 }, // U+01FF
    { 11, 16, 165, 0, 12, 44, 1406 }, // U+0218
    { 9, 13, 142, 0, 9, 30, 1450 }, // U+0219
    { 10, 17, 165, 1, 12, 43, 1480 }, // U+021A
    { 6, 16, 101, 1, 11, 24, 1523 }, // U+021B
    { 10, 16, 181, 1, 16, 40, 1547 }, // U+021E
    { 11, 16, 153, -2, 16, 44, 1587 }, // U+021F
    { 4, 3, 0, 0, 13, 3, 0 }, // U+0300
    { 4, 3, 0, -1, 13, 3, 3 }, // U+0301
    { 7, 3, 0, 0, 13, 6, 6 }, // U+0302
    { 7, 3, 0, -1, 12, 6, 12 }, // U+0303
    { 5, 3, 0, 0, 13, 4, 18 }, // U+0304
    { 7, 3, 0, -1, 13, 6, 22 }, // U+0306
    { 3, 3, 0, 0, 13, 3, 28 }, // U+0307
    { 6, 3, 0, 0, 13, 5, 31 }, // U+0308
    { 4, 3, 42, -1, 13, 3, 36 }, // U+0309
    { 5, 5, 0, -1, 14, 7, 39 }, // U+030A
    { 8, 3, 0, -1, 13, 6, 46 }, // U+030B
    { 7, 3, 0, 0, 13, 6, 52 }, // U+030C
    { 7, 4, 99, 0, 11, 7, 58 }, // U+031B
    { 3, 3, 55, 0, -1, 3, 65 }, // U+0323
    { 5, 4, 0, 0, 0, 5, 68 }, // U+0326
    { 4, 4, 0, 0, 1, 4, 73 }, // U+0327
    { 4, 4, 0, 0, 0, 4, 77 }, // U+0328
    { 0, 0, 0, 0, 0, 0, 81 }, // U+034F
    { 10, 12, 159, 0, 12, 30, 0 }, // U+03BB
    { 12, 12, 183, 0, 12, 36, 0 }, // U+0410
    { 10, 12, 165, 0, 12, 30, 36 }, // U+0411
    { 11, 12, 170, 0, 12, 33, 66 }, // U+0412
    { 10, 12, 151, 0, 12, 30, 99 }, // U+0413
    { 13, 16, 197, 0, 12, 52, 129 }, // U+0414
    { 13, 12, 200, 0, 12, 39, 181 }, // U+0418
    { 13, 12, 198, 0, 12, 39, 220 }, // U+041B
    { 13, 12, 205, 0, 12, 39, 259 }, // U+041D
    { 13, 12, 202, 0, 12, 39, 298 }, // U+041E
    { 13, 12, 204, 0, 12, 39, 337 }, // U+041F
    { 10, 12, 163, 0, 12, 30, 376 }, // U+0420
    { 11, 12, 170, 0, 12, 33, 406 }, // U+0421
    { 11, 12, 162, 0, 12, 33, 439 }, // U+0422
    { 13, 12, 194, 0, 12, 39, 472 }, // U+0423
    { 12, 12, 179, 0, 12, 36, 511 }, // U+0425
    { 12, 12, 185, 0, 12, 36, 547 }, // U+0427
    { 16, 12, 244, 0, 12, 48, 583 }, // U+042B
    { 10, 12, 165, 0, 12, 30, 631 }, // U+042C
    { 17, 12, 271, 0, 12, 51, 661 }, // U+042E
    { 12, 12, 188, 0, 12, 36, 712 }, // U+042F
    { 10, 9, 148, 0, 9, 23, 748 }, // U+0430
    { 9, 13, 150, 0, 13, 30, 771 }, // U+0431
    { 9, 9, 144, 0, 9, 21, 801 }, // U+0432
    { 10, 12, 163, 0, 9, 30, 822 }, // U+0434
    { 9, 9, 141, 0, 9, 21, 852 }, // U+0435
    { 8, 9, 128, 0, 9, 18, 873 }, // U+0437
    { 10, 9, 157, 0, 9, 23, 891 }, // U+043A
    { 11, 9, 170, 0, 9, 25, 914 }, // U+043D
    { 10, 9, 156, 0, 9, 23, 939 }, // U+043E
    { 10, 13, 161, 0, 9, 33, 962 }, // U+0440
    { 9, 9, 135, 0, 9, 21, 995 }, // U+0442
    { 11, 12, 163, 0, 9, 33, 1016 }, // U+0446
    { 9, 9, 139, 0, 9, 21, 1049 }, // U+044C
    { 13, 9, 207, 0, 9, 30, 1070 }, // U+044E
    { 12, 16, 184, -1, 12, 48, 0 }, // U+1EA0
    { 9, 13, 148, 1, 9, 30, 48 }, // U+1EA1
    { 12, 16, 184, 0, 16, 48, 78 }, // U+1EA2
    { 9, 13, 148, 1, 13, 30, 126 }, // U+1EA3
    { 13, 18, 184, -1, 18, 59, 156 }, // U+1EA4
    { 10, 16, 148, 1, 16, 40, 215 }, // U+1EA5
    { 12, 17, 184, 0, 17, 51, 255 }, // U+1EA6
    { 9, 15, 148, 1, 15, 34, 306 }, // U+1EA7
    { 13, 18, 184, -1, 18, 59, 340 }, // U+1EA8
    { 9, 15, 148, 1, 15, 34, 399 }, // U+1EA9
    { 12, 19, 184, 0, 19, 57, 433 }, // U+1EAA
    { 9, 17, 148, 1, 17, 39, 490 }, // U+1EAB
    { 12, 20, 184, -1, 16, 60, 529 }, // U+1EAC
    { 9, 17, 148, 1, 13, 39, 589 }, // U+1EAD
    { 12, 19, 184, 0, 19, 57, 628 }, // U+1EAE
    { 9, 17, 148, 1, 17, 39, 685 }, // U+1EAF
    { 12, 19, 184, -1, 19, 57, 724 }, // U+1EB0
    { 9, 17, 148, 1, 17, 39, 781 }, // U+1EB1
    { 12, 19, 184, 0, 19, 57, 820 }, // U+1EB2
    { 9, 17, 148, 1, 17, 39, 877 }, // U+1EB3
    { 12, 18, 184, 0, 18, 54, 916 }, // U+1EB4
    { 9, 16, 148, 1, 16, 36, 970 }, // U+1EB5
    { 12, 20, 184, -1, 16, 60, 1006 }, // U+1EB6
    { 9, 17, 148, 1, 13, 39, 1066 }, // U+1EB7
    { 9, 16, 155, 1, 12, 36, 1105 }, // U+1EB8
    { 9, 13, 151, 1, 9, 30, 1141 }, // U+1EB9
    { 9, 16, 155, 1, 16, 36, 1171 }, // U+1EBA
    { 9, 13, 151, 0, 13, 30, 1207 }, // U+1EBB
    { 9, 15, 155, 1, 15, 34, 1237 }, // U+1EBC
    { 10, 12, 151, 0, 12, 30, 1271 }, // U+1EBD
    { 10, 18, 155, 1, 18, 45, 1301 }, // U+1EBE
    { 10, 16, 151, 0, 16, 40, 1346 }, // U+1EBF
    { 10, 17, 155, 1, 17, 43, 1386 }, // U+1EC0
    { 10, 15, 151, 0, 15, 38, 1429 }, // U+1EC1
    { 10, 18, 155, 1, 18, 45, 1467 }, // U+1EC2
    { 10, 15, 151, 0, 15, 38, 1512 }, // U+1EC3
    { 9, 19, 155, 1, 19, 43, 1550 }, // U+1EC4
    { 10, 17, 151, 0, 17, 43, 1593 }, // U+1EC5
    { 9, 20, 155, 1, 16, 45, 1636 }, // U+1EC6
    { 9, 17, 151, 1, 13, 39, 1681 }, // U+1EC7
    { 6, 16, 123, 1, 16, 24, 1720 }, // U+1EC8
    { 5, 13, 80, 0, 13, 17, 1744 }, // U+1EC9
    { 6, 16, 123, 1, 12, 24, 1761 }, // U+1ECA
    { 5, 17, 84, 0, 13, 22, 1785 }, // U+1ECB
    { 12, 16, 204, 1, 12, 48, 1807 }, // U+1ECC
    { 9, 13, 153, 1, 9, 30, 1855 }, // U+1ECD
    { 12, 16, 204, 1, 16, 48, 1885 }, // U+1ECE
    { 9, 13, 153, 1, 13, 30, 1933 }, // U+1ECF
    { 12, 18, 204, 1, 18, 54, 1963 }, // U+1ED0
    { 10, 16, 153, 1, 16, 40, 2017 }, // U+1ED1
    { 12, 18, 204, 1, 18, 54, 2057 }, // U+1ED2
    { 9, 15, 153, 1, 15, 34, 2111 }, // U+1ED3
    { 12, 18, 204, 1, 18, 54, 2145 }, // U+1ED4
    { 9, 15, 153, 1, 15, 34, 2199 }, // U+1ED5
    { 12, 19, 204, 1, 19, 57, 2233 }, // U+1ED6
    { 9, 17, 153, 1, 17, 39, 2290 }, // U+1ED7
    { 12, 20, 204, 1, 16, 60, 2329 }, // U+1ED8
    { 9, 17, 153, 1, 13, 39, 2389 }, // U+1ED9
    { 12, 16, 204, 1, 16, 48, 2428 }, // U+1EDA
    { 10, 13, 158, 1, 13, 33, 2476 }, // U+1EDB
    { 12, 16, 204, 1, 16, 48, 2509 }, // U+1EDC
    { 10, 13, 158, 1, 13, 33, 2557 }, // U+1EDD
    { 12, 16, 204, 1, 16, 48, 2590 }, // U+1EDE
    { 10, 13, 158, 1, 13, 33, 2638 }, // U+1EDF
    { 12, 15, 204, 1, 15, 45, 2671 }, // U+1EE0
    { 10, 12, 158, 1, 12, 30, 2716 }, // U+1EE1
    { 12, 18, 204, 1, 14, 54, 2746 }, // U+1EE2
    { 10, 15, 158, 1, 11, 38, 2800 }, // U+1EE3
    { 10, 16, 177, 1, 12, 40, 2838 }, // U+1EE4
    { 8, 13, 152, 1, 9, 26, 2878 }, // U+1EE5
    { 10, 16, 177, 1, 16, 40, 2904 }, // U+1EE6
    { 8, 13, 152, 1, 13, 26, 2944 }, // U+1EE7
    { 12, 16, 184, 1, 16, 48, 2970 }, // U+1EE8
    { 10, 13, 157, 1, 13, 33, 3018 }, // U+1EE9
    { 12, 16, 184, 1, 16, 48, 3051 }, // U+1EEA
    { 10, 13, 157, 1, 13, 33, 3099 }, // U+1EEB
    { 12, 16, 184, 1, 16, 48, 3132 }, // U+1EEC
    { 10, 13, 157, 1, 13, 33, 3180 }, // U+1EED
    { 12, 15, 184, 1, 15, 45, 3213 }, // U+1EEE
    { 10, 12, 157, 1, 12, 30, 3258 }, // U+1EEF
    { 12, 18, 184, 1, 14, 54, 3288 }, // U+1EF0
    { 10, 15, 157, 1, 11, 38, 3342 }, // U+1EF1
    { 12, 16, 183, -1, 16, 48, 3380 }, // U+1EF2
    { 10, 16, 138, -1, 13, 40, 3428 }, // U+1EF3
    { 12, 16, 183, -1, 12, 48, 3468 }, // U+1EF4
    { 9, 13, 138, 0, 9, 30, 3516 }, // U+1EF5
    { 12, 16, 183, -1, 16, 48, 3546 }, // U+1EF6
    { 10, 16, 138, 0, 13, 40, 3594 }, // U+1EF7
    { 12, 15, 183, -1, 15, 45, 3634 }, // U+1EF8
    { 10, 15, 138, -1, 12, 38, 3679 }, // U+1EF9
    { 0, 0, 0, 0, 0, 0, 0 }, // U+200B
    { 0, 0, 0, 0, 0, 0, 0 }, // U+200C
    { 0, 0, 0, 0, 0, 0, 0 }, // U+200D
    { 0, 0, 0, 0, 0, 0, 0 }, // U+200E
    { 0, 0, 0, 0, 0, 0, 0 }, // U+200F
    { 5, 3, 89, 1, 6, 4, 0 }, // U+2010
    { 7, 3, 136, 1, 6, 6, 4 }, // U+2013
    { 13, 3, 225, 1, 6, 10, 10 }, // U+2014
    { 3, 6, 74, 1, 12, 5, 20 }, // U+2018
    { 3, 6, 74, 1, 12, 5, 25 }, // U+2019
    { 3, 6, 74, 1, 3, 5, 30 }, // U+201A
    { 7, 6, 133, 1, 12, 11, 35 }, // U+201C
    { 7, 6, 133, 1, 12, 11, 46 }, // U+201D
    { 7, 6, 133, 1, 3, 11, 57 }, // U+201E
    { 9, 12, 158, 1, 12, 27, 68 }, // U+2020
    { 9, 12, 158, 1, 12, 27, 95 }, // U+2021
    { 6, 6, 117, 1, 8, 9, 122 }, // U+2022
    { 13, 3, 214, 1, 3, 10, 131 }, // U+2026
    { 0, 0, 0, 0, 0, 0, 141 }, // U+202A
    { 0, 0, 0, 0, 0, 0, 141 }, // U+202B
    { 0, 0, 0, 0, 0, 0, 141 }, // U+202C
    { 0, 0, 0, 0, 0, 0, 141 }, // U+202D
    { 0, 0, 0, 0, 0, 0, 141 }, // U+202E
    { 23, 12, 375, 1, 12, 69, 141 }, // U+2030
    { 7, 7, 108, 0, 8, 13, 210 }, // U+2039
    { 7, 7, 108, 0, 8, 13, 223 }, // U+203A
    { 11, 12, 166, 0, 12, 33, 236 }, // U+2044
    { 0, 0, 0, 0, 0, 0, 269 }, // U+2060
    { 0, 0, 0, 0, 0, 0, 269 }, // U+2061
    { 0, 0, 0, 0, 0, 0, 269 }, // U+2062
    { 0, 0, 0, 0, 0, 0, 269 }, // U+2063
    { 0, 0, 0, 0, 0, 0, 269 }, // U+2064
    { 0, 0, 0, 0, 0, 0, 269 }, // U+2066
    { 0, 0, 0, 0, 0, 0, 269 }, // U+2067
    { 0, 0, 0, 0, 0, 0, 269 }, // U+2068
    { 0, 0, 0, 0, 0, 0, 269 }, // U+2069
    { 0, 0, 0, 0, 0, 0, 269 }, // U+206A
    { 0, 0, 0, 0, 0, 0, 269 }, // U+206B
    { 0, 0, 0, 0, 0, 0, 269 }, // U+206C
    { 0, 0, 0, 0, 0, 0, 269 }, // U+206D
    { 0, 0, 0, 0, 0, 0, 269 }, // U+206E
    { 0, 0, 0, 0, 0, 0, 269 }, // U+206F
    { 6, 6, 120, 1, 13, 9, 0 }, // U+2074
    { 10, 16, 169, 1, 13, 40, 0 }, // U+20AB
    { 12, 12, 180, 0, 12, 36, 40 }, // U+20AC
    { 8, 12, 134, 0, 11, 24, 0 }, // U+2113
    { 9, 12, 159, 0, 11, 27, 0 }, // U+2202
    { 10, 14, 164, 0, 11, 35, 27 }, // U+220F
    { 9, 15, 165, 1, 12, 34, 62 }, // U+2211
    { 9, 3, 158, 0, 6, 7, 96 }, // U+2212
    { 11, 12, 174, 0, 12, 33, 103 }, // U+2215
    { 4, 4, 74, 0, 6, 4, 136 }, // U+2219
    { 12, 15, 189, 0, 12, 45, 140 }, // U+221A
    { 11, 5, 200, 1, 7, 14, 185 }, // U+221E
    { 7, 15, 130, 1, 12, 27, 199 }, // U+222B
    { 9, 8, 142, 0, 8, 18, 226 }, // U+2248
    { 9, 9, 158, 0, 9, 21, 244 }, // U+2260
    { 9, 9, 158, 0, 9, 21, 265 }, // U+2264
    { 9, 9, 158, 0, 9, 21, 286 }, // U+2265
    { 5, 11, 83, 0, 11, 14, 0 }, // U+2669
    { 7, 11, 120, 0, 11, 20, 14 }, // U+266A
    { 10, 13, 171, 0, 12, 33, 34 }, // U+266B
    { 10, 13, 171, 0, 12, 33, 67 }, // U+266C
    { 5, 11, 93, 0, 10, 14, 100 }, // U+266D
    { 6, 11, 95, 0, 7, 17, 114 }, // U+266E
    { 9, 14, 148, 0, 10, 32, 131 }, // U+266F
    { 19, 18, 339, 1, 15, 86, 163 }, // U+2764
    { 11, 13, 186, 1, 13, 36, 0 }, // U+FB00
    { 10, 13, 164, 0, 13, 33, 36 }, // U+FB01
    { 11, 13, 181, 1, 13, 36, 69 }, // U+FB02
    { 16, 13, 249, 0, 13, 52, 105 }, // U+FB03
    { 17, 13, 270, 1, 13, 56, 157 }, // U+FB04
    { 8, 12, 141, 1, 12, 24, 0 }, // U+FFFD
    { 17, 18, 339, 2, 15, 77, 0 }, // U+1F44B
    { 13, 18, 339, 4, 15, 59, 77 }, // U+1F44C
    { 17, 18, 339, 2, 15, 77, 136 }, // U+1F44D
    { 17, 18, 339, 2, 15, 77, 213 }, // U+1F44E
    { 17, 18, 339, 2, 15, 77, 290 }, // U+1F44F
    { 17, 17, 339, 2, 14, 73, 367 }, // U+1F600
    { 17, 17, 339, 2, 14, 73, 440 }, // U+1F601
    { 21, 17, 339, 0, 14, 90, 513 }, // U+1F602
    { 17, 17, 339, 2, 14, 73, 603 }, // U+1F603
    { 17, 17, 339, 2, 14, 73, 676 }, // U+1F604
    { 19, 17, 339, 1, 14, 81, 749 }, // U+1F605
    { 17, 17, 339, 2, 14, 73, 830 }, // U+1F606
    { 17, 18, 339, 2, 15, 77, 903 }, // U+1F607
    { 17, 17, 339, 2, 14, 73, 980 }, // U+1F609
    { 17, 17, 339, 2, 14, 73, 1053 }, // U+1F60A
    { 18, 17, 339, 2, 14, 77, 1126 }, // U+1F60B
    { 17, 17, 339, 2, 14, 73, 1203 }, // U+1F60C
    { 17, 17, 339, 2, 14, 73, 1276 }, // U+1F60D
    { 19, 17, 339, 1, 14, 81, 1349 }, // U+1F60E
    { 17, 17, 339, 2, 14, 73, 1430 }, // U+1F60F
    { 17, 17, 339, 2, 14, 73, 1503 }, // U+1F610
    { 17, 17, 339, 2, 14, 73, 1576 }, // U+1F611
    { 17, 17, 339, 2, 14, 73, 1649 }, // U+1F612
    { 17, 17, 339, 2, 14, 73, 1722 }, // U+1F613
    { 17, 17, 339, 2, 14, 73, 1795 }, // U+1F614
    { 17, 17, 339, 2, 14, 73, 1868 }, // U+1F618
    { 17, 17, 339, 2, 14, 73, 1941 }, // U+1F61A
    { 17, 17, 339, 2, 14, 73, 2014 }, // U+1F61C
    { 17, 17, 339, 2, 14, 73, 2087 }, // U+1F61D
    { 17, 17, 339, 2, 14, 73, 2160 }, // U+1F620
    { 17, 17, 339, 2, 14, 73, 2233 }, // U+1F621
    { 17, 17, 339, 2, 14, 73, 2306 }, // U+1F622
    { 19, 17, 339, 1, 14, 81, 2379 }, // U+1F624
    { 18, 17, 339, 2, 14, 77, 2460 }, // U+1F625
    { 17, 17, 339, 2, 14, 73, 2537 }, // U+1F629
    { 17, 17, 339, 2, 14, 73, 2610 }, // U+1F62C
    { 18, 17, 339, 2, 14, 77, 2683 }, // U+1F62D
    { 17, 17, 339, 2, 14, 73, 2760 }, // U+1F62E
    { 19, 18, 339, 1, 15, 86, 2833 }, // U+1F631
    { 17, 17, 339, 2, 14, 73, 2919 }, // U+1F632
    { 17, 17, 339, 2, 14, 73, 2992 }, // U+1F633
    { 18, 17, 339, 2, 14, 77, 3065 }, // U+1F634
    { 17, 17, 339, 2, 14, 73, 3142 }, // U+1F635
    { 17, 17, 339, 2, 14, 73, 3215 }, // U+1F641
    { 17, 17, 339, 2, 14, 73, 3288 }, // U+1F642
    { 17, 17, 339, 2, 14, 73, 3361 }, // U+1F644
};

static const EpdUnicodeInterval lexenddeca_8_boldIntervals[] = {
    { 0x0, 0x17F, 0x0 },
    { 0x1A0, 0x1A1, 0x180 },
    { 0x1AF, 0x1B0, 0x182 },
    { 0x1C4, 0x1CE, 0x184 },
    { 0x1D3, 0x1D4, 0x18F },
    { 0x1E6, 0x1E7, 0x191 },
    { 0x1EA, 0x1EB, 0x193 },
    { 0x1F1, 0x1F3, 0x195 },
    { 0x1FA, 0x1FF, 0x198 },
    { 0x218, 0x21B, 0x19E },
    { 0x21E, 0x21F, 0x1A2 },
    { 0x300, 0x304, 0x1A4 },
    { 0x306, 0x30C, 0x1A9 },
    { 0x31B, 0x31B, 0x1B0 },
    { 0x323, 0x323, 0x1B1 },
    { 0x326, 0x328, 0x1B2 },
    { 0x34F, 0x34F, 0x1B5 },
    { 0x3BB, 0x3BB, 0x1B6 },
    { 0x410, 0x414, 0x1B7 },
    { 0x418, 0x418, 0x1BC },
    { 0x41B, 0x41B, 0x1BD },
    { 0x41D, 0x423, 0x1BE },
    { 0x425, 0x425, 0x1C5 },
    { 0x427, 0x427, 0x1C6 },
    { 0x42B, 0x42C, 0x1C7 },
    { 0x42E, 0x432, 0x1C9 },
    { 0x434, 0x435, 0x1CE },
    { 0x437, 0x437, 0x1D0 },
    { 0x43A, 0x43A, 0x1D1 },
    { 0x43D, 0x43E, 0x1D2 },
    { 0x440, 0x440, 0x1D4 },
    { 0x442, 0x442, 0x1D5 },
    { 0x446, 0x446, 0x1D6 },
    { 0x44C, 0x44C, 0x1D7 },
    { 0x44E, 0x44E, 0x1D8 },
    { 0x1EA0, 0x1EF9, 0x1D9 },
    { 0x200B, 0x2010, 0x233 },
    { 0x2013, 0x2014, 0x239 },
    { 0x2018, 0x201A, 0x23B },
    { 0x201C, 0x201E, 0x23E },
    { 0x2020, 0x2022, 0x241 },
    { 0x2026, 0x2026, 0x244 },
    { 0x202A, 0x202E, 0x245 },
    { 0x2030, 0x2030, 0x24A },
    { 0x2039, 0x203A, 0x24B },
    { 0x2044, 0x2044, 0x24D },
    { 0x2060, 0x2064, 0x24E },
    { 0x2066, 0x206F, 0x253 },
    { 0x2074, 0x2074, 0x25D },
    { 0x20AB, 0x20AC, 0x25E },
    { 0x2113, 0x2113, 0x260 },
    { 0x2202, 0x2202, 0x261 },
    { 0x220F, 0x220F, 0x262 },
    { 0x2211, 0x2212, 0x263 },
    { 0x2215, 0x2215, 0x265 },
    { 0x2219, 0x221A, 0x266 },
    { 0x221E, 0x221E, 0x268 },
    { 0x222B, 0x222B, 0x269 },
    { 0x2248, 0x2248, 0x26A },
    { 0x2260, 0x2260, 0x26B },
    { 0x2264, 0x2265, 0x26C },
    { 0x2669, 0x266F, 0x26E },
    { 0x2764, 0x2764, 0x275 },
    { 0xFB00, 0xFB04, 0x276 },
    { 0xFFFD, 0xFFFD, 0x27B },
    { 0x1F44B, 0x1F44F, 0x27C },
    { 0x1F600, 0x1F607, 0x281 },
    { 0x1F609, 0x1F614, 0x289 },
    { 0x1F618, 0x1F618, 0x295 },
    { 0x1F61A, 0x1F61A, 0x296 },
    { 0x1F61C, 0x1F61D, 0x297 },
    { 0x1F620, 0x1F622, 0x299 },
    { 0x1F624, 0x1F625, 0x29C },
    { 0x1F629, 0x1F629, 0x29E },
    { 0x1F62C, 0x1F62E, 0x29F },
    { 0x1F631, 0x1F635, 0x2A2 },
    { 0x1F641, 0x1F642, 0x2A7 },
    { 0x1F644, 0x1F644, 0x2A9 },
};

static const EpdFontGroup lexenddeca_8_boldGroups[] = {
    { 0, 1451, 2701, 128, 0 },
    { 1451, 1486, 3254, 128, 128 },
    { 2937, 1942, 5008, 128, 256 },
    { 4879, 929, 1810, 36, 384 },
    { 5808, 96, 91, 18, 420 },
    { 5904, 39, 36, 1, 438 },
    { 5943, 719, 1276, 34, 439 },
    { 6662, 1379, 4250, 90, 473 },
    { 8041, 189, 310, 42, 563 },
    { 8230, 15, 12, 1, 605 },
    { 8245, 78, 84, 2, 606 },
    { 8323, 27, 24, 1, 608 },
    { 8350, 226, 367, 13, 609 },
    { 8576, 218, 298, 8, 622 },
    { 8794, 123, 234, 5, 630 },
    { 8917, 27, 24, 1, 635 },
    { 8944, 1910, 3944, 46, 636 },
};

static const EpdKernClassEntry lexenddeca_8_boldKernLeftClasses[] = {
    { 0x0028, 1 }, // (
    { 0x002C, 2 }, // ,
    { 0x002D, 3 }, // -
    { 0x002E, 2 }, // .
    { 0x002F, 4 }, // /
    { 0x0031, 5 }, // 1
    { 0x0032, 6 }, // 2
    { 0x0034, 7 }, // 4
    { 0x0035, 8 }, // 5
    { 0x0036, 9 }, // 6
    { 0x0037, 10 }, // 7
    { 0x0038, 11 }, // 8
    { 0x0039, 12 }, // 9
    { 0x0041, 13 }, // A
    { 0x0042, 14 }, // B
    { 0x0043, 15 }, // C
    { 0x0044, 16 }, // D
    { 0x0045, 17 }, // E
    { 0x0046, 18 }, // F
    { 0x0047, 19 }, // G
    { 0x0049, 20 }, // I
    { 0x004A, 21 }, // J
    { 0x004B, 22 }, // K
    { 0x004C, 23 }, // L
    { 0x004F, 16 }, // O
    { 0x0050, 24 }, // P
    { 0x0051, 25 }, // Q
    { 0x0052, 26 }, // R
    { 0x0053, 27 }, // S
    { 0x0054, 28 }, // T
    { 0x0055, 29 }, // U
    { 0x0056, 30 }, // V
    { 0x0057, 31 }, // W
    { 0x0058, 32 }, // X
    { 0x0059, 33 }, // Y
    { 0x005A, 34 }, // Z
    { 0x0061, 35 }, // a
    { 0x0062, 36 }, // b
    { 0x0063, 37 }, // c
    { 0x0064, 38 }, // d
    { 0x0065, 39 }, // e
    { 0x0066, 40 }, // f
    { 0x0067, 41 }, // g
    { 0x0068, 42 }, // h
    { 0x006A, 43 }, // j
    { 0x006B, 44 }, // k
    { 0x006C, 45 }, // l
    { 0x006D, 42 }, // m
    { 0x006E, 42 }, // n
    { 0x006F, 36 }, // o
    { 0x0070, 36 }, // p
    { 0x0071, 46 }, // q
    { 0x0072, 47 }, // r
    { 0x0073, 48 }, // s
    { 0x0074, 49 }, // t
    { 0x0075, 50 }, // u
    { 0x0076, 51 }, // v
    { 0x0077, 52 }, // w
    { 0x0078, 53 }, // x
    { 0x0079, 51 }, // y
    { 0x007A, 54 }, // z
    { 0x00C0, 13 }, // U+00C0
    { 0x00C1, 13 }, // U+00C1
    { 0x00C2, 13 }, // U+00C2
    { 0x00C3, 13 }, // U+00C3
    { 0x00C4, 13 }, // U+00C4
    { 0x00C5, 13 }, // U+00C5
    { 0x00C6, 17 }, // U+00C6
    { 0x00C7, 15 }, // U+00C7
    { 0x00C8, 17 }, // U+00C8
    { 0x00C9, 17 }, // U+00C9
    { 0x00CA, 17 }, // U+00CA
    { 0x00CB, 17 }, // U+00CB
    { 0x00CC, 20 }, // U+00CC
    { 0x00CD, 20 }, // U+00CD
    { 0x00CE, 20 }, // U+00CE
    { 0x00CF, 20 }, // U+00CF
    { 0x00D0, 16 }, // U+00D0
    { 0x00D2, 16 }, // U+00D2
    { 0x00D3, 16 }, // U+00D3
    { 0x00D4, 16 }, // U+00D4
    { 0x00D5, 16 }, // U+00D5
    { 0x00D6, 16 }, // U+00D6
    { 0x00D8, 16 }, // U+00D8
    { 0x00D9, 29 }, // U+00D9
    { 0x00DA, 29 }, // U+00DA
    { 0x00DB, 29 }, // U+00DB
    { 0x00DC, 29 }, // U+00DC
    { 0x00DD, 33 }, // U+00DD
    { 0x00E0, 42 }, // U+00E0
    { 0x00E1, 42 }, // U+00E1
    { 0x00E2, 42 }, // U+00E2
    { 0x00E3, 42 }, // U+00E3
    { 0x00E4, 42 }, // U+00E4
    { 0x00E5, 42 }, // U+00E5
    { 0x00E6, 39 }, // U+00E6
    { 0x00E7, 37 }, // U+00E7
    { 0x00E8, 39 }, // U+00E8
    { 0x00E9, 39 }, // U+00E9
    { 0x00EA, 39 }, // U+00EA
    { 0x00EB, 39 }, // U+00EB
    { 0x00F0, 16 }, // U+00F0
    { 0x00F1, 42 }, // U+00F1
    { 0x00F2, 36 }, // U+00F2
    { 0x00F3, 36 }, // U+00F3
    { 0x00F4, 36 }, // U+00F4
    { 0x00F5, 36 }, // U+00F5
    { 0x00F6, 36 }, // U+00F6
    { 0x00F8, 36 }, // U+00F8
    { 0x00F9, 50 }, // U+00F9
    { 0x00FA, 50 }, // U+00FA
    { 0x00FB, 50 }, // U+00FB
    { 0x00FC, 50 }, // U+00FC
    { 0x00FD, 51 }, // U+00FD
    { 0x00FE, 36 }, // U+00FE
    { 0x00FF, 51 }, // U+00FF
    { 0x0100, 13 }, // U+0100
    { 0x0101, 42 }, // U+0101
    { 0x0102, 13 }, // U+0102
    { 0x0103, 42 }, // U+0103
    { 0x0104, 13 }, // U+0104
    { 0x0105, 55 }, // U+0105
    { 0x0106, 15 }, // U+0106
    { 0x0107, 37 }, // U+0107
    { 0x0108, 15 }, // U+0108
    { 0x0109, 37 }, // U+0109
    { 0x010A, 15 }, // U+010A
    { 0x010B, 37 }, // U+010B
    { 0x010C, 15 }, // U+010C
    { 0x010D, 37 }, // U+010D
    { 0x010E, 16 }, // U+010E
    { 0x010F, 56 }, // U+010F
    { 0x0111, 40 }, // U+0111
    { 0x0112, 17 }, // U+0112
    { 0x0113, 39 }, // U+0113
    { 0x0114, 17 }, // U+0114
    { 0x0115, 39 }, // U+0115
    { 0x0116, 17 }, // U+0116
    { 0x0117, 39 }, // U+0117
    { 0x0118, 17 }, // U+0118
    { 0x0119, 39 }, // U+0119
    { 0x011A, 17 }, // U+011A
    { 0x011B, 39 }, // U+011B
    { 0x011C, 19 }, // U+011C
    { 0x011D, 41 }, // U+011D
    { 0x011E, 19 }, // U+011E
    { 0x011F, 41 }, // U+011F
    { 0x0120, 19 }, // U+0120
    { 0x0121, 41 }, // U+0121
    { 0x0122, 19 }, // U+0122
    { 0x0123, 41 }, // U+0123
    { 0x0125, 42 }, // U+0125
    { 0x0127, 42 }, // U+0127
    { 0x0128, 20 }, // U+0128
    { 0x012A, 20 }, // U+012A
    { 0x012C, 20 }, // U+012C
    { 0x012E, 20 }, // U+012E
    { 0x0130, 20 }, // U+0130
    { 0x0132, 21 }, // U+0132
    { 0x0133, 43 }, // U+0133
    { 0x0134, 21 }, // U+0134
    { 0x0135, 43 }, // U+0135
    { 0x0136, 22 }, // U+0136
    { 0x0137, 44 }, // U+0137
    { 0x0138, 44 }, // U+0138
    { 0x0139, 23 }, // U+0139
    { 0x013A, 57 }, // U+013A
    { 0x013B, 23 }, // U+013B
    { 0x013C, 57 }, // U+013C
    { 0x013E, 56 }, // U+013E
    { 0x013F, 23 }, // U+013F
    { 0x0141, 23 }, // U+0141
    { 0x0142, 57 }, // U+0142
    { 0x0144, 42 }, // U+0144
    { 0x0146, 42 }, // U+0146
    { 0x0148, 42 }, // U+0148
    { 0x0149, 42 }, // U+0149
    { 0x014B, 42 }, // U+014B
    { 0x014C, 16 }, // U+014C
    { 0x014D, 36 }, // U+014D
    { 0x014E, 16 }, // U+014E
    { 0x014F, 36 }, // U+014F
    { 0x0150, 16 }, // U+0150
    { 0x0151, 36 }, // U+0151
    { 0x0152, 17 }, // U+0152
    { 0x0153, 39 }, // U+0153
    { 0x0154, 26 }, // U+0154
    { 0x0155, 47 }, // U+0155
    { 0x0156, 26 }, // U+0156
    { 0x0157, 47 }, // U+0157
    { 0x0158, 26 }, // U+0158
    { 0x0159, 47 }, // U+0159
    { 0x015A, 27 }, // U+015A
    { 0x015B, 48 }, // U+015B
    { 0x015C, 27 }, // U+015C
    { 0x015D, 48 }, // U+015D
    { 0x015E, 27 }, // U+015E
    { 0x015F, 48 }, // U+015F
    { 0x0160, 27 }, // U+0160
    { 0x0161, 48 }, // U+0161
    { 0x0162, 28 }, // U+0162
    { 0x0163, 49 }, // U+0163
    { 0x0164, 28 }, // U+0164
    { 0x0165, 56 }, // U+0165
    { 0x0166, 28 }, // U+0166
    { 0x0167, 49 }, // U+0167
    { 0x0168, 29 }, // U+0168
    { 0x0169, 50 }, // U+0169
    { 0x016A, 29 }, // U+016A
    { 0x016B, 50 }, // U+016B
    { 0x016C, 29 }, // U+016C
    { 0x016D, 50 }, // U+016D
    { 0x016E, 29 }, // U+016E
    { 0x016F, 50 }, // U+016F
    { 0x0170, 29 }, // U+0170
    { 0x0171, 50 }, // U+0171
    { 0x0172, 29 }, // U+0172
    { 0x0173, 50 }, // U+0173
    { 0x0176, 33 }, // U+0176
    { 0x0177, 51 }, // U+0177
    { 0x0178, 33 }, // U+0178
    { 0x0179, 34 }, // U+0179
    { 0x017A, 54 }, // U+017A
    { 0x017B, 34 }, // U+017B
    { 0x017C, 54 }, // U+017C
    { 0x017D, 34 }, // U+017D
    { 0x017E, 54 }, // U+017E
    { 0x017F, 40 }, // U+017F
    { 0x01A0, 58 }, // U+01A0
    { 0x01A1, 59 }, // U+01A1
    { 0x01AF, 60 }, // U+01AF
    { 0x01B0, 61 }, // U+01B0
    { 0x01C4, 34 }, // U+01C4
    { 0x01C5, 54 }, // U+01C5
    { 0x01C6, 54 }, // U+01C6
    { 0x01C7, 21 }, // U+01C7
    { 0x01C8, 43 }, // U+01C8
    { 0x01C9, 43 }, // U+01C9
    { 0x01CA, 21 }, // U+01CA
    { 0x01CB, 43 }, // U+01CB
    { 0x01CC, 43 }, // U+01CC
    { 0x01CD, 13 }, // U+01CD
    { 0x01CE, 42 }, // U+01CE
    { 0x01D3, 29 }, // U+01D3
    { 0x01D4, 50 }, // U+01D4
    { 0x01E6, 19 }, // U+01E6
    { 0x01E7, 41 }, // U+01E7
    { 0x01EA, 16 }, // U+01EA
    { 0x01EB, 36 }, // U+01EB
    { 0x01F1, 34 }, // U+01F1
    { 0x01F2, 54 }, // U+01F2
    { 0x01F3, 54 }, // U+01F3
    { 0x01FB, 42 }, // U+01FB
    { 0x01FC, 17 }, // U+01FC
    { 0x01FD, 39 }, // U+01FD
    { 0x01FE, 16 }, // U+01FE
    { 0x01FF, 36 }, // U+01FF
    { 0x0218, 27 }, // U+0218
    { 0x0219, 48 }, // U+0219
    { 0x021A, 28 }, // U+021A
    { 0x021B, 49 }, // U+021B
    { 0x021F, 42 }, // U+021F
    { 0x0410, 62 }, // U+0410
    { 0x0413, 63 }, // U+0413
    { 0x041E, 64 }, // U+041E
    { 0x0420, 65 }, // U+0420
    { 0x0422, 63 }, // U+0422
    { 0x0423, 66 }, // U+0423
    { 0x0425, 67 }, // U+0425
    { 0x042C, 68 }, // U+042C
    { 0x042E, 64 }, // U+042E
    { 0x0434, 69 }, // U+0434
    { 0x043A, 69 }, // U+043A
    { 0x043D, 69 }, // U+043D
    { 0x043E, 70 }, // U+043E
    { 0x0440, 70 }, // U+0440
    { 0x0442, 69 }, // U+0442
    { 0x0446, 69 }, // U+0446
    { 0x044C, 71 }, // U+044C
    { 0x044E, 70 }, // U+044E
    { 0x1EA0, 13 }, // U+1EA0
    { 0x1EA1, 42 }, // U+1EA1
    { 0x1EA2, 13 }, // U+1EA2
    { 0x1EA3, 42 }, // U+1EA3
    { 0x1EA4, 13 }, // U+1EA4
    { 0x1EA5, 42 }, // U+1EA5
    { 0x1EA6, 13 }, // U+1EA6
    { 0x1EA7, 42 }, // U+1EA7
    { 0x1EA8, 13 }, // U+1EA8
    { 0x1EA9, 42 }, // U+1EA9
    { 0x1EAA, 13 }, // U+1EAA
    { 0x1EAB, 42 }, // U+1EAB
    { 0x1EAC, 13 }, // U+1EAC
    { 0x1EAD, 42 }, // U+1EAD
    { 0x1EAE, 13 }, // U+1EAE
    { 0x1EAF, 42 }, // U+1EAF
    { 0x1EB0, 13 }, // U+1EB0
    { 0x1EB1, 42 }, // U+1EB1
    { 0x1EB2, 13 }, // U+1EB2
    { 0x1EB3, 42 }, // U+1EB3
    { 0x1EB4, 13 }, // U+1EB4
    { 0x1EB5, 42 }, // U+1EB5
    { 0x1EB6, 13 }, // U+1EB6
    { 0x1EB7, 42 }, // U+1EB7
    { 0x1EB8, 17 }, // U+1EB8
    { 0x1EB9, 39 }, // U+1EB9
    { 0x1EBA, 17 }, // U+1EBA
    { 0x1EBB, 39 }, // U+1EBB
    { 0x1EBC, 17 }, // U+1EBC
    { 0x1EBD, 39 }, // U+1EBD
    { 0x1EBE, 17 }, // U+1EBE
    { 0x1EC0, 17 }, // U+1EC0
    { 0x1EC2, 17 }, // U+1EC2
    { 0x1EC4, 17 }, // U+1EC4
    { 0x1EC6, 17 }, // U+1EC6
    { 0x1EC7, 39 }, // U+1EC7
    { 0x1EC8, 20 }, // U+1EC8
    { 0x1ECA, 20 }, // U+1ECA
    { 0x1ECC, 16 }, // U+1ECC
    { 0x1ECD, 36 }, // U+1ECD
    { 0x1ECE, 16 }, // U+1ECE
    { 0x1ECF, 36 }, // U+1ECF
    { 0x1ED0, 16 }, // U+1ED0
    { 0x1ED2, 16 }, // U+1ED2
    { 0x1ED4, 16 }, // U+1ED4
    { 0x1ED6, 16 }, // U+1ED6
    { 0x1ED7, 36 }, // U+1ED7
    { 0x1ED8, 16 }, // U+1ED8
    { 0x1ED9, 36 }, // U+1ED9
    { 0x1EDA, 58 }, // U+1EDA
    { 0x1EDB, 59 }, // U+1EDB
    { 0x1EDC, 58 }, // U+1EDC
    { 0x1EDD, 59 }, // U+1EDD
    { 0x1EDE, 58 }, // U+1EDE
    { 0x1EDF, 59 }, // U+1EDF
    { 0x1EE0, 58 }, // U+1EE0
    { 0x1EE1, 59 }, // U+1EE1
    { 0x1EE2, 58 }, // U+1EE2
    { 0x1EE3, 59 }, // U+1EE3
    { 0x1EE8, 60 }, // U+1EE8
    { 0x1EE9, 61 }, // U+1EE9
    { 0x1EEA, 60 }, // U+1EEA
    { 0x1EEB, 61 }, // U+1EEB
    { 0x1EEC, 60 }, // U+1EEC
    { 0x1EED, 61 }, // U+1EED
    { 0x1EEE, 60 }, // U+1EEE
    { 0x1EEF, 61 }, // U+1EEF
    { 0x1EF0, 60 }, // U+1EF0
    { 0x1EF1, 61 }, // U+1EF1
    { 0x1EF2, 33 }, // U+1EF2
    { 0x1EF3, 51 }, // U+1EF3
    { 0x1EF4, 33 }, // U+1EF4
    { 0x1EF5, 51 }, // U+1EF5
    { 0x1EF6, 33 }, // U+1EF6
    { 0x1EF7, 51 }, // U+1EF7
    { 0x1EF8, 33 }, // U+1EF8
    { 0x1EF9, 51 }, // U+1EF9
    { 0x2013, 3 }, // U+2013
    { 0x2014, 3 }, // U+2014
    { 0x2019, 72 }, // U+2019
    { 0x201A, 2 }, // U+201A
    { 0x201D, 72 }, // U+201D
    { 0x201E, 2 }, // U+201E
    { 0x2026, 2 }, // U+2026
    { 0x20AB, 40 }, // U+20AB
    { 0xFB00, 40 }, // U+FB00
    { 0xFB02, 57 }, // U+FB02
    { 0xFB04, 57 }, // U+FB04
};

static const EpdKernClassEntry lexenddeca_8_boldKernRightClasses[] = {
    { 0x0025, 1 }, // %
    { 0x0029, 2 }, // )
    { 0x002C, 3 }, // ,
    { 0x002D, 4 }, // -
    { 0x002E, 3 }, // .
    { 0x002F, 5 }, // /
    { 0x0031, 6 }, // 1
    { 0x0032, 7 }, // 2
    { 0x0034, 8 }, // 4
    { 0x0037, 9 }, // 7
    { 0x0038, 10 }, // 8
    { 0x0039, 11 }, // 9
    { 0x0041, 12 }, // A
    { 0x0043, 13 }, // C
    { 0x0047, 13 }, // G
    { 0x0049, 14 }, // I
    { 0x004A, 15 }, // J
    { 0x004F, 13 }, // O
    { 0x0051, 13 }, // Q
    { 0x0053, 16 }, // S
    { 0x0054, 17 }, // T
    { 0x0055, 18 }, // U
    { 0x0056, 19 }, // V
    { 0x0057, 20 }, // W
    { 0x0058, 21 }, // X
    { 0x0059, 22 }, // Y
    { 0x005A, 23 }, // Z
    { 0x0061, 24 }, // a
    { 0x0063, 25 }, // c
    { 0x0064, 25 }, // d
    { 0x0065, 25 }, // e
    { 0x0066, 26 }, // f
    { 0x0067, 27 }, // g
    { 0x0068, 28 }, // h
    { 0x0069, 29 }, // i
    { 0x006A, 30 }, // j
    { 0x006B, 28 }, // k
    { 0x006C, 31 }, // l
    { 0x006D, 32 }, // m
    { 0x006E, 32 }, // n
    { 0x006F, 25 }, // o
    { 0x0070, 33 }, // p
    { 0x0071, 25 }, // q
    { 0x0072, 32 }, // r
    { 0x0073, 34 }, // s
    { 0x0074, 35 }, // t
    { 0x0075, 36 }, // u
    { 0x0076, 37 }, // v
    { 0x0077, 38 }, // w
    { 0x0078, 39 }, // x
    { 0x0079, 37 }, // y
    { 0x007A, 40 }, // z
    { 0x00B0, 41 }, // U+00B0
    { 0x00C0, 12 }, // U+00C0
    { 0x00C1, 12 }, // U+00C1
    { 0x00C2, 12 }, // U+00C2
    { 0x00C3, 12 }, // U+00C3
    { 0x00C4, 12 }, // U+00C4
    { 0x00C5, 12 }, // U+00C5
    { 0x00C6, 42 }, // U+00C6
    { 0x00C7, 13 }, // U+00C7
    { 0x00CC, 14 }, // U+00CC
    { 0x00CD, 14 }, // U+00CD
    { 0x00CE, 14 }, // U+00CE
    { 0x00CF, 14 }, // U+00CF
    { 0x00D2, 13 }, // U+00D2
    { 0x00D3, 13 }, // U+00D3
    { 0x00D4, 13 }, // U+00D4
    { 0x00D5, 13 }, // U+00D5
    { 0x00D6, 13 }, // U+00D6
    { 0x00D8, 13 }, // U+00D8
    { 0x00D9, 18 }, // U+00D9
    { 0x00DA, 18 }, // U+00DA
    { 0x00DB, 18 }, // U+00DB
    { 0x00DC, 18 }, // U+00DC
    { 0x00DD, 43 }, // U+00DD
    { 0x00E0, 24 }, // U+00E0
    { 0x00E1, 24 }, // U+00E1
    { 0x00E2, 24 }, // U+00E2
    { 0x00E3, 24 }, // U+00E3
    { 0x00E4, 24 }, // U+00E4
    { 0x00E5, 24 }, // U+00E5
    { 0x00E6, 24 }, // U+00E6
    { 0x00E7, 25 }, // U+00E7
    { 0x00E8, 25 }, // U+00E8
    { 0x00E9, 25 }, // U+00E9
    { 0x00EA, 25 }, // U+00EA
    { 0x00EB, 25 }, // U+00EB
    { 0x00EC, 29 }, // U+00EC
    { 0x00ED, 29 }, // U+00ED
    { 0x00EE, 29 }, // U+00EE
    { 0x00EF, 29 }, // U+00EF
    { 0x00F0, 25 }, // U+00F0
    { 0x00F1, 32 }, // U+00F1
    { 0x00F2, 25 }, // U+00F2
    { 0x00F3, 25 }, // U+00F3
    { 0x00F4, 25 }, // U+00F4
    { 0x00F5, 25 }, // U+00F5
    { 0x00F6, 25 }, // U+00F6
    { 0x00F8, 25 }, // U+00F8
    { 0x00F9, 36 }, // U+00F9
    { 0x00FA, 36 }, // U+00FA
    { 0x00FB, 36 }, // U+00FB
    { 0x00FC, 36 }, // U+00FC
    { 0x00FD, 37 }, // U+00FD
    { 0x00FF, 37 }, // U+00FF
    { 0x0100, 12 }, // U+0100
    { 0x0101, 24 }, // U+0101
    { 0x0102, 12 }, // U+0102
    { 0x0103, 24 }, // U+0103
    { 0x0104, 12 }, // U+0104
    { 0x0105, 24 }, // U+0105
    { 0x0106, 13 }, // U+0106
    { 0x0107, 25 }, // U+0107
    { 0x0108, 13 }, // U+0108
    { 0x0109, 25 }, // U+0109
    { 0x010A, 13 }, // U+010A
    { 0x010B, 25 }, // U+010B
    { 0x010C, 13 }, // U+010C
    { 0x010D, 25 }, // U+010D
    { 0x010F, 25 }, // U+010F
    { 0x0111, 25 }, // U+0111
    { 0x0113, 25 }, // U+0113
    { 0x0115, 25 }, // U+0115
    { 0x0117, 25 }, // U+0117
    { 0x0119, 25 }, // U+0119
    { 0x011B, 25 }, // U+011B
    { 0x011C, 13 }, // U+011C
    { 0x011D, 27 }, // U+011D
    { 0x011E, 13 }, // U+011E
    { 0x011F, 27 }, // U+011F
    { 0x0120, 13 }, // U+0120
    { 0x0121, 27 }, // U+0121
    { 0x0122, 13 }, // U+0122
    { 0x0123, 27 }, // U+0123
    { 0x0125, 28 }, // U+0125
    { 0x0127, 28 }, // U+0127
    { 0x0128, 14 }, // U+0128
    { 0x0129, 29 }, // U+0129
    { 0x012A, 14 }, // U+012A
    { 0x012B, 29 }, // U+012B
    { 0x012C, 14 }, // U+012C
    { 0x012D, 29 }, // U+012D
    { 0x012E, 14 }, // U+012E
    { 0x012F, 29 }, // U+012F
    { 0x0130, 14 }, // U+0130
    { 0x0131, 29 }, // U+0131
    { 0x0132, 14 }, // U+0132
    { 0x0133, 29 }, // U+0133
    { 0x0134, 15 }, // U+0134
    { 0x0135, 44 }, // U+0135
    { 0x0137, 28 }, // U+0137
    { 0x0138, 28 }, // U+0138
    { 0x013A, 31 }, // U+013A
    { 0x013C, 31 }, // U+013C
    { 0x013E, 31 }, // U+013E
    { 0x0140, 31 }, // U+0140
    { 0x0142, 31 }, // U+0142
    { 0x0144, 32 }, // U+0144
    { 0x0146, 32 }, // U+0146
    { 0x0148, 32 }, // U+0148
    { 0x014B, 32 }, // U+014B
    { 0x014C, 13 }, // U+014C
    { 0x014D, 25 }, // U+014D
    { 0x014E, 13 }, // U+014E
    { 0x014F, 25 }, // U+014F
    { 0x0150, 13 }, // U+0150
    { 0x0151, 25 }, // U+0151
    { 0x0152, 13 }, // U+0152
    { 0x0153, 25 }, // U+0153
    { 0x0155, 32 }, // U+0155
    { 0x0157, 32 }, // U+0157
    { 0x0159, 32 }, // U+0159
    { 0x015A, 16 }, // U+015A
    { 0x015B, 34 }, // U+015B
    { 0x015C, 16 }, // U+015C
    { 0x015D, 34 }, // U+015D
    { 0x015E, 16 }, // U+015E
    { 0x015F, 34 }, // U+015F
    { 0x0160, 16 }, // U+0160
    { 0x0161, 34 }, // U+0161
    { 0x0162, 45 }, // U+0162
    { 0x0163, 35 }, // U+0163
    { 0x0164, 45 }, // U+0164
    { 0x0165, 35 }, // U+0165
    { 0x0166, 45 }, // U+0166
    { 0x0167, 35 }, // U+0167
    { 0x0168, 18 }, // U+0168
    { 0x0169, 36 }, // U+0169
    { 0x016A, 18 }, // U+016A
    { 0x016B, 36 }, // U+016B
    { 0x016C, 18 }, // U+016C
    { 0x016D, 36 }, // U+016D
    { 0x016E, 18 }, // U+016E
    { 0x016F, 36 }, // U+016F
    { 0x0170, 18 }, // U+0170
    { 0x0171, 36 }, // U+0171
    { 0x0172, 18 }, // U+0172
    { 0x0173, 36 }, // U+0173
    { 0x0176, 43 }, // U+0176
    { 0x0177, 37 }, // U+0177
    { 0x0178, 43 }, // U+0178
    { 0x0179, 23 }, // U+0179
    { 0x017A, 40 }, // U+017A
    { 0x017B, 23 }, // U+017B
    { 0x017C, 40 }, // U+017C
    { 0x017D, 23 }, // U+017D
    { 0x017E, 40 }, // U+017E
    { 0x017F, 26 }, // U+017F
    { 0x01A0, 13 }, // U+01A0
    { 0x01A1, 25 }, // U+01A1
    { 0x01C9, 31 }, // U+01C9
    { 0x01CC, 32 }, // U+01CC
    { 0x01CD, 12 }, // U+01CD
    { 0x01CE, 24 }, // U+01CE
    { 0x01D3, 18 }, // U+01D3
    { 0x01D4, 36 }, // U+01D4
    { 0x01E6, 13 }, // U+01E6
    { 0x01E7, 27 }, // U+01E7
    { 0x01EA, 13 }, // U+01EA
    { 0x01EB, 25 }, // U+01EB
    { 0x01FA, 12 }, // U+01FA
    { 0x01FB, 24 }, // U+01FB
    { 0x01FC, 42 }, // U+01FC
    { 0x01FD, 24 }, // U+01FD
    { 0x01FE, 13 }, // U+01FE
    { 0x01FF, 25 }, // U+01FF
    { 0x0218, 16 }, // U+0218
    { 0x0219, 34 }, // U+0219
    { 0x021A, 45 }, // U+021A
    { 0x021B, 35 }, // U+021B
    { 0x021F, 28 }, // U+021F
    { 0x0410, 46 }, // U+0410
    { 0x0414, 46 }, // U+0414
    { 0x041B, 46 }, // U+041B
    { 0x041E, 47 }, // U+041E
    { 0x0421, 47 }, // U+0421
    { 0x0422, 48 }, // U+0422
    { 0x0425, 49 }, // U+0425
    { 0x0430, 50 }, // U+0430
    { 0x0431, 51 }, // U+0431
    { 0x0432, 52 }, // U+0432
    { 0x0434, 53 }, // U+0434
    { 0x0435, 54 }, // U+0435
    { 0x0437, 52 }, // U+0437
    { 0x043A, 52 }, // U+043A
    { 0x043D, 52 }, // U+043D
    { 0x043E, 54 }, // U+043E
    { 0x0440, 55 }, // U+0440
    { 0x0442, 52 }, // U+0442
    { 0x0446, 52 }, // U+0446
    { 0x044C, 52 }, // U+044C
    { 0x044E, 52 }, // U+044E
    { 0x1EA0, 12 }, // U+1EA0
    { 0x1EA1, 24 }, // U+1EA1
    { 0x1EA2, 12 }, // U+1EA2
    { 0x1EA3, 24 }, // U+1EA3
    { 0x1EA4, 12 }, // U+1EA4
    { 0x1EA5, 24 }, // U+1EA5
    { 0x1EA6, 12 }, // U+1EA6
    { 0x1EA7, 24 }, // U+1EA7
    { 0x1EA8, 12 }, // U+1EA8
    { 0x1EA9, 24 }, // U+1EA9
    { 0x1EAA, 12 }, // U+1EAA
    { 0x1EAB, 24 }, // U+1EAB
    { 0x1EAC, 12 }, // U+1EAC
    { 0x1EAD, 24 }, // U+1EAD
    { 0x1EAE, 12 }, // U+1EAE
    { 0x1EAF, 24 }, // U+1EAF
    { 0x1EB0, 12 }, // U+1EB0
    { 0x1EB1, 24 }, // U+1EB1
    { 0x1EB2, 12 }, // U+1EB2
    { 0x1EB3, 24 }, // U+1EB3
    { 0x1EB4, 12 }, // U+1EB4
    { 0x1EB5, 24 }, // U+1EB5
    { 0x1EB6, 12 }, // U+1EB6
    { 0x1EB7, 24 }, // U+1EB7
    { 0x1EB9, 25 }, // U+1EB9
    { 0x1EBB, 25 }, // U+1EBB
    { 0x1EBD, 25 }, // U+1EBD
    { 0x1EBF, 25 }, // U+1EBF
    { 0x1EC1, 25 }, // U+1EC1
    { 0x1EC3, 25 }, // U+1EC3
    { 0x1EC5, 25 }, // U+1EC5
    { 0x1EC7, 25 }, // U+1EC7
    { 0x1EC8, 14 }, // U+1EC8
    { 0x1EC9, 29 }, // U+1EC9
    { 0x1ECA, 14 }, // U+1ECA
    { 0x1ECB, 29 }, // U+1ECB
    { 0x1ECC, 13 }, // U+1ECC
    { 0x1ECD, 25 }, // U+1ECD
    { 0x1ECE, 13 }, // U+1ECE
    { 0x1ECF, 25 }, // U+1ECF
    { 0x1ED0, 13 }, // U+1ED0
    { 0x1ED1, 25 }, // U+1ED1
    { 0x1ED2, 13 }, // U+1ED2
    { 0x1ED3, 25 }, // U+1ED3
    { 0x1ED4, 13 }, // U+1ED4
    { 0x1ED5, 25 }, // U+1ED5
    { 0x1ED6, 13 }, // U+1ED6
    { 0x1ED7, 25 }, // U+1ED7
    { 0x1ED8, 13 }, // U+1ED8
    { 0x1ED9, 25 }, // U+1ED9
    { 0x1EDA, 13 }, // U+1EDA
    { 0x1EDB, 25 }, // U+1EDB
    { 0x1EDC, 13 }, // U+1EDC
    { 0x1EDD, 25 }, // U+1EDD
    { 0x1EDE, 13 }, // U+1EDE
    { 0x1EDF, 25 }, // U+1EDF
    { 0x1EE0, 13 }, // U+1EE0
    { 0x1EE1, 25 }, // U+1EE1
    { 0x1EE2, 13 }, // U+1EE2
    { 0x1EE3, 25 }, // U+1EE3
    { 0x1EE4, 18 }, // U+1EE4
    { 0x1EE5, 36 }, // U+1EE5
    { 0x1EE6, 18 }, // U+1EE6
    { 0x1EE7, 36 }, // U+1EE7
    { 0x1EE8, 18 }, // U+1EE8
    { 0x1EE9, 36 }, // U+1EE9
    { 0x1EEA, 18 }, // U+1EEA
    { 0x1EEB, 36 }, // U+1EEB
    { 0x1EEC, 18 }, // U+1EEC
    { 0x1EED, 36 }, // U+1EED
    { 0x1EEE, 18 }, // U+1EEE
    { 0x1EEF, 36 }, // U+1EEF
    { 0x1EF0, 18 }, // U+1EF0
    { 0x1EF1, 36 }, // U+1EF1
    { 0x1EF2, 43 }, // U+1EF2
    { 0x1EF3, 37 }, // U+1EF3
    { 0x1EF4, 43 }, // U+1EF4
    { 0x1EF5, 37 }, // U+1EF5
    { 0x1EF6, 43 }, // U+1EF6
    { 0x1EF7, 37 }, // U+1EF7
    { 0x1EF8, 43 }, // U+1EF8
    { 0x1EF9, 37 }, // U+1EF9
    { 0x2013, 4 }, // U+2013
    { 0x2014, 4 }, // U+2014
    { 0x2019, 56 }, // U+2019
    { 0x201A, 3 }, // U+201A
    { 0x201D, 56 }, // U+201D
    { 0x201E, 3 }, // U+201E
    { 0x2026, 3 }, // U+2026
    { 0x2030, 1 }, // U+2030
    { 0x20AB, 25 }, // U+20AB
    { 0x2202, 25 }, // U+2202
    { 0xFB00, 26 }, // U+FB00
    { 0xFB01, 26 }, // U+FB01
    { 0xFB02, 26 }, // U+FB02
    { 0xFB03, 26 }, // U+FB03
    { 0xFB04, 26 }, // U+FB04
};

static const int8_t lexenddeca_8_boldKernMatrix[] = {
       0,    0,    0,    0,    0,    0,    0,    0,    8,    0,    0,    0,    0,    0,    0,    0,    0,    0,    0,    0,    0,    0,    0,    0,    0,    0,    0,    0,    0,    0,    0,    0,    0,    0,    0,    0,    0,    0,    0,    0,    0,    0,    0,    0,    0,    0,    0,    0,    0,    0,    0,    0,    0,    0,    0,    0,
       0,    0,    0,    0,    0,    0,    0,    0,    0,    0,    0,    0,    0,    0,    0,    0,    0,    0,    0,    0,    0,    0,    0,    0,    0,    0,   -6,    0,    0,    0,    0,    0,    0,    0,    0,    0,    0,    0,    0,    0,    0,    0,    0,    0,    0,    0,    0,    0,    0,    0,    0,    0,    0,    0,    0,    0,
       0,    0,    0,    0,    0,  -13,   -8,    8,  -15,    0,    0,    0,    0,    0,    0,    0,    0,    0,    0,    0,    0,    0,    0,    0,    0,    0,    0,    0,    0,    0,    0,    0,    0,    0,    0,    0,    0,    0,    0,    0,    0,    0,    0,    0,    0,    0,    0,    0,    0,    0,    0,    0,    0,    0,    0,    0,
       0,    0,    0,    0,  -36,    0,    0,    0,    0,    0,    0,    0,    0,    0,    0,    0,    0,    0,    0,    0,    0,    0,    0,    0,    0,    0,    0,    0,    0,    0,    0,    0,    0,    0,    0,    0,    0,    0,    0,    0,    0,    0,    0,    0,    0,    0,    0,    0,    0,    0,    0,    0,    0,    0,    0,    0,
       0,    4,    0,    0,    0,    0,    0,    0,    0,    0,    0,    0,    0,    0,    0,    0,    0,    0,    0,    0,    0,    0,    0,    0,    0,    0,    0,    0,    0,    0,    0,    0,    0,    0,    0,    0,    0,    0,    0,    0,    0,    0,    0,    0,    0,    0,    0,    0,    0,    0,    0,    0,    0,    0,    0,    0,
       0,    0,    0,    0,    0,    0,    0,   -2,    0,    0,    0,    0,    0,    0,    0,    0,    0,    0,    0,    0,    0,    0,    0,    0,    0,    0,    0,    0,    0,    0,    0,    0,    0,    0,    0,    0,    0,    0,    0,    0,    0,    0,    0,    0,    0,    0,    0,    0,    0,    0,    0,    0,    0,    0,    0,    0,
       0,    0,    0,    0,    0,    0,    0,    5,    0,    0,   -6,    0,    0,    0,    0,    0,    0,    0,    0,    0,    0,    0,    0,    0,    0,    0,    0,    0,    0,    0,    0,    0,    0,    0,    0,    0,    0,    0,    0,    0,  -20,    0,    0,    0,    0,    0,    0,    0,    0,    0,    0,    0,    0,    0,    0,    0,
       0,    0,    0,    0,    0,    0,    0,    0,    0,    0,   -7,    0,    0,    0,    0,    0,    0,    0,    0,    0,    0,    0,    0,    0,    0,    0,    0,    0,    0,    0,    0,    0,    0,    0,    0,    0,    0,    0,    0,    0,    0,    0,    0,    0,    0,    0,    0,    0,    0,    0,    0,    0,    0,    0,    0,    0,
       0,    0,    0,    0,    0,   -6,   -5,    0,    0,    0,    0,    0,    0,    0,    0,    0,    0,    0,    0,    0,    0,    0,    0,    0,    0,    0,    0,    0,    0,    0,    0,    0,    0,    0,    0,    0,    0,    0,    0,    0,    0,    0,    0,    0,    0,    0,    0,    0,    0,    0,    0,    0,    0,    0,    0,    0,
       8,    0,    0,  -15,    0,    0,    0,  -10,   10,  -13,    0,    0,    0,    0,    0,    0,    0,    0,    0,    0,    0,    0,    0,    0,    0,    0,    0,    0,    0,    0,    0,    0,    0,    0,    0,    0,    0,    0,    0,    0,    0,    0,    0,    0,    0,    0,    0,    0,    0,    0,    0,    0,    0,    0,    0,    0,
      -7,    0,    0,    0,    0,   -7,    0,    0,   -5,    0,   -6,    0,    0,    0,    0,    0,    0,    0,    0,    0,    0,    0,    0,    0,    0,    0,    0,    0,    0,    0,    0,    0,    0,    0,    0,    0,    0,    0,    0,    0,   -7,    0,    0,    0,    0,    0,    0,    0,    0,    0,    0,    0,    0,    0,    0,    0,
       0,    0,    0,    0,    0,    0,    0,   -6,   -5,   -6,    0,    0,    0,    0,    0,    0,    0,    0,    0,    0,    0,    0,    0,    0,    0,    0,    0,    0,    0,    0,    0,    0,    0,    0,    0,    0,    0,    0,    0,    0,    0,    0,    0,    0,    0,    0,    0,    0,    0,    0,    0,    0,    0,    0,    0,    0,
       0,    0,    0,    0,    0,    0,    0,    0,    0,    0,    0,    5,  -10,    0,    0,    0,  -18,   -7,  -18,  -13,    0,  -18,    0,    0,    0,    0,    0,    0,    0,    0,   -6,    0,    0,    0,   -7,   -6,  -11,  -12,    5,    0,    0,    0,  -18,    0,  -18,    0,    0,    0,    0,    0,    0,    0,    0,    0,    0,    0,
       0,    0,    0,    0,    0,    0,    0,    0,    0,    0,    0,   -5,    0,    0,    0,    0,    0,    0,   -5,    0,   -5,   -7,    0,   -4,    0,    0,    0,    0,    0,    0,    0,    0,    0,    0,    0,    0,    0,    0,    0,    0,    0,  -11,   -7,    0,    0,    0,    0,    0,    0,    0,    0,    0,    0,    0,    0,    0,
       0,    0,    0,    0,    0,    0,    0,    0,    0,    0,    0,    0,   -5,    0,    0,    0,    0,    0,    0,    0,    0,   -6,    0,    0,    0,    0,    0,    0,    0,    0,    0,    0,    0,    0,    0,    0,    0,    0,    0,    0,    0,  -11,   -6,    0,    0,    0,    0,    0,    0,    0,    0,    0,    0,    0,    0,    0,
       0,    0,    0,    0,    0,    0,    0,    0,    0,    0,    0,  -10,    0,   -7,    0,    0,  -10,    0,   -7,   -5,   -5,  -13,   -5,   -7,    0,    0,    0,    0,    0,    0,    0,    0,    0,    0,    0,    0,    0,    0,    0,   -5,    0,  -19,  -13,    0,  -10,    0,    0,    0,    0,    0,    0,    0,    0,    0,    0,    0,
       0,    0,    0,    0,    0,    0,    0,    0,    0,    0,    0,    0,   -5,    0,    0,    0,    0,    0,    5,    5,    0,    0,    0,    0,    0,    0,    0,    0,    0,    0,    0,    0,    0,    0,    0,    0,    0,    0,    0,    0,    0,    0,    0,    0,    0,    0,    0,    0,    0,    0,    0,    0,    0,    0,    0,    0,
       0,    0,    0,    0,    0,    0,    0,    0,    0,    0,    0,  -10,    0,    0,   -9,    0,    6,    0,    0,    0,    0,    0,    0,   -6,    0,    0,    0,    0,    0,    0,    0,    0,    0,    0,    0,    0,    0,    0,    0,    0,    0,  -30,    0,    0,    6,    0,    0,    0,    0,    0,    0,    0,    0,    0,    0,    0,
       0,    0,    0,    0,    0,    0,    0,    0,    0,    0,    0,    0,    0,    0,    0,    0,   -5,    0,   -7,    0,    0,  -13,    0,    0,    0,    0,    0,    0,    0,    0,    0,    0,    0,    0,    0,    0,    0,    0,    0,    0,    0,    0,  -13,    0,   -5,    0,    0,    0,    0,    0,    0,    0,    0,    0,    0,    0,
       0,    0,    0,    0,    0,    0,    0,    0,    0,    0,    0,    0,   -7,    0,    0,    0,    0,    0,    0,    0,    0,    0,    0,    0,    0,   -6,    0,    0,    0,    0,    0,    0,    0,    0,   -7,    0,    0,    0,    0,    0,    0,   -7,    0,    0,    0,    0,    0,    0,    0,    0,    0,    0,    0,    0,    0,    0,
       0,    0,    0,    0,    0,    0,    0,    0,    0,    0,    0,   -7,    0,    0,    0,    0,    0,    0,    0,    0,    0,    0,    0,    0,    0,    0,    0,    0,    0,    0,    0,    0,    0,    0,    0,    0,    0,    0,    0,    0,    0,    0,    0,    0,    0,    0,    0,    0,    0,    0,    0,    0,    0,    0,    0,    0,
       0,    0,    0,    0,    0,    0,    0,    0,    0,    0,    0,    0,  -13,    0,    0,    0,    0,    0,    0,    0,    0,    0,    0,    0,   -5,    0,    0,    0,    0,    0,    0,    0,    0,    0,    0,  -11,  -13,  -13,    0,    0,    0,    0,    0,    0,    0,    0,    0,    0,    0,    0,    0,    0,    0,    0,    0,    0,
       0,    0,    0,    0,    0,    0,    0,    0,    0,    0,    0,    7,  -10,    0,    7,    0,  -28,   -6,  -18,  -10,    7,  -23,    0,    0,    0,    0,    0,    0,   -5,    0,    0,    0,    0,    0,    0,    0,  -10,  -13,    7,    0,    0,    0,  -23,    0,  -28,    0,    0,    0,    0,    0,    0,    0,    0,    0,    0,    0,
       0,    0,    0,    0,    0,    0,    0,    0,    0,    0,    0,  -22,    0,    0,  -18,    0,    0,    0,    0,    0,   -8,   -5,   -5,   -7,    0,    0,    0,    0,    0,    0,    0,    0,    0,   -5,    0,    0,    0,    0,    0,    0,    0,  -39,   -5,    0,    0,    0,    0,    0,    0,    0,    0,    0,    0,    0,    0,    0,
       0,    0,    0,    0,    0,    0,    0,    0,    0,    0,    0,    7,    0,    0,    0,    0,    0,   -2,    0,    0,    5,  -10,    0,    0,    0,    0,    0,    0,    0,    0,    0,    0,    0,    0,    0,    0,    0,    0,    5,    5,    0,    0,  -10,    0,    0,    0,    0,    0,    0,    0,    0,    0,    0,    0,    0,    0,
       0,    0,    0,    0,    0,    0,    0,    0,    0,    0,    0,    5,   -6,    0,    0,    0,    0,    0,    0,    0,    0,   -4,    0,    0,    0,    0,   -5,    0,    0,    0,    0,    0,    0,    0,    0,   -5,    0,    0,    0,    0,    0,    0,   -4,    0,    0,    0,    0,    0,    0,    0,    0,    0,    0,    0,    0,    0,
       0,    0,    0,    0,    0,    0,    0,    0,    0,    0,    0,    0,    0,    0,    0,    0,    0,    0,    0,   -5,    0,   -4,    0,    0,    0,    0,    0,    0,    0,    0,    0,    0,    0,    0,    0,    0,    0,    0,    0,    0,    0,   -7,   -4,    0,    0,    0,    0,    0,    0,    0,    0,    0,    0,    0,    0,    0,
       0,    0,    0,    0,    0,    0,    0,    0,    0,    0,    0,  -18,  -10,    0,  -28,    0,    6,    0,   10,    7,    0,    5,    0,  -15,  -23,    5,  -21,    0,    0,    0,    0,  -18,  -18,  -10,    0,  -16,   -3,   -5,   -5,   -8,    0,  -33,    5,    0,    6,    0,    0,    0,    0,    0,    0,    0,    0,    0,    0,    0,
       0,    0,    0,    0,    0,    0,    0,    0,    0,    0,    0,   -7,    0,    0,    0,    0,    0,    0,    0,    0,    0,    0,    0,    0,    0,    0,    0,    0,    0,    0,    0,    0,    0,    0,    0,    0,    0,    0,    0,    0,    0,  -24,    0,    0,    0,    0,    0,    0,    0,    0,    0,    0,    0,    0,    0,    0,
       0,    0,    0,    0,    0,    0,    0,    0,    0,    0,    0,  -18,   -7,    0,  -10,    0,   10,    0,    5,    5,    0,    5,    0,  -10,  -13,    0,  -10,    0,    0,    0,    0,   -5,   -5,   -5,    0,    0,    0,    0,    0,    0,    0,  -25,    5,    0,   10,    0,    0,    0,    0,    0,    0,    0,    0,    0,    0,    0,
       0,    0,    0,    0,    0,    0,    0,    0,    0,    0,    0,  -13,   -5,    0,   -7,    0,    7,    0,    5,    5,    0,    0,    0,   -7,   -6,    0,   -7,    0,    0,    0,    0,    0,    0,    0,    0,    0,    0,    0,    0,    0,    0,  -23,    0,    0,    7,    0,    0,    0,    0,    0,    0,    0,    0,    0,    0,    0,
       0,    0,    0,    0,    0,    0,    0,    0,    0,    0,    0,    0,   -7,    0,    0,    0,    0,    0,    0,    0,    0,    0,    0,   -5,   -5,    0,   -5,    0,    0,    0,    0,    0,    0,    0,    0,   -7,   -5,    0,    0,    0,    0,    0,    0,    0,    0,    0,    0,    0,    0,    0,    0,    0,    0,    0,    0,    0,
       0,    0,    0,    0,    0,    0,    0,    0,    0,    0,    0,  -18,  -13,    0,  -15,    0,    5,    0,    5,    0,    0,    0,    0,  -20,  -23,    0,  -23,    0,    0,    0,    0,  -12,  -12,  -15,    0,  -10,    0,    0,   -5,   -5,    0,  -43,    0,    0,    5,    0,    0,    0,    0,    0,    0,    0,    0,    0,    0,    0,
       0,    0,    0,    0,    0,    0,    0,    0,    0,    0,    0,    0,   -7,    0,    0,    0,    0,    0,    0,    0,    0,    0,    0,    0,    0,    0,   -7,    0,    0,    0,    0,    0,    0,    0,   -7,    0,    0,    0,    0,    0,    0,    0,    0,    0,    0,    0,    0,    0,    0,    0,    0,    0,    0,    0,    0,    0,
       0,    0,    0,    0,    0,    0,    0,    0,    0,    0,    0,    0,    0,    0,    0,    0,  -15,    0,    0,    0,    0,  -15,    0,    0,    0,    0,    0,    0,    0,    0,    0,    0,    0,    0,    0,    0,    0,    0,    0,    0,    0,    0,    0,    0,    0,    0,    0,    0,    0,    0,    0,    0,    0,    0,    0,    0,
       0,    0,    0,    0,    0,    0,    0,    0,    0,    0,    0,    0,    0,    0,    0,    0,  -23,    0,  -13,   -6,   -5,  -23,    0,    0,    0,    0,    0,    0,    0,    0,    0,    0,    0,    0,    0,    0,    0,    0,    0,    0,    0,  -11,  -23,    0,  -23,    0,    0,    0,    0,    0,    0,    0,    0,    0,    0,    0,
       0,    0,    0,    0,    0,    0,    0,    0,    0,    0,    0,    0,    0,    0,    0,    0,  -26,    0,    0,   -7,    0,  -20,    0,    0,    0,    0,    0,    0,    0,    0,    0,    0,    0,    0,    0,    0,    0,    0,    0,    0,    0,   -3,  -20,    0,  -26,    0,    0,    0,    0,    0,    0,    0,    0,    0,    0,    0,
       0,    0,    0,    0,    0,    0,    0,    0,    0,    0,    0,    0,    0,    0,    0,    0,    0,    0,    0,    0,    0,    0,    0,    0,    0,    0,    0,    0,    0,    5,    0,    0,    0,    0,    0,    0,    0,    0,    0,    0,    0,    0,    0,    0,    0,    0,    0,    0,    0,    0,    0,    0,    0,    0,    0,    0,
       0,    0,    0,    0,    0,    0,    0,    0,    0,    0,    0,    0,    0,    0,    0,    0,  -18,    0,  -10,   -7,   -5,  -20,    0,    0,    0,    0,    0,    0,    0,    0,    0,    0,    0,    0,    0,    0,    0,    0,    0,    0,    0,   -8,  -20,    0,  -18,    0,    0,    0,    0,    0,    0,    0,    0,    0,    0,    0,
       0,    0,    0,    0,    0,    0,    0,    0,    0,    0,    0,    0,    0,    0,    0,    0,    7,    0,    0,    5,    0,    0,    0,   -8,   -6,    0,    0,    0,    0,    0,    0,    0,    0,    0,    0,    0,    0,    0,    0,    0,    0,  -22,    0,    0,    7,    0,    0,    0,    0,    0,    0,    0,    0,    0,    0,    0,
       0,    0,    0,    0,    0,    0,    0,    0,    0,    0,    0,    0,    0,    0,    0,    0,    0,    0,    0,    0,    0,  -13,    0,    0,    0,    0,    0,    0,    0,    0,    0,    0,    0,    0,    0,    0,    0,    0,    0,    0,    0,    0,  -13,    0,    0,    0,    0,    0,    0,    0,    0,    0,    0,    0,    0,    0,
       0,    0,    0,    0,    0,    0,    0,    0,    0,    0,    0,    0,    0,    0,    0,    0,  -18,    0,   -8,   -7,    0,  -18,    0,    0,   -3,    0,   -4,    0,    0,    0,    0,    0,    0,    0,   -3,    0,    0,    0,    0,    0,    0,   -5,  -18,    0,  -18,    0,    0,    0,    0,    0,    0,    0,    0,    0,    0,    0,
       0,    0,    0,    0,    0,    0,    0,    0,    0,    0,    0,    0,    0,    0,    0,    0,    0,    0,    0,    0,    0,    0,    0,    0,    0,    0,    0,    0,    0,    6,    0,    0,    0,    0,    0,    0,    0,    0,    0,    0,    0,    0,    0,    6,    0,    0,    0,    0,    0,    0,    0,    0,    0,    0,    0,    0,
       0,    0,    0,    0,    0,    0,    0,    0,    0,    0,    0,    7,   -5,    0,    0,    0,    0,    0,    0,    0,    0,    0,    0,    0,   -4,    0,    0,    0,    0,    0,    0,    0,    0,    0,   -3,    0,    0,    0,    0,    0,    0,    0,    0,    0,    0,    0,    0,    0,    0,    0,    0,    0,    0,    0,    0,    0,
       0,    0,    9,    0,    8,    0,    0,    0,    0,    0,    0,    0,    0,    0,    0,    0,    0,    0,    0,    0,    5,    0,    0,    0,    0,    0,    0,    0,   -5,    0,    0,    0,    3,    0,    0,    0,    3,    0,    0,    0,    0,    3,    0,    0,    0,    0,    0,    0,    0,    0,    0,    0,    0,    0,    0,    0,
       0,    0,    0,    0,    0,    0,    0,    0,    0,    0,    0,    0,    0,    0,    0,    0,  -13,    0,    0,    0,    0,   -7,    0,    0,    0,    0,    0,    0,    0,    0,    0,    0,    0,    0,    0,    0,    0,    0,    0,    0,    0,    0,   -7,    0,  -13,    0,    0,    0,    0,    0,    0,    0,    0,    0,    0,    0,
       0,    0,    0,    0,    0,    0,    0,    0,    0,    0,    0,    0,    0,    0,  -21,    0,   -6,    0,    0,    7,    0,    0,    0,   -4,    0,    5,    0,    0,    0,    0,    0,    0,    0,    0,    4,    0,    7,    6,    6,    0,    0,  -32,    0,    0,   -6,    0,    0,    0,    0,    0,    0,    0,    0,    0,    0,    0,
       0,    0,    0,    0,    0,    0,    0,    0,    0,    0,    0,    0,    0,    0,    6,    0,  -10,    0,   -5,    0,    0,  -15,    0,    0,    0,    0,    0,    0,    0,    0,    0,    0,    0,    0,    0,    0,    0,    0,    0,    0,    0,   -2,  -15,    0,  -10,    0,    0,    0,    0,    0,    0,    0,    0,    0,    0,    0,
       0,    0,    0,    0,    0,    0,    0,    0,    0,    0,    0,    6,    0,    0,    0,    0,    0,    0,    0,    0,    0,   -7,    0,    0,    0,    0,    0,    0,    0,    0,    0,    0,    0,    0,    0,    0,    0,    0,    0,    0,    0,    0,   -7,    0,    0,    0,    0,    0,    0,    0,    0,    0,    0,    0,    0,    0,
       0,    0,    0,    0,    0,    0,    0,    0,    0,    0,    0,    0,    0,    0,    0,    0,  -16,    0,    0,    0,    0,  -10,    0,    0,    0,    0,    0,    0,    0,    0,    0,    0,    0,    0,    0,    0,    0,    0,    0,    0,    0,   -7,  -10,    0,  -16,    0,    0,    0,    0,    0,    0,    0,    0,    0,    0,    0,
       0,    0,    0,    0,    0,    0,    0,    0,    0,    0,    0,  -15,    0,    0,    0,    0,   -3,    0,    0,    0,   -5,    0,   -5,   -5,    0,    6,    0,    0,    0,    0,    0,    0,    0,    6,    0,    0,    3,    3,    0,    0,    0,  -27,    0,    0,   -3,    0,    0,    0,    0,    0,    0,    0,    0,    0,    0,    0,
       0,    0,    0,    0,    0,    0,    0,    0,    0,    0,    0,    0,    0,    0,    0,    0,   -5,    0,    0,    0,    0,    0,    0,    0,    0,    3,    0,    0,    0,    0,    0,    0,    0,    0,    0,    0,    3,    3,    0,    0,    0,  -27,    0,    0,   -5,    0,    0,    0,    0,    0,    0,    0,    0,    0,    0,    0,
       0,    0,    0,    0,    0,    0,    0,    0,    0,    0,    0,    5,    0,    0,    0,    0,    0,    0,    0,    0,    0,   -5,    0,    0,    0,    0,    0,    0,    0,    0,    0,    0,    0,    0,    0,    0,    0,    0,    0,    0,    0,    0,   -5,    0,    0,    0,    0,    0,    0,    0,    0,    0,    0,    0,    0,    0,
       0,    0,    0,    0,    0,    0,    0,    0,    0,    0,    0,    0,    0,    0,    0,    0,    0,    0,    0,    0,    0,   -5,    0,    0,    0,    0,    0,    0,    0,    0,    0,    0,    0,    0,    0,    0,    0,    0,    0,    0,    0,    0,   -5,    0,    0,    0,    0,    0,    0,    0,    0,    0,    0,    0,    0,    0,
       0,    0,    0,    0,    0,    0,    0,    0,    0,    0,    0,    0,    0,    0,    0,    0,  -18,    0,   -8,   -7,    0,  -18,    0,    0,   -3,    0,   -4,    0,    0,   15,    0,    0,    0,    0,   -3,    0,    0,    0,    0,    0,    0,   -5,  -18,    0,  -18,    0,    0,    0,    0,    0,    0,    0,    0,    0,    0,    0,
       0,    0,    9,    0,    0,    0,    0,    0,    0,    0,    0,    0,    7,   11,    0,    8,   27,   11,   25,   25,   21,   24,   14,    0,    0,   13,    0,   11,    5,   11,   11,    8,    8,    0,   11,    0,   18,   14,   14,   11,    0,    3,   24,   11,   27,    0,    0,    0,    0,    0,    0,    0,    0,    0,    0,   14,
       0,    0,    9,    0,    0,    0,    0,    0,    0,    0,    0,    0,    0,    0,    0,    0,    0,    0,    0,    0,    5,    0,    0,    0,    0,    0,    0,    0,   -5,    0,    0,    0,    0,    0,    0,    0,    3,    0,    0,    0,    0,    3,    0,    0,    0,    0,    0,    0,    0,    0,    0,    0,    0,    0,    0,    0,
       0,    0,  -18,    0,    0,    0,    0,    0,    0,    0,    0,   -7,    0,    0,    0,    0,   11,    0,    7,    7,    3,    3,    0,    0,    0,    0,    0,    0,    0,    0,    0,    0,    0,    0,    0,    0,    0,    0,    0,    0,    0,  -14,    3,    0,   11,    0,    0,    0,    0,    0,    0,    0,    0,    0,    0,    0,
       0,    0,  -18,    0,    0,    0,    0,    0,    0,    0,    0,   -7,    0,    0,    0,    7,    7,    0,    7,    7,    0,    0,    0,    0,    0,    0,    0,    3,    3,    0,    3,    0,    0,    0,    7,    0,   11,   11,    7,    0,    0,  -11,    0,    0,    7,    0,    0,    0,    0,    0,    0,    0,    0,    0,    0,    0,
       0,    0,  -18,    0,    0,    0,    0,    0,    0,    0,    0,  -14,    0,    0,   -3,    0,   14,    0,   11,   11,    3,    7,    0,   -7,   -3,    0,   -4,    0,    0,    0,    0,    0,    0,    0,    0,   -3,    0,    0,    0,   -3,    0,  -18,    7,    0,   14,    0,    0,    0,    0,    0,    0,    0,    0,    0,    0,    0,
       0,    0,  -11,    0,    0,    0,    0,    0,    0,    0,    0,   -7,    0,    0,   -7,    7,   11,    0,   11,   11,    0,    0,    0,   -3,   -3,    7,   -3,    0,    0,    0,    0,    0,    0,   -3,    7,    0,   11,   11,   11,    0,    0,  -11,    0,    0,   11,    0,    0,    0,    0,    0,    0,    0,    0,    0,    0,    0,
       0,    0,    0,    0,    0,    0,    0,    0,    0,    0,    0,    0,    0,    0,    0,    0,    0,    0,    0,    0,    0,    0,    0,    0,    0,    0,    0,    0,    0,    0,    0,    0,    0,    0,    0,    0,    0,    0,    0,    0,    0,    0,    0,    0,    0,    0,   -7,  -21,    0,    0,    0,    0,    0,    0,    0,    0,
       0,    0,    0,    0,    0,    0,    0,    0,    0,    0,    0,    0,    0,    0,    0,    0,    0,    0,    0,    0,    0,    0,    0,    0,    0,    0,    0,    0,    0,    0,    0,    0,    0,    0,    0,    0,    0,    0,    0,    0,    0,    0,    0,    0,    0,  -17,    0,    0,    0,   -7,    0,   -1,  -20,   -9,   -3,    0,
       0,    0,    0,    0,    0,    0,    0,    0,    0,    0,    0,    0,    0,    0,    0,    0,    0,    0,    0,    0,    0,    0,    0,    0,    0,    0,    0,    0,    0,    0,    0,    0,    0,    0,    0,    0,    0,    0,    0,    0,    0,    0,    0,    0,    0,   -4,    0,    0,   -5,    0,    0,    0,    0,    0,    0,    0,
       0,    0,    0,    0,    0,    0,    0,    0,    0,    0,    0,    0,    0,    0,    0,    0,    0,    0,    0,    0,    0,    0,    0,    0,    0,    0,    0,    0,    0,    0,    0,    0,    0,    0,    0,    0,    0,    0,    0,    0,    0,    0,    0,    0,    0,  -14,    0,    0,    0,   -3,    0,    0,  -21,   -3,    0,    0,
       0,    0,    0,    0,    0,    0,    0,    0,    0,    0,    0,    0,    0,    0,    0,    0,    0,    0,    0,    0,    0,    0,    0,    0,    0,    0,    0,    0,    0,    0,    0,    0,    0,    0,    0,    0,    0,    0,    0,    0,    0,    0,    0,    0,    0,  -25,   -5,    0,    0,  -16,    0,   -7,  -31,  -16,   -8,    0,
       0,    0,    0,    0,    0,    0,    0,    0,    0,    0,    0,    0,    0,    0,    0,    0,    0,    0,    0,    0,    0,    0,    0,    0,    0,    0,    0,    0,    0,    0,    0,    0,    0,    0,    0,    0,    0,    0,    0,    0,    0,    0,    0,    0,    0,    0,   -7,    0,    0,    0,    0,    0,    0,    0,    0,    0,
       0,    0,    0,    0,    0,    0,    0,    0,    0,    0,    0,    0,    0,    0,    0,    0,    0,    0,    0,    0,    0,    0,    0,    0,    0,    0,    0,    0,    0,    0,    0,    0,    0,    0,    0,    0,    0,    0,    0,    0,    0,    0,    0,    0,    0,    0,    0,  -12,    0,    0,    0,    0,    0,    0,    0,    0,
       0,    0,    0,    0,    0,    0,    0,    0,    0,    0,    0,    0,    0,    0,    0,    0,    0,    0,    0,    0,    0,    0,    0,    0,    0,    0,    0,    0,    0,    0,    0,    0,    0,    0,    0,    0,    0,    0,    0,    0,    0,    0,    0,    0,    0,    0,    0,    0,    0,    0,   -1,    0,    0,    0,    0,    0,
       0,    0,    0,    0,    0,    0,    0,    0,    0,    0,    0,    0,    0,    0,    0,    0,    0,    0,    0,    0,    0,    0,    0,    0,    0,    0,    0,    0,    0,    0,    0,    0,    0,    0,    0,    0,    0,    0,    0,    0,    0,    0,    0,    0,    0,    0,    0,    0,    0,    0,    0,    0,   -7,    0,    0,    0,
       0,    0,    0,    0,    0,    0,    0,    0,    0,    0,    0,    0,    0,    0,    0,    0,    0,    0,    0,    0,    0,    0,    0,    0,    0,    0,    0,    0,    0,    0,    0,    0,    0,    0,    0,    0,    0,    0,    0,    0,    0,    0,    0,    0,    0,    0,    0,    0,    0,    0,    0,    0,    0,   -5,    0,    0,
       0,    0,    0,    0,    0,    0,    0,    0,    0,    0,    0,    0,    0,    0,    0,    0,    0,    0,    0,    0,    0,    0,    0,    0,    0,    0,    0,    0,    0,    0,    0,    0,    0,   -7,    0,    0,    0,    0,    0,    0,    0,    0,    0,    0,    0,    0,    0,    0,    0,    0,    0,    0,    0,    0,    0,    0,
};

static const EpdLigaturePair lexenddeca_8_boldLigaturePairs[] = {
    { 0x00660066, 0xFB00 }, // f f -> U+FB00
    { 0x00660069, 0xFB01 }, // f i -> U+FB01
    { 0x0066006C, 0xFB02 }, // f l -> U+FB02
    { 0xFB000069, 0xFB03 }, // U+FB00 i -> U+FB03
    { 0xFB00006C, 0xFB04 }, // U+FB00 l -> U+FB04
};

static constexpr EpdFontData lexenddeca_8_bold = {
    lexenddeca_8_boldBitmaps,
    lexenddeca_8_boldGlyphs,
    lexenddeca_8_boldIntervals,
    78,
    21,
    16,
    -5,
    true,
    lexenddeca_8_boldGroups,
    17,
    nullptr,
    lexenddeca_8_boldKernLeftClasses,
    lexenddeca_8_boldKernRightClasses,
    lexenddeca_8_boldKernMatrix,
    368,
    350,
    72,
    56,
    lexenddeca_8_boldLigaturePairs,
    5,
};
