/**
 * generated by fontconvert.py
 * name: lexenddeca_20_italic
 * size: 20
 * mode: 2-bit  compressed: true
 * Command used: fontconvert.py lexenddeca_20_italic 20 ../builtinFonts/source/LexicaUltralegible/LexicaUltralegible-Italic.ttf ../builtinFonts/source/ChareInk7/ChareInk7-Italic.ttf ../builtinFonts/source/NotoEmoji/NotoEmoji-Regular.ttf ../builtinFonts/source/NotoSymbols/NotoSansSymbols-Regular.ttf --additional-intervals 0x03BB,0x03BB --additional-intervals 0x0410,0x0414 --additional-intervals 0x0418,0x0418 --additional-intervals 0x041B,0x041B --additional-intervals 0x041D,0x0423 --additional-intervals 0x0425,0x0425 --additional-intervals 0x0427,0x0427 --additional-intervals 0x042B,0x042C --additional-intervals 0x042E,0x0432 --additional-intervals 0x0434,0x0435 --additional-intervals 0x0437,0x0437 --additional-intervals 0x043A,0x043A --additional-intervals 0x043D,0x043E --additional-intervals 0x0440,0x0440 --additional-intervals 0x0442,0x0442 --additional-intervals 0x0446,0x0446 --additional-intervals 0x044C,0x044C --additional-intervals 0x044E,0x044E --additional-intervals 0x2113,0x2113 --additional-intervals 0x2669,0x266F --additional-intervals 0x1F600,0x1F607 --additional-intervals 0x1F609,0x1F614 --additional-intervals 0x1F618,0x1F618 --additional-intervals 0x1F61A,0x1F61A --additional-intervals 0x1F61C,0x1F61D --additional-intervals 0x1F620,0x1F622 --additional-intervals 0x1F624,0x1F625 --additional-intervals 0x1F629,0x1F629 --additional-intervals 0x1F62C,0x1F62E --additional-intervals 0x1F631,0x1F635 --additional-intervals 0x1F641,0x1F642 --additional-intervals 0x1F644,0x1F644 --additional-intervals 0x1F44B,0x1F44F --additional-intervals 0x2764,0x2764 --font-include-intervals 1:0x03BB,0x03BB --font-include-intervals 1:0x0410,0x0414 --font-include-intervals 1:0x0418,0x0418 --font-include-intervals 1:0x041B,0x041B --font-include-intervals 1:0x041D,0x0423 --font-include-intervals 1:0x0425,0x0425 --font-include-intervals 1:0x0427,0x0427 --font-include-intervals 1:0x042B,0x042C --font-include-intervals 1:0x042E,0x0432 --font-include-intervals 1:0x0434,0x0435 --font-include-intervals 1:0x0437,0x0437 --font-include-intervals 1:0x043A,0x043A --font-include-intervals 1:0x043D,0x043E --font-include-intervals 1:0x0440,0x0440 --font-include-intervals 1:0x0442,0x0442 --font-include-intervals 1:0x0446,0x0446 --font-include-intervals 1:0x044C,0x044C --font-include-intervals 1:0x044E,0x044E --font-include-intervals 1:0x2113,0x2113 --font-include-intervals 2:0x1F600,0x1F607 --font-include-intervals 2:0x1F609,0x1F614 --font-include-intervals 2:0x1F618,0x1F618 --font-include-intervals 2:0x1F61A,0x1F61A --font-include-intervals 2:0x1F61C,0x1F61D --font-include-intervals 2:0x1F620,0x1F622 --font-include-intervals 2:0x1F624,0x1F625 --font-include-intervals 2:0x1F629,0x1F629 --font-include-intervals 2:0x1F62C,0x1F62E --font-include-intervals 2:0x1F631,0x1F635 --font-include-intervals 2:0x1F641,0x1F642 --font-include-intervals 2:0x1F644,0x1F644 --font-include-intervals 2:0x1F44B,0x1F44F --font-include-intervals 2:0x2764,0x2764 --font-include-intervals 3:0x2669,0x266F --2bit --compress --pnum --darken-aa
 */
#pragma once
#include "EpdFontData.h"

static const uint8_t lexenddeca_20_italicBitmaps[34785] = {
    0xAD, 0x5B, 0x3D, 0x93, 0xE5, 0xC6, 0x75, 0x6D, 0x00, 0xC5, 0x41, 0x59, 0x08, 0xE0, 0xC8, 0xE5,
    0xE2, 0x96, 0x8C, 0x5F, 0x20, 0xE1, 0x0F, 0xD8, 0x04, 0x28, 0x06, 0x0A, 0x1C, 0xD8, 0xB1, 0x22,
    0xA7, 0xA6, 0x83, 0xFD, 0x03, 0xB2, 0x01, 0xD3, 0xA1, 0x03, 0x8D, 0xAB, 0xF8, 0x03, 0x14, 0xD0,
    0x81, 0x94, 0x30, 0x55, 0x40, 0x2E, 0x40, 0x31, 0x70, 0xA0, 0x60, 0xE1, 0x62, 0xA0, 0x50, 0x70,
    0x91, 0x99, 0x82, 0x85, 0xAD, 0xE7, 0x12, 0x68, 0x02, 0x68, 0xDF, 0x73, 0x4E, 0x03, 0x0F, 0x33,
    0x43, 0xEE, 0x0E, 0x3F, 0x66, 0xDF, 0x74, 0xBF, 0x79, 0x0F, 0x68, 0xDC, 0xBE, 0x1F, 0xE7, 0x7E,
    0xF4, 0x5D, 0x97, 0x4F, 0x4E, 0xAF, 0x62, 0x74, 0xE5, 0xE0, 0xAA, 0x3E, 0xBC, 0x9A, 0xDA, 0x75,
    0xCE, 0x79, 0xE7, 0x36, 0xE7, 0x56, 0xE7, 0x16, 0x17, 0xD9, 0x6B, 0x76, 0xF1, 0xC5, 0x25, 0x13,
    0x5F, 0xA3, 0x3B, 0x7E, 0xFE, 0xC4, 0xB9, 0xA6, 0x77, 0x7E, 0xC4, 0xCB, 0xDE, 0xD8, 0x9F, 0xD5,
    0x5B, 0x13, 0x5E, 0xC9, 0xF5, 0x55, 0xEA, 0x15, 0xDB, 0x6D, 0x9D, 0xAB, 0x5A, 0x87, 0xB5, 0xAB,
    0x9A, 0x53, 0x83, 0x69, 0xC3, 0xE3, 0xF0, 0x28, 0x4C, 0xD1, 0x8A, 0x27, 0xE3, 0x91, 0xF6, 0xF4,
    0xDC, 0xE3, 0xA7, 0xBD, 0x33, 0xD5, 0x2E, 0x99, 0xE3, 0xC5, 0x2E, 0x49, 0x2E, 0x61, 0x4A, 0x30,
    0xA5, 0x13, 0xA7, 0x6C, 0x4A, 0xE6, 0xEB, 0x94, 0x4F, 0xC9, 0x85, 0x53, 0x6A, 0x53, 0x85, 0xBB,
    0x17, 0xD7, 0x68, 0xEA, 0x34, 0xB9, 0xA2, 0xCF, 0xB1, 0x9D, 0x52, 0x53, 0xD5, 0xE7, 0x03, 0xA6,
    0xB6, 0xE8, 0x39, 0x95, 0x9C, 0x6A, 0x4E, 0x0D, 0x78, 0x83, 0x9F, 0xEF, 0x81, 0x68, 0x97, 0x6B,
    0xC4, 0x70, 0xF3, 0xBE, 0x0D, 0xB1, 0xF7, 0x9F, 0xD9, 0x72, 0xB6, 0xAA, 0x5D, 0xEA, 0x3B, 0x6F,
    0x5C, 0x69, 0x7F, 0xDA, 0x4D, 0xC9, 0xE6, 0x3E, 0x28, 0x40, 0xDB, 0xAF, 0x5E, 0x73, 0xE9, 0xE2,
    0x8C, 0x0E, 0x1B, 0x27, 0x8C, 0x91, 0x8D, 0x89, 0x8F, 0x27, 0xDC, 0xFA, 0x29, 0x1E, 0xEE, 0x3D,
    0x9E, 0x5D, 0xFA, 0x4D, 0xAB, 0xD9, 0x17, 0xB6, 0x1C, 0xFE, 0xC8, 0x3B, 0x6F, 0x5C, 0xCB, 0x7F,
    0x64, 0x6B, 0xDA, 0x03, 0x1B, 0xBB, 0xB6, 0x74, 0x95, 0x7D, 0xFD, 0x43, 0x57, 0x4E, 0x51, 0xFD,
    0x57, 0xAE, 0x1C, 0x9B, 0xFE, 0x2F, 0x5D, 0x35, 0x56, 0xE3, 0x4F, 0x4D, 0x08, 0xE5, 0xF2, 0x41,
    0x04, 0x66, 0xCD, 0xC5, 0x66, 0xEB, 0x7B, 0x3F, 0x83, 0x1E, 0x2C, 0x9D, 0xFA, 0xCF, 0xB1, 0x32,
    0xA5, 0x27, 0x19, 0x26, 0xDC, 0x50, 0xF4, 0x5E, 0x10, 0x66, 0x83, 0xC7, 0x98, 0x32, 0xE8, 0xE1,
    0xB6, 0xDB, 0xCC, 0x77, 0x33, 0x84, 0xE6, 0xB8, 0x03, 0x13, 0x0D, 0x3E, 0xB4, 0x55, 0x8D, 0x6F,
    0x95, 0x73, 0xCF, 0xA0, 0x3B, 0xF8, 0xB6, 0x83, 0xFA, 0xD8, 0x9F, 0xF6, 0x82, 0x78, 0x9F, 0x41,
    0xA4, 0x10, 0x62, 0x67, 0x62, 0x8C, 0x57, 0x32, 0x32, 0x99, 0x53, 0x08, 0xA4, 0xBA, 0x94, 0x13,
    0x6E, 0x82, 0x64, 0x7B, 0x72, 0xD5, 0x28, 0x74, 0x4D, 0x9B, 0xD9, 0x36, 0xBB, 0x8B, 0xDD, 0xD4,
    0x79, 0x10, 0x96, 0x2C, 0x09, 0xE9, 0x76, 0xE9, 0x25, 0x5B, 0x33, 0xC8, 0x35, 0x1F, 0x8D, 0xAE,
    0x8D, 0x12, 0x32, 0x12, 0xA0, 0x28, 0x5D, 0x5D, 0x41, 0x26, 0x78, 0x56, 0x45, 0x72, 0x8C, 0xAA,
    0x86, 0x9F, 0x64, 0x13, 0xFE, 0xDC, 0xB8, 0x95, 0xAA, 0x8D, 0x16, 0x52, 0x5D, 0x0D, 0x20, 0xC0,
    0xA8, 0xCA, 0x37, 0xDB, 0x1C, 0xB6, 0x92, 0x1A, 0x09, 0xDC, 0x4A, 0x44, 0x26, 0x53, 0xB2, 0xB7,
    0x18, 0x5F, 0xE7, 0x08, 0xC2, 0x28, 0x01, 0x4F, 0xE1, 0x6F, 0x94, 0x87, 0xF1, 0x95, 0x93, 0x83,
    0x42, 0xD9, 0x22, 0x50, 0x2F, 0xDB, 0x61, 0x6A, 0x1F, 0x46, 0x9B, 0x0B, 0xDF, 0x55, 0x10, 0xA3,
    0x7F, 0xD3, 0x43, 0x41, 0xBA, 0x17, 0xD8, 0xBF, 0xE9, 0xDE, 0x48, 0xA1, 0xF2, 0x41, 0xA5, 0xE9,
    0x9D, 0x69, 0x9B, 0xFF, 0xA3, 0x37, 0xB5, 0x4B, 0x7C, 0xED, 0x5B, 0x53, 0xBB, 0xD9, 0x35, 0x43,
    0x57, 0x83, 0xE2, 0xC9, 0x83, 0xDE, 0xDC, 0x2E, 0x32, 0x66, 0xA6, 0xC6, 0x06, 0x33, 0x92, 0xD8,
    0x9E, 0x0E, 0x5B, 0xF1, 0xBD, 0xA6, 0x49, 0xD2, 0x99, 0xA1, 0x06, 0x9D, 0x5F, 0xED, 0xEA, 0xCE,
    0x7F, 0xE2, 0xB1, 0xA5, 0x0D, 0xD7, 0x78, 0x58, 0xE3, 0xE8, 0x6E, 0x28, 0xD8, 0xAA, 0xB6, 0x7F,
    0x4E, 0xFF, 0x4A, 0xFE, 0x23, 0x43, 0xC0, 0x44, 0xF0, 0x06, 0x86, 0x02, 0xC2, 0x21, 0x0D, 0x48,
    0xCF, 0x73, 0x2B, 0x64, 0x0C, 0xBE, 0x32, 0x66, 0x82, 0x58, 0x57, 0x0C, 0xBA, 0x0B, 0x97, 0xC0,
    0x78, 0x1B, 0xCA, 0x97, 0x97, 0xF3, 0x77, 0x3B, 0xFD, 0xEE, 0x9F, 0x75, 0x4E, 0xD7, 0x55, 0x4E,
    0xF7, 0xE0, 0x5E, 0x3C, 0x26, 0xEF, 0xB5, 0x26, 0xD8, 0x46, 0x88, 0xE1, 0x5D, 0xCD, 0xBD, 0xAB,
    0x60, 0x82, 0xB0, 0x46, 0x5C, 0x79, 0xFC, 0x4E, 0xE1, 0xF7, 0xFC, 0xD9, 0x20, 0xEA, 0xB8, 0x81,
    0x40, 0x61, 0x57, 0x1F, 0x54, 0xC5, 0xF7, 0x36, 0x82, 0x4B, 0x1A, 0x7D, 0x8D, 0xAF, 0x20, 0x48,
    0x7E, 0xDC, 0x06, 0xCB, 0xCE, 0x5B, 0xF7, 0xA7, 0x66, 0xDB, 0x6F, 0x14, 0xB0, 0x87, 0xD7, 0x8C,
    0xC9, 0xBE, 0x8E, 0x0C, 0x7C, 0x12, 0x7F, 0x6B, 0x5C, 0x6E, 0x5D, 0xF5, 0xB3, 0xDE, 0xFD, 0x45,
    0x3A, 0xBA, 0x2B, 0x0A, 0x52, 0x8D, 0xBF, 0xE6, 0x48, 0x10, 0x1A, 0xCF, 0xE3, 0x37, 0x5B, 0x27,
    0x6A, 0xF3, 0x4B, 0xB1, 0x94, 0x4B, 0x3E, 0x1B, 0xFE, 0x8D, 0x79, 0x5F, 0xD4, 0x6F, 0xB8, 0x0F,
    0x9C, 0x34, 0xCE, 0xF7, 0xB6, 0x72, 0x6F, 0x38, 0xD7, 0xDE, 0xD4, 0xE5, 0x54, 0x5D, 0x60, 0x7B,
    0x37, 0x04, 0x2D, 0xE1, 0x58, 0x83, 0x1D, 0x93, 0x4B, 0x8E, 0x46, 0x4A, 0x2E, 0x89, 0x4F, 0x34,
    0x9D, 0xE3, 0xC2, 0x8E, 0x37, 0x51, 0x75, 0x89, 0xB8, 0x8E, 0xA6, 0x2C, 0x6D, 0xA7, 0xE5, 0x07,
    0xEE, 0x09, 0xC6, 0x23, 0x5E, 0x48, 0x30, 0x76, 0xD9, 0xE5, 0x74, 0xE1, 0x57, 0x3C, 0x74, 0xF9,
    0xF2, 0x87, 0xDA, 0x42, 0xBF, 0x10, 0x26, 0xCD, 0xB4, 0x45, 0x58, 0xAE, 0x7F, 0x61, 0xBA, 0x0D,
    0x8D, 0x9F, 0xE0, 0x6E, 0x8A, 0x29, 0x32, 0x3B, 0xC8, 0xE6, 0xC4, 0xAE, 0x48, 0x96, 0xEC, 0x8B,
    0xC5, 0xC6, 0xFC, 0x7F, 0x80, 0x4E, 0xB9, 0x99, 0x50, 0xB2, 0x94, 0x63, 0xD7, 0xC6, 0x6B, 0x35,
    0x54, 0xBD, 0x8D, 0x7D, 0x39, 0x26, 0x8B, 0x99, 0xD9, 0x84, 0xD1, 0xEE, 0xB1, 0xD1, 0x40, 0x66,
    0x69, 0xEC, 0x8A, 0x74, 0x36, 0xA2, 0x7C, 0x36, 0x9B, 0xFB, 0xEA, 0xFE, 0x66, 0x02, 0x54, 0x3C,
    0xE7, 0xE8, 0x47, 0x9A, 0xA1, 0xDD, 0x69, 0x63, 0x9D, 0x5F, 0xCC, 0xBA, 0x5C, 0x66, 0xA6, 0x66,
    0xCF, 0xF1, 0x5F, 0x00, 0x0D, 0x3C, 0xA1, 0xA1, 0xF4, 0xDC, 0xC7, 0xDB, 0x72, 0x07, 0xBD, 0x36,
    0xDA, 0xB5, 0xEE, 0xA9, 0xAF, 0x4D, 0x06, 0x90, 0x03, 0xA4, 0x2D, 0x06, 0x02, 0x76, 0xA8, 0x8F,
    0x41, 0x27, 0xF1, 0x0B, 0x05, 0xCC, 0xCE, 0x6A, 0x1D, 0x54, 0xF9, 0xAC, 0xCE, 0xD0, 0xD7, 0x7B,
    0xC6, 0x16, 0xF1, 0xA9, 0xC2, 0x2A, 0xE8, 0x28, 0x75, 0x0A, 0xD0, 0xFD, 0x7F, 0xC6, 0x8E, 0x74,
    0x03, 0x99, 0xB6, 0xA2, 0x79, 0x1F, 0x13, 0x50, 0x64, 0x40, 0xD3, 0x06, 0xAE, 0x6B, 0x8C, 0x24,
    0x81, 0xB3, 0xA8, 0x28, 0xD3, 0x82, 0x72, 0xA8, 0x28, 0x07, 0x38, 0x03, 0xDB, 0x2A, 0x3F, 0xE6,
    0x25, 0x1D, 0xA1, 0x99, 0xB0, 0x56, 0xF2, 0x03, 0x82, 0x5A, 0xC6, 0x0F, 0x9A, 0x99, 0xDF, 0x41,
    0x74, 0xE5, 0x26, 0xB9, 0x79, 0x69, 0x9F, 0xE9, 0x9F, 0xDC, 0xB7, 0x13, 0x1E, 0xC5, 0x54, 0x76,
    0xC3, 0x7F, 0x78, 0x13, 0x83, 0x2D, 0x80, 0x5A, 0x6C, 0xAF, 0x0D, 0x91, 0x04, 0x3D, 0xCB, 0x60,
    0x91, 0x86, 0xF9, 0xB4, 0x93, 0x76, 0xF5, 0xC7, 0x18, 0xE1, 0x69, 0xD1, 0x53, 0x6C, 0xBE, 0xF3,
    0x17, 0x3A, 0x4D, 0x06, 0x14, 0x24, 0x25, 0xEA, 0xA4, 0x9E, 0xEB, 0x75, 0x8B, 0xC7, 0xA6, 0x6F,
    0x38, 0x8A, 0x89, 0x26, 0x1D, 0xD3, 0x52, 0x83, 0xE9, 0x64, 0x75, 0xE5, 0x8C, 0xCD, 0xE4, 0xFE,
    0xF7, 0x26, 0xD1, 0x44, 0x64, 0x36, 0x94, 0x68, 0xF4, 0xCB, 0x5A, 0x7A, 0x98, 0x72, 0x51, 0x57,
    0xCC, 0xF2, 0x91, 0x17, 0x2D, 0x4E, 0x46, 0xA5, 0x9A, 0x0A, 0x4D, 0xCD, 0x73, 0x12, 0xE1, 0x01,
    0x46, 0x76, 0x17, 0x15, 0xBE, 0x98, 0x48, 0x76, 0x03, 0xAF, 0x05, 0x92, 0x20, 0x4D, 0x5B, 0x10,
    0x02, 0x35, 0x5E, 0x13, 0x20, 0x7B, 0x42, 0xAE, 0x27, 0xA9, 0xE6, 0xEB, 0x60, 0x3F, 0xF6, 0x55,
    0xBC, 0x86, 0x88, 0xC5, 0xEF, 0x53, 0xA3, 0xC9, 0x49, 0x65, 0x0E, 0xA3, 0x09, 0xE6, 0x75, 0x4C,
    0x82, 0x25, 0xD2, 0x10, 0x8C, 0x0E, 0x71, 0xD3, 0x85, 0xE3, 0x64, 0xDA, 0x8A, 0x51, 0xE6, 0x5A,
    0xB9, 0xC3, 0x68, 0x65, 0xDD, 0x6E, 0xB9, 0xDA, 0x78, 0x32, 0xC3, 0xF5, 0x27, 0x5F, 0x80, 0x23,
    0x19, 0x01, 0xCA, 0x8C, 0xC0, 0x3E, 0x32, 0x3B, 0x30, 0x22, 0xD3, 0x01, 0xAA, 0xF5, 0x90, 0xCB,
    0xE7, 0xF1, 0x35, 0x62, 0x41, 0x47, 0x43, 0x47, 0xD4, 0xB6, 0x60, 0xAB, 0xE6, 0xE7, 0xAA, 0x8B,
    0x6B, 0xA6, 0x60, 0xCC, 0x32, 0xEC, 0x20, 0x4A, 0x19, 0xFC, 0x61, 0xF7, 0x0C, 0x8C, 0x20, 0x8A,
    0x9C, 0x17, 0xD9, 0x6D, 0x76, 0x43, 0xD7, 0xC3, 0xA5, 0xFB, 0xAB, 0xDE, 0x9E, 0xB1, 0x28, 0x00,
    0xCD, 0xD8, 0x19, 0x69, 0xD5, 0x6F, 0x61, 0x9D, 0xD5, 0x0B, 0x6C, 0xBD, 0xF2, 0xAD, 0xC9, 0xD8,
    0x54, 0xD4, 0x68, 0x36, 0xB7, 0x68, 0xB7, 0x1B, 0x25, 0xD2, 0x03, 0xA3, 0x8F, 0x63, 0x2D, 0x13,
    0x93, 0x63, 0x90, 0x1B, 0x34, 0x89, 0xC1, 0x7C, 0x26, 0xEC, 0xD7, 0xAC, 0xA9, 0x04, 0x00, 0xBC,
    0xF0, 0xB8, 0x9D, 0xE6, 0x56, 0x31, 0x40, 0x21, 0xB1, 0xD8, 0x85, 0x9F, 0x53, 0x8C, 0x17, 0xF0,
    0x4A, 0xEA, 0x50, 0x71, 0xEC, 0xFA, 0x7B, 0xB6, 0xC4, 0x70, 0xC6, 0x15, 0x97, 0x7B, 0x97, 0x50,
    0xB1, 0x03, 0x53, 0xF3, 0xF3, 0x25, 0xB2, 0xC5, 0x9E, 0x96, 0xE3, 0xEE, 0x5D, 0x52, 0x4A, 0xEF,
    0x86, 0xE3, 0x11, 0xBA, 0x44, 0x06, 0x90, 0xCF, 0xD7, 0x47, 0x34, 0x3B, 0xA6, 0xBE, 0xA7, 0x00,
    0xA4, 0xC5, 0x03, 0x3D, 0x03, 0x50, 0xD8, 0x8C, 0xC1, 0xE2, 0x4A, 0x65, 0xD9, 0xE8, 0x82, 0x3B,
    0xEA, 0x46, 0x73, 0x7A, 0xE9, 0x13, 0xC6, 0x7F, 0x60, 0x7B, 0x79, 0x29, 0x2F, 0x94, 0x0B, 0xB0,
    0x0A, 0xEB, 0x80, 0x27, 0x16, 0x06, 0xF9, 0xDB, 0x27, 0x86, 0x94, 0x88, 0xB3, 0x80, 0x9A, 0x8A,
    0xD5, 0xCC, 0xCE, 0x00, 0xFA, 0xE5, 0xD0, 0xD1, 0xAF, 0x63, 0xAC, 0x7A, 0xD0, 0x63, 0x36, 0x31,
    0x80, 0xCF, 0x66, 0x81, 0x16, 0xFE, 0xE5, 0x86, 0xA9, 0x33, 0x39, 0x39, 0x42, 0xF8, 0xDB, 0xD5,
    0x02, 0xFF, 0xEC, 0x56, 0xA8, 0x51, 0x87, 0x67, 0x39, 0xBF, 0x59, 0x6C, 0x14, 0xFB, 0xDA, 0x50,
    0x0E, 0xCC, 0xF4, 0x94, 0x7B, 0xD3, 0x96, 0xC3, 0xF1, 0xC4, 0x9E, 0x51, 0xCA, 0x83, 0xD1, 0x42,
    0x46, 0xCA, 0xDD, 0x78, 0x6A, 0x5C, 0x34, 0xFE, 0x02, 0x24, 0xB7, 0x37, 0x3B, 0x59, 0xFE, 0xB0,
    0x23, 0xFA, 0x13, 0xFF, 0x50, 0x50, 0x57, 0x29, 0x48, 0x8A, 0x81, 0xFF, 0x97, 0x03, 0x17, 0x23,
    0x2F, 0x9B, 0xAA, 0x19, 0x7F, 0x0D, 0x18, 0xAB, 0xDA, 0xBD, 0xEA, 0xE7, 0x06, 0xEC, 0x81, 0x39,
    0xD8, 0xCB, 0xDE, 0x00, 0xA4, 0x0C, 0xFF, 0x4D, 0x66, 0xA6, 0xED, 0x36, 0xE6, 0xC3, 0x2B, 0xEE,
    0xAF, 0x99, 0xBE, 0x2D, 0x84, 0xB0, 0x19, 0xF1, 0x94, 0x45, 0x25, 0xE6, 0x83, 0x0A, 0x8B, 0x5F,
    0x5C, 0x08, 0x04, 0x5C, 0x24, 0x24, 0xA8, 0xC9, 0x45, 0x82, 0x37, 0xC6, 0x94, 0x2C, 0x6E, 0xB0,
    0xEB, 0x8C, 0x9A, 0xCC, 0x1C, 0xA3, 0xA0, 0x21, 0x76, 0xDB, 0xB1, 0x2D, 0xD7, 0xAD, 0xD2, 0x98,
    0x53, 0xFC, 0xAA, 0x8B, 0x22, 0x21, 0xAF, 0x6E, 0xB6, 0xBB, 0xEB, 0xC3, 0x17, 0x28, 0xAB, 0x73,
    0x69, 0x4D, 0xF4, 0x1F, 0xCE, 0xE3, 0xCB, 0x77, 0xF3, 0xF0, 0xFA, 0xBF, 0xE5, 0xE7, 0x1F, 0xBA,
    0x13, 0x3D, 0xDB, 0x99, 0x1E, 0x3E, 0x4F, 0xF4, 0x68, 0x03, 0x3B, 0x3D, 0x8D, 0x6C, 0x25, 0x84,
    0xF0, 0x07, 0xED, 0x8D, 0xF2, 0xA0, 0xF5, 0xBA, 0xDF, 0x63, 0xEB, 0xC8, 0x3F, 0x0E, 0x38, 0xFC,
    0x79, 0xA0, 0xE8, 0xED, 0xDB, 0x90, 0x83, 0x41, 0x33, 0xE8, 0xF6, 0x4D, 0xF0, 0xC5, 0x6C, 0xCA,
    0x9D, 0x2E, 0xC0, 0x87, 0xA5, 0xAC, 0x85, 0x43, 0x84, 0xA1, 0x1C, 0x2B, 0x34, 0xC4, 0x2D, 0x06,
    0x06, 0x50, 0x99, 0x0B, 0xA8, 0x68, 0x83, 0xC2, 0xD0, 0x5E, 0xE5, 0x10, 0xDA, 0xFD, 0x59, 0x24,
    0xF1, 0xEF, 0xEF, 0x32, 0xE2, 0x76, 0x77, 0x3B, 0xF9, 0xB6, 0x0F, 0xF2, 0x42, 0x3F, 0xBF, 0x92,
    0xA5, 0xDC, 0xA4, 0x95, 0x24, 0xB8, 0x8D, 0xCC, 0x0C, 0x03, 0xAB, 0x55, 0xB3, 0x7D, 0xD4, 0x0B,
    0x11, 0x4A, 0x79, 0x12, 0x10, 0x69, 0x5E, 0xC3, 0x0C, 0xDF, 0x02, 0x98, 0x11, 0x2E, 0xB8, 0x41,
    0xE6, 0x6B, 0xB3, 0x25, 0xB7, 0xB5, 0x45, 0x86, 0x7D, 0xD1, 0x56, 0x86, 0x84, 0x96, 0x06, 0xF7,
    0x6F, 0xC0, 0x26, 0x6D, 0xFE, 0xA7, 0x18, 0x19, 0x48, 0xD6, 0xFF, 0xA3, 0xDD, 0x5B, 0xD5, 0x98,
    0x2D, 0x15, 0x31, 0xED, 0x7A, 0x23, 0x41, 0xA2, 0xB6, 0xCF, 0x65, 0x5B, 0x25, 0x16, 0x82, 0x21,
    0xBB, 0x48, 0xD6, 0xC2, 0xBF, 0x63, 0x9F, 0xFC, 0xDA, 0x9B, 0x5B, 0x37, 0x85, 0x1C, 0xFC, 0x06,
    0xCF, 0x98, 0x4D, 0xE5, 0x25, 0x36, 0x5A, 0x84, 0xD7, 0xD8, 0x71, 0xB0, 0x0B, 0x73, 0xA5, 0x51,
    0xAB, 0x24, 0x37, 0xE0, 0x9B, 0x72, 0x2D, 0x98, 0xB9, 0x2E, 0xF9, 0xC9, 0x6D, 0xB8, 0x45, 0x28,
    0xE6, 0x7C, 0x70, 0xBE, 0xB3, 0x84, 0xAB, 0x78, 0xD5, 0x73, 0xDD, 0xFC, 0x0F, 0x9C, 0xAA, 0x4F,
    0x39, 0x35, 0x1F, 0x53, 0x6D, 0xFD, 0x3B, 0xCA, 0xA5, 0x19, 0xE8, 0x24, 0x2B, 0xFD, 0x86, 0x99,
    0xB5, 0x97, 0xAC, 0xBC, 0x16, 0x66, 0xEC, 0xD4, 0x73, 0x32, 0x2A, 0x0D, 0x9F, 0x00, 0xA2, 0x1D,
    0xC1, 0x9F, 0x1E, 0x6B, 0xE1, 0x54, 0x30, 0x9E, 0x91, 0x2F, 0x1E, 0xA4, 0xA9, 0x63, 0xE0, 0x30,
    0x41, 0xB7, 0x24, 0x84, 0x9A, 0xE7, 0xA6, 0xA0, 0xF3, 0x89, 0xB8, 0x91, 0x5F, 0x08, 0x1C, 0x66,
    0x9A, 0x99, 0x42, 0x8B, 0x5C, 0xA2, 0xCA, 0xE5, 0xC9, 0xCD, 0xCD, 0x67, 0xF6, 0x29, 0xA0, 0x12,
    0x4B, 0x0F, 0x7C, 0x90, 0x00, 0x6C, 0x9F, 0x04, 0x94, 0xF4, 0x51, 0x46, 0x20, 0xDC, 0xA8, 0x02,
    0x85, 0xA7, 0x0B, 0xC5, 0xCE, 0x88, 0x8F, 0x14, 0xC9, 0x07, 0x21, 0xA2, 0x71, 0xCD, 0x42, 0x5E,
    0x1B, 0x3C, 0x42, 0x69, 0xEC, 0x06, 0xC4, 0x76, 0x46, 0x24, 0xD4, 0x33, 0x16, 0x5A, 0x02, 0xFE,
    0x26, 0xF2, 0x02, 0x2A, 0x69, 0x08, 0x5C, 0x8D, 0xCC, 0x31, 0xAB, 0xEB, 0x2E, 0x57, 0xC5, 0x70,
    0xB7, 0x67, 0xBD, 0x7C, 0xFD, 0x5D, 0x71, 0x9C, 0x62, 0xD2, 0x56, 0x52, 0x0B, 0x38, 0x11, 0xB1,
    0x00, 0xFD, 0x6B, 0xD6, 0x26, 0x58, 0xF9, 0xA0, 0xA7, 0x00, 0xD7, 0x7F, 0x10, 0x70, 0x54, 0xC6,
    0xB1, 0xBB, 0x2C, 0xE5, 0xC8, 0x47, 0xAC, 0x1F, 0xDC, 0x53, 0xD7, 0x9E, 0xF5, 0xE3, 0x65, 0x53,
    0xB8, 0x52, 0xCE, 0x95, 0x8B, 0x25, 0x84, 0x4D, 0xB0, 0x1A, 0xC1, 0x2A, 0xB0, 0x13, 0x79, 0x1B,
    0x22, 0x8C, 0x2D, 0x84, 0x18, 0x54, 0x97, 0x60, 0x32, 0xC1, 0x82, 0x6C, 0x27, 0x9F, 0x87, 0x00,
    0x49, 0x31, 0x29, 0x76, 0x6D, 0x79, 0x85, 0xC5, 0xEE, 0x90, 0x4A, 0x14, 0xA4, 0x62, 0xCC, 0x01,
    0xA1, 0x05, 0xB3, 0x6E, 0x6C, 0x04, 0xF4, 0x1A, 0x53, 0x41, 0x85, 0x4D, 0x84, 0xD3, 0x99, 0xEA,
    0x14, 0xA6, 0x6C, 0x96, 0xAA, 0xCD, 0x54, 0xBC, 0xFC, 0x42, 0xD5, 0xC8, 0x55, 0xA1, 0xCA, 0x27,
    0x9A, 0x72, 0x39, 0x32, 0xE2, 0x66, 0xE6, 0x8F, 0x8D, 0x80, 0x3D, 0x16, 0x03, 0x9C, 0x84, 0x03,
    0x58, 0x1F, 0x19, 0x69, 0x56, 0x63, 0xF4, 0x3E, 0x52, 0x4F, 0x55, 0xAC, 0x2A, 0x01, 0x69, 0xC3,
    0x7A, 0x13, 0xF7, 0x80, 0xBF, 0x73, 0x49, 0x2E, 0x4C, 0x8A, 0xE3, 0x43, 0x10, 0x7D, 0x8F, 0xD9,
    0x2F, 0xE5, 0xB9, 0x3C, 0x86, 0x1E, 0x14, 0x6B, 0x0A, 0x35, 0xA4, 0x60, 0xBE, 0x61, 0x0A, 0x41,
    0xB1, 0xB2, 0x86, 0x5D, 0xB6, 0x21, 0x04, 0xDD, 0x1F, 0x1E, 0x24, 0x3D, 0xEE, 0xF9, 0x28, 0xA3,
    0x38, 0x1F, 0x0A, 0x64, 0x21, 0x94, 0xD5, 0x4F, 0xA6, 0x04, 0x21, 0x57, 0x7D, 0xEF, 0x6A, 0x1D,
    0xDF, 0x62, 0x0F, 0x4E, 0x71, 0x58, 0xA4, 0x29, 0x96, 0xAD, 0x24, 0xEB, 0x63, 0xF7, 0x70, 0x6F,
    0x2B, 0xAF, 0xA6, 0x01, 0x68, 0xF5, 0xEE, 0xA9, 0x60, 0xB4, 0x5B, 0xC7, 0x06, 0xEB, 0x28, 0x65,
    0x1D, 0x1D, 0xAD, 0x23, 0x3A, 0x59, 0xC7, 0x0F, 0x0F, 0xEB, 0x98, 0x1E, 0x6B, 0x1D, 0x1D, 0x15,
    0xA1, 0xB7, 0xE5, 0xC2, 0xD4, 0x68, 0x82, 0x4F, 0x91, 0x1F, 0xAB, 0x69, 0x16, 0x0A, 0x72, 0x63,
    0x46, 0x3B, 0x00, 0x01, 0x5A, 0xC7, 0x26, 0xEB, 0x58, 0x81, 0x3B, 0x91, 0x47, 0x26, 0xEB, 0xBB,
    0x75, 0x21, 0xB5, 0xFF, 0x35, 0xCB, 0xD5, 0x5D, 0x8E, 0x64, 0x36, 0x28, 0xA8, 0x68, 0x6B, 0xC2,
    0x6C, 0x8F, 0x27, 0x53, 0x64, 0x21, 0xE4, 0xB6, 0xEA, 0x5D, 0x22, 0x37, 0x0A, 0xB3, 0xD2, 0x39,
    0x47, 0x8E, 0x83, 0x70, 0xB0, 0x1C, 0x44, 0x72, 0x0E, 0xBC, 0xF7, 0x82, 0x2C, 0x8A, 0xC8, 0x90,
    0x9D, 0x32, 0x42, 0x16, 0x26, 0x1C, 0x95, 0x94, 0xE8, 0x69, 0xA5, 0x45, 0x07, 0x39, 0x97, 0xEF,
    0x86, 0x2C, 0xE8, 0xD9, 0x04, 0x71, 0x8D, 0x70, 0x38, 0x43, 0xB8, 0x21, 0xA4, 0x6B, 0x3B, 0xBF,
    0x7D, 0xBD, 0x6B, 0x94, 0xDF, 0xB3, 0x9D, 0xE0, 0x4C, 0x76, 0x3D, 0x92, 0xFB, 0x5F, 0x76, 0x7E,
    0xE5, 0x97, 0x5D, 0x9A, 0x1C, 0x58, 0xD2, 0x20, 0x45, 0x77, 0x57, 0x6F, 0xA0, 0xEF, 0x1D, 0xB4,
    0xFD, 0x30, 0x84, 0xFC, 0x72, 0x3F, 0x93, 0x29, 0xA6, 0xAB, 0xF2, 0x55, 0xA7, 0x4C, 0x58, 0x0A,
    0x21, 0x7D, 0x90, 0xD2, 0x7F, 0x55, 0x6A, 0x7F, 0x2A, 0xB1, 0x84, 0x74, 0x69, 0x4F, 0xF6, 0x6F,
    0x6A, 0x02, 0x19, 0x03, 0x48, 0x1B, 0x4D, 0xF1, 0x2C, 0x24, 0xA9, 0x78, 0x0A, 0x80, 0x1C, 0x6B,
    0x44, 0xA8, 0x58, 0x78, 0x44, 0x5B, 0x19, 0x35, 0x39, 0x52, 0xF4, 0xF6, 0xFA, 0x7B, 0xBB, 0x66,
    0xE4, 0xAA, 0x77, 0x9A, 0x13, 0xCF, 0x61, 0x66, 0x03, 0xA8, 0x4D, 0x3D, 0xC9, 0x2D, 0x99, 0xC5,
    0xA3, 0x4C, 0x03, 0x3D, 0x97, 0xBA, 0x33, 0x88, 0xB1, 0x90, 0x9F, 0x68, 0xD7, 0x72, 0x2D, 0xFF,
    0x96, 0xB8, 0xAB, 0xEA, 0x82, 0x6F, 0x16, 0x41, 0x4F, 0x28, 0x7F, 0x7B, 0xB9, 0x78, 0xDC, 0x9D,
    0x58, 0xB8, 0xD2, 0xC3, 0x98, 0x6A, 0xE8, 0x72, 0xB6, 0x92, 0x31, 0x86, 0x9B, 0xB9, 0x4A, 0x97,
    0x29, 0x33, 0x18, 0xFA, 0xEB, 0x62, 0xE2, 0xFE, 0xBF, 0xC4, 0xA3, 0x0A, 0xBB, 0x0B, 0x61, 0x37,
    0x7C, 0x74, 0x36, 0x3F, 0x96, 0xDD, 0xDF, 0x82, 0xE9, 0x81, 0xDD, 0xCB, 0x35, 0x1F, 0x3B, 0x4B,
    0xF9, 0xCE, 0x03, 0xC7, 0x2B, 0x4A, 0x56, 0xD7, 0x7C, 0x1F, 0xEC, 0xA7, 0x19, 0xCF, 0x28, 0x45,
    0x81, 0x15, 0xF0, 0x6C, 0x0C, 0xDA, 0xA1, 0xBB, 0xF4, 0x5A, 0x93, 0xC2, 0x61, 0xD4, 0x98, 0xAB,
    0x17, 0xA3, 0x82, 0xDC, 0xEA, 0x39, 0x12, 0xA5, 0x8E, 0xC5, 0x2C, 0xA3, 0x0E, 0x91, 0xC4, 0x73,
    0xB0, 0x08, 0xB1, 0xC4, 0xBF, 0x82, 0x65, 0xB6, 0x11, 0xFF, 0xD7, 0x26, 0xBB, 0x0B, 0x54, 0x10,
    0xA1, 0xE1, 0x84, 0xC0, 0xC2, 0xFC, 0x57, 0x35, 0x78, 0xBB, 0xC1, 0x62, 0xBD, 0xEE, 0x23, 0x6F,
    0x3B, 0xB2, 0x7D, 0x20, 0x7C, 0x4A, 0xD6, 0x64, 0xB1, 0x3F, 0x56, 0x94, 0xE6, 0xF9, 0xCF, 0x96,
    0x88, 0x51, 0x76, 0x5C, 0xE0, 0xE5, 0x96, 0x7C, 0xCA, 0x20, 0x8E, 0x68, 0xAD, 0x06, 0xBC, 0x99,
    0xA2, 0xB5, 0xE9, 0x75, 0xB6, 0xB4, 0xD1, 0xA7, 0xD9, 0x4E, 0x6D, 0x2F, 0x36, 0xDA, 0x66, 0x3D,
    0xFD, 0x9A, 0x31, 0x18, 0xE5, 0x6B, 0x29, 0xDC, 0x14, 0x22, 0x9E, 0x6E, 0x0C, 0x31, 0x8F, 0x5E,
    0xCA, 0x27, 0x54, 0x85, 0x93, 0xA9, 0x7B, 0xD5, 0xD6, 0x0A, 0x26, 0x6B, 0xA6, 0xB5, 0x4C, 0x07,
    0xED, 0x92, 0xDF, 0x85, 0xF9, 0x37, 0x17, 0x99, 0xFA, 0xC7, 0xB3, 0x4C, 0xFD, 0xE3, 0x45, 0x08,
    0xF4, 0xCE, 0x1A, 0x10, 0x68, 0x0B, 0x08, 0xA4, 0xA0, 0xC8, 0x1B, 0x58, 0x66, 0x33, 0x0B, 0x02,
    0xAD, 0x09, 0xC6, 0x6E, 0x41, 0x89, 0x90, 0x65, 0xA1, 0x41, 0x08, 0x54, 0x8C, 0x42, 0xA0, 0x7C,
    0x32, 0x52, 0xED, 0xD2, 0x0C, 0xF5, 0x1C, 0xA4, 0x5A, 0xB3, 0x10, 0x28, 0x59, 0x9A, 0x30, 0x0B,
    0x81, 0xA2, 0x2D, 0x20, 0x90, 0x0F, 0x08, 0xE4, 0x03, 0xF2, 0x74, 0x61, 0xAE, 0x02, 0x02, 0x55,
    0xEB, 0x57, 0x47, 0x54, 0xF2, 0x19, 0x1B, 0x13, 0x07, 0xF8, 0x8C, 0x6E, 0x90, 0xCF, 0x98, 0xE8,
    0x33, 0x8C, 0xD7, 0x8C, 0x23, 0x2E, 0x54, 0xA2, 0x6C, 0xA6, 0xCF, 0xB0, 0x74, 0x44, 0x55, 0x27,
    0x2A, 0x6B, 0xBA, 0x34, 0x9A, 0xA8, 0xAE, 0x61, 0xCA, 0x66, 0xAA, 0x2D, 0x25, 0x8E, 0x55, 0x94,
    0x0B, 0x4E, 0xFC, 0xAE, 0x1A, 0xE8, 0x33, 0x3A, 0xA6, 0xCF, 0x4E, 0x76, 0x66, 0x3E, 0x03, 0x41,
    0x2C, 0x72, 0x64, 0xB0, 0x10, 0x49, 0xF2, 0xF0, 0x84, 0x79, 0x85, 0x6C, 0x54, 0xC9, 0xF8, 0x9E,
    0x14, 0x66, 0xFA, 0x50, 0xB5, 0x26, 0x4E, 0x32, 0xC7, 0x27, 0x3B, 0x3F, 0x5E, 0x12, 0xE0, 0x56,
    0x0A, 0x70, 0xBB, 0x10, 0x84, 0xD7, 0x10, 0x65, 0x88, 0x73, 0x9B, 0x55, 0x7E, 0x21, 0xB8, 0x87,
    0x96, 0xD1, 0xC8, 0x67, 0x5F, 0xCB, 0x85, 0x8F, 0x5F, 0xED, 0xC2, 0x83, 0x67, 0x7D, 0x7B, 0x4F,
    0xD4, 0xA3, 0x3D, 0xBB, 0x0C, 0xC5, 0x27, 0x55, 0x9F, 0xDE, 0x45, 0x02, 0x19, 0x92, 0x2A, 0xFA,
    0x09, 0x82, 0x23, 0xCE, 0xC4, 0x56, 0xC9, 0x41, 0xE0, 0x9F, 0x4B, 0x0E, 0x14, 0x47, 0x22, 0x71,
    0x24, 0x12, 0x47, 0x22, 0x71, 0x24, 0x27, 0x71, 0x7C, 0xDF, 0x6E, 0xB0, 0xA9, 0xB3, 0xDB, 0x61,
    0x89, 0xA6, 0x75, 0xF8, 0x6B, 0x2A, 0x30, 0x95, 0x73, 0x35, 0x40, 0xAB, 0x36, 0x56, 0x0D, 0x6D,
    0xC3, 0x6D, 0xC5, 0x6A, 0x33, 0xF7, 0x67, 0x28, 0x89, 0xC3, 0x32, 0xC4, 0xF8, 0x7E, 0x7C, 0x12,
    0x52, 0x53, 0x30, 0xC6, 0x88, 0xBE, 0x18, 0x75, 0x10, 0x47, 0x75, 0x87, 0x0F, 0x69, 0xBF, 0x97,
    0x01, 0x20, 0xA3, 0xFA, 0x4E, 0x12, 0xF2, 0x9D, 0xC8, 0x68, 0xCF, 0x45, 0xA6, 0x07, 0x32, 0x8A,
    0x83, 0xAB, 0xC7, 0x2D, 0x88, 0x97, 0x15, 0x3D, 0xE3, 0x19, 0x46, 0x5B, 0xA9, 0xA2, 0x37, 0x36,
    0x55, 0xB0, 0xC8, 0x06, 0x1A, 0xC0, 0xD2, 0x6A, 0x60, 0x0A, 0xC6, 0x5A, 0x4D, 0x2D, 0xE3, 0x09,
    0x34, 0x80, 0xA7, 0x37, 0xFF, 0x7E, 0x14, 0x91, 0x0B, 0x6E, 0xA0, 0xC3, 0x61, 0x6B, 0x84, 0x78,
    0x86, 0xF6, 0x51, 0x32, 0xCC, 0xFE, 0x5E, 0x28, 0x0C, 0xA6, 0x27, 0x18, 0x4E, 0x42, 0x4D, 0x40,
    0xB5, 0x1C, 0x85, 0x4C, 0x2C, 0x05, 0x64, 0x2A, 0x1F, 0x77, 0xFC, 0x23, 0x14, 0x15, 0x32, 0xA5,
    0xA2, 0x2A, 0x59, 0x08, 0x9C, 0xCB, 0x00, 0xD7, 0x4F, 0x90, 0xF5, 0x8D, 0x62, 0x0A, 0x25, 0x03,
    0xE7, 0x96, 0x7A, 0xA6, 0x42, 0x0A, 0x6B, 0x26, 0xD2, 0x56, 0x87, 0x3C, 0x43, 0x27, 0xCE, 0x3A,
    0x70, 0x0E, 0x31, 0xCF, 0x77, 0xE6, 0x59, 0xE6, 0x93, 0x67, 0xF9, 0x16, 0xAE, 0xEC, 0x97, 0x47,
    0x84, 0x99, 0x48, 0x5A, 0xE9, 0x72, 0x4E, 0x64, 0xF2, 0x8B, 0x12, 0x99, 0x1D, 0x80, 0x42, 0x88,
    0x16, 0x22, 0x34, 0x05, 0x68, 0xC3, 0x9E, 0xCF, 0x28, 0x3C, 0x0B, 0x51, 0x59, 0x98, 0x14, 0x9B,
    0xED, 0xA1, 0x19, 0x28, 0x8A, 0xFC, 0x1E, 0x90, 0x55, 0x8A, 0xC7, 0x18, 0x96, 0xB1, 0x46, 0x8C,
    0x87, 0x77, 0xD7, 0x44, 0xCB, 0xEE, 0x25, 0xAF, 0x47, 0xE1, 0x69, 0x0F, 0xF5, 0xCE, 0x78, 0x1C,
    0xF4, 0x7B, 0xAF, 0x63, 0x5C, 0xE2, 0x50, 0x27, 0x86, 0xAB, 0x68, 0xD8, 0x30, 0xE6, 0x63, 0xB9,
    0x2F, 0xD1, 0x83, 0xD2, 0x55, 0x7A, 0xB7, 0x70, 0x2A, 0xE9, 0x89, 0xB0, 0x26, 0xA6, 0x4E, 0x09,
    0x13, 0x32, 0x90, 0x89, 0xAA, 0x27, 0x1F, 0x40, 0xED, 0x54, 0x6C, 0x01, 0x20, 0xCC, 0x58, 0x92,
    0xC3, 0x44, 0x1A, 0x67, 0x66, 0xB9, 0xA9, 0x18, 0x64, 0x1E, 0x91, 0x51, 0xE1, 0x92, 0x29, 0x24,
    0x24, 0x13, 0x12, 0x61, 0x41, 0x2C, 0x2C, 0x88, 0x57, 0xD5, 0x79, 0xB7, 0x20, 0x5C, 0x55, 0xDC,
    0x55, 0xBC, 0x70, 0x2A, 0x65, 0x38, 0x1F, 0xCA, 0x1C, 0x43, 0x90, 0x12, 0x34, 0x36, 0x07, 0x78,
    0x70, 0xBF, 0x74, 0x39, 0x30, 0x0C, 0xF8, 0x20, 0x62, 0xD2, 0xC8, 0x73, 0xAA, 0x80, 0xDB, 0x28,
    0x79, 0xE1, 0x28, 0xD9, 0x22, 0x29, 0x86, 0xFD, 0xBD, 0xDB, 0x1A, 0xED, 0x3E, 0x5E, 0x1A, 0xF0,
    0x14, 0xB5, 0xDB, 0x86, 0x1C, 0xE8, 0xD3, 0x4B, 0x83, 0x3D, 0x41, 0x4C, 0x0D, 0x63, 0xA3, 0xA1,
    0x18, 0x2A, 0x7A, 0xE3, 0xC1, 0x74, 0x9A, 0x11, 0xE0, 0x50, 0xB5, 0x15, 0xB6, 0x68, 0xAE, 0xC1,
    0x55, 0x60, 0x4A, 0x39, 0x98, 0xAC, 0x68, 0x61, 0xFF, 0x69, 0x4B, 0xD0, 0x5E, 0x3F, 0xB1, 0x37,
    0x50, 0xBE, 0xF2, 0xB7, 0xB6, 0x16, 0x58, 0x58, 0x9A, 0x23, 0xAE, 0xC0, 0xA5, 0xF2, 0x85, 0xAD,
    0xD5, 0xB0, 0x0A, 0x06, 0x12, 0x21, 0x46, 0x66, 0xB0, 0xB5, 0xCA, 0x71, 0x20, 0xDA, 0x15, 0x5B,
    0x70, 0x83, 0xCC, 0x49, 0x96, 0xFD, 0xCD, 0x7C, 0x24, 0x73, 0xF4, 0x3B, 0xBD, 0x3E, 0xA2, 0xEC,
    0x47, 0x4A, 0x4E, 0xF5, 0x34, 0x29, 0x01, 0x4B, 0x18, 0x8B, 0x6C, 0xA3, 0x93, 0x3B, 0x8A, 0x82,
    0xE5, 0xFE, 0x58, 0x8C, 0xEE, 0x7E, 0xB7, 0x84, 0x04, 0x34, 0xA4, 0x58, 0xA1, 0x0A, 0x99, 0x87,
    0x74, 0x31, 0x5F, 0x43, 0x89, 0x69, 0xDD, 0x8B, 0x90, 0x9C, 0x02, 0x0C, 0xA0, 0x05, 0x42, 0x35,
    0x29, 0x49, 0xD1, 0x35, 0x13, 0x85, 0x6A, 0x0F, 0xA1, 0x8C, 0x71, 0x26, 0xB8, 0xA8, 0x1E, 0x4C,
    0xA3, 0xA8, 0x2E, 0xAA, 0xC1, 0x87, 0x00, 0x85, 0xA7, 0x65, 0x5D, 0xAF, 0x12, 0x1E, 0xD8, 0x3B,
    0x0B, 0x47, 0x94, 0x93, 0xB4, 0x2C, 0x5C, 0xC8, 0x2C, 0x74, 0x5E, 0xC7, 0xC2, 0x05, 0x9A, 0x2A,
    0x18, 0x6C, 0x44, 0xAA, 0x9A, 0x41, 0x0B, 0x12, 0x9E, 0x41, 0xA0, 0x96, 0x57, 0xCA, 0x94, 0x1A,
    0x65, 0x37, 0xCA, 0xF8, 0xDE, 0x22, 0xCD, 0xCD, 0xCF, 0x54, 0x02, 0x7B, 0x31, 0x9D, 0xF6, 0x59,
    0xA8, 0xDE, 0x91, 0x6B, 0x57, 0xD9, 0x23, 0xD2, 0xF6, 0x47, 0xE7, 0xDB, 0x2C, 0x39, 0x6D, 0x34,
    0x40, 0xBF, 0x2A, 0x87, 0x0F, 0xAC, 0xD6, 0x44, 0x79, 0xA8, 0x16, 0xEA, 0x24, 0xAC, 0xFD, 0xE0,
    0x30, 0x7C, 0xA5, 0xF3, 0xC2, 0x9D, 0xB6, 0x70, 0x97, 0xFF, 0xEE, 0xBE, 0x0A, 0x27, 0x76, 0xA7,
    0x86, 0x9F, 0xD9, 0x85, 0x64, 0x73, 0xFF, 0x89, 0xBD, 0x0F, 0xAD, 0x1E, 0x09, 0x2C, 0x92, 0x27,
    0x6B, 0xD9, 0x91, 0xBD, 0xF1, 0x30, 0x8D, 0x03, 0xCF, 0xD3, 0xD4, 0x0D, 0xD4, 0xEF, 0xE7, 0xDD,
    0xAC, 0xEF, 0x37, 0xEE, 0x4E, 0x21, 0x77, 0xDB, 0x3B, 0x1A, 0x78, 0x8A, 0x16, 0x1F, 0x09, 0x62,
    0x32, 0xBB, 0x87, 0xAB, 0x4F, 0x2F, 0x5D, 0xBD, 0xDD, 0xEB, 0xD5, 0x9D, 0x82, 0xAE, 0x70, 0x1E,
    0x5C, 0xF6, 0xD7, 0x56, 0x08, 0x2C, 0x88, 0xE5, 0xF9, 0x9C, 0xBD, 0xF3, 0xA2, 0xA9, 0xAF, 0x17,
    0x16, 0xE1, 0x42, 0x1C, 0xC4, 0x27, 0xA1, 0x88, 0xC3, 0x93, 0xE3, 0xBD, 0x3D, 0x43, 0x87, 0x23,
    0xA2, 0x80, 0x17, 0x4E, 0xD7, 0x0B, 0xE3, 0x55, 0x56, 0x70, 0xE5, 0x51, 0xD8, 0xDF, 0xA6, 0x06,
    0xAD, 0x07, 0xFB, 0x63, 0xB3, 0x15, 0x9B, 0x3A, 0xEE, 0xB3, 0x10, 0xFB, 0x63, 0x4B, 0xD5, 0x23,
    0x59, 0x18, 0xDD, 0x63, 0xE1, 0xFC, 0xE5, 0x2C, 0xAC, 0xFC, 0x78, 0xE6, 0xD1, 0xBE, 0x4A, 0x1B,
    0xB4, 0x0E, 0xC9, 0x12, 0xF3, 0x23, 0x97, 0xA3, 0x2C, 0x5C, 0xFD, 0x7A, 0x61, 0x91, 0x44, 0x71,
    0x3F, 0x4E, 0x80, 0x71, 0x98, 0x55, 0xA2, 0x31, 0x28, 0x47, 0x57, 0x52, 0x76, 0x31, 0x76, 0x31,
    0x64, 0x53, 0x6B, 0x02, 0x35, 0xA7, 0xBE, 0x0E, 0x7F, 0x6E, 0x94, 0x36, 0xE6, 0x53, 0xF2, 0x11,
    0x1B, 0x0D, 0xA9, 0xF1, 0x80, 0x6C, 0xED, 0xE2, 0xBA, 0xCF, 0x0A, 0x78, 0x4C, 0x5B, 0xEF, 0x03,
    0xDD, 0x7D, 0xEC, 0x20, 0xFA, 0x87, 0xC5, 0xDD, 0x04, 0x05, 0x9C, 0x2D, 0x44, 0x78, 0xEB, 0x52,
    0xE0, 0xA4, 0x06, 0xFD, 0x3B, 0x53, 0x87, 0xF4, 0x9B, 0x40, 0xCE, 0xEA, 0x90, 0xEF, 0x53, 0x3F,
    0x34, 0x9B, 0x2D, 0x6A, 0xC1, 0xDC, 0xD3, 0x3E, 0xF3, 0xB3, 0xF1, 0xEC, 0xED, 0xFA, 0xEA, 0xDB,
    0xC7, 0xEB, 0xD1, 0x6E, 0xD9, 0xDF, 0xF7, 0xEA, 0xA1, 0x07, 0xE3, 0xC7, 0xD8, 0x7E, 0x57, 0x41,
    0xC7, 0x15, 0xC0, 0xFA, 0xCF, 0x33, 0xCF, 0x04, 0xDD, 0xB7, 0x80, 0xA6, 0xA6, 0x4F, 0x8E, 0x73,
    0x3C, 0x1B, 0x71, 0xD4, 0x3E, 0xA4, 0xEC, 0xFF, 0xC9, 0xA6, 0xDD, 0x71, 0x9F, 0x47, 0x39, 0x6F,
    0x1E, 0xD3, 0xC1, 0xAB, 0x2C, 0xF4, 0xA4, 0xFC, 0xB3, 0x6A, 0xD0, 0x06, 0xD1, 0xE5, 0x08, 0xF9,
    0x3E, 0x8C, 0xD5, 0x06, 0xF1, 0x3A, 0x7D, 0x70, 0x37, 0x87, 0x4A, 0xAB, 0xED, 0x79, 0x8A, 0xFD,
    0xF0, 0x74, 0xB6, 0x9B, 0x52, 0x78, 0xC5, 0xF8, 0x56, 0xC5, 0x90, 0xEB, 0x19, 0xC8, 0x9D, 0x02,
    0xCB, 0x83, 0x21, 0x38, 0xF3, 0xB2, 0x46, 0xA1, 0xBE, 0x2F, 0xD0, 0x2F, 0x90, 0x81, 0x99, 0x2A,
    0x47, 0xDC, 0x84, 0xCE, 0x35, 0x75, 0xAE, 0xE8, 0x58, 0x3C, 0x9B, 0xEE, 0x07, 0x43, 0x07, 0xDB,
    0x8C, 0x12, 0x63, 0x5B, 0xE9, 0x21, 0x62, 0xE3, 0x4D, 0x85, 0xA6, 0x9E, 0xAE, 0x6B, 0x71, 0xBE,
    0xCB, 0xB2, 0x78, 0xAA, 0xA3, 0x41, 0xFA, 0x4E, 0x0B, 0x4C, 0x8C, 0x3E, 0x13, 0xA5, 0x11, 0x18,
    0x2F, 0xA1, 0x5B, 0x48, 0x40, 0xEC, 0xF9, 0x40, 0xCF, 0x07, 0x2A, 0x58, 0xB0, 0x6B, 0x14, 0xA5,
    0xE0, 0x18, 0xCF, 0x36, 0x3C, 0xA2, 0x74, 0x62, 0xA3, 0x91, 0xFA, 0x1C, 0x25, 0xDC, 0x0D, 0x24,
    0xA8, 0xAD, 0x2C, 0xE2, 0x81, 0x9A, 0x8A, 0x84, 0x9D, 0x62, 0xE6, 0xE1, 0x29, 0x99, 0x6A, 0x62,
    0xC9, 0xC5, 0xE9, 0x21, 0x1C, 0x3F, 0xE3, 0x40, 0x9A, 0xC7, 0x96, 0xC4, 0x2E, 0x41, 0xD7, 0x3E,
    0x3E, 0x38, 0x70, 0x57, 0x97, 0x4E, 0xE8, 0xC1, 0x9C, 0xE0, 0x1F, 0x74, 0xC4, 0x9E, 0x2A, 0x31,
    0xEB, 0x88, 0x90, 0x0C, 0x9E, 0x83, 0x9F, 0xC3, 0x69, 0xEB, 0x85, 0x2D, 0x0C, 0xAC, 0xA3, 0x8C,
    0xA7, 0x96, 0x13, 0x9E, 0x00, 0xF4, 0x15, 0x32, 0x0F, 0xAF, 0x50, 0x7F, 0xEF, 0xED, 0x8A, 0xEF,
    0x75, 0xB0, 0xDC, 0xE9, 0x5E, 0x39, 0xB5, 0x8A, 0x9D, 0x96, 0x3A, 0x3A, 0x58, 0x2C, 0x53, 0x58,
    0x1D, 0x6B, 0x8E, 0x1F, 0x2D, 0xE0, 0xC0, 0x1F, 0x4C, 0x85, 0x4C, 0x37, 0x79, 0xAE, 0xEF, 0x27,
    0xE6, 0xED, 0x8C, 0x2C, 0x2B, 0x06, 0x96, 0x16, 0x57, 0x42, 0x8B, 0x06, 0x40, 0x97, 0x74, 0xB3,
    0x94, 0x56, 0xB6, 0x99, 0x46, 0xD8, 0x20, 0xC2, 0x1A, 0xBB, 0x31, 0x61, 0xFC, 0x0D, 0xF1, 0x6E,
    0xBB, 0xD6, 0x97, 0x7E, 0xC3, 0x19, 0x88, 0xFF, 0x64, 0xB9, 0xDF, 0x2B, 0x60, 0xB7, 0xDF, 0x30,
    0x67, 0x67, 0xB8, 0xE3, 0xCA, 0xCF, 0x6F, 0x42, 0xDD, 0x9C, 0xDE, 0x60, 0xDE, 0xCF, 0xC7, 0xBF,
    0x8E, 0xCD, 0xFD, 0x08, 0x38, 0xD4, 0x95, 0x8C, 0xFE, 0x3B, 0x2C, 0xE4, 0xD7, 0x9B, 0x60, 0x73,
    0x35, 0x72, 0xC5, 0xAE, 0xE6, 0x61, 0x52, 0x0D, 0x32, 0x3A, 0x8D, 0xE4, 0x9C, 0x27, 0xEF, 0x74,
    0x24, 0xC3, 0x72, 0x5A, 0x84, 0xE3, 0x39, 0x30, 0xD8, 0x1E, 0x08, 0x6C, 0xEA, 0xC1, 0xE4, 0x4A,
    0x63, 0xCB, 0xC6, 0x46, 0x8E, 0xC4, 0x0D, 0x80, 0x1D, 0xA8, 0x4B, 0x18, 0xA5, 0xEA, 0x95, 0x4C,
    0xE7, 0xE3, 0x9A, 0x1C, 0x16, 0xD3, 0xE2, 0xB8, 0x97, 0x4D, 0x9A, 0x6A, 0xE9, 0xB5, 0x47, 0xC4,
    0x3C, 0x20, 0xC2, 0x6B, 0x06, 0x19, 0xD9, 0xDE, 0x07, 0x6C, 0xAB, 0xD9, 0x73, 0x4B, 0xF5, 0x01,
    0x73, 0x67, 0xD9, 0x70, 0x9C, 0x5A, 0x5E, 0xF6, 0x77, 0xD9, 0x97, 0x9C, 0xE2, 0xDE, 0x73, 0x80,
    0xDB, 0xDE, 0xDE, 0xF5, 0x4D, 0x1D, 0xE0, 0xE1, 0x20, 0xA8, 0x37, 0xDD, 0x1D, 0x50, 0x88, 0xB6,
    0x7D, 0x4D, 0x86, 0x8B, 0xFE, 0xB2, 0xFB, 0x81, 0xCD, 0xBD, 0x5A, 0x6A, 0xED, 0xB9, 0x5B, 0x8D,
    0xA2, 0x41, 0x3D, 0x11, 0x46, 0x47, 0x11, 0x98, 0x26, 0x44, 0x6B, 0x42, 0x63, 0xCF, 0xA9, 0xE5,
    0x2C, 0x84, 0x2C, 0x2A, 0x42, 0xF2, 0x18, 0x96, 0x63, 0x46, 0x67, 0x98, 0xFB, 0x8E, 0x07, 0xBB,
    0x3C, 0x14, 0x9A, 0x4A, 0x6A, 0xBE, 0x3A, 0x29, 0xB3, 0xF9, 0x40, 0xD8, 0x16, 0x99, 0x93, 0x3D,
    0xD0, 0xAB, 0x53, 0xB6, 0x65, 0x2B, 0x45, 0xB0, 0xB1, 0xF6, 0xDA, 0x6A, 0x4D, 0xD1, 0xC4, 0x87,
    0x68, 0x50, 0x60, 0xFA, 0x0A, 0xB9, 0xDC, 0xBB, 0xAF, 0x45, 0x0A, 0xD1, 0x29, 0x08, 0x7E, 0x16,
    0xFB, 0xDB, 0x08, 0xC7, 0xD8, 0xCF, 0x4A, 0x3F, 0xE7, 0xA0, 0x74, 0xB3, 0x9C, 0x56, 0x26, 0xBC,
    0x1A, 0xE5, 0x6F, 0x22, 0x49, 0x1E, 0x22, 0x74, 0xC4, 0xF4, 0xD8, 0x3B, 0x42, 0x73, 0x9E, 0x43,
    0x20, 0x34, 0xEF, 0x43, 0x69, 0x5E, 0x6F, 0x48, 0xB4, 0x89, 0x0B, 0x6E, 0xAC, 0xA9, 0x8D, 0x92,
    0x98, 0x4A, 0x9B, 0x4F, 0xA1, 0x7E, 0x76, 0x7D, 0x33, 0x52, 0xB4, 0x1B, 0x28, 0xB4, 0xEB, 0x11,
    0xA0, 0xC2, 0xB3, 0xE1, 0xFA, 0xBD, 0x42, 0xC6, 0x37, 0x63, 0xD0, 0x61, 0x7B, 0x93, 0xB2, 0xEE,
    0x6C, 0x28, 0x97, 0x51, 0x87, 0x4B, 0x95, 0xF0, 0x9F, 0x01, 0x36, 0x41, 0x39, 0x9E, 0xEE, 0xBF,
    0xC4, 0x88, 0x9A, 0x96, 0x46, 0xD4, 0xE2, 0xB9, 0xCD, 0x6E, 0x44, 0xF3, 0xE3, 0x8C, 0x68, 0xD9,
    0x8D, 0xA8, 0xC7, 0xD3, 0x65, 0x44, 0xCD, 0xD9, 0x88, 0xEE, 0xBB, 0xAC, 0xDB, 0xA7, 0x73, 0xC6,
    0x86, 0x42, 0x94, 0xF4, 0x08, 0xC8, 0x2C, 0x47, 0x00, 0x8E, 0x3D, 0x9B, 0xC8, 0xFC, 0x3E, 0x20,
    0x9F, 0x8B, 0x57, 0x7A, 0x06, 0x54, 0x6B, 0x67, 0xD6, 0x01, 0xD1, 0xD4, 0x31, 0x94, 0x9F, 0xA7,
    0x6C, 0x5A, 0xDF, 0x80, 0x2B, 0x40, 0x31, 0x14, 0x5F, 0xD2, 0x11, 0xAD, 0x72, 0xD9, 0xA7, 0x3C,
    0xEF, 0x7A, 0xA1, 0xBE, 0xAA, 0xDB, 0x86, 0x4D, 0x1C, 0x06, 0xC3, 0x25, 0xF9, 0x55, 0x0E, 0x81,
    0x62, 0x30, 0xB1, 0x06, 0x4F, 0x1B, 0x9A, 0x52, 0x77, 0xB8, 0x9F, 0xD3, 0x88, 0x14, 0x1D, 0x3B,
    0x89, 0xD9, 0x1B, 0x89, 0xEA, 0x46, 0xD7, 0x27, 0x5F, 0xAC, 0x99, 0xAF, 0x93, 0xFF, 0x65, 0x78,
    0x3E, 0x35, 0x1E, 0x36, 0x9E, 0xF1, 0xAA, 0xAB, 0x71, 0xBC, 0xDC, 0x44, 0x00, 0xA6, 0x39, 0x7D,
    0x65, 0x7E, 0xF8, 0xCA, 0x7F, 0xEB, 0x7C, 0x1D, 0x7C, 0x25, 0x93, 0xAF, 0x72, 0xF7, 0x95, 0xC9,
    0xB7, 0xF7, 0x95, 0x03, 0x6C, 0xEA, 0x45, 0x0F, 0x5F, 0x09, 0x32, 0x5E, 0xBF, 0x3D, 0x13, 0xA3,
    0xA6, 0xD1, 0x66, 0xF8, 0xBB, 0x23, 0x8D, 0x53, 0xFF, 0x47, 0xEA, 0xF7, 0xB3, 0xB7, 0x0F, 0xCD,
    0x09, 0x3C, 0xB3, 0xC4, 0x72, 0x33, 0x10, 0x30, 0xF8, 0xB7, 0x55, 0x6A, 0xAC, 0x9C, 0xB0, 0x18,
    0x25, 0xB4, 0x40, 0x95, 0x02, 0x3E, 0xE3, 0x31, 0x9E, 0xAA, 0x53, 0xC6, 0x02, 0x50, 0xF7, 0x6A,
    0xA2, 0xEF, 0x33, 0xB3, 0x9E, 0x91, 0xFF, 0x57, 0xC2, 0x6E, 0x7C, 0x2D, 0x40, 0x17, 0x31, 0x0D,
    0x47, 0xE4, 0x31, 0x0B, 0x6B, 0x65, 0x38, 0x28, 0x81, 0xA3, 0xA5, 0x0B, 0x69, 0x14, 0xF2, 0x3E,
    0x61, 0xE3, 0x53, 0xAF, 0x72, 0x11, 0x30, 0xD9, 0xB3, 0x55, 0x7B, 0x0D, 0x7D, 0x8B, 0x37, 0xBF,
    0x70, 0xF7, 0xF1, 0xA0, 0xC3, 0xA9, 0xF5, 0x6A, 0x81, 0xCE, 0xAB, 0x71, 0xFA, 0xB8, 0x0F, 0xAA,
    0x0B, 0x10, 0x2C, 0x88, 0x22, 0x87, 0x89, 0xC8, 0x4C, 0x93, 0x79, 0xEF, 0x5A, 0xDF, 0xB0, 0x4E,
    0xC4, 0x58, 0x23, 0x5E, 0x82, 0x81, 0xCA, 0x3A, 0x61, 0x2E, 0x73, 0x30, 0xDF, 0xAA, 0x0F, 0xDE,
    0x26, 0xE7, 0x68, 0x81, 0xB1, 0x3D, 0x02, 0x5A, 0x5D, 0x53, 0x74, 0xAD, 0xB0, 0x03, 0x02, 0xA8,
    0x36, 0xA8, 0xB2, 0xED, 0xC9, 0x34, 0x35, 0xF5, 0x73, 0xB5, 0xD7, 0x53, 0x2B, 0xE4, 0xAE, 0xB0,
    0x34, 0x55, 0xCA, 0xD9, 0x82, 0x5F, 0xA2, 0x8E, 0x57, 0xA2, 0x84, 0x58, 0x18, 0x0C, 0x59, 0x5A,
    0xC0, 0x67, 0xE3, 0xC4, 0x60, 0xE4, 0xCE, 0x4C, 0xA3, 0xB2, 0x23, 0x32, 0x4E, 0x11, 0x19, 0x27,
    0x68, 0xEB, 0x48, 0xBE, 0x98, 0x43, 0x30, 0xCF, 0xE2, 0x5D, 0xAC, 0x13, 0x91, 0x3A, 0x14, 0xC7,
    0x04, 0xAE, 0xE8, 0xDA, 0x8B, 0x3D, 0xEB, 0x49, 0xA6, 0xAA, 0xB4, 0x9F, 0x36, 0xF5, 0xA8, 0xEE,
    0x5B, 0x18, 0xCB, 0x33, 0x88, 0xAA, 0x2F, 0x5E, 0xD4, 0x38, 0x79, 0xE8, 0xAB, 0xA7, 0x2D, 0x39,
    0xD7, 0x14, 0xAD, 0xED, 0xA4, 0xEC, 0xD7, 0x02, 0x49, 0x41, 0xF9, 0xD1, 0x52, 0xFC, 0x33, 0xCA,
    0x1B, 0x1F, 0xCF, 0xF9, 0xBF, 0xE0, 0x7F, 0x86, 0x7C, 0x3C, 0xE5, 0xFF, 0x01, 0x54, 0xF8, 0xCD,
    0x98, 0xE3, 0x34, 0xA5, 0x78, 0xDE, 0xE7, 0xCF, 0x79, 0xE0, 0xD2, 0xF2, 0x1C, 0x02, 0x76, 0xC0,
    0x4A, 0xC4, 0xA6, 0x84, 0x93, 0xCD, 0x64, 0xD2, 0x8A, 0xD0, 0x03, 0x22, 0x05, 0x41, 0x66, 0xB1,
    0xB7, 0x37, 0x03, 0xC1, 0x42, 0x55, 0x29, 0x65, 0xF3, 0x3E, 0x6D, 0x04, 0xC5, 0x80, 0x4D, 0xAD,
    0x7B, 0x5E, 0x19, 0x7A, 0xF3, 0xBE, 0x5A, 0x08, 0xF7, 0x1C, 0xBE, 0x3E, 0x55, 0x2A, 0xF2, 0x3B,
    0x49, 0xB6, 0xEA, 0x48, 0x21, 0x3B, 0xCB, 0x17, 0x9A, 0x4A, 0xA9, 0xA6, 0xD3, 0xAE, 0x2F, 0xC6,
    0xA3, 0xE3, 0x03, 0x01, 0xF8, 0xCC, 0x03, 0x30, 0xE2, 0xE7, 0x28, 0x37, 0x0A, 0xF9, 0xEC, 0x40,
    0x6D, 0x23, 0xB9, 0xC3, 0x37, 0xAC, 0xF6, 0x96, 0x6C, 0x4D, 0x2D, 0xE8, 0x22, 0x28, 0x2B, 0x1B,
    0x73, 0xF6, 0xCB, 0xCB, 0x80, 0x50, 0x23, 0xC8, 0x26, 0x1E, 0xD4, 0x4C, 0xAC, 0xF4, 0xFE, 0x37,
    0x5D, 0x33, 0x3B, 0x71, 0x92, 0x3F, 0xAA, 0x23, 0x78, 0x3A, 0x4A, 0xAE, 0x71, 0x68, 0xF2, 0xA9,
    0x8F, 0xAA, 0x66, 0xF4, 0xA0, 0x03, 0xFC, 0x29, 0x93, 0x03, 0xFD, 0x8F, 0x0B, 0x1F, 0xA2, 0xD4,
    0xFD, 0x5C, 0xAC, 0x67, 0x3E, 0x46, 0x80, 0x56, 0xAF, 0xE4, 0xA9, 0x11, 0x4F, 0xFD, 0x41, 0x0F,
    0xFA, 0xF3, 0xBE, 0xC9, 0xC7, 0x0D, 0x1F, 0xD5, 0x71, 0xF4, 0xA1, 0x23, 0xA9, 0x40, 0x21, 0x0A,
    0x91, 0xE6, 0x42, 0x09, 0x26, 0xCB, 0x23, 0x02, 0x5F, 0xF6, 0x96, 0xB2, 0x70, 0x5B, 0x86, 0x7A,
    0x6F, 0xA5, 0x8E, 0x1B, 0xC5, 0xCE, 0x8F, 0x8C, 0xA1, 0x11, 0x55, 0x94, 0x6C, 0x8D, 0xA8, 0x79,
    0xBA, 0xBA, 0xBD, 0xFA, 0x87, 0x65, 0xA3, 0x98, 0xED, 0xCC, 0x17, 0xD5, 0x78, 0x1E, 0x43, 0xEB,
    0xF1, 0x3B, 0x28, 0xAE, 0x82, 0xB2, 0xA0, 0xBD, 0xD1, 0xD0, 0x0D, 0x62, 0x7A, 0x19, 0xAD, 0xE5,
    0x69, 0x29, 0x76, 0x27, 0xF0, 0xD8, 0xC6, 0x52, 0xE2, 0x00, 0xCE, 0x40, 0xC8, 0x5F, 0x95, 0x08,
    0x3F, 0x1A, 0x96, 0xC0, 0xDF, 0xEC, 0xFC, 0xE5, 0x07, 0x46, 0x61, 0xFB, 0xFF, 0xE5, 0x5B, 0x3D,
    0xB3, 0xED, 0xD6, 0x59, 0x5E, 0x92, 0x92, 0x23, 0xC7, 0x9A, 0x41, 0x94, 0xE0, 0x3B, 0x20, 0x17,
    0xA9, 0x3C, 0x13, 0xD4, 0x52, 0x04, 0x4B, 0x21, 0x45, 0x8A, 0x34, 0xAE, 0xA1, 0x20, 0x25, 0x63,
    0x8A, 0xFB, 0x07, 0xC0, 0x12, 0x61, 0x86, 0x86, 0x82, 0x53, 0xF0, 0x03, 0x28, 0x9C, 0x19, 0x92,
    0xC6, 0x0D, 0xE5, 0xF5, 0x91, 0x3C, 0x2E, 0x53, 0x44, 0xA9, 0x52, 0x46, 0x0C, 0x19, 0x1A, 0x8A,
    0x2B, 0x62, 0x0D, 0x91, 0x1D, 0x6D, 0x2D, 0x9E, 0xE7, 0x79, 0x97, 0xF6, 0xDE, 0xE7, 0xDE, 0x7D,
    0x8E, 0x6F, 0x18, 0x26, 0x3E, 0x1C, 0xEF, 0xD9, 0x7B, 0x2D, 0x6D, 0x7D, 0xAC, 0xF5, 0x7E, 0xAD,
    0xF7, 0x6B, 0xBD, 0x72, 0x45, 0xEF, 0xAA, 0xC9, 0x35, 0x13, 0x5B, 0x1C, 0x1F, 0x3F, 0xDF, 0x74,
    0xEE, 0x99, 0x73, 0x2B, 0xBF, 0xD1, 0xE2, 0xE2, 0xC5, 0x25, 0xB3, 0x4B, 0x26, 0x97, 0x4E, 0x2E,
    0x9B, 0x5C, 0x8E, 0xEF, 0xE8, 0xCA, 0xC1, 0x95, 0x78, 0x5A, 0xDF, 0xA6, 0x75, 0x5D, 0xED, 0xBC,
    0xE3, 0xD7, 0xB9, 0x64, 0x60, 0xD3, 0x87, 0x26, 0xF6, 0x8B, 0x73, 0xA5, 0xF7, 0xAD, 0xF3, 0xDE,
    0x4F, 0x89, 0xFF, 0xF9, 0xD3, 0x39, 0x3B, 0xE4, 0xE9, 0x9A, 0xCF, 0x45, 0xDC, 0x96, 0xE3, 0x1F,
    0x39, 0x0C, 0xF0, 0x27, 0x0E, 0x43, 0x60, 0xCE, 0xAE, 0xFE, 0x6B, 0x8E, 0xF1, 0x8C, 0xCD, 0xC2,
    0x66, 0x66, 0x33, 0xA1, 0x89, 0xD8, 0xFC, 0xE9, 0x88, 0x5B, 0x3E, 0x1E, 0xCB, 0xBA, 0xFA, 0x64,
    0xF0, 0x3D, 0xC6, 0xF4, 0x2E, 0xF3, 0x1E, 0x20, 0x7A, 0x8F, 0x29, 0xF3, 0x5F, 0x60, 0xC6, 0x9C,
    0x00, 0x14, 0x6C, 0x7E, 0xDF, 0x30, 0x79, 0xE3, 0x7D, 0xB6, 0xA9, 0xF7, 0x84, 0x07, 0x8F, 0x60,
    0x58, 0xE7, 0xB7, 0xEE, 0x40, 0xC0, 0xDA, 0x18, 0xF0, 0x26, 0x38, 0x04, 0x70, 0x29, 0x90, 0x7D,
    0xDB, 0xB9, 0x6C, 0xD6, 0x53, 0xC0, 0xF2, 0xBC, 0x0B, 0x27, 0x17, 0x75, 0xC9, 0x7A, 0xD6, 0xC5,
    0x00, 0x02, 0x03, 0x24, 0x9E, 0x70, 0x38, 0x17, 0x6D, 0x36, 0xAB, 0xBF, 0xD5, 0xD9, 0xC9, 0xF8,
    0x70, 0xFE, 0x78, 0x18, 0x3A, 0x10, 0xFD, 0x3D, 0xBB, 0xC3, 0x6F, 0x75, 0x54, 0x13, 0xCA, 0x0D,
    0x10, 0x55, 0x18, 0x93, 0xDD, 0xF5, 0x13, 0xEF, 0x6B, 0xF7, 0xBB, 0x40, 0xE5, 0xDA, 0xB9, 0xAF,
    0xE3, 0xB6, 0xD7, 0x3E, 0x4C, 0xFD, 0x58, 0x55, 0x9D, 0xDF, 0xD6, 0x9C, 0x34, 0x4D, 0x7D, 0xDD,
    0x8D, 0xF9, 0x0C, 0xBE, 0x14, 0x83, 0x4B, 0x16, 0x70, 0x25, 0x5E, 0xAB, 0x16, 0xBC, 0xAB, 0xEA,
    0x63, 0xC3, 0xBF, 0xBA, 0x00, 0xCE, 0x25, 0x0B, 0x6E, 0x2E, 0xF0, 0xD8, 0xB7, 0xF0, 0x18, 0x06,
    0x98, 0xAB, 0xC6, 0x1F, 0x0E, 0xCF, 0xAE, 0x30, 0xE8, 0x9B, 0x1C, 0x5E, 0x10, 0x16, 0x0B, 0x09,
    0x03, 0xB9, 0x88, 0x09, 0x3D, 0xA8, 0xE7, 0x09, 0x9F, 0x50, 0x4A, 0x71, 0xA1, 0x6B, 0x5D, 0x0E,
    0x72, 0x34, 0x92, 0x1F, 0x8A, 0x40, 0x07, 0x44, 0xCA, 0x21, 0x02, 0xA4, 0xAE, 0x18, 0x13, 0x3E,
    0x93, 0x4F, 0xF9, 0x2A, 0xE2, 0x95, 0x44, 0x35, 0x5D, 0x1A, 0x49, 0xC4, 0xCA, 0x3B, 0x40, 0x2F,
    0xD1, 0x24, 0x12, 0xD1, 0xD0, 0x91, 0xC0, 0x99, 0xD1, 0x90, 0x10, 0x89, 0xD0, 0xBA, 0x71, 0xA7,
    0x61, 0xA4, 0x8E, 0x24, 0x99, 0xAC, 0x1B, 0x9D, 0xB1, 0xEE, 0x44, 0xD1, 0x74, 0x3D, 0xE3, 0xD2,
    0x76, 0xFE, 0x39, 0x8A, 0xF5, 0x8B, 0x67, 0xA3, 0x1F, 0xEA, 0x74, 0xA3, 0xD1, 0x62, 0x63, 0x61,
    0xEA, 0x9F, 0x73, 0x2E, 0x90, 0x48, 0xB8, 0x0C, 0x22, 0x79, 0x69, 0x6C, 0x2A, 0x07, 0xEB, 0x8C,
    0x77, 0xB9, 0x4D, 0x9F, 0x81, 0x49, 0xF8, 0x74, 0x1A, 0x24, 0xB5, 0x41, 0xCA, 0x39, 0xE7, 0x20,
    0x4D, 0x9F, 0x50, 0xEE, 0x70, 0xD8, 0xE1, 0x91, 0x83, 0x9E, 0x8C, 0x0E, 0x1A, 0x9C, 0x92, 0x02,
    0xB9, 0x22, 0xC1, 0x28, 0x0A, 0x10, 0x60, 0x2C, 0x2B, 0xD7, 0x2C, 0xA4, 0xA5, 0x2B, 0x7C, 0xCC,
    0xC9, 0x13, 0xC9, 0x16, 0x2E, 0x6A, 0x68, 0x57, 0x1A, 0x22, 0xE9, 0x39, 0x45, 0x8E, 0x32, 0xD6,
    0xE1, 0xF7, 0xC4, 0xFE, 0xF9, 0x56, 0x62, 0xD8, 0x8C, 0xC5, 0x6A, 0x32, 0x1F, 0xA8, 0x2B, 0x1C,
    0xBA, 0xC3, 0x69, 0x95, 0xBB, 0xCA, 0xE5, 0x7D, 0xD7, 0x57, 0x23, 0x7F, 0x3C, 0x3E, 0x5D, 0xB9,
    0x32, 0x06, 0x81, 0x34, 0x24, 0xB8, 0xE4, 0x9B, 0x27, 0x0A, 0x5F, 0x3F, 0xE1, 0x38, 0xCD, 0xE8,
    0xC4, 0x78, 0x4E, 0x97, 0xAD, 0xC6, 0x01, 0x4C, 0x0A, 0xFD, 0x00, 0xDE, 0x35, 0x2E, 0x1F, 0x30,
    0x5D, 0x5D, 0xB6, 0x45, 0x5F, 0x8C, 0xD5, 0x90, 0xF7, 0x58, 0xB1, 0x6D, 0xD6, 0x66, 0x43, 0x25,
    0x30, 0x53, 0xCC, 0xC5, 0xC1, 0x92, 0xF1, 0x6D, 0xEB, 0xA7, 0xB7, 0x49, 0x1B, 0xF5, 0xF6, 0x7F,
    0xBF, 0xBE, 0xDF, 0xAF, 0xE7, 0xEB, 0x6C, 0x28, 0xFA, 0x72, 0x2C, 0x31, 0x9E, 0xC6, 0x6F, 0xCB,
    0x36, 0x9D, 0x22, 0xCD, 0x67, 0xF3, 0x1F, 0x4C, 0x66, 0x28, 0x00, 0x15, 0xE0, 0x83, 0x56, 0x83,
    0x30, 0x5D, 0x0B, 0xDE, 0x1D, 0xFE, 0x1D, 0x9F, 0x80, 0x5F, 0xE4, 0xC7, 0xCC, 0x2F, 0xC5, 0x47,
    0x6B, 0xE4, 0x3E, 0xC4, 0xF3, 0xB1, 0x5F, 0x4B, 0xBF, 0x76, 0xF1, 0xBA, 0x26, 0xCB, 0x56, 0xCC,
    0x9D, 0x9F, 0xCB, 0xFF, 0x9E, 0x48, 0x68, 0x0C, 0x91, 0x1C, 0x28, 0xFD, 0xF9, 0x42, 0x29, 0xAB,
    0xB8, 0xDA, 0x1C, 0x89, 0x76, 0xE7, 0xC5, 0xAA, 0x2F, 0x26, 0xCA, 0x0B, 0x99, 0x9A, 0x4F, 0xE9,
    0x42, 0x66, 0x13, 0xCA, 0x64, 0x25, 0x6F, 0xA0, 0x0A, 0xC4, 0x28, 0xD7, 0xD4, 0xE4, 0x1C, 0x59,
    0x5E, 0xF5, 0x41, 0xB8, 0xC8, 0x6E, 0x7C, 0xFA, 0xF3, 0xD6, 0x1D, 0x45, 0xF0, 0x37, 0x6D, 0xDF,
    0x68, 0xFF, 0xF7, 0x3C, 0x2D, 0xFC, 0x22, 0x9E, 0x16, 0xE0, 0x25, 0x79, 0x8A, 0xBE, 0x17, 0x4F,
    0xFB, 0x66, 0x24, 0x4F, 0x8B, 0x3E, 0x1F, 0xC9, 0xD3, 0xA2, 0xCF, 0x46, 0xF2, 0x94, 0xFF, 0xC9,
    0xD3, 0xE2, 0x23, 0xC8, 0x3D, 0x78, 0x89, 0xFB, 0x9D, 0xF5, 0x8B, 0x78, 0x5A, 0x7C, 0xBC, 0x8A,
    0xA7, 0xC5, 0x47, 0x9B, 0x78, 0x5A, 0xF4, 0x9D, 0x78, 0x5A, 0xF4, 0x55, 0x4F, 0x9E, 0xE2, 0xF9,
    0x89, 0x3C, 0x7D, 0xBD, 0x8D, 0xFF, 0xF9, 0x45, 0x9E, 0xAE, 0xAF, 0xCC, 0x53, 0x67, 0x32, 0xDF,
    0x57, 0xF6, 0x6B, 0xC5, 0xE6, 0x36, 0xF3, 0x40, 0x63, 0xAD, 0xFE, 0x76, 0x6B, 0x5C, 0xF5, 0x37,
    0xFA, 0x56, 0xF8, 0xFE, 0x74, 0xC3, 0x49, 0x5C, 0x8A, 0x78, 0x5B, 0x25, 0x7D, 0xF3, 0xF9, 0x6D,
    0x23, 0xBD, 0x7C, 0xDE, 0xBE, 0xDA, 0xB3, 0xA7, 0xCF, 0x85, 0x11, 0x9E, 0x6C, 0xD4, 0x20, 0x7D,
    0x74, 0x80, 0xF2, 0x9C, 0x60, 0x69, 0xDF, 0xC1, 0x8F, 0xCB, 0x09, 0x64, 0x37, 0x23, 0xD1, 0x40,
    0x6A, 0xA8, 0x1D, 0xA9, 0x24, 0x5A, 0x69, 0xBE, 0xF2, 0xB3, 0x1F, 0x71, 0xA4, 0xBA, 0x03, 0x99,
    0x5D, 0xB9, 0x50, 0x7F, 0xB9, 0x74, 0x6E, 0xFA, 0xAC, 0xE7, 0x42, 0x0E, 0xBF, 0xAF, 0x62, 0x01,
    0x95, 0x24, 0xDE, 0x21, 0xE8, 0x08, 0xC2, 0x52, 0xD5, 0x40, 0xDE, 0x01, 0x7B, 0xD0, 0x72, 0xC5,
    0x73, 0x98, 0xE2, 0x6B, 0xBA, 0xE2, 0x6B, 0x68, 0x6E, 0x88, 0x2F, 0xCD, 0x45, 0x26, 0x55, 0x85,
    0xF9, 0x30, 0x2D, 0x5A, 0xB0, 0x83, 0xA6, 0x63, 0x75, 0xB2, 0x31, 0x94, 0xAE, 0x74, 0xA6, 0xE0,
    0xE2, 0x36, 0xB4, 0xB8, 0x01, 0xCF, 0xE0, 0x06, 0x08, 0x34, 0xDA, 0x4E, 0xE2, 0xE7, 0xD5, 0x6E,
    0x32, 0x0F, 0x1B, 0xC1, 0x8E, 0xC5, 0x4D, 0xB4, 0x58, 0x35, 0x98, 0x28, 0xF1, 0xFC, 0x42, 0xFC,
    0x52, 0xFF, 0x6B, 0xE8, 0x7C, 0x9A, 0xF2, 0x66, 0xCE, 0x9E, 0xFB, 0xB1, 0x9C, 0xF2, 0x7F, 0xFB,
    0x01, 0x15, 0xAC, 0xD4, 0x5E, 0x31, 0x9C, 0xC4, 0xB9, 0x3A, 0x6F, 0xDB, 0xA0, 0x0E, 0x49, 0x3F,
    0x92, 0xB1, 0x8E, 0x48, 0x4B, 0x9C, 0x58, 0x01, 0x1A, 0x19, 0x0B, 0xA0, 0xFC, 0x02, 0xD0, 0x1A,
    0x3F, 0x13, 0x28, 0x3F, 0xA1, 0x85, 0xAC, 0x60, 0x40, 0xB4, 0x04, 0x10, 0x16, 0x8F, 0xED, 0x50,
    0x71, 0x80, 0x1E, 0x04, 0xA8, 0x7C, 0xDF, 0x50, 0xC2, 0xDA, 0x8E, 0xF6, 0xA0, 0x96, 0x0E, 0x97,
    0x2E, 0xEA, 0xA4, 0xA1, 0x7C, 0x44, 0xA1, 0xDC, 0xC8, 0x08, 0x77, 0xA0, 0x80, 0x46, 0xD0, 0x14,
    0x64, 0x0C, 0x26, 0x04, 0x6D, 0xA8, 0xC8, 0x13, 0x4E, 0x08, 0xDA, 0x10, 0xF6, 0x6C, 0xB2, 0x96,
    0x18, 0xE4, 0x23, 0x31, 0xC8, 0x47, 0xA9, 0x77, 0x4E, 0x08, 0x8C, 0xC4, 0x0B, 0x4E, 0x08, 0x5C,
    0x8C, 0x37, 0x9C, 0xB0, 0x6C, 0xBB, 0xC1, 0x8F, 0xDD, 0x50, 0xB6, 0x0E, 0xE6, 0x78, 0xA2, 0x3B,
    0x95, 0x81, 0x11, 0xA4, 0x26, 0x00, 0x74, 0xDD, 0xE6, 0x1A, 0x2A, 0x98, 0xC8, 0x57, 0x1B, 0xB8,
    0xBA, 0xBA, 0x35, 0x5A, 0xE3, 0x25, 0x99, 0x29, 0x36, 0xE9, 0x98, 0x8D, 0x39, 0xF5, 0x63, 0x6F,
    0x16, 0x62, 0x22, 0x31, 0x30, 0x9D, 0xDF, 0x59, 0x0E, 0x6C, 0x2A, 0x38, 0x1B, 0xF6, 0xA3, 0x96,
    0xAD, 0x7E, 0x06, 0xBE, 0xE2, 0xBE, 0x98, 0x52, 0xEC, 0x29, 0x5A, 0x70, 0xC2, 0x4C, 0x1F, 0x15,
    0xE3, 0x65, 0x05, 0x46, 0x2E, 0x82, 0x02, 0x5E, 0x26, 0x08, 0x6E, 0x5F, 0xB2, 0xD1, 0x14, 0xE5,
    0xAB, 0x64, 0x72, 0x32, 0xAF, 0x80, 0x16, 0x12, 0x4A, 0xA3, 0xD7, 0xC5, 0xFA, 0xC2, 0x45, 0x4C,
    0x4E, 0x61, 0x8A, 0xCD, 0x0A, 0x52, 0x3A, 0x29, 0x3C, 0xAB, 0xF1, 0x76, 0x95, 0xA8, 0x82, 0xD6,
    0xD2, 0x95, 0x8B, 0x54, 0x41, 0x32, 0x4B, 0xF6, 0xB1, 0x2C, 0x48, 0xCD, 0x44, 0xF2, 0x06, 0x2D,
    0x62, 0xDA, 0x6A, 0x94, 0x6F, 0x95, 0xF7, 0x00, 0x13, 0x34, 0x87, 0x1A, 0xE1, 0x5C, 0x3D, 0x08,
    0xDE, 0x4D, 0xAF, 0xD7, 0x4D, 0x1D, 0xD3, 0x7E, 0xD2, 0x57, 0x1C, 0x38, 0x54, 0xF9, 0x93, 0x9E,
    0x73, 0x76, 0x20, 0x52, 0x3E, 0xC6, 0x6B, 0x01, 0x17, 0xAB, 0xCF, 0xA0, 0x78, 0x30, 0x67, 0x39,
    0x54, 0x35, 0xE6, 0x84, 0xDA, 0x58, 0x71, 0x23, 0x64, 0x4A, 0xCC, 0x74, 0x37, 0x66, 0xF8, 0x0F,
    0x26, 0x72, 0xAB, 0x7B, 0x97, 0xD4, 0xFD, 0x17, 0x5B, 0x63, 0xDE, 0xD6, 0x23, 0xA9, 0x58, 0x3B,
    0xC9, 0x9D, 0xC9, 0x6D, 0x65, 0xA8, 0x34, 0xA4, 0x27, 0x47, 0x90, 0x14, 0x1D, 0x4C, 0xAB, 0xAD,
    0xE6, 0xFD, 0x81, 0x33, 0xB8, 0x31, 0x32, 0x93, 0x0F, 0x34, 0x89, 0x4A, 0x32, 0x47, 0x87, 0xC8,
    0x0F, 0x60, 0x26, 0x7C, 0xBB, 0x35, 0x99, 0xF2, 0xA9, 0xFA, 0xE9, 0x01, 0xCA, 0x12, 0x6A, 0xF6,
    0x86, 0x62, 0xF2, 0x1A, 0x5D, 0x45, 0x2F, 0x98, 0x62, 0x1B, 0x8A, 0xAC, 0x81, 0x10, 0x12, 0x50,
    0x8C, 0x5A, 0x8A, 0x75, 0x04, 0x29, 0x32, 0x67, 0x2D, 0x37, 0xF2, 0x75, 0x03, 0x71, 0xA6, 0x5F,
    0x06, 0xE0, 0xB0, 0xD2, 0x26, 0x2E, 0x5A, 0xEA, 0xCD, 0x86, 0xEE, 0xD2, 0xBB, 0x52, 0x1E, 0x84,
    0x31, 0x9B, 0x03, 0x36, 0xD0, 0xCA, 0x06, 0x25, 0x90, 0x24, 0x98, 0x4E, 0x74, 0x02, 0xB8, 0x5D,
    0xD0, 0x23, 0x8B, 0x94, 0xB3, 0xAB, 0x76, 0xEB, 0xEF, 0x05, 0x02, 0x11, 0x37, 0x43, 0x56, 0x89,
    0x5A, 0x94, 0x33, 0xEF, 0xA2, 0x77, 0xA0, 0x79, 0xC1, 0xA3, 0x6C, 0x81, 0x2D, 0x00, 0xC0, 0xE5,
    0x9C, 0x78, 0x4A, 0x16, 0xD5, 0x39, 0x40, 0x8E, 0xA4, 0xBF, 0x9B, 0x36, 0xFD, 0xD5, 0x28, 0xAB,
    0x58, 0xFC, 0x78, 0x94, 0x74, 0x34, 0x24, 0x70, 0x36, 0x47, 0xAB, 0x94, 0xD9, 0x88, 0x45, 0x15,
    0x04, 0x93, 0x58, 0x76, 0x75, 0x29, 0xDF, 0xDF, 0xD8, 0x65, 0x40, 0x54, 0xC1, 0xAF, 0x6E, 0x9C,
    0xC1, 0x0C, 0x92, 0xBD, 0x45, 0x96, 0xFD, 0xA5, 0xB3, 0x93, 0x72, 0x64, 0xCF, 0x9B, 0xC6, 0xBD,
    0xF4, 0x11, 0x59, 0x93, 0x63, 0x23, 0xDF, 0x5F, 0x98, 0x55, 0x03, 0x75, 0x82, 0xBC, 0x33, 0x3E,
    0xBE, 0x50, 0xF5, 0xF4, 0xC1, 0x0B, 0xAC, 0xA6, 0x5D, 0x2D, 0x81, 0xDB, 0x71, 0xDD, 0x51, 0x14,
    0xE8, 0x22, 0x4F, 0x74, 0x90, 0xC7, 0xEA, 0xD3, 0x2B, 0xDF, 0x17, 0xA6, 0x9B, 0xF8, 0x5C, 0x13,
    0x5C, 0xDB, 0x6B, 0x73, 0x5F, 0xE7, 0x73, 0x2F, 0x36, 0x04, 0x0B, 0x3B, 0x64, 0xE7, 0x41, 0xD9,
    0x8B, 0x9F, 0xCA, 0xDC, 0x50, 0xB9, 0x77, 0x2E, 0x32, 0xA7, 0x39, 0xB1, 0x2E, 0x33, 0xC7, 0x3A,
    0xFF, 0x44, 0x5D, 0xF5, 0xEF, 0xEA, 0x9A, 0x8F, 0xCD, 0x9B, 0xFC, 0xFE, 0x26, 0x6F, 0x57, 0x8E,
    0x7D, 0x72, 0x88, 0x82, 0xBD, 0xDF, 0x9D, 0x5E, 0x1B, 0x98, 0x10, 0x02, 0x76, 0x76, 0xD0, 0x0C,
    0x40, 0x85, 0x0E, 0x4E, 0xD7, 0x4B, 0x82, 0x70, 0x9E, 0x9E, 0x3D, 0xBA, 0xC2, 0xBC, 0x13, 0x45,
    0x2A, 0x03, 0x14, 0xAC, 0xFC, 0x72, 0x6A, 0x92, 0x72, 0x8A, 0xA5, 0xCA, 0x26, 0xB9, 0xE8, 0x85,
    0x45, 0x02, 0x88, 0x4F, 0x44, 0xCC, 0x99, 0x96, 0x5C, 0xE1, 0x03, 0xE1, 0xA8, 0xCF, 0xF1, 0x6C,
    0x82, 0xE2, 0xAA, 0xCF, 0x1C, 0xFA, 0x7C, 0x78, 0xDC, 0x24, 0x48, 0x8C, 0x10, 0x85, 0x31, 0xBE,
    0xB3, 0xF8, 0xE8, 0x40, 0x69, 0xE3, 0x53, 0xD3, 0x63, 0xC6, 0x1D, 0x8B, 0xF7, 0x1B, 0x02, 0x77,
    0xF4, 0x72, 0x44, 0xE5, 0xC0, 0x55, 0x7F, 0x2F, 0x24, 0xDE, 0x73, 0xE5, 0xF8, 0x98, 0x71, 0x87,
    0xB5, 0x92, 0xD2, 0x90, 0x51, 0x64, 0xD4, 0x70, 0x76, 0xF2, 0xDE, 0xCF, 0x63, 0x90, 0xF9, 0xC2,
    0x74, 0x9E, 0x05, 0xA3, 0xD1, 0x41, 0xCA, 0x2E, 0x9E, 0x0A, 0x89, 0xFE, 0x94, 0xD7, 0xFA, 0x57,
    0xD6, 0x92, 0x10, 0x7F, 0x76, 0xE7, 0x2B, 0x20, 0x5D, 0x5E, 0x40, 0x3A, 0xF2, 0xD1, 0x83, 0xD0,
    0x75, 0x4A, 0x71, 0xF8, 0xC0, 0xE0, 0xE2, 0xEC, 0xB8, 0xF1, 0x21, 0xA3, 0xB1, 0xE7, 0x42, 0x5C,
    0x70, 0x6D, 0x4F, 0xC2, 0x90, 0x9F, 0x1D, 0x57, 0xCF, 0x4F, 0xC7, 0xFE, 0xE9, 0x71, 0x95, 0x04,
    0xA5, 0x61, 0xB7, 0x2F, 0xD5, 0xD1, 0x72, 0x54, 0xE3, 0xE9, 0x18, 0xFE, 0xED, 0x7E, 0x0C, 0xDF,
    0xBB, 0x0B, 0x11, 0x94, 0x68, 0x12, 0x92, 0x0D, 0xCC, 0x51, 0x84, 0x6C, 0x96, 0xA8, 0xE0, 0x77,
    0xBB, 0x08, 0xCF, 0x7D, 0x8F, 0xAF, 0xD2, 0x6D, 0xCF, 0x66, 0x31, 0x51, 0x74, 0x34, 0x5D, 0xC2,
    0x23, 0x1C, 0xCB, 0x17, 0x5F, 0xF7, 0x99, 0xF6, 0x9C, 0x8E, 0x91, 0x22, 0x9F, 0x4F, 0x92, 0xBC,
    0x2B, 0x38, 0x99, 0xD2, 0x69, 0x07, 0xCC, 0xED, 0xE4, 0xCE, 0x43, 0x0A, 0x43, 0x99, 0xB0, 0x29,
    0xA4, 0x80, 0xCC, 0x3C, 0xBC, 0xF1, 0x4F, 0xEE, 0x94, 0xD7, 0xB0, 0x09, 0x52, 0xFF, 0x19, 0x11,
    0x2A, 0x0E, 0x38, 0xAA, 0x15, 0xD0, 0x32, 0x71, 0xC5, 0xF8, 0xAC, 0x57, 0x4A, 0xEA, 0x1B, 0x0A,
    0x24, 0xDD, 0x11, 0x82, 0x90, 0xC8, 0x09, 0x64, 0xAB, 0xCE, 0x6D, 0x10, 0xE5, 0xE0, 0x3C, 0x0B,
    0x75, 0x4F, 0x17, 0xEE, 0xEC, 0xFA, 0xE3, 0x60, 0x70, 0xD9, 0x85, 0xDB, 0xE2, 0x98, 0x82, 0xC1,
    0x61, 0xCE, 0xE0, 0xA4, 0x67, 0xDA, 0x4B, 0x7E, 0x56, 0x67, 0xE4, 0x28, 0x2C, 0x3C, 0x75, 0x37,
    0xE6, 0x08, 0xEC, 0xD8, 0xD7, 0xD6, 0xD9, 0x70, 0x99, 0x60, 0xFB, 0x8A, 0xD9, 0xC7, 0xCA, 0xAE,
    0x3D, 0x09, 0xB4, 0x74, 0xDF, 0xB3, 0xEE, 0xB6, 0xE7, 0xD0, 0x19, 0x54, 0x21, 0x65, 0x95, 0xDD,
    0xA9, 0x44, 0x33, 0x93, 0xE4, 0x3C, 0x10, 0xDA, 0xBA, 0xC2, 0x80, 0x08, 0xAA, 0xF7, 0x36, 0x61,
    0xEE, 0xA5, 0xCF, 0x31, 0x75, 0xB1, 0x1A, 0xEF, 0x57, 0xCB, 0x8D, 0x2E, 0xF7, 0x66, 0xE9, 0xF6,
    0x85, 0x11, 0xD8, 0x11, 0xF8, 0xFF, 0x02, 0x0C, 0xA1, 0x53, 0x6C, 0xB7, 0x77, 0x8D, 0x75, 0x12,
    0xB4, 0xF6, 0x3C, 0x9F, 0x1A, 0x38, 0x6A, 0xBC, 0x08, 0xF2, 0x9A, 0xCD, 0x8F, 0x9B, 0x04, 0xD1,
    0x9E, 0x87, 0x0C, 0x77, 0xF5, 0x5A, 0x7E, 0x1A, 0x29, 0x5B, 0x8E, 0x6B, 0xF3, 0x51, 0xE2, 0x9E,
    0x8E, 0xB1, 0xCC, 0xA6, 0x42, 0xD3, 0xBD, 0x0B, 0x27, 0xEF, 0xF9, 0x3C, 0x0A, 0xDC, 0xDF, 0x3C,
    0x2E, 0x7D, 0xFD, 0x65, 0x2A, 0xD1, 0xDC, 0xE8, 0xF4, 0xE5, 0x25, 0xAF, 0x50, 0xAF, 0xA0, 0x8D,
    0x29, 0xB5, 0x57, 0x22, 0xEC, 0x84, 0x94, 0x50, 0x12, 0x42, 0x42, 0xC7, 0xEF, 0xE3, 0xC9, 0x54,
    0x06, 0x5F, 0xE1, 0x56, 0x40, 0x24, 0x2C, 0xB2, 0x65, 0x07, 0x5D, 0x80, 0xAB, 0x51, 0xC4, 0x25,
    0xC8, 0x6F, 0x8F, 0xDE, 0x50, 0xCB, 0x75, 0x54, 0xDA, 0x47, 0x81, 0xE5, 0x74, 0x72, 0x74, 0x84,
    0x2F, 0x6F, 0x92, 0x81, 0x4E, 0xE7, 0x87, 0x0D, 0xB8, 0x16, 0x5A, 0xC6, 0xE9, 0xB8, 0xC8, 0xB4,
    0xC4, 0x2E, 0x2D, 0xB0, 0x87, 0x04, 0x73, 0x3A, 0x45, 0x0B, 0x44, 0x0D, 0xC3, 0xAA, 0xD1, 0xDF,
    0x4B, 0x9F, 0x07, 0x45, 0x67, 0xBF, 0xA7, 0x6D, 0xCD, 0x25, 0x89, 0x43, 0x0E, 0x1C, 0xF3, 0x3C,
    0xA1, 0x17, 0xC4, 0x59, 0xAA, 0xC5, 0x7A, 0xDA, 0x73, 0xCE, 0x45, 0xF3, 0xCE, 0x5E, 0xA9, 0xA8,
    0xD9, 0x40, 0xD4, 0xA4, 0x3E, 0x08, 0x99, 0x0F, 0x53, 0x7B, 0x22, 0xC8, 0x3C, 0xA4, 0xA5, 0x0D,
    0xF6, 0x3E, 0x32, 0x97, 0x4F, 0x08, 0x11, 0xD9, 0x24, 0x24, 0x9E, 0x93, 0xF5, 0x98, 0x10, 0xDF,
    0xBD, 0xC6, 0x28, 0xB8, 0x8D, 0xC2, 0x9D, 0x6E, 0xE2, 0xC1, 0x8C, 0x36, 0x6F, 0x2D, 0x0F, 0xC2,
    0xFF, 0xCF, 0xE9, 0xC4, 0x65, 0x21, 0x37, 0x9C, 0x05, 0xE7, 0x07, 0x24, 0xFE, 0x74, 0xF7, 0x9F,
    0x16, 0xF7, 0xAF, 0x96, 0xA7, 0xFE, 0xBB, 0x35, 0xF8, 0x4D, 0xB6, 0x6B, 0x25, 0xFC, 0x98, 0x12,
    0xEA, 0xDA, 0xFB, 0xB4, 0x97, 0xF2, 0x86, 0x18, 0xB0, 0x37, 0x07, 0x95, 0x3D, 0x1E, 0x28, 0xC8,
    0x38, 0xCF, 0xFD, 0x43, 0xCB, 0xE2, 0x57, 0x3F, 0x0F, 0xFD, 0x8F, 0x0D, 0xE8, 0xEA, 0xE3, 0x45,
    0x40, 0x37, 0xCC, 0xC3, 0x73, 0x0F, 0xEF, 0xFB, 0x96, 0x8F, 0xF2, 0xF5, 0x16, 0xF0, 0xF4, 0xA2,
    0x21, 0xB3, 0x7A, 0xE8, 0x23, 0xA6, 0x03, 0x81, 0x2F, 0x1E, 0xA9, 0x98, 0x52, 0xC3, 0x23, 0xE5,
    0x50, 0x28, 0x13, 0x5C, 0x8C, 0xA0, 0x65, 0xCA, 0xBC, 0x30, 0x38, 0x99, 0x31, 0xE9, 0x46, 0x70,
    0x16, 0xE0, 0x65, 0xB9, 0xE0, 0x64, 0x6D, 0x42, 0x4F, 0xB0, 0x26, 0x7A, 0xF1, 0xB5, 0xC8, 0x2F,
    0x3D, 0x36, 0x84, 0x9E, 0x50, 0x87, 0xBE, 0x32, 0x57, 0xDB, 0xD2, 0xD4, 0xB6, 0xCB, 0x89, 0xCF,
    0x87, 0xA7, 0xAD, 0xAD, 0x93, 0x0E, 0x0E, 0xE9, 0x80, 0xE4, 0x52, 0x9C, 0x74, 0xD1, 0x25, 0xDC,
    0xE8, 0x12, 0x96, 0x1B, 0x8E, 0x20, 0x65, 0xDC, 0x41, 0xEE, 0x2D, 0xDD, 0xBF, 0xEF, 0x52, 0x66,
    0x66, 0x3A, 0x24, 0x35, 0xD9, 0x62, 0x9B, 0x95, 0xAB, 0x24, 0x14, 0x9D, 0xED, 0x59, 0x6A, 0x0D,
    0xA4, 0xAB, 0x98, 0x12, 0xBA, 0x6C, 0xD1, 0x72, 0xC8, 0x67, 0xEB, 0x26, 0x75, 0xC5, 0xA4, 0x6B,
    0xD5, 0xA8, 0xAE, 0x31, 0x5F, 0xDB, 0xB7, 0x96, 0x39, 0x92, 0x6F, 0xC2, 0x4C, 0x2E, 0xE5, 0x64,
    0xA6, 0x87, 0xCA, 0xBC, 0x64, 0x4C, 0x97, 0xB0, 0x3E, 0xBA, 0x84, 0x59, 0x70, 0x09, 0xFF, 0xEC,
    0x7A, 0xC7, 0xE9, 0xFA, 0x1C, 0xDD, 0xFC, 0x96, 0xC3, 0x6A, 0xDA, 0x34, 0x59, 0xBE, 0x1C, 0x94,
    0xD8, 0x77, 0x3F, 0x5B, 0x5B, 0x39, 0x32, 0x72, 0xFE, 0xBB, 0xB3, 0x00, 0x89, 0x0F, 0x5F, 0x06,
    0x12, 0x34, 0x6D, 0xD6, 0xAA, 0xA0, 0xA2, 0x0C, 0xDB, 0x5F, 0x2D, 0xD3, 0xA2, 0x9D, 0xF4, 0x52,
    0x9F, 0x2D, 0x5F, 0x02, 0x12, 0x60, 0x19, 0xC8, 0xBA, 0xAC, 0x82, 0x35, 0x74, 0xE1, 0xE4, 0xE5,
    0xCF, 0x63, 0x54, 0x09, 0x7F, 0x80, 0x29, 0x6B, 0xF8, 0x7B, 0xC5, 0xD0, 0x0D, 0x88, 0x72, 0xCB,
    0x99, 0x1B, 0x9C, 0x07, 0x06, 0xE5, 0xFE, 0x2F, 0x96, 0x50, 0x89, 0x50, 0x4A, 0x38, 0x2C, 0x92,
    0xD6, 0xA6, 0xE5, 0x00, 0x85, 0xFE, 0x01, 0xE6, 0xD8, 0x30, 0x5F, 0xB1, 0x20, 0x9A, 0x47, 0x78,
    0xDC, 0x0D, 0x4D, 0x0B, 0xA5, 0xFE, 0x87, 0x98, 0xE4, 0xB8, 0x45, 0x19, 0xFD, 0xA8, 0x76, 0xB5,
    0x62, 0xD4, 0x35, 0x9A, 0xAC, 0x1C, 0xE3, 0x1F, 0xB8, 0xE9, 0xE8, 0x9F, 0x13, 0x0E, 0xC2, 0xD7,
    0xD0, 0xD6, 0x6E, 0x96, 0xF9, 0x2E, 0x16, 0x9B, 0x85, 0xAE, 0x6A, 0x15, 0x6C, 0x28, 0x95, 0x3D,
    0x0B, 0x6B, 0x96, 0x4E, 0x05, 0x36, 0xF9, 0xD0, 0xF4, 0x34, 0x37, 0x55, 0x8D, 0x7E, 0xE5, 0x26,
    0x48, 0xD3, 0xC3, 0x76, 0x24, 0x33, 0x7A, 0x08, 0x2D, 0xF4, 0x79, 0x47, 0x33, 0x53, 0xD5, 0xD6,
    0xCB, 0xF0, 0xC2, 0x93, 0x97, 0xED, 0xCA, 0xE7, 0xA2, 0xD7, 0xD6, 0xC2, 0xDC, 0xC8, 0x26, 0x67,
    0x9F, 0xAE, 0x32, 0xB0, 0x99, 0xB7, 0xF0, 0x5A, 0x51, 0x32, 0x88, 0xA8, 0x94, 0x01, 0xE6, 0x66,
    0x7E, 0x9E, 0xA5, 0x13, 0x19, 0x0C, 0x30, 0x6D, 0x31, 0x6C, 0xFD, 0x73, 0xDA, 0xE2, 0x9B, 0xDC,
    0x56, 0xCB, 0x1F, 0x47, 0x7B, 0x22, 0xE2, 0xEA, 0x87, 0xB7, 0xF4, 0x6B, 0x3C, 0x9F, 0x92, 0xFF,
    0x27, 0x9F, 0x3E, 0x6C, 0xDC, 0xE6, 0x77, 0x26, 0xE1, 0xE5, 0x2A, 0xAC, 0xF2, 0x14, 0x52, 0x4B,
    0x2B, 0x65, 0x4B, 0x64, 0x7E, 0x42, 0x6C, 0xA2, 0x14, 0x24, 0x2A, 0xE4, 0x86, 0xE4, 0x20, 0x95,
    0xA3, 0x5C, 0xA4, 0x6A, 0xD0, 0x92, 0x85, 0x6D, 0x9D, 0xAD, 0x9B, 0x34, 0x60, 0xE8, 0x82, 0xD3,
    0x12, 0x7C, 0x16, 0x8A, 0x0B, 0xC6, 0xAD, 0xCC, 0x43, 0xA9, 0xCC, 0x19, 0xA2, 0x28, 0x71, 0x97,
    0xA4, 0xD7, 0xE4, 0xA4, 0x7C, 0x3E, 0xEB, 0x1F, 0x9E, 0x95, 0x31, 0x1D, 0xCD, 0xD6, 0xF6, 0xAE,
    0x9A, 0x15, 0x1D, 0xE6, 0xFE, 0x3F, 0xE9, 0xFA, 0xA4, 0x21, 0xF1, 0xD4, 0x59, 0x22, 0x85, 0x0C,
    0x77, 0xE7, 0xB9, 0xF8, 0xFC, 0x56, 0xCC, 0x63, 0xC2, 0x17, 0xBC, 0xDC, 0x7C, 0xFC, 0x52, 0x50,
    0x22, 0x7E, 0x21, 0x25, 0xDF, 0xCA, 0xCB, 0x2D, 0x2D, 0x25, 0x7F, 0x67, 0x3A, 0xE1, 0x31, 0x91,
    0x20, 0x1F, 0xE4, 0x71, 0xD8, 0x96, 0xED, 0xDE, 0x85, 0x93, 0xF7, 0x7C, 0x1E, 0xD7, 0x7A, 0x08,
    0x05, 0x06, 0xB7, 0x42, 0xF3, 0x66, 0x38, 0x2B, 0xBE, 0x4A, 0xEE, 0xCC, 0x2C, 0x69, 0xAB, 0xD4,
    0xD4, 0x7C, 0x62, 0x50, 0xE7, 0x2A, 0xA3, 0x50, 0x32, 0x70, 0xB2, 0xFD, 0x58, 0xBA, 0xD8, 0xDA,
    0x6C, 0xA5, 0xF6, 0xE2, 0x9E, 0xEB, 0xAA, 0xCA, 0xA0, 0xD2, 0x30, 0xD5, 0x44, 0xDE, 0x96, 0x5F,
    0xF7, 0x6D, 0x0B, 0xF1, 0xFF, 0x71, 0x3D, 0x4B, 0xFF, 0x96, 0x7E, 0xB0, 0x3C, 0x72, 0x6B, 0x01,
    0xDC, 0x9E, 0xC8, 0x3D, 0xCF, 0x31, 0xDC, 0x97, 0x5C, 0xF8, 0xFC, 0x04, 0x87, 0x3D, 0x17, 0xDA,
    0xBB, 0x6A, 0x31, 0x14, 0xD5, 0x54, 0xCA, 0xA7, 0x30, 0x35, 0x31, 0xD3, 0x5D, 0x6F, 0xD6, 0x50,
    0x27, 0xB8, 0x31, 0x32, 0x8B, 0xD4, 0xD2, 0x45, 0x4B, 0x0E, 0xB1, 0x4A, 0x08, 0xC8, 0xF6, 0x5C,
    0xA5, 0x13, 0xE5, 0x8C, 0x58, 0xE8, 0xCA, 0x4F, 0x0A, 0x96, 0xFA, 0x5C, 0x25, 0x3D, 0x6C, 0xAF,
    0x5F, 0xA9, 0xF8, 0xA3, 0xD9, 0x39, 0xA5, 0x2A, 0x4F, 0x33, 0x94, 0x9D, 0x57, 0x39, 0xC3, 0x86,
    0xA0, 0x0E, 0x16, 0x11, 0x30, 0x58, 0xC8, 0x56, 0xA8, 0x04, 0xA0, 0xEA, 0xF7, 0x76, 0xE3, 0xC3,
    0x80, 0xA6, 0x13, 0xB1, 0xBC, 0x8B, 0xBA, 0x89, 0x81, 0x0F, 0x46, 0xD8, 0x5C, 0xB7, 0x32, 0xD4,
    0xC7, 0x68, 0xB8, 0x7E, 0xE5, 0x47, 0x05, 0x76, 0x33, 0xA1, 0xCD, 0xB8, 0x79, 0x0D, 0xE1, 0xCA,
    0x54, 0xEE, 0xA1, 0x7A, 0x04, 0xB5, 0xE9, 0xAA, 0x42, 0x8F, 0x45, 0x85, 0x1E, 0xB3, 0xF6, 0xE0,
    0x19, 0x11, 0x45, 0xBE, 0xAF, 0xFA, 0xDF, 0x81, 0x54, 0x55, 0x6D, 0x01, 0x70, 0x9A, 0x3A, 0x17,
    0xCB, 0x5E, 0x97, 0xC9, 0x79, 0xCD, 0x36, 0xC9, 0x77, 0x8C, 0x84, 0x68, 0x1A, 0xA2, 0xBF, 0x97,
    0xD7, 0xD5, 0x26, 0xF4, 0x06, 0x12, 0x1A, 0x14, 0xFE, 0x45, 0x41, 0x02, 0x03, 0xAE, 0x67, 0x96,
    0x87, 0x57, 0x62, 0x82, 0xA4, 0x8D, 0xFE, 0x8A, 0x10, 0x63, 0x2E, 0xFA, 0x0E, 0xA9, 0xFF, 0xEC,
    0xDB, 0x33, 0x0C, 0x74, 0x3A, 0xA9, 0x4E, 0xA7, 0xAB, 0xE9, 0x93, 0x70, 0x19, 0x40, 0xCC, 0xBB,
    0xD1, 0xF7, 0xA9, 0x1F, 0x1A, 0x78, 0x1A, 0x03, 0x8C, 0xE4, 0xD3, 0x9E, 0x75, 0x70, 0xBD, 0x7B,
    0xB7, 0x3E, 0x25, 0x96, 0xA3, 0x63, 0x30, 0x6F, 0x59, 0x9A, 0xF6, 0x98, 0x69, 0xFC, 0x22, 0x41,
    0x13, 0xCB, 0x55, 0xB2, 0x14, 0xB6, 0x44, 0x18, 0xCD, 0x52, 0x09, 0xF8, 0xCB, 0x0A, 0x69, 0x73,
    0x01, 0x3C, 0x83, 0xCF, 0x00, 0x34, 0x08, 0x77, 0x10, 0x03, 0x5A, 0xB2, 0xFD, 0x84, 0xD2, 0xC0,
    0x34, 0xF7, 0x4B, 0x80, 0x3A, 0x41, 0x1A, 0xAA, 0x9D, 0x04, 0xAB, 0x33, 0x97, 0x47, 0xD0, 0x3A,
    0x81, 0xEB, 0x04, 0xAF, 0x13, 0xC0, 0xCE, 0x20, 0xDE, 0x41, 0xBE, 0x6A, 0x99, 0xF0, 0x6A, 0x0E,
    0xF9, 0xA8, 0x94, 0xC6, 0x80, 0xC5, 0x40, 0x49, 0xCD, 0xC6, 0x6C, 0x7B, 0xB0, 0x30, 0xAF, 0xAC,
    0x33, 0x81, 0xAE, 0x66, 0x5E, 0x43, 0x6D, 0xB4, 0x86, 0x22, 0x65, 0xF7, 0x60, 0x61, 0x36, 0xEB,
    0x23, 0xCF, 0xF0, 0x3F, 0xE8, 0x96, 0xB6, 0xD4, 0x32, 0xF5, 0xB3, 0xFD, 0x88, 0xE7, 0x12, 0x53,
    0xF4, 0xED, 0x17, 0x27, 0xC0, 0xDD, 0x81, 0x2A, 0xC5, 0x66, 0x6C, 0x14, 0x86, 0x78, 0xFF, 0x4B,
    0xE5, 0xB7, 0x30, 0xB3, 0xDF, 0xBE, 0x45, 0x3C, 0x05, 0x26, 0x16, 0xDD, 0x33, 0xF9, 0xB3, 0xD2,
    0xE5, 0x91, 0x0F, 0x3E, 0x18, 0xCD, 0xA8, 0xE5, 0xDA, 0x0E, 0x3A, 0xB8, 0x52, 0x85, 0x28, 0x7C,
    0x75, 0x1F, 0x0E, 0xF2, 0x70, 0xB0, 0x54, 0xFE, 0x3A, 0x95, 0x2A, 0x81, 0xA3, 0x6F, 0xF6, 0x20,
    0x14, 0x6D, 0x2B, 0x49, 0x54, 0xAD, 0xE1, 0x80, 0xE8, 0xBF, 0x09, 0x6B, 0x99, 0x1E, 0x54, 0x0F,
    0x0F, 0xA8, 0x97, 0x6A, 0xC3, 0x49, 0xE6, 0x01, 0x0B, 0x52, 0x24, 0xF3, 0x0C, 0x2C, 0xA8, 0x5A,
    0xDF, 0xBD, 0xB6, 0x22, 0x74, 0x28, 0xCB, 0x25, 0xEC, 0x5E, 0x51, 0xDB, 0x62, 0x35, 0x3E, 0x5D,
    0xA0, 0x68, 0x59, 0xD3, 0xEF, 0xE2, 0x6B, 0xCB, 0xF0, 0xF5, 0x41, 0x65, 0xD8, 0x76, 0xD4, 0x31,
    0x6B, 0xF8, 0x52, 0x53, 0x9B, 0xD5, 0x29, 0x5B, 0x6E, 0xC4, 0xF6, 0x85, 0xEF, 0x6E, 0xD5, 0xF4,
    0x97, 0xEF, 0xDB, 0xCB, 0x08, 0x2A, 0x90, 0x46, 0x33, 0x69, 0x67, 0xD8, 0xB9, 0xAF, 0xAA, 0x34,
    0x92, 0xCE, 0xFF, 0xD5, 0x76, 0x96, 0x31, 0xBA, 0x39, 0xCB, 0x17, 0x99, 0x9D, 0x30, 0x2B, 0x72,
    0x87, 0xDB, 0x12, 0x69, 0x57, 0xB9, 0x50, 0x6C, 0x18, 0xCC, 0xC6, 0xF0, 0x74, 0xA5, 0xCD, 0x48,
    0x54, 0xF9, 0x48, 0x7F, 0x63, 0xD8, 0x0D, 0x46, 0x17, 0x8A, 0xE3, 0xB4, 0xF3, 0x6B, 0x35, 0xBA,
    0x7B, 0x7B, 0x16, 0x32, 0xF8, 0xB3, 0x2D, 0x38, 0xA0, 0xF5, 0x35, 0x19, 0xFC, 0x86, 0x5B, 0x0D,
    0xCF, 0x31, 0x4B, 0x6A, 0xFB, 0xAD, 0x9D, 0xF0, 0xB8, 0xFA, 0xC1, 0x79, 0x04, 0x62, 0xAE, 0x84,
    0x19, 0x6C, 0xCB, 0xFB, 0x5B, 0x21, 0xC8, 0xF2, 0x10, 0x21, 0x0F, 0xB1, 0xD3, 0x8D, 0x25, 0x64,
    0xFA, 0x63, 0x3E, 0xC6, 0x7F, 0x77, 0xD9, 0x2B, 0x04, 0x1F, 0x26, 0xB5, 0x11, 0xE6, 0x29, 0x69,
    0xCC, 0xB8, 0xD4, 0x5A, 0x3B, 0x73, 0xD7, 0xE7, 0x01, 0xC0, 0x1C, 0x2B, 0x20, 0xC3, 0x5C, 0xE9,
    0x2C, 0x93, 0xFC, 0xDE, 0x79, 0xD2, 0x1E, 0x0B, 0xA6, 0x2D, 0xB9, 0x88, 0x25, 0xF5, 0x9E, 0x6E,
    0x0D, 0xF4, 0x55, 0xAC, 0x72, 0x38, 0x7E, 0x17, 0x3E, 0x15, 0x5E, 0xD9, 0xD1, 0x5B, 0x3B, 0xC5,
    0xF1, 0xAD, 0x1D, 0xAE, 0xCD, 0xDF, 0x63, 0x9D, 0x19, 0x54, 0x4B, 0xAA, 0x52, 0xC4, 0xA6, 0xFE,
    0x3F, 0x1B, 0x99, 0x3B, 0x39, 0x8C, 0xBF, 0x59, 0xF2, 0xB6, 0x56, 0x7D, 0x39, 0xDE, 0xAE, 0x63,
    0x4A, 0x54, 0x99, 0x3A, 0xAA, 0x22, 0x53, 0xCE, 0x5D, 0x28, 0x5B, 0xD4, 0xB3, 0x56, 0x13, 0x1F,
    0x5E, 0x65, 0xB0, 0xBC, 0x5F, 0x64, 0x25, 0xA7, 0x56, 0x08, 0xBA, 0xDA, 0xAA, 0xE0, 0x14, 0x59,
    0x28, 0x20, 0xB0, 0x82, 0xCB, 0xA2, 0xA5, 0xC3, 0xCD, 0x5F, 0xC3, 0x6A, 0xC5, 0x97, 0x76, 0x38,
    0x7A, 0xF9, 0xCA, 0xA5, 0x0F, 0xE3, 0x77, 0xBF, 0xC1, 0xF8, 0x61, 0x8E, 0x62, 0xB8, 0x0D, 0xAA,
    0x73, 0x6F, 0xD5, 0x5F, 0x21, 0x1F, 0x0F, 0x85, 0x98, 0x46, 0xD6, 0x7D, 0x60, 0x09, 0x86, 0xD2,
    0x5C, 0x75, 0x69, 0xA7, 0xCD, 0x76, 0x62, 0x14, 0x15, 0xF5, 0xF2, 0xA3, 0x4E, 0xBE, 0x6C, 0xA6,
    0x1A, 0xE4, 0xCE, 0x1F, 0xAA, 0x9E, 0x19, 0xBD, 0xA6, 0xCF, 0xB7, 0xBA, 0xF1, 0xAC, 0x91, 0xCD,
    0xE9, 0x3D, 0x32, 0xC3, 0xC1, 0x92, 0x42, 0xDF, 0xEA, 0xFD, 0x9B, 0x7A, 0x93, 0x29, 0xD8, 0x94,
    0x3C, 0xDA, 0x76, 0xBF, 0x27, 0xD9, 0xDD, 0xD8, 0x46, 0xBB, 0x98, 0x90, 0xA7, 0x8E, 0xBB, 0x02,
    0x1F, 0xD0, 0x78, 0x5B, 0x11, 0x86, 0xBD, 0x9C, 0x72, 0xF5, 0xBE, 0x45, 0xB7, 0xD7, 0xEE, 0x1D,
    0xA6, 0xBF, 0xBE, 0x33, 0x05, 0xA1, 0x8E, 0xA0, 0x75, 0xE1, 0x95, 0xCC, 0xB1, 0xAF, 0x2F, 0xAC,
    0x81, 0x1B, 0x95, 0xCF, 0xDE, 0x94, 0x1C, 0x68, 0xD3, 0x0E, 0x8D, 0x3F, 0x5C, 0xC1, 0x61, 0xC6,
    0x23, 0xCC, 0x57, 0xD5, 0x90, 0x7A, 0x55, 0xCA, 0xB4, 0xA4, 0x5C, 0x53, 0xAB, 0xDA, 0x54, 0x55,
    0xA9, 0xDE, 0xDE, 0x6C, 0x11, 0xF5, 0x36, 0xB6, 0xAC, 0x27, 0x1F, 0x49, 0xE8, 0xC2, 0x0A, 0x71,
    0x7B, 0xB6, 0xC4, 0x51, 0x25, 0xB0, 0xA9, 0xEA, 0xCE, 0xF1, 0x48, 0x23, 0xCB, 0xDF, 0x05, 0xE5,
    0xFD, 0xF5, 0xA3, 0xA6, 0xE9, 0x8E, 0x6A, 0x5D, 0x17, 0x2E, 0x28, 0xF5, 0x17, 0xED, 0xD2, 0xB5,
    0xEC, 0x92, 0x7C, 0xF4, 0x78, 0xD3, 0x42, 0x55, 0x00, 0x40, 0x16, 0x78, 0xB1, 0xDF, 0x9F, 0x37,
    0xAA, 0x35, 0x4A, 0x56, 0xAF, 0x84, 0x5E, 0xCD, 0x9C, 0x93, 0x8A, 0x37, 0x69, 0x97, 0x72, 0xDA,
    0x25, 0x7B, 0xB7, 0x47, 0x76, 0x29, 0x50, 0x52, 0xAA, 0x3B, 0x99, 0x77, 0xC5, 0x2D, 0xBD, 0xAD,
    0x5D, 0xA3, 0xE5, 0x0B, 0x07, 0xED, 0x66, 0x57, 0xCD, 0xD2, 0xCC, 0x54, 0xCC, 0x97, 0xF4, 0xF2,
    0x6F, 0x19, 0xAA, 0x37, 0x6A, 0xA6, 0x98, 0x94, 0xBF, 0x4E, 0xE4, 0xF3, 0x64, 0x92, 0xA7, 0xBC,
    0x2F, 0x96, 0xCB, 0xDA, 0xF7, 0x54, 0x25, 0x13, 0xB4, 0x2F, 0x00, 0x94, 0xF6, 0x55, 0x30, 0x0D,
    0xE9, 0x3F, 0x69, 0x5F, 0x2B, 0x5E, 0xF7, 0x61, 0x59, 0xFB, 0xDB, 0x6D, 0xB4, 0xAF, 0x13, 0x6F,
    0xB9, 0x81, 0x3A, 0xA4, 0x06, 0x98, 0x12, 0x20, 0xB8, 0x4E, 0xF0, 0xEE, 0x6F, 0x6F, 0x09, 0xE2,
    0x00, 0xB2, 0xEC, 0x83, 0x4C, 0x85, 0x9A, 0x3B, 0xCD, 0xC5, 0x6F, 0x99, 0x92, 0xCD, 0xB1, 0x68,
    0xEA, 0x76, 0xDB, 0x5C, 0x04, 0xEE, 0xF2, 0x1B, 0x45, 0x2F, 0x7E, 0x5E, 0x65, 0xCC, 0x27, 0x9E,
    0xEF, 0x69, 0xC2, 0xBB, 0x3C, 0x88, 0x77, 0xCC, 0xB2, 0x5E, 0xD1, 0x29, 0x1F, 0x54, 0x41, 0x87,
    0x2B, 0x63, 0xCC, 0xB4, 0x3A, 0x13, 0x3B, 0xC5, 0x4F, 0xF8, 0xDA, 0x40, 0x93, 0x4F, 0xAA, 0xE0,
    0x9E, 0xD0, 0x4F, 0x6C, 0xCB, 0x96, 0xED, 0x0D, 0x0C, 0x4E, 0xFE, 0x4B, 0xAE, 0xFB, 0x9C, 0x19,
    0xE5, 0x9E, 0x2F, 0xD1, 0xF9, 0x1A, 0x01, 0xBB, 0xBD, 0x17, 0xC2, 0x64, 0x89, 0xFF, 0x35, 0x38,
    0x5E, 0x75, 0x04, 0xF6, 0x9B, 0xB9, 0xD5, 0xA6, 0x99, 0x0B, 0xFD, 0xBD, 0xB3, 0xA2, 0xA7, 0xED,
    0xCC, 0x9A, 0x5A, 0x96, 0xE0, 0x72, 0xC1, 0x53, 0x7C, 0xA6, 0x9B, 0x6C, 0xAF, 0x33, 0x91, 0x86,
    0xA2, 0x96, 0xDF, 0xEE, 0x78, 0xD7, 0x65, 0x39, 0xBD, 0xEB, 0x92, 0xED, 0x51, 0x09, 0xDF, 0x72,
    0x51, 0x6B, 0xF6, 0xB2, 0x1A, 0xD8, 0x36, 0x2A, 0xB8, 0x67, 0x5E, 0xA9, 0xE7, 0x92, 0xAB, 0x14,
    0xDE, 0x41, 0x16, 0xAA, 0x1A, 0xA4, 0x58, 0x2A, 0x77, 0x8A, 0x50, 0x92, 0xF1, 0x94, 0x51, 0x51,
    0x82, 0xC7, 0x12, 0x49, 0xE9, 0xFC, 0x70, 0x61, 0xB6, 0xA0, 0x2D, 0x97, 0x69, 0x50, 0x6D, 0x51,
    0xBC, 0xE9, 0x5D, 0x83, 0xF9, 0x62, 0x65, 0xD1, 0x83, 0x80, 0xD9, 0x0A, 0x80, 0xAC, 0x1A, 0xC8,
    0xDA, 0x7B, 0x4B, 0x82, 0x1E, 0x88, 0x6C, 0xF0, 0xF5, 0xE3, 0xDD, 0x3F, 0xD4, 0x7E, 0x46, 0x08,
    0xD6, 0x2C, 0x51, 0xF7, 0xD6, 0x8B, 0x09, 0xC6, 0x96, 0xB9, 0xBE, 0xF0, 0xEA, 0x55, 0xCF, 0xA4,
    0x9E, 0xBD, 0x8A, 0xCD, 0x97, 0x5E, 0xDA, 0xF0, 0xF6, 0x55, 0xA1, 0xAA, 0xC7, 0x7C, 0x10, 0x1D,
    0x06, 0x9A, 0xA8, 0x7C, 0x34, 0x57, 0x86, 0x63, 0x66, 0x7C, 0x39, 0x01, 0xAD, 0x9C, 0x93, 0xFF,
    0xD2, 0x46, 0x9A, 0x4A, 0x68, 0x93, 0x5F, 0x2D, 0x6E, 0x8F, 0x94, 0x93, 0xF0, 0x66, 0x6C, 0x6F,
    0x05, 0xA0, 0x47, 0x81, 0x35, 0xA1, 0x30, 0x09, 0xB0, 0xCA, 0x3B, 0x95, 0xA1, 0x5A, 0xED, 0x59,
    0xA3, 0x5B, 0xBA, 0xE5, 0x7C, 0x2B, 0x65, 0x7B, 0x21, 0xFE, 0x0F, 0xCF, 0x86, 0x76, 0xB1, 0x45,
    0xC0, 0x77, 0x51, 0xB2, 0x4F, 0x98, 0x85, 0xCD, 0x43, 0x7D, 0xD6, 0x75, 0x33, 0x71, 0x9B, 0x89,
    0x85, 0x94, 0x13, 0x15, 0x77, 0x39, 0xEE, 0x2E, 0xC3, 0x4A, 0x0A, 0xC0, 0xA0, 0x35, 0xCA, 0x99,
    0x76, 0xBB, 0x72, 0x3F, 0x6F, 0x2D, 0xF5, 0x9C, 0xCF, 0x7C, 0xB7, 0xA9, 0x9C, 0xB8, 0x55, 0xD4,
    0x0C, 0x89, 0x9F, 0x23, 0xDF, 0x27, 0x9F, 0x49, 0xA9, 0xCE, 0xD4, 0xAA, 0xD9, 0x54, 0xEA, 0xE5,
    0xDB, 0xE8, 0xFD, 0xCF, 0x4D, 0x75, 0xB6, 0xFB, 0x5B, 0xB3, 0x4C, 0x3A, 0xC0, 0xCF, 0x1C, 0xF7,
    0x9D, 0xBC, 0xEA, 0x82, 0xBF, 0xF9, 0xFF, 0x8D, 0x53, 0xFF, 0x03, 0xE5, 0x5C, 0xBF, 0x93, 0xE5,
    0xC6, 0x71, 0xC6, 0x0F, 0x7B, 0x9F, 0x75, 0x08, 0x90, 0x30, 0xA0, 0xEE, 0x02, 0x28, 0x50, 0x60,
    0xB3, 0xCA, 0xC4, 0x5F, 0x20, 0x01, 0x32, 0xAB, 0xAC, 0x40, 0x81, 0x1D, 0x53, 0x81, 0x18, 0x38,
    0xB0, 0xCF, 0xC1, 0xFE, 0x03, 0x12, 0x01, 0x52, 0x81, 0x02, 0x07, 0xBE, 0x40, 0xCE, 0x2F, 0x38,
    0x57, 0x9D, 0x98, 0x28, 0x75, 0x40, 0x1E, 0x40, 0x5F, 0xA0, 0x80, 0x01, 0x9F, 0xA5, 0xC0, 0xA1,
    0xA0, 0x22, 0xAB, 0x5C, 0x96, 0x03, 0x42, 0xE6, 0x2B, 0x0B, 0x67, 0xE3, 0x61, 0xDC, 0xFD, 0x7D,
    0x3D, 0x0F, 0xC0, 0xEE, 0xDB, 0xD5, 0x5E, 0xF1, 0xC8, 0xDB, 0xDB, 0x7B, 0x75, 0x37, 0x83, 0x7D,
    0x0F, 0xC0, 0xCC, 0x74, 0xF7, 0xCC, 0x74, 0x7F, 0xDD, 0x3D, 0x41, 0xE0, 0x3F, 0x1B, 0xE7, 0x76,
    0x52, 0x25, 0xCE, 0xF5, 0x73, 0x75, 0xE9, 0xA7, 0xE0, 0x1D, 0x78, 0x2C, 0x08, 0xDD, 0xA0, 0x55,
    0xCC, 0x2A, 0x71, 0xA3, 0x56, 0xE9, 0xE7, 0xA8, 0x8A, 0x4F, 0x50, 0x55, 0x8F, 0xF7, 0xB8, 0xFF,
    0xDD, 0x49, 0xCA, 0xC8, 0x45, 0x5A, 0xC5, 0xFB, 0xD0, 0xE9, 0xFD, 0x63, 0xA0, 0x55, 0xBA, 0x43,
    0x25, 0x2F, 0x76, 0xA5, 0xDC, 0xDF, 0xA2, 0x72, 0x75, 0xD0, 0xD4, 0x72, 0x7F, 0x10, 0x34, 0x6D,
    0x10, 0x4F, 0xF8, 0x3E, 0x1D, 0x51, 0x65, 0x4E, 0x3E, 0x6D, 0x50, 0x68, 0xB5, 0x0D, 0x1A, 0xAD,
    0x3A, 0xBD, 0x3F, 0xC8, 0x7B, 0xBD, 0x5F, 0xAA, 0x58, 0x9B, 0xCC, 0x7A, 0xBD, 0x3F, 0x48, 0xFB,
    0x6C, 0x87, 0x46, 0x8A, 0x4E, 0x2B, 0xE9, 0xA8, 0x3C, 0x11, 0xF8, 0xD2, 0xA1, 0xBC, 0xE8, 0xD3,
    0x4C, 0x24, 0xCA, 0x36, 0xD0, 0xD6, 0xE4, 0x35, 0xCD, 0xA7, 0x99, 0xBC, 0xD3, 0x05, 0xB1, 0x94,
    0xEF, 0x07, 0x11, 0x46, 0x16, 0xA2, 0x8C, 0xB4, 0xAD, 0xF0, 0xEF, 0xA5, 0x3C, 0x71, 0x4A, 0x06,
    0x79, 0xFD, 0x20, 0xD4, 0xFD, 0xDF, 0x37, 0x76, 0x41, 0x26, 0x17, 0x7D, 0x50, 0xB4, 0x41, 0xD2,
    0x07, 0x4D, 0x29, 0x1D, 0xD2, 0xE1, 0x4A, 0x6F, 0x64, 0x98, 0x8D, 0x94, 0xED, 0x46, 0xDE, 0x5F,
    0x4D, 0xDA, 0x4A, 0xEE, 0xDC, 0xA9, 0xDC, 0xE6, 0x86, 0xAC, 0x0D, 0x82, 0xBB, 0x25, 0x3B, 0x11,
    0xDD, 0x0B, 0x1E, 0x2A, 0xA7, 0xFA, 0x58, 0x89, 0x1C, 0x8F, 0x59, 0x0F, 0x42, 0x6A, 0xA7, 0xB4,
    0xFF, 0xB8, 0x2B, 0x1F, 0x6E, 0x24, 0xA7, 0xFE, 0x2E, 0xB8, 0x25, 0x0D, 0x34, 0x41, 0x21, 0x65,
    0xF1, 0x0E, 0x9A, 0x46, 0xC7, 0x53, 0x47, 0x1A, 0xD4, 0xD7, 0x91, 0x5F, 0x37, 0x80, 0xEE, 0xFA,
    0x5B, 0x87, 0xEA, 0x11, 0x45, 0x90, 0xDF, 0xC5, 0x1C, 0x58, 0x6C, 0x7F, 0x39, 0xDE, 0x22, 0x0D,
    0x2D, 0xE9, 0x0F, 0xF2, 0x83, 0xFA, 0x20, 0x3E, 0x68, 0x6F, 0xA4, 0x07, 0xE5, 0x95, 0xF0, 0x4A,
    0x77, 0x90, 0x5D, 0xA9, 0x0E, 0xA2, 0x83, 0xE6, 0x20, 0x39, 0x28, 0x0E, 0x82, 0x83, 0xDE, 0x20,
    0x37, 0xA8, 0x0D, 0x62, 0x93, 0xD6, 0x77, 0xCB, 0x47, 0x98, 0x11, 0xDA, 0x5D, 0x6D, 0x3D, 0x57,
    0x41, 0x28, 0x3E, 0xD4, 0x2B, 0x50, 0x6D, 0x9A, 0x45, 0x22, 0x22, 0x57, 0xD2, 0x2D, 0x59, 0xC3,
    0x8A, 0x82, 0x03, 0x1A, 0xC8, 0x4F, 0xDD, 0x91, 0xB9, 0x73, 0xFB, 0xA7, 0x64, 0x17, 0x06, 0xE7,
    0x54, 0x36, 0x54, 0x38, 0x9C, 0xBC, 0x38, 0xDB, 0xCB, 0x55, 0x19, 0x54, 0x1D, 0x46, 0xAE, 0x6F,
    0x2A, 0x5A, 0xA5, 0x7E, 0xF0, 0xE7, 0xCA, 0xAD, 0x80, 0xDC, 0xC2, 0x9C, 0xEC, 0x97, 0x4D, 0x16,
    0xA4, 0x52, 0xC5, 0xAA, 0xA1, 0xE4, 0x72, 0xF2, 0x5E, 0x5A, 0xD9, 0x9D, 0x4D, 0x7B, 0x78, 0x59,
    0xBC, 0x85, 0x84, 0x09, 0x9F, 0x54, 0xB6, 0xE5, 0x32, 0x75, 0x65, 0x28, 0x5D, 0x89, 0xDD, 0xE4,
    0x17, 0x36, 0x65, 0x90, 0xC8, 0x00, 0x1E, 0xBD, 0x7B, 0x6F, 0x41, 0x08, 0x8C, 0x15, 0x6C, 0xD6,
    0x1F, 0x41, 0x80, 0xF4, 0xFC, 0x8A, 0x1F, 0x36, 0x83, 0x3D, 0x2F, 0xEF, 0x12, 0x89, 0xD9, 0x9E,
    0x0E, 0x1B, 0x19, 0xF5, 0x28, 0x03, 0x8B, 0xEE, 0xE5, 0x9D, 0x1F, 0x4D, 0xA5, 0xEF, 0x6F, 0xF4,
    0xB5, 0x58, 0x43, 0x8F, 0x16, 0x25, 0xC7, 0x9C, 0x97, 0x2A, 0xBB, 0x6D, 0xE6, 0x1A, 0xA7, 0x44,
    0x1D, 0x65, 0x5A, 0xE8, 0x24, 0x3D, 0x79, 0x10, 0x1C, 0xE6, 0xA2, 0xCE, 0x6A, 0x92, 0x08, 0x34,
    0x8F, 0x26, 0x48, 0x60, 0xBA, 0xDB, 0x0C, 0x2F, 0x01, 0x77, 0xA2, 0xD1, 0x8F, 0x5F, 0x47, 0x8F,
    0xB1, 0x1F, 0x1B, 0xF9, 0x57, 0xCD, 0x18, 0x9B, 0xF0, 0x09, 0x3B, 0x92, 0x8E, 0xCB, 0xBF, 0xE2,
    0xFE, 0xA5, 0x98, 0x36, 0x5A, 0x6D, 0x76, 0x5C, 0x8A, 0xAD, 0xC0, 0x9F, 0xC1, 0xBD, 0xE7, 0xC8,
    0x98, 0xE8, 0x41, 0xF8, 0x33, 0xE8, 0x02, 0xE4, 0x85, 0x23, 0xB1, 0x0A, 0xCE, 0x1F, 0x5B, 0xC0,
    0xA3, 0xFA, 0x26, 0x33, 0x06, 0x14, 0xE0, 0xF8, 0x5D, 0xB5, 0xB5, 0xB1, 0x63, 0xE4, 0xEB, 0x71,
    0x7F, 0xE5, 0x8C, 0x09, 0xDE, 0xD3, 0x6A, 0xBF, 0x01, 0xE9, 0x9A, 0xD3, 0x8E, 0x8C, 0x29, 0x17,
    0xF3, 0x27, 0xBC, 0x77, 0x6E, 0xDA, 0xC8, 0x7B, 0x9E, 0x60, 0x01, 0xD0, 0x7D, 0x1A, 0xD5, 0x5E,
    0x77, 0xE7, 0xF0, 0x54, 0x1E, 0x94, 0x4E, 0x2A, 0x35, 0x94, 0x52, 0xB2, 0x70, 0x6B, 0x6F, 0x33,
    0x28, 0x27, 0xCA, 0x16, 0xA5, 0xBE, 0x90, 0x40, 0x69, 0x2A, 0x95, 0xB6, 0x22, 0x6B, 0x86, 0xF6,
    0xD6, 0xAA, 0x64, 0xA0, 0x16, 0x31, 0x40, 0xA7, 0x48, 0x77, 0xB6, 0xE0, 0xC7, 0xDC, 0xF5, 0xD1,
    0xC7, 0xBC, 0x83, 0x0C, 0x15, 0x2D, 0x88, 0xD7, 0xB4, 0xCA, 0xEC, 0xD0, 0x95, 0xBA, 0x2B, 0x88,
    0x14, 0xA8, 0xAE, 0x29, 0x5C, 0x41, 0x1F, 0xA4, 0xD5, 0x2E, 0xFC, 0xB9, 0x50, 0x52, 0xD5, 0x8A,
    0x11, 0x1A, 0x96, 0x0E, 0xBC, 0x72, 0xEE, 0xD3, 0xC3, 0x40, 0x4E, 0x4C, 0x41, 0xC8, 0xC0, 0xDE,
    0xCD, 0xAE, 0x00, 0x33, 0x92, 0xBE, 0xA0, 0x20, 0xF5, 0x1F, 0x58, 0x6D, 0x82, 0xD5, 0x51, 0xB2,
    0xB2, 0x5F, 0xF6, 0xAA, 0xF8, 0x6C, 0xF3, 0x0F, 0x4B, 0xDD, 0xC1, 0xC7, 0xC2, 0x84, 0x54, 0x9F,
    0x8E, 0xDD, 0xBD, 0x06, 0xE3, 0x1B, 0xB9, 0x3E, 0x4A, 0xC7, 0x36, 0x8E, 0x9B, 0x58, 0xEC, 0xC8,
    0x3E, 0x0C, 0x4E, 0x38, 0x08, 0x1D, 0x43, 0x98, 0x88, 0xC5, 0xD4, 0x05, 0x87, 0x3A, 0xF6, 0xF5,
    0xC0, 0x1A, 0xF3, 0xD7, 0xD9, 0xCE, 0x27, 0xF7, 0x43, 0xA1, 0x16, 0x52, 0x56, 0x3D, 0x74, 0xAC,
    0x08, 0x7A, 0x8D, 0xF2, 0xB7, 0x23, 0x6B, 0x3E, 0xEE, 0xA0, 0xC7, 0x4D, 0x54, 0x14, 0x6E, 0x1B,
    0xFB, 0x84, 0xED, 0x53, 0x0D, 0x45, 0x5C, 0x99, 0x15, 0xAB, 0x8E, 0x55, 0x6B, 0x53, 0x77, 0xE4,
    0x31, 0x6D, 0xB1, 0x12, 0x8D, 0x66, 0x04, 0xD3, 0x95, 0xC0, 0x42, 0x79, 0xA5, 0xAC, 0x74, 0x55,
    0x5B, 0x15, 0xAE, 0xA0, 0x71, 0xC7, 0x49, 0xE5, 0x02, 0x48, 0xA2, 0x2B, 0x40, 0x57, 0x56, 0xA1,
    0x56, 0x83, 0xDE, 0xA9, 0xA3, 0x97, 0xE7, 0x94, 0xBB, 0x31, 0xD5, 0xC1, 0xCD, 0xB8, 0xE4, 0x6E,
    0xDA, 0x83, 0x00, 0x45, 0x07, 0xEE, 0xBA, 0x56, 0x1B, 0x8F, 0xA9, 0xF2, 0xE6, 0xA3, 0xDE, 0xFB,
    0x7D, 0x61, 0x5D, 0xA2, 0xFD, 0x2B, 0x21, 0x5A, 0x03, 0x24, 0xEC, 0x89, 0x71, 0xCC, 0x94, 0x39,
    0xD0, 0x24, 0x24, 0x47, 0x23, 0x56, 0xB1, 0xE3, 0x6A, 0xE1, 0x15, 0xA4, 0x6C, 0x4B, 0x26, 0xB5,
    0x07, 0x1E, 0x91, 0x45, 0xC6, 0x21, 0x30, 0xA8, 0xF4, 0xFC, 0x31, 0xF6, 0x18, 0x77, 0x94, 0x39,
    0x13, 0x79, 0xB3, 0x3F, 0xB0, 0xC6, 0x38, 0x63, 0x8C, 0x71, 0x10, 0x5A, 0xCF, 0x16, 0xE3, 0x8A,
    0x31, 0xC5, 0x78, 0x62, 0x2C, 0x31, 0x8E, 0x78, 0x86, 0xDC, 0x5E, 0x4F, 0xA7, 0x08, 0x34, 0xD4,
    0xCE, 0x5B, 0x35, 0x5C, 0x6E, 0xCE, 0x26, 0xD4, 0x91, 0x53, 0x6A, 0xCC, 0x56, 0x65, 0x5C, 0xEA,
    0xF2, 0xEE, 0xC8, 0x8A, 0x77, 0xE9, 0xC2, 0xC7, 0x77, 0x72, 0x7E, 0x84, 0xAC, 0x22, 0x92, 0xDC,
    0x94, 0xCD, 0x98, 0x92, 0xBF, 0x59, 0x6D, 0xA5, 0xB6, 0x62, 0xDB, 0x3A, 0x6B, 0x0A, 0xD9, 0x99,
    0x3E, 0x58, 0xE5, 0x60, 0xB0, 0x5A, 0x55, 0x39, 0x33, 0x5F, 0x9D, 0x2E, 0xE4, 0x01, 0x04, 0x31,
    0xE4, 0xC0, 0x2F, 0xF8, 0x84, 0xCD, 0x9E, 0x4B, 0x69, 0x8B, 0x75, 0xB5, 0x57, 0x86, 0x9E, 0x8A,
    0x90, 0xEC, 0x21, 0xA0, 0x3D, 0x44, 0x71, 0xAB, 0xA5, 0x8E, 0xB2, 0xC1, 0xB2, 0xD8, 0x94, 0xB0,
    0x1F, 0x74, 0x50, 0x73, 0xB9, 0x18, 0x2D, 0x4B, 0xAC, 0x9D, 0x4A, 0x94, 0xAF, 0x61, 0x09, 0xAF,
    0x94, 0xA2, 0x9F, 0x49, 0x2B, 0x1B, 0x76, 0xAD, 0x81, 0xC1, 0x76, 0xF2, 0xCF, 0xEC, 0xC4, 0x7D,
    0x31, 0xEC, 0x60, 0x54, 0xC0, 0x28, 0x98, 0x48, 0x0C, 0x83, 0x1E, 0x0A, 0xCA, 0xDC, 0x52, 0x85,
    0xBF, 0x49, 0x9C, 0x7A, 0x18, 0xBC, 0x26, 0xA5, 0x18, 0x3E, 0xDA, 0xF8, 0x5F, 0x8E, 0x50, 0xF8,
    0x06, 0xD8, 0x2D, 0xFA, 0xD8, 0x66, 0xBA, 0x8E, 0xFC, 0x0A, 0xA2, 0xDD, 0x11, 0x8A, 0xD8, 0x5F,
    0xF6, 0xDB, 0x4D, 0x9D, 0x59, 0xC1, 0x5B, 0x33, 0x64, 0x00, 0xAD, 0xC8, 0x4A, 0x7E, 0xC3, 0x5F,
    0xAF, 0x19, 0xBF, 0x6E, 0x06, 0xDD, 0x73, 0x76, 0xD1, 0xDA, 0xE0, 0x7B, 0x36, 0x66, 0x8E, 0x98,
    0x38, 0x72, 0xA5, 0x08, 0x17, 0xF8, 0xC3, 0x57, 0x40, 0x7F, 0xF6, 0x5C, 0x5E, 0x92, 0x4D, 0x6F,
    0xBA, 0x16, 0xC4, 0x06, 0x61, 0x74, 0xC0, 0x77, 0xA6, 0xF2, 0xD0, 0x4B, 0xE0, 0x12, 0x04, 0x26,
    0x82, 0xFC, 0xB7, 0x18, 0x3E, 0xDE, 0x64, 0x53, 0x3C, 0x7A, 0x08, 0x45, 0xD1, 0x2F, 0x7E, 0xA6,
    0x28, 0xE6, 0x57, 0x50, 0x14, 0x5F, 0x78, 0xDE, 0x86, 0x0F, 0x01, 0x95, 0x11, 0xE7, 0x2A, 0x3E,
    0x06, 0xF4, 0x04, 0x1E, 0x72, 0x66, 0x05, 0xF7, 0xAF, 0xE5, 0x1A, 0x88, 0x15, 0xFB, 0x20, 0x74,
    0x19, 0x37, 0xAB, 0xE6, 0x27, 0x03, 0xB1, 0xBA, 0xF3, 0xBB, 0x55, 0xF0, 0xE6, 0x4F, 0x83, 0x43,
    0xB7, 0x0F, 0x16, 0xD7, 0xA4, 0x6F, 0xCE, 0x69, 0x71, 0x35, 0xB0, 0xB8, 0xC2, 0x85, 0xC5, 0xF5,
    0xFA, 0xC1, 0xE2, 0xEA, 0xAF, 0x6A, 0x71, 0x35, 0x50, 0xC7, 0x5B, 0x79, 0x9D, 0x55, 0x15, 0x2B,
    0xD5, 0xB9, 0x1C, 0x8D, 0x1A, 0x98, 0x5A, 0x0E, 0xCF, 0x45, 0x0E, 0xAC, 0x11, 0xCD, 0x0C, 0x16,
    0xD7, 0x44, 0x8B, 0x6B, 0x2F, 0x62, 0x55, 0x87, 0xC2, 0x7D, 0xD1, 0x96, 0x9A, 0xFD, 0x88, 0xDE,
    0xFE, 0x06, 0x66, 0xD3, 0x14, 0x28, 0x77, 0x3C, 0xB0, 0x99, 0xA0, 0x1F, 0xD5, 0x0E, 0x5A, 0x16,
    0x2C, 0x89, 0x1D, 0x10, 0x8B, 0xB6, 0x68, 0x8F, 0xAD, 0xFF, 0xA7, 0xFB, 0x00, 0xAF, 0xFC, 0x70,
    0x54, 0x2A, 0x7C, 0x3E, 0x04, 0xC5, 0x93, 0xC4, 0xED, 0x60, 0x64, 0xF6, 0xAA, 0xB8, 0x16, 0x00,
    0x21, 0x0B, 0x58, 0x23, 0x79, 0xA7, 0xCA, 0x5F, 0xB6, 0xD5, 0xA9, 0x9D, 0xB7, 0x49, 0xAF, 0xA5,
    0x12, 0xA1, 0xA8, 0x13, 0x96, 0x8A, 0xE5, 0xAA, 0x1C, 0xCA, 0x83, 0x42, 0x2A, 0xD1, 0x30, 0x55,
    0x13, 0x9D, 0xD0, 0xD5, 0xBD, 0xCE, 0x9B, 0x69, 0x54, 0xF2, 0xFE, 0x6A, 0x9C, 0xA5, 0x96, 0xE8,
    0x89, 0x3C, 0x7E, 0xD2, 0x2A, 0x3D, 0x85, 0x88, 0xF2, 0x2F, 0x7F, 0x72, 0x62, 0xF3, 0x06, 0xA2,
    0xCE, 0x9D, 0x97, 0x94, 0x7C, 0x18, 0xDC, 0xE6, 0x82, 0x53, 0x81, 0xAE, 0x7F, 0xB1, 0xA7, 0x04,
    0x0F, 0xE4, 0x62, 0x47, 0x67, 0x49, 0x79, 0x93, 0x19, 0x7C, 0xAB, 0x8C, 0x64, 0xC5, 0xC9, 0x5A,
    0x55, 0xAB, 0xD3, 0x1D, 0x6C, 0x4B, 0xB8, 0x17, 0x62, 0x30, 0x1B, 0xC3, 0x79, 0x91, 0x19, 0x1C,
    0x98, 0xC2, 0x32, 0xD9, 0x44, 0x5E, 0xFE, 0x15, 0x1C, 0xD3, 0x99, 0x6F, 0xDE, 0x0C, 0xA6, 0x79,
    0x9E, 0xB7, 0x73, 0x9F, 0x58, 0xF2, 0x9B, 0x93, 0x17, 0x7C, 0x06, 0xDF, 0x3C, 0x7E, 0xF1, 0xF3,
    0xC3, 0xE5, 0x06, 0x14, 0x14, 0xAB, 0xEA, 0xD1, 0x12, 0x40, 0x2F, 0x0C, 0xA8, 0x3B, 0x20, 0x60,
    0x3F, 0x9A, 0x25, 0x9D, 0xDB, 0x35, 0x7F, 0x2A, 0x82, 0xB3, 0x25, 0xBF, 0xFF, 0xA3, 0x17, 0x5C,
    0x00, 0xFC, 0xC8, 0x43, 0xF3, 0x62, 0x27, 0x66, 0xFC, 0x17, 0xBF, 0x9C, 0x6C, 0xDB, 0x6F, 0xCA,
    0x4B, 0x90, 0x00, 0xE2, 0x60, 0x14, 0x85, 0xCA, 0x6A, 0xE1, 0x36, 0x54, 0x1B, 0x02, 0x71, 0xD0,
    0x1C, 0x20, 0x1C, 0xC4, 0x36, 0x82, 0xD0, 0xEA, 0x88, 0xEE, 0x37, 0xE8, 0x4D, 0x2A, 0x27, 0x00,
    0x36, 0xCA, 0x03, 0xC0, 0x01, 0x0D, 0x0A, 0x6A, 0xC8, 0x00, 0x45, 0x4B, 0xBD, 0x63, 0x11, 0xEA,
    0x3E, 0x30, 0x4F, 0x1C, 0x87, 0x2C, 0x6D, 0x40, 0xD9, 0x12, 0x99, 0x39, 0x74, 0x67, 0xF7, 0x6C,
    0xBA, 0x65, 0x26, 0x4B, 0x02, 0x51, 0x85, 0x95, 0x1D, 0x3A, 0x7D, 0x57, 0x32, 0xC4, 0xC7, 0x01,
    0x03, 0x4E, 0x09, 0x82, 0x3F, 0xD9, 0x62, 0x99, 0x28, 0x96, 0x65, 0xCD, 0xCD, 0x52, 0xF7, 0xC7,
    0x26, 0x07, 0x7A, 0x05, 0xBF, 0xBA, 0xDB, 0x9F, 0x38, 0x79, 0xFF, 0x56, 0x3A, 0x18, 0xE9, 0xC4,
    0x2B, 0xE1, 0x9F, 0x2C, 0xB5, 0xA5, 0x86, 0x25, 0x10, 0x27, 0xA7, 0xCC, 0x0D, 0x08, 0x86, 0x01,
    0x19, 0x93, 0x3E, 0x4A, 0x83, 0x22, 0xCE, 0xD2, 0xA0, 0xDC, 0x26, 0x0D, 0xC6, 0x83, 0x36, 0xA5,
    0x65, 0xAD, 0x37, 0xB3, 0xA4, 0x57, 0xB6, 0x61, 0xEF, 0x48, 0xB0, 0xED, 0x81, 0x60, 0x2B, 0xC2,
    0x55, 0x2D, 0x90, 0x39, 0xD1, 0xE8, 0x36, 0x56, 0x27, 0xAC, 0xC7, 0xAB, 0xF3, 0x91, 0xB7, 0x7B,
    0xFE, 0xF9, 0xDA, 0x20, 0x55, 0xA2, 0x8E, 0xA9, 0xF1, 0xEF, 0x1C, 0x1F, 0xB7, 0x5F, 0x98, 0x8F,
    0x20, 0x91, 0x71, 0x63, 0x03, 0x10, 0x8F, 0x36, 0x07, 0x67, 0xC0, 0x9A, 0x1B, 0xEF, 0xAA, 0xCF,
    0xB9, 0xFA, 0x81, 0xCE, 0xA7, 0x86, 0x7C, 0x98, 0xD4, 0x49, 0x2E, 0xDC, 0x91, 0x86, 0x14, 0xB9,
    0x6D, 0x39, 0x50, 0xED, 0x73, 0x51, 0x03, 0xA5, 0x64, 0x59, 0x2A, 0x04, 0xD7, 0xC0, 0xB2, 0x22,
    0x4F, 0x2E, 0xE2, 0xC6, 0xE8, 0xB9, 0xD1, 0x2A, 0x03, 0xC9, 0x8D, 0xAA, 0xF4, 0x83, 0x49, 0x4B,
    0x75, 0x74, 0xEB, 0xB7, 0x44, 0x1B, 0x7F, 0xA3, 0x0E, 0xE1, 0xBC, 0x4E, 0x8F, 0x62, 0x04, 0x29,
    0x10, 0x9F, 0x0C, 0x90, 0x77, 0xCE, 0x70, 0x06, 0xDB, 0x93, 0xDA, 0x79, 0xD5, 0xE5, 0xA2, 0x4B,
    0xBD, 0x6B, 0xA1, 0xBB, 0x83, 0x30, 0xB6, 0x79, 0xD3, 0x56, 0x89, 0x97, 0xEB, 0xC6, 0x38, 0x9B,
    0x2B, 0x6C, 0x3B, 0x9D, 0x69, 0x68, 0x9E, 0x6D, 0x5A, 0x2A, 0xE7, 0x1A, 0xAC, 0xE0, 0x65, 0x68,
    0xA0, 0xF7, 0x98, 0x29, 0xFA, 0xB7, 0xC1, 0xAB, 0x1B, 0xB7, 0x9D, 0xA4, 0xA3, 0xFB, 0xE2, 0x33,
    0x37, 0x3C, 0x3A, 0xA3, 0x08, 0xC5, 0x4E, 0x11, 0x4F, 0x99, 0xAF, 0x3A, 0x02, 0x80, 0xA3, 0x2D,
    0xDF, 0xA8, 0x73, 0xA3, 0x2A, 0xB9, 0x6E, 0x3B, 0xFB, 0x3F, 0x71, 0x1A, 0xEA, 0x7A, 0x1D, 0xFB,
    0xFF, 0x03, 0xD1, 0x57, 0xA5, 0xBA, 0x76, 0x70, 0x76, 0x47, 0x03, 0xCA, 0x44, 0x11, 0x5F, 0x04,
    0xEA, 0x81, 0x86, 0x20, 0x21, 0x29, 0x88, 0xF1, 0xD0, 0xA3, 0xD1, 0x7A, 0xEA, 0xB9, 0x95, 0x5B,
    0x03, 0x94, 0xB3, 0x10, 0x03, 0x4F, 0x30, 0x14, 0x20, 0x1A, 0x68, 0x06, 0x92, 0x81, 0x56, 0x28,
    0x40, 0x2F, 0xBA, 0x4A, 0x56, 0x6F, 0xAF, 0xCC, 0xAB, 0x52, 0x92, 0x50, 0xD2, 0x81, 0x56, 0xFF,
    0x17, 0xCE, 0xB5, 0xE7, 0xBB, 0xA9, 0x31, 0x09, 0x35, 0xED, 0xDB, 0x26, 0x98, 0x69, 0x72, 0x15,
    0x7A, 0x18, 0x4D, 0xB2, 0xED, 0x9A, 0xB4, 0x41, 0xF8, 0x20, 0xF8, 0x33, 0x7D, 0x52, 0x9E, 0x9F,
    0xB8, 0xBE, 0xF6, 0xB6, 0xB0, 0xAD, 0xC1, 0xC3, 0x6B, 0x44, 0xA3, 0xDB, 0xA2, 0x61, 0xCB, 0xAE,
    0xB8, 0x4D, 0xBB, 0xAA, 0x95, 0x6E, 0x09, 0x5F, 0xC7, 0x95, 0x5E, 0xFD, 0xA5, 0xD0, 0xE9, 0x1A,
    0x8D, 0x9F, 0x6B, 0x25, 0xEE, 0x28, 0xBD, 0x46, 0x83, 0xA2, 0xC2, 0xA2, 0xB9, 0x90, 0x71, 0xF5,
    0x2E, 0xA7, 0xE3, 0xFC, 0xFF, 0x88, 0xB7, 0xF9, 0x4B, 0x20, 0x96, 0xF6, 0x4F, 0xBF, 0x56, 0xBA,
    0xA9, 0x62, 0x54, 0xFC, 0x13, 0x94, 0x35, 0x03, 0x64, 0xC2, 0xDD, 0x81, 0x0E, 0x07, 0xB2, 0x84,
    0xBB, 0xEB, 0x3C, 0x27, 0x53, 0xF5, 0x53, 0xD6, 0x4A, 0xA0, 0x06, 0xE4, 0x71, 0x4A, 0x1C, 0xA1,
    0x8D, 0x90, 0x26, 0xE6, 0xBF, 0x41, 0xC9, 0x22, 0x54, 0x49, 0xF9, 0xAF, 0x53, 0x8A, 0x08, 0x41,
    0xE4, 0x85, 0x4A, 0x83, 0xD4, 0xC2, 0x02, 0x07, 0x5B, 0xA6, 0xB5, 0x1B, 0xB6, 0x54, 0x43, 0xB5,
    0xDB, 0xFA, 0x55, 0x95, 0x2B, 0xA8, 0xB9, 0x6C, 0xAC, 0x6B, 0x5C, 0xBA, 0xF5, 0x1E, 0x2E, 0xDF,
    0xF0, 0x18, 0x05, 0xEB, 0xAB, 0xAA, 0xB6, 0xA5, 0x1C, 0xA1, 0x4C, 0x93, 0x47, 0xA7, 0x0C, 0x7E,
    0xF2, 0xBE, 0x3B, 0xDC, 0xC3, 0x2B, 0xBD, 0x87, 0xCB, 0xBB, 0xDE, 0xC3, 0x25, 0x5E, 0x7F, 0xE1,
    0x32, 0x8F, 0xAB, 0xDE, 0x6F, 0x01, 0x72, 0x75, 0x52, 0xE3, 0x1E, 0x21, 0x97, 0x0C, 0x47, 0xEF,
    0xC9, 0x79, 0xC5, 0xCE, 0x4B, 0x3F, 0xB4, 0xA3, 0x05, 0xC6, 0x0B, 0xF2, 0xC9, 0x17, 0xBD, 0xDA,
    0x07, 0x4A, 0xC7, 0x54, 0x3D, 0xBC, 0x20, 0xE6, 0xC6, 0xEF, 0xFF, 0xE6, 0xEB, 0xA5, 0x2D, 0xF5,
    0xC0, 0xE4, 0x54, 0x94, 0x4E, 0x91, 0x8F, 0xAA, 0xD3, 0xB2, 0xE9, 0xEC, 0x9A, 0xDF, 0x1F, 0x93,
    0x59, 0x21, 0xBF, 0xF0, 0x44, 0x38, 0x20, 0x6C, 0xA1, 0x26, 0x64, 0x25, 0xBC, 0x5F, 0x2A, 0xA4,
    0x93, 0x32, 0x24, 0x04, 0xB6, 0x25, 0xB7, 0xA5, 0x70, 0x27, 0xB2, 0xCC, 0xB7, 0x7A, 0x5B, 0xCE,
    0xBD, 0xB7, 0x35, 0x7D, 0x28, 0xF5, 0x3B, 0x30, 0xF5, 0x21, 0x07, 0xA9, 0x76, 0x90, 0xEB, 0x49,
    0x07, 0x17, 0x62, 0xB3, 0x8F, 0xC6, 0xB3, 0xBB, 0x24, 0x61, 0xD4, 0x53, 0xA8, 0x1F, 0x60, 0xAE,
    0x19, 0x4E, 0xDE, 0x33, 0x68, 0xB6, 0x85, 0x21, 0x5E, 0x74, 0x50, 0x78, 0xC4, 0x6B, 0x8C, 0xA6,
    0x0B, 0xF5, 0xE8, 0x35, 0x30, 0x78, 0x1C, 0x1F, 0xBC, 0x42, 0x0C, 0x41, 0xB0, 0xA8, 0xC2, 0x95,
    0xB1, 0xBE, 0x06, 0x27, 0xCF, 0x63, 0x94, 0x27, 0x25, 0xFA, 0x60, 0x6A, 0x89, 0x54, 0x6A, 0xD5,
    0x89, 0xA4, 0xC1, 0x85, 0xDE, 0x22, 0xF4, 0xA0, 0xE8, 0x54, 0x2D, 0x55, 0x8F, 0xA2, 0x45, 0x0C,
    0x0E, 0x74, 0x7F, 0xA2, 0x5F, 0xB7, 0x1F, 0xF8, 0x0D, 0x98, 0xE8, 0x2D, 0xC6, 0xE3, 0x38, 0x1F,
    0x11, 0x3D, 0xD7, 0x15, 0x08, 0xF7, 0xBB, 0x75, 0x16, 0x9F, 0x6D, 0x16, 0x5D, 0x9E, 0xE6, 0x32,
    0x9A, 0x03, 0x0E, 0x3D, 0x03, 0x86, 0x83, 0xCF, 0x75, 0xA9, 0xDE, 0x3D, 0x85, 0xCA, 0x5D, 0x95,
    0x67, 0x1B, 0xA4, 0x5E, 0x34, 0xCD, 0x8D, 0x64, 0x50, 0x40, 0x11, 0x85, 0x58, 0x80, 0x79, 0xD5,
    0x74, 0x20, 0x51, 0x4A, 0x3F, 0x74, 0xB5, 0x83, 0x9A, 0x27, 0xC3, 0xCE, 0xE8, 0xB6, 0x15, 0xFE,
    0xE8, 0x2A, 0x2C, 0x94, 0x6A, 0x30, 0xAB, 0x63, 0xDA, 0xCA, 0xE9, 0x44, 0x9C, 0x0F, 0x21, 0x02,
    0x35, 0xA8, 0xE4, 0xDE, 0xE0, 0x1A, 0x96, 0xD1, 0x79, 0x87, 0x05, 0x3C, 0x24, 0x70, 0x1A, 0x51,
    0x71, 0x12, 0x4D, 0x10, 0x41, 0x66, 0xAE, 0x53, 0x06, 0x8B, 0xFD, 0xAD, 0x86, 0x70, 0xB2, 0x87,
    0x28, 0xA4, 0x03, 0x60, 0x64, 0x75, 0x16, 0x73, 0xA2, 0xAA, 0x7D, 0x90, 0xF5, 0x60, 0x74, 0xCE,
    0x48, 0x14, 0xE5, 0x56, 0xD5, 0x72, 0x65, 0x66, 0xC0, 0x43, 0xC6, 0x80, 0x87, 0xF4, 0xBC, 0x2A,
    0xF4, 0x23, 0x56, 0xD5, 0x31, 0x0B, 0x99, 0x5F, 0x92, 0x07, 0xDE, 0x42, 0xCE, 0xEA, 0xAB, 0x58,
    0x38, 0xF5, 0xC2, 0xC2, 0x09, 0x60, 0xC6, 0x68, 0xF7, 0xCD, 0x69, 0x3F, 0x69, 0x1F, 0xC3, 0x7D,
    0x0C, 0x67, 0x36, 0x76, 0xA8, 0x11, 0x86, 0xFE, 0xC8, 0x31, 0x4F, 0xD0, 0xD6, 0x4D, 0xB8, 0x30,
    0xF1, 0x55, 0xBC, 0x53, 0xB8, 0xCD, 0xD3, 0x3E, 0xC7, 0xD6, 0x93, 0xC2, 0x46, 0x56, 0x76, 0x14,
    0x70, 0xDA, 0xCB, 0x24, 0x9D, 0xD0, 0xA0, 0x03, 0x67, 0xE5, 0x81, 0xE6, 0x30, 0x47, 0x66, 0xFF,
    0x76, 0x3F, 0x3B, 0x44, 0xC2, 0x61, 0x0E, 0xCE, 0x8C, 0x67, 0xDD, 0xD6, 0x3C, 0x22, 0xFB, 0x60,
    0xEE, 0xB9, 0x7B, 0x6E, 0x3D, 0xFF, 0xE6, 0xEC, 0xC6, 0xE1, 0xBC, 0xA5, 0xFB, 0x80, 0x2B, 0xC0,
    0x74, 0x89, 0x25, 0xBE, 0xD6, 0xD9, 0xFB, 0xE3, 0x3A, 0xFB, 0x17, 0x30, 0x15, 0xCC, 0x48, 0x18,
    0xE7, 0x3E, 0x2D, 0x4D, 0x85, 0x55, 0x83, 0xDD, 0xEC, 0xCC, 0x60, 0xE9, 0x5D, 0x19, 0x1A, 0x53,
    0x09, 0x7D, 0xA1, 0x43, 0x40, 0xA5, 0xBE, 0xFE, 0x6C, 0x38, 0xE5, 0x25, 0x96, 0x40, 0xB4, 0x54,
    0x52, 0x06, 0xC2, 0x1D, 0x97, 0x2A, 0x28, 0xC7, 0x5E, 0x55, 0x73, 0x69, 0x6A, 0x46, 0xD3, 0x9F,
    0x5E, 0x18, 0xDA, 0x2D, 0x65, 0xBA, 0x9B, 0x25, 0x98, 0xFE, 0x64, 0x96, 0x0B, 0x99, 0xB6, 0x58,
    0xEF, 0xFD, 0x61, 0x57, 0x38, 0xA7, 0xC7, 0x24, 0x07, 0x3D, 0xA6, 0xD3, 0x47, 0x4C, 0x89, 0x81,
    0x1E, 0x53, 0x95, 0xA6, 0xFC, 0x9C, 0x79, 0x6E, 0x52, 0xE3, 0x2D, 0x12, 0x15, 0xA7, 0xF1, 0x4C,
    0x1B, 0x80, 0x04, 0x7F, 0x80, 0x7F, 0xA3, 0x32, 0x44, 0x36, 0xF4, 0xA2, 0xF4, 0x91, 0x80, 0x42,
    0xDB, 0x18, 0x4D, 0xB0, 0x4C, 0x3A, 0x1D, 0x6A, 0x0A, 0x25, 0x22, 0xC3, 0xF6, 0x92, 0x83, 0xAA,
    0xDF, 0x42, 0xF9, 0xCD, 0xE7, 0x49, 0xDB, 0xB7, 0x82, 0xE2, 0x5F, 0xC5, 0x48, 0xFF, 0xB1, 0xAC,
    0x98, 0xDF, 0x95, 0xE1, 0x25, 0xA2, 0x10, 0x48, 0x3F, 0x5D, 0x26, 0xE3, 0xFF, 0xB6, 0xC8, 0xDD,
    0x2B, 0xD7, 0x59, 0xEE, 0xA4, 0x59, 0xA1, 0x8D, 0xE8, 0x50, 0x42, 0x9B, 0x06, 0xF8, 0x58, 0xD5,
    0x19, 0xFC, 0xF0, 0x0C, 0x68, 0xF3, 0xD4, 0xF3, 0x31, 0x6B, 0xD3, 0xBE, 0xE8, 0xD3, 0xBE, 0xEA,
    0xD3, 0xAE, 0xE8, 0xB3, 0x6D, 0xD6, 0x3E, 0x15, 0x5D, 0x9E, 0x0A, 0xA9, 0x78, 0x0B, 0x61, 0x79,
    0x4A, 0xFE, 0x5E, 0x29, 0x96, 0xFF, 0x37, 0x62, 0xF6, 0xA1, 0x9C, 0x14, 0x98, 0x00, 0x05, 0x5F,
    0xB9, 0x05, 0xCE, 0x5D, 0x03, 0xAF, 0x50, 0xDA, 0x3D, 0x42, 0x23, 0xDD, 0xD5, 0xA1, 0x11, 0x64,
    0x04, 0xD0, 0x7D, 0x6C, 0x4E, 0xE4, 0xAB, 0x98, 0x92, 0xD5, 0x3B, 0x32, 0xB0, 0x4C, 0x75, 0x62,
    0x45, 0xF8, 0xE4, 0xFF, 0x16, 0xA6, 0x76, 0x65, 0xE3, 0xFD, 0xE4, 0x32, 0x43, 0x6B, 0xA7, 0x3D,
    0x56, 0xDC, 0xB6, 0x9E, 0xDD, 0x68, 0x5F, 0x0B, 0x56, 0xFB, 0xB6, 0x69, 0x79, 0xB4, 0xAE, 0x16,
    0x91, 0xE9, 0x45, 0x7D, 0x69, 0xFC, 0x56, 0x49, 0x58, 0xCD, 0x51, 0x7F, 0x47, 0xAD, 0xB0, 0x9A,
    0xA3, 0xE1, 0x91, 0xBB, 0x9E, 0x70, 0xDA, 0xAF, 0xAD, 0xFE, 0x68, 0x47, 0xB4, 0xEF, 0x31, 0x21,
    0xBC, 0xEA, 0xF1, 0x48, 0xB4, 0xEF, 0xDD, 0xBD, 0xA1, 0xB6, 0x93, 0xA1, 0xB6, 0x0E, 0x7C, 0x51,
    0xCC, 0x38, 0x41, 0x1C, 0x5E, 0xA5, 0x38, 0x96, 0x3C, 0x52, 0x28, 0xAC, 0x2D, 0x8F, 0xE4, 0x5B,
    0xA2, 0x7D, 0x59, 0x47, 0xB4, 0x2F, 0xED, 0x89, 0xF6, 0x25, 0x9A, 0xC7, 0x20, 0xD2, 0xB9, 0x19,
    0x88, 0xF6, 0xC5, 0x63, 0x65, 0x35, 0xD1, 0xBE, 0x70, 0x32, 0xB4, 0xCF, 0x19, 0xDA, 0xE7, 0xC5,
    0xB2, 0xF1, 0xE2, 0x69, 0x20, 0x64, 0x61, 0x74, 0x78, 0x75, 0xD6, 0xC6, 0xE9, 0x22, 0xE7, 0x04,
    0xA0, 0xA0, 0x37, 0x47, 0xA9, 0xF2, 0x08, 0x01, 0x73, 0x8F, 0x80, 0xC8, 0x4E, 0xEE, 0x08, 0x22,
    0x5B, 0xD5, 0x40, 0x64, 0x3D, 0xFA, 0x47, 0x44, 0x76, 0xB8, 0x1A, 0x22, 0x7B, 0x31, 0x06, 0x68,
    0x88, 0xEC, 0x4B, 0xC0, 0x93, 0xF5, 0xE7, 0xDB, 0x6B, 0x41, 0x0E, 0xF2, 0x72, 0x5D, 0x9B, 0x2A,
    0xEA, 0xC3, 0x04, 0x7C, 0xB6, 0x56, 0x5A, 0x5F, 0x07, 0x6E, 0xAD, 0x76, 0xE2, 0xED, 0x6C, 0x92,
    0xC4, 0xE7, 0x4A, 0x20, 0x37, 0x30, 0x9C, 0x4C, 0xF5, 0x54, 0x63, 0xA9, 0xBE, 0x75, 0x9F, 0x93,
    0x95, 0x6B, 0x7C, 0xBC, 0xF7, 0x26, 0x9B, 0xDD, 0x51, 0x99, 0xC1, 0x7C, 0xEB, 0xA5, 0x9C, 0xBD,
    0xAF, 0xC1, 0x4A, 0xCC, 0xB7, 0xF0, 0xA6, 0xFF, 0x0F, 0x20, 0x1E, 0xE6, 0x85, 0x51, 0x47, 0xFF,
    0xFA, 0x75, 0x9A, 0xB7, 0xA6, 0xE8, 0xF8, 0x2A, 0xB8, 0xB8, 0xCA, 0x7D, 0x95, 0xD5, 0xCD, 0x20,
    0x55, 0xFE, 0x0F, 0xF4, 0x45, 0xFC, 0x1C, 0x10, 0x42, 0xE1, 0xBE, 0xA3, 0x36, 0xB6, 0x18, 0x97,
    0x4A, 0x9F, 0x66, 0x0B, 0x0D, 0x4E, 0xA9, 0xD7, 0x05, 0x86, 0x4E, 0x18, 0x3C, 0xA1, 0xF3, 0x41,
    0x2A, 0xDD, 0x73, 0x0B, 0xF4, 0x4F, 0x3B, 0xC5, 0x91, 0x05, 0x74, 0x48, 0x98, 0x97, 0xC8, 0x06,
    0x67, 0xA3, 0xB3, 0xE1, 0xD9, 0xF8, 0x6C, 0x80, 0xE6, 0x2B, 0xFA, 0x72, 0x25, 0x6A, 0xBC, 0x16,
    0x6B, 0x8F, 0xF7, 0xD7, 0xF9, 0xDA, 0xE7, 0x09, 0x65, 0x3B, 0x9B, 0x53, 0x86, 0xBC, 0x18, 0x54,
    0x95, 0x52, 0x45, 0x78, 0xCE, 0x6B, 0x0C, 0x13, 0xF0, 0xB2, 0x85, 0x06, 0x08, 0xDD, 0xAF, 0x30,
    0x77, 0x24, 0x56, 0x8A, 0x55, 0xA8, 0x36, 0xB1, 0x84, 0x10, 0xCE, 0x61, 0x1F, 0xD5, 0x7D, 0xFC,
    0x73, 0x34, 0xB7, 0x85, 0x7E, 0x7F, 0xF5, 0x33, 0xD7, 0x40, 0xD8, 0x1B, 0xF3, 0xFB, 0x77, 0xD8,
    0x42, 0xD3, 0x1E, 0x7B, 0x68, 0xBA, 0x83, 0xFE, 0x98, 0x0C, 0xF0, 0xFB, 0x6F, 0x46, 0x2C, 0x61,
    0x1B, 0xE6, 0x1F, 0x80, 0x4D, 0xFA, 0x17, 0xFA, 0x69, 0x55, 0x32, 0xA0, 0xBF, 0xE9, 0x8E, 0x55,
    0x8F, 0x2A, 0xEB, 0x39, 0x94, 0x0E, 0x55, 0xD5, 0xE2, 0x39, 0x57, 0x17, 0x88, 0x97, 0x87, 0xC9,
    0x2D, 0xC6, 0xB7, 0x1A, 0xDA, 0xF9, 0x4E, 0x75, 0x1F, 0x65, 0x44, 0xA4, 0xB9, 0x2D, 0xE5, 0x21,
    0xB7, 0x25, 0xB1, 0xDC, 0x96, 0x37, 0xEF, 0xCD, 0x43, 0xD7, 0x81, 0x5F, 0x18, 0xCC, 0x7D, 0x36,
    0xAD, 0xE5, 0x1E, 0xD2, 0x5A, 0xE2, 0x51, 0x21, 0xC3, 0x09, 0xD1, 0x70, 0xC0, 0x58, 0x35, 0x16,
    0xCE, 0x41, 0x35, 0x75, 0xCB, 0x42, 0x24, 0x0E, 0xF6, 0x3E, 0x86, 0x55, 0x32, 0xD6, 0xA7, 0xE8,
    0x90, 0xD6, 0x02, 0xD0, 0xD3, 0xE3, 0x9D, 0x73, 0x22, 0x18, 0xC3, 0x96, 0xC5, 0x24, 0x82, 0x16,
    0xE2, 0x28, 0x79, 0x0D, 0x57, 0xB2, 0x9C, 0x72, 0xB6, 0x8E, 0x5D, 0xBE, 0x71, 0x3C, 0x79, 0xEA,
    0xC0, 0xED, 0x39, 0x67, 0xC9, 0x82, 0x16, 0x85, 0x47, 0x08, 0x5A, 0x1C, 0x01, 0xEC, 0x4E, 0x8B,
    0xA0, 0x45, 0x87, 0xA0, 0x45, 0x67, 0x46, 0x84, 0x5B, 0x97, 0xB2, 0x48, 0x3A, 0x9F, 0xF9, 0x21,
    0xAB, 0x0A, 0xF8, 0x05, 0x60, 0xAC, 0x43, 0x3E, 0xB0, 0xAE, 0x70, 0xBA, 0x50, 0x90, 0x67, 0x64,
    0x9A, 0xE7, 0x9A, 0xD8, 0xB3, 0x49, 0x0D, 0xB2, 0x81, 0x7A, 0xC9, 0x88, 0xC0, 0x14, 0xB1, 0x2A,
    0x30, 0xDB, 0x80, 0xE4, 0x86, 0xFB, 0x6C, 0xFB, 0x12, 0xCC, 0xA8, 0xE0, 0xFD, 0x44, 0xBD, 0xFB,
    0xA3, 0x5A, 0x33, 0x24, 0x43, 0xF6, 0x3B, 0xC4, 0x2E, 0xFE, 0x42, 0x3B, 0xBD, 0x4F, 0xB7, 0x17,
    0x4E, 0xB2, 0xE7, 0xCE, 0xC3, 0x03, 0x1A, 0xCD, 0xD4, 0xEA, 0x94, 0x89, 0x3C, 0xE0, 0x4A, 0x4A,
    0x93, 0x56, 0x59, 0xE3, 0x72, 0x5E, 0x83, 0x3F, 0x96, 0x5C, 0x87, 0x70, 0x27, 0x92, 0x81, 0x9C,
    0xA2, 0xDD, 0x05, 0x76, 0x31, 0x18, 0x99, 0x96, 0x84, 0xE5, 0xDD, 0x92, 0x71, 0x6E, 0x8E, 0x83,
    0x32, 0x37, 0x2A, 0x59, 0xB8, 0x9F, 0x11, 0x7B, 0x83, 0xDA, 0xD1, 0xCA, 0x06, 0x31, 0x2C, 0x5C,
    0xCB, 0x13, 0x5E, 0xA3, 0x95, 0x84, 0xA9, 0x6C, 0xC6, 0xDB, 0x19, 0xD8, 0x37, 0x9B, 0xCE, 0xB8,
    0x3C, 0x5F, 0x5B, 0xC4, 0x30, 0xF9, 0xBD, 0x9D, 0xDD, 0x02, 0x6E, 0x0E, 0x63, 0x8E, 0xFC, 0xB5,
    0xB2, 0xDF, 0xAE, 0x15, 0x04, 0x28, 0x2C, 0xFA, 0x27, 0x51, 0x41, 0xB0, 0x6B, 0x48, 0x43, 0xC5,
    0xB8, 0x0D, 0x88, 0x44, 0x63, 0xD7, 0x42, 0xB2, 0xDA, 0xE2, 0x39, 0x82, 0xE0, 0xEE, 0x5F, 0xAF,
    0x78, 0x1D, 0x59, 0x6A, 0x54, 0x99, 0x2B, 0x85, 0xE5, 0x89, 0xAD, 0x06, 0x5B, 0x6B, 0xB4, 0xF1,
    0xE7, 0xEE, 0x5E, 0xD5, 0x2B, 0xDF, 0xE5, 0x8E, 0x04, 0x8B, 0x2C, 0x92, 0xBC, 0xC0, 0x7D, 0xC5,
    0x52, 0xBD, 0x43, 0x6B, 0xA2, 0x0C, 0xC8, 0x05, 0x17, 0x5D, 0x59, 0xC8, 0xDD, 0xE2, 0x02, 0xA1,
    0x3F, 0x7B, 0x9F, 0x99, 0x36, 0xBB, 0xB7, 0x1C, 0xE4, 0xD9, 0x92, 0xD1, 0x26, 0x1B, 0x7B, 0x25,
    0xDF, 0xBE, 0x02, 0x47, 0x85, 0xA6, 0xF0, 0xD7, 0x9A, 0xFC, 0x94, 0xDB, 0xE2, 0x3C, 0x24, 0x7E,
    0x81, 0x9E, 0x73, 0x0F, 0xBD, 0xB8, 0x58, 0xFA, 0x63, 0xBA, 0x0A, 0xC4, 0x26, 0xB5, 0x7C, 0xBE,
    0x7B, 0x7F, 0x49, 0xC6, 0x86, 0x46, 0xB0, 0xCF, 0x49, 0x62, 0x8E, 0xA8, 0xFC, 0x1D, 0xAF, 0xA0,
    0xAC, 0x51, 0xF9, 0x43, 0x55, 0xB1, 0x52, 0xE6, 0x35, 0x76, 0x36, 0x41, 0x89, 0xD1, 0x11, 0x72,
    0x3B, 0x1D, 0x39, 0xF2, 0x9E, 0x31, 0x4F, 0x35, 0x32, 0xCB, 0x3E, 0x85, 0x17, 0xC9, 0x67, 0xB3,
    0x95, 0xCC, 0x63, 0x64, 0x56, 0xA3, 0xB6, 0x21, 0x9D, 0xCC, 0x09, 0x1F, 0xA8, 0xF4, 0x48, 0x1F,
    0x12, 0x84, 0x98, 0x61, 0x0C, 0xF2, 0x7B, 0x64, 0xAA, 0x91, 0x46, 0xE1, 0xB5, 0x68, 0x15, 0x7D,
    0xD8, 0x7A, 0x73, 0xB9, 0x22, 0x9A, 0xA0, 0x92, 0x9A, 0xF5, 0xDE, 0x5B, 0x72, 0xF8, 0x7C, 0x20,
    0xBF, 0x3D, 0x92, 0x19, 0x30, 0x55, 0x93, 0x6E, 0xB3, 0xA1, 0x8C, 0x1A, 0x0C, 0x45, 0xD7, 0xC8,
    0x14, 0x7D, 0x52, 0x1D, 0x64, 0x57, 0xC5, 0xC4, 0x6E, 0x08, 0xED, 0x56, 0x9F, 0xF7, 0x97, 0x6E,
    0xC0, 0x4B, 0xE3, 0x0E, 0xFB, 0x55, 0xDC, 0xA1, 0x92, 0x17, 0xF4, 0x05, 0x81, 0x4D, 0x91, 0x11,
    0xE2, 0x40, 0x03, 0x8D, 0xE9, 0x65, 0x58, 0x7B, 0xB8, 0xD7, 0xCE, 0x6D, 0xC8, 0x2E, 0xB6, 0x25,
    0xB8, 0x63, 0x8A, 0xB9, 0xA8, 0xBD, 0xE7, 0xEB, 0x0C, 0xEA, 0xF1, 0x2F, 0x07, 0x6C, 0x18, 0xFD,
    0xFA, 0xC0, 0x47, 0xF4, 0x42, 0x33, 0xAE, 0xBA, 0xD9, 0xA8, 0xB1, 0xC4, 0xE9, 0x68, 0x6F, 0x89,
    0xD3, 0x55, 0xB7, 0x4C, 0x9C, 0xBE, 0x2C, 0xED, 0xE2, 0x85, 0x67, 0xEE, 0x6B, 0x6A, 0xA8, 0x67,
    0x9D, 0x5C, 0x6E, 0x9E, 0x20, 0x74, 0x12, 0xCE, 0xBC, 0xED, 0x39, 0x23, 0xF4, 0xAB, 0xE4, 0xDE,
    0xAB, 0xB3, 0xDB, 0x14, 0x23, 0x5E, 0x23, 0x5B, 0x67, 0x63, 0x35, 0x91, 0x8A, 0x11, 0x39, 0xA6,
    0x82, 0x2A, 0x07, 0x1A, 0x59, 0x0F, 0x55, 0x09, 0x09, 0x5D, 0xAF, 0x9B, 0x5A, 0x8E, 0x38, 0xD4,
    0x5B, 0x66, 0x0F, 0x6D, 0x16, 0x78, 0x27, 0x43, 0x60, 0xED, 0xC0, 0x12, 0x1E, 0x99, 0x53, 0xC1,
    0xAE, 0x48, 0xE8, 0xF9, 0x6E, 0xBC, 0x91, 0xC1, 0xAD, 0x0B, 0xAB, 0x25, 0xB5, 0x5A, 0x2E, 0xA0,
    0xB9, 0x21, 0xCB, 0x77, 0x14, 0x8E, 0xED, 0xC8, 0x55, 0x15, 0x7A, 0xA7, 0x9E, 0xD1, 0x8D, 0x43,
    0x2A, 0x3D, 0x23, 0x04, 0x18, 0xD1, 0x56, 0xCE, 0x07, 0x08, 0x9C, 0x1C, 0xDC, 0x8A, 0x4D, 0x6B,
    0xA3, 0x84, 0xEC, 0xE5, 0xDB, 0x23, 0x52, 0xA6, 0x5A, 0x95, 0x9B, 0x98, 0x79, 0x9B, 0x4C, 0xDF,
    0x71, 0x9D, 0x50, 0x34, 0xEB, 0x84, 0xA2, 0x7F, 0x6C, 0xB4, 0x1D, 0xB0, 0xE5, 0xDE, 0xC3, 0x06,
    0x57, 0x1A, 0x34, 0x1C, 0x42, 0xAF, 0x3F, 0x21, 0x1C, 0x0C, 0x05, 0xAF, 0xBD, 0xA3, 0x45, 0xD3,
    0xB2, 0x97, 0x1A, 0x03, 0xE2, 0xB0, 0x6F, 0xEC, 0xCD, 0xD3, 0x7F, 0xF2, 0xB3, 0x60, 0x76, 0x79,
    0xC2, 0xF7, 0x81, 0x40, 0x24, 0x91, 0x26, 0xE4, 0xDB, 0xD7, 0x67, 0x7D, 0x8E, 0x2F, 0x22, 0xE1,
    0x91, 0x85, 0x95, 0x8F, 0x66, 0xF1, 0x40, 0x03, 0xCD, 0xBB, 0xF3, 0x5B, 0xDF, 0x57, 0x4C, 0xF3,
    0x67, 0x45, 0xC9, 0x89, 0x94, 0x7C, 0xF2, 0xE5, 0x52, 0xF2, 0x6D, 0x50, 0x92, 0x0E, 0x39, 0x0C,
    0x35, 0xB2, 0x3C, 0x18, 0x2D, 0xFF, 0x04, 0x4A, 0x33, 0x43, 0xAF, 0x93, 0x27, 0x97, 0xD2, 0xB2,
    0xBF, 0x98, 0x96, 0xBB, 0xAB, 0xD2, 0xB2, 0x4C, 0xCC, 0x20, 0x56, 0xED, 0xEF, 0x3F, 0xB5, 0x35,
    0xA8, 0x90, 0x98, 0x4A, 0x93, 0xC7, 0x60, 0xCB, 0x0F, 0x56, 0x0B, 0x1B, 0xD7, 0x3C, 0xE9, 0xC1,
    0x8C, 0xBE, 0x45, 0x17, 0xA0, 0x6F, 0x2F, 0xA0, 0x88, 0xDF, 0xBA, 0x1F, 0x3D, 0x94, 0xFE, 0xC8,
    0x16, 0x10, 0xED, 0xB1, 0xC3, 0xEC, 0xFD, 0xDB, 0x4E, 0xCA, 0xE7, 0x26, 0xE2, 0xF0, 0xB2, 0x8D,
    0xC8, 0xBE, 0x1B, 0x7D, 0xC0, 0xF4, 0x17, 0x76, 0x37, 0x5F, 0x1E, 0xD5, 0xBB, 0x74, 0xFB, 0x5D,
    0x10, 0xD5, 0xEB, 0x1B, 0xAC, 0xE7, 0x06, 0xA1, 0x32, 0x04, 0x04, 0xB7, 0xD1, 0x11, 0x8B, 0x73,
    0x42, 0xDE, 0xE6, 0x2B, 0xC0, 0xA9, 0xA8, 0x16, 0xDC, 0x19, 0xE6, 0x48, 0xA4, 0x75, 0x64, 0xA1,
    0x66, 0x1F, 0x08, 0x4D, 0x77, 0xB1, 0xB2, 0xE6, 0xA9, 0x9C, 0xA7, 0x8B, 0x57, 0xA9, 0xDF, 0x11,
    0xC7, 0x3D, 0x28, 0xDE, 0xB9, 0x43, 0x8F, 0xE2, 0x2D, 0x6D, 0xAF, 0x44, 0xFB, 0x9B, 0xD5, 0xC1,
    0x37, 0x44, 0x79, 0x41, 0x20, 0xF5, 0xA7, 0x87, 0xC4, 0x51, 0xCB, 0x1B, 0x65, 0xDA, 0x28, 0xB3,
    0x46, 0x2D, 0x46, 0xF1, 0x8C, 0xF2, 0xF2, 0xC2, 0xF0, 0xE3, 0xA0, 0xB7, 0x23, 0x28, 0x64, 0x44,
    0x08, 0x40, 0xF1, 0xB8, 0x0F, 0x8A, 0x9F, 0x88, 0x0A, 0xF3, 0xBD, 0xDA, 0xD3, 0x4E, 0xE5, 0x58,
    0x25, 0x0E, 0x51, 0xD1, 0x4F, 0x13, 0xDC, 0xB9, 0x64, 0x43, 0x4D, 0x6C, 0xB5, 0xE2, 0xE9, 0x37,
    0xCF, 0x90, 0x46, 0xD3, 0xE1, 0xE4, 0x89, 0x65, 0x79, 0x71, 0x24, 0x7A, 0xFF, 0x74, 0x34, 0x3A,
    0x32, 0xD8, 0x84, 0x7E, 0x5C, 0x85, 0x05, 0xDA, 0x95, 0xAF, 0xD6, 0x06, 0x5B, 0xD0, 0xF3, 0x0D,
    0xBA, 0x29, 0xDC, 0x7E, 0x34, 0x28, 0x76, 0x20, 0x68, 0xBC, 0x01, 0x8C, 0xB2, 0xE5, 0xA0, 0x5E,
    0xC7, 0x92, 0xD0, 0x35, 0xB4, 0x99, 0x27, 0x66, 0x17, 0x20, 0xA2, 0xCC, 0x07, 0xF1, 0x9D, 0xFF,
    0x58, 0xC6, 0x04, 0xCE, 0xA1, 0x59, 0x1F, 0x51, 0xB2, 0x63, 0xB6, 0x44, 0x6F, 0x50, 0x91, 0xE5,
    0xBC, 0x58, 0xAA, 0x84, 0x65, 0x4A, 0xF8, 0x73, 0x68, 0x98, 0x27, 0xE1, 0x33, 0x0A, 0x58, 0x65,
    0xCB, 0x63, 0x52, 0x40, 0xAB, 0xD0, 0xF9, 0x84, 0x8D, 0x82, 0xF9, 0x1A, 0x48, 0xDB, 0x18, 0x51,
    0x29, 0xC4, 0xD2, 0x1E, 0x0E, 0xC8, 0x91, 0x67, 0xB1, 0xAA, 0x76, 0x04, 0xD7, 0x5B, 0x0D, 0x02,
    0x4B, 0x10, 0x1C, 0xFB, 0x5F, 0xBA, 0x74, 0x19, 0x82, 0x61, 0x31, 0xFF, 0x41, 0xF8, 0x1E, 0x17,
    0xCF, 0xAF, 0xAB, 0xE6, 0x26, 0xBB, 0x45, 0x51, 0xFA, 0x64, 0x86, 0xFF, 0x03, 0xFE, 0x55, 0xE7,
    0xC7, 0x92, 0x19, 0xA2, 0x05, 0x68, 0x4E, 0x6F, 0xC1, 0x85, 0xE1, 0x9C, 0xBD, 0x0F, 0xE7, 0x1C,
    0x00, 0xA0, 0x23, 0x9C, 0x33, 0xE9, 0x57, 0xE1, 0x9C, 0x05, 0x7C, 0x25, 0xCA, 0xBD, 0xAD, 0x96,
    0x0A, 0x06, 0xD4, 0xE8, 0x78, 0xBB, 0xD1, 0x72, 0x52, 0x53, 0x41, 0x16, 0x5F, 0xE9, 0xDA, 0xC6,
    0x0D, 0xC5, 0xB9, 0x7C, 0x31, 0x3B, 0xF4, 0x64, 0x7D, 0xB4, 0xE7, 0x25, 0x9F, 0x1B, 0xC4, 0xB6,
    0x68, 0x3D, 0xF9, 0x2E, 0x3E, 0xFB, 0xE5, 0x7A, 0x30, 0x2C, 0xBA, 0x8F, 0xA3, 0x3D, 0xE3, 0x1E,
    0x86, 0x74, 0xBC, 0x87, 0xE3, 0xD5, 0x87, 0xA1, 0x36, 0x9C, 0xFA, 0xD9, 0x78, 0x93, 0x19, 0xC6,
    0xB3, 0x60, 0xA2, 0x41, 0x57, 0xFC, 0x70, 0x42, 0xD7, 0x78, 0x1B, 0xCF, 0x81, 0x49, 0xF6, 0xD7,
    0x78, 0x9E, 0xF9, 0xDE, 0x19, 0xAE, 0xFA, 0x36, 0x9D, 0x5B, 0xE3, 0x06, 0xDC, 0x1B, 0xE2, 0x2D,
    0xFF, 0xE2, 0x8A, 0xFE, 0x83, 0x76, 0x71, 0xBE, 0xC3, 0xE6, 0x46, 0xB3, 0xD4, 0x36, 0x43, 0x9E,
    0xE9, 0x50, 0x7C, 0x5F, 0xC9, 0xF0, 0x2D, 0xC4, 0x0F, 0xFC, 0x10, 0xB1, 0xAB, 0xBC, 0xE6, 0xF7,
    0xA9, 0x1D, 0xF5, 0x78, 0x2D, 0x99, 0x1C, 0x75, 0xAF, 0x33, 0x18, 0x02, 0xF8, 0x84, 0x79, 0x4D,
    0x9A, 0x8F, 0x10, 0x81, 0xC5, 0xC3, 0x29, 0x37, 0xBB, 0xA2, 0x7C, 0x09, 0xB6, 0xC2, 0xB0, 0x4F,
    0x35, 0x95, 0x75, 0x40, 0x46, 0x08, 0xFC, 0x34, 0xC5, 0x27, 0x38, 0x6F, 0xEA, 0xAF, 0x76, 0xDE,
    0xA7, 0x72, 0x3D, 0xD7, 0xD7, 0xAB, 0x33, 0x61, 0xFC, 0x03, 0x4C, 0xA8, 0x56, 0x4C, 0x70, 0xE5,
    0xD5, 0x99, 0xD0, 0xC0, 0xE3, 0xE4, 0x99, 0xA0, 0x55, 0x4E, 0x26, 0x54, 0x38, 0xF6, 0x50, 0x9D,
    0x1A, 0xF9, 0x54, 0x9E, 0x5A, 0x42, 0x27, 0xB7, 0x2D, 0x46, 0xEB, 0xBB, 0x45, 0xF2, 0x80, 0xC7,
    0xF3, 0x0D, 0x62, 0xF5, 0x21, 0x1A, 0xBF, 0x65, 0x35, 0xCD, 0xBE, 0x9C, 0x2F, 0x4C, 0xF8, 0xDD,
    0x17, 0x24, 0x3C, 0xCF, 0xCD, 0x20, 0xB4, 0x54, 0x2C, 0xA0, 0x62, 0x87, 0xE4, 0xF2, 0x66, 0x5C,
    0xC6, 0x3F, 0xAD, 0x92, 0xB6, 0x85, 0x82, 0x5D, 0xB0, 0x4A, 0xDB, 0x3E, 0xE4, 0x6D, 0x87, 0x97,
    0x27, 0x6E, 0x53, 0x63, 0x56, 0x3B, 0x3C, 0x55, 0x0F, 0x23, 0x04, 0x1A, 0xB1, 0x16, 0xC8, 0x50,
    0x2F, 0x5A, 0x38, 0xBB, 0x0A, 0x4D, 0xDA, 0x28, 0x70, 0x58, 0x72, 0x41, 0xE7, 0x8A, 0x53, 0x9C,
    0xCB, 0x55, 0x48, 0xD1, 0x6F, 0x83, 0xA9, 0x42, 0x92, 0x7E, 0x1B, 0x8D, 0x95, 0x0A, 0x8B, 0xC6,
    0xB5, 0x57, 0x6A, 0x53, 0xC9, 0x48, 0x77, 0x95, 0x86, 0x56, 0xE8, 0x3C, 0xAC, 0x90, 0x8A, 0xB0,
    0xCD, 0xB6, 0x05, 0x93, 0xD1, 0xC5, 0x10, 0x56, 0x96, 0xCA, 0x45, 0x5D, 0x20, 0xBF, 0x76, 0xDB,
    0x04, 0x85, 0x62, 0x7C, 0xF9, 0x56, 0xE4, 0x00, 0xB8, 0xC1, 0xBF, 0xC9, 0x2B, 0x00, 0xD1, 0xFE,
    0x4A, 0x2E, 0xD4, 0xD0, 0xCE, 0xFF, 0x5D, 0xDE, 0xA5, 0xF2, 0x93, 0xFF, 0x5A, 0xDE, 0xA5, 0x96,
    0x7E, 0xFE, 0x99, 0xBC, 0x4B, 0x45, 0x22, 0xC7, 0x99, 0xCD, 0x2D, 0x63, 0x3B, 0x0B, 0x26, 0xA8,
    0x98, 0x19, 0xAA, 0x6E, 0x21, 0xC4, 0x7F, 0xE0, 0xFC, 0x80, 0xD1, 0x5F, 0xF8, 0xC8, 0x0F, 0x03,
    0x13, 0x1B, 0x7F, 0x32, 0xD2, 0xDE, 0x92, 0x6E, 0x7C, 0x6E, 0xD5, 0xF1, 0x13, 0x5A, 0x0E, 0xE1,
    0x95, 0x80, 0xA3, 0x8B, 0x5A, 0x7A, 0xAE, 0xF2, 0x5B, 0xF3, 0xF4, 0xC0, 0xA2, 0xDE, 0x38, 0x0D,
    0x75, 0x91, 0x81, 0xE3, 0x3C, 0xC8, 0xA2, 0xCD, 0x3E, 0x2B, 0x35, 0x7F, 0xAA, 0x2D, 0x4E, 0x6B,
    0x60, 0xDC, 0x55, 0x56, 0x8B, 0x38, 0xE4, 0xED, 0x3E, 0xAB, 0x75, 0xCC, 0x1F, 0x8E, 0xD9, 0x3B,
    0x3A, 0xE4, 0xC7, 0x43, 0xFA, 0x63, 0x75, 0xBC, 0x3C, 0xEE, 0xD3, 0x5F, 0x68, 0x98, 0xC2, 0x47,
    0x5D, 0xFA, 0xB1, 0x62, 0x17, 0x1F, 0xB7, 0xA9, 0x1E, 0xDC, 0x97, 0x6A, 0x6A, 0x55, 0x0B, 0xB7,
    0xA3, 0x46, 0x83, 0x22, 0x17, 0xC5, 0xD1, 0x80, 0x45, 0x9E, 0x89, 0xE6, 0x86, 0xF0, 0x80, 0x4A,
    0x02, 0x13, 0x6A, 0xE5, 0x98, 0x06, 0xBB, 0x9F, 0x83, 0xC6, 0x94, 0x2E, 0x3C, 0x01, 0x1D, 0x13,
    0x74, 0x33, 0xC6, 0x17, 0x05, 0x88, 0x30, 0x91, 0x1A, 0xCE, 0xE3, 0x98, 0x53, 0x36, 0x1D, 0x99,
    0x01, 0x46, 0xAB, 0xBD, 0x41, 0x94, 0x4E, 0xC8, 0xD3, 0x1B, 0xCD, 0xFF, 0xA3, 0x1D, 0x90, 0x99,
    0x67, 0xA7, 0x33, 0x56, 0x4C, 0xC9, 0xE6, 0xE9, 0x0E, 0x6F, 0xD0, 0x7B, 0xFE, 0x8F, 0x3C, 0xC1,
    0xFB, 0xB3, 0x7E, 0x11, 0x02, 0xC1, 0x90, 0x5C, 0xEF, 0x4F, 0x4D, 0xD6, 0xA7, 0x26, 0xED, 0xAE,
    0x9A, 0x0E, 0x75, 0x34, 0x2B, 0xCA, 0x83, 0x3A, 0x74, 0xB5, 0x30, 0x19, 0xE9, 0x09, 0x93, 0x91,
    0xD4, 0xE7, 0x78, 0x37, 0xB8, 0x5D, 0x9F, 0x65, 0x6A, 0x32, 0x5A, 0xBA, 0x39, 0xD3, 0xDC, 0xE8,
    0x95, 0xC8, 0xE1, 0x8D, 0x90, 0x52, 0x03, 0xB1, 0x70, 0x06, 0x46, 0xBA, 0x45, 0xD6, 0xDC, 0x56,
    0x3B, 0x98, 0x76, 0xB4, 0x9D, 0xB5, 0x43, 0x49, 0x0F, 0xD4, 0x0C, 0x22, 0xB4, 0xF9, 0x1D, 0x2C,
    0x5B, 0x9C, 0x5A, 0x1E, 0xFF, 0x7E, 0xB0, 0xAC, 0x67, 0x8F, 0x7A, 0xD1, 0x31, 0x6B, 0x71, 0x81,
    0x34, 0x8A, 0x17, 0x60, 0x01, 0x79, 0x07, 0xA0, 0x82, 0x3A, 0x5D, 0xC5, 0x8D, 0xD4, 0x9F, 0x22,
    0x1C, 0x82, 0xD7, 0x03, 0x57, 0xE2, 0x81, 0x09, 0x90, 0x7D, 0xF8, 0x07, 0x4E, 0x6D, 0xBC, 0x21,
    0x3C, 0xF5, 0xE9, 0x31, 0xE1, 0x2A, 0x87, 0xCD, 0xE2, 0xB8, 0xEC, 0xE6, 0x0B, 0x13, 0xED, 0x70,
    0xB0, 0xC1, 0x84, 0x4D, 0xDB, 0xED, 0x19, 0xD2, 0x6D, 0xEE, 0x38, 0xF3, 0xCF, 0x33, 0x9F, 0xC2,
    0xCE, 0x53, 0x34, 0xBF, 0xFE, 0xC5, 0x3F, 0x65, 0x9C, 0x5C, 0x95, 0x9D, 0x5A, 0xCF, 0x98, 0x1E,
    0xCE, 0xB4, 0xCB, 0x7E, 0xB2, 0x18, 0x01, 0x12, 0x84, 0x2B, 0x78, 0x6C, 0x24, 0x5B, 0xFD, 0x44,
    0x90, 0x85, 0x67, 0xD1, 0x0F, 0x81, 0x9D, 0x81, 0xA1, 0x9F, 0x6F, 0xCC, 0x04, 0xE0, 0xF8, 0x39,
    0x7C, 0x8C, 0x3E, 0xDC, 0x1F, 0xE7, 0x3E, 0x22, 0xD6, 0x2B, 0x67, 0xF1, 0x4F, 0x06, 0xDF, 0xCD,
    0x2E, 0x3C, 0x9B, 0x24, 0xED, 0x33, 0xF8, 0xBA, 0x42, 0x53, 0x0D, 0x4A, 0xE7, 0x0F, 0x44, 0xF5,
    0xF1, 0xBE, 0x3E, 0x55, 0x71, 0x95, 0xB8, 0xF8, 0xF6, 0xCD, 0xE6, 0xD7, 0xAB, 0xCB, 0x94, 0xC3,
    0xF2, 0x2C, 0x24, 0xF6, 0xEA, 0x35, 0xE3, 0xD4, 0xDD, 0xE0, 0x35, 0x04, 0x12, 0xF1, 0x80, 0x9E,
    0xF4, 0xF7, 0x14, 0x33, 0x0E, 0x3B, 0x34, 0x86, 0xFD, 0xE9, 0xCD, 0xE4, 0xD4, 0x7B, 0x18, 0x7A,
    0x85, 0x91, 0x67, 0xFF, 0x31, 0x1E, 0xC6, 0xCD, 0x75, 0x3A, 0xF8, 0x9B, 0xEB, 0x36, 0xA7, 0xB0,
    0x25, 0x68, 0x70, 0xF4, 0xC6, 0xF5, 0x3E, 0x39, 0x14, 0x5E, 0x52, 0xEF, 0x52, 0x37, 0x9D, 0xA8,
    0x70, 0xCF, 0x2E, 0x8B, 0xEE, 0xFF, 0x01, 0xED, 0x5A, 0xBB, 0xB2, 0xE5, 0x46, 0x15, 0xD5, 0x03,
    0x1F, 0x95, 0x47, 0x81, 0x08, 0xA9, 0x99, 0xE0, 0x10, 0x52, 0x04, 0x28, 0x25, 0x70, 0x95, 0x64,
    0xF8, 0x0B, 0x27, 0x38, 0x20, 0xF1, 0x10, 0xDC, 0x4F, 0x90, 0x30, 0x21, 0xC9, 0x0D, 0xFC, 0x01,
    0x0E, 0xA0, 0xCA, 0x76, 0xE2, 0x94, 0x60, 0x18, 0x89, 0x72, 0x40, 0x40, 0xE0, 0x53, 0xC5, 0x07,
    0x58, 0x14, 0x53, 0x24, 0x0E, 0x46, 0x65, 0x9F, 0x40, 0x03, 0x92, 0x9A, 0xBD, 0xD6, 0xDE, 0xDD,
    0xEA, 0x7B, 0xB9, 0x36, 0x8F, 0x04, 0x07, 0x56, 0x9D, 0xAB, 0x6E, 0x9D, 0xAB, 0x6E, 0x75, 0xEF,
    0xC7, 0xDA, 0x6B, 0x6F, 0x9D, 0x24, 0xE1, 0xD1, 0x25, 0x76, 0x0C, 0xBE, 0xB3, 0x5B, 0x5B, 0xAC,
    0x72, 0x4A, 0x07, 0xE7, 0xDC, 0x55, 0x3A, 0x67, 0x69, 0xDD, 0x45, 0x3A, 0x68, 0x5F, 0xE1, 0xDF,
    0xEE, 0xF2, 0xC4, 0x8D, 0xF8, 0x8F, 0xDC, 0xE7, 0x26, 0x4C, 0x25, 0xA7, 0x66, 0xC6, 0x2D, 0x6D,
    0x92, 0x54, 0x4B, 0x92, 0xE4, 0x98, 0xAA, 0x5C, 0x6D, 0x2A, 0x9C, 0x2A, 0x4C, 0x95, 0x4B, 0xE7,
    0x3C, 0x5B, 0xA7, 0x99, 0x7C, 0x67, 0xBC, 0xDF, 0xE9, 0x7C, 0x67, 0xE8, 0x31, 0xCF, 0x62, 0x1D,
    0xCC, 0xA1, 0x9D, 0xD9, 0x3A, 0xB5, 0xCC, 0x31, 0xE0, 0x66, 0x0C, 0xE5, 0x28, 0x7C, 0x8D, 0x99,
    0x53, 0x87, 0x7F, 0xCB, 0x7D, 0xC5, 0x86, 0x01, 0x32, 0x57, 0x8D, 0x15, 0x94, 0xAE, 0x4D, 0xB9,
    0x99, 0xCC, 0xED, 0x03, 0x56, 0x2B, 0x23, 0x9C, 0x5B, 0xB8, 0xED, 0xD2, 0xB9, 0x5E, 0x05, 0xF0,
    0xD6, 0x6D, 0x12, 0x8E, 0x93, 0xF6, 0xAB, 0x89, 0xCD, 0xF9, 0xA2, 0xB2, 0x1B, 0x39, 0x4E, 0x26,
    0x90, 0x41, 0x4E, 0x36, 0xDB, 0x48, 0x23, 0x77, 0xB8, 0x17, 0x37, 0x2B, 0x77, 0x0F, 0x01, 0x88,
    0x20, 0x32, 0xA7, 0x1B, 0x76, 0xBA, 0x42, 0xB9, 0xBF, 0x93, 0x47, 0x0C, 0x2D, 0x3E, 0x90, 0x3B,
    0x16, 0xE9, 0x1E, 0x68, 0xB2, 0x8D, 0x0D, 0x44, 0x20, 0x6B, 0xC2, 0xBE, 0xE5, 0x89, 0x90, 0x70,
    0x33, 0xA7, 0x10, 0xFD, 0xD9, 0x0D, 0x8E, 0x9A, 0xE0, 0xD2, 0x53, 0xD5, 0x4F, 0x72, 0xFA, 0xCD,
    0xB1, 0xEC, 0xE4, 0x9D, 0x7B, 0x4A, 0xDD, 0xB4, 0xC9, 0x56, 0x6D, 0xCB, 0x15, 0x93, 0xCB, 0x44,
    0x33, 0xDB, 0xDA, 0x8D, 0x6C, 0x9B, 0x3D, 0x29, 0x16, 0x95, 0x67, 0x69, 0x2D, 0x35, 0x87, 0x16,
    0x8A, 0x93, 0xE5, 0xB3, 0x95, 0xF5, 0x9F, 0x4D, 0xE1, 0xD0, 0x01, 0x16, 0xEB, 0xDB, 0xE6, 0xA2,
    0xD2, 0xC7, 0x86, 0xB3, 0xDD, 0xDA, 0x4D, 0x65, 0xE6, 0x75, 0xCA, 0xB6, 0xB5, 0x0D, 0x4A, 0x8B,
    0x67, 0x62, 0x43, 0xE5, 0x55, 0xDB, 0x4A, 0x65, 0xA6, 0xB2, 0x6B, 0x75, 0x4E, 0x28, 0x87, 0x72,
    0x1F, 0x65, 0x7A, 0x7C, 0x77, 0x4D, 0xCA, 0x9D, 0x4B, 0xFF, 0x9C, 0x52, 0x28, 0xCD, 0x4C, 0x53,
    0x2A, 0x04, 0xE2, 0xF8, 0xB0, 0x0D, 0xD2, 0xC8, 0x67, 0xDD, 0xF5, 0x1C, 0x2B, 0xB3, 0xE3, 0x9E,
    0x45, 0xEB, 0x39, 0x1E, 0xEF, 0x12, 0x36, 0xD7, 0xA4, 0xB8, 0x52, 0x6A, 0x72, 0x6F, 0xBA, 0x72,
    0x29, 0x99, 0x36, 0xB8, 0x59, 0x46, 0xB2, 0xB9, 0xF0, 0x66, 0xB1, 0x06, 0xDC, 0x5C, 0x8F, 0x9C,
    0xB8, 0x09, 0x0D, 0x96, 0xDF, 0xF4, 0x7C, 0x8C, 0x34, 0x10, 0x8C, 0xC8, 0x0D, 0x7B, 0x90, 0xF5,
    0x43, 0x7D, 0xCD, 0x94, 0xB3, 0x91, 0x15, 0x53, 0x99, 0xAE, 0xEE, 0xB1, 0xFE, 0xA5, 0xC6, 0x82,
    0xDF, 0x69, 0x93, 0xF8, 0x48, 0x3F, 0x48, 0x9E, 0x46, 0x97, 0x2E, 0xDF, 0xA2, 0xAB, 0xE6, 0xB3,
    0x39, 0xBA, 0x3A, 0xD3, 0x2B, 0xFD, 0x51, 0xEC, 0x77, 0xE6, 0x79, 0x3F, 0xF9, 0xFA, 0xA3, 0x54,
    0xE7, 0xAE, 0xE0, 0xE5, 0x2B, 0x9B, 0xC9, 0x7C, 0x7F, 0xE1, 0xD5, 0x06, 0x49, 0x13, 0x12, 0xCE,
    0x73, 0x7A, 0xA3, 0xAE, 0x93, 0x0C, 0x33, 0x76, 0x97, 0xEA, 0x73, 0x33, 0x69, 0xB0, 0x49, 0x3A,
    0xB6, 0xCC, 0xA7, 0xAA, 0xA7, 0x99, 0x24, 0xB5, 0xB9, 0x37, 0x8D, 0x09, 0xC3, 0xA8, 0xCA, 0x52,
    0xAD, 0xF7, 0xA2, 0x46, 0xC1, 0xAB, 0x02, 0x33, 0x7B, 0x93, 0x48, 0xCE, 0x9B, 0xDA, 0x94, 0x5E,
    0x75, 0x57, 0xBB, 0xC2, 0x9D, 0x1C, 0x96, 0xFA, 0x2B, 0x0E, 0x83, 0xB5, 0xF1, 0x09, 0x1C, 0x46,
    0x41, 0x41, 0x13, 0x9D, 0x87, 0x1E, 0x5C, 0xA5, 0x04, 0x2C, 0xC2, 0x92, 0xAC, 0x3C, 0x77, 0x1E,
    0x60, 0xA8, 0x36, 0x4A, 0x0C, 0xF8, 0x05, 0x23, 0x6B, 0x88, 0x0A, 0x98, 0x0E, 0xE6, 0xC6, 0x61,
    0x9C, 0x0E, 0xDE, 0xAD, 0x40, 0x81, 0xAD, 0x09, 0x06, 0xEA, 0x30, 0x15, 0xC4, 0x6C, 0xC3, 0x44,
    0x08, 0xE9, 0xC7, 0x72, 0x97, 0x53, 0xFD, 0x34, 0x14, 0x2A, 0x11, 0x14, 0xB7, 0xD0, 0x52, 0x53,
    0x5E, 0x4D, 0x49, 0xE7, 0xDC, 0x0B, 0x08, 0xCF, 0xC3, 0x6C, 0x50, 0xFB, 0x47, 0x41, 0x29, 0xAA,
    0x75, 0xD3, 0x49, 0xD2, 0xBC, 0x9C, 0x13, 0xAF, 0x12, 0x69, 0xDB, 0x24, 0x68, 0x24, 0x5F, 0xFD,
    0x3A, 0xBC, 0x21, 0x1C, 0xFA, 0x48, 0x62, 0x75, 0x24, 0x41, 0x1B, 0x78, 0x6A, 0x50, 0x86, 0x62,
    0x99, 0xEA, 0x22, 0xD5, 0x8B, 0xA0, 0x0A, 0xA0, 0x79, 0xD0, 0x44, 0x3D, 0x1F, 0x8A, 0x50, 0x87,
    0xB4, 0x0B, 0x00, 0x5E, 0x50, 0x03, 0x86, 0x04, 0x2D, 0x60, 0x88, 0x57, 0x02, 0x31, 0xFB, 0xD0,
    0x41, 0xAC, 0x82, 0x35, 0xD6, 0xC0, 0x1C, 0x2B, 0x60, 0x8C, 0xE5, 0x1F, 0x8B, 0x7F, 0x8D, 0xA5,
    0x3F, 0xC7, 0xC2, 0x1F, 0x0F, 0xD9, 0x53, 0xDA, 0xAD, 0x89, 0x3E, 0xB3, 0x5D, 0x53, 0xF2, 0xB9,
    0x5E, 0xD8, 0xF1, 0xB8, 0x7F, 0x44, 0x4F, 0x11, 0xF7, 0xAE, 0xE6, 0x86, 0xFA, 0x10, 0x17, 0xCF,
    0x37, 0xE7, 0xF1, 0x23, 0xB5, 0x68, 0x41, 0xCB, 0xBA, 0x84, 0xEE, 0xA3, 0x24, 0x46, 0x96, 0x28,
    0x54, 0xC8, 0xC3, 0x2E, 0xF5, 0x58, 0x51, 0xF1, 0xB5, 0x5B, 0x1B, 0xEB, 0xCA, 0xA9, 0xE9, 0xE1,
    0x5E, 0x02, 0x05, 0xB7, 0x03, 0x83, 0xD9, 0x30, 0x96, 0x70, 0x3C, 0x0E, 0xC1, 0x9C, 0x85, 0x53,
    0xB1, 0x37, 0x26, 0x23, 0x91, 0xA0, 0x48, 0x88, 0xD2, 0x15, 0xE1, 0x08, 0xA2, 0x00, 0x55, 0x21,
    0x70, 0x41, 0x52, 0x40, 0x94, 0x69, 0x08, 0x5D, 0xD3, 0x0F, 0x61, 0x76, 0xD4, 0xEE, 0xA2, 0x93,
    0x38, 0xEE, 0x87, 0x32, 0x73, 0x5C, 0x79, 0x73, 0xC0, 0x39, 0xE5, 0x25, 0xA6, 0xD0, 0xCD, 0x2A,
    0xE0, 0x66, 0xCE, 0xDC, 0xA4, 0xE2, 0x45, 0xC0, 0x99, 0xCE, 0x74, 0x7F, 0xB1, 0xC9, 0x4F, 0xA7,
    0x9A, 0x9B, 0x48, 0xDD, 0x5E, 0x4D, 0x0D, 0xBB, 0xC9, 0xE3, 0x23, 0x66, 0x96, 0x8B, 0x07, 0x2B,
    0x0D, 0x16, 0x09, 0x6D, 0x22, 0xEA, 0x7A, 0x23, 0x94, 0xF5, 0xD5, 0x53, 0xE8, 0x36, 0x97, 0x40,
    0x3F, 0x9A, 0x31, 0xCC, 0xE4, 0xBB, 0x62, 0x07, 0x9D, 0xEF, 0xCE, 0x1A, 0xFD, 0xB5, 0x6B, 0x50,
    0xC4, 0x0D, 0xD8, 0x73, 0x65, 0x52, 0x17, 0x1C, 0x20, 0x0D, 0xDD, 0x31, 0xDB, 0x43, 0x37, 0xC0,
    0xA8, 0x06, 0x01, 0x45, 0xB3, 0xBE, 0xF0, 0x5D, 0xD7, 0x96, 0xEB, 0xB1, 0x09, 0xEE, 0xE7, 0x6D,
    0x58, 0x39, 0xF1, 0x4B, 0xAC, 0xC0, 0xEF, 0x07, 0x61, 0x61, 0xD3, 0xFD, 0x40, 0x63, 0xB6, 0x1F,
    0x09, 0x63, 0x32, 0xA6, 0x31, 0xA4, 0xE9, 0xD4, 0xE3, 0x5D, 0xEE, 0x5E, 0x02, 0x21, 0x69, 0x6E,
    0x34, 0xC6, 0x8E, 0xDD, 0xC6, 0x2D, 0xC1, 0xE9, 0x3F, 0x8C, 0xC0, 0xDC, 0x22, 0x30, 0x14, 0xA4,
    0xA2, 0xEB, 0x7C, 0x47, 0xBE, 0x51, 0x09, 0xCA, 0x3D, 0xF5, 0x14, 0x79, 0x7A, 0x70, 0xEC, 0xA8,
    0xB3, 0x1B, 0x31, 0x4A, 0x37, 0xE3, 0x4C, 0x99, 0xC5, 0x5C, 0x0D, 0xBE, 0xC9, 0x9D, 0xCE, 0xA2,
    0x9E, 0x0C, 0x13, 0x51, 0x59, 0x95, 0xB3, 0x7A, 0xB0, 0x8F, 0x7F, 0x7E, 0x9B, 0x6A, 0xEA, 0x2A,
    0x23, 0x31, 0x74, 0x95, 0x50, 0x6D, 0x64, 0x21, 0xB0, 0x05, 0x74, 0x74, 0xA5, 0x16, 0x06, 0x65,
    0x2D, 0xAD, 0xE1, 0xD1, 0x90, 0x78, 0x51, 0xF8, 0xCE, 0x9E, 0x98, 0x44, 0xBC, 0x96, 0x3C, 0x57,
    0x49, 0x82, 0x86, 0x0A, 0x2F, 0xAA, 0x9B, 0xAB, 0x69, 0xCF, 0x00, 0x56, 0xD8, 0x98, 0x6D, 0xDB,
    0x05, 0x1D, 0xB7, 0x78, 0x3C, 0x24, 0x4E, 0x24, 0xE8, 0x08, 0x21, 0x03, 0xBF, 0x77, 0xA6, 0xD8,
    0xC0, 0x8F, 0xC4, 0x93, 0xE4, 0x19, 0xF2, 0x3C, 0xB8, 0xC9, 0x8A, 0xC7, 0x48, 0x47, 0xB4, 0x28,
    0x1D, 0x91, 0x40, 0x49, 0xC1, 0xE3, 0x33, 0xE1, 0x8C, 0xFD, 0x4E, 0xD8, 0xAC, 0x74, 0xE4, 0x09,
    0xD2, 0x69, 0xF4, 0xD3, 0xE3, 0x8C, 0x0D, 0xF6, 0x78, 0x4E, 0xC7, 0xE7, 0x0C, 0x9E, 0xD2, 0x01,
    0x4B, 0x7B, 0x28, 0xC1, 0xAD, 0xD8, 0xD7, 0x40, 0xFE, 0x55, 0x2B, 0x0B, 0x23, 0x99, 0xF0, 0xEC,
    0x84, 0x92, 0x4B, 0x07, 0xB2, 0x29, 0x6C, 0x2A, 0x75, 0x8C, 0x6D, 0x6A, 0x25, 0x25, 0x99, 0x8F,
    0x41, 0x61, 0xE5, 0x3C, 0xEB, 0xF5, 0x17, 0x54, 0xB0, 0x48, 0xFC, 0x8C, 0x48, 0x42, 0x25, 0x8B,
    0xD4, 0x6B, 0x67, 0x68, 0x0D, 0x1B, 0x21, 0x63, 0x70, 0xA6, 0x9B, 0xE6, 0x4F, 0x57, 0x53, 0x38,
    0x2E, 0x3E, 0x59, 0x4C, 0xE9, 0x80, 0x80, 0x4F, 0x56, 0x53, 0xBC, 0x4C, 0x39, 0xBC, 0xBB, 0x99,
    0x0A, 0x80, 0xC3, 0xED, 0xEE, 0x2F, 0xF0, 0x71, 0x66, 0xA5, 0xBC, 0x18, 0x5A, 0x5E, 0xC8, 0x2C,
    0x32, 0x6B, 0xD7, 0xD3, 0x18, 0xE4, 0x42, 0x3E, 0x02, 0x7B, 0xB3, 0xC6, 0x64, 0xF9, 0xD4, 0xA3,
    0x4F, 0x02, 0xE4, 0x73, 0x9E, 0x6A, 0xF3, 0x13, 0xF9, 0x18, 0xE4, 0xCA, 0x2C, 0xF8, 0xCC, 0xBA,
    0x51, 0x3A, 0x53, 0xB1, 0x34, 0x63, 0xD1, 0x9A, 0x1E, 0xF2, 0xB5, 0x1B, 0x87, 0x24, 0x5C, 0x0C,
    0xFD, 0xC0, 0x8D, 0xCA, 0xAC, 0xE9, 0xEE, 0xDA, 0x81, 0x8A, 0xC7, 0xAC, 0x0E, 0xAB, 0x60, 0x24,
    0xB9, 0xF0, 0xA2, 0xB9, 0xE4, 0xC6, 0x4A, 0x84, 0x3E, 0xD7, 0x6E, 0x30, 0x76, 0x2A, 0xA4, 0xB7,
    0x22, 0x93, 0x86, 0x2C, 0x9B, 0x0D, 0xE1, 0x21, 0x22, 0x52, 0x8F, 0x63, 0x56, 0x0D, 0x1A, 0x6D,
    0x3A, 0xC0, 0x54, 0xA6, 0x81, 0x5C, 0xBE, 0x31, 0xF9, 0xE3, 0x5B, 0x2F, 0x7D, 0x52, 0x26, 0x2F,
    0x6E, 0x0D, 0xDB, 0xD6, 0xFD, 0xCC, 0xCB, 0x3D, 0x69, 0xFE, 0xB8, 0x78, 0x30, 0x31, 0x99, 0x33,
    0x3E, 0xFE, 0x8A, 0x12, 0x47, 0x34, 0x71, 0xBF, 0xA4, 0xBC, 0x11, 0x4D, 0x4C, 0xDA, 0x35, 0x11,
    0xDD, 0xB5, 0x0A, 0x8E, 0x5E, 0xD2, 0x1A, 0x1A, 0x28, 0x67, 0xB1, 0x3F, 0x99, 0xA7, 0xB9, 0x88,
    0x3C, 0xC4, 0x08, 0xBD, 0x8C, 0x87, 0x24, 0x48, 0xD8, 0x31, 0x58, 0x54, 0x90, 0xAF, 0xE6, 0x29,
    0x90, 0x2E, 0xBB, 0x57, 0xCA, 0x16, 0x81, 0xC5, 0x24, 0x9B, 0x69, 0xCA, 0x96, 0x89, 0x5C, 0x69,
    0xB0, 0x53, 0x60, 0xCA, 0x26, 0x53, 0x10, 0x60, 0x93, 0xA8, 0xB1, 0x5F, 0xCA, 0x73, 0x0E, 0xD2,
    0xAC, 0x0E, 0x8A, 0xFA, 0x40, 0x74, 0x8C, 0x01, 0x2B, 0x39, 0xF9, 0x04, 0x0C, 0x41, 0x39, 0xF0,
    0x58, 0xB7, 0x1D, 0x1C, 0xF5, 0x98, 0x00, 0x1C, 0xDC, 0xC6, 0x07, 0x4A, 0x73, 0xBD, 0xFF, 0x4D,
    0x75, 0xF9, 0x3A, 0xCA, 0xFB, 0x3C, 0x63, 0xCE, 0x26, 0x9D, 0xDA, 0x29, 0x04, 0xEE, 0xA4, 0x02,
    0x70, 0xD5, 0xED, 0xE4, 0x00, 0x99, 0x60, 0x99, 0xAE, 0x15, 0x21, 0x64, 0xCC, 0xDD, 0x60, 0xB2,
    0x80, 0xA9, 0x5E, 0x6D, 0x57, 0xC4, 0xAB, 0x80, 0x21, 0xC2, 0x2D, 0xAE, 0x96, 0xC5, 0x28, 0x60,
    0x68, 0xEC, 0xC3, 0xDE, 0x77, 0xEB, 0xC8, 0x6C, 0xC0, 0x8F, 0x09, 0x30, 0x23, 0xBB, 0x97, 0x0F,
    0xC2, 0x1F, 0xF1, 0x23, 0x5F, 0x0D, 0x42, 0x64, 0x36, 0x45, 0x11, 0x99, 0x0D, 0x9D, 0x1E, 0x53,
    0x89, 0x3D, 0x77, 0xB4, 0xFC, 0x81, 0x70, 0x52, 0x1D, 0xC1, 0x2D, 0x20, 0x65, 0xBA, 0xDD, 0x47,
    0xCA, 0x9F, 0x59, 0xA7, 0xF1, 0x00, 0xD9, 0x78, 0x72, 0x39, 0xD8, 0xA0, 0xD3, 0xFB, 0xD9, 0x07,
    0x1C, 0x41, 0x37, 0x4D, 0x77, 0x8D, 0xAE, 0x9D, 0xFE, 0xF7, 0xAC, 0xA2, 0xCC, 0xDA, 0x07, 0xC4,
    0x66, 0xD2, 0x65, 0x71, 0xC0, 0xD3, 0xA1, 0xDC, 0xC3, 0x93, 0x86, 0x86, 0x2F, 0xD9, 0x34, 0x7F,
    0x65, 0xD3, 0x7D, 0xC2, 0xD5, 0xB9, 0x77, 0x77, 0x52, 0x1B, 0x62, 0x4C, 0xBE, 0xA5, 0xC6, 0x6E,
    0x9C, 0xBA, 0xB8, 0xD3, 0x89, 0xE1, 0x5A, 0x48, 0x92, 0x5A, 0xE6, 0x7B, 0x82, 0x3D, 0xE4, 0x37,
    0xA3, 0x4A, 0x5D, 0xE9, 0xA1, 0x34, 0x4C, 0x4B, 0x2C, 0x94, 0x5E, 0x98, 0x88, 0x8B, 0x22, 0x61,
    0x3B, 0xF5, 0x9C, 0x29, 0x53, 0x22, 0x76, 0x9D, 0x67, 0xA5, 0x93, 0x33, 0x77, 0x53, 0x5D, 0x19,
    0x78, 0x10, 0xAA, 0x3E, 0x4A, 0x7E, 0x88, 0x64, 0xB2, 0x67, 0x8A, 0xF9, 0xF9, 0x1A, 0x2C, 0x2B,
    0x53, 0x2E, 0xF1, 0xF3, 0xFB, 0x3B, 0xA6, 0xC8, 0x4A, 0xD2, 0xF3, 0x86, 0x45, 0x91, 0xE1, 0x05,
    0x6B, 0x1F, 0x14, 0xF7, 0x33, 0xF2, 0x30, 0xAF, 0x03, 0xC6, 0xAC, 0xF4, 0x17, 0x2B, 0x8C, 0x19,
    0xC2, 0x60, 0x75, 0xA1, 0x70, 0x7F, 0xFF, 0xA9, 0xE4, 0x4D, 0xD2, 0x99, 0x2D, 0x4B, 0x1C, 0xA8,
    0x50, 0x47, 0x72, 0x2E, 0x0F, 0x15, 0xB4, 0x77, 0x63, 0x21, 0xF3, 0x77, 0x3B, 0x9E, 0x22, 0xEC,
    0xEA, 0x66, 0x44, 0x42, 0x28, 0x01, 0x3E, 0x79, 0xDA, 0x9A, 0xBA, 0x52, 0x53, 0x97, 0xE2, 0x6D,
    0x67, 0xE4, 0x56, 0xD5, 0xA5, 0x71, 0x31, 0xEB, 0xFF, 0x45, 0x59, 0x96, 0x6D, 0x93, 0xC6, 0xAF,
    0xC6, 0xD9, 0x53, 0x95, 0xB9, 0xF2, 0xF4, 0x39, 0xB7, 0x46, 0x25, 0x66, 0x29, 0x04, 0x43, 0x7C,
    0x73, 0x31, 0x5A, 0x6E, 0x25, 0x00, 0xCD, 0xFC, 0x7B, 0x6B, 0x34, 0xFF, 0xF7, 0x69, 0xBF, 0x65,
    0xFD, 0x96, 0xF4, 0xA3, 0x91, 0x09, 0x2D, 0xE5, 0xEF, 0x94, 0xED, 0x0F, 0x63, 0x60, 0x71, 0x40,
    0x26, 0xE6, 0xC1, 0x8A, 0x22, 0x23, 0x93, 0x79, 0xE2, 0xE9, 0xE7, 0xF0, 0xF6, 0x42, 0x29, 0x25,
    0x84, 0x87, 0xCD, 0xA7, 0x1F, 0x51, 0x04, 0x19, 0x53, 0xA2, 0x74, 0xE7, 0xDA, 0x86, 0x9B, 0x89,
    0xB9, 0x7F, 0x6B, 0xA9, 0x89, 0xFC, 0xE3, 0xF6, 0xEE, 0xCE, 0x33, 0xF5, 0x4F, 0x3A, 0xA7, 0x32,
    0x1C, 0xE6, 0xF7, 0x96, 0xDE, 0x97, 0xEA, 0x90, 0x4C, 0xEE, 0x95, 0xDB, 0x20, 0xB5, 0x5F, 0xE8,
    0x96, 0x8B, 0x65, 0xF4, 0xAA, 0xAA, 0x86, 0x25, 0x0F, 0x39, 0x9F, 0x27, 0x06, 0xF7, 0x0B, 0xCE,
    0x1D, 0x09, 0x38, 0x16, 0x2E, 0x6A, 0x93, 0xF3, 0x8E, 0xDA, 0x91, 0x98, 0xA5, 0x90, 0x8B, 0xC2,
    0x2D, 0x4D, 0x12, 0xD4, 0x96, 0x7C, 0xA8, 0x3D, 0x35, 0x7B, 0x22, 0x7F, 0x62, 0x71, 0xC3, 0xCA,
    0x64, 0xF7, 0x73, 0xF3, 0xB7, 0xDE, 0x53, 0xC2, 0xCD, 0x5B, 0x98, 0x7E, 0xCB, 0x94, 0x3B, 0x68,
    0x4D, 0xBD, 0x31, 0xCF, 0x05, 0x35, 0x70, 0x63, 0x0A, 0x7B, 0x97, 0x28, 0x84, 0x29, 0x7E, 0x64,
    0x22, 0xF0, 0x58, 0x5B, 0xCF, 0x31, 0x25, 0x34, 0x7C, 0x35, 0xF6, 0x6C, 0xCC, 0x59, 0x1A, 0x31,
    0xE5, 0x51, 0x53, 0xA2, 0x51, 0xC9, 0xE8, 0x48, 0x69, 0x8A, 0x5B, 0x30, 0x1B, 0x69, 0x59, 0x58,
    0x73, 0x1C, 0x27, 0x5E, 0x05, 0xE7, 0x91, 0xE0, 0x06, 0xE7, 0x97, 0x84, 0x17, 0xE6, 0x2F, 0xD8,
    0x5E, 0x0A, 0xA5, 0x11, 0x2B, 0x17, 0xB4, 0x1E, 0x36, 0xCD, 0x6F, 0xFF, 0x82, 0xB2, 0x88, 0x2C,
    0xF6, 0x7A, 0x88, 0xE0, 0x71, 0x7F, 0x92, 0x0D, 0x9E, 0x27, 0x2C, 0xA7, 0x78, 0xE5, 0x0E, 0xD0,
    0x18, 0xB8, 0xBE, 0xC7, 0xF7, 0x4D, 0xF6, 0x66, 0x4B, 0x38, 0xE5, 0x1F, 0x56, 0x48, 0xE1, 0x4B,
    0x81, 0xC4, 0x57, 0xA5, 0x38, 0x9D, 0xC8, 0xC3, 0xCD, 0x2C, 0x2C, 0xD1, 0x56, 0x9B, 0x59, 0xE3,
    0x51, 0xC1, 0x3A, 0x4C, 0xC9, 0x32, 0x0C, 0x70, 0xB7, 0x1E, 0xB5, 0xFA, 0x52, 0xEA, 0xF9, 0x4A,
    0x6C, 0x46, 0xFE, 0x07, 0x69, 0x4B, 0x4A, 0x85, 0x74, 0x6C, 0xE7, 0x52, 0x19, 0x9E, 0x77, 0x14,
    0x29, 0xDD, 0x9F, 0xD7, 0x03, 0x3C, 0x0B, 0xCF, 0xC5, 0x4E, 0x64, 0xB1, 0xE0, 0x4C, 0xE2, 0x91,
    0xAF, 0x4E, 0xF2, 0xFC, 0x8A, 0xE1, 0x21, 0xD3, 0xAA, 0x5B, 0x6D, 0xC1, 0xEA, 0xF1, 0x7B, 0x51,
    0xF1, 0x70, 0x88, 0xF5, 0x75, 0xC6, 0x03, 0x7B, 0x56, 0x47, 0x07, 0xD3, 0xD7, 0x64, 0xDE, 0x46,
    0x7D, 0x55, 0x57, 0x4D, 0x27, 0x16, 0xEA, 0xAB, 0x58, 0xA9, 0x2F, 0x69, 0xB4, 0xFA, 0x49, 0x7D,
    0x15, 0x2B, 0xF5, 0x65, 0x4D, 0xB9, 0x50, 0x43, 0xD5, 0x55, 0x9B, 0x99, 0xCD, 0x79, 0xE6, 0xFF,
    0x9A, 0x89, 0x4D, 0x37, 0x72, 0x9C, 0xEB, 0x31, 0x99, 0xA8, 0x0D, 0x53, 0x97, 0x9B, 0x16, 0x40,
    0x17, 0x50, 0x17, 0xC4, 0xBC, 0x5C, 0xD6, 0x87, 0xB1, 0x03, 0x21, 0x0A, 0x52, 0xBE, 0x8D, 0x48,
    0x75, 0xA7, 0x6A, 0x53, 0x8B, 0xCA, 0x16, 0x8B, 0x2B, 0xDF, 0xD5, 0x5C, 0x56, 0x2D, 0x6B, 0x98,
    0xE2, 0x0A, 0xD5, 0x40, 0x9D, 0x03, 0xAF, 0xC5, 0x6D, 0x45, 0xBE, 0x37, 0x4B, 0x01, 0xFA, 0x02,
    0xE7, 0xDA, 0x6B, 0xF8, 0x37, 0x6B, 0x9F, 0xA8, 0x7C, 0xBA, 0x81, 0x36, 0x1D, 0x9F, 0x84, 0xB1,
    0x61, 0x7A, 0x9E, 0x80, 0x8A, 0x57, 0x59, 0x7F, 0x3D, 0x23, 0x14, 0x8C, 0x67, 0xF7, 0xB1, 0x03,
    0x16, 0x30, 0x7B, 0x9F, 0xB8, 0x0F, 0x23, 0x0E, 0x5D, 0xA8, 0x68, 0xBA, 0xEF, 0xE0, 0x44, 0xB4,
    0xC2, 0x4A, 0x5F, 0x6B, 0xBF, 0x2D, 0x65, 0x7D, 0x63, 0x4A, 0x59, 0xBE, 0x7A, 0x95, 0x24, 0x47,
    0xF1, 0xCA, 0xF7, 0x3D, 0x61, 0x89, 0x34, 0x70, 0xA7, 0x72, 0x15, 0x17, 0xAE, 0xE2, 0xBA, 0x55,
    0x5C, 0xB6, 0x8A, 0xAB, 0x56, 0x71, 0xD1, 0x2A, 0xAE, 0x59, 0xC5, 0x25, 0xAB, 0xA8, 0x62, 0x15,
    0x17, 0xAC, 0xE2, 0x7A, 0x55, 0x5C, 0xAE, 0x8A, 0xAB, 0x55, 0x71, 0xB1, 0x2A, 0xAE, 0x55, 0xC5,
    0xA5, 0xAA, 0xB8, 0x52, 0x15, 0x17, 0xAA, 0xE2, 0x3A, 0x55, 0x5C, 0xA6, 0x8A, 0xAB, 0x54, 0x71,
    0x91, 0x2A, 0xAE, 0x51, 0xDD, 0x2F, 0x51, 0xE5, 0xCB, 0x51, 0xDF, 0xBD, 0x1E, 0x05, 0x97, 0x88,
    0x62, 0x3F, 0xDC, 0xFD, 0xB6, 0x2C, 0x65, 0xC7, 0xDB, 0x71, 0x65, 0xC1, 0xA2, 0xA6, 0x85, 0x4B,
    0x8D, 0x8C, 0xA1, 0xE8, 0xF0, 0xC0, 0x61, 0xAC, 0x78, 0x30, 0xBE, 0x47, 0x14, 0xCA, 0xE6, 0x33,
    0x8B, 0x29, 0x73, 0xD5, 0xF2, 0x8A, 0x35, 0x7C, 0x82, 0x5A, 0xB8, 0xF3, 0x3F, 0xA0, 0xCA, 0xF5,
    0x03, 0x54, 0x39, 0x75, 0xE9, 0xFF, 0x9F, 0x2A, 0xCB, 0x83, 0xE9, 0x91, 0x35, 0xCD, 0x86, 0x94,
    0x80, 0xE3, 0x2C, 0xED, 0x7F, 0xD4, 0x3F, 0x2C, 0x29, 0xCA, 0x32, 0x27, 0x64, 0x54, 0x7F, 0xC3,
    0x9D, 0x55, 0xCF, 0xF9, 0xDB, 0x67, 0x47, 0x9F, 0xDF, 0xEB, 0x3D, 0xA1, 0x9E, 0xF7, 0x8D, 0xA2,
    0xDC, 0x76, 0x7C, 0x2F, 0x4E, 0x19, 0x23, 0x7E, 0x19, 0xBD, 0x5F, 0x29, 0x23, 0xA3, 0xA9, 0xA3,
    0xD8, 0x38, 0x24, 0xFF, 0xCD, 0x51, 0x3A, 0xE3, 0xBD, 0xFE, 0xAD, 0xEB, 0xEC, 0x8B, 0x5C, 0x01,
    0x3C, 0x53, 0x77, 0x78, 0x7D, 0xE1, 0x22, 0x07, 0x8F, 0xFA, 0x2C, 0x34, 0xF8, 0xE2, 0xE5, 0x4D,
    0x58, 0x4D, 0xBE, 0x85, 0x12, 0xA1, 0x68, 0xF6, 0x48, 0xBA, 0x9B, 0xE9, 0xE8, 0xBB, 0xD1, 0xD7,
    0x58, 0xE1, 0x96, 0x83, 0x7F, 0x93, 0x06, 0xDB, 0xF3, 0x90, 0x5D, 0x13, 0x24, 0x74, 0xBF, 0x62,
    0x0E, 0x3E, 0x15, 0x95, 0xD4, 0x29, 0x08, 0xA4, 0xD8, 0x4D, 0x3F, 0x9A, 0x99, 0x84, 0x9C, 0xB4,
    0x0B, 0x03, 0x15, 0xE9, 0xD6, 0x90, 0xEB, 0xFB, 0x57, 0xB0, 0x34, 0xB9, 0xEA, 0x7A, 0xE4, 0x99,
    0x1E, 0xC3, 0x3C, 0xA6, 0xEA, 0xC2, 0x12, 0x6F, 0xD6, 0x8A, 0xA9, 0xE8, 0xF7, 0x86, 0xA9, 0x5A,
    0xE6, 0xD7, 0x25, 0x45, 0xA5, 0xD4, 0x24, 0xA6, 0xC0, 0xFA, 0xFE, 0x30, 0xBC, 0xE9, 0xFE, 0xF7,
    0x85, 0x02, 0x73, 0xE5, 0x13, 0x49, 0x88, 0x58, 0x4B, 0x47, 0x36, 0xEE, 0xDC, 0x17, 0x5C, 0x84,
    0x58, 0xA6, 0xDB, 0xDF, 0x84, 0x3D, 0xD1, 0x9A, 0x05, 0xB1, 0x9E, 0x91, 0x40, 0x18, 0x25, 0xB0,
    0x80, 0x0D, 0xE9, 0xB0, 0x03, 0x7F, 0x93, 0xCE, 0x89, 0x51, 0xD2, 0xAD, 0x1A, 0x3B, 0xA5, 0x53,
    0x59, 0x67, 0x69, 0xDC, 0xAD, 0x72, 0x50, 0x21, 0x8E, 0xEA, 0x65, 0xE2, 0x1D, 0x96, 0xF5, 0x09,
    0x5D, 0xF7, 0x85, 0x38, 0x78, 0xC8, 0xF7, 0x45, 0x05, 0xC5, 0xE6, 0x7A, 0x71, 0x49, 0x31, 0xE3,
    0xA5, 0xD9, 0xE5, 0x4B, 0x59, 0xD7, 0xE5, 0xAC, 0x88, 0xB8, 0x23, 0x8A, 0x88, 0x67, 0x3D, 0xBD,
    0x8D, 0x80, 0xF0, 0x75, 0xAF, 0xF7, 0x50, 0xDF, 0x36, 0xF3, 0xB8, 0x1B, 0x35, 0x9A, 0x87, 0x3D,
    0x1B, 0xB9, 0x58, 0x4B, 0xA2, 0xBB, 0xA6, 0xF6, 0x1A, 0xEA, 0xD7, 0x20, 0x26, 0xEE, 0x25, 0x9E,
    0x04, 0x72, 0x89, 0x0A, 0x02, 0x5E, 0xCC, 0x56, 0x9B, 0xE6, 0xA5, 0x95, 0xBA, 0x1C, 0x53, 0x55,
    0xE0, 0xC7, 0xEE, 0x5A, 0x45, 0xFE, 0x01, 0xCB, 0x16, 0xC9, 0x77, 0x2C, 0xC6, 0x37, 0xAD, 0x56,
    0xE2, 0x91, 0x35, 0x8A, 0x5A, 0x72, 0x24, 0x8A, 0xB2, 0x7B, 0x51, 0xCC, 0xC0, 0xF2, 0x56, 0xAB,
    0x2D, 0x0A, 0xA8, 0x6D, 0x75, 0xCD, 0xB5, 0xC2, 0x72, 0x3D, 0x8F, 0x5A, 0x95, 0xEF, 0xB8, 0x81,
    0xF2, 0x95, 0xFE, 0xE4, 0xA0, 0x84, 0x37, 0x54, 0x08, 0x2D, 0xA3, 0x46, 0x72, 0xA7, 0xC6, 0x0A,
    0xAD, 0x64, 0x7C, 0x69, 0x7F, 0x45, 0x32, 0x05, 0x51, 0xBD, 0x84, 0x43, 0x3D, 0xAF, 0x68, 0x41,
    0xC9, 0x8F, 0x53, 0x6F, 0x88, 0xA7, 0x50, 0x89, 0x7F, 0xDD, 0x17, 0x93, 0x13, 0x5F, 0x36, 0xDF,
    0x3D, 0x99, 0xFA, 0x4A, 0x21, 0x3D, 0x71, 0xFD, 0x1B, 0xA0, 0x48, 0xCB, 0x46, 0x9F, 0xC6, 0xC3,
    0x4E, 0x40, 0x9A, 0x0B, 0x01, 0x1B, 0x3F, 0x9A, 0xC8, 0x90, 0x1A, 0x20, 0x83, 0x39, 0x7F, 0x3A,
    0x8B, 0xB2, 0x3B, 0xC9, 0x08, 0xAE, 0xA9, 0x30, 0x66, 0x69, 0x67, 0x9C, 0xEB, 0x1E, 0xE7, 0xE7,
    0x92, 0x35, 0x55, 0x5F, 0xA0, 0xCC, 0x57, 0x41, 0xB0, 0x63, 0x09, 0xBA, 0xD0, 0x16, 0xBB, 0x51,
    0x8B, 0x0A, 0x71, 0xF9, 0x1F, 0xA0, 0x13, 0x03, 0xEC, 0xF0, 0x8D, 0x4A, 0x5D, 0x54, 0xD1, 0xEB,
    0xF4, 0x5B, 0x7A, 0xA5, 0x51, 0x5F, 0xBC, 0xD6, 0x93, 0x58, 0x89, 0x2C, 0x44, 0xF8, 0x07, 0xB6,
    0x50, 0x33, 0x7F, 0x7A, 0x64, 0xE9, 0x8E, 0x3A, 0x82, 0x9E, 0x35, 0xCA, 0xE6, 0x8A, 0x38, 0xEA,
    0x4D, 0x1D, 0x67, 0x2E, 0x15, 0x85, 0x06, 0x5E, 0x64, 0xFA, 0x9F, 0x52, 0x09, 0x9B, 0x16, 0x97,
    0x94, 0xB0, 0x69, 0x38, 0xAD, 0xA7, 0x27, 0x88, 0x32, 0x13, 0xF3, 0xFC, 0x11, 0xCE, 0xE9, 0xC6,
    0x8A, 0x19, 0x98, 0x40, 0xB3, 0x31, 0xC8, 0x99, 0x6B, 0xC3, 0x34, 0x4F, 0xA3, 0x30, 0xFD, 0x2C,
    0x42, 0xDA, 0x26, 0x3A, 0x3F, 0x3F, 0xC2, 0xB3, 0x96, 0xA0, 0xEA, 0x3E, 0x14, 0x05, 0x07, 0xB7,
    0x13, 0x47, 0xC6, 0x72, 0x7F, 0x53, 0xC8, 0xC1, 0x0C, 0xC1, 0x4D, 0xC9, 0x6B, 0xF6, 0x92, 0x46,
    0xD9, 0xF8, 0x2D, 0x7F, 0xF5, 0xD1, 0x42, 0xED, 0x24, 0xDD, 0x2E, 0x54, 0x1C, 0x89, 0x0B, 0xF5,
    0xF8, 0x04, 0x27, 0x90, 0xB9, 0xD1, 0xD2, 0x0F, 0xC7, 0xF4, 0x03, 0x26, 0x87, 0x67, 0x1C, 0x36,
    0x51, 0x8C, 0x9E, 0x74, 0xE5, 0xE1, 0x54, 0x4E, 0xFA, 0x06, 0x24, 0xC9, 0xC9, 0xDF, 0x17, 0x8F,
    0xDB, 0x2B, 0x63, 0xEE, 0xEA, 0x0C, 0xE4, 0x14, 0x6B, 0xF5, 0xAC, 0x70, 0xA4, 0xA1, 0x4F, 0x11,
    0x29, 0x7A, 0x31, 0xA1, 0xF5, 0x61, 0xC5, 0x54, 0xF5, 0xCD, 0x3C, 0x4E, 0x52, 0xD7, 0x23, 0x06,
    0xAB, 0x29, 0xAA, 0xDF, 0x5A, 0x8A, 0x32, 0x1D, 0x67, 0x05, 0xFD, 0x07, 0x1E, 0xD8, 0x47, 0xCE,
    0x1F, 0x1D, 0xBF, 0x8B, 0x92, 0xBF, 0xDF, 0x47, 0xE7, 0x28, 0x37, 0xD6, 0xEC, 0xAF, 0x69, 0x0F,
    0x46, 0x0E, 0x3F, 0xE8, 0xF4, 0x27, 0x2D, 0x7C, 0xE9, 0x01, 0x12, 0x2E, 0x72, 0x03, 0xC4, 0x63,
    0xBD, 0xFC, 0x5B, 0x94, 0xB2, 0x96, 0x86, 0xEA, 0xFC, 0x9B, 0x94, 0x8F, 0xD6, 0xA3, 0x4D, 0x13,
    0x4F, 0xD5, 0xB3, 0xA6, 0x4C, 0x38, 0x39, 0x6F, 0x77, 0xAD, 0xE3, 0xB9, 0xD9, 0x44, 0xA3, 0x7D,
    0xD8, 0x04, 0x2C, 0x42, 0xED, 0x21, 0x79, 0x6A, 0x58, 0xD7, 0x8C, 0xBA, 0xD3, 0xEA, 0xCB, 0xCD,
    0x02, 0x87, 0x0F, 0x26, 0xE6, 0xB5, 0x3F, 0x78, 0x30, 0x08, 0x2F, 0xF1, 0xCF, 0x5D, 0xAC, 0x95,
    0x89, 0xEE, 0xFF, 0xDC, 0x85, 0x72, 0xB5, 0xC4, 0x30, 0xFE, 0xB9, 0x4B, 0xA7, 0xA5, 0xAF, 0xF0,
    0x33, 0x17, 0xFF, 0x5E, 0xDE, 0x99, 0xD6, 0xCC, 0x10, 0x14, 0xF6, 0xAF, 0x96, 0x2C, 0xD9, 0x5B,
    0xB6, 0xF3, 0x1C, 0x5E, 0xE1, 0x6B, 0x01, 0x6E, 0xFA, 0x8A, 0x5F, 0xE1, 0xFC, 0xEF, 0xCB, 0xBA,
    0x5B, 0x44, 0xFB, 0x78, 0x0E, 0x85, 0x8C, 0x87, 0x8B, 0x68, 0xDE, 0xAE, 0x34, 0x81, 0xD0, 0xDC,
    0xA1, 0x8E, 0x4C, 0xD8, 0xCE, 0x14, 0xE8, 0xF0, 0x13, 0x7A, 0xA2, 0xD6, 0xD2, 0x07, 0xB8, 0x97,
    0x56, 0xD1, 0xB5, 0x84, 0x8E, 0x88, 0xD5, 0x92, 0x9B, 0x6A, 0x4D, 0xAE, 0x0D, 0x65, 0x73, 0xAD,
    0x99, 0xDB, 0xCB, 0xE2, 0xFD, 0x28, 0x95, 0x6B, 0x9D, 0x5C, 0x8B, 0xE4, 0xF9, 0x72, 0x94, 0xC7,
    0xB5, 0x26, 0x17, 0x18, 0x9D, 0x96, 0xC4, 0xFF, 0x09, 0x35, 0x8F, 0xB1, 0x6D, 0x03, 0x31, 0x0C,
    0x45, 0xFF, 0xF9, 0x0A, 0x15, 0x57, 0x9C, 0xCB, 0x74, 0x6A, 0xD2, 0x73, 0x83, 0x48, 0xF0, 0x02,
    0x69, 0xB2, 0x87, 0x17, 0x08, 0xA0, 0x0B, 0x32, 0x57, 0x2C, 0x21, 0x13, 0x78, 0x04, 0x8D, 0xA0,
    0x42, 0x85, 0x0A, 0xFA, 0xBE, 0x79, 0x08, 0x22, 0x4A, 0xC2, 0xC7, 0x07, 0x89, 0xFF, 0xF8, 0x0A,
    0x05, 0x91, 0x36, 0x5F, 0x5C, 0xC3, 0x0B, 0xF2, 0x89, 0x8B, 0x4A, 0x4D, 0x11, 0xAE, 0x03, 0xF2,
    0x00, 0x48, 0x38, 0x0D, 0x45, 0xEA, 0xDA, 0x60, 0x67, 0x62, 0x14, 0xC7, 0x9E, 0x57, 0x72, 0x97,
    0x2F, 0x6A, 0x80, 0xD4, 0xC3, 0x0F, 0xE4, 0x96, 0xC8, 0x98, 0xAD, 0xFF, 0x81, 0x80, 0x7C, 0xD9,
    0xCD, 0x53, 0x78, 0x36, 0xCC, 0x8C, 0xF0, 0x5B, 0x28, 0xE1, 0x1E, 0x8A, 0x8F, 0x12, 0xD7, 0x7B,
    0x2A, 0xD2, 0x8E, 0x67, 0xBA, 0xD8, 0x6C, 0x0B, 0x3A, 0x29, 0x74, 0x1A, 0x73, 0xF3, 0x65, 0x19,
    0x36, 0x88, 0xDB, 0xB5, 0xE8, 0x52, 0x86, 0x3B, 0x7E, 0xD3, 0xE6, 0x98, 0x8F, 0x35, 0x76, 0x84,
    0xEF, 0x01, 0xBE, 0x8F, 0x79, 0x0F, 0x75, 0xED, 0x46, 0xF3, 0xAB, 0xF8, 0xC3, 0x63, 0x9C, 0x2D,
    0x10, 0x34, 0x1E, 0xE3, 0x07, 0xF2, 0xFF, 0xB5, 0x0D, 0x76, 0x52, 0xC9, 0x6E, 0x90, 0xB2, 0xA5,
    0x9A, 0x5B, 0xAA, 0xB2, 0xE1, 0x7C, 0x84, 0xE2, 0xC7, 0x4A, 0x5D, 0xCF, 0xF5, 0x0D, 0x38, 0x03,
    0x9F, 0x80, 0x11, 0xEF, 0x70, 0x2C, 0x30, 0x38, 0x7F, 0x44, 0xCB, 0xC0, 0x69, 0x98, 0xC2, 0x0D,
    0xFC, 0xC8, 0x2A, 0xFD, 0x09, 0x5D, 0xCD, 0xB1, 0x0D, 0xC3, 0x30, 0x0C, 0x04, 0xC0, 0xB7, 0x54,
    0xA8, 0x48, 0xC1, 0x11, 0x3C, 0x82, 0x36, 0x88, 0x3C, 0x9A, 0x06, 0x0B, 0x12, 0x8F, 0xE0, 0x11,
    0x34, 0x82, 0x4A, 0x15, 0xB2, 0xE9, 0x27, 0xDD, 0x85, 0xC5, 0x81, 0xE0, 0x83, 0x78, 0xE0, 0x19,
    0x3D, 0xC8, 0xA2, 0x83, 0x06, 0x9D, 0x76, 0x09, 0xA7, 0x07, 0xD7, 0x13, 0xFF, 0x1B, 0xDD, 0xE4,
    0xCA, 0x6F, 0xA3, 0xB9, 0x54, 0xFA, 0x76, 0x3F, 0x65, 0xA7, 0xC3, 0x8C, 0xDD, 0x4C, 0x2D, 0x53,
    0xD9, 0xCD, 0x5C, 0x57, 0x96, 0x15, 0xAC, 0x0D, 0xF8, 0x42, 0xE8, 0x84, 0x74, 0x44, 0x37, 0x75,
    0xC8, 0xB0, 0xE5, 0xA5, 0x35, 0x1F, 0x2C, 0xD8, 0xF8, 0x1E, 0x14, 0x37, 0xB5, 0x59, 0x3D, 0xB3,
    0xDC, 0x48, 0x15, 0x6D, 0x8D, 0xA8, 0x27, 0xB0, 0x02, 0x65, 0x14, 0xE5, 0x0D, 0x94, 0x02, 0x55,
    0xA0, 0x3F, 0x80, 0xAD, 0xF9, 0x17, 0xFC, 0x01, 0xA2, 0x4D, 0x9C, 0x12, 0xB0, 0x25, 0x51, 0x04,
    0xA4, 0x2F, 0x20, 0x87, 0xC0, 0x09, 0xDE, 0xC0, 0x7F, 0x60, 0x77, 0x25, 0x20, 0x20, 0x1D, 0x16,
    0x8A, 0x64, 0x13, 0x55, 0xE1, 0x2A, 0xC2, 0xD5, 0x82, 0x02, 0xD9, 0xAB, 0x51, 0x73, 0xCF, 0x39,
    0xB7, 0xE7, 0xCD, 0x18, 0x43, 0x2D, 0x14, 0xB8, 0x9E, 0x75, 0xFB, 0x8D, 0x47, 0xDD, 0xE7, 0xDE,
    0x7B, 0xEE, 0x57, 0x3B, 0x84, 0x10, 0xEE, 0x7E, 0x15, 0xF8, 0xA7, 0x9A, 0x25, 0x9B, 0x45, 0xB2,
    0x5D, 0x25, 0xE3, 0x46, 0x91, 0xB9, 0xCC, 0xBF, 0x94, 0x2C, 0xFE, 0x2E, 0x59, 0xFD, 0xF1, 0xAC,
    0xD7, 0x7E, 0xB7, 0xEB, 0xB5, 0x43, 0xA4, 0xFC, 0xC4, 0xE5, 0x96, 0x51, 0xE6, 0x6B, 0x88, 0x47,
    0xBC, 0x36, 0x4B, 0x56, 0xA7, 0x10, 0x7B, 0xBC, 0x36, 0x86, 0x61, 0xC4, 0x6B, 0x31, 0x46, 0xC8,
    0xC1, 0xA5, 0x6D, 0xDE, 0x9E, 0xF8, 0x5A, 0x68, 0x27, 0xBE, 0x46, 0x59, 0xD9, 0xDF, 0xC6, 0xD6,
    0xF5, 0x28, 0xD9, 0xDA, 0x1E, 0xB5, 0xC9, 0x01, 0x5B, 0x1A, 0x70, 0x60, 0xA8, 0xD6, 0x70, 0x00,
    0xB6, 0x6A, 0xB3, 0x5D, 0xE7, 0x70, 0x88, 0xF1, 0xD4, 0xB9, 0x0C, 0xA5, 0x6D, 0x1F, 0x27, 0x09,
    0xDB, 0xBE, 0x9D, 0x43, 0x35, 0x72, 0x67, 0x8A, 0x13, 0x45, 0x37, 0x86, 0xCA, 0xB6, 0x35, 0x58,
    0xD5, 0x31, 0x08, 0x5D, 0x10, 0xD8, 0x20, 0xEC, 0x41, 0x2A, 0x61, 0xC7, 0x55, 0x02, 0x90, 0xF3,
    0x3D, 0x3C, 0x33, 0x04, 0xF9, 0x19, 0x3F, 0x21, 0xDF, 0x02, 0x0C, 0x50, 0x6C, 0x7C, 0xA7, 0x94,
    0x30, 0x64, 0xD8, 0x08, 0x40, 0x21, 0x66, 0x7E, 0x68, 0xF0, 0xB1, 0x9F, 0x69, 0x93, 0x47, 0x42,
    0xC1, 0xEB, 0x40, 0x24, 0x13, 0x18, 0x44, 0x43, 0x54, 0xD8, 0x09, 0x30, 0xD1, 0x99, 0x96, 0xDA,
    0x8F, 0x6E, 0xB1, 0x7B, 0x89, 0x8D, 0x00, 0xEB, 0x48, 0x80, 0x07, 0x80, 0xB1, 0xA5, 0x09, 0xEC,
    0x6B, 0xF8, 0x0F, 0xFA, 0xCD, 0x00, 0x5E, 0x44, 0x8F, 0x53, 0x1C, 0x60, 0x61, 0x9B, 0x1A, 0xC0,
    0x7A, 0x81, 0xC9, 0x32, 0xBC, 0x5D, 0x69, 0xCB, 0x4A, 0x46, 0xAA, 0x96, 0x6C, 0xD8, 0x68, 0xE6,
    0x72, 0xBF, 0xC6, 0x79, 0x30, 0xF0, 0x06, 0x30, 0x83, 0x18, 0xF9, 0x5B, 0xA7, 0xB3, 0xEC, 0x48,
    0x7C, 0xC5, 0x0E, 0x29, 0x74, 0x56, 0x25, 0xF5, 0xBB, 0x05, 0x88, 0x4A, 0xDB, 0x13, 0x5E, 0xC6,
    0x3F, 0x49, 0x05, 0x1E, 0x64, 0xA6, 0xA4, 0x57, 0x16, 0xD9, 0x60, 0xA6, 0xF2, 0x14, 0x23, 0x85,
    0xED, 0x9D, 0x4F, 0xDA, 0xFB, 0x24, 0x05, 0xC6, 0x7F, 0xE5, 0x95, 0x6B, 0x91, 0x8B, 0x95, 0xB9,
    0x48, 0x9A, 0x3B, 0x77, 0x25, 0x4A, 0x67, 0xB0, 0x88, 0x5E, 0x2D, 0xD7, 0x61, 0x50, 0x4B, 0x34,
    0x12, 0xA0, 0xDE, 0x95, 0x38, 0x51, 0x74, 0x14, 0x66, 0xFF, 0x2B, 0x81, 0x37, 0xA1, 0x05, 0x7E,
    0x69, 0xD2, 0x22, 0x3C, 0x4D, 0x48, 0x9F, 0x26, 0x90, 0x1F, 0x24, 0x7C, 0x1F, 0xA5, 0xC5, 0x96,
    0xA0, 0xAE, 0x0E, 0x36, 0x5B, 0x1C, 0xEE, 0x61, 0x76, 0xC0, 0x66, 0x06, 0x41, 0x2E, 0x26, 0x07,
    0x5D, 0x8E, 0x0E, 0xDB, 0x78, 0x2B, 0xE0, 0x75, 0xEF, 0xD0, 0xDB, 0x04, 0xBE, 0x4D, 0xB8, 0x3F,
    0x4E, 0x0B, 0x8F, 0xAD, 0x90, 0xAD, 0x34, 0x2B, 0x37, 0x16, 0xCF, 0x8B, 0xC9, 0x17, 0x55, 0x32,
    0x2E, 0x02, 0x8C, 0xE6, 0x1D, 0xDC, 0xC0, 0xC0, 0x44, 0xC8, 0x38, 0x8F, 0x0B, 0x38, 0x13, 0xDE,
    0xA4, 0xFB, 0x22, 0x68, 0x0E, 0xD6, 0x1C, 0xCC, 0x93, 0x35, 0x15, 0xE9, 0x66, 0x47, 0x62, 0xCF,
    0x76, 0x74, 0x1B, 0xB7, 0xF2, 0xC0, 0x04, 0xDB, 0xE0, 0xE0, 0x53, 0xF8, 0x89, 0x3C, 0x34, 0x9A,
    0x49, 0xF8, 0xC9, 0x18, 0x7E, 0x24, 0x47, 0xF6, 0x34, 0xE5, 0xD1, 0x48, 0xD2, 0x3F, 0x2C, 0xC0,
    0x64, 0xC6, 0x06, 0x61, 0x72, 0xDB, 0x98, 0xA2, 0x35, 0xE2, 0xF4, 0x51, 0x78, 0x0B, 0xFC, 0xF3,
    0x61, 0x87, 0x5B, 0x7A, 0xB1, 0xA1, 0xC3, 0xF7, 0xCC, 0xC4, 0xD9, 0xD9, 0xD5, 0x29, 0xBE, 0x88,
    0xE2, 0x44, 0xFD, 0xDB, 0x28, 0x56, 0x74, 0xB9, 0xF2, 0x48, 0xB6, 0xD1, 0x15, 0xD5, 0x52, 0xCC,
    0x74, 0x45, 0x35, 0xD7, 0x23, 0x5D, 0x51, 0xCF, 0x9D, 0x5C, 0xD1, 0x7C, 0xB1, 0xC9, 0x15, 0xED,
    0x5F, 0x67, 0xB9, 0xA2, 0xFD, 0xDC, 0x5D, 0xD1, 0x46, 0x67, 0x51, 0xB7, 0xB9, 0x2B, 0x06, 0x4F,
    0x62, 0xC2, 0x7E, 0x7A, 0x1B, 0x7B, 0xE7, 0x90, 0xA9, 0x04, 0x42, 0x9D, 0x9C, 0xBA, 0x2C, 0x82,
    0xE2, 0x05, 0x01, 0x92, 0xA5, 0x05, 0x3C, 0x57, 0x89, 0x1B, 0x93, 0x33, 0xC1, 0x16, 0x22, 0x80,
    0x99, 0x54, 0x66, 0x37, 0x92, 0x68, 0x61, 0x4E, 0x15, 0x01, 0x2C, 0xBD, 0x89, 0xC3, 0xD5, 0xD1,
    0x3D, 0xD2, 0x38, 0x13, 0xE0, 0x17, 0x65, 0xBC, 0x0B, 0x67, 0x3F, 0x48, 0xF1, 0xF5, 0x11, 0x2D,
    0x4B, 0xFE, 0x38, 0x8B, 0x57, 0x27, 0x2F, 0xA8, 0xBA, 0x3B, 0x43, 0x7D, 0x31, 0x39, 0x8B, 0xED,
    0x70, 0x91, 0xD7, 0x0E, 0x17, 0x79, 0xEB, 0xA3, 0x2F, 0x5A, 0x85, 0xDE, 0x37, 0x40, 0x4C, 0x60,
    0x6F, 0x3F, 0x5D, 0xC5, 0xAA, 0x21, 0x7A, 0x96, 0x1F, 0x0C, 0x41, 0x8D, 0xE4, 0xDA, 0x9E, 0x83,
    0x16, 0x8F, 0x8E, 0x1E, 0x65, 0xB4, 0x49, 0x89, 0xFC, 0xE4, 0x8B, 0x51, 0x66, 0xA5, 0xA6, 0xC0,
    0xAB, 0x85, 0x07, 0x2D, 0xF1, 0xB6, 0x27, 0x27, 0x6C, 0x3B, 0x7A, 0x5E, 0xE8, 0xD2, 0x02, 0x2A,
    0x13, 0x2F, 0x54, 0x26, 0x5E, 0x6C, 0x41, 0x98, 0x51, 0x95, 0x44, 0x5B, 0x54, 0x29, 0xA4, 0x2B,
    0xE7, 0x3C, 0x6D, 0xCD, 0x2D, 0x70, 0x1E, 0xB7, 0xC0, 0x82, 0x5B, 0xE0, 0x60, 0x6E, 0x81, 0x83,
    0xB5, 0x18, 0x3D, 0xDB, 0xE0, 0x60, 0xBA, 0x0B, 0x07, 0x57, 0x89, 0xC5, 0x75, 0x5A, 0x5C, 0x94,
    0xC0, 0x16, 0x87, 0xA4, 0xC4, 0x60, 0x4C, 0xA8, 0xC1, 0x7D, 0x50, 0xA2, 0x61, 0x10, 0x18, 0x2A,
    0x9A, 0xBB, 0x41, 0x51, 0xB3, 0x6F, 0xF6, 0xF5, 0xC6, 0xA3, 0x98, 0xA1, 0x67, 0x5A, 0x64, 0x60,
    0x7D, 0xCB, 0xB8, 0xDB, 0x4C, 0xA4, 0xF5, 0x5A, 0xAA, 0x3C, 0x12, 0x4A, 0xB5, 0xB1, 0xE0, 0x57,
    0x1B, 0x83, 0xA9, 0xDA, 0xBA, 0x89, 0x62, 0x38, 0x51, 0xB0, 0x16, 0xBB, 0xA8, 0x57, 0x8A, 0x66,
    0xA1, 0x68, 0xE7, 0x6B, 0x31, 0x9C, 0x28, 0xE2, 0x38, 0x90, 0xC4, 0x47, 0xEC, 0x62, 0x20, 0xB0,
    0x27, 0x4A, 0xCB, 0xCA, 0xB6, 0xA2, 0x3C, 0xE3, 0x8B, 0xA8, 0x14, 0x07, 0xC6, 0xEA, 0x9B, 0x97,
    0xC0, 0x51, 0x4A, 0x93, 0xF0, 0xF8, 0xDE, 0xDD, 0xAA, 0x12, 0xAD, 0x34, 0x8A, 0x4C, 0xF2, 0x7F,
    0x73, 0x6B, 0x79, 0x71, 0xEB, 0x9A, 0x72, 0xDA, 0xE2, 0x6F, 0x56, 0xC9, 0xAD, 0xF5, 0xFF, 0xCA,
    0xAD, 0x6F, 0x63, 0xBF, 0xB8, 0x15, 0xB5, 0xD6, 0x23, 0xDD, 0x17, 0x2C, 0xF1, 0x6E, 0x0B, 0x6D,
    0xF2, 0x8C, 0x4A, 0x1C, 0xF3, 0xA8, 0x0D, 0x6C, 0xD7, 0x4C, 0x35, 0x3D, 0x95, 0xDB, 0x5D, 0xE2,
    0x2C, 0xB1, 0xF1, 0xDF, 0xD8, 0x7B, 0xF4, 0x80, 0x88, 0x6F, 0x19, 0x40, 0x54, 0x63, 0x83, 0xD7,
    0x6C, 0x00, 0x97, 0x61, 0xEB, 0xFA, 0x0D, 0x03, 0xA7, 0xB9, 0x9C, 0x77, 0xFF, 0xCF, 0x55, 0x4E,
    0xFD, 0xCF, 0x70, 0x23, 0x6E, 0xEA, 0x6E, 0xB8, 0x29, 0xB8, 0x83, 0xFA, 0x44, 0xB6, 0x2A, 0xFE,
    0xC1, 0xBD, 0x57, 0x45, 0x64, 0xED, 0x57, 0x68, 0x30, 0x00, 0xC4, 0x8C, 0x86, 0x8E, 0xA3, 0xE9,
    0x59, 0x47, 0x4D, 0xD0, 0x42, 0x47, 0xC5, 0xD2, 0x5B, 0xA5, 0xF9, 0xB6, 0x0A, 0xAB, 0xEE, 0x5E,
    0xA0, 0xDC, 0x22, 0xFA, 0x77, 0xE2, 0x41, 0x05, 0x6B, 0x21, 0xE0, 0xB4, 0x52, 0xED, 0x55, 0xA5,
    0x2A, 0x6A, 0x3D, 0x25, 0x18, 0xDA, 0xC0, 0xAA, 0x86, 0x0A, 0x2D, 0xE0, 0xFE, 0x21, 0xDE, 0x2D,
    0xD5, 0xE7, 0x85, 0xC7, 0xCF, 0x2F, 0x29, 0x60, 0x14, 0x3D, 0xC7, 0x66, 0x34, 0x63, 0xB7, 0x63,
    0xDB, 0x9B, 0xB1, 0x9B, 0xBE, 0x05, 0x6E, 0x17, 0xED, 0xF1, 0x09, 0xE0, 0x37, 0x5F, 0xB1, 0xB3,
    0x38, 0xFD, 0x57, 0x36, 0xCF, 0xDE, 0xD9, 0xEB, 0xDC, 0xB4, 0x3C, 0x37, 0xBD, 0x4E, 0x2E, 0x42,
    0xB9, 0x68, 0x11, 0x67, 0xB6, 0x4C, 0x92, 0x05, 0x0A, 0xE4, 0x81, 0x51, 0xD8, 0x7A, 0xCD, 0x6C,
    0xD4, 0x43, 0xB3, 0xAA, 0xE3, 0x66, 0x4B, 0xEA, 0xF9, 0x10, 0xBB, 0x5B, 0x3F, 0x98, 0x6D, 0xDC,
    0x8F, 0x5F, 0x87, 0xC4, 0xD7, 0x11, 0xE1, 0xF8, 0xBA, 0xC1, 0x1B, 0x5B, 0x37, 0xFD, 0xC7, 0x52,
    0xE5, 0x0F, 0x42, 0xD3, 0xFD, 0xC5, 0xB5, 0xFF, 0x52, 0x0A, 0x37, 0xAE, 0x5C, 0xED, 0x4D, 0x54,
    0xE5, 0xE4, 0x29, 0x7D, 0x06, 0x29, 0x7C, 0x36, 0x29, 0x4F, 0xDE, 0x63, 0xF1, 0xEB, 0x65, 0xAF,
    0xDD, 0x9B, 0xD7, 0xBE, 0x6B, 0x5C, 0x5C, 0xCA, 0x62, 0xAD, 0x0C, 0x11, 0xEE, 0xEE, 0x9D, 0x8A,
    0xE8, 0x1E, 0x5A, 0xF3, 0x25, 0x92, 0x27, 0x24, 0x9B, 0xE3, 0xB3, 0xEC, 0x5E, 0xB0, 0x78, 0xCF,
    0x9C, 0x30, 0xE0, 0x23, 0x34, 0x3E, 0x70, 0x60, 0x94, 0x11, 0x0F, 0xB2, 0xDF, 0x2E, 0x24, 0x87,
    0x58, 0x09, 0x49, 0xEC, 0xDC, 0x1D, 0x7E, 0x54, 0xB7, 0x79, 0x75, 0x4A, 0xC3, 0x94, 0xCB, 0xEE,
    0x76, 0x98, 0xCA, 0x3D, 0x3A, 0xAA, 0xBF, 0x49, 0xE1, 0x76, 0x94, 0x5B, 0xA3, 0x48, 0x6A, 0x98,
    0x48, 0x81, 0x72, 0x11, 0x3F, 0xEA, 0x49, 0x1B, 0x19, 0x27, 0x19, 0x11, 0x51, 0xFE, 0x84, 0xAB,
    0xD0, 0xBC, 0x9B, 0xEB, 0x0E, 0x68, 0x07, 0x92, 0xB4, 0x10, 0x44, 0x41, 0xB4, 0x7C, 0x62, 0x64,
    0x1D, 0x91, 0x34, 0x3A, 0x9F, 0x2A, 0x94, 0x1B, 0x3A, 0xE5, 0x86, 0x41, 0x15, 0x39, 0xF6, 0x37,
    0x73, 0x09, 0x79, 0x9A, 0xA9, 0x77, 0x39, 0xF8, 0x5C, 0xB2, 0x53, 0x21, 0x17, 0x88, 0x91, 0x76,
    0xBD, 0x83, 0x26, 0xB5, 0x66, 0x0F, 0x3B, 0xEC, 0x33, 0xA6, 0xD2, 0x57, 0xFF, 0x41, 0x2B, 0xED,
    0x84, 0x1F, 0xAF, 0x09, 0x2F, 0xBF, 0xDD, 0x74, 0xD4, 0xAC, 0x73, 0x39, 0xB4, 0x7A, 0x58, 0x05,
    0xAF, 0x4A, 0x29, 0x28, 0x78, 0x9C, 0xA6, 0xCA, 0x94, 0x61, 0x79, 0xA8, 0xA2, 0xA3, 0x49, 0x7D,
    0x2A, 0x8F, 0x56, 0x70, 0x70, 0xB4, 0x3C, 0x27, 0x00, 0x6A, 0xB3, 0x81, 0xA1, 0x60, 0x1D, 0x45,
    0xC0, 0x95, 0xAC, 0xF3, 0xD8, 0xDE, 0xDA, 0xC0, 0xA8, 0x61, 0x15, 0xB9, 0x53, 0xE3, 0xAB, 0x9D,
    0x83, 0x8F, 0x75, 0x4E, 0xB5, 0x71, 0xFB, 0x06, 0xDD, 0x79, 0xEE, 0x59, 0xDD, 0x56, 0x7B, 0xF0,
    0x31, 0x2E, 0x77, 0x86, 0x55, 0x1B, 0x63, 0x11, 0xE3, 0xA5, 0x2A, 0xB0, 0x9D, 0xD3, 0x2C, 0xAA,
    0x46, 0xD6, 0xE2, 0xCC, 0x72, 0x2D, 0xF2, 0xA1, 0x2B, 0x64, 0xE1, 0x53, 0x49, 0x8D, 0xF7, 0x22,
    0xD5, 0x60, 0xD7, 0x07, 0x9F, 0x06, 0x76, 0x1F, 0x5C, 0x01, 0xE9, 0x14, 0x2E, 0x22, 0x31, 0xEF,
    0x9D, 0x66, 0xFE, 0x2A, 0x09, 0xE5, 0x32, 0xD2, 0x9E, 0x68, 0x2C, 0x10, 0xD7, 0x14, 0x28, 0x34,
    0xD2, 0xE6, 0x9A, 0x18, 0x33, 0x8D, 0xB4, 0x99, 0xA8, 0x73, 0x2D, 0x16, 0xCE, 0x81, 0xB5, 0x66,
    0xC4, 0x34, 0x2A, 0x6A, 0x70, 0x7C, 0x18, 0x69, 0xBB, 0x77, 0x8D, 0xB4, 0x7D, 0xF0, 0x16, 0xEF,
    0x2E, 0xBE, 0x96, 0xDF, 0x47, 0x0B, 0x64, 0x7A, 0xDA, 0x12, 0x7E, 0xBE, 0x1F, 0x15, 0x01, 0x4C,
    0xD5, 0x85, 0x5B, 0x0F, 0x63, 0xE7, 0x2E, 0x4D, 0xA0, 0x85, 0xCF, 0xBF, 0xBB, 0x2B, 0x15, 0xE5,
    0x58, 0x15, 0x4B, 0x19, 0x97, 0x05, 0x53, 0x24, 0x61, 0xD1, 0x6C, 0x1E, 0x96, 0xA9, 0x31, 0x37,
    0x65, 0x59, 0x60, 0x50, 0xA6, 0xFC, 0x2E, 0xC2, 0x1E, 0x65, 0x5A, 0xF6, 0xC8, 0x49, 0x1A, 0x2E,
    0x8E, 0x80, 0xC2, 0xF1, 0x42, 0x41, 0xC3, 0x01, 0x23, 0xAA, 0xB6, 0xFA, 0xAC, 0x51, 0xCF, 0x97,
    0x8E, 0x23, 0x31, 0x47, 0x17, 0x1A, 0xA4, 0x93, 0x66, 0x5C, 0xCE, 0x00, 0x13, 0x7D, 0x34, 0xE8,
    0xF6, 0x01, 0x7F, 0x5B, 0x0D, 0xF1, 0xE4, 0xC8, 0xE4, 0x8A, 0x50, 0x77, 0xDE, 0x76, 0x18, 0x37,
    0xF3, 0xF8, 0x82, 0x05, 0x15, 0x34, 0x1D, 0xE2, 0x9A, 0xDA, 0xE2, 0xEC, 0xD7, 0xBE, 0xB8, 0x4B,
    0xCD, 0x83, 0x64, 0x19, 0xEF, 0xD5, 0xAB, 0xAC, 0x6E, 0x0A, 0x8D, 0x90, 0x99, 0xDF, 0x43, 0x1C,
    0x7C, 0x58, 0x71, 0xB7, 0x49, 0x7A, 0xB8, 0xA4, 0xB0, 0x49, 0x8D, 0x56, 0xEB, 0x86, 0x60, 0xD0,
    0x5A, 0x69, 0x20, 0x9D, 0x0E, 0xAA, 0xEF, 0x94, 0x47, 0x7E, 0xAE, 0xE8, 0x1B, 0x46, 0x06, 0x87,
    0xFD, 0x42, 0x69, 0xFB, 0x30, 0x30, 0xC0, 0xA5, 0xB3, 0x12, 0xBC, 0x4F, 0x56, 0x72, 0x6A, 0x3D,
    0x5D, 0x5A, 0x2A, 0xC2, 0x1C, 0x94, 0x95, 0x08, 0xCF, 0xE4, 0xB0, 0xA9, 0xD5, 0x07, 0x7A, 0xE7,
    0xC6, 0xFA, 0x1D, 0x86, 0x2D, 0x0A, 0xF7, 0x52, 0x33, 0x9D, 0x19, 0xCB, 0x8C, 0x03, 0xB6, 0xB3,
    0xED, 0x68, 0x2F, 0x23, 0x56, 0x67, 0xC6, 0xE9, 0x0C, 0x15, 0x6A, 0x0E, 0xA1, 0xA6, 0x9B, 0xC1,
    0x6F, 0x4E, 0xCE, 0x22, 0x3B, 0xE6, 0xFA, 0x69, 0x79, 0xD6, 0x3E, 0x1F, 0x70, 0xA1, 0xC1, 0xDB,
    0x8D, 0xA9, 0xC4, 0x73, 0x1F, 0xE2, 0x6F, 0xFA, 0x2A, 0x9E, 0x07, 0xE4, 0xD4, 0x19, 0x23, 0xC9,
    0xFB, 0x97, 0x79, 0xE4, 0xC7, 0xA6, 0xE2, 0x00, 0x3B, 0x37, 0x08, 0x9C, 0x8C, 0x46, 0x50, 0xDB,
    0xD0, 0xBC, 0x66, 0x72, 0x39, 0xFA, 0xE0, 0xCD, 0x71, 0x9E, 0x73, 0x6E, 0x87, 0x91, 0xF9, 0xE7,
    0xD0, 0xA2, 0x6A, 0x4E, 0x80, 0x47, 0xBE, 0x5A, 0x73, 0x66, 0xD9, 0xBF, 0x65, 0x26, 0x66, 0x07,
    0x4F, 0xB3, 0x47, 0x1A, 0x3B, 0x02, 0x1B, 0x6A, 0x04, 0xC9, 0x6D, 0x26, 0xC9, 0x76, 0x3C, 0xCD,
    0x90, 0x91, 0x16, 0x8D, 0xB4, 0xA7, 0xC8, 0x68, 0x07, 0x36, 0x6C, 0x72, 0x4C, 0x97, 0x7A, 0x42,
    0x4C, 0x94, 0xFB, 0x4B, 0x8D, 0x8E, 0x70, 0xD3, 0xA3, 0xE7, 0x84, 0xFD, 0x9E, 0xC0, 0xAE, 0xF6,
    0x9E, 0x45, 0x78, 0x3B, 0x1E, 0xB0, 0x61, 0xB6, 0x9B, 0x8B, 0x0E, 0x1B, 0xC6, 0x88, 0x8D, 0xF6,
    0x6B, 0xE6, 0x6C, 0xE8, 0xDB, 0xC9, 0x52, 0x7D, 0xF7, 0xA9, 0xBD, 0x6E, 0xA6, 0xE9, 0x66, 0xDC,
    0x8E, 0x61, 0x1E, 0x28, 0x56, 0x34, 0x9C, 0x78, 0x14, 0x2B, 0x72, 0xDC, 0x6C, 0x6C, 0x69, 0x26,
    0x7B, 0x6D, 0x18, 0x8B, 0xFD, 0x25, 0xEF, 0x78, 0x8C, 0x3E, 0x77, 0x3C, 0xEE, 0x6B, 0xA9, 0xC2,
    0xB3, 0xDC, 0x67, 0xBA, 0xF7, 0x9B, 0x53, 0x02, 0xA7, 0xFF, 0x49, 0x0E, 0x31, 0x87, 0x34, 0x32,
    0xB5, 0xCD, 0xAE, 0x23, 0xBC, 0x6D, 0x1E, 0x3B, 0x19, 0x12, 0xC4, 0xAF, 0xE9, 0x5A, 0xCD, 0x56,
    0x1C, 0xAB, 0xD5, 0x34, 0x2D, 0x57, 0x73, 0x66, 0x89, 0xC3, 0xCB, 0xD5, 0xBE, 0x5E, 0x02, 0x0B,
    0x1F, 0xD5, 0x42, 0x72, 0xA7, 0x47, 0x33, 0xD1, 0xD7, 0x1D, 0x4C, 0x82, 0xB0, 0x33, 0x26, 0xD8,
    0x3E, 0x66, 0x95, 0xD9, 0x8D, 0xF2, 0x88, 0x6D, 0x02, 0x7A, 0xA0, 0x82, 0x74, 0x1A, 0x11, 0x59,
    0x66, 0x48, 0x2B, 0xFD, 0x5D, 0x9F, 0x1B, 0xCF, 0x8F, 0x88, 0x6C, 0xB3, 0x66, 0xC1, 0x96, 0xCF,
    0x78, 0xF4, 0x19, 0xA2, 0x20, 0xBE, 0xB2, 0xAF, 0xFD, 0x49, 0x5C, 0xBD, 0x79, 0xD8, 0xB4, 0x0A,
    0xFC, 0x4F, 0x4D, 0xC7, 0xCC, 0x06, 0xB6, 0xFD, 0xD9, 0x22, 0xD2, 0x1E, 0x58, 0xFC, 0x1F, 0x1F,
    0x19, 0xA4, 0xAF, 0x19, 0xCD, 0xC6, 0xE8, 0xA3, 0x65, 0xC5, 0x15, 0x77, 0x6D, 0xB8, 0x47, 0x38,
    0xCC, 0xCA, 0x52, 0x2C, 0x9D, 0x88, 0x37, 0x06, 0x4F, 0xE4, 0xC8, 0x73, 0x66, 0x94, 0xF5, 0x29,
    0xAB, 0xFB, 0xE3, 0xDB, 0x78, 0x3C, 0x81, 0xC1, 0x9E, 0xC0, 0x74, 0x1D, 0x7A, 0xEC, 0xE1, 0xCD,
    0xB0, 0x20, 0x87, 0x5A, 0x02, 0x7C, 0x1F, 0xBA, 0xBD, 0x34, 0x5A, 0x5B, 0xAE, 0xED, 0x73, 0xEB,
    0x5B, 0x71, 0x8D, 0x62, 0xA7, 0x86, 0xEF, 0x35, 0xE0, 0xD2, 0x0F, 0x68, 0xF4, 0x99, 0x37, 0x25,
    0x1C, 0x78, 0x72, 0x96, 0xC5, 0x12, 0x69, 0x6C, 0x43, 0x0B, 0x5B, 0x44, 0x8D, 0x6A, 0x3B, 0xBB,
    0x12, 0x95, 0x40, 0x8E, 0x3D, 0x73, 0x83, 0x1B, 0xC2, 0x19, 0x68, 0xEB, 0xA9, 0x5C, 0x8A, 0x63,
    0x73, 0xC2, 0x1B, 0x46, 0x25, 0x4C, 0x33, 0x76, 0xC2, 0xEC, 0x24, 0xB4, 0x3F, 0xDF, 0x92, 0x55,
    0x1E, 0x5B, 0xEF, 0x85, 0x48, 0x6B, 0x75, 0x71, 0xA8, 0x7B, 0xC3, 0x48, 0xAB, 0xE1, 0x79, 0xE4,
    0x68, 0xC3, 0xC4, 0x1E, 0x99, 0x24, 0x18, 0x17, 0x46, 0xF5, 0x9C, 0xC5, 0xA2, 0x60, 0xCF, 0xA1,
    0xBC, 0xA1, 0xA7, 0x0A, 0x02, 0x99, 0xC0, 0x60, 0x5F, 0x90, 0x45, 0x6C, 0xD1, 0x20, 0xC5, 0x7D,
    0x1D, 0xA4, 0x8C, 0xE7, 0x16, 0xD9, 0x9C, 0x25, 0x11, 0x4C, 0x34, 0xB3, 0x20, 0x3A, 0x71, 0x7D,
    0xC9, 0xA3, 0x1B, 0x32, 0x6A, 0xB1, 0xF7, 0xCB, 0x0D, 0xFB, 0x6C, 0xF6, 0x6A, 0xB1, 0xA1, 0x29,
    0xDC, 0x5A, 0x34, 0x49, 0x83, 0x3F, 0x8C, 0xF1, 0xFD, 0x15, 0xAD, 0x1E, 0x18, 0x35, 0xDC, 0x32,
    0x6A, 0x02, 0xA3, 0x8E, 0x69, 0xA4, 0x7D, 0x76, 0xC2, 0x30, 0x5D, 0xC7, 0xDF, 0x33, 0x1D, 0xC4,
    0xCF, 0xE9, 0xC1, 0xCE, 0x5A, 0x34, 0x96, 0x36, 0x76, 0x0C, 0x43, 0x9F, 0xA5, 0xD1, 0xEE, 0x98,
    0x26, 0x3C, 0xFF, 0x2D, 0xDB, 0x29, 0x64, 0x0E, 0xB7, 0x87, 0x1B, 0x24, 0x65, 0xD1, 0x42, 0x49,
    0x14, 0xF0, 0x17, 0x06, 0x13, 0x7A, 0xD8, 0x4A, 0x97, 0x6D, 0x28, 0x51, 0x0C, 0xBB, 0x0F, 0xD7,
    0x54, 0x55, 0x8D, 0x29, 0x7F, 0x7E, 0x7E, 0xD5, 0x15, 0xDC, 0xF6, 0x60, 0x83, 0xBA, 0x82, 0xE1,
    0xBA, 0x2B, 0xF8, 0x66, 0xFC, 0x85, 0x3A, 0x32, 0x36, 0x4F, 0xDF, 0x7D, 0xC1, 0x1A, 0x63, 0xF1,
    0xDB, 0x29, 0x7F, 0xC6, 0x9F, 0xC5, 0xA5, 0x84, 0xA3, 0xE3, 0x2F, 0xE3, 0xC6, 0x26, 0x3C, 0x7E,
    0x52, 0x9D, 0x57, 0x4C, 0x0D, 0x71, 0xB6, 0x32, 0xCF, 0xF6, 0x12, 0x7D, 0x68, 0xC5, 0x0B, 0x60,
    0x46, 0x2F, 0x14, 0x92, 0xD7, 0x4C, 0x03, 0x39, 0x4E, 0xAE, 0x54, 0xB5, 0x83, 0xFB, 0x4E, 0x50,
    0x4C, 0x6A, 0x94, 0x8B, 0xE7, 0x6D, 0xB9, 0xB5, 0x1B, 0x3D, 0x99, 0x0F, 0xBD, 0x7F, 0xC1, 0xE0,
    0x9A, 0xD3, 0x5B, 0xF2, 0xC8, 0x5E, 0x14, 0xA1, 0x98, 0xCC, 0xB3, 0xF8, 0xD3, 0x23, 0x59, 0x86,
    0x20, 0xD7, 0x17, 0x2E, 0xA3, 0xA9, 0xC5, 0xE0, 0x61, 0x08, 0xE1, 0x85, 0x25, 0x29, 0x00, 0x1B,
    0x76, 0xA0, 0xB2, 0x1F, 0xDD, 0xE1, 0xC3, 0xBA, 0xE9, 0x07, 0xD7, 0xE4, 0xAB, 0x5B, 0xF8, 0x52,
    0x53, 0x2E, 0x3F, 0x76, 0x34, 0x5A, 0xF4, 0xC9, 0x53, 0xEE, 0x5B, 0x3F, 0x24, 0x7B, 0x89, 0xE7,
    0x9B, 0x61, 0x18, 0x8D, 0xFC, 0x66, 0xA3, 0xB1, 0x8A, 0x93, 0x8D, 0x27, 0xD9, 0x73, 0xFE, 0x1F,
    0x43, 0x08, 0xDF, 0xF7, 0x5B, 0xE1, 0xA0, 0x9B, 0x56, 0xDD, 0x8E, 0x5D, 0x9E, 0xBA, 0x1A, 0x9D,
    0x2E, 0x35, 0x9E, 0x77, 0x3A, 0xBC, 0x28, 0x62, 0x92, 0x8C, 0xE1, 0xFA, 0x01, 0x62, 0x68, 0xAA,
    0xC9, 0x77, 0x4B, 0xEF, 0x39, 0xC2, 0x25, 0x3F, 0x9B, 0x7A, 0xA6, 0xC3, 0xD0, 0x9B, 0x0A, 0xDD,
    0x68, 0x1A, 0xB4, 0x68, 0x2D, 0x3B, 0x3C, 0x86, 0x91, 0xBD, 0x0B, 0x1E, 0xA6, 0x20, 0xF4, 0x8E,
    0x28, 0x14, 0xB8, 0x7B, 0x0B, 0x77, 0xF0, 0x7B, 0xF6, 0x89, 0x1D, 0x84, 0x0B, 0x86, 0xB3, 0xFE,
    0x0F, 0x25, 0xC2, 0x4F, 0xB6, 0xC5, 0x0F, 0x11, 0xE0, 0x32, 0x4F, 0xC4, 0x81, 0xC5, 0x6A, 0x69,
    0xCE, 0x4E, 0x2F, 0x97, 0x9C, 0x37, 0x84, 0xD5, 0x5C, 0xAC, 0x92, 0x9A, 0x28, 0x28, 0xCD, 0xBA,
    0x35, 0x1A, 0x12, 0x93, 0xBC, 0xB4, 0xCA, 0x51, 0x76, 0x5A, 0xFA, 0xDC, 0x24, 0x5D, 0x4E, 0x69,
    0xFB, 0x77, 0x7D, 0x83, 0x82, 0x62, 0xBE, 0x85, 0x65, 0xE1, 0x39, 0xD5, 0x35, 0x83, 0xB9, 0xD8,
    0x31, 0x36, 0xC0, 0xE5, 0x28, 0x69, 0x66, 0xCF, 0x30, 0xF8, 0xC4, 0x87, 0x3A, 0xF3, 0x0F, 0xED,
    0x5C, 0x31, 0x8F, 0xE4, 0x58, 0x11, 0x7E, 0x6E, 0x6B, 0xA7, 0xC5, 0x39, 0xE8, 0x68, 0x4F, 0xB0,
    0x17, 0x98, 0x80, 0x00, 0x6D, 0x40, 0xFF, 0x01, 0x24, 0x5B, 0xBA, 0xE0, 0x82, 0x4B, 0x88, 0x38,
    0x09, 0x02, 0x08, 0x2E, 0x59, 0x08, 0xF6, 0x0F, 0x80, 0xBA, 0x39, 0x02, 0x02, 0x02, 0x16, 0xC1,
    0x0F, 0xD8, 0xE0, 0x90, 0xEE, 0x48, 0x48, 0x2E, 0x3C, 0xAD, 0x2D, 0xF1, 0x07, 0xFA, 0xC4, 0x0F,
    0xC0, 0x88, 0xCD, 0x08, 0xCE, 0x08, 0x4B, 0xF8, 0xC0, 0xED, 0xC7, 0xAB, 0xEF, 0xAB, 0x72, 0xDB,
    0x3D, 0xDD, 0x33, 0x73, 0x8B, 0x4E, 0xDB, 0xD3, 0x33, 0x96, 0xC6, 0xE5, 0xE9, 0x76, 0xDB, 0xEF,
    0xD5, 0xF7, 0xBD, 0x7A, 0x55, 0xF5, 0xCA, 0x76, 0xCE, 0xB9, 0xAC, 0x76, 0xB2, 0xF9, 0x46, 0xF6,
    0x91, 0x6F, 0x45, 0xC4, 0x14, 0x89, 0xEF, 0x44, 0x2C, 0xFE, 0x05, 0x91, 0xFD, 0x1D, 0x62, 0xF5,
    0xE7, 0x2D, 0xCE, 0xFF, 0xA0, 0x0F, 0xFB, 0x99, 0x9F, 0x89, 0x88, 0xB7, 0x91, 0x97, 0xF3, 0x3B,
    0x27, 0x62, 0xD1, 0x40, 0x84, 0x0B, 0xFB, 0x3C, 0x9C, 0x5F, 0x42, 0xF8, 0xB5, 0x2B, 0xD6, 0xE1,
    0x7C, 0xE7, 0x8A, 0xD2, 0xC5, 0x3D, 0x3E, 0x5F, 0x74, 0x10, 0xA9, 0x0F, 0x5B, 0xE9, 0x32, 0x11,
    0x1B, 0x57, 0x88, 0xA8, 0xE4, 0x7C, 0xB7, 0xAC, 0xE5, 0xFC, 0x20, 0x62, 0xB9, 0x65, 0x5A, 0xCB,
    0xF9, 0x6E, 0x51, 0xA7, 0x0D, 0x6E, 0x92, 0x55, 0x22, 0xD0, 0xD0, 0x03, 0xDB, 0x9C, 0xDD, 0x4A,
    0xF9, 0xFD, 0x12, 0x4D, 0xB7, 0xB3, 0xF5, 0xBB, 0xA2, 0x97, 0x2E, 0x86, 0x5B, 0x86, 0x3B, 0x37,
    0xAE, 0x78, 0x99, 0x4A, 0xF3, 0xE3, 0xCE, 0x7D, 0xEA, 0x66, 0x72, 0xBF, 0x48, 0x76, 0xB3, 0xF0,
    0xC3, 0xE8, 0xA7, 0x9D, 0xBB, 0xF0, 0x41, 0x17, 0xA1, 0x69, 0xED, 0xDC, 0xFF, 0xE7, 0xED, 0x26,
    0x5C, 0x75, 0x5E, 0x67, 0xA5, 0x4B, 0xEA, 0x22, 0x0F, 0x0D, 0x0A, 0x8D, 0xCC, 0xAA, 0xD0, 0xC9,
    0xA2, 0xF2, 0xE5, 0xDC, 0x6F, 0x56, 0x7D, 0xB8, 0xE8, 0xD2, 0xFB, 0xA7, 0x65, 0xE2, 0xDB, 0xB4,
    0x74, 0x3F, 0xC9, 0x27, 0x2D, 0x5B, 0xAE, 0xE5, 0xDE, 0xD5, 0x64, 0x87, 0xCF, 0xA0, 0xCF, 0x9C,
    0xFA, 0x2F, 0x81, 0xC6, 0x8F, 0x2A, 0x36, 0x7B, 0x43, 0x81, 0x0F, 0x5D, 0xC6, 0xCB, 0x6D, 0xDD,
    0xD1, 0xED, 0x0C, 0x20, 0x5D, 0x4A, 0x17, 0x32, 0xF9, 0xF2, 0x4D, 0xB4, 0xAD, 0xB3, 0x5D, 0xDC,
    0xEC, 0x14, 0x32, 0xDE, 0x5E, 0x03, 0x98, 0x49, 0x69, 0x88, 0x5A, 0x73, 0x8A, 0xD2, 0x60, 0x34,
    0x16, 0x92, 0x70, 0x71, 0xFB, 0x06, 0x01, 0x4E, 0x7B, 0x3B, 0xB3, 0xE0, 0x75, 0xE2, 0x4E, 0x7F,
    0x1C, 0x54, 0x51, 0xBB, 0xEB, 0xB6, 0xCC, 0x4E, 0x21, 0xB4, 0x03, 0xB8, 0x03, 0xBC, 0x03, 0xC0,
    0x03, 0xC4, 0x03, 0xC8, 0x03, 0xCC, 0x06, 0xF4, 0x00, 0xF5, 0x00, 0xF6, 0x00, 0xF7, 0x00, 0xF8,
    0x00, 0xF9, 0x00, 0xBA, 0xC1, 0xEE, 0x0C, 0x78, 0x67, 0xD0, 0x3B, 0x03, 0xDF, 0x19, 0xFC, 0xCE,
    0x08, 0xE0, 0x8C, 0x02, 0x4E, 0x49, 0xA0, 0x2A, 0x92, 0x03, 0x25, 0x02, 0x7F, 0xED, 0x44, 0x09,
    0x4A, 0x06, 0xC1, 0x61, 0x32, 0xC2, 0x9F, 0xB1, 0xAD, 0x8D, 0x35, 0x70, 0xA4, 0x11, 0x34, 0x88,
    0x48, 0x07, 0xF1, 0x1C, 0xED, 0xCD, 0xD9, 0x45, 0xA8, 0x77, 0xE1, 0x6B, 0x6A, 0x40, 0xEE, 0x11,
    0x3A, 0xED, 0x8F, 0xAA, 0xB8, 0xE8, 0xA9, 0x45, 0xFC, 0x0E, 0x5C, 0x72, 0x64, 0x93, 0x23, 0x9F,
    0x9C, 0x31, 0x4A, 0x39, 0x45, 0x56, 0x91, 0x57, 0x8E, 0xCC, 0x42, 0x6F, 0x43, 0xAB, 0xC1, 0x2E,
    0x98, 0x20, 0x31, 0x38, 0x60, 0x58, 0xF8, 0x2A, 0x47, 0x1F, 0x3D, 0x7B, 0x07, 0x9E, 0x05, 0x21,
    0x4C, 0x0B, 0xCD, 0xEB, 0x71, 0x5B, 0xB0, 0x4D, 0xDA, 0x20, 0x7C, 0x73, 0x13, 0xF3, 0x31, 0xB3,
    0xE3, 0x61, 0x04, 0x0C, 0xAC, 0x99, 0x9B, 0x9E, 0xD8, 0x9E, 0xC0, 0x39, 0xF7, 0xC2, 0x38, 0xF7,
    0x98, 0x5D, 0xF3, 0xF7, 0x9C, 0xFB, 0x72, 0x9C, 0x8B, 0xA9, 0xA7, 0xA4, 0x36, 0x8D, 0x8E, 0xF4,
    0xEB, 0x0A, 0x1D, 0xFC, 0xF9, 0x65, 0xB2, 0x35, 0x67, 0x41, 0xB6, 0x42, 0x39, 0xE6, 0x95, 0x01,
    0xEF, 0x29, 0x01, 0x62, 0x93, 0xF8, 0x3C, 0x7A, 0x4E, 0x2E, 0x26, 0x1D, 0x27, 0xA6, 0xCC, 0x2B,
    0x4B, 0x80, 0x8A, 0x4B, 0xDA, 0x14, 0x93, 0x58, 0xBA, 0x99, 0xD7, 0x37, 0xE2, 0x99, 0xD2, 0xCC,
    0x58, 0x66, 0x24, 0x33, 0x8E, 0x19, 0xC5, 0x8C, 0x61, 0x46, 0x30, 0xE5, 0x97, 0xD1, 0xCB, 0xD8,
    0x65, 0xE4, 0x32, 0x6E, 0x19, 0xB5, 0x8C, 0x59, 0x4A, 0x2C, 0xE3, 0x95, 0xD1, 0xCA, 0x58, 0x65,
    0xA4, 0x32, 0x4E, 0x19, 0xA5, 0x94, 0x51, 0x46, 0x28, 0xE3, 0x93, 0xD1, 0xC9, 0xD8, 0x34, 0x26,
    0x13, 0x8E, 0x39, 0xA5, 0xB9, 0x37, 0xD9, 0x76, 0x62, 0xD9, 0xED, 0x74, 0x09, 0x08, 0xC0, 0x25,
    0x52, 0x89, 0x4C, 0x02, 0x91, 0x8E, 0xF2, 0x08, 0x1C, 0x22, 0x85, 0xC8, 0x20, 0x12, 0x88, 0xFC,
    0x31, 0xFA, 0x90, 0x3D, 0x20, 0x0F, 0xB8, 0x43, 0xEA, 0x80, 0x39, 0x24, 0x0E, 0x79, 0x43, 0xDA,
    0x90, 0x35, 0x24, 0x0D, 0x39, 0x43, 0xCA, 0x90, 0x31, 0x24, 0x8C, 0xF2, 0x65, 0xA0, 0xCB, 0xB2,
    0x8A, 0x01, 0xB7, 0xEF, 0x01, 0xF7, 0x4C, 0xC7, 0x62, 0xDC, 0xAC, 0xA0, 0xE6, 0x64, 0x13, 0x6F,
    0xAF, 0x44, 0x7F, 0xA6, 0x9C, 0x4A, 0xF5, 0x34, 0xB5, 0x55, 0x66, 0xAA, 0xD2, 0x2A, 0xB9, 0xCB,
    0xEC, 0x09, 0x20, 0x7E, 0x57, 0xD8, 0xF0, 0xD9, 0x16, 0x17, 0x93, 0xCB, 0xBF, 0x23, 0x3D, 0xED,
    0x68, 0xFA, 0x2E, 0x6F, 0x4B, 0x2A, 0xA1, 0x44, 0xD7, 0xE1, 0x4A, 0xFD, 0x45, 0x7C, 0x1F, 0x7F,
    0xD2, 0x1C, 0x52, 0xFB, 0xAA, 0x3E, 0x12, 0x19, 0x10, 0x6F, 0xB3, 0xCD, 0x75, 0x33, 0xD5, 0xDD,
    0x8D, 0x60, 0xA6, 0xB6, 0xA2, 0xBE, 0x25, 0xB6, 0x62, 0x1A, 0x09, 0x31, 0x00, 0x9A, 0xEC, 0x2D,
    0x1A, 0x0A, 0xDB, 0x8F, 0xC7, 0x53, 0x6E, 0x42, 0xB1, 0x9C, 0xF8, 0x7C, 0xDD, 0x71, 0x9B, 0xF2,
    0xCC, 0x7D, 0x04, 0x5D, 0x81, 0x58, 0x71, 0x27, 0x13, 0xBE, 0x58, 0x26, 0x58, 0x14, 0x4F, 0x03,
    0xB3, 0x6C, 0xCF, 0x94, 0x50, 0x29, 0x1D, 0xA8, 0x35, 0x7A, 0x20, 0xC7, 0xF3, 0x2D, 0x0D, 0xA9,
    0xEC, 0x1F, 0xEF, 0x43, 0xF1, 0xC4, 0xBD, 0x91, 0x8B, 0x47, 0x23, 0x53, 0x78, 0xF6, 0x0B, 0x34,
    0x15, 0x1D, 0x25, 0xA9, 0x66, 0x7E, 0x7D, 0x92, 0x44, 0xFA, 0xBA, 0xC2, 0xA5, 0x82, 0x8D, 0xCC,
    0x68, 0x11, 0x17, 0xD5, 0xC4, 0x57, 0xF9, 0xF0, 0xE6, 0xF4, 0x28, 0x69, 0x7D, 0xC8, 0xB8, 0x97,
    0x67, 0x49, 0x0F, 0xFA, 0xB5, 0x34, 0x22, 0x71, 0x37, 0x72, 0x2F, 0x57, 0xD8, 0x3F, 0xBA, 0x9E,
    0x1E, 0xCB, 0x11, 0x3D, 0xA2, 0x17, 0xF9, 0x69, 0xDA, 0x19, 0xBA, 0x5C, 0xEA, 0x73, 0x99, 0xD3,
    0xE5, 0x26, 0x82, 0x7E, 0x97, 0x85, 0x53, 0x0F, 0x0F, 0xB2, 0xE4, 0x7D, 0xE8, 0x6A, 0x76, 0xF7,
    0x8C, 0x48, 0x8C, 0x99, 0x78, 0x8E, 0xD1, 0xFF, 0x80, 0x9E, 0x06, 0x73, 0x50, 0xE9, 0x7A, 0x18,
    0x77, 0x74, 0x5F, 0xA3, 0xEF, 0x9D, 0x85, 0x41, 0x59, 0xB6, 0xC8, 0xE9, 0x44, 0x1A, 0x40, 0xC6,
    0x41, 0xAE, 0x61, 0x05, 0x96, 0x57, 0x7A, 0xAF, 0x81, 0x23, 0x1F, 0xBA, 0x1D, 0x49, 0x8C, 0x25,
    0x03, 0x4D, 0x8C, 0x27, 0x87, 0x89, 0x72, 0x07, 0x62, 0x1F, 0xD2, 0xE8, 0xB7, 0x1D, 0xC2, 0x4D,
    0xB9, 0x3C, 0x42, 0xD6, 0x3E, 0xF2, 0x9B, 0x43, 0xDA, 0xB8, 0x95, 0xDC, 0xB9, 0xD3, 0xCE, 0xC6,
    0xAB, 0x79, 0xAF, 0xB7, 0xD3, 0x46, 0xDC, 0xD0, 0x7B, 0x4D, 0xA8, 0xCD, 0x05, 0x75, 0xAB, 0x82,
    0x66, 0x21, 0x04, 0xCB, 0x44, 0x7E, 0x33, 0x76, 0x58, 0x54, 0x68, 0x40, 0x47, 0xE7, 0x56, 0xB3,
    0x5F, 0xE6, 0xCD, 0x7B, 0xF4, 0x25, 0xA2, 0x90, 0x10, 0xBB, 0xD5, 0x54, 0x96, 0xCD, 0xE2, 0x6E,
    0xAE, 0x8E, 0x72, 0x3B, 0x56, 0xB7, 0xA6, 0x4A, 0x35, 0x82, 0xDA, 0x6B, 0x83, 0x0A, 0x69, 0xDF,
    0x20, 0x56, 0x14, 0x87, 0xB7, 0x84, 0xBF, 0x58, 0x6A, 0xFE, 0xB5, 0x1D, 0xFF, 0xA7, 0xDF, 0x45,
    0xC5, 0x96, 0x09, 0xB9, 0x12, 0x9A, 0x17, 0x5B, 0xB1, 0x79, 0xDA, 0x89, 0x07, 0x1A, 0x5A, 0xCB,
    0x84, 0x94, 0x84, 0xF5, 0x1E, 0x7D, 0x2E, 0xE0, 0xA4, 0x16, 0x39, 0x78, 0x27, 0x5D, 0xDC, 0xED,
    0x47, 0x7D, 0xE7, 0xBE, 0xB0, 0xAC, 0xE0, 0xD7, 0x40, 0xEF, 0x95, 0xE8, 0xF7, 0xF3, 0x70, 0x97,
    0xB9, 0xF7, 0x3D, 0x9C, 0x36, 0xE9, 0xDB, 0xC5, 0x1F, 0xF6, 0x9B, 0x4C, 0xAF, 0xC6, 0x97, 0x43,
    0x4C, 0xCC, 0x63, 0xFD, 0x7C, 0xF8, 0xD7, 0x12, 0x5D, 0x3F, 0xAC, 0xC7, 0xAE, 0x81, 0x92, 0x55,
    0x17, 0x5F, 0x56, 0x47, 0xD5, 0x72, 0x16, 0x78, 0xAF, 0xD0, 0xC4, 0x02, 0x17, 0x78, 0x0F, 0xD7,
    0xE6, 0x8C, 0xC6, 0xF4, 0x4C, 0xB2, 0x1F, 0x9D, 0x8D, 0xB6, 0xD3, 0xC0, 0xBC, 0x58, 0x2F, 0x60,
    0x3E, 0x1B, 0xB9, 0x7E, 0xC2, 0x5E, 0x2D, 0x3E, 0xF3, 0x5B, 0xE4, 0x69, 0xD3, 0xE6, 0x9C, 0xB1,
    0x7B, 0x94, 0xCB, 0xE2, 0x80, 0x6F, 0x97, 0x25, 0xFC, 0x96, 0x52, 0xBB, 0xBF, 0x28, 0xD3, 0xF6,
    0x04, 0xF1, 0xFA, 0x78, 0x68, 0x48, 0x5C, 0x4D, 0x17, 0x32, 0xB4, 0x97, 0x4E, 0xCD, 0xBF, 0x85,
    0x27, 0x17, 0xCF, 0x88, 0x94, 0x9E, 0xA4, 0x0B, 0xA4, 0x9E, 0xBF, 0x4A, 0xDA, 0xB8, 0xBB, 0xC2,
    0x3F, 0x53, 0x7C, 0x0D, 0xD9, 0x41, 0xAA, 0x7A, 0x4D, 0xBF, 0x06, 0xB2, 0xC1, 0x3B, 0x48, 0x4B,
    0xB2, 0x29, 0xD0, 0x86, 0xF4, 0x90, 0x64, 0x21, 0xC8, 0x06, 0xB6, 0xA1, 0x6D, 0x70, 0x1B, 0xDE,
    0x06, 0xB8, 0x21, 0x3E, 0xCC, 0x9D, 0x8A, 0xF9, 0xA0, 0x81, 0x4B, 0xCD, 0x32, 0xA9, 0x50, 0x9B,
    0x9C, 0x9A, 0x69, 0xCD, 0x94, 0xB4, 0xE3, 0x5B, 0x68, 0xA6, 0x84, 0xED, 0x8F, 0x74, 0x01, 0x06,
    0xAE, 0xEA, 0x0B, 0xF5, 0xC9, 0xF0, 0xCD, 0x12, 0xAB, 0x24, 0xCE, 0xBF, 0x4B, 0xD7, 0x65, 0x76,
    0xD4, 0xD9, 0x25, 0x69, 0x94, 0x35, 0xA4, 0x8D, 0xF2, 0x46, 0x89, 0x63, 0xCB, 0x0D, 0xA4, 0x8E,
    0x72, 0x47, 0xC9, 0x43, 0xCF, 0xC2, 0x29, 0x71, 0x06, 0x31, 0x51, 0xA5, 0x0A, 0x5D, 0x1C, 0x25,
    0x89, 0x94, 0x45, 0x4A, 0x23, 0xE3, 0x91, 0x12, 0x69, 0x6C, 0xED, 0x6D, 0x71, 0x2C, 0x51, 0x18,
    0x2D, 0x65, 0xAC, 0x79, 0x45, 0x0B, 0x55, 0xB6, 0x5C, 0xB9, 0x09, 0x54, 0x7A, 0x74, 0x4F, 0xA5,
    0x03, 0x54, 0xD2, 0x01, 0xA9, 0xD3, 0x9F, 0xDE, 0x51, 0xC9, 0x63, 0xF3, 0x1F, 0x02, 0x40, 0x7F,
    0x88, 0x43, 0xEF, 0xDC, 0x6E, 0x0E, 0xA9, 0x82, 0x56, 0xED, 0x81, 0x94, 0x41, 0x84, 0x0F, 0xDF,
    0x87, 0x62, 0xE2, 0x3E, 0xE5, 0xA2, 0x23, 0x9D, 0xC0, 0x3F, 0x55, 0x00, 0x29, 0x69, 0x30, 0x4B,
    0xCE, 0xDA, 0xB3, 0x76, 0x12, 0xD4, 0xAC, 0x30, 0xAD, 0xF2, 0x70, 0x3B, 0xAA, 0x46, 0xE9, 0x76,
    0x29, 0x37, 0x64, 0x54, 0x5E, 0xEC, 0x08, 0x42, 0x7E, 0xC0, 0xC4, 0x1C, 0x63, 0xC7, 0x69, 0xB8,
    0x10, 0x49, 0x13, 0x61, 0xC1, 0xC4, 0xBF, 0x5B, 0x53, 0xBB, 0xB5, 0xD8, 0x8C, 0x54, 0x1A, 0x15,
    0xD7, 0x36, 0x0C, 0x0E, 0xB5, 0x5E, 0xB5, 0xEC, 0x47, 0x13, 0x94, 0x1A, 0x95, 0xA4, 0x39, 0x6A,
    0x53, 0xCE, 0x82, 0x11, 0xF3, 0xD6, 0x7D, 0x22, 0x08, 0xFF, 0x8E, 0xA1, 0x7D, 0xB8, 0x4E, 0xFF,
    0x56, 0x80, 0x3B, 0x8C, 0x97, 0x22, 0x3F, 0xD8, 0xEB, 0x9F, 0x33, 0xC8, 0x5D, 0x03, 0x6E, 0x14,
    0x41, 0xFD, 0xBA, 0x91, 0x36, 0x9E, 0x32, 0x2F, 0x34, 0x43, 0x7A, 0x10, 0xDF, 0xF6, 0xBC, 0xF1,
    0x7D, 0xC5, 0x30, 0xF0, 0x76, 0x8E, 0xFF, 0x9B, 0x87, 0x8D, 0x28, 0x44, 0xC1, 0x6F, 0xDF, 0x6D,
    0x6C, 0xC2, 0xC4, 0x0E, 0xB1, 0x62, 0x76, 0xA9, 0x7F, 0x0B, 0xE9, 0x53, 0x2A, 0xC9, 0x95, 0x25,
    0x93, 0x18, 0x1B, 0xC3, 0x1B, 0x68, 0x03, 0x6B, 0x26, 0xE6, 0xAC, 0xE9, 0xC8, 0xEA, 0x68, 0x86,
    0xC7, 0xD0, 0xC5, 0x0E, 0x00, 0x03, 0x5E, 0xA0, 0x0A, 0x4C, 0xB1, 0xC3, 0xFA, 0x0E, 0x40, 0x9D,
    0x5E, 0x7D, 0x25, 0x99, 0xCC, 0x42, 0xF2, 0x50, 0xC4, 0x54, 0x96, 0xD2, 0x16, 0xE1, 0xE0, 0x81,
    0xE8, 0x26, 0xD3, 0xE6, 0x76, 0xC3, 0xAC, 0xBF, 0x6B, 0x72, 0x89, 0x39, 0x6E, 0xE9, 0x73, 0x16,
    0xBC, 0x14, 0xDA, 0xB2, 0x9E, 0x03, 0x42, 0xF2, 0x2C, 0xB1, 0xFD, 0x49, 0x15, 0x4A, 0x43, 0xB7,
    0x6B, 0x61, 0x7F, 0x95, 0x54, 0x7E, 0x84, 0x16, 0x95, 0x6C, 0x0B, 0xD6, 0x68, 0x4E, 0x49, 0x0F,
    0xD3, 0x8D, 0xC5, 0x85, 0xC8, 0x41, 0x6D, 0xED, 0x48, 0x57, 0x90, 0x32, 0x85, 0xDF, 0xFE, 0x2E,
    0xC3, 0xEB, 0xC2, 0x70, 0x94, 0xFC, 0xDD, 0xCC, 0xAB, 0x12, 0x92, 0x63, 0x4A, 0x50, 0x45, 0xAC,
    0xF2, 0x9D, 0x3E, 0x0F, 0xE9, 0x74, 0xCF, 0x8B, 0x90, 0x19, 0x55, 0x92, 0x85, 0x59, 0x43, 0xA9,
    0x6B, 0x16, 0x8F, 0x7E, 0xAF, 0x76, 0xA6, 0xA4, 0x69, 0x40, 0x2D, 0x50, 0x2F, 0xC4, 0x5E, 0xF6,
    0xC8, 0xDD, 0x4B, 0x56, 0xAA, 0x28, 0x23, 0xB1, 0xB6, 0x59, 0x85, 0x94, 0xFE, 0xA2, 0xC6, 0x4A,
    0xEA, 0xA2, 0x81, 0xD2, 0x92, 0x16, 0xF3, 0xF9, 0xBC, 0x83, 0xA6, 0x82, 0x40, 0xE1, 0x46, 0x07,
    0x2C, 0xE6, 0x1D, 0xD0, 0x50, 0x91, 0xB4, 0x80, 0x65, 0xD1, 0x50, 0xD4, 0x10, 0x69, 0x8D, 0xEF,
    0xB2, 0x0A, 0x62, 0x55, 0xE2, 0x77, 0x7E, 0x2D, 0x17, 0x9B, 0x79, 0xB8, 0x0A, 0xC9, 0x16, 0x9A,
    0x0C, 0xC6, 0x61, 0xEE, 0xF3, 0x59, 0x80, 0x7D, 0x16, 0xDA, 0x07, 0x42, 0xD1, 0xB9, 0x4D, 0x98,
    0x65, 0x77, 0x3F, 0x78, 0x76, 0x74, 0x56, 0x8D, 0xCD, 0xD7, 0x1C, 0xFF, 0xA7, 0xDF, 0x45, 0x45,
    0x0B, 0xAB, 0x01, 0x5C, 0xEB, 0x99, 0x7F, 0xF6, 0xB4, 0x15, 0x93, 0xD1, 0x05, 0xD5, 0xCF, 0x7A,
    0x18, 0x0C, 0xE9, 0x91, 0x17, 0x73, 0xE1, 0xA1, 0x6E, 0x3F, 0xDE, 0x45, 0xBD, 0x97, 0xDE, 0x7A,
    0x74, 0x32, 0x0F, 0x7D, 0x0B, 0xED, 0xCF, 0x2A, 0xC9, 0x9D, 0x96, 0x0B, 0x5F, 0x78, 0xB1, 0x11,
    0x92, 0x63, 0x14, 0x9E, 0x5E, 0x4C, 0x17, 0x11, 0x51, 0xEE, 0x44, 0xAD, 0x0F, 0x3B, 0x63, 0xC5,
    0x6A, 0x33, 0xCE, 0xE7, 0xBF, 0xD7, 0x8E, 0x63, 0xB3, 0xE9, 0x92, 0x53, 0x76, 0x60, 0x86, 0x3C,
    0x3F, 0x48, 0xA1, 0x0F, 0xA4, 0x95, 0x90, 0x55, 0x82, 0x26, 0x66, 0x8D, 0x4D, 0x15, 0x97, 0x33,
    0x4A, 0xAF, 0x01, 0xD3, 0xEB, 0xF2, 0x10, 0x9C, 0xB2, 0xFA, 0x8B, 0xE7, 0xBB, 0x35, 0xB1, 0xD0,
    0xF2, 0xCF, 0x79, 0x96, 0xC7, 0x0C, 0x10, 0x6E, 0x77, 0x24, 0xEE, 0x21, 0xA2, 0x06, 0xA9, 0x62,
    0x6A, 0xA0, 0x1A, 0xAA, 0x0A, 0xAB, 0x53, 0x5C, 0x9D, 0x02, 0xEB, 0x14, 0x59, 0xA7, 0xD0, 0x3A,
    0xC5, 0xD6, 0x29, 0xB8, 0x4E, 0xD1, 0x75, 0x0A, 0xAF, 0x53, 0x7C, 0x9D, 0x02, 0xEC, 0x14, 0x61,
    0x95, 0xBA, 0x08, 0x14, 0xE6, 0x7F, 0x05, 0xD9, 0x29, 0xCA, 0x4E, 0x61, 0x76, 0x8A, 0xB3, 0x01,
    0x6D, 0x48, 0x1B, 0xD4, 0x03, 0xD6, 0x06, 0xF6, 0x80, 0xF6, 0x64, 0x04, 0x7F, 0x73, 0x32, 0x7E,
    0x27, 0xF9, 0x7F, 0xF5, 0x78, 0x74, 0x14, 0x7F, 0xF4, 0xFF, 0xE4, 0x23, 0x5A, 0x8D, 0x25, 0xD7,
    0xA3, 0x58, 0x32, 0x90, 0x85, 0xB1, 0x64, 0x87, 0xEE, 0xCA, 0xBC, 0x31, 0x8A, 0x25, 0x3D, 0x63,
    0x49, 0x3F, 0xD8, 0x5E, 0xBF, 0x2F, 0xC4, 0xC9, 0xF7, 0x6C, 0xB3, 0xE7, 0x14, 0x03, 0x12, 0x41,
    0x47, 0xC2, 0x0A, 0x10, 0x49, 0xA6, 0x31, 0x14, 0x09, 0x90, 0x4C, 0x4A, 0xA7, 0x89, 0x91, 0x88,
    0xD6, 0xE3, 0x3A, 0xC9, 0x9D, 0x41, 0x1F, 0x4A, 0x56, 0xA8, 0x80, 0x9E, 0x36, 0x20, 0x30, 0x40,
    0x96, 0x43, 0xAC, 0xF3, 0xF7, 0x94, 0xDA, 0xA7, 0xD4, 0x57, 0x9E, 0x97, 0x38, 0x65, 0x2E, 0x5D,
    0x55, 0xCA, 0xC0, 0x31, 0xF6, 0xED, 0x98, 0xAB, 0x66, 0xC8, 0x4B, 0x2C, 0xD4, 0x53, 0xFD, 0x2B,
    0x3E, 0xEB, 0xE1, 0x26, 0xCD, 0xDB, 0x68, 0x7B, 0x17, 0xE6, 0x1A, 0xD5, 0x15, 0x53, 0x38, 0xDF,
    0x1F, 0x55, 0xDA, 0x72, 0xFE, 0xE5, 0x7A, 0x8E, 0xF8, 0x62, 0x5F, 0x3A, 0x3C, 0x69, 0x07, 0x7E,
    0x68, 0x78, 0x22, 0xEC, 0x20, 0x39, 0xC8, 0x8D, 0x5D, 0x78, 0xE2, 0x95, 0x18, 0xE4, 0x85, 0x9F,
    0xEE, 0xA3, 0x5E, 0x39, 0x41, 0x4A, 0x90, 0x11, 0x24, 0x04, 0xF9, 0x40, 0x3A, 0x28, 0x1B, 0x48,
    0x06, 0xE3, 0x42, 0x18, 0x7C, 0x0D, 0x22, 0xB5, 0x5F, 0xB5, 0xA4, 0xA9, 0xFC, 0x87, 0x70, 0x5B,
    0xFA, 0x77, 0x24, 0xDE, 0x1E, 0x5B, 0xD8, 0xF5, 0x25, 0x0B, 0x7B, 0xD8, 0xC4, 0x9C, 0x1D, 0x31,
    0xBE, 0xF2, 0x2C, 0xC5, 0x29, 0xD0, 0xC3, 0xF5, 0x07, 0x61, 0x6E, 0xEE, 0x0E, 0xCC, 0x5F, 0x36,
    0x7C, 0xE0, 0xC8, 0x80, 0x15, 0x80, 0xBA, 0x64, 0x4C, 0x1C, 0x32, 0x01, 0xA7, 0x18, 0x66, 0xB8,
    0x4F, 0x6D, 0xE9, 0xC3, 0x9A, 0x9B, 0x58, 0xA7, 0x96, 0x16, 0xC8, 0x87, 0xBB, 0x71, 0x72, 0xFC,
    0x68, 0x78, 0x64, 0xC5, 0x58, 0xA2, 0xF1, 0x73, 0x24, 0x39, 0x94, 0xC6, 0x69, 0xC5, 0xCF, 0x86,
    0x3C, 0xF0, 0x5F, 0x40, 0x2B, 0x9B, 0xB7, 0x70, 0x43, 0xD4, 0x59, 0x08, 0x97, 0x56, 0x95, 0x56,
    0xAC, 0x08, 0x00, 0x28, 0x25, 0xEC, 0xF5, 0xAE, 0x73, 0x8B, 0xC7, 0xC1, 0x0A, 0x99, 0xF0, 0x90,
    0x62, 0x92, 0x03, 0x18, 0x64, 0x1C, 0x94, 0xFB, 0x07, 0x2B, 0x3B, 0x30, 0xCF, 0x82, 0x07, 0x72,
    0x0D, 0x1E, 0xD4, 0x7A, 0xB0, 0xAC, 0x34, 0xE1, 0x22, 0x3F, 0x1D, 0xF2, 0x04, 0x72, 0xE5, 0xC8,
    0x9E, 0xEA, 0x99, 0x5B, 0xCC, 0x8E, 0x34, 0x54, 0xE2, 0x73, 0xD6, 0x17, 0x05, 0xBA, 0xE8, 0xD3,
    0x04, 0xE6, 0x5C, 0xEC, 0xBC, 0x8B, 0x11, 0x69, 0x66, 0xB5, 0xA6, 0x7F, 0x27, 0x35, 0xC6, 0x98,
    0x46, 0xC3, 0xD0, 0x95, 0xE5, 0xC7, 0xD9, 0x73, 0xAB, 0x2A, 0x4D, 0x37, 0x43, 0x92, 0x4E, 0x74,
    0x97, 0x23, 0xCD, 0xD7, 0x33, 0x71, 0x26, 0x14, 0x7A, 0x29, 0xAB, 0x19, 0x41, 0x33, 0xA2, 0x9C,
    0x45, 0x0B, 0xCF, 0x27, 0xAD, 0x77, 0x5E, 0x43, 0x3E, 0xAC, 0x66, 0x30, 0x03, 0xE0, 0x8F, 0x38,
    0x0F, 0x82, 0xAA, 0x39, 0x0F, 0xEB, 0xC1, 0x6B, 0x90, 0x14, 0x40, 0x8D, 0x84, 0x54, 0x3A, 0x78,
    0x0D, 0x2D, 0xD7, 0x8C, 0xA6, 0x5E, 0x43, 0x3A, 0x50, 0xC8, 0x1E, 0x12, 0x48, 0xAD, 0xDE, 0x6A,
    0x78, 0x9A, 0x42, 0xE6, 0xC4, 0x7B, 0x7A, 0x5C, 0x4F, 0x8F, 0x9F, 0xE9, 0x60, 0x52, 0x6F, 0x53,
    0xA3, 0xBF, 0xD2, 0x94, 0x29, 0xF4, 0x88, 0x6E, 0x19, 0x3D, 0xDC, 0x50, 0x0F, 0x91, 0x99, 0xF5,
    0x78, 0xD8, 0x4F, 0xBD, 0x85, 0x5D, 0xB5, 0xAC, 0x10, 0xE5, 0xA1, 0x25, 0x77, 0x49, 0x98, 0x07,
    0xF9, 0x3D, 0x61, 0xAE, 0xB0, 0x27, 0x96, 0x09, 0x22, 0x25, 0x8A, 0x76, 0x1C, 0xB5, 0xEC, 0x65,
    0x82, 0x4A, 0x64, 0x41, 0x1E, 0xEF, 0xD1, 0xA7, 0x38, 0x71, 0xFA, 0x0C, 0x75, 0x70, 0x5F, 0xCC,
    0x2B, 0x5B, 0x97, 0xB0, 0xB2, 0x57, 0x86, 0x1F, 0x71, 0xF3, 0x56, 0xBF, 0x9B, 0xAB, 0xAE, 0x20,
    0x4B, 0x7B, 0xC7, 0xC9, 0xB2, 0x2A, 0xE7, 0x6B, 0xB9, 0xD6, 0x17, 0x62, 0x51, 0x58, 0xBD, 0x23,
    0x8F, 0xA3, 0x7B, 0x92, 0xA3, 0xD5, 0x94, 0x94, 0xD2, 0xC3, 0xCC, 0xCA, 0x7A, 0xCC, 0x8B, 0x97,
    0x27, 0xC5, 0x8B, 0xD5, 0x0D, 0x30, 0xBF, 0x37, 0x10, 0x87, 0xD7, 0x9B, 0x76, 0xE5, 0x88, 0xB6,
    0xEA, 0x34, 0xFA, 0x64, 0x52, 0x7F, 0xC8, 0x92, 0xA8, 0x5B, 0x36, 0xE9, 0xEC, 0x7B, 0xB6, 0xBB,
    0xE2, 0xCB, 0x89, 0xC8, 0x76, 0x65, 0x32, 0x12, 0x08, 0xE5, 0x40, 0x1A, 0x0B, 0x57, 0x6D, 0xC4,
    0x1A, 0xE7, 0x19, 0x43, 0x11, 0x8D, 0x48, 0xB4, 0x42, 0x19, 0xF6, 0x75, 0x59, 0x81, 0x1A, 0xD9,
    0x06, 0x0B, 0x43, 0x59, 0x09, 0x7E, 0x04, 0x51, 0xB3, 0x40, 0x90, 0x02, 0x5C, 0xF1, 0x5C, 0x22,
    0xF2, 0xC8, 0x4F, 0x45, 0x0C, 0xCD, 0xC2, 0x75, 0x45, 0x84, 0x0B, 0x8A, 0x2A, 0x35, 0x07, 0x26,
    0x61, 0x58, 0xE9, 0x34, 0x0E, 0x13, 0xBD, 0x89, 0x90, 0x78, 0x6C, 0x83, 0x16, 0x67, 0x0D, 0xD6,
    0x85, 0x17, 0xFE, 0x1F, 0x52, 0x6A, 0x38, 0x57, 0x43, 0x58, 0x30, 0xA5, 0x15, 0xFD, 0xF1, 0x40,
    0x78, 0x69, 0x6F, 0x31, 0xD0, 0xBC, 0xE8, 0x76, 0xFC, 0x1F, 0xBF, 0x93, 0x2C, 0xE1, 0x2A, 0x07,
    0x53, 0x35, 0x7D, 0x24, 0xF9, 0x43, 0x8F, 0x25, 0xB6, 0x5E, 0x7C, 0x8E, 0x08, 0x8B, 0xA2, 0x33,
    0x04, 0x97, 0x12, 0x62, 0x56, 0x72, 0x42, 0x60, 0x41, 0xD8, 0x2F, 0x51, 0xDD, 0xCC, 0x1A, 0xE7,
    0x6C, 0x2D, 0x27, 0x84, 0x7D, 0x5A, 0xC9, 0x8A, 0x53, 0x68, 0x71, 0xD8, 0x4B, 0x6A, 0x6E, 0x8D,
    0x96, 0x97, 0x12, 0xF9, 0x64, 0xBD, 0xF0, 0x33, 0x8C, 0xC6, 0x00, 0xC9, 0xDC, 0xB7, 0xA2, 0xFC,
    0xCB, 0xF5, 0xCE, 0xD7, 0x2D, 0x87, 0x46, 0xF6, 0xEE, 0x12, 0x20, 0x6E, 0xEF, 0x2E, 0xD1, 0xB5,
    0x60, 0x2D, 0x9F, 0xD5, 0x4C, 0xFF, 0xD1, 0x24, 0xDC, 0x59, 0xE1, 0xAD, 0x4A, 0xAA, 0x77, 0x35,
    0xC5, 0x9C, 0xF0, 0x99, 0x81, 0x5A, 0x94, 0x47, 0xEB, 0x89, 0x4F, 0x05, 0x7A, 0x2B, 0xA8, 0x5B,
    0xEC, 0x15, 0xB1, 0x8D, 0x4A, 0x33, 0x9F, 0xA8, 0x01, 0x32, 0xFB, 0xBE, 0x9D, 0xA6, 0xB8, 0x93,
    0x0E, 0x08, 0xA5, 0x5E, 0x91, 0xF2, 0x25, 0x64, 0xD6, 0xF3, 0x75, 0x15, 0xD2, 0x4C, 0x95, 0x0A,
    0x1A, 0x97, 0x5F, 0x56, 0x6B, 0xCA, 0x60, 0x8B, 0x52, 0xB5, 0xFD, 0x0A, 0xDC, 0x20, 0x15, 0x41,
    0x83, 0x90, 0x72, 0xEB, 0x0C, 0x44, 0x63, 0x12, 0xCC, 0x19, 0x74, 0x98, 0xF3, 0x15, 0x19, 0x5E,
    0x63, 0x3C, 0xEF, 0x86, 0x42, 0x33, 0xDA, 0xC1, 0x9C, 0xD7, 0x94, 0xBE, 0xC1, 0x86, 0x96, 0x24,
    0xB4, 0x40, 0x8D, 0x84, 0x7A, 0xC0, 0x5A, 0xB3, 0x0D, 0x20, 0x78, 0xA4, 0x25, 0x64, 0xEE, 0xE2,
    0xE3, 0x7C, 0x9A, 0xA0, 0xD6, 0xD9, 0x9A, 0x4B, 0x80, 0xFA, 0x8E, 0x8B, 0x70, 0x67, 0x75, 0xF6,
    0x92, 0xBD, 0xB9, 0x1C, 0x6D, 0x0B, 0x6A, 0x69, 0x91, 0x27, 0x80, 0x68, 0x15, 0x68, 0x45, 0x5A,
    0xA1, 0x56, 0xAC, 0x01, 0x76, 0x87, 0xE5, 0x43, 0x39, 0x39, 0x80, 0x2E, 0x27, 0x13, 0x75, 0x7B,
    0xED, 0x83, 0xAA, 0x51, 0xE0, 0xAF, 0x20, 0x44, 0x69, 0x2B, 0x66, 0xE1, 0xE5, 0x71, 0x10, 0x70,
    0x39, 0xB6, 0x67, 0x7B, 0xF8, 0xA8, 0xCF, 0x12, 0x05, 0xD3, 0x2D, 0xDE, 0x66, 0xF1, 0xC4, 0x7A,
    0xA4, 0x73, 0x95, 0x3D, 0x9C, 0xBF, 0xB7, 0x70, 0x41, 0x0B, 0xFE, 0x44, 0x09, 0x72, 0xCF, 0x00,
    0x2D, 0xC1, 0xB5, 0x90, 0xA9, 0x9F, 0xD4, 0x21, 0x5A, 0xAC, 0x58, 0x5D, 0x4D, 0x84, 0xF5, 0x98,
    0x08, 0xCD, 0x98, 0x08, 0xDD, 0xEB, 0x24, 0x42, 0x64, 0xAF, 0x8E, 0xD1, 0x27, 0xB6, 0xCC, 0xBA,
    0x0F, 0xA5, 0x3E, 0x66, 0x22, 0xC2, 0xAF, 0x9F, 0x28, 0x0B, 0xFA, 0xA9, 0xEB, 0x77, 0x94, 0x10,
    0x9B, 0x33, 0x36, 0x09, 0x37, 0x7A, 0xB0, 0x04, 0x0F, 0x4F, 0xAE, 0xEC, 0xFF, 0xAB, 0x78, 0xD1,
    0x93, 0x17, 0x2F, 0x01, 0xF5, 0xF6, 0xF5, 0xF3, 0x22, 0x68, 0xFB, 0x3B, 0x4C, 0xAC, 0x56, 0x85,
    0x56, 0x38, 0x41, 0x03, 0xD9, 0x07, 0xBE, 0x93, 0x74, 0x41, 0x26, 0x17, 0xF6, 0xD7, 0xF0, 0xA0,
    0x99, 0xF2, 0xC0, 0x2B, 0x0F, 0x36, 0xD7, 0xF0, 0x60, 0x7D, 0x8B, 0x78, 0xF0, 0x0D, 0x77, 0x81,
    0xB8, 0xA0, 0x11, 0x83, 0x99, 0xC0, 0x3B, 0x77, 0x8B, 0xFF, 0x72, 0xA1, 0x76, 0xBD, 0x6C, 0x0E,
    0x5B, 0x84, 0xCD, 0x49, 0x4F, 0x0D, 0xB2, 0x3D, 0xD9, 0x0B, 0xEE, 0xEE, 0xF2, 0xE4, 0x7F, 0xD0,
    0xBD, 0x37, 0x8F, 0xDE, 0x1C, 0xFC, 0xE1, 0xFF, 0x78, 0xF4, 0x28, 0xD2, 0x6D, 0x9C, 0x0F, 0x0E,
    0x84, 0xAD, 0xF6, 0x18, 0xC5, 0x24, 0x8C, 0x33, 0xF7, 0xF6, 0x5B, 0x93, 0x99, 0xD1, 0x4F, 0xB2,
    0xA8, 0x69, 0x39, 0x36, 0x87, 0x87, 0xE2, 0xC4, 0x52, 0xAE, 0x8B, 0x25, 0xA1, 0x98, 0x1E, 0xFC,
    0xA2, 0x63, 0x3F, 0x6A, 0x86, 0xEB, 0x30, 0x15, 0xB2, 0x42, 0x15, 0xFA, 0x1F, 0x33, 0x38, 0x15,
    0x45, 0x07, 0x46, 0x2C, 0xE9, 0xF5, 0xC3, 0x17, 0xF3, 0xF4, 0x5B, 0x8B, 0xB7, 0x71, 0xFB, 0xD5,
    0x6F, 0xF8, 0x50, 0xED, 0xE7, 0x5C, 0x0E, 0xE6, 0xBC, 0xA6, 0xE5, 0xFC, 0x0B, 0x3F, 0x5E, 0x4B,
    0x49, 0x6E, 0x50, 0x3E, 0x7B, 0x7D, 0x09, 0xAF, 0xBE, 0x2D, 0x90, 0xF0, 0x26, 0xA3, 0x37, 0x2F,
    0xE8, 0xE8, 0x79, 0xBC, 0xDF, 0xE9, 0xB5, 0xDC, 0x9F, 0x80, 0x85, 0x7D, 0xB8, 0x51, 0x56, 0xE2,
    0xA0, 0x94, 0x2B, 0x86, 0xBD, 0xC4, 0xEF, 0x25, 0x82, 0xF9, 0x0D, 0x61, 0x97, 0x06, 0x2E, 0x2A,
    0x16, 0x1C, 0x4A, 0x83, 0x92, 0x7A, 0x85, 0x34, 0x12, 0xC2, 0xF1, 0x7F, 0xA2, 0x78, 0x12, 0x0F,
    0x12, 0xC7, 0xFF, 0x46, 0x29, 0x04, 0xE6, 0xA4, 0x18, 0x39, 0x96, 0x19, 0xD0, 0xE2, 0xBB, 0x27,
    0xE9, 0xB0, 0xB2, 0x52, 0x80, 0x0D, 0x64, 0x63, 0x9F, 0x56, 0x43, 0xD5, 0xF3, 0xCA, 0xEF, 0x32,
    0x9A, 0xE7, 0x81, 0x8D, 0x7B, 0x95, 0x00, 0xFD, 0xA6, 0x18, 0xCD, 0x46, 0x18, 0x25, 0x23, 0x8C,
    0x96, 0xC0, 0x28, 0xDB, 0x61, 0x54, 0xBF, 0x3A, 0x46, 0xF3, 0x09, 0x46, 0x2F, 0x04, 0x23, 0xD1,
    0x79, 0xD1, 0xCE, 0x34, 0x5E, 0x5F, 0xEF, 0x92, 0xFA, 0xFA, 0x5A, 0x37, 0xF5, 0x49, 0xF4, 0xA5,
    0x6E, 0xDA, 0xA5, 0xEB, 0x6B, 0x13, 0xCF, 0x68, 0x44, 0xA2, 0x12, 0xC9, 0xAE, 0xFD, 0x80, 0xAF,
    0xF0, 0xD3, 0x77, 0xD8, 0xED, 0xA6, 0xB3, 0xF8, 0xE0, 0x43, 0xA3, 0xB7, 0x64, 0x74, 0x8A, 0x8D,
    0x4D, 0x72, 0xF9, 0x71, 0x9B, 0xF1, 0xB1, 0x27, 0x78, 0x1E, 0x7F, 0xC3, 0x93, 0xF4, 0xE9, 0xFA,
    0xE8, 0xC3, 0xFB, 0xE7, 0x81, 0x6F, 0xF4, 0x5C, 0x8A, 0x10, 0xC3, 0xD0, 0x6D, 0x45, 0x37, 0xBF,
    0x6C, 0xAD, 0x5C, 0xA6, 0x8B, 0x0F, 0x96, 0x7D, 0xDC, 0x12, 0x4C, 0xFF, 0x07, 0x8D, 0x53, 0x41,
    0x8E, 0xDD, 0x20, 0x0C, 0x75, 0x12, 0xE9, 0x47, 0x2A, 0x0B, 0xB6, 0x95, 0xBA, 0xC8, 0xB6, 0x3B,
    0x6E, 0xF0, 0xE1, 0x62, 0x15, 0x39, 0xC2, 0x1C, 0xA1, 0x8B, 0x39, 0xC7, 0xC0, 0x11, 0x72, 0x04,
    0x6E, 0x50, 0x16, 0x99, 0x2A, 0x23, 0x11, 0x5C, 0x1B, 0xC8, 0x4F, 0xA6, 0x1D, 0x8D, 0x8A, 0xFE,
    0x38, 0x83, 0x79, 0xD8, 0x7E, 0xCF, 0x06, 0x00, 0x34, 0x66, 0x8B, 0xC9, 0x61, 0x02, 0x5E, 0x16,
    0x11, 0x97, 0xD3, 0x40, 0x5B, 0xBC, 0xA1, 0xB5, 0xFD, 0xFD, 0x85, 0x3B, 0xA4, 0x6E, 0x1D, 0x82,
    0xF0, 0x72, 0xD1, 0x51, 0xAF, 0x7A, 0x55, 0xF1, 0x66, 0xE0, 0xE7, 0x98, 0x64, 0x96, 0x59, 0xA4,
    0x7E, 0xEB, 0xE3, 0x10, 0xA4, 0x9F, 0xCC, 0x1D, 0xE0, 0xA9, 0x79, 0xF7, 0x3E, 0x1D, 0x5E, 0x0D,
    0x70, 0xEF, 0x23, 0xA4, 0x71, 0xE9, 0x56, 0xE9, 0x87, 0xA0, 0x40, 0xF8, 0x3B, 0xC8, 0xE5, 0x05,
    0x74, 0xC4, 0x59, 0xFF, 0x46, 0xAF, 0x5F, 0xD1, 0xAB, 0x88, 0xE6, 0x66, 0xBE, 0x52, 0x84, 0x1B,
    0x8C, 0x49, 0x2F, 0x72, 0xB7, 0x51, 0x66, 0x1B, 0x45, 0xD2, 0xB1, 0xDF, 0x26, 0xDF, 0x47, 0x39,
    0x8F, 0x8B, 0x06, 0xE9, 0x7F, 0x80, 0x82, 0x54, 0x42, 0x12, 0xD6, 0x8C, 0x49, 0x05, 0x99, 0x75,
    0xC5, 0xEE, 0x84, 0x4D, 0x72, 0x61, 0x2C, 0xE7, 0x91, 0x94, 0x67, 0x32, 0x09, 0x74, 0xB7, 0x12,
    0xBF, 0x81, 0x0D, 0x88, 0x78, 0x5A, 0x19, 0x8A, 0x2D, 0x0A, 0x4C, 0x9E, 0xAD, 0x22, 0xAB, 0x98,
    0xF5, 0xAC, 0xD9, 0x9A, 0x62, 0xC9, 0xEF, 0x8A, 0x42, 0xD5, 0xE6, 0xD3, 0x76, 0x45, 0xD0, 0xBE,
    0xD8, 0xA1, 0xDA, 0x0D, 0x1E, 0xA9, 0xC6, 0x6B, 0xAA, 0x4F, 0x12, 0x52, 0x7F, 0xAA, 0x9D, 0x6B,
    0x23, 0xF4, 0x25, 0xD9, 0x35, 0xE5, 0xFE, 0x3E, 0x65, 0x5F, 0xBA, 0x33, 0xB0, 0x5D, 0x8B, 0x8D,
    0x1F, 0xB2, 0xFB, 0x24, 0xE5, 0x95, 0xA3, 0x7D, 0xC7, 0xF4, 0x3F, 0x38, 0xBA, 0x00, 0x23, 0xEE,
    0x30, 0xD5, 0x08, 0xDE, 0x21, 0x06, 0xAE, 0xE1, 0xFA, 0xC7, 0x3E, 0x3E, 0x63, 0x0C, 0x63, 0xF9,
    0xCE, 0x17, 0xE8, 0x9E, 0xE0, 0x3B, 0x58, 0x2F, 0x36, 0x40, 0xC0, 0x20, 0x53, 0x8F, 0xBE, 0x7D,
    0x9A, 0xB3, 0x41, 0xE0, 0xF6, 0x04, 0x97, 0xE5, 0xF0, 0xC1, 0x86, 0x4A, 0x28, 0x73, 0x5B, 0x65,
    0x23, 0x2F, 0x3A, 0x62, 0xEC, 0x4C, 0xDD, 0xA9, 0x30, 0x26, 0xE8, 0x72, 0xBB, 0xA6, 0xE7, 0x6E,
    0x6F, 0x75, 0xF3, 0x8C, 0x33, 0xA9, 0x2A, 0x4F, 0xDD, 0x39, 0x98, 0xC2, 0x91, 0x80, 0x7F, 0x47,
    0x48, 0x3E, 0x7B, 0x01, 0x3C, 0x92, 0x6B, 0x03, 0x7B, 0xB7, 0x3F, 0x76, 0x7E, 0x48, 0x55, 0x84,
    0xA2, 0xEA, 0x36, 0x6D, 0xF2, 0x08, 0x09, 0x82, 0x78, 0xAB, 0xC7, 0x9B, 0xEA, 0x78, 0x92, 0xE6,
    0x89, 0x6E, 0x8A, 0x4C, 0xE5, 0xA9, 0x37, 0xE6, 0x8C, 0x9E, 0xD4, 0x0E, 0x55, 0x55, 0x22, 0x12,
    0x09, 0x54, 0xEA, 0x1B, 0x37, 0xF9, 0xF6, 0x2D, 0x0D, 0x79, 0xCC, 0x75, 0x62, 0xD4, 0xD2, 0xED,
    0x14, 0xD8, 0xD5, 0x94, 0x34, 0x1D, 0x8E, 0xDA, 0x58, 0x86, 0xC4, 0xF2, 0xA3, 0xB2, 0xD4, 0xCE,
    0xD2, 0x4B, 0xE4, 0x89, 0xD1, 0xB4, 0xE3, 0xFE, 0x12, 0xD5, 0xB6, 0xE3, 0x33, 0xB1, 0x72, 0xE9,
    0x56, 0xFA, 0x72, 0x8F, 0xD4, 0x23, 0x67, 0xA6, 0x8F, 0x35, 0x45, 0x3D, 0x19, 0x87, 0x24, 0xB6,
    0xAE, 0xF5, 0x5D, 0xA0, 0xA3, 0x71, 0xFA, 0x45, 0xB5, 0xB0, 0x7A, 0x34, 0x5E, 0x81, 0x6A, 0x5D,
    0x5B, 0xD7, 0x2D, 0x1A, 0x7A, 0x19, 0x87, 0x3A, 0xB7, 0x67, 0x02, 0x3D, 0x17, 0x82, 0x74, 0x4E,
    0xF4, 0x24, 0xC9, 0xA1, 0x89, 0x93, 0xF3, 0xFF, 0xB8, 0x58, 0x52, 0x56, 0x84, 0x35, 0x12, 0x2D,
    0x5C, 0xBF, 0x97, 0xBA, 0xEB, 0xB8, 0x31, 0x00, 0x4B, 0xFF, 0xE8, 0x3F, 0x42, 0x12, 0x90, 0x70,
    0x04, 0xA3, 0xA1, 0xA3, 0x60, 0x43, 0x06, 0x99, 0x40, 0x45, 0x9A, 0x19, 0x40, 0x73, 0xDD, 0x9D,
    0x23, 0x29, 0xCA, 0x83, 0xAB, 0xAD, 0xAC, 0x2D, 0x2C, 0xAA, 0xD5, 0x29, 0xA8, 0x90, 0xDA, 0xA2,
    0xDA, 0x9A, 0xFA, 0xD2, 0x4A, 0x77, 0x4B, 0x25, 0x6D, 0xA4, 0x1B, 0xA4, 0xDC, 0xB7, 0x27, 0xA4,
    0xDE, 0x1F, 0xD7, 0x13, 0xD2, 0x52, 0x98, 0xC7, 0x23, 0x69, 0x55, 0xC4, 0x0F, 0xAB, 0x80, 0x3F,
    0x63, 0x60, 0xE0, 0x7F, 0xC0, 0xC0, 0x60, 0x0F, 0xC4, 0xFF, 0x0F, 0x30, 0x30, 0x03, 0x31, 0xFF,
    0xFB, 0x03, 0x0C, 0xF6, 0xF1, 0x0D, 0x0C, 0xFF, 0xF4, 0x1D, 0x98, 0x7F, 0xD8, 0x03, 0x65, 0xED,
    0x19, 0xEC, 0x1B, 0xEA, 0x19, 0xF6, 0xFF, 0xFF, 0xFF, 0xE5, 0xFF, 0xFF, 0xFF, 0x1F, 0xB2, 0x56,
    0xFD, 0x9B, 0xC0, 0xC0, 0xF0, 0x87, 0x81, 0x81, 0x11, 0x88, 0x99, 0x7E, 0x30, 0x00, 0x00, 0x6D,
    0x90, 0xBD, 0x71, 0xC3, 0x30, 0x0C, 0x85, 0x61, 0xB9, 0x70, 0xC1, 0x82, 0x7D, 0x1A, 0x8D, 0xA0,
    0x36, 0x1D, 0x79, 0x19, 0xC7, 0x4B, 0x48, 0x23, 0x64, 0x23, 0x71, 0x04, 0x8F, 0xE0, 0x11, 0x58,
    0xA8, 0x50, 0x21, 0xF3, 0x05, 0x0F, 0xA0, 0x2E, 0xCE, 0x5D, 0x70, 0x3A, 0x7D, 0x27, 0x3D, 0xFC,
    0x3C, 0x40, 0x44, 0x23, 0x3E, 0xC5, 0x62, 0x7C, 0xF0, 0x7D, 0x03, 0x90, 0x95, 0xA1, 0x33, 0x2A,
    0x5D, 0x4F, 0x8B, 0x73, 0x76, 0x39, 0xAF, 0xFC, 0x58, 0x51, 0x29, 0x5F, 0x81, 0xA3, 0x31, 0xBB,
    0x7D, 0x35, 0x72, 0xAA, 0x92, 0x5E, 0xAC, 0x29, 0x32, 0x1E, 0x4A, 0x2C, 0x12, 0x8D, 0x5A, 0xB9,
    0x8B, 0x5C, 0x9A, 0x73, 0xD0, 0x9C, 0xB0, 0x69, 0xB9, 0x6A, 0xA1, 0x3A, 0xE3, 0xC9, 0xA7, 0x73,
    0xEC, 0xD4, 0x56, 0x96, 0x3F, 0x2B, 0x2F, 0xD0, 0xA7, 0xB0, 0x5F, 0x09, 0xA0, 0xAD, 0xB9, 0xC1,
    0x38, 0x01, 0x66, 0xF3, 0x86, 0xDD, 0xED, 0xDE, 0xB3, 0xBC, 0x45, 0xD2, 0x65, 0xB0, 0x75, 0xD6,
    0x5F, 0x32, 0x3E, 0xBE, 0x0D, 0xC1, 0x1B, 0xE9, 0x62, 0x26, 0x5C, 0xD1, 0x70, 0xD8, 0x62, 0xAA,
    0xB0, 0x43, 0xD5, 0xC9, 0x99, 0x83, 0x35, 0x65, 0xA1, 0x11, 0x91, 0x4F, 0x37, 0x68, 0xD5, 0xBB,
    0x33, 0xD6, 0xB3, 0x19, 0x5E, 0xFD, 0x88, 0xA6, 0xA4, 0x47, 0x37, 0x52, 0xFE, 0x72, 0x2E, 0xA7,
    0xBF, 0xA3, 0x0F, 0xDF, 0xFE, 0xCD, 0x3B, 0xEB, 0x27, 0x1E, 0x45, 0x7D, 0xC6, 0xCD, 0x67, 0xF1,
    0xB8, 0x89, 0xFF, 0x90, 0x07, 0x5A, 0x1B, 0xD0, 0xD6, 0xD6, 0x3B, 0xED, 0xEF, 0x6B, 0xC9, 0x9D,
    0x6B, 0xFE, 0x00, 0x25, 0x8D, 0xBD, 0x0D, 0x84, 0x30, 0x0C, 0x46, 0x9F, 0x12, 0xE9, 0x28, 0x52,
    0x44, 0xBA, 0x05, 0x18, 0x21, 0x1B, 0x90, 0x6C, 0x0E, 0x3D, 0xCD, 0xE9, 0x26, 0xC8, 0x08, 0x29,
    0x52, 0x50, 0x04, 0x8C, 0x0D, 0x2E, 0x9E, 0x6C, 0xF9, 0xFB, 0x81, 0x20, 0x05, 0xB2, 0xFC, 0x60,
    0x95, 0x06, 0x12, 0x3A, 0x6E, 0xF8, 0x8E, 0x7F, 0x70, 0x4C, 0x8D, 0xD0, 0x63, 0x23, 0xB6, 0xB9,
    0x2A, 0xF2, 0x46, 0xAC, 0x6B, 0x61, 0xFE, 0x5F, 0x90, 0xF6, 0xC3, 0xAC, 0xD5, 0x60, 0x21, 0x03,
    0xF5, 0xEB, 0x35, 0x89, 0x2E, 0xC9, 0x90, 0x55, 0xC5, 0x62, 0xF8, 0xDA, 0xD3, 0x19, 0xFC, 0xA0,
    0xE0, 0xE5, 0x53, 0x71, 0xF2, 0x34, 0x5A, 0x77, 0x3A, 0x79, 0xE7, 0x06, 0xD5, 0x55, 0x31, 0xAE,
    0xD4, 0x30, 0x10, 0x9D, 0x24, 0x12, 0x91, 0x7E, 0x8A, 0x34, 0xD0, 0x40, 0xB1, 0x3D, 0x4D, 0x6E,
    0x80, 0xF3, 0xEF, 0xF0, 0x57, 0x14, 0x9C, 0x00, 0x9A, 0xBD, 0x01, 0x89, 0x68, 0x69, 0xFE, 0x39,
    0xF6, 0x12, 0x8E, 0xC4, 0x01, 0xC8, 0x0D, 0x48, 0x01, 0x0D, 0x34, 0x41, 0x0A, 0xC2, 0x88, 0xC4,
    0xC3, 0x9B, 0x71, 0xF2, 0x93, 0x68, 0x97, 0x92, 0x02, 0x4B, 0xFB, 0x76, 0x13, 0x3F, 0xCF, 0x7B,
    0x1E, 0xCF, 0x78, 0xE9, 0x8E, 0x88, 0x22, 0xFE, 0x25, 0xC0, 0xAD, 0xC0, 0x88, 0x9F, 0x96, 0xF1,
    0x36, 0xE6, 0x06, 0x68, 0x3A, 0x40, 0xDE, 0x53, 0xC6, 0xEF, 0x1D, 0x59, 0xFE, 0x3D, 0x26, 0x0C,
    0x4E, 0xEE, 0x6F, 0x79, 0x2A, 0x06, 0x2A, 0xBC, 0x69, 0x29, 0xF3, 0x55, 0x4D, 0x78, 0x2D, 0x4B,
    0x58, 0x03, 0x61, 0xC9, 0x1E, 0x22, 0x2F, 0xB3, 0x93, 0x05, 0x6F, 0x34, 0x0D, 0x65, 0x63, 0xD1,
    0xD3, 0xA1, 0xCF, 0x7D, 0xC4, 0x9D, 0xC4, 0xAB, 0x11, 0xD9, 0x13, 0x34, 0x44, 0x0C, 0xC3, 0xB2,
    0xBC, 0xDC, 0xE1, 0xF9, 0x7C, 0xB6, 0xB5, 0x15, 0x43, 0xFF, 0x19, 0xBE, 0x01, 0x3E, 0x2F, 0x65,
    0x13, 0x4C, 0x3B, 0xFC, 0x8A, 0x2D, 0x51, 0x25, 0x39, 0x26, 0x64, 0x43, 0xB2, 0xEC, 0x04, 0x93,
    0x89, 0xF4, 0x48, 0x42, 0x22, 0x74, 0x1A, 0x39, 0x0E, 0x87, 0x80, 0x91, 0x8E, 0x4A, 0xF2, 0x3A,
    0xCD, 0xA5, 0xE0, 0x2E, 0xC6, 0xB0, 0xFE, 0x0E, 0xEF, 0x95, 0x13, 0xF8, 0xD9, 0xB8, 0xC6, 0x09,
    0x31, 0x35, 0x7E, 0xD0, 0x0A, 0xBA, 0xC1, 0xC3, 0x6E, 0xBD, 0xFA, 0xBC, 0xE2, 0x5F, 0x46, 0xB3,
    0xC5, 0xA3, 0x0C, 0x75, 0x94, 0xA8, 0x50, 0xA6, 0x5E, 0x72, 0x3D, 0x53, 0xA3, 0xB1, 0xAC, 0xCC,
    0x46, 0x7E, 0x43, 0x51, 0xA1, 0x43, 0xBB, 0x52, 0xD4, 0x4B, 0xAC, 0x5E, 0x12, 0xB7, 0xDA, 0x2D,
    0x94, 0x82, 0x3A, 0x7B, 0xA0, 0xE8, 0xFA, 0x74, 0xD8, 0xEC, 0x68, 0x95, 0xA0, 0x4B, 0x89, 0xAD,
    0x0B, 0xCD, 0x5D, 0x84, 0x77, 0xA6, 0x37, 0x83, 0xE9, 0xF3, 0x36, 0x54, 0x5D, 0x55, 0xAE, 0x01,
    0x02, 0x87, 0x37, 0xA8, 0x21, 0xA3, 0x69, 0xD5, 0x4E, 0xB6, 0xE8, 0x56, 0x0C, 0x9E, 0x82, 0x6C,
    0xBE, 0xC5, 0x6E, 0xDE, 0xEB, 0x93, 0x3B, 0x2A, 0x1A, 0xD4, 0xF8, 0x8C, 0x46, 0xB0, 0x36, 0xB5,
    0xD8, 0x13, 0x3C, 0xB4, 0x62, 0x24, 0xEF, 0xAD, 0x46, 0x11, 0x4C, 0x1D, 0xAB, 0x92, 0x58, 0x88,
    0xBD, 0x5A, 0x60, 0x95, 0xB5, 0x8A, 0x95, 0xA2, 0x09, 0x27, 0xF7, 0x90, 0x33, 0xB4, 0x16, 0x1A,
    0xAA, 0xCC, 0xD1, 0x58, 0x96, 0x7B, 0xC3, 0xFC, 0x01, 0x7D, 0x5B, 0x7D, 0x41, 0xA3, 0xBD, 0x9A,
    0x98, 0x72, 0xEE, 0x09, 0x33, 0x09, 0x7A, 0xDC, 0x7A, 0x70, 0x4B, 0xF9, 0xD2, 0xA7, 0x79, 0x0E,
    0xCC, 0x6F, 0x60, 0x62, 0xDD, 0x3B, 0xE9, 0x77, 0x9E, 0xA8, 0xE2, 0x5E, 0x62, 0xA6, 0x52, 0x50,
    0x37, 0xF7, 0x41, 0x16, 0x36, 0xE2, 0x9F, 0x23, 0x25, 0xDF, 0x1D, 0x25, 0xD0, 0x4C, 0xFB, 0xB0,
    0xF1, 0x7F, 0xF8, 0xB9, 0xC9, 0x3A, 0x32, 0x1F, 0x5B, 0x32, 0x9F, 0x1A, 0x32, 0x3C, 0x17, 0xEC,
    0x63, 0xCD, 0x3B, 0xCC, 0xBD, 0xA0, 0x03, 0xF3, 0x2D, 0x72, 0x8A, 0x7A, 0xC4, 0xBE, 0xCB, 0x13,
    0x3B, 0x7A, 0x8A, 0xED, 0xCD, 0x27, 0xBC, 0x8C, 0xD7, 0x0B, 0xFF, 0x2D, 0x15, 0x7F, 0xE7, 0x87,
    0x2A, 0x4C, 0xB7, 0x4D, 0xD3, 0xCD, 0x4D, 0x73, 0xAD, 0xF8, 0x4F, 0x3F, 0x8E, 0x6B, 0x5F, 0xD5,
    0x4B, 0x5F, 0x1D, 0x5F, 0x7A, 0x34, 0xC5, 0x25, 0x3F, 0xF4, 0x65, 0xCC, 0x1B, 0x89, 0xD0, 0xBA,
    0x1D, 0x5D, 0x8E, 0x6C, 0xA1, 0xCA, 0xC5, 0x8C, 0x1D, 0xD2, 0x23, 0xE6, 0xCF, 0xB8, 0xA5, 0x1D,
    0xEC, 0xC3, 0x24, 0x7B, 0xC4, 0xD2, 0xBB, 0x53, 0xAE, 0x52, 0x10, 0xE4, 0xB9, 0x92, 0x4B, 0x1D,
    0x17, 0xB2, 0x93, 0x7B, 0x55, 0xD6, 0x16, 0x02, 0x91, 0x16, 0x76, 0xAA, 0xAD, 0xCA, 0xFB, 0xA1,
    0x4A, 0xAA, 0x2E, 0x41, 0xA4, 0x3A, 0x24, 0x1E, 0x4C, 0x3D, 0x63, 0xBE, 0x97, 0xE5, 0x21, 0xAA,
    0x5B, 0xFE, 0x1F, 0xB2, 0xF9, 0xC2, 0xC7, 0xD3, 0x40, 0x27, 0xF8, 0x28, 0x44, 0x9D, 0xC5, 0x87,
    0x90, 0x48, 0xE8, 0xA4, 0xD9, 0xB8, 0xA6, 0xF6, 0x07, 0xBD, 0x94, 0xB1, 0x8E, 0xD3, 0x40, 0x10,
    0x86, 0xFF, 0xD8, 0x08, 0x17, 0x2E, 0x96, 0x82, 0x0A, 0x0A, 0xB7, 0x14, 0x48, 0xFB, 0x02, 0x8E,
    0x6D, 0x89, 0x17, 0xE0, 0x31, 0xE8, 0x78, 0x81, 0xE8, 0xCE, 0x12, 0x2F, 0x70, 0x0F, 0x71, 0x1D,
    0x2D, 0x45, 0x0A, 0x9F, 0xBC, 0x49, 0x0A, 0x0A, 0x8A, 0x58, 0xE2, 0x01, 0xCE, 0xC5, 0xF5, 0xAC,
    0x14, 0x23, 0x2D, 0x92, 0xF1, 0x30, 0xB3, 0x8E, 0x7D, 0xD6, 0x89, 0x82, 0x43, 0x88, 0xD5, 0xCC,
    0xAF, 0x4F, 0xCA, 0xEC, 0xCC, 0x64, 0x76, 0x64, 0x84, 0x25, 0x22, 0xF3, 0x77, 0x16, 0x93, 0xC9,
    0xC9, 0xD4, 0x54, 0x12, 0x81, 0x06, 0xD4, 0x0E, 0xFA, 0x0A, 0xE0, 0x84, 0xF2, 0xF3, 0xE8, 0x0D,
    0x7B, 0xC7, 0xDE, 0xB3, 0x93, 0x38, 0xDF, 0xA3, 0x06, 0xD1, 0xAD, 0x45, 0x74, 0x60, 0xDF, 0x39,
    0x8E, 0x13, 0xDF, 0x2E, 0xFC, 0x13, 0xBB, 0x1D, 0x7D, 0xD7, 0xC4, 0xB4, 0x97, 0x2A, 0xE0, 0x32,
    0xE0, 0x3A, 0x52, 0x48, 0x2A, 0xF9, 0x52, 0xFE, 0x3C, 0x17, 0x79, 0xE9, 0x44, 0xC8, 0x89, 0xB0,
    0x86, 0x44, 0x03, 0x67, 0xA2, 0xA1, 0x10, 0x2D, 0xB0, 0xF5, 0x9D, 0x6C, 0x7D, 0x4F, 0xFF, 0x54,
    0x6B, 0xB7, 0xFA, 0x68, 0x42, 0x72, 0x8A, 0x8C, 0xA2, 0x2E, 0x17, 0xB5, 0xDC, 0xA9, 0xA2, 0x86,
    0x7B, 0x55, 0x3C, 0x99, 0x9F, 0x08, 0x1C, 0x2E, 0x3B, 0xE9, 0xF1, 0x45, 0x01, 0x3C, 0xB6, 0xE7,
    0x95, 0x1B, 0xAB, 0xB0, 0xBE, 0xE7, 0x98, 0xE8, 0x9B, 0x44, 0x46, 0x44, 0xAD, 0xC4, 0xDC, 0x49,
    0xCC, 0xDD, 0x7F, 0xE8, 0xF9, 0x15, 0x90, 0xFE, 0x89, 0x3D, 0xBD, 0x4A, 0x73, 0x97, 0x52, 0x9F,
    0x37, 0x43, 0x8E, 0x8B, 0x35, 0x2E, 0x52, 0xDC, 0xA4, 0xE8, 0xD3, 0xC0, 0xA5, 0x91, 0x4D, 0xB5,
    0xC9, 0x07, 0xE4, 0xAD, 0x24, 0xCC, 0xC4, 0x56, 0x19, 0x92, 0x2C, 0xA0, 0x4C, 0x53, 0x4E, 0xDE,
    0x06, 0x9D, 0x37, 0x3A, 0xC3, 0xEF, 0x6C, 0x45, 0x59, 0xB2, 0x08, 0x6B, 0xF5, 0x1A, 0xFA, 0x19,
    0x34, 0xCE, 0x86, 0x8D, 0x64, 0xAD, 0x96, 0xF2, 0x16, 0xD5, 0x13, 0x38, 0x54, 0x15, 0x4B, 0xDD,
    0xB3, 0x10, 0x8B, 0xE2, 0xE9, 0x39, 0xF2, 0x9B, 0xD4, 0x23, 0x20, 0xAA, 0xA0, 0xC9, 0x56, 0xB2,
    0x53, 0x2C, 0x1C, 0x8C, 0x41, 0xA4, 0x11, 0xC1, 0x24, 0xAF, 0xA7, 0x04, 0x22, 0xB1, 0x64, 0xA9,
    0x79, 0x83, 0x25, 0x81, 0x97, 0x84, 0x3A, 0xBE, 0x4B, 0xC5, 0x32, 0x41, 0x7B, 0xBE, 0xFB, 0x4E,
    0x04, 0x4B, 0xB9, 0xC6, 0x83, 0xB3, 0x92, 0x7D, 0x46, 0x4C, 0x32, 0xED, 0x84, 0xC8, 0x4A, 0x52,
    0x7E, 0x7C, 0xD4, 0x6F, 0xF6, 0x03, 0xE2, 0x1F, 0x2A, 0xB1, 0x08, 0xFB, 0xD0, 0x90, 0xD1, 0x56,
    0x85, 0x3D, 0x62, 0xE6, 0x93, 0xBD, 0x61, 0x1E, 0xA0, 0x36, 0xA1, 0xB1, 0xDF, 0x2D, 0xF3, 0xB1,
    0xC8, 0x52, 0xE6, 0xCB, 0x86, 0xF9, 0x8B, 0x49, 0x85, 0x75, 0xC9, 0x7C, 0x68, 0xB6, 0xC2, 0x0A,
    0xCC, 0xFB, 0xB6, 0x9B, 0xD9, 0x58, 0xFB, 0x48, 0x5E, 0xDE, 0xBD, 0xCF, 0xB9, 0xB3, 0x9B, 0x45,
    0xFE, 0x74, 0xE6, 0x83, 0x59, 0xCF, 0xFC, 0xD9, 0x24, 0x33, 0x1F, 0x4B, 0xDF, 0xB3, 0xE7, 0x5B,
    0xFE, 0x28, 0x4C, 0x3C, 0xF8, 0xFF, 0x38, 0x32, 0x8F, 0x75, 0x66, 0x1E, 0x4A, 0x35, 0x31, 0xEF,
    0x4D, 0x76, 0xE6, 0x98, 0x37, 0x59, 0x7D, 0x18, 0x39, 0xE1, 0xB9, 0x45, 0x5F, 0x47, 0x5E, 0xCB,
    0x3C, 0x4F, 0x23, 0xFB, 0x69, 0xD7, 0x23, 0xFB, 0x95, 0xD3, 0x23, 0x97, 0xC2, 0xB1, 0xE7, 0xCC,
    0x3F, 0x40, 0x60, 0x85, 0xDD, 0xF8, 0x1A, 0x3C, 0x58, 0x9C, 0xDA, 0x91, 0x79, 0xE0, 0xA0, 0x72,
    0xE4, 0x88, 0x79, 0x98, 0x5E, 0xCC, 0xA9, 0xA0, 0x9B, 0x9E, 0x2F, 0x57, 0xAA, 0x99, 0x58, 0x1D,
    0xF3, 0xF9, 0x59, 0x03, 0x59, 0x8F, 0xE9, 0x5C, 0xB6, 0xF7, 0x9C, 0x14, 0x0F, 0x37, 0x00, 0xBF,
    0x00, 0x5D, 0x53, 0xC1, 0x91, 0x83, 0x30, 0x0C, 0x54, 0x92, 0x47, 0x1E, 0x79, 0x50, 0x02, 0x25,
    0xA4, 0x04, 0xD3, 0x19, 0x74, 0x16, 0x97, 0xC0, 0x75, 0x40, 0x09, 0x3C, 0x78, 0xF8, 0x01, 0xF6,
    0xED, 0x4A, 0x96, 0x2E, 0x73, 0x8C, 0x47, 0xDA, 0x41, 0x20, 0xAD, 0xA4, 0xB5, 0x48, 0x7F, 0x3E,
    0xE5, 0xD6, 0x36, 0x79, 0xB4, 0xE3, 0xD5, 0x56, 0x79, 0xB6, 0x7D, 0x6C, 0x59, 0x86, 0x22, 0x69,
    0x13, 0x19, 0x36, 0x49, 0x59, 0xE4, 0x9D, 0x65, 0x9E, 0x84, 0xB0, 0x89, 0xBB, 0xD4, 0xF8, 0x98,
    0xAB, 0xE6, 0x2E, 0x41, 0xE0, 0x71, 0xE2, 0x93, 0x1A, 0xAE, 0x88, 0xDC, 0x2F, 0x79, 0x1E, 0x70,
    0xA7, 0xBC, 0x76, 0x61, 0x60, 0xA0, 0x2B, 0xEA, 0x10, 0x40, 0x0D, 0x06, 0xC6, 0x55, 0xF8, 0x06,
    0xA5, 0xE8, 0x58, 0x95, 0xC5, 0x17, 0x61, 0x80, 0xC5, 0x11, 0xF8, 0xC8, 0x3F, 0x0E, 0x8C, 0x57,
    0xB8, 0x79, 0xBA, 0x5D, 0xBD, 0x99, 0x31, 0xB3, 0xA1, 0xA4, 0xFD, 0xCC, 0x3B, 0xDB, 0x01, 0x46,
    0x37, 0x78, 0xCF, 0x42, 0x9A, 0xC7, 0xFE, 0x77, 0x9B, 0xA2, 0x81, 0x4B, 0xED, 0xE9, 0x5D, 0x54,
    0xB7, 0xA5, 0xB7, 0x60, 0x1D, 0x58, 0x03, 0xE4, 0xBF, 0x75, 0xFA, 0xC6, 0xDE, 0xC8, 0x1B, 0x77,
    0xA3, 0x6E, 0xCC, 0x8D, 0x78, 0x1F, 0x9A, 0x59, 0x65, 0xFD, 0x45, 0x5A, 0x97, 0x00, 0xC3, 0x1D,
    0x28, 0x67, 0x64, 0x19, 0xB4, 0x00, 0xCE, 0xB8, 0x31, 0x05, 0x4E, 0x72, 0x9B, 0x32, 0x78, 0xE6,
    0xB4, 0xC0, 0x2E, 0xF3, 0x04, 0x3B, 0x7D, 0xC8, 0x99, 0xA7, 0xBA, 0xAD, 0xE4, 0x8C, 0x02, 0xE0,
    0x8C, 0xF3, 0xB0, 0x53, 0x68, 0xC1, 0x19, 0x80, 0x75, 0x0E, 0xB2, 0x05, 0x18, 0xEC, 0x58, 0xB5,
    0xD5, 0x0B, 0xAE, 0x5A, 0x50, 0xDB, 0x79, 0xB7, 0x85, 0xED, 0xB4, 0x09, 0xED, 0xBC, 0x9A, 0x53,
    0x9E, 0x5D, 0x3B, 0xD0, 0x8B, 0xAA, 0xE7, 0x07, 0xC0, 0xF4, 0x13, 0x0A, 0x9A, 0x43, 0x43, 0xA1,
    0xA2, 0x58, 0xDE, 0x1F, 0x30, 0x2D, 0xB5, 0xE2, 0xE0, 0x70, 0xB0, 0xF7, 0x5D, 0x50, 0x2A, 0xF5,
    0x0B, 0xE8, 0x6C, 0x6C, 0x29, 0x20, 0x6C, 0x7B, 0x41, 0x7A, 0xFB, 0x00, 0x59, 0x4D, 0x5D, 0x00,
    0xB6, 0x20, 0x90, 0xB7, 0x1D, 0xA1, 0xBE, 0xAD, 0xE9, 0xE3, 0x2A, 0x6B, 0xAE, 0xB3, 0xE6, 0x4A,
    0xAB, 0x5D, 0x6B, 0xDC, 0x8E, 0x7E, 0x80, 0xF4, 0x06, 0x28, 0x07, 0xDD, 0x1D, 0x55, 0xAD, 0xEB,
    0x23, 0x90, 0xEF, 0x25, 0xF2, 0x26, 0x49, 0xBF, 0x4B, 0x6F, 0x9F, 0x46, 0xF2, 0x69, 0x74, 0x65,
    0x64, 0x66, 0xB1, 0x69, 0xE0, 0x18, 0x89, 0x90, 0x48, 0xF3, 0x9B, 0x15, 0x77, 0xCB, 0x6F, 0xD7,
    0xCD, 0xEF, 0xD7, 0xDD, 0xC5, 0x19, 0xFA, 0x0C, 0x89, 0x3E, 0x4B, 0x9F, 0x46, 0x08, 0xB5, 0x6B,
    0x55, 0x81, 0x4D, 0x23, 0x14, 0x1B, 0xA2, 0x0D, 0xDD, 0x86, 0x74, 0x01, 0x6C, 0x1A, 0xC6, 0x14,
    0xEC, 0xE6, 0xC5, 0x99, 0x66, 0x07, 0xB5, 0x2B, 0x39, 0x5D, 0x5D, 0xCC, 0xE3, 0x29, 0xBF, 0x35,
    0x8E, 0xBB, 0x0D, 0x80, 0x30, 0x0C, 0x44, 0x0F, 0xD2, 0x05, 0xD8, 0x84, 0xC2, 0x05, 0x05, 0xC3,
    0x30, 0x44, 0x46, 0xC8, 0x68, 0x16, 0xD4, 0x20, 0x06, 0xA0, 0xC8, 0x08, 0x2E, 0xE8, 0x8D, 0x6D,
    0x89, 0xE6, 0xC9, 0x92, 0xEF, 0xA7, 0xAA, 0x2A, 0x0D, 0x80, 0x08, 0xD0, 0xC9, 0x03, 0x24, 0x3A,
    0x81, 0x4C, 0x07, 0x30, 0xD2, 0x5E, 0xB1, 0x10, 0x33, 0x0A, 0x71, 0x01, 0x13, 0x2F, 0x7D, 0x25,
    0x1E, 0x13, 0x88, 0xF3, 0x64, 0x48, 0xB3, 0xA1, 0x13, 0x03, 0xDA, 0x7F, 0xA5, 0xCD, 0x30, 0xF8,
    0x37, 0x74, 0xAB, 0x3B, 0xC2, 0x7B, 0x5B, 0x4A, 0xE4, 0x45, 0xF2, 0xE5, 0x1D, 0xD1, 0xF6, 0x7A,
    0x6F, 0x2C, 0x50, 0xDF, 0xF2, 0x01, 0xED, 0x5C, 0x4F, 0x8C, 0xDC, 0xD6, 0x79, 0x7F, 0x24, 0xA5,
    0x65, 0x22, 0xCA, 0xA2, 0x50, 0x04, 0x81, 0x21, 0x39, 0xA2, 0x0E, 0x3E, 0x04, 0xAD, 0x35, 0x34,
    0x50, 0xB7, 0x50, 0x01, 0xEE, 0x92, 0x56, 0xD0, 0x16, 0x6D, 0x8A, 0x54, 0x87, 0x38, 0x87, 0xA4,
    0xA8, 0x7D, 0xC8, 0x25, 0x75, 0xDB, 0x15, 0x92, 0x1C, 0xF6, 0x30, 0xD2, 0xB0, 0x49, 0x8F, 0x05,
    0xB2, 0x87, 0x00, 0x3D, 0xB4, 0x07, 0x1F, 0x72, 0xA8, 0x7D, 0xA8, 0x04, 0x74, 0x0E, 0xD3, 0x74,
    0x2D, 0x52, 0x16, 0x8A, 0x1C, 0x84, 0x34, 0x93, 0x18, 0x68, 0x2E, 0x05, 0x42, 0x25, 0x4A, 0x13,
    0xDB, 0x07, 0xB3, 0x36, 0x13, 0x73, 0x57, 0x33, 0x7C, 0xFD, 0x7E, 0xDF, 0xFB, 0x43, 0xEE, 0x6A,
    0xD7, 0x96, 0x63, 0xC9, 0x16, 0x12, 0x8F, 0xB4, 0xBB, 0xDF, 0xCC, 0x90, 0x6F, 0xDE, 0xFB, 0x7E,
    0xDF, 0xFF, 0xF7, 0xBD, 0x11, 0x02, 0x8F, 0x47, 0x85, 0x7D, 0x4C, 0x32, 0x4B, 0x46, 0x55, 0xFF,
    0x72, 0x63, 0x08, 0x67, 0x33, 0xD1, 0xD4, 0x97, 0xDC, 0xC5, 0x71, 0x26, 0x8E, 0x9C, 0x93, 0xF9,
    0x25, 0x7D, 0xF7, 0x5B, 0xAF, 0x55, 0xC7, 0xC4, 0x47, 0x41, 0x6E, 0xCB, 0xAC, 0x15, 0xA2, 0x28,
    0xE9, 0x96, 0x3A, 0xCD, 0xD6, 0x84, 0x7B, 0xBB, 0x02, 0x19, 0x96, 0x61, 0xEE, 0x97, 0x35, 0x86,
    0xF4, 0x6A, 0xAF, 0x0A, 0x9F, 0xC4, 0x87, 0x5C, 0x14, 0x0B, 0xD1, 0x86, 0x2E, 0xC8, 0x22, 0x4B,
    0xC5, 0x1A, 0x93, 0x9E, 0x9C, 0xD3, 0xC5, 0xDF, 0x70, 0x88, 0xF4, 0xAF, 0xE1, 0xE2, 0xD7, 0x33,
    0xBA, 0x2D, 0xC8, 0x71, 0xB1, 0x04, 0xE9, 0x97, 0x11, 0x5D, 0x9C, 0xE6, 0x33, 0xBA, 0xB6, 0xF2,
    0x71, 0x71, 0x3E, 0xA6, 0x11, 0x5A, 0xA7, 0xF1, 0xCA, 0x30, 0xA3, 0x69, 0xBA, 0x1D, 0x8D, 0x2C,
    0x22, 0x31, 0x12, 0x22, 0x94, 0x79, 0x94, 0x89, 0x55, 0x11, 0x12, 0x89, 0x8B, 0x45, 0x42, 0x23,
    0x89, 0x53, 0x74, 0x31, 0x48, 0xAF, 0xA4, 0xAB, 0xD6, 0xE8, 0xDE, 0xB1, 0xF0, 0xE6, 0x02, 0x03,
    0x81, 0x74, 0x6A, 0x81, 0x29, 0x0A, 0xBA, 0x40, 0xD0, 0xC7, 0x2D, 0xC4, 0x9C, 0xC9, 0x46, 0x1C,
    0x4F, 0xB1, 0xC0, 0x55, 0x21, 0xA6, 0xA2, 0x09, 0x4B, 0x70, 0x8A, 0xC8, 0xE3, 0x97, 0x3C, 0xAC,
    0x8A, 0x6E, 0x9D, 0x6E, 0xC4, 0xD9, 0x82, 0x48, 0x8F, 0xAE, 0x4D, 0x5C, 0x91, 0x2A, 0xD6, 0xD4,
    0xF4, 0xF9, 0x7C, 0x31, 0x91, 0x01, 0x46, 0x06, 0xE5, 0x56, 0x0E, 0x8F, 0x8C, 0xAB, 0xF9, 0xBD,
    0x18, 0xEC, 0x0F, 0x98, 0x0C, 0xE6, 0x6A, 0x64, 0x5C, 0xD6, 0x32, 0x93, 0x0C, 0x40, 0xFC, 0x14,
    0x9F, 0xB5, 0x2D, 0x62, 0x8D, 0x91, 0x23, 0xA5, 0x34, 0x10, 0x05, 0x92, 0x5F, 0x3C, 0xA2, 0x91,
    0x9C, 0xD4, 0xEA, 0xEF, 0x4E, 0xA7, 0x27, 0x12, 0xEB, 0x59, 0xF8, 0xB5, 0x86, 0x76, 0xC9, 0x7F,
    0x97, 0x22, 0xCE, 0x31, 0x0F, 0x99, 0xF3, 0x1B, 0xFE, 0x77, 0x6A, 0x7E, 0x23, 0xC8, 0xD5, 0x1B,
    0x41, 0x1E, 0xE7, 0xC4, 0x37, 0x9A, 0xA7, 0x5F, 0xBB, 0x74, 0x01, 0xFD, 0x10, 0x68, 0x74, 0xC1,
    0x8B, 0xC4, 0x14, 0xC8, 0x44, 0xDC, 0xFD, 0x2D, 0x38, 0x2D, 0x26, 0x34, 0x13, 0x62, 0xB3, 0xDF,
    0x39, 0x45, 0x43, 0x3C, 0x8E, 0xE7, 0x62, 0x65, 0xE9, 0x95, 0x0E, 0xC6, 0x8A, 0xBD, 0x79, 0x80,
    0xB9, 0x05, 0x2F, 0x55, 0x51, 0xE6, 0xCA, 0xD2, 0x9B, 0xD7, 0xAB, 0x22, 0x92, 0x8D, 0x53, 0xD7,
    0x89, 0xE8, 0xC4, 0x96, 0x68, 0x9A, 0xF8, 0x0B, 0x0D, 0x8D, 0x32, 0x9E, 0x12, 0x60, 0x34, 0xCA,
    0xD9, 0x59, 0x40, 0x1F, 0x41, 0xA3, 0xCD, 0x52, 0x62, 0x52, 0x98, 0x89, 0xD9, 0x38, 0x55, 0x7F,
    0x67, 0xF4, 0x0B, 0xAF, 0x4F, 0x7D, 0x60, 0x27, 0x9A, 0x29, 0xCD, 0x87, 0x10, 0xAC, 0x67, 0x34,
    0x2B, 0xBA, 0xB4, 0x1E, 0x8B, 0x54, 0xD6, 0xC4, 0x5F, 0xC2, 0x99, 0x46, 0xF2, 0xE6, 0x31, 0xAF,
    0xD1, 0x27, 0xC1, 0x60, 0xCE, 0x65, 0x3E, 0x33, 0x21, 0xC2, 0x32, 0x14, 0x96, 0x2F, 0xE2, 0x2F,
    0xDD, 0x09, 0xEE, 0x04, 0x90, 0xAE, 0x4E, 0x38, 0x05, 0x18, 0x52, 0x48, 0xC9, 0xFC, 0x5E, 0x91,
    0x9D, 0xD1, 0x8D, 0x4F, 0x5A, 0x6D, 0x90, 0xB9, 0xA6, 0xBC, 0xD7, 0x8C, 0xB6, 0x78, 0x65, 0x6D,
    0xA9, 0x99, 0xA5, 0xC6, 0x96, 0x32, 0xFA, 0xE3, 0x5B, 0x2A, 0xC8, 0x0D, 0xC5, 0x62, 0xAB, 0x28,
    0x61, 0xEE, 0x58, 0x13, 0x66, 0x94, 0x85, 0xD0, 0x23, 0x13, 0x40, 0x9A, 0x4A, 0x4B, 0xA7, 0x3E,
    0x71, 0x0B, 0x33, 0x59, 0x0A, 0x57, 0xC9, 0x00, 0x71, 0xD8, 0x93, 0xAF, 0x3C, 0x4D, 0x73, 0x25,
    0x89, 0xF3, 0x2B, 0x81, 0x95, 0xAE, 0x32, 0xD3, 0x20, 0x62, 0x63, 0x66, 0xA7, 0x5F, 0xBE, 0x50,
    0x28, 0xC6, 0x06, 0xB9, 0x84, 0xB8, 0x04, 0xDF, 0x7F, 0x56, 0xE6, 0xDB, 0x19, 0xE3, 0x2F, 0x65,
    0x5D, 0x2B, 0x39, 0x7A, 0xE5, 0xC9, 0x86, 0xA9, 0x90, 0x7E, 0x6F, 0x30, 0x45, 0x68, 0x8A, 0x31,
    0x53, 0x85, 0xA1, 0xBC, 0x5F, 0xD0, 0xEF, 0x16, 0x54, 0x5C, 0x9A, 0x7B, 0x2F, 0x11, 0xF7, 0x25,
    0xF3, 0xE1, 0xB4, 0x58, 0x3E, 0xF5, 0x85, 0x4A, 0xCD, 0x96, 0x7E, 0xAB, 0x91, 0xA1, 0xD3, 0x8D,
    0x7D, 0x4D, 0x53, 0xAD, 0x79, 0x57, 0x4C, 0xBA, 0x7F, 0xAA, 0xA5, 0xDC, 0x24, 0x8A, 0xC6, 0xA3,
    0x31, 0x3B, 0x56, 0x14, 0x00, 0x34, 0x99, 0x0B, 0x77, 0xCE, 0xD2, 0xE6, 0xD1, 0x7A, 0x2B, 0xA6,
    0xC4, 0xE4, 0x95, 0x3F, 0xDA, 0xC9, 0x66, 0x6A, 0xC6, 0x98, 0x00, 0x8F, 0x71, 0xA2, 0x7B, 0x01,
    0x33, 0x54, 0x8F, 0x8F, 0x33, 0x70, 0x4E, 0x61, 0xDE, 0x8D, 0x89, 0xD8, 0x69, 0x14, 0x7E, 0xA4,
    0x80, 0x63, 0xB5, 0x44, 0x1E, 0xF9, 0x85, 0x17, 0x64, 0xA6, 0x28, 0x86, 0xDD, 0xD9, 0xBE, 0x2C,
    0xB3, 0x5F, 0x3C, 0x25, 0x94, 0x1C, 0xCC, 0xD5, 0xD8, 0xC5, 0x37, 0x9D, 0x7A, 0xEF, 0x8A, 0xEC,
    0x3A, 0x1C, 0xFB, 0x1A, 0x69, 0x96, 0xCB, 0xD4, 0x59, 0x7B, 0xEF, 0x24, 0x27, 0xED, 0x60, 0x6E,
    0x04, 0xD5, 0xF6, 0x53, 0x9F, 0xE3, 0x3B, 0x9C, 0x1D, 0xE2, 0xC6, 0x8C, 0xEF, 0x48, 0x2D, 0x77,
    0x61, 0x7B, 0x15, 0x15, 0x12, 0x2A, 0xEA, 0x5D, 0x42, 0xE6, 0xB5, 0x5A, 0xEE, 0xD0, 0x5A, 0x7C,
    0x9A, 0xFF, 0x5C, 0xCA, 0x86, 0xCD, 0xCD, 0x7A, 0x26, 0x3E, 0xDE, 0x6A, 0x54, 0xD9, 0x40, 0x85,
    0xCA, 0x98, 0xA4, 0x00, 0x97, 0x29, 0x32, 0x3B, 0xDE, 0x76, 0x46, 0x4F, 0x84, 0xD7, 0x32, 0xBE,
    0xBC, 0x08, 0xE1, 0xFE, 0xAF, 0x64, 0xCD, 0x0F, 0xE7, 0x8E, 0x96, 0x26, 0xB7, 0x31, 0x72, 0x45,
    0x3C, 0x31, 0x26, 0x3F, 0xB6, 0xF2, 0x17, 0x8A, 0x3B, 0x25, 0xD6, 0xB7, 0x54, 0x2F, 0xD9, 0x43,
    0x6A, 0xC3, 0x52, 0x66, 0x3C, 0xEF, 0x25, 0xF3, 0x19, 0x64, 0x01, 0x0C, 0x42, 0xB2, 0x77, 0x35,
    0x2B, 0x3D, 0x19, 0x64, 0x67, 0x7A, 0xD2, 0x8C, 0x49, 0x1F, 0xA9, 0x26, 0x14, 0xCD, 0x89, 0xD4,
    0x12, 0xD3, 0x7C, 0xC9, 0xCB, 0x9E, 0x53, 0x4B, 0x48, 0x09, 0x40, 0x71, 0x48, 0x88, 0xBF, 0x09,
    0x17, 0xF1, 0x0F, 0x4B, 0xE1, 0x5C, 0xA5, 0xCF, 0xB9, 0xBA, 0x1E, 0x9E, 0xBB, 0xB9, 0x49, 0xB6,
    0xC4, 0x7B, 0x79, 0x11, 0x7C, 0x2F, 0x93, 0x0B, 0x37, 0xA3, 0x35, 0x2C, 0xDC, 0xB7, 0xCA, 0xE2,
    0x22, 0x8F, 0x98, 0x92, 0x3C, 0x8F, 0xF1, 0x61, 0xDE, 0x3C, 0xCC, 0xE3, 0x7A, 0x9A, 0xF8, 0x0B,
    0x41, 0x7E, 0xA4, 0x0A, 0x9A, 0x3A, 0x89, 0x24, 0x8C, 0x41, 0xEB, 0x2E, 0xA6, 0x49, 0x12, 0x8A,
    0xF0, 0x32, 0x39, 0xB3, 0x17, 0xA7, 0x67, 0x66, 0xA1, 0x38, 0xE5, 0xE3, 0xE2, 0xD9, 0xA9, 0x7A,
    0x24, 0x46, 0x7C, 0xF1, 0x22, 0x24, 0x3B, 0x16, 0x92, 0xA5, 0xA6, 0x8B, 0x43, 0x98, 0x1E, 0xF2,
    0x50, 0x6B, 0x62, 0xEA, 0x57, 0x1B, 0xA4, 0xB2, 0xFE, 0xFC, 0x28, 0x86, 0x9F, 0x8A, 0x78, 0xE1,
    0x34, 0x6C, 0xFB, 0xA7, 0x22, 0x89, 0x95, 0x59, 0xAF, 0xA7, 0x62, 0x4C, 0x17, 0xB3, 0xD0, 0xD0,
    0xAB, 0x6E, 0x7D, 0x88, 0x31, 0x98, 0x12, 0x88, 0x5B, 0xBC, 0xC0, 0x64, 0x4A, 0x28, 0x2A, 0x1B,
    0x76, 0x66, 0x46, 0xCE, 0x23, 0x60, 0xF2, 0xD4, 0x4C, 0x3B, 0x0F, 0xC2, 0x66, 0x43, 0x18, 0x4F,
    0x03, 0x52, 0x7B, 0x9A, 0x53, 0x44, 0x2A, 0x4F, 0x83, 0xDB, 0x84, 0x19, 0xAC, 0x61, 0x58, 0xF9,
    0x23, 0x6A, 0xE3, 0x69, 0xC4, 0x1B, 0x95, 0x92, 0x00, 0xFA, 0xF5, 0x13, 0xBE, 0x1B, 0x0A, 0xE7,
    0x7F, 0x2F, 0x37, 0x6E, 0x29, 0x52, 0x3E, 0x1E, 0x17, 0x5F, 0x6A, 0x8D, 0x5B, 0x72, 0x65, 0x65,
    0xDC, 0x52, 0x6C, 0x30, 0x8C, 0x58, 0x32, 0xB5, 0x7D, 0xDC, 0x36, 0xA8, 0xAD, 0xCB, 0x5B, 0x46,
    0xA0, 0xA4, 0xD4, 0x77, 0xB9, 0xF2, 0x5B, 0xE2, 0x59, 0xE5, 0x96, 0x22, 0xBC, 0xBB, 0x3E, 0xB7,
    0xB2, 0xE0, 0xE1, 0x23, 0x3C, 0x35, 0xCE, 0x44, 0xD8, 0x05, 0x85, 0xA5, 0x5D, 0xA6, 0x57, 0xDB,
    0xC5, 0xD3, 0x5F, 0x23, 0xC2, 0x64, 0xEA, 0x3C, 0xA3, 0xF7, 0x91, 0xF6, 0xA4, 0xEC, 0x96, 0x43,
    0x61, 0x25, 0x31, 0xB6, 0x64, 0xB5, 0xCA, 0xC3, 0xD1, 0x50, 0x0E, 0x21, 0x27, 0xE0, 0x73, 0xE0,
    0x3C, 0x36, 0x68, 0xE2, 0x25, 0x93, 0xD3, 0x99, 0x25, 0x67, 0x34, 0x19, 0x4D, 0x82, 0x6B, 0x05,
    0x31, 0x87, 0x5E, 0x49, 0x6A, 0x16, 0x36, 0x91, 0x29, 0x52, 0x3F, 0x0E, 0x20, 0x1B, 0xF1, 0x59,
    0x26, 0x3E, 0x4B, 0xD0, 0x3A, 0xD0, 0xE4, 0x95, 0x62, 0x29, 0x36, 0x66, 0xEE, 0xB5, 0x75, 0x62,
    0xC9, 0x2B, 0xC7, 0xC4, 0x2C, 0x71, 0x14, 0x63, 0xCE, 0x08, 0x9A, 0x8E, 0xFC, 0x29, 0x31, 0x70,
    0x9D, 0x8C, 0xFE, 0x08, 0xF6, 0x83, 0x1E, 0xAD, 0x5B, 0x85, 0x30, 0xAC, 0x30, 0x63, 0x5E, 0x19,
    0xE4, 0x21, 0x93, 0x44, 0x78, 0xA5, 0x27, 0xBB, 0xCF, 0xB1, 0xDF, 0x25, 0x7F, 0x36, 0x21, 0x8F,
    0xD8, 0xC0, 0x19, 0x2E, 0x44, 0xB0, 0x0D, 0x1F, 0xB6, 0x80, 0x13, 0x61, 0x00, 0xE0, 0xED, 0x42,
    0xE5, 0xB2, 0xC0, 0x1A, 0x2D, 0x1A, 0xCC, 0x50, 0x86, 0xC1, 0x65, 0x86, 0x72, 0x50, 0xA1, 0x22,
    0x0B, 0x8F, 0xCC, 0xF0, 0x49, 0xB9, 0x17, 0x37, 0x98, 0xD2, 0x7D, 0x80, 0x8D, 0x60, 0x96, 0x2C,
    0xB0, 0xEB, 0x1A, 0xD8, 0x46, 0xD9, 0x6D, 0x36, 0x39, 0x77, 0x0D, 0xEC, 0x96, 0x1E, 0xB2, 0x7D,
    0x0F, 0xC0, 0xEA, 0xA9, 0x02, 0x58, 0x0D, 0x16, 0x45, 0x05, 0x2E, 0xCD, 0x30, 0xA6, 0x99, 0x35,
    0x33, 0xE1, 0x93, 0x21, 0xBA, 0x48, 0x3E, 0x92, 0x80, 0x0D, 0xC9, 0xDA, 0x35, 0x64, 0x3E, 0x09,
    0xD8, 0x15, 0xF1, 0x8C, 0x78, 0x86, 0xCC, 0xC3, 0x3B, 0xA3, 0x59, 0x5B, 0x34, 0x93, 0xC6, 0x53,
    0x68, 0x4A, 0x02, 0xD6, 0xFB, 0x6F, 0xA0, 0xD2, 0x3D, 0x4D, 0xC0, 0xFA, 0xF9, 0x43, 0x85, 0xDC,
    0x29, 0x83, 0x6C, 0x9A, 0x78, 0xE5, 0x51, 0x71, 0xC5, 0x2D, 0x43, 0x51, 0xAF, 0x7A, 0x4B, 0x90,
    0xD7, 0xA4, 0x53, 0x8F, 0x5C, 0xB9, 0x20, 0x52, 0x76, 0x00, 0x76, 0xBB, 0xE8, 0x76, 0xE4, 0xF6,
    0x16, 0x80, 0x5D, 0xA5, 0xDB, 0x6E, 0x5F, 0xAB, 0x09, 0xD8, 0x79, 0xF8, 0x0F, 0x74, 0xC1, 0x8D,
    0x12, 0x81, 0x8A, 0xC7, 0xD7, 0x2A, 0x60, 0x8B, 0xEC, 0x8A, 0xDF, 0x02, 0xD8, 0x54, 0x04, 0xDD,
    0x2F, 0x65, 0x0E, 0x9E, 0x11, 0x0B, 0x27, 0xA4, 0x79, 0x61, 0x0F, 0xEC, 0xE4, 0x60, 0x60, 0x5D,
    0x00, 0xDB, 0xBD, 0x2D, 0xB0, 0x03, 0x64, 0x87, 0xD8, 0xE2, 0xDE, 0x5B, 0x06, 0xDD, 0x5D, 0xF8,
    0x22, 0x7A, 0x87, 0xCD, 0x50, 0xD6, 0xC1, 0x53, 0x7F, 0x0A, 0x0B, 0xAF, 0xFD, 0x33, 0xC0, 0x79,
    0x88, 0x34, 0xB0, 0x72, 0x30, 0xC0, 0x61, 0xC4, 0x2B, 0x84, 0x76, 0x54, 0xB2, 0x77, 0x8A, 0x58,
    0x5A, 0xF5, 0x32, 0x20, 0xBD, 0xA1, 0x91, 0x5B, 0x38, 0xB7, 0x38, 0xD0, 0xF2, 0xFC, 0x75, 0x5A,
    0xC2, 0x6A, 0xA0, 0x87, 0xFE, 0xBB, 0x1A, 0xAE, 0xD0, 0x25, 0xFF, 0xE6, 0x74, 0xEC, 0xA6, 0x67,
    0xB4, 0x82, 0x9C, 0x02, 0x84, 0x39, 0xBC, 0xD9, 0x54, 0x5C, 0xA2, 0xC0, 0x28, 0x3E, 0xD7, 0x88,
    0x0D, 0xBC, 0xF9, 0x04, 0x45, 0xF6, 0x8F, 0x88, 0xC7, 0x39, 0xCE, 0x3F, 0xA4, 0xA7, 0x03, 0x77,
    0x23, 0x8D, 0x79, 0x21, 0xC2, 0x95, 0x66, 0xA2, 0xB7, 0x3B, 0x9A, 0x93, 0x71, 0x89, 0xB3, 0xA8,
    0x5C, 0xB3, 0x3E, 0x93, 0xEC, 0xF6, 0x58, 0xD4, 0x5F, 0x64, 0xFA, 0x8B, 0x09, 0x05, 0xB3, 0xE2,
    0xA6, 0x56, 0xF2, 0xC7, 0x48, 0xB2, 0xDC, 0x1F, 0x68, 0x35, 0x3F, 0x45, 0xA2, 0xE3, 0x5D, 0xD3,
    0x8A, 0x4E, 0x3E, 0x95, 0xC4, 0x44, 0xAB, 0x7A, 0x90, 0xCF, 0xD2, 0xC2, 0x28, 0xBB, 0x77, 0xBB,
    0x26, 0xCF, 0x63, 0xD4, 0x9D, 0x26, 0xFE, 0xE9, 0x52, 0x2B, 0x7C, 0xF8, 0xF7, 0xE0, 0x8E, 0x56,
    0x79, 0x70, 0x47, 0x29, 0x7D, 0xC8, 0x4A, 0xBF, 0x4B, 0xED, 0x99, 0xD7, 0x80, 0x51, 0x71, 0x6C,
    0x17, 0x0A, 0x03, 0x1D, 0xDC, 0x2D, 0x25, 0xBB, 0xE4, 0x64, 0xB7, 0xA4, 0xEC, 0x92, 0x95, 0x03,
    0xA5, 0xE5, 0xFD, 0x35, 0xF0, 0xCA, 0xFA, 0xB2, 0x1D, 0x50, 0xA6, 0x9C, 0xED, 0xC0, 0x24, 0x07,
    0x3F, 0xD8, 0x0E, 0x28, 0xA3, 0xAD, 0x0C, 0x7C, 0x69, 0x0C, 0xBC, 0x20, 0x86, 0x46, 0xCA, 0xC0,
    0x1B, 0x72, 0x8F, 0x81, 0xD7, 0x24, 0x34, 0x9E, 0x06, 0x0B, 0xB4, 0xAD, 0x8F, 0x61, 0x5C, 0x3E,
    0x68, 0x03, 0x9F, 0x6B, 0xAC, 0x3F, 0x34, 0xF0, 0xC6, 0xC0, 0xEB, 0x07, 0xE9, 0x9F, 0x20, 0x7E,
    0x20, 0x69, 0x24, 0x03, 0xEF, 0x51, 0xB4, 0x9F, 0x4A, 0x06, 0x36, 0xCC, 0xB7, 0x44, 0x1B, 0xB0,
    0x81, 0x3F, 0x22, 0x1E, 0x16, 0xCF, 0xDD, 0xA5, 0x81, 0xBF, 0x6B, 0x60, 0xA7, 0x03, 0x60, 0x57,
    0x0D, 0xB0, 0xCE, 0x5D, 0x00, 0xDB, 0xAB, 0xF1, 0x50, 0x89, 0x07, 0xC0, 0x0E, 0x14, 0x78, 0xC0,
    0xC9, 0x7B, 0x62, 0xE0, 0x07, 0xF6, 0x3D, 0x66, 0x64, 0x5D, 0x75, 0xE3, 0x37, 0xC5, 0xFA, 0x52,
    0xB0, 0x59, 0x65, 0xA5, 0x9D, 0x94, 0xFC, 0xC1, 0x2C, 0x24, 0x7E, 0xBB, 0x56, 0x5B, 0x74, 0xAF,
    0x52, 0x80, 0x6A, 0x26, 0x15, 0x01, 0x05, 0x83, 0x2F, 0x4C, 0xF6, 0x42, 0xD8, 0x8C, 0xDB, 0xAD,
    0x4D, 0xFE, 0x40, 0x72, 0x3C, 0xEF, 0x69, 0x6D, 0xB9, 0x89, 0x67, 0x4E, 0x65, 0x40, 0x7E, 0x4C,
    0x88, 0x6A, 0x64, 0xB8, 0x4E, 0x74, 0x32, 0x78, 0xDD, 0xD0, 0xA7, 0x28, 0x41, 0x9B, 0x69, 0x05,
    0x0D, 0xF3, 0x80, 0x32, 0x0B, 0x8F, 0xFC, 0xDE, 0x44, 0x52, 0x6A, 0x43, 0xB6, 0x38, 0xCC, 0x28,
    0x77, 0x09, 0xCA, 0x02, 0xD9, 0xF2, 0x61, 0xF1, 0x31, 0x71, 0x1E, 0x58, 0x8B, 0x01, 0x96, 0x77,
    0x49, 0x5B, 0xC0, 0x45, 0xD3, 0x23, 0x2E, 0x06, 0x90, 0x8B, 0x71, 0x8F, 0xB9, 0x18, 0x68, 0xB3,
    0x18, 0xA0, 0x2E, 0x06, 0xB0, 0x43, 0x94, 0x0D, 0xEE, 0x42, 0x6B, 0x74, 0x07, 0xFB, 0x6D, 0x91,
    0x5F, 0xDD, 0x63, 0xBD, 0xD7, 0x06, 0xC6, 0x7B, 0x68, 0xBB, 0x87, 0xE8, 0xEF, 0xB2, 0xDC, 0x43,
    0xC3, 0xED, 0x0D, 0xED, 0xF6, 0xD0, 0x6C, 0x93, 0x08, 0xB4, 0xE2, 0x81, 0x54, 0xEE, 0x27, 0x98,
    0xBA, 0x00, 0xE5, 0xE6, 0x3A, 0xA4, 0xDF, 0x40, 0xB9, 0x43, 0x9E, 0x43, 0x09, 0xE5, 0x76, 0x28,
    0xB7, 0xF3, 0x97, 0xAC, 0xDC, 0x98, 0x1A, 0x26, 0x06, 0xAB, 0x4D, 0xD6, 0x5B, 0xAA, 0xD4, 0x39,
    0x60, 0x73, 0x96, 0x43, 0x77, 0x27, 0xCC, 0x8B, 0x06, 0xE4, 0x59, 0x1E, 0xF7, 0xCA, 0xC1, 0xCA,
    0xAD, 0x7D, 0x76, 0xAF, 0xDC, 0xDD, 0xBD, 0x51, 0x6E, 0xD7, 0x60, 0x7C, 0x80, 0xD5, 0xBE, 0x6F,
    0xCA, 0xBD, 0x82, 0xA9, 0x7D, 0x8B, 0x15, 0x90, 0x67, 0x83, 0x8C, 0xCC, 0xE1, 0x57, 0xE8, 0x9D,
    0xB9, 0x08, 0xE5, 0xA6, 0x4B, 0x77, 0x39, 0xA4, 0x24, 0x69, 0xCB, 0xCB, 0xC8, 0x03, 0x29, 0x26,
    0x75, 0xD0, 0x65, 0x62, 0xBD, 0xF5, 0x64, 0x36, 0xA9, 0x53, 0xAE, 0x7D, 0x11, 0x99, 0xAA, 0x30,
    0x28, 0x7C, 0x9D, 0xBC, 0x8F, 0xEC, 0xBE, 0x49, 0xE1, 0xD9, 0x65, 0x8E, 0x87, 0xF4, 0xA3, 0xE2,
    0x8A, 0x1F, 0x3F, 0x08, 0xB2, 0x76, 0x9D, 0x83, 0xDF, 0x4F, 0x97, 0x58, 0xF1, 0x89, 0x42, 0x3E,
    0x0F, 0x6F, 0x69, 0x90, 0x27, 0x61, 0xB0, 0xC8, 0xB7, 0x22, 0xCC, 0x6C, 0xA9, 0x21, 0xEC, 0xF5,
    0x6E, 0xC4, 0x01, 0x5B, 0x3C, 0x27, 0x62, 0x95, 0xD0, 0x2C, 0x05, 0xC9, 0x6A, 0x44, 0xAF, 0xC7,
    0x9F, 0xAA, 0xBD, 0xEA, 0x12, 0x97, 0x20, 0x8E, 0x8A, 0x4D, 0x27, 0x3F, 0x3A, 0xA8, 0x46, 0xBC,
    0x4B, 0xD2, 0x7A, 0x0E, 0xAE, 0x0C, 0xAB, 0xC7, 0x88, 0x8B, 0x89, 0x5C, 0x31, 0x49, 0x30, 0xB3,
    0x62, 0x13, 0x08, 0x8D, 0x31, 0x5F, 0x82, 0x73, 0x81, 0xF9, 0x62, 0x15, 0x05, 0x89, 0x16, 0xAD,
    0xC2, 0x18, 0x34, 0x44, 0x02, 0x5A, 0x95, 0x02, 0x55, 0x65, 0x13, 0xBA, 0x66, 0x1B, 0xA9, 0xC5,
    0x5D, 0x54, 0xF5, 0x38, 0x53, 0xC2, 0x75, 0x14, 0x27, 0x99, 0x1D, 0x8A, 0xBF, 0xEA, 0x5E, 0xE6,
    0xBA, 0x8E, 0xA0, 0x81, 0x85, 0x09, 0xBC, 0xFA, 0x48, 0xEB, 0x3E, 0xA9, 0xE9, 0xA1, 0x5E, 0x4D,
    0xB7, 0xAC, 0x9A, 0xEA, 0xF8, 0x1D, 0x6A, 0x1A, 0xE5, 0x56, 0x4D, 0x2F, 0xF6, 0x6A, 0xDA, 0xF4,
    0x3E, 0xF8, 0xF8, 0x1E, 0x1F, 0xEC, 0xB2, 0x9A, 0xF2, 0x87, 0xC4, 0x25, 0xAB, 0x29, 0x56, 0xD3,
    0xD9, 0xE0, 0x0A, 0xA5, 0x65, 0x52, 0x53, 0xE4, 0xD4, 0x28, 0x25, 0x26, 0x2A, 0xCE, 0x8A, 0x95,
    0xC6, 0x62, 0xAA, 0x47, 0x8A, 0xCA, 0xE6, 0xD4, 0x22, 0xDF, 0xA3, 0xA6, 0xE6, 0x01, 0xBF, 0xA3,
    0x1F, 0x1B, 0x33, 0x4B, 0x4E, 0x07, 0x71, 0x00, 0x41, 0x01, 0x63, 0xF2, 0x84, 0x80, 0x9A, 0x82,
    0x27, 0xA4, 0x42, 0x50, 0x53, 0x11, 0x6F, 0x0B, 0xFA, 0x04, 0xF6, 0x3D, 0x2E, 0x57, 0x16, 0xA1,
    0xA6, 0x82, 0x6C, 0xC6, 0x66, 0x5F, 0x0D, 0x56, 0x96, 0xB7, 0x0F, 0x3D, 0x87, 0x3C, 0xBB, 0x7F,
    0x3E, 0xF8, 0x01, 0xCE, 0x9E, 0x33, 0xCE, 0xE9, 0x08, 0x58, 0x8F, 0x96, 0x80, 0x3A, 0x0F, 0x01,
    0x1B, 0x5C, 0xAB, 0xC5, 0x2A, 0x85, 0x9A, 0x9C, 0x3D, 0xCF, 0xC4, 0xCC, 0xD3, 0xC1, 0xD5, 0xA3,
    0x94, 0x3D, 0xE7, 0x07, 0x47, 0x54, 0x9C, 0xE0, 0x29, 0x60, 0xBF, 0xF2, 0xCF, 0x44, 0xFD, 0xDE,
    0x77, 0x01, 0xEC, 0xCF, 0x60, 0xA1, 0xE9, 0x39, 0xD9, 0xDF, 0xFF, 0xBA, 0x40, 0x24, 0x3D, 0x27,
    0x60, 0xFF, 0x0C, 0xD2, 0xF5, 0xA7, 0xC7, 0xF7, 0x02, 0x6B, 0x66, 0x46, 0xC0, 0x3E, 0x44, 0x7F,
    0x4B, 0x05, 0x2C, 0x85, 0x2A, 0x94, 0x5D, 0x30, 0xB0, 0x3E, 0xDB, 0x22, 0x05, 0x6C, 0x0C, 0xA6,
    0x7F, 0xB0, 0xC0, 0xC6, 0x03, 0x60, 0x39, 0xB4, 0xEA, 0x81, 0x2D, 0x2D, 0xB0, 0xFE, 0x00, 0xD8,
    0xAB, 0x3D, 0xB0, 0x50, 0xC0, 0xB4, 0x37, 0x36, 0x1A, 0x58, 0xA7, 0xE9, 0x81, 0x1D, 0xF7, 0xC0,
    0xC6, 0x03, 0x60, 0x33, 0x0B, 0x6C, 0x30, 0x00, 0xB6, 0xB4, 0xEC, 0xC3, 0xCE, 0x08, 0xD2, 0x63,
    0xFA, 0x71, 0x08, 0xD8, 0x90, 0xB4, 0x30, 0xA2, 0x9F, 0x7A, 0x26, 0xD6, 0x48, 0x47, 0xF1, 0x43,
    0xE9, 0xEB, 0x59, 0x51, 0xF1, 0xCF, 0xAC, 0x87, 0x70, 0x40, 0x6E, 0xF4, 0xE4, 0x78, 0xDF, 0x57,
    0x67, 0x8D, 0x06, 0xCE, 0xA9, 0x66, 0xD3, 0x55, 0x13, 0x1B, 0x36, 0xB3, 0xC8, 0x84, 0x86, 0x75,
    0xA2, 0x27, 0x1C, 0x66, 0x75, 0xE2, 0x29, 0x26, 0xA6, 0x2F, 0x51, 0xFC, 0xA7, 0xF8, 0xD0, 0xBD,
    0x59, 0x86, 0xE2, 0x92, 0x02, 0xA8, 0x20, 0x60, 0xB9, 0x1E, 0x10, 0x95, 0x71, 0x46, 0x51, 0x33,
    0x6A, 0xF3, 0xE4, 0x90, 0x10, 0x5B, 0x16, 0x84, 0xBC, 0x2C, 0xFD, 0x12, 0x8E, 0x95, 0x58, 0xFD,
    0xA9, 0x8A, 0x44, 0x91, 0x60, 0xFE, 0x1D, 0x8A, 0xFE, 0x73, 0x44, 0x5D, 0xA5, 0xC2, 0x9A, 0x48,
    0x06, 0x36, 0x55, 0xE5, 0xF1, 0x4E, 0x31, 0x19, 0x31, 0x28, 0x30, 0xA5, 0xB7, 0x22, 0x13, 0x34,
    0x2D, 0xD5, 0x66, 0x10, 0x70, 0x7B, 0x5D, 0x95, 0x32, 0x09, 0xD8, 0x9F, 0xBB, 0x76, 0xAF, 0xE7,
    0x83, 0x09, 0x9E, 0x60, 0xF3, 0x36, 0x94, 0x55, 0x6E, 0x79, 0xFF, 0x05, 0xCA, 0x7B, 0x15, 0xEA,
    0xB4, 0xD2, 0x92, 0xF2, 0x6A, 0x09, 0x5F, 0x23, 0xE5, 0x75, 0xD5, 0xB8, 0xC7, 0xF6, 0x66, 0x46,
    0x66, 0x2F, 0x77, 0x36, 0x40, 0x68, 0x08, 0xE1, 0xE3, 0xE2, 0x39, 0xF1, 0x49, 0xD4, 0x41, 0x6A,
    0x71, 0x89, 0x04, 0x20, 0x3D, 0xC7, 0xC1, 0x13, 0xC4, 0x22, 0xA4, 0xC5, 0x41, 0x79, 0xFF, 0x85,
    0x2E, 0x7C, 0x5E, 0xBC, 0x17, 0xAB, 0x3C, 0x50, 0x5E, 0x23, 0x88, 0x24, 0xA9, 0x0E, 0xFF, 0x57,
    0xCA, 0x3B, 0x87, 0xF3, 0x64, 0xE5, 0x75, 0x97, 0x88, 0x05, 0x94, 0xF2, 0x62, 0x37, 0x4F, 0x2B,
    0xEF, 0x0A, 0xF6, 0xE1, 0x7E, 0x8D, 0xAC, 0xF2, 0x09, 0x0A, 0x38, 0x73, 0x65, 0x95, 0xC9, 0x35,
    0xC5, 0x2D, 0xAC, 0xB2, 0xBF, 0x83, 0x8C, 0xA6, 0x93, 0x04, 0x6C, 0x84, 0xF8, 0x83, 0x66, 0x71,
    0xBD, 0x5A, 0x4D, 0x35, 0xF9, 0x7F, 0x75, 0x62, 0xC8, 0xBA, 0x1E, 0x5B, 0xB2, 0x99, 0xA5, 0xD8,
    0xB4, 0xA2, 0x10, 0xA2, 0x9E, 0x35, 0xB1, 0xE4, 0xEC, 0x57, 0xCE, 0xC7, 0x75, 0x88, 0x35, 0x62,
    0x43, 0x2E, 0xA9, 0x29, 0x45, 0xE2, 0x88, 0x06, 0x10, 0x16, 0x12, 0xD1, 0x61, 0xCB, 0x18, 0xA3,
    0x50, 0x46, 0xEF, 0x00, 0xD8, 0xAF, 0x72, 0x24, 0xFC, 0xEE, 0x81, 0x95, 0xAF, 0x75, 0x1A, 0x58,
    0xB5, 0x11, 0xC9, 0xC0, 0x7A, 0x6C, 0x8A, 0x8D, 0xBB, 0x95, 0xC6, 0xDD, 0x4A, 0xEC, 0x3C, 0x19,
    0x60, 0x1B, 0x03, 0xAC, 0x0F, 0x0D, 0xBB, 0xBF, 0xC0, 0x9E, 0xB4, 0xA4, 0x2F, 0xED, 0x36, 0x45,
    0xF1, 0x0A, 0xE7, 0x0C, 0x78, 0x71, 0x69, 0xD0, 0xE5, 0x7D, 0x60, 0x8E, 0x45, 0x85, 0xDE, 0x1F,
    0x8F, 0xFB, 0x39, 0x0C, 0x66, 0x86, 0xF8, 0x2F, 0xEE, 0x7D, 0xCB, 0xD8, 0xFA, 0x58, 0x13, 0x18,
    0x12, 0xAC, 0xD6, 0xF9, 0x78, 0x73, 0x0A, 0x8F, 0xBB, 0xE7, 0x9F, 0xFA, 0x2B, 0x82, 0x68, 0xA7,
    0x90, 0xF6, 0x51, 0x48, 0x7E, 0x72, 0x9B, 0x7E, 0x26, 0x4B, 0x48, 0x9C, 0xBC, 0x4E, 0xD7, 0x45,
    0x0B, 0x7A, 0xF5, 0xFB, 0xF2, 0xCF, 0x09, 0xDE, 0xB8, 0x05, 0x1F, 0x0B, 0x7A, 0xAB, 0xE3, 0x44,
    0x83, 0xD3, 0x0D, 0x26, 0x3B, 0x5E, 0xA9, 0x04, 0xB9, 0x64, 0x61, 0x65, 0x72, 0x21, 0x42, 0x43,
    0xB6, 0x6A, 0x57, 0x74, 0x8D, 0xF7, 0x3E, 0x01, 0xC7, 0xEB, 0xAB, 0x13, 0x0E, 0x31, 0x69, 0xF0,
    0xBF, 0x1C, 0x05, 0x9C, 0x0A, 0xD2, 0xEF, 0x51, 0x64, 0xD1, 0x5C, 0x0D, 0x7B, 0xED, 0xA6, 0x50,
    0xF8, 0x28, 0xFD, 0x7D, 0x44, 0x60, 0x7F, 0x8A, 0xFB, 0x00, 0x50, 0x3B, 0x27, 0xFB, 0x19, 0x74,
    0x62, 0x1D, 0x5E, 0x08, 0x6B, 0x2B, 0x30, 0x1E, 0x99, 0xEF, 0x06, 0x9B, 0xE4, 0xB7, 0x78, 0x1F,
    0x72, 0x6C, 0xFD, 0x90, 0x41, 0x13, 0xDC, 0x31, 0x3C, 0x5B, 0xEC, 0xE2, 0xA4, 0xE6, 0x2F, 0x5B,
    0x77, 0x8E, 0x8A, 0xD9, 0x01, 0x72, 0x11, 0x87, 0xCB, 0x6E, 0x40, 0xE8, 0x16, 0x8D, 0xAC, 0xCB,
    0x5A, 0x52, 0xDA, 0xF4, 0x75, 0x5D, 0x76, 0x0F, 0x50, 0x1C, 0x05, 0x53, 0x7C, 0x88, 0xE3, 0xA8,
    0xF5, 0x92, 0x65, 0x92, 0x4C, 0xB1, 0xC7, 0x3D, 0x03, 0x47, 0x3A, 0x32, 0xC5, 0xC6, 0xA3, 0x97,
    0xF5, 0xF8, 0x98, 0x09, 0x96, 0x0F, 0x34, 0xC5, 0x11, 0xEB, 0x26, 0x1B, 0xDD, 0x94, 0x35, 0xB6,
    0x06, 0x79, 0x9A, 0xC8, 0x43, 0x69, 0x6D, 0xC2, 0x66, 0xA1, 0xC9, 0x54, 0xCD, 0xFC, 0x3D, 0x9A,
    0xE2, 0x2B, 0x4A, 0x63, 0xD5, 0xB6, 0xB6, 0x29, 0xCE, 0xB8, 0x95, 0xD6, 0x58, 0xA1, 0x9A, 0x64,
    0x94, 0x28, 0xAF, 0xE7, 0x4A, 0x63, 0x3D, 0x8E, 0xA0, 0x59, 0x63, 0x3D, 0xA8, 0xDB, 0x6F, 0x6A,
    0x80, 0x3C, 0xF0, 0xB1, 0xAA, 0x04, 0x6D, 0x32, 0x9F, 0x3B, 0xF7, 0x0D, 0x9D, 0x41, 0x59, 0x79,
    0x58, 0x61, 0x56, 0x93, 0x3E, 0x60, 0x37, 0xF1, 0x57, 0x07, 0x56, 0xB2, 0x31, 0x60, 0x60, 0x15,
    0xD9, 0x57, 0xDD, 0x2C, 0xB0, 0xE2, 0xC3, 0xCC, 0xE7, 0x2E, 0x80, 0xDD, 0x37, 0x78, 0x0A, 0xD9,
    0xB1, 0xE6, 0x00, 0xD6, 0x90, 0xEF, 0xB2, 0xAC, 0xFC, 0x2B, 0x02, 0xAB, 0xAA, 0x3A, 0x0C, 0xAC,
    0xC7, 0x15, 0x97, 0x0F, 0x81, 0xDD, 0x1F, 0xD8, 0x15, 0x74, 0x85, 0x9C, 0xC8, 0x08, 0x58, 0x87,
    0x7B, 0x7F, 0xE2, 0x25, 0x01, 0xAB, 0xBD, 0xCA, 0x3A, 0x99, 0x62, 0x5F, 0x9B, 0xE2, 0x7C, 0x8F,
    0x29, 0x3E, 0xCF, 0xFB, 0x90, 0x00, 0x16, 0xF9, 0xAE, 0xAB, 0xEC, 0x6F, 0x41, 0x1A, 0x1B, 0x90,
    0x12, 0x11, 0x79, 0x9C, 0x48, 0x27, 0x5C, 0x58, 0x53, 0xAC, 0xC9, 0x54, 0x4D, 0xF7, 0xDE, 0x44,
    0xC5, 0xCA, 0xE7, 0x29, 0x60, 0x0B, 0x14, 0xA1, 0x18, 0x58, 0x6F, 0xE9, 0x50, 0x42, 0xCE, 0xC0,
    0xC2, 0x0F, 0xBF, 0x6F, 0xC0, 0x66, 0x16, 0x58, 0x67, 0x6E, 0x53, 0x5A, 0xEF, 0x0D, 0x0B, 0x6C,
    0xC0, 0xEF, 0x32, 0xB0, 0x61, 0x6A, 0x53, 0xDA, 0xD5, 0xC8, 0x7E, 0xF0, 0x58, 0x09, 0x28, 0xA6,
    0x53, 0x6B, 0x97, 0x52, 0xEB, 0x0E, 0x48, 0x06, 0x96, 0x56, 0x53, 0x6B, 0x60, 0xFD, 0x5C, 0x37,
    0x1D, 0x11, 0xB0, 0x99, 0xAE, 0xDD, 0x31, 0xB0, 0x49, 0xAF, 0xB1, 0x9A, 0xAC, 0x52, 0x43, 0xA2,
    0xCF, 0xD4, 0xD4, 0xF9, 0x6A, 0x4A, 0xAD, 0x75, 0x94, 0xD0, 0x7C, 0xBB, 0xD1, 0xAB, 0x27, 0x60,
    0xA5, 0x69, 0x39, 0x1A, 0xD7, 0x51, 0x77, 0xD7, 0x6A, 0xBA, 0x4B, 0x63, 0xD7, 0xB9, 0xC4, 0x5C,
    0x01, 0x58, 0x15, 0x62, 0x2F, 0x00, 0xEC, 0x33, 0x24, 0x31, 0x8F, 0x8A, 0xD3, 0x77, 0x09, 0xAC,
    0x5E, 0x05, 0x18, 0x82, 0xE2, 0x9F, 0x8D, 0x8A, 0x5B, 0xAD, 0xB1, 0xFE, 0x36, 0x25, 0xB7, 0xDA,
    0xC7, 0xA2, 0x0F, 0xF2, 0xD7, 0x5E, 0x63, 0x5D, 0xBC, 0xFE, 0x09, 0x06, 0x96, 0x5F, 0x8F, 0x72,
    0xDE, 0x04, 0x10, 0x66, 0x13, 0x20, 0x50, 0x12, 0x2E, 0xF3, 0x5A, 0x4B, 0x91, 0x38, 0x99, 0x1F,
    0x18, 0x3C, 0xBD, 0x23, 0x9A, 0xA7, 0x45, 0x2E, 0x1E, 0xA6, 0xDF, 0x44, 0x2E, 0x91, 0xE8, 0x3E,
    0xD9, 0x02, 0x58, 0x15, 0x68, 0x31, 0xB0, 0x3E, 0x37, 0x0E, 0x64, 0xEF, 0x5E, 0x63, 0x07, 0xC0,
    0xEE, 0x6F, 0x8A, 0xB9, 0x98, 0xAC, 0x34, 0x96, 0xC9, 0x07, 0x0A, 0xD8, 0x61, 0x11, 0xAA, 0xD8,
    0x1F, 0x58, 0x2E, 0x42, 0x7D, 0xD2, 0x02, 0xEB, 0x2D, 0x6C, 0x11, 0x4A, 0xB7, 0x8B, 0x03, 0xC0,
    0x4B, 0x7D, 0x11, 0xAA, 0x31, 0xB5, 0x9E, 0x58, 0x54, 0xAA, 0x79, 0xCF, 0x9B, 0xAF, 0xAA, 0x65,
    0xA1, 0x77, 0x55, 0xED, 0xC9, 0xA3, 0x39, 0x18, 0x3E, 0x16, 0xE6, 0xB5, 0x62, 0x1F, 0x8B, 0x30,
    0x29, 0xDD, 0xB4, 0xC1, 0x53, 0x4C, 0x49, 0xE4, 0x58, 0x17, 0x88, 0x2F, 0x97, 0x07, 0x15, 0x88,
    0xEF, 0x24, 0xDD, 0x4E, 0x9B, 0xE2, 0x8F, 0x21, 0xB9, 0x4C, 0xA6, 0xAA, 0xF0, 0x1E, 0xCA, 0xF2,
    0xE1, 0x99, 0x62, 0x66, 0x28, 0x5F, 0x55, 0x8D, 0x85, 0x4E, 0x4D, 0x1C, 0x52, 0xC0, 0x7A, 0x20,
    0xDB, 0x91, 0x5A, 0x39, 0xAA, 0xFF, 0x0C, 0x6C, 0x58, 0x81, 0x64, 0x60, 0x1D, 0x64, 0xD4, 0xAD,
    0x02, 0xB6, 0xA6, 0x7C, 0x84, 0x93, 0x20, 0x11, 0xE0, 0xD5, 0x39, 0x9B, 0xE2, 0xB4, 0x8C, 0x91,
    0xF6, 0x82, 0x67, 0x7F, 0xA0, 0x52, 0xA2, 0xD0, 0x76, 0x3A, 0x1A, 0x60, 0x7F, 0xFB, 0x1D, 0xF6,
    0xE4, 0xF7, 0x05, 0xB6, 0x7D, 0xDF, 0x34, 0x76, 0x85, 0x06, 0xF2, 0xB7, 0x59, 0x63, 0x53, 0x90,
    0xB2, 0x82, 0xC6, 0x72, 0xA6, 0xB6, 0xD2, 0x42, 0x63, 0xCF, 0xF3, 0xA5, 0xA7, 0xEF, 0x2A, 0x78,
    0x72, 0x3B, 0x61, 0xB6, 0xED, 0x50, 0x4D, 0x82, 0xA2, 0x11, 0xB0, 0xA8, 0x31, 0x41, 0xFD, 0x08,
    0xD8, 0x47, 0xC5, 0x26, 0x59, 0xD0, 0xCD, 0xF7, 0x56, 0x36, 0x5E, 0xF6, 0x65, 0x63, 0x99, 0xDB,
    0xB2, 0x31, 0x37, 0x7A, 0x2B, 0x60, 0xFD, 0xD2, 0x6A, 0x2C, 0x79, 0x0A, 0xA3, 0xB1, 0xA9, 0xF5,
    0xB1, 0x7C, 0x81, 0xD6, 0x58, 0x94, 0x08, 0x75, 0xF0, 0x84, 0xC4, 0x54, 0xFB, 0x58, 0xD9, 0x57,
    0x9E, 0xDA, 0xF7, 0x57, 0x63, 0x9F, 0x7D, 0x5F, 0x83, 0xA7, 0xA0, 0xB3, 0x51, 0xF1, 0xA5, 0xF5,
    0x12, 0xC0, 0xCE, 0xB9, 0x3B, 0x8B, 0xFE, 0x25, 0x50, 0x56, 0xE2, 0xCE, 0x06, 0x6A, 0xC5, 0xF1,
    0x5C, 0xF8, 0xE7, 0x9A, 0x44, 0x4C, 0xA7, 0xD8, 0xE0, 0x0A, 0xBC, 0xC5, 0x63, 0x00, 0xD6, 0x29,
    0x44, 0xE0, 0x2F, 0x1E, 0x01, 0xB0, 0x13, 0x59, 0xFA, 0x5E, 0xFB, 0x18, 0x3A, 0x9E, 0xBA, 0xCF,
    0xE7, 0x5E, 0x9E, 0x9D, 0x05, 0x49, 0xBC, 0x26, 0x83, 0x5F, 0x1B, 0x8C, 0xB7, 0xFD, 0xB9, 0x21,
    0x11, 0x6C, 0xE9, 0xE0, 0xC9, 0x21, 0x09, 0x1B, 0x0F, 0x4C, 0xFC, 0x58, 0xF0, 0x7E, 0xA6, 0xF3,
    0x45, 0x02, 0xD6, 0x93, 0x3B, 0xE7, 0xC5, 0xE7, 0xE5, 0x12, 0xDD, 0x74, 0xAA, 0x84, 0x42, 0x19,
    0x76, 0xE4, 0xC9, 0xAE, 0x90, 0x3B, 0xB2, 0xF3, 0xAA, 0xF0, 0x53, 0x64, 0x5B, 0x2F, 0xB8, 0x72,
    0x41, 0xC0, 0x96, 0x8A, 0x24, 0xA1, 0xF5, 0xAA, 0x82, 0xC9, 0x3A, 0x12, 0x4E, 0x13, 0x33, 0x89,
    0x82, 0xF8, 0x56, 0xC0, 0x24, 0x57, 0x72, 0x1C, 0x90, 0x2D, 0x03, 0x3B, 0x4F, 0x88, 0xAC, 0xC0,
    0x49, 0xB7, 0x4D, 0xC4, 0x69, 0xB7, 0x62, 0x60, 0x27, 0x64, 0xA6, 0xDC, 0x97, 0x59, 0x0F, 0xC3,
    0x25, 0x1F, 0x52, 0x51, 0x7D, 0xAE, 0x99, 0x08, 0x35, 0xB0, 0x64, 0xC1, 0x4C, 0xE7, 0xB9, 0x2B,
    0x6D, 0x0B, 0x19, 0xAD, 0x6C, 0xF3, 0xC1, 0xC2, 0xF8, 0xCE, 0xCC, 0x67, 0xB0, 0x99, 0xB7, 0xA5,
    0x93, 0x7F, 0xC2, 0x78, 0x92, 0x2B, 0xF9, 0x25, 0x8C, 0x51, 0x92, 0x71, 0xF5, 0x66, 0x5E, 0x91,
    0xDB, 0x26, 0xF5, 0xB0, 0xE5, 0xE6, 0x10, 0xA8, 0xA9, 0x6C, 0x9D, 0x42, 0xE5, 0xB1, 0x93, 0x0E,
    0xF1, 0x2B, 0x03, 0x0B, 0xAD, 0x11, 0x27, 0x19, 0x6E, 0x65, 0x35, 0xCE, 0xEF, 0x0A, 0x90, 0xF7,
    0xC1, 0xF8, 0x39, 0xD1, 0x18, 0x8C, 0x17, 0x3D, 0xC6, 0x4B, 0x83, 0xF1, 0x6B, 0x04, 0xEC, 0x5C,
    0x61, 0xEC, 0xF5, 0x18, 0x7B, 0xB2, 0x31, 0x18, 0x7B, 0x30, 0x57, 0x0A, 0x63, 0x4F, 0xE6, 0x06,
    0x63, 0xAF, 0xB3, 0x18, 0x7B, 0x8D, 0xC5, 0xD8, 0x2B, 0x23, 0x83, 0xB1, 0x57, 0x16, 0x06, 0x63,
    0xEF, 0x3B, 0x16, 0x63, 0x5F, 0xC5, 0x8C, 0x88, 0xC8, 0xC2, 0x65, 0x8F, 0xF1, 0xA6, 0xC5, 0xB8,
    0xED, 0x31, 0xCE, 0x7F, 0x9D, 0xB2, 0xDB, 0xFD, 0x43, 0xAA, 0x80, 0xD1, 0x64, 0x32, 0x6C, 0x14,
    0x5B, 0x18, 0x79, 0x55, 0xB1, 0xE3, 0x62, 0xC6, 0x9C, 0x9B, 0x2F, 0x80, 0xB1, 0x6C, 0x04, 0xD2,
    0x2E, 0x24, 0x41, 0xF4, 0xB7, 0xA8, 0x55, 0x12, 0x44, 0xFC, 0x48, 0x6B, 0x15, 0x52, 0x15, 0xE4,
    0x0E, 0x2A, 0x65, 0xA0, 0x4F, 0xF1, 0xF6, 0xFB, 0xDB, 0xC7, 0xCA, 0xA2, 0x8F, 0x95, 0x6B, 0x6D,
    0xA0, 0x83, 0x6D, 0x88, 0x24, 0x1B, 0xE8, 0x38, 0xC7, 0x7F, 0x36, 0xD0, 0xE8, 0xB5, 0x7F, 0x70,
    0x62, 0xE5, 0x45, 0x64, 0x81, 0x55, 0xA7, 0x2F, 0x18, 0xD8, 0xB0, 0xB9, 0xA0, 0x81, 0xA5, 0x84,
    0xAE, 0xD1, 0xC0, 0xDE, 0x2E, 0xF9, 0x1C, 0x1C, 0x80, 0x7D, 0x59, 0x77, 0x4B, 0x11, 0xB0, 0xD7,
    0x4B, 0x75, 0x3E, 0x0C, 0x5B, 0x03, 0xFA, 0x02, 0x02, 0x36, 0xCC, 0x54, 0xC6, 0x44, 0xC0, 0x86,
    0xC1, 0xAD, 0xA9, 0x01, 0xB6, 0xE8, 0x2C, 0xB0, 0x6D, 0x6C, 0x81, 0x3D, 0xFE, 0x4E, 0xC0, 0x1E,
    0x61, 0xC9, 0x56, 0xC0, 0xD6, 0x6A, 0xFE, 0x44, 0x82, 0xB9, 0x03, 0x60, 0x71, 0x44, 0xE5, 0x43,
    0x60, 0xDF, 0xB3, 0xC6, 0xD6, 0xDC, 0xEC, 0x02, 0x8D, 0x0D, 0xD4, 0xB9, 0x20, 0x68, 0x2C, 0x1F,
    0xFE, 0xF3, 0x6B, 0x68, 0xAC, 0x52, 0xC9, 0x16, 0x1A, 0xAB, 0x73, 0x62, 0x00, 0xAB, 0x66, 0xFD,
    0x89, 0x7B, 0x5F, 0x68, 0xCC, 0x6D, 0x76, 0xEB, 0x96, 0xD6, 0x2A, 0xEB, 0x0D, 0x59, 0xB1, 0xB1,
    0xC1, 0x07, 0xE2, 0x74, 0x12, 0x14, 0x6E, 0xD8, 0x24, 0xE8, 0x8C, 0xC9, 0xBB, 0x63, 0x91, 0x44,
    0xDC, 0x41, 0x41, 0xC0, 0x66, 0xD3, 0x90, 0xAB, 0xC2, 0xB0, 0xCA, 0x35, 0x25, 0x14, 0xE4, 0x0B,
    0x09, 0xD8, 0x9B, 0xD8, 0x94, 0x25, 0x9F, 0x4F, 0x56, 0xF9, 0x4D, 0x2D, 0xBF, 0x6B, 0x2C, 0x23,
    0xB5, 0x29, 0x5B, 0x28, 0x52, 0x03, 0x6B, 0x1A, 0xDE, 0xBC, 0x92, 0x3B, 0xAF, 0xC0, 0x50, 0x77,
    0x0E, 0xE9, 0x50, 0xC0, 0xB6, 0xB0, 0xD8, 0x0A, 0xD8, 0xB4, 0x07, 0x76, 0xE5, 0xF5, 0x41, 0x93,
    0xDB, 0xE5, 0xFD, 0xF6, 0x7C, 0xB8, 0x6C, 0x66, 0xAC, 0x75, 0xB1, 0x2D, 0x4E, 0x68, 0x7B, 0x3D,
    0xD8, 0xF6, 0xE1, 0xB6, 0x14, 0x2D, 0x45, 0x6A, 0x1F, 0x42, 0x6D, 0x4C, 0x78, 0x0D, 0xF4, 0xC7,
    0x61, 0x49, 0x0B, 0x4A, 0xBC, 0x11, 0xE7, 0x0B, 0x4E, 0x77, 0xD6, 0xE7, 0x48, 0x15, 0xD7, 0x18,
    0x59, 0xB7, 0x11, 0x7E, 0xC5, 0x9D, 0x4D, 0x2D, 0xF7, 0x35, 0x65, 0x08, 0x29, 0x81, 0xFC, 0x08,
    0xAD, 0x46, 0xBA, 0x15, 0xEA, 0x10, 0x73, 0xBE, 0x56, 0x91, 0xA9, 0x96, 0x0E, 0x9B, 0x30, 0x0E,
    0xBB, 0xA1, 0xD0, 0x8A, 0x64, 0xE9, 0x33, 0xA4, 0x46, 0xFE, 0xE6, 0x29, 0x31, 0x72, 0xA6, 0x3C,
    0x5A, 0xC0, 0xBB, 0x40, 0x68, 0x8E, 0x5A, 0xB5, 0xFB, 0x23, 0x83, 0xDE, 0xA6, 0x61, 0xCB, 0xD3,
    0x9E, 0xD7, 0xCF, 0x20, 0x0B, 0x43, 0x13, 0x3C, 0xD1, 0xA3, 0xF3, 0x0E, 0xA4, 0x39, 0xDD, 0x74,
    0x9E, 0x16, 0xD1, 0x12, 0x07, 0x23, 0x44, 0xDC, 0x45, 0x9D, 0x88, 0x2F, 0x77, 0x7C, 0x2A, 0x6E,
    0xBD, 0x2B, 0x44, 0xE2, 0xCD, 0xC7, 0x4E, 0xB1, 0x19, 0x3E, 0xD9, 0x84, 0x19, 0x81, 0x3F, 0x8D,
    0x65, 0x47, 0x53, 0xF7, 0x73, 0xF4, 0xCE, 0xCB, 0x6C, 0x72, 0xBD, 0xE4, 0x43, 0x60, 0x6E, 0x55,
    0x0B, 0xEF, 0x25, 0x2C, 0x7E, 0x4D, 0x9F, 0x65, 0xAD, 0x89, 0x39, 0x5B, 0x4A, 0x8A, 0xA0, 0xCD,
    0x38, 0x0E, 0x58, 0xAB, 0xC8, 0xDA, 0xDB, 0x4D, 0x1F, 0xD6, 0xF4, 0x47, 0xBC, 0xF2, 0xC5, 0x48,
    0x5F, 0xBF, 0x16, 0xE6, 0xA9, 0x2E, 0xD6, 0xA0, 0xD0, 0x19, 0xDC, 0xD4, 0xF4, 0x0F, 0x5A, 0x93,
    0xA7, 0x06, 0x66, 0xF7, 0xAE, 0xDF, 0x1B, 0xDA, 0xB5, 0x39, 0x44, 0x7A, 0x6E, 0x77, 0x87, 0x06,
    0x32, 0x10, 0x0C, 0xF6, 0xFD, 0x7E, 0x6A, 0xF6, 0xFD, 0x82, 0x6D, 0x2B, 0x00, 0xBC, 0x03, 0x35,
    0xDC, 0xF7, 0x8B, 0xF6, 0xDF, 0xF7, 0xEB, 0x13, 0x77, 0x48, 0xF2, 0x96, 0xDD, 0xEF, 0x22, 0xB4,
    0xCF, 0x30, 0x74, 0x3E, 0xC5, 0xCD, 0x3C, 0x44, 0x9A, 0x79, 0x95, 0x5F, 0xAE, 0xD7, 0xEA, 0x73,
    0xEA, 0x30, 0xE7, 0x78, 0x88, 0x6C, 0x7E, 0x6B, 0xB2, 0xA8, 0x15, 0x31, 0xEE, 0xB7, 0xDF, 0x92,
    0x51, 0xBF, 0x13, 0xD7, 0x43, 0x38, 0x4A, 0x3E, 0x62, 0xDB, 0xD6, 0x92, 0x33, 0xBC, 0x13, 0x87,
    0x13, 0xB1, 0x49, 0x0A, 0x9B, 0x44, 0x81, 0x0D, 0x91, 0x32, 0x47, 0x67, 0x13, 0xA2, 0x94, 0xB5,
    0x37, 0xE7, 0x44, 0xFA, 0x20, 0xD3, 0x6B, 0x35, 0x2E, 0x60, 0x32, 0x6F, 0x49, 0xCB, 0xD0, 0x83,
    0x16, 0xA5, 0x22, 0x39, 0x4C, 0x23, 0x91, 0x48, 0x9F, 0x5A, 0xB5, 0x4D, 0x70, 0x67, 0x7A, 0xD1,
    0x4B, 0x66, 0x56, 0x22, 0xC7, 0xBD, 0xA0, 0xCE, 0x6A, 0x8D, 0x2C, 0x9F, 0x70, 0x24, 0xDD, 0xE4,
    0xF2, 0x24, 0x70, 0x2F, 0x23, 0xB0, 0xDD, 0x2F, 0x1B, 0xBA, 0xAD, 0xC8, 0x0A, 0xC1, 0x4D, 0xB8,
    0xE1, 0x39, 0x3E, 0x8C, 0x92, 0x12, 0x03, 0xAE, 0x02, 0x68, 0xE4, 0xC6, 0x21, 0x5D, 0x47, 0xAB,
    0xCF, 0x70, 0xE2, 0xAA, 0x58, 0xEC, 0xDD, 0xF7, 0x2B, 0xF6, 0xEC, 0xFB, 0x39, 0xF2, 0xA0, 0x7D,
    0xBF, 0x9D, 0x7B, 0x67, 0xB5, 0x33, 0x62, 0x83, 0xB2, 0xDA, 0x64, 0x6B, 0xA6, 0xDA, 0x6A, 0xD3,
    0x7C, 0x13, 0x6D, 0xB5, 0x43, 0x14, 0x5B, 0x95, 0xD5, 0xBE, 0xC4, 0xC7, 0xDF, 0x60, 0xB5, 0x31,
    0x04, 0x71, 0x12, 0x56, 0x9B, 0x59, 0x92, 0xBC, 0x6D, 0x9C, 0x55, 0x89, 0x2B, 0x3A, 0xCE, 0xE2,
    0x8F, 0x50, 0x56, 0xDB, 0x53, 0x07, 0x59, 0xB9, 0x7F, 0xB5, 0xE4, 0x84, 0x54, 0xEF, 0xFB, 0x85,
    0x92, 0x9B, 0xD3, 0xA3, 0x46, 0xE5, 0x15, 0x6F, 0x53, 0xE1, 0x70, 0x3E, 0x6B, 0x77, 0x11, 0x0A,
    0xE6, 0x03, 0xDC, 0x71, 0x70, 0x8B, 0x55, 0x1A, 0xEE, 0x78, 0x4D, 0xF5, 0x25, 0x4E, 0xD5, 0x01,
    0x76, 0x3E, 0xAD, 0xBA, 0xAA, 0x4A, 0x6D, 0x63, 0x76, 0xC7, 0x1C, 0x57, 0x2F, 0xD9, 0x1D, 0x07,
    0xFD, 0x2E, 0x82, 0xEA, 0x5F, 0x65, 0x77, 0xAC, 0x49, 0xB8, 0x63, 0x4D, 0xC2, 0x1D, 0x87, 0x92,
    0x3E, 0x42, 0xB2, 0x06, 0x78, 0x88, 0x8F, 0x17, 0xBF, 0x51, 0xDB, 0x43, 0x85, 0x3D, 0x2F, 0x08,
    0xF9, 0x0F, 0x16, 0xFA, 0x58, 0x99, 0x72, 0xB1, 0x04, 0xAC, 0xDB, 0x9F, 0x17, 0x74, 0x76, 0x9F,
    0x17, 0xF4, 0xDE, 0xFD, 0x79, 0xC1, 0x48, 0xF5, 0x12, 0x03, 0xD8, 0xE2, 0xD5, 0x9D, 0x6F, 0x5F,
    0xBD, 0x5C, 0x03, 0xD8, 0x37, 0xCA, 0xFA, 0xF1, 0xE4, 0xE8, 0x98, 0x80, 0x75, 0x7F, 0xC0, 0x64,
    0x42, 0xC0, 0xBA, 0x36, 0x49, 0x1A, 0xB9, 0xAF, 0xE1, 0xDA, 0x7F, 0xDD, 0x22, 0x60, 0x9D, 0x1F,
    0xAB, 0x0B, 0x00, 0xEC, 0x0E, 0xC8, 0x87, 0x5A, 0x00, 0xAB, 0xDA, 0x95, 0x2B, 0x00, 0xBB, 0xC2,
    0xC8, 0x67, 0x1F, 0xF0, 0xF6, 0xD0, 0xAD, 0x7B, 0x07, 0xAC, 0xCB, 0x5B, 0xEE, 0x0C, 0x2C, 0x37,
    0x71, 0x84, 0x28, 0x5D, 0x5D, 0xB3, 0xE7, 0xC7, 0xC2, 0x3F, 0xD6, 0x8D, 0x66, 0x3E, 0x07, 0xD0,
    0x6C, 0x5B, 0xAE, 0xCF, 0x57, 0x8F, 0xD9, 0x93, 0x63, 0x89, 0x88, 0xD1, 0x18, 0x47, 0x53, 0x23,
    0x60, 0x55, 0xBF, 0x4C, 0x4B, 0xC0, 0x7A, 0x4B, 0x8A, 0x67, 0xE3, 0x9B, 0x4B, 0x00, 0xBB, 0xB5,
    0x9A, 0x8B, 0x23, 0x37, 0x7F, 0x0E, 0x60, 0x13, 0x12, 0x09, 0xF7, 0x26, 0x37, 0xAD, 0xDE, 0x41,
    0xD6, 0x96, 0xAC, 0x34, 0xB9, 0xF2, 0xC2, 0xB9, 0x8A, 0xB7, 0x87, 0x92, 0x35, 0x29, 0x77, 0x88,
    0x24, 0x60, 0x93, 0x74, 0xFB, 0x0F, 0x8B, 0x8A, 0x81, 0x4D, 0xC8, 0x0C, 0x04, 0x44, 0x92, 0xC6,
    0x9A, 0xDB, 0xEA, 0x01, 0x39, 0x12, 0xE8, 0xFB, 0x91, 0x55, 0x0D, 0x8D, 0xD5, 0x24, 0x80, 0x1D,
    0x2B, 0x12, 0xE7, 0x84, 0x34, 0x09, 0x60, 0x37, 0x14, 0x49, 0x37, 0xB7, 0x1B, 0x29, 0xC1, 0x52,
    0xD5, 0xC4, 0xCA, 0xB5, 0x0D, 0x1E, 0xEC, 0x2D, 0x04, 0xD9, 0x2D, 0x93, 0xDC, 0x48, 0xA0, 0x48,
    0x84, 0xF1, 0xDB, 0x08, 0x43, 0x83, 0x39, 0xDC, 0xC4, 0x36, 0x0E, 0x4D, 0x4E, 0x32, 0x77, 0xA1,
    0x5D, 0x5C, 0xCB, 0xCE, 0x1C, 0xDD, 0xD1, 0xE8, 0x2A, 0x29, 0xF5, 0x79, 0x7B, 0xD5, 0xF8, 0xCD,
    0xAD, 0xD1, 0x81, 0xB1, 0xD0, 0x0F, 0xAC, 0xF2, 0x4E, 0xEE, 0x3C, 0xEC, 0x3B, 0xB6, 0x6A, 0xDA,
    0x1C, 0x78, 0xD8, 0x77, 0xF2, 0x2B, 0x29, 0xEF, 0xAE, 0x2D, 0x40, 0x9F, 0xB9, 0xC4, 0x1B, 0x0A,
    0xDC, 0xCB, 0xA6, 0xCA, 0x93, 0xAA, 0x40, 0x04, 0x8C, 0x54, 0x2F, 0x05, 0x27, 0x49, 0x5E, 0xDF,
    0x3F, 0xE5, 0xF7, 0xFD, 0x53, 0x41, 0xDF, 0xD5, 0xAA, 0x2E, 0xE0, 0x24, 0x49, 0x35, 0x31, 0x2B,
    0xE5, 0xC5, 0xE9, 0x4F, 0xAD, 0xBC, 0xCE, 0xF3, 0xF7, 0x47, 0x79, 0x89, 0xB6, 0x65, 0xAC, 0x61,
    0xAF, 0x3A, 0x65, 0x70, 0x6F, 0xDC, 0x28, 0x8C, 0x7F, 0x9E, 0xFC, 0xCF, 0x97, 0x6F, 0x3C, 0xA4,
    0xA2, 0x1C, 0x1A, 0xF4, 0xE8, 0x97, 0x6F, 0x1C, 0x4D, 0xD5, 0x58, 0xE1, 0xCB, 0x78, 0xF2, 0xBB,
    0xCA, 0xD0, 0xA4, 0xD7, 0xF9, 0x89, 0x3A, 0xC5, 0xB2, 0x50, 0x4F, 0xF4, 0xF1, 0x16, 0xF5, 0x84,
    0x3B, 0xE7, 0x7D, 0xF3, 0x04, 0xFC, 0x0C, 0x2F, 0xA8, 0x27, 0x47, 0x10, 0x9C, 0xC6, 0x8F, 0xEB,
    0x27, 0x88, 0xBD, 0x13, 0xF5, 0xE4, 0x2B, 0x47, 0x20, 0x30, 0x5B, 0x8F, 0xCB, 0xC5, 0x97, 0x6F,
    0x84, 0xF2, 0x08, 0xC2, 0x8A, 0xF6, 0xB7, 0xBA, 0xE5, 0xF1, 0x27, 0x53, 0xF9, 0x9F, 0x27, 0xB1,
    0xF1, 0xE8, 0xE3, 0x6C, 0xD2, 0x96, 0x8B, 0xE3, 0x38, 0x48, 0x56, 0x28, 0x10, 0xAE, 0x45, 0xE3,
    0x56, 0x7C, 0x66, 0xC9, 0x43, 0xA7, 0x16, 0x0E, 0xF5, 0x78, 0xE5, 0x08, 0x4F, 0x2A, 0x3E, 0x07,
    0xE4, 0x95, 0x67, 0xEE, 0x78, 0x52, 0xEB, 0x27, 0xA7, 0x04, 0x0F, 0xA0, 0x9E, 0x84, 0x6A, 0xA3,
    0xAE, 0xC5, 0x13, 0xFA, 0x9C, 0x8B, 0xB4, 0x42, 0x17, 0x5F, 0xF5, 0xE2, 0x77, 0x5F, 0x83, 0x5E,
    0x84, 0xF2, 0x1A, 0xE1, 0x93, 0x3E, 0x5D, 0xA3, 0xA0, 0xE6, 0x76, 0xFE, 0xA2, 0x10, 0xC5, 0x67,
    0x10, 0x35, 0x41, 0xA7, 0x36, 0x26, 0xD9, 0xED, 0xCF, 0xE0, 0xBB, 0x1B, 0x68, 0x95, 0xA3, 0xB3,
    0xFF, 0x91, 0xBF, 0xF5, 0x0D, 0x9A, 0x66, 0x0C, 0xE9, 0xFB, 0xEA, 0x5B, 0xE5, 0x9B, 0x37, 0x48,
    0xB4, 0x53, 0xEC, 0x91, 0xD4, 0x6F, 0xE6, 0xBF, 0xBC, 0xFE, 0x75, 0x2E, 0xAE, 0xF9, 0x37, 0x7F,
    0xFC, 0xB3, 0xFC, 0xDF, 0x7F, 0x3C, 0x5F, 0xA0, 0x8F, 0x2F, 0xFA, 0xFA, 0xF5, 0x1B, 0xD9, 0xB8,
    0xAE, 0x53, 0x3C, 0xB9, 0x18, 0x7C, 0xFA, 0x1B, 0x22, 0xD9, 0xB8, 0x10, 0x94, 0x52, 0x3A, 0x8D,
    0x1F, 0x46, 0x62, 0x74, 0x9A, 0x44, 0x45, 0x4A, 0x92, 0x9C, 0x8F, 0xF2, 0x57, 0xE0, 0x88, 0x59,
    0x21, 0x61, 0xFA, 0xF8, 0x7C, 0x03, 0x19, 0x92, 0x25, 0xA2, 0xCF, 0x86, 0xB5, 0x7B, 0x14, 0xB5,
    0x67, 0xEC, 0xC1, 0x86, 0x63, 0x7C, 0x0C, 0x16, 0xD7, 0x5C, 0xE2, 0x2C, 0x3E, 0x51, 0xBD, 0x6E,
    0x08, 0x57, 0xCE, 0x3B, 0x57, 0x95, 0xC3, 0x20, 0xDD, 0x85, 0x09, 0xC8, 0x4F, 0xAA, 0x6F, 0x05,
    0x91, 0xBF, 0x28, 0xE4, 0x3F, 0x2A, 0x8B, 0xC0, 0xDF, 0xBC, 0x42, 0x2F, 0x35, 0xF7, 0xDE, 0xA3,
    0xA3, 0x30, 0xE0, 0x76, 0x6C, 0x14, 0x90, 0xB3, 0x38, 0xB2, 0x82, 0x51, 0xE0, 0x5E, 0x2B, 0x77,
    0x01, 0xA3, 0xA0, 0x64, 0xFD, 0xB1, 0xBB, 0xFE, 0x06, 0x00, 0xB7, 0xB1, 0x46, 0x41, 0x7B, 0x74,
    0x56, 0xFF, 0x65, 0x6F, 0x14, 0x96, 0xBD, 0x47, 0x5F, 0xDA, 0x03, 0xA2, 0x81, 0xCE, 0xAA, 0x8B,
    0x8C, 0xA7, 0x0B, 0xF2, 0x61, 0x1A, 0x75, 0xF3, 0x6E, 0x8D, 0x82, 0xDB, 0xD9, 0xBE, 0x80, 0xF0,
    0xF5, 0xD2, 0x18, 0x85, 0x11, 0x27, 0xBD, 0xBC, 0x67, 0xC1, 0x87, 0xD2, 0x54, 0xE5, 0x24, 0x41,
    0x10, 0xA9, 0x2A, 0x27, 0x6C, 0x40, 0x54, 0xE5, 0x84, 0x49, 0x55, 0x39, 0x49, 0x6D, 0xE5, 0x64,
    0xD8, 0x2D, 0xCB, 0xA4, 0x32, 0x0A, 0x20, 0xB5, 0x51, 0x40, 0x5B, 0xBC, 0x36, 0x0A, 0x68, 0xFD,
    0xD6, 0x46, 0x81, 0xA6, 0xF3, 0xE0, 0x84, 0x6A, 0x27, 0xC8, 0x84, 0x39, 0x2F, 0xE4, 0x00, 0x56,
    0xF9, 0x96, 0x1A, 0xC0, 0x3E, 0xEA, 0xA2, 0x2F, 0xE3, 0x99, 0xBB, 0x02, 0x36, 0xE6, 0x3E, 0xE9,
    0x0A, 0x7B, 0x16, 0xDB, 0x08, 0xBF, 0x5E, 0xDD, 0x22, 0x60, 0x3D, 0x54, 0xD2, 0xA0, 0xAA, 0xCD,
    0x2C, 0x44, 0x64, 0xFE, 0x98, 0xF0, 0xF2, 0x59, 0xF3, 0x50, 0x40, 0x22, 0x73, 0x36, 0x3E, 0x57,
    0x8E, 0xEB, 0x47, 0xC2, 0xFA, 0x8A, 0x78, 0x3C, 0xBD, 0x56, 0x26, 0xF5, 0x23, 0x51, 0x7D, 0x41,
    0x5C, 0x60, 0xF2, 0xA1, 0xB0, 0xBA, 0x22, 0x9E, 0x48, 0xBF, 0x46, 0x64, 0xE8, 0xD0, 0x6D, 0xC9,
    0x61, 0x2F, 0x4F, 0x6A, 0x1F, 0x0D, 0xE6, 0xA7, 0x44, 0x40, 0xC0, 0xBA, 0x0D, 0xDA, 0x96, 0x49,
    0xEB, 0x09, 0xD8, 0xC9, 0x02, 0x32, 0xD9, 0x00, 0xD8, 0xC3, 0x99, 0x6A, 0x24, 0x21, 0x60, 0xCD,
    0x1E, 0x16, 0xAD, 0xE3, 0x2B, 0x7F, 0x41, 0xD4, 0xEF, 0x7F, 0x17, 0xC0, 0xFE, 0x10, 0x7B, 0x58,
    0xFF, 0xF6, 0xD7, 0x08, 0xD5, 0xF8, 0xE8, 0xC3, 0x0F, 0x9F, 0x00, 0xB0, 0x68, 0xBA, 0x14, 0x7F,
    0x72, 0xFC, 0x8E, 0xED, 0x63, 0x80, 0xA5, 0x81, 0x65, 0xF2, 0x7D, 0x08, 0xD5, 0x8E, 0x65, 0xF6,
    0x0C, 0x03, 0x4E, 0x49, 0x33, 0xB0, 0x15, 0x7F, 0x32, 0x03, 0x9B, 0xA9, 0x6D, 0x6D, 0x61, 0x3E,
    0x59, 0x01, 0x1B, 0xD7, 0xA9, 0x99, 0xCE, 0x4A, 0x7D, 0x55, 0x6D, 0x85, 0x06, 0x9B, 0x1E, 0xB2,
    0x60, 0xCC, 0x63, 0x05, 0x7B, 0xAA, 0xE7, 0x55, 0x6B, 0x52, 0xAB, 0x0E, 0xFB, 0xC3, 0xD4, 0xCF,
    0x27, 0x95, 0xAF, 0x12, 0xCF, 0x58, 0x1C, 0xDE, 0xD4, 0x67, 0x18, 0x60, 0x2E, 0xFD, 0x72, 0xA4,
    0xCB, 0xEE, 0x74, 0xA5, 0x4D, 0x8A, 0xDD, 0x61, 0x11, 0xBB, 0xAF, 0x5C, 0x37, 0xCD, 0x7E, 0xA7,
    0x15, 0x74, 0x7F, 0xFB, 0xA3, 0x7D, 0x7F, 0xFB, 0x9A, 0xBB, 0x5F, 0x7F, 0xBB, 0xF3, 0xFC, 0x41,
    0xCA, 0x3B, 0x6E, 0xF6, 0xEB, 0xE4, 0x99, 0xF5, 0xD5, 0xF3, 0xE1, 0x74, 0x46, 0xC6, 0xE5, 0x1B,
    0x8D, 0xC5, 0xD4, 0xF9, 0x8B, 0xC5, 0x38, 0x8D, 0x45, 0xA8, 0xA6, 0xBD, 0xFF, 0x1D, 0x7D, 0x01,
    0xC6, 0x8D, 0xAF, 0xBD, 0x1D, 0xB0, 0xEF, 0x74, 0xA4, 0xFB, 0x03, 0xD9, 0x3E, 0x86, 0x92, 0xDD,
    0xE2, 0xF8, 0x2C, 0x94, 0xFC, 0x4D, 0x62, 0xD0, 0xD8, 0x09, 0x02, 0x86, 0x93, 0x0D, 0x34, 0x56,
    0x71, 0x6D, 0xF6, 0x76, 0xBB, 0x13, 0xE7, 0xC5, 0x69, 0x95, 0x35, 0x7F, 0x95, 0xBF, 0x98, 0xE9,
    0x02, 0x4C, 0xF1, 0x55, 0x72, 0x47, 0xA9, 0x8B, 0x18, 0x5C, 0xC4, 0x3F, 0xA2, 0xA8, 0xED, 0x47,
    0x73, 0x98, 0x62, 0x14, 0x3D, 0x50, 0xD7, 0x80, 0x29, 0x06, 0xA9, 0x4C, 0x31, 0x36, 0xE4, 0xD0,
    0xD9, 0x83, 0x8D, 0x8A, 0xEB, 0xAD, 0xB8, 0x1A, 0xF2, 0x9E, 0x31, 0x0A, 0x51, 0x8D, 0xDA, 0x65,
    0xD4, 0xBB, 0xFD, 0x30, 0xC5, 0x87, 0x74, 0x5F, 0xD3, 0xDE, 0x16, 0x2D, 0x5F, 0xDA, 0x86, 0x0F,
    0xC6, 0x4D, 0xF7, 0xB7, 0xF3, 0xF7, 0x41, 0xE9, 0xFE, 0xF6, 0xE5, 0xA0, 0xBF, 0x5D, 0x9B, 0x62,
    0xAF, 0xEF, 0x6F, 0x57, 0xB1, 0x1C, 0x03, 0xEB, 0xEC, 0x02, 0xD6, 0x9A, 0xE2, 0x95, 0xE7, 0x7F,
    0xC3, 0x9A, 0x2A, 0x55, 0x04, 0xBD, 0xEB, 0x4B, 0x18, 0x0E, 0xF2, 0xB1, 0xF7, 0x38, 0xF0, 0x7E,
    0xC7, 0xDE, 0x3B, 0x3E, 0x22, 0xC6, 0xC0, 0xAA, 0x68, 0x9B, 0x81, 0x4D, 0x29, 0x21, 0xD5, 0x6D,
    0xD0, 0x17, 0xF9, 0xC0, 0x15, 0x03, 0x7B, 0x9C, 0x8B, 0x66, 0x1F, 0x76, 0xCB, 0x3E, 0xB8, 0xC0,
    0x2A, 0x84, 0x18, 0xD8, 0x8B, 0xFA, 0xA0, 0xDC, 0xC8, 0xA0, 0xB9, 0x37, 0xA3, 0x52, 0xC8, 0x7F,
    0xD8, 0x2D, 0xDB, 0x03, 0xAB, 0xE2, 0x6A, 0x15, 0x3C, 0xC1, 0x90, 0xCA, 0x39, 0xEF, 0x27, 0xF2,
    0xB7, 0x2B, 0x34, 0x04, 0xAC, 0x73, 0x5B, 0x8E, 0xC5, 0x6D, 0xB9, 0x85, 0x72, 0xC8, 0xCB, 0x72,
    0xE4, 0xFE, 0x44, 0x8E, 0x08, 0x58, 0xEF, 0xA5, 0x45, 0xE8, 0x5D, 0x5B, 0x86, 0x04, 0x2C, 0x62,
    0x2B, 0x8E, 0xAF, 0x92, 0x5D, 0xE4, 0x5C, 0x8C, 0x28, 0x81, 0x1A, 0x11, 0xC9, 0x56, 0xBD, 0xA1,
    0x1F, 0x02, 0xF6, 0x2A, 0xD9, 0x74, 0xFC, 0x10, 0xB0, 0x31, 0x1F, 0x2C, 0xE5, 0xDE, 0x3B, 0x3D,
    0x87, 0xFB, 0xD0, 0x7B, 0xC7, 0x0E, 0x50, 0x01, 0x5B, 0xF4, 0xA9, 0xF2, 0xFD, 0x00, 0xF6, 0xFF,
    0x01,
};

static const EpdGlyph lexenddeca_20_italicGlyphs[] = {
    { 0, 0, 0, 0, 0, 0, 0 }, // U+0000
    { 0, 0, 0, 0, 0, 0, 0 }, // U+0001
    { 0, 0, 0, 0, 0, 0, 0 }, // U+0002
    { 0, 0, 0, 0, 0, 0, 0 }, // U+0003
    { 0, 0, 0, 0, 0, 0, 0 }, // U+0004
    { 0, 0, 0, 0, 0, 0, 0 }, // U+0005
    { 0, 0, 0, 0, 0, 0, 0 }, // U+0006
    { 0, 0, 0, 0, 0, 0, 0 }, // U+0007
    { 0, 0, 0, 0, 0, 0, 0 }, // U+0008
    { 0, 0, 0, 0, 0, 0, 0 }, // U+0009
    { 0, 0, 0, 0, 0, 0, 0 }, // U+000A
    { 0, 0, 0, 0, 0, 0, 0 }, // U+000B
    { 0, 0, 0, 0, 0, 0, 0 }, // U+000C
    { 0, 0, 0, 0, 0, 0, 0 }, // U+000D
    { 0, 0, 0, 0, 0, 0, 0 }, // U+000E
    { 0, 0, 0, 0, 0, 0, 0 }, // U+000F
    { 0, 0, 0, 0, 0, 0, 0 }, // U+0010
    { 0, 0, 0, 0, 0, 0, 0 }, // U+0011
    { 0, 0, 0, 0, 0, 0, 0 }, // U+0012
    { 0, 0, 0, 0, 0, 0, 0 }, // U+0013
    { 0, 0, 0, 0, 0, 0, 0 }, // U+0014
    { 0, 0, 0, 0, 0, 0, 0 }, // U+0015
    { 0, 0, 0, 0, 0, 0, 0 }, // U+0016
    { 0, 0, 0, 0, 0, 0, 0 }, // U+0017
    { 0, 0, 0, 0, 0, 0, 0 }, // U+0018
    { 0, 0, 0, 0, 0, 0, 0 }, // U+0019
    { 0, 0, 0, 0, 0, 0, 0 }, // U+001A
    { 0, 0, 0, 0, 0, 0, 0 }, // U+001B
    { 0, 0, 0, 0, 0, 0, 0 }, // U+001C
    { 0, 0, 0, 0, 0, 0, 0 }, // U+001D
    { 0, 0, 0, 0, 0, 0, 0 }, // U+001E
    { 0, 0, 0, 0, 0, 0, 0 }, // U+001F
    { 0, 0, 187, 0, 0, 0, 0 }, // U+0020
    { 11, 29, 189, 1, 28, 80, 0 }, // !
    { 11, 9, 223, 3, 28, 25, 80 }, // "
    { 25, 28, 423, 1, 28, 175, 105 }, // #
    { 23, 35, 407, 1, 32, 202, 280 }, // $
    { 36, 30, 667, 3, 29, 270, 482 }, // %
    { 26, 30, 461, 0, 29, 195, 752 }, // &
    { 5, 9, 129, 3, 28, 12, 947 }, // '
    { 14, 35, 201, 1, 28, 123, 959 }, // (
    { 14, 35, 201, -3, 28, 123, 1082 }, // )
    { 13, 13, 293, 4, 28, 43, 1205 }, // *
    { 22, 21, 413, 1, 21, 116, 1248 }, // +
    { 7, 11, 139, -2, 5, 20, 1364 }, // ,
    { 14, 4, 248, 1, 13, 14, 1384 }, // -
    { 7, 6, 139, -1, 5, 11, 1398 }, // .
    { 22, 28, 247, -3, 28, 154, 1409 }, // /
    { 24, 30, 436, 2, 29, 180, 1563 }, // 0
    { 14, 28, 269, 3, 28, 98, 1743 }, // 1
    { 24, 29, 377, -1, 29, 174, 1841 }, // 2
    { 22, 30, 387, 1, 29, 165, 2015 }, // 3
    { 25, 28, 424, 0, 28, 175, 2180 }, // 4
    { 23, 29, 383, 1, 28, 167, 2355 }, // 5
    { 22, 30, 403, 2, 29, 165, 2522 }, // 6
    { 23, 28, 358, 1, 28, 161, 2687 }, // 7
    { 22, 30, 411, 1, 29, 165, 2848 }, // 8
    { 21, 29, 401, 3, 29, 153, 3013 }, // 9
    { 10, 22, 139, -1, 21, 55, 3166 }, // :
    { 11, 26, 140, -2, 21, 72, 3221 }, // ;
    { 21, 21, 409, 1, 21, 111, 3293 }, // <
    { 22, 11, 439, 2, 16, 61, 3404 }, // =
    { 21, 21, 409, 3, 21, 111, 3465 }, // >
    { 19, 30, 351, 3, 29, 143, 3576 }, // ?
    { 29, 30, 523, 2, 29, 218, 3719 }, // @
    { 27, 28, 418, -3, 28, 189, 3937 }, // A
    { 26, 28, 417, 0, 28, 182, 4126 }, // B
    { 26, 30, 441, 2, 29, 195, 4308 }, // C
    { 27, 28, 449, 0, 28, 189, 4503 }, // D
    { 26, 28, 377, 0, 28, 182, 4692 }, // E
    { 25, 28, 364, 0, 28, 175, 4874 }, // F
    { 26, 30, 475, 2, 29, 195, 5049 }, // G
    { 30, 28, 463, 0, 28, 210, 5244 }, // H
    { 18, 28, 276, 0, 28, 126, 5454 }, // I
    { 23, 29, 339, -1, 28, 167, 5580 }, // J
    { 28, 28, 415, 0, 28, 196, 5747 }, // K
    { 21, 28, 361, 0, 28, 147, 5943 }, // L
    { 35, 28, 549, 0, 28, 245, 6090 }, // M
    { 30, 28, 462, 0, 28, 210, 6335 }, // N
    { 27, 29, 485, 2, 29, 196, 6545 }, // O
    { 26, 28, 398, 0, 28, 182, 6741 }, // P
    { 27, 32, 499, 2, 29, 216, 6923 }, // Q
    { 26, 28, 407, 0, 28, 182, 7139 }, // R
    { 23, 30, 406, 1, 29, 173, 7321 }, // S
    { 24, 28, 372, 3, 28, 168, 7494 }, // T
    { 28, 29, 462, 2, 28, 203, 7662 }, // U
    { 25, 28, 395, 3, 28, 175, 7865 }, // V
    { 36, 28, 563, 3, 28, 252, 8040 }, // W
    { 32, 28, 416, -3, 28, 224, 8292 }, // X
    { 25, 28, 399, 3, 28, 175, 8516 }, // Y
    { 28, 28, 409, -1, 28, 196, 8691 }, // Z
    { 17, 35, 211, -1, 28, 149, 8887 }, // [
    { 16, 28, 346, 3, 28, 112, 9036 }, // <backslash>
    { 17, 35, 211, -3, 28, 149, 9148 }, // ]
    { 20, 15, 368, 1, 28, 75, 9297 }, // ^
    { 17, 4, 275, -2, 1, 17, 9372 }, // _
    { 7, 6, 181, 5, 30, 11, 9389 }, // `
    { 20, 22, 347, 0, 21, 110, 9400 }, // a
    { 22, 29, 370, 0, 28, 160, 9510 }, // b
    { 20, 22, 330, 1, 21, 110, 9670 }, // c
    { 23, 29, 370, 1, 28, 167, 9780 }, // d
    { 21, 22, 361, 1, 21, 116, 9947 }, // e
    { 15, 30, 213, 1, 30, 113, 10063 }, // f
    { 23, 29, 370, -1, 21, 167, 10176 }, // g
    { 21, 28, 365, 0, 28, 147, 10343 }, // h
    { 12, 30, 180, 1, 30, 90, 10490 }, // i
    { 19, 36, 172, -7, 29, 171, 10580 }, // j
    { 21, 28, 325, 0, 28, 147, 10751 }, // k
    { 9, 28, 173, 1, 28, 63, 10898 }, // l
    { 33, 21, 564, 0, 21, 174, 10961 }, // m
    { 21, 21, 367, 0, 21, 111, 11135 }, // n
    { 20, 21, 365, 1, 21, 105, 11246 }, // o
    { 24, 28, 371, -2, 21, 168, 11351 }, // p
    { 22, 29, 370, 1, 21, 160, 11519 }, // q
    { 16, 21, 235, 0, 21, 84, 11679 }, // r
    { 18, 22, 319, 0, 21, 99, 11763 }, // s
    { 12, 26, 216, 2, 26, 78, 11862 }, // t
    { 21, 22, 360, 1, 21, 116, 11940 }, // u
    { 20, 21, 296, 1, 21, 105, 12056 }, // v
    { 29, 21, 439, 1, 21, 153, 12161 }, // w
    { 25, 21, 308, -3, 21, 132, 12314 }, // x
    { 23, 28, 290, -3, 21, 161, 12446 }, // y
    { 21, 21, 311, -1, 21, 111, 12607 }, // z
    { 16, 35, 215, 0, 28, 140, 12718 }, // {
    { 4, 35, 193, 4, 28, 35, 12858 }, // |
    { 15, 35, 215, -3, 28, 132, 12893 }, // }
    { 20, 6, 359, 1, 14, 30, 13025 }, // ~
    { 0, 0, 0, 0, 0, 0, 13055 }, // U+007F
    { 0, 0, 0, 0, 0, 0, 0 }, // U+0080
    { 0, 0, 0, 0, 0, 0, 0 }, // U+0081
    { 0, 0, 0, 0, 0, 0, 0 }, // U+0082
    { 0, 0, 0, 0, 0, 0, 0 }, // U+0083
    { 0, 0, 0, 0, 0, 0, 0 }, // U+0084
    { 0, 0, 0, 0, 0, 0, 0 }, // U+0085
    { 0, 0, 0, 0, 0, 0, 0 }, // U+0086
    { 0, 0, 0, 0, 0, 0, 0 }, // U+0087
    { 0, 0, 0, 0, 0, 0, 0 }, // U+0088
    { 0, 0, 0, 0, 0, 0, 0 }, // U+0089
    { 0, 0, 0, 0, 0, 0, 0 }, // U+008A
    { 0, 0, 0, 0, 0, 0, 0 }, // U+008B
    { 0, 0, 0, 0, 0, 0, 0 }, // U+008C
    { 0, 0, 0, 0, 0, 0, 0 }, // U+008D
    { 0, 0, 0, 0, 0, 0, 0 }, // U+008E
    { 0, 0, 0, 0, 0, 0, 0 }, // U+008F
    { 0, 0, 0, 0, 0, 0, 0 }, // U+0090
    { 0, 0, 0, 0, 0, 0, 0 }, // U+0091
    { 0, 0, 0, 0, 0, 0, 0 }, // U+0092
    { 0, 0, 0, 0, 0, 0, 0 }, // U+0093
    { 0, 0, 0, 0, 0, 0, 0 }, // U+0094
    { 0, 0, 0, 0, 0, 0, 0 }, // U+0095
    { 0, 0, 0, 0, 0, 0, 0 }, // U+0096
    { 0, 0, 0, 0, 0, 0, 0 }, // U+0097
    { 0, 0, 0, 0, 0, 0, 0 }, // U+0098
    { 0, 0, 0, 0, 0, 0, 0 }, // U+0099
    { 0, 0, 0, 0, 0, 0, 0 }, // U+009A
    { 0, 0, 0, 0, 0, 0, 0 }, // U+009B
    { 0, 0, 0, 0, 0, 0, 0 }, // U+009C
    { 0, 0, 0, 0, 0, 0, 0 }, // U+009D
    { 0, 0, 0, 0, 0, 0, 0 }, // U+009E
    { 0, 0, 0, 0, 0, 0, 0 }, // U+009F
    { 0, 0, 187, 0, 0, 0, 0 }, // U+00A0
    { 11, 28, 189, 0, 21, 77, 0 }, // U+00A1
    { 19, 28, 328, 1, 24, 133, 77 }, // U+00A2
    { 25, 30, 390, 0, 29, 188, 210 }, // U+00A3
    { 20, 20, 444, 4, 23, 100, 398 }, // U+00A4
    { 27, 28, 399, 1, 28, 189, 498 }, // U+00A5
    { 4, 35, 193, 4, 28, 35, 687 }, // U+00A6
    { 25, 37, 351, -2, 29, 232, 722 }, // U+00A7
    { 14, 4, 285, 5, 29, 14, 954 }, // U+00A8
    { 30, 30, 543, 2, 30, 225, 968 }, // U+00A9
    { 12, 12, 242, 3, 29, 36, 1193 }, // U+00AA
    { 22, 18, 375, 1, 20, 99, 1229 }, // U+00AB
    { 21, 14, 445, 3, 17, 74, 1328 }, // U+00AC
    { 0, 0, 0, 0, 0, 0, 1402 }, // U+00AD
    { 30, 30, 543, 2, 30, 225, 1402 }, // U+00AE
    { 14, 4, 255, 4, 29, 14, 1627 }, // U+00AF
    { 12, 13, 239, 3, 30, 39, 1641 }, // U+00B0
    { 21, 21, 435, 2, 21, 111, 1680 }, // U+00B1
    { 14, 16, 256, 2, 33, 56, 1791 }, // U+00B2
    { 14, 16, 263, 3, 33, 56, 1847 }, // U+00B3
    { 9, 6, 181, 4, 30, 14, 1903 }, // U+00B4
    { 24, 28, 369, -2, 21, 168, 1917 }, // U+00B5
    { 21, 35, 348, 3, 28, 184, 2085 }, // U+00B6
    { 6, 5, 157, 2, 13, 8, 2269 }, // U+00B7
    { 9, 9, 196, -1, 1, 21, 2277 }, // U+00B8
    { 8, 16, 171, 4, 33, 32, 2298 }, // U+00B9
    { 13, 13, 255, 3, 30, 43, 2330 }, // U+00BA
    { 21, 18, 370, 0, 20, 95, 2373 }, // U+00BB
    { 27, 28, 549, 4, 28, 189, 2468 }, // U+00BC
    { 28, 28, 535, 3, 28, 196, 2657 }, // U+00BD
    { 32, 29, 604, 3, 29, 232, 2853 }, // U+00BE
    { 19, 29, 351, -1, 22, 138, 3085 }, // U+00BF
    { 27, 37, 418, -3, 37, 250, 3223 }, // U+00C0
    { 27, 37, 418, -3, 37, 250, 3473 }, // U+00C1
    { 27, 36, 418, -3, 36, 243, 3723 }, // U+00C2
    { 28, 36, 418, -3, 36, 252, 3966 }, // U+00C3
    { 27, 36, 418, -3, 36, 243, 4218 }, // U+00C4
    { 27, 35, 418, -3, 35, 237, 4461 }, // U+00C5
    { 46, 28, 658, -3, 28, 322, 4698 }, // U+00C6
    { 26, 37, 441, 2, 29, 241, 5020 }, // U+00C7
    { 26, 37, 377, 0, 37, 241, 5261 }, // U+00C8
    { 26, 37, 377, 0, 37, 241, 5502 }, // U+00C9
    { 26, 36, 377, 0, 36, 234, 5743 }, // U+00CA
    { 26, 36, 377, 0, 36, 234, 5977 }, // U+00CB
    { 18, 37, 276, 0, 37, 167, 6211 }, // U+00CC
    { 18, 37, 276, 0, 37, 167, 6378 }, // U+00CD
    { 20, 36, 276, 0, 36, 180, 6545 }, // U+00CE
    { 20, 36, 276, 0, 36, 180, 6725 }, // U+00CF
    { 29, 28, 473, 0, 28, 203, 6905 }, // U+00D0
    { 30, 36, 462, 0, 36, 270, 7108 }, // U+00D1
    { 27, 38, 485, 2, 37, 257, 7378 }, // U+00D2
    { 27, 38, 485, 2, 37, 257, 7635 }, // U+00D3
    { 27, 37, 485, 2, 36, 250, 7892 }, // U+00D4
    { 27, 37, 485, 2, 36, 250, 8142 }, // U+00D5
    { 27, 37, 485, 2, 36, 250, 8392 }, // U+00D6
    { 18, 19, 395, 3, 20, 86, 8642 }, // U+00D7
    { 31, 30, 483, 0, 29, 233, 8728 }, // U+00D8
    { 28, 38, 462, 2, 37, 266, 8961 }, // U+00D9
    { 28, 38, 462, 2, 37, 266, 9227 }, // U+00DA
    { 28, 37, 462, 2, 36, 259, 9493 }, // U+00DB
    { 28, 37, 462, 2, 36, 259, 9752 }, // U+00DC
    { 25, 37, 399, 3, 37, 232, 10011 }, // U+00DD
    { 24, 28, 389, 0, 28, 168, 10243 }, // U+00DE
    { 24, 30, 403, 0, 29, 180, 10411 }, // U+00DF
    { 20, 31, 347, 0, 30, 155, 10591 }, // U+00E0
    { 20, 31, 347, 0, 30, 155, 10746 }, // U+00E1
    { 21, 30, 347, 0, 29, 158, 10901 }, // U+00E2
    { 22, 30, 347, 0, 29, 165, 11059 }, // U+00E3
    { 21, 30, 347, 0, 29, 158, 11224 }, // U+00E4
    { 20, 33, 347, 0, 32, 165, 11382 }, // U+00E5
    { 35, 22, 580, 0, 21, 193, 11547 }, // U+00E6
    { 20, 29, 330, 1, 21, 145, 11740 }, // U+00E7
    { 21, 31, 361, 1, 30, 163, 11885 }, // U+00E8
    { 21, 31, 361, 1, 30, 163, 12048 }, // U+00E9
    { 21, 30, 361, 1, 29, 158, 12211 }, // U+00EA
    { 21, 30, 361, 1, 29, 158, 12369 }, // U+00EB
    { 9, 30, 165, 1, 30, 68, 12527 }, // U+00EC
    { 12, 30, 165, 1, 30, 90, 12595 }, // U+00ED
    { 15, 29, 165, 0, 29, 109, 12685 }, // U+00EE
    { 14, 29, 165, 1, 29, 102, 12794 }, // U+00EF
    { 21, 30, 379, 1, 29, 158, 12896 }, // U+00F0
    { 23, 29, 367, 0, 29, 167, 13054 }, // U+00F1
    { 20, 31, 365, 1, 30, 155, 13221 }, // U+00F2
    { 20, 31, 365, 1, 30, 155, 13376 }, // U+00F3
    { 20, 30, 365, 1, 29, 150, 13531 }, // U+00F4
    { 21, 30, 365, 1, 29, 158, 13681 }, // U+00F5
    { 20, 30, 365, 1, 29, 150, 13839 }, // U+00F6
    { 21, 19, 413, 2, 20, 100, 13989 }, // U+00F7
    { 24, 23, 365, -1, 22, 138, 14089 }, // U+00F8
    { 21, 31, 360, 1, 30, 163, 14227 }, // U+00F9
    { 21, 30, 360, 1, 29, 158, 14390 }, // U+00FA
    { 21, 30, 360, 1, 29, 158, 14548 }, // U+00FB
    { 21, 30, 360, 1, 29, 158, 14706 }, // U+00FC
    { 23, 36, 290, -3, 29, 207, 14864 }, // U+00FD
    { 24, 35, 371, -2, 28, 210, 15071 }, // U+00FE
    { 23, 36, 290, -3, 29, 207, 15281 }, // U+00FF
    { 27, 36, 418, -3, 36, 243, 0 }, // U+0100
    { 21, 29, 347, 0, 28, 153, 243 }, // U+0101
    { 27, 36, 418, -3, 36, 243, 396 }, // U+0102
    { 21, 30, 347, 0, 29, 158, 639 }, // U+0103
    { 27, 36, 418, -3, 28, 243, 797 }, // U+0104
    { 20, 29, 347, 0, 21, 145, 1040 }, // U+0105
    { 26, 38, 441, 2, 37, 247, 1185 }, // U+0106
    { 20, 31, 330, 1, 30, 155, 1432 }, // U+0107
    { 26, 37, 441, 2, 36, 241, 1587 }, // U+0108
    { 20, 30, 330, 1, 29, 150, 1828 }, // U+0109
    { 26, 37, 441, 2, 36, 241, 1978 }, // U+010A
    { 20, 30, 330, 1, 29, 150, 2219 }, // U+010B
    { 26, 37, 441, 2, 36, 241, 2369 }, // U+010C
    { 20, 30, 330, 1, 29, 150, 2610 }, // U+010D
    { 27, 36, 449, 0, 36, 243, 2760 }, // U+010E
    { 29, 30, 396, 1, 29, 218, 3003 }, // U+010F
    { 28, 28, 487, 1, 28, 196, 3221 }, // U+0110
    { 26, 29, 401, 1, 28, 189, 3417 }, // U+0111
    { 26, 36, 377, 0, 36, 234, 3606 }, // U+0112
    { 21, 29, 361, 1, 28, 153, 3840 }, // U+0113
    { 26, 36, 377, 0, 36, 234, 3993 }, // U+0114
    { 21, 30, 361, 1, 29, 158, 4227 }, // U+0115
    { 26, 36, 377, 0, 36, 234, 4385 }, // U+0116
    { 21, 30, 361, 1, 29, 158, 4619 }, // U+0117
    { 26, 36, 377, 0, 28, 234, 4777 }, // U+0118
    { 21, 28, 361, 1, 21, 147, 5011 }, // U+0119
    { 26, 36, 377, 0, 36, 234, 5158 }, // U+011A
    { 21, 30, 361, 1, 29, 158, 5392 }, // U+011B
    { 26, 37, 475, 2, 36, 241, 5550 }, // U+011C
    { 23, 37, 370, -1, 29, 213, 5791 }, // U+011D
    { 26, 37, 475, 2, 36, 241, 6004 }, // U+011E
    { 23, 37, 370, -1, 29, 213, 6245 }, // U+011F
    { 26, 37, 475, 2, 36, 241, 6458 }, // U+0120
    { 23, 37, 370, -1, 29, 213, 6699 }, // U+0121
    { 26, 39, 475, 2, 29, 254, 6912 }, // U+0122
    { 23, 40, 370, -1, 32, 230, 7166 }, // U+0123
    { 30, 36, 463, 0, 36, 270, 7396 }, // U+0124
    { 21, 36, 365, 0, 36, 189, 7666 }, // U+0125
    { 32, 28, 473, 0, 28, 224, 7855 }, // U+0126
    { 21, 28, 387, 1, 28, 147, 8079 }, // U+0127
    { 21, 36, 276, 0, 36, 189, 8226 }, // U+0128
    { 16, 29, 165, 0, 29, 116, 8415 }, // U+0129
    { 20, 36, 276, 0, 36, 180, 8531 }, // U+012A
    { 14, 28, 165, 1, 28, 98, 8711 }, // U+012B
    { 20, 36, 276, 0, 36, 180, 8809 }, // U+012C
    { 14, 29, 165, 1, 29, 102, 8989 }, // U+012D
    { 18, 36, 276, 0, 28, 162, 9091 }, // U+012E
    { 16, 37, 180, -3, 30, 148, 9253 }, // U+012F
    { 18, 36, 276, 0, 36, 162, 9401 }, // U+0130
    { 9, 21, 165, 1, 21, 48, 9563 }, // U+0131
    { 39, 29, 615, 0, 28, 283, 9611 }, // U+0132
    { 22, 36, 352, 1, 29, 198, 9894 }, // U+0133
    { 28, 37, 339, -1, 36, 259, 10092 }, // U+0134
    { 22, 36, 172, -7, 29, 198, 10351 }, // U+0135
    { 28, 38, 415, 0, 28, 266, 10549 }, // U+0136
    { 21, 38, 325, 0, 28, 200, 10815 }, // U+0137
    { 21, 21, 325, 0, 21, 111, 11015 }, // U+0138
    { 21, 37, 361, 0, 37, 195, 11126 }, // U+0139
    { 14, 37, 173, 1, 37, 130, 11321 }, // U+013A
    { 21, 38, 361, 0, 28, 200, 11451 }, // U+013B
    { 12, 38, 173, -2, 28, 114, 11651 }, // U+013C
    { 23, 29, 361, 0, 29, 167, 11765 }, // U+013D
    { 15, 29, 173, 1, 29, 109, 11932 }, // U+013E
    { 21, 28, 361, 0, 28, 147, 12041 }, // U+013F
    { 14, 28, 247, 1, 28, 98, 12188 }, // U+0140
    { 22, 28, 381, 0, 28, 154, 12286 }, // U+0141
    { 13, 28, 182, 0, 28, 91, 12440 }, // U+0142
    { 30, 37, 462, 0, 37, 278, 12531 }, // U+0143
    { 21, 30, 367, 0, 30, 158, 12809 }, // U+0144
    { 30, 38, 462, 0, 28, 285, 12967 }, // U+0145
    { 21, 31, 367, 0, 21, 163, 13252 }, // U+0146
    { 30, 36, 462, 0, 36, 270, 13415 }, // U+0147
    { 23, 29, 367, 0, 29, 167, 13685 }, // U+0148
    { 26, 28, 495, 3, 28, 182, 13852 }, // U+0149
    { 30, 35, 462, 0, 28, 263, 14034 }, // U+014A
    { 21, 28, 367, 0, 21, 147, 14297 }, // U+014B
    { 27, 37, 485, 2, 36, 250, 14444 }, // U+014C
    { 20, 29, 365, 1, 28, 145, 14694 }, // U+014D
    { 27, 37, 485, 2, 36, 250, 14839 }, // U+014E
    { 21, 30, 365, 1, 29, 158, 15089 }, // U+014F
    { 27, 38, 485, 2, 37, 257, 15247 }, // U+0150
    { 22, 31, 365, 1, 30, 171, 15504 }, // U+0151
    { 45, 30, 713, 2, 29, 338, 15675 }, // U+0152
    { 36, 22, 607, 1, 21, 198, 16013 }, // U+0153
    { 26, 37, 407, 0, 37, 241, 16211 }, // U+0154
    { 16, 30, 235, 0, 30, 120, 16452 }, // U+0155
    { 26, 38, 407, 0, 28, 247, 16572 }, // U+0156
    { 20, 31, 235, -4, 21, 155, 16819 }, // U+0157
    { 26, 36, 407, 0, 36, 234, 16974 }, // U+0158
    { 19, 29, 235, 0, 29, 138, 17208 }, // U+0159
    { 23, 38, 406, 1, 37, 219, 17346 }, // U+015A
    { 18, 31, 319, 0, 30, 140, 17565 }, // U+015B
    { 23, 37, 406, 1, 36, 213, 17705 }, // U+015C
    { 19, 30, 319, 0, 29, 143, 17918 }, // U+015D
    { 23, 37, 406, 1, 29, 213, 18061 }, // U+015E
    { 18, 29, 319, 0, 21, 131, 18274 }, // U+015F
    { 23, 37, 406, 1, 36, 213, 18405 }, // U+0160
    { 20, 30, 319, 0, 29, 150, 18618 }, // U+0161
    { 24, 36, 372, 3, 28, 216, 18768 }, // U+0162
    { 15, 34, 216, -1, 26, 128, 18984 }, // U+0163
    { 24, 36, 372, 3, 36, 216, 19112 }, // U+0164
    { 16, 31, 216, 2, 31, 124, 19328 }, // U+0165
    { 24, 28, 372, 3, 28, 168, 19452 }, // U+0166
    { 14, 26, 216, 0, 26, 91, 19620 }, // U+0167
    { 28, 37, 462, 2, 36, 259, 19711 }, // U+0168
    { 21, 30, 360, 1, 29, 158, 19970 }, // U+0169
    { 28, 37, 462, 2, 36, 259, 20128 }, // U+016A
    { 21, 29, 360, 1, 28, 153, 20387 }, // U+016B
    { 28, 37, 462, 2, 36, 259, 20540 }, // U+016C
    { 21, 30, 360, 1, 29, 158, 20799 }, // U+016D
    { 28, 41, 462, 2, 40, 287, 20957 }, // U+016E
    { 21, 33, 360, 1, 32, 174, 21244 }, // U+016F
    { 28, 38, 462, 2, 37, 266, 21418 }, // U+0170
    { 21, 31, 360, 1, 30, 163, 21684 }, // U+0171
    { 28, 35, 462, 2, 28, 245, 21847 }, // U+0172
    { 21, 29, 360, 1, 21, 153, 22092 }, // U+0173
    { 36, 36, 563, 3, 36, 324, 22245 }, // U+0174
    { 29, 29, 439, 1, 29, 211, 22569 }, // U+0175
    { 25, 36, 399, 3, 36, 225, 22780 }, // U+0176
    { 23, 36, 290, -3, 29, 207, 23005 }, // U+0177
    { 25, 36, 399, 3, 36, 225, 23212 }, // U+0178
    { 28, 37, 409, -1, 37, 259, 23437 }, // U+0179
    { 21, 30, 311, -1, 30, 158, 23696 }, // U+017A
    { 28, 36, 409, -1, 36, 252, 23854 }, // U+017B
    { 21, 29, 311, -1, 29, 153, 24106 }, // U+017C
    { 28, 36, 409, -1, 36, 252, 24259 }, // U+017D
    { 22, 29, 311, -1, 29, 160, 24511 }, // U+017E
    { 15, 30, 213, 1, 30, 113, 24671 }, // U+017F
    { 33, 33, 485, 1, 32, 273, 0 }, // U+01A0
    { 26, 26, 380, 1, 25, 169, 273 }, // U+01A1
    { 32, 34, 473, 2, 33, 272, 442 }, // U+01AF
    { 27, 26, 376, 1, 25, 176, 714 }, // U+01B0
    { 55, 36, 858, 0, 36, 495, 890 }, // U+01C4
    { 49, 29, 761, 0, 29, 356, 1385 }, // U+01C5
    { 43, 30, 681, 1, 29, 323, 1741 }, // U+01C6
    { 44, 29, 700, 0, 28, 319, 2064 }, // U+01C7
    { 34, 36, 533, 0, 29, 306, 2383 }, // U+01C8
    { 22, 36, 345, 1, 29, 198, 2689 }, // U+01C9
    { 51, 29, 801, 0, 28, 370, 2887 }, // U+01CA
    { 41, 36, 634, 0, 29, 369, 3257 }, // U+01CB
    { 35, 36, 539, 0, 29, 315, 3626 }, // U+01CC
    { 28, 36, 418, -3, 36, 252, 3941 }, // U+01CD
    { 22, 30, 347, 0, 29, 165, 4193 }, // U+01CE
    { 28, 37, 462, 2, 36, 259, 4358 }, // U+01D3
    { 21, 30, 360, 1, 29, 158, 4617 }, // U+01D4
    { 26, 37, 475, 2, 36, 241, 4775 }, // U+01E6
    { 23, 37, 370, -1, 29, 213, 5016 }, // U+01E7
    { 27, 37, 485, 2, 29, 250, 5229 }, // U+01EA
    { 20, 29, 365, 1, 21, 145, 5479 }, // U+01EB
    { 55, 28, 858, 0, 28, 385, 5624 }, // U+01F1
    { 48, 28, 761, 0, 28, 336, 6009 }, // U+01F2
    { 42, 29, 681, 1, 28, 305, 6345 }, // U+01F3
    { 27, 44, 418, -3, 44, 297, 6650 }, // U+01FA
    { 22, 42, 347, 0, 41, 231, 6947 }, // U+01FB
    { 46, 37, 658, -3, 37, 426, 7178 }, // U+01FC
    { 35, 31, 580, 0, 30, 272, 7604 }, // U+01FD
    { 31, 38, 483, 0, 37, 295, 7876 }, // U+01FE
    { 24, 31, 365, -1, 30, 186, 8171 }, // U+01FF
    { 23, 39, 406, 1, 29, 225, 8357 }, // U+0218
    { 18, 31, 319, 0, 21, 140, 8582 }, // U+0219
    { 24, 38, 372, 3, 28, 228, 8722 }, // U+021A
    { 16, 36, 216, -2, 26, 144, 8950 }, // U+021B
    { 30, 36, 463, 0, 36, 270, 9094 }, // U+021E
    { 21, 36, 365, 0, 36, 189, 9364 }, // U+021F
    { 7, 6, 3, 5, 30, 11, 0 }, // U+0300
    { 8, 6, 3, 4, 30, 12, 11 }, // U+0301
    { 15, 5, 3, 3, 29, 19, 23 }, // U+0302
    { 16, 6, 3, 3, 30, 24, 42 }, // U+0303
    { 13, 4, 3, 4, 29, 13, 66 }, // U+0304
    { 13, 5, 3, 5, 28, 17, 79 }, // U+0306
    { 6, 5, 3, 4, 29, 8, 96 }, // U+0307
    { 14, 4, 3, 3, 29, 14, 104 }, // U+0308
    { 8, 8, 105, 2, 32, 16, 118 }, // U+0309
    { 10, 9, 3, 5, 32, 23, 134 }, // U+030A
    { 15, 6, 3, 2, 30, 23, 157 }, // U+030B
    { 15, 5, 3, 4, 28, 19, 180 }, // U+030C
    { 12, 8, 216, 0, 26, 24, 199 }, // U+031B
    { 6, 5, 137, -1, -4, 8, 223 }, // U+0323
    { 8, 9, 0, -3, -1, 18, 231 }, // U+0326
    { 9, 9, 0, -3, 1, 21, 249 }, // U+0327
    { 8, 7, 3, -2, 0, 14, 270 }, // U+0328
    { 0, 0, 0, 0, 0, 0, 284 }, // U+034F
    { 21, 28, 329, 0, 28, 147, 0 }, // U+03BB
    { 30, 30, 449, -3, 30, 225, 0 }, // U+0410
    { 26, 29, 397, -2, 29, 189, 225 }, // U+0411
    { 26, 29, 405, -1, 29, 189, 414 }, // U+0412
    { 27, 29, 352, -2, 29, 196, 603 }, // U+0413
    { 36, 38, 473, -4, 29, 342, 799 }, // U+0414
    { 33, 29, 475, -1, 29, 240, 1141 }, // U+0418
    { 35, 30, 465, -3, 29, 263, 1381 }, // U+041B
    { 34, 29, 483, -1, 29, 247, 1644 }, // U+041D
    { 28, 30, 473, 2, 29, 210, 1891 }, // U+041E
    { 34, 29, 484, -1, 29, 247, 2101 }, // U+041F
    { 25, 29, 377, -1, 29, 182, 2348 }, // U+0420
    { 26, 30, 420, 2, 29, 195, 2530 }, // U+0421
    { 26, 29, 391, 2, 29, 189, 2725 }, // U+0422
    { 31, 30, 464, 2, 29, 233, 2914 }, // U+0423
    { 31, 29, 422, -2, 29, 225, 3147 }, // U+0425
    { 25, 29, 430, 4, 29, 182, 3372 }, // U+0427
    { 39, 29, 557, -1, 29, 283, 3554 }, // U+042B
    { 25, 29, 379, -2, 29, 182, 3837 }, // U+042C
    { 41, 30, 645, -1, 29, 308, 4019 }, // U+042E
    { 31, 29, 405, -2, 29, 225, 4327 }, // U+042F
    { 21, 22, 347, 1, 21, 116, 4552 }, // U+0430
    { 23, 31, 356, 1, 30, 179, 4668 }, // U+0431
    { 20, 22, 342, 1, 21, 110, 4847 }, // U+0432
    { 19, 33, 333, 1, 32, 157, 4957 }, // U+0434
    { 17, 22, 289, 1, 21, 94, 5114 }, // U+0435
    { 19, 22, 295, -1, 21, 105, 5208 }, // U+0437
    { 21, 22, 332, 0, 21, 116, 5313 }, // U+043A
    { 24, 22, 370, 0, 21, 132, 5429 }, // U+043D
    { 19, 22, 337, 1, 21, 105, 5561 }, // U+043E
    { 25, 31, 329, -5, 21, 194, 5666 }, // U+0440
    { 33, 22, 517, 0, 21, 182, 5860 }, // U+0442
    { 21, 30, 351, 1, 21, 158, 6042 }, // U+0446
    { 17, 22, 289, 0, 21, 94, 6200 }, // U+044C
    { 32, 22, 494, -2, 21, 176, 6294 }, // U+044E
    { 27, 36, 418, -3, 28, 243, 0 }, // U+1EA0
    { 20, 29, 347, 0, 21, 145, 243 }, // U+1EA1
    { 27, 38, 418, -3, 38, 257, 388 }, // U+1EA2
    { 20, 32, 347, 0, 31, 160, 645 }, // U+1EA3
    { 34, 41, 418, -3, 41, 349, 805 }, // U+1EA4
    { 27, 37, 347, 0, 36, 250, 1154 }, // U+1EA5
    { 33, 41, 418, -3, 41, 339, 1404 }, // U+1EA6
    { 25, 36, 347, 0, 35, 225, 1743 }, // U+1EA7
    { 31, 42, 418, -3, 42, 326, 1968 }, // U+1EA8
    { 24, 37, 347, 0, 36, 222, 2294 }, // U+1EA9
    { 30, 44, 418, -3, 44, 330, 2516 }, // U+1EAA
    { 24, 38, 347, 0, 37, 228, 2846 }, // U+1EAB
    { 27, 44, 418, -3, 36, 297, 3074 }, // U+1EAC
    { 21, 37, 347, 0, 29, 195, 3371 }, // U+1EAD
    { 27, 45, 418, -3, 45, 304, 3566 }, // U+1EAE
    { 21, 38, 347, 0, 37, 200, 3870 }, // U+1EAF
    { 27, 45, 418, -3, 45, 304, 4070 }, // U+1EB0
    { 21, 38, 347, 0, 37, 200, 4374 }, // U+1EB1
    { 28, 46, 418, -3, 46, 322, 4574 }, // U+1EB2
    { 21, 40, 347, 0, 39, 210, 4896 }, // U+1EB3
    { 30, 43, 418, -3, 43, 323, 5106 }, // U+1EB4
    { 24, 38, 347, 0, 37, 228, 5429 }, // U+1EB5
    { 27, 44, 418, -3, 36, 297, 5657 }, // U+1EB6
    { 21, 37, 347, 0, 29, 195, 5954 }, // U+1EB7
    { 26, 36, 377, 0, 28, 234, 6149 }, // U+1EB8
    { 21, 29, 361, 1, 21, 153, 6383 }, // U+1EB9
    { 26, 38, 377, 0, 38, 247, 6536 }, // U+1EBA
    { 21, 32, 361, 1, 31, 168, 6783 }, // U+1EBB
    { 26, 36, 377, 0, 36, 234, 6951 }, // U+1EBC
    { 21, 30, 361, 1, 29, 158, 7185 }, // U+1EBD
    { 30, 41, 377, 0, 41, 308, 7343 }, // U+1EBE
    { 27, 37, 361, 1, 36, 250, 7651 }, // U+1EBF
    { 29, 41, 377, 0, 41, 298, 7901 }, // U+1EC0
    { 25, 36, 361, 1, 35, 225, 8199 }, // U+1EC1
    { 27, 42, 377, 0, 42, 284, 8424 }, // U+1EC2
    { 24, 37, 361, 1, 36, 222, 8708 }, // U+1EC3
    { 27, 44, 377, 0, 44, 297, 8930 }, // U+1EC4
    { 23, 38, 361, 1, 37, 219, 9227 }, // U+1EC5
    { 26, 44, 377, 0, 36, 286, 9446 }, // U+1EC6
    { 21, 37, 361, 1, 29, 195, 9732 }, // U+1EC7
    { 19, 38, 276, 0, 38, 181, 9927 }, // U+1EC8
    { 13, 31, 165, 1, 31, 101, 10108 }, // U+1EC9
    { 18, 36, 276, 0, 28, 162, 10209 }, // U+1ECA
    { 14, 38, 180, -1, 30, 133, 10371 }, // U+1ECB
    { 27, 37, 485, 2, 29, 250, 10504 }, // U+1ECC
    { 20, 29, 365, 1, 21, 145, 10754 }, // U+1ECD
    { 27, 39, 485, 2, 38, 264, 10899 }, // U+1ECE
    { 20, 32, 365, 1, 31, 160, 11163 }, // U+1ECF
    { 31, 42, 485, 2, 41, 326, 11323 }, // U+1ED0
    { 28, 37, 365, 1, 36, 259, 11649 }, // U+1ED1
    { 29, 42, 485, 2, 41, 305, 11908 }, // U+1ED2
    { 25, 36, 365, 1, 35, 225, 12213 }, // U+1ED3
    { 28, 43, 485, 2, 42, 301, 12438 }, // U+1ED4
    { 23, 37, 365, 1, 36, 213, 12739 }, // U+1ED5
    { 27, 45, 485, 2, 44, 304, 12952 }, // U+1ED6
    { 23, 38, 365, 1, 37, 219, 13256 }, // U+1ED7
    { 27, 44, 485, 2, 36, 297, 13475 }, // U+1ED8
    { 20, 37, 365, 1, 29, 185, 13772 }, // U+1ED9
    { 33, 37, 485, 1, 36, 306, 13957 }, // U+1EDA
    { 26, 30, 380, 1, 29, 195, 14263 }, // U+1EDB
    { 33, 37, 485, 1, 36, 306, 14458 }, // U+1EDC
    { 26, 30, 380, 1, 29, 195, 14764 }, // U+1EDD
    { 33, 39, 485, 1, 38, 322, 14959 }, // U+1EDE
    { 26, 32, 380, 1, 31, 208, 15281 }, // U+1EDF
    { 33, 37, 485, 1, 36, 306, 15489 }, // U+1EE0
    { 26, 29, 380, 1, 28, 189, 15795 }, // U+1EE1
    { 33, 40, 485, 1, 32, 330, 15984 }, // U+1EE2
    { 26, 33, 380, 1, 25, 215, 16314 }, // U+1EE3
    { 28, 36, 462, 2, 28, 252, 16529 }, // U+1EE4
    { 21, 29, 360, 1, 21, 153, 16781 }, // U+1EE5
    { 28, 39, 462, 2, 38, 273, 16934 }, // U+1EE6
    { 21, 32, 360, 1, 31, 168, 17207 }, // U+1EE7
    { 32, 38, 473, 2, 37, 304, 17375 }, // U+1EE8
    { 27, 30, 376, 1, 29, 203, 17679 }, // U+1EE9
    { 32, 38, 473, 2, 37, 304, 17882 }, // U+1EEA
    { 27, 31, 376, 1, 30, 210, 18186 }, // U+1EEB
    { 32, 39, 473, 2, 38, 312, 18396 }, // U+1EEC
    { 27, 32, 376, 1, 31, 216, 18708 }, // U+1EED
    { 32, 37, 473, 2, 36, 296, 18924 }, // U+1EEE
    { 27, 30, 376, 1, 29, 203, 19220 }, // U+1EEF
    { 32, 41, 473, 2, 33, 328, 19423 }, // U+1EF0
    { 27, 33, 376, 1, 25, 223, 19751 }, // U+1EF1
    { 25, 37, 399, 3, 37, 232, 19974 }, // U+1EF2
    { 23, 36, 290, -3, 29, 207, 20206 }, // U+1EF3
    { 25, 36, 399, 3, 28, 225, 20413 }, // U+1EF4
    { 23, 30, 290, -3, 21, 173, 20638 }, // U+1EF5
    { 25, 38, 399, 3, 38, 238, 20811 }, // U+1EF6
    { 23, 38, 290, -3, 31, 219, 21049 }, // U+1EF7
    { 25, 36, 399, 3, 36, 225, 21268 }, // U+1EF8
    { 23, 36, 290, -3, 29, 207, 21493 }, // U+1EF9
    { 0, 0, 0, 0, 0, 0, 0 }, // U+200B
    { 0, 0, 0, 0, 0, 0, 0 }, // U+200C
    { 0, 0, 0, 0, 0, 0, 0 }, // U+200D
    { 0, 0, 0, 0, 0, 0, 0 }, // U+200E
    { 0, 0, 0, 0, 0, 0, 0 }, // U+200F
    { 12, 4, 221, 1, 13, 12, 0 }, // U+2010
    { 18, 4, 331, 1, 13, 18, 12 }, // U+2013
    { 31, 4, 545, 1, 13, 31, 30 }, // U+2014
    { 8, 11, 159, 3, 28, 22, 61 }, // U+2018
    { 8, 11, 159, 3, 29, 22, 83 }, // U+2019
    { 8, 11, 159, -2, 5, 22, 105 }, // U+201A
    { 15, 11, 263, 3, 28, 42, 127 }, // U+201C
    { 14, 11, 263, 3, 29, 39, 169 }, // U+201D
    { 15, 11, 263, -2, 6, 42, 208 }, // U+201E
    { 21, 28, 361, 2, 28, 147, 250 }, // U+2020
    { 23, 28, 361, 0, 28, 161, 397 }, // U+2021
    { 14, 14, 297, 2, 18, 49, 558 }, // U+2022
    { 25, 6, 466, 0, 5, 38, 607 }, // U+2026
    { 0, 0, 0, 0, 0, 0, 645 }, // U+202A
    { 0, 0, 0, 0, 0, 0, 645 }, // U+202B
    { 0, 0, 0, 0, 0, 0, 645 }, // U+202C
    { 0, 0, 0, 0, 0, 0, 645 }, // U+202D
    { 0, 0, 0, 0, 0, 0, 645 }, // U+202E
    { 53, 30, 937, 3, 29, 398, 645 }, // U+2030
    { 13, 18, 237, 1, 20, 59, 1043 }, // U+2039
    { 12, 18, 231, 0, 20, 54, 1102 }, // U+203A
    { 24, 28, 296, -2, 28, 168, 1156 }, // U+2044
    { 0, 0, 0, 0, 0, 0, 1324 }, // U+2060
    { 0, 0, 0, 0, 0, 0, 1324 }, // U+2061
    { 0, 0, 0, 0, 0, 0, 1324 }, // U+2062
    { 0, 0, 0, 0, 0, 0, 1324 }, // U+2063
    { 0, 0, 0, 0, 0, 0, 1324 }, // U+2064
    { 0, 0, 0, 0, 0, 0, 1324 }, // U+2066
    { 0, 0, 0, 0, 0, 0, 1324 }, // U+2067
    { 0, 0, 0, 0, 0, 0, 1324 }, // U+2068
    { 0, 0, 0, 0, 0, 0, 1324 }, // U+2069
    { 0, 0, 0, 0, 0, 0, 1324 }, // U+206A
    { 0, 0, 0, 0, 0, 0, 1324 }, // U+206B
    { 0, 0, 0, 0, 0, 0, 1324 }, // U+206C
    { 0, 0, 0, 0, 0, 0, 1324 }, // U+206D
    { 0, 0, 0, 0, 0, 0, 1324 }, // U+206E
    { 0, 0, 0, 0, 0, 0, 1324 }, // U+206F
    { 15, 16, 265, 3, 33, 60, 0 }, // U+2074
    { 29, 33, 401, -2, 28, 240, 0 }, // U+20AB
    { 29, 30, 465, 0, 29, 218, 240 }, // U+20AC
    { 19, 29, 301, 0, 28, 138, 0 }, // U+2113
    { 20, 30, 397, 2, 29, 150, 0 }, // U+2202
    { 21, 35, 507, 5, 28, 184, 150 }, // U+220F
    { 21, 35, 509, 5, 28, 184, 334 }, // U+2211
    { 21, 4, 413, 2, 12, 21, 518 }, // U+2212
    { 24, 28, 296, -2, 28, 168, 539 }, // U+2215
    { 7, 7, 158, 1, 14, 13, 707 }, // U+2219
    { 21, 35, 342, 1, 28, 184, 720 }, // U+221A
    { 28, 13, 520, 2, 17, 91, 904 }, // U+221E
    { 16, 36, 204, -2, 29, 144, 995 }, // U+222B
    { 21, 14, 403, 2, 18, 74, 1139 }, // U+2248
    { 21, 22, 439, 3, 21, 116, 1213 }, // U+2260
    { 20, 22, 434, 2, 22, 110, 1329 }, // U+2264
    { 20, 22, 457, 4, 22, 110, 1439 }, // U+2265
    { 9, 27, 207, 2, 27, 61, 0 }, // U+2669
    { 15, 27, 301, 2, 27, 102, 61 }, // U+266A
    { 23, 30, 427, 2, 28, 173, 163 }, // U+266B
    { 23, 30, 427, 2, 28, 173, 336 }, // U+266C
    { 12, 26, 231, 1, 25, 78, 509 }, // U+266D
    { 12, 27, 238, 1, 18, 81, 587 }, // U+266E
    { 19, 35, 369, 2, 25, 167, 668 }, // U+266F
    { 46, 44, 846, 3, 36, 506, 835 }, // U+2764
    { 26, 30, 391, 1, 30, 195, 0 }, // U+FB00
    { 22, 30, 351, 1, 30, 165, 195 }, // U+FB01
    { 23, 30, 386, 1, 30, 173, 360 }, // U+FB02
    { 33, 30, 529, 1, 30, 248, 533 }, // U+FB03
    { 34, 30, 563, 1, 30, 255, 781 }, // U+FB04
    { 18, 29, 349, 2, 29, 131, 0 }, // U+FFFD
    { 43, 43, 846, 5, 36, 463, 0 }, // U+1F44B
    { 31, 43, 846, 11, 36, 334, 463 }, // U+1F44C
    { 39, 43, 846, 7, 36, 420, 797 }, // U+1F44D
    { 39, 43, 846, 7, 36, 420, 1217 }, // U+1F44E
    { 41, 43, 846, 6, 36, 441, 1637 }, // U+1F44F
    { 43, 43, 846, 5, 36, 463, 2078 }, // U+1F600
    { 43, 43, 846, 5, 36, 463, 2541 }, // U+1F601
    { 51, 43, 846, 1, 36, 549, 3004 }, // U+1F602
    { 43, 43, 846, 5, 36, 463, 3553 }, // U+1F603
    { 43, 43, 846, 5, 36, 463, 4016 }, // U+1F604
    { 46, 43, 846, 4, 36, 495, 4479 }, // U+1F605
    { 43, 43, 846, 5, 36, 463, 4974 }, // U+1F606
    { 41, 42, 846, 6, 35, 431, 5437 }, // U+1F607
    { 43, 43, 846, 5, 36, 463, 5868 }, // U+1F609
    { 43, 43, 846, 5, 36, 463, 6331 }, // U+1F60A
    { 43, 44, 846, 5, 36, 473, 6794 }, // U+1F60B
    { 43, 43, 846, 5, 36, 463, 7267 }, // U+1F60C
    { 43, 43, 846, 5, 36, 463, 7730 }, // U+1F60D
    { 44, 43, 846, 4, 36, 473, 8193 }, // U+1F60E
    { 43, 43, 846, 5, 36, 463, 8666 }, // U+1F60F
    { 43, 43, 846, 5, 36, 463, 9129 }, // U+1F610
    { 43, 43, 846, 5, 36, 463, 9592 }, // U+1F611
    { 43, 43, 846, 5, 36, 463, 10055 }, // U+1F612
    { 43, 43, 846, 5, 36, 463, 10518 }, // U+1F613
    { 43, 43, 846, 5, 36, 463, 10981 }, // U+1F614
    { 43, 43, 846, 5, 36, 463, 11444 }, // U+1F618
    { 43, 43, 846, 5, 36, 463, 11907 }, // U+1F61A
    { 43, 44, 846, 5, 36, 473, 12370 }, // U+1F61C
    { 43, 44, 846, 5, 36, 473, 12843 }, // U+1F61D
    { 43, 43, 846, 5, 36, 463, 13316 }, // U+1F620
    { 43, 43, 846, 5, 36, 463, 13779 }, // U+1F621
    { 43, 43, 846, 5, 36, 463, 14242 }, // U+1F622
    { 46, 43, 846, 4, 36, 495, 14705 }, // U+1F624
    { 44, 43, 846, 5, 36, 473, 15200 }, // U+1F625
    { 43, 43, 846, 5, 36, 463, 15673 }, // U+1F629
    { 43, 43, 846, 5, 36, 463, 16136 }, // U+1F62C
    { 43, 44, 846, 5, 36, 473, 16599 }, // U+1F62D
    { 43, 43, 846, 5, 36, 463, 17072 }, // U+1F62E
    { 49, 44, 846, 2, 36, 539, 17535 }, // U+1F631
    { 43, 43, 846, 5, 36, 463, 18074 }, // U+1F632
    { 43, 43, 846, 5, 36, 463, 18537 }, // U+1F633
    { 44, 43, 846, 5, 36, 473, 19000 }, // U+1F634
    { 43, 43, 846, 5, 36, 463, 19473 }, // U+1F635
    { 43, 43, 846, 5, 36, 463, 19936 }, // U+1F641
    { 43, 43, 846, 5, 36, 463, 20399 }, // U+1F642
    { 43, 43, 846, 5, 36, 463, 20862 }, // U+1F644
};

static const EpdUnicodeInterval lexenddeca_20_italicIntervals[] = {
    { 0x0, 0x17F, 0x0 },
    { 0x1A0, 0x1A1, 0x180 },
    { 0x1AF, 0x1B0, 0x182 },
    { 0x1C4, 0x1CE, 0x184 },
    { 0x1D3, 0x1D4, 0x18F },
    { 0x1E6, 0x1E7, 0x191 },
    { 0x1EA, 0x1EB, 0x193 },
    { 0x1F1, 0x1F3, 0x195 },
    { 0x1FA, 0x1FF, 0x198 },
    { 0x218, 0x21B, 0x19E },
    { 0x21E, 0x21F, 0x1A2 },
    { 0x300, 0x304, 0x1A4 },
    { 0x306, 0x30C, 0x1A9 },
    { 0x31B, 0x31B, 0x1B0 },
    { 0x323, 0x323, 0x1B1 },
    { 0x326, 0x328, 0x1B2 },
    { 0x34F, 0x34F, 0x1B5 },
    { 0x3BB, 0x3BB, 0x1B6 },
    { 0x410, 0x414, 0x1B7 },
    { 0x418, 0x418, 0x1BC },
    { 0x41B, 0x41B, 0x1BD },
    { 0x41D, 0x423, 0x1BE },
    { 0x425, 0x425, 0x1C5 },
    { 0x427, 0x427, 0x1C6 },
    { 0x42B, 0x42C, 0x1C7 },
    { 0x42E, 0x432, 0x1C9 },
    { 0x434, 0x435, 0x1CE },
    { 0x437, 0x437, 0x1D0 },
    { 0x43A, 0x43A, 0x1D1 },
    { 0x43D, 0x43E, 0x1D2 },
    { 0x440, 0x440, 0x1D4 },
    { 0x442, 0x442, 0x1D5 },
    { 0x446, 0x446, 0x1D6 },
    { 0x44C, 0x44C, 0x1D7 },
    { 0x44E, 0x44E, 0x1D8 },
    { 0x1EA0, 0x1EF9, 0x1D9 },
    { 0x200B, 0x2010, 0x233 },
    { 0x2013, 0x2014, 0x239 },
    { 0x2018, 0x201A, 0x23B },
    { 0x201C, 0x201E, 0x23E },
    { 0x2020, 0x2022, 0x241 },
    { 0x2026, 0x2026, 0x244 },
    { 0x202A, 0x202E, 0x245 },
    { 0x2030, 0x2030, 0x24A },
    { 0x2039, 0x203A, 0x24B },
    { 0x2044, 0x2044, 0x24D },
    { 0x2060, 0x2064, 0x24E },
    { 0x2066, 0x206F, 0x253 },
    { 0x2074, 0x2074, 0x25D },
    { 0x20AB, 0x20AC, 0x25E },
    { 0x2113, 0x2113, 0x260 },
    { 0x2202, 0x2202, 0x261 },
    { 0x220F, 0x220F, 0x262 },
    { 0x2211, 0x2212, 0x263 },
    { 0x2215, 0x2215, 0x265 },
    { 0x2219, 0x221A, 0x266 },
    { 0x221E, 0x221E, 0x268 },
    { 0x222B, 0x222B, 0x269 },
    { 0x2248, 0x2248, 0x26A },
    { 0x2260, 0x2260, 0x26B },
    { 0x2264, 0x2265, 0x26C },
    { 0x2669, 0x266F, 0x26E },
    { 0x2764, 0x2764, 0x275 },
    { 0xFB00, 0xFB04, 0x276 },
    { 0xFFFD, 0xFFFD, 0x27B },
    { 0x1F44B, 0x1F44F, 0x27C },
    { 0x1F600, 0x1F607, 0x281 },
    { 0x1F609, 0x1F614, 0x289 },
    { 0x1F618, 0x1F618, 0x295 },
    { 0x1F61A, 0x1F61A, 0x296 },
    { 0x1F61C, 0x1F61D, 0x297 },
    { 0x1F620, 0x1F622, 0x299 },
    { 0x1F624, 0x1F625, 0x29C },
    { 0x1F629, 0x1F629, 0x29E },
    { 0x1F62C, 0x1F62E, 0x29F },
    { 0x1F631, 0x1F635, 0x2A2 },
    { 0x1F641, 0x1F642, 0x2A7 },
    { 0x1F644, 0x1F644, 0x2A9 },
};

static const EpdFontGroup lexenddeca_20_italicGroups[] = {
    { 0, 5389, 13954, 128, 0 },
    { 5389, 4574, 16396, 128, 128 },
    { 9963, 5676, 26376, 128, 256 },
    { 15639, 3442, 9941, 36, 384 },
    { 19081, 220, 310, 18, 420 },
    { 19301, 103, 168, 1, 438 },
    { 19404, 2739, 6868, 34, 439 },
    { 22143, 3566, 22964, 90, 473 },
    { 25709, 595, 1410, 42, 563 },
    { 26304, 63, 64, 1, 605 },
    { 26367, 228, 504, 2, 606 },
    { 26595, 105, 145, 1, 608 },
    { 26700, 589, 1657, 13, 609 },
    { 27289, 536, 1411, 8, 622 },
    { 27825, 414, 1110, 5, 630 },
    { 28239, 103, 145, 1, 635 },
    { 28342, 6443, 21847, 46, 636 },
};

static const EpdKernClassEntry lexenddeca_20_italicKernLeftClasses[] = {
    { 0x0028, 1 }, // (
    { 0x002C, 2 }, // ,
    { 0x002D, 3 }, // -
    { 0x002E, 2 }, // .
    { 0x002F, 4 }, // /
    { 0x0030, 5 }, // 0
    { 0x0031, 6 }, // 1
    { 0x0032, 7 }, // 2
    { 0x0034, 8 }, // 4
    { 0x0035, 9 }, // 5
    { 0x0036, 10 }, // 6
    { 0x0037, 11 }, // 7
    { 0x0038, 12 }, // 8
    { 0x0039, 13 }, // 9
    { 0x0041, 14 }, // A
    { 0x0042, 15 }, // B
    { 0x0043, 16 }, // C
    { 0x0044, 17 }, // D
    { 0x0045, 18 }, // E
    { 0x0046, 19 }, // F
    { 0x0047, 20 }, // G
    { 0x0049, 21 }, // I
    { 0x004A, 22 }, // J
    { 0x004B, 23 }, // K
    { 0x004C, 24 }, // L
    { 0x004F, 17 }, // O
    { 0x0050, 25 }, // P
    { 0x0051, 26 }, // Q
    { 0x0052, 27 }, // R
    { 0x0053, 28 }, // S
    { 0x0054, 29 }, // T
    { 0x0055, 30 }, // U
    { 0x0056, 31 }, // V
    { 0x0057, 32 }, // W
    { 0x0058, 33 }, // X
    { 0x0059, 34 }, // Y
    { 0x005A, 35 }, // Z
    { 0x0061, 36 }, // a
    { 0x0062, 37 }, // b
    { 0x0063, 38 }, // c
    { 0x0065, 39 }, // e
    { 0x0066, 40 }, // f
    { 0x0067, 41 }, // g
    { 0x0068, 42 }, // h
    { 0x006A, 43 }, // j
    { 0x006B, 44 }, // k
    { 0x006C, 45 }, // l
    { 0x006D, 42 }, // m
    { 0x006E, 42 }, // n
    { 0x006F, 37 }, // o
    { 0x0070, 37 }, // p
    { 0x0071, 46 }, // q
    { 0x0072, 47 }, // r
    { 0x0073, 48 }, // s
    { 0x0074, 49 }, // t
    { 0x0075, 50 }, // u
    { 0x0076, 51 }, // v
    { 0x0077, 52 }, // w
    { 0x0078, 53 }, // x
    { 0x0079, 51 }, // y
    { 0x007A, 54 }, // z
    { 0x00C0, 14 }, // U+00C0
    { 0x00C1, 14 }, // U+00C1
    { 0x00C2, 14 }, // U+00C2
    { 0x00C3, 14 }, // U+00C3
    { 0x00C4, 14 }, // U+00C4
    { 0x00C5, 14 }, // U+00C5
    { 0x00C6, 18 }, // U+00C6
    { 0x00C7, 16 }, // U+00C7
    { 0x00C8, 18 }, // U+00C8
    { 0x00C9, 18 }, // U+00C9
    { 0x00CA, 18 }, // U+00CA
    { 0x00CB, 18 }, // U+00CB
    { 0x00CC, 21 }, // U+00CC
    { 0x00CD, 21 }, // U+00CD
    { 0x00CE, 21 }, // U+00CE
    { 0x00CF, 21 }, // U+00CF
    { 0x00D0, 17 }, // U+00D0
    { 0x00D2, 17 }, // U+00D2
    { 0x00D3, 17 }, // U+00D3
    { 0x00D4, 17 }, // U+00D4
    { 0x00D5, 17 }, // U+00D5
    { 0x00D6, 17 }, // U+00D6
    { 0x00D8, 17 }, // U+00D8
    { 0x00D9, 30 }, // U+00D9
    { 0x00DA, 30 }, // U+00DA
    { 0x00DB, 30 }, // U+00DB
    { 0x00DC, 30 }, // U+00DC
    { 0x00DD, 34 }, // U+00DD
    { 0x00E0, 42 }, // U+00E0
    { 0x00E1, 42 }, // U+00E1
    { 0x00E2, 42 }, // U+00E2
    { 0x00E3, 42 }, // U+00E3
    { 0x00E4, 42 }, // U+00E4
    { 0x00E5, 42 }, // U+00E5
    { 0x00E6, 39 }, // U+00E6
    { 0x00E7, 38 }, // U+00E7
    { 0x00E8, 39 }, // U+00E8
    { 0x00E9, 39 }, // U+00E9
    { 0x00EA, 39 }, // U+00EA
    { 0x00EB, 39 }, // U+00EB
    { 0x00F0, 17 }, // U+00F0
    { 0x00F1, 42 }, // U+00F1
    { 0x00F2, 37 }, // U+00F2
    { 0x00F3, 37 }, // U+00F3
    { 0x00F4, 37 }, // U+00F4
    { 0x00F5, 37 }, // U+00F5
    { 0x00F6, 37 }, // U+00F6
    { 0x00F8, 37 }, // U+00F8
    { 0x00F9, 50 }, // U+00F9
    { 0x00FA, 50 }, // U+00FA
    { 0x00FB, 50 }, // U+00FB
    { 0x00FC, 50 }, // U+00FC
    { 0x00FD, 51 }, // U+00FD
    { 0x00FE, 37 }, // U+00FE
    { 0x00FF, 51 }, // U+00FF
    { 0x0100, 14 }, // U+0100
    { 0x0101, 42 }, // U+0101
    { 0x0102, 14 }, // U+0102
    { 0x0103, 42 }, // U+0103
    { 0x0104, 14 }, // U+0104
    { 0x0105, 42 }, // U+0105
    { 0x0106, 16 }, // U+0106
    { 0x0107, 38 }, // U+0107
    { 0x0108, 16 }, // U+0108
    { 0x0109, 38 }, // U+0109
    { 0x010A, 16 }, // U+010A
    { 0x010B, 38 }, // U+010B
    { 0x010C, 16 }, // U+010C
    { 0x010D, 38 }, // U+010D
    { 0x010E, 17 }, // U+010E
    { 0x010F, 55 }, // U+010F
    { 0x0111, 40 }, // U+0111
    { 0x0112, 18 }, // U+0112
    { 0x0113, 39 }, // U+0113
    { 0x0114, 18 }, // U+0114
    { 0x0115, 39 }, // U+0115
    { 0x0116, 18 }, // U+0116
    { 0x0117, 39 }, // U+0117
    { 0x0118, 18 }, // U+0118
    { 0x0119, 39 }, // U+0119
    { 0x011A, 18 }, // U+011A
    { 0x011B, 39 }, // U+011B
    { 0x011C, 20 }, // U+011C
    { 0x011D, 41 }, // U+011D
    { 0x011E, 20 }, // U+011E
    { 0x011F, 41 }, // U+011F
    { 0x0120, 20 }, // U+0120
    { 0x0121, 41 }, // U+0121
    { 0x0122, 20 }, // U+0122
    { 0x0123, 41 }, // U+0123
    { 0x0125, 42 }, // U+0125
    { 0x0127, 42 }, // U+0127
    { 0x0128, 21 }, // U+0128
    { 0x012A, 21 }, // U+012A
    { 0x012C, 21 }, // U+012C
    { 0x012E, 21 }, // U+012E
    { 0x0130, 21 }, // U+0130
    { 0x0132, 22 }, // U+0132
    { 0x0133, 43 }, // U+0133
    { 0x0134, 22 }, // U+0134
    { 0x0135, 43 }, // U+0135
    { 0x0136, 23 }, // U+0136
    { 0x0137, 44 }, // U+0137
    { 0x0138, 44 }, // U+0138
    { 0x0139, 24 }, // U+0139
    { 0x013A, 56 }, // U+013A
    { 0x013B, 24 }, // U+013B
    { 0x013C, 56 }, // U+013C
    { 0x013E, 55 }, // U+013E
    { 0x013F, 24 }, // U+013F
    { 0x0140, 57 }, // U+0140
    { 0x0141, 24 }, // U+0141
    { 0x0142, 56 }, // U+0142
    { 0x0144, 42 }, // U+0144
    { 0x0146, 42 }, // U+0146
    { 0x0148, 42 }, // U+0148
    { 0x014C, 17 }, // U+014C
    { 0x014D, 37 }, // U+014D
    { 0x014E, 17 }, // U+014E
    { 0x014F, 37 }, // U+014F
    { 0x0150, 17 }, // U+0150
    { 0x0151, 37 }, // U+0151
    { 0x0152, 18 }, // U+0152
    { 0x0153, 39 }, // U+0153
    { 0x0154, 27 }, // U+0154
    { 0x0155, 47 }, // U+0155
    { 0x0156, 27 }, // U+0156
    { 0x0157, 47 }, // U+0157
    { 0x0158, 27 }, // U+0158
    { 0x0159, 47 }, // U+0159
    { 0x015A, 28 }, // U+015A
    { 0x015B, 48 }, // U+015B
    { 0x015C, 28 }, // U+015C
    { 0x015D, 48 }, // U+015D
    { 0x015E, 28 }, // U+015E
    { 0x015F, 48 }, // U+015F
    { 0x0160, 28 }, // U+0160
    { 0x0161, 48 }, // U+0161
    { 0x0162, 29 }, // U+0162
    { 0x0163, 49 }, // U+0163
    { 0x0164, 29 }, // U+0164
    { 0x0165, 55 }, // U+0165
    { 0x0166, 29 }, // U+0166
    { 0x0167, 49 }, // U+0167
    { 0x0168, 30 }, // U+0168
    { 0x0169, 50 }, // U+0169
    { 0x016A, 30 }, // U+016A
    { 0x016B, 50 }, // U+016B
    { 0x016C, 30 }, // U+016C
    { 0x016D, 50 }, // U+016D
    { 0x016E, 30 }, // U+016E
    { 0x016F, 50 }, // U+016F
    { 0x0170, 30 }, // U+0170
    { 0x0171, 50 }, // U+0171
    { 0x0172, 30 }, // U+0172
    { 0x0173, 50 }, // U+0173
    { 0x0176, 34 }, // U+0176
    { 0x0177, 51 }, // U+0177
    { 0x0178, 34 }, // U+0178
    { 0x0179, 35 }, // U+0179
    { 0x017A, 54 }, // U+017A
    { 0x017B, 35 }, // U+017B
    { 0x017C, 54 }, // U+017C
    { 0x017D, 35 }, // U+017D
    { 0x017E, 54 }, // U+017E
    { 0x017F, 40 }, // U+017F
    { 0x01A0, 58 }, // U+01A0
    { 0x01A1, 59 }, // U+01A1
    { 0x01AF, 60 }, // U+01AF
    { 0x01B0, 61 }, // U+01B0
    { 0x01C4, 35 }, // U+01C4
    { 0x01C5, 54 }, // U+01C5
    { 0x01C6, 54 }, // U+01C6
    { 0x01C7, 22 }, // U+01C7
    { 0x01C8, 43 }, // U+01C8
    { 0x01C9, 43 }, // U+01C9
    { 0x01CA, 22 }, // U+01CA
    { 0x01CB, 43 }, // U+01CB
    { 0x01CC, 43 }, // U+01CC
    { 0x01CD, 14 }, // U+01CD
    { 0x01CE, 42 }, // U+01CE
    { 0x01D3, 30 }, // U+01D3
    { 0x01D4, 50 }, // U+01D4
    { 0x01E6, 20 }, // U+01E6
    { 0x01E7, 41 }, // U+01E7
    { 0x01EA, 17 }, // U+01EA
    { 0x01EB, 37 }, // U+01EB
    { 0x01F1, 35 }, // U+01F1
    { 0x01F2, 54 }, // U+01F2
    { 0x01F3, 54 }, // U+01F3
    { 0x01FA, 14 }, // U+01FA
    { 0x01FB, 42 }, // U+01FB
    { 0x01FC, 18 }, // U+01FC
    { 0x01FD, 39 }, // U+01FD
    { 0x01FE, 17 }, // U+01FE
    { 0x01FF, 37 }, // U+01FF
    { 0x0218, 28 }, // U+0218
    { 0x0219, 48 }, // U+0219
    { 0x021A, 29 }, // U+021A
    { 0x021B, 49 }, // U+021B
    { 0x021F, 42 }, // U+021F
    { 0x0410, 62 }, // U+0410
    { 0x0413, 63 }, // U+0413
    { 0x041E, 64 }, // U+041E
    { 0x0420, 65 }, // U+0420
    { 0x0422, 63 }, // U+0422
    { 0x0423, 66 }, // U+0423
    { 0x0425, 67 }, // U+0425
    { 0x042C, 68 }, // U+042C
    { 0x042E, 64 }, // U+042E
    { 0x043E, 69 }, // U+043E
    { 0x0440, 69 }, // U+0440
    { 0x044C, 70 }, // U+044C
    { 0x044E, 69 }, // U+044E
    { 0x1EA0, 14 }, // U+1EA0
    { 0x1EA1, 42 }, // U+1EA1
    { 0x1EA2, 14 }, // U+1EA2
    { 0x1EA4, 14 }, // U+1EA4
    { 0x1EA5, 42 }, // U+1EA5
    { 0x1EA6, 14 }, // U+1EA6
    { 0x1EA7, 42 }, // U+1EA7
    { 0x1EA8, 14 }, // U+1EA8
    { 0x1EA9, 42 }, // U+1EA9
    { 0x1EAA, 14 }, // U+1EAA
    { 0x1EAB, 42 }, // U+1EAB
    { 0x1EAC, 14 }, // U+1EAC
    { 0x1EAD, 42 }, // U+1EAD
    { 0x1EAE, 14 }, // U+1EAE
    { 0x1EAF, 42 }, // U+1EAF
    { 0x1EB0, 14 }, // U+1EB0
    { 0x1EB1, 42 }, // U+1EB1
    { 0x1EB2, 14 }, // U+1EB2
    { 0x1EB3, 42 }, // U+1EB3
    { 0x1EB4, 14 }, // U+1EB4
    { 0x1EB5, 42 }, // U+1EB5
    { 0x1EB6, 14 }, // U+1EB6
    { 0x1EB7, 42 }, // U+1EB7
    { 0x1EB8, 18 }, // U+1EB8
    { 0x1EB9, 39 }, // U+1EB9
    { 0x1EBA, 18 }, // U+1EBA
    { 0x1EBB, 39 }, // U+1EBB
    { 0x1EBC, 18 }, // U+1EBC
    { 0x1EBD, 39 }, // U+1EBD
    { 0x1EBE, 18 }, // U+1EBE
    { 0x1EC0, 18 }, // U+1EC0
    { 0x1EC2, 18 }, // U+1EC2
    { 0x1EC4, 18 }, // U+1EC4
    { 0x1EC6, 18 }, // U+1EC6
    { 0x1EC7, 39 }, // U+1EC7
    { 0x1EC8, 21 }, // U+1EC8
    { 0x1ECA, 21 }, // U+1ECA
    { 0x1ECC, 17 }, // U+1ECC
    { 0x1ECD, 37 }, // U+1ECD
    { 0x1ECE, 17 }, // U+1ECE
    { 0x1ECF, 37 }, // U+1ECF
    { 0x1ED0, 17 }, // U+1ED0
    { 0x1ED2, 17 }, // U+1ED2
    { 0x1ED4, 17 }, // U+1ED4
    { 0x1ED6, 17 }, // U+1ED6
    { 0x1ED7, 37 }, // U+1ED7
    { 0x1ED8, 17 }, // U+1ED8
    { 0x1ED9, 37 }, // U+1ED9
    { 0x1EDA, 58 }, // U+1EDA
    { 0x1EDB, 59 }, // U+1EDB
    { 0x1EDC, 58 }, // U+1EDC
    { 0x1EDD, 59 }, // U+1EDD
    { 0x1EDE, 58 }, // U+1EDE
    { 0x1EDF, 59 }, // U+1EDF
    { 0x1EE0, 58 }, // U+1EE0
    { 0x1EE1, 59 }, // U+1EE1
    { 0x1EE2, 58 }, // U+1EE2
    { 0x1EE3, 59 }, // U+1EE3
    { 0x1EE8, 60 }, // U+1EE8
    { 0x1EE9, 61 }, // U+1EE9
    { 0x1EEA, 60 }, // U+1EEA
    { 0x1EEB, 61 }, // U+1EEB
    { 0x1EEC, 60 }, // U+1EEC
    { 0x1EED, 61 }, // U+1EED
    { 0x1EEE, 60 }, // U+1EEE
    { 0x1EEF, 61 }, // U+1EEF
    { 0x1EF0, 60 }, // U+1EF0
    { 0x1EF1, 61 }, // U+1EF1
    { 0x1EF2, 34 }, // U+1EF2
    { 0x1EF3, 51 }, // U+1EF3
    { 0x1EF4, 34 }, // U+1EF4
    { 0x1EF5, 51 }, // U+1EF5
    { 0x1EF6, 34 }, // U+1EF6
    { 0x1EF7, 51 }, // U+1EF7
    { 0x1EF8, 34 }, // U+1EF8
    { 0x1EF9, 51 }, // U+1EF9
    { 0x2013, 3 }, // U+2013
    { 0x2014, 3 }, // U+2014
    { 0x2019, 71 }, // U+2019
    { 0x201A, 2 }, // U+201A
    { 0x201D, 71 }, // U+201D
    { 0x201E, 2 }, // U+201E
    { 0x2026, 2 }, // U+2026
    { 0x20AB, 40 }, // U+20AB
    { 0xFB00, 40 }, // U+FB00
    { 0xFB02, 56 }, // U+FB02
    { 0xFB04, 56 }, // U+FB04
};

static const EpdKernClassEntry lexenddeca_20_italicKernRightClasses[] = {
    { 0x0025, 1 }, // %
    { 0x0029, 2 }, // )
    { 0x002C, 3 }, // ,
    { 0x002D, 4 }, // -
    { 0x002E, 3 }, // .
    { 0x002F, 5 }, // /
    { 0x0030, 6 }, // 0
    { 0x0031, 7 }, // 1
    { 0x0032, 8 }, // 2
    { 0x0034, 9 }, // 4
    { 0x0037, 10 }, // 7
    { 0x0038, 11 }, // 8
    { 0x0039, 12 }, // 9
    { 0x0041, 13 }, // A
    { 0x0043, 14 }, // C
    { 0x0047, 14 }, // G
    { 0x0049, 15 }, // I
    { 0x004A, 16 }, // J
    { 0x004F, 14 }, // O
    { 0x0051, 14 }, // Q
    { 0x0053, 17 }, // S
    { 0x0054, 18 }, // T
    { 0x0055, 19 }, // U
    { 0x0056, 20 }, // V
    { 0x0057, 21 }, // W
    { 0x0058, 22 }, // X
    { 0x0059, 23 }, // Y
    { 0x005A, 24 }, // Z
    { 0x0061, 25 }, // a
    { 0x0063, 26 }, // c
    { 0x0064, 26 }, // d
    { 0x0065, 26 }, // e
    { 0x0066, 27 }, // f
    { 0x0067, 28 }, // g
    { 0x0068, 29 }, // h
    { 0x0069, 30 }, // i
    { 0x006A, 31 }, // j
    { 0x006B, 29 }, // k
    { 0x006C, 32 }, // l
    { 0x006D, 33 }, // m
    { 0x006E, 33 }, // n
    { 0x006F, 26 }, // o
    { 0x0070, 34 }, // p
    { 0x0071, 26 }, // q
    { 0x0072, 33 }, // r
    { 0x0073, 35 }, // s
    { 0x0074, 36 }, // t
    { 0x0075, 37 }, // u
    { 0x0076, 38 }, // v
    { 0x0077, 39 }, // w
    { 0x0078, 40 }, // x
    { 0x0079, 38 }, // y
    { 0x007A, 41 }, // z
    { 0x00B0, 42 }, // U+00B0
    { 0x00C0, 13 }, // U+00C0
    { 0x00C1, 13 }, // U+00C1
    { 0x00C2, 13 }, // U+00C2
    { 0x00C3, 13 }, // U+00C3
    { 0x00C4, 13 }, // U+00C4
    { 0x00C5, 13 }, // U+00C5
    { 0x00C6, 43 }, // U+00C6
    { 0x00C7, 14 }, // U+00C7
    { 0x00CC, 15 }, // U+00CC
    { 0x00CD, 15 }, // U+00CD
    { 0x00CE, 15 }, // U+00CE
    { 0x00CF, 15 }, // U+00CF
    { 0x00D2, 14 }, // U+00D2
    { 0x00D3, 14 }, // U+00D3
    { 0x00D4, 14 }, // U+00D4
    { 0x00D5, 14 }, // U+00D5
    { 0x00D6, 14 }, // U+00D6
    { 0x00D8, 14 }, // U+00D8
    { 0x00D9, 19 }, // U+00D9
    { 0x00DA, 19 }, // U+00DA
    { 0x00DB, 19 }, // U+00DB
    { 0x00DC, 19 }, // U+00DC
    { 0x00DD, 44 }, // U+00DD
    { 0x00E0, 25 }, // U+00E0
    { 0x00E1, 25 }, // U+00E1
    { 0x00E2, 25 }, // U+00E2
    { 0x00E3, 25 }, // U+00E3
    { 0x00E4, 25 }, // U+00E4
    { 0x00E5, 25 }, // U+00E5
    { 0x00E6, 25 }, // U+00E6
    { 0x00E7, 26 }, // U+00E7
    { 0x00E8, 26 }, // U+00E8
    { 0x00E9, 26 }, // U+00E9
    { 0x00EA, 26 }, // U+00EA
    { 0x00EB, 26 }, // U+00EB
    { 0x00EC, 30 }, // U+00EC
    { 0x00ED, 30 }, // U+00ED
    { 0x00EE, 30 }, // U+00EE
    { 0x00EF, 30 }, // U+00EF
    { 0x00F0, 26 }, // U+00F0
    { 0x00F1, 33 }, // U+00F1
    { 0x00F2, 26 }, // U+00F2
    { 0x00F3, 26 }, // U+00F3
    { 0x00F4, 26 }, // U+00F4
    { 0x00F5, 26 }, // U+00F5
    { 0x00F6, 26 }, // U+00F6
    { 0x00F8, 26 }, // U+00F8
    { 0x00F9, 37 }, // U+00F9
    { 0x00FA, 37 }, // U+00FA
    { 0x00FB, 37 }, // U+00FB
    { 0x00FC, 37 }, // U+00FC
    { 0x00FD, 38 }, // U+00FD
    { 0x00FF, 38 }, // U+00FF
    { 0x0100, 13 }, // U+0100
    { 0x0101, 25 }, // U+0101
    { 0x0102, 13 }, // U+0102
    { 0x0103, 25 }, // U+0103
    { 0x0104, 13 }, // U+0104
    { 0x0105, 25 }, // U+0105
    { 0x0106, 14 }, // U+0106
    { 0x0107, 26 }, // U+0107
    { 0x0108, 14 }, // U+0108
    { 0x0109, 26 }, // U+0109
    { 0x010A, 14 }, // U+010A
    { 0x010B, 26 }, // U+010B
    { 0x010C, 14 }, // U+010C
    { 0x010D, 26 }, // U+010D
    { 0x010F, 26 }, // U+010F
    { 0x0111, 26 }, // U+0111
    { 0x0113, 26 }, // U+0113
    { 0x0115, 26 }, // U+0115
    { 0x0117, 26 }, // U+0117
    { 0x0119, 26 }, // U+0119
    { 0x011B, 26 }, // U+011B
    { 0x011C, 14 }, // U+011C
    { 0x011D, 28 }, // U+011D
    { 0x011E, 14 }, // U+011E
    { 0x011F, 28 }, // U+011F
    { 0x0120, 14 }, // U+0120
    { 0x0121, 28 }, // U+0121
    { 0x0122, 14 }, // U+0122
    { 0x0123, 28 }, // U+0123
    { 0x0125, 29 }, // U+0125
    { 0x0127, 29 }, // U+0127
    { 0x0128, 15 }, // U+0128
    { 0x0129, 30 }, // U+0129
    { 0x012A, 15 }, // U+012A
    { 0x012B, 30 }, // U+012B
    { 0x012C, 15 }, // U+012C
    { 0x012D, 30 }, // U+012D
    { 0x012E, 15 }, // U+012E
    { 0x012F, 30 }, // U+012F
    { 0x0130, 15 }, // U+0130
    { 0x0131, 30 }, // U+0131
    { 0x0132, 15 }, // U+0132
    { 0x0133, 30 }, // U+0133
    { 0x0134, 16 }, // U+0134
    { 0x0135, 31 }, // U+0135
    { 0x0137, 29 }, // U+0137
    { 0x0138, 29 }, // U+0138
    { 0x013A, 32 }, // U+013A
    { 0x013C, 32 }, // U+013C
    { 0x013E, 32 }, // U+013E
    { 0x0140, 32 }, // U+0140
    { 0x0142, 32 }, // U+0142
    { 0x0144, 33 }, // U+0144
    { 0x0146, 33 }, // U+0146
    { 0x0148, 33 }, // U+0148
    { 0x014C, 14 }, // U+014C
    { 0x014D, 26 }, // U+014D
    { 0x014E, 14 }, // U+014E
    { 0x014F, 26 }, // U+014F
    { 0x0150, 14 }, // U+0150
    { 0x0151, 26 }, // U+0151
    { 0x0152, 14 }, // U+0152
    { 0x0153, 26 }, // U+0153
    { 0x0155, 33 }, // U+0155
    { 0x0157, 33 }, // U+0157
    { 0x0159, 33 }, // U+0159
    { 0x015A, 17 }, // U+015A
    { 0x015B, 35 }, // U+015B
    { 0x015C, 17 }, // U+015C
    { 0x015D, 35 }, // U+015D
    { 0x015E, 17 }, // U+015E
    { 0x015F, 35 }, // U+015F
    { 0x0160, 17 }, // U+0160
    { 0x0161, 35 }, // U+0161
    { 0x0162, 45 }, // U+0162
    { 0x0163, 36 }, // U+0163
    { 0x0164, 45 }, // U+0164
    { 0x0165, 36 }, // U+0165
    { 0x0166, 45 }, // U+0166
    { 0x0167, 36 }, // U+0167
    { 0x0168, 19 }, // U+0168
    { 0x0169, 37 }, // U+0169
    { 0x016A, 19 }, // U+016A
    { 0x016B, 37 }, // U+016B
    { 0x016C, 19 }, // U+016C
    { 0x016D, 37 }, // U+016D
    { 0x016E, 19 }, // U+016E
    { 0x016F, 37 }, // U+016F
    { 0x0170, 19 }, // U+0170
    { 0x0171, 37 }, // U+0171
    { 0x0172, 19 }, // U+0172
    { 0x0173, 37 }, // U+0173
    { 0x0176, 44 }, // U+0176
    { 0x0177, 38 }, // U+0177
    { 0x0178, 44 }, // U+0178
    { 0x0179, 24 }, // U+0179
    { 0x017A, 41 }, // U+017A
    { 0x017B, 24 }, // U+017B
    { 0x017C, 41 }, // U+017C
    { 0x017D, 24 }, // U+017D
    { 0x017E, 41 }, // U+017E
    { 0x017F, 27 }, // U+017F
    { 0x01A0, 14 }, // U+01A0
    { 0x01A1, 26 }, // U+01A1
    { 0x01C6, 26 }, // U+01C6
    { 0x01C9, 32 }, // U+01C9
    { 0x01CC, 33 }, // U+01CC
    { 0x01CD, 13 }, // U+01CD
    { 0x01CE, 25 }, // U+01CE
    { 0x01D3, 19 }, // U+01D3
    { 0x01D4, 37 }, // U+01D4
    { 0x01E6, 14 }, // U+01E6
    { 0x01E7, 28 }, // U+01E7
    { 0x01EA, 14 }, // U+01EA
    { 0x01EB, 26 }, // U+01EB
    { 0x01F3, 26 }, // U+01F3
    { 0x01FA, 13 }, // U+01FA
    { 0x01FB, 25 }, // U+01FB
    { 0x01FC, 43 }, // U+01FC
    { 0x01FD, 25 }, // U+01FD
    { 0x01FE, 14 }, // U+01FE
    { 0x01FF, 26 }, // U+01FF
    { 0x0218, 17 }, // U+0218
    { 0x0219, 35 }, // U+0219
    { 0x021A, 45 }, // U+021A
    { 0x021B, 36 }, // U+021B
    { 0x021F, 29 }, // U+021F
    { 0x0410, 46 }, // U+0410
    { 0x0414, 46 }, // U+0414
    { 0x041B, 46 }, // U+041B
    { 0x041E, 47 }, // U+041E
    { 0x0421, 47 }, // U+0421
    { 0x0422, 48 }, // U+0422
    { 0x0425, 49 }, // U+0425
    { 0x0430, 50 }, // U+0430
    { 0x0432, 51 }, // U+0432
    { 0x0434, 52 }, // U+0434
    { 0x0435, 53 }, // U+0435
    { 0x0437, 51 }, // U+0437
    { 0x043A, 51 }, // U+043A
    { 0x043D, 51 }, // U+043D
    { 0x043E, 53 }, // U+043E
    { 0x0442, 51 }, // U+0442
    { 0x0446, 51 }, // U+0446
    { 0x044C, 51 }, // U+044C
    { 0x044E, 51 }, // U+044E
    { 0x1EA0, 13 }, // U+1EA0
    { 0x1EA1, 25 }, // U+1EA1
    { 0x1EA2, 13 }, // U+1EA2
    { 0x1EA3, 25 }, // U+1EA3
    { 0x1EA4, 13 }, // U+1EA4
    { 0x1EA5, 25 }, // U+1EA5
    { 0x1EA6, 13 }, // U+1EA6
    { 0x1EA7, 25 }, // U+1EA7
    { 0x1EA8, 13 }, // U+1EA8
    { 0x1EA9, 25 }, // U+1EA9
    { 0x1EAA, 13 }, // U+1EAA
    { 0x1EAB, 25 }, // U+1EAB
    { 0x1EAC, 13 }, // U+1EAC
    { 0x1EAD, 25 }, // U+1EAD
    { 0x1EAE, 13 }, // U+1EAE
    { 0x1EAF, 25 }, // U+1EAF
    { 0x1EB0, 13 }, // U+1EB0
    { 0x1EB1, 25 }, // U+1EB1
    { 0x1EB2, 13 }, // U+1EB2
    { 0x1EB3, 25 }, // U+1EB3
    { 0x1EB4, 13 }, // U+1EB4
    { 0x1EB5, 25 }, // U+1EB5
    { 0x1EB6, 13 }, // U+1EB6
    { 0x1EB7, 25 }, // U+1EB7
    { 0x1EB9, 26 }, // U+1EB9
    { 0x1EBB, 26 }, // U+1EBB
    { 0x1EBD, 26 }, // U+1EBD
    { 0x1EBF, 26 }, // U+1EBF
    { 0x1EC1, 26 }, // U+1EC1
    { 0x1EC3, 26 }, // U+1EC3
    { 0x1EC5, 26 }, // U+1EC5
    { 0x1EC7, 26 }, // U+1EC7
    { 0x1EC8, 15 }, // U+1EC8
    { 0x1EC9, 30 }, // U+1EC9
    { 0x1ECA, 15 }, // U+1ECA
    { 0x1ECB, 30 }, // U+1ECB
    { 0x1ECC, 14 }, // U+1ECC
    { 0x1ECD, 26 }, // U+1ECD
    { 0x1ECE, 14 }, // U+1ECE
    { 0x1ECF, 26 }, // U+1ECF
    { 0x1ED0, 14 }, // U+1ED0
    { 0x1ED1, 26 }, // U+1ED1
    { 0x1ED2, 14 }, // U+1ED2
    { 0x1ED3, 26 }, // U+1ED3
    { 0x1ED4, 14 }, // U+1ED4
    { 0x1ED5, 26 }, // U+1ED5
    { 0x1ED6, 14 }, // U+1ED6
    { 0x1ED7, 26 }, // U+1ED7
    { 0x1ED8, 14 }, // U+1ED8
    { 0x1ED9, 26 }, // U+1ED9
    { 0x1EDA, 14 }, // U+1EDA
    { 0x1EDB, 26 }, // U+1EDB
    { 0x1EDC, 14 }, // U+1EDC
    { 0x1EDD, 26 }, // U+1EDD
    { 0x1EDE, 14 }, // U+1EDE
    { 0x1EDF, 26 }, // U+1EDF
    { 0x1EE0, 14 }, // U+1EE0
    { 0x1EE1, 26 }, // U+1EE1
    { 0x1EE2, 14 }, // U+1EE2
    { 0x1EE3, 26 }, // U+1EE3
    { 0x1EE4, 19 }, // U+1EE4
    { 0x1EE5, 37 }, // U+1EE5
    { 0x1EE6, 19 }, // U+1EE6
    { 0x1EE7, 37 }, // U+1EE7
    { 0x1EE8, 19 }, // U+1EE8
    { 0x1EE9, 37 }, // U+1EE9
    { 0x1EEA, 19 }, // U+1EEA
    { 0x1EEB, 37 }, // U+1EEB
    { 0x1EEC, 19 }, // U+1EEC
    { 0x1EED, 37 }, // U+1EED
    { 0x1EEE, 19 }, // U+1EEE
    { 0x1EEF, 37 }, // U+1EEF
    { 0x1EF0, 19 }, // U+1EF0
    { 0x1EF1, 37 }, // U+1EF1
    { 0x1EF2, 44 }, // U+1EF2
    { 0x1EF3, 38 }, // U+1EF3
    { 0x1EF4, 44 }, // U+1EF4
    { 0x1EF5, 38 }, // U+1EF5
    { 0x1EF6, 44 }, // U+1EF6
    { 0x1EF7, 38 }, // U+1EF7
    { 0x1EF8, 44 }, // U+1EF8
    { 0x1EF9, 38 }, // U+1EF9
    { 0x2013, 4 }, // U+2013
    { 0x2014, 4 }, // U+2014
    { 0x2019, 54 }, // U+2019
    { 0x201A, 3 }, // U+201A
    { 0x201D, 54 }, // U+201D
    { 0x201E, 3 }, // U+201E
    { 0x2026, 3 }, // U+2026
    { 0x2030, 1 }, // U+2030
    { 0x20AB, 26 }, // U+20AB
    { 0x2202, 26 }, // U+2202
    { 0xFB00, 27 }, // U+FB00
    { 0xFB01, 27 }, // U+FB01
    { 0xFB02, 27 }, // U+FB02
    { 0xFB03, 27 }, // U+FB03
    { 0xFB04, 27 }, // U+FB04
};

static const int8_t lexenddeca_20_italicKernMatrix[] = {
       0,    0,    0,    0,    0,    0,    0,    0,    0,   21,    0,    0,    0,    0,    0,    0,    0,    0,    0,    0,    0,    0,    0,    0,    0,    0,    0,    0,    0,    0,    0,    0,    0,    0,    0,    0,    0,    0,    0,    0,    0,    0,    0,    0,    0,    0,    0,    0,    0,    0,    0,    0,    0,    0,
       0,    0,    0,    0,    0,    0,    0,    0,    0,    0,    0,    0,    0,    0,    0,    0,    0,    0,    0,    0,    0,    0,    0,    0,    0,    0,    0,  -14,    0,    0,    0,    0,    0,    0,    0,    0,    0,    0,    0,    0,    0,    0,    0,    0,    0,    0,    0,    0,    0,    0,    0,    0,    0,    0,
       0,    0,    0,    0,    0,    0,  -31,  -21,   21,  -37,    0,    0,    0,    0,    0,    0,    0,    0,    0,    0,    0,    0,    0,    0,    0,    0,    0,    0,    0,    0,    0,    0,    0,    0,    0,    0,    0,    0,    0,    0,    0,    0,    0,    0,    0,    0,    0,    0,    0,    0,    0,    0,    0,    0,
       0,    0,    0,    0,  -52,    0,    0,    0,    0,    0,    0,    0,    0,    0,    0,    0,    0,    0,    0,    0,    0,    0,    0,    0,    0,    0,    0,    0,    0,    0,    0,    0,    0,    0,    0,    0,    0,    0,    0,    0,    0,    0,    0,    0,    0,    0,    0,    0,    0,    0,    0,    0,    0,    0,
       0,    0,    0,    0,    0,    0,    0,  -13,    0,    0,    0,    0,    0,    0,    0,    0,    0,    0,    0,    0,    0,    0,    0,    0,    0,    0,    0,    0,    0,    0,    0,    0,    0,    0,    0,    0,    0,    0,    0,    0,    0,    0,    0,    0,    0,    0,    0,    0,    0,    0,    0,    0,    0,    0,
       0,   11,    0,    0,    0,    0,    0,    0,    0,    0,    0,    0,    0,    0,    0,    0,    0,    0,    0,    0,    0,    0,    0,    0,    0,    0,    0,    0,    0,    0,    0,    0,    0,    0,    0,    0,    0,    0,    0,    0,    0,    0,    0,    0,    0,    0,    0,    0,    0,    0,    0,    0,    0,    0,
       0,    0,    0,    0,    0,    0,    0,    0,   -5,    0,    0,    0,    0,    0,    0,    0,    0,    0,    0,    0,    0,    0,    0,    0,    0,    0,    0,    0,    0,    0,    0,    0,    0,    0,    0,    0,    0,    0,    0,    0,    0,    0,    0,    0,    0,    0,    0,    0,    0,    0,    0,    0,    0,    0,
     -32,    0,    0,    0,    0,    0,    0,    0,    0,    0,    0,  -15,    0,    0,    0,    0,    0,    0,    0,    0,    0,    0,    0,    0,    0,    0,    0,    0,    0,    0,    0,    0,    0,    0,    0,    0,    0,    0,    0,    0,    0,  -51,    0,    0,    0,    0,    0,    0,    0,    0,    0,    0,    0,    0,
       0,    0,    0,    0,    0,    0,    0,    0,    0,    0,    0,  -11,    0,    0,    0,    0,    0,    0,    0,    0,    0,    0,    0,    0,    0,    0,    0,    0,    0,    0,    0,    0,    0,    0,    0,    0,    0,    0,    0,    0,    0,    0,    0,    0,    0,    0,    0,    0,    0,    0,    0,    0,    0,    0,
     -21,    0,    0,    0,    0,    0,  -15,  -13,    0,    0,    0,    0,    0,    0,    0,    0,    0,    0,    0,    0,    0,    0,    0,    0,    0,    0,    0,    0,    0,    0,    0,    0,    0,    0,    0,    0,    0,    0,    0,    0,    0,    0,    0,    0,    0,    0,    0,    0,    0,    0,    0,    0,    0,    0,
      21,    0,    0,  -37,    0,    0,   19,    0,  -31,   24,  -31,    0,    0,    0,    0,    0,    0,    0,    0,    0,    0,    0,    0,    0,    0,    0,    0,    0,    0,    0,    0,    0,    0,    0,    0,    0,    0,    0,    0,    0,    0,    0,    0,    0,    0,    0,    0,    0,    0,    0,    0,    0,    0,    0,
     -39,    0,    0,    0,    0,  -27,  -19,    0,    0,  -13,    0,  -33,    0,    0,    0,    0,    0,    0,    0,    0,    0,    0,    0,    0,    0,    0,    0,    0,    0,    0,    0,    0,    0,    0,    0,    0,    0,    0,    0,    0,    0,  -19,    0,    0,    0,    0,    0,    0,    0,    0,    0,    0,    0,    0,
       0,    0,    0,    0,    0,    0,    0,    0,  -15,  -13,  -15,    0,    0,    0,    0,    0,    0,    0,    0,    0,    0,    0,    0,    0,    0,    0,    0,    0,    0,    0,    0,    0,    0,    0,    0,    0,    0,    0,    0,    0,    0,    0,    0,    0,    0,    0,    0,    0,    0,    0,    0,    0,    0,    0,
       0,    0,    0,    0,    0,    0,    0,    0,    0,    0,    0,    0,   13,  -25,    0,    0,    0,  -44,  -19,  -45,  -31,    0,  -44,    0,    0,    0,    0,    0,    0,    0,    0,  -14,    0,    0,    0,  -18,  -16,  -27,  -29,   13,    0,    0,    0,  -44,  -44,    0,    0,    0,    0,    0,    0,    0,    0,    0,
       0,    0,    0,    0,    0,    0,    0,    0,    0,    0,    0,    0,  -13,    0,    0,    0,    0,    0,    0,  -13,    0,  -13,  -19,    0,   -9,    0,    0,    0,    0,    0,    0,    0,    0,    0,    0,    0,    0,    0,    0,    0,    0,    0,  -28,  -19,    0,    0,    0,    0,    0,    0,    0,    0,    0,    0,
       0,    0,    0,    0,    0,    0,    0,    0,    0,    0,    0,    0,    0,  -13,    0,    0,    0,    0,    0,    0,    0,    0,  -15,    0,    0,    0,    0,    0,    0,    0,    0,    0,    0,    0,    0,    0,    0,    0,    0,    0,    0,    0,  -28,  -15,    0,    0,    0,    0,    0,    0,    0,    0,    0,    0,
       0,    0,    0,    0,    0,    0,    0,    0,    0,    0,    0,    0,  -25,    0,  -19,    0,    0,  -25,    0,  -19,  -13,  -13,  -31,  -13,  -19,    0,    0,    0,    0,    0,    0,    0,    0,    0,    0,    0,    0,    0,    0,    0,  -13,    0,  -47,  -31,  -25,    0,    0,    0,    0,    0,    0,    0,    0,    0,
       0,    0,    0,    0,    0,    0,    0,    0,    0,    0,    0,    0,    0,  -13,    0,    0,    0,    0,    0,   11,   12,    0,    0,    0,    0,    0,    0,    0,    0,    0,    0,    0,    0,    0,    0,    0,    0,    0,    0,    0,    0,    0,    0,    0,    0,    0,    0,    0,    0,    0,    0,    0,    0,    0,
       0,    0,    0,    0,    0,    0,    0,    0,    0,    0,    0,    0,  -25,    0,    0,  -21,    0,   15,    0,    0,    0,    0,    0,    0,  -15,    0,    0,    0,    0,    0,    0,    0,    0,    0,    0,    0,    0,    0,    0,    0,    0,    0,  -76,    0,   15,    0,    0,    0,    0,    0,    0,    0,    0,    0,
       0,    0,    0,    0,    0,    0,    0,    0,    0,    0,    0,    0,    0,    0,    0,    0,    0,  -13,    0,  -19,    0,    0,  -31,    0,    0,    0,    0,    0,    0,    0,    0,    0,    0,    0,    0,    0,    0,    0,    0,    0,    0,    0,    0,  -31,  -13,    0,    0,    0,    0,    0,    0,    0,    0,    0,
       0,    0,    0,    0,    0,    0,    0,    0,    0,    0,    0,    0,    0,  -19,    0,    0,    0,    0,    0,    0,    0,    0,    0,    0,    0,    0,  -14,    0,    0,    0,    0,    0,    0,    0,    0,  -19,    0,    0,    0,    0,    0,    0,  -18,    0,    0,    0,    0,    0,    0,    0,    0,    0,    0,    0,
       0,    0,    0,    0,    0,    0,    0,    0,    0,    0,    0,    0,  -19,    0,    0,    0,    0,    0,    0,    0,    0,    0,    0,    0,    0,    0,    0,    0,    0,    0,    0,    0,    0,    0,    0,    0,    0,    0,    0,    0,    0,    0,    0,    0,    0,    0,    0,    0,    0,    0,    0,    0,    0,    0,
       0,    0,    0,    0,    0,    0,    0,    0,    0,    0,    0,    0,    0,  -31,    0,    0,    0,    0,    0,    0,    0,    0,    0,    0,    0,  -13,    0,    0,    0,    0,    0,    0,    0,    0,    0,    0,  -29,  -33,  -33,    0,    0,    0,    0,    0,    0,    0,    0,    0,    0,    0,    0,    0,    0,    0,
       0,    0,    0,    0,    0,    0,    0,    0,    0,    0,    0,    0,   19,  -25,    0,   19,    0,  -69,  -14,  -44,  -25,   19,  -57,    0,    0,    0,    0,    0,    0,  -13,    0,    0,    0,    0,    0,    0,    0,  -25,  -31,   19,    0,    0,    0,  -57,  -69,    0,    0,    0,    0,    0,    0,    0,    0,    0,
       0,    0,    0,    0,    0,    0,    0,    0,    0,    0,    0,    0,  -55,    0,    0,  -45,    0,    0,    0,    0,    0,  -19,  -13,  -13,  -19,    0,    0,    0,    0,    0,    0,    0,    0,    0,  -13,    0,    0,    0,    0,    0,    0,    0,  -98,  -13,    0,    0,    0,    0,    0,    0,    0,    0,    0,    0,
       0,    0,    0,    0,    0,    0,    0,    0,    0,    0,    0,    0,   19,    0,    0,    0,    0,    0,   -4,    0,    0,   13,  -25,    0,    0,    0,    0,    0,    0,    0,    0,    0,    0,    0,    0,    0,    0,    0,    0,   13,   13,    0,    0,  -25,    0,    0,    0,    0,    0,    0,    0,    0,    0,    0,
       0,    0,    0,    0,    0,    0,    0,    0,    0,    0,    0,    0,   12,  -14,    0,    0,    0,    0,    0,    0,    0,    0,  -11,    0,    0,    0,    0,  -13,    0,    0,    0,    0,    0,    0,    0,    0,  -13,    0,    0,    0,    0,    0,    0,  -11,    0,    0,    0,    0,    0,    0,    0,    0,    0,    0,
       0,    0,    0,    0,    0,    0,    0,    0,    0,    0,    0,    0,    0,    0,    0,    0,    0,    0,    0,    0,  -13,    0,   -9,    0,    0,    0,    0,    0,    0,    0,    0,    0,    0,    0,    0,    0,    0,    0,    0,    0,    0,    0,  -18,   -9,    0,    0,    0,    0,    0,    0,    0,    0,    0,    0,
       0,    0,    0,    0,    0,    0,    0,    0,    0,    0,    0,    0,  -44,  -25,    0,  -69,    0,   15,    0,   25,   19,    0,   13,    0,  -56,  -57,   13,  -51,    0,    0,    0,    0,  -44,  -44,  -39,    0,  -45,   -7,  -13,   -7,  -20,    0,  -83,   13,   15,    0,    0,    0,    0,    0,    0,    0,    0,    0,
       0,    0,    0,    0,    0,    0,    0,    0,    0,    0,    0,    0,  -19,    0,    0,    0,    0,    0,    0,    0,    0,    0,    0,    0,    0,    0,    0,    0,    0,    0,    0,    0,    0,    0,    0,    0,    0,    0,    0,    0,    0,    0,  -59,    0,    0,    0,    0,    0,    0,    0,    0,    0,    0,    0,
       0,    0,    0,    0,    0,    0,    0,    0,    0,    0,    0,    0,  -45,  -19,    0,  -25,    0,   25,    0,   13,   13,    0,   13,    0,  -25,  -31,    0,  -24,    0,    0,    0,    0,  -13,  -13,  -13,    0,    0,    0,    0,    0,    0,    0,  -63,   13,   25,    0,    0,    0,    0,    0,    0,    0,    0,    0,
       0,    0,    0,    0,    0,    0,    0,    0,    0,    0,    0,    0,  -31,  -13,    0,  -19,    0,   19,    0,   13,   13,    0,    0,    0,  -19,  -15,    0,  -19,    0,    0,    0,    0,    0,    0,    0,    0,    0,    0,    0,    0,    0,    0,  -59,    0,   19,    0,    0,    0,    0,    0,    0,    0,    0,    0,
       0,    0,    0,    0,    0,    0,    0,    0,    0,    0,    0,    0,    0,  -19,    0,    0,    0,    0,    0,    0,    0,    0,    0,    0,  -13,  -13,    0,  -13,    0,    0,    0,    0,    0,    0,    0,    0,  -19,  -13,    0,    0,    0,    0,    0,    0,    0,    0,    0,    0,    0,    0,    0,    0,    0,    0,
       0,    0,    0,    0,    0,    0,    0,    0,    0,    0,    0,    0,  -44,  -31,    0,  -38,    0,   13,    0,   13,    0,    0,    0,    0,  -51,  -57,    0,  -57,    0,    0,    0,    0,  -29,  -29,  -38,    0,  -25,    0,    0,  -13,  -13,    0, -108,    0,   13,    0,    0,    0,    0,    0,    0,    0,    0,    0,
       0,    0,    0,    0,    0,    0,    0,    0,    0,    0,    0,    0,    0,  -19,    0,    0,    0,    0,    0,    0,    0,    0,    0,    0,    0,    0,    0,  -19,    0,    0,    0,    0,    0,    0,    0,  -19,    0,    0,    0,    0,    0,    0,    0,    0,    0,    0,    0,    0,    0,    0,    0,    0,    0,    0,
       0,    0,    0,    0,    0,    0,    0,    0,    0,    0,    0,    0,    0,    0,    0,    0,    0,  -56,    0,    0,    0,    0,  -37,    0,    0,    0,    0,    0,    0,    0,    0,    0,    0,    0,    0,    0,    0,    0,    0,    0,    0,    0,    0,    0,    0,    0,    0,    0,    0,    0,    0,    0,    0,    0,
       0,    0,    0,    0,    0,    0,    0,    0,    0,    0,    0,    0,    0,    0,    0,    0,    0,  -57,    0,  -31,  -15,  -13,  -57,    0,    0,    0,    0,    0,    0,    0,    0,    0,    0,    0,    0,    0,    0,    0,    0,    0,    0,    0,  -27,  -57,  -57,    0,    0,    0,    0,    0,    0,    0,    0,    0,
       0,    0,    0,    0,    0,    0,    0,    0,    0,    0,    0,    0,    0,    0,    0,    0,    0,  -31,    0,    0,  -19,    0,  -51,    0,    0,    0,    0,    0,    0,    0,    0,    0,    0,    0,    0,    0,    0,    0,    0,    0,    0,    0,   -8,  -51,  -31,    0,    0,    0,    0,    0,    0,    0,    0,    0,
       0,    0,    0,    0,    0,    0,    0,    0,    0,    0,    0,    0,    0,    0,    0,    0,    0,  -44,    0,  -25,  -19,  -13,  -51,    0,    0,    0,    0,    0,    0,    0,    0,    0,    0,    0,    0,    0,    0,    0,    0,    0,    0,    0,  -21,  -51,  -44,    0,    0,    0,    0,    0,    0,    0,    0,    0,
       0,    0,    0,    0,    0,    0,    0,    0,    0,    0,    0,    0,    0,    0,    0,    0,    0,   19,    0,    0,   13,    0,    0,    0,  -21,  -14,    0,    0,    0,    0,    0,    0,    0,    0,    0,    0,    0,    0,    0,    0,    0,    0,  -55,    0,   19,    0,    0,    0,    0,    0,    0,    0,    0,    0,
       0,    0,    0,    0,    0,    0,    0,    0,    0,    0,    0,    0,    0,    0,    0,    0,    0,  -44,    0,    0,    0,    0,  -31,    0,    0,    0,    0,    0,    0,    0,    0,    0,    0,    0,    0,    0,    0,    0,    0,    0,    0,    0,    0,  -31,  -44,    0,    0,    0,    0,    0,    0,    0,    0,    0,
       0,    0,    0,    0,    0,    0,    0,    0,    0,    0,    0,    0,    0,    0,    0,    0,    0,  -53,    0,  -15,  -19,    0,  -44,    0,    0,   -7,    0,   -9,    0,    0,    0,    0,    0,    0,    0,   -9,    0,    0,    0,    0,    0,    0,  -13,  -44,  -53,    0,    0,    0,    0,    0,    0,    0,    0,    0,
       0,    0,    0,    0,    0,    0,    0,    0,    0,    0,    0,    0,    0,    0,    0,    0,    0,    0,    0,    0,    0,    0,    0,    0,    0,    0,    0,    0,    0,    0,   16,    0,    0,    0,    0,    0,    0,    0,    0,    0,    0,    0,    0,    0,    0,    0,    0,    0,    0,    0,    0,    0,    0,    0,
       0,    0,    0,    0,    0,    0,    0,    0,    0,    0,    0,    0,   19,  -13,    0,    0,    0,    0,    0,    0,    0,    0,    0,    0,    0,  -10,    0,    0,    0,    0,    0,    0,    0,    0,    0,   -8,    0,    0,    0,    0,    0,    0,    0,    0,    0,    0,    0,    0,    0,    0,    0,    0,    0,    0,
       0,    0,   23,    0,    0,    0,    0,    0,    0,    0,    0,    0,    0,    0,    0,    0,    0,    0,    0,    0,    0,   13,    0,    0,    0,    0,    0,    0,    0,  -13,    0,    0,    0,   14,    0,    0,    0,    8,    0,    0,    0,    0,    8,    0,    0,    0,    0,    0,    0,    0,    0,    0,    0,    0,
       0,    0,    0,    0,    0,    0,    0,    0,    0,    0,    0,    0,    0,    0,    0,    0,    0,  -31,    0,    0,    0,    0,  -19,    0,    0,    0,    0,    0,    0,    0,    0,    0,    0,    0,    0,    0,    0,    0,    0,    0,    0,    0,    0,  -19,  -31,    0,    0,    0,    0,    0,    0,    0,    0,    0,
       0,    0,    0,    0,    0,    0,    0,    0,    0,    0,    0,    0,    0,    0,    0,  -53,    0,   -9,    0,    0,   19,    0,    0,    0,  -10,    0,   13,    0,    0,    0,    0,    0,    0,    0,    0,   11,    0,   17,   16,   14,    0,    0,  -80,    0,   -9,    0,    0,    0,    0,    0,    0,    0,    0,    0,
       0,    0,    0,    0,    0,    0,    0,    0,    0,    0,    0,    0,    0,    0,    0,   14,    0,  -39,    0,  -13,    0,    0,  -37,    0,    0,    0,    0,    0,    0,    0,    0,    0,    0,    0,    0,    0,    0,    0,    0,    0,    0,    0,   -5,  -37,  -39,    0,    0,    0,    0,    0,    0,    0,    0,    0,
       0,    0,    0,    0,    0,    0,    0,    0,    0,    0,    0,    0,   16,    0,    0,    0,    0,    0,    0,    0,    0,    0,  -19,    0,    0,    0,    0,    0,    0,    0,    0,    0,    0,    0,    0,    0,    0,    0,    0,    0,    0,    0,    0,  -19,    0,    0,    0,    0,    0,    0,    0,    0,    0,    0,
       0,    0,    0,    0,    0,    0,    0,    0,    0,    0,    0,    0,    0,    0,    0,    0,    0,  -53,    0,    0,    0,    0,  -26,    0,    0,    0,    0,    0,    0,    0,    0,    0,    0,    0,    0,    0,    0,    0,    0,    0,    0,    0,  -18,  -26,  -53,    0,    0,    0,    0,    0,    0,    0,    0,    0,
       0,    0,    0,    0,    0,    0,    0,    0,    0,    0,    0,    0,  -37,    0,    0,    0,    0,   -7,    0,    0,    0,  -13,    0,  -13,  -13,    0,   14,    0,    0,    0,    0,    0,    0,    0,   14,    0,    0,    7,    7,    0,    0,    0,  -67,    0,   -7,    0,    0,    0,    0,    0,    0,    0,    0,    0,
       0,    0,    0,    0,    0,    0,    0,    0,    0,    0,    0,    0,    0,    0,    0,    0,    0,  -13,    0,    0,    0,    0,    0,    0,    0,    0,    9,    0,    0,    0,    0,    0,    0,    0,    0,    0,    0,    7,    7,    0,    0,    0,  -67,    0,  -13,    0,    0,    0,    0,    0,    0,    0,    0,    0,
       0,    0,    0,    0,    0,    0,    0,    0,    0,    0,    0,    0,   13,    0,    0,    0,    0,   -7,    0,    0,    0,    0,  -13,    0,    0,    0,    0,    0,    0,    0,    0,    0,    0,    0,    0,    0,    0,    0,    0,    0,    0,    0,    0,  -13,   -7,    0,    0,    0,    0,    0,    0,    0,    0,    0,
       0,    0,    0,    0,    0,    0,    0,    0,    0,    0,    0,    0,    0,    0,    0,    0,    0,    0,    0,    0,    0,    0,  -13,    0,    0,    0,    0,    0,    0,    0,    0,    0,    0,    0,    0,    0,    0,    0,    0,    0,    0,    0,    0,  -13,    0,    0,    0,    0,    0,    0,    0,    0,    0,    0,
       0,    0,   23,    0,    0,    0,    0,    0,    0,    0,    0,    0,    0,   18,   27,    0,   20,   67,   27,   62,   62,   53,   60,   36,    0,    0,   33,    0,   27,   13,   27,   27,   20,   20,    0,   27,    0,   45,   35,   35,   27,    0,    8,   60,   67,    0,    0,    0,    0,    0,    0,    0,    0,   35,
       0,    0,   23,    0,    0,    0,    0,    0,    0,    0,    0,    0,    0,    0,    0,    0,    0,    0,    0,    0,    0,   13,    0,    0,    0,    0,    0,    0,    0,  -13,    0,    0,    0,    0,    0,    0,    0,    8,    0,    0,    0,    0,    8,    0,    0,    0,    0,    0,    0,    0,    0,    0,    0,    0,
       0,    0,    0,    0,    0,    0,    0,    0,    0,    0,    0,    0,    0,    0,    0,    0,    0,  -33,    0,    0,    0,    0,    0,    0,    0,    0,    0,    0,    0,    0,    0,    0,    0,    0,    0,    0,    0,    0,    0,    0,    0,    0,    0,    0,    0,    0,    0,    0,    0,    0,    0,    0,    0,    0,
       0,    0,  -45,    0,    0,    0,    0,    0,    0,    0,    0,    0,  -18,    0,    0,    0,    0,   27,    0,   18,   18,    9,    9,    0,    0,    0,    0,    0,    0,    0,    0,    0,    0,    0,    0,    0,    0,    0,    0,    0,    0,    0,  -35,    9,   27,    0,    0,    0,    0,    0,    0,    0,    0,    0,
       0,    0,  -45,    0,    0,    0,    0,    0,    0,    0,    0,    0,  -18,    0,    0,    0,   18,   18,    0,   18,   18,    0,    0,    0,    0,    0,    0,    0,    9,    9,    0,    9,    0,    0,    0,   17,    0,   27,   27,   18,    0,    0,  -27,    0,   18,    0,    0,    0,    0,    0,    0,    0,    0,    0,
       0,    0,  -45,    0,    0,    0,    0,    0,    0,    0,    0,    0,  -35,    0,    0,   -9,    0,   35,    0,   27,   27,    9,   18,    0,  -18,   -9,    0,   -9,    0,    0,    0,    0,    0,    0,    0,    0,   -9,    0,    0,    0,   -9,    0,  -45,   18,   35,    0,    0,    0,    0,    0,    0,    0,    0,    0,
       0,    0,  -27,    0,    0,    0,    0,    0,    0,    0,    0,    0,  -18,    0,    0,  -18,   18,   27,    0,   27,   27,    0,    0,    0,   -9,   -9,   18,   -9,    0,    0,    0,    0,    0,    0,   -9,   18,    0,   27,   27,   27,    0,    0,  -27,    0,   27,    0,    0,    0,    0,    0,    0,    0,    0,    0,
       0,    0,    0,    0,    0,    0,    0,    0,    0,    0,    0,    0,    0,    0,    0,    0,    0,    0,    0,    0,    0,    0,    0,    0,    0,    0,    0,    0,    0,    0,    0,    0,    0,    0,    0,    0,    0,    0,    0,    0,    0,    0,    0,    0,    0,    0,  -26,  -62,    0,    0,    0,    0,    0,    0,
       0,    0,    0,    0,    0,    0,    0,    0,    0,    0,    0,    0,    0,    0,    0,    0,    0,    0,    0,    0,    0,    0,    0,    0,    0,    0,    0,    0,    0,    0,    0,    0,    0,    0,    0,    0,    0,    0,    0,    0,    0,    0,    0,    0,    0,  -36,    0,    0,    0,  -23,    0,  -39,  -33,    0,
       0,    0,    0,    0,    0,    0,    0,    0,    0,    0,    0,    0,    0,    0,    0,    0,    0,    0,    0,    0,    0,    0,    0,    0,    0,    0,    0,    0,    0,    0,    0,    0,    0,    0,    0,    0,    0,    0,    0,    0,    0,    0,    0,    0,    0,    0,    0,   -7,  -13,    0,    0,    0,    0,    0,
       0,    0,    0,    0,    0,    0,    0,    0,    0,    0,    0,    0,    0,    0,    0,    0,    0,    0,    0,    0,    0,    0,    0,    0,    0,    0,    0,    0,    0,    0,    0,    0,    0,    0,    0,    0,    0,    0,    0,    0,    0,    0,    0,    0,    0,  -16,    0,    0,    0,   -3,    0,  -26,   -3,    0,
       0,    0,    0,    0,    0,    0,    0,    0,    0,    0,    0,    0,    0,    0,    0,    0,    0,    0,    0,    0,    0,    0,    0,    0,    0,    0,    0,    0,    0,    0,    0,    0,    0,    0,    0,    0,    0,    0,    0,    0,    0,    0,    0,    0,    0,  -26,   10,    0,    0,  -29,   -7,  -49,  -29,    0,
       0,    0,    0,    0,    0,    0,    0,    0,    0,    0,    0,    0,    0,    0,    0,    0,    0,    0,    0,    0,    0,    0,    0,    0,    0,    0,    0,    0,    0,    0,    0,    0,    0,    0,    0,    0,    0,    0,    0,    0,    0,    0,    0,    0,    0,    0,  -26,    0,    0,    0,    0,    0,    0,    0,
       0,    0,    0,    0,    0,    0,    0,    0,    0,    0,    0,    0,    0,    0,    0,    0,    0,    0,    0,    0,    0,    0,    0,    0,    0,    0,    0,    0,    0,    0,    0,    0,    0,    0,    0,    0,    0,    0,    0,    0,    0,    0,    0,    0,    0,    0,    0,  -26,    0,    0,    0,    0,    0,    0,
       0,    0,    0,    0,    0,    0,    0,    0,    0,    0,    0,    0,    0,    0,    0,    0,    0,    0,    0,    0,    0,    0,    0,    0,    0,    0,    0,    0,    0,    0,    0,    0,    0,    0,    0,    0,    0,    0,    0,    0,    0,    0,    0,    0,    0,    0,    0,    0,    0,    0,    0,   -3,    0,    0,
       0,    0,    0,    0,    0,    0,    0,    0,    0,    0,    0,    0,    0,    0,    0,    0,    0,    0,    0,    0,    0,    0,    0,    0,    0,    0,    0,    0,    0,    0,    0,    0,    0,    0,    0,    0,    0,    0,    0,    0,    0,    0,    0,    0,    0,    0,    0,    0,    0,    0,    0,    0,   -7,    0,
       0,    0,    0,    0,    0,    0,    0,    0,    0,    0,    0,    0,    0,    0,    0,    0,    0,    0,    0,    0,    0,    0,    0,    0,    0,    0,    0,    0,    0,    0,    0,    0,    0,    0,  -19,    0,    0,    0,    0,    0,    0,    0,    0,    0,    0,    0,    0,    0,    0,    0,    0,    0,    0,    0,
};

static const EpdLigaturePair lexenddeca_20_italicLigaturePairs[] = {
    { 0x00660066, 0xFB00 }, // f f -> U+FB00
    { 0x00660069, 0xFB01 }, // f i -> U+FB01
    { 0x0066006C, 0xFB02 }, // f l -> U+FB02
    { 0xFB000069, 0xFB03 }, // U+FB00 i -> U+FB03
    { 0xFB00006C, 0xFB04 }, // U+FB00 l -> U+FB04
};

static constexpr EpdFontData lexenddeca_20_italic = {
    lexenddeca_20_italicBitmaps,
    lexenddeca_20_italicGlyphs,
    lexenddeca_20_italicIntervals,
    78,
    52,
    40,
    -13,
    true,
    lexenddeca_20_italicGroups,
    17,
    nullptr,
    lexenddeca_20_italicKernLeftClasses,
    lexenddeca_20_italicKernRightClasses,
    lexenddeca_20_italicKernMatrix,
    362,
    350,
    71,
    54,
    lexenddeca_20_italicLigaturePairs,
    5,
};
