/**
 * generated by fontconvert.py
 * name: lexenddeca_16_regular
 * size: 16
 * mode: 2-bit  compressed: true
 * Command used: fontconvert.py lexenddeca_16_regular 16 ../builtinFonts/source/LexicaUltralegible/LexicaUltralegible-Regular.ttf ../builtinFonts/source/ChareInk7/ChareInk7-Regular.ttf ../builtinFonts/source/NotoEmoji/NotoEmoji-Regular.ttf ../builtinFonts/source/NotoSymbols/NotoSansSymbols-Regular.ttf ../builtinFonts/source/NotoSansCJKsc/NotoSansCJKsc-Regular.otf --additional-intervals 0x03BB,0x03BB --additional-intervals 0x0410,0x0414 --additional-intervals 0x0418,0x0418 --additional-intervals 0x041B,0x041B --additional-intervals 0x041D,0x0423 --additional-intervals 0x0425,0x0425 --additional-intervals 0x0427,0x0427 --additional-intervals 0x042B,0x042C --additional-intervals 0x042E,0x0432 --additional-intervals 0x0434,0x0435 --additional-intervals 0x0437,0x0437 --additional-intervals 0x043A,0x043A --additional-intervals 0x043D,0x043E --additional-intervals 0x0440,0x0440 --additional-intervals 0x0442,0x0442 --additional-intervals 0x0446,0x0446 --additional-intervals 0x044C,0x044C --additional-intervals 0x044E,0x044E --additional-intervals 0x2113,0x2113 --additional-intervals 0x2669,0x266F --additional-intervals 0x1F600,0x1F607 --additional-intervals 0x1F609,0x1F614 --additional-intervals 0x1F618,0x1F618 --additional-intervals 0x1F61A,0x1F61A --additional-intervals 0x1F61C,0x1F61D --additional-intervals 0x1F620,0x1F622 --additional-intervals 0x1F624,0x1F625 --additional-intervals 0x1F629,0x1F629 --additional-intervals 0x1F62C,0x1F62E --additional-intervals 0x1F631,0x1F635 --additional-intervals 0x1F641,0x1F642 --additional-intervals 0x1F644,0x1F644 --additional-intervals 0x1F44B,0x1F44F --additional-intervals 0x2764,0x2764 --additional-intervals 0x4F1A,0x4F1A --additional-intervals 0x53BB,0x53BB --additional-intervals 0x5458,0x5458 --additional-intervals 0x59DA,0x59DA --additional-intervals 0x5B98,0x5B98 --additional-intervals 0x5BA4,0x5BA4 --additional-intervals 0x5E26,0x5E26 --additional-intervals 0x6211,0x6211 --additional-intervals 0x62C9,0x62C9 --additional-intervals 0x653E,0x653E --additional-intervals 0x6746,0x677F --additional-intervals 0x7532,0x7532 --additional-intervals 0x7684,0x7684 --additional-intervals 0x8BAE,0x8BAE --additional-intervals 0x8BF7,0x8BF7 --additional-intervals 0x91CA,0x91CA --font-include-intervals 1:0x03BB,0x03BB --font-include-intervals 1:0x0410,0x0414 --font-include-intervals 1:0x0418,0x0418 --font-include-intervals 1:0x041B,0x041B --font-include-intervals 1:0x041D,0x0423 --font-include-intervals 1:0x0425,0x0425 --font-include-intervals 1:0x0427,0x0427 --font-include-intervals 1:0x042B,0x042C --font-include-intervals 1:0x042E,0x0432 --font-include-intervals 1:0x0434,0x0435 --font-include-intervals 1:0x0437,0x0437 --font-include-intervals 1:0x043A,0x043A --font-include-intervals 1:0x043D,0x043E --font-include-intervals 1:0x0440,0x0440 --font-include-intervals 1:0x0442,0x0442 --font-include-intervals 1:0x0446,0x0446 --font-include-intervals 1:0x044C,0x044C --font-include-intervals 1:0x044E,0x044E --font-include-intervals 1:0x2113,0x2113 --font-include-intervals 2:0x1F600,0x1F607 --font-include-intervals 2:0x1F609,0x1F614 --font-include-intervals 2:0x1F618,0x1F618 --font-include-intervals 2:0x1F61A,0x1F61A --font-include-intervals 2:0x1F61C,0x1F61D --font-include-intervals 2:0x1F620,0x1F622 --font-include-intervals 2:0x1F624,0x1F625 --font-include-intervals 2:0x1F629,0x1F629 --font-include-intervals 2:0x1F62C,0x1F62E --font-include-intervals 2:0x1F631,0x1F635 --font-include-intervals 2:0x1F641,0x1F642 --font-include-intervals 2:0x1F644,0x1F644 --font-include-intervals 2:0x1F44B,0x1F44F --font-include-intervals 2:0x2764,0x2764 --font-include-intervals 3:0x2669,0x266F --font-include-intervals 4:0x4F1A,0x4F1A --font-include-intervals 4:0x53BB,0x53BB --font-include-intervals 4:0x5458,0x5458 --font-include-intervals 4:0x59DA,0x59DA --font-include-intervals 4:0x5B98,0x5B98 --font-include-intervals 4:0x5BA4,0x5BA4 --font-include-intervals 4:0x5E26,0x5E26 --font-include-intervals 4:0x6211,0x6211 --font-include-intervals 4:0x62C9,0x62C9 --font-include-intervals 4:0x653E,0x653E --font-include-intervals 4:0x6746,0x677F --font-include-intervals 4:0x7532,0x7532 --font-include-intervals 4:0x7684,0x7684 --font-include-intervals 4:0x8BAE,0x8BAE --font-include-intervals 4:0x8BF7,0x8BF7 --font-include-intervals 4:0x91CA,0x91CA --2bit --compress --pnum --darken-aa
 */
#pragma once
#include "EpdFontData.h"

static const uint8_t lexenddeca_16_regularBitmaps[31312] = {
    0xAD, 0x59, 0x3F, 0x93, 0xDC, 0x48, 0x15, 0x7F, 0x92, 0x28, 0x8B, 0x3A, 0x55, 0xA1, 0x90, 0x2A,
    0x5C, 0x85, 0x72, 0x0A, 0x4A, 0x5F, 0xC0, 0xAC, 0x44, 0xDD, 0x17, 0xE0, 0x23, 0x10, 0x52, 0x47,
    0xB0, 0x84, 0x04, 0xF6, 0x4A, 0x75, 0x17, 0x90, 0xDE, 0x47, 0x70, 0xE0, 0xC0, 0x35, 0x1B, 0x2C,
    0x21, 0xC1, 0xEE, 0xB4, 0xCE, 0x17, 0x5C, 0x40, 0x70, 0x2A, 0x13, 0x10, 0x22, 0x60, 0xA3, 0x73,
    0x40, 0x53, 0x16, 0x9C, 0xBC, 0x6E, 0xA9, 0xF9, 0xFD, 0x5E, 0x6B, 0x76, 0x67, 0x8D, 0x77, 0xBD,
    0xF6, 0x31, 0x33, 0x7A, 0xB3, 0x2B, 0xBD, 0x7E, 0xFD, 0xFA, 0xFD, 0xEB, 0xDF, 0xEB, 0x79, 0xF0,
    0xE0, 0xFA, 0x4B, 0x44, 0x1E, 0x79, 0xFF, 0xC8, 0x3E, 0xD8, 0x7F, 0x4B, 0xDA, 0x97, 0xB5, 0x64,
    0x7D, 0x25, 0x92, 0x77, 0x6F, 0x90, 0x23, 0x29, 0xBC, 0xF7, 0x4B, 0x09, 0x32, 0xFF, 0xC8, 0x6C,
    0x96, 0xA7, 0x52, 0x8A, 0x13, 0xA9, 0xF6, 0xC8, 0x24, 0x72, 0x10, 0x4D, 0xF2, 0x89, 0x39, 0x5E,
    0x9E, 0x18, 0xF0, 0x8D, 0xB8, 0xBC, 0x15, 0x97, 0x58, 0xD9, 0x91, 0x01, 0x24, 0x1D, 0x24, 0x9A,
    0xB2, 0x5E, 0xA2, 0x11, 0x44, 0xE4, 0x31, 0x2E, 0xC1, 0x43, 0xFC, 0x0F, 0xD2, 0xF8, 0x41, 0x12,
    0x4C, 0x21, 0xF9, 0xF2, 0xDA, 0x4B, 0xD9, 0xDB, 0xAA, 0xAB, 0x6A, 0xFB, 0x11, 0xA4, 0x5B, 0x59,
    0x49, 0x07, 0x52, 0x5A, 0x90, 0x1C, 0xC2, 0xC9, 0xFC, 0x39, 0x87, 0xCD, 0x10, 0xE0, 0x7D, 0x0B,
    0x51, 0x06, 0x52, 0x6D, 0x8E, 0x47, 0x36, 0x25, 0x49, 0x6C, 0x41, 0x02, 0x29, 0xD9, 0x50, 0x0E,
    0xB6, 0xEC, 0x32, 0xFF, 0xDA, 0xB7, 0x31, 0xE7, 0x90, 0x12, 0xB3, 0x85, 0xC9, 0x03, 0x81, 0x2E,
    0x31, 0x65, 0x9C, 0x05, 0xE1, 0x58, 0x8C, 0x54, 0x2F, 0x9C, 0x50, 0x77, 0x23, 0x8B, 0xE4, 0x90,
    0x3C, 0x4B, 0x23, 0x05, 0x58, 0x1C, 0xB4, 0x81, 0x61, 0xF4, 0x1B, 0xAB, 0xE7, 0x7D, 0x5D, 0x00,
    0xF8, 0xC8, 0xCE, 0x71, 0x79, 0x27, 0x2A, 0xA7, 0xAC, 0x3F, 0xA9, 0x29, 0xF7, 0x20, 0xF5, 0xE4,
    0x10, 0x57, 0x70, 0x6E, 0x89, 0xC7, 0xAA, 0xF3, 0xF8, 0x4E, 0x06, 0x23, 0x55, 0x4B, 0x1B, 0xCF,
    0x52, 0x60, 0x08, 0xED, 0xCA, 0xA1, 0x8F, 0xD6, 0x6F, 0x87, 0x99, 0xCB, 0x4E, 0x62, 0x2B, 0x4D,
    0xDD, 0xD4, 0xF0, 0x91, 0x54, 0x30, 0x8D, 0xE4, 0x2D, 0x64, 0x3B, 0xB2, 0x63, 0xE1, 0x50, 0x2C,
    0xF3, 0x35, 0xA7, 0xE7, 0x8A, 0x22, 0x7F, 0x02, 0xCD, 0x93, 0x29, 0xC6, 0x63, 0x28, 0x73, 0x45,
    0xF5, 0x4E, 0x34, 0xA7, 0x54, 0xC3, 0x1F, 0xAA, 0x9A, 0x5C, 0xAE, 0x18, 0xEA, 0x93, 0x42, 0x9A,
    0x93, 0xF2, 0x6F, 0x3E, 0x72, 0x9C, 0xE9, 0xD9, 0x84, 0x79, 0x8B, 0x97, 0x23, 0xEE, 0xA5, 0xF4,
    0xA2, 0xCE, 0x82, 0xE1, 0x4D, 0x87, 0xFB, 0x62, 0xA0, 0x4D, 0x9B, 0x60, 0x44, 0x75, 0x61, 0x2E,
    0x16, 0x4C, 0xEE, 0x7B, 0xD3, 0x8A, 0x79, 0x45, 0x97, 0x85, 0x97, 0x4C, 0x89, 0x4D, 0xFB, 0xBC,
    0x2B, 0x5A, 0x1A, 0xEA, 0x48, 0xB6, 0x30, 0x91, 0xDB, 0x7B, 0xCF, 0xB8, 0xB3, 0x55, 0x23, 0x96,
    0x6D, 0xDE, 0x65, 0x7D, 0x62, 0x63, 0xCE, 0x72, 0x54, 0x62, 0xD1, 0x29, 0xFF, 0x1B, 0x95, 0xED,
    0x0C, 0x4C, 0x8D, 0xB2, 0xED, 0xDE, 0x0D, 0xEE, 0x9C, 0xF1, 0x59, 0xCC, 0x19, 0x86, 0xBC, 0xCB,
    0x31, 0xC3, 0x99, 0x7A, 0xD0, 0xCA, 0x2F, 0x6D, 0xBD, 0xBC, 0x1E, 0x8C, 0xEF, 0x13, 0x27, 0x19,
    0xA2, 0xE8, 0x50, 0x7E, 0x9C, 0xD3, 0x2E, 0xEA, 0xC3, 0xDB, 0xC9, 0xE6, 0xF8, 0x62, 0xD3, 0x32,
    0x64, 0x3B, 0x25, 0x77, 0x18, 0x81, 0x0C, 0x3A, 0xFA, 0xD9, 0x83, 0xDF, 0xFD, 0x61, 0xB3, 0x79,
    0x8C, 0x40, 0xC7, 0x87, 0x29, 0x25, 0x1A, 0x16, 0x5B, 0x0D, 0x0D, 0xBD, 0xB0, 0x10, 0xE5, 0x46,
    0xDC, 0x6B, 0x04, 0xD1, 0xA7, 0x65, 0x1B, 0xD8, 0x78, 0x9D, 0x05, 0x36, 0x06, 0x5B, 0xB2, 0xB2,
    0x66, 0x43, 0x60, 0x53, 0xD6, 0x3A, 0xB0, 0x1D, 0x71, 0x15, 0x05, 0x9C, 0x8C, 0x30, 0x1F, 0xE1,
    0x92, 0x13, 0xAC, 0xCE, 0x8A, 0x97, 0xCA, 0x22, 0x7A, 0xAA, 0x09, 0xBC, 0xF0, 0x62, 0x3E, 0x6C,
    0x0D, 0x46, 0xCF, 0x55, 0x97, 0x5A, 0x97, 0x0F, 0x89, 0x75, 0xE9, 0x08, 0x92, 0x20, 0xFD, 0x9C,
    0x78, 0x92, 0xE6, 0x33, 0x3B, 0x4B, 0xF9, 0x95, 0xDD, 0x4A, 0x0E, 0x3B, 0x21, 0x7D, 0x90, 0xED,
    0x91, 0xEF, 0x10, 0x60, 0xA6, 0x55, 0x79, 0x2A, 0x59, 0xE7, 0xD0, 0xD9, 0x24, 0xED, 0xA8, 0x46,
    0xD3, 0x9D, 0xD0, 0x2E, 0xFC, 0xF0, 0xDF, 0xF7, 0xFD, 0x1C, 0xCE, 0x4C, 0xD4, 0x2E, 0x5F, 0x8C,
    0x2D, 0xFB, 0x74, 0xAA, 0xEA, 0xD8, 0x55, 0x97, 0x06, 0x52, 0x23, 0xAD, 0xAB, 0xCF, 0xB0, 0x7A,
    0x26, 0x41, 0x85, 0x99, 0x17, 0x46, 0x2C, 0x8C, 0x00, 0x63, 0x20, 0x3F, 0x22, 0xC4, 0x68, 0x36,
    0x32, 0xFF, 0x11, 0xBB, 0x9B, 0xCD, 0xC6, 0xAF, 0x2F, 0x24, 0x71, 0x8B, 0xEC, 0x82, 0xBE, 0x99,
    0x3F, 0x71, 0x52, 0x0C, 0xD1, 0x42, 0xF6, 0x86, 0x89, 0x41, 0xBB, 0x05, 0x42, 0x7F, 0x30, 0xF8,
    0xEF, 0x19, 0x4E, 0x82, 0x45, 0x80, 0x40, 0xB6, 0xDC, 0x5F, 0xF8, 0xB4, 0x61, 0x88, 0x94, 0x9A,
    0xAE, 0x81, 0x54, 0xD4, 0x02, 0x3A, 0x54, 0x6D, 0xD9, 0xC3, 0x26, 0xB9, 0x3F, 0x59, 0xC2, 0x1C,
    0x98, 0x8D, 0xBC, 0x54, 0x93, 0xE6, 0x17, 0x9A, 0x5F, 0xB3, 0x01, 0x26, 0x63, 0x35, 0x7A, 0xC9,
    0xBA, 0xF4, 0x67, 0x56, 0xA8, 0xCF, 0x40, 0x9A, 0x5D, 0xE9, 0x4B, 0xE0, 0x05, 0xF8, 0x05, 0xA4,
    0xE8, 0x40, 0x2A, 0x7A, 0x79, 0x21, 0xD1, 0x12, 0xA9, 0x64, 0x83, 0xF8, 0x7B, 0x7C, 0x63, 0xAC,
    0xE5, 0xDE, 0x3B, 0xBD, 0xBE, 0xD9, 0x3C, 0x45, 0xE6, 0x4B, 0x51, 0x87, 0xAB, 0xA4, 0xE2, 0xF7,
    0x9E, 0x48, 0xD5, 0xF8, 0xB6, 0x82, 0x94, 0x6A, 0x2C, 0xD4, 0xBA, 0x91, 0x9A, 0x0F, 0x56, 0xB8,
    0x8A, 0xB3, 0x0A, 0x11, 0x64, 0x70, 0x03, 0xC1, 0x91, 0x38, 0x7A, 0x82, 0x1E, 0x91, 0x06, 0x66,
    0x2D, 0xC0, 0x8A, 0x04, 0x4E, 0x16, 0x33, 0xE6, 0x7D, 0xEC, 0x10, 0x71, 0x35, 0x07, 0x20, 0x94,
    0xE5, 0x14, 0xB2, 0x1D, 0x64, 0x2F, 0x54, 0xF3, 0xFC, 0xFE, 0xE4, 0x21, 0x1B, 0xC5, 0x67, 0xC1,
    0xA8, 0x86, 0x45, 0x9F, 0xD7, 0xE9, 0x2A, 0x1B, 0x63, 0xE6, 0x72, 0x5F, 0x36, 0xBC, 0x8E, 0x95,
    0x39, 0x5E, 0x70, 0xD8, 0xCE, 0xCB, 0x36, 0x98, 0x8F, 0xA9, 0xB0, 0xF3, 0x34, 0xD5, 0x5C, 0x42,
    0x20, 0x24, 0x6F, 0xB0, 0xD0, 0x2B, 0xAC, 0x8E, 0x26, 0xB0, 0x44, 0x2B, 0x0B, 0x4B, 0xBB, 0x14,
    0x33, 0xF5, 0xEE, 0x12, 0x6F, 0x6C, 0x66, 0x93, 0x29, 0xEF, 0x23, 0xD6, 0xDC, 0x70, 0xE1, 0xEF,
    0xD4, 0x26, 0x63, 0xEC, 0xCD, 0x10, 0x31, 0xF2, 0x68, 0x9B, 0x21, 0x73, 0x98, 0x69, 0x61, 0xF9,
    0xDA, 0xE9, 0xCE, 0x0B, 0xB1, 0xB1, 0xAD, 0x5A, 0xAC, 0x7B, 0x31, 0x53, 0x0A, 0x3B, 0x88, 0x01,
    0xC7, 0xE1, 0x2B, 0x46, 0x6C, 0xCB, 0xB5, 0x54, 0x88, 0xD8, 0x06, 0xF1, 0x47, 0xBE, 0xFD, 0x75,
    0xF3, 0x6F, 0x1D, 0x8B, 0x67, 0x88, 0x6A, 0xAE, 0x1B, 0xF3, 0x21, 0x0C, 0x0E, 0x59, 0x8F, 0xA9,
    0xF4, 0xBA, 0x2E, 0x06, 0x1E, 0x6B, 0x2E, 0x23, 0x19, 0xEB, 0x09, 0x55, 0x62, 0x7D, 0xF1, 0x9F,
    0x37, 0x6F, 0x68, 0x51, 0x61, 0xC0, 0x8A, 0x3A, 0x38, 0x85, 0xC1, 0x1B, 0xD6, 0xD8, 0x81, 0x85,
    0xBA, 0x40, 0xB8, 0x33, 0x74, 0x19, 0x87, 0x2C, 0xF6, 0x0C, 0xC8, 0x98, 0x37, 0xF8, 0x40, 0xB8,
    0xB3, 0x64, 0x5E, 0x82, 0xBD, 0xD2, 0xAB, 0x6A, 0x06, 0xFB, 0x6F, 0x5A, 0xB9, 0xFE, 0xD2, 0x7B,
    0x57, 0x2C, 0x7C, 0xCC, 0x94, 0xA0, 0xF2, 0x46, 0xC5, 0x0C, 0x3A, 0x2F, 0xA4, 0x6B, 0xDC, 0x33,
    0xC4, 0x55, 0x78, 0x84, 0xD9, 0x4A, 0x6E, 0xA1, 0x23, 0xF6, 0xDD, 0xA0, 0x04, 0x9D, 0xC7, 0xCD,
    0x5C, 0x0E, 0x35, 0x4F, 0xF6, 0x12, 0x3D, 0x72, 0xE5, 0x65, 0x92, 0xAB, 0xF3, 0xD6, 0x24, 0x47,
    0x1A, 0x53, 0xDC, 0x2E, 0xC1, 0x77, 0xD5, 0xEE, 0xA3, 0x3D, 0x25, 0x19, 0xDF, 0xCC, 0x76, 0x5E,
    0xFC, 0x3B, 0xA2, 0x5F, 0x08, 0x43, 0xC0, 0x6F, 0x2E, 0xE0, 0xC2, 0x64, 0xA1, 0x8C, 0x50, 0x32,
    0x8A, 0xB6, 0x59, 0xD2, 0xA1, 0x82, 0xCF, 0x22, 0xFB, 0x10, 0xD3, 0xCB, 0xF4, 0x47, 0x64, 0xB0,
    0x9C, 0x8E, 0x28, 0x8E, 0xF2, 0xC0, 0x72, 0xE3, 0xB8, 0xA2, 0x0D, 0xEF, 0xD7, 0xE4, 0x29, 0x9F,
    0xFB, 0xCF, 0xC0, 0x8F, 0xF5, 0x73, 0xEC, 0x9F, 0x7C, 0x5B, 0xB4, 0xBF, 0x96, 0xA7, 0x5A, 0x80,
    0xA1, 0x1C, 0x0A, 0xA1, 0xE8, 0x5C, 0x61, 0x5E, 0x82, 0x14, 0x43, 0x13, 0xA1, 0x56, 0x92, 0xB2,
    0x8C, 0xB0, 0x78, 0xD2, 0x55, 0x8A, 0x24, 0x92, 0x6F, 0x19, 0x96, 0xE9, 0x4B, 0xEE, 0xAF, 0xF9,
    0xF3, 0x49, 0x4B, 0x89, 0xD3, 0xD2, 0xC2, 0x0D, 0x96, 0x33, 0xCA, 0x0A, 0x1B, 0xB6, 0x1A, 0xF7,
    0x33, 0xC3, 0x21, 0xD2, 0x6D, 0x1E, 0xA9, 0x91, 0x2B, 0xF4, 0x41, 0xFC, 0xA4, 0x4A, 0xA9, 0xD4,
    0xC4, 0x1C, 0x00, 0x03, 0xB3, 0x60, 0xD6, 0x90, 0x5A, 0x74, 0x78, 0xA3, 0xFE, 0xAD, 0x6A, 0xB0,
    0xD4, 0xA2, 0xDC, 0xCB, 0xE6, 0x84, 0xDB, 0x25, 0x8A, 0x9F, 0xA3, 0xF3, 0xAF, 0x41, 0xB3, 0x86,
    0x84, 0x0F, 0xB0, 0x29, 0x12, 0x97, 0x69, 0x56, 0x62, 0xC4, 0xB1, 0xD7, 0xA7, 0x35, 0x51, 0x04,
    0xF5, 0xCC, 0xAF, 0x13, 0xBD, 0xD7, 0xD4, 0xE0, 0x5B, 0x44, 0x75, 0xF1, 0x0A, 0xB0, 0x52, 0x8D,
    0x0B, 0x4F, 0x47, 0xBF, 0xF0, 0x5D, 0x86, 0x58, 0xB0, 0x45, 0x8F, 0xF8, 0x86, 0x76, 0x71, 0x7F,
    0x59, 0x6C, 0x65, 0x96, 0xB5, 0xBA, 0xBF, 0x95, 0xCC, 0x97, 0x7C, 0xA1, 0x46, 0xA3, 0xBE, 0x0F,
    0x05, 0xD6, 0x3F, 0x41, 0x5E, 0x61, 0x55, 0x32, 0xB0, 0xCC, 0x12, 0xA2, 0xD0, 0xFB, 0x57, 0x4C,
    0x74, 0x04, 0xE6, 0xB2, 0x81, 0x1A, 0x00, 0x24, 0xCB, 0x1B, 0x8A, 0xF7, 0x8E, 0x9B, 0x26, 0xD3,
    0xCC, 0x2A, 0xDA, 0xB9, 0x81, 0xE8, 0x53, 0xE5, 0xD3, 0x11, 0xEB, 0x02, 0x55, 0x9E, 0x4A, 0xD6,
    0x39, 0x76, 0xB3, 0x69, 0xDD, 0x5A, 0x36, 0x9B, 0xA7, 0x7B, 0xDB, 0xD4, 0xFF, 0x5C, 0xDC, 0x80,
    0x78, 0x81, 0x4F, 0x6E, 0xE3, 0xA3, 0x9C, 0x9D, 0x4C, 0xDA, 0x92, 0x17, 0xEE, 0x3D, 0x79, 0x87,
    0xEC, 0x3B, 0xF1, 0xED, 0x5F, 0x72, 0xCF, 0x9F, 0xD3, 0x3B, 0xA8, 0xD3, 0xB0, 0x61, 0x4F, 0x6B,
    0x8E, 0x8C, 0x2B, 0xC7, 0xD8, 0x19, 0x6E, 0xF1, 0x0E, 0x37, 0x97, 0x40, 0xEE, 0x6D, 0x14, 0x0E,
    0xB2, 0x2C, 0x4A, 0xA5, 0xC1, 0xC6, 0xB1, 0x1E, 0xDE, 0x89, 0x3D, 0xE4, 0x65, 0x3E, 0xF6, 0xDF,
    0x60, 0xC5, 0x98, 0xA3, 0x40, 0x2C, 0x9C, 0xE7, 0xB7, 0x19, 0xFC, 0xED, 0xE4, 0x6A, 0xD3, 0xC3,
    0xD2, 0x8E, 0xED, 0x87, 0x08, 0x20, 0x10, 0x39, 0xBE, 0x68, 0xB9, 0xB5, 0xBE, 0xE7, 0x07, 0xA3,
    0x56, 0x1C, 0xA3, 0xFB, 0xCC, 0x87, 0x5D, 0xDF, 0x57, 0x4D, 0x12, 0x40, 0xA9, 0xD4, 0xA2, 0x02,
    0x0D, 0xA6, 0x45, 0xB1, 0xB9, 0xC0, 0x76, 0xE1, 0x59, 0x92, 0xCE, 0x35, 0x07, 0xDB, 0x35, 0x1B,
    0x53, 0xE6, 0x65, 0x4E, 0x6C, 0x8B, 0x42, 0x86, 0x04, 0x84, 0xB5, 0x63, 0x18, 0xD8, 0x11, 0xCC,
    0xB8, 0x82, 0x1D, 0x51, 0x43, 0x94, 0x4F, 0x85, 0x98, 0xC8, 0xE2, 0xBF, 0x65, 0x75, 0x7F, 0xC6,
    0xBD, 0x8D, 0xCC, 0x68, 0x2C, 0x5A, 0xE2, 0xF2, 0x7E, 0x27, 0x25, 0xA1, 0xBC, 0x58, 0x33, 0x40,
    0xF3, 0xB7, 0x62, 0x14, 0x17, 0xC3, 0x5D, 0x23, 0xE4, 0xAE, 0xD7, 0x5E, 0xB4, 0x3A, 0x6E, 0x09,
    0x8D, 0xD5, 0xBA, 0x6B, 0x55, 0xC5, 0x1D, 0x9D, 0x10, 0x13, 0x76, 0x76, 0x2C, 0x7C, 0xCE, 0x11,
    0xFD, 0x38, 0xEC, 0x53, 0xA0, 0x0D, 0x41, 0x10, 0x20, 0x5E, 0xFE, 0x25, 0x68, 0x5B, 0x82, 0xC2,
    0x3E, 0x1F, 0x03, 0x92, 0x76, 0x15, 0x0C, 0x97, 0xF7, 0x0D, 0x91, 0xA9, 0x9D, 0x09, 0x4D, 0xC3,
    0xE7, 0xDF, 0xA4, 0xD1, 0xC5, 0xA8, 0x38, 0xD5, 0x5E, 0xD1, 0x86, 0x18, 0x16, 0x4B, 0xDC, 0x51,
    0xC5, 0xE5, 0x50, 0x27, 0xA1, 0x06, 0x09, 0x15, 0x48, 0xEC, 0x42, 0x4F, 0x38, 0xC2, 0x29, 0xCC,
    0x9B, 0x70, 0xC2, 0x84, 0xF3, 0x25, 0x3B, 0x04, 0x6C, 0x2F, 0x11, 0x30, 0x27, 0x14, 0xA3, 0xB2,
    0xA0, 0x8C, 0x50, 0x2F, 0x55, 0x54, 0x75, 0x96, 0xE4, 0x35, 0x08, 0xD6, 0x43, 0xC3, 0x92, 0x34,
    0x24, 0xC0, 0x77, 0x9A, 0x52, 0x9A, 0x53, 0xC2, 0xD0, 0xEF, 0xE9, 0xD1, 0x7C, 0x64, 0xB9, 0x8E,
    0x5D, 0x80, 0xA3, 0x2B, 0xC6, 0xD2, 0x9A, 0xDC, 0x32, 0x79, 0x0A, 0x2D, 0xFB, 0xF9, 0x8D, 0x34,
    0xF0, 0x04, 0xFE, 0x30, 0x36, 0xC8, 0x09, 0x32, 0x83, 0xFC, 0x48, 0xE7, 0x0A, 0xF3, 0x06, 0x1D,
    0xD0, 0x7F, 0xD3, 0x2D, 0xC3, 0xB2, 0x31, 0xB0, 0x76, 0x3C, 0xBB, 0x00, 0x64, 0x9A, 0x7D, 0x30,
    0x13, 0xEE, 0x45, 0x33, 0x79, 0xC8, 0xCB, 0x31, 0x77, 0x2F, 0x1C, 0x1F, 0xBA, 0xCA, 0x48, 0x69,
    0xD6, 0x92, 0x16, 0x03, 0x69, 0xEE, 0xB8, 0xCA, 0xC4, 0xEB, 0x2A, 0xB1, 0x6F, 0x54, 0xEC, 0x35,
    0x6B, 0xC8, 0xC9, 0x7C, 0xD8, 0xE8, 0x54, 0xBE, 0xEF, 0xB8, 0x4A, 0xB8, 0x12, 0xF3, 0xFE, 0x7E,
    0x86, 0x0E, 0x63, 0xA4, 0xCA, 0xC8, 0x6F, 0x03, 0x04, 0xA0, 0xF6, 0xBB, 0xFD, 0xCD, 0x5C, 0xC5,
    0xBD, 0x79, 0xF3, 0xE8, 0x61, 0x7F, 0x93, 0xCB, 0xAE, 0x36, 0x39, 0xB4, 0xAA, 0xEC, 0x84, 0xE1,
    0x7D, 0x10, 0x24, 0x23, 0x9E, 0x9A, 0x7A, 0x97, 0x88, 0x9A, 0x4C, 0xD9, 0xB8, 0xCB, 0xA8, 0x90,
    0x4C, 0xC8, 0xB5, 0xB5, 0x9F, 0x60, 0xA5, 0x3B, 0xF1, 0x58, 0x0D, 0x7A, 0x1F, 0x14, 0xC0, 0x1F,
    0xD4, 0xD5, 0xFE, 0x6E, 0x85, 0xCD, 0x43, 0x37, 0x79, 0x1E, 0x3E, 0x24, 0xDC, 0x35, 0x00, 0xFA,
    0x78, 0x04, 0x61, 0xB8, 0x43, 0x46, 0x3C, 0x82, 0x08, 0xED, 0x41, 0x1A, 0xF0, 0x7B, 0x49, 0x82,
    0x61, 0x39, 0x37, 0xB9, 0xAA, 0xCB, 0xFC, 0xB1, 0xAF, 0x23, 0x16, 0x5B, 0xC0, 0x8A, 0xCF, 0xF7,
    0x9B, 0x00, 0xF4, 0xA0, 0x8F, 0xEF, 0xD0, 0x79, 0x7E, 0x67, 0xF2, 0xFE, 0x35, 0xF7, 0x76, 0x32,
    0x73, 0xA9, 0x86, 0x58, 0x0E, 0xB8, 0xA6, 0xE8, 0x50, 0xAD, 0x1A, 0x60, 0x6E, 0xD8, 0x2F, 0xD1,
    0x55, 0x1E, 0x62, 0x95, 0x86, 0x00, 0x10, 0x4F, 0x63, 0xEE, 0x45, 0xC9, 0x04, 0x48, 0x93, 0x5A,
    0x00, 0x9F, 0xCC, 0x22, 0x1C, 0xF2, 0x21, 0x5B, 0x5B, 0x23, 0x34, 0x10, 0x93, 0x10, 0x8D, 0x8B,
    0x36, 0x88, 0x86, 0x05, 0x70, 0x59, 0x3D, 0xDE, 0x10, 0x48, 0x57, 0x1F, 0xC3, 0xA3, 0xC8, 0x5C,
    0x98, 0xEE, 0x2B, 0xF6, 0x08, 0x7F, 0x45, 0x55, 0xCA, 0xFE, 0xD9, 0x11, 0x97, 0xB0, 0xA4, 0xD3,
    0xFE, 0xB1, 0x22, 0x35, 0xAF, 0x20, 0x98, 0xCD, 0x4A, 0xA3, 0x5F, 0x33, 0xC0, 0x28, 0xAC, 0x8E,
    0xD9, 0x63, 0x4F, 0xB4, 0x8F, 0xBE, 0x01, 0x73, 0x15, 0xFA, 0x85, 0xBE, 0x27, 0x7D, 0xD1, 0x43,
    0x9F, 0x21, 0xFB, 0x0B, 0x54, 0x81, 0x4E, 0x5F, 0xE2, 0xEF, 0x54, 0xBF, 0xFA, 0xC4, 0xE6, 0x9F,
    0x42, 0x53, 0xF0, 0xFE, 0x62, 0xA4, 0x7A, 0xA5, 0x4C, 0x55, 0xC7, 0x06, 0x96, 0x0B, 0xD1, 0x2F,
    0x08, 0x3F, 0x90, 0x53, 0xF6, 0x16, 0x0F, 0xE5, 0xE7, 0x98, 0xD4, 0x9C, 0xCA, 0xC1, 0xA2, 0xC9,
    0xA8, 0x39, 0x09, 0x88, 0xC4, 0xAF, 0x51, 0x0A, 0x82, 0x0E, 0x20, 0xBB, 0x49, 0xA3, 0x03, 0xD9,
    0xC5, 0xBC, 0x5A, 0x18, 0x63, 0x89, 0x86, 0x22, 0x3E, 0x09, 0x13, 0x48, 0x93, 0x0D, 0x8F, 0x4C,
    0x6D, 0x88, 0x81, 0xBF, 0x20, 0xEE, 0xCD, 0x5F, 0x3A, 0x85, 0xF4, 0xEA, 0x41, 0x45, 0x9B, 0x01,
    0x7F, 0x8A, 0x9E, 0xE0, 0xC4, 0x0C, 0x41, 0xDC, 0xD7, 0xBE, 0x94, 0x1B, 0x88, 0x94, 0xCF, 0x99,
    0xA2, 0x4D, 0x4B, 0x5B, 0xA8, 0x34, 0x6C, 0x3A, 0x70, 0x4B, 0x3A, 0xE9, 0xD4, 0x96, 0x13, 0xF1,
    0xE6, 0xC2, 0x90, 0x5F, 0xA7, 0xF3, 0x0A, 0x36, 0xE1, 0x89, 0x64, 0x02, 0x4C, 0x4F, 0x2D, 0xCC,
    0x0D, 0xDF, 0xE8, 0xE9, 0x53, 0x23, 0xDA, 0x0D, 0x9B, 0x35, 0xE9, 0xB3, 0xBF, 0x4F, 0x2B, 0xDA,
    0x0D, 0xC0, 0x57, 0x35, 0xD1, 0x2E, 0x7A, 0x2F, 0x4B, 0xDE, 0x45, 0x2A, 0x66, 0xA8, 0x92, 0x9F,
    0x6C, 0x36, 0xE6, 0x52, 0x02, 0x17, 0xCB, 0x84, 0x0D, 0x4D, 0x36, 0x8D, 0xA1, 0xCA, 0xD1, 0x85,
    0x5C, 0x83, 0x70, 0x09, 0xBB, 0xE6, 0xBB, 0x5B, 0xB1, 0x78, 0xE4, 0x77, 0x83, 0x72, 0xA6, 0x65,
    0xC9, 0x41, 0x8D, 0x0E, 0xFA, 0xE6, 0x5A, 0x8F, 0x83, 0xAD, 0xCC, 0x2D, 0x4F, 0x9D, 0xDC, 0xFD,
    0xBD, 0x3C, 0xE5, 0x98, 0xA3, 0x55, 0x6D, 0x1E, 0xC6, 0xEC, 0x5A, 0x15, 0xF6, 0x08, 0x8A, 0x06,
    0xC6, 0x70, 0x78, 0xA3, 0x65, 0xF4, 0x6C, 0xAF, 0xE1, 0x2E, 0xDB, 0x95, 0xB9, 0x0F, 0x87, 0x3F,
    0x64, 0xE6, 0x61, 0xD0, 0x65, 0xCD, 0x55, 0x84, 0x25, 0x94, 0xBF, 0x79, 0x1F, 0x95, 0xC0, 0xCD,
    0x31, 0x5A, 0x5B, 0xB8, 0xDC, 0x62, 0x6D, 0x46, 0xB7, 0x08, 0x40, 0x24, 0x58, 0x3C, 0x21, 0x56,
    0x11, 0xB6, 0x3C, 0x6E, 0xC8, 0xBB, 0x78, 0x2C, 0x35, 0x48, 0xE5, 0x6C, 0xED, 0xF6, 0x68, 0x88,
    0xEE, 0x57, 0x7A, 0xAA, 0x58, 0xD5, 0x19, 0x50, 0xF6, 0xC4, 0x7E, 0xA3, 0xCE, 0x2F, 0xE0, 0x8B,
    0x36, 0x1F, 0xEE, 0xAB, 0x58, 0xAA, 0xFA, 0x43, 0x36, 0xB2, 0x36, 0x63, 0xE3, 0xFC, 0x2A, 0x41,
    0x6E, 0x33, 0xD3, 0x09, 0xA0, 0x73, 0x8B, 0x88, 0xB0, 0xE6, 0x85, 0xB7, 0xA5, 0xFF, 0x76, 0x4C,
    0xFD, 0xA7, 0xD3, 0x8D, 0xFB, 0x4A, 0x09, 0xB0, 0x0E, 0xD9, 0x7E, 0xC1, 0xAC, 0x5D, 0x0E, 0xA4,
    0x94, 0x8C, 0x68, 0x1B, 0x26, 0xB4, 0x55, 0x8E, 0x15, 0x79, 0x77, 0xF1, 0x7F, 0xDE, 0xE7, 0x73,
    0xF2, 0x2D, 0xE0, 0xE7, 0xB8, 0x09, 0xE3, 0xE5, 0x70, 0x62, 0x0D, 0xA9, 0xD1, 0xD2, 0xF5, 0x28,
    0x9C, 0x68, 0xDE, 0xA2, 0x7A, 0xBB, 0x02, 0xD8, 0xFD, 0xB9, 0xE6, 0xD5, 0x9E, 0x68, 0xD4, 0x6B,
    0x9E, 0x7E, 0x91, 0x9F, 0xE3, 0xA4, 0x99, 0xE4, 0xC6, 0x6D, 0xCF, 0x0C, 0x2E, 0xF5, 0x0E, 0x8D,
    0xBB, 0x77, 0x55, 0x97, 0x13, 0x3D, 0xB8, 0x2D, 0xEA, 0xD3, 0xDB, 0xF4, 0xE3, 0x7D, 0x3E, 0x27,
    0x1F, 0xF8, 0xE7, 0xD4, 0xCF, 0x33, 0xC6, 0x6F, 0xAF, 0x1D, 0x6D, 0xB5, 0x89, 0x1E, 0x6B, 0x21,
    0x08, 0x0E, 0x80, 0x6C, 0xCD, 0xEE, 0x88, 0xEA, 0xBA, 0xBF, 0x71, 0xF5, 0xF1, 0xC8, 0xC3, 0x02,
    0xDD, 0x38, 0x0E, 0x59, 0xDD, 0xBA, 0x18, 0x45, 0x68, 0xB9, 0x06, 0x67, 0x3F, 0x00, 0xE3, 0x42,
    0x9F, 0xD3, 0xB0, 0x9E, 0xE5, 0xBD, 0xD6, 0x53, 0x60, 0xFD, 0x1C, 0x47, 0x7B, 0xEC, 0x3A, 0xF5,
    0x7B, 0x88, 0xA3, 0x32, 0xD8, 0xF1, 0xF2, 0xA0, 0xE8, 0x66, 0x3F, 0xCF, 0xF4, 0x73, 0xEB, 0x2F,
    0x7C, 0x0F, 0x0C, 0x3C, 0xB0, 0x27, 0x9F, 0x57, 0x84, 0x7C, 0xD7, 0x2B, 0xED, 0x73, 0x9B, 0x83,
    0x86, 0x7D, 0xDF, 0x58, 0x63, 0x7F, 0x03, 0xDC, 0x76, 0xF3, 0x5B, 0x1E, 0x29, 0x3C, 0xDE, 0x9D,
    0x9B, 0x54, 0x77, 0x78, 0x9B, 0x63, 0xAC, 0xD3, 0xDF, 0x02, 0x94, 0xAB, 0x96, 0xF0, 0xDC, 0xA1,
    0xEC, 0xB1, 0x08, 0x02, 0x42, 0x32, 0x9D, 0x68, 0x2E, 0xA1, 0x0B, 0xD9, 0xFF, 0xB3, 0x01, 0x66,
    0x95, 0xD4, 0xE7, 0x0A, 0x1B, 0x88, 0x38, 0x08, 0x3D, 0xD8, 0x4B, 0xE6, 0xC3, 0x5D, 0x53, 0xD8,
    0xB7, 0xA6, 0xAB, 0xBA, 0xB1, 0x1C, 0x63, 0x5F, 0x3B, 0xBF, 0x14, 0xC0, 0x69, 0x17, 0xDE, 0x9C,
    0x8C, 0xC0, 0x49, 0x53, 0x82, 0x3C, 0x28, 0x2D, 0xBD, 0xC6, 0x89, 0xF4, 0x70, 0xE0, 0x3B, 0xD1,
    0xF1, 0xFF, 0xE0, 0x9D, 0xFD, 0x28, 0xAF, 0xFA, 0x14, 0x51, 0xCE, 0x08, 0xBA, 0x7E, 0x1C, 0x76,
    0xFD, 0x48, 0x0C, 0xA6, 0x0B, 0x47, 0x62, 0x97, 0x47, 0x81, 0xE3, 0x5A, 0x0D, 0x96, 0xF7, 0xAC,
    0x06, 0x7E, 0xAD, 0x06, 0x5A, 0x4D, 0xDE, 0x86, 0x5C, 0xCD, 0xF0, 0x90, 0x3F, 0x5E, 0x9C, 0x0A,
    0xF3, 0x58, 0x18, 0xD0, 0xC2, 0xC8, 0x16, 0x86, 0xB8, 0x50, 0x1A, 0xD9, 0xF6, 0x89, 0xDE, 0xD3,
    0xA7, 0x4D, 0xD8, 0x06, 0x31, 0x42, 0xC7, 0x6A, 0x12, 0xAC, 0x59, 0x10, 0x64, 0xEB, 0xF1, 0x30,
    0x41, 0xA8, 0x54, 0xBA, 0x09, 0xCF, 0xE3, 0xFD, 0xCE, 0x99, 0x6E, 0x59, 0x5A, 0x9E, 0x14, 0xD4,
    0xA1, 0x41, 0x0B, 0x52, 0x6F, 0xFC, 0x88, 0xE1, 0xD9, 0x34, 0x8A, 0x26, 0x1A, 0xC4, 0x8A, 0x8D,
    0xA2, 0x7C, 0x4F, 0x4F, 0x7F, 0xCA, 0x73, 0x02, 0xC8, 0x73, 0x1E, 0xB6, 0xD7, 0x01, 0x33, 0xE6,
    0x36, 0x80, 0x45, 0x62, 0xC5, 0xDC, 0x16, 0x70, 0x18, 0x4B, 0x33, 0x4B, 0xF4, 0x07, 0x56, 0x86,
    0x05, 0x58, 0xA7, 0xC3, 0xEE, 0xEC, 0x14, 0x9F, 0xDF, 0xF5, 0x2A, 0x80, 0xDC, 0xF9, 0xDB, 0x94,
    0xE9, 0x9A, 0x17, 0xBE, 0x2B, 0xFD, 0xD7, 0x5D, 0xB6, 0x64, 0xB8, 0x17, 0x4F, 0x5B, 0xAA, 0xA6,
    0x57, 0x36, 0xF0, 0x67, 0x9B, 0xF0, 0x2E, 0xDB, 0x6C, 0xA8, 0xD6, 0x27, 0x5B, 0xEC, 0x85, 0xAB,
    0x27, 0x97, 0x91, 0x3D, 0x54, 0x38, 0x22, 0x2F, 0xC3, 0x69, 0x2F, 0x73, 0x2C, 0x05, 0x0F, 0x2A,
    0xF9, 0xD0, 0x10, 0x22, 0xC2, 0x18, 0xA6, 0x27, 0x7D, 0x3D, 0x14, 0x6D, 0xD9, 0xFE, 0xC7, 0x96,
    0x75, 0xFE, 0xC5, 0xBF, 0x20, 0x29, 0x7F, 0x66, 0x47, 0xCC, 0xF2, 0xE5, 0x30, 0x1D, 0x49, 0xFA,
    0x8F, 0xFE, 0xF4, 0x14, 0x70, 0xA3, 0x7B, 0xC8, 0x26, 0xAD, 0x3B, 0x60, 0xD7, 0xD9, 0x56, 0xEC,
    0x90, 0xEA, 0xD2, 0x6A, 0xDB, 0x64, 0xD7, 0xE6, 0x09, 0x5E, 0x45, 0xD2, 0x34, 0xC4, 0x98, 0xAC,
    0x5D, 0x3D, 0x60, 0x9D, 0x25, 0x56, 0x6B, 0xD6, 0x23, 0xEB, 0x49, 0xF1, 0x57, 0xF8, 0x49, 0x61,
    0x0C, 0x9D, 0x12, 0x1B, 0xC7, 0x09, 0x3B, 0xA1, 0x2D, 0xBA, 0x02, 0xD1, 0x56, 0xD5, 0x88, 0x3A,
    0x02, 0xD5, 0x75, 0x2F, 0x2D, 0x08, 0x0E, 0xB1, 0x9F, 0x66, 0xD8, 0x4F, 0xD3, 0x41, 0xC1, 0x60,
    0xD8, 0x53, 0x27, 0xE5, 0xC0, 0xBE, 0x0A, 0x6C, 0x70, 0xB0, 0xC6, 0x7F, 0x19, 0x80, 0x9D, 0x5E,
    0xDC, 0xF1, 0xB3, 0x00, 0x15, 0x3E, 0x02, 0x8A, 0xCB, 0xF9, 0x93, 0xDD, 0x74, 0x75, 0x60, 0xB4,
    0xD9, 0xF8, 0xB0, 0x6B, 0xC5, 0xEB, 0x69, 0x76, 0xBE, 0x9E, 0x85, 0x6F, 0xD7, 0x9F, 0x82, 0xEC,
    0xD5, 0xCF, 0x3F, 0x47, 0xE1, 0x00, 0xE9, 0x72, 0xF7, 0x7E, 0xEB, 0x7E, 0xB1, 0xFF, 0x81, 0x3C,
    0x2C, 0x91, 0x3F, 0xC8, 0x61, 0xCD, 0x3D, 0x81, 0xD4, 0x3B, 0x22, 0xC4, 0x74, 0xEE, 0x96, 0x17,
    0x6A, 0xC7, 0x70, 0xF2, 0x96, 0x1A, 0x1C, 0x13, 0x9F, 0x57, 0xD1, 0xC2, 0x5F, 0x37, 0xAE, 0xBF,
    0x4F, 0x2C, 0x2A, 0x5A, 0x1B, 0x3D, 0xD1, 0x73, 0x53, 0xFE, 0x00, 0x88, 0x24, 0x96, 0x2D, 0x7F,
    0x61, 0xFC, 0x29, 0xC1, 0xD9, 0x7F, 0x01, 0xCD, 0x5A, 0xBD, 0x73, 0xDD, 0xC6, 0x11, 0x5F, 0x00,
    0x16, 0x9F, 0x23, 0x14, 0x70, 0x17, 0xDB, 0x9A, 0x09, 0x54, 0xB8, 0xF0, 0x47, 0xC6, 0x48, 0x99,
    0x82, 0x26, 0x10, 0xF9, 0x1F, 0x70, 0xE3, 0x3E, 0x85, 0x9B, 0xC4, 0x05, 0xFF, 0x01, 0x4A, 0x80,
    0xD3, 0xA4, 0x48, 0x11, 0x56, 0xA9, 0x55, 0xA4, 0xD0, 0x50, 0x85, 0x52, 0xBA, 0xA0, 0x88, 0x9B,
    0xB8, 0x4C, 0x61, 0xC4, 0x29, 0xDC, 0x22, 0xB6, 0xD2, 0x88, 0x85, 0x6F, 0xC6, 0x98, 0x31, 0x44,
    0x01, 0xB8, 0xFC, 0x7E, 0x7B, 0x78, 0x1F, 0xA4, 0x28, 0x99, 0xD2, 0x30, 0xB1, 0xC0, 0x77, 0x8B,
    0xF7, 0x80, 0xC3, 0xEE, 0xDE, 0xEE, 0xDE, 0x7E, 0x81, 0x37, 0x9D, 0xBB, 0x29, 0x22, 0xDB, 0x67,
    0x0E, 0x49, 0x70, 0x71, 0x39, 0xEA, 0x5E, 0x22, 0xE7, 0x8A, 0xC4, 0xD5, 0x4D, 0xFE, 0x65, 0x6C,
    0xCB, 0x24, 0x94, 0x23, 0x5C, 0x1F, 0x31, 0x86, 0x8D, 0xC1, 0xDF, 0xBC, 0x5E, 0x26, 0x81, 0x70,
    0x5E, 0x8A, 0xF9, 0x0B, 0x3C, 0xC7, 0xE7, 0x57, 0xB8, 0x76, 0xA7, 0x82, 0xC8, 0xAC, 0x24, 0xD3,
    0xBD, 0x41, 0xB2, 0x46, 0x26, 0xC9, 0x0B, 0xC9, 0xF1, 0x27, 0xAF, 0x11, 0x08, 0x7F, 0x8A, 0xA4,
    0x86, 0xF3, 0x1B, 0x00, 0xE7, 0x9C, 0xF1, 0x20, 0x04, 0x1A, 0x09, 0x06, 0xCE, 0x59, 0x81, 0x80,
    0xD7, 0x42, 0x0B, 0xB0, 0xE0, 0xE4, 0xC4, 0x15, 0x81, 0xD4, 0x6E, 0xAA, 0xC5, 0xDD, 0x03, 0xE5,
    0xDB, 0x92, 0x3D, 0x12, 0x3D, 0x7E, 0x1D, 0xFE, 0x35, 0x96, 0x5B, 0xA5, 0xDB, 0xC5, 0x2A, 0xDC,
    0x20, 0x71, 0x1F, 0xF7, 0x40, 0x0F, 0x64, 0x59, 0x25, 0x47, 0xA4, 0x9B, 0x6F, 0x82, 0x42, 0x4A,
    0x72, 0x30, 0x4A, 0x62, 0x23, 0x4C, 0x76, 0x58, 0x40, 0xE6, 0xDC, 0x24, 0x7B, 0xE9, 0x98, 0x14,
    0xD7, 0x41, 0x50, 0x72, 0xF0, 0xE7, 0x24, 0x6D, 0x24, 0xE0, 0x24, 0xC1, 0xAC, 0xA8, 0x93, 0x85,
    0x95, 0x70, 0x90, 0xA4, 0x85, 0x28, 0x74, 0x01, 0xB5, 0xE4, 0x15, 0xF0, 0x55, 0xB5, 0x2E, 0x68,
    0x24, 0x7F, 0xDF, 0x90, 0xE9, 0xC5, 0xF7, 0x1D, 0x60, 0xE4, 0xC8, 0xB6, 0x38, 0xAE, 0x54, 0xEA,
    0x6A, 0xB9, 0xD4, 0x19, 0x7A, 0x59, 0x78, 0xF8, 0xB4, 0xEB, 0x0A, 0x87, 0xD5, 0x21, 0xF3, 0xB1,
    0x71, 0xA5, 0xEE, 0xC0, 0xBD, 0x93, 0xEC, 0xC4, 0x99, 0xBC, 0x48, 0xDA, 0x5C, 0x02, 0x65, 0x29,
    0x05, 0x8B, 0xF1, 0x44, 0x16, 0x5A, 0x49, 0x1F, 0x53, 0x03, 0x75, 0x3B, 0x4A, 0x8C, 0x07, 0x82,
    0x09, 0x6C, 0x96, 0x0E, 0xA8, 0xF3, 0x46, 0xCA, 0x74, 0x94, 0x29, 0x72, 0x7F, 0xEA, 0x71, 0xA5,
    0x91, 0x05, 0x34, 0x29, 0x25, 0x58, 0xC0, 0x7A, 0xB1, 0xD4, 0x4C, 0x22, 0x9B, 0x1B, 0x68, 0x79,
    0x52, 0x2D, 0x57, 0xD4, 0xF2, 0xE7, 0x61, 0x3B, 0x44, 0x16, 0x1F, 0x7C, 0x11, 0x79, 0x73, 0x9F,
    0x6B, 0xA5, 0x01, 0x48, 0x4E, 0x8D, 0x07, 0x6E, 0xFF, 0xDA, 0x28, 0x11, 0x34, 0x56, 0x4A, 0x62,
    0xB6, 0xF6, 0x13, 0x93, 0x49, 0x3D, 0x44, 0xED, 0x4E, 0xE8, 0x5C, 0x60, 0x0F, 0x17, 0x7D, 0x56,
    0xF5, 0x7D, 0xDC, 0x5E, 0x91, 0xC3, 0x8E, 0x9A, 0xDF, 0xB6, 0x89, 0x39, 0x03, 0x3B, 0xCA, 0x76,
    0xEF, 0x30, 0xB6, 0x71, 0xF1, 0xF9, 0x5E, 0x34, 0xD5, 0x55, 0x97, 0x07, 0xCE, 0x45, 0x36, 0xAD,
    0xB2, 0x3E, 0x6E, 0x62, 0xF0, 0x95, 0x55, 0xD1, 0x08, 0x42, 0x10, 0xE8, 0x09, 0xAD, 0x2E, 0x75,
    0x60, 0x5C, 0x82, 0x1A, 0x56, 0x00, 0x85, 0xE7, 0x93, 0xBC, 0x9D, 0x82, 0xFF, 0x22, 0x76, 0x45,
    0xF9, 0x5D, 0x31, 0x24, 0x45, 0x9F, 0x15, 0x60, 0x3D, 0x3B, 0xAE, 0xA0, 0xD0, 0x49, 0x4A, 0x68,
    0x6F, 0x8C, 0xBA, 0xA8, 0x4F, 0xDA, 0xD8, 0x66, 0x26, 0x35, 0x25, 0xA4, 0x35, 0xEA, 0xE0, 0x77,
    0x5E, 0xE3, 0x3D, 0xCE, 0xD1, 0xB9, 0x78, 0xE6, 0x00, 0x47, 0xE5, 0xA8, 0x1A, 0x37, 0xEB, 0x27,
    0xF9, 0x71, 0x70, 0xB5, 0x7A, 0x96, 0x70, 0x6A, 0x49, 0xBE, 0x3A, 0xA0, 0x70, 0x3E, 0xC4, 0xD2,
    0xDA, 0x1D, 0x6C, 0x96, 0xCF, 0xEC, 0x61, 0x04, 0xDA, 0x7D, 0x1F, 0x41, 0x0C, 0x87, 0x1D, 0xBF,
    0xEF, 0x59, 0xEE, 0xC8, 0x6D, 0xC0, 0x11, 0xC2, 0x89, 0x1E, 0x5B, 0x08, 0x07, 0x92, 0x87, 0x70,
    0x22, 0x5B, 0x0A, 0x84, 0x63, 0x33, 0x08, 0x07, 0xF3, 0xFF, 0x05, 0xE1, 0x60, 0xF1, 0x3F, 0x22,
    0x1C, 0x5D, 0x04, 0x96, 0x60, 0x82, 0x7D, 0x81, 0xD2, 0x73, 0x57, 0x8C, 0xA9, 0xE9, 0x22, 0x63,
    0x23, 0xD3, 0xC7, 0xA6, 0xAE, 0xAB, 0xDC, 0x51, 0x80, 0xCA, 0xFE, 0x99, 0x71, 0x70, 0xEF, 0xE1,
    0x81, 0x9B, 0x8F, 0xF3, 0xEE, 0xF3, 0xA0, 0x94, 0x96, 0x73, 0x62, 0x45, 0xBF, 0x97, 0x98, 0xB7,
    0x63, 0x23, 0xF8, 0x24, 0x15, 0xCD, 0x18, 0xFB, 0xC7, 0x72, 0xF6, 0x2D, 0xDA, 0x39, 0x18, 0x69,
    0x60, 0x9E, 0xB9, 0x33, 0x7B, 0x0B, 0x23, 0x51, 0x83, 0x69, 0xA1, 0x2B, 0xF0, 0xE1, 0xAE, 0x8A,
    0x9A, 0xB7, 0xA2, 0xE6, 0x30, 0x36, 0xB9, 0xAB, 0x80, 0x4A, 0xF6, 0x23, 0x0B, 0x1B, 0x34, 0x3B,
    0xC0, 0x90, 0x98, 0x8B, 0x0F, 0x6E, 0xC7, 0xDC, 0x38, 0xA9, 0x8D, 0x3B, 0x76, 0x8F, 0x9C, 0xFB,
    0x7A, 0x9A, 0xDC, 0x8D, 0x69, 0x98, 0xBD, 0xCA, 0xE6, 0x80, 0x81, 0x0D, 0xF4, 0x19, 0xB9, 0xBB,
    0xDB, 0x97, 0xB0, 0x35, 0x77, 0xCE, 0xE0, 0xF5, 0x0C, 0x23, 0xC6, 0x08, 0x30, 0x24, 0x7F, 0xF1,
    0x71, 0x53, 0x1D, 0x72, 0x54, 0xC5, 0x92, 0x74, 0xB2, 0xF7, 0xDA, 0x5E, 0x0E, 0x5F, 0x11, 0x35,
    0x69, 0xE3, 0x9A, 0xBB, 0x4D, 0xF4, 0xC4, 0xDF, 0x82, 0x9E, 0x49, 0x8E, 0x52, 0xD3, 0x2F, 0xA0,
    0xAF, 0x06, 0x1F, 0x7C, 0xB9, 0x9F, 0x18, 0xEA, 0x0B, 0x06, 0x5A, 0x4D, 0xE7, 0x58, 0x2E, 0xBD,
    0x1E, 0xAC, 0x5D, 0x2D, 0x3E, 0x38, 0xC7, 0xE2, 0x27, 0x89, 0x0C, 0x8D, 0x85, 0x2E, 0xAC, 0x54,
    0xFF, 0x34, 0x10, 0xC2, 0x36, 0x71, 0x1D, 0x3E, 0x0E, 0x10, 0x9A, 0x02, 0x84, 0x2B, 0x01, 0x2C,
    0x85, 0x70, 0x20, 0x8C, 0xC8, 0xAB, 0x59, 0xD8, 0x10, 0x76, 0x93, 0xC0, 0x37, 0x44, 0xF0, 0x3A,
    0xA9, 0x25, 0x96, 0xDC, 0x12, 0xCB, 0x80, 0x87, 0x61, 0xA6, 0x56, 0xE2, 0x36, 0x36, 0xD4, 0x77,
    0x56, 0x60, 0xCD, 0x05, 0x36, 0x00, 0x9D, 0x30, 0x20, 0x05, 0x6E, 0x89, 0x45, 0x6C, 0xDC, 0xEA,
    0x77, 0x50, 0x4F, 0x0B, 0x72, 0x92, 0xAF, 0x39, 0x09, 0x3B, 0x52, 0x8C, 0x36, 0x38, 0xC9, 0x0A,
    0xE5, 0x67, 0xCD, 0x49, 0xE8, 0x39, 0x69, 0xB3, 0x96, 0x9C, 0xB8, 0x21, 0x32, 0xD9, 0x0D, 0xBB,
    0x27, 0xB0, 0xAF, 0x8F, 0xB6, 0x55, 0xAF, 0x7B, 0xC4, 0x22, 0xBD, 0x2C, 0x5A, 0x86, 0x8F, 0x44,
    0x4D, 0x11, 0x7E, 0x3F, 0xE3, 0x14, 0xDE, 0x87, 0x41, 0x9E, 0x1C, 0x80, 0x13, 0x6C, 0x33, 0x70,
    0x12, 0xA9, 0xDD, 0x4A, 0x78, 0x1B, 0x5C, 0x56, 0xD8, 0x4D, 0x72, 0x13, 0xD3, 0xB1, 0xB1, 0x5E,
    0xF1, 0x54, 0xF9, 0xF0, 0x7D, 0xDC, 0x76, 0x1A, 0x8F, 0x70, 0x8A, 0xAC, 0xBA, 0x7C, 0x0D, 0x60,
    0x91, 0xE1, 0x0E, 0x7C, 0x0B, 0xB2, 0xC0, 0x8F, 0xC3, 0x04, 0x86, 0xB7, 0x07, 0x2C, 0x37, 0x7A,
    0x90, 0x88, 0xC7, 0x88, 0x01, 0x86, 0x91, 0x2E, 0xE6, 0x09, 0x32, 0xDF, 0x56, 0xB7, 0xFE, 0xC1,
    0xB6, 0x5A, 0x5F, 0x8F, 0x53, 0xD8, 0x87, 0x76, 0x9B, 0x0E, 0xD7, 0x47, 0x4D, 0xA3, 0x27, 0x44,
    0x2D, 0xD9, 0xA6, 0x5C, 0xF5, 0x34, 0xF8, 0x13, 0x23, 0x20, 0x7D, 0xB3, 0xFA, 0xE7, 0x46, 0x56,
    0x07, 0xB8, 0x56, 0x86, 0x38, 0xE8, 0x06, 0xE0, 0xD9, 0x03, 0xEC, 0x25, 0x52, 0xCC, 0x5A, 0x1F,
    0x6F, 0xA7, 0x95, 0xC1, 0x47, 0x08, 0x04, 0x91, 0x85, 0x0F, 0x6A, 0xF3, 0x87, 0xB5, 0x49, 0x10,
    0xF4, 0x42, 0xF7, 0x00, 0xBB, 0x80, 0xF1, 0xC9, 0x2F, 0x4B, 0x9D, 0x94, 0x30, 0xC6, 0xF1, 0xC8,
    0xE4, 0xEC, 0x51, 0x56, 0xEB, 0xB0, 0x46, 0x07, 0x03, 0x04, 0x7C, 0x2C, 0xFA, 0x41, 0xA1, 0x86,
    0xBE, 0xF8, 0xDF, 0xBA, 0x68, 0x33, 0xA8, 0x94, 0x8E, 0x74, 0xE5, 0xA5, 0xCC, 0xF1, 0x17, 0xAB,
    0xE2, 0xF2, 0x26, 0x0D, 0xA1, 0x03, 0x93, 0x00, 0xB8, 0x5A, 0xAF, 0x03, 0x20, 0x22, 0xD4, 0xA0,
    0xE6, 0xF4, 0x96, 0x0C, 0x3A, 0x6D, 0x82, 0x45, 0x6B, 0xBC, 0xA5, 0x3B, 0x55, 0xB1, 0x30, 0xCC,
    0xC9, 0xFE, 0x9A, 0xE9, 0x58, 0xA1, 0xA6, 0x15, 0xB2, 0xF3, 0x04, 0xCF, 0xCE, 0xC3, 0x4A, 0xB9,
    0x35, 0x1A, 0x9C, 0xC9, 0xF9, 0xE2, 0x31, 0x8D, 0x30, 0xFE, 0x96, 0xCF, 0x26, 0x5F, 0x90, 0xF3,
    0xF4, 0xEF, 0x83, 0x22, 0x57, 0xA8, 0x62, 0xAB, 0x95, 0xDC, 0xE8, 0x63, 0x31, 0xC9, 0x86, 0xCA,
    0x12, 0x4C, 0x07, 0x46, 0x05, 0x07, 0x8F, 0x10, 0x1B, 0x2B, 0xE7, 0x89, 0x72, 0x8E, 0x5B, 0xA1,
    0x4E, 0xC3, 0xCE, 0x23, 0xB7, 0xA3, 0xD4, 0x8A, 0x64, 0x12, 0xAF, 0xCE, 0x37, 0x94, 0x93, 0xBA,
    0x50, 0x4E, 0x1A, 0xA5, 0x4E, 0xBA, 0x99, 0x19, 0xCF, 0xF2, 0x5C, 0xAF, 0xE5, 0x1C, 0x28, 0x0C,
    0x5D, 0xBB, 0x92, 0xB3, 0x4F, 0x31, 0x92, 0xAF, 0xFA, 0x95, 0x9C, 0x3D, 0x06, 0x44, 0xFA, 0x95,
    0x9C, 0x8F, 0x66, 0x06, 0x20, 0xBA, 0x80, 0x5E, 0x91, 0x09, 0x56, 0xB2, 0x94, 0xF3, 0x62, 0xC5,
    0x33, 0x13, 0x25, 0x51, 0x9F, 0xA1, 0xCB, 0x54, 0xD5, 0x78, 0x35, 0xD5, 0x3E, 0x5B, 0x5B, 0x74,
    0x9A, 0xDC, 0x39, 0xFE, 0xCC, 0x6A, 0x2E, 0xE4, 0x83, 0xD9, 0x44, 0x9E, 0x6D, 0x15, 0x67, 0xB9,
    0x3D, 0x6D, 0x15, 0x93, 0xCA, 0x79, 0x6D, 0x15, 0xF5, 0x4C, 0xFA, 0x5C, 0xAB, 0x58, 0x9C, 0xB6,
    0x8A, 0xC0, 0x5B, 0x85, 0xE7, 0xD6, 0x5B, 0xC5, 0xCC, 0x6D, 0x25, 0xEF, 0xCB, 0xE7, 0x44, 0x39,
    0xCC, 0x40, 0x7F, 0x6E, 0x5A, 0x42, 0x41, 0xD6, 0x2A, 0x5A, 0x80, 0x99, 0xCD, 0x20, 0x3E, 0x06,
    0xA7, 0xC9, 0xD7, 0x60, 0x34, 0xA5, 0x0D, 0x64, 0x7F, 0xC0, 0xE2, 0xF2, 0xDF, 0x0C, 0xC4, 0x39,
    0x52, 0x8A, 0x47, 0xA4, 0x54, 0x7A, 0x85, 0x42, 0x84, 0x88, 0xB2, 0x54, 0x33, 0x59, 0x6A, 0xC8,
    0x51, 0x4B, 0x21, 0x5A, 0x35, 0x89, 0x8C, 0x5E, 0x54, 0x75, 0xAF, 0x36, 0x53, 0x7B, 0xCB, 0xF3,
    0x2A, 0xDF, 0x54, 0xE1, 0x37, 0xBA, 0x55, 0x8C, 0x5D, 0x7D, 0x0F, 0x54, 0x64, 0x88, 0x56, 0x1B,
    0x2A, 0x6F, 0x36, 0x36, 0x15, 0x61, 0xFC, 0xCD, 0x5A, 0xD9, 0xB3, 0xCA, 0xAB, 0xA3, 0x8D, 0x4D,
    0x45, 0x29, 0x1C, 0xE9, 0xD6, 0x52, 0x65, 0x07, 0x2A, 0xA9, 0xF5, 0xA6, 0xB2, 0x2A, 0x3E, 0xB5,
    0x00, 0x6F, 0xC1, 0xE2, 0x55, 0x3E, 0xA9, 0x10, 0x4B, 0xBF, 0xA9, 0x8A, 0x39, 0x1D, 0x75, 0xCA,
    0xAB, 0x3F, 0x47, 0x0E, 0xD1, 0x5D, 0x0D, 0xC0, 0x4B, 0x30, 0x9B, 0xCF, 0xA5, 0xCF, 0x51, 0x65,
    0xF4, 0xE7, 0x70, 0xF0, 0xE7, 0x85, 0xF5, 0x67, 0x66, 0xA3, 0x9A, 0xC3, 0x22, 0x56, 0x39, 0xBF,
    0x79, 0xF5, 0x0C, 0x7A, 0xC8, 0x46, 0x98, 0x51, 0xE7, 0xF3, 0xBE, 0xD5, 0x73, 0x7A, 0x72, 0x50,
    0xEB, 0x74, 0x4F, 0x74, 0xC9, 0x04, 0xD2, 0x6F, 0xBD, 0x4F, 0x83, 0xE3, 0x99, 0xBE, 0x0F, 0xCF,
    0x1F, 0x90, 0x73, 0x4E, 0xA5, 0xD9, 0xE9, 0x23, 0x5B, 0x94, 0x6C, 0xA9, 0xEE, 0xEC, 0xD8, 0x19,
    0xE4, 0x32, 0xA9, 0x45, 0xF6, 0xEE, 0xB5, 0xE1, 0x39, 0x39, 0x5A, 0x39, 0xB5, 0xE1, 0x69, 0x60,
    0x5C, 0xCD, 0x2B, 0xC5, 0x5B, 0x53, 0xD0, 0x22, 0x97, 0x8E, 0x7A, 0xC5, 0x17, 0x11, 0x33, 0xAA,
    0x0F, 0xF0, 0x15, 0xD3, 0x67, 0xCA, 0xDF, 0x96, 0x06, 0x25, 0x48, 0x63, 0x24, 0x58, 0xA8, 0x41,
    0x15, 0xB3, 0xA1, 0xFD, 0x76, 0x46, 0x3A, 0xCD, 0x72, 0x8D, 0xCD, 0xDA, 0x06, 0x61, 0xC6, 0x1C,
    0xC8, 0x2E, 0xEF, 0x9C, 0x97, 0x92, 0x2C, 0x07, 0xD7, 0xC5, 0x81, 0x79, 0xF2, 0xAC, 0x79, 0xC4,
    0xB3, 0xC4, 0x29, 0xF2, 0xBA, 0x68, 0x8C, 0xE3, 0x62, 0x18, 0x69, 0x93, 0xFF, 0x13, 0xDD, 0xAD,
    0xC2, 0x87, 0x1B, 0x64, 0x9E, 0xE1, 0x30, 0x41, 0xAF, 0xEA, 0xA1, 0xFF, 0xE7, 0x74, 0xC3, 0x36,
    0xAE, 0x98, 0x36, 0x73, 0xF0, 0xFB, 0x0B, 0xD0, 0x2C, 0x38, 0x9E, 0x87, 0xE6, 0xEB, 0x1A, 0x62,
    0xA0, 0x54, 0xFA, 0x54, 0xBB, 0x22, 0xC8, 0xFC, 0xFA, 0xEE, 0x49, 0xC5, 0xBC, 0xE5, 0x39, 0x3F,
    0x78, 0xCA, 0x3F, 0x2E, 0x57, 0x34, 0xE2, 0x96, 0x73, 0xC2, 0x7C, 0x99, 0x98, 0x3F, 0x91, 0x70,
    0x64, 0x8D, 0x97, 0x7E, 0xD9, 0x94, 0x9A, 0x81, 0xE9, 0x66, 0xB3, 0xF8, 0xBC, 0x3B, 0xDD, 0xF6,
    0x19, 0xD1, 0x73, 0x7D, 0xF0, 0x94, 0x7F, 0xFC, 0x74, 0x51, 0x78, 0x69, 0x68, 0xE1, 0xB3, 0x1E,
    0x88, 0x7A, 0x2E, 0xE4, 0x7E, 0x27, 0x77, 0xB1, 0xBD, 0xB1, 0x9C, 0xB4, 0x27, 0x0C, 0x46, 0x15,
    0x4E, 0xAD, 0x30, 0x2F, 0x22, 0x5F, 0xFA, 0xD0, 0x7F, 0x1B, 0x42, 0xE4, 0x83, 0x0C, 0x13, 0x33,
    0xBC, 0x7B, 0x72, 0x87, 0x59, 0x95, 0x5E, 0x5F, 0xCF, 0xF1, 0xF3, 0xFD, 0xB3, 0xF5, 0x1A, 0x27,
    0xF1, 0x7B, 0x5A, 0x9E, 0xAE, 0xF2, 0x20, 0x69, 0x83, 0xEC, 0x2B, 0x67, 0xF5, 0x30, 0x71, 0x83,
    0x75, 0x71, 0xBB, 0x19, 0x50, 0x98, 0xA9, 0xC2, 0x59, 0x03, 0x50, 0xE2, 0x8E, 0x1C, 0x4E, 0xD4,
    0x1E, 0x36, 0x01, 0x40, 0x49, 0x90, 0x83, 0xDA, 0x40, 0xC2, 0x43, 0xD2, 0x02, 0x20, 0xD7, 0x83,
    0xBC, 0x28, 0x34, 0x24, 0xE7, 0x00, 0x35, 0x41, 0xFE, 0x21, 0x40, 0xF6, 0x05, 0x00, 0x6A, 0x3A,
    0x84, 0xBE, 0xEF, 0x01, 0x50, 0xF7, 0x0D, 0x4C, 0xAF, 0x40, 0x54, 0x41, 0x49, 0x80, 0x54, 0x3B,
    0x6A, 0xD6, 0x89, 0x4F, 0xE8, 0xFB, 0x02, 0xB7, 0x14, 0x5E, 0x3D, 0x1B, 0x96, 0xB7, 0x74, 0x01,
    0x25, 0x17, 0x13, 0xBA, 0x87, 0xAC, 0xF2, 0x07, 0xD6, 0x1D, 0x3E, 0x08, 0xF8, 0x26, 0x47, 0xAE,
    0x31, 0xC4, 0x47, 0xCF, 0x51, 0x43, 0xF3, 0x70, 0x26, 0xCE, 0x9C, 0x86, 0x7E, 0x8E, 0x9F, 0xEF,
    0x9F, 0xF5, 0x78, 0x3C, 0x4E, 0x8F, 0x3F, 0x50, 0x5A, 0x9E, 0xEE, 0xCC, 0x03, 0xE4, 0xB6, 0x4E,
    0x2E, 0xE7, 0x6C, 0x4D, 0x77, 0xEB, 0x3B, 0x2F, 0x31, 0xCF, 0x6F, 0xAC, 0x33, 0x31, 0xDF, 0xCE,
    0x49, 0xFE, 0x49, 0x84, 0xEF, 0x16, 0xBF, 0x7F, 0x69, 0x79, 0x0E, 0xF6, 0xAF, 0xF0, 0xF1, 0x31,
    0xD5, 0x50, 0xCD, 0x18, 0xBA, 0x93, 0x12, 0xD5, 0xDB, 0x3E, 0x5B, 0x7E, 0x29, 0x79, 0xF6, 0x49,
    0x9A, 0xE6, 0x6B, 0x33, 0x3C, 0x9B, 0xB6, 0xBD, 0x74, 0x3C, 0xBF, 0x22, 0x52, 0x64, 0x12, 0xD8,
    0xDC, 0x2C, 0xFA, 0xD4, 0x26, 0x76, 0x31, 0xE4, 0x26, 0xA0, 0xB8, 0x4B, 0x60, 0x65, 0x4D, 0x9C,
    0x73, 0xD3, 0xA2, 0x52, 0x1C, 0xCA, 0x2A, 0xB1, 0x69, 0xCB, 0x79, 0x9C, 0xFF, 0xAA, 0xC8, 0x47,
    0xC0, 0xD0, 0x6D, 0x29, 0xB6, 0x3F, 0x2B, 0xE6, 0x51, 0xA9, 0x68, 0x67, 0x31, 0x62, 0xDB, 0x02,
    0xE9, 0x05, 0x57, 0x91, 0x69, 0x32, 0xBF, 0xC7, 0x55, 0x04, 0x96, 0xAB, 0x88, 0x1A, 0x6D, 0x6F,
    0x54, 0x84, 0x3B, 0xCA, 0xBF, 0x36, 0x3B, 0xB4, 0xBE, 0x1D, 0x59, 0xB0, 0x9A, 0x3A, 0xD5, 0xA4,
    0xFA, 0xA6, 0xAE, 0xA2, 0xD3, 0x74, 0xDA, 0xF7, 0x2C, 0x75, 0x15, 0x99, 0xAE, 0x62, 0xAF, 0xE6,
    0x2A, 0xAE, 0x2F, 0x66, 0xC9, 0x6B, 0x1E, 0xB9, 0x6C, 0xC6, 0x7A, 0x97, 0xF2, 0xD7, 0x4D, 0x89,
    0xB3, 0xDC, 0xB6, 0x97, 0x08, 0x46, 0xA6, 0x88, 0xB5, 0xE6, 0x87, 0xEC, 0xF7, 0x64, 0x8D, 0x94,
    0x28, 0x43, 0xEF, 0x39, 0x3A, 0x5B, 0x4C, 0xD8, 0x75, 0xDA, 0x38, 0xAB, 0x96, 0xC5, 0x9C, 0xA6,
    0xA4, 0x54, 0x51, 0x70, 0xFB, 0x27, 0xE7, 0x8A, 0x1C, 0x2C, 0xB4, 0x7A, 0xA1, 0x19, 0xD4, 0x6C,
    0x56, 0xDE, 0x09, 0x6F, 0xFF, 0xC4, 0x5C, 0x69, 0xD4, 0x1D, 0xA8, 0x38, 0x05, 0xAB, 0x20, 0xFC,
    0x13, 0xCB, 0x4A, 0xF3, 0x5F, 0xDF, 0xBE, 0x17, 0x9F, 0x6E, 0xA8, 0x81, 0x3D, 0xD1, 0x4F, 0xC8,
    0xB5, 0x34, 0xE0, 0xBD, 0x91, 0x51, 0x21, 0xF4, 0x8D, 0xF6, 0x6E, 0xD9, 0x68, 0xF7, 0xF5, 0x60,
    0xF9, 0x44, 0xA3, 0x3D, 0xD6, 0x46, 0xBB, 0x2F, 0x8F, 0x7C, 0x51, 0x35, 0xD7, 0x9E, 0x65, 0x21,
    0xE7, 0x34, 0xD1, 0x2F, 0x02, 0xCF, 0xCF, 0xFA, 0xF6, 0x99, 0x21, 0xB2, 0x03, 0x8C, 0xB5, 0x5F,
    0xEB, 0x10, 0x8D, 0xD9, 0x87, 0xDF, 0x18, 0xFC, 0x7D, 0xAD, 0xE7, 0x7D, 0xCE, 0xE3, 0xFC, 0xF3,
    0xF0, 0x08, 0xCA, 0x66, 0x94, 0x5F, 0x4D, 0x36, 0xD5, 0xC8, 0x8B, 0xA3, 0xA1, 0x46, 0x79, 0x36,
    0xAE, 0x70, 0x44, 0x3D, 0x22, 0x3F, 0x32, 0x02, 0x57, 0x61, 0x60, 0x3F, 0xD7, 0xA0, 0x13, 0xF1,
    0x1E, 0x53, 0x0E, 0xFA, 0x93, 0x7C, 0x1E, 0xA5, 0xBF, 0x06, 0x9A, 0x61, 0xDD, 0x63, 0x6E, 0x3B,
    0x84, 0x13, 0xFD, 0x89, 0x8F, 0xAD, 0xC3, 0x5C, 0xB7, 0xA4, 0xF4, 0x51, 0xD5, 0x46, 0x23, 0xA1,
    0xD7, 0x46, 0x74, 0xC2, 0x97, 0x04, 0x55, 0xD2, 0xA6, 0xEC, 0xF1, 0xE9, 0x4E, 0xC7, 0xF9, 0x3D,
    0x67, 0x71, 0xCF, 0xE6, 0x8F, 0x22, 0x5B, 0x17, 0x54, 0xED, 0x82, 0xB9, 0x87, 0x9D, 0xC0, 0x4F,
    0xFD, 0x17, 0xE6, 0x61, 0x3F, 0x74, 0x0B, 0xC7, 0x82, 0x78, 0xB3, 0xAA, 0xC0, 0xCF, 0x05, 0x44,
    0x7E, 0xB5, 0x78, 0x92, 0xC6, 0x44, 0x1A, 0x71, 0x7B, 0x4D, 0xF1, 0x33, 0x37, 0xDE, 0xB2, 0x70,
    0x3B, 0x33, 0x8D, 0x10, 0x56, 0x13, 0x5A, 0xCD, 0x8D, 0x40, 0x87, 0xBE, 0xA9, 0x7E, 0xE8, 0x6C,
    0xE6, 0x46, 0xD0, 0x68, 0x7A, 0xAF, 0x69, 0x66, 0x62, 0x2C, 0xFC, 0xCB, 0xE2, 0x74, 0x33, 0xE4,
    0xF4, 0x1A, 0xAE, 0xAD, 0xD6, 0xF0, 0x73, 0x0B, 0x83, 0xB3, 0xF1, 0x72, 0x0D, 0x33, 0x6E, 0x18,
    0x8F, 0x5F, 0xC3, 0x31, 0xF1, 0xFB, 0x35, 0x04, 0x53, 0x5C, 0x01, 0x87, 0x49, 0xBE, 0x73, 0xC8,
    0x93, 0x3E, 0xB9, 0x54, 0xDC, 0x71, 0x15, 0xC3, 0x2B, 0xFB, 0x3F, 0x7E, 0x7F, 0x16, 0xEF, 0xBF,
    0x78, 0x2E, 0xFC, 0x27, 0xC0, 0xFF, 0x59, 0xCF, 0x37, 0x51, 0x52, 0x76, 0xDE, 0x22, 0xD8, 0x2E,
    0xE4, 0x50, 0xEB, 0xE8, 0x44, 0xEF, 0x9D, 0x47, 0xCB, 0xBC, 0xD8, 0x5A, 0x80, 0x23, 0xA8, 0x1F,
    0x10, 0x4D, 0x82, 0xF8, 0x95, 0x9E, 0x38, 0xE7, 0xDF, 0x2E, 0xC1, 0x82, 0xDB, 0x2D, 0xFA, 0x3F,
    0xED, 0x35, 0x6A, 0x73, 0x35, 0xB8, 0x7B, 0x72, 0x70, 0x30, 0x04, 0xDA, 0xF7, 0x1F, 0x52, 0x7F,
    0xCA, 0xFF, 0xA3, 0x41, 0x64, 0xEE, 0x91, 0x82, 0x48, 0xAF, 0xA7, 0xC4, 0xD7, 0xC2, 0x99, 0x2B,
    0xA0, 0xDB, 0x63, 0x97, 0x9D, 0x60, 0x33, 0xB8, 0x01, 0xFC, 0x14, 0xD0, 0xBD, 0xBE, 0x41, 0xDC,
    0xD5, 0xB7, 0x90, 0x55, 0x32, 0xD5, 0x6D, 0x66, 0xD8, 0x45, 0x08, 0xB4, 0xBD, 0x31, 0x9E, 0xD9,
    0x4A, 0xE3, 0x5C, 0xA2, 0x97, 0x12, 0x14, 0x08, 0xAA, 0x96, 0xF3, 0xA3, 0xF9, 0xFD, 0x94, 0xC4,
    0xF4, 0x33, 0xDC, 0x0B, 0x87, 0xBE, 0x65, 0x7A, 0xFD, 0x50, 0xF3, 0x65, 0x3D, 0xDE, 0xC2, 0xB8,
    0x3F, 0x6F, 0x11, 0xB6, 0x0F, 0xE2, 0xE6, 0x74, 0x50, 0xD9, 0x1D, 0x49, 0xDF, 0x00, 0x9F, 0x45,
    0x75, 0xC0, 0x6E, 0xC6, 0x80, 0xE9, 0x3B, 0x28, 0xFC, 0xEA, 0xE5, 0xBB, 0x8D, 0x25, 0x0F, 0x47,
    0xB3, 0xCB, 0xC8, 0x9B, 0xB0, 0xC3, 0xFC, 0x2E, 0xE2, 0x9B, 0x96, 0x5D, 0x56, 0xFA, 0x57, 0x66,
    0x17, 0x57, 0xAE, 0x0B, 0xF0, 0xB0, 0x3A, 0x9F, 0x86, 0x59, 0xD1, 0xB8, 0x35, 0x7E, 0xFC, 0x71,
    0x79, 0x61, 0x1A, 0xDC, 0x7A, 0x19, 0x66, 0x1C, 0xA1, 0xB4, 0xE8, 0x93, 0xE6, 0x94, 0xA9, 0x5D,
    0xC2, 0x1A, 0x9E, 0x56, 0x50, 0x5F, 0x16, 0xFE, 0x4E, 0x9B, 0x69, 0xA9, 0x09, 0x35, 0x4A, 0x94,
    0xB6, 0xB4, 0xEF, 0xA1, 0x1C, 0x7A, 0xFA, 0x9F, 0x7C, 0x20, 0x53, 0x88, 0x92, 0xC9, 0x7B, 0x9B,
    0xDA, 0xD6, 0xF6, 0xD3, 0x67, 0xCF, 0xFF, 0x84, 0x0D, 0xFA, 0x18, 0x26, 0xFB, 0x47, 0xFB, 0x3B,
    0xB9, 0xE3, 0xF9, 0x8E, 0x79, 0x45, 0xB6, 0x6A, 0xF1, 0x2F, 0x80, 0x2F, 0xF2, 0x79, 0xB2, 0xAC,
    0xF5, 0x3D, 0x30, 0x7C, 0xAE, 0x3E, 0x0F, 0x1E, 0xBF, 0x2D, 0xF7, 0x6F, 0x4B, 0x8D, 0x02, 0xE2,
    0x53, 0x06, 0x29, 0x1A, 0xE4, 0xE3, 0x4E, 0x22, 0xB6, 0x43, 0x8B, 0x41, 0xDE, 0x2C, 0xEE, 0x87,
    0x6E, 0xD8, 0xC1, 0x66, 0x2B, 0xF3, 0x07, 0xD7, 0x5C, 0x59, 0x05, 0xEC, 0xB4, 0xBA, 0xF1, 0xB4,
    0xEB, 0xDF, 0x81, 0xE6, 0xEF, 0xB3, 0x2F, 0x90, 0xF3, 0x4D, 0x0F, 0xE4, 0x4F, 0x3D, 0x48, 0xF9,
    0x08, 0xEE, 0x32, 0x32, 0x0B, 0xF7, 0x1D, 0xDD, 0x5A, 0x95, 0x14, 0xD3, 0x8A, 0xD5, 0x2E, 0x1B,
    0x65, 0x60, 0xE8, 0xC2, 0x4E, 0xC3, 0x9D, 0x16, 0x12, 0xB0, 0xA3, 0x6E, 0xFB, 0x8B, 0x0F, 0xB9,
    0x3E, 0x6F, 0xA5, 0xB9, 0xB7, 0xAA, 0x4D, 0xAC, 0x70, 0xFF, 0x5C, 0x7B, 0xC8, 0x1B, 0xA4, 0xC0,
    0x08, 0x6B, 0xD0, 0xFB, 0xD1, 0x19, 0xDE, 0x73, 0xFE, 0xE6, 0x75, 0xDA, 0x0B, 0xE7, 0xAD, 0xF8,
    0xDF, 0xE5, 0x6E, 0x7E, 0x75, 0xB6, 0x94, 0xDA, 0xBF, 0xFD, 0xA7, 0xDF, 0xD8, 0xAA, 0x2E, 0x97,
    0x06, 0x2B, 0xF6, 0x1C, 0xFE, 0x61, 0x82, 0xE3, 0xEB, 0x52, 0xF3, 0x34, 0x9B, 0x7E, 0x61, 0xFC,
    0xEE, 0x46, 0x83, 0xEF, 0xED, 0xE2, 0xD8, 0x99, 0xAD, 0xE2, 0x9D, 0x4B, 0xC5, 0x7D, 0xD1, 0xFD,
    0xF8, 0xC2, 0xBC, 0xFB, 0x7F, 0xAC, 0xB0, 0x4B, 0xB0, 0x68, 0xCE, 0x2D, 0xBC, 0x64, 0xFD, 0x12,
    0x5C, 0xDF, 0x89, 0x6F, 0xDC, 0x79, 0x1A, 0x82, 0xDD, 0xF1, 0x97, 0xCC, 0x08, 0xB9, 0xF9, 0x41,
    0xB4, 0x47, 0x08, 0x01, 0x73, 0x3B, 0xD3, 0x28, 0x7D, 0x89, 0x9A, 0x25, 0x1F, 0x62, 0x93, 0x0F,
    0x29, 0x98, 0xDB, 0x93, 0xB2, 0xEE, 0xE0, 0xCE, 0x5A, 0xCF, 0x5C, 0x0E, 0xE6, 0xE0, 0x4D, 0xCC,
    0xAF, 0xC8, 0x1C, 0x1B, 0xF5, 0xD0, 0x5D, 0xB8, 0xCC, 0x6F, 0x76, 0x4E, 0x37, 0x39, 0x5E, 0xF4,
    0xA5, 0x30, 0x22, 0x90, 0xC9, 0xDC, 0x97, 0x26, 0x9E, 0x68, 0xD1, 0xD7, 0xE7, 0x24, 0xB9, 0xD7,
    0x94, 0x48, 0x3B, 0xA6, 0x6F, 0x6E, 0xD2, 0x58, 0x98, 0x8B, 0x8D, 0x58, 0xC7, 0x08, 0x04, 0x35,
    0xE8, 0x94, 0x0F, 0x49, 0xE3, 0x5B, 0x6C, 0xCE, 0x0F, 0xFD, 0x4B, 0x44, 0x76, 0x8A, 0x90, 0xB0,
    0xA6, 0x67, 0x5E, 0xF5, 0x5C, 0xC6, 0x1A, 0xE2, 0xEA, 0x7D, 0xDC, 0xCD, 0x75, 0xF0, 0xFB, 0xE5,
    0xE1, 0xFF, 0x07, 0xF0, 0xB3, 0xB1, 0xFD, 0xB3, 0x79, 0x93, 0x96, 0xCB, 0x82, 0xE2, 0x54, 0x60,
    0x53, 0xC3, 0x2A, 0xC2, 0x3E, 0x35, 0x51, 0x47, 0x53, 0x8D, 0x9B, 0xB8, 0x45, 0x68, 0x6E, 0xD4,
    0x68, 0xBB, 0xB4, 0x12, 0x68, 0x5F, 0x18, 0x2E, 0xEE, 0x23, 0x87, 0xDC, 0xB9, 0xEF, 0xCD, 0x32,
    0xED, 0x7D, 0xB0, 0xD6, 0xF7, 0x99, 0xAD, 0x77, 0x2E, 0x90, 0xFD, 0xD5, 0xBA, 0xD0, 0x77, 0x0D,
    0x49, 0xFF, 0xF4, 0x6E, 0xEC, 0x90, 0xF5, 0x74, 0x6E, 0x85, 0x43, 0xBE, 0x09, 0xF3, 0xB7, 0xC8,
    0x36, 0x3A, 0x84, 0xAE, 0x1E, 0x95, 0xF2, 0xA9, 0xFC, 0x9C, 0xBF, 0x79, 0x9D, 0xF7, 0x75, 0xDE,
    0xE4, 0x1A, 0x3E, 0xA7, 0xCF, 0x9F, 0x83, 0xF7, 0x59, 0x9B, 0x0D, 0x9B, 0xAB, 0x67, 0x23, 0x2F,
    0xD3, 0xBB, 0x8B, 0x36, 0x69, 0xE2, 0x06, 0xD0, 0xF0, 0xDF, 0x53, 0xA2, 0x2E, 0x2B, 0x70, 0x17,
    0x48, 0x76, 0xE6, 0x90, 0x3E, 0x78, 0x87, 0xC3, 0x22, 0x9C, 0xDD, 0x00, 0xD6, 0x32, 0x8C, 0xD5,
    0xB4, 0x2D, 0x88, 0xE3, 0x2A, 0xD7, 0x37, 0xF9, 0x35, 0xFE, 0x17, 0xCD, 0x5B, 0xBD, 0x73, 0xDC,
    0xC6, 0x15, 0x7F, 0x00, 0x3C, 0x84, 0x43, 0xCC, 0x04, 0x93, 0x99, 0xCC, 0x24, 0xB6, 0x27, 0xB9,
    0x94, 0xB6, 0x32, 0x16, 0xFE, 0x01, 0x49, 0x80, 0xE3, 0x32, 0x4D, 0x1A, 0x57, 0x29, 0x92, 0x22,
    0x45, 0x32, 0x29, 0xD4, 0xA6, 0x90, 0x05, 0xC8, 0x6D, 0x8A, 0xB0, 0x4A, 0xCD, 0x42, 0x85, 0xE6,
    0x58, 0xB0, 0x71, 0xE1, 0x82, 0x22, 0x60, 0xBB, 0x74, 0x66, 0x8C, 0xD8, 0x85, 0xCB, 0x60, 0x62,
    0x15, 0x19, 0xAB, 0x30, 0x1C, 0xDD, 0x44, 0x67, 0x7A, 0x0F, 0x9B, 0xDF, 0xEF, 0x2D, 0x70, 0x1F,
    0xA4, 0x8E, 0x22, 0xA9, 0x93, 0x68, 0xDE, 0xE1, 0xDD, 0x11, 0xB7, 0x5F, 0xBF, 0xF7, 0x76, 0xDF,
    0xD7, 0x2E, 0x64, 0x7B, 0x7C, 0x4F, 0x44, 0x62, 0x6B, 0xE6, 0xF4, 0x09, 0x7F, 0x65, 0x41, 0x6A,
    0xAB, 0x39, 0xF5, 0x6D, 0x03, 0x1A, 0x3C, 0x6E, 0x41, 0xC3, 0x47, 0x13, 0xD0, 0xE8, 0xDF, 0x53,
    0xB6, 0x50, 0xB1, 0x85, 0x51, 0x35, 0x03, 0x4D, 0x8B, 0x92, 0x14, 0x2F, 0x91, 0x5C, 0xD2, 0x4C,
    0xA4, 0x93, 0x04, 0x95, 0x0D, 0x4A, 0x89, 0x0F, 0xDA, 0x48, 0x60, 0xAD, 0x6D, 0x7B, 0x1A, 0x81,
    0x4E, 0x25, 0xAE, 0xC5, 0x33, 0x68, 0x40, 0x64, 0xA6, 0x85, 0x3B, 0xAD, 0x98, 0xE3, 0x85, 0xA6,
    0x32, 0x94, 0x64, 0x69, 0xF1, 0xC7, 0xE3, 0x63, 0x03, 0x9C, 0xF2, 0x7E, 0x16, 0x1F, 0xD9, 0x2A,
    0x29, 0xE2, 0xE6, 0x35, 0x09, 0x31, 0xB2, 0x00, 0xD7, 0x4F, 0x5A, 0xB9, 0x69, 0x5B, 0xB4, 0xDD,
    0xA6, 0xDF, 0x06, 0x6D, 0x89, 0x7B, 0x06, 0xBF, 0xA1, 0xF3, 0x16, 0x83, 0x69, 0xCB, 0x87, 0xB6,
    0x4D, 0xEC, 0xD1, 0x24, 0xB4, 0x77, 0xA6, 0x32, 0xCA, 0x6E, 0x11, 0xC1, 0x77, 0x44, 0x10, 0xD8,
    0x76, 0x81, 0x7B, 0x0D, 0x27, 0xBC, 0x35, 0x9C, 0x88, 0x3F, 0x5B, 0x70, 0x22, 0x71, 0x9C, 0xC8,
    0x16, 0x9C, 0x38, 0x54, 0x40, 0x0A, 0xCE, 0x73, 0x9C, 0x98, 0x2E, 0x38, 0x11, 0x2A, 0x8D, 0x97,
    0x38, 0x91, 0x28, 0x27, 0xD2, 0x42, 0x39, 0xA1, 0x8C, 0xD4, 0xA6, 0xB2, 0xAD, 0xE2, 0x55, 0x09,
    0x9A, 0x1C, 0xDD, 0xA3, 0x83, 0x12, 0xDD, 0x6E, 0x67, 0x2B, 0xDC, 0x08, 0x7B, 0x6E, 0xA4, 0xE0,
    0xC6, 0x68, 0xCE, 0x0D, 0x7C, 0xFE, 0xD2, 0xB6, 0xE1, 0xC0, 0x8D, 0x2C, 0x68, 0x67, 0xCA, 0x8D,
    0xC8, 0x71, 0xE3, 0xEF, 0xB8, 0x6F, 0x1F, 0x83, 0x1B, 0xEF, 0x01, 0x81, 0xD5, 0xA6, 0x6C, 0xA1,
    0x18, 0x2B, 0xE5, 0x09, 0x69, 0xF8, 0x98, 0x78, 0xA3, 0xCF, 0x89, 0x37, 0xFE, 0x88, 0x78, 0x47,
    0x77, 0xA6, 0x8A, 0xCE, 0x28, 0xBD, 0xEF, 0x30, 0x0A, 0xE5, 0xEC, 0x68, 0x92, 0x89, 0x3F, 0x21,
    0x52, 0x62, 0xAC, 0x14, 0x63, 0xA3, 0xD2, 0x6E, 0xF5, 0x66, 0x4B, 0x69, 0x83, 0x09, 0xC4, 0x38,
    0x54, 0x29, 0xB5, 0x91, 0x4E, 0xF1, 0xF2, 0xEF, 0x03, 0x92, 0xA0, 0x56, 0x7A, 0xA4, 0xB4, 0x1F,
    0xDD, 0x09, 0xAC, 0xE7, 0x90, 0xFC, 0x24, 0xB5, 0xDF, 0x00, 0x6B, 0x01, 0x0C, 0x21, 0xFA, 0x8E,
    0x09, 0xE8, 0x01, 0x2E, 0xA0, 0x09, 0x70, 0xCF, 0x53, 0x89, 0x2A, 0xCC, 0x5A, 0x59, 0x0E, 0xF2,
    0xFA, 0xCA, 0x5C, 0xD8, 0xA2, 0xE8, 0x73, 0x4E, 0x47, 0xFB, 0xD0, 0x56, 0x11, 0x66, 0x50, 0x3B,
    0xAA, 0x25, 0x98, 0x12, 0x49, 0x43, 0x20, 0xC0, 0x20, 0x14, 0x9F, 0x62, 0x5A, 0x43, 0xF4, 0x57,
    0xE2, 0x55, 0xE8, 0xCA, 0x85, 0x66, 0x84, 0xF9, 0x60, 0xB4, 0x3D, 0xB6, 0x5C, 0x6B, 0x1F, 0x40,
    0x49, 0xC6, 0xBF, 0x8C, 0xEB, 0x86, 0xAB, 0xE6, 0x73, 0xA0, 0xB8, 0xB7, 0xB5, 0x34, 0x49, 0xF3,
    0x7E, 0x1D, 0x74, 0x65, 0x95, 0x56, 0x51, 0x8B, 0xF9, 0x91, 0x1D, 0xF6, 0x9D, 0x98, 0xA5, 0x6B,
    0xD6, 0x8F, 0x8D, 0xBF, 0xB3, 0x1C, 0xCB, 0x73, 0x5D, 0xE9, 0x4C, 0x52, 0x94, 0x1E, 0x19, 0x1C,
    0x52, 0xE2, 0xC9, 0xC7, 0xB8, 0x77, 0x45, 0xEE, 0x2D, 0x23, 0x0F, 0x1D, 0xF2, 0x6E, 0x8E, 0x3C,
    0x21, 0xF2, 0x70, 0x82, 0xD1, 0xFB, 0xF5, 0xB9, 0x90, 0x1F, 0x2E, 0x23, 0xF7, 0x14, 0xF9, 0x74,
    0x8E, 0xBC, 0x92, 0x12, 0x7D, 0x60, 0xAE, 0xA0, 0xB7, 0x08, 0x42, 0x48, 0x81, 0x78, 0x76, 0x08,
    0xE9, 0x24, 0xD5, 0x8A, 0x20, 0x6E, 0xCE, 0x51, 0xD7, 0x44, 0x93, 0x8A, 0xF7, 0x14, 0xD4, 0x1E,
    0x50, 0x87, 0x44, 0x5D, 0xB3, 0x1E, 0xB9, 0x26, 0x72, 0x75, 0x31, 0x12, 0x19, 0xFE, 0x95, 0x63,
    0xF2, 0x7E, 0xB0, 0x90, 0x77, 0xED, 0xE4, 0x4D, 0x49, 0x3D, 0x93, 0xBC, 0xAB, 0xF5, 0xF2, 0x46,
    0x6F, 0x11, 0x27, 0x66, 0xE5, 0xAE, 0xE8, 0x98, 0x32, 0xCA, 0x27, 0xAA, 0x0B, 0x75, 0xE6, 0x57,
    0x71, 0x0D, 0x59, 0xCA, 0x53, 0x64, 0x2D, 0x2C, 0xC7, 0xF2, 0x21, 0xD9, 0x5A, 0x3E, 0xE8, 0xE5,
    0xAA, 0x12, 0x56, 0x59, 0xAB, 0xD4, 0x8F, 0xCD, 0xF2, 0x17, 0x2F, 0x6B, 0x7F, 0x77, 0xBB, 0xF0,
    0x0D, 0x16, 0x5C, 0x8E, 0xBA, 0x23, 0xAC, 0x40, 0xBF, 0xD8, 0xA8, 0xAC, 0xFD, 0x29, 0x57, 0x74,
    0x49, 0xD5, 0x32, 0x32, 0xC3, 0x22, 0x9F, 0xFF, 0x59, 0xFB, 0x2D, 0x09, 0xC4, 0xD0, 0x8D, 0xA1,
    0x86, 0xA1, 0x34, 0x3A, 0xB6, 0x98, 0x67, 0x86, 0xEA, 0xDC, 0x50, 0x1D, 0x80, 0x44, 0x8D, 0x11,
    0x55, 0x27, 0xAA, 0x57, 0x9E, 0x48, 0xF4, 0x57, 0x2D, 0xA7, 0x35, 0xB4, 0x2E, 0x5B, 0x41, 0x7B,
    0xDA, 0xB2, 0xF6, 0xA1, 0xBD, 0x71, 0xCC, 0x3F, 0x27, 0x51, 0xED, 0xC7, 0xE5, 0x6D, 0xAE, 0x91,
    0xD0, 0x1E, 0x99, 0xF7, 0xA5, 0x44, 0x1B, 0xA1, 0x35, 0x50, 0x5D, 0x1D, 0x0C, 0x34, 0x64, 0x68,
    0x00, 0x2B, 0x30, 0xC0, 0x07, 0x2B, 0x3A, 0xA3, 0x95, 0x30, 0x04, 0xBD, 0x20, 0x7A, 0x4F, 0x7F,
    0xD5, 0x72, 0x5A, 0x03, 0x75, 0xA1, 0xEB, 0xED, 0x8C, 0xE6, 0xA2, 0x39, 0x24, 0x0F, 0x1F, 0x88,
    0x6A, 0xE4, 0x0C, 0x2A, 0x75, 0x0F, 0x5C, 0xA7, 0x22, 0x9E, 0x92, 0x7A, 0x33, 0xD5, 0x9F, 0xA5,
    0x52, 0xD8, 0x5C, 0xD0, 0xA4, 0x20, 0x1D, 0x55, 0xA4, 0x71, 0x65, 0xAD, 0x99, 0xD3, 0xBD, 0xA3,
    0x7B, 0xA0, 0xEE, 0xFE, 0xA2, 0x8C, 0x2B, 0xEF, 0xEA, 0x96, 0x8B, 0x36, 0xD9, 0xBE, 0xEB, 0xCB,
    0xF5, 0xAB, 0x63, 0x70, 0x02, 0xF3, 0xDE, 0x99, 0xFD, 0x86, 0x37, 0x5A, 0x47, 0x16, 0x73, 0x67,
    0xA3, 0xE0, 0x3B, 0x07, 0x9E, 0xEE, 0xC3, 0xE0, 0x4A, 0xAC, 0x8A, 0xDE, 0x1A, 0x5E, 0xDD, 0x78,
    0x7C, 0xCF, 0x1C, 0x9B, 0x50, 0xCB, 0x17, 0xCA, 0xE8, 0x85, 0x72, 0x72, 0x5A, 0x39, 0xB6, 0x33,
    0xB4, 0x29, 0xB4, 0x7D, 0xBC, 0xC6, 0xE3, 0xD5, 0x75, 0x7C, 0x73, 0xC6, 0x71, 0x54, 0x98, 0xA0,
    0x2D, 0xD8, 0xC6, 0x29, 0x60, 0x60, 0x43, 0x6F, 0xA0, 0x6E, 0x69, 0xFB, 0xBF, 0xA1, 0xBD, 0xC3,
    0x7E, 0xFD, 0x24, 0x35, 0xA6, 0x70, 0xB7, 0x3F, 0x09, 0x38, 0x83, 0x6E, 0x76, 0x12, 0xD6, 0xA3,
    0x2C, 0xE8, 0x80, 0x85, 0xCE, 0x40, 0xD2, 0xBC, 0x10, 0x3C, 0xFE, 0x8E, 0x5F, 0xF8, 0xD3, 0x11,
    0x31, 0x65, 0x92, 0xA2, 0xDF, 0xAD, 0x9D, 0x27, 0x63, 0xAA, 0xE6, 0x98, 0x6E, 0xCF, 0xDE, 0x79,
    0x27, 0x5F, 0x87, 0x29, 0xAD, 0xFD, 0x09, 0xCA, 0xCF, 0x31, 0x9D, 0xA6, 0xFA, 0x9E, 0xAB, 0x9C,
    0xFC, 0xC6, 0xF9, 0x0F, 0xBC, 0xFC, 0x46, 0x9E, 0x55, 0x56, 0xC7, 0x71, 0x9D, 0x65, 0xEC, 0x1C,
    0xEF, 0x30, 0xF6, 0xD3, 0xC6, 0x7D, 0x62, 0xEC, 0x12, 0x41, 0x08, 0x6F, 0xB2, 0xD7, 0xBB, 0xCE,
    0x5A, 0x46, 0x93, 0xE5, 0x31, 0xA7, 0x50, 0xAB, 0xB7, 0x45, 0xEE, 0x1F, 0xE0, 0xC7, 0x61, 0xBC,
    0xA8, 0x3F, 0x1E, 0x14, 0x66, 0xE9, 0x54, 0xF3, 0xCE, 0x68, 0x12, 0x4E, 0xE9, 0x38, 0x79, 0x16,
    0xEE, 0x1F, 0x34, 0xB4, 0xC4, 0x83, 0x7F, 0x04, 0x27, 0x28, 0xA6, 0x7E, 0xA3, 0x2B, 0x95, 0x16,
    0x1E, 0xB5, 0x09, 0xCC, 0x90, 0xCA, 0xE8, 0x45, 0xCC, 0xB9, 0xDD, 0xED, 0x1D, 0xCF, 0x24, 0x85,
    0xA4, 0x98, 0x1F, 0x31, 0x7D, 0xB4, 0x62, 0xB3, 0x73, 0x4E, 0x7E, 0x3A, 0xF8, 0xBC, 0x01, 0xAD,
    0xDE, 0xE8, 0x33, 0x43, 0x13, 0xF9, 0xA7, 0x27, 0x39, 0x01, 0xD9, 0xDC, 0x09, 0x98, 0xC4, 0x67,
    0x71, 0x02, 0x62, 0xD5, 0x97, 0x24, 0x5B, 0xE3, 0x52, 0x83, 0x02, 0x1D, 0x85, 0xFA, 0xF4, 0xAC,
    0x6B, 0x61, 0x0E, 0x7D, 0x8B, 0xF6, 0x22, 0xEB, 0xDB, 0xAF, 0xC0, 0x18, 0xF4, 0x31, 0xA2, 0x13,
    0x10, 0x2B, 0x77, 0x53, 0xEA, 0x50, 0x3A, 0xEB, 0xE9, 0xC2, 0xCF, 0x2F, 0x9B, 0x03, 0x6A, 0xC6,
    0xB8, 0xEB, 0x0C, 0xB5, 0x1C, 0xD5, 0x1D, 0xF5, 0x1E, 0x15, 0x20, 0x35, 0xE1, 0x70, 0xF1, 0x7F,
    0xDE, 0xE7, 0xEF, 0x2C, 0x37, 0x82, 0x22, 0x55, 0x8D, 0x4A, 0xD5, 0xEA, 0x94, 0xAF, 0xD9, 0xCA,
    0xFC, 0x69, 0xE2, 0xCC, 0x64, 0x4B, 0x2E, 0x4A, 0x8E, 0x21, 0xBE, 0x4A, 0x4F, 0x20, 0xB9, 0x43,
    0x03, 0x66, 0xA7, 0x3D, 0x4B, 0xE4, 0x0D, 0xB9, 0x5C, 0x6E, 0x04, 0x75, 0x22, 0x4E, 0xD7, 0x99,
    0x15, 0x5D, 0x27, 0x65, 0x7D, 0x31, 0x6E, 0x1C, 0x95, 0x67, 0xE3, 0xC6, 0x39, 0x1C, 0xC4, 0xF3,
    0x72, 0x23, 0x22, 0x23, 0xA2, 0x0B, 0xCD, 0x8D, 0x75, 0x5A, 0xF2, 0xA2, 0xDC, 0x38, 0xEB, 0xDC,
    0x78, 0x76, 0xC1, 0x6F, 0x9F, 0x17, 0xAA, 0xFB, 0x7B, 0x89, 0xE4, 0x36, 0xC9, 0x88, 0x24, 0x9E,
    0x7F, 0xE3, 0x3D, 0x9F, 0xE1, 0x8B, 0xBC, 0xEB, 0xBE, 0x04, 0x55, 0x7F, 0xC1, 0xD9, 0xF3, 0xE9,
    0x52, 0x2C, 0x47, 0xC8, 0xCF, 0x79, 0xE9, 0xC8, 0xAE, 0xA8, 0x96, 0xE4, 0xD2, 0x21, 0xBE, 0xDF,
    0x31, 0x8C, 0x5F, 0xF1, 0x33, 0x4F, 0xF3, 0x1C, 0x9F, 0x4C, 0xA8, 0xC1, 0x96, 0xC8, 0xF9, 0x1B,
    0x90, 0x3F, 0x90, 0x45, 0x54, 0x73, 0x11, 0x55, 0x5C, 0xF2, 0x29, 0x56, 0x4F, 0xC9, 0x28, 0x72,
    0x75, 0x58, 0xA7, 0x91, 0x04, 0xD8, 0x0C, 0xAD, 0x82, 0x3D, 0xA2, 0xF3, 0x8A, 0x80, 0x1B, 0x31,
    0x78, 0xD4, 0x8A, 0xBA, 0x77, 0xE6, 0x42, 0x44, 0x3D, 0x45, 0x59, 0xA6, 0x7B, 0x47, 0xB0, 0xA7,
    0xF7, 0x9C, 0xC6, 0x76, 0xF4, 0x64, 0x99, 0x9E, 0xF2, 0xD7, 0x81, 0xB2, 0x96, 0xAC, 0x2D, 0x79,
    0x46, 0xEA, 0x88, 0x9A, 0x0A, 0x25, 0xF4, 0x6F, 0x87, 0x1F, 0x10, 0x1C, 0x07, 0x8F, 0x10, 0xA4,
    0x04, 0x98, 0xF2, 0xF0, 0xB7, 0x60, 0x2A, 0x03, 0x26, 0x68, 0x82, 0x89, 0xF3, 0x7D, 0x2F, 0x42,
    0xE2, 0xFA, 0x5A, 0xDA, 0x99, 0x43, 0x3B, 0x9D, 0x46, 0xBD, 0x2A, 0x4B, 0x99, 0x83, 0x69, 0xAF,
    0x74, 0xBB, 0xCE, 0x9B, 0x3D, 0xD7, 0x1B, 0xB5, 0x5C, 0xF5, 0x70, 0x12, 0xC7, 0xB6, 0x4C, 0xCB,
    0xEE, 0x7A, 0xD0, 0x8B, 0xD7, 0xB7, 0x15, 0xDE, 0xDE, 0x7E, 0x45, 0x4D, 0x71, 0xB6, 0x37, 0x1C,
    0x55, 0x4C, 0x67, 0x6B, 0x97, 0x6D, 0x3B, 0xFF, 0xDD, 0x3B, 0xA2, 0x77, 0x7F, 0xDE, 0x37, 0x6A,
    0xB9, 0xEA, 0xEE, 0xBD, 0xEC, 0x05, 0x23, 0x08, 0xC3, 0x7B, 0xFB, 0x3C, 0x48, 0xAF, 0xFB, 0x6D,
    0xF2, 0x75, 0x13, 0x03, 0x54, 0x27, 0x1B, 0xE4, 0xDB, 0xBB, 0x32, 0x4D, 0x1F, 0xB6, 0xB1, 0x6D,
    0x7C, 0xDB, 0x2B, 0x8B, 0xC8, 0xF2, 0xBD, 0x55, 0xAA, 0xD2, 0x3F, 0xDB, 0x7B, 0x23, 0x5C, 0x82,
    0xD2, 0x8A, 0x35, 0x1F, 0x15, 0x4F, 0x11, 0x6B, 0xC3, 0xC3, 0x8F, 0xDB, 0xB8, 0x0D, 0xEB, 0xB9,
    0x24, 0x2A, 0x5B, 0xED, 0x57, 0xF1, 0xDA, 0xD7, 0x0D, 0xF9, 0x40, 0x26, 0xD2, 0x55, 0x65, 0x95,
    0x54, 0x7E, 0xD3, 0x37, 0xBE, 0xEC, 0xCD, 0x6E, 0x64, 0x90, 0x65, 0x5B, 0xB6, 0x7F, 0x6E, 0x83,
    0x53, 0x5E, 0x3A, 0x7B, 0xE6, 0x1F, 0xA8, 0x28, 0xFD, 0x8A, 0x7F, 0x0E, 0x1F, 0x2F, 0xB9, 0x8F,
    0x03, 0xF7, 0x41, 0x5F, 0x09, 0x1F, 0x1D, 0x22, 0x70, 0x7C, 0x94, 0xC5, 0x88, 0x60, 0xD3, 0x23,
    0xCB, 0xA1, 0xC7, 0x96, 0x7E, 0x38, 0x16, 0xC4, 0x03, 0x30, 0xD6, 0x9B, 0xC4, 0x6D, 0x60, 0x78,
    0xF1, 0xFB, 0x4A, 0xAE, 0x17, 0x0D, 0xF0, 0x3A, 0x1D, 0xE2, 0xE9, 0x2F, 0xA7, 0x3C, 0xA0, 0x21,
    0xB7, 0xCB, 0x06, 0xB6, 0x00, 0xEB, 0x8A, 0x13, 0xD6, 0x63, 0xAC, 0x44, 0xC7, 0x5A, 0x12, 0xFE,
    0xDB, 0x31, 0x19, 0x7C, 0x77, 0x39, 0x80, 0x92, 0x25, 0x65, 0xF4, 0x8C, 0xE4, 0xE5, 0xB9, 0xB6,
    0x25, 0x4B, 0xA8, 0xAE, 0x1B, 0x65, 0x87, 0x90, 0x19, 0x42, 0x56, 0x88, 0xA7, 0x71, 0x78, 0xCA,
    0x2F, 0xB5, 0x26, 0xB1, 0x93, 0xAA, 0x5B, 0xF5, 0x6C, 0xD2, 0x0D, 0x5D, 0x58, 0x47, 0x7B, 0x9D,
    0xF3, 0xDD, 0xE8, 0x4D, 0x32, 0x23, 0x52, 0x18, 0xA6, 0x9D, 0x0C, 0xAD, 0x25, 0x93, 0xB3, 0xCC,
    0x01, 0x57, 0x20, 0x30, 0x9B, 0xC6, 0xA7, 0xB5, 0x41, 0x08, 0x23, 0x66, 0xC4, 0xC2, 0x39, 0x37,
    0x0F, 0x38, 0x93, 0x34, 0x43, 0x60, 0x1F, 0x33, 0x49, 0xFD, 0xD1, 0x8C, 0x59, 0x60, 0x4B, 0x4F,
    0x23, 0x67, 0xB5, 0xA4, 0x1E, 0x5A, 0xD1, 0xF6, 0x3C, 0xCD, 0xDD, 0x68, 0x14, 0x95, 0x32, 0xFF,
    0x32, 0x5A, 0x0E, 0xE8, 0x74, 0x39, 0xA9, 0x67, 0x20, 0x73, 0x12, 0xB2, 0x40, 0x92, 0x9D, 0x16,
    0x73, 0x31, 0x87, 0x33, 0x13, 0x03, 0xCD, 0x6A, 0xC0, 0x4A, 0x03, 0xD9, 0xC1, 0x3F, 0x50, 0x7F,
    0x41, 0x61, 0x11, 0x5E, 0x99, 0x89, 0xE5, 0x7D, 0x98, 0x47, 0x03, 0xF3, 0x60, 0x34, 0x4B, 0xC1,
    0x51, 0xA4, 0x85, 0xDB, 0xDC, 0xE8, 0xFF, 0xAE, 0xB3, 0xB3, 0xDE, 0x8B, 0x89, 0x9D, 0x0F, 0xE3,
    0x4D, 0xA5, 0x2F, 0x87, 0xF2, 0x3E, 0xEA, 0x61, 0xEE, 0x18, 0x54, 0x61, 0x3E, 0xCC, 0xCC, 0xFA,
    0x3E, 0xE8, 0xFE, 0xD2, 0x08, 0xC7, 0xB5, 0xFB, 0x5D, 0xB1, 0x12, 0x6A, 0x4E, 0x16, 0x54, 0xBA,
    0xB7, 0xB2, 0x33, 0x9F, 0x7A, 0xBA, 0x89, 0x70, 0xFB, 0x98, 0x91, 0xDF, 0xE4, 0x35, 0xC4, 0x67,
    0xBC, 0xBC, 0x22, 0x6C, 0xE2, 0x3A, 0xCD, 0x0E, 0xFA, 0x9E, 0xCE, 0xF6, 0xB2, 0x05, 0x13, 0xD6,
    0xCF, 0x73, 0x5C, 0x0B, 0xA9, 0x57, 0x8E, 0x31, 0x5E, 0x7F, 0x71, 0x16, 0x80, 0xB7, 0xE9, 0x59,
    0x5F, 0x4D, 0x02, 0x4D, 0xAC, 0xA6, 0x01, 0x26, 0xDC, 0xC3, 0x2B, 0x04, 0x5A, 0x23, 0xB7, 0x7A,
    0x24, 0xCC, 0x18, 0xB6, 0xEE, 0xF2, 0x9A, 0x8D, 0x8C, 0xDC, 0xBC, 0x69, 0xAE, 0x9B, 0x5B, 0xE6,
    0x03, 0xF3, 0xBE, 0x69, 0x37, 0xC9, 0xC3, 0x77, 0xFB, 0x39, 0x69, 0xFB, 0xEF, 0x67, 0x18, 0xC9,
    0xE9, 0x76, 0x34, 0xAC, 0xA1, 0x46, 0xF9, 0x0E, 0xEB, 0x93, 0xBF, 0xDA, 0x1D, 0xE8, 0x53, 0x49,
    0xDA, 0xA7, 0x2A, 0xAC, 0x88, 0x04, 0x0B, 0x2A, 0xF8, 0x6F, 0xD7, 0xEF, 0xC3, 0x05, 0x34, 0xC6,
    0xA1, 0x6E, 0x32, 0xA9, 0x73, 0x46, 0xF2, 0x88, 0xE4, 0xED, 0xB5, 0xAD, 0xD0, 0x41, 0x5E, 0x90,
    0x13, 0xF6, 0xF1, 0x1F, 0xB1, 0x89, 0x4D, 0xD2, 0xD0, 0x8A, 0xFE, 0x6D, 0xF9, 0xFE, 0x34, 0xE2,
    0x52, 0x72, 0x69, 0x05, 0xD5, 0x04, 0x8B, 0xAD, 0x9F, 0x83, 0x95, 0x04, 0x14, 0xF7, 0xAD, 0xA0,
    0x2B, 0x41, 0x08, 0xC8, 0x32, 0x6F, 0xDA, 0x51, 0xC7, 0x9A, 0x8E, 0x24, 0x27, 0x81, 0x77, 0xD8,
    0x1A, 0xA6, 0x43, 0xA1, 0x05, 0x40, 0x68, 0x8D, 0xD0, 0x38, 0x5D, 0xF1, 0x19, 0x49, 0x49, 0x92,
    0xBE, 0x0D, 0x92, 0x7C, 0xCC, 0x5D, 0xA9, 0xCF, 0xB9, 0x0D, 0xF7, 0x08, 0x24, 0xF8, 0x0E, 0xC4,
    0x57, 0xFF, 0x5E, 0x49, 0x4E, 0x42, 0xE0, 0xD7, 0x16, 0xDB, 0x3E, 0x1C, 0xDB, 0xD2, 0x86, 0xDF,
    0x04, 0x6E, 0x39, 0xBD, 0x72, 0x3A, 0xE5, 0xF4, 0xC9, 0xE9, 0x92, 0xCF, 0xD4, 0xEB, 0x3F, 0xFB,
    0x75, 0x29, 0x90, 0xCE, 0xA6, 0x8A, 0x37, 0x01, 0x6F, 0xAD, 0xCA, 0x65, 0xB6, 0x9D, 0x53, 0xAB,
    0xA4, 0xA7, 0x3C, 0xFA, 0x57, 0xC3, 0x0D, 0x8F, 0x6C, 0x88, 0x5C, 0x2F, 0x51, 0xDE, 0xD1, 0x9A,
    0xFC, 0xDA, 0x26, 0x98, 0xB1, 0xCA, 0xE7, 0x13, 0x24, 0xFE, 0x15, 0xA0, 0xC6, 0x9F, 0x72, 0x0F,
    0xDA, 0xEE, 0xCF, 0xE8, 0x81, 0x76, 0x34, 0xA9, 0x25, 0x57, 0x43, 0xCA, 0xB1, 0x5C, 0x80, 0x5C,
    0xCE, 0xF4, 0x5A, 0x68, 0x84, 0x7D, 0xD5, 0x1C, 0x8D, 0xCA, 0x72, 0x33, 0xF3, 0x69, 0xB8, 0xD8,
    0x32, 0x1B, 0x56, 0x67, 0x6A, 0x71, 0x8A, 0xC2, 0x9D, 0xAB, 0x58, 0x93, 0x23, 0xD2, 0xCC, 0x89,
    0x30, 0xC1, 0x01, 0x7F, 0xCB, 0x30, 0x95, 0x09, 0x83, 0xED, 0xAB, 0xE7, 0x03, 0x75, 0xEC, 0x9C,
    0x25, 0x97, 0x8C, 0x9D, 0xE9, 0x71, 0x0A, 0x33, 0x3F, 0x50, 0xF0, 0x24, 0xEA, 0xCA, 0xB8, 0xF2,
    0xAE, 0xAE, 0x6B, 0xC7, 0xB5, 0xE9, 0xDA, 0xF7, 0xB4, 0x2F, 0xD7, 0xAF, 0x1B, 0xC3, 0xDA, 0xB3,
    0x14, 0xCB, 0x09, 0xE3, 0x3A, 0x34, 0xA9, 0xE6, 0x40, 0xE4, 0x90, 0x53, 0x91, 0x7C, 0x1D, 0x2E,
    0xFE, 0xCF, 0xFB, 0x4C, 0xB4, 0xB2, 0xDC, 0x3C, 0xFF, 0x71, 0x53, 0x53, 0x87, 0x6F, 0xCC, 0xCF,
    0x81, 0x44, 0xCA, 0x0F, 0x77, 0x4E, 0x42, 0xAE, 0x7C, 0x6F, 0xF9, 0xE1, 0xEF, 0x6C, 0x15, 0xBA,
    0xB3, 0x4C, 0xEF, 0x8A, 0x08, 0xD7, 0x6C, 0x68, 0x5C, 0x98, 0x27, 0x32, 0x62, 0x36, 0x4A, 0x52,
    0x5D, 0xCC, 0x1D, 0x93, 0x5D, 0xFE, 0x84, 0xA7, 0x25, 0xFC, 0x62, 0xF7, 0xFB, 0xCA, 0x13, 0x91,
    0xE2, 0xF7, 0x12, 0x34, 0x50, 0x04, 0x5F, 0x22, 0x28, 0xF8, 0x6B, 0x23, 0x37, 0x46, 0x85, 0xFC,
    0xF1, 0x95, 0xCD, 0xF2, 0x25, 0xB2, 0x4D, 0x4A, 0x07, 0x2D, 0xB7, 0x1D, 0x3F, 0x99, 0x50, 0xB4,
    0xE3, 0xF1, 0x3D, 0xEE, 0x34, 0x33, 0x77, 0xC6, 0xCD, 0x66, 0xEB, 0x36, 0x26, 0x7C, 0xDB, 0x87,
    0x11, 0xB6, 0xCF, 0x2F, 0x96, 0xBD, 0xA2, 0xCE, 0x7B, 0x67, 0x25, 0xED, 0x37, 0x13, 0xD2, 0x7E,
    0xE3, 0x64, 0xFE, 0x39, 0xFC, 0xBE, 0x54, 0x7E, 0xA8, 0x3F, 0xB4, 0x37, 0xB4, 0x3F, 0xF4, 0x37,
    0xF4, 0x3F, 0x8C, 0x67, 0x18, 0xDF, 0x62, 0xBC, 0xDF, 0xCA, 0x6B, 0x6E, 0x17, 0xB3, 0x2A, 0x79,
    0x96, 0xA5, 0x2B, 0x1F, 0xD9, 0x7D, 0xC8, 0xA7, 0x0E, 0x2D, 0x95, 0x25, 0xBC, 0x06, 0x00, 0x4C,
    0xD8, 0x0F, 0xC2, 0x81, 0x98, 0x52, 0xCA, 0xC7, 0xE3, 0x7D, 0xCA, 0x83, 0x9B, 0x2F, 0x2B, 0x9F,
    0x7D, 0xAA, 0x34, 0xEF, 0xF3, 0xA6, 0x7A, 0xC8, 0x28, 0xEF, 0x8F, 0x19, 0xB1, 0xBD, 0x89, 0xDC,
    0xEF, 0xDB, 0x57, 0x7E, 0x17, 0x25, 0xEE, 0xB8, 0xFE, 0x59, 0xF2, 0xC7, 0xD2, 0xFB, 0x27, 0x9E,
    0x19, 0xD4, 0x5D, 0x5C, 0xAD, 0xEE, 0x97, 0x75, 0xEA, 0xC8, 0x21, 0x1C, 0x1E, 0x97, 0x74, 0x15,
    0x7D, 0x0D, 0x8B, 0x4A, 0x0D, 0x8B, 0x56, 0x09, 0x03, 0x08, 0x8D, 0x24, 0x22, 0xEE, 0x58, 0xA2,
    0x1B, 0x3D, 0xB3, 0xD3, 0xED, 0x33, 0x2A, 0xA1, 0x6B, 0x64, 0x10, 0x51, 0xF1, 0x80, 0x4E, 0x36,
    0xC4, 0x69, 0x1A, 0x6B, 0x21, 0x46, 0xEB, 0x03, 0x2E, 0x17, 0x6B, 0xE5, 0x05, 0x6D, 0x6B, 0x4A,
    0x50, 0x08, 0xA9, 0xFD, 0x61, 0x21, 0x4D, 0x5E, 0xAB, 0x4C, 0x59, 0x75, 0x5D, 0xC1, 0xDC, 0x61,
    0xE6, 0xA2, 0xB6, 0xA7, 0x24, 0x67, 0x2E, 0x63, 0xE8, 0xB2, 0x12, 0x2B, 0x38, 0x86, 0x7A, 0x73,
    0xA2, 0xAE, 0x0A, 0xDD, 0x92, 0xF8, 0xCE, 0x41, 0xFC, 0x89, 0x89, 0xBF, 0xFE, 0x4F, 0x3C, 0xD3,
    0xD5, 0xD9, 0xD2, 0x3E, 0x9E, 0x9E, 0x54, 0xEB, 0x73, 0x4A, 0x7A, 0xEA, 0xC9, 0xD3, 0x37, 0x5A,
    0xC3, 0x44, 0x89, 0xB8, 0xAD, 0xA3, 0xD6, 0x1E, 0xC6, 0xEB, 0xFB, 0x20, 0xBE, 0xA4, 0x9A, 0x45,
    0x8F, 0x27, 0x3C, 0xE1, 0x96, 0xF7, 0x83, 0x88, 0xDF, 0xBA, 0x00, 0x5A, 0x55, 0x78, 0xEA, 0x43,
    0xEB, 0x89, 0x1D, 0xDD, 0x12, 0xB8, 0xBB, 0xA2, 0xEA, 0x12, 0xCB, 0x65, 0x67, 0x99, 0xEF, 0xDF,
    0xB7, 0x0C, 0xCF, 0xF3, 0x0A, 0x0B, 0xF1, 0x87, 0x59, 0xBA, 0x72, 0x22, 0x4A, 0x12, 0x3D, 0x58,
    0x67, 0x77, 0xD4, 0x6C, 0xA1, 0xBD, 0x9B, 0xDC, 0xE9, 0xF6, 0x4A, 0x4E, 0x7F, 0xAF, 0x64, 0xFB,
    0xF1, 0xFC, 0xB4, 0x56, 0xD0, 0x26, 0x24, 0xA8, 0x16, 0xF3, 0x88, 0x49, 0x5A, 0x45, 0x76, 0xCF,
    0x66, 0x9E, 0x86, 0x80, 0x23, 0xB6, 0xA0, 0x67, 0xA8, 0xDC, 0x51, 0x3C, 0x5D, 0x31, 0x94, 0xEF,
    0xF2, 0x19, 0xAA, 0x72, 0xC2, 0xBD, 0x18, 0x49, 0x8E, 0x10, 0x4E, 0x15, 0x51, 0x05, 0x9D, 0xA6,
    0x11, 0x40, 0xC2, 0xB3, 0x61, 0x50, 0x8A, 0x1E, 0xD5, 0xA3, 0x76, 0xEA, 0xA2, 0xC8, 0x04, 0x17,
    0x3D, 0x97, 0xD1, 0x51, 0x59, 0xF3, 0x24, 0x1A, 0x4F, 0xA4, 0x89, 0xA6, 0xDA, 0x83, 0x4E, 0x07,
    0xCD, 0xDD, 0xBB, 0x5F, 0xA3, 0xE8, 0x3D, 0xEF, 0xDE, 0x25, 0x23, 0xEF, 0x37, 0x12, 0x65, 0xA6,
    0xDB, 0xB7, 0xC7, 0x0E, 0x36, 0x12, 0x75, 0x07, 0xD4, 0xB6, 0x48, 0x8B, 0x11, 0x50, 0xBF, 0xB4,
    0x06, 0x75, 0xDC, 0xBA, 0x9E, 0xD8, 0x51, 0x0C, 0xD4, 0x76, 0x81, 0xFA, 0xAC, 0x90, 0x9A, 0x25,
    0x48, 0x3B, 0x67, 0x85, 0xD4, 0xA2, 0x5A, 0x5A, 0x13, 0x52, 0xE1, 0xEB, 0x8A, 0x48, 0xD4, 0xA3,
    0xD0, 0x75, 0xA9, 0x1E, 0x7B, 0x34, 0xCC, 0x38, 0x9F, 0xDF, 0x42, 0xBB, 0x49, 0x64, 0x3F, 0x53,
    0x45, 0xEC, 0x34, 0xC0, 0x8F, 0x70, 0xE5, 0x7D, 0x26, 0x56, 0x65, 0xAA, 0xD2, 0x55, 0x39, 0xAB,
    0xC4, 0x55, 0xF6, 0x97, 0x29, 0xE7, 0xAD, 0x9D, 0x57, 0x11, 0x25, 0x1E, 0x8A, 0x93, 0x09, 0x4F,
    0x08, 0x66, 0xE7, 0x93, 0xF3, 0x96, 0x3D, 0xC6, 0x8D, 0x68, 0x65, 0x76, 0x2F, 0xF6, 0xA0, 0xC6,
    0x7B, 0x47, 0xE3, 0xDD, 0xCD, 0xA5, 0x2A, 0x4F, 0x21, 0x3E, 0x59, 0x10, 0x6A, 0x50, 0x96, 0x0C,
    0xFB, 0x7E, 0x2F, 0x6B, 0x1C, 0x67, 0x16, 0x09, 0xD3, 0xF9, 0xFB, 0x1C, 0xD9, 0xED, 0xAE, 0xE0,
    0xE9, 0xD6, 0xB2, 0x92, 0xF7, 0x85, 0x36, 0xE9, 0xB7, 0xD0, 0xCD, 0x15, 0x26, 0x50, 0x7F, 0xC0,
    0x94, 0x19, 0x3C, 0x49, 0x69, 0x13, 0x62, 0xF6, 0x1D, 0x4C, 0x8E, 0x1D, 0x43, 0x79, 0xE1, 0x7C,
    0x90, 0xBF, 0xA8, 0x59, 0x9C, 0xFA, 0xBB, 0x88, 0x8E, 0xDA, 0xE0, 0x9B, 0xFA, 0x82, 0x80, 0x59,
    0xFE, 0xDC, 0xA3, 0xDF, 0x3B, 0xDA, 0x1D, 0x92, 0xAF, 0xB6, 0xBD, 0xC0, 0xE8, 0x4F, 0x17, 0xD1,
    0x5A, 0x0C, 0xC3, 0x88, 0x65, 0x5B, 0x7E, 0x81, 0xA5, 0xD7, 0x30, 0xEF, 0x8B, 0xF5, 0xE4, 0xB7,
    0x65, 0x23, 0xDE, 0xCE, 0xF2, 0xE4, 0xBE, 0xC0, 0xAE, 0xEA, 0xE9, 0x64, 0xC6, 0x25, 0x07, 0x2F,
    0x31, 0x6E, 0xB0, 0x48, 0x46, 0x55, 0x52, 0x63, 0xF5, 0xC6, 0x5C, 0xC7, 0x81, 0xAE, 0xB6, 0x9B,
    0x58, 0x6D, 0xE1, 0xF4, 0xAA, 0x66, 0xD1, 0x13, 0xF8, 0x7E, 0xAF, 0x78, 0x3B, 0x4B, 0x43, 0xA1,
    0xEF, 0x7D, 0xD6, 0x8B, 0xA1, 0x52, 0x5A, 0x59, 0x4C, 0xC4, 0xFC, 0xA1, 0xAD, 0x12, 0xFB, 0x69,
    0x15, 0x75, 0x91, 0x3B, 0x30, 0xE6, 0xC8, 0xF1, 0x63, 0x63, 0x97, 0x03, 0x36, 0xD6, 0xDD, 0x7B,
    0x73, 0x22, 0xBA, 0x7D, 0x36, 0xB0, 0x9F, 0x00, 0x2C, 0x5C, 0xAD, 0xBB, 0x1E, 0xA6, 0xD7, 0x8C,
    0x09, 0x6B, 0xA6, 0x0B, 0xA0, 0xCA, 0x20, 0x59, 0xEF, 0xEE, 0x25, 0x23, 0xDE, 0x96, 0xD7, 0x25,
    0xFE, 0x27, 0xCF, 0x20, 0x4E, 0x74, 0x7B, 0x64, 0x39, 0x82, 0xDD, 0x88, 0x88, 0xD5, 0x21, 0x8A,
    0xBA, 0xDE, 0x52, 0xC8, 0x0D, 0xDE, 0xBA, 0x46, 0x33, 0x96, 0xEE, 0x57, 0xFD, 0xF1, 0x81, 0xC0,
    0x5C, 0x32, 0x13, 0x24, 0xCF, 0x14, 0x7C, 0xF0, 0x1D, 0x96, 0x63, 0xD5, 0x5F, 0xF8, 0xAE, 0x0C,
    0xC9, 0xB3, 0x0D, 0x33, 0x64, 0x72, 0x5D, 0x9C, 0xFD, 0x0A, 0xBF, 0xE1, 0xD9, 0xA3, 0x8F, 0x31,
    0x21, 0x5E, 0x5D, 0x76, 0xD0, 0x2E, 0x85, 0x03, 0x3F, 0xF0, 0x21, 0x20, 0x8C, 0x2E, 0xD5, 0xBD,
    0x18, 0x38, 0x02, 0x70, 0xC3, 0x77, 0x76, 0x37, 0x88, 0x3C, 0xAC, 0x9E, 0x07, 0xAC, 0x86, 0xB0,
    0x6A, 0x85, 0x05, 0xFF, 0x25, 0xCF, 0xE2, 0x3E, 0x84, 0x6C, 0x5C, 0x62, 0x51, 0xBC, 0x7A, 0x70,
    0xD3, 0xF5, 0xC1, 0x0A, 0x67, 0xF6, 0xBA, 0xF3, 0xE2, 0x61, 0x7E, 0x21, 0x01, 0x9E, 0x7C, 0x69,
    0x41, 0x53, 0x92, 0x3C, 0xC0, 0xCC, 0x5E, 0xBA, 0xC2, 0x05, 0xB3, 0xCC, 0x39, 0x0C, 0xC7, 0xCB,
    0x9D, 0x81, 0x75, 0x0F, 0x95, 0x48, 0xFC, 0x85, 0x1A, 0xB7, 0xF4, 0xAD, 0x13, 0x0F, 0x20, 0x95,
    0x5A, 0xB2, 0xCB, 0xF5, 0x63, 0x96, 0xC2, 0xCD, 0xC9, 0x3C, 0x93, 0xC2, 0x22, 0x14, 0xBE, 0x49,
    0x60, 0xA6, 0xAB, 0x60, 0x3A, 0xD2, 0x8F, 0x49, 0x5C, 0x87, 0x0F, 0xEB, 0xB0, 0x8D, 0x9B, 0xE8,
    0x8B, 0x26, 0x6A, 0xA3, 0x16, 0x13, 0x27, 0x6E, 0x42, 0xFD, 0x80, 0x95, 0x8C, 0xDF, 0x6B, 0x63,
    0x96, 0x7D, 0x6B, 0x82, 0x5A, 0xD3, 0x44, 0xA6, 0x69, 0xE5, 0x43, 0x8E, 0x3C, 0xB0, 0xA4, 0x1F,
    0x68, 0xFC, 0x86, 0x1C, 0xA0, 0x9B, 0xEE, 0x96, 0x5C, 0x47, 0xA7, 0xE5, 0x81, 0xDC, 0xE8, 0x34,
    0x7D, 0xA1, 0x19, 0x8C, 0xA9, 0x24, 0xFC, 0x98, 0xE8, 0x89, 0xF1, 0xA4, 0xD5, 0xA7, 0x44, 0x18,
    0x03, 0x11, 0xDD, 0xB6, 0x3B, 0x8E, 0xEF, 0x9E, 0x09, 0x22, 0x0E, 0xA6, 0x13, 0x71, 0xBB, 0xB8,
    0x72, 0x5C, 0x5F, 0xA7, 0x45, 0xD8, 0x1E, 0xD2, 0x61, 0x6B, 0x72, 0x4E, 0x31, 0x78, 0x5F, 0x65,
    0x4D, 0xFA, 0x5D, 0x33, 0x2A, 0x92, 0xE2, 0x7F, 0x6D, 0x92, 0xC5, 0x1F, 0x7E, 0x03, 0xCF, 0x3C,
    0xFE, 0xA8, 0x9D, 0xA4, 0x12, 0x7D, 0xDC, 0x4C, 0x6F, 0x4B, 0xF8, 0x65, 0x7D, 0x70, 0x20, 0xC1,
    0xE3, 0xEA, 0x16, 0x33, 0x9D, 0xD5, 0x0D, 0x18, 0x3E, 0xB8, 0x6E, 0x54, 0x46, 0x59, 0xD2, 0x6A,
    0x0A, 0xA7, 0xED, 0x13, 0x39, 0x08, 0x68, 0x34, 0xD6, 0x7A, 0x65, 0x78, 0x50, 0xC9, 0xE7, 0xF2,
    0xD4, 0x87, 0x92, 0x5C, 0x26, 0x6E, 0xBE, 0x9B, 0x4B, 0xA3, 0xA2, 0xCF, 0x17, 0x41, 0xD9, 0x06,
    0x53, 0x78, 0x35, 0x61, 0xEB, 0x1E, 0xC8, 0xD2, 0x27, 0xB4, 0xF4, 0x61, 0x2D, 0x7D, 0x7A, 0x4B,
    0xB3, 0x4A, 0xFA, 0x64, 0x97, 0x3E, 0xE0, 0xE4, 0xF7, 0x09, 0x54, 0xE9, 0x17, 0x7D, 0x2A, 0x67,
    0x27, 0x3C, 0xDF, 0x42, 0x16, 0x1E, 0xE6, 0x42, 0x89, 0x1D, 0xDB, 0x5C, 0x36, 0x69, 0xC6, 0xC3,
    0xC4, 0x10, 0x62, 0x15, 0xB4, 0x51, 0x1D, 0x35, 0xDC, 0x44, 0x84, 0xD0, 0x2A, 0x7F, 0x92, 0x14,
    0x90, 0x95, 0x3B, 0x1B, 0x7F, 0xFF, 0x36, 0xF4, 0x63, 0x9F, 0x53, 0x4A, 0x9C, 0x00, 0xF4, 0xE2,
    0x4E, 0x41, 0xE4, 0x0E, 0xC1, 0x6D, 0x33, 0xD7, 0x62, 0xDD, 0x53, 0x3C, 0x72, 0x95, 0x0F, 0x0E,
    0x2D, 0x82, 0xE3, 0xAB, 0xEE, 0x39, 0xA2, 0xA1, 0x57, 0xB8, 0xE5, 0xDC, 0xBC, 0x0D, 0xA6, 0xC0,
    0x1D, 0xB6, 0xF0, 0xAC, 0xE3, 0x26, 0xD0, 0xDD, 0x59, 0x7D, 0xDE, 0xAA, 0x64, 0xE4, 0x9B, 0x16,
    0x98, 0x02, 0xA3, 0x0F, 0xA9, 0x85, 0xBE, 0x9C, 0xCC, 0x99, 0x50, 0x5F, 0x98, 0x09, 0xE2, 0xCB,
    0x10, 0xDD, 0xAB, 0xD3, 0xAF, 0x01, 0xF1, 0xCA, 0x01, 0x2C, 0x4D, 0x09, 0x29, 0xB9, 0x32, 0x1E,
    0x97, 0xF3, 0x4E, 0xBA, 0xC1, 0x0A, 0xD0, 0x3A, 0xBA, 0x5D, 0x6C, 0x5D, 0x4B, 0x9A, 0xA0, 0xA2,
    0x68, 0x75, 0x7B, 0x4C, 0x43, 0x04, 0xBD, 0x4F, 0xE9, 0x7B, 0x73, 0xD3, 0xA1, 0xB3, 0x54, 0xA3,
    0x2E, 0x9D, 0xA4, 0xF6, 0x2B, 0x3D, 0xDA, 0x63, 0x9D, 0x0F, 0x58, 0x89, 0xD7, 0xB8, 0xC0, 0x42,
    0xC3, 0xC3, 0xD5, 0xE7, 0x3F, 0x86, 0x53, 0xBA, 0xE3, 0xB1, 0x5D, 0xDA, 0x7D, 0x1A, 0xCA, 0x66,
    0x2E, 0x86, 0x9E, 0x3A, 0xEF, 0x8E, 0xB7, 0x98, 0x17, 0xB9, 0xED, 0x4E, 0xED, 0x16, 0x7D, 0x07,
    0x95, 0x3B, 0x77, 0xB2, 0xE4, 0xCA, 0x37, 0x27, 0x92, 0xE2, 0x27, 0x51, 0xD3, 0xF6, 0xEB, 0xD9,
    0x9E, 0xD0, 0xCC, 0x81, 0x2D, 0x00, 0xB0, 0xA9, 0xD9, 0x70, 0x84, 0x62, 0x34, 0x47, 0xAD, 0x95,
    0xD6, 0xA2, 0x1E, 0xAF, 0xA2, 0xBE, 0xBA, 0x74, 0x2C, 0xE1, 0xD8, 0x59, 0xCE, 0x05, 0xEA, 0x72,
    0x3D, 0xEA, 0x3E, 0x73, 0xC0, 0x75, 0xC7, 0xE4, 0x46, 0xEE, 0xBA, 0x58, 0xA0, 0xD6, 0xE3, 0x7E,
    0x6A, 0xC3, 0xD5, 0xB8, 0xFB, 0x97, 0x2D, 0x66, 0x1E, 0xE4, 0x8D, 0x1E, 0xB6, 0xD4, 0x1E, 0x2B,
    0xA7, 0x01, 0x36, 0x22, 0xE2, 0x92, 0xA7, 0xCB, 0xE0, 0xA8, 0xAF, 0x78, 0xF8, 0xFA, 0xDE, 0x3B,
    0xCF, 0xC9, 0xA2, 0xFF, 0x03, 0xE5, 0x58, 0xBD, 0x8E, 0xE4, 0xC6, 0x11, 0x2E, 0x92, 0xC0, 0xD2,
    0x38, 0x02, 0xEE, 0xC4, 0x80, 0x7F, 0x14, 0xD0, 0xA9, 0x25, 0x03, 0xF4, 0x03, 0x08, 0x6A, 0x1A,
    0x7E, 0x01, 0x25, 0x7A, 0x07, 0x2B, 0xDA, 0x54, 0xC1, 0x9D, 0x49, 0xC8, 0x0F, 0x20, 0x47, 0x8E,
    0x37, 0x14, 0x66, 0x83, 0x7B, 0x01, 0x79, 0x49, 0xC3, 0x0F, 0x20, 0x42, 0x7E, 0x81, 0x81, 0xBC,
    0x4E, 0xEE, 0x12, 0x02, 0x37, 0xC2, 0xF1, 0xD6, 0x24, 0x5B, 0xDF, 0x57, 0xD5, 0x9C, 0x99, 0x3D,
    0x9D, 0xE4, 0xB3, 0x24, 0xC3, 0x36, 0x3C, 0xE0, 0x54, 0xD5, 0x70, 0xBA, 0xD9, 0xF5, 0xD7, 0x55,
    0x5F, 0x53, 0x04, 0x9F, 0x59, 0x8E, 0x34, 0x9B, 0xE5, 0x22, 0x84, 0x70, 0x90, 0x06, 0x74, 0x48,
    0x40, 0xBE, 0x90, 0x7C, 0x91, 0x72, 0x12, 0x37, 0x4A, 0xB6, 0x88, 0xEF, 0x45, 0x82, 0x78, 0x8C,
    0xF4, 0xD2, 0x91, 0xB6, 0x2B, 0x68, 0xD5, 0x73, 0xB2, 0xFB, 0x5A, 0xBA, 0x80, 0x96, 0xBD, 0x8D,
    0xB7, 0xB9, 0x7C, 0xCE, 0x2A, 0x6E, 0x2F, 0xE9, 0x2C, 0xF9, 0x2C, 0xEE, 0x20, 0x49, 0x78, 0x12,
    0x06, 0xE1, 0xBA, 0xB5, 0x40, 0x87, 0x5B, 0xD5, 0x49, 0x3E, 0xDE, 0x34, 0x4B, 0x66, 0xD3, 0xEE,
    0x12, 0xCA, 0xA5, 0xD4, 0xCD, 0xAD, 0xDD, 0x0B, 0xA9, 0x86, 0x7C, 0x12, 0x5F, 0x27, 0x0B, 0x95,
    0x59, 0x05, 0xEB, 0x34, 0x1C, 0xED, 0xCF, 0x88, 0xDE, 0xBB, 0x11, 0x5C, 0x18, 0x37, 0x73, 0x06,
    0x96, 0x5B, 0x3B, 0x58, 0x13, 0x02, 0x94, 0xB8, 0x7C, 0x61, 0x0B, 0xA5, 0x57, 0x6A, 0xFE, 0x48,
    0x9A, 0x2B, 0x75, 0x23, 0xE6, 0x67, 0x61, 0x50, 0xDA, 0x92, 0x4E, 0x7C, 0x22, 0x86, 0x7C, 0x5F,
    0x74, 0xD1, 0xA5, 0xA0, 0x39, 0xFC, 0xE0, 0x6B, 0x78, 0x08, 0xDA, 0x49, 0xD3, 0x8B, 0x0B, 0x8F,
    0x03, 0x17, 0x0D, 0xB4, 0xF9, 0x32, 0xFC, 0xE1, 0xA4, 0xA0, 0xEA, 0xA7, 0xEA, 0x95, 0xD0, 0xCE,
    0x51, 0x39, 0x47, 0xDD, 0xDC, 0x2D, 0x1E, 0xE9, 0xFA, 0xD7, 0x23, 0x58, 0x47, 0x03, 0x19, 0xA4,
    0xEB, 0xA5, 0x79, 0x0A, 0x2F, 0x54, 0xE1, 0xD3, 0x5E, 0x8A, 0xB5, 0xE8, 0xCD, 0x17, 0xE2, 0x7F,
    0x3D, 0x47, 0xC9, 0x3D, 0x1D, 0xA3, 0x94, 0x86, 0x36, 0x4A, 0xF4, 0xE6, 0xAB, 0x3E, 0x21, 0xC0,
    0x97, 0x0E, 0xB1, 0x19, 0x19, 0x1F, 0x93, 0xD6, 0x5D, 0x98, 0xE4, 0xC1, 0x6E, 0xF7, 0x18, 0xEA,
    0xE6, 0x4C, 0x15, 0x29, 0xE9, 0xD0, 0xA6, 0xD6, 0x5C, 0x98, 0x99, 0x3A, 0x9C, 0x49, 0x87, 0xB8,
    0x41, 0xA3, 0x0C, 0xA9, 0xD8, 0x6F, 0xCE, 0xA6, 0xA9, 0x6E, 0x73, 0x17, 0xC7, 0x46, 0x09, 0xDE,
    0x8A, 0xD2, 0x2A, 0x51, 0x42, 0x22, 0x45, 0x89, 0x93, 0x6C, 0x2E, 0xFC, 0x1A, 0x9F, 0xC7, 0x65,
    0x6C, 0x8D, 0xC6, 0x12, 0xAA, 0xA2, 0x13, 0x54, 0x6A, 0xEA, 0x74, 0x52, 0x09, 0xFA, 0xA9, 0x6B,
    0x55, 0x67, 0x77, 0xB7, 0xDB, 0x7D, 0x7C, 0xB4, 0x63, 0x3E, 0xDA, 0x66, 0x52, 0x3A, 0x57, 0xAD,
    0xFE, 0x29, 0xCD, 0x62, 0xE3, 0x4D, 0x4D, 0x35, 0xB1, 0x96, 0xCD, 0x42, 0xD9, 0x0C, 0xB4, 0xB5,
    0x31, 0x7F, 0x54, 0x75, 0xA2, 0x90, 0x8F, 0x0F, 0xD4, 0x31, 0x6A, 0x88, 0x1B, 0x36, 0xDB, 0xDA,
    0x28, 0x74, 0x27, 0xCB, 0xA2, 0x61, 0x87, 0x93, 0x5D, 0x66, 0x96, 0x6F, 0xA3, 0x55, 0x21, 0xAE,
    0x15, 0xBD, 0xD0, 0xD4, 0x18, 0x6B, 0xFA, 0x94, 0xFB, 0x68, 0x91, 0x7F, 0xB2, 0xBB, 0x52, 0x9D,
    0xBD, 0x46, 0x08, 0x56, 0x50, 0xB0, 0x5D, 0xA6, 0xC9, 0x35, 0x4B, 0xC3, 0x18, 0x30, 0x4D, 0xB8,
    0x07, 0xC1, 0xB3, 0x25, 0xEA, 0x7E, 0x75, 0x2A, 0x13, 0x1B, 0xEF, 0xF6, 0x33, 0x33, 0x34, 0x0F,
    0xB3, 0x72, 0xB7, 0x86, 0x39, 0xDD, 0x5D, 0xCF, 0xBE, 0x77, 0x54, 0xF6, 0xD0, 0x70, 0xB3, 0x42,
    0xC5, 0x1B, 0x0D, 0x4C, 0x89, 0x12, 0x90, 0x6C, 0x7B, 0x12, 0xD7, 0x62, 0x3C, 0x9D, 0x8C, 0xE7,
    0x7B, 0xD1, 0xFF, 0x91, 0x9E, 0x3A, 0xDE, 0x73, 0xCF, 0x62, 0xFE, 0x9F, 0x30, 0x03, 0xCF, 0x4B,
    0xE8, 0xDE, 0x35, 0x2C, 0x19, 0x62, 0x92, 0x87, 0x65, 0xC5, 0x7A, 0xC8, 0xDD, 0xFD, 0x0D, 0xB9,
    0x29, 0x93, 0x8D, 0xFF, 0x49, 0xFE, 0x49, 0xE4, 0x0B, 0x62, 0x43, 0xBE, 0xC2, 0x6E, 0xF2, 0xAE,
    0x2D, 0x7B, 0xAA, 0xE8, 0xEF, 0x02, 0xB3, 0x65, 0x76, 0x61, 0x15, 0xF2, 0x24, 0x56, 0xB7, 0x7C,
    0x98, 0xB7, 0x3A, 0x13, 0xA9, 0xDD, 0xB9, 0x57, 0x91, 0xE5, 0x9B, 0x4B, 0xEB, 0xB7, 0xA3, 0xD0,
    0x62, 0xB9, 0x4F, 0x75, 0xB3, 0x2B, 0x2D, 0x49, 0x1F, 0x74, 0xDC, 0xED, 0x65, 0xD0, 0x1B, 0xDC,
    0x1E, 0x8F, 0x66, 0x09, 0x7A, 0x3D, 0xB2, 0x08, 0xEA, 0xE5, 0x5F, 0xF3, 0x0A, 0xAD, 0xEF, 0x06,
    0x5F, 0x0D, 0x9E, 0x19, 0x80, 0xBC, 0xBE, 0x5E, 0xF5, 0x61, 0x7B, 0x94, 0x1E, 0xAD, 0x68, 0x33,
    0xB2, 0x32, 0x0A, 0xE3, 0x26, 0x4C, 0x51, 0x58, 0xE6, 0x28, 0xCC, 0xEB, 0x26, 0x34, 0x9B, 0xE0,
    0xDB, 0x28, 0x94, 0x7D, 0x14, 0xDC, 0x18, 0x85, 0xEC, 0xB0, 0x09, 0x73, 0x14, 0x64, 0xD9, 0x84,
    0x6E, 0x13, 0xFC, 0xEF, 0xA3, 0x50, 0xFD, 0x65, 0x4C, 0x55, 0x70, 0x7F, 0x1B, 0xBD, 0x0A, 0xC5,
    0xB3, 0x91, 0xFD, 0x02, 0x8B, 0xFF, 0x63, 0xF4, 0x7D, 0x3A, 0x21, 0x59, 0xC3, 0x58, 0xED, 0x35,
    0xC0, 0x61, 0x44, 0x03, 0x61, 0x84, 0x9B, 0x11, 0x29, 0xC8, 0xED, 0xEA, 0x47, 0x69, 0x62, 0x23,
    0x49, 0x0E, 0x6A, 0x55, 0x66, 0x36, 0x65, 0x66, 0x11, 0x6E, 0x9A, 0x3D, 0xAB, 0x59, 0x13, 0x6D,
    0x99, 0x3B, 0x0E, 0x19, 0xD5, 0x0E, 0x30, 0x5A, 0x01, 0xE6, 0xF6, 0xCA, 0xF2, 0x51, 0x19, 0xF5,
    0x07, 0x4B, 0x16, 0x65, 0x12, 0x8C, 0xF9, 0xDF, 0x28, 0x83, 0xDE, 0x64, 0xEE, 0xAF, 0xCA, 0xA0,
    0x33, 0x19, 0x34, 0x26, 0x83, 0xBE, 0x99, 0x69, 0xAB, 0xAC, 0x31, 0xE6, 0xCD, 0x41, 0x5B, 0xAB,
    0x8B, 0xBD, 0x2E, 0x7D, 0xBC, 0x27, 0x2B, 0x82, 0x66, 0x40, 0xB1, 0xC6, 0xF4, 0xB4, 0x36, 0x78,
    0xA2, 0x76, 0xE7, 0xFE, 0xE7, 0x50, 0x2D, 0x4C, 0x7F, 0xF8, 0x21, 0x1B, 0xC3, 0x5D, 0x18, 0x40,
    0x5B, 0x5A, 0x10, 0xA4, 0xC0, 0x52, 0x8B, 0x19, 0xF8, 0x9D, 0xE9, 0x4B, 0xCD, 0xF9, 0xA2, 0xA3,
    0xBE, 0x4E, 0xD5, 0x75, 0x2B, 0x0B, 0x1F, 0x2B, 0x55, 0xFE, 0xFC, 0xC0, 0x00, 0x98, 0x11, 0xFE,
    0x2B, 0x9A, 0x6A, 0x4A, 0x8B, 0xFE, 0x6B, 0x63, 0xD2, 0xC0, 0xA7, 0x64, 0xCF, 0xB5, 0xA9, 0x3E,
    0xE3, 0x5C, 0xF7, 0xD9, 0x74, 0xDC, 0x25, 0xF6, 0x4C, 0x5F, 0x77, 0x06, 0x58, 0xC4, 0x20, 0x04,
    0x77, 0x39, 0x4A, 0xBA, 0x15, 0x2B, 0xD4, 0x2F, 0x94, 0x62, 0x96, 0x21, 0x14, 0x67, 0xA5, 0x6C,
    0x11, 0x13, 0x0B, 0x32, 0xA1, 0x46, 0xCF, 0xC1, 0x28, 0xD1, 0x28, 0x08, 0x9C, 0xDE, 0x18, 0x62,
    0xAA, 0x2F, 0xDA, 0x37, 0xEB, 0xEC, 0x00, 0xAD, 0xD9, 0x36, 0x3C, 0x54, 0xB8, 0x38, 0x57, 0x72,
    0xE2, 0x93, 0x6A, 0x77, 0x17, 0x7A, 0x0F, 0x3F, 0x96, 0x6A, 0x2F, 0x2D, 0x07, 0x7F, 0x2B, 0x8C,
    0xF8, 0x6F, 0xF4, 0x2F, 0xB2, 0xB1, 0xAB, 0xE9, 0x5B, 0x66, 0x63, 0x31, 0xAE, 0x52, 0x8D, 0xDD,
    0x1F, 0x71, 0x3F, 0x3C, 0x3F, 0xE4, 0xE1, 0xC3, 0xC9, 0xCA, 0x79, 0xC7, 0xE6, 0x57, 0xB2, 0x90,
    0xE7, 0x5A, 0x47, 0xAE, 0xCE, 0x5D, 0x31, 0xC7, 0xD2, 0xF5, 0x7D, 0x11, 0x45, 0x32, 0x0A, 0x64,
    0x14, 0xC7, 0x28, 0x8C, 0x51, 0x14, 0x63, 0x20, 0x86, 0x18, 0xE6, 0x67, 0xF5, 0x6F, 0xA5, 0xF8,
    0x7C, 0x32, 0xA7, 0x33, 0x14, 0x3F, 0x3D, 0x57, 0x87, 0x2E, 0x7F, 0xDD, 0x2F, 0x9B, 0x89, 0xEF,
    0x89, 0x5E, 0x08, 0x5E, 0x88, 0x5D, 0x14, 0xBA, 0xBC, 0x29, 0xEF, 0xC3, 0xE0, 0xCF, 0x14, 0xAE,
    0x31, 0xAE, 0x8A, 0x57, 0x7E, 0x72, 0x2F, 0x03, 0x14, 0x56, 0x12, 0x61, 0xA6, 0xE1, 0x69, 0x18,
    0x8A, 0x49, 0xCA, 0x03, 0xE3, 0x37, 0x33, 0x46, 0x7B, 0x7F, 0x84, 0x36, 0xCB, 0xB1, 0xF8, 0x46,
    0xE2, 0x68, 0x85, 0x92, 0x8B, 0x5D, 0xA7, 0x59, 0xC1, 0x71, 0x5E, 0x83, 0xCA, 0xB9, 0x01, 0x4D,
    0x36, 0x0D, 0x78, 0x5E, 0x11, 0x52, 0xC0, 0xD8, 0xC0, 0x35, 0x10, 0xB9, 0x70, 0xEB, 0x72, 0x56,
    0x91, 0x65, 0xD1, 0x0A, 0x11, 0xEB, 0x6B, 0x8C, 0xF3, 0xF0, 0x09, 0x5B, 0xA7, 0x5B, 0x57, 0x6D,
    0x99, 0x6C, 0x77, 0x6C, 0x7D, 0x6C, 0x83, 0xB3, 0x16, 0x20, 0xFB, 0xF2, 0x37, 0xEF, 0xF3, 0x7F,
    0x8E, 0x2B, 0xEF, 0x3A, 0x6D, 0xB9, 0xA2, 0xF5, 0x87, 0xFA, 0x25, 0xF3, 0x05, 0x00, 0x4C, 0xD5,
    0xE7, 0x2C, 0x4A, 0xA3, 0x82, 0x5A, 0x60, 0x92, 0x88, 0xA0, 0x15, 0x4D, 0x13, 0x59, 0xEF, 0x15,
    0x65, 0x6B, 0xBA, 0xA6, 0xF7, 0x50, 0xBC, 0xA5, 0x77, 0x6B, 0x08, 0xFD, 0x35, 0x50, 0x7C, 0x6B,
    0x39, 0xDC, 0x1C, 0x51, 0xFC, 0x42, 0x84, 0x81, 0x8D, 0x50, 0xCC, 0xB6, 0x17, 0x9E, 0x30, 0xE5,
    0x3A, 0xA6, 0xF6, 0x56, 0x47, 0x3E, 0xB0, 0x3A, 0xA1, 0x74, 0x55, 0x30, 0x1B, 0xB4, 0x8E, 0x28,
    0x32, 0xBA, 0x5C, 0x14, 0x88, 0x53, 0x77, 0x0F, 0x68, 0x8E, 0xE7, 0x2E, 0x04, 0xEB, 0x44, 0xED,
    0xAC, 0x56, 0xDB, 0x97, 0xBF, 0x09, 0xF1, 0x59, 0x93, 0x09, 0xFA, 0x0B, 0xEC, 0x03, 0x9C, 0x4E,
    0x5A, 0x79, 0x03, 0x0B, 0x11, 0xB7, 0x3A, 0xAA, 0x88, 0x95, 0x9D, 0x01, 0xF5, 0xFF, 0x23, 0x2C,
    0x6A, 0xD0, 0xDB, 0x5C, 0x1A, 0xB1, 0xE8, 0xF6, 0x08, 0xD9, 0x9E, 0xFA, 0x3F, 0x83, 0x45, 0xEF,
    0x63, 0xCC, 0x7F, 0xC6, 0xFF, 0x4B, 0x30, 0x28, 0x34, 0x79, 0x57, 0xBB, 0xE8, 0x59, 0x9B, 0xB2,
    0xBD, 0x5E, 0xA9, 0x9A, 0x56, 0xE9, 0x62, 0xCB, 0xE1, 0xBF, 0xD9, 0xE7, 0x4A, 0xFB, 0x93, 0x9C,
    0x58, 0xFC, 0xBA, 0xFE, 0xAC, 0x45, 0x9D, 0x9A, 0x53, 0xF6, 0x8C, 0x94, 0xD5, 0x13, 0x0F, 0xFE,
    0xF3, 0x69, 0x4F, 0x56, 0xAD, 0xD6, 0x21, 0xCD, 0xA3, 0x46, 0x9B, 0xD3, 0x0D, 0xEE, 0x89, 0x9D,
    0xF1, 0x68, 0xCB, 0x10, 0x9B, 0x93, 0xD1, 0xC2, 0x9A, 0x93, 0x1E, 0xBA, 0x4B, 0x4D, 0xC2, 0x4A,
    0x8F, 0xE1, 0x2C, 0x61, 0x9D, 0x34, 0xB1, 0x69, 0xFE, 0x48, 0x11, 0xED, 0x96, 0xC0, 0x52, 0x9C,
    0x15, 0xAD, 0x92, 0x07, 0x9E, 0x83, 0xA2, 0x18, 0x19, 0xDF, 0xB6, 0x2F, 0x65, 0xDE, 0x2B, 0x87,
    0x57, 0x37, 0xB1, 0xDE, 0xED, 0xDF, 0x38, 0x6F, 0x62, 0x55, 0x18, 0x8B, 0xAD, 0x89, 0x89, 0xB5,
    0x77, 0x28, 0x6A, 0x4D, 0xEC, 0x29, 0x20, 0xD6, 0xD6, 0xC4, 0xF4, 0x63, 0x47, 0xDF, 0x0D, 0xAB,
    0xA0, 0xD7, 0x19, 0xAF, 0xA2, 0x4E, 0xBF, 0xFB, 0xBA, 0x83, 0xA8, 0xC6, 0x24, 0x8D, 0x3C, 0x0B,
    0xBB, 0xDD, 0x4E, 0xE1, 0x42, 0x9C, 0x1D, 0x79, 0x13, 0x21, 0xC2, 0x62, 0x3C, 0x9D, 0x7D, 0x44,
    0x44, 0xC6, 0x9D, 0x75, 0x04, 0x44, 0xDF, 0xEB, 0x9B, 0x82, 0x4E, 0x8C, 0xC3, 0x5F, 0xBB, 0x5D,
    0xCB, 0xD4, 0xF0, 0x51, 0x27, 0xE5, 0xE5, 0xDD, 0xAE, 0xD3, 0xE1, 0xB6, 0xE8, 0xA6, 0x44, 0xB2,
    0x98, 0x57, 0xB3, 0xC9, 0x38, 0x81, 0x14, 0xE6, 0xEF, 0x68, 0x02, 0x87, 0x36, 0xED, 0x71, 0x4A,
    0x1A, 0x8F, 0xDC, 0x7D, 0x5C, 0xD6, 0x94, 0x3C, 0xCF, 0xF7, 0xE4, 0xEA, 0xAB, 0xC6, 0x76, 0x53,
    0xD2, 0xDD, 0xD2, 0xDD, 0xD8, 0xC8, 0xA8, 0x14, 0x21, 0x18, 0x72, 0x80, 0xBC, 0x7F, 0xC0, 0xA2,
    0x4F, 0xDF, 0x65, 0x07, 0x61, 0xFE, 0xFE, 0xF8, 0x8B, 0xF7, 0xDE, 0x43, 0xE7, 0x08, 0x76, 0x16,
    0x51, 0xE6, 0xFF, 0xAE, 0xBE, 0xED, 0x22, 0xA2, 0x96, 0xDC, 0xCA, 0x8F, 0xB3, 0x63, 0x4C, 0x15,
    0xEA, 0x62, 0x8F, 0x26, 0x5B, 0x01, 0xD7, 0x55, 0x61, 0x46, 0xDC, 0xEA, 0x1C, 0x89, 0xDA, 0x4D,
    0xC7, 0x82, 0x9E, 0x4D, 0xA7, 0xB8, 0x94, 0x8A, 0xAF, 0x7E, 0xF1, 0xB2, 0x82, 0x17, 0xE1, 0x70,
    0xA1, 0x9D, 0xE8, 0x23, 0xED, 0x44, 0x8B, 0x76, 0x22, 0x6B, 0x16, 0xDA, 0x89, 0x0A, 0xED, 0x44,
    0x95, 0x76, 0xA2, 0x87, 0xEC, 0x44, 0xC9, 0xC8, 0x4E, 0x94, 0x0D, 0xDA, 0xEF, 0x5B, 0xD2, 0x77,
    0x34, 0xDF, 0xB5, 0xFB, 0x63, 0x8F, 0xA1, 0x13, 0x21, 0x29, 0xCB, 0xBE, 0x2B, 0x59, 0xA0, 0x9A,
    0x47, 0xDA, 0x89, 0x98, 0x95, 0x52, 0x6A, 0x81, 0x72, 0xFA, 0x3E, 0xA9, 0xD2, 0xF7, 0x49, 0x0F,
    0x3B, 0x76, 0xC0, 0x9F, 0xE7, 0x76, 0xE2, 0xFA, 0x41, 0x4C, 0xF1, 0xCE, 0xDE, 0x27, 0xD1, 0xE6,
    0x8B, 0xF6, 0xA4, 0xE9, 0xE5, 0xF2, 0x4B, 0x2B, 0x23, 0xDD, 0x01, 0xBD, 0x68, 0xF2, 0xB5, 0x43,
    0xEF, 0x7D, 0x67, 0x5D, 0x64, 0x6A, 0xB0, 0xAE, 0x9F, 0x8B, 0xDE, 0xCF, 0x25, 0x7A, 0xD1, 0x43,
    0xF4, 0xA2, 0x83, 0xDC, 0x34, 0xA8, 0x7C, 0xEC, 0x59, 0x1E, 0xBD, 0x0B, 0xCB, 0xF4, 0xBF, 0x42,
    0x2F, 0xC3, 0xB2, 0x2D, 0x13, 0x8F, 0x50, 0x00, 0xF0, 0x07, 0x05, 0xAF, 0x41, 0x34, 0xE4, 0x87,
    0xB5, 0x3F, 0x62, 0x52, 0xEE, 0x36, 0xA9, 0x14, 0x6D, 0xF2, 0xD5, 0x4E, 0xA6, 0xA5, 0xFB, 0x12,
    0x7E, 0x91, 0xA4, 0x23, 0x66, 0x49, 0xBA, 0x61, 0x03, 0xDC, 0xDA, 0x02, 0xB2, 0xB1, 0x22, 0xC1,
    0x34, 0xC0, 0x41, 0x94, 0xD9, 0xBE, 0x08, 0xD7, 0xA1, 0x4E, 0x14, 0x58, 0x95, 0xF1, 0xE5, 0x50,
    0xDC, 0xB6, 0x2C, 0x56, 0xB1, 0xE8, 0x94, 0x47, 0x89, 0xF7, 0x32, 0x2E, 0x07, 0x9D, 0x0B, 0x9C,
    0x40, 0x11, 0xCC, 0x16, 0x09, 0xD2, 0x5B, 0xFB, 0xC7, 0xA0, 0x5B, 0x6A, 0x72, 0x8B, 0xE0, 0x10,
    0x2B, 0x70, 0x71, 0x37, 0xDA, 0xAA, 0x5C, 0xD4, 0x8D, 0x25, 0x82, 0xCF, 0xDD, 0x1C, 0xC3, 0x0E,
    0x05, 0x31, 0xA9, 0x18, 0xAC, 0xDC, 0x25, 0xF1, 0xCB, 0xDF, 0x78, 0x58, 0x88, 0x1D, 0x37, 0x8C,
    0xBB, 0xEB, 0xBB, 0xDD, 0x95, 0x65, 0xD5, 0xBF, 0x99, 0x9C, 0x3E, 0x89, 0xA6, 0x24, 0x6B, 0x97,
    0xBC, 0xBD, 0x91, 0x44, 0x6B, 0xE6, 0xA0, 0x63, 0x8F, 0x17, 0x82, 0x85, 0xEB, 0xFA, 0xAE, 0x3D,
    0xBF, 0xF9, 0xEA, 0x6B, 0x6D, 0x53, 0x6C, 0xFA, 0xB0, 0x15, 0xC1, 0x87, 0x1A, 0xC4, 0x52, 0xAF,
    0x47, 0xEA, 0xD6, 0x85, 0x41, 0xF2, 0x8F, 0xFB, 0x58, 0x5F, 0xD2, 0xE9, 0xBB, 0xE1, 0xEC, 0x93,
    0x07, 0x95, 0xFC, 0xEB, 0x0F, 0xE8, 0xB8, 0x25, 0xCB, 0x4F, 0x61, 0x71, 0x1E, 0xDF, 0xE2, 0xC8,
    0x4B, 0x1A, 0x7D, 0x13, 0xC1, 0x61, 0x4E, 0x78, 0x96, 0x13, 0x1E, 0xE5, 0x84, 0x27, 0x39, 0xE1,
    0x41, 0x4E, 0x16, 0x7B, 0x6B, 0xF9, 0x6D, 0xC8, 0x97, 0x15, 0x8D, 0xB1, 0x0D, 0x83, 0x30, 0x10,
    0x45, 0x3F, 0x58, 0x0A, 0x85, 0x0B, 0xB2, 0x01, 0x4D, 0x8A, 0x74, 0x5E, 0x00, 0x05, 0x8F, 0x92,
    0x41, 0x40, 0x61, 0x04, 0x46, 0x48, 0x4D, 0x93, 0x96, 0x2A, 0x76, 0x97, 0x96, 0x0D, 0xF0, 0x08,
    0xA7, 0xC8, 0x05, 0x85, 0xE3, 0xCB, 0x21, 0xBD, 0x2F, 0x9D, 0xBE, 0xBE, 0xEE, 0xDD, 0x91, 0x90,
    0xD1, 0x59, 0xED, 0x31, 0x29, 0xD2, 0xD4, 0xF8, 0x1B, 0x8A, 0x84, 0x8A, 0xD1, 0x6C, 0xAB, 0x53,
    0xB1, 0x59, 0xDB, 0x2E, 0xA7, 0x37, 0xEF, 0xB1, 0x0E, 0xF3, 0x3C, 0x32, 0x7B, 0x21, 0x29, 0x72,
    0xAF, 0xD5, 0xF0, 0xA8, 0x7F, 0x58, 0x52, 0x5A, 0x96, 0x32, 0x48, 0x25, 0xC8, 0x71, 0x05, 0x5B,
    0xF6, 0xDA, 0x2B, 0x89, 0xC1, 0xC9, 0x76, 0xE4, 0xF6, 0xD8, 0x53, 0x9B, 0xD3, 0x43, 0x9E, 0x61,
    0xBA, 0xC8, 0x50, 0x7F, 0x53, 0xF3, 0x09, 0xB7, 0x7A, 0x3C, 0x04, 0xDB, 0x2A, 0x32, 0x51, 0xA2,
    0x7C, 0x42, 0xD1, 0x81, 0xA6, 0xD9, 0x85, 0xC3, 0x94, 0x31, 0x30, 0x0F, 0xB0, 0x55, 0x28, 0x08,
    0x54, 0x50, 0x15, 0x8C, 0x05, 0xD4, 0xA8, 0x51, 0x47, 0xF4, 0xE7, 0xBE, 0x8B, 0x80, 0xB1, 0x0B,
    0x22, 0xB2, 0x77, 0xDE, 0xF8, 0x3F, 0xE3, 0xFF, 0xC1, 0xC0, 0xC0, 0xC0, 0xFF, 0x1F, 0x48, 0x70,
    0xED, 0x77, 0x00, 0x31, 0x0F, 0x00, 0x09, 0x6E, 0x10, 0xC1, 0xFE, 0x00, 0xC4, 0xFA, 0x00, 0x12,
    0x03, 0x11, 0xF2, 0x20, 0x85, 0xBA, 0x7F, 0x80, 0x84, 0x0D, 0x88, 0xA8, 0xD9, 0x07, 0x24, 0x76,
    0xD8, 0x03, 0x89, 0x2F, 0x40, 0x82, 0xF1, 0x83, 0x7E, 0x03, 0x03, 0xF3, 0x07, 0xA0, 0x66, 0xE6,
    0x07, 0x40, 0x82, 0xFD, 0x02, 0xF7, 0x03, 0xA0, 0x49, 0xEC, 0x1F, 0x80, 0x04, 0xF3, 0x07, 0x06,
    0xFD, 0x06, 0xA6, 0x7F, 0x0E, 0xF6, 0x0E, 0x0C, 0xFF, 0x1B, 0x80, 0x4A, 0xEB, 0x1B, 0x00, 0xBD,
    0x97, 0xBF, 0x6F, 0xDD, 0x54, 0x14, 0xC7, 0x8F, 0x6D, 0x1A, 0x4B, 0xB1, 0x54, 0xB3, 0x12, 0x09,
    0xBC, 0x30, 0x40, 0xD2, 0xCA, 0x2B, 0x43, 0x53, 0x7B, 0x63, 0x2C, 0xFF, 0x01, 0x9D, 0xDB, 0xA1,
    0x0C, 0x0C, 0x1D, 0x28, 0xF6, 0x9F, 0xF0, 0x06, 0x36, 0x06, 0x32, 0x74, 0x48, 0xDC, 0xE1, 0x55,
    0x62, 0xE9, 0x50, 0x62, 0x23, 0xFE, 0x81, 0x27, 0xFE, 0x01, 0x8C, 0xC8, 0x10, 0xB5, 0x8B, 0x25,
    0x9E, 0x84, 0xF3, 0xEA, 0xE7, 0xC3, 0xF7, 0x7B, 0xEE, 0xCB, 0x6B, 0xD2, 0x16, 0x92, 0x56, 0x88,
    0x48, 0xF7, 0x73, 0xF3, 0xEC, 0xFB, 0xE3, 0xDC, 0x73, 0xCF, 0x2F, 0x8B, 0xA4, 0xA5, 0xE0, 0x2F,
    0x6B, 0x5E, 0xB2, 0x6E, 0x49, 0xED, 0x00, 0xEF, 0xAF, 0x39, 0xE8, 0xFF, 0x31, 0x80, 0xC1, 0xAF,
    0x64, 0xD8, 0x8C, 0x60, 0x5C, 0x2A, 0x29, 0x05, 0x98, 0x4A, 0x86, 0x25, 0x76, 0x25, 0xC5, 0xE4,
    0x4C, 0x75, 0x26, 0x72, 0x58, 0x4D, 0x31, 0x79, 0x2E, 0x51, 0x27, 0x5E, 0x27, 0xC1, 0x5C, 0xFC,
    0x56, 0x82, 0x41, 0x82, 0x46, 0xFC, 0x01, 0x0B, 0x88, 0x8C, 0x58, 0x00, 0x3B, 0x48, 0x7D, 0x2C,
    0x1B, 0xDA, 0xEA, 0x20, 0xB1, 0x76, 0xDB, 0x55, 0x55, 0x71, 0xBE, 0x72, 0x68, 0xCA, 0x91, 0x09,
    0x11, 0xAF, 0x21, 0x67, 0xA1, 0x3A, 0x11, 0x7F, 0x9C, 0x0E, 0xFC, 0x59, 0x13, 0x69, 0xC3, 0x71,
    0x33, 0xA2, 0x03, 0xA2, 0x35, 0xEC, 0x67, 0xDC, 0x72, 0x3D, 0x0E, 0xA9, 0x9B, 0x9D, 0x71, 0x3A,
    0x4A, 0xA1, 0xDA, 0x4A, 0x55, 0x1D, 0x40, 0x0A, 0xC5, 0x49, 0xE3, 0x2E, 0x5A, 0x52, 0x5C, 0x25,
    0x6A, 0xA2, 0xC8, 0x4F, 0x61, 0x3F, 0x47, 0x20, 0xE8, 0x25, 0x5A, 0xD4, 0xA5, 0x44, 0xAA, 0x3D,
    0xD7, 0x56, 0xBE, 0xCD, 0x1A, 0x20, 0x69, 0x81, 0xD8, 0xD0, 0x9D, 0xFE, 0x97, 0xCC, 0x4E, 0xDF,
    0x6A, 0x7E, 0x6F, 0x01, 0x49, 0x95, 0x32, 0xF3, 0x94, 0x39, 0x4F, 0x69, 0xE2, 0x12, 0x51, 0x63,
    0x4A, 0xF1, 0xA9, 0x1F, 0xC0, 0xCF, 0x5F, 0x3D, 0xEA, 0xBB, 0x61, 0x47, 0x4B, 0x5E, 0x07, 0x6E,
    0xC3, 0xF6, 0x7C, 0x68, 0xAA, 0xED, 0x45, 0x78, 0x9E, 0x0B, 0xE8, 0x19, 0x7D, 0xC7, 0x96, 0x0C,
    0x66, 0x67, 0xD8, 0x90, 0xA1, 0x31, 0x2A, 0xC9, 0x38, 0x37, 0x0A, 0x79, 0xD3, 0xF8, 0x0D, 0xE9,
    0xF5, 0x64, 0xB8, 0xA8, 0x2A, 0xB5, 0xCD, 0xB5, 0x84, 0xCA, 0x25, 0xEB, 0x35, 0xC7, 0xC4, 0x7E,
    0x49, 0x41, 0x7B, 0x4A, 0x2A, 0x3D, 0x6D, 0x4C, 0x9E, 0xD0, 0xDE, 0xE4, 0xBE, 0x23, 0x94, 0xB4,
    0x5D, 0x4D, 0x30, 0x25, 0xD3, 0x36, 0xEE, 0xC4, 0xB7, 0xCB, 0xF1, 0x78, 0xA3, 0xB4, 0x0E, 0x30,
    0x32, 0xA6, 0xC6, 0x6F, 0x8D, 0x27, 0x64, 0xF0, 0x3B, 0x19, 0xFF, 0x4C, 0xA6, 0x36, 0xFE, 0x81,
    0x71, 0x4E, 0xFE, 0xD9, 0x92, 0xDA, 0x18, 0x6D, 0xB5, 0xC1, 0x38, 0x5F, 0xAD, 0xBC, 0xE6, 0x74,
    0x91, 0xEF, 0xE8, 0x6A, 0x77, 0xD9, 0x82, 0xF6, 0xF6, 0xED, 0x00, 0x03, 0x6D, 0xBA, 0xC8, 0x8D,
    0xA6, 0xAB, 0xB7, 0xA2, 0x77, 0x86, 0xD0, 0xEA, 0x9A, 0xD0, 0x6A, 0x61, 0x5A, 0x05, 0x23, 0xF2,
    0x63, 0xE8, 0xB3, 0x90, 0x1A, 0x6A, 0x2C, 0x04, 0x7B, 0x6E, 0xEA, 0x71, 0x0D, 0x93, 0xD2, 0xE1,
    0x03, 0x6A, 0x06, 0x36, 0x9B, 0x6F, 0x56, 0x0F, 0x21, 0x5B, 0xAC, 0x3D, 0x34, 0xE3, 0xAC, 0x13,
    0x23, 0x2F, 0x45, 0xBB, 0x8B, 0x88, 0x77, 0xF1, 0x36, 0xB3, 0xCE, 0x10, 0x9A, 0xD9, 0xD4, 0x23,
    0xB7, 0x3B, 0x9C, 0xB0, 0xA7, 0xFB, 0x2F, 0xD4, 0x7C, 0xD9, 0x5D, 0x8D, 0x79, 0x1D, 0x7F, 0x26,
    0xB0, 0xBC, 0x22, 0x67, 0x40, 0xC9, 0x1A, 0xC6, 0x87, 0xB4, 0x29, 0xC0, 0xA4, 0xAD, 0xA1, 0xBF,
    0xB8, 0xA3, 0xAD, 0xC5, 0x9D, 0x9E, 0xE1, 0xEA, 0x79, 0xCE, 0x31, 0x1C, 0x99, 0xCE, 0xDC, 0x5C,
    0x8B, 0x2A, 0x65, 0xDC, 0x9A, 0x2D, 0xE1, 0xA6, 0x96, 0xDC, 0x02, 0x9E, 0x28, 0xC5, 0xE4, 0x1E,
    0xB6, 0x88, 0x94, 0xE1, 0x48, 0xEE, 0x7C, 0x41, 0xCD, 0xE0, 0x6F, 0x8F, 0x87, 0xD3, 0x8E, 0x9A,
    0x19, 0x4D, 0x92, 0xFF, 0x8B, 0xD0, 0xCC, 0x96, 0x62, 0xF7, 0x32, 0x65, 0x28, 0x3B, 0xB0, 0x50,
    0x08, 0x15, 0x0D, 0x1B, 0x4A, 0x87, 0xCE, 0xE8, 0xDA, 0x49, 0xBB, 0x0E, 0x47, 0xAF, 0x60, 0x1D,
    0x9D, 0xB2, 0x12, 0x33, 0x46, 0x86, 0x37, 0x18, 0xFD, 0x78, 0x70, 0xA1, 0x93, 0x8F, 0x7B, 0xDC,
    0xC8, 0x22, 0x75, 0x3D, 0x96, 0x92, 0x8C, 0x75, 0x2F, 0x5A, 0xFA, 0x3D, 0x6E, 0x42, 0x7A, 0x0A,
    0xD6, 0x27, 0xD0, 0x5C, 0x4F, 0x55, 0xDE, 0xE6, 0x2D, 0x08, 0x55, 0x2B, 0xD4, 0xB2, 0xA8, 0x9C,
    0x43, 0x2D, 0xA7, 0x2F, 0x6C, 0x9C, 0x65, 0x02, 0xDE, 0xA1, 0x19, 0x59, 0x4F, 0x85, 0xF7, 0x38,
    0x25, 0x7C, 0x3A, 0x3B, 0x8A, 0x7A, 0x09, 0x55, 0xE1, 0xB4, 0x5B, 0xDF, 0xC9, 0x1D, 0x7A, 0x47,
    0x0D, 0x95, 0x2F, 0x9F, 0xE2, 0xF5, 0x03, 0x62, 0xD7, 0xF0, 0x35, 0x70, 0x8D, 0x8A, 0x91, 0xFF,
    0x08, 0xD0, 0x2E, 0xAC, 0x02, 0xDB, 0x56, 0xD5, 0xC4, 0xAF, 0xF6, 0xA1, 0xA1, 0x40, 0x87, 0x10,
    0xE7, 0x4C, 0x73, 0x84, 0x07, 0xC9, 0xEC, 0x1C, 0xBB, 0x76, 0x86, 0xA7, 0x26, 0xFF, 0x9C, 0x46,
    0x84, 0x28, 0x06, 0x1D, 0x07, 0xB4, 0x94, 0x39, 0xBC, 0x0B, 0x26, 0x0A, 0xEF, 0x82, 0x6A, 0x53,
    0x3B, 0xF8, 0x4D, 0xB2, 0xB0, 0x20, 0x94, 0xD1, 0x96, 0x25, 0xB1, 0xF0, 0x13, 0x5B, 0x02, 0x0C,
    0x2D, 0x19, 0x32, 0x51, 0xC9, 0xED, 0xC4, 0x86, 0x1F, 0x5A, 0xE6, 0xB1, 0x81, 0x6A, 0x43, 0xB6,
    0xC4, 0xC2, 0x6B, 0xB9, 0x55, 0x21, 0xA1, 0x34, 0xA9, 0xE6, 0xF4, 0x00, 0x84, 0x90, 0x91, 0x5E,
    0x0D, 0x79, 0x38, 0x19, 0x26, 0x4C, 0x2F, 0x99, 0xDD, 0x30, 0x33, 0xE7, 0xE4, 0x70, 0xD1, 0xD9,
    0x42, 0xB6, 0x3E, 0xA3, 0xE1, 0xEA, 0x5A, 0x90, 0x9B, 0x78, 0x91, 0x76, 0x9D, 0xC1, 0x73, 0x06,
    0xC5, 0xE8, 0x17, 0xCA, 0x96, 0x78, 0x3C, 0xFF, 0xAE, 0xDD, 0x4E, 0xCF, 0x93, 0xF9, 0xCC, 0x38,
    0x94, 0x0F, 0x77, 0x53, 0x1C, 0xCB, 0x54, 0x73, 0x5D, 0x22, 0xBD, 0x94, 0x55, 0xE5, 0x55, 0x07,
    0xAA, 0xBE, 0x8E, 0xF1, 0x2A, 0xFF, 0xC4, 0x17, 0x23, 0x9D, 0x85, 0x43, 0xA8, 0xB3, 0x00, 0x77,
    0x38, 0xF3, 0x54, 0x6F, 0xCD, 0x24, 0x6D, 0x63, 0xA6, 0x8D, 0x7F, 0x85, 0x57, 0x9F, 0x58, 0x16,
    0xDE, 0xAE, 0xF6, 0x64, 0xB3, 0xDA, 0xA7, 0x0D, 0x22, 0x44, 0xD1, 0xEC, 0x20, 0xA6, 0xD9, 0x66,
    0x21, 0x97, 0xE9, 0x20, 0x35, 0xBB, 0x71, 0xDA, 0xBB, 0x87, 0xEA, 0xBA, 0xAC, 0x2C, 0x5C, 0x52,
    0xB7, 0x0E, 0x11, 0xC1, 0xAA, 0x80, 0x73, 0xDD, 0xEA, 0x61, 0x3A, 0x73, 0x13, 0xDC, 0xC8, 0x1A,
    0xF3, 0x98, 0xDF, 0x11, 0x34, 0xE1, 0x7F, 0x2D, 0x44, 0xA2, 0x80, 0xCE, 0x45, 0x82, 0x4B, 0x64,
    0xCE, 0xD7, 0xCA, 0x8A, 0x4B, 0x38, 0x6E, 0x3A, 0x7B, 0x59, 0x56, 0x70, 0x53, 0x18, 0xC4, 0x44,
    0x12, 0x9C, 0x0B, 0xD9, 0xC3, 0x53, 0x1C, 0x0C, 0x1B, 0x87, 0x9D, 0x1C, 0x9A, 0xD0, 0x8D, 0xB9,
    0xB8, 0x64, 0xB9, 0x4B, 0xFE, 0xCC, 0x9B, 0x5C, 0x08, 0x17, 0xCC, 0x62, 0x05, 0xD1, 0x4D, 0xC2,
    0xDE, 0x1F, 0x68, 0xD0, 0xC1, 0x80, 0x7E, 0xB0, 0x7E, 0x7C, 0xE4, 0x7A, 0x4B, 0x41, 0x7C, 0x1E,
    0x0C, 0xE7, 0xDE, 0xAF, 0x7B, 0xCE, 0x0F, 0x7A, 0xB7, 0x5E, 0x38, 0x77, 0xEB, 0x5B, 0x11, 0x94,
    0xC9, 0x4A, 0xD6, 0xF2, 0xB4, 0x50, 0xC2, 0xA3, 0x9D, 0x71, 0x12, 0x9C, 0xF0, 0x25, 0x64, 0x2E,
    0x9C, 0x41, 0x8B, 0x77, 0xE0, 0xD4, 0x00, 0xB3, 0x4C, 0xC7, 0xE9, 0x82, 0x36, 0xE9, 0xE2, 0x79,
    0x64, 0x66, 0x1D, 0x9D, 0xE6, 0x62, 0x17, 0xE7, 0xBD, 0xE5, 0x99, 0x18, 0xE8, 0x72, 0x44, 0x72,
    0x44, 0x7A, 0x0C, 0x60, 0x88, 0x12, 0xAC, 0x03, 0xAD, 0x1A, 0x72, 0x95, 0x10, 0xCE, 0x1D, 0xAD,
    0x73, 0x96, 0x9B, 0xF5, 0x5A, 0x66, 0xC7, 0x44, 0xA4, 0x27, 0x38, 0x07, 0x65, 0xD8, 0x9A, 0x60,
    0x91, 0x11, 0x32, 0xD7, 0x79, 0x56, 0xA6, 0x48, 0x24, 0x49, 0x73, 0x05, 0x9A, 0x13, 0xB6, 0x0D,
    0x64, 0x72, 0xFD, 0xA1, 0x89, 0xBB, 0xB8, 0xC9, 0xF2, 0x18, 0x65, 0xE9, 0xCB, 0x86, 0xCA, 0xB2,
    0x29, 0x9E, 0xFF, 0xD6, 0x27, 0x63, 0xBC, 0xF4, 0x27, 0x76, 0xB0, 0x4F, 0x90, 0x2A, 0xE6, 0x52,
    0x33, 0x6A, 0x20, 0x7B, 0x1D, 0xB1, 0x6C, 0x15, 0xA1, 0x4F, 0xDE, 0xDF, 0x9C, 0xC8, 0x63, 0xEC,
    0xF1, 0xE3, 0x3C, 0x6D, 0xB4, 0x09, 0x91, 0x8E, 0xFC, 0x1E, 0x91, 0x64, 0x80, 0x0A, 0x07, 0xA8,
    0x73, 0x89, 0x36, 0xAE, 0xDA, 0x12, 0x01, 0x60, 0xC8, 0xD8, 0x72, 0x7F, 0x1E, 0x63, 0x6C, 0x80,
    0x39, 0xC2, 0x0C, 0x84, 0x35, 0x10, 0x96, 0x58, 0xE2, 0x61, 0xF7, 0xA2, 0x89, 0x9B, 0x04, 0x2D,
    0x9E, 0xB9, 0xC6, 0xFF, 0x6B, 0xB8, 0xC7, 0x52, 0xE2, 0x85, 0xE2, 0x37, 0x0A, 0x94, 0x26, 0xC0,
    0xFC, 0xA0, 0x77, 0x7D, 0xD4, 0x4D, 0x9F, 0x69, 0xA3, 0x7A, 0x42, 0xB5, 0xD1, 0x91, 0x2A, 0x2B,
    0xA7, 0xB2, 0x15, 0xAE, 0xAE, 0xF1, 0x11, 0x71, 0x7D, 0x8D, 0x1B, 0x6B, 0xDC, 0x27, 0x50, 0x6D,
    0x32, 0x32, 0x64, 0x12, 0x3E, 0xC3, 0x02, 0x2C, 0x58, 0x72, 0x68, 0x30, 0xE9, 0x68, 0x1B, 0x1D,
    0xA3, 0x49, 0xD7, 0x9D, 0xE2, 0x31, 0x05, 0x16, 0x08, 0x14, 0x76, 0xC8, 0xAD, 0x10, 0x2F, 0x93,
    0xA8, 0xC5, 0xC4, 0xEE, 0x10, 0x8D, 0x32, 0x28, 0x32, 0xE9, 0xB8, 0x0A, 0xBC, 0xBA, 0xCA, 0x0E,
    0xCC, 0x0B, 0xC8, 0x08, 0x5F, 0x45, 0x7D, 0xD8, 0x79, 0xF4, 0xDB, 0x0D, 0xA7, 0xD9, 0x04, 0x45,
    0x66, 0xFD, 0xFD, 0x20, 0x4F, 0x30, 0xFA, 0x31, 0x46, 0xDE, 0xB6, 0xD1, 0x66, 0xC9, 0x98, 0x8C,
    0x58, 0x71, 0xD7, 0xF9, 0x3A, 0x6F, 0x9F, 0xAB, 0x74, 0xAE, 0xC9, 0xD2, 0x1F, 0x85, 0x69, 0xE4,
    0xCA, 0x01, 0x63, 0xA8, 0x7C, 0x0A, 0x91, 0x91, 0xBB, 0x02, 0x5C, 0x50, 0x13, 0x74, 0xE1, 0x2D,
    0xFC, 0x17, 0x51, 0xF2, 0xAB, 0xC4, 0x35, 0xE2, 0x09, 0xF0, 0x82, 0x8E, 0x6C, 0x6E, 0xD0, 0x8D,
    0x04, 0x96, 0x0C, 0x3A, 0x78, 0x55, 0xC0, 0xBA, 0x3B, 0x60, 0x89, 0xBE, 0x33, 0xCA, 0x58, 0x72,
    0xA9, 0xD9, 0x36, 0xC2, 0x21, 0x22, 0x93, 0x8F, 0xB8, 0x84, 0x30, 0xD7, 0xBC, 0x11, 0x8B, 0xAA,
    0x6E, 0x18, 0xFA, 0x9A, 0x7F, 0x1E, 0x42, 0xEC, 0x8C, 0x5E, 0x7D, 0x6C, 0x4B, 0xC9, 0xC6, 0x1E,
    0xBF, 0x19, 0xE0, 0x5E, 0xC9, 0x8C, 0x26, 0x40, 0x77, 0xC6, 0xD9, 0x06, 0x9C, 0x79, 0x84, 0xA6,
    0x68, 0x0C, 0xAA, 0xAB, 0xC6, 0x67, 0x7C, 0xC7, 0x31, 0x1C, 0x1B, 0xF6, 0x29, 0x43, 0xAC, 0x99,
    0x8B, 0xF7, 0xB8, 0x86, 0x0F, 0xBE, 0xC0, 0x82, 0x77, 0xC7, 0xCF, 0xF1, 0xCD, 0x83, 0x6A, 0x3B,
    0x0F, 0xF8, 0xC1, 0x70, 0xBA, 0x69, 0x42, 0xC4, 0xB3, 0x73, 0x48, 0xD6, 0x6F, 0xB3, 0x92, 0x33,
    0x30, 0x8D, 0xD5, 0x90, 0xA2, 0x40, 0x0C, 0xE8, 0x2E, 0x81, 0xA5, 0x8E, 0x37, 0x20, 0x1D, 0xA1,
    0xFA, 0x42, 0xDD, 0x17, 0xDA, 0xF2, 0xE6, 0x74, 0xF1, 0xD3, 0x8D, 0xA8, 0xBB, 0xFE, 0x59, 0xD4,
    0x7D, 0xF8, 0x7E, 0xD4, 0xBD, 0x67, 0x8E, 0x78, 0x51, 0xBB, 0xB7, 0xB0, 0x53, 0x55, 0xFB, 0x5B,
    0x55, 0xAE, 0x43, 0xAA, 0x4D, 0xBC, 0xFE, 0x84, 0x79, 0x47, 0x7C, 0xF9, 0xEC, 0x11, 0xD3, 0x96,
    0x5A, 0x22, 0x2C, 0x08, 0x7A, 0x36, 0x8B, 0x60, 0xAB, 0x87, 0x81, 0x72, 0xBB, 0xCA, 0x21, 0x71,
    0x69, 0x87, 0x78, 0xAD, 0xC1, 0x7E, 0x83, 0x05, 0xAE, 0x0F, 0x57, 0xCF, 0x9B, 0x77, 0x0D, 0xC1,
    0xD1, 0xFA, 0xB0, 0xDB, 0x59, 0xD4, 0x6D, 0xE6, 0xCA, 0xC3, 0x8D, 0x87, 0x38, 0x3C, 0x9C, 0x1F,
    0xC5, 0xAA, 0xDF, 0x53, 0x89, 0x51, 0x8B, 0x51, 0x70, 0x43, 0x54, 0x4A, 0xB0, 0x1E, 0x0F, 0x73,
    0xE0, 0xC8, 0x20, 0x6C, 0x7C, 0x60, 0x80, 0x90, 0x65, 0xC0, 0x2F, 0xBD, 0xE5, 0xEA, 0xC9, 0xEA,
    0xAD, 0x1B, 0x89, 0x59, 0x73, 0xAE, 0x8F, 0xA7, 0xB6, 0x9A, 0x5B, 0x99, 0xBB, 0xEC, 0xC9, 0xDF,
    0xCD, 0x5A, 0xCD, 0x92, 0xDC, 0x56, 0x15, 0x3E, 0x92, 0x70, 0x0B, 0x46, 0x55, 0xDC, 0x4D, 0x28,
    0xE2, 0x49, 0x15, 0xCA, 0x82, 0x45, 0x9C, 0x54, 0x45, 0x2F, 0x80, 0x47, 0x8A, 0xA9, 0x62, 0xC3,
    0x96, 0xBC, 0x81, 0x57, 0x61, 0xE1, 0x17, 0x70, 0x2C, 0xE1, 0x2D, 0x0B, 0x66, 0xC5, 0x16, 0x2F,
    0xBC, 0x30, 0x61, 0xE1, 0x2D, 0x8B, 0xF1, 0x48, 0xE0, 0x07, 0x88, 0x28, 0x8A, 0xCA, 0x12, 0x81,
    0x5D, 0xA4, 0x0A, 0x2F, 0x7C, 0x01, 0xA5, 0x2C, 0xDB, 0xFA, 0xE1, 0x7C, 0xE7, 0x5E, 0xA9, 0x35,
    0x3D, 0x33, 0x9E, 0x19, 0xA7, 0xDB, 0xEE, 0x9E, 0xD1, 0xE9, 0x6E, 0xF5, 0xFD, 0x39, 0xF7, 0xD3,
    0xF9, 0xBB, 0xE7, 0x1E, 0xA2, 0x81, 0xF8, 0x35, 0x24, 0x44, 0xEE, 0x90, 0x11, 0x79, 0x43, 0x41,
    0xE4, 0x3F, 0x29, 0x89, 0x82, 0xAF, 0x34, 0x91, 0x7A, 0xC8, 0x24, 0xBC, 0x5D, 0x13, 0xC5, 0x9F,
    0xB4, 0x4C, 0x88, 0xC9, 0x21, 0xFF, 0x51, 0x47, 0x29, 0xF1, 0x97, 0x98, 0xDC, 0x86, 0xA2, 0xCC,
    0xAB, 0x29, 0x2C, 0xFC, 0x61, 0x18, 0xCA, 0x80, 0x49, 0xA5, 0x98, 0xE8, 0xB0, 0x20, 0xAF, 0x8E,
    0x33, 0x72, 0xDB, 0x38, 0x21, 0xA7, 0xCD, 0x79, 0x96, 0xBE, 0x67, 0x82, 0x0F, 0x47, 0x5F, 0x9F,
    0x0B, 0x07, 0x13, 0xC1, 0xD7, 0xBC, 0x21, 0x1E, 0x2E, 0x51, 0x2F, 0x86, 0x22, 0xCE, 0x54, 0xF5,
    0x1E, 0xF9, 0xCC, 0x87, 0xC7, 0xD7, 0x0F, 0x35, 0xDD, 0x18, 0x34, 0xCF, 0xA2, 0xE3, 0xE7, 0x9E,
    0xCE, 0xF9, 0x5E, 0xCB, 0xBF, 0xB5, 0xA4, 0x74, 0x4F, 0x91, 0xCE, 0x9F, 0x0C, 0x3A, 0x1A, 0x9E,
    0xD5, 0xFE, 0x70, 0xBB, 0x99, 0x86, 0x0F, 0x79, 0x6D, 0x71, 0x61, 0x2E, 0x7C, 0x36, 0xB3, 0x10,
    0x16, 0x4A, 0x74, 0x5F, 0xA8, 0x27, 0x34, 0x10, 0x1A, 0x1E, 0xE3, 0x0F, 0xE0, 0x30, 0x65, 0x74,
    0x18, 0x23, 0xB4, 0xF1, 0x86, 0x12, 0xF4, 0x99, 0x46, 0xA7, 0x47, 0xA0, 0xEA, 0x61, 0x8D, 0xAE,
    0x7F, 0x62, 0x78, 0x18, 0x0E, 0xD0, 0x98, 0xB0, 0xD8, 0x14, 0x30, 0xF1, 0xA7, 0x98, 0x04, 0x2D,
    0xA0, 0x41, 0x00, 0xA6, 0x21, 0x55, 0xF2, 0x30, 0x8C, 0x15, 0x01, 0x31, 0x4D, 0x80, 0x0C, 0x20,
    0xA2, 0x41, 0x54, 0x30, 0x5E, 0xC4, 0xA8, 0x19, 0x94, 0x19, 0xB1, 0x41, 0x86, 0xC2, 0x0F, 0x14,
    0xF3, 0x74, 0x1F, 0x61, 0x4A, 0x7B, 0x79, 0x15, 0xD1, 0x22, 0x5B, 0x32, 0xBB, 0x26, 0xE4, 0xBE,
    0x27, 0x83, 0x45, 0x42, 0x53, 0xA1, 0x58, 0xD4, 0xBB, 0x18, 0x88, 0x86, 0x6B, 0xD9, 0x88, 0x81,
    0xFA, 0x1A, 0x37, 0xE2, 0x5F, 0xB5, 0xC7, 0x30, 0xA3, 0x35, 0x61, 0x16, 0x5D, 0x14, 0xB3, 0x7E,
    0x86, 0x19, 0x86, 0xA0, 0xAB, 0x32, 0x1A, 0x1A, 0x91, 0xCF, 0x60, 0xED, 0x24, 0xE8, 0x42, 0xA9,
    0x26, 0xA7, 0x6B, 0x29, 0xA8, 0xD2, 0xE4, 0x08, 0xE3, 0xEB, 0xC1, 0xCF, 0x2B, 0x45, 0xAC, 0xB0,
    0x4C, 0xF0, 0x05, 0xC1, 0x03, 0x2F, 0x79, 0x75, 0x89, 0xEF, 0xBE, 0x40, 0x0B, 0x55, 0x1E, 0x53,
    0x84, 0x58, 0xE4, 0x2F, 0x95, 0xAE, 0x83, 0x9E, 0xA8, 0xFB, 0x02, 0x38, 0x79, 0xDF, 0xB4, 0x32,
    0x22, 0x68, 0x50, 0x1D, 0x62, 0x84, 0x02, 0x0B, 0x0D, 0x8B, 0x58, 0xF0, 0x63, 0x9C, 0x78, 0xB9,
    0xB2, 0x32, 0xE0, 0xC4, 0x2B, 0x0E, 0x2A, 0xE0, 0xC7, 0xEC, 0xBB, 0x82, 0x13, 0x90, 0x6B, 0x2D,
    0x0D, 0x34, 0x1A, 0xA8, 0x0A, 0x38, 0xA1, 0x4B, 0x6C, 0x44, 0x2B, 0x03, 0x7E, 0xF8, 0xF4, 0x31,
    0xB8, 0xE1, 0x01, 0x43, 0x1E, 0x08, 0xEB, 0xA7, 0x66, 0xC4, 0xCC, 0x7D, 0xDE, 0x6D, 0x0C, 0x33,
    0x11, 0x22, 0x4F, 0x24, 0xC7, 0x33, 0xE0, 0x28, 0x1A, 0x35, 0x32, 0xCE, 0x6E, 0x8E, 0x78, 0xF8,
    0xFF, 0x41, 0xC3, 0x9D, 0xEC, 0xB3, 0x93, 0xF1, 0xCB, 0x85, 0xB2, 0x90, 0x30, 0xF2, 0x06, 0xBF,
    0x97, 0x82, 0xDF, 0x7F, 0x31, 0x87, 0x2F, 0xF8, 0xA9, 0xB2, 0x13, 0xFC, 0x30, 0x49, 0x24, 0xF8,
    0xC5, 0x09, 0x96, 0x6E, 0x60, 0xC8, 0xF9, 0x17, 0xA8, 0x1E, 0xC3, 0xE3, 0x4C, 0xF8, 0x69, 0x41,
    0x4E, 0xD6, 0xC9, 0xF8, 0x01, 0xB9, 0x4E, 0x60, 0x3E, 0x94, 0x2E, 0xA9, 0xA0, 0x65, 0x06, 0xC1,
    0xF7, 0x90, 0x7F, 0x8F, 0x78, 0xBE, 0x5D, 0xCC, 0x76, 0xD3, 0x5C, 0x4E, 0x4D, 0x8B, 0x6B, 0xFB,
    0x14, 0xF3, 0x4F, 0x78, 0x0E, 0xF5, 0x40, 0x8B, 0xFD, 0x0F, 0x93, 0xB5, 0x62, 0xE8, 0xEC, 0x5F,
    0xC2, 0xBA, 0x3A, 0xA8, 0x6D, 0x34, 0x00, 0xC8, 0xBD, 0xA0, 0x59, 0x45, 0xE9, 0x32, 0x4D, 0x28,
    0x79, 0x2F, 0x45, 0x0F, 0xFF, 0x02, 0x2E, 0x77, 0x93, 0x2B, 0xAB, 0x2D, 0xD3, 0x6C, 0x69, 0x27,
    0x45, 0x7B, 0x5D, 0x41, 0xD5, 0xE8, 0xB0, 0xFF, 0x3F, 0xA0, 0x1A, 0xFC, 0x43, 0xF0, 0x2C, 0x44,
    0xC4, 0x8B, 0x5E, 0x1E, 0x54, 0x2A, 0x8A, 0x27, 0xE2, 0x2E, 0xB0, 0xF4, 0x22, 0x3B, 0x2D, 0xE0,
    0x72, 0xA1, 0x70, 0x82, 0xA4, 0x16, 0x24, 0x6B, 0xD1, 0x64, 0xF9, 0xC9, 0x11, 0x25, 0x67, 0x54,
    0xD1, 0x25, 0x17, 0x4D, 0x4E, 0xC5, 0x57, 0xC4, 0x99, 0xD3, 0x7A, 0x99, 0x37, 0xFC, 0xAE, 0x50,
    0x4F, 0x19, 0x1F, 0xA7, 0x5B, 0x32, 0xB8, 0x83, 0x67, 0x06, 0x3C, 0x1B, 0xC6, 0xB3, 0x67, 0x33,
    0xB8, 0x66, 0x3C, 0xE9, 0x83, 0xD1, 0x94, 0x89, 0x5B, 0x54, 0xF0, 0x88, 0xE2, 0x07, 0x57, 0x0D,
    0xDD, 0xB6, 0xB9, 0xCF, 0xD1, 0xC0, 0xBD, 0x00, 0xDE, 0xF9, 0x26, 0x94, 0xF5, 0x14, 0xD7, 0xEA,
    0xE8, 0xA5, 0xDD, 0x53, 0x62, 0xC8, 0x62, 0x99, 0xFD, 0x83, 0x55, 0xA6, 0x23, 0x3A, 0x40, 0x93,
    0x27, 0xA2, 0x94, 0xA2, 0xA6, 0xCE, 0x90, 0x9D, 0xD3, 0x89, 0xF8, 0x2F, 0xAB, 0x55, 0x27, 0xF2,
    0x67, 0x71, 0x1F, 0x33, 0x27, 0x92, 0x8B, 0x17, 0xE8, 0x8E, 0x39, 0xDE, 0x1A, 0xCA, 0xED, 0x9F,
    0xE2, 0x44, 0xB8, 0xD9, 0xE4, 0x78, 0x73, 0x19, 0xA4, 0xB7, 0xEE, 0x0F, 0x3E, 0xE4, 0xD0, 0x98,
    0x72, 0x2C, 0x4E, 0x15, 0x13, 0x8F, 0x8B, 0x6C, 0x27, 0xF1, 0x34, 0x3F, 0xC8, 0xA1, 0x17, 0x6C,
    0xD9, 0x30, 0x1D, 0xC7, 0xBA, 0x07, 0xD6, 0x41, 0x15, 0x4A, 0x67, 0xD7, 0x5C, 0xEF, 0x0D, 0x9A,
    0x7F, 0xD3, 0xD1, 0x8B, 0x6B, 0x3A, 0x4F, 0x5C, 0xDD, 0x09, 0xDE, 0x1E, 0x63, 0xAD, 0x74, 0xFE,
    0xB7, 0x9C, 0xB1, 0xEE, 0x18, 0xEB, 0xB2, 0x39, 0xE2, 0x4A, 0x5C, 0x23, 0x7B, 0x0F, 0x66, 0xCE,
    0x79, 0xF6, 0x52, 0x09, 0xD8, 0x54, 0xFF, 0x12, 0x47, 0x31, 0xD4, 0xC2, 0x40, 0x76, 0x0E, 0xA5,
    0xD6, 0x93, 0x52, 0x7B, 0x27, 0x28, 0xF5, 0xA1, 0xB8, 0x97, 0xA5, 0x52, 0xA7, 0x70, 0xC9, 0xA7,
    0x29, 0xB5, 0x77, 0x54, 0xA9, 0xC9, 0x28, 0x75, 0x6F, 0xED, 0xAA, 0xB1, 0xB1, 0xA9, 0x71, 0x2E,
    0xDA, 0xC6, 0x14, 0x9D, 0xF5, 0xD3, 0x47, 0x30, 0xDD, 0xE5, 0xB8, 0x26, 0x65, 0xD6, 0xB8, 0x41,
    0xCE, 0x0D, 0x9D, 0xD3, 0xE5, 0x37, 0x9C, 0xE4, 0x97, 0xDF, 0x3F, 0x32, 0x98, 0x8A, 0xFC, 0xF2,
    0x53, 0xE9, 0x44, 0x7E, 0x03, 0x23, 0xBF, 0xBF, 0xE5, 0xFB, 0x47, 0x15, 0x7B, 0x0C, 0xEC, 0x66,
    0xC1, 0x9F, 0x0D, 0x04, 0x05, 0xA3, 0x1F, 0x2D, 0xE7, 0xFC, 0x0E, 0xBD, 0x23, 0x80, 0x0B, 0x2E,
    0x4F, 0x6A, 0x91, 0xD9, 0x6A, 0x92, 0xCD, 0xED, 0x0C, 0x16, 0x77, 0x30, 0x6E, 0x69, 0x02, 0x46,
    0xD7, 0x06, 0x8B, 0x78, 0xF7, 0x97, 0x38, 0xFB, 0x05, 0x24, 0x72, 0xC4, 0xB9, 0x36, 0x06, 0x75,
    0x9D, 0x38, 0xFB, 0x35, 0x3C, 0xB8, 0x1A, 0xC4, 0xD1, 0xE6, 0x58, 0xE3, 0x55, 0xAF, 0x39, 0x26,
    0xB5, 0xB0, 0x58, 0xEA, 0xA5, 0x91, 0x5A, 0x7D, 0x6E, 0xA9, 0x7D, 0x2B, 0xAE, 0x88, 0xAE, 0xBB,
    0x89, 0x37, 0x3C, 0x2D, 0xB8, 0x6D, 0xA6, 0x7E, 0xD6, 0xBD, 0x39, 0x24, 0x23, 0x0E, 0xC1, 0x8C,
    0xE8, 0x05, 0x58, 0xB9, 0x33, 0x24, 0x5B, 0xEF, 0x85, 0x8C, 0x16, 0xE7, 0xCC, 0x52, 0xB7, 0x19,
    0x4C, 0x4E, 0xF1, 0x42, 0x78, 0x8C, 0xB8, 0xFA, 0x2F, 0xBE, 0xB8, 0xD7, 0x5A, 0x23, 0x73, 0xD2,
    0xC5, 0x6D, 0xE4, 0xE2, 0x76, 0xF4, 0xAA, 0x76, 0x18, 0x67, 0x1C, 0xF3, 0xC8, 0x92, 0x57, 0xBD,
    0xDF, 0x8D, 0x0E, 0xF2, 0x54, 0xA8, 0x9E, 0xAD, 0x77, 0xE6, 0xB5, 0x2C, 0x76, 0x2D, 0x5B, 0xEA,
    0x3D, 0xEE, 0x9F, 0x0F, 0xF6, 0x35, 0x8E, 0x79, 0x68, 0x8D, 0x5E, 0x5C, 0xBA, 0x35, 0xB7, 0xAF,
    0xB9, 0x5F, 0x49, 0x37, 0xFA, 0xE5, 0xD8, 0x3E, 0x3F, 0x3C, 0xA5, 0xCD, 0x85, 0xCF, 0xAB, 0x5B,
    0x3F, 0xE7, 0xA8, 0x26, 0x6F, 0x74, 0xCD, 0x88, 0x76, 0x15, 0x3C, 0xDB, 0x2C, 0x9A, 0x25, 0x7E,
    0x9E, 0xEE, 0x9D, 0x25, 0xBF, 0xAF, 0xB3, 0xF6, 0x42, 0xD6, 0xAE, 0xD1, 0x0F, 0xFD, 0x9D, 0xCE,
    0x2B, 0x44, 0xB7, 0x9E, 0xB2, 0x6E, 0x25, 0xFD, 0x9B, 0x59, 0x5B, 0x7E, 0xBB, 0xE2, 0xF9, 0xB5,
    0xF7, 0x72, 0x28, 0xDC, 0xEC, 0xF2, 0xC9, 0xEB, 0x29, 0xA6, 0xF5, 0xDC, 0xEA, 0x3E, 0xFD, 0x34,
    0xBD, 0xC0, 0xB3, 0x74, 0x60, 0xB6, 0xB0, 0xE9, 0x34, 0xC1, 0x10, 0x3B, 0xCE, 0x45, 0x72, 0x8B,
    0xDF, 0xAB, 0xBB, 0x26, 0x56, 0x70, 0x5B, 0x6E, 0x16, 0xE8, 0x78, 0x6E, 0xEF, 0x64, 0x64, 0x21,
    0x60, 0x54, 0x66, 0x38, 0x83, 0x60, 0xD1, 0x86, 0x60, 0xE9, 0xE7, 0xE9, 0x21, 0x23, 0x2F, 0x27,
    0x82, 0xF5, 0x84, 0x6E, 0x86, 0xD9, 0xB8, 0x67, 0x96, 0x7B, 0x77, 0x2C, 0xEF, 0x91, 0xAC, 0x92,
    0x4D, 0x85, 0xD7, 0x98, 0x98, 0xEE, 0xC8, 0x8B, 0x91, 0x12, 0xA8, 0x08, 0x58, 0x11, 0xC0, 0xC2,
    0x10, 0x2D, 0x82, 0x94, 0x5B, 0x04, 0xBC, 0x30, 0xC7, 0x60, 0xC8, 0x92, 0x83, 0x43, 0x1A, 0xA7,
    0x02, 0x6C, 0xE8, 0x2B, 0x3B, 0x54, 0x1E, 0xDE, 0x22, 0x87, 0x89, 0x5D, 0xD1, 0xF1, 0x0E, 0x0E,
    0x39, 0x86, 0xF8, 0x5F, 0x62, 0x19, 0xE9, 0x60, 0x22, 0xA2, 0xB7, 0x0E, 0x98, 0x04, 0x0A, 0xB2,
    0x35, 0x36, 0x0E, 0x4D, 0x42, 0xB2, 0x8F, 0x49, 0x76, 0xD6, 0x06, 0xB0, 0xFE, 0x9C, 0x80, 0x65,
    0x33, 0xC0, 0xF6, 0x30, 0x51, 0xFE, 0x5A, 0x80, 0x49, 0x04, 0x61, 0xE2, 0x0E, 0xC9, 0x69, 0x89,
    0x71, 0xE0, 0x40, 0x26, 0x2C, 0x23, 0x2B, 0x6B, 0x0D, 0x1B, 0xED, 0xC5, 0xFE, 0xEE, 0x0A, 0x74,
    0x9D, 0x21, 0x9B, 0x87, 0xCE, 0x4E, 0x64, 0x9E, 0xAA, 0x87, 0x84, 0x4C, 0x6E, 0xF7, 0xF6, 0xA1,
    0x04, 0xD8, 0x6E, 0x76, 0x9D, 0x14, 0x5B, 0x95, 0x94, 0x2D, 0x41, 0x1B, 0x67, 0xEE, 0x9D, 0x59,
    0x20, 0xBD, 0x0E, 0xCB, 0x7A, 0xDD, 0x61, 0xCF, 0xFD, 0x73, 0x78, 0xEE, 0x42, 0xDD, 0x9E, 0x59,
    0xDA, 0x45, 0x62, 0x2C, 0x6B, 0x8F, 0x4D, 0x79, 0x2A, 0xF1, 0xFC, 0x1B, 0xB1, 0x3C, 0x87, 0x54,
    0xB9, 0xC3, 0xD7, 0xB0, 0x3C, 0xA5, 0x5F, 0xCC, 0x12, 0x2A, 0xEE, 0xBE, 0xB1, 0xB6, 0x71, 0x3F,
    0xE2, 0xB0, 0xBF, 0x56, 0x1C, 0xB0, 0xDE, 0xA8, 0x12, 0x99, 0x80, 0xF9, 0x99, 0x5B, 0x9F, 0xB7,
    0xE6, 0x39, 0x61, 0x66, 0xA0, 0x34, 0x79, 0x4A, 0x5E, 0xBB, 0xA2, 0x32, 0x1B, 0xF4, 0xAA, 0x3E,
    0x47, 0xD6, 0x3D, 0xED, 0xE4, 0x22, 0x82, 0x7B, 0xC8, 0x72, 0x8D, 0x38, 0x14, 0xFC, 0xFF, 0x87,
    0x17, 0x19, 0x07, 0x24, 0x17, 0xFD, 0xE7, 0x5E, 0xA6, 0xFB, 0x22, 0x89, 0xEB, 0xB8, 0xE5, 0x6D,
    0xEE, 0x4D, 0xAA, 0x5D, 0xD9, 0x2C, 0xE4, 0x3A, 0xD7, 0xBF, 0xD4, 0xDE, 0x2B, 0xFE, 0xD6, 0x32,
    0xF1, 0xB4, 0x5A, 0xA7, 0x46, 0x4E, 0x8D, 0xFF, 0xF9, 0x83, 0x5F, 0x2A, 0xAD, 0xB4, 0x6F, 0xA1,
    0x3D, 0x9B, 0x13, 0x83, 0x96, 0xED, 0xB3, 0x18, 0x1E, 0x23, 0x06, 0xE7, 0x78, 0x8D, 0x83, 0xB9,
    0x7F, 0x33, 0xA6, 0x7E, 0x0B, 0x55, 0xE5, 0xB8, 0x00, 0x9B, 0xE6, 0x02, 0x21, 0x9F, 0xC0, 0x6E,
    0x83, 0xE4, 0x4E, 0x22, 0xF0, 0x65, 0x34, 0x7E, 0x12, 0x35, 0x6D, 0x4C, 0x7B, 0xD3, 0xD7, 0x8C,
    0x63, 0xC6, 0x34, 0xE3, 0x3B, 0x32, 0x97, 0x99, 0xD7, 0xF2, 0x70, 0x3C, 0xE4, 0x1C, 0x93, 0x04,
    0xCB, 0x3B, 0x33, 0x81, 0x89, 0x4B, 0x9F, 0x05, 0xC6, 0x69, 0x59, 0x30, 0x0E, 0x79, 0xC6, 0x14,
    0xD1, 0xEF, 0x78, 0xE1, 0x3B, 0xEE, 0x43, 0xA0, 0xD0, 0x6E, 0x1E, 0x8A, 0x9C, 0x1A, 0x86, 0xD1,
    0xAE, 0xC9, 0x34, 0x9A, 0xD4, 0x86, 0xD9, 0x93, 0x9B, 0x24, 0xAF, 0x49, 0x7C, 0x54, 0xCB, 0xAD,
    0xE4, 0xEC, 0xB5, 0x3D, 0xF8, 0xC1, 0x3D, 0xA9, 0xD6, 0x86, 0x72, 0x3F, 0xB1, 0x17, 0x8B, 0xBD,
    0x73, 0x72, 0x28, 0xF7, 0x6D, 0xF0, 0x33, 0x27, 0x08, 0xB1, 0x91, 0xB7, 0x29, 0x0F, 0x7E, 0x59,
    0x20, 0x92, 0x0D, 0x9E, 0xD9, 0xEC, 0x99, 0xEC, 0xE3, 0x87, 0xC9, 0x67, 0x5B, 0x8B, 0x99, 0xF5,
    0xA5, 0x92, 0x9F, 0x90, 0x6C, 0xD6, 0x03, 0x1B, 0x1C, 0x21, 0xC1, 0x4E, 0x31, 0x8C, 0x46, 0xCF,
    0x83, 0x7A, 0x75, 0x58, 0x9C, 0xE1, 0xEB, 0x01, 0x13, 0x01, 0x4F, 0x58, 0xAA, 0x43, 0x04, 0x36,
    0x29, 0x8D, 0x1B, 0x32, 0x4B, 0xE4, 0x9E, 0xFC, 0x2A, 0x31, 0x81, 0xF4, 0x90, 0xBE, 0x32, 0xCA,
    0x88, 0xAD, 0x49, 0x50, 0xC8, 0xFC, 0x48, 0x69, 0x21, 0xF2, 0x38, 0xC0, 0xA6, 0xB0, 0xFC, 0x01,
    0x33, 0xFB, 0xAC, 0x96, 0xB4, 0x76, 0x4F, 0x27, 0xBD, 0xB6, 0x08, 0xD6, 0xD5, 0x10, 0xAA, 0x1D,
    0x43, 0x28, 0x81, 0x55, 0x52, 0x43, 0xE9, 0x9B, 0x85, 0xD5, 0x15, 0x58, 0x95, 0x64, 0xCE, 0x94,
    0xF1, 0x58, 0x07, 0x42, 0xA1, 0x25, 0xEF, 0xC8, 0xE7, 0xFC, 0x93, 0x7A, 0x3A, 0xFB, 0xFA, 0xAB,
    0x00, 0x9D, 0x1C, 0x6C, 0x31, 0xC4, 0x0C, 0xAC, 0x0F, 0x9F, 0x3F, 0x0F, 0xB5, 0x3E, 0xE7, 0x75,
    0xDE, 0xA5, 0xF0, 0xEC, 0x50, 0xEB, 0xB5, 0xB5, 0xDF, 0x9E, 0x43, 0xF4, 0xC8, 0x50, 0xC6, 0x72,
    0x0E, 0x71, 0xF5, 0xB4, 0x73, 0x08, 0x9B, 0x22, 0x13, 0x4B, 0xF0, 0x4F, 0x49, 0x88, 0x61, 0x83,
    0xB4, 0xA5, 0x78, 0x1E, 0x3A, 0xA5, 0x37, 0x7C, 0x55, 0x61, 0xB3, 0x18, 0x14, 0xB3, 0x14, 0x08,
    0xE4, 0x66, 0x89, 0x67, 0xB2, 0x76, 0x3C, 0xE9, 0xDD, 0x65, 0x22, 0xDC, 0x93, 0xC4, 0x97, 0x7A,
    0x28, 0x56, 0x93, 0x7E, 0xBF, 0xC5, 0x56, 0xF3, 0x6C, 0x4F, 0x0D, 0x4D, 0x87, 0xFD, 0x64, 0xF3,
    0xE9, 0x35, 0x51, 0x71, 0x5A, 0xD8, 0xB7, 0x7E, 0x2F, 0x4E, 0x35, 0x4D, 0x66, 0x47, 0x76, 0x6C,
    0x66, 0xEB, 0x4B, 0x57, 0xAC, 0x15, 0x32, 0x94, 0x23, 0xA7, 0x85, 0x64, 0x06, 0xB1, 0xE5, 0x2F,
    0x1D, 0x26, 0xDF, 0x90, 0xDF, 0x51, 0xD8, 0x60, 0x20, 0xAF, 0x3B, 0x01, 0xCF, 0x5E, 0x2C, 0xEF,
    0xEB, 0xE0, 0xD9, 0x9F, 0x89, 0xE7, 0x77, 0x27, 0x77, 0x9A, 0x8F, 0xCE, 0x94, 0xC3, 0xB4, 0x7B,
    0x38, 0xFC, 0x6F, 0xA7, 0x1B, 0x2D, 0xDD, 0x60, 0x86, 0x71, 0x60, 0x59, 0x32, 0x12, 0xCF, 0x29,
    0x2A, 0x39, 0xC6, 0x8D, 0x13, 0x47, 0xCE, 0x33, 0xFA, 0xB3, 0x4C, 0x63, 0xC2, 0x83, 0x44, 0xAB,
    0xA6, 0xF1, 0xF9, 0xCA, 0x71, 0xB6, 0x3D, 0x83, 0x30, 0x5A, 0xBA, 0xB3, 0xBD, 0x80, 0xBD, 0x3F,
    0x99, 0x6F, 0xD1, 0x54, 0xD9, 0xE5, 0x70, 0x64, 0x76, 0x0F, 0x1B, 0xAC, 0x8D, 0x03, 0x76, 0xDE,
    0x03, 0x86, 0x57, 0x82, 0x57, 0xBF, 0x3D, 0xF0, 0x94, 0x18, 0x19, 0xE8, 0x87, 0x44, 0x8A, 0x92,
    0xF1, 0x13, 0xC2, 0x5B, 0x89, 0x5F, 0xB0, 0x7D, 0xDF, 0x3C, 0x82, 0xE6, 0xE8, 0x20, 0x94, 0xA3,
    0x83, 0x38, 0x1F, 0xEC, 0xD1, 0xC1, 0xB6, 0x0A, 0xDB, 0x70, 0x4D, 0x4E, 0x68, 0x2A, 0xF2, 0x9F,
    0xF0, 0x0A, 0x16, 0xC9, 0x95, 0x65, 0x02, 0x64, 0x63, 0x22, 0x46, 0x17, 0x10, 0x9F, 0xF6, 0x0D,
    0x1B, 0xAB, 0x73, 0x18, 0x7F, 0x7E, 0xDD, 0x1B, 0xB9, 0x77, 0x36, 0x0D, 0xD4, 0xD2, 0x0F, 0x88,
    0x13, 0x30, 0xC4, 0x97, 0x03, 0x4A, 0x53, 0x53, 0xB3, 0x2E, 0x22, 0xE9, 0xC9, 0x1C, 0x0A, 0x14,
    0xA3, 0xCE, 0x28, 0x2A, 0x29, 0x2D, 0xD4, 0x70, 0x7F, 0x00, 0x43, 0xDC, 0xE0, 0xC6, 0xB0, 0x3F,
    0x67, 0xC8, 0xA9, 0xC7, 0xBA, 0x17, 0x21, 0xF8, 0xDA, 0x0A, 0xF6, 0xE7, 0xBD, 0xC2, 0x02, 0x82,
    0x3E, 0x50, 0x5E, 0xA4, 0x2C, 0x78, 0xD1, 0xF0, 0x65, 0x11, 0xF4, 0xB3, 0xED, 0xE7, 0x6A, 0x9E,
    0x45, 0xB6, 0x79, 0x7E, 0x27, 0xE7, 0x97, 0xD3, 0x11, 0xB2, 0x14, 0xBC, 0xED, 0x81, 0xFC, 0x71,
    0xCE, 0xDB, 0xDB, 0x40, 0x26, 0xB5, 0x95, 0x29, 0xC8, 0x60, 0x7A, 0xF6, 0x52, 0xD9, 0x18, 0x2B,
    0x5A, 0xB6, 0xD6, 0x81, 0x8F, 0x2F, 0x06, 0xD8, 0xEC, 0x2C, 0x4C, 0x85, 0x42, 0x87, 0xE3, 0x0C,
    0xC6, 0xC7, 0xA6, 0x3E, 0x4C, 0x05, 0x83, 0x70, 0x3E, 0x94, 0x42, 0x71, 0x50, 0x6B, 0x2C, 0x10,
    0x37, 0x59, 0x17, 0x15, 0x50, 0x48, 0x50, 0x21, 0x81, 0x85, 0x04, 0x17, 0x12, 0x60, 0x2C, 0x32,
    0xA3, 0xD0, 0xBC, 0x3F, 0x59, 0x94, 0x66, 0xE4, 0x50, 0x15, 0xCC, 0xF4, 0xAE, 0xE1, 0xD9, 0xDC,
    0x40, 0xCD, 0x06, 0x18, 0xF6, 0xC1, 0xAF, 0xFF, 0x18, 0x05, 0x60, 0xC5, 0x99, 0x24, 0xB0, 0xA4,
    0xC7, 0x26, 0x37, 0x87, 0xB4, 0x00, 0x2D, 0x8A, 0x86, 0x47, 0xA8, 0x95, 0xF8, 0xA9, 0x2D, 0x08,
    0x93, 0xF3, 0x8B, 0xA9, 0xAE, 0x83, 0xE7, 0xC4, 0xF9, 0xCF, 0xDD, 0xED, 0x05, 0x2C, 0x1B, 0x13,
    0x32, 0x6E, 0x3D, 0x59, 0xC9, 0x3D, 0x30, 0xBD, 0x33, 0x03, 0x2C, 0x44, 0x81, 0x0B, 0x18, 0x56,
    0xE0, 0x57, 0x3D, 0x16, 0xF9, 0x3A, 0x1F, 0xE1, 0xB9, 0xC5, 0xCB, 0x40, 0xBA, 0x46, 0xC0, 0xBE,
    0x2C, 0xC8, 0x08, 0x98, 0x49, 0xA8, 0x88, 0xAA, 0x59, 0x5D, 0xB3, 0xF5, 0x1A, 0xA6, 0xBC, 0x54,
    0xF8, 0x60, 0x7D, 0xDB, 0x5A, 0xF0, 0xD2, 0xA9, 0x48, 0x4C, 0x4E, 0x13, 0xBC, 0x89, 0x28, 0xDE,
    0x2E, 0xB2, 0x3E, 0x6E, 0x1E, 0xC1, 0x1D, 0x11, 0xF8, 0xB4, 0x6A, 0x24, 0x21, 0x8B, 0x03, 0x0C,
    0x9D, 0x57, 0xEE, 0x1D, 0x67, 0x7F, 0x91, 0x6C, 0x2B, 0x6A, 0x7E, 0xF3, 0x31, 0xAA, 0x1D, 0xD8,
    0xB1, 0x46, 0xF7, 0xF9, 0xE6, 0x65, 0x67, 0x7F, 0x15, 0xA6, 0x6A, 0xED, 0x30, 0xD1, 0x78, 0x0E,
    0xBB, 0xBD, 0x86, 0x6B, 0xD5, 0xE1, 0x8D, 0x95, 0x9E, 0xED, 0xF2, 0x8E, 0x5D, 0xC4, 0xE6, 0xA5,
    0xEA, 0xE8, 0x19, 0x84, 0x29, 0x19, 0x15, 0x22, 0x5F, 0x17, 0x02, 0x5E, 0x36, 0x1A, 0x39, 0x03,
    0xE9, 0xC1, 0x4A, 0xA1, 0x85, 0x87, 0x5A, 0x08, 0x5F, 0xF3, 0x7E, 0x55, 0x55, 0xDC, 0x2C, 0x2C,
    0x78, 0x07, 0x19, 0x67, 0x8C, 0x70, 0x8E, 0x38, 0x86, 0x81, 0xE9, 0xB1, 0x45, 0x8A, 0xD1, 0x39,
    0xFA, 0x35, 0x8E, 0xCE, 0xFF, 0x5E, 0xA0, 0x6A, 0x23, 0xB3, 0xB5, 0xAD, 0xA6, 0x80, 0xB1, 0xBD,
    0x00, 0xF9, 0xB1, 0x65, 0x22, 0xB5, 0x26, 0x38, 0x28, 0x91, 0x62, 0x59, 0x96, 0xBD, 0x62, 0xEB,
    0x9B, 0xB8, 0x4D, 0x58, 0x78, 0xB5, 0x2A, 0x3C, 0x1D, 0x94, 0x41, 0xE5, 0x33, 0x67, 0x9E, 0x66,
    0xF7, 0x50, 0x73, 0x87, 0x46, 0x5A, 0x10, 0x3D, 0xE0, 0x3D, 0xDB, 0x9E, 0xDD, 0x38, 0xA3, 0x3A,
    0x75, 0xDA, 0x12, 0x57, 0x66, 0x77, 0xC2, 0xE8, 0xED, 0xE4, 0x09, 0x23, 0x6E, 0x0F, 0xA0, 0x50,
    0xF1, 0xC1, 0xAB, 0xF4, 0x5A, 0x7E, 0xC6, 0xBE, 0xE6, 0xC7, 0xA2, 0x2A, 0xAF, 0xB1, 0xF0, 0x66,
    0xA6, 0xC2, 0x2E, 0xC6, 0x39, 0xBD, 0x54, 0x32, 0xA9, 0x47, 0x8D, 0xAD, 0xC7, 0x71, 0x25, 0x3B,
    0x26, 0x9B, 0x1E, 0x39, 0xD6, 0x8A, 0xE9, 0x02, 0xE4, 0xCC, 0xAA, 0x12, 0x14, 0xAB, 0xC4, 0x6C,
    0x01, 0xC2, 0x0C, 0xEB, 0x0B, 0x78, 0x9D, 0xAA, 0xE0, 0xD5, 0x16, 0xB8, 0xE3, 0xEA, 0x98, 0x1C,
    0x59, 0x2D, 0xAF, 0xF4, 0xE0, 0xC0, 0xAE, 0x96, 0xF9, 0x8A, 0xEC, 0x4A, 0xB1, 0xAD, 0x01, 0x7A,
    0xCA, 0xC4, 0x15, 0x3B, 0x83, 0xCF, 0x91, 0xA6, 0xD2, 0xAA, 0xB1, 0x99, 0x01, 0x89, 0x43, 0x5D,
    0x79, 0x4A, 0xF9, 0x54, 0x7F, 0x1C, 0x4E, 0x1B, 0xA0, 0xA9, 0x78, 0x05, 0x0A, 0xC5, 0xF0, 0x04,
    0x22, 0x04, 0x25, 0x8F, 0x1A, 0x15, 0x0C, 0x0F, 0xB3, 0xD5, 0x30, 0x9F, 0x3C, 0x08, 0x0F, 0xD3,
    0xC3, 0x4B, 0xC7, 0x90, 0xE5, 0xE8, 0x37, 0xEB, 0x10, 0x02, 0x65, 0x33, 0xF7, 0xDF, 0x1F, 0x33,
    0xF7, 0xB6, 0x08, 0x63, 0x55, 0x10, 0xB2, 0x99, 0x20, 0xB0, 0x18, 0xF8, 0xDA, 0x0A, 0x42, 0x13,
    0x66, 0xD4, 0x46, 0x89, 0x08, 0xC2, 0x2D, 0x8E, 0xF6, 0xE2, 0x07, 0x46, 0x10, 0xC2, 0xC6, 0x64,
    0x3C, 0x83, 0xD3, 0x05, 0xE1, 0xA4, 0x32, 0x2E, 0xB7, 0x39, 0x5E, 0x7B, 0x9D, 0x8B, 0xD6, 0x74,
    0x18, 0x0A, 0xE7, 0x4E, 0xB5, 0xD4, 0x4E, 0x9B, 0xF2, 0x91, 0x7E, 0x2C, 0x93, 0x46, 0x40, 0x9A,
    0x49, 0x36, 0x52, 0xF6, 0x16, 0x81, 0xE4, 0xFC, 0x4C, 0x19, 0x97, 0x6B, 0x4B, 0xEA, 0x4C, 0x15,
    0x7C, 0xB2, 0x14, 0x89, 0x0B, 0xD2, 0xFC, 0x76, 0x89, 0xAD, 0x98, 0x29, 0xE9, 0xB8, 0x32, 0x43,
    0xC7, 0x19, 0xD5, 0x44, 0x03, 0x1D, 0x65, 0xD4, 0xA4, 0x18, 0xD5, 0xC4, 0x19, 0xD5, 0xE4, 0xE0,
    0x14, 0x35, 0x09, 0x4E, 0x46, 0xE7, 0xFF, 0x9D, 0x50, 0x4B, 0x8E, 0xC2, 0x30, 0x0C, 0x7D, 0x6D,
    0x17, 0x5D, 0x54, 0x22, 0x47, 0xE8, 0x09, 0x50, 0x2F, 0x80, 0x26, 0x1C, 0x8B, 0x4D, 0xA1, 0xC7,
    0x19, 0x65, 0x53, 0x2E, 0x80, 0x9A, 0x23, 0xE4, 0x08, 0xAC, 0x67, 0x36, 0x5D, 0xB0, 0x40, 0x22,
    0xE0, 0xB1, 0x5D, 0x02, 0x83, 0x44, 0x35, 0xD2, 0x38, 0x76, 0xFB, 0xF2, 0xFC, 0x8B, 0xED, 0x1C,
    0xB1, 0x38, 0xE7, 0x3A, 0xFE, 0x79, 0x31, 0xA7, 0x42, 0xBF, 0x64, 0xB1, 0x5C, 0x6D, 0x0E, 0x44,
    0x6D, 0x4B, 0xB4, 0x65, 0xB8, 0x4F, 0xFF, 0x05, 0x8E, 0xCB, 0x3C, 0xAC, 0x0A, 0xBF, 0x29, 0xBB,
    0xAB, 0x09, 0x64, 0x46, 0xD6, 0xB6, 0x0C, 0xAC, 0x13, 0xDE, 0x96, 0xCF, 0x80, 0x7D, 0x85, 0x39,
    0x1E, 0xC6, 0xBF, 0x35, 0x6E, 0x1D, 0xC5, 0x5C, 0xFF, 0xF5, 0x39, 0x17, 0xF3, 0x5F, 0xFB, 0xAB,
    0xB6, 0xF0, 0x29, 0x66, 0xAE, 0x46, 0x7E, 0x43, 0x4D, 0xC1, 0xD2, 0x38, 0xD0, 0x59, 0x43, 0x45,
    0x19, 0x33, 0xC3, 0x3C, 0x7B, 0x5B, 0x39, 0x04, 0x3E, 0xFA, 0xD1, 0x6B, 0x4E, 0x1D, 0x70, 0x80,
    0x88, 0xA1, 0x11, 0xD9, 0x59, 0xA1, 0xFD, 0x8E, 0x28, 0x46, 0x85, 0x03, 0x6E, 0x30, 0x41, 0xE1,
    0x15, 0x3B, 0xD4, 0x9D, 0xC2, 0x08, 0xCB, 0xE7, 0x01, 0x23, 0x52, 0x40, 0x76, 0x42, 0x4A, 0xBB,
    0x17, 0x90, 0x62, 0xF2, 0xC2, 0x7B, 0x8B, 0x66, 0x3D, 0x41, 0x6E, 0xFC, 0x91, 0x51, 0xC0, 0x4E,
    0x13, 0xA2, 0xA1, 0x58, 0xF0, 0xB3, 0x98, 0x3F, 0xD9, 0x0B, 0x99, 0x1B, 0x71, 0x46, 0x71, 0x1C,
    0x60, 0x7B, 0x6F, 0x8E, 0x32, 0xDE, 0x95, 0x87, 0x5B, 0x97, 0x5C, 0xB2, 0xE1, 0x6E, 0x86, 0xF4,
    0x79, 0xED, 0x13, 0x46, 0xA4, 0x80, 0x7C, 0xC4, 0xB0, 0xB6, 0x7D, 0xE0, 0xB4, 0x32, 0x20, 0x15,
    0x33, 0x1D, 0x52, 0x8B, 0x06, 0x48, 0x8D, 0xAD, 0xE7, 0x91, 0x38, 0xB3, 0x38, 0xA3, 0x1A, 0x51,
    0x7B, 0xD8, 0x4E, 0x94, 0x01, 0x5F, 0x99, 0x64, 0x97, 0x04, 0x58, 0xFF, 0x96, 0x44, 0xF3, 0x26,
    0x9D, 0x25, 0x93, 0x75, 0xE8, 0xF4, 0x95, 0x2C, 0xAE, 0x96, 0xE1, 0xED, 0xB4, 0x1F, 0x4C, 0x1B,
    0x56, 0xA7, 0x6E, 0x55, 0xF7, 0xF9, 0x70, 0xE6, 0xAF, 0xCE, 0x66, 0xCE, 0xE9, 0x5F, 0x9C, 0x3F,
    0x63, 0x90, 0x77, 0x60, 0xB0, 0x77, 0x60, 0xF8, 0xEF, 0xC0, 0xF4, 0xDF, 0x81, 0xFD, 0xBC, 0x03,
    0xBF, 0xBF, 0x83, 0x1D, 0xBF, 0xC3, 0x1E, 0x7E, 0x87, 0xFF, 0xFF, 0x7F, 0x00, 0x11, 0x03, 0xBF,
    0x03, 0x04, 0x01, 0x00, 0x4D, 0x8E, 0xB1, 0x15, 0xC2, 0x30, 0x10, 0x43, 0xE5, 0xB8, 0xA0, 0x4C,
    0xCD, 0x14, 0x8C, 0x60, 0x46, 0xA0, 0x61, 0x0E, 0x46, 0x80, 0x79, 0xD2, 0xB0, 0x41, 0x92, 0x11,
    0x18, 0x21, 0x23, 0xA4, 0xA0, 0xA0, 0x38, 0xE7, 0xD0, 0xC9, 0x3C, 0x5E, 0xAE, 0xD0, 0xF3, 0x3B,
    0x49, 0xFF, 0x0C, 0xC0, 0x80, 0x74, 0xAD, 0x17, 0x64, 0xF7, 0xB5, 0x89, 0x76, 0x92, 0x69, 0x31,
    0x1C, 0xDC, 0x0C, 0xFD, 0xE6, 0x86, 0x32, 0xF7, 0x86, 0x3B, 0xB2, 0x61, 0x44, 0x67, 0xA8, 0x48,
    0x16, 0xA1, 0xBD, 0x68, 0x27, 0x57, 0x39, 0x35, 0xD8, 0xAD, 0xA4, 0xD4, 0x2D, 0x78, 0x23, 0x34,
    0x03, 0xE7, 0xE1, 0x9C, 0x59, 0x02, 0x9C, 0xE8, 0xA2, 0x73, 0x5F, 0xC0, 0xFC, 0x44, 0x56, 0x79,
    0xA5, 0x28, 0xF0, 0x71, 0x26, 0x15, 0xC7, 0x00, 0x73, 0xF2, 0x27, 0xB4, 0xB8, 0xBF, 0x69, 0xEA,
    0xB3, 0x79, 0xD5, 0x7E, 0xA7, 0x74, 0x11, 0x6E, 0xFD, 0xE7, 0x5B, 0xB7, 0x71, 0x7E, 0x4C, 0xF2,
    0x3D, 0x6E, 0x3D, 0x69, 0x65, 0xDD, 0xC5, 0x8D, 0x07, 0xBF, 0x5D, 0xCB, 0xB1, 0x0D, 0x80, 0x30,
    0x0C, 0x05, 0xD1, 0x03, 0x4B, 0xB4, 0x4C, 0xC2, 0x0C, 0x66, 0x2B, 0x4A, 0x98, 0x8C, 0xAC, 0xC2,
    0x08, 0x91, 0x92, 0x82, 0xC2, 0xC2, 0xFC, 0x86, 0x86, 0x93, 0x5E, 0x79, 0xA0, 0xBC, 0x43, 0x06,
    0xE3, 0x5D, 0xB0, 0xEA, 0x3F, 0xA7, 0x04, 0xD6, 0x3A, 0x96, 0x97, 0x1C, 0xD8, 0x03, 0xB3, 0x16,
    0xAF, 0xB0, 0xCB, 0x26, 0xF6, 0x89, 0x85, 0x21, 0x13, 0x4A, 0xC0, 0xB4, 0xF2, 0x02, 0xB5, 0x54,
    0x3B, 0x92, 0xD4, 0x30, 0x10, 0x7D, 0xB6, 0x00, 0x17, 0x35, 0x81, 0x13, 0xB2, 0x2D, 0x4A, 0x47,
    0xD0, 0x0D, 0x46, 0x2A, 0x92, 0x0D, 0xD9, 0x60, 0x8F, 0xB0, 0x39, 0x17, 0xA0, 0xB0, 0x6F, 0xC0,
    0xE6, 0xA4, 0x1B, 0x70, 0x05, 0x02, 0x46, 0xBE, 0x01, 0x73, 0x84, 0x09, 0xF6, 0x00, 0x13, 0x28,
    0x98, 0xAD, 0xB2, 0xDD, 0xBC, 0x96, 0x51, 0x79, 0x66, 0x09, 0x36, 0x01, 0xD9, 0xFD, 0x6C, 0xAB,
    0x5B, 0xFD, 0x79, 0x6A, 0xD9, 0x3C, 0x01, 0x46, 0x12, 0x45, 0x80, 0x37, 0x32, 0x00, 0xED, 0x91,
    0x33, 0x27, 0x7C, 0x7A, 0x1A, 0x39, 0x37, 0xB5, 0x73, 0x9C, 0xDD, 0xBE, 0x11, 0x1F, 0x2A, 0xD9,
    0x01, 0x32, 0x01, 0xDD, 0x08, 0xF8, 0x33, 0xE9, 0x66, 0x60, 0xD7, 0x01, 0x93, 0x1F, 0xCC, 0x68,
    0x93, 0x4D, 0x8D, 0xC8, 0x1E, 0xEA, 0xEF, 0xF5, 0x0D, 0x1F, 0xEB, 0x78, 0xB6, 0xEE, 0xBF, 0x88,
    0x67, 0x9C, 0x61, 0x05, 0xC7, 0x82, 0xD0, 0x1E, 0x08, 0x26, 0x11, 0x2A, 0x9A, 0x00, 0x51, 0xC1,
    0xF7, 0xAA, 0xD9, 0x13, 0x1A, 0x16, 0x8C, 0x3A, 0x6B, 0xE6, 0xAC, 0x09, 0x84, 0x4E, 0xDF, 0x26,
    0x64, 0x2A, 0x80, 0x8D, 0x9A, 0xD8, 0xA1, 0x2C, 0x93, 0xB2, 0xA0, 0x49, 0xC5, 0xBD, 0xCF, 0xCA,
    0xCB, 0xE0, 0x5A, 0x73, 0x50, 0xE8, 0x33, 0xA8, 0xC7, 0xDB, 0xBF, 0x57, 0xE6, 0x14, 0xBB, 0x12,
    0xDD, 0x8C, 0x25, 0xA3, 0x9C, 0x5B, 0x0E, 0x17, 0x5F, 0xCA, 0x25, 0x97, 0x65, 0x2E, 0x3D, 0xE6,
    0x2A, 0x5C, 0xF0, 0x03, 0xAF, 0xFE, 0x95, 0x7A, 0xB0, 0x79, 0xA6, 0x2F, 0x3A, 0x8F, 0x02, 0x39,
    0xF8, 0x17, 0x85, 0x9F, 0x0A, 0xE3, 0x05, 0x54, 0x1A, 0xB3, 0xCE, 0xA0, 0x01, 0xCC, 0x11, 0x5D,
    0x52, 0x18, 0x33, 0x34, 0x8C, 0xB7, 0xDB, 0x30, 0x53, 0xBF, 0x61, 0x50, 0xFF, 0x91, 0x60, 0xBF,
    0x6A, 0x13, 0xFD, 0x62, 0x9C, 0x8D, 0xD6, 0x6C, 0x24, 0x28, 0xA8, 0x27, 0x85, 0x9C, 0x2F, 0xDE,
    0xF1, 0xEB, 0x3B, 0xEA, 0x07, 0xB4, 0x4A, 0x15, 0x79, 0x3B, 0x92, 0xAE, 0xF8, 0x41, 0x4E, 0xF6,
    0x30, 0x22, 0xEE, 0xCD, 0x71, 0x64, 0x71, 0x8A, 0xFA, 0x1E, 0xAF, 0x75, 0x7E, 0xB1, 0xB1, 0xD2,
    0x3B, 0x09, 0xD5, 0x03, 0x78, 0xA3, 0xFA, 0x41, 0xAA, 0xE8, 0xAF, 0xED, 0x02, 0x9C, 0x5B, 0x8A,
    0xF9, 0xC7, 0xB2, 0xDD, 0xF2, 0xF1, 0x99, 0x42, 0x02, 0xAE, 0xEE, 0xC9, 0xC1, 0x8C, 0xB7, 0x4C,
    0x3A, 0xB9, 0x5E, 0x77, 0x18, 0x5B, 0xC4, 0xCC, 0xD1, 0x0D, 0x96, 0x71, 0x87, 0x5C, 0x75, 0x1B,
    0x9C, 0xCC, 0x11, 0xFE, 0x9B, 0xCC, 0x78, 0x0F, 0x97, 0x0A, 0xB5, 0xF5, 0xF9, 0x3E, 0xAD, 0x8D,
    0xB1, 0x74, 0x47, 0xBD, 0xEE, 0x3C, 0x49, 0x7D, 0xD6, 0x3B, 0xEB, 0xCE, 0xAF, 0x6D, 0x51, 0xC6,
    0x15, 0x1D, 0x93, 0x85, 0x28, 0xB0, 0x72, 0x6A, 0x78, 0x42, 0xE3, 0x1C, 0xA0, 0xD4, 0xF3, 0x58,
    0xC3, 0xC9, 0x41, 0x55, 0xF7, 0x3C, 0xDB, 0x6C, 0x2F, 0x2B, 0x7F, 0xB6, 0xBB, 0x3A, 0x3F, 0x97,
    0xDA, 0x33, 0xD9, 0x7E, 0x52, 0xFB, 0xB4, 0xD8, 0x57, 0x71, 0xD6, 0x1F, 0x82, 0xCE, 0xB0, 0xA4,
    0xA4, 0xCB, 0x35, 0x4B, 0x79, 0x04, 0xF8, 0xCB, 0x80, 0x76, 0xD0, 0xB9, 0x8F, 0xDF, 0xB5, 0x9C,
    0x4D, 0x8C, 0xDD, 0x56, 0x76, 0xE7, 0x2F, 0x49, 0x95, 0xA9, 0x88, 0x8E, 0xA9, 0x85, 0x0A, 0xE8,
    0xF1, 0x47, 0xE8, 0x45, 0x2F, 0x3A, 0x1E, 0x59, 0xD4, 0xC2, 0x0B, 0x65, 0x50, 0x45, 0x32, 0xD6,
    0x64, 0x0C, 0x8C, 0x17, 0xD2, 0x42, 0xD5, 0x02, 0xD2, 0x8B, 0xF2, 0x32, 0xE3, 0x2C, 0xCA, 0xC0,
    0x18, 0x18, 0x2F, 0xAA, 0x8A, 0xB4, 0x15, 0xA0, 0x17, 0x06, 0xA6, 0xB4, 0x88, 0xD7, 0xD2, 0x42,
    0x0D, 0x74, 0x3F, 0x03, 0x91, 0x17, 0x02, 0x22, 0xA4, 0x9F, 0x8A, 0x94, 0x05, 0xC4, 0x0B, 0x2D,
    0xEA, 0x25, 0x82, 0x11, 0x20, 0x0D, 0xA4, 0x68, 0xAB, 0x7B, 0x06, 0x51, 0x07, 0xF3, 0x68, 0x8B,
    0x8E, 0x69, 0x89, 0xEF, 0xDD, 0x39, 0xFF, 0x73, 0x2E, 0x5F, 0xD5, 0x7B, 0x55, 0x25, 0x95, 0x8D,
    0x99, 0xB2, 0x9E, 0x7F, 0xA7, 0x8A, 0x5F, 0x97, 0x97, 0xF7, 0x9E, 0xAF, 0x7B, 0xF8, 0xD4, 0x9C,
    0xF2, 0x9F, 0xF4, 0x9F, 0x3D, 0x0C, 0xC6, 0xF1, 0x28, 0x6D, 0xE3, 0x3A, 0xCC, 0xD4, 0x9C, 0x52,
    0xF4, 0x37, 0xF3, 0x49, 0xE8, 0x33, 0xA0, 0x4F, 0x45, 0x9F, 0x96, 0x3E, 0x23, 0xFA, 0xC4, 0xF4,
    0xA1, 0x8D, 0xBE, 0x97, 0xC8, 0xC7, 0x05, 0x95, 0x7C, 0x9E, 0x53, 0xF6, 0xF0, 0x45, 0x15, 0x8C,
    0x95, 0x8A, 0x69, 0xD7, 0x94, 0x0E, 0x89, 0x6B, 0xA5, 0xE8, 0xAC, 0x93, 0x1F, 0xEB, 0x26, 0x7D,
    0x72, 0xDA, 0x90, 0xEB, 0x56, 0xF9, 0xFA, 0xBB, 0x05, 0xE5, 0x8F, 0xD5, 0x02, 0xAE, 0xB4, 0x80,
    0x4B, 0x7E, 0xEF, 0xFF, 0x79, 0x7D, 0x6B, 0x59, 0xA5, 0x0D, 0x9D, 0x44, 0x37, 0xF1, 0xD8, 0xD2,
    0x15, 0x5D, 0x54, 0x0F, 0xD2, 0x46, 0x6D, 0xAA, 0xB8, 0x54, 0x33, 0x3F, 0x07, 0x5F, 0x7C, 0x95,
    0x4E, 0x15, 0xD2, 0xDF, 0x5E, 0xE0, 0x0D, 0x63, 0xFA, 0x75, 0x9C, 0xD0, 0x86, 0xEC, 0xFF, 0xC1,
    0xC5, 0xDF, 0x52, 0xEA, 0xC6, 0x13, 0xFE, 0x1D, 0x51, 0x37, 0xB4, 0xFA, 0x5B, 0x5D, 0x6C, 0x7A,
    0x45, 0xDF, 0x2D, 0x6E, 0xD0, 0x3F, 0x3F, 0xBB, 0x11, 0xAA, 0x1B, 0xB7, 0x54, 0x5E, 0xA9, 0xF5,
    0x44, 0xBD, 0xAB, 0x14, 0xB5, 0xFA, 0xA6, 0x3D, 0xB8, 0x19, 0x0E, 0x72, 0xCD, 0xFF, 0xEE, 0x0F,
    0x36, 0x9D, 0xC1, 0xCD, 0x99, 0x7F, 0xDE, 0xE0, 0x66, 0xCE, 0x5B, 0x1F, 0x0F, 0xF2, 0x4B, 0x83,
    0x1B, 0xCE, 0x40, 0xD1, 0x3F, 0x9B, 0x1E, 0x9E, 0x4B, 0xBD, 0xEF, 0xC9, 0x27, 0xF1, 0xDE, 0x57,
    0x95, 0x77, 0x85, 0x3E, 0x5A, 0x55, 0xE1, 0x58, 0x7D, 0xAD, 0x6B, 0xA5, 0x75, 0xE6, 0xEA, 0xDF,
    0x67, 0xF1, 0xD8, 0xCB, 0xD2, 0xCA, 0xCB, 0xD6, 0xE9, 0x73, 0x9E, 0x3E, 0xB4, 0xCF, 0x07, 0xB2,
    0x1F, 0x3E, 0xF9, 0x48, 0x3D, 0xD6, 0x03, 0x8B, 0xF6, 0x0D, 0xF4, 0x87, 0x59, 0xDA, 0xC8, 0xBE,
    0xEF, 0xF2, 0x7E, 0x76, 0xA2, 0x68, 0x78, 0xF0, 0x07, 0xF7, 0x6C, 0xF5, 0xE8, 0x7F, 0xCF, 0x5F,
    0xA3, 0xFF, 0x85, 0x74, 0x76, 0x9B, 0x0E, 0x51, 0xD6, 0xE8, 0x4F, 0x36, 0x95, 0xFF, 0xE5, 0x67,
    0x95, 0x72, 0xAB, 0x33, 0x61, 0x11, 0xDB, 0x05, 0x75, 0x72, 0x75, 0xE6, 0x54, 0xA9, 0xED, 0x42,
    0xAB, 0x57, 0x3F, 0x39, 0x73, 0xF2, 0x6F, 0xEF, 0xDA, 0xC5, 0xFF, 0xCE, 0x16, 0x48, 0x8A, 0xDF,
    0xB4, 0x8B, 0xFB, 0xC5, 0x7B, 0x24, 0x05, 0x9E, 0x5D, 0x7C, 0x59, 0x7C, 0x42, 0xD2, 0x73, 0x24,
    0x95, 0xE5, 0x93, 0xA5, 0x77, 0x8D, 0xF4, 0xC5, 0xE0, 0x8C, 0x91, 0xBE, 0x2C, 0x16, 0x8C, 0x74,
    0xBF, 0x38, 0xD9, 0x49, 0x99, 0x6F, 0xA4, 0xA1, 0xF2, 0x2A, 0x91, 0xC6, 0xCA, 0x31, 0x52, 0xAB,
    0x2C, 0x23, 0xD1, 0xA0, 0xAD, 0x59, 0xBA, 0x4D, 0xB7, 0xB5, 0xC0, 0xD2, 0x9D, 0x82, 0xC6, 0x37,
    0x4B, 0x5B, 0x74, 0x6F, 0x6E, 0x03, 0x69, 0x84, 0xFB, 0x65, 0xA9, 0xC6, 0x93, 0x5E, 0x25, 0x89,
    0x3A, 0x9D, 0x7E, 0x02, 0x92, 0x30, 0x79, 0x68, 0xC7, 0x7F, 0x7B, 0xCE, 0x5B, 0x94, 0xC1, 0xD7,
    0x3E, 0xE7, 0xD5, 0x32, 0x24, 0x16, 0x9F, 0xF3, 0x0A, 0x91, 0xFC, 0xFF, 0x19, 0x9A, 0x61, 0x62,
    0xFF, 0x9F, 0x9B, 0xDD, 0x88, 0xC9, 0x27, 0x63, 0x27, 0x48, 0xD4, 0x41, 0x3F, 0x72, 0x21, 0x7A,
    0xAC, 0x95, 0xD9, 0xD5, 0x1C, 0x44, 0xA3, 0x8F, 0xAF, 0x36, 0x1E, 0xCB, 0xE6, 0x26, 0xE6, 0x4B,
    0x85, 0xA5, 0xCF, 0x17, 0xD7, 0x89, 0x8D, 0x0D, 0x1E, 0xA6, 0x27, 0x9D, 0x21, 0x95, 0x99, 0xED,
    0xEA, 0xCF, 0x97, 0x96, 0x2E, 0xEA, 0x41, 0x3C, 0xD2, 0xF4, 0x13, 0xB7, 0xF1, 0x3F, 0x80, 0x6E,
    0xF5, 0x87, 0x72, 0xCE, 0xF3, 0x07, 0x35, 0xC2, 0xD7, 0xFC, 0x53, 0x76, 0x3C, 0xD6, 0xFB, 0x78,
    0xDC, 0xEB, 0xF5, 0x2E, 0xD3, 0x7D, 0x9B, 0x66, 0x91, 0xFA, 0xE0, 0xEB, 0xC6, 0x99, 0x42, 0x6F,
    0x29, 0xA8, 0x06, 0xBA, 0x29, 0x87, 0x26, 0x61, 0x30, 0x90, 0xD6, 0x63, 0xD7, 0xB8, 0x98, 0xFF,
    0x98, 0xA6, 0x9E, 0x25, 0xE7, 0xC1, 0xB0, 0xD1, 0xFA, 0x41, 0x9A, 0x28, 0xFD, 0x80, 0xAE, 0xED,
    0x17, 0x8A, 0xFB, 0xC1, 0x9B, 0x9A, 0xCB, 0xA6, 0x6B, 0xFC, 0xE2, 0x10, 0x74, 0xE4, 0xBC, 0x49,
    0x47, 0xAB, 0xD7, 0xBB, 0xFE, 0xA0, 0xD7, 0x3B, 0xF4, 0xF1, 0x1D, 0x53, 0x39, 0xBE, 0xED, 0xF8,
    0x8A, 0xDC, 0xEF, 0xB5, 0x5D, 0xF7, 0x5B, 0xA8, 0xE3, 0xDC, 0xDF, 0x99, 0x8C, 0x09, 0xD2, 0x96,
    0x2D, 0x88, 0xFE, 0xC6, 0x53, 0xA6, 0xA7, 0x13, 0x16, 0xB2, 0xBB, 0x5F, 0xCA, 0x59, 0x9D, 0x8A,
    0x77, 0xB3, 0x7E, 0x46, 0x3B, 0x8E, 0x7B, 0x74, 0xDA, 0x71, 0xD7, 0x5E, 0x70, 0xFC, 0x8B, 0x24,
    0x2C, 0xAC, 0x7F, 0x4D, 0x76, 0x35, 0xE5, 0x19, 0x7A, 0x8C, 0xF8, 0x19, 0xEC, 0x10, 0xD7, 0xF0,
    0x0E, 0xC1, 0xD9, 0xE3, 0x66, 0x15, 0xE4, 0x12, 0x7E, 0xCE, 0x9B, 0xEB, 0x37, 0x3B, 0xE4, 0xBB,
    0x9B, 0x62, 0x7C, 0x48, 0xAE, 0x1B, 0x8E, 0x84, 0x76, 0xFB, 0x16, 0xD1, 0x4A, 0xFC, 0x4A, 0xB3,
    0x55, 0xC8, 0x8B, 0x1C, 0xE3, 0xE2, 0x05, 0x4D, 0x63, 0xB0, 0x54, 0xCF, 0x68, 0x98, 0x0B, 0x9D,
    0xE4, 0x18, 0xA3, 0x96, 0x2E, 0xE2, 0xCB, 0xFC, 0xDC, 0xF7, 0x99, 0x05, 0xB0, 0x42, 0x0E, 0x86,
    0x7C, 0xB4, 0x47, 0x58, 0xEC, 0x84, 0x85, 0x4E, 0x58, 0x55, 0x3F, 0x21, 0x61, 0x11, 0xC2, 0x2A,
    0x09, 0x6B, 0x2A, 0xA6, 0x41, 0x4E, 0x42, 0x0B, 0x21, 0x38, 0xE7, 0x7C, 0x59, 0xA9, 0xF9, 0xEF,
    0x52, 0x7F, 0xCB, 0xB9, 0x4F, 0x7B, 0x57, 0xA7, 0xDC, 0x6D, 0x67, 0x58, 0x90, 0x2E, 0x88, 0x1C,
    0xED, 0x68, 0x7A, 0x66, 0x55, 0x64, 0x9D, 0x73, 0xBE, 0xA0, 0x07, 0x45, 0xA7, 0xE0, 0x13, 0x3A,
    0xE5, 0x82, 0x11, 0x8A, 0x55, 0x15, 0x38, 0x74, 0x03, 0x6E, 0xD1, 0x57, 0xB9, 0x43, 0xB7, 0xE4,
    0x15, 0x0D, 0x1D, 0x35, 0x2C, 0xE9, 0xE9, 0xD6, 0x81, 0x76, 0xEE, 0xD3, 0x3D, 0x8F, 0x2B, 0xBD,
    0xE2, 0x94, 0xB4, 0x93, 0xAE, 0xDA, 0xD0, 0x29, 0x63, 0x4C, 0xC6, 0xAB, 0xB1, 0x53, 0x3E, 0x4B,
    0x77, 0x56, 0xAB, 0x88, 0x5B, 0x48, 0x96, 0xB5, 0xCF, 0x42, 0x98, 0xAB, 0xD6, 0x29, 0x8F, 0x28,
    0xB5, 0x1E, 0x7E, 0x50, 0x3B, 0x25, 0x19, 0x9A, 0xD6, 0x73, 0x2B, 0x12, 0x12, 0xA7, 0xB6, 0xC2,
    0x02, 0x7F, 0xA1, 0x79, 0x93, 0xD3, 0x6F, 0x21, 0x4D, 0x24, 0xBA, 0xB4, 0x4D, 0xC3, 0xE5, 0x25,
    0x56, 0xBF, 0xBA, 0xDD, 0x77, 0x8E, 0xC6, 0x86, 0x61, 0x37, 0x61, 0xD0, 0xEF, 0xB9, 0x0C, 0xB0,
    0xA2, 0xE3, 0x2D, 0x7E, 0xF0, 0xCB, 0x74, 0x17, 0x32, 0x88, 0x67, 0x29, 0x23, 0x3F, 0x53, 0x13,
    0xAE, 0x99, 0x33, 0x1D, 0xC4, 0xD9, 0xFD, 0xD7, 0x71, 0x7E, 0x25, 0xDB, 0xD5, 0x2E, 0xAE, 0xCB,
    0x80, 0x93, 0xFD, 0xAA, 0x1D, 0x62, 0xBB, 0xF3, 0x04, 0xCE, 0xEE, 0x8F, 0xF3, 0x5C, 0xEC, 0xB6,
    0xB3, 0x2A, 0xB4, 0x3A, 0x1D, 0x9A, 0x4D, 0x4F, 0x64, 0x4C, 0x03, 0x3C, 0x77, 0x3E, 0x70, 0x42,
    0xBE, 0xFF, 0x8B, 0x95, 0x74, 0x96, 0xBD, 0x43, 0x3E, 0xFF, 0xB8, 0x92, 0xEB, 0xB4, 0xAC, 0xF9,
    0x45, 0x1D, 0xFA, 0x03, 0x4B, 0x26, 0x78, 0xC2, 0x8A, 0xCD, 0x1A, 0xB1, 0x8E, 0x23, 0x85, 0x66,
    0xBD, 0x0D, 0xFD, 0x1D, 0xCB, 0xC4, 0x01, 0x1F, 0xFD, 0x35, 0x6D, 0x8B, 0xFE, 0x9A, 0x54, 0xFE,
    0xC2, 0xC1, 0x0A, 0x86, 0x9B, 0x31, 0xDE, 0x21, 0x3D, 0x8C, 0xCF, 0x97, 0x2E, 0x3C, 0x55, 0x21,
    0x99, 0xF6, 0x37, 0x1D, 0xE7, 0x97, 0xCC, 0x0C, 0xF6, 0x33, 0xBF, 0x80, 0x89, 0x38, 0x80, 0xB3,
    0x8A, 0x6C, 0x7E, 0xF9, 0xF3, 0xE5, 0xCF, 0x2F, 0xFE, 0x6E, 0xEF, 0x71, 0xC7, 0xB2, 0x67, 0x12,
    0x67, 0x47, 0x51, 0x84, 0xA6, 0xBF, 0x26, 0x4C, 0xD0, 0x0E, 0xA7, 0x0A, 0xD5, 0x01, 0x94, 0x86,
    0x55, 0xD2, 0x50, 0xF8, 0x83, 0xB8, 0x2F, 0x10, 0xDB, 0x0F, 0xCB, 0x46, 0xA8, 0x0D, 0xC5, 0x3E,
    0x1E, 0xD4, 0x2F, 0xDD, 0xCF, 0x4F, 0xC4, 0x78, 0xBE, 0x30, 0x0A, 0x5E, 0xA7, 0xF6, 0xAF, 0xE8,
    0x71, 0xF0, 0x46, 0x8D, 0xF6, 0x5F, 0xF6, 0xFF, 0x74, 0xA4, 0xC2, 0x71, 0x43, 0x6E, 0x5F, 0xAA,
    0xFE, 0x80, 0xCE, 0xED, 0x67, 0x41, 0xA1, 0x98, 0x5E, 0x29, 0x74, 0x32, 0xA1, 0x28, 0x3B, 0x9C,
    0x78, 0x4F, 0x3F, 0xFF, 0x74, 0xB4, 0xB4, 0xFC, 0x3B, 0x3C, 0xA0, 0x46, 0x89, 0x2D, 0x6F, 0x94,
    0x3B, 0x80, 0xC9, 0xA7, 0x09, 0x5F, 0x62, 0xC8, 0x35, 0xD6, 0x59, 0x4C, 0x75, 0xF5, 0x48, 0x5F,
    0xAA, 0x6E, 0x91, 0xCE, 0xD6, 0xFA, 0xD2, 0x57, 0xAD, 0xFA, 0x8F, 0x5A, 0xFF, 0xD6, 0x7E, 0x5C,
    0xD1, 0xFC, 0xA3, 0x7B, 0xD1, 0x05, 0xB9, 0x89, 0x60, 0x42, 0x36, 0x83, 0x94, 0xE2, 0x18, 0xA6,
    0x83, 0xCE, 0x37, 0x56, 0x67, 0xC0, 0x50, 0x63, 0xC0, 0x34, 0x4A, 0xAF, 0x24, 0xAB, 0x44, 0xAF,
    0xF5, 0x0B, 0x30, 0x2D, 0xBD, 0xAA, 0x6F, 0xF7, 0x1A, 0x9A, 0xFD, 0x9A, 0x74, 0x4D, 0x75, 0x14,
    0x8A, 0xC5, 0x61, 0x65, 0x1E, 0x4A, 0x17, 0x24, 0xA2, 0x0D, 0xDD, 0x81, 0xB0, 0xD3, 0x8E, 0xAC,
    0xBC, 0x23, 0x8C, 0x6A, 0xA1, 0xD5, 0x08, 0x15, 0x29, 0xD9, 0xF9, 0xF5, 0x0B, 0xB8, 0xAF, 0x3A,
    0xD6, 0x6D, 0x47, 0x19, 0x47, 0x91, 0xE9, 0xCD, 0x08, 0x06, 0xF7, 0x8F, 0x41, 0xB7, 0x80, 0x4A,
    0x89, 0xE0, 0x80, 0x44, 0xCC, 0x12, 0x3A, 0x3E, 0xC2, 0xE9, 0x69, 0xF2, 0x45, 0x7D, 0x3A, 0x7D,
    0x1F, 0xBE, 0xBF, 0x55, 0xD1, 0xF3, 0x0B, 0xE9, 0x3E, 0x6B, 0xBA, 0x87, 0x74, 0x8C, 0x3B, 0x69,
    0x54, 0x04, 0x73, 0x80, 0x89, 0x43, 0x87, 0xB6, 0x68, 0x08, 0xB1, 0xEF, 0x74, 0x2C, 0x99, 0xAB,
    0x18, 0x6F, 0xC4, 0x35, 0xBA, 0x12, 0x78, 0xDC, 0x13, 0xF2, 0x03, 0x89, 0x5C, 0x1E, 0x48, 0x73,
    0xEB, 0xC2, 0x60, 0xC4, 0x26, 0xEB, 0x82, 0x5F, 0x3F, 0xC9, 0x4F, 0x62, 0xC5, 0x88, 0xAB, 0xB4,
    0x32, 0xAB, 0xE5, 0xD6, 0xD1, 0x22, 0xBB, 0x52, 0xBB, 0x2C, 0xDB, 0xDC, 0xD2, 0x2F, 0x96, 0x58,
    0xC0, 0xF0, 0x7E, 0x03, 0x06, 0x18, 0xC2, 0x9B, 0x10, 0x14, 0x46, 0xF4, 0xE7, 0x17, 0xBF, 0x61,
    0x21, 0xE0, 0xA9, 0x11, 0xC2, 0x6D, 0x41, 0xDB, 0x42, 0xF8, 0x52, 0x2C, 0x50, 0xEF, 0x95, 0x3E,
    0x0B, 0xE3, 0x47, 0x15, 0x9A, 0x1B, 0x2E, 0xE9, 0xAF, 0x2A, 0x0C, 0xC4, 0x58, 0x8D, 0xCA, 0x26,
    0x64, 0x75, 0xDC, 0x26, 0x6D, 0x2C, 0x82, 0xEA, 0xAF, 0xB1, 0x40, 0xFD, 0xD2, 0x72, 0x1F, 0x37,
    0x2A, 0x6E, 0xD8, 0x82, 0x35, 0x2A, 0xA8, 0x58, 0x4B, 0x36, 0x1C, 0x7C, 0x51, 0x8F, 0x36, 0xEC,
    0x2F, 0xD0, 0x31, 0x34, 0x30, 0x2A, 0x25, 0xBD, 0x89, 0x00, 0x8B, 0xDC, 0x8C, 0xDA, 0x6A, 0x35,
    0xEE, 0xCF, 0xAA, 0xBD, 0x8A, 0x74, 0x90, 0x37, 0x20, 0xBD, 0x35, 0xA0, 0xE3, 0x83, 0xDB, 0x17,
    0xBF, 0xD2, 0x89, 0x3B, 0x52, 0xB1, 0xAD, 0xBF, 0x85, 0x73, 0xA5, 0x5E, 0xB2, 0xF4, 0x1D, 0x3A,
    0xCB, 0xAB, 0xBB, 0x3B, 0xA8, 0x33, 0xAE, 0x4E, 0xB9, 0x57, 0x40, 0x27, 0x8F, 0xA6, 0x04, 0x6B,
    0x29, 0xFD, 0xE8, 0x82, 0xEC, 0x13, 0x76, 0x3B, 0x43, 0x08, 0x68, 0xD0, 0x4C, 0x0B, 0xC7, 0x3E,
    0x7E, 0x74, 0x55, 0xF6, 0xF1, 0xBA, 0x9D, 0xFD, 0x3D, 0x42, 0x58, 0x1B, 0x21, 0x6E, 0x59, 0xA5,
    0x60, 0xA6, 0x19, 0xE1, 0xD7, 0xC3, 0x7F, 0xEE, 0xE5, 0xF0, 0xD1, 0x1E, 0xDE, 0xAF, 0x78, 0x1F,
    0xFB, 0xE1, 0x97, 0x72, 0x66, 0xE7, 0x5E, 0x29, 0x7F, 0xF1, 0xEF, 0x74, 0x57, 0x3F, 0x6B, 0x84,
    0xB8, 0x6B, 0xCF, 0xC9, 0x4E, 0x38, 0xBA, 0xA7, 0xA9, 0xDF, 0x4F, 0xD8, 0x67, 0x44, 0xED, 0xD3,
    0x51, 0xB6, 0x68, 0xFB, 0x5D, 0x82, 0x12, 0xBF, 0x70, 0xCF, 0xCE, 0x01, 0x9B, 0xAB, 0xDD, 0x02,
    0x75, 0x54, 0x0F, 0x3F, 0xE8, 0xA8, 0x40, 0xEE, 0xDD, 0x9F, 0x08, 0x95, 0x92, 0x38, 0x22, 0xA8,
    0x4D, 0x73, 0x28, 0xB0, 0x36, 0x82, 0x36, 0x93, 0xF3, 0xD7, 0xC3, 0x42, 0x22, 0x0C, 0xEA, 0x28,
    0xB6, 0xD7, 0xE8, 0x28, 0x71, 0xDB, 0xA8, 0xA3, 0x58, 0xF0, 0xA8, 0xA3, 0x68, 0x9A, 0x34, 0xD2,
    0x51, 0x8A, 0x26, 0x20, 0x77, 0x14, 0x84, 0x57, 0x59, 0xA0, 0x79, 0x70, 0xB4, 0x13, 0xA4, 0xA9,
    0xCE, 0x44, 0x28, 0x8D, 0xE0, 0x1A, 0xE1, 0x02, 0xD4, 0x25, 0x84, 0x1C, 0x86, 0x1D, 0x42, 0x3C,
    0xDE, 0xAF, 0x9F, 0x82, 0x3D, 0xEC, 0x71, 0x6C, 0x10, 0x28, 0x31, 0x09, 0x3B, 0x64, 0x25, 0x35,
    0xBF, 0xB2, 0x14, 0x62, 0xBA, 0x92, 0x49, 0x5A, 0x76, 0x0B, 0xB7, 0x20, 0x9E, 0x73, 0x30, 0xAD,
    0x48, 0xE5, 0x7F, 0x50, 0xD1, 0xAC, 0x8A, 0x13, 0xBF, 0x68, 0x68, 0x52, 0xA5, 0x34, 0xE9, 0x56,
    0x69, 0xD7, 0xBC, 0x72, 0x06, 0x11, 0xCD, 0x24, 0xD2, 0x82, 0xE5, 0x09, 0xD2, 0x4F, 0x7A, 0x91,
    0x55, 0x8F, 0x3D, 0x0C, 0x69, 0x6A, 0xB4, 0xCA, 0xD9, 0xF6, 0x8B, 0x96, 0x66, 0x87, 0x77, 0xC5,
    0x2D, 0xD6, 0xE8, 0x6E, 0xFC, 0x65, 0x27, 0x89, 0xC9, 0xF8, 0x87, 0xD4, 0x9E, 0xE0, 0x4A, 0xA1,
    0xA2, 0x00, 0xF1, 0x0B, 0xCD, 0x28, 0xA2, 0x4B, 0x37, 0x70, 0x33, 0x90, 0xB0, 0xE4, 0x34, 0xD1,
    0x1B, 0x4B, 0xBB, 0x43, 0xDC, 0x21, 0x51, 0x2F, 0x97, 0xA0, 0xDB, 0xBA, 0x88, 0x5B, 0x28, 0x6A,
    0xB2, 0x48, 0x67, 0x07, 0x2E, 0x6D, 0x8D, 0x6B, 0x72, 0x00, 0x1B, 0xC4, 0x59, 0x2A, 0xB0, 0x60,
    0x30, 0x3E, 0xE1, 0x0C, 0xCA, 0x94, 0x53, 0x8D, 0xC7, 0x7C, 0xCC, 0x30, 0x2C, 0x84, 0xB9, 0xFC,
    0x8E, 0x0B, 0x82, 0x98, 0xE4, 0x60, 0x5E, 0x30, 0x9D, 0x31, 0x8F, 0x8F, 0x11, 0x66, 0x3A, 0x71,
    0x8C, 0x66, 0xD0, 0x30, 0xF9, 0xE5, 0x02, 0x22, 0x7A, 0xD6, 0x50, 0x14, 0x40, 0x78, 0xD0, 0x19,
    0xE4, 0x0C, 0xE2, 0x26, 0x14, 0xC5, 0x4A, 0x3E, 0xD9, 0x13, 0x84, 0xA4, 0xE1, 0x63, 0xF2, 0x3E,
    0xA1, 0x62, 0xBF, 0x26, 0x0D, 0x41, 0xE7, 0xBB, 0x55, 0xB5, 0x70, 0x63, 0xD5, 0x37, 0xD5, 0x19,
    0x64, 0x63, 0xEC, 0xAF, 0xAA, 0xE3, 0x79, 0xA6, 0x8E, 0x3B, 0x5F, 0x54, 0xEA, 0x24, 0x6D, 0xF5,
    0x11, 0xE3, 0x52, 0x74, 0x1A, 0xBE, 0x0F, 0x3A, 0x75, 0xCC, 0xED, 0x0B, 0xCA, 0x97, 0x98, 0x69,
    0x76, 0x14, 0x44, 0xD0, 0x08, 0xD2, 0x30, 0xDC, 0xDD, 0x4E, 0xEE, 0x27, 0x8B, 0x7A, 0x83, 0x4F,
    0x51, 0xB9, 0x3A, 0x61, 0xDA, 0xE5, 0xC1, 0xE3, 0x81, 0xFA, 0x0D, 0x8A, 0xDC, 0xAE, 0x98, 0x27,
    0x0C, 0xFB, 0x7B, 0x49, 0xE3, 0x81, 0x49, 0xE3, 0x60, 0x8A, 0x18, 0x0F, 0x53, 0x4C, 0x33, 0x61,
    0x5E, 0x08, 0x75, 0xE5, 0x27, 0x44, 0x4B, 0x37, 0x4C, 0x47, 0x2F, 0x08, 0x87, 0x31, 0xD3, 0xBB,
    0xF2, 0x2C, 0xD3, 0x5F, 0x56, 0xBE, 0x22, 0xD2, 0x78, 0x08, 0x40, 0x1A, 0x0F, 0x21, 0xD8, 0x1A,
    0xDE, 0xC4, 0xB8, 0x24, 0xD2, 0x78, 0x58, 0x54, 0xD2, 0xAE, 0xBE, 0x61, 0x2B, 0xA4, 0xD9, 0xF3,
    0x1E, 0x88, 0x07, 0x02, 0x42, 0xCF, 0x31, 0x0B, 0x21, 0x3F, 0xFC, 0xBD, 0x5D, 0x11, 0x4E, 0xF8,
    0x3C, 0x87, 0xCA, 0x21, 0xBC, 0x8B, 0x6A, 0x8A, 0x3C, 0x0D, 0x67, 0x98, 0xEA, 0xF1, 0x14, 0xE7,
    0xD3, 0x0B, 0xB2, 0x3D, 0x56, 0xF1, 0x11, 0x30, 0x57, 0x31, 0x9A, 0xA5, 0x74, 0x16, 0xC7, 0xCC,
    0x22, 0x0E, 0x3F, 0x20, 0x5B, 0xA7, 0xAB, 0xC8, 0xFF, 0x94, 0xC6, 0x94, 0x6E, 0x22, 0xE7, 0x6B,
    0xE2, 0x70, 0x81, 0xE9, 0x5D, 0x7F, 0x35, 0x52, 0x8F, 0x68, 0x5E, 0x84, 0x47, 0x17, 0x15, 0x45,
    0x40, 0x41, 0x48, 0xE6, 0x86, 0x8E, 0x8B, 0x42, 0x0A, 0x93, 0x30, 0x93, 0x42, 0x4C, 0xA6, 0x4A,
    0x91, 0xD5, 0x6A, 0x89, 0x67, 0xDE, 0x09, 0xD9, 0x5E, 0x2E, 0xAA, 0x90, 0x26, 0x15, 0x93, 0xEE,
    0x9B, 0x49, 0x8A, 0x81, 0x49, 0x73, 0xD4, 0xAE, 0x16, 0x54, 0x18, 0x66, 0x74, 0x51, 0xB2, 0xFD,
    0xB0, 0x72, 0x30, 0x06, 0xCF, 0xC2, 0xB4, 0x26, 0x87, 0x53, 0xA4, 0x13, 0xE1, 0x15, 0x51, 0x89,
    0x4E, 0x99, 0x8A, 0x26, 0xDC, 0x25, 0xD0, 0x73, 0x69, 0x45, 0x7F, 0x4E, 0x0B, 0x73, 0x3F, 0xFB,
    0xE6, 0x7C, 0x24, 0xA1, 0xAE, 0xD9, 0x07, 0x86, 0x66, 0x46, 0x20, 0x8B, 0xB3, 0xC8, 0x02, 0x29,
    0x52, 0x11, 0x52, 0x9D, 0x88, 0xF0, 0x78, 0x38, 0x58, 0x63, 0xE1, 0xE1, 0xFD, 0xBA, 0x0F, 0xC1,
    0x7E, 0x58, 0x56, 0x2C, 0x90, 0x22, 0x7D, 0xAB, 0x85, 0x00, 0x8B, 0xD3, 0xF0, 0x45, 0x2F, 0x95,
    0xF4, 0xF8, 0x5B, 0xB6, 0x38, 0xD4, 0x49, 0xED, 0x11, 0x28, 0x52, 0xEA, 0x90, 0xD6, 0xCB, 0x48,
    0x91, 0x92, 0x9A, 0x69, 0x69, 0x14, 0x38, 0x70, 0x06, 0x5A, 0x1A, 0xED, 0x14, 0xF5, 0x65, 0x46,
    0xA0, 0x89, 0xDF, 0x92, 0x4A, 0x77, 0xBE, 0xE0, 0x34, 0x24, 0x9D, 0x9A, 0x8C, 0x1A, 0x2B, 0x50,
    0xA7, 0xBC, 0x4A, 0x6E, 0xE2, 0xB5, 0x43, 0x29, 0xD2, 0x39, 0x0E, 0xA6, 0x02, 0xCE, 0xBF, 0x0C,
    0x76, 0x91, 0xE3, 0x11, 0x9A, 0x38, 0xC4, 0x4D, 0xF8, 0xF8, 0x74, 0x0B, 0xAD, 0x10, 0x63, 0x33,
    0x56, 0x92, 0x8B, 0x8D, 0x79, 0x33, 0xE6, 0x36, 0x1C, 0x0B, 0x99, 0xCC, 0x20, 0x06, 0x5F, 0x1F,
    0x71, 0x77, 0xFD, 0x76, 0x6F, 0xDC, 0xBB, 0xE6, 0x0C, 0x57, 0x11, 0x1E, 0xB6, 0xCE, 0x30, 0x62,
    0x7A, 0x57, 0x5E, 0xE2, 0xED, 0x7E, 0x70, 0x84, 0x09, 0x45, 0x0A, 0xAE, 0x19, 0xB6, 0x86, 0x37,
    0x0C, 0x5F, 0x36, 0x54, 0x87, 0x20, 0x87, 0x56, 0x01, 0x0F, 0x17, 0xE6, 0xDB, 0xD3, 0xC3, 0x65,
    0x5F, 0x5F, 0x7F, 0x9E, 0x63, 0xA4, 0xA5, 0xF3, 0xB3, 0xBE, 0x39, 0x29, 0x47, 0xAD, 0xC5, 0x68,
    0x6E, 0x6D, 0xF1, 0x80, 0xCA, 0xFD, 0x3B, 0x38, 0xBF, 0x43, 0x1E, 0x74, 0x9E, 0x71, 0x2E, 0xAC,
    0x08, 0x90, 0x9B, 0x24, 0x83, 0x42, 0x31, 0x7B, 0xCA, 0x2E, 0x7E, 0xDA, 0x52, 0x77, 0xD0, 0x28,
    0x75, 0xEB, 0x1F, 0x79, 0x3C, 0xD0, 0xCE, 0x2B, 0xCF, 0xC4, 0xAE, 0xE4, 0x62, 0x5E, 0x1C, 0x99,
    0x39, 0x2B, 0x26, 0xDB, 0x96, 0xF3, 0xAB, 0xCE, 0xED, 0x3C, 0x28, 0x16, 0xE3, 0xF6, 0x3D, 0x3D,
    0xB9, 0x34, 0xBF, 0x5C, 0x18, 0x93, 0x2E, 0xB1, 0x6A, 0x38, 0x6B, 0x4F, 0x0F, 0x95, 0x9C, 0xDA,
    0x7B, 0xFD, 0x8B, 0x5A, 0xF3, 0xF5, 0x5D, 0x3D, 0xE4, 0xF6, 0xFA, 0x5B, 0x5B, 0x1C, 0xCA, 0xC5,
    0xFE, 0x9D, 0x9A, 0x63, 0x56, 0xBF, 0xE0, 0x64, 0x60, 0xED, 0x17, 0xC8, 0x12, 0xC6, 0x03, 0xBF,
    0xF0, 0x1B, 0xF8, 0x89, 0x7E, 0x41, 0x77, 0x18, 0x48, 0xBF, 0xD4, 0xF9, 0x00, 0xF4, 0x1A, 0xB2,
    0xD2, 0xD0, 0x6C, 0x9F, 0xF0, 0xE8, 0xC3, 0x69, 0x43, 0x13, 0x7B, 0x4F, 0x68, 0xDC, 0x86, 0x43,
    0xD3, 0xC4, 0xEC, 0x07, 0x9D, 0x67, 0xD6, 0x90, 0xB2, 0xB3, 0x2E, 0xB6, 0xE3, 0xFB, 0x90, 0x26,
    0x07, 0x07, 0x35, 0x1D, 0xC9, 0x90, 0x5E, 0xEB, 0xF5, 0xF2, 0x07, 0x64, 0xEB, 0x30, 0x36, 0x32,
    0x31, 0xA4, 0xD4, 0xF5, 0x30, 0xA4, 0x0E, 0xB3, 0x50, 0xB0, 0xED, 0xE1, 0xB7, 0xA4, 0x1D, 0xB7,
    0x32, 0x36, 0xA4, 0xE1, 0xB9, 0x4C, 0x6D, 0x56, 0x23, 0x95, 0xD2, 0x79, 0xFF, 0x9D, 0x94, 0x1C,
    0x4D, 0x66, 0xFB, 0xEB, 0xEA, 0x84, 0x53, 0x53, 0xB4, 0x48, 0xCA, 0xD3, 0x2F, 0xE9, 0x3A, 0xA4,
    0x64, 0x43, 0xB2, 0x41, 0x50, 0xBA, 0xD4, 0x85, 0x19, 0x29, 0x61, 0x32, 0xEF, 0x7E, 0xF6, 0x2A,
    0xD9, 0x9A, 0x9A, 0x78, 0x94, 0x7E, 0x2F, 0xA4, 0x5D, 0xD6, 0x81, 0xED, 0xED, 0xE5, 0xC2, 0x5C,
    0xCB, 0xFD, 0xC6, 0xCD, 0xAC, 0x27, 0x81, 0xB0, 0xE2, 0x07, 0x09, 0x81, 0xB9, 0xFF, 0x1D, 0x01,
    0x2E, 0xC5, 0xDB, 0xBD, 0xEB, 0x0F, 0x4C, 0x6C, 0xE8, 0x67, 0x26, 0x9D, 0x0C, 0xC1, 0x9F, 0x08,
    0x2D, 0xC5, 0x0B, 0x1C, 0xCB, 0x68, 0x36, 0xB9, 0xE4, 0x58, 0xE8, 0x22, 0xC8, 0x20, 0xDC, 0xFA,
    0x96, 0xFC, 0x32, 0x08, 0xDF, 0x7C, 0xDD, 0x38, 0x88, 0x77, 0xC8, 0xB7, 0x20, 0x97, 0x0B, 0x7A,
    0xEE, 0x8B, 0xEA, 0x35, 0x56, 0x78, 0xEC, 0x5D, 0x40, 0x60, 0xF7, 0xE2, 0x3D, 0x12, 0xE2, 0xAE,
    0x3D, 0x2F, 0x75, 0xC2, 0x91, 0xC3, 0xDE, 0x05, 0x3A, 0x87, 0x85, 0x54, 0x9B, 0xDE, 0x88, 0x77,
    0xE7, 0xBC, 0xFC, 0x6C, 0x96, 0x73, 0x5D, 0x2E, 0x84, 0x07, 0xD6, 0x0E, 0x29, 0x7C, 0x22, 0x07,
    0x63, 0xF9, 0xA3, 0x04, 0xA4, 0xF9, 0x52, 0xA8, 0x7A, 0x87, 0xA4, 0x23, 0xAD, 0xAF, 0xC0, 0x38,
    0xB3, 0xBF, 0xA8, 0x90, 0xCA, 0x1C, 0x38, 0xFF, 0x08, 0xA6, 0x95, 0x30, 0x6F, 0x9D, 0x4F, 0x41,
    0xBD, 0xE9, 0xDC, 0xA9, 0x28, 0x24, 0xD2, 0xD7, 0xDF, 0xBC, 0x54, 0x92, 0xF6, 0x1F, 0x6E, 0x6C,
    0x9D, 0x1D, 0x50, 0xAC, 0xB4, 0xF5, 0xF3, 0x2D, 0x97, 0xE8, 0x6F, 0x5C, 0x3A, 0xE5, 0x51, 0xA4,
    0x18, 0x9C, 0xCB, 0x5E, 0xF4, 0x0B, 0x77, 0x10, 0xA3, 0x3B, 0x32, 0xB7, 0xB8, 0x85, 0xDE, 0xA0,
    0xA9, 0x84, 0x5E, 0x89, 0x89, 0xA7, 0x89, 0xB7, 0x30, 0xC5, 0xFC, 0xCC, 0x6A, 0x85, 0x0E, 0x37,
    0x92, 0xDA, 0x5B, 0x62, 0x09, 0x80, 0x86, 0x12, 0xC7, 0xDC, 0xFE, 0xFB, 0x5A, 0xF5, 0x10, 0x14,
    0x5C, 0x6A, 0x15, 0xA2, 0x31, 0x3F, 0x2B, 0x55, 0xBE, 0x4F, 0xE0, 0x4B, 0x87, 0x2E, 0x1A, 0xF6,
    0x0D, 0x5B, 0xC3, 0x46, 0x28, 0xB9, 0x69, 0xBA, 0x0E, 0x45, 0x1E, 0x57, 0xE7, 0x97, 0x3F, 0x3F,
    0x8B, 0x7E, 0x21, 0x25, 0xBF, 0xD5, 0xB1, 0x60, 0x07, 0x26, 0x8B, 0x79, 0x10, 0x86, 0xC5, 0x26,
    0x33, 0x2E, 0x5B, 0x1E, 0x29, 0x71, 0x7D, 0x93, 0x99, 0xB7, 0xC7, 0x3F, 0x01, 0x75, 0x4E, 0xED,
    0xA6, 0xF0, 0x53, 0x5F, 0x4F, 0x72, 0x22, 0xF5, 0x43, 0x11, 0x16, 0xC4, 0xAD, 0x9F, 0x67, 0x1E,
    0x52, 0x97, 0x5B, 0x1F, 0x90, 0x19, 0x22, 0xD2, 0x14, 0x52, 0x23, 0x32, 0x85, 0xE8, 0xFF, 0x45,
    0xA7, 0x44, 0x3F, 0xA8, 0x13, 0xEE, 0xA0, 0xCF, 0xCF, 0xCB, 0x1D, 0xBC, 0xC6, 0xF4, 0x0A, 0x35,
    0x45, 0x7F, 0x86, 0x41, 0xC6, 0x53, 0xA5, 0x97, 0xA3, 0x5F, 0x68, 0xBA, 0x8E, 0x65, 0xEA, 0xE8,
    0xE6, 0x00, 0xBB, 0x79, 0x54, 0x48, 0x4A, 0x8D, 0x99, 0xC3, 0x71, 0x57, 0x56, 0x0E, 0x43, 0x43,
    0x8E, 0xBC, 0xFE, 0x4E, 0x09, 0x49, 0x2F, 0x92, 0xDD, 0xFC, 0x31, 0xE2, 0x7A, 0xD8, 0xCB, 0xDD,
    0x44, 0xD7, 0x4F, 0x91, 0x0C, 0x05, 0x93, 0xEC, 0x26, 0xF1, 0x3C, 0xEC, 0xA6, 0xF3, 0xBF, 0xF2,
    0x86, 0x1C, 0x4E, 0x6B, 0x85, 0xF4, 0xAE, 0xAD, 0x17, 0xA8, 0x1B, 0x1F, 0x25, 0x64, 0x37, 0xB5,
    0x26, 0xFB, 0x43, 0x0E, 0xE7, 0xAF, 0x38, 0xA5, 0xB6, 0x2C, 0xC7, 0xC3, 0x6E, 0x72, 0x8A, 0xC3,
    0xB0, 0x35, 0xBC, 0x69, 0x78, 0x5A, 0x78, 0x5E, 0x09, 0xFB, 0xFB, 0x12, 0x6E, 0x08, 0xF8, 0xA8,
    0x27, 0x94, 0x40, 0x0A, 0xF9, 0xC3, 0x62, 0x8F, 0xDE, 0x44, 0xFE, 0xA1, 0x3E, 0x3C, 0xE7, 0x57,
    0x3E, 0x62, 0xA6, 0x30, 0x7E, 0xBB, 0xC8, 0x19, 0xE4, 0x9A, 0x5D, 0x0C, 0xF6, 0x07, 0x54, 0x5C,
    0x08, 0xD3, 0x0A, 0xE9, 0xB0, 0x0B, 0x30, 0xE2, 0x16, 0xAB, 0xD2, 0x4D, 0xA6, 0xAD, 0x57, 0x12,
    0xC4, 0x23, 0xCE, 0xF0, 0x5C, 0x81, 0xF8, 0xC1, 0xDD, 0x7E, 0x23, 0x43, 0x20, 0xE2, 0x5F, 0x39,
    0xAB, 0x98, 0xCB, 0x64, 0x6D, 0xB7, 0x69, 0x0E, 0x60, 0x88, 0xD3, 0x88, 0x5B, 0x03, 0x3F, 0x2B,
    0x54, 0x9F, 0x18, 0x52, 0x9C, 0xFA, 0x1A, 0x91, 0x1D, 0xD9, 0x00, 0x29, 0x56, 0xF8, 0x5C, 0x09,
    0x79, 0x33, 0x9B, 0x20, 0x69, 0xA9, 0x98, 0x9E, 0x63, 0x42, 0xD1, 0x14, 0x05, 0x40, 0x41, 0x42,
    0x0F, 0x15, 0x01, 0xD8, 0xD9, 0x96, 0x1D, 0x9E, 0x20, 0x81, 0xD2, 0x78, 0xF7, 0x80, 0x35, 0xB3,
    0xFA, 0xE9, 0x82, 0xB5, 0x5B, 0x98, 0xFB, 0xD9, 0xEF, 0xFE, 0x6C, 0xE9, 0xA7, 0xDF, 0x5D, 0x80,
    0xDA, 0xFC, 0x3D, 0x27, 0x67, 0x27, 0x02, 0x2F, 0x8E, 0x8B, 0x86, 0x2A, 0x8D, 0x79, 0x22, 0xBF,
    0xE2, 0x3C, 0x0B, 0x61, 0x6B, 0x57, 0xAC, 0x55, 0x63, 0x6D, 0x89, 0x90, 0x6E, 0x67, 0x0D, 0x3B,
    0xB8, 0x8F, 0xFF, 0xA9, 0xE8, 0xF3, 0xF5, 0x1E, 0xDE, 0xAB, 0x38, 0xC9, 0x65, 0xDF, 0x1F, 0x54,
    0x31, 0x6C, 0xAB, 0x73, 0x67, 0x70, 0x39, 0xC0, 0x34, 0xF1, 0xEF, 0x90, 0xD1, 0xDD, 0x4E, 0x90,
    0xD9, 0x18, 0x90, 0x2D, 0xE2, 0xCC, 0xC6, 0x80, 0xC3, 0x42, 0x9A, 0x39, 0x26, 0xA3, 0xF5, 0x2C,
    0x16, 0x78, 0xB5, 0xB9, 0x2F, 0x57, 0x17, 0x22, 0x04, 0xDB, 0x95, 0x08, 0xE9, 0xD9, 0x11, 0x0B,
    0xD4, 0xF5, 0xD8, 0xE6, 0x0C, 0xC8, 0xF3, 0x0D, 0x47, 0x1C, 0x61, 0x17, 0x7C, 0x26, 0x67, 0xF0,
    0x2A, 0xAF, 0x8D, 0x4C, 0xC5, 0xAA, 0x33, 0x31, 0xCA, 0x54, 0xF2, 0xDC, 0x38, 0x16, 0x75, 0xC7,
    0xF9, 0x74, 0x69, 0x36, 0x49, 0xF8, 0x64, 0xCA, 0x81, 0xC9, 0x84, 0x92, 0xAD, 0x56, 0x32, 0xDB,
    0xBF, 0x8F, 0x83, 0x87, 0x45, 0x0F, 0x3E, 0x4C, 0x0F, 0xB9, 0x81, 0xA1, 0x71, 0xF4, 0xB4, 0x38,
    0x7A, 0x6E, 0x23, 0x8E, 0x5E, 0x4C, 0x8E, 0x5E, 0x68, 0x1C, 0x3D, 0x8A, 0x4D, 0x57, 0xD8, 0xA1,
    0xC9, 0x9B, 0xD4, 0x38, 0x34, 0xAF, 0xCA, 0x75, 0x3E, 0x99, 0x4D, 0x1E, 0x9B, 0x55, 0xC8, 0x6C,
    0x42, 0xA3, 0x2D, 0xF9, 0x49, 0x3F, 0x89, 0xB3, 0xC7, 0xD1, 0xDF, 0x4F, 0x18, 0x43, 0x15, 0xED,
    0xA2, 0x3D, 0xCB, 0x87, 0x72, 0x5F, 0x13, 0x52, 0x5C, 0x05, 0x85, 0xE4, 0x20, 0x68, 0x2B, 0x99,
    0x1E, 0xF4, 0x15, 0x0D, 0x9E, 0x60, 0xB3, 0x65, 0xC6, 0x48, 0x7C, 0xB8, 0x14, 0x65, 0x44, 0x01,
    0xDD, 0x49, 0xE1, 0xD4, 0x11, 0x4D, 0x09, 0xB2, 0xC5, 0x65, 0x64, 0xC3, 0xE5, 0x48, 0xB3, 0x48,
    0xE5, 0x49, 0xF8, 0xFA, 0x98, 0xCE, 0x1F, 0x92, 0xC2, 0xAD, 0x91, 0xB7, 0x6D, 0xD7, 0xA9, 0x97,
    0xE9, 0x7A, 0x55, 0x6B, 0xC9, 0x75, 0x7F, 0xB2, 0xEB, 0xD1, 0x9C, 0x98, 0xF5, 0xB4, 0xEC, 0xEA,
    0x44, 0x27, 0xAC, 0x75, 0x02, 0x16, 0x38, 0x90, 0x3D, 0xAD, 0x30, 0xEE, 0x21, 0xD4, 0x70, 0xA1,
    0x58, 0xE0, 0x70, 0x89, 0x85, 0x77, 0xD8, 0xBF, 0xE0, 0x3E, 0x83, 0xC0, 0x26, 0x07, 0x2E, 0x97,
    0xFA, 0xEE, 0xBA, 0x46, 0xDE, 0xE2, 0x99, 0xDC, 0x64, 0xB6, 0xC8, 0x18, 0x8F, 0xAF, 0x41, 0xF0,
    0x1E, 0xB1, 0x79, 0x0A, 0x5A, 0x93, 0xA0, 0x45, 0x34, 0xC4, 0x42, 0xA4, 0x8D, 0x05, 0xFB, 0xBB,
    0xC7, 0x03, 0x32, 0x91, 0xF4, 0xF3, 0xF5, 0xC3, 0x9A, 0x97, 0x78, 0xC8, 0xF7, 0x6A, 0xB9, 0xED,
    0x64, 0x91, 0xDF, 0xE1, 0x80, 0x06, 0xDE, 0x97, 0x44, 0x38, 0xAF, 0x57, 0xA2, 0xAA, 0x58, 0x77,
    0x90, 0xDB, 0xA5, 0x5E, 0x64, 0xA1, 0xF0, 0x15, 0x87, 0xC9, 0x1E, 0x09, 0xDC, 0xF5, 0x6E, 0x69,
    0x04, 0xA7, 0x0A, 0x44, 0xB0, 0xDA, 0xD0, 0x4C, 0x63, 0x2C, 0x40, 0xB2, 0x10, 0xB7, 0x46, 0xF0,
    0xEA, 0x29, 0xC3, 0x12, 0x19, 0xAE, 0x1B, 0xF6, 0x0D, 0xE5, 0x4E, 0x94, 0x18, 0xD8, 0x80, 0x17,
    0x50, 0x5B, 0x32, 0x2C, 0xAE, 0x59, 0x6C, 0xF1, 0x31, 0x9E, 0x89, 0x52, 0x12, 0x13, 0x9B, 0xC5,
    0xB9, 0x58, 0xD6, 0xC6, 0x55, 0x7A, 0x5B, 0xDC, 0x19, 0x3D, 0xF8, 0xEF, 0x3C, 0x3F, 0x90, 0xD7,
    0xE7, 0xD5, 0xF0, 0xBE, 0xB5, 0x74, 0x91, 0x4C, 0xEC, 0x70, 0x91, 0xFD, 0x32, 0x67, 0xFB, 0x14,
    0x52, 0xCF, 0xA4, 0x48, 0x29, 0xB2, 0x46, 0x57, 0x06, 0xAC, 0xF6, 0x48, 0x91, 0x8A, 0xFF, 0x86,
    0x80, 0x0C, 0x39, 0x3A, 0x18, 0x16, 0x2C, 0x3A, 0xBF, 0x1B, 0xF0, 0xFA, 0x33, 0x02, 0x32, 0x3C,
    0x2F, 0x18, 0x16, 0x84, 0x83, 0x30, 0x24, 0x18, 0xF7, 0xA4, 0x30, 0x79, 0x9E, 0xC3, 0x90, 0xD0,
    0x61, 0xF4, 0xE4, 0x24, 0xA0, 0x84, 0x41, 0x71, 0xBB, 0xC0, 0x72, 0x5E, 0xE6, 0xE9, 0x7E, 0x0E,
    0x16, 0x18, 0x70, 0xA4, 0xB4, 0x43, 0xD9, 0x69, 0x86, 0x29, 0x8C, 0xD3, 0x2E, 0xCE, 0xAF, 0x7C,
    0xFE, 0xA7, 0x34, 0xC5, 0xC9, 0x1B, 0xCA, 0x1C, 0x3E, 0x2E, 0x2E, 0x5C, 0x61, 0x25, 0xFA, 0x20,
    0x6F, 0x84, 0x7A, 0x64, 0x98, 0xF3, 0x99, 0x6C, 0x7D, 0x65, 0x03, 0x74, 0xB6, 0x37, 0x36, 0xD0,
    0x4E, 0x6F, 0xEB, 0x12, 0xAE, 0x5B, 0xF9, 0x1B, 0x68, 0xCF, 0xC5, 0x2A, 0xE4, 0xBD, 0x9C, 0x32,
    0x32, 0x6C, 0x8D, 0x83, 0xF1, 0x9E, 0x71, 0x2C, 0x5E, 0x7E, 0x82, 0x63, 0x71, 0x9C, 0x1D, 0xAD,
    0x0C, 0x19, 0x7C, 0xE3, 0x34, 0x37, 0x4C, 0x6B, 0xE9, 0x80, 0x04, 0x46, 0x74, 0x78, 0x72, 0x46,
    0x3C, 0x32, 0x99, 0xDF, 0x5D, 0xE4, 0xCC, 0x2A, 0x2F, 0x70, 0x54, 0xCF, 0xF4, 0xF2, 0xDE, 0x35,
    0x0A, 0x2B, 0x7D, 0x36, 0xAC, 0x41, 0x2B, 0xC4, 0x84, 0x88, 0x58, 0x7F, 0x26, 0xCC, 0x5F, 0xFF,
    0x9E, 0x27, 0xB2, 0x7A, 0x78, 0x9F, 0xD7, 0x60, 0xEC, 0x87, 0x5F, 0x66, 0x9C, 0x43, 0xBD, 0x27,
    0xE7, 0x41, 0xB6, 0x97, 0xCF, 0x7F, 0x49, 0x18, 0x9B, 0xEB, 0xBF, 0x6A, 0x78, 0xF4, 0xE9, 0xED,
    0xCD, 0xA5, 0xFC, 0x60, 0xC2, 0xB7, 0x39, 0x1B, 0xE3, 0x94, 0x07, 0x2C, 0xB2, 0xC0, 0x88, 0x05,
    0x07, 0x09, 0x4E, 0xF9, 0x44, 0xE1, 0x26, 0xFA, 0xE1, 0x5E, 0x19, 0x50, 0x14, 0x26, 0x02, 0xDD,
    0xF0, 0x1C, 0xB9, 0xA4, 0x65, 0x38, 0x46, 0xB2, 0xA1, 0x70, 0xBE, 0xD4, 0xA5, 0x08, 0xD4, 0x12,
    0xA4, 0x1D, 0x68, 0x90, 0x0C, 0x21, 0xC4, 0x55, 0xDE, 0x04, 0x2C, 0x34, 0xBA, 0x64, 0x21, 0x1F,
    0xFD, 0x0F, 0x11, 0x1E, 0x0F, 0x1D, 0x16, 0xEC, 0x6F, 0xB7, 0xEE, 0xB0, 0xE0, 0xFC, 0xD3, 0x1D,
    0x3A, 0x33, 0x0D, 0x75, 0xEF, 0xB3, 0x4F, 0x2F, 0x91, 0x40, 0x96, 0xE0, 0xE7, 0xB8, 0x7A, 0x5C,
    0xAB, 0x98, 0x9B, 0x11, 0x96, 0x2A, 0xEA, 0x1A, 0xF6, 0x22, 0x84, 0x63, 0xF0, 0x1C, 0x21, 0x70,
    0x19, 0x9C, 0x11, 0xBA, 0xBF, 0x84, 0x2C, 0xD4, 0xAC, 0x70, 0xDC, 0xC2, 0x92, 0xC5, 0x11, 0xBA,
    0xE5, 0x5C, 0xD2, 0x0F, 0x05, 0x52, 0x06, 0x33, 0x0E, 0xD8, 0x34, 0x9F, 0xA7, 0xEE, 0x84, 0x03,
    0x03, 0x93, 0x56, 0xEC, 0x22, 0x8F, 0x47, 0x76, 0xC0, 0x88, 0x29, 0xA7, 0x31, 0x76, 0x28, 0x4B,
    0xF8, 0x9C, 0x09, 0x37, 0x2C, 0x84, 0x79, 0x25, 0xD4, 0xCD, 0xB1, 0x5E, 0xEF, 0x3A, 0xB1, 0x8F,
    0xF9, 0x40, 0x31, 0xFC, 0x0A, 0xD3, 0xD9, 0x3E, 0x07, 0xD7, 0xAA, 0xF0, 0xB6, 0xFF, 0x2B, 0xD1,
    0xCB, 0xC8, 0xF1, 0xE2, 0x2B, 0x85, 0x81, 0x30, 0x32, 0xEC, 0x1B, 0xBE, 0x67, 0x78, 0x5A, 0x48,
    0x7A, 0x62, 0x5F, 0xC2, 0xD1, 0x42, 0xCA, 0xAF, 0x01, 0x45, 0x5F, 0x24, 0x46, 0x5F, 0x24, 0xEA,
    0xCF, 0x7B, 0xBF, 0x38, 0x30, 0x51, 0x31, 0x67, 0xEC, 0xFA, 0xEC, 0x62, 0xF2, 0x81, 0x09, 0x8E,
    0x6E, 0x31, 0x7C, 0x76, 0x91, 0xBC, 0xC6, 0xF6, 0xE8, 0xE9, 0xDC, 0xBB, 0xB8, 0x9E, 0x8F, 0x78,
    0x71, 0xDD, 0x32, 0x7E, 0x84, 0xAB, 0x75, 0xE7, 0x47, 0x54, 0xC6, 0x8F, 0x80, 0xC2, 0x74, 0xDB,
    0x1D, 0x3F, 0x62, 0x27, 0x61, 0x94, 0xA4, 0xAD, 0xF8, 0x11, 0x31, 0xFB, 0x11, 0x7E, 0xF3, 0xD2,
    0x01, 0x7E, 0xC4, 0x13, 0x02, 0xD3, 0x8E, 0xB1, 0x09, 0x48, 0x3B, 0x3E, 0xDF, 0x1B, 0x73, 0x40,
    0x96, 0x28, 0x4E, 0x0F, 0x52, 0x5F, 0xEE, 0x22, 0x1F, 0xD7, 0x9A, 0x75, 0x5E, 0x4E, 0x61, 0x9A,
    0x25, 0x4D, 0x24, 0x09, 0x38, 0x93, 0x39, 0x12, 0xC2, 0xBE, 0x32, 0x37, 0x78, 0x0D, 0xDD, 0xD6,
    0x1F, 0xF2, 0xF1, 0xCE, 0xF6, 0x25, 0xFE, 0xDD, 0xDB, 0x7A, 0x9F, 0xCF, 0xEF, 0x6F, 0xC8, 0xF9,
    0x42, 0x73, 0xDE, 0x75, 0xC3, 0xBE, 0xE1, 0x19, 0xC3, 0xE3, 0xDD, 0x75, 0x77, 0xD8, 0xA3, 0x76,
    0xFE, 0x12, 0x01, 0x29, 0xEB, 0xA7, 0x09, 0x67, 0xEE, 0x6F, 0xAF, 0xC2, 0x34, 0x55, 0x52, 0x5E,
    0xB7, 0x18, 0x66, 0xBA, 0x2B, 0x35, 0x89, 0x36, 0xAE, 0x45, 0x51, 0x9C, 0x90, 0x49, 0x8D, 0x23,
    0x30, 0xC2, 0x9F, 0xC3, 0xCC, 0x85, 0x1A, 0x6E, 0xFD, 0x2A, 0x44, 0x20, 0x45, 0x3E, 0x2D, 0x66,
    0x84, 0x4D, 0x5D, 0x63, 0xE2, 0xFF, 0x7C, 0xDC, 0xAD, 0xA9, 0xD5, 0x5C, 0x4D, 0x54, 0x86, 0xFA,
    0x1A, 0x61, 0x8C, 0x53, 0x36, 0xB9, 0xBE, 0xEC, 0x15, 0x1E, 0xF9, 0x8F, 0x97, 0xF1, 0x7C, 0x9E,
    0xAF, 0x9E, 0x3A, 0xAE, 0x26, 0xCF, 0xF1, 0x2D, 0xBF, 0x78, 0x19, 0xA4, 0x71, 0xC0, 0xE3, 0xA1,
    0xF2, 0x0B, 0xCC, 0xBD, 0xA0, 0x80, 0xAB, 0x85, 0x8C, 0xBB, 0x0F, 0x2D, 0xE0, 0xF0, 0x78, 0x18,
    0x29, 0x76, 0xC1, 0x90, 0xAC, 0x27, 0x73, 0x56, 0xA8, 0x17, 0xD9, 0x52, 0xFD, 0x7F, 0x4E, 0xE4,
    0x9D, 0x9B, 0x4A, 0xE4, 0xB9, 0xBB, 0x13, 0x79, 0xF5, 0x4E, 0x22, 0xAF, 0x9D, 0x4A, 0xE4, 0xB5,
    0x34, 0x23, 0x9E, 0x49, 0x50, 0x32, 0xC4, 0xFE, 0xF7, 0x05, 0x35, 0x29, 0x6E, 0x99, 0x14, 0xB9,
    0x7C, 0xBF, 0xAA, 0xB8, 0x99, 0x76, 0x4F, 0x8A, 0x6A, 0x9E, 0xE7, 0x65, 0xCD, 0xDE, 0xD5, 0xC9,
    0xDD, 0xC3, 0x8A, 0xC7, 0xDF, 0x9F, 0x01, 0x06, 0xC5, 0x0E, 0xCF, 0x93, 0x75, 0x38, 0x97, 0xC5,
    0xA4, 0x87, 0x90, 0x7C, 0x02, 0x03, 0xC3, 0xD0, 0x30, 0xAE, 0x84, 0x69, 0x2D, 0xCC, 0x5B, 0xE1,
    0xE3, 0x21, 0xD3, 0x7E, 0xBC, 0xB5, 0x01, 0x3A, 0xBF, 0xB9, 0xBB, 0x05, 0xBA, 0x77, 0xEF, 0xF0,
    0xEF, 0xFE, 0x87, 0xB7, 0x79, 0x7B, 0xE8, 0xC9, 0x79, 0x22, 0xC3, 0x93, 0x86, 0x47, 0x0C, 0xE1,
    0x42, 0x3E, 0xC8, 0x7B, 0x2D, 0xC8, 0x1D, 0xB6, 0x8B, 0x9C, 0x52, 0xDF, 0xE1, 0xB1, 0x64, 0xD6,
    0xB5, 0xDE, 0x5D, 0xBB, 0xB9, 0x43, 0x74, 0xD5, 0xAF, 0x88, 0xB1, 0xD8, 0xDB, 0x09, 0x4D, 0xF9,
    0xA2, 0x10, 0xFE, 0xC2, 0x6E, 0x1E, 0xBB, 0xFE, 0xE0, 0x32, 0x6F, 0xF7, 0xCD, 0x7E, 0x20, 0x06,
    0x34, 0x2F, 0x0A, 0x62, 0x05, 0xA6, 0x12, 0x92, 0x13, 0x1B, 0x20, 0x07, 0x94, 0x8E, 0xA1, 0x9A,
    0x1B, 0xEA, 0x87, 0x24, 0x84, 0xBF, 0xF7, 0xF0, 0x37, 0x05, 0xE8, 0xDC, 0xBF, 0x87, 0x82, 0xA7,
    0xC6, 0xB9, 0xF3, 0x0F, 0x03, 0x90, 0x82, 0xCF, 0x04, 0x75, 0x1A, 0x88, 0x3D, 0xC9, 0x98, 0xD6,
    0x08, 0x3D, 0x29, 0xB4, 0xAF, 0x4F, 0x3A, 0x03, 0xAB, 0x21, 0x1E, 0xA5, 0xA0, 0x12, 0xE1, 0x00,
    0xB5, 0xCB, 0x31, 0xE4, 0x62, 0x1F, 0xC4, 0x98, 0x86, 0xA9, 0xFA, 0x83, 0x9F, 0x95, 0xC4, 0x11,
    0x27, 0x53, 0x9D, 0xC1, 0xBB, 0xC4, 0x64, 0x52, 0xB3, 0xF9, 0x94, 0x71, 0xE4, 0x99, 0xA2, 0xB4,
    0x8E, 0xC6, 0x5E, 0x24, 0xEA, 0x18, 0xB6, 0xFF, 0x16, 0xE6, 0x97, 0xC6, 0x75, 0xC3, 0x3E, 0x7D,
    0x01, 0x95, 0xE2, 0xD1, 0xF5, 0x79, 0x75, 0x1A, 0xE9, 0x48, 0x5E, 0x7C, 0x23, 0x7D, 0x8D, 0x6B,
    0x61, 0x3E, 0xE0, 0xB4, 0x99, 0x5F, 0x1C, 0xDD, 0x3B, 0xAF, 0x5E, 0xE9, 0xF5, 0xF4, 0x98, 0x57,
    0xE9, 0x77, 0xEC, 0x80, 0xC4, 0x93, 0xFE, 0xD6, 0x5D, 0x7E, 0x34, 0xA9, 0x7F, 0xA7, 0x39, 0x28,
    0x51, 0x6E, 0xE6, 0x17, 0x45, 0xD2, 0x32, 0xBF, 0xF2, 0x41, 0x5E, 0x82, 0x01, 0xAA, 0x3B, 0xD8,
    0x2E, 0x9E, 0x90, 0xFB, 0x79, 0xEB, 0x60, 0xBB, 0x90, 0x98, 0xE7, 0xB6, 0x43, 0x0E, 0xB8, 0x89,
    0xA1, 0xD9, 0x1E, 0x1B, 0x46, 0x86, 0x39, 0x79, 0x1A, 0xF0, 0x9F, 0xA1, 0xA7, 0x88, 0xB7, 0x47,
    0x4B, 0x7D, 0x35, 0x9F, 0x7E, 0x74, 0x96, 0x8B, 0x6E, 0xE2, 0x04, 0x2B, 0x50, 0x20, 0x8D, 0x84,
    0x06, 0x8B, 0xC2, 0x41, 0x81, 0x48, 0x44, 0x17, 0xBC, 0x85, 0xE2, 0x89, 0x1C, 0x3E, 0x9C, 0xAD,
    0xDB, 0x55, 0x94, 0xC1, 0x39, 0x3A, 0xFF, 0xCF, 0x5C, 0xA6, 0xB5, 0xBD, 0x5C, 0xA0, 0x7E, 0xD8,
    0xDF, 0x7A, 0xA3, 0x80, 0x4D, 0xF1, 0xCF, 0xBD, 0xCE, 0x95, 0xC1, 0x21, 0x4A, 0x0F, 0x46, 0x35,
    0xD9, 0x85, 0x84, 0xEE, 0xA6, 0xE5, 0x75, 0x2B, 0xB7, 0xEA, 0xAB, 0xF7, 0xD0, 0xDE, 0xC1, 0xBA,
    0x7A, 0x19, 0xED, 0x43, 0x8E, 0x10, 0xED, 0x62, 0xFF, 0x19, 0x09, 0x1A, 0x98, 0x44, 0x24, 0x68,
    0x5C, 0x94, 0x2E, 0x90, 0x89, 0x84, 0x76, 0x4C, 0x34, 0x97, 0xAE, 0xF8, 0x09, 0x2A, 0xE0, 0xDE,
    0xD9, 0xAF, 0x1F, 0xAC, 0x81, 0x50, 0x12, 0xD1, 0x89, 0xB1, 0x33, 0x89, 0x04, 0x58, 0x20, 0x7C,
    0x1F, 0xF0, 0x0F, 0x39, 0x41, 0x95, 0x18, 0xAB, 0x91, 0x9B, 0xB8, 0x4A, 0x12, 0x51, 0x61, 0xF2,
    0x3C, 0x3D, 0xCF, 0x5F, 0xA2, 0x10, 0x8F, 0xE3, 0x31, 0x7A, 0x56, 0xCC, 0xB4, 0x12, 0x92, 0x73,
    0x26, 0xEC, 0x33, 0xED, 0xE1, 0x0A, 0x93, 0xFC, 0xA3, 0x04, 0xF4, 0xB6, 0xDE, 0xE4, 0xDF, 0xFD,
    0x8D, 0x84, 0x89, 0xFB, 0x07, 0x23, 0xC3, 0xD6, 0xF0, 0xA6, 0xE1, 0x69, 0x43, 0xB5, 0x0F, 0x6F,
    0x71, 0xE2, 0x39, 0x11, 0x8F, 0x70, 0x17, 0xBB, 0xFB, 0xDD, 0xF7, 0x67, 0x27, 0x5F, 0x42, 0x7A,
    0x99, 0x86, 0x4D, 0x64, 0x3C, 0x4B, 0x66, 0xDB, 0xC5, 0x08, 0xC2, 0x34, 0x43, 0xD1, 0x16, 0x2F,
    0xCC, 0x63, 0x4C, 0x20, 0x3C, 0xE5, 0xB1, 0x81, 0x71, 0xB4, 0xCE, 0x7F, 0x86, 0x7D, 0x92, 0xF5,
    0x2A, 0x9D, 0x49, 0xDE, 0x44, 0x0F, 0x98, 0x96, 0xAE, 0xFE, 0x5B, 0x7A, 0xF1, 0xDF, 0x6B, 0x67,
    0xDC, 0x20, 0x9B, 0x44, 0x5C, 0x55, 0xAD, 0x77, 0xBB, 0x76, 0x37, 0x17, 0xAD, 0xDA, 0x7F, 0xBF,
    0xF2, 0xD7, 0x7F, 0x44, 0x21, 0x31, 0x4D, 0xA2, 0x88, 0x34, 0x58, 0x68, 0x57, 0x61, 0x44, 0x11,
    0xDA, 0xA2, 0x5D, 0x2D, 0x46, 0x6A, 0x53, 0xB5, 0x4E, 0xD5, 0x46, 0x76, 0x8B, 0x9C, 0xD6, 0xCD,
    0x08, 0xE9, 0x5D, 0xA7, 0x3A, 0x1D, 0xD9, 0x99, 0x57, 0xF0, 0xBA, 0x2C, 0x3D, 0x02, 0xA9, 0x0B,
    0xDB, 0x44, 0x76, 0x22, 0x42, 0x1E, 0x90, 0x93, 0x0E, 0x62, 0x1A, 0x23, 0xD4, 0x79, 0xAF, 0x50,
    0xAC, 0x62, 0x21, 0x89, 0x86, 0xFB, 0xA8, 0xF9, 0xBD, 0x92, 0x13, 0x07, 0xF6, 0x43, 0xC7, 0x94,
    0xED, 0xF2, 0x0E, 0xC9, 0x72, 0xDD, 0x32, 0xDB, 0xD7, 0x68, 0xFC, 0x2F, 0xCD, 0x21, 0x91, 0x95,
    0xEA, 0x31, 0xA7, 0xBC, 0x3B, 0x52, 0x3F, 0x08, 0x37, 0xD1, 0xE3, 0x2D, 0x62, 0x65, 0x1F, 0xEA,
    0x8F, 0xE6, 0x43, 0x00, 0xF5, 0x67, 0x21, 0x6C, 0xA0, 0x26, 0xD8, 0xE3, 0x2A, 0x44, 0xD8, 0xEB,
    0x8C, 0xFB, 0x70, 0x45, 0x6B, 0x77, 0xBC, 0x08, 0x15, 0x51, 0xFB, 0xEB, 0x27, 0x39, 0x6B, 0xE3,
    0x47, 0x92, 0x13, 0x09, 0x0D, 0x17, 0x0D, 0xFB, 0xFC, 0x9C, 0xCE, 0x52, 0x3F, 0xE0, 0xF9, 0xDC,
    0x2B, 0x4F, 0x1B, 0x4A, 0xBB, 0xA4, 0x1F, 0x38, 0x1A, 0x88, 0x8C, 0xF1, 0x8B, 0x8C, 0x8A, 0x03,
    0x8F, 0x87, 0x89, 0x89, 0xE9, 0x4C, 0x6C, 0x47, 0xED, 0x3B, 0xB2, 0x8F, 0xDF, 0xD8, 0x1C, 0x96,
    0x47, 0xD5, 0xFC, 0xF2, 0x47, 0xAF, 0x57, 0x4D, 0x84, 0xB1, 0x76, 0xA7, 0x6A, 0x42, 0x66, 0x89,
    0x8A, 0x19, 0x8A, 0xAF, 0x07, 0x08, 0xA5, 0x29, 0xBE, 0x2E, 0x90, 0x82, 0x8C, 0x4B, 0x94, 0x29,
    0x57, 0xB0, 0x8F, 0x45, 0x63, 0x55, 0x4A, 0x93, 0x7D, 0x44, 0x3D, 0x99, 0xCE, 0x11, 0x19, 0x35,
    0x14, 0x5F, 0x6B, 0x9C, 0xD7, 0x19, 0x7E, 0xF8, 0x2F, 0xAA, 0xB1, 0x94, 0xBB, 0x75, 0x09, 0xF5,
    0x87, 0x05, 0xFB, 0x8B, 0x0D, 0xA9, 0x56, 0xBE, 0x5E, 0x98, 0x70, 0x22, 0xBF, 0x89, 0x15, 0x27,
    0xF2, 0x91, 0xA2, 0x05, 0x49, 0x2F, 0x9F, 0xEE, 0x16, 0x92, 0xC0, 0xB8, 0x90, 0xF8, 0x59, 0x9B,
    0x45, 0x28, 0x69, 0x2F, 0xE7, 0xB7, 0xC8, 0x6F, 0x14, 0xBF, 0xCD, 0xFF, 0x40, 0x6A, 0xD1, 0xD1,
    0x8A, 0x03, 0xF4, 0xA4, 0xD4, 0x7B, 0x1D, 0x8E, 0xAC, 0x1F, 0x42, 0xD6, 0xF7, 0x7F, 0x9F, 0x09,
    0xEF, 0xC2, 0xD0, 0xD1, 0xE0, 0xF4, 0x98, 0x71, 0x66, 0x38, 0x20, 0x92, 0x7F, 0x92, 0x56, 0x44,
    0xCC, 0x8F, 0xD6, 0x70, 0x93, 0xB7, 0x53, 0xFC, 0xF4, 0x26, 0xE8, 0x0C, 0xCF, 0xF1, 0xF1, 0xEE,
    0xD6, 0x9B, 0x1F, 0x82, 0xFE, 0xC6, 0xEB, 0xBC, 0x3D, 0xF0, 0xE5, 0x7C, 0xB1, 0xE1, 0x2D, 0xC3,
    0xBE, 0xE1, 0x6B, 0x86, 0xEA, 0x40, 0xFE, 0x97, 0xEB, 0xE4, 0x47, 0x90, 0x1F, 0x7D, 0xCE, 0xF8,
    0xCF, 0x1D, 0x0F, 0xD0, 0x0F, 0xE1, 0x1E, 0xFA, 0xEC, 0x30, 0xEF, 0x10, 0xF9, 0x98, 0xA4, 0xDB,
    0x4E, 0xF3, 0xA2, 0xF3, 0xAE, 0xA7, 0x38, 0x29, 0x09, 0xEF, 0x98, 0x67, 0xE2, 0x08, 0x8A, 0x7E,
    0x68, 0xC9, 0x4E, 0x30, 0xB1, 0xA8, 0xB2, 0x4A, 0xC3, 0xD7, 0x19, 0x2E, 0x18, 0x46, 0xE4, 0x2C,
    0x91, 0x7A, 0xBF, 0xFE, 0xAC, 0x10, 0xF7, 0x4A, 0x0C, 0x89, 0x2D, 0x71, 0xCD, 0x10, 0x59, 0xB4,
    0x86, 0x78, 0x03, 0xB3, 0x8A, 0x78, 0x3A, 0xA4, 0xC9, 0xE2, 0x72, 0xA1, 0xA4, 0x43, 0x3C, 0x83,
    0xD5, 0xAF, 0x81, 0x5B, 0x2C, 0xB0, 0x1D, 0x17, 0xC6, 0x09, 0x93, 0xD4, 0x96, 0xFB, 0x3B, 0xF2,
    0xE3, 0x5C, 0xBC, 0x7A, 0xD0, 0xD0, 0xEF, 0xC8, 0x70, 0x57, 0x7B, 0x12, 0xD4, 0x81, 0x09, 0x31,
    0x02, 0x63, 0x58, 0x03, 0x49, 0xA1, 0xF0, 0x42, 0x48, 0x25, 0xB4, 0x4D, 0x21, 0x81, 0x92, 0xFD,
    0x60, 0x1F, 0x1A, 0xD2, 0x0B, 0x1D, 0xF9, 0x7E, 0xE7, 0xD3, 0x0B, 0xD3, 0xFD, 0x90, 0x66, 0x16,
    0xBB, 0xD9, 0xF9, 0x80, 0xD7, 0x53, 0x24, 0xFF, 0x86, 0x0A, 0x9A, 0xD6, 0x29, 0x2D, 0x24, 0x65,
    0xD7, 0x98, 0xCE, 0x30, 0x64, 0x7A, 0x57, 0xFC, 0xB3, 0xA0, 0x1F, 0x1C, 0xE3, 0xDF, 0xC3, 0x80,
    0x26, 0x3D, 0x71, 0x2D, 0x20, 0xE5, 0x87, 0xF2, 0xD7, 0x00, 0xC9, 0x81, 0x0A, 0x05, 0x11, 0x1E,
    0xF8, 0x32, 0xF2, 0x6D, 0x56, 0xF5, 0x63, 0xCE, 0xB7, 0x59, 0xD5, 0x02, 0x31, 0x56, 0xC2, 0x75,
    0xA1, 0xD5, 0x0A, 0x5D, 0x72, 0x2E, 0xBE, 0x23, 0xBF, 0x16, 0x2F, 0xF5, 0x20, 0x0F, 0x84, 0xF7,
    0xB7, 0xF0, 0xAA, 0x8E, 0x35, 0x3D, 0x1E, 0x16, 0x95, 0xCC, 0xFF, 0xA7, 0x53, 0x8A, 0xBC, 0x53,
    0x7E, 0xBD, 0xA7, 0x25, 0x3B, 0xF1, 0x76, 0xEF, 0x51, 0xEF, 0x1A, 0xEC, 0x05, 0xAF, 0x79, 0x2C,
    0x9A, 0xB5, 0x8F, 0x35, 0xC3, 0x5C, 0xBD, 0x42, 0xDB, 0xAF, 0x92, 0xDD, 0x48, 0x39, 0x2E, 0xD5,
    0x03, 0x26, 0x3D, 0x8A, 0x55, 0x55, 0x93, 0xE6, 0x1F, 0x35, 0x86, 0xAB, 0x4C, 0xEF, 0xD6, 0x02,
    0xD3, 0x5F, 0xFC, 0x11, 0x33, 0x5C, 0x54, 0xCC, 0xC8, 0xB0, 0x6F, 0x78, 0xD3, 0xF0, 0xB4, 0xA1,
    0x62, 0x6A, 0x43, 0xF2, 0x9E, 0x16, 0xD5, 0x5F, 0xA8, 0x7A, 0x7E, 0xA7, 0x3D, 0x07, 0xF1, 0x40,
    0x87, 0x7A, 0xB7, 0x30, 0x2F, 0x6B, 0x0B, 0x9D, 0x2F, 0xBD, 0x5B, 0x30, 0xC3, 0x85, 0x17, 0xE5,
    0x8C, 0x3F, 0xCD, 0x85, 0x31, 0x2C, 0x60, 0x30, 0xC0, 0xB3, 0xE6, 0x12, 0x19, 0x2C, 0xEC, 0x58,
    0xE3, 0xB7, 0xA4, 0xD4, 0xC3, 0x91, 0x2A, 0x15, 0x9A, 0x9F, 0xE3, 0x5C, 0x34, 0x77, 0xBC, 0x89,
    0x50, 0x3C, 0xDE, 0x2E, 0x34, 0xF2, 0xEF, 0x2A, 0xBF, 0x77, 0x0F, 0xB6, 0x51, 0xA9, 0x6F, 0xFF,
    0xF1, 0x4A, 0x15, 0x29, 0x8A, 0x3E, 0x1F, 0x0E, 0xF2, 0x22, 0x82, 0x5F, 0x76, 0x7F, 0x80, 0x5C,
    0xBC, 0xAF, 0xDC, 0x3B, 0x83, 0x33, 0x24, 0x1C, 0x51, 0xFE, 0x25, 0xA9, 0x72, 0x56, 0xA1, 0x29,
    0x77, 0x56, 0x51, 0x27, 0x9C, 0xEC, 0x84, 0x23, 0x9D, 0xA0, 0x7E, 0x98, 0xB0, 0x9F, 0x2A, 0x3D,
    0x4C, 0x20, 0x37, 0x9B, 0x98, 0x79, 0x5E, 0x1C, 0xE5, 0xCB, 0x50, 0x89, 0xA2, 0x42, 0xDC, 0xE1,
    0xD6, 0x94, 0xA3, 0x6C, 0x02, 0x51, 0x35, 0xF6, 0x8B, 0x96, 0x5F, 0x73, 0x12, 0xC7, 0xDB, 0x87,
    0x23, 0x3E, 0x80, 0x11, 0xF0, 0x0B, 0xCF, 0x54, 0x96, 0xE0, 0x7F, 0x12, 0x90, 0x96, 0x71, 0x29,
    0x09, 0x14, 0x79, 0x8B, 0xC0, 0x46, 0x29, 0x7B, 0xD7, 0x0E, 0x6B, 0x4A, 0x05, 0xAE, 0x5A, 0xC9,
    0x1C, 0x97, 0x18, 0x41, 0x6F, 0x6E, 0x2A, 0x8B, 0xB4, 0x0B, 0x22, 0x31, 0x87, 0xDC, 0x0F, 0x32,
    0x4B, 0xE4, 0xFB, 0x93, 0x5E, 0x29, 0xBD, 0x92, 0xA2, 0x02, 0x72, 0x4B, 0x9C, 0x8A, 0x62, 0xF4,
    0xDA, 0xAE, 0xAC, 0xE6, 0x14, 0xA6, 0xBF, 0xBC, 0x9E, 0x78, 0xA8, 0x7E, 0xD8, 0xB3, 0xC0, 0x75,
    0x50, 0x05, 0xCF, 0x6C, 0xC2, 0xA0, 0x31, 0x56, 0xFD, 0x20, 0x1E, 0x76, 0xFF, 0x3D, 0x89, 0x88,
    0x5D, 0x0B, 0x5D, 0xF2, 0x1A, 0xDF, 0xD6, 0x5D, 0x2E, 0xB5, 0xD4, 0xFE, 0xA7, 0x23, 0x7E, 0xBB,
    0xCF, 0x2F, 0xE0, 0xF1, 0xA5, 0x52, 0xB9, 0xE3, 0x49, 0xC0, 0x9F, 0xA5, 0xB5, 0x54, 0x34, 0x91,
    0x1F, 0x4C, 0x74, 0x6B, 0xD3, 0xAF, 0x3B, 0xAF, 0xF1, 0xE5, 0x26, 0xD0, 0xEF, 0xC8, 0x5E, 0xEB,
    0x13, 0x78, 0xD8, 0xFD, 0x67, 0xF7, 0xDB, 0x59, 0xD8, 0x9B, 0xE2, 0x93, 0x16, 0xF6, 0x64, 0x7C,
    0x79, 0xBF, 0x37, 0x0B, 0x7B, 0x77, 0xEF, 0x8A, 0x07, 0xEB, 0x7D, 0x2A, 0x0B, 0x7B, 0x9E, 0xA9,
    0xE0, 0xF2, 0x4C, 0x42, 0xCE, 0x43, 0x42, 0x2E, 0x64, 0x2F, 0x93, 0x17, 0xF6, 0x3C, 0xB3, 0xB0,
    0xE7, 0x99, 0x84, 0x9C, 0x57, 0xFC, 0x80, 0x79, 0x70, 0x70, 0xFB, 0x1C, 0xD3, 0x3E, 0x7F, 0x7B,
    0x8B, 0x0F, 0x88, 0x37, 0x3E, 0xAB, 0x64, 0xDC, 0xDF, 0x1E, 0x99, 0x85, 0x47, 0x54, 0xD5, 0x85,
    0x5D, 0x80, 0x28, 0x09, 0xC3, 0x50, 0xC6, 0x7B, 0xD3, 0x55, 0x52, 0x9D, 0x92, 0x6B, 0x5D, 0x95,
    0x01, 0x57, 0xAB, 0x09, 0x23, 0xA9, 0xC9, 0xDE, 0xC3, 0x43, 0xEF, 0xF7, 0x94, 0xFD, 0x8F, 0xEC,
    0xAD, 0x90, 0x68, 0xA6, 0x69, 0x99, 0x85, 0x2B, 0x79, 0x31, 0x22, 0x30, 0x19, 0xBB, 0xC0, 0xA4,
    0xFE, 0x03, 0x8E, 0xCD, 0x11, 0x70, 0x6D, 0x88, 0x21, 0xD5, 0x1B, 0x0F, 0x7A, 0xBD, 0x9A, 0x02,
    0xD0, 0x95, 0x84, 0x2B, 0x44, 0xB0, 0xE8, 0xC6, 0x2F, 0xFF, 0xAD, 0x13, 0x07, 0x14, 0x80, 0x52,
    0xB8, 0x40, 0x8F, 0x40, 0x7F, 0x2A, 0xF5, 0x41, 0xFA, 0x2B, 0xD4, 0x83, 0x70, 0x75, 0x28, 0xD7,
    0x97, 0xEB, 0x5C, 0xB8, 0x1D, 0x14, 0x64, 0xF2, 0x94, 0xB7, 0xED, 0x65, 0x1E, 0xE2, 0xFA, 0x65,
    0x87, 0xE3, 0x02, 0x54, 0x4A, 0xF8, 0xB7, 0xA4, 0x52, 0x02, 0xD5, 0xA4, 0x58, 0xD0, 0x8A, 0x48,
    0x59, 0xBC, 0x17, 0xC0, 0xD9, 0x2A, 0xB8, 0xC2, 0xB0, 0xF5, 0x4A, 0x69, 0x27, 0xAA, 0xB0, 0x03,
    0xE8, 0xEB, 0x11, 0x48, 0x43, 0x9F, 0x1E, 0x44, 0x00, 0xB7, 0x93, 0x62, 0xA0, 0x00, 0xE9, 0x43,
    0x2C, 0x30, 0xB0, 0x7D, 0xA8, 0xF6, 0x73, 0xAC, 0x6A, 0xA1, 0xDC, 0xF7, 0x0E, 0xE5, 0xBE, 0x43,
    0x63, 0x58, 0xC8, 0x71, 0x79, 0x80, 0x8A, 0x99, 0x95, 0x25, 0xDF, 0x24, 0xBA, 0x02, 0xC3, 0x98,
    0x3B, 0x30, 0x24, 0x43, 0xDE, 0x70, 0x85, 0x84, 0xAC, 0x7B, 0xC6, 0x9F, 0xD6, 0xCC, 0xBC, 0xBA,
    0xCA, 0xC4, 0x10, 0x62, 0xAE, 0x31, 0x6D, 0xCD, 0x69, 0x18, 0x72, 0x28, 0x9E, 0xE3, 0x09, 0xE3,
    0x0D, 0x39, 0x03, 0xDA, 0xFA, 0x2B, 0x8A, 0x13, 0xAC, 0x70, 0xAC, 0xB0, 0x3D, 0x32, 0xEC, 0x1B,
    0xBE, 0x67, 0x78, 0xDA, 0x50, 0xFD, 0x50, 0xEE, 0xF9, 0xC1, 0x74, 0x59, 0x7C, 0xAA, 0x30, 0xBF,
    0xB4, 0x09, 0xD3, 0xEA, 0x15, 0x62, 0x51, 0xE7, 0x96, 0x1F, 0xC4, 0x5D, 0x61, 0x99, 0xEC, 0x33,
    0x11, 0x78, 0x3E, 0x2D, 0x4A, 0xAA, 0xD7, 0xCF, 0x16, 0x31, 0xBA, 0x68, 0x6E, 0x88, 0x80, 0x2C,
    0x9D, 0x08, 0xAD, 0x11, 0xF2, 0x91, 0x11, 0x1E, 0x6F, 0x8B, 0x60, 0x21, 0x53, 0x07, 0xC1, 0xF9,
    0xCD, 0x67, 0xF2, 0x17, 0xF7, 0xAE, 0x39, 0x8F, 0xFF, 0x21, 0x27, 0xDD, 0x6A, 0x15, 0x7A, 0x46,
    0x88, 0xBD, 0x62, 0x6E, 0x69, 0xF3, 0xA7, 0xB5, 0x3A, 0xC9, 0x4D, 0xA5, 0x7D, 0x8E, 0x4A, 0x9B,
    0xAB, 0x3D, 0x77, 0xE1, 0x77, 0x42, 0x30, 0x23, 0xC4, 0x1F, 0xE5, 0x46, 0x80, 0xE2, 0x85, 0xE0,
    0x4D, 0x55, 0x16, 0x4D, 0xF2, 0x38, 0xBB, 0x04, 0xC9, 0xFD, 0x4D, 0x09, 0x9F, 0xA7, 0x4B, 0x22,
    0x90, 0xF1, 0xEF, 0x63, 0x35, 0xEB, 0x1C, 0x0B, 0x21, 0x2A, 0xAB, 0xA6, 0x84, 0xC9, 0x3E, 0x2A,
    0x18, 0x18, 0x21, 0xAC, 0x8C, 0x40, 0xDD, 0x62, 0x84, 0xB1, 0x11, 0xF2, 0xA1, 0x11, 0xF4, 0xD6,
    0x16, 0x5F, 0xC2, 0xD2, 0x9F, 0x0D, 0xF9, 0xA2, 0xCE, 0xF0, 0xCE, 0x96, 0x08, 0xDB, 0xB7, 0x7D,
    0x2E, 0xE7, 0xF5, 0xB6, 0x0A, 0x11, 0xFC, 0x8D, 0x42, 0x1A, 0x1B, 0xFB, 0x46, 0x88, 0x3A, 0xE1,
    0x45, 0x11, 0x7E, 0x24, 0xCD, 0x90, 0x77, 0x9C, 0xA6, 0x05, 0x4E, 0x65, 0xE1, 0x8D, 0xC9, 0x4D,
    0x08, 0x6E, 0x77, 0x83, 0xB6, 0xA8, 0x15, 0x72, 0x4B, 0xE7, 0xA6, 0x16, 0xBA, 0x76, 0x02, 0x0B,
    0x87, 0x4B, 0x9F, 0x76, 0xF1, 0x9B, 0x8B, 0xC2, 0xD2, 0xD9, 0x21, 0x39, 0xE0, 0xCE, 0x80, 0x48,
    0x0E, 0x39, 0xAF, 0xAB, 0x21, 0x70, 0x2F, 0x64, 0x3B, 0x85, 0xAC, 0x25, 0x16, 0x01, 0x52, 0x0E,
    0x04, 0xF2, 0x0F, 0x46, 0x74, 0xAF, 0x14, 0x98, 0xDD, 0xAB, 0xA5, 0x40, 0xA3, 0x2A, 0xA4, 0x0C,
    0x57, 0x9E, 0x8D, 0xA3, 0xD7, 0xB8, 0xE0, 0xC2, 0xCB, 0x17, 0x99, 0x7E, 0x7A, 0x82, 0x06, 0x68,
    0xAA, 0x02, 0x5E, 0x60, 0x5F, 0x57, 0x51, 0x8C, 0xBC, 0x67, 0xAB, 0xFA, 0xB1, 0x24, 0x0E, 0x29,
    0x66, 0x75, 0x2B, 0x72, 0xD8, 0xDE, 0x89, 0x95, 0xDD, 0x92, 0x07, 0x77, 0x9C, 0xF6, 0xCA, 0x73,
    0x69, 0x3F, 0x57, 0x14, 0xE2, 0x1D, 0x5D, 0x9E, 0xBF, 0xF2, 0x05, 0x06, 0x68, 0xCF, 0x28, 0xFD,
    0x8E, 0xF8, 0x82, 0x2E, 0x5D, 0x0C, 0x35, 0x54, 0xE8, 0xE6, 0x8D, 0xE2, 0x08, 0xD8, 0xDE, 0x57,
    0x9F, 0xFC, 0xC9, 0x29, 0xE1, 0x5A, 0x24, 0x6C, 0x0D, 0x9B, 0xC8, 0xE8, 0x97, 0xC8, 0xE8, 0x17,
    0xA1, 0x47, 0x0F, 0x56, 0xEE, 0x5F, 0x18, 0x83, 0xD4, 0x3F, 0x69, 0xC1, 0xC9, 0x01, 0xA5, 0x99,
    0xB9, 0xA3, 0x8B, 0x98, 0xFC, 0x91, 0xDC, 0x23, 0xA2, 0x3F, 0xCE, 0x6D, 0x81, 0x96, 0xBE, 0xC3,
    0xC7, 0xD9, 0x9A, 0xC7, 0x0E, 0xF5, 0x47, 0xCD, 0x74, 0x87, 0xAB, 0x4C, 0x7F, 0x25, 0x12, 0x86,
    0xCF, 0x32, 0x23, 0x04, 0x5E, 0x78, 0xD3, 0xCE, 0xB0, 0x35, 0xFC, 0x44, 0xF8, 0xF2, 0x71, 0xE1,
    0xA2, 0x9A, 0xE6, 0x82, 0xE1, 0x2A, 0x33, 0xA6, 0xF1, 0x07, 0x22, 0x60, 0x06, 0x3D, 0x5D, 0xAA,
    0xD9, 0x08, 0xC5, 0xDF, 0x61, 0x64, 0x98, 0x0E, 0x84, 0x7E, 0x23, 0xE4, 0x25, 0x12, 0x9F, 0x83,
    0x71, 0xA9, 0x3C, 0xF3, 0xF9, 0x65, 0x51, 0xDA, 0x50, 0x30, 0x39, 0x16, 0x0E, 0x4D, 0xCE, 0x8C,
    0x1C, 0x3B, 0x61, 0xF1, 0x1F, 0xFC, 0x84, 0xAC, 0x7C, 0x5A, 0x86, 0x7E, 0x82, 0x57, 0x80, 0x2A,
    0x62, 0x88, 0xC4, 0x1E, 0xC5, 0xE2, 0xC8, 0x2E, 0x44, 0x91, 0x0F, 0xD3, 0xBB, 0x1D, 0x2C, 0xFA,
    0x89, 0x3B, 0x70, 0xB7, 0x9E, 0x25, 0x92, 0x05, 0xDA, 0x50, 0xAB, 0x60, 0xE0, 0x23, 0x46, 0xB7,
    0xEA, 0xD8, 0x57, 0x0D, 0x32, 0x43, 0xB7, 0x0C, 0x57, 0x7D, 0xBB, 0xF2, 0x93, 0xD7, 0x6E, 0x9E,
    0xF6, 0x69, 0xDF, 0x04, 0xC5, 0x16, 0xEA, 0xBC, 0xA1, 0xE4, 0x2E, 0xC1, 0x6C, 0x55, 0xF8, 0xA0,
    0x15, 0x72, 0x81, 0x80, 0xE2, 0xD7, 0xD7, 0x27, 0xF7, 0x7B, 0x70, 0x62, 0x6F, 0x9E, 0x03, 0x74,
    0xCE, 0xD1, 0xE8, 0x62, 0x17, 0xE9, 0xFC, 0x92, 0x28, 0xF2, 0xA1, 0x5F, 0x29, 0x30, 0x05, 0x53,
    0x0A, 0xD0, 0xC8, 0xE4, 0x66, 0x1D, 0x39, 0xC1, 0x86, 0xD0, 0x77, 0xDD, 0x90, 0xC6, 0xEC, 0x29,
    0x90, 0x4F, 0x41, 0x77, 0xA0, 0x07, 0x6F, 0x6F, 0xF6, 0xAE, 0x27, 0xB6, 0x04, 0xF0, 0x89, 0x33,
    0x6E, 0x58, 0x2F, 0xBB, 0xE3, 0x55, 0xFE, 0xBE, 0x12, 0x7F, 0x73, 0x81, 0xBF, 0xE9, 0xC4, 0x8F,
    0x8E, 0x73, 0xF5, 0x07, 0x12, 0x5A, 0xE0, 0x22, 0xBB, 0xA0, 0x21, 0x8F, 0x51, 0xF0, 0x26, 0xAF,
    0x9D, 0x9E, 0x52, 0xA7, 0x51, 0x2D, 0x24, 0x6F, 0x79, 0x76, 0xB4, 0x0C, 0x6D, 0x44, 0x6D, 0xA4,
    0x49, 0xC4, 0xD1, 0x9B, 0x70, 0x4E, 0x12, 0x09, 0xB3, 0xD1, 0xC7, 0xDC, 0xBE, 0x89, 0x8B, 0x81,
    0x61, 0x25, 0x89, 0x8B, 0xB4, 0x90, 0xED, 0x39, 0xEF, 0x77, 0x9C, 0xE2, 0x28, 0xBC, 0xC9, 0xB0,
    0xE8, 0xE1, 0x6D, 0x59, 0x9D, 0xE4, 0x39, 0x2F, 0xAF, 0x27, 0xFE, 0x58, 0xE6, 0x27, 0x67, 0x38,
    0x53, 0x19, 0x37, 0xFC, 0x06, 0x03, 0x42, 0x3A, 0xCD, 0x2F, 0x89, 0x8C, 0x68, 0x3C, 0xA4, 0x92,
    0xC0, 0xE8, 0xBF, 0x42, 0x76, 0x14, 0x6F, 0x30, 0xD0, 0x20, 0xB7, 0x6A, 0x77, 0x08, 0x87, 0x81,
    0x9E, 0xED, 0x0A, 0xDE, 0xAB, 0x77, 0x06, 0x41, 0x78, 0x84, 0xD7, 0xF6, 0xD8, 0xBE, 0xB6, 0x7E,
    0xB2, 0xC6, 0x0C, 0x38, 0x81, 0x01, 0x77, 0xF6, 0x86, 0xE1, 0xCB, 0x86, 0xEA, 0xE9, 0xB4, 0x7E,
    0x6A, 0xA8, 0x8D, 0x9D, 0xD5, 0xE5, 0x53, 0x12, 0x39, 0x56, 0xCE, 0x09, 0x9B, 0x67, 0x72, 0x4E,
    0xE0, 0xAC, 0x68, 0x94, 0xA4, 0x86, 0x0A, 0x8F, 0x1C, 0xFC, 0x4F, 0xE7, 0x1B, 0xAE, 0x4C, 0x65,
    0x7B, 0x9D, 0x63, 0x5E, 0xEC, 0x22, 0xEB, 0x5B, 0x21, 0xC6, 0x11, 0x29, 0xD0, 0x42, 0x98, 0x97,
    0x78, 0x83, 0xE3, 0x32, 0xBF, 0xD1, 0xD1, 0x28, 0xF6, 0xB7, 0xC4, 0xDF, 0x88, 0x8C, 0xBF, 0x71,
    0x8A, 0xE9, 0x0E, 0x9F, 0x65, 0xFA, 0x2B, 0xB6, 0xBC, 0x4D, 0x1B, 0x0A, 0xA3, 0xD0, 0x82, 0xFF,
    0x71, 0x6D, 0x75, 0xC6, 0xEF, 0xF8, 0x1E, 0xFE, 0xC6, 0xB1, 0x8F, 0x6B, 0xF3, 0x9C, 0xB9, 0x18,
    0x92, 0xEB, 0xE9, 0xF7, 0xF5, 0x3F, 0xF9, 0x05, 0xD4, 0x80, 0x0B, 0x82, 0x99, 0x78, 0x55, 0x8F,
    0x0B, 0xAA, 0x6C, 0x61, 0x6B, 0x35, 0xC6, 0x3F, 0x6D, 0x4D, 0x61, 0x55, 0x1F, 0x37, 0x7B, 0xB6,
    0x92, 0xC9, 0xF3, 0x46, 0x49, 0x37, 0x4F, 0xFE, 0x27, 0x16, 0x5E, 0x50, 0x4E, 0x1D, 0x70, 0xC8,
    0x93, 0x66, 0xB1, 0x5D, 0xBA, 0x15, 0xD6, 0x64, 0xD8, 0x31, 0xD4, 0x15, 0x3D, 0x75, 0x1A, 0xD2,
    0xBA, 0x7D, 0x97, 0x8C, 0xD9, 0x55, 0x9B, 0xFC, 0x2F, 0xFE, 0xE6, 0x8D, 0xA1, 0x14, 0xB4, 0xBB,
    0xE4, 0x6E, 0xF0, 0xFA, 0xC2, 0xB2, 0xCF, 0x5D, 0x1A, 0x70, 0x81, 0xD7, 0x55, 0x2E, 0xA8, 0xEA,
    0x93, 0x1F, 0xD1, 0xE7, 0xC2, 0xAE, 0x16, 0x43, 0xC3, 0x46, 0xFD, 0xD9, 0x3B, 0x81, 0x7C, 0xC3,
    0xC5, 0xF1, 0x00, 0xA3, 0x2E, 0x4C, 0xA4, 0x90, 0x0A, 0x8B, 0x28, 0x2A, 0xFC, 0x67, 0x2E, 0xE4,
    0xE0, 0xA5, 0xD4, 0x12, 0x7E, 0xA8, 0xFE, 0xD7, 0xB3, 0xFC, 0x8A, 0x63, 0x32, 0x79, 0x25, 0xEC,
    0xA0, 0xF1, 0x60, 0x25, 0x66, 0x3C, 0x60, 0x1C, 0x58, 0x7F, 0x89, 0xE3, 0xF9, 0x95, 0x30, 0x1E,
    0x0F, 0xF1, 0x98, 0xBF, 0x52, 0x47, 0x2C, 0x2C, 0x8D, 0x87, 0xD8, 0xD4, 0x53, 0x4E, 0x71, 0xA7,
    0xA0, 0x8C, 0x0B, 0x4A, 0xC8, 0xFF, 0x2E, 0xA4, 0xB0, 0x24, 0x2F, 0xE3, 0x5B, 0x4B, 0xD4, 0x3E,
    0x0A, 0x6D, 0x17, 0x39, 0x04, 0x5F, 0x8D, 0x70, 0xE7, 0x34, 0x2F, 0xF8, 0xAD, 0x37, 0x67, 0xF8,
    0x47, 0x11, 0xF4, 0xA8, 0x77, 0xFD, 0x28, 0x19, 0x8A, 0x75, 0x24, 0xF6, 0x16, 0x5D, 0x0A, 0xE4,
    0xC9, 0xFF, 0x5C, 0x75, 0xBE, 0x6A, 0xD4, 0x22, 0x5E, 0x88, 0x7B, 0x58, 0x61, 0x5E, 0xF4, 0x31,
    0xA0, 0x6F, 0xE0, 0x95, 0xB0, 0x9C, 0x13, 0x7B, 0x35, 0x7F, 0xEB, 0x41, 0x88, 0xD7, 0xEE, 0xE0,
    0x37, 0x50, 0x6F, 0xF3, 0x1B, 0x1C, 0xE4, 0xE5, 0x7F, 0x0D, 0x07, 0x1E, 0xE1, 0x1A, 0x05, 0x6C,
    0xA1, 0x7F, 0x77, 0x8C, 0x57, 0x25, 0xC3, 0xF0, 0x1C, 0xB9, 0x70, 0x74, 0x62, 0x7C, 0x6B, 0x14,
    0xC7, 0x67, 0x6A, 0x12, 0x4E, 0x4B, 0xF2, 0x91, 0x30, 0xEE, 0x7D, 0xFC, 0xA8, 0x77, 0x7D, 0x80,
    0x97, 0xCE, 0x94, 0xF7, 0x44, 0x4C, 0x1F, 0x37, 0x5A, 0xBA, 0xF8, 0xDD, 0xD2, 0xF2, 0xF7, 0x3F,
    0x6E, 0xFA, 0x7A, 0x17, 0x3A, 0x7B, 0xFE, 0x43, 0x31, 0xF9, 0x39, 0x62, 0x52, 0xF8, 0x81, 0xF9,
    0xF6, 0x8D, 0xD0, 0x78, 0x48, 0xB1, 0xB1, 0x08, 0xEC, 0x8F, 0xAE, 0x4A, 0xF0, 0x4C, 0x8F, 0x09,
    0x6B, 0x34, 0x78, 0x5C, 0xA8, 0xA5, 0x28, 0xA2, 0xA5, 0xE5, 0x4B, 0xDF, 0xD0, 0x13, 0x23, 0xAD,
    0xFD, 0xF3, 0x92, 0x2C, 0xC1, 0x02, 0xDC, 0x38, 0xE1, 0x95, 0x4C, 0xC8, 0x8E, 0x2A, 0xF1, 0x6F,
    0xE0, 0x90, 0x11, 0xFF, 0x8A, 0x3E, 0x05, 0x3D, 0xDD, 0x6C, 0x5D, 0xEA, 0x49, 0x68, 0x44, 0x0B,
    0xB1, 0x4A, 0x8E, 0xEF, 0xB2, 0x72, 0x2B, 0x21, 0x5E, 0xD0, 0xE0, 0xEF, 0xB6, 0x6A, 0x7D, 0xF9,
    0x8E, 0xAB, 0x35, 0xC3, 0x1F, 0x07, 0x8A, 0xA9, 0x3A, 0x86, 0x13, 0xC6, 0xC6, 0x0D, 0x12, 0x46,
    0x2A, 0x62, 0xB7, 0x6F, 0xC4, 0xDF, 0x68, 0xE1, 0x91, 0x76, 0x59, 0xE0, 0xC5, 0xD3, 0xCA, 0x7C,
    0x89, 0xCC, 0xAE, 0x74, 0xED, 0x60, 0xF2, 0x3A, 0xCF, 0xD5, 0x90, 0x2C, 0x9C, 0xD5, 0x62, 0x6D,
    0x96, 0xFC, 0xEA, 0xD4, 0xAA, 0xB0, 0x6A, 0x4B, 0x7E, 0x5E, 0x8D, 0x55, 0x5B, 0x32, 0x5E, 0x8D,
    0xCD, 0x6F, 0xCC, 0xE3, 0x0D, 0x77, 0xA9, 0x46, 0x52, 0x59, 0x68, 0x92, 0x9C, 0xB1, 0x7A, 0xFB,
    0x57, 0xF2, 0xA5, 0x03, 0xB9, 0xC6, 0xE9, 0xA0, 0x01, 0xC4, 0xA3, 0xDB, 0xF5, 0xFD, 0x10, 0x5E,
    0x21, 0x2F, 0x43, 0xF2, 0x6B, 0x78, 0x60, 0x85, 0x2F, 0x40, 0x88, 0x95, 0xD5, 0x18, 0x47, 0xB6,
    0x35, 0xEF, 0xBE, 0xA5, 0xB1, 0x79, 0x0E, 0x23, 0xF3, 0x3D, 0x32, 0xAC, 0x41, 0x2D, 0x79, 0xF5,
    0x85, 0x5C, 0x82, 0x80, 0x3D, 0xC0, 0x34, 0xE1, 0x97, 0x4C, 0xE2, 0x91, 0x3D, 0x82, 0x85, 0xA1,
    0x60, 0xA5, 0xC6, 0x8E, 0x79, 0x96, 0x0E, 0xF0, 0xF6, 0xD7, 0x08, 0x45, 0xD9, 0xE4, 0x01, 0xBE,
    0x13, 0x36, 0xE6, 0xBB, 0xD1, 0x32, 0x53, 0x37, 0x3E, 0xF5, 0xBA, 0x92, 0x5D, 0x98, 0x5A, 0xD3,
    0xCA, 0xFC, 0xDE, 0x5A, 0x52, 0xEA, 0x94, 0x1B, 0x86, 0x85, 0x29, 0x2F, 0x35, 0xB4, 0x8D, 0x47,
    0x20, 0xC5, 0x18, 0x45, 0x77, 0x1E, 0xBA, 0x7F, 0xF3, 0x5A, 0x90, 0x6B, 0x52, 0xB8, 0xC2, 0x7D,
    0x96, 0x04, 0x62, 0x2E, 0x1D, 0xDD, 0x61, 0x64, 0xD6, 0x93, 0x3B, 0x3E, 0x65, 0xFB, 0x1F, 0x19,
    0xE6, 0xB2, 0x3D, 0x6E, 0x0D, 0x2B, 0xF9, 0x7B, 0x9E, 0x09, 0x47, 0x5C, 0x60, 0x98, 0xA8, 0x1B,
    0xC4, 0x40, 0xCB, 0x88, 0xF6, 0x47, 0xBB, 0xEE, 0xFE, 0x05, 0xCE, 0xDF, 0xCC, 0x5D, 0xD7, 0xB7,
    0xE1, 0xF1, 0xE4, 0x7A, 0xFC, 0x26, 0x47, 0xCA, 0xD7, 0x33, 0xAF, 0x7B, 0x07, 0xA7, 0xA1, 0xD9,
    0xF6, 0xA2, 0xFF, 0xC1, 0x80, 0x82, 0xAF, 0x2C, 0xF2, 0x2F, 0x15, 0x64, 0xF4, 0x94, 0x8F, 0xB0,
    0xEE, 0xD3, 0x56, 0x79, 0x1B, 0x1B, 0xCA, 0x79, 0x5C, 0x29, 0x67, 0xEB, 0x6F, 0xF8, 0x7B, 0x32,
    0x6C, 0xFF, 0xAF, 0xC8, 0x7A, 0x15, 0xA6, 0x34, 0xB3, 0x41, 0xE7, 0x7C, 0x46, 0x33, 0x85, 0xCD,
    0x7D, 0x83, 0xB2, 0xF6, 0xB0, 0x08, 0xB3, 0x3F, 0x26, 0x97, 0x21, 0x1E, 0x1C, 0xA1, 0x11, 0x73,
    0x5C, 0xA5, 0xB5, 0x4C, 0x30, 0x3D, 0xB2, 0x96, 0xD6, 0x97, 0x12, 0x4B, 0xE7, 0x5C, 0x9A, 0xE6,
    0x0C, 0x37, 0x3E, 0x03, 0xBD, 0xAD, 0x4B, 0x05, 0xB6, 0x07, 0xE7, 0xDE, 0xE7, 0xFD, 0x52, 0x7E,
    0x27, 0x85, 0xDF, 0x54, 0x42, 0xD2, 0xB3, 0x7D, 0xD7, 0xF0, 0x65, 0x94, 0xB8, 0xAE, 0xF3, 0x3B,
    0x44, 0x72, 0xBE, 0xA7, 0xD1, 0xFC, 0xFC, 0x5F, 0xAD, 0x91, 0xC1, 0x09, 0xC3, 0x30, 0x0C, 0x45,
    0x7F, 0xED, 0x01, 0x3A, 0x4A, 0x46, 0xC8, 0x64, 0x81, 0x42, 0x17, 0xC8, 0x08, 0x39, 0xD7, 0x43,
    0xD8, 0x74, 0x83, 0xD2, 0x05, 0x3C, 0x82, 0x0E, 0x3E, 0x19, 0x63, 0x55, 0x56, 0x48, 0x29, 0xA1,
    0x29, 0x6D, 0xA8, 0x41, 0xEF, 0x83, 0x24, 0x23, 0xA4, 0x0F, 0x1F, 0x3C, 0x19, 0xBE, 0x32, 0xD9,
    0x7A, 0xAE, 0x93, 0x25, 0x4B, 0x58, 0x81, 0xE5, 0x91, 0xC2, 0x65, 0x97, 0xDF, 0xB6, 0xFC, 0x0E,
    0xF8, 0x5B, 0x32, 0x7C, 0x2F, 0x32, 0xB5, 0x58, 0x3A, 0xA4, 0x96, 0x5A, 0x42, 0x46, 0x95, 0x16,
    0x2E, 0x5F, 0xA4, 0x86, 0x5D, 0x01, 0x1F, 0x00, 0xC3, 0xA1, 0xC0, 0xD6, 0x53, 0x81, 0xA6, 0x56,
    0xE0, 0x56, 0x55, 0xB8, 0xBC, 0xD1, 0xF2, 0x1D, 0x78, 0x14, 0xF8, 0x28, 0xE8, 0xA2, 0x68, 0x97,
    0x06, 0xC3, 0xD1, 0x27, 0xB6, 0x75, 0xE4, 0x89, 0xB5, 0x6B, 0x50, 0xE2, 0x95, 0xED, 0xA2, 0xBA,
    0xE7, 0xBC, 0x69, 0x9D, 0x77, 0xC5, 0x9F, 0x89, 0xE6, 0x6F, 0xBB, 0x84, 0x38, 0xDC, 0x43, 0x3D,
    0xEE, 0x67, 0x07, 0x36, 0x44, 0x8D, 0x7E, 0x8A, 0x3A, 0xFE, 0xF9, 0xC3, 0x4E, 0x89, 0x2A, 0x1D,
    0xA9, 0x1C, 0xE9, 0x01, 0xFB, 0xFF, 0xFF, 0xFF, 0x9F, 0x0F, 0x0C, 0x0C, 0x36, 0x4F, 0x18, 0x18,
    0x72, 0xCE, 0x30, 0x30, 0x9C, 0x39, 0xC6, 0xC0, 0xE4, 0x73, 0x98, 0x81, 0x89, 0xE7, 0xC0, 0x01,
    0x1E, 0x9E, 0x03, 0x13, 0x34, 0x78, 0x0E, 0x18, 0x18, 0xF0, 0x1C, 0x90, 0x68, 0xE0, 0x39, 0xC0,
    0x09, 0xC4, 0xCC, 0x0C, 0x3C, 0x07, 0xB8, 0x80, 0x34, 0x08, 0x82, 0xC4, 0x17, 0xA8, 0x80, 0xD5,
    0x1D, 0x76, 0x60, 0xE3, 0x01, 0xE9, 0x03, 0xE9, 0x07, 0x99, 0x03, 0x32, 0xEF, 0x3F, 0xD0, 0x5C,
    0x00, 0xD5, 0x5B, 0x4F, 0x8C, 0x1C, 0x55, 0x7A, 0xFF, 0xAA, 0xCA, 0x9E, 0xB2, 0x5D, 0x4C, 0x97,
    0xA3, 0xEC, 0xAE, 0x16, 0x33, 0x33, 0x4D, 0xA4, 0xAC, 0x44, 0x48, 0xCF, 0xB4, 0x11, 0x1C, 0x5A,
    0xD9, 0x9A, 0xA9, 0x22, 0x3E, 0x3A, 0x11, 0x1C, 0xD6, 0x7B, 0x00, 0x29, 0xE2, 0xB0, 0x52, 0x12,
    0xB4, 0x92, 0x7D, 0x68, 0x69, 0x7D, 0x18, 0xD3, 0x65, 0x1C, 0x69, 0x0F, 0xB0, 0xC1, 0x97, 0x28,
    0x87, 0x24, 0x8A, 0x23, 0xB1, 0x52, 0x18, 0xA4, 0x75, 0x69, 0x45, 0xA2, 0x89, 0x34, 0x9E, 0xAE,
    0xF5, 0x1C, 0x2C, 0xAD, 0x23, 0xB6, 0x10, 0x52, 0x72, 0x58, 0x6D, 0x52, 0x80, 0x91, 0x02, 0x46,
    0xCB, 0xB3, 0x5C, 0xAC, 0x7B, 0x86, 0x9E, 0x7E, 0xF9, 0x7D, 0xDF, 0x7B, 0xD5, 0x33, 0x66, 0x6C,
    0x63, 0xC0, 0x18, 0xDC, 0x6E, 0xFB, 0x7D, 0x5D, 0xFD, 0xBA, 0xEA, 0xBD, 0xDF, 0xFB, 0x7D, 0x7F,
    0xDF, 0x33, 0x11, 0x5E, 0x09, 0x99, 0x97, 0x33, 0xB0, 0x02, 0xB5, 0xEB, 0x2B, 0x7E, 0x2A, 0xED,
    0xFD, 0xDE, 0x1B, 0xF2, 0xF1, 0x65, 0x7D, 0x52, 0xB1, 0xE0, 0xEB, 0xB7, 0xCB, 0x07, 0x83, 0x9C,
    0x28, 0x0C, 0xF3, 0x65, 0x8A, 0x71, 0x2D, 0xF4, 0xCA, 0x39, 0x3A, 0x7E, 0x8C, 0x28, 0x48, 0x06,
    0x41, 0xAA, 0x32, 0x22, 0xAF, 0x58, 0x70, 0x4B, 0x16, 0xC2, 0x2A, 0x4C, 0x97, 0x59, 0x98, 0x9D,
    0xF7, 0x8A, 0x39, 0x85, 0x3E, 0x51, 0x98, 0x54, 0x81, 0xEA, 0xE0, 0x8A, 0x57, 0xCC, 0xBB, 0x2A,
    0x42, 0x9F, 0xA4, 0x0A, 0x49, 0xCD, 0x42, 0x28, 0xE6, 0x1D, 0x2A, 0x1B, 0x44, 0x0B, 0x55, 0x98,
    0xB8, 0x79, 0x40, 0x74, 0x6C, 0xDE, 0xCB, 0xF1, 0x27, 0xA5, 0x2C, 0x4C, 0x12, 0x2F, 0xF5, 0x72,
    0x8A, 0xBC, 0x82, 0xBC, 0xD4, 0x29, 0xA8, 0x49, 0x0A, 0x02, 0x95, 0xE4, 0xE7, 0xFB, 0x09, 0x5F,
    0x28, 0xF7, 0x17, 0x18, 0x0A, 0xBE, 0xC8, 0x9C, 0x72, 0x11, 0xC3, 0x54, 0xA4, 0xB2, 0xE5, 0x26,
    0x84, 0x07, 0x09, 0x0F, 0x41, 0x07, 0xBC, 0xCA, 0x66, 0x42, 0x3C, 0x07, 0xA7, 0xF0, 0x73, 0x9A,
    0x87, 0x20, 0x97, 0x43, 0x60, 0x20, 0x73, 0xF5, 0x4A, 0x7C, 0x90, 0x39, 0x0F, 0x89, 0x16, 0x0D,
    0x18, 0x85, 0x2F, 0x93, 0x26, 0x57, 0x6B, 0x03, 0x07, 0x1D, 0x78, 0x99, 0xFF, 0x7D, 0x52, 0x64,
    0x7F, 0x53, 0x9A, 0xB0, 0x29, 0xDF, 0x35, 0x5C, 0xE9, 0x1B, 0xD2, 0x39, 0x69, 0xF2, 0x90, 0xAF,
    0xB6, 0x2B, 0x8F, 0xAF, 0x46, 0x0B, 0xB4, 0x82, 0xA6, 0x13, 0xE4, 0xFC, 0x84, 0x59, 0xA7, 0xE2,
    0x27, 0x86, 0x49, 0xC4, 0x23, 0xF0, 0xDE, 0x9B, 0xE6, 0x61, 0xF9, 0x5A, 0x13, 0x90, 0x8A, 0x4F,
    0x1F, 0x2D, 0x3B, 0xE4, 0x0E, 0xC8, 0x19, 0xB6, 0x70, 0x13, 0x74, 0x9E, 0xC6, 0x58, 0xDB, 0x45,
    0xD8, 0xA0, 0x8E, 0x3B, 0x1A, 0xF8, 0x2F, 0x51, 0xA7, 0x99, 0x46, 0xDE, 0x45, 0x8A, 0x37, 0xA9,
    0x41, 0xBF, 0xA6, 0x66, 0x81, 0x27, 0xFA, 0x49, 0xAF, 0xA0, 0x00, 0x8D, 0x52, 0xDC, 0xF0, 0x94,
    0x43, 0x08, 0x6A, 0x86, 0x66, 0x21, 0xA8, 0x20, 0x5D, 0x41, 0x93, 0xB9, 0x5A, 0xD1, 0x34, 0x75,
    0xE8, 0x61, 0x8C, 0x87, 0x5A, 0x3C, 0xC8, 0x8E, 0x99, 0xB0, 0x02, 0x8A, 0x80, 0xA5, 0x14, 0x1A,
    0xF0, 0xDA, 0xC6, 0xA9, 0xB3, 0x2A, 0x6B, 0xAD, 0x4B, 0x99, 0xF3, 0x2B, 0x96, 0x14, 0xDF, 0xB0,
    0x6D, 0x0D, 0xC6, 0x3B, 0x85, 0xE1, 0x4A, 0xA1, 0x6C, 0x9B, 0x5D, 0xD7, 0xBA, 0xB9, 0x69, 0xBD,
    0xBA, 0x4D, 0x4D, 0x1B, 0x92, 0xE9, 0x3F, 0x4F, 0x72, 0x7B, 0xB7, 0x72, 0xF3, 0x6F, 0x0A, 0x64,
    0xEE, 0x87, 0x1A, 0x4F, 0x5F, 0x20, 0x6F, 0xF4, 0x77, 0x8A, 0x87, 0x15, 0x60, 0xE9, 0x79, 0x51,
    0x31, 0xCA, 0xEC, 0xE1, 0xB3, 0x39, 0xB7, 0xAA, 0x37, 0x4A, 0xC8, 0xFF, 0xAF, 0xBE, 0xEA, 0xF2,
    0x0D, 0xB5, 0x1E, 0x72, 0x1B, 0x54, 0x34, 0xC3, 0x6D, 0x33, 0xA7, 0x06, 0xB7, 0x3D, 0xD3, 0xBA,
    0x57, 0x4A, 0x3A, 0xD1, 0xE5, 0x1B, 0x6B, 0x3D, 0x40, 0xBB, 0x87, 0x36, 0x96, 0xB8, 0xE5, 0x5B,
    0xB6, 0xA4, 0xCD, 0x69, 0xAA, 0x2B, 0xD4, 0x30, 0x9F, 0x49, 0xBF, 0xB7, 0xD2, 0xD3, 0x09, 0x39,
    0x5A, 0xAB, 0x58, 0x57, 0x18, 0x38, 0xAF, 0x53, 0x2F, 0x11, 0x12, 0x52, 0xB0, 0xFE, 0xA7, 0x1F,
    0x05, 0xAC, 0x31, 0x7D, 0x8D, 0xB5, 0xE2, 0xD7, 0x91, 0xC7, 0xFF, 0xD5, 0x22, 0xF2, 0x3D, 0xFE,
    0xE7, 0xA8, 0xD6, 0x23, 0x86, 0x6D, 0xF4, 0x0F, 0x1B, 0x87, 0x79, 0xED, 0x53, 0xFE, 0xDD, 0xC3,
    0xAF, 0x0E, 0x88, 0xDB, 0x1E, 0x40, 0x73, 0x37, 0x74, 0x69, 0x9E, 0xB3, 0xB1, 0xDC, 0x35, 0xC8,
    0x5F, 0x37, 0x0E, 0xB4, 0xFC, 0x79, 0x17, 0x7D, 0x74, 0x64, 0x85, 0xC7, 0x9D, 0xF6, 0x75, 0x85,
    0xD6, 0xBF, 0x62, 0x3E, 0xD3, 0xAA, 0x9D, 0x5F, 0xDB, 0xB6, 0x61, 0x69, 0x5A, 0x5F, 0x6F, 0xAC,
    0xF4, 0xD6, 0xD1, 0x5E, 0xD6, 0x55, 0xAC, 0x0D, 0x4E, 0xE4, 0x1A, 0xDC, 0x04, 0xC7, 0x84, 0xDB,
    0x45, 0xF2, 0xD6, 0x13, 0xE0, 0xDA, 0x4C, 0x81, 0x1B, 0x56, 0xCE, 0x55, 0x6E, 0xFE, 0x2C, 0x8F,
    0xE2, 0x84, 0x59, 0x87, 0xF1, 0xBA, 0xF8, 0xA9, 0xBA, 0x6E, 0xDD, 0xEA, 0x75, 0xFC, 0xE4, 0xFA,
    0xD6, 0xEB, 0x4E, 0x6F, 0x17, 0xD7, 0xF3, 0xE2, 0x8F, 0x6A, 0x6B, 0xB2, 0xDF, 0xB6, 0x9D, 0xC0,
    0xB6, 0xCC, 0x37, 0xF7, 0x34, 0x75, 0x98, 0x7E, 0x61, 0xF5, 0xCC, 0x43, 0x0F, 0xF1, 0xE3, 0x41,
    0x65, 0xDA, 0xE3, 0xFD, 0x4E, 0x87, 0x4F, 0x90, 0xB3, 0x19, 0xF6, 0x4F, 0xFD, 0xCA, 0xEB, 0xBB,
    0xE5, 0x64, 0x98, 0x5E, 0x3B, 0xF5, 0x31, 0x26, 0xEA, 0x15, 0xF1, 0xF9, 0xF3, 0x39, 0xE6, 0x50,
    0x85, 0x6F, 0xAE, 0xAD, 0x6D, 0x06, 0xE5, 0xBC, 0x77, 0x75, 0xED, 0xE2, 0x3F, 0xCF, 0xC1, 0x4A,
    0xFC, 0xEE, 0xFC, 0xEB, 0x61, 0x07, 0x96, 0x64, 0xE1, 0xFC, 0x07, 0xD3, 0x11, 0x77, 0x28, 0x86,
    0xD1, 0x9C, 0x5B, 0xC0, 0x6C, 0x0C, 0xA2, 0x30, 0x7D, 0xED, 0x3E, 0xA2, 0xE5, 0x4E, 0x5C, 0xCE,
    0xF2, 0x83, 0x3B, 0xD9, 0x32, 0xAF, 0x5D, 0xAB, 0x93, 0xCD, 0xB9, 0xAC, 0xAC, 0x9D, 0xC5, 0x80,
    0x07, 0x1B, 0x76, 0x9A, 0x2E, 0x4F, 0x3E, 0xE8, 0xF8, 0xB9, 0x18, 0x81, 0xE3, 0x8E, 0xCC, 0xC9,
    0x3B, 0x6E, 0x4C, 0x00, 0x5A, 0xB6, 0x22, 0xF8, 0x5E, 0x74, 0x84, 0xC2, 0x2E, 0x49, 0x87, 0x69,
    0x65, 0x6C, 0xC4, 0xBC, 0x35, 0x1A, 0xD7, 0x72, 0x31, 0x27, 0xDE, 0x87, 0xDC, 0xB9, 0xA2, 0x70,
    0xC8, 0xED, 0x02, 0xF5, 0x05, 0xD8, 0x40, 0x68, 0x81, 0xD7, 0x92, 0xB1, 0xB7, 0xCE, 0xF7, 0xA8,
    0xB6, 0x2A, 0xC6, 0xEE, 0xF6, 0x2E, 0x39, 0x7D, 0x86, 0x10, 0x6A, 0x2F, 0x7F, 0xC9, 0xD8, 0x0E,
    0x51, 0x11, 0x5E, 0x8F, 0x9C, 0xEC, 0xCA, 0x28, 0x6B, 0xCA, 0xA0, 0xC0, 0x81, 0xB9, 0xD7, 0x8C,
    0xB5, 0x59, 0x68, 0x5A, 0x64, 0xB5, 0x2C, 0xB2, 0x42, 0xDE, 0xC5, 0x5A, 0x53, 0x3B, 0xE1, 0xF5,
    0x8A, 0x73, 0x7E, 0x97, 0x8A, 0xE2, 0x82, 0xD5, 0x03, 0x86, 0xC2, 0x5C, 0x51, 0x25, 0xC1, 0x2C,
    0xE2, 0x9D, 0x95, 0x76, 0xAD, 0xB6, 0x04, 0xBB, 0xBA, 0xE8, 0x1C, 0xAE, 0x27, 0xF4, 0x2D, 0x0D,
    0x9B, 0x7A, 0xDF, 0x01, 0xAD, 0x37, 0x0E, 0x51, 0xD9, 0x35, 0x23, 0x74, 0x8A, 0x28, 0xD0, 0xEF,
    0x2F, 0xF5, 0x47, 0x5E, 0xDE, 0x02, 0xA9, 0xA0, 0x8E, 0x5E, 0xDA, 0x20, 0x16, 0x54, 0x80, 0x11,
    0xC6, 0x03, 0x57, 0xE7, 0x33, 0xAC, 0x46, 0x97, 0x9C, 0x73, 0x18, 0x33, 0xC6, 0xDF, 0x06, 0x47,
    0x2C, 0x76, 0xF0, 0x13, 0x4C, 0x46, 0xBE, 0x0F, 0xE6, 0xE2, 0x55, 0x00, 0x46, 0x60, 0xEB, 0x9D,
    0xA6, 0xA3, 0x42, 0xA8, 0x09, 0xAD, 0xD7, 0xCD, 0x08, 0x76, 0xFF, 0xD4, 0x0E, 0x65, 0xF7, 0x91,
    0x2F, 0x00, 0x9D, 0x61, 0xE9, 0x22, 0x05, 0x86, 0xA6, 0x73, 0x3B, 0xA0, 0xF3, 0xB7, 0x43, 0x37,
    0x41, 0xB4, 0x57, 0xA8, 0x1E, 0x97, 0xD4, 0x17, 0xE8, 0xAA, 0xD7, 0x9C, 0xB7, 0x14, 0x43, 0x57,
    0x76, 0x58, 0x25, 0xD4, 0x4E, 0xC4, 0xB6, 0xA0, 0x0B, 0xE0, 0x27, 0x9C, 0x9F, 0xA1, 0x73, 0x5B,
    0x8F, 0x5E, 0x85, 0xF7, 0x50, 0x59, 0xE4, 0xF5, 0xF5, 0x07, 0x5E, 0x5E, 0x76, 0x67, 0x3D, 0x3A,
    0x73, 0x9F, 0x7F, 0xB2, 0x88, 0x9A, 0xEF, 0x40, 0xE8, 0x1F, 0xCA, 0x5B, 0x41, 0xFF, 0xDD, 0x7F,
    0xEB, 0xFF, 0xD6, 0x4B, 0x43, 0x6F, 0x0D, 0x7D, 0x22, 0xD8, 0xEE, 0xE4, 0x2A, 0xBE, 0x52, 0x0C,
    0x5D, 0x9B, 0xCE, 0x84, 0x3C, 0x2C, 0xE5, 0x56, 0xFF, 0x32, 0xE0, 0xB9, 0x9C, 0xA0, 0x07, 0x46,
    0x89, 0x5F, 0x6C, 0x9B, 0xA9, 0xC7, 0x73, 0x1F, 0x6E, 0x47, 0x63, 0x1B, 0x74, 0x13, 0xB5, 0xF1,
    0x1E, 0xD3, 0x6E, 0x1B, 0x7A, 0x30, 0xF5, 0xF8, 0x85, 0xA1, 0xD4, 0x18, 0x41, 0x12, 0xBF, 0x43,
    0xB1, 0xB5, 0xD1, 0x16, 0x45, 0xA6, 0x35, 0xDF, 0x44, 0xD9, 0x85, 0x23, 0xB3, 0x88, 0x81, 0xD8,
    0x74, 0x44, 0x00, 0xF8, 0x95, 0xCF, 0xD3, 0x3F, 0x27, 0x1E, 0x6E, 0x46, 0x78, 0xFF, 0x63, 0x8C,
    0x30, 0xEA, 0xC8, 0xCD, 0xD7, 0x70, 0x8B, 0xEE, 0xFE, 0xFB, 0x31, 0x9E, 0xE4, 0x71, 0xFC, 0x3A,
    0x73, 0x60, 0xA6, 0xE2, 0x8A, 0x0D, 0x8F, 0xF2, 0xE0, 0xBA, 0xAB, 0x16, 0x4F, 0x4D, 0xB9, 0xB0,
    0x18, 0xC9, 0x2E, 0x16, 0x3F, 0x36, 0x50, 0xAE, 0xC2, 0x8E, 0x69, 0xF3, 0xB4, 0xDE, 0x80, 0xC2,
    0xE7, 0xCD, 0x50, 0x3B, 0x6D, 0xC4, 0x0F, 0x46, 0x6C, 0x79, 0x79, 0xC7, 0x7B, 0x69, 0x23, 0xA1,
    0x03, 0x7A, 0xCA, 0x29, 0x1E, 0xF3, 0xFF, 0x4C, 0x08, 0x3A, 0x49, 0x45, 0x27, 0x10, 0x7C, 0x9A,
    0x21, 0x15, 0xF3, 0xB3, 0x96, 0xA4, 0x7F, 0x9F, 0x87, 0x43, 0x4B, 0x53, 0x58, 0xF9, 0x27, 0x0C,
    0x51, 0xC3, 0xFD, 0x3C, 0x8B, 0x36, 0xA8, 0x9A, 0xCE, 0xC9, 0xDC, 0x84, 0xAC, 0x8B, 0x86, 0x33,
    0x96, 0xAE, 0x8C, 0x3A, 0xE3, 0x20, 0x23, 0x19, 0xE3, 0xBE, 0x1D, 0xF9, 0x6D, 0xD8, 0x6F, 0x47,
    0xFF, 0x46, 0xF8, 0xDF, 0x71, 0xB5, 0x97, 0x70, 0x86, 0xD5, 0x1E, 0xFE, 0xA0, 0x2F, 0xDC, 0x0D,
    0x15, 0x69, 0xE1, 0x6E, 0x13, 0x42, 0xC2, 0xDC, 0x35, 0x02, 0xB8, 0x2B, 0x5F, 0x31, 0x77, 0xA5,
    0x33, 0x53, 0x96, 0xE3, 0xAA, 0x3B, 0xAB, 0xF6, 0xEB, 0x13, 0x56, 0xED, 0x2B, 0x67, 0xF3, 0x5E,
    0x53, 0xFB, 0xB1, 0x87, 0x6B, 0x03, 0x9F, 0x94, 0xA1, 0xDB, 0x18, 0xB8, 0x1B, 0xA2, 0xF6, 0xC5,
    0x94, 0x97, 0x1C, 0xBB, 0xB5, 0xDA, 0x6F, 0x41, 0x27, 0x94, 0xBC, 0x3D, 0xE8, 0x42, 0x4B, 0x44,
    0x40, 0x27, 0x34, 0xBC, 0xA1, 0xC5, 0x1C, 0x13, 0xF0, 0x33, 0xAA, 0xBD, 0x73, 0x64, 0xBB, 0xD2,
    0x3B, 0xB5, 0xCE, 0x17, 0xFE, 0x18, 0x3D, 0xD6, 0x76, 0x73, 0xD3, 0xD9, 0xB2, 0xC6, 0xAF, 0xCA,
    0xAC, 0xBE, 0x4B, 0xF8, 0x2C, 0xF7, 0x76, 0xF2, 0x69, 0x0B, 0x21, 0x8F, 0xD8, 0x60, 0xE8, 0x25,
    0x3E, 0xCD, 0x1A, 0x09, 0x7F, 0x22, 0x2B, 0xF9, 0xD4, 0xB5, 0x9E, 0x28, 0x40, 0xDC, 0x81, 0x1C,
    0xA1, 0xFF, 0x06, 0x9C, 0xB0, 0xA2, 0xF5, 0x15, 0xF7, 0xDD, 0xAA, 0x57, 0x41, 0x4A, 0xF7, 0xB8,
    0x09, 0x22, 0x73, 0x1A, 0x03, 0x77, 0x4B, 0x09, 0xE0, 0xD7, 0x70, 0x92, 0xE0, 0x39, 0x3A, 0x94,
    0x94, 0x64, 0x00, 0x7D, 0x00, 0xB1, 0x9C, 0x41, 0x54, 0x83, 0xC7, 0x16, 0x52, 0x44, 0x6D, 0x63,
    0x4C, 0x19, 0xD4, 0x75, 0xB8, 0xA1, 0x39, 0xAA, 0x51, 0x5D, 0xB4, 0x9A, 0x7D, 0x5A, 0x28, 0x72,
    0x62, 0x6C, 0xE0, 0xB6, 0xF4, 0x7A, 0x9B, 0x5A, 0x6F, 0x69, 0xF5, 0x36, 0xA5, 0xDE, 0xD2, 0xE9,
    0x2F, 0x9D, 0x98, 0x1C, 0x78, 0xB2, 0xB1, 0xEB, 0x9A, 0x1B, 0x0A, 0x31, 0x53, 0x7E, 0x83, 0x98,
    0xEE, 0x80, 0x2F, 0x82, 0x98, 0xC2, 0x1A, 0x10, 0xD3, 0x43, 0x9C, 0x11, 0x0C, 0xC1, 0x47, 0x8F,
    0xAD, 0xC4, 0xD4, 0xD7, 0x9A, 0x98, 0xBB, 0x97, 0x96, 0x24, 0x8B, 0x7A, 0x80, 0x1F, 0x31, 0xE0,
    0x18, 0xF6, 0x3D, 0xA2, 0xA7, 0x91, 0x70, 0xB4, 0x07, 0xF4, 0xAD, 0x97, 0xA9, 0xB9, 0x09, 0xED,
    0x0B, 0x34, 0x82, 0x70, 0x0D, 0xC3, 0xD5, 0x3F, 0xED, 0xF4, 0x13, 0x34, 0x97, 0x31, 0x21, 0xFF,
    0x9A, 0xA6, 0x58, 0x5F, 0x22, 0x58, 0xA6, 0x4D, 0x4E, 0x51, 0xF8, 0x55, 0xF2, 0x02, 0xF0, 0x0B,
    0x21, 0x58, 0x8E, 0x30, 0x7C, 0x03, 0xC9, 0x4C, 0x58, 0xD3, 0x68, 0x86, 0xAC, 0xED, 0xB4, 0xA8,
    0xB6, 0x2C, 0x51, 0xF1, 0x45, 0x87, 0x7A, 0xA9, 0x33, 0x42, 0xD7, 0xAE, 0xB3, 0xA1, 0xFC, 0xCB,
    0x39, 0x67, 0x49, 0xE9, 0x31, 0xDF, 0xC9, 0x99, 0xB8, 0xF2, 0xBA, 0x91, 0xD0, 0xAD, 0x97, 0xA9,
    0x53, 0x0B, 0x11, 0x62, 0x76, 0xBC, 0x67, 0x70, 0x6F, 0xF0, 0x6C, 0x05, 0x4D, 0x83, 0x82, 0x8D,
    0xB3, 0x15, 0x71, 0x22, 0x46, 0xFD, 0x11, 0xC7, 0xDF, 0xC6, 0x84, 0x63, 0x60, 0x12, 0x70, 0xCA,
    0xC7, 0x65, 0x16, 0x9A, 0x35, 0xEB, 0x38, 0x43, 0x64, 0x17, 0x6A, 0x72, 0x4E, 0x99, 0xB2, 0x89,
    0x1E, 0xB5, 0xD1, 0x44, 0x86, 0xE5, 0x4E, 0xB0, 0x6E, 0x6F, 0xCD, 0xBA, 0xE7, 0x2C, 0xEB, 0xEA,
    0xC4, 0xB5, 0x65, 0x88, 0x08, 0xD6, 0x4D, 0x5C, 0x67, 0x0E, 0x8F, 0x89, 0x27, 0x49, 0x08, 0xA9,
    0x6C, 0x29, 0x71, 0x23, 0xE8, 0x67, 0x02, 0xC8, 0x15, 0xF1, 0x24, 0x10, 0xB0, 0x02, 0x99, 0x44,
    0x92, 0x4F, 0x0D, 0x6E, 0xC8, 0xBA, 0x5A, 0xB0, 0x18, 0x82, 0x75, 0x8C, 0x98, 0x03, 0x43, 0x1B,
    0xB1, 0x1B, 0x68, 0xE3, 0x59, 0x2D, 0x24, 0x58, 0xDF, 0xDF, 0x14, 0xE3, 0x82, 0x0C, 0x8B, 0x93,
    0x17, 0xF8, 0x3A, 0xE7, 0x49, 0x5E, 0xA6, 0xB1, 0xF7, 0x1B, 0xCF, 0xE2, 0x73, 0x9B, 0xC3, 0xBB,
    0x19, 0x40, 0x26, 0x74, 0xFF, 0xCD, 0x02, 0xC8, 0xC8, 0xBB, 0x49, 0x00, 0xE9, 0x3C, 0x02, 0x58,
    0xBE, 0x03, 0xE8, 0xFC, 0x1F, 0xE1, 0x2E, 0x8F, 0xA2, 0xF3, 0xE4, 0x6F, 0x88, 0xF6, 0x2D, 0x01,
    0xBA, 0x5D, 0x7F, 0x83, 0x1E, 0x29, 0x95, 0x63, 0x1F, 0x35, 0x7E, 0x56, 0x8B, 0x6B, 0x21, 0x2D,
    0x81, 0xCE, 0x1D, 0x21, 0xDF, 0x14, 0xE8, 0x58, 0x3D, 0xEF, 0x28, 0x74, 0xCE, 0x16, 0x74, 0xEB,
    0xE3, 0xD8, 0x71, 0x0C, 0xDD, 0x70, 0x0C, 0x5D, 0x62, 0xA1, 0x63, 0xB8, 0x0C, 0x73, 0xAB, 0x1A,
    0xBA, 0xA8, 0x86, 0xAE, 0x59, 0x43, 0x17, 0x24, 0xB3, 0xF5, 0x2C, 0xEC, 0x74, 0xDC, 0xA2, 0x4B,
    0x12, 0x27, 0x52, 0x99, 0x31, 0xAF, 0x10, 0x25, 0x2A, 0xE5, 0x15, 0x15, 0x55, 0x27, 0x00, 0x8B,
    0x03, 0xBF, 0x91, 0xEC, 0xA1, 0x63, 0x35, 0x62, 0xDD, 0x9D, 0x82, 0x32, 0x21, 0xD2, 0x83, 0x5D,
    0x4B, 0xBB, 0xD7, 0xB2, 0xEC, 0x35, 0x4B, 0xC3, 0x6E, 0x64, 0x06, 0xA6, 0x22, 0x79, 0x7C, 0xF0,
    0x51, 0xD1, 0x12, 0xD3, 0x3F, 0x17, 0xE7, 0xA1, 0xC3, 0x63, 0x1D, 0x84, 0x29, 0xE2, 0x17, 0x24,
    0x44, 0x8A, 0xEB, 0x4D, 0xFE, 0xE8, 0xD5, 0xD1, 0xA2, 0x8B, 0x24, 0x09, 0xA9, 0x7D, 0x31, 0xE5,
    0x4A, 0xD5, 0x08, 0xDA, 0x0B, 0x81, 0x67, 0xBA, 0xC2, 0xE0, 0xF2, 0xDC, 0x9B, 0x12, 0x95, 0xF5,
    0x2E, 0x21, 0x7E, 0x99, 0x33, 0xD0, 0x6D, 0x1A, 0x72, 0x01, 0xBA, 0x7D, 0xE9, 0x1D, 0x64, 0x9D,
    0xA8, 0x0C, 0x58, 0xE7, 0xB0, 0x9D, 0xAF, 0x58, 0x61, 0xF9, 0xBB, 0xE7, 0xC0, 0xBA, 0x69, 0xF9,
    0xD5, 0xA1, 0xED, 0xF1, 0x8B, 0x55, 0xB4, 0x2D, 0x1D, 0x74, 0x6C, 0x70, 0x5D, 0x7A, 0xB9, 0x62,
    0xB7, 0x0E, 0xD6, 0x71, 0x10, 0xAE, 0x6E, 0x57, 0x61, 0x77, 0xB2, 0x8E, 0x12, 0xDC, 0x92, 0x59,
    0x87, 0xAC, 0xA0, 0x32, 0xAC, 0xEB, 0x9D, 0x2D, 0x0C, 0xEB, 0x82, 0xD1, 0xD7, 0x4A, 0x61, 0x9D,
    0x84, 0xBE, 0x21, 0x0A, 0x2B, 0x81, 0x30, 0xA0, 0x8B, 0x35, 0x3C, 0x9A, 0xBE, 0x90, 0x46, 0x92,
    0x0D, 0xE8, 0xAB, 0x79, 0xD7, 0x08, 0x57, 0x8A, 0xCC, 0x08, 0xAA, 0x54, 0x5A, 0xFA, 0x28, 0xA5,
    0xFA, 0x1A, 0xBF, 0xD2, 0xA5, 0x2A, 0x63, 0x10, 0xB2, 0xAF, 0xF3, 0xAC, 0x0C, 0x18, 0xBA, 0x11,
    0x43, 0xD7, 0x97, 0x3A, 0xCC, 0xA7, 0x40, 0x37, 0x37, 0x51, 0x1A, 0xE8, 0xB4, 0x94, 0x95, 0x5A,
    0x2C, 0x0C, 0x6A, 0x5B, 0xA7, 0x0C, 0x74, 0x7C, 0x6F, 0x03, 0x1D, 0x22, 0xF5, 0xBB, 0xA4, 0xB0,
    0xB9, 0x55, 0xD8, 0x85, 0x9B, 0x2A, 0xAC, 0xAD, 0x03, 0x6F, 0x25, 0x1C, 0x89, 0xB6, 0xAF, 0xE1,
    0x96, 0xF0, 0x26, 0xFB, 0x70, 0xBC, 0xFB, 0x2F, 0x69, 0x1D, 0x5E, 0x05, 0x64, 0xFD, 0xB3, 0x7A,
    0xD3, 0xBB, 0x06, 0x81, 0xBF, 0x66, 0xDF, 0xCC, 0xC2, 0xC0, 0xB1, 0x42, 0x45, 0x56, 0x50, 0x5C,
    0x4B, 0x53, 0x1F, 0xB3, 0xDF, 0x6E, 0x6B, 0x9D, 0x5D, 0xE9, 0x6F, 0xF2, 0x68, 0xAB, 0xAC, 0x86,
    0x4E, 0x75, 0x6A, 0x0C, 0x23, 0x2E, 0xD4, 0x06, 0x89, 0x9B, 0xCF, 0x92, 0xBF, 0x0E, 0xFE, 0x7B,
    0xB9, 0x40, 0x57, 0xE2, 0x1A, 0x46, 0xE8, 0xBC, 0xCC, 0x46, 0x78, 0x3C, 0xE6, 0xF1, 0x2C, 0xB6,
    0x0C, 0xD1, 0xD8, 0x34, 0xF1, 0xDC, 0x6D, 0xC2, 0x71, 0xC9, 0x26, 0x1C, 0x18, 0xDF, 0xE6, 0x5D,
    0x72, 0x13, 0x4E, 0xC6, 0x16, 0x04, 0x0A, 0xDB, 0x84, 0xCE, 0x39, 0x08, 0x59, 0xBB, 0x12, 0x03,
    0xF8, 0x6F, 0x14, 0x99, 0xA9, 0x29, 0xA7, 0xDB, 0x14, 0xD6, 0x05, 0x0F, 0xDA, 0xB0, 0x7E, 0xA5,
    0x0F, 0x7C, 0xFA, 0x1C, 0xD7, 0xB1, 0xAB, 0xF5, 0x44, 0x80, 0x0B, 0xC6, 0x30, 0x6E, 0x5F, 0x61,
    0xF7, 0x19, 0xD6, 0x11, 0x02, 0x13, 0x61, 0x1D, 0x49, 0x69, 0x98, 0xED, 0x96, 0xB3, 0x2C, 0xAC,
    0x73, 0x39, 0x8A, 0x62, 0xD6, 0x39, 0x4B, 0xAF, 0xDC, 0x2B, 0x1E, 0x76, 0x6C, 0xEB, 0x4C, 0x09,
    0xAB, 0x1C, 0x17, 0xB5, 0xB6, 0x55, 0xB7, 0x8C, 0x90, 0xED, 0x2C, 0x73, 0xDD, 0x1E, 0x74, 0x31,
    0x07, 0x95, 0x0C, 0xDD, 0x81, 0xA5, 0xA5, 0xA5, 0xC4, 0x42, 0x47, 0x16, 0x3A, 0xBA, 0x77, 0x83,
    0x93, 0x9D, 0x6E, 0x62, 0xE9, 0x0C, 0xBF, 0x81, 0x86, 0x96, 0xF7, 0xED, 0xA5, 0xB9, 0xB7, 0x82,
    0xAE, 0x07, 0xE8, 0x0A, 0x86, 0xEE, 0x61, 0x40, 0x97, 0xDE, 0xEB, 0xD0, 0xF9, 0x18, 0x82, 0x8B,
    0xE4, 0xA8, 0xBB, 0xC0, 0x8A, 0xFA, 0x34, 0x14, 0xF6, 0xC1, 0x1B, 0x2A, 0xEC, 0x03, 0x43, 0x40,
    0x27, 0xDE, 0x41, 0x5B, 0x85, 0x25, 0x6D, 0x15, 0x96, 0x56, 0x3F, 0xBB, 0x87, 0x65, 0xCB, 0x26,
    0xD0, 0xF5, 0x6C, 0x48, 0x2C, 0x49, 0x9F, 0x40, 0x97, 0xC2, 0xF9, 0xDE, 0x41, 0x37, 0x31, 0x59,
    0x43, 0xD7, 0xAC, 0x3B, 0xC7, 0x35, 0x74, 0x3F, 0x2F, 0xCD, 0x0D, 0x1D, 0x99, 0xAB, 0xCF, 0x49,
    0x56, 0xC7, 0x6E, 0x1C, 0x25, 0x2D, 0x03, 0x5D, 0x08, 0xC3, 0x22, 0xD0, 0x35, 0x0C, 0x78, 0x21,
    0xEC, 0x4B, 0x50, 0xB3, 0x2E, 0x30, 0xD3, 0x39, 0x61, 0x04, 0xA7, 0xE8, 0x9B, 0xCE, 0x54, 0x5E,
    0x2B, 0x56, 0xCC, 0xE8, 0xAF, 0x68, 0x3B, 0x8D, 0x72, 0xF7, 0xCD, 0x59, 0x37, 0xC1, 0xCE, 0x77,
    0x1D, 0xD0, 0xF9, 0xEF, 0x2B, 0xDA, 0x58, 0xFD, 0x34, 0xE8, 0xEA, 0x52, 0x85, 0xF5, 0x0E, 0xE2,
    0x61, 0x4D, 0x70, 0xE2, 0xAC, 0xBB, 0x95, 0x81, 0x2E, 0xE5, 0x0D, 0xC2, 0xAF, 0x21, 0xEB, 0x3A,
    0x5C, 0x6F, 0x61, 0xE8, 0xD8, 0x93, 0x55, 0x60, 0x5D, 0x53, 0x16, 0xE4, 0x64, 0x91, 0x2D, 0x98,
    0xFB, 0x94, 0x3B, 0x89, 0x74, 0x03, 0x85, 0xF5, 0xE8, 0x20, 0x3D, 0xB3, 0x17, 0xD0, 0x79, 0x40,
    0x6C, 0xF5, 0x1C, 0x77, 0xEE, 0xA7, 0xD4, 0xAC, 0x6E, 0x1B, 0xBA, 0xB1, 0xC2, 0x3E, 0xBC, 0x74,
    0xDA, 0xB0, 0x2E, 0xB6, 0x6E, 0xE2, 0xAB, 0x55, 0xD8, 0x13, 0x36, 0x9B, 0x78, 0xBE, 0xB2, 0xC1,
    0x89, 0x01, 0x11, 0xD0, 0x09, 0xB3, 0x1E, 0xE4, 0x6A, 0x28, 0x67, 0xAC, 0x0C, 0x9D, 0xC9, 0x58,
    0xED, 0x26, 0xC8, 0x90, 0xAC, 0x9B, 0xC0, 0x34, 0x80, 0x06, 0xFA, 0x3C, 0x3B, 0xBC, 0xB9, 0xAD,
    0x6B, 0xA7, 0xA2, 0xB0, 0x3F, 0xA0, 0x7E, 0x29, 0x42, 0x9F, 0xF4, 0x15, 0xA9, 0x03, 0xF8, 0x88,
    0x60, 0xC4, 0x8A, 0x06, 0x10, 0x78, 0x1B, 0x1B, 0x49, 0x00, 0x84, 0x96, 0x5C, 0xE9, 0x4B, 0xDD,
    0x89, 0xBC, 0x04, 0xF1, 0x09, 0xDB, 0xBA, 0x36, 0x89, 0x0F, 0x41, 0xC6, 0xE0, 0x70, 0xA0, 0x21,
    0xB3, 0x70, 0xEA, 0x2C, 0x89, 0x85, 0xBB, 0x1A, 0x9C, 0xEC, 0x4E, 0xE8, 0x9B, 0xCC, 0xBA, 0x93,
    0xC8, 0x0F, 0xDB, 0x15, 0x58, 0x67, 0x92, 0x08, 0x0E, 0x4E, 0xB8, 0xCB, 0xAE, 0x1B, 0xBB, 0x89,
    0x03, 0x08, 0x21, 0xD8, 0xC3, 0x3A, 0x1C, 0xB3, 0x99, 0x8C, 0x6C, 0xD9, 0x2D, 0x17, 0x6F, 0x3F,
    0x87, 0x5D, 0xA9, 0x73, 0xD8, 0xA3, 0x75, 0x0E, 0xEB, 0xD7, 0xAC, 0x6B, 0xD6, 0xAC, 0x8B, 0x6B,
    0xD6, 0x05, 0xB5, 0x9B, 0xF0, 0x6B, 0x37, 0x71, 0xB4, 0x76, 0x13, 0xCB, 0x5F, 0x8C, 0x75, 0x9F,
    0xAC, 0xC1, 0xD7, 0xFB, 0x1F, 0xB7, 0x80, 0xAE, 0xDE, 0xF7, 0xB8, 0x85, 0xC2, 0x4A, 0x0E, 0xDB,
    0xE3, 0xB8, 0xCE, 0xE1, 0x49, 0x2D, 0x02, 0x3A, 0x0C, 0xCE, 0xA3, 0x49, 0x86, 0xEE, 0x1C, 0xED,
    0x6B, 0xFB, 0xCC, 0xBA, 0x30, 0x9D, 0x8C, 0x4F, 0x89, 0x0E, 0xAA, 0xC9, 0xF8, 0x10, 0xBB, 0x89,
    0xF7, 0xB3, 0x7D, 0x7B, 0x03, 0x20, 0xD6, 0x60, 0xB6, 0x4C, 0x1A, 0x0C, 0x9D, 0xF2, 0xB8, 0x75,
    0x13, 0x71, 0xB1, 0xDD, 0x4D, 0xB8, 0xEC, 0x77, 0xEE, 0xE7, 0x7A, 0x9D, 0xDE, 0x58, 0xD2, 0xFA,
    0xF1, 0x22, 0x0A, 0xF5, 0x87, 0xF8, 0xC3, 0xFB, 0x47, 0x3A, 0x3D, 0x18, 0x6A, 0x2F, 0x6D, 0x78,
    0x2C, 0x8C, 0x00, 0xDD, 0xE3, 0x2C, 0x0C, 0x19, 0xBA, 0x1E, 0x04, 0x26, 0xA8, 0x0A, 0x21, 0xF0,
    0xC6, 0xEE, 0xA2, 0x97, 0x1E, 0x6C, 0x30, 0x74, 0xCD, 0x53, 0xE9, 0xFE, 0x49, 0x81, 0xEE, 0x5A,
    0x4E, 0x33, 0x06, 0xBA, 0x82, 0x1F, 0xCA, 0xF3, 0x5E, 0x77, 0x2C, 0x74, 0x6D, 0x9D, 0x7F, 0x62,
    0xFB, 0xE8, 0xCB, 0xC4, 0xF0, 0xFA, 0x28, 0xC5, 0xE5, 0xBB, 0x3E, 0x04, 0x0C, 0xED, 0x9D, 0x81,
    0x21, 0xDC, 0x68, 0x53, 0xAA, 0x4F, 0xF8, 0x38, 0x10, 0xA3, 0x17, 0x8C, 0xB8, 0xEC, 0x99, 0x95,
    0xAE, 0x3E, 0x4D, 0x4D, 0xAE, 0x3E, 0xF1, 0x41, 0x0E, 0x24, 0xE7, 0x37, 0x72, 0xB5, 0x13, 0xA7,
    0xD1, 0xFC, 0xF5, 0x18, 0x43, 0xC7, 0x60, 0xC8, 0xA5, 0x63, 0xC1, 0xB0, 0x3D, 0xB2, 0x18, 0xB6,
    0x87, 0x16, 0xC3, 0x76, 0x65, 0x31, 0x6C, 0x17, 0x16, 0xC3, 0x36, 0x59, 0x0C, 0xA5, 0x72, 0xC0,
    0x18, 0xB6, 0x6A, 0x0C, 0x17, 0x06, 0x16, 0xC3, 0x9E, 0xC1, 0x70, 0xE0, 0x8E, 0x31, 0x4C, 0x3F,
    0x89, 0xE1, 0x57, 0x19, 0xE9, 0xED, 0x74, 0x1C, 0x67, 0xD0, 0x9C, 0x61, 0xFA, 0xAD, 0x42, 0xF7,
    0xA4, 0x20, 0x10, 0x62, 0x16, 0x12, 0xE9, 0x85, 0x48, 0x81, 0xA5, 0x73, 0xB3, 0x72, 0x78, 0x07,
    0x29, 0xB3, 0x3B, 0x48, 0x50, 0x61, 0x18, 0x8E, 0xE7, 0x6E, 0xE6, 0x38, 0x38, 0xFD, 0x17, 0x15,
    0xEE, 0x9F, 0x35, 0x59, 0x2D, 0x56, 0x65, 0x45, 0x54, 0xD8, 0x4D, 0xE8, 0xDB, 0x5F, 0xB2, 0xE3,
    0x38, 0x9F, 0x9B, 0x1B, 0xC6, 0x8C, 0x3B, 0x43, 0x37, 0x78, 0x28, 0x32, 0xD0, 0x0D, 0xA5, 0x78,
    0x0B, 0xE8, 0xFE, 0x49, 0xCC, 0x38, 0xA0, 0x9B, 0x16, 0x01, 0xD0, 0x45, 0xF2, 0x15, 0xA0, 0xEB,
    0xFC, 0x61, 0x64, 0xA0, 0xFB, 0x7D, 0x59, 0x36, 0x40, 0xE7, 0x9F, 0xCA, 0x6F, 0x0A, 0xDD, 0x33,
    0x68, 0x9E, 0x61, 0xC4, 0x46, 0xDB, 0xA1, 0x4B, 0xEE, 0x0D, 0xE8, 0xE2, 0x4F, 0x67, 0x5D, 0xB5,
    0x93, 0x75, 0xDF, 0x46, 0xE7, 0x94, 0x59, 0x87, 0x07, 0x7A, 0x70, 0x75, 0xB3, 0xF2, 0xDD, 0x22,
    0xA0, 0x33, 0xA1, 0x1F, 0xA0, 0x9B, 0x94, 0xD9, 0x7C, 0xFE, 0xD4, 0xEC, 0x60, 0x8D, 0xF3, 0x72,
    0x1D, 0x24, 0x0F, 0x6D, 0xB8, 0xE2, 0xBE, 0x6E, 0xC3, 0x15, 0xEF, 0x30, 0x6F, 0x0F, 0xB2, 0xE6,
    0x7A, 0x9C, 0xBA, 0x02, 0xBA, 0x86, 0x5B, 0x39, 0xAB, 0x0C, 0xDD, 0x0F, 0xA9, 0xA4, 0xBD, 0x0C,
    0xDD, 0x50, 0x94, 0x06, 0xD0, 0x0D, 0x64, 0x95, 0xF1, 0xE1, 0x38, 0x0B, 0x3C, 0xAF, 0x16, 0x6F,
    0x2F, 0xB5, 0xCD, 0x70, 0xCD, 0xDC, 0x7D, 0x5D, 0x58, 0xE8, 0xFE, 0xF2, 0x16, 0xDB, 0x68, 0x7D,
    0x7B, 0x98, 0xA3, 0xB9, 0x4E, 0x47, 0x05, 0x9B, 0x55, 0xFB, 0x57, 0xCC, 0x8E, 0x9C, 0x8C, 0xE3,
    0xF4, 0xE6, 0xF7, 0x14, 0x1F, 0x76, 0x43, 0x92, 0xCE, 0xB6, 0xB7, 0x42, 0xB8, 0xD9, 0x4C, 0x9B,
    0x5C, 0x3B, 0x9C, 0x97, 0x1A, 0xA8, 0x97, 0xCB, 0x61, 0x1B, 0x2F, 0x0F, 0x6A, 0xAD, 0x0C, 0x6B,
    0x46, 0x4D, 0xD7, 0x65, 0xCC, 0x56, 0x7D, 0x76, 0x26, 0xA2, 0xD5, 0xB3, 0x1C, 0xEE, 0x46, 0x11,
    0xB5, 0x47, 0xBC, 0x0D, 0x1E, 0xD5, 0x55, 0x91, 0xD6, 0x4E, 0x21, 0x92, 0xF0, 0xBC, 0xA0, 0x28,
    0x7E, 0x0B, 0x36, 0xD9, 0x1B, 0x1D, 0x1E, 0x2E, 0xF4, 0x2F, 0x27, 0xE4, 0x5C, 0x1E, 0xAD, 0x64,
    0xF7, 0x87, 0xAE, 0x4E, 0xD5, 0x0F, 0x26, 0x33, 0x6A, 0xB4, 0x2F, 0x0F, 0xF0, 0x6F, 0xC6, 0x3F,
    0xC4, 0x7B, 0x72, 0x51, 0xB6, 0x44, 0x5A, 0x34, 0xAF, 0x44, 0x90, 0x9D, 0x64, 0x5E, 0xC2, 0x63,
    0x14, 0x94, 0xFB, 0x59, 0xE8, 0xEE, 0x0A, 0x96, 0x97, 0xE5, 0xAB, 0xB9, 0xB9, 0x58, 0xF6, 0x23,
    0x9A, 0x7A, 0xE0, 0x70, 0x1D, 0x92, 0xFA, 0x49, 0xB2, 0x0D, 0x0D, 0x07, 0xF8, 0xD8, 0x53, 0x2E,
    0x4B, 0xF5, 0xE9, 0xC2, 0x23, 0x56, 0x40, 0x42, 0x68, 0x76, 0x34, 0xD6, 0x93, 0xA7, 0x8D, 0xA9,
    0x4C, 0xCC, 0x5F, 0xB7, 0xB2, 0x5B, 0x1F, 0x81, 0xE8, 0xD9, 0xA0, 0xDE, 0x5E, 0x9F, 0xAB, 0x0F,
    0xE2, 0x85, 0x7C, 0x72, 0x0F, 0x1D, 0x13, 0x2F, 0x77, 0x91, 0x52, 0xC2, 0x93, 0x38, 0x25, 0xCC,
    0xB2, 0xFC, 0x5C, 0x05, 0x87, 0xF8, 0x66, 0x41, 0x79, 0xBC, 0xC6, 0x30, 0x6A, 0xD4, 0x68, 0xD4,
    0x60, 0x4E, 0xB7, 0xEC, 0x49, 0xA4, 0x46, 0x2B, 0x72, 0x15, 0xAB, 0x4E, 0xA3, 0xB5, 0x0A, 0x9D,
    0x81, 0x3E, 0x36, 0x66, 0x3F, 0x44, 0x6A, 0xC7, 0x42, 0x7B, 0x6D, 0xCD, 0x5C, 0x69, 0x3A, 0x6F,
    0x4B, 0x9F, 0xE9, 0x19, 0x6B, 0x73, 0x5B, 0x2D, 0xBB, 0xD5, 0x03, 0xE4, 0x8D, 0xCA, 0x76, 0x1E,
    0xB3, 0xB6, 0x36, 0xEB, 0x42, 0xE0, 0xF3, 0x4E, 0x25, 0xAE, 0xF8, 0x5A, 0x49, 0x1D, 0x3B, 0x6A,
    0xA7, 0xE7, 0xA0, 0xC0, 0xCD, 0xC7, 0xE5, 0x20, 0xDE, 0x1C, 0x33, 0x6B, 0xBF, 0xD9, 0xE0, 0x79,
    0x56, 0xD9, 0x99, 0x12, 0x6F, 0xBE, 0xC4, 0x89, 0xA0, 0x41, 0x0F, 0x0C, 0x2C, 0xB5, 0xAC, 0x9F,
    0x70, 0x9E, 0x7D, 0xF2, 0x73, 0xB8, 0x89, 0xFD, 0x94, 0x18, 0x37, 0xD1, 0x05, 0xB5, 0x45, 0x61,
    0x15, 0x1D, 0x17, 0x85, 0xC5, 0xE5, 0x39, 0x71, 0x13, 0x73, 0xCC, 0x7D, 0x76, 0x13, 0x7C, 0x92,
    0x2F, 0xB9, 0xDE, 0x4D, 0x74, 0xA8, 0x30, 0x6E, 0xA2, 0xCB, 0xB3, 0x86, 0xC2, 0x3A, 0xA2, 0x7D,
    0x5C, 0x10, 0xC8, 0x4D, 0x19, 0x0A, 0x9E, 0x93, 0x9C, 0xD3, 0x37, 0x29, 0x08, 0xF0, 0x7E, 0x2A,
    0x77, 0x76, 0x06, 0xCE, 0x8A, 0x28, 0x2C, 0x0C, 0x58, 0x28, 0xB6, 0x6E, 0x8A, 0x4F, 0x90, 0xD5,
    0xB5, 0x14, 0x29, 0x08, 0x70, 0x65, 0x40, 0xB1, 0xAD, 0xEB, 0xD7, 0xDB, 0x8B, 0x22, 0x88, 0xAB,
    0x5D, 0x9F, 0x90, 0x78, 0x5A, 0xCD, 0x25, 0x60, 0xC3, 0xD7, 0xBA, 0x96, 0x82, 0xDF, 0xB7, 0x05,
    0xBA, 0x76, 0xC1, 0xDB, 0x88, 0xDB, 0x37, 0x7A, 0xE4, 0x8A, 0x9C, 0xB6, 0xC8, 0x39, 0xA8, 0xBD,
    0x65, 0x2D, 0x85, 0x8B, 0xA2, 0x9A, 0x23, 0xEA, 0x80, 0x85, 0x11, 0xA0, 0x0B, 0x3B, 0x07, 0xCF,
    0x9C, 0xFF, 0x15, 0xA0, 0x9B, 0x66, 0xE1, 0x02, 0x22, 0xBD, 0xA6, 0xD4, 0x59, 0x11, 0xE9, 0x4D,
    0xCA, 0x15, 0x40, 0x17, 0x1C, 0x87, 0xF0, 0x3F, 0x12, 0xA5, 0xF0, 0xCF, 0xEF, 0xEC, 0x46, 0xCF,
    0x1D, 0x09, 0xF0, 0x9E, 0xE7, 0x71, 0x70, 0x7E, 0x11, 0xF2, 0xA5, 0x1E, 0xDC, 0x84, 0xE9, 0x7C,
    0x21, 0x8D, 0x24, 0x16, 0x71, 0xDE, 0xCC, 0xBB, 0x66, 0x23, 0x03, 0xD0, 0x85, 0xA6, 0x9C, 0x5E,
    0xAA, 0xE6, 0x45, 0x04, 0x21, 0x31, 0xE7, 0x17, 0x2F, 0x24, 0x34, 0xD3, 0xE2, 0xDD, 0x8A, 0x17,
    0x58, 0x6D, 0x39, 0xAE, 0xBB, 0x81, 0xD0, 0xD6, 0x7F, 0xDB, 0xE2, 0xF4, 0xF6, 0x85, 0xD1, 0xAB,
    0x23, 0x74, 0xCE, 0xBC, 0x17, 0x10, 0x86, 0xC1, 0xB4, 0x77, 0xBD, 0xC3, 0xE8, 0x33, 0xE5, 0x14,
    0x1D, 0xEF, 0xF0, 0xD2, 0xD2, 0xCF, 0xA6, 0xDC, 0x1C, 0xFE, 0x02, 0xE8, 0x4E, 0x79, 0xE9, 0x8C,
    0x11, 0x02, 0x0A, 0x7D, 0x16, 0xA6, 0x1B, 0xE4, 0x5D, 0x08, 0xD6, 0xBF, 0x3F, 0x9A, 0x8C, 0xC8,
    0xB9, 0x06, 0x7B, 0xDC, 0x98, 0xC4, 0xC0, 0xFB, 0x2C, 0x60, 0xE0, 0xAE, 0x06, 0x8D, 0x67, 0xC2,
    0x6A, 0xCB, 0x0B, 0xB3, 0x56, 0xC0, 0x8E, 0x63, 0xBE, 0xCB, 0xB0, 0x75, 0x97, 0x18, 0xDE, 0xB6,
    0x1C, 0x3F, 0x48, 0x8D, 0x93, 0xB0, 0xD1, 0xF1, 0x97, 0x4F, 0x3F, 0x71, 0x9A, 0x36, 0xBD, 0x8D,
    0xF3, 0xEB, 0xCF, 0xF8, 0xD5, 0xAE, 0xD6, 0x38, 0xD6, 0xDB, 0x2D, 0xE5, 0x71, 0xE0, 0x21, 0x95,
    0x01, 0x3E, 0x43, 0x2A, 0x39, 0x1A, 0x57, 0xE8, 0x59, 0x73, 0x65, 0x16, 0xB2, 0xCF, 0xA8, 0xF5,
    0x50, 0xA2, 0x14, 0x11, 0x58, 0x73, 0x1D, 0x26, 0xAF, 0xD0, 0x8F, 0x2B, 0x54, 0x42, 0x3F, 0xAE,
    0xB7, 0x7C, 0x01, 0xFA, 0xD1, 0x53, 0xB5, 0xD4, 0xAC, 0xC1, 0x73, 0xF4, 0xBF, 0xFF, 0xC4, 0xD8,
    0xC6, 0xE0, 0xEA, 0x23, 0x2F, 0x5E, 0x10, 0xB2, 0xC5, 0x8F, 0x3E, 0xF2, 0xE2, 0x9A, 0x6C, 0x61,
    0x8F, 0x58, 0x8A, 0xF1, 0xB5, 0xF7, 0x3E, 0x4B, 0x8F, 0xF2, 0x23, 0x7F, 0x29, 0x12, 0x9F, 0x76,
    0x35, 0x12, 0x06, 0x16, 0x19, 0x09, 0x79, 0xC6, 0xCA, 0x2F, 0x7F, 0xF4, 0xC8, 0x8B, 0x17, 0x1F,
    0x05, 0xAA, 0x83, 0x8B, 0xFA, 0x0F, 0x5E, 0xD4, 0x57, 0xE1, 0x5F, 0xCA, 0xA6, 0x9F, 0xBA, 0xE5,
    0xB2, 0x97, 0xBA, 0x45, 0xE4, 0xE4, 0x5E, 0xDA, 0x82, 0xAB, 0x01, 0xB8, 0x05, 0x92, 0x38, 0x17,
    0xC9, 0xFB, 0x31, 0x2A, 0x7D, 0x6A, 0x38, 0x05, 0x4B, 0x85, 0x95, 0xBA, 0xE8, 0x87, 0xAC, 0x0D,
    0x52, 0xC4, 0x9D, 0x5B, 0xB8, 0x56, 0x35, 0xCF, 0x12, 0xAD, 0x2F, 0x07, 0x45, 0xD8, 0xFF, 0x31,
    0x26, 0xDA, 0x2E, 0x47, 0x83, 0x78, 0xA6, 0xE0, 0x1D, 0x43, 0xEF, 0x83, 0x73, 0xDF, 0xBD, 0x4F,
    0x8E, 0x5F, 0x05, 0xFF, 0x38, 0xFA, 0xEE, 0x9F, 0x47, 0x5C, 0x85, 0x69, 0x76, 0x7E, 0xFB, 0x27,
    0x17, 0x67, 0xA8, 0x3D, 0xA4, 0xC5, 0x63, 0xAF, 0x47, 0x6F, 0x1E, 0xCE, 0xE3, 0xA1, 0xAB, 0xDE,
    0xFE, 0x4D, 0xEB, 0xE7, 0xBF, 0x50, 0xF1, 0x30, 0x38, 0xB5, 0xF6, 0xC3, 0xC6, 0x63, 0xC9, 0x62,
    0x3C, 0x9C, 0x73, 0x02, 0x3E, 0x38, 0x3B, 0x13, 0x0F, 0x61, 0x8F, 0x33, 0x2F, 0xA5, 0xA0, 0x3D,
    0xC4, 0x02, 0x96, 0x2E, 0x52, 0xCC, 0xC3, 0x57, 0xB8, 0x1A, 0x47, 0xAF, 0x61, 0x51, 0x5C, 0x39,
    0xF8, 0xBB, 0x00, 0x72, 0xE0, 0x8B, 0x45, 0xF6, 0x88, 0x6D, 0xE0, 0x27, 0xA7, 0x09, 0xF4, 0xF0,
    0xA9, 0x9F, 0xB6, 0xC5, 0xF9, 0xEE, 0xE6, 0x8A, 0xFF, 0x93, 0x9F, 0x9F, 0xA2, 0x7D, 0x3E, 0x15,
    0x0F, 0x8A, 0xFE, 0x37, 0x56, 0x6D, 0x62, 0x13, 0x14, 0x7D, 0x49, 0x0A, 0x30, 0x9F, 0x92, 0x83,
    0x00, 0xDF, 0x05, 0xB2, 0x14, 0xED, 0xD7, 0xD1, 0xA0, 0xAE, 0x4F, 0x11, 0xC8, 0xD9, 0x15, 0xFB,
    0x15, 0xC7, 0xCF, 0xDC, 0xF9, 0x26, 0x14, 0x65, 0x06, 0x09, 0x45, 0x1B, 0x7F, 0x61, 0x8B, 0x57,
    0xAD, 0xBA, 0x8C, 0xD0, 0xF1, 0x6D, 0x20, 0x1D, 0x6B, 0x1B, 0x48, 0xB3, 0x60, 0xEB, 0x7E, 0x54,
    0x17, 0xAF, 0xA8, 0x3E, 0xBB, 0x62, 0x29, 0x1A, 0x8E, 0x2C, 0x45, 0x11, 0x04, 0xDC, 0x25, 0xE7,
    0xF2, 0x26, 0xDB, 0x3A, 0x86, 0xEE, 0x24, 0x6F, 0x4A, 0xEE, 0xBA, 0x35, 0x74, 0x2E, 0x5B, 0xC8,
    0x11, 0x5B, 0x48, 0x0C, 0x7F, 0x9E, 0xEB, 0x7E, 0xAD, 0xFD, 0x25, 0x65, 0x49, 0xA9, 0xD4, 0xC1,
    0xE1, 0x41, 0x5A, 0x53, 0xC7, 0x54, 0xF9, 0x08, 0x0B, 0xD5, 0xC1, 0xAC, 0xB4, 0x57, 0xB2, 0x92,
    0x83, 0xDB, 0x8C, 0xCA, 0x4C, 0xD9, 0x5F, 0x29, 0x65, 0xEE, 0xB3, 0xBD, 0xEE, 0x67, 0xAA, 0x34,
    0x80, 0xCE, 0x54, 0x69, 0x00, 0xDD, 0x7D, 0xFF, 0xC9, 0x27, 0x0D, 0x18, 0x3A, 0x1E, 0x7C, 0x2A,
    0xD0, 0xF1, 0x4C, 0x05, 0xBA, 0xB0, 0x86, 0x8E, 0xAF, 0xDC, 0xA9, 0x4D, 0x49, 0x84, 0x99, 0x14,
    0xBF, 0xEB, 0xF4, 0xD9, 0xAA, 0x9A, 0xB3, 0xA7, 0xFC, 0x24, 0x76, 0x35, 0xFF, 0xD7, 0xB4, 0xD0,
    0xAD, 0x2C, 0x24, 0x6C, 0x6C, 0xC3, 0xB4, 0xFB, 0xC7, 0x05, 0x1B, 0x46, 0x3E, 0xD4, 0x2F, 0x86,
    0xD1, 0x5F, 0x1B, 0x38, 0x02, 0xDD, 0x2C, 0xFD, 0x95, 0xA9, 0x1E, 0xC0, 0x04, 0x98, 0xC3, 0xCF,
    0x6E, 0xFA, 0x29, 0x99, 0x2F, 0x6F, 0x85, 0x3F, 0x29, 0x5B, 0xE1, 0x6F, 0x2D, 0xD3, 0xE0, 0x84,
    0x6C, 0xE3, 0x16, 0x1C, 0xE4, 0x7C, 0xE6, 0xAD, 0x70, 0xE7, 0x3F, 0x2C, 0xEB, 0xD8, 0x83, 0x59,
    0xD6, 0x95, 0x35, 0xEB, 0x54, 0xCD, 0x3A, 0x65, 0xA1, 0x73, 0x92, 0xAF, 0xAE, 0x64, 0xDA, 0xE6,
    0x2A, 0x28, 0xFB, 0xE5, 0x11, 0x6F, 0x52, 0x80, 0x75, 0xB2, 0xB3, 0x3B, 0x7B, 0x63, 0xD6, 0x51,
    0xD7, 0x29, 0xF6, 0x70, 0xE6, 0xFB, 0x86, 0xA2, 0x6A, 0x9E, 0xEB, 0x7E, 0x1F, 0xC3, 0xB1, 0x56,
    0xA2, 0xB0, 0x09, 0xFF, 0x3F, 0x0B, 0x56, 0x58, 0x39, 0x49, 0x0E, 0xC4, 0xAA, 0xA1, 0x7B, 0x85,
    0x33, 0x5F, 0xAF, 0x68, 0xB9, 0x78, 0x02, 0x42, 0x9A, 0x54, 0xFE, 0xB3, 0xC8, 0x75, 0xD0, 0xC9,
    0x7F, 0x96, 0x61, 0xE8, 0xB8, 0xA0, 0x24, 0xD0, 0xF1, 0xEE, 0xAD, 0xDD, 0x0A, 0x57, 0x06, 0x3A,
    0x5D, 0x6F, 0x85, 0xEB, 0x2D, 0xE8, 0x72, 0x03, 0xDD, 0xC4, 0xD7, 0x7D, 0x53, 0xF2, 0xB6, 0xDC,
    0x31, 0x9F, 0xC6, 0xFF, 0x02, 0x3B, 0x6B, 0xBB, 0x5F, 0x31, 0xAC, 0xE3, 0xC0, 0x43, 0xA0, 0x0B,
    0x31, 0x0B, 0x81, 0xAE, 0xC1, 0x35, 0xD3, 0x7B, 0x75, 0x53, 0xF2, 0x2E, 0x40, 0x37, 0x3E, 0x6C,
    0x66, 0x9F, 0xD5, 0x22, 0x7F, 0xF4, 0xB4, 0x3D, 0x6C, 0x76, 0x14, 0x99, 0xCB, 0x3D, 0x06, 0xDD,
    0x6E, 0xDE, 0x37, 0xE0, 0x6A, 0x33, 0x42, 0xAE, 0x1E, 0xEF, 0x71, 0xF8, 0xBA, 0x72, 0xF4, 0x26,
    0xBB, 0x89, 0xDE, 0xD0, 0xFB, 0x5F, 0x0D, 0xE8, 0xA6, 0xE2, 0x9F, 0xF8, 0x4F, 0xBC, 0x93, 0x28,
    0xD5, 0xDA, 0xD5, 0x08, 0x1C, 0x2F, 0x55, 0xE5, 0x14, 0x4D, 0xFA, 0xE4, 0x25, 0x59, 0x19, 0x52,
    0xC4, 0xC7, 0x27, 0xB2, 0xD2, 0xCF, 0x2B, 0x47, 0xCD, 0x4B, 0x0E, 0xC2, 0xF7, 0x61, 0xE8, 0xCC,
    0xC9, 0xAB, 0xCF, 0xBC, 0x3D, 0x74, 0x60, 0x29, 0xAD, 0x15, 0xB6, 0xF8, 0xE2, 0xD0, 0xFD, 0x3F,
};

static const EpdGlyph lexenddeca_16_regularGlyphs[] = {
    { 0, 0, 0, 0, 0, 0, 0 }, // U+0000
    { 0, 0, 0, 0, 0, 0, 0 }, // U+0001
    { 0, 0, 0, 0, 0, 0, 0 }, // U+0002
    { 0, 0, 0, 0, 0, 0, 0 }, // U+0003
    { 0, 0, 0, 0, 0, 0, 0 }, // U+0004
    { 0, 0, 0, 0, 0, 0, 0 }, // U+0005
    { 0, 0, 0, 0, 0, 0, 0 }, // U+0006
    { 0, 0, 0, 0, 0, 0, 0 }, // U+0007
    { 0, 0, 0, 0, 0, 0, 0 }, // U+0008
    { 0, 0, 0, 0, 0, 0, 0 }, // U+0009
    { 0, 0, 0, 0, 0, 0, 0 }, // U+000A
    { 0, 0, 0, 0, 0, 0, 0 }, // U+000B
    { 0, 0, 0, 0, 0, 0, 0 }, // U+000C
    { 0, 0, 0, 0, 0, 0, 0 }, // U+000D
    { 0, 0, 0, 0, 0, 0, 0 }, // U+000E
    { 0, 0, 0, 0, 0, 0, 0 }, // U+000F
    { 0, 0, 0, 0, 0, 0, 0 }, // U+0010
    { 0, 0, 0, 0, 0, 0, 0 }, // U+0011
    { 0, 0, 0, 0, 0, 0, 0 }, // U+0012
    { 0, 0, 0, 0, 0, 0, 0 }, // U+0013
    { 0, 0, 0, 0, 0, 0, 0 }, // U+0014
    { 0, 0, 0, 0, 0, 0, 0 }, // U+0015
    { 0, 0, 0, 0, 0, 0, 0 }, // U+0016
    { 0, 0, 0, 0, 0, 0, 0 }, // U+0017
    { 0, 0, 0, 0, 0, 0, 0 }, // U+0018
    { 0, 0, 0, 0, 0, 0, 0 }, // U+0019
    { 0, 0, 0, 0, 0, 0, 0 }, // U+001A
    { 0, 0, 0, 0, 0, 0, 0 }, // U+001B
    { 0, 0, 0, 0, 0, 0, 0 }, // U+001C
    { 0, 0, 0, 0, 0, 0, 0 }, // U+001D
    { 0, 0, 0, 0, 0, 0, 0 }, // U+001E
    { 0, 0, 0, 0, 0, 0, 0 }, // U+001F
    { 0, 0, 149, 0, 0, 0, 0 }, // U+0020
    { 4, 23, 150, 3, 23, 23, 0 }, // !
    { 7, 7, 161, 2, 23, 13, 23 }, // "
    { 20, 23, 349, 1, 23, 115, 36 }, // #
    { 18, 29, 317, 1, 26, 131, 151 }, // $
    { 29, 23, 494, 1, 23, 167, 282 }, // %
    { 22, 23, 376, 1, 23, 127, 449 }, // &
    { 3, 7, 85, 2, 23, 6, 576 }, // '
    { 8, 28, 160, 2, 23, 56, 582 }, // (
    { 8, 28, 160, 1, 23, 56, 638 }, // )
    { 10, 10, 231, 2, 23, 25, 694 }, // *
    { 17, 17, 321, 2, 17, 73, 719 }, // +
    { 4, 8, 109, 1, 4, 8, 792 }, // ,
    { 10, 3, 196, 1, 10, 8, 800 }, // -
    { 4, 4, 109, 1, 4, 4, 808 }, // .
    { 13, 23, 201, 0, 23, 75, 812 }, // /
    { 18, 23, 346, 2, 23, 104, 887 }, // 0
    { 9, 23, 214, 1, 23, 52, 991 }, // 1
    { 16, 23, 293, 1, 23, 92, 1043 }, // 2
    { 17, 23, 306, 1, 23, 98, 1135 }, // 3
    { 18, 23, 327, 1, 23, 104, 1233 }, // 4
    { 16, 23, 311, 1, 23, 92, 1337 }, // 5
    { 16, 23, 319, 2, 23, 92, 1429 }, // 6
    { 15, 23, 272, 1, 23, 87, 1521 }, // 7
    { 16, 23, 328, 2, 23, 92, 1608 }, // 8
    { 16, 23, 319, 2, 23, 92, 1700 }, // 9
    { 4, 17, 109, 1, 17, 17, 1792 }, // :
    { 4, 21, 109, 1, 17, 21, 1809 }, // ;
    { 16, 17, 295, 1, 17, 68, 1830 }, // <
    { 17, 9, 321, 2, 13, 39, 1898 }, // =
    { 16, 17, 295, 1, 17, 68, 1937 }, // >
    { 15, 23, 277, 0, 23, 87, 2005 }, // ?
    { 23, 23, 416, 2, 23, 133, 2092 }, // @
    { 21, 23, 334, 0, 23, 121, 2225 }, // A
    { 17, 23, 330, 3, 23, 98, 2346 }, // B
    { 19, 23, 350, 2, 23, 110, 2444 }, // C
    { 18, 23, 359, 3, 23, 104, 2554 }, // D
    { 15, 23, 302, 3, 23, 87, 2658 }, // E
    { 15, 23, 292, 3, 23, 87, 2745 }, // F
    { 20, 23, 379, 2, 23, 115, 2832 }, // G
    { 18, 23, 368, 3, 23, 104, 2947 }, // H
    { 9, 23, 221, 2, 23, 52, 3051 }, // I
    { 14, 23, 272, 1, 23, 81, 3103 }, // J
    { 18, 23, 334, 3, 23, 104, 3184 }, // K
    { 15, 23, 287, 3, 23, 87, 3288 }, // L
    { 22, 23, 437, 3, 23, 127, 3375 }, // M
    { 18, 23, 367, 3, 23, 104, 3502 }, // N
    { 21, 23, 388, 2, 23, 121, 3606 }, // O
    { 16, 23, 320, 3, 23, 92, 3727 }, // P
    { 24, 25, 402, 2, 23, 150, 3819 }, // Q
    { 17, 23, 330, 3, 23, 98, 3969 }, // R
    { 18, 23, 318, 1, 23, 104, 4067 }, // S
    { 18, 23, 298, 1, 23, 104, 4171 }, // T
    { 18, 23, 368, 3, 23, 104, 4275 }, // U
    { 20, 23, 314, 0, 23, 115, 4379 }, // V
    { 28, 23, 448, 0, 23, 161, 4494 }, // W
    { 21, 23, 332, 0, 23, 121, 4655 }, // X
    { 20, 23, 317, -1, 23, 115, 4776 }, // Y
    { 17, 23, 324, 1, 23, 98, 4891 }, // Z
    { 7, 28, 168, 3, 23, 49, 4989 }, // [
    { 13, 23, 201, 0, 23, 75, 5038 }, // <backslash>
    { 7, 28, 168, 1, 23, 49, 5113 }, // ]
    { 16, 12, 294, 1, 22, 48, 5162 }, // ^
    { 13, 3, 211, 1, 0, 10, 5210 }, // _
    { 6, 5, 143, 2, 24, 8, 5220 }, // `
    { 15, 17, 280, 1, 17, 64, 5228 }, // a
    { 15, 23, 302, 2, 23, 87, 5292 }, // b
    { 15, 17, 267, 1, 17, 64, 5379 }, // c
    { 16, 23, 301, 1, 23, 92, 5443 }, // d
    { 16, 17, 287, 1, 17, 68, 5535 }, // e
    { 9, 24, 166, 1, 24, 54, 5603 }, // f
    { 15, 24, 299, 1, 17, 90, 5657 }, // g
    { 14, 23, 291, 2, 23, 81, 5747 }, // h
    { 6, 24, 148, 1, 24, 36, 5828 }, // i
    { 8, 29, 135, -2, 24, 58, 5864 }, // j
    { 14, 23, 261, 2, 23, 81, 5922 }, // k
    { 5, 23, 127, 2, 23, 29, 6003 }, // l
    { 23, 17, 448, 2, 17, 98, 6032 }, // m
    { 14, 17, 291, 2, 17, 60, 6130 }, // n
    { 16, 17, 294, 1, 17, 68, 6190 }, // o
    { 15, 22, 302, 2, 17, 83, 6258 }, // p
    { 20, 22, 307, 1, 17, 110, 6341 }, // q
    { 9, 17, 181, 2, 17, 39, 6451 }, // r
    { 14, 17, 251, 0, 17, 60, 6490 }, // s
    { 9, 21, 173, 1, 21, 48, 6550 }, // t
    { 13, 17, 286, 2, 17, 56, 6598 }, // u
    { 15, 17, 235, 0, 17, 64, 6654 }, // v
    { 22, 17, 349, 0, 17, 94, 6718 }, // w
    { 16, 17, 246, 0, 17, 68, 6812 }, // x
    { 16, 22, 229, -1, 17, 88, 6880 }, // y
    { 13, 17, 245, 1, 17, 56, 6968 }, // z
    { 9, 28, 170, 1, 23, 63, 7024 }, // {
    { 3, 28, 124, 3, 23, 21, 7087 }, // |
    { 8, 28, 170, 1, 23, 56, 7108 }, // }
    { 17, 5, 296, 1, 12, 22, 7164 }, // ~
    { 0, 0, 0, 0, 0, 0, 7186 }, // U+007F
    { 0, 0, 0, 0, 0, 0, 0 }, // U+0080
    { 0, 0, 0, 0, 0, 0, 0 }, // U+0081
    { 0, 0, 0, 0, 0, 0, 0 }, // U+0082
    { 0, 0, 0, 0, 0, 0, 0 }, // U+0083
    { 0, 0, 0, 0, 0, 0, 0 }, // U+0084
    { 0, 0, 0, 0, 0, 0, 0 }, // U+0085
    { 0, 0, 0, 0, 0, 0, 0 }, // U+0086
    { 0, 0, 0, 0, 0, 0, 0 }, // U+0087
    { 0, 0, 0, 0, 0, 0, 0 }, // U+0088
    { 0, 0, 0, 0, 0, 0, 0 }, // U+0089
    { 0, 0, 0, 0, 0, 0, 0 }, // U+008A
    { 0, 0, 0, 0, 0, 0, 0 }, // U+008B
    { 0, 0, 0, 0, 0, 0, 0 }, // U+008C
    { 0, 0, 0, 0, 0, 0, 0 }, // U+008D
    { 0, 0, 0, 0, 0, 0, 0 }, // U+008E
    { 0, 0, 0, 0, 0, 0, 0 }, // U+008F
    { 0, 0, 0, 0, 0, 0, 0 }, // U+0090
    { 0, 0, 0, 0, 0, 0, 0 }, // U+0091
    { 0, 0, 0, 0, 0, 0, 0 }, // U+0092
    { 0, 0, 0, 0, 0, 0, 0 }, // U+0093
    { 0, 0, 0, 0, 0, 0, 0 }, // U+0094
    { 0, 0, 0, 0, 0, 0, 0 }, // U+0095
    { 0, 0, 0, 0, 0, 0, 0 }, // U+0096
    { 0, 0, 0, 0, 0, 0, 0 }, // U+0097
    { 0, 0, 0, 0, 0, 0, 0 }, // U+0098
    { 0, 0, 0, 0, 0, 0, 0 }, // U+0099
    { 0, 0, 0, 0, 0, 0, 0 }, // U+009A
    { 0, 0, 0, 0, 0, 0, 0 }, // U+009B
    { 0, 0, 0, 0, 0, 0, 0 }, // U+009C
    { 0, 0, 0, 0, 0, 0, 0 }, // U+009D
    { 0, 0, 0, 0, 0, 0, 0 }, // U+009E
    { 0, 0, 0, 0, 0, 0, 0 }, // U+009F
    { 0, 0, 149, 0, 0, 0, 0 }, // U+00A0
    { 4, 23, 150, 3, 18, 23, 0 }, // U+00A1
    { 15, 22, 267, 1, 20, 83, 23 }, // U+00A2
    { 17, 23, 312, 2, 23, 98, 106 }, // U+00A3
    { 17, 17, 309, 1, 19, 73, 204 }, // U+00A4
    { 21, 23, 317, -1, 23, 121, 277 }, // U+00A5
    { 3, 28, 124, 3, 23, 21, 398 }, // U+00A6
    { 16, 28, 283, 1, 23, 112, 419 }, // U+00A7
    { 10, 4, 227, 2, 24, 10, 531 }, // U+00A8
    { 24, 24, 426, 2, 24, 144, 541 }, // U+00A9
    { 9, 10, 198, 2, 23, 23, 685 }, // U+00AA
    { 16, 14, 300, 1, 15, 56, 708 }, // U+00AB
    { 17, 11, 321, 2, 14, 47, 764 }, // U+00AC
    { 0, 0, 0, 0, 0, 0, 811 }, // U+00AD
    { 24, 24, 426, 2, 24, 144, 811 }, // U+00AE
    { 9, 3, 204, 2, 23, 7, 955 }, // U+00AF
    { 10, 10, 188, 1, 24, 25, 962 }, // U+00B0
    { 16, 17, 309, 2, 17, 68, 987 }, // U+00B1
    { 10, 13, 204, 2, 26, 33, 1055 }, // U+00B2
    { 10, 13, 204, 2, 26, 33, 1088 }, // U+00B3
    { 6, 5, 143, 1, 24, 8, 1121 }, // U+00B4
    { 16, 22, 296, 2, 17, 88, 1129 }, // U+00B5
    { 15, 28, 271, 1, 23, 105, 1217 }, // U+00B6
    { 4, 4, 125, 2, 10, 4, 1322 }, // U+00B7
    { 8, 8, 155, 2, 1, 16, 1326 }, // U+00B8
    { 6, 13, 137, 2, 26, 20, 1342 }, // U+00B9
    { 10, 10, 203, 2, 23, 25, 1362 }, // U+00BA
    { 16, 14, 300, 1, 15, 56, 1387 }, // U+00BB
    { 24, 23, 440, 2, 23, 138, 1443 }, // U+00BC
    { 24, 23, 433, 2, 23, 138, 1581 }, // U+00BD
    { 26, 23, 463, 2, 23, 150, 1719 }, // U+00BE
    { 15, 23, 277, 2, 18, 87, 1869 }, // U+00BF
    { 21, 30, 334, 0, 30, 158, 1956 }, // U+00C0
    { 21, 30, 334, 0, 30, 158, 2114 }, // U+00C1
    { 21, 30, 334, 0, 30, 158, 2272 }, // U+00C2
    { 21, 29, 334, 0, 29, 153, 2430 }, // U+00C3
    { 20, 29, 334, 0, 29, 145, 2583 }, // U+00C4
    { 21, 29, 334, 0, 29, 153, 2728 }, // U+00C5
    { 32, 23, 532, 0, 23, 184, 2881 }, // U+00C6
    { 19, 29, 350, 2, 23, 138, 3065 }, // U+00C7
    { 15, 30, 302, 3, 30, 113, 3203 }, // U+00C8
    { 15, 30, 302, 3, 30, 113, 3316 }, // U+00C9
    { 15, 30, 302, 3, 30, 113, 3429 }, // U+00CA
    { 15, 29, 302, 3, 29, 109, 3542 }, // U+00CB
    { 9, 30, 221, 2, 30, 68, 3651 }, // U+00CC
    { 9, 30, 221, 2, 30, 68, 3719 }, // U+00CD
    { 11, 30, 221, 1, 30, 83, 3787 }, // U+00CE
    { 10, 29, 221, 2, 29, 73, 3870 }, // U+00CF
    { 21, 23, 380, 1, 23, 121, 3943 }, // U+00D0
    { 18, 29, 367, 3, 29, 131, 4064 }, // U+00D1
    { 21, 30, 388, 2, 30, 158, 4195 }, // U+00D2
    { 21, 30, 388, 2, 30, 158, 4353 }, // U+00D3
    { 21, 30, 388, 2, 30, 158, 4511 }, // U+00D4
    { 21, 30, 388, 2, 30, 158, 4669 }, // U+00D5
    { 21, 30, 388, 2, 30, 158, 4827 }, // U+00D6
    { 15, 15, 282, 1, 16, 57, 4985 }, // U+00D7
    { 21, 23, 388, 2, 23, 121, 5042 }, // U+00D8
    { 18, 30, 368, 3, 30, 135, 5163 }, // U+00D9
    { 18, 30, 368, 3, 30, 135, 5298 }, // U+00DA
    { 18, 30, 368, 3, 30, 135, 5433 }, // U+00DB
    { 18, 30, 368, 3, 30, 135, 5568 }, // U+00DC
    { 21, 30, 317, -1, 30, 158, 5703 }, // U+00DD
    { 15, 23, 307, 3, 23, 87, 5861 }, // U+00DE
    { 16, 23, 318, 3, 23, 92, 5948 }, // U+00DF
    { 15, 25, 280, 1, 25, 94, 6040 }, // U+00E0
    { 15, 25, 280, 1, 25, 94, 6134 }, // U+00E1
    { 15, 24, 280, 1, 24, 90, 6228 }, // U+00E2
    { 15, 23, 280, 1, 23, 87, 6318 }, // U+00E3
    { 15, 24, 280, 1, 24, 90, 6405 }, // U+00E4
    { 15, 27, 280, 1, 27, 102, 6495 }, // U+00E5
    { 27, 17, 466, 1, 17, 115, 6597 }, // U+00E6
    { 15, 24, 267, 1, 17, 90, 6712 }, // U+00E7
    { 16, 25, 287, 1, 25, 100, 6802 }, // U+00E8
    { 16, 25, 287, 1, 25, 100, 6902 }, // U+00E9
    { 16, 24, 287, 1, 24, 96, 7002 }, // U+00EA
    { 16, 24, 287, 1, 24, 96, 7098 }, // U+00EB
    { 6, 24, 146, 1, 24, 36, 7194 }, // U+00EC
    { 8, 24, 146, 1, 24, 48, 7230 }, // U+00ED
    { 12, 24, 146, -1, 24, 72, 7278 }, // U+00EE
    { 10, 24, 146, -1, 24, 60, 7350 }, // U+00EF
    { 16, 24, 302, 1, 24, 96, 7410 }, // U+00F0
    { 14, 23, 291, 2, 23, 81, 7506 }, // U+00F1
    { 16, 25, 294, 1, 25, 100, 7587 }, // U+00F2
    { 16, 25, 294, 1, 25, 100, 7687 }, // U+00F3
    { 16, 24, 294, 1, 24, 96, 7787 }, // U+00F4
    { 16, 23, 294, 1, 23, 92, 7883 }, // U+00F5
    { 16, 24, 294, 1, 24, 96, 7975 }, // U+00F6
    { 17, 17, 321, 2, 17, 73, 8071 }, // U+00F7
    { 16, 18, 294, 1, 18, 72, 8144 }, // U+00F8
    { 13, 25, 286, 2, 25, 82, 8216 }, // U+00F9
    { 13, 25, 286, 2, 25, 82, 8298 }, // U+00FA
    { 13, 24, 286, 2, 24, 78, 8380 }, // U+00FB
    { 13, 24, 286, 2, 24, 78, 8458 }, // U+00FC
    { 16, 30, 229, -1, 25, 120, 8536 }, // U+00FD
    { 15, 28, 302, 2, 23, 105, 8656 }, // U+00FE
    { 15, 29, 229, -1, 24, 109, 8761 }, // U+00FF
    { 21, 29, 334, 0, 29, 153, 0 }, // U+0100
    { 15, 23, 280, 1, 23, 87, 153 }, // U+0101
    { 21, 29, 334, 0, 29, 153, 240 }, // U+0102
    { 15, 24, 280, 1, 24, 90, 393 }, // U+0103
    { 21, 28, 334, 0, 23, 147, 483 }, // U+0104
    { 15, 22, 280, 1, 17, 83, 630 }, // U+0105
    { 19, 30, 350, 2, 30, 143, 713 }, // U+0106
    { 15, 25, 267, 1, 25, 94, 856 }, // U+0107
    { 19, 30, 350, 2, 30, 143, 950 }, // U+0108
    { 15, 24, 267, 1, 24, 90, 1093 }, // U+0109
    { 20, 30, 350, 2, 30, 150, 1183 }, // U+010A
    { 14, 24, 267, 1, 24, 84, 1333 }, // U+010B
    { 19, 30, 350, 2, 30, 143, 1417 }, // U+010C
    { 15, 24, 267, 1, 24, 90, 1560 }, // U+010D
    { 18, 29, 359, 3, 29, 131, 1650 }, // U+010E
    { 20, 23, 306, 1, 23, 115, 1781 }, // U+010F
    { 21, 23, 380, 1, 23, 121, 1896 }, // U+0110
    { 18, 23, 322, 1, 23, 104, 2017 }, // U+0111
    { 15, 29, 302, 3, 29, 109, 2121 }, // U+0112
    { 16, 23, 287, 1, 23, 92, 2230 }, // U+0113
    { 15, 29, 302, 3, 29, 109, 2322 }, // U+0114
    { 16, 24, 287, 1, 24, 96, 2431 }, // U+0115
    { 15, 30, 302, 3, 30, 113, 2527 }, // U+0116
    { 16, 24, 287, 1, 24, 96, 2640 }, // U+0117
    { 15, 28, 302, 3, 23, 105, 2736 }, // U+0118
    { 16, 22, 287, 1, 17, 88, 2841 }, // U+0119
    { 15, 29, 302, 3, 29, 109, 2929 }, // U+011A
    { 16, 24, 287, 1, 24, 96, 3038 }, // U+011B
    { 20, 30, 379, 2, 30, 150, 3134 }, // U+011C
    { 15, 30, 299, 1, 23, 113, 3284 }, // U+011D
    { 20, 30, 379, 2, 30, 150, 3397 }, // U+011E
    { 15, 30, 299, 1, 23, 113, 3547 }, // U+011F
    { 20, 30, 379, 2, 30, 150, 3660 }, // U+0120
    { 15, 30, 299, 1, 23, 113, 3810 }, // U+0121
    { 20, 31, 379, 2, 23, 155, 3923 }, // U+0122
    { 15, 33, 299, 1, 26, 124, 4078 }, // U+0123
    { 18, 30, 368, 3, 30, 135, 4202 }, // U+0124
    { 18, 30, 291, -2, 30, 135, 4337 }, // U+0125
    { 23, 23, 379, 1, 23, 133, 4472 }, // U+0126
    { 17, 23, 310, 1, 23, 98, 4605 }, // U+0127
    { 11, 29, 221, 1, 29, 80, 4703 }, // U+0128
    { 12, 23, 146, -2, 23, 69, 4783 }, // U+0129
    { 9, 29, 221, 2, 29, 66, 4852 }, // U+012A
    { 9, 23, 146, 0, 23, 52, 4918 }, // U+012B
    { 11, 29, 221, 1, 29, 80, 4970 }, // U+012C
    { 11, 23, 146, -1, 23, 64, 5050 }, // U+012D
    { 9, 28, 221, 2, 23, 63, 5114 }, // U+012E
    { 6, 30, 148, 1, 25, 45, 5177 }, // U+012F
    { 9, 30, 221, 2, 30, 68, 5222 }, // U+0130
    { 6, 17, 146, 1, 17, 26, 5290 }, // U+0131
    { 26, 23, 493, 2, 23, 150, 5316 }, // U+0132
    { 15, 29, 284, 1, 24, 109, 5466 }, // U+0133
    { 18, 30, 272, 1, 30, 135, 5575 }, // U+0134
    { 13, 29, 135, -2, 24, 95, 5710 }, // U+0135
    { 18, 31, 334, 3, 23, 140, 5805 }, // U+0136
    { 14, 31, 261, 2, 23, 109, 5945 }, // U+0137
    { 14, 17, 261, 2, 17, 60, 6054 }, // U+0138
    { 15, 30, 287, 3, 30, 113, 6114 }, // U+0139
    { 6, 30, 127, 2, 30, 45, 6227 }, // U+013A
    { 15, 31, 287, 3, 23, 117, 6272 }, // U+013B
    { 6, 31, 127, 1, 23, 47, 6389 }, // U+013C
    { 15, 23, 287, 3, 23, 87, 6436 }, // U+013D
    { 8, 23, 127, 2, 23, 46, 6523 }, // U+013E
    { 15, 23, 287, 3, 23, 87, 6569 }, // U+013F
    { 10, 23, 197, 2, 23, 58, 6656 }, // U+0140
    { 18, 23, 306, 1, 23, 104, 6714 }, // U+0141
    { 7, 23, 126, 1, 23, 41, 6818 }, // U+0142
    { 18, 30, 367, 3, 30, 135, 6859 }, // U+0143
    { 14, 24, 291, 2, 24, 84, 6994 }, // U+0144
    { 18, 31, 367, 3, 23, 140, 7078 }, // U+0145
    { 14, 25, 291, 2, 17, 88, 7218 }, // U+0146
    { 18, 29, 367, 3, 29, 131, 7306 }, // U+0147
    { 14, 23, 291, 2, 23, 81, 7437 }, // U+0148
    { 20, 23, 376, 2, 23, 115, 7518 }, // U+0149
    { 18, 28, 367, 3, 23, 126, 7633 }, // U+014A
    { 14, 22, 291, 2, 17, 77, 7759 }, // U+014B
    { 21, 29, 388, 2, 29, 153, 7836 }, // U+014C
    { 16, 23, 294, 1, 23, 92, 7989 }, // U+014D
    { 21, 30, 388, 2, 30, 158, 8081 }, // U+014E
    { 16, 24, 294, 1, 24, 96, 8239 }, // U+014F
    { 21, 30, 388, 2, 30, 158, 8335 }, // U+0150
    { 16, 25, 294, 1, 25, 100, 8493 }, // U+0151
    { 31, 23, 561, 2, 23, 179, 8593 }, // U+0152
    { 29, 17, 494, 1, 17, 124, 8772 }, // U+0153
    { 17, 30, 330, 3, 30, 128, 8896 }, // U+0154
    { 9, 24, 181, 2, 24, 54, 9024 }, // U+0155
    { 17, 31, 330, 3, 23, 132, 9078 }, // U+0156
    { 11, 25, 181, 0, 17, 69, 9210 }, // U+0157
    { 17, 29, 330, 3, 29, 124, 9279 }, // U+0158
    { 12, 23, 181, 0, 23, 69, 9403 }, // U+0159
    { 18, 30, 318, 1, 30, 135, 9472 }, // U+015A
    { 14, 25, 251, 0, 25, 88, 9607 }, // U+015B
    { 18, 30, 318, 1, 30, 135, 9695 }, // U+015C
    { 14, 24, 251, 0, 24, 84, 9830 }, // U+015D
    { 18, 30, 318, 1, 23, 135, 9914 }, // U+015E
    { 14, 23, 251, 0, 17, 81, 10049 }, // U+015F
    { 18, 30, 318, 1, 30, 135, 10130 }, // U+0160
    { 14, 24, 251, 0, 24, 84, 10265 }, // U+0161
    { 18, 30, 298, 1, 23, 135, 10349 }, // U+0162
    { 9, 28, 173, 1, 21, 63, 10484 }, // U+0163
    { 18, 29, 298, 1, 29, 131, 10547 }, // U+0164
    { 11, 25, 173, 1, 25, 69, 10678 }, // U+0165
    { 18, 23, 298, 1, 23, 104, 10747 }, // U+0166
    { 9, 21, 173, 1, 21, 48, 10851 }, // U+0167
    { 18, 30, 368, 3, 30, 135, 10899 }, // U+0168
    { 13, 23, 286, 2, 23, 75, 11034 }, // U+0169
    { 18, 29, 368, 3, 29, 131, 11109 }, // U+016A
    { 13, 23, 286, 2, 23, 75, 11240 }, // U+016B
    { 18, 30, 368, 3, 30, 135, 11315 }, // U+016C
    { 13, 24, 286, 2, 24, 78, 11450 }, // U+016D
    { 18, 33, 368, 3, 33, 149, 11528 }, // U+016E
    { 13, 27, 286, 2, 27, 88, 11677 }, // U+016F
    { 18, 30, 368, 3, 30, 135, 11765 }, // U+0170
    { 13, 25, 286, 2, 25, 82, 11900 }, // U+0171
    { 18, 28, 368, 3, 23, 126, 11982 }, // U+0172
    { 13, 22, 286, 2, 17, 72, 12108 }, // U+0173
    { 28, 30, 448, 0, 30, 210, 12180 }, // U+0174
    { 22, 24, 349, 0, 24, 132, 12390 }, // U+0175
    { 20, 30, 317, -1, 30, 150, 12522 }, // U+0176
    { 16, 29, 229, -1, 24, 116, 12672 }, // U+0177
    { 20, 29, 317, 0, 29, 145, 12788 }, // U+0178
    { 17, 30, 324, 1, 30, 128, 12933 }, // U+0179
    { 13, 24, 245, 1, 24, 78, 13061 }, // U+017A
    { 17, 30, 324, 1, 30, 128, 13139 }, // U+017B
    { 13, 24, 245, 1, 24, 78, 13267 }, // U+017C
    { 17, 29, 324, 1, 29, 124, 13345 }, // U+017D
    { 13, 23, 245, 1, 23, 75, 13469 }, // U+017E
    { 9, 24, 166, 1, 24, 54, 13544 }, // U+017F
    { 23, 26, 388, 2, 26, 150, 0 }, // U+01A0
    { 19, 21, 304, 1, 21, 100, 150 }, // U+01A1
    { 22, 27, 379, 3, 27, 149, 250 }, // U+01AF
    { 18, 21, 301, 2, 21, 95, 399 }, // U+01B0
    { 39, 29, 683, 3, 29, 283, 494 }, // U+01C4
    { 34, 23, 604, 3, 23, 196, 777 }, // U+01C5
    { 32, 24, 546, 1, 24, 192, 973 }, // U+01C6
    { 30, 23, 559, 3, 23, 173, 1165 }, // U+01C7
    { 22, 29, 423, 3, 24, 160, 1338 }, // U+01C8
    { 12, 29, 263, 2, 24, 87, 1498 }, // U+01C9
    { 35, 23, 639, 3, 23, 202, 1585 }, // U+01CA
    { 27, 29, 503, 3, 24, 196, 1787 }, // U+01CB
    { 22, 29, 427, 2, 24, 160, 1983 }, // U+01CC
    { 21, 29, 334, 0, 29, 153, 2143 }, // U+01CD
    { 15, 24, 280, 1, 24, 90, 2296 }, // U+01CE
    { 18, 30, 368, 3, 30, 135, 2386 }, // U+01D3
    { 13, 24, 286, 2, 24, 78, 2521 }, // U+01D4
    { 20, 30, 379, 2, 30, 150, 2599 }, // U+01E6
    { 15, 30, 299, 1, 23, 113, 2749 }, // U+01E7
    { 21, 28, 388, 2, 23, 147, 2862 }, // U+01EA
    { 16, 22, 294, 1, 17, 88, 3009 }, // U+01EB
    { 39, 23, 683, 3, 23, 225, 3097 }, // U+01F1
    { 34, 23, 604, 3, 23, 196, 3322 }, // U+01F2
    { 32, 23, 546, 1, 23, 184, 3518 }, // U+01F3
    { 21, 34, 334, 0, 34, 179, 3702 }, // U+01FA
    { 15, 34, 280, 1, 34, 128, 3881 }, // U+01FB
    { 32, 30, 532, 0, 30, 240, 4009 }, // U+01FC
    { 27, 25, 466, 1, 25, 169, 4249 }, // U+01FD
    { 21, 30, 388, 2, 30, 158, 4418 }, // U+01FE
    { 16, 25, 294, 1, 25, 100, 4576 }, // U+01FF
    { 18, 31, 318, 1, 23, 140, 4676 }, // U+0218
    { 14, 25, 251, 0, 17, 88, 4816 }, // U+0219
    { 18, 31, 298, 1, 23, 140, 4904 }, // U+021A
    { 9, 29, 173, 1, 21, 66, 5044 }, // U+021B
    { 18, 29, 368, 3, 29, 131, 5110 }, // U+021E
    { 18, 29, 291, -2, 29, 131, 5241 }, // U+021F
    { 6, 5, 86, 0, 24, 8, 0 }, // U+0300
    { 6, 5, 86, -1, 24, 8, 8 }, // U+0301
    { 11, 4, 172, 0, 23, 11, 16 }, // U+0302
    { 11, 4, 175, 0, 23, 11, 27 }, // U+0303
    { 9, 3, 147, 0, 23, 7, 38 }, // U+0304
    { 10, 4, 157, 0, 23, 10, 45 }, // U+0306
    { 3, 4, 58, 0, 24, 3, 55 }, // U+0307
    { 10, 4, 170, 0, 24, 10, 58 }, // U+0308
    { 6, 7, 84, 0, 26, 11, 68 }, // U+0309
    { 7, 8, 116, 0, 27, 14, 79 }, // U+030A
    { 11, 5, 164, -1, 24, 14, 93 }, // U+030B
    { 11, 4, 172, 0, 23, 11, 107 }, // U+030C
    { 10, 7, 173, 0, 21, 18, 118 }, // U+031B
    { 4, 4, 109, 1, -3, 4, 136 }, // U+0323
    { 7, 7, 0, -1, -1, 13, 140 }, // U+0326
    { 8, 8, 0, -1, 1, 16, 153 }, // U+0327
    { 5, 6, 84, 0, 0, 8, 169 }, // U+0328
    { 0, 0, 0, 0, 0, 0, 177 }, // U+034F
    { 17, 23, 265, 0, 23, 98, 0 }, // U+03BB
    { 23, 23, 359, 0, 23, 133, 0 }, // U+0410
    { 18, 23, 309, 0, 23, 104, 133 }, // U+0411
    { 18, 23, 323, 1, 23, 104, 237 }, // U+0412
    { 17, 23, 281, 0, 23, 98, 341 }, // U+0413
    { 23, 30, 378, 0, 23, 173, 439 }, // U+0414
    { 22, 23, 380, 1, 23, 127, 612 }, // U+0418
    { 23, 24, 385, 0, 23, 138, 739 }, // U+041B
    { 23, 23, 396, 1, 23, 133, 877 }, // U+041D
    { 22, 24, 390, 1, 23, 132, 1010 }, // U+041E
    { 22, 23, 387, 1, 23, 127, 1142 }, // U+041F
    { 18, 23, 306, 0, 23, 104, 1269 }, // U+0420
    { 19, 24, 334, 1, 23, 114, 1373 }, // U+0421
    { 20, 23, 319, 0, 23, 115, 1487 }, // U+0422
    { 23, 24, 371, 0, 23, 138, 1602 }, // U+0423
    { 21, 23, 338, 0, 23, 121, 1740 }, // U+0425
    { 20, 23, 350, 1, 23, 115, 1861 }, // U+0427
    { 27, 23, 445, 0, 23, 156, 1976 }, // U+042B
    { 18, 23, 310, 0, 23, 104, 2132 }, // U+042C
    { 31, 24, 521, 0, 23, 186, 2236 }, // U+042E
    { 21, 23, 344, 0, 23, 121, 2422 }, // U+042F
    { 16, 18, 273, 1, 17, 72, 2543 }, // U+0430
    { 16, 25, 285, 1, 24, 100, 2615 }, // U+0431
    { 15, 17, 268, 1, 17, 64, 2715 }, // U+0432
    { 19, 21, 306, 0, 16, 100, 2779 }, // U+0434
    { 15, 18, 261, 1, 17, 68, 2879 }, // U+0435
    { 13, 18, 236, 1, 17, 59, 2947 }, // U+0437
    { 18, 17, 283, 0, 17, 77, 3006 }, // U+043A
    { 19, 17, 318, 0, 17, 81, 3083 }, // U+043D
    { 16, 18, 290, 1, 17, 72, 3164 }, // U+043E
    { 18, 24, 298, 0, 17, 108, 3236 }, // U+0440
    { 16, 16, 262, 0, 16, 64, 3344 }, // U+0442
    { 17, 22, 301, 1, 17, 94, 3408 }, // U+0446
    { 15, 17, 255, 0, 17, 64, 3502 }, // U+044C
    { 24, 18, 395, 0, 17, 108, 3566 }, // U+044E
    { 20, 30, 334, 0, 23, 150, 0 }, // U+1EA0
    { 15, 23, 280, 1, 17, 87, 150 }, // U+1EA1
    { 21, 31, 334, 0, 31, 163, 237 }, // U+1EA2
    { 15, 26, 280, 1, 26, 98, 400 }, // U+1EA3
    { 21, 34, 334, 0, 34, 179, 498 }, // U+1EA4
    { 16, 29, 280, 1, 29, 116, 677 }, // U+1EA5
    { 22, 32, 334, -1, 32, 176, 793 }, // U+1EA6
    { 15, 29, 280, 1, 29, 109, 969 }, // U+1EA7
    { 21, 34, 334, 0, 34, 179, 1078 }, // U+1EA8
    { 15, 30, 280, 1, 30, 113, 1257 }, // U+1EA9
    { 21, 36, 334, 0, 36, 189, 1370 }, // U+1EAA
    { 15, 30, 280, 1, 30, 113, 1559 }, // U+1EAB
    { 20, 37, 334, 0, 30, 185, 1672 }, // U+1EAC
    { 15, 30, 280, 1, 24, 113, 1857 }, // U+1EAD
    { 21, 36, 334, 0, 36, 189, 1970 }, // U+1EAE
    { 15, 31, 280, 1, 31, 117, 2159 }, // U+1EAF
    { 21, 36, 334, 0, 36, 189, 2276 }, // U+1EB0
    { 15, 31, 280, 1, 31, 117, 2465 }, // U+1EB1
    { 21, 38, 334, 0, 38, 200, 2582 }, // U+1EB2
    { 15, 33, 280, 1, 33, 124, 2782 }, // U+1EB3
    { 21, 35, 334, 0, 35, 184, 2906 }, // U+1EB4
    { 15, 30, 280, 1, 30, 113, 3090 }, // U+1EB5
    { 20, 36, 334, 0, 29, 180, 3203 }, // U+1EB6
    { 15, 30, 280, 1, 24, 113, 3383 }, // U+1EB7
    { 15, 30, 302, 3, 23, 113, 3496 }, // U+1EB8
    { 16, 23, 287, 1, 17, 92, 3609 }, // U+1EB9
    { 15, 31, 302, 3, 31, 117, 3701 }, // U+1EBA
    { 16, 26, 287, 1, 26, 104, 3818 }, // U+1EBB
    { 15, 29, 302, 3, 29, 109, 3922 }, // U+1EBC
    { 16, 23, 287, 1, 23, 92, 4031 }, // U+1EBD
    { 18, 34, 302, 3, 34, 153, 4123 }, // U+1EBE
    { 17, 29, 287, 1, 29, 124, 4276 }, // U+1EBF
    { 17, 32, 302, 3, 32, 136, 4400 }, // U+1EC0
    { 17, 29, 287, 1, 29, 124, 4536 }, // U+1EC1
    { 17, 34, 302, 3, 34, 145, 4660 }, // U+1EC2
    { 16, 30, 287, 1, 30, 120, 4805 }, // U+1EC3
    { 15, 36, 302, 3, 36, 135, 4925 }, // U+1EC4
    { 16, 30, 287, 1, 30, 120, 5060 }, // U+1EC5
    { 15, 37, 302, 3, 30, 139, 5180 }, // U+1EC6
    { 16, 30, 287, 1, 24, 120, 5319 }, // U+1EC7
    { 9, 31, 221, 2, 31, 70, 5439 }, // U+1EC8
    { 7, 26, 146, 1, 26, 46, 5509 }, // U+1EC9
    { 9, 30, 221, 2, 23, 68, 5555 }, // U+1ECA
    { 6, 30, 148, 1, 24, 45, 5623 }, // U+1ECB
    { 21, 29, 388, 2, 23, 153, 5668 }, // U+1ECC
    { 16, 23, 294, 1, 17, 92, 5821 }, // U+1ECD
    { 21, 32, 388, 2, 32, 168, 5913 }, // U+1ECE
    { 16, 26, 294, 1, 26, 104, 6081 }, // U+1ECF
    { 21, 34, 388, 2, 34, 179, 6185 }, // U+1ED0
    { 17, 29, 294, 1, 29, 124, 6364 }, // U+1ED1
    { 21, 33, 388, 2, 33, 174, 6488 }, // U+1ED2
    { 17, 29, 294, 1, 29, 124, 6662 }, // U+1ED3
    { 21, 35, 388, 2, 35, 184, 6786 }, // U+1ED4
    { 16, 30, 294, 1, 30, 120, 6970 }, // U+1ED5
    { 21, 36, 388, 2, 36, 189, 7090 }, // U+1ED6
    { 16, 30, 294, 1, 30, 120, 7279 }, // U+1ED7
    { 21, 36, 388, 2, 30, 189, 7399 }, // U+1ED8
    { 16, 30, 294, 1, 24, 120, 7588 }, // U+1ED9
    { 23, 30, 388, 2, 30, 173, 7708 }, // U+1EDA
    { 19, 25, 304, 1, 25, 119, 7881 }, // U+1EDB
    { 23, 30, 388, 2, 30, 173, 8000 }, // U+1EDC
    { 19, 25, 304, 1, 25, 119, 8173 }, // U+1EDD
    { 23, 32, 388, 2, 32, 184, 8292 }, // U+1EDE
    { 19, 26, 304, 1, 26, 124, 8476 }, // U+1EDF
    { 23, 29, 388, 2, 29, 167, 8600 }, // U+1EE0
    { 19, 23, 304, 1, 23, 110, 8767 }, // U+1EE1
    { 23, 32, 388, 2, 26, 184, 8877 }, // U+1EE2
    { 19, 27, 304, 1, 21, 129, 9061 }, // U+1EE3
    { 18, 29, 368, 3, 23, 131, 9190 }, // U+1EE4
    { 13, 23, 286, 2, 17, 75, 9321 }, // U+1EE5
    { 18, 32, 368, 3, 32, 144, 9396 }, // U+1EE6
    { 13, 26, 286, 2, 26, 85, 9540 }, // U+1EE7
    { 22, 30, 379, 3, 30, 165, 9625 }, // U+1EE8
    { 18, 25, 301, 2, 25, 113, 9790 }, // U+1EE9
    { 22, 30, 379, 3, 30, 165, 9903 }, // U+1EEA
    { 18, 25, 301, 2, 25, 113, 10068 }, // U+1EEB
    { 22, 32, 379, 3, 32, 176, 10181 }, // U+1EEC
    { 18, 26, 301, 2, 26, 117, 10357 }, // U+1EED
    { 22, 30, 379, 3, 30, 165, 10474 }, // U+1EEE
    { 18, 23, 301, 2, 23, 104, 10639 }, // U+1EEF
    { 22, 33, 379, 3, 27, 182, 10743 }, // U+1EF0
    { 18, 27, 301, 2, 21, 122, 10925 }, // U+1EF1
    { 19, 30, 317, 0, 30, 143, 11047 }, // U+1EF2
    { 16, 30, 229, -1, 25, 120, 11190 }, // U+1EF3
    { 20, 30, 317, 0, 23, 150, 11310 }, // U+1EF4
    { 15, 23, 229, -1, 17, 87, 11460 }, // U+1EF5
    { 19, 31, 317, 0, 31, 148, 11547 }, // U+1EF6
    { 16, 31, 229, -1, 26, 124, 11695 }, // U+1EF7
    { 21, 29, 317, -1, 29, 153, 11819 }, // U+1EF8
    { 15, 28, 229, -1, 23, 105, 11972 }, // U+1EF9
    { 0, 0, 0, 0, 0, 0, 0 }, // U+200B
    { 0, 0, 0, 0, 0, 0, 0 }, // U+200C
    { 0, 0, 0, 0, 0, 0, 0 }, // U+200D
    { 0, 0, 0, 0, 0, 0, 0 }, // U+200E
    { 0, 0, 0, 0, 0, 0, 0 }, // U+200F
    { 8, 3, 175, 1, 10, 6, 0 }, // U+2010
    { 13, 3, 256, 1, 10, 10, 6 }, // U+2013
    { 24, 3, 427, 1, 10, 18, 16 }, // U+2014
    { 4, 8, 125, 2, 23, 8, 34 }, // U+2018
    { 4, 8, 125, 2, 23, 8, 42 }, // U+2019
    { 4, 8, 125, 2, 3, 8, 50 }, // U+201A
    { 10, 8, 212, 2, 23, 20, 58 }, // U+201C
    { 10, 8, 212, 2, 23, 20, 78 }, // U+201D
    { 10, 8, 212, 2, 3, 20, 98 }, // U+201E
    { 15, 23, 288, 1, 23, 87, 118 }, // U+2020
    { 15, 23, 288, 1, 23, 87, 205 }, // U+2021
    { 11, 11, 234, 2, 14, 31, 292 }, // U+2022
    { 20, 4, 371, 2, 4, 20, 323 }, // U+2026
    { 0, 0, 0, 0, 0, 0, 343 }, // U+202A
    { 0, 0, 0, 0, 0, 0, 343 }, // U+202B
    { 0, 0, 0, 0, 0, 0, 343 }, // U+202C
    { 0, 0, 0, 0, 0, 0, 343 }, // U+202D
    { 0, 0, 0, 0, 0, 0, 343 }, // U+202E
    { 42, 23, 708, 1, 23, 242, 343 }, // U+2030
    { 9, 14, 188, 1, 15, 32, 585 }, // U+2039
    { 9, 14, 188, 1, 15, 32, 617 }, // U+203A
    { 20, 23, 312, 0, 23, 115, 649 }, // U+2044
    { 0, 0, 0, 0, 0, 0, 764 }, // U+2060
    { 0, 0, 0, 0, 0, 0, 764 }, // U+2061
    { 0, 0, 0, 0, 0, 0, 764 }, // U+2062
    { 0, 0, 0, 0, 0, 0, 764 }, // U+2063
    { 0, 0, 0, 0, 0, 0, 764 }, // U+2064
    { 0, 0, 0, 0, 0, 0, 764 }, // U+2066
    { 0, 0, 0, 0, 0, 0, 764 }, // U+2067
    { 0, 0, 0, 0, 0, 0, 764 }, // U+2068
    { 0, 0, 0, 0, 0, 0, 764 }, // U+2069
    { 0, 0, 0, 0, 0, 0, 764 }, // U+206A
    { 0, 0, 0, 0, 0, 0, 764 }, // U+206B
    { 0, 0, 0, 0, 0, 0, 764 }, // U+206C
    { 0, 0, 0, 0, 0, 0, 764 }, // U+206D
    { 0, 0, 0, 0, 0, 0, 764 }, // U+206E
    { 0, 0, 0, 0, 0, 0, 764 }, // U+206F
    { 11, 13, 220, 1, 26, 36, 0 }, // U+2074
    { 18, 27, 322, 1, 23, 122, 0 }, // U+20AB
    { 21, 23, 354, 0, 23, 121, 122 }, // U+20AC
    { 13, 24, 240, 1, 23, 78, 0 }, // U+2113
    { 16, 24, 310, 2, 23, 96, 0 }, // U+2202
    { 16, 28, 312, 2, 22, 112, 96 }, // U+220F
    { 17, 28, 313, 1, 22, 119, 208 }, // U+2211
    { 17, 3, 321, 2, 10, 13, 327 }, // U+2212
    { 20, 23, 319, 0, 23, 115, 340 }, // U+2215
    { 6, 5, 125, 1, 11, 8, 455 }, // U+2219
    { 17, 29, 310, 1, 23, 124, 463 }, // U+221A
    { 22, 11, 412, 2, 14, 61, 587 }, // U+221E
    { 13, 29, 244, 1, 23, 95, 648 }, // U+222B
    { 17, 11, 310, 1, 14, 47, 743 }, // U+2248
    { 17, 18, 321, 2, 17, 77, 790 }, // U+2260
    { 16, 17, 309, 2, 17, 68, 867 }, // U+2264
    { 16, 17, 309, 2, 17, 68, 935 }, // U+2265
    { 8, 22, 165, 1, 22, 44, 0 }, // U+2669
    { 13, 22, 240, 1, 22, 72, 44 }, // U+266A
    { 19, 25, 342, 1, 23, 119, 116 }, // U+266B
    { 19, 25, 342, 1, 23, 119, 235 }, // U+266C
    { 9, 21, 185, 1, 20, 48, 354 }, // U+266D
    { 10, 21, 190, 1, 14, 53, 402 }, // U+266E
    { 16, 28, 295, 1, 20, 112, 455 }, // U+266F
    { 38, 35, 677, 2, 29, 333, 567 }, // U+2764
    { 32, 33, 533, 1, 29, 264, 900 }, // U+4F1A
    { 31, 32, 533, 1, 29, 248, 1164 }, // U+53BB
    { 30, 31, 533, 2, 27, 233, 1412 }, // U+5458
    { 33, 33, 533, 0, 29, 273, 1645 }, // U+59DA
    { 29, 32, 533, 2, 29, 232, 1918 }, // U+5B98
    { 31, 32, 533, 1, 29, 248, 2150 }, // U+5BA4
    { 31, 32, 533, 1, 28, 248, 2398 }, // U+5E26
    { 32, 31, 533, 1, 28, 248, 2646 }, // U+6211
    { 32, 33, 533, 1, 29, 264, 2894 }, // U+62C9
    { 33, 33, 533, 0, 29, 273, 3158 }, // U+653E
    { 33, 33, 533, 0, 29, 273, 3431 }, // U+6746
    { 33, 33, 533, 0, 29, 273, 3704 }, // U+6747
    { 32, 33, 533, 1, 29, 264, 3977 }, // U+6748
    { 32, 33, 533, 0, 29, 264, 4241 }, // U+6749
    { 30, 33, 533, 1, 29, 248, 4505 }, // U+674A
    { 32, 33, 533, 1, 29, 264, 4753 }, // U+674B
    { 33, 33, 533, 0, 29, 273, 5017 }, // U+674C
    { 31, 32, 533, 1, 29, 248, 5290 }, // U+674D
    { 32, 32, 533, 1, 29, 256, 5538 }, // U+674E
    { 32, 33, 533, 1, 29, 264, 5794 }, // U+674F
    { 32, 32, 533, 0, 29, 256, 6058 }, // U+6750
    { 33, 32, 533, 0, 29, 264, 6314 }, // U+6751
    { 31, 33, 533, 1, 29, 256, 6578 }, // U+6752
    { 31, 33, 533, 1, 29, 256, 6834 }, // U+6753
    { 31, 33, 533, 1, 29, 256, 7090 }, // U+6754
    { 32, 33, 533, 1, 29, 264, 7346 }, // U+6755
    { 33, 33, 533, 0, 29, 273, 7610 }, // U+6756
    { 32, 33, 533, 1, 29, 264, 7883 }, // U+6757
    { 32, 31, 533, 1, 27, 248, 8147 }, // U+6758
    { 33, 32, 533, 0, 29, 264, 8395 }, // U+6759
    { 31, 32, 533, 1, 29, 248, 8659 }, // U+675A
    { 30, 33, 533, 1, 29, 248, 8907 }, // U+675B
    { 32, 33, 533, 0, 29, 264, 9155 }, // U+675C
    { 33, 32, 533, 0, 29, 264, 9419 }, // U+675D
    { 32, 32, 533, 1, 29, 256, 9683 }, // U+675E
    { 32, 32, 533, 1, 28, 256, 9939 }, // U+675F
    { 31, 33, 533, 1, 29, 256, 10195 }, // U+6760
    { 32, 32, 533, 1, 29, 256, 10451 }, // U+6761
    { 32, 32, 533, 1, 29, 256, 10707 }, // U+6762
    { 31, 33, 533, 0, 29, 256, 10963 }, // U+6763
    { 32, 33, 533, 0, 29, 264, 11219 }, // U+6764
    { 32, 32, 533, 1, 28, 256, 11483 }, // U+6765
    { 32, 33, 533, 1, 29, 264, 11739 }, // U+6766
    { 32, 33, 533, 1, 29, 264, 12003 }, // U+6767
    { 31, 33, 533, 1, 29, 256, 12267 }, // U+6768
    { 31, 33, 533, 1, 29, 256, 12523 }, // U+6769
    { 31, 33, 533, 1, 29, 256, 12779 }, // U+676A
    { 32, 33, 533, 1, 29, 264, 13035 }, // U+676B
    { 32, 33, 533, 1, 29, 264, 13299 }, // U+676C
    { 32, 33, 533, 1, 29, 264, 13563 }, // U+676D
    { 31, 33, 533, 1, 29, 256, 13827 }, // U+676E
    { 33, 33, 533, 0, 29, 273, 14083 }, // U+676F
    { 31, 33, 533, 1, 29, 256, 14356 }, // U+6770
    { 32, 33, 533, 1, 29, 264, 14612 }, // U+6771
    { 32, 31, 533, 1, 27, 248, 14876 }, // U+6772
    { 32, 33, 533, 1, 29, 264, 15124 }, // U+6773
    { 32, 33, 533, 1, 29, 264, 15388 }, // U+6774
    { 32, 33, 533, 1, 29, 264, 15652 }, // U+6775
    { 33, 32, 533, 0, 29, 264, 15916 }, // U+6776
    { 33, 32, 533, 0, 29, 264, 16180 }, // U+6777
    { 31, 33, 533, 1, 29, 256, 16444 }, // U+6778
    { 32, 33, 533, 1, 29, 264, 16700 }, // U+6779
    { 32, 33, 533, 1, 29, 264, 16964 }, // U+677A
    { 32, 33, 533, 1, 29, 264, 17228 }, // U+677B
    { 32, 33, 533, 1, 29, 264, 17492 }, // U+677C
    { 31, 33, 533, 1, 29, 256, 17756 }, // U+677D
    { 31, 33, 533, 1, 29, 256, 18012 }, // U+677E
    { 32, 33, 533, 1, 29, 264, 18268 }, // U+677F
    { 26, 30, 533, 4, 26, 195, 18532 }, // U+7532
    { 29, 32, 533, 2, 29, 232, 18727 }, // U+7684
    { 32, 32, 533, 1, 28, 256, 18959 }, // U+8BAE
    { 31, 32, 533, 1, 28, 248, 19215 }, // U+8BF7
    { 32, 32, 533, 1, 28, 256, 19463 }, // U+91CA
    { 18, 24, 307, 1, 24, 108, 0 }, // U+FB00
    { 15, 24, 281, 1, 24, 90, 108 }, // U+FB01
    { 18, 24, 293, 1, 24, 108, 198 }, // U+FB02
    { 24, 24, 422, 1, 24, 144, 306 }, // U+FB03
    { 26, 24, 434, 1, 24, 156, 450 }, // U+FB04
    { 15, 23, 279, 1, 23, 87, 0 }, // U+FFFD
    { 34, 35, 677, 4, 29, 298, 0 }, // U+1F44B
    { 25, 35, 677, 9, 29, 219, 298 }, // U+1F44C
    { 32, 35, 677, 5, 29, 280, 517 }, // U+1F44D
    { 32, 35, 677, 5, 29, 280, 797 }, // U+1F44E
    { 32, 35, 677, 5, 29, 280, 1077 }, // U+1F44F
    { 34, 35, 677, 4, 29, 298, 1357 }, // U+1F600
    { 34, 35, 677, 4, 29, 298, 1655 }, // U+1F601
    { 42, 35, 677, 0, 29, 368, 1953 }, // U+1F602
    { 34, 35, 677, 4, 29, 298, 2321 }, // U+1F603
    { 34, 35, 677, 4, 29, 298, 2619 }, // U+1F604
    { 37, 35, 677, 3, 29, 324, 2917 }, // U+1F605
    { 34, 35, 677, 4, 29, 298, 3241 }, // U+1F606
    { 33, 35, 677, 5, 29, 289, 3539 }, // U+1F607
    { 34, 35, 677, 4, 29, 298, 3828 }, // U+1F609
    { 34, 35, 677, 4, 29, 298, 4126 }, // U+1F60A
    { 35, 35, 677, 4, 29, 307, 4424 }, // U+1F60B
    { 34, 35, 677, 4, 29, 298, 4731 }, // U+1F60C
    { 34, 35, 677, 4, 29, 298, 5029 }, // U+1F60D
    { 35, 35, 677, 4, 29, 307, 5327 }, // U+1F60E
    { 34, 35, 677, 4, 29, 298, 5634 }, // U+1F60F
    { 34, 35, 677, 4, 29, 298, 5932 }, // U+1F610
    { 34, 35, 677, 4, 29, 298, 6230 }, // U+1F611
    { 34, 35, 677, 4, 29, 298, 6528 }, // U+1F612
    { 34, 35, 677, 4, 29, 298, 6826 }, // U+1F613
    { 34, 35, 677, 4, 29, 298, 7124 }, // U+1F614
    { 34, 35, 677, 4, 29, 298, 7422 }, // U+1F618
    { 34, 35, 677, 4, 29, 298, 7720 }, // U+1F61A
    { 34, 36, 677, 4, 29, 306, 8018 }, // U+1F61C
    { 34, 36, 677, 4, 29, 306, 8324 }, // U+1F61D
    { 34, 35, 677, 4, 29, 298, 8630 }, // U+1F620
    { 34, 35, 677, 4, 29, 298, 8928 }, // U+1F621
    { 34, 35, 677, 4, 29, 298, 9226 }, // U+1F622
    { 36, 35, 677, 3, 29, 315, 9524 }, // U+1F624
    { 36, 35, 677, 3, 29, 315, 9839 }, // U+1F625
    { 34, 35, 677, 4, 29, 298, 10154 }, // U+1F629
    { 34, 35, 677, 4, 29, 298, 10452 }, // U+1F62C
    { 34, 36, 677, 4, 29, 306, 10750 }, // U+1F62D
    { 34, 35, 677, 4, 29, 298, 11056 }, // U+1F62E
    { 40, 36, 677, 1, 29, 360, 11354 }, // U+1F631
    { 34, 35, 677, 4, 29, 298, 11714 }, // U+1F632
    { 34, 35, 677, 4, 29, 298, 12012 }, // U+1F633
    { 35, 35, 677, 4, 29, 307, 12310 }, // U+1F634
    { 34, 35, 677, 4, 29, 298, 12617 }, // U+1F635
    { 34, 35, 677, 4, 29, 298, 12915 }, // U+1F641
    { 34, 35, 677, 4, 29, 298, 13213 }, // U+1F642
    { 34, 35, 677, 4, 29, 298, 13511 }, // U+1F644
};

static const EpdUnicodeInterval lexenddeca_16_regularIntervals[] = {
    { 0x0, 0x17F, 0x0 },
    { 0x1A0, 0x1A1, 0x180 },
    { 0x1AF, 0x1B0, 0x182 },
    { 0x1C4, 0x1CE, 0x184 },
    { 0x1D3, 0x1D4, 0x18F },
    { 0x1E6, 0x1E7, 0x191 },
    { 0x1EA, 0x1EB, 0x193 },
    { 0x1F1, 0x1F3, 0x195 },
    { 0x1FA, 0x1FF, 0x198 },
    { 0x218, 0x21B, 0x19E },
    { 0x21E, 0x21F, 0x1A2 },
    { 0x300, 0x304, 0x1A4 },
    { 0x306, 0x30C, 0x1A9 },
    { 0x31B, 0x31B, 0x1B0 },
    { 0x323, 0x323, 0x1B1 },
    { 0x326, 0x328, 0x1B2 },
    { 0x34F, 0x34F, 0x1B5 },
    { 0x3BB, 0x3BB, 0x1B6 },
    { 0x410, 0x414, 0x1B7 },
    { 0x418, 0x418, 0x1BC },
    { 0x41B, 0x41B, 0x1BD },
    { 0x41D, 0x423, 0x1BE },
    { 0x425, 0x425, 0x1C5 },
    { 0x427, 0x427, 0x1C6 },
    { 0x42B, 0x42C, 0x1C7 },
    { 0x42E, 0x432, 0x1C9 },
    { 0x434, 0x435, 0x1CE },
    { 0x437, 0x437, 0x1D0 },
    { 0x43A, 0x43A, 0x1D1 },
    { 0x43D, 0x43E, 0x1D2 },
    { 0x440, 0x440, 0x1D4 },
    { 0x442, 0x442, 0x1D5 },
    { 0x446, 0x446, 0x1D6 },
    { 0x44C, 0x44C, 0x1D7 },
    { 0x44E, 0x44E, 0x1D8 },
    { 0x1EA0, 0x1EF9, 0x1D9 },
    { 0x200B, 0x2010, 0x233 },
    { 0x2013, 0x2014, 0x239 },
    { 0x2018, 0x201A, 0x23B },
    { 0x201C, 0x201E, 0x23E },
    { 0x2020, 0x2022, 0x241 },
    { 0x2026, 0x2026, 0x244 },
    { 0x202A, 0x202E, 0x245 },
    { 0x2030, 0x2030, 0x24A },
    { 0x2039, 0x203A, 0x24B },
    { 0x2044, 0x2044, 0x24D },
    { 0x2060, 0x2064, 0x24E },
    { 0x2066, 0x206F, 0x253 },
    { 0x2074, 0x2074, 0x25D },
    { 0x20AB, 0x20AC, 0x25E },
    { 0x2113, 0x2113, 0x260 },
    { 0x2202, 0x2202, 0x261 },
    { 0x220F, 0x220F, 0x262 },
    { 0x2211, 0x2212, 0x263 },
    { 0x2215, 0x2215, 0x265 },
    { 0x2219, 0x221A, 0x266 },
    { 0x221E, 0x221E, 0x268 },
    { 0x222B, 0x222B, 0x269 },
    { 0x2248, 0x2248, 0x26A },
    { 0x2260, 0x2260, 0x26B },
    { 0x2264, 0x2265, 0x26C },
    { 0x2669, 0x266F, 0x26E },
    { 0x2764, 0x2764, 0x275 },
    { 0x4F1A, 0x4F1A, 0x276 },
    { 0x53BB, 0x53BB, 0x277 },
    { 0x5458, 0x5458, 0x278 },
    { 0x59DA, 0x59DA, 0x279 },
    { 0x5B98, 0x5B98, 0x27A },
    { 0x5BA4, 0x5BA4, 0x27B },
    { 0x5E26, 0x5E26, 0x27C },
    { 0x6211, 0x6211, 0x27D },
    { 0x62C9, 0x62C9, 0x27E },
    { 0x653E, 0x653E, 0x27F },
    { 0x6746, 0x677F, 0x280 },
    { 0x7532, 0x7532, 0x2BA },
    { 0x7684, 0x7684, 0x2BB },
    { 0x8BAE, 0x8BAE, 0x2BC },
    { 0x8BF7, 0x8BF7, 0x2BD },
    { 0x91CA, 0x91CA, 0x2BE },
    { 0xFB00, 0xFB04, 0x2BF },
    { 0xFFFD, 0xFFFD, 0x2C4 },
    { 0x1F44B, 0x1F44F, 0x2C5 },
    { 0x1F600, 0x1F607, 0x2CA },
    { 0x1F609, 0x1F614, 0x2D2 },
    { 0x1F618, 0x1F618, 0x2DE },
    { 0x1F61A, 0x1F61A, 0x2DF },
    { 0x1F61C, 0x1F61D, 0x2E0 },
    { 0x1F620, 0x1F622, 0x2E2 },
    { 0x1F624, 0x1F625, 0x2E5 },
    { 0x1F629, 0x1F629, 0x2E7 },
    { 0x1F62C, 0x1F62E, 0x2E8 },
    { 0x1F631, 0x1F635, 0x2EB },
    { 0x1F641, 0x1F642, 0x2F0 },
    { 0x1F644, 0x1F644, 0x2F2 },
};

static const EpdFontGroup lexenddeca_16_regularGroups[] = {
    { 0, 3143, 7822, 128, 0 },
    { 3143, 3220, 9634, 128, 128 },
    { 6363, 3866, 14990, 128, 256 },
    { 10229, 1988, 5731, 36, 384 },
    { 12217, 173, 205, 18, 420 },
    { 12390, 89, 115, 1, 438 },
    { 12479, 1665, 3919, 34, 439 },
    { 14144, 2887, 13122, 90, 473 },
    { 17031, 313, 821, 42, 563 },
    { 17344, 36, 39, 1, 605 },
    { 17380, 150, 273, 2, 606 },
    { 17530, 68, 96, 1, 608 },
    { 17598, 448, 1096, 13, 609 },
    { 18046, 8234, 20339, 81, 622 },
    { 26280, 172, 648, 5, 703 },
    { 26452, 77, 92, 1, 708 },
    { 26529, 4783, 14492, 46, 709 },
};

static const EpdKernClassEntry lexenddeca_16_regularKernLeftClasses[] = {
    { 0x0028, 1 }, // (
    { 0x002C, 2 }, // ,
    { 0x002D, 3 }, // -
    { 0x002E, 2 }, // .
    { 0x002F, 4 }, // /
    { 0x0030, 5 }, // 0
    { 0x0031, 6 }, // 1
    { 0x0032, 7 }, // 2
    { 0x0034, 8 }, // 4
    { 0x0035, 9 }, // 5
    { 0x0036, 10 }, // 6
    { 0x0037, 11 }, // 7
    { 0x0038, 12 }, // 8
    { 0x0039, 13 }, // 9
    { 0x0041, 14 }, // A
    { 0x0042, 15 }, // B
    { 0x0043, 16 }, // C
    { 0x0044, 17 }, // D
    { 0x0045, 18 }, // E
    { 0x0046, 19 }, // F
    { 0x0047, 20 }, // G
    { 0x0049, 21 }, // I
    { 0x004A, 22 }, // J
    { 0x004B, 23 }, // K
    { 0x004C, 24 }, // L
    { 0x004F, 17 }, // O
    { 0x0050, 25 }, // P
    { 0x0051, 26 }, // Q
    { 0x0052, 27 }, // R
    { 0x0053, 28 }, // S
    { 0x0054, 29 }, // T
    { 0x0055, 30 }, // U
    { 0x0056, 31 }, // V
    { 0x0057, 32 }, // W
    { 0x0058, 33 }, // X
    { 0x0059, 34 }, // Y
    { 0x005A, 35 }, // Z
    { 0x0061, 36 }, // a
    { 0x0062, 37 }, // b
    { 0x0063, 38 }, // c
    { 0x0065, 39 }, // e
    { 0x0066, 40 }, // f
    { 0x0067, 41 }, // g
    { 0x0068, 42 }, // h
    { 0x006A, 43 }, // j
    { 0x006B, 44 }, // k
    { 0x006C, 45 }, // l
    { 0x006D, 42 }, // m
    { 0x006E, 42 }, // n
    { 0x006F, 37 }, // o
    { 0x0070, 37 }, // p
    { 0x0071, 46 }, // q
    { 0x0072, 47 }, // r
    { 0x0073, 48 }, // s
    { 0x0074, 49 }, // t
    { 0x0075, 50 }, // u
    { 0x0076, 51 }, // v
    { 0x0077, 52 }, // w
    { 0x0078, 53 }, // x
    { 0x0079, 51 }, // y
    { 0x007A, 54 }, // z
    { 0x00C0, 14 }, // U+00C0
    { 0x00C1, 14 }, // U+00C1
    { 0x00C2, 14 }, // U+00C2
    { 0x00C3, 14 }, // U+00C3
    { 0x00C4, 14 }, // U+00C4
    { 0x00C5, 14 }, // U+00C5
    { 0x00C6, 18 }, // U+00C6
    { 0x00C7, 16 }, // U+00C7
    { 0x00C8, 18 }, // U+00C8
    { 0x00C9, 18 }, // U+00C9
    { 0x00CA, 18 }, // U+00CA
    { 0x00CB, 18 }, // U+00CB
    { 0x00CC, 21 }, // U+00CC
    { 0x00CD, 21 }, // U+00CD
    { 0x00CE, 21 }, // U+00CE
    { 0x00CF, 21 }, // U+00CF
    { 0x00D0, 17 }, // U+00D0
    { 0x00D2, 17 }, // U+00D2
    { 0x00D3, 17 }, // U+00D3
    { 0x00D4, 17 }, // U+00D4
    { 0x00D5, 17 }, // U+00D5
    { 0x00D6, 17 }, // U+00D6
    { 0x00D8, 17 }, // U+00D8
    { 0x00D9, 30 }, // U+00D9
    { 0x00DA, 30 }, // U+00DA
    { 0x00DB, 30 }, // U+00DB
    { 0x00DC, 30 }, // U+00DC
    { 0x00DD, 34 }, // U+00DD
    { 0x00E0, 42 }, // U+00E0
    { 0x00E1, 42 }, // U+00E1
    { 0x00E2, 42 }, // U+00E2
    { 0x00E3, 42 }, // U+00E3
    { 0x00E4, 42 }, // U+00E4
    { 0x00E5, 42 }, // U+00E5
    { 0x00E6, 39 }, // U+00E6
    { 0x00E7, 38 }, // U+00E7
    { 0x00E8, 39 }, // U+00E8
    { 0x00E9, 39 }, // U+00E9
    { 0x00EA, 39 }, // U+00EA
    { 0x00EB, 39 }, // U+00EB
    { 0x00F0, 17 }, // U+00F0
    { 0x00F1, 42 }, // U+00F1
    { 0x00F2, 37 }, // U+00F2
    { 0x00F3, 37 }, // U+00F3
    { 0x00F4, 37 }, // U+00F4
    { 0x00F5, 37 }, // U+00F5
    { 0x00F6, 37 }, // U+00F6
    { 0x00F8, 37 }, // U+00F8
    { 0x00F9, 50 }, // U+00F9
    { 0x00FA, 50 }, // U+00FA
    { 0x00FB, 50 }, // U+00FB
    { 0x00FC, 50 }, // U+00FC
    { 0x00FD, 51 }, // U+00FD
    { 0x00FE, 37 }, // U+00FE
    { 0x00FF, 51 }, // U+00FF
    { 0x0100, 14 }, // U+0100
    { 0x0101, 42 }, // U+0101
    { 0x0102, 14 }, // U+0102
    { 0x0103, 42 }, // U+0103
    { 0x0104, 14 }, // U+0104
    { 0x0105, 42 }, // U+0105
    { 0x0106, 16 }, // U+0106
    { 0x0107, 38 }, // U+0107
    { 0x0108, 16 }, // U+0108
    { 0x0109, 38 }, // U+0109
    { 0x010A, 16 }, // U+010A
    { 0x010B, 38 }, // U+010B
    { 0x010C, 16 }, // U+010C
    { 0x010D, 38 }, // U+010D
    { 0x010E, 17 }, // U+010E
    { 0x010F, 55 }, // U+010F
    { 0x0111, 40 }, // U+0111
    { 0x0112, 18 }, // U+0112
    { 0x0113, 39 }, // U+0113
    { 0x0114, 18 }, // U+0114
    { 0x0115, 39 }, // U+0115
    { 0x0116, 18 }, // U+0116
    { 0x0117, 39 }, // U+0117
    { 0x0118, 18 }, // U+0118
    { 0x0119, 39 }, // U+0119
    { 0x011A, 18 }, // U+011A
    { 0x011B, 39 }, // U+011B
    { 0x011C, 20 }, // U+011C
    { 0x011D, 41 }, // U+011D
    { 0x011E, 20 }, // U+011E
    { 0x011F, 41 }, // U+011F
    { 0x0120, 20 }, // U+0120
    { 0x0121, 41 }, // U+0121
    { 0x0122, 20 }, // U+0122
    { 0x0123, 41 }, // U+0123
    { 0x0125, 42 }, // U+0125
    { 0x0127, 42 }, // U+0127
    { 0x0128, 21 }, // U+0128
    { 0x012A, 21 }, // U+012A
    { 0x012C, 21 }, // U+012C
    { 0x012E, 21 }, // U+012E
    { 0x0130, 21 }, // U+0130
    { 0x0132, 22 }, // U+0132
    { 0x0133, 43 }, // U+0133
    { 0x0134, 22 }, // U+0134
    { 0x0135, 43 }, // U+0135
    { 0x0136, 23 }, // U+0136
    { 0x0137, 44 }, // U+0137
    { 0x0138, 44 }, // U+0138
    { 0x0139, 24 }, // U+0139
    { 0x013A, 56 }, // U+013A
    { 0x013B, 24 }, // U+013B
    { 0x013C, 56 }, // U+013C
    { 0x013E, 55 }, // U+013E
    { 0x013F, 24 }, // U+013F
    { 0x0140, 57 }, // U+0140
    { 0x0141, 24 }, // U+0141
    { 0x0142, 56 }, // U+0142
    { 0x0144, 42 }, // U+0144
    { 0x0146, 42 }, // U+0146
    { 0x0148, 42 }, // U+0148
    { 0x0149, 42 }, // U+0149
    { 0x014B, 42 }, // U+014B
    { 0x014C, 17 }, // U+014C
    { 0x014D, 37 }, // U+014D
    { 0x014E, 17 }, // U+014E
    { 0x014F, 37 }, // U+014F
    { 0x0150, 17 }, // U+0150
    { 0x0151, 37 }, // U+0151
    { 0x0152, 18 }, // U+0152
    { 0x0153, 39 }, // U+0153
    { 0x0154, 27 }, // U+0154
    { 0x0155, 47 }, // U+0155
    { 0x0156, 27 }, // U+0156
    { 0x0157, 47 }, // U+0157
    { 0x0158, 27 }, // U+0158
    { 0x0159, 47 }, // U+0159
    { 0x015A, 28 }, // U+015A
    { 0x015B, 48 }, // U+015B
    { 0x015C, 28 }, // U+015C
    { 0x015D, 48 }, // U+015D
    { 0x015E, 28 }, // U+015E
    { 0x015F, 48 }, // U+015F
    { 0x0160, 28 }, // U+0160
    { 0x0161, 48 }, // U+0161
    { 0x0162, 29 }, // U+0162
    { 0x0163, 49 }, // U+0163
    { 0x0164, 29 }, // U+0164
    { 0x0165, 55 }, // U+0165
    { 0x0166, 29 }, // U+0166
    { 0x0168, 30 }, // U+0168
    { 0x0169, 50 }, // U+0169
    { 0x016A, 30 }, // U+016A
    { 0x016B, 50 }, // U+016B
    { 0x016C, 30 }, // U+016C
    { 0x016D, 50 }, // U+016D
    { 0x016E, 30 }, // U+016E
    { 0x016F, 50 }, // U+016F
    { 0x0170, 30 }, // U+0170
    { 0x0171, 50 }, // U+0171
    { 0x0172, 30 }, // U+0172
    { 0x0173, 50 }, // U+0173
    { 0x0176, 34 }, // U+0176
    { 0x0177, 51 }, // U+0177
    { 0x0178, 34 }, // U+0178
    { 0x0179, 35 }, // U+0179
    { 0x017A, 54 }, // U+017A
    { 0x017B, 35 }, // U+017B
    { 0x017C, 54 }, // U+017C
    { 0x017D, 35 }, // U+017D
    { 0x017E, 54 }, // U+017E
    { 0x017F, 40 }, // U+017F
    { 0x01A0, 58 }, // U+01A0
    { 0x01A1, 59 }, // U+01A1
    { 0x01AF, 60 }, // U+01AF
    { 0x01B0, 61 }, // U+01B0
    { 0x01C4, 35 }, // U+01C4
    { 0x01C5, 54 }, // U+01C5
    { 0x01C6, 54 }, // U+01C6
    { 0x01C7, 22 }, // U+01C7
    { 0x01C8, 43 }, // U+01C8
    { 0x01C9, 43 }, // U+01C9
    { 0x01CA, 22 }, // U+01CA
    { 0x01CB, 43 }, // U+01CB
    { 0x01CC, 43 }, // U+01CC
    { 0x01CD, 14 }, // U+01CD
    { 0x01CE, 42 }, // U+01CE
    { 0x01D3, 30 }, // U+01D3
    { 0x01D4, 50 }, // U+01D4
    { 0x01E6, 20 }, // U+01E6
    { 0x01E7, 41 }, // U+01E7
    { 0x01EA, 17 }, // U+01EA
    { 0x01EB, 37 }, // U+01EB
    { 0x01F1, 35 }, // U+01F1
    { 0x01F2, 54 }, // U+01F2
    { 0x01F3, 54 }, // U+01F3
    { 0x01FA, 14 }, // U+01FA
    { 0x01FB, 42 }, // U+01FB
    { 0x01FC, 18 }, // U+01FC
    { 0x01FD, 39 }, // U+01FD
    { 0x01FE, 17 }, // U+01FE
    { 0x01FF, 37 }, // U+01FF
    { 0x0218, 28 }, // U+0218
    { 0x0219, 48 }, // U+0219
    { 0x021A, 29 }, // U+021A
    { 0x021B, 49 }, // U+021B
    { 0x021F, 42 }, // U+021F
    { 0x03BB, 62 }, // U+03BB
    { 0x0410, 63 }, // U+0410
    { 0x0413, 64 }, // U+0413
    { 0x041E, 65 }, // U+041E
    { 0x0420, 66 }, // U+0420
    { 0x0422, 64 }, // U+0422
    { 0x0423, 67 }, // U+0423
    { 0x0425, 68 }, // U+0425
    { 0x042C, 69 }, // U+042C
    { 0x042E, 65 }, // U+042E
    { 0x0434, 70 }, // U+0434
    { 0x043A, 70 }, // U+043A
    { 0x043D, 70 }, // U+043D
    { 0x043E, 71 }, // U+043E
    { 0x0440, 71 }, // U+0440
    { 0x0442, 70 }, // U+0442
    { 0x0446, 70 }, // U+0446
    { 0x044C, 72 }, // U+044C
    { 0x044E, 71 }, // U+044E
    { 0x1EA0, 14 }, // U+1EA0
    { 0x1EA1, 42 }, // U+1EA1
    { 0x1EA2, 14 }, // U+1EA2
    { 0x1EA3, 42 }, // U+1EA3
    { 0x1EA4, 14 }, // U+1EA4
    { 0x1EA5, 42 }, // U+1EA5
    { 0x1EA6, 14 }, // U+1EA6
    { 0x1EA7, 42 }, // U+1EA7
    { 0x1EA8, 14 }, // U+1EA8
    { 0x1EA9, 42 }, // U+1EA9
    { 0x1EAA, 14 }, // U+1EAA
    { 0x1EAB, 42 }, // U+1EAB
    { 0x1EAC, 14 }, // U+1EAC
    { 0x1EAD, 42 }, // U+1EAD
    { 0x1EAE, 14 }, // U+1EAE
    { 0x1EAF, 42 }, // U+1EAF
    { 0x1EB0, 14 }, // U+1EB0
    { 0x1EB1, 42 }, // U+1EB1
    { 0x1EB2, 14 }, // U+1EB2
    { 0x1EB3, 42 }, // U+1EB3
    { 0x1EB4, 14 }, // U+1EB4
    { 0x1EB5, 42 }, // U+1EB5
    { 0x1EB6, 14 }, // U+1EB6
    { 0x1EB7, 42 }, // U+1EB7
    { 0x1EB8, 18 }, // U+1EB8
    { 0x1EB9, 39 }, // U+1EB9
    { 0x1EBA, 18 }, // U+1EBA
    { 0x1EBB, 39 }, // U+1EBB
    { 0x1EBC, 18 }, // U+1EBC
    { 0x1EBD, 39 }, // U+1EBD
    { 0x1EBE, 18 }, // U+1EBE
    { 0x1EC0, 18 }, // U+1EC0
    { 0x1EC2, 18 }, // U+1EC2
    { 0x1EC4, 18 }, // U+1EC4
    { 0x1EC6, 18 }, // U+1EC6
    { 0x1EC7, 39 }, // U+1EC7
    { 0x1EC8, 21 }, // U+1EC8
    { 0x1ECA, 21 }, // U+1ECA
    { 0x1ECC, 17 }, // U+1ECC
    { 0x1ECD, 37 }, // U+1ECD
    { 0x1ECE, 17 }, // U+1ECE
    { 0x1ECF, 37 }, // U+1ECF
    { 0x1ED0, 17 }, // U+1ED0
    { 0x1ED2, 17 }, // U+1ED2
    { 0x1ED4, 17 }, // U+1ED4
    { 0x1ED6, 17 }, // U+1ED6
    { 0x1ED7, 37 }, // U+1ED7
    { 0x1ED8, 17 }, // U+1ED8
    { 0x1ED9, 37 }, // U+1ED9
    { 0x1EDA, 58 }, // U+1EDA
    { 0x1EDB, 59 }, // U+1EDB
    { 0x1EDC, 58 }, // U+1EDC
    { 0x1EDD, 59 }, // U+1EDD
    { 0x1EDE, 58 }, // U+1EDE
    { 0x1EDF, 59 }, // U+1EDF
    { 0x1EE0, 58 }, // U+1EE0
    { 0x1EE1, 59 }, // U+1EE1
    { 0x1EE2, 58 }, // U+1EE2
    { 0x1EE3, 59 }, // U+1EE3
    { 0x1EE8, 60 }, // U+1EE8
    { 0x1EE9, 61 }, // U+1EE9
    { 0x1EEA, 60 }, // U+1EEA
    { 0x1EEB, 61 }, // U+1EEB
    { 0x1EEC, 60 }, // U+1EEC
    { 0x1EED, 61 }, // U+1EED
    { 0x1EEE, 60 }, // U+1EEE
    { 0x1EEF, 61 }, // U+1EEF
    { 0x1EF0, 60 }, // U+1EF0
    { 0x1EF1, 61 }, // U+1EF1
    { 0x1EF2, 34 }, // U+1EF2
    { 0x1EF3, 51 }, // U+1EF3
    { 0x1EF4, 34 }, // U+1EF4
    { 0x1EF5, 51 }, // U+1EF5
    { 0x1EF6, 34 }, // U+1EF6
    { 0x1EF7, 51 }, // U+1EF7
    { 0x1EF8, 34 }, // U+1EF8
    { 0x1EF9, 51 }, // U+1EF9
    { 0x2013, 3 }, // U+2013
    { 0x2014, 3 }, // U+2014
    { 0x2019, 73 }, // U+2019
    { 0x201A, 2 }, // U+201A
    { 0x201D, 73 }, // U+201D
    { 0x201E, 2 }, // U+201E
    { 0x2026, 2 }, // U+2026
    { 0x20AB, 40 }, // U+20AB
    { 0xFB00, 40 }, // U+FB00
    { 0xFB02, 56 }, // U+FB02
    { 0xFB04, 56 }, // U+FB04
};

static const EpdKernClassEntry lexenddeca_16_regularKernRightClasses[] = {
    { 0x0025, 1 }, // %
    { 0x0029, 2 }, // )
    { 0x002C, 3 }, // ,
    { 0x002D, 4 }, // -
    { 0x002E, 3 }, // .
    { 0x002F, 5 }, // /
    { 0x0031, 6 }, // 1
    { 0x0032, 7 }, // 2
    { 0x0034, 8 }, // 4
    { 0x0035, 9 }, // 5
    { 0x0037, 10 }, // 7
    { 0x0038, 11 }, // 8
    { 0x0039, 12 }, // 9
    { 0x0041, 13 }, // A
    { 0x0043, 14 }, // C
    { 0x0047, 14 }, // G
    { 0x0049, 15 }, // I
    { 0x004A, 16 }, // J
    { 0x004F, 14 }, // O
    { 0x0051, 14 }, // Q
    { 0x0053, 17 }, // S
    { 0x0054, 18 }, // T
    { 0x0055, 19 }, // U
    { 0x0056, 20 }, // V
    { 0x0057, 21 }, // W
    { 0x0058, 22 }, // X
    { 0x0059, 23 }, // Y
    { 0x005A, 24 }, // Z
    { 0x0061, 25 }, // a
    { 0x0063, 26 }, // c
    { 0x0064, 26 }, // d
    { 0x0065, 26 }, // e
    { 0x0066, 27 }, // f
    { 0x0067, 28 }, // g
    { 0x0068, 29 }, // h
    { 0x0069, 30 }, // i
    { 0x006A, 31 }, // j
    { 0x006B, 29 }, // k
    { 0x006C, 32 }, // l
    { 0x006D, 33 }, // m
    { 0x006E, 33 }, // n
    { 0x006F, 26 }, // o
    { 0x0070, 34 }, // p
    { 0x0071, 26 }, // q
    { 0x0072, 33 }, // r
    { 0x0073, 35 }, // s
    { 0x0074, 36 }, // t
    { 0x0075, 37 }, // u
    { 0x0076, 38 }, // v
    { 0x0077, 39 }, // w
    { 0x0078, 40 }, // x
    { 0x0079, 38 }, // y
    { 0x007A, 41 }, // z
    { 0x00B0, 42 }, // U+00B0
    { 0x00C0, 13 }, // U+00C0
    { 0x00C1, 13 }, // U+00C1
    { 0x00C2, 13 }, // U+00C2
    { 0x00C3, 13 }, // U+00C3
    { 0x00C4, 13 }, // U+00C4
    { 0x00C5, 13 }, // U+00C5
    { 0x00C6, 43 }, // U+00C6
    { 0x00C7, 14 }, // U+00C7
    { 0x00CC, 15 }, // U+00CC
    { 0x00CD, 15 }, // U+00CD
    { 0x00CE, 15 }, // U+00CE
    { 0x00CF, 15 }, // U+00CF
    { 0x00D2, 14 }, // U+00D2
    { 0x00D3, 14 }, // U+00D3
    { 0x00D4, 14 }, // U+00D4
    { 0x00D5, 14 }, // U+00D5
    { 0x00D6, 14 }, // U+00D6
    { 0x00D8, 14 }, // U+00D8
    { 0x00D9, 19 }, // U+00D9
    { 0x00DA, 19 }, // U+00DA
    { 0x00DB, 19 }, // U+00DB
    { 0x00DC, 19 }, // U+00DC
    { 0x00DD, 23 }, // U+00DD
    { 0x00E0, 25 }, // U+00E0
    { 0x00E1, 25 }, // U+00E1
    { 0x00E2, 25 }, // U+00E2
    { 0x00E3, 25 }, // U+00E3
    { 0x00E4, 25 }, // U+00E4
    { 0x00E5, 25 }, // U+00E5
    { 0x00E6, 25 }, // U+00E6
    { 0x00E7, 26 }, // U+00E7
    { 0x00E8, 26 }, // U+00E8
    { 0x00E9, 26 }, // U+00E9
    { 0x00EA, 26 }, // U+00EA
    { 0x00EB, 26 }, // U+00EB
    { 0x00EC, 30 }, // U+00EC
    { 0x00ED, 30 }, // U+00ED
    { 0x00EE, 30 }, // U+00EE
    { 0x00EF, 30 }, // U+00EF
    { 0x00F0, 26 }, // U+00F0
    { 0x00F1, 33 }, // U+00F1
    { 0x00F2, 26 }, // U+00F2
    { 0x00F3, 26 }, // U+00F3
    { 0x00F4, 26 }, // U+00F4
    { 0x00F5, 26 }, // U+00F5
    { 0x00F6, 26 }, // U+00F6
    { 0x00F8, 26 }, // U+00F8
    { 0x00F9, 37 }, // U+00F9
    { 0x00FA, 37 }, // U+00FA
    { 0x00FB, 37 }, // U+00FB
    { 0x00FC, 37 }, // U+00FC
    { 0x00FD, 38 }, // U+00FD
    { 0x00FF, 38 }, // U+00FF
    { 0x0100, 13 }, // U+0100
    { 0x0101, 25 }, // U+0101
    { 0x0102, 13 }, // U+0102
    { 0x0103, 25 }, // U+0103
    { 0x0104, 13 }, // U+0104
    { 0x0105, 25 }, // U+0105
    { 0x0106, 14 }, // U+0106
    { 0x0107, 26 }, // U+0107
    { 0x0108, 14 }, // U+0108
    { 0x0109, 26 }, // U+0109
    { 0x010A, 14 }, // U+010A
    { 0x010B, 26 }, // U+010B
    { 0x010C, 14 }, // U+010C
    { 0x010D, 26 }, // U+010D
    { 0x010F, 26 }, // U+010F
    { 0x0111, 26 }, // U+0111
    { 0x0113, 26 }, // U+0113
    { 0x0115, 26 }, // U+0115
    { 0x0117, 26 }, // U+0117
    { 0x0119, 26 }, // U+0119
    { 0x011B, 26 }, // U+011B
    { 0x011C, 14 }, // U+011C
    { 0x011D, 28 }, // U+011D
    { 0x011E, 14 }, // U+011E
    { 0x011F, 28 }, // U+011F
    { 0x0120, 14 }, // U+0120
    { 0x0121, 28 }, // U+0121
    { 0x0122, 14 }, // U+0122
    { 0x0123, 28 }, // U+0123
    { 0x0125, 29 }, // U+0125
    { 0x0127, 29 }, // U+0127
    { 0x0128, 15 }, // U+0128
    { 0x0129, 30 }, // U+0129
    { 0x012A, 15 }, // U+012A
    { 0x012B, 30 }, // U+012B
    { 0x012C, 15 }, // U+012C
    { 0x012D, 30 }, // U+012D
    { 0x012E, 15 }, // U+012E
    { 0x012F, 30 }, // U+012F
    { 0x0130, 15 }, // U+0130
    { 0x0131, 30 }, // U+0131
    { 0x0132, 15 }, // U+0132
    { 0x0133, 30 }, // U+0133
    { 0x0134, 16 }, // U+0134
    { 0x0135, 31 }, // U+0135
    { 0x0137, 29 }, // U+0137
    { 0x0138, 29 }, // U+0138
    { 0x013A, 32 }, // U+013A
    { 0x013C, 32 }, // U+013C
    { 0x013E, 32 }, // U+013E
    { 0x0140, 32 }, // U+0140
    { 0x0142, 32 }, // U+0142
    { 0x0144, 33 }, // U+0144
    { 0x0146, 33 }, // U+0146
    { 0x0148, 33 }, // U+0148
    { 0x014B, 33 }, // U+014B
    { 0x014C, 14 }, // U+014C
    { 0x014D, 26 }, // U+014D
    { 0x014E, 14 }, // U+014E
    { 0x014F, 26 }, // U+014F
    { 0x0150, 14 }, // U+0150
    { 0x0151, 26 }, // U+0151
    { 0x0152, 14 }, // U+0152
    { 0x0153, 26 }, // U+0153
    { 0x0155, 33 }, // U+0155
    { 0x0157, 33 }, // U+0157
    { 0x0159, 33 }, // U+0159
    { 0x015A, 17 }, // U+015A
    { 0x015B, 35 }, // U+015B
    { 0x015C, 17 }, // U+015C
    { 0x015D, 35 }, // U+015D
    { 0x015E, 17 }, // U+015E
    { 0x015F, 35 }, // U+015F
    { 0x0160, 17 }, // U+0160
    { 0x0161, 35 }, // U+0161
    { 0x0162, 44 }, // U+0162
    { 0x0163, 36 }, // U+0163
    { 0x0164, 44 }, // U+0164
    { 0x0165, 36 }, // U+0165
    { 0x0166, 44 }, // U+0166
    { 0x0167, 36 }, // U+0167
    { 0x0168, 19 }, // U+0168
    { 0x0169, 37 }, // U+0169
    { 0x016A, 19 }, // U+016A
    { 0x016B, 37 }, // U+016B
    { 0x016C, 19 }, // U+016C
    { 0x016D, 37 }, // U+016D
    { 0x016E, 19 }, // U+016E
    { 0x016F, 37 }, // U+016F
    { 0x0170, 19 }, // U+0170
    { 0x0171, 37 }, // U+0171
    { 0x0172, 19 }, // U+0172
    { 0x0173, 37 }, // U+0173
    { 0x0176, 23 }, // U+0176
    { 0x0177, 38 }, // U+0177
    { 0x0178, 23 }, // U+0178
    { 0x0179, 24 }, // U+0179
    { 0x017A, 41 }, // U+017A
    { 0x017B, 24 }, // U+017B
    { 0x017C, 41 }, // U+017C
    { 0x017D, 24 }, // U+017D
    { 0x017E, 41 }, // U+017E
    { 0x017F, 27 }, // U+017F
    { 0x01A0, 14 }, // U+01A0
    { 0x01A1, 26 }, // U+01A1
    { 0x01C6, 26 }, // U+01C6
    { 0x01C9, 32 }, // U+01C9
    { 0x01CC, 33 }, // U+01CC
    { 0x01CD, 13 }, // U+01CD
    { 0x01CE, 25 }, // U+01CE
    { 0x01D3, 19 }, // U+01D3
    { 0x01D4, 37 }, // U+01D4
    { 0x01E6, 14 }, // U+01E6
    { 0x01E7, 28 }, // U+01E7
    { 0x01EA, 14 }, // U+01EA
    { 0x01EB, 26 }, // U+01EB
    { 0x01F3, 26 }, // U+01F3
    { 0x01FA, 13 }, // U+01FA
    { 0x01FB, 25 }, // U+01FB
    { 0x01FC, 43 }, // U+01FC
    { 0x01FD, 25 }, // U+01FD
    { 0x01FE, 14 }, // U+01FE
    { 0x01FF, 26 }, // U+01FF
    { 0x0218, 17 }, // U+0218
    { 0x0219, 35 }, // U+0219
    { 0x021A, 44 }, // U+021A
    { 0x021B, 36 }, // U+021B
    { 0x021F, 29 }, // U+021F
    { 0x03BB, 45 }, // U+03BB
    { 0x0410, 46 }, // U+0410
    { 0x0414, 46 }, // U+0414
    { 0x041B, 46 }, // U+041B
    { 0x041E, 47 }, // U+041E
    { 0x0421, 47 }, // U+0421
    { 0x0422, 48 }, // U+0422
    { 0x0425, 49 }, // U+0425
    { 0x0430, 50 }, // U+0430
    { 0x0431, 51 }, // U+0431
    { 0x0432, 52 }, // U+0432
    { 0x0434, 53 }, // U+0434
    { 0x0435, 54 }, // U+0435
    { 0x0437, 52 }, // U+0437
    { 0x043A, 52 }, // U+043A
    { 0x043D, 52 }, // U+043D
    { 0x043E, 54 }, // U+043E
    { 0x0440, 55 }, // U+0440
    { 0x0442, 52 }, // U+0442
    { 0x0446, 52 }, // U+0446
    { 0x044C, 52 }, // U+044C
    { 0x044E, 52 }, // U+044E
    { 0x1EA0, 13 }, // U+1EA0
    { 0x1EA1, 25 }, // U+1EA1
    { 0x1EA2, 13 }, // U+1EA2
    { 0x1EA3, 25 }, // U+1EA3
    { 0x1EA4, 13 }, // U+1EA4
    { 0x1EA5, 25 }, // U+1EA5
    { 0x1EA6, 13 }, // U+1EA6
    { 0x1EA7, 25 }, // U+1EA7
    { 0x1EA8, 13 }, // U+1EA8
    { 0x1EA9, 25 }, // U+1EA9
    { 0x1EAA, 13 }, // U+1EAA
    { 0x1EAB, 25 }, // U+1EAB
    { 0x1EAC, 13 }, // U+1EAC
    { 0x1EAD, 25 }, // U+1EAD
    { 0x1EAE, 13 }, // U+1EAE
    { 0x1EAF, 25 }, // U+1EAF
    { 0x1EB0, 13 }, // U+1EB0
    { 0x1EB1, 25 }, // U+1EB1
    { 0x1EB2, 13 }, // U+1EB2
    { 0x1EB3, 25 }, // U+1EB3
    { 0x1EB4, 13 }, // U+1EB4
    { 0x1EB5, 25 }, // U+1EB5
    { 0x1EB6, 13 }, // U+1EB6
    { 0x1EB7, 25 }, // U+1EB7
    { 0x1EB9, 26 }, // U+1EB9
    { 0x1EBB, 26 }, // U+1EBB
    { 0x1EBD, 26 }, // U+1EBD
    { 0x1EBF, 26 }, // U+1EBF
    { 0x1EC1, 26 }, // U+1EC1
    { 0x1EC3, 26 }, // U+1EC3
    { 0x1EC5, 26 }, // U+1EC5
    { 0x1EC7, 26 }, // U+1EC7
    { 0x1EC8, 15 }, // U+1EC8
    { 0x1EC9, 30 }, // U+1EC9
    { 0x1ECA, 15 }, // U+1ECA
    { 0x1ECB, 30 }, // U+1ECB
    { 0x1ECC, 14 }, // U+1ECC
    { 0x1ECD, 26 }, // U+1ECD
    { 0x1ECE, 14 }, // U+1ECE
    { 0x1ECF, 26 }, // U+1ECF
    { 0x1ED0, 14 }, // U+1ED0
    { 0x1ED1, 26 }, // U+1ED1
    { 0x1ED2, 14 }, // U+1ED2
    { 0x1ED3, 26 }, // U+1ED3
    { 0x1ED4, 14 }, // U+1ED4
    { 0x1ED5, 26 }, // U+1ED5
    { 0x1ED6, 14 }, // U+1ED6
    { 0x1ED7, 26 }, // U+1ED7
    { 0x1ED8, 14 }, // U+1ED8
    { 0x1ED9, 26 }, // U+1ED9
    { 0x1EDA, 14 }, // U+1EDA
    { 0x1EDB, 26 }, // U+1EDB
    { 0x1EDC, 14 }, // U+1EDC
    { 0x1EDD, 26 }, // U+1EDD
    { 0x1EDE, 14 }, // U+1EDE
    { 0x1EDF, 26 }, // U+1EDF
    { 0x1EE0, 14 }, // U+1EE0
    { 0x1EE1, 26 }, // U+1EE1
    { 0x1EE2, 14 }, // U+1EE2
    { 0x1EE3, 26 }, // U+1EE3
    { 0x1EE4, 19 }, // U+1EE4
    { 0x1EE5, 37 }, // U+1EE5
    { 0x1EE6, 19 }, // U+1EE6
    { 0x1EE7, 37 }, // U+1EE7
    { 0x1EE8, 19 }, // U+1EE8
    { 0x1EE9, 37 }, // U+1EE9
    { 0x1EEA, 19 }, // U+1EEA
    { 0x1EEB, 37 }, // U+1EEB
    { 0x1EEC, 19 }, // U+1EEC
    { 0x1EED, 37 }, // U+1EED
    { 0x1EEE, 19 }, // U+1EEE
    { 0x1EEF, 37 }, // U+1EEF
    { 0x1EF0, 19 }, // U+1EF0
    { 0x1EF1, 37 }, // U+1EF1
    { 0x1EF2, 23 }, // U+1EF2
    { 0x1EF3, 38 }, // U+1EF3
    { 0x1EF4, 23 }, // U+1EF4
    { 0x1EF5, 38 }, // U+1EF5
    { 0x1EF6, 23 }, // U+1EF6
    { 0x1EF7, 38 }, // U+1EF7
    { 0x1EF8, 23 }, // U+1EF8
    { 0x1EF9, 38 }, // U+1EF9
    { 0x2013, 4 }, // U+2013
    { 0x2014, 4 }, // U+2014
    { 0x2019, 56 }, // U+2019
    { 0x201A, 3 }, // U+201A
    { 0x201D, 56 }, // U+201D
    { 0x201E, 3 }, // U+201E
    { 0x2026, 3 }, // U+2026
    { 0x2030, 1 }, // U+2030
    { 0x20AB, 26 }, // U+20AB
    { 0x2202, 26 }, // U+2202
    { 0xFB00, 27 }, // U+FB00
    { 0xFB03, 27 }, // U+FB03
    { 0xFB04, 27 }, // U+FB04
};

static const int8_t lexenddeca_16_regularKernMatrix[] = {
       0,    0,    0,    0,    0,    0,    0,    0,    0,   17,    0,    0,    0,    0,    0,    0,    0,    0,    0,    0,    0,    0,    0,    0,    0,    0,    0,    0,    0,    0,    0,    0,    0,    0,    0,    0,    0,    0,    0,    0,    0,    0,    0,    0,    0,    0,    0,    0,    0,    0,    0,    0,    0,    0,    0,    0,
       0,    0,    0,    0,    0,    0,    0,    0,    0,    0,    0,    0,    0,    0,    0,    0,    0,    0,    0,    0,    0,    0,    0,    0,    0,    0,    0,  -11,    0,    0,    0,    0,    0,    0,    0,    0,    0,    0,    0,    0,    0,    0,    0,    0,    0,    0,    0,    0,    0,    0,    0,    0,    0,    0,    0,    0,
       0,    0,    0,    0,    0,  -25,  -17,   17,    0,  -29,    0,    0,    0,    0,    0,    0,    0,    0,    0,    0,    0,    0,    0,    0,    0,    0,    0,    0,    0,    0,    0,    0,    0,    0,    0,    0,    0,    0,    0,    0,    0,    0,    0,    0,    0,    0,    0,    0,    0,    0,    0,    0,    0,    0,    0,    0,
       0,    0,    0,    0,  -51,    0,    0,    0,    0,    0,    0,    0,    0,    0,    0,    0,    0,    0,    0,    0,    0,    0,    0,    0,    0,    0,    0,    0,    0,    0,    0,    0,    0,    0,    0,    0,    0,    0,    0,    0,    0,    0,    0,    0,    0,    0,    0,    0,    0,    0,    0,    0,    0,    0,    0,    0,
       0,    0,    0,    0,    0,    0,  -10,    0,    0,    0,    0,    0,    0,    0,    0,    0,    0,    0,    0,    0,    0,    0,    0,    0,    0,    0,    0,    0,    0,    0,    0,    0,    0,    0,    0,    0,    0,    0,    0,    0,    0,    0,    0,    0,    0,    0,    0,    0,    0,    0,    0,    0,    0,    0,    0,    0,
       0,    9,    0,    0,    0,    0,    0,    0,    0,    0,    0,    0,    0,    0,    0,    0,    0,    0,    0,    0,    0,    0,    0,    0,    0,    0,    0,    0,    0,    0,    0,    0,    0,    0,    0,    0,    0,    0,    0,    0,    0,    0,    0,    0,    0,    0,    0,    0,    0,    0,    0,    0,    0,    0,    0,    0,
       0,    0,    0,    0,    0,    0,    0,   -4,    0,    0,    0,    0,    0,    0,    0,    0,    0,    0,    0,    0,    0,    0,    0,    0,    0,    0,    0,    0,    0,    0,    0,    0,    0,    0,    0,    0,    0,    0,    0,    0,    0,    0,    0,    0,    0,    0,    0,    0,    0,    0,    0,    0,    0,    0,    0,    0,
       0,    0,    0,    0,    0,    0,    0,    0,  -10,    0,    0,  -12,    0,    0,    0,    0,    0,    0,    0,    0,    0,    0,    0,    0,    0,    0,    0,    0,    0,    0,    0,    0,    0,    0,    0,    0,    0,    0,    0,    0,    0,  -41,    0,    0,    0,    0,    0,    0,    0,    0,    0,    0,    0,    0,    0,    0,
       0,    0,    0,    0,    0,    0,    0,    0,    0,    0,    0,   -9,    0,    0,    0,    0,    0,    0,    0,    0,    0,    0,    0,    0,    0,    0,    0,    0,    0,    0,    0,    0,    0,    0,    0,    0,    0,    0,    0,    0,    0,    0,    0,    0,    0,    0,    0,    0,    0,    0,    0,    0,    0,    0,    0,    0,
       0,    0,    0,    0,    0,  -12,  -10,    0,    0,    0,    0,    0,    0,    0,    0,    0,    0,    0,    0,    0,    0,    0,    0,    0,    0,    0,    0,    0,    0,    0,    0,    0,    0,    0,    0,    0,    0,    0,    0,    0,    0,    0,    0,    0,    0,    0,    0,    0,    0,    0,    0,    0,    0,    0,    0,    0,
      17,    0,    0,  -29,    0,   15,    0,  -25,    0,   19,  -25,    0,    0,    0,    0,    0,    0,    0,    0,    0,    0,    0,    0,    0,    0,    0,    0,    0,    0,    0,    0,    0,    0,    0,    0,    0,    0,    0,    0,    0,    0,    0,    0,    0,    0,    0,    0,    0,    0,    0,    0,    0,    0,    0,    0,    0,
     -17,    0,    0,    0,    0,  -15,    0,    0,    0,  -10,    0,  -12,    0,    0,    0,    0,    0,    0,    0,    0,    0,    0,    0,    0,    0,    0,    0,    0,    0,    0,    0,    0,    0,    0,    0,    0,    0,    0,    0,    0,    0,  -15,    0,    0,    0,    0,    0,    0,    0,    0,    0,    0,    0,    0,    0,    0,
       0,    0,    0,    0,    0,    0,    0,  -12,    0,  -10,  -12,    0,    0,    0,    0,    0,    0,    0,    0,    0,    0,    0,    0,    0,    0,    0,    0,    0,    0,    0,    0,    0,    0,    0,    0,    0,    0,    0,    0,    0,    0,    0,    0,    0,    0,    0,    0,    0,    0,    0,    0,    0,    0,    0,    0,    0,
       0,    0,    0,    0,    0,    0,    0,    0,    0,    0,    0,    0,   10,  -20,    0,    0,    0,  -35,  -15,  -36,  -25,    0,  -35,    0,    0,    0,    0,    0,    0,    0,    0,  -11,    0,    0,    0,  -14,  -13,  -21,  -23,   11,    0,    0,    0,  -35,   10,    0,    0,    0,    0,    0,    0,    0,    0,    0,    0,    0,
       0,    0,    0,    0,    0,    0,    0,    0,    0,    0,    0,    0,  -10,    0,    0,    0,    0,    0,    0,  -10,    0,  -10,  -15,    0,   -7,    0,    0,    0,    0,    0,    0,    0,    0,    0,    0,    0,    0,    0,    0,    0,    0,    0,  -22,    0,    0,    0,    0,    0,    0,    0,    0,    0,    0,    0,    0,    0,
       0,    0,    0,    0,    0,    0,    0,    0,    0,    0,    0,    0,    0,  -10,    0,    0,    0,    0,    0,    0,    0,    0,  -12,    0,    0,    0,    0,    0,    0,    0,    0,    0,    0,    0,    0,    0,    0,    0,    0,    0,    0,    0,  -22,    0,    0,    0,    0,    0,    0,    0,    0,    0,    0,    0,    0,    0,
       0,    0,    0,    0,    0,    0,    0,    0,    0,    0,    0,    0,  -20,    0,  -15,    0,    0,  -20,    0,  -15,  -10,  -10,  -25,  -10,  -15,    0,    0,    0,    0,    0,    0,    0,    0,    0,    0,    0,    0,    0,    0,    0,  -10,    0,  -37,  -20,  -25,    0,    0,    0,    0,    0,    0,    0,    0,    0,    0,    0,
       0,    0,    0,    0,    0,    0,    0,    0,    0,    0,    0,    0,    0,  -10,    0,    0,    0,    0,    0,    9,   10,    0,    0,    0,    0,    0,    0,    0,    0,    0,    0,    0,    0,    0,    0,    0,    0,    0,    0,    0,    0,    0,    0,    0,    0,    0,    0,    0,    0,    0,    0,    0,    0,    0,    0,    0,
       0,    0,    0,    0,    0,    0,    0,    0,    0,    0,    0,    0,  -20,    0,    0,  -17,    0,   12,    0,    0,    0,    0,    0,    0,  -12,    0,    0,    0,    0,    0,    0,    0,    0,    0,    0,    0,    0,    0,    0,    0,    0,    0,  -61,   12,    0,    0,    0,    0,    0,    0,    0,    0,    0,    0,    0,    0,
       0,    0,    0,    0,    0,    0,    0,    0,    0,    0,    0,    0,    0,    0,    0,    0,    0,  -10,    0,  -15,    0,    0,  -25,    0,    0,    0,    0,    0,    0,    0,    0,    0,    0,    0,    0,    0,    0,    0,    0,    0,    0,    0,    0,  -10,    0,    0,    0,    0,    0,    0,    0,    0,    0,    0,    0,    0,
       0,    0,    0,    0,    0,    0,    0,    0,    0,    0,    0,    0,    0,  -15,    0,    0,    0,    0,    0,    0,    0,    0,    0,    0,    0,    0,  -11,    0,    0,    0,    0,    0,    0,    0,    0,  -15,    0,    0,    0,    0,    0,    0,  -14,    0,    0,    0,    0,    0,    0,    0,    0,    0,    0,    0,    0,    0,
       0,    0,    0,    0,    0,    0,    0,    0,    0,    0,    0,    0,  -15,    0,    0,    0,    0,    0,    0,    0,    0,    0,    0,    0,    0,    0,    0,    0,    0,    0,    0,    0,    0,    0,    0,    0,    0,    0,    0,    0,    0,    0,    0,    0,    0,    0,    0,    0,    0,    0,    0,    0,    0,    0,    0,    0,
       0,    0,    0,    0,    0,    0,    0,    0,    0,    0,    0,    0,    0,  -25,    0,    0,    0,    0,    0,    0,    0,    0,    0,    0,    0,  -10,    0,    0,    0,    0,    0,    0,    0,    0,    0,    0,  -23,  -27,  -27,    0,    0,    0,    0,    0,    0,    0,    0,    0,    0,    0,    0,    0,    0,    0,    0,    0,
       0,    0,    0,    0,    0,    0,    0,    0,    0,    0,    0,    0,   15,  -20,    0,   15,    0,  -55,  -11,  -35,  -20,   15,  -45,    0,    0,    0,    0,    0,    0,  -10,    0,    0,    0,    0,    0,    0,    0,  -20,  -25,   15,    0,    0,    0,  -55,    0,    0,    0,    0,    0,    0,    0,    0,    0,    0,    0,    0,
       0,    0,    0,    0,    0,    0,    0,    0,    0,    0,    0,    0,  -44,    0,    0,  -36,    0,    0,    0,    0,    0,  -15,  -10,  -10,  -15,    0,    0,    0,    0,    0,    0,    0,    0,    0,  -10,    0,    0,    0,    0,    0,    0,    0,  -78,    0,    0,    0,    0,    0,    0,    0,    0,    0,    0,    0,    0,    0,
       0,    0,    0,    0,    0,    0,    0,    0,    0,    0,    0,    0,   15,    0,    0,    0,    0,    0,   -3,    0,    0,   10,  -20,    0,    0,    0,    0,    0,    0,    0,    0,    0,    0,    0,    0,    0,    0,    0,    0,   10,   10,    0,    0,    0,    0,    0,    0,    0,    0,    0,    0,    0,    0,    0,    0,    0,
       0,    0,    0,    0,    0,    0,    0,    0,    0,    0,    0,    0,   10,  -11,    0,    0,    0,    0,    0,    0,    0,    0,   -9,    0,    0,    0,    0,  -10,    0,    0,    0,    0,    0,    0,    0,    0,  -10,    0,    0,    0,    0,    0,    0,    0,    0,    0,    0,    0,    0,    0,    0,    0,    0,    0,    0,    0,
       0,    0,    0,    0,    0,    0,    0,    0,    0,    0,    0,    0,    0,    0,    0,    0,    0,    0,    0,    0,  -10,    0,   -7,    0,    0,    0,    0,    0,    0,    0,    0,    0,    0,    0,    0,    0,    0,    0,    0,    0,    0,    0,  -14,    0,    0,    0,    0,    0,    0,    0,    0,    0,    0,    0,    0,    0,
       0,    0,    0,    0,    0,    0,    0,    0,    0,    0,    0,    0,  -35,  -20,    0,  -55,    0,   12,    0,   20,   15,    0,   10,    0,  -45,  -46,   10,  -41,    0,    0,    0,    0,  -41,  -41,  -31,    0,  -43,   -5,   -5,  -11,  -32,    0,  -67,   12,  -41,    0,    0,    0,    0,    0,    0,    0,    0,    0,    0,    0,
       0,    0,    0,    0,    0,    0,    0,    0,    0,    0,    0,    0,  -15,    0,    0,    0,    0,    0,    0,    0,    0,    0,    0,    0,    0,    0,    0,    0,    0,    0,    0,    0,    0,    0,    0,    0,    0,    0,    0,    0,    0,    0,  -47,    0,  -18,    0,    0,    0,    0,    0,    0,    0,    0,    0,    0,    0,
       0,    0,    0,    0,    0,    0,    0,    0,    0,    0,    0,    0,  -36,  -15,    0,  -20,    0,   20,    0,   10,   10,    0,   10,    0,  -20,  -25,    0,  -19,    0,    0,    0,    0,  -10,  -10,  -10,    0,    0,    0,    0,    0,    0,    0,  -50,   20,  -45,    0,    0,    0,    0,    0,    0,    0,    0,    0,    0,    0,
       0,    0,    0,    0,    0,    0,    0,    0,    0,    0,    0,    0,  -25,  -10,    0,  -15,    0,   15,    0,   10,   10,    0,    0,    0,  -15,  -12,    0,  -15,    0,    0,    0,    0,    0,    0,    0,    0,    0,    0,    0,    0,    0,    0,  -47,   15,  -30,    0,    0,    0,    0,    0,    0,    0,    0,    0,    0,    0,
       0,    0,    0,    0,    0,    0,    0,    0,    0,    0,    0,    0,    0,  -15,    0,    0,    0,    0,    0,    0,    0,    0,    0,    0,  -10,  -11,    0,  -10,    0,    0,    0,    0,    0,    0,    0,    0,  -15,  -10,    0,    0,    0,    0,    0,    0,    0,    0,    0,    0,    0,    0,    0,    0,    0,    0,    0,    0,
       0,    0,    0,    0,    0,    0,    0,    0,    0,    0,    0,    0,  -35,  -25,    0,  -30,    0,   10,    0,   10,    0,    0,    0,    0,  -41,  -46,    0,  -45,    0,    0,    0,    0,  -23,  -23,  -30,    0,  -20,    0,    0,  -10,  -10,    0,  -86,   10,  -41,    0,    0,    0,    0,    0,    0,    0,    0,    0,    0,    0,
       0,    0,    0,    0,    0,    0,    0,    0,    0,    0,    0,    0,    0,  -15,    0,    0,    0,    0,    0,    0,    0,    0,    0,    0,    0,    0,    0,  -15,    0,    0,    0,    0,    0,    0,    0,  -15,    0,    0,    0,    0,    0,    0,    0,    0,    0,    0,    0,    0,    0,    0,    0,    0,    0,    0,    0,    0,
       0,    0,    0,    0,    0,    0,    0,    0,    0,    0,    0,    0,    0,    0,    0,    0,    0,  -45,    0,    0,    0,    0,  -30,    0,    0,    0,    0,    0,    0,    0,    0,    0,    0,    0,    0,    0,    0,    0,    0,    0,    0,    0,    0,  -45,    0,    0,    0,    0,    0,    0,    0,    0,    0,    0,    0,    0,
       0,    0,    0,    0,    0,    0,    0,    0,    0,    0,    0,    0,    0,    0,    0,    0,    0,  -46,    0,  -25,  -12,  -11,  -46,    0,    0,    0,    0,    0,    0,    0,    0,    0,    0,    0,    0,    0,    0,    0,    0,    0,    0,    0,  -21,  -46,    0,    0,    0,    0,    0,    0,    0,    0,    0,    0,    0,    0,
       0,    0,    0,    0,    0,    0,    0,    0,    0,    0,    0,    0,    0,    0,    0,    0,    0,  -36,    0,    0,  -15,    0,  -41,    0,    0,    0,    0,    0,    0,    0,    0,    0,    0,    0,    0,    0,    0,    0,    0,    0,    0,    0,   -6,  -36,    0,    0,    0,    0,    0,    0,    0,    0,    0,    0,    0,    0,
       0,    0,    0,    0,    0,    0,    0,    0,    0,    0,    0,    0,    0,    0,    0,    0,    0,  -35,    0,  -20,  -15,  -10,  -41,    0,    0,    0,    0,    0,    0,    0,    0,    0,    0,    0,    0,    0,    0,    0,    0,    0,    0,    0,  -17,  -35,    0,    0,    0,    0,    0,    0,    0,    0,    0,    0,    0,    0,
       0,    0,    0,    0,    0,    0,    0,    0,    0,    0,    0,    0,    0,    0,    0,    0,    0,   15,    0,    0,   10,    0,    0,    0,  -17,  -11,    0,    0,    0,    0,    0,    0,    0,    0,    0,    0,    0,    0,    0,    0,    0,    0,  -44,   15,    0,    0,    0,    0,    0,    0,    0,    0,    0,    0,    0,    0,
       0,    0,    0,    0,    0,    0,    0,    0,    0,    0,    0,    0,    0,    0,    0,    0,    0,  -41,    0,    0,    0,    0,  -25,    0,    0,    0,    0,    0,    0,    0,    0,    0,    0,    0,    0,    0,    0,    0,    0,    0,    0,    0,    0,  -41,    0,    0,    0,    0,    0,    0,    0,    0,    0,    0,    0,    0,
       0,    0,    0,    0,    0,    0,    0,    0,    0,    0,    0,    0,    0,    0,    0,    0,    0,  -52,    0,  -12,  -15,    0,  -35,    0,    0,   -6,    0,   -7,    0,    0,    0,    0,    0,    0,    0,   -7,    0,    0,    0,    0,    0,    0,  -10,  -52,    0,    0,    0,    0,    0,    0,    0,    0,    0,    0,    0,    0,
       0,    0,    0,    0,    0,    0,    0,    0,    0,    0,    0,    0,    0,    0,    0,    0,    0,    0,    0,    0,    0,    0,    0,    0,    0,    0,    0,    0,    0,    0,   13,    0,    0,    0,    0,    0,    0,    0,    0,    0,    0,    0,    0,    0,    0,    0,    0,    0,    0,    0,    0,    0,    0,    0,    0,    0,
       0,    0,    0,    0,    0,    0,    0,    0,    0,    0,    0,    0,   15,  -10,    0,    0,    0,    0,    0,    0,    0,    0,    0,    0,    0,   -8,    0,    0,    0,    0,    0,    0,    0,    0,    0,   -6,    0,    0,    0,    0,    0,    0,    0,    0,    0,    0,    0,    0,    0,    0,    0,    0,    0,    0,    0,    0,
       0,    0,   18,    0,    0,    0,    0,    0,    0,    0,    0,    0,    0,    0,    0,    0,    0,    0,    0,    0,    0,   10,    0,    0,    0,    0,    0,    0,    0,  -10,    0,    0,    0,   11,    0,    0,    0,    6,    0,    0,    0,    0,    6,    0,    0,    0,    0,    0,    0,    0,    0,    0,    0,    0,    0,    0,
       0,    0,    0,    0,    0,    0,    0,    0,    0,    0,    0,    0,    0,    0,    0,    0,    0,  -25,    0,    0,    0,    0,  -15,    0,    0,    0,    0,    0,    0,    0,    0,    0,    0,    0,    0,    0,    0,    0,    0,    0,    0,    0,    0,  -25,    0,    0,    0,    0,    0,    0,    0,    0,    0,    0,    0,    0,
       0,    0,    0,    0,    0,    0,    0,    0,    0,    0,    0,    0,    0,    0,    0,  -43,    0,   -5,    0,    0,   15,    0,    0,    0,   -8,    0,   10,    0,    0,    0,    0,    0,    0,    0,    0,    9,    0,   14,   13,   11,    0,    0,  -64,   -5,    0,    0,    0,    0,    0,    0,    0,    0,    0,    0,    0,    0,
       0,    0,    0,    0,    0,    0,    0,    0,    0,    0,    0,    0,    0,    0,    0,   11,    0,  -31,    0,  -10,    0,    0,  -30,    0,    0,    0,    0,    0,    0,    0,    0,    0,    0,    0,    0,    0,    0,    0,    0,    0,    0,    0,   -4,  -31,    0,    0,    0,    0,    0,    0,    0,    0,    0,    0,    0,    0,
       0,    0,    0,    0,    0,    0,    0,    0,    0,    0,    0,    0,   13,    0,    0,    0,    0,    0,    0,    0,    0,    0,  -15,    0,    0,    0,    0,    0,    0,    0,    0,    0,    0,    0,    0,    0,    0,    0,    0,    0,    0,    0,    0,    0,   10,    0,    0,    0,    0,    0,    0,    0,    0,    0,    0,    0,
       0,    0,    0,    0,    0,    0,    0,    0,    0,    0,    0,    0,    0,    0,    0,    0,    0,  -43,    0,    0,    0,    0,  -21,    0,    0,    0,    0,    0,    0,    0,    0,    0,    0,    0,    0,    0,    0,    0,    0,    0,    0,    0,  -14,  -43,    0,    0,    0,    0,    0,    0,    0,    0,    0,    0,    0,    0,
       0,    0,    0,    0,    0,    0,    0,    0,    0,    0,    0,    0,  -21,    0,    0,    0,    0,   -5,    0,    0,    0,  -10,    0,  -10,  -10,    0,   11,    0,    0,    0,    0,    0,    0,    0,   11,    0,    0,    5,    5,    0,    0,    0,  -54,   -5,  -24,    0,    0,    0,    0,    0,    0,    0,    0,    0,    0,    0,
       0,    0,    0,    0,    0,    0,    0,    0,    0,    0,    0,    0,  -23,    0,    0,    0,    0,   -5,    0,    0,    0,    0,    0,    0,    0,    0,    7,    0,    0,    0,    0,    0,    0,    0,    0,    0,    0,    5,    5,    0,    0,    0,  -53,   -5,  -21,    0,    0,    0,    0,    0,    0,    0,    0,    0,    0,    0,
       0,    0,    0,    0,    0,    0,    0,    0,    0,    0,    0,    0,   11,    0,    0,    0,    0,    0,    0,    0,    0,    0,  -10,    0,    0,    0,    0,    0,    0,    0,    0,    0,    0,    0,    0,    0,    0,    0,    0,    0,    0,    0,    0,    0,   11,    0,    0,    0,    0,    0,    0,    0,    0,    0,    0,    0,
       0,    0,    0,    0,    0,    0,    0,    0,    0,    0,    0,    0,    0,    0,    0,    0,    0,  -16,    0,    0,    0,    0,  -10,    0,    0,    0,    0,    0,    0,    0,    0,    0,    0,    0,    0,    0,    0,    0,    0,    0,    0,    0,    0,  -16,    0,    0,    0,    0,    0,    0,    0,    0,    0,    0,    0,    0,
       0,    0,   18,    0,    0,    0,    0,    0,    0,    0,    0,    0,    0,   14,   21,    0,   16,   53,   21,   50,   50,   43,   48,   29,    0,    0,   27,    0,   21,   11,   21,   21,   16,   16,    0,   21,    0,   36,   28,   28,   21,    0,    6,   53,    0,    0,    0,    0,    0,    0,    0,    0,    0,    0,    0,   28,
       0,    0,   18,    0,    0,    0,    0,    0,    0,    0,    0,    0,    0,    0,    0,    0,    0,    0,    0,    0,    0,   10,    0,    0,    0,    0,    0,    0,    0,  -10,    0,    0,    0,    0,    0,    0,    0,    6,    0,    0,    0,    0,    6,    0,    0,    0,    0,    0,    0,    0,    0,    0,    0,    0,    0,    0,
       0,    0,    0,    0,    0,    0,    0,    0,    0,    0,    0,    0,    0,    0,    0,    0,    0,  -27,    0,    0,    0,    0,    0,    0,    0,    0,    0,    0,    0,    0,    0,    0,    0,    0,    0,    0,    0,    0,    0,    0,    0,    0,    0,    0,    0,    0,    0,    0,    0,    0,    0,    0,    0,    0,    0,    0,
       0,    0,  -36,    0,    0,    0,    0,    0,    0,    0,    0,    0,  -14,    0,    0,    0,    0,   21,    0,   14,   14,    7,    7,    0,    0,    0,    0,    0,    0,    0,    0,    0,    0,    0,    0,    0,    0,    0,    0,    0,    0,    0,  -28,   21,    0,    0,    0,    0,    0,    0,    0,    0,    0,    0,    0,    0,
       0,    0,  -36,    0,    0,    0,    0,    0,    0,    0,    0,    0,  -14,    0,    0,    0,   14,   14,    0,   14,   14,    0,    0,    0,    0,    0,    0,    0,    7,    7,    0,    7,    0,    0,    0,   14,    0,   21,   21,   14,    0,    0,  -21,   14,    0,    0,    0,    0,    0,    0,    0,    0,    0,    0,    0,    0,
       0,    0,  -36,    0,    0,    0,    0,    0,    0,    0,    0,    0,  -28,    0,    0,   -7,    0,   28,    0,   21,   21,    7,   14,    0,  -14,   -7,    0,   -7,    0,    0,    0,    0,    0,    0,    0,    0,   -7,    0,    0,    0,   -7,    0,  -36,   28,    0,    0,    0,    0,    0,    0,    0,    0,    0,    0,    0,    0,
       0,    0,  -21,    0,    0,    0,    0,    0,    0,    0,    0,    0,  -14,    0,    0,  -14,   14,   21,    0,   21,   21,    0,    0,    0,   -7,   -7,   14,   -7,    0,    0,    0,    0,    0,    0,   -7,   14,    0,   21,   21,   21,    0,    0,  -21,   21,    0,    0,    0,    0,    0,    0,    0,    0,    0,    0,    0,    0,
       0,    0,    0,    0,    0,    0,    0,    0,    0,    0,    0,    0,   10,  -25,    0,    0,    0,  -41,  -18,  -45,  -30,    0,  -41,    0,    0,    0,    0,    0,    0,    0,    0,  -11,    0,    0,    0,  -14,  -13,  -24,  -23,   11,    0,    0,    0,  -41,    0,    0,    0,    0,    0,    0,    0,    0,    0,    0,    0,    0,
       0,    0,    0,    0,    0,    0,    0,    0,    0,    0,    0,    0,    0,    0,    0,    0,    0,    0,    0,    0,    0,    0,    0,    0,    0,    0,    0,    0,    0,    0,    0,    0,    0,    0,    0,    0,    0,    0,    0,    0,    0,    0,    0,    0,    0,    0,  -13,  -42,    0,    0,    0,    0,    0,    0,    0,    0,
       0,    0,    0,    0,    0,    0,    0,    0,    0,    0,    0,    0,    0,    0,    0,    0,    0,    0,    0,    0,    0,    0,    0,    0,    0,    0,    0,    0,    0,    0,    0,    0,    0,    0,    0,    0,    0,    0,    0,    0,    0,    0,    0,    0,    0,  -36,    0,    0,    0,  -13,    0,   -3,  -39,  -18,   -5,    0,
       0,    0,    0,    0,    0,    0,    0,    0,    0,    0,    0,    0,    0,    0,    0,    0,    0,    0,    0,    0,    0,    0,    0,    0,    0,    0,    0,    0,    0,    0,    0,    0,    0,    0,    0,    0,    0,    0,    0,    0,    0,    0,    0,    0,    0,   -8,    0,    0,  -10,    0,    0,    0,    0,    0,    0,    0,
       0,    0,    0,    0,    0,    0,    0,    0,    0,    0,    0,    0,    0,    0,    0,    0,    0,    0,    0,    0,    0,    0,    0,    0,    0,    0,    0,    0,    0,    0,    0,    0,    0,    0,    0,    0,    0,    0,    0,    0,    0,    0,    0,    0,    0,  -29,    0,    0,    0,   -5,    0,    0,  -42,   -5,    0,    0,
       0,    0,    0,    0,    0,    0,    0,    0,    0,    0,    0,    0,    0,    0,    0,    0,    0,    0,    0,    0,    0,    0,    0,    0,    0,    0,    0,    0,    0,    0,    0,    0,    0,    0,    0,    0,    0,    0,    0,    0,    0,    0,    0,    0,    0,  -49,  -10,    0,    0,  -31,    0,  -13,  -63,  -31,  -16,    0,
       0,    0,    0,    0,    0,    0,    0,    0,    0,    0,    0,    0,    0,    0,    0,    0,    0,    0,    0,    0,    0,    0,    0,    0,    0,    0,    0,    0,    0,    0,    0,    0,    0,    0,    0,    0,    0,    0,    0,    0,    0,    0,    0,    0,    0,    0,  -13,    0,    0,    0,    0,    0,    0,    0,    0,    0,
       0,    0,    0,    0,    0,    0,    0,    0,    0,    0,    0,    0,    0,    0,    0,    0,    0,    0,    0,    0,    0,    0,    0,    0,    0,    0,    0,    0,    0,    0,    0,    0,    0,    0,    0,    0,    0,    0,    0,    0,    0,    0,    0,    0,    0,    0,    0,  -16,    0,    0,    0,    0,    0,    0,    0,    0,
       0,    0,    0,    0,    0,    0,    0,    0,    0,    0,    0,    0,    0,    0,    0,    0,    0,    0,    0,    0,    0,    0,    0,    0,    0,    0,    0,    0,    0,    0,    0,    0,    0,    0,    0,    0,    0,    0,    0,    0,    0,    0,    0,    0,    0,    0,    0,    0,    0,    0,   -3,    0,    0,    0,    0,    0,
       0,    0,    0,    0,    0,    0,    0,    0,    0,    0,    0,    0,    0,    0,    0,    0,    0,    0,    0,    0,    0,    0,    0,    0,    0,    0,    0,    0,    0,    0,    0,    0,    0,    0,    0,    0,    0,    0,    0,    0,    0,    0,    0,    0,    0,    0,    0,    0,    0,    0,    0,    0,  -13,    0,    0,    0,
       0,    0,    0,    0,    0,    0,    0,    0,    0,    0,    0,    0,    0,    0,    0,    0,    0,    0,    0,    0,    0,    0,    0,    0,    0,    0,    0,    0,    0,    0,    0,    0,    0,    0,    0,    0,    0,    0,    0,    0,    0,    0,    0,    0,    0,    0,    0,    0,    0,    0,    0,    0,    0,  -13,    0,    0,
       0,    0,    0,    0,    0,    0,    0,    0,    0,    0,    0,    0,    0,    0,    0,    0,    0,    0,    0,    0,    0,    0,    0,    0,    0,    0,    0,    0,    0,    0,    0,    0,    0,    0,  -15,    0,    0,    0,    0,    0,    0,    0,    0,    0,    0,    0,    0,    0,    0,    0,    0,    0,    0,    0,    0,    0,
};

static const EpdLigaturePair lexenddeca_16_regularLigaturePairs[] = {
    { 0x00660066, 0xFB00 }, // f f -> U+FB00
    { 0x00660069, 0xFB01 }, // f i -> U+FB01
    { 0x0066006C, 0xFB02 }, // f l -> U+FB02
    { 0xFB000069, 0xFB03 }, // U+FB00 i -> U+FB03
    { 0xFB00006C, 0xFB04 }, // U+FB00 l -> U+FB04
};

static constexpr EpdFontData lexenddeca_16_regular = {
    lexenddeca_16_regularBitmaps,
    lexenddeca_16_regularGlyphs,
    lexenddeca_16_regularIntervals,
    94,
    41,
    32,
    -10,
    true,
    lexenddeca_16_regularGroups,
    17,
    nullptr,
    lexenddeca_16_regularKernLeftClasses,
    lexenddeca_16_regularKernRightClasses,
    lexenddeca_16_regularKernMatrix,
    370,
    352,
    73,
    56,
    lexenddeca_16_regularLigaturePairs,
    5,
};
