/**
 * generated by fontconvert.py
 * name: lexenddeca_14_italic
 * size: 14
 * mode: 2-bit  compressed: true
 * Command used: fontconvert.py lexenddeca_14_italic 14 ../builtinFonts/source/LexicaUltralegible/LexicaUltralegible-Italic.ttf ../builtinFonts/source/ChareInk7/ChareInk7-Italic.ttf ../builtinFonts/source/NotoEmoji/NotoEmoji-Regular.ttf ../builtinFonts/source/NotoSymbols/NotoSansSymbols-Regular.ttf --additional-intervals 0x03BB,0x03BB --additional-intervals 0x0410,0x0414 --additional-intervals 0x0418,0x0418 --additional-intervals 0x041B,0x041B --additional-intervals 0x041D,0x0423 --additional-intervals 0x0425,0x0425 --additional-intervals 0x0427,0x0427 --additional-intervals 0x042B,0x042C --additional-intervals 0x042E,0x0432 --additional-intervals 0x0434,0x0435 --additional-intervals 0x0437,0x0437 --additional-intervals 0x043A,0x043A --additional-intervals 0x043D,0x043E --additional-intervals 0x0440,0x0440 --additional-intervals 0x0442,0x0442 --additional-intervals 0x0446,0x0446 --additional-intervals 0x044C,0x044C --additional-intervals 0x044E,0x044E --additional-intervals 0x2113,0x2113 --additional-intervals 0x2669,0x266F --additional-intervals 0x1F600,0x1F607 --additional-intervals 0x1F609,0x1F614 --additional-intervals 0x1F618,0x1F618 --additional-intervals 0x1F61A,0x1F61A --additional-intervals 0x1F61C,0x1F61D --additional-intervals 0x1F620,0x1F622 --additional-intervals 0x1F624,0x1F625 --additional-intervals 0x1F629,0x1F629 --additional-intervals 0x1F62C,0x1F62E --additional-intervals 0x1F631,0x1F635 --additional-intervals 0x1F641,0x1F642 --additional-intervals 0x1F644,0x1F644 --additional-intervals 0x1F44B,0x1F44F --additional-intervals 0x2764,0x2764 --font-include-intervals 1:0x03BB,0x03BB --font-include-intervals 1:0x0410,0x0414 --font-include-intervals 1:0x0418,0x0418 --font-include-intervals 1:0x041B,0x041B --font-include-intervals 1:0x041D,0x0423 --font-include-intervals 1:0x0425,0x0425 --font-include-intervals 1:0x0427,0x0427 --font-include-intervals 1:0x042B,0x042C --font-include-intervals 1:0x042E,0x0432 --font-include-intervals 1:0x0434,0x0435 --font-include-intervals 1:0x0437,0x0437 --font-include-intervals 1:0x043A,0x043A --font-include-intervals 1:0x043D,0x043E --font-include-intervals 1:0x0440,0x0440 --font-include-intervals 1:0x0442,0x0442 --font-include-intervals 1:0x0446,0x0446 --font-include-intervals 1:0x044C,0x044C --font-include-intervals 1:0x044E,0x044E --font-include-intervals 1:0x2113,0x2113 --font-include-intervals 2:0x1F600,0x1F607 --font-include-intervals 2:0x1F609,0x1F614 --font-include-intervals 2:0x1F618,0x1F618 --font-include-intervals 2:0x1F61A,0x1F61A --font-include-intervals 2:0x1F61C,0x1F61D --font-include-intervals 2:0x1F620,0x1F622 --font-include-intervals 2:0x1F624,0x1F625 --font-include-intervals 2:0x1F629,0x1F629 --font-include-intervals 2:0x1F62C,0x1F62E --font-include-intervals 2:0x1F631,0x1F635 --font-include-intervals 2:0x1F641,0x1F642 --font-include-intervals 2:0x1F644,0x1F644 --font-include-intervals 2:0x1F44B,0x1F44F --font-include-intervals 2:0x2764,0x2764 --font-include-intervals 3:0x2669,0x266F --2bit --compress --pnum --darken-aa
 */
#pragma once
#include "EpdFontData.h"

static const uint8_t lexenddeca_14_italicBitmaps[22491] = {
    0x95, 0x59, 0xBF, 0x8F, 0xDC, 0xD6, 0x11, 0x1E, 0x92, 0xB1, 0x69, 0x84, 0x80, 0x99, 0x46, 0x31,
    0x12, 0x03, 0x61, 0xFA, 0xD8, 0x62, 0xE3, 0x22, 0xC5, 0xDD, 0x3E, 0x02, 0x2E, 0x52, 0x46, 0x85,
    0xD6, 0x2A, 0x0E, 0xC1, 0xFD, 0x03, 0x01, 0xCE, 0x7F, 0xC0, 0xDD, 0x92, 0x49, 0xCA, 0x14, 0x4E,
    0x23, 0xD5, 0x2E, 0x52, 0x29, 0x85, 0x52, 0x3A, 0xC0, 0xEE, 0x91, 0xB6, 0x8B, 0x14, 0x2E, 0x42,
    0x38, 0x50, 0x1A, 0x17, 0x22, 0x6C, 0x5F, 0x10, 0xC4, 0x85, 0x69, 0x9B, 0x4A, 0x78, 0xD6, 0xDB,
    0x7D, 0xF9, 0xBE, 0x21, 0xB9, 0xB7, 0x2B, 0x9D, 0x13, 0x67, 0x6F, 0x39, 0xAB, 0x5D, 0x3E, 0xBE,
    0xF9, 0xFD, 0xCD, 0xCC, 0x93, 0x18, 0x99, 0xC9, 0x4A, 0x96, 0x62, 0xF1, 0xD7, 0x79, 0xAD, 0xDF,
    0xFA, 0x4D, 0x50, 0x07, 0x15, 0xFE, 0x32, 0xC1, 0x2B, 0x15, 0x53, 0x98, 0x22, 0x95, 0xD3, 0xC3,
    0x83, 0x9D, 0x97, 0x24, 0x7E, 0x8B, 0x7B, 0x24, 0x26, 0x00, 0x99, 0x05, 0xCD, 0x40, 0x8C, 0x73,
    0xAE, 0x52, 0xF2, 0xDC, 0xEA, 0xE8, 0xA1, 0xC8, 0x32, 0xAA, 0x40, 0x62, 0x10, 0x4B, 0xD2, 0xC7,
    0x85, 0xDC, 0xB8, 0x3C, 0xBE, 0x2B, 0x58, 0xE1, 0x06, 0xE2, 0xB5, 0xA9, 0x88, 0x4F, 0x12, 0xB4,
    0x06, 0xA4, 0x99, 0x8D, 0x44, 0xE4, 0x05, 0x5C, 0xAF, 0x0C, 0x57, 0xBA, 0x11, 0xDF, 0xB9, 0x26,
    0xBA, 0x2C, 0xB1, 0xCF, 0x1F, 0x6D, 0x52, 0xB4, 0x92, 0x16, 0x8D, 0x24, 0x55, 0x23, 0xF1, 0xE3,
    0x4A, 0x42, 0x57, 0x8B, 0x94, 0x1B, 0x91, 0x08, 0xFF, 0x08, 0x1F, 0x74, 0x12, 0x05, 0x56, 0x22,
    0xB1, 0xDF, 0x89, 0xC5, 0xAE, 0x5E, 0xF4, 0x6C, 0xFE, 0x8B, 0xA0, 0x4B, 0x37, 0x27, 0x4D, 0xE4,
    0x5C, 0x21, 0x65, 0x2F, 0xF2, 0x53, 0x6C, 0xFB, 0xA6, 0x88, 0x87, 0xAF, 0x10, 0x29, 0x72, 0xAD,
    0x80, 0x77, 0x7A, 0xAF, 0x97, 0x33, 0x91, 0x43, 0x58, 0x03, 0x4B, 0x96, 0x72, 0x40, 0xD5, 0xDE,
    0x91, 0xD3, 0xB0, 0xE6, 0x37, 0x8B, 0x85, 0x92, 0x87, 0x14, 0x52, 0x52, 0x57, 0x2F, 0x85, 0xDC,
    0xB2, 0x3E, 0xC2, 0x52, 0x88, 0x9E, 0x3B, 0x7E, 0x7F, 0x77, 0x7D, 0x02, 0x2D, 0xE3, 0xDF, 0xB4,
    0x61, 0x45, 0xCB, 0x54, 0x01, 0x9F, 0x0C, 0xF9, 0xE1, 0xF5, 0xF8, 0xA8, 0xB0, 0x30, 0xA8, 0x61,
    0x88, 0xA8, 0x0A, 0x2E, 0x73, 0x91, 0x24, 0x13, 0xB7, 0x16, 0x65, 0x0D, 0xFB, 0x49, 0x09, 0x12,
    0x3A, 0x8B, 0x0D, 0x2E, 0xA0, 0x4A, 0x9A, 0x19, 0xDE, 0x9A, 0xD1, 0x07, 0xA7, 0x58, 0xFB, 0x6B,
    0x30, 0x8A, 0xA9, 0x27, 0x6C, 0x01, 0xC1, 0x6D, 0xD0, 0x46, 0xDD, 0x3A, 0x68, 0xD2, 0xC2, 0xC4,
    0x95, 0x91, 0xF4, 0x51, 0x71, 0x86, 0xDB, 0x90, 0x13, 0x9A, 0x2F, 0xC5, 0xB7, 0xB2, 0xE0, 0x57,
    0x73, 0xCF, 0xB9, 0x2C, 0x71, 0x9B, 0xA4, 0xF2, 0x5D, 0x1D, 0xB5, 0xA7, 0xA3, 0xFB, 0xE0, 0x29,
    0x48, 0x91, 0x52, 0x57, 0xB8, 0xDD, 0x6B, 0x21, 0x97, 0x40, 0x4B, 0xFC, 0x06, 0x25, 0x53, 0x95,
    0x68, 0xA6, 0xEF, 0xC3, 0xFD, 0xF7, 0xF0, 0x23, 0x16, 0xC4, 0xA2, 0x76, 0xAB, 0xF6, 0xBF, 0x40,
    0x6B, 0xEA, 0x58, 0x73, 0xFF, 0xAB, 0x77, 0xCD, 0xDF, 0x71, 0x77, 0xBB, 0x3B, 0xB6, 0x38, 0x25,
    0x5F, 0x84, 0xCF, 0x56, 0x10, 0xD8, 0x5D, 0xA0, 0x7E, 0x2B, 0x7F, 0x6A, 0xA4, 0xFC, 0x67, 0x16,
    0xBB, 0x22, 0xEE, 0x64, 0xD1, 0xCA, 0x6B, 0xEF, 0x88, 0xBC, 0x26, 0x5C, 0x74, 0xDD, 0x75, 0xE3,
    0xF8, 0xE1, 0x2D, 0x04, 0x91, 0xE5, 0xF5, 0x4D, 0x6B, 0xFC, 0x2C, 0xAE, 0x92, 0x26, 0xAE, 0xC2,
    0x22, 0x96, 0x9B, 0x72, 0x20, 0xCF, 0xCD, 0x6F, 0x19, 0xD7, 0x1A, 0xD7, 0x24, 0x62, 0x2A, 0x53,
    0x25, 0x8C, 0xB4, 0x9E, 0x21, 0x28, 0x34, 0x81, 0x3E, 0x05, 0x79, 0x28, 0xA4, 0x2C, 0x87, 0x5B,
    0xC1, 0x35, 0xB7, 0xE0, 0x25, 0xAF, 0x1B, 0x6E, 0xD1, 0x0A, 0x8C, 0x0D, 0xDE, 0x3A, 0xE4, 0x6E,
    0xCF, 0xBB, 0xDF, 0x31, 0x44, 0xF0, 0xA4, 0xBB, 0xB7, 0xA6, 0x3F, 0x72, 0x09, 0x37, 0xF0, 0x27,
    0xFC, 0x91, 0x14, 0xF1, 0x5B, 0x45, 0x5C, 0xA4, 0x3F, 0xAF, 0xE0, 0xB4, 0xB0, 0x89, 0x0B, 0xA4,
    0x0F, 0x88, 0x87, 0xC4, 0x30, 0x62, 0x93, 0x6C, 0x26, 0x67, 0xC8, 0x38, 0x31, 0x78, 0x4B, 0xB2,
    0x02, 0x89, 0x2D, 0x82, 0x3C, 0xEC, 0x24, 0xBE, 0x3C, 0x81, 0x29, 0xE1, 0x4C, 0xD1, 0xF8, 0xA5,
    0x9D, 0xA3, 0xCA, 0x2B, 0x91, 0x6B, 0x45, 0xEE, 0xB2, 0x1B, 0x27, 0x72, 0xE5, 0xB6, 0x43, 0x15,
    0x7C, 0xA9, 0x32, 0xF6, 0x94, 0xD2, 0x57, 0xFF, 0x0E, 0xDE, 0xA0, 0x1E, 0x9E, 0xEB, 0x18, 0x4A,
    0x08, 0x23, 0x73, 0x51, 0x66, 0x72, 0x2E, 0x69, 0x25, 0x6A, 0xBE, 0xEF, 0xA9, 0x8A, 0x03, 0x49,
    0xA0, 0x11, 0x37, 0x14, 0xDC, 0x17, 0xC6, 0x13, 0x14, 0x6D, 0xF9, 0x13, 0x6E, 0x7A, 0x1B, 0x7E,
    0xC3, 0x26, 0x92, 0x63, 0x55, 0xB0, 0x66, 0x46, 0x5C, 0xCC, 0x6F, 0x4B, 0x4E, 0x37, 0x94, 0x8E,
    0x9A, 0x47, 0xC8, 0xAC, 0xDC, 0x75, 0xDE, 0xE6, 0x0E, 0x02, 0x55, 0xCE, 0x11, 0x04, 0x66, 0xB4,
    0xDC, 0x0A, 0xC6, 0xEC, 0x71, 0xBF, 0xD1, 0x35, 0x1E, 0xD4, 0x92, 0xA0, 0x1B, 0x0C, 0x2D, 0xF6,
    0x87, 0xB8, 0x0C, 0x92, 0x25, 0x2D, 0x60, 0x97, 0xC7, 0x27, 0x4D, 0x30, 0x25, 0xEC, 0x28, 0x0B,
    0xB3, 0x2C, 0x20, 0xF7, 0x98, 0x4C, 0x0D, 0x1D, 0x64, 0x2D, 0xDD, 0xC0, 0xAC, 0xA9, 0xB0, 0xCE,
    0xD0, 0x2B, 0x56, 0x35, 0x06, 0xDF, 0xB8, 0x02, 0x31, 0x77, 0x8F, 0x1E, 0x67, 0x39, 0x31, 0x09,
    0xA2, 0x61, 0xBB, 0x51, 0xC9, 0x62, 0x22, 0xC9, 0x80, 0x73, 0x42, 0xF0, 0xCA, 0xA8, 0x83, 0xC8,
    0x1A, 0xCA, 0x08, 0x85, 0x62, 0x54, 0xD0, 0x6C, 0x20, 0x1F, 0xAD, 0xA9, 0x95, 0xAB, 0x06, 0x57,
    0xE8, 0xCE, 0xB0, 0x44, 0x3F, 0x86, 0xCF, 0x96, 0xFC, 0x80, 0x16, 0x37, 0x34, 0xB8, 0xC9, 0x22,
    0xAC, 0xBB, 0xC8, 0x09, 0x4F, 0x94, 0xBB, 0xEC, 0x34, 0x36, 0x90, 0x02, 0x80, 0x1B, 0x77, 0xC7,
    0xFA, 0xBD, 0xF4, 0xDC, 0x3A, 0x9E, 0xE2, 0xE7, 0x78, 0x23, 0xA6, 0x04, 0x7C, 0x76, 0x49, 0x6B,
    0x8A, 0xA0, 0xA3, 0x1D, 0x60, 0xB0, 0xF1, 0xF2, 0x7A, 0x6E, 0x9A, 0x16, 0x11, 0xEC, 0x92, 0x57,
    0xBA, 0x23, 0x36, 0x0C, 0xA9, 0x11, 0xA4, 0x72, 0x99, 0x37, 0x9F, 0x97, 0x94, 0x60, 0x3D, 0x79,
    0x2B, 0xA4, 0x7C, 0x71, 0x4D, 0xDD, 0xA8, 0x65, 0x3E, 0xDD, 0x0C, 0xFA, 0xBD, 0x9B, 0x66, 0x7B,
    0xD3, 0x4E, 0x37, 0xD5, 0xCF, 0x6A, 0x24, 0xBD, 0x29, 0x11, 0x31, 0x0A, 0x72, 0x6F, 0x8E, 0x2B,
    0xBF, 0x0D, 0x50, 0x1E, 0xB4, 0x44, 0x34, 0xFA, 0xAF, 0x1E, 0xB1, 0x03, 0x59, 0x20, 0x47, 0x95,
    0x5C, 0x9C, 0x00, 0x1C, 0x83, 0x6E, 0x05, 0x59, 0x19, 0x7A, 0xC3, 0xE5, 0x77, 0xE7, 0xE0, 0x66,
    0x60, 0x86, 0x04, 0xEB, 0x7C, 0x86, 0x5E, 0xBA, 0x46, 0x08, 0xBA, 0x22, 0x84, 0x1D, 0x69, 0xC6,
    0x74, 0xD0, 0xD1, 0x12, 0x8B, 0x00, 0x03, 0xFD, 0x19, 0x2C, 0x38, 0x63, 0x35, 0xC8, 0xE2, 0x3A,
    0xB9, 0x28, 0x8B, 0x41, 0x57, 0x3B, 0x84, 0x09, 0x4C, 0xCA, 0x70, 0xA5, 0xC4, 0x1E, 0x7E, 0x42,
    0x66, 0x60, 0x75, 0x60, 0x03, 0x4B, 0xBF, 0xEF, 0xBE, 0x52, 0xC9, 0xB3, 0x3C, 0x53, 0x64, 0x41,
    0xA5, 0x51, 0x7C, 0xD9, 0x79, 0x79, 0xB2, 0x0F, 0x0A, 0x78, 0xFD, 0x78, 0xB0, 0x4A, 0x0E, 0x24,
    0x1C, 0x62, 0x0E, 0xE8, 0xAE, 0x90, 0x4C, 0xDF, 0x11, 0x77, 0x13, 0xC5, 0xDD, 0x46, 0x61, 0x1F,
    0x02, 0xB5, 0xA3, 0xA1, 0xDE, 0x44, 0xD8, 0xAC, 0x79, 0xDD, 0x98, 0x33, 0x6A, 0x86, 0x17, 0xFF,
    0x3D, 0xFD, 0x7E, 0x6B, 0x08, 0x7A, 0xDD, 0x2B, 0x7D, 0x76, 0x8F, 0xEE, 0x8A, 0x67, 0x37, 0xF0,
    0xEC, 0x86, 0x9C, 0x7B, 0x9B, 0x1B, 0x41, 0x8E, 0x90, 0x10, 0x0E, 0xFB, 0x01, 0x0C, 0xEA, 0x33,
    0x89, 0x26, 0x20, 0x42, 0xEE, 0x40, 0xB2, 0xB8, 0x1F, 0xBC, 0xB4, 0xBE, 0xC2, 0x23, 0x0D, 0xD7,
    0xF1, 0xC5, 0xB8, 0x4A, 0xEA, 0xE1, 0xD2, 0x60, 0xF7, 0x99, 0x9C, 0x88, 0x40, 0xE6, 0x41, 0x79,
    0xF7, 0xA4, 0xA5, 0xC7, 0x11, 0x88, 0xDC, 0x15, 0xF5, 0x23, 0x4B, 0xD7, 0x89, 0xDC, 0xF4, 0xDC,
    0x26, 0xCE, 0x0E, 0xC2, 0xCB, 0x65, 0x58, 0x1C, 0xC4, 0xD5, 0x32, 0xA8, 0x0E, 0x52, 0xB1, 0xA0,
    0x46, 0x7A, 0xFC, 0x32, 0xF3, 0x3B, 0xDC, 0x35, 0x51, 0x9F, 0xCA, 0xCD, 0xC4, 0x95, 0x6B, 0x49,
    0x22, 0x6B, 0xBA, 0x21, 0x5E, 0x86, 0x4C, 0x86, 0xB9, 0xEE, 0xFE, 0x52, 0xB9, 0x58, 0xE5, 0xF8,
    0xA9, 0x5A, 0x7C, 0x3D, 0xA5, 0x6E, 0x44, 0x83, 0xC6, 0x24, 0x86, 0x39, 0xBD, 0x60, 0xEA, 0x01,
    0xFA, 0x10, 0x35, 0xC0, 0x1C, 0xA4, 0x3D, 0x90, 0x8D, 0x35, 0x32, 0x06, 0x44, 0x22, 0x87, 0x40,
    0x72, 0x8A, 0x87, 0x18, 0x6F, 0x3C, 0x92, 0xE0, 0xEB, 0xFB, 0x7F, 0x68, 0x11, 0x06, 0xBA, 0x12,
    0x51, 0x82, 0x67, 0x3A, 0x44, 0x03, 0x94, 0x28, 0x15, 0x72, 0x99, 0xC4, 0xEB, 0x39, 0xB2, 0xAE,
    0x97, 0xB8, 0xA1, 0x6A, 0x8D, 0x8F, 0x3C, 0x69, 0x60, 0x99, 0xA8, 0x06, 0x01, 0x9A, 0x3E, 0x46,
    0xA6, 0x44, 0x5A, 0x31, 0x1C, 0x40, 0x30, 0xAE, 0x3C, 0x47, 0x2E, 0xA6, 0x00, 0xFB, 0xB4, 0x82,
    0x5D, 0x51, 0x52, 0x33, 0x70, 0x86, 0x70, 0xA5, 0x98, 0xF9, 0x91, 0x25, 0x26, 0xB4, 0xC4, 0x35,
    0xB8, 0xCC, 0x2B, 0xB5, 0x0C, 0x13, 0x28, 0x2E, 0xCA, 0x1A, 0x4A, 0x45, 0xAD, 0x62, 0xAB, 0xE6,
    0xD2, 0x15, 0x66, 0x2A, 0x59, 0x6C, 0xC9, 0x6A, 0xC2, 0xD1, 0xE1, 0xEB, 0xB0, 0x24, 0x43, 0x8C,
    0xA6, 0x35, 0x78, 0xC4, 0x97, 0xE0, 0x01, 0xA4, 0x83, 0xDF, 0x4E, 0x68, 0xA0, 0x92, 0x16, 0x73,
    0x8A, 0x43, 0x6F, 0x38, 0xD5, 0xA3, 0x85, 0x1E, 0x41, 0x0B, 0x3D, 0xFC, 0x1E, 0xDC, 0x3C, 0x12,
    0xF8, 0x02, 0xEB, 0x7B, 0x18, 0x02, 0xC5, 0x03, 0x55, 0xAE, 0x57, 0x6B, 0x28, 0x81, 0x18, 0x51,
    0x93, 0x66, 0xC2, 0xBE, 0x40, 0xF5, 0x00, 0x5E, 0x9B, 0xF9, 0x83, 0x9E, 0x7A, 0x54, 0xD8, 0xFD,
    0x1F, 0xCA, 0x83, 0x20, 0x44, 0x9E, 0xEB, 0xF9, 0x3C, 0x53, 0xF0, 0xF2, 0x95, 0x74, 0x32, 0x44,
    0xD1, 0x40, 0x60, 0xAB, 0x6C, 0x44, 0x3D, 0x25, 0xFB, 0xE5, 0x21, 0xDD, 0xD7, 0xD7, 0xCC, 0xE7,
    0xB7, 0xB6, 0xB6, 0x6A, 0x95, 0x07, 0xC1, 0x01, 0x04, 0x3C, 0xE4, 0xBF, 0xF1, 0xB8, 0x4D, 0x1E,
    0x6B, 0xF2, 0xB0, 0xCF, 0xF0, 0xC8, 0xF6, 0x79, 0xEC, 0xDB, 0x74, 0xF0, 0x47, 0x32, 0xF9, 0xC3,
    0xFF, 0x1F, 0xFE, 0x40, 0xED, 0x5F, 0x10, 0x7E, 0xCF, 0x81, 0x67, 0x20, 0x58, 0x87, 0xAD, 0xA2,
    0xDA, 0x90, 0xA1, 0x51, 0xEF, 0xA3, 0xFB, 0xA8, 0xE2, 0xCD, 0x91, 0x2B, 0xE0, 0x8F, 0xBF, 0x60,
    0xD3, 0xCB, 0x58, 0x39, 0x41, 0x0A, 0xAB, 0xBB, 0xEC, 0x50, 0xEA, 0xB2, 0x50, 0x65, 0x56, 0xAA,
    0x88, 0x1D, 0x69, 0xF8, 0xF5, 0xFD, 0xFB, 0x44, 0x0F, 0xD6, 0x41, 0x68, 0xE4, 0x58, 0x86, 0x24,
    0x98, 0x28, 0x64, 0x82, 0xE3, 0xB0, 0x5F, 0xA4, 0x25, 0x91, 0x81, 0xB7, 0x43, 0x17, 0x2A, 0xF4,
    0xC0, 0x50, 0xA8, 0x15, 0xA3, 0xE0, 0xF8, 0xE1, 0x4E, 0x43, 0x53, 0x0C, 0x66, 0xE7, 0x7D, 0x33,
    0x2A, 0xB6, 0x18, 0x83, 0x6B, 0x39, 0x82, 0xB8, 0x1D, 0xEA, 0x12, 0x25, 0x7B, 0xE9, 0x31, 0xDD,
    0x40, 0x2F, 0x14, 0x93, 0x19, 0xA6, 0x27, 0x56, 0x4F, 0xAD, 0x1E, 0x1B, 0x9D, 0xE9, 0x62, 0x74,
    0x45, 0xF5, 0x73, 0x60, 0x7A, 0xA6, 0x57, 0x52, 0xB0, 0x27, 0x31, 0x7F, 0x43, 0xC2, 0x40, 0x2F,
    0x9F, 0x2D, 0xCE, 0x8A, 0xBD, 0x0D, 0x1C, 0xD6, 0x82, 0x18, 0xC6, 0xA9, 0x63, 0x7C, 0xE2, 0x66,
    0x97, 0x30, 0x3D, 0xD1, 0x1B, 0x04, 0x5F, 0x20, 0xEB, 0xC3, 0xCF, 0xB4, 0x1F, 0x60, 0x85, 0x66,
    0xB7, 0x1B, 0x5B, 0x64, 0x6B, 0x0C, 0x74, 0x47, 0x2A, 0x26, 0x15, 0xDB, 0x22, 0x1A, 0x22, 0x64,
    0x07, 0x1E, 0xB0, 0x72, 0x7A, 0x6C, 0x5D, 0x81, 0x67, 0x2B, 0x05, 0xF9, 0x1D, 0x29, 0x65, 0x94,
    0xD2, 0xEF, 0x9E, 0x92, 0xB2, 0xD9, 0xEF, 0xF9, 0x92, 0xA7, 0xCC, 0x63, 0xEE, 0xDF, 0x7F, 0x9B,
    0x51, 0xA9, 0x41, 0x59, 0xC2, 0x09, 0x4E, 0xF1, 0x3C, 0xE4, 0x47, 0xA3, 0x40, 0x84, 0x0F, 0x0E,
    0x18, 0x4F, 0x30, 0xBF, 0xAC, 0xC5, 0xFF, 0x37, 0xFA, 0x15, 0xF8, 0xF2, 0xAB, 0x96, 0xAD, 0x05,
    0x3E, 0xFC, 0x4B, 0x60, 0xF0, 0xC7, 0x6D, 0xF0, 0x25, 0x9C, 0xFA, 0x71, 0x1B, 0x7D, 0x08, 0x4F,
    0xBE, 0xDB, 0xC5, 0xEF, 0xD3, 0xA1, 0x7D, 0xFA, 0xBA, 0x7E, 0xA0, 0x95, 0x03, 0xDB, 0xDE, 0xC2,
    0xA7, 0x69, 0xB6, 0xB6, 0xEA, 0x4E, 0xD7, 0xEA, 0x47, 0xD9, 0x0C, 0x1F, 0x15, 0xC4, 0x5A, 0xA0,
    0x5F, 0x82, 0x64, 0xEC, 0xEB, 0x28, 0x58, 0x49, 0xED, 0xC5, 0xA9, 0xEF, 0x9D, 0x46, 0x03, 0x04,
    0x44, 0x44, 0x3D, 0x81, 0x00, 0xE2, 0x3F, 0xEE, 0xD8, 0xCC, 0xB7, 0xBD, 0xC6, 0x15, 0xED, 0x1C,
    0x36, 0x2B, 0x8F, 0x70, 0x06, 0x00, 0x66, 0xB8, 0x6A, 0x44, 0xA5, 0x4A, 0x31, 0x70, 0xB0, 0xB3,
    0xFC, 0x33, 0xE3, 0x2A, 0xFA, 0x40, 0xCD, 0xF9, 0x39, 0x77, 0x0D, 0x74, 0x6F, 0xDF, 0x31, 0xAE,
    0x38, 0xEA, 0xC0, 0x98, 0x5B, 0x0C, 0x1B, 0x73, 0x26, 0x67, 0xCE, 0x84, 0x2D, 0xCC, 0x0F, 0x04,
    0xA9, 0x09, 0xC4, 0x85, 0xB6, 0x60, 0x13, 0x59, 0x3C, 0x43, 0xFC, 0x7E, 0x31, 0xCE, 0x6A, 0x51,
    0x33, 0x39, 0x11, 0x78, 0x4A, 0x0C, 0xF3, 0x15, 0xC3, 0xD2, 0x01, 0xC3, 0xBA, 0x09, 0xC3, 0xE6,
    0xA5, 0x62, 0x58, 0xBD, 0x8F, 0xC5, 0x8D, 0x4A, 0x0E, 0xBE, 0x69, 0x15, 0x5D, 0xBC, 0xE1, 0xC6,
    0xDC, 0x77, 0x88, 0xAB, 0xFF, 0x2F, 0xF7, 0xE3, 0x49, 0x0F, 0x8F, 0x7A, 0x04, 0xDD, 0x56, 0x0F,
    0xCE, 0x9C, 0xDC, 0x60, 0xC5, 0xC7, 0x56, 0xA3, 0x32, 0x2F, 0x90, 0x18, 0x25, 0xBF, 0x42, 0x43,
    0x15, 0x7F, 0x02, 0x3D, 0x42, 0xD7, 0x98, 0x02, 0x46, 0x42, 0x8D, 0x74, 0x59, 0xB4, 0x3E, 0x72,
    0x98, 0x95, 0x18, 0x2A, 0xE9, 0xE6, 0x75, 0xBB, 0x6D, 0xEC, 0x6E, 0xED, 0x55, 0x97, 0x72, 0xB7,
    0xBA, 0xB4, 0x3B, 0xD5, 0x05, 0x1A, 0x35, 0x5E, 0x99, 0x4D, 0x68, 0x86, 0xF0, 0x7A, 0xA8, 0x9D,
    0xE9, 0xB9, 0x68, 0x02, 0x41, 0x23, 0x24, 0xAF, 0x19, 0xF2, 0x1D, 0x71, 0xAB, 0x7D, 0xE2, 0x82,
    0x35, 0x78, 0xA5, 0xED, 0xCC, 0x76, 0xCC, 0x3D, 0x66, 0x0C, 0xA9, 0x2F, 0x98, 0xEC, 0xD4, 0x05,
    0xE3, 0x10, 0x24, 0xFD, 0x1D, 0xFC, 0x08, 0xF3, 0xBE, 0xAC, 0x73, 0x20, 0xF3, 0x60, 0xCA, 0x0D,
    0xBB, 0x44, 0x16, 0x97, 0xC8, 0x20, 0x73, 0x71, 0x35, 0xE6, 0xB2, 0xDF, 0xCD, 0x74, 0xCA, 0xBE,
    0x71, 0x7C, 0x71, 0x5B, 0x76, 0xA0, 0xF5, 0xDB, 0xDA, 0xD8, 0xEE, 0x11, 0xEF, 0x1A, 0xF4, 0x56,
    0xFC, 0x53, 0xE0, 0x9B, 0x88, 0xC7, 0xA2, 0xE4, 0x77, 0xC8, 0x85, 0xB1, 0x1E, 0x4D, 0x45, 0x29,
    0xC4, 0xB0, 0xBA, 0x45, 0xDB, 0x91, 0x8C, 0x56, 0xD1, 0x51, 0xD7, 0x10, 0xC6, 0xE0, 0x0A, 0x2B,
    0xE9, 0xD7, 0x68, 0x82, 0xB4, 0xE2, 0x78, 0xEE, 0x52, 0xE5, 0x49, 0xB4, 0x96, 0x71, 0x71, 0xCE,
    0x75, 0x9B, 0x01, 0x28, 0x14, 0x32, 0xD2, 0x8C, 0x51, 0x44, 0x18, 0x49, 0x8A, 0x94, 0x33, 0xA6,
    0x19, 0x2D, 0x1E, 0x57, 0xB4, 0xFD, 0x7B, 0x0C, 0x92, 0xF7, 0xD9, 0x69, 0x7D, 0x40, 0xB0, 0x78,
    0x54, 0xD1, 0x8E, 0x50, 0x3A, 0xD0, 0x59, 0x42, 0xBB, 0x12, 0xAB, 0x3A, 0xA3, 0x9B, 0x33, 0xC5,
    0x82, 0x70, 0x96, 0xE3, 0x5B, 0xD2, 0x82, 0x09, 0xC2, 0x84, 0xE0, 0x96, 0xCB, 0x8C, 0x15, 0xD8,
    0xC8, 0x8A, 0xC5, 0x05, 0x6D, 0x50, 0xCB, 0xB5, 0x7E, 0xDB, 0x12, 0xBA, 0x82, 0xA6, 0x85, 0x7F,
    0x4C, 0x58, 0x11, 0xD2, 0x30, 0x8B, 0xB7, 0x40, 0x2D, 0x13, 0x67, 0x2D, 0xC7, 0xAB, 0x54, 0x38,
    0x98, 0x98, 0x99, 0x7C, 0xD9, 0xEB, 0xB4, 0xF2, 0x15, 0x0F, 0x4C, 0x7A, 0x79, 0xC2, 0x8F, 0x56,
    0x9B, 0x4A, 0x7E, 0xF0, 0xAC, 0xA0, 0xD6, 0xCC, 0x04, 0x8A, 0x52, 0x2A, 0x7A, 0x26, 0xD6, 0x82,
    0x81, 0x1F, 0x60, 0x4C, 0x47, 0x5B, 0x53, 0x4A, 0xBF, 0xD7, 0x96, 0xD3, 0xA6, 0xAC, 0x6E, 0xE7,
    0xB9, 0xBA, 0x6E, 0xA3, 0xDD, 0xAE, 0x06, 0x69, 0xAC, 0x9D, 0x9F, 0x51, 0xEA, 0xD4, 0x43, 0x1B,
    0xFE, 0x1E, 0x53, 0x08, 0xE4, 0x19, 0x6B, 0x44, 0x49, 0x53, 0x23, 0x55, 0xE0, 0x09, 0x4C, 0x61,
    0xE0, 0x00, 0xA8, 0xA6, 0x16, 0xC5, 0x10, 0x89, 0xA3, 0x9D, 0xD9, 0x37, 0x6F, 0x20, 0x85, 0x6F,
    0x87, 0x1C, 0x05, 0xC4, 0x00, 0x30, 0x6B, 0x5D, 0x85, 0x29, 0x23, 0xF8, 0x82, 0x45, 0x83, 0x5A,
    0xA8, 0x0E, 0xA2, 0xC5, 0xA5, 0xFC, 0x76, 0x41, 0xC3, 0x29, 0x6B, 0x43, 0xB2, 0x46, 0x93, 0x7C,
    0x87, 0x0B, 0x18, 0xD9, 0xA2, 0x1A, 0x61, 0x18, 0x15, 0x9F, 0x1E, 0xD1, 0x43, 0x15, 0x3D, 0x13,
    0xE1, 0x80, 0xA9, 0xE3, 0x66, 0xC8, 0x9F, 0x12, 0xFD, 0x89, 0x13, 0xA8, 0x9B, 0xFC, 0x16, 0xEB,
    0x50, 0xFA, 0x10, 0x0D, 0x06, 0x47, 0x3C, 0x0D, 0x79, 0xCD, 0x23, 0x20, 0xF9, 0xEC, 0xF6, 0xB5,
    0xB3, 0xB0, 0xBF, 0x33, 0x0B, 0x6F, 0x8F, 0x25, 0xF0, 0x4E, 0x76, 0x66, 0x68, 0x3C, 0x9A, 0x5B,
    0xA6, 0xD0, 0x4C, 0x7F, 0x49, 0xD8, 0x4C, 0x71, 0x31, 0x1F, 0xD4, 0x1D, 0x88, 0x0A, 0x56, 0x8F,
    0x2D, 0xCC, 0x70, 0x06, 0x52, 0x70, 0x45, 0xA8, 0x2B, 0x70, 0x5B, 0xA7, 0x50, 0xCA, 0x60, 0xAC,
    0xDC, 0x50, 0xDE, 0x7C, 0x5F, 0xC7, 0x3E, 0x1A, 0xD8, 0x67, 0x7B, 0xEC, 0x0F, 0xF5, 0x84, 0x64,
    0xC9, 0x47, 0x21, 0x03, 0xA1, 0xF4, 0xBB, 0xE3, 0x34, 0x46, 0xE5, 0x01, 0x2B, 0xDE, 0xBF, 0x5A,
    0xAD, 0x0D, 0x61, 0xBD, 0x04, 0xDF, 0x19, 0x04, 0xE4, 0xB1, 0x41, 0x5C, 0x60, 0x3E, 0xA8, 0x30,
    0x7A, 0xE8, 0x91, 0x88, 0x3D, 0xC0, 0x56, 0x09, 0x65, 0xC2, 0xC0, 0xC5, 0x0E, 0x20, 0xB8, 0x3C,
    0xA9, 0xC2, 0x1A, 0xA5, 0x2A, 0xE3, 0x88, 0x00, 0xF6, 0x3F, 0x71, 0x1C, 0x24, 0xAB, 0xF4, 0x53,
    0xA6, 0x4B, 0x5C, 0x20, 0xEF, 0x70, 0xE5, 0x99, 0xBB, 0xE3, 0xE0, 0xA0, 0x07, 0x98, 0xB1, 0xD3,
    0x6D, 0xE1, 0xE5, 0x34, 0x4C, 0xB5, 0x79, 0x05, 0x5F, 0x3A, 0x09, 0x3E, 0x77, 0x75, 0xB8, 0x39,
    0x42, 0x22, 0x28, 0xDE, 0x2A, 0x5C, 0x41, 0x09, 0x9B, 0x30, 0x3A, 0xF1, 0x04, 0xCA, 0x4E, 0x87,
    0x21, 0xB6, 0x35, 0x55, 0xDC, 0xE4, 0x5D, 0x5E, 0x2D, 0xE1, 0x96, 0x8E, 0x88, 0xC5, 0x29, 0x0A,
    0x3C, 0x83, 0xF5, 0x71, 0x13, 0x63, 0x84, 0x24, 0x06, 0x4D, 0x85, 0x7A, 0x36, 0x42, 0xCF, 0x62,
    0xDB, 0xA9, 0x60, 0x20, 0xB9, 0x60, 0xAF, 0xBE, 0x1E, 0x86, 0xA6, 0x69, 0x60, 0xCF, 0xC6, 0x81,
    0x7D, 0x40, 0x2B, 0x9E, 0x48, 0x61, 0x60, 0xF4, 0xDC, 0xFA, 0x54, 0xA0, 0x22, 0x0C, 0x52, 0x87,
    0x16, 0xC1, 0x1B, 0x30, 0x63, 0x7D, 0xB6, 0x14, 0x10, 0x7A, 0x46, 0xB2, 0xA0, 0xF3, 0x66, 0xB4,
    0xFD, 0x88, 0xBE, 0x80, 0xFC, 0xE4, 0x02, 0xF9, 0xA7, 0x1D, 0xAE, 0xEF, 0x7E, 0x0B, 0xE3, 0xBE,
    0xAC, 0xF2, 0xD5, 0x01, 0x74, 0x8B, 0x6B, 0x8C, 0x24, 0xD0, 0x09, 0x7D, 0xAD, 0x45, 0xC0, 0xEA,
    0x75, 0x36, 0xCA, 0xA9, 0xF2, 0x65, 0xCF, 0x0B, 0x07, 0xB3, 0x88, 0x90, 0x5C, 0xA2, 0x67, 0x4F,
    0x5B, 0x0E, 0x79, 0x9B, 0x6C, 0x7B, 0xE6, 0x52, 0xBA, 0xA2, 0x74, 0xD9, 0xCB, 0x0F, 0x77, 0xE2,
    0x6C, 0xDF, 0xD1, 0x67, 0x3B, 0xF1, 0x89, 0x39, 0x3B, 0xE6, 0xF9, 0xC3, 0x5B, 0xC8, 0xBD, 0x23,
    0x58, 0xB8, 0x43, 0x90, 0xC3, 0x59, 0x9C, 0x50, 0x90, 0x57, 0x20, 0xA7, 0xDC, 0x60, 0x39, 0x12,
    0xAD, 0x40, 0x15, 0xD4, 0x8B, 0x1A, 0x24, 0x28, 0xF4, 0x6E, 0x39, 0x54, 0x13, 0x58, 0x3E, 0xA1,
    0xA5, 0x78, 0xCE, 0x43, 0xAE, 0x3F, 0xE2, 0x72, 0x53, 0x94, 0x63, 0xF3, 0xE5, 0xBB, 0xED, 0x70,
    0x78, 0xBD, 0x63, 0x0B, 0x38, 0xB6, 0x51, 0xC7, 0x76, 0x98, 0xF3, 0x6A, 0xAF, 0x03, 0x8F, 0x36,
    0x2E, 0xFC, 0x36, 0xC9, 0x38, 0xA9, 0x07, 0x0D, 0x20, 0x17, 0x08, 0x1E, 0x22, 0xE6, 0x22, 0xED,
    0x0C, 0x97, 0x1A, 0x38, 0x10, 0x7C, 0x09, 0x49, 0x37, 0xDA, 0x83, 0x02, 0xD4, 0xF2, 0xE6, 0xA5,
    0x26, 0xAC, 0x23, 0x8C, 0x70, 0x71, 0x11, 0x67, 0x09, 0x8F, 0x91, 0xA1, 0xEE, 0x21, 0x54, 0xE0,
    0x02, 0xAC, 0xD6, 0x21, 0x9E, 0x57, 0x9C, 0x5D, 0x4D, 0xAB, 0x67, 0xFB, 0x4D, 0x2C, 0xC5, 0xF3,
    0x46, 0xF1, 0xB6, 0xAD, 0xE9, 0x10, 0xB9, 0xC3, 0xA1, 0xDB, 0x4E, 0x4F, 0x9C, 0x0C, 0x0D, 0xDF,
    0x0D, 0x60, 0x1C, 0x52, 0x4E, 0x67, 0xED, 0x6B, 0x35, 0x44, 0xA7, 0x83, 0xA0, 0x43, 0x1A, 0x20,
    0xAC, 0xDE, 0x83, 0xDC, 0x1F, 0x00, 0xDC, 0x3E, 0x2F, 0xB4, 0x0B, 0x4C, 0x78, 0x34, 0x83, 0xF2,
    0x60, 0x7E, 0x56, 0xEB, 0xA9, 0xF6, 0x0C, 0xBC, 0xCF, 0x84, 0xA7, 0xA9, 0x2B, 0xE6, 0x32, 0xF7,
    0xEB, 0xA5, 0xF3, 0x5B, 0x1F, 0x45, 0x20, 0x50, 0xED, 0x06, 0xFD, 0x86, 0xDC, 0xA3, 0x7E, 0x98,
    0xB5, 0xDA, 0xB4, 0x09, 0x3E, 0x74, 0x59, 0x59, 0x07, 0x8F, 0xDC, 0x5F, 0x5D, 0x07, 0x4B, 0xBA,
    0x7B, 0x16, 0x33, 0xC9, 0x1A, 0xE9, 0x51, 0x23, 0x22, 0x97, 0x7A, 0x70, 0x64, 0xE3, 0x02, 0x8A,
    0x60, 0xE8, 0x05, 0xC5, 0x1C, 0x1D, 0x56, 0x5E, 0x87, 0x88, 0x84, 0xA5, 0x8D, 0x1E, 0x2C, 0xCD,
    0x84, 0xF7, 0x39, 0x8F, 0x07, 0xCD, 0x12, 0xB6, 0x0B, 0x6B, 0xA4, 0x26, 0x0F, 0x8D, 0x3F, 0x84,
    0x7F, 0x1E, 0xB9, 0x76, 0xEB, 0x9F, 0x86, 0xFE, 0xF1, 0x9E, 0xF6, 0x4F, 0x73, 0xAD, 0x7F, 0xAE,
    0x12, 0x0F, 0x81, 0x1D, 0x74, 0x48, 0x3C, 0x24, 0xE9, 0x70, 0xF1, 0x84, 0x69, 0x31, 0x9D, 0xBA,
    0x20, 0xE6, 0x28, 0x45, 0x72, 0xC1, 0x36, 0x66, 0x4C, 0xBC, 0xAE, 0xAC, 0xE5, 0x09, 0x60, 0x08,
    0xBA, 0xA0, 0x24, 0x9C, 0x33, 0xA9, 0x58, 0x08, 0x79, 0xAA, 0x07, 0x78, 0x31, 0x11, 0xAF, 0x5A,
    0xCE, 0x51, 0x7F, 0x6C, 0xDC, 0x06, 0x7D, 0x72, 0x7E, 0xDC, 0xA6, 0xC6, 0x55, 0x26, 0xDA, 0x68,
    0xB2, 0xCC, 0x9E, 0xF2, 0x2D, 0xCA, 0xD5, 0xAB, 0x8C, 0xD6, 0x03, 0xC6, 0xAD, 0xFD, 0xE6, 0x7C,
    0x9D, 0xED, 0xE6, 0x2B, 0xDB, 0x5A, 0x04, 0xCC, 0x55, 0xBE, 0x7A, 0xEE, 0xAD, 0x2B, 0x34, 0x20,
    0x49, 0x3E, 0x9B, 0x0E, 0x16, 0xC2, 0xB5, 0x04, 0xEF, 0xDA, 0xE0, 0x23, 0x8B, 0x8E, 0x29, 0xEA,
    0xC7, 0x5A, 0x4A, 0x88, 0xCF, 0xC6, 0xD4, 0xDB, 0xCD, 0x3E, 0x3B, 0x9C, 0xCD, 0x30, 0x8B, 0xA9,
    0x74, 0x2A, 0x2F, 0x2A, 0xB8, 0xF0, 0xC8, 0x24, 0xDA, 0x64, 0xE8, 0x32, 0x11, 0x3F, 0xCF, 0xEB,
    0x71, 0x23, 0xDA, 0xC7, 0x74, 0xE8, 0xDE, 0xEF, 0x61, 0xAD, 0x63, 0xC3, 0x8B, 0x45, 0xBF, 0xBF,
    0x02, 0xF6, 0x7C, 0xC8, 0xF7, 0x8B, 0x29, 0xDF, 0xAF, 0x63, 0x8A, 0xAA, 0x8D, 0xA2, 0x9F, 0x0E,
    0x47, 0x88, 0xF0, 0x33, 0x3D, 0xD7, 0xD0, 0xC7, 0x8C, 0x80, 0x99, 0xA2, 0x79, 0x5C, 0x31, 0xD5,
    0x97, 0x78, 0x92, 0x71, 0xC7, 0xFE, 0xC3, 0x22, 0xB5, 0xCE, 0x8F, 0x58, 0x37, 0x57, 0x92, 0xAC,
    0x0F, 0xF4, 0xB8, 0x16, 0x91, 0x81, 0x35, 0x06, 0x5A, 0xAC, 0x90, 0x59, 0x56, 0x66, 0xB4, 0x18,
    0xDD, 0xC2, 0x13, 0x75, 0x9E, 0xB4, 0xB3, 0x70, 0x2D, 0x38, 0x70, 0x0D, 0x35, 0x96, 0x95, 0x52,
    0x5B, 0x63, 0xFC, 0xAD, 0xE8, 0x47, 0xBB, 0x0C, 0xAC, 0xDF, 0x2D, 0x43, 0x34, 0x6D, 0xCB, 0x78,
    0x19, 0xD5, 0xA7, 0xC9, 0x21, 0x38, 0xCF, 0x0E, 0x93, 0xEC, 0xF4, 0xE0, 0x55, 0x23, 0x07, 0xFD,
    0xCD, 0x33, 0x39, 0x6C, 0x6F, 0x42, 0x86, 0x06, 0xC8, 0x6D, 0x2A, 0xC0, 0x9B, 0xA9, 0x50, 0x82,
    0x4D, 0xC6, 0x86, 0x47, 0xDB, 0x47, 0xCB, 0x63, 0x0C, 0x66, 0x3E, 0x38, 0x23, 0xD5, 0x52, 0x9D,
    0xC5, 0x1E, 0x54, 0xE3, 0x21, 0x4F, 0x70, 0x75, 0x0E, 0xC9, 0x3C, 0x64, 0x62, 0xCA, 0x9A, 0xFF,
    0xBF, 0xD3, 0xEB, 0xF4, 0xA0, 0xE7, 0x2D, 0x31, 0xA7, 0x87, 0x50, 0xCB, 0x6A, 0x0E, 0x05, 0xAC,
    0xDF, 0x7A, 0xBD, 0xD7, 0xE1, 0x5B, 0x87, 0x1F, 0x79, 0xA8, 0xD1, 0x8F, 0x91, 0xBA, 0x84, 0x2A,
    0x4B, 0x96, 0xDC, 0x4E, 0xBB, 0x26, 0xB6, 0x4C, 0x7A, 0x18, 0x6D, 0xC6, 0x51, 0x0F, 0x05, 0xF3,
    0xFB, 0xFD, 0x70, 0xA6, 0xC6, 0x7E, 0x04, 0xE1, 0x65, 0x7D, 0x8E, 0xE0, 0xF3, 0x3B, 0xA3, 0xDE,
    0x5C, 0xB8, 0x1E, 0x8E, 0xA8, 0xAE, 0xFB, 0x7A, 0x57, 0x3B, 0x88, 0xAC, 0x64, 0xFF, 0x10, 0x59,
    0x76, 0x54, 0xE6, 0x16, 0xFD, 0x75, 0xDD, 0x59, 0x3A, 0x62, 0x03, 0x8F, 0xE7, 0xD9, 0xE4, 0xE4,
    0x67, 0xFC, 0x8C, 0x47, 0x21, 0x23, 0x7A, 0xC8, 0xD3, 0x6F, 0x7A, 0x51, 0x76, 0x2C, 0x79, 0x69,
    0x38, 0x9B, 0x6F, 0xF7, 0xFB, 0x91, 0xE1, 0xCD, 0x06, 0x9A, 0x5D, 0x29, 0x7A, 0xB5, 0xDD, 0x60,
    0xD5, 0x5E, 0xC2, 0xD7, 0x47, 0x11, 0xB6, 0x4E, 0x1B, 0xB9, 0xB7, 0x53, 0xF7, 0xF7, 0xCE, 0x1C,
    0xB9, 0xF6, 0x15, 0x29, 0x8B, 0xFF, 0x00, 0xC5, 0x59, 0x3D, 0x8C, 0xDC, 0xC6, 0x15, 0x7E, 0x24,
    0x6D, 0x11, 0x31, 0x01, 0x4D, 0x02, 0x58, 0x76, 0x10, 0xC1, 0xA6, 0x8B, 0x14, 0xF9, 0x01, 0x8E,
    0x8D, 0x8B, 0x04, 0xD0, 0x71, 0x68, 0xBB, 0x70, 0x19, 0x15, 0x59, 0xBB, 0xB8, 0xE2, 0x5C, 0xA4,
    0x0B, 0x90, 0x6B, 0x52, 0xA4, 0xB8, 0xDD, 0xE5, 0x59, 0x85, 0x4B, 0xA7, 0xB1, 0x9A, 0x14, 0x71,
    0xE1, 0x26, 0x09, 0x10, 0xA7, 0x70, 0x71, 0xC5, 0xDE, 0x92, 0x96, 0x0A, 0x17, 0x69, 0x08, 0x03,
    0x4A, 0x0A, 0x17, 0x66, 0xA1, 0x4B, 0x91, 0x14, 0x62, 0x00, 0x0A, 0xE1, 0x4A, 0xDC, 0x9D, 0x7C,
    0xDF, 0x0C, 0xF7, 0x7E, 0x24, 0xD9, 0x4E, 0x70, 0xE7, 0x33, 0xEF, 0x66, 0x96, 0xCB, 0x9D, 0x79,
    0xF3, 0xDE, 0x9B, 0xF7, 0xBE, 0xF7, 0xDE, 0x50, 0xDA, 0xA0, 0x0F, 0x7A, 0x69, 0x05, 0x97, 0x5F,
    0x06, 0xF8, 0x8B, 0x72, 0x95, 0xAB, 0x2C, 0x96, 0x44, 0xB4, 0xA4, 0x32, 0x91, 0x03, 0xE9, 0xF1,
    0x27, 0xF2, 0x12, 0xDA, 0x5F, 0xD0, 0x1A, 0x91, 0x64, 0x25, 0x62, 0x4C, 0x19, 0x3C, 0xB8, 0x57,
    0xAB, 0x5B, 0xB7, 0xAB, 0xF8, 0x46, 0x29, 0x3A, 0xC8, 0xD1, 0x32, 0x49, 0x23, 0x91, 0x09, 0x9B,
    0x12, 0xD1, 0x97, 0xD1, 0x5E, 0x50, 0x59, 0xB2, 0x2C, 0x44, 0x99, 0xA5, 0x78, 0xA6, 0x16, 0xF9,
    0x09, 0x48, 0xFC, 0x1A, 0xED, 0x2D, 0x34, 0xCF, 0x60, 0x5D, 0x65, 0x0C, 0x86, 0x1D, 0x4E, 0x4B,
    0x99, 0x8A, 0x2A, 0xB1, 0x1C, 0xAE, 0x19, 0x3B, 0x7B, 0x97, 0xA2, 0x45, 0x06, 0x13, 0x15, 0x3B,
    0x30, 0x85, 0x2B, 0xC9, 0x64, 0xB8, 0xD3, 0xEC, 0xC6, 0xEC, 0x3A, 0xB4, 0x00, 0x03, 0x24, 0x36,
    0x87, 0x1F, 0xC9, 0xD4, 0x98, 0x4E, 0x7E, 0xEA, 0x73, 0x86, 0xC8, 0xB7, 0xAF, 0x25, 0xDD, 0x6F,
    0x30, 0xBD, 0x09, 0x17, 0x3B, 0xA5, 0x2A, 0xC3, 0x5A, 0x65, 0x7E, 0x83, 0xE9, 0x6C, 0x6D, 0x8C,
    0x4F, 0x7E, 0xE7, 0x73, 0xFB, 0x3B, 0xC6, 0x71, 0x3C, 0xE7, 0xC5, 0xB9, 0x84, 0xF8, 0x41, 0x54,
    0x15, 0x41, 0xC0, 0x3C, 0xAC, 0xA5, 0x90, 0xA0, 0xF1, 0x7A, 0x74, 0x41, 0x2B, 0x5E, 0xAB, 0x40,
    0xBE, 0x4F, 0x4A, 0x74, 0x53, 0xB2, 0xBB, 0x24, 0x43, 0xE4, 0x43, 0x53, 0x45, 0xD0, 0x8F, 0xFC,
    0xA8, 0xF8, 0x67, 0x36, 0x30, 0xC9, 0xAE, 0xA0, 0xA4, 0xB6, 0x93, 0x39, 0x9F, 0x51, 0xAB, 0xBB,
    0xEB, 0x4B, 0xDC, 0x75, 0xE2, 0xBB, 0x5A, 0xDA, 0x39, 0xA5, 0x78, 0xAB, 0xED, 0x1A, 0x6B, 0xFA,
    0x19, 0x3A, 0x8A, 0xC9, 0xCD, 0xF2, 0x56, 0xDC, 0x30, 0x93, 0x63, 0xA5, 0x7B, 0x78, 0xB8, 0xC4,
    0x1E, 0xFA, 0x8D, 0x18, 0x8E, 0xD0, 0xEC, 0x12, 0x09, 0x3A, 0x74, 0x9E, 0xC1, 0x0E, 0xCA, 0xF4,
    0x56, 0x4F, 0xC5, 0x80, 0xDD, 0x80, 0xD3, 0xC4, 0x1C, 0xE9, 0x4E, 0x53, 0xC3, 0xD0, 0xB1, 0xBE,
    0xD9, 0x73, 0x27, 0xDA, 0x81, 0x66, 0xEA, 0xD7, 0x3A, 0x68, 0xD0, 0xCB, 0x25, 0xAB, 0xC3, 0x29,
    0x76, 0x0F, 0xB4, 0xDE, 0x2B, 0xA8, 0x11, 0x89, 0xB0, 0x1B, 0xB9, 0x78, 0x1D, 0x86, 0x99, 0x7C,
    0x57, 0x76, 0x95, 0x69, 0x36, 0x64, 0x3F, 0xDE, 0x6B, 0x95, 0x34, 0x20, 0x88, 0x3E, 0xB5, 0xFD,
    0x26, 0xB6, 0x2E, 0x1B, 0xEE, 0xED, 0x73, 0x37, 0xC6, 0x8D, 0xC7, 0xDC, 0x72, 0x77, 0xA0, 0xE3,
    0x68, 0x7A, 0x66, 0x04, 0xFA, 0x58, 0x8B, 0x3C, 0xBA, 0x75, 0x25, 0xEA, 0x93, 0x9D, 0xA7, 0x94,
    0xF7, 0x61, 0x62, 0x0E, 0x36, 0xDA, 0x74, 0xB5, 0xD4, 0x07, 0xB0, 0xB2, 0x46, 0x96, 0xAA, 0xF2,
    0xBB, 0x24, 0x0F, 0x1B, 0x9A, 0x4C, 0x8F, 0x47, 0xAD, 0x1C, 0x80, 0xC2, 0x04, 0x16, 0xC0, 0x9F,
    0xE3, 0x57, 0x3A, 0xFB, 0x3C, 0xAA, 0xC6, 0xD0, 0x85, 0x96, 0x2B, 0xA3, 0xD1, 0x75, 0x63, 0x4C,
    0xCF, 0x36, 0xE8, 0xFD, 0xC9, 0xED, 0x8B, 0xA4, 0xDD, 0xBB, 0x4E, 0x69, 0x95, 0xA9, 0x9C, 0xB4,
    0xA9, 0xEC, 0xAB, 0xBD, 0x0E, 0x52, 0xA9, 0xDC, 0xF6, 0x37, 0x29, 0x39, 0x9E, 0x43, 0x5A, 0x65,
    0x72, 0xDE, 0xBF, 0x5B, 0x42, 0x5A, 0xF5, 0x4E, 0x4D, 0x69, 0xF7, 0x5A, 0x48, 0x1B, 0x65, 0xFB,
    0x5F, 0x25, 0xED, 0x95, 0x11, 0xBE, 0x95, 0x05, 0xF5, 0x2F, 0x51, 0x27, 0xDA, 0xC8, 0x38, 0xCE,
    0xF6, 0xA3, 0x1C, 0xFF, 0xE9, 0x0E, 0x7D, 0x0E, 0x0F, 0x25, 0x2C, 0x4F, 0xB5, 0x2B, 0x5B, 0x77,
    0xAE, 0x6B, 0x48, 0xC5, 0xF6, 0xE8, 0x6F, 0xBC, 0x28, 0xF9, 0xD1, 0xEF, 0x45, 0x1E, 0x3C, 0x6C,
    0xC2, 0xBC, 0xA1, 0x0F, 0x7B, 0x8D, 0x04, 0xA5, 0xC4, 0x19, 0x5C, 0x0D, 0x76, 0xAD, 0x4D, 0x89,
    0x7F, 0xDF, 0x88, 0xBA, 0x57, 0x5E, 0xC6, 0x73, 0xFC, 0x17, 0x19, 0x6C, 0x87, 0x1C, 0x87, 0xE5,
    0x6E, 0x94, 0xEB, 0x82, 0xAB, 0xFB, 0x75, 0x54, 0xC7, 0xF9, 0x98, 0x9A, 0xD2, 0xF0, 0x38, 0xED,
    0xB5, 0xD8, 0xC6, 0x46, 0xC6, 0x50, 0xF9, 0x0C, 0xAA, 0xEF, 0xD1, 0x3A, 0x2C, 0xDC, 0x45, 0x25,
    0x9C, 0xA3, 0x0C, 0xE8, 0x54, 0x68, 0xAA, 0x8E, 0x0F, 0x8B, 0x36, 0x31, 0xFF, 0x59, 0x6A, 0xB3,
    0xD7, 0xD3, 0xA1, 0x37, 0x69, 0xE8, 0x83, 0x9B, 0x53, 0xF1, 0xB0, 0xF2, 0x2E, 0x30, 0xA6, 0x55,
    0x66, 0xBB, 0xD2, 0x2B, 0x55, 0x4E, 0x97, 0x2A, 0x37, 0xBD, 0xCA, 0x4C, 0x1F, 0x8B, 0xE9, 0x13,
    0x29, 0x3A, 0x2D, 0xBA, 0x4D, 0x25, 0x6E, 0xB8, 0x9F, 0x33, 0xD7, 0xEA, 0x4E, 0x82, 0xAA, 0x93,
    0xE8, 0xE3, 0x56, 0xA2, 0x5B, 0x8D, 0xA8, 0xDB, 0x68, 0x37, 0x6A, 0x89, 0x5F, 0xAB, 0x24, 0x01,
    0x13, 0x09, 0x7C, 0x36, 0x55, 0x6C, 0x39, 0xF6, 0x00, 0xC0, 0x24, 0xD3, 0x6C, 0x9A, 0x71, 0x75,
    0x3F, 0x8F, 0x04, 0xAE, 0xDB, 0x7C, 0xA7, 0x99, 0x96, 0x7E, 0x75, 0xB5, 0x2C, 0xCA, 0xAB, 0x04,
    0xBD, 0x4C, 0xC1, 0x42, 0x5F, 0x94, 0x0D, 0xB9, 0x26, 0xDE, 0x07, 0xA2, 0x56, 0x92, 0xC6, 0xD9,
    0xB5, 0x28, 0x9F, 0xD9, 0x0D, 0xD8, 0x55, 0xA2, 0xE7, 0xA2, 0x5A, 0x2C, 0x9B, 0x8A, 0x45, 0x8F,
    0x0E, 0x74, 0x7B, 0xAC, 0xB1, 0xB6, 0x39, 0xDA, 0xE0, 0x3C, 0xAA, 0xBD, 0x3E, 0x2E, 0x69, 0x72,
    0xAA, 0x5A, 0x4A, 0xF2, 0x76, 0x27, 0x53, 0xEC, 0x36, 0xB0, 0xEE, 0x52, 0x0E, 0x3D, 0xA9, 0x3C,
    0xA1, 0x77, 0xE2, 0x6E, 0x06, 0x55, 0x7A, 0xE4, 0x3F, 0xE0, 0x36, 0x80, 0x4A, 0x58, 0x62, 0x2B,
    0xA0, 0x66, 0x68, 0x3C, 0x9B, 0x49, 0xAF, 0xBC, 0xD6, 0xEF, 0x9F, 0x09, 0x1A, 0xE8, 0x3C, 0x2A,
    0x37, 0x5A, 0xEC, 0xD3, 0x7E, 0x23, 0xA9, 0x57, 0x37, 0xD2, 0x87, 0x7F, 0x6B, 0xA1, 0x5C, 0xB3,
    0x0A, 0xEA, 0xD8, 0x2C, 0x21, 0x5F, 0x50, 0x01, 0x0E, 0x83, 0xF2, 0x87, 0x94, 0x4B, 0xB8, 0x86,
    0xCF, 0x35, 0xB0, 0xD0, 0x18, 0x6B, 0x60, 0x93, 0xFC, 0x61, 0x8D, 0x0A, 0x9D, 0xDD, 0x4D, 0xAC,
    0x01, 0xA9, 0xB8, 0x50, 0x97, 0xB4, 0x2A, 0x68, 0x56, 0xB3, 0x67, 0xA2, 0x12, 0x26, 0x0D, 0xB4,
    0xDB, 0x24, 0x1E, 0x5C, 0xE3, 0xB6, 0x34, 0xD8, 0xDA, 0x10, 0x82, 0x40, 0x1D, 0xD8, 0xCC, 0xFB,
    0xD7, 0xE3, 0x2C, 0x32, 0xD8, 0x00, 0xD8, 0xB8, 0xBF, 0x22, 0x64, 0xA8, 0xDF, 0xE5, 0x18, 0xF6,
    0x42, 0x80, 0x8D, 0x06, 0xA8, 0x70, 0xA0, 0x6C, 0x53, 0x0E, 0xD8, 0x0C, 0x04, 0x81, 0x21, 0x11,
    0x5D, 0x62, 0x2E, 0x23, 0xD1, 0x1E, 0x86, 0xCC, 0xD4, 0x6B, 0x4D, 0x50, 0x69, 0x13, 0x95, 0x00,
    0xD3, 0x2E, 0xCE, 0x74, 0x49, 0x2A, 0x0F, 0x89, 0x9D, 0xC1, 0x67, 0x39, 0xB1, 0xF4, 0x67, 0x19,
    0x75, 0xBB, 0x7D, 0x1D, 0x8E, 0x5B, 0x18, 0xB8, 0x70, 0x06, 0x20, 0x26, 0x32, 0x6D, 0x58, 0x13,
    0xC1, 0xCD, 0xFB, 0x22, 0x3F, 0x18, 0x02, 0xC2, 0x34, 0x73, 0x2D, 0x95, 0xE3, 0xAB, 0x77, 0x41,
    0xC0, 0xC7, 0x62, 0x54, 0x39, 0x60, 0xD9, 0xA7, 0xFD, 0xE2, 0xAB, 0xCE, 0xDD, 0xC8, 0x03, 0x48,
    0x34, 0x01, 0x79, 0xBD, 0x57, 0x64, 0xD0, 0x9D, 0xB8, 0xF0, 0x10, 0x5A, 0x77, 0xA3, 0xB7, 0x58,
    0x70, 0x75, 0x91, 0xF0, 0xE8, 0xF2, 0x88, 0xC1, 0x16, 0x34, 0x23, 0x82, 0xA6, 0x62, 0xA7, 0x29,
    0xDB, 0x84, 0xF1, 0xA7, 0x87, 0xAC, 0x5E, 0x07, 0xC5, 0xD1, 0xD4, 0x81, 0x36, 0x8C, 0x15, 0x88,
    0x30, 0xA2, 0x33, 0xC5, 0x68, 0x06, 0x9D, 0x03, 0x71, 0x6A, 0x8F, 0x5D, 0xF0, 0xE0, 0x8F, 0x7F,
    0x6A, 0xA2, 0xDA, 0x8D, 0x84, 0x81, 0x60, 0x4E, 0x8B, 0xA8, 0xE1, 0x33, 0x5E, 0xF8, 0x15, 0xE9,
    0xB3, 0x4B, 0xF2, 0x75, 0xDC, 0xBB, 0x58, 0x0E, 0xAC, 0x22, 0x09, 0x3C, 0xE1, 0xBF, 0xC0, 0x46,
    0xF2, 0x76, 0x73, 0xE1, 0x1C, 0x58, 0xB0, 0x5F, 0xEC, 0x32, 0x70, 0x62, 0x27, 0x37, 0xAF, 0x5E,
    0x38, 0x07, 0x31, 0x10, 0x51, 0xF4, 0xAB, 0xEB, 0xBB, 0x47, 0xAE, 0x0B, 0xD3, 0x81, 0x8D, 0xEB,
    0x81, 0xDD, 0x8A, 0x4F, 0x08, 0xE3, 0xAF, 0xA1, 0x0B, 0x78, 0xE7, 0x9B, 0xEC, 0x71, 0x0E, 0x98,
    0x77, 0x4C, 0x2D, 0x07, 0x00, 0x01, 0xFF, 0x98, 0x83, 0xFA, 0xC9, 0x1C, 0xF8, 0x5F, 0xC9, 0x01,
    0xD2, 0x1F, 0x9B, 0x1C, 0x30, 0x7F, 0x71, 0x37, 0xC5, 0x9D, 0xD1, 0xCF, 0x6D, 0x72, 0x68, 0x5C,
    0x44, 0x91, 0x70, 0x7D, 0x13, 0x7F, 0x9E, 0xBB, 0x9B, 0xA9, 0x4D, 0xC8, 0xC8, 0x85, 0x76, 0x9F,
    0xA0, 0xEA, 0x26, 0xC1, 0xD9, 0x6C, 0x7C, 0x03, 0x1C, 0x14, 0x0C, 0xAA, 0x48, 0x54, 0x06, 0xF3,
    0x06, 0x5A, 0xF6, 0x6E, 0xD3, 0x5D, 0x4C, 0xB6, 0x2B, 0xBA, 0x9B, 0xF9, 0xE8, 0x0D, 0xCB, 0x0B,
    0x01, 0xD2, 0x7A, 0x23, 0xFC, 0x39, 0xB8, 0x3F, 0x1A, 0x61, 0x45, 0x30, 0x0C, 0xBE, 0x32, 0x88,
    0x05, 0x36, 0x2C, 0x83, 0x5E, 0xD1, 0x59, 0xAE, 0x33, 0x99, 0x1E, 0x16, 0x15, 0xB6, 0x29, 0x6A,
    0x88, 0x77, 0xB5, 0xAA, 0x2C, 0x00, 0x9D, 0xC8, 0x73, 0x84, 0x99, 0xD0, 0xD0, 0x59, 0x1E, 0xE6,
    0x47, 0x5F, 0xDD, 0x90, 0x0C, 0xF9, 0x52, 0x52, 0x21, 0xC7, 0x53, 0x8B, 0xAD, 0x9E, 0x0B, 0x01,
    0x1E, 0x76, 0xC8, 0xFD, 0x65, 0xCB, 0x1E, 0x09, 0x5A, 0xCB, 0x78, 0xB5, 0x1E, 0x9C, 0x45, 0xE4,
    0xA3, 0xA3, 0x64, 0xD5, 0x7A, 0x90, 0x3A, 0x65, 0x33, 0x05, 0x11, 0x8C, 0x1A, 0x97, 0xE5, 0x68,
    0x94, 0xD9, 0x0C, 0xD5, 0xB9, 0x7B, 0xBB, 0x06, 0x1B, 0xDB, 0x85, 0xF7, 0xF1, 0x63, 0xC4, 0x74,
    0x51, 0xD9, 0xAE, 0xB4, 0x7A, 0x5B, 0x73, 0x9F, 0x9C, 0x16, 0x41, 0x23, 0x9E, 0x33, 0xBB, 0x6D,
    0x1C, 0x75, 0x21, 0x5C, 0x0F, 0xE0, 0x67, 0x75, 0xA5, 0xCA, 0x0B, 0xE7, 0x20, 0xB4, 0x59, 0x37,
    0x29, 0xCE, 0x67, 0x24, 0xAD, 0x2F, 0x9A, 0x03, 0x1B, 0x8E, 0x61, 0x72, 0xF0, 0x80, 0x3A, 0x79,
    0xCC, 0x73, 0x2F, 0x82, 0x83, 0x17, 0x39, 0x2E, 0x73, 0x61, 0xC4, 0x16, 0x21, 0xC3, 0x45, 0xB3,
    0xA4, 0x95, 0x6E, 0xDF, 0x71, 0xC4, 0x6C, 0xCB, 0x1D, 0xB9, 0x64, 0xA8, 0x0C, 0xF4, 0x60, 0x84,
    0xF3, 0x13, 0xF9, 0x50, 0x6F, 0x8D, 0xDF, 0xB2, 0xF8, 0xFC, 0x7D, 0x57, 0x03, 0x18, 0x97, 0x16,
    0x66, 0x6E, 0x32, 0x06, 0x7B, 0xED, 0xD7, 0xB8, 0x4E, 0xEF, 0xA0, 0x86, 0x1E, 0x3E, 0xB1, 0x81,
    0xE9, 0xEB, 0x59, 0x67, 0x17, 0x79, 0xE6, 0x12, 0x50, 0xC4, 0xCF, 0x93, 0xD7, 0x79, 0xAF, 0x93,
    0x98, 0x05, 0x26, 0x70, 0x5F, 0xF5, 0xE8, 0x43, 0x5B, 0x20, 0xF5, 0x9C, 0x6B, 0xB1, 0x68, 0xCE,
    0x59, 0x13, 0x76, 0xFA, 0xE9, 0xE5, 0x75, 0x80, 0x3A, 0x2A, 0xC7, 0xC9, 0x14, 0x95, 0xD0, 0x9C,
    0x76, 0x71, 0xC0, 0xAE, 0x07, 0x00, 0x79, 0x9D, 0x85, 0x4C, 0x28, 0x43, 0x11, 0x5C, 0xA7, 0xB9,
    0xBA, 0xF3, 0xCB, 0x15, 0x6A, 0x2A, 0x6C, 0x7F, 0x62, 0x1E, 0x1C, 0xB3, 0x1E, 0x2F, 0xF6, 0xC9,
    0x9C, 0xA1, 0x89, 0x75, 0x49, 0xFD, 0x88, 0x2D, 0x96, 0x64, 0x9F, 0x6C, 0x40, 0xC6, 0xCA, 0xF6,
    0x0D, 0xD6, 0xF6, 0x1F, 0x36, 0x60, 0xC3, 0xBF, 0xDF, 0x0A, 0x53, 0xDB, 0x4E, 0x58, 0x60, 0xB2,
    0xE6, 0x0E, 0xEB, 0x03, 0x88, 0x13, 0xD5, 0x29, 0x04, 0x02, 0x92, 0x82, 0x15, 0x55, 0x26, 0xB6,
    0x57, 0x37, 0x90, 0x21, 0xE5, 0xEA, 0x93, 0x1A, 0xF4, 0xA2, 0xBF, 0x92, 0x52, 0x78, 0x8F, 0x54,
    0x03, 0x4B, 0x9B, 0x50, 0x3D, 0x41, 0x2A, 0x96, 0x53, 0x3E, 0x86, 0x0D, 0x79, 0x56, 0x86, 0xAC,
    0xDB, 0x95, 0xCD, 0xD4, 0x25, 0xD3, 0xC5, 0x93, 0x01, 0x8E, 0x38, 0x1A, 0x3B, 0x1C, 0x9D, 0x56,
    0xFE, 0x12, 0xA0, 0x0B, 0xA9, 0xFD, 0x8E, 0x38, 0xDA, 0xD3, 0x07, 0x2C, 0xB6, 0xBB, 0x6E, 0xF2,
    0x58, 0xE7, 0x77, 0x13, 0xEB, 0x82, 0xB0, 0xD0, 0x1A, 0x7E, 0x18, 0x97, 0x40, 0x6A, 0x54, 0x0C,
    0xC4, 0x51, 0xDF, 0xD5, 0xED, 0x36, 0x0A, 0xC8, 0xB7, 0x8E, 0x58, 0x98, 0xAF, 0x5D, 0xF0, 0x1B,
    0x60, 0xC3, 0xAE, 0x6B, 0xAB, 0x6B, 0x1B, 0xBD, 0x3F, 0x78, 0x26, 0xBB, 0x68, 0x0E, 0xF4, 0x3F,
    0x6A, 0x5A, 0x79, 0x8D, 0x4D, 0x2F, 0xF2, 0xC7, 0x72, 0x8D, 0x8B, 0xE0, 0xA0, 0x65, 0x2D, 0xDA,
    0xD3, 0xB1, 0x5A, 0xF5, 0x4D, 0x70, 0xF0, 0xAC, 0x3C, 0x8D, 0x0A, 0x25, 0x46, 0x6E, 0x32, 0x95,
    0xF8, 0x63, 0xD8, 0x3A, 0x7C, 0xC0, 0x83, 0x4F, 0xA0, 0xEE, 0xC4, 0x67, 0x69, 0xBF, 0xC7, 0x9F,
    0xF6, 0x48, 0xF3, 0x0B, 0x8C, 0x4B, 0xB2, 0xEF, 0x5B, 0xDB, 0xD9, 0x59, 0x79, 0x25, 0x23, 0xFF,
    0x67, 0x70, 0xA4, 0x05, 0x63, 0x73, 0x91, 0xF9, 0xBD, 0xF0, 0x44, 0x66, 0xC5, 0xF8, 0xA7, 0x0A,
    0x46, 0xA3, 0x54, 0x13, 0x30, 0x5A, 0xF6, 0x28, 0x39, 0xE8, 0x27, 0x19, 0x7B, 0x16, 0x37, 0xC9,
    0x2B, 0xB6, 0x38, 0x7A, 0x9D, 0xC7, 0x4C, 0xF1, 0xEF, 0x09, 0x18, 0xAA, 0x67, 0x38, 0x50, 0x8D,
    0xAD, 0xCA, 0x1B, 0x96, 0x0D, 0xC9, 0xEA, 0x0D, 0x40, 0xCF, 0x3E, 0x4F, 0x90, 0xE4, 0xAD, 0xAB,
    0x2E, 0xCE, 0xBF, 0xB4, 0x0E, 0xB2, 0xEE, 0xB0, 0xC9, 0x5A, 0xF0, 0xA5, 0x93, 0x1A, 0xA3, 0x49,
    0x39, 0xAC, 0x58, 0x77, 0x16, 0x30, 0xFC, 0x96, 0x75, 0x97, 0x4B, 0xB4, 0x6C, 0xC7, 0x23, 0xA5,
    0x1A, 0x30, 0x16, 0x55, 0xDA, 0x66, 0x47, 0x43, 0x17, 0xB3, 0xF2, 0x4B, 0xC0, 0x26, 0xB8, 0xD3,
    0x74, 0x0E, 0x9D, 0x43, 0xAE, 0xE4, 0x41, 0xD1, 0xBA, 0x70, 0xE4, 0x11, 0xC0, 0x70, 0x7D, 0x77,
    0xCD, 0x82, 0xD7, 0xAF, 0x23, 0xEF, 0x29, 0xE3, 0xBD, 0x18, 0x36, 0xEC, 0xBA, 0x49, 0xB7, 0xDE,
    0xEE, 0xF7, 0xBF, 0x77, 0xD1, 0x1C, 0xF8, 0x4D, 0xBC, 0x8E, 0xF8, 0xBC, 0x3B, 0x7D, 0x5D, 0x90,
    0x0E, 0x68, 0x17, 0x31, 0xC3, 0x16, 0x73, 0x70, 0xEF, 0x54, 0xD5, 0x38, 0xE1, 0x2F, 0x24, 0x90,
    0xC1, 0x50, 0x10, 0x24, 0x48, 0x80, 0x47, 0x21, 0x04, 0xEE, 0x4A, 0xC2, 0x8A, 0x29, 0x77, 0x53,
    0x40, 0x82, 0x7F, 0x33, 0x60, 0x3D, 0x64, 0xFA, 0x41, 0xCB, 0x77, 0x39, 0x65, 0x71, 0x94, 0x9F,
    0xF6, 0xA7, 0x3A, 0xEF, 0x74, 0xD2, 0xE2, 0xB2, 0xCE, 0x7E, 0x7D, 0xF4, 0x69, 0x19, 0xF0, 0x1F,
    0xFC, 0x21, 0x63, 0xDE, 0xDA, 0xD9, 0x2C, 0x99, 0x99, 0x48, 0x91, 0x85, 0x08, 0x0E, 0x59, 0xC4,
    0xB8, 0xC3, 0x6A, 0x80, 0x8E, 0x81, 0xFC, 0xF6, 0x3D, 0xB8, 0x22, 0xDC, 0xBB, 0x45, 0xE8, 0x5A,
    0x65, 0x2E, 0xA5, 0x49, 0x8F, 0xBA, 0xF1, 0x11, 0x75, 0xB8, 0x6B, 0x4B, 0x1C, 0x80, 0x9F, 0xE9,
    0x3B, 0xF0, 0xCB, 0x25, 0x93, 0xA1, 0xCE, 0x1D, 0x31, 0xA8, 0xDC, 0x9D, 0x34, 0xD6, 0xCF, 0x2D,
    0x25, 0xA8, 0xA6, 0x35, 0x72, 0x1F, 0x68, 0x28, 0x2A, 0x01, 0x16, 0xB6, 0xE2, 0x00, 0xA8, 0x68,
    0xE6, 0x44, 0x9A, 0xCE, 0x62, 0x35, 0x39, 0x65, 0xB7, 0x94, 0xD4, 0xDB, 0xEA, 0x64, 0x1C, 0x00,
    0x07, 0x66, 0xB6, 0x9A, 0xF1, 0x87, 0x78, 0x04, 0x46, 0x79, 0x32, 0xE2, 0x0E, 0x86, 0x87, 0x2B,
    0x59, 0x12, 0x25, 0xF3, 0x60, 0xB1, 0x53, 0x86, 0x15, 0xAC, 0x2E, 0x63, 0x72, 0x85, 0x81, 0x3F,
    0x36, 0x25, 0x40, 0xA0, 0x4C, 0xEE, 0xAA, 0x72, 0x8E, 0xC9, 0xD8, 0x9E, 0x9C, 0x48, 0x61, 0xDE,
    0x34, 0x88, 0xBC, 0x1F, 0x02, 0xDA, 0xE9, 0xA0, 0xDE, 0x40, 0x94, 0x9B, 0x44, 0x68, 0xFA, 0xE0,
    0x9C, 0xE8, 0x4E, 0x5C, 0x7D, 0x16, 0xDF, 0xA8, 0xCF, 0x85, 0x1E, 0x8B, 0x5E, 0x8D, 0xCA, 0x67,
    0xBC, 0x73, 0x3E, 0xF4, 0x36, 0x7C, 0x77, 0x16, 0xB5, 0xE1, 0x9F, 0xAE, 0x62, 0xCF, 0x24, 0x73,
    0xE1, 0xEA, 0xBF, 0xE0, 0xEF, 0x68, 0xB7, 0x2B, 0x9B, 0x66, 0xB8, 0xC4, 0xE2, 0xEC, 0xB4, 0x93,
    0xA5, 0x4F, 0xE3, 0x37, 0xE6, 0x5D, 0x28, 0x21, 0x58, 0x6C, 0x9B, 0x9B, 0x2B, 0x4C, 0x0D, 0x7A,
    0x6B, 0x96, 0x3C, 0xCB, 0xC5, 0x32, 0xE1, 0xE1, 0x68, 0x3B, 0xF7, 0x90, 0x6B, 0x63, 0x91, 0x98,
    0xBD, 0xC9, 0xF4, 0x5D, 0x9B, 0x9D, 0xCF, 0x5D, 0x92, 0x8E, 0xD1, 0xEE, 0xA3, 0x68, 0xE4, 0xB7,
    0x52, 0x6C, 0x2D, 0x56, 0x5B, 0x2D, 0x96, 0xA8, 0x0B, 0x90, 0x8E, 0xE0, 0x81, 0x34, 0xB4, 0x78,
    0x78, 0x69, 0xB1, 0xDC, 0xAE, 0x55, 0x1D, 0xD4, 0x0C, 0x63, 0xEB, 0x3C, 0x32, 0x1D, 0x72, 0xC9,
    0x89, 0xAC, 0x9F, 0xA9, 0x2C, 0x39, 0x44, 0xCC, 0x5A, 0xBF, 0xB4, 0xC0, 0xBF, 0xCF, 0x7C, 0x01,
    0x60, 0xF3, 0xD4, 0x86, 0x3D, 0x9D, 0x75, 0x86, 0xBB, 0x4E, 0xF8, 0x6D, 0x5D, 0xF8, 0x8B, 0x63,
    0x65, 0x5F, 0xB5, 0x6B, 0x55, 0xC1, 0x6A, 0xAB, 0x51, 0x95, 0xD7, 0x41, 0x86, 0x1E, 0x35, 0x43,
    0xBF, 0x3E, 0x89, 0x1D, 0x0F, 0x6B, 0xDA, 0xB5, 0xB2, 0x4B, 0x12, 0x1F, 0x4E, 0xCB, 0x88, 0x6E,
    0x56, 0xDC, 0xE5, 0xEC, 0xDC, 0x11, 0xA5, 0x64, 0xFA, 0xC9, 0x74, 0x97, 0xDB, 0x0D, 0x4F, 0xC0,
    0x21, 0x03, 0x83, 0xF0, 0xFF, 0x48, 0x57, 0xBB, 0x4D, 0xE4, 0x41, 0xE9, 0x79, 0xF0, 0x19, 0x4B,
    0x63, 0xCF, 0x4B, 0xF8, 0x79, 0xF2, 0x3A, 0x03, 0xCD, 0x6B, 0x56, 0xF3, 0xEE, 0xE8, 0x5A, 0x37,
    0xD3, 0xFA, 0xF9, 0x3A, 0xAC, 0xA2, 0x12, 0xA8, 0x79, 0xE2, 0x85, 0xD4, 0xA6, 0xEC, 0x12, 0x9D,
    0x94, 0xA5, 0xD0, 0x1F, 0x97, 0x5B, 0xBA, 0x11, 0xA0, 0xD0, 0xF3, 0x35, 0xED, 0x2E, 0xB2, 0x05,
    0x1C, 0x50, 0x45, 0x65, 0xDC, 0xB2, 0x64, 0x78, 0xCF, 0xC1, 0x0C, 0x78, 0xD7, 0x61, 0xDB, 0x1C,
    0x59, 0x44, 0x9E, 0xBC, 0x3E, 0x4C, 0x46, 0x12, 0x10, 0x77, 0xF2, 0x74, 0x47, 0x18, 0x85, 0xDB,
    0xD8, 0x03, 0x04, 0xA0, 0x1A, 0x0F, 0xD1, 0x1F, 0x27, 0x75, 0xFC, 0x6E, 0x64, 0x7D, 0xFD, 0x5F,
    0xD3, 0x25, 0x5C, 0xBC, 0x0C, 0xC3, 0x6A, 0xC5, 0xDB, 0x69, 0x5C, 0xDD, 0xBC, 0x0F, 0x14, 0x7F,
    0x7F, 0x66, 0x91, 0xB7, 0xE8, 0x36, 0x01, 0xDD, 0x63, 0xD5, 0xC6, 0xCB, 0x24, 0x0F, 0x96, 0x48,
    0xE5, 0xFB, 0x4D, 0xB4, 0x5D, 0xD7, 0xDA, 0x54, 0xDC, 0xD1, 0xB2, 0x3A, 0x2C, 0xF2, 0xD0, 0xEA,
    0x8C, 0x7E, 0xB6, 0xF8, 0x95, 0xF0, 0x38, 0x33, 0xDD, 0x3A, 0x0A, 0x42, 0xC1, 0xA7, 0x70, 0xC6,
    0xCF, 0x4D, 0x13, 0x62, 0x0F, 0xA2, 0xD6, 0x6F, 0x55, 0xCD, 0xF3, 0x78, 0xAF, 0x21, 0x72, 0xC7,
    0x59, 0x80, 0x7A, 0x39, 0xA8, 0xB5, 0x6D, 0x61, 0x99, 0x82, 0xC7, 0x31, 0x98, 0x9C, 0x59, 0x07,
    0x05, 0x9B, 0x5F, 0x66, 0xD7, 0xC7, 0x3E, 0x84, 0xBD, 0x0D, 0x5A, 0x86, 0x03, 0x68, 0xD6, 0x36,
    0xA8, 0x17, 0x79, 0x9F, 0x37, 0xF0, 0x18, 0xD6, 0x8C, 0x35, 0xF1, 0x61, 0x91, 0x1D, 0xF9, 0xD0,
    0x97, 0xD9, 0xF5, 0x99, 0xE8, 0x3E, 0xC1, 0xAE, 0xCF, 0x42, 0x2F, 0x5C, 0x8C, 0xED, 0x21, 0x64,
    0xBA, 0xDD, 0x9E, 0x0B, 0xBD, 0x2F, 0xF2, 0x93, 0xB3, 0xD0, 0xE4, 0xFE, 0xF0, 0xED, 0xA3, 0x1A,
    0xEE, 0x4F, 0x9F, 0x77, 0xF4, 0x6C, 0x57, 0x46, 0xEE, 0x08, 0xEE, 0xC9, 0x63, 0x43, 0x73, 0x23,
    0x63, 0x45, 0x8C, 0x6A, 0xF4, 0x4D, 0x04, 0xF0, 0xD6, 0x63, 0xB5, 0x19, 0xAE, 0xB8, 0x4E, 0x8A,
    0x6E, 0x17, 0x2B, 0xEE, 0xF1, 0x9D, 0xC0, 0x3B, 0x39, 0x6C, 0xE3, 0xCF, 0xCC, 0x93, 0x3B, 0x24,
    0x20, 0xC0, 0x4D, 0x44, 0xFE, 0xC5, 0x4E, 0x25, 0x29, 0xA7, 0xBE, 0x3C, 0xED, 0x86, 0x9C, 0x34,
    0x1D, 0x92, 0x62, 0xD2, 0x3F, 0x51, 0xD0, 0xD9, 0x77, 0x40, 0x48, 0x14, 0x60, 0x73, 0x75, 0xC2,
    0xC4, 0x07, 0x03, 0x48, 0xDE, 0x2E, 0x01, 0x7B, 0x9B, 0x01, 0xDD, 0x09, 0xF4, 0x08, 0x0A, 0x68,
    0x2B, 0x99, 0x6F, 0xAD, 0xC0, 0x14, 0x52, 0xF3, 0xE5, 0xB5, 0xE1, 0x34, 0x4D, 0x0F, 0x87, 0x11,
    0xF5, 0xF9, 0xD0, 0xE4, 0xC9, 0x8F, 0x82, 0xDE, 0xE7, 0xC7, 0x35, 0xCF, 0x99, 0xE8, 0xED, 0x43,
    0x60, 0x16, 0x51, 0xFB, 0xA7, 0x37, 0xE1, 0x6C, 0x72, 0xD3, 0x4E, 0x98, 0xE3, 0xA9, 0xF2, 0xE4,
    0x1B, 0x0E, 0x3C, 0x99, 0x02, 0x5C, 0x7A, 0xBF, 0xF1, 0x3A, 0xAF, 0xC5, 0xB7, 0x16, 0x81, 0xB6,
    0xC3, 0x98, 0x6E, 0xB0, 0x9C, 0x19, 0xA2, 0xD7, 0x0C, 0xBA, 0x1A, 0xB7, 0xEE, 0x0D, 0xB4, 0x46,
    0x54, 0x65, 0x54, 0xD4, 0xC3, 0x81, 0x09, 0x90, 0xEF, 0x39, 0x88, 0x8F, 0x08, 0xE9, 0x12, 0xCD,
    0x75, 0xE0, 0x4B, 0x87, 0x9C, 0xCF, 0x1E, 0xA2, 0x14, 0x3C, 0x31, 0x69, 0xC5, 0xDC, 0xEC, 0x91,
    0xB3, 0xCE, 0x91, 0x6E, 0xBA, 0x57, 0x5B, 0x48, 0x22, 0x01, 0x66, 0x9A, 0xAF, 0xC1, 0x91, 0x45,
    0xCF, 0x61, 0x4A, 0xBD, 0x6A, 0x10, 0x7F, 0x0E, 0xE2, 0x26, 0xE1, 0xBB, 0x43, 0xC4, 0x58, 0xFD,
    0x28, 0x29, 0xAB, 0x88, 0x0C, 0x76, 0x5F, 0xF6, 0xF6, 0xF3, 0x6B, 0x92, 0xE3, 0xBF, 0xCD, 0x5A,
    0x3B, 0x93, 0xDC, 0xC6, 0x11, 0x1E, 0x00, 0x26, 0xE1, 0x12, 0xAA, 0x0C, 0x07, 0xA6, 0xE8, 0x22,
    0xAB, 0x84, 0x44, 0x89, 0xCA, 0x96, 0xF0, 0x07, 0xEE, 0x16, 0x28, 0x3B, 0x60, 0xE8, 0x0B, 0x74,
    0x66, 0xC0, 0xE0, 0x12, 0xE5, 0x97, 0x2A, 0xB8, 0x5B, 0x6C, 0x15, 0x43, 0x07, 0x62, 0x22, 0x39,
    0x34, 0x03, 0x05, 0x2A, 0x3A, 0x90, 0x43, 0x05, 0xBB, 0x07, 0x90, 0x0A, 0x14, 0x28, 0xD0, 0xFA,
    0x41, 0x25, 0x0E, 0x08, 0x97, 0x75, 0xB6, 0xCB, 0x0E, 0x08, 0x4A, 0xA0, 0x89, 0x93, 0xB0, 0x3B,
    0xFE, 0xBE, 0x9E, 0xC1, 0x3E, 0xEE, 0x21, 0x8A, 0xBA, 0xE5, 0xD2, 0x5B, 0x87, 0xDE, 0xC7, 0x01,
    0x3D, 0xDD, 0x3D, 0x3D, 0x5F, 0x3F, 0x66, 0x94, 0x72, 0xB6, 0xB7, 0x94, 0x0A, 0x75, 0x4D, 0x52,
    0xA9, 0xE3, 0x2F, 0x67, 0x02, 0xE2, 0x4D, 0x41, 0x02, 0xAD, 0x78, 0x0B, 0x48, 0x92, 0x80, 0xF4,
    0x63, 0x90, 0x36, 0x4A, 0x95, 0xD3, 0x44, 0x03, 0xE5, 0x55, 0x61, 0xA1, 0x82, 0x31, 0x48, 0x58,
    0x80, 0x24, 0x29, 0x48, 0x86, 0x1F, 0x94, 0xD6, 0xBA, 0x74, 0x48, 0xBC, 0xAF, 0xEF, 0xFC, 0xBE,
    0x0A, 0x4A, 0x73, 0xA7, 0x57, 0x25, 0x78, 0xA6, 0xCE, 0x94, 0x72, 0x1B, 0x19, 0x96, 0xD7, 0x85,
    0xED, 0x74, 0x36, 0x6C, 0x8C, 0x61, 0xB5, 0x1E, 0x78, 0x47, 0xBB, 0x85, 0x3F, 0xF6, 0x4B, 0x95,
    0x7A, 0xA5, 0x52, 0xFE, 0x58, 0xFD, 0x4C, 0x17, 0xBE, 0xD6, 0x45, 0xFC, 0x45, 0x58, 0x1C, 0xA8,
    0x70, 0xD0, 0xAA, 0x18, 0x57, 0x96, 0xEA, 0xEB, 0x5A, 0x25, 0xFA, 0x43, 0x15, 0x4E, 0x28, 0xD5,
    0x4B, 0xEA, 0x2D, 0x48, 0x7A, 0x17, 0x1A, 0xF9, 0x1A, 0x8F, 0x39, 0x3A, 0x5D, 0xB7, 0x46, 0xEF,
    0xD5, 0x60, 0x5E, 0x2A, 0x57, 0xAF, 0x48, 0xA3, 0x35, 0xC8, 0x2C, 0xC2, 0x28, 0x15, 0x51, 0xD6,
    0x64, 0x8B, 0x84, 0xCE, 0x10, 0x8D, 0x9F, 0x41, 0xF0, 0x14, 0x82, 0xAB, 0x25, 0xC1, 0x1D, 0xCC,
    0x81, 0x57, 0x40, 0xEA, 0xBF, 0xE0, 0x91, 0x16, 0xE3, 0xB4, 0x64, 0xFF, 0x43, 0x92, 0x3E, 0x09,
    0xBF, 0x7A, 0x1C, 0xE7, 0xE2, 0xF2, 0x14, 0xE5, 0x0D, 0x95, 0x84, 0xF5, 0xB2, 0xC3, 0x7C, 0x0C,
    0xE5, 0x83, 0x0A, 0x77, 0x79, 0x65, 0x28, 0x12, 0x0E, 0x28, 0x9C, 0xEA, 0x48, 0x7F, 0x46, 0x46,
    0x24, 0x07, 0xB3, 0xAF, 0xE6, 0x96, 0x54, 0xC5, 0x2A, 0x1E, 0xAB, 0x5C, 0x85, 0x47, 0x37, 0x5A,
    0xE5, 0x69, 0x3A, 0xC4, 0x2E, 0x0D, 0xA9, 0x5C, 0x0C, 0x19, 0x40, 0xB6, 0x78, 0x60, 0x1E, 0xBD,
    0x3D, 0x1F, 0x3F, 0x9A, 0x52, 0xE5, 0xC2, 0x9B, 0xEC, 0x94, 0x61, 0xE9, 0x95, 0x1C, 0x31, 0xB1,
    0x1C, 0x7B, 0x96, 0x7D, 0x5F, 0x75, 0xBF, 0x85, 0x69, 0x7C, 0x98, 0x63, 0x5E, 0x26, 0x70, 0xB4,
    0xB2, 0xD3, 0x27, 0xA6, 0x66, 0x13, 0xDC, 0xE4, 0xDC, 0xBE, 0xB2, 0x76, 0xCD, 0x46, 0x74, 0x7C,
    0xFC, 0xFB, 0xDA, 0x78, 0x35, 0x1A, 0xF9, 0x05, 0x1D, 0x6F, 0xF6, 0xE9, 0x18, 0x40, 0xAC, 0x43,
    0xA3, 0x8F, 0xAC, 0xAF, 0x7C, 0xB4, 0xA2, 0x39, 0x6A, 0x79, 0x7B, 0x8F, 0xE3, 0x47, 0xB5, 0x32,
    0x6E, 0xB0, 0x5E, 0x8D, 0xA2, 0x5F, 0x56, 0x2A, 0x78, 0x38, 0x50, 0x2E, 0x17, 0xF6, 0xD6, 0x0A,
    0x34, 0xBA, 0xFD, 0x12, 0xDC, 0xB9, 0x95, 0xFF, 0x53, 0xA3, 0x70, 0x49, 0xA3, 0x5C, 0x7F, 0x41,
    0xD6, 0x40, 0x8D, 0xC9, 0xAF, 0x75, 0xA1, 0x00, 0x50, 0x15, 0x56, 0xBC, 0x57, 0xB9, 0x35, 0x56,
    0x3E, 0x74, 0x73, 0x48, 0x54, 0x83, 0xC5, 0xAD, 0x1A, 0xCC, 0xB3, 0xD3, 0xE0, 0x71, 0xB7, 0x11,
    0x84, 0x10, 0x02, 0x51, 0x82, 0x32, 0x4E, 0xC1, 0x35, 0xA1, 0x52, 0x89, 0x72, 0xA6, 0x2A, 0xD9,
    0xFE, 0xB0, 0x51, 0x19, 0xE4, 0x05, 0xF7, 0x7F, 0xC9, 0x28, 0xE1, 0x4D, 0x0E, 0x1A, 0xFD, 0x8A,
    0x16, 0x8A, 0x43, 0xD1, 0xFF, 0x75, 0xD2, 0xDE, 0x06, 0xBE, 0xD7, 0xBD, 0x1F, 0x43, 0xD2, 0xC9,
    0x1E, 0xD6, 0xC7, 0xD1, 0xEE, 0x10, 0x37, 0x8F, 0x89, 0x07, 0xD1, 0xC0, 0x6B, 0xA8, 0x0D, 0x04,
    0x21, 0xAD, 0xA8, 0x29, 0x69, 0x5F, 0x56, 0x51, 0x4F, 0x11, 0x6A, 0x12, 0x71, 0xBD, 0x84, 0x50,
    0xA4, 0xA2, 0x43, 0x4D, 0x34, 0xE1, 0xA8, 0x00, 0xD7, 0xDF, 0x70, 0xBC, 0x44, 0x93, 0x03, 0x00,
    0x4A, 0xF5, 0xB7, 0xF3, 0x0A, 0xD3, 0xE0, 0xD7, 0x70, 0x15, 0xA7, 0xA5, 0xBF, 0x08, 0x19, 0x39,
    0xB8, 0x61, 0xF4, 0xF2, 0xD1, 0x96, 0x1A, 0xE5, 0x88, 0x32, 0xAD, 0x26, 0xF1, 0xC1, 0xBE, 0x15,
    0x55, 0x81, 0x8E, 0x06, 0x36, 0x49, 0xA2, 0x02, 0xAA, 0xE6, 0x69, 0xFC, 0xEE, 0x6E, 0x4B, 0x9E,
    0x25, 0xC8, 0x91, 0xD1, 0x6D, 0x60, 0x47, 0xCA, 0x18, 0x28, 0xCD, 0xEC, 0xF6, 0xA8, 0xD6, 0xA6,
    0xD1, 0x4A, 0x94, 0x12, 0x9D, 0x44, 0x25, 0xD1, 0x48, 0x14, 0x12, 0x7D, 0x44, 0x1D, 0xD1, 0x26,
    0x21, 0x1A, 0x8B, 0x2E, 0xA2, 0x8A, 0x68, 0x62, 0x15, 0xB9, 0xB4, 0xAD, 0x38, 0x49, 0x8C, 0x57,
    0xFA, 0xC4, 0x2A, 0xCB, 0x29, 0x35, 0x01, 0x5C, 0x4D, 0xB6, 0x11, 0x26, 0x09, 0xD7, 0x82, 0xD9,
    0x34, 0x9C, 0x41, 0x1C, 0x21, 0xFE, 0x63, 0xFC, 0x53, 0x98, 0x86, 0x42, 0x8A, 0xCE, 0x15, 0xC4,
    0x6D, 0xE3, 0x65, 0xDF, 0x4D, 0xB6, 0x11, 0xF9, 0x33, 0x32, 0x16, 0xEE, 0x92, 0x03, 0x98, 0x38,
    0xBC, 0x35, 0x1B, 0xF7, 0xAA, 0xF8, 0xE4, 0xD8, 0x9B, 0xDE, 0xA8, 0xC2, 0x31, 0x62, 0x4C, 0xAA,
    0x5A, 0x3C, 0xD6, 0xC2, 0x36, 0x72, 0xED, 0x5B, 0xDF, 0x14, 0x9F, 0x4C, 0x2F, 0x42, 0xA9, 0xAC,
    0x08, 0x34, 0x9E, 0xC9, 0xBF, 0xA0, 0x4F, 0x12, 0xD5, 0x1B, 0x46, 0xA8, 0x9C, 0x6E, 0x1E, 0xD7,
    0x6B, 0xD7, 0xE8, 0xF3, 0x06, 0x48, 0x58, 0x2D, 0x65, 0x00, 0xE7, 0xD2, 0x48, 0xF0, 0x4F, 0x70,
    0xE0, 0x14, 0x24, 0x5C, 0x87, 0x46, 0x6A, 0xD3, 0xA2, 0xCC, 0xA6, 0x5A, 0x89, 0x46, 0x6B, 0x91,
    0xF9, 0x0D, 0xFE, 0xCA, 0x0F, 0xEE, 0x63, 0x12, 0xF1, 0xEE, 0xE9, 0x4C, 0x70, 0x02, 0x1E, 0x04,
    0x77, 0x99, 0xC0, 0xB4, 0x60, 0x30, 0x13, 0xBC, 0x07, 0x3E, 0xFD, 0x05, 0xE1, 0xE3, 0x22, 0x2A,
    0x08, 0xCB, 0xAE, 0x6E, 0xCD, 0x98, 0xC0, 0x15, 0x35, 0xA4, 0xE1, 0x21, 0x49, 0x42, 0x69, 0xDE,
    0x27, 0x08, 0x0E, 0xCF, 0x04, 0xC1, 0x35, 0x38, 0xDC, 0x5D, 0xC0, 0xEA, 0x37, 0xF0, 0x0F, 0xEA,
    0xF8, 0x93, 0x15, 0x38, 0x1C, 0xB1, 0x4B, 0x05, 0x5C, 0x3D, 0x09, 0xF0, 0x57, 0x7D, 0x70, 0x71,
    0x70, 0x3C, 0x50, 0x45, 0x5D, 0xA0, 0x72, 0x9F, 0x12, 0xA8, 0x2E, 0xD0, 0x9A, 0xB1, 0xAE, 0x0E,
    0x00, 0x64, 0x20, 0xB8, 0x0F, 0x86, 0x0A, 0xC6, 0x09, 0xD5, 0x43, 0x1E, 0x18, 0x17, 0x71, 0x09,
    0x4B, 0x86, 0xD3, 0x1B, 0xC8, 0xF5, 0xB4, 0xFE, 0x0C, 0x4C, 0x8F, 0xC2, 0x8E, 0x0F, 0x80, 0x55,
    0xF9, 0x15, 0xCC, 0xEE, 0x74, 0x5A, 0x41, 0xA8, 0x10, 0xB7, 0xE8, 0x77, 0x30, 0x95, 0x37, 0x34,
    0xB2, 0x48, 0x47, 0x2B, 0xC4, 0x8F, 0x29, 0x6D, 0x35, 0x22, 0xD9, 0x23, 0x66, 0x0E, 0x2D, 0x91,
    0x98, 0x53, 0xC0, 0xD2, 0x41, 0x09, 0xE4, 0x05, 0x58, 0x72, 0x4D, 0xD2, 0x60, 0xC9, 0xDF, 0xCB,
    0x2E, 0xF3, 0x44, 0x10, 0x7E, 0x85, 0xB7, 0x27, 0x83, 0x9C, 0x58, 0x34, 0xA1, 0xA7, 0x94, 0x33,
    0x5D, 0x37, 0x3C, 0xDC, 0x93, 0xEC, 0x14, 0x54, 0x98, 0x4F, 0x34, 0x6A, 0xCD, 0x86, 0xF0, 0xC6,
    0x58, 0x72, 0xDE, 0x63, 0x66, 0x21, 0xE2, 0xD4, 0x59, 0xF1, 0x62, 0x0C, 0xE1, 0x8A, 0xA7, 0xD6,
    0xDD, 0xA7, 0x53, 0x92, 0xB1, 0xE7, 0xEE, 0x11, 0xC2, 0x62, 0xD0, 0x7D, 0x9A, 0xBD, 0xD6, 0x6B,
    0x88, 0xB5, 0xA8, 0xCA, 0x97, 0xAF, 0xBA, 0x0C, 0xD1, 0xE4, 0xC1, 0x02, 0x03, 0xFC, 0xAD, 0x99,
    0xCF, 0x07, 0xD3, 0x03, 0x03, 0x73, 0x42, 0xC4, 0x2E, 0x3F, 0x78, 0x31, 0x76, 0xB1, 0x72, 0xF9,
    0x92, 0x37, 0x47, 0x1F, 0x32, 0xF0, 0x8D, 0xC2, 0x63, 0xC1, 0x0A, 0xB9, 0x2A, 0xD0, 0xA4, 0x15,
    0xEB, 0x2C, 0x50, 0xC2, 0x61, 0x5F, 0xF0, 0x70, 0x24, 0x58, 0xD8, 0x5A, 0xEA, 0x7F, 0x7D, 0xE7,
    0x4E, 0x43, 0x4C, 0xD4, 0x2C, 0xD6, 0x29, 0x8D, 0x64, 0x85, 0x96, 0xC2, 0xD6, 0x50, 0x07, 0xFC,
    0x24, 0xB3, 0xE1, 0x8F, 0x8B, 0xB4, 0x2F, 0x93, 0x61, 0x06, 0x14, 0xB3, 0x01, 0x53, 0xBD, 0x27,
    0xA5, 0x8A, 0xEE, 0x2E, 0x64, 0x03, 0xAD, 0x95, 0xBA, 0x36, 0xE6, 0xE4, 0xE5, 0x7D, 0x89, 0x99,
    0x78, 0xA8, 0x4B, 0x1F, 0xB0, 0x19, 0xD4, 0x6E, 0x0D, 0xE8, 0xAC, 0x61, 0x97, 0x2A, 0x1C, 0xB8,
    0x55, 0x94, 0x7A, 0x55, 0x8C, 0x29, 0x4C, 0xB0, 0x28, 0x13, 0xCC, 0x4A, 0x0F, 0x16, 0xD9, 0xC7,
    0x60, 0x43, 0x29, 0x43, 0x61, 0xEC, 0x85, 0x41, 0x2F, 0x4C, 0xB7, 0xB7, 0xB3, 0x5B, 0x94, 0x5A,
    0x57, 0x91, 0x50, 0xE7, 0xA4, 0x96, 0x8F, 0x81, 0xC7, 0xCC, 0xCE, 0x11, 0x58, 0x7C, 0xD1, 0x12,
    0xAA, 0xE0, 0x86, 0x45, 0x2D, 0x0D, 0x8D, 0x99, 0x08, 0x9F, 0xA2, 0xAB, 0x19, 0xB0, 0xD3, 0x23,
    0xD6, 0xCC, 0x1E, 0xDB, 0x93, 0x7A, 0x54, 0x2E, 0x03, 0x5D, 0x75, 0x52, 0x0F, 0x7F, 0x4C, 0x1D,
    0x36, 0xC1, 0x6A, 0x6F, 0xA6, 0x47, 0x64, 0x72, 0x96, 0xF8, 0x71, 0xAD, 0x98, 0xB7, 0xD6, 0xBB,
    0xF3, 0x49, 0xA4, 0xD7, 0x33, 0x49, 0xDC, 0xB9, 0x6F, 0x62, 0x93, 0x5C, 0x03, 0x13, 0x9D, 0x68,
    0xE7, 0xAE, 0x6C, 0xE8, 0xDB, 0x64, 0x61, 0x68, 0x6D, 0xDC, 0x9A, 0x80, 0x42, 0xDD, 0x2F, 0x3F,
    0x66, 0x44, 0x2C, 0x58, 0xD9, 0xA3, 0x38, 0x19, 0x22, 0xB7, 0x1D, 0xED, 0x5A, 0x1F, 0x0A, 0x31,
    0x76, 0xA3, 0x2E, 0x34, 0xAC, 0xDE, 0xA1, 0x82, 0xAC, 0x2A, 0x58, 0x9A, 0xEE, 0x1F, 0x48, 0x40,
    0xC4, 0x50, 0x30, 0x72, 0x64, 0xE6, 0x93, 0x5D, 0x9B, 0x44, 0xC3, 0x1C, 0x7A, 0xD9, 0xC9, 0x56,
    0x2C, 0x63, 0xA6, 0x0B, 0x7C, 0x94, 0x1C, 0x59, 0x99, 0xE6, 0x44, 0x56, 0xAA, 0xCB, 0x25, 0x17,
    0xC4, 0x49, 0xA1, 0x12, 0x09, 0xA9, 0xC0, 0xEB, 0x3D, 0xC3, 0xF7, 0xA7, 0xCE, 0x2D, 0x15, 0xE3,
    0xCE, 0x10, 0x8C, 0xCC, 0xC2, 0x78, 0x2E, 0x32, 0x6E, 0x06, 0x45, 0xA2, 0xD3, 0x70, 0xF2, 0xBD,
    0x64, 0x5C, 0xF5, 0x9C, 0xDA, 0xFC, 0x68, 0x94, 0xDA, 0xFC, 0x68, 0x60, 0xB0, 0x0A, 0xC5, 0x09,
    0xFE, 0x16, 0x43, 0x87, 0x2E, 0x1C, 0xDC, 0xBF, 0x73, 0x86, 0x5C, 0xAD, 0x78, 0x74, 0xAD, 0x9C,
    0x4A, 0xB9, 0xA5, 0x0A, 0x85, 0x29, 0x78, 0x82, 0xA5, 0x70, 0xAC, 0x6D, 0x12, 0x55, 0xAB, 0xE7,
    0x39, 0xF9, 0x49, 0x95, 0x95, 0x97, 0x4B, 0x7F, 0x1C, 0x14, 0x61, 0x11, 0x0E, 0xC2, 0x34, 0x82,
    0xA0, 0x09, 0xC4, 0xDC, 0x84, 0x90, 0x43, 0x33, 0x1A, 0x1E, 0x95, 0xB2, 0xA9, 0x95, 0x31, 0x9D,
    0x46, 0x86, 0x34, 0x6B, 0x58, 0x96, 0xEF, 0x40, 0xD9, 0xF5, 0x2B, 0x6F, 0xB8, 0xDF, 0x2F, 0x45,
    0x02, 0xB3, 0x90, 0xED, 0x1A, 0xE6, 0xDB, 0x81, 0x09, 0x1F, 0x43, 0x93, 0xEC, 0x51, 0x28, 0x81,
    0x4A, 0xD6, 0x74, 0xE0, 0xDA, 0x18, 0xE8, 0x60, 0x61, 0x09, 0x01, 0xF5, 0x8D, 0x86, 0x32, 0x26,
    0x92, 0x58, 0x0E, 0x02, 0x8A, 0x31, 0xC4, 0xA2, 0x99, 0x7A, 0xAD, 0x5C, 0xFC, 0x3C, 0xF3, 0x05,
    0xBF, 0xC8, 0xCA, 0xA0, 0xB8, 0x5C, 0x86, 0x85, 0x3F, 0x0E, 0x07, 0xD0, 0x24, 0x0D, 0x8B, 0x08,
    0x72, 0xC5, 0x70, 0x09, 0x14, 0x84, 0xD0, 0x26, 0x86, 0x3E, 0x09, 0x06, 0xEE, 0xE1, 0xDA, 0xC4,
    0x00, 0x7B, 0x18, 0x4D, 0x58, 0x08, 0x8E, 0x20, 0x0E, 0xEC, 0xC0, 0x95, 0x58, 0x34, 0x1A, 0x0F,
    0x96, 0x90, 0xC4, 0x26, 0x9D, 0xD3, 0xB0, 0xB3, 0x76, 0xEB, 0xB5, 0xA5, 0x19, 0x38, 0xD6, 0xA2,
    0x18, 0x75, 0x30, 0x2B, 0xC4, 0x99, 0x25, 0xBF, 0xF3, 0xBC, 0xD7, 0x24, 0xBF, 0xA5, 0x31, 0xC9,
    0x05, 0x5A, 0x62, 0xDF, 0x10, 0x18, 0x23, 0x21, 0xA7, 0xE4, 0xF3, 0x29, 0xA3, 0x0D, 0xA7, 0x47,
    0xDF, 0x52, 0x36, 0xC8, 0x42, 0x73, 0xBF, 0x6C, 0xE7, 0xC3, 0xEE, 0x2F, 0x4F, 0x26, 0x7D, 0x67,
    0x41, 0x03, 0x73, 0x99, 0xF6, 0xA1, 0xC8, 0xBF, 0xE8, 0x1B, 0x91, 0xF1, 0x8B, 0x4B, 0x98, 0x80,
    0x04, 0x8F, 0xE6, 0xA5, 0x88, 0xED, 0xD1, 0xD4, 0x21, 0x2A, 0x76, 0x66, 0xF8, 0x0D, 0xF2, 0x6A,
    0xB7, 0xA1, 0xFF, 0xD6, 0x11, 0x7B, 0x98, 0xD9, 0x40, 0x79, 0x8F, 0xB0, 0xDC, 0xFC, 0xFF, 0x34,
    0xEC, 0x0A, 0xB4, 0x36, 0x1A, 0x86, 0x6D, 0x06, 0x52, 0x25, 0x29, 0xEB, 0xF9, 0x02, 0xF3, 0x17,
    0x72, 0x92, 0x11, 0x4E, 0x13, 0x26, 0x4E, 0x09, 0x9B, 0x03, 0x30, 0xCA, 0x84, 0x46, 0xC9, 0xAC,
    0xDC, 0x17, 0x05, 0xF8, 0xD2, 0x2E, 0xBE, 0xCB, 0xA7, 0x79, 0x90, 0x3F, 0x2D, 0x3E, 0x55, 0x7E,
    0xE5, 0x95, 0x11, 0x26, 0x33, 0x57, 0xC1, 0x3D, 0x88, 0xF8, 0x29, 0x9C, 0xEC, 0xE1, 0x40, 0x5A,
    0xB3, 0x11, 0x5C, 0x36, 0x7E, 0x80, 0x15, 0x72, 0x0D, 0xE3, 0xB2, 0xF2, 0x87, 0x09, 0xF6, 0xC1,
    0x64, 0x88, 0x11, 0x5B, 0x33, 0x29, 0xC0, 0x24, 0x65, 0x16, 0xE8, 0xA6, 0x7D, 0x6F, 0x8C, 0x55,
    0xCE, 0xC7, 0xF7, 0x6D, 0x33, 0xB7, 0xEC, 0x6E, 0x44, 0xE9, 0x52, 0xBC, 0x5F, 0x9C, 0x11, 0xD7,
    0x2E, 0xB1, 0x6E, 0x46, 0x38, 0xEB, 0xEC, 0xB1, 0x84, 0x0B, 0x33, 0x12, 0x1D, 0x5B, 0xA9, 0xC9,
    0x9D, 0x3B, 0xB7, 0x59, 0xE8, 0x98, 0x3A, 0x47, 0xA2, 0x42, 0x38, 0xEE, 0x74, 0x99, 0xC3, 0x04,
    0x4C, 0x33, 0x0B, 0x19, 0x06, 0xF6, 0x66, 0xC8, 0x17, 0xA5, 0x16, 0x5E, 0x0C, 0xC2, 0x60, 0x76,
    0xE0, 0xBC, 0x48, 0xBB, 0x56, 0x2F, 0x9D, 0xAD, 0xBD, 0xF6, 0x4E, 0x5A, 0x77, 0x0E, 0xC2, 0xF1,
    0x02, 0xD8, 0xED, 0x8B, 0xCF, 0x76, 0x60, 0x37, 0x8F, 0x7A, 0x26, 0xF0, 0xD5, 0xC8, 0x0C, 0x94,
    0x6B, 0xD6, 0xDC, 0x80, 0xBF, 0x18, 0x28, 0x84, 0x5E, 0x3D, 0x31, 0xED, 0x2B, 0x78, 0xAC, 0x5B,
    0xAE, 0x6C, 0xAB, 0x95, 0x10, 0x3E, 0xFD, 0xDE, 0xC2, 0xB7, 0x1B, 0xAA, 0xF9, 0x48, 0xD5, 0x95,
    0xFB, 0xA8, 0x74, 0xBF, 0x2A, 0xBC, 0x47, 0x2B, 0x37, 0x64, 0x2C, 0x19, 0xAF, 0xB9, 0xE2, 0xA7,
    0xC8, 0x72, 0xF6, 0xA4, 0xDE, 0xAB, 0xC2, 0x8F, 0x9B, 0xF0, 0x66, 0x13, 0xFD, 0xA2, 0x3A, 0x5D,
    0x96, 0x19, 0x43, 0x8B, 0x40, 0x22, 0x9B, 0x0B, 0x24, 0xC5, 0xED, 0x93, 0xA9, 0x34, 0x2D, 0x69,
    0x53, 0xAC, 0x6C, 0x95, 0xE1, 0xFA, 0x06, 0xD7, 0xB5, 0x52, 0xB0, 0x67, 0x6E, 0xAB, 0x7F, 0xDF,
    0xF9, 0x20, 0x46, 0x4E, 0xC6, 0xEB, 0x58, 0x34, 0xB2, 0x12, 0x3D, 0x49, 0x31, 0x35, 0x28, 0x05,
    0xD9, 0x62, 0x2D, 0xD4, 0xEF, 0x8E, 0x59, 0x67, 0x8B, 0xB2, 0x44, 0xE2, 0x0F, 0xA6, 0x5B, 0x13,
    0x15, 0x33, 0x50, 0x54, 0xCD, 0xF1, 0xE6, 0x0D, 0x71, 0x82, 0xC9, 0x29, 0xFE, 0xAD, 0xC5, 0xB1,
    0x35, 0xFB, 0x76, 0x2E, 0x04, 0x3B, 0x50, 0x2E, 0x72, 0xB0, 0x21, 0x0C, 0xD0, 0x48, 0x4A, 0x4C,
    0x44, 0xF2, 0x4B, 0xB6, 0x15, 0x83, 0xB2, 0x27, 0x21, 0x26, 0x91, 0x04, 0x31, 0x16, 0x1A, 0xDE,
    0x64, 0x4A, 0x1C, 0x7E, 0xC2, 0x34, 0x31, 0xF8, 0x54, 0x80, 0xE7, 0x21, 0xB9, 0x7A, 0xC2, 0xDB,
    0xD5, 0x0C, 0x34, 0x0C, 0xB8, 0x30, 0x88, 0x74, 0xA5, 0x9C, 0xD2, 0xAE, 0xD7, 0xC2, 0xA0, 0xA7,
    0x79, 0x79, 0x7F, 0x42, 0xDA, 0xF8, 0x40, 0x57, 0xB3, 0xF4, 0xB7, 0x64, 0xFA, 0xEB, 0x1C, 0x4F,
    0x7F, 0xCB, 0x53, 0xD3, 0xDF, 0x17, 0xA6, 0xCB, 0x1C, 0x4A, 0x4D, 0x45, 0x64, 0xC0, 0xD4, 0xD2,
    0x78, 0x6E, 0xF7, 0x73, 0x69, 0xC7, 0xD7, 0xAB, 0x36, 0xCC, 0x6C, 0xD8, 0xAB, 0x36, 0x9E, 0x63,
    0x5E, 0x57, 0x1C, 0x6E, 0xE5, 0x84, 0x9F, 0xF2, 0x07, 0x4F, 0x9A, 0x4D, 0xCE, 0xFF, 0xCB, 0x6C,
    0x07, 0x77, 0x51, 0x15, 0x7C, 0x83, 0x19, 0xCF, 0x67, 0xFD, 0xA1, 0xF3, 0xD8, 0x62, 0x4F, 0x59,
    0xFD, 0x4F, 0x10, 0xEF, 0x9E, 0x4E, 0x37, 0x82, 0x07, 0xD0, 0x2D, 0x00, 0x5F, 0x2C, 0x33, 0x91,
    0x56, 0xAA, 0x35, 0xE6, 0x3F, 0xCA, 0x10, 0xA6, 0x40, 0x58, 0xD0, 0x64, 0x6B, 0xA2, 0xBD, 0x54,
    0xA1, 0xAD, 0x21, 0x11, 0x27, 0x2B, 0xFE, 0x0E, 0xB6, 0x1A, 0x3D, 0x2F, 0x6F, 0x4A, 0xE6, 0x99,
    0x8C, 0x23, 0x3B, 0x2B, 0x26, 0xB5, 0x0E, 0xEB, 0x33, 0xAD, 0x56, 0x7F, 0x37, 0x0F, 0x8A, 0x8C,
    0x3B, 0x3A, 0x99, 0xE9, 0xAD, 0x91, 0xA1, 0x69, 0xBF, 0x67, 0x2C, 0x62, 0x72, 0x3D, 0xF8, 0xB6,
    0xBE, 0x4A, 0xC6, 0x66, 0x83, 0x8F, 0x30, 0xCD, 0x2D, 0x92, 0xB1, 0xDD, 0x4B, 0x62, 0xE3, 0xD2,
    0x92, 0xFE, 0x09, 0xE2, 0x36, 0x7D, 0x22, 0x70, 0x42, 0xF8, 0xED, 0x92, 0x12, 0x44, 0x77, 0x6E,
    0x09, 0xB9, 0xB2, 0x25, 0x14, 0x4F, 0xD5, 0xE9, 0xED, 0xF7, 0x68, 0xB1, 0x43, 0xEA, 0xD5, 0x18,
    0xA9, 0x01, 0x17, 0xB9, 0x80, 0xB6, 0x60, 0xEB, 0xD4, 0x3D, 0xE1, 0xEC, 0x43, 0x53, 0xE4, 0x93,
    0x87, 0x79, 0x3A, 0xDF, 0x12, 0xDA, 0xE3, 0xCE, 0x6B, 0x6F, 0x97, 0x08, 0xCF, 0x55, 0x10, 0x34,
    0x6B, 0xD7, 0xE8, 0x94, 0xF6, 0xFB, 0xB9, 0x34, 0x72, 0xFE, 0xC6, 0x30, 0xF6, 0x4F, 0xA2, 0xE5,
    0x67, 0x84, 0xCB, 0x9E, 0x7A, 0x11, 0x13, 0xA5, 0x36, 0x5E, 0xC7, 0xED, 0xF0, 0xFA, 0xFF, 0xC2,
    0xCF, 0x3F, 0x19, 0xAF, 0x44, 0x35, 0xC8, 0x1D, 0x68, 0x3D, 0xA5, 0xE8, 0xEF, 0x68, 0xFC, 0x98,
    0x1F, 0xE6, 0x0F, 0xDF, 0xDD, 0x7E, 0x93, 0x6D, 0x2D, 0x1A, 0x8F, 0x3A, 0x68, 0xBB, 0xF5, 0xA0,
    0x6D, 0xEA, 0x3D, 0xB5, 0x6B, 0xA3, 0x7B, 0x67, 0x94, 0xEC, 0x2F, 0xBC, 0x4F, 0xE0, 0x47, 0x23,
    0x8B, 0xB8, 0x23, 0xDB, 0xE6, 0xEE, 0xDB, 0x3C, 0x9F, 0x1A, 0x56, 0x76, 0x83, 0xB2, 0x32, 0x91,
    0x91, 0x2D, 0x5E, 0xAA, 0xAA, 0x0F, 0xB7, 0xDF, 0xA4, 0xB6, 0x4F, 0x64, 0xBF, 0x70, 0x77, 0xEA,
    0x53, 0x2C, 0x15, 0x4D, 0x54, 0xD6, 0x90, 0xF7, 0x4D, 0xFC, 0x0A, 0x0D, 0x1F, 0x1E, 0x66, 0x05,
    0x94, 0xD4, 0x58, 0x5A, 0xD1, 0x00, 0xF9, 0x34, 0x57, 0x1A, 0x46, 0xBC, 0x5E, 0xF6, 0x64, 0xA3,
    0xB1, 0x7B, 0xDB, 0x37, 0x95, 0x66, 0xDF, 0x34, 0x2C, 0x7B, 0xC6, 0x07, 0x13, 0xEE, 0x8E, 0xBF,
    0xCA, 0x0D, 0xB0, 0xFC, 0xBD, 0x29, 0xD3, 0xF6, 0x18, 0x45, 0x05, 0xAC, 0xE0, 0x9B, 0x75, 0xB7,
    0x31, 0x3B, 0x18, 0x50, 0xCF, 0xE2, 0xC8, 0xBC, 0x87, 0x2F, 0x42, 0xC0, 0x24, 0x93, 0xED, 0x5C,
    0x5A, 0x65, 0xA5, 0x4B, 0xB0, 0x71, 0x59, 0x86, 0x40, 0xB3, 0x60, 0x2C, 0x48, 0xE3, 0x97, 0x0E,
    0x6D, 0x0B, 0x3B, 0x86, 0x9C, 0xB6, 0xF0, 0x3E, 0x2B, 0x83, 0xE2, 0x80, 0x76, 0x4B, 0x98, 0xEF,
    0xC4, 0x2C, 0x69, 0xA4, 0x79, 0x13, 0x10, 0x02, 0x3D, 0xD9, 0xA1, 0x6B, 0x60, 0x25, 0xA7, 0x35,
    0x02, 0xB4, 0x1C, 0xBC, 0xEB, 0x9A, 0x79, 0x77, 0x5B, 0xEF, 0xAF, 0xAD, 0xAF, 0x6F, 0x05, 0xDC,
    0x38, 0x3D, 0x3D, 0x09, 0xDB, 0xEF, 0xD2, 0x93, 0xF5, 0x88, 0xC8, 0xD7, 0x85, 0x59, 0xA7, 0x51,
    0x82, 0x62, 0x68, 0xB7, 0x24, 0x95, 0x29, 0x3A, 0x43, 0xB8, 0x4C, 0xB8, 0x0B, 0xC0, 0x9D, 0xA6,
    0x26, 0x1F, 0x2B, 0xE6, 0x3B, 0xC9, 0x4F, 0x29, 0xD2, 0x64, 0x1D, 0xB1, 0x50, 0x1E, 0xDB, 0xCB,
    0x16, 0x68, 0x52, 0x48, 0x3A, 0xB7, 0xAF, 0xB0, 0xD8, 0x3E, 0x38, 0x6B, 0x8F, 0xE5, 0xF9, 0x2B,
    0xDF, 0x20, 0x1A, 0xF5, 0xB9, 0x77, 0xCC, 0x65, 0x33, 0x9B, 0x21, 0x85, 0x29, 0x02, 0xD8, 0xDC,
    0x12, 0x17, 0x63, 0x56, 0xB9, 0x58, 0x56, 0xC6, 0x6A, 0x79, 0x2B, 0x7D, 0xD1, 0x00, 0x92, 0xD5,
    0x4B, 0x51, 0xCA, 0xC5, 0xC5, 0x3B, 0xDE, 0x9A, 0xEB, 0x83, 0xF5, 0xCE, 0x85, 0x1F, 0x1C, 0xED,
    0xB4, 0xE0, 0x27, 0x00, 0xC2, 0x16, 0x02, 0x73, 0xB5, 0x50, 0x8E, 0x17, 0xDD, 0x82, 0xE3, 0x62,
    0x79, 0x5C, 0x45, 0x60, 0x94, 0xFD, 0x4D, 0xAF, 0xB3, 0x69, 0x3B, 0x44, 0xD6, 0x91, 0xC3, 0x8D,
    0x92, 0xC3, 0xDD, 0x32, 0x60, 0x13, 0x83, 0xC8, 0x24, 0x47, 0x5F, 0x38, 0xC6, 0xC4, 0xB8, 0xB7,
    0xBB, 0xE0, 0xDD, 0x28, 0x78, 0xB9, 0xEF, 0x43, 0x58, 0x88, 0xD5, 0x8F, 0x44, 0x66, 0x6E, 0x79,
    0x07, 0x98, 0x40, 0x27, 0xC7, 0xBD, 0x17, 0x65, 0x17, 0x08, 0x1C, 0x62, 0x18, 0x02, 0x15, 0xF9,
    0x7B, 0x44, 0x0B, 0x02, 0xD3, 0xD8, 0xF0, 0x74, 0xD8, 0x1A, 0xF8, 0x73, 0xA5, 0xAE, 0x2C, 0x9C,
    0x64, 0x59, 0xB5, 0xFC, 0x94, 0x19, 0x50, 0xA0, 0x26, 0x71, 0xBA, 0x12, 0xB9, 0x9F, 0x2A, 0xDF,
    0xE0, 0xD9, 0xE4, 0xFB, 0xB9, 0x32, 0x9E, 0x4E, 0x97, 0xBD, 0x56, 0xE0, 0xD9, 0xF3, 0xC8, 0x07,
    0x97, 0xF8, 0x83, 0xC5, 0x57, 0x2C, 0x2E, 0x27, 0x32, 0x47, 0x98, 0x54, 0x48, 0x67, 0x7B, 0x52,
    0x4A, 0xAA, 0xB2, 0x90, 0xB1, 0xAF, 0xDC, 0xD6, 0x23, 0xB6, 0x2E, 0x0E, 0x0C, 0x50, 0x3B, 0xE9,
    0xB9, 0x6D, 0x9D, 0x73, 0x59, 0xB2, 0x01, 0xAE, 0x2E, 0xED, 0x1C, 0xBE, 0xA9, 0x16, 0x36, 0x36,
    0x17, 0x76, 0x37, 0xD3, 0xE5, 0xDD, 0xCD, 0x33, 0xDA, 0x47, 0x0B, 0x3D, 0xA4, 0xE5, 0xBD, 0x53,
    0x4F, 0x7A, 0x27, 0x55, 0x77, 0x62, 0xE7, 0xC7, 0x12, 0x62, 0x24, 0x40, 0xBE, 0x94, 0xCE, 0x8A,
    0x6E, 0x5F, 0x23, 0xD4, 0xD5, 0xCE, 0xC1, 0x96, 0x45, 0xCC, 0xD3, 0x8A, 0x6E, 0x5F, 0x8A, 0x6E,
    0x6F, 0xAA, 0xFC, 0x54, 0xF8, 0xD5, 0xE4, 0xC5, 0x1D, 0xB7, 0xD7, 0xDC, 0xDB, 0x3C, 0x62, 0xC2,
    0x43, 0x20, 0xD3, 0x6E, 0xFC, 0xC5, 0x1D, 0xDE, 0xE7, 0xAE, 0xA2, 0x52, 0xAF, 0x4B, 0x57, 0x61,
    0xA8, 0xDE, 0xAF, 0x54, 0x0D, 0x60, 0x43, 0xC2, 0x89, 0xB4, 0x71, 0x90, 0xEB, 0xF4, 0xEA, 0x61,
    0x57, 0xA3, 0x9F, 0x16, 0x21, 0xB2, 0xAE, 0x34, 0x7E, 0x26, 0x29, 0x43, 0xD3, 0xD4, 0x22, 0x42,
    0x1F, 0x6C, 0x3D, 0x83, 0x94, 0xAF, 0x59, 0x21, 0xF1, 0x17, 0xE9, 0x32, 0xD6, 0xE3, 0x8B, 0x47,
    0xA9, 0x31, 0x70, 0xA6, 0xD3, 0x5C, 0xAB, 0xAB, 0xF7, 0x17, 0x5A, 0xD2, 0x03, 0x3A, 0x51, 0xD8,
    0x9A, 0xE8, 0x9C, 0xFF, 0xB6, 0xE0, 0x56, 0x48, 0xA1, 0xFC, 0xCF, 0x4F, 0x1C, 0x43, 0x91, 0x4D,
    0x13, 0xD9, 0x33, 0xE9, 0x88, 0xC3, 0xF3, 0x42, 0x6E, 0xDD, 0x1D, 0xA2, 0x99, 0x9F, 0x17, 0xF2,
    0x4B, 0xEE, 0x95, 0xD8, 0x0D, 0x36, 0x4B, 0x2C, 0xBA, 0x8B, 0x49, 0x12, 0x36, 0x7E, 0x93, 0x81,
    0xDB, 0xAA, 0xF8, 0xEB, 0xBC, 0x36, 0x7B, 0xED, 0x8E, 0x1C, 0xB6, 0x89, 0xFF, 0xC1, 0x6E, 0x6A,
    0xE5, 0x3E, 0xCE, 0x67, 0xE0, 0xC8, 0xCA, 0x25, 0x44, 0xE1, 0x82, 0xCC, 0xBE, 0x84, 0x03, 0x81,
    0x6B, 0x80, 0xAC, 0x3E, 0x94, 0x8B, 0xBB, 0x67, 0x50, 0x32, 0x65, 0x03, 0x8C, 0xE7, 0x0F, 0x5B,
    0x2C, 0xD8, 0x83, 0x1B, 0x53, 0x95, 0xE8, 0x11, 0xA0, 0x6A, 0xE3, 0x29, 0x07, 0x6B, 0xD6, 0xA2,
    0x11, 0xB7, 0x46, 0x58, 0x59, 0xCC, 0x76, 0x2F, 0xCE, 0xAB, 0x51, 0xC5, 0x88, 0x3F, 0x61, 0xEF,
    0x32, 0xA3, 0x07, 0x44, 0xE5, 0xBA, 0x35, 0xEA, 0xDD, 0x40, 0x70, 0x46, 0x94, 0x0F, 0xDA, 0x15,
    0x69, 0x64, 0x58, 0xCC, 0x4E, 0x4E, 0x6E, 0x6C, 0xD8, 0x34, 0xDB, 0x7C, 0x92, 0xDF, 0xC2, 0x6A,
    0xDD, 0x5A, 0xBA, 0x8D, 0x39, 0x6A, 0x1B, 0xEE, 0xD8, 0x4B, 0xDB, 0xAE, 0xF9, 0x2A, 0x34, 0xF6,
    0x3E, 0x66, 0x60, 0x60, 0x19, 0x93, 0x24, 0x3C, 0x26, 0xD5, 0xBE, 0x10, 0xD7, 0x74, 0x2A, 0x80,
    0xC2, 0x57, 0xC8, 0xC9, 0x3E, 0x1B, 0xAB, 0x5E, 0x6F, 0x25, 0xAA, 0x9D, 0x26, 0xB7, 0x0F, 0xB9,
    0x9B, 0xB3, 0xE5, 0x4E, 0x17, 0xE4, 0x16, 0x12, 0x0F, 0xB2, 0xB9, 0xDC, 0x29, 0xB2, 0xBE, 0xF8,
    0x70, 0x57, 0xE4, 0x1E, 0x23, 0x96, 0x4D, 0x3B, 0x80, 0x94, 0xD3, 0xA0, 0x12, 0x01, 0xA4, 0x72,
    0x00, 0xC2, 0x7E, 0x9B, 0xE0, 0x03, 0x2B, 0xB8, 0x5A, 0x16, 0x7C, 0x02, 0xC1, 0xF7, 0x54, 0xD4,
    0xBC, 0x6D, 0x13, 0x5D, 0x32, 0x07, 0xD2, 0xB2, 0x2C, 0x92, 0x12, 0xC9, 0x76, 0x0A, 0xED, 0xB6,
    0xA1, 0xD9, 0x50, 0x57, 0x07, 0xE1, 0x89, 0xE3, 0x5F, 0x7D, 0xDE, 0x9E, 0x0C, 0xFA, 0xF4, 0xD3,
    0x0C, 0xDF, 0xA2, 0x0A, 0xEC, 0xFB, 0xC4, 0x7C, 0x8E, 0xD5, 0x63, 0x67, 0x38, 0x51, 0x23, 0xF6,
    0x61, 0x12, 0xD5, 0x54, 0xBC, 0xD7, 0xAD, 0x2A, 0xB6, 0xD0, 0xBD, 0xB2, 0x42, 0xA4, 0x4F, 0xFC,
    0x82, 0x1B, 0x16, 0x49, 0x58, 0x54, 0x54, 0x3D, 0x4C, 0xAB, 0x29, 0xCF, 0xFC, 0x28, 0x1E, 0xBA,
    0x49, 0x7A, 0xEA, 0x4B, 0x1E, 0x72, 0x1C, 0xAA, 0xAF, 0x78, 0x10, 0xA0, 0x91, 0x6E, 0x29, 0x18,
    0x33, 0x91, 0xE0, 0x5B, 0x21, 0x51, 0x96, 0x75, 0x22, 0x72, 0x1F, 0x3D, 0x6B, 0x9A, 0x48, 0x86,
    0x15, 0xDE, 0x5B, 0x0C, 0x91, 0x6C, 0xD0, 0x8C, 0x5A, 0xF8, 0x41, 0x3B, 0xF4, 0x5A, 0xB7, 0x1E,
    0xFA, 0x98, 0x9E, 0x61, 0x38, 0x0C, 0xC6, 0x7B, 0xD1, 0x26, 0x66, 0xB6, 0xB7, 0x19, 0xA5, 0x7B,
    0x1B, 0xAF, 0x27, 0x6A, 0xA3, 0x79, 0x63, 0x5F, 0x6D, 0x56, 0x6F, 0xC0, 0x54, 0x25, 0x52, 0x95,
    0xA4, 0x80, 0x39, 0x92, 0x02, 0x38, 0x93, 0xA4, 0x94, 0xD5, 0x04, 0xA9, 0x61, 0xD7, 0x5F, 0x0B,
    0x1F, 0xE0, 0x6B, 0xE6, 0x8F, 0x97, 0xAC, 0x81, 0xC4, 0x47, 0x0E, 0x8B, 0xC6, 0xCC, 0xA0, 0x22,
    0xFA, 0x1E, 0xF2, 0x7E, 0x69, 0x03, 0x8D, 0x39, 0x2F, 0x3C, 0xAC, 0x9E, 0xE3, 0xF9, 0x47, 0xDC,
    0xF2, 0xA3, 0x3E, 0xA2, 0x8D, 0x99, 0xC8, 0xFC, 0xBB, 0xC5, 0x63, 0xF1, 0x02, 0x56, 0xCF, 0xC1,
    0x1F, 0x67, 0x8B, 0x92, 0x01, 0x0E, 0x71, 0xAE, 0x75, 0x2B, 0xA7, 0x71, 0x6A, 0x7C, 0xAB, 0xE1,
    0x7A, 0x3C, 0xC9, 0xDA, 0xD8, 0x72, 0x9C, 0xA7, 0xC3, 0x86, 0x60, 0xB6, 0x5F, 0x9B, 0xCD, 0x33,
    0xA6, 0x27, 0x52, 0x1B, 0xD9, 0x26, 0xF8, 0x9E, 0x52, 0x2F, 0x37, 0xE6, 0xC0, 0x93, 0xC8, 0xB2,
    0xC9, 0x0A, 0xE8, 0x80, 0x0D, 0x5A, 0xF9, 0x74, 0x7C, 0xCE, 0xD7, 0xA1, 0xA5, 0x0A, 0xD2, 0xEE,
    0xE4, 0xD9, 0xC1, 0x89, 0x9C, 0x27, 0x61, 0x79, 0x9E, 0xB0, 0x94, 0xBA, 0xB4, 0x7D, 0xBD, 0xB5,
    0xDD, 0x31, 0x36, 0xC4, 0x31, 0x00, 0x1E, 0x93, 0xF3, 0xC5, 0x12, 0xD7, 0x59, 0x04, 0xAA, 0x0C,
    0x4C, 0x9C, 0x69, 0x77, 0x7E, 0x4A, 0xE2, 0x06, 0xB3, 0x2A, 0xC9, 0x93, 0xBD, 0x19, 0xC8, 0x26,
    0xF7, 0xB7, 0xB7, 0x79, 0xAA, 0x4D, 0x4B, 0xAE, 0xC2, 0x21, 0xED, 0x2E, 0x46, 0xBC, 0x94, 0xF1,
    0x22, 0x9C, 0xB6, 0x2E, 0x4F, 0x4B, 0x6C, 0x5F, 0xAF, 0x6C, 0xF5, 0x94, 0xCE, 0x2A, 0x9B, 0xD3,
    0xBE, 0xBE, 0x2B, 0x5C, 0x91, 0x7E, 0xE8, 0x6E, 0xE1, 0x1A, 0x34, 0xAD, 0x4F, 0xB4, 0x71, 0xD6,
    0xA2, 0x15, 0xF7, 0x86, 0xB2, 0xA5, 0xA3, 0x94, 0xE7, 0xD3, 0xE8, 0x5B, 0x73, 0xD3, 0x75, 0x68,
    0x24, 0xA7, 0x0F, 0xB5, 0x6D, 0x11, 0xAD, 0x40, 0x23, 0x2C, 0x7A, 0x14, 0x1C, 0xD3, 0xD4, 0x69,
    0x6C, 0x72, 0x9E, 0xCB, 0x0F, 0x57, 0xC7, 0xCB, 0xB9, 0xE3, 0x19, 0x3B, 0x69, 0xFF, 0x03, 0xDD,
    0x58, 0x31, 0x8C, 0xE5, 0x56, 0x15, 0xBD, 0xF6, 0x13, 0x38, 0x8C, 0xA5, 0x98, 0x02, 0x22, 0xA1,
    0x28, 0x31, 0x05, 0x4D, 0x94, 0xC2, 0x0D, 0x65, 0xE6, 0xDB, 0x28, 0x45, 0xDA, 0x2D, 0xF2, 0x77,
    0x8B, 0x29, 0x86, 0x82, 0x82, 0x6E, 0x9A, 0x94, 0xB3, 0xDF, 0x86, 0x2D, 0x28, 0x28, 0xB2, 0x15,
    0x2D, 0x5B, 0x46, 0x83, 0x44, 0xDA, 0x14, 0xF3, 0xC7, 0x46, 0x14, 0x29, 0x28, 0xB0, 0x40, 0x11,
    0x45, 0x8A, 0x58, 0xCA, 0x8E, 0x44, 0xB7, 0x16, 0x72, 0x22, 0xFF, 0xC5, 0xDF, 0x2F, 0xE7, 0xDC,
    0xF7, 0x3C, 0xF3, 0x67, 0x59, 0xD1, 0xD0, 0x44, 0x78, 0xF7, 0x5F, 0xBF, 0xF9, 0xDF, 0xEF, 0xDD,
    0x73, 0xEF, 0xBB, 0xF7, 0xDC, 0xFB, 0x2C, 0x82, 0xEB, 0x9C, 0x42, 0x2E, 0x29, 0x82, 0x51, 0xA4,
    0xB4, 0xB6, 0x97, 0xC8, 0x5A, 0x5B, 0x49, 0xF6, 0xBC, 0xEE, 0x45, 0x6C, 0x61, 0x26, 0x09, 0x27,
    0x91, 0x49, 0x22, 0xFC, 0x79, 0x25, 0x49, 0x2B, 0xB2, 0x91, 0xA4, 0x11, 0xC9, 0x25, 0x2B, 0x44,
    0x56, 0xB8, 0xF3, 0x9B, 0x5B, 0x79, 0xA9, 0x72, 0xA2, 0x0C, 0x07, 0xC9, 0x0B, 0x31, 0xBD, 0x64,
    0x0D, 0xA7, 0x24, 0x9D, 0x94, 0x85, 0x44, 0xF3, 0xC9, 0x1E, 0xDA, 0xA8, 0x49, 0x24, 0x9B, 0x0B,
    0x45, 0x80, 0xE7, 0x71, 0x01, 0x01, 0x9F, 0x8E, 0xAD, 0xED, 0xA4, 0x06, 0x88, 0x70, 0x3E, 0xC5,
    0x5F, 0x9D, 0x19, 0x39, 0x7B, 0x92, 0xCC, 0x2F, 0x3B, 0x41, 0x2B, 0xC4, 0x86, 0x13, 0x36, 0xAA,
    0x84, 0xB3, 0xF2, 0x02, 0x0F, 0xA5, 0xD7, 0x75, 0x81, 0xF9, 0xAA, 0xA0, 0x73, 0x2B, 0xCB, 0x2F,
    0x64, 0x59, 0x5B, 0x02, 0xEA, 0x84, 0x25, 0x71, 0x2B, 0xA1, 0x6D, 0xE2, 0x46, 0xC2, 0x99, 0x4B,
    0x63, 0xF6, 0xAD, 0xEC, 0x24, 0xAD, 0x24, 0x6A, 0x69, 0x1D, 0x1E, 0x83, 0x4E, 0x7C, 0x99, 0x1F,
    0x48, 0xE8, 0xC6, 0x03, 0x50, 0x9E, 0x16, 0xB2, 0x15, 0x3E, 0xB0, 0xA5, 0x33, 0x28, 0x37, 0xF4,
    0x10, 0x4D, 0x29, 0x0B, 0x60, 0x96, 0x5C, 0x5D, 0x98, 0xD0, 0x9B, 0x50, 0x37, 0x3A, 0x34, 0x0A,
    0xC1, 0x10, 0x5B, 0xDC, 0x26, 0x95, 0xB1, 0x4D, 0x5A, 0x98, 0x19, 0xAB, 0x50, 0xA3, 0xC4, 0x54,
    0x12, 0x53, 0x07, 0x14, 0x1D, 0x4B, 0x52, 0x61, 0x83, 0x92, 0x02, 0x2E, 0x4D, 0x29, 0x6E, 0xED,
    0xB7, 0x22, 0xF5, 0xC9, 0x0C, 0x0D, 0xF6, 0x18, 0x38, 0xC6, 0x77, 0x64, 0xB9, 0x9E, 0x1C, 0x79,
    0x7F, 0xCA, 0xB4, 0x59, 0xBE, 0xCB, 0x87, 0x65, 0xC4, 0x6D, 0x7B, 0xD9, 0x55, 0xDB, 0xA7, 0xDC,
    0x10, 0x3B, 0x08, 0x04, 0xA0, 0x72, 0x6F, 0xF6, 0xF7, 0x6D, 0x23, 0xEB, 0x35, 0x36, 0x00, 0xDE,
    0x27, 0xE6, 0xBC, 0x09, 0x47, 0xFA, 0x08, 0x41, 0x41, 0x9F, 0xE3, 0x0F, 0x41, 0x6C, 0xE0, 0x0B,
    0x06, 0x0E, 0x9E, 0xE0, 0x4F, 0x34, 0xBA, 0x91, 0xA8, 0xD3, 0x11, 0x40, 0xC6, 0x1D, 0x7F, 0x35,
    0x7B, 0x55, 0x8D, 0x19, 0xC9, 0x20, 0xDE, 0xD3, 0x59, 0xBB, 0x8C, 0xB0, 0x61, 0x74, 0x68, 0xDC,
    0x85, 0x7B, 0x06, 0x44, 0x81, 0xAF, 0x63, 0xFA, 0x0A, 0x86, 0xE6, 0x45, 0xD6, 0xE9, 0x28, 0x98,
    0xA5, 0xAE, 0x38, 0x5A, 0x7F, 0x3C, 0x06, 0x76, 0xBD, 0x7E, 0x9F, 0x91, 0xDA, 0x10, 0xE8, 0x04,
    0xF0, 0xFF, 0x14, 0x83, 0xD1, 0xE8, 0xEC, 0x90, 0x1C, 0x21, 0x4A, 0x33, 0x24, 0x81, 0x83, 0xD4,
    0x0A, 0x33, 0xC8, 0x62, 0x84, 0x2C, 0x36, 0x38, 0x13, 0x18, 0x69, 0x6A, 0x01, 0x36, 0xA9, 0x55,
    0x03, 0x82, 0xF5, 0x59, 0xE3, 0xF1, 0x97, 0x1E, 0x7E, 0x30, 0x79, 0xF4, 0xD1, 0x12, 0x26, 0x69,
    0xE3, 0x07, 0xA5, 0x87, 0x8E, 0x47, 0x1C, 0x72, 0x26, 0x89, 0x02, 0x4F, 0x1B, 0x8F, 0xBB, 0x5C,
    0x60, 0xEF, 0x3D, 0x6A, 0x73, 0x00, 0x5A, 0xA3, 0x3E, 0xA9, 0xB2, 0xF7, 0x08, 0x29, 0x2D, 0x62,
    0xCB, 0xDD, 0xCB, 0x34, 0xE1, 0x74, 0x1D, 0xBD, 0x56, 0x2A, 0xB3, 0x61, 0x85, 0x09, 0x7D, 0x60,
    0xE7, 0x73, 0x24, 0x68, 0x6F, 0x76, 0x67, 0x53, 0xB0, 0x3E, 0x6D, 0x93, 0x36, 0x9A, 0x54, 0x5F,
    0xC5, 0x88, 0xDB, 0x63, 0x12, 0x0C, 0x33, 0x4C, 0x89, 0xB0, 0x67, 0xC2, 0xAD, 0x78, 0xCF, 0x19,
    0xAF, 0x80, 0x3B, 0x73, 0x31, 0xD3, 0x69, 0x6C, 0x02, 0x35, 0x7E, 0xC6, 0x3D, 0x6D, 0xF1, 0x33,
    0x12, 0xC7, 0x36, 0x33, 0x83, 0x12, 0x08, 0xAD, 0x9D, 0x11, 0x04, 0xBF, 0xFD, 0x93, 0x65, 0x1E,
    0x6D, 0x7D, 0x7A, 0x4E, 0x9E, 0x23, 0x26, 0xEF, 0x3C, 0x0D, 0x67, 0xD3, 0x87, 0xCB, 0x5D, 0x83,
    0x2C, 0xEA, 0x9C, 0x73, 0x63, 0x7F, 0x4F, 0xD4, 0x97, 0xBC, 0xC7, 0xFE, 0xEE, 0x42, 0x30, 0xAD,
    0xDC, 0x3D, 0x2B, 0xDC, 0x3D, 0xA7, 0x1B, 0xE5, 0xFB, 0x8E, 0x53, 0x90, 0x21, 0xB9, 0xB2, 0x47,
    0x0F, 0xE5, 0x39, 0x95, 0xC2, 0xBD, 0xF9, 0xC5, 0xC5, 0x93, 0xF9, 0x64, 0x50, 0x86, 0x2A, 0x1D,
    0x3D, 0xF4, 0xE9, 0xEC, 0x3D, 0x74, 0xAE, 0x28, 0xAD, 0x62, 0x73, 0xF2, 0xDC, 0xE1, 0x73, 0xE8,
    0x88, 0x2D, 0xEC, 0x89, 0xC8, 0x78, 0x49, 0x54, 0xA6, 0x23, 0xA6, 0xA8, 0x25, 0x82, 0x58, 0x71,
    0x25, 0x5E, 0x12, 0x0B, 0x36, 0x85, 0x71, 0x59, 0xE4, 0xBA, 0x21, 0xB9, 0x62, 0x24, 0x86, 0x95,
    0x22, 0x58, 0xA9, 0xFE, 0x87, 0xB7, 0xE4, 0xE9, 0xDC, 0xF2, 0x80, 0xEA, 0x42, 0x25, 0xB6, 0x90,
    0x49, 0xCF, 0x1F, 0x27, 0x78, 0x7D, 0xC4, 0x67, 0x90, 0x4B, 0x18, 0x44, 0xA3, 0x14, 0x05, 0x76,
    0xA1, 0x8F, 0x5A, 0x60, 0x68, 0xA2, 0x36, 0x6E, 0xA8, 0x1F, 0xFF, 0xAA, 0xA4, 0x4A, 0x0B, 0x68,
    0x56, 0xBD, 0x99, 0x7A, 0x61, 0x45, 0x86, 0x2D, 0xF0, 0xE9, 0xCF, 0x25, 0xEB, 0x2E, 0xBD, 0x26,
    0xE8, 0x39, 0xE9, 0xA1, 0xA3, 0x43, 0x10, 0x41, 0x4F, 0xDD, 0x28, 0x17, 0x83, 0x17, 0x1A, 0x4F,
    0xBE, 0xB6, 0x5D, 0x06, 0x3D, 0x59, 0x29, 0x18, 0xC3, 0x7F, 0xF7, 0xE4, 0xA6, 0x70, 0x08, 0xBF,
    0x1A, 0xB8, 0x04, 0x31, 0x4C, 0x77, 0x06, 0x51, 0x17, 0x75, 0x5B, 0xE6, 0x72, 0x0C, 0xC7, 0xAC,
    0xC2, 0xC1, 0xF9, 0x23, 0xA7, 0xC3, 0x38, 0xC8, 0xDE, 0xF5, 0x83, 0xE4, 0x51, 0xCF, 0x0D, 0xC4,
    0x16, 0x7E, 0xDA, 0xFD, 0x00, 0x7A, 0xB3, 0x22, 0xFE, 0xBC, 0x1D, 0x15, 0x6C, 0xF4, 0xAC, 0x71,
    0x03, 0xD0, 0xDA, 0xE4, 0x82, 0xD1, 0x36, 0xF5, 0x03, 0x52, 0x75, 0x60, 0xAB, 0xDC, 0x72, 0x43,
    0x51, 0x52, 0x5C, 0x98, 0xFB, 0xD0, 0x56, 0xEC, 0x48, 0x12, 0x85, 0xCE, 0x7B, 0xAB, 0x56, 0x7B,
    0xE0, 0xE2, 0x71, 0x4B, 0xF8, 0x35, 0x1C, 0x28, 0x4C, 0x5E, 0x84, 0x60, 0x80, 0x10, 0x27, 0x68,
    0x38, 0x33, 0xEA, 0x81, 0x39, 0x64, 0x95, 0xD8, 0x84, 0x03, 0x19, 0xBC, 0xCD, 0xE9, 0x5C, 0x20,
    0xCD, 0xE8, 0x60, 0xEE, 0xE6, 0xA3, 0x1E, 0x8C, 0xAA, 0x70, 0xB1, 0xBD, 0x59, 0x15, 0xFF, 0xA5,
    0x55, 0x2E, 0x07, 0x58, 0xF0, 0xAB, 0x62, 0x05, 0xBB, 0x2A, 0xD4, 0x4C, 0x3C, 0x52, 0x71, 0x40,
    0xEF, 0x66, 0xE0, 0xB2, 0xD5, 0xF2, 0xDA, 0xE4, 0xEE, 0xD6, 0x13, 0x2B, 0x20, 0xBB, 0xEB, 0xD8,
    0xD3, 0xE9, 0x9D, 0xDB, 0xF1, 0x0B, 0x64, 0x6B, 0xFE, 0x86, 0x2D, 0x83, 0x01, 0x5F, 0xD8, 0x9E,
    0xF8, 0xE7, 0x13, 0xDE, 0xE2, 0xC1, 0xA1, 0xEF, 0x82, 0x41, 0xC1, 0x07, 0x8A, 0xBD, 0x0A, 0x15,
    0x7A, 0x61, 0x78, 0xCB, 0x10, 0xB1, 0x0A, 0x1C, 0x37, 0xE2, 0x8E, 0x08, 0x7B, 0x85, 0xD0, 0x05,
    0xEA, 0x87, 0xB4, 0x97, 0xF8, 0x92, 0x4A, 0xEB, 0x43, 0x52, 0x78, 0xC8, 0x0F, 0x0F, 0x81, 0xDF,
    0x77, 0xB8, 0x35, 0x3E, 0x61, 0xA6, 0x66, 0xDE, 0x51, 0xF1, 0x11, 0xB6, 0xFE, 0xEF, 0xFD, 0x12,
    0xB1, 0xDB, 0x3B, 0x58, 0x03, 0x52, 0xB2, 0x71, 0xBC, 0xC0, 0xF4, 0xA5, 0xC8, 0xB5, 0xD4, 0x67,
    0x8C, 0x2E, 0x00, 0x08, 0x46, 0x64, 0x8B, 0xE9, 0x01, 0x2C, 0xA6, 0x5B, 0x35, 0x85, 0xB4, 0x12,
    0x97, 0xAC, 0x9E, 0xE0, 0xE1, 0x8E, 0x85, 0xA5, 0x33, 0xCF, 0x2F, 0xFE, 0xD0, 0x23, 0xDF, 0xF4,
    0x49, 0xD3, 0x83, 0x71, 0xCC, 0x50, 0x6A, 0x7E, 0x26, 0xBF, 0x86, 0x2F, 0x9E, 0x35, 0xA4, 0x4A,
    0x32, 0x80, 0xE3, 0x3A, 0xA8, 0x45, 0xD5, 0x04, 0xC7, 0x21, 0x3B, 0x90, 0xAB, 0x85, 0xD1, 0x4C,
    0x95, 0xB7, 0x6D, 0x03, 0xEE, 0x6B, 0xB2, 0xA7, 0x49, 0x83, 0x4E, 0xA4, 0x42, 0x47, 0x80, 0x4F,
    0x59, 0xD8, 0x07, 0x16, 0x95, 0xF0, 0x63, 0x49, 0xF6, 0x44, 0x35, 0x66, 0xB0, 0x63, 0xB3, 0x55,
    0xCA, 0x24, 0xF0, 0xC3, 0x9A, 0xC7, 0xA8, 0xDE, 0x32, 0xA2, 0xA7, 0x45, 0x04, 0x23, 0x50, 0x85,
    0x03, 0xB0, 0x7A, 0x68, 0x2A, 0xD8, 0x01, 0x74, 0x58, 0x27, 0x6E, 0xB5, 0xE6, 0x2F, 0x22, 0xA5,
    0x77, 0x33, 0x86, 0x85, 0x12, 0xD4, 0x15, 0x88, 0x15, 0x54, 0x8D, 0x4E, 0x69, 0x60, 0x95, 0x87,
    0x0D, 0x76, 0xC7, 0x68, 0x41, 0x01, 0x4A, 0xB0, 0xF9, 0x11, 0xD5, 0x17, 0xBE, 0xF0, 0x62, 0xE1,
    0x0A, 0xEB, 0xC2, 0x12, 0x96, 0x7A, 0x16, 0x79, 0xD6, 0x78, 0x7E, 0x50, 0xE1, 0x2B, 0x16, 0x78,
    0x96, 0x76, 0x58, 0xA3, 0x84, 0x71, 0x85, 0xE2, 0x9E, 0xDB, 0xAD, 0xA4, 0x7B, 0x96, 0xF6, 0x0D,
    0xD0, 0x49, 0x86, 0xD6, 0x49, 0xE2, 0xC9, 0x75, 0x48, 0x87, 0x5B, 0x54, 0x23, 0x65, 0x53, 0x8B,
    0x94, 0x2A, 0xAF, 0xEB, 0x16, 0x35, 0x34, 0x26, 0xC7, 0x21, 0x46, 0x5A, 0xE5, 0xD9, 0xA5, 0x8E,
    0xA8, 0xD8, 0xC8, 0x77, 0xD6, 0xF7, 0x36, 0x92, 0xD9, 0x1E, 0xD0, 0x29, 0xF0, 0xDC, 0x46, 0x6E,
    0xAC, 0x44, 0xD3, 0xD7, 0xA0, 0xE0, 0xD6, 0x4D, 0x32, 0x9F, 0xC0, 0xFB, 0xD6, 0xFE, 0x15, 0x8B,
    0xEE, 0x12, 0x6A, 0xBC, 0x5A, 0xE2, 0x86, 0xB5, 0x42, 0xBE, 0xB7, 0x28, 0x8F, 0xF7, 0xE8, 0x4E,
    0x4A, 0xFB, 0xA1, 0x08, 0x66, 0x60, 0x4B, 0x03, 0xCB, 0xE2, 0xAF, 0x3D, 0xD5, 0x96, 0x82, 0xB6,
    0x69, 0x54, 0x52, 0x34, 0x2C, 0xC2, 0x0D, 0xB6, 0x20, 0xEE, 0x50, 0x26, 0xB1, 0xB9, 0xBD, 0xEF,
    0x02, 0xF3, 0x2F, 0x59, 0x1C, 0xA2, 0xD6, 0xED, 0xD6, 0x9B, 0x7C, 0x3C, 0xAF, 0x6A, 0x86, 0xDB,
    0x5E, 0x94, 0xE4, 0x0E, 0x4D, 0x4D, 0x9C, 0xA9, 0x65, 0x8B, 0xD8, 0x8C, 0x68, 0x6A, 0x38, 0xD2,
    0xD4, 0x89, 0xA6, 0x4E, 0xCA, 0x79, 0x2A, 0x56, 0x4B, 0x0B, 0x74, 0x23, 0xC2, 0x61, 0x43, 0x4B,
    0x72, 0x12, 0x1C, 0xBA, 0xD2, 0xB4, 0x41, 0x89, 0xAE, 0x25, 0xD9, 0x9D, 0x4C, 0xAC, 0xC4, 0x50,
    0x52, 0x32, 0xD8, 0x23, 0x86, 0x4B, 0xA2, 0x41, 0x78, 0x8F, 0x82, 0x36, 0xC7, 0x5A, 0x9D, 0x67,
    0xC6, 0x64, 0x63, 0xF6, 0xA7, 0x7D, 0xD2, 0x6A, 0x84, 0x8C, 0x58, 0x4A, 0x3F, 0x2B, 0xFD, 0x04,
    0x58, 0x3F, 0x44, 0x65, 0xA0, 0x0A, 0x64, 0x63, 0x5B, 0x56, 0x89, 0xD6, 0xD1, 0xDE, 0xF1, 0xC7,
    0xE0, 0x5A, 0xBF, 0xC0, 0x7A, 0x66, 0xF8, 0xBF, 0xEA, 0xB9, 0x94, 0x56, 0xD8, 0x73, 0xF1, 0x52,
    0x2B, 0x5C, 0xCB, 0xFD, 0x2D, 0xEE, 0xB9, 0x1C, 0xD6, 0xD4, 0x57, 0xA2, 0x6C, 0xE9, 0x95, 0xBF,
    0x15, 0x3D, 0x17, 0xAE, 0x4F, 0x96, 0xEE, 0x45, 0x1B, 0xA8, 0x05, 0xA6, 0xCF, 0x03, 0x4E, 0xD2,
    0xC2, 0x1F, 0x7D, 0x0A, 0x93, 0xA3, 0x77, 0x21, 0x0C, 0x47, 0x21, 0x0B, 0xEB, 0x8B, 0x74, 0x4D,
    0x67, 0x94, 0x4A, 0xD7, 0xF0, 0x56, 0x78, 0x4B, 0xD7, 0xDD, 0xCB, 0xE9, 0x3A, 0xFC, 0xEF, 0x74,
    0x2D, 0xF2, 0x13, 0x57, 0x4F, 0x38, 0x26, 0x2F, 0x1D, 0x1D, 0x9E, 0x23, 0x08, 0x01, 0x13, 0xFE,
    0x81, 0xCF, 0x9F, 0x5B, 0x56, 0x56, 0x56, 0xD1, 0x9B, 0x9F, 0xFF, 0x27, 0x5A, 0xE7, 0xF5, 0xE6,
    0xB2, 0xD2, 0x72, 0xB6, 0x09, 0x7C, 0x25, 0x76, 0xE4, 0xF1, 0xD2, 0x2B, 0x59, 0xE2, 0x32, 0x5B,
    0x06, 0xF5, 0x67, 0x88, 0x0A, 0x71, 0x50, 0xDD, 0xE4, 0x65, 0x90, 0x7E, 0xE1, 0xC3, 0xA2, 0xCC,
    0x96, 0x63, 0xA9, 0x0F, 0x08, 0xF8, 0xC0, 0x4D, 0x02, 0x4D, 0xDA, 0xD9, 0x45, 0x4A, 0xED, 0xB6,
    0x6A, 0xEF, 0x6B, 0xA6, 0x19, 0x5C, 0x13, 0xC8, 0xED, 0x9C, 0x16, 0x8D, 0x6E, 0x70, 0xB5, 0xBE,
    0x3F, 0xFA, 0xF6, 0xD9, 0xB8, 0x3E, 0x19, 0xA9, 0xFB, 0xD5, 0x7A, 0x2D, 0x8C, 0x6A, 0xE6, 0x51,
    0xC1, 0x73, 0x72, 0x74, 0x93, 0x41, 0x0E, 0x85, 0xE9, 0x0E, 0x0F, 0x6D, 0xF9, 0xE1, 0x61, 0xF6,
    0xCE, 0x95, 0xED, 0x43, 0x76, 0x20, 0xD6, 0x7E, 0x08, 0x75, 0x66, 0x77, 0x6A, 0x7F, 0x37, 0xC3,
    0x1F, 0x46, 0x8F, 0x8A, 0x9A, 0x39, 0xB0, 0x25, 0xBA, 0x5E, 0x9F, 0x56, 0x01, 0x9A, 0x56, 0xF8,
    0x3F, 0xA5, 0x44, 0x73, 0xF3, 0x54, 0x57, 0xBE, 0x72, 0x0A, 0x26, 0x92, 0x08, 0x6F, 0x38, 0xB2,
    0x3E, 0xC6, 0xE1, 0x72, 0xC7, 0x66, 0x3B, 0xB7, 0x5D, 0x8D, 0xA5, 0xE3, 0x59, 0x7C, 0xAB, 0x1D,
    0xAA, 0x5B, 0x5C, 0x49, 0xCD, 0x14, 0xA5, 0xB3, 0xFD, 0xC9, 0x8B, 0x98, 0xCE, 0xE6, 0xA0, 0xA1,
    0x41, 0x9F, 0xA3, 0x6F, 0xD9, 0x9D, 0x61, 0x72, 0x5D, 0xA0, 0x52, 0x62, 0xBB, 0x10, 0x9D, 0x70,
    0x01, 0xCA, 0x23, 0xF6, 0x7F, 0x45, 0xA2, 0x94, 0x81, 0xD2, 0xB4, 0x3C, 0x02, 0x24, 0x05, 0xE5,
    0x31, 0x8F, 0x01, 0x3F, 0xE3, 0x21, 0x20, 0x7B, 0x8F, 0x75, 0x24, 0xFD, 0xBD, 0xB6, 0x34, 0x93,
    0x92, 0x19, 0x3B, 0x3E, 0x12, 0x72, 0x86, 0x85, 0xE7, 0xFB, 0xF0, 0xD7, 0x27, 0xCA, 0x42, 0x3F,
    0x7F, 0xDD, 0xF5, 0xDB, 0xF2, 0xE3, 0x83, 0xF7, 0x08, 0xDE, 0x77, 0x3F, 0xBA, 0x83, 0x2C, 0xB2,
    0x8F, 0xE0, 0x6D, 0xBA, 0xDC, 0x3E, 0xD8, 0xB3, 0x64, 0x4D, 0xEC, 0x7C, 0x59, 0xB2, 0x52, 0xAD,
    0xC6, 0x40, 0xF3, 0x2B, 0xB0, 0x78, 0xFA, 0x9B, 0x0A, 0x4D, 0xD5, 0x1F, 0xA9, 0x78, 0xC4, 0xB6,
    0x25, 0xA4, 0xAC, 0x64, 0x77, 0xD6, 0xCA, 0x8A, 0x53, 0x7F, 0x5A, 0x8E, 0xFA, 0xF2, 0x82, 0xBC,
    0xDD, 0xC5, 0xBB, 0xD3, 0x89, 0xEF, 0x27, 0x58, 0x81, 0xE8, 0x14, 0xD2, 0x10, 0x49, 0x37, 0xB2,
    0x8F, 0xC1, 0xF0, 0xB0, 0xFD, 0x75, 0x6E, 0x0F, 0x9B, 0x11, 0x33, 0xF9, 0xFE, 0x7D, 0xBA, 0x44,
    0x2C, 0xD4, 0xD0, 0x9E, 0x5F, 0x9F, 0x75, 0x31, 0x5F, 0x10, 0xD4, 0xFE, 0xF5, 0xC0, 0x1B, 0x0C,
    0x43, 0x5F, 0x82, 0x52, 0xF7, 0x82, 0x86, 0x47, 0x06, 0xA9, 0x3B, 0xC4, 0xD5, 0xAC, 0xEF, 0x37,
    0x32, 0x79, 0x55, 0xF9, 0x2A, 0xC5, 0xAA, 0xF1, 0x8C, 0x16, 0x0C, 0xED, 0x87, 0x7C, 0x77, 0xAF,
    0x31, 0xF2, 0x0A, 0x7E, 0xE1, 0xA1, 0x29, 0x47, 0x0C, 0xA4, 0x08, 0x87, 0x70, 0xE9, 0x4D, 0x3F,
    0xF0, 0x5D, 0xE0, 0x3B, 0x6E, 0xCD, 0xA0, 0x77, 0xCE, 0x61, 0x44, 0x14, 0x0C, 0x07, 0xF9, 0xE1,
    0xE9, 0xF5, 0xFB, 0xDE, 0x61, 0xB7, 0x42, 0xFB, 0x07, 0xCD, 0x85, 0xDB, 0x26, 0x22, 0xBF, 0x49,
    0xC0, 0xED, 0xCD, 0xC1, 0xE7, 0x46, 0x04, 0xA3, 0xEF, 0xB2, 0x9C, 0xFF, 0x6F, 0x5B, 0x95, 0xA0,
    0x58, 0x8A, 0xAB, 0x21, 0x22, 0xD3, 0x2C, 0x24, 0xEC, 0x3A, 0xD4, 0xA3, 0x82, 0xEF, 0x39, 0x32,
    0x12, 0x71, 0x64, 0x51, 0x22, 0x86, 0xE0, 0xEA, 0x1E, 0xF1, 0xEA, 0x9B, 0x27, 0xEC, 0x27, 0x3A,
    0xFE, 0x50, 0xCB, 0x9D, 0xF6, 0x36, 0x6C, 0xAD, 0x8C, 0xE5, 0xCB, 0x1B, 0x17, 0x93, 0x08, 0x48,
    0xA3, 0xFF, 0xDD, 0x2B, 0x19, 0x91, 0xB7, 0xC2, 0xC7, 0x04, 0x7E, 0x4A, 0x2D, 0xF1, 0xBC, 0x74,
    0x7E, 0x77, 0xAE, 0xAD, 0x1A, 0x36, 0x89, 0x7B, 0xA1, 0x72, 0x23, 0x49, 0x6B, 0x1B, 0xD7, 0x27,
    0x2A, 0xFA, 0xC9, 0xCB, 0xE8, 0xF9, 0xC5, 0xC5, 0xC8, 0xD4, 0x46, 0xB4, 0x25, 0x5A, 0xAC, 0x0F,
    0xDF, 0x1B, 0x69, 0xBF, 0xE8, 0xDF, 0x18, 0xE5, 0xFF, 0xF1, 0xC6, 0x68, 0xA3, 0x8E, 0x74, 0x0A,
    0x8F, 0xAA, 0x5F, 0x8A, 0xF9, 0x72, 0x70, 0xED, 0xF7, 0xE6, 0x00, 0x8F, 0x3F, 0xD6, 0xC9, 0xE0,
    0x36, 0x5C, 0xCF, 0x89, 0xFF, 0x02, 0x59, 0x3E, 0xB3, 0x1D, 0xCF, 0x08, 0x3C, 0x20, 0x24, 0x6D,
    0x30, 0xA0, 0x81, 0xEA, 0x79, 0x2E, 0xE0, 0xA1, 0x80, 0x27, 0x02, 0x1C, 0x07, 0x5A, 0x9E, 0x05,
    0x78, 0x10, 0xE0, 0x29, 0xE0, 0x52, 0x09, 0x34, 0x29, 0xBE, 0x01, 0x0D, 0x8E, 0xB1, 0x09, 0x02,
    0x31, 0x18, 0x46, 0x3F, 0x12, 0x50, 0x30, 0x45, 0xB0, 0xB0, 0x10, 0x0B, 0x1B, 0x0B, 0x1B, 0xC9,
    0x02, 0xDE, 0x25, 0xE0, 0x0C, 0xD6, 0xB6, 0x8E, 0x60, 0x71, 0xF1, 0xFE, 0x11, 0xDC, 0xC0, 0x25,
    0x2C, 0x83, 0x97, 0x11, 0x82, 0xAD, 0x4D, 0x36, 0x30, 0xC5, 0x15, 0x27, 0xA8, 0x31, 0x7C, 0xAF,
    0x7C, 0x3C, 0xBE, 0x13, 0x2C, 0x14, 0x24, 0x21, 0xF1, 0x24, 0x83, 0x02, 0xD6, 0x40, 0x86, 0x78,
    0x79, 0xB5, 0x4B, 0x00, 0xC4, 0xBB, 0x51, 0xF9, 0x53, 0x2D, 0xD2, 0x6C, 0x8F, 0x2E, 0x53, 0xCE,
    0x66, 0xC5, 0xE8, 0x7C, 0x20, 0x5D, 0x9C, 0x01, 0xCD, 0xBD, 0xA9, 0x78, 0xEC, 0xC6, 0xA9, 0xE2,
    0x01, 0xD0, 0x5E, 0x07, 0x1E, 0xB8, 0x17, 0x34, 0x87, 0x8C, 0xBA, 0xB7, 0xEE, 0xB6, 0xB5, 0x4E,
    0xF7, 0x32, 0xB2, 0x47, 0x14, 0xCF, 0xA8, 0xAE, 0xE4, 0x2C, 0x8E, 0xA3, 0x8B, 0x56, 0x24, 0xBF,
    0xE0, 0xA5, 0x3F, 0x01, 0xA4, 0x29, 0xEC, 0x5B, 0xE4, 0x1F, 0xF2, 0x80, 0x1A, 0xAD, 0x69, 0x4D,
    0x0D, 0x66, 0x84, 0xE7, 0x65, 0x4B, 0xE3, 0xCA, 0x0B, 0x46, 0x02, 0x32, 0x21, 0x4D, 0x53, 0xEB,
    0x45, 0xD8, 0xA0, 0x36, 0x3A, 0x28, 0xFF, 0x07, 0x0D, 0xC6, 0xB1, 0x09, 0x80, 0x30, 0x10, 0x40,
    0xD1, 0xAF, 0x01, 0x53, 0xDE, 0x08, 0xD9, 0xC0, 0x5B, 0x40, 0xCC, 0x0D, 0x26, 0x21, 0x63, 0x59,
    0x58, 0x64, 0x04, 0x47, 0x70, 0x84, 0x14, 0x29, 0x15, 0xBC, 0xE2, 0xC1, 0x43, 0x1F, 0xC8, 0x03,
    0x96, 0x17, 0xB8, 0xDC, 0xE1, 0xFC, 0xD3, 0x07, 0xC1, 0xC5, 0x02, 0xB2, 0xC3, 0x9A, 0x61, 0x73,
    0xA7, 0x42, 0x57, 0xE6, 0x9E, 0x2C, 0xB4, 0x64, 0xD2, 0xA4, 0x8A, 0xC9, 0x9D, 0x91, 0x51, 0x88,
    0xFD, 0x07, 0x95, 0x56, 0x3D, 0x6F, 0xE4, 0x54, 0x14, 0xBD, 0xF6, 0xD3, 0xAE, 0x05, 0x96, 0x78,
    0x25, 0x45, 0x24, 0xDC, 0x52, 0xC0, 0x3E, 0x4A, 0x90, 0xB2, 0xB1, 0x25, 0xCA, 0x2D, 0xA0, 0x49,
    0xB6, 0x48, 0x91, 0x86, 0x3E, 0x94, 0x5B, 0x6C, 0xC6, 0x2E, 0xF8, 0x01, 0x34, 0x40, 0xB1, 0x48,
    0x50, 0xD0, 0x2F, 0x25, 0x45, 0x66, 0x6C, 0xD1, 0x50, 0xD0, 0xB8, 0xD8, 0x54, 0x14, 0x18, 0x94,
    0x5D, 0x0A, 0x24, 0xB0, 0xC4, 0x0C, 0x4C, 0x24, 0x8F, 0x1F, 0xE7, 0xDC, 0x37, 0x93, 0x99, 0xCD,
    0x02, 0x12, 0x13, 0xCF, 0x79, 0x49, 0x6C, 0xDF, 0x8F, 0x73, 0x3F, 0x45, 0x64, 0x2A, 0xFC, 0xAC,
    0x08, 0x66, 0x24, 0x26, 0x9E, 0x68, 0x4B, 0xA2, 0xCB, 0x89, 0xFB, 0x79, 0x01, 0xFC, 0xC6, 0x55,
    0xC0, 0x3E, 0x03, 0x9A, 0xCE, 0x36, 0x78, 0xB0, 0x21, 0x5A, 0xEF, 0x81, 0xEE, 0xF0, 0xA4, 0xC5,
    0x83, 0x92, 0x76, 0x22, 0xE7, 0x92, 0x00, 0x7B, 0x31, 0xB8, 0x3A, 0x62, 0xD2, 0x10, 0xB3, 0x4B,
    0x49, 0xAF, 0xA4, 0x1E, 0x24, 0x57, 0x05, 0xF8, 0x78, 0xEF, 0x5B, 0xC9, 0x2E, 0xEE, 0x37, 0x62,
    0x1B, 0xD3, 0x48, 0x46, 0x70, 0x95, 0x29, 0x44, 0xF5, 0xA9, 0x6A, 0x85, 0xD2, 0x43, 0x5E, 0x7D,
    0x34, 0xD0, 0x4C, 0xFC, 0x63, 0xE0, 0xFD, 0x01, 0x4F, 0x46, 0x84, 0x78, 0x89, 0x3F, 0x09, 0x62,
    0xE6, 0x32, 0x83, 0xA2, 0x78, 0x90, 0xE3, 0xC5, 0xE3, 0x0E, 0xD2, 0xC7, 0xB5, 0x9E, 0x48, 0x7F,
    0xCD, 0x2E, 0x6A, 0x2A, 0xB2, 0x9D, 0x64, 0x15, 0xC0, 0x11, 0xF2, 0xC2, 0xB6, 0x78, 0x33, 0x6B,
    0x00, 0x90, 0x5C, 0xDE, 0x5E, 0x42, 0x91, 0xBF, 0x14, 0x19, 0x8F, 0xBC, 0x2A, 0x6A, 0x00, 0x59,
    0x03, 0x45, 0xB6, 0x81, 0x0E, 0xC0, 0x5C, 0x5C, 0x03, 0x67, 0xF2, 0x0A, 0xE0, 0x65, 0x6F, 0x71,
    0xBA, 0xC4, 0x0B, 0xBE, 0xDA, 0x7A, 0xD4, 0xCB, 0xC9, 0xC5, 0x51, 0xCF, 0x47, 0xA1, 0xA8, 0x89,
    0x5B, 0x9A, 0xD8, 0xD0, 0xE2, 0x62, 0xD7, 0x23, 0xC2, 0x8C, 0xA0, 0xF4, 0x0F, 0xCF, 0x41, 0x04,
    0x23, 0x24, 0x26, 0xC0, 0x23, 0x21, 0x75, 0x22, 0xC7, 0x57, 0x2A, 0x5D, 0x76, 0x3E, 0x99, 0x57,
    0xE6, 0x6F, 0x2D, 0x8E, 0x34, 0x78, 0x5D, 0xCC, 0x87, 0xA3, 0x56, 0x1F, 0x8F, 0x1B, 0x3D, 0xCC,
    0xE6, 0x60, 0x40, 0x24, 0x2D, 0x18, 0x1D, 0xB1, 0x02, 0x9F, 0xF5, 0xC0, 0xDB, 0x72, 0x27, 0x1C,
    0xFB, 0xE4, 0x40, 0xE4, 0xA1, 0x68, 0x90, 0xE7, 0x1A, 0x81, 0xA8, 0x57, 0x63, 0x4D, 0xAB, 0x47,
    0xDA, 0xA8, 0xD5, 0x2E, 0xD8, 0x3D, 0x1E, 0x1E, 0x42, 0x6B, 0xEA, 0x95, 0x59, 0x07, 0xCD, 0xE0,
    0x36, 0xC7, 0xAB, 0x90, 0x72, 0x40, 0xE1, 0x0D, 0x24, 0x22, 0x43, 0x2A, 0x79, 0x10, 0x8E, 0xAF,
    0x79, 0x14, 0x1B, 0xD3, 0xFD, 0x18, 0xFB, 0x41, 0x4E, 0x9F, 0x48, 0xD9, 0xF2, 0x51, 0xE8, 0xC4,
    0x7B, 0x65, 0xC1, 0x90, 0xC2, 0xC5, 0xBC, 0x60, 0x0A, 0x22, 0x2A, 0x35, 0xF1, 0x0C, 0xEA, 0xCA,
    0x68, 0x0E, 0x6D, 0x33, 0xD3, 0x82, 0x9E, 0xA9, 0x2D, 0x80, 0xC3, 0xDD, 0x88, 0x38, 0x27, 0x4D,
    0xBE, 0x85, 0xEB, 0xB1, 0x2F, 0xE0, 0x6B, 0xBC, 0xD2, 0xAC, 0x9B, 0x2B, 0xF6, 0xCC, 0xC3, 0xBD,
    0x85, 0x9C, 0x2C, 0x10, 0xA2, 0x5D, 0xF2, 0x82, 0xD5, 0x27, 0x9F, 0x9C, 0x3C, 0xD9, 0xD0, 0x60,
    0x85, 0x69, 0x6D, 0xD5, 0xFB, 0xD7, 0xD4, 0xF9, 0x37, 0xD4, 0xE9, 0xFD, 0x35, 0xD2, 0xF3, 0x07,
    0xEA, 0xF8, 0xD7, 0x5A, 0x2A, 0x3D, 0x03, 0x15, 0x75, 0xC4, 0x98, 0xD9, 0x01, 0x8A, 0x69, 0x49,
    0x52, 0x30, 0x08, 0x96, 0xAA, 0xCF, 0xF6, 0x89, 0xC8, 0x86, 0xE3, 0x85, 0x94, 0xD5, 0x56, 0x7B,
    0xE4, 0x57, 0xB8, 0x24, 0x6B, 0x79, 0x59, 0x26, 0x24, 0x55, 0xE3, 0x82, 0x6A, 0xA7, 0x99, 0x9F,
    0xCB, 0x73, 0x17, 0x54, 0x4F, 0x98, 0x94, 0x34, 0x39, 0xB0, 0x3E, 0x6C, 0xAF, 0x48, 0x2F, 0xA8,
    0xE6, 0x35, 0xE7, 0x15, 0x1C, 0x0F, 0xD7, 0xDE, 0x15, 0x2F, 0xF8, 0x5E, 0x6F, 0xB5, 0xC3, 0x4A,
    0xFB, 0xB4, 0xA6, 0x58, 0x4D, 0xEB, 0xB4, 0x57, 0xBE, 0x50, 0x0A, 0xF1, 0x00, 0x53, 0xE2, 0xC1,
    0x35, 0x90, 0x08, 0x2B, 0xA2, 0x01, 0x8A, 0xA3, 0x01, 0x4F, 0xC6, 0x04, 0xB3, 0x24, 0xCC, 0x01,
    0x49, 0x0F, 0xB0, 0x5D, 0xCE, 0x20, 0xD3, 0xDA, 0x0A, 0xA1, 0xAB, 0x21, 0x07, 0x65, 0x17, 0x8F,
    0xA7, 0x48, 0x30, 0x37, 0xEE, 0x12, 0x0D, 0x5F, 0x4F, 0x2F, 0x0E, 0xC1, 0xF4, 0x4D, 0x5F, 0x2B,
    0xF5, 0xB5, 0xB8, 0xE9, 0x6B, 0xA9, 0xF9, 0x35, 0xD3, 0xC2, 0xF8, 0x9F, 0xBE, 0x1E, 0x5F, 0xED,
    0xC6, 0x19, 0x45, 0xBF, 0x64, 0xD1, 0xFB, 0x02, 0x9E, 0x66, 0x4C, 0x32, 0xA4, 0xBD, 0x63, 0x09,
    0xE4, 0xA2, 0xA0, 0x95, 0x0F, 0x93, 0x26, 0x4C, 0xDC, 0x29, 0x13, 0x6F, 0x7C, 0x3C, 0xD0, 0x66,
    0x54, 0xC7, 0xF8, 0x15, 0x9D, 0x7F, 0xB1, 0x0C, 0x15, 0xF6, 0x58, 0x8B, 0xF5, 0x4E, 0x2D, 0xD6,
    0x63, 0x81, 0xD6, 0x06, 0xDF, 0xD1, 0x15, 0x98, 0x13, 0x86, 0x45, 0x68, 0x1A, 0x68, 0x89, 0xB5,
    0x45, 0x86, 0xA2, 0xDA, 0x16, 0x7E, 0x7D, 0x5D, 0xFD, 0x37, 0x20, 0xD7, 0xBC, 0x2B, 0x42, 0x35,
    0x3E, 0x04, 0xA9, 0x42, 0x52, 0x1F, 0xC1, 0x06, 0xB7, 0x69, 0x31, 0xAC, 0xFA, 0xDE, 0x1D, 0xAE,
    0xEE, 0x77, 0x07, 0xD1, 0x60, 0xDA, 0xFD, 0x78, 0x69, 0x9A, 0xD7, 0xE3, 0x79, 0x5C, 0xED, 0x18,
    0xA8, 0x10, 0x4A, 0x5E, 0x0B, 0xBE, 0x0D, 0x15, 0xB9, 0x86, 0xEC, 0xDA, 0x22, 0xF7, 0x5C, 0x9B,
    0x8D, 0xEA, 0x8F, 0x59, 0xD1, 0xFD, 0xC6, 0xAB, 0xDC, 0xF7, 0xD6, 0x37, 0xC9, 0x58, 0x44, 0x2B,
    0x5C, 0x6C, 0x0A, 0x32, 0x4A, 0xCC, 0x4E, 0xCC, 0x86, 0x8E, 0x72, 0xB5, 0x7C, 0xA8, 0xBA, 0x43,
    0x41, 0xCD, 0x43, 0x15, 0xCC, 0x77, 0xED, 0xCF, 0xAA, 0xF8, 0xAF, 0xE6, 0x7A, 0x94, 0x84, 0xB1,
    0x12, 0x6B, 0x7F, 0x8B, 0x54, 0x7C, 0x4C, 0x8B, 0x5E, 0x4A, 0x94, 0x95, 0xDF, 0x55, 0x97, 0xDE,
    0x74, 0xDD, 0x4E, 0x7B, 0xAB, 0xBD, 0x81, 0x2D, 0xD9, 0x42, 0x66, 0x05, 0x1D, 0x5A, 0x32, 0x0C,
    0x74, 0x2C, 0x1A, 0x52, 0x8A, 0x1E, 0x32, 0x65, 0xED, 0xAE, 0xBE, 0x3D, 0xDF, 0xBE, 0xAD, 0x2E,
    0x8A, 0x6B, 0x55, 0x04, 0x95, 0x45, 0x7F, 0x69, 0xF4, 0x7E, 0xA2, 0x06, 0x5B, 0x0D, 0xEA, 0xEC,
    0x4C, 0x3B, 0x2D, 0x9C, 0x8E, 0x7B, 0xD2, 0xBD, 0x77, 0x19, 0x95, 0xE8, 0x45, 0xA3, 0xF1, 0xC3,
    0xC6, 0xF5, 0x7B, 0xBE, 0x7F, 0x75, 0x11, 0xF9, 0xF7, 0xA1, 0x71, 0x4A, 0x2A, 0x07, 0x52, 0x39,
    0x90, 0x4A, 0x8E, 0x82, 0x68, 0x19, 0xE6, 0x01, 0x26, 0xD6, 0x1C, 0x90, 0xC0, 0xCE, 0xA7, 0x50,
    0x86, 0x51, 0x88, 0x79, 0x37, 0xDE, 0xFB, 0x2F, 0xD2, 0x23, 0xB4, 0x3C, 0x31, 0x4C, 0xCD, 0xEB,
    0x1A, 0x11, 0xEA, 0x3D, 0xB9, 0xC4, 0xAD, 0x8F, 0xF5, 0xE1, 0x3C, 0x3C, 0x5E, 0x86, 0x17, 0x66,
    0xA2, 0xFD, 0x68, 0x1A, 0x82, 0x34, 0x5C, 0x1F, 0x1C, 0x8A, 0x83, 0x8E, 0x45, 0xCE, 0x8B, 0x99,
    0xD4, 0x4C, 0x55, 0xCC, 0x47, 0x26, 0x2B, 0x7C, 0x7B, 0xB7, 0xD7, 0x03, 0xF6, 0xE3, 0x76, 0x09,
    0x0B, 0x71, 0xBB, 0x86, 0x0F, 0xB8, 0xBD, 0x82, 0x6D, 0xA6, 0x37, 0xAC, 0x77, 0x0E, 0xCA, 0xD3,
    0x4B, 0x8E, 0xCA, 0x78, 0xE3, 0x7B, 0x28, 0x20, 0x98, 0xF3, 0x42, 0xBA, 0xFC, 0xEB, 0x54, 0x9E,
    0xD1, 0xD6, 0x55, 0x98, 0xCA, 0xA8, 0x25, 0x42, 0xB4, 0x9E, 0xCA, 0x25, 0x15, 0xFA, 0x7F, 0x9C,
    0xCA, 0x6B, 0x5D, 0x29, 0x33, 0xFB, 0xE4, 0xA9, 0x94, 0x9F, 0xB1, 0x35, 0x71, 0xC0, 0x4E, 0x79,
    0xA6, 0x3A, 0x75, 0x6C, 0x83, 0x6E, 0x41, 0x3E, 0x2A, 0x36, 0x08, 0x76, 0x8D, 0x99, 0x9E, 0x79,
    0xB1, 0x0A, 0xA7, 0x12, 0x82, 0x93, 0xD6, 0x43, 0x7F, 0x79, 0x7F, 0xA9, 0xD6, 0xCD, 0xCC, 0x52,
    0x09, 0x5C, 0x19, 0xE5, 0x46, 0x86, 0xC0, 0x8A, 0x0C, 0x30, 0x09, 0xA6, 0x45, 0xE4, 0xCC, 0x28,
    0x27, 0x08, 0x6C, 0x2B, 0xAA, 0x14, 0xD5, 0xF0, 0xEA, 0x95, 0xB8, 0x4F, 0x49, 0xAA, 0xAF, 0x12,
    0xDF, 0x6E, 0xCD, 0xDC, 0xD3, 0xA6, 0xE0, 0x3F, 0x19, 0xD9, 0x08, 0x29, 0xC7, 0x2A, 0xF7, 0x19,
    0x13, 0x01, 0xC9, 0xCF, 0xA6, 0xAF, 0x5B, 0x01, 0xB7, 0x97, 0x9E, 0x56, 0x13, 0xCD, 0x52, 0x4B,
    0x50, 0x69, 0x8A, 0x47, 0xAE, 0x47, 0x56, 0xD7, 0xA6, 0xAC, 0x09, 0x41, 0xCE, 0x14, 0xC9, 0xEC,
    0xB9, 0x68, 0xC3, 0xA5, 0xE1, 0x7B, 0x3D, 0xCB, 0x30, 0xAF, 0xAE, 0xEB, 0x30, 0x1D, 0x7B, 0x29,
    0xBF, 0xE8, 0xE3, 0x65, 0xDA, 0x27, 0x5D, 0xD2, 0x91, 0x18, 0xAC, 0x2F, 0x8D, 0x2B, 0xD0, 0x7D,
    0x91, 0xCF, 0xB9, 0x52, 0x93, 0x15, 0x10, 0xA4, 0x2B, 0x8C, 0x2B, 0x6A, 0xB1, 0xBF, 0xFA, 0xCF,
    0xCD, 0x98, 0x31, 0x82, 0xC9, 0xBA, 0x53, 0xA5, 0xCA, 0x0F, 0x2D, 0x59, 0x6D, 0xCA, 0xCF, 0xDC,
    0x83, 0x37, 0xE9, 0xEC, 0x04, 0x6D, 0x99, 0x33, 0x20, 0x6B, 0x51, 0x0B, 0x4E, 0xE3, 0x26, 0x42,
    0xC0, 0x6F, 0x07, 0x24, 0x66, 0x42, 0xA2, 0x14, 0x0E, 0x44, 0x83, 0x62, 0x2B, 0xD5, 0x25, 0xF6,
    0xD9, 0x92, 0x5D, 0x76, 0xB3, 0xFA, 0xDC, 0xC6, 0x32, 0xE2, 0x1E, 0xA1, 0x63, 0xC5, 0x10, 0x17,
    0xF7, 0x69, 0x67, 0x7A, 0x18, 0xDB, 0xB8, 0xA6, 0x94, 0xFC, 0xBD, 0x51, 0xF2, 0x5B, 0xA7, 0x30,
    0x38, 0xC1, 0xDC, 0x30, 0x1D, 0x06, 0x7C, 0x4B, 0x16, 0xD2, 0x3F, 0x47, 0x08, 0x58, 0x17, 0x7D,
    0xD9, 0x84, 0x12, 0x66, 0xA4, 0xB4, 0xF5, 0x4E, 0xD7, 0x89, 0xC6, 0xF0, 0x43, 0xCB, 0x78, 0xDA,
    0xA8, 0xC4, 0x36, 0x6D, 0x2D, 0xF6, 0x19, 0x57, 0x51, 0x16, 0xBF, 0x29, 0xBF, 0x2D, 0x5B, 0x79,
    0x20, 0xC4, 0x81, 0x92, 0x33, 0x49, 0x9F, 0xCD, 0xB7, 0xC6, 0xA5, 0xB0, 0x14, 0x7B, 0x44, 0xD4,
    0x3B, 0xF4, 0x66, 0xA7, 0x4F, 0x66, 0x68, 0x05, 0x0E, 0x0D, 0x36, 0xF7, 0x61, 0xDD, 0xCC, 0xAF,
    0xB5, 0xBD, 0x0C, 0x1A, 0xEE, 0xC2, 0x3B, 0xEE, 0x14, 0xEB, 0xF7, 0x4B, 0xAC, 0x15, 0x57, 0x65,
    0x61, 0x60, 0xB3, 0x01, 0xF9, 0xB1, 0x56, 0x06, 0x36, 0x21, 0xB6, 0xC5, 0x0C, 0xF6, 0xDE, 0x1A,
    0xD7, 0x6F, 0x3B, 0x79, 0x1B, 0xE7, 0xDB, 0xAC, 0x08, 0x74, 0x6D, 0x36, 0xED, 0x3D, 0xB0, 0x51,
    0xF6, 0x76, 0x9E, 0x74, 0xEF, 0xF4, 0x49, 0xFB, 0x21, 0xD6, 0x28, 0x8C, 0xFD, 0x6F, 0x41, 0xFA,
    0xF7, 0x60, 0x90, 0x5B, 0xE9, 0x63, 0xAC, 0x3D, 0x10, 0x97, 0x27, 0x2D, 0xAB, 0xF5, 0xAD, 0x3C,
    0x5A, 0x74, 0x13, 0xF1, 0xD5, 0x54, 0xEE, 0xB2, 0xFF, 0x7F, 0x85, 0x26, 0x86, 0x48, 0x24, 0x3D,
    0x22, 0x91, 0x74, 0x08, 0x51, 0xCA, 0xD9, 0x92, 0x32, 0xC1, 0xC8, 0x02, 0x5B, 0x0E, 0xE4, 0x5D,
    0x20, 0xBB, 0x98, 0x15, 0xC2, 0xB4, 0x08, 0x53, 0x8D, 0x1E, 0x12, 0x7E, 0x40, 0xEC, 0xEC, 0xD5,
    0x7A, 0x76, 0x70, 0x89, 0x82, 0x1B, 0x81, 0x46, 0xE4, 0x52, 0xD2, 0x33, 0x61, 0x41, 0x63, 0xBF,
    0xA5, 0x72, 0x43, 0x23, 0x53, 0xF3, 0xEC, 0x79, 0x1A, 0xA2, 0xFA, 0x47, 0xD4, 0x4E, 0x79, 0xC5,
    0x95, 0xAF, 0xD1, 0x89, 0xAD, 0xC0, 0xB5, 0x85, 0x30, 0x21, 0x4C, 0xF9, 0xBF, 0xF3, 0xB0, 0xA6,
    0x4F, 0x08, 0xE7, 0x4C, 0x27, 0x56, 0x1D, 0x46, 0x23, 0x16, 0x84, 0x2A, 0x34, 0xBF, 0x9B, 0x73,
    0x8A, 0x19, 0x99, 0x75, 0xBA, 0x1A, 0xB2, 0xDE, 0xFA, 0x12, 0x53, 0xA6, 0xFC, 0xC3, 0x7F, 0xE7,
    0x1B, 0xE3, 0xB3, 0xDF, 0x5C, 0x93, 0x2C, 0xED, 0x1C, 0x56, 0x77, 0x16, 0xC1, 0xDF, 0xFE, 0xD0,
    0xE7, 0xAC, 0x72, 0x05, 0xBF, 0x34, 0x41, 0xAD, 0x56, 0xB3, 0xF8, 0x33, 0xD1, 0xEF, 0x14, 0x79,
    0x3B, 0x95, 0xFA, 0x83, 0x33, 0x5A, 0xD5, 0xDD, 0x9E, 0xCB, 0x97, 0x25, 0xC8, 0x4C, 0x10, 0x16,
    0x83, 0x14, 0x4D, 0x3A, 0xD3, 0xA5, 0x6D, 0xA8, 0xAB, 0x1D, 0xA9, 0x2A, 0x33, 0x48, 0xAC, 0xC5,
    0xFD, 0xE0, 0x3F, 0x4A, 0x57, 0x19, 0xAC, 0x7E, 0x05, 0xB6, 0xBD, 0x19, 0x96, 0x60, 0xAC, 0x89,
    0x82, 0x40, 0x6B, 0x77, 0xE8, 0x39, 0x69, 0xC2, 0xBA, 0x09, 0x47, 0x30, 0x9E, 0xAC, 0xEF, 0xEC,
    0xB3, 0x21, 0xAB, 0x26, 0xAE, 0x38, 0x70, 0x32, 0xC9, 0x65, 0xEA, 0x64, 0xB0, 0xBF, 0xF4, 0x5B,
    0x26, 0x67, 0x0C, 0x46, 0xBA, 0x92, 0xD9, 0x29, 0x9A, 0x26, 0x03, 0x22, 0x18, 0x6B, 0x48, 0x81,
    0x41, 0xA3, 0xBA, 0xCC, 0x8A, 0xA4, 0x8B, 0x96, 0x0C, 0x4A, 0xCC, 0x16, 0xD9, 0x9A, 0x45, 0xAD,
    0x5D, 0x65, 0x42, 0xEC, 0x0E, 0x60, 0x18, 0xC3, 0x15, 0xF2, 0xFE, 0x1C, 0xCD, 0xDA, 0xFE, 0x8A,
    0x5D, 0x73, 0xC0, 0x0E, 0x2C, 0x7F, 0x03, 0xCD, 0x5A, 0x3D, 0x6F, 0xE4, 0xD6, 0x15, 0xBD, 0xC3,
    0x49, 0x96, 0xC9, 0xB2, 0x60, 0x8A, 0x20, 0xBB, 0x89, 0x81, 0x30, 0xA5, 0x81, 0x04, 0xE6, 0x1F,
    0xD8, 0x1D, 0x12, 0x6E, 0xD2, 0xBA, 0x59, 0x04, 0x81, 0x0A, 0x35, 0xDB, 0x6F, 0x93, 0x62, 0x0B,
    0x49, 0x43, 0xC7, 0x7F, 0xC0, 0x55, 0x5C, 0xB8, 0xC8, 0x16, 0x2E, 0x82, 0xB8, 0x70, 0xE3, 0xC2,
    0xC5, 0x48, 0x43, 0xC3, 0x7F, 0x60, 0x9A, 0xA4, 0x49, 0xC3, 0x62, 0x37, 0x29, 0xD2, 0x4C, 0x00,
    0x2A, 0xA0, 0x6C, 0xCE, 0x30, 0xE7, 0xDC, 0xCB, 0x47, 0x72, 0xF4, 0x11, 0xDB, 0x90, 0x66, 0x34,
    0x84, 0x78, 0xA5, 0xA1, 0x86, 0xEF, 0xDD, 0x73, 0xDE, 0x7D, 0xF7, 0x9D, 0xFB, 0x48, 0x91, 0xD1,
    0x4A, 0x44, 0xC6, 0x6B, 0x98, 0xA0, 0x81, 0x09, 0x69, 0x92, 0x04, 0xE6, 0x24, 0x86, 0xA9, 0xA3,
    0x54, 0x46, 0x55, 0x94, 0xC9, 0x78, 0x19, 0xE6, 0x12, 0x2C, 0x60, 0xC2, 0x1C, 0x26, 0x49, 0x61,
    0xA6, 0xB8, 0x20, 0x4D, 0xD3, 0x14, 0x23, 0x9A, 0xF1, 0xD7, 0x7F, 0xFD, 0x74, 0x19, 0x14, 0xF6,
    0xCD, 0xF1, 0x32, 0xC1, 0x3D, 0xE5, 0x54, 0xC4, 0xAB, 0xA4, 0x3F, 0xC6, 0x05, 0x8C, 0x5F, 0x3A,
    0xA3, 0x1F, 0x63, 0x38, 0xD0, 0x34, 0xD9, 0xF8, 0xE2, 0x45, 0xEE, 0x2F, 0xFC, 0x42, 0x52, 0x5E,
    0xF5, 0x17, 0xF2, 0xEB, 0x26, 0xF7, 0x9B, 0x26, 0x8F, 0x5F, 0x87, 0xF9, 0x99, 0x84, 0x59, 0x2D,
    0x31, 0xCE, 0x69, 0xDA, 0xFC, 0xAE, 0x91, 0xA4, 0xF9, 0x4C, 0xC2, 0x55, 0xDC, 0x35, 0x3B, 0x5A,
    0xA2, 0xAD, 0xDA, 0x4E, 0xFE, 0x8D, 0x23, 0xCA, 0x89, 0x83, 0xED, 0x3F, 0xE2, 0x05, 0x6F, 0x41,
    0x80, 0xD9, 0xC0, 0x95, 0x9D, 0x00, 0x8F, 0xD1, 0x63, 0x82, 0xAE, 0x1F, 0xC1, 0x91, 0x31, 0x7E,
    0xFB, 0xF0, 0x2A, 0xEA, 0x5D, 0xB8, 0x2D, 0xF4, 0xC7, 0x6A, 0x8F, 0x15, 0x4D, 0x4D, 0xEB, 0x13,
    0xF0, 0xE4, 0x61, 0x0A, 0xDB, 0x10, 0xAC, 0xFF, 0x6F, 0xE2, 0x8E, 0xFF, 0xB8, 0x94, 0xCD, 0x43,
    0xB1, 0x1B, 0x78, 0x43, 0x6F, 0xF0, 0x0D, 0xBF, 0x11, 0xA0, 0x0C, 0x18, 0x05, 0x86, 0xCC, 0x48,
    0x30, 0x16, 0x8C, 0x06, 0xE3, 0x41, 0x89, 0x10, 0x65, 0x42, 0x94, 0x0A, 0x51, 0x2E, 0x44, 0xC9,
    0x10, 0x65, 0x43, 0xFA, 0x38, 0xF8, 0x15, 0x0D, 0xFF, 0x1C, 0xD3, 0x27, 0x36, 0x22, 0x3F, 0x77,
    0x5E, 0x9D, 0xF0, 0x32, 0xFD, 0x8E, 0x3E, 0x28, 0x86, 0xDE, 0x92, 0x26, 0xF2, 0x24, 0x24, 0x4A,
    0x94, 0x29, 0xA3, 0x8A, 0x5C, 0x91, 0x2C, 0x21, 0x5B, 0x42, 0xBA, 0x84, 0x7C, 0x09, 0x09, 0x13,
    0x32, 0x26, 0xA4, 0x4C, 0x39, 0xEB, 0x49, 0x0B, 0xD4, 0x6A, 0xCF, 0x7A, 0xBF, 0x4C, 0xBC, 0xA5,
    0xF2, 0xF5, 0x0A, 0x9F, 0xBF, 0x51, 0xBE, 0x3E, 0xD8, 0x1B, 0xBE, 0x9E, 0xD0, 0x4C, 0x94, 0x04,
    0xED, 0x95, 0x83, 0x3A, 0x46, 0x4B, 0x67, 0x4A, 0x55, 0x7E, 0xC5, 0xD7, 0xBB, 0xA5, 0x2A, 0x61,
    0x20, 0xC9, 0x54, 0xA9, 0x7A, 0xA4, 0x76, 0xAC, 0x03, 0x16, 0x6A, 0x80, 0xFD, 0xBE, 0x0B, 0xB0,
    0xE8, 0xDD, 0xFD, 0x09, 0x30, 0x1E, 0xEC, 0x76, 0xA4, 0xFD, 0xE9, 0x64, 0x0B, 0x69, 0xDE, 0xA1,
    0x99, 0xED, 0x2C, 0xCA, 0x78, 0x78, 0xCD, 0x21, 0xBA, 0xC1, 0x5D, 0xC0, 0x19, 0xBE, 0xBB, 0xBA,
    0x44, 0x91, 0x79, 0xD4, 0xCE, 0xD3, 0x7F, 0xED, 0x15, 0x8D, 0xA3, 0xCA, 0x27, 0x47, 0x9F, 0xA5,
    0x12, 0x7E, 0x8C, 0xFE, 0x42, 0x4B, 0x2E, 0x9B, 0xC7, 0x4E, 0x68, 0x9C, 0x38, 0x86, 0x34, 0xCE,
    0x2E, 0xE5, 0xB1, 0x7B, 0x5F, 0xB9, 0xC8, 0x01, 0x29, 0x18, 0x32, 0xB0, 0x9D, 0xD5, 0x6C, 0x90,
    0x36, 0x4B, 0x97, 0xBC, 0x7E, 0xE1, 0xBE, 0xFF, 0x50, 0x9E, 0xE3, 0xD2, 0x97, 0x25, 0x43, 0xAD,
    0x60, 0xE0, 0xA7, 0x3B, 0x67, 0xE9, 0x73, 0xFC, 0x46, 0xFF, 0xF8, 0xAF, 0xC4, 0x9B, 0x61, 0x12,
    0xFE, 0xA9, 0x44, 0xC7, 0x05, 0xE6, 0x42, 0x7A, 0x47, 0x1C, 0x65, 0xE2, 0x68, 0xD1, 0xF1, 0x79,
    0x4A, 0xF3, 0xE3, 0x1B, 0xB8, 0x90, 0x9D, 0x73, 0x31, 0x42, 0xAF, 0xBA, 0x9E, 0xD4, 0xCE, 0xB7,
    0x01, 0x17, 0xEF, 0xDF, 0x35, 0x17, 0x3E, 0x7B, 0x0A, 0xD8, 0xD5, 0x0F, 0x99, 0xDA, 0xE4, 0xA5,
    0xE3, 0xC6, 0xCB, 0xF6, 0x27, 0x38, 0xD8, 0x3A, 0x7C, 0x0A, 0xAB, 0x76, 0xC8, 0x3E, 0x37, 0x1F,
    0xBD, 0x6C, 0x7B, 0x41, 0x32, 0x5A, 0x07, 0x69, 0x97, 0x79, 0x3F, 0x22, 0xBE, 0x1F, 0x0C, 0x50,
    0x2B, 0x27, 0x46, 0x4A, 0x1B, 0x26, 0x97, 0x68, 0xB9, 0xE7, 0x05, 0xCC, 0x5B, 0x87, 0xEC, 0x94,
    0x99, 0xF7, 0xB7, 0xAB, 0x4D, 0xD7, 0x5B, 0xB2, 0x94, 0xAD, 0x0D, 0xBA, 0xEE, 0x38, 0xF3, 0xEE,
    0x47, 0xD8, 0xDC, 0x98, 0x79, 0xEF, 0x3E, 0xAB, 0x5C, 0x9F, 0x79, 0xE7, 0x4D, 0xB3, 0xB4, 0xD1,
    0x5B, 0x3D, 0x7B, 0x96, 0x6A, 0xF4, 0xAA, 0x6F, 0x5E, 0xE9, 0x14, 0xAC, 0x1A, 0xFF, 0x1C, 0xFF,
    0x0C, 0x48, 0x6E, 0xA8, 0x26, 0x77, 0x39, 0x9A, 0xA1, 0xA1, 0x45, 0x80, 0x68, 0xD8, 0x98, 0x79,
    0xF6, 0xEC, 0x3D, 0x99, 0xB2, 0x61, 0x6D, 0x7D, 0x70, 0xCC, 0x1C, 0xB5, 0x16, 0x7C, 0x3A, 0xA3,
    0xDF, 0x5A, 0x13, 0xD5, 0x62, 0xBC, 0x3E, 0x58, 0x86, 0x0B, 0xB0, 0x9A, 0x4A, 0x8D, 0x06, 0xEA,
    0xA4, 0x69, 0xF4, 0x3C, 0x6E, 0x17, 0xC9, 0x44, 0xD5, 0xDA, 0x03, 0x89, 0xDE, 0x4C, 0xF3, 0xA0,
    0xC1, 0x3D, 0xF3, 0xD7, 0x7D, 0xBB, 0x70, 0xD6, 0xAB, 0xED, 0xE4, 0xDF, 0xED, 0x5F, 0x3A, 0x7E,
    0xA3, 0x93, 0x4E, 0x65, 0x96, 0x43, 0x57, 0x76, 0x02, 0x9C, 0x35, 0x5A, 0x5C, 0x58, 0x85, 0xE6,
    0x15, 0x26, 0x2E, 0xC3, 0x7E, 0x40, 0x6F, 0x0F, 0xBD, 0xF9, 0x18, 0x51, 0x45, 0xC7, 0xFC, 0x2F,
    0xD7, 0xBB, 0x46, 0xE7, 0x5F, 0x1C, 0x4B, 0xDC, 0xD4, 0x32, 0x39, 0x2C, 0xAF, 0x20, 0x5A, 0x1D,
    0x02, 0x91, 0xC7, 0x29, 0x52, 0xE3, 0xDE, 0xEF, 0x8C, 0xC8, 0x53, 0x6E, 0x02, 0x15, 0xE2, 0xDA,
    0xBB, 0x9C, 0x6A, 0xCD, 0xF7, 0x8A, 0x2E, 0x69, 0x2F, 0x67, 0x33, 0x45, 0x91, 0x5C, 0x4A, 0x66,
    0xE6, 0x91, 0x02, 0x36, 0xC4, 0xB6, 0x74, 0xDA, 0x34, 0x53, 0xD0, 0x06, 0xB8, 0xB5, 0x8A, 0xDB,
    0x80, 0x1B, 0xF2, 0xB6, 0x5A, 0x32, 0xAB, 0xE0, 0xDB, 0xFE, 0xAD, 0xA3, 0xD6, 0x92, 0x00, 0x63,
    0x60, 0x10, 0xD9, 0x8F, 0x5D, 0x85, 0xAA, 0x1A, 0x52, 0xEB, 0xD3, 0x87, 0x6E, 0x88, 0x13, 0xD5,
    0xC8, 0x6C, 0xFE, 0xAB, 0x8D, 0x79, 0x40, 0x9A, 0xC8, 0x93, 0x70, 0xE8, 0x85, 0x63, 0x2F, 0x1C,
    0x7C, 0xF6, 0x00, 0x03, 0xA2, 0xCC, 0x1C, 0x77, 0x0A, 0xD1, 0x06, 0x00, 0x8C, 0x29, 0x65, 0xA2,
    0x9C, 0x75, 0x61, 0x50, 0x74, 0x7A, 0xA1, 0xA6, 0x03, 0x4F, 0xC9, 0x15, 0xF4, 0xC2, 0x59, 0x7D,
    0x85, 0xA9, 0xDD, 0xCC, 0x76, 0xAD, 0x46, 0x34, 0xCC, 0xF5, 0x26, 0x6E, 0x0B, 0xA8, 0x7F, 0x53,
    0xC7, 0x46, 0xB4, 0x45, 0x36, 0xAE, 0x11, 0x0C, 0xDE, 0xFB, 0xB8, 0x16, 0xFD, 0x37, 0xB3, 0xE8,
    0xF1, 0x96, 0xF1, 0xEE, 0x29, 0xD1, 0x63, 0x9A, 0xBA, 0x5A, 0xD3, 0xCF, 0x5D, 0xA5, 0xA9, 0x34,
    0xBD, 0xB3, 0xB3, 0x50, 0xA1, 0xAF, 0xE7, 0x25, 0x51, 0xA3, 0x93, 0xF2, 0x45, 0x3E, 0xEC, 0x49,
    0x77, 0x90, 0x74, 0x96, 0x9D, 0x9E, 0xDE, 0x0F, 0x4D, 0xF5, 0x38, 0x45, 0x36, 0xFB, 0x73, 0x26,
    0xC1, 0x3F, 0x28, 0x0D, 0xE4, 0x9A, 0xA2, 0x6C, 0x17, 0x34, 0xE9, 0x1C, 0x56, 0x22, 0x34, 0x5E,
    0xEE, 0x63, 0x0A, 0xFD, 0xBF, 0x05, 0x93, 0xF7, 0x90, 0x82, 0x21, 0x03, 0x5B, 0x59, 0x44, 0x39,
    0x5F, 0xE7, 0xF0, 0xF9, 0x90, 0xC2, 0x2F, 0x75, 0xE5, 0xBC, 0xAD, 0x3B, 0x90, 0x25, 0x94, 0x6F,
    0x87, 0x7F, 0x33, 0x58, 0x7A, 0x66, 0x06, 0x2C, 0x4E, 0xDB, 0x8E, 0xDA, 0x1A, 0xFA, 0xAC, 0x75,
    0xBC, 0xB6, 0x13, 0x23, 0xA3, 0x64, 0x3D, 0x3A, 0x27, 0x99, 0xB9, 0xEA, 0x39, 0x6D, 0x52, 0x6B,
    0x19, 0xCC, 0x07, 0xA4, 0x8F, 0x23, 0x37, 0xDA, 0x4B, 0x99, 0x16, 0xDC, 0x5B, 0x84, 0xCA, 0x09,
    0x94, 0x45, 0x74, 0x82, 0xAF, 0x44, 0x5A, 0x85, 0x25, 0x0A, 0xEA, 0xA9, 0x7E, 0x7D, 0xB6, 0x1D,
    0xA7, 0xDC, 0x96, 0x54, 0x9C, 0xDB, 0xA9, 0xD3, 0x95, 0x9E, 0x14, 0xFC, 0x09, 0xDA, 0xF9, 0x33,
    0x6E, 0xC4, 0x5F, 0xAB, 0xD2, 0x38, 0xD6, 0x56, 0x6B, 0x5D, 0x7E, 0x4A, 0x26, 0x3D, 0x54, 0x4A,
    0x88, 0x07, 0x08, 0x35, 0x64, 0x41, 0xCC, 0x7A, 0x77, 0x07, 0x11, 0x40, 0x0B, 0xE2, 0x87, 0xFB,
    0x37, 0xA3, 0x39, 0xBE, 0x1E, 0xD1, 0xFD, 0xE9, 0x9B, 0xE9, 0xC2, 0x5B, 0x21, 0x89, 0x21, 0x8D,
    0x79, 0x55, 0xB8, 0xA0, 0xD6, 0xCC, 0x44, 0x17, 0xD1, 0xD6, 0x9C, 0x5C, 0x31, 0x5E, 0xC5, 0x2A,
    0x7D, 0x99, 0xB0, 0x3A, 0x4D, 0xC0, 0x4D, 0x0E, 0xD5, 0x31, 0x97, 0xE0, 0xE2, 0xA0, 0x46, 0x98,
    0x70, 0x41, 0x8C, 0x37, 0xA4, 0x81, 0xED, 0x18, 0x25, 0xB9, 0x33, 0xFA, 0x31, 0xD2, 0xF8, 0xC9,
    0x6D, 0xDD, 0x1E, 0x97, 0xE8, 0xB3, 0x42, 0x7B, 0x7A, 0x82, 0x62, 0x74, 0x30, 0x2A, 0x27, 0xDA,
    0x87, 0x5F, 0x24, 0xE0, 0x35, 0x7A, 0x33, 0x4F, 0x83, 0x66, 0x05, 0xD5, 0x3C, 0xD8, 0x19, 0xA9,
    0x06, 0xF1, 0x63, 0xF2, 0x76, 0xD5, 0xED, 0x52, 0xBD, 0xB8, 0xBA, 0x4B, 0xD5, 0x6B, 0xD2, 0x5D,
    0xA0, 0xFF, 0x16, 0x25, 0x76, 0x5B, 0xFC, 0x59, 0x97, 0x37, 0x5A, 0x0D, 0xA1, 0x79, 0xAA, 0xD4,
    0x2A, 0x4C, 0x67, 0xEE, 0x54, 0xB3, 0xE9, 0x27, 0x0F, 0x2F, 0x55, 0x61, 0x8A, 0xDD, 0xC0, 0x2B,
    0x7A, 0x51, 0xF8, 0xA2, 0xF8, 0x45, 0x09, 0xD0, 0x84, 0x51, 0x6B, 0x7B, 0xCE, 0x9E, 0x5C, 0x67,
    0xF1, 0x7D, 0x25, 0x42, 0x94, 0x09, 0x51, 0x2A, 0x44, 0xB9, 0x30, 0x32, 0x5A, 0x36, 0xFA, 0x60,
    0xF8, 0x51, 0x97, 0x0A, 0x57, 0x2E, 0x69, 0x3D, 0xC8, 0xBE, 0x25, 0xCB, 0x46, 0x96, 0x65, 0xA1,
    0x39, 0x41, 0x94, 0x90, 0x29, 0xBA, 0x57, 0xF1, 0xFB, 0xAD, 0x21, 0x5B, 0x42, 0xBA, 0x64, 0x62,
    0xCE, 0x80, 0x14, 0x32, 0x26, 0xA4, 0x4C, 0xC8, 0x59, 0x4F, 0xDA, 0x1F, 0x64, 0x23, 0xA7, 0x81,
    0x2F, 0x8E, 0x88, 0xF1, 0x75, 0xB2, 0x6F, 0x7C, 0x7D, 0x5F, 0x51, 0x73, 0xB7, 0x54, 0x69, 0x96,
    0xD1, 0x9A, 0x66, 0xD5, 0x6D, 0x09, 0xB1, 0xA6, 0x79, 0x05, 0x3A, 0xFC, 0xD5, 0x87, 0x70, 0x93,
    0x7E, 0xD4, 0x61, 0xB6, 0xEB, 0x79, 0xD5, 0x2E, 0x8A, 0x9A, 0xC0, 0x73, 0xA7, 0xDD, 0xF5, 0x31,
    0x54, 0xE8, 0x1C, 0xDD, 0x45, 0x30, 0x05, 0xC5, 0x6F, 0xE0, 0x51, 0x85, 0x58, 0x9A, 0x4C, 0x81,
    0xFA, 0x0B, 0x6E, 0xC7, 0xFC, 0xA4, 0xEF, 0xEA, 0x43, 0xCE, 0x4E, 0xD2, 0x17, 0x9F, 0x49, 0x0B,
    0x7E, 0xB7, 0x34, 0xDD, 0x42, 0xD9, 0xDC, 0x25, 0x4D, 0x2A, 0x52, 0x74, 0x82, 0xE9, 0xFC, 0xDA,
    0x9C, 0x5E, 0xF7, 0xBF, 0x0A, 0x5D, 0xA7, 0x6C, 0xB6, 0xB3, 0x32, 0x8D, 0xF3, 0xCD, 0x54, 0xCD,
    0xEB, 0x47, 0x7D, 0x3A, 0xA2, 0x1C, 0x50, 0x3D, 0xE6, 0x37, 0x54, 0x02, 0xF1, 0xD7, 0x73, 0x56,
    0x97, 0x29, 0x66, 0x20, 0xDB, 0xA8, 0xB5, 0xC8, 0x38, 0xD3, 0x7C, 0x73, 0xA2, 0x8D, 0x24, 0xAA,
    0x2F, 0x26, 0xAD, 0xBA, 0xE8, 0xED, 0xAC, 0xCF, 0x43, 0xA0, 0x1E, 0xB4, 0x60, 0x78, 0x62, 0xD3,
    0x31, 0x05, 0xCB, 0x01, 0x7F, 0x7D, 0xA0, 0x83, 0xA3, 0xA2, 0x2F, 0x5E, 0xA7, 0x9D, 0x0C, 0x0F,
    0x0A, 0xA7, 0x12, 0x8F, 0x2D, 0x56, 0xDA, 0x07, 0x8A, 0x01, 0xA9, 0x84, 0x48, 0xCC, 0xBC, 0xF5,
    0x21, 0x37, 0xD9, 0xC6, 0x15, 0x1B, 0xAB, 0xA9, 0x86, 0xB4, 0x97, 0x9A, 0xC1, 0xA0, 0xF9, 0x8D,
    0x11, 0xC1, 0x3E, 0x35, 0x22, 0xD2, 0xEB, 0x82, 0x21, 0xEC, 0xD4, 0x4D, 0xFB, 0x98, 0x90, 0xF9,
    0x6C, 0x3F, 0x48, 0xF0, 0x33, 0xE7, 0x93, 0xD7, 0xEE, 0x83, 0x6F, 0x8B, 0x04, 0x4A, 0xB0, 0xEB,
    0x9E, 0x00, 0x82, 0x9D, 0xB7, 0x61, 0x7F, 0x7A, 0xFF, 0xF1, 0x60, 0x45, 0xDB, 0xC2, 0xD4, 0x70,
    0x4B, 0x48, 0xFB, 0xB0, 0xFF, 0x2F, 0x8E, 0x14, 0xEF, 0x8E, 0x23, 0xE3, 0xE2, 0x0B, 0x76, 0xD7,
    0xB0, 0xE9, 0xD3, 0x17, 0xC5, 0xDB, 0xFB, 0x11, 0x13, 0x17, 0x10, 0xD7, 0xDC, 0x6F, 0xE2, 0x86,
    0xD3, 0xF3, 0x2D, 0x21, 0x17, 0xD9, 0x97, 0x34, 0x30, 0x38, 0x7C, 0x0B, 0xC8, 0x65, 0x6F, 0x7D,
    0x57, 0x46, 0x6C, 0x6D, 0x5A, 0x0C, 0x52, 0xA7, 0xE5, 0x4D, 0xAF, 0xEB, 0x8A, 0x8B, 0xC8, 0x29,
    0xF5, 0x62, 0xED, 0xCC, 0xA8, 0x42, 0xBE, 0xF2, 0xCA, 0x60, 0xE1, 0xB6, 0xB9, 0xD5, 0x20, 0x55,
    0xFB, 0x05, 0x72, 0x58, 0xB0, 0x48, 0x98, 0x6A, 0x9D, 0x89, 0xB2, 0x84, 0xE5, 0x58, 0x42, 0xBA,
    0x12, 0xF2, 0x97, 0x64, 0x68, 0x1B, 0xDC, 0x96, 0x56, 0x2A, 0x8F, 0x9A, 0x8B, 0x0D, 0x0F, 0x26,
    0xAE, 0x14, 0x35, 0x33, 0xD1, 0xBC, 0x8D, 0x2E, 0x32, 0xF4, 0x90, 0x8E, 0x8B, 0x18, 0x79, 0x22,
    0x81, 0xEC, 0x98, 0xE0, 0x2A, 0xCF, 0x23, 0x64, 0xB4, 0x19, 0x6A, 0x7F, 0x42, 0xAE, 0x71, 0x4B,
    0x2D, 0x6B, 0x39, 0x3B, 0x58, 0x23, 0x9A, 0x4F, 0x25, 0x5A, 0x3D, 0xE9, 0xD5, 0xD4, 0xC2, 0x1E,
    0xDA, 0xF0, 0x54, 0x31, 0x67, 0x65, 0xFC, 0x60, 0xCF, 0xF8, 0x69, 0x17, 0x0D, 0x43, 0x4A, 0x76,
    0x87, 0xBE, 0x69, 0x9F, 0xEE, 0xA9, 0x28, 0x6E, 0x2B, 0xA7, 0x97, 0x7D, 0x55, 0x7A, 0x3B, 0x0E,
    0xAE, 0x7B, 0xB1, 0xE6, 0xB9, 0xEE, 0x5C, 0x56, 0xD2, 0x6D, 0x27, 0xFA, 0x4B, 0x80, 0xC2, 0x82,
    0x0C, 0x51, 0xE7, 0xAD, 0xDB, 0x87, 0x39, 0xBD, 0x2D, 0xA8, 0x43, 0x90, 0xA4, 0x11, 0xF3, 0xF8,
    0x5A, 0xAC, 0xCB, 0x69, 0x32, 0xB0, 0x13, 0xDD, 0xEC, 0x00, 0x95, 0x51, 0xCA, 0x6D, 0xDC, 0x58,
    0x37, 0x73, 0x13, 0xB5, 0x27, 0x5A, 0x80, 0xD7, 0xDC, 0x12, 0x43, 0x94, 0x4A, 0xA2, 0x13, 0x2B,
    0xD4, 0xA2, 0xDB, 0x6B, 0xAA, 0x5E, 0x6F, 0x27, 0x2E, 0xC6, 0xC7, 0xC5, 0xA8, 0xDB, 0x5A, 0x09,
    0x16, 0xC0, 0xDD, 0xE4, 0x00, 0xBE, 0x96, 0x58, 0x1D, 0xA0, 0xEA, 0x24, 0x7E, 0x21, 0x78, 0x8C,
    0x1B, 0xD6, 0x34, 0x52, 0x20, 0xE4, 0x00, 0xA6, 0x9F, 0x00, 0xA0, 0x74, 0x0E, 0x1E, 0x40, 0x04,
    0x37, 0x49, 0xAB, 0x27, 0xDD, 0x83, 0xE7, 0x56, 0x90, 0x1D, 0x4B, 0xFB, 0x22, 0x0A, 0xA8, 0x78,
    0x20, 0x7B, 0x42, 0xC5, 0xE3, 0xCD, 0x37, 0x64, 0x54, 0x61, 0x7B, 0x99, 0xF1, 0x51, 0x7C, 0x0F,
    0x3E, 0xD2, 0xEF, 0xC6, 0x87, 0xED, 0x99, 0xDB, 0x73, 0x41, 0x9B, 0x08, 0xED, 0x53, 0xDE, 0x23,
    0x55, 0xD4, 0x45, 0xAB, 0xA0, 0xCA, 0x01, 0x2B, 0x0B, 0xB2, 0xD2, 0xDC, 0xC0, 0x4A, 0xB1, 0xA5,
    0x00, 0x39, 0x13, 0xF7, 0xF4, 0xFB, 0x30, 0xDB, 0xD8, 0x5C, 0x78, 0xE9, 0x6D, 0x8B, 0x9A, 0xF9,
    0x47, 0xB9, 0xD8, 0xE3, 0x16, 0xF1, 0xFF, 0xDE, 0xC8, 0x27, 0x5D, 0x86, 0xBC, 0xFF, 0x20, 0x89,
    0xFF, 0xA9, 0xCF, 0x3F, 0xA0, 0xD7, 0xCF, 0xE7, 0x7C, 0xCF, 0xCB, 0x74, 0x82, 0x5F, 0x38, 0xFC,
    0x4D, 0x0A, 0xFC, 0xAF, 0x6F, 0x39, 0x55, 0x44, 0x27, 0xC6, 0xDE, 0x60, 0xBE, 0xB2, 0x4A, 0xD8,
    0x0A, 0xD1, 0xDA, 0xC9, 0xE0, 0x91, 0xE7, 0x56, 0xA2, 0x61, 0xB8, 0x92, 0xE8, 0x32, 0x62, 0xC6,
    0x16, 0x93, 0xB0, 0xD3, 0xD6, 0x36, 0x5F, 0x97, 0x97, 0xDE, 0x2C, 0x8A, 0xB8, 0x18, 0x24, 0x18,
    0x14, 0xA4, 0xE6, 0x88, 0x4B, 0x40, 0x98, 0xFB, 0xA4, 0x0C, 0x62, 0x02, 0xB9, 0x9C, 0x4F, 0x96,
    0x51, 0x53, 0x8F, 0xFF, 0xC3, 0xAD, 0xC9, 0x6F, 0xF4, 0xE5, 0xBD, 0x85, 0x7B, 0x93, 0x6A, 0xEE,
    0x1E, 0x8B, 0x59, 0xCE, 0xEA, 0xCC, 0x68, 0x73, 0x17, 0x5A, 0x65, 0x2C, 0x61, 0x8F, 0x4A, 0xE9,
    0x37, 0x54, 0xF5, 0x9F, 0x53, 0x78, 0x53, 0x7B, 0xCB, 0x51, 0x35, 0x2A, 0xF1, 0xA9, 0xC4, 0x0C,
    0xAD, 0x80, 0xBE, 0x6A, 0x4B, 0xAB, 0x19, 0xBC, 0x9B, 0xA1, 0xC1, 0xE3, 0xD2, 0x14, 0x27, 0xDF,
    0xEE, 0x4C, 0x72, 0x7B, 0x55, 0x2E, 0xB1, 0xA6, 0x7E, 0x86, 0xAE, 0x54, 0x0A, 0x65, 0x3B, 0xC2,
    0xB2, 0xB1, 0x17, 0x2B, 0xD1, 0xC2, 0x19, 0x7B, 0x5B, 0xF0, 0x46, 0x44, 0x71, 0x8B, 0x08, 0x71,
    0x74, 0x84, 0x66, 0x4F, 0x6E, 0x40, 0x34, 0x23, 0xA2, 0x19, 0x10, 0xAD, 0xE1, 0xD5, 0xBA, 0x15,
    0x7F, 0xFA, 0x66, 0x20, 0x77, 0xBF, 0xE5, 0xAD, 0xDC, 0x55, 0x24, 0xD1, 0xCE, 0x07, 0xD1, 0x40,
    0x63, 0x14, 0x23, 0x7E, 0x5C, 0x5A, 0x34, 0x77, 0xEA, 0xEF, 0xCE, 0x07, 0xB3, 0x2D, 0xB9, 0xCF,
    0x55, 0xF7, 0xE2, 0x96, 0x4A, 0xEB, 0x8E, 0xDD, 0x86, 0xED, 0xC5, 0x2F, 0x31, 0xCB, 0x31, 0x41,
    0x0F, 0x2A, 0xF7, 0x5E, 0xC8, 0x5D, 0xA3, 0xFC, 0x1F, 0x6D, 0x52, 0xB1, 0x6E, 0xDB, 0x30, 0x10,
    0x7D, 0x16, 0x91, 0x0A, 0x89, 0x06, 0x4E, 0x06, 0x3A, 0x59, 0x4B, 0x76, 0xFD, 0x80, 0x1A, 0x0A,
    0xFD, 0x82, 0x0C, 0x31, 0x3A, 0x74, 0xC8, 0x8F, 0xD8, 0x11, 0xD1, 0x0C, 0x19, 0x33, 0xE6, 0x33,
    0xBA, 0x64, 0x74, 0x62, 0x02, 0x19, 0xBA, 0x12, 0x05, 0x32, 0x75, 0x88, 0x3E, 0x81, 0x83, 0x0A,
    0xA8, 0x80, 0x6D, 0xE6, 0xF1, 0xA4, 0x14, 0x28, 0x52, 0x81, 0x8F, 0x78, 0xBC, 0x77, 0xC7, 0xBB,
    0xE3, 0xE9, 0x68, 0x09, 0x13, 0xAD, 0x89, 0xCD, 0x7C, 0x79, 0x11, 0xE5, 0x9B, 0x2F, 0xF9, 0x35,
    0x42, 0xDD, 0xB8, 0x67, 0x5E, 0x59, 0x8D, 0x05, 0x4C, 0xD3, 0x5A, 0xD3, 0x1C, 0x43, 0xBB, 0xD2,
    0x97, 0xBE, 0x70, 0x05, 0x6D, 0x35, 0x4E, 0x71, 0x82, 0xCA, 0x1A, 0x57, 0x89, 0x4F, 0x8D, 0x7B,
    0x64, 0x3E, 0xA8, 0x6F, 0x5E, 0x2B, 0xBB, 0xD0, 0x30, 0x97, 0xAE, 0xFD, 0xEE, 0xB8, 0x1F, 0x7F,
    0x80, 0xBE, 0xF1, 0xE5, 0x4B, 0xE0, 0x2A, 0x9E, 0xA8, 0x3A, 0xAA, 0xF5, 0x02, 0xA7, 0x1F, 0x71,
    0x92, 0x35, 0xD5, 0xAD, 0x37, 0x2F, 0x5D, 0x75, 0xEB, 0x74, 0x6E, 0x47, 0xFB, 0x7D, 0x0D, 0xA0,
    0x07, 0x66, 0x01, 0xC8, 0x08, 0x95, 0xD0, 0xB1, 0xD8, 0xB8, 0x23, 0x86, 0xF9, 0xE5, 0xF3, 0x39,
    0xB4, 0xC5, 0x88, 0x06, 0x28, 0xE9, 0x5E, 0x11, 0x67, 0x13, 0x3E, 0x11, 0x9B, 0x09, 0xC3, 0x04,
    0x31, 0xAE, 0x26, 0xE3, 0x4E, 0x8C, 0x9A, 0x0D, 0x12, 0x87, 0xA3, 0x2F, 0xBF, 0x2F, 0xD2, 0xFD,
    0x23, 0x3C, 0x90, 0x3B, 0xCC, 0xBF, 0x3E, 0x9F, 0xB7, 0x31, 0xF6, 0xDB, 0x18, 0xC3, 0xFF, 0x72,
    0xA8, 0x03, 0xCA, 0xE8, 0x4C, 0xEC, 0xDA, 0x18, 0xB6, 0xB2, 0x48, 0x78, 0xA4, 0x91, 0xD2, 0x3A,
    0x0B, 0xDA, 0x46, 0x35, 0x94, 0x5E, 0x36, 0x39, 0x66, 0xB1, 0xE1, 0xEB, 0xA5, 0x4A, 0x74, 0xEC,
    0xE4, 0x2A, 0xC0, 0xDC, 0xF5, 0x58, 0x0B, 0x5B, 0xB3, 0xA6, 0x9D, 0xB0, 0x0D, 0x56, 0xA9, 0x67,
    0x61, 0x75, 0xEE, 0x85, 0xAD, 0xB0, 0x49, 0xBD, 0xA6, 0x88, 0xCF, 0x83, 0x11, 0xC2, 0xF4, 0x61,
    0x0C, 0x85, 0x8A, 0x76, 0x28, 0x7B, 0x54, 0x7D, 0xE2, 0x2C, 0x05, 0x71, 0x4F, 0x96, 0xFF, 0xDC,
    0xB7, 0xD7, 0x7F, 0xDA, 0x94, 0xEF, 0xBA, 0x2B, 0x7E, 0xF8, 0x94, 0xDB, 0x28, 0xA7, 0x7E, 0x39,
    0xB6, 0x87, 0x4D, 0x9E, 0x98, 0x22, 0x1B, 0xDE, 0x6C, 0x2A, 0xA8, 0xC9, 0xAF, 0x70, 0xD9, 0x14,
    0xCB, 0xAC, 0xDB, 0x83, 0xDC, 0xC7, 0xAC, 0x53, 0x0E, 0xB2, 0x3D, 0xB2, 0x01, 0x79, 0x48, 0xFD,
    0xF0, 0xF4, 0x00, 0x5C, 0x8D, 0x0E, 0xD2, 0x61, 0xE1, 0xD3, 0xC0, 0xF8, 0x96, 0xA9, 0x8D, 0x41,
    0x1E, 0x7B, 0x94, 0xB9, 0x1E, 0x31, 0xDB, 0x25, 0x55, 0x7B, 0xFE, 0x37, 0x68, 0xA5, 0x7C, 0xE9,
    0xCC, 0x60, 0x1A, 0x8D, 0x0C, 0x2B, 0x0D, 0x9C, 0x55, 0xBC, 0x13, 0x67, 0xFD, 0x3F, 0x22, 0xF3,
    0xBD, 0x13, 0xBB, 0x14, 0xF4, 0x57, 0x4C, 0xD3, 0xC2, 0x2B, 0x63, 0x60, 0x7E, 0xC0, 0xC0, 0xFF,
    0x80, 0xC1, 0xFE, 0x00, 0xC3, 0xF7, 0x03, 0xCC, 0xD7, 0x0F, 0xF0, 0x7B, 0x37, 0xD8, 0xF1, 0x3B,
    0xEC, 0xFF, 0xFF, 0x61, 0xFF, 0xFF, 0x07, 0x0C, 0xF2, 0x0C, 0x0C, 0x7A, 0x0C, 0x00, 0x3D, 0x8F,
    0x31, 0x0E, 0x82, 0x40, 0x10, 0x45, 0x1F, 0x50, 0x50, 0x50, 0x50, 0x59, 0x73, 0x04, 0x6F, 0x20,
    0x1E, 0xC1, 0xC6, 0x58, 0x58, 0x78, 0x14, 0x38, 0x18, 0x04, 0x8E, 0x42, 0x8C, 0xD6, 0x52, 0x50,
    0x60, 0x02, 0xFB, 0x9D, 0xD9, 0xC2, 0x29, 0x5E, 0x26, 0x7F, 0x67, 0xE6, 0xFF, 0x05, 0xB2, 0x09,
    0x4A, 0x05, 0xA8, 0xB4, 0x63, 0xED, 0xE8, 0x68, 0x29, 0xF6, 0xF2, 0x4C, 0xA3, 0x07, 0x84, 0xFB,
    0x87, 0x6C, 0x49, 0x44, 0x3E, 0x11, 0xFC, 0xBD, 0x77, 0x74, 0x3E, 0xD4, 0x51, 0xB5, 0x6C, 0xDE,
    0xAD, 0xA6, 0xA5, 0x8B, 0x21, 0x5F, 0xC8, 0xBF, 0xCD, 0x4C, 0x2A, 0xCD, 0x30, 0x3C, 0x0D, 0x5E,
    0x83, 0xEC, 0xBA, 0xA4, 0x8D, 0xC3, 0xF5, 0x7A, 0x31, 0xA1, 0x50, 0x1B, 0xE5, 0xC5, 0x12, 0x84,
    0x9B, 0x39, 0x97, 0x13, 0x0D, 0x1C, 0x5B, 0x4E, 0x50, 0xC7, 0x9D, 0xDE, 0x51, 0x49, 0x16, 0xB0,
    0x96, 0x2C, 0x97, 0x19, 0x58, 0xA5, 0xF1, 0x64, 0xAD, 0x35, 0xEE, 0xCF, 0x7F, 0x25, 0x59, 0xE3,
    0xD6, 0x46, 0xE2, 0xC6, 0xE4, 0xC6, 0xFA, 0x3D, 0x8C, 0xFE, 0x3B, 0xF9, 0x90, 0x5E, 0xF0, 0x03,
    0x63, 0x60, 0xFA, 0xC7, 0xC0, 0xC0, 0xFF, 0xBF, 0x81, 0x41, 0xBE, 0xFB, 0x00, 0x83, 0x3D, 0xFB,
    0x01, 0x06, 0x3B, 0xEE, 0x03, 0x0C, 0xB5, 0xFC, 0x07, 0x18, 0xF6, 0xE8, 0x3B, 0x30, 0xFC, 0xA9,
    0x63, 0x60, 0xF8, 0xF1, 0x87, 0x81, 0xE1, 0xFF, 0x07, 0x06, 0x46, 0xA0, 0x12, 0xE6, 0xBF, 0x40,
    0xA5, 0x1F, 0x18, 0x18, 0xEC, 0x1F, 0x00, 0xF1, 0x05, 0x06, 0x06, 0xEF, 0x03, 0x0C, 0x0C, 0xDC,
    0x20, 0xFC, 0x60, 0x01, 0x03, 0x3B, 0x50, 0x0D, 0x13, 0x50, 0x0D, 0x08, 0x00, 0x00, 0xB5, 0x52,
    0xB1, 0x4D, 0xC4, 0x40, 0x10, 0x1C, 0xDB, 0x81, 0x25, 0x3E, 0x30, 0x09, 0x11, 0x81, 0x1B, 0x40,
    0x72, 0x05, 0xFF, 0xE7, 0x12, 0x08, 0x78, 0x51, 0x06, 0x0D, 0x3C, 0xB2, 0xE9, 0xE0, 0x45, 0x4A,
    0x03, 0x88, 0x84, 0x02, 0x78, 0x74, 0xA6, 0x83, 0x17, 0x15, 0x38, 0xF8, 0x02, 0x2E, 0x30, 0xC2,
    0x2F, 0xCC, 0x2F, 0xB3, 0x77, 0x36, 0x90, 0x12, 0x60, 0x79, 0xAC, 0xD3, 0xDC, 0xEC, 0xEE, 0xEC,
    0xAE, 0x93, 0x43, 0x89, 0x44, 0x7A, 0xC4, 0x8F, 0x02, 0xA0, 0x6A, 0x80, 0x6C, 0x0B, 0xFB, 0xEE,
    0x12, 0x11, 0x97, 0x75, 0x55, 0x5F, 0xD4, 0xB3, 0xDE, 0x20, 0x19, 0xAE, 0x11, 0x0D, 0x1B, 0xE0,
    0x1B, 0xCF, 0x88, 0x94, 0xEF, 0x4C, 0x99, 0xBA, 0xAC, 0x2D, 0xB6, 0xD4, 0x97, 0xB0, 0x3D, 0xF4,
    0x39, 0x59, 0x2E, 0x2F, 0x8C, 0xC8, 0xA0, 0x98, 0x03, 0x9B, 0x7F, 0xC0, 0xEA, 0x77, 0x0D, 0x53,
    0xD2, 0x35, 0x9D, 0xA7, 0x0E, 0x88, 0xD5, 0xC2, 0x27, 0x61, 0x88, 0x9C, 0xE4, 0xAC, 0x05, 0x12,
    0x5E, 0x60, 0x00, 0x2D, 0x87, 0xB3, 0x8A, 0x0B, 0x06, 0x55, 0x81, 0x4E, 0xBA, 0x20, 0x53, 0xB9,
    0x79, 0x78, 0xB8, 0x9F, 0xF2, 0x6A, 0x2F, 0x22, 0xD2, 0x2B, 0x78, 0x3C, 0x62, 0x04, 0x0A, 0x25,
    0x17, 0x08, 0x81, 0x88, 0x35, 0x71, 0xBA, 0x45, 0x48, 0x19, 0x2E, 0xAF, 0xF5, 0xA3, 0x7A, 0x5F,
    0x75, 0xA6, 0x7C, 0x56, 0x8F, 0x86, 0xC0, 0xD1, 0x21, 0xEA, 0xA6, 0x4B, 0x1F, 0x94, 0x97, 0x53,
    0xC6, 0xB9, 0xD8, 0x33, 0x3F, 0x40, 0x7F, 0xEB, 0xA1, 0xE6, 0x99, 0x3E, 0x6D, 0x42, 0xA6, 0x6C,
    0x42, 0x1D, 0xE2, 0x8A, 0xB1, 0xA8, 0x81, 0x34, 0x0B, 0x48, 0x3B, 0xA7, 0xA3, 0x15, 0xD0, 0xE9,
    0x86, 0xE8, 0x6F, 0x43, 0x1B, 0x0B, 0xA2, 0x60, 0xC5, 0x5C, 0xFB, 0x26, 0x66, 0x0E, 0xC9, 0x01,
    0x55, 0x8B, 0x5C, 0x5E, 0xD9, 0xA2, 0xB9, 0x94, 0x37, 0x4B, 0xCF, 0xD2, 0x14, 0x58, 0x71, 0x20,
    0xF9, 0x78, 0x36, 0x77, 0x1F, 0xE4, 0x73, 0x79, 0xA1, 0x26, 0x3D, 0xA0, 0xD0, 0xF1, 0xB4, 0x30,
    0x0E, 0x4F, 0x0E, 0x7D, 0xA9, 0xFD, 0xFD, 0xE9, 0xED, 0xF4, 0x1D, 0x1C, 0x2D, 0xA2, 0xD2, 0x61,
    0x20, 0xDE, 0x61, 0x9D, 0xCB, 0x6D, 0x67, 0x1E, 0xC5, 0x9D, 0xC1, 0x7A, 0x2E, 0x5A, 0xB3, 0x88,
    0xDC, 0x74, 0xC6, 0x92, 0x8B, 0xA4, 0x09, 0xB3, 0x88, 0xD7, 0xD3, 0xC2, 0x96, 0x4B, 0x7B, 0xFE,
    0xBD, 0x0F, 0x5D, 0x98, 0xD2, 0xE6, 0x67, 0x47, 0xE9, 0xB4, 0xDA, 0x7A, 0x1C, 0x28, 0x70, 0xEC,
    0x1B, 0x8E, 0xC4, 0xE1, 0x4A, 0xEA, 0x53, 0x56, 0x97, 0x1D, 0xF5, 0x9C, 0x9C, 0xDD, 0x73, 0xAA,
    0xBA, 0xD6, 0x9C, 0x24, 0xAC, 0x1B, 0x77, 0x79, 0xCC, 0x3C, 0x4E, 0x51, 0x8F, 0xBF, 0x91, 0xEA,
    0x19, 0x4A, 0xC9, 0x81, 0x12, 0xE6, 0xD1, 0x41, 0xA6, 0xD2, 0xC6, 0xB2, 0x27, 0x55, 0x42, 0xB6,
    0xBE, 0x39, 0x94, 0xE1, 0x5F, 0xF1, 0xB1, 0x5F, 0xA5, 0x91, 0xBF, 0x4E, 0x03, 0x31, 0x0C, 0xC6,
    0x3F, 0x9A, 0xE1, 0x86, 0x0A, 0xB2, 0x30, 0x22, 0x75, 0x65, 0xA8, 0x28, 0x43, 0x87, 0x1B, 0xAE,
    0xCA, 0x49, 0x3C, 0x10, 0x8C, 0x6C, 0x74, 0x63, 0x84, 0x47, 0x61, 0x04, 0x81, 0x74, 0x2E, 0x7D,
    0x01, 0xB7, 0x0C, 0x0C, 0x48, 0x90, 0x07, 0x40, 0x10, 0xA1, 0x4A, 0x04, 0x71, 0x6D, 0xF0, 0x25,
    0xAD, 0x84, 0xF8, 0x33, 0x20, 0x12, 0xDB, 0xFA, 0x29, 0xFE, 0x12, 0x5B, 0x31, 0xB6, 0x91, 0xFF,
    0xB6, 0xB5, 0x37, 0xBE, 0x72, 0x95, 0x35, 0x25, 0xB6, 0x21, 0x07, 0x28, 0x00, 0x23, 0x36, 0x84,
    0x61, 0x18, 0x87, 0x7C, 0x86, 0xFC, 0x10, 0x79, 0x81, 0x3C, 0x8F, 0xD6, 0x47, 0x7E, 0xA0, 0xFD,
    0xA9, 0xF1, 0xA8, 0x1C, 0x2A, 0x0B, 0xB9, 0xB7, 0x5A, 0xFB, 0x82, 0xFB, 0xA1, 0x44, 0x2F, 0xBC,
    0x97, 0x30, 0x6F, 0x59, 0x89, 0x01, 0x24, 0xE4, 0x7F, 0x0A, 0x6B, 0xA1, 0x6C, 0xFB, 0x2C, 0xC0,
    0x78, 0x1D, 0x50, 0xCD, 0x74, 0x2D, 0x45, 0x32, 0xD7, 0xF4, 0xF3, 0x65, 0xFD, 0x54, 0xAD, 0x2D,
    0x0F, 0xB4, 0xE4, 0x6C, 0x10, 0x24, 0x98, 0x70, 0x2C, 0xE1, 0xF4, 0xBF, 0xD5, 0xDC, 0xB7, 0xFD,
    0x52, 0x87, 0x45, 0xDD, 0x71, 0x1D, 0xB7, 0xE3, 0x0A, 0x37, 0x0B, 0x7C, 0x81, 0x33, 0x91, 0xB5,
    0xE0, 0x0C, 0x5E, 0x03, 0x82, 0xD8, 0x09, 0xBC, 0x86, 0xFB, 0x6C, 0x3D, 0xBC, 0xA4, 0xD4, 0x43,
    0x93, 0x2A, 0x35, 0xA0, 0xD3, 0xF3, 0x9B, 0x88, 0x5F, 0xBE, 0x74, 0x45, 0x03, 0xA7, 0xC8, 0x38,
    0x75, 0x1D, 0x58, 0x3D, 0xCF, 0x91, 0x85, 0x1A, 0x47, 0xBE, 0x40, 0x45, 0x05, 0x2E, 0xA9, 0xC9,
    0x47, 0x3F, 0x8B, 0x9A, 0x51, 0xB0, 0xEA, 0x61, 0x01, 0x25, 0x9A, 0xDE, 0x5C, 0x34, 0x9C, 0x74,
    0x7B, 0x51, 0x83, 0xE8, 0x2D, 0x71, 0xB4, 0xDF, 0x92, 0xA3, 0x0A, 0x56, 0x7A, 0x60, 0x28, 0x37,
    0xAA, 0x33, 0x3B, 0xF2, 0x68, 0x33, 0x85, 0x0E, 0xD1, 0x1C, 0xEB, 0x4C, 0xB7, 0x57, 0x44, 0x77,
    0xE8, 0x32, 0x4D, 0x1D, 0xD1, 0xCD, 0xB0, 0xCF, 0xC4, 0x96, 0x68, 0x4A, 0xBB, 0x02, 0x4C, 0x34,
    0x59, 0x01, 0x7F, 0x83, 0x09, 0xF5, 0x13, 0x4C, 0xA9, 0x9B, 0xE0, 0x66, 0xB8, 0xB5, 0x04, 0x6C,
    0x24, 0xB8, 0x47, 0x96, 0xE0, 0x11, 0x2A, 0x81, 0x07, 0x6C, 0x04, 0x07, 0x1C, 0x34, 0x30, 0x92,
    0x5E, 0xBB, 0x0D, 0x8C, 0x65, 0xB2, 0xBA, 0x81, 0x7B, 0xE9, 0x59, 0xB1, 0x80, 0x8F, 0x83, 0x10,
    0xB0, 0x0D, 0x14, 0xCC, 0xE3, 0x38, 0x20, 0xCD, 0xFC, 0x14, 0x3F, 0xB1, 0x65, 0xD9, 0xA7, 0xEF,
    0x3C, 0x9F, 0x72, 0x82, 0xCE, 0xF3, 0x72, 0x7E, 0xAA, 0x5E, 0x4D, 0x32, 0x5E, 0xFE, 0x00, 0x35,
    0x91, 0xB1, 0x6D, 0xC3, 0x30, 0x10, 0x45, 0xBF, 0xC4, 0x22, 0x85, 0x0B, 0x0E, 0xE0, 0x42, 0x23,
    0x70, 0x03, 0x89, 0x88, 0x17, 0xF0, 0x06, 0x99, 0x44, 0x80, 0x90, 0xB9, 0x04, 0x88, 0x23, 0x08,
    0x08, 0xD4, 0x33, 0x99, 0xE0, 0x0A, 0x15, 0x2A, 0x18, 0x33, 0xF7, 0x4F, 0x0A, 0xC0, 0x7F, 0x85,
    0x61, 0xBC, 0x77, 0xF7, 0x85, 0x20, 0x21, 0x63, 0xC9, 0x75, 0xC5, 0x2B, 0xFE, 0xC6, 0x66, 0x6F,
    0x05, 0xAD, 0x38, 0x81, 0x13, 0xA7, 0xBF, 0xD7, 0x5A, 0x23, 0x07, 0xEE, 0xDB, 0xC7, 0x86, 0x5B,
    0xF2, 0x09, 0x3E, 0xF9, 0x09, 0x7E, 0xF2, 0x11, 0x3E, 0x06, 0xA0, 0x83, 0x8E, 0x80, 0x01, 0xFA,
    0x7A, 0xE8, 0x1B, 0xA1, 0x6F, 0x86, 0xBE, 0x72, 0x8D, 0x82, 0x03, 0xFA, 0x1F, 0xD9, 0xB1, 0xFC,
    0x14, 0xBC, 0xDE, 0x4B, 0xB3, 0x83, 0x1E, 0x75, 0x80, 0x8A, 0x55, 0x93, 0x54, 0x90, 0xC8, 0x27,
    0x9E, 0x74, 0xC2, 0xC9, 0x26, 0x9A, 0x64, 0x82, 0xC9, 0x25, 0x91, 0x31, 0x68, 0x20, 0x20, 0xCF,
    0xBA, 0xFA, 0xAC, 0xCC, 0xA2, 0xCC, 0xC3, 0x49, 0xB3, 0x2F, 0xF5, 0x53, 0x96, 0xFA, 0x90, 0xFB,
    0xE6, 0xE4, 0x96, 0x5C, 0xF6, 0xE9, 0x6D, 0xF5, 0x93, 0xD2, 0xA3, 0x4F, 0x9D, 0xEE, 0x1E, 0x34,
    0x03, 0xBA, 0xD8, 0x2B, 0x7D, 0x54, 0xFA, 0x8C, 0xE1, 0xA9, 0x91, 0x82, 0x4E, 0x94, 0x19, 0xBE,
    0x85, 0x8D, 0x7C, 0x15, 0x56, 0xF2, 0x28, 0xEC, 0xA4, 0x11, 0x2B, 0xE5, 0x6C, 0xC5, 0x6A, 0xA9,
    0xE9, 0x9C, 0x2C, 0xE6, 0xDA, 0x7C, 0x62, 0xBA, 0xC8, 0xED, 0x83, 0x95, 0x33, 0xD8, 0x05, 0x83,
    0xA5, 0xB7, 0x8C, 0x96, 0xD9, 0x72, 0xDE, 0x71, 0x5C, 0x53, 0xA3, 0x27, 0xC0, 0x3E, 0x87, 0x7D,
    0x0F, 0xB3, 0x47, 0xB3, 0xE3, 0xA0, 0xBD, 0xD9, 0x69, 0x6F, 0x85, 0xDE, 0x87, 0x4D, 0x97, 0x69,
    0x77, 0x99, 0x76, 0xBD, 0x30, 0xD9, 0x8D, 0xEC, 0x2E, 0xD9, 0x06, 0x13, 0xED, 0xFF, 0x7B, 0xD0,
    0x1E, 0xCC, 0x3E, 0x98, 0xBD, 0x37, 0x2F, 0xEF, 0x2E, 0x76, 0xF9, 0x81, 0x90, 0xFF, 0x00, 0x0D,
    0xCC, 0xB1, 0x0D, 0x40, 0x50, 0x18, 0x45, 0xE1, 0x1B, 0x1A, 0xC5, 0x2B, 0x15, 0x2A, 0x85, 0x52,
    0x25, 0x26, 0x30, 0xDA, 0x1B, 0xC1, 0x46, 0x0E, 0x12, 0x21, 0x31, 0x84, 0xC2, 0x00, 0x36, 0xF8,
    0xDD, 0xE2, 0xAB, 0xCE, 0xCD, 0x5D, 0x22, 0xF2, 0xA3, 0x82, 0x47, 0x25, 0xA7, 0x2A, 0x2E, 0x35,
    0xEC, 0x1A, 0x58, 0xF3, 0x0C, 0x19, 0xE8, 0x26, 0xE8, 0x05, 0xC9, 0x5A, 0x1B, 0x6D, 0x76, 0x70,
    0xDF, 0xBC, 0x3B, 0x54, 0x73, 0x2B, 0xF1, 0xFA, 0xE3, 0xB3, 0x88, 0xE0, 0x07, 0xCD, 0x5A, 0x5D,
    0x6C, 0x1C, 0xD7, 0x75, 0x3E, 0x33, 0x57, 0xD4, 0xC8, 0x9A, 0xDD, 0x1D, 0x01, 0x4D, 0x83, 0x40,
    0x5A, 0x71, 0xF4, 0x10, 0x14, 0x7E, 0x18, 0x71, 0xD7, 0xD6, 0xB4, 0x9A, 0x24, 0x4B, 0xEE, 0xC4,
    0x7A, 0xF0, 0x83, 0x82, 0x4A, 0x79, 0xAD, 0x0C, 0xD8, 0x40, 0xF3, 0x14, 0x07, 0xD5, 0x26, 0x50,
    0x01, 0x25, 0x95, 0xBD, 0x13, 0x0B, 0x81, 0x9F, 0x82, 0xC8, 0x88, 0xD0, 0x26, 0x45, 0x81, 0x06,
    0x8D, 0x5B, 0xD4, 0x74, 0x51, 0x6D, 0x1B, 0x3E, 0x10, 0x31, 0xC5, 0xBD, 0x31, 0x81, 0xFA, 0xA1,
    0x49, 0x3B, 0x6E, 0x82, 0xA6, 0x40, 0xD5, 0x66, 0x62, 0x4A, 0x28, 0x9C, 0x04, 0xD5, 0x00, 0x5E,
    0x27, 0x2B, 0x6B, 0xB9, 0xB7, 0xDF, 0xB9, 0xF7, 0x2E, 0x49, 0x4B, 0x24, 0x6D, 0xC9, 0x92, 0x2B,
    0x8A, 0xDA, 0x33, 0x3B, 0x3F, 0x77, 0xCE, 0x77, 0xFE, 0xCF, 0xB9, 0x24, 0x22, 0xAA, 0x91, 0xF9,
    0xF1, 0xA5, 0x3D, 0x28, 0xF5, 0xE7, 0xC9, 0xD6, 0x21, 0x7C, 0xBA, 0xAB, 0xA3, 0x80, 0xBF, 0x05,
    0xFD, 0xC0, 0x71, 0x07, 0x44, 0xD5, 0x50, 0x48, 0x7F, 0x09, 0x0F, 0x79, 0xB2, 0xAC, 0x46, 0x78,
    0xE8, 0xD3, 0x65, 0x2B, 0x02, 0x0D, 0xF2, 0x73, 0x01, 0xD3, 0xD9, 0x85, 0x50, 0xFC, 0x0A, 0x34,
    0x39, 0xEC, 0xC9, 0x51, 0x95, 0x28, 0xC2, 0x0D, 0xB3, 0x78, 0x43, 0xE0, 0xE6, 0x9D, 0xC8, 0x27,
    0x6A, 0xCB, 0x05, 0x4A, 0x44, 0x4A, 0x9D, 0xF2, 0x30, 0xC5, 0x42, 0x52, 0xAF, 0xB5, 0x87, 0x3A,
    0x4E, 0x4E, 0x67, 0xF1, 0x96, 0x0E, 0x15, 0x34, 0x83, 0x73, 0x1D, 0xEA, 0x91, 0x9F, 0x11, 0xC5,
    0xD4, 0x71, 0x7F, 0x50, 0x10, 0xB5, 0xA8, 0xD9, 0x2C, 0xCF, 0xE2, 0xDD, 0xD4, 0x69, 0x1D, 0x9A,
    0x66, 0x6E, 0x7A, 0x01, 0x79, 0x19, 0x73, 0x2A, 0xA4, 0xC3, 0xDC, 0xE6, 0xF8, 0x7F, 0x8E, 0x48,
    0x30, 0x02, 0x2C, 0xE4, 0xA7, 0xA0, 0x02, 0x8B, 0x69, 0x20, 0xFD, 0x97, 0x07, 0x9A, 0xEE, 0x56,
    0x38, 0xED, 0x6A, 0x70, 0xFE, 0x32, 0x7F, 0xD6, 0x34, 0xE2, 0x40, 0xAF, 0x10, 0xC8, 0x39, 0x7C,
    0xCE, 0x0C, 0xF8, 0x54, 0x6B, 0x8E, 0x4F, 0x45, 0xBE, 0x4C, 0xF4, 0xD5, 0x3A, 0x91, 0xF7, 0x93,
    0x33, 0x58, 0x56, 0xA8, 0x91, 0x97, 0x52, 0xE3, 0xAB, 0xFD, 0xF3, 0xD2, 0x19, 0x90, 0xFB, 0xBA,
    0xF4, 0xB3, 0x29, 0xEA, 0x15, 0x07, 0x49, 0xC9, 0xA4, 0x8C, 0xFC, 0xBC, 0x8C, 0x7A, 0xC1, 0x98,
    0x92, 0x5A, 0xC7, 0x2F, 0x28, 0xA2, 0x4E, 0x43, 0x7F, 0x26, 0x67, 0xF9, 0x33, 0x8E, 0x28, 0xA1,
    0x5E, 0x12, 0x00, 0x59, 0xD9, 0x12, 0xD7, 0x73, 0x2A, 0x22, 0x5A, 0x26, 0x47, 0xB2, 0xEC, 0x45,
    0xC6, 0x58, 0x3C, 0x72, 0x01, 0x15, 0xE8, 0x2E, 0x13, 0x41, 0xBE, 0xC1, 0x2F, 0x2E, 0x15, 0xCC,
    0xFB, 0x0D, 0xCD, 0x7A, 0x90, 0x69, 0x32, 0x67, 0x34, 0x93, 0x9C, 0x31, 0x24, 0x31, 0xA4, 0xA5,
    0x09, 0xDE, 0xC0, 0x3F, 0x1D, 0xF3, 0xAD, 0xD4, 0xD7, 0x84, 0x8C, 0x99, 0x84, 0x69, 0x8F, 0xC9,
    0x12, 0xDD, 0x54, 0x92, 0x44, 0x4E, 0xE3, 0x17, 0x0A, 0xF2, 0xC9, 0x95, 0x50, 0xF4, 0x34, 0x93,
    0x42, 0x8D, 0x40, 0x3E, 0x5A, 0xBC, 0x09, 0xF9, 0x28, 0x35, 0x80, 0x30, 0xDD, 0xF1, 0xC9, 0x16,
    0x88, 0x28, 0xA9, 0x0E, 0x12, 0x94, 0x14, 0x81, 0x2C, 0x7D, 0xF9, 0xA5, 0xC5, 0x1C, 0x5C, 0xB6,
    0x55, 0xC9, 0xF2, 0x3E, 0x43, 0x67, 0x99, 0xF4, 0x88, 0xEF, 0x84, 0xCE, 0x12, 0x26, 0xED, 0xBF,
    0x5E, 0x50, 0x43, 0xB0, 0xAD, 0x8A, 0xF9, 0x4B, 0x19, 0x15, 0x50, 0xB4, 0x33, 0x84, 0x96, 0xB0,
    0x70, 0x43, 0xA9, 0x4B, 0xB8, 0xC1, 0xB9, 0x34, 0xBF, 0xC6, 0xCC, 0xCC, 0xCF, 0x8F, 0x48, 0x9F,
    0xBC, 0x4E, 0xF6, 0x96, 0xF9, 0x4B, 0x92, 0x1F, 0x50, 0x40, 0xFC, 0x7D, 0x55, 0xE8, 0xC5, 0xDE,
    0x5C, 0xD8, 0xB4, 0xB4, 0x7D, 0x91, 0x7E, 0xAD, 0x63, 0x99, 0x58, 0xFA, 0xCA, 0xFC, 0xE2, 0x06,
    0x83, 0x96, 0x5D, 0xF7, 0x46, 0xDA, 0xBA, 0x46, 0x1A, 0x0A, 0x03, 0xCB, 0xF7, 0x17, 0x16, 0xE6,
    0x04, 0x34, 0x8B, 0xE0, 0xB3, 0x90, 0xEE, 0x10, 0xB7, 0x40, 0xDD, 0x21, 0xF5, 0x76, 0x6D, 0x08,
    0xCB, 0x8A, 0x6E, 0x22, 0x48, 0x2B, 0x56, 0x2B, 0xE4, 0x89, 0xC8, 0xE3, 0xCD, 0xEA, 0xB0, 0xCA,
    0x81, 0x06, 0xCD, 0x81, 0xA7, 0xCD, 0x70, 0x8A, 0x84, 0xC7, 0x66, 0xD8, 0xFE, 0xA7, 0x63, 0x1E,
    0xE3, 0x1E, 0xA8, 0x9C, 0x76, 0x93, 0xF8, 0xCD, 0xDA, 0x62, 0x2F, 0x5D, 0xA6, 0xA0, 0xEB, 0x9F,
    0x6D, 0x97, 0x4F, 0x51, 0x35, 0x70, 0x7F, 0x75, 0xB8, 0x83, 0x35, 0x84, 0x5C, 0x4E, 0x3A, 0x97,
    0x09, 0x5E, 0xD5, 0x48, 0xBE, 0xF4, 0xCB, 0x34, 0x2C, 0x5B, 0xFE, 0xD2, 0x91, 0xF3, 0x69, 0xD2,
    0x0A, 0xC4, 0xE8, 0x53, 0x01, 0x45, 0xB8, 0x61, 0xA9, 0x5D, 0xE5, 0xFB, 0xCA, 0x87, 0xA7, 0x2B,
    0xD4, 0x90, 0x78, 0x77, 0xAD, 0x4E, 0x9F, 0x28, 0xC1, 0x98, 0x5F, 0x07, 0xB7, 0x15, 0x20, 0x78,
    0x82, 0x5A, 0xEC, 0xAC, 0xE2, 0x0A, 0x85, 0xCC, 0x83, 0x73, 0x05, 0xA0, 0x98, 0x87, 0x2B, 0xD6,
    0xA7, 0xAF, 0xB0, 0x2F, 0xE9, 0xF3, 0xEC, 0x25, 0xE4, 0x5E, 0x31, 0x2E, 0x23, 0xCE, 0x19, 0xA7,
    0x0F, 0xD8, 0xAE, 0x70, 0xC3, 0xE1, 0xC2, 0xB8, 0xD1, 0x2B, 0x8C, 0x43, 0xE4, 0x62, 0xAC, 0x61,
    0x8D, 0x2F, 0x19, 0xB8, 0xA1, 0xF9, 0xEA, 0xAA, 0x31, 0x2F, 0x4D, 0xDD, 0x8B, 0xA7, 0x06, 0xC6,
    0xDB, 0xA8, 0x61, 0x1E, 0x63, 0xF9, 0x92, 0x16, 0xD4, 0x02, 0x11, 0x2F, 0x05, 0x07, 0xD0, 0x22,
    0xC1, 0x45, 0x4F, 0x3F, 0x2B, 0x32, 0x13, 0x73, 0x5C, 0x59, 0x27, 0x88, 0x3E, 0x65, 0x6F, 0x68,
    0xA4, 0x08, 0x2F, 0x90, 0x7D, 0x5B, 0x8A, 0x11, 0xF5, 0x62, 0x6A, 0x67, 0xA0, 0x9D, 0x26, 0x16,
    0x85, 0xCB, 0xC6, 0x4D, 0x23, 0xE2, 0xDB, 0x68, 0x1C, 0x5C, 0x25, 0x3A, 0x2D, 0x3B, 0x49, 0xE5,
    0x80, 0x52, 0x2F, 0xCA, 0x5E, 0x14, 0xBC, 0x48, 0xF4, 0xB4, 0x2C, 0xEB, 0x9E, 0xC2, 0x4F, 0x5A,
    0xD4, 0x5C, 0x90, 0xB1, 0x2B, 0x3D, 0xEA, 0x0F, 0x4E, 0x0F, 0x45, 0x26, 0x64, 0x28, 0xBD, 0x1C,
    0x4C, 0x16, 0x0E, 0x5C, 0x2B, 0xDA, 0xE0, 0x73, 0xC2, 0xF7, 0x04, 0xC7, 0x04, 0xD7, 0x3A, 0x4E,
    0x50, 0xDA, 0x74, 0xDE, 0xDD, 0x19, 0xAF, 0xBB, 0x0D, 0xDE, 0x8A, 0xE1, 0x3B, 0x8F, 0x68, 0x62,
    0x6B, 0xFD, 0xD4, 0x1B, 0x02, 0xAF, 0xF3, 0x6F, 0xB2, 0x76, 0x10, 0x78, 0xDD, 0x2C, 0xAF, 0xEF,
    0xDD, 0x02, 0xEF, 0x14, 0x98, 0x98, 0x4A, 0xE3, 0xB8, 0xA1, 0xFE, 0xE6, 0x69, 0x55, 0x74, 0x92,
    0xB8, 0x7A, 0xEA, 0xA2, 0xEC, 0xF4, 0xA2, 0xC6, 0x67, 0x04, 0xBD, 0x56, 0x94, 0x95, 0xE9, 0xF1,
    0xB1, 0xDD, 0xE3, 0x3C, 0xAF, 0xF9, 0x35, 0x35, 0x5E, 0x79, 0x4E, 0x7A, 0xE2, 0x8A, 0xA0, 0x9F,
    0x89, 0xCC, 0x95, 0x97, 0x85, 0x33, 0x64, 0xBC, 0xE1, 0xCD, 0x3E, 0xBF, 0x35, 0x61, 0xDC, 0x9B,
    0xF0, 0xBA, 0x5B, 0xE0, 0xB5, 0xE9, 0x80, 0x1D, 0x99, 0x7F, 0x9C, 0xF1, 0x67, 0x4F, 0xE7, 0xEB,
    0x96, 0xBE, 0xA4, 0x8F, 0x66, 0xD9, 0x10, 0xF4, 0xC5, 0xD2, 0x2E, 0x64, 0x55, 0x5C, 0x5A, 0x99,
    0x18, 0x4B, 0xAB, 0x73, 0x18, 0x5F, 0xAC, 0xB2, 0xCB, 0xE8, 0x27, 0x7C, 0x76, 0x2C, 0xFD, 0xC4,
    0x0A, 0xF0, 0x94, 0xDA, 0x5F, 0xCE, 0xE3, 0xB9, 0xC2, 0x1B, 0x51, 0x30, 0x60, 0xA1, 0xE5, 0xB5,
    0x80, 0x5A, 0x91, 0x23, 0x11, 0x1B, 0xAD, 0xA8, 0xC0, 0x91, 0xBE, 0xAF, 0x0F, 0xFF, 0xFD, 0xA9,
    0x56, 0xC5, 0x1F, 0x0F, 0x89, 0x53, 0x09, 0xAF, 0x3A, 0x4D, 0x71, 0x30, 0x77, 0x01, 0x51, 0xA5,
    0xE5, 0x51, 0xB3, 0xFA, 0xC8, 0x25, 0x35, 0xFE, 0x66, 0x5D, 0xC0, 0x69, 0xF5, 0xB9, 0x9A, 0x47,
    0x8D, 0x61, 0x08, 0x03, 0x58, 0xF3, 0xC7, 0xB4, 0x7B, 0xC9, 0xC7, 0xD1, 0x90, 0xED, 0xE3, 0xA0,
    0xAB, 0x5E, 0xE8, 0x23, 0x6C, 0x33, 0xA7, 0xCF, 0xC2, 0xF0, 0x5A, 0x9A, 0xFB, 0xDD, 0xEA, 0xAA,
    0xF1, 0x92, 0x72, 0x1D, 0xCC, 0x3A, 0x4A, 0x9D, 0x1B, 0x87, 0xB7, 0x48, 0x63, 0x43, 0x42, 0x1F,
    0xD4, 0x17, 0x02, 0x9C, 0x63, 0x5F, 0x68, 0xA7, 0x5E, 0xC9, 0xBE, 0xD0, 0xCE, 0xFC, 0xD2, 0xF8,
    0x02, 0x22, 0x9B, 0xF6, 0x05, 0x50, 0xF8, 0x82, 0x3E, 0x0F, 0x9B, 0x08, 0x79, 0xD9, 0x1D, 0x7C,
    0xE1, 0xE9, 0xF7, 0xF2, 0x85, 0xAB, 0xD6, 0x17, 0x32, 0xFF, 0x81, 0xF2, 0x05, 0x8D, 0x0F, 0x78,
    0xAF, 0x15, 0x87, 0xBF, 0xC0, 0x78, 0xD3, 0x7D, 0xFB, 0x76, 0xED, 0xE4, 0xFB, 0xD7, 0xC8, 0x99,
    0xF8, 0xFE, 0x85, 0x0D, 0xBC, 0x15, 0x83, 0x37, 0xBF, 0x15, 0xAF, 0xFB, 0x5E, 0x78, 0xB7, 0xF5,
    0x85, 0x09, 0x6E, 0x7D, 0xC1, 0xCD, 0xEC, 0x9D, 0xFC, 0x88, 0x7E, 0xF4, 0xBF, 0x7B, 0xC6, 0xDA,
    0x69, 0x29, 0xB1, 0x81, 0x36, 0xAE, 0x5B, 0xD4, 0xBD, 0x9A, 0x85, 0x5D, 0x78, 0xB6, 0xCE, 0xCA,
    0x05, 0x19, 0xE0, 0x52, 0x50, 0x34, 0xB9, 0xC4, 0xD0, 0xBD, 0xE1, 0x19, 0x58, 0x33, 0xBD, 0x5D,
    0x4E, 0xFF, 0x51, 0x38, 0xA4, 0x26, 0x65, 0x87, 0x76, 0x4D, 0x21, 0xF7, 0x59, 0xB4, 0xCD, 0x2D,
    0x0E, 0x58, 0x00, 0x74, 0x3A, 0x47, 0x7E, 0xD4, 0xD1, 0xEF, 0x3B, 0x3D, 0xD2, 0x22, 0x38, 0x95,
    0x17, 0x64, 0x64, 0x20, 0x25, 0x69, 0x21, 0x28, 0x30, 0xA3, 0xA5, 0x30, 0x42, 0x26, 0x16, 0x32,
    0xC8, 0xBC, 0x82, 0x99, 0x29, 0xC8, 0xC8, 0xC1, 0x08, 0xA2, 0x37, 0xD1, 0xA0, 0xB4, 0x26, 0x3C,
    0xB3, 0x59, 0xC7, 0x9B, 0x02, 0xC3, 0x3D, 0xD2, 0xBE, 0xD0, 0x45, 0x4F, 0x1E, 0x71, 0x55, 0xF9,
    0x2C, 0x6B, 0xBF, 0x91, 0x7A, 0x05, 0x6B, 0xDF, 0x2F, 0xDB, 0x19, 0xB4, 0xEF, 0xA8, 0xD4, 0x5B,
    0x83, 0xB6, 0xBD, 0x9C, 0x9D, 0x70, 0x0B, 0xED, 0xBF, 0x09, 0x17, 0x67, 0xED, 0xEF, 0x57, 0xE3,
    0xFB, 0xA9, 0xFD, 0xDD, 0x7D, 0xC8, 0x16, 0x7E, 0xAF, 0xDE, 0x4C, 0xFF, 0x00, 0x39, 0x3C, 0xE4,
    0x6B, 0x60, 0xAC, 0x9D, 0x85, 0x6A, 0x8D, 0xFA, 0xD4, 0x77, 0x6F, 0xD0, 0x81, 0xA2, 0x9D, 0x75,
    0x7F, 0x06, 0x3C, 0x97, 0x55, 0x1A, 0x2A, 0x84, 0x9E, 0xFE, 0x18, 0xC5, 0x22, 0xFF, 0xA0, 0xD8,
    0xB8, 0xCE, 0x7C, 0x94, 0xA8, 0x3D, 0xF6, 0xCF, 0xBF, 0x84, 0x97, 0x1A, 0xFC, 0x11, 0xD5, 0x35,
    0xAD, 0x1A, 0xC3, 0x01, 0x13, 0x89, 0x33, 0xA6, 0x46, 0xEE, 0xA3, 0x28, 0x3E, 0x9F, 0x2D, 0xF4,
    0x3C, 0x32, 0x25, 0x86, 0xB0, 0xDA, 0x16, 0xE9, 0xE4, 0x7B, 0x6C, 0x6B, 0x0D, 0x53, 0x89, 0xF8,
    0x58, 0xA9, 0x89, 0xB3, 0x01, 0xD6, 0x6B, 0xBF, 0xD0, 0xC7, 0x7A, 0x01, 0x71, 0x20, 0x8B, 0x48,
    0x17, 0x1F, 0xA8, 0x96, 0xD6, 0xC3, 0xF2, 0x24, 0xAC, 0x4D, 0x82, 0x9A, 0x6F, 0x83, 0xF9, 0x7A,
    0x40, 0x9B, 0x84, 0xB3, 0x3B, 0xD5, 0xEF, 0x61, 0xA3, 0x5F, 0x67, 0x68, 0xF4, 0xCB, 0x7A, 0x65,
    0xFD, 0x7A, 0x9B, 0xBC, 0xFB, 0x21, 0xD6, 0x6F, 0xC8, 0x7A, 0xD6, 0xD1, 0xCC, 0x35, 0xD1, 0x4C,
    0xFA, 0x3A, 0x8A, 0x35, 0x52, 0x5F, 0x31, 0x9D, 0x82, 0xAC, 0x37, 0xE9, 0xD7, 0xD0, 0x8E, 0xC1,
    0x49, 0x3D, 0x2D, 0x31, 0x54, 0xCF, 0x15, 0xB4, 0x1A, 0x07, 0x0A, 0xE4, 0x09, 0x2D, 0x65, 0xD6,
    0xAF, 0xB1, 0xAB, 0x89, 0x9D, 0x4D, 0xF8, 0xBA, 0x23, 0xEF, 0xBE, 0x2F, 0xD1, 0xAC, 0x9B, 0xF9,
    0x03, 0xC6, 0xFB, 0x86, 0x44, 0xA3, 0x04, 0x7B, 0x96, 0x79, 0xBD, 0xBA, 0xD9, 0x8E, 0xA1, 0x20,
    0x07, 0xF4, 0xA1, 0x1F, 0x12, 0x7D, 0x5E, 0xC6, 0x71, 0x15, 0x46, 0xF6, 0x5F, 0xB0, 0x67, 0x07,
    0x57, 0x77, 0x31, 0x5E, 0xB3, 0x4E, 0xC5, 0x54, 0x48, 0xC0, 0x1B, 0x5C, 0x3D, 0x2D, 0x19, 0x2F,
    0xDB, 0xEF, 0xFD, 0xC2, 0x2B, 0xED, 0x3A, 0x03, 0xBB, 0x6E, 0xEB, 0x56, 0xBC, 0xE9, 0xB6, 0x78,
    0xE1, 0xAF, 0x62, 0x0D, 0x78, 0xC5, 0x73, 0x32, 0xF0, 0x19, 0x2F, 0xA5, 0xBB, 0x9C, 0x1D, 0xA2,
    0xB7, 0xE1, 0xBB, 0x93, 0xE8, 0xDE, 0x24, 0xE9, 0x45, 0xDA, 0x11, 0xCA, 0xB2, 0xA2, 0x2B, 0xD3,
    0x51, 0x51, 0x63, 0x5E, 0x82, 0x13, 0xC0, 0x0B, 0xBB, 0x3A, 0xC7, 0xF9, 0xB1, 0x71, 0xF1, 0xD4,
    0xFF, 0xA2, 0x2A, 0x28, 0x1C, 0xB5, 0xE6, 0x91, 0x64, 0x3E, 0x61, 0x79, 0xD2, 0xF4, 0x7B, 0x38,
    0x0F, 0x1C, 0x4E, 0xCE, 0xC6, 0x07, 0x5C, 0xC3, 0xD0, 0xE0, 0x3C, 0x61, 0x13, 0xF4, 0x07, 0xD2,
    0xF3, 0x22, 0x4A, 0x18, 0xE8, 0xD9, 0xE3, 0xEC, 0xFA, 0x98, 0xAC, 0x70, 0x03, 0xEA, 0xE6, 0x79,
    0xC4, 0x3D, 0x03, 0xA5, 0xE5, 0xC4, 0x3E, 0x27, 0xF6, 0xBA, 0x8E, 0xDB, 0x7B, 0x5E, 0x06, 0xC7,
    0xD3, 0xB8, 0x09, 0xBF, 0x76, 0xD7, 0x76, 0xB2, 0xEB, 0x89, 0x9E, 0x8D, 0x3C, 0x6B, 0xE4, 0xF2,
    0x3F, 0xE0, 0x16, 0x45, 0xC3, 0xE8, 0xB9, 0x3B, 0xF8, 0x50, 0xED, 0x3A, 0x4C, 0x3D, 0xC8, 0xB1,
    0x36, 0xD3, 0xCF, 0xC3, 0x77, 0xDE, 0x90, 0x15, 0xF4, 0x72, 0x0D, 0x35, 0xCC, 0x23, 0x04, 0xB3,
    0xB6, 0x1A, 0x95, 0x89, 0xE2, 0xEF, 0xA3, 0x5E, 0xAC, 0x54, 0x1E, 0xAA, 0x51, 0xA7, 0xD9, 0x55,
    0x32, 0x50, 0x83, 0xB8, 0x19, 0x2A, 0xC4, 0xBC, 0x3C, 0x6E, 0x02, 0x2C, 0x20, 0x03, 0xEF, 0x47,
    0x88, 0x4E, 0x6E, 0x89, 0x17, 0x71, 0x90, 0xF1, 0x22, 0x42, 0x6A, 0xBC, 0x4C, 0xB5, 0x5D, 0x83,
    0x5F, 0x8D, 0xB7, 0x71, 0x4F, 0xF0, 0x4E, 0xAA, 0x97, 0xD0, 0x3E, 0x77, 0x76, 0xEB, 0x2A, 0xCC,
    0xB7, 0x7E, 0xDC, 0x98, 0x9F, 0x3F, 0xF9, 0xDB, 0xF3, 0x2F, 0x5F, 0xED, 0xEB, 0xB8, 0xAD, 0x46,
    0xDD, 0xFF, 0xC4, 0xE7, 0x93, 0x6A, 0xD4, 0xFE, 0x4B, 0x35, 0x5C, 0x46, 0xB7, 0xD9, 0xED, 0xAB,
    0x72, 0xAE, 0xAF, 0x06, 0x5D, 0x8D, 0x5F, 0x0D, 0x70, 0x1F, 0x70, 0xAB, 0xE1, 0x84, 0xFE, 0x89,
    0x62, 0xFC, 0x6A, 0xE1, 0x8B, 0xBA, 0xFF, 0x1D, 0xAF, 0xE3, 0x6E, 0xAD, 0xE3, 0x9E, 0xE5, 0x62,
    0xB9, 0x98, 0xF8, 0x31, 0xDE, 0xDB, 0x1F, 0x12, 0x57, 0x61, 0xB7, 0xF8, 0xF1, 0x84, 0xCF, 0x70,
    0x87, 0x2A, 0xEC, 0x9E, 0xC4, 0xAD, 0x7D, 0x44, 0x1F, 0x81, 0x1F, 0xA3, 0xE4, 0xA2, 0x46, 0x96,
    0x47, 0xB3, 0xBA, 0x9A, 0x2F, 0x13, 0x9E, 0xFA, 0xD0, 0xC7, 0x37, 0xEC, 0xD9, 0x85, 0x76, 0x38,
    0x3E, 0x8B, 0x7E, 0x86, 0xDF, 0x98, 0xAB, 0x50, 0xFC, 0x82, 0xEE, 0x25, 0xFC, 0xEE, 0x6C, 0xCF,
    0x27, 0x59, 0xBF, 0x5C, 0x69, 0x98, 0x38, 0xED, 0x48, 0x13, 0xB7, 0x0E, 0x64, 0x8C, 0x57, 0x20,
    0x7F, 0x3E, 0x08, 0x71, 0x3A, 0x64, 0xBD, 0x98, 0x8E, 0x73, 0x68, 0xF2, 0x12, 0x3A, 0x4F, 0x9D,
    0x97, 0x50, 0x9A, 0x98, 0xBC, 0x74, 0xF2, 0xFD, 0xF8, 0x6F, 0x1B, 0x56, 0x60, 0xF1, 0x3E, 0xD0,
    0x79, 0xC9, 0xC6, 0x2B, 0x07, 0x76, 0xBB, 0xC6, 0x78, 0xB7, 0x8E, 0xCF, 0xEF, 0x8D, 0x97, 0xBD,
    0xE4, 0x01, 0xC4, 0x8B, 0x76, 0x1A, 0xAA, 0xCC, 0xA3, 0x39, 0xE4, 0xD7, 0xDD, 0xB0, 0xE7, 0x7D,
    0x7C, 0x7E, 0xDF, 0xBB, 0xEC, 0x19, 0xA9, 0x0A, 0xF1, 0x99, 0xED, 0x59, 0x1A, 0x7B, 0x6E, 0x30,
    0xAD, 0x71, 0x39, 0xF5, 0x3E, 0xE2, 0x33, 0x75, 0x87, 0x26, 0x3E, 0x5F, 0x6D, 0xA4, 0x8C, 0xD7,
    0x41, 0xBC, 0xBE, 0x0B, 0xBC, 0x7B, 0x2C, 0x9D, 0xB6, 0xE7, 0xDB, 0xA5, 0xB9, 0xEF, 0x1F, 0xA5,
    0x79, 0x2E, 0x2F, 0xF4, 0x3A, 0x42, 0x76, 0x4C, 0xBC, 0x4A, 0x13, 0x1B, 0xAF, 0xEA, 0x16, 0x6F,
    0x45, 0xE3, 0x35, 0x94, 0xF2, 0x19, 0x43, 0xCB, 0xB6, 0xE9, 0x2A, 0x7A, 0x47, 0x5F, 0x5F, 0x30,
    0x78, 0xFB, 0x72, 0x67, 0xFD, 0xFA, 0x1C, 0xBF, 0xB2, 0x4E, 0x32, 0xE5, 0x64, 0x0F, 0x39, 0xE9,
    0x56, 0x78, 0x27, 0xFA, 0xB5, 0xF1, 0x8A, 0xF3, 0x92, 0xAE, 0xA3, 0x81, 0xFB, 0xC3, 0xD4, 0x2F,
    0x02, 0xD3, 0xC7, 0xA0, 0x5F, 0x9E, 0x38, 0x4C, 0xC3, 0x9E, 0x1B, 0xDC, 0x3F, 0x14, 0xA5, 0x19,
    0xC9, 0xF5, 0x36, 0xF4, 0x7B, 0x2B, 0x4E, 0x87, 0x0B, 0x2D, 0x50, 0xFF, 0xCF, 0xA4, 0xFF, 0x3C,
    0xEA, 0x2C, 0x07, 0xF1, 0x6C, 0xBC, 0xA3, 0x7E, 0x6F, 0xB5, 0x67, 0xF0, 0x7D, 0xBF, 0xEA, 0x2C,
    0x60, 0x29, 0x76, 0xD9, 0x3A, 0x6B, 0xC9, 0xE0, 0xE5, 0x78, 0x8F, 0xEA, 0xBD, 0x16, 0x58, 0x7B,
    0x9E, 0x9A, 0xE2, 0x5C, 0x90, 0xF3, 0x84, 0x8C, 0xD6, 0xCC, 0x54, 0x00, 0x75, 0xB3, 0x8E, 0x57,
    0xA1, 0x8E, 0x57, 0x21, 0xED, 0xED, 0x6F, 0xA3, 0x5F, 0x51, 0xB2, 0x3D, 0x8B, 0x2C, 0x18, 0x1D,
    0x4A, 0x78, 0xF6, 0x1D, 0x8C, 0x33, 0xC6, 0x8B, 0x5C, 0xAD, 0xF1, 0x96, 0x81, 0x2A, 0x6B, 0x7A,
    0x9C, 0xAE, 0x4A, 0xC6, 0x1B, 0x83, 0x02, 0x2F, 0xEE, 0x43, 0xA3, 0x83, 0xD6, 0x25, 0xE3, 0x59,
    0x9F, 0x4D, 0x60, 0x14, 0xA4, 0x06, 0x03, 0x4F, 0xD0, 0x43, 0xAE, 0xF1, 0xDB, 0x17, 0x0F, 0x0C,
    0x3F, 0xC0, 0x54, 0xE0, 0x07, 0xCB, 0x24, 0x6E, 0x00, 0xAF, 0x7F, 0x91, 0xE8, 0xC9, 0xF3, 0xD9,
    0x4E, 0x75, 0xA5, 0xC7, 0x13, 0x41, 0xF1, 0xEF, 0xF9, 0xF4, 0x93, 0xA6, 0xBE, 0x22, 0x67, 0xC7,
    0x3A, 0xDA, 0xCB, 0x4D, 0x1D, 0xED, 0xF4, 0x6C, 0x1D, 0xDD, 0x31, 0xFA, 0x65, 0xCE, 0xB5, 0x7E,
    0x7B, 0x56, 0xBF, 0xB1, 0xD1, 0x2F, 0x2C, 0x4A, 0xEB, 0xD7, 0x93, 0x77, 0x35, 0x15, 0xB8, 0xB3,
    0x7A, 0x63, 0x73, 0xBC, 0xF2, 0x86, 0x3C, 0xF5, 0x41, 0x1D, 0xEB, 0x53, 0x11, 0xA1, 0x1F, 0xEB,
    0xB8, 0x59, 0x19, 0xA3, 0x8F, 0xFA, 0xAB, 0x42, 0xEA, 0xC9, 0xE7, 0x8F, 0x4B, 0xD9, 0x6C, 0x0A,
    0x25, 0xF1, 0x3D, 0x6E, 0x4E, 0xA7, 0x7C, 0x5D, 0xE3, 0xC6, 0xFD, 0x9A, 0x22, 0xD4, 0x6D, 0xC4,
    0xAB, 0xBD, 0x17, 0x88, 0xF6, 0x67, 0xE8, 0x83, 0xB9, 0x7C, 0xC9, 0x8B, 0x6A, 0x30, 0xEE, 0xBF,
    0xA3, 0x5E, 0xCF, 0x83, 0x60, 0x2C, 0x48, 0xAD, 0x48, 0x71, 0x9E, 0xE9, 0x71, 0x94, 0xAE, 0xA0,
    0x6B, 0x28, 0x62, 0x07, 0x73, 0x82, 0x06, 0xE7, 0xD0, 0x0F, 0xD6, 0x04, 0xBD, 0x0A, 0xC9, 0xF8,
    0xFF, 0x42, 0x0E, 0xF7, 0xB0, 0xF0, 0x0F, 0x31, 0xD2, 0x83, 0xDE, 0x3C, 0xBC, 0x60, 0x36, 0x50,
    0x36, 0x57, 0xD1, 0xF7, 0x02, 0xB7, 0x99, 0xFC, 0x9A, 0xE1, 0x47, 0x64, 0xE6, 0x00, 0x65, 0x6C,
    0xE6, 0x00, 0x8C, 0x3B, 0x15, 0x25, 0x35, 0x9B, 0xE4, 0x95, 0x70, 0x71, 0xF8, 0x6F, 0x3F, 0xF3,
    0x6F, 0x70, 0x3D, 0xCD, 0xEF, 0x49, 0x6F, 0xCF, 0x4B, 0x3B, 0xE0, 0x76, 0x2C, 0x6E, 0x47, 0xF9,
    0x1A, 0xB7, 0x63, 0x71, 0x3B, 0xA5, 0xC1, 0xED, 0x58, 0xDC, 0xEE, 0xFB, 0xC5, 0x7D, 0x3F, 0xF3,
    0xF1, 0x6D, 0xF1, 0xAB, 0xE0, 0x06, 0x07, 0x74, 0x99, 0xDC, 0xA1, 0x9E, 0xFA, 0xE5, 0x41, 0xC1,
    0xB8, 0xDB, 0x45, 0x58, 0x72, 0xFC, 0x6A, 0xE8, 0xE9, 0x60, 0x44, 0x41, 0x86, 0xD7, 0x6F, 0x1B,
    0xAF, 0x5D, 0xC4, 0xEB, 0x30, 0x65, 0xFB, 0xE6, 0xDD, 0x8F, 0x7B, 0x11, 0xBF, 0x8E, 0x9B, 0xE7,
    0xDA, 0xE3, 0x93, 0x7A, 0x9D, 0x21, 0x07, 0x31, 0xE0, 0xBD, 0xC2, 0x13, 0x5B, 0xE0, 0xAD, 0x30,
    0x72, 0xE0, 0xAD, 0xF3, 0x77, 0xE0, 0x4D, 0xF4, 0xE4, 0x21, 0x8F, 0x7E, 0x4B, 0x5B, 0x4D, 0x99,
    0x78, 0x8F, 0x6F, 0x8F, 0x37, 0x32, 0x78, 0x9D, 0x07, 0x0A, 0xEF, 0x0E, 0xFA, 0xDD, 0xC7, 0xFA,
    0x45, 0xDC, 0x6E, 0xF1, 0xDC, 0x03, 0x17, 0x02, 0xF4, 0x87, 0xBA, 0x7F, 0x95, 0x79, 0x54, 0xD5,
    0xEC, 0xDD, 0x41, 0x7D, 0x79, 0xC8, 0xDA, 0x75, 0xCF, 0xD6, 0x1F, 0x23, 0x93, 0x9F, 0xC4, 0x8F,
    0xB4, 0x9D, 0x54, 0x3D, 0xBF, 0xBF, 0x86, 0x05, 0x83, 0x9A, 0xB8, 0x7A, 0x2A, 0x07, 0xDE, 0x27,
    0xC0, 0x41, 0x06, 0xBC, 0x23, 0x23, 0x77, 0xE8, 0x41, 0xDA, 0xFC, 0x94, 0x6B, 0x3E, 0x79, 0x88,
    0xCE, 0x7C, 0xD7, 0x10, 0x58, 0x18, 0x87, 0xA7, 0x2E, 0x1E, 0x78, 0xD7, 0x14, 0x97, 0xFA, 0x66,
    0xB0, 0x4E, 0xE1, 0xB5, 0x8F, 0xEA, 0x3D, 0x39, 0xEE, 0xB4, 0xF5, 0x96, 0xA8, 0x27, 0xCD, 0x08,
    0x80, 0x42, 0xE4, 0xA6, 0x29, 0x9E, 0xEF, 0xB4, 0x02, 0x14, 0xFD, 0xDC, 0x2A, 0x95, 0xC0, 0x32,
    0x80, 0x4F, 0xE3, 0xE5, 0x2D, 0xC1, 0x7B, 0x6A, 0x70, 0xDF, 0x8F, 0xB9, 0x1C, 0x52, 0x3D, 0xAB,
    0x48, 0x3B, 0xFE, 0x47, 0xDE, 0xB0, 0x1B, 0xCB, 0x11, 0x55, 0xE9, 0xCC, 0x17, 0xC4, 0x9F, 0xC2,
    0xE5, 0xEB, 0xD4, 0x18, 0xBA, 0x2A, 0xAB, 0xDA, 0xE9, 0x17, 0xBD, 0xEB, 0xC0, 0xCD, 0xE8, 0xE3,
    0x3C, 0xC0, 0x2A, 0xFA, 0x29, 0x35, 0x5E, 0x58, 0xA2, 0xA0, 0x7F, 0x1D, 0xDC, 0xF7, 0x2F, 0x53,
    0x6B, 0x4F, 0xCD, 0x1F, 0xFB, 0x53, 0x3E, 0xA0, 0xD5, 0x97, 0x4F, 0xFD, 0x58, 0x0F, 0xBD, 0x92,
    0x93, 0xC4, 0x39, 0xA3, 0xC5, 0x6A, 0x11, 0x32, 0xA0, 0x26, 0xAF, 0x24, 0xF4, 0xBC, 0xCC, 0x1E,
    0xCC, 0x9E, 0x43, 0xE6, 0x12, 0xCF, 0x9F, 0x20, 0x24, 0x35, 0x9E, 0x72, 0xB1, 0x38, 0x2F, 0x03,
    0xA0, 0x99, 0x75, 0x4D, 0x20, 0x53, 0x57, 0x5D, 0xB0, 0xBB, 0xC3, 0xDB, 0x77, 0x8F, 0xD2, 0x46,
    0xB5, 0x01, 0x39, 0x76, 0x2A, 0xA2, 0x87, 0x5C, 0x29, 0x57, 0x63, 0xE7, 0x78, 0x17, 0x3A, 0xAB,
    0x72, 0x17, 0xD5, 0x7D, 0x4E, 0x46, 0x8C, 0x79, 0xB7, 0xCC, 0xAD, 0x57, 0x97, 0xD6, 0xCA, 0x7B,
    0x1D, 0x23, 0xF1, 0xCE, 0x3F, 0xA0, 0x4E, 0xE3, 0xD9, 0xFD, 0xF7, 0xCA, 0x2E, 0xF1, 0x2C, 0xFF,
    0x95, 0xA4, 0xCB, 0xBB, 0x97, 0xF1, 0xE5, 0x7A, 0x1B, 0xC5, 0x0C, 0xC5, 0xE7, 0x82, 0x3D, 0xE4,
    0x20, 0xD0, 0x77, 0x84, 0x7E, 0xA0, 0x57, 0xDA, 0xF1, 0x5D, 0x6E, 0xB6, 0x43, 0x72, 0xC9, 0x4A,
    0x66, 0xF3, 0x72, 0x64, 0x97, 0x13, 0x74, 0xE1, 0xBE, 0x5A, 0x3C, 0xC3, 0xD3, 0x43, 0xDF, 0x4F,
    0x59, 0x2C, 0xE1, 0x9A, 0x9D, 0xDE, 0x84, 0xA9, 0xED, 0x1E, 0xCB, 0xBB, 0xB5, 0xF6, 0x6C, 0x8F,
    0xB6, 0x76, 0x17, 0xC2, 0x65, 0x6B, 0xF7, 0x52, 0x16, 0xB3, 0xC7, 0x33, 0x97, 0x01, 0x47, 0x33,
    0xF8, 0xED, 0xC3, 0xEF, 0x8A, 0x66, 0xF9, 0x43, 0x26, 0x9A, 0xF1, 0x9E, 0x36, 0xAC, 0xDD, 0x93,
    0x9E, 0x9E, 0xE2, 0x8E, 0xB9, 0xDA, 0xDA, 0xAA, 0x3A, 0x41, 0x15, 0xCD, 0xD6, 0xEE, 0xE5, 0x07,
    0x32, 0xB6, 0xF6, 0x83, 0xEC, 0x59, 0xF0, 0xEE, 0x98, 0xDF, 0x0D, 0xEF, 0xEE, 0xDB, 0xEE, 0x82,
    0xB7, 0x6F, 0xD8, 0xBB, 0x99, 0xB2, 0x77, 0xAB, 0xB1, 0x5A, 0x63, 0xEF, 0x5E, 0x4E, 0xDD, 0xD1,
    0xFF, 0x47, 0x37, 0xB5, 0x87, 0x28, 0x63, 0xBC, 0x6D, 0x16, 0x2D, 0x4F, 0xF9, 0x52, 0x33, 0xE5,
    0xEB, 0xF2, 0xDE, 0x0D, 0xBC, 0x7B, 0x86, 0x4D, 0x67, 0x0B, 0xBC, 0x9F, 0x9F, 0x9F, 0x7F, 0x11,
    0x78, 0xC5, 0xF7, 0x7F, 0xF9, 0xF7, 0xAF, 0x00, 0x6F, 0xAD, 0xB9, 0x52, 0x79, 0x44, 0xDA, 0xAC,
    0x25, 0xCB, 0x4A, 0xED, 0x91, 0x95, 0xCF, 0xFC, 0xAE, 0xCC, 0x6B, 0x41, 0x67, 0xA5, 0x72, 0xF4,
    0x55, 0xE9, 0xE9, 0xF1, 0xF1, 0x31, 0xE0, 0x9D, 0x9F, 0x9F, 0xFF, 0xDB, 0xFB, 0xDF, 0x4D, 0x09,
    0x09, 0x2F, 0xA8, 0x72, 0x35, 0xC6, 0x9B, 0x1A, 0x2B, 0x59, 0x4D, 0x0F, 0xFF, 0x7F, 0x2D, 0xEB,
    0xDA, 0x80, 0x5B, 0x79, 0xE4, 0xF2, 0x54, 0x23, 0x2D, 0x93, 0xE0, 0x3A, 0x89, 0x9B, 0x45, 0x2F,
    0x0E, 0xBE, 0x91, 0x8A, 0xFF, 0xF9, 0x4E, 0xA7, 0x29, 0x7E, 0x9F, 0x68, 0x95, 0xA7, 0x03, 0xB7,
    0xD1, 0xEE, 0x70, 0x95, 0xF1, 0x9E, 0xB8, 0x71, 0x69, 0x15, 0x78, 0x45, 0x40, 0xEE, 0x2A, 0x47,
    0x33, 0x48, 0x72, 0x35, 0x2D, 0x2B, 0x02, 0xC0, 0x57, 0xD3, 0x22, 0xD0, 0xF4, 0x31, 0xE9, 0x1D,
    0x63, 0xFA, 0x78, 0xE6, 0xBE, 0x16, 0x5C, 0x3B, 0xBD, 0xFA, 0x0D, 0xA2, 0xDF, 0xF0, 0x7D, 0x70,
    0xD7, 0x2E, 0x53, 0xB8, 0xEE, 0x8D, 0x20, 0x15, 0xAF, 0x9F, 0x66, 0x5F, 0xCB, 0x03, 0x9E, 0x41,
    0x26, 0x8C, 0x0F, 0xF2, 0x08, 0xD5, 0x9F, 0xBF, 0xAC, 0xCA, 0xFB, 0x90, 0xA5, 0x75, 0x54, 0xCE,
    0xB7, 0xDC, 0x97, 0xB6, 0x55, 0xB7, 0x53, 0xEE, 0xD8, 0x35, 0xC3, 0x8D, 0x75, 0x97, 0xD1, 0x1E,
    0x9A, 0x2E, 0x83, 0xA7, 0x5D, 0x66, 0xEA, 0x95, 0xDA, 0xA9, 0x97, 0x9E, 0xE6, 0x82, 0x72, 0x14,
    0x97, 0x2E, 0xAE, 0x6B, 0x3D, 0xC3, 0x2F, 0xEE, 0x44, 0xCF, 0x74, 0xC0, 0x06, 0x30, 0x2C, 0x60,
    0xCE, 0x34, 0xBE, 0x77, 0xE4, 0x53, 0x1A, 0xDE, 0xCD, 0x23, 0x47, 0x8E, 0x70, 0x53, 0x21, 0x56,
    0x71, 0xD0, 0x66, 0x9C, 0xDF, 0xC5, 0xC1, 0x11, 0x40, 0x9E, 0xFB, 0x43, 0x3E, 0x80, 0xD8, 0x9E,
    0xD1, 0x07, 0x67, 0x88, 0xDE, 0xD6, 0x07, 0x2D, 0x72, 0xDE, 0xEE, 0xBE, 0x75, 0xA4, 0xFD, 0xD6,
    0x2C, 0x2C, 0x62, 0xB0, 0x48, 0x67, 0x17, 0x03, 0x12, 0x88, 0x6A, 0x54, 0xD4, 0x7D, 0x12, 0xC7,
    0xD2, 0x2A, 0xBC, 0xDB, 0x43, 0x8B, 0x82, 0x30, 0x2D, 0xF7, 0x8A, 0xD4, 0x13, 0x69, 0x05, 0x58,
    0x70, 0xE0, 0xCA, 0x16, 0xF5, 0xAA, 0x38, 0xC8, 0x7F, 0x5D, 0xD2, 0xEC, 0x62, 0x98, 0xCE, 0x2C,
    0xA3, 0x78, 0xF3, 0xDF, 0x78, 0xA7, 0x98, 0x3D, 0x9A, 0xD2, 0x22, 0x89, 0x2F, 0x96, 0x9F, 0x7C,
    0x54, 0x3A, 0x6B, 0x54, 0x7B, 0x74, 0xE1, 0x68, 0x52, 0xA2, 0x07, 0x6F, 0x7D, 0xF7, 0xCC, 0xD1,
    0x27, 0x5A, 0x42, 0x51, 0xF9, 0x5A, 0xE7, 0x13, 0x3F, 0x0A, 0x84, 0x12, 0x2B, 0x5F, 0xEF, 0xD5,
    0x7F, 0x22, 0x56, 0xD4, 0x09, 0xA7, 0xCE, 0xDB, 0x53, 0x6F, 0x29, 0x13, 0x76, 0xE8, 0x4B, 0x63,
    0x44, 0x89, 0x14, 0x9A, 0x8A, 0x3F, 0xD7, 0xE1, 0x9C, 0xB2, 0x80, 0x18, 0x11, 0x73, 0x40, 0x6E,
    0x7C, 0x1A, 0x31, 0x81, 0xCB, 0x42, 0x57, 0x7D, 0xED, 0xA5, 0xE3, 0xE3, 0xBB, 0x29, 0xD6, 0x7E,
    0x0E, 0xA5, 0x8C, 0xF1, 0x9E, 0x7F, 0xC6, 0x39, 0xFF, 0x5F, 0xC9, 0x9B, 0xD2, 0x3B, 0xD2, 0x5B,
    0x14, 0x6B, 0x0D, 0x56, 0xB7, 0xDE, 0xA2, 0x14, 0x43, 0x6D, 0x06, 0xD2, 0x26, 0x73, 0xFE, 0x1E,
    0x6F, 0x67, 0x0E, 0x30, 0x03, 0xD4, 0x30, 0xDA, 0x0C, 0x5A, 0x89, 0x31, 0x83, 0x66, 0xDD, 0x34,
    0x23, 0x5F, 0xF9, 0x3B, 0x3B, 0x4C, 0x18, 0x99, 0xE2, 0x05, 0xD4, 0x0C, 0x7B, 0x47, 0xC6, 0x0C,
    0xDA, 0x23, 0x63, 0x06, 0x30, 0x1F, 0x6D, 0x06, 0x41, 0x71, 0x2F, 0xC3, 0xDB, 0x6B, 0x3C, 0xAC,
    0x04, 0x5E, 0x07, 0x5D, 0x12, 0x1D, 0xBB, 0x1D, 0x2F, 0x57, 0xC2, 0xFD, 0xAC, 0x4C, 0xAA, 0x30,
    0xD0, 0x0C, 0xCD, 0x75, 0xEC, 0xC8, 0xBD, 0xF4, 0x70, 0xA7, 0xF9, 0x68, 0x21, 0x2B, 0x33, 0x95,
    0xB8, 0x79, 0xA4, 0x94, 0x95, 0x36, 0xE8, 0xEF, 0xFD, 0x5C, 0xEE, 0x9D, 0x79, 0x38, 0x6E, 0xD6,
    0xF4, 0x7D, 0x70, 0x77, 0xFD, 0xDC, 0x46, 0x73, 0x3D, 0xF5, 0x2D, 0xA2, 0xDF, 0x81, 0xBB, 0x57,
    0xFE, 0x83, 0xE8, 0x2F, 0x10, 0xDE, 0xF6, 0x3E, 0x45, 0xF4, 0xED, 0xC7, 0x36, 0x37, 0xD7, 0xED,
    0xF2, 0x6E, 0x9B, 0xEB, 0x94, 0x73, 0x34, 0x9A, 0xD0, 0x02, 0x05, 0xA6, 0xFE, 0xB3, 0x2E, 0x37,
    0xD7, 0x4D, 0x6A, 0xE3, 0x78, 0xCA, 0x4D, 0xEB, 0x3E, 0x2F, 0xE0, 0x26, 0x96, 0x9E, 0x3D, 0x48,
    0x17, 0xD8, 0xCD, 0xA3, 0x39, 0xEE, 0x33, 0x90, 0xC1, 0xF7, 0x6B, 0x37, 0x77, 0x86, 0x16, 0xEF,
    0xAE, 0x8D, 0x62, 0xBC, 0xB8, 0xAD, 0x18, 0x17, 0x5F, 0xCD, 0xFD, 0xC7, 0xB3, 0x66, 0xD3, 0x51,
    0x19, 0xD2, 0x58, 0x73, 0xB2, 0xF5, 0x3A, 0xA1, 0xDB, 0x0C, 0x8B, 0x0A, 0xAC, 0xCB, 0xFB, 0x84,
    0x9C, 0x0A, 0x51, 0xB4, 0x69, 0xFD, 0xF2, 0x78, 0x18, 0x29, 0x94, 0x87, 0x09, 0xB5, 0xF5, 0xCD,
    0x95, 0xF5, 0x21, 0xC0, 0x64, 0x28, 0xB0, 0xBE, 0xEF, 0xFA, 0x41, 0xD3, 0x57, 0x9F, 0xC4, 0x9A,
    0x0D, 0xE7, 0x21, 0xEC, 0x99, 0x37, 0x95, 0x9C, 0x4D, 0xFA, 0x75, 0x48, 0x56, 0x1D, 0xD8, 0xB3,
    0x7F, 0x5E, 0x06, 0x7E, 0xC6, 0xC3, 0x40, 0xDC, 0xCF, 0xF6, 0x3C, 0x67, 0xFF, 0xDC, 0xE6, 0xA6,
    0x0C, 0x96, 0x38, 0x8C, 0xCB, 0x32, 0x0A, 0x98, 0xA6, 0x7A, 0xEF, 0x71, 0x13, 0xDE, 0x46, 0x61,
    0xC3, 0xDA, 0x48, 0xDB, 0xB3, 0x7B, 0xCB, 0x30, 0x9F, 0xA9, 0x1E, 0x8E, 0xA9, 0x35, 0xA3, 0x5F,
    0xFD, 0xD7, 0x70, 0x1F, 0x7E, 0xBA, 0x9E, 0x84, 0xF1, 0x76, 0x2A, 0xEE, 0x2E, 0x8C, 0xDF, 0xAA,
    0x5F, 0x2E, 0xC2, 0x81, 0xD7, 0xBF, 0x7A, 0x4A, 0x6F, 0x42, 0xA2, 0x6C, 0xE9, 0x3D, 0x48, 0xC3,
    0xDE, 0x7B, 0x8D, 0x17, 0xE5, 0xCE, 0x53, 0x66, 0xD3, 0xD5, 0x37, 0x9B, 0xAE, 0xEA, 0x81, 0xD9,
    0x74, 0xDD, 0xC7, 0xC3, 0x40, 0x95, 0x22, 0x85, 0xE4, 0x91, 0xA7, 0xF2, 0x00, 0x65, 0x54, 0x52,
    0x53, 0xBD, 0xB9, 0x31, 0xCA, 0x93, 0xCA, 0x33, 0x9D, 0x78, 0xD4, 0xE9, 0x34, 0x2B, 0xEC, 0xAB,
    0xCD, 0x18, 0xB4, 0x13, 0xE3, 0xB7, 0x19, 0x50, 0x89, 0x64, 0x06, 0x7B, 0xFE, 0xA9, 0x0C, 0x1E,
    0x97, 0xC0, 0x7B, 0xE7, 0xC3, 0xC0, 0xD1, 0x5D, 0xE0, 0xFD, 0x3F,
};

static const EpdGlyph lexenddeca_14_italicGlyphs[] = {
    { 0, 0, 0, 0, 0, 0, 0 }, // U+0000
    { 0, 0, 0, 0, 0, 0, 0 }, // U+0001
    { 0, 0, 0, 0, 0, 0, 0 }, // U+0002
    { 0, 0, 0, 0, 0, 0, 0 }, // U+0003
    { 0, 0, 0, 0, 0, 0, 0 }, // U+0004
    { 0, 0, 0, 0, 0, 0, 0 }, // U+0005
    { 0, 0, 0, 0, 0, 0, 0 }, // U+0006
    { 0, 0, 0, 0, 0, 0, 0 }, // U+0007
    { 0, 0, 0, 0, 0, 0, 0 }, // U+0008
    { 0, 0, 0, 0, 0, 0, 0 }, // U+0009
    { 0, 0, 0, 0, 0, 0, 0 }, // U+000A
    { 0, 0, 0, 0, 0, 0, 0 }, // U+000B
    { 0, 0, 0, 0, 0, 0, 0 }, // U+000C
    { 0, 0, 0, 0, 0, 0, 0 }, // U+000D
    { 0, 0, 0, 0, 0, 0, 0 }, // U+000E
    { 0, 0, 0, 0, 0, 0, 0 }, // U+000F
    { 0, 0, 0, 0, 0, 0, 0 }, // U+0010
    { 0, 0, 0, 0, 0, 0, 0 }, // U+0011
    { 0, 0, 0, 0, 0, 0, 0 }, // U+0012
    { 0, 0, 0, 0, 0, 0, 0 }, // U+0013
    { 0, 0, 0, 0, 0, 0, 0 }, // U+0014
    { 0, 0, 0, 0, 0, 0, 0 }, // U+0015
    { 0, 0, 0, 0, 0, 0, 0 }, // U+0016
    { 0, 0, 0, 0, 0, 0, 0 }, // U+0017
    { 0, 0, 0, 0, 0, 0, 0 }, // U+0018
    { 0, 0, 0, 0, 0, 0, 0 }, // U+0019
    { 0, 0, 0, 0, 0, 0, 0 }, // U+001A
    { 0, 0, 0, 0, 0, 0, 0 }, // U+001B
    { 0, 0, 0, 0, 0, 0, 0 }, // U+001C
    { 0, 0, 0, 0, 0, 0, 0 }, // U+001D
    { 0, 0, 0, 0, 0, 0, 0 }, // U+001E
    { 0, 0, 0, 0, 0, 0, 0 }, // U+001F
    { 0, 0, 131, 0, 0, 0, 0 }, // U+0020
    { 8, 20, 133, 0, 20, 40, 0 }, // !
    { 8, 7, 156, 2, 20, 14, 40 }, // "
    { 17, 20, 296, 1, 20, 85, 54 }, // #
    { 16, 25, 285, 1, 23, 100, 139 }, // $
    { 26, 20, 467, 2, 20, 130, 239 }, // %
    { 19, 20, 323, 0, 20, 95, 369 }, // &
    { 4, 7, 90, 2, 20, 7, 464 }, // '
    { 10, 25, 140, 0, 20, 63, 471 }, // (
    { 10, 25, 141, -2, 20, 63, 534 }, // )
    { 9, 9, 205, 3, 20, 21, 597 }, // *
    { 15, 15, 289, 1, 15, 57, 618 }, // +
    { 6, 8, 98, -2, 4, 12, 675 }, // ,
    { 10, 3, 174, 0, 9, 8, 687 }, // -
    { 5, 4, 97, -1, 4, 5, 695 }, // .
    { 15, 20, 173, -2, 20, 75, 700 }, // /
    { 17, 20, 305, 1, 20, 85, 775 }, // 0
    { 10, 20, 188, 2, 20, 50, 860 }, // 1
    { 17, 20, 264, -1, 20, 85, 910 }, // 2
    { 16, 20, 271, 0, 20, 80, 995 }, // 3
    { 17, 20, 297, 0, 20, 85, 1075 }, // 4
    { 17, 20, 268, 0, 20, 85, 1160 }, // 5
    { 16, 20, 282, 1, 20, 80, 1245 }, // 6
    { 17, 20, 251, 0, 20, 85, 1325 }, // 7
    { 15, 20, 288, 1, 20, 75, 1410 }, // 8
    { 15, 20, 281, 2, 20, 75, 1485 }, // 9
    { 7, 15, 97, -1, 15, 27, 1560 }, // :
    { 8, 19, 98, -2, 15, 38, 1587 }, // ;
    { 14, 15, 286, 1, 15, 53, 1625 }, // <
    { 16, 8, 307, 1, 12, 32, 1678 }, // =
    { 15, 15, 286, 2, 15, 57, 1710 }, // >
    { 14, 20, 246, 2, 20, 70, 1767 }, // ?
    { 21, 20, 366, 1, 20, 105, 1837 }, // @
    { 19, 20, 293, -2, 20, 95, 1942 }, // A
    { 18, 20, 292, 0, 20, 90, 2037 }, // B
    { 19, 20, 309, 1, 20, 95, 2127 }, // C
    { 19, 20, 315, 0, 20, 95, 2222 }, // D
    { 18, 20, 264, 0, 20, 90, 2317 }, // E
    { 18, 20, 255, 0, 20, 90, 2407 }, // F
    { 19, 20, 332, 1, 20, 95, 2497 }, // G
    { 21, 20, 324, 0, 20, 105, 2592 }, // H
    { 13, 20, 193, 0, 20, 65, 2697 }, // I
    { 16, 20, 238, -1, 20, 80, 2762 }, // J
    { 20, 20, 291, 0, 20, 100, 2842 }, // K
    { 15, 20, 253, 0, 20, 75, 2942 }, // L
    { 25, 20, 385, 0, 20, 125, 3017 }, // M
    { 21, 20, 323, 0, 20, 105, 3142 }, // N
    { 20, 20, 340, 1, 20, 100, 3247 }, // O
    { 18, 20, 279, 0, 20, 90, 3347 }, // P
    { 20, 22, 349, 1, 20, 110, 3437 }, // Q
    { 18, 20, 285, 0, 20, 90, 3547 }, // R
    { 16, 20, 284, 1, 20, 80, 3637 }, // S
    { 17, 20, 260, 2, 20, 85, 3717 }, // T
    { 20, 20, 323, 1, 20, 100, 3802 }, // U
    { 18, 20, 276, 2, 20, 90, 3902 }, // V
    { 25, 20, 394, 2, 20, 125, 3992 }, // W
    { 23, 20, 291, -2, 20, 115, 4117 }, // X
    { 18, 20, 279, 2, 20, 90, 4232 }, // Y
    { 20, 20, 286, -1, 20, 100, 4322 }, // Z
    { 12, 25, 148, -1, 20, 75, 4422 }, // [
    { 11, 20, 242, 2, 20, 55, 4497 }, // <backslash>
    { 12, 25, 148, -2, 20, 75, 4552 }, // ]
    { 14, 11, 258, 1, 20, 39, 4627 }, // ^
    { 12, 3, 193, -1, 1, 9, 4666 }, // _
    { 6, 4, 127, 3, 21, 6, 4675 }, // `
    { 14, 15, 243, 0, 15, 53, 4681 }, // a
    { 15, 20, 259, 0, 20, 75, 4734 }, // b
    { 15, 15, 231, 0, 15, 57, 4809 }, // c
    { 17, 20, 259, 0, 20, 85, 4866 }, // d
    { 15, 15, 253, 0, 15, 57, 4951 }, // e
    { 10, 21, 149, 1, 21, 53, 5008 }, // f
    { 17, 22, 259, -1, 15, 94, 5061 }, // g
    { 15, 20, 256, 0, 20, 75, 5155 }, // h
    { 8, 21, 126, 1, 21, 42, 5230 }, // i
    { 13, 26, 120, -5, 21, 85, 5272 }, // j
    { 15, 20, 227, 0, 20, 75, 5357 }, // k
    { 7, 20, 121, 0, 20, 35, 5432 }, // l
    { 23, 15, 395, 0, 15, 87, 5467 }, // m
    { 15, 15, 257, 0, 15, 57, 5554 }, // n
    { 15, 15, 255, 0, 15, 57, 5611 }, // o
    { 16, 20, 260, -1, 15, 80, 5668 }, // p
    { 17, 20, 259, 0, 15, 85, 5748 }, // q
    { 12, 15, 165, 0, 15, 45, 5833 }, // r
    { 13, 15, 224, 0, 15, 49, 5878 }, // s
    { 9, 19, 151, 1, 19, 43, 5927 }, // t
    { 14, 15, 252, 1, 15, 53, 5970 }, // u
    { 14, 15, 207, 1, 15, 53, 6023 }, // v
    { 20, 15, 307, 1, 15, 75, 6076 }, // w
    { 17, 15, 216, -2, 15, 64, 6151 }, // x
    { 16, 20, 203, -2, 15, 80, 6215 }, // y
    { 15, 15, 218, -1, 15, 57, 6295 }, // z
    { 11, 25, 150, 0, 20, 69, 6352 }, // {
    { 4, 25, 135, 2, 20, 25, 6421 }, // |
    { 11, 25, 150, -2, 20, 69, 6446 }, // }
    { 15, 4, 252, 0, 10, 15, 6515 }, // ~
    { 0, 0, 0, 0, 0, 0, 6530 }, // U+007F
    { 0, 0, 0, 0, 0, 0, 0 }, // U+0080
    { 0, 0, 0, 0, 0, 0, 0 }, // U+0081
    { 0, 0, 0, 0, 0, 0, 0 }, // U+0082
    { 0, 0, 0, 0, 0, 0, 0 }, // U+0083
    { 0, 0, 0, 0, 0, 0, 0 }, // U+0084
    { 0, 0, 0, 0, 0, 0, 0 }, // U+0085
    { 0, 0, 0, 0, 0, 0, 0 }, // U+0086
    { 0, 0, 0, 0, 0, 0, 0 }, // U+0087
    { 0, 0, 0, 0, 0, 0, 0 }, // U+0088
    { 0, 0, 0, 0, 0, 0, 0 }, // U+0089
    { 0, 0, 0, 0, 0, 0, 0 }, // U+008A
    { 0, 0, 0, 0, 0, 0, 0 }, // U+008B
    { 0, 0, 0, 0, 0, 0, 0 }, // U+008C
    { 0, 0, 0, 0, 0, 0, 0 }, // U+008D
    { 0, 0, 0, 0, 0, 0, 0 }, // U+008E
    { 0, 0, 0, 0, 0, 0, 0 }, // U+008F
    { 0, 0, 0, 0, 0, 0, 0 }, // U+0090
    { 0, 0, 0, 0, 0, 0, 0 }, // U+0091
    { 0, 0, 0, 0, 0, 0, 0 }, // U+0092
    { 0, 0, 0, 0, 0, 0, 0 }, // U+0093
    { 0, 0, 0, 0, 0, 0, 0 }, // U+0094
    { 0, 0, 0, 0, 0, 0, 0 }, // U+0095
    { 0, 0, 0, 0, 0, 0, 0 }, // U+0096
    { 0, 0, 0, 0, 0, 0, 0 }, // U+0097
    { 0, 0, 0, 0, 0, 0, 0 }, // U+0098
    { 0, 0, 0, 0, 0, 0, 0 }, // U+0099
    { 0, 0, 0, 0, 0, 0, 0 }, // U+009A
    { 0, 0, 0, 0, 0, 0, 0 }, // U+009B
    { 0, 0, 0, 0, 0, 0, 0 }, // U+009C
    { 0, 0, 0, 0, 0, 0, 0 }, // U+009D
    { 0, 0, 0, 0, 0, 0, 0 }, // U+009E
    { 0, 0, 0, 0, 0, 0, 0 }, // U+009F
    { 0, 0, 131, 0, 0, 0, 0 }, // U+00A0
    { 8, 20, 132, 0, 15, 40, 0 }, // U+00A1
    { 14, 21, 230, 0, 18, 74, 40 }, // U+00A2
    { 18, 20, 273, 0, 20, 90, 114 }, // U+00A3
    { 15, 15, 311, 2, 17, 57, 204 }, // U+00A4
    { 19, 20, 279, 1, 20, 95, 261 }, // U+00A5
    { 4, 25, 135, 2, 20, 25, 356 }, // U+00A6
    { 18, 25, 246, -2, 20, 113, 381 }, // U+00A7
    { 11, 3, 199, 3, 21, 9, 494 }, // U+00A8
    { 21, 21, 380, 2, 21, 111, 503 }, // U+00A9
    { 8, 10, 169, 2, 22, 20, 614 }, // U+00AA
    { 15, 13, 263, 1, 14, 49, 634 }, // U+00AB
    { 15, 10, 311, 2, 12, 38, 683 }, // U+00AC
    { 0, 0, 0, 0, 0, 0, 721 }, // U+00AD
    { 21, 21, 380, 2, 21, 111, 721 }, // U+00AE
    { 9, 3, 178, 3, 21, 7, 832 }, // U+00AF
    { 9, 9, 167, 2, 21, 21, 839 }, // U+00B0
    { 15, 15, 305, 1, 15, 57, 860 }, // U+00B1
    { 11, 11, 179, 1, 23, 31, 917 }, // U+00B2
    { 10, 11, 184, 2, 23, 28, 948 }, // U+00B3
    { 6, 4, 126, 3, 21, 6, 976 }, // U+00B4
    { 16, 20, 259, -1, 15, 80, 982 }, // U+00B5
    { 15, 25, 244, 2, 20, 94, 1062 }, // U+00B6
    { 5, 4, 110, 1, 9, 5, 1156 }, // U+00B7
    { 7, 7, 137, -1, 2, 13, 1161 }, // U+00B8
    { 6, 11, 120, 3, 23, 17, 1174 }, // U+00B9
    { 9, 9, 179, 2, 21, 21, 1191 }, // U+00BA
    { 15, 13, 259, 0, 14, 49, 1212 }, // U+00BB
    { 20, 21, 385, 2, 21, 105, 1261 }, // U+00BC
    { 20, 20, 374, 2, 20, 100, 1366 }, // U+00BD
    { 22, 21, 423, 2, 21, 116, 1466 }, // U+00BE
    { 14, 20, 246, -1, 15, 70, 1582 }, // U+00BF
    { 19, 26, 293, -2, 26, 124, 1652 }, // U+00C0
    { 19, 26, 293, -2, 26, 124, 1776 }, // U+00C1
    { 19, 26, 293, -2, 26, 124, 1900 }, // U+00C2
    { 20, 26, 293, -2, 26, 130, 2024 }, // U+00C3
    { 19, 26, 293, -2, 26, 124, 2154 }, // U+00C4
    { 19, 26, 293, -2, 26, 124, 2278 }, // U+00C5
    { 33, 20, 461, -2, 20, 165, 2402 }, // U+00C6
    { 19, 25, 309, 1, 20, 119, 2567 }, // U+00C7
    { 18, 26, 264, 0, 26, 117, 2686 }, // U+00C8
    { 18, 26, 264, 0, 26, 117, 2803 }, // U+00C9
    { 18, 26, 264, 0, 26, 117, 2920 }, // U+00CA
    { 18, 26, 264, 0, 26, 117, 3037 }, // U+00CB
    { 13, 26, 193, 0, 26, 85, 3154 }, // U+00CC
    { 13, 26, 193, 0, 26, 85, 3239 }, // U+00CD
    { 14, 26, 193, 0, 26, 91, 3324 }, // U+00CE
    { 14, 26, 193, 0, 26, 91, 3415 }, // U+00CF
    { 20, 20, 331, 0, 20, 100, 3506 }, // U+00D0
    { 21, 26, 323, 0, 26, 137, 3606 }, // U+00D1
    { 20, 27, 340, 1, 27, 135, 3743 }, // U+00D2
    { 20, 27, 340, 1, 27, 135, 3878 }, // U+00D3
    { 20, 26, 340, 1, 26, 130, 4013 }, // U+00D4
    { 20, 26, 340, 1, 26, 130, 4143 }, // U+00D5
    { 20, 26, 340, 1, 26, 130, 4273 }, // U+00D6
    { 13, 13, 277, 2, 14, 43, 4403 }, // U+00D7
    { 22, 20, 338, 0, 20, 110, 4446 }, // U+00D8
    { 20, 27, 323, 1, 27, 135, 4556 }, // U+00D9
    { 20, 27, 323, 1, 27, 135, 4691 }, // U+00DA
    { 20, 26, 323, 1, 26, 130, 4826 }, // U+00DB
    { 20, 26, 323, 1, 26, 130, 4956 }, // U+00DC
    { 18, 26, 279, 2, 26, 117, 5086 }, // U+00DD
    { 17, 20, 272, 0, 20, 85, 5203 }, // U+00DE
    { 17, 20, 282, 0, 20, 85, 5288 }, // U+00DF
    { 14, 22, 243, 0, 22, 77, 5373 }, // U+00E0
    { 14, 22, 243, 0, 22, 77, 5450 }, // U+00E1
    { 15, 20, 243, 0, 20, 75, 5527 }, // U+00E2
    { 16, 20, 243, 0, 20, 80, 5602 }, // U+00E3
    { 15, 21, 243, 0, 21, 79, 5682 }, // U+00E4
    { 14, 23, 243, 0, 23, 81, 5761 }, // U+00E5
    { 25, 15, 406, 0, 15, 94, 5842 }, // U+00E6
    { 15, 20, 231, 0, 15, 75, 5936 }, // U+00E7
    { 15, 22, 253, 0, 22, 83, 6011 }, // U+00E8
    { 15, 22, 253, 0, 22, 83, 6094 }, // U+00E9
    { 15, 20, 253, 0, 20, 75, 6177 }, // U+00EA
    { 15, 21, 253, 0, 21, 79, 6252 }, // U+00EB
    { 6, 21, 116, 1, 21, 32, 6331 }, // U+00EC
    { 9, 21, 116, 1, 21, 48, 6363 }, // U+00ED
    { 11, 20, 116, 0, 20, 55, 6411 }, // U+00EE
    { 11, 21, 116, 0, 21, 58, 6466 }, // U+00EF
    { 16, 20, 266, 0, 20, 80, 6524 }, // U+00F0
    { 16, 20, 257, 0, 20, 80, 6604 }, // U+00F1
    { 15, 22, 255, 0, 22, 83, 6684 }, // U+00F2
    { 15, 22, 255, 0, 22, 83, 6767 }, // U+00F3
    { 15, 20, 255, 0, 20, 75, 6850 }, // U+00F4
    { 16, 20, 255, 0, 20, 80, 6925 }, // U+00F5
    { 15, 21, 255, 0, 21, 79, 7005 }, // U+00F6
    { 15, 15, 289, 1, 15, 57, 7084 }, // U+00F7
    { 17, 16, 256, -1, 16, 68, 7141 }, // U+00F8
    { 14, 22, 252, 1, 22, 77, 7209 }, // U+00F9
    { 14, 21, 252, 1, 21, 74, 7286 }, // U+00FA
    { 14, 20, 252, 1, 20, 70, 7360 }, // U+00FB
    { 14, 21, 252, 1, 21, 74, 7430 }, // U+00FC
    { 16, 26, 203, -2, 21, 104, 7504 }, // U+00FD
    { 16, 25, 260, -1, 20, 100, 7608 }, // U+00FE
    { 16, 25, 203, -2, 20, 100, 7708 }, // U+00FF
    { 19, 26, 293, -2, 26, 124, 0 }, // U+0100
    { 15, 20, 243, 0, 20, 75, 124 }, // U+0101
    { 19, 26, 293, -2, 26, 124, 199 }, // U+0102
    { 15, 20, 243, 0, 20, 75, 323 }, // U+0103
    { 19, 25, 293, -2, 20, 119, 398 }, // U+0104
    { 14, 20, 243, 0, 15, 70, 517 }, // U+0105
    { 19, 27, 309, 1, 27, 129, 587 }, // U+0106
    { 15, 22, 231, 0, 22, 83, 716 }, // U+0107
    { 19, 26, 309, 1, 26, 124, 799 }, // U+0108
    { 15, 20, 231, 0, 20, 75, 923 }, // U+0109
    { 19, 26, 309, 1, 26, 124, 998 }, // U+010A
    { 15, 20, 231, 0, 20, 75, 1122 }, // U+010B
    { 19, 26, 309, 1, 26, 124, 1197 }, // U+010C
    { 15, 20, 231, 0, 20, 75, 1321 }, // U+010D
    { 19, 26, 315, 0, 26, 124, 1396 }, // U+010E
    { 21, 20, 277, 0, 20, 105, 1520 }, // U+010F
    { 20, 20, 341, 1, 20, 100, 1625 }, // U+0110
    { 19, 20, 281, 0, 20, 95, 1725 }, // U+0111
    { 18, 26, 264, 0, 26, 117, 1820 }, // U+0112
    { 15, 20, 253, 0, 20, 75, 1937 }, // U+0113
    { 18, 26, 264, 0, 26, 117, 2012 }, // U+0114
    { 15, 20, 253, 0, 20, 75, 2129 }, // U+0115
    { 18, 26, 264, 0, 26, 117, 2204 }, // U+0116
    { 15, 20, 253, 0, 20, 75, 2321 }, // U+0117
    { 18, 25, 264, 0, 20, 113, 2396 }, // U+0118
    { 15, 20, 253, 0, 15, 75, 2509 }, // U+0119
    { 18, 26, 264, 0, 26, 117, 2584 }, // U+011A
    { 16, 20, 253, 0, 20, 80, 2701 }, // U+011B
    { 19, 26, 332, 1, 26, 124, 2781 }, // U+011C
    { 17, 27, 259, -1, 20, 115, 2905 }, // U+011D
    { 19, 26, 332, 1, 26, 124, 3020 }, // U+011E
    { 17, 27, 259, -1, 20, 115, 3144 }, // U+011F
    { 19, 26, 332, 1, 26, 124, 3259 }, // U+0120
    { 17, 27, 259, -1, 20, 115, 3383 }, // U+0121
    { 19, 27, 332, 1, 20, 129, 3498 }, // U+0122
    { 17, 29, 259, -1, 22, 124, 3627 }, // U+0123
    { 21, 26, 324, 0, 26, 137, 3751 }, // U+0124
    { 15, 26, 256, 0, 26, 98, 3888 }, // U+0125
    { 23, 20, 331, 0, 20, 115, 3986 }, // U+0126
    { 15, 20, 271, 1, 20, 75, 4101 }, // U+0127
    { 15, 26, 193, 0, 26, 98, 4176 }, // U+0128
    { 11, 20, 116, 0, 20, 55, 4274 }, // U+0129
    { 14, 26, 193, 0, 26, 91, 4329 }, // U+012A
    { 9, 20, 116, 1, 20, 45, 4420 }, // U+012B
    { 14, 26, 193, 0, 26, 91, 4465 }, // U+012C
    { 10, 20, 116, 1, 20, 50, 4556 }, // U+012D
    { 13, 25, 193, 0, 20, 82, 4606 }, // U+012E
    { 11, 27, 126, -2, 22, 75, 4688 }, // U+012F
    { 13, 26, 193, 0, 26, 85, 4763 }, // U+0130
    { 6, 15, 116, 1, 15, 23, 4848 }, // U+0131
    { 28, 20, 431, 0, 20, 140, 4871 }, // U+0132
    { 15, 26, 246, 1, 21, 98, 5011 }, // U+0133
    { 20, 26, 238, -1, 26, 130, 5109 }, // U+0134
    { 16, 25, 120, -5, 20, 100, 5239 }, // U+0135
    { 20, 27, 291, 0, 20, 135, 5339 }, // U+0136
    { 15, 27, 227, 0, 20, 102, 5474 }, // U+0137
    { 15, 15, 227, 0, 15, 57, 5576 }, // U+0138
    { 15, 26, 253, 0, 26, 98, 5633 }, // U+0139
    { 11, 26, 121, 0, 26, 72, 5731 }, // U+013A
    { 15, 27, 253, 0, 20, 102, 5803 }, // U+013B
    { 9, 27, 121, -2, 20, 61, 5905 }, // U+013C
    { 16, 20, 253, 0, 20, 80, 5966 }, // U+013D
    { 11, 20, 121, 0, 20, 55, 6046 }, // U+013E
    { 15, 20, 253, 0, 20, 75, 6101 }, // U+013F
    { 11, 20, 173, 0, 20, 55, 6176 }, // U+0140
    { 16, 20, 267, 0, 20, 80, 6231 }, // U+0141
    { 9, 20, 127, 0, 20, 45, 6311 }, // U+0142
    { 21, 26, 323, 0, 26, 137, 6356 }, // U+0143
    { 15, 21, 257, 0, 21, 79, 6493 }, // U+0144
    { 21, 27, 323, 0, 20, 142, 6572 }, // U+0145
    { 15, 23, 257, 0, 15, 87, 6714 }, // U+0146
    { 21, 26, 323, 0, 26, 137, 6801 }, // U+0147
    { 16, 20, 257, 0, 20, 80, 6938 }, // U+0148
    { 18, 20, 347, 2, 20, 90, 7018 }, // U+0149
    { 21, 25, 323, 0, 20, 132, 7108 }, // U+014A
    { 15, 20, 257, 0, 15, 75, 7240 }, // U+014B
    { 20, 26, 340, 1, 26, 130, 7315 }, // U+014C
    { 15, 20, 255, 0, 20, 75, 7445 }, // U+014D
    { 20, 26, 340, 1, 26, 130, 7520 }, // U+014E
    { 15, 20, 255, 0, 20, 75, 7650 }, // U+014F
    { 20, 27, 340, 1, 27, 135, 7725 }, // U+0150
    { 16, 21, 255, 0, 21, 84, 7860 }, // U+0151
    { 32, 20, 499, 1, 20, 160, 7944 }, // U+0152
    { 26, 15, 425, 0, 15, 98, 8104 }, // U+0153
    { 18, 26, 285, 0, 26, 117, 8202 }, // U+0154
    { 12, 21, 165, 0, 21, 63, 8319 }, // U+0155
    { 18, 27, 285, 0, 20, 122, 8382 }, // U+0156
    { 15, 22, 165, -3, 15, 83, 8504 }, // U+0157
    { 18, 26, 285, 0, 26, 117, 8587 }, // U+0158
    { 13, 20, 165, 0, 20, 65, 8704 }, // U+0159
    { 16, 27, 284, 1, 27, 108, 8769 }, // U+015A
    { 13, 22, 224, 0, 22, 72, 8877 }, // U+015B
    { 16, 26, 284, 1, 26, 104, 8949 }, // U+015C
    { 13, 20, 224, 0, 20, 65, 9053 }, // U+015D
    { 16, 25, 284, 1, 20, 100, 9118 }, // U+015E
    { 13, 20, 224, 0, 15, 65, 9218 }, // U+015F
    { 16, 26, 284, 1, 26, 104, 9283 }, // U+0160
    { 14, 20, 224, 0, 20, 70, 9387 }, // U+0161
    { 17, 25, 260, 2, 20, 107, 9457 }, // U+0162
    { 11, 24, 151, -1, 19, 66, 9564 }, // U+0163
    { 17, 26, 260, 2, 26, 111, 9630 }, // U+0164
    { 12, 22, 151, 1, 22, 66, 9741 }, // U+0165
    { 17, 20, 260, 2, 20, 85, 9807 }, // U+0166
    { 10, 19, 151, 0, 19, 48, 9892 }, // U+0167
    { 20, 26, 323, 1, 26, 130, 9940 }, // U+0168
    { 14, 20, 252, 1, 20, 70, 10070 }, // U+0169
    { 20, 26, 323, 1, 26, 130, 10140 }, // U+016A
    { 14, 20, 252, 1, 20, 70, 10270 }, // U+016B
    { 20, 26, 323, 1, 26, 130, 10340 }, // U+016C
    { 14, 20, 252, 1, 20, 70, 10470 }, // U+016D
    { 20, 30, 323, 1, 30, 150, 10540 }, // U+016E
    { 14, 23, 252, 1, 23, 81, 10690 }, // U+016F
    { 20, 27, 323, 1, 27, 135, 10771 }, // U+0170
    { 15, 21, 252, 1, 21, 79, 10906 }, // U+0171
    { 20, 25, 323, 1, 20, 125, 10985 }, // U+0172
    { 14, 20, 252, 1, 15, 70, 11110 }, // U+0173
    { 25, 26, 394, 2, 26, 163, 11180 }, // U+0174
    { 20, 20, 307, 1, 20, 100, 11343 }, // U+0175
    { 18, 26, 279, 2, 26, 117, 11443 }, // U+0176
    { 16, 25, 203, -2, 20, 100, 11560 }, // U+0177
    { 18, 26, 279, 2, 26, 117, 11660 }, // U+0178
    { 20, 26, 286, -1, 26, 130, 11777 }, // U+0179
    { 15, 21, 218, -1, 21, 79, 11907 }, // U+017A
    { 20, 26, 286, -1, 26, 130, 11986 }, // U+017B
    { 15, 20, 218, -1, 20, 75, 12116 }, // U+017C
    { 20, 26, 286, -1, 26, 130, 12191 }, // U+017D
    { 16, 20, 218, -1, 20, 80, 12321 }, // U+017E
    { 10, 21, 149, 1, 21, 53, 12401 }, // U+017F
    { 24, 23, 339, 0, 23, 138, 0 }, // U+01A0
    { 19, 18, 266, 0, 18, 86, 138 }, // U+01A1
    { 23, 24, 331, 1, 24, 138, 224 }, // U+01AF
    { 18, 18, 263, 1, 18, 81, 362 }, // U+01B0
    { 39, 26, 601, 0, 26, 254, 443 }, // U+01C4
    { 34, 20, 533, 0, 20, 170, 697 }, // U+01C5
    { 31, 20, 477, 0, 20, 155, 867 }, // U+01C6
    { 31, 20, 490, 0, 20, 155, 1022 }, // U+01C7
    { 24, 26, 373, 0, 21, 156, 1177 }, // U+01C8
    { 16, 26, 241, 0, 21, 104, 1333 }, // U+01C9
    { 36, 20, 561, 0, 20, 180, 1437 }, // U+01CA
    { 29, 26, 444, 0, 21, 189, 1617 }, // U+01CB
    { 25, 26, 377, 0, 21, 163, 1806 }, // U+01CC
    { 20, 26, 293, -2, 26, 130, 1969 }, // U+01CD
    { 15, 20, 243, 0, 20, 75, 2099 }, // U+01CE
    { 20, 26, 323, 1, 26, 130, 2174 }, // U+01D3
    { 14, 20, 252, 1, 20, 70, 2304 }, // U+01D4
    { 19, 26, 332, 1, 26, 124, 2374 }, // U+01E6
    { 17, 27, 259, -1, 20, 115, 2498 }, // U+01E7
    { 20, 25, 340, 1, 20, 125, 2613 }, // U+01EA
    { 15, 20, 255, 0, 15, 75, 2738 }, // U+01EB
    { 39, 20, 601, 0, 20, 195, 2813 }, // U+01F1
    { 34, 20, 533, 0, 20, 170, 3008 }, // U+01F2
    { 31, 20, 477, 0, 20, 155, 3178 }, // U+01F3
    { 19, 31, 293, -2, 31, 148, 3333 }, // U+01FA
    { 15, 30, 243, 0, 30, 113, 3481 }, // U+01FB
    { 33, 26, 461, -2, 26, 215, 3594 }, // U+01FC
    { 25, 22, 406, 0, 22, 138, 3809 }, // U+01FD
    { 22, 27, 338, 0, 27, 149, 3947 }, // U+01FE
    { 17, 22, 256, -1, 22, 94, 4096 }, // U+01FF
    { 16, 27, 284, 1, 20, 108, 4190 }, // U+0218
    { 13, 22, 224, 0, 15, 72, 4298 }, // U+0219
    { 17, 27, 260, 2, 20, 115, 4370 }, // U+021A
    { 11, 26, 151, -1, 19, 72, 4485 }, // U+021B
    { 21, 26, 324, 0, 26, 137, 4557 }, // U+021E
    { 15, 26, 256, 0, 26, 98, 4694 }, // U+021F
    { 5, 4, 2, 3, 21, 5, 0 }, // U+0300
    { 7, 4, 2, 2, 21, 7, 5 }, // U+0301
    { 11, 4, 2, 2, 21, 11, 12 }, // U+0302
    { 12, 4, 2, 2, 21, 12, 23 }, // U+0303
    { 9, 3, 2, 3, 21, 7, 35 }, // U+0304
    { 10, 4, 2, 3, 21, 10, 42 }, // U+0306
    { 4, 3, 2, 3, 20, 3, 52 }, // U+0307
    { 10, 3, 2, 2, 21, 8, 55 }, // U+0308
    { 6, 7, 73, 1, 23, 11, 63 }, // U+0309
    { 7, 7, 2, 3, 23, 13, 74 }, // U+030A
    { 10, 4, 2, 2, 21, 10, 87 }, // U+030B
    { 10, 4, 2, 3, 21, 10, 97 }, // U+030C
    { 9, 6, 151, 0, 19, 14, 107 }, // U+031B
    { 5, 4, 96, -1, -2, 5, 121 }, // U+0323
    { 6, 6, 0, -2, -1, 9, 126 }, // U+0326
    { 7, 7, 0, -2, 2, 13, 135 }, // U+0327
    { 7, 5, 2, -2, 0, 9, 148 }, // U+0328
    { 0, 0, 0, 0, 0, 0, 157 }, // U+034F
    { 15, 20, 230, 0, 20, 75, 0 }, // U+03BB
    { 21, 20, 314, -2, 20, 105, 0 }, // U+0410
    { 18, 21, 278, -1, 21, 95, 105 }, // U+0411
    { 18, 21, 283, -1, 21, 95, 200 }, // U+0412
    { 18, 21, 246, -1, 21, 95, 295 }, // U+0413
    { 25, 27, 331, -3, 21, 169, 390 }, // U+0414
    { 23, 21, 332, -1, 21, 121, 559 }, // U+0418
    { 24, 21, 325, -2, 21, 126, 680 }, // U+041B
    { 24, 21, 338, -1, 21, 126, 806 }, // U+041D
    { 20, 22, 331, 1, 22, 110, 932 }, // U+041E
    { 24, 21, 339, -1, 21, 126, 1042 }, // U+041F
    { 18, 21, 264, -1, 21, 95, 1168 }, // U+0420
    { 18, 22, 294, 1, 22, 99, 1263 }, // U+0421
    { 18, 21, 273, 1, 21, 95, 1362 }, // U+0422
    { 22, 21, 325, 1, 21, 116, 1457 }, // U+0423
    { 22, 21, 295, -2, 21, 116, 1573 }, // U+0425
    { 18, 21, 301, 2, 21, 95, 1689 }, // U+0427
    { 27, 21, 390, -1, 21, 142, 1784 }, // U+042B
    { 17, 21, 265, -1, 21, 90, 1926 }, // U+042C
    { 29, 21, 452, -1, 21, 153, 2016 }, // U+042E
    { 22, 21, 283, -2, 21, 116, 2169 }, // U+042F
    { 16, 16, 243, 0, 16, 64, 2285 }, // U+0430
    { 17, 21, 249, 0, 21, 90, 2349 }, // U+0431
    { 15, 16, 240, 0, 16, 60, 2439 }, // U+0432
    { 14, 23, 233, 0, 23, 81, 2499 }, // U+0434
    { 13, 16, 203, 0, 16, 52, 2580 }, // U+0435
    { 13, 16, 207, -1, 16, 52, 2632 }, // U+0437
    { 15, 15, 232, 0, 15, 57, 2684 }, // U+043A
    { 17, 15, 259, 0, 15, 64, 2741 }, // U+043D
    { 14, 16, 236, 0, 16, 56, 2805 }, // U+043E
    { 17, 22, 231, -3, 16, 94, 2861 }, // U+0440
    { 23, 15, 362, 0, 15, 87, 2955 }, // U+0442
    { 16, 21, 246, 0, 15, 84, 3042 }, // U+0446
    { 12, 15, 203, 0, 15, 45, 3126 }, // U+044C
    { 22, 16, 346, -1, 16, 88, 3171 }, // U+044E
    { 19, 26, 293, -2, 20, 124, 0 }, // U+1EA0
    { 14, 21, 243, 0, 15, 74, 124 }, // U+1EA1
    { 19, 27, 293, -2, 27, 129, 198 }, // U+1EA2
    { 14, 23, 243, 0, 23, 81, 327 }, // U+1EA3
    { 24, 30, 293, -2, 30, 180, 408 }, // U+1EA4
    { 19, 26, 243, 0, 26, 124, 588 }, // U+1EA5
    { 23, 29, 293, -2, 29, 167, 712 }, // U+1EA6
    { 18, 25, 243, 0, 25, 113, 879 }, // U+1EA7
    { 22, 30, 293, -2, 30, 165, 992 }, // U+1EA8
    { 17, 27, 243, 0, 27, 115, 1157 }, // U+1EA9
    { 21, 32, 293, -2, 32, 168, 1272 }, // U+1EAA
    { 17, 27, 243, 0, 27, 115, 1440 }, // U+1EAB
    { 19, 32, 293, -2, 26, 152, 1555 }, // U+1EAC
    { 15, 26, 243, 0, 20, 98, 1707 }, // U+1EAD
    { 19, 32, 293, -2, 32, 152, 1805 }, // U+1EAE
    { 15, 27, 243, 0, 27, 102, 1957 }, // U+1EAF
    { 19, 32, 293, -2, 32, 152, 2059 }, // U+1EB0
    { 15, 27, 243, 0, 27, 102, 2211 }, // U+1EB1
    { 19, 33, 293, -2, 33, 157, 2313 }, // U+1EB2
    { 15, 29, 243, 0, 29, 109, 2470 }, // U+1EB3
    { 21, 31, 293, -2, 31, 163, 2579 }, // U+1EB4
    { 17, 27, 243, 0, 27, 115, 2742 }, // U+1EB5
    { 19, 32, 293, -2, 26, 152, 2857 }, // U+1EB6
    { 15, 26, 243, 0, 20, 98, 3009 }, // U+1EB7
    { 18, 26, 264, 0, 20, 117, 3107 }, // U+1EB8
    { 15, 21, 253, 0, 15, 79, 3224 }, // U+1EB9
    { 18, 27, 264, 0, 27, 122, 3303 }, // U+1EBA
    { 15, 23, 253, 0, 23, 87, 3425 }, // U+1EBB
    { 18, 26, 264, 0, 26, 117, 3512 }, // U+1EBC
    { 16, 20, 253, 0, 20, 80, 3629 }, // U+1EBD
    { 21, 30, 264, 0, 30, 158, 3709 }, // U+1EBE
    { 20, 26, 253, 0, 26, 130, 3867 }, // U+1EBF
    { 20, 29, 264, 0, 29, 145, 3997 }, // U+1EC0
    { 19, 25, 253, 0, 25, 119, 4142 }, // U+1EC1
    { 19, 30, 264, 0, 30, 143, 4261 }, // U+1EC2
    { 18, 27, 253, 0, 27, 122, 4404 }, // U+1EC3
    { 19, 32, 264, 0, 32, 152, 4526 }, // U+1EC4
    { 17, 27, 253, 0, 27, 115, 4678 }, // U+1EC5
    { 18, 32, 264, 0, 26, 144, 4793 }, // U+1EC6
    { 15, 26, 253, 0, 20, 98, 4937 }, // U+1EC7
    { 13, 27, 193, 0, 27, 88, 5035 }, // U+1EC8
    { 9, 23, 116, 1, 23, 52, 5123 }, // U+1EC9
    { 13, 26, 193, 0, 20, 85, 5175 }, // U+1ECA
    { 10, 27, 126, -1, 21, 68, 5260 }, // U+1ECB
    { 20, 26, 340, 1, 20, 130, 5328 }, // U+1ECC
    { 15, 21, 255, 0, 15, 79, 5458 }, // U+1ECD
    { 20, 28, 340, 1, 28, 140, 5537 }, // U+1ECE
    { 15, 23, 255, 0, 23, 87, 5677 }, // U+1ECF
    { 22, 30, 340, 1, 30, 165, 5764 }, // U+1ED0
    { 20, 26, 255, 0, 26, 130, 5929 }, // U+1ED1
    { 21, 29, 340, 1, 29, 153, 6059 }, // U+1ED2
    { 19, 25, 255, 0, 25, 119, 6212 }, // U+1ED3
    { 20, 31, 340, 1, 31, 155, 6331 }, // U+1ED4
    { 17, 27, 255, 0, 27, 115, 6486 }, // U+1ED5
    { 20, 32, 340, 1, 32, 160, 6601 }, // U+1ED6
    { 17, 27, 255, 0, 27, 115, 6761 }, // U+1ED7
    { 20, 32, 340, 1, 26, 160, 6876 }, // U+1ED8
    { 15, 26, 255, 0, 20, 98, 7036 }, // U+1ED9
    { 24, 26, 339, 0, 26, 156, 7134 }, // U+1EDA
    { 19, 21, 266, 0, 21, 100, 7290 }, // U+1EDB
    { 24, 26, 339, 0, 26, 156, 7390 }, // U+1EDC
    { 19, 21, 266, 0, 21, 100, 7546 }, // U+1EDD
    { 24, 27, 339, 0, 27, 162, 7646 }, // U+1EDE
    { 19, 23, 266, 0, 23, 110, 7808 }, // U+1EDF
    { 24, 25, 339, 0, 25, 150, 7918 }, // U+1EE0
    { 19, 20, 266, 0, 20, 95, 8068 }, // U+1EE1
    { 24, 29, 339, 0, 23, 174, 8163 }, // U+1EE2
    { 19, 24, 266, 0, 18, 114, 8337 }, // U+1EE3
    { 20, 26, 323, 1, 20, 130, 8451 }, // U+1EE4
    { 14, 21, 252, 1, 15, 74, 8581 }, // U+1EE5
    { 20, 28, 323, 1, 28, 140, 8655 }, // U+1EE6
    { 14, 24, 252, 1, 24, 84, 8795 }, // U+1EE7
    { 23, 27, 331, 1, 27, 156, 8879 }, // U+1EE8
    { 18, 21, 263, 1, 21, 95, 9035 }, // U+1EE9
    { 23, 27, 331, 1, 27, 156, 9130 }, // U+1EEA
    { 18, 22, 263, 1, 22, 99, 9286 }, // U+1EEB
    { 23, 28, 331, 1, 28, 161, 9385 }, // U+1EEC
    { 18, 23, 263, 1, 23, 104, 9546 }, // U+1EED
    { 23, 26, 331, 1, 26, 150, 9650 }, // U+1EEE
    { 18, 20, 263, 1, 20, 90, 9800 }, // U+1EEF
    { 23, 30, 331, 1, 24, 173, 9890 }, // U+1EF0
    { 18, 24, 263, 1, 18, 108, 10063 }, // U+1EF1
    { 18, 26, 279, 2, 26, 117, 10171 }, // U+1EF2
    { 16, 26, 203, -2, 21, 104, 10288 }, // U+1EF3
    { 18, 26, 279, 2, 20, 117, 10392 }, // U+1EF4
    { 16, 21, 203, -2, 15, 84, 10509 }, // U+1EF5
    { 18, 27, 279, 2, 27, 122, 10593 }, // U+1EF6
    { 16, 28, 203, -2, 23, 112, 10715 }, // U+1EF7
    { 18, 26, 279, 2, 26, 117, 10827 }, // U+1EF8
    { 16, 25, 203, -2, 20, 100, 10944 }, // U+1EF9
    { 0, 0, 0, 0, 0, 0, 0 }, // U+200B
    { 0, 0, 0, 0, 0, 0, 0 }, // U+200C
    { 0, 0, 0, 0, 0, 0, 0 }, // U+200D
    { 0, 0, 0, 0, 0, 0, 0 }, // U+200E
    { 0, 0, 0, 0, 0, 0, 0 }, // U+200F
    { 9, 3, 155, 0, 9, 7, 0 }, // U+2010
    { 12, 3, 232, 1, 9, 9, 7 }, // U+2013
    { 22, 3, 381, 1, 9, 17, 16 }, // U+2014
    { 6, 8, 111, 2, 20, 12, 33 }, // U+2018
    { 6, 8, 111, 2, 20, 12, 45 }, // U+2019
    { 5, 8, 112, -1, 4, 10, 57 }, // U+201A
    { 11, 8, 184, 2, 20, 22, 67 }, // U+201C
    { 10, 8, 184, 2, 20, 20, 89 }, // U+201D
    { 10, 8, 184, -1, 4, 20, 109 }, // U+201E
    { 15, 20, 253, 1, 20, 75, 129 }, // U+2020
    { 16, 20, 253, 0, 20, 80, 204 }, // U+2021
    { 11, 10, 208, 1, 13, 28, 284 }, // U+2022
    { 18, 4, 326, 0, 4, 18, 312 }, // U+2026
    { 0, 0, 0, 0, 0, 0, 330 }, // U+202A
    { 0, 0, 0, 0, 0, 0, 330 }, // U+202B
    { 0, 0, 0, 0, 0, 0, 330 }, // U+202C
    { 0, 0, 0, 0, 0, 0, 330 }, // U+202D
    { 0, 0, 0, 0, 0, 0, 330 }, // U+202E
    { 38, 20, 656, 2, 20, 190, 330 }, // U+2030
    { 9, 13, 166, 1, 14, 30, 520 }, // U+2039
    { 9, 13, 162, 0, 14, 30, 550 }, // U+203A
    { 17, 20, 207, -2, 20, 85, 580 }, // U+2044
    { 0, 0, 0, 0, 0, 0, 665 }, // U+2060
    { 0, 0, 0, 0, 0, 0, 665 }, // U+2061
    { 0, 0, 0, 0, 0, 0, 665 }, // U+2062
    { 0, 0, 0, 0, 0, 0, 665 }, // U+2063
    { 0, 0, 0, 0, 0, 0, 665 }, // U+2064
    { 0, 0, 0, 0, 0, 0, 665 }, // U+2066
    { 0, 0, 0, 0, 0, 0, 665 }, // U+2067
    { 0, 0, 0, 0, 0, 0, 665 }, // U+2068
    { 0, 0, 0, 0, 0, 0, 665 }, // U+2069
    { 0, 0, 0, 0, 0, 0, 665 }, // U+206A
    { 0, 0, 0, 0, 0, 0, 665 }, // U+206B
    { 0, 0, 0, 0, 0, 0, 665 }, // U+206C
    { 0, 0, 0, 0, 0, 0, 665 }, // U+206D
    { 0, 0, 0, 0, 0, 0, 665 }, // U+206E
    { 0, 0, 0, 0, 0, 0, 665 }, // U+206F
    { 11, 11, 185, 2, 23, 31, 0 }, // U+2074
    { 20, 24, 281, -1, 20, 120, 0 }, // U+20AB
    { 21, 20, 325, 0, 20, 105, 120 }, // U+20AC
    { 14, 21, 211, 0, 20, 74, 0 }, // U+2113
    { 15, 21, 278, 1, 20, 79, 0 }, // U+2202
    { 15, 25, 355, 3, 20, 94, 79 }, // U+220F
    { 15, 25, 356, 3, 20, 94, 173 }, // U+2211
    { 15, 3, 289, 1, 9, 12, 267 }, // U+2212
    { 17, 20, 207, -2, 20, 85, 279 }, // U+2215
    { 4, 4, 111, 1, 9, 4, 364 }, // U+2219
    { 15, 25, 239, 1, 20, 94, 368 }, // U+221A
    { 21, 9, 364, 1, 12, 48, 462 }, // U+221E
    { 10, 26, 143, -1, 20, 65, 510 }, // U+222B
    { 15, 10, 282, 1, 12, 38, 575 }, // U+2248
    { 15, 15, 307, 2, 15, 57, 613 }, // U+2260
    { 14, 15, 304, 2, 15, 53, 670 }, // U+2264
    { 14, 15, 320, 3, 15, 53, 723 }, // U+2265
    { 7, 19, 145, 1, 19, 34, 0 }, // U+2669
    { 11, 19, 211, 1, 19, 53, 34 }, // U+266A
    { 17, 22, 299, 1, 20, 94, 87 }, // U+266B
    { 17, 22, 299, 1, 20, 94, 181 }, // U+266C
    { 8, 19, 162, 1, 18, 38, 275 }, // U+266D
    { 9, 19, 167, 1, 12, 43, 313 }, // U+266E
    { 14, 25, 258, 1, 18, 88, 356 }, // U+266F
    { 33, 30, 593, 2, 25, 248, 444 }, // U+2764
    { 18, 21, 274, 1, 21, 95, 0 }, // U+FB00
    { 16, 21, 246, 1, 21, 84, 95 }, // U+FB01
    { 16, 21, 270, 1, 21, 84, 179 }, // U+FB02
    { 23, 21, 370, 1, 21, 121, 263 }, // U+FB03
    { 23, 21, 394, 1, 21, 121, 384 }, // U+FB04
    { 13, 21, 244, 1, 21, 69, 0 }, // U+FFFD
    { 31, 30, 593, 3, 25, 233, 0 }, // U+1F44B
    { 23, 30, 593, 7, 25, 173, 233 }, // U+1F44C
    { 27, 30, 593, 5, 25, 203, 406 }, // U+1F44D
    { 27, 30, 593, 5, 25, 203, 609 }, // U+1F44E
    { 29, 30, 593, 4, 25, 218, 812 }, // U+1F44F
    { 31, 30, 593, 3, 25, 233, 1030 }, // U+1F600
    { 31, 30, 593, 3, 25, 233, 1263 }, // U+1F601
    { 37, 30, 593, 0, 25, 278, 1496 }, // U+1F602
    { 31, 30, 593, 3, 25, 233, 1774 }, // U+1F603
    { 31, 30, 593, 3, 25, 233, 2007 }, // U+1F604
    { 33, 30, 593, 2, 25, 248, 2240 }, // U+1F605
    { 31, 30, 593, 3, 25, 233, 2488 }, // U+1F606
    { 29, 30, 593, 4, 25, 218, 2721 }, // U+1F607
    { 31, 30, 593, 3, 25, 233, 2939 }, // U+1F609
    { 31, 30, 593, 3, 25, 233, 3172 }, // U+1F60A
    { 31, 31, 593, 3, 25, 241, 3405 }, // U+1F60B
    { 31, 30, 593, 3, 25, 233, 3646 }, // U+1F60C
    { 31, 30, 593, 3, 25, 233, 3879 }, // U+1F60D
    { 31, 30, 593, 3, 25, 233, 4112 }, // U+1F60E
    { 31, 30, 593, 3, 25, 233, 4345 }, // U+1F60F
    { 31, 30, 593, 3, 25, 233, 4578 }, // U+1F610
    { 31, 30, 593, 3, 25, 233, 4811 }, // U+1F611
    { 31, 30, 593, 3, 25, 233, 5044 }, // U+1F612
    { 31, 30, 593, 3, 25, 233, 5277 }, // U+1F613
    { 31, 30, 593, 3, 25, 233, 5510 }, // U+1F614
    { 31, 30, 593, 3, 25, 233, 5743 }, // U+1F618
    { 31, 30, 593, 3, 25, 233, 5976 }, // U+1F61A
    { 31, 31, 593, 3, 25, 241, 6209 }, // U+1F61C
    { 31, 31, 593, 3, 25, 241, 6450 }, // U+1F61D
    { 31, 30, 593, 3, 25, 233, 6691 }, // U+1F620
    { 31, 30, 593, 3, 25, 233, 6924 }, // U+1F621
    { 31, 30, 593, 3, 25, 233, 7157 }, // U+1F622
    { 33, 30, 593, 2, 25, 248, 7390 }, // U+1F624
    { 31, 30, 593, 3, 25, 233, 7638 }, // U+1F625
    { 31, 30, 593, 3, 25, 233, 7871 }, // U+1F629
    { 31, 30, 593, 3, 25, 233, 8104 }, // U+1F62C
    { 31, 31, 593, 3, 25, 241, 8337 }, // U+1F62D
    { 31, 30, 593, 3, 25, 233, 8578 }, // U+1F62E
    { 35, 31, 593, 1, 25, 272, 8811 }, // U+1F631
    { 31, 30, 593, 3, 25, 233, 9083 }, // U+1F632
    { 31, 30, 593, 3, 25, 233, 9316 }, // U+1F633
    { 31, 30, 593, 3, 25, 233, 9549 }, // U+1F634
    { 31, 30, 593, 3, 25, 233, 9782 }, // U+1F635
    { 31, 30, 593, 3, 25, 233, 10015 }, // U+1F641
    { 31, 30, 593, 3, 25, 233, 10248 }, // U+1F642
    { 31, 30, 593, 3, 25, 233, 10481 }, // U+1F644
};

static const EpdUnicodeInterval lexenddeca_14_italicIntervals[] = {
    { 0x0, 0x17F, 0x0 },
    { 0x1A0, 0x1A1, 0x180 },
    { 0x1AF, 0x1B0, 0x182 },
    { 0x1C4, 0x1CE, 0x184 },
    { 0x1D3, 0x1D4, 0x18F },
    { 0x1E6, 0x1E7, 0x191 },
    { 0x1EA, 0x1EB, 0x193 },
    { 0x1F1, 0x1F3, 0x195 },
    { 0x1FA, 0x1FF, 0x198 },
    { 0x218, 0x21B, 0x19E },
    { 0x21E, 0x21F, 0x1A2 },
    { 0x300, 0x304, 0x1A4 },
    { 0x306, 0x30C, 0x1A9 },
    { 0x31B, 0x31B, 0x1B0 },
    { 0x323, 0x323, 0x1B1 },
    { 0x326, 0x328, 0x1B2 },
    { 0x34F, 0x34F, 0x1B5 },
    { 0x3BB, 0x3BB, 0x1B6 },
    { 0x410, 0x414, 0x1B7 },
    { 0x418, 0x418, 0x1BC },
    { 0x41B, 0x41B, 0x1BD },
    { 0x41D, 0x423, 0x1BE },
    { 0x425, 0x425, 0x1C5 },
    { 0x427, 0x427, 0x1C6 },
    { 0x42B, 0x42C, 0x1C7 },
    { 0x42E, 0x432, 0x1C9 },
    { 0x434, 0x435, 0x1CE },
    { 0x437, 0x437, 0x1D0 },
    { 0x43A, 0x43A, 0x1D1 },
    { 0x43D, 0x43E, 0x1D2 },
    { 0x440, 0x440, 0x1D4 },
    { 0x442, 0x442, 0x1D5 },
    { 0x446, 0x446, 0x1D6 },
    { 0x44C, 0x44C, 0x1D7 },
    { 0x44E, 0x44E, 0x1D8 },
    { 0x1EA0, 0x1EF9, 0x1D9 },
    { 0x200B, 0x2010, 0x233 },
    { 0x2013, 0x2014, 0x239 },
    { 0x2018, 0x201A, 0x23B },
    { 0x201C, 0x201E, 0x23E },
    { 0x2020, 0x2022, 0x241 },
    { 0x2026, 0x2026, 0x244 },
    { 0x202A, 0x202E, 0x245 },
    { 0x2030, 0x2030, 0x24A },
    { 0x2039, 0x203A, 0x24B },
    { 0x2044, 0x2044, 0x24D },
    { 0x2060, 0x2064, 0x24E },
    { 0x2066, 0x206F, 0x253 },
    { 0x2074, 0x2074, 0x25D },
    { 0x20AB, 0x20AC, 0x25E },
    { 0x2113, 0x2113, 0x260 },
    { 0x2202, 0x2202, 0x261 },
    { 0x220F, 0x220F, 0x262 },
    { 0x2211, 0x2212, 0x263 },
    { 0x2215, 0x2215, 0x265 },
    { 0x2219, 0x221A, 0x266 },
    { 0x221E, 0x221E, 0x268 },
    { 0x222B, 0x222B, 0x269 },
    { 0x2248, 0x2248, 0x26A },
    { 0x2260, 0x2260, 0x26B },
    { 0x2264, 0x2265, 0x26C },
    { 0x2669, 0x266F, 0x26E },
    { 0x2764, 0x2764, 0x275 },
    { 0xFB00, 0xFB04, 0x276 },
    { 0xFFFD, 0xFFFD, 0x27B },
    { 0x1F44B, 0x1F44F, 0x27C },
    { 0x1F600, 0x1F607, 0x281 },
    { 0x1F609, 0x1F614, 0x289 },
    { 0x1F618, 0x1F618, 0x295 },
    { 0x1F61A, 0x1F61A, 0x296 },
    { 0x1F61C, 0x1F61D, 0x297 },
    { 0x1F620, 0x1F622, 0x299 },
    { 0x1F624, 0x1F625, 0x29C },
    { 0x1F629, 0x1F629, 0x29E },
    { 0x1F62C, 0x1F62E, 0x29F },
    { 0x1F631, 0x1F635, 0x2A2 },
    { 0x1F641, 0x1F642, 0x2A7 },
    { 0x1F644, 0x1F644, 0x2A9 },
};

static const EpdFontGroup lexenddeca_14_italicGroups[] = {
    { 0, 3463, 7124, 128, 0 },
    { 3463, 2951, 8385, 128, 128 },
    { 6414, 3729, 13402, 128, 256 },
    { 10143, 2220, 5086, 36, 384 },
    { 12363, 173, 187, 18, 420 },
    { 12536, 74, 80, 1, 438 },
    { 12610, 1749, 3538, 34, 439 },
    { 14359, 2306, 11795, 90, 473 },
    { 16665, 417, 744, 42, 563 },
    { 17082, 36, 33, 1, 605 },
    { 17118, 162, 240, 2, 606 },
    { 17280, 78, 84, 1, 608 },
    { 17358, 410, 852, 13, 609 },
    { 17768, 375, 780, 8, 622 },
    { 18143, 288, 525, 5, 630 },
    { 18431, 78, 84, 1, 635 },
    { 18509, 3982, 11111, 46, 636 },
};

static const EpdKernClassEntry lexenddeca_14_italicKernLeftClasses[] = {
    { 0x0028, 1 }, // (
    { 0x002C, 2 }, // ,
    { 0x002D, 3 }, // -
    { 0x002E, 2 }, // .
    { 0x002F, 4 }, // /
    { 0x0030, 5 }, // 0
    { 0x0031, 6 }, // 1
    { 0x0032, 7 }, // 2
    { 0x0034, 8 }, // 4
    { 0x0035, 9 }, // 5
    { 0x0036, 10 }, // 6
    { 0x0037, 11 }, // 7
    { 0x0038, 12 }, // 8
    { 0x0039, 13 }, // 9
    { 0x0041, 14 }, // A
    { 0x0042, 15 }, // B
    { 0x0043, 16 }, // C
    { 0x0044, 17 }, // D
    { 0x0045, 18 }, // E
    { 0x0046, 19 }, // F
    { 0x0047, 20 }, // G
    { 0x0049, 21 }, // I
    { 0x004A, 22 }, // J
    { 0x004B, 23 }, // K
    { 0x004C, 24 }, // L
    { 0x004F, 17 }, // O
    { 0x0050, 25 }, // P
    { 0x0051, 26 }, // Q
    { 0x0052, 27 }, // R
    { 0x0053, 28 }, // S
    { 0x0054, 29 }, // T
    { 0x0055, 30 }, // U
    { 0x0056, 31 }, // V
    { 0x0057, 32 }, // W
    { 0x0058, 33 }, // X
    { 0x0059, 34 }, // Y
    { 0x005A, 35 }, // Z
    { 0x0061, 36 }, // a
    { 0x0062, 37 }, // b
    { 0x0063, 38 }, // c
    { 0x0065, 39 }, // e
    { 0x0066, 40 }, // f
    { 0x0067, 41 }, // g
    { 0x0068, 42 }, // h
    { 0x006A, 43 }, // j
    { 0x006B, 44 }, // k
    { 0x006C, 45 }, // l
    { 0x006D, 42 }, // m
    { 0x006E, 42 }, // n
    { 0x006F, 37 }, // o
    { 0x0070, 37 }, // p
    { 0x0071, 46 }, // q
    { 0x0072, 47 }, // r
    { 0x0073, 48 }, // s
    { 0x0074, 49 }, // t
    { 0x0075, 50 }, // u
    { 0x0076, 51 }, // v
    { 0x0077, 52 }, // w
    { 0x0078, 53 }, // x
    { 0x0079, 51 }, // y
    { 0x007A, 54 }, // z
    { 0x00C0, 14 }, // U+00C0
    { 0x00C1, 14 }, // U+00C1
    { 0x00C2, 14 }, // U+00C2
    { 0x00C3, 14 }, // U+00C3
    { 0x00C4, 14 }, // U+00C4
    { 0x00C5, 14 }, // U+00C5
    { 0x00C6, 18 }, // U+00C6
    { 0x00C7, 16 }, // U+00C7
    { 0x00C8, 18 }, // U+00C8
    { 0x00C9, 18 }, // U+00C9
    { 0x00CA, 18 }, // U+00CA
    { 0x00CB, 18 }, // U+00CB
    { 0x00CC, 21 }, // U+00CC
    { 0x00CD, 21 }, // U+00CD
    { 0x00CE, 21 }, // U+00CE
    { 0x00CF, 21 }, // U+00CF
    { 0x00D0, 17 }, // U+00D0
    { 0x00D2, 17 }, // U+00D2
    { 0x00D3, 17 }, // U+00D3
    { 0x00D4, 17 }, // U+00D4
    { 0x00D5, 17 }, // U+00D5
    { 0x00D6, 17 }, // U+00D6
    { 0x00D8, 17 }, // U+00D8
    { 0x00D9, 30 }, // U+00D9
    { 0x00DA, 30 }, // U+00DA
    { 0x00DB, 30 }, // U+00DB
    { 0x00DC, 30 }, // U+00DC
    { 0x00DD, 34 }, // U+00DD
    { 0x00E0, 42 }, // U+00E0
    { 0x00E1, 42 }, // U+00E1
    { 0x00E2, 42 }, // U+00E2
    { 0x00E3, 42 }, // U+00E3
    { 0x00E4, 42 }, // U+00E4
    { 0x00E5, 42 }, // U+00E5
    { 0x00E6, 39 }, // U+00E6
    { 0x00E7, 38 }, // U+00E7
    { 0x00E8, 39 }, // U+00E8
    { 0x00E9, 39 }, // U+00E9
    { 0x00EA, 39 }, // U+00EA
    { 0x00EB, 39 }, // U+00EB
    { 0x00F0, 17 }, // U+00F0
    { 0x00F1, 42 }, // U+00F1
    { 0x00F2, 37 }, // U+00F2
    { 0x00F3, 37 }, // U+00F3
    { 0x00F4, 37 }, // U+00F4
    { 0x00F5, 37 }, // U+00F5
    { 0x00F6, 37 }, // U+00F6
    { 0x00F8, 37 }, // U+00F8
    { 0x00F9, 50 }, // U+00F9
    { 0x00FA, 50 }, // U+00FA
    { 0x00FB, 50 }, // U+00FB
    { 0x00FC, 50 }, // U+00FC
    { 0x00FD, 51 }, // U+00FD
    { 0x00FE, 37 }, // U+00FE
    { 0x00FF, 51 }, // U+00FF
    { 0x0100, 14 }, // U+0100
    { 0x0101, 42 }, // U+0101
    { 0x0102, 14 }, // U+0102
    { 0x0103, 42 }, // U+0103
    { 0x0104, 14 }, // U+0104
    { 0x0105, 42 }, // U+0105
    { 0x0106, 16 }, // U+0106
    { 0x0107, 38 }, // U+0107
    { 0x0108, 16 }, // U+0108
    { 0x0109, 38 }, // U+0109
    { 0x010A, 16 }, // U+010A
    { 0x010B, 38 }, // U+010B
    { 0x010C, 16 }, // U+010C
    { 0x010D, 38 }, // U+010D
    { 0x010E, 17 }, // U+010E
    { 0x010F, 55 }, // U+010F
    { 0x0111, 40 }, // U+0111
    { 0x0112, 18 }, // U+0112
    { 0x0113, 39 }, // U+0113
    { 0x0114, 18 }, // U+0114
    { 0x0115, 39 }, // U+0115
    { 0x0116, 18 }, // U+0116
    { 0x0117, 39 }, // U+0117
    { 0x0118, 18 }, // U+0118
    { 0x0119, 39 }, // U+0119
    { 0x011A, 18 }, // U+011A
    { 0x011B, 39 }, // U+011B
    { 0x011C, 20 }, // U+011C
    { 0x011D, 41 }, // U+011D
    { 0x011E, 20 }, // U+011E
    { 0x011F, 41 }, // U+011F
    { 0x0120, 20 }, // U+0120
    { 0x0121, 41 }, // U+0121
    { 0x0122, 20 }, // U+0122
    { 0x0123, 41 }, // U+0123
    { 0x0125, 42 }, // U+0125
    { 0x0127, 42 }, // U+0127
    { 0x0128, 21 }, // U+0128
    { 0x012A, 21 }, // U+012A
    { 0x012C, 21 }, // U+012C
    { 0x012E, 21 }, // U+012E
    { 0x0130, 21 }, // U+0130
    { 0x0132, 22 }, // U+0132
    { 0x0133, 43 }, // U+0133
    { 0x0134, 22 }, // U+0134
    { 0x0135, 43 }, // U+0135
    { 0x0136, 23 }, // U+0136
    { 0x0137, 44 }, // U+0137
    { 0x0138, 44 }, // U+0138
    { 0x0139, 24 }, // U+0139
    { 0x013A, 56 }, // U+013A
    { 0x013B, 24 }, // U+013B
    { 0x013C, 56 }, // U+013C
    { 0x013E, 55 }, // U+013E
    { 0x013F, 24 }, // U+013F
    { 0x0140, 57 }, // U+0140
    { 0x0141, 24 }, // U+0141
    { 0x0142, 56 }, // U+0142
    { 0x0144, 42 }, // U+0144
    { 0x0146, 42 }, // U+0146
    { 0x0148, 42 }, // U+0148
    { 0x014C, 17 }, // U+014C
    { 0x014D, 37 }, // U+014D
    { 0x014E, 17 }, // U+014E
    { 0x014F, 37 }, // U+014F
    { 0x0150, 17 }, // U+0150
    { 0x0151, 37 }, // U+0151
    { 0x0152, 18 }, // U+0152
    { 0x0153, 39 }, // U+0153
    { 0x0154, 27 }, // U+0154
    { 0x0155, 47 }, // U+0155
    { 0x0156, 27 }, // U+0156
    { 0x0157, 47 }, // U+0157
    { 0x0158, 27 }, // U+0158
    { 0x0159, 47 }, // U+0159
    { 0x015A, 28 }, // U+015A
    { 0x015B, 48 }, // U+015B
    { 0x015C, 28 }, // U+015C
    { 0x015D, 48 }, // U+015D
    { 0x015E, 28 }, // U+015E
    { 0x015F, 48 }, // U+015F
    { 0x0160, 28 }, // U+0160
    { 0x0161, 48 }, // U+0161
    { 0x0162, 29 }, // U+0162
    { 0x0163, 49 }, // U+0163
    { 0x0164, 29 }, // U+0164
    { 0x0165, 55 }, // U+0165
    { 0x0166, 29 }, // U+0166
    { 0x0167, 49 }, // U+0167
    { 0x0168, 30 }, // U+0168
    { 0x0169, 50 }, // U+0169
    { 0x016A, 30 }, // U+016A
    { 0x016B, 50 }, // U+016B
    { 0x016C, 30 }, // U+016C
    { 0x016D, 50 }, // U+016D
    { 0x016E, 30 }, // U+016E
    { 0x016F, 50 }, // U+016F
    { 0x0170, 30 }, // U+0170
    { 0x0171, 50 }, // U+0171
    { 0x0172, 30 }, // U+0172
    { 0x0173, 50 }, // U+0173
    { 0x0176, 34 }, // U+0176
    { 0x0177, 51 }, // U+0177
    { 0x0178, 34 }, // U+0178
    { 0x0179, 35 }, // U+0179
    { 0x017A, 54 }, // U+017A
    { 0x017B, 35 }, // U+017B
    { 0x017C, 54 }, // U+017C
    { 0x017D, 35 }, // U+017D
    { 0x017E, 54 }, // U+017E
    { 0x017F, 40 }, // U+017F
    { 0x01A0, 58 }, // U+01A0
    { 0x01A1, 59 }, // U+01A1
    { 0x01AF, 60 }, // U+01AF
    { 0x01B0, 61 }, // U+01B0
    { 0x01C4, 35 }, // U+01C4
    { 0x01C5, 54 }, // U+01C5
    { 0x01C6, 54 }, // U+01C6
    { 0x01C7, 22 }, // U+01C7
    { 0x01C8, 43 }, // U+01C8
    { 0x01C9, 43 }, // U+01C9
    { 0x01CA, 22 }, // U+01CA
    { 0x01CB, 43 }, // U+01CB
    { 0x01CC, 43 }, // U+01CC
    { 0x01CD, 14 }, // U+01CD
    { 0x01CE, 42 }, // U+01CE
    { 0x01D3, 30 }, // U+01D3
    { 0x01D4, 50 }, // U+01D4
    { 0x01E6, 20 }, // U+01E6
    { 0x01E7, 41 }, // U+01E7
    { 0x01EA, 17 }, // U+01EA
    { 0x01EB, 37 }, // U+01EB
    { 0x01F1, 35 }, // U+01F1
    { 0x01F2, 54 }, // U+01F2
    { 0x01F3, 54 }, // U+01F3
    { 0x01FA, 14 }, // U+01FA
    { 0x01FB, 42 }, // U+01FB
    { 0x01FC, 18 }, // U+01FC
    { 0x01FD, 39 }, // U+01FD
    { 0x01FE, 17 }, // U+01FE
    { 0x01FF, 37 }, // U+01FF
    { 0x0218, 28 }, // U+0218
    { 0x0219, 48 }, // U+0219
    { 0x021A, 29 }, // U+021A
    { 0x021B, 49 }, // U+021B
    { 0x021F, 42 }, // U+021F
    { 0x0410, 62 }, // U+0410
    { 0x0413, 63 }, // U+0413
    { 0x041E, 64 }, // U+041E
    { 0x0420, 65 }, // U+0420
    { 0x0422, 63 }, // U+0422
    { 0x0423, 66 }, // U+0423
    { 0x0425, 67 }, // U+0425
    { 0x042C, 68 }, // U+042C
    { 0x042E, 64 }, // U+042E
    { 0x043E, 69 }, // U+043E
    { 0x0440, 69 }, // U+0440
    { 0x044C, 70 }, // U+044C
    { 0x044E, 69 }, // U+044E
    { 0x1EA0, 14 }, // U+1EA0
    { 0x1EA1, 42 }, // U+1EA1
    { 0x1EA2, 14 }, // U+1EA2
    { 0x1EA4, 14 }, // U+1EA4
    { 0x1EA5, 42 }, // U+1EA5
    { 0x1EA6, 14 }, // U+1EA6
    { 0x1EA7, 42 }, // U+1EA7
    { 0x1EA8, 14 }, // U+1EA8
    { 0x1EA9, 42 }, // U+1EA9
    { 0x1EAA, 14 }, // U+1EAA
    { 0x1EAB, 42 }, // U+1EAB
    { 0x1EAC, 14 }, // U+1EAC
    { 0x1EAD, 42 }, // U+1EAD
    { 0x1EAE, 14 }, // U+1EAE
    { 0x1EAF, 42 }, // U+1EAF
    { 0x1EB0, 14 }, // U+1EB0
    { 0x1EB1, 42 }, // U+1EB1
    { 0x1EB2, 14 }, // U+1EB2
    { 0x1EB3, 42 }, // U+1EB3
    { 0x1EB4, 14 }, // U+1EB4
    { 0x1EB5, 42 }, // U+1EB5
    { 0x1EB6, 14 }, // U+1EB6
    { 0x1EB7, 42 }, // U+1EB7
    { 0x1EB8, 18 }, // U+1EB8
    { 0x1EB9, 39 }, // U+1EB9
    { 0x1EBA, 18 }, // U+1EBA
    { 0x1EBB, 39 }, // U+1EBB
    { 0x1EBC, 18 }, // U+1EBC
    { 0x1EBD, 39 }, // U+1EBD
    { 0x1EBE, 18 }, // U+1EBE
    { 0x1EC0, 18 }, // U+1EC0
    { 0x1EC2, 18 }, // U+1EC2
    { 0x1EC4, 18 }, // U+1EC4
    { 0x1EC6, 18 }, // U+1EC6
    { 0x1EC7, 39 }, // U+1EC7
    { 0x1EC8, 21 }, // U+1EC8
    { 0x1ECA, 21 }, // U+1ECA
    { 0x1ECC, 17 }, // U+1ECC
    { 0x1ECD, 37 }, // U+1ECD
    { 0x1ECE, 17 }, // U+1ECE
    { 0x1ECF, 37 }, // U+1ECF
    { 0x1ED0, 17 }, // U+1ED0
    { 0x1ED2, 17 }, // U+1ED2
    { 0x1ED4, 17 }, // U+1ED4
    { 0x1ED6, 17 }, // U+1ED6
    { 0x1ED7, 37 }, // U+1ED7
    { 0x1ED8, 17 }, // U+1ED8
    { 0x1ED9, 37 }, // U+1ED9
    { 0x1EDA, 58 }, // U+1EDA
    { 0x1EDB, 59 }, // U+1EDB
    { 0x1EDC, 58 }, // U+1EDC
    { 0x1EDD, 59 }, // U+1EDD
    { 0x1EDE, 58 }, // U+1EDE
    { 0x1EDF, 59 }, // U+1EDF
    { 0x1EE0, 58 }, // U+1EE0
    { 0x1EE1, 59 }, // U+1EE1
    { 0x1EE2, 58 }, // U+1EE2
    { 0x1EE3, 59 }, // U+1EE3
    { 0x1EE8, 60 }, // U+1EE8
    { 0x1EE9, 61 }, // U+1EE9
    { 0x1EEA, 60 }, // U+1EEA
    { 0x1EEB, 61 }, // U+1EEB
    { 0x1EEC, 60 }, // U+1EEC
    { 0x1EED, 61 }, // U+1EED
    { 0x1EEE, 60 }, // U+1EEE
    { 0x1EEF, 61 }, // U+1EEF
    { 0x1EF0, 60 }, // U+1EF0
    { 0x1EF1, 61 }, // U+1EF1
    { 0x1EF2, 34 }, // U+1EF2
    { 0x1EF3, 51 }, // U+1EF3
    { 0x1EF4, 34 }, // U+1EF4
    { 0x1EF5, 51 }, // U+1EF5
    { 0x1EF6, 34 }, // U+1EF6
    { 0x1EF7, 51 }, // U+1EF7
    { 0x1EF8, 34 }, // U+1EF8
    { 0x1EF9, 51 }, // U+1EF9
    { 0x2013, 3 }, // U+2013
    { 0x2014, 3 }, // U+2014
    { 0x2019, 71 }, // U+2019
    { 0x201A, 2 }, // U+201A
    { 0x201D, 71 }, // U+201D
    { 0x201E, 2 }, // U+201E
    { 0x2026, 2 }, // U+2026
    { 0x20AB, 40 }, // U+20AB
    { 0xFB00, 40 }, // U+FB00
    { 0xFB02, 56 }, // U+FB02
    { 0xFB04, 56 }, // U+FB04
};

static const EpdKernClassEntry lexenddeca_14_italicKernRightClasses[] = {
    { 0x0025, 1 }, // %
    { 0x0029, 2 }, // )
    { 0x002C, 3 }, // ,
    { 0x002D, 4 }, // -
    { 0x002E, 3 }, // .
    { 0x002F, 5 }, // /
    { 0x0030, 6 }, // 0
    { 0x0031, 7 }, // 1
    { 0x0032, 8 }, // 2
    { 0x0034, 9 }, // 4
    { 0x0037, 10 }, // 7
    { 0x0038, 11 }, // 8
    { 0x0039, 12 }, // 9
    { 0x0041, 13 }, // A
    { 0x0043, 14 }, // C
    { 0x0047, 14 }, // G
    { 0x0049, 15 }, // I
    { 0x004A, 16 }, // J
    { 0x004F, 14 }, // O
    { 0x0051, 14 }, // Q
    { 0x0053, 17 }, // S
    { 0x0054, 18 }, // T
    { 0x0055, 19 }, // U
    { 0x0056, 20 }, // V
    { 0x0057, 21 }, // W
    { 0x0058, 22 }, // X
    { 0x0059, 23 }, // Y
    { 0x005A, 24 }, // Z
    { 0x0061, 25 }, // a
    { 0x0063, 26 }, // c
    { 0x0064, 26 }, // d
    { 0x0065, 26 }, // e
    { 0x0066, 27 }, // f
    { 0x0067, 28 }, // g
    { 0x0068, 29 }, // h
    { 0x0069, 30 }, // i
    { 0x006A, 31 }, // j
    { 0x006B, 29 }, // k
    { 0x006C, 32 }, // l
    { 0x006D, 33 }, // m
    { 0x006E, 33 }, // n
    { 0x006F, 26 }, // o
    { 0x0070, 34 }, // p
    { 0x0071, 26 }, // q
    { 0x0072, 33 }, // r
    { 0x0073, 35 }, // s
    { 0x0074, 36 }, // t
    { 0x0075, 37 }, // u
    { 0x0076, 38 }, // v
    { 0x0077, 39 }, // w
    { 0x0078, 40 }, // x
    { 0x0079, 38 }, // y
    { 0x007A, 41 }, // z
    { 0x00B0, 42 }, // U+00B0
    { 0x00C0, 13 }, // U+00C0
    { 0x00C1, 13 }, // U+00C1
    { 0x00C2, 13 }, // U+00C2
    { 0x00C3, 13 }, // U+00C3
    { 0x00C4, 13 }, // U+00C4
    { 0x00C5, 13 }, // U+00C5
    { 0x00C6, 43 }, // U+00C6
    { 0x00C7, 14 }, // U+00C7
    { 0x00CC, 15 }, // U+00CC
    { 0x00CD, 15 }, // U+00CD
    { 0x00CE, 15 }, // U+00CE
    { 0x00CF, 15 }, // U+00CF
    { 0x00D2, 14 }, // U+00D2
    { 0x00D3, 14 }, // U+00D3
    { 0x00D4, 14 }, // U+00D4
    { 0x00D5, 14 }, // U+00D5
    { 0x00D6, 14 }, // U+00D6
    { 0x00D8, 14 }, // U+00D8
    { 0x00D9, 19 }, // U+00D9
    { 0x00DA, 19 }, // U+00DA
    { 0x00DB, 19 }, // U+00DB
    { 0x00DC, 19 }, // U+00DC
    { 0x00DD, 44 }, // U+00DD
    { 0x00E0, 25 }, // U+00E0
    { 0x00E1, 25 }, // U+00E1
    { 0x00E2, 25 }, // U+00E2
    { 0x00E3, 25 }, // U+00E3
    { 0x00E4, 25 }, // U+00E4
    { 0x00E5, 25 }, // U+00E5
    { 0x00E6, 25 }, // U+00E6
    { 0x00E7, 26 }, // U+00E7
    { 0x00E8, 26 }, // U+00E8
    { 0x00E9, 26 }, // U+00E9
    { 0x00EA, 26 }, // U+00EA
    { 0x00EB, 26 }, // U+00EB
    { 0x00EC, 30 }, // U+00EC
    { 0x00ED, 30 }, // U+00ED
    { 0x00EE, 30 }, // U+00EE
    { 0x00EF, 30 }, // U+00EF
    { 0x00F0, 26 }, // U+00F0
    { 0x00F1, 33 }, // U+00F1
    { 0x00F2, 26 }, // U+00F2
    { 0x00F3, 26 }, // U+00F3
    { 0x00F4, 26 }, // U+00F4
    { 0x00F5, 26 }, // U+00F5
    { 0x00F6, 26 }, // U+00F6
    { 0x00F8, 26 }, // U+00F8
    { 0x00F9, 37 }, // U+00F9
    { 0x00FA, 37 }, // U+00FA
    { 0x00FB, 37 }, // U+00FB
    { 0x00FC, 37 }, // U+00FC
    { 0x00FD, 38 }, // U+00FD
    { 0x00FF, 38 }, // U+00FF
    { 0x0100, 13 }, // U+0100
    { 0x0101, 25 }, // U+0101
    { 0x0102, 13 }, // U+0102
    { 0x0103, 25 }, // U+0103
    { 0x0104, 13 }, // U+0104
    { 0x0105, 25 }, // U+0105
    { 0x0106, 14 }, // U+0106
    { 0x0107, 26 }, // U+0107
    { 0x0108, 14 }, // U+0108
    { 0x0109, 26 }, // U+0109
    { 0x010A, 14 }, // U+010A
    { 0x010B, 26 }, // U+010B
    { 0x010C, 14 }, // U+010C
    { 0x010D, 26 }, // U+010D
    { 0x010F, 26 }, // U+010F
    { 0x0111, 26 }, // U+0111
    { 0x0113, 26 }, // U+0113
    { 0x0115, 26 }, // U+0115
    { 0x0117, 26 }, // U+0117
    { 0x0119, 26 }, // U+0119
    { 0x011B, 26 }, // U+011B
    { 0x011C, 14 }, // U+011C
    { 0x011D, 28 }, // U+011D
    { 0x011E, 14 }, // U+011E
    { 0x011F, 28 }, // U+011F
    { 0x0120, 14 }, // U+0120
    { 0x0121, 28 }, // U+0121
    { 0x0122, 14 }, // U+0122
    { 0x0123, 28 }, // U+0123
    { 0x0125, 29 }, // U+0125
    { 0x0127, 29 }, // U+0127
    { 0x0128, 15 }, // U+0128
    { 0x0129, 30 }, // U+0129
    { 0x012A, 15 }, // U+012A
    { 0x012B, 30 }, // U+012B
    { 0x012C, 15 }, // U+012C
    { 0x012D, 30 }, // U+012D
    { 0x012E, 15 }, // U+012E
    { 0x012F, 30 }, // U+012F
    { 0x0130, 15 }, // U+0130
    { 0x0131, 30 }, // U+0131
    { 0x0132, 15 }, // U+0132
    { 0x0133, 30 }, // U+0133
    { 0x0134, 16 }, // U+0134
    { 0x0135, 31 }, // U+0135
    { 0x0137, 29 }, // U+0137
    { 0x0138, 29 }, // U+0138
    { 0x013A, 32 }, // U+013A
    { 0x013C, 32 }, // U+013C
    { 0x013E, 32 }, // U+013E
    { 0x0140, 32 }, // U+0140
    { 0x0142, 32 }, // U+0142
    { 0x0144, 33 }, // U+0144
    { 0x0146, 33 }, // U+0146
    { 0x0148, 33 }, // U+0148
    { 0x014C, 14 }, // U+014C
    { 0x014D, 26 }, // U+014D
    { 0x014E, 14 }, // U+014E
    { 0x014F, 26 }, // U+014F
    { 0x0150, 14 }, // U+0150
    { 0x0151, 26 }, // U+0151
    { 0x0152, 14 }, // U+0152
    { 0x0153, 26 }, // U+0153
    { 0x0155, 33 }, // U+0155
    { 0x0157, 33 }, // U+0157
    { 0x0159, 33 }, // U+0159
    { 0x015A, 17 }, // U+015A
    { 0x015B, 35 }, // U+015B
    { 0x015C, 17 }, // U+015C
    { 0x015D, 35 }, // U+015D
    { 0x015E, 17 }, // U+015E
    { 0x015F, 35 }, // U+015F
    { 0x0160, 17 }, // U+0160
    { 0x0161, 35 }, // U+0161
    { 0x0162, 45 }, // U+0162
    { 0x0163, 36 }, // U+0163
    { 0x0164, 45 }, // U+0164
    { 0x0165, 36 }, // U+0165
    { 0x0166, 45 }, // U+0166
    { 0x0167, 36 }, // U+0167
    { 0x0168, 19 }, // U+0168
    { 0x0169, 37 }, // U+0169
    { 0x016A, 19 }, // U+016A
    { 0x016B, 37 }, // U+016B
    { 0x016C, 19 }, // U+016C
    { 0x016D, 37 }, // U+016D
    { 0x016E, 19 }, // U+016E
    { 0x016F, 37 }, // U+016F
    { 0x0170, 19 }, // U+0170
    { 0x0171, 37 }, // U+0171
    { 0x0172, 19 }, // U+0172
    { 0x0173, 37 }, // U+0173
    { 0x0176, 44 }, // U+0176
    { 0x0177, 38 }, // U+0177
    { 0x0178, 44 }, // U+0178
    { 0x0179, 24 }, // U+0179
    { 0x017A, 41 }, // U+017A
    { 0x017B, 24 }, // U+017B
    { 0x017C, 41 }, // U+017C
    { 0x017D, 24 }, // U+017D
    { 0x017E, 41 }, // U+017E
    { 0x017F, 27 }, // U+017F
    { 0x01A0, 14 }, // U+01A0
    { 0x01A1, 26 }, // U+01A1
    { 0x01C6, 26 }, // U+01C6
    { 0x01C9, 32 }, // U+01C9
    { 0x01CC, 33 }, // U+01CC
    { 0x01CD, 13 }, // U+01CD
    { 0x01CE, 25 }, // U+01CE
    { 0x01D3, 19 }, // U+01D3
    { 0x01D4, 37 }, // U+01D4
    { 0x01E6, 14 }, // U+01E6
    { 0x01E7, 28 }, // U+01E7
    { 0x01EA, 14 }, // U+01EA
    { 0x01EB, 26 }, // U+01EB
    { 0x01F3, 26 }, // U+01F3
    { 0x01FA, 13 }, // U+01FA
    { 0x01FB, 25 }, // U+01FB
    { 0x01FC, 43 }, // U+01FC
    { 0x01FD, 25 }, // U+01FD
    { 0x01FE, 14 }, // U+01FE
    { 0x01FF, 26 }, // U+01FF
    { 0x0218, 17 }, // U+0218
    { 0x0219, 35 }, // U+0219
    { 0x021A, 45 }, // U+021A
    { 0x021B, 36 }, // U+021B
    { 0x021F, 29 }, // U+021F
    { 0x0410, 46 }, // U+0410
    { 0x0414, 46 }, // U+0414
    { 0x041B, 46 }, // U+041B
    { 0x041E, 47 }, // U+041E
    { 0x0421, 47 }, // U+0421
    { 0x0422, 48 }, // U+0422
    { 0x0425, 49 }, // U+0425
    { 0x0430, 50 }, // U+0430
    { 0x0432, 51 }, // U+0432
    { 0x0434, 52 }, // U+0434
    { 0x0435, 53 }, // U+0435
    { 0x0437, 51 }, // U+0437
    { 0x043A, 51 }, // U+043A
    { 0x043D, 51 }, // U+043D
    { 0x043E, 53 }, // U+043E
    { 0x0442, 51 }, // U+0442
    { 0x0446, 51 }, // U+0446
    { 0x044C, 51 }, // U+044C
    { 0x044E, 51 }, // U+044E
    { 0x1EA0, 13 }, // U+1EA0
    { 0x1EA1, 25 }, // U+1EA1
    { 0x1EA2, 13 }, // U+1EA2
    { 0x1EA3, 25 }, // U+1EA3
    { 0x1EA4, 13 }, // U+1EA4
    { 0x1EA5, 25 }, // U+1EA5
    { 0x1EA6, 13 }, // U+1EA6
    { 0x1EA7, 25 }, // U+1EA7
    { 0x1EA8, 13 }, // U+1EA8
    { 0x1EA9, 25 }, // U+1EA9
    { 0x1EAA, 13 }, // U+1EAA
    { 0x1EAB, 25 }, // U+1EAB
    { 0x1EAC, 13 }, // U+1EAC
    { 0x1EAD, 25 }, // U+1EAD
    { 0x1EAE, 13 }, // U+1EAE
    { 0x1EAF, 25 }, // U+1EAF
    { 0x1EB0, 13 }, // U+1EB0
    { 0x1EB1, 25 }, // U+1EB1
    { 0x1EB2, 13 }, // U+1EB2
    { 0x1EB3, 25 }, // U+1EB3
    { 0x1EB4, 13 }, // U+1EB4
    { 0x1EB5, 25 }, // U+1EB5
    { 0x1EB6, 13 }, // U+1EB6
    { 0x1EB7, 25 }, // U+1EB7
    { 0x1EB9, 26 }, // U+1EB9
    { 0x1EBB, 26 }, // U+1EBB
    { 0x1EBD, 26 }, // U+1EBD
    { 0x1EBF, 26 }, // U+1EBF
    { 0x1EC1, 26 }, // U+1EC1
    { 0x1EC3, 26 }, // U+1EC3
    { 0x1EC5, 26 }, // U+1EC5
    { 0x1EC7, 26 }, // U+1EC7
    { 0x1EC8, 15 }, // U+1EC8
    { 0x1EC9, 30 }, // U+1EC9
    { 0x1ECA, 15 }, // U+1ECA
    { 0x1ECB, 30 }, // U+1ECB
    { 0x1ECC, 14 }, // U+1ECC
    { 0x1ECD, 26 }, // U+1ECD
    { 0x1ECE, 14 }, // U+1ECE
    { 0x1ECF, 26 }, // U+1ECF
    { 0x1ED0, 14 }, // U+1ED0
    { 0x1ED1, 26 }, // U+1ED1
    { 0x1ED2, 14 }, // U+1ED2
    { 0x1ED3, 26 }, // U+1ED3
    { 0x1ED4, 14 }, // U+1ED4
    { 0x1ED5, 26 }, // U+1ED5
    { 0x1ED6, 14 }, // U+1ED6
    { 0x1ED7, 26 }, // U+1ED7
    { 0x1ED8, 14 }, // U+1ED8
    { 0x1ED9, 26 }, // U+1ED9
    { 0x1EDA, 14 }, // U+1EDA
    { 0x1EDB, 26 }, // U+1EDB
    { 0x1EDC, 14 }, // U+1EDC
    { 0x1EDD, 26 }, // U+1EDD
    { 0x1EDE, 14 }, // U+1EDE
    { 0x1EDF, 26 }, // U+1EDF
    { 0x1EE0, 14 }, // U+1EE0
    { 0x1EE1, 26 }, // U+1EE1
    { 0x1EE2, 14 }, // U+1EE2
    { 0x1EE3, 26 }, // U+1EE3
    { 0x1EE4, 19 }, // U+1EE4
    { 0x1EE5, 37 }, // U+1EE5
    { 0x1EE6, 19 }, // U+1EE6
    { 0x1EE7, 37 }, // U+1EE7
    { 0x1EE8, 19 }, // U+1EE8
    { 0x1EE9, 37 }, // U+1EE9
    { 0x1EEA, 19 }, // U+1EEA
    { 0x1EEB, 37 }, // U+1EEB
    { 0x1EEC, 19 }, // U+1EEC
    { 0x1EED, 37 }, // U+1EED
    { 0x1EEE, 19 }, // U+1EEE
    { 0x1EEF, 37 }, // U+1EEF
    { 0x1EF0, 19 }, // U+1EF0
    { 0x1EF1, 37 }, // U+1EF1
    { 0x1EF2, 44 }, // U+1EF2
    { 0x1EF3, 38 }, // U+1EF3
    { 0x1EF4, 44 }, // U+1EF4
    { 0x1EF5, 38 }, // U+1EF5
    { 0x1EF6, 44 }, // U+1EF6
    { 0x1EF7, 38 }, // U+1EF7
    { 0x1EF8, 44 }, // U+1EF8
    { 0x1EF9, 38 }, // U+1EF9
    { 0x2013, 4 }, // U+2013
    { 0x2014, 4 }, // U+2014
    { 0x2019, 54 }, // U+2019
    { 0x201A, 3 }, // U+201A
    { 0x201D, 54 }, // U+201D
    { 0x201E, 3 }, // U+201E
    { 0x2026, 3 }, // U+2026
    { 0x2030, 1 }, // U+2030
    { 0x20AB, 26 }, // U+20AB
    { 0x2202, 26 }, // U+2202
    { 0xFB00, 27 }, // U+FB00
    { 0xFB01, 27 }, // U+FB01
    { 0xFB02, 27 }, // U+FB02
    { 0xFB03, 27 }, // U+FB03
    { 0xFB04, 27 }, // U+FB04
};

static const int8_t lexenddeca_14_italicKernMatrix[] = {
       0,    0,    0,    0,    0,    0,    0,    0,    0,   14,    0,    0,    0,    0,    0,    0,    0,    0,    0,    0,    0,    0,    0,    0,    0,    0,    0,    0,    0,    0,    0,    0,    0,    0,    0,    0,    0,    0,    0,    0,    0,    0,    0,    0,    0,    0,    0,    0,    0,    0,    0,    0,    0,    0,
       0,    0,    0,    0,    0,    0,    0,    0,    0,    0,    0,    0,    0,    0,    0,    0,    0,    0,    0,    0,    0,    0,    0,    0,    0,    0,    0,  -10,    0,    0,    0,    0,    0,    0,    0,    0,    0,    0,    0,    0,    0,    0,    0,    0,    0,    0,    0,    0,    0,    0,    0,    0,    0,    0,
       0,    0,    0,    0,    0,    0,  -22,  -14,   14,  -26,    0,    0,    0,    0,    0,    0,    0,    0,    0,    0,    0,    0,    0,    0,    0,    0,    0,    0,    0,    0,    0,    0,    0,    0,    0,    0,    0,    0,    0,    0,    0,    0,    0,    0,    0,    0,    0,    0,    0,    0,    0,    0,    0,    0,
       0,    0,    0,    0,  -36,    0,    0,    0,    0,    0,    0,    0,    0,    0,    0,    0,    0,    0,    0,    0,    0,    0,    0,    0,    0,    0,    0,    0,    0,    0,    0,    0,    0,    0,    0,    0,    0,    0,    0,    0,    0,    0,    0,    0,    0,    0,    0,    0,    0,    0,    0,    0,    0,    0,
       0,    0,    0,    0,    0,    0,    0,   -9,    0,    0,    0,    0,    0,    0,    0,    0,    0,    0,    0,    0,    0,    0,    0,    0,    0,    0,    0,    0,    0,    0,    0,    0,    0,    0,    0,    0,    0,    0,    0,    0,    0,    0,    0,    0,    0,    0,    0,    0,    0,    0,    0,    0,    0,    0,
       0,    7,    0,    0,    0,    0,    0,    0,    0,    0,    0,    0,    0,    0,    0,    0,    0,    0,    0,    0,    0,    0,    0,    0,    0,    0,    0,    0,    0,    0,    0,    0,    0,    0,    0,    0,    0,    0,    0,    0,    0,    0,    0,    0,    0,    0,    0,    0,    0,    0,    0,    0,    0,    0,
       0,    0,    0,    0,    0,    0,    0,    0,   -4,    0,    0,    0,    0,    0,    0,    0,    0,    0,    0,    0,    0,    0,    0,    0,    0,    0,    0,    0,    0,    0,    0,    0,    0,    0,    0,    0,    0,    0,    0,    0,    0,    0,    0,    0,    0,    0,    0,    0,    0,    0,    0,    0,    0,    0,
     -22,    0,    0,    0,    0,    0,    0,    0,    0,    0,    0,  -10,    0,    0,    0,    0,    0,    0,    0,    0,    0,    0,    0,    0,    0,    0,    0,    0,    0,    0,    0,    0,    0,    0,    0,    0,    0,    0,    0,    0,    0,  -35,    0,    0,    0,    0,    0,    0,    0,    0,    0,    0,    0,    0,
       0,    0,    0,    0,    0,    0,    0,    0,    0,    0,    0,   -7,    0,    0,    0,    0,    0,    0,    0,    0,    0,    0,    0,    0,    0,    0,    0,    0,    0,    0,    0,    0,    0,    0,    0,    0,    0,    0,    0,    0,    0,    0,    0,    0,    0,    0,    0,    0,    0,    0,    0,    0,    0,    0,
     -15,    0,    0,    0,    0,    0,  -11,   -9,    0,    0,    0,    0,    0,    0,    0,    0,    0,    0,    0,    0,    0,    0,    0,    0,    0,    0,    0,    0,    0,    0,    0,    0,    0,    0,    0,    0,    0,    0,    0,    0,    0,    0,    0,    0,    0,    0,    0,    0,    0,    0,    0,    0,    0,    0,
      14,    0,    0,  -26,    0,    0,   13,    0,  -22,   17,  -22,    0,    0,    0,    0,    0,    0,    0,    0,    0,    0,    0,    0,    0,    0,    0,    0,    0,    0,    0,    0,    0,    0,    0,    0,    0,    0,    0,    0,    0,    0,    0,    0,    0,    0,    0,    0,    0,    0,    0,    0,    0,    0,    0,
     -27,    0,    0,    0,    0,  -19,  -13,    0,    0,   -9,    0,  -23,    0,    0,    0,    0,    0,    0,    0,    0,    0,    0,    0,    0,    0,    0,    0,    0,    0,    0,    0,    0,    0,    0,    0,    0,    0,    0,    0,    0,    0,  -13,    0,    0,    0,    0,    0,    0,    0,    0,    0,    0,    0,    0,
       0,    0,    0,    0,    0,    0,    0,    0,  -11,   -9,  -11,    0,    0,    0,    0,    0,    0,    0,    0,    0,    0,    0,    0,    0,    0,    0,    0,    0,    0,    0,    0,    0,    0,    0,    0,    0,    0,    0,    0,    0,    0,    0,    0,    0,    0,    0,    0,    0,    0,    0,    0,    0,    0,    0,
       0,    0,    0,    0,    0,    0,    0,    0,    0,    0,    0,    0,    9,  -17,    0,    0,    0,  -31,  -13,  -31,  -22,    0,  -31,    0,    0,    0,    0,    0,    0,    0,    0,  -10,    0,    0,    0,  -13,  -11,  -19,  -21,    9,    0,    0,    0,  -31,  -31,    0,    0,    0,    0,    0,    0,    0,    0,    0,
       0,    0,    0,    0,    0,    0,    0,    0,    0,    0,    0,    0,   -9,    0,    0,    0,    0,    0,    0,   -9,    0,   -9,  -13,    0,   -7,    0,    0,    0,    0,    0,    0,    0,    0,    0,    0,    0,    0,    0,    0,    0,    0,    0,  -20,  -13,    0,    0,    0,    0,    0,    0,    0,    0,    0,    0,
       0,    0,    0,    0,    0,    0,    0,    0,    0,    0,    0,    0,    0,   -9,    0,    0,    0,    0,    0,    0,    0,    0,  -11,    0,    0,    0,    0,    0,    0,    0,    0,    0,    0,    0,    0,    0,    0,    0,    0,    0,    0,    0,  -20,  -11,    0,    0,    0,    0,    0,    0,    0,    0,    0,    0,
       0,    0,    0,    0,    0,    0,    0,    0,    0,    0,    0,    0,  -18,    0,  -13,    0,    0,  -18,    0,  -13,   -9,   -9,  -22,   -9,  -13,    0,    0,    0,    0,    0,    0,    0,    0,    0,    0,    0,    0,    0,    0,    0,   -9,    0,  -33,  -22,  -18,    0,    0,    0,    0,    0,    0,    0,    0,    0,
       0,    0,    0,    0,    0,    0,    0,    0,    0,    0,    0,    0,    0,   -9,    0,    0,    0,    0,    0,    8,    8,    0,    0,    0,    0,    0,    0,    0,    0,    0,    0,    0,    0,    0,    0,    0,    0,    0,    0,    0,    0,    0,    0,    0,    0,    0,    0,    0,    0,    0,    0,    0,    0,    0,
       0,    0,    0,    0,    0,    0,    0,    0,    0,    0,    0,    0,  -18,    0,    0,  -15,    0,   11,    0,    0,    0,    0,    0,    0,  -10,    0,    0,    0,    0,    0,    0,    0,    0,    0,    0,    0,    0,    0,    0,    0,    0,    0,  -53,    0,   11,    0,    0,    0,    0,    0,    0,    0,    0,    0,
       0,    0,    0,    0,    0,    0,    0,    0,    0,    0,    0,    0,    0,    0,    0,    0,    0,   -9,    0,  -13,    0,    0,  -22,    0,    0,    0,    0,    0,    0,    0,    0,    0,    0,    0,    0,    0,    0,    0,    0,    0,    0,    0,    0,  -22,   -9,    0,    0,    0,    0,    0,    0,    0,    0,    0,
       0,    0,    0,    0,    0,    0,    0,    0,    0,    0,    0,    0,    0,  -13,    0,    0,    0,    0,    0,    0,    0,    0,    0,    0,    0,    0,  -10,    0,    0,    0,    0,    0,    0,    0,    0,  -13,    0,    0,    0,    0,    0,    0,  -13,    0,    0,    0,    0,    0,    0,    0,    0,    0,    0,    0,
       0,    0,    0,    0,    0,    0,    0,    0,    0,    0,    0,    0,  -13,    0,    0,    0,    0,    0,    0,    0,    0,    0,    0,    0,    0,    0,    0,    0,    0,    0,    0,    0,    0,    0,    0,    0,    0,    0,    0,    0,    0,    0,    0,    0,    0,    0,    0,    0,    0,    0,    0,    0,    0,    0,
       0,    0,    0,    0,    0,    0,    0,    0,    0,    0,    0,    0,    0,  -22,    0,    0,    0,    0,    0,    0,    0,    0,    0,    0,    0,   -9,    0,    0,    0,    0,    0,    0,    0,    0,    0,    0,  -20,  -23,  -23,    0,    0,    0,    0,    0,    0,    0,    0,    0,    0,    0,    0,    0,    0,    0,
       0,    0,    0,    0,    0,    0,    0,    0,    0,    0,    0,    0,   13,  -17,    0,   13,    0,  -49,  -10,  -31,  -18,   13,  -40,    0,    0,    0,    0,    0,    0,   -9,    0,    0,    0,    0,    0,    0,    0,  -18,  -22,   13,    0,    0,    0,  -40,  -49,    0,    0,    0,    0,    0,    0,    0,    0,    0,
       0,    0,    0,    0,    0,    0,    0,    0,    0,    0,    0,    0,  -38,    0,    0,  -31,    0,    0,    0,    0,    0,  -14,   -9,   -9,  -13,    0,    0,    0,    0,    0,    0,    0,    0,    0,   -9,    0,    0,    0,    0,    0,    0,    0,  -69,   -9,    0,    0,    0,    0,    0,    0,    0,    0,    0,    0,
       0,    0,    0,    0,    0,    0,    0,    0,    0,    0,    0,    0,   13,    0,    0,    0,    0,    0,   -3,    0,    0,    9,  -18,    0,    0,    0,    0,    0,    0,    0,    0,    0,    0,    0,    0,    0,    0,    0,    0,    9,    9,    0,    0,  -18,    0,    0,    0,    0,    0,    0,    0,    0,    0,    0,
       0,    0,    0,    0,    0,    0,    0,    0,    0,    0,    0,    0,    8,  -10,    0,    0,    0,    0,    0,    0,    0,    0,   -7,    0,    0,    0,    0,   -9,    0,    0,    0,    0,    0,    0,    0,    0,   -9,    0,    0,    0,    0,    0,    0,   -7,    0,    0,    0,    0,    0,    0,    0,    0,    0,    0,
       0,    0,    0,    0,    0,    0,    0,    0,    0,    0,    0,    0,    0,    0,    0,    0,    0,    0,    0,    0,   -9,    0,   -7,    0,    0,    0,    0,    0,    0,    0,    0,    0,    0,    0,    0,    0,    0,    0,    0,    0,    0,    0,  -13,   -7,    0,    0,    0,    0,    0,    0,    0,    0,    0,    0,
       0,    0,    0,    0,    0,    0,    0,    0,    0,    0,    0,    0,  -31,  -18,    0,  -49,    0,   10,    0,   18,   13,    0,    9,    0,  -39,  -40,    9,  -36,    0,    0,    0,    0,  -31,  -31,  -27,    0,  -31,   -5,   -9,   -5,  -14,    0,  -58,    9,   10,    0,    0,    0,    0,    0,    0,    0,    0,    0,
       0,    0,    0,    0,    0,    0,    0,    0,    0,    0,    0,    0,  -13,    0,    0,    0,    0,    0,    0,    0,    0,    0,    0,    0,    0,    0,    0,    0,    0,    0,    0,    0,    0,    0,    0,    0,    0,    0,    0,    0,    0,    0,  -42,    0,    0,    0,    0,    0,    0,    0,    0,    0,    0,    0,
       0,    0,    0,    0,    0,    0,    0,    0,    0,    0,    0,    0,  -31,  -13,    0,  -18,    0,   18,    0,    9,    9,    0,    9,    0,  -18,  -22,    0,  -17,    0,    0,    0,    0,   -9,   -9,   -9,    0,    0,    0,    0,    0,    0,    0,  -44,    9,   18,    0,    0,    0,    0,    0,    0,    0,    0,    0,
       0,    0,    0,    0,    0,    0,    0,    0,    0,    0,    0,    0,  -22,   -9,    0,  -13,    0,   13,    0,    9,    9,    0,    0,    0,  -13,  -11,    0,  -13,    0,    0,    0,    0,    0,    0,    0,    0,    0,    0,    0,    0,    0,    0,  -41,    0,   13,    0,    0,    0,    0,    0,    0,    0,    0,    0,
       0,    0,    0,    0,    0,    0,    0,    0,    0,    0,    0,    0,    0,  -13,    0,    0,    0,    0,    0,    0,    0,    0,    0,    0,   -9,   -9,    0,   -9,    0,    0,    0,    0,    0,    0,    0,    0,  -13,   -9,    0,    0,    0,    0,    0,    0,    0,    0,    0,    0,    0,    0,    0,    0,    0,    0,
       0,    0,    0,    0,    0,    0,    0,    0,    0,    0,    0,    0,  -31,  -22,    0,  -27,    0,    9,    0,    9,    0,    0,    0,    0,  -35,  -40,    0,  -40,    0,    0,    0,    0,  -21,  -21,  -27,    0,  -18,    0,    0,   -9,   -9,    0,  -76,    0,    9,    0,    0,    0,    0,    0,    0,    0,    0,    0,
       0,    0,    0,    0,    0,    0,    0,    0,    0,    0,    0,    0,    0,  -13,    0,    0,    0,    0,    0,    0,    0,    0,    0,    0,    0,    0,    0,  -13,    0,    0,    0,    0,    0,    0,    0,  -13,    0,    0,    0,    0,    0,    0,    0,    0,    0,    0,    0,    0,    0,    0,    0,    0,    0,    0,
       0,    0,    0,    0,    0,    0,    0,    0,    0,    0,    0,    0,    0,    0,    0,    0,    0,  -39,    0,    0,    0,    0,  -26,    0,    0,    0,    0,    0,    0,    0,    0,    0,    0,    0,    0,    0,    0,    0,    0,    0,    0,    0,    0,    0,    0,    0,    0,    0,    0,    0,    0,    0,    0,    0,
       0,    0,    0,    0,    0,    0,    0,    0,    0,    0,    0,    0,    0,    0,    0,    0,    0,  -40,    0,  -22,  -11,   -9,  -40,    0,    0,    0,    0,    0,    0,    0,    0,    0,    0,    0,    0,    0,    0,    0,    0,    0,    0,    0,  -19,  -40,  -40,    0,    0,    0,    0,    0,    0,    0,    0,    0,
       0,    0,    0,    0,    0,    0,    0,    0,    0,    0,    0,    0,    0,    0,    0,    0,    0,  -22,    0,    0,  -13,    0,  -35,    0,    0,    0,    0,    0,    0,    0,    0,    0,    0,    0,    0,    0,    0,    0,    0,    0,    0,    0,   -6,  -35,  -22,    0,    0,    0,    0,    0,    0,    0,    0,    0,
       0,    0,    0,    0,    0,    0,    0,    0,    0,    0,    0,    0,    0,    0,    0,    0,    0,  -31,    0,  -18,  -13,   -9,  -35,    0,    0,    0,    0,    0,    0,    0,    0,    0,    0,    0,    0,    0,    0,    0,    0,    0,    0,    0,  -14,  -35,  -31,    0,    0,    0,    0,    0,    0,    0,    0,    0,
       0,    0,    0,    0,    0,    0,    0,    0,    0,    0,    0,    0,    0,    0,    0,    0,    0,   13,    0,    0,    9,    0,    0,    0,  -14,  -10,    0,    0,    0,    0,    0,    0,    0,    0,    0,    0,    0,    0,    0,    0,    0,    0,  -38,    0,   13,    0,    0,    0,    0,    0,    0,    0,    0,    0,
       0,    0,    0,    0,    0,    0,    0,    0,    0,    0,    0,    0,    0,    0,    0,    0,    0,  -31,    0,    0,    0,    0,  -22,    0,    0,    0,    0,    0,    0,    0,    0,    0,    0,    0,    0,    0,    0,    0,    0,    0,    0,    0,    0,  -22,  -31,    0,    0,    0,    0,    0,    0,    0,    0,    0,
       0,    0,    0,    0,    0,    0,    0,    0,    0,    0,    0,    0,    0,    0,    0,    0,    0,  -37,    0,  -10,  -13,    0,  -31,    0,    0,   -5,    0,   -7,    0,    0,    0,    0,    0,    0,    0,   -6,    0,    0,    0,    0,    0,    0,   -9,  -31,  -37,    0,    0,    0,    0,    0,    0,    0,    0,    0,
       0,    0,    0,    0,    0,    0,    0,    0,    0,    0,    0,    0,    0,    0,    0,    0,    0,    0,    0,    0,    0,    0,    0,    0,    0,    0,    0,    0,    0,    0,   11,    0,    0,    0,    0,    0,    0,    0,    0,    0,    0,    0,    0,    0,    0,    0,    0,    0,    0,    0,    0,    0,    0,    0,
       0,    0,    0,    0,    0,    0,    0,    0,    0,    0,    0,    0,   13,   -9,    0,    0,    0,    0,    0,    0,    0,    0,    0,    0,    0,   -7,    0,    0,    0,    0,    0,    0,    0,    0,    0,   -6,    0,    0,    0,    0,    0,    0,    0,    0,    0,    0,    0,    0,    0,    0,    0,    0,    0,    0,
       0,    0,   16,    0,    0,    0,    0,    0,    0,    0,    0,    0,    0,    0,    0,    0,    0,    0,    0,    0,    0,    9,    0,    0,    0,    0,    0,    0,    0,   -9,    0,    0,    0,   10,    0,    0,    0,    6,    0,    0,    0,    0,    6,    0,    0,    0,    0,    0,    0,    0,    0,    0,    0,    0,
       0,    0,    0,    0,    0,    0,    0,    0,    0,    0,    0,    0,    0,    0,    0,    0,    0,  -22,    0,    0,    0,    0,  -13,    0,    0,    0,    0,    0,    0,    0,    0,    0,    0,    0,    0,    0,    0,    0,    0,    0,    0,    0,    0,  -13,  -22,    0,    0,    0,    0,    0,    0,    0,    0,    0,
       0,    0,    0,    0,    0,    0,    0,    0,    0,    0,    0,    0,    0,    0,    0,  -37,    0,   -6,    0,    0,   13,    0,    0,    0,   -7,    0,    9,    0,    0,    0,    0,    0,    0,    0,    0,    7,    0,   12,   11,   10,    0,    0,  -56,    0,   -6,    0,    0,    0,    0,    0,    0,    0,    0,    0,
       0,    0,    0,    0,    0,    0,    0,    0,    0,    0,    0,    0,    0,    0,    0,   10,    0,  -27,    0,   -9,    0,    0,  -26,    0,    0,    0,    0,    0,    0,    0,    0,    0,    0,    0,    0,    0,    0,    0,    0,    0,    0,    0,   -3,  -26,  -27,    0,    0,    0,    0,    0,    0,    0,    0,    0,
       0,    0,    0,    0,    0,    0,    0,    0,    0,    0,    0,    0,   11,    0,    0,    0,    0,    0,    0,    0,    0,    0,  -13,    0,    0,    0,    0,    0,    0,    0,    0,    0,    0,    0,    0,    0,    0,    0,    0,    0,    0,    0,    0,  -13,    0,    0,    0,    0,    0,    0,    0,    0,    0,    0,
       0,    0,    0,    0,    0,    0,    0,    0,    0,    0,    0,    0,    0,    0,    0,    0,    0,  -37,    0,    0,    0,    0,  -18,    0,    0,    0,    0,    0,    0,    0,    0,    0,    0,    0,    0,    0,    0,    0,    0,    0,    0,    0,  -13,  -18,  -37,    0,    0,    0,    0,    0,    0,    0,    0,    0,
       0,    0,    0,    0,    0,    0,    0,    0,    0,    0,    0,    0,  -26,    0,    0,    0,    0,   -5,    0,    0,    0,   -9,    0,   -9,   -9,    0,   10,    0,    0,    0,    0,    0,    0,    0,   10,    0,    0,    5,    5,    0,    0,    0,  -47,    0,   -5,    0,    0,    0,    0,    0,    0,    0,    0,    0,
       0,    0,    0,    0,    0,    0,    0,    0,    0,    0,    0,    0,    0,    0,    0,    0,    0,   -9,    0,    0,    0,    0,    0,    0,    0,    0,    6,    0,    0,    0,    0,    0,    0,    0,    0,    0,    0,    5,    5,    0,    0,    0,  -47,    0,   -9,    0,    0,    0,    0,    0,    0,    0,    0,    0,
       0,    0,    0,    0,    0,    0,    0,    0,    0,    0,    0,    0,    9,    0,    0,    0,    0,   -5,    0,    0,    0,    0,   -9,    0,    0,    0,    0,    0,    0,    0,    0,    0,    0,    0,    0,    0,    0,    0,    0,    0,    0,    0,    0,   -9,   -5,    0,    0,    0,    0,    0,    0,    0,    0,    0,
       0,    0,    0,    0,    0,    0,    0,    0,    0,    0,    0,    0,    0,    0,    0,    0,    0,    0,    0,    0,    0,    0,   -9,    0,    0,    0,    0,    0,    0,    0,    0,    0,    0,    0,    0,    0,    0,    0,    0,    0,    0,    0,    0,   -9,    0,    0,    0,    0,    0,    0,    0,    0,    0,    0,
       0,    0,   16,    0,    0,    0,    0,    0,    0,    0,    0,    0,    0,   13,   19,    0,   14,   47,   19,   43,   43,   37,   42,   25,    0,    0,   23,    0,   19,    9,   19,   19,   14,   14,    0,   19,    0,   31,   25,   25,   19,    0,    6,   42,   47,    0,    0,    0,    0,    0,    0,    0,    0,   25,
       0,    0,   16,    0,    0,    0,    0,    0,    0,    0,    0,    0,    0,    0,    0,    0,    0,    0,    0,    0,    0,    9,    0,    0,    0,    0,    0,    0,    0,   -9,    0,    0,    0,    0,    0,    0,    0,    6,    0,    0,    0,    0,    6,    0,    0,    0,    0,    0,    0,    0,    0,    0,    0,    0,
       0,    0,    0,    0,    0,    0,    0,    0,    0,    0,    0,    0,    0,    0,    0,    0,    0,  -23,    0,    0,    0,    0,    0,    0,    0,    0,    0,    0,    0,    0,    0,    0,    0,    0,    0,    0,    0,    0,    0,    0,    0,    0,    0,    0,    0,    0,    0,    0,    0,    0,    0,    0,    0,    0,
       0,    0,  -31,    0,    0,    0,    0,    0,    0,    0,    0,    0,  -13,    0,    0,    0,    0,   19,    0,   13,   13,    6,    6,    0,    0,    0,    0,    0,    0,    0,    0,    0,    0,    0,    0,    0,    0,    0,    0,    0,    0,    0,  -25,    6,   19,    0,    0,    0,    0,    0,    0,    0,    0,    0,
       0,    0,  -31,    0,    0,    0,    0,    0,    0,    0,    0,    0,  -13,    0,    0,    0,   13,   13,    0,   13,   13,    0,    0,    0,    0,    0,    0,    0,    6,    6,    0,    6,    0,    0,    0,   12,    0,   19,   19,   13,    0,    0,  -19,    0,   13,    0,    0,    0,    0,    0,    0,    0,    0,    0,
       0,    0,  -31,    0,    0,    0,    0,    0,    0,    0,    0,    0,  -25,    0,    0,   -6,    0,   25,    0,   19,   19,    6,   13,    0,  -13,   -6,    0,   -7,    0,    0,    0,    0,    0,    0,    0,    0,   -6,    0,    0,    0,   -6,    0,  -31,   13,   25,    0,    0,    0,    0,    0,    0,    0,    0,    0,
       0,    0,  -19,    0,    0,    0,    0,    0,    0,    0,    0,    0,  -13,    0,    0,  -13,   13,   19,    0,   19,   19,    0,    0,    0,   -6,   -6,   13,   -6,    0,    0,    0,    0,    0,    0,   -6,   13,    0,   19,   19,   19,    0,    0,  -19,    0,   19,    0,    0,    0,    0,    0,    0,    0,    0,    0,
       0,    0,    0,    0,    0,    0,    0,    0,    0,    0,    0,    0,    0,    0,    0,    0,    0,    0,    0,    0,    0,    0,    0,    0,    0,    0,    0,    0,    0,    0,    0,    0,    0,    0,    0,    0,    0,    0,    0,    0,    0,    0,    0,    0,    0,    0,  -18,  -43,    0,    0,    0,    0,    0,    0,
       0,    0,    0,    0,    0,    0,    0,    0,    0,    0,    0,    0,    0,    0,    0,    0,    0,    0,    0,    0,    0,    0,    0,    0,    0,    0,    0,    0,    0,    0,    0,    0,    0,    0,    0,    0,    0,    0,    0,    0,    0,    0,    0,    0,    0,  -25,    0,    0,    0,  -16,    0,  -27,  -23,    0,
       0,    0,    0,    0,    0,    0,    0,    0,    0,    0,    0,    0,    0,    0,    0,    0,    0,    0,    0,    0,    0,    0,    0,    0,    0,    0,    0,    0,    0,    0,    0,    0,    0,    0,    0,    0,    0,    0,    0,    0,    0,    0,    0,    0,    0,    0,    0,   -5,   -9,    0,    0,    0,    0,    0,
       0,    0,    0,    0,    0,    0,    0,    0,    0,    0,    0,    0,    0,    0,    0,    0,    0,    0,    0,    0,    0,    0,    0,    0,    0,    0,    0,    0,    0,    0,    0,    0,    0,    0,    0,    0,    0,    0,    0,    0,    0,    0,    0,    0,    0,  -11,    0,    0,    0,   -2,    0,  -18,   -2,    0,
       0,    0,    0,    0,    0,    0,    0,    0,    0,    0,    0,    0,    0,    0,    0,    0,    0,    0,    0,    0,    0,    0,    0,    0,    0,    0,    0,    0,    0,    0,    0,    0,    0,    0,    0,    0,    0,    0,    0,    0,    0,    0,    0,    0,    0,  -18,    7,    0,    0,  -21,   -5,  -34,  -21,    0,
       0,    0,    0,    0,    0,    0,    0,    0,    0,    0,    0,    0,    0,    0,    0,    0,    0,    0,    0,    0,    0,    0,    0,    0,    0,    0,    0,    0,    0,    0,    0,    0,    0,    0,    0,    0,    0,    0,    0,    0,    0,    0,    0,    0,    0,    0,  -18,    0,    0,    0,    0,    0,    0,    0,
       0,    0,    0,    0,    0,    0,    0,    0,    0,    0,    0,    0,    0,    0,    0,    0,    0,    0,    0,    0,    0,    0,    0,    0,    0,    0,    0,    0,    0,    0,    0,    0,    0,    0,    0,    0,    0,    0,    0,    0,    0,    0,    0,    0,    0,    0,    0,  -18,    0,    0,    0,    0,    0,    0,
       0,    0,    0,    0,    0,    0,    0,    0,    0,    0,    0,    0,    0,    0,    0,    0,    0,    0,    0,    0,    0,    0,    0,    0,    0,    0,    0,    0,    0,    0,    0,    0,    0,    0,    0,    0,    0,    0,    0,    0,    0,    0,    0,    0,    0,    0,    0,    0,    0,    0,    0,   -2,    0,    0,
       0,    0,    0,    0,    0,    0,    0,    0,    0,    0,    0,    0,    0,    0,    0,    0,    0,    0,    0,    0,    0,    0,    0,    0,    0,    0,    0,    0,    0,    0,    0,    0,    0,    0,    0,    0,    0,    0,    0,    0,    0,    0,    0,    0,    0,    0,    0,    0,    0,    0,    0,    0,   -5,    0,
       0,    0,    0,    0,    0,    0,    0,    0,    0,    0,    0,    0,    0,    0,    0,    0,    0,    0,    0,    0,    0,    0,    0,    0,    0,    0,    0,    0,    0,    0,    0,    0,    0,    0,  -13,    0,    0,    0,    0,    0,    0,    0,    0,    0,    0,    0,    0,    0,    0,    0,    0,    0,    0,    0,
};

static const EpdLigaturePair lexenddeca_14_italicLigaturePairs[] = {
    { 0x00660066, 0xFB00 }, // f f -> U+FB00
    { 0x00660069, 0xFB01 }, // f i -> U+FB01
    { 0x0066006C, 0xFB02 }, // f l -> U+FB02
    { 0xFB000069, 0xFB03 }, // U+FB00 i -> U+FB03
    { 0xFB00006C, 0xFB04 }, // U+FB00 l -> U+FB04
};

static constexpr EpdFontData lexenddeca_14_italic = {
    lexenddeca_14_italicBitmaps,
    lexenddeca_14_italicGlyphs,
    lexenddeca_14_italicIntervals,
    78,
    36,
    28,
    -9,
    true,
    lexenddeca_14_italicGroups,
    17,
    nullptr,
    lexenddeca_14_italicKernLeftClasses,
    lexenddeca_14_italicKernRightClasses,
    lexenddeca_14_italicKernMatrix,
    362,
    350,
    71,
    54,
    lexenddeca_14_italicLigaturePairs,
    5,
};
