/**
 * generated by fontconvert.py
 * name: lexenddeca_20_regular
 * size: 20
 * mode: 2-bit  compressed: true
 * Command used: fontconvert.py lexenddeca_20_regular 20 ../builtinFonts/source/LexicaUltralegible/LexicaUltralegible-Regular.ttf ../builtinFonts/source/ChareInk7/ChareInk7-Regular.ttf ../builtinFonts/source/NotoEmoji/NotoEmoji-Regular.ttf ../builtinFonts/source/NotoSymbols/NotoSansSymbols-Regular.ttf ../builtinFonts/source/NotoSansCJKsc/NotoSansCJKsc-Regular.otf --additional-intervals 0x03BB,0x03BB --additional-intervals 0x0410,0x0414 --additional-intervals 0x0418,0x0418 --additional-intervals 0x041B,0x041B --additional-intervals 0x041D,0x0423 --additional-intervals 0x0425,0x0425 --additional-intervals 0x0427,0x0427 --additional-intervals 0x042B,0x042C --additional-intervals 0x042E,0x0432 --additional-intervals 0x0434,0x0435 --additional-intervals 0x0437,0x0437 --additional-intervals 0x043A,0x043A --additional-intervals 0x043D,0x043E --additional-intervals 0x0440,0x0440 --additional-intervals 0x0442,0x0442 --additional-intervals 0x0446,0x0446 --additional-intervals 0x044C,0x044C --additional-intervals 0x044E,0x044E --additional-intervals 0x2113,0x2113 --additional-intervals 0x2669,0x266F --additional-intervals 0x1F600,0x1F607 --additional-intervals 0x1F609,0x1F614 --additional-intervals 0x1F618,0x1F618 --additional-intervals 0x1F61A,0x1F61A --additional-intervals 0x1F61C,0x1F61D --additional-intervals 0x1F620,0x1F622 --additional-intervals 0x1F624,0x1F625 --additional-intervals 0x1F629,0x1F629 --additional-intervals 0x1F62C,0x1F62E --additional-intervals 0x1F631,0x1F635 --additional-intervals 0x1F641,0x1F642 --additional-intervals 0x1F644,0x1F644 --additional-intervals 0x1F44B,0x1F44F --additional-intervals 0x2764,0x2764 --additional-intervals 0x4F1A,0x4F1A --additional-intervals 0x53BB,0x53BB --additional-intervals 0x5458,0x5458 --additional-intervals 0x59DA,0x59DA --additional-intervals 0x5B98,0x5B98 --additional-intervals 0x5BA4,0x5BA4 --additional-intervals 0x5E26,0x5E26 --additional-intervals 0x6211,0x6211 --additional-intervals 0x62C9,0x62C9 --additional-intervals 0x653E,0x653E --additional-intervals 0x6746,0x677F --additional-intervals 0x7532,0x7532 --additional-intervals 0x7684,0x7684 --additional-intervals 0x8BAE,0x8BAE --additional-intervals 0x8BF7,0x8BF7 --additional-intervals 0x91CA,0x91CA --font-include-intervals 1:0x03BB,0x03BB --font-include-intervals 1:0x0410,0x0414 --font-include-intervals 1:0x0418,0x0418 --font-include-intervals 1:0x041B,0x041B --font-include-intervals 1:0x041D,0x0423 --font-include-intervals 1:0x0425,0x0425 --font-include-intervals 1:0x0427,0x0427 --font-include-intervals 1:0x042B,0x042C --font-include-intervals 1:0x042E,0x0432 --font-include-intervals 1:0x0434,0x0435 --font-include-intervals 1:0x0437,0x0437 --font-include-intervals 1:0x043A,0x043A --font-include-intervals 1:0x043D,0x043E --font-include-intervals 1:0x0440,0x0440 --font-include-intervals 1:0x0442,0x0442 --font-include-intervals 1:0x0446,0x0446 --font-include-intervals 1:0x044C,0x044C --font-include-intervals 1:0x044E,0x044E --font-include-intervals 1:0x2113,0x2113 --font-include-intervals 2:0x1F600,0x1F607 --font-include-intervals 2:0x1F609,0x1F614 --font-include-intervals 2:0x1F618,0x1F618 --font-include-intervals 2:0x1F61A,0x1F61A --font-include-intervals 2:0x1F61C,0x1F61D --font-include-intervals 2:0x1F620,0x1F622 --font-include-intervals 2:0x1F624,0x1F625 --font-include-intervals 2:0x1F629,0x1F629 --font-include-intervals 2:0x1F62C,0x1F62E --font-include-intervals 2:0x1F631,0x1F635 --font-include-intervals 2:0x1F641,0x1F642 --font-include-intervals 2:0x1F644,0x1F644 --font-include-intervals 2:0x1F44B,0x1F44F --font-include-intervals 2:0x2764,0x2764 --font-include-intervals 3:0x2669,0x266F --font-include-intervals 4:0x4F1A,0x4F1A --font-include-intervals 4:0x53BB,0x53BB --font-include-intervals 4:0x5458,0x5458 --font-include-intervals 4:0x59DA,0x59DA --font-include-intervals 4:0x5B98,0x5B98 --font-include-intervals 4:0x5BA4,0x5BA4 --font-include-intervals 4:0x5E26,0x5E26 --font-include-intervals 4:0x6211,0x6211 --font-include-intervals 4:0x62C9,0x62C9 --font-include-intervals 4:0x653E,0x653E --font-include-intervals 4:0x6746,0x677F --font-include-intervals 4:0x7532,0x7532 --font-include-intervals 4:0x7684,0x7684 --font-include-intervals 4:0x8BAE,0x8BAE --font-include-intervals 4:0x8BF7,0x8BF7 --font-include-intervals 4:0x91CA,0x91CA --2bit --compress --pnum --darken-aa
 */
#pragma once
#include "EpdFontData.h"

static const uint8_t lexenddeca_20_regularBitmaps[39590] = {
    0xC5, 0x5A, 0xBF, 0xAF, 0xDD, 0xC8, 0x75, 0x1E, 0x5E, 0x62, 0xC5, 0xC0, 0x2C, 0x98, 0xCA, 0x80,
    0x57, 0x80, 0xD9, 0xB8, 0x0A, 0x02, 0xB0, 0x36, 0xE0, 0x80, 0x54, 0x52, 0x6C, 0x91, 0x62, 0xB7,
    0x76, 0xE3, 0xDA, 0x6E, 0x5E, 0x9B, 0x2A, 0x24, 0x76, 0x0B, 0x17, 0x2E, 0x56, 0xF9, 0x0B, 0xB6,
    0xD9, 0x2D, 0xD6, 0x8D, 0xDA, 0x54, 0x22, 0x11, 0x15, 0x29, 0xB6, 0xD0, 0x0D, 0xFC, 0x07, 0x98,
    0x80, 0x17, 0x48, 0x91, 0xE2, 0x31, 0x08, 0x91, 0x50, 0xD6, 0x90, 0x93, 0xEF, 0xFB, 0xCE, 0xF0,
    0xDE, 0xAB, 0xF7, 0x9E, 0x56, 0x4F, 0x5A, 0x6D, 0x72, 0x1F, 0x75, 0xE6, 0xEA, 0x72, 0x78, 0xE6,
    0xCC, 0xF9, 0x7D, 0xCE, 0xB0, 0x76, 0xF5, 0xBD, 0xFE, 0xEC, 0xF3, 0x13, 0xD7, 0x77, 0x61, 0x08,
    0x43, 0xDF, 0xFD, 0xC4, 0xF9, 0x62, 0x78, 0xDD, 0xE5, 0x5C, 0xEF, 0xEA, 0xCE, 0x9D, 0x86, 0xE0,
    0xDA, 0x06, 0xC3, 0xE6, 0x5A, 0xA7, 0xA1, 0xE7, 0xB0, 0x6A, 0x48, 0x3C, 0xEE, 0xBA, 0x3C, 0xF0,
    0x33, 0x14, 0x1A, 0x3A, 0x1B, 0x1A, 0x97, 0x2E, 0x07, 0x8F, 0x29, 0xFB, 0x30, 0x6B, 0xC8, 0xA6,
    0x94, 0x43, 0x3E, 0xA5, 0xCB, 0x2B, 0xC3, 0x8C, 0xA1, 0x98, 0x32, 0x0C, 0x35, 0x9F, 0x5E, 0x5D,
    0xCB, 0xC1, 0xEF, 0x83, 0x2B, 0x87, 0x62, 0xC4, 0x94, 0xCA, 0x86, 0x7A, 0x28, 0x8E, 0x1C, 0xBA,
    0x72, 0xD0, 0x50, 0x69, 0x68, 0x34, 0xB4, 0x4D, 0xCD, 0xC1, 0x15, 0xEE, 0x0C, 0x4B, 0xD2, 0x9F,
    0x93, 0x28, 0xD7, 0x87, 0x30, 0xB9, 0x54, 0x48, 0x8B, 0xF0, 0xF1, 0xAF, 0x82, 0x2B, 0xA7, 0xC2,
    0x85, 0x0E, 0x18, 0xDD, 0xCF, 0x89, 0xD7, 0xB0, 0x9F, 0xE1, 0x48, 0x58, 0x7A, 0xC2, 0x22, 0x5C,
    0x73, 0x23, 0x21, 0x7C, 0xEB, 0x84, 0xA7, 0x13, 0x4E, 0x6E, 0xA0, 0x0C, 0x81, 0xF7, 0x1F, 0x86,
    0x81, 0x2B, 0xF6, 0x23, 0x61, 0x35, 0x11, 0x16, 0x11, 0x66, 0x0D, 0x21, 0x71, 0x02, 0x62, 0xC5,
    0xFA, 0x58, 0xAC, 0x45, 0x12, 0x86, 0x8C, 0xFB, 0x03, 0x8B, 0x6D, 0x93, 0x21, 0x70, 0x5B, 0x57,
    0x5F, 0xDE, 0xA4, 0xFF, 0x47, 0x04, 0x1F, 0x3E, 0x36, 0x29, 0x26, 0xE0, 0x0E, 0x37, 0xCD, 0xC5,
    0x3B, 0x4A, 0xC7, 0x55, 0x5B, 0x18, 0xDD, 0x61, 0x15, 0xCD, 0xD8, 0xDC, 0x42, 0xC9, 0x01, 0x72,
    0xED, 0x95, 0x22, 0xAA, 0x80, 0xD5, 0xF3, 0x6A, 0xBB, 0xF8, 0x85, 0xE4, 0xF2, 0x8B, 0x64, 0xB2,
    0xB9, 0x83, 0xCF, 0x16, 0xB1, 0x2E, 0x9B, 0xF9, 0x90, 0xAB, 0xBF, 0xBD, 0x9A, 0xC4, 0x4C, 0xC8,
    0x72, 0xE0, 0x43, 0xDC, 0x35, 0xF5, 0x00, 0xF2, 0x69, 0xE7, 0xD4, 0xA7, 0xDA, 0xAF, 0xC3, 0xEC,
    0x10, 0x34, 0x6D, 0xE2, 0x13, 0x62, 0x1A, 0x71, 0x90, 0x3D, 0x0D, 0xB1, 0x0A, 0xB9, 0x16, 0x74,
    0x10, 0xBB, 0x7D, 0xC9, 0xE7, 0xF8, 0x05, 0x92, 0x14, 0x75, 0x78, 0xC8, 0xE8, 0xC5, 0x43, 0xB6,
    0x83, 0x64, 0x8B, 0x7B, 0xA2, 0xAE, 0x68, 0x97, 0xF9, 0xB4, 0xEF, 0xFB, 0xC4, 0x09, 0x63, 0x47,
    0x2A, 0xA1, 0x92, 0x73, 0xD2, 0x8B, 0x2D, 0x90, 0x8A, 0xBE, 0x2B, 0xBC, 0xF4, 0x36, 0xBD, 0x3D,
    0xF4, 0x5D, 0xC6, 0xA1, 0x1D, 0x0A, 0x92, 0x59, 0x4F, 0xED, 0x14, 0xB7, 0xC9, 0xFD, 0x84, 0x8D,
    0x38, 0x2B, 0x21, 0x49, 0x88, 0x32, 0x60, 0xF9, 0x27, 0x0B, 0x86, 0x6A, 0xC9, 0x37, 0xEC, 0xA5,
    0x3E, 0x1E, 0xC2, 0xA7, 0x50, 0xFD, 0xCE, 0x85, 0x3F, 0x89, 0x8B, 0xF5, 0x4B, 0x0D, 0x45, 0x98,
    0x39, 0xA4, 0x78, 0x92, 0x9C, 0xE1, 0x93, 0x20, 0x0B, 0x3F, 0xB6, 0x03, 0x7E, 0x5C, 0x5D, 0x3D,
    0x03, 0x6B, 0x68, 0xA0, 0x41, 0x61, 0x0A, 0x03, 0xD5, 0xAF, 0xAB, 0x27, 0xE8, 0x10, 0x84, 0xE4,
    0x5D, 0xF2, 0x35, 0x57, 0xF5, 0xFB, 0xC7, 0xB8, 0x92, 0x4E, 0xB0, 0x15, 0x07, 0x35, 0x87, 0x3D,
    0x56, 0x1D, 0x4D, 0x18, 0x17, 0x0C, 0xF0, 0x29, 0x65, 0xCA, 0xCB, 0xDF, 0xBA, 0xEC, 0xF7, 0xA7,
    0x94, 0x3E, 0x67, 0xF2, 0x91, 0x06, 0x16, 0x43, 0x0C, 0xC0, 0x03, 0x6C, 0xB0, 0xB2, 0x83, 0xCD,
    0xC3, 0xED, 0x8A, 0xC6, 0x83, 0xDF, 0xB1, 0xD0, 0x61, 0xDE, 0x51, 0x3C, 0x75, 0x71, 0x25, 0x3E,
    0xD9, 0xC1, 0xEA, 0x78, 0x15, 0xB7, 0x2E, 0xFB, 0x9D, 0x64, 0x75, 0x9C, 0x69, 0x94, 0x6D, 0xC4,
    0x40, 0xCA, 0xE7, 0x48, 0x39, 0xA6, 0xE0, 0x26, 0x50, 0xBA, 0x5F, 0x9C, 0xFF, 0xFD, 0xC3, 0x2F,
    0x7E, 0x4A, 0x6D, 0xC7, 0xDE, 0xA1, 0x20, 0x90, 0x6C, 0x82, 0x7F, 0x29, 0xD4, 0xBE, 0x78, 0x86,
    0x67, 0x1E, 0x81, 0x40, 0x67, 0x2E, 0xC7, 0xBD, 0x35, 0x34, 0x27, 0x74, 0x09, 0xDF, 0x0D, 0x4F,
    0xED, 0xE8, 0x23, 0xA9, 0xF7, 0x30, 0x62, 0xF7, 0x37, 0x20, 0xFA, 0x9F, 0xDD, 0x8E, 0x9E, 0x9F,
    0x4B, 0x2F, 0x2A, 0xBD, 0x96, 0xEE, 0x52, 0x43, 0x69, 0x3B, 0xE5, 0x51, 0x0A, 0x2D, 0xCF, 0xD9,
    0x1B, 0x46, 0xAA, 0xF3, 0xC1, 0x4C, 0x80, 0xDA, 0x6F, 0x3E, 0x61, 0xA4, 0x33, 0xB3, 0xA9, 0xF4,
    0xAE, 0x41, 0xA6, 0x72, 0x9A, 0x96, 0x5D, 0x4E, 0xBB, 0xC0, 0xE8, 0xDC, 0x2F, 0x3F, 0x91, 0x2B,
    0xDB, 0xCC, 0x05, 0xC1, 0xEC, 0xC3, 0x4B, 0x68, 0x51, 0xB6, 0xB9, 0x7C, 0x95, 0x2E, 0x41, 0x55,
    0x37, 0x6A, 0x79, 0x1D, 0x64, 0x8D, 0x60, 0x42, 0x7D, 0xEC, 0xE1, 0x91, 0xCA, 0xB1, 0xFF, 0x78,
    0x06, 0xBE, 0x90, 0xC3, 0xF1, 0x4D, 0x21, 0xDD, 0x08, 0xA1, 0xA5, 0x84, 0x30, 0x06, 0xC0, 0x6A,
    0x22, 0x2C, 0x66, 0xC2, 0xCC, 0x13, 0x1E, 0x42, 0x31, 0x61, 0x0F, 0xE1, 0xF3, 0x91, 0x96, 0x79,
    0x3D, 0x82, 0x8A, 0x2A, 0x0C, 0x80, 0x45, 0x18, 0x2A, 0x58, 0x27, 0x7C, 0x3D, 0x04, 0x16, 0xE2,
    0xEA, 0x87, 0xB0, 0xD1, 0x19, 0x8A, 0xAA, 0x48, 0xA1, 0x51, 0x4B, 0xFD, 0xE8, 0x39, 0xEF, 0x2A,
    0xE0, 0xA6, 0x5D, 0xDA, 0xF1, 0xF7, 0xB9, 0x7E, 0xD3, 0xD0, 0x50, 0x57, 0xC9, 0xA5, 0x4B, 0xC1,
    0x84, 0x11, 0xBB, 0xAF, 0xE6, 0x72, 0x72, 0xF9, 0x02, 0x0A, 0x53, 0x5F, 0x0D, 0x66, 0xF0, 0x17,
    0x40, 0xB1, 0xC6, 0x22, 0x8D, 0x33, 0xBE, 0xD2, 0x3E, 0x8D, 0xF9, 0x29, 0x9D, 0x8B, 0xF9, 0x04,
    0x7A, 0x12, 0x9A, 0x6F, 0xC6, 0x9F, 0x4A, 0x79, 0xB3, 0x81, 0xB6, 0xCD, 0x09, 0x44, 0xD1, 0x1F,
    0x2F, 0xD5, 0xC1, 0x3E, 0x20, 0xE8, 0xB1, 0xF9, 0xA1, 0x46, 0xF7, 0xC8, 0x1D, 0x0A, 0xA6, 0x58,
    0x11, 0x3C, 0x10, 0x63, 0x1C, 0x18, 0x0E, 0xB2, 0x28, 0x9E, 0x57, 0xD5, 0x32, 0x11, 0x9F, 0xE4,
    0x2A, 0x5D, 0x4E, 0xF8, 0x41, 0x3F, 0x09, 0xBD, 0xCC, 0x20, 0x98, 0xE6, 0xC9, 0x1F, 0xF5, 0xDE,
    0x1C, 0x9E, 0x3D, 0x4B, 0xAF, 0x27, 0x7F, 0x6E, 0xCA, 0x41, 0x08, 0x7B, 0x04, 0xE4, 0xFF, 0xFA,
    0x0E, 0xE2, 0xC1, 0x5A, 0x60, 0x09, 0xDC, 0x56, 0x06, 0x4A, 0xA8, 0x19, 0x12, 0x4C, 0x65, 0x82,
    0xF9, 0x8D, 0x04, 0xA3, 0x20, 0x05, 0x34, 0x82, 0x5A, 0x25, 0x15, 0xCC, 0x05, 0xCB, 0x6B, 0xB9,
    0xF4, 0xE7, 0xA2, 0x87, 0x2C, 0x4B, 0x57, 0xC2, 0x7C, 0x91, 0x9E, 0x8F, 0x84, 0x72, 0xD7, 0xD8,
    0x08, 0x20, 0xE2, 0x0F, 0x60, 0xA6, 0xB0, 0x63, 0x17, 0x15, 0x65, 0x22, 0xA5, 0x84, 0xFC, 0x4C,
    0x97, 0x70, 0x17, 0xC3, 0x9B, 0x21, 0xD3, 0x0B, 0x2F, 0x50, 0x08, 0x50, 0x3E, 0x8A, 0xFF, 0x06,
    0xB8, 0xFB, 0xF2, 0x04, 0xAA, 0x7F, 0xC1, 0x2E, 0xAB, 0x6B, 0x70, 0x8E, 0x89, 0xC4, 0x50, 0x6F,
    0x8F, 0x02, 0x02, 0xAE, 0x2B, 0x97, 0x87, 0x83, 0x93, 0xE7, 0x97, 0xA0, 0x8D, 0xEB, 0xE1, 0x0C,
    0x12, 0xFE, 0x06, 0x5D, 0x3F, 0x6C, 0x50, 0xF5, 0xD4, 0x93, 0x74, 0x5F, 0xCD, 0x88, 0x0F, 0x74,
    0xD9, 0xC7, 0x54, 0x09, 0x4D, 0x4B, 0xF5, 0x36, 0x67, 0x4D, 0x61, 0x4B, 0xC5, 0x91, 0x9F, 0x0C,
    0x09, 0xF8, 0x3B, 0x01, 0x6D, 0x49, 0xC6, 0x64, 0x47, 0x23, 0xA3, 0x33, 0xBD, 0x77, 0x96, 0x34,
    0xF5, 0x07, 0x24, 0x0D, 0x1B, 0xD3, 0x84, 0x0D, 0xCA, 0x7F, 0x0C, 0xDB, 0xA3, 0x7E, 0x02, 0x0B,
    0x0A, 0x0F, 0xFB, 0x4C, 0x57, 0xC8, 0xFA, 0xB0, 0x85, 0x5D, 0xDE, 0x06, 0xFA, 0x13, 0x80, 0x0F,
    0x4D, 0x36, 0xAA, 0xF4, 0x0A, 0xA1, 0xE6, 0x1E, 0x2A, 0x58, 0xCD, 0x69, 0xF8, 0x8F, 0x30, 0x26,
    0xA2, 0xAA, 0x12, 0x55, 0x30, 0x07, 0x65, 0x4A, 0x67, 0xB0, 0x6B, 0xFD, 0x85, 0xC2, 0x8F, 0xBB,
    0xB2, 0xF4, 0xBB, 0x8F, 0x3D, 0x6C, 0xFB, 0x34, 0xF1, 0x46, 0xFA, 0x5F, 0x4A, 0xEA, 0x67, 0xE3,
    0x68, 0x18, 0x0B, 0x39, 0x6D, 0x3B, 0x4D, 0x5B, 0x76, 0x94, 0xF5, 0x19, 0xE5, 0x3E, 0xF7, 0x60,
    0x0A, 0x4A, 0xFB, 0x84, 0xE6, 0xCD, 0x6E, 0x57, 0xB9, 0xFE, 0xA5, 0x65, 0x2B, 0x98, 0x0D, 0x6D,
    0x87, 0x10, 0x2D, 0x4E, 0xA4, 0xB7, 0xAF, 0x85, 0xCE, 0x34, 0x59, 0xE5, 0x4A, 0xC3, 0x3F, 0x11,
    0x71, 0x1B, 0x19, 0x03, 0x6E, 0x51, 0x0F, 0x66, 0x57, 0x6E, 0xEE, 0x6A, 0xE5, 0xEA, 0x30, 0x07,
    0x6E, 0x26, 0x34, 0x41, 0xE6, 0x20, 0xFF, 0x3D, 0xBC, 0x02, 0x99, 0xF3, 0x75, 0xAD, 0x4C, 0xAF,
    0x5E, 0x68, 0x0E, 0x85, 0xCC, 0x21, 0x35, 0x73, 0x68, 0x45, 0x5B, 0xF2, 0x7B, 0x99, 0xD3, 0xAF,
    0x45, 0xEC, 0x22, 0x53, 0x01, 0xED, 0x10, 0x3C, 0x0C, 0xA8, 0x9E, 0xB0, 0x4C, 0xE1, 0x19, 0xC8,
    0xD7, 0x9E, 0xA2, 0xB8, 0x21, 0xA8, 0x0B, 0x91, 0x51, 0x8C, 0x35, 0xD5, 0x0C, 0x66, 0x85, 0x94,
    0x11, 0x42, 0x9E, 0x53, 0xA9, 0x7A, 0x1F, 0x29, 0xEF, 0x2E, 0x59, 0x99, 0x9F, 0x38, 0x5E, 0x4F,
    0x97, 0xCC, 0x16, 0x03, 0xC9, 0xE7, 0x3D, 0x10, 0xED, 0xE9, 0xFB, 0xCD, 0xCF, 0x65, 0x20, 0x7A,
    0xD3, 0xDC, 0xD7, 0x04, 0x35, 0xF7, 0x01, 0xC1, 0x3F, 0x92, 0x1A, 0xC9, 0x68, 0xA3, 0x5A, 0x8B,
    0x01, 0x08, 0xFE, 0x81, 0xCE, 0x9D, 0xA9, 0x18, 0x19, 0xA5, 0xE4, 0x4B, 0x59, 0x92, 0x32, 0xDE,
    0x96, 0x7B, 0xC9, 0x2C, 0x13, 0x65, 0xD2, 0xAA, 0x89, 0x36, 0x33, 0xD1, 0xD7, 0x72, 0xB3, 0x62,
    0x81, 0xD9, 0xEB, 0x5D, 0x91, 0xF9, 0xBB, 0x3E, 0xB7, 0xE7, 0xCB, 0xCF, 0x2D, 0xBA, 0x27, 0xD5,
    0x5D, 0x45, 0xC2, 0x9D, 0xEB, 0x4A, 0xE5, 0xFA, 0x6D, 0xDF, 0x12, 0xA3, 0x61, 0x66, 0x71, 0xA9,
    0xDB, 0xF7, 0x46, 0xA3, 0xC1, 0x2C, 0xCD, 0x57, 0xDE, 0x28, 0x32, 0x8F, 0xEE, 0xA4, 0xB8, 0x0C,
    0x2C, 0x54, 0x82, 0x2E, 0xA3, 0x9D, 0xC9, 0xE2, 0x64, 0x7B, 0x16, 0x58, 0xBA, 0x9B, 0x81, 0xE5,
    0x6C, 0x62, 0xB5, 0x48, 0x02, 0x86, 0x62, 0xDD, 0xE5, 0x4A, 0x82, 0xCF, 0x66, 0x76, 0x06, 0x87,
    0x2F, 0x5F, 0xD9, 0x73, 0xC2, 0xF0, 0x91, 0xCB, 0xB0, 0xFC, 0x0E, 0xF4, 0xDF, 0xC4, 0xD2, 0xFE,
    0xDD, 0x61, 0x5B, 0xBE, 0x9B, 0xCA, 0x0A, 0xB8, 0xDB, 0x97, 0x66, 0x5C, 0x14, 0xD5, 0x60, 0x4B,
    0x63, 0x55, 0x59, 0xA9, 0x02, 0xFD, 0x21, 0xBC, 0x80, 0x63, 0xAE, 0x06, 0xBA, 0x1E, 0x94, 0x73,
    0x0D, 0x2D, 0x09, 0xD0, 0xC1, 0x07, 0xC1, 0x47, 0x3D, 0x4D, 0x98, 0xD5, 0x97, 0x83, 0x87, 0xF7,
    0x82, 0x13, 0xC7, 0xE8, 0xEF, 0x18, 0xCB, 0x38, 0x56, 0x1D, 0x46, 0x68, 0x67, 0xEB, 0x9E, 0x1E,
    0x42, 0x1E, 0x3E, 0xE5, 0x37, 0x73, 0x35, 0x75, 0x53, 0x87, 0x2F, 0x40, 0x10, 0xCA, 0xB3, 0x95,
    0x49, 0x9D, 0xB9, 0xEE, 0xE8, 0x2D, 0xDC, 0xC9, 0x27, 0x88, 0xCE, 0xCC, 0xB6, 0xF1, 0x32, 0xC4,
    0xF4, 0xDD, 0x6E, 0xB5, 0x31, 0xB9, 0x4F, 0xE4, 0x37, 0x1C, 0x53, 0x0A, 0x79, 0xFF, 0x70, 0x39,
    0x54, 0xC1, 0xE2, 0x9D, 0xE9, 0x4F, 0xFD, 0x44, 0x12, 0xEB, 0x3F, 0xB6, 0xE8, 0xA5, 0x35, 0x93,
    0x4D, 0x3C, 0x4B, 0x7D, 0xE4, 0xB3, 0x89, 0x67, 0x11, 0xFF, 0x0B, 0xCB, 0xCD, 0x2D, 0x24, 0xD1,
    0x19, 0xB6, 0x96, 0x7F, 0x29, 0x05, 0x1B, 0xE4, 0xCA, 0xA8, 0xF5, 0x8A, 0x67, 0x0A, 0x68, 0xDC,
    0xDB, 0x22, 0x12, 0xA3, 0xBF, 0x00, 0x8D, 0x44, 0x7F, 0xD8, 0x6C, 0x83, 0xC1, 0x5C, 0x65, 0x68,
    0xE4, 0x05, 0x7B, 0x45, 0x5E, 0x60, 0x93, 0x27, 0xAC, 0x47, 0x4C, 0x7F, 0x61, 0xAA, 0x3C, 0x38,
    0x0B, 0x78, 0xAC, 0xD4, 0x54, 0x2D, 0x64, 0xE4, 0x36, 0xD1, 0xC8, 0x6D, 0x5C, 0x40, 0xFD, 0x72,
    0xD0, 0x5D, 0x71, 0x1C, 0x65, 0x87, 0x9E, 0x1D, 0x77, 0x0C, 0x22, 0x45, 0x15, 0xB7, 0x3D, 0x65,
    0x6E, 0x6F, 0xB8, 0xC3, 0xED, 0x9D, 0x7E, 0xD7, 0x1C, 0xCE, 0xB7, 0x67, 0x77, 0x6C, 0xDB, 0x59,
    0xF5, 0x1E, 0x7C, 0x2D, 0x11, 0x31, 0x24, 0x97, 0xBA, 0xD1, 0x23, 0x43, 0x1B, 0x28, 0xC7, 0x7E,
    0x62, 0x0E, 0x84, 0xB8, 0x36, 0x93, 0x20, 0xC6, 0x8F, 0xC3, 0xD1, 0xB2, 0x0D, 0x79, 0x2B, 0x16,
    0x6C, 0xEF, 0x90, 0xAC, 0xDB, 0x53, 0xED, 0x70, 0xCE, 0x5D, 0x98, 0x86, 0x24, 0xA3, 0xAD, 0xC2,
    0x15, 0x0B, 0x4F, 0x6D, 0x6E, 0xE9, 0x38, 0x9F, 0x04, 0x26, 0x9D, 0xA4, 0xEA, 0x60, 0x35, 0xDE,
    0x83, 0x2F, 0xC5, 0xD5, 0xC7, 0xC6, 0xDB, 0xE6, 0xC4, 0xDB, 0x1F, 0xBF, 0xCA, 0x99, 0x0B, 0x3E,
    0x94, 0x93, 0xC9, 0x3D, 0xC8, 0x54, 0xE5, 0x5D, 0x17, 0x79, 0x61, 0x83, 0xFE, 0x35, 0x70, 0x39,
    0xCF, 0xB4, 0xA7, 0x0C, 0x83, 0x61, 0x33, 0xCC, 0x5A, 0x45, 0x2B, 0xFE, 0xF8, 0x92, 0xB7, 0x46,
    0x55, 0xA4, 0xF0, 0x22, 0x24, 0x87, 0x1B, 0x49, 0xC7, 0x77, 0x83, 0x28, 0xAE, 0x1D, 0xBC, 0xE5,
    0xB3, 0x37, 0x52, 0x01, 0xFB, 0x6D, 0xBA, 0x00, 0x6F, 0x8B, 0xEF, 0x9D, 0x9F, 0xBD, 0x03, 0x20,
    0xEE, 0x7C, 0x6D, 0x7E, 0x21, 0x7A, 0x31, 0x79, 0x01, 0xAA, 0xDD, 0x51, 0x7E, 0x0C, 0x29, 0xB0,
    0xA9, 0x81, 0xE2, 0x23, 0x9C, 0x13, 0x55, 0x2F, 0x19, 0xA3, 0xB6, 0x44, 0xD5, 0x89, 0x7A, 0xB4,
    0x63, 0x7C, 0xDD, 0xC0, 0x0C, 0xED, 0xD6, 0x20, 0x3B, 0x6D, 0xAC, 0x61, 0x61, 0x56, 0x1B, 0x93,
    0x18, 0x25, 0xC4, 0x41, 0xCD, 0x01, 0x76, 0x67, 0x56, 0x06, 0x8F, 0x41, 0xCA, 0x48, 0xB2, 0x40,
    0xE0, 0x17, 0xA6, 0x8E, 0xC5, 0x20, 0x8B, 0x61, 0xF2, 0xF9, 0xE0, 0xAB, 0xB8, 0x5E, 0x31, 0xBD,
    0x07, 0x78, 0x2B, 0x4F, 0x7E, 0x6F, 0x98, 0xCF, 0xF8, 0x55, 0xB0, 0x7C, 0xEF, 0x12, 0xEC, 0xA2,
    0xF6, 0x71, 0xD1, 0xF5, 0xFD, 0x20, 0xE0, 0xC3, 0x68, 0x6D, 0x3B, 0x40, 0x22, 0xDE, 0xC1, 0xC7,
    0xC2, 0xED, 0x22, 0xBA, 0x41, 0x18, 0xFD, 0xCA, 0xD4, 0x6A, 0x66, 0xC0, 0x1E, 0xA2, 0x7B, 0x90,
    0xF0, 0xD4, 0x8F, 0x91, 0x2F, 0xB7, 0x4E, 0x8D, 0x1C, 0x30, 0x9D, 0xB1, 0xC2, 0x64, 0x60, 0xC9,
    0xCA, 0xA0, 0x36, 0xAB, 0xC1, 0x49, 0xE7, 0x9F, 0x28, 0x41, 0x55, 0x6E, 0x16, 0xAC, 0x81, 0x54,
    0x7B, 0x53, 0x7E, 0x83, 0xBC, 0xEB, 0x59, 0xFC, 0x85, 0x99, 0x91, 0x5D, 0xD9, 0x21, 0x42, 0x06,
    0x43, 0xD5, 0x8E, 0xD3, 0xF0, 0xC7, 0xB5, 0xE8, 0xBC, 0xF7, 0xD5, 0x8D, 0x12, 0xAC, 0x20, 0x45,
    0x3F, 0x8A, 0x67, 0xDF, 0xDF, 0x8E, 0xBE, 0x17, 0xB8, 0xE1, 0x9B, 0x16, 0x45, 0x56, 0x39, 0x8B,
    0x38, 0xF4, 0x16, 0x25, 0xC2, 0x89, 0x01, 0x0A, 0x5A, 0x81, 0x79, 0x2E, 0x5C, 0x64, 0x50, 0x32,
    0xA4, 0x21, 0x5F, 0x42, 0x80, 0x85, 0x52, 0xBB, 0x54, 0xF9, 0x69, 0xA8, 0x10, 0x01, 0x11, 0x2D,
    0x21, 0xB0, 0x80, 0x58, 0x16, 0x07, 0x64, 0xE8, 0x21, 0xD9, 0xA4, 0x3C, 0x0A, 0x79, 0x1C, 0xF8,
    0x7F, 0x48, 0xE0, 0x33, 0x3A, 0x3A, 0x57, 0x3F, 0xB3, 0xE1, 0x5F, 0x19, 0xF8, 0x54, 0x81, 0x62,
    0x28, 0x14, 0xFA, 0x20, 0x65, 0x7A, 0x57, 0x1A, 0x24, 0x87, 0xD4, 0x06, 0xF1, 0x3D, 0x28, 0xAD,
    0x56, 0x04, 0xC3, 0xEA, 0x8B, 0xA0, 0x17, 0xDC, 0x4C, 0xE9, 0x05, 0x7B, 0x26, 0x26, 0x41, 0x55,
    0x69, 0x24, 0xD7, 0xA8, 0xCD, 0xAC, 0x23, 0xC2, 0xFA, 0x35, 0xB0, 0x68, 0xBE, 0xD1, 0x17, 0xA9,
    0x8F, 0x84, 0xE5, 0x45, 0x77, 0x24, 0xB5, 0xEE, 0xC8, 0x26, 0xA3, 0x0A, 0x82, 0xFD, 0xE7, 0x84,
    0xA8, 0x95, 0x29, 0xF7, 0xEB, 0x49, 0x2D, 0xC1, 0x49, 0xC1, 0x61, 0xB2, 0xBE, 0x20, 0x79, 0x67,
    0xC6, 0x4C, 0x2A, 0x3F, 0xF8, 0xEA, 0x86, 0xFB, 0xB3, 0xCE, 0xB4, 0xFA, 0x39, 0x47, 0xD7, 0xAA,
    0xA1, 0xA3, 0x8E, 0xCE, 0xA2, 0xE4, 0xC9, 0xBC, 0x52, 0x17, 0x0D, 0xC2, 0x3C, 0xD6, 0x51, 0xFE,
    0xAB, 0x1C, 0x83, 0x3B, 0x99, 0xF7, 0xFD, 0x86, 0xF8, 0x9C, 0x7A, 0x07, 0xD5, 0x31, 0xE2, 0x54,
    0x0A, 0xD3, 0x0E, 0x31, 0xA1, 0x61, 0x69, 0x02, 0x3B, 0x48, 0x41, 0x56, 0x49, 0x1D, 0x7F, 0xF1,
    0x80, 0x44, 0xD7, 0x96, 0xB9, 0x67, 0xC1, 0x72, 0xB5, 0xAB, 0x18, 0xE1, 0xBE, 0x95, 0x6A, 0x74,
    0xD1, 0x59, 0x25, 0xBD, 0x57, 0x86, 0x23, 0x6D, 0x7F, 0x4D, 0xA9, 0xA4, 0x1B, 0x29, 0x0B, 0xA9,
    0x2B, 0x7F, 0xF2, 0x74, 0x83, 0xB2, 0xAD, 0x77, 0x54, 0xE6, 0xDF, 0xC7, 0xA8, 0xF2, 0x55, 0xEC,
    0x90, 0x8B, 0xAF, 0x3B, 0x63, 0x75, 0x88, 0xA0, 0xC4, 0xFC, 0xA8, 0x0E, 0x36, 0x2D, 0x9C, 0x3B,
    0x8C, 0xCC, 0x8D, 0xDC, 0x6D, 0x4E, 0x4E, 0x27, 0x46, 0x04, 0x17, 0x19, 0xE5, 0x22, 0xDF, 0xEE,
    0x1A, 0xFF, 0x3A, 0x8E, 0xAD, 0x8D, 0x09, 0x7C, 0x82, 0xB9, 0x99, 0xD9, 0xC6, 0x8A, 0x1D, 0x13,
    0xE0, 0xC9, 0xC3, 0xAF, 0x14, 0xBD, 0x0E, 0x24, 0x44, 0x1D, 0x1A, 0x70, 0xB2, 0x54, 0xC2, 0xD5,
    0x89, 0x8E, 0x8C, 0x6D, 0x50, 0x55, 0x5F, 0x6C, 0xDC, 0x1C, 0xAD, 0xD7, 0xD0, 0x22, 0xFB, 0xA1,
    0x06, 0x73, 0x1F, 0x9F, 0xA9, 0x57, 0x4A, 0x0E, 0x0D, 0x16, 0x3D, 0xF7, 0x4A, 0xEF, 0x2F, 0x4C,
    0x06, 0x26, 0x84, 0x53, 0x36, 0xC4, 0x6E, 0x51, 0x50, 0xE8, 0x14, 0xBF, 0x6F, 0x65, 0x9A, 0x17,
    0xD0, 0xEE, 0xA6, 0xCA, 0x3D, 0xAF, 0x2C, 0x8B, 0x99, 0xCF, 0x79, 0xEB, 0xA2, 0x59, 0xEA, 0x59,
    0xC9, 0xE9, 0x21, 0x1B, 0x54, 0xC3, 0xC7, 0xAB, 0xA3, 0xAE, 0x40, 0x40, 0xBF, 0x19, 0xD4, 0x01,
    0x38, 0xB9, 0xBE, 0x42, 0x92, 0xCC, 0xD7, 0xB3, 0xEB, 0x53, 0x1D, 0xF4, 0x6A, 0x8F, 0x6C, 0x56,
    0x8F, 0x6C, 0x65, 0xAD, 0x94, 0x99, 0x8E, 0xF7, 0x52, 0xF1, 0x9F, 0x9D, 0x3A, 0x5A, 0x17, 0x50,
    0x49, 0x7E, 0xB9, 0x35, 0xA7, 0xEE, 0xE7, 0xC1, 0xBC, 0x53, 0xAB, 0xAC, 0xF0, 0x60, 0x3A, 0xF9,
    0xC0, 0xDA, 0x66, 0xB9, 0x15, 0x08, 0x74, 0xEA, 0xB1, 0x9D, 0x71, 0x6A, 0x26, 0x3D, 0x6C, 0x74,
    0x5A, 0x31, 0x50, 0xB0, 0x5C, 0x11, 0xC6, 0xAD, 0x3E, 0x74, 0x1A, 0xB6, 0x78, 0x0E, 0xB3, 0x88,
    0xC2, 0x2E, 0x36, 0x79, 0xEE, 0xEA, 0x5B, 0xDD, 0x41, 0xDD, 0xFF, 0x2B, 0xFC, 0xAB, 0xEE, 0x3D,
    0xE6, 0x1F, 0x6F, 0x09, 0xD9, 0xA1, 0x2A, 0x46, 0xB6, 0x60, 0xAA, 0x51, 0x4D, 0xEA, 0x41, 0x5A,
    0x32, 0x98, 0x4C, 0xF3, 0xF0, 0x67, 0x08, 0x29, 0xB1, 0x62, 0xB5, 0x3A, 0x73, 0x95, 0x25, 0x52,
    0xA2, 0x56, 0x90, 0xFA, 0xA2, 0xA3, 0xE5, 0x78, 0x93, 0x0A, 0x46, 0xB5, 0xBD, 0x17, 0x19, 0x05,
    0xB2, 0x30, 0x56, 0x90, 0xEC, 0x9E, 0x7A, 0x55, 0x6C, 0xB4, 0x10, 0x94, 0xD8, 0x74, 0xF6, 0xAD,
    0xB5, 0x51, 0xD5, 0xFC, 0xE9, 0x54, 0xD1, 0xB5, 0x43, 0x62, 0xA9, 0x88, 0xAA, 0xBD, 0x7A, 0x54,
    0xED, 0x57, 0x4E, 0xD6, 0xB1, 0x9A, 0x72, 0x6B, 0xFE, 0x4A, 0x0F, 0xD8, 0xDD, 0x76, 0x7B, 0x45,
    0x83, 0x7A, 0x4B, 0x6C, 0x4C, 0x82, 0x71, 0x33, 0xA8, 0x39, 0x06, 0x03, 0x8D, 0x75, 0xA9, 0xB5,
    0x4F, 0xAC, 0x5C, 0xAA, 0x2C, 0x95, 0x2E, 0xBD, 0x35, 0xBC, 0x52, 0x69, 0x7A, 0x1B, 0xBF, 0xCC,
    0xA0, 0x2C, 0xA3, 0xC7, 0x64, 0xC3, 0x28, 0x07, 0x51, 0xD5, 0x84, 0x2D, 0x15, 0xEC, 0xC0, 0x8F,
    0x65, 0xFC, 0x72, 0xC4, 0x96, 0xCA, 0x3F, 0x1E, 0x19, 0x59, 0x16, 0x57, 0x3D, 0x1F, 0x81, 0x05,
    0x9E, 0x88, 0x2D, 0xD6, 0xC0, 0x73, 0xA9, 0xFA, 0x77, 0x2C, 0x4E, 0x19, 0x2E, 0x3F, 0xA2, 0x19,
    0x61, 0xBB, 0x6D, 0x3A, 0x1F, 0x18, 0xE4, 0x5C, 0x9F, 0x2E, 0x29, 0x59, 0xE9, 0xB6, 0x03, 0xAB,
    0x75, 0xDC, 0x5D, 0x13, 0x95, 0xB7, 0xE1, 0x91, 0x77, 0x2B, 0x37, 0xD9, 0x7F, 0xEA, 0x9D, 0xCA,
    0xDF, 0xF6, 0xD9, 0xE2, 0x7A, 0x66, 0xB0, 0xF5, 0xB3, 0xD9, 0xB5, 0x6A, 0xD3, 0xFE, 0x61, 0x72,
    0x35, 0x0D, 0xA1, 0xFA, 0x77, 0x7C, 0xB9, 0xC2, 0xAE, 0xCB, 0x97, 0xF8, 0xC2, 0x5C, 0xA6, 0x60,
    0xBB, 0x54, 0xE7, 0x96, 0x41, 0x7D, 0x7D, 0xB3, 0x9E, 0xC2, 0xDA, 0x3B, 0xFC, 0xD2, 0xD0, 0x82,
    0xD9, 0x3A, 0x51, 0xB9, 0xDE, 0x50, 0xAC, 0x7B, 0x63, 0x83, 0x4E, 0x20, 0x0D, 0x7B, 0xAC, 0xA2,
    0x2B, 0x95, 0x73, 0x18, 0x74, 0x1F, 0x4C, 0x20, 0xB6, 0x6A, 0x4E, 0xD4, 0x0F, 0xF1, 0xA9, 0x21,
    0x50, 0x62, 0x95, 0x84, 0x27, 0xB3, 0x31, 0x79, 0xBC, 0x28, 0xE8, 0x63, 0x95, 0x9F, 0xBF, 0x52,
    0xFA, 0xC7, 0x7B, 0x71, 0x66, 0x78, 0x32, 0x9D, 0xB1, 0xE4, 0x5E, 0x5D, 0x82, 0x72, 0xD9, 0xDB,
    0x1E, 0x72, 0x53, 0x5A, 0x9D, 0xBF, 0x94, 0xB3, 0xF4, 0x85, 0x45, 0x84, 0xD1, 0x59, 0x29, 0xA9,
    0xEF, 0xE4, 0x16, 0xFA, 0xA3, 0xB5, 0xF9, 0x3B, 0xB2, 0x07, 0x94, 0x2B, 0xE2, 0xAD, 0x6A, 0x0E,
    0xE3, 0xEB, 0xC1, 0x3A, 0x00, 0x0A, 0x0A, 0xA3, 0x74, 0x4D, 0xBD, 0x02, 0x3B, 0xD5, 0x2B, 0x26,
    0xE9, 0x59, 0xBE, 0xA8, 0x93, 0x9C, 0x7A, 0xEB, 0xD2, 0x58, 0xFF, 0xC1, 0x85, 0xAB, 0xCB, 0x1D,
    0x55, 0xD6, 0xA6, 0xDF, 0x37, 0x66, 0xDA, 0x93, 0xBE, 0xBF, 0x41, 0x67, 0xE5, 0xC3, 0x25, 0x74,
    0x7B, 0x97, 0xCE, 0x5A, 0x2E, 0xB6, 0x64, 0xA9, 0xCE, 0x59, 0x3D, 0xDE, 0xB8, 0xA9, 0xF3, 0x0D,
    0x6B, 0xE6, 0x46, 0xFF, 0x1A, 0x6F, 0x36, 0xA7, 0x06, 0x8C, 0xF8, 0xBC, 0xDF, 0x3C, 0xEA, 0x66,
    0xA7, 0xBE, 0xEE, 0xCD, 0x9B, 0x3A, 0x13, 0xB9, 0xBB, 0xCB, 0x6F, 0xA7, 0x19, 0xF1, 0x72, 0xEE,
    0x07, 0xB9, 0x76, 0xFC, 0x75, 0x67, 0x4E, 0x91, 0x67, 0x3B, 0x3C, 0x27, 0xA0, 0x50, 0xB2, 0xD9,
    0xB8, 0x15, 0x8F, 0xA3, 0xCD, 0x57, 0xF2, 0xCC, 0x4D, 0x13, 0x87, 0xF3, 0xC4, 0xFC, 0x62, 0x62,
    0xB2, 0x4F, 0xEC, 0xED, 0xAC, 0x5D, 0x93, 0xD9, 0x90, 0xD6, 0xC4, 0xC9, 0x0E, 0x93, 0x98, 0xFE,
    0x0E, 0x76, 0xC5, 0x46, 0xD2, 0xFB, 0xBE, 0xCE, 0xF8, 0x93, 0x75, 0x3F, 0xFC, 0xC9, 0xA4, 0x84,
    0xB2, 0x2D, 0x1A, 0x85, 0xCE, 0x67, 0xFA, 0x8F, 0x68, 0x78, 0x20, 0xFE, 0xB0, 0x82, 0x72, 0xF5,
    0x8E, 0xB0, 0x9B, 0xB6, 0xD3, 0x29, 0x0C, 0x98, 0x51, 0x8E, 0x4A, 0x7B, 0xFB, 0x78, 0x08, 0xF6,
    0xCA, 0xE9, 0xD5, 0xCF, 0x1C, 0xC3, 0x34, 0x3C, 0xD2, 0x98, 0xCE, 0xEE, 0x21, 0xA5, 0xBC, 0xF7,
    0xBB, 0x10, 0x99, 0x1F, 0xE8, 0xA4, 0xAF, 0x1D, 0x1E, 0x5A, 0x83, 0xCC, 0xCE, 0x10, 0xE8, 0x49,
    0x78, 0x4C, 0x85, 0xB2, 0x6B, 0x62, 0x97, 0x6C, 0x2A, 0xC2, 0x8B, 0x8F, 0xA7, 0x9A, 0x47, 0x3F,
    0x96, 0x63, 0xC7, 0x2E, 0x89, 0x2A, 0x9C, 0x76, 0x62, 0x01, 0x3D, 0xB5, 0x88, 0xAF, 0x13, 0x42,
    0xC0, 0x37, 0x73, 0x16, 0x36, 0x88, 0xE4, 0xC3, 0x4F, 0xEE, 0x97, 0xDD, 0x31, 0x69, 0x0B, 0x25,
    0x1B, 0x20, 0x3C, 0x35, 0x0C, 0x1B, 0x6A, 0x71, 0x68, 0x55, 0x3D, 0x06, 0xA5, 0xF1, 0x1D, 0x6B,
    0x8F, 0xD8, 0xAB, 0x51, 0xDB, 0xE6, 0x35, 0xA0, 0x61, 0x23, 0x07, 0x4F, 0xCC, 0xF4, 0x76, 0xAC,
    0x10, 0xFA, 0xE3, 0x16, 0xAE, 0x43, 0xB7, 0xD6, 0x88, 0x4F, 0x3E, 0x57, 0xBA, 0xC8, 0xCE, 0x63,
    0xCE, 0xED, 0xF7, 0x71, 0xFB, 0x4D, 0xB1, 0xFD, 0x6D, 0x60, 0x4A, 0xAC, 0xD0, 0xF6, 0x23, 0x3B,
    0x6D, 0x53, 0x52, 0xF8, 0xDD, 0x34, 0x2B, 0x80, 0x58, 0x32, 0x89, 0x2A, 0xE3, 0x31, 0xCC, 0xA4,
    0x3D, 0xF2, 0x34, 0xA1, 0x4B, 0x94, 0xB2, 0xD4, 0x5C, 0xCD, 0x8E, 0x91, 0x6E, 0x9D, 0x50, 0xDE,
    0x02, 0xE5, 0x46, 0x61, 0x86, 0x3F, 0xF1, 0x95, 0x8B, 0x97, 0xBE, 0xC0, 0xF6, 0x79, 0xB8, 0x50,
    0xDB, 0x01, 0x15, 0x16, 0xCA, 0xFD, 0x1B, 0x76, 0x4E, 0x00, 0x9A, 0x33, 0x1E, 0x60, 0x14, 0x1E,
    0x04, 0x55, 0x1E, 0xEE, 0xA0, 0x5F, 0xF3, 0x70, 0xBD, 0xAD, 0x10, 0xDE, 0x7F, 0x6E, 0x6C, 0x6D,
    0x04, 0x6B, 0x47, 0xC7, 0xED, 0xAF, 0xEA, 0x7D, 0x36, 0xF9, 0xF6, 0xA8, 0x3F, 0x62, 0xFB, 0x25,
    0xF3, 0xA5, 0x6C, 0x81, 0xC9, 0x1C, 0x3C, 0x34, 0x28, 0x59, 0xD5, 0xAA, 0x0C, 0xB7, 0x4E, 0x40,
    0xF7, 0xED, 0xBB, 0x8B, 0xED, 0x27, 0xF4, 0x2F, 0x08, 0xC2, 0x3C, 0xA0, 0x55, 0x47, 0x1D, 0x4A,
    0xCB, 0xAD, 0xFD, 0xDA, 0x7A, 0x37, 0x28, 0xB0, 0x83, 0xC7, 0x9E, 0x52, 0x29, 0xED, 0xE9, 0x52,
    0x51, 0xCA, 0xEB, 0xF2, 0xC7, 0xFB, 0x5F, 0x3C, 0x7C, 0x20, 0x92, 0x7F, 0xF3, 0xA8, 0x55, 0xFE,
    0xFB, 0x9D, 0xB9, 0xD6, 0x59, 0xC7, 0xBF, 0xB0, 0x67, 0x85, 0x05, 0xF8, 0xFE, 0x87, 0x98, 0xFF,
    0x10, 0x25, 0x73, 0x16, 0xD4, 0x27, 0xE0, 0x90, 0xCA, 0x49, 0xE4, 0x93, 0xFD, 0x94, 0xEE, 0xE9,
    0xB3, 0x83, 0x45, 0x7D, 0x7B, 0xD1, 0x92, 0xBA, 0x8F, 0xB6, 0x57, 0x27, 0x6D, 0x5F, 0x61, 0xEB,
    0x2C, 0x7A, 0x3B, 0x36, 0xA0, 0x06, 0x95, 0x28, 0xC1, 0xBD, 0x0F, 0x90, 0x4E, 0x85, 0xE7, 0x5F,
    0x3A, 0x9D, 0xCE, 0x5C, 0x3C, 0xFF, 0xD2, 0x7B, 0xFC, 0xF1, 0x8C, 0xCE, 0x82, 0x6A, 0xA1, 0xEF,
    0xA7, 0xCF, 0xBB, 0x09, 0xEB, 0xC6, 0x85, 0x68, 0x7A, 0x35, 0xF7, 0x61, 0x42, 0x81, 0xD4, 0xAF,
    0xF7, 0xAB, 0xFF, 0x54, 0xC0, 0x64, 0xDE, 0x8E, 0xA1, 0x59, 0xAF, 0xB3, 0x62, 0x69, 0x5C, 0x50,
    0x9A, 0xC4, 0xF0, 0xC6, 0x6A, 0x1F, 0x1C, 0x65, 0x76, 0xA0, 0x14, 0x81, 0x61, 0xC9, 0x2A, 0x9B,
    0x67, 0x9C, 0xF2, 0x48, 0x41, 0x44, 0xE5, 0x0B, 0x43, 0xBC, 0x61, 0xC9, 0xBD, 0x25, 0x60, 0x21,
    0x76, 0xD0, 0xD9, 0x4C, 0x7F, 0xCB, 0xBF, 0x26, 0x2C, 0xED, 0x52, 0x2E, 0xD0, 0x6F, 0x58, 0xFE,
    0xEC, 0x7C, 0x15, 0x96, 0x02, 0x0E, 0x60, 0x83, 0x81, 0xD5, 0x0C, 0x57, 0x2F, 0x50, 0xC8, 0xC0,
    0xC1, 0x50, 0xE4, 0x0B, 0xA8, 0xB6, 0xBE, 0x67, 0x35, 0xB2, 0xC1, 0x75, 0x8C, 0x0E, 0x74, 0x30,
    0x6F, 0xFA, 0x7F, 0x32, 0x7A, 0x2A, 0x9F, 0xA7, 0xF2, 0x6D, 0x3F, 0xAC, 0xF2, 0xA9, 0xC8, 0x95,
    0x9B, 0xD1, 0x8B, 0x50, 0xC5, 0xF6, 0x28, 0x8C, 0xC8, 0xCD, 0x2A, 0x26, 0xD0, 0xB9, 0x6F, 0x3B,
    0x73, 0xD8, 0x3A, 0x11, 0xBF, 0xEB, 0xB4, 0x15, 0xBF, 0xF1, 0xAE, 0xE6, 0xE9, 0x09, 0x9E, 0xB6,
    0xCE, 0xC2, 0x22, 0x7C, 0xC2, 0xAC, 0x35, 0xB4, 0xA3, 0x95, 0xC1, 0x63, 0x43, 0x99, 0xD8, 0xBC,
    0x2E, 0x78, 0xBC, 0xC9, 0x19, 0x68, 0x9E, 0x9E, 0xD0, 0xB3, 0xC2, 0xD2, 0x13, 0x9F, 0x0C, 0x55,
    0x26, 0x7B, 0x8F, 0x96, 0xB7, 0x7C, 0x12, 0x77, 0x30, 0x2A, 0x1B, 0x0D, 0x7F, 0x66, 0x07, 0x02,
    0xF2, 0xF7, 0x6A, 0x40, 0xD4, 0xF6, 0x1E, 0x1C, 0x53, 0x2A, 0xF9, 0x1D, 0x17, 0xCF, 0x80, 0xDE,
    0x62, 0x90, 0x97, 0x57, 0xB2, 0x4A, 0x2C, 0xF2, 0xF4, 0x4A, 0xFD, 0x7A, 0xBD, 0x44, 0x77, 0xCD,
    0x85, 0xE0, 0xD6, 0xFF, 0x4B, 0x6F, 0xBF, 0x85, 0xCF, 0xBC, 0x8E, 0x52, 0x6E, 0xE4, 0x94, 0x6B,
    0x3C, 0xAD, 0x7B, 0xD4, 0xB8, 0xD3, 0x3B, 0x28, 0x76, 0xD4, 0xCB, 0xA2, 0xB8, 0x89, 0x76, 0xEE,
    0x13, 0xBF, 0x16, 0x7E, 0x6B, 0x3D, 0x79, 0x30, 0x33, 0x2F, 0xA4, 0xAF, 0x6B, 0xEE, 0x9B, 0xAC,
    0xE9, 0x18, 0xEF, 0x40, 0xFB, 0x2B, 0x18, 0x0F, 0xAB, 0x17, 0xD0, 0x33, 0xC8, 0xB1, 0xE7, 0x7B,
    0x9B, 0x7F, 0x79, 0x0A, 0x1C, 0xB1, 0xD8, 0xCF, 0xE3, 0x39, 0xCA, 0xAA, 0xE2, 0x5E, 0xA7, 0xE3,
    0xA7, 0x09, 0x28, 0xEA, 0xF8, 0x6E, 0x09, 0x36, 0x8C, 0xF4, 0x66, 0x46, 0x48, 0xE7, 0xBB, 0x1A,
    0x7C, 0xB9, 0x4E, 0x47, 0x58, 0x31, 0xC8, 0xDE, 0x70, 0x2F, 0xEF, 0x12, 0x59, 0xD8, 0x20, 0x60,
    0x9C, 0x72, 0xAD, 0x7F, 0x3F, 0x06, 0x10, 0xDD, 0x09, 0x8F, 0x8F, 0xE0, 0x19, 0x86, 0x1E, 0xD9,
    0xC1, 0x50, 0x6F, 0x70, 0x50, 0x65, 0x08, 0xD5, 0x90, 0x85, 0xA5, 0x1C, 0x94, 0x8D, 0xB0, 0x85,
    0x32, 0xF7, 0xDC, 0x23, 0x32, 0x50, 0xA5, 0x70, 0x15, 0x93, 0xB9, 0x9A, 0x2F, 0xC1, 0x2A, 0xB7,
    0xEB, 0x99, 0xDC, 0xC2, 0x4D, 0x2D, 0x4A, 0xFA, 0x90, 0xB7, 0x26, 0x2B, 0x45, 0xC9, 0xFC, 0xCA,
    0xF5, 0xCC, 0x52, 0x5B, 0x1E, 0x8E, 0xD6, 0x5F, 0x1C, 0xD9, 0x94, 0x1C, 0xAC, 0xDB, 0x64, 0x25,
    0x5D, 0x7E, 0x7A, 0x0D, 0xC1, 0x34, 0x48, 0x08, 0xF4, 0x92, 0x56, 0x0A, 0x0B, 0x4C, 0x89, 0x13,
    0x51, 0x02, 0x39, 0xC0, 0x5C, 0x83, 0xA0, 0xA1, 0x98, 0xAA, 0xA1, 0xF8, 0x23, 0x86, 0x62, 0x2C,
    0x9E, 0x63, 0x79, 0x7C, 0xF9, 0x66, 0xAC, 0x86, 0x7C, 0xAA, 0x7E, 0x8B, 0xE4, 0x20, 0x9B, 0xEA,
    0xBF, 0x03, 0x89, 0x78, 0x24, 0x9D, 0x6B, 0x94, 0xAF, 0xED, 0x61, 0x01, 0x2A, 0xFF, 0xD4, 0x91,
    0x5F, 0xDE, 0x3B, 0x8F, 0x75, 0x36, 0xEF, 0x9E, 0x52, 0x49, 0x17, 0x70, 0x91, 0x2F, 0x91, 0xF2,
    0x65, 0x0C, 0xD6, 0x0E, 0xF5, 0xAC, 0x81, 0xC5, 0x3F, 0xBC, 0x74, 0x69, 0x6F, 0xD0, 0x15, 0x3A,
    0x9C, 0x2D, 0x16, 0xFD, 0x82, 0x4A, 0x16, 0x4B, 0x40, 0x00, 0xCD, 0x21, 0xB0, 0x70, 0x09, 0x1F,
    0x51, 0xBD, 0x9F, 0xCF, 0xDC, 0xCE, 0x18, 0x33, 0xE1, 0xD4, 0xCA, 0x54, 0x67, 0x8D, 0x34, 0xFC,
    0xC6, 0x77, 0xE6, 0xF8, 0xFA, 0x52, 0xFF, 0x0D, 0xB7, 0x67, 0x95, 0x5D, 0x60, 0x70, 0xE9, 0x99,
    0xD0, 0xD5, 0x23, 0x14, 0x4E, 0x1E, 0x20, 0xF3, 0xCA, 0x58, 0xE5, 0x00, 0x6B, 0x2A, 0x52, 0x39,
    0xF2, 0x14, 0x9B, 0x69, 0x33, 0xF8, 0xD7, 0x76, 0xE0, 0x64, 0x6F, 0xF9, 0x34, 0xB8, 0x8B, 0xFA,
    0x7B, 0x65, 0x71, 0xA0, 0xC8, 0xDF, 0x33, 0x93, 0xAE, 0xFF, 0x9E, 0xFC, 0xFD, 0x9C, 0xC4, 0x3F,
    0x27, 0x2D, 0xD7, 0xB1, 0x90, 0x56, 0xFD, 0xEF, 0x62, 0xC9, 0xBB, 0xBF, 0x6F, 0xA4, 0x14, 0xFE,
    0x70, 0x7A, 0x13, 0x8D, 0x7B, 0x2D, 0x4E, 0x3B, 0x28, 0xB6, 0x58, 0xCF, 0xED, 0xFF, 0xEC, 0x55,
    0x91, 0xD4, 0x5B, 0xC9, 0xC1, 0x17, 0x0B, 0xFA, 0xEE, 0xFC, 0xD3, 0x6C, 0x36, 0xD0, 0x0F, 0xAA,
    0xE5, 0xB2, 0x8B, 0x9F, 0x2C, 0xC2, 0x5D, 0xE4, 0x65, 0x3C, 0x86, 0x40, 0x89, 0xBC, 0xDC, 0xC8,
    0xB1, 0x6E, 0x5F, 0x19, 0x33, 0x35, 0x67, 0xEE, 0x2C, 0x30, 0x02, 0x91, 0x5F, 0xF7, 0xB0, 0x0D,
    0xE2, 0xC7, 0x2A, 0xE1, 0x1E, 0x9F, 0x91, 0x66, 0x44, 0xC7, 0xBF, 0xDD, 0xC3, 0x51, 0x40, 0x05,
    0x40, 0x7B, 0x46, 0xDC, 0x8C, 0x88, 0x6F, 0x9A, 0xCF, 0xF3, 0xF4, 0x55, 0xF8, 0x47, 0xB7, 0xBF,
    0x76, 0x30, 0xBA, 0x9F, 0xD3, 0xCB, 0x3C, 0x86, 0x73, 0x11, 0x2F, 0xEA, 0xE1, 0x0A, 0x13, 0x1E,
    0xBA, 0xA4, 0x1F, 0xDD, 0xFF, 0x02, 0xE5, 0x5B, 0xBF, 0xB3, 0xE5, 0x46, 0x95, 0x6E, 0x49, 0x3B,
    0x4F, 0x8C, 0x55, 0x85, 0x08, 0xB6, 0x28, 0xEF, 0x4C, 0x61, 0x39, 0x20, 0xA0, 0x08, 0xD0, 0x3F,
    0xB0, 0xD0, 0x5A, 0x1C, 0x38, 0x20, 0xB0, 0xFF, 0x03, 0x48, 0xD7, 0xC9, 0x10, 0x6C, 0x06, 0x46,
    0x02, 0x02, 0x42, 0x86, 0x78, 0x13, 0x07, 0x50, 0x85, 0xBD, 0x81, 0x13, 0x52, 0x46, 0xDA, 0x72,
    0xB0, 0x01, 0x01, 0xD7, 0x4E, 0x36, 0xF4, 0xDD, 0xAA, 0x49, 0xA8, 0x0D, 0x46, 0x2C, 0xAA, 0x2D,
    0x8D, 0x2D, 0xE9, 0x70, 0xBE, 0xEF, 0xB4, 0xEE, 0xD5, 0x9B, 0x77, 0xDF, 0x9B, 0x37, 0xF6, 0x8C,
    0xC7, 0x98, 0x7B, 0xDF, 0x3D, 0xAD, 0x7B, 0xD5, 0xEA, 0x3E, 0xBF, 0xFA, 0xFC, 0xEA, 0x7E, 0xDE,
    0x49, 0x87, 0xB7, 0x77, 0xF6, 0xF2, 0xD7, 0x7C, 0x3B, 0xD7, 0xBB, 0x2D, 0xC8, 0x64, 0xE7, 0x5C,
    0x2B, 0x93, 0x4B, 0x44, 0xC4, 0xE5, 0xCB, 0xFF, 0x4B, 0x57, 0xF6, 0xBD, 0xDF, 0xF9, 0xAE, 0xBF,
    0xE9, 0xEA, 0x46, 0xBB, 0xB4, 0xE8, 0x27, 0x57, 0x82, 0xB6, 0x52, 0x50, 0x77, 0x0A, 0xFC, 0xBE,
    0xCF, 0x9B, 0x62, 0xEC, 0xEB, 0x5D, 0xA6, 0xE3, 0x35, 0xB1, 0xC8, 0xA2, 0x77, 0x64, 0x70, 0x2E,
    0x7E, 0x78, 0x6E, 0x5E, 0xF7, 0xC6, 0x5D, 0x05, 0x05, 0x6E, 0xEB, 0xF4, 0x8A, 0x44, 0x2C, 0x1F,
    0x6B, 0xB7, 0x74, 0x71, 0xD9, 0xE4, 0xF2, 0xD1, 0xC5, 0x8B, 0xCB, 0xB5, 0x9F, 0xC1, 0xD7, 0x09,
    0x5D, 0x80, 0x19, 0x61, 0x32, 0x12, 0x4E, 0x80, 0x31, 0x46, 0x71, 0x02, 0x0A, 0x02, 0x74, 0xBE,
    0x21, 0x57, 0x3A, 0xC0, 0x92, 0xB0, 0xD8, 0xC0, 0xD2, 0xEE, 0x56, 0x80, 0xF7, 0x00, 0x22, 0x8E,
    0x96, 0xC9, 0x43, 0x77, 0x43, 0xD1, 0x95, 0x8F, 0x04, 0x48, 0xE9, 0x40, 0xBE, 0xBA, 0xAD, 0x28,
    0x7E, 0xC5, 0xB9, 0x5B, 0x77, 0xDD, 0xD7, 0xB5, 0xC7, 0x4D, 0x77, 0x2F, 0x96, 0xBD, 0xAF, 0xFC,
    0xBB, 0xB2, 0x28, 0xAA, 0xDA, 0x65, 0x54, 0xCE, 0x55, 0x6D, 0x1F, 0xD0, 0x56, 0x0C, 0x15, 0xA5,
    0x52, 0xC9, 0x99, 0x39, 0xF9, 0x42, 0x28, 0x47, 0x18, 0x2D, 0xE1, 0xAE, 0xF5, 0xC4, 0x53, 0x83,
    0x8E, 0xF0, 0x53, 0x1D, 0x21, 0xE7, 0x68, 0x3A, 0xF2, 0xBC, 0x70, 0x96, 0xB2, 0xB2, 0x19, 0x5B,
    0x7D, 0x36, 0x59, 0xBC, 0xCA, 0x29, 0x9D, 0x0A, 0xA5, 0x3D, 0x1F, 0x75, 0x22, 0x57, 0xF4, 0xA9,
    0xD2, 0xEE, 0x77, 0x89, 0xD2, 0xAE, 0x3D, 0x40, 0x39, 0x2E, 0xC0, 0x0A, 0xFD, 0x71, 0x42, 0x87,
    0x4C, 0xBB, 0xE5, 0x03, 0x98, 0x96, 0x4E, 0x78, 0x5C, 0x07, 0xE9, 0xC8, 0xA7, 0x8A, 0x4C, 0x27,
    0x0B, 0xC8, 0xBF, 0x72, 0x7A, 0x94, 0x7D, 0x5B, 0x7E, 0x13, 0x5E, 0x7D, 0x97, 0x50, 0xB6, 0x2F,
    0xB7, 0xBE, 0xCE, 0xFF, 0x1A, 0xBD, 0xED, 0x4C, 0x1F, 0xA8, 0x19, 0xA9, 0x3C, 0x90, 0x4A, 0x89,
    0x69, 0x3B, 0x7D, 0xFE, 0x5B, 0x15, 0x87, 0x02, 0x6D, 0x50, 0x03, 0x45, 0x57, 0x88, 0xED, 0x44,
    0x64, 0x1B, 0x30, 0x7B, 0x74, 0xE5, 0x50, 0x4A, 0x55, 0x77, 0x89, 0xEC, 0x75, 0x86, 0x7A, 0x54,
    0x90, 0x4D, 0x02, 0x05, 0xD0, 0x0E, 0x4E, 0xEA, 0xBD, 0x02, 0x3F, 0x2B, 0x93, 0x73, 0xE9, 0x92,
    0x29, 0x96, 0xB1, 0x18, 0x9C, 0x87, 0x76, 0x25, 0xA6, 0x14, 0x36, 0x2C, 0x84, 0x0F, 0xA6, 0xBA,
    0x72, 0xEF, 0x2A, 0x45, 0x3D, 0xDF, 0x03, 0x0C, 0xFA, 0x35, 0x5B, 0xA2, 0xB6, 0xC3, 0x4A, 0x68,
    0x74, 0xCA, 0x05, 0x0A, 0xB1, 0x37, 0x2A, 0xEA, 0xAA, 0xA8, 0x74, 0xB1, 0x61, 0xC1, 0x75, 0xB8,
    0x3E, 0x90, 0xE7, 0x6E, 0x0B, 0x15, 0x3B, 0x12, 0x4C, 0xE3, 0x28, 0xC4, 0xC9, 0xA6, 0x2A, 0x31,
    0x25, 0x68, 0xD0, 0x4F, 0x32, 0x43, 0xF7, 0x7A, 0xE3, 0x96, 0x0A, 0xAE, 0xD8, 0xA5, 0xB2, 0x8F,
    0x54, 0x47, 0x9A, 0x52, 0xE7, 0x69, 0x75, 0x61, 0xB6, 0xBB, 0xB6, 0xF2, 0xAA, 0x8C, 0xE2, 0xBE,
    0xA5, 0xEA, 0x39, 0xC7, 0x7C, 0xA0, 0x9B, 0xA8, 0xE0, 0xF9, 0x63, 0xDB, 0xB5, 0x3F, 0x9E, 0xFF,
    0xB2, 0x3E, 0x8F, 0xF1, 0x6A, 0x85, 0xEB, 0xF8, 0x98, 0x6F, 0xD0, 0xF9, 0xB2, 0x01, 0xF3, 0x8F,
    0x86, 0x4F, 0xD9, 0x1F, 0xF0, 0x53, 0x7C, 0xAB, 0x3B, 0xC2, 0x25, 0x00, 0x36, 0x1F, 0xE9, 0xD1,
    0x1F, 0x46, 0x23, 0x34, 0x15, 0x1D, 0xAB, 0xF7, 0xAF, 0x8C, 0xFF, 0xE0, 0x26, 0x77, 0x63, 0x4A,
    0x65, 0xF2, 0x32, 0x2D, 0x6E, 0x9A, 0xA2, 0x69, 0xB9, 0x3D, 0xA9, 0x09, 0x29, 0xE6, 0x37, 0x95,
    0x3E, 0x25, 0xCE, 0xEF, 0x95, 0x99, 0x75, 0xE7, 0xF7, 0x8A, 0x8C, 0xCA, 0x6A, 0xD1, 0x26, 0x9B,
    0x12, 0x2C, 0x65, 0x55, 0x77, 0xBF, 0x53, 0x1E, 0xB4, 0x9D, 0xEA, 0x23, 0x01, 0xBF, 0xF2, 0x29,
    0x76, 0x61, 0x67, 0x3E, 0x66, 0x03, 0x70, 0x28, 0xDE, 0xE6, 0x8B, 0x8B, 0xB2, 0xDF, 0x42, 0x77,
    0xA9, 0x3A, 0x3E, 0x0E, 0xBE, 0xF0, 0xD6, 0x27, 0x16, 0xE2, 0x20, 0x72, 0x9F, 0x42, 0x54, 0x25,
    0xA6, 0x10, 0xA1, 0x31, 0x10, 0xA2, 0x44, 0xB0, 0xC8, 0xF7, 0xB8, 0xD4, 0x55, 0x88, 0x6C, 0x55,
    0x88, 0x6C, 0x73, 0xB4, 0x37, 0x54, 0xDF, 0xD1, 0xCA, 0xEC, 0xAC, 0xDD, 0x5B, 0x0B, 0x15, 0xEC,
    0xB4, 0xBF, 0x8A, 0x86, 0x42, 0x54, 0x71, 0x42, 0x88, 0x82, 0x27, 0x31, 0xBE, 0x3E, 0x0F, 0x21,
    0xBE, 0xE1, 0x6E, 0xFD, 0x6A, 0x23, 0xC4, 0xE5, 0x28, 0xC4, 0xE8, 0x7A, 0x42, 0xDC, 0xAE, 0xCF,
    0x58, 0x9A, 0x5C, 0x05, 0x2A, 0x53, 0xFB, 0xDD, 0x79, 0x76, 0xED, 0x04, 0x63, 0xA0, 0x8B, 0xA7,
    0x6D, 0x7F, 0x36, 0xEB, 0x8F, 0x7A, 0x2B, 0xE6, 0xA2, 0xE2, 0x63, 0x57, 0x00, 0x91, 0x47, 0x16,
    0xFE, 0xD5, 0x4F, 0x9C, 0xB4, 0x0B, 0x22, 0x01, 0x99, 0x5F, 0x4C, 0x3F, 0x71, 0x13, 0x14, 0x4C,
    0xFF, 0xE2, 0xD1, 0xA5, 0x3D, 0x0C, 0x76, 0x5D, 0x99, 0xE6, 0xAA, 0x1D, 0x97, 0x77, 0xDE, 0x56,
    0x9E, 0x83, 0xED, 0xB2, 0xCF, 0x54, 0xE5, 0xDE, 0x5F, 0x4A, 0x57, 0xC3, 0xFB, 0x29, 0xFC, 0xAA,
    0xA2, 0xDF, 0x83, 0x88, 0x68, 0xE1, 0x2F, 0x5E, 0x39, 0x57, 0xBE, 0xAF, 0xA6, 0x60, 0x8A, 0x94,
    0x0B, 0x2F, 0x47, 0xBA, 0x56, 0xF2, 0xBE, 0xEC, 0x6A, 0xE0, 0xA1, 0x2B, 0xF9, 0xD3, 0x81, 0xBA,
    0xA3, 0xB9, 0x05, 0xB9, 0x1D, 0xFC, 0x5C, 0x27, 0xBA, 0xC2, 0x76, 0x8A, 0xDA, 0x03, 0xC5, 0x4E,
    0xF2, 0x65, 0x11, 0x55, 0xE7, 0xE5, 0x56, 0x05, 0x17, 0x70, 0x25, 0x3B, 0xEE, 0xA8, 0xA8, 0x60,
    0x71, 0x46, 0x9A, 0x7F, 0xAF, 0x3C, 0xE8, 0x6A, 0x80, 0x16, 0x40, 0x2E, 0x03, 0xEC, 0xC2, 0xCE,
    0xE0, 0x9A, 0x9A, 0x2C, 0x05, 0xAE, 0x05, 0xC8, 0x9F, 0x29, 0xF0, 0xC7, 0xB0, 0xA3, 0x71, 0xF1,
    0xDE, 0x25, 0xFA, 0xB3, 0x2E, 0x6C, 0x55, 0x94, 0xBC, 0xFB, 0x4A, 0xA9, 0x18, 0x55, 0x05, 0x64,
    0x97, 0x4E, 0xAD, 0xBE, 0xDD, 0x65, 0xEF, 0x7F, 0x54, 0x63, 0xB2, 0x2B, 0x65, 0xF0, 0x3F, 0x9B,
    0xEE, 0xB9, 0x7B, 0x93, 0xAB, 0x4D, 0xF7, 0xF4, 0xE2, 0x9E, 0x5B, 0xFC, 0x7F, 0x4F, 0x05, 0x75,
    0xAF, 0x0D, 0x06, 0xE0, 0x52, 0xFB, 0xA0, 0xE6, 0xBB, 0xA4, 0x7D, 0x18, 0xF4, 0xF6, 0xD6, 0xF2,
    0x94, 0x17, 0x2D, 0x8F, 0xDD, 0xA4, 0xE5, 0xD9, 0x43, 0xB9, 0x68, 0x05, 0x68, 0x56, 0xD4, 0x1D,
    0xB7, 0x68, 0xEB, 0xC6, 0x5A, 0x88, 0x45, 0x5B, 0x1A, 0xD4, 0x89, 0xEB, 0x8C, 0x2D, 0x8D, 0xC6,
    0x14, 0x42, 0x8A, 0x89, 0xDD, 0xD9, 0x52, 0x8A, 0x53, 0x08, 0x44, 0x26, 0x5B, 0x9B, 0xDA, 0xEA,
    0x82, 0xAE, 0xD1, 0x7A, 0xBA, 0xE6, 0x49, 0x43, 0xA4, 0x04, 0x6D, 0x04, 0x66, 0x59, 0xDC, 0x42,
    0xCB, 0xA2, 0xB1, 0x4C, 0x8D, 0xA0, 0xAC, 0xD8, 0xBB, 0xC9, 0x33, 0x60, 0x49, 0x06, 0x4F, 0x24,
    0xF2, 0xBD, 0x27, 0x12, 0x30, 0x03, 0xE8, 0xEE, 0x61, 0xEC, 0x14, 0x09, 0xB6, 0x8A, 0xF3, 0x37,
    0xDF, 0x69, 0xDF, 0xB2, 0x28, 0xC7, 0x07, 0x24, 0xBC, 0xE1, 0x8C, 0xEF, 0x40, 0x26, 0x1D, 0x8C,
    0x3E, 0xC5, 0x84, 0x74, 0x41, 0x41, 0xE8, 0x4B, 0x0D, 0x6F, 0x2C, 0x12, 0xB4, 0x44, 0x7C, 0x0A,
    0x51, 0x15, 0xC2, 0x86, 0x5D, 0xA0, 0xF3, 0x3C, 0x7D, 0x36, 0xF4, 0x64, 0xEC, 0x00, 0x7D, 0x7D,
    0xB6, 0xA0, 0x85, 0xCC, 0x3B, 0x6D, 0xEB, 0x6A, 0x01, 0x0D, 0x6A, 0x01, 0xC7, 0xA4, 0xE7, 0xA8,
    0x3F, 0x44, 0x0B, 0x76, 0xA4, 0x3D, 0x91, 0xE0, 0x07, 0xDC, 0x43, 0x08, 0xD6, 0x5A, 0xF8, 0x45,
    0x24, 0x16, 0x43, 0x02, 0x01, 0x1D, 0x98, 0x0C, 0x04, 0x94, 0x3E, 0x1D, 0x91, 0x48, 0x70, 0x62,
    0x81, 0xDB, 0x56, 0xA5, 0x98, 0xAD, 0x5D, 0x6D, 0x48, 0x4C, 0xF7, 0x7C, 0x4F, 0x59, 0x6A, 0x04,
    0x95, 0x9D, 0x8D, 0x55, 0x80, 0x07, 0x24, 0xC8, 0x93, 0xB5, 0x4E, 0xED, 0x07, 0xA7, 0xF6, 0x83,
    0x11, 0xA4, 0x2D, 0xC7, 0x3D, 0x9B, 0x43, 0x1C, 0x59, 0x07, 0xA7, 0xE0, 0x19, 0x2C, 0xBE, 0xA4,
    0x2D, 0xE4, 0xAB, 0x50, 0xBB, 0xA7, 0x7D, 0xF1, 0xC1, 0x1C, 0x93, 0x64, 0x19, 0x95, 0xAB, 0xBE,
    0x57, 0x7B, 0xA2, 0xC4, 0x10, 0x0F, 0xDF, 0xC5, 0x6C, 0xDB, 0x2A, 0xFD, 0x4B, 0x4F, 0x62, 0xF2,
    0xF7, 0x8C, 0x7E, 0xFF, 0x4A, 0x4F, 0x24, 0x96, 0x84, 0x44, 0xC5, 0xE4, 0x8B, 0x6F, 0x18, 0x67,
    0x2B, 0xFD, 0x6C, 0x15, 0xAF, 0xF8, 0x9D, 0xFF, 0xF8, 0xC8, 0x90, 0x48, 0x42, 0x78, 0xA0, 0x2D,
    0x23, 0x56, 0xF6, 0x77, 0xC1, 0xFD, 0x6C, 0x80, 0x77, 0x17, 0x5F, 0x27, 0x4C, 0x0B, 0xBD, 0x43,
    0x41, 0x89, 0xF7, 0x21, 0xEA, 0xC9, 0x57, 0xAF, 0x6F, 0x5A, 0xDC, 0x56, 0x9B, 0xFE, 0x67, 0x00,
    0x79, 0x2F, 0x08, 0x88, 0x34, 0x38, 0xD2, 0x0C, 0xE0, 0xE1, 0x99, 0x74, 0x05, 0xB0, 0x4C, 0xE8,
    0x4D, 0xEE, 0x30, 0x6E, 0xBA, 0x19, 0xD2, 0x0D, 0x8B, 0x80, 0x2C, 0xBE, 0x86, 0x4F, 0x3C, 0x86,
    0xE4, 0xCE, 0xCD, 0xEE, 0xD2, 0x57, 0x22, 0x21, 0x96, 0xA8, 0xCC, 0x2D, 0xF1, 0xF9, 0xDC, 0x9A,
    0xC2, 0x82, 0x2D, 0xFF, 0xC7, 0x7E, 0xD3, 0xB4, 0xAF, 0x72, 0x50, 0xA1, 0x9A, 0x46, 0x0B, 0x5D,
    0x70, 0x3C, 0x53, 0x6F, 0x92, 0x89, 0xC8, 0xAB, 0x46, 0x82, 0x10, 0x2E, 0x7C, 0x6A, 0x10, 0x90,
    0xA2, 0x69, 0x40, 0x24, 0x4C, 0xDC, 0xF4, 0x86, 0xDE, 0x76, 0xAD, 0x06, 0x91, 0xA3, 0x79, 0x9E,
    0x89, 0xBE, 0x51, 0xBD, 0x70, 0x62, 0x4E, 0x2B, 0xB1, 0x95, 0x8F, 0xDB, 0x4E, 0x3D, 0x11, 0x16,
    0x71, 0xDD, 0x91, 0x2C, 0xBF, 0xC3, 0x40, 0x3A, 0x1A, 0x22, 0xE8, 0x40, 0x69, 0x63, 0x44, 0x18,
    0xD5, 0xA6, 0x38, 0x8E, 0xB7, 0x03, 0x4F, 0x5D, 0x34, 0x5D, 0xC1, 0x02, 0x3A, 0x04, 0xA5, 0xDD,
    0x9E, 0x36, 0x4E, 0x14, 0xC6, 0x02, 0x1F, 0x9A, 0x0F, 0xC9, 0x89, 0xF6, 0x97, 0x1C, 0x5A, 0xCC,
    0xA6, 0x08, 0x97, 0x5E, 0x3C, 0x13, 0x55, 0x0D, 0x6E, 0x67, 0x46, 0x92, 0x11, 0xAD, 0xC8, 0xE0,
    0x42, 0x58, 0xAE, 0x24, 0x42, 0xE1, 0xA9, 0xEB, 0x3B, 0xE2, 0xA4, 0x97, 0x20, 0x40, 0x6F, 0x30,
    0x46, 0xAF, 0xC0, 0x89, 0xC8, 0x58, 0x10, 0x5B, 0x43, 0x16, 0x2C, 0x34, 0x16, 0x3A, 0x1A, 0x69,
    0x17, 0xA3, 0xAA, 0x6D, 0xA8, 0x2C, 0x75, 0x47, 0xE2, 0xFC, 0xAE, 0xEE, 0x82, 0xFE, 0xC4, 0x63,
    0x40, 0xDE, 0x6D, 0xB0, 0x96, 0x10, 0xDC, 0x26, 0x97, 0xCB, 0x3F, 0x5D, 0xB6, 0xCF, 0x85, 0xA6,
    0x94, 0x66, 0x4B, 0xFB, 0xBB, 0x64, 0x64, 0xFB, 0x5A, 0x7F, 0x1C, 0x33, 0x5A, 0x28, 0x98, 0x64,
    0x0A, 0xB4, 0xB3, 0xC9, 0x46, 0xA6, 0x7D, 0xDA, 0x21, 0xD0, 0x0E, 0x4E, 0x2A, 0xA9, 0x40, 0x52,
    0x89, 0x06, 0x0B, 0xF4, 0x12, 0xD6, 0x5E, 0xC7, 0x2F, 0x98, 0xAA, 0xA2, 0x17, 0x89, 0x1E, 0x8D,
    0xE8, 0x40, 0xFB, 0x4C, 0xB9, 0x87, 0x8C, 0x53, 0xBB, 0x51, 0xC8, 0x52, 0xE1, 0x51, 0xF8, 0x0B,
    0xAE, 0xB9, 0x8E, 0x09, 0x03, 0x7E, 0xAA, 0x9B, 0x97, 0x18, 0x5A, 0x0D, 0x35, 0xF5, 0x99, 0xA1,
    0x54, 0xFA, 0x67, 0xC6, 0x8B, 0x59, 0x97, 0xF7, 0x4F, 0x43, 0xEE, 0x5B, 0xDA, 0x4F, 0xCB, 0x7D,
    0xA4, 0xDC, 0xF3, 0x73, 0x72, 0x5F, 0x69, 0xDF, 0x99, 0xF8, 0x0F, 0x72, 0x2F, 0x1E, 0x95, 0x7B,
    0x72, 0x4E, 0xEE, 0xD9, 0x49, 0xB9, 0xEF, 0x2F, 0xCA, 0x7D, 0xAF, 0x2E, 0x25, 0x42, 0xAF, 0x3C,
    0x64, 0x1D, 0xD6, 0x84, 0x1F, 0xAF, 0x7C, 0xA5, 0xA6, 0x12, 0xD9, 0x39, 0xF1, 0x17, 0xC6, 0x82,
    0x83, 0xDC, 0xD9, 0xB4, 0xF4, 0x3F, 0x47, 0xB9, 0xD3, 0x20, 0x4E, 0xE9, 0x46, 0xFC, 0xD9, 0x60,
    0xB3, 0xF7, 0x34, 0x02, 0x85, 0x89, 0x5F, 0x11, 0xC5, 0x68, 0xF0, 0x71, 0x0D, 0x89, 0x66, 0xC2,
    0x5D, 0xE1, 0x77, 0x70, 0x4A, 0x71, 0x4F, 0x2C, 0x5D, 0x60, 0x33, 0x30, 0x42, 0x16, 0xE6, 0xDE,
    0xF4, 0x17, 0x3D, 0xC5, 0x03, 0xA2, 0x63, 0xCB, 0xD5, 0x2D, 0xC4, 0x80, 0xEA, 0x50, 0x39, 0x71,
    0x1D, 0xAF, 0xC8, 0x5B, 0x05, 0xE1, 0xDF, 0x29, 0xAA, 0xEF, 0xC4, 0x94, 0xD1, 0xB7, 0xA3, 0x7E,
    0xF3, 0xAD, 0x7C, 0xB0, 0xDF, 0xF4, 0x3C, 0xD8, 0xBA, 0xE6, 0x9C, 0xAD, 0xDB, 0x3D, 0xC6, 0xD6,
    0xB9, 0x25, 0xFE, 0x44, 0xB6, 0x8E, 0x81, 0xDA, 0xB5, 0x6C, 0xDD, 0xB4, 0xB5, 0x75, 0xB9, 0x79,
    0x85, 0x8B, 0xB6, 0xCE, 0x1D, 0xD2, 0xF9, 0xF8, 0x70, 0x95, 0x1E, 0xAE, 0x02, 0x39, 0x47, 0x31,
    0x82, 0x8C, 0x76, 0xBD, 0x92, 0xE0, 0x1F, 0x34, 0x73, 0x5A, 0xAF, 0xB2, 0x71, 0xBD, 0x2A, 0xFA,
    0xF5, 0x0A, 0xD5, 0xA6, 0xF0, 0x40, 0x13, 0xAE, 0x20, 0x86, 0xB0, 0xB4, 0xE6, 0xF5, 0x2A, 0x1F,
    0xD7, 0x2B, 0xDF, 0xAF, 0x9E, 0xA7, 0xEE, 0xD6, 0x2B, 0x69, 0xC2, 0x55, 0x22, 0xAB, 0x5F, 0xA2,
    0x90, 0x03, 0xBB, 0xD7, 0x2B, 0x7F, 0xB8, 0x92, 0x2E, 0xF4, 0x8B, 0x65, 0xF5, 0x64, 0x5C, 0xA2,
    0xBC, 0xCA, 0xA7, 0xB5, 0xAF, 0xB9, 0x4B, 0x5C, 0xD5, 0xBB, 0xF5, 0xCA, 0xB9, 0x1B, 0x6F, 0x87,
    0x7C, 0x71, 0x0C, 0xA3, 0x57, 0x28, 0x6B, 0xBC, 0xAB, 0x1E, 0x2C, 0x56, 0xC9, 0xD6, 0x23, 0x2D,
    0x5D, 0x36, 0xB3, 0x9A, 0xA1, 0xE3, 0x73, 0x90, 0xFB, 0x1B, 0xA4, 0x8F, 0xAE, 0x62, 0xCD, 0x8A,
    0x9E, 0xB8, 0x09, 0x8F, 0x87, 0xC1, 0xC2, 0xD0, 0x9C, 0xE8, 0x77, 0x9C, 0x56, 0xF5, 0x1E, 0x48,
    0xE8, 0x07, 0x28, 0xA1, 0xC4, 0xD3, 0x2A, 0x82, 0x3D, 0xEC, 0x2D, 0xEA, 0x1B, 0x10, 0x27, 0xD5,
    0x2D, 0xFD, 0x93, 0x2D, 0x51, 0x1B, 0x20, 0x5F, 0xB5, 0xDC, 0x7C, 0x5C, 0xCE, 0x5F, 0xBF, 0x5E,
    0x06, 0xDE, 0x59, 0xB2, 0xCC, 0xC7, 0x6E, 0x1E, 0xC2, 0x00, 0x4E, 0x4D, 0x65, 0xB1, 0x00, 0x60,
    0xB9, 0x18, 0x9D, 0x40, 0x0B, 0x37, 0xE0, 0x71, 0x29, 0xE5, 0x39, 0x00, 0x05, 0xDE, 0x80, 0x27,
    0x7A, 0xF6, 0xC4, 0xE4, 0xFA, 0x0B, 0x2A, 0x8F, 0xC9, 0x60, 0xF6, 0x33, 0xB0, 0x8C, 0xD1, 0xFC,
    0xFC, 0xF9, 0x46, 0x1C, 0x41, 0xAC, 0xEA, 0x34, 0xBC, 0x1C, 0x22, 0x25, 0xF9, 0x1E, 0xCA, 0x38,
    0x91, 0x7C, 0x9E, 0x71, 0x56, 0x94, 0xDF, 0xC4, 0x82, 0x14, 0x03, 0xFC, 0x7A, 0xEA, 0xF5, 0x79,
    0xC2, 0xF9, 0x26, 0xCB, 0xC3, 0x9A, 0x81, 0x20, 0x58, 0x98, 0x2C, 0x55, 0x79, 0xB4, 0x66, 0x11,
    0xCA, 0xAD, 0x9F, 0xE2, 0x6F, 0x53, 0x2F, 0xF9, 0x01, 0xA6, 0x61, 0x06, 0x8B, 0xA5, 0x74, 0xEF,
    0x19, 0x4F, 0x87, 0xD2, 0x37, 0xFD, 0x20, 0xDC, 0x1E, 0x6A, 0xA9, 0x21, 0x70, 0x3D, 0x98, 0x71,
    0x4D, 0xEE, 0xC3, 0x67, 0x8D, 0x23, 0x9E, 0xF6, 0x67, 0x3B, 0xC7, 0xE5, 0x85, 0xD5, 0xE7, 0x83,
    0x0F, 0x38, 0x75, 0x37, 0xF0, 0xBE, 0xB2, 0x86, 0xA1, 0xE3, 0x57, 0xC5, 0x72, 0xE1, 0x2C, 0x14,
    0xB8, 0xA4, 0x73, 0xC1, 0x6D, 0xC8, 0x31, 0x0A, 0x09, 0xB1, 0x68, 0x08, 0xC7, 0xD5, 0x59, 0x33,
    0x0F, 0x1B, 0x2D, 0xF0, 0x98, 0xCE, 0x37, 0x4E, 0x8E, 0x6E, 0x3D, 0x19, 0xB7, 0x0F, 0x1C, 0xA3,
    0xF9, 0xCD, 0xD0, 0x61, 0x22, 0x9B, 0xD6, 0x90, 0x30, 0x94, 0x44, 0x68, 0x0C, 0x0E, 0xE8, 0xDE,
    0x65, 0xD0, 0xE0, 0x06, 0xD8, 0xF0, 0x0F, 0x46, 0x5A, 0x7B, 0xBD, 0xF6, 0xDF, 0x13, 0x66, 0x93,
    0x6D, 0x73, 0x6A, 0xF5, 0xF5, 0xCC, 0xFC, 0x98, 0x7F, 0x0B, 0x4B, 0x1D, 0xA8, 0x7D, 0x2B, 0xB4,
    0x8C, 0x90, 0xA9, 0x83, 0x30, 0xAE, 0x90, 0x12, 0xA5, 0x72, 0x61, 0x49, 0x46, 0xA8, 0xB2, 0x92,
    0x60, 0x2B, 0x43, 0x10, 0x40, 0xF6, 0xAA, 0x66, 0x15, 0x20, 0xA2, 0x09, 0x61, 0x65, 0x17, 0xB1,
    0x34, 0x20, 0x76, 0x21, 0x10, 0x78, 0x00, 0xC6, 0x0B, 0x20, 0x22, 0x3C, 0x61, 0x8A, 0x23, 0x8C,
    0x7F, 0x10, 0xA4, 0x3D, 0x00, 0xCC, 0xA5, 0x27, 0x85, 0x3D, 0x73, 0x7E, 0xC0, 0x98, 0x90, 0x58,
    0x7E, 0x23, 0xB8, 0xBE, 0xD0, 0x34, 0xDB, 0xCC, 0xCB, 0xB6, 0x85, 0x4E, 0xA7, 0x5E, 0x37, 0x7E,
    0x13, 0xDC, 0xF5, 0xB0, 0x75, 0xD7, 0xB6, 0xED, 0x44, 0x77, 0x0D, 0xCF, 0x6F, 0x3B, 0x38, 0x07,
    0x77, 0xAD, 0x09, 0x80, 0x45, 0xFE, 0xF4, 0xB0, 0x7E, 0x47, 0x7F, 0x5B, 0xEC, 0x2D, 0xEC, 0xE9,
    0x9F, 0xB8, 0x09, 0x8F, 0xDB, 0x60, 0x6B, 0x52, 0x11, 0x32, 0x8D, 0x30, 0x6D, 0x40, 0x02, 0xD5,
    0xCA, 0x7A, 0x00, 0x82, 0x2D, 0xA2, 0xC4, 0x80, 0x6E, 0x40, 0x3E, 0x90, 0xA2, 0xDF, 0xCF, 0x25,
    0xA1, 0x21, 0x56, 0x5B, 0x63, 0x21, 0x8B, 0xA1, 0xFE, 0x3E, 0x38, 0x71, 0x2A, 0x17, 0x8D, 0x84,
    0xAE, 0xFD, 0x74, 0x2E, 0xFA, 0xC5, 0x63, 0x41, 0x5B, 0xBD, 0xC4, 0x38, 0x96, 0x29, 0x69, 0x1A,
    0xA2, 0xE5, 0xFF, 0x11, 0xDB, 0x1A, 0x2A, 0xFA, 0xBF, 0x03, 0x16, 0x3C, 0x79, 0x66, 0xFA, 0x05,
    0x34, 0x09, 0xCE, 0x7D, 0x4D, 0x89, 0xAE, 0xEA, 0xCA, 0x15, 0xBB, 0x56, 0x1F, 0xD8, 0x97, 0x43,
    0x24, 0x4D, 0x36, 0x33, 0x05, 0xF8, 0xFE, 0x88, 0x04, 0x60, 0x1F, 0xCA, 0x2D, 0x5C, 0x2D, 0x85,
    0xD1, 0x8C, 0x14, 0xF9, 0x5D, 0x6C, 0xBD, 0x6B, 0xBE, 0x52, 0x8C, 0xB1, 0xC6, 0x04, 0x7B, 0xEE,
    0x1E, 0x6A, 0x0C, 0xA4, 0x6A, 0x95, 0xAD, 0x2E, 0xF9, 0x98, 0xF2, 0x24, 0x0D, 0x77, 0xC8, 0x7E,
    0xD9, 0x91, 0x61, 0x62, 0xD8, 0x4D, 0x86, 0xEB, 0x42, 0x86, 0x65, 0x56, 0x44, 0x29, 0x2C, 0x9F,
    0xF3, 0x35, 0x89, 0x9B, 0xC8, 0xB0, 0xA4, 0x2F, 0xC1, 0xB0, 0x8C, 0xDE, 0xC1, 0x95, 0x74, 0x18,
    0xEE, 0x27, 0x64, 0x4A, 0x44, 0x87, 0x62, 0x75, 0x50, 0x41, 0xEA, 0x41, 0x37, 0x62, 0x0C, 0xFB,
    0x3D, 0x19, 0xF6, 0xDD, 0x91, 0x0C, 0xFB, 0x2F, 0x56, 0x92, 0xFD, 0x87, 0x74, 0xDF, 0xB6, 0x43,
    0x57, 0x21, 0x63, 0x53, 0x86, 0x65, 0xC6, 0xB0, 0xD4, 0x18, 0xA6, 0x8C, 0x02, 0xC3, 0x7C, 0xC9,
    0x35, 0xF1, 0xCF, 0x71, 0x60, 0xD8, 0xD9, 0x6F, 0x8E, 0x16, 0xD4, 0x0C, 0xA8, 0x95, 0xB5, 0xAD,
    0xC8, 0x1D, 0xDC, 0x4B, 0xD1, 0xB9, 0x4B, 0x0A, 0xAD, 0x26, 0xC0, 0xCF, 0x16, 0xB6, 0xAC, 0xE4,
    0x5B, 0x99, 0xC7, 0xC2, 0x16, 0xCF, 0x8D, 0xBF, 0x7C, 0x56, 0x5A, 0x95, 0xDF, 0x1F, 0xA9, 0xCB,
    0x8E, 0x58, 0xDA, 0x80, 0xC7, 0x6F, 0xD6, 0x03, 0x16, 0xCE, 0xBD, 0xE8, 0x8E, 0x87, 0x1C, 0x96,
    0xE3, 0x91, 0x09, 0xAB, 0x2D, 0x95, 0xCD, 0x17, 0x81, 0x46, 0xA3, 0x82, 0x65, 0xF8, 0xC4, 0x8C,
    0x1E, 0x07, 0x7C, 0x34, 0xB4, 0xFD, 0xDB, 0xA4, 0xAE, 0xAE, 0xD2, 0x1D, 0xBB, 0xF5, 0x2B, 0xB4,
    0x5F, 0x2E, 0x79, 0xFD, 0xCD, 0xE9, 0x67, 0x74, 0x45, 0x31, 0xFD, 0x8A, 0x38, 0xC6, 0xBA, 0x59,
    0x85, 0xD6, 0xCA, 0xB6, 0x55, 0x66, 0x16, 0x00, 0x2E, 0x3F, 0x9D, 0x58, 0xD5, 0x81, 0x29, 0x52,
    0x1B, 0x57, 0xDA, 0x16, 0x00, 0xAB, 0xE1, 0x7B, 0x46, 0x8D, 0x6B, 0xA0, 0x3E, 0x26, 0x56, 0x5C,
    0xE3, 0x46, 0x59, 0x08, 0x1A, 0x9C, 0xDC, 0xD9, 0x6F, 0x0A, 0x5A, 0xA5, 0x95, 0xEF, 0x42, 0x78,
    0x91, 0x19, 0x2E, 0xC9, 0xD3, 0x6B, 0x1E, 0x9B, 0x9B, 0xDE, 0xB7, 0xE0, 0x1E, 0x60, 0xA7, 0x36,
    0xB2, 0x65, 0x90, 0x8C, 0x93, 0x2F, 0xC9, 0x74, 0x09, 0xC8, 0x70, 0xB7, 0xEE, 0x99, 0x1A, 0xAC,
    0xCF, 0xDE, 0xBF, 0x4E, 0x26, 0xEC, 0xA2, 0x77, 0x2A, 0x3B, 0x0D, 0x86, 0x20, 0xA2, 0xC9, 0xE5,
    0x7F, 0x65, 0xEF, 0xB1, 0xE1, 0x85, 0x0D, 0x94, 0x51, 0x8D, 0x77, 0x7A, 0x9C, 0x88, 0x67, 0x6F,
    0x06, 0x41, 0xE8, 0x09, 0x0F, 0xD0, 0xE1, 0xC4, 0x94, 0x8E, 0xD2, 0x62, 0xCF, 0xB5, 0x35, 0x4C,
    0x87, 0xF5, 0x78, 0x4E, 0xB2, 0xD0, 0x46, 0x5F, 0x02, 0x22, 0xDC, 0x4D, 0x66, 0x0C, 0xA5, 0x9D,
    0x7F, 0x84, 0x68, 0xDF, 0x63, 0x3C, 0x9E, 0xD6, 0xC1, 0x0E, 0xFA, 0x8B, 0x6E, 0xDD, 0xF5, 0xF2,
    0xA1, 0x10, 0xCD, 0xDD, 0xCD, 0xD3, 0xB1, 0xFE, 0x6D, 0x38, 0x48, 0x39, 0x1C, 0x68, 0x9B, 0xCF,
    0xA4, 0x63, 0x61, 0xFC, 0xB6, 0xED, 0x05, 0xD8, 0xD3, 0x70, 0x4E, 0xCA, 0x49, 0x77, 0xA6, 0xB9,
    0x18, 0xB4, 0xB2, 0xCF, 0x65, 0xF9, 0x7E, 0xEF, 0x1F, 0xDA, 0xDE, 0x17, 0x75, 0xBA, 0xA0, 0x7B,
    0xEA, 0x8D, 0x93, 0x4D, 0x24, 0x7D, 0xFD, 0xF0, 0x8E, 0xF4, 0xAA, 0xBB, 0x7F, 0x18, 0x52, 0x59,
    0x74, 0xFA, 0x5B, 0xAF, 0xBB, 0x75, 0x2F, 0x88, 0xCA, 0x9B, 0x1F, 0xF7, 0xD5, 0x3E, 0x2D, 0x6A,
    0x37, 0x70, 0x9E, 0x0C, 0xFB, 0x9D, 0x86, 0xDA, 0xC3, 0xD7, 0x7A, 0x8F, 0xA3, 0x65, 0x96, 0x88,
    0x05, 0xD4, 0x7C, 0x40, 0x0D, 0xFB, 0x8F, 0xF5, 0x22, 0x17, 0x51, 0x23, 0x06, 0x2C, 0x17, 0x79,
    0xCE, 0xAB, 0x8B, 0x21, 0x99, 0xE2, 0xE5, 0x39, 0x63, 0x75, 0x0B, 0x85, 0x43, 0x19, 0xBC, 0xCD,
    0x96, 0x70, 0x03, 0x62, 0x57, 0x0C, 0xCF, 0x17, 0x2B, 0x6D, 0xDE, 0x44, 0xC9, 0x57, 0x0C, 0xF0,
    0xEB, 0xC9, 0x57, 0xA1, 0xE9, 0x75, 0x24, 0x61, 0x7D, 0x18, 0x56, 0xFE, 0xD9, 0xF1, 0xEA, 0xB8,
    0x63, 0xCA, 0x32, 0xBB, 0x7F, 0xB5, 0x0F, 0x3B, 0x0D, 0x04, 0xFC, 0xCA, 0x1B, 0x89, 0x5C, 0x4F,
    0xD7, 0xFA, 0x67, 0x86, 0xE9, 0x6D, 0xE5, 0x4B, 0xCD, 0x8D, 0x7A, 0x99, 0xD2, 0x70, 0xDE, 0x4E,
    0x4A, 0x14, 0x98, 0x31, 0xB3, 0xDC, 0xBF, 0x3D, 0x63, 0x42, 0xCF, 0xB2, 0x45, 0xD6, 0xB1, 0x18,
    0xCD, 0xF3, 0x05, 0x30, 0xD0, 0xAC, 0x2D, 0xC3, 0xF2, 0x72, 0xE7, 0x27, 0xB7, 0xC3, 0x02, 0x67,
    0x56, 0xAD, 0xE2, 0xE2, 0x14, 0xC3, 0x2C, 0x5C, 0xF8, 0xE5, 0xAE, 0x39, 0x89, 0x76, 0x17, 0xBC,
    0x45, 0x30, 0xF4, 0xBC, 0xE0, 0x7E, 0x37, 0x0F, 0xF8, 0xA8, 0xA2, 0xBF, 0xAC, 0xFE, 0x47, 0x07,
    0xD0, 0x8F, 0xAB, 0x97, 0x76, 0xD2, 0xE0, 0x19, 0xE7, 0xB9, 0xA4, 0x2F, 0x80, 0x58, 0x6A, 0xC7,
    0x53, 0x3B, 0x1E, 0xED, 0x74, 0xB7, 0x7E, 0xBD, 0x3D, 0x0B, 0x0B, 0x5E, 0x54, 0xD9, 0xF2, 0x2F,
    0x82, 0x68, 0xBC, 0xE8, 0xD5, 0x71, 0xBC, 0x50, 0xB1, 0x42, 0x7C, 0x6E, 0xC7, 0xFC, 0x34, 0x68,
    0xD7, 0xFD, 0x22, 0xEC, 0x52, 0xE4, 0xBB, 0x02, 0xE7, 0x4E, 0x32, 0x79, 0x00, 0xDE, 0xC1, 0xD8,
    0xD5, 0x28, 0xB3, 0xC4, 0x1F, 0x55, 0xE1, 0x18, 0x6C, 0x62, 0x95, 0xF8, 0x7D, 0xD8, 0xEE, 0xBF,
    0x91, 0xAD, 0x32, 0xE5, 0x42, 0x3D, 0x3B, 0xC4, 0xA1, 0x38, 0xC4, 0x60, 0xBB, 0xD3, 0x16, 0xA3,
    0xD6, 0x17, 0x25, 0x1E, 0xB0, 0x9F, 0x0F, 0xD8, 0xB7, 0x3B, 0xC3, 0xBE, 0xD3, 0xE8, 0x56, 0x73,
    0x82, 0x78, 0x6A, 0x71, 0x10, 0x02, 0x48, 0x2E, 0x72, 0xE1, 0xD0, 0xD6, 0x8A, 0xFD, 0xC1, 0xCA,
    0xAA, 0x96, 0x44, 0xE0, 0x6B, 0xD1, 0xA7, 0xF2, 0xB1, 0xEC, 0x23, 0x6E, 0x1A, 0x94, 0x0C, 0xAF,
    0xFE, 0x95, 0x1E, 0xF1, 0xE5, 0xD5, 0xC6, 0x58, 0xCA, 0x35, 0x6C, 0xAD, 0xDF, 0x55, 0xA8, 0x35,
    0x4F, 0x82, 0xDA, 0xB2, 0x41, 0xAD, 0xDA, 0xA0, 0x16, 0x9F, 0x40, 0x0D, 0x8C, 0x79, 0xA3, 0x0A,
    0x18, 0xF0, 0xF0, 0x68, 0xCE, 0xA2, 0xD7, 0x7B, 0x33, 0xF6, 0x42, 0xDA, 0xEA, 0xB9, 0x32, 0x2C,
    0xD2, 0xDC, 0x0A, 0x47, 0x80, 0x70, 0x56, 0x4B, 0x01, 0xBF, 0x9E, 0x34, 0x31, 0xCF, 0x0A, 0xAB,
    0x01, 0x58, 0xF5, 0xEE, 0x3C, 0xAF, 0x5E, 0x54, 0x45, 0xAA, 0x1B, 0xBF, 0xCB, 0xFA, 0x35, 0xC8,
    0xF2, 0x82, 0xB7, 0xBB, 0xCE, 0xFB, 0x06, 0xD2, 0x37, 0xE5, 0xAB, 0x32, 0x37, 0x19, 0x79, 0xBA,
    0xE7, 0x10, 0x84, 0x4E, 0xE1, 0x2F, 0xF9, 0x44, 0x7F, 0x76, 0x52, 0x88, 0xDB, 0x96, 0x4A, 0x33,
    0x36, 0x25, 0xF3, 0xF3, 0x0E, 0x82, 0x85, 0xCF, 0xF0, 0x49, 0x9E, 0xCE, 0xE7, 0x71, 0x75, 0xE8,
    0x84, 0x35, 0x73, 0xFB, 0x98, 0x91, 0x7A, 0x0A, 0x9F, 0x17, 0xAA, 0x08, 0x3E, 0xE5, 0xD5, 0x0E,
    0x89, 0x6A, 0x07, 0x33, 0x6C, 0xE7, 0x6C, 0x1D, 0xF3, 0x57, 0x57, 0x62, 0x5B, 0xF8, 0x3B, 0x88,
    0x74, 0xBE, 0xC4, 0x9D, 0x35, 0x5D, 0x6D, 0x9A, 0xB2, 0x4F, 0x48, 0xFB, 0x67, 0x35, 0x5F, 0xF3,
    0x92, 0xAB, 0x76, 0x2C, 0x6A, 0x66, 0x0A, 0x51, 0x83, 0x93, 0xA2, 0x50, 0xCB, 0x73, 0xCE, 0xD1,
    0x31, 0xBE, 0xE2, 0xFA, 0xA1, 0xB2, 0xCC, 0x2D, 0x74, 0x47, 0xFB, 0x25, 0xA3, 0x47, 0x11, 0xB7,
    0x18, 0x57, 0xC3, 0x14, 0x51, 0x73, 0x4A, 0x18, 0x26, 0x1E, 0xCF, 0xFE, 0x27, 0xF7, 0x25, 0xB8,
    0xE8, 0xDA, 0x5C, 0x47, 0x0A, 0x27, 0x92, 0xED, 0xCA, 0x0B, 0x55, 0xA4, 0x09, 0x75, 0x92, 0x09,
    0x0A, 0xBE, 0xB4, 0xD8, 0xA2, 0x50, 0x94, 0x2A, 0x35, 0x64, 0xD2, 0x08, 0xCE, 0xE6, 0x61, 0xEF,
    0xBD, 0x7B, 0x1A, 0x07, 0x2D, 0x55, 0x8B, 0x6F, 0x1E, 0x92, 0xBC, 0x72, 0x75, 0x11, 0x21, 0x29,
    0xB8, 0xCA, 0xD6, 0xF0, 0x18, 0xB7, 0x72, 0x48, 0xF6, 0xE5, 0xA0, 0x81, 0x9C, 0x1A, 0xF1, 0x8C,
    0xE4, 0x4F, 0x60, 0xC4, 0xBC, 0xC6, 0x9D, 0x8F, 0x06, 0xA4, 0x0B, 0x6F, 0x80, 0x93, 0xD8, 0xB2,
    0x4E, 0x27, 0x18, 0xF1, 0x51, 0xA3, 0x82, 0xBA, 0x4F, 0x4F, 0xF1, 0x0A, 0xBB, 0x37, 0xA1, 0x04,
    0xC9, 0x12, 0xC2, 0x31, 0x08, 0x5C, 0x9E, 0x3B, 0x6A, 0xCB, 0x39, 0x33, 0x58, 0xBF, 0xC7, 0x83,
    0xB1, 0xF2, 0x9C, 0xB1, 0x7A, 0xA1, 0x3A, 0xC3, 0xC1, 0x7D, 0x95, 0x26, 0xFF, 0x3F, 0x64, 0x41,
    0x10, 0xC8, 0x7F, 0x54, 0x78, 0x9E, 0x58, 0x5D, 0x77, 0x9B, 0xF2, 0xB3, 0x96, 0xA0, 0x9D, 0xF4,
    0x3B, 0x1E, 0x57, 0x58, 0xA1, 0xBF, 0x74, 0x13, 0x55, 0xF3, 0xA6, 0x0D, 0x3C, 0x99, 0x33, 0x3F,
    0x76, 0x4C, 0x25, 0xF2, 0xDF, 0x40, 0xE4, 0x94, 0x30, 0xF0, 0x0A, 0x44, 0x7A, 0x10, 0xA9, 0x41,
    0x54, 0x17, 0x7D, 0xAC, 0x44, 0x26, 0xFF, 0xA7, 0x44, 0xE6, 0xFF, 0xB9, 0xA0, 0x3E, 0xA7, 0x48,
    0x63, 0xEF, 0x35, 0x1E, 0x14, 0xA4, 0x3B, 0x25, 0xB2, 0x68, 0x94, 0xC8, 0x16, 0x44, 0x4E, 0xE7,
    0x88, 0x2C, 0x41, 0x24, 0x4A, 0x86, 0xEE, 0xC7, 0x47, 0x22, 0x5F, 0xB6, 0xF3, 0xA4, 0xAB, 0xE7,
    0x62, 0xE4, 0x44, 0x5F, 0x92, 0x0C, 0xA7, 0x8A, 0x1B, 0x4F, 0xC7, 0xA8, 0xD4, 0xEB, 0xC1, 0x6D,
    0x4D, 0x5C, 0xDB, 0x5D, 0xAA, 0x46, 0x7F, 0x91, 0x16, 0x87, 0x1D, 0xCB, 0x2E, 0x95, 0x51, 0x23,
    0x2E, 0xC6, 0x11, 0x1A, 0x65, 0xAC, 0x47, 0x20, 0xEC, 0x4C, 0x50, 0x15, 0xC2, 0xAF, 0xA4, 0x7F,
    0xDE, 0xA8, 0x31, 0xE3, 0x2C, 0x67, 0xFE, 0x4B, 0x44, 0xA5, 0x9C, 0xC6, 0xBE, 0xDC, 0x70, 0x71,
    0x19, 0x7D, 0xB6, 0x58, 0x15, 0xBB, 0x08, 0x7A, 0x82, 0xB3, 0xAF, 0x00, 0xFC, 0x7A, 0x49, 0x8D,
    0xEA, 0x33, 0x15, 0x63, 0x74, 0x38, 0x9B, 0x62, 0xE6, 0x79, 0xB7, 0x7A, 0x8E, 0xDF, 0x6E, 0xB1,
    0xD2, 0x00, 0x3F, 0x1B, 0xD6, 0xB3, 0xEE, 0xC5, 0x5E, 0x23, 0xEE, 0x72, 0xC7, 0x2D, 0x79, 0x8D,
    0xC9, 0x7D, 0xC3, 0x93, 0x57, 0xDC, 0xAE, 0x55, 0xCF, 0xB3, 0xA8, 0x89, 0x80, 0x22, 0xF0, 0xA4,
    0x56, 0x8B, 0x91, 0xFD, 0xAB, 0xD8, 0x64, 0xC5, 0x79, 0xCD, 0xF2, 0x8F, 0x38, 0xEA, 0xFC, 0x60,
    0x17, 0xE2, 0x78, 0x7A, 0xF3, 0x04, 0x9A, 0xC3, 0x2C, 0xCD, 0x4A, 0xB0, 0xF3, 0xEA, 0xC0, 0x88,
    0x14, 0xFF, 0xA7, 0x0B, 0x29, 0x00, 0x1F, 0xE0, 0x01, 0x9C, 0xEB, 0x9C, 0x5A, 0x80, 0xFB, 0x95,
    0x02, 0x71, 0x56, 0x0D, 0xF7, 0xBB, 0xE0, 0x7F, 0x10, 0x14, 0xD3, 0xBD, 0xB0, 0x80, 0xD1, 0x58,
    0x15, 0x28, 0xB9, 0xB2, 0x50, 0xA4, 0xA0, 0x52, 0xBF, 0x85, 0x27, 0x06, 0x45, 0xA0, 0xC4, 0x1E,
    0x70, 0xBB, 0x13, 0x5D, 0xA6, 0x8D, 0x06, 0x81, 0xEA, 0x2C, 0x32, 0xC1, 0x5E, 0xB4, 0x72, 0xF1,
    0x6A, 0x5C, 0xAE, 0x6B, 0x3F, 0xEB, 0xF5, 0x3F, 0x09, 0xF6, 0xEA, 0xC8, 0x0B, 0xC4, 0xB5, 0x25,
    0x8A, 0x77, 0xBE, 0xC9, 0x54, 0x6F, 0xC0, 0xDD, 0xD6, 0x76, 0xC4, 0x75, 0x00, 0x65, 0xD1, 0x82,
    0xEC, 0xA2, 0x05, 0x9F, 0xEA, 0x57, 0xC0, 0xDD, 0x9F, 0x83, 0xBB, 0x7F, 0x00, 0xB3, 0x3E, 0x04,
    0x77, 0x1F, 0x90, 0xBB, 0x5D, 0xE0, 0x2E, 0x0F, 0x71, 0xD9, 0x61, 0x98, 0xF9, 0x60, 0x51, 0x00,
    0x62, 0xE8, 0xE0, 0x6D, 0xB2, 0x78, 0x95, 0x09, 0x8F, 0x41, 0xFF, 0x15, 0xE5, 0x5C, 0xBF, 0xB3,
    0xDC, 0x46, 0x72, 0x1E, 0x00, 0xE6, 0x43, 0x99, 0xA8, 0x3A, 0x5C, 0xE4, 0x3A, 0x4B, 0x55, 0xC6,
    0x05, 0x17, 0x9C, 0x15, 0x18, 0xFF, 0x80, 0x6D, 0x80, 0xBA, 0xE0, 0x02, 0x05, 0x52, 0xE0, 0xDC,
    0x0A, 0x2E, 0xB0, 0x59, 0xAE, 0xE2, 0x7F, 0x60, 0x40, 0x4A, 0x2E, 0x70, 0x20, 0x26, 0x8E, 0xCD,
    0x80, 0xAE, 0xA2, 0xEC, 0x40, 0x7F, 0x81, 0x09, 0x94, 0x15, 0x5C, 0xA0, 0x40, 0x7B, 0x96, 0x33,
    0x07, 0x5A, 0x97, 0x55, 0xA5, 0x90, 0xB0, 0x0B, 0x65, 0x83, 0x26, 0x16, 0xE3, 0xFE, 0xBE, 0x1E,
    0xFC, 0xDA, 0xB7, 0xFB, 0xF8, 0x96, 0x7C, 0x8F, 0x8F, 0x4F, 0xDE, 0xB7, 0xDB, 0x83, 0xB7, 0x0B,
    0x0C, 0x7A, 0xBE, 0xEE, 0x99, 0xE9, 0xEE, 0xE9, 0x81, 0x31, 0xFA, 0x0A, 0xAC, 0xED, 0xCF, 0x15,
    0x17, 0xBE, 0xA2, 0x81, 0x45, 0x6C, 0x59, 0x24, 0x36, 0x47, 0x91, 0xDA, 0x12, 0x45, 0x66, 0x6B,
    0x14, 0xC5, 0x17, 0x1B, 0x14, 0x36, 0x6E, 0xE6, 0xC2, 0x1F, 0xA2, 0x0E, 0x77, 0xE8, 0x03, 0xDC,
    0x21, 0xEC, 0x83, 0x1D, 0x2A, 0x69, 0x3D, 0x54, 0x23, 0x27, 0xA0, 0x48, 0xB7, 0xA6, 0x92, 0x6A,
    0xB2, 0x8D, 0x29, 0xA4, 0x9A, 0xAC, 0xC6, 0x1B, 0xDF, 0xC8, 0xF7, 0xF8, 0x5D, 0xCE, 0xC2, 0xD9,
    0x71, 0x0B, 0x36, 0xC1, 0xA8, 0x2B, 0x22, 0x14, 0x03, 0xBE, 0xC7, 0xEF, 0xBC, 0x99, 0xE5, 0x35,
    0x72, 0x2D, 0x6A, 0x90, 0x6A, 0x0A, 0x16, 0x1B, 0x32, 0x99, 0x36, 0x81, 0xBB, 0xB8, 0xBF, 0xA0,
    0xBD, 0x89, 0x7D, 0x28, 0xB5, 0xC9, 0xAF, 0xA1, 0x54, 0x6E, 0xE2, 0xDD, 0x99, 0xAD, 0xA5, 0xCA,
    0xA2, 0x7E, 0x57, 0xB8, 0xDA, 0x2A, 0xAF, 0x72, 0x92, 0xDC, 0xEB, 0x4E, 0xD5, 0x80, 0x83, 0xC6,
    0x97, 0xF3, 0x9A, 0xD8, 0x3E, 0xFF, 0xB0, 0xC9, 0x3A, 0x61, 0x42, 0xD8, 0x8E, 0x1B, 0x8B, 0x53,
    0x84, 0x64, 0x20, 0x45, 0x63, 0x6B, 0xDF, 0x36, 0xC5, 0x20, 0xE7, 0xA5, 0xD6, 0x7E, 0xD5, 0x86,
    0x76, 0x08, 0x5B, 0xF3, 0xCE, 0x47, 0x40, 0xA5, 0x31, 0xE0, 0xC3, 0xDF, 0x85, 0x64, 0x47, 0xCE,
    0x50, 0x34, 0x37, 0x0B, 0xC0, 0x0F, 0xBE, 0xC2, 0x95, 0x30, 0x5C, 0xB1, 0x16, 0x46, 0xA6, 0xC2,
    0xA8, 0x3E, 0x5C, 0x08, 0xC3, 0x5B, 0x09, 0xC3, 0x15, 0x51, 0xE7, 0x0F, 0xB3, 0x30, 0x50, 0xE4,
    0x6C, 0xE7, 0x42, 0x18, 0x85, 0xB6, 0x5E, 0xEA, 0x47, 0xD3, 0x55, 0x26, 0x68, 0xB8, 0xED, 0x56,
    0x32, 0xD9, 0x19, 0x54, 0x2F, 0xB5, 0x39, 0x61, 0x24, 0x2C, 0x72, 0x02, 0x57, 0xD5, 0x4E, 0x26,
    0x15, 0x8B, 0xAD, 0xFF, 0xC8, 0x3C, 0x71, 0x0D, 0x47, 0x35, 0xC2, 0xB5, 0x9C, 0x15, 0xA9, 0x56,
    0xAD, 0x5E, 0xEF, 0x02, 0x8D, 0xF1, 0x16, 0x17, 0x49, 0xC4, 0x13, 0x89, 0x9C, 0x09, 0x84, 0x9E,
    0x4A, 0x64, 0xF8, 0xF3, 0x26, 0x7B, 0x0E, 0x89, 0xD4, 0x0B, 0x89, 0xA4, 0x4E, 0x22, 0xA5, 0x27,
    0x12, 0x79, 0xFE, 0xE0, 0xBC, 0x44, 0x4C, 0xB4, 0x7B, 0x29, 0xB2, 0xA3, 0x9A, 0x27, 0xDB, 0x95,
    0x9A, 0xB7, 0x2F, 0x41, 0x36, 0x71, 0xDA, 0xBE, 0x51, 0x6D, 0x9F, 0x91, 0x45, 0xFB, 0x72, 0x61,
    0xED, 0x30, 0xB2, 0xA1, 0xD3, 0xF6, 0xE3, 0xC8, 0x96, 0x2B, 0x64, 0xC9, 0x9B, 0xC9, 0xC8, 0xB0,
    0x51, 0x2D, 0x0F, 0x9A, 0x55, 0xD1, 0xB1, 0xF0, 0x2D, 0xD9, 0x37, 0xD5, 0x76, 0x0F, 0xE9, 0xDD,
    0x4B, 0x91, 0x7E, 0x05, 0xDD, 0x7F, 0x06, 0xA4, 0x7F, 0xD3, 0x08, 0xD2, 0xC2, 0xC5, 0x7B, 0x1F,
    0xC5, 0xE0, 0x32, 0x9B, 0x38, 0x24, 0xA1, 0x4A, 0x57, 0x0D, 0xBB, 0xEA, 0xC8, 0x92, 0x4F, 0x7D,
    0xE0, 0xD9, 0x00, 0x8E, 0x7A, 0x44, 0x3D, 0x66, 0x43, 0xDA, 0x7D, 0x5D, 0xB9, 0xF3, 0x39, 0x1B,
    0x66, 0x5B, 0x74, 0x64, 0x69, 0x83, 0xA9, 0x6C, 0x65, 0x37, 0xBE, 0x88, 0xAD, 0x68, 0x43, 0x11,
    0x6C, 0xDC, 0x63, 0xB4, 0x08, 0x76, 0xBC, 0xC1, 0x36, 0x53, 0x69, 0x92, 0x56, 0xBC, 0x91, 0x4A,
    0xFB, 0xF2, 0x54, 0xAF, 0xD2, 0x1A, 0xB4, 0x36, 0xAD, 0x39, 0xA6, 0xB0, 0xD0, 0x49, 0xA3, 0xDE,
    0x17, 0x54, 0x8B, 0x56, 0x38, 0xF9, 0x42, 0x0E, 0x94, 0x2B, 0xE5, 0xD0, 0x9C, 0x7D, 0xCE, 0x4A,
    0xA0, 0x76, 0x3E, 0xFE, 0xA7, 0x06, 0x51, 0xB2, 0x94, 0xDE, 0x81, 0xEE, 0x1F, 0xC9, 0xE8, 0x24,
    0x35, 0x8D, 0x7D, 0x61, 0x78, 0xDF, 0xD6, 0x72, 0x7E, 0xB6, 0x91, 0x7B, 0xFF, 0xC8, 0x14, 0xE5,
    0xC8, 0x91, 0x35, 0x17, 0x11, 0x68, 0x9F, 0x72, 0x2B, 0x52, 0x8D, 0x4B, 0xE1, 0xB5, 0xD8, 0x44,
    0xF6, 0x19, 0xFA, 0x84, 0xC8, 0x5E, 0x94, 0x1C, 0x7D, 0x89, 0xAC, 0x85, 0x94, 0x43, 0xCA, 0x1E,
    0x51, 0xA1, 0x6B, 0x0A, 0x72, 0x5B, 0x8C, 0xC4, 0x51, 0xB7, 0xC7, 0xD8, 0x99, 0x03, 0xBE, 0x21,
    0xF0, 0x83, 0x02, 0x2F, 0xA2, 0x2F, 0x45, 0xA0, 0x00, 0x3E, 0xE9, 0x08, 0x7C, 0x8F, 0xCB, 0xFD,
    0xCD, 0x75, 0x01, 0xEF, 0x6D, 0xF5, 0x2E, 0x2A, 0x6A, 0x8A, 0xBD, 0x21, 0xF0, 0xB5, 0xF4, 0x60,
    0x70, 0x25, 0x1C, 0x42, 0x87, 0xCF, 0x1E, 0x8F, 0xFA, 0x16, 0xA0, 0x47, 0x27, 0x60, 0xBB, 0xF8,
    0xB2, 0x87, 0x5A, 0xD9, 0x03, 0x98, 0x6F, 0x66, 0xCC, 0xF3, 0x11, 0xF3, 0x14, 0xDA, 0x73, 0xF7,
    0x15, 0x31, 0x7F, 0x18, 0xF7, 0x82, 0x79, 0xE8, 0x30, 0x1F, 0x80, 0x79, 0x3B, 0x62, 0xAE, 0x9D,
    0x34, 0xEE, 0xF7, 0x69, 0xD0, 0x5C, 0x56, 0xD9, 0x37, 0x6F, 0x93, 0xB2, 0xE7, 0x6B, 0x65, 0x57,
    0x63, 0x63, 0x45, 0x4C, 0x7F, 0x59, 0x3D, 0x4F, 0xAF, 0x4E, 0xCF, 0x87, 0xA5, 0x9E, 0xAB, 0x3E,
    0xAB, 0x6E, 0xAB, 0x9E, 0x3B, 0x9D, 0x0F, 0xCF, 0x61, 0x7E, 0xFB, 0xF4, 0xDC, 0x7B, 0x62, 0xEE,
    0x4B, 0x6D, 0xEF, 0xA3, 0xC5, 0xFF, 0xD6, 0x3A, 0x75, 0xF6, 0xD9, 0xC8, 0x9F, 0xDF, 0xA0, 0x9E,
    0xDB, 0x9C, 0xE6, 0xC5, 0xBF, 0x0C, 0xBC, 0x73, 0x37, 0xCF, 0x47, 0x45, 0x7E, 0xC8, 0xDE, 0x11,
    0x96, 0x1E, 0x92, 0x0A, 0xE3, 0xA0, 0x98, 0x4A, 0x7F, 0x4F, 0x78, 0xB5, 0xB8, 0x9A, 0xB7, 0xB6,
    0xB5, 0xE5, 0xAD, 0x75, 0xA6, 0x55, 0x4B, 0xC6, 0x72, 0x50, 0x05, 0x0D, 0x3B, 0xEA, 0x9B, 0xD2,
    0xFE, 0x08, 0xED, 0xE6, 0x33, 0xF5, 0x2A, 0xAD, 0x41, 0x6B, 0xD3, 0x9A, 0x79, 0x17, 0xDE, 0x91,
    0x77, 0xB7, 0xC0, 0x79, 0xE2, 0xEA, 0xE1, 0x38, 0x69, 0xB1, 0xBF, 0xF6, 0x71, 0xCD, 0x22, 0xD1,
    0x22, 0x75, 0x45, 0xCE, 0x22, 0x33, 0xCB, 0xE2, 0x4F, 0xE4, 0x26, 0x43, 0xD0, 0xFF, 0x1C, 0x2D,
    0xFC, 0x8F, 0x9E, 0xE6, 0xF8, 0x0B, 0x29, 0xE2, 0xC1, 0x87, 0x99, 0x2A, 0x12, 0xCF, 0x7A, 0xA2,
    0x8A, 0x91, 0x40, 0x10, 0x8E, 0x7A, 0xA2, 0x1D, 0x9C, 0x54, 0x88, 0xF0, 0x60, 0x6B, 0x15, 0x5A,
    0x8B, 0x48, 0x27, 0xED, 0xA1, 0xAE, 0xA6, 0xDA, 0xA1, 0x41, 0xCF, 0x86, 0x1D, 0xB5, 0xE6, 0x3F,
    0x21, 0x8F, 0x42, 0xB1, 0xF4, 0x1F, 0x2F, 0xA0, 0x77, 0xAD, 0x74, 0xE0, 0xBB, 0xF6, 0x3B, 0xF8,
    0x1D, 0xFE, 0x46, 0x61, 0x5A, 0xDA, 0x3A, 0xCE, 0xF2, 0x91, 0x89, 0x4D, 0xA1, 0x35, 0x0E, 0x67,
    0xD4, 0x21, 0xA0, 0xAF, 0x0A, 0xFD, 0xCD, 0x15, 0xDD, 0xF2, 0x02, 0x77, 0xF9, 0xDA, 0x8C, 0x72,
    0x37, 0xD2, 0xDB, 0x2A, 0x13, 0xCA, 0x12, 0x65, 0xB2, 0x60, 0x57, 0xA5, 0x12, 0xF4, 0x13, 0xCD,
    0x68, 0xFC, 0x2F, 0xE9, 0xE2, 0x57, 0xC8, 0xC1, 0x89, 0x41, 0xA5, 0xA0, 0x42, 0x50, 0x19, 0xA8,
    0x08, 0x54, 0x02, 0x76, 0x64, 0xF6, 0xA5, 0x54, 0x91, 0x57, 0xE0, 0x15, 0x77, 0x85, 0x1D, 0xA8,
    0x0F, 0x23, 0xE8, 0x8A, 0xB9, 0x83, 0x7C, 0xF4, 0xC8, 0x2E, 0xF6, 0x55, 0x68, 0x17, 0x2E, 0x88,
    0x79, 0x69, 0xEF, 0x5C, 0x10, 0xAB, 0xEA, 0x3B, 0x92, 0x93, 0xAE, 0x3D, 0x70, 0x73, 0xC3, 0x09,
    0x68, 0x26, 0x07, 0x1D, 0x48, 0x1D, 0x60, 0x76, 0xB4, 0x6F, 0xF3, 0x68, 0xB8, 0x57, 0x6D, 0x44,
    0x96, 0x49, 0x23, 0xA8, 0x86, 0x9D, 0x74, 0x7B, 0xBF, 0xAF, 0x64, 0x70, 0xD8, 0xE1, 0xEA, 0xC1,
    0xEE, 0xBD, 0xE6, 0x01, 0xC6, 0x2C, 0x06, 0x18, 0xCF, 0xC8, 0xA0, 0x9E, 0x88, 0x51, 0xF9, 0xC2,
    0x6E, 0x61, 0xF5, 0x8B, 0xCB, 0x08, 0x0B, 0xC6, 0xDC, 0xCF, 0xA1, 0x41, 0x4F, 0x65, 0x3E, 0x5F,
    0xBB, 0x17, 0xE1, 0x79, 0xF7, 0xE2, 0xAD, 0x02, 0xF1, 0x89, 0x79, 0x4F, 0xBE, 0xBC, 0x07, 0xEB,
    0x19, 0xA3, 0x65, 0x02, 0xC6, 0x7D, 0x75, 0x06, 0x8F, 0x23, 0x59, 0x9E, 0x82, 0xE4, 0xB0, 0x40,
    0x32, 0x5F, 0x20, 0xE9, 0x1F, 0x47, 0xF2, 0xB2, 0x93, 0xF6, 0x5B, 0x85, 0xA4, 0xFA, 0x16, 0x74,
    0xD7, 0x66, 0x92, 0xBD, 0x39, 0x9D, 0x6C, 0x81, 0x64, 0xB3, 0x87, 0xE4, 0xDB, 0x85, 0x90, 0xFA,
    0x53, 0xBB, 0xD1, 0xF9, 0xA0, 0x7D, 0x19, 0x74, 0x3F, 0x46, 0x30, 0x05, 0x87, 0x45, 0x73, 0xE5,
    0x08, 0x95, 0xA3, 0x7B, 0x2A, 0xD6, 0x4B, 0xBC, 0x8D, 0xEC, 0xDF, 0x56, 0xF4, 0x20, 0x6B, 0xD5,
    0x76, 0x9D, 0xFF, 0xF7, 0xF9, 0xA1, 0x61, 0x40, 0x67, 0x17, 0xBF, 0xDE, 0x91, 0x8E, 0xBD, 0x43,
    0x30, 0xC8, 0x7E, 0xD0, 0xC1, 0x2B, 0x1F, 0x43, 0x06, 0xDE, 0xEE, 0xAD, 0x56, 0x47, 0xB1, 0x78,
    0xDE, 0xCB, 0x4D, 0xF5, 0x09, 0x02, 0x10, 0xDF, 0xF7, 0x18, 0x87, 0xB6, 0x80, 0xB9, 0x3C, 0x66,
    0x83, 0xBD, 0xA9, 0x8E, 0xED, 0x22, 0x01, 0x89, 0x0E, 0xD8, 0x05, 0x3B, 0x89, 0x3F, 0x30, 0xC4,
    0x10, 0x75, 0xC1, 0x81, 0x59, 0x87, 0x2E, 0xC7, 0x68, 0xD1, 0xAB, 0xD3, 0xA1, 0x5E, 0x87, 0x81,
    0x11, 0x2A, 0xBE, 0xBB, 0x5A, 0xA4, 0x46, 0x1D, 0x0F, 0x06, 0x0C, 0xBC, 0xAD, 0x33, 0x5C, 0x9D,
    0x15, 0xEB, 0x4C, 0xDA, 0xD1, 0xD1, 0x3A, 0x56, 0x14, 0x96, 0x13, 0xE2, 0xBA, 0x60, 0x90, 0x23,
    0x5F, 0x44, 0xF6, 0x34, 0xA6, 0x54, 0xD5, 0x74, 0x44, 0x6C, 0xAD, 0xA1, 0xC0, 0x1A, 0x4C, 0x84,
    0xB0, 0xCA, 0x6B, 0xB6, 0x09, 0x0C, 0xFE, 0x9D, 0x5A, 0xC6, 0x62, 0x92, 0xC1, 0x78, 0x87, 0x65,
    0x76, 0xF6, 0xF7, 0xBC, 0xD5, 0xAF, 0xC6, 0x11, 0x2D, 0x46, 0xEB, 0xB3, 0x6F, 0x11, 0x6B, 0x94,
    0x96, 0xFB, 0x4F, 0xCC, 0x3F, 0xAC, 0xC2, 0x82, 0x83, 0x81, 0x32, 0xFC, 0xB6, 0x0F, 0xAD, 0xFD,
    0xEF, 0x9E, 0x36, 0x01, 0x4D, 0x02, 0x5A, 0x04, 0x34, 0x08, 0xAC, 0x33, 0x23, 0x2F, 0x20, 0x3C,
    0x8F, 0x57, 0xF0, 0x5A, 0xD6, 0x22, 0xF5, 0xFD, 0x0F, 0x6A, 0xFE, 0xA6, 0x77, 0xA6, 0x87, 0x19,
    0xC9, 0x47, 0x22, 0x72, 0x11, 0x45, 0xDC, 0xC4, 0x83, 0x20, 0x1B, 0xB0, 0xA3, 0x10, 0xF1, 0x77,
    0xED, 0x77, 0x63, 0x14, 0xB0, 0xF1, 0x78, 0xF2, 0x8E, 0xFE, 0xB8, 0xE7, 0xC2, 0x87, 0x95, 0x46,
    0xA9, 0xE2, 0x43, 0xE1, 0xC3, 0x1F, 0x9A, 0x00, 0xBD, 0x47, 0xE6, 0x2F, 0x8D, 0x80, 0x20, 0x17,
    0xD8, 0x5F, 0xC2, 0xBC, 0x45, 0xC3, 0x52, 0xF4, 0xA2, 0x60, 0xDD, 0xFC, 0x7D, 0x01, 0xBE, 0x7F,
    0x15, 0x02, 0x94, 0xA1, 0x08, 0xF5, 0xBD, 0xE8, 0xD5, 0x60, 0x3C, 0x5D, 0x80, 0xA3, 0x57, 0xAF,
    0x2E, 0xFE, 0x5E, 0x71, 0xDE, 0xE3, 0x7F, 0xA3, 0x02, 0xAC, 0x54, 0x64, 0xEB, 0xE2, 0x1A, 0x7A,
    0xE0, 0x25, 0x43, 0x02, 0x37, 0xD0, 0x03, 0xCB, 0x49, 0x80, 0xBB, 0xA3, 0x02, 0x3C, 0x55, 0x1E,
    0xF0, 0xDE, 0xBF, 0x7B, 0x25, 0x79, 0x64, 0x2A, 0x81, 0x75, 0x71, 0x0D, 0xF2, 0x18, 0x5F, 0x1F,
    0xAB, 0x2F, 0xEB, 0x44, 0xF1, 0x54, 0x8B, 0x6C, 0x55, 0xFC, 0xF5, 0xF2, 0x94, 0x74, 0xBB, 0x5A,
    0xA0, 0x00, 0x1E, 0xD9, 0xBF, 0x8E, 0x57, 0xEE, 0x45, 0x79, 0x69, 0x0A, 0xFC, 0xE8, 0xD6, 0x08,
    0x39, 0x65, 0x30, 0x9D, 0xA3, 0x6B, 0x40, 0xD3, 0x49, 0x03, 0x03, 0x45, 0x9D, 0x6D, 0x0E, 0xF9,
    0x65, 0xD3, 0x09, 0xAF, 0x49, 0xE9, 0x6B, 0xAF, 0xE8, 0x55, 0xD5, 0xAC, 0xDE, 0x74, 0x36, 0x37,
    0x2B, 0x64, 0xB3, 0x34, 0xD2, 0xE1, 0xD6, 0x13, 0xCE, 0xBF, 0xB2, 0xFA, 0xF2, 0xB4, 0x12, 0xF9,
    0x67, 0x5F, 0x01, 0xC7, 0xEC, 0x99, 0x9A, 0x78, 0xF7, 0xA4, 0x4F, 0x64, 0x1D, 0x6C, 0x92, 0x0C,
    0x26, 0x0D, 0x2C, 0x41, 0xF0, 0x50, 0x5F, 0x39, 0x0D, 0x54, 0x42, 0xE6, 0x58, 0xE9, 0x2C, 0xA6,
    0x7A, 0xBF, 0x7C, 0xD9, 0x75, 0x53, 0xA9, 0xC2, 0x38, 0x5F, 0x5E, 0xF6, 0xFA, 0xAB, 0x28, 0x1D,
    0x75, 0xD1, 0x98, 0x05, 0x5D, 0xFE, 0x1A, 0xF4, 0x91, 0x18, 0x7C, 0x41, 0x5F, 0x60, 0x35, 0x69,
    0xA7, 0x2B, 0x3B, 0x5D, 0x64, 0x19, 0xF5, 0xB6, 0x39, 0x86, 0xDA, 0xAA, 0xC4, 0x3C, 0x59, 0xD4,
    0x58, 0x95, 0xCD, 0x88, 0xC0, 0xD5, 0xD1, 0xA8, 0x0D, 0xEA, 0xCC, 0x7E, 0xB0, 0x95, 0xB9, 0x7F,
    0x33, 0x24, 0xB6, 0xEE, 0xBD, 0xF5, 0x94, 0x8C, 0x21, 0x6C, 0xFC, 0x50, 0x6F, 0xAE, 0xE1, 0xB3,
    0xBA, 0xC7, 0x63, 0xF3, 0x71, 0x64, 0x3F, 0xED, 0x64, 0x94, 0x6E, 0xE5, 0xFF, 0x26, 0xD3, 0x68,
    0xE5, 0xA2, 0xE3, 0xF6, 0xF3, 0x27, 0xB8, 0xA2, 0x8F, 0x31, 0x2B, 0x6F, 0x68, 0xE9, 0x9D, 0xE8,
    0x97, 0x1A, 0x3E, 0x7B, 0x8D, 0xB7, 0xB5, 0x87, 0xDC, 0xAE, 0xF1, 0x25, 0x66, 0xAD, 0xBE, 0xDD,
    0x82, 0xE3, 0x89, 0xEF, 0xCC, 0x24, 0x32, 0xC8, 0x55, 0x52, 0x81, 0x95, 0x31, 0x62, 0xB7, 0x5C,
    0x2D, 0xBC, 0x11, 0x19, 0xFE, 0xA1, 0xB9, 0x5B, 0x66, 0x65, 0x51, 0xA7, 0xF0, 0x45, 0x85, 0x1F,
    0xCF, 0xAE, 0xF9, 0x09, 0xD8, 0x1F, 0xF5, 0xC3, 0xB5, 0xD2, 0x2B, 0xF8, 0x5C, 0x87, 0xAC, 0x64,
    0x1A, 0x14, 0xF3, 0x2E, 0x96, 0x21, 0x50, 0x46, 0xAC, 0xAD, 0xF8, 0x7D, 0xA5, 0x4F, 0x77, 0x30,
    0x68, 0xE2, 0x1E, 0x7F, 0xB3, 0xED, 0x27, 0x2E, 0xA4, 0xFC, 0x05, 0x97, 0xF8, 0x4B, 0xB6, 0x85,
    0xCC, 0x9E, 0x32, 0xCB, 0xFD, 0x59, 0xD5, 0x27, 0x9D, 0x41, 0xE4, 0xD0, 0xBD, 0x97, 0xF6, 0xD4,
    0xB5, 0x68, 0xDE, 0xA5, 0x79, 0x74, 0xDA, 0x99, 0xD5, 0xE7, 0x0F, 0x9C, 0xA9, 0xF3, 0x56, 0x1D,
    0xFC, 0x95, 0x3B, 0xD0, 0x01, 0xCD, 0x1D, 0x14, 0x25, 0x0E, 0x06, 0xDA, 0x6D, 0x56, 0xAC, 0xA7,
    0x09, 0x90, 0x8D, 0x7C, 0x89, 0xE6, 0x54, 0x43, 0xA5, 0x01, 0xD1, 0x94, 0x0B, 0x15, 0xEC, 0x3A,
    0xD6, 0x0D, 0x35, 0xEF, 0x3C, 0xA4, 0x61, 0x1F, 0xD7, 0x08, 0x06, 0x37, 0x33, 0xE1, 0x77, 0xFB,
    0x86, 0x04, 0x22, 0xCE, 0x33, 0x09, 0xAE, 0x8D, 0x4C, 0xF1, 0x82, 0xDA, 0x19, 0xA5, 0x50, 0xC6,
    0x00, 0x82, 0x09, 0xD0, 0xE7, 0x03, 0xED, 0x64, 0x69, 0x3D, 0x2D, 0xD0, 0xFB, 0x8C, 0x21, 0x88,
    0x21, 0x91, 0xD3, 0xE4, 0xDC, 0xBC, 0xB6, 0xB9, 0x70, 0x05, 0xF4, 0x9D, 0x51, 0x68, 0x33, 0xCD,
    0x21, 0xAB, 0x8A, 0x07, 0x59, 0x03, 0x41, 0xA5, 0x56, 0x97, 0x3B, 0xB8, 0x0C, 0x65, 0xE9, 0x27,
    0xEB, 0x5A, 0xB0, 0x2F, 0xE2, 0x49, 0xE4, 0xCB, 0x6A, 0x30, 0xFE, 0xAE, 0x2A, 0xE3, 0x36, 0x69,
    0xDE, 0x29, 0xCF, 0x1E, 0xCF, 0xC3, 0x68, 0x73, 0x7D, 0x1F, 0x31, 0x9C, 0xBD, 0x6A, 0x63, 0xD4,
    0xF0, 0x14, 0xA9, 0x77, 0x66, 0x5E, 0xD0, 0x0A, 0xD8, 0x4D, 0x63, 0xC6, 0xA0, 0x32, 0x2E, 0x83,
    0xE0, 0x4C, 0xAE, 0xDF, 0x59, 0x26, 0x08, 0x59, 0x2C, 0x26, 0x08, 0x2D, 0x98, 0x2B, 0x85, 0x16,
    0x59, 0xBA, 0x50, 0x96, 0x4E, 0xA4, 0xCD, 0x76, 0x66, 0x8C, 0xC8, 0xD3, 0xB2, 0x35, 0x76, 0xC7,
    0x33, 0xDB, 0x0C, 0x06, 0xC3, 0x06, 0x27, 0xD9, 0x32, 0x64, 0x3D, 0x5A, 0xA7, 0x5B, 0x50, 0xC9,
    0xB8, 0xC8, 0x92, 0x70, 0xFD, 0x25, 0xDA, 0x99, 0x89, 0x13, 0xB7, 0xCC, 0x56, 0x6C, 0x99, 0xC9,
    0xB2, 0x97, 0x7F, 0xF1, 0x13, 0x33, 0xC5, 0xFA, 0x9C, 0xC9, 0xAC, 0x2A, 0xAD, 0x54, 0xBF, 0xE1,
    0xAF, 0x61, 0xB7, 0x32, 0x96, 0x5F, 0x4A, 0x3C, 0xAB, 0x5D, 0xCF, 0xC2, 0x8D, 0xB2, 0xB0, 0x1C,
    0x2D, 0x64, 0x6A, 0xD1, 0x09, 0x2D, 0x62, 0x1F, 0x96, 0xA9, 0x62, 0x48, 0x0D, 0xD1, 0x46, 0xAA,
    0x39, 0x84, 0x1F, 0xBE, 0xDC, 0xB9, 0x88, 0xBA, 0xA5, 0x22, 0xC0, 0xFC, 0x74, 0xB5, 0x84, 0xA8,
    0x4F, 0x5B, 0x65, 0x4B, 0x3B, 0x39, 0x63, 0xFA, 0xF2, 0xC0, 0x6C, 0x44, 0x55, 0xEF, 0x56, 0xFE,
    0x0B, 0xFF, 0xE5, 0x0F, 0x45, 0x39, 0x35, 0x81, 0xFC, 0xB1, 0x3E, 0xAE, 0x51, 0xCD, 0xFC, 0xE1,
    0xE6, 0xF1, 0x2B, 0xF0, 0x87, 0x5A, 0xB8, 0xC6, 0x14, 0x30, 0x23, 0xC1, 0xE6, 0xCA, 0xDF, 0xCF,
    0x8C, 0x8B, 0x90, 0x32, 0x89, 0x2E, 0xA2, 0xC9, 0x8E, 0xAE, 0x99, 0xE5, 0x87, 0xBD, 0x90, 0x9B,
    0x23, 0x7B, 0xC1, 0xE6, 0x8F, 0xBD, 0x3E, 0xEC, 0xE3, 0x56, 0xDC, 0x82, 0x89, 0xBB, 0x13, 0xFF,
    0x72, 0xDB, 0x15, 0x5D, 0xD2, 0xBD, 0x55, 0xAD, 0xDA, 0x57, 0x7D, 0x3B, 0xA9, 0x39, 0x35, 0x9E,
    0x24, 0x29, 0x9D, 0xD2, 0x4F, 0x29, 0x33, 0x70, 0xD1, 0x4F, 0xFA, 0xDB, 0x64, 0x43, 0x32, 0xB8,
    0x84, 0xBF, 0x32, 0x6C, 0x7C, 0xCC, 0xF1, 0xBD, 0xD7, 0x47, 0x8D, 0x0E, 0x7D, 0x1E, 0xA7, 0x23,
    0x6A, 0x0C, 0x09, 0x15, 0xA8, 0x9E, 0x08, 0x7E, 0x4D, 0xC0, 0xDB, 0xDD, 0x37, 0x84, 0x8A, 0x9F,
    0xDB, 0x70, 0x63, 0xE3, 0xAD, 0x8D, 0x85, 0xD6, 0x36, 0x2E, 0x6D, 0x22, 0xFA, 0x6F, 0xEC, 0xEF,
    0x9F, 0x6E, 0x61, 0xE4, 0x18, 0x0C, 0x8B, 0xCE, 0x8D, 0x43, 0xAF, 0xC1, 0x26, 0xE1, 0xE1, 0x28,
    0x3A, 0x93, 0xA0, 0x79, 0xD5, 0x26, 0x5E, 0x8E, 0xFD, 0x5E, 0x06, 0x62, 0xF7, 0x36, 0x47, 0x2E,
    0x29, 0x31, 0xC5, 0x17, 0xBD, 0x49, 0xFA, 0xD3, 0x32, 0x43, 0xEE, 0x92, 0x22, 0xFA, 0xC2, 0x21,
    0x50, 0xE0, 0xED, 0x8C, 0x1B, 0x5A, 0x0C, 0x67, 0x66, 0x5D, 0x2D, 0xD1, 0x58, 0x5A, 0xAA, 0x8B,
    0x02, 0xA4, 0xFF, 0x44, 0xFA, 0xE8, 0x84, 0x7B, 0x8D, 0xAB, 0x20, 0x23, 0x65, 0xA8, 0xE4, 0xF8,
    0xFB, 0xBF, 0xCA, 0xD8, 0xF2, 0x8D, 0x60, 0x0A, 0x42, 0x0B, 0xF2, 0xFE, 0xEC, 0xE0, 0x99, 0xAD,
    0xB8, 0x26, 0x65, 0x88, 0xC4, 0x10, 0xF4, 0x90, 0x3B, 0xDA, 0x35, 0xF2, 0x29, 0x1C, 0xC6, 0xFC,
    0x60, 0xB7, 0x40, 0x11, 0x6F, 0x0F, 0x2E, 0x7F, 0x73, 0xFA, 0xC4, 0x20, 0x2A, 0xB4, 0x27, 0x1D,
    0x34, 0x6C, 0x42, 0xAA, 0xC9, 0x88, 0x0C, 0x08, 0x60, 0xF4, 0x15, 0xCA, 0x1B, 0x5B, 0x19, 0xA6,
    0x85, 0xCA, 0x00, 0x2A, 0x94, 0x69, 0xC3, 0x18, 0x5C, 0x40, 0x8B, 0x1A, 0x34, 0xDB, 0x80, 0x26,
    0x0D, 0x68, 0xDC, 0x82, 0x06, 0x3D, 0x28, 0x96, 0x45, 0x2C, 0x93, 0x3D, 0x31, 0x07, 0x7F, 0xC6,
    0x0C, 0xC7, 0xAF, 0x99, 0x51, 0xFA, 0x0C, 0x34, 0x66, 0x70, 0x26, 0x22, 0x0D, 0x48, 0x7D, 0x0D,
    0xD7, 0x30, 0xC9, 0x08, 0x2D, 0x0C, 0xB7, 0xD3, 0x68, 0x5D, 0x3B, 0x78, 0xFD, 0xEE, 0x5C, 0xA3,
    0x98, 0x40, 0xD5, 0xA7, 0xD2, 0x9E, 0xA1, 0x82, 0x89, 0xBE, 0x0B, 0x65, 0xE4, 0xDB, 0x62, 0x82,
    0xAA, 0x85, 0x41, 0xD8, 0x31, 0x0C, 0xFE, 0x5D, 0x01, 0x39, 0x01, 0xBD, 0xE6, 0x44, 0xF4, 0x62,
    0xA2, 0x17, 0x75, 0x27, 0xA2, 0x17, 0x2E, 0xD0, 0xF3, 0x66, 0xF4, 0x5E, 0xC9, 0xC2, 0x58, 0x24,
    0x28, 0xBE, 0x31, 0x48, 0x2F, 0x63, 0x3E, 0x78, 0xE7, 0xCD, 0x07, 0xB1, 0xFF, 0x60, 0x05, 0x86,
    0x1D, 0x0C, 0x10, 0xCF, 0x72, 0x9C, 0x2F, 0xBA, 0x39, 0xED, 0xF5, 0xB6, 0xEA, 0xBD, 0xFF, 0xD8,
    0xFB, 0x1C, 0x79, 0x81, 0x1D, 0x12, 0xA6, 0xB7, 0x08, 0x8E, 0x97, 0x63, 0xDE, 0xFA, 0xA3, 0x1B,
    0x51, 0x79, 0x37, 0x61, 0x9F, 0x50, 0x04, 0x0D, 0xE2, 0x67, 0x7D, 0xD0, 0x21, 0x80, 0xE6, 0x22,
    0x68, 0x2E, 0x84, 0xE6, 0x62, 0x68, 0x46, 0x83, 0x68, 0x46, 0xA3, 0x68, 0x46, 0xC3, 0x68, 0xA3,
    0xBB, 0x78, 0x0D, 0xC5, 0xED, 0x19, 0xF4, 0xD4, 0xB7, 0x59, 0x53, 0x2E, 0x4A, 0x44, 0xB6, 0x19,
    0x57, 0xBA, 0xB1, 0x78, 0xFF, 0x26, 0xBB, 0xE7, 0x01, 0x4F, 0x37, 0xD1, 0x04, 0x60, 0x99, 0x72,
    0x92, 0x9D, 0x31, 0xA7, 0x6F, 0x8E, 0xB9, 0xC3, 0x45, 0x13, 0x6F, 0x5E, 0xFF, 0xC9, 0xB9, 0xD8,
    0xC9, 0xF5, 0x9F, 0x0D, 0xFA, 0x71, 0xC0, 0xBC, 0x58, 0xC3, 0x24, 0x59, 0xAB, 0x08, 0xD8, 0x7C,
    0xBD, 0x3D, 0x85, 0x13, 0x5E, 0x42, 0x97, 0xCA, 0x05, 0xE7, 0x4F, 0x2A, 0xDC, 0xE5, 0xCB, 0xF5,
    0x9F, 0xAC, 0x76, 0x1B, 0x04, 0xDC, 0x6D, 0x1D, 0x13, 0x9E, 0x66, 0xE7, 0x0A, 0x83, 0x58, 0xA0,
    0x1A, 0xD9, 0x75, 0xCC, 0xBB, 0xA6, 0x9C, 0x92, 0xC8, 0x85, 0xC8, 0x77, 0x19, 0x0F, 0xF7, 0xEC,
    0x56, 0x5C, 0xC1, 0xB4, 0x11, 0xBF, 0x27, 0xEA, 0xD1, 0x0B, 0x7A, 0x61, 0xC9, 0x47, 0x96, 0x82,
    0x37, 0xA8, 0xE7, 0xB9, 0x22, 0x03, 0x7F, 0x40, 0xA7, 0xD9, 0x21, 0xAF, 0xA1, 0x17, 0x5F, 0x33,
    0xEE, 0x90, 0x29, 0xDA, 0x20, 0x53, 0xB4, 0xF6, 0x78, 0xDF, 0x14, 0x3A, 0xCE, 0x4C, 0x51, 0xB7,
    0x47, 0x26, 0x58, 0xEF, 0x91, 0x29, 0x2E, 0xD8, 0x23, 0xF3, 0x83, 0x93, 0x89, 0xCB, 0x0B, 0x63,
    0x9A, 0x20, 0x12, 0x42, 0xF1, 0x5B, 0x60, 0xCB, 0x1B, 0x16, 0x8C, 0x31, 0x3F, 0xD5, 0xED, 0x19,
    0x63, 0xA6, 0x2B, 0x9B, 0x19, 0xB7, 0x6C, 0x7B, 0xFA, 0xCF, 0xBA, 0x6B, 0x20, 0x6C, 0xFE, 0x1F,
    0xC8, 0xC7, 0xFC, 0x04, 0x13, 0x7E, 0x81, 0xB6, 0x5A, 0x2E, 0xD0, 0x70, 0x04, 0x16, 0x43, 0x24,
    0xFD, 0xB4, 0xBF, 0x69, 0x21, 0xE9, 0x02, 0xB5, 0xAE, 0x51, 0x77, 0x31, 0x03, 0xBF, 0x68, 0xC3,
    0x87, 0x3C, 0x42, 0xA3, 0x9E, 0xE1, 0x88, 0xC0, 0xD3, 0x7F, 0xC0, 0x0C, 0xCD, 0x5C, 0x18, 0xC2,
    0xCF, 0xFD, 0x11, 0x4E, 0x02, 0xD3, 0xB8, 0x59, 0x8D, 0x83, 0xA7, 0xFB, 0x37, 0x1F, 0x83, 0x83,
    0xD6, 0xAC, 0x8E, 0x92, 0xE9, 0x28, 0x76, 0xF1, 0xE6, 0x23, 0x47, 0xF3, 0x79, 0xEB, 0x6B, 0xE7,
    0x9A, 0x8B, 0xF3, 0x23, 0xB7, 0xDB, 0x03, 0xB5, 0xE6, 0x34, 0x98, 0xB8, 0x9F, 0x5B, 0x34, 0xB7,
    0x72, 0xD1, 0x72, 0x6F, 0x42, 0x63, 0x46, 0x28, 0x92, 0x79, 0xE7, 0xCC, 0xEA, 0x26, 0x80, 0x9D,
    0x26, 0xA5, 0x41, 0x46, 0x9F, 0x30, 0x72, 0x16, 0xDB, 0x7B, 0xF6, 0x7B, 0x9B, 0x8B, 0x57, 0x93,
    0xB4, 0x52, 0x4F, 0x0B, 0x13, 0x53, 0x44, 0x16, 0x42, 0x6B, 0x99, 0xDD, 0xCB, 0x0E, 0x39, 0x80,
    0x67, 0x8F, 0x99, 0xC7, 0x1A, 0x2E, 0xA3, 0x41, 0x6A, 0xC7, 0xB8, 0xFB, 0x7C, 0x94, 0xEF, 0x1D,
    0x4D, 0x3E, 0x97, 0xCB, 0xFB, 0x2F, 0x8D, 0xEF, 0xF6, 0x9C, 0xD5, 0xAE, 0x69, 0x88, 0xC9, 0xC9,
    0x8C, 0x6B, 0xBC, 0x9C, 0x89, 0xC4, 0xC2, 0xA1, 0x34, 0x1B, 0x79, 0x5D, 0xDF, 0x20, 0xD5, 0x10,
    0x0D, 0x92, 0xAA, 0xE8, 0x03, 0x42, 0xFA, 0x09, 0x0D, 0x49, 0x0F, 0x69, 0x5E, 0xF7, 0x35, 0x3A,
    0x54, 0x2E, 0x76, 0x97, 0xE8, 0x36, 0xC3, 0xCD, 0xEC, 0x6D, 0x1D, 0xCD, 0x30, 0xFE, 0x4E, 0xB9,
    0x2C, 0xA7, 0xAC, 0x7B, 0xAF, 0xD2, 0xBC, 0x66, 0x06, 0x05, 0xBD, 0xB1, 0x95, 0x07, 0xA9, 0xFE,
    0xAA, 0x21, 0xAC, 0x07, 0xEA, 0x3F, 0xB6, 0xA4, 0x5C, 0x61, 0xEF, 0xA6, 0x80, 0xA5, 0x61, 0x30,
    0xD2, 0x05, 0x32, 0x19, 0x92, 0xA4, 0x59, 0x65, 0x99, 0x22, 0x67, 0x8D, 0x06, 0xC6, 0x5C, 0x48,
    0x32, 0x3E, 0x10, 0x92, 0x2C, 0xD1, 0xB8, 0x80, 0x6E, 0x65, 0xBA, 0xC1, 0x06, 0x82, 0x45, 0x6B,
    0x7A, 0xAF, 0xDF, 0xC5, 0xFD, 0x50, 0xF4, 0x40, 0x47, 0xEE, 0xBE, 0x31, 0x6A, 0xB7, 0x5D, 0x36,
    0x04, 0x71, 0xED, 0x08, 0x54, 0x9B, 0x05, 0x02, 0x6C, 0x3B, 0x76, 0x20, 0x8E, 0x08, 0xB8, 0x70,
    0x2C, 0x83, 0xBE, 0x2B, 0x04, 0xC2, 0x7D, 0x04, 0x2E, 0xEF, 0x26, 0x25, 0x07, 0xDD, 0xA4, 0xB8,
    0x4E, 0xEA, 0xB8, 0xB6, 0x75, 0xFC, 0x3D, 0x96, 0x0B, 0xE1, 0x9D, 0x8B, 0x9E, 0x69, 0xEE, 0x0A,
    0x93, 0x57, 0x5E, 0x25, 0xB2, 0xBD, 0x74, 0x87, 0xE0, 0xF4, 0xD0, 0x19, 0xEA, 0xF5, 0x83, 0x63,
    0x7C, 0x37, 0xFA, 0x41, 0x41, 0xCF, 0xBD, 0x92, 0xF6, 0x83, 0xD6, 0xB8, 0x0C, 0x2E, 0xB7, 0x1B,
    0xF4, 0x96, 0xEB, 0xE6, 0x7B, 0xE5, 0xDD, 0x47, 0x48, 0xE0, 0x0C, 0x19, 0x03, 0xD2, 0xAD, 0x17,
    0xE6, 0x2C, 0x5F, 0xE3, 0xBE, 0xB9, 0x72, 0xDC, 0x7F, 0x77, 0x11, 0x50, 0x21, 0x8C, 0x44, 0xD7,
    0x09, 0x3C, 0x39, 0xE7, 0x58, 0xDE, 0x7F, 0xA8, 0x53, 0xB1, 0x6E, 0x99, 0xC0, 0x4E, 0xEB, 0x17,
    0x18, 0x60, 0x76, 0x32, 0xC0, 0x70, 0xF4, 0xD7, 0x9C, 0x90, 0x9F, 0x1D, 0x5A, 0x79, 0x69, 0x34,
    0x71, 0x27, 0xA7, 0xC0, 0x06, 0x9D, 0x68, 0x74, 0x17, 0x09, 0x86, 0x52, 0x9F, 0x3E, 0x13, 0xF6,
    0xE5, 0xD2, 0x25, 0x76, 0x03, 0x32, 0x03, 0x3A, 0xC9, 0xCA, 0x3F, 0x78, 0x37, 0x07, 0x45, 0x9D,
    0xC9, 0x16, 0x77, 0x14, 0x9F, 0x04, 0x9B, 0x23, 0xCA, 0xC0, 0x0E, 0xCE, 0x18, 0xED, 0xC8, 0x61,
    0x39, 0x72, 0xAB, 0x23, 0x1A, 0x07, 0x34, 0xD6, 0xC1, 0xE1, 0x0C, 0xA3, 0xD9, 0x21, 0x85, 0xC1,
    0x06, 0x5E, 0x4C, 0x80, 0x98, 0x75, 0x06, 0x93, 0x3E, 0x17, 0x27, 0x43, 0xCE, 0xAF, 0x60, 0x54,
    0xFC, 0x78, 0xCA, 0x95, 0x75, 0xCD, 0x88, 0xAC, 0xEE, 0x01, 0xDF, 0x91, 0xED, 0x1C, 0x74, 0x3A,
    0x21, 0x6E, 0xC2, 0x5C, 0xD9, 0x4C, 0xB6, 0xD2, 0xF2, 0x62, 0x13, 0xDB, 0x7F, 0xB4, 0x75, 0xE0,
    0xB6, 0x82, 0x4D, 0x9B, 0xF8, 0x14, 0xE0, 0x8A, 0x79, 0xCC, 0x04, 0x43, 0xAC, 0xA2, 0x72, 0x32,
    0x31, 0x6E, 0x39, 0xF0, 0xC4, 0x97, 0x7D, 0x93, 0xDD, 0x14, 0x3D, 0x36, 0xD8, 0xF9, 0xC3, 0xEB,
    0x63, 0x6E, 0x16, 0x98, 0xFB, 0x4B, 0xCC, 0x23, 0x60, 0x5E, 0x10, 0xF3, 0x56, 0xC6, 0xC2, 0x18,
    0x86, 0xCE, 0x39, 0xCC, 0x5F, 0x1F, 0x49, 0xB5, 0x01, 0x9E, 0x2B, 0x92, 0xCF, 0x0F, 0x20, 0x99,
    0x5F, 0x1A, 0xC9, 0x66, 0x81, 0x64, 0x1D, 0x4E, 0x48, 0xD2, 0x78, 0xE7, 0xD8, 0xF6, 0x80, 0x6B,
    0x8B, 0x89, 0xF6, 0x52, 0x76, 0xCA, 0x6C, 0x98, 0x53, 0xEB, 0x1E, 0x56, 0x34, 0x90, 0xA9, 0xC8,
    0x0F, 0xB6, 0x47, 0xB1, 0x2C, 0x8E, 0x61, 0x59, 0x9E, 0x8C, 0xA5, 0x75, 0x58, 0x86, 0x68, 0x77,
    0x50, 0x1B, 0xDD, 0x53, 0xE5, 0x5A, 0x8B, 0x79, 0xE3, 0x77, 0x12, 0x5A, 0x16, 0xB9, 0x5B, 0xBD,
    0x53, 0x55, 0x56, 0xB5, 0x56, 0x15, 0x57, 0x75, 0xFF, 0x41, 0x8C, 0x2D, 0xFE, 0x13, 0xF3, 0xB9,
    0xE6, 0x81, 0x9B, 0xE2, 0xDB, 0xC6, 0x59, 0x94, 0x9A, 0x50, 0xFC, 0xAB, 0x9B, 0x1B, 0x56, 0xCE,
    0xE7, 0x03, 0xBE, 0xF1, 0x35, 0xF6, 0x4B, 0xD2, 0x3F, 0x20, 0x38, 0x7F, 0xAC, 0x39, 0xAE, 0xEA,
    0xAE, 0xF7, 0x73, 0x60, 0xED, 0x13, 0x06, 0x42, 0xD5, 0x7F, 0x7A, 0x50, 0x32, 0x4D, 0x6A, 0xF9,
    0xE6, 0x2A, 0x0B, 0xDE, 0x7B, 0xDF, 0x5F, 0xF4, 0x86, 0x34, 0x7B, 0xE6, 0x4B, 0xF4, 0xE6, 0x8F,
    0x78, 0x67, 0x01, 0x47, 0x8C, 0x01, 0x31, 0xFF, 0xDE, 0xEF, 0x03, 0xB9, 0x95, 0xA8, 0xA9, 0xBA,
    0x79, 0xEA, 0x01, 0x6A, 0x16, 0xA7, 0x8B, 0x53, 0xA5, 0xE5, 0xB1, 0xDD, 0x75, 0xB7, 0x03, 0xED,
    0xB0, 0xD6, 0x25, 0x12, 0x84, 0x8B, 0xD1, 0x53, 0x93, 0x32, 0xE8, 0x53, 0xA3, 0x9F, 0x3F, 0x9D,
    0x12, 0xD1, 0x74, 0x05, 0x47, 0x3F, 0xAF, 0x9C, 0xD0, 0xC6, 0x6D, 0x3A, 0x2E, 0x43, 0xAE, 0xE8,
    0xAF, 0x1A, 0xA3, 0x4C, 0x2B, 0x58, 0xD0, 0x2B, 0xC2, 0xE8, 0x92, 0x1A, 0x76, 0x91, 0xE6, 0x4D,
    0x1A, 0x26, 0xCD, 0x8E, 0x5A, 0x7F, 0x8B, 0xBE, 0xFF, 0x81, 0xF2, 0x29, 0xC7, 0x4F, 0x19, 0x46,
    0xDC, 0x4F, 0x70, 0xBC, 0xEA, 0x7C, 0xE0, 0x13, 0x69, 0xC5, 0xA5, 0x33, 0x0C, 0xD0, 0xDC, 0xC4,
    0x8D, 0x0E, 0xD0, 0x30, 0x27, 0x9C, 0x23, 0x6F, 0x64, 0xFF, 0x57, 0x46, 0x17, 0x8F, 0x23, 0x32,
    0x26, 0xA5, 0x69, 0x7A, 0xFF, 0x0B, 0x19, 0x8A, 0x03, 0xBB, 0xE1, 0xF3, 0x75, 0x7A, 0x0C, 0x6C,
    0xE2, 0x4C, 0x96, 0xC5, 0xE6, 0x40, 0xAB, 0xAE, 0x26, 0x32, 0x5B, 0xD4, 0x74, 0x73, 0xB0, 0x12,
    0x58, 0x57, 0x9B, 0xD0, 0xD6, 0xD9, 0x60, 0xAB, 0x5A, 0x46, 0xE3, 0x54, 0x26, 0xCE, 0x4E, 0x66,
    0x9D, 0xFB, 0xF9, 0x2A, 0xDD, 0x70, 0x4D, 0x8F, 0xBC, 0x6E, 0x17, 0xE6, 0x31, 0x94, 0x7D, 0x26,
    0x47, 0x1A, 0xF4, 0x26, 0xE1, 0xCE, 0x38, 0x92, 0xA4, 0x1B, 0x78, 0x67, 0xB1, 0x5D, 0x0C, 0x99,
    0xD5, 0xF6, 0xF6, 0xC3, 0x7D, 0xF6, 0xD0, 0x7B, 0x24, 0x56, 0x4C, 0xC4, 0xD4, 0x6D, 0xEE, 0x15,
    0x2F, 0xC7, 0x27, 0x3E, 0xDC, 0xBC, 0x8A, 0xAB, 0xD1, 0xA3, 0xB6, 0x5F, 0xD0, 0x14, 0xB4, 0xC6,
    0x92, 0x99, 0xF2, 0x1B, 0x67, 0x19, 0x16, 0xCD, 0x0F, 0x60, 0xB8, 0x99, 0x77, 0x3C, 0x15, 0xA8,
    0x87, 0x8F, 0x4B, 0x68, 0xC2, 0x91, 0xF0, 0x5F, 0xFE, 0x90, 0xF4, 0x37, 0x2E, 0x1F, 0xDF, 0xFC,
    0x94, 0xC6, 0x30, 0x1F, 0x22, 0xF0, 0x25, 0xF3, 0xEB, 0x3E, 0x6C, 0xB1, 0xFF, 0x05, 0x21, 0xCA,
    0x90, 0x92, 0xB9, 0xF5, 0xD2, 0x78, 0x78, 0x06, 0x25, 0x13, 0x93, 0x28, 0xC2, 0xE3, 0x9C, 0x92,
    0x7F, 0x07, 0x44, 0xBF, 0x10, 0xEB, 0x78, 0x17, 0xDF, 0xD4, 0x0C, 0x10, 0x2B, 0xFC, 0x37, 0x05,
    0xA4, 0x83, 0xF3, 0x1C, 0x90, 0x09, 0x80, 0xCC, 0x15, 0x48, 0xDF, 0xBA, 0x67, 0x0C, 0xC0, 0xB5,
    0xF3, 0xBE, 0xF8, 0x6E, 0xDE, 0x22, 0xB5, 0x5B, 0xAC, 0x27, 0xAB, 0x71, 0x50, 0xD1, 0xD9, 0x4B,
    0xBB, 0x9B, 0x50, 0xE2, 0xA7, 0x53, 0xC0, 0x64, 0x33, 0x25, 0xA9, 0x6D, 0x47, 0xD7, 0xC9, 0x9B,
    0xA3, 0x88, 0xD3, 0x76, 0xEA, 0xE9, 0x79, 0x6C, 0xE9, 0x98, 0x67, 0x5F, 0x7D, 0xA0, 0x9C, 0xEB,
    0x36, 0xEC, 0x8B, 0x5E, 0x55, 0xCD, 0x48, 0x59, 0xDC, 0x15, 0xEE, 0xA0, 0x65, 0xB8, 0x3C, 0xC7,
    0x76, 0x66, 0x66, 0xBC, 0x8B, 0xF3, 0x87, 0xD4, 0x12, 0x6C, 0x1C, 0xD8, 0x26, 0xEE, 0x60, 0x13,
    0xB7, 0x26, 0xF9, 0x16, 0x0F, 0x02, 0x8C, 0x3B, 0x93, 0x7E, 0xBD, 0x95, 0x5A, 0xA2, 0x1E, 0x8B,
    0xCE, 0x48, 0x53, 0x95, 0x83, 0xBF, 0xC1, 0xD3, 0xE9, 0x90, 0xB3, 0xFC, 0xCB, 0x46, 0xB3, 0x23,
    0x8B, 0xA0, 0xF5, 0x99, 0x84, 0x5D, 0x05, 0x5D, 0x00, 0x95, 0x36, 0x83, 0xCF, 0x67, 0x0C, 0x5A,
    0xB3, 0xF3, 0xF8, 0x14, 0x36, 0x7B, 0xAF, 0x37, 0x5C, 0x3B, 0xAC, 0x3E, 0xED, 0x0D, 0x9F, 0x7F,
    0x57, 0x7C, 0xD9, 0x99, 0x0A, 0xB1, 0xB5, 0xEC, 0xCB, 0xD6, 0x14, 0x70, 0x12, 0xB3, 0x6F, 0x1A,
    0x93, 0xC1, 0x67, 0x4C, 0xBF, 0x97, 0x03, 0x78, 0xDC, 0xC9, 0x0B, 0x39, 0x40, 0x6C, 0x36, 0x96,
    0x96, 0xA7, 0xC0, 0x27, 0xE6, 0x22, 0x40, 0xAD, 0x68, 0xC5, 0x4C, 0x66, 0xE0, 0x41, 0xAE, 0x6B,
    0x71, 0x91, 0x4E, 0x92, 0x39, 0xBA, 0xD7, 0x2C, 0xF9, 0x50, 0x41, 0x4D, 0x14, 0xBE, 0xEA, 0xD7,
    0xFA, 0xB4, 0xBF, 0xA3, 0xD0, 0x59, 0x3C, 0x82, 0x2A, 0xE8, 0x2B, 0xAE, 0x3F, 0xF5, 0x45, 0x89,
    0xF4, 0xFD, 0x2E, 0x13, 0x47, 0x30, 0x8F, 0xDA, 0x4C, 0xC4, 0x58, 0xC7, 0x4D, 0x5A, 0xC7, 0xDF,
    0x4A, 0x11, 0x6F, 0xE3, 0xAF, 0x6B, 0x21, 0x4D, 0xFC, 0xD5, 0x36, 0xAD, 0xA3, 0x26, 0xFD, 0x35,
    0x62, 0x8C, 0x4D, 0xF6, 0x8B, 0x26, 0x2B, 0xE5, 0x92, 0xA0, 0xCD, 0x04, 0xA6, 0xC2, 0xEF, 0xA4,
    0xAA, 0xFE, 0x29, 0xF3, 0xCF, 0xFA, 0xDE, 0xF4, 0xA2, 0x82, 0x43, 0x6F, 0x9E, 0xF6, 0x54, 0x43,
    0xF8, 0x64, 0x45, 0xCB, 0xE8, 0x83, 0xA8, 0x74, 0xD6, 0xB2, 0x48, 0x35, 0x21, 0x19, 0x58, 0x88,
    0x27, 0x4F, 0xED, 0x70, 0xBB, 0xC4, 0xDD, 0xA3, 0xF0, 0xF4, 0x19, 0x78, 0x9E, 0x3E, 0xF5, 0x2E,
    0xEC, 0x83, 0x63, 0x4B, 0xE3, 0xF4, 0x6B, 0x6D, 0x89, 0xD3, 0x7C, 0x26, 0xB3, 0x22, 0x2C, 0x0B,
    0xC1, 0xC8, 0xA1, 0xAF, 0xCF, 0xB9, 0x63, 0x5E, 0xF6, 0x96, 0xAB, 0x39, 0x7C, 0x18, 0xD0, 0x96,
    0x91, 0xCA, 0xB8, 0x21, 0x3C, 0x51, 0xC7, 0x24, 0xD7, 0xA0, 0x77, 0x7B, 0x9B, 0xDD, 0x33, 0x25,
    0x19, 0x0D, 0x19, 0x1F, 0xC4, 0x97, 0xAA, 0x7A, 0x3A, 0xCE, 0xA2, 0x7E, 0xF1, 0xA4, 0x97, 0x2B,
    0x2A, 0xF6, 0xB7, 0x87, 0xB7, 0x86, 0x59, 0xBD, 0x7B, 0xDB, 0xC3, 0x99, 0x76, 0xC1, 0x35, 0x3F,
    0x7A, 0xF0, 0x89, 0x68, 0x4C, 0xCD, 0xDD, 0x68, 0x62, 0x62, 0x14, 0x65, 0x28, 0xEE, 0xA7, 0x66,
    0x2F, 0xFB, 0xA2, 0x80, 0xD2, 0xB9, 0xB0, 0x61, 0x92, 0x9B, 0x10, 0x2B, 0x40, 0x9B, 0xD1, 0x8D,
    0xF8, 0x0C, 0xB8, 0x7F, 0x0D, 0x2F, 0xEE, 0x99, 0xD3, 0x35, 0x76, 0x91, 0xC5, 0xA6, 0x58, 0x3A,
    0x17, 0xEC, 0x99, 0xDC, 0x70, 0x49, 0xA9, 0x30, 0x06, 0x03, 0xDD, 0xE2, 0x05, 0xBA, 0xE3, 0x3B,
    0x6C, 0xBD, 0x96, 0x53, 0xAA, 0xEE, 0x17, 0x73, 0xCF, 0xDD, 0xD4, 0x2F, 0x2F, 0x78, 0x21, 0x7C,
    0xEA, 0x69, 0x40, 0x46, 0xFA, 0x11, 0x56, 0xD4, 0xA4, 0xCF, 0x84, 0x1A, 0x84, 0x46, 0x70, 0xCF,
    0x3D, 0xF8, 0x11, 0xA7, 0x49, 0xCF, 0xC6, 0x12, 0x20, 0xD3, 0x9C, 0xF1, 0x03, 0x63, 0x7F, 0xEE,
    0x81, 0x01, 0x4E, 0x5E, 0xFE, 0x24, 0xAF, 0xCD, 0xFC, 0x68, 0x81, 0x37, 0x20, 0x2F, 0xB7, 0xF4,
    0xC1, 0x3D, 0xA7, 0xEE, 0x21, 0x81, 0xFD, 0x22, 0xFF, 0xE4, 0xA0, 0xA7, 0x9F, 0x31, 0xEC, 0xBF,
    0xA4, 0xD3, 0xB3, 0x43, 0x7C, 0x72, 0x1A, 0xB2, 0x2F, 0xC7, 0xDD, 0x1C, 0x92, 0xD2, 0x87, 0x10,
    0xB2, 0x35, 0x1A, 0x16, 0xD2, 0x2D, 0xDB, 0xFA, 0xDC, 0x42, 0xF5, 0x95, 0x74, 0x3B, 0x8F, 0x5D,
    0xFC, 0xB8, 0xB8, 0x5E, 0xD7, 0x2A, 0x35, 0x9E, 0xC8, 0xEB, 0xD5, 0xBA, 0x71, 0x3F, 0x6E, 0x8E,
    0xC5, 0x1F, 0xB0, 0xDC, 0x1E, 0xBB, 0x8D, 0x51, 0xA2, 0x73, 0x68, 0xE0, 0xDE, 0x33, 0x10, 0xC1,
    0xFF, 0xF8, 0xD1, 0x24, 0xCA, 0xA0, 0xD7, 0xD6, 0x53, 0x70, 0xE5, 0xFC, 0x55, 0xAB, 0x5D, 0xB4,
    0xAA, 0xD9, 0xC8, 0x70, 0xF1, 0x95, 0x66, 0xA8, 0x2F, 0xB7, 0x93, 0xE9, 0x5C, 0xB6, 0xC0, 0xC5,
    0xD1, 0xCC, 0x9C, 0x88, 0xA7, 0xE2, 0xA1, 0x8F, 0xD8, 0x4C, 0xF6, 0xF1, 0xD0, 0x87, 0x92, 0x85,
    0x0B, 0x3C, 0x1D, 0xD8, 0x1B, 0x33, 0xCE, 0x4E, 0x2B, 0x3C, 0x9B, 0x39, 0xDC, 0xB7, 0xAC, 0xBC,
    0x3F, 0x58, 0xF9, 0x21, 0x3C, 0x31, 0x15, 0x72, 0x99, 0xC5, 0x7D, 0xF6, 0x36, 0xDC, 0x1F, 0xC7,
    0x12, 0x4F, 0x4E, 0x29, 0xCA, 0x63, 0xF0, 0x86, 0x8B, 0xAF, 0x34, 0x12, 0xBB, 0xC0, 0xF2, 0xC4,
    0x28, 0xD4, 0x6D, 0xD1, 0xCD, 0xB3, 0x47, 0xFE, 0x13, 0xE4, 0x8C, 0x19, 0x8B, 0x07, 0x9A, 0x5A,
    0x15, 0x83, 0xF7, 0xF0, 0x9A, 0xF5, 0x92, 0x8F, 0x2E, 0x29, 0xB0, 0x11, 0x6D, 0x6F, 0x49, 0xB7,
    0x1A, 0xDF, 0xAF, 0xB6, 0xB1, 0xED, 0xFF, 0x00, 0xED, 0x5A, 0x31, 0x93, 0xE5, 0x46, 0x11, 0x1E,
    0x49, 0x75, 0x2B, 0xCA, 0x0A, 0x44, 0x02, 0xC1, 0x6D, 0x20, 0x02, 0x22, 0x12, 0xFD, 0x01, 0x60,
    0x64, 0x13, 0x38, 0xB4, 0xFF, 0x01, 0x0E, 0x88, 0x2E, 0xB9, 0x84, 0x90, 0xB2, 0xDE, 0x3F, 0xB8,
    0xCB, 0x09, 0xEC, 0xE0, 0xAE, 0x0A, 0x9B, 0x00, 0xFE, 0x00, 0x48, 0x14, 0x01, 0x81, 0x03, 0x1E,
    0xBF, 0xC0, 0xAA, 0xC2, 0xF9, 0x8E, 0x5D, 0xAF, 0xA8, 0xB7, 0x9C, 0x9E, 0x9A, 0xEE, 0xAF, 0x7B,
    0x46, 0xDA, 0xDD, 0x77, 0xC7, 0x5D, 0x9D, 0x39, 0x03, 0x65, 0xD5, 0xBE, 0x99, 0x6F, 0x76, 0xF5,
    0x34, 0x3D, 0x3D, 0x3D, 0xDD, 0x5F, 0xB7, 0xD6, 0x39, 0xB9, 0xFC, 0xE8, 0x6E, 0xF4, 0xFD, 0x0E,
    0x5D, 0x46, 0x9D, 0x73, 0x0F, 0x89, 0x2F, 0xE7, 0x4A, 0xE9, 0x8E, 0x7C, 0x0B, 0x77, 0x0B, 0xFF,
    0x99, 0xAE, 0x2F, 0xE8, 0xE0, 0x5C, 0xC1, 0xB7, 0x34, 0x27, 0xE7, 0xAA, 0x59, 0xB0, 0x73, 0x75,
    0xE0, 0xEF, 0xF1, 0xEF, 0xDA, 0x89, 0xFB, 0x61, 0xD4, 0x27, 0x72, 0x83, 0x27, 0xF2, 0x2F, 0x07,
    0x7E, 0xA2, 0x6B, 0x82, 0x23, 0x79, 0x7E, 0xFD, 0xEA, 0xBD, 0x7E, 0x7F, 0x72, 0xBD, 0x3D, 0x37,
    0x3E, 0xBF, 0xB5, 0x79, 0x6B, 0x16, 0x31, 0x17, 0x71, 0x17, 0x95, 0x29, 0xA7, 0xBD, 0xEB, 0x0F,
    0xB2, 0x24, 0xBA, 0x62, 0xC8, 0xDF, 0x65, 0xF9, 0x3B, 0xAC, 0x4D, 0xC4, 0xE7, 0xEB, 0xDE, 0x53,
    0x67, 0x57, 0xFE, 0x1B, 0x69, 0x8B, 0x79, 0x6D, 0x9B, 0xD9, 0x55, 0x24, 0x37, 0x0E, 0xDC, 0x4E,
    0x85, 0xA8, 0xA0, 0xAB, 0xE9, 0x6D, 0x7E, 0x50, 0x73, 0x90, 0x29, 0xFD, 0x5E, 0x26, 0x61, 0x59,
    0xF8, 0x76, 0x96, 0x2C, 0x3F, 0x89, 0x9C, 0xD9, 0x02, 0x69, 0xE9, 0x4E, 0xBB, 0xD8, 0x5F, 0x87,
    0x9D, 0x2B, 0x4E, 0x22, 0x74, 0x39, 0x3B, 0x1F, 0x44, 0xE4, 0x9A, 0x1F, 0x12, 0x58, 0xC5, 0x57,
    0x34, 0x8A, 0x60, 0x72, 0x73, 0x2B, 0xCA, 0x76, 0xD9, 0x27, 0x51, 0x38, 0xF7, 0xA9, 0x76, 0xB4,
    0xED, 0x32, 0xED, 0xCA, 0x45, 0xFA, 0x9A, 0x66, 0xED, 0x0E, 0xDA, 0xED, 0x68, 0x55, 0xDD, 0x9B,
    0xEC, 0x06, 0xE9, 0x26, 0x59, 0xA5, 0x6C, 0xB8, 0x6C, 0x90, 0xEC, 0x13, 0xEF, 0x0F, 0x2F, 0xAE,
    0x3E, 0xF1, 0x2A, 0x79, 0x67, 0xE8, 0x9F, 0xB4, 0x60, 0x0F, 0xB0, 0x09, 0x2D, 0x11, 0x0C, 0xEE,
    0xC1, 0x63, 0x5B, 0x6B, 0x11, 0xD6, 0xB6, 0x42, 0xDB, 0x04, 0x12, 0xDB, 0x9B, 0xD0, 0x8E, 0xD2,
    0x42, 0x9B, 0xFC, 0xE4, 0xD7, 0x6C, 0x7B, 0xB4, 0x2C, 0x1A, 0xED, 0x32, 0x6E, 0x87, 0x7D, 0xC9,
    0xAD, 0x5F, 0x88, 0x6D, 0x97, 0x4D, 0xA5, 0xE5, 0x4D, 0xA2, 0x63, 0xC3, 0x6B, 0x78, 0xD0, 0xB9,
    0xF5, 0xA2, 0xB8, 0x0D, 0x38, 0x34, 0x7F, 0x9E, 0xD7, 0x41, 0x4D, 0x61, 0x1D, 0x14, 0x34, 0x6E,
    0xBE, 0xF4, 0x47, 0xF7, 0xD2, 0x17, 0xEB, 0xE5, 0xB1, 0x76, 0x6C, 0x0B, 0xA4, 0x16, 0xBB, 0x0E,
    0x42, 0x1A, 0xB8, 0xEF, 0xD3, 0x6C, 0x33, 0x39, 0xA8, 0x15, 0x03, 0x36, 0x49, 0x18, 0x1D, 0x26,
    0x67, 0x43, 0xA5, 0x74, 0xB2, 0xFD, 0x84, 0x41, 0x03, 0x19, 0x69, 0x8C, 0x3B, 0xA6, 0x47, 0x46,
    0x06, 0x95, 0x6C, 0x47, 0x79, 0xD2, 0x41, 0x29, 0x16, 0x28, 0x07, 0x4A, 0x06, 0x85, 0x0C, 0xB0,
    0x8B, 0xF1, 0x74, 0xB0, 0x86, 0xD2, 0x00, 0x9E, 0x22, 0x0E, 0x8A, 0xC5, 0xAD, 0x83, 0x7A, 0x76,
    0xEB, 0x03, 0x7C, 0x70, 0xEB, 0xA3, 0x87, 0xC9, 0xAD, 0x93, 0x42, 0x58, 0x13, 0xA7, 0xA0, 0x68,
    0xE1, 0x2C, 0x28, 0x5B, 0x8C, 0x0D, 0xE4, 0x94, 0x1F, 0xE3, 0x80, 0xEF, 0xEF, 0x83, 0x0D, 0x2A,
    0x8A, 0x8B, 0x55, 0x85, 0x14, 0x38, 0xE0, 0xD0, 0xD1, 0xE4, 0x70, 0x68, 0xD9, 0x62, 0xA0, 0xC4,
    0x75, 0xF0, 0xD8, 0xC5, 0x81, 0xA9, 0xFC, 0x81, 0xFB, 0xD1, 0xCE, 0xD4, 0xEE, 0xF7, 0x49, 0xE9,
    0x15, 0x3F, 0xCE, 0x54, 0x9E, 0xD1, 0x94, 0x14, 0xEE, 0xBB, 0x8D, 0xBA, 0x37, 0xCA, 0xDE, 0xA8,
    0xDA, 0xE4, 0x97, 0x49, 0x82, 0xAE, 0x2B, 0xC1, 0xEA, 0x90, 0x20, 0x54, 0x0C, 0xDB, 0x36, 0x05,
    0x8F, 0x49, 0xBD, 0x94, 0x54, 0xA8, 0x6E, 0x05, 0x90, 0xEF, 0x4F, 0x8A, 0x0D, 0xAB, 0x5A, 0xC7,
    0x55, 0xA9, 0x5D, 0x54, 0x29, 0x3B, 0x9A, 0xA4, 0xD0, 0x79, 0x55, 0x67, 0x58, 0x95, 0x39, 0xAE,
    0xAA, 0xEC, 0x92, 0x22, 0x97, 0x55, 0x8D, 0xF3, 0x0D, 0x25, 0xCE, 0xAB, 0x0A, 0xE7, 0x55, 0x81,
    0x66, 0xFA, 0xF7, 0x77, 0x6F, 0x7D, 0xAC, 0x72, 0xD5, 0x07, 0xAC, 0x9F, 0x51, 0x01, 0xAF, 0x84,
    0xC7, 0x0C, 0xC9, 0xA7, 0x22, 0x2E, 0x98, 0x77, 0x3D, 0x8F, 0x9A, 0xE5, 0x67, 0xD0, 0xB9, 0x34,
    0x7F, 0x57, 0x54, 0xD8, 0x90, 0xE6, 0x7A, 0xC9, 0x31, 0x65, 0x39, 0x8B, 0xF7, 0x9D, 0xB1, 0x3C,
    0x9E, 0x0F, 0x46, 0xE6, 0x47, 0x76, 0x39, 0x15, 0x2C, 0xB3, 0x23, 0x33, 0x4B, 0x38, 0x09, 0xD8,
    0xE4, 0x1C, 0x91, 0xEA, 0x0D, 0xB2, 0xEC, 0x23, 0xE2, 0xE8, 0x64, 0x48, 0xCF, 0x41, 0xA1, 0xAB,
    0x67, 0x65, 0xB2, 0x8B, 0x16, 0x07, 0xD4, 0x63, 0x8E, 0x66, 0x8F, 0x23, 0xD4, 0xB2, 0xDB, 0x66,
    0x7F, 0xD5, 0x1C, 0xDD, 0xA0, 0x3B, 0x53, 0xD1, 0xD5, 0xB2, 0x40, 0x55, 0x39, 0xD1, 0x97, 0x8A,
    0x38, 0xE0, 0x8C, 0x6A, 0x46, 0x2E, 0x7F, 0xE2, 0x6E, 0xF8, 0x6E, 0xDB, 0xE5, 0xFF, 0x49, 0x74,
    0x91, 0x10, 0x9D, 0x43, 0x1D, 0xAB, 0x12, 0x88, 0x9D, 0x03, 0x75, 0x40, 0x3E, 0xE4, 0xAA, 0x87,
    0xB9, 0xA5, 0x41, 0x4F, 0xD3, 0x5C, 0x8B, 0xDF, 0x07, 0xCA, 0xD6, 0x13, 0x78, 0xF1, 0x24, 0x79,
    0x7F, 0x8D, 0xF6, 0xF3, 0x99, 0xCE, 0xFE, 0x76, 0x2B, 0x0E, 0x3A, 0xB3, 0xB4, 0x6F, 0xAA, 0x83,
    0x91, 0xDE, 0xEA, 0xB6, 0x46, 0x6D, 0x5D, 0x05, 0xF7, 0xE5, 0x1E, 0x82, 0x78, 0xF4, 0x1A, 0x29,
    0x7A, 0x5D, 0x7F, 0x7F, 0xB2, 0xC5, 0xC9, 0x3A, 0xE3, 0x47, 0x17, 0xBB, 0x7E, 0x64, 0xC2, 0xD7,
    0xFC, 0xEC, 0xF8, 0x73, 0x2C, 0xE6, 0x9E, 0x3F, 0xCD, 0xD1, 0x0E, 0x06, 0x3E, 0x22, 0x1B, 0x0B,
    0xE6, 0x59, 0x2A, 0x8F, 0x08, 0xE8, 0x44, 0xBE, 0x5A, 0x7D, 0xAC, 0x70, 0x91, 0x08, 0xE7, 0x15,
    0x2E, 0x2B, 0xA4, 0x15, 0xF2, 0x29, 0x8C, 0x50, 0x8E, 0xA6, 0x41, 0x3E, 0xF8, 0x11, 0xD6, 0x21,
    0x41, 0x3E, 0xAE, 0x11, 0x16, 0x2B, 0x64, 0x5A, 0x13, 0x21, 0x5B, 0x51, 0x82, 0xFD, 0x98, 0xA0,
    0xDF, 0x27, 0xD8, 0x84, 0x04, 0xEB, 0x43, 0x82, 0xC5, 0x9C, 0x60, 0x7E, 0x4A, 0xD0, 0xC9, 0xDC,
    0xBF, 0x57, 0x38, 0x3C, 0xC2, 0x17, 0x05, 0xFA, 0xBF, 0x86, 0x5A, 0x1C, 0x26, 0xC3, 0xF6, 0x2A,
    0xB0, 0x26, 0xF2, 0x13, 0x21, 0x94, 0x73, 0x24, 0xC4, 0x26, 0x57, 0xC4, 0xDE, 0xBB, 0xAB, 0x8F,
    0xE2, 0x1A, 0x28, 0x64, 0xB4, 0xC0, 0x7B, 0xE7, 0xAC, 0xA1, 0x9E, 0xC0, 0x46, 0x44, 0x59, 0xB5,
    0xE8, 0x23, 0x46, 0x93, 0xC7, 0x89, 0x10, 0x8C, 0xA6, 0x47, 0x1F, 0x4C, 0x8B, 0x0C, 0xE6, 0x08,
    0x54, 0x83, 0x7C, 0x4F, 0xA2, 0xCE, 0x64, 0xDA, 0xA3, 0xDE, 0x74, 0x47, 0x1E, 0x9A, 0xE3, 0x13,
    0xA6, 0x7A, 0x63, 0xA0, 0x5A, 0x63, 0xC0, 0x34, 0x52, 0x41, 0x4E, 0x06, 0x54, 0x5F, 0x02, 0x86,
    0xD1, 0x00, 0x74, 0x25, 0x00, 0x9A, 0x12, 0x50, 0x1F, 0x0D, 0x94, 0xB3, 0x81, 0x62, 0x31, 0x90,
    0x91, 0x01, 0x47, 0x8F, 0x0C, 0xB0, 0x76, 0x14, 0xB0, 0x6E, 0x14, 0x08, 0xC9, 0x01, 0xA8, 0x22,
    0x28, 0x22, 0xC8, 0x23, 0x70, 0x00, 0xEE, 0x66, 0x5E, 0xB1, 0x82, 0xDE, 0x40, 0xAE, 0xCC, 0x4F,
    0x62, 0x49, 0xE4, 0x4C, 0xA7, 0x08, 0x26, 0xBB, 0x37, 0x51, 0x9C, 0xBB, 0x9D, 0x9B, 0xCF, 0xF2,
    0xA7, 0x59, 0x68, 0x7F, 0x31, 0xB3, 0xC7, 0x11, 0x47, 0xBE, 0x0C, 0x30, 0x08, 0x3A, 0x95, 0xD4,
    0x71, 0xC7, 0x61, 0x5C, 0x4E, 0x01, 0x47, 0xBD, 0x91, 0xBB, 0x8E, 0x65, 0xC2, 0x1E, 0xFF, 0x87,
    0xBB, 0x33, 0xEE, 0xC0, 0xBA, 0x06, 0x5E, 0xA1, 0x55, 0x77, 0xD0, 0xEA, 0xAA, 0xDB, 0x45, 0x62,
    0x5C, 0xA1, 0xDC, 0x47, 0xCD, 0xD7, 0xAB, 0xA3, 0xA8, 0x75, 0xE1, 0xF9, 0xF1, 0xF9, 0xEC, 0xB1,
    0x5C, 0xDC, 0xE6, 0x4E, 0xEB, 0x5A, 0x55, 0xB4, 0x3D, 0xC5, 0xFF, 0x6E, 0x0F, 0x2F, 0xFD, 0x5E,
    0x58, 0x67, 0xC8, 0x16, 0xF8, 0xA7, 0x42, 0x7D, 0x97, 0x75, 0xD5, 0x31, 0x5F, 0x6E, 0x92, 0xFC,
    0x0E, 0x41, 0xBC, 0x1F, 0x53, 0xFA, 0xC5, 0x90, 0x4D, 0x94, 0x95, 0x0A, 0x5E, 0xA9, 0x86, 0x9C,
    0x6B, 0xB6, 0x08, 0x8A, 0x35, 0x6B, 0x77, 0x82, 0x8B, 0xE1, 0xA7, 0xA9, 0x55, 0x2B, 0x09, 0xA5,
    0xCE, 0x6B, 0xA2, 0x68, 0x79, 0xDC, 0x80, 0x6E, 0xE2, 0x88, 0xF9, 0x29, 0xCB, 0x53, 0x4A, 0x68,
    0xFE, 0x28, 0x48, 0xD2, 0x36, 0x1A, 0xAD, 0x74, 0xBF, 0xB8, 0xB1, 0xD4, 0x4B, 0xC9, 0xE9, 0xE2,
    0x14, 0xCC, 0x15, 0x2F, 0x68, 0x84, 0x70, 0x97, 0x2A, 0x93, 0xD2, 0x0D, 0x99, 0x29, 0x1B, 0x82,
    0xBB, 0x20, 0x39, 0xBB, 0xDC, 0xF0, 0x49, 0xFD, 0x79, 0xF0, 0xD7, 0x2C, 0xC9, 0x20, 0x87, 0x8C,
    0x8C, 0x82, 0xB5, 0xD2, 0xF4, 0x41, 0x12, 0x81, 0xD0, 0x5F, 0x3F, 0xA4, 0xC0, 0x79, 0xC9, 0x67,
    0x87, 0x92, 0x96, 0xF2, 0xE0, 0xEE, 0xBF, 0x0F, 0xA3, 0xE5, 0x84, 0x4F, 0xBF, 0xC0, 0x13, 0x62,
    0xF7, 0x6C, 0xD7, 0x76, 0x67, 0x59, 0xBC, 0x8B, 0x37, 0xBF, 0xD9, 0x56, 0x13, 0x30, 0xCD, 0xBF,
    0x34, 0xFD, 0xD2, 0xEC, 0x4B, 0x93, 0x2F, 0xCD, 0xBD, 0x2C, 0xF5, 0xB2, 0xCC, 0x4B, 0xDC, 0xD5,
    0x5B, 0x1F, 0x73, 0xFE, 0x0B, 0x87, 0x90, 0x11, 0x76, 0x97, 0x8C, 0xFD, 0xBB, 0xEC, 0xF1, 0xAD,
    0x55, 0xA9, 0x5B, 0x78, 0xDD, 0xA6, 0x87, 0x97, 0x19, 0x91, 0x77, 0x21, 0xED, 0x42, 0xD6, 0x85,
    0xA4, 0x4B, 0x73, 0x2E, 0xA4, 0x5C, 0x15, 0xA2, 0x14, 0xDB, 0x4D, 0xBD, 0x0D, 0x97, 0x8D, 0x9A,
    0x78, 0x71, 0xEE, 0x14, 0xDC, 0xFB, 0x44, 0x1D, 0x0B, 0x52, 0xCB, 0x46, 0xB3, 0xE9, 0x81, 0x06,
    0xB6, 0x94, 0x5C, 0x12, 0xBC, 0x80, 0xFC, 0xA6, 0x16, 0xA6, 0xEA, 0x24, 0x0F, 0x17, 0x13, 0xC9,
    0xA6, 0xE8, 0x99, 0xCC, 0x2F, 0x0D, 0xDD, 0xF3, 0x48, 0xC6, 0xB6, 0x33, 0xE7, 0x7F, 0xB3, 0x83,
    0x19, 0x77, 0xE8, 0xAC, 0x48, 0x81, 0x47, 0x0F, 0xA3, 0x96, 0x28, 0x46, 0x99, 0x96, 0x57, 0x2C,
    0x42, 0xF0, 0x9A, 0x45, 0x24, 0x59, 0x93, 0x08, 0xF8, 0xD1, 0x28, 0xFB, 0xB1, 0xD4, 0xA3, 0x08,
    0x1F, 0xB8, 0x73, 0x17, 0x4F, 0xB5, 0x2C, 0xC1, 0x87, 0x41, 0xE2, 0xA3, 0xF3, 0x9F, 0x4B, 0x2C,
    0xC1, 0x61, 0xA0, 0xBB, 0x87, 0x81, 0x95, 0x22, 0xFC, 0xEA, 0x6F, 0x73, 0x49, 0xF4, 0x0F, 0xA6,
    0xCA, 0xEF, 0x90, 0xB2, 0x64, 0x10, 0x64, 0x70, 0x63, 0x32, 0xD2, 0xF2, 0x82, 0x06, 0xF7, 0xE1,
    0x1B, 0xF8, 0x6E, 0x7D, 0xCA, 0x48, 0x9E, 0xF7, 0xCC, 0xE8, 0x78, 0xB3, 0x98, 0x77, 0xD0, 0xE6,
    0x7D, 0x4E, 0x3A, 0x10, 0x96, 0xEA, 0x85, 0x35, 0x5B, 0x20, 0x9F, 0x82, 0xC6, 0x2F, 0xE9, 0x8B,
    0xB4, 0x1F, 0x4F, 0xDD, 0x5A, 0x6F, 0xB1, 0xF2, 0x0B, 0xEB, 0x8A, 0xF7, 0x23, 0xD3, 0xE2, 0x4C,
    0xA1, 0xB5, 0x1A, 0x2B, 0xDD, 0x44, 0xBF, 0xB0, 0xD1, 0x9D, 0x29, 0xB4, 0x99, 0xAC, 0x0A, 0xF4,
    0xCA, 0x9D, 0x7D, 0x5D, 0xF7, 0x63, 0x6F, 0xCF, 0xD4, 0xFD, 0xD8, 0xD9, 0xB4, 0x28, 0x18, 0x9D,
    0xB4, 0x5E, 0x74, 0x54, 0x83, 0x99, 0x70, 0x3E, 0x44, 0xDC, 0x1C, 0x0C, 0xC8, 0x71, 0x5A, 0x04,
    0xBB, 0x28, 0xB4, 0x72, 0x54, 0xEF, 0x2D, 0xC2, 0x6B, 0xA7, 0xE1, 0xAA, 0x52, 0x03, 0xCD, 0x68,
    0xE3, 0x12, 0x2A, 0xF1, 0x52, 0x03, 0x7B, 0x40, 0x51, 0xD0, 0xAE, 0x5E, 0xDE, 0xA6, 0x09, 0xF5,
    0x23, 0x94, 0x8F, 0x50, 0x3D, 0x42, 0xF1, 0x08, 0xD5, 0x21, 0x32, 0xA6, 0x72, 0xAB, 0xC9, 0x16,
    0x54, 0x8D, 0xBC, 0xDC, 0x2C, 0x84, 0xE0, 0xC8, 0x62, 0xFB, 0x50, 0xD2, 0x6F, 0x69, 0x9F, 0x41,
    0x46, 0x09, 0x75, 0xEC, 0xE5, 0x76, 0x16, 0x13, 0x51, 0x3B, 0xD1, 0x06, 0x4E, 0x1D, 0xB5, 0x2F,
    0x34, 0xDF, 0xFB, 0xB6, 0xBC, 0xF0, 0x26, 0xCB, 0x0B, 0xA6, 0xEB, 0xF8, 0x8D, 0x6E, 0x85, 0x21,
    0xFA, 0x91, 0xA8, 0xE5, 0x6F, 0x6B, 0x0A, 0x6B, 0x4D, 0xE1, 0x45, 0x15, 0x82, 0x97, 0x45, 0xFF,
    0xC7, 0x95, 0x04, 0xB9, 0xD4, 0xAC, 0xA2, 0x2F, 0xD2, 0x4E, 0xCB, 0x2B, 0xA8, 0xBD, 0xB2, 0xCC,
    0xA7, 0x6D, 0x74, 0xC8, 0x23, 0x2B, 0x84, 0x29, 0xB5, 0xBF, 0xC6, 0x9D, 0x3F, 0xCD, 0x61, 0x85,
    0x3F, 0xC9, 0xC2, 0x66, 0xD4, 0x5E, 0x4D, 0x9B, 0x3B, 0x4B, 0xB5, 0xD9, 0x4A, 0x1D, 0x9A, 0xFD,
    0xB2, 0x81, 0x2B, 0x41, 0x6A, 0x20, 0xDD, 0x67, 0xE8, 0x86, 0x77, 0xF5, 0xFC, 0xA8, 0xFE, 0x97,
    0x5C, 0xA6, 0x5F, 0xED, 0xCC, 0xAC, 0x49, 0x44, 0x63, 0x61, 0xC5, 0xA0, 0x6B, 0xCD, 0x10, 0x58,
    0x66, 0x11, 0x9B, 0x9D, 0xA1, 0x18, 0x92, 0xEC, 0xC1, 0x01, 0x2B, 0x90, 0x0D, 0x50, 0xFE, 0x28,
    0x1E, 0x8E, 0x39, 0x8B, 0x9E, 0x28, 0xB3, 0xA1, 0x4E, 0xF7, 0x67, 0x87, 0x85, 0x7B, 0xCD, 0x0C,
    0xFD, 0x64, 0x7C, 0x4F, 0x68, 0x1A, 0x9E, 0x96, 0x4F, 0xB1, 0x82, 0xDC, 0x08, 0x12, 0x65, 0xC3,
    0x1A, 0xB3, 0x27, 0x77, 0x79, 0x43, 0x41, 0x71, 0x7D, 0xFE, 0xDD, 0x60, 0x3A, 0x41, 0x83, 0xE1,
    0x26, 0xEA, 0xBA, 0x7F, 0x4B, 0x41, 0xC3, 0x39, 0x0A, 0x7A, 0x8F, 0xA9, 0x47, 0xC5, 0x67, 0x34,
    0x57, 0x0A, 0x7A, 0xFD, 0x5E, 0xF0, 0x47, 0x89, 0x4D, 0xBB, 0x0D, 0x05, 0xF5, 0x46, 0x41, 0x99,
    0x17, 0x84, 0x7E, 0xA1, 0xBB, 0x14, 0x54, 0xAF, 0xEF, 0x24, 0xD4, 0xDF, 0x60, 0x9B, 0xBA, 0x8E,
    0xB4, 0xED, 0xD5, 0x21, 0x51, 0x83, 0xF1, 0x65, 0xEB, 0xCE, 0x9A, 0x87, 0xE5, 0x09, 0x95, 0x09,
    0xD5, 0xA9, 0x52, 0xE3, 0x13, 0x1A, 0x86, 0x88, 0x28, 0xA6, 0x76, 0x08, 0x52, 0x56, 0xEE, 0x88,
    0xA8, 0x09, 0xE9, 0x0D, 0xD3, 0x3E, 0x22, 0xDA, 0x19, 0xE2, 0xE0, 0xE0, 0x75, 0x0A, 0x8E, 0x0C,
    0x86, 0x24, 0xBA, 0x29, 0xF2, 0x61, 0x43, 0xCD, 0xA2, 0x1B, 0xDC, 0x19, 0x2A, 0x28, 0xBA, 0xC6,
    0x2A, 0xD5, 0x72, 0x9B, 0x84, 0x7C, 0x42, 0x34, 0xDA, 0x7D, 0x79, 0x72, 0xA6, 0x88, 0x22, 0x40,
    0x7A, 0xE4, 0xE5, 0x5E, 0x30, 0x02, 0xA0, 0x7E, 0x1F, 0x11, 0x24, 0x8C, 0xB5, 0x7F, 0x8B, 0xF8,
    0x30, 0x56, 0xB7, 0x39, 0x69, 0xF0, 0x0F, 0x6E, 0x7B, 0x1E, 0x5F, 0x70, 0x5D, 0xB2, 0x9F, 0x43,
    0xB9, 0x87, 0xC0, 0xAC, 0xF6, 0x30, 0x9C, 0x56, 0x18, 0x86, 0x18, 0x0F, 0x7D, 0x71, 0x09, 0x4E,
    0xEA, 0xE1, 0x3F, 0xAA, 0x51, 0x7C, 0x84, 0xDA, 0xAD, 0x84, 0xCA, 0x76, 0xB4, 0xB3, 0xDE, 0x44,
    0x0B, 0x67, 0xDA, 0x71, 0x81, 0x2D, 0xD2, 0xDC, 0x86, 0xD4, 0xB8, 0xF4, 0x9A, 0xFC, 0x62, 0xD5,
    0x93, 0x21, 0x15, 0x62, 0x8C, 0xD3, 0x0B, 0x68, 0xE7, 0xC8, 0xE7, 0xF9, 0xF3, 0x03, 0x56, 0x92,
    0x14, 0xE3, 0x32, 0xF6, 0x37, 0xCB, 0x30, 0xF7, 0x34, 0x2C, 0xC2, 0x7E, 0x42, 0x23, 0x82, 0xB1,
    0x98, 0xBB, 0x1C, 0xBA, 0xBC, 0xCF, 0x5E, 0xE7, 0xBE, 0x1E, 0x9E, 0x4C, 0x97, 0x5E, 0x06, 0xDB,
    0xE2, 0x6D, 0x82, 0x6F, 0x49, 0xEA, 0xFC, 0x5C, 0x7A, 0xCE, 0x53, 0x1D, 0x0B, 0xB6, 0x7C, 0x96,
    0xF2, 0xD1, 0x08, 0x3A, 0x48, 0x4A, 0x07, 0x67, 0xA5, 0x83, 0x0B, 0xC4, 0xAC, 0x94, 0x0E, 0x36,
    0x6A, 0x2B, 0xBE, 0x07, 0x1D, 0x9C, 0xFD, 0x9E, 0xDD, 0x69, 0x11, 0x5A, 0xA1, 0x83, 0xD5, 0x1E,
    0x87, 0xA7, 0xED, 0xD0, 0x7D, 0x88, 0xA3, 0x94, 0xCD, 0xE8, 0x8A, 0x80, 0xAE, 0xD6, 0x14, 0xCF,
    0x2B, 0x1D, 0xFC, 0x03, 0xE8, 0xE0, 0x3B, 0x47, 0xD0, 0xC1, 0xBF, 0x4C, 0xA0, 0x98, 0x9F, 0xC3,
    0x3A, 0x5A, 0xC4, 0xAD, 0xAE, 0xC6, 0x4B, 0x43, 0x11, 0x40, 0x1C, 0x50, 0xA9, 0x0C, 0x95, 0x95,
    0x20, 0xF9, 0x83, 0x6F, 0x61, 0x10, 0x3F, 0xB6, 0xDC, 0x42, 0xE9, 0x39, 0x5F, 0x1F, 0xC4, 0x84,
    0x5C, 0x29, 0x4D, 0x88, 0x7A, 0x58, 0xEE, 0xAE, 0x9E, 0xA9, 0xE0, 0x2F, 0x85, 0x0A, 0x22, 0x12,
    0x05, 0x50, 0xC1, 0x96, 0xBD, 0xA1, 0x78, 0x2C, 0x56, 0xFA, 0x98, 0x3D, 0x63, 0x2A, 0x58, 0x7C,
    0xC5, 0x54, 0xB0, 0xFE, 0xD3, 0x22, 0x42, 0xF3, 0x7C, 0x12, 0xAF, 0x72, 0x29, 0x97, 0x96, 0x7B,
    0xB7, 0x50, 0xB3, 0x63, 0x2A, 0x38, 0xC8, 0x29, 0x63, 0xE9, 0x66, 0xBC, 0x3E, 0xC4, 0xDB, 0xC3,
    0x56, 0x5E, 0x1E, 0x8A, 0x1E, 0xDD, 0xAF, 0xF0, 0xEA, 0x50, 0xDF, 0x1C, 0xA2, 0x0E, 0xD5, 0x44,
    0x82, 0xC7, 0x54, 0x9B, 0x9E, 0x31, 0x0D, 0xD5, 0x44, 0x50, 0xAC, 0x7D, 0x80, 0x62, 0x7F, 0x18,
    0xF9, 0xDB, 0xB6, 0xD5, 0xD7, 0x6E, 0x0B, 0x72, 0x30, 0x54, 0xB6, 0x72, 0x14, 0xFC, 0x64, 0xAF,
    0x26, 0x0C, 0xC4, 0x84, 0x2F, 0x34, 0x7F, 0x34, 0xD2, 0xDB, 0x4F, 0xAB, 0x25, 0xD4, 0xD6, 0x5E,
    0x76, 0x16, 0x59, 0x59, 0xE1, 0x32, 0xA3, 0xDF, 0x73, 0xAA, 0x90, 0xD3, 0xAE, 0xA0, 0x05, 0x05,
    0x39, 0x30, 0xEB, 0x66, 0x4D, 0x43, 0xE3, 0xA5, 0xD6, 0xA5, 0x4F, 0xB1, 0x62, 0xC7, 0xBC, 0xB6,
    0xD9, 0x71, 0x7D, 0x35, 0x38, 0xAC, 0x4C, 0x5B, 0x8A, 0x1C, 0xE0, 0xEA, 0xB5, 0xC8, 0xDA, 0x5E,
    0x73, 0xEC, 0x12, 0xC5, 0x4A, 0x32, 0xF1, 0x5D, 0x7B, 0x55, 0x3C, 0xC5, 0x55, 0x55, 0xE0, 0x1B,
    0x58, 0xC6, 0x85, 0x91, 0xFC, 0x74, 0x43, 0x1D, 0xAA, 0x8E, 0x1B, 0xF6, 0x38, 0xCD, 0xE4, 0x0F,
    0x6E, 0xD8, 0xD7, 0xA2, 0xDD, 0x02, 0x0A, 0x18, 0x64, 0xEF, 0x37, 0xEF, 0x65, 0x3F, 0x48, 0x86,
    0x8E, 0x17, 0x7C, 0x3E, 0x35, 0x1F, 0xC6, 0x3F, 0x34, 0xD3, 0xD6, 0xBD, 0x86, 0x6D, 0xEB, 0xCE,
    0x69, 0xFE, 0xBF, 0xA0, 0xBD, 0x41, 0x1C, 0x36, 0x11, 0xA4, 0x0C, 0xB7, 0x5F, 0xCF, 0xEA, 0x6F,
    0x9A, 0xF1, 0x46, 0x08, 0x32, 0xDA, 0x93, 0x7E, 0x40, 0xEF, 0x66, 0x2D, 0x8B, 0xBF, 0xEC, 0x8F,
    0x58, 0x09, 0x7F, 0x73, 0x16, 0x97, 0x60, 0x2F, 0x08, 0x20, 0x5D, 0x35, 0xC9, 0xCC, 0xFC, 0x53,
    0x32, 0x6F, 0x18, 0x8D, 0xD5, 0x7C, 0x53, 0x95, 0x99, 0x3B, 0x1B, 0xFA, 0x35, 0x57, 0x72, 0x70,
    0x3C, 0x95, 0xCB, 0x97, 0xDB, 0x65, 0xF9, 0xDD, 0xF9, 0xD8, 0xF2, 0x2A, 0xFB, 0x3C, 0x1C, 0x84,
    0xB9, 0xA1, 0xFE, 0x7D, 0x25, 0xBE, 0xDD, 0xE3, 0x1F, 0x1B, 0x98, 0x93, 0xF0, 0x11, 0xE0, 0xD3,
    0xDF, 0x04, 0xA3, 0x64, 0x5A, 0xC4, 0xFF, 0x5A, 0xDB, 0x7F, 0x01, 0x45, 0x8F, 0xB1, 0x6D, 0x03,
    0x31, 0x0C, 0x45, 0xFF, 0xE9, 0x8A, 0x2B, 0x54, 0x28, 0x1B, 0x9C, 0x0B, 0xF7, 0x37, 0x82, 0x34,
    0x84, 0xF7, 0xC8, 0x08, 0x92, 0x2B, 0x2F, 0x15, 0x84, 0x84, 0x27, 0xC8, 0x08, 0xF2, 0x06, 0x2A,
    0x54, 0xA8, 0x90, 0xCD, 0x90, 0x01, 0x02, 0x53, 0x10, 0xF5, 0xF1, 0xF1, 0x09, 0x3D, 0x9E, 0xF1,
    0x84, 0x20, 0x73, 0xA8, 0x6B, 0xC7, 0x69, 0x99, 0xEB, 0x0C, 0xFD, 0xE0, 0x0C, 0xC4, 0x82, 0x45,
    0x2A, 0x36, 0x99, 0xD8, 0x1F, 0x02, 0x2A, 0x91, 0xA1, 0xB5, 0x8D, 0xA5, 0x1D, 0x72, 0x6B, 0x51,
    0xA4, 0x91, 0x17, 0xFE, 0x02, 0x99, 0x2D, 0xFF, 0xF5, 0x44, 0x04, 0x5D, 0x05, 0x51, 0xE7, 0x82,
    0x74, 0x38, 0x29, 0xEA, 0x08, 0xDB, 0x89, 0xC8, 0x69, 0x4F, 0xFA, 0x9A, 0x66, 0xD3, 0x00, 0x55,
    0x1A, 0x6E, 0x62, 0xEA, 0xCF, 0x3D, 0xFC, 0xF8, 0xA1, 0x83, 0xF8, 0xFE, 0x2C, 0xC3, 0x73, 0xDF,
    0x58, 0xBB, 0x6A, 0x75, 0xD4, 0xC7, 0xC9, 0x01, 0x33, 0xF0, 0x3A, 0x23, 0x87, 0x2E, 0xE9, 0xB8,
    0x4F, 0xE4, 0xAD, 0xFD, 0x81, 0x19, 0xA0, 0x81, 0x1A, 0xB0, 0x81, 0x6B, 0xE3, 0xF7, 0xA5, 0xA2,
    0x14, 0x89, 0x44, 0x97, 0x50, 0x3C, 0xD2, 0xCC, 0x1B, 0x68, 0x29, 0xBE, 0xB9, 0x01, 0x05, 0x70,
    0xC3, 0xB7, 0x6C, 0xA3, 0x9A, 0xAE, 0x58, 0x19, 0xE1, 0xA5, 0x0B, 0x14, 0x04, 0xFE, 0x38, 0x38,
    0x4A, 0xDA, 0x75, 0x9F, 0x1A, 0x2D, 0x89, 0xD7, 0x85, 0xC6, 0xDE, 0x7F, 0x01, 0x25, 0x8D, 0xC1,
    0x11, 0x80, 0x20, 0x0C, 0x04, 0x6F, 0xE0, 0xC9, 0x83, 0x12, 0x28, 0xC1, 0x12, 0xB0, 0x03, 0x3B,
    0x12, 0x3A, 0xB2, 0x04, 0x29, 0xC1, 0x12, 0x28, 0x81, 0x87, 0x0F, 0x1E, 0x48, 0xBC, 0x68, 0x1E,
    0x3B, 0x99, 0xE4, 0x76, 0x0E, 0xE0, 0xF8, 0xA9, 0x90, 0xA2, 0x68, 0x5C, 0x83, 0xC2, 0x76, 0xC2,
    0x0C, 0xFD, 0x3F, 0xBA, 0x89, 0xDE, 0x7E, 0xAC, 0x80, 0xFB, 0xD2, 0x07, 0x11, 0xB6, 0x0A, 0x2C,
    0x9E, 0x4A, 0x74, 0xC4, 0xAE, 0xDE, 0xB0, 0xF4, 0x06, 0x65, 0xD3, 0x31, 0x61, 0x6F, 0x08, 0x6C,
    0xC3, 0x09, 0x06, 0x52, 0xF6, 0x15, 0xB1, 0x84, 0x0B, 0x4B, 0x8D, 0x85, 0x85, 0x84, 0x93, 0x94,
    0x59, 0xF0, 0x02, 0xD5, 0x58, 0x3D, 0x8E, 0xDE, 0xC8, 0x11, 0x6D, 0x7E, 0x84, 0x87, 0x80, 0x3E,
    0xC0, 0x4C, 0x6D, 0x28, 0xE0, 0x86, 0x06, 0x0C, 0x98, 0x17, 0xD0, 0x6E, 0xF3, 0x06, 0xF6, 0x11,
    0x1C, 0x38, 0x59, 0xC1, 0xC0, 0xC4, 0x86, 0x25, 0x91, 0x86, 0x2F, 0x30, 0x37, 0xF0, 0x06, 0x1B,
    0x6D, 0xA2, 0xC4, 0x81, 0x83, 0xB1, 0xD8, 0x80, 0x2F, 0xC0, 0x23, 0x30, 0x50, 0x62, 0x45, 0x0C,
    0x88, 0x05, 0xD7, 0xE0, 0xC7, 0x76, 0xBD, 0xF7, 0xFA, 0xFB, 0xD1, 0x8C, 0x56, 0x23, 0x08, 0x63,
    0x1B, 0x1E, 0x60, 0xDE, 0xEB, 0x8F, 0xEC, 0xAE, 0xAE, 0xAE, 0xAE, 0xAE, 0xAA, 0xA6, 0x73, 0xEE,
    0x6B, 0xA7, 0xBF, 0x28, 0xCA, 0x62, 0x43, 0xCE, 0x63, 0x78, 0x8F, 0xF7, 0x71, 0x24, 0x97, 0x71,
    0x12, 0xFF, 0x45, 0x5C, 0xFF, 0x7A, 0x21, 0xFB, 0xFD, 0x4A, 0x7E, 0x95, 0x1F, 0xC8, 0xB7, 0xB9,
    0x04, 0xAE, 0x3B, 0x72, 0xB6, 0xB8, 0xD8, 0x41, 0xDC, 0xE4, 0x28, 0xD0, 0xB8, 0x05, 0x17, 0x83,
    0xF3, 0x23, 0xC5, 0x46, 0x0A, 0x06, 0xCF, 0x10, 0xDB, 0xB8, 0x12, 0x82, 0xBD, 0xCD, 0x0C, 0xC1,
    0x5F, 0xD9, 0x10, 0x08, 0xBE, 0x85, 0x46, 0x10, 0x0B, 0x4D, 0x29, 0xD6, 0x41, 0xF0, 0x0E, 0x63,
    0x4D, 0x70, 0x0E, 0x36, 0xC1, 0x7B, 0xB2, 0xCD, 0x65, 0xEF, 0x4C, 0xA4, 0x71, 0x20, 0xF7, 0x26,
    0x7E, 0x25, 0x1E, 0x28, 0xE7, 0xE0, 0xA0, 0xDE, 0xDF, 0x2F, 0xF0, 0x25, 0xF1, 0x99, 0x93, 0xDA,
    0x1F, 0xC2, 0xB8, 0x10, 0xE3, 0x80, 0x27, 0xD7, 0x0B, 0xD0, 0x44, 0xE1, 0x6D, 0xEC, 0x80, 0x6D,
    0x00, 0xFA, 0x81, 0x38, 0x12, 0xA7, 0x7B, 0x38, 0x9E, 0xFB, 0x44, 0xF4, 0xDF, 0xC5, 0xCE, 0x84,
    0x54, 0x9B, 0x69, 0x0A, 0x03, 0x18, 0x6C, 0x0D, 0xF4, 0x14, 0xDA, 0x13, 0x7B, 0x7B, 0x7D, 0x38,
    0xCF, 0x95, 0x69, 0x2E, 0x8E, 0x75, 0xFD, 0x3D, 0xE4, 0xDB, 0x8C, 0x3D, 0xF3, 0x95, 0x7A, 0x8E,
    0xD4, 0xB9, 0x21, 0x42, 0x4E, 0xF3, 0x34, 0x8D, 0xA5, 0x3E, 0xF5, 0x0C, 0x2C, 0x17, 0xE2, 0x7A,
    0x0F, 0xF9, 0xBC, 0x9A, 0xCF, 0xFA, 0xF7, 0xC1, 0xD4, 0x78, 0x1A, 0x1B, 0xE8, 0xB6, 0x50, 0xE7,
    0x8E, 0xA8, 0x27, 0xB1, 0x61, 0x4F, 0x62, 0x7D, 0x81, 0x15, 0xB1, 0xBC, 0x40, 0xE7, 0xFE, 0x3B,
    0x28, 0x67, 0xC4, 0xDE, 0x1F, 0xD1, 0x15, 0x51, 0x6A, 0xEF, 0x13, 0xBB, 0x32, 0x24, 0x57, 0xFC,
    0x54, 0xEE, 0x3E, 0xCC, 0x55, 0x23, 0xAE, 0xDD, 0xFB, 0xEC, 0xEF, 0xF0, 0x57, 0x89, 0x5F, 0x26,
    0xBE, 0x4D, 0xBC, 0x26, 0x5E, 0xC4, 0xBB, 0x59, 0x0C, 0xD7, 0x06, 0x17, 0xA3, 0xD8, 0xD4, 0x20,
    0xFB, 0x4E, 0x8C, 0x15, 0x1A, 0x6B, 0x59, 0xA3, 0xF3, 0x31, 0x79, 0x12, 0x4E, 0x4D, 0x15, 0x03,
    0x8F, 0xAF, 0x1D, 0x66, 0x9E, 0x42, 0xF3, 0x1B, 0x9D, 0x4E, 0x1F, 0x74, 0x5A, 0xAB, 0xA0, 0xD3,
    0x5B, 0x86, 0xE5, 0x3D, 0xDE, 0x87, 0x6F, 0xC8, 0x57, 0xB6, 0xAF, 0xAB, 0xC9, 0xDC, 0x12, 0xD1,
    0x9E, 0x72, 0xA0, 0xE4, 0xF5, 0x89, 0x76, 0xA2, 0x42, 0x54, 0x8A, 0xBC, 0x68, 0x23, 0xED, 0x16,
    0x52, 0x31, 0x91, 0xCA, 0x40, 0xF2, 0x0D, 0xE9, 0x40, 0x29, 0xBB, 0x85, 0x54, 0x4C, 0xA4, 0x2A,
    0x90, 0xBC, 0x66, 0x38, 0x88, 0x16, 0xD1, 0x24, 0x0A, 0x77, 0x94, 0x38, 0x53, 0xD2, 0x33, 0x69,
    0x1D, 0x45, 0x66, 0x06, 0xFC, 0x85, 0x64, 0xAB, 0xA0, 0x2D, 0x9D, 0xB8, 0x5C, 0x99, 0xFE, 0x21,
    0x7E, 0x2C, 0x17, 0xB9, 0xEB, 0x2A, 0x0F, 0xB9, 0x88, 0x5C, 0xE3, 0x67, 0x99, 0x5C, 0xA3, 0xFF,
    0xB3, 0x5C, 0x02, 0xA1, 0x08, 0xFA, 0xA7, 0x60, 0x17, 0xFC, 0x81, 0x71, 0x34, 0x3C, 0x51, 0x24,
    0x77, 0x58, 0x3D, 0x7E, 0x1F, 0x99, 0x46, 0xB1, 0xFE, 0xB4, 0x51, 0xFD, 0x98, 0x1C, 0x19, 0xC5,
    0xCF, 0xFC, 0xD8, 0xF2, 0xC5, 0x47, 0xFD, 0x8F, 0xEB, 0x89, 0x89, 0x91, 0xA4, 0xE4, 0xB6, 0x3A,
    0xD0, 0x6E, 0xBF, 0xB9, 0xEB, 0x59, 0xC7, 0x22, 0xDF, 0x94, 0x28, 0x98, 0x2C, 0x38, 0xDE, 0xB6,
    0xFF, 0x20, 0x79, 0x25, 0x7C, 0xBF, 0x9C, 0x95, 0x70, 0xEC, 0x47, 0x4D, 0x57, 0x38, 0xC8, 0x25,
    0x8A, 0x4D, 0x6C, 0x93, 0x7A, 0x1D, 0x21, 0xD7, 0x3E, 0xC0, 0xA7, 0xFE, 0xE4, 0x34, 0xDE, 0xE4,
    0xD5, 0xB3, 0xE4, 0x6B, 0x9E, 0x45, 0x89, 0xAD, 0x9A, 0xA4, 0x9B, 0x09, 0x67, 0xEA, 0xED, 0x03,
    0x13, 0x18, 0x75, 0xAC, 0x66, 0xF5, 0xC9, 0xE3, 0x77, 0xCA, 0xBE, 0x6D, 0xDC, 0x94, 0xA4, 0xBF,
    0x6B, 0xB4, 0x4A, 0xFC, 0x31, 0x41, 0x80, 0x69, 0x97, 0x3E, 0x8D, 0x6D, 0xFF, 0xFF, 0x58, 0xFA,
    0x0F, 0xDC, 0xD7, 0x9A, 0x49, 0xFB, 0xC8, 0xF1, 0x07, 0xAD, 0x96, 0x7B, 0x7F, 0xBD, 0x29, 0x0D,
    0x36, 0xE7, 0x04, 0xD8, 0x5E, 0x26, 0xDB, 0xF1, 0x63, 0xC9, 0xF6, 0x22, 0x3D, 0x2A, 0x91, 0x5E,
    0xAF, 0xA7, 0x64, 0x8E, 0x59, 0x3E, 0x2F, 0xB1, 0xF4, 0x8C, 0xB2, 0x31, 0xED, 0xCE, 0x55, 0xDC,
    0x3A, 0xC7, 0xE4, 0x6D, 0x0E, 0xD9, 0xED, 0x23, 0x37, 0x3E, 0xB2, 0xEE, 0xE9, 0xB5, 0x56, 0xED,
    0x38, 0xFD, 0xCE, 0x57, 0x74, 0x59, 0xFA, 0x9C, 0x3C, 0x25, 0x61, 0x3B, 0x7E, 0x0C, 0x2F, 0x7B,
    0x6A, 0x6C, 0x35, 0x3B, 0xB9, 0x97, 0x73, 0xBF, 0xA2, 0x67, 0x7B, 0xEA, 0xD6, 0xD2, 0xEB, 0x7B,
    0x76, 0xED, 0x5D, 0x89, 0xF8, 0x69, 0xAA, 0xFF, 0xEB, 0x35, 0x92, 0x32, 0x57, 0xEC, 0x9E, 0x7F,
    0x6B, 0x7E, 0xC5, 0x1C, 0x78, 0x24, 0x78, 0x9D, 0xEF, 0x5E, 0x81, 0x6A, 0x51, 0xD5, 0xBD, 0x14,
    0xBD, 0x00, 0x59, 0x18, 0x73, 0xA9, 0xDC, 0xFB, 0xDF, 0x12, 0x57, 0x8B, 0x70, 0x3E, 0x9F, 0x08,
    0xD5, 0x47, 0xCE, 0xA0, 0x20, 0x66, 0x76, 0x40, 0x39, 0xC8, 0x38, 0x3F, 0xB0, 0x2A, 0xB4, 0x74,
    0x27, 0xDB, 0x79, 0x3B, 0x46, 0xD5, 0xCA, 0x78, 0x4B, 0x59, 0x6F, 0x58, 0x17, 0x30, 0xCE, 0xD2,
    0x3D, 0x16, 0x16, 0xC4, 0x81, 0x55, 0xA5, 0x09, 0xD8, 0x6B, 0x03, 0xA6, 0x32, 0xC8, 0xF8, 0x75,
    0x27, 0x25, 0x7C, 0x52, 0xE6, 0x55, 0xAA, 0x98, 0xA5, 0xDC, 0x2E, 0x05, 0x23, 0x97, 0x2A, 0x66,
    0x2B, 0xB5, 0xC4, 0x7E, 0x10, 0xD7, 0x21, 0x71, 0x8A, 0xD3, 0x12, 0xF3, 0x53, 0xA7, 0x94, 0xEC,
    0xBF, 0x5F, 0x52, 0xF4, 0xD6, 0xB0, 0x36, 0x15, 0xE2, 0x3E, 0x15, 0xEA, 0x57, 0xDF, 0xA4, 0x9F,
    0x16, 0x60, 0xE2, 0x94, 0xC8, 0x94, 0x75, 0xBB, 0x95, 0xA7, 0x28, 0x9F, 0xB9, 0x46, 0xE8, 0x6C,
    0x2E, 0x06, 0x95, 0x6D, 0x85, 0x5E, 0x0B, 0x7B, 0x43, 0xF5, 0xFE, 0x44, 0x3D, 0xE3, 0x3F, 0xE4,
    0x6E, 0x91, 0x5A, 0xD5, 0xAA, 0x0F, 0x4A, 0x4D, 0x52, 0x6C, 0xEE, 0xEC, 0xE4, 0x66, 0x99, 0xA0,
    0x77, 0xEC, 0xE9, 0xB5, 0x9C, 0x56, 0xFE, 0xBB, 0xC2, 0xB3, 0x6C, 0x4E, 0x76, 0xDD, 0xDB, 0x81,
    0x53, 0x41, 0x85, 0x11, 0x5E, 0x36, 0x7F, 0x83, 0x2A, 0xD3, 0x65, 0x2B, 0xF5, 0x28, 0x66, 0xC8,
    0xB1, 0xA2, 0xC2, 0x0E, 0x65, 0x9C, 0x44, 0xB3, 0x95, 0x92, 0xB6, 0x63, 0x43, 0x2F, 0xCA, 0x59,
    0x72, 0xF2, 0x98, 0x95, 0xD3, 0x63, 0x10, 0xF4, 0x8D, 0x43, 0x0D, 0x73, 0xF6, 0xBA, 0x6D, 0x98,
    0xD1, 0xEC, 0x9D, 0xAD, 0xEB, 0xA6, 0x4C, 0x97, 0x9A, 0xCF, 0xA4, 0x7A, 0x49, 0x7E, 0x38, 0x24,
    0xEA, 0x11, 0x0A, 0x94, 0x73, 0x53, 0x43, 0x36, 0x3C, 0x66, 0xDD, 0x47, 0x69, 0xC0, 0xBF, 0xD4,
    0xB0, 0x79, 0xF5, 0xCA, 0xAE, 0x23, 0x6A, 0x28, 0xED, 0xE8, 0x12, 0x90, 0x46, 0x59, 0x61, 0x70,
    0xA7, 0xD1, 0x0F, 0x9F, 0xD0, 0x08, 0x3F, 0x36, 0x5C, 0x19, 0xCE, 0xB0, 0x3E, 0xA8, 0xFA, 0xB0,
    0x2D, 0x54, 0x3A, 0xB6, 0x35, 0x9F, 0xD6, 0xEE, 0x84, 0xF9, 0x67, 0x16, 0xEF, 0x0F, 0x5D, 0xB6,
    0xFA, 0xFB, 0xF1, 0xFF, 0x47, 0x2E, 0x5B, 0xED, 0x03, 0x97, 0x2D, 0x5E, 0x0B, 0x9E, 0x22, 0xCF,
    0xA2, 0x95, 0x21, 0xA1, 0x52, 0x6B, 0x73, 0xEC, 0x76, 0x74, 0xCA, 0x20, 0x6E, 0xBF, 0xA4, 0xB9,
    0x71, 0x1B, 0x95, 0x75, 0x15, 0x50, 0x75, 0x3B, 0xA5, 0x4E, 0x8C, 0x4D, 0xBC, 0x04, 0x2A, 0xC0,
    0x63, 0x76, 0xDD, 0x65, 0xA1, 0x4D, 0x75, 0x6A, 0xB1, 0x1C, 0xA8, 0xD9, 0x82, 0x17, 0xE1, 0x0A,
    0xA6, 0x3B, 0xF0, 0x45, 0x0B, 0x17, 0x2F, 0x7F, 0x7C, 0x76, 0xEE, 0x97, 0xC6, 0xA2, 0xC5, 0xB0,
    0x4F, 0x79, 0xE7, 0x39, 0xD4, 0xC2, 0xBC, 0x05, 0x35, 0x18, 0x74, 0x0D, 0x4C, 0xD6, 0xDA, 0xB1,
    0x14, 0x52, 0xF6, 0xA4, 0xA1, 0xB9, 0xB6, 0x80, 0x1E, 0xB9, 0x4E, 0x4B, 0x35, 0xD1, 0x06, 0x28,
    0x3B, 0x82, 0xEC, 0xD2, 0xC6, 0x43, 0xFA, 0x4C, 0xA0, 0xD2, 0xC3, 0x3D, 0xA1, 0x86, 0x99, 0x92,
    0xF2, 0x3E, 0xDE, 0x60, 0xD1, 0x16, 0x49, 0x41, 0x08, 0x3A, 0x2B, 0xF3, 0xD4, 0x5E, 0x91, 0x88,
    0x14, 0x2E, 0xA9, 0xD5, 0x43, 0xAF, 0x2E, 0xB5, 0x06, 0xA4, 0x8A, 0x28, 0x93, 0x30, 0xBB, 0xB3,
    0x30, 0x8E, 0xD6, 0xE9, 0xD2, 0x36, 0xE0, 0x61, 0x2E, 0xEB, 0x16, 0xEB, 0xE5, 0x80, 0x52, 0xC3,
    0x2B, 0x51, 0x2D, 0x99, 0x3E, 0xCD, 0x90, 0xA6, 0xED, 0x40, 0xBA, 0xD0, 0xBA, 0x88, 0xFA, 0x21,
    0x4E, 0xBC, 0x53, 0x9B, 0xF2, 0xD8, 0xF2, 0x0C, 0x93, 0xEC, 0x11, 0xBC, 0xB0, 0xF4, 0xC6, 0x14,
    0x6A, 0x3B, 0x03, 0x1F, 0x7E, 0xF2, 0x1B, 0x88, 0xA0, 0x1C, 0x4B, 0xEB, 0x28, 0x55, 0x0C, 0xDA,
    0x1F, 0x7C, 0x28, 0x62, 0xE3, 0x83, 0xED, 0xA5, 0x0F, 0x36, 0x93, 0x0F, 0xB6, 0xAE, 0x4B, 0xB0,
    0x62, 0xA6, 0x0D, 0x7E, 0xB4, 0xEB, 0x56, 0xBD, 0xF5, 0xED, 0xB6, 0x8F, 0xB3, 0x45, 0xED, 0xE3,
    0x87, 0x96, 0xDF, 0x3B, 0x77, 0x8D, 0xE9, 0x30, 0xB9, 0x65, 0xDC, 0x21, 0xC3, 0x79, 0xC9, 0xCD,
    0x03, 0x5D, 0x99, 0xEE, 0x08, 0xBC, 0x10, 0x38, 0xF7, 0xE5, 0x95, 0xA9, 0xF6, 0x0C, 0x91, 0xFD,
    0x0F, 0x16, 0x2A, 0xC3, 0x1F, 0x2D, 0xFF, 0x4E, 0x16, 0xC4, 0xF6, 0x73, 0x6F, 0xF5, 0xEC, 0x8A,
    0x42, 0xEF, 0x60, 0x90, 0x6D, 0x3D, 0xCA, 0xDA, 0x0F, 0x81, 0xA9, 0x91, 0x45, 0x53, 0x7D, 0xB7,
    0xD5, 0x96, 0x0F, 0x56, 0x33, 0x54, 0xB1, 0x58, 0xE4, 0x2D, 0xA7, 0xDD, 0x01, 0x06, 0xEA, 0xDF,
    0x59, 0xC1, 0x59, 0x31, 0x4B, 0x3D, 0x87, 0xFF, 0xC7, 0x91, 0x47, 0xC1, 0xCC, 0x7B, 0x15, 0x3B,
    0xB3, 0x71, 0x1F, 0x0C, 0xFC, 0x70, 0x02, 0xFC, 0xEC, 0xED, 0xC5, 0xD5, 0x86, 0x9B, 0xD3, 0xCC,
    0xEB, 0x93, 0xFD, 0xCC, 0xFA, 0xB1, 0x80, 0x6A, 0x05, 0x2A, 0x5B, 0x6C, 0xCD, 0x09, 0xCA, 0x39,
    0xBD, 0xC8, 0xFA, 0x81, 0x15, 0xAA, 0xFD, 0xBF, 0x75, 0xAC, 0x36, 0x54, 0x75, 0x75, 0x2E, 0xB3,
    0x32, 0xBE, 0x49, 0xB8, 0xBB, 0x87, 0xF9, 0x78, 0x0F, 0x07, 0x62, 0x00, 0x16, 0xC4, 0x3D, 0xD1,
    0xAC, 0x06, 0x74, 0x40, 0x4F, 0x7C, 0x49, 0xC4, 0xE6, 0x37, 0xBC, 0xE7, 0x35, 0x35, 0x70, 0xC0,
    0x01, 0xAF, 0x57, 0x1C, 0xDB, 0x7C, 0xA5, 0x4F, 0xAF, 0xCC, 0x82, 0xB7, 0x8C, 0xE0, 0x2F, 0x58,
    0x43, 0x3D, 0x63, 0x66, 0xFD, 0x85, 0x83, 0xF9, 0x2D, 0x47, 0x58, 0x30, 0xD8, 0xEC, 0x9C, 0xE7,
    0xD8, 0x6C, 0x33, 0x61, 0x3D, 0x98, 0x31, 0xAB, 0xD1, 0xCC, 0x5A, 0x4E, 0x04, 0x2C, 0x67, 0x62,
    0x46, 0x81, 0xD1, 0x9D, 0x20, 0xA8, 0xA4, 0x4D, 0xC9, 0x5E, 0x47, 0xD8, 0xA6, 0xF8, 0xA2, 0x34,
    0xE7, 0x9B, 0xF2, 0xF8, 0xCF, 0xD7, 0x93, 0x2E, 0x29, 0x35, 0xCD, 0xFF, 0x35, 0xBE, 0xCB, 0x6C,
    0x98, 0xCC, 0x02, 0x9D, 0xB9, 0xDE, 0xE2, 0x5E, 0xC1, 0xC9, 0x5F, 0x20, 0xAA, 0xBC, 0x50, 0x68,
    0xE1, 0xF9, 0x2D, 0xD0, 0xB9, 0x1E, 0x99, 0x3B, 0x01, 0xBC, 0x43, 0xE2, 0x05, 0xCF, 0xB4, 0x3E,
    0xE1, 0x45, 0xF7, 0x3B, 0xC0, 0xAD, 0x60, 0x87, 0x64, 0x8F, 0x7D, 0x7B, 0xD7, 0xCF, 0x30, 0xBC,
    0x29, 0xF7, 0xFC, 0x06, 0x21, 0x2E, 0x98, 0x54, 0x43, 0x13, 0x84, 0xAD, 0xE5, 0x7E, 0x7F, 0xD9,
    0xA3, 0xFD, 0xD7, 0x27, 0xE8, 0x8F, 0xB4, 0xB8, 0xEE, 0x88, 0x66, 0x6C, 0x43, 0xB8, 0x65, 0xB1,
    0xB6, 0x2C, 0x03, 0x36, 0x7D, 0x3E, 0xE1, 0x73, 0xCF, 0x3E, 0x88, 0x38, 0xD6, 0x93, 0x67, 0x13,
    0x31, 0x91, 0x9E, 0xE2, 0xE8, 0x39, 0xC0, 0x12, 0xAB, 0xB5, 0x33, 0x13, 0x8E, 0x38, 0x54, 0x71,
    0x35, 0x7F, 0x33, 0x44, 0x84, 0xE2, 0xEC, 0x8E, 0x9A, 0x7C, 0x0C, 0xB9, 0x8B, 0x09, 0x3F, 0xA5,
    0xFF, 0x05, 0x5E, 0xCE, 0x68, 0xFB, 0xFA, 0x96, 0x85, 0x53, 0xE4, 0xD7, 0xCE, 0x9E, 0x1A, 0xDA,
    0xB9, 0x2F, 0x79, 0xDB, 0xC2, 0xFD, 0xF2, 0x80, 0xC8, 0x84, 0xC8, 0x3B, 0x20, 0xC0, 0x63, 0x1B,
    0x71, 0xFE, 0x4E, 0xD8, 0x5D, 0xB4, 0x1B, 0x9E, 0x31, 0xF4, 0x54, 0xA4, 0xB6, 0xBC, 0x8B, 0x1B,
    0x1D, 0x03, 0x94, 0x19, 0xC5, 0x7E, 0x62, 0xBB, 0xE2, 0x3B, 0x18, 0xBE, 0x52, 0x10, 0x7D, 0x8E,
    0x00, 0xFA, 0x73, 0x54, 0x48, 0x45, 0xC4, 0xF6, 0x7B, 0x1E, 0xBA, 0x5F, 0xC6, 0xB7, 0x4F, 0x63,
    0x93, 0x21, 0xA5, 0x84, 0x8C, 0x09, 0x38, 0x63, 0xEA, 0x02, 0xD6, 0x13, 0xB0, 0xBA, 0xC0, 0xF2,
    0xDE, 0x93, 0x9A, 0x3D, 0x3D, 0x47, 0xB5, 0x94, 0x40, 0x69, 0x39, 0x04, 0x36, 0x95, 0x12, 0x1A,
    0x03, 0xDD, 0x41, 0x5F, 0x4E, 0x3F, 0x0D, 0x3D, 0x83, 0xAF, 0x4F, 0xDF, 0xCD, 0x58, 0xA3, 0x59,
    0x4A, 0x5E, 0xCD, 0x42, 0xCB, 0x0C, 0x98, 0x0C, 0xFE, 0xF6, 0x5B, 0x83, 0x2F, 0x92, 0x97, 0x7E,
    0x1E, 0xF4, 0x2A, 0xCA, 0xE0, 0x25, 0x56, 0x3A, 0x8D, 0x38, 0xA6, 0x11, 0x41, 0xC5, 0xEC, 0xF8,
    0x9F, 0xC6, 0xD7, 0x58, 0xD1, 0x4D, 0xFA, 0x68, 0x66, 0xCB, 0xEE, 0x59, 0xE3, 0x33, 0x12, 0xF3,
    0x53, 0x9B, 0x43, 0xE0, 0xB9, 0x83, 0xD9, 0x4D, 0x54, 0x9D, 0x40, 0xDF, 0x77, 0x1F, 0x83, 0xC8,
    0x6D, 0x8E, 0x98, 0x4D, 0xE9, 0xB8, 0x3D, 0x05, 0xD5, 0x1A, 0x2B, 0xAC, 0xA7, 0x63, 0xCB, 0x8F,
    0x29, 0xC6, 0x66, 0xA9, 0x84, 0x4A, 0x9F, 0xF1, 0x66, 0x57, 0x5B, 0x6E, 0x30, 0xCE, 0xD2, 0x37,
    0x95, 0x02, 0xA1, 0x35, 0xDB, 0xA0, 0x63, 0x04, 0x7B, 0x04, 0x40, 0xE3, 0xB6, 0xC3, 0xC6, 0x6F,
    0x8C, 0x80, 0x60, 0xB9, 0x83, 0x78, 0x14, 0xC3, 0x49, 0x62, 0x72, 0xA8, 0xA8, 0xDF, 0xC7, 0xE7,
    0x17, 0xFD, 0xD2, 0x78, 0x3B, 0xC0, 0x64, 0x93, 0xDF, 0x76, 0xC6, 0x16, 0xF6, 0x58, 0x2B, 0x28,
    0x7D, 0xC4, 0x39, 0xDF, 0x5E, 0xCF, 0xD4, 0xAF, 0x4F, 0x37, 0x93, 0xAB, 0x6F, 0x9D, 0xFB, 0x37,
    0xED, 0x5C, 0xBD, 0x92, 0xDC, 0xC6, 0x11, 0x1E, 0x00, 0xC5, 0x83, 0x6D, 0x04, 0x48, 0xCC, 0x2A,
    0x15, 0x59, 0x65, 0x38, 0x70, 0xE0, 0x62, 0x82, 0x47, 0xC0, 0x32, 0x52, 0xA0, 0x80, 0xCC, 0x14,
    0x4A, 0x81, 0x03, 0x89, 0x09, 0xDF, 0xC0, 0x40, 0x39, 0x65, 0x20, 0xBD, 0x81, 0x1C, 0xD0, 0x55,
    0xB2, 0x13, 0x3D, 0x81, 0x09, 0x54, 0x31, 0x74, 0xA0, 0xCD, 0x1D, 0x08, 0xAE, 0x52, 0xE6, 0x80,
    0x70, 0x15, 0x02, 0xD0, 0x06, 0x30, 0xEE, 0xFE, 0xBA, 0x07, 0xC0, 0xEE, 0x62, 0x8F, 0x77, 0x47,
    0xF2, 0xB8, 0x3C, 0x72, 0x8F, 0x37, 0x73, 0xDC, 0x05, 0x06, 0x33, 0xFD, 0x75, 0xF7, 0xF4, 0xDF,
    0xAC, 0x31, 0x71, 0x6F, 0xF8, 0xA5, 0x5D, 0x3A, 0xA2, 0xCB, 0x2C, 0xBA, 0xDC, 0x6E, 0xB8, 0x2B,
    0xB3, 0x82, 0x3B, 0x9B, 0x55, 0xD4, 0x7A, 0x43, 0xB2, 0xA5, 0x2E, 0xE8, 0xE3, 0x66, 0xEE, 0xA2,
    0x36, 0xEC, 0x78, 0x90, 0x26, 0xE8, 0xA5, 0x1B, 0x78, 0xAC, 0xAD, 0xC7, 0xA3, 0xD1, 0x5D, 0x3C,
    0x5A, 0x4E, 0x1D, 0x8D, 0x46, 0xBF, 0xF4, 0x17, 0xBF, 0x43, 0xEF, 0xFB, 0xDC, 0xD5, 0x26, 0xB0,
    0xF4, 0x6A, 0x5C, 0x17, 0x71, 0xD7, 0x19, 0x1E, 0x97, 0x46, 0x4B, 0xB8, 0x1B, 0xF8, 0x2A, 0xBE,
    0x1A, 0x33, 0xB0, 0xA6, 0x44, 0x57, 0x58, 0x9E, 0x16, 0xFE, 0x5E, 0x7B, 0x05, 0xCD, 0x72, 0x61,
    0xBB, 0x9D, 0x7C, 0x76, 0xD7, 0xD2, 0x4A, 0xAC, 0xED, 0xF1, 0x64, 0x13, 0x0F, 0x67, 0xB6, 0x4A,
    0x6B, 0x9A, 0xDE, 0xDD, 0x0A, 0xCF, 0x33, 0x29, 0x37, 0x3C, 0x81, 0x5B, 0x25, 0xA6, 0xD5, 0xF8,
    0x3C, 0xC1, 0xD8, 0xBE, 0x7C, 0xD0, 0x64, 0x3C, 0xC1, 0xB2, 0xA0, 0xC6, 0xF2, 0x25, 0xBC, 0x0E,
    0x6E, 0xF2, 0xC6, 0x56, 0xBE, 0x6D, 0xF2, 0x91, 0xAE, 0x4B, 0xAD, 0xFD, 0x47, 0x1B, 0xDA, 0x31,
    0x6C, 0xCD, 0x9D, 0x87, 0xBB, 0x53, 0xE3, 0x49, 0x04, 0x76, 0xA7, 0xC1, 0x7B, 0x26, 0x1C, 0xF0,
    0x79, 0x24, 0x74, 0xBF, 0x95, 0xCB, 0xDA, 0xE2, 0x9D, 0x2E, 0xC3, 0x67, 0x66, 0x30, 0x47, 0x5F,
    0xC1, 0xA8, 0xA3, 0xC8, 0x6D, 0x32, 0x58, 0x62, 0x71, 0x7B, 0x2A, 0x5D, 0xF6, 0x53, 0x0D, 0x80,
    0xBF, 0x01, 0x21, 0x6C, 0x24, 0x1D, 0x40, 0xF4, 0x07, 0x80, 0x18, 0xF4, 0xFE, 0x80, 0xCE, 0xB3,
    0x00, 0x18, 0x20, 0x12, 0x28, 0xB4, 0x68, 0xA6, 0x09, 0x4F, 0x2D, 0xDB, 0x02, 0x10, 0xFA, 0x65,
    0x4A, 0x11, 0x10, 0x4C, 0x2B, 0x02, 0x25, 0x6E, 0x99, 0xAC, 0x4C, 0x58, 0x5F, 0x3A, 0x20, 0x3B,
    0x9A, 0x90, 0xC6, 0xA5, 0xD1, 0xE2, 0x0E, 0x20, 0x82, 0x71, 0xCA, 0x22, 0x6D, 0xC0, 0x1C, 0x19,
    0x33, 0x55, 0xB6, 0x05, 0xC0, 0x34, 0x1A, 0x08, 0x01, 0x32, 0x08, 0x11, 0xE2, 0xA9, 0x01, 0x2F,
    0x3E, 0x3B, 0x5C, 0xF4, 0xF5, 0x83, 0x19, 0x15, 0x22, 0x32, 0x02, 0x4B, 0x89, 0xFF, 0x79, 0x42,
    0xF3, 0xA0, 0x43, 0x73, 0xF6, 0x2D, 0xCF, 0x7A, 0x54, 0x59, 0x82, 0xF4, 0x8C, 0x22, 0x2F, 0x5D,
    0xD0, 0x1F, 0x85, 0x2F, 0x52, 0x56, 0x95, 0xFB, 0x12, 0xAB, 0x12, 0xB9, 0x91, 0x0E, 0x4F, 0x2B,
    0x85, 0x33, 0x6C, 0x02, 0x14, 0x65, 0x4C, 0x7F, 0x50, 0x89, 0x04, 0x8A, 0xA1, 0x3C, 0x21, 0x6E,
    0x21, 0x8A, 0x71, 0x83, 0x89, 0x11, 0x0D, 0x2C, 0xC8, 0x8C, 0xD9, 0x12, 0xAD, 0x79, 0x18, 0xFA,
    0x33, 0x13, 0x89, 0xA4, 0x8F, 0x3D, 0x50, 0x40, 0x00, 0x6B, 0xA5, 0xEB, 0x45, 0x22, 0x7B, 0xC0,
    0x4A, 0xA3, 0xF1, 0x53, 0xE8, 0x32, 0xD0, 0xD3, 0x1A, 0xE0, 0x66, 0x0B, 0xCC, 0x27, 0xAF, 0x20,
    0x91, 0x78, 0xCB, 0xFC, 0x9A, 0x9B, 0xBF, 0xF3, 0xBC, 0x46, 0xCC, 0x4A, 0xB8, 0x47, 0xC9, 0x75,
    0x8F, 0x86, 0xE8, 0x1D, 0xC2, 0x19, 0x90, 0x23, 0xAE, 0x20, 0x96, 0x1B, 0xDF, 0x01, 0xAE, 0xCD,
    0x2E, 0xAE, 0x91, 0x4A, 0x5B, 0x2D, 0xFF, 0x6B, 0xD1, 0xF9, 0x3C, 0x5B, 0xBF, 0x33, 0x25, 0x04,
    0xCA, 0xDC, 0xD9, 0x38, 0x28, 0x3C, 0x8B, 0x55, 0x85, 0x7D, 0x70, 0x5C, 0x20, 0xA3, 0x41, 0x05,
    0x71, 0xD9, 0xA5, 0xA0, 0x95, 0x03, 0x34, 0xFF, 0x61, 0xBB, 0x00, 0x54, 0xC6, 0xF4, 0x47, 0x3C,
    0x3C, 0xE8, 0x55, 0x1E, 0xD1, 0x45, 0x1D, 0x68, 0x44, 0x17, 0x58, 0x59, 0x37, 0x53, 0x30, 0x9D,
    0x00, 0x65, 0x24, 0x09, 0x0B, 0x86, 0x80, 0x3E, 0x60, 0xD9, 0xB2, 0xB8, 0xD8, 0x17, 0xA5, 0xAA,
    0x80, 0x86, 0x8A, 0x6B, 0x07, 0x74, 0xF0, 0x30, 0x0B, 0x1A, 0xD2, 0x4D, 0x20, 0x6A, 0x59, 0x41,
    0x10, 0xB3, 0x0A, 0xDA, 0x15, 0x6F, 0x75, 0xE0, 0x5E, 0xCC, 0x6E, 0x23, 0x5A, 0x5D, 0x01, 0x25,
    0xAA, 0xF8, 0xC3, 0x8C, 0x65, 0xFD, 0x4E, 0xB1, 0xDC, 0x93, 0xD1, 0x57, 0xEB, 0xD3, 0x2F, 0xA1,
    0x4F, 0x49, 0x63, 0x8E, 0x90, 0x35, 0x60, 0x92, 0x43, 0x39, 0x7A, 0x63, 0x08, 0xBA, 0x77, 0xDE,
    0x71, 0x64, 0x45, 0x75, 0x5F, 0x4A, 0xD3, 0xB6, 0xC7, 0x34, 0x6D, 0x78, 0x44, 0xD3, 0x66, 0x87,
    0x9A, 0xB6, 0x00, 0xE5, 0xE9, 0x69, 0x24, 0x92, 0x9E, 0x20, 0xBB, 0xD4, 0xB4, 0xC3, 0xA4, 0x69,
    0xDB, 0xE3, 0x9A, 0x36, 0xAF, 0x1C, 0xC1, 0x4B, 0x88, 0x30, 0x5F, 0xFA, 0x79, 0x3F, 0xED, 0x44,
    0x98, 0x58, 0x2B, 0x72, 0xB0, 0x84, 0xF7, 0xA4, 0x44, 0x55, 0x14, 0x6B, 0x91, 0x30, 0x2D, 0x6D,
    0x93, 0x01, 0x10, 0x0B, 0x22, 0xD6, 0x25, 0x84, 0xA5, 0x92, 0x8D, 0x6D, 0x1D, 0xBB, 0x7E, 0x09,
    0x5A, 0xF6, 0x62, 0x0B, 0x69, 0x8E, 0x44, 0x73, 0xFB, 0xC3, 0x95, 0x76, 0xD7, 0x6C, 0x07, 0xF3,
    0xF2, 0x41, 0x33, 0x4B, 0xF3, 0x3A, 0xE6, 0x1D, 0x30, 0x8F, 0x77, 0x30, 0x07, 0xCD, 0x56, 0x30,
    0x4F, 0x76, 0x31, 0xEF, 0x9D, 0x34, 0xEB, 0xEE, 0x1A, 0xAD, 0x62, 0x5E, 0xAF, 0x61, 0x9E, 0x6F,
    0x13, 0x30, 0xCC, 0x26, 0xC0, 0x8D, 0xF5, 0xE3, 0xF6, 0x60, 0x95, 0x27, 0x2A, 0xD2, 0xA1, 0xCC,
    0x34, 0x11, 0x78, 0x4A, 0x10, 0xDF, 0x1F, 0xF1, 0x90, 0xA8, 0x05, 0x76, 0xEB, 0xAF, 0x0F, 0xD8,
    0xCA, 0xDD, 0xDF, 0x68, 0x9F, 0x10, 0x92, 0xC3, 0x29, 0x28, 0xE7, 0x57, 0x5A, 0xC3, 0xC6, 0x14,
    0x3B, 0x6B, 0x94, 0x2E, 0xAD, 0x55, 0xEC, 0xD1, 0xC9, 0x3A, 0xBC, 0xA7, 0x2B, 0x94, 0x69, 0x61,
    0x23, 0xFB, 0xA2, 0xC6, 0x8D, 0x85, 0x86, 0x13, 0x1A, 0x4C, 0xD2, 0xFB, 0xBA, 0x02, 0x7E, 0x45,
    0xA5, 0x5E, 0x4F, 0x4A, 0x7D, 0x7B, 0x8E, 0x52, 0x3F, 0x66, 0x3E, 0xBF, 0x52, 0xA9, 0x37, 0x4A,
    0xB9, 0xB0, 0x71, 0x54, 0x03, 0x47, 0x95, 0x8E, 0x19, 0xF6, 0x24, 0xFD, 0xCF, 0xE6, 0x7B, 0x9A,
    0x35, 0x8F, 0xCE, 0x1C, 0x29, 0xF2, 0xAE, 0x3B, 0xE6, 0xD5, 0x18, 0xC4, 0x23, 0x06, 0x39, 0x23,
    0xCC, 0x3D, 0x61, 0x90, 0xF1, 0x8B, 0x26, 0x7B, 0xC9, 0x0C, 0x52, 0x2D, 0x18, 0x24, 0x55, 0x06,
    0x29, 0x3C, 0x62, 0x90, 0x97, 0x8F, 0x57, 0x18, 0xE4, 0x17, 0xF2, 0xD4, 0x4C, 0xBB, 0x6A, 0x09,
    0xBE, 0x5A, 0x65, 0x6E, 0x35, 0x5F, 0x1F, 0x82, 0x48, 0x56, 0x09, 0x9C, 0x84, 0x11, 0x96, 0x1B,
    0x69, 0x8A, 0x4E, 0xF6, 0x64, 0xDC, 0x1F, 0xAE, 0xAC, 0x6E, 0x6F, 0x4B, 0xD7, 0x4B, 0x22, 0xC1,
    0x3B, 0x96, 0x2E, 0x91, 0xDB, 0xB3, 0x1F, 0x9B, 0x45, 0x57, 0x7E, 0x8A, 0xA1, 0x2D, 0x60, 0xF7,
    0x46, 0x28, 0x05, 0x7F, 0xF0, 0xD4, 0xEA, 0xB5, 0xD0, 0xF2, 0xA6, 0xDC, 0x40, 0xCB, 0x33, 0x3E,
    0xB1, 0x6C, 0xE9, 0xB4, 0x12, 0x5E, 0x0C, 0x01, 0xC7, 0x24, 0xA3, 0x0F, 0x18, 0x57, 0x62, 0x02,
    0x56, 0x62, 0x02, 0xBB, 0x27, 0x7B, 0x39, 0xD0, 0xB7, 0xB2, 0x5D, 0x59, 0x7C, 0x4C, 0x4A, 0x01,
    0x4C, 0x90, 0x57, 0xB0, 0xD9, 0xB2, 0x6D, 0x2A, 0xE4, 0x07, 0x13, 0xD0, 0x5B, 0x9F, 0x4C, 0x74,
    0xCB, 0xA6, 0x4D, 0x1E, 0x8A, 0xF3, 0x28, 0xFA, 0xBD, 0x7F, 0x6A, 0xE8, 0x5F, 0xC2, 0x13, 0x1E,
    0x57, 0x50, 0x7C, 0x08, 0xFF, 0x83, 0xDC, 0xB0, 0x7E, 0xB6, 0xE4, 0x0C, 0xEB, 0xDD, 0x85, 0x0A,
    0x18, 0x3F, 0x04, 0x0F, 0xBA, 0x58, 0xF1, 0xA0, 0x37, 0xEA, 0x99, 0xED, 0xAD, 0xB9, 0x23, 0x7D,
    0x29, 0xA4, 0x82, 0xAE, 0x54, 0x4E, 0x30, 0xEF, 0x9A, 0x13, 0xCA, 0x9F, 0x73, 0xD8, 0x77, 0x30,
    0xEC, 0x42, 0xA6, 0x82, 0x59, 0x37, 0x59, 0x66, 0xBD, 0xDF, 0xEF, 0xE8, 0xFD, 0x37, 0x01, 0xFA,
    0x7B, 0x62, 0xD8, 0xC9, 0xCE, 0x58, 0xC5, 0x74, 0x7D, 0x97, 0x6D, 0x80, 0x4F, 0xD8, 0x94, 0x03,
    0x1B, 0xC2, 0x4B, 0x7A, 0xF9, 0x0D, 0xE1, 0x7F, 0x7A, 0x2A, 0x3F, 0x6C, 0x02, 0x71, 0x78, 0xA1,
    0xD6, 0x08, 0x71, 0x21, 0xB6, 0x38, 0x65, 0xC9, 0x39, 0x01, 0xAF, 0x0F, 0xD7, 0xBA, 0xF3, 0x9F,
    0x9A, 0xAF, 0x88, 0xD5, 0x4F, 0x4E, 0x7D, 0xBF, 0xD2, 0xBA, 0x03, 0x87, 0x2F, 0x1A, 0x80, 0x73,
    0xD1, 0x86, 0xD7, 0xB1, 0x68, 0x2E, 0x75, 0xAF, 0x0E, 0xB0, 0x7C, 0xF8, 0x2A, 0xD5, 0x41, 0xE5,
    0xB9, 0xC1, 0x7B, 0x11, 0x13, 0xB1, 0xA4, 0x3D, 0x19, 0xCE, 0x53, 0x34, 0xDE, 0x2F, 0xB7, 0x44,
    0xB2, 0xA4, 0x21, 0x48, 0xC3, 0x2E, 0xDF, 0xD0, 0x3E, 0x5A, 0x32, 0x73, 0xF1, 0x33, 0x46, 0xBB,
    0xF7, 0x9A, 0x1E, 0x5E, 0x4E, 0x1B, 0x33, 0x11, 0xDE, 0x63, 0x5D, 0x9E, 0x92, 0x5B, 0xFB, 0x6F,
    0x5B, 0x33, 0xC5, 0x0B, 0xDA, 0x5E, 0x58, 0xDC, 0xBF, 0xDE, 0x5C, 0xC8, 0x44, 0x7E, 0x85, 0x92,
    0x3F, 0x14, 0x99, 0x93, 0x22, 0xBB, 0xCF, 0x7C, 0x1A, 0x30, 0x4D, 0xBD, 0x2F, 0x1A, 0x47, 0x63,
    0x21, 0xFE, 0xD6, 0x45, 0x7A, 0xF7, 0x22, 0x69, 0x6F, 0x07, 0x80, 0x84, 0x00, 0xF8, 0xDF, 0x0E,
    0x00, 0x86, 0x01, 0xC8, 0x8A, 0x98, 0x6E, 0xE9, 0xB2, 0x22, 0x80, 0xAF, 0xFC, 0x9F, 0x92, 0x74,
    0xF1, 0xF6, 0xD0, 0xC9, 0x3C, 0x29, 0x9A, 0x9E, 0x6D, 0xFC, 0x8D, 0xC9, 0x86, 0xA4, 0xE2, 0x4F,
    0x2A, 0x6F, 0xE4, 0x89, 0x37, 0xD1, 0x70, 0x3E, 0x25, 0x8B, 0xCB, 0x50, 0x72, 0x5C, 0x50, 0x72,
    0xB3, 0xA0, 0xA4, 0xBF, 0x42, 0x49, 0x7E, 0xEE, 0x23, 0x61, 0xE5, 0xA0, 0x9A, 0xA3, 0xAA, 0x62,
    0xCC, 0xE3, 0x6E, 0x36, 0x49, 0xBD, 0x81, 0xAC, 0x50, 0xD5, 0x5A, 0xE9, 0x0B, 0xC4, 0x95, 0x3F,
    0xEB, 0x26, 0xC3, 0x69, 0x9D, 0x87, 0x77, 0x5B, 0x33, 0x4D, 0xE9, 0x32, 0x2D, 0x44, 0x7F, 0xA7,
    0xBD, 0xDA, 0x38, 0x47, 0x66, 0x85, 0x9D, 0x76, 0x61, 0xAF, 0xCA, 0xAA, 0xA1, 0xF0, 0x25, 0x90,
    0x8A, 0xDD, 0xCE, 0x20, 0x49, 0x50, 0x8A, 0xEB, 0x01, 0xF1, 0x85, 0xC1, 0x92, 0x3D, 0x1F, 0xB0,
    0xEB, 0x97, 0xAB, 0x9E, 0x0A, 0xD0, 0x03, 0x7C, 0x82, 0x9F, 0x01, 0x80, 0x06, 0x08, 0x1A, 0x40,
    0x68, 0x80, 0xA1, 0x01, 0x88, 0x98, 0xE1, 0x68, 0x44, 0x0A, 0xE6, 0x76, 0xDC, 0x99, 0xBF, 0x3C,
    0x48, 0xE6, 0x08, 0x34, 0x05, 0x4E, 0x03, 0x3C, 0x8D, 0x00, 0xAA, 0x88, 0x3A, 0x48, 0x25, 0x52,
    0x2E, 0x46, 0x90, 0x88, 0x05, 0xDB, 0x3E, 0xF4, 0xBC, 0x12, 0x68, 0xDE, 0x29, 0xD4, 0xDF, 0x52,
    0x34, 0xFD, 0xF7, 0x1D, 0xCD, 0x74, 0xD7, 0xA5, 0x82, 0x49, 0x25, 0xEE, 0xE5, 0x1F, 0x05, 0x41,
    0x00, 0x18, 0xC3, 0x78, 0x26, 0xF8, 0x56, 0xD1, 0x7B, 0x8B, 0x1A, 0x6C, 0x75, 0x0B, 0x11, 0x3F,
    0x4A, 0x64, 0x4B, 0xBD, 0xA8, 0x78, 0x6A, 0xFF, 0xC0, 0xDB, 0x84, 0xC4, 0xBE, 0x63, 0xF0, 0x65,
    0xFE, 0x13, 0x92, 0x3B, 0x6C, 0x18, 0x3A, 0x07, 0xFA, 0x3D, 0xC6, 0x0B, 0x16, 0x73, 0xC2, 0xA2,
    0x76, 0xCB, 0xCE, 0x2E, 0xB1, 0x4B, 0x9E, 0xD2, 0x02, 0xB1, 0x42, 0x05, 0xAD, 0x61, 0xD0, 0xFA,
    0xD3, 0x00, 0x4D, 0x8C, 0xF8, 0x8D, 0x67, 0xDB, 0x54, 0xF7, 0x9E, 0x46, 0xF6, 0x9E, 0x95, 0x38,
    0xED, 0xE8, 0x2C, 0x80, 0xEC, 0x05, 0xBB, 0x11, 0x04, 0x5D, 0xE0, 0x20, 0x39, 0xD5, 0x3D, 0x2A,
    0xFD, 0x39, 0xD2, 0xED, 0x89, 0x57, 0xEE, 0xB7, 0x77, 0x57, 0x4C, 0xFB, 0x77, 0x2F, 0x4E, 0x2B,
    0x06, 0x81, 0x37, 0x05, 0xC5, 0xA1, 0xD8, 0x58, 0xAF, 0x05, 0x83, 0x7F, 0xDA, 0xC4, 0xBE, 0xA8,
    0x6D, 0xBB, 0xA4, 0x78, 0x33, 0x51, 0xDC, 0x5E, 0x17, 0xC5, 0xAF, 0x6C, 0x03, 0xFB, 0x9C, 0xC5,
    0xD8, 0xB2, 0x01, 0x49, 0xCB, 0x08, 0x1B, 0xD6, 0x6B, 0xD9, 0x2E, 0x14, 0xBA, 0xE3, 0x99, 0xD7,
    0xFC, 0x37, 0x0D, 0x95, 0xB5, 0xD9, 0x70, 0x9B, 0xFC, 0x38, 0x93, 0x9B, 0x41, 0xF3, 0x11, 0x86,
    0xA8, 0x4D, 0x3F, 0xC1, 0x05, 0x7E, 0xDE, 0xC6, 0x8C, 0x96, 0x44, 0x22, 0xC2, 0xC8, 0x3F, 0xFE,
    0xBB, 0x89, 0x7B, 0xFE, 0x09, 0xA6, 0x2C, 0xD8, 0xC5, 0xE7, 0xE9, 0xD8, 0x65, 0x1E, 0xE1, 0xD6,
    0x5F, 0xA4, 0xC2, 0x01, 0x81, 0xF4, 0x84, 0xD1, 0x67, 0xEF, 0xDA, 0x12, 0x3F, 0xF8, 0xF4, 0x9B,
    0x77, 0x08, 0xA0, 0x44, 0x3D, 0xA2, 0x53, 0x24, 0x14, 0xA9, 0xE6, 0x93, 0x25, 0x91, 0x8C, 0xAD,
    0x27, 0xDB, 0x42, 0x82, 0x93, 0xDA, 0x8A, 0xE1, 0x70, 0xE9, 0x4E, 0x6F, 0x97, 0xC1, 0x5C, 0x8E,
    0x5A, 0x13, 0xD7, 0xFA, 0x58, 0x9D, 0x84, 0xC7, 0x53, 0x6A, 0x79, 0x82, 0x25, 0x33, 0xAC, 0x4E,
    0x57, 0x27, 0xAF, 0x4B, 0xD9, 0x7F, 0xF5, 0xCB, 0x00, 0xF0, 0x6E, 0x27, 0x9F, 0x4D, 0xBC, 0xCF,
    0x4A, 0xB9, 0x88, 0xC7, 0xFB, 0xB6, 0x4E, 0x5B, 0x5A, 0x68, 0xB6, 0xA5, 0x47, 0xD2, 0xA4, 0x82,
    0x9E, 0x26, 0xE8, 0x33, 0xEF, 0x7B, 0xB0, 0x92, 0xED, 0x6E, 0x33, 0xE2, 0x83, 0xB2, 0x20, 0xA5,
    0xC1, 0xD2, 0xD2, 0x67, 0xC4, 0xAD, 0x1D, 0x49, 0x60, 0x4E, 0xBC, 0xFF, 0x42, 0xB4, 0x21, 0x6B,
    0x16, 0x5A, 0x87, 0xF7, 0xD7, 0x0B, 0xA6, 0x48, 0x7C, 0x11, 0xD0, 0x40, 0xA2, 0x5B, 0xE2, 0x46,
    0x4D, 0x61, 0x83, 0x50, 0xA3, 0x07, 0xDB, 0x65, 0xB4, 0x74, 0xE7, 0x75, 0xF3, 0x20, 0x7D, 0x65,
    0x32, 0xFB, 0xA8, 0x3E, 0xBB, 0x36, 0x4C, 0xE3, 0xCD, 0x32, 0xA3, 0xA1, 0x75, 0x43, 0xA3, 0x99,
    0x3C, 0x02, 0xBF, 0x3B, 0x2B, 0xE6, 0x3A, 0x91, 0xA9, 0xCC, 0xA4, 0x3D, 0x5A, 0x66, 0x72, 0x13,
    0x05, 0xD3, 0xDF, 0xCC, 0xAC, 0x2B, 0x81, 0x4D, 0x2D, 0x79, 0x9A, 0x53, 0xF7, 0xEC, 0x34, 0x4A,
    0xF0, 0x7F, 0xE9, 0x38, 0xE5, 0xCF, 0x7B, 0x90, 0x73, 0x3D, 0xC1, 0xB7, 0x70, 0x9C, 0x80, 0xB7,
    0x01, 0xE0, 0x06, 0x88, 0x1B, 0x40, 0x6E, 0x80, 0xB9, 0x01, 0xE8, 0xC6, 0x4E, 0x43, 0xD9, 0x83,
    0x76, 0xD4, 0x4F, 0x81, 0x3D, 0x9C, 0xAE, 0xDE, 0x00, 0x7D, 0x03, 0xF8, 0x0D, 0xF0, 0x37, 0xC2,
    0x00, 0xC2, 0x01, 0x0B, 0x16, 0x90, 0xD0, 0x46, 0xB2, 0x5D, 0x26, 0x36, 0x03, 0xAD, 0x31, 0x1A,
    0x05, 0xFC, 0x7B, 0x1F, 0x2C, 0xF8, 0xE2, 0x67, 0x4D, 0xA5, 0x64, 0x52, 0x65, 0x04, 0xC8, 0x9F,
    0x09, 0xE0, 0xC0, 0x3B, 0x61, 0xB8, 0x19, 0xED, 0x55, 0xB0, 0xAF, 0x5D, 0xAC, 0xA7, 0x22, 0xAF,
    0xA3, 0x09, 0xAB, 0xA7, 0x50, 0xC1, 0xE1, 0x08, 0xEF, 0x43, 0xF3, 0x0A, 0xE5, 0x77, 0xCD, 0x9C,
    0xAB, 0x08, 0xBB, 0xB5, 0x5C, 0xD6, 0x4D, 0x04, 0x18, 0x11, 0x0E, 0x5E, 0xF2, 0x6D, 0x2C, 0x38,
    0x57, 0x1F, 0x7A, 0xD6, 0xD4, 0xE3, 0x8E, 0x31, 0x7A, 0x3A, 0x28, 0x6B, 0xA8, 0x24, 0xC1, 0xF4,
    0xEA, 0x4C, 0x32, 0x52, 0x48, 0xF1, 0xFC, 0x0B, 0xB6, 0x76, 0x5C, 0xAD, 0x6C, 0x31, 0x7B, 0x15,
    0x47, 0x89, 0xB0, 0x48, 0x0E, 0x55, 0xE4, 0x8F, 0x91, 0x94, 0x6B, 0xFA, 0x1F, 0x82, 0x6C, 0xA7,
    0x35, 0x6D, 0x7E, 0x70, 0xFA, 0x90, 0xD2, 0x6E, 0x1F, 0xAF, 0x54, 0xEC, 0x9C, 0xA6, 0x80, 0xFB,
    0xFD, 0xB2, 0x78, 0x53, 0xB3, 0x89, 0xF6, 0x09, 0xF2, 0x55, 0x6B, 0xD5, 0x34, 0x1F, 0xAD, 0xE5,
    0x03, 0x21, 0x7E, 0xD2, 0x73, 0xA4, 0xF7, 0x54, 0x84, 0xF8, 0xDC, 0xC2, 0x23, 0x4F, 0x53, 0x0F,
    0x6A, 0x41, 0x4B, 0x6D, 0xEC, 0x6C, 0xB3, 0x39, 0x76, 0x64, 0xA6, 0x70, 0x6F, 0xB9, 0x5E, 0xEB,
    0x92, 0x3C, 0x26, 0xE0, 0x63, 0x71, 0xCE, 0x42, 0xC9, 0x06, 0x12, 0xD7, 0x58, 0x3B, 0xD2, 0xC7,
    0xF6, 0xE5, 0x19, 0x13, 0x36, 0xA0, 0x4B, 0x38, 0xAB, 0xC9, 0xF9, 0xDD, 0xC0, 0xEA, 0x3E, 0xC7,
    0x55, 0xBB, 0x52, 0x81, 0xAB, 0xFE, 0x71, 0x25, 0x23, 0xD2, 0x9B, 0x02, 0xA7, 0x14, 0xFE, 0xBA,
    0x02, 0xE0, 0xCB, 0xF4, 0xCA, 0x0E, 0x46, 0xF9, 0x61, 0x1A, 0x5F, 0x59, 0xCF, 0x71, 0x22, 0xEF,
    0x50, 0x98, 0x93, 0xAF, 0x4C, 0x41, 0x5C, 0xF1, 0x02, 0xFC, 0xAE, 0x6C, 0x31, 0xF1, 0xC5, 0xCC,
    0x18, 0x5F, 0x6A, 0xC9, 0x8D, 0x6C, 0x62, 0x93, 0x49, 0x23, 0x34, 0x19, 0x8D, 0xFF, 0xFD, 0xAC,
    0xFE, 0xA4, 0x4D, 0xA4, 0xAA, 0xBC, 0x25, 0xDC, 0xAD, 0xAD, 0x91, 0x35, 0xDD, 0xC4, 0xF6, 0x3E,
    0x3D, 0x26, 0xB9, 0x56, 0x53, 0xEC, 0xF7, 0x8B, 0x70, 0xD3, 0x6C, 0x8D, 0xBB, 0x1A, 0x76, 0xA2,
    0x83, 0x02, 0xEF, 0x7D, 0x44, 0x9A, 0x5F, 0xBF, 0x94, 0xED, 0x1B, 0x0B, 0x4F, 0xB7, 0x33, 0xD0,
    0xAA, 0x1D, 0xCB, 0x13, 0x46, 0xDA, 0xE5, 0xC0, 0xD4, 0x40, 0x9B, 0x2C, 0x34, 0x67, 0xA2, 0x4D,
    0xBD, 0xF3, 0x93, 0x87, 0x8F, 0x88, 0x4F, 0x01, 0x06, 0x89, 0x2F, 0x68, 0x78, 0x41, 0xA2, 0x0B,
    0xA2, 0x1A, 0xC5, 0x41, 0xCB, 0x36, 0x4B, 0xC4, 0xCF, 0xC7, 0xBD, 0xBA, 0x66, 0xDC, 0xA5, 0x7C,
    0xC8, 0x15, 0x86, 0xF3, 0x9C, 0x06, 0x99, 0xF8, 0x0F, 0xAD, 0xB9, 0x57, 0x5C, 0x0C, 0xDF, 0xFE,
    0xE6, 0xE2, 0x9B, 0x6E, 0x23, 0x7A, 0xBB, 0x1C, 0x48, 0xA6, 0x3D, 0x5C, 0xE2, 0x77, 0xB9, 0x65,
    0x8C, 0xF5, 0x00, 0x91, 0xA2, 0x19, 0x9F, 0x88, 0x14, 0x2F, 0xD1, 0xBA, 0xA4, 0x54, 0x76, 0x37,
    0x6A, 0xC7, 0x5D, 0xB7, 0xC6, 0x26, 0x03, 0x6C, 0xBF, 0x37, 0x53, 0x22, 0xE0, 0x74, 0x35, 0xF4,
    0xC1, 0x72, 0x64, 0xF2, 0xCB, 0xD6, 0xF4, 0x6A, 0x7C, 0x89, 0x8D, 0x7B, 0xBD, 0x2D, 0xCE, 0x7E,
    0xD5, 0x52, 0xC8, 0x27, 0x05, 0x7C, 0x19, 0x67, 0xDC, 0xAA, 0x78, 0xA0, 0x45, 0x11, 0x09, 0xFF,
    0x6B, 0x47, 0xAC, 0xAB, 0xE5, 0x75, 0x21, 0x9D, 0xFA, 0xE8, 0xDB, 0x83, 0x4A, 0x35, 0xC9, 0xAF,
    0x37, 0xFB, 0x6D, 0xEC, 0xEA, 0xC9, 0xDE, 0x44, 0x93, 0x73, 0x63, 0x2B, 0x2E, 0xCF, 0xAA, 0xCA,
    0x6D, 0x68, 0xAB, 0x6C, 0xB4, 0x65, 0x45, 0xBC, 0x94, 0x56, 0xA1, 0xED, 0x92, 0xCA, 0xE5, 0xEF,
    0x2F, 0x90, 0x13, 0x12, 0x37, 0x07, 0xBC, 0x27, 0xF1, 0x54, 0x41, 0x46, 0x0A, 0x89, 0xA5, 0x7E,
    0x41, 0xC3, 0xCB, 0xFB, 0x39, 0xB0, 0xF7, 0x0B, 0xA4, 0x64, 0x4E, 0x15, 0x97, 0xEB, 0xA9, 0xE2,
    0xC3, 0xF5, 0x5D, 0x2F, 0x58, 0x9F, 0xC8, 0x73, 0x25, 0x27, 0xEF, 0xC2, 0xC5, 0xFD, 0x14, 0x3F,
    0xFC, 0x9B, 0x98, 0x65, 0x76, 0xE9, 0x9F, 0x68, 0xF9, 0x4C, 0x08, 0xAF, 0x29, 0x96, 0x44, 0x64,
    0x6C, 0x5B, 0xE9, 0x0A, 0x3B, 0xEB, 0xAA, 0xEB, 0xEC, 0x04, 0x20, 0x57, 0x0F, 0xAB, 0x85, 0xB0,
    0x82, 0x91, 0x11, 0x90, 0x14, 0x25, 0x07, 0x93, 0xC3, 0xC9, 0x49, 0xD3, 0x4A, 0x49, 0xCD, 0xC6,
    0x1D, 0x58, 0x62, 0xB6, 0x0D, 0x16, 0x46, 0x8A, 0x98, 0xEF, 0x72, 0x22, 0xC5, 0xD6, 0x68, 0x41,
    0xF8, 0x51, 0x8B, 0x37, 0x5F, 0xB3, 0xCD, 0xD1, 0xD2, 0xC4, 0x81, 0x9E, 0x01, 0x7C, 0x06, 0xF8,
    0x19, 0x00, 0x68, 0x04, 0x41, 0x85, 0x50, 0x9D, 0x4A, 0xF5, 0x29, 0xC5, 0x4F, 0x32, 0x2E, 0xEC,
    0xC3, 0x64, 0x21, 0x0C, 0x93, 0xEA, 0x43, 0xC0, 0xF0, 0xB7, 0x8B, 0x2D, 0x49, 0xAB, 0x74, 0x17,
    0xD5, 0x61, 0xA4, 0x56, 0x4E, 0x16, 0x43, 0xD5, 0x88, 0xAA, 0x12, 0x9D, 0x4E, 0x74, 0x51, 0x83,
    0x7E, 0x4A, 0xE2, 0x3C, 0x12, 0xBD, 0x78, 0xF3, 0xA1, 0x84, 0xE2, 0x14, 0xCD, 0xA9, 0xAA, 0x53,
    0xD3, 0xEF, 0x99, 0x3A, 0x51, 0xDE, 0x43, 0x56, 0x9F, 0x87, 0x80, 0xA6, 0x02, 0xE8, 0xF6, 0x1D,
    0x03, 0x1A, 0xB5, 0x3E, 0xCA, 0x9F, 0xED, 0x67, 0x88, 0x49, 0x4B, 0xCD, 0xF9, 0x33, 0x8E, 0xCE,
    0xDF, 0x36, 0x3D, 0xAB, 0xD9, 0x9B, 0x0F, 0xE1, 0x57, 0xE6, 0x77, 0xF0, 0xF0, 0x7A, 0x78, 0x47,
    0x3D, 0x2F, 0x85, 0xCD, 0xB2, 0xA4, 0xC8, 0xB7, 0xC1, 0x81, 0xC3, 0x77, 0x2A, 0x72, 0x68, 0x44,
    0x5F, 0x2E, 0x82, 0x71, 0x37, 0x79, 0xCF, 0x5B, 0x33, 0x22, 0xD5, 0x72, 0xDC, 0xEB, 0x5C, 0x14,
    0xE3, 0x84, 0x55, 0xE8, 0xC1, 0xF9, 0x86, 0xB8, 0xDF, 0x6F, 0xB5, 0x80, 0x01, 0x47, 0x09, 0x3C,
    0x6C, 0x94, 0x7A, 0x08, 0x5F, 0xBF, 0x3B, 0xA1, 0x5A, 0xC6, 0xE6, 0xF6, 0x0C, 0xB3, 0x82, 0x4F,
    0xF2, 0x30, 0x8D, 0xA3, 0x9E, 0xFD, 0xAC, 0xB8, 0xE5, 0xE4, 0x69, 0xDA, 0x44, 0x88, 0xE0, 0x71,
    0x06, 0x95, 0x67, 0x09, 0x3E, 0xB1, 0x45, 0x80, 0x20, 0x0F, 0x27, 0xDF, 0xD2, 0x9A, 0x2F, 0x8B,
    0x1B, 0x76, 0x05, 0xC3, 0x9E, 0x6F, 0x0F, 0x06, 0x04, 0x03, 0x25, 0x6C, 0x50, 0xE2, 0xF1, 0x59,
    0x3F, 0x65, 0xAF, 0x34, 0xF0, 0xF5, 0x1A, 0xED, 0x9C, 0xE5, 0x44, 0x24, 0x6D, 0x51, 0x4D, 0xBA,
    0x73, 0x9C, 0x11, 0xE7, 0x42, 0xB3, 0x4A, 0x9A, 0xB4, 0x4E, 0xF8, 0xF0, 0x50, 0xCC, 0x4C, 0x44,
    0x83, 0xE4, 0x45, 0xC8, 0x07, 0x8C, 0x82, 0x8E, 0x1A, 0x9F, 0xB5, 0x95, 0x87, 0x83, 0x7C, 0x23,
    0xDB, 0x85, 0x25, 0x1B, 0x18, 0x39, 0xD3, 0x28, 0xE3, 0x23, 0x6A, 0xE9, 0x8F, 0xB4, 0xB0, 0xE4,
    0x45, 0xA5, 0x67, 0x19, 0x51, 0x31, 0x38, 0x87, 0xBD, 0x91, 0xC0, 0xC0, 0xF6, 0xE5, 0xCB, 0x77,
    0x1E, 0x68, 0xCC, 0x3B, 0x66, 0x75, 0x88, 0x1B, 0xE2, 0x41, 0xA3, 0xA2, 0x9E, 0xE4, 0x2A, 0x82,
    0x11, 0xDE, 0x2B, 0x91, 0x8E, 0xA9, 0x47, 0xB4, 0xE3, 0x21, 0x12, 0xF9, 0xBE, 0x09, 0xBE, 0x8C,
    0xB0, 0x2F, 0xE5, 0xAC, 0x93, 0x7C, 0x4F, 0x85, 0xD4, 0x29, 0x76, 0x7A, 0x46, 0x0A, 0x39, 0x2F,
    0xDF, 0x9D, 0x9F, 0x7A, 0xBC, 0x95, 0x7C, 0x98, 0x1E, 0xAF, 0xDB, 0x2C, 0x12, 0x2D, 0xFA, 0x5D,
    0x28, 0xC1, 0x9B, 0xEC, 0xAE, 0x76, 0xD2, 0x86, 0x71, 0x60, 0x8F, 0x22, 0xE1, 0x13, 0x76, 0x69,
    0xE5, 0x70, 0xC8, 0x37, 0x90, 0x6F, 0x87, 0xC3, 0xC0, 0x75, 0xCE, 0x3D, 0x91, 0x32, 0x00, 0x0E,
    0x7C, 0x96, 0x93, 0xF5, 0xA6, 0xE0, 0xF0, 0x80, 0xCF, 0x7B, 0x7E, 0x53, 0x4D, 0x38, 0x14, 0xBA,
    0xCC, 0xD0, 0xBA, 0xD3, 0x67, 0xB0, 0x06, 0xBD, 0xDE, 0xB9, 0x1C, 0x78, 0xB0, 0xE0, 0xB0, 0xCD,
    0xA0, 0xBF, 0xD8, 0x8F, 0x01, 0x9D, 0xD0, 0xF0, 0x1E, 0x1B, 0x9F, 0x97, 0x77, 0x4E, 0xAA, 0xE5,
    0x19, 0xDA, 0xA3, 0x27, 0xA8, 0x10, 0xED, 0x2E, 0x77, 0x52, 0x43, 0x23, 0xA8, 0x15, 0xF4, 0x88,
    0x4F, 0xF0, 0x3B, 0x1C, 0x3A, 0x69, 0xA6, 0x2F, 0x17, 0xC9, 0x44, 0x9B, 0xA9, 0x8A, 0x8B, 0xF4,
    0xA4, 0xA3, 0x1C, 0x81, 0xF3, 0x1C, 0xAE, 0xDF, 0xD5, 0x8B, 0xA3, 0x73, 0x6F, 0x1D, 0xD7, 0xD5,
    0xD3, 0x24, 0xE1, 0x7C, 0x9A, 0xE4, 0x40, 0xF9, 0x64, 0x1C, 0xD1, 0x20, 0xD9, 0x8B, 0x5A, 0xC2,
    0x31, 0x6E, 0x68, 0xD2, 0x71, 0x43, 0x52, 0x98, 0xD4, 0x04, 0x1B, 0x69, 0x8A, 0x9E, 0x1A, 0x82,
    0x32, 0x2F, 0xCC, 0xC8, 0x0A, 0x1C, 0xD1, 0x8D, 0x9C, 0x2D, 0x82, 0xEC, 0x4F, 0xBD, 0xD4, 0x0A,
    0x9B, 0xE4, 0x39, 0x11, 0x26, 0xFE, 0x67, 0xC3, 0xF2, 0xD4, 0x30, 0x8E, 0xB5, 0x26, 0xBC, 0x7C,
    0xC1, 0xA8, 0xD8, 0xA9, 0xCC, 0x1C, 0x9C, 0x78, 0xDD, 0xED, 0xF4, 0x06, 0x64, 0xBE, 0xF4, 0x48,
    0x62, 0xB9, 0xF9, 0x0D, 0x16, 0xD1, 0xE6, 0x73, 0xB4, 0x32, 0x72, 0x49, 0xE5, 0xE4, 0xD8, 0xD7,
    0x58, 0xE8, 0xB7, 0xB5, 0x68, 0x20, 0x0B, 0x71, 0xAD, 0x91, 0xE3, 0x2E, 0x2C, 0x95, 0x0B, 0xE4,
    0xD2, 0xA3, 0xC8, 0x75, 0x81, 0x9C, 0x51, 0x0D, 0x77, 0x90, 0x7B, 0x7C, 0xAD, 0xC8, 0xFD, 0xCA,
    0x9C, 0xD1, 0xF4, 0x90, 0x1A, 0xEE, 0x33, 0x4D, 0x0D, 0x37, 0x29, 0xAD, 0xA3, 0x0E, 0x97, 0x8E,
    0x77, 0xCE, 0xE7, 0x62, 0x9D, 0x26, 0x4C, 0xEA, 0xA4, 0x26, 0xC5, 0x89, 0xC3, 0xD4, 0x24, 0x5C,
    0x19, 0x6B, 0xC2, 0x72, 0x83, 0xD2, 0x67, 0xA2, 0xF1, 0xC8, 0x99, 0xC6, 0xC1, 0x69, 0x42, 0x16,
    0xC3, 0xEC, 0xD3, 0x76, 0xA9, 0x09, 0x63, 0xFE, 0xBA, 0x8F, 0xA5, 0x26, 0xDC, 0xA8, 0x26, 0x14,
    0xCF, 0x7A, 0x38, 0x4F, 0x13, 0xF2, 0x15, 0xFF, 0x07, 0xB5, 0x53, 0x4B, 0x6E, 0xDB, 0x30, 0x10,
    0x7D, 0x92, 0x81, 0x7A, 0xA1, 0x05, 0xD7, 0x6E, 0x16, 0xBA, 0x81, 0x75, 0x01, 0x27, 0xD4, 0x61,
    0xBC, 0xEF, 0x05, 0x0C, 0x50, 0xED, 0x09, 0x7C, 0x88, 0x1E, 0xC2, 0x8B, 0x16, 0x14, 0xDA, 0x0B,
    0xF8, 0x08, 0x5A, 0xE4, 0x00, 0x5A, 0x68, 0xE1, 0x00, 0xB4, 0x26, 0xF3, 0x61, 0x6C, 0x23, 0x09,
    0x82, 0x22, 0x40, 0x69, 0x8A, 0xE2, 0x0C, 0xDF, 0x3C, 0xCD, 0xCC, 0xA3, 0x01, 0x10, 0x25, 0x9B,
    0x90, 0x41, 0x3C, 0xFA, 0xEB, 0x82, 0x3C, 0xC8, 0xC6, 0xF8, 0xFA, 0x5D, 0x75, 0x0E, 0x35, 0x1E,
    0xB0, 0x41, 0x6C, 0x39, 0x84, 0x7F, 0x1E, 0x2B, 0xC4, 0x4E, 0x76, 0xB1, 0x6F, 0xDA, 0x1A, 0x6B,
    0x3E, 0xDB, 0x61, 0x0B, 0x0F, 0x3B, 0x0F, 0x1C, 0xD1, 0xE0, 0x9E, 0xBD, 0x07, 0x54, 0xDD, 0xDA,
    0x61, 0x53, 0x63, 0xF7, 0x80, 0xD3, 0x06, 0x63, 0x2C, 0x13, 0xFD, 0x25, 0x9B, 0x1E, 0x69, 0x85,
    0x6D, 0xFC, 0x31, 0x9B, 0x19, 0xFF, 0x50, 0xD3, 0xFE, 0x66, 0xE4, 0x1A, 0x07, 0x46, 0xEE, 0x8A,
    0x71, 0x5B, 0xEC, 0x19, 0x73, 0xC1, 0x87, 0xEF, 0x33, 0x53, 0x35, 0xF8, 0x75, 0x8F, 0x89, 0x01,
    0x87, 0x72, 0xE0, 0xA4, 0x35, 0xF3, 0x0F, 0x16, 0x29, 0x21, 0x5D, 0x97, 0x7F, 0x88, 0xF8, 0x7F,
    0xCB, 0x27, 0x73, 0xF9, 0x44, 0x58, 0x1C, 0xB0, 0xA4, 0x33, 0x6A, 0xA2, 0xD6, 0xB3, 0xC4, 0x91,
    0x68, 0xC8, 0x92, 0x5E, 0x1E, 0xF1, 0xC9, 0x99, 0x60, 0x04, 0x2B, 0x31, 0x2B, 0x14, 0x7B, 0xD5,
    0xB6, 0x3A, 0xA9, 0xC0, 0x2E, 0xA9, 0xA2, 0xFA, 0xCA, 0xCE, 0x0C, 0xC1, 0xD7, 0x3D, 0x2E, 0xA3,
    0x90, 0x70, 0xF8, 0x4E, 0x8D, 0x8A, 0xA8, 0xCB, 0x99, 0x00, 0xCD, 0x4C, 0x03, 0xCA, 0xB3, 0x19,
    0xBE, 0x77, 0x23, 0x16, 0x27, 0x33, 0xA2, 0xEC, 0xD8, 0xD6, 0x71, 0x46, 0x91, 0xD0, 0x1C, 0xCD,
    0x48, 0x32, 0x43, 0x77, 0x63, 0x64, 0x32, 0x35, 0xCA, 0x94, 0x8D, 0x19, 0x65, 0x5A, 0x66, 0x32,
    0x84, 0x76, 0x39, 0xBD, 0x90, 0xC1, 0x3F, 0x7E, 0x1B, 0x9B, 0x97, 0x6B, 0xED, 0x48, 0xEE, 0x63,
    0x36, 0x16, 0x44, 0x4C, 0x16, 0x26, 0xA0, 0xE6, 0x9C, 0xC2, 0xB4, 0x48, 0xE2, 0x81, 0xFD, 0x09,
    0x98, 0x81, 0x37, 0xEC, 0x10, 0x1E, 0x37, 0x0A, 0x8B, 0x7B, 0xBA, 0x4B, 0x9A, 0xB8, 0xF0, 0xD7,
    0xC7, 0x42, 0x0A, 0x89, 0xAD, 0x7C, 0x99, 0x8B, 0x8D, 0x9A, 0x84, 0xE4, 0xE4, 0x19, 0xC2, 0xE4,
    0xE9, 0xC6, 0xA8, 0xA6, 0x1B, 0xC3, 0x0D, 0x5A, 0xA1, 0x6F, 0x11, 0x84, 0x4C, 0x6B, 0xE7, 0x04,
    0x67, 0x21, 0xD3, 0xAE, 0xB8, 0x91, 0x83, 0x8B, 0xD9, 0xFA, 0x55, 0x51, 0x3C, 0x09, 0x99, 0x76,
    0xB2, 0x64, 0x95, 0x50, 0x8D, 0xB9, 0xC7, 0x81, 0x5A, 0x2B, 0x44, 0xBA, 0xFF, 0xE5, 0xA7, 0xA4,
    0x09, 0x3F, 0x20, 0xF4, 0x5C, 0xD5, 0x62, 0x46, 0x95, 0xD4, 0x71, 0x44, 0xEC, 0x65, 0xF2, 0x86,
    0x4D, 0x76, 0xF2, 0x91, 0xF4, 0x90, 0x61, 0x0C, 0x76, 0x63, 0xCC, 0xEF, 0x77, 0x8E, 0xE0, 0x26,
    0x34, 0x6F, 0x08, 0x07, 0x61, 0x53, 0xA1, 0x67, 0xED, 0xA2, 0x4A, 0x50, 0x69, 0xBB, 0xEB, 0xA3,
    0x29, 0x7B, 0xB9, 0x7D, 0x26, 0xB6, 0xA9, 0x6C, 0x8A, 0x98, 0xAE, 0xA6, 0x81, 0x41, 0x34, 0x7E,
    0x79, 0x03, 0xB1, 0xF8, 0xD0, 0x9A, 0xAE, 0xD7, 0x4F, 0x4C, 0x0A, 0x19, 0xAE, 0x90, 0xF8, 0x3A,
    0x0B, 0xF7, 0x26, 0x8B, 0x67, 0x35, 0xC7, 0x41, 0x11, 0x00, 0x10, 0x10, 0x86, 0xD1, 0xCF, 0x08,
    0x20, 0x12, 0xD1, 0xE4, 0xD9, 0x10, 0x46, 0x04, 0x51, 0x04, 0xF8, 0xC7, 0x5A, 0x07, 0x87, 0x77,
    0x78, 0x24, 0x41, 0x0E, 0x25, 0xD4, 0x30, 0x44, 0x92, 0xC8, 0x5B, 0x94, 0x29, 0x6A, 0x13, 0x03,
    0xE1, 0xEE, 0xEB, 0x31, 0x3B, 0x9D, 0xF8, 0x77, 0x01, 0x8D, 0x50, 0xC9, 0x0D, 0x83, 0x30, 0x10,
    0x1C, 0x99, 0x07, 0x52, 0x78, 0xF0, 0xE7, 0x43, 0x09, 0x94, 0x60, 0x3A, 0x33, 0x45, 0xA4, 0x84,
    0xF4, 0x01, 0x25, 0xA4, 0x04, 0xA4, 0x14, 0x10, 0x22, 0xE5, 0x81, 0x94, 0xC5, 0x13, 0xAF, 0x6D,
    0x14, 0x22, 0xE5, 0x91, 0x7D, 0xCC, 0x4A, 0x7B, 0xCC, 0xCC, 0x2E, 0x80, 0x42, 0x80, 0x8C, 0x96,
    0x94, 0x6F, 0x3C, 0x74, 0x5B, 0xAF, 0x48, 0xDE, 0x04, 0x05, 0xF9, 0x12, 0xD4, 0xDE, 0x84, 0x91,
    0x6E, 0x81, 0x15, 0xD8, 0x09, 0xB5, 0x60, 0x1C, 0x50, 0x09, 0x18, 0xE7, 0xFF, 0xC1, 0xB1, 0x47,
    0x29, 0x70, 0x71, 0xD7, 0xCE, 0xE8, 0x04, 0xED, 0x8A, 0x71, 0x43, 0xC5, 0xBB, 0xDF, 0x60, 0xC8,
    0x87, 0x07, 0x1C, 0xA7, 0x80, 0xE6, 0x82, 0x3D, 0xA8, 0x31, 0x1D, 0x31, 0x14, 0x9B, 0xD8, 0x2F,
    0xC9, 0x21, 0xA4, 0x8E, 0x5C, 0x75, 0xD0, 0x8F, 0x61, 0xB3, 0xE0, 0x60, 0x18, 0x8D, 0xA9, 0xCB,
    0x76, 0x09, 0x97, 0xCC, 0xAA, 0x86, 0x53, 0xAF, 0x05, 0x0D, 0x37, 0x24, 0xE2, 0x1E, 0xE9, 0x09,
    0x7C, 0xAA, 0x2C, 0xB9, 0x68, 0x31, 0x8B, 0xFE, 0x48, 0xF9, 0x45, 0x2E, 0xA9, 0xE5, 0x75, 0x7D,
    0x42, 0x6C, 0x26, 0xEA, 0x2C, 0xA4, 0xB2, 0xF5, 0xA2, 0x77, 0xC2, 0x5E, 0x77, 0x4B, 0x6A, 0x90,
    0x89, 0x67, 0xFD, 0x98, 0x47, 0x73, 0x06, 0xDE, 0x25, 0xC8, 0xB1, 0x0D, 0x80, 0x30, 0x10, 0x43,
    0x51, 0xC3, 0x49, 0xA4, 0x48, 0xC1, 0x08, 0x19, 0x81, 0x11, 0xC8, 0x66, 0x14, 0x0C, 0x46, 0x46,
    0x60, 0x04, 0x46, 0xB8, 0x22, 0x12, 0x57, 0x44, 0x31, 0xA7, 0xE0, 0xAF, 0xD7, 0x18, 0xB1, 0x03,
    0x07, 0x0B, 0x48, 0x9D, 0xFB, 0xAA, 0xD2, 0x42, 0x15, 0x1B, 0xD5, 0x5F, 0x54, 0x31, 0xFF, 0x2D,
    0xDD, 0x62, 0x7B, 0x11, 0x23, 0x84, 0xCD, 0xA9, 0x2B, 0x08, 0x04, 0xB6, 0x06, 0xD0, 0x7E, 0xAF,
    0x3B, 0x9D, 0xB4, 0x21, 0xCF, 0x5C, 0x74, 0x22, 0x2B, 0x2E, 0x3E, 0x48, 0x3D, 0xC3, 0xF7, 0x01,
    0xCD, 0x55, 0x31, 0x8E, 0xD4, 0x40, 0x10, 0x6C, 0xEF, 0x22, 0x1C, 0x38, 0x70, 0x02, 0x01, 0x5C,
    0xE0, 0x94, 0xCC, 0x4F, 0xB0, 0xF7, 0x0F, 0xB7, 0x22, 0x20, 0x20, 0x86, 0x64, 0x5F, 0x00, 0x63,
    0xDD, 0x0B, 0x2E, 0x23, 0xBD, 0xF4, 0xF6, 0x13, 0x63, 0xC1, 0x07, 0xF6, 0x09, 0x96, 0x38, 0x12,
    0x48, 0x8C, 0x64, 0x24, 0x03, 0xB6, 0x9B, 0xAE, 0x6E, 0x83, 0x3D, 0xDC, 0xA6, 0x48, 0x8C, 0xB4,
    0xB5, 0x6B, 0x4F, 0x4D, 0x57, 0x75, 0xCF, 0xF4, 0x2C, 0x5D, 0x92, 0x0C, 0xFE, 0x0E, 0xE0, 0x06,
    0x30, 0x10, 0x45, 0x07, 0x2E, 0x05, 0xB9, 0x96, 0xB7, 0x45, 0x2B, 0x90, 0x76, 0x94, 0xF0, 0xBB,
    0x81, 0x9C, 0x4C, 0x6F, 0x98, 0x79, 0x4C, 0x78, 0xE7, 0xA7, 0xAC, 0xA7, 0x8C, 0x8B, 0x86, 0x62,
    0x2E, 0x6A, 0xDA, 0xB2, 0xAB, 0x64, 0x89, 0x2F, 0x11, 0x83, 0x02, 0xD0, 0x77, 0x98, 0x9D, 0x84,
    0xB7, 0x19, 0xB1, 0x62, 0xC8, 0x3A, 0x4A, 0xFB, 0x84, 0x4B, 0xDF, 0x22, 0x5E, 0x4D, 0x9E, 0x27,
    0x12, 0x8D, 0x86, 0x74, 0x70, 0x38, 0xA6, 0xE3, 0xF1, 0x88, 0x79, 0xF2, 0xFF, 0x1D, 0xDC, 0x0A,
    0xBC, 0x56, 0x93, 0x14, 0xE0, 0x67, 0xB1, 0x4C, 0x0E, 0x05, 0xA4, 0x1C, 0x15, 0x94, 0x6C, 0x81,
    0xDB, 0x11, 0x18, 0xB1, 0x66, 0xE9, 0x75, 0xBA, 0x38, 0xE9, 0xB4, 0x92, 0xE2, 0x41, 0x49, 0x93,
    0x15, 0xA1, 0x04, 0x06, 0x31, 0xBA, 0xE5, 0xB7, 0xBD, 0x57, 0x8E, 0xF1, 0x93, 0x61, 0x89, 0x63,
    0x31, 0x35, 0xBE, 0x69, 0x99, 0xAE, 0x79, 0x08, 0xD6, 0xAB, 0xCF, 0x33, 0xFE, 0x31, 0xEA, 0x35,
    0xEE, 0x31, 0x4A, 0x33, 0x46, 0x4B, 0xC8, 0x59, 0x96, 0x32, 0x0D, 0x3A, 0x0B, 0x13, 0x57, 0xAB,
    0x34, 0xB7, 0xC6, 0x30, 0xF1, 0x59, 0x9D, 0x8A, 0x7A, 0x95, 0xE3, 0xC6, 0x88, 0xF1, 0x4C, 0xEC,
    0x8C, 0x61, 0x67, 0xC1, 0xD5, 0x6B, 0xCD, 0x69, 0xAD, 0x99, 0x06, 0x9A, 0x56, 0xCD, 0x28, 0x30,
    0x37, 0x6B, 0x66, 0x81, 0xE6, 0x03, 0x72, 0x95, 0x64, 0x75, 0xE2, 0xBA, 0xB0, 0x7C, 0xC8, 0xAF,
    0x24, 0x54, 0x21, 0x52, 0xDC, 0x68, 0x90, 0xCD, 0xB0, 0x24, 0x31, 0xA3, 0x46, 0x8D, 0xD5, 0x66,
    0xD2, 0x2E, 0x68, 0x7E, 0xD2, 0x66, 0xC1, 0x4C, 0xAD, 0xE5, 0xF5, 0xAC, 0xBE, 0xBF, 0x04, 0xF2,
    0x48, 0x45, 0x85, 0xD6, 0x10, 0x79, 0x41, 0x87, 0xB9, 0xCA, 0x2B, 0x03, 0x16, 0xF2, 0xD3, 0xA4,
    0xB1, 0x80, 0xC9, 0x57, 0x58, 0x88, 0x7F, 0x0C, 0x9A, 0xFB, 0xA0, 0xA5, 0x52, 0x0B, 0xAC, 0x16,
    0x58, 0x2D, 0x38, 0xDB, 0x72, 0xC5, 0xBC, 0x41, 0x09, 0x1A, 0xE9, 0xA4, 0x32, 0x95, 0x8E, 0xF1,
    0xDC, 0x16, 0xCC, 0x1F, 0xA4, 0x6B, 0xDD, 0x27, 0xE9, 0xB0, 0x17, 0x23, 0x53, 0xCA, 0x2D, 0xC9,
    0xCC, 0x16, 0x3D, 0x37, 0x09, 0xB7, 0xC4, 0x97, 0x3E, 0xCD, 0x73, 0xC2, 0xFC, 0x22, 0x4C, 0x59,
    0x77, 0x25, 0xEB, 0x52, 0x71, 0xEB, 0xB8, 0x45, 0xCC, 0x18, 0x9B, 0x75, 0x71, 0x2D, 0x6B, 0x7A,
    0xDA, 0xFE, 0x1C, 0x28, 0xF9, 0x38, 0x50, 0xFA, 0xBE, 0xA3, 0xAC, 0xB6, 0x14, 0xFF, 0xF1, 0xE7,
    0x59, 0x2E, 0x45, 0x43, 0xC9, 0xA4, 0x60, 0x28, 0x82, 0x9E, 0x8F, 0x47, 0x28, 0x8F, 0x78, 0x7B,
    0x93, 0xF3, 0xB4, 0xE3, 0x02, 0x57, 0x93, 0x17, 0xBF, 0xFD, 0x53, 0x29, 0x94, 0x1D, 0x0B, 0x1B,
    0xAF, 0xC8, 0x6E, 0x97, 0xB7, 0x39, 0xF3, 0x8E, 0x1D, 0x78, 0x4C, 0x07, 0xEE, 0x9F, 0x08, 0xAF,
    0xFE, 0xB3, 0xE1, 0xB6, 0xBD, 0x41, 0x97, 0x9C, 0xCE, 0xB4, 0xC2, 0xE3, 0xFD, 0xCB, 0x6F, 0x68,
    0x85, 0xBC, 0x09, 0x1B, 0x71, 0xFF, 0x9C, 0xA5, 0x45, 0xEE, 0xF3, 0xEF, 0x37, 0x62, 0xD2, 0xAF,
    0x8E, 0x65, 0x38, 0x92, 0xDF, 0xFD, 0x20, 0xFB, 0x21, 0xD7, 0x2B, 0xD3, 0x43, 0xE6, 0xBB, 0xC8,
    0x4B, 0xCD, 0x73, 0xD9, 0x0A, 0xD9, 0x3A, 0x5C, 0xA6, 0x8D, 0xDE, 0x91, 0x15, 0x08, 0x78, 0x76,
    0xB8, 0xBF, 0xE5, 0x1E, 0xED, 0x91, 0xA4, 0x9E, 0x21, 0x40, 0xA4, 0xC7, 0x3A, 0xD6, 0xC6, 0xFD,
    0xEB, 0x42, 0x55, 0xA5, 0x3B, 0xF5, 0x7D, 0x0D, 0xD0, 0xAB, 0x6C, 0x5E, 0x7E, 0x52, 0x59, 0x89,
    0x7A, 0xD0, 0x7F, 0x05, 0xD8, 0x90, 0x12, 0xC3, 0x3F, 0x1B, 0xE9, 0x20, 0xF4, 0x0B, 0xA8, 0x8B,
    0x31, 0xC2, 0x69, 0x9E, 0xDB, 0xF8, 0x06, 0xF1, 0xCE, 0xA9, 0xFD, 0x02, 0xC5, 0x9D, 0x3D, 0x8C,
    0x1D, 0x57, 0x96, 0xDF, 0x6F, 0x55, 0x91, 0x2C, 0xCD, 0x94, 0x56, 0x45, 0xC0, 0x1C, 0x40, 0x3B,
    0xB3, 0x9E, 0x62, 0x30, 0x81, 0xAC, 0xE5, 0x6C, 0x29, 0x70, 0xA0, 0xA0, 0xC9, 0xFB, 0x46, 0x02,
    0xEC, 0xC0, 0x81, 0x18, 0x58, 0x6B, 0xC0, 0xC9, 0x6C, 0xE8, 0x99, 0x31, 0xB0, 0x9B, 0xD9, 0x06,
    0xA4, 0xAE, 0x92, 0x18, 0x28, 0xD8, 0x40, 0x0C, 0x34, 0xA1, 0xB1, 0x02, 0x2C, 0x03, 0x03, 0x6D,
    0x20, 0x05, 0x0A, 0x64, 0x83, 0xFD, 0xAA, 0x48, 0x06, 0x13, 0x28, 0xE0, 0xD3, 0x28, 0x50, 0xB0,
    0x81, 0x4A, 0xA2, 0x6C, 0xD9, 0x3B, 0x01, 0x8B, 0xEC, 0x92, 0xBA, 0xC8, 0xBE, 0xAF, 0xAE, 0xCF,
    0xFF, 0x9C, 0x7B, 0xEF, 0x7B, 0xCD, 0x7E, 0x4D, 0x36, 0x29, 0x62, 0xDD, 0x60, 0x3F, 0xFD, 0xD4,
    0x5D, 0x9F, 0xF7, 0xE3, 0xDC, 0xF3, 0x79, 0x5B, 0x25, 0xB5, 0x4A, 0xDB, 0xC7, 0xFB, 0x97, 0xD9,
    0x56, 0xDB, 0xB6, 0xB1, 0xB5, 0xB5, 0xCA, 0x4E, 0xAA, 0x19, 0x55, 0x79, 0x59, 0x29, 0xBA, 0x20,
    0x7E, 0x2D, 0xDF, 0x0B, 0xFA, 0x1E, 0xE8, 0xDB, 0xD0, 0xB7, 0xC5, 0x37, 0x9D, 0x67, 0x17, 0x2A,
    0xFD, 0xA2, 0x57, 0xE9, 0x75, 0xFA, 0xBE, 0x3A, 0xD2, 0x71, 0xF8, 0xFE, 0x78, 0xED, 0xFB, 0x23,
    0xFA, 0xEE, 0xE5, 0xFB, 0xEA, 0x22, 0xB3, 0xD7, 0x70, 0x17, 0x45, 0xB7, 0x51, 0x74, 0x1F, 0xDC,
    0x08, 0x77, 0xE2, 0x5B, 0xF1, 0xD7, 0x19, 0x7C, 0xFC, 0x64, 0xC4, 0x87, 0x1D, 0xF1, 0x41, 0x9F,
    0x89, 0xB5, 0x13, 0x5D, 0xC9, 0x4E, 0x33, 0x7C, 0xCE, 0xD4, 0xC7, 0xFC, 0x24, 0x1F, 0xF3, 0x33,
    0x3D, 0xD1, 0xCF, 0x66, 0x8C, 0xFE, 0xBE, 0x4D, 0xEC, 0x98, 0xDB, 0x36, 0xB7, 0x83, 0xC6, 0x67,
    0x4F, 0x4F, 0x9A, 0xDB, 0x05, 0x3D, 0x6B, 0x4E, 0x2D, 0xB3, 0x54, 0xF1, 0xA8, 0xAA, 0x01, 0xCF,
    0xF8, 0xE3, 0x99, 0x52, 0x8F, 0xFA, 0xCC, 0xD1, 0x28, 0x77, 0xA1, 0xCF, 0xBF, 0xA6, 0x63, 0xD2,
    0x5B, 0x38, 0x32, 0xB5, 0xB6, 0xC3, 0x31, 0x5F, 0xE3, 0x98, 0xAF, 0xFF, 0x09, 0x9E, 0xF9, 0x39,
    0xA5, 0xB6, 0x8E, 0xF3, 0xEF, 0xD4, 0xE5, 0x2D, 0x3D, 0x6E, 0x59, 0xA3, 0x17, 0x93, 0x56, 0xDB,
    0xE7, 0xD5, 0xF6, 0x96, 0xDA, 0xD9, 0x52, 0x66, 0x2B, 0x1E, 0xB7, 0xD2, 0x7E, 0xAB, 0x6C, 0xF5,
    0xA4, 0x74, 0x87, 0x0B, 0x5E, 0xC0, 0xBF, 0xE8, 0x82, 0x2A, 0x2E, 0xC4, 0xF6, 0x42, 0x69, 0xB5,
    0xE5, 0x7F, 0x53, 0xA9, 0x17, 0xE5, 0x05, 0xB5, 0xE9, 0x5F, 0x64, 0x2F, 0x14, 0x6B, 0x87, 0x75,
    0xE5, 0x79, 0x55, 0x9E, 0x56, 0xA5, 0x72, 0xFF, 0xD4, 0x6B, 0xB8, 0xEA, 0x95, 0xF5, 0x8F, 0x8B,
    0xEA, 0xCA, 0x09, 0x35, 0xAA, 0x2B, 0x57, 0xE8, 0xA3, 0x31, 0xF4, 0x61, 0xE9, 0x23, 0xA7, 0xD6,
    0x1B, 0x2D, 0x8F, 0x24, 0xA3, 0x62, 0x6B, 0xAF, 0xA8, 0xD2, 0xF6, 0x57, 0x30, 0xA6, 0xE8, 0x83,
    0x0E, 0x56, 0x13, 0x3E, 0x16, 0xF8, 0x50, 0xFE, 0xE3, 0x9C, 0xBF, 0x00, 0x3E, 0x32, 0x5C, 0xA5,
    0xA1, 0x11, 0x8C, 0x0B, 0xF0, 0x47, 0x61, 0x07, 0x3A, 0xD7, 0xCE, 0xD6, 0x2F, 0xD0, 0xB9, 0x73,
    0xFF, 0x03, 0x3E, 0xD4, 0xFA, 0xC7, 0x7B, 0xEA, 0xBE, 0xAF, 0x08, 0xE3, 0x59, 0x65, 0x16, 0xAD,
    0x5D, 0x58, 0xDB, 0xE3, 0xA2, 0xD4, 0xF9, 0xAA, 0x79, 0xF9, 0xDA, 0xA4, 0xB2, 0xBB, 0x79, 0xD1,
    0xAB, 0xC4, 0x24, 0xAD, 0x6D, 0xCB, 0x3E, 0x4F, 0x8C, 0xCA, 0x88, 0x77, 0xFB, 0x1D, 0xE2, 0x49,
    0xE5, 0xAF, 0x25, 0x6D, 0xFF, 0x6D, 0x4F, 0x7C, 0x63, 0x76, 0x61, 0x8B, 0xB8, 0x5A, 0x10, 0x7F,
    0xD2, 0x6E, 0x81, 0xCB, 0x9A, 0xF8, 0xFA, 0xE2, 0x63, 0x70, 0xAE, 0x88, 0xAF, 0x75, 0x43, 0xE0,
    0xB6, 0xEF, 0x1F, 0x91, 0xD7, 0xCF, 0x5D, 0x5D, 0xF3, 0x6A, 0xFF, 0xDA, 0xDA, 0xF5, 0xB7, 0x02,
    0x5F, 0x6F, 0xCF, 0x07, 0xFE, 0x7D, 0x5B, 0x04, 0xBE, 0x51, 0xF3, 0x33, 0x33, 0x7F, 0x41, 0x42,
    0xC1, 0xF3, 0xC4, 0xEF, 0x28, 0x4C, 0xCD, 0x1A, 0x98, 0x1A, 0xE5, 0x8A, 0x67, 0x1A, 0x37, 0x17,
    0x1C, 0x67, 0x34, 0x92, 0xF3, 0x4B, 0xC2, 0x05, 0xB5, 0x5B, 0xFA, 0x99, 0xF0, 0x79, 0xB4, 0xE7,
    0xAE, 0x30, 0xB7, 0x76, 0x23, 0xCC, 0x43, 0xAE, 0x14, 0xAE, 0xC1, 0x19, 0xF3, 0x05, 0xEE, 0x80,
    0xB8, 0x07, 0x8F, 0xD2, 0x1B, 0xD4, 0xB0, 0x6A, 0xB7, 0x13, 0xA6, 0x06, 0x57, 0xB6, 0x16, 0x4E,
    0x89, 0x27, 0xDF, 0x63, 0x63, 0x1E, 0x0F, 0xBE, 0xFB, 0x74, 0x9E, 0x2F, 0x3C, 0xE7, 0x37, 0x74,
    0xE8, 0xD6, 0x18, 0xC3, 0xC3, 0x7F, 0x55, 0xDD, 0x8A, 0x8B, 0x99, 0xDA, 0xF4, 0x15, 0xD5, 0x9E,
    0x92, 0x31, 0x5C, 0x2F, 0x50, 0xD9, 0x7B, 0x6A, 0x4C, 0xB8, 0x81, 0xF5, 0x87, 0x2D, 0xAB, 0xD6,
    0x3D, 0xCC, 0x50, 0xB8, 0x07, 0xB3, 0x8B, 0x54, 0x1E, 0x37, 0xA3, 0xB1, 0x64, 0xF9, 0xD7, 0x9A,
    0xCE, 0xD4, 0x23, 0x9F, 0xD9, 0xCB, 0xCF, 0x69, 0xBC, 0xD5, 0x18, 0x80, 0x3D, 0x7D, 0x2F, 0xF9,
    0x10, 0x3B, 0x2B, 0xEC, 0x17, 0x34, 0xFE, 0xEC, 0x9E, 0x1D, 0xF5, 0x94, 0x83, 0xFA, 0x66, 0xCC,
    0x3B, 0xA1, 0xAC, 0x4F, 0xFD, 0x63, 0xD4, 0xEA, 0x98, 0x5F, 0xA9, 0x75, 0x5F, 0x8B, 0x4D, 0x74,
    0xC4, 0x4B, 0xD2, 0xFB, 0x94, 0xEE, 0x3D, 0xE8, 0xA1, 0xF8, 0xE9, 0x13, 0x7A, 0xC0, 0xA2, 0xF7,
    0xAD, 0x92, 0x72, 0x2B, 0x40, 0x94, 0x44, 0xDC, 0x0A, 0x4D, 0xCD, 0x9D, 0x4D, 0x87, 0xD1, 0x5B,
    0x47, 0xBF, 0xB6, 0x1D, 0x5A, 0xE5, 0xD7, 0xB8, 0x05, 0xB5, 0x47, 0x25, 0x37, 0x33, 0x8E, 0xEE,
    0xFD, 0x16, 0x17, 0xB5, 0xD3, 0x6F, 0xE5, 0xBC, 0xE7, 0xA5, 0x3F, 0x56, 0x3D, 0xF7, 0xAC, 0xFC,
    0x7F, 0xE8, 0x26, 0x5D, 0x3F, 0x1E, 0xC5, 0xEE, 0x25, 0xC7, 0x8D, 0xF4, 0x7D, 0xAE, 0xBC, 0x89,
    0x7C, 0x93, 0xDA, 0x6E, 0x13, 0xE1, 0xB0, 0x30, 0x4C, 0x9B, 0x70, 0x2A, 0x35, 0xC4, 0x69, 0x19,
    0x4C, 0x46, 0x45, 0x32, 0xB0, 0xD2, 0x51, 0x45, 0x32, 0x72, 0xF2, 0xDE, 0x1F, 0x5A, 0x2E, 0xFC,
    0xE9, 0x55, 0x2D, 0x3F, 0xE7, 0x53, 0xA5, 0x17, 0x62, 0xFE, 0x60, 0x19, 0x36, 0xF8, 0x5F, 0x14,
    0xB8, 0xE1, 0x8F, 0xD0, 0x1F, 0xBA, 0xFD, 0xCB, 0x0F, 0xB8, 0xA3, 0x23, 0xF7, 0x28, 0x3D, 0x96,
    0xB9, 0xB5, 0xD6, 0xB8, 0xF7, 0x8E, 0xC2, 0x8C, 0x9F, 0xDE, 0xE1, 0x7B, 0x4E, 0xA1, 0x17, 0x86,
    0xF5, 0x41, 0x94, 0xCB, 0x19, 0x47, 0x11, 0x0F, 0x90, 0xEA, 0x51, 0xE8, 0x81, 0xD7, 0x3B, 0xEE,
    0x57, 0xE3, 0xDF, 0x68, 0x33, 0xAD, 0x1A, 0x71, 0x9D, 0x7E, 0x14, 0x88, 0x46, 0xD8, 0x23, 0x52,
    0x15, 0xCE, 0xB5, 0x81, 0x26, 0x4F, 0x89, 0x39, 0xC3, 0xF4, 0x2B, 0x55, 0x0C, 0xD5, 0x22, 0xE2,
    0xE1, 0xDB, 0x74, 0xA4, 0x4C, 0x38, 0x29, 0xC0, 0x7A, 0x06, 0x75, 0x03, 0x4F, 0x03, 0xEA, 0x0F,
    0xAC, 0x61, 0xD4, 0x03, 0xB4, 0x20, 0xCB, 0xDC, 0x2F, 0x6C, 0x5B, 0x38, 0x69, 0xD7, 0xCC, 0x32,
    0xA7, 0x5B, 0x65, 0xD4, 0xC9, 0xD4, 0x97, 0x3F, 0xAC, 0x79, 0x7A, 0x00, 0xF3, 0x05, 0x63, 0xB6,
    0x86, 0x8B, 0x80, 0x68, 0xE1, 0x8D, 0x78, 0x1A, 0x78, 0x16, 0x48, 0xC2, 0x93, 0x70, 0x87, 0xEE,
    0x57, 0x2B, 0x03, 0x5C, 0x62, 0xD5, 0x33, 0x73, 0x42, 0xD2, 0x39, 0x80, 0x9A, 0x30, 0xED, 0x19,
    0xCB, 0x1B, 0x0B, 0x0D, 0xF1, 0xAA, 0x69, 0xE1, 0x26, 0x2C, 0x31, 0xA0, 0xA2, 0x31, 0xBB, 0xB5,
    0xD0, 0xB8, 0xF0, 0x76, 0x34, 0x26, 0x76, 0xA1, 0xF1, 0xF4, 0x3B, 0xF1, 0x90, 0xD0, 0x4F, 0x5F,
    0x24, 0x34, 0x24, 0x9B, 0xDD, 0x8D, 0x4D, 0xD2, 0x1F, 0x46, 0x3A, 0x89, 0xF1, 0x43, 0x7A, 0xFB,
    0x81, 0xDE, 0xA8, 0x68, 0x21, 0x18, 0x93, 0x9E, 0xDE, 0xA8, 0x21, 0x3D, 0x13, 0x98, 0x93, 0x84,
    0x6A, 0x35, 0xC9, 0x9D, 0xD4, 0xE4, 0x6D, 0x49, 0x98, 0x63, 0xD4, 0xE6, 0xAD, 0xBD, 0xD1, 0x6A,
    0x0C, 0xD6, 0xC6, 0xBE, 0x35, 0xE5, 0xAD, 0xC6, 0x3C, 0x29, 0x6D, 0x32, 0xD0, 0x15, 0xD0, 0x13,
    0xA9, 0x8D, 0x17, 0x25, 0x35, 0xD4, 0x16, 0x26, 0xC1, 0x8C, 0xA6, 0xA5, 0x76, 0x92, 0x98, 0x1E,
    0x5F, 0x8B, 0x40, 0x18, 0xE8, 0x38, 0xC6, 0x64, 0xCF, 0x50, 0xCF, 0x69, 0x75, 0x82, 0x9A, 0xE4,
    0x4B, 0x4B, 0x53, 0x48, 0xAB, 0x02, 0x2B, 0xD4, 0x36, 0x4D, 0x3F, 0x8D, 0x25, 0xA2, 0x99, 0x9D,
    0x23, 0x69, 0xA7, 0x55, 0x39, 0xC3, 0xD4, 0x6A, 0x70, 0x8D, 0x92, 0xD6, 0x7E, 0xBA, 0xC6, 0x8C,
    0x2F, 0xA7, 0xE9, 0x1D, 0x96, 0x2C, 0xC6, 0xD0, 0x90, 0x59, 0x8F, 0xFE, 0x33, 0xEA, 0x07, 0x74,
    0x13, 0xEA, 0xC2, 0x53, 0xB6, 0x3B, 0x38, 0x52, 0xAF, 0x78, 0x08, 0xF3, 0xAB, 0x09, 0xD2, 0x63,
    0xB6, 0x26, 0x3C, 0xA6, 0xC3, 0xB0, 0xF4, 0x67, 0x3E, 0x08, 0x4A, 0x19, 0xF4, 0x93, 0x2A, 0xFD,
    0xE8, 0x5F, 0x01, 0x86, 0x54, 0x72, 0x5C, 0x38, 0x7C, 0xFA, 0x81, 0xEB, 0xB0, 0x30, 0x7A, 0x00,
    0xC8, 0x23, 0x7B, 0xB0, 0xEB, 0x50, 0xBB, 0xB7, 0x7E, 0x34, 0x38, 0x7C, 0x9D, 0x23, 0x2E, 0xF8,
    0xAB, 0xFB, 0x64, 0xC3, 0xB6, 0x3A, 0xD4, 0xD2, 0x6B, 0x22, 0xBB, 0x94, 0x05, 0xD9, 0x37, 0x72,
    0xBB, 0x91, 0xBC, 0xBE, 0xF0, 0x30, 0x72, 0xA7, 0x7C, 0x51, 0xFB, 0x0B, 0xB6, 0xE1, 0x31, 0x6B,
    0xB7, 0x98, 0x9E, 0x75, 0x9A, 0xA6, 0x8A, 0xA4, 0xCF, 0x32, 0xC3, 0x43, 0x14, 0x4F, 0xD2, 0x29,
    0xA7, 0x91, 0xE3, 0xFF, 0x79, 0x2D, 0x4E, 0xA7, 0x7F, 0xFF, 0x01, 0xB7, 0xA2, 0xBF, 0x5E, 0x2D,
    0xD7, 0xBB, 0xF7, 0x0E, 0x0E, 0x2E, 0xEE, 0xBD, 0xE3, 0xE6, 0xBC, 0xBC, 0x51, 0xFC, 0xD0, 0x25,
    0x2A, 0x08, 0xFE, 0x35, 0x6A, 0x56, 0xEB, 0xD2, 0xE3, 0x2F, 0x79, 0x4D, 0x50, 0x23, 0x36, 0x91,
    0x8A, 0xDF, 0x55, 0xCF, 0x2B, 0xF5, 0x3B, 0x19, 0x5A, 0x34, 0xCC, 0xCD, 0xC3, 0xE8, 0x21, 0x4B,
    0xE8, 0x31, 0xAF, 0xC2, 0xAD, 0xAA, 0x94, 0xD9, 0xBC, 0x66, 0x84, 0xFE, 0xAD, 0x37, 0xD2, 0x4C,
    0x26, 0xA4, 0x7E, 0x18, 0xBD, 0x22, 0x27, 0xD0, 0xF2, 0x5C, 0x84, 0x3E, 0x5A, 0xA3, 0x16, 0xC7,
    0x95, 0x4F, 0x96, 0x9A, 0x70, 0xE5, 0x8A, 0x55, 0x47, 0x90, 0x5E, 0xAA, 0xFB, 0x95, 0xA5, 0x07,
    0x92, 0x3A, 0xE5, 0xD6, 0x95, 0xC8, 0xE4, 0xFD, 0x53, 0x0C, 0xCD, 0x94, 0xF5, 0x18, 0xCC, 0xA7,
    0xE8, 0xD1, 0xB3, 0x9E, 0xC6, 0x6A, 0x86, 0xCE, 0xCB, 0x7A, 0x92, 0x7E, 0x39, 0x5A, 0x9D, 0x74,
    0x4E, 0xA3, 0xF2, 0xE9, 0xEF, 0x16, 0x44, 0x34, 0x80, 0x4F, 0x92, 0xE8, 0x86, 0xB8, 0x83, 0x62,
    0x22, 0x54, 0xF2, 0x42, 0x43, 0x0A, 0xBA, 0xCA, 0x67, 0x9E, 0x78, 0xD5, 0x59, 0x27, 0x08, 0x97,
    0x55, 0xDB, 0x8F, 0x9B, 0x48, 0x8E, 0x1B, 0xFD, 0x19, 0xB1, 0x59, 0xA3, 0xF3, 0x42, 0xA4, 0x22,
    0x55, 0x42, 0xCA, 0xB0, 0x28, 0xCD, 0x17, 0x51, 0xBD, 0xE4, 0x23, 0xF3, 0xFF, 0x6D, 0xDB, 0x89,
    0xCF, 0xA6, 0xA7, 0x6E, 0x2D, 0x16, 0xE2, 0x9F, 0xA0, 0x33, 0x1A, 0xD2, 0x9B, 0x68, 0xF2, 0x4C,
    0xB5, 0xAA, 0x1A, 0x9E, 0xA0, 0x98, 0x6F, 0x13, 0xBE, 0x5F, 0x59, 0x88, 0x4A, 0xFE, 0x17, 0x33,
    0x5C, 0x4F, 0x74, 0x5F, 0x50, 0xB5, 0x20, 0xCB, 0x95, 0xEF, 0x4B, 0xC7, 0x7E, 0xCC, 0x44, 0xE6,
    0x39, 0x44, 0x38, 0x91, 0xDE, 0x1B, 0x30, 0xB2, 0xF2, 0x45, 0x6C, 0xAF, 0x1B, 0xA1, 0x62, 0xA2,
    0x75, 0x88, 0x89, 0xDE, 0xC1, 0xCE, 0xE8, 0x11, 0x8A, 0x05, 0x89, 0x00, 0xFD, 0xCD, 0x40, 0x2A,
    0xD7, 0xE2, 0x3C, 0xC6, 0x45, 0xAF, 0x58, 0x28, 0xD0, 0x0A, 0x45, 0x6B, 0x9C, 0x2C, 0x01, 0x76,
    0x5D, 0x81, 0xC7, 0x62, 0x1E, 0x7D, 0x1C, 0xC8, 0x78, 0x52, 0xCB, 0x40, 0x53, 0xA0, 0x26, 0x90,
    0x5E, 0xD1, 0xCC, 0xD3, 0x19, 0xF9, 0x99, 0x68, 0x7B, 0x3D, 0xBD, 0xEF, 0xED, 0x0D, 0xD4, 0xAF,
    0xDD, 0xF7, 0x00, 0x5D, 0x66, 0xA2, 0x45, 0x19, 0xCF, 0x00, 0xEA, 0xB9, 0x1F, 0x32, 0x9E, 0x7C,
    0x2B, 0x42, 0x3B, 0x83, 0x06, 0xFC, 0x23, 0xFA, 0x2B, 0xD2, 0x1C, 0x12, 0xB6, 0x69, 0x7A, 0x3A,
    0x11, 0xBD, 0x8E, 0x16, 0x63, 0x3A, 0x85, 0x16, 0x37, 0x38, 0x5A, 0xDB, 0xBB, 0x78, 0x21, 0x34,
    0x22, 0x3A, 0x61, 0x09, 0xB5, 0xA4, 0xFC, 0x5B, 0xA2, 0x39, 0xEB, 0x2A, 0x78, 0x82, 0x06, 0xA3,
    0x9A, 0xA9, 0xE2, 0x71, 0x0F, 0xD2, 0xFC, 0x72, 0x8E, 0xDC, 0x93, 0xD2, 0xC0, 0x0F, 0x54, 0x39,
    0x3A, 0x4F, 0xD7, 0xF1, 0xEF, 0x61, 0xEE, 0x23, 0x99, 0x99, 0x74, 0x47, 0x4F, 0xB9, 0xF5, 0x94,
    0xD9, 0xD6, 0x9B, 0x7D, 0x2B, 0xDD, 0x57, 0xFD, 0x67, 0xFA, 0xFE, 0x1F, 0x32, 0x4F, 0xC2, 0xA2,
    0xBD, 0xF4, 0xFD, 0x81, 0x1E, 0x70, 0xCA, 0xBA, 0x56, 0x7E, 0x9C, 0x42, 0x12, 0x8F, 0xDE, 0x7C,
    0x41, 0xAB, 0xF0, 0x68, 0x5F, 0xA6, 0x7E, 0xDC, 0x2F, 0x31, 0xAD, 0x8C, 0x96, 0x9B, 0xB3, 0xD7,
    0xA2, 0x15, 0x95, 0x57, 0x88, 0x26, 0x51, 0xC5, 0x73, 0x1A, 0xD6, 0x56, 0x23, 0x44, 0x03, 0x71,
    0x2E, 0x44, 0xED, 0xB5, 0x74, 0x84, 0x66, 0x85, 0xA4, 0xB9, 0x19, 0xE8, 0x9B, 0xFD, 0x3E, 0x16,
    0xBA, 0x75, 0x67, 0x44, 0xCF, 0x14, 0x6D, 0x76, 0xAB, 0x33, 0x78, 0x06, 0xA2, 0xCF, 0x5B, 0x83,
    0x67, 0x20, 0xFA, 0x54, 0xCD, 0xD1, 0x26, 0x65, 0x4D, 0x3D, 0x50, 0xF1, 0x90, 0x07, 0xB1, 0x4E,
    0xC7, 0x54, 0x62, 0x4A, 0xEB, 0x19, 0x0F, 0x77, 0x7E, 0x35, 0xD0, 0x24, 0xD4, 0x8A, 0xA9, 0x51,
    0x81, 0xA0, 0x80, 0xD1, 0x23, 0x12, 0x41, 0x01, 0xA2, 0xC6, 0x21, 0x82, 0xDA, 0x46, 0x4D, 0x92,
    0xC3, 0x49, 0xC8, 0x47, 0xE4, 0x6D, 0x6C, 0x69, 0x4A, 0xA5, 0x03, 0xDD, 0x39, 0x37, 0xB9, 0x81,
    0x66, 0x5C, 0xB6, 0x55, 0x9F, 0x58, 0x18, 0x33, 0xFA, 0x4D, 0x3A, 0xCA, 0x76, 0x55, 0x6B, 0xED,
    0x5F, 0x63, 0x2E, 0x1A, 0x4B, 0xE7, 0x95, 0xF4, 0xC0, 0xB9, 0xF9, 0xB9, 0xAA, 0x0C, 0x5C, 0x04,
    0x51, 0x4F, 0xAA, 0x19, 0x49, 0x1B, 0xF9, 0x5A, 0x09, 0xF3, 0xCD, 0x54, 0xBA, 0x65, 0x6D, 0x33,
    0x79, 0xCB, 0xE3, 0x30, 0x69, 0x5E, 0xAD, 0x8F, 0x22, 0xE9, 0x5B, 0xA6, 0x64, 0x03, 0x65, 0x81,
    0xF2, 0x15, 0x05, 0x7B, 0x88, 0xD4, 0x56, 0x67, 0xF5, 0x6A, 0xDB, 0x3B, 0xDA, 0xB6, 0xA3, 0xA3,
    0x2B, 0x66, 0xE9, 0x8E, 0x33, 0xA6, 0x9A, 0x31, 0xC5, 0x83, 0x29, 0xE5, 0xBE, 0x49, 0x8F, 0x26,
    0x90, 0x49, 0x61, 0x52, 0x39, 0xAE, 0x68, 0xC3, 0x33, 0xD7, 0x9E, 0x9A, 0xF0, 0x1E, 0x3B, 0x81,
    0xB6, 0x02, 0x9D, 0x7E, 0xE0, 0x9B, 0x7F, 0x7F, 0x7A, 0x50, 0x7F, 0x64, 0x4E, 0x0D, 0xDA, 0x4C,
    0x47, 0x9F, 0x2B, 0x6D, 0x7F, 0x14, 0xA1, 0x3F, 0x5C, 0xFB, 0x25, 0x1B, 0x08, 0xFD, 0x21, 0xCA,
    0x20, 0x6B, 0xE6, 0x33, 0xE5, 0xFA, 0x43, 0x3B, 0xDD, 0x94, 0xA7, 0x18, 0x5F, 0xB0, 0x67, 0x59,
    0xA1, 0xD0, 0x1F, 0x6E, 0x4A, 0xA3, 0x3F, 0xE4, 0x21, 0xA8, 0x3F, 0x7E, 0xC1, 0x84, 0xFE, 0xB8,
    0xC6, 0x9A, 0x0C, 0xFA, 0xE3, 0x12, 0x13, 0xFA, 0x83, 0xCD, 0xE7, 0x36, 0x6F, 0xDD, 0xFA, 0xD4,
    0x4A, 0x7F, 0xA0, 0x87, 0x1A, 0x77, 0x89, 0xB2, 0x7D, 0x3D, 0xD0, 0x96, 0xF2, 0xF2, 0xE1, 0x74,
    0x20, 0xFF, 0xBE, 0x78, 0xC4, 0x20, 0x47, 0x1C, 0x35, 0x81, 0xAC, 0xA3, 0x8B, 0xF1, 0xD2, 0x51,
    0xC3, 0x2E, 0x2D, 0xC3, 0xAF, 0x30, 0x04, 0xAA, 0xF1, 0xA8, 0xC1, 0xEB, 0xB5, 0x91, 0x12, 0xA7,
    0x41, 0x6D, 0x26, 0xBF, 0xA6, 0x12, 0x69, 0xE9, 0xE1, 0x40, 0xD4, 0xF6, 0x93, 0x56, 0x7F, 0x05,
    0x2D, 0x97, 0xA8, 0x7C, 0x73, 0xA4, 0x06, 0x06, 0x15, 0xF4, 0xCE, 0xF4, 0x1E, 0x24, 0x63, 0xF2,
    0xB6, 0xC2, 0xB1, 0x64, 0x36, 0xD1, 0xD1, 0x10, 0xC6, 0xD4, 0xF6, 0x24, 0x70, 0xDB, 0x39, 0xB7,
    0x7D, 0xDA, 0xE7, 0xDD, 0x92, 0x4D, 0xDB, 0xA4, 0x4F, 0xBE, 0x44, 0xFF, 0xD8, 0x2E, 0x19, 0xE2,
    0x97, 0xE0, 0x09, 0xDB, 0x83, 0xD8, 0x82, 0x94, 0xAA, 0x06, 0xAC, 0xA4, 0x30, 0xA1, 0xE6, 0xC3,
    0x1C, 0xF2, 0x84, 0xA4, 0xD4, 0xBD, 0x01, 0x17, 0xA3, 0xF9, 0x10, 0xDF, 0x19, 0xE8, 0x96, 0x33,
    0x92, 0x8A, 0xC9, 0x9D, 0x21, 0xA7, 0x9F, 0x50, 0x03, 0x65, 0x5F, 0x0D, 0x27, 0xE8, 0x28, 0xD8,
    0xE0, 0xD7, 0xB0, 0xFE, 0xEC, 0xE2, 0xC2, 0x6F, 0x12, 0x25, 0xEC, 0x6D, 0xC2, 0x9B, 0xC3, 0xA7,
    0x26, 0xC4, 0xCE, 0xB7, 0xAD, 0x40, 0x4F, 0xC5, 0x7C, 0x5C, 0xEF, 0x5A, 0x28, 0xE7, 0x26, 0x05,
    0x55, 0x37, 0xAD, 0x50, 0x6C, 0x6B, 0xB6, 0xCC, 0x49, 0x74, 0x4D, 0xEC, 0xAF, 0x8B, 0x69, 0x21,
    0xA7, 0x17, 0x25, 0xA5, 0x2B, 0x1E, 0xE8, 0x4D, 0xD8, 0x8C, 0x24, 0x5A, 0x8A, 0x4B, 0x2F, 0x1E,
    0x78, 0xA5, 0xA1, 0xC7, 0xA7, 0xE3, 0xBC, 0x6B, 0x4E, 0xAC, 0x0F, 0x8C, 0x40, 0x1E, 0x68, 0xBC,
    0x32, 0x30, 0xB1, 0x18, 0x65, 0x62, 0x5F, 0xDA, 0x5C, 0x39, 0xB7, 0x19, 0x53, 0x6C, 0xFD, 0x19,
    0x2C, 0x50, 0x98, 0xAA, 0xDE, 0x51, 0x82, 0x8E, 0xC6, 0x5C, 0x18, 0xCA, 0xA5, 0x9B, 0x15, 0xDF,
    0x59, 0xBF, 0xBA, 0xEC, 0x89, 0x31, 0x81, 0x95, 0x8A, 0x6E, 0xF5, 0x17, 0xCE, 0x1F, 0xC4, 0x97,
    0x4E, 0xF8, 0x57, 0xF0, 0xD2, 0x25, 0xEC, 0xEE, 0x93, 0x40, 0x10, 0x3B, 0xBB, 0xC3, 0xFB, 0x37,
    0xF0, 0x20, 0x4C, 0x7C, 0x08, 0x1D, 0x5C, 0xCE, 0xA9, 0xB5, 0x0B, 0x1E, 0x5C, 0x73, 0x7A, 0xCA,
    0x06, 0x37, 0xD9, 0x99, 0x67, 0x7D, 0xC6, 0x3A, 0x8B, 0x99, 0x27, 0x6D, 0xC5, 0x8D, 0x36, 0xCE,
    0xD5, 0x4B, 0x6C, 0x41, 0x24, 0xFD, 0x9C, 0x6F, 0x9D, 0x2C, 0xF2, 0x8E, 0x88, 0x8C, 0x9D, 0x6C,
    0xE4, 0x11, 0xC0, 0xAF, 0xA9, 0xEB, 0xB9, 0xF3, 0x29, 0x5A, 0x79, 0xDF, 0xC8, 0xCE, 0xB6, 0x5D,
    0x6B, 0x2C, 0x49, 0x5E, 0x31, 0x41, 0xF8, 0x0B, 0xF1, 0x43, 0xCE, 0x95, 0x44, 0xAB, 0x84, 0xB4,
    0x6F, 0x8D, 0x58, 0x0C, 0x96, 0x39, 0xC6, 0x91, 0x12, 0x92, 0x57, 0x01, 0x69, 0xA7, 0x52, 0xCD,
    0x83, 0x47, 0x73, 0x5B, 0xA5, 0x33, 0xE7, 0x61, 0x0E, 0xBE, 0xDD, 0x5E, 0x9D, 0x9C, 0xB1, 0x1A,
    0x0C, 0x27, 0x44, 0xCB, 0x2E, 0x95, 0xFB, 0x28, 0x6F, 0x8F, 0x4F, 0xD4, 0xF6, 0xE6, 0x68, 0x5A,
    0x3B, 0x23, 0x0B, 0x94, 0x8F, 0x81, 0x96, 0x9E, 0x0A, 0xEB, 0x89, 0x5E, 0x22, 0x50, 0xEB, 0xA8,
    0xDA, 0xEB, 0x1D, 0xD9, 0x3B, 0xA3, 0xA3, 0x7D, 0x2C, 0x11, 0xA0, 0x78, 0xB7, 0xFF, 0xA8, 0x60,
    0x4A, 0x76, 0xFB, 0xB3, 0x25, 0x53, 0xF6, 0x19, 0x2D, 0xB6, 0x33, 0x50, 0x7E, 0x1D, 0x56, 0x11,
    0x3F, 0xD5, 0xA5, 0x9E, 0x17, 0xF2, 0xB4, 0xAB, 0x12, 0x4F, 0xF3, 0x40, 0x5B, 0x49, 0xCF, 0x6A,
    0x58, 0xDA, 0x3D, 0x4B, 0xB4, 0x54, 0xFE, 0xE9, 0x8D, 0xA7, 0x38, 0x50, 0x32, 0x7A, 0xCA, 0xD0,
    0x96, 0x4C, 0xEC, 0xDF, 0x67, 0x62, 0xC3, 0x9A, 0x89, 0x4D, 0x44, 0x39, 0xCE, 0xB9, 0xAE, 0x5C,
    0x2F, 0x44, 0x33, 0x58, 0x86, 0xAB, 0xFE, 0xD8, 0x44, 0x5A, 0xEC, 0xA8, 0xA3, 0x88, 0x9D, 0x57,
    0x0F, 0x26, 0x0D, 0xDB, 0xE2, 0x48, 0x42, 0x7F, 0x38, 0x22, 0xC5, 0x44, 0x9F, 0x0C, 0xA4, 0x99,
    0x8A, 0x91, 0xA8, 0x05, 0xD1, 0x5C, 0xD3, 0x45, 0x57, 0xF0, 0xD4, 0x53, 0x15, 0x59, 0x45, 0x35,
    0xBC, 0x77, 0x6D, 0x95, 0x18, 0x50, 0xB3, 0xBF, 0xA8, 0xA2, 0x25, 0x68, 0x7F, 0xB7, 0xAF, 0x94,
    0x25, 0x8A, 0x76, 0x6F, 0x8F, 0x95, 0xAA, 0x7E, 0x49, 0xC2, 0x71, 0xB7, 0xA7, 0x79, 0xA1, 0xFF,
    0xAE, 0x56, 0xE9, 0x67, 0xFD, 0xC5, 0xB9, 0xFA, 0x33, 0xFA, 0x2D, 0xFA, 0x63, 0xC9, 0xF7, 0x2D,
    0x2E, 0x89, 0xFE, 0x46, 0x4F, 0x95, 0x78, 0x6A, 0x12, 0xA8, 0xCF, 0x44, 0x67, 0x77, 0xA8, 0xC5,
    0xA1, 0xC9, 0xD5, 0xE7, 0x5F, 0xA4, 0x16, 0x87, 0x26, 0x57, 0x5F, 0x38, 0x4D, 0xD4, 0x33, 0x49,
    0xDB, 0xE3, 0xB7, 0xEC, 0x2B, 0xC3, 0xD2, 0xF3, 0xBA, 0x6B, 0x7B, 0x21, 0x5D, 0x8B, 0xC2, 0x90,
    0xF4, 0xE2, 0x58, 0x25, 0xBA, 0xB3, 0x64, 0x82, 0x9E, 0x2E, 0x21, 0x08, 0xF4, 0xCC, 0x59, 0xDF,
    0xE4, 0xE3, 0x43, 0xD6, 0xF3, 0x0D, 0x94, 0x7A, 0x9F, 0xFE, 0x46, 0x82, 0xAA, 0xAC, 0xC5, 0x21,
    0x52, 0x1F, 0x49, 0xAC, 0x4B, 0xDD, 0x4F, 0x69, 0xA0, 0x2C, 0x50, 0xBE, 0x22, 0x8B, 0x8B, 0xEB,
    0x5A, 0xD6, 0x73, 0x21, 0xCD, 0xAA, 0xB0, 0xE6, 0x9E, 0x31, 0x8E, 0x96, 0xA4, 0x52, 0x0A, 0x19,
    0xA3, 0xAF, 0xBA, 0xC5, 0xCA, 0x14, 0x8E, 0x7A, 0x93, 0x51, 0xF3, 0x12, 0xD1, 0x7A, 0x1E, 0x25,
    0x4C, 0xDC, 0x5C, 0x03, 0x3F, 0x5F, 0xCD, 0x86, 0x0B, 0x51, 0x23, 0xCB, 0x12, 0xD1, 0x1C, 0x33,
    0x81, 0xF4, 0xD6, 0xFA, 0x45, 0xAC, 0xE7, 0xD4, 0xD0, 0xBA, 0xD6, 0x67, 0x70, 0x83, 0x56, 0xDC,
    0x8C, 0x64, 0x97, 0xCE, 0x3C, 0x59, 0xE5, 0x08, 0xEB, 0xB6, 0xA6, 0xDE, 0xA2, 0x76, 0x41, 0xB4,
    0x1C, 0x02, 0xD1, 0x14, 0xEC, 0x52, 0xA3, 0x5F, 0x18, 0xF8, 0xF3, 0x59, 0xFA, 0x1A, 0x98, 0xCD,
    0x29, 0x44, 0xF9, 0x18, 0xFB, 0x15, 0xBB, 0x7F, 0xC8, 0xFC, 0x58, 0x11, 0x9B, 0x31, 0xB3, 0x40,
    0x8B, 0x40, 0xB5, 0x3B, 0x8E, 0x25, 0x3F, 0x53, 0x02, 0x55, 0x94, 0xE5, 0x7D, 0x3E, 0x78, 0xD2,
    0x0B, 0x4F, 0x90, 0xFC, 0x7C, 0x1C, 0x02, 0x3D, 0xBC, 0x1A, 0x4B, 0xA0, 0x81, 0x85, 0x29, 0x87,
    0xD8, 0x58, 0xDD, 0x67, 0x2A, 0xAC, 0x27, 0x16, 0xBA, 0x8E, 0x5A, 0x47, 0xD5, 0xAE, 0xD7, 0x77,
    0x49, 0x5E, 0x39, 0xDA, 0xEB, 0x8D, 0x10, 0xCD, 0x8A, 0x8F, 0xE4, 0xB8, 0xE4, 0x66, 0x7F, 0x5A,
    0x08, 0xF2, 0x4A, 0x08, 0xF3, 0x43, 0x08, 0xF2, 0x4A, 0xA8, 0x49, 0x3C, 0x6D, 0x07, 0xDA, 0x0A,
    0x74, 0x26, 0x90, 0x7A, 0x24, 0x2A, 0x5A, 0x47, 0xA2, 0x5C, 0x26, 0xEC, 0x13, 0xF3, 0xA4, 0x79,
    0xF5, 0x5C, 0x49, 0x29, 0x7F, 0xE6, 0xB1, 0xA9, 0xF4, 0x5E, 0x8D, 0x61, 0x13, 0xF1, 0x4C, 0xBC,
    0xE5, 0x6C, 0xEF, 0xEA, 0xC6, 0xE7, 0xA3, 0xF3, 0x0E, 0xE6, 0x9F, 0x5A, 0xE7, 0x1D, 0xCC, 0x17,
    0x95, 0x84, 0x7B, 0x68, 0x7A, 0xF3, 0x4A, 0x4C, 0x4A, 0x49, 0xBE, 0x60, 0x15, 0xA0, 0x64, 0x13,
    0xBA, 0x19, 0x79, 0x0A, 0xB3, 0xB1, 0xB6, 0xD0, 0xD4, 0x77, 0xF0, 0x8E, 0x90, 0x7D, 0x49, 0x97,
    0x3A, 0x55, 0x73, 0xE4, 0x74, 0xC6, 0xB1, 0xB6, 0x3E, 0xEA, 0x9C, 0x9F, 0xCE, 0x04, 0x8F, 0x5D,
    0x98, 0xC4, 0xC1, 0x4B, 0x9D, 0x85, 0xA8, 0x4B, 0x33, 0x86, 0x1F, 0xD5, 0x87, 0x82, 0xA0, 0xF2,
    0x6E, 0x0F, 0xF4, 0xE2, 0x0C, 0x8F, 0xDE, 0x56, 0x9B, 0x29, 0x09, 0x4A, 0xBF, 0x5A, 0xA3, 0xBB,
    0x2B, 0x97, 0xC9, 0xF7, 0xBE, 0xC7, 0x43, 0xFB, 0x28, 0x0B, 0x37, 0x2E, 0xBE, 0xB8, 0xE5, 0xE6,
    0x5C, 0xF5, 0xF6, 0x67, 0xE6, 0xBE, 0xDE, 0x4A, 0xD1, 0x5B, 0xAD, 0x8B, 0x57, 0x2F, 0x24, 0xFE,
    0xDB, 0xB4, 0xB9, 0xC4, 0x7F, 0x49, 0x89, 0xA1, 0xBB, 0x41, 0xA7, 0x29, 0x47, 0x96, 0x20, 0x88,
    0x20, 0x2C, 0xD8, 0x73, 0x66, 0x5B, 0x28, 0x31, 0x78, 0x16, 0xE9, 0x37, 0x36, 0xC9, 0x87, 0xC2,
    0xCD, 0xA7, 0xB8, 0x3B, 0xB1, 0x1A, 0x7C, 0x49, 0xF0, 0x2C, 0x6E, 0xA4, 0xC1, 0x9B, 0x15, 0x4F,
    0x88, 0x8E, 0x79, 0x37, 0xB1, 0x30, 0x9E, 0xDF, 0xA0, 0xE5, 0x3E, 0x31, 0x2A, 0x25, 0x46, 0xED,
    0xE8, 0x33, 0x1E, 0xBD, 0x2B, 0xC2, 0xD0, 0x70, 0x24, 0xFA, 0x2E, 0x86, 0x6A, 0xC2, 0xBD, 0x52,
    0x32, 0xA1, 0x57, 0xD0, 0xB4, 0x2C, 0x5D, 0x79, 0x6C, 0xE7, 0x1C, 0x84, 0x63, 0x67, 0xE3, 0xC4,
    0x4A, 0x35, 0x24, 0xF3, 0x44, 0x86, 0x58, 0x76, 0x67, 0x84, 0xBE, 0x8B, 0x09, 0xF5, 0x15, 0xD1,
    0x7C, 0x0E, 0xC1, 0x7F, 0x6D, 0x64, 0x7D, 0x97, 0x74, 0xE0, 0x97, 0x46, 0xD6, 0x77, 0xDB, 0x68,
    0x62, 0x57, 0xD7, 0x1C, 0xDD, 0x4E, 0x94, 0x81, 0x72, 0xAC, 0xD5, 0xC5, 0x62, 0x0E, 0x69, 0x8A,
    0x65, 0x05, 0x82, 0xDE, 0xD6, 0x44, 0x0D, 0xBD, 0x47, 0x32, 0xE1, 0xE9, 0xE7, 0xD0, 0xAE, 0x0C,
    0x08, 0xFA, 0x2E, 0xE9, 0xF4, 0x44, 0x3F, 0x83, 0xCE, 0xDA, 0xFA, 0xF7, 0x7D, 0xE6, 0x61, 0xAD,
    0x91, 0xAC, 0x6C, 0x08, 0x4F, 0x8D, 0xF5, 0xA4, 0x6D, 0x1F, 0xA8, 0xF6, 0xD1, 0x8F, 0x68, 0x75,
    0x15, 0xF3, 0x84, 0x08, 0xF3, 0x7C, 0x97, 0xFD, 0x66, 0x9B, 0xC8, 0x79, 0xCA, 0x70, 0x46, 0x14,
    0x28, 0xD9, 0x40, 0xA2, 0xDA, 0x83, 0x72, 0xEA, 0xA3, 0xD7, 0x1C, 0xF5, 0xB4, 0x74, 0x82, 0xCA,
    0x86, 0x6E, 0x34, 0x03, 0xE9, 0x66, 0xA2, 0x75, 0x13, 0xB4, 0x3D, 0xAF, 0xEA, 0xBC, 0x03, 0x99,
    0x79, 0xB9, 0xC8, 0xA0, 0x8F, 0x52, 0x7F, 0xE4, 0xA4, 0x8D, 0xC2, 0x88, 0xEC, 0xE7, 0x09, 0xFD,
    0x2E, 0xC6, 0x6A, 0x3D, 0x8F, 0x5B, 0x35, 0x41, 0x5B, 0x5D, 0x70, 0x0B, 0xE1, 0x99, 0xD9, 0x12,
    0xB9, 0x40, 0xD4, 0xF0, 0x7B, 0x9C, 0x25, 0x9A, 0x87, 0x37, 0xDA, 0x0A, 0x74, 0xE6, 0x31, 0xDB,
    0xE5, 0xD5, 0x7F, 0x67, 0x1E, 0xDA, 0x1F, 0x41, 0x84, 0x46, 0xE6, 0x21, 0xE4, 0xBC, 0x56, 0x47,
    0x10, 0x7C, 0x06, 0xE9, 0x1A, 0x95, 0x1C, 0x0A, 0x5B, 0x23, 0x6A, 0x01, 0xA6, 0x19, 0x88, 0xB5,
    0xAA, 0x41, 0xB3, 0xAB, 0xD6, 0xA8, 0x48, 0x88, 0x6C, 0xAE, 0xA8, 0x67, 0x22, 0xA9, 0x1F, 0x93,
    0xD6, 0x4A, 0xCA, 0x7B, 0x0E, 0xFB, 0xDC, 0x51, 0x97, 0x90, 0x0D, 0x07, 0x77, 0xA0, 0x1D, 0x1C,
    0xE9, 0xA5, 0x49, 0x17, 0xBC, 0xEA, 0x54, 0xC6, 0x66, 0x2D, 0xBB, 0xF9, 0x96, 0x46, 0xBF, 0xED,
    0xA9, 0xFC, 0xE5, 0x1B, 0xA0, 0xE4, 0x5B, 0x93, 0x23, 0x84, 0x4C, 0x74, 0xDB, 0x9C, 0xD8, 0x4E,
    0xE0, 0xFA, 0xCB, 0xC8, 0xE6, 0x87, 0x45, 0x51, 0xB4, 0x50, 0xBD, 0x24, 0x5A, 0xA0, 0xDF, 0x40,
    0x6F, 0x77, 0x30, 0xE5, 0x59, 0xDB, 0x6D, 0x55, 0x59, 0x5F, 0x00, 0xB1, 0x32, 0x75, 0x0E, 0x04,
    0x65, 0x6A, 0xC6, 0x6F, 0xC9, 0x6F, 0x07, 0x62, 0x65, 0x8A, 0x5B, 0x08, 0xC3, 0xBF, 0x62, 0x82,
    0x32, 0x25, 0x8E, 0x47, 0xAC, 0x96, 0x48, 0x3C, 0x31, 0x64, 0x42, 0x9F, 0xC1, 0x5B, 0x47, 0x26,
    0x47, 0x60, 0x9D, 0x29, 0x1B, 0x90, 0x63, 0xC6, 0xBF, 0x6D, 0x55, 0x61, 0x0F, 0x66, 0xCE, 0xD0,
    0x11, 0xFF, 0x22, 0x90, 0x0B, 0x94, 0x98, 0x90, 0x8D, 0x62, 0x94, 0xF3, 0x19, 0x81, 0xE6, 0x81,
    0x8C, 0xA7, 0x28, 0x50, 0x12, 0xBC, 0x8D, 0x89, 0xF7, 0xB2, 0xDB, 0x7F, 0x13, 0xE8, 0x15, 0xF8,
    0xF2, 0x98, 0x4A, 0x26, 0xD6, 0xC5, 0x94, 0x27, 0x2B, 0xEE, 0xEA, 0x64, 0x62, 0x4F, 0x0F, 0xF7,
    0xCC, 0xCB, 0xA3, 0x50, 0x6E, 0xAF, 0x42, 0x4B, 0x62, 0xEA, 0x4F, 0x5F, 0x91, 0x86, 0x43, 0x9C,
    0x81, 0x49, 0x9B, 0x25, 0xA2, 0x8B, 0xDC, 0x33, 0x0D, 0x9A, 0x83, 0x68, 0xC7, 0xE8, 0x3A, 0x65,
    0x6D, 0xD5, 0x98, 0x02, 0x72, 0x31, 0x27, 0xA1, 0x64, 0x9E, 0x41, 0x52, 0x01, 0xF5, 0x4C, 0xCF,
    0x23, 0x87, 0x6C, 0x48, 0xD2, 0x7C, 0x59, 0xC3, 0xCB, 0x9D, 0x27, 0x2B, 0x5D, 0xE4, 0xAD, 0x66,
    0x4A, 0x66, 0x45, 0x5B, 0x29, 0xEF, 0xD3, 0xBA, 0x10, 0x3C, 0x59, 0xE7, 0x02, 0x9D, 0x38, 0xEC,
    0xC9, 0xDA, 0xE0, 0xD3, 0xAA, 0x0E, 0xF9, 0xB4, 0x2E, 0xB2, 0x94, 0x66, 0x65, 0xD3, 0xAE, 0x7C,
    0x5A, 0xA3, 0xA3, 0xCA, 0x2E, 0xD6, 0x3B, 0xE6, 0x90, 0x0E, 0xFC, 0xA1, 0x27, 0xF8, 0x3F, 0x98,
    0x32, 0xEB, 0x74, 0x5B, 0x82, 0xAF, 0x99, 0x7E, 0x22, 0x17, 0x4E, 0x10, 0x70, 0xE1, 0xC4, 0x0B,
    0x26, 0xE3, 0xAE, 0xF2, 0x5F, 0x9C, 0xC7, 0xCC, 0x59, 0x28, 0x1B, 0x49, 0xAE, 0x2C, 0x11, 0x98,
    0x40, 0xF9, 0x18, 0xC8, 0x3F, 0xB7, 0xE8, 0xC0, 0x46, 0x9D, 0xFC, 0x50, 0xA6, 0xB8, 0xF9, 0x0D,
    0xE9, 0x0C, 0x7A, 0x7F, 0xA1, 0x7E, 0xCC, 0xB1, 0xAC, 0x66, 0xF7, 0x36, 0xEB, 0x5A, 0x97, 0x49,
    0x07, 0xBE, 0x47, 0xFF, 0xFD, 0xBF, 0x34, 0xFC, 0xF6, 0xFB, 0xC9, 0xDE, 0xE3, 0x16, 0xDE, 0xED,
    0xFF, 0xE6, 0x3D, 0xE5, 0xC8, 0x07, 0x29, 0x3E, 0xF3, 0x24, 0x3A, 0x30, 0x3F, 0xD5, 0x25, 0x4F,
    0x4D, 0x78, 0xAA, 0xED, 0x40, 0x5B, 0x9E, 0xEA, 0x33, 0x9E, 0xC6, 0xF0, 0xF4, 0xE6, 0x30, 0x45,
    0x81, 0x5C, 0xB4, 0x86, 0x4C, 0x2A, 0x44, 0x70, 0x7A, 0x09, 0x11, 0xF7, 0x42, 0x8D, 0x8B, 0xB4,
    0xB2, 0x7E, 0x44, 0xE6, 0x6C, 0xD0, 0x81, 0xA3, 0x20, 0xC3, 0x78, 0x4D, 0xD2, 0x4F, 0x8C, 0xB4,
    0x93, 0x5C, 0x9B, 0x49, 0xD6, 0x3D, 0x4F, 0xDE, 0xD3, 0xBB, 0xF4, 0x44, 0xF6, 0x60, 0xA0, 0xD6,
    0xA5, 0xAA, 0x15, 0x1C, 0xE3, 0xE3, 0xB5, 0x7F, 0x7F, 0xF4, 0x74, 0xD7, 0x70, 0x40, 0x05, 0x5A,
    0x80, 0x75, 0xF9, 0x80, 0xD3, 0x48, 0x83, 0x15, 0xDE, 0xAD, 0xE8, 0xDE, 0x58, 0x72, 0x68, 0x85,
    0xCC, 0xE4, 0xF1, 0x4F, 0x02, 0xF1, 0x21, 0xD4, 0x1F, 0x7F, 0x80, 0x0F, 0xD0, 0x40, 0x54, 0x41,
    0x1F, 0x48, 0x46, 0x88, 0x87, 0x37, 0xA1, 0x55, 0x60, 0xF1, 0xAF, 0xF0, 0x1E, 0x39, 0x22, 0xA8,
    0x17, 0xD8, 0x62, 0x5F, 0xD0, 0x54, 0x78, 0x3A, 0xE6, 0xDB, 0xC2, 0xC4, 0x00, 0xD9, 0x19, 0x0C,
    0xA9, 0x18, 0x1A, 0x3B, 0x0B, 0x2F, 0x22, 0x9A, 0xA0, 0x30, 0xB3, 0xA0, 0x37, 0x0C, 0x6C, 0x7A,
    0x41, 0x5B, 0x90, 0xD8, 0x63, 0x3C, 0x8A, 0x9A, 0x8F, 0x6E, 0xE2, 0xD1, 0x96, 0x21, 0x19, 0x18,
    0x29, 0xDC, 0xE8, 0x82, 0x68, 0x8C, 0x58, 0xD5, 0x3C, 0xEB, 0xFA, 0xE3, 0x79, 0xDF, 0x92, 0xDC,
    0x44, 0x42, 0xD5, 0xF7, 0x23, 0xB4, 0xBD, 0x0E, 0x5A, 0xFD, 0xFD, 0xE4, 0x22, 0xB4, 0x8D, 0x8F,
    0x7F, 0x88, 0xBB, 0x72, 0x0A, 0x64, 0x67, 0xA7, 0x5A, 0x56, 0x03, 0x0A, 0x4B, 0x3A, 0xB0, 0x12,
    0x57, 0x65, 0x97, 0x76, 0x32, 0xA0, 0xEF, 0x0D, 0xE2, 0xEC, 0x50, 0xF3, 0xD1, 0x24, 0x83, 0x04,
    0xD7, 0xC6, 0x2A, 0x32, 0xAC, 0x32, 0xDC, 0xA3, 0xFE, 0x30, 0xB8, 0x3C, 0xB5, 0x7D, 0x51, 0xF3,
    0x90, 0x4F, 0xEF, 0x8C, 0xB9, 0xD2, 0x1C, 0x50, 0x44, 0x2F, 0xE8, 0x4F, 0x7A, 0xD7, 0x0B, 0xF9,
    0x17, 0xB0, 0x11, 0x5F, 0x1A, 0x45, 0x83, 0xA0, 0x75, 0x7E, 0x74, 0x1E, 0xD2, 0x25, 0x28, 0xC6,
    0xDC, 0xDC, 0xE2, 0x37, 0x82, 0x59, 0x7B, 0x36, 0x0E, 0xDA, 0x20, 0x28, 0x13, 0xEF, 0x2F, 0x34,
    0xBF, 0x3F, 0x2E, 0x1D, 0x35, 0xD7, 0xD8, 0x8F, 0x8E, 0x1C, 0x70, 0x1E, 0x12, 0xE8, 0x19, 0x03,
    0x07, 0x30, 0x88, 0x8E, 0x87, 0x9B, 0x91, 0x7A, 0x01, 0x07, 0xC1, 0xF4, 0x1A, 0x25, 0x32, 0xD4,
    0xA3, 0x17, 0x16, 0x1B, 0xD2, 0x31, 0xCB, 0x23, 0x73, 0x4E, 0x58, 0x88, 0x74, 0x07, 0xEC, 0x8F,
    0x7E, 0x13, 0x89, 0xF4, 0x51, 0x41, 0x0E, 0x3D, 0x2E, 0x59, 0x9F, 0x92, 0xB3, 0x89, 0x0E, 0x26,
    0xC0, 0xCE, 0x9E, 0xA8, 0xF5, 0x94, 0xAE, 0xAC, 0xA7, 0x5B, 0x2B, 0xEB, 0xE9, 0x73, 0xE3, 0x72,
    0x67, 0xBD, 0xF5, 0x94, 0x93, 0xF5, 0xD4, 0x88, 0xAD, 0xDB, 0x39, 0x5B, 0x37, 0xA1, 0x09, 0xB3,
    0x6E, 0xEB, 0xDA, 0x60, 0xEB, 0x16, 0xC8, 0xD5, 0x98, 0x49, 0x6C, 0x3E, 0xD8, 0x4C, 0x7A, 0xC8,
    0x0F, 0xD8, 0x4C, 0x87, 0x9E, 0xF9, 0xF9, 0xF7, 0xE5, 0x6B, 0x65, 0xBA, 0x1E, 0x20, 0xE5, 0x57,
    0xAB, 0x63, 0xD3, 0xA6, 0xAB, 0xAC, 0xEE, 0xB1, 0xEA, 0x7A, 0x25, 0x1E, 0x46, 0x99, 0x5F, 0x65,
    0x7B, 0x0C, 0x2A, 0x7D, 0xFB, 0x55, 0xDA, 0x67, 0x45, 0x34, 0x81, 0x30, 0xBF, 0xC4, 0xC0, 0x66,
    0xCB, 0xC5, 0x38, 0x87, 0x7F, 0x26, 0x39, 0x93, 0x4B, 0x0E, 0x27, 0xD7, 0x42, 0xFA, 0x16, 0xE6,
    0x07, 0xE7, 0xD4, 0x94, 0x9F, 0xB0, 0xEA, 0x43, 0x0A, 0x54, 0x79, 0xDD, 0xB0, 0xDA, 0x9A, 0x8E,
    0x65, 0x6B, 0x59, 0x9C, 0x16, 0x3D, 0xA9, 0x63, 0x2D, 0x56, 0x81, 0xA6, 0x2D, 0x5B, 0x12, 0x45,
    0x69, 0x4F, 0x53, 0xA7, 0x6C, 0xC9, 0x74, 0xCD, 0xFA, 0x1C, 0x8E, 0xAE, 0x08, 0xB3, 0xB8, 0xE1,
    0x24, 0x8F, 0x6A, 0x2C, 0xAF, 0x52, 0x97, 0x22, 0x46, 0x69, 0x58, 0xA7, 0x46, 0x74, 0xA6, 0x6F,
    0xE0, 0xEE, 0xC7, 0xD3, 0x73, 0x20, 0x5E, 0xDE, 0xE3, 0xC4, 0x5A, 0x52, 0xD8, 0xD2, 0x4B, 0x16,
    0x26, 0x93, 0xD5, 0x9E, 0x8A, 0x2E, 0xFC, 0x6C, 0xF4, 0xC4, 0xFA, 0xC1, 0x92, 0x1F, 0x17, 0xC1,
    0x68, 0x21, 0x24, 0xBF, 0x0A, 0xE5, 0x81, 0x92, 0x99, 0xB6, 0x92, 0x58, 0x20, 0x9D, 0x70, 0x90,
    0x4E, 0xFD, 0x8E, 0xD5, 0x45, 0x35, 0x71, 0x7C, 0x70, 0xA9, 0xFE, 0xDC, 0x45, 0x0A, 0x97, 0xD2,
    0x61, 0xEF, 0x41, 0x07, 0x26, 0xE2, 0x3C, 0xAA, 0x49, 0x3D, 0x7F, 0x51, 0x6C, 0x47, 0xB4, 0xDD,
    0x24, 0x2B, 0xFB, 0xC2, 0x65, 0x59, 0x70, 0x98, 0x8D, 0xE9, 0x82, 0xF5, 0xAA, 0xE0, 0x95, 0xA5,
    0x75, 0x64, 0x96, 0x9A, 0x33, 0x74, 0xC8, 0x10, 0x5E, 0xD2, 0xDB, 0x68, 0x76, 0xA0, 0x2D, 0xB3,
    0x56, 0x9C, 0x97, 0xDD, 0x32, 0x99, 0x29, 0x71, 0xC9, 0x2E, 0x9D, 0xBF, 0x49, 0xD7, 0xCB, 0x10,
    0xB9, 0x5D, 0x3A, 0x39, 0x30, 0x57, 0xCE, 0xDD, 0xF6, 0xE1, 0x16, 0x13, 0xC9, 0xBA, 0x2B, 0xA7,
    0x99, 0x12, 0x2E, 0x61, 0x58, 0x8A, 0xE3, 0xCE, 0x08, 0x45, 0x4B, 0x4F, 0xCA, 0x06, 0xAA, 0x6A,
    0x4F, 0x7A, 0x6F, 0x74, 0x04, 0x6B, 0x4A, 0x28, 0x91, 0x64, 0x0B, 0x97, 0x77, 0x0C, 0xAD, 0xEA,
    0x4F, 0x67, 0x5E, 0xCF, 0x91, 0x51, 0xC7, 0x1E, 0xAF, 0xDA, 0x53, 0x15, 0x74, 0xAE, 0x26, 0xD0,
    0xE4, 0xC9, 0x25, 0x3B, 0x24, 0x2E, 0x89, 0x98, 0x35, 0x0A, 0x76, 0xFA, 0x1A, 0x8E, 0x7A, 0xF8,
    0xB5, 0xC2, 0x14, 0xDE, 0x53, 0x64, 0x24, 0x79, 0x1C, 0xC7, 0x35, 0x33, 0x27, 0x9B, 0x22, 0xEB,
    0x1D, 0x4B, 0x89, 0xF1, 0x09, 0xF4, 0x89, 0x8B, 0x56, 0x92, 0x56, 0xF5, 0xDF, 0xC4, 0x94, 0x24,
    0xAD, 0x2A, 0x11, 0x29, 0x45, 0x5A, 0x55, 0x22, 0x09, 0x42, 0x0D, 0xAB, 0x4B, 0x48, 0x97, 0xB3,
    0xBC, 0x3C, 0xA3, 0xCB, 0xF6, 0x7B, 0x67, 0x5A, 0x3A, 0xCF, 0xE2, 0xC8, 0x74, 0x5A, 0x0E, 0x13,
    0xAD, 0x8A, 0x7D, 0x94, 0xD0, 0xAA, 0xD8, 0x02, 0x65, 0xAD, 0x8A, 0xD7, 0xAE, 0x8A, 0xDB, 0xA0,
    0xF7, 0x5A, 0x15, 0x3B, 0x71, 0x58, 0xAB, 0xE2, 0x07, 0x84, 0x56, 0xC5, 0x0F, 0xC8, 0xB1, 0x22,
    0xE4, 0x56, 0x8B, 0x06, 0x85, 0x5E, 0x8B, 0x58, 0x83, 0x2A, 0x65, 0x81, 0xF7, 0xC4, 0xBA, 0x14,
    0x46, 0x6B, 0xD2, 0x07, 0x2F, 0x2C, 0x53, 0x16, 0x3C, 0xB3, 0x51, 0xC3, 0xDE, 0xDA, 0x95, 0x6E,
    0x7B, 0x84, 0x15, 0xA8, 0x45, 0xAA, 0x1C, 0x41, 0x4E, 0xB8, 0x3C, 0x90, 0xB4, 0x14, 0xB1, 0x1C,
    0x41, 0x78, 0xB1, 0x44, 0xAE, 0x47, 0x94, 0x3A, 0x5A, 0x7A, 0x22, 0xCB, 0xD0, 0x25, 0x04, 0xD1,
    0xEA, 0x1A, 0x68, 0xE1, 0xE4, 0x29, 0x19, 0x53, 0xB9, 0x0B, 0xCD, 0x4F, 0xC6, 0x93, 0x99, 0x1C,
    0xCD, 0x4D, 0xE3, 0x88, 0x6C, 0x44, 0x6E, 0x83, 0x2E, 0xBE, 0x6B, 0xFE, 0x39, 0x4B, 0xB6, 0x0E,
    0x96, 0xA1, 0x50, 0x7A, 0xDB, 0xE7, 0x77, 0xE5, 0x9F, 0xFA, 0x48, 0x7A, 0x79, 0x35, 0xC4, 0xD4,
    0x7F, 0x11, 0x62, 0xEA, 0x91, 0xB7, 0x3A, 0xCE, 0xFB, 0x77, 0xAB, 0x9F, 0x0D, 0x14, 0xDE, 0x77,
    0xE6, 0x69, 0x95, 0x9B, 0xE3, 0xDA, 0xEA, 0x24, 0xCB, 0x82, 0x88, 0x3D, 0x0C, 0x62, 0x0F, 0x32,
    0x49, 0x77, 0xE2, 0x85, 0xEB, 0x43, 0xF1, 0x8F, 0x93, 0x81, 0x64, 0x5A, 0x3C, 0x09, 0x92, 0xE8,
    0xD5, 0x51, 0x24, 0x03, 0xED, 0x3E, 0x4A, 0x27, 0xE9, 0x73, 0xB6, 0xD4, 0x1D, 0xE5, 0x2E, 0x43,
    0xB5, 0x73, 0x5A, 0x6E, 0xED, 0x9D, 0x0D, 0x4C, 0x17, 0x96, 0xC6, 0xD1, 0x8E, 0x59, 0x3A, 0x32,
    0x66, 0xDB, 0xBB, 0xEB, 0xCC, 0x96, 0x73, 0xF0, 0xF5, 0xE6, 0xB4, 0x72, 0x52, 0xCA, 0xDF, 0x4D,
    0xAC, 0x40, 0x7E, 0xAA, 0xDA, 0x53, 0x15, 0x9E, 0x7E, 0x1E, 0x68, 0x2B, 0xD0, 0xCF, 0x1E, 0xA7,
    0x35, 0x1E, 0x16, 0x35, 0xBA, 0x3F, 0xCE, 0xC4, 0x3E, 0xC6, 0x1F, 0x72, 0xBB, 0x0C, 0x21, 0x03,
    0x67, 0x33, 0xC1, 0x92, 0x3D, 0x2E, 0xA5, 0x0B, 0x64, 0x31, 0x80, 0x9A, 0xDE, 0xD1, 0x17, 0xB6,
    0x73, 0xC4, 0x16, 0x10, 0x8E, 0x2B, 0xED, 0xE7, 0x1D, 0x52, 0x98, 0xF2, 0x6B, 0x76, 0x44, 0xBC,
    0x76, 0xE0, 0xDC, 0xC2, 0x83, 0x34, 0x92, 0xDD, 0xFA, 0x0A, 0xA8, 0x5C, 0x66, 0x76, 0x70, 0x91,
    0x5B, 0xD4, 0xF5, 0x71, 0xE4, 0xD6, 0x7E, 0x72, 0x4B, 0xA8, 0xB1, 0x5F, 0xF9, 0xC8, 0xED, 0xDE,
    0x90, 0xB3, 0xFD, 0x1D, 0xEF, 0x7D, 0x6B, 0x84, 0x92, 0xDD, 0x61, 0x12, 0xCA, 0x6E, 0x0E, 0xE7,
    0x99, 0x16, 0xF9, 0xF5, 0xE1, 0x39, 0x50, 0xBE, 0x28, 0x2F, 0xF1, 0x33, 0x7F, 0x42, 0x3D, 0x2F,
    0x4F, 0x7F, 0xDD, 0xCE, 0x26, 0xA1, 0x6B, 0xEF, 0xA9, 0xD7, 0xC2, 0xBB, 0xBD, 0xC8, 0x74, 0x72,
    0xA6, 0xDE, 0x3D, 0xCD, 0x84, 0x51, 0xA0, 0x3C, 0x2D, 0x03, 0x99, 0xFB, 0xA8, 0x13, 0x61, 0x30,
    0x88, 0x94, 0x1A, 0xD9, 0x24, 0x74, 0x92, 0x6B, 0x90, 0x80, 0x41, 0xBD, 0x26, 0xAF, 0xE2, 0xF1,
    0x21, 0xE4, 0xA4, 0xD4, 0x11, 0xE4, 0x73, 0xE6, 0x0E, 0x93, 0x76, 0x0A, 0xE9, 0x66, 0xF2, 0x79,
    0xA1, 0xDA, 0x57, 0x1E, 0x81, 0xB2, 0xC9, 0x53, 0x6E, 0x3D, 0x15, 0xAE, 0xD4, 0x8A, 0x33, 0x4D,
    0x4A, 0xA7, 0x9B, 0xDD, 0x1B, 0x1C, 0x6D, 0x8F, 0xC6, 0xD1, 0x34, 0x6E, 0x73, 0x31, 0x83, 0x52,
    0xF7, 0xC6, 0x2D, 0xA8, 0x2A, 0x1A, 0x56, 0xC7, 0x69, 0xD0, 0x8F, 0xD8, 0xF6, 0x13, 0xF5, 0x25,
    0xFB, 0x83, 0xA7, 0xFC, 0x9A, 0x27, 0xFD, 0xA6, 0x27, 0xD8, 0x7E, 0x42, 0x17, 0x02, 0x9D, 0xF3,
    0xF4, 0xF5, 0x09, 0x4F, 0x6C, 0x70, 0x1F, 0xA4, 0x48, 0xA8, 0x5D, 0x27, 0x18, 0x88, 0x23, 0xAF,
    0x1F, 0xD9, 0xA0, 0xA4, 0x14, 0x03, 0xBD, 0x00, 0x2F, 0xB3, 0xCB, 0xA7, 0x1E, 0xA5, 0x88, 0x87,
    0x64, 0xDD, 0x7A, 0x71, 0xCE, 0xC9, 0x47, 0xD2, 0xDB, 0xF3, 0x90, 0x4F, 0xBD, 0x89, 0x8E, 0x1D,
    0x45, 0x09, 0x4A, 0xA9, 0x27, 0x73, 0x80, 0x42, 0x06, 0xEF, 0xF7, 0xA2, 0x4D, 0x57, 0x5E, 0x2B,
    0xDF, 0x8A, 0x42, 0xB1, 0xD0, 0x9A, 0xAD, 0x61, 0x83, 0xAD, 0x71, 0x63, 0xDD, 0xD6, 0x98, 0x79,
    0x5B, 0x43, 0x2A, 0x01, 0x9B, 0x9E, 0xD6, 0x1D, 0x56, 0xB7, 0x24, 0xAE, 0xD6, 0xAE, 0xC5, 0xD5,
    0x10, 0x2C, 0xB8, 0xDF, 0xD6, 0x28, 0xBD, 0xAD, 0x31, 0x7A, 0x5B, 0x23, 0x39, 0xA2, 0xAD, 0x8E,
    0x1D, 0x3F, 0x97, 0x57, 0xE9, 0x8F, 0x22, 0x5F, 0x76, 0x67, 0x9C, 0x52, 0x2D, 0x59, 0x70, 0x47,
    0x91, 0x28, 0x66, 0x65, 0xC8, 0x4F, 0x14, 0xB2, 0x9E, 0x52, 0xDB, 0x3A, 0xCA, 0xD0, 0xC7, 0xA5,
    0x64, 0x2A, 0x0E, 0x8E, 0x8A, 0xC9, 0x38, 0x42, 0x22, 0xA6, 0x27, 0x12, 0xD8, 0x4C, 0x73, 0x64,
    0x25, 0x96, 0x92, 0xA9, 0x98, 0xD7, 0x6E, 0xA4, 0x22, 0x2B, 0xB1, 0x94, 0x4C, 0x45, 0x77, 0x8F,
    0x2C, 0x50, 0xBE, 0xF0, 0x54, 0xB6, 0xE1, 0xE9, 0x67, 0x81, 0xC2, 0x1B, 0x3D, 0x1D, 0x48, 0x1D,
    0x49, 0xAE, 0x0D, 0x92, 0xB0, 0x42, 0x6C, 0xA2, 0x07, 0xB6, 0xB3, 0xF2, 0x95, 0x54, 0xBE, 0x6E,
    0x4E, 0x85, 0xCB, 0x1E, 0x28, 0xC5, 0x8B, 0x43, 0xF4, 0x32, 0x73, 0xB1, 0x0C, 0x67, 0xE3, 0x4A,
    0xDC, 0xB4, 0xE7, 0xA0, 0xB9, 0x0B, 0x18, 0x71, 0xBD, 0x46, 0x31, 0x4D, 0xA2, 0x59, 0x46, 0xB6,
    0x6B, 0x6A, 0x6E, 0xEB, 0xCC, 0xCE, 0xCA, 0xA1, 0x18, 0xA5, 0x13, 0xB2, 0xA9, 0xE1, 0x21, 0xC2,
    0x95, 0x77, 0x7E, 0x8A, 0x36, 0xD3, 0xCA, 0x2E, 0xEF, 0xDC, 0x7D, 0x27, 0x4E, 0xEC, 0x87, 0x6A,
    0xD8, 0x65, 0x70, 0x5A, 0x12, 0x2C, 0x59, 0xF0, 0xBE, 0x53, 0x91, 0xEC, 0x8D, 0x66, 0x31, 0x6B,
    0xD7, 0x97, 0x31, 0xC2, 0x4E, 0xD9, 0xBE, 0xB8, 0x2C, 0x63, 0xED, 0x54, 0x77, 0xBC, 0x79, 0x39,
    0x1E, 0x9C, 0x33, 0xE1, 0x8C, 0x08, 0x7E, 0x61, 0x99, 0x3C, 0x64, 0x77, 0x8B, 0xC6, 0x56, 0x90,
    0x86, 0x27, 0x25, 0x9E, 0x15, 0xCD, 0x0A, 0x16, 0xB4, 0x11, 0xE2, 0x97, 0xAC, 0xB0, 0x67, 0x6C,
    0x7F, 0x41, 0x47, 0xD6, 0x32, 0x3F, 0x50, 0xB4, 0x5A, 0x73, 0x24, 0x73, 0xE4, 0xF0, 0x1B, 0x66,
    0x0A, 0x3D, 0xF8, 0x47, 0xD0, 0x14, 0x9D, 0x46, 0xC5, 0xC9, 0xD5, 0x5C, 0xE0, 0x98, 0xAE, 0x45,
    0x6E, 0xDB, 0x7F, 0xD2, 0xC8, 0xED, 0x17, 0x0F, 0x8E, 0xDC, 0x36, 0x0F, 0x8C, 0xDC, 0x46, 0x3C,
    0x71, 0x24, 0xF7, 0x03, 0xD2, 0xB7, 0x93, 0xC8, 0x6D, 0x5D, 0xF8, 0x88, 0xFB, 0x58, 0xF9, 0xC8,
    0xED, 0x08, 0x0B, 0x0F, 0x9A, 0x4A, 0xDC, 0xFD, 0xE0, 0x50, 0xE1, 0x64, 0xB7, 0x99, 0x9E, 0x50,
    0xAC, 0xFC, 0x01, 0x52, 0xBE, 0xDF, 0x44, 0x2E, 0x03, 0xC2, 0x17, 0x7D, 0xAD, 0xCA, 0xBF, 0xBE,
    0x37, 0x69, 0x9E, 0x39, 0x87, 0x09, 0xE9, 0xFC, 0x29, 0x97, 0x13, 0x38, 0xCA, 0x02, 0xE5, 0x1B,
    0x88, 0xE6, 0x90, 0x23, 0xBD, 0x0C, 0x64, 0x3D, 0x55, 0xB6, 0x76, 0x44, 0xAB, 0xA2, 0xA3, 0xFD,
    0xBD, 0x5E, 0x28, 0xDE, 0xBD, 0x33, 0x0A, 0x91, 0x15, 0xE8, 0xEE, 0x9B, 0xDE, 0xEC, 0xAF, 0x08,
    0x91, 0x15, 0xF8, 0x2F, 0x85, 0x8A, 0xEB, 0xFE, 0x6E, 0xFA, 0x65, 0x4F, 0x70, 0x39, 0x0A, 0xED,
    0x04, 0xDA, 0x0A, 0x74, 0x3A, 0x90, 0x3A, 0x48, 0xA1, 0x3A, 0x69, 0x23, 0xF9, 0x2C, 0xB8, 0x8D,
    0x74, 0xC8, 0xB7, 0xFE, 0xB0, 0xF8, 0x60, 0xE4, 0xA4, 0xDE, 0x66, 0xF2, 0xE9, 0xD9, 0x81, 0xD8,
    0xE2, 0x3B, 0x92, 0x78, 0xAD, 0xE0, 0x44, 0x18, 0xD6, 0xAA, 0x84, 0xB2, 0x40, 0xB9, 0x54, 0x15,
    0x60, 0xD0, 0x1B, 0x99, 0x74, 0x1D, 0x7B, 0x44, 0x25, 0x28, 0x8F, 0xC5, 0xB1, 0xAC, 0xA5, 0x9C,
    0x83, 0x5D, 0x1E, 0x44, 0xDB, 0x96, 0x8B, 0xB0, 0xE0, 0xF7, 0x9D, 0x8C, 0xAC, 0xE4, 0xD1, 0x5D,
    0x33, 0x31, 0x21, 0x2A, 0x58, 0x71, 0x05, 0x2D, 0x88, 0x0B, 0x36, 0x49, 0xCF, 0xFD, 0xD4, 0xFC,
    0x09, 0x57, 0xD0, 0xB6, 0xF9, 0x55, 0x73, 0x82, 0x7D, 0x58, 0x6C, 0xFB, 0xC9, 0x0B, 0xC0, 0xF6,
    0xE3, 0xD2, 0x86, 0x76, 0x07, 0xA6, 0x37, 0x97, 0x36, 0x6C, 0xB9, 0x02, 0x93, 0xA2, 0x3D, 0x1B,
    0x71, 0x55, 0x01, 0x56, 0x0B, 0xC4, 0x02, 0xB9, 0xA0, 0x81, 0xED, 0xE4, 0xD6, 0x5B, 0x86, 0xCD,
    0xCC, 0x5B, 0x86, 0xD6, 0x5B, 0xC7, 0xBC, 0x3A, 0xB2, 0x65, 0x98, 0x43, 0xAF, 0xE2, 0x98, 0x21,
    0xA9, 0xC0, 0xA9, 0x58, 0x86, 0x49, 0x2D, 0xEE, 0x92, 0x03, 0x5F, 0x79, 0xF7, 0x28, 0x94, 0x84,
    0x5A, 0xB2, 0x4D, 0xB4, 0x76, 0x46, 0xF4, 0x21, 0xC7, 0x5B, 0x25, 0xA3, 0x02, 0xD4, 0xF1, 0x2A,
    0xCE, 0x81, 0x51, 0x29, 0xAB, 0xE8, 0xC4, 0x68, 0x6A, 0x40, 0xE2, 0x8E, 0xAA, 0xF3, 0x4E, 0x5C,
    0x39, 0x65, 0x2B, 0xC1, 0x70, 0xB6, 0x9F, 0x3B, 0x71, 0x9E, 0x50, 0x1B, 0x76, 0x62, 0xAB, 0x23,
    0x39, 0x5A, 0xD5, 0xC7, 0x90, 0x93, 0xF1, 0x06, 0x0D, 0x2A, 0x0F, 0x1A, 0x94, 0xBE, 0xF1, 0x8D,
    0x1B, 0x97, 0x36, 0xFF, 0xD2, 0xB9, 0x80, 0x96, 0x79, 0x27, 0x4B, 0x66, 0x3E, 0xE6, 0x9D, 0xD4,
    0x2D, 0xEA, 0x2E, 0xEF, 0x72, 0x29, 0x6D, 0xA6, 0xE7, 0xE3, 0x85, 0x30, 0xE7, 0xA7, 0xC7, 0x32,
    0x50, 0xF1, 0xBB, 0x95, 0x23, 0xBB, 0xDF, 0xF3, 0x8E, 0x97, 0x48, 0x89, 0x5D, 0x46, 0x76, 0x60,
    0xD9, 0x09, 0x2B, 0xD6, 0x70, 0x31, 0x4C, 0x87, 0x9D, 0x6A, 0x7E, 0xE0, 0x5B, 0xE8, 0xDD, 0x83,
    0xAD, 0xEB, 0xF2, 0x7D, 0x30, 0x53, 0x44, 0xF5, 0x62, 0x9F, 0xFE, 0xE0, 0x49, 0x2A, 0xCD, 0xD8,
    0xBB, 0x1F, 0x28, 0x0F, 0xC7, 0x89, 0x50, 0x64, 0x8F, 0x7F, 0xEB, 0x49, 0xAF, 0x08, 0x6B, 0x23,
    0xDB, 0xE2, 0x4D, 0x20, 0x6E, 0x20, 0xD0, 0x1B, 0x4B, 0x9E, 0xA7, 0x34, 0xF8, 0x12, 0x19, 0x78,
    0xE9, 0x88, 0x7F, 0xB8, 0x0B, 0xAD, 0x7B, 0xB9, 0xB8, 0x83, 0xE8, 0xF5, 0x8B, 0x4E, 0x12, 0xD8,
    0x78, 0xFC, 0x71, 0x45, 0xCF, 0x04, 0xE5, 0x42, 0xCC, 0xFC, 0xD6, 0xBA, 0xC2, 0x41, 0x7B, 0x7B,
    0x12, 0x0F, 0x5B, 0x63, 0xCD, 0x39, 0xF1, 0x33, 0x4D, 0x77, 0xAD, 0x24, 0xE9, 0x45, 0xD3, 0x58,
    0xD5, 0xAC, 0xB4, 0x25, 0xDF, 0x21, 0x1E, 0x85, 0x5C, 0x6C, 0xB2, 0x44, 0x9E, 0x91, 0x5C, 0x2C,
    0xCE, 0x4A, 0xE1, 0x60, 0x07, 0xC7, 0x3F, 0xA8, 0x73, 0x16, 0x92, 0x9F, 0xA2, 0xAA, 0xBF, 0xED,
    0x24, 0xFE, 0xA1, 0x2C, 0xE4, 0x2B, 0xB7, 0xCB, 0x92, 0x9E, 0xF7, 0x1C, 0xB7, 0x06, 0x22, 0x15,
    0x4F, 0x71, 0x64, 0xAA, 0x57, 0x53, 0x78, 0x73, 0x67, 0x8D, 0xD1, 0x75, 0x2B, 0xAE, 0x5B, 0x82,
    0x63, 0x4C, 0x72, 0x51, 0x0A, 0x39, 0x14, 0xF1, 0xA8, 0x5E, 0x49, 0xCE, 0x4A, 0xCC, 0x69, 0x3F,
    0xBC, 0x25, 0x0D, 0xFB, 0x20, 0x07, 0xF4, 0xC2, 0x0B, 0xCA, 0xF7, 0xD1, 0xBA, 0x0C, 0x3B, 0x11,
    0xE4, 0xD5, 0x4E, 0xA0, 0x26, 0x10, 0x37, 0x79, 0x64, 0xBC, 0x2A, 0xC6, 0x24, 0x81, 0x2D, 0xE3,
    0xCD, 0x48, 0x91, 0x75, 0xF5, 0xBA, 0xD4, 0x0B, 0xB1, 0x27, 0xB3, 0x4E, 0xCB, 0x57, 0x75, 0xA8,
    0xFF, 0xF0, 0x3E, 0xCB, 0x40, 0xD9, 0xE4, 0x09, 0x59, 0xFB, 0x9E, 0x7C, 0xFD, 0x07, 0x3C, 0x27,
    0xAB, 0x4A, 0x10, 0x47, 0x4B, 0xE3, 0x68, 0x8E, 0x98, 0xBA, 0xF3, 0x5F, 0x55, 0x42, 0xF1, 0xB7,
    0x66, 0x4B, 0x28, 0xB9, 0xED, 0xEF, 0x81, 0xCC, 0x06, 0xA1, 0xFC, 0xAA, 0x27, 0xCE, 0x6C, 0x60,
    0xAA, 0x22, 0x4F, 0xDB, 0x81, 0xB6, 0x02, 0x9D, 0x08, 0xA4, 0x8E, 0x41, 0x3C, 0x14, 0x8F, 0xA2,
    0x43, 0x2B, 0x44, 0x58, 0x49, 0xD2, 0xFB, 0x6B, 0xFB, 0x98, 0x52, 0xA7, 0x79, 0x38, 0x1A, 0x03,
    0xF5, 0xFE, 0x38, 0xEB, 0x2A, 0xF0, 0xC4, 0x7C, 0x60, 0xCA, 0x43, 0x3D, 0x1D, 0xAC, 0x27, 0xCD,
    0xF7, 0x76, 0xD5, 0x08, 0x03, 0xC2, 0x93, 0x8E, 0x74, 0xEF, 0xA6, 0x6C, 0xEC, 0x04, 0x5D, 0x2F,
    0x55, 0x04, 0xD4, 0xE2, 0x26, 0x76, 0x32, 0xA7, 0x9C, 0x3C, 0x69, 0x17, 0xB9, 0x1D, 0x54, 0x75,
    0xAB, 0x9D, 0x15, 0xEC, 0xDC, 0x68, 0xFE, 0xB8, 0x40, 0x6D, 0x1F, 0x82, 0xF6, 0x37, 0xD1, 0x33,
    0xF3, 0xA4, 0x8F, 0xF6, 0x69, 0xE0, 0x4F, 0xD8, 0x3E, 0x20, 0xD9, 0xEF, 0x7A, 0x5A, 0xEC, 0x40,
    0x7F, 0xEC, 0xEA, 0x64, 0x48, 0x86, 0xB4, 0xCF, 0xFE, 0x01, 0x82, 0x33, 0xE9, 0xD3, 0x3E, 0xFF,
    0x84, 0xC4, 0x25, 0x3C, 0x28, 0x3D, 0x6A, 0x0A, 0x51, 0x9E, 0x96, 0x75, 0x3A, 0xEB, 0x62, 0xA4,
    0x0D, 0x67, 0x5D, 0x93, 0x41, 0x44, 0x21, 0xC3, 0xE5, 0x3C, 0xFD, 0x78, 0xC1, 0x65, 0x88, 0xE7,
    0xE8, 0xE0, 0x19, 0xE7, 0xB5, 0xF3, 0xBB, 0x71, 0x86, 0x3E, 0x13, 0x99, 0xE0, 0x85, 0x50, 0xC5,
    0xF6, 0x4E, 0xD6, 0xF1, 0xFC, 0xE4, 0x74, 0x61, 0x5E, 0x28, 0x91, 0x2E, 0xD6, 0xB1, 0xE3, 0xB8,
    0xE1, 0x76, 0xB1, 0x6D, 0xC2, 0x5E, 0xD3, 0x8E, 0x14, 0x47, 0xDE, 0x76, 0x86, 0xEE, 0x3B, 0x48,
    0x09, 0xCA, 0xA9, 0xCB, 0x6A, 0x76, 0x7F, 0x7F, 0x1C, 0x41, 0xAE, 0x3F, 0x8E, 0x20, 0xE7, 0xED,
    0x3A, 0x44, 0x9C, 0x17, 0x0F, 0x2F, 0xEC, 0x11, 0xC4, 0x4B, 0x4B, 0x2B, 0x35, 0x99, 0xD8, 0x6B,
    0x41, 0x16, 0xCF, 0x9E, 0x37, 0x2D, 0xE8, 0x58, 0xB7, 0x2D, 0x85, 0xF4, 0xA4, 0xCA, 0x99, 0x18,
    0xB9, 0x96, 0x17, 0x71, 0x84, 0x29, 0x6E, 0xB5, 0x5A, 0x34, 0x09, 0xFB, 0x4D, 0xE7, 0x6C, 0xD3,
    0xFD, 0x9B, 0xBD, 0x50, 0xBC, 0xF7, 0xE5, 0x20, 0x94, 0x7C, 0xD3, 0xB9, 0x87, 0x49, 0x3F, 0xEF,
    0x66, 0x6E, 0xB7, 0x9E, 0xDF, 0x77, 0x6E, 0xDF, 0x9E, 0xE2, 0xAD, 0xCE, 0x0D, 0x3E, 0x9D, 0x7A,
    0xAA, 0x48, 0x3D, 0xC3, 0xA9, 0xD4, 0x1F, 0xA9, 0x8C, 0x3F, 0xEA, 0x0F, 0x4F, 0xAD, 0x6F, 0x97,
    0x15, 0x15, 0x81, 0xCA, 0x40, 0xD4, 0x1F, 0x9E, 0x66, 0x9E, 0x2A, 0xD7, 0x2E, 0x27, 0x20, 0xE1,
    0x98, 0x72, 0xA8, 0xA1, 0x4C, 0x59, 0x68, 0xC9, 0x84, 0xAC, 0x29, 0x99, 0x29, 0xBC, 0x17, 0x10,
    0xCF, 0x9E, 0xB2, 0xFE, 0x3E, 0x74, 0x96, 0x29, 0x1A, 0x50, 0x21, 0x85, 0x36, 0x79, 0x73, 0x2C,
    0x6B, 0xB1, 0xE6, 0x2F, 0x0D, 0x65, 0x3D, 0x17, 0xEA, 0xB1, 0x39, 0x05, 0x3B, 0xDB, 0x40, 0xB5,
    0x2C, 0x28, 0x65, 0x8D, 0x77, 0x83, 0xBF, 0x9D, 0x8B, 0x30, 0x49, 0xD4, 0x67, 0x8B, 0xB2, 0xC6,
    0x60, 0xB4, 0x64, 0x95, 0x95, 0x35, 0x07, 0x12, 0xFA, 0x02, 0x34, 0xC0, 0xDF, 0x5E, 0xD6, 0x65,
    0x8D, 0xA4, 0x36, 0x63, 0xF5, 0x8C, 0x9E, 0x60, 0x41, 0xF2, 0xAA, 0xB2, 0xF2, 0x2C, 0x4B, 0x53,
    0xFE, 0x94, 0xE8, 0x84, 0x22, 0x9D, 0xEB, 0x19, 0x3C, 0x15, 0x9D, 0x73, 0x9B, 0xB4, 0x2A, 0xD4,
    0x6C, 0xD5, 0xE2, 0x6F, 0x2F, 0x6B, 0x9A, 0x19, 0x9F, 0x0A, 0x4D, 0x8A, 0x73, 0xB2, 0x54, 0xF9,
    0x26, 0x5D, 0x4E, 0xFC, 0xED, 0xB4, 0xB0, 0x39, 0x7F, 0x3B, 0x8D, 0x10, 0xE7, 0x6F, 0x27, 0xA1,
    0xCD, 0x39, 0x59, 0x28, 0xDB, 0xF1, 0x32, 0x7B, 0x19, 0x24, 0xBA, 0x97, 0xDE, 0x31, 0x27, 0xEF,
    0x44, 0xC6, 0x57, 0xE6, 0x40, 0x4B, 0x13, 0x73, 0x3A, 0x32, 0xA7, 0x9C, 0xE2, 0x13, 0x99, 0xCC,
    0x19, 0xA1, 0x34, 0x89, 0x65, 0x5B, 0x14, 0xE4, 0x33, 0xD4, 0x6B, 0x92, 0x8B, 0xD3, 0x4D, 0x98,
    0x92, 0xE1, 0x49, 0x91, 0x64, 0xC6, 0x79, 0xCA, 0x17, 0x07, 0x09, 0x2B, 0xBB, 0x27, 0xE3, 0x29,
    0x9B, 0x3C, 0xE5, 0x12, 0x8B, 0xE6, 0xFA, 0xAF, 0xD6, 0x11, 0xF5, 0x87, 0x23, 0x6D, 0x47, 0x77,
    0x9C, 0xBE, 0xBB, 0x74, 0x34, 0x1F, 0x1B, 0x47, 0xCB, 0x51, 0xBF, 0xC2, 0x14, 0xDF, 0x1D, 0x4B,
    0xF9, 0x59, 0x72, 0x7B, 0x7C, 0x5A, 0x28, 0xFD, 0xD2, 0xDF, 0x37, 0xFF, 0xD4, 0x53, 0x79, 0xD5,
    0x93, 0xFE, 0x85, 0xA7, 0x2A, 0xF2, 0x74, 0x3E, 0xD0, 0x53, 0x81, 0xD4, 0xF1, 0x49, 0x7B, 0x2B,
    0x61, 0x23, 0x85, 0xF5, 0xE3, 0x77, 0xC7, 0xAE, 0x3C, 0x28, 0xA5, 0x9E, 0xF3, 0x08, 0x3A, 0xFA,
    0x5C, 0x1D, 0x32, 0xD0, 0x37, 0x91, 0xDF, 0x33, 0xE0, 0x40, 0x16, 0xC3, 0x5A, 0x0A, 0xFA, 0x32,
    0x76, 0xCF, 0x5C, 0xDA, 0x38, 0xD4, 0xD7, 0xBE, 0xE9, 0x69, 0x1F, 0xFB, 0xB4, 0xB0, 0x7E, 0xB5,
    0xDB, 0x3B, 0xDA, 0xBF, 0x33, 0x0A, 0x45, 0x7B, 0xBD, 0x23, 0xB2, 0x0C, 0x3F, 0x14, 0x22, 0xCB,
    0x50, 0x09, 0x71, 0x7C, 0xB0, 0x3A, 0x48, 0xB0, 0x0C, 0x91, 0xAE, 0xEB, 0x22, 0x85, 0x13, 0x88,
    0x23, 0x85, 0xAC, 0x21, 0x70, 0xA4, 0x90, 0xB5, 0x86, 0x33, 0x12, 0x19, 0xAD, 0x5C, 0x64, 0x14,
    0x0B, 0xCD, 0x47, 0x1C, 0x19, 0xC5, 0x1A, 0xB6, 0xE3, 0x62, 0x86, 0x95, 0xBA, 0xC2, 0x92, 0xB9,
    0xF5, 0x04, 0xE5, 0x8B, 0xB3, 0xB3, 0x12, 0xAB, 0x1C, 0x95, 0xEC, 0xE1, 0x1C, 0x5D, 0x45, 0x95,
    0x66, 0x4B, 0x1D, 0x25, 0x6C, 0xD9, 0xC1, 0xD4, 0xB8, 0x03, 0x39, 0x72, 0xB1, 0x5F, 0x07, 0x5C,
    0xCB, 0x39, 0x6D, 0xD5, 0x51, 0xBC, 0xCA, 0x69, 0x9B, 0x02, 0x35, 0x81, 0xAA, 0x40, 0x67, 0x85,
    0x22, 0x9F, 0xCF, 0x7F, 0xEF, 0xBF, 0x87, 0xCC, 0xFE, 0xBB, 0x81, 0xC6, 0x43, 0xBD, 0xBA, 0xD6,
    0x47, 0x41, 0x07, 0x21, 0xED, 0x3F, 0x91, 0x9A, 0xDD, 0xC2, 0x7A, 0xD2, 0xBC, 0x46, 0x0A, 0x75,
    0xAE, 0xE0, 0xAE, 0xD9, 0x1B, 0x1C, 0xD9, 0xDB, 0x46, 0x88, 0xFA, 0x68, 0x12, 0xA2, 0x3E, 0xDA,
    0x16, 0xA2, 0x3E, 0xDA, 0x12, 0x42, 0xCF, 0x08, 0xC1, 0x7A, 0x4F, 0x99, 0xD0, 0x47, 0x42, 0xB0,
    0xDE, 0x65, 0x11, 0xDF, 0x92, 0x16, 0x27, 0x7A, 0x8E, 0xB7, 0x1A, 0x22, 0x3A, 0xCB, 0x11, 0x59,
    0x94, 0x57, 0x6F, 0xB9, 0x5E, 0xC8, 0xB9, 0x52, 0x4A, 0x71, 0xF1, 0xF5, 0x6B, 0xDC, 0x1F, 0xCA,
    0x51, 0xB2, 0xF4, 0x84, 0x71, 0x97, 0xB7, 0xE8, 0x2D, 0xDD, 0xBB, 0x3A, 0xAA, 0xBE, 0x69, 0x7D,
    0x1D, 0x95, 0x76, 0x75, 0x54, 0xD1, 0xC5, 0xA7, 0x7C, 0xBB, 0x2C, 0x7C, 0xEE, 0x4F, 0xBA, 0xF0,
    0xBB, 0x32, 0x3C, 0x0E, 0xF9, 0x91, 0x9D, 0x76, 0x8E, 0xA8, 0xED, 0xEF, 0x05, 0x1A, 0x43, 0x8E,
    0xDC, 0xE8, 0xF7, 0x80, 0x58, 0xF8, 0x1C, 0xB9, 0x7C, 0x45, 0xBD, 0xA7, 0xC2, 0xE5, 0xCD, 0xF5,
    0xF0, 0x71, 0x3B, 0xF2, 0xDA, 0x17, 0x35, 0xC0, 0x2D, 0xAC, 0x54, 0x1C, 0xA0, 0xFF, 0xA2, 0x75,
    0x64, 0x3F, 0xEF, 0x85, 0xA2, 0xFD, 0xCF, 0x06, 0xA1, 0x64, 0xEF, 0x53, 0xF7, 0xB3, 0xE4, 0x9B,
    0x45, 0x27, 0x94, 0x7D, 0xBE, 0x98, 0x09, 0xE5, 0xBF, 0x5F, 0x28, 0xA1, 0xE2, 0x2D, 0x4F, 0x3A,
    0xF5, 0x54, 0x05, 0x3A, 0x1F, 0xE8, 0xCF, 0x1C, 0x51, 0xDF, 0x09, 0x21, 0x2B, 0x4B, 0x08, 0x26,
    0xB8, 0x23, 0x5A, 0x25, 0xD2, 0xF0, 0x46, 0xC7, 0xA5, 0x55, 0x2F, 0x1C, 0xDF, 0xAF, 0x12, 0x07,
    0x1F, 0xCA, 0x26, 0xF2, 0x6E, 0xF5, 0x60, 0xB1, 0x48, 0x24, 0x1D, 0x4D, 0x2C, 0x54, 0xB4, 0x9E,
    0x56, 0x31, 0x5C, 0xB6, 0x93, 0xA1, 0x2E, 0x46, 0xF6, 0xBF, 0x3A, 0x9B, 0x24, 0x61, 0x4F, 0x30,
    0x32, 0x4D, 0x72, 0xCB, 0x35, 0xB7, 0xEC, 0x47, 0x79, 0x9B, 0x17, 0x24, 0xD2, 0x7E, 0x9B, 0x4B,
    0x4B, 0xB6, 0x44, 0x62, 0xAB, 0x6B, 0x5C, 0xCA, 0x34, 0x99, 0xD1, 0x35, 0x8D, 0xD5, 0xB9, 0xD9,
    0xD2, 0x3D, 0x59, 0xFF, 0x3D, 0xAD, 0xF1, 0x7F, 0x6A, 0x5B, 0x24, 0xF8, 0x92, 0x4D, 0x82, 0xA8,
    0x70, 0x1D, 0x4F, 0xB4, 0xC6, 0xE7, 0x5C, 0xD6, 0x66, 0xD2, 0x2F, 0x8D, 0x14, 0xAE, 0xBD, 0x40,
    0x36, 0x49, 0x2C, 0xC6, 0x67, 0xF9, 0x46, 0x88, 0xEB, 0x46, 0x9E, 0x6C, 0xA0, 0xD7, 0x02, 0xBD,
    0x18, 0x48, 0x3D, 0x71, 0x42, 0x2F, 0x94, 0x4E, 0x0D, 0x2E, 0x67, 0x8F, 0xB7, 0xD7, 0xD0, 0x8A,
    0x1E, 0xBC, 0x83, 0x0F, 0xAF, 0xD9, 0x53, 0xD8, 0x8F, 0xCA, 0x25, 0x9D, 0x28, 0xAD, 0x3F, 0x70,
    0xFE, 0x8D, 0x49, 0xBF, 0xED, 0x3C, 0xEF, 0x46, 0x5F, 0x92, 0x38, 0x5A, 0x36, 0xE8, 0x37, 0x25,
    0x43, 0xA6, 0xEC, 0xB8, 0xE5, 0xD9, 0x03, 0x4E, 0x2D, 0xBF, 0xE0, 0x19, 0x0E, 0xBF, 0xCB, 0x20,
    0x9E, 0x31, 0x5D, 0x4B, 0x0A, 0x09, 0x5A, 0x19, 0xBE, 0xE1, 0x48, 0x5C, 0x5F, 0x7A, 0x90, 0x8D,
    0x06, 0xD0, 0xAF, 0xBC, 0x41, 0xA4, 0x66, 0x47, 0x12, 0xF2, 0x4D, 0xF1, 0xCC, 0x4D, 0x5B, 0xBA,
    0xA7, 0x2F, 0x66, 0x27, 0x1C, 0x49, 0xA9, 0xF8, 0x8F, 0xEE, 0x97, 0xE8, 0x67, 0xE4, 0xD1, 0x58,
    0x14, 0xFC, 0x47, 0x1A, 0xC4, 0xF0, 0x57, 0x54, 0xA8, 0x7D, 0x9C, 0x61, 0x45, 0xC0, 0x0A, 0x54,
    0xB6, 0x19, 0x9B, 0x7E, 0xD8, 0x9F, 0x23, 0x61, 0xAF, 0x98, 0x9E, 0x65, 0xB0, 0xED, 0x91, 0x5C,
    0x0F, 0x75, 0xB1, 0x11, 0x45, 0x1F, 0xBF, 0x68, 0x59, 0xCE, 0xC5, 0xD8, 0x62, 0x04, 0x0B, 0x5B,
    0xAD, 0xBE, 0xA6, 0x93, 0xBC, 0x77, 0xFA, 0xD4, 0xB1, 0xBD, 0xC9, 0x45, 0xF0, 0x1C, 0x6F, 0xA2,
    0x63, 0x7B, 0xA7, 0xCB, 0x10, 0xC5, 0x5B, 0xA3, 0x7F, 0x7C, 0xFF, 0x83, 0x7B, 0xEF, 0xFF, 0xBD,
    0xEC, 0xDC, 0xE0, 0xE2, 0x7E, 0x1B, 0xE9, 0xB7, 0xAF, 0xFE, 0xF2, 0x7F, 0xBD, 0xFA, 0x97, 0xE6,
    0x88, 0xAB, 0x3C, 0xF8, 0xDC, 0x15, 0xAD, 0xEE, 0xB6, 0xE1, 0x2A, 0x3C, 0x3F, 0x6B, 0x1F, 0x47,
    0xB4, 0xC7, 0x8D, 0x23, 0xB2, 0x8D, 0x9B, 0x86, 0xFA, 0x3C, 0xBD, 0x8A, 0x23, 0x1E, 0xCE, 0x59,
    0x2C, 0x42, 0x9D, 0x57, 0x36, 0xF3, 0x39, 0x8B, 0x6B, 0x2D, 0x94, 0x87, 0x26, 0xDD, 0x48, 0xAD,
    0xD7, 0x8F, 0x1E, 0x42, 0x9B, 0xCE, 0xFD, 0x47, 0x64, 0x27, 0x7E, 0xF0, 0xF0, 0x73, 0x57, 0xC7,
    0x6D, 0xB8, 0xCA, 0x23, 0x7B, 0x43, 0x37, 0xD5, 0x0A, 0x1E, 0x11, 0xA9, 0x29, 0x43, 0x96, 0x68,
    0xF3, 0xF6, 0xCD, 0xD0, 0xE2, 0x5F, 0x86, 0x2C, 0xD1, 0x4E, 0x5A, 0xBC, 0x82, 0xB7, 0xD1, 0x67,
    0x89, 0x76, 0x21, 0x4B, 0x94, 0x4C, 0xFE, 0x81, 0xF7, 0x55, 0xC5, 0xD8, 0xB7, 0x75, 0x89, 0x16,
    0xEF, 0x42, 0x96, 0x28, 0x0C, 0x5D, 0x89, 0xDC, 0x76, 0x21, 0x4B, 0xB4, 0xDB, 0x50, 0x49, 0xF8,
    0x98, 0x91, 0xA9, 0x63, 0x54, 0x7B, 0x7A, 0x05, 0x4E, 0xDF, 0xF8, 0x07, 0x17, 0xBB, 0x6F, 0x5E,
    0x71, 0xF1, 0xA8, 0x64, 0xCA, 0x17, 0x6E, 0x5C, 0x61, 0x6B, 0x46, 0xFF, 0x96, 0x8B, 0x5C, 0xEA,
    0x3E, 0x7D, 0x2E, 0x6C, 0x21, 0xE3, 0x6A, 0xE0, 0xF4, 0x74, 0x1E, 0x57, 0xB3, 0x42, 0xE2, 0x6F,
    0x31, 0xB5, 0xAE, 0x71, 0x7B, 0x57, 0x0D, 0xF0, 0x83, 0x23, 0x23, 0x20, 0xED, 0x7E, 0xE0, 0x76,
    0x79, 0x6D, 0x67, 0x7E, 0x0F, 0xD8, 0x56, 0xAD, 0x53, 0xEF, 0x5F, 0xF9, 0x21, 0x74, 0x8F, 0x47,
    0xC4, 0xC1, 0x73, 0x1F, 0xFD, 0x2A, 0x9B, 0xCE, 0xDD, 0x74, 0x15, 0x7E, 0xFD, 0x1F, 0x4A, 0x2E,
    0xB6, 0x6C, 0xC1, 0xC4, 0x34, 0x05, 0x5A, 0x06, 0x32, 0x9E, 0xA2, 0x40, 0x71, 0x20, 0x97, 0x30,
    0x82, 0x5C, 0xFB, 0xC1, 0x53, 0x16, 0x46, 0x62, 0x1E, 0xFC, 0x89, 0x4C, 0x83, 0xAF, 0xCC, 0x49,
    0x59, 0x7D, 0xD7, 0xB2, 0x41, 0x40, 0x0A, 0x45, 0x7E, 0x9B, 0xBD, 0xD6, 0x28, 0xB8, 0x91, 0x2D,
    0x8F, 0xC6, 0x78, 0x22, 0x93, 0x00, 0x49, 0xB0, 0xC8, 0x5E, 0x9C, 0x78, 0x87, 0xB6, 0x29, 0x1B,
    0xC5, 0x38, 0xD0, 0x64, 0xE4, 0xD3, 0x03, 0xCE, 0x59, 0xCB, 0xBD, 0x4C, 0xF4, 0x94, 0x2B, 0x70,
    0xE1, 0xC7, 0x9F, 0xEE, 0x4E, 0xB2, 0x5B, 0x6E, 0x74, 0x6F, 0x6C, 0x66, 0x9C, 0xA3, 0x9E, 0x7C,
    0x37, 0x6A, 0xD9, 0x74, 0x83, 0x2B, 0x0F, 0x38, 0x11, 0x21, 0xFB, 0x6A, 0x3C, 0x21, 0x11, 0x7B,
    0xE4, 0x9C, 0xA8, 0x0C, 0x85, 0xC2, 0xF0, 0x2B, 0xA8, 0xFC, 0xF3, 0xDE, 0xD5, 0x1B, 0x14, 0xD7,
    0xE9, 0x63, 0x9B, 0x7D, 0xB9, 0x64, 0xBC, 0x8B, 0xA7, 0xB7, 0xC2, 0x4D, 0x4E, 0x48, 0x5B, 0x61,
    0xD5, 0x8B, 0xD9, 0x63, 0xAD, 0x25, 0xB1, 0x24, 0x1B, 0xB9, 0x58, 0x0A, 0xF9, 0x25, 0x3D, 0x47,
    0x78, 0xE0, 0xDF, 0x6D, 0x79, 0xC3, 0x11, 0xD4, 0x1B, 0x48, 0x2D, 0x70, 0x3C, 0xCA, 0xA6, 0x1F,
    0x5C, 0x79, 0xD0, 0x89, 0x40, 0x88, 0x07, 0xD9, 0x42, 0x83, 0x77, 0x87, 0x51, 0xFF, 0x47, 0x79,
    0xEF, 0x93, 0xF1, 0x14, 0x05, 0x72, 0xA9, 0x3C, 0x6E, 0x53, 0x30, 0x47, 0xBD, 0xA7, 0x2C, 0x50,
    0x1E, 0xB2, 0x8B, 0x72, 0x5F, 0x1F, 0x25, 0xFB, 0x57, 0x32, 0xB1, 0x57, 0x03, 0x33, 0x6A, 0xD9,
    0xB8, 0xD8, 0xE2, 0x40, 0x2F, 0xC4, 0x94, 0xA2, 0xC5, 0x99, 0x32, 0x54, 0xD4, 0x97, 0xB2, 0xD6,
    0xA7, 0xBD, 0xA7, 0xFA, 0xB2, 0x50, 0x69, 0x17, 0xCE, 0x3B, 0xA3, 0xF7, 0xFD, 0xC6, 0x95, 0xFA,
    0x3B, 0xBF, 0x39, 0x50, 0x33, 0x78, 0xDA, 0x1F, 0xFE, 0x93, 0x88, 0xFE, 0x78, 0x6F, 0xF8, 0x67,
    0xBE, 0x3A, 0xDD, 0xED, 0x8B, 0x63, 0xD2, 0x9B, 0x83, 0xF3, 0xF1, 0xE4, 0xD7, 0x3D, 0x95, 0x81,
    0xF4, 0xCB, 0x81, 0x12, 0x4F, 0x3F, 0x0F, 0xF4, 0x54, 0x20, 0xF5, 0xA4, 0x29, 0x1E, 0x0E, 0xC4,
    0x5C, 0xB5, 0x7A, 0x4C, 0xF2, 0xD9, 0x13, 0x6B, 0x24, 0x45, 0x9C, 0x3C, 0x2B, 0x86, 0x60, 0x61,
    0x1C, 0x22, 0xE9, 0x48, 0x6F, 0x61, 0xCC, 0xB1, 0x59, 0x6A, 0x8B, 0xD4, 0x08, 0x47, 0x85, 0xF1,
    0x54, 0x4E, 0x9E, 0x68, 0xF9, 0x0B, 0xD4, 0x3A, 0x6A, 0xF6, 0x3A, 0x47, 0xFB, 0xBB, 0xBD, 0x50,
    0xB4, 0x77, 0x7B, 0x14, 0x72, 0x3B, 0x67, 0x10, 0x91, 0xED, 0x77, 0x51, 0x08, 0xB6, 0xDF, 0x8A,
    0x1A, 0xD9, 0xA1, 0xF3, 0x65, 0x4F, 0xB0, 0xCF, 0x85, 0xE6, 0xEE, 0x2D, 0x8B, 0x76, 0x2B, 0xD0,
    0xCF, 0x02, 0x6D, 0x68, 0x8D, 0x2E, 0x90, 0x39, 0x44, 0xB3, 0x40, 0x75, 0x6C, 0xC2, 0x1E, 0x86,
    0x8E, 0x8A, 0x10, 0x49, 0x67, 0x07, 0x57, 0xD2, 0x1D, 0x63, 0x4F, 0x13, 0xB7, 0x8B, 0xE5, 0x26,
    0x52, 0x45, 0x9D, 0x6D, 0x24, 0xCE, 0xA2, 0x3E, 0x92, 0x64, 0x27, 0x13, 0xA6, 0x7C, 0x0C, 0xB4,
    0xF4, 0x54, 0x5A, 0x4F, 0x1A, 0x3B, 0x9A, 0x3A, 0xEA, 0x1C, 0x55, 0xBB, 0xBD, 0x23, 0x7B, 0xC7,
    0x5F, 0xCF, 0xF6, 0x93, 0x3C, 0x55, 0xBC, 0xDF, 0x4B, 0xED, 0x01, 0x22, 0xE9, 0x5B, 0x42, 0xD4,
    0x1F, 0xA7, 0x65, 0xEB, 0xBD, 0xFC, 0xB3, 0xDE, 0x6D, 0xC7, 0x07, 0x5B, 0x5C, 0xB3, 0x0B, 0x5B,
    0xF6, 0x98, 0x51, 0x2E, 0xB3, 0x5A, 0x68, 0x0A, 0xB4, 0x15, 0xE8, 0x39, 0x4F, 0xEE, 0x2D, 0x95,
    0x6B, 0xF1, 0x83, 0x14, 0x05, 0x92, 0x1C, 0x6B, 0xDE, 0x1C, 0x64, 0x08, 0xAD, 0x26, 0xAE, 0x80,
    0x90, 0x59, 0x1D, 0xBB, 0x7D, 0x30, 0x56, 0xBD, 0xB0, 0xB9, 0x3F, 0x12, 0xD9, 0x62, 0xFA, 0x28,
    0x92, 0x1B, 0x3E, 0x90, 0xD0, 0xF6, 0x69, 0x20, 0xB4, 0xA7, 0x10, 0x22, 0xE1, 0xCA, 0xD5, 0xB8,
    0xCA, 0xF6, 0x59, 0xBC, 0x4B, 0x26, 0x6A, 0x08, 0x68, 0xD5, 0xB0, 0x62, 0xE3, 0x15, 0x4B, 0x2C,
    0xEB, 0x19, 0x87, 0x19, 0xBD, 0xEF, 0x44, 0xDB, 0x6B, 0x4E, 0xEB, 0x6C, 0xF6, 0xBD, 0x66, 0x61,
    0x77, 0x77, 0xA5, 0x46, 0x27, 0xDA, 0xBB, 0xB3, 0x2F, 0x35, 0x26, 0xD4, 0x0B, 0xEE, 0x67, 0xC9,
    0xCD, 0x7E, 0xF6, 0xBA, 0x54, 0x44, 0x60, 0x2E, 0xB0, 0xBD, 0xC9, 0xBD, 0x30, 0xE3, 0x8D, 0x4B,
    0x5E, 0x16, 0x4F, 0x47, 0xC7, 0x1E, 0x91, 0x9C, 0x9D, 0x1D, 0x73, 0xF1, 0x4B, 0x51, 0x03, 0xA1,
    0x17, 0xC8, 0x66, 0xA4, 0xB5, 0x82, 0x67, 0x45, 0xF3, 0xB6, 0xF1, 0x15, 0x00, 0xAC, 0xE0, 0x71,
    0xC4, 0x20, 0xEC, 0x83, 0xC1, 0x35, 0x11, 0x6E, 0x6F, 0x8C, 0x51, 0x28, 0xB3, 0xB7, 0x64, 0xA7,
    0x90, 0xC8, 0x4E, 0x09, 0xF6, 0x63, 0x48, 0xFA, 0xC6, 0xF6, 0xFC, 0xFB, 0xA4, 0x97, 0xDC, 0x71,
    0x10, 0xE7, 0x3E, 0x55, 0x74, 0xD3, 0xEE, 0x45, 0x36, 0xB0, 0xEF, 0x9F, 0x1F, 0xE5, 0x5B, 0xFE,
    0x6E, 0xFA, 0x5F, 0x7B, 0xAA, 0x52, 0x4F, 0x53, 0xA0, 0xA5, 0xA7, 0xD8, 0x78, 0x42, 0xDC, 0xC7,
    0x3D, 0x4B, 0xEF, 0x29, 0xEF, 0x52, 0xB1, 0xC5, 0xC7, 0xB2, 0xF5, 0xA4, 0x03, 0x59, 0x26, 0x3A,
    0x3C, 0x76, 0x94, 0xF7, 0x69, 0xA0, 0x82, 0x08, 0x9E, 0x94, 0xA2, 0xD7, 0x37, 0x84, 0x4A, 0xA3,
    0x5F, 0x01, 0xC1, 0xDF, 0xFE, 0x4C, 0x2E, 0xC7, 0x55, 0xD8, 0xA1, 0x29, 0x95, 0x02, 0xC9, 0xD6,
    0xD1, 0xFE, 0x5E, 0x27, 0x14, 0xED, 0xEE, 0xF6, 0x42, 0xD4, 0x47, 0x46, 0x28, 0xFD, 0xAC, 0x1F,
    0x85, 0xA8, 0x8F, 0x5E, 0x08, 0xE4, 0xAE, 0x82, 0x3E, 0x12, 0xAA, 0x12, 0x4F, 0x3B, 0x81, 0xB6,
    0x3C, 0xBD, 0x7B, 0xDA, 0x93, 0x78, 0x11, 0x8F, 0xA2, 0x2B, 0x81, 0x8C, 0x27, 0x57, 0xAB, 0x00,
    0xAF, 0xDB, 0x28, 0x14, 0xFB, 0x39, 0x83, 0x4D, 0x1A, 0x2F, 0xAF, 0x47, 0x6E, 0x87, 0xF5, 0x4C,
    0xDE, 0x67, 0x02, 0xE9, 0x10, 0x35, 0xE7, 0xBF, 0x5A, 0xE0, 0x6A, 0xE7, 0x3C, 0x45, 0xAC, 0xD2,
    0x4A, 0x15, 0xE7, 0xE8, 0x89, 0x7F, 0x1D, 0xBB, 0x64, 0x00, 0xDE, 0x77, 0xD5, 0x27, 0xE3, 0x12,
    0x9D, 0xBA, 0xFC, 0xB4, 0x23, 0x19, 0xF9, 0x49, 0x88, 0xD6, 0xAF, 0x28, 0x93, 0x2A, 0xF1, 0x9F,
    0xB1, 0x17, 0x51, 0x73, 0x9D, 0x3F, 0x7C, 0xF0, 0x44, 0x5C, 0x2B, 0x4E, 0x32, 0x8C, 0x6D, 0x5D,
    0x5A, 0xD9, 0x3B, 0x50, 0xC3, 0xD9, 0xBD, 0x20, 0x1A, 0xFB, 0xF3, 0xD1, 0x6C, 0x67, 0x3C, 0xDC,
    0xA7, 0xF1, 0xCA, 0x9C, 0xE7, 0x21, 0x69, 0x5A, 0x2F, 0xEC, 0xC0, 0x29, 0xB8, 0x40, 0x4E, 0xAF,
    0x01, 0xF5, 0xE9, 0x57, 0x42, 0x69, 0x9F, 0xFF, 0x61, 0x8C, 0x40, 0xC9, 0x50, 0x5C, 0x1B, 0xE3,
    0x91, 0x8B, 0xB1, 0xF5, 0x4B, 0x63, 0x32, 0x60, 0x33, 0x37, 0xA3, 0xE3, 0x31, 0xED, 0xE9, 0x09,
    0xDE, 0x30, 0x3F, 0xA7, 0xDF, 0x75, 0x59, 0x9F, 0x0C, 0x97, 0x9F, 0xA2, 0x9F, 0x2D, 0x32, 0xDE,
    0x91, 0x89, 0xDE, 0x72, 0x16, 0x48, 0x1D, 0xA0, 0xDE, 0x53, 0xEA, 0x28, 0x65, 0xEB, 0x49, 0xAA,
    0x10, 0x11, 0x7D, 0x95, 0xF6, 0x73, 0x15, 0x87, 0x87, 0x7A, 0x61, 0xF3, 0xFA, 0x21, 0x9E, 0xD9,
    0xD9, 0x11, 0xC4, 0xF2, 0xAE, 0x14, 0x4A, 0x0F, 0x90, 0xAB, 0x90, 0x5E, 0x10, 0xB1, 0xC7, 0x30,
    0x6B, 0xD7, 0x48, 0xCB, 0xCA, 0x9E, 0xB3, 0xC0, 0xCA, 0xC4, 0x12, 0xD4, 0xE2, 0x3B, 0x74, 0x34,
    0x78, 0x82, 0x6E, 0x48, 0x26, 0x94, 0x96, 0xDD, 0x71, 0x8A, 0x1A, 0x7F, 0x41, 0x46, 0xDB, 0x5F,
    0xB8, 0x4A, 0xC2, 0xC6, 0x5E, 0x75, 0x64, 0xF7, 0xBE, 0x74, 0xB4, 0xC7, 0x3E, 0x78, 0xF5, 0xBA,
    0x8A, 0x77, 0x6F, 0x33, 0xED, 0x40, 0x72, 0xB5, 0x42, 0x5C, 0x99, 0xA3, 0xB1, 0x33, 0x3A, 0xFB,
    0xDB, 0x2F, 0xF0, 0x8E, 0x9D, 0xA8, 0xCC, 0xD9, 0xE6, 0x3C, 0x58, 0x3C, 0xF3, 0xEB, 0x20, 0x2E,
    0x03, 0xDD, 0x01, 0xF1, 0x7A, 0x7E, 0x05, 0xF4, 0x9C, 0x78, 0xDE, 0x95, 0x91, 0x77, 0x5B, 0x27,
    0xCE, 0x0F, 0xC1, 0x56, 0x4A, 0x9E, 0xA2, 0x51, 0xDA, 0xBD, 0xD7, 0x41, 0xE3, 0xD9, 0x44, 0x87,
    0x5B, 0x7C, 0xB5, 0xFB, 0xCF, 0x5A, 0x25, 0xFA, 0xB0, 0x46, 0xB9, 0xDB, 0x65, 0xC9, 0x51, 0x17,
    0xA8, 0x75, 0xC7, 0x45, 0xD6, 0x9F, 0x01, 0x2F, 0xA0, 0x10, 0x92, 0x0C, 0x41, 0x3F, 0x45, 0x26,
    0x25, 0xE7, 0xB7, 0xEB, 0x3F, 0x48, 0x21, 0x21, 0xF6, 0x6E, 0x37, 0x8E, 0x64, 0xA7, 0x3E, 0xFE,
    0x73, 0x0E, 0x2C, 0x48, 0xD9, 0xFD, 0x24, 0xDB, 0x2F, 0xC9, 0xE6, 0x5D, 0x62, 0x0F, 0xFA, 0xDA,
    0x41, 0xE7, 0xCB, 0x5D, 0x72, 0xA6, 0x89, 0x50, 0x85, 0x3F, 0x25, 0xC4, 0xEF, 0xD6, 0xEC, 0x71,
    0x8E, 0x14, 0x4D, 0xB1, 0xFD, 0x6F, 0x39, 0xCF, 0x97, 0x86, 0xCD, 0xDE, 0x80, 0xDC, 0x3C, 0xA9,
    0x3C, 0x78, 0x9D, 0xB3, 0x89, 0x48, 0xD3, 0x1A, 0x5E, 0x04, 0x11, 0x8B, 0x96, 0x4B, 0xDA, 0x82,
    0xA7, 0xC6, 0xEB, 0xBB, 0xAD, 0x21, 0x79, 0x25, 0xF4, 0x2C, 0xAD, 0x29, 0x83, 0xCB, 0xD5, 0xDD,
    0x0A, 0xF4, 0x5C, 0x20, 0xF5, 0x3D, 0x49, 0xA6, 0x07, 0xFF, 0x4C, 0xD2, 0x67, 0xB9, 0x1A, 0x61,
    0x79, 0x38, 0xFE, 0x71, 0xA0, 0xDF, 0x9E, 0xF5, 0xF4, 0x13, 0xBF, 0xEB, 0xD5, 0x6F, 0x5C, 0x3C,
    0xEA, 0xC7, 0x32, 0x26, 0x79, 0x3F, 0x00, 0xDE, 0x1A, 0x40, 0xC8, 0xAD, 0x6F, 0xFF, 0xF3, 0xA2,
    0x9E, 0x05, 0x9D, 0x70, 0xE6, 0x7A, 0xE1, 0x30, 0xF9, 0x6D, 0x45, 0x53, 0x7F, 0x1C, 0x57, 0xB3,
    0x49, 0x9F, 0xE7, 0x26, 0xD0, 0xE4, 0x09, 0x69, 0xA2, 0x72, 0x1C, 0xEF, 0x8E, 0x25, 0x04, 0x9B,
    0x84, 0xA9, 0xDA, 0x1D, 0xFD, 0xF6, 0xFF, 0xB7, 0xFD, 0xE6, 0x13, 0xFB, 0xFD, 0x20, 0x14, 0xEF,
    0xF6, 0x2F, 0x08, 0xD1, 0x9A, 0x22, 0x96, 0xF2, 0x48, 0x6B, 0x8A, 0x23, 0x9A, 0x33, 0x8E, 0x8A,
    0x4B, 0xE1, 0x99, 0x93, 0xC3, 0x74, 0x2E, 0xD0, 0x53, 0x81, 0xD4, 0x23, 0x51, 0xE5, 0x28, 0x97,
    0x54, 0xB1, 0x03, 0xE4, 0x23, 0xBC, 0xEF, 0x1E, 0xDE, 0x73, 0x14, 0xBD, 0x75, 0x42, 0xFD, 0xB9,
    0x23, 0xCD, 0xDB, 0xE5, 0x33, 0xD5, 0x7E, 0xAF, 0x21, 0x32, 0xF4, 0x5A, 0xD7, 0xAB, 0xB2, 0xE9,
    0x2D, 0x7A, 0x5A, 0xCA, 0x51, 0x06, 0x58, 0xF9, 0x90, 0x46, 0xB0, 0x2A, 0x65, 0x5B, 0x36, 0xEA,
    0x85, 0xC4, 0xB8, 0x1D, 0xCC, 0x26, 0xF9, 0x31, 0x28, 0x93, 0x62, 0x3D, 0x57, 0xC7, 0xD2, 0xF0,
    0x9C, 0x29, 0x65, 0x1F, 0x00, 0xF6, 0x89, 0xEF, 0x20, 0x99, 0x83, 0x56, 0x12, 0x8B, 0x4B, 0x23,
    0x92, 0xFE, 0x12, 0x38, 0xC3, 0x76, 0x42, 0xD7, 0x4D, 0xB4, 0x14, 0x65, 0xB2, 0x1B, 0xB0, 0xCA,
    0xB4, 0xAA, 0xDA, 0xEF, 0x4F, 0x4B, 0x45, 0x62, 0xF3, 0x9D, 0x71, 0xF3, 0x75, 0x7F, 0x70, 0xAB,
    0x15, 0xD9, 0x88, 0x8D, 0xC4, 0x54, 0x68, 0xCE, 0x9C, 0xE7, 0x74, 0x43, 0x45, 0x73, 0xE6, 0x67,
    0x2E, 0x99, 0xFE, 0x3A, 0xBF, 0x1B, 0x47, 0xA6, 0x06, 0xDE, 0x27, 0x79, 0x21, 0x73, 0xC6, 0xF2,
    0x5E, 0xE9, 0xF2, 0x46, 0xF4, 0x79, 0x5E, 0x1E, 0x9D, 0xFE, 0x9D, 0x83, 0x75, 0x2C, 0xEE, 0x0C,
    0x67, 0x1D, 0x37, 0xE1, 0x3D, 0x2A, 0xA6, 0xB2, 0xFD, 0xB5, 0x93, 0x2F, 0x55, 0x90, 0x2A, 0x36,
    0x48, 0x9A, 0xC6, 0x4E, 0x17, 0x79, 0xE9, 0x52, 0xD5, 0x3B, 0xE2, 0xB7, 0x18, 0x38, 0xD3, 0x3A,
    0x3E, 0xB0, 0xF3, 0xEB, 0xFD, 0xF3, 0x23, 0xF3, 0x74, 0xCA, 0x47, 0x69, 0x7F, 0xE3, 0xEC, 0x8F,
    0x32, 0xCC, 0x0F, 0x1D, 0xE6, 0x87, 0x9E, 0xDE, 0xF3, 0xB6, 0xCB, 0xCA, 0x8A, 0xF1, 0xAE, 0x5C,
    0x73, 0x34, 0xA9, 0x34, 0x9C, 0x91, 0xB9, 0xEA, 0x9F, 0x9A, 0x6D, 0x12, 0x37, 0x3F, 0xAC, 0xBC,
    0x11, 0xF6, 0xCE, 0xAF, 0x2B, 0xCD, 0xA3, 0x4D, 0xEF, 0xB7, 0x55, 0x29, 0xAB, 0xCB, 0x6E, 0x5F,
    0xE5, 0x9C, 0xAA, 0xD5, 0xDC, 0x19, 0x41, 0x73, 0xAE, 0xF1, 0xAC, 0x32, 0xA4, 0x3E, 0x46, 0xBB,
    0xFD, 0x47, 0x73, 0xDE, 0x25, 0x11, 0xBB, 0x5D, 0xCE, 0x79, 0x37, 0x4A, 0x5A, 0x53, 0x50, 0xF5,
    0x4F, 0xF7, 0xCC, 0x78, 0x77, 0x45, 0x83, 0xA4, 0xBC, 0xEB, 0x50, 0x85, 0xA6, 0x62, 0xC1, 0x9A,
    0x16, 0x49, 0x2D, 0xDD, 0xBA, 0xDD, 0x15, 0xE1, 0x8B, 0x7D, 0x9D, 0xF7, 0xB3, 0x44, 0x2A, 0xEB,
    0x16, 0xEF, 0xB3, 0x08, 0x95, 0xFC, 0x0C, 0xEF, 0xB3, 0x28, 0x9E, 0x45, 0xAC, 0xDB, 0xE5, 0xC4,
    0x84, 0xDE, 0x93, 0x5D, 0x27, 0xE1, 0x86, 0x83, 0x73, 0x2E, 0xE9, 0x8B, 0xB6, 0x40, 0xC4, 0x85,
    0xF7, 0x59, 0x6C, 0x7A, 0x4E, 0xD3, 0xEB, 0x2B, 0xE4, 0xE8, 0x59, 0x58, 0x27, 0x16, 0x82, 0x59,
    0x63, 0x4D, 0xB9, 0xE2, 0xD2, 0x8A, 0xE2, 0xFE, 0x59, 0xCE, 0xB4, 0xBF, 0x7C, 0xDF, 0xDF, 0xF6,
    0x08, 0xFF, 0x9D, 0xC4, 0x1D, 0xF9, 0xC8, 0xFF, 0xFD, 0xFF, 0x75, 0xBD, 0x5F, 0xC9, 0x7F, 0xFF,
    0xED, 0x9A, 0x1B, 0xF5, 0x49, 0xFD, 0x57, 0x72, 0xD0, 0x12, 0x92, 0x28, 0x3F, 0xF5, 0x82, 0x56,
    0xEA, 0x56, 0x7C, 0x89, 0x23, 0x07, 0xC6, 0xBD, 0xB7, 0xB0, 0x72, 0xB9, 0x41, 0x6E, 0x0F, 0x59,
    0x29, 0x19, 0xC7, 0xE0, 0x12, 0x59, 0x0C, 0x48, 0xD6, 0x61, 0x82, 0x72, 0x81, 0x4B, 0x6D, 0x03,
    0xE0, 0x30, 0x9D, 0x03, 0x70, 0x07, 0x06, 0x2E, 0x75, 0x04, 0x40, 0xC2, 0x01, 0xF8, 0x4F, 0xAC,
    0xF0, 0x4F, 0xF0, 0x17, 0x5C, 0x76, 0x00, 0x67, 0xCE, 0x39, 0x80, 0x1A, 0xBA, 0xAC, 0x38, 0xED,
    0x60, 0xE6, 0x80, 0x2E, 0x24, 0x40, 0x43, 0xD0, 0xF0, 0x31, 0x34, 0x3E, 0x05, 0xE2, 0xA5, 0x03,
    0x14, 0x6E, 0x0B, 0xE8, 0xDA, 0x01, 0xAD, 0xAB, 0x02, 0xCF, 0x44, 0x0E, 0x54, 0x80, 0x78, 0xBC,
    0x1F, 0x92, 0xA1, 0x92, 0x70, 0xC5, 0x0A, 0x7A, 0x07, 0x59, 0xCF, 0x1B, 0x7F, 0x9D, 0x54, 0x45,
    0xB7, 0xED, 0xAA, 0x4C, 0xDA, 0x6D, 0x1F, 0xD8, 0xF8, 0x95, 0xC0, 0x5D, 0xA9, 0xC8, 0x88, 0xD9,
    0xAD, 0xF7, 0x9A, 0xDF, 0x09, 0x11, 0x52, 0xF4, 0x22, 0x32, 0x75, 0x6B, 0x52, 0x4C, 0x32, 0x58,
    0x53, 0xA8, 0xFA, 0xA1, 0xFF, 0x8A, 0x3B, 0x34, 0x1B, 0x64, 0xF2, 0xCC, 0xF0, 0x67, 0xE2, 0x06,
    0xFE, 0xCB, 0x39, 0xD8, 0xE0, 0x12, 0x5B, 0x9C, 0xA1, 0x0F, 0xDE, 0x45, 0x91, 0xDF, 0xCC, 0x27,
    0x7A, 0x6A, 0xE7, 0xAD, 0x35, 0xEA, 0xB4, 0xF3, 0xD6, 0x4E, 0x6A, 0xAD, 0x3C, 0x97, 0x45, 0x37,
    0x0B, 0x08, 0x16, 0xEC, 0xAC, 0xBA, 0xB3, 0xD8, 0xE1, 0x7B, 0x66, 0x92, 0xC8, 0x20, 0x06, 0x2C,
    0x47, 0xF6, 0x39, 0x6B, 0x0D, 0x24, 0xBA, 0xBD, 0x93, 0x75, 0x58, 0xA1, 0xE4, 0xAF, 0x13, 0x34,
    0x6E, 0x9C, 0x2C, 0xF9, 0xB6, 0x20, 0xCB, 0x52, 0x9C, 0xAD, 0xAB, 0xB7, 0x46, 0x47, 0xFA, 0x46,
    0x1F, 0xC2, 0x23, 0xAD, 0x23, 0xD9, 0xE3, 0x90, 0xED, 0x36, 0x2B, 0x62, 0xEB, 0x69, 0xB7, 0x5D,
    0x32, 0xB6, 0x76, 0xC9, 0x65, 0xBB, 0xE4, 0x5D, 0xEB, 0x76, 0xDB, 0x46, 0x8E, 0xB8, 0xFD, 0x44,
    0xFE, 0x56, 0x60, 0x97, 0xDA, 0x98, 0x3D, 0xB4, 0x16, 0xB9, 0xCD, 0x70, 0xCA, 0x17, 0x23, 0x0C,
    0x22, 0x2C, 0xF8, 0x7A, 0x81, 0x4F, 0x6C, 0x45, 0x9D, 0xF3, 0x46, 0x73, 0xD0, 0x5A, 0x4E, 0x48,
    0x71, 0x39, 0xEF, 0x74, 0xF0, 0x73, 0xBF, 0x9B, 0xD1, 0xC1, 0xAF, 0x6D, 0xE5, 0xB3, 0x30, 0x9A,
    0x50, 0xC1, 0xD4, 0x88, 0x16, 0x19, 0xBF, 0xFF, 0xBE, 0x7D, 0xFF, 0xFD, 0xCB, 0x74, 0x8D, 0xC4,
    0x45, 0x62, 0x8A, 0xDE, 0x53, 0xBA, 0x4A, 0xB1, 0x9D, 0x3C, 0xF1, 0x9F, 0x1B, 0x12, 0x3A, 0xAB,
    0x56, 0x89, 0xE7, 0x2B, 0x7A, 0xF5, 0xD5, 0xE6, 0xD5, 0x57, 0x7D, 0x49, 0x52, 0x78, 0x82, 0x86,
    0xE7, 0x8E, 0x8B, 0xEC, 0x99, 0x03, 0xF4, 0x43, 0xDE, 0xDC, 0xE2, 0x77, 0x47, 0xB9, 0xB6, 0x2A,
    0x57, 0x40, 0x7E, 0x80, 0xE8, 0x84, 0x86, 0x69, 0x5B, 0xF4, 0xD4, 0x23, 0x68, 0xE3, 0xB9, 0xAF,
    0xD2, 0x13, 0x1E, 0x3C, 0xEE, 0xB9, 0x40, 0xC6, 0xFF, 0x76, 0x6F, 0xE9, 0xCF, 0xB0, 0x43, 0xA0,
    0xD6, 0x1D, 0x47, 0x96, 0xA8, 0xA3, 0x62, 0xF4, 0x44, 0x06, 0xED, 0xB6, 0xBC, 0x67, 0x8E, 0xF6,
    0xC6, 0xDF, 0xDE, 0x82, 0x87, 0x7E, 0x5B, 0xFE, 0x28, 0x97, 0xF4, 0x81, 0x7D, 0x57, 0xAA, 0xA3,
    0x7C, 0x90, 0xD4, 0x25, 0xC8, 0x9F, 0xFC, 0xC0, 0xDA, 0x4F, 0xD8, 0xD9, 0xC4, 0x45, 0xC2, 0xCE,
    0x5D, 0xBD, 0x74, 0xAA, 0x3F, 0x6F, 0x88, 0xB5, 0x23, 0xA2, 0xCA, 0x9C, 0xC2, 0x1F, 0xA7, 0xA8,
    0x66, 0x85, 0xC2, 0xDF, 0xAE, 0xAA, 0xA1, 0x78, 0xB4, 0xA8, 0xF3, 0x45, 0xB0, 0x36, 0x6B, 0x4D,
    0x39, 0x4B, 0x07, 0xFC, 0x35, 0xAB, 0x9E, 0xD6, 0xCA, 0x18, 0xBB, 0x23, 0xC4, 0xBD, 0xD9, 0x81,
    0xFD, 0x84, 0x2A, 0x74, 0x6C, 0x32, 0xC4, 0x7F, 0xD2, 0xA5, 0x33, 0x7F, 0xE3, 0xB7, 0xBD, 0xE6,
    0xE4, 0x3A, 0xD9, 0x79, 0x1B, 0x49, 0xE5, 0x8D, 0xA4, 0xA5, 0xFF, 0x2B, 0xF4, 0x0E, 0x87, 0xBD,
    0x1B, 0x3B, 0x8B, 0x65, 0x13, 0x3E, 0x0C, 0xC3, 0x52, 0xB6, 0xB9, 0x98, 0xE5, 0x1D, 0x22, 0x1F,
    0x56, 0x04, 0xE6, 0x69, 0x19, 0xF3, 0x2C, 0x63, 0x0B, 0xDB, 0x3B, 0xD2, 0x93, 0x54, 0x5E, 0xB7,
    0x6A, 0xDB, 0x58, 0x47, 0xC6, 0xE8, 0xDF, 0x33, 0xC5, 0x23, 0xFF, 0x09, 0x02, 0x9E, 0x82, 0xE6,
    0x94, 0x9C, 0x21, 0x85, 0x7D, 0x2C, 0x80, 0x5B, 0x4F, 0x8D, 0x2F, 0x5A, 0x1C, 0x2F, 0x04, 0x3A,
    0x17, 0xC8, 0x6D, 0x68, 0xD5, 0xF9, 0x01, 0xFD, 0xE8, 0x84, 0xF5, 0xE0, 0xFF, 0x01, 0xCD, 0x93,
    0xCD, 0x0D, 0x83, 0x30, 0x0C, 0x85, 0x0D, 0x39, 0x72, 0xC8, 0x08, 0x1D, 0xA1, 0x23, 0xC0, 0x66,
    0x61, 0x33, 0x3A, 0x0A, 0x23, 0xF8, 0xD8, 0x83, 0xDB, 0x57, 0xFF, 0x14, 0x4A, 0x2B, 0xA8, 0x7A,
    0x89, 0x54, 0x2B, 0xFA, 0x9E, 0x15, 0x07, 0xC9, 0x31, 0x2F, 0x44, 0x1E, 0x67, 0x21, 0x30, 0x41,
    0x12, 0xB8, 0x85, 0x74, 0xE0, 0x74, 0xA7, 0x7C, 0xA5, 0x24, 0x94, 0x79, 0x87, 0xB0, 0xE0, 0x2D,
    0x8F, 0x4E, 0xD6, 0xA0, 0x46, 0x62, 0x3A, 0x21, 0x0B, 0x15, 0x03, 0x1C, 0x83, 0xEE, 0xC1, 0x6A,
    0xEF, 0x98, 0xB4, 0x3B, 0x79, 0x41, 0xF7, 0x52, 0x25, 0x44, 0xF4, 0x9E, 0xE8, 0x24, 0x85, 0x5A,
    0xA7, 0x4E, 0xD2, 0x78, 0xB0, 0xE0, 0x67, 0xB6, 0xAC, 0xB5, 0xBC, 0x8D, 0x16, 0xB3, 0x75, 0x1A,
    0x2C, 0x73, 0xB4, 0x9C, 0x2F, 0x3A, 0x4C, 0x2A, 0xD2, 0xB3, 0xCE, 0xB3, 0x81, 0x29, 0x90, 0x42,
    0x87, 0x74, 0xB3, 0xFA, 0x72, 0xC1, 0x03, 0x9D, 0x10, 0x2E, 0xF8, 0xD4, 0xA8, 0xE7, 0xFF, 0xD1,
    0x35, 0xC2, 0xF0, 0xF1, 0xA7, 0xC0, 0x5A, 0x09, 0xDB, 0x9B, 0xC7, 0xDC, 0xF9, 0xAB, 0xD9, 0xBE,
    0x27, 0x71, 0xCD, 0xDD, 0xE4, 0x97, 0xCF, 0xAB, 0x27, 0xCB, 0x13, 0xEE, 0x30, 0x3E, 0x5F, 0xD0,
    0x92, 0x34, 0x18, 0x1F, 0x35, 0x8E, 0xBB, 0x0D, 0x80, 0x30, 0x0C, 0x44, 0x0F, 0xD2, 0x05, 0xD8,
    0x84, 0xC2, 0x05, 0x05, 0xC3, 0x30, 0x44, 0x46, 0xC8, 0x68, 0x16, 0xD4, 0x20, 0x06, 0xA0, 0xC8,
    0x08, 0x2E, 0xE8, 0x8D, 0x6D, 0x89, 0xE6, 0xC9, 0x92, 0xEF, 0xA7, 0xAA, 0x2A, 0x0D, 0x80, 0x08,
    0xD0, 0xC9, 0x03, 0x24, 0x3A, 0x81, 0x4C, 0x07, 0x30, 0xD2, 0x5E, 0xB1, 0x10, 0x33, 0x0A, 0x71,
    0x01, 0x13, 0x2F, 0x7D, 0x25, 0x1E, 0x13, 0x88, 0xF3, 0x64, 0x48, 0xB3, 0xA1, 0x13, 0x03, 0xDA,
    0x7F, 0xA5, 0xCD, 0x30, 0xF8, 0x37, 0x74, 0xAB, 0x3B, 0xC2, 0x7B, 0x5B, 0x4A, 0xE4, 0x45, 0xF2,
    0xE5, 0x1D, 0xD1, 0xF6, 0x7A, 0x6F, 0x2C, 0x50, 0xDF, 0xF2, 0x01, 0xED, 0x5C, 0x4F, 0x8C, 0xDC,
    0xD6, 0x79, 0x7F, 0x24, 0xA5, 0x65, 0x22, 0xCA, 0xA2, 0x50, 0x04, 0x81, 0x21, 0x39, 0xA2, 0x0E,
    0x3E, 0x04, 0xAD, 0x35, 0x34, 0x50, 0xB7, 0x50, 0x01, 0xEE, 0x92, 0x56, 0xD0, 0x16, 0x6D, 0x8A,
    0x54, 0x87, 0x38, 0x87, 0xA4, 0xA8, 0x7D, 0xC8, 0x25, 0x75, 0xDB, 0x15, 0x92, 0x1C, 0xF6, 0x30,
    0xD2, 0xB0, 0x49, 0x8F, 0x05, 0xB2, 0x87, 0x00, 0x3D, 0xB4, 0x07, 0x1F, 0x72, 0xA8, 0x7D, 0xA8,
    0x04, 0x74, 0x0E, 0xD3, 0x74, 0x2D, 0x52, 0x16, 0x8A, 0x1C, 0x84, 0x34, 0x93, 0x18, 0x68, 0x2E,
    0x05, 0x42, 0x25, 0x4A, 0x13, 0xDB, 0x07, 0xB3, 0x36, 0x13, 0x73, 0x57, 0x33, 0x7C, 0xFD, 0x7E,
    0xDF, 0xFB, 0x43, 0xEE, 0x6A, 0xD7, 0x96, 0x63, 0xC9, 0x16, 0x12, 0x8F, 0xB4, 0xBB, 0xDF, 0xCC,
    0x90, 0x6F, 0xDE, 0xFB, 0x7E, 0xDF, 0xFF, 0xF7, 0xBD, 0x11, 0x02, 0x8F, 0x47, 0x85, 0x7D, 0x4C,
    0x32, 0x4B, 0x46, 0x55, 0xFF, 0x72, 0x63, 0x08, 0x67, 0x33, 0xD1, 0xD4, 0x97, 0xDC, 0xC5, 0x71,
    0x26, 0x8E, 0x9C, 0x93, 0xF9, 0x25, 0x7D, 0xF7, 0x5B, 0xAF, 0x55, 0xC7, 0xC4, 0x47, 0x41, 0x6E,
    0xCB, 0xAC, 0x15, 0xA2, 0x28, 0xE9, 0x96, 0x3A, 0xCD, 0xD6, 0x84, 0x7B, 0xBB, 0x02, 0x19, 0x96,
    0x61, 0xEE, 0x97, 0x35, 0x86, 0xF4, 0x6A, 0xAF, 0x0A, 0x9F, 0xC4, 0x87, 0x5C, 0x14, 0x0B, 0xD1,
    0x86, 0x2E, 0xC8, 0x22, 0x4B, 0xC5, 0x1A, 0x93, 0x9E, 0x9C, 0xD3, 0xC5, 0xDF, 0x70, 0x88, 0xF4,
    0xAF, 0xE1, 0xE2, 0xD7, 0x33, 0xBA, 0x2D, 0xC8, 0x71, 0xB1, 0x04, 0xE9, 0x97, 0x11, 0x5D, 0x9C,
    0xE6, 0x33, 0xBA, 0xB6, 0xF2, 0x71, 0x71, 0x3E, 0xA6, 0x11, 0x5A, 0xA7, 0xF1, 0xCA, 0x30, 0xA3,
    0x69, 0xBA, 0x1D, 0x8D, 0x2C, 0x22, 0x31, 0x12, 0x22, 0x94, 0x79, 0x94, 0x89, 0x55, 0x11, 0x12,
    0x89, 0x8B, 0x45, 0x42, 0x23, 0x89, 0x53, 0x74, 0x31, 0x48, 0xAF, 0xA4, 0xAB, 0xD6, 0xE8, 0xDE,
    0xB1, 0xF0, 0xE6, 0x02, 0x03, 0x81, 0x74, 0x6A, 0x81, 0x29, 0x0A, 0xBA, 0x40, 0xD0, 0xC7, 0x2D,
    0xC4, 0x9C, 0xC9, 0x46, 0x1C, 0x4F, 0xB1, 0xC0, 0x55, 0x21, 0xA6, 0xA2, 0x09, 0x4B, 0x70, 0x8A,
    0xC8, 0xE3, 0x97, 0x3C, 0xAC, 0x8A, 0x6E, 0x9D, 0x6E, 0xC4, 0xD9, 0x82, 0x48, 0x8F, 0xAE, 0x4D,
    0x5C, 0x91, 0x2A, 0xD6, 0xD4, 0xF4, 0xF9, 0x7C, 0x31, 0x91, 0x01, 0x46, 0x06, 0xE5, 0x56, 0x0E,
    0x8F, 0x8C, 0xAB, 0xF9, 0xBD, 0x18, 0xEC, 0x0F, 0x98, 0x0C, 0xE6, 0x6A, 0x64, 0x5C, 0xD6, 0x32,
    0x93, 0x0C, 0x40, 0xFC, 0x14, 0x9F, 0xB5, 0x2D, 0x62, 0x8D, 0x91, 0x23, 0xA5, 0x34, 0x10, 0x05,
    0x92, 0x5F, 0x3C, 0xA2, 0x91, 0x9C, 0xD4, 0xEA, 0xEF, 0x4E, 0xA7, 0x27, 0x12, 0xEB, 0x59, 0xF8,
    0xB5, 0x86, 0x76, 0xC9, 0x7F, 0x97, 0x22, 0xCE, 0x31, 0x0F, 0x99, 0xF3, 0x1B, 0xFE, 0x77, 0x6A,
    0x7E, 0x23, 0xC8, 0xD5, 0x1B, 0x41, 0x1E, 0xE7, 0xC4, 0x37, 0x9A, 0xA7, 0x5F, 0xBB, 0x74, 0x01,
    0xFD, 0x10, 0x68, 0x74, 0xC1, 0x8B, 0xC4, 0x14, 0xC8, 0x44, 0xDC, 0xFD, 0x2D, 0x38, 0x2D, 0x26,
    0x34, 0x13, 0x62, 0xB3, 0xDF, 0x39, 0x45, 0x43, 0x3C, 0x8E, 0xE7, 0x62, 0x65, 0xE9, 0x95, 0x0E,
    0xC6, 0x8A, 0xBD, 0x79, 0x80, 0xB9, 0x05, 0x2F, 0x55, 0x51, 0xE6, 0xCA, 0xD2, 0x9B, 0xD7, 0xAB,
    0x22, 0x92, 0x8D, 0x53, 0xD7, 0x89, 0xE8, 0xC4, 0x96, 0x68, 0x9A, 0xF8, 0x0B, 0x0D, 0x8D, 0x32,
    0x9E, 0x12, 0x60, 0x34, 0xCA, 0xD9, 0x59, 0x40, 0x1F, 0x41, 0xA3, 0xCD, 0x52, 0x62, 0x52, 0x98,
    0x89, 0xD9, 0x38, 0x55, 0x7F, 0x67, 0xF4, 0x0B, 0xAF, 0x4F, 0x7D, 0x60, 0x27, 0x9A, 0x29, 0xCD,
    0x87, 0x10, 0xAC, 0x67, 0x34, 0x2B, 0xBA, 0xB4, 0x1E, 0x8B, 0x54, 0xD6, 0xC4, 0x5F, 0xC2, 0x99,
    0x46, 0xF2, 0xE6, 0x31, 0xAF, 0xD1, 0x27, 0xC1, 0x60, 0xCE, 0x65, 0x3E, 0x33, 0x21, 0xC2, 0x32,
    0x14, 0x96, 0x2F, 0xE2, 0x2F, 0xDD, 0x09, 0xEE, 0x04, 0x90, 0xAE, 0x4E, 0x38, 0x05, 0x18, 0x52,
    0x48, 0xC9, 0xFC, 0x5E, 0x91, 0x9D, 0xD1, 0x8D, 0x4F, 0x5A, 0x6D, 0x90, 0xB9, 0xA6, 0xBC, 0xD7,
    0x8C, 0xB6, 0x78, 0x65, 0x6D, 0xA9, 0x99, 0xA5, 0xC6, 0x96, 0x32, 0xFA, 0xE3, 0x5B, 0x2A, 0xC8,
    0x0D, 0xC5, 0x62, 0xAB, 0x28, 0x61, 0xEE, 0x58, 0x13, 0x66, 0x94, 0x85, 0xD0, 0x23, 0x13, 0x40,
    0x9A, 0x4A, 0x4B, 0xA7, 0x3E, 0x71, 0x0B, 0x33, 0x59, 0x0A, 0x57, 0xC9, 0x00, 0x71, 0xD8, 0x93,
    0xAF, 0x3C, 0x4D, 0x73, 0x25, 0x89, 0xF3, 0x2B, 0x81, 0x95, 0xAE, 0x32, 0xD3, 0x20, 0x62, 0x63,
    0x66, 0xA7, 0x5F, 0xBE, 0x50, 0x28, 0xC6, 0x06, 0xB9, 0x84, 0xB8, 0x04, 0xDF, 0x7F, 0x56, 0xE6,
    0xDB, 0x19, 0xE3, 0x2F, 0x65, 0x5D, 0x2B, 0x39, 0x7A, 0xE5, 0xC9, 0x86, 0xA9, 0x90, 0x7E, 0x6F,
    0x30, 0x45, 0x68, 0x8A, 0x31, 0x53, 0x85, 0xA1, 0xBC, 0x5F, 0xD0, 0xEF, 0x16, 0x54, 0x5C, 0x9A,
    0x7B, 0x2F, 0x11, 0xF7, 0x25, 0xF3, 0xE1, 0xB4, 0x58, 0x3E, 0xF5, 0x85, 0x4A, 0xCD, 0x96, 0x7E,
    0xAB, 0x91, 0xA1, 0xD3, 0x8D, 0x7D, 0x4D, 0x53, 0xAD, 0x79, 0x57, 0x4C, 0xBA, 0x7F, 0xAA, 0xA5,
    0xDC, 0x24, 0x8A, 0xC6, 0xA3, 0x31, 0x3B, 0x56, 0x14, 0x00, 0x34, 0x99, 0x0B, 0x77, 0xCE, 0xD2,
    0xE6, 0xD1, 0x7A, 0x2B, 0xA6, 0xC4, 0xE4, 0x95, 0x3F, 0xDA, 0xC9, 0x66, 0x6A, 0xC6, 0x98, 0x00,
    0x8F, 0x71, 0xA2, 0x7B, 0x01, 0x33, 0x54, 0x8F, 0x8F, 0x33, 0x70, 0x4E, 0x61, 0xDE, 0x8D, 0x89,
    0xD8, 0x69, 0x14, 0x7E, 0xA4, 0x80, 0x63, 0xB5, 0x44, 0x1E, 0xF9, 0x85, 0x17, 0x64, 0xA6, 0x28,
    0x86, 0xDD, 0xD9, 0xBE, 0x2C, 0xB3, 0x5F, 0x3C, 0x25, 0x94, 0x1C, 0xCC, 0xD5, 0xD8, 0xC5, 0x37,
    0x9D, 0x7A, 0xEF, 0x8A, 0xEC, 0x3A, 0x1C, 0xFB, 0x1A, 0x69, 0x96, 0xCB, 0xD4, 0x59, 0x7B, 0xEF,
    0x24, 0x27, 0xED, 0x60, 0x6E, 0x04, 0xD5, 0xF6, 0x53, 0x9F, 0xE3, 0x3B, 0x9C, 0x1D, 0xE2, 0xC6,
    0x8C, 0xEF, 0x48, 0x2D, 0x77, 0x61, 0x7B, 0x15, 0x15, 0x12, 0x2A, 0xEA, 0x5D, 0x42, 0xE6, 0xB5,
    0x5A, 0xEE, 0xD0, 0x5A, 0x7C, 0x9A, 0xFF, 0x5C, 0xCA, 0x86, 0xCD, 0xCD, 0x7A, 0x26, 0x3E, 0xDE,
    0x6A, 0x54, 0xD9, 0x40, 0x85, 0xCA, 0x98, 0xA4, 0x00, 0x97, 0x29, 0x32, 0x3B, 0xDE, 0x76, 0x46,
    0x4F, 0x84, 0xD7, 0x32, 0xBE, 0xBC, 0x08, 0xE1, 0xFE, 0xAF, 0x64, 0xCD, 0x0F, 0xE7, 0x8E, 0x96,
    0x26, 0xB7, 0x31, 0x72, 0x45, 0x3C, 0x31, 0x26, 0x3F, 0xB6, 0xF2, 0x17, 0x8A, 0x3B, 0x25, 0xD6,
    0xB7, 0x54, 0x2F, 0xD9, 0x43, 0x6A, 0xC3, 0x52, 0x66, 0x3C, 0xEF, 0x25, 0xF3, 0x19, 0x64, 0x01,
    0x0C, 0x42, 0xB2, 0x77, 0x35, 0x2B, 0x3D, 0x19, 0x64, 0x67, 0x7A, 0xD2, 0x8C, 0x49, 0x1F, 0xA9,
    0x26, 0x14, 0xCD, 0x89, 0xD4, 0x12, 0xD3, 0x7C, 0xC9, 0xCB, 0x9E, 0x53, 0x4B, 0x48, 0x09, 0x40,
    0x71, 0x48, 0x88, 0xBF, 0x09, 0x17, 0xF1, 0x0F, 0x4B, 0xE1, 0x5C, 0xA5, 0xCF, 0xB9, 0xBA, 0x1E,
    0x9E, 0xBB, 0xB9, 0x49, 0xB6, 0xC4, 0x7B, 0x79, 0x11, 0x7C, 0x2F, 0x93, 0x0B, 0x37, 0xA3, 0x35,
    0x2C, 0xDC, 0xB7, 0xCA, 0xE2, 0x22, 0x8F, 0x98, 0x92, 0x3C, 0x8F, 0xF1, 0x61, 0xDE, 0x3C, 0xCC,
    0xE3, 0x7A, 0x9A, 0xF8, 0x0B, 0x41, 0x7E, 0xA4, 0x0A, 0x9A, 0x3A, 0x89, 0x24, 0x8C, 0x41, 0xEB,
    0x2E, 0xA6, 0x49, 0x12, 0x8A, 0xF0, 0x32, 0x39, 0xB3, 0x17, 0xA7, 0x67, 0x66, 0xA1, 0x38, 0xE5,
    0xE3, 0xE2, 0xD9, 0xA9, 0x7A, 0x24, 0x46, 0x7C, 0xF1, 0x22, 0x24, 0x3B, 0x16, 0x92, 0xA5, 0xA6,
    0x8B, 0x43, 0x98, 0x1E, 0xF2, 0x50, 0x6B, 0x62, 0xEA, 0x57, 0x1B, 0xA4, 0xB2, 0xFE, 0xFC, 0x28,
    0x86, 0x9F, 0x8A, 0x78, 0xE1, 0x34, 0x6C, 0xFB, 0xA7, 0x22, 0x89, 0x95, 0x59, 0xAF, 0xA7, 0x62,
    0x4C, 0x17, 0xB3, 0xD0, 0xD0, 0xAB, 0x6E, 0x7D, 0x88, 0x31, 0x98, 0x12, 0x88, 0x5B, 0xBC, 0xC0,
    0x64, 0x4A, 0x28, 0x2A, 0x1B, 0x76, 0x66, 0x46, 0xCE, 0x23, 0x60, 0xF2, 0xD4, 0x4C, 0x3B, 0x0F,
    0xC2, 0x66, 0x43, 0x18, 0x4F, 0x03, 0x52, 0x7B, 0x9A, 0x53, 0x44, 0x2A, 0x4F, 0x83, 0xDB, 0x84,
    0x19, 0xAC, 0x61, 0x58, 0xF9, 0x23, 0x6A, 0xE3, 0x69, 0xC4, 0x1B, 0x95, 0x92, 0x00, 0xFA, 0xF5,
    0x13, 0xBE, 0x1B, 0x0A, 0xE7, 0x7F, 0x2F, 0x37, 0x6E, 0x29, 0x52, 0x3E, 0x1E, 0x17, 0x5F, 0x6A,
    0x8D, 0x5B, 0x72, 0x65, 0x65, 0xDC, 0x52, 0x6C, 0x30, 0x8C, 0x58, 0x32, 0xB5, 0x7D, 0xDC, 0x36,
    0xA8, 0xAD, 0xCB, 0x5B, 0x46, 0xA0, 0xA4, 0xD4, 0x77, 0xB9, 0xF2, 0x5B, 0xE2, 0x59, 0xE5, 0x96,
    0x22, 0xBC, 0xBB, 0x3E, 0xB7, 0xB2, 0xE0, 0xE1, 0x23, 0x3C, 0x35, 0xCE, 0x44, 0xD8, 0x05, 0x85,
    0xA5, 0x5D, 0xA6, 0x57, 0xDB, 0xC5, 0xD3, 0x5F, 0x23, 0xC2, 0x64, 0xEA, 0x3C, 0xA3, 0xF7, 0x91,
    0xF6, 0xA4, 0xEC, 0x96, 0x43, 0x61, 0x25, 0x31, 0xB6, 0x64, 0xB5, 0xCA, 0xC3, 0xD1, 0x50, 0x0E,
    0x21, 0x27, 0xE0, 0x73, 0xE0, 0x3C, 0x36, 0x68, 0xE2, 0x25, 0x93, 0xD3, 0x99, 0x25, 0x67, 0x34,
    0x19, 0x4D, 0x82, 0x6B, 0x05, 0x31, 0x87, 0x5E, 0x49, 0x6A, 0x16, 0x36, 0x91, 0x29, 0x52, 0x3F,
    0x0E, 0x20, 0x1B, 0xF1, 0x59, 0x26, 0x3E, 0x4B, 0xD0, 0x3A, 0xD0, 0xE4, 0x95, 0x62, 0x29, 0x36,
    0x66, 0xEE, 0xB5, 0x75, 0x62, 0xC9, 0x2B, 0xC7, 0xC4, 0x2C, 0x71, 0x14, 0x63, 0xCE, 0x08, 0x9A,
    0x8E, 0xFC, 0x29, 0x31, 0x70, 0x9D, 0x8C, 0xFE, 0x08, 0xF6, 0x83, 0x1E, 0xAD, 0x5B, 0x85, 0x30,
    0xAC, 0x30, 0x63, 0x5E, 0x19, 0xE4, 0x21, 0x93, 0x44, 0x78, 0xA5, 0x27, 0xBB, 0xCF, 0xB1, 0xDF,
    0x25, 0x7F, 0x36, 0x21, 0x8F, 0xD8, 0xC0, 0x19, 0x2E, 0x44, 0xB0, 0x0D, 0x1F, 0xB6, 0x80, 0x13,
    0x61, 0x00, 0xE0, 0xED, 0x42, 0xE5, 0xB2, 0xC0, 0x1A, 0x2D, 0x1A, 0xCC, 0x50, 0x86, 0xC1, 0x65,
    0x86, 0x72, 0x50, 0xA1, 0x22, 0x0B, 0x8F, 0xCC, 0xF0, 0x49, 0xB9, 0x17, 0x37, 0x98, 0xD2, 0x7D,
    0x80, 0x8D, 0x60, 0x96, 0x2C, 0xB0, 0xEB, 0x1A, 0xD8, 0x46, 0xD9, 0x6D, 0x36, 0x39, 0x77, 0x0D,
    0xEC, 0x96, 0x1E, 0xB2, 0x7D, 0x0F, 0xC0, 0xEA, 0xA9, 0x02, 0x58, 0x0D, 0x16, 0x45, 0x05, 0x2E,
    0xCD, 0x30, 0xA6, 0x99, 0x35, 0x33, 0xE1, 0x93, 0x21, 0xBA, 0x48, 0x3E, 0x92, 0x80, 0x0D, 0xC9,
    0xDA, 0x35, 0x64, 0x3E, 0x09, 0xD8, 0x15, 0xF1, 0x8C, 0x78, 0x86, 0xCC, 0xC3, 0x3B, 0xA3, 0x59,
    0x5B, 0x34, 0x93, 0xC6, 0x53, 0x68, 0x4A, 0x02, 0xD6, 0xFB, 0x6F, 0xA0, 0xD2, 0x3D, 0x4D, 0xC0,
    0xFA, 0xF9, 0x43, 0x85, 0xDC, 0x29, 0x83, 0x6C, 0x9A, 0x78, 0xE5, 0x51, 0x71, 0xC5, 0x2D, 0x43,
    0x51, 0xAF, 0x7A, 0x4B, 0x90, 0xD7, 0xA4, 0x53, 0x8F, 0x5C, 0xB9, 0x20, 0x52, 0x76, 0x00, 0x76,
    0xBB, 0xE8, 0x76, 0xE4, 0xF6, 0x16, 0x80, 0x5D, 0xA5, 0xDB, 0x6E, 0x5F, 0xAB, 0x09, 0xD8, 0x79,
    0xF8, 0x0F, 0x74, 0xC1, 0x8D, 0x12, 0x81, 0x8A, 0xC7, 0xD7, 0x2A, 0x60, 0x8B, 0xEC, 0x8A, 0xDF,
    0x02, 0xD8, 0x54, 0x04, 0xDD, 0x2F, 0x65, 0x0E, 0x9E, 0x11, 0x0B, 0x27, 0xA4, 0x79, 0x61, 0x0F,
    0xEC, 0xE4, 0x60, 0x60, 0x5D, 0x00, 0xDB, 0xBD, 0x2D, 0xB0, 0x03, 0x64, 0x87, 0xD8, 0xE2, 0xDE,
    0x5B, 0x06, 0xDD, 0x5D, 0xF8, 0x22, 0x7A, 0x87, 0xCD, 0x50, 0xD6, 0xC1, 0x53, 0x7F, 0x0A, 0x0B,
    0xAF, 0xFD, 0x33, 0xC0, 0x79, 0x88, 0x34, 0xB0, 0x72, 0x30, 0xC0, 0x61, 0xC4, 0x2B, 0x84, 0x76,
    0x54, 0xB2, 0x77, 0x8A, 0x58, 0x5A, 0xF5, 0x32, 0x20, 0xBD, 0xA1, 0x91, 0x5B, 0x38, 0xB7, 0x38,
    0xD0, 0xF2, 0xFC, 0x75, 0x5A, 0xC2, 0x6A, 0xA0, 0x87, 0xFE, 0xBB, 0x1A, 0xAE, 0xD0, 0x25, 0xFF,
    0xE6, 0x74, 0xEC, 0xA6, 0x67, 0xB4, 0x82, 0x9C, 0x02, 0x84, 0x39, 0xBC, 0xD9, 0x54, 0x5C, 0xA2,
    0xC0, 0x28, 0x3E, 0xD7, 0x88, 0x0D, 0xBC, 0xF9, 0x04, 0x45, 0xF6, 0x8F, 0x88, 0xC7, 0x39, 0xCE,
    0x3F, 0xA4, 0xA7, 0x03, 0x77, 0x23, 0x8D, 0x79, 0x21, 0xC2, 0x95, 0x66, 0xA2, 0xB7, 0x3B, 0x9A,
    0x93, 0x71, 0x89, 0xB3, 0xA8, 0x5C, 0xB3, 0x3E, 0x93, 0xEC, 0xF6, 0x58, 0xD4, 0x5F, 0x64, 0xFA,
    0x8B, 0x09, 0x05, 0xB3, 0xE2, 0xA6, 0x56, 0xF2, 0xC7, 0x48, 0xB2, 0xDC, 0x1F, 0x68, 0x35, 0x3F,
    0x45, 0xA2, 0xE3, 0x5D, 0xD3, 0x8A, 0x4E, 0x3E, 0x95, 0xC4, 0x44, 0xAB, 0x7A, 0x90, 0xCF, 0xD2,
    0xC2, 0x28, 0xBB, 0x77, 0xBB, 0x26, 0xCF, 0x63, 0xD4, 0x9D, 0x26, 0xFE, 0xE9, 0x52, 0x2B, 0x7C,
    0xF8, 0xF7, 0xE0, 0x8E, 0x56, 0x79, 0x70, 0x47, 0x29, 0x7D, 0xC8, 0x4A, 0xBF, 0x4B, 0xED, 0x99,
    0xD7, 0x80, 0x51, 0x71, 0x6C, 0x17, 0x0A, 0x03, 0x1D, 0xDC, 0x2D, 0x25, 0xBB, 0xE4, 0x64, 0xB7,
    0xA4, 0xEC, 0x92, 0x95, 0x03, 0xA5, 0xE5, 0xFD, 0x35, 0xF0, 0xCA, 0xFA, 0xB2, 0x1D, 0x50, 0xA6,
    0x9C, 0xED, 0xC0, 0x24, 0x07, 0x3F, 0xD8, 0x0E, 0x28, 0xA3, 0xAD, 0x0C, 0x7C, 0x69, 0x0C, 0xBC,
    0x20, 0x86, 0x46, 0xCA, 0xC0, 0x1B, 0x72, 0x8F, 0x81, 0xD7, 0x24, 0x34, 0x9E, 0x06, 0x0B, 0xB4,
    0xAD, 0x8F, 0x61, 0x5C, 0x3E, 0x68, 0x03, 0x9F, 0x6B, 0xAC, 0x3F, 0x34, 0xF0, 0xC6, 0xC0, 0xEB,
    0x07, 0xE9, 0x9F, 0x20, 0x7E, 0x20, 0x69, 0x24, 0x03, 0xEF, 0x51, 0xB4, 0x9F, 0x4A, 0x06, 0x36,
    0xCC, 0xB7, 0x44, 0x1B, 0xB0, 0x81, 0x3F, 0x22, 0x1E, 0x16, 0xCF, 0xDD, 0xA5, 0x81, 0xBF, 0x6B,
    0x60, 0xA7, 0x03, 0x60, 0x57, 0x0D, 0xB0, 0xCE, 0x5D, 0x00, 0xDB, 0xAB, 0xF1, 0x50, 0x89, 0x07,
    0xC0, 0x0E, 0x14, 0x78, 0xC0, 0xC9, 0x7B, 0x62, 0xE0, 0x07, 0xF6, 0x3D, 0x66, 0x64, 0x5D, 0x75,
    0xE3, 0x37, 0xC5, 0xFA, 0x52, 0xB0, 0x59, 0x65, 0xA5, 0x9D, 0x94, 0xFC, 0xC1, 0x2C, 0x24, 0x7E,
    0xBB, 0x56, 0x5B, 0x74, 0xAF, 0x52, 0x80, 0x6A, 0x26, 0x15, 0x01, 0x05, 0x83, 0x2F, 0x4C, 0xF6,
    0x42, 0xD8, 0x8C, 0xDB, 0xAD, 0x4D, 0xFE, 0x40, 0x72, 0x3C, 0xEF, 0x69, 0x6D, 0xB9, 0x89, 0x67,
    0x4E, 0x65, 0x40, 0x7E, 0x4C, 0x88, 0x6A, 0x64, 0xB8, 0x4E, 0x74, 0x32, 0x78, 0xDD, 0xD0, 0xA7,
    0x28, 0x41, 0x9B, 0x69, 0x05, 0x0D, 0xF3, 0x80, 0x32, 0x0B, 0x8F, 0xFC, 0xDE, 0x44, 0x52, 0x6A,
    0x43, 0xB6, 0x38, 0xCC, 0x28, 0x77, 0x09, 0xCA, 0x02, 0xD9, 0xF2, 0x61, 0xF1, 0x31, 0x71, 0x1E,
    0x58, 0x8B, 0x01, 0x96, 0x77, 0x49, 0x5B, 0xC0, 0x45, 0xD3, 0x23, 0x2E, 0x06, 0x90, 0x8B, 0x71,
    0x8F, 0xB9, 0x18, 0x68, 0xB3, 0x18, 0xA0, 0x2E, 0x06, 0xB0, 0x43, 0x94, 0x0D, 0xEE, 0x42, 0x6B,
    0x74, 0x07, 0xFB, 0x6D, 0x91, 0x5F, 0xDD, 0x63, 0xBD, 0xD7, 0x06, 0xC6, 0x7B, 0x68, 0xBB, 0x87,
    0xE8, 0xEF, 0xB2, 0xDC, 0x43, 0xC3, 0xED, 0x0D, 0xED, 0xF6, 0xD0, 0x6C, 0x93, 0x08, 0xB4, 0xE2,
    0x81, 0x54, 0xEE, 0x27, 0x98, 0xBA, 0x00, 0xE5, 0xE6, 0x3A, 0xA4, 0xDF, 0x40, 0xB9, 0x43, 0x9E,
    0x43, 0x09, 0xE5, 0x76, 0x28, 0xB7, 0xF3, 0x97, 0xAC, 0xDC, 0x98, 0x1A, 0x26, 0x06, 0xAB, 0x4D,
    0xD6, 0x5B, 0xAA, 0xD4, 0x39, 0x60, 0x73, 0x96, 0x43, 0x77, 0x27, 0xCC, 0x8B, 0x06, 0xE4, 0x59,
    0x1E, 0xF7, 0xCA, 0xC1, 0xCA, 0xAD, 0x7D, 0x76, 0xAF, 0xDC, 0xDD, 0xBD, 0x51, 0x6E, 0xD7, 0x60,
    0x7C, 0x80, 0xD5, 0xBE, 0x6F, 0xCA, 0xBD, 0x82, 0xA9, 0x7D, 0x8B, 0x15, 0x90, 0x67, 0x83, 0x8C,
    0xCC, 0xE1, 0x57, 0xE8, 0x9D, 0xB9, 0x08, 0xE5, 0xA6, 0x4B, 0x77, 0x39, 0xA4, 0x24, 0x69, 0xCB,
    0xCB, 0xC8, 0x03, 0x29, 0x26, 0x75, 0xD0, 0x65, 0x62, 0xBD, 0xF5, 0x64, 0x36, 0xA9, 0x53, 0xAE,
    0x7D, 0x11, 0x99, 0xAA, 0x30, 0x28, 0x7C, 0x9D, 0xBC, 0x8F, 0xEC, 0xBE, 0x49, 0xE1, 0xD9, 0x65,
    0x8E, 0x87, 0xF4, 0xA3, 0xE2, 0x8A, 0x1F, 0x3F, 0x08, 0xB2, 0x76, 0x9D, 0x83, 0xDF, 0x4F, 0x97,
    0x58, 0xF1, 0x89, 0x42, 0x3E, 0x0F, 0x6F, 0x69, 0x90, 0x27, 0x61, 0xB0, 0xC8, 0xB7, 0x22, 0xCC,
    0x6C, 0xA9, 0x21, 0xEC, 0xF5, 0x6E, 0xC4, 0x01, 0x5B, 0x3C, 0x27, 0x62, 0x95, 0xD0, 0x2C, 0x05,
    0xC9, 0x6A, 0x44, 0xAF, 0xC7, 0x9F, 0xAA, 0xBD, 0xEA, 0x12, 0x97, 0x20, 0x8E, 0x8A, 0x4D, 0x27,
    0x3F, 0x3A, 0xA8, 0x46, 0xBC, 0x4B, 0xD2, 0x7A, 0x0E, 0xAE, 0x0C, 0xAB, 0xC7, 0x88, 0x8B, 0x89,
    0x5C, 0x31, 0x49, 0x30, 0xB3, 0x62, 0x13, 0x08, 0x8D, 0x31, 0x5F, 0x82, 0x73, 0x81, 0xF9, 0x62,
    0x15, 0x05, 0x89, 0x16, 0xAD, 0xC2, 0x18, 0x34, 0x44, 0x02, 0x5A, 0x95, 0x02, 0x55, 0x65, 0x13,
    0xBA, 0x66, 0x1B, 0xA9, 0xC5, 0x5D, 0x54, 0xF5, 0x38, 0x53, 0xC2, 0x75, 0x14, 0x27, 0x99, 0x1D,
    0x8A, 0xBF, 0xEA, 0x5E, 0xE6, 0xBA, 0x8E, 0xA0, 0x81, 0x85, 0x09, 0xBC, 0xFA, 0x48, 0xEB, 0x3E,
    0xA9, 0xE9, 0xA1, 0x5E, 0x4D, 0xB7, 0xAC, 0x9A, 0xEA, 0xF8, 0x1D, 0x6A, 0x1A, 0xE5, 0x56, 0x4D,
    0x2F, 0xF6, 0x6A, 0xDA, 0xF4, 0x3E, 0xF8, 0xF8, 0x1E, 0x1F, 0xEC, 0xB2, 0x9A, 0xF2, 0x87, 0xC4,
    0x25, 0xAB, 0x29, 0x56, 0xD3, 0xD9, 0xE0, 0x0A, 0xA5, 0x65, 0x52, 0x53, 0xE4, 0xD4, 0x28, 0x25,
    0x26, 0x2A, 0xCE, 0x8A, 0x95, 0xC6, 0x62, 0xAA, 0x47, 0x8A, 0xCA, 0xE6, 0xD4, 0x22, 0xDF, 0xA3,
    0xA6, 0xE6, 0x01, 0xBF, 0xA3, 0x1F, 0x1B, 0x33, 0x4B, 0x4E, 0x07, 0x71, 0x00, 0x41, 0x01, 0x63,
    0xF2, 0x84, 0x80, 0x9A, 0x82, 0x27, 0xA4, 0x42, 0x50, 0x53, 0x11, 0x6F, 0x0B, 0xFA, 0x04, 0xF6,
    0x3D, 0x2E, 0x57, 0x16, 0xA1, 0xA6, 0x82, 0x6C, 0xC6, 0x66, 0x5F, 0x0D, 0x56, 0x96, 0xB7, 0x0F,
    0x3D, 0x87, 0x3C, 0xBB, 0x7F, 0x3E, 0xF8, 0x01, 0xCE, 0x9E, 0x33, 0xCE, 0xE9, 0x08, 0x58, 0x8F,
    0x96, 0x80, 0x3A, 0x0F, 0x01, 0x1B, 0x5C, 0xAB, 0xC5, 0x2A, 0x85, 0x9A, 0x9C, 0x3D, 0xCF, 0xC4,
    0xCC, 0xD3, 0xC1, 0xD5, 0xA3, 0x94, 0x3D, 0xE7, 0x07, 0x47, 0x54, 0x9C, 0xE0, 0x29, 0x60, 0xBF,
    0xF2, 0xCF, 0x44, 0xFD, 0xDE, 0x77, 0x01, 0xEC, 0xCF, 0x60, 0xA1, 0xE9, 0x39, 0xD9, 0xDF, 0xFF,
    0xBA, 0x40, 0x24, 0x3D, 0x27, 0x60, 0xFF, 0x0C, 0xD2, 0xF5, 0xA7, 0xC7, 0xF7, 0x02, 0x6B, 0x66,
    0x46, 0xC0, 0x3E, 0x44, 0x7F, 0x4B, 0x05, 0x2C, 0x85, 0x2A, 0x94, 0x5D, 0x30, 0xB0, 0x3E, 0xDB,
    0x22, 0x05, 0x6C, 0x0C, 0xA6, 0x7F, 0xB0, 0xC0, 0xC6, 0x03, 0x60, 0x39, 0xB4, 0xEA, 0x81, 0x2D,
    0x2D, 0xB0, 0xFE, 0x00, 0xD8, 0xAB, 0x3D, 0xB0, 0x50, 0xC0, 0xB4, 0x37, 0x36, 0x1A, 0x58, 0xA7,
    0xE9, 0x81, 0x1D, 0xF7, 0xC0, 0xC6, 0x03, 0x60, 0x33, 0x0B, 0x6C, 0x30, 0x00, 0xB6, 0xB4, 0xEC,
    0xC3, 0xCE, 0x08, 0xD2, 0x63, 0xFA, 0x71, 0x08, 0xD8, 0x90, 0xB4, 0x30, 0xA2, 0x9F, 0x7A, 0x26,
    0xD6, 0x48, 0x47, 0xF1, 0x43, 0xE9, 0xEB, 0x59, 0x51, 0xF1, 0xCF, 0xAC, 0x87, 0x70, 0x40, 0x6E,
    0xF4, 0xE4, 0x78, 0xDF, 0x57, 0x67, 0x8D, 0x06, 0xCE, 0xA9, 0x66, 0xD3, 0x55, 0x13, 0x1B, 0x36,
    0xB3, 0xC8, 0x84, 0x86, 0x75, 0xA2, 0x27, 0x1C, 0x66, 0x75, 0xE2, 0x29, 0x26, 0xA6, 0x2F, 0x51,
    0xFC, 0xA7, 0xF8, 0xD0, 0xBD, 0x59, 0x86, 0xE2, 0x92, 0x02, 0xA8, 0x20, 0x60, 0xB9, 0x1E, 0x10,
    0x95, 0x71, 0x46, 0x51, 0x33, 0x6A, 0xF3, 0xE4, 0x90, 0x10, 0x5B, 0x16, 0x84, 0xBC, 0x2C, 0xFD,
    0x12, 0x8E, 0x95, 0x58, 0xFD, 0xA9, 0x8A, 0x44, 0x91, 0x60, 0xFE, 0x1D, 0x8A, 0xFE, 0x73, 0x44,
    0x5D, 0xA5, 0xC2, 0x9A, 0x48, 0x06, 0x36, 0x55, 0xE5, 0xF1, 0x4E, 0x31, 0x19, 0x31, 0x28, 0x30,
    0xA5, 0xB7, 0x22, 0x13, 0x34, 0x2D, 0xD5, 0x66, 0x10, 0x70, 0x7B, 0x5D, 0x95, 0x32, 0x09, 0xD8,
    0x9F, 0xBB, 0x76, 0xAF, 0xE7, 0x83, 0x09, 0x9E, 0x60, 0xF3, 0x36, 0x94, 0x55, 0x6E, 0x79, 0xFF,
    0x05, 0xCA, 0x7B, 0x15, 0xEA, 0xB4, 0xD2, 0x92, 0xF2, 0x6A, 0x09, 0x5F, 0x23, 0xE5, 0x75, 0xD5,
    0xB8, 0xC7, 0xF6, 0x66, 0x46, 0x66, 0x2F, 0x77, 0x36, 0x40, 0x68, 0x08, 0xE1, 0xE3, 0xE2, 0x39,
    0xF1, 0x49, 0xD4, 0x41, 0x6A, 0x71, 0x89, 0x04, 0x20, 0x3D, 0xC7, 0xC1, 0x13, 0xC4, 0x22, 0xA4,
    0xC5, 0x41, 0x79, 0xFF, 0x85, 0x2E, 0x7C, 0x5E, 0xBC, 0x17, 0xAB, 0x3C, 0x50, 0x5E, 0x23, 0x88,
    0x24, 0xA9, 0x0E, 0xFF, 0x57, 0xCA, 0x3B, 0x87, 0xF3, 0x64, 0xE5, 0x75, 0x97, 0x88, 0x05, 0x94,
    0xF2, 0x62, 0x37, 0x4F, 0x2B, 0xEF, 0x0A, 0xF6, 0xE1, 0x7E, 0x8D, 0xAC, 0xF2, 0x09, 0x0A, 0x38,
    0x73, 0x65, 0x95, 0xC9, 0x35, 0xC5, 0x2D, 0xAC, 0xB2, 0xBF, 0x83, 0x8C, 0xA6, 0x93, 0x04, 0x6C,
    0x84, 0xF8, 0x83, 0x66, 0x71, 0xBD, 0x5A, 0x4D, 0x35, 0xF9, 0x7F, 0x75, 0x62, 0xC8, 0xBA, 0x1E,
    0x5B, 0xB2, 0x99, 0xA5, 0xD8, 0xB4, 0xA2, 0x10, 0xA2, 0x9E, 0x35, 0xB1, 0xE4, 0xEC, 0x57, 0xCE,
    0xC7, 0x75, 0x88, 0x35, 0x62, 0x43, 0x2E, 0xA9, 0x29, 0x45, 0xE2, 0x88, 0x06, 0x10, 0x16, 0x12,
    0xD1, 0x61, 0xCB, 0x18, 0xA3, 0x50, 0x46, 0xEF, 0x00, 0xD8, 0xAF, 0x72, 0x24, 0xFC, 0xEE, 0x81,
    0x95, 0xAF, 0x75, 0x1A, 0x58, 0xB5, 0x11, 0xC9, 0xC0, 0x7A, 0x6C, 0x8A, 0x8D, 0xBB, 0x95, 0xC6,
    0xDD, 0x4A, 0xEC, 0x3C, 0x19, 0x60, 0x1B, 0x03, 0xAC, 0x0F, 0x0D, 0xBB, 0xBF, 0xC0, 0x9E, 0xB4,
    0xA4, 0x2F, 0xED, 0x36, 0x45, 0xF1, 0x0A, 0xE7, 0x0C, 0x78, 0x71, 0x69, 0xD0, 0xE5, 0x7D, 0x60,
    0x8E, 0x45, 0x85, 0xDE, 0x1F, 0x8F, 0xFB, 0x39, 0x0C, 0x66, 0x86, 0xF8, 0x2F, 0xEE, 0x7D, 0xCB,
    0xD8, 0xFA, 0x58, 0x13, 0x18, 0x12, 0xAC, 0xD6, 0xF9, 0x78, 0x73, 0x0A, 0x8F, 0xBB, 0xE7, 0x9F,
    0xFA, 0x2B, 0x82, 0x68, 0xA7, 0x90, 0xF6, 0x51, 0x48, 0x7E, 0x72, 0x9B, 0x7E, 0x26, 0x4B, 0x48,
    0x9C, 0xBC, 0x4E, 0xD7, 0x45, 0x0B, 0x7A, 0xF5, 0xFB, 0xF2, 0xCF, 0x09, 0xDE, 0xB8, 0x05, 0x1F,
    0x0B, 0x7A, 0xAB, 0xE3, 0x44, 0x83, 0xD3, 0x0D, 0x26, 0x3B, 0x5E, 0xA9, 0x04, 0xB9, 0x64, 0x61,
    0x65, 0x72, 0x21, 0x42, 0x43, 0xB6, 0x6A, 0x57, 0x74, 0x8D, 0xF7, 0x3E, 0x01, 0xC7, 0xEB, 0xAB,
    0x13, 0x0E, 0x31, 0x69, 0xF0, 0xBF, 0x1C, 0x05, 0x9C, 0x0A, 0xD2, 0xEF, 0x51, 0x64, 0xD1, 0x5C,
    0x0D, 0x7B, 0xED, 0xA6, 0x50, 0xF8, 0x28, 0xFD, 0x7D, 0x44, 0x60, 0x7F, 0x8A, 0xFB, 0x00, 0x50,
    0x3B, 0x27, 0xFB, 0x19, 0x74, 0x62, 0x1D, 0x5E, 0x08, 0x6B, 0x2B, 0x30, 0x1E, 0x99, 0xEF, 0x06,
    0x9B, 0xE4, 0xB7, 0x78, 0x1F, 0x72, 0x6C, 0xFD, 0x90, 0x41, 0x13, 0xDC, 0x31, 0x3C, 0x5B, 0xEC,
    0xE2, 0xA4, 0xE6, 0x2F, 0x5B, 0x77, 0x8E, 0x8A, 0xD9, 0x01, 0x72, 0x11, 0x87, 0xCB, 0x6E, 0x40,
    0xE8, 0x16, 0x8D, 0xAC, 0xCB, 0x5A, 0x52, 0xDA, 0xF4, 0x75, 0x5D, 0x76, 0x0F, 0x50, 0x1C, 0x05,
    0x53, 0x7C, 0x88, 0xE3, 0xA8, 0xF5, 0x92, 0x65, 0x92, 0x4C, 0xB1, 0xC7, 0x3D, 0x03, 0x47, 0x3A,
    0x32, 0xC5, 0xC6, 0xA3, 0x97, 0xF5, 0xF8, 0x98, 0x09, 0x96, 0x0F, 0x34, 0xC5, 0x11, 0xEB, 0x26,
    0x1B, 0xDD, 0x94, 0x35, 0xB6, 0x06, 0x79, 0x9A, 0xC8, 0x43, 0x69, 0x6D, 0xC2, 0x66, 0xA1, 0xC9,
    0x54, 0xCD, 0xFC, 0x3D, 0x9A, 0xE2, 0x2B, 0x4A, 0x63, 0xD5, 0xB6, 0xB6, 0x29, 0xCE, 0xB8, 0x95,
    0xD6, 0x58, 0xA1, 0x9A, 0x64, 0x94, 0x28, 0xAF, 0xE7, 0x4A, 0x63, 0x3D, 0x8E, 0xA0, 0x59, 0x63,
    0x3D, 0xA8, 0xDB, 0x6F, 0x6A, 0x80, 0x3C, 0xF0, 0xB1, 0xAA, 0x04, 0x6D, 0x32, 0x9F, 0x3B, 0xF7,
    0x0D, 0x9D, 0x41, 0x59, 0x79, 0x58, 0x61, 0x56, 0x93, 0x3E, 0x60, 0x37, 0xF1, 0x57, 0x07, 0x56,
    0xB2, 0x31, 0x60, 0x60, 0x15, 0xD9, 0x57, 0xDD, 0x2C, 0xB0, 0xE2, 0xC3, 0xCC, 0xE7, 0x2E, 0x80,
    0xDD, 0x37, 0x78, 0x0A, 0xD9, 0xB1, 0xE6, 0x00, 0xD6, 0x90, 0xEF, 0xB2, 0xAC, 0xFC, 0x2B, 0x02,
    0xAB, 0xAA, 0x3A, 0x0C, 0xAC, 0xC7, 0x15, 0x97, 0x0F, 0x81, 0xDD, 0x1F, 0xD8, 0x15, 0x74, 0x85,
    0x9C, 0xC8, 0x08, 0x58, 0x87, 0x7B, 0x7F, 0xE2, 0x25, 0x01, 0xAB, 0xBD, 0xCA, 0x3A, 0x99, 0x62,
    0x5F, 0x9B, 0xE2, 0x7C, 0x8F, 0x29, 0x3E, 0xCF, 0xFB, 0x90, 0x00, 0x16, 0xF9, 0xAE, 0xAB, 0xEC,
    0x6F, 0x41, 0x1A, 0x1B, 0x90, 0x12, 0x11, 0x79, 0x9C, 0x48, 0x27, 0x5C, 0x58, 0x53, 0xAC, 0xC9,
    0x54, 0x4D, 0xF7, 0xDE, 0x44, 0xC5, 0xCA, 0xE7, 0x29, 0x60, 0x0B, 0x14, 0xA1, 0x18, 0x58, 0x6F,
    0xE9, 0x50, 0x42, 0xCE, 0xC0, 0xC2, 0x0F, 0xBF, 0x6F, 0xC0, 0x66, 0x16, 0x58, 0x67, 0x6E, 0x53,
    0x5A, 0xEF, 0x0D, 0x0B, 0x6C, 0xC0, 0xEF, 0x32, 0xB0, 0x61, 0x6A, 0x53, 0xDA, 0xD5, 0xC8, 0x7E,
    0xF0, 0x58, 0x09, 0x28, 0xA6, 0x53, 0x6B, 0x97, 0x52, 0xEB, 0x0E, 0x48, 0x06, 0x96, 0x56, 0x53,
    0x6B, 0x60, 0xFD, 0x5C, 0x37, 0x1D, 0x11, 0xB0, 0x99, 0xAE, 0xDD, 0x31, 0xB0, 0x49, 0xAF, 0xB1,
    0x9A, 0xAC, 0x52, 0x43, 0xA2, 0xCF, 0xD4, 0xD4, 0xF9, 0x6A, 0x4A, 0xAD, 0x75, 0x94, 0xD0, 0x7C,
    0xBB, 0xD1, 0xAB, 0x27, 0x60, 0xA5, 0x69, 0x39, 0x1A, 0xD7, 0x51, 0x77, 0xD7, 0x6A, 0xBA, 0x4B,
    0x63, 0xD7, 0xB9, 0xC4, 0x5C, 0x01, 0x58, 0x15, 0x62, 0x2F, 0x00, 0xEC, 0x33, 0x24, 0x31, 0x8F,
    0x8A, 0xD3, 0x77, 0x09, 0xAC, 0x5E, 0x05, 0x18, 0x82, 0xE2, 0x9F, 0x8D, 0x8A, 0x5B, 0xAD, 0xB1,
    0xFE, 0x36, 0x25, 0xB7, 0xDA, 0xC7, 0xA2, 0x0F, 0xF2, 0xD7, 0x5E, 0x63, 0x5D, 0xBC, 0xFE, 0x09,
    0x06, 0x96, 0x5F, 0x8F, 0x72, 0xDE, 0x04, 0x10, 0x66, 0x13, 0x20, 0x50, 0x12, 0x2E, 0xF3, 0x5A,
    0x4B, 0x91, 0x38, 0x99, 0x1F, 0x18, 0x3C, 0xBD, 0x23, 0x9A, 0xA7, 0x45, 0x2E, 0x1E, 0xA6, 0xDF,
    0x44, 0x2E, 0x91, 0xE8, 0x3E, 0xD9, 0x02, 0x58, 0x15, 0x68, 0x31, 0xB0, 0x3E, 0x37, 0x0E, 0x64,
    0xEF, 0x5E, 0x63, 0x07, 0xC0, 0xEE, 0x6F, 0x8A, 0xB9, 0x98, 0xAC, 0x34, 0x96, 0xC9, 0x07, 0x0A,
    0xD8, 0x61, 0x11, 0xAA, 0xD8, 0x1F, 0x58, 0x2E, 0x42, 0x7D, 0xD2, 0x02, 0xEB, 0x2D, 0x6C, 0x11,
    0x4A, 0xB7, 0x8B, 0x03, 0xC0, 0x4B, 0x7D, 0x11, 0xAA, 0x31, 0xB5, 0x9E, 0x58, 0x54, 0xAA, 0x79,
    0xCF, 0x9B, 0xAF, 0xAA, 0x65, 0xA1, 0x77, 0x55, 0xED, 0xC9, 0xA3, 0x39, 0x18, 0x3E, 0x16, 0xE6,
    0xB5, 0x62, 0x1F, 0x8B, 0x30, 0x29, 0xDD, 0xB4, 0xC1, 0x53, 0x4C, 0x49, 0xE4, 0x58, 0x17, 0x88,
    0x2F, 0x97, 0x07, 0x15, 0x88, 0xEF, 0x24, 0xDD, 0x4E, 0x9B, 0xE2, 0x8F, 0x21, 0xB9, 0x4C, 0xA6,
    0xAA, 0xF0, 0x1E, 0xCA, 0xF2, 0xE1, 0x99, 0x62, 0x66, 0x28, 0x5F, 0x55, 0x8D, 0x85, 0x4E, 0x4D,
    0x1C, 0x52, 0xC0, 0x7A, 0x20, 0xDB, 0x91, 0x5A, 0x39, 0xAA, 0xFF, 0x0C, 0x6C, 0x58, 0x81, 0x64,
    0x60, 0x1D, 0x64, 0xD4, 0xAD, 0x02, 0xB6, 0xA6, 0x7C, 0x84, 0x93, 0x20, 0x11, 0xE0, 0xD5, 0x39,
    0x9B, 0xE2, 0xB4, 0x8C, 0x91, 0xF6, 0x82, 0x67, 0x7F, 0xA0, 0x52, 0xA2, 0xD0, 0x76, 0x3A, 0x1A,
    0x60, 0x7F, 0xFB, 0x1D, 0xF6, 0xE4, 0xF7, 0x05, 0xB6, 0x7D, 0xDF, 0x34, 0x76, 0x85, 0x06, 0xF2,
    0xB7, 0x59, 0x63, 0x53, 0x90, 0xB2, 0x82, 0xC6, 0x72, 0xA6, 0xB6, 0xD2, 0x42, 0x63, 0xCF, 0xF3,
    0xA5, 0xA7, 0xEF, 0x2A, 0x78, 0x72, 0x3B, 0x61, 0xB6, 0xED, 0x50, 0x4D, 0x82, 0xA2, 0x11, 0xB0,
    0xA8, 0x31, 0x41, 0xFD, 0x08, 0xD8, 0x47, 0xC5, 0x26, 0x59, 0xD0, 0xCD, 0xF7, 0x56, 0x36, 0x5E,
    0xF6, 0x65, 0x63, 0x99, 0xDB, 0xB2, 0x31, 0x37, 0x7A, 0x2B, 0x60, 0xFD, 0xD2, 0x6A, 0x2C, 0x79,
    0x0A, 0xA3, 0xB1, 0xA9, 0xF5, 0xB1, 0x7C, 0x81, 0xD6, 0x58, 0x94, 0x08, 0x75, 0xF0, 0x84, 0xC4,
    0x54, 0xFB, 0x58, 0xD9, 0x57, 0x9E, 0xDA, 0xF7, 0x57, 0x63, 0x9F, 0x7D, 0x5F, 0x83, 0xA7, 0xA0,
    0xB3, 0x51, 0xF1, 0xA5, 0xF5, 0x12, 0xC0, 0xCE, 0xB9, 0x3B, 0x8B, 0xFE, 0x25, 0x50, 0x56, 0xE2,
    0xCE, 0x06, 0x6A, 0xC5, 0xF1, 0x5C, 0xF8, 0xE7, 0x9A, 0x44, 0x4C, 0xA7, 0xD8, 0xE0, 0x0A, 0xBC,
    0xC5, 0x63, 0x00, 0xD6, 0x29, 0x44, 0xE0, 0x2F, 0x1E, 0x01, 0xB0, 0x13, 0x59, 0xFA, 0x5E, 0xFB,
    0x18, 0x3A, 0x9E, 0xBA, 0xCF, 0xE7, 0x5E, 0x9E, 0x9D, 0x05, 0x49, 0xBC, 0x26, 0x83, 0x5F, 0x1B,
    0x8C, 0xB7, 0xFD, 0xB9, 0x21, 0x11, 0x6C, 0xE9, 0xE0, 0xC9, 0x21, 0x09, 0x1B, 0x0F, 0x4C, 0xFC,
    0x58, 0xF0, 0x7E, 0xA6, 0xF3, 0x45, 0x02, 0xD6, 0x93, 0x3B, 0xE7, 0xC5, 0xE7, 0xE5, 0x12, 0xDD,
    0x74, 0xAA, 0x84, 0x42, 0x19, 0x76, 0xE4, 0xC9, 0xAE, 0x90, 0x3B, 0xB2, 0xF3, 0xAA, 0xF0, 0x53,
    0x64, 0x5B, 0x2F, 0xB8, 0x72, 0x41, 0xC0, 0x96, 0x8A, 0x24, 0xA1, 0xF5, 0xAA, 0x82, 0xC9, 0x3A,
    0x12, 0x4E, 0x13, 0x33, 0x89, 0x82, 0xF8, 0x56, 0xC0, 0x24, 0x57, 0x72, 0x1C, 0x90, 0x2D, 0x03,
    0x3B, 0x4F, 0x88, 0xAC, 0xC0, 0x49, 0xB7, 0x4D, 0xC4, 0x69, 0xB7, 0x62, 0x60, 0x27, 0x64, 0xA6,
    0xDC, 0x97, 0x59, 0x0F, 0xC3, 0x25, 0x1F, 0x52, 0x51, 0x7D, 0xAE, 0x99, 0x08, 0x35, 0xB0, 0x64,
    0xC1, 0x4C, 0xE7, 0xB9, 0x2B, 0x6D, 0x0B, 0x19, 0xAD, 0x6C, 0xF3, 0xC1, 0xC2, 0xF8, 0xCE, 0xCC,
    0x67, 0xB0, 0x99, 0xB7, 0xA5, 0x93, 0x7F, 0xC2, 0x78, 0x92, 0x2B, 0xF9, 0x25, 0x8C, 0x51, 0x92,
    0x71, 0xF5, 0x66, 0x5E, 0x91, 0xDB, 0x26, 0xF5, 0xB0, 0xE5, 0xE6, 0x10, 0xA8, 0xA9, 0x6C, 0x9D,
    0x42, 0xE5, 0xB1, 0x93, 0x0E, 0xF1, 0x2B, 0x03, 0x0B, 0xAD, 0x11, 0x27, 0x19, 0x6E, 0x65, 0x35,
    0xCE, 0xEF, 0x0A, 0x90, 0xF7, 0xC1, 0xF8, 0x39, 0xD1, 0x18, 0x8C, 0x17, 0x3D, 0xC6, 0x4B, 0x83,
    0xF1, 0x6B, 0x04, 0xEC, 0x5C, 0x61, 0xEC, 0xF5, 0x18, 0x7B, 0xB2, 0x31, 0x18, 0x7B, 0x30, 0x57,
    0x0A, 0x63, 0x4F, 0xE6, 0x06, 0x63, 0xAF, 0xB3, 0x18, 0x7B, 0x8D, 0xC5, 0xD8, 0x2B, 0x23, 0x83,
    0xB1, 0x57, 0x16, 0x06, 0x63, 0xEF, 0x3B, 0x16, 0x63, 0x5F, 0xC5, 0x8C, 0x88, 0xC8, 0xC2, 0x65,
    0x8F, 0xF1, 0xA6, 0xC5, 0xB8, 0xED, 0x31, 0xCE, 0x7F, 0x9D, 0xB2, 0xDB, 0xFD, 0x43, 0xAA, 0x80,
    0xD1, 0x64, 0x32, 0x6C, 0x14, 0x5B, 0x18, 0x79, 0x55, 0xB1, 0xE3, 0x62, 0xC6, 0x9C, 0x9B, 0x2F,
    0x80, 0xB1, 0x6C, 0x04, 0xD2, 0x2E, 0x24, 0x41, 0xF4, 0xB7, 0xA8, 0x55, 0x12, 0x44, 0xFC, 0x48,
    0x6B, 0x15, 0x52, 0x15, 0xE4, 0x0E, 0x2A, 0x65, 0xA0, 0x4F, 0xF1, 0xF6, 0xFB, 0xDB, 0xC7, 0xCA,
    0xA2, 0x8F, 0x95, 0x6B, 0x6D, 0xA0, 0x83, 0x6D, 0x88, 0x24, 0x1B, 0xE8, 0x38, 0xC7, 0x7F, 0x36,
    0xD0, 0xE8, 0xB5, 0x7F, 0x70, 0x62, 0xE5, 0x45, 0x64, 0x81, 0x55, 0xA7, 0x2F, 0x18, 0xD8, 0xB0,
    0xB9, 0xA0, 0x81, 0xA5, 0x84, 0xAE, 0xD1, 0xC0, 0xDE, 0x2E, 0xF9, 0x1C, 0x1C, 0x80, 0x7D, 0x59,
    0x77, 0x4B, 0x11, 0xB0, 0xD7, 0x4B, 0x75, 0x3E, 0x0C, 0x5B, 0x03, 0xFA, 0x02, 0x02, 0x36, 0xCC,
    0x54, 0xC6, 0x44, 0xC0, 0x86, 0xC1, 0xAD, 0xA9, 0x01, 0xB6, 0xE8, 0x2C, 0xB0, 0x6D, 0x6C, 0x81,
    0x3D, 0xFE, 0x4E, 0xC0, 0x1E, 0x61, 0xC9, 0x56, 0xC0, 0xD6, 0x6A, 0xFE, 0x44, 0x82, 0xB9, 0x03,
    0x60, 0x71, 0x44, 0xE5, 0x43, 0x60, 0xDF, 0xB3, 0xC6, 0xD6, 0xDC, 0xEC, 0x02, 0x8D, 0x0D, 0xD4,
    0xB9, 0x20, 0x68, 0x2C, 0x1F, 0xFE, 0xF3, 0x6B, 0x68, 0xAC, 0x52, 0xC9, 0x16, 0x1A, 0xAB, 0x73,
    0x62, 0x00, 0xAB, 0x66, 0xFD, 0x89, 0x7B, 0x5F, 0x68, 0xCC, 0x6D, 0x76, 0xEB, 0x96, 0xD6, 0x2A,
    0xEB, 0x0D, 0x59, 0xB1, 0xB1, 0xC1, 0x07, 0xE2, 0x74, 0x12, 0x14, 0x6E, 0xD8, 0x24, 0xE8, 0x8C,
    0xC9, 0xBB, 0x63, 0x91, 0x44, 0xDC, 0x41, 0x41, 0xC0, 0x66, 0xD3, 0x90, 0xAB, 0xC2, 0xB0, 0xCA,
    0x35, 0x25, 0x14, 0xE4, 0x0B, 0x09, 0xD8, 0x9B, 0xD8, 0x94, 0x25, 0x9F, 0x4F, 0x56, 0xF9, 0x4D,
    0x2D, 0xBF, 0x6B, 0x2C, 0x23, 0xB5, 0x29, 0x5B, 0x28, 0x52, 0x03, 0x6B, 0x1A, 0xDE, 0xBC, 0x92,
    0x3B, 0xAF, 0xC0, 0x50, 0x77, 0x0E, 0xE9, 0x50, 0xC0, 0xB6, 0xB0, 0xD8, 0x0A, 0xD8, 0xB4, 0x07,
    0x76, 0xE5, 0xF5, 0x41, 0x93, 0xDB, 0xE5, 0xFD, 0xF6, 0x7C, 0xB8, 0x6C, 0x66, 0xAC, 0x75, 0xB1,
    0x2D, 0x4E, 0x68, 0x7B, 0x3D, 0xD8, 0xF6, 0xE1, 0xB6, 0x14, 0x2D, 0x45, 0x6A, 0x1F, 0x42, 0x6D,
    0x4C, 0x78, 0x0D, 0xF4, 0xC7, 0x61, 0x49, 0x0B, 0x4A, 0xBC, 0x11, 0xE7, 0x0B, 0x4E, 0x77, 0xD6,
    0xE7, 0x48, 0x15, 0xD7, 0x18, 0x59, 0xB7, 0x11, 0x7E, 0xC5, 0x9D, 0x4D, 0x2D, 0xF7, 0x35, 0x65,
    0x08, 0x29, 0x81, 0xFC, 0x08, 0xAD, 0x46, 0xBA, 0x15, 0xEA, 0x10, 0x73, 0xBE, 0x56, 0x91, 0xA9,
    0x96, 0x0E, 0x9B, 0x30, 0x0E, 0xBB, 0xA1, 0xD0, 0x8A, 0x64, 0xE9, 0x33, 0xA4, 0x46, 0xFE, 0xE6,
    0x29, 0x31, 0x72, 0xA6, 0x3C, 0x5A, 0xC0, 0xBB, 0x40, 0x68, 0x8E, 0x5A, 0xB5, 0xFB, 0x23, 0x83,
    0xDE, 0xA6, 0x61, 0xCB, 0xD3, 0x9E, 0xD7, 0xCF, 0x20, 0x0B, 0x43, 0x13, 0x3C, 0xD1, 0xA3, 0xF3,
    0x0E, 0xA4, 0x39, 0xDD, 0x74, 0x9E, 0x16, 0xD1, 0x12, 0x07, 0x23, 0x44, 0xDC, 0x45, 0x9D, 0x88,
    0x2F, 0x77, 0x7C, 0x2A, 0x6E, 0xBD, 0x2B, 0x44, 0xE2, 0xCD, 0xC7, 0x4E, 0xB1, 0x19, 0x3E, 0xD9,
    0x84, 0x19, 0x81, 0x3F, 0x8D, 0x65, 0x47, 0x53, 0xF7, 0x73, 0xF4, 0xCE, 0xCB, 0x6C, 0x72, 0xBD,
    0xE4, 0x43, 0x60, 0x6E, 0x55, 0x0B, 0xEF, 0x25, 0x2C, 0x7E, 0x4D, 0x9F, 0x65, 0xAD, 0x89, 0x39,
    0x5B, 0x4A, 0x8A, 0xA0, 0xCD, 0x38, 0x0E, 0x58, 0xAB, 0xC8, 0xDA, 0xDB, 0x4D, 0x1F, 0xD6, 0xF4,
    0x47, 0xBC, 0xF2, 0xC5, 0x48, 0x5F, 0xBF, 0x16, 0xE6, 0xA9, 0x2E, 0xD6, 0xA0, 0xD0, 0x19, 0xDC,
    0xD4, 0xF4, 0x0F, 0x5A, 0x93, 0xA7, 0x06, 0x66, 0xF7, 0xAE, 0xDF, 0x1B, 0xDA, 0xB5, 0x39, 0x44,
    0x7A, 0x6E, 0x77, 0x87, 0x06, 0x32, 0x10, 0x0C, 0xF6, 0xFD, 0x7E, 0x6A, 0xF6, 0xFD, 0x82, 0x6D,
    0x2B, 0x00, 0xBC, 0x03, 0x35, 0xDC, 0xF7, 0x8B, 0xF6, 0xDF, 0xF7, 0xEB, 0x13, 0x77, 0x48, 0xF2,
    0x96, 0xDD, 0xEF, 0x22, 0xB4, 0xCF, 0x30, 0x74, 0x3E, 0xC5, 0xCD, 0x3C, 0x44, 0x9A, 0x79, 0x95,
    0x5F, 0xAE, 0xD7, 0xEA, 0x73, 0xEA, 0x30, 0xE7, 0x78, 0x88, 0x6C, 0x7E, 0x6B, 0xB2, 0xA8, 0x15,
    0x31, 0xEE, 0xB7, 0xDF, 0x92, 0x51, 0xBF, 0x13, 0xD7, 0x43, 0x38, 0x4A, 0x3E, 0x62, 0xDB, 0xD6,
    0x92, 0x33, 0xBC, 0x13, 0x87, 0x13, 0xB1, 0x49, 0x0A, 0x9B, 0x44, 0x81, 0x0D, 0x91, 0x32, 0x47,
    0x67, 0x13, 0xA2, 0x94, 0xB5, 0x37, 0xE7, 0x44, 0xFA, 0x20, 0xD3, 0x6B, 0x35, 0x2E, 0x60, 0x32,
    0x6F, 0x49, 0xCB, 0xD0, 0x83, 0x16, 0xA5, 0x22, 0x39, 0x4C, 0x23, 0x91, 0x48, 0x9F, 0x5A, 0xB5,
    0x4D, 0x70, 0x67, 0x7A, 0xD1, 0x4B, 0x66, 0x56, 0x22, 0xC7, 0xBD, 0xA0, 0xCE, 0x6A, 0x8D, 0x2C,
    0x9F, 0x70, 0x24, 0xDD, 0xE4, 0xF2, 0x24, 0x70, 0x2F, 0x23, 0xB0, 0xDD, 0x2F, 0x1B, 0xBA, 0xAD,
    0xC8, 0x0A, 0xC1, 0x4D, 0xB8, 0xE1, 0x39, 0x3E, 0x8C, 0x92, 0x12, 0x03, 0xAE, 0x02, 0x68, 0xE4,
    0xC6, 0x21, 0x5D, 0x47, 0xAB, 0xCF, 0x70, 0xE2, 0xAA, 0x58, 0xEC, 0xDD, 0xF7, 0x2B, 0xF6, 0xEC,
    0xFB, 0x39, 0xF2, 0xA0, 0x7D, 0xBF, 0x9D, 0x7B, 0x67, 0xB5, 0x33, 0x62, 0x83, 0xB2, 0xDA, 0x64,
    0x6B, 0xA6, 0xDA, 0x6A, 0xD3, 0x7C, 0x13, 0x6D, 0xB5, 0x43, 0x14, 0x5B, 0x95, 0xD5, 0xBE, 0xC4,
    0xC7, 0xDF, 0x60, 0xB5, 0x31, 0x04, 0x71, 0x12, 0x56, 0x9B, 0x59, 0x92, 0xBC, 0x6D, 0x9C, 0x55,
    0x89, 0x2B, 0x3A, 0xCE, 0xE2, 0x8F, 0x50, 0x56, 0xDB, 0x53, 0x07, 0x59, 0xB9, 0x7F, 0xB5, 0xE4,
    0x84, 0x54, 0xEF, 0xFB, 0x85, 0x92, 0x9B, 0xD3, 0xA3, 0x46, 0xE5, 0x15, 0x6F, 0x53, 0xE1, 0x70,
    0x3E, 0x6B, 0x77, 0x11, 0x0A, 0xE6, 0x03, 0xDC, 0x71, 0x70, 0x8B, 0x55, 0x1A, 0xEE, 0x78, 0x4D,
    0xF5, 0x25, 0x4E, 0xD5, 0x01, 0x76, 0x3E, 0xAD, 0xBA, 0xAA, 0x4A, 0x6D, 0x63, 0x76, 0xC7, 0x1C,
    0x57, 0x2F, 0xD9, 0x1D, 0x07, 0xFD, 0x2E, 0x82, 0xEA, 0x5F, 0x65, 0x77, 0xAC, 0x49, 0xB8, 0x63,
    0x4D, 0xC2, 0x1D, 0x87, 0x92, 0x3E, 0x42, 0xB2, 0x06, 0x78, 0x88, 0x8F, 0x17, 0xBF, 0x51, 0xDB,
    0x43, 0x85, 0x3D, 0x2F, 0x08, 0xF9, 0x0F, 0x16, 0xFA, 0x58, 0x99, 0x72, 0xB1, 0x04, 0xAC, 0xDB,
    0x9F, 0x17, 0x74, 0x76, 0x9F, 0x17, 0xF4, 0xDE, 0xFD, 0x79, 0xC1, 0x48, 0xF5, 0x12, 0x03, 0xD8,
    0xE2, 0xD5, 0x9D, 0x6F, 0x5F, 0xBD, 0x5C, 0x03, 0xD8, 0x37, 0xCA, 0xFA, 0xF1, 0xE4, 0xE8, 0x98,
    0x80, 0x75, 0x7F, 0xC0, 0x64, 0x42, 0xC0, 0xBA, 0x36, 0x49, 0x1A, 0xB9, 0xAF, 0xE1, 0xDA, 0x7F,
    0xDD, 0x22, 0x60, 0x9D, 0x1F, 0xAB, 0x0B, 0x00, 0xEC, 0x0E, 0xC8, 0x87, 0x5A, 0x00, 0xAB, 0xDA,
    0x95, 0x2B, 0x00, 0xBB, 0xC2, 0xC8, 0x67, 0x1F, 0xF0, 0xF6, 0xD0, 0xAD, 0x7B, 0x07, 0xAC, 0xCB,
    0x5B, 0xEE, 0x0C, 0x2C, 0x37, 0x71, 0x84, 0x28, 0x5D, 0x5D, 0xB3, 0xE7, 0xC7, 0xC2, 0x3F, 0xD6,
    0x8D, 0x66, 0x3E, 0x07, 0xD0, 0x6C, 0x5B, 0xAE, 0xCF, 0x57, 0x8F, 0xD9, 0x93, 0x63, 0x89, 0x88,
    0xD1, 0x18, 0x47, 0x53, 0x23, 0x60, 0x55, 0xBF, 0x4C, 0x4B, 0xC0, 0x7A, 0x4B, 0x8A, 0x67, 0xE3,
    0x9B, 0x4B, 0x00, 0xBB, 0xB5, 0x9A, 0x8B, 0x23, 0x37, 0x7F, 0x0E, 0x60, 0x13, 0x12, 0x09, 0xF7,
    0x26, 0x37, 0xAD, 0xDE, 0x41, 0xD6, 0x96, 0xAC, 0x34, 0xB9, 0xF2, 0xC2, 0xB9, 0x8A, 0xB7, 0x87,
    0x92, 0x35, 0x29, 0x77, 0x88, 0x24, 0x60, 0x93, 0x74, 0xFB, 0x0F, 0x8B, 0x8A, 0x81, 0x4D, 0xC8,
    0x0C, 0x04, 0x44, 0x92, 0xC6, 0x9A, 0xDB, 0xEA, 0x01, 0x39, 0x12, 0xE8, 0xFB, 0x91, 0x55, 0x0D,
    0x8D, 0xD5, 0x24, 0x80, 0x1D, 0x2B, 0x12, 0xE7, 0x84, 0x34, 0x09, 0x60, 0x37, 0x14, 0x49, 0x37,
    0xB7, 0x1B, 0x29, 0xC1, 0x52, 0xD5, 0xC4, 0xCA, 0xB5, 0x0D, 0x1E, 0xEC, 0x2D, 0x04, 0xD9, 0x2D,
    0x93, 0xDC, 0x48, 0xA0, 0x48, 0x84, 0xF1, 0xDB, 0x08, 0x43, 0x83, 0x39, 0xDC, 0xC4, 0x36, 0x0E,
    0x4D, 0x4E, 0x32, 0x77, 0xA1, 0x5D, 0x5C, 0xCB, 0xCE, 0x1C, 0xDD, 0xD1, 0xE8, 0x2A, 0x29, 0xF5,
    0x79, 0x7B, 0xD5, 0xF8, 0xCD, 0xAD, 0xD1, 0x81, 0xB1, 0xD0, 0x0F, 0xAC, 0xF2, 0x4E, 0xEE, 0x3C,
    0xEC, 0x3B, 0xB6, 0x6A, 0xDA, 0x1C, 0x78, 0xD8, 0x77, 0xF2, 0x2B, 0x29, 0xEF, 0xAE, 0x2D, 0x40,
    0x9F, 0xB9, 0xC4, 0x1B, 0x0A, 0xDC, 0xCB, 0xA6, 0xCA, 0x93, 0xAA, 0x40, 0x04, 0x8C, 0x54, 0x2F,
    0x05, 0x27, 0x49, 0x5E, 0xDF, 0x3F, 0xE5, 0xF7, 0xFD, 0x53, 0x41, 0xDF, 0xD5, 0xAA, 0x2E, 0xE0,
    0x24, 0x49, 0x35, 0x31, 0x2B, 0xE5, 0xC5, 0xE9, 0x4F, 0xAD, 0xBC, 0xCE, 0xF3, 0xF7, 0x47, 0x79,
    0x89, 0xB6, 0x65, 0xAC, 0x61, 0xAF, 0x3A, 0x65, 0x70, 0x6F, 0xDC, 0x28, 0x8C, 0x7F, 0x9E, 0xFC,
    0xCF, 0x97, 0x6F, 0x3C, 0xA4, 0xA2, 0x1C, 0x1A, 0xF4, 0xE8, 0x97, 0x6F, 0x1C, 0x4D, 0xD5, 0x58,
    0xE1, 0xCB, 0x78, 0xF2, 0xBB, 0xCA, 0xD0, 0xA4, 0xD7, 0xF9, 0x89, 0x3A, 0xC5, 0xB2, 0x50, 0x4F,
    0xF4, 0xF1, 0x16, 0xF5, 0x84, 0x3B, 0xE7, 0x7D, 0xF3, 0x04, 0xFC, 0x0C, 0x2F, 0xA8, 0x27, 0x47,
    0x10, 0x9C, 0xC6, 0x8F, 0xEB, 0x27, 0x88, 0xBD, 0x13, 0xF5, 0xE4, 0x2B, 0x47, 0x20, 0x30, 0x5B,
    0x8F, 0xCB, 0xC5, 0x97, 0x6F, 0x84, 0xF2, 0x08, 0xC2, 0x8A, 0xF6, 0xB7, 0xBA, 0xE5, 0xF1, 0x27,
    0x53, 0xF9, 0x9F, 0x27, 0xB1, 0xF1, 0xE8, 0xE3, 0x6C, 0xD2, 0x96, 0x8B, 0xE3, 0x38, 0x48, 0x56,
    0x28, 0x10, 0xAE, 0x45, 0xE3, 0x56, 0x7C, 0x66, 0xC9, 0x43, 0xA7, 0x16, 0x0E, 0xF5, 0x78, 0xE5,
    0x08, 0x4F, 0x2A, 0x3E, 0x07, 0xE4, 0x95, 0x67, 0xEE, 0x78, 0x52, 0xEB, 0x27, 0xA7, 0x04, 0x0F,
    0xA0, 0x9E, 0x84, 0x6A, 0xA3, 0xAE, 0xC5, 0x13, 0xFA, 0x9C, 0x8B, 0xB4, 0x42, 0x17, 0x5F, 0xF5,
    0xE2, 0x77, 0x5F, 0x83, 0x5E, 0x84, 0xF2, 0x1A, 0xE1, 0x93, 0x3E, 0x5D, 0xA3, 0xA0, 0xE6, 0x76,
    0xFE, 0xA2, 0x10, 0xC5, 0x67, 0x10, 0x35, 0x41, 0xA7, 0x36, 0x26, 0xD9, 0xED, 0xCF, 0xE0, 0xBB,
    0x1B, 0x68, 0x95, 0xA3, 0xB3, 0xFF, 0x91, 0xBF, 0xF5, 0x0D, 0x9A, 0x66, 0x0C, 0xE9, 0xFB, 0xEA,
    0x5B, 0xE5, 0x9B, 0x37, 0x48, 0xB4, 0x53, 0xEC, 0x91, 0xD4, 0x6F, 0xE6, 0xBF, 0xBC, 0xFE, 0x75,
    0x2E, 0xAE, 0xF9, 0x37, 0x7F, 0xFC, 0xB3, 0xFC, 0xDF, 0x7F, 0x3C, 0x5F, 0xA0, 0x8F, 0x2F, 0xFA,
    0xFA, 0xF5, 0x1B, 0xD9, 0xB8, 0xAE, 0x53, 0x3C, 0xB9, 0x18, 0x7C, 0xFA, 0x1B, 0x22, 0xD9, 0xB8,
    0x10, 0x94, 0x52, 0x3A, 0x8D, 0x1F, 0x46, 0x62, 0x74, 0x9A, 0x44, 0x45, 0x4A, 0x92, 0x9C, 0x8F,
    0xF2, 0x57, 0xE0, 0x88, 0x59, 0x21, 0x61, 0xFA, 0xF8, 0x7C, 0x03, 0x19, 0x92, 0x25, 0xA2, 0xCF,
    0x86, 0xB5, 0x7B, 0x14, 0xB5, 0x67, 0xEC, 0xC1, 0x86, 0x63, 0x7C, 0x0C, 0x16, 0xD7, 0x5C, 0xE2,
    0x2C, 0x3E, 0x51, 0xBD, 0x6E, 0x08, 0x57, 0xCE, 0x3B, 0x57, 0x95, 0xC3, 0x20, 0xDD, 0x85, 0x09,
    0xC8, 0x4F, 0xAA, 0x6F, 0x05, 0x91, 0xBF, 0x28, 0xE4, 0x3F, 0x2A, 0x8B, 0xC0, 0xDF, 0xBC, 0x42,
    0x2F, 0x35, 0xF7, 0xDE, 0xA3, 0xA3, 0x30, 0xE0, 0x76, 0x6C, 0x14, 0x90, 0xB3, 0x38, 0xB2, 0x82,
    0x51, 0xE0, 0x5E, 0x2B, 0x77, 0x01, 0xA3, 0xA0, 0x64, 0xFD, 0xB1, 0xBB, 0xFE, 0x06, 0x00, 0xB7,
    0xB1, 0x46, 0x41, 0x7B, 0x74, 0x56, 0xFF, 0x65, 0x6F, 0x14, 0x96, 0xBD, 0x47, 0x5F, 0xDA, 0x03,
    0xA2, 0x81, 0xCE, 0xAA, 0x8B, 0x8C, 0xA7, 0x0B, 0xF2, 0x61, 0x1A, 0x75, 0xF3, 0x6E, 0x8D, 0x82,
    0xDB, 0xD9, 0xBE, 0x80, 0xF0, 0xF5, 0xD2, 0x18, 0x85, 0x11, 0x27, 0xBD, 0xBC, 0x67, 0xC1, 0x87,
    0xD2, 0x54, 0xE5, 0x24, 0x41, 0x10, 0xA9, 0x2A, 0x27, 0x6C, 0x40, 0x54, 0xE5, 0x84, 0x49, 0x55,
    0x39, 0x49, 0x6D, 0xE5, 0x64, 0xD8, 0x2D, 0xCB, 0xA4, 0x32, 0x0A, 0x20, 0xB5, 0x51, 0x40, 0x5B,
    0xBC, 0x36, 0x0A, 0x68, 0xFD, 0xD6, 0x46, 0x81, 0xA6, 0xF3, 0xE0, 0x84, 0x6A, 0x27, 0xC8, 0x84,
    0x39, 0x2F, 0xE4, 0x00, 0x56, 0xF9, 0x96, 0x1A, 0xC0, 0x3E, 0xEA, 0xA2, 0x2F, 0xE3, 0x99, 0xBB,
    0x02, 0x36, 0xE6, 0x3E, 0xE9, 0x0A, 0x7B, 0x16, 0xDB, 0x08, 0xBF, 0x5E, 0xDD, 0x22, 0x60, 0x3D,
    0x54, 0xD2, 0xA0, 0xAA, 0xCD, 0x2C, 0x44, 0x64, 0xFE, 0x98, 0xF0, 0xF2, 0x59, 0xF3, 0x50, 0x40,
    0x22, 0x73, 0x36, 0x3E, 0x57, 0x8E, 0xEB, 0x47, 0xC2, 0xFA, 0x8A, 0x78, 0x3C, 0xBD, 0x56, 0x26,
    0xF5, 0x23, 0x51, 0x7D, 0x41, 0x5C, 0x60, 0xF2, 0xA1, 0xB0, 0xBA, 0x22, 0x9E, 0x48, 0xBF, 0x46,
    0x64, 0xE8, 0xD0, 0x6D, 0xC9, 0x61, 0x2F, 0x4F, 0x6A, 0x1F, 0x0D, 0xE6, 0xA7, 0x44, 0x40, 0xC0,
    0xBA, 0x0D, 0xDA, 0x96, 0x49, 0xEB, 0x09, 0xD8, 0xC9, 0x02, 0x32, 0xD9, 0x00, 0xD8, 0xC3, 0x99,
    0x6A, 0x24, 0x21, 0x60, 0xCD, 0x1E, 0x16, 0xAD, 0xE3, 0x2B, 0x7F, 0x41, 0xD4, 0xEF, 0x7F, 0x17,
    0xC0, 0xFE, 0x10, 0x7B, 0x58, 0xFF, 0xF6, 0xD7, 0x08, 0xD5, 0xF8, 0xE8, 0xC3, 0x0F, 0x9F, 0x00,
    0xB0, 0x68, 0xBA, 0x14, 0x7F, 0x72, 0xFC, 0x8E, 0xED, 0x63, 0x80, 0xA5, 0x81, 0x65, 0xF2, 0x7D,
    0x08, 0xD5, 0x8E, 0x65, 0xF6, 0x0C, 0x03, 0x4E, 0x49, 0x33, 0xB0, 0x15, 0x7F, 0x32, 0x03, 0x9B,
    0xA9, 0x6D, 0x6D, 0x61, 0x3E, 0x59, 0x01, 0x1B, 0xD7, 0xA9, 0x99, 0xCE, 0x4A, 0x7D, 0x55, 0x6D,
    0x85, 0x06, 0x9B, 0x1E, 0xB2, 0x60, 0xCC, 0x63, 0x05, 0x7B, 0xAA, 0xE7, 0x55, 0x6B, 0x52, 0xAB,
    0x0E, 0xFB, 0xC3, 0xD4, 0xCF, 0x27, 0x95, 0xAF, 0x12, 0xCF, 0x58, 0x1C, 0xDE, 0xD4, 0x67, 0x18,
    0x60, 0x2E, 0xFD, 0x72, 0xA4, 0xCB, 0xEE, 0x74, 0xA5, 0x4D, 0x8A, 0xDD, 0x61, 0x11, 0xBB, 0xAF,
    0x5C, 0x37, 0xCD, 0x7E, 0xA7, 0x15, 0x74, 0x7F, 0xFB, 0xA3, 0x7D, 0x7F, 0xFB, 0x9A, 0xBB, 0x5F,
    0x7F, 0xBB, 0xF3, 0xFC, 0x41, 0xCA, 0x3B, 0x6E, 0xF6, 0xEB, 0xE4, 0x99, 0xF5, 0xD5, 0xF3, 0xE1,
    0x74, 0x46, 0xC6, 0xE5, 0x1B, 0x8D, 0xC5, 0xD4, 0xF9, 0x8B, 0xC5, 0x38, 0x8D, 0x45, 0xA8, 0xA6,
    0xBD, 0xFF, 0x1D, 0x7D, 0x01, 0xC6, 0x8D, 0xAF, 0xBD, 0x1D, 0xB0, 0xEF, 0x74, 0xA4, 0xFB, 0x03,
    0xD9, 0x3E, 0x86, 0x92, 0xDD, 0xE2, 0xF8, 0x2C, 0x94, 0xFC, 0x4D, 0x62, 0xD0, 0xD8, 0x09, 0x02,
    0x86, 0x93, 0x0D, 0x34, 0x56, 0x71, 0x6D, 0xF6, 0x76, 0xBB, 0x13, 0xE7, 0xC5, 0x69, 0x95, 0x35,
    0x7F, 0x95, 0xBF, 0x98, 0xE9, 0x02, 0x4C, 0xF1, 0x55, 0x72, 0x47, 0xA9, 0x8B, 0x18, 0x5C, 0xC4,
    0x3F, 0xA2, 0xA8, 0xED, 0x47, 0x73, 0x98, 0x62, 0x14, 0x3D, 0x50, 0xD7, 0x80, 0x29, 0x06, 0xA9,
    0x4C, 0x31, 0x36, 0xE4, 0xD0, 0xD9, 0x83, 0x8D, 0x8A, 0xEB, 0xAD, 0xB8, 0x1A, 0xF2, 0x9E, 0x31,
    0x0A, 0x51, 0x8D, 0xDA, 0x65, 0xD4, 0xBB, 0xFD, 0x30, 0xC5, 0x87, 0x74, 0x5F, 0xD3, 0xDE, 0x16,
    0x2D, 0x5F, 0xDA, 0x86, 0x0F, 0xC6, 0x4D, 0xF7, 0xB7, 0xF3, 0xF7, 0x41, 0xE9, 0xFE, 0xF6, 0xE5,
    0xA0, 0xBF, 0x5D, 0x9B, 0x62, 0xAF, 0xEF, 0x6F, 0x57, 0xB1, 0x1C, 0x03, 0xEB, 0xEC, 0x02, 0xD6,
    0x9A, 0xE2, 0x95, 0xE7, 0x7F, 0xC3, 0x9A, 0x2A, 0x55, 0x04, 0xBD, 0xEB, 0x4B, 0x18, 0x0E, 0xF2,
    0xB1, 0xF7, 0x38, 0xF0, 0x7E, 0xC7, 0xDE, 0x3B, 0x3E, 0x22, 0xC6, 0xC0, 0xAA, 0x68, 0x9B, 0x81,
    0x4D, 0x29, 0x21, 0xD5, 0x6D, 0xD0, 0x17, 0xF9, 0xC0, 0x15, 0x03, 0x7B, 0x9C, 0x8B, 0x66, 0x1F,
    0x76, 0xCB, 0x3E, 0xB8, 0xC0, 0x2A, 0x84, 0x18, 0xD8, 0x8B, 0xFA, 0xA0, 0xDC, 0xC8, 0xA0, 0xB9,
    0x37, 0xA3, 0x52, 0xC8, 0x7F, 0xD8, 0x2D, 0xDB, 0x03, 0xAB, 0xE2, 0x6A, 0x15, 0x3C, 0xC1, 0x90,
    0xCA, 0x39, 0xEF, 0x27, 0xF2, 0xB7, 0x2B, 0x34, 0x04, 0xAC, 0x73, 0x5B, 0x8E, 0xC5, 0x6D, 0xB9,
    0x85, 0x72, 0xC8, 0xCB, 0x72, 0xE4, 0xFE, 0x44, 0x8E, 0x08, 0x58, 0xEF, 0xA5, 0x45, 0xE8, 0x5D,
    0x5B, 0x86, 0x04, 0x2C, 0x62, 0x2B, 0x8E, 0xAF, 0x92, 0x5D, 0xE4, 0x5C, 0x8C, 0x28, 0x81, 0x1A,
    0x11, 0xC9, 0x56, 0xBD, 0xA1, 0x1F, 0x02, 0xF6, 0x2A, 0xD9, 0x74, 0xFC, 0x10, 0xB0, 0x31, 0x1F,
    0x2C, 0xE5, 0xDE, 0x3B, 0x3D, 0x87, 0xFB, 0xD0, 0x7B, 0xC7, 0x0E, 0x50, 0x01, 0x5B, 0xF4, 0xA9,
    0xF2, 0xFD, 0x00, 0xF6, 0xFF, 0x01,
};

static const EpdGlyph lexenddeca_20_regularGlyphs[] = {
    { 0, 0, 0, 0, 0, 0, 0 }, // U+0000
    { 0, 0, 0, 0, 0, 0, 0 }, // U+0001
    { 0, 0, 0, 0, 0, 0, 0 }, // U+0002
    { 0, 0, 0, 0, 0, 0, 0 }, // U+0003
    { 0, 0, 0, 0, 0, 0, 0 }, // U+0004
    { 0, 0, 0, 0, 0, 0, 0 }, // U+0005
    { 0, 0, 0, 0, 0, 0, 0 }, // U+0006
    { 0, 0, 0, 0, 0, 0, 0 }, // U+0007
    { 0, 0, 0, 0, 0, 0, 0 }, // U+0008
    { 0, 0, 0, 0, 0, 0, 0 }, // U+0009
    { 0, 0, 0, 0, 0, 0, 0 }, // U+000A
    { 0, 0, 0, 0, 0, 0, 0 }, // U+000B
    { 0, 0, 0, 0, 0, 0, 0 }, // U+000C
    { 0, 0, 0, 0, 0, 0, 0 }, // U+000D
    { 0, 0, 0, 0, 0, 0, 0 }, // U+000E
    { 0, 0, 0, 0, 0, 0, 0 }, // U+000F
    { 0, 0, 0, 0, 0, 0, 0 }, // U+0010
    { 0, 0, 0, 0, 0, 0, 0 }, // U+0011
    { 0, 0, 0, 0, 0, 0, 0 }, // U+0012
    { 0, 0, 0, 0, 0, 0, 0 }, // U+0013
    { 0, 0, 0, 0, 0, 0, 0 }, // U+0014
    { 0, 0, 0, 0, 0, 0, 0 }, // U+0015
    { 0, 0, 0, 0, 0, 0, 0 }, // U+0016
    { 0, 0, 0, 0, 0, 0, 0 }, // U+0017
    { 0, 0, 0, 0, 0, 0, 0 }, // U+0018
    { 0, 0, 0, 0, 0, 0, 0 }, // U+0019
    { 0, 0, 0, 0, 0, 0, 0 }, // U+001A
    { 0, 0, 0, 0, 0, 0, 0 }, // U+001B
    { 0, 0, 0, 0, 0, 0, 0 }, // U+001C
    { 0, 0, 0, 0, 0, 0, 0 }, // U+001D
    { 0, 0, 0, 0, 0, 0, 0 }, // U+001E
    { 0, 0, 0, 0, 0, 0, 0 }, // U+001F
    { 0, 0, 187, 0, 0, 0, 0 }, // U+0020
    { 5, 29, 187, 3, 28, 37, 0 }, // !
    { 9, 9, 201, 2, 28, 21, 37 }, // "
    { 25, 28, 437, 1, 28, 175, 58 }, // #
    { 22, 35, 396, 1, 31, 193, 233 }, // $
    { 35, 30, 618, 2, 29, 263, 426 }, // %
    { 28, 30, 470, 2, 29, 210, 689 }, // &
    { 3, 9, 107, 2, 28, 7, 899 }, // '
    { 9, 35, 200, 2, 28, 79, 906 }, // (
    { 9, 35, 200, 1, 28, 79, 985 }, // )
    { 13, 12, 289, 3, 28, 39, 1064 }, // *
    { 21, 21, 401, 2, 21, 111, 1103 }, // +
    { 5, 10, 137, 2, 4, 13, 1214 }, // ,
    { 12, 4, 245, 2, 13, 12, 1227 }, // -
    { 5, 6, 137, 2, 5, 8, 1239 }, // .
    { 16, 28, 251, 0, 28, 112, 1247 }, // /
    { 22, 30, 432, 2, 29, 165, 1359 }, // 0
    { 12, 28, 268, 1, 28, 84, 1524 }, // 1
    { 20, 29, 366, 1, 29, 145, 1608 }, // 2
    { 21, 30, 383, 1, 29, 158, 1753 }, // 3
    { 22, 28, 409, 2, 28, 154, 1911 }, // 4
    { 20, 29, 389, 2, 28, 145, 2065 }, // 5
    { 20, 30, 399, 2, 29, 150, 2210 }, // 6
    { 19, 28, 340, 1, 28, 133, 2360 }, // 7
    { 21, 30, 410, 2, 29, 158, 2493 }, // 8
    { 20, 29, 399, 2, 29, 145, 2651 }, // 9
    { 5, 22, 137, 2, 21, 28, 2796 }, // :
    { 5, 26, 137, 2, 21, 33, 2824 }, // ;
    { 20, 21, 369, 2, 21, 105, 2857 }, // <
    { 21, 11, 401, 2, 16, 58, 2962 }, // =
    { 20, 21, 369, 2, 21, 105, 3020 }, // >
    { 19, 30, 347, 1, 29, 143, 3125 }, // ?
    { 29, 30, 520, 2, 29, 218, 3268 }, // @
    { 26, 28, 417, 0, 28, 182, 3486 }, // A
    { 21, 28, 413, 3, 28, 147, 3668 }, // B
    { 24, 30, 437, 2, 29, 180, 3815 }, // C
    { 23, 28, 449, 3, 28, 161, 3995 }, // D
    { 19, 28, 378, 3, 28, 133, 4156 }, // E
    { 18, 28, 365, 3, 28, 126, 4289 }, // F
    { 25, 30, 473, 2, 29, 188, 4415 }, // G
    { 22, 28, 460, 3, 28, 154, 4603 }, // H
    { 12, 28, 276, 3, 28, 84, 4757 }, // I
    { 17, 29, 340, 1, 28, 124, 4841 }, // J
    { 23, 28, 418, 3, 28, 161, 4965 }, // K
    { 19, 28, 359, 3, 28, 133, 5126 }, // L
    { 28, 28, 547, 3, 28, 196, 5259 }, // M
    { 22, 28, 459, 3, 28, 154, 5455 }, // N
    { 26, 29, 485, 2, 29, 189, 5609 }, // O
    { 20, 28, 401, 3, 28, 140, 5798 }, // P
    { 30, 31, 502, 2, 29, 233, 5938 }, // Q
    { 21, 28, 412, 3, 28, 147, 6171 }, // R
    { 22, 30, 397, 1, 29, 165, 6318 }, // S
    { 22, 28, 372, 1, 28, 154, 6483 }, // T
    { 22, 29, 460, 3, 28, 160, 6637 }, // U
    { 25, 28, 393, 0, 28, 175, 6797 }, // V
    { 35, 28, 560, 0, 28, 245, 6972 }, // W
    { 26, 28, 415, 0, 28, 182, 7217 }, // X
    { 25, 28, 397, -1, 28, 175, 7399 }, // Y
    { 22, 28, 405, 2, 28, 154, 7574 }, // Z
    { 9, 35, 210, 3, 28, 79, 7728 }, // [
    { 16, 28, 251, 0, 28, 112, 7807 }, // <backslash>
    { 9, 35, 210, 1, 28, 79, 7919 }, // ]
    { 19, 15, 368, 2, 28, 72, 7998 }, // ^
    { 16, 4, 264, 1, 1, 16, 8070 }, // _
    { 7, 6, 179, 2, 30, 11, 8086 }, // `
    { 19, 22, 351, 2, 21, 105, 8097 }, // a
    { 19, 29, 377, 3, 28, 138, 8202 }, // b
    { 18, 22, 333, 2, 21, 99, 8340 }, // c
    { 20, 29, 376, 2, 28, 145, 8439 }, // d
    { 20, 22, 359, 2, 21, 110, 8584 }, // e
    { 11, 30, 207, 1, 30, 83, 8694 }, // f
    { 19, 30, 373, 2, 21, 143, 8777 }, // g
    { 17, 28, 364, 3, 28, 119, 8920 }, // h
    { 7, 30, 185, 2, 30, 53, 9039 }, // i
    { 11, 36, 169, -3, 29, 99, 9092 }, // j
    { 18, 28, 327, 3, 28, 126, 9191 }, // k
    { 7, 28, 159, 3, 28, 49, 9317 }, // l
    { 30, 21, 561, 3, 21, 158, 9366 }, // m
    { 17, 21, 364, 3, 21, 90, 9524 }, // n
    { 20, 21, 368, 2, 21, 105, 9614 }, // o
    { 19, 28, 377, 3, 21, 133, 9719 }, // p
    { 25, 29, 384, 2, 21, 182, 9852 }, // q
    { 11, 21, 227, 3, 21, 58, 10034 }, // r
    { 18, 22, 314, 1, 21, 99, 10092 }, // s
    { 11, 26, 216, 1, 26, 72, 10191 }, // t
    { 17, 22, 357, 3, 21, 94, 10263 }, // u
    { 19, 21, 294, 0, 21, 100, 10357 }, // v
    { 28, 21, 436, 0, 21, 147, 10457 }, // w
    { 20, 21, 307, 0, 21, 105, 10604 }, // x
    { 19, 28, 286, 0, 21, 133, 10709 }, // y
    { 16, 21, 307, 2, 21, 84, 10842 }, // z
    { 11, 35, 213, 2, 28, 97, 10926 }, // {
    { 4, 35, 155, 3, 28, 35, 11023 }, // |
    { 11, 35, 213, 1, 28, 97, 11058 }, // }
    { 21, 6, 370, 1, 14, 32, 11155 }, // ~
    { 0, 0, 0, 0, 0, 0, 11187 }, // U+007F
    { 0, 0, 0, 0, 0, 0, 0 }, // U+0080
    { 0, 0, 0, 0, 0, 0, 0 }, // U+0081
    { 0, 0, 0, 0, 0, 0, 0 }, // U+0082
    { 0, 0, 0, 0, 0, 0, 0 }, // U+0083
    { 0, 0, 0, 0, 0, 0, 0 }, // U+0084
    { 0, 0, 0, 0, 0, 0, 0 }, // U+0085
    { 0, 0, 0, 0, 0, 0, 0 }, // U+0086
    { 0, 0, 0, 0, 0, 0, 0 }, // U+0087
    { 0, 0, 0, 0, 0, 0, 0 }, // U+0088
    { 0, 0, 0, 0, 0, 0, 0 }, // U+0089
    { 0, 0, 0, 0, 0, 0, 0 }, // U+008A
    { 0, 0, 0, 0, 0, 0, 0 }, // U+008B
    { 0, 0, 0, 0, 0, 0, 0 }, // U+008C
    { 0, 0, 0, 0, 0, 0, 0 }, // U+008D
    { 0, 0, 0, 0, 0, 0, 0 }, // U+008E
    { 0, 0, 0, 0, 0, 0, 0 }, // U+008F
    { 0, 0, 0, 0, 0, 0, 0 }, // U+0090
    { 0, 0, 0, 0, 0, 0, 0 }, // U+0091
    { 0, 0, 0, 0, 0, 0, 0 }, // U+0092
    { 0, 0, 0, 0, 0, 0, 0 }, // U+0093
    { 0, 0, 0, 0, 0, 0, 0 }, // U+0094
    { 0, 0, 0, 0, 0, 0, 0 }, // U+0095
    { 0, 0, 0, 0, 0, 0, 0 }, // U+0096
    { 0, 0, 0, 0, 0, 0, 0 }, // U+0097
    { 0, 0, 0, 0, 0, 0, 0 }, // U+0098
    { 0, 0, 0, 0, 0, 0, 0 }, // U+0099
    { 0, 0, 0, 0, 0, 0, 0 }, // U+009A
    { 0, 0, 0, 0, 0, 0, 0 }, // U+009B
    { 0, 0, 0, 0, 0, 0, 0 }, // U+009C
    { 0, 0, 0, 0, 0, 0, 0 }, // U+009D
    { 0, 0, 0, 0, 0, 0, 0 }, // U+009E
    { 0, 0, 0, 0, 0, 0, 0 }, // U+009F
    { 0, 0, 187, 0, 0, 0, 0 }, // U+00A0
    { 5, 28, 187, 3, 21, 35, 0 }, // U+00A1
    { 18, 27, 333, 2, 24, 122, 35 }, // U+00A2
    { 21, 30, 391, 3, 29, 158, 157 }, // U+00A3
    { 21, 20, 387, 2, 23, 105, 315 }, // U+00A4
    { 24, 28, 397, 0, 28, 168, 420 }, // U+00A5
    { 4, 35, 155, 3, 28, 35, 588 }, // U+00A6
    { 20, 37, 353, 1, 29, 185, 623 }, // U+00A7
    { 13, 4, 283, 2, 29, 13, 808 }, // U+00A8
    { 29, 30, 532, 2, 30, 218, 821 }, // U+00A9
    { 12, 13, 247, 2, 30, 39, 1039 }, // U+00AA
    { 20, 18, 375, 2, 20, 90, 1078 }, // U+00AB
    { 22, 14, 401, 2, 17, 77, 1168 }, // U+00AC
    { 0, 0, 0, 0, 0, 0, 1245 }, // U+00AD
    { 29, 30, 532, 2, 30, 218, 1245 }, // U+00AE
    { 12, 4, 255, 2, 29, 12, 1463 }, // U+00AF
    { 12, 13, 235, 2, 30, 39, 1475 }, // U+00B0
    { 20, 21, 386, 2, 21, 105, 1514 }, // U+00B1
    { 12, 16, 255, 2, 33, 48, 1619 }, // U+00B2
    { 12, 16, 255, 1, 33, 48, 1667 }, // U+00B3
    { 7, 6, 179, 2, 30, 11, 1715 }, // U+00B4
    { 20, 28, 370, 3, 21, 140, 1726 }, // U+00B5
    { 19, 35, 339, 2, 28, 167, 1866 }, // U+00B6
    { 5, 5, 157, 2, 13, 7, 2033 }, // U+00B7
    { 9, 9, 194, 2, 1, 21, 2040 }, // U+00B8
    { 7, 16, 171, 2, 33, 28, 2061 }, // U+00B9
    { 12, 13, 254, 2, 30, 39, 2089 }, // U+00BA
    { 20, 18, 375, 2, 20, 90, 2128 }, // U+00BB
    { 30, 28, 551, 2, 28, 210, 2218 }, // U+00BC
    { 30, 28, 541, 2, 28, 210, 2428 }, // U+00BD
    { 32, 29, 579, 1, 29, 232, 2638 }, // U+00BE
    { 19, 29, 347, 2, 22, 138, 2870 }, // U+00BF
    { 27, 37, 417, 0, 37, 250, 3008 }, // U+00C0
    { 26, 37, 417, 0, 37, 241, 3258 }, // U+00C1
    { 26, 36, 417, 0, 36, 234, 3499 }, // U+00C2
    { 26, 36, 417, 0, 36, 234, 3733 }, // U+00C3
    { 25, 36, 417, 0, 36, 225, 3967 }, // U+00C4
    { 27, 35, 417, -1, 35, 237, 4192 }, // U+00C5
    { 40, 28, 665, 0, 28, 280, 4429 }, // U+00C6
    { 25, 37, 437, 2, 29, 232, 4709 }, // U+00C7
    { 19, 37, 378, 3, 37, 176, 4941 }, // U+00C8
    { 19, 37, 378, 3, 37, 176, 5117 }, // U+00C9
    { 19, 36, 378, 3, 36, 171, 5293 }, // U+00CA
    { 19, 36, 378, 3, 36, 171, 5464 }, // U+00CB
    { 12, 37, 276, 3, 37, 111, 5635 }, // U+00CC
    { 12, 37, 276, 3, 37, 111, 5746 }, // U+00CD
    { 14, 36, 276, 2, 36, 126, 5857 }, // U+00CE
    { 13, 36, 276, 2, 36, 117, 5983 }, // U+00CF
    { 27, 28, 475, 1, 28, 189, 6100 }, // U+00D0
    { 22, 36, 459, 3, 36, 198, 6289 }, // U+00D1
    { 26, 38, 485, 2, 37, 247, 6487 }, // U+00D2
    { 26, 38, 485, 2, 37, 247, 6734 }, // U+00D3
    { 26, 37, 485, 2, 36, 241, 6981 }, // U+00D4
    { 26, 37, 485, 2, 36, 241, 7222 }, // U+00D5
    { 26, 37, 485, 2, 36, 241, 7463 }, // U+00D6
    { 18, 19, 352, 2, 20, 86, 7704 }, // U+00D7
    { 26, 30, 485, 2, 29, 195, 7790 }, // U+00D8
    { 22, 38, 460, 3, 37, 209, 7985 }, // U+00D9
    { 22, 38, 460, 3, 37, 209, 8194 }, // U+00DA
    { 22, 37, 460, 3, 36, 204, 8403 }, // U+00DB
    { 22, 37, 460, 3, 36, 204, 8607 }, // U+00DC
    { 26, 37, 397, -1, 37, 241, 8811 }, // U+00DD
    { 19, 28, 384, 3, 28, 133, 9052 }, // U+00DE
    { 20, 30, 398, 3, 29, 150, 9185 }, // U+00DF
    { 19, 31, 351, 2, 30, 148, 9335 }, // U+00E0
    { 19, 31, 351, 2, 30, 148, 9483 }, // U+00E1
    { 19, 30, 351, 2, 29, 143, 9631 }, // U+00E2
    { 19, 30, 351, 2, 29, 143, 9774 }, // U+00E3
    { 19, 30, 351, 2, 29, 143, 9917 }, // U+00E4
    { 19, 34, 351, 2, 33, 162, 10060 }, // U+00E5
    { 34, 22, 583, 2, 21, 187, 10222 }, // U+00E6
    { 19, 29, 333, 2, 21, 138, 10409 }, // U+00E7
    { 20, 31, 359, 2, 30, 155, 10547 }, // U+00E8
    { 20, 31, 359, 2, 30, 155, 10702 }, // U+00E9
    { 20, 30, 359, 2, 29, 150, 10857 }, // U+00EA
    { 20, 30, 359, 2, 29, 150, 11007 }, // U+00EB
    { 8, 30, 183, 0, 30, 60, 11157 }, // U+00EC
    { 9, 30, 183, 2, 30, 68, 11217 }, // U+00ED
    { 15, 29, 183, -2, 29, 109, 11285 }, // U+00EE
    { 13, 29, 183, -1, 29, 95, 11394 }, // U+00EF
    { 20, 30, 378, 2, 29, 150, 11489 }, // U+00F0
    { 17, 29, 364, 3, 29, 124, 11639 }, // U+00F1
    { 20, 31, 368, 2, 30, 155, 11763 }, // U+00F2
    { 20, 31, 368, 2, 30, 155, 11918 }, // U+00F3
    { 20, 30, 368, 2, 29, 150, 12073 }, // U+00F4
    { 20, 30, 368, 2, 29, 150, 12223 }, // U+00F5
    { 20, 30, 368, 2, 29, 150, 12373 }, // U+00F6
    { 21, 19, 401, 2, 20, 100, 12523 }, // U+00F7
    { 20, 23, 368, 2, 22, 115, 12623 }, // U+00F8
    { 17, 31, 357, 3, 30, 132, 12738 }, // U+00F9
    { 17, 31, 357, 3, 30, 132, 12870 }, // U+00FA
    { 17, 30, 357, 3, 29, 128, 13002 }, // U+00FB
    { 17, 30, 357, 3, 29, 128, 13130 }, // U+00FC
    { 19, 36, 286, 0, 29, 171, 13258 }, // U+00FD
    { 19, 35, 377, 3, 28, 167, 13429 }, // U+00FE
    { 19, 36, 286, 0, 29, 171, 13596 }, // U+00FF
    { 26, 36, 417, 0, 36, 234, 0 }, // U+0100
    { 19, 29, 351, 2, 28, 138, 234 }, // U+0101
    { 26, 36, 417, 0, 36, 234, 372 }, // U+0102
    { 19, 30, 351, 2, 29, 143, 606 }, // U+0103
    { 26, 36, 417, 0, 28, 234, 749 }, // U+0104
    { 18, 29, 351, 2, 21, 131, 983 }, // U+0105
    { 24, 38, 437, 2, 37, 228, 1114 }, // U+0106
    { 18, 31, 333, 2, 30, 140, 1342 }, // U+0107
    { 24, 37, 437, 2, 36, 222, 1482 }, // U+0108
    { 18, 30, 333, 2, 29, 135, 1704 }, // U+0109
    { 24, 37, 437, 2, 36, 222, 1839 }, // U+010A
    { 18, 30, 333, 2, 29, 135, 2061 }, // U+010B
    { 24, 37, 437, 2, 36, 222, 2196 }, // U+010C
    { 18, 30, 333, 2, 29, 135, 2418 }, // U+010D
    { 23, 36, 449, 3, 36, 207, 2553 }, // U+010E
    { 26, 30, 382, 2, 29, 195, 2760 }, // U+010F
    { 27, 28, 475, 1, 28, 189, 2955 }, // U+0110
    { 23, 29, 402, 2, 28, 167, 3144 }, // U+0111
    { 19, 36, 378, 3, 36, 171, 3311 }, // U+0112
    { 20, 29, 359, 2, 28, 145, 3482 }, // U+0113
    { 19, 36, 378, 3, 36, 171, 3627 }, // U+0114
    { 20, 30, 359, 2, 29, 150, 3798 }, // U+0115
    { 19, 36, 378, 3, 36, 171, 3948 }, // U+0116
    { 20, 30, 359, 2, 29, 150, 4119 }, // U+0117
    { 19, 36, 378, 3, 28, 171, 4269 }, // U+0118
    { 20, 29, 359, 2, 21, 145, 4440 }, // U+0119
    { 19, 36, 378, 3, 36, 171, 4585 }, // U+011A
    { 20, 30, 359, 2, 29, 150, 4756 }, // U+011B
    { 25, 37, 473, 2, 36, 232, 4906 }, // U+011C
    { 19, 38, 373, 2, 29, 181, 5138 }, // U+011D
    { 25, 37, 473, 2, 36, 232, 5319 }, // U+011E
    { 19, 38, 373, 2, 29, 181, 5551 }, // U+011F
    { 25, 37, 473, 2, 36, 232, 5732 }, // U+0120
    { 19, 38, 373, 2, 29, 181, 5964 }, // U+0121
    { 25, 40, 473, 2, 29, 250, 6145 }, // U+0122
    { 19, 41, 373, 2, 32, 195, 6395 }, // U+0123
    { 22, 36, 460, 3, 36, 198, 6590 }, // U+0124
    { 22, 36, 364, -2, 36, 198, 6788 }, // U+0125
    { 29, 28, 473, 1, 28, 203, 6986 }, // U+0126
    { 21, 28, 387, 1, 28, 147, 7189 }, // U+0127
    { 14, 36, 276, 2, 36, 126, 7336 }, // U+0128
    { 15, 29, 183, -2, 29, 109, 7462 }, // U+0129
    { 12, 36, 276, 3, 36, 108, 7571 }, // U+012A
    { 12, 28, 183, 0, 28, 84, 7679 }, // U+012B
    { 14, 36, 276, 2, 36, 126, 7763 }, // U+012C
    { 14, 29, 183, -1, 29, 102, 7889 }, // U+012D
    { 12, 36, 276, 3, 28, 108, 7991 }, // U+012E
    { 7, 37, 185, 2, 30, 65, 8099 }, // U+012F
    { 12, 36, 276, 3, 36, 108, 8164 }, // U+0130
    { 7, 21, 183, 2, 21, 37, 8272 }, // U+0131
    { 33, 29, 616, 3, 28, 240, 8309 }, // U+0132
    { 18, 36, 355, 2, 29, 162, 8549 }, // U+0133
    { 22, 37, 340, 1, 36, 204, 8711 }, // U+0134
    { 15, 36, 169, -2, 29, 135, 8915 }, // U+0135
    { 23, 39, 418, 3, 28, 225, 9050 }, // U+0136
    { 18, 39, 327, 3, 28, 176, 9275 }, // U+0137
    { 18, 21, 327, 3, 21, 95, 9451 }, // U+0138
    { 19, 37, 359, 3, 37, 176, 9546 }, // U+0139
    { 7, 37, 159, 3, 37, 65, 9722 }, // U+013A
    { 19, 39, 359, 3, 28, 186, 9787 }, // U+013B
    { 8, 39, 159, 2, 28, 78, 9973 }, // U+013C
    { 19, 29, 359, 3, 29, 138, 10051 }, // U+013D
    { 10, 29, 159, 3, 29, 73, 10189 }, // U+013E
    { 19, 28, 359, 3, 28, 133, 10262 }, // U+013F
    { 12, 28, 247, 3, 28, 84, 10395 }, // U+0140
    { 23, 28, 382, 0, 28, 161, 10479 }, // U+0141
    { 9, 28, 158, 1, 28, 63, 10640 }, // U+0142
    { 22, 37, 459, 3, 37, 204, 10703 }, // U+0143
    { 17, 30, 364, 3, 30, 128, 10907 }, // U+0144
    { 22, 39, 459, 3, 28, 215, 11035 }, // U+0145
    { 17, 32, 364, 3, 21, 136, 11250 }, // U+0146
    { 22, 36, 459, 3, 36, 198, 11386 }, // U+0147
    { 17, 29, 364, 3, 29, 124, 11584 }, // U+0148
    { 25, 28, 471, 2, 28, 175, 11708 }, // U+0149
    { 22, 35, 459, 3, 28, 193, 11883 }, // U+014A
    { 17, 28, 364, 3, 21, 119, 12076 }, // U+014B
    { 26, 37, 485, 2, 36, 241, 12195 }, // U+014C
    { 20, 29, 368, 2, 28, 145, 12436 }, // U+014D
    { 26, 37, 485, 2, 36, 241, 12581 }, // U+014E
    { 20, 30, 368, 2, 29, 150, 12822 }, // U+014F
    { 26, 38, 485, 2, 37, 247, 12972 }, // U+0150
    { 20, 31, 368, 2, 30, 155, 13219 }, // U+0151
    { 40, 30, 701, 2, 29, 300, 13374 }, // U+0152
    { 37, 22, 618, 2, 21, 204, 13674 }, // U+0153
    { 21, 37, 412, 3, 37, 195, 13878 }, // U+0154
    { 11, 30, 227, 3, 30, 83, 14073 }, // U+0155
    { 21, 39, 412, 3, 28, 205, 14156 }, // U+0156
    { 13, 32, 227, 1, 21, 104, 14361 }, // U+0157
    { 21, 36, 412, 3, 36, 189, 14465 }, // U+0158
    { 15, 29, 227, 1, 29, 109, 14654 }, // U+0159
    { 22, 38, 397, 1, 37, 209, 14763 }, // U+015A
    { 18, 31, 314, 1, 30, 140, 14972 }, // U+015B
    { 22, 37, 397, 1, 36, 204, 15112 }, // U+015C
    { 18, 30, 314, 1, 29, 135, 15316 }, // U+015D
    { 22, 37, 397, 1, 29, 204, 15451 }, // U+015E
    { 18, 29, 314, 1, 21, 131, 15655 }, // U+015F
    { 22, 37, 397, 1, 36, 204, 15786 }, // U+0160
    { 18, 30, 314, 1, 29, 135, 15990 }, // U+0161
    { 22, 36, 372, 1, 28, 198, 16125 }, // U+0162
    { 11, 34, 216, 1, 26, 94, 16323 }, // U+0163
    { 22, 36, 372, 1, 36, 198, 16417 }, // U+0164
    { 14, 31, 216, 1, 31, 109, 16615 }, // U+0165
    { 22, 28, 372, 1, 28, 154, 16724 }, // U+0166
    { 11, 26, 216, 1, 26, 72, 16878 }, // U+0167
    { 22, 37, 460, 3, 36, 204, 16950 }, // U+0168
    { 17, 30, 357, 3, 29, 128, 17154 }, // U+0169
    { 22, 37, 460, 3, 36, 204, 17282 }, // U+016A
    { 17, 29, 357, 3, 28, 124, 17486 }, // U+016B
    { 22, 37, 460, 3, 36, 204, 17610 }, // U+016C
    { 17, 30, 357, 3, 29, 128, 17814 }, // U+016D
    { 22, 41, 460, 3, 40, 226, 17942 }, // U+016E
    { 17, 34, 357, 3, 33, 145, 18168 }, // U+016F
    { 22, 38, 460, 3, 37, 209, 18313 }, // U+0170
    { 17, 31, 357, 3, 30, 132, 18522 }, // U+0171
    { 22, 36, 460, 3, 28, 198, 18654 }, // U+0172
    { 17, 29, 357, 3, 21, 124, 18852 }, // U+0173
    { 35, 36, 560, 0, 36, 315, 18976 }, // U+0174
    { 28, 29, 436, 0, 29, 203, 19291 }, // U+0175
    { 25, 36, 397, -1, 36, 225, 19494 }, // U+0176
    { 19, 36, 286, 0, 29, 171, 19719 }, // U+0177
    { 25, 36, 397, 0, 36, 225, 19890 }, // U+0178
    { 22, 37, 405, 2, 37, 204, 20115 }, // U+0179
    { 16, 30, 307, 2, 30, 120, 20319 }, // U+017A
    { 22, 36, 405, 2, 36, 198, 20439 }, // U+017B
    { 16, 29, 307, 2, 29, 116, 20637 }, // U+017C
    { 22, 36, 405, 2, 36, 198, 20753 }, // U+017D
    { 16, 29, 307, 2, 29, 116, 20951 }, // U+017E
    { 12, 30, 207, 0, 30, 90, 21067 }, // U+017F
    { 29, 33, 485, 2, 32, 240, 0 }, // U+01A0
    { 23, 26, 380, 2, 25, 150, 240 }, // U+01A1
    { 28, 34, 473, 3, 33, 238, 390 }, // U+01AF
    { 22, 26, 376, 3, 25, 143, 628 }, // U+01B0
    { 49, 36, 853, 3, 36, 441, 771 }, // U+01C4
    { 43, 29, 755, 3, 29, 312, 1212 }, // U+01C5
    { 40, 30, 683, 2, 29, 300, 1524 }, // U+01C6
    { 37, 29, 699, 3, 28, 269, 1824 }, // U+01C7
    { 27, 36, 529, 3, 29, 243, 2093 }, // U+01C8
    { 15, 36, 329, 3, 29, 135, 2336 }, // U+01C9
    { 44, 29, 799, 3, 28, 319, 2471 }, // U+01CA
    { 34, 36, 629, 3, 29, 306, 2790 }, // U+01CB
    { 28, 36, 533, 3, 29, 252, 3096 }, // U+01CC
    { 26, 36, 417, 0, 36, 234, 3348 }, // U+01CD
    { 19, 30, 351, 2, 29, 143, 3582 }, // U+01CE
    { 22, 37, 460, 3, 36, 204, 3725 }, // U+01D3
    { 17, 30, 357, 3, 29, 128, 3929 }, // U+01D4
    { 25, 37, 473, 2, 36, 232, 4057 }, // U+01E6
    { 19, 38, 373, 2, 29, 181, 4289 }, // U+01E7
    { 26, 37, 485, 2, 29, 241, 4470 }, // U+01EA
    { 20, 29, 368, 2, 21, 145, 4711 }, // U+01EB
    { 49, 28, 853, 3, 28, 343, 4856 }, // U+01F1
    { 43, 28, 755, 3, 28, 301, 5199 }, // U+01F2
    { 40, 29, 683, 2, 28, 290, 5500 }, // U+01F3
    { 27, 42, 417, -1, 42, 284, 5790 }, // U+01FA
    { 19, 42, 351, 2, 41, 200, 6074 }, // U+01FB
    { 40, 37, 665, 0, 37, 370, 6274 }, // U+01FC
    { 34, 31, 583, 2, 30, 264, 6644 }, // U+01FD
    { 26, 38, 485, 2, 37, 247, 6908 }, // U+01FE
    { 20, 31, 368, 2, 30, 155, 7155 }, // U+01FF
    { 22, 40, 397, 1, 29, 220, 7310 }, // U+0218
    { 18, 32, 314, 1, 21, 144, 7530 }, // U+0219
    { 22, 39, 372, 1, 28, 215, 7674 }, // U+021A
    { 11, 37, 216, 1, 26, 102, 7889 }, // U+021B
    { 22, 36, 460, 3, 36, 198, 7991 }, // U+021E
    { 22, 36, 364, -2, 36, 198, 8189 }, // U+021F
    { 7, 6, 108, 0, 30, 11, 0 }, // U+0300
    { 7, 6, 108, 0, 30, 11, 11 }, // U+0301
    { 14, 5, 215, 0, 29, 18, 22 }, // U+0302
    { 14, 6, 219, 0, 30, 21, 40 }, // U+0303
    { 12, 4, 184, 0, 29, 12, 61 }, // U+0304
    { 13, 5, 196, 0, 29, 17, 73 }, // U+0306
    { 5, 5, 72, 0, 30, 7, 90 }, // U+0307
    { 13, 4, 213, 0, 29, 13, 97 }, // U+0308
    { 7, 8, 105, 0, 32, 14, 110 }, // U+0309
    { 9, 9, 145, 0, 32, 21, 124 }, // U+030A
    { 13, 6, 205, 0, 30, 20, 145 }, // U+030B
    { 14, 5, 215, 0, 29, 18, 165 }, // U+030C
    { 13, 8, 216, 0, 26, 26, 183 }, // U+031B
    { 5, 5, 137, 1, -4, 7, 209 }, // U+0323
    { 7, 9, 0, 0, -2, 16, 216 }, // U+0326
    { 9, 9, 0, -1, 1, 21, 232 }, // U+0327
    { 7, 7, 105, 0, 0, 13, 253 }, // U+0328
    { 0, 0, 0, 0, 0, 0, 266 }, // U+034F
    { 20, 28, 331, 0, 28, 140, 0 }, // U+03BB
    { 29, 30, 449, 0, 30, 218, 0 }, // U+0410
    { 22, 29, 387, 1, 29, 160, 218 }, // U+0411
    { 23, 29, 403, 1, 29, 167, 378 }, // U+0412
    { 21, 29, 352, 1, 29, 153, 545 }, // U+0413
    { 29, 38, 473, 0, 29, 276, 698 }, // U+0414
    { 28, 29, 475, 1, 29, 203, 974 }, // U+0418
    { 29, 30, 482, 0, 29, 218, 1177 }, // U+041B
    { 29, 29, 496, 1, 29, 211, 1395 }, // U+041D
    { 29, 30, 487, 1, 29, 218, 1606 }, // U+041E
    { 29, 29, 484, 1, 29, 211, 1824 }, // U+041F
    { 22, 29, 383, 1, 29, 160, 2035 }, // U+0420
    { 24, 30, 418, 1, 29, 180, 2195 }, // U+0421
    { 25, 29, 399, 0, 29, 182, 2375 }, // U+0422
    { 30, 30, 464, 0, 29, 225, 2557 }, // U+0423
    { 27, 29, 423, 0, 29, 196, 2782 }, // U+0425
    { 26, 29, 438, 1, 29, 189, 2978 }, // U+0427
    { 34, 29, 557, 1, 29, 247, 3167 }, // U+042B
    { 22, 29, 387, 1, 29, 160, 3414 }, // U+042C
    { 39, 30, 651, 1, 29, 293, 3574 }, // U+042E
    { 26, 29, 431, 0, 29, 189, 3867 }, // U+042F
    { 20, 22, 342, 1, 21, 110, 4056 }, // U+0430
    { 20, 31, 356, 1, 30, 155, 4166 }, // U+0431
    { 19, 21, 335, 1, 21, 100, 4321 }, // U+0432
    { 23, 28, 382, 0, 21, 161, 4421 }, // U+0434
    { 19, 22, 327, 1, 21, 105, 4582 }, // U+0435
    { 17, 22, 295, 1, 21, 94, 4687 }, // U+0437
    { 21, 21, 353, 1, 21, 111, 4781 }, // U+043A
    { 23, 21, 398, 1, 21, 121, 4892 }, // U+043D
    { 21, 22, 363, 1, 21, 116, 5013 }, // U+043E
    { 23, 30, 373, 0, 21, 173, 5129 }, // U+0440
    { 19, 20, 327, 1, 20, 95, 5302 }, // U+0442
    { 22, 28, 377, 1, 21, 154, 5397 }, // U+0446
    { 18, 21, 319, 1, 21, 95, 5551 }, // U+044C
    { 30, 22, 494, 0, 21, 165, 5646 }, // U+044E
    { 25, 36, 417, 0, 28, 225, 0 }, // U+1EA0
    { 19, 29, 351, 2, 21, 138, 225 }, // U+1EA1
    { 26, 38, 417, 0, 38, 247, 363 }, // U+1EA2
    { 19, 32, 351, 2, 31, 152, 610 }, // U+1EA3
    { 26, 41, 417, 0, 41, 267, 762 }, // U+1EA4
    { 20, 37, 351, 2, 36, 185, 1029 }, // U+1EA5
    { 26, 40, 417, 0, 40, 260, 1214 }, // U+1EA6
    { 19, 36, 351, 2, 35, 171, 1474 }, // U+1EA7
    { 26, 42, 417, 0, 42, 273, 1645 }, // U+1EA8
    { 19, 37, 351, 2, 36, 176, 1918 }, // U+1EA9
    { 26, 45, 417, 0, 45, 293, 2094 }, // U+1EAA
    { 19, 37, 351, 2, 36, 176, 2387 }, // U+1EAB
    { 25, 44, 417, 0, 36, 275, 2563 }, // U+1EAC
    { 19, 37, 351, 2, 29, 176, 2838 }, // U+1EAD
    { 26, 45, 417, 0, 45, 293, 3014 }, // U+1EAE
    { 19, 39, 351, 2, 38, 186, 3307 }, // U+1EAF
    { 27, 45, 417, 0, 45, 304, 3493 }, // U+1EB0
    { 19, 39, 351, 2, 38, 186, 3797 }, // U+1EB1
    { 26, 46, 417, 0, 46, 299, 3983 }, // U+1EB2
    { 19, 40, 351, 2, 39, 190, 4282 }, // U+1EB3
    { 26, 43, 417, 0, 43, 280, 4472 }, // U+1EB4
    { 19, 38, 351, 2, 37, 181, 4752 }, // U+1EB5
    { 25, 44, 417, 0, 36, 275, 4933 }, // U+1EB6
    { 19, 37, 351, 2, 29, 176, 5208 }, // U+1EB7
    { 19, 36, 378, 3, 28, 171, 5384 }, // U+1EB8
    { 20, 29, 359, 2, 21, 145, 5555 }, // U+1EB9
    { 19, 38, 378, 3, 38, 181, 5700 }, // U+1EBA
    { 20, 32, 359, 2, 31, 160, 5881 }, // U+1EBB
    { 19, 36, 378, 3, 36, 171, 6041 }, // U+1EBC
    { 20, 30, 359, 2, 29, 150, 6212 }, // U+1EBD
    { 22, 41, 378, 3, 41, 226, 6362 }, // U+1EBE
    { 21, 37, 359, 2, 36, 195, 6588 }, // U+1EBF
    { 21, 40, 378, 3, 40, 210, 6783 }, // U+1EC0
    { 20, 36, 359, 2, 35, 180, 6993 }, // U+1EC1
    { 21, 42, 378, 3, 42, 221, 7173 }, // U+1EC2
    { 20, 37, 359, 2, 36, 185, 7394 }, // U+1EC3
    { 19, 45, 378, 3, 45, 214, 7579 }, // U+1EC4
    { 20, 37, 359, 2, 36, 185, 7793 }, // U+1EC5
    { 19, 44, 378, 3, 36, 209, 7978 }, // U+1EC6
    { 20, 37, 359, 2, 29, 185, 8187 }, // U+1EC7
    { 12, 38, 276, 3, 38, 114, 8372 }, // U+1EC8
    { 8, 31, 183, 2, 31, 62, 8486 }, // U+1EC9
    { 12, 36, 276, 3, 28, 108, 8548 }, // U+1ECA
    { 7, 38, 185, 2, 30, 67, 8656 }, // U+1ECB
    { 26, 37, 485, 2, 29, 241, 8723 }, // U+1ECC
    { 20, 29, 368, 2, 21, 145, 8964 }, // U+1ECD
    { 26, 39, 485, 2, 38, 254, 9109 }, // U+1ECE
    { 20, 32, 368, 2, 31, 160, 9363 }, // U+1ECF
    { 26, 42, 485, 2, 41, 273, 9523 }, // U+1ED0
    { 22, 37, 368, 2, 36, 204, 9796 }, // U+1ED1
    { 26, 41, 485, 2, 40, 267, 10000 }, // U+1ED2
    { 20, 36, 368, 2, 35, 180, 10267 }, // U+1ED3
    { 26, 43, 485, 2, 42, 280, 10447 }, // U+1ED4
    { 20, 37, 368, 2, 36, 185, 10727 }, // U+1ED5
    { 26, 46, 485, 2, 45, 299, 10912 }, // U+1ED6
    { 20, 37, 368, 2, 36, 185, 11211 }, // U+1ED7
    { 26, 44, 485, 2, 36, 286, 11396 }, // U+1ED8
    { 20, 37, 368, 2, 29, 185, 11682 }, // U+1ED9
    { 29, 38, 485, 2, 37, 276, 11867 }, // U+1EDA
    { 23, 31, 380, 2, 30, 179, 12143 }, // U+1EDB
    { 29, 38, 485, 2, 37, 276, 12322 }, // U+1EDC
    { 23, 31, 380, 2, 30, 179, 12598 }, // U+1EDD
    { 29, 39, 485, 2, 38, 283, 12777 }, // U+1EDE
    { 23, 32, 380, 2, 31, 184, 13060 }, // U+1EDF
    { 29, 36, 485, 2, 35, 261, 13244 }, // U+1EE0
    { 23, 29, 380, 2, 28, 167, 13505 }, // U+1EE1
    { 29, 40, 485, 2, 32, 290, 13672 }, // U+1EE2
    { 23, 33, 380, 2, 25, 190, 13962 }, // U+1EE3
    { 22, 36, 460, 3, 28, 198, 14152 }, // U+1EE4
    { 17, 29, 357, 3, 21, 124, 14350 }, // U+1EE5
    { 22, 39, 460, 3, 38, 215, 14474 }, // U+1EE6
    { 17, 32, 357, 3, 31, 136, 14689 }, // U+1EE7
    { 28, 38, 473, 3, 37, 266, 14825 }, // U+1EE8
    { 22, 31, 376, 3, 30, 171, 15091 }, // U+1EE9
    { 28, 38, 473, 3, 37, 266, 15262 }, // U+1EEA
    { 22, 31, 376, 3, 30, 171, 15528 }, // U+1EEB
    { 28, 39, 473, 3, 38, 273, 15699 }, // U+1EEC
    { 22, 32, 376, 3, 31, 176, 15972 }, // U+1EED
    { 28, 37, 473, 3, 36, 259, 16148 }, // U+1EEE
    { 22, 30, 376, 3, 29, 165, 16407 }, // U+1EEF
    { 28, 41, 473, 3, 33, 287, 16572 }, // U+1EF0
    { 22, 33, 376, 3, 25, 182, 16859 }, // U+1EF1
    { 24, 37, 397, 0, 37, 222, 17041 }, // U+1EF2
    { 19, 36, 286, 0, 29, 171, 17263 }, // U+1EF3
    { 25, 36, 397, 0, 28, 225, 17434 }, // U+1EF4
    { 18, 30, 286, 0, 21, 135, 17659 }, // U+1EF5
    { 26, 38, 397, 0, 38, 247, 17794 }, // U+1EF6
    { 19, 38, 286, -1, 31, 181, 18041 }, // U+1EF7
    { 26, 36, 397, -1, 36, 234, 18222 }, // U+1EF8
    { 19, 36, 286, 0, 29, 171, 18456 }, // U+1EF9
    { 0, 0, 0, 0, 0, 0, 0 }, // U+200B
    { 0, 0, 0, 0, 0, 0, 0 }, // U+200C
    { 0, 0, 0, 0, 0, 0, 0 }, // U+200D
    { 0, 0, 0, 0, 0, 0, 0 }, // U+200E
    { 0, 0, 0, 0, 0, 0, 0 }, // U+200F
    { 11, 4, 219, 2, 13, 11, 0 }, // U+2010
    { 17, 4, 320, 2, 13, 17, 11 }, // U+2013
    { 30, 4, 533, 2, 13, 30, 28 }, // U+2014
    { 5, 10, 157, 2, 28, 13, 58 }, // U+2018
    { 5, 11, 157, 2, 29, 14, 71 }, // U+2019
    { 5, 10, 157, 2, 4, 13, 85 }, // U+201A
    { 12, 10, 265, 2, 28, 30, 98 }, // U+201C
    { 12, 11, 265, 2, 29, 33, 128 }, // U+201D
    { 12, 10, 265, 2, 4, 30, 161 }, // U+201E
    { 19, 28, 361, 2, 28, 133, 191 }, // U+2020
    { 19, 28, 361, 2, 28, 133, 324 }, // U+2021
    { 14, 14, 292, 2, 18, 49, 457 }, // U+2022
    { 25, 6, 464, 2, 5, 38, 506 }, // U+2026
    { 0, 0, 0, 0, 0, 0, 544 }, // U+202A
    { 0, 0, 0, 0, 0, 0, 544 }, // U+202B
    { 0, 0, 0, 0, 0, 0, 544 }, // U+202C
    { 0, 0, 0, 0, 0, 0, 544 }, // U+202D
    { 0, 0, 0, 0, 0, 0, 544 }, // U+202E
    { 52, 30, 885, 2, 29, 390, 544 }, // U+2030
    { 11, 18, 235, 2, 20, 50, 934 }, // U+2039
    { 11, 18, 235, 2, 20, 50, 984 }, // U+203A
    { 24, 28, 391, 0, 28, 168, 1034 }, // U+2044
    { 0, 0, 0, 0, 0, 0, 1202 }, // U+2060
    { 0, 0, 0, 0, 0, 0, 1202 }, // U+2061
    { 0, 0, 0, 0, 0, 0, 1202 }, // U+2062
    { 0, 0, 0, 0, 0, 0, 1202 }, // U+2063
    { 0, 0, 0, 0, 0, 0, 1202 }, // U+2064
    { 0, 0, 0, 0, 0, 0, 1202 }, // U+2066
    { 0, 0, 0, 0, 0, 0, 1202 }, // U+2067
    { 0, 0, 0, 0, 0, 0, 1202 }, // U+2068
    { 0, 0, 0, 0, 0, 0, 1202 }, // U+2069
    { 0, 0, 0, 0, 0, 0, 1202 }, // U+206A
    { 0, 0, 0, 0, 0, 0, 1202 }, // U+206B
    { 0, 0, 0, 0, 0, 0, 1202 }, // U+206C
    { 0, 0, 0, 0, 0, 0, 1202 }, // U+206D
    { 0, 0, 0, 0, 0, 0, 1202 }, // U+206E
    { 0, 0, 0, 0, 0, 0, 1202 }, // U+206F
    { 14, 16, 275, 2, 33, 56, 0 }, // U+2074
    { 23, 33, 402, 2, 28, 190, 0 }, // U+20AB
    { 26, 30, 443, 0, 29, 195, 190 }, // U+20AC
    { 15, 29, 300, 2, 28, 109, 0 }, // U+2113
    { 20, 30, 388, 2, 29, 150, 0 }, // U+2202
    { 20, 35, 390, 2, 28, 175, 150 }, // U+220F
    { 21, 35, 391, 2, 28, 184, 325 }, // U+2211
    { 21, 4, 401, 2, 12, 21, 509 }, // U+2212
    { 25, 28, 399, 0, 28, 175, 530 }, // U+2215
    { 6, 7, 157, 2, 14, 11, 705 }, // U+2219
    { 21, 35, 388, 2, 28, 184, 716 }, // U+221A
    { 28, 13, 515, 2, 17, 91, 900 }, // U+221E
    { 15, 36, 305, 2, 29, 135, 991 }, // U+222B
    { 20, 14, 387, 2, 18, 70, 1126 }, // U+2248
    { 21, 22, 401, 2, 21, 116, 1196 }, // U+2260
    { 20, 22, 386, 2, 22, 110, 1312 }, // U+2264
    { 20, 22, 386, 2, 22, 110, 1422 }, // U+2265
    { 9, 27, 207, 2, 27, 61, 0 }, // U+2669
    { 15, 27, 301, 2, 27, 102, 61 }, // U+266A
    { 23, 30, 427, 2, 28, 173, 163 }, // U+266B
    { 23, 30, 427, 2, 28, 173, 336 }, // U+266C
    { 12, 26, 231, 1, 25, 78, 509 }, // U+266D
    { 12, 27, 238, 1, 18, 81, 587 }, // U+266E
    { 19, 35, 369, 2, 25, 167, 668 }, // U+266F
    { 46, 44, 846, 3, 36, 506, 835 }, // U+2764
    { 40, 40, 667, 1, 36, 400, 1341 }, // U+4F1A
    { 38, 40, 667, 2, 36, 380, 1741 }, // U+53BB
    { 37, 38, 667, 2, 34, 352, 2121 }, // U+5458
    { 41, 40, 667, 0, 36, 410, 2473 }, // U+59DA
    { 36, 41, 667, 3, 37, 369, 2883 }, // U+5B98
    { 38, 40, 667, 2, 37, 380, 3252 }, // U+5BA4
    { 38, 40, 667, 2, 36, 380, 3632 }, // U+5E26
    { 40, 40, 667, 1, 36, 400, 4012 }, // U+6211
    { 40, 41, 667, 1, 37, 410, 4412 }, // U+62C9
    { 40, 40, 667, 1, 36, 400, 4822 }, // U+653E
    { 40, 40, 667, 1, 36, 400, 5222 }, // U+6746
    { 40, 40, 667, 1, 36, 400, 5622 }, // U+6747
    { 40, 40, 667, 1, 36, 400, 6022 }, // U+6748
    { 39, 40, 667, 1, 36, 390, 6422 }, // U+6749
    { 38, 40, 667, 1, 36, 380, 6812 }, // U+674A
    { 40, 40, 667, 1, 36, 400, 7192 }, // U+674B
    { 40, 40, 667, 1, 36, 400, 7592 }, // U+674C
    { 39, 40, 667, 1, 36, 390, 7992 }, // U+674D
    { 40, 40, 667, 1, 36, 400, 8382 }, // U+674E
    { 40, 40, 667, 1, 36, 400, 8782 }, // U+674F
    { 39, 40, 667, 1, 36, 390, 9182 }, // U+6750
    { 40, 40, 667, 1, 36, 400, 9572 }, // U+6751
    { 38, 41, 667, 1, 36, 390, 9972 }, // U+6752
    { 38, 41, 667, 1, 36, 390, 10362 }, // U+6753
    { 39, 40, 667, 1, 36, 390, 10752 }, // U+6754
    { 40, 40, 667, 1, 36, 400, 11142 }, // U+6755
    { 40, 40, 667, 1, 36, 400, 11542 }, // U+6756
    { 40, 41, 667, 1, 37, 410, 11942 }, // U+6757
    { 40, 38, 667, 1, 34, 380, 12352 }, // U+6758
    { 40, 40, 667, 1, 36, 400, 12732 }, // U+6759
    { 39, 40, 667, 1, 36, 390, 13132 }, // U+675A
    { 38, 40, 667, 1, 36, 380, 13522 }, // U+675B
    { 39, 40, 667, 1, 36, 390, 13902 }, // U+675C
    { 40, 40, 667, 1, 36, 400, 14292 }, // U+675D
    { 40, 40, 667, 1, 36, 400, 14692 }, // U+675E
    { 40, 40, 667, 1, 36, 400, 15092 }, // U+675F
    { 39, 40, 667, 1, 36, 390, 15492 }, // U+6760
    { 40, 40, 667, 1, 36, 400, 15882 }, // U+6761
    { 40, 39, 667, 1, 36, 390, 16282 }, // U+6762
    { 38, 40, 667, 1, 36, 380, 16672 }, // U+6763
    { 39, 41, 667, 1, 36, 400, 17052 }, // U+6764
    { 40, 40, 667, 1, 36, 400, 17452 }, // U+6765
    { 40, 41, 667, 1, 36, 410, 17852 }, // U+6766
    { 40, 40, 667, 1, 36, 400, 18262 }, // U+6767
    { 39, 40, 667, 1, 36, 390, 18662 }, // U+6768
    { 39, 40, 667, 1, 36, 390, 19052 }, // U+6769
    { 39, 40, 667, 1, 36, 390, 19442 }, // U+676A
    { 40, 40, 667, 1, 36, 400, 19832 }, // U+676B
    { 40, 41, 667, 1, 36, 410, 20232 }, // U+676C
    { 40, 41, 667, 1, 37, 410, 20642 }, // U+676D
    { 39, 40, 667, 1, 36, 390, 21052 }, // U+676E
    { 40, 40, 667, 1, 36, 400, 21442 }, // U+676F
    { 38, 40, 667, 2, 36, 380, 21842 }, // U+6770
    { 40, 40, 667, 1, 36, 400, 22222 }, // U+6771
    { 40, 38, 667, 1, 34, 380, 22622 }, // U+6772
    { 40, 40, 667, 1, 36, 400, 23002 }, // U+6773
    { 40, 40, 667, 1, 36, 400, 23402 }, // U+6774
    { 40, 40, 667, 1, 36, 400, 23802 }, // U+6775
    { 40, 40, 667, 1, 36, 400, 24202 }, // U+6776
    { 40, 40, 667, 1, 36, 400, 24602 }, // U+6777
    { 39, 40, 667, 1, 36, 390, 25002 }, // U+6778
    { 40, 41, 667, 1, 36, 410, 25392 }, // U+6779
    { 40, 40, 667, 1, 36, 400, 25802 }, // U+677A
    { 40, 40, 667, 1, 36, 400, 26202 }, // U+677B
    { 40, 41, 667, 1, 36, 410, 26602 }, // U+677C
    { 39, 40, 667, 1, 36, 390, 27012 }, // U+677D
    { 39, 40, 667, 1, 36, 390, 27402 }, // U+677E
    { 40, 40, 667, 1, 36, 400, 27792 }, // U+677F
    { 32, 37, 667, 5, 33, 296, 28192 }, // U+7532
    { 36, 39, 667, 3, 36, 351, 28488 }, // U+7684
    { 40, 40, 667, 1, 35, 400, 28839 }, // U+8BAE
    { 39, 40, 667, 1, 36, 390, 29239 }, // U+8BF7
    { 40, 40, 667, 1, 36, 400, 29629 }, // U+91CA
    { 22, 30, 383, 1, 30, 165, 0 }, // U+FB00
    { 19, 30, 351, 0, 30, 143, 165 }, // U+FB01
    { 22, 30, 367, 1, 30, 165, 308 }, // U+FB02
    { 30, 30, 527, 0, 30, 225, 473 }, // U+FB03
    { 33, 30, 543, 1, 30, 248, 698 }, // U+FB04
    { 18, 29, 349, 2, 29, 131, 0 }, // U+FFFD
    { 43, 43, 846, 5, 36, 463, 0 }, // U+1F44B
    { 31, 43, 846, 11, 36, 334, 463 }, // U+1F44C
    { 39, 43, 846, 7, 36, 420, 797 }, // U+1F44D
    { 39, 43, 846, 7, 36, 420, 1217 }, // U+1F44E
    { 41, 43, 846, 6, 36, 441, 1637 }, // U+1F44F
    { 43, 43, 846, 5, 36, 463, 2078 }, // U+1F600
    { 43, 43, 846, 5, 36, 463, 2541 }, // U+1F601
    { 51, 43, 846, 1, 36, 549, 3004 }, // U+1F602
    { 43, 43, 846, 5, 36, 463, 3553 }, // U+1F603
    { 43, 43, 846, 5, 36, 463, 4016 }, // U+1F604
    { 46, 43, 846, 4, 36, 495, 4479 }, // U+1F605
    { 43, 43, 846, 5, 36, 463, 4974 }, // U+1F606
    { 41, 42, 846, 6, 35, 431, 5437 }, // U+1F607
    { 43, 43, 846, 5, 36, 463, 5868 }, // U+1F609
    { 43, 43, 846, 5, 36, 463, 6331 }, // U+1F60A
    { 43, 44, 846, 5, 36, 473, 6794 }, // U+1F60B
    { 43, 43, 846, 5, 36, 463, 7267 }, // U+1F60C
    { 43, 43, 846, 5, 36, 463, 7730 }, // U+1F60D
    { 44, 43, 846, 4, 36, 473, 8193 }, // U+1F60E
    { 43, 43, 846, 5, 36, 463, 8666 }, // U+1F60F
    { 43, 43, 846, 5, 36, 463, 9129 }, // U+1F610
    { 43, 43, 846, 5, 36, 463, 9592 }, // U+1F611
    { 43, 43, 846, 5, 36, 463, 10055 }, // U+1F612
    { 43, 43, 846, 5, 36, 463, 10518 }, // U+1F613
    { 43, 43, 846, 5, 36, 463, 10981 }, // U+1F614
    { 43, 43, 846, 5, 36, 463, 11444 }, // U+1F618
    { 43, 43, 846, 5, 36, 463, 11907 }, // U+1F61A
    { 43, 44, 846, 5, 36, 473, 12370 }, // U+1F61C
    { 43, 44, 846, 5, 36, 473, 12843 }, // U+1F61D
    { 43, 43, 846, 5, 36, 463, 13316 }, // U+1F620
    { 43, 43, 846, 5, 36, 463, 13779 }, // U+1F621
    { 43, 43, 846, 5, 36, 463, 14242 }, // U+1F622
    { 46, 43, 846, 4, 36, 495, 14705 }, // U+1F624
    { 44, 43, 846, 5, 36, 473, 15200 }, // U+1F625
    { 43, 43, 846, 5, 36, 463, 15673 }, // U+1F629
    { 43, 43, 846, 5, 36, 463, 16136 }, // U+1F62C
    { 43, 44, 846, 5, 36, 473, 16599 }, // U+1F62D
    { 43, 43, 846, 5, 36, 463, 17072 }, // U+1F62E
    { 49, 44, 846, 2, 36, 539, 17535 }, // U+1F631
    { 43, 43, 846, 5, 36, 463, 18074 }, // U+1F632
    { 43, 43, 846, 5, 36, 463, 18537 }, // U+1F633
    { 44, 43, 846, 5, 36, 473, 19000 }, // U+1F634
    { 43, 43, 846, 5, 36, 463, 19473 }, // U+1F635
    { 43, 43, 846, 5, 36, 463, 19936 }, // U+1F641
    { 43, 43, 846, 5, 36, 463, 20399 }, // U+1F642
    { 43, 43, 846, 5, 36, 463, 20862 }, // U+1F644
};

static const EpdUnicodeInterval lexenddeca_20_regularIntervals[] = {
    { 0x0, 0x17F, 0x0 },
    { 0x1A0, 0x1A1, 0x180 },
    { 0x1AF, 0x1B0, 0x182 },
    { 0x1C4, 0x1CE, 0x184 },
    { 0x1D3, 0x1D4, 0x18F },
    { 0x1E6, 0x1E7, 0x191 },
    { 0x1EA, 0x1EB, 0x193 },
    { 0x1F1, 0x1F3, 0x195 },
    { 0x1FA, 0x1FF, 0x198 },
    { 0x218, 0x21B, 0x19E },
    { 0x21E, 0x21F, 0x1A2 },
    { 0x300, 0x304, 0x1A4 },
    { 0x306, 0x30C, 0x1A9 },
    { 0x31B, 0x31B, 0x1B0 },
    { 0x323, 0x323, 0x1B1 },
    { 0x326, 0x328, 0x1B2 },
    { 0x34F, 0x34F, 0x1B5 },
    { 0x3BB, 0x3BB, 0x1B6 },
    { 0x410, 0x414, 0x1B7 },
    { 0x418, 0x418, 0x1BC },
    { 0x41B, 0x41B, 0x1BD },
    { 0x41D, 0x423, 0x1BE },
    { 0x425, 0x425, 0x1C5 },
    { 0x427, 0x427, 0x1C6 },
    { 0x42B, 0x42C, 0x1C7 },
    { 0x42E, 0x432, 0x1C9 },
    { 0x434, 0x435, 0x1CE },
    { 0x437, 0x437, 0x1D0 },
    { 0x43A, 0x43A, 0x1D1 },
    { 0x43D, 0x43E, 0x1D2 },
    { 0x440, 0x440, 0x1D4 },
    { 0x442, 0x442, 0x1D5 },
    { 0x446, 0x446, 0x1D6 },
    { 0x44C, 0x44C, 0x1D7 },
    { 0x44E, 0x44E, 0x1D8 },
    { 0x1EA0, 0x1EF9, 0x1D9 },
    { 0x200B, 0x2010, 0x233 },
    { 0x2013, 0x2014, 0x239 },
    { 0x2018, 0x201A, 0x23B },
    { 0x201C, 0x201E, 0x23E },
    { 0x2020, 0x2022, 0x241 },
    { 0x2026, 0x2026, 0x244 },
    { 0x202A, 0x202E, 0x245 },
    { 0x2030, 0x2030, 0x24A },
    { 0x2039, 0x203A, 0x24B },
    { 0x2044, 0x2044, 0x24D },
    { 0x2060, 0x2064, 0x24E },
    { 0x2066, 0x206F, 0x253 },
    { 0x2074, 0x2074, 0x25D },
    { 0x20AB, 0x20AC, 0x25E },
    { 0x2113, 0x2113, 0x260 },
    { 0x2202, 0x2202, 0x261 },
    { 0x220F, 0x220F, 0x262 },
    { 0x2211, 0x2212, 0x263 },
    { 0x2215, 0x2215, 0x265 },
    { 0x2219, 0x221A, 0x266 },
    { 0x221E, 0x221E, 0x268 },
    { 0x222B, 0x222B, 0x269 },
    { 0x2248, 0x2248, 0x26A },
    { 0x2260, 0x2260, 0x26B },
    { 0x2264, 0x2265, 0x26C },
    { 0x2669, 0x266F, 0x26E },
    { 0x2764, 0x2764, 0x275 },
    { 0x4F1A, 0x4F1A, 0x276 },
    { 0x53BB, 0x53BB, 0x277 },
    { 0x5458, 0x5458, 0x278 },
    { 0x59DA, 0x59DA, 0x279 },
    { 0x5B98, 0x5B98, 0x27A },
    { 0x5BA4, 0x5BA4, 0x27B },
    { 0x5E26, 0x5E26, 0x27C },
    { 0x6211, 0x6211, 0x27D },
    { 0x62C9, 0x62C9, 0x27E },
    { 0x653E, 0x653E, 0x27F },
    { 0x6746, 0x677F, 0x280 },
    { 0x7532, 0x7532, 0x2BA },
    { 0x7684, 0x7684, 0x2BB },
    { 0x8BAE, 0x8BAE, 0x2BC },
    { 0x8BF7, 0x8BF7, 0x2BD },
    { 0x91CA, 0x91CA, 0x2BE },
    { 0xFB00, 0xFB04, 0x2BF },
    { 0xFFFD, 0xFFFD, 0x2C4 },
    { 0x1F44B, 0x1F44F, 0x2C5 },
    { 0x1F600, 0x1F607, 0x2CA },
    { 0x1F609, 0x1F614, 0x2D2 },
    { 0x1F618, 0x1F618, 0x2DE },
    { 0x1F61A, 0x1F61A, 0x2DF },
    { 0x1F61C, 0x1F61D, 0x2E0 },
    { 0x1F620, 0x1F622, 0x2E2 },
    { 0x1F624, 0x1F625, 0x2E5 },
    { 0x1F629, 0x1F629, 0x2E7 },
    { 0x1F62C, 0x1F62E, 0x2E8 },
    { 0x1F631, 0x1F635, 0x2EB },
    { 0x1F641, 0x1F642, 0x2F0 },
    { 0x1F644, 0x1F644, 0x2F2 },
};

static const EpdFontGroup lexenddeca_20_regularGroups[] = {
    { 0, 4246, 12092, 128, 0 },
    { 4246, 3990, 14657, 128, 128 },
    { 8236, 4764, 22821, 128, 256 },
    { 13000, 2563, 8822, 36, 384 },
    { 15563, 210, 314, 18, 420 },
    { 15773, 102, 140, 1, 438 },
    { 15875, 1997, 6225, 34, 439 },
    { 17872, 3353, 19768, 90, 473 },
    { 21225, 476, 1263, 42, 563 },
    { 21701, 52, 64, 1, 605 },
    { 21753, 191, 408, 2, 606 },
    { 21944, 88, 116, 1, 608 },
    { 22032, 604, 1636, 13, 609 },
    { 22636, 10226, 30497, 81, 622 },
    { 32862, 182, 1020, 5, 703 },
    { 33044, 103, 145, 1, 708 },
    { 33147, 6443, 21847, 46, 709 },
};

static const EpdKernClassEntry lexenddeca_20_regularKernLeftClasses[] = {
    { 0x0028, 1 }, // (
    { 0x002C, 2 }, // ,
    { 0x002D, 3 }, // -
    { 0x002E, 2 }, // .
    { 0x002F, 4 }, // /
    { 0x0030, 5 }, // 0
    { 0x0031, 6 }, // 1
    { 0x0032, 7 }, // 2
    { 0x0034, 8 }, // 4
    { 0x0035, 9 }, // 5
    { 0x0036, 10 }, // 6
    { 0x0037, 11 }, // 7
    { 0x0038, 12 }, // 8
    { 0x0039, 13 }, // 9
    { 0x0041, 14 }, // A
    { 0x0042, 15 }, // B
    { 0x0043, 16 }, // C
    { 0x0044, 17 }, // D
    { 0x0045, 18 }, // E
    { 0x0046, 19 }, // F
    { 0x0047, 20 }, // G
    { 0x0049, 21 }, // I
    { 0x004A, 22 }, // J
    { 0x004B, 23 }, // K
    { 0x004C, 24 }, // L
    { 0x004F, 17 }, // O
    { 0x0050, 25 }, // P
    { 0x0051, 26 }, // Q
    { 0x0052, 27 }, // R
    { 0x0053, 28 }, // S
    { 0x0054, 29 }, // T
    { 0x0055, 30 }, // U
    { 0x0056, 31 }, // V
    { 0x0057, 32 }, // W
    { 0x0058, 33 }, // X
    { 0x0059, 34 }, // Y
    { 0x005A, 35 }, // Z
    { 0x0061, 36 }, // a
    { 0x0062, 37 }, // b
    { 0x0063, 38 }, // c
    { 0x0065, 39 }, // e
    { 0x0066, 40 }, // f
    { 0x0067, 41 }, // g
    { 0x0068, 42 }, // h
    { 0x006A, 43 }, // j
    { 0x006B, 44 }, // k
    { 0x006C, 45 }, // l
    { 0x006D, 42 }, // m
    { 0x006E, 42 }, // n
    { 0x006F, 37 }, // o
    { 0x0070, 37 }, // p
    { 0x0071, 46 }, // q
    { 0x0072, 47 }, // r
    { 0x0073, 48 }, // s
    { 0x0074, 49 }, // t
    { 0x0075, 50 }, // u
    { 0x0076, 51 }, // v
    { 0x0077, 52 }, // w
    { 0x0078, 53 }, // x
    { 0x0079, 51 }, // y
    { 0x007A, 54 }, // z
    { 0x00C0, 14 }, // U+00C0
    { 0x00C1, 14 }, // U+00C1
    { 0x00C2, 14 }, // U+00C2
    { 0x00C3, 14 }, // U+00C3
    { 0x00C4, 14 }, // U+00C4
    { 0x00C5, 14 }, // U+00C5
    { 0x00C6, 18 }, // U+00C6
    { 0x00C7, 16 }, // U+00C7
    { 0x00C8, 18 }, // U+00C8
    { 0x00C9, 18 }, // U+00C9
    { 0x00CA, 18 }, // U+00CA
    { 0x00CB, 18 }, // U+00CB
    { 0x00CC, 21 }, // U+00CC
    { 0x00CD, 21 }, // U+00CD
    { 0x00CE, 21 }, // U+00CE
    { 0x00CF, 21 }, // U+00CF
    { 0x00D0, 17 }, // U+00D0
    { 0x00D2, 17 }, // U+00D2
    { 0x00D3, 17 }, // U+00D3
    { 0x00D4, 17 }, // U+00D4
    { 0x00D5, 17 }, // U+00D5
    { 0x00D6, 17 }, // U+00D6
    { 0x00D8, 17 }, // U+00D8
    { 0x00D9, 30 }, // U+00D9
    { 0x00DA, 30 }, // U+00DA
    { 0x00DB, 30 }, // U+00DB
    { 0x00DC, 30 }, // U+00DC
    { 0x00DD, 34 }, // U+00DD
    { 0x00E0, 42 }, // U+00E0
    { 0x00E1, 42 }, // U+00E1
    { 0x00E2, 42 }, // U+00E2
    { 0x00E3, 42 }, // U+00E3
    { 0x00E4, 42 }, // U+00E4
    { 0x00E5, 42 }, // U+00E5
    { 0x00E6, 39 }, // U+00E6
    { 0x00E7, 38 }, // U+00E7
    { 0x00E8, 39 }, // U+00E8
    { 0x00E9, 39 }, // U+00E9
    { 0x00EA, 39 }, // U+00EA
    { 0x00EB, 39 }, // U+00EB
    { 0x00F0, 17 }, // U+00F0
    { 0x00F1, 42 }, // U+00F1
    { 0x00F2, 37 }, // U+00F2
    { 0x00F3, 37 }, // U+00F3
    { 0x00F4, 37 }, // U+00F4
    { 0x00F5, 37 }, // U+00F5
    { 0x00F6, 37 }, // U+00F6
    { 0x00F8, 37 }, // U+00F8
    { 0x00F9, 50 }, // U+00F9
    { 0x00FA, 50 }, // U+00FA
    { 0x00FB, 50 }, // U+00FB
    { 0x00FC, 50 }, // U+00FC
    { 0x00FD, 51 }, // U+00FD
    { 0x00FE, 37 }, // U+00FE
    { 0x00FF, 51 }, // U+00FF
    { 0x0100, 14 }, // U+0100
    { 0x0101, 42 }, // U+0101
    { 0x0102, 14 }, // U+0102
    { 0x0103, 42 }, // U+0103
    { 0x0104, 14 }, // U+0104
    { 0x0105, 42 }, // U+0105
    { 0x0106, 16 }, // U+0106
    { 0x0107, 38 }, // U+0107
    { 0x0108, 16 }, // U+0108
    { 0x0109, 38 }, // U+0109
    { 0x010A, 16 }, // U+010A
    { 0x010B, 38 }, // U+010B
    { 0x010C, 16 }, // U+010C
    { 0x010D, 38 }, // U+010D
    { 0x010E, 17 }, // U+010E
    { 0x010F, 55 }, // U+010F
    { 0x0111, 40 }, // U+0111
    { 0x0112, 18 }, // U+0112
    { 0x0113, 39 }, // U+0113
    { 0x0114, 18 }, // U+0114
    { 0x0115, 39 }, // U+0115
    { 0x0116, 18 }, // U+0116
    { 0x0117, 39 }, // U+0117
    { 0x0118, 18 }, // U+0118
    { 0x0119, 39 }, // U+0119
    { 0x011A, 18 }, // U+011A
    { 0x011B, 39 }, // U+011B
    { 0x011C, 20 }, // U+011C
    { 0x011D, 41 }, // U+011D
    { 0x011E, 20 }, // U+011E
    { 0x011F, 41 }, // U+011F
    { 0x0120, 20 }, // U+0120
    { 0x0121, 41 }, // U+0121
    { 0x0122, 20 }, // U+0122
    { 0x0123, 41 }, // U+0123
    { 0x0125, 42 }, // U+0125
    { 0x0127, 42 }, // U+0127
    { 0x0128, 21 }, // U+0128
    { 0x012A, 21 }, // U+012A
    { 0x012C, 21 }, // U+012C
    { 0x012E, 21 }, // U+012E
    { 0x0130, 21 }, // U+0130
    { 0x0132, 22 }, // U+0132
    { 0x0133, 43 }, // U+0133
    { 0x0134, 22 }, // U+0134
    { 0x0135, 43 }, // U+0135
    { 0x0136, 23 }, // U+0136
    { 0x0137, 44 }, // U+0137
    { 0x0138, 44 }, // U+0138
    { 0x0139, 24 }, // U+0139
    { 0x013A, 56 }, // U+013A
    { 0x013B, 24 }, // U+013B
    { 0x013C, 56 }, // U+013C
    { 0x013E, 55 }, // U+013E
    { 0x013F, 24 }, // U+013F
    { 0x0140, 57 }, // U+0140
    { 0x0141, 24 }, // U+0141
    { 0x0142, 56 }, // U+0142
    { 0x0144, 42 }, // U+0144
    { 0x0146, 42 }, // U+0146
    { 0x0148, 42 }, // U+0148
    { 0x0149, 42 }, // U+0149
    { 0x014B, 42 }, // U+014B
    { 0x014C, 17 }, // U+014C
    { 0x014D, 37 }, // U+014D
    { 0x014E, 17 }, // U+014E
    { 0x014F, 37 }, // U+014F
    { 0x0150, 17 }, // U+0150
    { 0x0151, 37 }, // U+0151
    { 0x0152, 18 }, // U+0152
    { 0x0153, 39 }, // U+0153
    { 0x0154, 27 }, // U+0154
    { 0x0155, 47 }, // U+0155
    { 0x0156, 27 }, // U+0156
    { 0x0157, 47 }, // U+0157
    { 0x0158, 27 }, // U+0158
    { 0x0159, 47 }, // U+0159
    { 0x015A, 28 }, // U+015A
    { 0x015B, 48 }, // U+015B
    { 0x015C, 28 }, // U+015C
    { 0x015D, 48 }, // U+015D
    { 0x015E, 28 }, // U+015E
    { 0x015F, 48 }, // U+015F
    { 0x0160, 28 }, // U+0160
    { 0x0161, 48 }, // U+0161
    { 0x0162, 29 }, // U+0162
    { 0x0163, 49 }, // U+0163
    { 0x0164, 29 }, // U+0164
    { 0x0165, 55 }, // U+0165
    { 0x0166, 29 }, // U+0166
    { 0x0168, 30 }, // U+0168
    { 0x0169, 50 }, // U+0169
    { 0x016A, 30 }, // U+016A
    { 0x016B, 50 }, // U+016B
    { 0x016C, 30 }, // U+016C
    { 0x016D, 50 }, // U+016D
    { 0x016E, 30 }, // U+016E
    { 0x016F, 50 }, // U+016F
    { 0x0170, 30 }, // U+0170
    { 0x0171, 50 }, // U+0171
    { 0x0172, 30 }, // U+0172
    { 0x0173, 50 }, // U+0173
    { 0x0176, 34 }, // U+0176
    { 0x0177, 51 }, // U+0177
    { 0x0178, 34 }, // U+0178
    { 0x0179, 35 }, // U+0179
    { 0x017A, 54 }, // U+017A
    { 0x017B, 35 }, // U+017B
    { 0x017C, 54 }, // U+017C
    { 0x017D, 35 }, // U+017D
    { 0x017E, 54 }, // U+017E
    { 0x017F, 40 }, // U+017F
    { 0x01A0, 58 }, // U+01A0
    { 0x01A1, 59 }, // U+01A1
    { 0x01AF, 60 }, // U+01AF
    { 0x01B0, 61 }, // U+01B0
    { 0x01C4, 35 }, // U+01C4
    { 0x01C5, 54 }, // U+01C5
    { 0x01C6, 54 }, // U+01C6
    { 0x01C7, 22 }, // U+01C7
    { 0x01C8, 43 }, // U+01C8
    { 0x01C9, 43 }, // U+01C9
    { 0x01CA, 22 }, // U+01CA
    { 0x01CB, 43 }, // U+01CB
    { 0x01CC, 43 }, // U+01CC
    { 0x01CD, 14 }, // U+01CD
    { 0x01CE, 42 }, // U+01CE
    { 0x01D3, 30 }, // U+01D3
    { 0x01D4, 50 }, // U+01D4
    { 0x01E6, 20 }, // U+01E6
    { 0x01E7, 41 }, // U+01E7
    { 0x01EA, 17 }, // U+01EA
    { 0x01EB, 37 }, // U+01EB
    { 0x01F1, 35 }, // U+01F1
    { 0x01F2, 54 }, // U+01F2
    { 0x01F3, 54 }, // U+01F3
    { 0x01FA, 14 }, // U+01FA
    { 0x01FB, 42 }, // U+01FB
    { 0x01FC, 18 }, // U+01FC
    { 0x01FD, 39 }, // U+01FD
    { 0x01FE, 17 }, // U+01FE
    { 0x01FF, 37 }, // U+01FF
    { 0x0218, 28 }, // U+0218
    { 0x0219, 48 }, // U+0219
    { 0x021A, 29 }, // U+021A
    { 0x021B, 49 }, // U+021B
    { 0x021F, 42 }, // U+021F
    { 0x03BB, 62 }, // U+03BB
    { 0x0410, 63 }, // U+0410
    { 0x0413, 64 }, // U+0413
    { 0x041E, 65 }, // U+041E
    { 0x0420, 66 }, // U+0420
    { 0x0422, 64 }, // U+0422
    { 0x0423, 67 }, // U+0423
    { 0x0425, 68 }, // U+0425
    { 0x042C, 69 }, // U+042C
    { 0x042E, 65 }, // U+042E
    { 0x0434, 70 }, // U+0434
    { 0x043A, 70 }, // U+043A
    { 0x043D, 70 }, // U+043D
    { 0x043E, 71 }, // U+043E
    { 0x0440, 71 }, // U+0440
    { 0x0442, 70 }, // U+0442
    { 0x0446, 70 }, // U+0446
    { 0x044C, 72 }, // U+044C
    { 0x044E, 71 }, // U+044E
    { 0x1EA0, 14 }, // U+1EA0
    { 0x1EA1, 42 }, // U+1EA1
    { 0x1EA2, 14 }, // U+1EA2
    { 0x1EA3, 42 }, // U+1EA3
    { 0x1EA4, 14 }, // U+1EA4
    { 0x1EA5, 42 }, // U+1EA5
    { 0x1EA6, 14 }, // U+1EA6
    { 0x1EA7, 42 }, // U+1EA7
    { 0x1EA8, 14 }, // U+1EA8
    { 0x1EA9, 42 }, // U+1EA9
    { 0x1EAA, 14 }, // U+1EAA
    { 0x1EAB, 42 }, // U+1EAB
    { 0x1EAC, 14 }, // U+1EAC
    { 0x1EAD, 42 }, // U+1EAD
    { 0x1EAE, 14 }, // U+1EAE
    { 0x1EAF, 42 }, // U+1EAF
    { 0x1EB0, 14 }, // U+1EB0
    { 0x1EB1, 42 }, // U+1EB1
    { 0x1EB2, 14 }, // U+1EB2
    { 0x1EB3, 42 }, // U+1EB3
    { 0x1EB4, 14 }, // U+1EB4
    { 0x1EB5, 42 }, // U+1EB5
    { 0x1EB6, 14 }, // U+1EB6
    { 0x1EB7, 42 }, // U+1EB7
    { 0x1EB8, 18 }, // U+1EB8
    { 0x1EB9, 39 }, // U+1EB9
    { 0x1EBA, 18 }, // U+1EBA
    { 0x1EBB, 39 }, // U+1EBB
    { 0x1EBC, 18 }, // U+1EBC
    { 0x1EBD, 39 }, // U+1EBD
    { 0x1EBE, 18 }, // U+1EBE
    { 0x1EC0, 18 }, // U+1EC0
    { 0x1EC2, 18 }, // U+1EC2
    { 0x1EC4, 18 }, // U+1EC4
    { 0x1EC6, 18 }, // U+1EC6
    { 0x1EC7, 39 }, // U+1EC7
    { 0x1EC8, 21 }, // U+1EC8
    { 0x1ECA, 21 }, // U+1ECA
    { 0x1ECC, 17 }, // U+1ECC
    { 0x1ECD, 37 }, // U+1ECD
    { 0x1ECE, 17 }, // U+1ECE
    { 0x1ECF, 37 }, // U+1ECF
    { 0x1ED0, 17 }, // U+1ED0
    { 0x1ED2, 17 }, // U+1ED2
    { 0x1ED4, 17 }, // U+1ED4
    { 0x1ED6, 17 }, // U+1ED6
    { 0x1ED7, 37 }, // U+1ED7
    { 0x1ED8, 17 }, // U+1ED8
    { 0x1ED9, 37 }, // U+1ED9
    { 0x1EDA, 58 }, // U+1EDA
    { 0x1EDB, 59 }, // U+1EDB
    { 0x1EDC, 58 }, // U+1EDC
    { 0x1EDD, 59 }, // U+1EDD
    { 0x1EDE, 58 }, // U+1EDE
    { 0x1EDF, 59 }, // U+1EDF
    { 0x1EE0, 58 }, // U+1EE0
    { 0x1EE1, 59 }, // U+1EE1
    { 0x1EE2, 58 }, // U+1EE2
    { 0x1EE3, 59 }, // U+1EE3
    { 0x1EE8, 60 }, // U+1EE8
    { 0x1EE9, 61 }, // U+1EE9
    { 0x1EEA, 60 }, // U+1EEA
    { 0x1EEB, 61 }, // U+1EEB
    { 0x1EEC, 60 }, // U+1EEC
    { 0x1EED, 61 }, // U+1EED
    { 0x1EEE, 60 }, // U+1EEE
    { 0x1EEF, 61 }, // U+1EEF
    { 0x1EF0, 60 }, // U+1EF0
    { 0x1EF1, 61 }, // U+1EF1
    { 0x1EF2, 34 }, // U+1EF2
    { 0x1EF3, 51 }, // U+1EF3
    { 0x1EF4, 34 }, // U+1EF4
    { 0x1EF5, 51 }, // U+1EF5
    { 0x1EF6, 34 }, // U+1EF6
    { 0x1EF7, 51 }, // U+1EF7
    { 0x1EF8, 34 }, // U+1EF8
    { 0x1EF9, 51 }, // U+1EF9
    { 0x2013, 3 }, // U+2013
    { 0x2014, 3 }, // U+2014
    { 0x2019, 73 }, // U+2019
    { 0x201A, 2 }, // U+201A
    { 0x201D, 73 }, // U+201D
    { 0x201E, 2 }, // U+201E
    { 0x2026, 2 }, // U+2026
    { 0x20AB, 40 }, // U+20AB
    { 0xFB00, 40 }, // U+FB00
    { 0xFB02, 56 }, // U+FB02
    { 0xFB04, 56 }, // U+FB04
};

static const EpdKernClassEntry lexenddeca_20_regularKernRightClasses[] = {
    { 0x0025, 1 }, // %
    { 0x0029, 2 }, // )
    { 0x002C, 3 }, // ,
    { 0x002D, 4 }, // -
    { 0x002E, 3 }, // .
    { 0x002F, 5 }, // /
    { 0x0031, 6 }, // 1
    { 0x0032, 7 }, // 2
    { 0x0034, 8 }, // 4
    { 0x0035, 9 }, // 5
    { 0x0037, 10 }, // 7
    { 0x0038, 11 }, // 8
    { 0x0039, 12 }, // 9
    { 0x0041, 13 }, // A
    { 0x0043, 14 }, // C
    { 0x0047, 14 }, // G
    { 0x0049, 15 }, // I
    { 0x004A, 16 }, // J
    { 0x004F, 14 }, // O
    { 0x0051, 14 }, // Q
    { 0x0053, 17 }, // S
    { 0x0054, 18 }, // T
    { 0x0055, 19 }, // U
    { 0x0056, 20 }, // V
    { 0x0057, 21 }, // W
    { 0x0058, 22 }, // X
    { 0x0059, 23 }, // Y
    { 0x005A, 24 }, // Z
    { 0x0061, 25 }, // a
    { 0x0063, 26 }, // c
    { 0x0064, 26 }, // d
    { 0x0065, 26 }, // e
    { 0x0066, 27 }, // f
    { 0x0067, 28 }, // g
    { 0x0068, 29 }, // h
    { 0x0069, 30 }, // i
    { 0x006A, 31 }, // j
    { 0x006B, 29 }, // k
    { 0x006C, 32 }, // l
    { 0x006D, 33 }, // m
    { 0x006E, 33 }, // n
    { 0x006F, 26 }, // o
    { 0x0070, 34 }, // p
    { 0x0071, 26 }, // q
    { 0x0072, 33 }, // r
    { 0x0073, 35 }, // s
    { 0x0074, 36 }, // t
    { 0x0075, 37 }, // u
    { 0x0076, 38 }, // v
    { 0x0077, 39 }, // w
    { 0x0078, 40 }, // x
    { 0x0079, 38 }, // y
    { 0x007A, 41 }, // z
    { 0x00B0, 42 }, // U+00B0
    { 0x00C0, 13 }, // U+00C0
    { 0x00C1, 13 }, // U+00C1
    { 0x00C2, 13 }, // U+00C2
    { 0x00C3, 13 }, // U+00C3
    { 0x00C4, 13 }, // U+00C4
    { 0x00C5, 13 }, // U+00C5
    { 0x00C6, 43 }, // U+00C6
    { 0x00C7, 14 }, // U+00C7
    { 0x00CC, 15 }, // U+00CC
    { 0x00CD, 15 }, // U+00CD
    { 0x00CE, 15 }, // U+00CE
    { 0x00CF, 15 }, // U+00CF
    { 0x00D2, 14 }, // U+00D2
    { 0x00D3, 14 }, // U+00D3
    { 0x00D4, 14 }, // U+00D4
    { 0x00D5, 14 }, // U+00D5
    { 0x00D6, 14 }, // U+00D6
    { 0x00D8, 14 }, // U+00D8
    { 0x00D9, 19 }, // U+00D9
    { 0x00DA, 19 }, // U+00DA
    { 0x00DB, 19 }, // U+00DB
    { 0x00DC, 19 }, // U+00DC
    { 0x00DD, 23 }, // U+00DD
    { 0x00E0, 25 }, // U+00E0
    { 0x00E1, 25 }, // U+00E1
    { 0x00E2, 25 }, // U+00E2
    { 0x00E3, 25 }, // U+00E3
    { 0x00E4, 25 }, // U+00E4
    { 0x00E5, 25 }, // U+00E5
    { 0x00E6, 25 }, // U+00E6
    { 0x00E7, 26 }, // U+00E7
    { 0x00E8, 26 }, // U+00E8
    { 0x00E9, 26 }, // U+00E9
    { 0x00EA, 26 }, // U+00EA
    { 0x00EB, 26 }, // U+00EB
    { 0x00EC, 30 }, // U+00EC
    { 0x00ED, 30 }, // U+00ED
    { 0x00EE, 30 }, // U+00EE
    { 0x00EF, 30 }, // U+00EF
    { 0x00F0, 26 }, // U+00F0
    { 0x00F1, 33 }, // U+00F1
    { 0x00F2, 26 }, // U+00F2
    { 0x00F3, 26 }, // U+00F3
    { 0x00F4, 26 }, // U+00F4
    { 0x00F5, 26 }, // U+00F5
    { 0x00F6, 26 }, // U+00F6
    { 0x00F8, 26 }, // U+00F8
    { 0x00F9, 37 }, // U+00F9
    { 0x00FA, 37 }, // U+00FA
    { 0x00FB, 37 }, // U+00FB
    { 0x00FC, 37 }, // U+00FC
    { 0x00FD, 38 }, // U+00FD
    { 0x00FF, 38 }, // U+00FF
    { 0x0100, 13 }, // U+0100
    { 0x0101, 25 }, // U+0101
    { 0x0102, 13 }, // U+0102
    { 0x0103, 25 }, // U+0103
    { 0x0104, 13 }, // U+0104
    { 0x0105, 25 }, // U+0105
    { 0x0106, 14 }, // U+0106
    { 0x0107, 26 }, // U+0107
    { 0x0108, 14 }, // U+0108
    { 0x0109, 26 }, // U+0109
    { 0x010A, 14 }, // U+010A
    { 0x010B, 26 }, // U+010B
    { 0x010C, 14 }, // U+010C
    { 0x010D, 26 }, // U+010D
    { 0x010F, 26 }, // U+010F
    { 0x0111, 26 }, // U+0111
    { 0x0113, 26 }, // U+0113
    { 0x0115, 26 }, // U+0115
    { 0x0117, 26 }, // U+0117
    { 0x0119, 26 }, // U+0119
    { 0x011B, 26 }, // U+011B
    { 0x011C, 14 }, // U+011C
    { 0x011D, 28 }, // U+011D
    { 0x011E, 14 }, // U+011E
    { 0x011F, 28 }, // U+011F
    { 0x0120, 14 }, // U+0120
    { 0x0121, 28 }, // U+0121
    { 0x0122, 14 }, // U+0122
    { 0x0123, 28 }, // U+0123
    { 0x0125, 29 }, // U+0125
    { 0x0127, 29 }, // U+0127
    { 0x0128, 15 }, // U+0128
    { 0x0129, 30 }, // U+0129
    { 0x012A, 15 }, // U+012A
    { 0x012B, 30 }, // U+012B
    { 0x012C, 15 }, // U+012C
    { 0x012D, 30 }, // U+012D
    { 0x012E, 15 }, // U+012E
    { 0x012F, 30 }, // U+012F
    { 0x0130, 15 }, // U+0130
    { 0x0131, 30 }, // U+0131
    { 0x0132, 15 }, // U+0132
    { 0x0133, 30 }, // U+0133
    { 0x0134, 16 }, // U+0134
    { 0x0135, 31 }, // U+0135
    { 0x0137, 29 }, // U+0137
    { 0x0138, 29 }, // U+0138
    { 0x013A, 32 }, // U+013A
    { 0x013C, 32 }, // U+013C
    { 0x013E, 32 }, // U+013E
    { 0x0140, 32 }, // U+0140
    { 0x0142, 32 }, // U+0142
    { 0x0144, 33 }, // U+0144
    { 0x0146, 33 }, // U+0146
    { 0x0148, 33 }, // U+0148
    { 0x014B, 33 }, // U+014B
    { 0x014C, 14 }, // U+014C
    { 0x014D, 26 }, // U+014D
    { 0x014E, 14 }, // U+014E
    { 0x014F, 26 }, // U+014F
    { 0x0150, 14 }, // U+0150
    { 0x0151, 26 }, // U+0151
    { 0x0152, 14 }, // U+0152
    { 0x0153, 26 }, // U+0153
    { 0x0155, 33 }, // U+0155
    { 0x0157, 33 }, // U+0157
    { 0x0159, 33 }, // U+0159
    { 0x015A, 17 }, // U+015A
    { 0x015B, 35 }, // U+015B
    { 0x015C, 17 }, // U+015C
    { 0x015D, 35 }, // U+015D
    { 0x015E, 17 }, // U+015E
    { 0x015F, 35 }, // U+015F
    { 0x0160, 17 }, // U+0160
    { 0x0161, 35 }, // U+0161
    { 0x0162, 44 }, // U+0162
    { 0x0163, 36 }, // U+0163
    { 0x0164, 44 }, // U+0164
    { 0x0165, 36 }, // U+0165
    { 0x0166, 44 }, // U+0166
    { 0x0167, 36 }, // U+0167
    { 0x0168, 19 }, // U+0168
    { 0x0169, 37 }, // U+0169
    { 0x016A, 19 }, // U+016A
    { 0x016B, 37 }, // U+016B
    { 0x016C, 19 }, // U+016C
    { 0x016D, 37 }, // U+016D
    { 0x016E, 19 }, // U+016E
    { 0x016F, 37 }, // U+016F
    { 0x0170, 19 }, // U+0170
    { 0x0171, 37 }, // U+0171
    { 0x0172, 19 }, // U+0172
    { 0x0173, 37 }, // U+0173
    { 0x0176, 23 }, // U+0176
    { 0x0177, 38 }, // U+0177
    { 0x0178, 23 }, // U+0178
    { 0x0179, 24 }, // U+0179
    { 0x017A, 41 }, // U+017A
    { 0x017B, 24 }, // U+017B
    { 0x017C, 41 }, // U+017C
    { 0x017D, 24 }, // U+017D
    { 0x017E, 41 }, // U+017E
    { 0x017F, 27 }, // U+017F
    { 0x01A0, 14 }, // U+01A0
    { 0x01A1, 26 }, // U+01A1
    { 0x01C6, 26 }, // U+01C6
    { 0x01C9, 32 }, // U+01C9
    { 0x01CC, 33 }, // U+01CC
    { 0x01CD, 13 }, // U+01CD
    { 0x01CE, 25 }, // U+01CE
    { 0x01D3, 19 }, // U+01D3
    { 0x01D4, 37 }, // U+01D4
    { 0x01E6, 14 }, // U+01E6
    { 0x01E7, 28 }, // U+01E7
    { 0x01EA, 14 }, // U+01EA
    { 0x01EB, 26 }, // U+01EB
    { 0x01F3, 26 }, // U+01F3
    { 0x01FA, 13 }, // U+01FA
    { 0x01FB, 25 }, // U+01FB
    { 0x01FC, 43 }, // U+01FC
    { 0x01FD, 25 }, // U+01FD
    { 0x01FE, 14 }, // U+01FE
    { 0x01FF, 26 }, // U+01FF
    { 0x0218, 17 }, // U+0218
    { 0x0219, 35 }, // U+0219
    { 0x021A, 44 }, // U+021A
    { 0x021B, 36 }, // U+021B
    { 0x021F, 29 }, // U+021F
    { 0x03BB, 45 }, // U+03BB
    { 0x0410, 46 }, // U+0410
    { 0x0414, 46 }, // U+0414
    { 0x041B, 46 }, // U+041B
    { 0x041E, 47 }, // U+041E
    { 0x0421, 47 }, // U+0421
    { 0x0422, 48 }, // U+0422
    { 0x0425, 49 }, // U+0425
    { 0x0430, 50 }, // U+0430
    { 0x0431, 51 }, // U+0431
    { 0x0432, 52 }, // U+0432
    { 0x0434, 53 }, // U+0434
    { 0x0435, 54 }, // U+0435
    { 0x0437, 52 }, // U+0437
    { 0x043A, 52 }, // U+043A
    { 0x043D, 52 }, // U+043D
    { 0x043E, 54 }, // U+043E
    { 0x0440, 55 }, // U+0440
    { 0x0442, 52 }, // U+0442
    { 0x0446, 52 }, // U+0446
    { 0x044C, 52 }, // U+044C
    { 0x044E, 52 }, // U+044E
    { 0x1EA0, 13 }, // U+1EA0
    { 0x1EA1, 25 }, // U+1EA1
    { 0x1EA2, 13 }, // U+1EA2
    { 0x1EA3, 25 }, // U+1EA3
    { 0x1EA4, 13 }, // U+1EA4
    { 0x1EA5, 25 }, // U+1EA5
    { 0x1EA6, 13 }, // U+1EA6
    { 0x1EA7, 25 }, // U+1EA7
    { 0x1EA8, 13 }, // U+1EA8
    { 0x1EA9, 25 }, // U+1EA9
    { 0x1EAA, 13 }, // U+1EAA
    { 0x1EAB, 25 }, // U+1EAB
    { 0x1EAC, 13 }, // U+1EAC
    { 0x1EAD, 25 }, // U+1EAD
    { 0x1EAE, 13 }, // U+1EAE
    { 0x1EAF, 25 }, // U+1EAF
    { 0x1EB0, 13 }, // U+1EB0
    { 0x1EB1, 25 }, // U+1EB1
    { 0x1EB2, 13 }, // U+1EB2
    { 0x1EB3, 25 }, // U+1EB3
    { 0x1EB4, 13 }, // U+1EB4
    { 0x1EB5, 25 }, // U+1EB5
    { 0x1EB6, 13 }, // U+1EB6
    { 0x1EB7, 25 }, // U+1EB7
    { 0x1EB9, 26 }, // U+1EB9
    { 0x1EBB, 26 }, // U+1EBB
    { 0x1EBD, 26 }, // U+1EBD
    { 0x1EBF, 26 }, // U+1EBF
    { 0x1EC1, 26 }, // U+1EC1
    { 0x1EC3, 26 }, // U+1EC3
    { 0x1EC5, 26 }, // U+1EC5
    { 0x1EC7, 26 }, // U+1EC7
    { 0x1EC8, 15 }, // U+1EC8
    { 0x1EC9, 30 }, // U+1EC9
    { 0x1ECA, 15 }, // U+1ECA
    { 0x1ECB, 30 }, // U+1ECB
    { 0x1ECC, 14 }, // U+1ECC
    { 0x1ECD, 26 }, // U+1ECD
    { 0x1ECE, 14 }, // U+1ECE
    { 0x1ECF, 26 }, // U+1ECF
    { 0x1ED0, 14 }, // U+1ED0
    { 0x1ED1, 26 }, // U+1ED1
    { 0x1ED2, 14 }, // U+1ED2
    { 0x1ED3, 26 }, // U+1ED3
    { 0x1ED4, 14 }, // U+1ED4
    { 0x1ED5, 26 }, // U+1ED5
    { 0x1ED6, 14 }, // U+1ED6
    { 0x1ED7, 26 }, // U+1ED7
    { 0x1ED8, 14 }, // U+1ED8
    { 0x1ED9, 26 }, // U+1ED9
    { 0x1EDA, 14 }, // U+1EDA
    { 0x1EDB, 26 }, // U+1EDB
    { 0x1EDC, 14 }, // U+1EDC
    { 0x1EDD, 26 }, // U+1EDD
    { 0x1EDE, 14 }, // U+1EDE
    { 0x1EDF, 26 }, // U+1EDF
    { 0x1EE0, 14 }, // U+1EE0
    { 0x1EE1, 26 }, // U+1EE1
    { 0x1EE2, 14 }, // U+1EE2
    { 0x1EE3, 26 }, // U+1EE3
    { 0x1EE4, 19 }, // U+1EE4
    { 0x1EE5, 37 }, // U+1EE5
    { 0x1EE6, 19 }, // U+1EE6
    { 0x1EE7, 37 }, // U+1EE7
    { 0x1EE8, 19 }, // U+1EE8
    { 0x1EE9, 37 }, // U+1EE9
    { 0x1EEA, 19 }, // U+1EEA
    { 0x1EEB, 37 }, // U+1EEB
    { 0x1EEC, 19 }, // U+1EEC
    { 0x1EED, 37 }, // U+1EED
    { 0x1EEE, 19 }, // U+1EEE
    { 0x1EEF, 37 }, // U+1EEF
    { 0x1EF0, 19 }, // U+1EF0
    { 0x1EF1, 37 }, // U+1EF1
    { 0x1EF2, 23 }, // U+1EF2
    { 0x1EF3, 38 }, // U+1EF3
    { 0x1EF4, 23 }, // U+1EF4
    { 0x1EF5, 38 }, // U+1EF5
    { 0x1EF6, 23 }, // U+1EF6
    { 0x1EF7, 38 }, // U+1EF7
    { 0x1EF8, 23 }, // U+1EF8
    { 0x1EF9, 38 }, // U+1EF9
    { 0x2013, 4 }, // U+2013
    { 0x2014, 4 }, // U+2014
    { 0x2019, 56 }, // U+2019
    { 0x201A, 3 }, // U+201A
    { 0x201D, 56 }, // U+201D
    { 0x201E, 3 }, // U+201E
    { 0x2026, 3 }, // U+2026
    { 0x2030, 1 }, // U+2030
    { 0x20AB, 26 }, // U+20AB
    { 0x2202, 26 }, // U+2202
    { 0xFB00, 27 }, // U+FB00
    { 0xFB03, 27 }, // U+FB03
    { 0xFB04, 27 }, // U+FB04
};

static const int8_t lexenddeca_20_regularKernMatrix[] = {
       0,    0,    0,    0,    0,    0,    0,    0,    0,   21,    0,    0,    0,    0,    0,    0,    0,    0,    0,    0,    0,    0,    0,    0,    0,    0,    0,    0,    0,    0,    0,    0,    0,    0,    0,    0,    0,    0,    0,    0,    0,    0,    0,    0,    0,    0,    0,    0,    0,    0,    0,    0,    0,    0,    0,    0,
       0,    0,    0,    0,    0,    0,    0,    0,    0,    0,    0,    0,    0,    0,    0,    0,    0,    0,    0,    0,    0,    0,    0,    0,    0,    0,    0,  -14,    0,    0,    0,    0,    0,    0,    0,    0,    0,    0,    0,    0,    0,    0,    0,    0,    0,    0,    0,    0,    0,    0,    0,    0,    0,    0,    0,    0,
       0,    0,    0,    0,    0,  -31,  -21,   21,    0,  -37,    0,    0,    0,    0,    0,    0,    0,    0,    0,    0,    0,    0,    0,    0,    0,    0,    0,    0,    0,    0,    0,    0,    0,    0,    0,    0,    0,    0,    0,    0,    0,    0,    0,    0,    0,    0,    0,    0,    0,    0,    0,    0,    0,    0,    0,    0,
       0,    0,    0,    0,  -63,    0,    0,    0,    0,    0,    0,    0,    0,    0,    0,    0,    0,    0,    0,    0,    0,    0,    0,    0,    0,    0,    0,    0,    0,    0,    0,    0,    0,    0,    0,    0,    0,    0,    0,    0,    0,    0,    0,    0,    0,    0,    0,    0,    0,    0,    0,    0,    0,    0,    0,    0,
       0,    0,    0,    0,    0,    0,  -13,    0,    0,    0,    0,    0,    0,    0,    0,    0,    0,    0,    0,    0,    0,    0,    0,    0,    0,    0,    0,    0,    0,    0,    0,    0,    0,    0,    0,    0,    0,    0,    0,    0,    0,    0,    0,    0,    0,    0,    0,    0,    0,    0,    0,    0,    0,    0,    0,    0,
       0,   11,    0,    0,    0,    0,    0,    0,    0,    0,    0,    0,    0,    0,    0,    0,    0,    0,    0,    0,    0,    0,    0,    0,    0,    0,    0,    0,    0,    0,    0,    0,    0,    0,    0,    0,    0,    0,    0,    0,    0,    0,    0,    0,    0,    0,    0,    0,    0,    0,    0,    0,    0,    0,    0,    0,
       0,    0,    0,    0,    0,    0,    0,   -5,    0,    0,    0,    0,    0,    0,    0,    0,    0,    0,    0,    0,    0,    0,    0,    0,    0,    0,    0,    0,    0,    0,    0,    0,    0,    0,    0,    0,    0,    0,    0,    0,    0,    0,    0,    0,    0,    0,    0,    0,    0,    0,    0,    0,    0,    0,    0,    0,
       0,    0,    0,    0,    0,    0,    0,    0,  -13,    0,    0,  -15,    0,    0,    0,    0,    0,    0,    0,    0,    0,    0,    0,    0,    0,    0,    0,    0,    0,    0,    0,    0,    0,    0,    0,    0,    0,    0,    0,    0,    0,  -51,    0,    0,    0,    0,    0,    0,    0,    0,    0,    0,    0,    0,    0,    0,
       0,    0,    0,    0,    0,    0,    0,    0,    0,    0,    0,  -11,    0,    0,    0,    0,    0,    0,    0,    0,    0,    0,    0,    0,    0,    0,    0,    0,    0,    0,    0,    0,    0,    0,    0,    0,    0,    0,    0,    0,    0,    0,    0,    0,    0,    0,    0,    0,    0,    0,    0,    0,    0,    0,    0,    0,
       0,    0,    0,    0,    0,  -15,  -13,    0,    0,    0,    0,    0,    0,    0,    0,    0,    0,    0,    0,    0,    0,    0,    0,    0,    0,    0,    0,    0,    0,    0,    0,    0,    0,    0,    0,    0,    0,    0,    0,    0,    0,    0,    0,    0,    0,    0,    0,    0,    0,    0,    0,    0,    0,    0,    0,    0,
      21,    0,    0,  -37,    0,   19,    0,  -31,    0,   24,  -31,    0,    0,    0,    0,    0,    0,    0,    0,    0,    0,    0,    0,    0,    0,    0,    0,    0,    0,    0,    0,    0,    0,    0,    0,    0,    0,    0,    0,    0,    0,    0,    0,    0,    0,    0,    0,    0,    0,    0,    0,    0,    0,    0,    0,    0,
     -21,    0,    0,    0,    0,  -19,    0,    0,    0,  -13,    0,  -15,    0,    0,    0,    0,    0,    0,    0,    0,    0,    0,    0,    0,    0,    0,    0,    0,    0,    0,    0,    0,    0,    0,    0,    0,    0,    0,    0,    0,    0,  -19,    0,    0,    0,    0,    0,    0,    0,    0,    0,    0,    0,    0,    0,    0,
       0,    0,    0,    0,    0,    0,    0,  -15,    0,  -13,  -15,    0,    0,    0,    0,    0,    0,    0,    0,    0,    0,    0,    0,    0,    0,    0,    0,    0,    0,    0,    0,    0,    0,    0,    0,    0,    0,    0,    0,    0,    0,    0,    0,    0,    0,    0,    0,    0,    0,    0,    0,    0,    0,    0,    0,    0,
       0,    0,    0,    0,    0,    0,    0,    0,    0,    0,    0,    0,   13,  -25,    0,    0,    0,  -44,  -19,  -45,  -31,    0,  -44,    0,    0,    0,    0,    0,    0,    0,    0,  -14,    0,    0,    0,  -18,  -16,  -27,  -29,   13,    0,    0,    0,  -44,   13,    0,    0,    0,    0,    0,    0,    0,    0,    0,    0,    0,
       0,    0,    0,    0,    0,    0,    0,    0,    0,    0,    0,    0,  -13,    0,    0,    0,    0,    0,    0,  -13,    0,  -13,  -19,    0,   -9,    0,    0,    0,    0,    0,    0,    0,    0,    0,    0,    0,    0,    0,    0,    0,    0,    0,  -28,    0,    0,    0,    0,    0,    0,    0,    0,    0,    0,    0,    0,    0,
       0,    0,    0,    0,    0,    0,    0,    0,    0,    0,    0,    0,    0,  -13,    0,    0,    0,    0,    0,    0,    0,    0,  -15,    0,    0,    0,    0,    0,    0,    0,    0,    0,    0,    0,    0,    0,    0,    0,    0,    0,    0,    0,  -28,    0,    0,    0,    0,    0,    0,    0,    0,    0,    0,    0,    0,    0,
       0,    0,    0,    0,    0,    0,    0,    0,    0,    0,    0,    0,  -25,    0,  -19,    0,    0,  -25,    0,  -19,  -13,  -13,  -31,  -13,  -19,    0,    0,    0,    0,    0,    0,    0,    0,    0,    0,    0,    0,    0,    0,    0,  -13,    0,  -47,  -25,  -31,    0,    0,    0,    0,    0,    0,    0,    0,    0,    0,    0,
       0,    0,    0,    0,    0,    0,    0,    0,    0,    0,    0,    0,    0,  -13,    0,    0,    0,    0,    0,   11,   12,    0,    0,    0,    0,    0,    0,    0,    0,    0,    0,    0,    0,    0,    0,    0,    0,    0,    0,    0,    0,    0,    0,    0,    0,    0,    0,    0,    0,    0,    0,    0,    0,    0,    0,    0,
       0,    0,    0,    0,    0,    0,    0,    0,    0,    0,    0,    0,  -25,    0,    0,  -21,    0,   15,    0,    0,    0,    0,    0,    0,  -15,    0,    0,    0,    0,    0,    0,    0,    0,    0,    0,    0,    0,    0,    0,    0,    0,    0,  -76,   15,    0,    0,    0,    0,    0,    0,    0,    0,    0,    0,    0,    0,
       0,    0,    0,    0,    0,    0,    0,    0,    0,    0,    0,    0,    0,    0,    0,    0,    0,  -13,    0,  -19,    0,    0,  -31,    0,    0,    0,    0,    0,    0,    0,    0,    0,    0,    0,    0,    0,    0,    0,    0,    0,    0,    0,    0,  -13,    0,    0,    0,    0,    0,    0,    0,    0,    0,    0,    0,    0,
       0,    0,    0,    0,    0,    0,    0,    0,    0,    0,    0,    0,    0,  -19,    0,    0,    0,    0,    0,    0,    0,    0,    0,    0,    0,    0,  -14,    0,    0,    0,    0,    0,    0,    0,    0,  -19,    0,    0,    0,    0,    0,    0,  -18,    0,    0,    0,    0,    0,    0,    0,    0,    0,    0,    0,    0,    0,
       0,    0,    0,    0,    0,    0,    0,    0,    0,    0,    0,    0,  -19,    0,    0,    0,    0,    0,    0,    0,    0,    0,    0,    0,    0,    0,    0,    0,    0,    0,    0,    0,    0,    0,    0,    0,    0,    0,    0,    0,    0,    0,    0,    0,    0,    0,    0,    0,    0,    0,    0,    0,    0,    0,    0,    0,
       0,    0,    0,    0,    0,    0,    0,    0,    0,    0,    0,    0,    0,  -31,    0,    0,    0,    0,    0,    0,    0,    0,    0,    0,    0,  -13,    0,    0,    0,    0,    0,    0,    0,    0,    0,    0,  -29,  -33,  -33,    0,    0,    0,    0,    0,    0,    0,    0,    0,    0,    0,    0,    0,    0,    0,    0,    0,
       0,    0,    0,    0,    0,    0,    0,    0,    0,    0,    0,    0,   19,  -25,    0,   19,    0,  -69,  -14,  -44,  -25,   19,  -57,    0,    0,    0,    0,    0,    0,  -13,    0,    0,    0,    0,    0,    0,    0,  -25,  -31,   19,    0,    0,    0,  -69,    0,    0,    0,    0,    0,    0,    0,    0,    0,    0,    0,    0,
       0,    0,    0,    0,    0,    0,    0,    0,    0,    0,    0,    0,  -55,    0,    0,  -45,    0,    0,    0,    0,    0,  -19,  -13,  -13,  -19,    0,    0,    0,    0,    0,    0,    0,    0,    0,  -13,    0,    0,    0,    0,    0,    0,    0,  -98,    0,    0,    0,    0,    0,    0,    0,    0,    0,    0,    0,    0,    0,
       0,    0,    0,    0,    0,    0,    0,    0,    0,    0,    0,    0,   19,    0,    0,    0,    0,    0,   -4,    0,    0,   13,  -25,    0,    0,    0,    0,    0,    0,    0,    0,    0,    0,    0,    0,    0,    0,    0,    0,   13,   13,    0,    0,    0,    0,    0,    0,    0,    0,    0,    0,    0,    0,    0,    0,    0,
       0,    0,    0,    0,    0,    0,    0,    0,    0,    0,    0,    0,   12,  -14,    0,    0,    0,    0,    0,    0,    0,    0,  -11,    0,    0,    0,    0,  -13,    0,    0,    0,    0,    0,    0,    0,    0,  -13,    0,    0,    0,    0,    0,    0,    0,    0,    0,    0,    0,    0,    0,    0,    0,    0,    0,    0,    0,
       0,    0,    0,    0,    0,    0,    0,    0,    0,    0,    0,    0,    0,    0,    0,    0,    0,    0,    0,    0,  -13,    0,   -9,    0,    0,    0,    0,    0,    0,    0,    0,    0,    0,    0,    0,    0,    0,    0,    0,    0,    0,    0,  -18,    0,    0,    0,    0,    0,    0,    0,    0,    0,    0,    0,    0,    0,
       0,    0,    0,    0,    0,    0,    0,    0,    0,    0,    0,    0,  -44,  -25,    0,  -69,    0,   15,    0,   25,   19,    0,   13,    0,  -56,  -57,   13,  -51,    0,    0,    0,    0,  -51,  -51,  -39,    0,  -53,   -7,   -7,  -13,  -40,    0,  -83,   15,  -51,    0,    0,    0,    0,    0,    0,    0,    0,    0,    0,    0,
       0,    0,    0,    0,    0,    0,    0,    0,    0,    0,    0,    0,  -19,    0,    0,    0,    0,    0,    0,    0,    0,    0,    0,    0,    0,    0,    0,    0,    0,    0,    0,    0,    0,    0,    0,    0,    0,    0,    0,    0,    0,    0,  -59,    0,  -22,    0,    0,    0,    0,    0,    0,    0,    0,    0,    0,    0,
       0,    0,    0,    0,    0,    0,    0,    0,    0,    0,    0,    0,  -45,  -19,    0,  -25,    0,   25,    0,   13,   13,    0,   13,    0,  -25,  -31,    0,  -24,    0,    0,    0,    0,  -13,  -13,  -13,    0,    0,    0,    0,    0,    0,    0,  -63,   25,  -56,    0,    0,    0,    0,    0,    0,    0,    0,    0,    0,    0,
       0,    0,    0,    0,    0,    0,    0,    0,    0,    0,    0,    0,  -31,  -13,    0,  -19,    0,   19,    0,   13,   13,    0,    0,    0,  -19,  -15,    0,  -19,    0,    0,    0,    0,    0,    0,    0,    0,    0,    0,    0,    0,    0,    0,  -59,   19,  -38,    0,    0,    0,    0,    0,    0,    0,    0,    0,    0,    0,
       0,    0,    0,    0,    0,    0,    0,    0,    0,    0,    0,    0,    0,  -19,    0,    0,    0,    0,    0,    0,    0,    0,    0,    0,  -13,  -13,    0,  -13,    0,    0,    0,    0,    0,    0,    0,    0,  -19,  -13,    0,    0,    0,    0,    0,    0,    0,    0,    0,    0,    0,    0,    0,    0,    0,    0,    0,    0,
       0,    0,    0,    0,    0,    0,    0,    0,    0,    0,    0,    0,  -44,  -31,    0,  -38,    0,   13,    0,   13,    0,    0,    0,    0,  -51,  -57,    0,  -57,    0,    0,    0,    0,  -29,  -29,  -38,    0,  -25,    0,    0,  -13,  -13,    0, -108,   13,  -51,    0,    0,    0,    0,    0,    0,    0,    0,    0,    0,    0,
       0,    0,    0,    0,    0,    0,    0,    0,    0,    0,    0,    0,    0,  -19,    0,    0,    0,    0,    0,    0,    0,    0,    0,    0,    0,    0,    0,  -19,    0,    0,    0,    0,    0,    0,    0,  -19,    0,    0,    0,    0,    0,    0,    0,    0,    0,    0,    0,    0,    0,    0,    0,    0,    0,    0,    0,    0,
       0,    0,    0,    0,    0,    0,    0,    0,    0,    0,    0,    0,    0,    0,    0,    0,    0,  -56,    0,    0,    0,    0,  -37,    0,    0,    0,    0,    0,    0,    0,    0,    0,    0,    0,    0,    0,    0,    0,    0,    0,    0,    0,    0,  -56,    0,    0,    0,    0,    0,    0,    0,    0,    0,    0,    0,    0,
       0,    0,    0,    0,    0,    0,    0,    0,    0,    0,    0,    0,    0,    0,    0,    0,    0,  -57,    0,  -31,  -15,  -13,  -57,    0,    0,    0,    0,    0,    0,    0,    0,    0,    0,    0,    0,    0,    0,    0,    0,    0,    0,    0,  -27,  -57,    0,    0,    0,    0,    0,    0,    0,    0,    0,    0,    0,    0,
       0,    0,    0,    0,    0,    0,    0,    0,    0,    0,    0,    0,    0,    0,    0,    0,    0,  -45,    0,    0,  -19,    0,  -51,    0,    0,    0,    0,    0,    0,    0,    0,    0,    0,    0,    0,    0,    0,    0,    0,    0,    0,    0,   -8,  -45,    0,    0,    0,    0,    0,    0,    0,    0,    0,    0,    0,    0,
       0,    0,    0,    0,    0,    0,    0,    0,    0,    0,    0,    0,    0,    0,    0,    0,    0,  -44,    0,  -25,  -19,  -13,  -51,    0,    0,    0,    0,    0,    0,    0,    0,    0,    0,    0,    0,    0,    0,    0,    0,    0,    0,    0,  -21,  -44,    0,    0,    0,    0,    0,    0,    0,    0,    0,    0,    0,    0,
       0,    0,    0,    0,    0,    0,    0,    0,    0,    0,    0,    0,    0,    0,    0,    0,    0,   19,    0,    0,   13,    0,    0,    0,  -21,  -14,    0,    0,    0,    0,    0,    0,    0,    0,    0,    0,    0,    0,    0,    0,    0,    0,  -55,   19,    0,    0,    0,    0,    0,    0,    0,    0,    0,    0,    0,    0,
       0,    0,    0,    0,    0,    0,    0,    0,    0,    0,    0,    0,    0,    0,    0,    0,    0,  -51,    0,    0,    0,    0,  -31,    0,    0,    0,    0,    0,    0,    0,    0,    0,    0,    0,    0,    0,    0,    0,    0,    0,    0,    0,    0,  -51,    0,    0,    0,    0,    0,    0,    0,    0,    0,    0,    0,    0,
       0,    0,    0,    0,    0,    0,    0,    0,    0,    0,    0,    0,    0,    0,    0,    0,    0,  -65,    0,  -15,  -19,    0,  -44,    0,    0,   -7,    0,   -9,    0,    0,    0,    0,    0,    0,    0,   -9,    0,    0,    0,    0,    0,    0,  -13,  -65,    0,    0,    0,    0,    0,    0,    0,    0,    0,    0,    0,    0,
       0,    0,    0,    0,    0,    0,    0,    0,    0,    0,    0,    0,    0,    0,    0,    0,    0,    0,    0,    0,    0,    0,    0,    0,    0,    0,    0,    0,    0,    0,   16,    0,    0,    0,    0,    0,    0,    0,    0,    0,    0,    0,    0,    0,    0,    0,    0,    0,    0,    0,    0,    0,    0,    0,    0,    0,
       0,    0,    0,    0,    0,    0,    0,    0,    0,    0,    0,    0,   19,  -13,    0,    0,    0,    0,    0,    0,    0,    0,    0,    0,    0,  -10,    0,    0,    0,    0,    0,    0,    0,    0,    0,   -8,    0,    0,    0,    0,    0,    0,    0,    0,    0,    0,    0,    0,    0,    0,    0,    0,    0,    0,    0,    0,
       0,    0,   23,    0,    0,    0,    0,    0,    0,    0,    0,    0,    0,    0,    0,    0,    0,    0,    0,    0,    0,   13,    0,    0,    0,    0,    0,    0,    0,  -13,    0,    0,    0,   14,    0,    0,    0,    8,    0,    0,    0,    0,    8,    0,    0,    0,    0,    0,    0,    0,    0,    0,    0,    0,    0,    0,
       0,    0,    0,    0,    0,    0,    0,    0,    0,    0,    0,    0,    0,    0,    0,    0,    0,  -31,    0,    0,    0,    0,  -19,    0,    0,    0,    0,    0,    0,    0,    0,    0,    0,    0,    0,    0,    0,    0,    0,    0,    0,    0,    0,  -31,    0,    0,    0,    0,    0,    0,    0,    0,    0,    0,    0,    0,
       0,    0,    0,    0,    0,    0,    0,    0,    0,    0,    0,    0,    0,    0,    0,  -53,    0,   -7,    0,    0,   19,    0,    0,    0,  -10,    0,   13,    0,    0,    0,    0,    0,    0,    0,    0,   11,    0,   17,   16,   14,    0,    0,  -80,   -7,    0,    0,    0,    0,    0,    0,    0,    0,    0,    0,    0,    0,
       0,    0,    0,    0,    0,    0,    0,    0,    0,    0,    0,    0,    0,    0,    0,   14,    0,  -39,    0,  -13,    0,    0,  -37,    0,    0,    0,    0,    0,    0,    0,    0,    0,    0,    0,    0,    0,    0,    0,    0,    0,    0,    0,   -5,  -39,    0,    0,    0,    0,    0,    0,    0,    0,    0,    0,    0,    0,
       0,    0,    0,    0,    0,    0,    0,    0,    0,    0,    0,    0,   16,    0,    0,    0,    0,    0,    0,    0,    0,    0,  -19,    0,    0,    0,    0,    0,    0,    0,    0,    0,    0,    0,    0,    0,    0,    0,    0,    0,    0,    0,    0,    0,   13,    0,    0,    0,    0,    0,    0,    0,    0,    0,    0,    0,
       0,    0,    0,    0,    0,    0,    0,    0,    0,    0,    0,    0,    0,    0,    0,    0,    0,  -53,    0,    0,    0,    0,  -26,    0,    0,    0,    0,    0,    0,    0,    0,    0,    0,    0,    0,    0,    0,    0,    0,    0,    0,    0,  -18,  -53,    0,    0,    0,    0,    0,    0,    0,    0,    0,    0,    0,    0,
       0,    0,    0,    0,    0,    0,    0,    0,    0,    0,    0,    0,  -27,    0,    0,    0,    0,   -7,    0,    0,    0,  -13,    0,  -13,  -13,    0,   14,    0,    0,    0,    0,    0,    0,    0,   14,    0,    0,    7,    7,    0,    0,    0,  -67,   -7,  -30,    0,    0,    0,    0,    0,    0,    0,    0,    0,    0,    0,
       0,    0,    0,    0,    0,    0,    0,    0,    0,    0,    0,    0,  -29,    0,    0,    0,    0,   -7,    0,    0,    0,    0,    0,    0,    0,    0,    9,    0,    0,    0,    0,    0,    0,    0,    0,    0,    0,    7,    7,    0,    0,    0,  -67,   -7,  -27,    0,    0,    0,    0,    0,    0,    0,    0,    0,    0,    0,
       0,    0,    0,    0,    0,    0,    0,    0,    0,    0,    0,    0,   13,    0,    0,    0,    0,    0,    0,    0,    0,    0,  -13,    0,    0,    0,    0,    0,    0,    0,    0,    0,    0,    0,    0,    0,    0,    0,    0,    0,    0,    0,    0,    0,   13,    0,    0,    0,    0,    0,    0,    0,    0,    0,    0,    0,
       0,    0,    0,    0,    0,    0,    0,    0,    0,    0,    0,    0,    0,    0,    0,    0,    0,  -20,    0,    0,    0,    0,  -13,    0,    0,    0,    0,    0,    0,    0,    0,    0,    0,    0,    0,    0,    0,    0,    0,    0,    0,    0,    0,  -20,    0,    0,    0,    0,    0,    0,    0,    0,    0,    0,    0,    0,
       0,    0,   23,    0,    0,    0,    0,    0,    0,    0,    0,    0,    0,   18,   27,    0,   20,   67,   27,   62,   62,   53,   60,   36,    0,    0,   33,    0,   27,   13,   27,   27,   20,   20,    0,   27,    0,   45,   35,   35,   27,    0,    8,   67,    0,    0,    0,    0,    0,    0,    0,    0,    0,    0,    0,   35,
       0,    0,   23,    0,    0,    0,    0,    0,    0,    0,    0,    0,    0,    0,    0,    0,    0,    0,    0,    0,    0,   13,    0,    0,    0,    0,    0,    0,    0,  -13,    0,    0,    0,    0,    0,    0,    0,    8,    0,    0,    0,    0,    8,    0,    0,    0,    0,    0,    0,    0,    0,    0,    0,    0,    0,    0,
       0,    0,    0,    0,    0,    0,    0,    0,    0,    0,    0,    0,    0,    0,    0,    0,    0,  -33,    0,    0,    0,    0,    0,    0,    0,    0,    0,    0,    0,    0,    0,    0,    0,    0,    0,    0,    0,    0,    0,    0,    0,    0,    0,    0,    0,    0,    0,    0,    0,    0,    0,    0,    0,    0,    0,    0,
       0,    0,  -45,    0,    0,    0,    0,    0,    0,    0,    0,    0,  -18,    0,    0,    0,    0,   27,    0,   18,   18,    9,    9,    0,    0,    0,    0,    0,    0,    0,    0,    0,    0,    0,    0,    0,    0,    0,    0,    0,    0,    0,  -35,   27,    0,    0,    0,    0,    0,    0,    0,    0,    0,    0,    0,    0,
       0,    0,  -45,    0,    0,    0,    0,    0,    0,    0,    0,    0,  -18,    0,    0,    0,   18,   18,    0,   18,   18,    0,    0,    0,    0,    0,    0,    0,    9,    9,    0,    9,    0,    0,    0,   17,    0,   27,   27,   18,    0,    0,  -27,   18,    0,    0,    0,    0,    0,    0,    0,    0,    0,    0,    0,    0,
       0,    0,  -45,    0,    0,    0,    0,    0,    0,    0,    0,    0,  -35,    0,    0,   -9,    0,   35,    0,   27,   27,    9,   18,    0,  -18,   -9,    0,   -9,    0,    0,    0,    0,    0,    0,    0,    0,   -9,    0,    0,    0,   -9,    0,  -45,   35,    0,    0,    0,    0,    0,    0,    0,    0,    0,    0,    0,    0,
       0,    0,  -27,    0,    0,    0,    0,    0,    0,    0,    0,    0,  -18,    0,    0,  -18,   18,   27,    0,   27,   27,    0,    0,    0,   -9,   -9,   18,   -9,    0,    0,    0,    0,    0,    0,   -9,   18,    0,   27,   27,   27,    0,    0,  -27,   27,    0,    0,    0,    0,    0,    0,    0,    0,    0,    0,    0,    0,
       0,    0,    0,    0,    0,    0,    0,    0,    0,    0,    0,    0,   13,  -31,    0,    0,    0,  -51,  -22,  -56,  -38,    0,  -51,    0,    0,    0,    0,    0,    0,    0,    0,  -14,    0,    0,    0,  -18,  -16,  -30,  -29,   13,    0,    0,    0,  -51,    0,    0,    0,    0,    0,    0,    0,    0,    0,    0,    0,    0,
       0,    0,    0,    0,    0,    0,    0,    0,    0,    0,    0,    0,    0,    0,    0,    0,    0,    0,    0,    0,    0,    0,    0,    0,    0,    0,    0,    0,    0,    0,    0,    0,    0,    0,    0,    0,    0,    0,    0,    0,    0,    0,    0,    0,    0,    0,  -16,  -52,    0,    0,    0,    0,    0,    0,    0,    0,
       0,    0,    0,    0,    0,    0,    0,    0,    0,    0,    0,    0,    0,    0,    0,    0,    0,    0,    0,    0,    0,    0,    0,    0,    0,    0,    0,    0,    0,    0,    0,    0,    0,    0,    0,    0,    0,    0,    0,    0,    0,    0,    0,    0,    0,  -45,    0,    0,    0,  -16,    0,   -3,  -49,  -23,   -7,    0,
       0,    0,    0,    0,    0,    0,    0,    0,    0,    0,    0,    0,    0,    0,    0,    0,    0,    0,    0,    0,    0,    0,    0,    0,    0,    0,    0,    0,    0,    0,    0,    0,    0,    0,    0,    0,    0,    0,    0,    0,    0,    0,    0,    0,    0,  -10,    0,    0,  -13,    0,    0,    0,    0,    0,    0,    0,
       0,    0,    0,    0,    0,    0,    0,    0,    0,    0,    0,    0,    0,    0,    0,    0,    0,    0,    0,    0,    0,    0,    0,    0,    0,    0,    0,    0,    0,    0,    0,    0,    0,    0,    0,    0,    0,    0,    0,    0,    0,    0,    0,    0,    0,  -36,    0,    0,    0,   -7,    0,    0,  -52,   -7,    0,    0,
       0,    0,    0,    0,    0,    0,    0,    0,    0,    0,    0,    0,    0,    0,    0,    0,    0,    0,    0,    0,    0,    0,    0,    0,    0,    0,    0,    0,    0,    0,    0,    0,    0,    0,    0,    0,    0,    0,    0,    0,    0,    0,    0,    0,    0,  -62,  -13,    0,    0,  -39,    0,  -16,  -78,  -39,  -20,    0,
       0,    0,    0,    0,    0,    0,    0,    0,    0,    0,    0,    0,    0,    0,    0,    0,    0,    0,    0,    0,    0,    0,    0,    0,    0,    0,    0,    0,    0,    0,    0,    0,    0,    0,    0,    0,    0,    0,    0,    0,    0,    0,    0,    0,    0,    0,  -16,    0,    0,    0,    0,    0,    0,    0,    0,    0,
       0,    0,    0,    0,    0,    0,    0,    0,    0,    0,    0,    0,    0,    0,    0,    0,    0,    0,    0,    0,    0,    0,    0,    0,    0,    0,    0,    0,    0,    0,    0,    0,    0,    0,    0,    0,    0,    0,    0,    0,    0,    0,    0,    0,    0,    0,    0,  -20,    0,    0,    0,    0,    0,    0,    0,    0,
       0,    0,    0,    0,    0,    0,    0,    0,    0,    0,    0,    0,    0,    0,    0,    0,    0,    0,    0,    0,    0,    0,    0,    0,    0,    0,    0,    0,    0,    0,    0,    0,    0,    0,    0,    0,    0,    0,    0,    0,    0,    0,    0,    0,    0,    0,    0,    0,    0,    0,   -3,    0,    0,    0,    0,    0,
       0,    0,    0,    0,    0,    0,    0,    0,    0,    0,    0,    0,    0,    0,    0,    0,    0,    0,    0,    0,    0,    0,    0,    0,    0,    0,    0,    0,    0,    0,    0,    0,    0,    0,    0,    0,    0,    0,    0,    0,    0,    0,    0,    0,    0,    0,    0,    0,    0,    0,    0,    0,  -16,    0,    0,    0,
       0,    0,    0,    0,    0,    0,    0,    0,    0,    0,    0,    0,    0,    0,    0,    0,    0,    0,    0,    0,    0,    0,    0,    0,    0,    0,    0,    0,    0,    0,    0,    0,    0,    0,    0,    0,    0,    0,    0,    0,    0,    0,    0,    0,    0,    0,    0,    0,    0,    0,    0,    0,    0,  -16,    0,    0,
       0,    0,    0,    0,    0,    0,    0,    0,    0,    0,    0,    0,    0,    0,    0,    0,    0,    0,    0,    0,    0,    0,    0,    0,    0,    0,    0,    0,    0,    0,    0,    0,    0,    0,  -19,    0,    0,    0,    0,    0,    0,    0,    0,    0,    0,    0,    0,    0,    0,    0,    0,    0,    0,    0,    0,    0,
};

static const EpdLigaturePair lexenddeca_20_regularLigaturePairs[] = {
    { 0x00660066, 0xFB00 }, // f f -> U+FB00
    { 0x00660069, 0xFB01 }, // f i -> U+FB01
    { 0x0066006C, 0xFB02 }, // f l -> U+FB02
    { 0xFB000069, 0xFB03 }, // U+FB00 i -> U+FB03
    { 0xFB00006C, 0xFB04 }, // U+FB00 l -> U+FB04
};

static constexpr EpdFontData lexenddeca_20_regular = {
    lexenddeca_20_regularBitmaps,
    lexenddeca_20_regularGlyphs,
    lexenddeca_20_regularIntervals,
    94,
    52,
    40,
    -13,
    true,
    lexenddeca_20_regularGroups,
    17,
    nullptr,
    lexenddeca_20_regularKernLeftClasses,
    lexenddeca_20_regularKernRightClasses,
    lexenddeca_20_regularKernMatrix,
    370,
    352,
    73,
    56,
    lexenddeca_20_regularLigaturePairs,
    5,
};
